nama wisata,alamat,kabupaten,provinsi,harga_rp,kategori_harga,url_harga
Losari Beach Platform,"Maloku, Jl. Penghibur, Losari, Kec. Ujung Pandang, Kota Makassar, Sulawesi Selatan 90113, Indonesia",Kota Makassar,Sulawesi Selatan,3000.0,Murah,https://atourin.com/destination/makassar/pantai-losari
Benteng Rotterdam,"No.Road, Jl. Ujung Pandang, Bulo Gading, Kec. Ujung Pandang, Kota Makassar, Sulawesi Selatan 90171, Indonesia",Kota Makassar,Sulawesi Selatan,5000.0,Murah,https://travel.tribunnews.com/2025/03/14/5-tempat-wisata-hits-di-makassar-yang-wajib-dikunjungi-ada-pulau-samalona-hingga-masjid-99-kubah
Taman Nasional Bantimurung Bulusaraung,"5RXF+G9H, Bentenge, Sulawesi Selatan, Indonesia",Kabupaten Bone,Sulawesi Selatan,5000.0,Murah,https://travelspromo.com/htm-wisata/balai-taman-nasional-bantimurung-bulusaraung-pangkajene/
"Pantai Tak Berombak, PTB Maros","Jl. Crisant No.3 /C, Pettuadae, Kec. Turikale, Kabupaten Maros, Sulawesi Selatan 90516, Indonesia",Kabupaten Maros,Sulawesi Selatan,15000.0,Sedang,https://travel.tribunnews.com/destinasi/141320/itinerary-maros-1-hari-bujet-rp-370-ribu-wisata-alam-estetik-bersama-pasangan
Tongkonan Ke'te' Kesu',"Unnamed Road, 2W36+W6Q, Pantanakan Lolo, Kec. Kesu, Kabupaten Toraja Utara, Sulawesi Selatan 91834, Indonesia",Kabupaten Toraja Utara,Sulawesi Selatan,15000.0,Sedang,https://www.detik.com/sulsel/wisata/d-6066048/pengunjung-wisata-kete-kesu-toraja-tembus-15-000-selama-libur-lebaran
Menara Keagungan Limboto,"Jl. Baso Bobihoe No.308, Kayubulan, Kec. Limboto, Kabupaten Gorontalo, Gorontalo 96214, Indonesia",Kabupaten Gorontalo,Gorontalo,5000.0,Murah,https://travel.detik.com/domestic-destination/d-2870796/ada-yang-mirip-menara-eiffel-di-gorontalo
Taman Pakui Sayang,"Jl. A. P. Pettarani, Masale, Kec. Panakkukang, Kota Makassar, Sulawesi Selatan 90231, Indonesia",Kota Makassar,Sulawesi Selatan,0.0,Gratis,-
Masjid Raya Makassar,"Gaddong, Jalan Masjid Raya, Bontoala",Kota Makassar,Sulawesi Selatan,5000.0,Murah,https://www.bluebirdgroup.com/blog/8-tempat-wisata-populer-di-makassar-lepas-penat-sebentar-saat-business-trip?lang=en
Taman Vatulemo,"Jl. Balai Kota Timur Tanamodindi Mantikulore, Lapangan Vatulomo, Lolu Utara, Kec. Palu Sel., Kota Palu, Sulawesi Tengah 94111, Indonesia",Kota Palu,Sulawesi Tengah,-,-,-
Monumen Cinta Sejati Habibie-Ainun,"XJPC+XR6 Lapangan Andi Makkasau, Jl. Karaeng Burane, Mallusetasi, Ujung, Parepare, South Sulawesi 91111, Indonesia",Kota Parepare,Sulawesi Selatan,1500.0,Murah,https://www.detik.com/sulsel/wisata/d-6594141/23-objek-wisata-di-parepare-mulai-pesona-alam-hingga-situs-sejarah
Pantai Losari,"Jl. Somba OPU No.57, Maloku, Kec. Ujung Pandang, Kota Makassar, Sulawesi Selatan 90111, Indonesia",Kota Makassar,Sulawesi Selatan,0.0,Gratis,https://salsawisata.com/pantai-losari/
Tribun Pantai Seruni,"Tribun Pantai Seruni, Jl. Seruni, Pallantikang, Kec. Bantaeng, Kabupaten Bantaeng, Sulawesi Selatan 92411, Indonesia",Kabupaten Bantaeng,Sulawesi Selatan,15000.0,Sedang,https://travel.tribunnews.com/destinasi/140650/itinerary-bantaeng-1-hari-dari-jeneponto-bujet-liburan-berdua-rp-240-ribuan
Bugis Waterpark Adventure,"Jl. Raya Baruga No.1, Antang, Kec. Manggala, Kota Makassar, Sulawesi Selatan 90562, Indonesia",Kota Makassar,Sulawesi Selatan,75000.0,Mahal,https://www.msn.com/id-id/berita/other/7-tempat-wisata-kids-friendly-di-makassar-untuk-liburan-akhir-tahun/ar-AA1SuKAG
Taman Kalong Watansoppeng,"MV2P+76Q, Botto, Kec. Lalabata, Kabupaten Soppeng, Sulawesi Selatan 90811, Indonesia",Kabupaten Soppeng,Sulawesi Selatan,3000.0,Murah,https://www.detik.com/sulsel/wisata/d-6527369/15-tempat-wisata-di-soppeng-pesona-keindahan-alam-hingga-peninggalan-sejarah
Patung Tuhan Yesus Memberkati,"WV38+WH5, Buntu Burake, Kec. Makale, Kabupaten Tana Toraja, Sulawesi Selatan 91817, Indonesia",Kabupaten Tana Toraja,Sulawesi Selatan,10000.0,Sedang,https://travelspromo.com/htm-wisata/patung-yesus-memberkati-toraja/
Pantai Losari,"Pantai Losari, Sulawesi Selatan, Indonesia",Kota Makassar,Sulawesi Selatan,0.0,Gratis,https://salsawisata.com/pantai-losari/
Tugu Zero Point,"FRRQ+7MJ, Jl. Jendral Sudirman, Pinaesaan, Kec. Wenang, Kota Manado, Sulawesi Utara, Indonesia",Kota Manado,Sulawesi Utara,2500.0,Murah,https://travel.tribunnews.com/2020/08/01/harga-tiket-masuk-pantai-madasari-pangandaran-tempat-asyik-untuk-liburan-akhir-pekan
Cinta Souvenir Bantimurung,"Kalabbirang, Kec. Bantimurung, Makassar, Sulawesi Selatan 90561, Indonesia",Kota Makassar,Sulawesi Selatan,5000.0,Murah,https://superapps.kompas.com/read/4282708/6-tempat-wisata-di-maros-sulawesi-selatan-ada-taman-nasional-yang-disebut-kerajaan-kupu-kupu
"Lolai - To' Tombi, Negeri di atas awan","Lolai, Kec. Kapala Pitu, Kabupaten Toraja Utara, Sulawesi Selatan 91854, Indonesia",Kabupaten Toraja Utara,Sulawesi Selatan,1500.0,Murah,https://travels.id/harga-penginapan-di-lolai-toraja/
Pantai Bira Pasir Putih,"9FP5+7F2, Jalan Poros Jl. Pasir Putih Bira, Bira, Kec. Bonto Bahari, Kabupaten Bulukumba, Sulawesi Selatan 92571, Indonesia",Kabupaten Bulukumba,Sulawesi Selatan,5000.0,Murah,https://www.detik.com/sulsel/berita/d-7328979/wisatawan-keluhkan-2-kali-bayar-saat-masuk-bira-bulukumba-pemkab-klarifikasi
Taman Gor,"4V3C+MW9, Jl. Chairil Anwar, Besusu Tengah, Kec. Palu Tim., Kota Palu, Sulawesi Tengah 94111, Indonesia",Kota Palu,Sulawesi Tengah,5000.0,Murah,https://www.oyorooms.com/travel-guide/id/tempat-wisata-palu/
Lolai Tongkonan Lempe,"Benteng Mamulu, Kec. Kapala Pitu, Kabupaten Toraja Utara, Sulawesi Selatan 91854, Indonesia",Kabupaten Toraja Utara,Sulawesi Selatan,15000.0,Sedang,https://www.inews.id/multimedia/photo/wisata-negeri-di-atas-tongkonan-lempe-lolai-toraja
Monumen Yesus Memberkati,"CRQX+625, Jl. Monumen Yesus Memberkati, Winangun Satu, Kec. Malalayang, Kota Manado, Sulawesi Utara, Indonesia",Kota Manado,Sulawesi Utara,15000.0,Sedang,https://indonesia.tripcanvas.co/id/sulawesi/tempat-wisata-alam-sulawesi-utara/
Wisata Kebun Gowa,"Jl. Malino, Bontomanai, Kabupaten Gowa",Kabupaten Gowa,Sulawesi Selatan,15000.0,Sedang,https://smartcity.gowakab.go.id/wisata_buatan/wisata-kebun-gowa/2
Taman Nasional Bunaken,"Pelabuhan Marina plazaa, Manado City, North Sulawesi, Indonesia",Kota Manado,Sulawesi Utara,5000.0,Murah,https://travelspromo.com/htm-wisata/taman-nasional-bunaken-wori-sulawesi-utara/
Taman Kota Kendari,"2GG7+H6G, Mandonga, Kec. Mandonga, Kota Kendari, Sulawesi Tenggara 93111, Indonesia",Kota Kendari,Sulawesi Tenggara,0.0,Gratis,https://travel.kompas.com/read/2021/10/06/093519627/itinerary-3-hari-2-malam-di-kendari-menyusuri-mangrove-bungkutoko
Malino highlands,"Pattapang, Kec. Tinggimoncong, Kabupaten Gowa, Sulawesi Selatan 92171, Indonesia",Kabupaten Gowa,Sulawesi Selatan,50000.0,Mahal,https://nativeindonesia.com/malino-highlands/
Pantai Akkarena,"Pantai Akkarena, Jalan Tanjung Bunga, Tj. Merdeka, Kec. Tamalate, Kota Makassar, Sulawesi Selatan 90224, Indonesia",Kota Makassar,Sulawesi Selatan,1500.0,Murah,https://travelspromo.com/htm-wisata/pantai-akkarena-makassar/
Taman Macan,"VC75+P5P, Jl. Sultan Hasanuddin, Bulo Gading, Kec. Ujung Pandang, Kota Makassar, Sulawesi Selatan 90171, Indonesia",Kota Makassar,Sulawesi Selatan,0.0,Gratis,-
Kampoeng Karst Rammang Rammang,"Salenrang, Rammang Rammang, Bontonlempangan, Kec. Bontoa, Kabupaten Maros, Sulawesi Selatan 90561, Indonesia",Kabupaten Maros,Sulawesi Selatan,15000.0,Sedang,https://www.lemon8-app.com/langkahdody/7122397037621953026?region=id
Lasinrang Park,"Jl. Dr. Wahidin Sudiro Husodo, Jaya, Kec. Watang Sawitto, Kabupaten Pinrang, Sulawesi Selatan 91213, Indonesia",Kabupaten Pinrang,Sulawesi Selatan,10000.0,Sedang,https://www.detik.com/sulsel/wisata/d-6896501/25-rekomendasi-objek-wisata-di-kabupaten-pinrang-untuk-liburan
Tebing Apparalang,"FC6X+XRG, Ara, Kec. Bonto Bahari, Kabupaten Bulukumba, Sulawesi Selatan, Indonesia",Kabupaten Bulukumba,Sulawesi Selatan,10000.0,Sedang,https://www.pantaipedia.com/pantai-apparalang/
Taman Nasional Bantimurung Bulusaraung,"Jln. Poros Maros-Bone Km.12, Kalabbirang, Bantimurung, Kalabbirang, Kec. Bantimurung, Kabupaten Maros, Sulawesi Selatan 90561, Indonesia",Kabupaten Maros,Sulawesi Selatan,5000.0,Murah,https://travelspromo.com/htm-wisata/balai-taman-nasional-bantimurung-bulusaraung-pangkajene/
Masjid Kubah 99,"Jl. H. Bau No.36, Kunjung Mae, Kec. Mariso, Kota Makassar, Sulawesi Selatan 90125, Indonesia",Kota Makassar,Sulawesi Selatan,0.0,Gratis,https://travel.kompas.com/read/2021/09/24/094005227/itinerary-3-hari-2-malam-di-makassar-wisata-edukasi-di-leang-leang
Taman Musafir,"Padoang Doangan, Kec. Pangkajene, Kabupaten Pangkajene Dan Kepulauan, Sulawesi Selatan 90614, Indonesia",Kabupaten Pangkajene Dan Kepulauan,Sulawesi Selatan,0,Gratis,https://www.detik.com/sulsel/wisata/d-6447974/11-objek-wisata-pangkep-yang-cocok-untuk-mengisi-liburan
Taman Arkeologi Leang Leang,"2MFF+2M6 Ktr. Kelurahan Leang Leang, Leang-Leang, Kec. Bantimurung, Kabupaten Maros, Sulawesi Selatan 90561, Indonesia",Kabupaten Maros,Sulawesi Selatan,15000.0,Sedang,https://planktontour.id/leang-leang-maros-taman-prasejarah-terbesar-kedua-dunia/
Tonrangeng Riverside,"XJ3G+292, Lumpue, Kec. Bacukiki Bar., Kota Parepare, Sulawesi Selatan 91123, Indonesia",Kota Parepare,Sulawesi Selatan,1500.0,Murah,https://www.detik.com/sulsel/wisata/d-6594141/23-objek-wisata-di-parepare-mulai-pesona-alam-hingga-situs-sejarah
Taman Wisata Alam Lejja,"Jl. Poros Lejja, Bulue, Kec. Marioriawa, Kabupaten Soppeng, Sulawesi Selatan 90852, Indonesia",Kabupaten Soppeng,Sulawesi Selatan,3000.0,Murah,https://www.detik.com/sulsel/wisata/d-6688125/pemandian-air-panas-lejja-soppeng-sejarah-spot-wisata-hingga-harga-tiket
Space iklan 5x10. Anjungan Pantai Manakarra,"Anjungan Pantai Manakarra, Jl. Yos Sudarso, Binanga, Kec. Mamuju, Kabupaten Mamuju, Sulawesi Barat 91511, Indonesia",Kabupaten Mamuju,Sulawesi Barat,0.0,Gratis,https://liburanplus.com/wisata/sulawesi/pantai-manakarra-mamuju/
Pantai Paal,"Pantai Paal, Kec. Likupang Tim., Kabupaten Minahasa Utara, Sulawesi Utara, Indonesia",Kabupaten Minahasa Utara,Sulawesi Utara,10000.0,Sedang,https://www.idntimes.com/travel/destination/pantai-paal-likupang-sulawesi-utara-c1c2-01-mth91-cxv3sf
Masjid Al Markaz Al Islami Maros,"XHMF+J7C, Desa Jalan Butta Toa, Pettuadae",Kabupaten Maros,Sulawesi Selatan,15000.0,Sedang,https://travel.detik.com/fototravel/d-4548272/al-markaz-al-islami-masjid-terbesar-di-timur-indonesia
Museum Balla Lompoa,"Jl. K. H. Wahid Hasyim No.39, Sungguminasa, Kec. Somba Opu, Kabupaten Gowa, Sulawesi Selatan 92111, Indonesia",Kabupaten Gowa,Sulawesi Selatan,5000.0,Murah,https://www.celebes.co/museum-balla-lompoa
Londa Ancient Graveyard,"Lembang Sangbua, XVPG+483, Kesu, Tadongkon, Kec. Kesu, Kabupaten Toraja Utara, Sulawesi Selatan 91852, Indonesia",Kabupaten Toraja Utara,Sulawesi Selatan,10000.0,Sedang,https://torajautarakab.go.id/detail/Wisata+Kuburan+Londa
Taman Nasional Wakatobi,"CWPJ+J57, Lentea, Sulawesi Tenggara, Indonesia",Kabupaten Wakatobi,Sulawesi Tenggara,0.0,Gratis,-
Pelabuhan Paotere,"Pelabuhan Paotere, Gusung, Kota Makassar, Sulawesi Selatan, Indonesia",Kota Makassar,Sulawesi Selatan,3000.0,Murah,https://money.kompas.com/read/2023/07/09/215158226/profil-dan-sejarah-pelabuhan-paotere-makassar?page=all
Pantai Tanjung Bira,"Pantai Tj. Bira, Sulawesi Selatan, Indonesia",Kabupaten Bulukumba,Sulawesi Selatan,2500.0,Murah,https://ketikmedia.com/wisata/wisata-di-sulawesi/pantai-sulawesi
Air Terjun Takapala,"PVF5+HW, Bonto Lerung, Kec. Tinggimoncong, Kabupaten Gowa, Sulawesi Selatan 92174, Indonesia",Kabupaten Gowa,Sulawesi Selatan,5000.0,Murah,https://www.it-palugate.com/kesempurnaan-kawasan-wisata-malino-air-terjun-takapala/
Benteng Otanaha,"Dembe I, Kec. Kota Bar., Kota Gorontalo, Gorontalo 96181, Indonesia",Kota Gorontalo,Gorontalo,5000.0,Murah,https://travel.kompas.com/read/2021/09/15/121700227/itinerary-3-hari-2-malam-di-gorontalo-wisata-ke-benteng-otanaha
Taman Mattirotasi,"XJHF+Q2X, Jl. Bau Massepe, Labukkang, Kec. Ujung, Kota Parepare, Sulawesi Selatan, Indonesia",Kota Parepare,Sulawesi Selatan,1500.0,Murah,https://www.detik.com/sulsel/wisata/d-6594141/23-objek-wisata-di-parepare-mulai-pesona-alam-hingga-situs-sejarah
Wisata Bahari Seafood Restaurant,"Bahu Mall Complex, Jl. Wolter Monginsidi No.1, Sulawesi Utara, Indonesia",Kota Manado,Sulawesi Utara,0,Gratis,https://tempatwisataseru.com/tempat-wisata-di-gorontalo/
Rumah Alam Manado Adventure Park,"Jl. Ring Road Jaga IX No.Km, RW.1, Maumbi, Kec. Kalawat, Kabupaten Minahasa Utara, Sulawesi Utara, Indonesia",Kabupaten Minahasa Utara,Sulawesi Utara,5000.0,Murah,https://www.celebes.co/tempat-wisata-manado
Alun Alun Kota Polewali,"Pekkabata, Kec. Polewali, Kabupaten Polewali Mandar, Sulawesi Barat 91311, Indonesia",Kabupaten Polewali Mandar,Sulawesi Barat,5000.0,Murah,https://travel.detik.com/domestic-destination/d-4394985/satu-lagi-surga-di-sulawesi-pantai-pasir-putih-palippis
Wisata Pantai Topejawa,"Topejawa, Kec. Mangarabombang, Kabupaten Takalar, Sulawesi Selatan 92261, Indonesia",Kabupaten Takalar,Sulawesi Selatan,10000.0,Sedang,https://talentim.blogspot.com/2021/08/harga-tiket-masuk-topejawa-takalar.html
Masjid Agung Baiturrahim Gorontalo,"G3Q6+24X, Jl. Raja Eyato, Limba B, Kota Sel., Kota Gorontalo, Gorontalo 96134, Indonesia",Kota Gorontalo,Gorontalo,-,-,-
Titik Nol KM Sulsel,"9FHC+4VM, tanjung, Bira, Kec. Bonto Bahari, Kabupaten Bulukumba, Sulawesi Selatan, Indonesia",Kabupaten Bulukumba,Sulawesi Selatan,5000.0,Murah,https://regional.kompas.com/read/2022/09/05/204633678/titik-nol-bulukumba-daya-tarik-latar-belakang-akses-dan-harga-tiket?page=all
Pantai Pohon Cinta,"Wisata Pohon Cinta, Pohuwato Tim., Kec. Marisa, Kabupaten Pohuwato, Gorontalo 96266, Indonesia",Kabupaten Pohuwato,Gorontalo,5000.0,Murah,https://travelspromo.com/htm-wisata/pantai-pohon-cinta-pohuwato/
Benteng Keraton Kesultanan Buton (Negeri Khalifatul Khamis),"GJG2+4W6, Jl. Labuke, Melai, Kec. Murhum, Kota Bau-Bau, Sulawesi Tenggara 93713, Indonesia",Kota Bau-Bau,Sulawesi Tenggara,15000.0,Sedang,https://travel.detik.com/fototravel/d-7560025/menyusuri-benteng-keraton-kesultanan-buton-yang-pecahkan-rekor-dunia
Taman Berkat (GODBLESS PARK) Manado,"FR8H+WJG, Jl. Piere Tendean, Sario Utara, Kec. Sario, Kota Manado, Sulawesi Utara, Indonesia",Kota Manado,Sulawesi Utara,0.0,Gratis,-
Pantai Kilo 5,"Pantai Kilo 5, Jl. Dr. Moh. Hatta, Bukit Mambual, Kec. Luwuk Selatan, Kabupaten Banggai, Sulawesi Tengah, Indonesia",Kabupaten Banggai,Sulawesi Tengah,10000.0,Sedang,https://www.celebes.co/pantai-kilo-5-luwuk
Wisata Pantai Bintang Galesong,"Jl. Karaeng Salamaka Kassi Lompo, Boddia, Kec. Galesong, Kabupaten Takalar, Sulawesi Selatan 92255, Indonesia",Kabupaten Takalar,Sulawesi Selatan,15000.0,Sedang,https://travelspromo.com/htm-wisata/pantai-galesong-takalar/
Bukit Kasih Kanonang,"5Q88+49Q, Jl. Kawangkoan-Kanonang, Kanonang Empat, Kec. Kawangkoan Bar., Kabupaten Minahasa, Sulawesi Utara, Indonesia",Kabupaten Minahasa,Sulawesi Utara,10000.0,Sedang,https://travel.tribunnews.com/destinasi/140664/itinerary-minahasa-1-hari-dari-tomohon-liburan-romantis-dengan-bujet-rp-200-ribu
Kurenai Beach Resort,"Botubarani, Kec. Kabila Bone, Kabupaten Bone Bolango, Gorontalo 96111, Indonesia",Kabupaten Bone Bolango,Gorontalo,0.0,Gratis,https://www.zonajakarta.com/lifestyle/6737592073/wisata-gorontalo-pantai-kurenai-yang-indah-tawarkan-pasir-putih-nan-mempesona-hanya-20-menit-dari-kota
Paputo Beach,"Paputo Beach, Jl. Latassakka, Lumpue, Kec. Bacukiki Bar., Kota Parepare, Sulawesi Selatan 91123, Indonesia",Kota Parepare,Sulawesi Selatan,0.0,Gratis,-
Danau Perintis,"Huluduotamo, Kec. Suwawa, Kabupaten Bone Bolango, Gorontalo 96121, Indonesia",Kabupaten Bone Bolango,Gorontalo,5000.0,Murah,https://trends.tribunnews.com/2025/04/14/cuma-11-km-dari-gorontalo-ada-wisata-alam-yang-manjakan-mata-pengunjung-htm-ramah-di-kantong
Pantai Malalayang,"Jalan Laut Sulawesi, Malalayang Dua, Kec. Malalayang, Kota Manado, Sulawesi Utara, Indonesia",Kota Manado,Sulawesi Utara,0.0,Gratis,-
Kendari Beach,"Jl. Sultan Hasanuddin No.27, Punggaloba, Kec. Kendari Bar., Kota Kendari, Sulawesi Tenggara 93123, Indonesia",Kota Kendari,Sulawesi Tenggara,0.0,Gratis,-
Makatete Hills,"Warembungan, Kec. Pineleng, Kabupaten Minahasa, Sulawesi Utara, Indonesia",Kabupaten Minahasa,Sulawesi Utara,15000.0,Sedang,https://www.msn.com/id-id/berita/other/makatete-hills-manadosulawesi-utara-daya-tariktiket-masuk-and-lokasi/ar-AA1MfbSY
Pantai Kilo Lima,"Pantai Kilo Lima, Jl. Dr. Moh. Hatta No.129, pantai Km5, Kec. Luwuk Selatan, Kabupaten Banggai, Sulawesi Tengah, Indonesia",Kabupaten Banggai,Sulawesi Tengah,10000.0,Sedang,https://www.pesisir.net/pantai-kilo-lima-luwuk
Dermaga I Rammang-Rammang,"3H8X+W37, Salenrang, Kec. Bontoa, Kabupaten Maros, Sulawesi Selatan 90554, Indonesia",Kabupaten Maros,Sulawesi Selatan,25000.0,Mahal,https://makassar.tribunnews.com/2020/06/27/panduan-menuju-wisata-rammang-rammang-pakai-kendaraan-pribadi-hingga-angkutan-umum
Taman Wisata Puncak Bila Sidrap,"Jalan Poros Pare, Bila Riase, Kec. Pitu Riase, Kabupaten Sidenreng Rappang, Sulawesi Selatan 91691, Indonesia",Kabupaten Sidenreng Rappang,Sulawesi Selatan,25000.0,Mahal,https://www.instagram.com/p/B7jCS-jAhY5/
Pantai Tanjung Karang,"Pantai Tanjung Karang, Labuan Bajo, Kec. Banawa, Kabupaten Donggala, Sulawesi Tengah 94351, Indonesia",Kabupaten Donggala,Sulawesi Tengah,10000.0,Sedang,https://www.visitsulteng.id/destinasi/kabupaten-donggala/tanjung-karang
Dermaga Dua Rammang Rammang,"Desa Salendrang, 3JF5+X28, Bontonlempangan, Kec. Bontoa, Kabupaten Maros, Sulawesi Selatan 90554, Indonesia",Kabupaten Maros,Sulawesi Selatan,25000.0,Mahal,https://makassar.tribunnews.com/2020/06/27/panduan-menuju-wisata-rammang-rammang-pakai-kendaraan-pribadi-hingga-angkutan-umum
pantai kamali,"Jl. Mayjend. Sutoyo, Wale, Kec. Wolio, Kota Bau-Bau, Sulawesi Tenggara 93717, Indonesia",Kota Bau-Bau,Sulawesi Tenggara,10000.0,Sedang,https://www.pantainesia.com/pantai-kamali
Taman Hutan Kota Palu,"4VJM+7RP, Talise, Kec. Palu Tim., Kota Palu, Sulawesi Tengah 94118, Indonesia",Kota Palu,Sulawesi Tengah,0.0,Gratis,https://www.celebes.co/taman-hutan-kota-palu
Sierra Sky View,"Jl. Poros Malino, Pattapang, Kec. Tinggimoncong, Kabupaten Gowa, Sulawesi Selatan 92111, Indonesia",Kabupaten Gowa,Sulawesi Selatan,15000.0,Sedang,https://wisata.viva.co.id/wisata/25401-sierra-sky-view-tempat-wisata-kekinian-di-kabupaten-gowa-tawarkan-keindahan-pemandangan-perbukitan-malino
Wisata Hiu Paus Botubarani Gorontalo,"Jl. Trans Sulawesi No.18, Botubarani, Kec. Kabila Bone, Kabupaten Bone Bolango, Gorontalo 96117, Indonesia",Kabupaten Bone Bolango,Gorontalo,5000.0,Murah,https://www.cnbcindonesia.com/lifestyle/20240902115126-33-568371/5-rekomendasi-wisata-di-gorontalo-hiu-paus-hingga-benteng-bersejarah
Pulau Wisata Bokori,"Pulau Wisata Bokori, Tapulaga, Soropia, Kabupaten Konawe, Sulawesi Tenggara, Indonesia",Kabupaten Konawe,Sulawesi Tenggara,0.0,Gratis,-
Pantai Ide,"F8MR+VWJ, Magani, Kec. Nuha, Kabupaten Luwu Timur, Sulawesi Selatan 92983, Indonesia",Kabupaten Luwu Timur,Sulawesi Selatan,15000.0,Sedang,https://www.tribunnews.com/travel/2014/11/13/danau-matano-di-luwu-timur-sulsel-danau-terdalam-se-asia-tenggara-ini-rute-menuju-lokasi
Pantai Biru,"Tj. Merdeka, Kec. Tamalate, Kota Makassar, Sulawesi Selatan 90224, Indonesia",Kota Makassar,Sulawesi Selatan,5000.0,Murah,https://www.senangrekreasi.com/pantai-biru-makassar/
Taman dan Pantai Bahari Polewali,"Mammi, Kec. Binuang, Kabupaten Polewali Mandar, Sulawesi Barat, Indonesia",Kabupaten Polewali Mandar,Sulawesi Barat,0.0,Gratis,-
Samalona island,"V8FV+WFM, Lae-Lae, Kec. Ujung Pandang, Kota Makassar, Sulawesi Selatan, Indonesia",Kota Makassar,Sulawesi Selatan,5000.0,Murah,https://www.oyorooms.com/travel-guide/id/tempat-liburan-di-makassar/
Kebun Raya Kendari,"XH2G+QV8, Jalan Kebun Raya Nanga-Nanga, Anduonohu, Kec. Poasia, Kota Kendari, Sulawesi Tenggara 93237, Indonesia",Kota Kendari,Sulawesi Tenggara,3000.0,Murah,https://kendariinfo.com/kebun-raya-kendari-kini-difasilitasi-starlink-karcis-masuk-bisa-dibayar-pakai-qris/
Kebun Denassa (Denassa Botanical Garden),"MC5P+22H, Tamallayang, Kec. Bontonompo, Kabupaten Gowa, Sulawesi Selatan 92153, Indonesia",Kabupaten Gowa,Sulawesi Selatan,10000.0,Sedang,https://jadesta.kemenpar.go.id/desa/kebun_denassa
Pantai Nirwana,"Pantai Nirwana, Sulawesi Tenggara, Indonesia",Kabupaten Bulukumba,Sulawesi Selatan,10000.0,Sedang,https://www.acc.co.id/info-terkini/7-wisata-bahari-di-sulawesi-tenggara-surganya-keindahan-laut
Danau Biru Kolaka Utara,"73FV+4RM, Walasiho, Kec. Wawo, Kabupaten Kolaka Utara, Sulawesi Tenggara 93552, Indonesia",Kabupaten Kolaka Utara,Sulawesi Tenggara,5000.0,Murah,https://travelspromo.com/htm-wisata/danau-biru-kolaka-utara/
Objek Wisata Rante Kalimbuang Bori',"3WJC+3RC, Bori, Kec. Sesean, Kabupaten Toraja Utara, Sulawesi Selatan 91853, Indonesia",Kabupaten Toraja Utara,Sulawesi Selatan,15000.0,Sedang,https://travel.kompas.com/read/2025/01/18/060300927/rante-kalimbuang-bori-toraja--harga-tiket-jam-buka-dan-lokasi
Pantai Tanjung Bira,"9FP4+3P7, Tanjung, Bira, Kec. Bonto Bahari, Kabupaten Bulukumba, Sulawesi Selatan 95752, Indonesia",Kabupaten Bulukumba,Sulawesi Selatan,10000.0,Sedang,https://ketikmedia.com/wisata/wisata-di-sulawesi/pantai-sulawesi
Masjid Jami Tua Palopo,"Jl. Andi Djemma No.88, Batupasi, Kec. Wara Utara, Kota Palopo, Sulawesi Selatan 91911, Indonesia",Kota Palopo,Sulawesi Selatan,0.0,Gratis,https://www.geokepo.id/en/lokasi/luwu/masjid-jami-tua-palopo
Tuur Ma'asering Kumelembuai Tomohon,"Kumelembuay, Kec. Tomohon Tim., Kota Tomohon, Sulawesi Utara 95449, Indonesia",Kota Tomohon,Sulawesi Utara,15000.0,Sedang,https://tuur-maasering-kumelembuai-tomohon.business.site/
Benteng Ulanta,"Unnamed Road, H44V+P7J, Ulanta, Kec. Suwawa, Kabupaten Bone Bolango, Gorontalo 96113, Indonesia",Kabupaten Bone Bolango,Gorontalo,0.0,Gratis,-
Gong Perdamaian,"Jl. Soekarno Hatta, Tondo, Kec. Mantikulore, Kota Palu, Sulawesi Tengah 94119, Indonesia",Kota Palu,Sulawesi Tengah,5000.0,Murah,https://www.kabarsulteng.id/2023/01/14/mengenal-tugu-perdamaian-nosarara-nosabatutu/
Taman Bambu Runcing,"Jl. Cempaka, Padoang Doangan, Kec. Pangkajene, Kabupaten Pangkajene Dan Kepulauan, Sulawesi Selatan 90614, Indonesia",Kabupaten Pangkajene Dan Kepulauan,Sulawesi Selatan,0.0,Gratis,https://www.detik.com/sulsel/wisata/d-6447974/11-objek-wisata-pangkep-yang-cocok-untuk-mengisi-liburan
Pantai Tamborasi,"Tamborasi, Kec. Wolo, Kabupaten Kolaka, Sulawesi Tenggara, Indonesia",Kabupaten Kolaka,Sulawesi Tenggara,0.0,Gratis,-
Pantai Dato Majene,"Pantai Dato Majene, Dusun Pangale, Baurung, Kec. Banggae Tim., Kabupaten Majene, Sulawesi Barat 91412, Indonesia",Kabupaten Majene,Sulawesi Barat,5000.0,Murah,https://sulbar.tribunnews.com/2025/04/06/wisata-pantai-dato-majene-ramai-pengunjung-di-sisa-libur-lebaran-tiket-masuk-rp-5-ribu
Hutan Mangrove Tongke-tongke,"V72F+74V, Tongke-Tongke, Kec. Sinjai Tim., Kabupaten Sinjai, Sulawesi Selatan, Indonesia",Kabupaten Sinjai,Sulawesi Selatan,10000.0,Sedang,https://www.detik.com/sulsel/wisata/d-6847150/nikmati-akhir-pekan-yuk-manjakan-mata-di-hutan-mangrove-tongke-tongke
GPI Waterpark,"Griya Paniki Indah, Jalan Akasia, Paniki Bawah",Kota Manado,Sulawesi Utara,20000.0,Mahal,https://travelspromo.com/htm-wisata/gpi-waterpark-manado/
Kebun Raya Jompie Kota Parepare,"2J3R+6X2, Jl. Industri Kecil, Bukit Harapan, Kec. Soreang, Kota Parepare, Sulawesi Selatan 91100, Indonesia",Kota Parepare,Sulawesi Selatan,0.0,Gratis,-
Taman Wisata Tangga 2000,"G345+Q3F, Pohe, Kec. Hulonthalangi, Kabupaten Gorontalo, Gorontalo 96133, Indonesia",Kabupaten Gorontalo,Gorontalo,5000.0,Murah,https://travel.kompas.com/read/2013/05/04/13322466/eksotisme-teluk-gorontalo-dari-tangga-2000
Wisata Kuliner Kab.Kolaka,"WJM4+VMW, Wiskul, Kec. Kolaka, Sulawesi Tenggara 93511, Indonesia",Kabupaten Kolaka,Sulawesi Tenggara,74000.0,Mahal,https://www.idntimes.com/travel/destination/wisata-terbaru-di-kolaka-sulawesi-utara-00-j73nz-0d0d13
Menara Alfa Omega,"Jln. RAYA TOMOHON DEPAN MENARA ALFA OMEGA CENTURY MART LT.1, Kamasi, Kec. Tomohon Tengah, Kota Tomohon, Sulawesi Utara 95441, Indonesia",Kota Tomohon,Sulawesi Utara,5000.0,Murah,https://travel.tribunnews.com/destinasi/140799/itinerary-tomohon-1-hari-bujet-rp-580-ribu-untuk-2-orang-dari-medan-wisata-alam-religi
Pantai Harapan Ammani,"Pantai harapan ammani, Mattiro Tasi, Kec. Mattiro Sompe, Kabupaten Pinrang, Sulawesi Selatan 91261, Indonesia",Kabupaten Pinrang,Sulawesi Selatan,10000.0,Sedang,https://sulsel.idntimes.com/travel/destination/5-pantai-dengan-pemandangan-laut-dan-pasir-indah-di-pinrang-00-g3swn-mwv71m
CitraLand WaterPark Manado,"CitraLand City of Blessings, Jl. Royal Mansion 2, Winangun Satu, Kec. Malalayang, Kota Manado, Sulawesi Utara, Indonesia",Kota Manado,Sulawesi Utara,20000.0,Mahal,https://travel.kompas.com/read/2024/10/25/204737727/citraland-waterpark-manado-harga-tiket-jam-buka-dan-lokasi
Pango-Pango Makale,"VR3H+RX5, Kelurahan Pasang, Kec. Makale Sel., Kabupaten Tana Toraja, Sulawesi Selatan 91815, Indonesia",Kabupaten Tana Toraja,Sulawesi Selatan,10000.0,Sedang,https://wisata.app/diary/338652
Dante Pine,"HQ3R+GVP, Tanete, Kec. Anggeraja, Kabupaten Enrekang, Sulawesi Selatan 91752, Indonesia",Kabupaten Enrekang,Sulawesi Selatan,10000.0,Sedang,https://www.celebes.co/dante-pine-enrekang
Bukit Keles,"3Q6X+CCF, Jl. Batu Gn., Bungin, Luwuk, Kabupaten Banggai, Sulawesi Tengah 94711, Indonesia",Kabupaten Banggai,Sulawesi Tengah,0.0,Gratis,-
CitraLand Waterpark,"2G4P+5H3, Anduonohu, Kec. Poasia, Kota Kendari, Sulawesi Tenggara 93231, Indonesia",Kota Kendari,Sulawesi Tenggara,50000.0,Mahal,https://www.celebes.co/citraland-waterpark-kendari
Bukit Doa Mahawu,"8VX2+H2G, Kakaskasen Tiga, Kec. Tomohon Utara, Kota Tomohon, Sulawesi Utara, Indonesia",Kota Tomohon,Sulawesi Utara,5000.0,Murah,https://travel.tribunnews.com/destinasi/140799/itinerary-tomohon-1-hari-bujet-rp-580-ribu-untuk-2-orang-dari-medan-wisata-alam-religi
Tugu Adipura,"Jl. Abd Silondae No.656, Ambekairi, Kec. Unaaha, Kabupaten Konawe, Sulawesi Tenggara 93415, Indonesia",Kabupaten Konawe,Sulawesi Tenggara,0.0,Gratis,https://travel.tribunnews.com/destinasi/141416/harga-tiket-paddle-board-di-pantai-anggalo-konawe-untuk-liburan-akhir-tahun
Tanjung Pallette,"G96W+V62, Jl. Tj. Raya No.1, Pallette, Kec. Tanete Riattang Tim., Kabupaten Bone, Sulawesi Selatan 90126, Indonesia",Kabupaten Bone,Sulawesi Selatan,20000.0,Mahal,https://makassar.kompas.com/read/2023/10/07/161302078/tanjung-palette-di-sulawesi-selatan-daya-tarik-aktivitas-dan-rute
Benteng Somba Opu,"Jl. Daeng Tata, Benteng Somba Opu, Kec. Barombong, Kota Makassar, Sulawesi Selatan 90224, Indonesia",Kota Makassar,Sulawesi Selatan,0.0,Gratis,https://id.wikipedia.org/wiki/Benteng_Somba_Opu
Monumen Patung Lakipadada,"VVW2+2VR, Bombongan, Kec. Makale, Kabupaten Tana Toraja, Sulawesi Selatan 91817, Indonesia",Kabupaten Tana Toraja,Sulawesi Selatan,10000.0,Sedang,https://www.detik.com/sulsel/wisata/d-7855810/8-wisata-di-tana-toraja-yang-unik-dan-bersejarah-untuk-liburan-keluarga
Pantai Kampung Nelayan,"Jl. Kaombona, Talise, Kec. Mantikulore, Kota Palu, Sulawesi Tengah 94118, Indonesia",Kota Palu,Sulawesi Tengah,15000.0,Sedang,https://regional.kompas.com/read/2026/03/28/165436678/pemprov-jabar-pastikan-tak-ada-pungli-di-pantai-sayang-heulang-hanya-salah
Monumen B.J. Habibie,"JRXV+VX6, Jl. Trans Sulawesi, Tolotio, Kec. Tibawa, Kabupaten Gorontalo, Gorontalo 96251, Indonesia",Kabupaten Gorontalo,Gorontalo,-,-,-
Monumen Mandala Pembebasan Irian Barat,"Jl. Jend. Sudirman, Sawerigading, Kec. Ujung Pandang, Kota Makassar, Sulawesi Selatan 90115, Indonesia",Kota Makassar,Sulawesi Selatan,10000.0,Sedang,https://id.wikipedia.org/wiki/Museum_Monumen_Mandala_Pembebasan_Irian_Barat
Lappa Laona,"CQP6+WHC, Harapan, Kec. Tanete Riaja, Kabupaten Barru, Sulawesi Selatan 90762, Indonesia",Kabupaten Barru,Sulawesi Selatan,5000.0,Murah,https://www.detik.com/sulsel/wisata/d-6464651/wisata-lappa-laona-di-barru-rute-harga-tiket-hingga-fasilitas
Danau Linow,"Danau Linow, Lahendong, Kec. Tomohon Sel., Kota Tomohon, Sulawesi Utara, Indonesia",Kota Tomohon,Sulawesi Utara,0.0,Gratis,-
Pantai Topejawa Takalar,"Pantai Topejawa Takalar, Topejawa, Kec. Mangarabombang, Kabupaten Takalar, Sulawesi Selatan 92261, Indonesia",Kabupaten Takalar,Sulawesi Selatan,50000.0,Mahal,https://makassar.tribunnews.com/2019/06/09/hari-terakhir-libur-segini-harga-tiket-di-pantai-topejawa-takalar
Wisata Bahari Kawasan Megamas,"Jl. Laksda John Lie, Titiwungan Utara, Kec. Sario, Kota Manado, Sulawesi Utara, Indonesia",Kota Manado,Sulawesi Utara,0.0,Gratis,-
Pantai Lumpue,"Jl. Pinggir Laut No.18, Lumpue, Kec. Bacukiki Bar., Kota Parepare, Sulawesi Selatan 91123, Indonesia",Kota Parepare,Sulawesi Selatan,1500.0,Murah,https://www.detik.com/sulsel/wisata/d-6594141/23-objek-wisata-di-parepare-mulai-pesona-alam-hingga-situs-sejarah
Taman Laut Olele,"Olele, Kec. Kabila Bone, Kabupaten Bone Bolango, Gorontalo 96553, Indonesia",Kabupaten Bone Bolango,Gorontalo,0.0,Gratis,-
WISATA TAMENDAO BEACH,"Jl. R. Atje Slamet, Leato Utara, Kec. Kota Tim., Kota Gorontalo, Gorontalo, Indonesia",Kota Gorontalo,Gorontalo,0,Gratis,https://tempatwisataseru.com/tempat-wisata-di-gorontalo/
Permandian Lereng Hijau Bulu Dua,"FRR3+474, Gattareng Toa, Kec. Mario Riwawo, Kabupaten Soppeng, Sulawesi Selatan 90862, Indonesia",Kabupaten Soppeng,Sulawesi Selatan,0.0,Gratis,-
Danau Paisu Pok Luk Panenteng,"Luk Panenteng, Kec. Bulagi Utara, Kabupaten Banggai Kepulauan, Sulawesi Tengah 94882, Indonesia",Kabupaten Banggai Kepulauan,Sulawesi Tengah,2000.0,Murah,https://jacarandatravels.com/pesona-wisata-paisu-pok-luk-danau-sebening-kaca-di-sulawesi/
Puncak Tetetana Suluan,"9VCQ+9Q3, Suluan, Kec. Tombulu, Kabupaten Minahasa, Sulawesi Utara, Indonesia",Kabupaten Minahasa,Sulawesi Utara,10000.0,Sedang,https://www.beritawisata.com/wisata/58311262537/puncak-tetetana-suluan-secuil-keindahan-alam-yang-menakjubkan-di-sulawesi
Pantai Toronipa,"Pantai Toronipa, Unnamed Road, Toronipa, Soropia, Kabupaten Konawe, Sulawesi Tenggara 93351, Indonesia",Kabupaten Konawe,Sulawesi Tenggara,5000.0,Murah,https://www.orami.co.id/magazine/wisata-bahari-di-sulawesi-tenggara
Taman Purbakala Sumpang Bita,"Balocci Baru, Kec. Balocci, Kabupaten Pangkajene Dan Kepulauan, Sulawesi Selatan 90661, Indonesia",Kabupaten Pangkajene Dan Kepulauan,Sulawesi Selatan,10000.0,Sedang,https://www.mpkujateng.com/tag/6-rekomendasi-destinasi-wisata-di-pangkep-sulawesi-selatan/
Air Terjun Saluopa,"6GXR+3M6, Leboni, Pamona Pusalemba, Kabupaten Poso, Sulawesi Tengah 94663, Indonesia",Kabupaten Poso,Sulawesi Tengah,1000.0,Murah,https://travel.kompas.com/read/2012/05/24/20415950/mengintip-air-terjun-saluopa
Taman Teratai,"2HM4+CJX, Jl. Edy Sabara, Punggaloba, Kec. Kendari Bar., Kota Kendari, Sulawesi Tenggara 93122, Indonesia",Kota Kendari,Sulawesi Tenggara,0.0,Gratis,-
RM Bahari,"Jl. Yosep Latumahina No.18, Losari, Kec. Ujung Pandang, Kota Makassar, Sulawesi Selatan 90112, Indonesia",Kota Makassar,Sulawesi Selatan,2000.0,Murah,https://bapenda.makassarkota.go.id/wp-content/uploads/2024/08/PERDA-NOMOR-1-TAHUN-2024-TENTANG-PDRD.pdf
Pantai Indah Bosowa,"R9PQ+46G, Tj. Merdeka, Kec. Tamalate, Kota Makassar, Sulawesi Selatan 90224, Indonesia",Kota Makassar,Sulawesi Selatan,10000.0,Sedang,https://www.tiktok.com/discover/harga-tiket-masuk-pantai-bosowa-makassar
Pantai Botutonuo,"C4XG+MVQ Pantai Wisata Botutonuo, Botutonuo, Kec. Kabila Bone, Kabupaten Bone Bolango, Gorontalo, Indonesia",Kabupaten Bone Bolango,Gorontalo,5000.0,Murah,https://travel.kompas.com/read/2023/06/17/115431427/gorontalo-punya-bus-wisata-tarifnya-mulai-rp-5000
Wisata Malino,"PRRV+XHR, Jl. Malino, Malino, Kec. Tinggimoncong, Kabupaten Gowa, Sulawesi Selatan 92174, Indonesia",Kabupaten Gowa,Sulawesi Selatan,15000.0,Sedang,https://www.detik.com/sulsel/wisata/d-7098052/6-tempat-wisata-menarik-untuk-liburan-akhir-tahun-di-makassar
Permandian Alam Ompo,"MV9J+FWW, Ompo, Kec. Lalabata, Kabupaten Soppeng, Sulawesi Selatan 90814, Indonesia",Kabupaten Soppeng,Sulawesi Selatan,3000.0,Murah,https://seringjalan.com/5-tempat-wisata-di-soppeng-sulawesi-selatan/
Tokong Ban Hin Kiong,"FRVV+HWW, Jl. D. I. Panjaitan, Calaca, Kec. Wenang, Kota Manado, Sulawesi Utara, Indonesia",Kota Manado,Sulawesi Utara,0.0,Gratis,https://www.celebes.co/klenteng-ban-hin-kiong
Danau Tambing,"M8F5+CH4, Jl. Poros Palu- Kulawi, Kota Pulu, Kabupaten Sigi, Sulawesi Tengah 94362, Indonesia",Kabupaten Sigi,Sulawesi Tengah,10000.0,Sedang,https://www.msn.com/id-id/travel/taman/wisata-alam-danau-tambing-sigi-surga-tersembunyi-untuk-pecinta-alam/ar-AA1QZbKq
Taman Wisata Puncak Rurukan Tomohon,"8VRH+WXX, Rurukan Satu, Kec. Tomohon Tim., Kota Tomohon, Sulawesi Utara, Indonesia",Kota Tomohon,Sulawesi Utara,40000.0,Mahal,https://travel.kompas.com/read/2025/02/18/050300527/5-tempat-wisata-di-tomohon-yang-kekinian
Apparallang,"FC7X+2W3, Dusun Kadien, Ara, Kec. Bonto Bahari, Kabupaten Bulukumba, Sulawesi Selatan, Indonesia",Kabupaten Bulukumba,Sulawesi Selatan,5000.0,Murah,https://www.detik.com/sulsel/wisata/d-6312883/11-tempat-wisata-di-bulukumba-suguhan-alam-eksotis-hingga-kawasan-adat
Pantai Mandra Kolaka,"WHQR+JF9, Lamokato, Kec. Kolaka, Sulawesi Tenggara, Indonesia",Kabupaten Kolaka,Sulawesi Tenggara,5000.0,Murah,https://travelspromo.com/htm-wisata/pantai-mandra-kolaka/
Permandian Eremerasa Ermes bantaeng,"G294+846, Desa, Kampala, Kec. Eremerasa, Kabupaten Bantaeng, Sulawesi Selatan 92415, Indonesia",Kabupaten Bantaeng,Sulawesi Selatan,3000.0,Murah,https://travel.detik.com/cerita-perjalanan/d-5393317/segarnya-mandi-di-kolam-alami-ermes
Air Terjun Moramo,"QPHW+M27, Sumber Sari, Kec. Moramo, Kabupaten Konawe Selatan, Sulawesi Tenggara 93891, Indonesia",Kabupaten Konawe Selatan,Sulawesi Tenggara,10000.0,Sedang,https://www.traveloka.com/id-id/explore/destination/bendungan-pelosika-trp/555580
Pantai Marina Bantaeng,"Pantai Marina Bantaeng, Baruga, Kec. Pajukukang, Kabupaten Bantaeng, Sulawesi Selatan 92561, Indonesia",Kabupaten Bantaeng,Sulawesi Selatan,5000.0,Murah,https://travelspromo.com/htm-wisata/pantai-marina-bantaeng/
Taman Kota Tomohon,"8RGR+7MW, Paslaten Satu, Kec. Tomohon Tim., Kota Tomohon, Sulawesi Utara, Indonesia",Kota Tomohon,Sulawesi Utara,20000.0,Mahal,https://www.msn.com/id-id/berita/other/10-spot-wisata-hemat-di-tomohon-yang-bakal-bikin-liburanmu-berkesan/ar-AA1MsW7f
Masjid Tua Al-Hilal Katangka,"Jl. Syech Yusuf No.57, Katangka, Kec. Somba Opu, Kabupaten Gowa, Sulawesi Selatan 92114, Indonesia",Kabupaten Gowa,Sulawesi Selatan,0.0,Gratis,-
Benteng Balangnipa,"Jl. Sungai Tangka, Balangnipa, Kec. Sinjai Utara, Kabupaten Sinjai, Sulawesi Selatan 92614, Indonesia",Kabupaten Sinjai,Sulawesi Selatan,10000.0,Sedang,https://www.celebes.co/benteng-balangnipa-sinjai
Bukit Samata,"QFXW+MV5 Uin samata, Samata, Makassar, Kabupaten Gowa, Sulawesi Selatan 92113, Indonesia",Kabupaten Gowa,Sulawesi Selatan,20000.0,Mahal,https://www.detik.com/sulsel/wisata/d-7652057/ada-wisata-baru-di-gowa-yuk-intip-lokasi-dan-wahana-menariknya
Rumah Hijau Denassa,"Jl. Borongtala No.58 A, Tamallayang, Kec. Bontonompo, Kabupaten Gowa, Sulawesi Selatan 92153, Indonesia",Kabupaten Gowa,Sulawesi Selatan,25000,Mahal,https://jadesta.kemenpar.go.id/desa/rumah_hijau_denassa
Pantai Pulisan Sulawesi Utara,"Pantai Pulisan Sulawesi Utara, Pulisan, Kec. Likupang Tim., Kabupaten Minahasa Utara, Sulawesi Utara, Indonesia",Kabupaten Minahasa Utara,Sulawesi Utara,5000.0,Murah,https://www.rctiplus.com/news/detail/travel/3222586/10-rekomendasi-tempat-liburan-di-sulawesi-utara-nomor-8-udara-pegunungannya-segar-banget
Planet Waterboom,"Limba U Dua, Kota Sel., Kota Gorontalo, Gorontalo 96138, Indonesia",Kota Gorontalo,Gorontalo,38500.0,Mahal,https://renangloka.com/pool/planet-waterboom/
Pantai Labombo,"X6X8+C5F, Salekoe, Kec. Wara Tim., Kota Palopo, Sulawesi Selatan 91921, Indonesia",Kota Palopo,Sulawesi Selatan,15000.0,Sedang,https://travel.kompas.com/read/2021/03/15/144159927/5-tempat-wisata-di-palopo-sulawesi-selatan-air-terjun-sampai-pantai?page=all
Anjungan Cempae,"Watang Soreang, Kec. Soreang, Kota Parepare, Sulawesi Selatan 91132, Indonesia",Kota Parepare,Sulawesi Selatan,1500.0,Murah,https://www.detik.com/sulsel/wisata/d-6594141/23-objek-wisata-di-parepare-mulai-pesona-alam-hingga-situs-sejarah
Air Terjun Salodik,"Jl. Trans Sulawesi, Salodik, Luwuk, Kabupaten Banggai, Sulawesi Tengah 94716, Indonesia",Kabupaten Banggai,Sulawesi Tengah,15000.0,Sedang,https://travel.detik.com/domestic-destination/d-3730249/air-terjun-salodik-yang-fotogenik
Pantai Jiko / Patokan,"JH98+967, Nuangan, Kec. Nuangan, Kabupaten Bolaang Mongondow Timur, Sulawesi Utara, Indonesia",Kabupaten Bolaang Mongondow Timur,Sulawesi Utara,2000.0,Murah,https://www.pantainesia.com/pantai-patokan
Permandian Malotong,"Jl. Sam Ratulangi No.45, Malotong, Kec. Ampana Kota, Kabupaten Tojo Una-Una, Sulawesi Tengah 94683, Indonesia",Kabupaten Tojo Una-Una,Sulawesi Tengah,0.0,Gratis,https://sulsel.idntimes.com/travel/destination/permandian-malotong-di-ampana-sulteng-apa-saja-yang-menarik-01-n53qs-hx948x
Pinrang Waterboom,"Jl. Basuki Rahmat, Macorawalie, Kec. Watang Sawitto, Kabupaten Pinrang, Sulawesi Selatan 91212, Indonesia",Kabupaten Pinrang,Sulawesi Selatan,10000.0,Sedang,https://www.celebes.co/sulili-waterboom-pinrang
Pantai Laguna,"GH4V+XJ2, Pao-Pao, Kec. Tanete Rilau, Kabupaten Barru, Sulawesi Selatan 90761, Indonesia",Kabupaten Barru,Sulawesi Selatan,0.0,Gratis,-
Hutan Kota Bulukumba,"C5RX+V8X, Terang-Terang",Kabupaten Bulukumba,Sulawesi Selatan,10000.0,Sedang,https://www.celebes.co/tempat-wisata-bulukumba
Goa Air Kontamale,"Jl. Poros Wandoka Lingk. Teekosapi, MGJM+QW2, Pongo, Kec. Wangi-Wangi, Kabupaten Wakatobi, Sulawesi Tenggara 93791, Indonesia",Kabupaten Wakatobi,Sulawesi Tenggara,0.0,Gratis,https://www.jawapos.com/travelling/2301190004/5-tempat-wisata-alam-wakatobi-ideal-untuk-kegiatan-diving
Pantai Bonebula,"Unnamed Road, Towale, Banawa Tengah, Donggala Regency, Central Sulawesi 94351, Indonesia",Kabupaten Donggala,Sulawesi Tengah,1000.0,Murah,https://regional.kompas.com/read/2021/04/13/070312078/tiket-masuk-pantai-anyer-rp-100000-dibilang-kemahalan-pengelola-lihat-dulu
Pantai Bambahano,"Malonas, 6R9X+9X8, Damsol, Kabupaten Donggala, Sulawesi Tengah 94356, Indonesia",Kabupaten Donggala,Sulawesi Tengah,29000.0,Mahal,https://travel.tribunnews.com/2021/10/20/travel-update-jelajah-pantai-bambahano-tempat-wisata-di-sulawesi-tengah-untuk-liburan-akhir-pekan
Wisata Kali Biru,"FRPR+4M4, Jl. Pangeran Limboro, Banabungi, Kec. Ps. Wajo, Kabupaten Buton, Sulawesi Tenggara 93754, Indonesia",Kabupaten Buton,Sulawesi Tenggara,10000.0,Sedang,https://www.saburomedia.com/2020/07/15/kali-biru-jadi-ikon-wisata-di-buton/
Wisata Mangrove Lantebung,"Jl. Lantebung, Bira, Kec. Tamalanrea, Kota Makassar, Sulawesi Selatan 90243, Indonesia",Kota Makassar,Sulawesi Selatan,0.0,Gratis,-
Anjungan Pantai Losari,"Losari Kec. Ujung Pandang, VC44+GX6, Panambungan, Kec. Mariso, Kota Makassar, Sulawesi Selatan 90113, Indonesia",Kota Makassar,Sulawesi Selatan,0.0,Gratis,-
Kai'santi Garden,"Jl. Woloan Kayawu, Woloan Dua, Kec. Tomohon Bar., Kota Tomohon, Sulawesi Utara, Indonesia",Kota Tomohon,Sulawesi Utara,25000.0,Mahal,https://travel.kompas.com/read/2025/02/18/050300527/5-tempat-wisata-di-tomohon-yang-kekinian
Benteng Moraya,"7WR5+795, Tuutu, Kec. Tondano Bar., Kabupaten Minahasa, Sulawesi Utara, Indonesia",Kabupaten Minahasa,Sulawesi Utara,5000.0,Murah,https://travel.kompas.com/read/2024/03/11/222900527/4-tempat-wisata-di-sekitar-danau-tondano-sulawesi-utara
Museum Ne' Gandeng,"3WCX+59J Malakiri, Tagari, Kec. Balusu, Kabupaten Toraja Utara, Sulawesi Selatan 91853, Indonesia",Kabupaten Toraja Utara,Sulawesi Selatan,10000.0,Sedang,https://jejakpiknik.com/museum-ne-gandeng/
Bendung Benteng,"8M6G+RPF, Sungai Sadang, Benteng, Kec. Patampanua, Kabupaten Pinrang, Sulawesi Selatan 91252, Indonesia",Kabupaten Pinrang,Sulawesi Selatan,5000.0,Murah,https://travel.tribunnews.com/destinasi/140737/itinerary-pinrang-1-hari-dari-parepare-liburan-berdua-cuma-rp-200-ribu
Monumen Korban 40.000 Jiwa,"Jalan Korban 40000 Jiwa, Wala-Walaya, La'latang, Kec. Tallo, Kota Makassar, Sulawesi Selatan 90214, Indonesia",Kota Makassar,Sulawesi Selatan,10000.0,Sedang,https://www.detik.com/sulsel/wisata/d-7083288/monumen-korban-40-000-jiwa-di-polman-sulbar-makam-korban-westerling
Maros Highland,"Dusun Salu, Pattontongan, Kabupaten Maros",Kabupaten Maros,Sulawesi Selatan,15000.0,Sedang,https://www.tiktok.com/discover/harga-masuk-maros-highland
Air Terjun Pialaa,"3Q2C+22W, Hanga-Hanga, Luwuk, Kabupaten Banggai, Sulawesi Tengah 94713, Indonesia",Kabupaten Banggai,Sulawesi Tengah,1000.0,Murah,https://indonesiajuara.asia/blog/air-terjun-piala-banggai/
Narwastu Hills Resort,"Jl. Wawo, Matani III, Kec. Tomohon Tengah, Kota Tomohon, Sulawesi Utara 95441, Indonesia",Kota Tomohon,Sulawesi Utara,0.0,Gratis,-
"Pantai Bara, Bulukumba","Bira, Kec. Bonto Bahari, Kabupaten Bulukumba, Sulawesi Selatan, Indonesia",Kabupaten Bulukumba,Sulawesi Selatan,15000.0,Sedang,https://liburanplus.com/wisata/sulawesi/pantai-bara-bulukumba/
Pusat Laut Donggala,"Pusat Laut Donggala, Towale, Kec. Banawa Tengah, Kabupaten Donggala, Sulawesi Tengah 94351, Indonesia",Kabupaten Donggala,Sulawesi Tengah,2500.0,Murah,https://indonesianship.com/index.php/detail-berita/mengunjungi-pesona-pusentasi-sumur-pusat-laut-di-donggala
Pulau Sangihe,"Pulau Sangihe, Kabupaten Kepulauan Sangihe, Sulawesi Utara, Indonesia",Kabupaten Kepulauan Sangihe,Sulawesi Utara,15000.0,Sedang,https://travel.detik.com/domestic-destination/d-2996225/sangihe-pulau-paling-ujung-indonesia-di-sulawesi-utara
Wisata Hutan Pinus Dan Pemandian Air Panas,"7RMF+J7C, Jalan Lahendong, Lahendong, Kec. Tomohon Sel., Kota Tomohon, Sulawesi Utara, Indonesia",Kota Tomohon,Sulawesi Utara,20000.0,Mahal,https://www.senangrekreasi.com/tempat-wisata-di-tomohon/2/
Pongtorra - Puncak Tertinggi Lolai,"3R7V+868, Sikuku, Kec. Kapala Pitu, Kabupaten Toraja Utara, Sulawesi Selatan 91854, Indonesia",Kabupaten Toraja Utara,Sulawesi Selatan,15000.0,Sedang,https://www.detik.com/sulsel/wisata/d-6552181/negeri-di-atas-awan-toraja-panorama-alam-dari-ketinggian-1-300-mdpl
Taman JH Ampana,"4HMG+9JH, Uentanaga Bawah, Kec. Ampana Kota, Kabupaten Tojo Una-Una, Sulawesi Tengah 94683, Indonesia",Kabupaten Tojo Una-Una,Sulawesi Tengah,-,-,-
Rumah Adat Sao Mario,"jl.poros, VV7C+R6C, pangkajenne-soppeng, Laringgi, Kec. Marioriawa, Kabupaten Soppeng, Sulawesi Selatan 90852, Indonesia",Kabupaten Soppeng,Sulawesi Selatan,5000.0,Murah,https://id.scribd.com/document/348013216/Rumah-Adat-Sao-Mario-Soppeng
Hutan Taman kota,"4VHH+R9Q, Jl. Jabal Nur, Talise, Kec. Mantikulore, Kota Palu, Sulawesi Tengah 94118, Indonesia",Kota Palu,Sulawesi Tengah,0.0,Gratis,https://regional.kompas.com/read/2024/12/29/104629778/taman-hutan-kota-langsa-wisata-murah-dan-menyenangkan
Air Terjun Bantimurung Gallang,"Pao, Kec. Tombolo Pao, Kabupaten Gowa, Sulawesi Selatan, Indonesia",Kabupaten Gowa,Sulawesi Selatan,2500.0,Murah,https://smartcity.gowakab.go.id/wisata_alam/air-terjun-bantimurung-gallang/11
Lapangan Pancasila palopo,"Kantor DPRD, Baso Rahim, Jl. Andi Tadda No.2, Tompotika, Kec. Wara, Kota Palopo, Sulawesi Selatan 91921, Indonesia",Kota Palopo,Sulawesi Selatan,25000,Mahal,https://www.yusriahismail.com/2023/04/wisata-palopo.html
Taman Usman Isa,"Jl. Jenderal Ahmad Yani, Pangkajene, Kec. Maritengngae, Kabupaten Sidenreng Rappang, Sulawesi Selatan 91611, Indonesia",Kabupaten Sidenreng Rappang,Sulawesi Selatan,20000.0,Mahal,https://seringjalan.com/taman-bunga-pujon/
Wisata Alam Salu Pajaan,"HCM3+HH9, Batetangnga, Kec. Binuang, Kabupaten Polewali Mandar, Sulawesi Barat 91312, Indonesia",Kabupaten Polewali Mandar,Sulawesi Barat,5000.0,Murah,https://travel.kompas.com/read/2018/06/21/101000727/libur-lebaran-wisata-salupajaan-jadi-pilihan-wisata-favorit-warga-polman
Museum Kota Makassar,"Jl. Balaikota No.11, Baru, Kec. Ujung Pandang, Kota Makassar, Sulawesi Selatan 90171, Indonesia",Kota Makassar,Sulawesi Selatan,1000.0,Murah,https://makassar.kompas.com/read/2022/11/02/220404478/museum-kota-makassar-daya-tarik-jam-buka-dan-rute
Patung Cakalang Bitung,"C5WG+3CF, Bitung Bar. Satu, Kec. Maesa, Kota Bitung, Sulawesi Utara, Indonesia",Kota Bitung,Sulawesi Utara,1500.0,Murah,https://menukuliner.net/tempat/15528/patung-cakalang-bitung
Wisata Anjungan Teluk Kendari,"Jl. Ir. H. Alala, Tipulu, Kec. Kendari Bar., Kota Kendari, Sulawesi Tenggara, Indonesia",Kota Kendari,Sulawesi Tenggara,10000.0,Sedang,https://www.mimbarmerdeka.com/wisata/108013326973/Menelisik-Keindahan-Wisata-Anjungan-Teluk-Kota-Kendari-Nan-Indah
Kebun Binatang Tandurusa,"F646+2Q9, Aertembaga Dua, Aertembaga, Kota Bitung, Sulawesi Utara, Indonesia",Kota Bitung,Sulawesi Utara,5000.0,Murah,https://atourin.com/destination/bitung/taman-margasatwa-tandurusa
Masjid Arqam Baburahman,"4V83+9HC, Jl. Cumi-Cumi, Lere, Kec. Palu Bar., Kota Palu, Sulawesi Tengah 94111, Indonesia",Kota Palu,Sulawesi Tengah,10000.0,Sedang,https://travellingindonesia.com/pilihan-destinasi-wisata-di-palu-punya-unsur-sejarah-dan-sisa-tragedi-tsunami
Menralo Beach & Resort,"Dusun Menralo, Wiringtasi, Kabupaten Pinrang",Kabupaten Pinrang,Sulawesi Selatan,5000.0,Murah,https://www.detik.com/sulsel/wisata/d-6896501/25-rekomendasi-objek-wisata-di-kabupaten-pinrang-untuk-liburan
Permandian Taman Wisata Rita,"Bonto Kanang, Kec. Galesong Sel., Kabupaten Takalar, Sulawesi Selatan, Indonesia",Kabupaten Takalar,Sulawesi Selatan,0.0,Gratis,https://www.detik.com/sulsel/wisata/d-6503703/14-tempat-wisata-di-takalar-yang-populer-dan-menarik-dikunjungi
Sou Raja Cagar Budaya Banua Oge,"4V64+C98, Jl. Pangeran Hidayat, Lere, Kec. Palu Bar., Kota Palu, Sulawesi Tengah 94221, Indonesia",Kota Palu,Sulawesi Tengah,5000.0,Murah,https://www.celebes.co/sou-raja-banua-oge
Taman Nasional Kepulauan Togean,"HV7X+VXP, Wakai, Sulawesi Tengah, Indonesia",Kabupaten Tojo Una-Una,Sulawesi Tengah,5000.0,Murah,https://regional.kompas.com/read/2022/06/14/214328278/4-taman-laut-di-pulau-sulawesi-wilayah-terumbu-karang-hingga-cagar-biosfer?page=all
Pantai Tanjung Layar Putih,"Unnamed Road, Tanjung Merdeka, Tamalate, Makassar City, South Sulawesi 90225, Indonesia",Kota Makassar,Sulawesi Selatan,10000,Sedang,https://hargacampur.com/harga-tiket-masuk-pantai-tanjung-bira/
Desa Wisata Budo,"Unnamed Road, Budo, Wori, Kabupaten Minahasa Utara, Sulawesi Utara, Indonesia",Kabupaten Minahasa Utara,Sulawesi Utara,10000.0,Sedang,https://www.celebes.co/hutan-mangrove-desa-budo-minahasa
Gunung Latimojong,"Gunung Latimojong, To'lajuk, Kec. Latimojong, Kabupaten Luwu, Sulawesi Selatan, Indonesia",Kabupaten Luwu,Sulawesi Selatan,15000.0,Sedang,https://travel.detik.com/domestic-destination/d-3037566/gunung-latimojong-tempat-aviastar-jatuh-dikenal-di-mata-pendaki
Donggala Tanjung Karang Beach,"9P3Q+JMV, Labuan Bajo, Kec. Banawa, Kabupaten Donggala, Sulawesi Tengah 94351, Indonesia",Kabupaten Donggala,Sulawesi Tengah,1000.0,Murah,https://travel.detik.com/cerita-perjalanan/d-5406040/menyusuri-donggala-kota-tua-di-ujung-teluk-palu
Kuburan Batu Lemo,"XV4G+XWW, Lemo, Kec. Makale Utara, Kabupaten Tana Toraja, Sulawesi Selatan 92119, Indonesia",Kabupaten Tana Toraja,Sulawesi Selatan,15000.0,Sedang,https://travel.detik.com/cerita-perjalanan/d-5403517/tao-tao-patung-patung-penghias-makam-batu-lemo-toraja
Kebun Raya Massenrempulu,"Jl. Poros Sidrap Endrekang Tator KM.22, Karrang, Kec. Cendana, Kabupaten Enrekang, Sulawesi Selatan 91711, Indonesia",Kabupaten Enrekang,Sulawesi Selatan,3000.0,Murah,https://makassar.tribunnews.com/2016/12/12/yuk-ke-kebun-raya-massenrempulu-enrekang-tujuh-taman-tujuh-kolam
Pantai Marumasa,"CFF5+VQ2, Darubiah, Kec. Bonto Bahari, Kabupaten Bulukumba, Sulawesi Selatan 92571, Indonesia",Kabupaten Bulukumba,Sulawesi Selatan,3000.0,Murah,https://www.traveloka.com/id-id/explore/destination/pl-tempat-wisata-di-bulukumba/181704
Patung Bogani,"P8Q9+X3X, Jalan Ratahan, Kotamobagu, Kec. Kotamobagu Bar., Kota Kotamobagu, Sulawesi Utara 95716, Indonesia",Kota Kotamobagu,Sulawesi Utara,1500.0,Murah,https://travel.kompas.com/read/2024/11/01/080200927/tn-bogani-nani-wartabone--tarif-masuk-hingga-biaya-berkemah-
Pantai Bolihutuo,"Bolihutuo, Kec. Botumoito, GORONTALO, Gorontalo 96264, Indonesia",Kota Gorontalo,Gorontalo,5000.0,Murah,https://travel.kompas.com/read/2020/10/08/073900527/25-wisata-gorontalo-wisata-sejarah-hingga-bertemu-hiu-paus-?page=all
Taman Cekkeng Bulukumba,"C6W3+JF2 Taman Cekkeng, Ela-Ela, Kec. Ujung Bulu, Kabupaten Bulukumba, Sulawesi Selatan, Indonesia",Kabupaten Bulukumba,Sulawesi Selatan,0.0,Gratis,-
Tanjung Bira,"Tanjung Bira, Bira, Kec. Bonto Bahari, Kabupaten Bulukumba, Sulawesi Selatan, Indonesia",Kabupaten Bulukumba,Sulawesi Selatan,2500.0,Murah,https://blog.agendakota.id/2024/12/13/eksplorasi-keindahan-alam-sulawesi-selatan-di-liburan-akhir-tahun-temukan-surga-tersembunyi/
Pantai Ujung Batu,"HJR2+MPF, Jl. Ladullah, Sumpang Binangae, Kec. Barru, Kabupaten Barru, Sulawesi Selatan 90712, Indonesia",Kabupaten Barru,Sulawesi Selatan,3000.0,Murah,https://www.gotravelly.com/blog/20-tempat-wisata-di-barru/
Taman Cinta Palleko,"1, Jl. Hj Manila Dg Pati Palleko, Malewang, Kec. Polombangkeng Utara, Kabupaten Takalar, Sulawesi Selatan 92221, Indonesia",Kabupaten Takalar,Sulawesi Selatan,0.0,Gratis,-
Parangloe Waterfall,"QMC7+F7P, Belapunranga, Kec. Parangloe, Kabupaten Gowa, Sulawesi Selatan 92173, Indonesia",Kabupaten Gowa,Sulawesi Selatan,3000.0,Murah,https://www.detik.com/sulsel/wisata/d-6581847/air-terjun-parangloe-gowa-wisata-eksotis-di-tengah-hutan-belantara
Celebes Canyon,"FPX8+MG7, Libureng, Kec. Tanete Riaja, Kabupaten Barru, Sulawesi Selatan 90762, Indonesia",Kabupaten Barru,Sulawesi Selatan,5000.0,Murah,https://www.traveloka.com/id-id/explore/destination/destinasi-wisata-di-makassar-acc/33229
Monumen Bambu Runcing Rappang,"5R48+CF6, Rappang, Kec. Panca Rijang, Kabupaten Sidenreng Rappang, Sulawesi Selatan 91651, Indonesia",Kabupaten Sidenreng Rappang,Sulawesi Selatan,0,Gratis,https://www.celebes.co/monumen-bambu-runcing-rappang
Pantai Nambo,"Pantai Nambo, Nambo, Abeli, Kendari City, South East Sulawesi 93238, Indonesia",Kota Kendari,Sulawesi Tenggara,4000.0,Murah,https://www.pantainesia.com/pantai-nambo
Pantai Batuangus,"G66W+738, Kasawari, Aertembaga, Kota Bitung, Sulawesi Utara, Indonesia",Kota Bitung,Sulawesi Utara,70000.0,Mahal,https://www.triptrus.com/destination/432/cagar-alam-gunung-tangkoko-batuangus
Taman Purbakala Batu Pake Gojeng,"Jl. Veteran, Biringere, Kec. Sinjai Utara, Kabupaten Sinjai, Sulawesi Selatan 92611, Indonesia",Kabupaten Sinjai,Sulawesi Selatan,2500.0,Murah,https://www.goodnewsfromindonesia.id/2021/02/20/berkunjung-ke-taman-prasejarah-batu-pake-gojeng-wisata-sambil-belajar
Pantai Lumintang Bentenan Ratahan,"XVXR+MJM, Bentenan Satu, Pusomaen, Kabupaten Minahasa Tenggara, Sulawesi Utara 95997, Indonesia",Kabupaten Minahasa Tenggara,Sulawesi Utara,5000.0,Murah,https://travel.tribunnews.com/2025/06/02/7-tempat-wisata-terbaik-di-minahasa-tenggara-sulawesi-utara-eksotis-alami-dan-jarang-tersentuh
Taman Budaya Hasan Bahasyuan Masigi,"55Q9+F32, Jl. Telkom, Masigi, Kec. Parigi, Kabupaten Parigi Moutong, Sulawesi Tengah 94471, Indonesia",Kabupaten Parigi Moutong,Sulawesi Tengah,-,-,-
Pantai Molino Tapuondau,"Jl. Lamattulia, Sorowako, Kec. Nuha, Kabupaten Luwu Timur, Sulawesi Selatan 92983, Indonesia",Kabupaten Luwu Timur,Sulawesi Selatan,5000.0,Murah,https://travel.tribunnews.com/destinasi/140539/pantai-togeo-bone-sulawesi-selatan-tiket-masuk-lokasi-panduan-rute
Taipa Beach,"6V96+354, Jl. Taipa Beach, Taipa, Kec. Palu Utara, Kota Palu, Sulawesi Tengah 94141, Indonesia",Kota Palu,Sulawesi Tengah,30000.0,Mahal,https://beautyofindonesia.com/id/wisata/wisata-alam/pantai-taipa
Museum Negeri Provinsi Sulawesi Tengah - Palu,"Jl. Kemiri No.23, Kamonji, Kec. Palu Bar., Kota Palu, Sulawesi Tengah 94111, Indonesia",Kota Palu,Sulawesi Tengah,3000.0,Murah,https://id.wikipedia.org/wiki/Museum_Sulawesi_Tengah
Pantai Lemo,"9P7G+WHG, Mabonta, Kec. Burau, Kabupaten Luwu Timur, Sulawesi Selatan 92975, Indonesia",Kabupaten Luwu Timur,Sulawesi Selatan,5000.0,Murah,https://www.wonderverseindonesia.com/en/article/technology/10-wisata-sulawesi-selatan-yang-sangat-memukau
Pantai Cemara,"Pantai Cemara, Jl. Raya, Sombu, Wangi-Wangi Sel., Kabupaten Wakatobi, Sulawesi Tenggara 93791, Indonesia",Kabupaten Wakatobi,Sulawesi Tenggara,10000.0,Sedang,https://www.pesisir.net/pantai-cemara-wakatobi
Dulanga Beach,"F2WH+3G4, Bongo, Kec. Batudaa Pantai, Kabupaten Gorontalo, Gorontalo 96132, Indonesia",Kabupaten Gorontalo,Gorontalo,5000.0,Murah,https://travel.kompas.com/read/2021/09/15/121700227/itinerary-3-hari-2-malam-di-gorontalo-wisata-ke-benteng-otanaha?page=all
Wisata Pantai Lowita,"Wisata Pantai Lowita, Tasiwalie, Kec. Suppa, Kabupaten Pinrang, Sulawesi Selatan 91272, Indonesia",Kabupaten Pinrang,Sulawesi Selatan,5000.0,Murah,https://liburanplus.com/wisata/sulawesi/pantai-lowita-pinrang/
Air Terjun Pung Bunga Bonto Manurung,"Desa Bontomanurung, Kecamatan Tompobulu, RRX2+X8F, Bonto Somba, Kec. Tompobulu, Kabupaten Maros, Sulawesi Selatan 90561, Indonesia",Kabupaten Maros,Sulawesi Selatan,10000,Sedang,https://www.celebes.co/air-terjun-pung-bunga-bontosomba
Pantai Mutiara,"J839+GWQ, Gumamano, Kec. Mawasangka, Kabupaten Buton, Sulawesi Tenggara 93762, Indonesia",Kabupaten Buton,Sulawesi Tenggara,10000.0,Sedang,https://www.celebes.co/pantai-mutiara-buton
Whale Shark Gorontalo,"Botubarani, Kec. Kabila Bone, Kabupaten Bone Bolango, Gorontalo 96117, Indonesia",Kabupaten Bone Bolango,Gorontalo,5000.0,Murah,https://gorontalo.tribunnews.com/bone-bolango/83412/tarif-terbaru-wisata-hiu-paus-gorontalo-update-april-2026-harga-masuk-hingga-snorkling-dan-drone
Cekkeng Nursery,"C6V2+WGQ, Terang-Terang",Kabupaten Bulukumba,Sulawesi Selatan,5000.0,Murah,https://www.traveloka.com/id-id/activities
Wisata Batu Sori,"MJ7X+HCJ, Jl. Kolagana, Palabusa, Kec. Bungi, Kota Bau-Bau, Sulawesi Tenggara 93758, Indonesia",Kota Bau-Bau,Sulawesi Tenggara,0.0,Gratis,https://www.celebes.co/batu-sori-baubau
Taman Batu Rammang-Rammang,"3H9X+WXW, Salenrang, Kec. Bontoa, Kabupaten Maros, Sulawesi Selatan 90554, Indonesia",Kabupaten Maros,Sulawesi Selatan,2500.0,Murah,https://blog.agendakota.id/2024/12/13/eksplorasi-keindahan-alam-sulawesi-selatan-di-liburan-akhir-tahun-temukan-surga-tersembunyi/
Wisata Alam Wai Tiddo,"Bukit Harapan, Kec. Bua, Kabupaten Luwu, Sulawesi Selatan 91991, Indonesia",Kabupaten Luwu,Sulawesi Selatan,3000.0,Murah,https://makassar.tribunnews.com/travel/1823280/4-rekomendasi-tempat-wisata-favorit-cocok-habiskan-masa-libur-bersama-keluarga
Pantai Lakban Ratatotok,"Pantai Lakban Ratatotok, East Ratatotok, Ratatotok, North Sulawesi 95997, Indonesia",Kabupaten Minahasa,Sulawesi Utara,5000.0,Murah,https://travel.tribunnews.com/2025/02/05/healing-ke-pantai-lakban-di-minahasa-tenggara-sulawesi-utara-tiket-masuk-cuma-rp-5-ribu
Alun Alun Tilamuta,"G8HW+M9R, Limbato, Kec. Tilamuta, Kabupaten Boalemo, Gorontalo 96263, Indonesia",Kabupaten Boalemo,Gorontalo,30000.0,Mahal,https://mediasulutgo.com/asyik-alun-alun-tilamuta-so-tarang-dan-ada-wifi-gratis/
Lembah Hijau Rumbia Resort,"HV6G+RGP, Tompobulu, Kabupaten Jeneponto",Kabupaten Jeneponto,Sulawesi Selatan,10000.0,Sedang,https://www.celebes.co/lembah-hijau-rumbia-jeneponto
Tanggul Bantaran Sungai Malili,"937W+MR6, tanggul, Kec. Malili, Kabupaten Luwu Timur, Sulawesi Selatan 91981, Indonesia",Kabupaten Luwu Timur,Sulawesi Selatan,-,-,-
Taman Pantai mahaas,"2Q6V+6RJ, Jl. Dr. Moh. Hatta, Kec. Luwuk Selatan, Kabupaten Banggai, Sulawesi Tengah, Indonesia",Kabupaten Banggai,Sulawesi Tengah,29000,Mahal,https://travel.tribunnews.com/destinasi/141157/daya-tarik-harga-tiket-masuk-air-terjun-veranomata-di-morowali-sulawesi-tengah
Air Terjun Kali,"Unnamed Road, 9RJP+3CM, Tinoor Satu, Kec. Tomohon Utara, Kota Tomohon, Sulawesi Utara, Indonesia",Kota Tomohon,Sulawesi Utara,5000.0,Murah,https://visittomohon.com/2024/01/24/air-terjun-tekaan-telu/
Tugu Adibahasa,"XF7W+RP3, Baruga, Kec. Baruga, Kota Kendari, Sulawesi Tenggara 93116, Indonesia",Kota Kendari,Sulawesi Tenggara,0.0,Gratis,https://www.acc.co.id/info-terkini/7-wisata-bahari-di-sulawesi-tenggara-surganya-keindahan-laut
Malalayang Beach Walk,"FQ6Q+5XX, Jl. Wolter Monginsidi No.83, Malalayang Dua, Kec. Malalayang, Kota Manado, Sulawesi Utara 95162, Indonesia",Kota Manado,Sulawesi Utara,0.0,Gratis,-
Tonasa Park,"4J5P+34F, Tonasa, Kec. Balocci, Kabupaten Pangkajene Dan Kepulauan, Sulawesi Selatan 90661, Indonesia",Kabupaten Pangkajene Dan Kepulauan,Sulawesi Selatan,15000.0,Sedang,https://jadesta.kemenparekraf.go.id/atraksi/tonasa_park
Taman Segitiga Binturu Palopo (I Love Palopo),"X6Q4+33X, Binturu, Kec. Wara Sel., Kota Palopo, Sulawesi Selatan 91923, Indonesia",Kota Palopo,Sulawesi Selatan,0.0,Gratis,-
BENDUNGAN KUWIL KAWANGKOAN,"Jl. Kuwil - Kalawat, Kawangkoan, Kabupaten Minahasa Utara",Kabupaten Minahasa,Sulawesi Utara,5000.0,Murah,https://www.antaranews.com/berita/3370872/pupr-tingkatkan-potensi-wisata-bendungan-kuwil-kawangkoan
Pantai Barugaya Punaga,"CC8J+QP6, Punaga, Kec. Mangarabombang, Kabupaten Takalar, Sulawesi Selatan 92261, Indonesia",Kabupaten Takalar,Sulawesi Selatan,0.0,Gratis,-
Pantai Mangatasik,"Mangatasik, Tanahwangko, Ranowangko, Kec. Tombariri, Kabupaten Minahasa Selatan, Sulawesi Utara, Indonesia",Kabupaten Minahasa Selatan,Sulawesi Utara,5000,Murah,https://travel.tribunnews.com/2025/02/05/healing-ke-pantai-lakban-di-minahasa-tenggara-sulawesi-utara-tiket-masuk-cuma-rp-5-ribu
Parkiran Sederhana (POS 1 menuju Puncak Victo & Air Terjun Amarilis),"Jl. Kodya, Watu-Watu, Kec. Kendari Bar., Kota Kendari, Sulawesi Tenggara 93873, Indonesia",Kota Kendari,Sulawesi Tenggara,-,-,-
Puncak Temboan Rurukan,"Bar., 8VPM+HQW, Masarang, Kec. Tondano Bar., Kabupaten Minahasa, Sulawesi Utara, Indonesia",Kabupaten Minahasa,Sulawesi Utara,5000.0,Murah,https://travels.id/puncak-temboan-di-kota-tomohon/
Monumen Kaki Dian Minahasa Utara,"CXPV+P6M, Airmadidi Atas, Kec. Airmadidi, Kabupaten Minahasa Utara, Sulawesi Utara, Indonesia",Kabupaten Minahasa Utara,Sulawesi Utara,10000.0,Sedang,https://seringjalan.com/5-tempat-wisata-di-airmadidi-minahasa-utara/
Vihara Girinaga,"Jl. G. Salahutu II No.11, Mardekaya Utara, Kec. Makassar, Kota Makassar, Sulawesi Selatan 90144, Indonesia",Kota Makassar,Sulawesi Selatan,0.0,Gratis,https://pesonakota.com/tempat-wisata-di-makassar/
Wisata Dolli Bungaeja,"Tukamasea, Kec. Bantimurung, Kabupaten Maros, Sulawesi Selatan 90561, Indonesia",Kabupaten Maros,Sulawesi Selatan,3000.0,Murah,https://www.detik.com/sulsel/wisata/d-7029814/pesona-keindahan-dolli-bungaeja-tempat-wisata-baru-di-kabupaten-maros
Pantai Ratu,"Tenilo, Kec. Tilamuta, Kabupaten Boalemo, Gorontalo, Indonesia",Kabupaten Boalemo,Gorontalo,5000.0,Murah,https://www.celebes.co/pantai-ratu-boalemo
Air Terjun Ketemu Jodoh,"PVF8+W47, Bonto Lerung, Kec. Tinggimoncong, Kabupaten Gowa, Sulawesi Selatan 92174, Indonesia",Kabupaten Gowa,Sulawesi Selatan,3000.0,Murah,https://www.liputan6.com/regional/read/2593373/ketemu-jodoh-di-air-terjun-gowa
Rainbow Garden Gowa,"Jl. Dato Ripanggentungang, Tamarunang, Kabupaten Gowa",Kabupaten Gowa,Sulawesi Selatan,10000.0,Sedang,https://smartcity.gowakab.go.id/wisata_buatan/rainbow-garden-gowa/11
Danau Tondano,"Danau Tondano, Kabupaten Minahasa, Sulawesi Utara, Indonesia",Kabupaten Minahasa,Sulawesi Utara,5000.0,Murah,https://www.tempatwisata.pro/danau/Danau-Tondano
Ekowisata Butta Gowa Resort - Wisata Alam Bili-Bili,"Jl. Malino, Bontoparang, Kec. Parangloe, Kabupaten Gowa, Sulawesi Selatan 92173, Indonesia",Kabupaten Gowa,Sulawesi Selatan,5000.0,Murah,https://www.cakapcakap.com/merasakan-kesejukan-udara-dan-alam-ekowisata-butta-gowa-resort/
Pantai Al Fath Stira Paradise,"Kampung Serang, Data, Kec. Duampanua, Kabupaten Pinrang, Sulawesi Selatan 91251, Indonesia",Kabupaten Pinrang,Sulawesi Selatan,3000.0,Murah,https://seringjalan.com/5-tempat-wisata-di-pinrang-sulawesi-selatan/
Takae Highland,"Unnamed Road, Pising, Kec. Donri Donri, Kabupaten Soppeng, Sulawesi Selatan 90853, Indonesia",Kabupaten Soppeng,Sulawesi Selatan,10000.0,Sedang,https://oneanews.com/2023/09/25/serasa-di-eropa-wisata-takae-highland-di-kabupaten-soppeng/
Taman Wisata Pelangi,"Jalan Gunung Lokon, Kakaskasen Dua, Kec. Tomohon Utara, Kota Tomohon, Sulawesi Utara, Indonesia",Kota Tomohon,Sulawesi Utara,3000.0,Murah,https://solotrans.id/lokasi-dan-harga-tiket-masuk-taman-pelangi-jurug-solo-wahana-baru-tstj/
Polman Waterboom,"Rea, Kec. Binuang, Kabupaten Polewali Mandar, Sulawesi Barat 91312, Indonesia",Kabupaten Polewali Mandar,Sulawesi Barat,20000.0,Mahal,https://renangloka.com/pool/polman-waterboom/
Tugu Khatulistiwa Sulawesi Tengah,"232V+6VV, Jl. Trans Sulawesi, Khatulistiwa, Kec. Tinombo Sel., Kabupaten Parigi Moutong, Sulawesi Tengah 94475, Indonesia",Kabupaten Parigi Moutong,Sulawesi Tengah,0.0,Gratis,https://www.geokepo.id/id/lokasi/parigi-moutong/tugu-khatulistiwa-parigi
Taman Kota Fonuasingko,"GW9P+V9V, Bente, Kec. Bungku Tengah, Kabupaten Morowali, Sulawesi Tengah 94973, Indonesia",Kabupaten Morowali,Sulawesi Tengah,29000.0,Mahal,https://travel.tribunnews.com/destinasi/141157/daya-tarik-harga-tiket-masuk-air-terjun-veranomata-di-morowali-sulawesi-tengah
Pantai Lemo-Lemo,"Pantai Lemo-Lemo, Tanah Lemo, Kec. Bonto Bahari, Kabupaten Bulukumba, Sulawesi Selatan 92571, Indonesia",Kabupaten Bulukumba,Sulawesi Selatan,0.0,Gratis,-
Puncak Mamuju(Kelapa Tujuh),"8W32+RRF, Rimuku, Kec. Mamuju, Kabupaten Mamuju, Sulawesi Barat 91511, Indonesia",Kabupaten Mamuju,Sulawesi Barat,0.0,Gratis,https://travel.kompas.com/read/2021/10/26/160721427/itinerary-3-hari-2-malam-di-mamuju-sulawesi-barat-wisata-air-terjun-tamasapi
Taman Nasional Rawa Aopa Watumohai,"Kantor Balai Taman Nasional Rawa Aopa Watumohai, Tatangge, Tinanggea, Kabupaten Konawe Selatan, Sulawesi Tenggara 93885, Indonesia",Kabupaten Konawe Selatan,Sulawesi Tenggara,5000.0,Murah,https://www.geokepo.id/id/lokasi/konawe-selatan/taman-nasional-rawa-aopa-watumohai
Jeneponto Waterpark,"Tonrokassi Tim., Kec. Tamalatea, Kabupaten Jeneponto, Sulawesi Selatan 92351, Indonesia",Kabupaten Jeneponto,Sulawesi Selatan,15000.0,Sedang,https://www.celebes.co/jeneponto-waterpark
Rumah Makan Tepi Pantai,"Jl. Boulevard II, Bitung Karangria, Kec. Tuminting, Kota Manado, Sulawesi Utara 95239, Indonesia",Kota Manado,Sulawesi Utara,15000.0,Sedang,https://travel.tribunnews.com/2025/09/10/makatete-hills-manado-sulawesi-utara-daya-tarik-tiket-masuk-lokasi
Kilapong hills,"8VC5+4JQ, Matani Satu, Kec. Tomohon Tengah, Kota Tomohon, Sulawesi Utara, Indonesia",Kota Tomohon,Sulawesi Utara,20000.0,Mahal,https://manado.tribunnews.com/tomohon/1866021/kilapong-hills-tempat-wisata-rekomendasi-yang-wajib-dikunjungi-saat-ke-tomohon
Pantai Enu,"FQ8H+73G, Enu, Kec. Sindue, Kabupaten Donggala, Sulawesi Tengah 94353, Indonesia",Kabupaten Donggala,Sulawesi Tengah,5000.0,Murah,https://newsmaker.tribunnews.com/2025/04/12/cuma-39-menit-dari-donggala-sulteng-ada-wisata-pantai-view-laut-gunung-sunset-tiket-rp-5-ribu
Taman Hutan Raya Gunung Tumpa H. V. Worang,"HR7M+49C, Tongkeina, Kec. Bunaken, Kota Manado, Sulawesi Utara, Indonesia",Kota Manado,Sulawesi Utara,10000.0,Sedang,https://bobobox.com/blog/tempat-wisata-manado/
Taman Wisata Toar Lumimuut,"Tounelet, Kabupaten Minahasa",Kabupaten Minahasa,Sulawesi Utara,3000.0,Murah,https://journaltelegraf.pikiran-rakyat.com/pariwisata/pr-36710087962/taman-wisata-toar-lumimuut-destinasi-favorit-keluarga-di-sonder-minahasa
Taman Malahasa Kota Tahuna,"Tim, JG64+3F8, Tona II, Kec. Tahuna Tim., Kabupaten Kepulauan Sangihe, Sulawesi Utara, Indonesia",Kabupaten Kepulauan Sangihe,Sulawesi Utara,1500,Murah,https://www.beritasatu.com/nusantara/2919521/taman-kota-tahuna-wisata-murah-meriah-favorit-warga-sangihe
Pantai Tete,"Gulf of Boni, Kec. Tonra, Kabupaten Bone, Sulawesi Selatan, Indonesia",Kabupaten Bone,Sulawesi Selatan,10000.0,Sedang,https://www.pantainesia.com/pantai-tete-tonra
Taman Andi Benni Belopa,"J939+J4M, Senga, Kec. Belopa, Kabupaten Luwu, Sulawesi Selatan 91994, Indonesia",Kabupaten Luwu,Sulawesi Selatan,0,Gratis,https://id.trip.com/travel-guide/attraction/luwu-regency-1456691/tourist-attractions/
Lembah Ramma,"Bonto Lerung, Kec. Tinggimoncong, Kabupaten Gowa, Sulawesi Selatan 92174, Indonesia",Kabupaten Gowa,Sulawesi Selatan,0.0,Gratis,https://www.celebes.co/tempat-wisata-gowa
Mantara Waterpark Kendari,"2F94+X9F, Abeli Dalam, Kec. Puuwatu, Kota Kendari, Sulawesi Tenggara, Indonesia",Kota Kendari,Sulawesi Tenggara,5000.0,Murah,https://www.indosultra.com/liburan-tahun-baru-2023-mantara-waterpark-puuwatu-dipadati-pengunjung/
Ketama Adventure Park,"Touliang Oki, Kec. Eris, Kabupaten Minahasa, Sulawesi Utara, Indonesia",Kabupaten Minahasa,Sulawesi Utara,15000.0,Sedang,https://www.celebes.co/ketama-adventure-park-minahasa
RTH Bombana,"63G2+VX5, Jl. Yos Sudarso Poros, Kasipute, Kec. Rumbia, Kabupaten Bombana, Sulawesi Tenggara 93771, Indonesia",Kabupaten Bombana,Sulawesi Tenggara,0.0,Gratis,-
Taman Wisata Religius Bubohu,"F2WM+R7C, Unnamed Road, Bongo, Kec. Batudaa Pantai, Kabupaten Gorontalo, Gorontalo 96132, Indonesia",Kabupaten Gorontalo,Gorontalo,0.0,Gratis,-
Air Terjun Bissappu,"FWQ6+4XJ, Bonto Salluang, Kec. Bissappu, Kabupaten Bantaeng, Sulawesi Selatan 92451, Indonesia",Kabupaten Bantaeng,Sulawesi Selatan,5000.0,Murah,https://www.idntimes.com/travel/destination/air-terjun-indonesia-yang-kekinian-murah-dan-instagramable-00-prv1d-dcv3kc
Danau Hijau Balocci,"3JVV+M8M, Balocci Baru, Kec. Balocci, Kabupaten Pangkajene Dan Kepulauan, Sulawesi Selatan 90661, Indonesia",Kabupaten Pangkajene Dan Kepulauan,Sulawesi Selatan,0.0,Gratis,https://www.detik.com/sulsel/wisata/d-6588182/danau-hijau-balocci-pangkep-wisata-alam-yang-cocok-jadi-tempat-healing
Pantai Ponnori,"9CC7+RMW Gulf of Boni, Ponnori, Temboe, Kec. Larompong Sel., Kabupaten Luwu, Sulawesi Selatan 91998, Indonesia",Kabupaten Luwu,Sulawesi Selatan,10000.0,Sedang,https://www.academia.edu/99528386/STRATEGI_PENGEMBANGAN_PARIWISATA_STUDI_KASUS_PANTAI_BUNTU_MATABING_and_amp_PONNORI_DI_KABUPATEN_LUWU
Masjid Terapung B.J. Habibie,"Cappa Galung, Kec. Bacukiki Bar., Kota Parepare, Sulawesi Selatan, Indonesia",Kota Parepare,Sulawesi Selatan,0,Gratis,https://tempatwisata.net/√-masjid-terapung-bj-habibie-ikon-religi-modern-yang-mempercantik-pesisir-sulawesi-selatan-review-info-lengkap/
Tugu Trikora,"Batulubang, Lembeh Island, Kota Bitung, Sulawesi Utara, Indonesia",Kota Bitung,Sulawesi Utara,0,Gratis,https://www.geokepo.id/id/lokasi/bitung/monumen-trikora
Pantai Imbo,"Pantai Imbo, Tegal Rejo, Kec. Poso Kota Utara, Kabupaten Poso, Sulawesi Tengah, Indonesia",Kabupaten Poso,Sulawesi Tengah,5000.0,Murah,https://www.tripadvisor.com/Attraction_Review-g1071664-d6627432-Reviews-Pantai_Imbo-Poso_Central_Sulawesi_Sulawesi.html
Kolam Renang Alam Tilanga,"XV7P+WW2, Unnamed Rd, Sarira, Kec. Makale Utara, Kabupaten Tana Toraja, Sulawesi Selatan 91852, Indonesia",Kabupaten Tana Toraja,Sulawesi Selatan,10000.0,Sedang,https://www.detik.com/sulsel/wisata/d-6688328/7-destinasi-wisata-favorit-di-toraja-wajib-dikunjungi-saat-libur-lebaran
Pantai Libuo,"F298+5PF, Libuo, Kec. Paguat, Kabupaten Pohuwato, Gorontalo, Indonesia",Kabupaten Pohuwato,Gorontalo,3000.0,Murah,https://www.direktori-wisata.com/pulau-libuo-pulau-eksotik-dengan-daya-tarik-bawah-lautnya-di-pohuwato/
Pantai Panrangluhu,"Pantai Panrangluhu, Bontobahari, Bulukumba Regency, South Sulawesi 92571, Indonesia",Kabupaten Bulukumba,Sulawesi Selatan,5000.0,Murah,https://www.indoholidaytourguide.com/pantai-panrang-luhu
Pantai Ujung Suso,"Pantai Ujung Suso, Mabonta, Kec. Burau, Kabupaten Luwu Timur, Sulawesi Selatan, Indonesia",Kabupaten Luwu Timur,Sulawesi Selatan,4000.0,Murah,https://chaneltimur.com/pantai-ujung-suso-permata-tersembunyi-yang-tak-pernah-sepi/
Mah'watu,"Lahendong, Kec. Tomohon Sel., Kota Tomohon, Sulawesi Utara, Indonesia",Kota Tomohon,Sulawesi Utara,20000.0,Mahal,https://travel.tribunnews.com/destinasi/140901/itinerary-tomohon-sulawesi-utara-1-hari-bujet-rp-400-ribu-wisata-alam-estetik
Hutan Pinus Samparona,"GM5Q+J62, Unnamed Rd, Kaisabu Baru, Kec. Sorawolio, Kota Bau-Bau, Sulawesi Tenggara 93715, Indonesia",Kota Bau-Bau,Sulawesi Tenggara,5000.0,Murah,https://travel.tribunnews.com/2018/08/04/sedang-jadi-tren-inilah-5-wisata-hutan-pinus-di-indonesia-yang-cocok-untuk-liburan-akhir-pekan
Air Panas Wawolesea,"8833+F8W, Wawolesea, Kec. Lasolo, Kabupaten Konawe Utara, Sulawesi Tenggara 93352, Indonesia",Kabupaten Konawe Utara,Sulawesi Tenggara,0.0,Gratis,-
Kompleks Makam Raja-Raja Tallo,"VCWW+R6V, Jl. Sultan Abdullah Raya, Tallo, Kec. Tallo, Kota Makassar, Sulawesi Selatan 90212, Indonesia",Kota Makassar,Sulawesi Selatan,0.0,Gratis,-
Taman Pelangi,"VFM5+R9G, Benteng Sel., Kec. Benteng, Kab. Kepulauan Selayar, Sulawesi Selatan 92812, Indonesia",Kabupaten Kepulauan Selayar,Sulawesi Selatan,0.0,Gratis,https://www.detik.com/sulsel/wisata
Pantai Wisata Pangi Masaingi,"CQ8R+82Q, Masaingi, Kec. Sindue, Kabupaten Donggala, Sulawesi Tengah 94353, Indonesia",Kabupaten Donggala,Sulawesi Tengah,5000.0,Murah,https://newsmaker.tribunnews.com/2025/04/12/cuma-39-menit-dari-donggala-sulteng-ada-wisata-pantai-view-laut-gunung-sunset-tiket-rp-5-ribu
Takalar Beach Waterboom,"FCJM+GV3, Topejawa, Kec. Mangarabombang, Kabupaten Takalar, Sulawesi Selatan 92261, Indonesia",Kabupaten Takalar,Sulawesi Selatan,30000.0,Mahal,https://www.puskesmassumur.com/tag/takalar-beach-waterboom-kombinasi/
Kawasan Adat Kajang Ammatoa,"Tanah Toa, Kec. Kajang, Kabupaten Bulukumba, Sulawesi Selatan 92574, Indonesia",Kabupaten Bulukumba,Sulawesi Selatan,5000.0,Murah,https://www.detik.com/sulsel/wisata/d-6312883/11-tempat-wisata-di-bulukumba-suguhan-alam-eksotis-hingga-kawasan-adat
Kura-kura beach,"Boneoge, Kec. Banawa, Kabupaten Donggala, Sulawesi Tengah, Indonesia",Kabupaten Donggala,Sulawesi Tengah,0.0,Gratis,https://sulsel.idntimes.com/travel/destination/tempat-liburan-favorit-di-sulteng-ini-5-wisata-pantai-di-donggala-01-th4zz-44qgdy
Permandian Alam Limbua,"GCJG+XWC, Ekatiro, Kec. Bonto Tiro, Kabupaten Bulukumba, Sulawesi Selatan, Indonesia",Kabupaten Bulukumba,Sulawesi Selatan,5000.0,Murah,https://www.celebes.co/pemandian-alam-limbua-bulukumba
Museum La Galigo,"Jl. Ujung Pandang No.2, Bulo Gading, Kec. Ujung Pandang, Kota Makassar, Sulawesi Selatan 90221, Indonesia",Kota Makassar,Sulawesi Selatan,3000.0,Murah,https://www.celebes.co/museum-la-galigo-makassar
Kawasan ekowisata eduwisata mangrove GONENGATI JAYA kabonga besar Donggala,"Jl. Trans Palu-Donggala, Kabonga Besar, Kec. Banawa, Kabupaten Donggala, Sulawesi Tengah 94351, Indonesia",Kabupaten Donggala,Sulawesi Tengah,5000.0,Murah,https://travel.kompas.com/read/2018/09/25/151800927/wisata-hutan-mangrove-jomblo-di-donggala-sulawesi-tengah
Taman Lahilote,"Jl. Drs. Achmad Nadjamuddin No.35, Limba U Dua, Kota Sel., Kota Gorontalo, Gorontalo 96138, Indonesia",Kota Gorontalo,Gorontalo,0.0,Gratis,-
Taman Jet Tempur,"V23M+M5V, Maddukelleng, Kec. Tempe, Kabupaten Wajo, Sulawesi Selatan 90918, Indonesia",Kabupaten Wajo,Sulawesi Selatan,1000.0,Murah,https://travel.detik.com/travel-news/d-7362657/bule-batal-masuk-twa-bantimurung-keberatan-tiket-mahal
Danau Limbong,"2VMJ+R9Q, Mentirotiku, Kec. Rantepao, Kabupaten Toraja Utara, Sulawesi Selatan 91833, Indonesia",Kabupaten Toraja Utara,Sulawesi Selatan,10000.0,Sedang,https://ketikmedia.com/wisata/wisata-di-sulawesi/tempat-wisata-di-toraja-populer-2025
Objek Wisata Ollon Toraja,"Ollon, QMC8+6VP, Jl. Ollon, Bau, Kec. Bonggakaradeng, Kabupaten Tana Toraja, Sulawesi Selatan 91872, Indonesia",Kabupaten Tana Toraja,Sulawesi Selatan,5000.0,Murah,https://travel.tribunnews.com/2024/09/13/harga-tiket-masuk-bukit-ollon-wisata-padang-rumput-di-bonggakaradeng-tana-toraja-sulsel
Pantai Mandala Ria,"Pantai Mandala Ria, Lembanna, Kec. Bonto Bahari, Kabupaten Bulukumba, Sulawesi Selatan, Indonesia",Kabupaten Bulukumba,Sulawesi Selatan,5000.0,Murah,https://www.traveloka.com/id-id/explore/activities/pantai-mandala-ria-bulukumba-ta/1001823
Air Terjun Wera,"XV42+55V, Balumpewa, Kec. Dolo Bar., Kabupaten Sigi, Sulawesi Tengah 94362, Indonesia",Kabupaten Sigi,Sulawesi Tengah,0.0,Gratis,-
Hutan Pinus Bulu Tanah,"Bulu Tanah, Kec. Lappariaja, Kabupaten Bone, Sulawesi Selatan 92763, Indonesia",Kabupaten Bone,Sulawesi Selatan,5000.0,Murah,https://makassar.tribunnews.com/2020/08/30/hutan-pinus-bulu-tanah-jadi-destinasi-wisata-favorit-di-bone-bawa-mobil-hanya-bayar-rp-5-ribu
Pantai Minahaki,"G93Q+V97, Kec. Toili, Kabupaten Banggai, Sulawesi Tengah, Indonesia",Kabupaten Banggai,Sulawesi Tengah,0.0,Gratis,https://www.celebes.co/tempat-wisata-banggai-kepulauan
Pantai Bulo,"CPPR+WJC, Kalasey Satu, Kec. Pineleng, Kabupaten Minahasa, Sulawesi Utara, Indonesia",Kabupaten Minahasa,Sulawesi Utara,0.0,Gratis,https://manado.tribunnews.com/2024/09/27/pantai-bulo-tateli-rekomendasi-tempat-healing-bareng-keluarga-di-minahasa-sulawesi-utara
Pantai Barane Majene,"FX3W+FJR, Baurung, Kec. Banggae Tim., Kabupaten Majene, Sulawesi Barat, Indonesia",Kabupaten Majene,Sulawesi Barat,5000.0,Murah,https://regional.kompas.com/read/2024/10/23/183545378/pantai-barane-majene-daya-tarik-aktivitas-dan-harga-tiket
Parigi Toraranga Park,"55PG+5M5, Loji, Kec. Parigi, Kabupaten Parigi Moutong, Sulawesi Tengah 94471, Indonesia",Kabupaten Parigi Moutong,Sulawesi Tengah,-,-,-
Masjid Agung Ummul Quraa,"Jalan Mesjid Raya, V25J+VGX, Sengkang, Tempe, Siengkang, Wajo, Kabupaten Wajo, Sulawesi Selatan 90914, Indonesia",Kabupaten Wajo,Sulawesi Selatan,1000.0,Murah,https://www.detik.com/sulsel/berita/d-6024711/mengenal-masjid-agung-ummul-quraa-sengkang-wajo-dirancang-arsitek-non-muslim
Masjid Agung Kolaka Utara,"GV2F+HHV, Jl. Yunus, Makkajareng, Kec. Lasusua, Kabupaten Kolaka Utara, Indonesia",Kabupaten Kolaka,Sulawesi Tenggara,-,-,-
Wisata Leang Lonrong,"4JQP+6M6, Panaikang, Kec. Minasatene, Kabupaten Pangkajene Dan Kepulauan, Sulawesi Selatan 90661, Indonesia",Kabupaten Pangkajene Dan Kepulauan,Sulawesi Selatan,0.0,Gratis,https://www.detik.com/sulsel/wisata/d-6447974/11-objek-wisata-pangkep-yang-cocok-untuk-mengisi-liburan
Ranowangko Beach Resort,"625R+Q5Q Pantai Ranowangko, Kayubesi, Kecamatan Kombi, Kabupaten Minahasa, Sulawesi Utara, Indonesia",Kabupaten Minahasa,Sulawesi Utara,0.0,Gratis,-
Kawasan Wisata Pantai Surabaya,"M474+QJ6, Jl. Likupang-Girian, Wineru, Kec. Likupang Tim., Kabupaten Minahasa Utara, Sulawesi Utara, Indonesia",Kabupaten Minahasa Utara,Sulawesi Utara,20000.0,Mahal,https://travel.kompas.com/read/2024/11/26/090500327/bukit-tetetana-suluan-minahasa--daya-tarik-jam-buka-dan-lokasi
Tapandullu Beach,"Tapandullu, Kec. Simboro Dan Kepulauan, Kabupaten Mamuju, Sulawesi Barat, Indonesia",Kabupaten Mamuju,Sulawesi Barat,0.0,Gratis,-
Puncak Dipomelo Pindan,"3R9Q+MHM, Kapala Pitu, Kec. Kapala Pitu, Kabupaten Toraja Utara, Sulawesi Selatan 91854, Indonesia",Kabupaten Toraja Utara,Sulawesi Selatan,0.0,Gratis,https://ketikmedia.com/wisata/wisata-di-sulawesi/puncak-dipomelo-pindan
Taman Syariah,"XJQG+F5G, Jl. Ganggawa, Ujung Sabbang, Kec. Ujung, Kota Parepare, Sulawesi Selatan 91114, Indonesia",Kota Parepare,Sulawesi Selatan,5000.0,Murah,https://travel.tribunnews.com/2025/08/13/harga-tiket-masuk-pantai-ujung-batu-di-barru-sulawesi-selatan-panduan-rute-dari-makassar
Saoraja La Tenri Bali,"V325+G85, Attakkae, Kec. Tempe, Kabupaten Wajo, Sulawesi Selatan 90918, Indonesia",Kabupaten Wajo,Sulawesi Selatan,10000.0,Sedang,https://www.detik.com/sulsel/wisata/d-6896112/16-tempat-wisata-di-kabupaten-wajo-yang-wajib-di-kunjungi
Mangrove Eco Resort,"FX25+RCP, Pohuwato Tim., Kec. Marisa, Kabupaten Pohuwato, Gorontalo 96265, Indonesia",Kabupaten Pohuwato,Gorontalo,16000,Sedang,https://menaranews24.com/program-m4cr-dorong-edukasi-mangrove-di-gorontalo/
Museum Balla Lompoa Bantaeng,"CXX3+XJ3, Jl. Raya Lanto, Letta, Kec. Bantaeng, Kabupaten Bantaeng, Sulawesi Selatan 92411, Indonesia",Kabupaten Bantaeng,Sulawesi Selatan,15000.0,Sedang,https://www.msn.com/id-id/travel/aktivitas-luar-ruangan/itinerary-bantaeng-1-hari-dari-jeneponto-bujet-liburan-berdua-rp-240-ribuan/ar-AA1OpJIz
Amphitheater Woloan,"8RC6+653, Woloan Satu Utara, Kec. Tomohon Bar., Kota Tomohon, Sulawesi Utara, Indonesia",Kota Tomohon,Sulawesi Utara,10000.0,Sedang,https://www.viva.co.id/gaya-hidup/travel/1467296-tempat-wisata-di-tomohon
Pantai Wisata Botutonuo,"Pantai Wisata Botutonuo, Botutonuo, Kabila Bone, Bone Bolango Regency, Gorontalo, Indonesia",Kabupaten Bone Bolango,Gorontalo,0.0,Gratis,-
Kawasan Wisata Tahura Kapopo Ngatabaru,"3XH3+M6R, Ngatabaru, Kec. Sigi Biromaru, Kabupaten Sigi, Sulawesi Tengah 94116, Indonesia",Kabupaten Sigi,Sulawesi Tengah,48000.0,Mahal,https://channelsulawesi.id/2024/10/23/rrogram-ppm-pt-cpm-bangun-bak-air-bersih-baru-di-tahura-kapopo/
Pantai Lombang Lombang,"C2HM+4C8, Sinyonyoi, Kec. Kalukku, Kabupaten Mamuju, Sulawesi Barat 91561, Indonesia",Kabupaten Mamuju,Sulawesi Barat,0.0,Gratis,-
Pantai Samboang,"Samboang Lingk. Erelebu Timur Kel, Ekatiro, Kec. Bonto Tiro, Kabupaten Bulukumba, Sulawesi Selatan 92572, Indonesia",Kabupaten Bulukumba,Sulawesi Selatan,1500.0,Murah,https://digilibadmin.unismuh.ac.id/upload/460-Full_Text.pdf
Permandian alam citta,"Citta, Kec. Citta, Kabupaten Soppeng, Sulawesi Selatan 90861, Indonesia",Kabupaten Soppeng,Sulawesi Selatan,3000.0,Murah,https://www.detik.com/sulsel/wisata/d-6527369/15-tempat-wisata-di-soppeng-pesona-keindahan-alam-hingga-peninggalan-sejarah
Istana Langkanae Luwu,"Jl. Landau No.18, Batupasi, Kec. Wara Utara, Kota Palopo, Sulawesi Selatan 91911, Indonesia",Kota Palopo,Sulawesi Selatan,0.0,Gratis,-
Danau Matano,"Danau Matano, Kec. Nuha, Kabupaten Luwu Timur, Sulawesi Selatan, Indonesia",Kabupaten Luwu Timur,Sulawesi Selatan,0.0,Gratis,-
Air Terjun Tumimperas,"7QWJ+496, Pinaras, Kec. Tomohon Sel., Kota Tomohon, Sulawesi Utara, Indonesia",Kota Tomohon,Sulawesi Utara,0.0,Gratis,-
Puncak Salena,"Buluri, Kec. Palu Bar., Kota Palu, Sulawesi Tengah 94229, Indonesia",Kota Palu,Sulawesi Tengah,0.0,Gratis,-
Air Terjun Lacolla,"2R9M+5FH, Dusun Malaka, Cenrana Baru, Kec. Cenrana, Kabupaten Maros, Sulawesi Selatan 92754, Indonesia",Kabupaten Maros,Sulawesi Selatan,5000.0,Murah,https://superapps.kompas.com/read/4282708/6-tempat-wisata-di-maros-sulawesi-selatan-ada-taman-nasional-yang-disebut-kerajaan-kupu-kupu
Pantai seruni,"Jl. Mawar, Pallantikang, Kec. Bantaeng, Kabupaten Bantaeng, Sulawesi Selatan 92411, Indonesia",Kabupaten Bantaeng,Sulawesi Selatan,5000.0,Murah,https://wisatago.com/wisata-pantai-seruni/
Adilah Garden,"3WXJ+M4H, Kawatuna, Kec. Mantikulore, Kota Palu, Sulawesi Tengah 94118, Indonesia",Kota Palu,Sulawesi Tengah,5000.0,Murah,https://www.oyorooms.com/travel-guide/id/tempat-wisata-palu/
Taman Literasi dan Adipura Kolaka Utara,"FVRJ+83R, Lasusua, Kec. Lasusua, Kabupaten Kolaka Utara, Sulawesi Tenggara, Indonesia",Kabupaten Kolaka Utara,Sulawesi Tenggara,0,Gratis,https://www.acc.co.id/info-terkini/7-wisata-bahari-di-sulawesi-tenggara-surganya-keindahan-laut
Gunung Klabat,"Gn. Klabat, Lembean, Kec. Kauditan, Kabupaten Minahasa Utara, Sulawesi Utara, Indonesia",Kabupaten Minahasa Utara,Sulawesi Utara,5000.0,Murah,https://atourin.com/destination/minahasa-utara/gunung-klabat
Pantai Mahembang,"Pantai Mahembang, Mahembang, Kec. Kakas, Kabupaten Minahasa, Sulawesi Utara 95862, Indonesia",Kabupaten Minahasa,Sulawesi Utara,10000.0,Sedang,https://www.geokepo.id/id/lokasi/minahasa/pantai-mahembang
Taman Turatea,"8P9W+X34, Empoang, Kec. Binamu, Kabupaten Jeneponto, Sulawesi Selatan 92311, Indonesia",Kabupaten Jeneponto,Sulawesi Selatan,5000.0,Murah,https://www.detik.com/sulsel/wisata/d-6896687/10-rekomendasi-tempat-wisata-di-jeneponto-untuk-liburan-seru
Raja Ampat Bollangi Gowa,"QH5R+2C4, Unnamed Road, Bontoparang, Kec. Parangloe, Kabupaten Gowa, Sulawesi Selatan 92173, Indonesia",Kabupaten Gowa,Sulawesi Selatan,10000.0,Sedang,https://sulawesi.bisnis.com/read/20201020/560/1307431/menyambangi-bukit-bollangi-sulsel-pesona-matahari-terbit-dan-daya-tarik-rumah-hobbit
Air Terjun Lembanna,"PWV7+F3Q, Pattapang, Kec. Tinggimoncong, Kabupaten Gowa, Sulawesi Selatan 92171, Indonesia",Kabupaten Gowa,Sulawesi Selatan,0.0,Gratis,-
Kebun Raya UHO,"XGPC+RCP, Jl. Syaikh Muhammad Al-Khidhir, Kambu",Kota Kendari,Sulawesi Tenggara,5000.0,Murah,https://travel.detik.com/travel-news/d-6840792/jangan-kemakan-hoaks-ini-biaya-masuk-kebun-raya-bogor
TAMAN CALLACCU,"V29H+Q4G, Teddaopu, Kec. Tempe, Kabupaten Wajo, Sulawesi Selatan 90912, Indonesia",Kabupaten Wajo,Sulawesi Selatan,1000.0,Murah,https://travel.detik.com/travel-news/d-7362657/bule-batal-masuk-twa-bantimurung-keberatan-tiket-mahal
Aer Konde Ratahan,"2RR3+G85, Wawali Pasan, Kec. Ratahan, Kabupaten Minahasa Tenggara, Sulawesi Utara, Indonesia",Kabupaten Minahasa Tenggara,Sulawesi Utara,0.0,Gratis,-
Pantai Tanjung Barat Barombong,"Unnamed Road, R93H+XX3, Barombong, Kec. Tamalate, Kota Makassar, Sulawesi Selatan 90225, Indonesia",Kota Makassar,Sulawesi Selatan,5000.0,Murah,https://www.senangrekreasi.com/pantai-biru-makassar/
Mini Showfarm Bantaeng,"HW4F+RHM, Bonto Lojong, Kec. Uluere, Kabupaten Bantaeng, Sulawesi Selatan 92451, Indonesia",Kabupaten Bantaeng,Sulawesi Selatan,3000.0,Murah,https://sulsel.idntimes.com/travel/destination/5-tempat-wisata-ini-harus-kamu-datangi-saat-liburan-ke-bantaeng-00-g3swn-qqz9l1
Wisata Tanjung Cemara Batu Buaya,"Iyok, Kec. Nuangan, Kabupaten Bolaang Mongondow Timur, Sulawesi Utara, Indonesia",Kabupaten Bolaang Mongondow Timur,Sulawesi Utara,5000.0,Murah,https://video.tribunnews.com/travel/292823/harga-tiket-masuk-destinasi-wisata-instagramable-di-yogyakarta-ada-yang-bayar-seikhlasnya
TAMAN KOTA,"P8R6+9JQ, Gogagoman, Kec. Kotamobagu Bar., Kota Kotamobagu, Sulawesi Utara 95716, Indonesia",Kota Kotamobagu,Sulawesi Utara,10000.0,Sedang,https://travel.tribunnews.com/2025/09/08/taman-wisata-pelangi-tomohon-sulut-daya-tarik-harga-tiket-masuk-lokasi-panduan-rute
Festival Sungai Mandar,"F2VC+J7R, Tinambung",Kota Makassar,Sulawesi Selatan,70000.0,Mahal,https://www.genpi.co/travel/7733/festival-sungai-mandar-ke-6-siap-digelar
Diana Waterpark,"PM77+P89, Unnamed Road, Balusu, Kec. Balusu, Kabupaten Barru, Sulawesi Selatan 90762, Indonesia",Kabupaten Barru,Sulawesi Selatan,25000.0,Mahal,https://www.pustakawanbarru.com/2018/08/diana-waterpark-destinasi-wisata-baru-di-barru.html
Batu Goro'e (Sumpang Labbu),"F33M+VJR, Liliriawang, Kec. Bengo, Kabupaten Bone, Sulawesi Selatan 92762, Indonesia",Kabupaten Bone,Sulawesi Selatan,5000.0,Murah,https://travel.tribunnews.com/destinasi/140539/pantai-togeo-bone-sulawesi-selatan-tiket-masuk-lokasi-panduan-rute
TAHURA Abdul Latief,"Batu Belerang, Kec. Sinjai Borong, Kabupaten Sinjai, Sulawesi Selatan 92653, Indonesia",Kabupaten Sinjai,Sulawesi Selatan,15000,Sedang,https://jejakpiknik.com/taman-hutan-raya/
Danau Tanralili,"MWQ6+6R2, Manimbahoi, Kec. Parigi, Kabupaten Gowa, Sulawesi Selatan 92174, Indonesia",Kabupaten Gowa,Sulawesi Selatan,5000.0,Murah,https://www.tempatwisata.pro/danau/Danau-Tanralili
Manado Skyline Tetempangan Hill,"Koha barat, Kabupaten Minahasa",Kabupaten Minahasa,Sulawesi Utara,25000.0,Mahal,https://travel.kompas.com/read/2018/02/27/095500027/manjo-ka-manado
Tunan Waterfalls,"HX9H+WHM, Wasian, Kec. Talawaan, Kabupaten Minahasa Utara, Sulawesi Utara, Indonesia",Kabupaten Minahasa Utara,Sulawesi Utara,2500.0,Murah,https://www.celebes.co/air-terjun-tunan-talawaan
Taman Kota Donggala,"8PGQ+PV7, Boya, Kec. Banawa, Kabupaten Donggala, Sulawesi Tengah 94351, Indonesia",Kabupaten Donggala,Sulawesi Tengah,1000.0,Murah,https://travel.detik.com/cerita-perjalanan/d-5406040/menyusuri-donggala-kota-tua-di-ujung-teluk-palu
Monumen Ganggawa,"Jl. Pare-Pare - Sidrap No.238, Lekessi, Kec. Maritengngae, Kabupaten Sidenreng Rappang, Sulawesi Selatan 91611, Indonesia",Kabupaten Sidenreng Rappang,Sulawesi Selatan,-,-,-
Air Terjun Tunan Talawaan,"HX9F+852, Wasian, Kec. Dimembe, Kabupaten Minahasa Utara, Sulawesi Utara, Indonesia",Kabupaten Minahasa Utara,Sulawesi Utara,10000.0,Sedang,https://bobobox-optmz-dev.oxinos.id/blog/id/air-terjun-manado/
Taman Wisata Danau Linow,"7RCF+48Q, Jl. Lahendong - Danau Linau, Lahendong, Kec. Tomohon Sel., Kota Tomohon, Sulawesi Utara, Indonesia",Kota Tomohon,Sulawesi Utara,40000.0,Mahal,https://travel.kompas.com/read/2025/01/13/190500427/danau-linow-tomohon-harga-tiket-jam-buka-dan-lokasi
Air Terjun Tama'lulua,"GR2W+MJP, Bontomanai, Kec. Rumbia, Kabupaten Jeneponto, Sulawesi Selatan 92371, Indonesia",Kabupaten Jeneponto,Sulawesi Selatan,5000.0,Murah,https://www.detik.com/sulsel/wisata/d-6896687/10-rekomendasi-tempat-wisata-di-jeneponto-untuk-liburan-seru
Monumen Trikora Salakan,"M7RW+PMH, Salakan, Tinangkung, Kabupaten Banggai Kepulauan, Sulawesi Tengah 94785, Indonesia",Kabupaten Banggai Kepulauan,Sulawesi Tengah,0.0,Gratis,https://www.geokepo.id/id/lokasi/banggai-kepulauan/monumen-trikora-salakan
Sa'pak Bayobayo Sangalla Tana Toraja,"WWG2+3XM, Sallualo, Kec. Sangalla Utara, Kabupaten Tana Toraja, Sulawesi Selatan 91817, Indonesia",Kabupaten Tana Toraja,Sulawesi Selatan,25000.0,Mahal,https://jadesta.kemenpar.go.id/desa/saluallo
Tugu Kakao,"Tugu Kakao, Sea, Kec. Latambaga, Kabupaten Kolaka, Sulawesi Tenggara, Indonesia",Kabupaten Kolaka,Sulawesi Tenggara,50000,Mahal,https://www.detik.com/sulsel/berita/d-6672203/jadwal-kapal-ferry-dan-fiber-di-pelabuhan-siwa-wajo-serta-harga-tiketnya
Pantai Batu Pinagut,"W7C9+4Q7, Kuala, Kec. Kaidipang, Kabupaten Bolaang Mongondow Utara, Sulawesi Utara, Indonesia",Kabupaten Bolaang Mongondow Utara,Sulawesi Utara,5000.0,Murah,https://travel.tribunnews.com/2025/04/03/harga-tiket-pantai-batu-pinagut-di-bolmut-sulut-tawarkan-fasilitas-waterboom-hingga-playground
Pemandian Uwelera Porame,"2RXP+7J4, Porame, Kabupaten Sigi",Kabupaten Sigi,Sulawesi Tengah,0.0,Gratis,https://travel.tribunnews.com/2021/08/24/harga-tiket-masuk-mantikole-sigi-wisata-pemandian-air-panas-untuk-relaksasi-diri
Pantai Minanga,"Pantai Minanga, Unnamed Road, Kota Jin, Kec. Atinggola, Kabupaten Gorontalo Utara, Gorontalo 96253, Indonesia",Kabupaten Gorontalo Utara,Gorontalo,10000.0,Sedang,https://www.geokepo.id/id/lokasi/gorontalo-utara/pantai-minanga
Pantai Taipa,"Pantai Taipa, Unnamed Rd, Taipa, Kec. Lembo, Kabupaten Konawe Utara, Sulawesi Tenggara 93352, Indonesia",Kabupaten Konawe Utara,Sulawesi Tenggara,5000.0,Murah,https://www.pantainesia.com/pantai-taipa
Dusun touba,"C8R3+H4C, Radda, Kec. Baebunta, Kabupaten Luwu Utara, Sulawesi Selatan 92961, Indonesia",Kabupaten Luwu Utara,Sulawesi Selatan,1000.0,Murah,https://travel.detik.com/travel-news/d-7362657/bule-batal-masuk-twa-bantimurung-keberatan-tiket-mahal
"Kolam Renang Lombongo, Bone Bolango","G5XH+6P8, Lombongo, Kecamatan Suwawa Tengah, Kabupaten Bone Bolango, Gorontalo 96583, Indonesia",Kabupaten Bone Bolango,Gorontalo,5000.0,Murah,https://gorontalo.tribunnews.com/2024/01/29/foto-objek-wisata-lombongo-gorontalo
Pantai Kaluku,"Pantai Kaluku, Limboro, Kec. Banawa Tengah, Kabupaten Donggala, Sulawesi Tengah 94351, Indonesia",Kabupaten Donggala,Sulawesi Tengah,10000.0,Sedang,https://sulsel.idntimes.com/travel/destination/tempat-liburan-favorit-di-sulteng-ini-5-wisata-pantai-di-donggala-01-th4zz-44qgdy
Objek Wisata Palawa',"3WVR+427, Palawa', Kec. Sesean, Kabupaten Toraja Utara, Sulawesi Selatan 91853, Indonesia",Kabupaten Toraja Utara,Sulawesi Selatan,10000.0,Sedang,https://www.dalchaebi.me/objek-wisata-toraja-utara/
Pantai Pulau Liukang Loe,"9C5M+J86, Bira, Kec. Bonto Bahari, Kabupaten Bulukumba, Sulawesi Selatan 92571, Indonesia",Kabupaten Bulukumba,Sulawesi Selatan,5000.0,Murah,https://www.detik.com/sulsel/wisata/d-7331594/10-spot-wisata-di-kawasan-tanjung-bira-bulukumba-yang-wajib-dikunjungi
Wisata Mangambang,"Unnamed Road, 2HR5+7P6, Marrannu, Kec. Lau, Kabupaten Maros, Sulawesi Selatan, Indonesia",Kabupaten Maros,Sulawesi Selatan,5000.0,Murah,https://superapps.kompas.com/read/4282708/6-tempat-wisata-di-maros-sulawesi-selatan-ada-taman-nasional-yang-disebut-kerajaan-kupu-kupu
LAPANGAN BUA' HONTINIMBANG MANOPPO,"Kotamobagu, Kec. Kotamobagu Bar., Kota Kotamobagu, Sulawesi Utara, Indonesia",Kota Kotamobagu,Sulawesi Utara,-,-,-
Pantai Maesa,"Pantai Maesa, Maesa, Kec. Parigi, Kabupaten Parigi Moutong, Sulawesi Tengah 94471, Indonesia",Kabupaten Parigi Moutong,Sulawesi Tengah,2500.0,Murah,https://travel.tribunnews.com/2020/08/01/harga-tiket-masuk-pantai-madasari-pangandaran-tempat-asyik-untuk-liburan-akhir-pekan
Buttu Macca,"Bamba Puang, Kec. Anggeraja, Kabupaten Enrekang, Sulawesi Selatan 91752, Indonesia",Kabupaten Enrekang,Sulawesi Selatan,15000.0,Sedang,https://www.dakatour.com/lokasi-dan-rute-menuju-bukit-buttu-macca-enrekang-pacu-adrenalin-kalian-di-ayunan-extreme.html
Permandian Topa,"Unnamed Road, 7PCG+QFC, Labone, Kec. Lasalepa, Kabupaten Muna, Sulawesi Tenggara 93654, Indonesia",Kabupaten Muna,Sulawesi Tenggara,10000.0,Sedang,https://www.celebes.co/permandian-topa-muna
Wisata Air Panas Bora,"WWXR+G59, Bora, Kec. Sigi Biromaru, Kabupaten Sigi, Sulawesi Tengah 94362, Indonesia",Kabupaten Sigi,Sulawesi Tengah,0.0,Gratis,-
Gunung Lokon,"Gn. Lokon, Kayawu, Kec. Tomohon Utara, Kota Tomohon, Sulawesi Utara, Indonesia",Kota Tomohon,Sulawesi Utara,20000.0,Mahal,https://travel.kompas.com/read/2025/03/06/150300927/10-tempat-wisata-di-tomohon-murah-cocok-untuk-liburan
Wisata Hutan Pinus Rombeng,"lokasia desa, Bonto Lojong, Kec. Uluere, Kabupaten Bantaeng, Sulawesi Selatan 92451, Indonesia",Kabupaten Bantaeng,Sulawesi Selatan,5000.0,Murah,https://sulsel.idntimes.com/travel/destination/potret-wisata-hutan-rombeng-bantaeng-c1c2-01-fj7qr-3zxpbj
Pantai Ria Kolaka Cocoa City,"WHWP+2XG, Sea, Kec. Latambaga, Kabupaten Kolaka, Sulawesi Tenggara, Indonesia",Kabupaten Kolaka,Sulawesi Tenggara,50000.0,Mahal,https://regional.kompas.com/read/2012/11/28/09224179/beginilah-praktik-psk-di-pantai-ria-kolaka
Taman Wisata Mahoni,"Unnamed Road, 9R25+879, Kakaskasen Tiga, Kec. Tomohon Utara, Kota Tomohon, Sulawesi Utara, Indonesia",Kota Tomohon,Sulawesi Utara,20000.0,Mahal,https://www.tiktok.com/discover/tiket-masuk-mahoni-tomohon-2025
Puncak Amarilis Kota Kendari,"3G5R+C4R Bar, Watu-Watu, Kec. Kendari Bar., Kota Kendari, Sulawesi Tenggara 93121, Indonesia",Kota Kendari,Sulawesi Tenggara,0,Gratis,https://www.celebes.co/puncak-amarilis-kendari
SAUNG REWAKO,"Jenetallasa, Kabupaten Gowa",Kabupaten Gowa,Sulawesi Selatan,0.0,Gratis,https://yudhaindonesiannews.com/2022/04/03/saung-rewako-jenetallasa-gowa-destinasi-wisata-berbasis-agrowisata/
PUNCAK SOROMBIPI,"2V25+R8W, Lalingato, Kec. Tirawuta, Kabupaten Kolaka, Sulawesi Tenggara 93572, Indonesia",Kabupaten Kolaka,Sulawesi Tenggara,10000.0,Sedang,https://greenhill.id/wisata-alam-hutan-pinus-sorombipi-kolaka-timur/?noamp=mobile
Tanggul Reklamasi Kolonodale,"Lrg. Kamboja, Kabupaten Morowali Utara, Sulawesi Tengah 94971, Indonesia",Kabupaten Morowali Utara,Sulawesi Tengah,-,-,-
Lasonrai Beach,"Ujunge, Batupute, Kec. Soppeng Riaja, Kabupaten Barru, Sulawesi Selatan, Indonesia",Kabupaten Barru,Sulawesi Selatan,5000.0,Murah,https://travel.tribunnews.com/destinasi/140786/itinerary-barru-1-hari-dari-maros-jelajah-alam-berdua-bujet-rp-230-ribu
Monumen Lasinrang,"5MR2+PQC, Macorawalie, Kec. Watang Sawitto, Kabupaten Pinrang, Sulawesi Selatan 91212, Indonesia",Kabupaten Pinrang,Sulawesi Selatan,10000.0,Sedang,https://mundomaya.travel/tempat-wisata-di-pinrang/
Pantai Pandan Wangi,"Pantai Pandan Wangi, Unnamed Road, Kabupaten Banggai, Sulawesi Tengah 94765, Indonesia",Kabupaten Banggai,Sulawesi Tengah,5000.0,Murah,https://travel.tribunnews.com/2024/12/17/pantai-pandan-wangi-tempat-wisata-favorit-warga-lokal-di-mukomuko-bengkulu
Pulisan Beach,"Pulisan Beach, Pulisan, Likupang Timur, North Minahasa Regency, North Sulawesi, Indonesia",Kabupaten Minahasa,Sulawesi Utara,5000.0,Murah,https://bali.viva.co.id/wisata/7919-sudah-pernah-ke-pantai-pulisan-hidden-gem-likupang-yang-bikin-susah-move-on-dari-birunya-laut
Gunung Tumpa,"Gunung Tumpa, Wori, Kabupaten Minahasa Utara, Sulawesi Utara, Indonesia",Kabupaten Minahasa Utara,Sulawesi Utara,5000.0,Murah,https://yt290mql.wp.neoapp.id/13227/inilah-10-destinasi-wisata-menarik-di-sulawesi-utara/
RANOLEWO,"5R8C+H7G, Toraget, Kec. Langowan Utara, Kabupaten Minahasa, Sulawesi Utara, Indonesia",Kabupaten Minahasa,Sulawesi Utara,5000.0,Murah,https://travelingyuk.com/hutan-ranolewo/184375/
Air Terjun Loli Tasiburi,"6QVF+296, Loli Tasiburi, Kec. Banawa, Kabupaten Donggala, Sulawesi Tengah 94351, Indonesia",Kabupaten Donggala,Sulawesi Tengah,2000.0,Murah,https://www.celebes.co/air-terjun-loli-tasiburi-donggala
Pantai Kuri Maros,"XFC9+F2C, Jl. Kuri Pattene, Nisombalia, Kec. Marusu, Kabupaten Maros, Sulawesi Selatan 90552, Indonesia",Kabupaten Maros,Sulawesi Selatan,0.0,Gratis,https://bnp.jambiprov.go.id/wisata-baru-di-maros-sulawesi-selatan/
PPLH Puntondo,"Kecamatan, Dusun Puntondo, Laikang, Kec. Mangarabombang, Kabupaten Takalar, Sulawesi Selatan 90132, Indonesia",Kabupaten Takalar,Sulawesi Selatan,15000.0,Sedang,https://www.detik.com/sulsel/wisata/d-7031469/pplh-puntondo-takalar-wisata-edukasi-seru-yang-patut-dikunjungi
Baruga Somba Opu,"RC54+F3G, Benteng Somba Opu, Kec. Barombong, Kabupaten Gowa, Sulawesi Selatan 90224, Indonesia",Kabupaten Gowa,Sulawesi Selatan,2000.0,Murah,https://yazcorp.id/10-gambar-benteng-somba-opu-makassar-harga-tiket-masuk-lokasi-alamat-jam-buka-tutup-rute-jalan-menuju-wisata
Pantai Wambuliga,"PGHC+48H, Sombu, Wangi-Wangi Sel., Kabupaten Wakatobi, Sulawesi Tenggara 93791, Indonesia",Kabupaten Wakatobi,Sulawesi Tenggara,0,Gratis,https://www.tournesia.com/open-trip-wakatobi/
Rumah Adat Mamuju,"8VFM+FQ2, Rimuku, Kec. Mamuju, Kabupaten Mamuju, Sulawesi Barat 91511, Indonesia",Kabupaten Mamuju,Sulawesi Barat,30000.0,Mahal,https://sulbarkita.com/rumah_adat_mandar_di_somba_opu_nasibmu_kini_berita210.html
Pantai palippis,"F3QX+Q25, Bala, Kec. Balanipa, Kabupaten Polewali Mandar, Sulawesi Barat 91353, Indonesia",Kabupaten Polewali Mandar,Sulawesi Barat,5000.0,Murah,https://travel.detik.com/domestic-destination/d-4394985/satu-lagi-surga-di-sulawesi-pantai-pasir-putih-palippis
Hutan Pinus RITA MALOMPOA BISSOLORO,"Unnamed Road, Bissoloro, Kec. Bungaya, Kabupaten Gowa, Sulawesi Selatan 92176, Indonesia",Kabupaten Gowa,Sulawesi Selatan,8000.0,Murah,https://smartcity.gowakab.go.id/wisata_alam/hutan-pinus-rita-malompoa-bissoloro/2
Lembah Lohe,"MWFH+7PX, Lembah Loe, Kec. Parigi, Kabupaten Gowa, Sulawesi Selatan 92171, Indonesia",Kabupaten Gowa,Sulawesi Selatan,5000.0,Murah,https://travelspromo.com/htm-wisata/lembah-lohe/
Pantai Katembe,"Madongka, Kec. Lakudo, Kabupaten Buton, Sulawesi Tenggara 93763, Indonesia",Kabupaten Buton,Sulawesi Tenggara,20000.0,Mahal,https://www.goersapp.com/blog/wisata-bahari-sulawesi-tenggara/
Pantai Sabang Toli toli,"Pantai Sabang Toli toli, Sabang, Galang, Toli-Toli Regency, Central Sulawesi 94561, Indonesia",Kabupaten Toli-Toli,Sulawesi Tengah,10000.0,Sedang,https://www.yottanesia.com/harga-tiket-kapal-laut-toli-toli-pontianak/
Taman Rekreasi Puncak Mowewe,"Jl. Poros Kolaka - Kendari No.Km. 30, Horodopi, Mowewe, Kabupaten Kolaka Timur, Sulawesi Tenggara 93561, Indonesia",Kabupaten Kolaka Timur,Sulawesi Tenggara,0.0,Gratis,-
Mampie,"G7WJ+83F, Galeso, Kec. Wonomulyo, Kabupaten Polewali Mandar, Sulawesi Barat 91352, Indonesia",Kabupaten Polewali Mandar,Sulawesi Barat,3000.0,Murah,https://travel.kompas.com/read/2013/06/09/12042084/keasrian-pantai-mampie-disukai-wisatawan
Air Terjun Vera,"FWC6+C2G, Ipi, Kec. Bungku Tengah, Kabupaten Morowali, Sulawesi Tengah 94973, Indonesia",Kabupaten Morowali,Sulawesi Tengah,5000.0,Murah,https://keluyuran.com/tempat-wisata-di-morowali/
Danau Napabale,"Lohia, Kec. Lohia, Kabupaten Muna, Sulawesi Tenggara 93658, Indonesia",Kabupaten Muna,Sulawesi Tenggara,10000.0,Sedang,https://www.idntimes.com/travel/destination/danau-di-sulawesi-tenggara-c1c2-01-3ln1w-4vk8zg
Monumen Tuhan Yesus Raja Memberkati,"2M4M+332, Kec. Melonguane, Kabupaten Kepulauan Talaud, Sulawesi Utara, Indonesia",Kabupaten Kepulauan Talaud,Sulawesi Utara,0.0,Gratis,https://www.geokepo.id/id/lokasi/kepulauan-talaud/monumen-tuhan-yesus-memberkati-melonguane
Wisata Tugu Perdamaian,"Tim.,, 4WV6+HQC, Tondo, Kec. Palu Tim., Kota Palu, Sulawesi Tengah 94119, Indonesia",Kota Palu,Sulawesi Tengah,5000.0,Murah,https://www.kabarsulteng.id/2023/01/14/mengenal-tugu-perdamaian-nosarara-nosabatutu/
Pantai Pasangkayu Mamuju Utara,"Pantai Pasangkayu Mamuju Utara, Pasangkayu, West Sulawesi 91574, Indonesia",Kabupaten Mamuju,Sulawesi Barat,0,Gratis,https://www.trepelin.com/pantai-pasangkayu-3860
Teluk Lalong,"Soho, Unnamed Rd, Karaton",Kabupaten Banggai,Sulawesi Tengah,23000.0,Mahal,https://travel.detik.com/domestic-destination/d-3729265/keajaiban-di-luwuk-ada-teluk-di-dalam-teluk
Taman Wisata Bola Pitue,"Unnamed Road, Mangempang, Kec. Barru, Kabupaten Barru, Sulawesi Selatan 90712, Indonesia",Kabupaten Barru,Sulawesi Selatan,-,-,-
Pantai Salopi,"Salopi, Desa, Binanga Karaeng, Kec. Lembang, Kabupaten Pinrang, Sulawesi Selatan 91254, Indonesia",Kabupaten Pinrang,Sulawesi Selatan,5000.0,Murah,https://www.detik.com/sulsel/wisata/d-6896501/25-rekomendasi-objek-wisata-di-kabupaten-pinrang-untuk-liburan
Pantai Punagaan,"QGHG+JPW, Patilereng, Bontosikuyu, Kab. Kepulauan Selayar, Sulawesi Selatan 92855, Indonesia",Kabupaten Kepulauan Selayar,Sulawesi Selatan,29000.0,Mahal,https://travel.tribunnews.com/2019/02/21/menelusuri-keindahan-air-terjun-punagaan-objek-wisata-alam-populer-di-sulawesi-selatan
Wakatobi Dive Adventure,"Jl. Waopu Jenggo, Mandati II, Wangi-Wangi Sel., Kabupaten Wakatobi, Sulawesi Tenggara 93795, Indonesia",Kabupaten Wakatobi,Sulawesi Tenggara,50000.0,Mahal,https://indonesia.tripcanvas.co/id/sulawesi/panduan-wisata-ke-wakatobi/
Pantai Boneoge,"Pantai Boneoge, Boneoge, Kec. Banawa, Kabupaten Donggala, Sulawesi Tengah 94351, Indonesia",Kabupaten Donggala,Sulawesi Tengah,0.0,Gratis,https://www.celebes.co/wisata-pantai-di-palu-sekitarnya
Pantai Poganda,"Dusun Poganda, Luk Panenteng, Kec. Bulagi Utara, Kabupaten Banggai Kepulauan, Sulawesi Tengah, Indonesia",Kabupaten Banggai Kepulauan,Sulawesi Tengah,2000.0,Murah,https://www.pancar.id/kembara/3652313245/pantai-poganda-surga-tersembunyi-wisata-alam-di-sulawesi-tengah
Lawere Beach Bonging Ponging,"3HC5+32C, Lotang Salo, Kabupaten Pinrang",Kabupaten Pinrang,Sulawesi Selatan,5000.0,Murah,https://www.detik.com/sulsel/wisata/d-6897701/25-rekomendasi-objek-wisata-di-pinrang-ada-pantai-hingga-pemandian-air-panas
Pantai INDO BEACH LALUMPE,"Lalumpe, Kecamatan Kombi, Kabupaten Minahasa, Sulawesi Utara, Indonesia",Kabupaten Minahasa,Sulawesi Utara,10000.0,Sedang,https://www.facebook.com/indobeachresort/
Buntu Pune,"Ba'tan, Kec. Kesu, Kabupaten Toraja Utara, Sulawesi Selatan 91834, Indonesia",Kabupaten Toraja Utara,Sulawesi Selatan,10000,Sedang,https://www.pinterpandai.com/terima-kasih-fans-pinter-pandai-dimanakah-tempat-ini-rumah-adat-tongkonan-sulawesi/
Pemandian Air Panas Pincara,"Unnamed Road No.92917, Pincara, Kec. Masamba, Kabupaten Luwu Utara, Sulawesi Selatan 92917, Indonesia",Kabupaten Luwu Utara,Sulawesi Selatan,25000.0,Mahal,https://makassar.tribunnews.com/2025/01/13/9-wisata-keren-di-luwu-utara-sulsel-ramah-anak-hingga-sajikan-pemandangan-alam-yang-indah
Padang Indah Allepperengnge,"CP9R+XMM, Bacu-Bacu, Kec. Pujananting, Kabupaten Barru, Sulawesi Selatan 90762, Indonesia",Kabupaten Barru,Sulawesi Selatan,10000.0,Sedang,https://disparpora.barrukab.go.id/wisata/padang-indah-allepperengnge
Masjid Besar DARUSSALAM Belawa,"Jalan Masjid Menge Belawa, XWXJ+345, Lepangeng, Wajo, Kabupaten Wajo, Sulawesi Selatan 90953, Indonesia",Kabupaten Wajo,Sulawesi Selatan,0.0,Gratis,-
"BUKIT NATO,Lolai negri diatas awan","Lolai, Kec. Kapala Pitu, Kabupaten Toraja Utara, Sulawesi Selatan 91862, Indonesia",Kabupaten Toraja Utara,Sulawesi Selatan,15000.0,Sedang,https://www.detik.com/sulsel/wisata/d-6552181/negeri-di-atas-awan-toraja-panorama-alam-dari-ketinggian-1-300-mdpl
Tugu Panua,"FW5X+G22, Jl. Diponegoro, Pohuwato, Kec. Marisa, Gorontalo, 96265, Indonesia",Kota Gorontalo,Gorontalo,5000.0,Murah,https://gorontalo.tribunnews.com/bone-bolango/83412/tarif-terbaru-wisata-hiu-paus-gorontalo-update-april-2026-harga-masuk-hingga-snorkling-dan-drone
Pantai Cinta,"Pantai Cinta, Topejawa, Kec. Mangarabombang, Kabupaten Takalar, Sulawesi Selatan 92261, Indonesia",Kabupaten Takalar,Sulawesi Selatan,20000.0,Mahal,https://travel.kompas.com/read/2024/04/30/093900927/wisata-pantai-bintang-galesong-cocok-untuk-liburan-bersama-rombongan
Masjid Agung Baiturrahim Pohuwato,"Kompleks Blok Plane Perkantoran Pohuwato, FW6W+JFH, Palopo, Kec. Marisa, Kabupaten Pohuwato, Gorontalo 96265, Indonesia",Kabupaten Pohuwato,Gorontalo,0.0,Gratis,https://www.geokepo.id/id/lokasi/pohuwato/masjid-agung-baiturrahim-pohuwato
Taman Purbakala Waruga,"Sawangan, Kec. Airmadidi, Kabupaten Minahasa Utara, Sulawesi Utara, Indonesia",Kabupaten Minahasa Utara,Sulawesi Utara,29000.0,Mahal,https://travel.tribunnews.com/2021/11/22/travel-update-jelajah-taman-purbakala-waruga-di-minahasa-utara-ada-kisah-jejak-zaman-megalitikum
Kasuso,"Kasuso, pantai kasuso, Darubiah, Kec. Bonto Bahari, Kabupaten Bulukumba, Sulawesi Selatan 92571, Indonesia",Kabupaten Bulukumba,Sulawesi Selatan,0.0,Gratis,-
Taman Bakau Kendari,"2GJJ+23G, Lahundape, Kec. Kendari Bar., Kota Kendari, Sulawesi Tenggara 93121, Indonesia",Kota Kendari,Sulawesi Tenggara,25000.0,Mahal,https://www.celebes.co/kampung-bakau-kendari
Kasawari Beach,"F6VP+38W, Unnamed Rd, Makawidey, Kota Bitung, Sulawesi Utara, Indonesia",Kota Bitung,Sulawesi Utara,4000.0,Murah,https://www.dalchaebi.me/tempat-wisata-di-bitung/
Pantai Wisata Molotabu,"C4RJ+JHX, Molotabu, Kec. Kabila Bone, Kabupaten Bone Bolango, Gorontalo, Indonesia",Kabupaten Bone Bolango,Gorontalo,5000,Murah,https://travel.kompas.com/read/2021/09/15/121700227/itinerary-3-hari-2-malam-di-gorontalo-wisata-ke-benteng-otanaha?page=all
Cartens Hills Wawo,"Matani Dua, Kec. Tomohon Tengah, Kota Tomohon, Sulawesi Utara, Indonesia",Kota Tomohon,Sulawesi Utara,30000.0,Mahal,https://www.idntimes.com/travel/destination/tempat-wisata-di-tomohon2023-00-819v4-cf96m0
Pantai Kalomang,"GG93+M64, Watubangga, Kec. Watubangga, Kabupaten Kolaka, Sulawesi Tenggara 93563, Indonesia",Kabupaten Kolaka,Sulawesi Tenggara,5000.0,Murah,https://www.celebes.co/pantai-kalomang-kolaka
Tebing Romantis Ollon,"Ollon, Bau, Kec. Bonggakaradeng, Kabupaten Tana Toraja, Sulawesi Selatan 91872, Indonesia",Kabupaten Tana Toraja,Sulawesi Selatan,10000.0,Sedang,https://www.detik.com/sulsel/wisata/d-7855810/8-wisata-di-tana-toraja-yang-unik-dan-bersejarah-untuk-liburan-keluarga
Watu Pinawetengan,"Pinabetengan Utara, Kec. Tompaso Barat, Kabupaten Minahasa, Sulawesi Utara 95693, Indonesia",Kabupaten Minahasa,Sulawesi Utara,0.0,Gratis,https://www.celebes.co/museum-pinawetengan-jejak-budaya-dan-sejarah-minahasa
Kawah Gunung Lokon,"9Q7X+HJR, Agotey, Kec. Mandolang, Kabupaten Minahasa, Sulawesi Utara, Indonesia",Kabupaten Minahasa,Sulawesi Utara,10000.0,Sedang,https://sulsel.idntimes.com/travel/destination/mengenal-5-fakta-menarik-gunung-lokon-di-tomohon-di-sulawesi-utara-01-dtc5h-q7xcld
Monumen Patung Ir. Soekarno,"FWP5+QPP, Maumbi, Kec. Kalawat, Kabupaten Minahasa Utara, Sulawesi Utara, Indonesia",Kabupaten Minahasa Utara,Sulawesi Utara,1000.0,Murah,https://id.wikipedia.org/wiki/Daftar_hal-hal_yang_dinamai_dari_Soekarno
Wisata Sungai Longalo Botu Motoli'oluwo,"Longalo, Kec. Bulango Utara, Kabupaten Bone Bolango, Gorontalo 96181, Indonesia",Kabupaten Bone Bolango,Gorontalo,5000.0,Murah,https://www.kompas.tv/regional/641065/10-rekomendasi-wisata-di-gorontalo-untuk-liburan-tahun-baru-2026
PANTAI MANAKARRA,"8VHQ+HM5, Kec. Mamuju, Kabupaten Mamuju, Sulawesi Barat, Indonesia",Kabupaten Mamuju,Sulawesi Barat,0.0,Gratis,https://travel.kompas.com/read/2021/10/26/160721427/itinerary-3-hari-2-malam-di-mamuju-sulawesi-barat-wisata-air-terjun-tamasapi
Pantai Parangluhu Bira,"CF36+5MM, Jalan, Bira, Kec. Bonto Bahari, Kabupaten Bulukumba, Sulawesi Selatan 92571, Indonesia",Kabupaten Bulukumba,Sulawesi Selatan,10000.0,Sedang,https://parepos.co.id/berita/travel/pantai-bira/
Tuturuga Beach,"Ranowangko II, Kecamatan Kombi, Kabupaten Minahasa, Sulawesi Utara, Indonesia",Kabupaten Minahasa,Sulawesi Utara,20000.0,Mahal,https://travel.kompas.com/read/2024/11/26/090500327/bukit-tetetana-suluan-minahasa--daya-tarik-jam-buka-dan-lokasi
Tracking Mangrove Bungkutoko,"2J68+249, Bungkutoko",Kota Kendari,Sulawesi Tenggara,35000.0,Mahal,https://travel.kompas.com/read/2023/08/21/225323427/10-tempat-wisata-anak-di-kendari-cocok-buat-liburan?page=all
"Kolam Renang Air Panas ""Zanoleos""","Woloan Satu, Utara, Kota Tomohon, Sulawesi Utara 95423, Indonesia",Kota Tomohon,Sulawesi Utara,-,-,-
Gua Mampu,"M6FF+8FV, Unnamed Rd, Cabbeng, Kec. Dua Boccoe, Kabupaten Bone, Sulawesi Selatan 92753, Indonesia",Kabupaten Bone,Sulawesi Selatan,6000.0,Murah,https://sulsel.idntimes.com/travel/destination/5-wisata-alam-bone-bisa-jadi-pilihan-di-masa-libur-panjang-00-g3swn-7n6fl4
Air Terjun Kali Dingin,"Tabarano, Kec. Wasuponda, Kabupaten Luwu Timur, Sulawesi Selatan 92983, Indonesia",Kabupaten Luwu Timur,Sulawesi Selatan,5000.0,Murah,https://sulsel.idntimes.com/travel/destination/wisata-air-terjun-kali-dingin-wasuponda-rute-lokasi-dan-harga-tiket-01-lwfv3-2fgrfl
Taman Air Kelapa Gading,"JMGX+P6R, Waliabuku, Kec. Bungi, Kota Bau-Bau, Sulawesi Tenggara 93758, Indonesia",Kota Bau-Bau,Sulawesi Tenggara,0,Gratis,https://kelaswisata.id/wisata-di-sulawesi-tenggara/
Air Terjun Karawa,"Betteng, Kec. Lembang, Kabupaten Pinrang, Sulawesi Selatan 91254, Indonesia",Kabupaten Pinrang,Sulawesi Selatan,5000.0,Murah,https://travel.tribunnews.com/destinasi/140737/itinerary-pinrang-1-hari-dari-parepare-liburan-berdua-cuma-rp-200-ribu
Air Terjun Desa Tincep (Tekaan Rangka Kengkang),"7PJP+P6V, Tincep, Kec. Sonder, Kabupaten Minahasa, Sulawesi Utara, Indonesia",Kabupaten Minahasa,Sulawesi Utara,10000.0,Sedang,https://www.idntimes.com/travel/destination/air-terjun-manado-c1c2-01-3ln1w-spgvkc
"Pantai Bahari, Buton Selatan","Pantai Bahari, Buton Selatan, Unnamed Rd, Bahari, Kec. Sampolawa, Kabupaten Buton, Sulawesi Tenggara 93753, Indonesia",Kabupaten Buton,Sulawesi Tenggara,0.0,Gratis,-
Air Terjun Tirta Rimba,"HM32+C58, Kadolomoko, Kec. Kokalukuna, Kota Bau-Bau, Sulawesi Tenggara 93719, Indonesia",Kota Bau-Bau,Sulawesi Tenggara,5000.0,Murah,https://jadesta.kemenpar.go.id/atraksi/air_terjun_tirta_rimba
Bukit Bossolo,"FRXV+GFQ, Bontomanai, Kec. Rumbia, Kabupaten Jeneponto, Sulawesi Selatan 92371, Indonesia",Kabupaten Jeneponto,Sulawesi Selatan,8000.0,Murah,https://www.detik.com/sulsel/wisata/d-6896687/10-rekomendasi-tempat-wisata-di-jeneponto-untuk-liburan-seru
Pantai Indah Kalasey,"FQ59+382, Jl. Tanahwangko, Kalasey Satu, Kec. Mandolang, Kabupaten Minahasa, Sulawesi Utara 95000, Indonesia",Kabupaten Minahasa,Sulawesi Utara,0.0,Gratis,-
Taman Bambu Runcing,"Mammi, Kec. Binuang, Kabupaten Polewali Mandar, Sulawesi Barat 91311, Indonesia",Kabupaten Polewali Mandar,Sulawesi Barat,-,-,-
Muntea Camping Ground,"HW7R+QMV, Bonto Tangnga, Kec. Uluere, Kabupaten Bantaeng, Sulawesi Selatan 92451, Indonesia",Kabupaten Bantaeng,Sulawesi Selatan,10000,Sedang,https://gagaradio.org/rasakan-serunya-camping-di-pantai/
Pantai Munu,"Jl. Lettu M. Yamin, Lingk. Leppe, Baurung, Kec. Banggae Tim., Kabupaten Majene, Sulawesi Barat 91412, Indonesia",Kabupaten Majene,Sulawesi Barat,3000.0,Murah,https://sulbar.tribunnews.com/2025/05/18/wisata-pantai-munu-majene-tiket-masuk-hanya-rp-5-ribu-tak-jauh-dari-kota
Tugu Salib Buntu Singki,"Buntu Singki, 2VGR+QX6, Mentirotiku, Kec. Rantepao, Kabupaten Toraja Utara, Sulawesi Selatan 91833, Indonesia",Kabupaten Toraja Utara,Sulawesi Selatan,-,-,-
Permandian Air Panas Mantikole,"WV97+GV9, Balomoa, Kec. Dolo Bar., Kabupaten Sigi, Sulawesi Tengah 94362, Indonesia",Kabupaten Sigi,Sulawesi Tengah,0.0,Gratis,-
Wisata Pinus Panorama Tentena,"Tentena, Pamona Pusalemba, Kabupaten Poso, Sulawesi Tengah 94663, Indonesia",Kabupaten Poso,Sulawesi Tengah,5000.0,Murah,https://idfirms.com/sulawesi-tengah/panorama-tentena-996529
Pantai Tanjung Merah,"Pantai Tanjung Merah, Tanjung Merah, Matuari, Bitung City, North Sulawesi, Indonesia",Kota Bitung,Sulawesi Utara,10000.0,Sedang,https://www.celebes.co/pantai-tanjung-merah-bitung
Wisata Alam Kalibiru Kanang,"HCP3+4G5, Jl. Mangondang, Batetangnga, Kec. Binuang, Kabupaten Polewali Mandar, Sulawesi Barat 91312, Indonesia",Kabupaten Polewali Mandar,Sulawesi Barat,5000.0,Murah,https://www.celebes.co/wisata-kalibiru-polman
Dungusan Soputan,"Dungusan Soputan, Noongan Tiga, Kec. Langowan Bar., Kabupaten Minahasa, Sulawesi Utara, Indonesia",Kabupaten Minahasa,Sulawesi Utara,15000,Sedang,https://travel.tribunnews.com/2025/09/10/makatete-hills-manado-sulawesi-utara-daya-tarik-tiket-masuk-lokasi
Wisata Air Terjun Latuppa,"Jl. Andi Ahmad, Murante, Kec. Mungkajang, Kota Palopo, Sulawesi Selatan, Indonesia",Kota Palopo,Sulawesi Selatan,2000.0,Murah,https://travel.kompas.com/read/2021/03/16/170500727/perjalanan-menuju-air-terjun-latuppa-di-palopo-sulawesi-selatan
Patung Yesus Penebus,"C643+WMV, Dorbolaang, Lembeh Sel., Kota Bitung, Sulawesi Utara, Indonesia",Kota Bitung,Sulawesi Utara,0.0,Gratis,https://kelaswisata.id/wisata-di-bitung/
Taman Maccini Sombala,"Maccini Sombala, Kec. Tamalate, Kota Makassar, Sulawesi Selatan 90224, Indonesia",Kota Makassar,Sulawesi Selatan,0.0,Gratis,-
Bukit Maddo,"GJFP+GJJ Maddo, Tellumpanua, Kec. Tanete Rilau, Kabupaten Barru, Sulawesi Selatan 90761, Indonesia",Kabupaten Barru,Sulawesi Selatan,10000.0,Sedang,https://www.detik.com/sulsel/wisata/d-6455069/7-tempat-wisata-di-barru-yang-menarik-dan-murah-celebes-canyon-lappa-laona
Puncak Pua' Janggo',"Bira, Kec. Bonto Bahari, Kabupaten Bulukumba, Sulawesi Selatan 92571, Indonesia",Kabupaten Bulukumba,Sulawesi Selatan,3000.0,Murah,https://www.traveloka.com/id-id/explore/destination/pl-tempat-wisata-di-bulukumba/181704
Permandian Kolam Toddang Jompi'e,"C3Q9+M8X, Liliriawang, Kec. Bengo, Kabupaten Bone, Sulawesi Selatan 92763, Indonesia",Kabupaten Bone,Sulawesi Selatan,0.0,Gratis,https://makassar.tribunnews.com/travel/1824541/bubung-peree-dan-permandian-alam-taretta-wisata-gratis-favorit-warga-amali-bone
Monumen Nani Wartabone,"G3J5+5P5, Tenda, Kec. Hulonthalangi, Kabupaten Gorontalo, Gorontalo 96133, Indonesia",Kabupaten Gorontalo,Gorontalo,1500.0,Murah,https://travel.kompas.com/read/2024/11/01/080200927/tn-bogani-nani-wartabone--tarif-masuk-hingga-biaya-berkemah-
Kolam Renang Alami Water Blessing danowudu,"Danowudu, Kec. Ranowulu, Kota Bitung, Sulawesi Utara 95533, Indonesia",Kota Bitung,Sulawesi Utara,15000.0,Sedang,https://www.celebes.co/water-blessing-danowudu-bitung
Mangrove Park Bahowo,"Unnamed Road, HRJ9+9QC, Tongkeina, Kec. Bunaken, Kota Manado, Sulawesi Utara, Indonesia",Kota Manado,Sulawesi Utara,0.0,Gratis,-
Pohon Kasih,"Jl. Novena, Indonesia",Kota Makassar,Sulawesi Selatan,12000.0,Sedang,https://travel.detik.com/domestic-destination/d-4665934/wisata-petik-apel-malang-tiket-masuk-hingga-lokasinya
Kabesaran Beach,"Jalan Raya Kapataran, Tulap, Kecamatan Kombi, Kabupaten Minahasa, Sulawesi Utara, Indonesia",Kabupaten Minahasa,Sulawesi Utara,25000.0,Mahal,https://www.instagram.com/kabesaranbeach/
Bendungan Misterius,"3R4J+C76, Balane, Kec. Kinovaro, Kabupaten Sigi, Sulawesi Tengah, Indonesia",Kabupaten Sigi,Sulawesi Tengah,2500.0,Murah,https://www.instagram.com/popular/bendungan-misterius/
TEMPAT PERMANDIAN SANDAKAN BIAK,"3VGJ+XX3, Biak, Luwuk, Kabupaten Banggai, Sulawesi Tengah 94716, Indonesia",Kabupaten Banggai,Sulawesi Tengah,3000.0,Murah,https://jambi.tribunnews.com/2018/06/09/tempat-wisata-baru-di-tebo-permandian-air-panas-sungai-bengkal-ini-harga-tiket-masuk
Puncak Lima Jari,"Unnamed Road, Pattimpa, Kec. Ponre, Kabupaten Bone, Sulawesi Selatan 92772, Indonesia",Kabupaten Bone,Sulawesi Selatan,10000.0,Sedang,https://travel.tribunnews.com/2025/09/17/5-tempat-wisata-di-kabupaten-bone-sulawesi-selatan-untuk-liburan-keluarga
Pelabuhan Ulu Siau,"PCM8+39J, Tatahadeng",Kabupaten Kepulauan Sangihe,Sulawesi Utara,1500.0,Murah,https://travel.detik.com/travel-news/d-7605637/tiket-masuk-bromo-berubah-harga-ini-tarif-barunya
Pantai La Poili,"8MRP+7G8, Desa, Wawoangi, Kec. Sampolawa, Kabupaten Buton, Sulawesi Tenggara, Indonesia",Kabupaten Buton,Sulawesi Tenggara,0.0,Gratis,https://www.acc.co.id/info-terkini/7-wisata-bahari-di-sulawesi-tenggara-surganya-keindahan-laut
Lutim Landmark,"94PG+42G, Puncak Indah, Kec. Malili, Kabupaten Luwu Timur, Sulawesi Selatan 92936, Indonesia",Kabupaten Luwu Timur,Sulawesi Selatan,5000.0,Murah,https://travel.tribunnews.com/2025/08/13/harga-tiket-masuk-pantai-ujung-batu-di-barru-sulawesi-selatan-panduan-rute-dari-makassar
Pantai Mallenreng,"Tim.,, R7GH+V9C, Panaikang, Kec. Sinjai Tim., Kabupaten Sinjai, Sulawesi Selatan 92671, Indonesia",Kabupaten Sinjai,Sulawesi Selatan,3000.0,Murah,https://jadesta.kemenpar.go.id/paket/pantai_mallenreng
Pemandian Air Terjun Meranti,"J4P5+7FX, Meranti, Kec. Tapa, Kabupaten Bone Bolango, Gorontalo 96582, Indonesia",Kabupaten Bone Bolango,Gorontalo,10000.0,Sedang,https://www.detik.com/bali/berita/d-6553884/5-pemandian-air-panas-di-bangli-harga-tiket-dan-alamatnya
Pantai Tanjung Babia Pasangkayu,"Pasangkayu, Kec. Pasangkayu, Kab. Pasangkayu, Sulawesi Barat, Indonesia",Kabupaten Pasangkayu,Sulawesi Barat,0.0,Gratis,https://video.tribunnews.com/travel/427889/wisata-kuliner-tanjung-babia-pasangkayu-sulbar-tawarkan-makanan-jepa-buka-hari-minggu
Pulau Wisata Lakkang,"VFH8+8VR, Pulau, Lakkang, Kec. Tallo, Kota Makassar, Sulawesi Selatan 90245, Indonesia",Kota Makassar,Sulawesi Selatan,0.0,Gratis,-
Danau Moat,"Danau Moat, Kec. Modayag, Kabupaten Bolaang Mongondow Timur, Sulawesi Utara, Indonesia",Kabupaten Bolaang Mongondow Timur,Sulawesi Utara,5000.0,Murah,https://travel.detik.com/cerita-perjalanan/d-5389449/bukan-lembang-ini-destinasi-yang-sempat-viral-di-sulawesi-utara
Puncak Pontolo Indah,"QV75+RFR, Pontolo, Kec. Kwandang, Kabupaten Gorontalo Utara, Gorontalo 96252, Indonesia",Kabupaten Gorontalo Utara,Gorontalo,3000.0,Murah,https://hargo.co.id/berita/minim-fasilitas-penyebab-destinasi-wisata-puncak-pontolo-indah-sepi-pengunjung/
Pantai Lakeba,"GH57+52M, Katobengke, Kec. Betoambari, Kota Bau-Bau, Sulawesi Tenggara 93721, Indonesia",Kota Bau-Bau,Sulawesi Tenggara,0.0,Gratis,https://www.wonderverseindonesia.com/en/article/technology/26-wisata-bahari-di-sulawesi-tenggara-untuk-liburan-seru
Permandian Bahoruru,"FXG2+Q6H, Bahoruru, Kec. Bungku Tengah, Kabupaten Morowali, Sulawesi Tengah 94973, Indonesia",Kabupaten Morowali,Sulawesi Tengah,10000.0,Sedang,https://palu.tribunnews.com/2024/07/27/kolam-permandian-bahoruru-jadi-favorit-warga-morowali-libur-akhir-pekan
Ujung Lero Beach,"XH5W+XF6, Jalan Mesjid Muhajirin, Lero, Kec. Suppa, Kabupaten Pinrang, Sulawesi Selatan 91272, Indonesia",Kabupaten Pinrang,Sulawesi Selatan,5000.0,Murah,https://travel.tribunnews.com/2025/08/13/harga-tiket-masuk-pantai-ujung-batu-di-barru-sulawesi-selatan-panduan-rute-dari-makassar
Puncak bollangi,"Unnamed Road, QH5R+66M, Bontoparang, Kec. Parangloe, Kabupaten Gowa, Sulawesi Selatan 92173, Indonesia",Kabupaten Gowa,Sulawesi Selatan,5000.0,Murah,https://smartcity.gowakab.go.id/wisata_alam/puncak-bollangi/7
Ombro,"Pantai pasir putih, Pitulua, Kec. Lasusua, Kabupaten Kolaka Utara, Sulawesi Tenggara 93916, Indonesia",Kabupaten Kolaka Utara,Sulawesi Tenggara,0.0,Gratis,https://www.acc.co.id/info-terkini/7-wisata-bahari-di-sulawesi-tenggara-surganya-keindahan-laut
Pantai Abadi,"JH68+QGM, Nuangan, Kec. Nuangan, Kabupaten Bolaang Mongondow Timur, Sulawesi Utara, Indonesia",Kabupaten Bolaang Mongondow Timur,Sulawesi Utara,0.0,Gratis,https://travel.detik.com/travel-news/d-7362657/bule-batal-masuk-twa-bantimurung-keberatan-tiket-mahal
Pantai Talawaan Bajo,"JV8C+PG8, Minaesa, Wori, Kabupaten Minahasa Utara, Sulawesi Utara, Indonesia",Kabupaten Minahasa Utara,Sulawesi Utara,5000.0,Murah,https://travel.tribunnews.com/2025/02/05/healing-ke-pantai-lakban-di-minahasa-tenggara-sulawesi-utara-tiket-masuk-cuma-rp-5-ribu
Taman Rekreasi Datae,"3PM5+V8G, Lawawoi, Kec. Watang Pulu, Kabupaten Sidenreng Rappang, Sulawesi Selatan 91661, Indonesia",Kabupaten Sidenreng Rappang,Sulawesi Selatan,5000.0,Murah,https://www.celebes.co/taman-rekreasi-datae-sidrap
"Forte Português do Século XVI em Amurang , Portugis","Jl. Pasar No.15, Uwuran Satu, Kec. Amurang, Kabupaten Minahasa Selatan, Sulawesi Utara, Indonesia",Kabupaten Minahasa Selatan,Sulawesi Utara,0.0,Gratis,https://www.geokepo.id/en/lokasi/minahasa-selatan/benteng-portugis-amurang
Wisata Marmer Bulo Tara Leang-Leang,"2MM5+WGR, Leang-Leang, Kec. Bantimurung, Kabupaten Maros, Sulawesi Selatan 90561, Indonesia",Kabupaten Maros,Sulawesi Selatan,7000.0,Murah,https://travel.tribunnews.com/destinasi/141120/5-tempat-wisata-maros-sulawesi-selatan-wisata-alam-hidden-gem
Taman Wisata Holyland Malino (Bili Park),"PMRV+V5V, Lonjoboko, Kec. Parangloe, Kabupaten Gowa, Sulawesi Selatan 92173, Indonesia",Kabupaten Gowa,Sulawesi Selatan,50000.0,Mahal,https://travelingyuk.com/wisata-malino/50342/
Rante Karassik,"2V9V+9JX, Karassik, Kec. Rantepao, Kabupaten Toraja Utara, Sulawesi Selatan 91834, Indonesia",Kabupaten Toraja Utara,Sulawesi Selatan,0.0,Gratis,-
Museum La Pawawoi,"Jl. M.H Thamrin No.9, Manurunge, Kec. Tanete Riattang, Kabupaten Bone, Sulawesi Selatan 92712, Indonesia",Kabupaten Bone,Sulawesi Selatan,0.0,Gratis,https://www.itrip.id/museum-la-pawawoi-bone
Wisata Sungai So'do,"Unnamed Road, 8W57+Q6G, Binanga, Kec. Mamuju, Kabupaten Mamuju, Sulawesi Barat 91511, Indonesia",Kabupaten Mamuju,Sulawesi Barat,0.0,Gratis,https://travel.kompas.com/read/2021/10/26/160721427/itinerary-3-hari-2-malam-di-mamuju-sulawesi-barat-wisata-air-terjun-tamasapi
Anjungan MARISA CITY,"CWXX+GV4, Pohuwato Tim., Kec. Marisa, Kabupaten Pohuwato, Gorontalo 96265, Indonesia",Kabupaten Pohuwato,Gorontalo,0.0,Gratis,https://travelspromo.com/htm-wisata/pantai-pohon-cinta-pohuwato/
Patung Naga Kamali,"GJW4+4JP, Kec. Murhum, Kota Bau-Bau, Sulawesi Tenggara 93717, Indonesia",Kota Bau-Bau,Sulawesi Tenggara,0.0,Gratis,https://www.acc.co.id/info-terkini/7-wisata-bahari-di-sulawesi-tenggara-surganya-keindahan-laut
Pantai Labuana,"desa labuana-donggala, Lende, Kec. Sirenja, Kabupaten Donggala, Sulawesi Tengah 94355, Indonesia",Kabupaten Donggala,Sulawesi Tengah,10000.0,Sedang,https://wisato.id/wisata-air/pantai-labuana-tempat-berkemah-paling-seru-di-sulawesi-tengah/
Padang Savana Ongkoa Takalar,"CFH8+PM4, Jl. Cikoang Ongkowa, Laikang, Kec. Mangarabombang, Kabupaten Takalar, Sulawesi Selatan 92261, Indonesia",Kabupaten Takalar,Sulawesi Selatan,5000.0,Murah,https://travel.tribunnews.com/2025/02/28/pantai-mangindara-takalar-sulawesi-selatan-wisata-favorit-anak-muda-untuk-sunsetan-dan-kulineran
Pantai Teduang,"Ambelang, Tinangkung, Kabupaten Banggai Kepulauan, Sulawesi Tengah 94885, Indonesia",Kabupaten Banggai Kepulauan,Sulawesi Tengah,5000.0,Murah,https://travel.detik.com/domestic-destination/d-3835139/ada-di-indonesia-pantai-ini-punya-bentuk-hati-di-dalam-laut
Taman Teras Unhas,"VF5Q+X85, Tamalanrea Indah",Kota Makassar,Sulawesi Selatan,15000.0,Sedang,https://travel.detik.com/travel-news/d-7419333/taman-safari-bogor-terapkan-sistem-tiket-baru-ada-yang-lebih-murah
Danau Tempe,"Danau Tempe, Kabupaten Wajo, Sulawesi Selatan, Indonesia",Kabupaten Wajo,Sulawesi Selatan,0.0,Gratis,-
Bulu Saraung,"Bulu Saraung, Tompo Bulu, Balocci, Pangkajene and Islands Regency, South Sulawesi, Indonesia",Kabupaten Pangkajene Dan Kepulauan,Sulawesi Selatan,5000.0,Murah,https://travelspromo.com/htm-wisata/balai-taman-nasional-bantimurung-bulusaraung-pangkajene/
Museum Balla Lompoa Bajeng,"Limbung, PC4M+465, Jl. Balla Lompoa, Limbung, Kec. Bajeng, Kabupaten Gowa, Sulawesi Selatan 92152, Indonesia",Kabupaten Gowa,Sulawesi Selatan,2000.0,Murah,https://museum.kemenbud.go.id/museum/profile/museum+balla+lompoa
Goa Pamona,"6JPQ+JGG, Danau, Kabupaten Poso, Sulawesi Tengah 94663, Indonesia",Kabupaten Poso,Sulawesi Tengah,10000,Sedang,https://lubuklinggau.pikiran-rakyat.com/entertainment/pr-2916861354/sepuluh-rekomendasi-destinasi-wisat-poso-yang-menarik-dan-terpopuler?page=3
"Bukit Larata, Desa Kinunang","Pulisan, Kec. Likupang Tim., Kabupaten Minahasa Utara, Sulawesi Utara, Indonesia",Kabupaten Minahasa Utara,Sulawesi Utara,10000.0,Sedang,https://indonesia.tripcanvas.co/id/sulawesi/tempat-wisata-alam-sulawesi-utara/
Wisata Pantai Tapandullu,"Unnamed Road, 8QHR+JP9, Tapandullu, Kec. Simboro Dan Kepulauan, Kabupaten Mamuju, Sulawesi Barat 91513, Indonesia",Kabupaten Mamuju,Sulawesi Barat,0.0,Gratis,https://www.idntimes.com/travel/destination/pantai-mamuju-cocok-untuk-healing-c1c2-01-5ltmv-7l4qn8
Tebing Marumasa Kalibata,"CFG5+8G3, Bira, Kec. Bonto Bahari, Kabupaten Bulukumba, Sulawesi Selatan, Indonesia",Kabupaten Bulukumba,Sulawesi Selatan,10000,Sedang,https://travel.tribunnews.com/2025/09/25/pantai-tanjung-bira-di-bulukumba-sulawesi-selatan-panduan-rute-tiket-masuk-fasilitas
Pantai Pasir Putih Pitulua,"Pantai Pasir Putih Pitulua, Pitulua, Kec. Lasusua, Kabupaten Kolaka Utara, Sulawesi Tenggara 93916, Indonesia",Kabupaten Kolaka Utara,Sulawesi Tenggara,5000.0,Murah,https://travels.id/pantai-berova-di-lasusu-terkenal-atas-dermaga-cinta-kolaka-utara/
Taman Wisata Danau Sidenreng,"Danau, 2VMW+PRV, Watang Sidenreng, Kec. W T. Sidenreng, Kabupaten Sidenreng Rappang, Sulawesi Selatan 90953, Indonesia",Kabupaten Sidenreng Rappang,Sulawesi Selatan,15000.0,Sedang,https://seringjalan.com/5-tempat-wisata-di-sidrap-sidenreng-rappang/
Pemandian Air Panas Makula,"VWQC+H7W, Tokesan, Kec. Sangala Sel., Kabupaten Tana Toraja, Sulawesi Selatan 91881, Indonesia",Kabupaten Tana Toraja,Sulawesi Selatan,7000.0,Murah,https://www.kompasiana.com/imamhariyanto/54f6ab22a3331171568b45cf/backpacker-ke-tana-toraja-eksotisme-kearifan-budaya-lokal-dipadu-indahnya-kelestarian-alam
Taipa Beach,"Pantai Taipa, Unnamed Rd, 79CV+52R, Taipa, Kec. Lembo, Kabupaten Konawe Utara, Sulawesi Tenggara 93352, Indonesia",Kabupaten Konawe Utara,Sulawesi Tenggara,14000.0,Sedang,https://beautyofindonesia.com/id/wisata/wisata-alam/pantai-taipa
Taman Kota I Love Palopo,"X6Q4+52X, Jl. Jenderal Sudirman, Binturu, Kec. Wara Sel., Kota Palopo, Sulawesi Selatan 91922, Indonesia",Kota Palopo,Sulawesi Selatan,0,Gratis,https://www.celebes.co/tempat-wisata-palopo
Vihara Buddhayana,"Jl. Sunge No.57, Kakaskasen Tiga, Kec. Tomohon Utara, Kota Tomohon, Sulawesi Utara, Indonesia",Kota Tomohon,Sulawesi Utara,10000.0,Sedang,https://duasudara.com/vihara-buddhayana-tomohon/
Pantai Biluhu Timur,"FXRF+59J, Biluhu Tim., Kabupaten Gorontalo",Kabupaten Gorontalo,Gorontalo,0.0,Gratis,https://www.pesisir.net/pantai-biluhu-gorontalo
Air Terjun Parang Bugisi,"PVR8+6CP, Bulutana, Kec. Tinggimoncong, Kabupaten Gowa, Sulawesi Selatan 92174, Indonesia",Kabupaten Gowa,Sulawesi Selatan,2000.0,Murah,https://tempatwisataunik.com/wisata-indonesia/sulawesi-selatan/tempat-wisata-di-malino
Wisata Pemancingan & Kuliner AjengMart,"Jl. Brigjen Katamso, Puosu Jaya, Kabupaten Konawe Selatan",Kabupaten Konawe,Sulawesi Tenggara,5000.0,Murah,https://pdberger.com/pemancingan-konawe
Suaya,"WW43+C3W, Kaero, Kec. Sangalla, Kabupaten Tana Toraja, Sulawesi Selatan 91811, Indonesia",Kabupaten Tana Toraja,Sulawesi Selatan,20000.0,Mahal,https://hargatiketjadwal.com/harga-tiket-taman-sengkaling/
Pantai Walengkabola,"RH2R+V39, Jl. Tanjung, Oempu, Kec. Tongkuno, Kabupaten Muna, Sulawesi Tenggara 93662, Indonesia",Kabupaten Muna,Sulawesi Tenggara,10000.0,Sedang,https://wisato.id/wisata-air/menelisik-indahnya-pantai-walengkabola-pantai-indah-yang-ada-di-muna/
Pantai Kucing Parigi Moutong,"Pantai Kucing Parigi Moutong, Tandaigi, Kec. Siniu, Kabupaten Parigi Moutong, Sulawesi Tengah, Indonesia",Kabupaten Parigi Moutong,Sulawesi Tengah,0.0,Gratis,-
I Love Minsel,"6H4Q+QR6, Pondang, Kec. Amurang Tim., Kabupaten Minahasa Selatan, Sulawesi Utara, Indonesia",Kabupaten Minahasa Selatan,Sulawesi Utara,5000.0,Murah,https://travel.tribunnews.com/2025/02/05/healing-ke-pantai-lakban-di-minahasa-tenggara-sulawesi-utara-tiket-masuk-cuma-rp-5-ribu
BAROS FARM HOUSE,"Tawainalu, Kec. Tirawuta, Kabupaten Kolaka, Sulawesi Tenggara 93572, Indonesia",Kabupaten Kolaka,Sulawesi Tenggara,20000.0,Mahal,https://tajukperistiwa.com/2023/04/baros-farm-house-kolaka-timur-jadi-wisata-alternatif-bagi-masyarakat-sultra-2/
Air Terjun Salewangang Malino,"QV44+73Q, Malino, Kec. Tinggimoncong, Kabupaten Gowa, Sulawesi Selatan 92174, Indonesia",Kabupaten Gowa,Sulawesi Selatan,0.0,Gratis,-
Pantai Lowita - MUTIARA,"Jl. Poros Ujung Lero, Tasiwalie, Kec. Suppa, Kabupaten Pinrang, Sulawesi Selatan, Indonesia",Kabupaten Pinrang,Sulawesi Selatan,0.0,Gratis,-
Puncak Melby'Ls,"9V4R+3H9, Kumelembuay, Kota Tomohon",Kota Tomohon,Sulawesi Utara,25000.0,Mahal,https://hotelier.id/tempat-wisata-di-tomohon-yang-lagi-trend/
Pantai Pusahelu,"9CRG+JR2, Darubiah, Kec. Bonto Bahari, Kabupaten Bulukumba, Sulawesi Selatan 92571, Indonesia",Kabupaten Bulukumba,Sulawesi Selatan,0.0,Gratis,-
Pantai Tanjung Tumpaan,"Pantai Tanjung Tumpaan, Tumpaan, Kakas, Minahasa Regency, North Sulawesi, Indonesia",Kabupaten Minahasa,Sulawesi Utara,5000.0,Murah,https://www.celebes.co/pantai-tanjung-tumpaan-minahasa
RTH Papalimba Puday,"Lapulu, Kec. Abeli, Kota Kendari, Sulawesi Tenggara, Indonesia",Kota Kendari,Sulawesi Tenggara,0.0,Gratis,https://kadarland.com/tempat-wisata-keluarga-kendari/
Rumah Alam Dunggala,"Dunggala, Kabupaten Bone Bolango",Kabupaten Bone Bolango,Gorontalo,5000.0,Murah,https://travel.kompas.com/read/2021/09/15/121700227/itinerary-3-hari-2-malam-di-gorontalo-wisata-ke-benteng-otanaha?page=all
Pasangkayu Beach,"R9H2+62C, Jl. Moh. Hatta, Pasangkayu, Kec. Pasangkayu, Kab. Pasangkayu, Sulawesi Barat, Indonesia",Kabupaten Pasangkayu,Sulawesi Barat,0.0,Gratis,https://sulbar.tribunnews.com/2025/05/02/kamu-warga-pasangkayu-bosan-wisata-pantai-cobain-wisata-sungai-wulai-sungai-bawah-jembatan
Kahayya,"M2G2+4G4, Unnamed Road, Kindang, Kec. Sinjai Borong, Kabupaten Sinjai, Sulawesi Selatan 92662, Indonesia",Kabupaten Sinjai,Sulawesi Selatan,10000.0,Sedang,https://travel.tribunnews.com/2025/09/25/pantai-tanjung-bira-di-bulukumba-sulawesi-selatan-panduan-rute-tiket-masuk-fasilitas
Danau Towuti,"Danau Towuti, Kabupaten Luwu Timur, Sulawesi Selatan, Indonesia",Kabupaten Luwu Timur,Sulawesi Selatan,0.0,Gratis,-
Pantai Embuhanga,"JHVF+3P4, Petta Sel., Kec. Tabukan Utara, Kabupaten Kepulauan Sangihe, Sulawesi Utara, Indonesia",Kabupaten Kepulauan Sangihe,Sulawesi Utara,10000.0,Sedang,https://www.lupalibur.com/tempat-wisata-kepulauan-sangihe
Pananualeng Beach,"JHFP+G6Q, Tariangbaru, Kec. Tabukan Tengah, Kabupaten Kepulauan Sangihe, Sulawesi Utara, Indonesia",Kabupaten Kepulauan Sangihe,Sulawesi Utara,10000.0,Sedang,https://idfirms.com/sulawesi-utara/pananualeng-beach-389913
Bukit Raga,"JWWW+5Q7, Huidu, Kec. Limboto Bar., Kabupaten Gorontalo, Gorontalo 96219, Indonesia",Kabupaten Gorontalo,Gorontalo,5000.0,Murah,https://wajahbatamnews.co.id/2026/04/14/objek-wisata-bukit-bumi-cerah-nikmati-pemandangan-gorontalo-dari-atas-buku/
Alun-alun Kirambu,"GV8F+838, Ponggiha, Kec. Lasusua, Kabupaten Kolaka Utara, Sulawesi Tenggara 93914, Indonesia",Kabupaten Kolaka Utara,Sulawesi Tenggara,5000,Murah,https://idalamat.com/alamat/727381/alunalun-kirambu-kolaka-sulawesi-tenggara
Golden Kolam golden jumbo,"FV54+2RG Valley, Tingkulu, Kec. Wanea, Kota Manado, Sulawesi Utara 95119, Indonesia",Kota Manado,Sulawesi Utara,15000.0,Sedang,https://travel.tribunnews.com/2025/09/10/makatete-hills-manado-sulawesi-utara-daya-tarik-tiket-masuk-lokasi
Pagoda Ekayana,"8RWQ+V6C, Jl. Sungen, Kakaskasen Dua, Kec. Tomohon Utara, Kota Tomohon, Sulawesi Utara, Indonesia",Kota Tomohon,Sulawesi Utara,5000.0,Murah,https://travel.tribunnews.com/destinasi/140799/itinerary-tomohon-1-hari-bujet-rp-580-ribu-untuk-2-orang-dari-medan-wisata-alam-religi
Tugu Ampana,"4HJG+G5Q, Jl. Sultan Hasanudin, Ampana, Kec. Ampana Kota, Kabupaten Tojo Una-Una, Sulawesi Tengah 94683, Indonesia",Kabupaten Tojo Una-Una,Sulawesi Tengah,29000,Mahal,https://travel.tribunnews.com/destinasi/141157/daya-tarik-harga-tiket-masuk-air-terjun-veranomata-di-morowali-sulawesi-tengah
Taman Taiganja Kalukubula,"3V4J+HCR RTH, Jl. Kelor, Kalukubula, Kec. Sigi Biromaru, Kabupaten Sigi, Sulawesi Tengah 94236, Indonesia",Kabupaten Sigi,Sulawesi Tengah,10000.0,Sedang,https://planet.merdeka.com/hot-news/pemkab-sigi-dorong-umkm-manfaatkan-taman-taiganja-sebagai-kawasan-ekonomi-baru-290538-mvk.html
Tilalohe Beach Resort,"Biluhu Tim., Kec. Batudaa Pantai, Kabupaten Gorontalo, Gorontalo 96272, Indonesia",Kabupaten Gorontalo,Gorontalo,2000.0,Murah,https://jadesta.kemenpar.go.id/desa/biluhu_timur_tilalohe_beach_dan_itoduti_beach_oboss_air_terjun_wulingo_dan_paralayang
Bukit Sibedi,"2RJW+8XC, Sibedi, Kec. Marawola, Kabupaten Sigi, Sulawesi Tengah 94238, Indonesia",Kabupaten Sigi,Sulawesi Tengah,5000.0,Murah,https://www.celebes.co/bukit-sibedi-sigi
Danau Tempe Kab.Wajo,"V2WC+XHM, Assorajang, Kec. Tana Sitolo, Kabupaten Wajo, Sulawesi Selatan 90951, Indonesia",Kabupaten Wajo,Sulawesi Selatan,0.0,Gratis,-
Tracking Mangrove Lahundape,"Bar.,, 2GHJ+M6X, Lahundape, Kec. Kendari Bar., Kota Kendari, Sulawesi Tenggara, Indonesia",Kota Kendari,Sulawesi Tenggara,5000.0,Murah,https://kataomed.com/hutan/daftar-hutan-mangrove-di-sulawesi
Lembah Ollon,"Bau, Kec. Bonggakaradeng, Kabupaten Tana Toraja, Sulawesi Selatan 91872, Indonesia",Kabupaten Tana Toraja,Sulawesi Selatan,10000.0,Sedang,https://www.detik.com/sulsel/wisata/d-7855810/8-wisata-di-tana-toraja-yang-unik-dan-bersejarah-untuk-liburan-keluarga
"Desa wisata karangan latimojong ,Sivin camp, kampong kopi Latimojong","Dusun karangan, Latimojong, Kec. Buntu Batu, Kabupaten Enrekang, Sulawesi Selatan 91753, Indonesia",Kabupaten Enrekang,Sulawesi Selatan,-,-,-
Permandian Air Tawar Desa Kautu,"Jalan Trans Peling, Kautu, Tinangkung, Kabupaten Banggai Kepulauan, Sulawesi Tengah 94885, Indonesia",Kabupaten Banggai Kepulauan,Sulawesi Tengah,3000.0,Murah,https://jambi.tribunnews.com/2018/06/09/tempat-wisata-baru-di-tebo-permandian-air-panas-sungai-bengkal-ini-harga-tiket-masuk
Koguna Beach,"M6W8+G9X, Mopaano, Kec. Lasalimu Sel., Kabupaten Buton, Sulawesi Tenggara 93756, Indonesia",Kabupaten Buton,Sulawesi Tenggara,10000.0,Sedang,https://jadesta.kemenparekraf.go.id/paket/wisata_pantai_koguna
Pulau Pasir Putih,"G96Q+9P8, Tonyamang, Kec. Binuang, Kabupaten Polewali Mandar, Sulawesi Barat 91312, Indonesia",Kabupaten Polewali Mandar,Sulawesi Barat,5000.0,Murah,https://travel.detik.com/domestic-destination/d-4394985/satu-lagi-surga-di-sulawesi-pantai-pasir-putih-palippis
Rumah Adat Sao Raja Sawitto,"6M53+HRR, Sawito, Kec. Watang Sawitto, Kabupaten Pinrang, Sulawesi Selatan 91211, Indonesia",Kabupaten Pinrang,Sulawesi Selatan,5000.0,Murah,https://mundomaya.travel/tempat-wisata-di-pinrang/
Puncak Wakila,"Kondongia, Kec. Gu, Kabupaten Muna, Sulawesi Tenggara, Indonesia",Kabupaten Muna,Sulawesi Tenggara,5000.0,Murah,https://universitasibnusina.com/menikmati-panorama-alam-puncak-masalili-di-muna/
Wisata Pohon Cinta,"CWXX+Q8R, Pohuwato Tim., Kec. Marisa, Kabupaten Pohuwato, Gorontalo 96265, Indonesia",Kabupaten Pohuwato,Gorontalo,0.0,Gratis,-
Tanah Bangkala Bone 1,"F87H+649, Watampone, Kec. Tanete Riattang, Kabupaten Bone, Sulawesi Selatan 92712, Indonesia",Kabupaten Bone,Sulawesi Selatan,0.0,Gratis,-
Pantai Banano,"Unnamed Road, J5P7+74R, Betaua, Kec. Tojo, Kabupaten Tojo Una-Una, Sulawesi Tengah 94681, Indonesia",Kabupaten Tojo Una-Una,Sulawesi Tengah,-,-,-
Wisata Puncak Raja Bunga,"Buttu, Baruga, Kec. Banggae Tim., Kabupaten Majene, Sulawesi Barat 91414, Indonesia",Kabupaten Majene,Sulawesi Barat,10000.0,Sedang,https://sulbar.tribunnews.com/2025/05/30/yuk-wisata-ke-puncak-raja-bunga-majene-tiket-masuk-rp-10-ribu-cocok-yang-bosan-wisata-pantai
Pantai Kahona,"95XP+9JM, Pasirpanjang, Lembeh Sel., Kota Bitung, Sulawesi Utara, Indonesia",Kota Bitung,Sulawesi Utara,3000.0,Murah,https://www.celebes.co/pantai-kahona-lembeh-bitung
Wisata Alam Geologi Boro Boro,"W82V+9P9, Boro-Boro R, Kec. Ranomeeto, Kabupaten Konawe Selatan, Sulawesi Tenggara 93873, Indonesia",Kabupaten Konawe Selatan,Sulawesi Tenggara,15000,Sedang,https://idfirms.com/sulawesi-tenggara/wisata-alam-geologi-boro-boro-976546
Taman Batu Balloci,"3MCR+C39, Balleanging, Kec. Balocci, Kabupaten Pangkajene Dan Kepulauan, Sulawesi Selatan 90661, Indonesia",Kabupaten Pangkajene Dan Kepulauan,Sulawesi Selatan,20000.0,Mahal,https://bandung.kompas.com/read/2026/01/05/054307478/pesona-taman-batu-lereng-gunung-burangrang-purwakarta-daya-tarik-dan-harga
Bukit Teletubbies,"3QVW+CVF, Bungin, Luwuk, Kabupaten Banggai, Sulawesi Tengah 94711, Indonesia",Kabupaten Banggai,Sulawesi Tengah,0,Gratis,https://travel.detik.com/domestic-destination/d-7329985/10-pesona-bukit-teletubbies-di-indonesia-ada-di-sumatra-hingga-papua
Wisata pemandian Air Panas Bakan,"H7XV+665, Bakan, Kec. Lolayan, Kabupaten Bolaang Mongondow, Sulawesi Utara 95771, Indonesia",Kabupaten Bolaang Mongondow,Sulawesi Utara,10000.0,Sedang,https://www.geokepo.id/id/lokasi/bolaang-mongondow/pemandian-air-panas-bakan
Wisata Gunung Kekewang Desa Tetey,"GX98+J2V, Tetey, Kec. Dimembe, Kabupaten Minahasa Utara, Sulawesi Utara, Indonesia",Kabupaten Minahasa Utara,Sulawesi Utara,15000.0,Sedang,https://travel.tribunnews.com/2025/09/10/makatete-hills-manado-sulawesi-utara-daya-tarik-tiket-masuk-lokasi
Padang Pajjongang,"Jln. Poros Kessipute, Waemputang, Kec. Poleang Sel., Kabupaten Bombana, Sulawesi Tenggara 93773, Indonesia",Kabupaten Bombana,Sulawesi Tenggara,0.0,Gratis,https://www.acc.co.id/info-terkini/7-wisata-bahari-di-sulawesi-tenggara-surganya-keindahan-laut
Tanggul Batu Cincin,"Labuang, Kec. Banggae Tim., Kabupaten Majene, Sulawesi Barat 91412, Indonesia",Kabupaten Majene,Sulawesi Barat,5000.0,Murah,https://regional.kompas.com/read/2024/10/23/183545378/pantai-barane-majene-daya-tarik-aktivitas-dan-harga-tiket
Taman Wisata NewMahoni Tomohon,"9R25+3W, Kakaskasen Tiga, Kec. Tomohon Utara, Kota Tomohon, Sulawesi Utara, Indonesia",Kota Tomohon,Sulawesi Utara,25000.0,Mahal,https://www.tiktok.com/discover/tiket-masuk-mahoni-tomohon-2025
Air Terjun Bantimurung Bone-Bone,"CGW9+XJ7, Bantimurung, Kec. Bone-Bone, Kabupaten Luwu Utara, Sulawesi Selatan 91966, Indonesia",Kabupaten Luwu Utara,Sulawesi Selatan,2500.0,Murah,https://smartcity.gowakab.go.id/wisata_alam/air-terjun-bantimurung-gallang/11
Pantai Tasik Ria,"CP65+Q69, Jl. Trans Sulawesi, Mokupa, Kabupaten Minahasa",Kabupaten Minahasa,Sulawesi Utara,-,-,-
Pantai Wantopi,"Pantai Wantopi, Wantopi, East Mawasangka, Buton Regency, South East Sulawesi 93762, Indonesia",Kabupaten Buton,Sulawesi Tenggara,0.0,Gratis,https://turisian.com/2022/05/11/pantai-wantopi-surga-bahari-di-buton-tengah-sulawesi-tenggara/
Objek Wisata Gunung Tambolang,"2VPV+893, Mentirotiku, Kec. Rantepao, Kabupaten Toraja Utara, Sulawesi Selatan 91833, Indonesia",Kabupaten Toraja Utara,Sulawesi Selatan,0.0,Gratis,https://wisatago.com/gunung-tambolang-wisata/
Hidden gem - taman wisata & camping,"7R8G+6J9, Tondangow, Kec. Tomohon Sel., Kota Tomohon, Sulawesi Utara, Indonesia",Kota Tomohon,Sulawesi Utara,0.0,Gratis,-
Permandian Bukit Kasih,"Jalan Perintis Anak Bangsa, Langkae Araya, Kec. Towuti, Kabupaten Luwu Timur, Sulawesi Selatan 92982, Indonesia",Kabupaten Luwu Timur,Sulawesi Selatan,15000.0,Sedang,https://smartcity.gowakab.go.id/wisata_buatan/permandian-jene-tallasa-sileo/10
Danau Tambing,"M8G5+6F7, Jl. Dongi Dongi-Watumaeta, Sedoa, Kec. Lore Utara, Kabupaten Poso, Sulawesi Tengah 94653, Indonesia",Kabupaten Poso,Sulawesi Tengah,5000.0,Murah,https://www.msn.com/id-id/travel/taman/wisata-alam-danau-tambing-sigi-surga-tersembunyi-untuk-pecinta-alam/ar-AA1QZbKq
Wisata Alam Pakalolo,"Lengkong, Kec. Bua, Kabupaten Luwu, Sulawesi Selatan 91991, Indonesia",Kabupaten Luwu,Sulawesi Selatan,0.0,Gratis,-
Air Terjun Biroro,"PVJ9+4Q6, Bonto Lerung, Kec. Tinggimoncong, Kabupaten Gowa, Sulawesi Selatan 92174, Indonesia",Kabupaten Gowa,Sulawesi Selatan,5000.0,Murah,https://wisato.id/wisata-alam/air-terjun-biroro-oase-di-tengah-panasnya-kota-makassar/
Tapahan Telu Waterfall,"9RGM+6GH, Tinoor Satu, Kota Tomohon",Kota Tomohon,Sulawesi Utara,5000.0,Murah,https://visittomohon.com/2024/01/24/air-terjun-tekaan-telu/
Tongkonan To'Barana,"4W9V+3HC, Jl. Poros Sa'dan-Tallunglipu, Sa'dan, Sa'dan Matalo, Kabupaten Toraja Utara",Kabupaten Toraja Utara,Sulawesi Selatan,10000.0,Sedang,https://toraja.tribunnews.com/2025/02/04/pesona-objek-wisata-air-to-barana-toraja-utara-fun-rafting-jadi-primadona
Air Terjun Lengan,"WQJQ+FR3, Laiya, Kec. Cenrana, Kabupaten Maros, Sulawesi Selatan 92754, Indonesia",Kabupaten Maros,Sulawesi Selatan,10000.0,Sedang,https://mediaindonesia.com/travelista/821943/pesona-tersembunyi-air-terjun-lengang-maros-sulawesi-selatan-wisata-alam-indah-yang-wajib-dikunjungi
Pusentasi,"7MR8+4QW, Towale, Kec. Banawa Tengah, Kabupaten Donggala, Sulawesi Tengah 94351, Indonesia",Kabupaten Donggala,Sulawesi Tengah,10000.0,Sedang,https://sulsel.idntimes.com/travel/destination/tempat-liburan-favorit-di-sulteng-ini-5-wisata-pantai-di-donggala-01-th4zz-44qgdy
Pantai Malauwa,"Tapandullu, Kec. Simboro Dan Kepulauan, Kabupaten Mamuju, Sulawesi Barat, Indonesia",Kabupaten Mamuju,Sulawesi Barat,0.0,Gratis,https://travel.kompas.com/read/2021/10/26/160721427/itinerary-3-hari-2-malam-di-mamuju-sulawesi-barat-wisata-air-terjun-tamasapi
Situs Megalitik Pokekea,"8657+R4C, Baliura, Kec. Lore Tengah, Kabupaten Poso, Sulawesi Tengah 94654, Indonesia",Kabupaten Poso,Sulawesi Tengah,-,-,-
Uluna Tondano,"Unnamed Road, 7VXR+GWG, Masarang, Kec. Tondano Bar., Kabupaten Minahasa, Sulawesi Utara, Indonesia",Kabupaten Minahasa,Sulawesi Utara,0.0,Gratis,-
Air Terjun Sarang Burung,"JMPW+J44, Binuang, Kec. Balusu, Kabupaten Barru, Sulawesi Selatan 90762, Indonesia",Kabupaten Barru,Sulawesi Selatan,0.0,Gratis,https://www.tribunnews.com/regional/2016/09/18/air-terjun-sarang-burung-keindahannya-hingga-tujuh-tingkat
BUKIT DOA WAREMBUNGAN,"Warembungan, Kec. Pineleng, Kabupaten Minahasa, Sulawesi Utara, Indonesia",Kabupaten Minahasa,Sulawesi Utara,25000.0,Mahal,https://indonesia.tripcanvas.co/id/sulawesi/tempat-wisata-alam-sulawesi-utara/
ZULU PARK,"Jl. Poros Senggerang, Balleanging, Kabupaten Pangkajene Dan Kepulauan",Kabupaten Pangkajene Dan Kepulauan,Sulawesi Selatan,-,-,-
Pantai Beringin Cinta,"Dusun Toansang, Bonda, Kec. Papalang, Kabupaten Mamuju, Sulawesi Barat 91561, Indonesia",Kabupaten Mamuju,Sulawesi Barat,25000.0,Mahal,https://jadesta.kemenpar.go.id/desa/marangda_tambung_dan_pantai_beringin_cinta
Pantai Wale,"6CX4+RCW, Taipa, Ulu Sawa, Kabupaten Konawe Utara, Sulawesi Tenggara, Indonesia",Kabupaten Konawe Utara,Sulawesi Tenggara,15000.0,Sedang,https://travelspromo.com/htm-wisata/pantai-nirwana-padang/
Napabale Beach,"3QR4+QP3, Desa Loghia, Kec. Lohia, Kabupaten Muna, Sulawesi Tenggara 93658, Indonesia",Kabupaten Muna,Sulawesi Tenggara,50000.0,Mahal,https://travel.detik.com/cerita-perjalanan/d-5404451/napabale-danau-air-asin-nan-eksotis-di-sulawesi-tenggara
Marina Togo Wakatobi,"Jl. Jend. Ahmad Yani No.140, Kabupaten Wakatobi, Sulawesi Tenggara 93791, Indonesia",Kabupaten Wakatobi,Sulawesi Tenggara,0.0,Gratis,https://www.celebes.co/marina-togo-mowondu-wakatobi
Air Terjun Parom,"F469+8PP, Danowudu, Kec. Ranowulu, Kota Bitung, Sulawesi Utara, Indonesia",Kota Bitung,Sulawesi Utara,-,-,-
Bulu Dua,"Bulu Dua, Gattareng Toa, Kec. Mario Riwawo, Kabupaten Soppeng, Sulawesi Selatan, Indonesia",Kabupaten Soppeng,Sulawesi Selatan,29000.0,Mahal,https://travel.tribunnews.com/2025/06/11/nikmati-air-panas-alami-lejja-soppeng-cek-harga-tiket-masuk-lokasinya-di-sulawesi-selatan
Pantai Alar Pondang,"6H8V+3XV, Pondang, Kec. Amurang Tim., Kabupaten Minahasa Selatan, Sulawesi Utara, Indonesia",Kabupaten Minahasa Selatan,Sulawesi Utara,5000.0,Murah,https://atourin.com/destination/minahasa-selatan/pantai-alar
Minanga Beach,"Pantai Minanga, Unnamed Road, W4G5+VC2, Kota Jin, Kec. Atinggola, Kabupaten Gorontalo Utara, Gorontalo 96253, Indonesia",Kabupaten Gorontalo Utara,Gorontalo,0.0,Gratis,https://travel.tribunnews.com/2020/06/26/malang-night-paradise-dibuka-kembali-27-juni-2020-ini-harga-tiket-masuknya
Taman Wisata Fafaliang,"Panaikang, Kec. Sinjai Tim., Kabupaten Sinjai, Sulawesi Selatan, Indonesia",Kabupaten Sinjai,Sulawesi Selatan,5000.0,Murah,https://travel.tribunnews.com/2024/10/27/harga-tiket-masuk-fafaliang-waterpark-wisata-air-di-desa-panaikang-sinjai-timur-sinjai-sulsel
Pantai Kelapa Ujung,"Tino, Kec. Tarowang, Kabupaten Jeneponto, Sulawesi Selatan, Indonesia",Kabupaten Jeneponto,Sulawesi Selatan,5000.0,Murah,https://superapps.kompas.com/read/4282708/6-tempat-wisata-di-maros-sulawesi-selatan-ada-taman-nasional-yang-disebut-kerajaan-kupu-kupu
HARLAND WISATA KEBUN,"Belapunranga, Kec. Parangloe, Kabupaten Gowa, Sulawesi Selatan 92173, Indonesia",Kabupaten Gowa,Sulawesi Selatan,15000.0,Sedang,https://travel.kompas.com/read/2024/11/06/200200127/wisata-kebun-gowa--lokasi-jam-buka-dan-harga-tiket-masuk
Wisata Alam Buhung Tie Lotong-lotong,"G84Q+52C, Benjala, Kec. Bonto Bahari, Kabupaten Bulukumba, Sulawesi Selatan 92572, Indonesia",Kabupaten Bulukumba,Sulawesi Selatan,-,-,-
Monumen Juang Lesangi,"C8WG+PPV, Bone, Kec. Masamba, Kabupaten Luwu Utara, Sulawesi Selatan 92961, Indonesia",Kabupaten Luwu Utara,Sulawesi Selatan,0.0,Gratis,https://www.detik.com/sulsel/wisata/d-6908956/19-rekomendasi-tempat-wisata-di-luwu-utara-yang-menarik-dikunjungi
Wisata Polewali Mandar - Rawa Bangun,"HCJ4+479, Batetangnga, Kec. Binuang, Kabupaten Polewali Mandar, Sulawesi Barat 91312, Indonesia",Kabupaten Polewali Mandar,Sulawesi Barat,5000.0,Murah,https://www.celebes.co/rawa-bangun-polewali-mandar
Wisata alam & rekreasi borkal,"Jl. Poros Bonto Bahari-Kajang, Bonto Tangnga, Kec. Bonto Tiro, Kabupaten Bulukumba, Sulawesi Selatan 92572, Indonesia",Kabupaten Bulukumba,Sulawesi Selatan,10000.0,Sedang,https://travel.tribunnews.com/2025/09/25/pantai-tanjung-bira-di-bulukumba-sulawesi-selatan-panduan-rute-tiket-masuk-fasilitas
Wale Ne Reideen Rumah Miring Tomohon,"Unnamed Road, Talete Dua, Tomohon Tengah, Tomohon City, North Sulawesi, Indonesia",Kota Tomohon,Sulawesi Utara,20000.0,Mahal,https://www.idntimes.com/travel/destination/tempat-wisata-di-tomohon2023-00-819v4-cf96m0
Museum Karaeng Pattingalloang,"RC53+GPF, Jl. Abd. Kadir, Benteng Somba Opu, Kec. Barombong, Kabupaten Gowa, Sulawesi Selatan 90225, Indonesia",Kabupaten Gowa,Sulawesi Selatan,0.0,Gratis,-
Permandian Alam Waetuwo,"W68G+694, Waetuwo, Kabupaten Bone",Kabupaten Bone,Sulawesi Selatan,0.0,Gratis,https://makassar.tribunnews.com/travel/1824541/bubung-peree-dan-permandian-alam-taretta-wisata-gratis-favorit-warga-amali-bone
Klenteng Ibu Agung Bahari,"Jl. Sulawesi No.41, Pattunuang, Kec. Wajo, Kota Makassar, Sulawesi Selatan 90164, Indonesia",Kota Makassar,Sulawesi Selatan,2000.0,Murah,https://menukuliner.net/tempat/13000/klenteng-ibu-agung-bahari
Bukit Savana Pulisan,"M5H2+PWV, Pulisan, Kec. Likupang Tim., Kabupaten Minahasa Utara, Sulawesi Utara, Indonesia",Kabupaten Minahasa Utara,Sulawesi Utara,5000.0,Murah,https://www.rctiplus.com/news/detail/travel/3222586/10-rekomendasi-tempat-liburan-di-sulawesi-utara-nomor-8-udara-pegunungannya-segar-banget
Masjid Taqwa Tompong,"CXX4+672, Jalan Bete-Bete, Letta",Kabupaten Bantaeng,Sulawesi Selatan,10000.0,Sedang,https://travel.tribunnews.com/2020/07/14/harga-tiket-masuk-alas-harum-bali-tempat-wisata-instagramable-dengan-wahana-ekstrem
Kolam Renang Banua Wisata,"Kompleks SMK Pelayaran Samudera Nusantara Utama, Balandai, Kec. Bara, Kota Palopo, Sulawesi Selatan, Indonesia",Kota Palopo,Sulawesi Selatan,5000.0,Murah,https://www.idntimes.com/travel/destination/wisata-kolam-renang-di-palopo-00-r95nh-r24jt0
Bulu Saukang,"Bulu Saukang, Benteng Gajah, Kec. Tompobulu, Kabupaten Maros, Sulawesi Selatan, Indonesia",Kabupaten Maros,Sulawesi Selatan,5000.0,Murah,https://www.tiktok.com/discover/jalur-pendakian-gunung-bulu-saukang
Pantai Batu Gong Kendari,"Jalan Poros Wisata Batu Gong, Toola Wawo, 4G94+PJQ, Batu Gong, Kec. Lalonggasumeeto, Kabupaten Konawe, Sulawesi Tenggara 93351, Indonesia",Kabupaten Konawe,Sulawesi Tenggara,15000.0,Sedang,https://www.celebes.co/pantai-batu-gong-konawe
Danau Limboto,"Danau Limboto, Kabupaten Gorontalo, Gorontalo, Indonesia",Kabupaten Gorontalo,Gorontalo,10000.0,Sedang,https://radarlawu.jawapos.com/wisata/2205136875/intip-htm-dan-jam-operasional-wisata-danau-limboto-pesona-alam-yang-menyegarkan-di-gorontalo
Togeo Beach,"Bulu-Bulu, Kec. Tonra, Kabupaten Bone, Sulawesi Selatan, Indonesia",Kabupaten Bone,Sulawesi Selatan,10000.0,Sedang,https://www.detik.com/sulsel/wisata/d-6064973/pantai-togeo-bone-pilihan-keluarga-menikmati-libur-lebaran-hemat-biaya
Rumah Adat Jeneponto,"Jalan Lakebodong, Benteng Somba Opu, Kec. Barombong, Kabupaten Gowa, Sulawesi Selatan 90225, Indonesia",Kabupaten Gowa,Sulawesi Selatan,0.0,Gratis,https://www.detik.com/sulsel/wisata/d-7291656/gratis-masuk-wisata-air-terjun-tuang-loe-jeneponto-ramai-saat-libur-lebaran
Wisata Rumah Hobbit Bolangi 4,"Timbuseng, Bolangi, Timbuseng, Kec. Pattallassang, Kabupaten Gowa, Sulawesi Selatan 92175, Indonesia",Kabupaten Gowa,Sulawesi Selatan,10000.0,Sedang,https://www.celebes.co/puncak-bollangi-gowa
Permandian Moko,"RHGM+7CR, Oempu, Kec. Tongkuno, Kabupaten Muna, Sulawesi Tenggara 93662, Indonesia",Kabupaten Muna,Sulawesi Tenggara,2000.0,Murah,https://www.celebes.co/permandian-wakante-muna-barat
PANTAI PUDONGGALA,"6CMW+3JG, Jl. Wisata Pantai, Pudonggala, Kec. Sawa, Kabupaten Konawe Utara, Sulawesi Tenggara 93352, Indonesia",Kabupaten Konawe Utara,Sulawesi Tenggara,0.0,Gratis,https://travel.tribunnews.com/destinasi/141416/harga-tiket-paddle-board-di-pantai-anggalo-konawe-untuk-liburan-akhir-tahun
Bukit Alebo,"VCMX+C22, Alebo, Kec. Konda, Kabupaten Konawe Selatan, Sulawesi Tenggara 93874, Indonesia",Kabupaten Konawe Selatan,Sulawesi Tenggara,20000.0,Mahal,https://seringjalan.com/6-tempat-wisata-di-andoolo-kabupaten-konawe-selatan/
Taman Nasional Taka Bonerate,"Jl. S. Parman No.40, Pulau Tinabo Besar, Kec. Taka Bonerate, Kab. Kepulauan Selayar, Sulawesi Selatan 92812, Indonesia",Kabupaten Kepulauan Selayar,Sulawesi Selatan,5000.0,Murah,https://travel.kompas.com/read/2024/01/08/190800327/7-tempat-wisata-di-selayar-sulawesi-selatan-cocok-buat-healing
Rano Kalimpaa,"Rano Kalimpaa, Sedoa, Kec. Lore Utara, Kabupaten Poso, Sulawesi Tengah, Indonesia",Kabupaten Poso,Sulawesi Tengah,5000.0,Murah,https://id.wikipedia.org/wiki/Danau_Tambing
"Embung Hutadaa, Talaga Jaya","H2G6+3VX, Unnamed Road, Hutadaa, Kabupaten Gorontalo",Kabupaten Gorontalo,Gorontalo,0.0,Gratis,https://kataomed.com/desa-wisata/5-tempat-wisata-di-gorontalo
Wisata Pemancingan dan Kuliner Lembah Sigi,"2WQ6+6X4, Jl. Bufupanda, Lolu, Kec. Sigi Biromaru, Kabupaten Sigi, Sulawesi Tengah 94231, Indonesia",Kabupaten Sigi,Sulawesi Tengah,0.0,Gratis,https://travel.tribunnews.com/2021/08/24/harga-tiket-masuk-mantikole-sigi-wisata-pemandian-air-panas-untuk-relaksasi-diri
Puncak Pusunge Tahuna,"JGJ4+45F, Lenganeng, Kec. Tabukan Utara, Kabupaten Kepulauan Sangihe, Sulawesi Utara, Indonesia",Kabupaten Kepulauan Sangihe,Sulawesi Utara,10000.0,Sedang,https://nativeindonesia.com/puncak-pusunge-tahuna/
Museum Keraton Buton,"GJ92+QV9, Baadia, Kec. Murhum, Kota Bau-Bau, Sulawesi Tenggara 93711, Indonesia",Kota Bau-Bau,Sulawesi Tenggara,0.0,Gratis,-
Pantai Moinit,"5FMR+V5M, Tewasen, Kec. Amurang Bar., Kabupaten Minahasa Selatan, Sulawesi Utara, Indonesia",Kabupaten Minahasa Selatan,Sulawesi Utara,5000.0,Murah,https://sisparnas.kemenpar.go.id/p/46291
Pantai Tae Manu Belang-Belang,"Unnamed Road, G4PG+5V5, Belang-Belang, Kalukku, Mamuju Regency, West Sulawesi 91561, Indonesia",Kabupaten Mamuju,Sulawesi Barat,0.0,Gratis,https://www.lemon8-app.com/atinah17/7147651464335278593?region=id
Bukit Jati Gentungan Mamuju,"92RH+HJJ, Bebanga, Kec. Kalukku, Kabupaten Mamuju, Sulawesi Barat 91561, Indonesia",Kabupaten Mamuju,Sulawesi Barat,5000.0,Murah,https://www.dailysia.com/10-destinasi-wisata-ikonic-mamuju-yang-buat-liburanmu-semakin-berkesan/
Tumbak Island Cottage Ratahan,"Tumbak, Pusomaen, Kabupaten Minahasa Tenggara, Sulawesi Utara 95997, Indonesia",Kabupaten Minahasa Tenggara,Sulawesi Utara,10000.0,Sedang,https://indonesia.tripcanvas.co/id/sulawesi/tempat-wisata-alam-sulawesi-utara/
Bukit Teletubbies,"5PM4+R67, Waemputang, Kec. Poleang Sel., Kabupaten Bombana, Sulawesi Tenggara 93773, Indonesia",Kabupaten Bombana,Sulawesi Tenggara,15000.0,Sedang,https://travel.detik.com/domestic-destination/d-7329985/10-pesona-bukit-teletubbies-di-indonesia-ada-di-sumatra-hingga-papua
Lambangan Pauno,"Lambangan Pauno, Banggai Laut, Central Sulawesi 94891, Indonesia",Kabupaten Banggai,Sulawesi Tengah,3000.0,Murah,https://wisato.id/wisata-alam/pantai-lambangan-pauno-dengan-batu-karang-unik-di-banggai-laut/
Mimpi pool club manado,"Jl. Ring Road Jaga IX manado, Kairagi Weru, Kec. Paal Dua, Kabupaten Minahasa Utara, Sulawesi Utara 95378, Indonesia",Kabupaten Minahasa Utara,Sulawesi Utara,15000.0,Sedang,https://www.wonderfulmanado.org/rumah-alam-manado-adventure-park-pilihan-tempat-wisata-terbaik-di-manado/
RTH Suwawa,"G4MP+Q74, Boludawa, Kec. Suwawa, Kabupaten Bone Bolango, Gorontalo 96113, Indonesia",Kabupaten Bone Bolango,Gorontalo,0.0,Gratis,-
Pantai Tanjung Tabako,"54P5+9HR, Banda Sea, Lampata, Kabupaten Bombana, Sulawesi Tenggara, Indonesia",Kabupaten Bombana,Sulawesi Tenggara,10000.0,Sedang,https://seringjalan.com/6-tempat-wisata-di-rumbia-bombana/
Air terjun Timurung,"HJRV+J7M, Dusun Bungasunggu, Batumalonro, Kec. Biringbulu, Kabupaten Gowa, Sulawesi Selatan 90244, Indonesia",Kabupaten Gowa,Sulawesi Selatan,0.0,Gratis,https://travel.detik.com/domestic-destination/d-7465518/15-tempat-pariwisata-gowa-daya-tarik-lokasi-harga-tiket
AIR TERJUN TALOKAN,"3QFM+HG5, Tayokan, Kec. Paleleh Bar., Kabupaten Buol, Sulawesi Tengah 94568, Indonesia",Kabupaten Buol,Sulawesi Tengah,-,-,-
Air Terjun Manuba,"QM5C+RCF, Manuba, Kec. Mallusetasi, Kabupaten Barru, Sulawesi Selatan 90753, Indonesia",Kabupaten Barru,Sulawesi Selatan,0.0,Gratis,https://www.detik.com/sulsel/wisata/d-6455069/7-tempat-wisata-di-barru-yang-menarik-dan-murah-celebes-canyon-lappa-laona
Sungai Jodoh,"X5G5+G3H, Murante, Kec. Mungkajang, Kota Palopo, Sulawesi Selatan 91921, Indonesia",Kota Palopo,Sulawesi Selatan,2000.0,Murah,https://bobobox-optmz-dev.oxinos.id/blog/id/destinasi-tempat-wisata-alam-palopo/
Situs To'pao Pusat Sejarah Kondosapata',"394F+WR3, Mamasa, Kec. Mamasa, Kabupaten Mamasa, Sulawesi Barat 91365, Indonesia",Kabupaten Mamasa,Sulawesi Barat,-,-,-
Puncak Botubarani,"Botubarani, Kabupaten Bone Bolango",Kabupaten Bone Bolango,Gorontalo,0.0,Gratis,-
Mata Air Paisu Batango Desa Luk Panenteng,"QXM8+MG5, Luk Panenteng, Kec. Bulagi Utara, Kabupaten Banggai Kepulauan, Sulawesi Tengah 94882, Indonesia",Kabupaten Banggai Kepulauan,Sulawesi Tengah,0.0,Gratis,https://idfirms.com/sulawesi-tengah/paisu-batango-spring-bath-1040796
Wisata pantai kaisomaru,"Leato Sel., Kota Gorontalo",Kota Gorontalo,Gorontalo,3000.0,Murah,https://www.trans7news.com/wisata-gorontalo-yang-direkomendasikan-untuk-menghabiskan-liburan-akhir-pekan/
Permandian Lambiria,"Unnamed Road, HVPH+5F8, Cikoro, Kec. Tompobulu, Kabupaten Gowa, Sulawesi Selatan 92175, Indonesia",Kabupaten Gowa,Sulawesi Selatan,20000.0,Mahal,https://www.posoline.com/obyek-wisata-permandian-alam-lambira-gowa-surga-tersembunyi-ditengah-hutan/
Buntu Burake,"Buntu Burake, Kec. Makale, Kabupaten Tana Toraja, Sulawesi Selatan, Indonesia",Kabupaten Tana Toraja,Sulawesi Selatan,10000.0,Sedang,https://travels.id/bukit-buntu-burake-di-tana-toraja-pemandangan-patung-yesus-kristus-seperti-di-rio-de-janeiro-brasil/
Wisata Air Terjun Mantikole,"Unnamed Road Bar No.94362, Balomoa, Kec. Dolo Bar., Kabupaten Sigi, Sulawesi Tengah 94362, Indonesia",Kabupaten Sigi,Sulawesi Tengah,0.0,Gratis,-
Wisata Cekong,"HQGX+3H2, Tanete, Kec. Anggeraja, Kabupaten Enrekang, Sulawesi Selatan 91752, Indonesia",Kabupaten Enrekang,Sulawesi Selatan,15000.0,Sedang,https://wisatago.com/wisata-cekong/
Wale Ti Siri Puncak Rurukan Sulawesi Utara,"8VPJ+QR3, Unnamed Road, Rurukan Satu, Kota Tomohon",Kota Tomohon,Sulawesi Utara,15000.0,Sedang,https://jadesta.kemenparekraf.go.id/desa/rurukan
Kawasan Benteng Sanrobone,"H9CR+C5R, Sanrobone, Kec. Sanrobone, Kabupaten Takalar, Sulawesi Selatan 92231, Indonesia",Kabupaten Takalar,Sulawesi Selatan,0.0,Gratis,https://www.detik.com/sulsel/wisata/d-6503703/14-tempat-wisata-di-takalar-yang-populer-dan-menarik-dikunjungi
Pantai Hayalan Donggala,"Salubomba, Kec. Banawa Tengah, Kabupaten Donggala, Sulawesi Tengah 94351, Indonesia",Kabupaten Donggala,Sulawesi Tengah,1000.0,Murah,https://travel.detik.com/cerita-perjalanan/d-5406040/menyusuri-donggala-kota-tua-di-ujung-teluk-palu
Pantai Senja,"Pantai Senja, Wawatu, Moramo Utara, South Konawe Regency, South East Sulawesi 93891, Indonesia",Kabupaten Konawe,Sulawesi Tenggara,-,-,-
Air Terjun Lembah Karaeng,"PMG5+XV6, Bilalang, Kec. Manuju, Kabupaten Gowa, Sulawesi Selatan 92173, Indonesia",Kabupaten Gowa,Sulawesi Selatan,0.0,Gratis,https://travel.detik.com/domestic-destination/d-7465518/15-tempat-pariwisata-gowa-daya-tarik-lokasi-harga-tiket
Permandian Alam Air Panas Lemo Susu,"GGVR+RQ5, Betteng, Kec. Lembang, Kabupaten Pinrang, Sulawesi Selatan 91254, Indonesia",Kabupaten Pinrang,Sulawesi Selatan,3000.0,Murah,https://seringjalan.com/5-tempat-wisata-di-pinrang-sulawesi-selatan/
Casa de Lotus,"GX6F+683, Tetey, Kabupaten Minahasa Utara",Kabupaten Minahasa,Sulawesi Utara,5000.0,Murah,https://travel.tribunnews.com/2025/02/05/healing-ke-pantai-lakban-di-minahasa-tenggara-sulawesi-utara-tiket-masuk-cuma-rp-5-ribu
Taman patung kuda bumi bahari,"4R5W+PQM, Jl. Bantilan, Lere, Kec. Palu Bar., Kota Palu, Sulawesi Tengah 94221, Indonesia",Kota Palu,Sulawesi Tengah,15000.0,Sedang,https://palu.tribunnews.com/2025/01/06/warga-padati-taman-bundaran-patung-kuda-bumi-bahari-palu-di-akhir-pekan
Telaga Sibili Pantoloan,"7VX7+C7M, Jl. Pengga Lembah, Pantoloan, Kec. Tawaeli, Kota Palu, Sulawesi Tengah 94352, Indonesia",Kota Palu,Sulawesi Tengah,10000.0,Sedang,https://regional.kompas.com/read/2019/06/02/10094601/harga-tiket-masuk-candi-borobudur-naik-selama-libur-lebaran-2019
Penangkaran RUSA Desa Wosu,"Wosu, Kec. Bungku Bar., Kabupaten Morowali, Sulawesi Tengah 94976, Indonesia",Kabupaten Morowali,Sulawesi Tengah,-,-,-
Desa Wisata Untia,"WFJ9+RXQ, Jl. Salodong, Untia, Kec. Biringkanaya, Kabupaten Maros, Sulawesi Selatan, Indonesia",Kabupaten Maros,Sulawesi Selatan,5000.0,Murah,https://superapps.kompas.com/read/4282708/6-tempat-wisata-di-maros-sulawesi-selatan-ada-taman-nasional-yang-disebut-kerajaan-kupu-kupu
Pulau Binongko,"Pulau Binongko, Kabupaten Wakatobi, Sulawesi Tenggara, Indonesia",Kabupaten Wakatobi,Sulawesi Tenggara,50000.0,Mahal,https://indonesia.tripcanvas.co/id/sulawesi/panduan-wisata-ke-wakatobi/
Pantai Lolan,"Lolan, Kec. Bolaang Tim., Bolmong, Sulawesi Utara, Indonesia",Kabupaten Bolaang Mongondow,Sulawesi Utara,5000.0,Murah,https://travel.tribunnews.com/destinasi/141107/jam-buka-tiket-masuk-pantai-modisi-di-bolaang-mongondow-selatan-sulawesi-utara
Museum - Ziekenhuis - Mandar Majene,"Jl. Raden Suradi, Pangali-Ali, Kec. Banggae, Kabupaten Majene, Sulawesi Barat, Indonesia",Kabupaten Majene,Sulawesi Barat,3000.0,Murah,https://id.wikipedia.org/wiki/Museum_Mandar
Taman Wisata Alam Kota Tomohon,"Jl. Tomohon - Rurukan, Talete Satu, Kec. Tomohon Tengah, Kota Tomohon, Sulawesi Utara, Indonesia",Kota Tomohon,Sulawesi Utara,10000.0,Sedang,https://www.tiktok.com/discover/wisata-tomohon-catur-nama-aap
Gelora Wisata Desa Nepo,"Jl. Pelita, Nepo, Kec. Tana Sitolo, Kabupaten Wajo, Sulawesi Selatan 90951, Indonesia",Kabupaten Wajo,Sulawesi Selatan,20000.0,Mahal,https://travel.tribunnews.com/2025/05/03/tarif-main-jetski-di-gelora-wisata-desa-nepo-wajo-sulawesi-selatan-2025
Pijar Beach Cottages,"Lalos, Kabupaten Toli-Toli",Kabupaten Toli-Toli,Sulawesi Tengah,-,-,-
Wisata Hutan Mangrove Dewi Biringkassi,"Jl. Poros Biringkassi, Bulu Cindea, Kec. Bungoro, Kabupaten Pangkajene Dan Kepulauan, Sulawesi Selatan 90651, Indonesia",Kabupaten Pangkajene Dan Kepulauan,Sulawesi Selatan,5000.0,Murah,https://kataomed.com/hutan/daftar-hutan-mangrove-di-sulawesi
Air Terjun Kima Atas,"Kima Atas, Kec. Mapanget, Kota Manado, Sulawesi Utara, Indonesia",Kota Manado,Sulawesi Utara,5000.0,Murah,https://www.rctiplus.com/news/detail/travel/3222586/10-rekomendasi-tempat-liburan-di-sulawesi-utara-nomor-8-udara-pegunungannya-segar-banget
Air Terjun Tumburano,"Lansilowo, Kec. Wawonii Utara, Konawe Kepulauan, Sulawesi Tenggara 93393, Indonesia",Kabupaten Konawe,Sulawesi Tenggara,0.0,Gratis,https://www.geokepo.id/id/lokasi/konawe-kepulauan/air-terjun-tumburano
Tanggul Topejawa,"Unnamed Road,, FCHP+33V, Topejawa, Kec. Mangarabombang, Kabupaten Takalar, Sulawesi Selatan 92261, Indonesia",Kabupaten Takalar,Sulawesi Selatan,0.0,Gratis,https://www.detik.com/sulsel/wisata/d-6503703/14-tempat-wisata-di-takalar-yang-populer-dan-menarik-dikunjungi
Air Terjun Kembar Desa Barambang,"P22F+9PQ, Barambang, Kec. Sinjai Borong, Kabupaten Sinjai, Sulawesi Selatan 92662, Indonesia",Kabupaten Sinjai,Sulawesi Selatan,2500.0,Murah,https://travel.kompas.com/read/2014/03/30/1803164/Air.Terjun.Kembar.Batu.Barae.Andalan.Wisata.di.Sinjai.
Donggia Kahayya,"Donggia, Desa Kahayya, Kec. Kindang, Kabupaten Bulukumba, Sulawesi Selatan 92662, Indonesia",Kabupaten Bulukumba,Sulawesi Selatan,5000.0,Murah,https://www.detik.com/sulsel/wisata/d-6312883/11-tempat-wisata-di-bulukumba-suguhan-alam-eksotis-hingga-kawasan-adat
labengki Pasir Panjang,"GFM8+9J7, Laut Banda, Cipulir, Kebayoran Lama",Kabupaten Konawe,Sulawesi Tenggara,5000.0,Murah,https://wisatago.com/wisata-pantai-pasir-panjang/
Rangas Beach,"8RRX+5WV, Jl. Abdul Malik Pattana Endeng, Rangas, Kec. Simboro Dan Kepulauan, Kabupaten Mamuju, Sulawesi Barat 91512, Indonesia",Kabupaten Mamuju,Sulawesi Barat,5000.0,Murah,https://www.celebes.co/pantai-rangas-mamuju
AGRA Wisata,"265J+HGR, Jl. Syamsudin, Laloika, Kec. Pondidaha, Kabupaten Konawe, Sulawesi Tenggara 93463, Indonesia",Kabupaten Konawe,Sulawesi Tenggara,0.0,Gratis,https://travel.tribunnews.com/destinasi/141416/harga-tiket-paddle-board-di-pantai-anggalo-konawe-untuk-liburan-akhir-tahun
Puncak Tiriondahi,"VG43+MCV, Tanea, Kec. Konda, Kabupaten Konawe Selatan, Sulawesi Tenggara 93874, Indonesia",Kabupaten Konawe Selatan,Sulawesi Tenggara,10000.0,Sedang,https://makassar.tribunnews.com/travel/1821613/puncak-lima-jari-di-ponre-bone-spot-favorit-sunrise-tiket-masuk-rp10-ribu
Air Terjun Tammasapi,"7WWC+8HX, Mamunyu, Kec. Mamuju, Kabupaten Mamuju, Sulawesi Barat 91511, Indonesia",Kabupaten Mamuju,Sulawesi Barat,5000.0,Murah,https://www.diadona.id/travel/menikmati-indahnya-air-terjun-tamasapi-pesona-indonesia-dari-tanah-mamuju-200708x.html
Air Terjun To Magelli,"Kamiri, MP83+5QX, Balusu, Kamiri, Kec. Barru, Kabupaten Barru, Sulawesi Selatan 90762, Indonesia",Kabupaten Barru,Sulawesi Selatan,5000.0,Murah,https://travel.tribunnews.com/2025/08/13/harga-tiket-masuk-pantai-ujung-batu-di-barru-sulawesi-selatan-panduan-rute-dari-makassar
Danau Tombakar (Ranowangko),"7VQJ+QJ5, Tataaran Dua, Kec. Tondano Bar., Kabupaten Minahasa, Sulawesi Utara, Indonesia",Kabupaten Minahasa,Sulawesi Utara,0.0,Gratis,https://travel.kompas.com/read/2024/03/11/222900527/4-tempat-wisata-di-sekitar-danau-tondano-sulawesi-utara?page=all
Kelapa Tujuh,"8W32+XG5, Rimuku, Kec. Mamuju, Kabupaten Mamuju, Sulawesi Barat 91511, Indonesia",Kabupaten Mamuju,Sulawesi Barat,0.0,Gratis,https://www.tempatwisata.pro/wisata/Mamuju-City-(Kelapa-Tujuh)
Pantai Exotic,"Pantai Exotic, Huangobotu, Kabila Bone, Bone Bolango Regency, Gorontalo 96117, Indonesia",Kabupaten Bone Bolango,Gorontalo,-,-,-
Museum Nekara,"Bontobangung, Kec. Bontoharu, Kab. Kepulauan Selayar, Sulawesi Selatan 92812, Indonesia",Kabupaten Kepulauan Selayar,Sulawesi Selatan,0.0,Gratis,https://id.wikipedia.org/wiki/Museum_Tanadoang
Pantai Impian,"F9G9+CR3, Jl. Danau Matano, Sorowako, Kabupaten Luwu Timur",Kabupaten Luwu Timur,Sulawesi Selatan,24000,Mahal,https://travel.tribunnews.com/2025/09/17/7-destinasi-wisata-di-luwu-timur-sulawesi-selatan-yang-instagramable
Tugu Lilin,"FRVQ+Q7J, Kota Manado, Sulawesi Utara 55281, Indonesia",Kota Manado,Sulawesi Utara,10000.0,Sedang,https://travel.tribunnews.com/2022/01/06/harga-tiket-masuk-de-mangol-dan-4-tempat-wisata-instagramable-di-gunungkidul
Pesisir Pantai Pamboang,"GV6W+6C3, Lalampanua, Kec. Pamboang, Kabupaten Majene, Sulawesi Barat 91451, Indonesia",Kabupaten Majene,Sulawesi Barat,5000.0,Murah,https://regional.kompas.com/read/2024/10/23/183545378/pantai-barane-majene-daya-tarik-aktivitas-dan-harga-tiket
Pantai Talise,"Pantai Talise, Indonesia",Kota Palu,Sulawesi Tengah,0.0,Gratis,-
Wisata Vatu Nonju,"XW9X+GP9, Watunonju, Sigi Kota, Kabupaten Sigi, Sulawesi Tengah 94364, Indonesia",Kabupaten Sigi,Sulawesi Tengah,0.0,Gratis,https://travel.tribunnews.com/2021/08/24/harga-tiket-masuk-mantikole-sigi-wisata-pemandian-air-panas-untuk-relaksasi-diri
Bumi Perkemahan Ulunggolaka,"2HGM+V36, Unnamed Road, Ulunggolaka",Kabupaten Kolaka,Sulawesi Tenggara,5000.0,Murah,https://travel.kompas.com/read/2024/01/25/152600027/bumi-perkemahan-bedengan-malang--daya-tarik-harga-tiket-dan-jam-buka
Balai Taman Nasional Wakatobi,"Lagiwae, FQW4+GXG, Kaledupa, Ambeua, Kec. Kaledupa, Kabupaten Wakatobi, Sulawesi Tenggara 93792, Indonesia",Kabupaten Wakatobi,Sulawesi Tenggara,5000.0,Murah,https://www.senangrekreasi.com/taman-nasional-wakatobi/
Pantai Mowuru,"6624+77H, Jln, Saraea, Linsowu, Kec. Kulisusu, Kabupaten Buton Utara, Sulawesi Tenggara 93752, Indonesia",Kabupaten Buton Utara,Sulawesi Tenggara,0.0,Gratis,https://www.acc.co.id/info-terkini/7-wisata-bahari-di-sulawesi-tenggara-surganya-keindahan-laut
Pantai Nipa Nipa,"Pantai Nipa Nipa, Soropia, Kabupaten Konawe, Sulawesi Tenggara 93351, Indonesia",Kabupaten Konawe,Sulawesi Tenggara,25000.0,Mahal,https://travel.kompas.com/read/2023/08/22/233257727/25-tempat-wisata-kendari-lengkap-ada-pantai-dan-bukit?page=all
Pantai Jampue,"Jampu e, Lanrisang, Kec. Lanrisang, Kabupaten Pinrang, Sulawesi Selatan, Indonesia",Kabupaten Pinrang,Sulawesi Selatan,10000.0,Sedang,https://www.celebes.co/pantai-jampue-pinrang
Pantai Sarena,"Jalan Maluku, F65M+X8H, Sea, Malalayang, Tandurusa, Kota Manado, Sulawesi Utara, Indonesia",Kota Manado,Sulawesi Utara,5000.0,Murah,https://travel.tribunnews.com/destinasi/141107/jam-buka-tiket-masuk-pantai-modisi-di-bolaang-mongondow-selatan-sulawesi-utara
Pantai Negeri Lama (Nelam),"Pantai Negeri Lama (Nelam), Negeri Lama, Kec. Bokat, Kabupaten Buol, Sulawesi Tengah 94564, Indonesia",Kabupaten Buol,Sulawesi Tengah,29000,Mahal,https://travel.tribunnews.com/2025/04/11/harga-tiket-masuk-pantai-enu-wisata-primadona-di-kabupaten-donggala-sulawesi-tengah
Pangngalleang toppa',"PGWP+F48, Pakatto, Kabupaten Gowa",Kabupaten Gowa,Sulawesi Selatan,5000.0,Murah,https://pakatto.digitaldesa.id/wisata/desa-wisata-alam-tangga-refleksi-gunung-pangngalleang-toppa
Mendatte Park,"Mendatte, Kec. Anggeraja, Kabupaten Enrekang, Sulawesi Selatan 91752, Indonesia",Kabupaten Enrekang,Sulawesi Selatan,5000.0,Murah,https://travel.kompas.com/read/2024/01/18/130100327/aktivitas-seru-di-mendatte-park-sulawesi-selatan-camping-hingga-hiking
Pantai marana,"R78P+32, Pasimarannu, Kabupaten Sinjai, Sulawesi Selatan, Indonesia",Kabupaten Sinjai,Sulawesi Selatan,5000.0,Murah,https://travel.tribunnews.com/2025/08/13/harga-tiket-masuk-pantai-ujung-batu-di-barru-sulawesi-selatan-panduan-rute-dari-makassar
Pulau Lahe,"CX83+M9M, Pohuwato Tim., Kec. Marisa, Kabupaten Pohuwato, Gorontalo, Indonesia",Kabupaten Pohuwato,Gorontalo,-,-,-
Pantai Kambahu,"F6RP+R9F, Makawidey, Aertembaga, Kota Bitung, Sulawesi Utara, Indonesia",Kota Bitung,Sulawesi Utara,3000.0,Murah,https://www.celebes.co/pantai-kahona-lembeh-bitung
Taman Makam Pahlawan,"FX24+FJ8, Jl. Gatot Subroto, Pangali-Ali, Kec. Banggae, Kabupaten Majene, Sulawesi Barat, Indonesia",Kabupaten Majene,Sulawesi Barat,-,-,-
Pantai Sumpang Binangae,"Sumpang Binangae, Kec. Barru, Kabupaten Barru, Sulawesi Selatan 90712, Indonesia",Kabupaten Barru,Sulawesi Selatan,5000.0,Murah,https://disparpora.barrukab.go.id/wisata/pantai-sumpang-binangae
DESA Wisata Namu,"Namu, Laonti, Kabupaten Konawe Selatan, Sulawesi Tenggara 93892, Indonesia",Kabupaten Konawe Selatan,Sulawesi Tenggara,15000.0,Sedang,https://objektif.id/2025/01/28/menikmati-suasana-keindahan-alam-di-desa-wisata-namu-konawe-selatan/
Taman Marannu,"6M52+6Q9, Jaya, Kec. Watang Sawitto, Kabupaten Pinrang, Sulawesi Selatan 91213, Indonesia",Kabupaten Pinrang,Sulawesi Selatan,5000.0,Murah,https://travel.tribunnews.com/destinasi/140737/itinerary-pinrang-1-hari-dari-parepare-liburan-berdua-cuma-rp-200-ribu
Pantai Babo Moonow,"RVQ9+6VX, Jl. Trans Sulawesi, Babo, Kec. Sangtombolang, Kabupaten Bolaang Mongondow, Sulawesi Utara, Indonesia",Kabupaten Bolaang Mongondow,Sulawesi Utara,5000.0,Murah,https://travel.tribunnews.com/destinasi/141107/jam-buka-tiket-masuk-pantai-modisi-di-bolaang-mongondow-selatan-sulawesi-utara
Pantai Indah Kapu,"XCX9+WPW, Sani Sani, Kec. Samaturu, Kabupaten Kolaka, Sulawesi Tenggara, Indonesia",Kabupaten Kolaka,Sulawesi Tenggara,5000.0,Murah,https://sultra.tribunnews.com/2023/05/21/pantai-indah-kapu-kolaka-sulawesi-tenggara-tempat-wisata-nikmati-keindahan-sunset-dan-pasir-putih
Permandian Matakidi,"4GWW+84P, Latugho, Kec. Lawa, Kabupaten Muna, Sulawesi Tenggara 93652, Indonesia",Kabupaten Muna,Sulawesi Tenggara,0.0,Gratis,https://www.sulawesitoday.com/berita/122511452/permandian-matakidi-surga-tersembunyi-di-muna-barat-yang-memikat-hati
"Negeri Seribu Batu (NeBuBa) ""Pondok Mahari""","Bukit Harapan, Kec. Bua, Kota Palopo, Sulawesi Selatan, Indonesia",Kota Palopo,Sulawesi Selatan,15000.0,Sedang,https://bobobox-optmz-dev.oxinos.id/blog/id/destinasi-tempat-wisata-alam-palopo/
Khenjiro Beach,"Rinondoran, Kec. Likupang Tim., Kabupaten Minahasa Utara, Sulawesi Utara, Indonesia",Kabupaten Minahasa Utara,Sulawesi Utara,0.0,Gratis,https://manado.tribunnews.com/2024/02/24/5-tempat-wisata-pantai-di-sulawesi-utara-harga-masuk-murah-meriah-pemandangan-menakjubkan?page=all
Mata Air Sangia,"3CP7+6P7, Kabangka, Kec. Kabangka, Kabupaten Muna, Sulawesi Tenggara 93664, Indonesia",Kabupaten Muna,Sulawesi Tenggara,5000.0,Murah,https://kumparan.com/kendarinesia/fotunosangia-surga-kecil-di-belantara-hutan-muna-sulawesi-tenggara-1551002544115549339
Maccahaya Waterboom,"JWH4+JQW, Lalabata Rilau, Kec. Lalabata, Kabupaten Soppeng, Sulawesi Selatan 90812, Indonesia",Kabupaten Soppeng,Sulawesi Selatan,10000.0,Sedang,https://visit.soppeng.go.id/destinasi/detail/13
Obyek Wisata Pantai Vatu Mapida,"FQ8G+RQR, Jl. Tolitoli - Palu, Enu, Kec. Sindue, Kabupaten Donggala, Sulawesi Tengah 94353, Indonesia",Kabupaten Donggala,Sulawesi Tengah,4000.0,Murah,https://travel.detik.com/travel-news/d-4564067/naiknya-tiket-masuk-di-sejumlah-tempat-wisata-bali-naik-tak-disoal-tapi
Pantai Tumbu,"X6MC+RW2, Tumbu, Kec. Topoyo, Kabupaten Mamuju, Sulawesi Barat 91563, Indonesia",Kabupaten Mamuju,Sulawesi Barat,0.0,Gratis,https://travel.kompas.com/read/2021/10/26/160721427/itinerary-3-hari-2-malam-di-mamuju-sulawesi-barat-wisata-air-terjun-tamasapi
Gunung Ambang,"Gunung Ambang, Bongkudai Utara, Kec. Modayag, Kabupaten Bolaang Mongondow Timur, Sulawesi Utara, Indonesia",Kabupaten Bolaang Mongondow Timur,Sulawesi Utara,2500.0,Murah,https://www.celebes.co/gunung-ambang
Rote Park Sawangan,"9XP3+5W6 Rote Park, Sawangan, Kec. Airmadidi, Kabupaten Minahasa Utara, Sulawesi Utara, Indonesia",Kabupaten Minahasa Utara,Sulawesi Utara,15000.0,Sedang,https://travel.tribunnews.com/2025/09/10/makatete-hills-manado-sulawesi-utara-daya-tarik-tiket-masuk-lokasi
Puncak Kelor Ta Wanua Tonra,"Bulu-Bulu, Kec. Tonra, Kabupaten Bone, Sulawesi Selatan, Indonesia",Kabupaten Bone,Sulawesi Selatan,5000.0,Murah,https://jadesta.kemenpar.go.id/paket/kebun_budidaya_kelor_dan_agro_buah
Pasir Panjang,"38Q7+FV, Puungkeu, Kec. Bungku Pesisir, Kabupaten Morowali, Sulawesi Tengah 94974, Indonesia",Kabupaten Morowali,Sulawesi Tengah,5000.0,Murah,https://www.pantainesia.com/pantai-pasir-panjang
Tongkonan Karuaya,"XW26+4VM, Tumbang Datu, Kec. Sangalla Utara, Kabupaten Tana Toraja, Sulawesi Selatan 91817, Indonesia",Kabupaten Tana Toraja,Sulawesi Selatan,10000.0,Sedang,https://salsawisata.com/tempat-wisata-tana-toraja/
Pantai Ujung Tiro,"GFF2+6HX, Kec. Bonto Tiro, Kabupaten Bulukumba, Sulawesi Selatan 92572, Indonesia",Kabupaten Bulukumba,Sulawesi Selatan,0.0,Gratis,-
Permandian Rindu Alam Apala,"Jl. Poros Bone, Apala, Kec. Barebbo, Kabupaten Bone, Sulawesi Selatan 92771, Indonesia",Kabupaten Bone,Sulawesi Selatan,5000.0,Murah,https://rakyatempatlawang.bacakoran.co/read/23678/rindu-alam-waterpark-di-bone-destinasi-wisata-murah-meriah-yang-lagi-viral
Gunung Mekongga,"Gunung Mekongga, Walasiho, Kec. Wawo, Kabupaten Kolaka Utara, Sulawesi Tenggara, Indonesia",Kabupaten Kolaka Utara,Sulawesi Tenggara,0.0,Gratis,-
Tanete Gandangdewata,"Tanete Gandangdewata, Gandang Dewata, Kec. Tabulahan, Kabupaten Mamasa, Sulawesi Barat, Indonesia",Kabupaten Mamasa,Sulawesi Barat,0.0,Gratis,https://sulbar.tribunnews.com/2025/04/06/melihat-gunung-gandang-dewata-di-wisata-alam-edelweis-dekat-dari-pusat-kota-mamasa
Bira Point Of View(one piece),"Bira, Kec. Bonto Bahari, Kabupaten Bulukumba, Sulawesi Selatan, Indonesia",Kabupaten Bulukumba,Sulawesi Selatan,10000.0,Sedang,https://travel.tribunnews.com/2025/09/25/pantai-tanjung-bira-di-bulukumba-sulawesi-selatan-panduan-rute-tiket-masuk-fasilitas
Gunung Nona,"GRH6+WM, Rosoan, Kec. Enrekang, Kabupaten Enrekang, Sulawesi Selatan 91752, Indonesia",Kabupaten Enrekang,Sulawesi Selatan,10000.0,Sedang,https://travel.tribunnews.com/2025/08/05/harga-tiket-masuk-dan-jam-buka-mendatte-park-enrekang-dengan-lanskap-gunung-nona
Gunung Batuangus,"Gn. Batuangus, Kasawari, Aertembaga, Kota Bitung, Sulawesi Utara, Indonesia",Kota Bitung,Sulawesi Utara,-,-,-
Wisata Jembatan Lingkar,"8MRP+6F9, Wawowangi, Batulo, Kec. Sampolawa, Kabupaten Buton, Sulawesi Tenggara 93716, Indonesia",Kabupaten Buton,Sulawesi Tenggara,100000.0,Mahal,https://jadesta.kemenpar.go.id/desa/16700
Pantai tihu,"9698+4J5, Tihu, Kec. Bonepantai, Kabupaten Bone Bolango, Gorontalo, Indonesia",Kabupaten Bone Bolango,Gorontalo,2000.0,Murah,https://gorontalo.tribunnews.com/2024/10/13/wisata-tanjung-tihu-gorontalo-tempat-camping-di-pesisir-pantai
PANTAI WAIKESA,"Waelumu, Wangi-Wangi Sel., Kabupaten Wakatobi, Sulawesi Tenggara 93791, Indonesia",Kabupaten Wakatobi,Sulawesi Tenggara,0.0,Gratis,https://www.acc.co.id/info-terkini/7-wisata-bahari-di-sulawesi-tenggara-surganya-keindahan-laut
Wisata Pemandian Potanga,"G2VG+PWJ Bar, Pilolodaa, Kec. Kota Bar., Kabupaten Gorontalo, Gorontalo 96181, Indonesia",Kabupaten Gorontalo,Gorontalo,-,-,-
Benteng Oranje,"VW27+6M5, Dambalo, Kec. Kwandang, Kabupaten Gorontalo Utara, Gorontalo 96252, Indonesia",Kabupaten Gorontalo Utara,Gorontalo,5000.0,Murah,https://bicaraa.com/libur-akhir-pekan-nikmati-7-panorama-wisata-favorit-gorontalo/
Danau Balang Tonjong,"Balang Tonjong, RFMP+HP4, Antang, Kec. Manggala, Kota Makassar, Sulawesi Selatan 90234, Indonesia",Kota Makassar,Sulawesi Selatan,0,Gratis,https://travel.detik.com/domestic-destination/d-6902779/liburan-di-makassar-10-destinasi-ini-jangan-sampai-kamu-skip-ya
Istana Malige,"GJR4+VPM, Tomba, Kec. Wolio, Kota Bau-Bau, Sulawesi Tenggara 93717, Indonesia",Kota Bau-Bau,Sulawesi Tenggara,-,-,-
Danau Mawang,"Danau Mawang, Mawang, Kec. Somba Opu, Kabupaten Gowa, Sulawesi Selatan, Indonesia",Kabupaten Gowa,Sulawesi Selatan,5000.0,Murah,https://wamanews.id/20-tempat-liburan-akhir-tahun-di-sulawesi-selatan/
Museum Negeri Provinsi Sulawesi Tenggara,"Jl. Abunawas No.113, Bende, Kec. Kadia, Kota Kendari, Sulawesi Tenggara 93461, Indonesia",Kota Kendari,Sulawesi Tenggara,3000.0,Murah,https://id.wikipedia.org/wiki/Museum_Negeri_Provinsi_Sulawesi_Tenggara
pulau bintang tolala,"23VC+22G, Kec. Tolala, Kabupaten Kolaka Utara, Sulawesi Tenggara, Indonesia",Kabupaten Kolaka Utara,Sulawesi Tenggara,74000.0,Mahal,https://www.idntimes.com/travel/destination/wisata-terbaru-di-kolaka-sulawesi-utara-00-j73nz-0d0d13
Goa Jepang Kawangkoan,"6Q7Q+FH9, Jl. Raya Kawangkoan Manado, Uner, Kec. Kawangkoan Utara, Kabupaten Minahasa, Sulawesi Utara, Indonesia",Kabupaten Minahasa,Sulawesi Utara,5000.0,Murah,https://manado.tribunnews.com/2025/02/18/goa-jepang-di-kawangkoan-minahasa-sulawesi-utara-peninggalan-sejak-perang-dunia-kedua
Pantai Pasir Putih,"9HRC+M32, Pasir Putih, Kec. Banggai, Kab. Banggai Laut, Sulawesi Tengah 94891, Indonesia",Kabupaten Banggai,Sulawesi Tengah,-,-,-
Bukit Marezo,"XM96+PWF, Jl. MP. Remmang, Lemoe, Kec. Bacukiki, Kota Parepare, Sulawesi Selatan 91121, Indonesia",Kota Parepare,Sulawesi Selatan,5000.0,Murah,https://travel.tribunnews.com/2025/08/13/harga-tiket-masuk-pantai-ujung-batu-di-barru-sulawesi-selatan-panduan-rute-dari-makassar
Tomohon Show Window,"9R2F+R2H, Kakaskasen Dua, Kec. Tomohon Utara, Kota Tomohon, Sulawesi Utara, Indonesia",Kota Tomohon,Sulawesi Utara,5000.0,Murah,https://www.celebes.co/agrowisata-show-window-tomohon
Pantai Lilang,"Kema - Makalisung, Kec. Kema, Kabupaten Minahasa Utara, Sulawesi Utara, Indonesia",Kabupaten Minahasa Utara,Sulawesi Utara,0.0,Gratis,-
Taraujung Pamboang,"GV8M+PGF, Lalampanua, Kec. Pamboang, Kabupaten Majene, Sulawesi Barat 91451, Indonesia",Kabupaten Majene,Sulawesi Barat,-,-,-
PANTAI KARANG EMPAT,"8F88+RR, Ranokomea, Kec. Poleang Bar., Kabupaten Bombana, Sulawesi Tenggara, Indonesia",Kabupaten Bombana,Sulawesi Tenggara,5000.0,Murah,https://www.orami.co.id/magazine/wisata-bahari-di-sulawesi-tenggara
Air Terjun Sungai Anuang,"MQ5W+2QM, Kasintuwu, Kec. Mangkutana, Kabupaten Luwu Timur, Sulawesi Selatan 92973, Indonesia",Kabupaten Luwu Timur,Sulawesi Selatan,10000.0,Sedang,https://www.celebes.co/air-terjun-sungai-anuang
Wisata Alam Lewaja,"Lewaja, Kec. Enrekang, Kabupaten Enrekang, Sulawesi Selatan 91712, Indonesia",Kabupaten Enrekang,Sulawesi Selatan,10000.0,Sedang,https://www.itrip.id/air-terjun-lewaja-enrekang
Pantai Galau,"V7QM+962, Lappa, Kec. Sinjai Utara, Kabupaten Sinjai, Sulawesi Selatan, Indonesia",Kabupaten Sinjai,Sulawesi Selatan,5000.0,Murah,https://travel.tribunnews.com/2025/08/13/harga-tiket-masuk-pantai-ujung-batu-di-barru-sulawesi-selatan-panduan-rute-dari-makassar
Pantai RCTI,"94W6+79F, Tj. Merah, Kec. Matuari, Kota Bitung, Sulawesi Utara, Indonesia",Kota Bitung,Sulawesi Utara,4000.0,Murah,https://www.celebes.co/pantai-rcti-bitung
Pantai Kinunang,"M577+F4F, Pulisan, Kec. Likupang Tim., Kabupaten Minahasa Utara, Sulawesi Utara, Indonesia",Kabupaten Minahasa Utara,Sulawesi Utara,20000.0,Mahal,https://travel.detik.com/travel-news/d-5834482/4-rekomendasi-wisata-di-likupang-sulawesi-utara
Air Terjun Waesai,"CPWW+CV5, Lompo Riaja, Kec. Tanete Riaja, Kabupaten Barru, Sulawesi Selatan 90762, Indonesia",Kabupaten Barru,Sulawesi Selatan,10000.0,Sedang,https://www.celebes.co/air-terjun-waesai-barru
Destinasi Wisata Bukit Sasayaban,"5HHF+CX7, Buyungon, Kec. Amurang, Kabupaten Minahasa Selatan, Sulawesi Utara, Indonesia",Kabupaten Minahasa Selatan,Sulawesi Utara,5000.0,Murah,https://www.geokepo.id/id/lokasi/minahasa-selatan/bukit-sasayaban
Air Terjun Ladenring,"Barugae, Kec. Lamuru, Kabupaten Bone, Sulawesi Selatan 92763, Indonesia",Kabupaten Bone,Sulawesi Selatan,5000.0,Murah,https://travel.tribunnews.com/destinasi/140539/pantai-togeo-bone-sulawesi-selatan-tiket-masuk-lokasi-panduan-rute
Pantai Gubahi,"HCVV+WJ3, Lasori, Mawasangka Tim., Kabupaten Buton, Sulawesi Tenggara, Indonesia",Kabupaten Buton,Sulawesi Tenggara,5000.0,Murah,https://travel.kompas.com/read/2016/05/09/061032327/Pantai.Lembo.Tempat.Favorit.Warga.Buton.Mengisi.Akhir.Pekan
Klenteng KWAN KONG Manado,"FRVV+MVX, Jl. D. I. Panjaitan, Calaca, Kec. Wenang, Kota Manado, Sulawesi Utara, Indonesia",Kota Manado,Sulawesi Utara,15000.0,Sedang,https://travel.tribunnews.com/2025/09/10/makatete-hills-manado-sulawesi-utara-daya-tarik-tiket-masuk-lokasi
Pantai Pulisan,"Pantai Pulisan, Pulisan, Likupang Timur, North Minahasa Regency, North Sulawesi, Indonesia",Kabupaten Minahasa,Sulawesi Utara,40000.0,Mahal,https://www.pesisir.net/pantai-pulisan-minahasa
Monumen Perjuangan Rakyat Pangkep,"5G7X+W3P, Padoang Doangan, Kec. Pangkajene, Kabupaten Pangkajene Dan Kepulauan, Sulawesi Selatan 90614, Indonesia",Kabupaten Pangkajene Dan Kepulauan,Sulawesi Selatan,0,Gratis,https://www.detik.com/sulsel/wisata/d-6447974/11-objek-wisata-pangkep-yang-cocok-untuk-mengisi-liburan
Wisata Bukit Arang Gorontalo,"Lonuo, Kec. Tilongkabila, Kabupaten Bone Bolango, Gorontalo 96121, Indonesia",Kabupaten Bone Bolango,Gorontalo,0.0,Gratis,-
Tanjung Ngalo Mamuju,"4QM9+8PH, Dungkait, Selat, Kota Makassar, Sulawesi Selatan, Indonesia",Kota Makassar,Sulawesi Selatan,50000.0,Mahal,https://sulbar.tribunnews.com/2025/06/27/daftar-harga-tiket-bus-di-terminal-tipe-a-simboro-mamuju
Kebun Anggur DUYU BANGKIT 02/04,"Jl. Gawalise, Duyu, Kota Palu",Kota Palu,Sulawesi Tengah,0.0,Gratis,-
Mattirotasi beach,"Jl. Mattiro Tasi No.125, Kp. Baru, Kec. Bacukiki Bar., Kota Parepare, Sulawesi Selatan 91121, Indonesia",Kota Parepare,Sulawesi Selatan,10000.0,Sedang,https://www.tribunnewswiki.com/2022/07/22/pantai-mattirotasi
Tugu Kandean Dulang,"2VHX+RCX, Jalan Andi Mappanyukki, Penanian",Kabupaten Pasangkayu,Sulawesi Barat,0.0,Gratis,https://travel.kompas.com/read/2018/06/01/151700927/diskon-tiket-masuk-taman-wisata-hingga-rp-350.000-mau-
Pantai BBC,"6QCR+72P, Beo Tim., Kec. Beo, Kabupaten Kepulauan Talaud, Sulawesi Utara, Indonesia",Kabupaten Kepulauan Talaud,Sulawesi Utara,30000.0,Mahal,https://travel.tribunnews.com/2025/07/14/wisata-talaud-pesona-mata-air-pelong-pantai-aresa-surga-tersembunyi-di-ujung-sulawesi-utara
Mokokawa,"3PGP+76, Hanga-Hanga, Kec. Luwuk Selatan, Kabupaten Banggai, Sulawesi Tengah, Indonesia",Kabupaten Banggai,Sulawesi Tengah,10000.0,Sedang,https://kumparan.com/jendela-dunia/4-daya-tarik-air-terjun-mokokawa-banggai-sulawesi-tengah-tiket-dan-aksesnya-253LAT0Fq6Q
Masjid Keraton Liya,"JHFR+6RC Liya Togo, Liya Mawi, Wangi-Wangi Sel., Kabupaten Wakatobi, Sulawesi Tenggara 93795, Indonesia",Kabupaten Wakatobi,Sulawesi Tenggara,0,Gratis,https://sultra.tribunnews.com/2024/10/17/mengenal-benteng-liya-togo-destinasi-wisata-sejarah-wangi-wangi-selatan-wakatobi-sulawesi-tenggara
Pemandian Ma'obu,"Lalibo, M9PW+GFW, Mawasangka Tengah, Lalibo, Buton Tengah, Kabupaten Buton, Sulawesi Tenggara, Indonesia",Kabupaten Buton,Sulawesi Tenggara,3000.0,Murah,https://www.celebes.co/permandian-maobu-buton-tengah
Pantai Bungin,"VXJP+299, Motabang, Kec. Lolak, Kabupaten Bolaang Mongondow, Sulawesi Utara 95761, Indonesia",Kabupaten Bolaang Mongondow,Sulawesi Utara,5000.0,Murah,https://travel.tribunnews.com/destinasi/141107/jam-buka-tiket-masuk-pantai-modisi-di-bolaang-mongondow-selatan-sulawesi-utara
Hubat Sanjai,"Q8H6+QH8, Sanjai, Kec. Sinjai Tim., Kabupaten Sinjai, Sulawesi Selatan, Indonesia",Kabupaten Sinjai,Sulawesi Selatan,20000.0,Mahal,https://jadesta.kemenpar.go.id/desa/sanjai_1
Ungkea Beach,"ungkea, Kabupaten Morowali Utara, Sulawesi Tengah, Indonesia",Kabupaten Morowali Utara,Sulawesi Tengah,29000,Mahal,https://travel.tribunnews.com/destinasi/141157/daya-tarik-harga-tiket-masuk-air-terjun-veranomata-di-morowali-sulawesi-tengah
Taman Kota Majene,"FX48+37J, Jl. Ammana Wewang, Banggae, Kec. Banggae, Kabupaten Majene, Sulawesi Barat, Indonesia",Kabupaten Majene,Sulawesi Barat,5000.0,Murah,https://regional.kompas.com/read/2024/10/23/183545378/pantai-barane-majene-daya-tarik-aktivitas-dan-harga-tiket
Pantai Padongko,"Pantai Padongko, Mangempang, Kec. Barru, Kabupaten Barru, Sulawesi Selatan 90712, Indonesia",Kabupaten Barru,Sulawesi Selatan,5000.0,Murah,https://travel.tribunnews.com/2025/08/13/harga-tiket-masuk-pantai-ujung-batu-di-barru-sulawesi-selatan-panduan-rute-dari-makassar
Air Terjun Baturiti,"X985+VC4, Balinggi, Kec. Balinggi, Kabupaten Parigi Moutong, Sulawesi Tengah 94473, Indonesia",Kabupaten Parigi Moutong,Sulawesi Tengah,5000.0,Murah,https://www.celebes.co/tempat-wisata-parigi-moutong
Pantai Malaha,"2C24+XFQ, Malaha, Kec. Samaturu, Kabupaten Kolaka, Sulawesi Tenggara 93915, Indonesia",Kabupaten Kolaka,Sulawesi Tenggara,5000.0,Murah,https://oto.detik.com/mobil/d-4785291/naik-turun-bukit-dengan-terios-demi-jelajah-surga-kolaka
Pantai Panorama,"Pantai Panorama, Rangas, Simboro Dan Kepulauan, Mamuju Regency, West Sulawesi 91512, Indonesia",Kabupaten Mamuju,Sulawesi Barat,-,-,-
Taman Kota Keydupa,"Boroko, W757+R95, Kuala, Kaidipang, Boroko, Kec. Kaidipang, Kabupaten Bolaang Mongondow Utara, Sulawesi Utara, Indonesia",Kabupaten Bolaang Mongondow Utara,Sulawesi Utara,5000.0,Murah,https://travel.tribunnews.com/destinasi/141107/jam-buka-tiket-masuk-pantai-modisi-di-bolaang-mongondow-selatan-sulawesi-utara
TODDOPULI GREENLAND,"F68M+MP, Kalumeme",Kabupaten Luwu,Sulawesi Selatan,25000.0,Mahal,https://regional.kompas.com/read/2022/02/27/134539778/eling-bening-obyek-wisata-di-semarang-harga-tiket-lokasi-dan-daya-tarik
Gelora ambang,"P8W9+88G, Kotamobagu, Kec. Kotamobagu Bar., Kota Kotamobagu, Sulawesi Utara 95716, Indonesia",Kota Kotamobagu,Sulawesi Utara,2500.0,Murah,https://haloyouth.pikiran-rakyat.com/travel/pr-607354756/gunung-ambang-di-kotamobagu-wisata-cocok-untuk-berpetualang-dan-camping-tiket-masuk-cuma-rp2-ribu
Pantai Kanaan,"Jaga VI, Kolongan I, Kecamatan Kombi, Kabupaten Minahasa, Sulawesi Utara, Indonesia",Kabupaten Minahasa,Sulawesi Utara,5000.0,Murah,https://travel.tribunnews.com/2025/02/05/healing-ke-pantai-lakban-di-minahasa-tenggara-sulawesi-utara-tiket-masuk-cuma-rp-5-ribu
Wisata Alam Bukit Peyapata,"Tunggulo, Kec. Tilongkabila, Kabupaten Bone Bolango, Gorontalo 96123, Indonesia",Kabupaten Bone Bolango,Gorontalo,0.0,Gratis,-
Tongkonan Ranteallo,"2WX6+Q2W, Buntu Tallunglipu, Kec. Tallunglipu, Kabupaten Toraja Utara, Sulawesi Selatan 91853, Indonesia",Kabupaten Toraja Utara,Sulawesi Selatan,10000.0,Sedang,https://www.celebes.co/tongkonan-toraja
Pantai Kampa,"Islands district, Indoneaia, Wawonii Barat, Konawe Regency, South East Sulawesi, Indonesia",Kabupaten Konawe,Sulawesi Tenggara,10000.0,Sedang,https://www.itrip.id/pantai-kampa-konawe
Pantai Meleura,"3QC5+M2, Lakarinta, Kec. Lohia, Kabupaten Muna, Sulawesi Tenggara 93658, Indonesia",Kabupaten Muna,Sulawesi Tenggara,0.0,Gratis,https://www.acc.co.id/info-terkini/7-wisata-bahari-di-sulawesi-tenggara-surganya-keindahan-laut
Dermaga Harapan,"9VJ7+25W, Desa, Pao, Kabupaten Jeneponto",Kabupaten Jeneponto,Sulawesi Selatan,-,-,-
Pantai Pajala,"Pantai Pajala, Pajala, Kec. Maginti, Kabupaten Muna, Sulawesi Tenggara, Indonesia",Kabupaten Muna,Sulawesi Tenggara,0.0,Gratis,https://www.acc.co.id/info-terkini/7-wisata-bahari-di-sulawesi-tenggara-surganya-keindahan-laut
LYWANZA HILLS,"8V4F+262, Jl. Soekarno Hatta, Karema, Kec. Mamuju, Kabupaten Mamuju, Sulawesi Barat 91512, Indonesia",Kabupaten Mamuju,Sulawesi Barat,20000.0,Mahal,https://sulbar.tribunnews.com/2024/01/01/libur-tahun-baru-kolam-renang-lywanza-hills-padat-pengunjung
Pantai Gusung Indah,"Jalan Rustam Massa, Desa Bontosunggu, Galesong Utara, Bontosunggu, Takalar, Kabupaten Takalar, Sulawesi Selatan 92255, Indonesia",Kabupaten Takalar,Sulawesi Selatan,5000.0,Murah,https://www.detik.com/sulsel/wisata/d-7319476/11-pantai-di-makassar-yang-eksotis-buat-liburan
Taman Pintar,"Jl. Jend. Sukawati No.40, Macorawalie, Kec. Watang Sawitto, Kabupaten Pinrang, Sulawesi Selatan 91212, Indonesia",Kabupaten Pinrang,Sulawesi Selatan,1000.0,Murah,https://travel.detik.com/travel-news/d-7362657/bule-batal-masuk-twa-bantimurung-keberatan-tiket-mahal
Lolai Tongkonan Tangke Honai Rangga,"3V54+745, Sikuku, Kec. Kapala Pitu, Kabupaten Toraja Utara, Sulawesi Selatan 91854, Indonesia",Kabupaten Toraja Utara,Sulawesi Selatan,15000.0,Sedang,https://hargatiketjadwal.com/harga-tiket-masuk-dufan-ancol/
Pantai Pa'badilang,"Pa'baddilang, Kab. Kepulauan Selayar, Sulawesi Selatan 92851, Indonesia",Kabupaten Kepulauan Selayar,Sulawesi Selatan,5000.0,Murah,https://www.wonderverseindonesia.com/en/article/technology/10-wisata-sulawesi-selatan-yang-sangat-memukau
Pantai mosing,"X3RX+4QP, Sinei, Kec. Tinombo Sel., Kabupaten Parigi Moutong, Sulawesi Tengah, Indonesia",Kabupaten Parigi Moutong,Sulawesi Tengah,-,-,-
Bendungan Kalola,"Desa Sogi, 438G+5R4, Maniang Pajo, Sogi, Wajo, Kabupaten Wajo, Sulawesi Selatan 90952, Indonesia",Kabupaten Wajo,Sulawesi Selatan,10000.0,Sedang,https://www.detik.com/sulsel/wisata/d-6896112/16-tempat-wisata-di-kabupaten-wajo-yang-wajib-di-kunjungi
Pinus 2 Soputan,"4QV2+HR7, Pinabetengan, Kec. Tompaso, Kabupaten Minahasa, Sulawesi Utara, Indonesia",Kabupaten Minahasa,Sulawesi Utara,5000.0,Murah,https://travel.tribunnews.com/2025/02/05/healing-ke-pantai-lakban-di-minahasa-tenggara-sulawesi-utara-tiket-masuk-cuma-rp-5-ribu
Hutan Kota Tomohon,"Jl. Sumeseper, Talete Satu, Kec. Tomohon Tengah, Kota Tomohon, Sulawesi Utara, Indonesia",Kota Tomohon,Sulawesi Utara,0.0,Gratis,-
Objek Wisata Danau Seper,"9XFW+846, Jl. A. Manowutu, Lembean, Kec. Kauditan, Kabupaten Minahasa Utara, Sulawesi Utara, Indonesia",Kabupaten Minahasa Utara,Sulawesi Utara,0.0,Gratis,-
Taman Wisata Alam Batu Angus,"Dekat, G64R+532, Kasawari, Aertembaga, Kota Bitung, Sulawesi Utara, Indonesia",Kota Bitung,Sulawesi Utara,10000.0,Sedang,https://www.senangrekreasi.com/batu-angus-bitung/
Permandian air terjun Moramo,"QPFP+F7W, Sumber Sari, Kec. Moramo, Kabupaten Konawe Selatan, Sulawesi Tenggara 93395, Indonesia",Kabupaten Konawe Selatan,Sulawesi Tenggara,10000.0,Sedang,https://www.idntimes.com/travel/destination/wisata-air-terjun-moramo-konawe-selatan-c1c2-01-5qrqr-6p4y9y
Citol Hill TONDOK BAKARU,"Unnamed Road, 39HP+X82, Rambusaratu, Kec. Mamasa, Kabupaten Mamasa, Sulawesi Barat 91362, Indonesia",Kabupaten Mamasa,Sulawesi Barat,4000.0,Murah,https://www.suara.com/lifestyle/2019/09/29/130000/kenalan-dengan-tondok-bakaru-desa-wisata-nan-asri-di-sulawesi-barat
Permandian Alam Uelanti,"Unnamed Road, HQVQ+XFJ, Kasintuwu, Mangkutana, East Luwu Regency, South Sulawesi 92973, Indonesia",Kabupaten Luwu,Sulawesi Selatan,5000.0,Murah,https://makassar.tribunnews.com/2022/01/01/masuk-permandian-uelanti-mangkutana-luwu-timur-cukup-rp5-ribu-hari-ini-ramai-pengunjung
BUKIT SENAYAN DESA BULO KEC. BULO (NEGERI ATAS AWAN),"Q5H8+783, Unnamed Road, Bulo, Kec. Bulo, Kabupaten Polewali Mandar, Sulawesi Barat 91353, Indonesia",Kabupaten Polewali Mandar,Sulawesi Barat,10000.0,Sedang,https://video.tribunnews.com/travel/318233/berlibur-ke-negeri-di-atas-awan-puncak-senayan-sulawesi-barat-sunrise-jadi-pemandangan-paling-apik
Taman Nirwana Park (Tilung),"FR38+8G2, Tadulako, Kec. Tomoni, Kabupaten Luwu Timur, Sulawesi Selatan 92971, Indonesia",Kabupaten Luwu Timur,Sulawesi Selatan,40000.0,Mahal,https://siaptv.com/nirwana-park-taman-wisata-air-yang-dikelilingi-bukit-kontur-unik-di-bandung/
Pantai Wisata Lapeo,"Pantai Wisata Lapeo, Lapeo, Kec. Campalagian, Kabupaten Polewali Mandar, Sulawesi Barat, Indonesia",Kabupaten Polewali Mandar,Sulawesi Barat,5000.0,Murah,https://sulbar.jadesta.com/paket/volli_pantai
Pantai Panjang Toronipa,"Pantai Panjang Toronipa, Toronipa, Soropia, Kabupaten Konawe, Sulawesi Tenggara 93351, Indonesia",Kabupaten Konawe,Sulawesi Tenggara,0.0,Gratis,-
Permandian Bahopombine,"82G5+FF8, Kolono, Kec. Bungku Timur, Kabupaten Morowali, Sulawesi Tengah 94973, Indonesia",Kabupaten Morowali,Sulawesi Tengah,29000.0,Mahal,https://travel.tribunnews.com/destinasi/141157/daya-tarik-harga-tiket-masuk-air-terjun-veranomata-di-morowali-sulawesi-tengah
Wisata Permandian Agro Palopo,"X5GF+7QM, Murante, Kec. Mungkajang, Kota Palopo, Sulawesi Selatan 91921, Indonesia",Kota Palopo,Sulawesi Selatan,50000.0,Mahal,https://wisatasulawesi.com/wisata-air-favorit-permandian-agro-palopo/
Parigi Moutong Mutiara Khatulistiwa,"7454+X54, Pelawa Baru, Kec. Parigi Tengah, Kabupaten Parigi Moutong, Sulawesi Tengah 94471, Indonesia",Kabupaten Parigi Moutong,Sulawesi Tengah,0.0,Gratis,-
Tirta Ria,"5C23+CC8, Kulango, Kec. Biau, Kabupaten Buol, Sulawesi Tengah 94565, Indonesia",Kabupaten Buol,Sulawesi Tengah,-,-,-
Batu Tongkarayya,"FCQX+R67 Ara, Lembanna, Kec. Bonto Bahari, Kabupaten Bulukumba, Sulawesi Selatan, Indonesia",Kabupaten Bulukumba,Sulawesi Selatan,5000.0,Murah,https://travel.tribunnews.com/2024/10/24/batu-tongkarayya-wisata-dengan-tebing-batu-menakjubkan-di-lembanna-bonto-bahari-bulukumba-sulsel
Wisata Hutan Pinus Buntudatu,"Buntu Datu, Kec. Mengkendek, Kabupaten Tana Toraja, Sulawesi Selatan 91871, Indonesia",Kabupaten Tana Toraja,Sulawesi Selatan,5000.0,Murah,https://www.torajachannel.com/berita-seputar-dunia-parawisata/obyek-wisata-tana-toraja/pesona-hutan-pinus-bumlem-buntudatu/
Chimoki Beach,"Nuangan, Kec. Nuangan, Kabupaten Bolaang Mongondow Timur, Sulawesi Utara, Indonesia",Kabupaten Bolaang Mongondow Timur,Sulawesi Utara,5000.0,Murah,https://travel.tribunnews.com/destinasi/141107/jam-buka-tiket-masuk-pantai-modisi-di-bolaang-mongondow-selatan-sulawesi-utara
Pantai Balo Balo,"9QJ9+42V, Balobalo, Kec. Wotu, Kabupaten Luwu Timur, Sulawesi Selatan 92975, Indonesia",Kabupaten Luwu Timur,Sulawesi Selatan,24000,Mahal,https://travel.tribunnews.com/2025/09/17/7-destinasi-wisata-di-luwu-timur-sulawesi-selatan-yang-instagramable
Kampung Literasi Borongtala,"MC3R+C8F, Jl. Borongtala, Tamallayang",Kabupaten Kolaka,Sulawesi Tenggara,10000.0,Sedang,https://regional.kompas.com/read/2019/06/02/10094601/harga-tiket-masuk-candi-borobudur-naik-selama-libur-lebaran-2019
Jelly Fish Lake (Mariona Lake),"MW82+5H7, Katupat, Kec. Togean, Kabupaten Tojo Una-Una, Sulawesi Tengah 94691, Indonesia",Kabupaten Tojo Una-Una,Sulawesi Tengah,10000.0,Sedang,https://www.idntimes.com/travel/destination/danau-ubur-ubur-di-sulawesi-00-8dwnx-ql5krw
AIR TERJUN HUILA,"9FC7+58Q, Taludaa, Kec. Bone, Kabupaten Bone Bolango, Gorontalo 96585, Indonesia",Kabupaten Bone Bolango,Gorontalo,0.0,Gratis,-
Pasambaya river side,"M3GF+WCC, Modellidu, Kec. Bulango Utara, Kabupaten Gorontalo, Gorontalo, Indonesia",Kabupaten Gorontalo,Gorontalo,5000.0,Murah,https://gorontalo.tribunnews.com/2024/12/21/objek-wisata-pasambaya-gorontalo-beri-diskon-akhir-tahun-booking-sekarang
Agrowisata Qurratu'ain,"Jl. Banteng, Rahandouna, Kec. Poasia, Kota Kendari, Sulawesi Tenggara 93232, Indonesia",Kota Kendari,Sulawesi Tenggara,0.0,Gratis,-
Asinua Water Park Konawe,"43Q8+R4C, Asinua, Kec. Unaaha, Kabupaten Konawe, Sulawesi Tenggara 93415, Indonesia",Kabupaten Konawe,Sulawesi Tenggara,-,-,-
Tanjung Silar,"Jiko, JH98+96J, Port, Nuangan, Kec. Nuangan, Kabupaten Bolaang Mongondow Timur, Sulawesi Utara, Indonesia",Kabupaten Bolaang Mongondow Timur,Sulawesi Utara,0.0,Gratis,https://indonesia-az.com/wisata-sulawesi-boltim-pantai-patokan-dan-tanjung-silar/
Monumen Paccekke,"PPQ2+Q67, Paccekke, Kec. Soppeng Riaja, Kabupaten Barru, Sulawesi Selatan 90752, Indonesia",Kabupaten Barru,Sulawesi Selatan,2000.0,Murah,https://www.pustakawanbarru.com/2014/11/tempat-wisata-kabupaten-barru.html
PULAU SABANG TENDE,"5Q8P+HXJ, Unnamed Road, Sabang, Kec. Galang, Kabupaten Toli-Toli, Sulawesi Tengah 94561, Indonesia",Kabupaten Toli-Toli,Sulawesi Tengah,29000.0,Mahal,https://travel.tribunnews.com/destinasi/141157/daya-tarik-harga-tiket-masuk-air-terjun-veranomata-di-morowali-sulawesi-tengah
Wisata alam puncak kunyi,"J9PM+8C3, Jl. Kunyi, Kunyi, Kec. Anreapi, Kabupaten Polewali Mandar, Sulawesi Barat 91315, Indonesia",Kabupaten Polewali Mandar,Sulawesi Barat,0.0,Gratis,https://travel.detik.com/domestic-destination/d-4375428/polewali-mandar-punya-air-terjun-yang-cantik-banget
Puncak Buntu Sarira Negri Di Atas Awan,"Buntu, Sarira, Kec. Makale Utara, Kabupaten Tana Toraja, Sulawesi Selatan 91852, Indonesia",Kabupaten Tana Toraja,Sulawesi Selatan,0.0,Gratis,-
Pantai Oyama,"Popisi, Lokotoy, Banggai Utara, Kabupaten Banggai Kepulauan, Sulawesi Tengah 94891, Indonesia",Kabupaten Banggai Kepulauan,Sulawesi Tengah,20000.0,Mahal,https://jadesta.kemenpar.go.id/desa/oyama
Agrowisata California Cialam,"Unnamed Road, VG86+M3V, Tanea, Kec. Konda, Kabupaten Konawe Selatan, Sulawesi Tenggara 93874, Indonesia",Kabupaten Konawe Selatan,Sulawesi Tenggara,-,-,-
Taman Wisata Hutan Pinus Sorombipi,"2V25+CRV, Lalingato, Kec. Tirawuta, Kabupaten Kolaka Timur, Sulawesi Tenggara 93572, Indonesia",Kabupaten Kolaka Timur,Sulawesi Tenggara,50000.0,Mahal,https://seringjalan.com/6-tempat-wisata-di-tirawuta-kabupaten-kolaka-timur/
Taman BUTENG,"Boneoge, Kabupaten Buton",Kabupaten Buton,Sulawesi Tenggara,-,-,-
To' Pinus Salu Kodo,"29R6+JHP, Osango, Kec. Mamasa, Kabupaten Mamasa, Sulawesi Barat 91365, Indonesia",Kabupaten Mamasa,Sulawesi Barat,5000,Murah,https://idfirms.com/sulawesi-barat/to-pinus-salu-kodo-294406
Ikha cell,"Lapangan, Pontodon, Kec. Kotamobagu Utara, Kota Kotamobagu, Sulawesi Utara 95714, Indonesia",Kota Kotamobagu,Sulawesi Utara,15000.0,Sedang,https://travel.tribunnews.com/2025/09/10/makatete-hills-manado-sulawesi-utara-daya-tarik-tiket-masuk-lokasi
Tinambung Highland,"JJQQ+688, Bissoloro, Kec. Bungaya, Kabupaten Gowa, Sulawesi Selatan 92176, Indonesia",Kabupaten Gowa,Sulawesi Selatan,25000.0,Mahal,https://makassar.tribunnews.com/2020/07/13/3-spot-menarik-menikmati-puncak-tinambung-di-gowa-hutan-pinus-hingga-air-terjun
Museum Pinawetengan,"Jalan Raya Langowan - Ratahan No.Utara, Pinabetengan Utara, Kec. Tompaso Barat, Kabupaten Minahasa, Sulawesi Utara, Indonesia",Kabupaten Minahasa,Sulawesi Utara,12000.0,Sedang,https://id.wikipedia.org/wiki/Museum_Anti_Narkoba
Torosiaje,"FCFQ+Q78, Torosiaje, Kabupaten Pohuwato, Gorontalo, Indonesia",Kabupaten Pohuwato,Gorontalo,0.0,Gratis,-
Air Terjun Kandawu Ndawuna,"Waondo Wolio, Kec. Kapontori, Kabupaten Buton, Sulawesi Tenggara 93755, Indonesia",Kabupaten Buton,Sulawesi Tenggara,5000.0,Murah,https://jadesta.kemenpar.go.id/atraksi/air_terjun_kandawundawuna
D'Marantale,"93J6+3X, Marantale, Kec. Siniu, Kabupaten Parigi Moutong, Sulawesi Tengah, Indonesia",Kabupaten Parigi Moutong,Sulawesi Tengah,2500.0,Murah,https://travel.tribunnews.com/2020/08/01/harga-tiket-masuk-pantai-madasari-pangandaran-tempat-asyik-untuk-liburan-akhir-pekan
Air Terjun Sarambu Salu,"Lembang Salu, Salu, Kec. Sopai, Kabupaten Toraja Utara, Sulawesi Selatan 91862, Indonesia",Kabupaten Toraja Utara,Sulawesi Selatan,10000.0,Sedang,https://wisata.app/diary/56097
Objek Wisata Galugu Dua Sa'dan Sangkombong,"4W7R+3Q7, Sa'dan Matalo",Kabupaten Toraja Utara,Sulawesi Selatan,95000.0,Mahal,https://travel.kompas.com/read/2025/02/01/050600027/daya-tarik-lokasi-dan-harga-tiket-enchanting-valley-by-taman-safari
Taman Kota Buol,"5C96+MHQ, Leok II, Kec. Biau, Kabupaten Buol, Sulawesi Tengah 94563, Indonesia",Kabupaten Buol,Sulawesi Tengah,-,-,-
Pantai Kuri Indah,"Pantai Kuri Indah, Jl. Kuri Lompo, Nisombalia, Kec. Marusu, Kabupaten Maros, Sulawesi Selatan 90552, Indonesia",Kabupaten Maros,Sulawesi Selatan,10000.0,Sedang,https://www.pesisir.net/pantai-kuri-indah
Air Terjun Merdeka,"VM3C+Q8C, Pucak, Kec. Tompobulu, Kabupaten Maros, Sulawesi Selatan 90561, Indonesia",Kabupaten Maros,Sulawesi Selatan,5000.0,Murah,https://superapps.kompas.com/read/4282708/6-tempat-wisata-di-maros-sulawesi-selatan-ada-taman-nasional-yang-disebut-kerajaan-kupu-kupu
Taman Motika,"MG4V+8FC, Mandati III, Pulau Wangiwangi, Kabupaten Wakatobi, Sulawesi Tenggara 93795, Indonesia",Kabupaten Wakatobi,Sulawesi Tenggara,16000.0,Sedang,https://www.ketiknews.id/pariwisata/30111021736/destinasi-wisata-eksotis-pantai-bama-daya-tarik-harga-tiket-dan-informasi-lainnya
Puncak Kayangan 1 Sombori,"P9GW+CGF, Matarape, Menui Kepulauan, Kabupaten Morowali, Sulawesi Tengah 94975, Indonesia",Kabupaten Morowali,Sulawesi Tengah,0,Gratis,https://www.tempatwisata.pro/pulau/Pulau-Sombori
Tanjung biru,"Tanjung biru, Tj. Merdeka, Kec. Tamalate, Kota Makassar, Sulawesi Selatan 90225, Indonesia",Kota Makassar,Sulawesi Selatan,10000.0,Sedang,https://jejakpiknik.com/pantai-akkarena/
Wisata Kebun Jati Gelebug Chandra,"Unnamed Road, HX47+PJ4, Mopugad Sel., Kec. Dumoga Utara, Kabupaten Bolaang Mongondow, Sulawesi Utara, Indonesia",Kabupaten Bolaang Mongondow,Sulawesi Utara,29000.0,Mahal,https://travel.tribunnews.com/2025/07/22/10-tempat-wisata-terbaik-di-bolaang-mongondow-timur-sulawesi-utara-danau-mooat-hingga-pantai-abadi
Air TERJUN NANGA NANGA,"WHV7+734, Anduonohu, Kec. Poasia, Kota Kendari, Sulawesi Tenggara 93234, Indonesia",Kota Kendari,Sulawesi Tenggara,0.0,Gratis,-
Water Sport Objek Wisata Pantai Molotabu,"Molotabu, Kec. Kabila Bone, Kabupaten Bone Bolango, Gorontalo, Indonesia",Kabupaten Bone Bolango,Gorontalo,-,-,-
Kawasan Wisata LEANG LONDRONG,"4JPJ+8C6, Panaikang, Kec. Minasatene, Kabupaten Pangkajene Dan Kepulauan, Sulawesi Selatan 90619, Indonesia",Kabupaten Pangkajene Dan Kepulauan,Sulawesi Selatan,0.0,Gratis,https://www.detik.com/sulsel/wisata/d-6447974/11-objek-wisata-pangkep-yang-cocok-untuk-mengisi-liburan
Pantai Wisata Moian,"Pantai Wisata Moian, Palapi, Taopa, Parigi Moutong Regency, Central Sulawesi, Indonesia",Kabupaten Parigi Moutong,Sulawesi Tengah,20000.0,Mahal,https://www.celebes.co/tempat-wisata-parigi-moutong
Tumpaan Park,"6JV7+W6Q, Tumpaan Satu, Kec. Tumpaan, Kabupaten Minahasa Selatan, Sulawesi Utara, Indonesia",Kabupaten Minahasa Selatan,Sulawesi Utara,39000,Mahal,https://travelandword.com/tropikana-waterpark-tangerang/
Pantai Pulau Kondo,"8F4R+PQ3, Ranokomea, Kec. Poleang Bar., Kabupaten Bombana, Sulawesi Tenggara 93772, Indonesia",Kabupaten Bombana,Sulawesi Tenggara,-,-,-
Batu Ejayya,"FV37+3V8, Bonto Jaya, Kec. Bissappu, Kabupaten Bantaeng, Sulawesi Selatan 92371, Indonesia",Kabupaten Bantaeng,Sulawesi Selatan,0.0,Gratis,-
Jembatan Muara Sungai Palopo,"Jalan lingkar jembatan muara sungai, 258W+XC5, Sabbamparu, Kota Palopo, Sulawesi Selatan, Indonesia",Kota Palopo,Sulawesi Selatan,10000,Sedang,https://www.orami.co.id/magazine/wisata-palopo
Pantai Lolak,"Pantai Lolak, Lolak, Kec. Lolak, Kabupaten Bolaang Mongondow, Sulawesi Utara, Indonesia",Kabupaten Bolaang Mongondow,Sulawesi Utara,5000.0,Murah,https://travel.tribunnews.com/destinasi/141107/jam-buka-tiket-masuk-pantai-modisi-di-bolaang-mongondow-selatan-sulawesi-utara
RAQa River Camp,"6W4R+3X, Bale, Kec. Tanantovea, Kabupaten Donggala, Sulawesi Tengah, Indonesia",Kabupaten Donggala,Sulawesi Tengah,10000.0,Sedang,https://www.kompas.tv/regional/615961/raqa-river-camp-wisata-alam-donggala-dengan-konsep-berkemah-di-tepi-sungai-sapa-pagi
Air Terjun Simoko,"G2R7+XC3, Campaga, Kec. Tompobulu, Kabupaten Bantaeng, Sulawesi Selatan 92461, Indonesia",Kabupaten Bantaeng,Sulawesi Selatan,2000.0,Murah,https://www.gotravelly.com/blog/10-tempat-wisata-di-bantaeng-sulawesi-selatan/
Air Terjun Dendengan,"XP6J+48X, Koyoan, Luwuk, Kabupaten Banggai, Sulawesi Tengah 94711, Indonesia",Kabupaten Banggai,Sulawesi Tengah,29000,Mahal,https://travel.tribunnews.com/destinasi/141157/daya-tarik-harga-tiket-masuk-air-terjun-veranomata-di-morowali-sulawesi-tengah
Pulau Karampuang,"Pulau Karampuang, Unnamed Road, Karampuang, Kec. Mamuju, Kabupaten Mamuju, Sulawesi Barat 91515, Indonesia",Kabupaten Mamuju,Sulawesi Barat,0.0,Gratis,-
Black Sand Beach(pantai pasir hitam),"JX4F+8WV, Jl. Poros Pasarwajo, Wolowa Baru, Kec. Wolowa, Kabupaten Buton, Sulawesi Tenggara, Indonesia",Kabupaten Buton,Sulawesi Tenggara,10000.0,Sedang,https://www.celebes.co/pantai-pasir-hitam-buton
Pantai Baluno,"MR6W+QJC, Pundau, Kec. Sendana, Kabupaten Majene, Sulawesi Barat 91452, Indonesia",Kabupaten Majene,Sulawesi Barat,5000.0,Murah,https://sulbar.tribunnews.com/2025/06/22/bukan-hanya-dato-ini-3-tempat-wisata-di-kabupaten-majene-murah-mudah-diakses
Bundaran Bahomohoni,"GWFJ+XPV, Bahomohoni",Kabupaten Morowali,Sulawesi Tengah,0.0,Gratis,https://travel.detik.com/domestic-destination/d-7488595/8-tempat-wisata-yang-promo-17-agustus-2024-ada-dufan-tmii
Ujung Tape,"Langnga, Kec. Mattiro Sompe, Kabupaten Pinrang, Sulawesi Selatan 91261, Indonesia",Kabupaten Pinrang,Sulawesi Selatan,5000.0,Murah,https://www.detik.com/sulsel/wisata/d-6896501/25-rekomendasi-objek-wisata-di-kabupaten-pinrang-untuk-liburan
Taman Puspa Pesona,"FQPP+XRM, Harapan, Kec. Tanete Riaja, Kabupaten Barru, Sulawesi Selatan 90862, Indonesia",Kabupaten Barru,Sulawesi Selatan,10000.0,Sedang,https://renangloka.com/pool/taman-puspa-pesona/
Liawan,"V85F+CX2, Tadisi, Kec. Sumarorong, Kabupaten Mamasa, Sulawesi Barat 91361, Indonesia",Kabupaten Mamasa,Sulawesi Barat,10000.0,Sedang,https://travel.detik.com/domestic-destination/d-5292845/air-terjun-sarambu-liawan-yang-selalu-menawan
Permandian Wakantee,"Lawa, 4GPW+V9X, Latugho, Muna Barat, Kabupaten Muna, Sulawesi Tenggara 93652, Indonesia",Kabupaten Muna,Sulawesi Tenggara,0.0,Gratis,https://www.acc.co.id/info-terkini/7-wisata-bahari-di-sulawesi-tenggara-surganya-keindahan-laut
Air Terjun Kamumu,"5V39+5G, Kamumu, Kec. Luwuk Utara, Kabupaten Banggai, Sulawesi Tengah, Indonesia",Kabupaten Banggai,Sulawesi Tengah,5000.0,Murah,https://kombi.id/read/2026/03/03/air-terjun-kamumu-air-terjun-bertinkgat-nan-indah-di-tengah-hutan-luwuk-banggai/
MONUMEN LAPRIS,"Bulukunyi, Kec. Polombangkeng Sel., Kabupaten Takalar, Sulawesi Selatan 92252, Indonesia",Kabupaten Takalar,Sulawesi Selatan,0.0,Gratis,-
MANGROVE SALUBIRO KAROSSA,"49H2+7JF, Lara, Kec. Karossa, Kabupaten Mamuju Tengah, Sulawesi Barat 91563, Indonesia",Kabupaten Mamuju Tengah,Sulawesi Barat,5000.0,Murah,https://kataomed.com/hutan/daftar-hutan-mangrove-di-sulawesi
Taman Margasatwa Tandurusa,"F646+2Q9, Tandurusa, Aertembaga, Kota Bitung, Sulawesi Utara, Indonesia",Kota Bitung,Sulawesi Utara,5000.0,Murah,https://atourin.com/destination/bitung/taman-margasatwa-tandurusa
Masjid Tua Jara'e,"Allakuang, Maritengngae, 2QGW+WVM, Allakuang, Sidenreng Rapang, Kabupaten Sidenreng Rappang, Sulawesi Selatan 91611, Indonesia",Kabupaten Sidenreng Rappang,Sulawesi Selatan,15000.0,Sedang,https://www.detik.com/sulsel/wisata/d-6641445/mengenal-masjid-tua-jerrae-sidrap-jejak-islam-di-tanah-nene-mallomo
Pantai Bulo Rerer,"Pantai Bulo Rerer, Makalisung, Kombi, Minahasa Regency, North Sulawesi, Indonesia",Kabupaten Minahasa,Sulawesi Utara,0.0,Gratis,https://travel.tribunnews.com/2021/12/23/5-pantai-terbaik-di-malang-untuk-liburan-akhir-tahun-lengkap-dengan-harga-tiket-masuk
Puncak Bulusaraung,"3PCX+88P, Baru, Balocci, Pangkajene and Islands Regency, South Sulawesi 90661, Indonesia",Kabupaten Pangkajene Dan Kepulauan,Sulawesi Selatan,8000.0,Murah,https://getlost.id/2022/12/20/menggapai-puncak-bulusaraung-gunung-favorit-pendaki-di-sulawesi-selatan/
WATERPARK AMANAH TANI,"Sumberdadi, Kec. Tana Lili, Kabupaten Luwu Utara, Sulawesi Selatan 91966, Indonesia",Kabupaten Luwu Utara,Sulawesi Selatan,-,-,-
Pantai Pasir Putih,"Pantai Pasir Putih, Pasir Putih, Kec. Sangtombolang, Kabupaten Bolaang Mongondow, Sulawesi Utara, Indonesia",Kabupaten Bolaang Mongondow,Sulawesi Utara,5000.0,Murah,https://travel.tribunnews.com/2016/11/08/pantai-tanjung-bira-menjejak-di-pantai-pasir-putih-ujung-sulawesi-lihat-keunikan-lainnya
Air Terjun Cinta,"PP2W+8CG, Tamalatea, Kec. Manuju, Kabupaten Gowa, Sulawesi Selatan 92173, Indonesia",Kabupaten Gowa,Sulawesi Selatan,10000.0,Sedang,https://www.celebes.co/air-terjun-cinta
Pemandian Air Panas Rantekatoan,"29V8+R9V, Osango, Kec. Mamasa, Kabupaten Mamasa, Sulawesi Barat 91365, Indonesia",Kabupaten Mamasa,Sulawesi Barat,10000.0,Sedang,https://kta.okbank.co.id/id/blog/article/liburan-sehat-manfaat-dan-7-rekomendasi-pemandian-air-panas-di-indonesia
OBJEB WISATA PANTAI SALUKAILI,"Jl. Poros Majene - Mamuju, Baras, Kec. Baras, Kab. Pasangkayu, Sulawesi Barat 91572, Indonesia",Kabupaten Mamuju,Sulawesi Barat,0.0,Gratis,https://www.detik.com/sulsel/wisata/d-6263391/9-wisata-di-sulawesi-barat-alam-bawah-laut-hingga-negeri-di-atas-awan
Mangrove Park Tiwoho,"HRVQ+42H, Tiwoho, Wori, Kabupaten Minahasa Utara, Sulawesi Utara, Indonesia",Kabupaten Minahasa Utara,Sulawesi Utara,5000.0,Murah,https://www.detik.com/sulsel/wisata/d-6261493/taman-nasional-bunaken-pesona-bawah-laut-di-utara-sulawesi-yang-memukau
Camping ground kendari,"XH2G+JMW, Mokoau, Kec. Kambu, Kota Kendari, Sulawesi Tenggara 93231, Indonesia",Kota Kendari,Sulawesi Tenggara,10000.0,Sedang,https://lipsus.kompas.com/elnino/read/2022/12/23/183547878/kebun-raya-kendari-daya-tarik-harga-tiket-jam-buka-dan-rute
Wisata Banua Pangka Wotu,"9QJV+93J, Bawalipu, Kafhdhfjbupaten, Kec. Wotu, Kabupaten Luwu Timur, Sulawesi Selatan, Indonesia",Kabupaten Luwu Timur,Sulawesi Selatan,0.0,Gratis,-
Bendungan Bantimurung Bone-Bone Luwu utara,"CG8H+GV9, Bantimurung, Kec. Bone-Bone, Kabupaten Luwu Utara, Sulawesi Selatan 91966, Indonesia",Kabupaten Luwu Utara,Sulawesi Selatan,0.0,Gratis,https://www.detik.com/sulsel/wisata/d-6908956/19-rekomendasi-tempat-wisata-di-luwu-utara-yang-menarik-dikunjungi
Bukit Bumi Cerah,"J443+3Q, Bulotalangi, Kec. Bulango Tim., Kabupaten Bone Bolango, Gorontalo, Indonesia",Kabupaten Bone Bolango,Gorontalo,5000.0,Murah,https://www.detik.com/sulsel/wisata/d-6872903/wisata-bumi-cerah-bone-bolango-keindahan-panorama-alam-dari-atas-bukit
Pantai Marboro,"P72G+M58, Mawasangka, Kec. Mawasangka, Kabupaten Buton, Sulawesi Tenggara, Indonesia",Kabupaten Buton,Sulawesi Tenggara,3000.0,Murah,https://idfirms.com/sulawesi-tenggara/pantai-marboro-917148
Air Terjun Danggang,"JPPV+Q99, Sapaya, Kec. Bungaya, Kabupaten Gowa, Sulawesi Selatan 92176, Indonesia",Kabupaten Gowa,Sulawesi Selatan,0.0,Gratis,https://travel.detik.com/domestic-destination/d-7465518/15-tempat-pariwisata-gowa-daya-tarik-lokasi-harga-tiket
Cagar Alam Karaengta Maros,"XP2P+3RW, Jl. Poros Maros - Soppeng, Samangki, Kec. Simbang, Kabupaten Maros, Sulawesi Selatan 90561, Indonesia",Kabupaten Maros,Sulawesi Selatan,10000.0,Sedang,https://celebesmedia.id/citizen/artikel/1011020822/7-rekomendasi-wisata-alam-menakjubkan-di-makassar
Pantai Labobo,"Pantai Labobo, Balobone, Kec. Mawasangka, Kabupaten Buton, Sulawesi Tenggara 93762, Indonesia",Kabupaten Buton,Sulawesi Tenggara,5000.0,Murah,https://travels.id/pesona-pasir-putih-pantai-labobo-sebuah-permata-terlupa-di-buton-tengah/
Bukit Indah Camp,"QH5R+84W, Bontoparang, Kec. Parangloe, Kabupaten Gowa, Sulawesi Selatan 92173, Indonesia",Kabupaten Gowa,Sulawesi Selatan,0.0,Gratis,https://travel.detik.com/domestic-destination/d-7465518/15-tempat-pariwisata-gowa-daya-tarik-lokasi-harga-tiket
Gelora Permata Hijau Waetuwo,"Cirowali, Wae Tuwo, Kec. Tana Sitolo, Kabupaten Wajo, Sulawesi Selatan 90951, Indonesia",Kabupaten Wajo,Sulawesi Selatan,10000.0,Sedang,https://www.detik.com/sulsel/wisata/d-6896112/16-tempat-wisata-di-kabupaten-wajo-yang-wajib-di-kunjungi
Kampoeng Mangrove Ra'ra,"9VR8+89C, Kabupaten Jeneponto",Kabupaten Jeneponto,Sulawesi Selatan,2000.0,Murah,https://www.celebes.co/kampoeng-mangrove-rara-jeneponto
Air Terjun Kogawuna,"HMG8+QGX, Lakologou, Kec. Kokalukuna, Kota Bau-Bau, Sulawesi Tenggara 93758, Indonesia",Kota Bau-Bau,Sulawesi Tenggara,5000.0,Murah,https://www.celebes.co/air-terjun-kogawuna-baubau
Muara Maros Baru,"XGX3+V46, Bori Masunggu",Kabupaten Maros,Sulawesi Selatan,35000.0,Mahal,https://www.matamaros.com/2025/08/10/harga-tiket-wisata-bantimurung-naik/
Kamali Boneaka,"CF8X+W95, Jalan Abdul Azis, Dodung, Kec. Banggai, Kab. Banggai Laut, Sulawesi Tengah 94891, Indonesia",Kabupaten Banggai,Sulawesi Tengah,5000.0,Murah,https://video.tribunnews.com/travel/292823/harga-tiket-masuk-destinasi-wisata-instagramable-di-yogyakarta-ada-yang-bayar-seikhlasnya
Bendungan Bettu,"G44F+JV4, Bontoraja, Kabupaten Bulukumba",Kabupaten Bulukumba,Sulawesi Selatan,5000.0,Murah,https://www.detik.com/sulsel/wisata/d-6312883/11-tempat-wisata-di-bulukumba-suguhan-alam-eksotis-hingga-kawasan-adat
Pantai Enu,"Pantai Enu, Tibo, Sindue Tombusabora, Donggala Regency, Central Sulawesi 94353, Indonesia",Kabupaten Donggala,Sulawesi Tengah,0.0,Gratis,https://newsmaker.tribunnews.com/2025/04/12/cuma-39-menit-dari-donggala-sulteng-ada-wisata-pantai-view-laut-gunung-sunset-tiket-rp-5-ribu
Lereng CInta,"X57J+W9M, Jl. Andi Bintang, Mawa, Kec. Sendana, Kota Palopo, Sulawesi Selatan 91921, Indonesia",Kota Palopo,Sulawesi Selatan,5000.0,Murah,https://travel.detik.com/domestic-destination/d-3788991/libur-akhir-tahun-ke-sulawesi-selatan-mampir-ke-sini-ya
Alun-Alun Pantai Seruni,"FW2W+767, Jl. Seruni, Pallantikang, Kabupaten Bantaeng, Sulawesi Selatan, Indonesia",Kabupaten Bantaeng,Sulawesi Selatan,0.0,Gratis,https://travelspromo.com/htm-wisata/tribun-pantai-seruni-bantaeng/
Air Terjun Depa',"MP62+Q8, Bontomanai, Kec. Bungaya, Kabupaten Gowa, Sulawesi Selatan, Indonesia",Kabupaten Gowa,Sulawesi Selatan,20000.0,Mahal,https://www.detik.com/sulsel/wisata/d-7652057/ada-wisata-baru-di-gowa-yuk-intip-lokasi-dan-wahana-menariknya
Buntu Gallang,"GVRW+2G3, Eran Batu, Kec. Buntu Batu, Kabupaten Enrekang, Sulawesi Selatan 91753, Indonesia",Kabupaten Enrekang,Sulawesi Selatan,13000.0,Sedang,https://travel.tribunnews.com/2025/02/03/dante-pine-tempat-wisata-murah-meriah-di-kabupaten-enrekang-sulawesi-selatan
Telaga Biru Ere Merasa,"F8XV+P5R, Benjala, Kec. Bonto Bahari, Kabupaten Bulukumba, Sulawesi Selatan 92571, Indonesia",Kabupaten Bulukumba,Sulawesi Selatan,5000.0,Murah,https://www.tagar.id/telaga-biru-ere-manerang-surga-kecil-di-bulukumba
Pantai Membuku,"Pantai Membuku, Sulawesi Tenggara, Indonesia",Kabupaten Muna,Sulawesi Tenggara,0.0,Gratis,https://sultra.tribunnews.com/2024/05/11/pesona-pantai-membuku-di-desa-wisata-kadacua-buton-utara-sulawesi-tenggara-serupa-pantai-kuta-bali
Pantai Salokaili,"C8MG+9HF, Dusun salokaili, Baras, Kec. Baras, Kab. Pasangkayu, Sulawesi Barat 91572, Indonesia",Kabupaten Konawe,Sulawesi Tenggara,5000.0,Murah,https://idfirms.com/sulawesi-barat/pantai-salokaili-372229
Taman Kota Sengkang Kabupaten Wajo,"V27H+W8G, Jl. Sungai Walanae, Maricaya Baru, Kec. Makassar, Kota Makassar, Sulawesi Selatan, Indonesia",Kota Makassar,Sulawesi Selatan,-,-,-
Taman Gazebo Pangkep,"5H62+G93, Padoang Doangan, Kec. Pangkajene, Kabupaten Pangkajene Dan Kepulauan, Sulawesi Selatan 90614, Indonesia",Kabupaten Pangkajene Dan Kepulauan,Sulawesi Selatan,40000,Mahal,https://travel.detik.com/travel-news/d-6276298/maros-pangkep-masuk-unesco-global-geopark-tempat-yang-memang-istimewa
Kampung Kreasi Lowita,"Jl. Poros Ujung Lero, Wiringtasi, Kabupaten Pinrang",Kabupaten Pinrang,Sulawesi Selatan,10000.0,Sedang,https://jadesta.kemenpar.go.id/atraksi/kampung_kreasi_lowita
Pantai Tumpaan Sawangan,"Pantai Tumpaan Sawangan, Unnamed Road, Ranowangko II, Kecamatan Kombi, Kabupaten Minahasa, Sulawesi Utara, Indonesia",Kabupaten Minahasa,Sulawesi Utara,5000.0,Murah,https://atourin.com/destination/minahasa/pantai-tanjung-tumpaan
Pariwisata Riverside Dinamunen,"Jl. Tol Manado - Bitung, Rap-Rap, Kec. Airmadidi, Kabupaten Minahasa Utara, Sulawesi Utara, Indonesia",Kabupaten Minahasa Utara,Sulawesi Utara,29000.0,Mahal,https://travel.tribunnews.com/2025/08/22/liburan-ke-air-terjun-tunan-wisata-hidden-gem-di-minahasa-utara-sulawesi-utara
Morowali Sampoddo,"X62F+GVX, Sampoddo, Kec. Wara Sel., Kota Palopo, Sulawesi Selatan 91959, Indonesia",Kota Palopo,Sulawesi Selatan,0.0,Gratis,-
Permandian Zahara Wisata Papandangan,"J9R2+WG, Papandangan, Kec. Anreapi, Kabupaten Polewali Mandar, Sulawesi Barat, Indonesia",Kabupaten Polewali Mandar,Sulawesi Barat,3000.0,Murah,https://jambi.tribunnews.com/2018/06/09/tempat-wisata-baru-di-tebo-permandian-air-panas-sungai-bengkal-ini-harga-tiket-masuk
Batu Miana,"Unnamed Road, X6G7+FWH, Tumbu, Kec. Topoyo, Kabupaten Mamuju Tengah, Sulawesi Barat 91563, Indonesia",Kabupaten Mamuju Tengah,Sulawesi Barat,10000.0,Sedang,https://www.tribunnews.com/travel/2019/09/02/mulai-september-tiket-masuk-candi-prambanan-dan-borobudur-naik
Buyu Balease,"Buyu Balease, Uraso, Kec. Mappedeceng, Kabupaten Luwu Utara, Sulawesi Selatan, Indonesia",Kabupaten Luwu Utara,Sulawesi Selatan,0.0,Gratis,https://www.detik.com/sulsel/wisata/d-6908956/19-rekomendasi-tempat-wisata-di-luwu-utara-yang-menarik-dikunjungi
Gunung Empung,"Gn. Empung, Agotey, Kec. Mandolang, Kabupaten Minahasa, Sulawesi Utara, Indonesia",Kabupaten Minahasa,Sulawesi Utara,20000.0,Mahal,https://manado.tribunnews.com/2024/05/26/7-tempat-wisata-alam-di-kabupaten-minahasa-sulawesi-utara-ada-yang-pernah-viral?page=all
Bukit Rongi,"FQF2+HQG, Sandang Pangan, Kec. Sampolawa, Kabupaten Buton, Sulawesi Tenggara 93753, Indonesia",Kabupaten Buton,Sulawesi Tenggara,10000.0,Sedang,https://kataomed.com/jadwal-kapal/jadwal-kapal-pelni-km-lambelu
Bendungan Ponre Ponre,"4XQQ+28F, Ponre-Ponre, Kec. Libureng, Kabupaten Bone, Sulawesi Selatan 92766, Indonesia",Kabupaten Bone,Sulawesi Selatan,10000.0,Sedang,https://travel.tribunnews.com/2025/09/17/5-tempat-wisata-di-kabupaten-bone-sulawesi-selatan-untuk-liburan-keluarga
Pantai Teletabis,"485R+8H3, Boyonpante, Kec. Sinonsayang, Kabupaten Minahasa Selatan, Sulawesi Utara, Indonesia",Kabupaten Minahasa Selatan,Sulawesi Utara,5000.0,Murah,https://www.celebes.co/pantai-teletabis-minahasa
Museum Buntu Kalando,"RW.lobe, Tongko Sarapung, Sangalla, Tana Toraja Regency, South Sulawesi 91881, Indonesia",Kabupaten Tana Toraja,Sulawesi Selatan,5000.0,Murah,https://money.kompas.com/read/2022/06/06/135234526/agar-tak-salah-paham-soal-htm-candi-borobudur-tiket-masuk-masih-rp-50000-tiket
Pantai Raha Morowali,"MRGM+PM5, Jl. Poros Mendui, Larobenu, Kec. Bungku Tengah, Kabupaten Morowali, Sulawesi Tengah 94976, Indonesia",Kabupaten Morowali,Sulawesi Tengah,10000.0,Sedang,https://keluyuran.com/tempat-wisata-di-morowali/
Air Terjun Saliu,"VR68+68H, Bonto Somba, Kec. Tompobulu, Kabupaten Maros, Sulawesi Selatan 90561, Indonesia",Kabupaten Maros,Sulawesi Selatan,5000.0,Murah,https://superapps.kompas.com/read/4282708/6-tempat-wisata-di-maros-sulawesi-selatan-ada-taman-nasional-yang-disebut-kerajaan-kupu-kupu
Siuri beach,"Jl. Tonusu-Meko, Toinasa, Danau, Kabupaten Poso, Sulawesi Tengah, Indonesia",Kabupaten Poso,Sulawesi Tengah,10000.0,Sedang,https://www.visitsulteng.id/destinasi/kabupaten-poso/pantai-siuri-poso
Rental Mobil Gorontalo Talani,"Jalan Sultan Botutihe No.62, sumur bor",Kota Gorontalo,Gorontalo,-,-,-
Air Terjun Sarambu Bittuang,"3M23+C5P, Patongloan, Kec. Bittuang, Kabupaten Tana Toraja, Sulawesi Selatan 91856, Indonesia",Kabupaten Tana Toraja,Sulawesi Selatan,10000.0,Sedang,https://wisata.app/diary/56097
Puncak Lestari,"P28C+W26, Unnamed Desa, Tapaluluo, Kec. Telaga Biru, Kabupaten Gorontalo, Gorontalo 96181, Indonesia",Kabupaten Gorontalo,Gorontalo,0.0,Gratis,https://www.hulondalo.id/nasional/pr-9647168066/puncak-lestari-tapaluluo-gorontalo-nikmati-matahari-terbit-terbenam-diketinggian-600-mdpl
Wisata Kelapa Muda Sabda Alam,"CW72+F4W, Jl. Poros Jeneponto Bantaeng, Tino, Kec. Tarowang, Kabupaten Jeneponto, Sulawesi Selatan, Indonesia",Kabupaten Jeneponto,Sulawesi Selatan,1000.0,Murah,https://travel.detik.com/travel-news/d-7362657/bule-batal-masuk-twa-bantimurung-keberatan-tiket-mahal
Boulevard Pantai Kambiow,"5HQG+8H4, Bitung, Kec. Amurang, Kabupaten Minahasa Selatan, Sulawesi Utara, Indonesia",Kabupaten Minahasa Selatan,Sulawesi Utara,5000.0,Murah,https://travel.tribunnews.com/2025/02/05/healing-ke-pantai-lakban-di-minahasa-tenggara-sulawesi-utara-tiket-masuk-cuma-rp-5-ribu
Wisata Istana Karst Ujung Bulu,"Unnamed Road, 3HQX+2FJ, Bontonlempangan, Bontoa, Maros Regency, South Sulawesi 90554, Indonesia",Kabupaten Maros,Sulawesi Selatan,2000.0,Murah,https://superapps.kompas.com/read/2927601/travel-update-jelajah-wisata-karst-tempat-wisata-di-maros-untuk-liburan-akhir-pekan
Jl taman gunung tumpa,"HR7H+QM7, Tongkeina, Kec. Bunaken, Kota Manado, Sulawesi Utara, Indonesia",Kota Manado,Sulawesi Utara,10000.0,Sedang,https://abertarental.com/destinasi/rental-mobil-suv-manado-temukan-destinasi-wisata-hidden-gem/
Tempat Ziarah Bukit Pena',"X8PF+RXF, Sepakuan, Kec. Balla, Kabupaten Mamasa, Sulawesi Barat 91366, Indonesia",Kabupaten Mamasa,Sulawesi Barat,-,-,-
Pantai Harapan Pajalele,"FFWH+6P, Binanga Karaeng, Kec. Lembang, Kabupaten Pinrang, Sulawesi Selatan, Indonesia",Kabupaten Pinrang,Sulawesi Selatan,5000.0,Murah,https://travel.tribunnews.com/destinasi/140539/pantai-togeo-bone-sulawesi-selatan-tiket-masuk-lokasi-panduan-rute
Kawasan agro wisata desa Kassi,"Kassi, Kec. Rumbia, Kabupaten Jeneponto, Sulawesi Selatan, Indonesia",Kabupaten Jeneponto,Sulawesi Selatan,10000.0,Sedang,https://jabar.jadesta.com/desa/_kassi
Pantai Seta - Seta,"Unnamed Road, 8J8C+V98, Poreang, Kec. Bone-Bone, Kabupaten Luwu Utara, Sulawesi Selatan 91966, Indonesia",Kabupaten Luwu Utara,Sulawesi Selatan,5000.0,Murah,https://travel.tribunnews.com/destinasi/140539/pantai-togeo-bone-sulawesi-selatan-tiket-masuk-lokasi-panduan-rute
Wisata Pemandian Barakati,"GXRH+XJC, Barakati, Kabupaten Gorontalo",Kabupaten Gorontalo,Gorontalo,30000.0,Mahal,https://ameera.republika.co.id/berita/ojldld280/gorontalo-akan-bangun-segitiga-emas-pariwisata
Air Terjun Laumarang,"3Q66+5X3, Hanga-Hanga Permai, Luwuk, Kabupaten Banggai, Sulawesi Tengah 94711, Indonesia",Kabupaten Banggai,Sulawesi Tengah,50000.0,Mahal,https://idfirms.com/sulawesi-tengah/air-terjun-laumarang-976853
Wisata Buntu Kepa',"Taupe, Kec. Mamasa, Kabupaten Mamasa, Sulawesi Barat 91362, Indonesia",Kabupaten Mamasa,Sulawesi Barat,3000.0,Murah,https://www.celebes.co/buntu-kepa-mamasa
Pantai Jodoh,"W7VX+CGQ, Kec. Kajuara, Kabupaten Bone, Sulawesi Selatan, Indonesia",Kabupaten Bone,Sulawesi Selatan,5000.0,Murah,https://travel.kompas.com/read/2016/01/11/101700927/Pesona.Pasir.Putih.Pantai.Jodoh
Wisata Panjat Tebing Batu Dinding Kilo Tiga,"5H3H+CGF, Buyungon, Kec. Amurang, Kabupaten Minahasa Selatan, Sulawesi Utara, Indonesia",Kabupaten Minahasa Selatan,Sulawesi Utara,10000.0,Sedang,https://www.celebes.co/batu-dinding-kilo-tiga-amurang
"Air Konde, Pasan Wawali Minahasa Tenggara (Jalan menuju Air Konde)","2QRX+VVX, Wawali Pasan, Kec. Ratahan, Kabupaten Minahasa Tenggara, Sulawesi Utara, Indonesia",Kabupaten Minahasa Tenggara,Sulawesi Utara,0.0,Gratis,-
Objek Wisata Rante Sirrin,"3W86+RXJ, Jl. Poros Parinding - Bori, Bori, Kabupaten Toraja Utara",Kabupaten Toraja Utara,Sulawesi Selatan,15000.0,Sedang,https://www.detik.com/sulsel/wisata/d-6552181/negeri-di-atas-awan-toraja-panorama-alam-dari-ketinggian-1-300-mdpl
Pantai Kayuangin,"XFP3+5R4, Desa Liku, Samaturu, Kolaka Regency, South East Sulawesi, Indonesia",Kabupaten Kolaka,Sulawesi Tenggara,5000,Murah,https://www.celebes.co/pantai-kayu-angin-kolaka
Birtaria Kassi,"Birtaria Kassi, Tonro Kassi Barat, Kec. Tamalatea, Kabupaten Jeneponto, Sulawesi Selatan 92351, Indonesia",Kabupaten Jeneponto,Sulawesi Selatan,2000,Murah,https://www.kabarmakassar.com/news/dua-dekade-terabaikan-birtaria-kassi-menanti-sentuhan-serius-dari-bupati-jeneponto
Lakadao Beach,"8RH6+44C, Selatan, Burangasi Rumbia, Kec. Lapandewa, Kabupaten Buton, Sulawesi Tenggara, Indonesia",Kabupaten Buton,Sulawesi Tenggara,10000.0,Sedang,https://www.celebes.co/pantai-lakadao-buton-selatan
Air Terjun Taipa,"Tompobulu, Kec. Tompobulu, Kabupaten Maros, Sulawesi Selatan 90561, Indonesia",Kabupaten Maros,Sulawesi Selatan,0.0,Gratis,https://bnp.jambiprov.go.id/wisata-baru-di-maros-sulawesi-selatan/
Wisata Pondok Kelapa,"Apala, Kabupaten Bone",Kabupaten Bone,Sulawesi Selatan,5000.0,Murah,https://makassar.tribunnews.com/travel/1812094/permandian-pondok-kelapa-di-barebbo-bone-jadi-favorit-anak-saat-libur
Pantai Kayubulan,"F2W2+553, Kayubulan, Kabupaten Gorontalo",Kabupaten Gorontalo,Gorontalo,3000.0,Murah,https://tempatwisataseru.com/wisata-pantai-di-gorontalo-terbaik-dan-terhits/
Bola Seratu,"V325+F7H, Attakkae, Kec. Tempe, Kabupaten Wajo, Sulawesi Selatan 90918, Indonesia",Kabupaten Wajo,Sulawesi Selatan,1000.0,Murah,https://travel.detik.com/travel-news/d-7362657/bule-batal-masuk-twa-bantimurung-keberatan-tiket-mahal
Wisata Pantai Tanjung Dulang,"X743+445, Unnamed Road, Solo, Kec. Kaidipang, Kabupaten Bolaang Mongondow Utara, Sulawesi Utara, Indonesia",Kabupaten Bolaang Mongondow Utara,Sulawesi Utara,5000.0,Murah,https://travel.tribunnews.com/destinasi/141107/jam-buka-tiket-masuk-pantai-modisi-di-bolaang-mongondow-selatan-sulawesi-utara
Obyek Wisata Permandian Air Terjun Sakita,"CXP3+PR2, Sakita, Kec. Bungku Tengah, Kabupaten Morowali, Sulawesi Tengah 94973, Indonesia",Kabupaten Morowali,Sulawesi Tengah,3000.0,Murah,https://jambi.tribunnews.com/2018/06/09/tempat-wisata-baru-di-tebo-permandian-air-panas-sungai-bengkal-ini-harga-tiket-masuk
Telaga Biru Ere Manerang,"Jl. Kp. Lotong, Benjala, Kec. Bonto Bahari, Kabupaten Bulukumba, Sulawesi Selatan 92571, Indonesia",Kabupaten Bulukumba,Sulawesi Selatan,5000.0,Murah,https://www.titiktemu.co/pariwisata/8610298467/rekomendasi-danau-di-bulukumba-langsung-melihat-gunung-airnya-bening-seperti-sirup
Dermaga Tua Sapoiha,"MXX4+GF7, Sapoiha, Kec. Watunohu, Kabupaten Kolaka Utara, Sulawesi Tenggara 93958, Indonesia",Kabupaten Kolaka Utara,Sulawesi Tenggara,0,Gratis,https://www.kompasiana.com/307herawati5355/61b0051675ead62e110204a2/dermaga-tua-dijadikan-sebagai-tempat-wisata
Kawasan Wisata Attakae Kabupaten Wajo,"V335+76V, Attakkae, Kec. Tempe, Kabupaten Wajo, Sulawesi Selatan 90914, Indonesia",Kabupaten Wajo,Sulawesi Selatan,29000,Mahal,https://travel.tribunnews.com/2025/06/11/nikmati-air-panas-alami-lejja-soppeng-cek-harga-tiket-masuk-lokasinya-di-sulawesi-selatan
Bukit Wisata Bulupadido,"Tammatto, Kec. Ujung Loe, Kabupaten Bulukumba, Sulawesi Selatan 92552, Indonesia",Kabupaten Bulukumba,Sulawesi Selatan,10000.0,Sedang,https://makassar.terkini.id/wisata-alam-bulupadido-destinasi-liburan-keluarga-recomended-di-bulukumba/
Mata Air Pocuncui,"FRCW+QJ6, Awainulu, Kabupaten Buton",Kabupaten Buton,Sulawesi Tenggara,0,Gratis,https://www.lupalibur.com/tempat-wisata-buton
Bukit Tangga Baly,"C4WH+798, Jl. Desa, Botutonuo, Kec. Kabila Bone, Kabupaten Bone Bolango, Gorontalo, Indonesia",Kabupaten Bone Bolango,Gorontalo,5000.0,Murah,https://travel.kompas.com/read/2021/09/15/121700227/itinerary-3-hari-2-malam-di-gorontalo-wisata-ke-benteng-otanaha?page=all
Pantai Merpati,"C5VX+CH2, Terang-Terang, Kec. Ujung Bulu, Kabupaten Bulukumba, Sulawesi Selatan, Indonesia",Kabupaten Bulukumba,Sulawesi Selatan,0.0,Gratis,-
To'barana - Sa'dan,"4W8V+QQQ, Unnamed Road, Sangkaropi, Kec. Sa'dan, Kabupaten Toraja Utara, Sulawesi Selatan 91853, Indonesia",Kabupaten Toraja Utara,Sulawesi Selatan,10000.0,Sedang,https://toraja.tribunnews.com/2025/02/04/pesona-objek-wisata-air-to-barana-toraja-utara-fun-rafting-jadi-primadona
Atalambu Hill,"Kota Tentena, Sangele, Kec. Pamona Utara, Kabupaten Poso, Sulawesi Tengah, Indonesia",Kabupaten Poso,Sulawesi Tengah,-,-,-
Air Terjun Sambabo,"3773+FXG, Ulumambi, Kec. Bambang, Kabupaten Mamasa, Sulawesi Barat 91366, Indonesia",Kabupaten Mamasa,Sulawesi Barat,50000.0,Mahal,https://mekora.id/air-terjun-sambabo-kekayaan-alam-mamasa-tertinggi-di-sulawesi/
Wisata Alam Tamboke,"CFW3+J69, Tamboke, Kec. Sukamaju, Kabupaten Luwu Utara, Sulawesi Selatan 92963, Indonesia",Kabupaten Luwu Utara,Sulawesi Selatan,0.0,Gratis,-
Monas,"8W26+CCP, Wawalintouan, Kec. Tondano Bar., Kabupaten Minahasa, Sulawesi Utara, Indonesia",Kabupaten Minahasa,Sulawesi Utara,0.0,Gratis,https://jakarta.tribunnews.com/jakarta/427918/simak-harga-tiket-masuk-tugu-monas-anak-anak-cuma-rp-6-ribu
Permandian Wisata Istana Mappala,"QFG9+754, Wisata istana mappala lingkungan mappala, Pangkabinanga, Kabupaten Gowa",Kabupaten Gowa,Sulawesi Selatan,15000.0,Sedang,https://www.detik.com/sulsel/wisata/d-6463185/permandian-jenetallasa-gowa-tempat-wisata-yang-cocok-untuk-liburan-keluarga
Pantai Sappoang Polewali,"GCQ8+WQC, Amassangan, Indonesia",Kabupaten Polewali Mandar,Sulawesi Barat,6000.0,Murah,https://travel.kompas.com/read/2024/02/04/170500927/harga-tiket-masuk-terkini-pantai-glagah-di-kulon-progo
Pemandian Air Panas Marowo,"2FVJ+GWX, Unnamed Road, Marowo, Kec. Ulubongka, Kabupaten Tojo Una-Una, Sulawesi Tengah 94683, Indonesia",Kabupaten Tojo Una-Una,Sulawesi Tengah,25000,Mahal,https://www.gotravelly.com/blog/10-pemandian-air-panas-di-sulawesi-dan-sekitarnya-yang-cocok-untuk-dikunjungi-bersama-keluarga/
Objek Wisata Air Toino Desa Talulobutu,"J34H+Q5V, Lorong Brigade, Talulobutu, Kabupaten Bone Bolango",Kabupaten Bone Bolango,Gorontalo,2000.0,Murah,https://travelingyuk.com/wisata-air-talulobutu/175204/
Tanjung Karang,"Tanjung Karang, Jl. Karang Ria, Boneoge, Kec. Banawa, Kabupaten Donggala, Sulawesi Tengah 94351, Indonesia",Kabupaten Donggala,Sulawesi Tengah,10000.0,Sedang,https://sulsel.idntimes.com/travel/destination/tempat-liburan-favorit-di-sulteng-ini-5-wisata-pantai-di-donggala-01-th4zz-44qgdy
Wisata Alam Lembah Cinta,"JRCC+657, Mattabulu, Kec. Lalabata, Kabupaten Soppeng, Sulawesi Selatan 90811, Indonesia",Kabupaten Soppeng,Sulawesi Selatan,5000.0,Murah,https://www.celebes.co/lembah-cinta-mattabulu
Pantai hiu paus,"F3GW+M3H, Jl. RE Martadinata, Botubarani, Kabupaten Bone Bolango",Kabupaten Bone Bolango,Gorontalo,0.0,Gratis,https://www.pesisir.net/pantai-botubarani-bone-bolango
Permandian Air Panas Timba' Ko Kamp. Mini,"Q999+5RC, Hiung, Kec. Siau Bar. Utara, Kabupaten Siau Tagulandang Biaro, Sulawesi Utara, Indonesia",Kabupaten Kepulauan Siau Tagulandang Biaro,Sulawesi Utara,5000.0,Murah,https://jadesta.kemenpar.go.id/atraksi/pantai_air_panas_timbako
Permandian Air Terjun POFUA 'A,"FWW4+XVP, Bente, Kec. Bungku Tengah, Kabupaten Morowali, Sulawesi Tengah, Indonesia",Kabupaten Morowali,Sulawesi Tengah,29000,Mahal,https://travel.tribunnews.com/destinasi/141157/daya-tarik-harga-tiket-masuk-air-terjun-veranomata-di-morowali-sulawesi-tengah
Mangrove Park,"GVCM+MG2, Jl. Poros Majene - Mamuju, Lalampanua, Kec. Pamboang, Kabupaten Majene, Sulawesi Barat 91451, Indonesia",Kabupaten Majene,Sulawesi Barat,5000.0,Murah,https://regional.kompas.com/read/2024/10/23/183545378/pantai-barane-majene-daya-tarik-aktivitas-dan-harga-tiket
ANJUNGAN 533 BEACH & RESORT,"Jalan Poros Sulawesi Tenggara Lampia, Harapan, Kec. Malili, Kabupaten Luwu Timur, Sulawesi Selatan 92981, Indonesia",Kabupaten Luwu Timur,Sulawesi Selatan,5000.0,Murah,https://travel.tribunnews.com/destinasi/140539/pantai-togeo-bone-sulawesi-selatan-tiket-masuk-lokasi-panduan-rute
Puncak Bajo,"F9W2+CGQ, Unnamed Road, Bajo, Kec. Tilamuta, Kabupaten Boalemo, Gorontalo, Indonesia",Kabupaten Boalemo,Gorontalo,5000.0,Murah,https://travels.id/pantai-bolihutuo-di-kabupaten-boalemo/
"Masjid Tua Kerajaan Muna, Raha, Sulawesi Tenggara","2JG5+8MJ, Lakologou, Kec. Tongkuno, Kabupaten Muna, Sulawesi Tenggara 93352, Indonesia",Kabupaten Muna,Sulawesi Tenggara,0.0,Gratis,https://www.geokepo.id/id/lokasi/muna/masjid-tua-muna
Wisata Kali Biru,"2J69+XCV, Bungkutoko, Kota Kendari, Sulawesi Tenggara 93234, Indonesia",Kota Kendari,Sulawesi Tenggara,2000.0,Murah,https://www.saburomedia.com/2020/07/15/kali-biru-jadi-ikon-wisata-di-buton/
Pantai Singku Desa Lowu-Lowu,"PJX7+RFW, Waliko, Kec. Gu, Kabupaten Buton, Sulawesi Tenggara 93761, Indonesia",Kabupaten Buton,Sulawesi Tenggara,0.0,Gratis,https://www.celebes.co/pantai-singku-buton
Pantai Batauga,"Pantai Batauga, Unnamed Road, Masiri, Batauga, Kabupaten Buton, Sulawesi Tenggara 93752, Indonesia",Kabupaten Buton,Sulawesi Tenggara,0.0,Gratis,-
Pantai Tatiala,"Molas, GRQG+G63, Batu Hitam, Kec. Bunaken, Kota Manado, Sulawesi Utara, Indonesia",Kota Manado,Sulawesi Utara,0.0,Gratis,https://travel.kompas.com/read/2020/09/28/154200127/25-tempat-wisata-manado-dan-sekitarnya-yang-wajib-dikunjungi?page=all
Wisata Alam Taretta,"H4V5+FH2, Mampotu, Kec. Amali, Kabupaten Bone, Sulawesi Selatan 92755, Indonesia",Kabupaten Bone,Sulawesi Selatan,0.0,Gratis,-
pantai Bara' UjungLero,"pantai Bara' UjungLero, Lero, Kec. Suppa, Kabupaten Pinrang, Sulawesi Selatan 91272, Indonesia",Kabupaten Pinrang,Sulawesi Selatan,5000.0,Murah,https://www.pantaipedia.com/pantai-bara/
Boneoge Beach,"Boneoge Beach, Boneoge, Banawa, Donggala Regency, Central Sulawesi 94351, Indonesia",Kabupaten Donggala,Sulawesi Tengah,0.0,Gratis,https://travel.kompas.com/read/2026/04/19/193536527/panduan-wisata-ke-pantai-pandawa-bali-cek-tiket-masuk-2026-dan-fasilitasnya
Taman Uebone,"3MP5+855, Uebone, Kec. Ampana Tete, Kabupaten Tojo Una-Una, Sulawesi Tengah, Indonesia",Kabupaten Tojo Una-Una,Sulawesi Tengah,0.0,Gratis,-
Wisata Pantai Desa Pasir Putih,"RRV7+QW8, Desa, Pasir Putih, Kec. Sangtombolang, Kabupaten Bolaang Mongondow, Sulawesi Utara, Indonesia",Kabupaten Bolaang Mongondow,Sulawesi Utara,2000,Murah,https://kupang.tribunnews.com/travel/951237/wisata-ntt-pesona-pantai-mingar-di-lembata-ntt-ini-daya-tarik-lokasi-dan-tiket-masuk
Pemandian Alam Limbong Lopi,"HCW4+39C, Batetangnga, Kec. Binuang, Kabupaten Polewali Mandar, Sulawesi Barat 91312, Indonesia",Kabupaten Polewali Mandar,Sulawesi Barat,0.0,Gratis,https://travel.detik.com/domestic-destination/d-4375428/polewali-mandar-punya-air-terjun-yang-cantik-banget
Pantai Tanjung Kramat,"F2WV+6PQ, Tj. Kramat, Kec. Hulonthalangi, Kota Gorontalo, Gorontalo 96133, Indonesia",Kota Gorontalo,Gorontalo,5000.0,Murah,https://travel.kompas.com/read/2021/09/15/121700227/itinerary-3-hari-2-malam-di-gorontalo-wisata-ke-benteng-otanaha?page=all
Pantai Leato Selatan,"F3RH+J93, Leato Sel., Kec. Kota Tim., Kota Gorontalo, Gorontalo 96116, Indonesia",Kota Gorontalo,Gorontalo,5000.0,Murah,https://tempatwisataseru.com/wisata-pantai-di-gorontalo-terbaik-dan-terhits/
Makam Jera Lompoe,"MV2J+XH9, Bila, Kec. Lalabata, Kabupaten Soppeng, Sulawesi Selatan 90811, Indonesia",Kabupaten Soppeng,Sulawesi Selatan,3000.0,Murah,https://www.detik.com/sulsel/wisata/d-6527369/15-tempat-wisata-di-soppeng-pesona-keindahan-alam-hingga-peninggalan-sejarah
WISATA BATU PANDANG,"F42F+9P5, Jl. Trans Sulawesi, Botutonuo, Kabupaten Bone Bolango",Kabupaten Bone Bolango,Gorontalo,5000.0,Murah,https://travel.tribunnews.com/destinasi/140539/pantai-togeo-bone-sulawesi-selatan-tiket-masuk-lokasi-panduan-rute
Pantai Tanjong Buku,"G665+8RR, Buku, Kec. Mapilli, Kabupaten Polewali Mandar, Sulawesi Barat, Indonesia",Kabupaten Polewali Mandar,Sulawesi Barat,5000,Murah,https://sulsel.idntimes.com/travel/destination/5-wisata-pantai-di-polewali-mandar-ramai-dikunjungi-wisatawan-01-954ls-6dm4rb
Bukit Sarassang,"7V3G+2R, Bangkala, Kec. Maiwa, Kabupaten Enrekang, Sulawesi Selatan, Indonesia",Kabupaten Enrekang,Sulawesi Selatan,13000.0,Sedang,https://travel.tribunnews.com/2025/02/03/dante-pine-tempat-wisata-murah-meriah-di-kabupaten-enrekang-sulawesi-selatan
Air Terjun Tanjung Asap,"HP2M+GVC, Palakka, Kec. Barru, Kabupaten Barru, Sulawesi Selatan 90711, Indonesia",Kabupaten Barru,Sulawesi Selatan,5000.0,Murah,https://travel.tribunnews.com/2025/08/13/harga-tiket-masuk-pantai-ujung-batu-di-barru-sulawesi-selatan-panduan-rute-dari-makassar
Embung Dumati,"Embung Dumati, Dulamayo Sel., Kec. Telaga, Kabupaten Gorontalo, Gorontalo, Indonesia",Kabupaten Gorontalo,Gorontalo,3000.0,Murah,https://www.scholae.co/web/read/1379/era.industri.keempat.kontes.robot.diharapkan.berpe
Air Terjun Sarambualla,"8533+97X, Kalotok, Kec. Sabbang, Kabupaten Luwu Utara, Sulawesi Selatan 91952, Indonesia",Kabupaten Luwu Utara,Sulawesi Selatan,0.0,Gratis,https://www.detik.com/sulsel/wisata/d-6908956/19-rekomendasi-tempat-wisata-di-luwu-utara-yang-menarik-dikunjungi
Mandel Beach,"Mandel Beach, Kombutokan, Totikum, Banggai Islands Regency, Central Sulawesi 94885, Indonesia",Kabupaten Banggai,Sulawesi Tengah,10000.0,Sedang,https://turisian.com/2023/01/23/traveling-ke-pantai-mandel-banggai-kepulauan-yang-menawan/
Lombongo Waterfall,"H53P+5FC, Tapadaa, Kecamatan Suwawa Tengah, Kabupaten Bone Bolango, Gorontalo 96583, Indonesia",Kabupaten Bone Bolango,Gorontalo,20000.0,Mahal,https://sportstourismindonesia.com/2023/05/30/air-terjun-lombongo-keindahan-alam-tersembunyi-gorontalo/
Ekowisata Mangrove,"F62W+V5R, Unnamed Road, Mawali, Kec. Lembeh Utara, Kota Bitung, Sulawesi Utara, Indonesia",Kota Bitung,Sulawesi Utara,2500.0,Murah,https://www.tripadvisor.de/Attraction_Review-g1071667-d10307844-Reviews-Ekowisata_Mangrove_Pintu_Kota-Pulau_Lembeh_Bitung_North_Sulawesi_Sulawesi.html
Porame Paradise Resort,"2RXP+HCM, Porame, Kec. Kinovaro, Kabupaten Sigi, Sulawesi Tengah, Indonesia",Kabupaten Sigi,Sulawesi Tengah,50000.0,Mahal,https://hariansulteng.com/ahmad-ali-diyakini-bisa-bangkitkan-pariwisata-desa-porame-yang-mati-suri/
WISATA KULINER 3 DIMENSI TAKALAR,"JFH6+9WC, Bonto Kassi, Kec. Polombangkeng Utara, Kabupaten Takalar, Sulawesi Selatan, Indonesia",Kabupaten Takalar,Sulawesi Selatan,5000.0,Murah,https://travel.tribunnews.com/2025/02/28/pantai-mangindara-takalar-sulawesi-selatan-wisata-favorit-anak-muda-untuk-sunsetan-dan-kulineran
Danau Randano Ghaghe,"Tongkuno, 2P86+R9Q, Lalemba, Lawa, Kotano Wuna, Kec. Tongkuno, Kabupaten Muna, Sulawesi Tenggara 93662, Indonesia",Kabupaten Muna,Sulawesi Tenggara,50000.0,Mahal,https://travel.detik.com/cerita-perjalanan/d-5404451/napabale-danau-air-asin-nan-eksotis-di-sulawesi-tenggara
AIR TERJUN LIMBONG KAMANDANG,"Unnamed Road No.91352, Kurrak, Kec. Tapango, Kabupaten Polewali Mandar, Sulawesi Barat 91352, Indonesia",Kabupaten Polewali Mandar,Sulawesi Barat,5000.0,Murah,https://www.cilacapkekinian.com/hiburan/1834922643/rekomendasi-wisata-polewali-mandar-rasakan-sensasi-liburan-ala-pedesaan-yang-menenangkan
Monumen Misionaris Johann G Schwarz Langowan,"5R3Q+FX9, Toraget, Kec. Langowan Utara, Kabupaten Minahasa, Sulawesi Utara, Indonesia",Kabupaten Minahasa,Sulawesi Utara,-,-,-
LOSARI BEACH,"Unnamed Road, Lolak, Kec. Lolak, Kabupaten Bolaang Mongondow, Sulawesi Utara, Indonesia",Kabupaten Bolaang Mongondow,Sulawesi Utara,0.0,Gratis,-
Gunung Sambapolulu,"Gunung Sambapolulu, Enano, Kabaena Tengah, Bombana Regency, South East Sulawesi, Indonesia",Kabupaten Bombana,Sulawesi Tenggara,0.0,Gratis,https://travel.kompas.com/read/2026/03/14/171108927/harga-tiket-masuk-taman-safari-bogor-selama-libur-lebaran-2026
Pantai Tinggian,"Pantai Tinggian, Sawangan, Kecamatan Kombi, Kabupaten Minahasa, Sulawesi Utara, Indonesia",Kabupaten Minahasa,Sulawesi Utara,5000.0,Murah,https://travel.tribunnews.com/2025/02/05/healing-ke-pantai-lakban-di-minahasa-tenggara-sulawesi-utara-tiket-masuk-cuma-rp-5-ribu
Wisata Pantai Galesong,"Q95J+79Q, Pantai, Kec. Galesong, Kabupaten Takalar, Sulawesi Selatan, Indonesia",Kabupaten Takalar,Sulawesi Selatan,0.0,Gratis,-
WISATA PANTAI BULOKKONG,"Q878+QFW, Bua, Kec. Tellu Limpoe, Kabupaten Sinjai, Sulawesi Selatan, Indonesia",Kabupaten Sinjai,Sulawesi Selatan,5000.0,Murah,https://www.facebook.com/JelajahWisataSinjai/posts/pantai-bulokkong-kecamatan-tellulimpoe-kabupaten-sinjai-sulawesi-selatan-menjadi/595164225209391/
Air Terjun Ogomojolo,"FFWF+Q3X, desa ogomojolo, Palasa Lambori, Kec. Palasa, Kabupaten Parigi Moutong, Sulawesi Tengah 94476, Indonesia",Kabupaten Parigi Moutong,Sulawesi Tengah,10000.0,Sedang,https://bratvasocial.com/air-terjun-ogomojolo-pesona-air-terjun-yang-super-jernih-di-parigi-moutong/
Bulili Park,"3WC3+2PV, Birobuli Sel., Kec. Palu Sel., Kota Palu, Sulawesi Tengah 94111, Indonesia",Kota Palu,Sulawesi Tengah,12000.0,Sedang,https://www.traveloka.com/id-id/activities/indonesia/city/palu-100588
Pantai Songkur AMURANG,"5FPG+8VC, Unnamed Road, Tawaang, Kec. Tenga, Kabupaten Minahasa Selatan, Sulawesi Utara, Indonesia",Kabupaten Minahasa Selatan,Sulawesi Utara,20000.0,Mahal,https://indonesia.tripcanvas.co/id/sulawesi/tempat-wisata-alam-sulawesi-utara/
Masjid Tua Tosora,"V4H9+P9H, Tosora, Kec. Majauleng, Kabupaten Wajo, Sulawesi Selatan 90991, Indonesia",Kabupaten Wajo,Sulawesi Selatan,0.0,Gratis,-
Pantai Sunrise,"Makalisung, Kecamatan Kombi, Kabupaten Minahasa, Sulawesi Utara, Indonesia",Kabupaten Minahasa,Sulawesi Utara,5000.0,Murah,https://gardapapua.com/2022/12/31/suka-liburan-ke-pantai-ayo-ke-pantai-sunrise-makalisung-minahasa-utara/
Anggalo Beach Waworaha,"3HXG+VF, Waworaha, Kabupaten Konawe",Kabupaten Konawe,Sulawesi Tenggara,0.0,Gratis,https://travel.tribunnews.com/destinasi/141416/harga-tiket-paddle-board-di-pantai-anggalo-konawe-untuk-liburan-akhir-tahun
Gua Laumehe,"JFG8+8GQ, Wantopi, Mawasangka Tim., Kabupaten Buton, Sulawesi Tenggara, Indonesia",Kabupaten Buton,Sulawesi Tenggara,10000.0,Sedang,https://www.youtube.com/watch?v=5EBFXTHNE3Y
Pantai ROR,"Unnamed Road, 3XF9+9H9, Bukit Tinggi, Kec. Kakas, Kabupaten Minahasa, Sulawesi Utara, Indonesia",Kabupaten Minahasa,Sulawesi Utara,5000.0,Murah,https://travel.tribunnews.com/2025/02/05/healing-ke-pantai-lakban-di-minahasa-tenggara-sulawesi-utara-tiket-masuk-cuma-rp-5-ribu
Taman Likuifaksi,"Jl. Bumi Beringin, Lolu, Kabupaten Sigi",Kabupaten Sigi,Sulawesi Tengah,5000.0,Murah,https://mediasulawesi.id/read/369-taman-likuifaksi-dari-bencana-menjadi-objek-wisata/
puncak padel,"85X9+9CF, Pattimpa, Kec. Ponre, Kabupaten Bone, Sulawesi Selatan 92765, Indonesia",Kabupaten Bone,Sulawesi Selatan,10000.0,Sedang,https://rsiastyusuf.com/5-destinasi-wista-alam-terpopuler-dan-hits-di-bone/
Teluk Ceri,"3MM8+47F, Toronipa, Kabupaten Konawe",Kabupaten Konawe,Sulawesi Tenggara,10000.0,Sedang,https://idfirms.com/sulawesi-tenggara/teluk-ceri-916420
Kreasi Bahari Toronipa,"4M36+FP9, Jl. Pantai, Toronipa, Soropia, Kabupaten Konawe, Sulawesi Tenggara 93351, Indonesia",Kabupaten Konawe,Sulawesi Tenggara,50000.0,Mahal,https://www.orami.co.id/magazine/wisata-bahari-di-sulawesi-tenggara
Bulu Torompupu,"Bulu Torompupu, Salua, Kec. Kulawi, Kabupaten Sigi, Sulawesi Tengah, Indonesia",Kabupaten Sigi,Sulawesi Tengah,0.0,Gratis,https://travel.tribunnews.com/2021/08/24/harga-tiket-masuk-mantikole-sigi-wisata-pemandian-air-panas-untuk-relaksasi-diri
Rumah Adat Sinjai,"RC46+QW4, Jl. Daeng Tata III, Benteng Somba Opu, Kec. Barombong, Kota Makassar, Sulawesi Selatan 90225, Indonesia",Kota Makassar,Sulawesi Selatan,5000.0,Murah,https://travel.tribunnews.com/2025/08/13/harga-tiket-masuk-pantai-ujung-batu-di-barru-sulawesi-selatan-panduan-rute-dari-makassar
Danau cinta tonasa1,"3JVV+X94, Balocci Baru, Kec. Balocci, Kabupaten Pangkajene Dan Kepulauan, Sulawesi Selatan 90661, Indonesia",Kabupaten Pangkajene Dan Kepulauan,Sulawesi Selatan,10000.0,Sedang,https://kataomed.com/danau/harga-tiket-danau-cinta-tonasa-dan-rutenya
Air Terjun Mengkendek,"RX94+MW9, Simbuang, Kec. Mengkendek, Kabupaten Tana Toraja, Sulawesi Selatan 91881, Indonesia",Kabupaten Tana Toraja,Sulawesi Selatan,0.0,Gratis,-
Pantai Batu Buaya,"F4JX+86J, Keramat, Kec. Mananggu, Kabupaten Boalemo, Gorontalo, Indonesia",Kabupaten Boalemo,Gorontalo,5000.0,Murah,https://seringjalan.com/6-tempat-wisata-di-tilamuta-kabupaten-boalemo/
Pantai Batu Oge,"P8G3+HGC, Batu Oge, Pedongga, Kab. Pasangkayu, Sulawesi Barat 91571, Indonesia",Kota Palu,Sulawesi Tengah,-,-,-
Air Terjun Lewaja,"CR85+5RX, Lewaja, Kec. Enrekang, Kabupaten Enrekang, Sulawesi Selatan 91712, Indonesia",Kabupaten Enrekang,Sulawesi Selatan,15000.0,Sedang,https://www.celebes.co/air-terjun-lewaja-enrekang
Tamalaté Paleis van het Gowa Sultanaat - Istana Tamalate,"Istana Tamalate, Sungguminasa, Kec. Somba Opu, Kabupaten Gowa, Sulawesi Selatan 92111, Indonesia",Kabupaten Gowa,Sulawesi Selatan,29000,Mahal,https://travel.tribunnews.com/2025/06/11/nikmati-air-panas-alami-lejja-soppeng-cek-harga-tiket-masuk-lokasinya-di-sulawesi-selatan
Pantai Galumbaya,"Galumbaya, H92M+HPW, Ujung Baji, Kec. Sanrobone, Kabupaten Takalar, Sulawesi Selatan 92231, Indonesia",Kabupaten Takalar,Sulawesi Selatan,5000.0,Murah,https://travel.tribunnews.com/2025/02/28/pantai-mangindara-takalar-sulawesi-selatan-wisata-favorit-anak-muda-untuk-sunsetan-dan-kulineran
Pantai Nalera,"9357+J35, Jl. Trans Sulawesi, Marantale, Kec. Siniu, Kabupaten Parigi Moutong, Sulawesi Tengah 94474, Indonesia",Kabupaten Parigi Moutong,Sulawesi Tengah,2500.0,Murah,https://travel.tribunnews.com/2020/08/01/harga-tiket-masuk-pantai-madasari-pangandaran-tempat-asyik-untuk-liburan-akhir-pekan
Pantai Sicini,"QJ48+QC7, Bontoparang, Kec. Parangloe, Kabupaten Gowa, Sulawesi Selatan 92173, Indonesia",Kabupaten Gowa,Sulawesi Selatan,20000.0,Mahal,https://www.detik.com/sulsel/wisata/d-7652057/ada-wisata-baru-di-gowa-yuk-intip-lokasi-dan-wahana-menariknya
Mooi Lake,"HX58+4W6, Huntu, Kec. Batudaa, Kabupaten Gorontalo, Gorontalo, Indonesia",Kabupaten Gorontalo,Gorontalo,10000.0,Sedang,https://nusantara1.id/2023/12/mooi-lake-destinasi-alam-yang-memikat-di-gorontalo/
Pantai Salopi,"Selat, Kota Makassar, Sulawesi Selatan, Indonesia",Kota Makassar,Sulawesi Selatan,5000.0,Murah,https://www.detik.com/sulsel/wisata/d-6896501/25-rekomendasi-objek-wisata-di-kabupaten-pinrang-untuk-liburan
Pantai karampuang,"Pantai karampuang, P89M+F49, Pattongko, Kec. Sinjai Tim., Kabupaten Sinjai, Sulawesi Selatan, Indonesia",Kabupaten Sinjai,Sulawesi Selatan,0.0,Gratis,-
Dermaga Bone,"Jl. Bone Bawah, Desa Malalanda, 557C+3H9, Kec. Kulisusu, Kabupaten Buton Utara, Sulawesi Tenggara 93672, Indonesia",Kabupaten Buton Utara,Sulawesi Tenggara,5000.0,Murah,https://travel.tribunnews.com/destinasi/140539/pantai-togeo-bone-sulawesi-selatan-tiket-masuk-lokasi-panduan-rute
Pulau Hoga,"Pulau Hoga, Ambeua Raya, Kec. Kaledupa, Kabupaten Wakatobi, Sulawesi Tenggara, Indonesia",Kabupaten Wakatobi,Sulawesi Tenggara,-,-,-
Wisata Alam Wai Batu,"HCQ3+VPW, Batetangnga, Kec. Binuang, Kabupaten Polewali Mandar, Sulawesi Barat 91312, Indonesia",Kabupaten Polewali Mandar,Sulawesi Barat,5000.0,Murah,https://travel.detik.com/fototravel/d-5528821/foto-wai-batu-buat-ngadem-wisata-alam-unik-dari-polman
Penjara Tua Kema,"938G+28G, Kema Dua, Kec. Kema, Kabupaten Minahasa Utara, Sulawesi Utara, Indonesia",Kabupaten Minahasa Utara,Sulawesi Utara,0.0,Gratis,https://sisparnas.kemenpar.go.id/p/138194
Miniatur MONUMEN LAPRIS,"HC9Q+JCR, Jl. Kemakmuran, Kalabbirang, Kec. Pattallassang, Kabupaten Takalar, Sulawesi Selatan 92461, Indonesia",Kabupaten Takalar,Sulawesi Selatan,0.0,Gratis,-
Masjid Bukit Nirwana Permai 1.Moncongloe Lappara,"RGQ4+Q65, Jl. Ayah Syekh Yusuf Perumahaan bukit nirwana 1, Moncongloe Lappara, Kec. Moncong Loe, Kabupaten Maros, Sulawesi Selatan 90562, Indonesia",Kabupaten Maros,Sulawesi Selatan,-,-,-
Wisata Goa Kotaeono,"MJVV+74Q, Desa, Dusun Uncume, Rahia, Kec. Gu, Kabupaten Buton Tengah, Sulawesi Tenggara, Indonesia",Kabupaten Buton Tengah,Sulawesi Tenggara,2000.0,Murah,https://www.facebook.com/KompasTV/videos/pesona-indah-milik-goa-kotaeono-buton-tengah/407211237983278/
Air Terjun Bantimurung,"Air Terjun Bantimurung, Jenetaesa, Kec. Simbang, Kabupaten Maros, Sulawesi Selatan, Indonesia",Kabupaten Maros,Sulawesi Selatan,30000.0,Mahal,https://travel.kompas.com/read/2023/03/03/070000527/air-terjun-bantimurung-di-sulawesi-selatan--tiket-masuk-dan-aktivitas
BANYU ANGET SWIMMINGPOOL,"Matali, Kec. Kotamobagu Tim., Kota Kotamobagu, Sulawesi Utara, Indonesia",Kota Kotamobagu,Sulawesi Utara,20000.0,Mahal,https://www.tiktok.com/@banyuangetmatali/video/7620054948557933842
Wisata Bone Pompon,"QC82+328, Lalong, Kec. Tinangkung Utara, Kabupaten Banggai Kepulauan, Sulawesi Tengah, Indonesia",Kabupaten Banggai Kepulauan,Sulawesi Tengah,12000,Sedang,https://travel.detik.com/domestic-destination/d-4665934/wisata-petik-apel-malang-tiket-masuk-hingga-lokasinya
BUMDes TORJA,"FCJR+43X, Torosiaje Jaya, Popayato, Kabupaten Pohuwato, Gorontalo 96467, Indonesia",Kabupaten Pohuwato,Gorontalo,-,-,-
Gunung Awu,"Gn. Awu, Utaurano, Kec. Tabukan Utara, Kabupaten Kepulauan Sangihe, Sulawesi Utara, Indonesia",Kabupaten Kepulauan Sangihe,Sulawesi Utara,-,-,-
Pantai Monosan,"CHX6+MH3, Kendek, Banggai Utara, Kab. Banggai Laut, Sulawesi Tengah 94891, Indonesia",Kabupaten Banggai,Sulawesi Tengah,2000.0,Murah,https://travel.kompas.com/read/2023/07/03/190500227/pantai-tanjung-karang-di-sulawesi-tengah--tiket-masuk-dan-aktivitas
Pantai Cappa Ujung,"Pantai Cappa Ujung, Pattiro Sompe, Kec. Sibulue, Kabupaten Bone, Sulawesi Selatan, Indonesia",Kabupaten Bone,Sulawesi Selatan,0.0,Gratis,-
Wisata Pantai Botudidingga,"VWQM+3CQ, Dambalo, Kec. Tomilito Kab, Kabupaten Gorontalo Utara, Indonesia",Kabupaten Gorontalo Utara,Gorontalo,20000.0,Mahal,https://mbhargonews.com/pantai-botudidingga-destinasi-wisata-yang-indah-di-gorontalo-utara/
"Air Terjun Kalata, Buton","JXFM+XGV, Walompo, Kec. Siontapina, Kabupaten Buton, Sulawesi Tenggara 93756, Indonesia",Kabupaten Buton,Sulawesi Tenggara,0.0,Gratis,-
Wisata Gunung Layang,"G3G3+2G9, Siendeng, Kec. Hulonthalangi, Kota Gorontalo, Gorontalo 96133, Indonesia",Kota Gorontalo,Gorontalo,5000.0,Murah,https://travel.kompas.com/read/2021/09/15/121700227/itinerary-3-hari-2-malam-di-gorontalo-wisata-ke-benteng-otanaha?page=all
Argawana camp,"42QJ+4H, Puunaaha, Kec. Unaaha, Kabupaten Konawe, Sulawesi Tenggara, Indonesia",Kabupaten Konawe,Sulawesi Tenggara,0.0,Gratis,https://travel.tribunnews.com/destinasi/141416/harga-tiket-paddle-board-di-pantai-anggalo-konawe-untuk-liburan-akhir-tahun
Wisata Air Terjun Matube desa lampa,"Lampa, Kec. Banggai, Kabupaten Banggai Kepulauan, Sulawesi Tengah 94891, Indonesia",Kabupaten Banggai Kepulauan,Sulawesi Tengah,-,-,-
Papalimba Water Tourism Lapulu,"2H9H+5Q2, Lapulu, Kec. Abeli, Kota Kendari, Sulawesi Tenggara, Indonesia",Kota Kendari,Sulawesi Tenggara,-,-,-
Pantai Wisata Labuang,"F4M6+WQ5, Laliko, Kec. Campalagian, Kabupaten Polewali Mandar, Sulawesi Barat, Indonesia",Kabupaten Polewali Mandar,Sulawesi Barat,5000.0,Murah,https://www.celebes.co/pantai-labuang-polewali-mandar
Kampung pelangi,"XJWR+GW5, Tondonggeu, Kec. Abeli, Kota Kendari, Sulawesi Tenggara, Indonesia",Kota Kendari,Sulawesi Tenggara,30000,Mahal,https://britainaja.com/tempat-wisata-kendari-sulawesi-tenggara-terindah/
Pantai Ujung Indah,"Pantai Ujung Indah, Cilellang, Kec. Mallusetasi, Kabupaten Barru, Sulawesi Selatan 90753, Indonesia",Kabupaten Barru,Sulawesi Selatan,3000.0,Murah,https://liburanplus.com/wisata/sulawesi/tempat-wisata-barru/
"Pantai Tanjung Pero, Ujunge","Unnamed Road, 28J2+4XF, Ujunge, Kec. Tonra, Kabupaten Bone, Sulawesi Selatan, Indonesia",Kabupaten Bone,Sulawesi Selatan,5000.0,Murah,https://travel.tribunnews.com/destinasi/140539/pantai-togeo-bone-sulawesi-selatan-tiket-masuk-lokasi-panduan-rute
Wisata Kuliner Sondana,"92G5+34Q, Unnamed Road, Tolondadu II",Kabupaten Bolaang Mongondow,Sulawesi Utara,0.0,Gratis,-
WISATA TAMAN CIBUTU,"H46M+4F5, Butu, Kabupaten Bone Bolango",Kabupaten Bone Bolango,Gorontalo,5000.0,Murah,https://travel.kompas.com/read/2021/09/15/121700227/itinerary-3-hari-2-malam-di-gorontalo-wisata-ke-benteng-otanaha?page=all
Pantai Kappe,"Pantai Kappe, Data, Kec. Duampanua, Kabupaten Pinrang, Sulawesi Selatan 91253, Indonesia",Kabupaten Pinrang,Sulawesi Selatan,0.0,Gratis,-
Kuntung Tampusu,"Kuntung Tampusu, Tataaran Patar, Kec. Tondano Sel., Kabupaten Minahasa, Sulawesi Utara, Indonesia",Kabupaten Minahasa,Sulawesi Utara,20000.0,Mahal,https://travel.kompas.com/read/2024/11/26/090500327/bukit-tetetana-suluan-minahasa--daya-tarik-jam-buka-dan-lokasi
Gunung Mahawu,"9V36+8WX, Kakaskasen Satu, Kec. Tomohon Utara, Kota Tomohon, Sulawesi Utara, Indonesia",Kota Tomohon,Sulawesi Utara,20000.0,Mahal,https://travel.kompas.com/read/2025/03/06/150300927/10-tempat-wisata-di-tomohon-murah-cocok-untuk-liburan
Masjid Nurul Azizil Hakim,"CWPV+52Q, Jl. Rangas, Totoli, Kec. Banggae, Kabupaten Majene, Sulawesi Barat 91415, Indonesia",Kabupaten Majene,Sulawesi Barat,-,-,-
WISATA DANAU MOAT,"Moat, Kec. Modayag, Kabupaten Bolaang Mongondow Timur, Sulawesi Utara, Indonesia",Kabupaten Bolaang Mongondow Timur,Sulawesi Utara,5000.0,Murah,https://travel.detik.com/cerita-perjalanan/d-5389449/bukan-lembang-ini-destinasi-yang-sempat-viral-di-sulawesi-utara
Danau Sanusi,"WHMR+PV9, Jl. Garuda, Damai, Kec. Tanralili, Kabupaten Maros, Sulawesi Selatan 90552, Indonesia",Kabupaten Maros,Sulawesi Selatan,5000.0,Murah,https://superapps.kompas.com/read/4282708/6-tempat-wisata-di-maros-sulawesi-selatan-ada-taman-nasional-yang-disebut-kerajaan-kupu-kupu
Cokopacu Rental Mobil & Motor,Jalan Pacuan Kuda No.25,Kabupaten Toraja Utara,Sulawesi Selatan,20000.0,Mahal,https://regional.kompas.com/read/2021/04/12/151045478/foto-viral-tiket-masuk-pantai-anyer-rp-100000-pengelola-harga-dari-dulu-itu
Permandian Boro- Boro,"W82W+FP9, Boro-Boro R, Kec. Ranomeeto, Kabupaten Konawe Selatan, Sulawesi Tenggara, Indonesia",Kabupaten Konawe Selatan,Sulawesi Tenggara,10000.0,Sedang,https://telisik.id/news/boro-boro-tawarkan-wisata-permandian-air-tawar-nuansa-alam-destinasi-wisata-pilihan-akhir-pekan
Pantai Cimpu Selatan,"Pantai Cimpu Selatan, Cimpu, Kec. Suli, Kabupaten Luwu, Sulawesi Selatan 91994, Indonesia",Kabupaten Luwu,Sulawesi Selatan,10000.0,Sedang,https://www.wonderverseindonesia.com/id/article/travel/10-wisata-sulawesi-selatan-yang-sangat-memukau
Pantai Pasir Putih Batu Putih,"Unnamed Road, Batu Putih, Kec. Kolono, Kabupaten Konawe Selatan, Sulawesi Tenggara, Indonesia",Kabupaten Konawe Selatan,Sulawesi Tenggara,25000.0,Mahal,https://www.kompasiana.com/zhpl/63e117335040337eb91f1522/pantai-pasir-putih-desa-batu-putih-kecamatan-kolono-timur-kabupaten-konawe-selatan
Kompleks Rumah Adat Labakkang,"6GGG+96X, Labakkang, Kec. Labakkang, Kabupaten Pangkajene Dan Kepulauan, Sulawesi Selatan 90651, Indonesia",Kabupaten Pangkajene Dan Kepulauan,Sulawesi Selatan,-,-,-
Danau Tampusu,"Danau Tampusu, Pangolombian, Kec. Tomohon Sel., Kota Tomohon, Sulawesi Utara, Indonesia",Kota Tomohon,Sulawesi Utara,40000.0,Mahal,https://travel.kompas.com/read/2025/01/13/190500427/danau-linow-tomohon-harga-tiket-jam-buka-dan-lokasi
Darunu Mangrove Park,"Darunu, Jaga 6, Kabupaten Minahasa Utara, Sulawesi Utara 95376, Indonesia",Kabupaten Minahasa Utara,Sulawesi Utara,5000,Murah,https://www.facebook.com/reel/800240441851465/
Danau Sidenreng,"Danau Sidenreng, Sulawesi Selatan, Indonesia",Kabupaten Sidenreng Rappang,Sulawesi Selatan,10000.0,Sedang,https://dpmdppasidrap.com/10-tempat-wisata-sidrap-sulawesi-selatan-yang-terpopuler/
Air Terjun Samparona,"FMV9+P5W, Lipumangau, Kec. Sampolawa, Kabupaten Buton, Sulawesi Tenggara 93725, Indonesia",Kabupaten Buton,Sulawesi Tenggara,10000.0,Sedang,https://www.celebes.co/air-terjun-samparona-buton
Pantai Makakata,"Pantai Makakata, Sisipan, Batui, Banggai Regency, Central Sulawesi, Indonesia",Kabupaten Banggai,Sulawesi Tengah,0.0,Gratis,https://sandee.com/indonesia/central-sulawesi/sisipan/pantai-makakata
Pantai Mato,"Pantai Mato, Tinakin Laut, Kec. Banggai, Kabupaten Banggai Kepulauan, Sulawesi Tengah 94891, Indonesia",Kabupaten Banggai Kepulauan,Sulawesi Tengah,5000.0,Murah,https://www.youtube.com/watch?v=Xqk178JBdmk
Permandian Ziling,"Salumanurung, Kec. Budong-Budong, Kabupaten Mamuju, Sulawesi Barat 91563, Indonesia",Kabupaten Mamuju,Sulawesi Barat,0.0,Gratis,https://travel.kompas.com/read/2021/10/26/160721427/itinerary-3-hari-2-malam-di-mamuju-sulawesi-barat-wisata-air-terjun-tamasapi
Pantai LOGPON,"Pantai LOGPON, Jl. Trans Sulawesi, Molantadu, Kec. Kwandang, Kabupaten Gorontalo Utara, Gorontalo 96252, Indonesia",Kabupaten Gorontalo Utara,Gorontalo,5000.0,Murah,https://satugorontalo.blogspot.com/2015/02/pantai-logpon-wisata-pantai-pasir-putih.html
Wisata Bahari Resto Transmart Carrefour,"GV3X+9XJ, Kairagi Dua, Kec. Mapanget, Kota Manado, Sulawesi Utara, Indonesia",Kota Manado,Sulawesi Utara,29000,Mahal,https://travel.tribunnews.com/2025/03/20/pesona-pantai-karangria-wisata-bahari-di-manado-sulawesi-utara-untuk-healing
Pulau Sanrobengi,"M8GV+664 Gusung Sangrobengi, Boddia, Kec. Galesong, Kabupaten Takalar, Sulawesi Selatan, Indonesia",Kabupaten Takalar,Sulawesi Selatan,15000.0,Sedang,https://www.detik.com/sulsel/wisata/d-6503703/14-tempat-wisata-di-takalar-yang-populer-dan-menarik-dikunjungi
Air Terjun Baruttungnge,"Sungai Apareng, P5Q6+W72, Sangianseri, Kec. Sinjai Sel., Kabupaten Sinjai, Sulawesi Selatan 92661, Indonesia",Kabupaten Sinjai,Sulawesi Selatan,3000.0,Murah,https://www.innalar.com/nomor-3-bisa-bikin-ketemu-jodoh-inilah-7-air-terjun-terindah-di-sulawesi-selatan-yang-buka-24-jam-setiap-hari/
Gunung Batu Puulemo,"RPF4+5FJ, unamed road, Puulemo, Kec. Baula, Kabupaten Kolaka, Sulawesi Tenggara 93562, Indonesia",Kabupaten Kolaka,Sulawesi Tenggara,5000.0,Murah,https://www.orami.co.id/magazine/wisata-bahari-di-sulawesi-tenggara
Jangkar Raksasa Selayar,"RC9H+V5R, Bontosunggu, Kec. Bontoharu, Kab. Kepulauan Selayar, Sulawesi Selatan, Indonesia",Kabupaten Kepulauan Selayar,Sulawesi Selatan,3000.0,Murah,https://wisatago.com/wisata-pulau-selayar/
Pemandian Air Panas Beteleme,"R7WC+2MJ, Beteleme, Kec. Lembo, Kabupaten Morowali Utara, Sulawesi Tengah 94966, Indonesia",Kabupaten Morowali Utara,Sulawesi Tengah,29000,Mahal,https://travel.tribunnews.com/destinasi/141157/daya-tarik-harga-tiket-masuk-air-terjun-veranomata-di-morowali-sulawesi-tengah
Permandian Kapontori,"QRMJ+M5F, Watumotobe, Kec. Kapontori, Kabupaten Buton, Sulawesi Tenggara 93755, Indonesia",Kabupaten Buton,Sulawesi Tenggara,5000.0,Murah,https://jadesta.kemenparekraf.go.id/atraksi/permandian
Pantai Anita,"Ratatotok Tim., Kec. Ratatotok, Kabupaten Minahasa Tenggara, Sulawesi Utara 95997, Indonesia",Kabupaten Minahasa Tenggara,Sulawesi Utara,25000.0,Mahal,https://manado.tribunnews.com/2024/05/16/9-rekomendasi-tempat-wisata-pantai-di-sulawesi-utara-memanjakan-mata-dan-terjangkau
Waruga TOAR - LUMIMUUT Palamba,"3V5J+CJ7, Palamba, Kec. Langowan Sel., Kabupaten Minahasa, Sulawesi Utara 95997, Indonesia",Kabupaten Minahasa,Sulawesi Utara,57000.0,Mahal,https://www.rykers.org/2012/01/waruga-toar-lummimuut-palamba.html
Sara Island,"WPV5+RJC, Lirung Satu, Lirung, Kabupaten Kepulauan Talaud, Sulawesi Utara, Indonesia",Kabupaten Kepulauan Talaud,Sulawesi Utara,-,-,-
Pantai Mangket,"Pantai Mangket, Makalisung, Kema, North Minahasa Regency, North Sulawesi, Indonesia",Kabupaten Minahasa,Sulawesi Utara,5000.0,Murah,https://money.kompas.com/read/2022/06/06/135234526/agar-tak-salah-paham-soal-htm-candi-borobudur-tiket-masuk-masih-rp-50000-tiket
Zalza Beach,"Pantai Lalos, Lalos, Kabupaten Toli-Toli",Kabupaten Toli-Toli,Sulawesi Tengah,-,-,-
PANTAI BOULEVARD MANADO,"FRHM+HJX, Jl. Piere Tendean, Sario Tumpaan, Kec. Sario, Kota Manado, Sulawesi Utara, Indonesia",Kota Manado,Sulawesi Utara,5000.0,Murah,https://www.traveloka.com/id-id/explore/destination/pantai-di-manado-acc/362823
Towea Beach,"FP9R+JWV, Lakarama, Kec. Towea, Kabupaten Muna, Sulawesi Tenggara 93654, Indonesia",Kabupaten Muna,Sulawesi Tenggara,10000.0,Sedang,https://www.celebes.co/pulau-towea-muna
Kampoeng Wisata Alam Baturapa,"J2FJ+4QG, Borong Rappoa, Kec. Kindang, Kabupaten Bulukumba, Sulawesi Selatan 92517, Indonesia",Kabupaten Bulukumba,Sulawesi Selatan,10000,Sedang,https://travel.tribunnews.com/2025/09/25/pantai-tanjung-bira-di-bulukumba-sulawesi-selatan-panduan-rute-tiket-masuk-fasilitas
Swedy Beach Tambea,"Jl. Moh. Arief Masdar, Kec. Pomalaa, Kabupaten Kolaka, Sulawesi Tenggara 93562, Indonesia",Kabupaten Kolaka,Sulawesi Tenggara,5000.0,Murah,https://sultra.tribunnews.com/2025/04/01/swedy-beach-tambea-kolaka-sulawesi-tenggara-destinasi-pilihan-warga-saat-libur-idulfitri-2025
Pantai Batam Mataiwoi,"Pantai Batam Mataiwoi, Mataiwoi, Kec. Molawe, Kabupaten Konawe Utara, Sulawesi Tenggara, Indonesia",Kabupaten Konawe Utara,Sulawesi Tenggara,10000.0,Sedang,https://sultra.tribunnews.com/2024/12/22/suguhkan-view-pegunungan-mengenal-pantai-batam-desa-mataiwoi-kecamatan-molawe-konawe-utara
Permandian Air Terjun Maremare,"8MH8+PW5, Pujananting, Kec. Pujananting, Kabupaten Barru, Sulawesi Selatan 90762, Indonesia",Kabupaten Barru,Sulawesi Selatan,5000.0,Murah,https://travel.tribunnews.com/2025/08/13/harga-tiket-masuk-pantai-ujung-batu-di-barru-sulawesi-selatan-panduan-rute-dari-makassar
"Cagar Alam Batu Angus, Bitung","Unnamed Road, G65J+XWQ, Kasawari, Aertembaga, Kota Bitung, Sulawesi Utara, Indonesia",Kota Bitung,Sulawesi Utara,70000.0,Mahal,https://www.triptrus.com/destination/432/cagar-alam-gunung-tangkoko-batuangus
Tambun Maleo Sanctuary,"H4Q9+FHC, Unnamed Road, Tim, Pinonobatuan",Kabupaten Bolaang Mongondow,Sulawesi Utara,15000.0,Sedang,https://travel.detik.com/travel-news/d-7419333/taman-safari-bogor-terapkan-sistem-tiket-baru-ada-yang-lebih-murah
Sarambu Ratte Balla,"3M5J+WPX, Balla, Kec. Bittuang, Kabupaten Tana Toraja, Sulawesi Selatan 91856, Indonesia",Kabupaten Tana Toraja,Sulawesi Selatan,10000.0,Sedang,https://wisata.app/diary/56097
Puncak Kota Kolonodale,"283J+M3R, Unnamed Road, Kolonodale, Kec. Petasia, Kabupaten Morowali Utara, Sulawesi Tengah 94971, Indonesia",Kabupaten Morowali Utara,Sulawesi Tengah,-,-,-
GOA TAPPARANG kolaka Utara,"Rante Baru, Kecamatan Rante Angin, Kabupaten Kolaka Utara, Sulawesi Tenggara 93956, Indonesia",Kabupaten Kolaka Utara,Sulawesi Tenggara,0.0,Gratis,-
Wisata Panaikang Birayya #DarubiahKeren,"CFH2+GR4, Darubiah, Kec. Bonto Bahari, Kabupaten Bulukumba, Sulawesi Selatan, Indonesia",Kabupaten Bulukumba,Sulawesi Selatan,3000.0,Murah,https://www.traveloka.com/id-id/explore/destination/pl-tempat-wisata-di-bulukumba/181704
Telaga Biru Bungkutoko,"Unnamed Road, 93234, Indonesia",Kota Kendari,Sulawesi Tenggara,15000.0,Sedang,https://kabarsingaparna.pikiran-rakyat.com/pariwisata/pr-3237742147/harga-tiket-masuk-telaga-biru-cicerem-lengkap-dengan-biaya-lain-yang-dibutuhkan-para-pengunjung
Wisata Permandian Air Loka,"Unnamed Road, 8G9W+6PP, Kaimbulawa, Kec. Siompu, Kabupaten Buton, Sulawesi Tenggara, Indonesia",Kabupaten Buton,Sulawesi Tenggara,3000.0,Murah,https://jambi.tribunnews.com/2018/06/09/tempat-wisata-baru-di-tebo-permandian-air-panas-sungai-bengkal-ini-harga-tiket-masuk
Bukit Palipi Sendana Kab. Majene.,"MRMX+HF4, Sendana, Kec. Sendana, Kabupaten Majene, Sulawesi Barat 91452, Indonesia",Kabupaten Majene,Sulawesi Barat,2000.0,Murah,https://seringjalan.com/6-tempat-wisata-di-majene-sulawesi-barat/
Kawasan Wisata Alam Citta,"H28J+8HR, Citta, Kec. Citta, Kabupaten Soppeng, Sulawesi Selatan 90861, Indonesia",Kabupaten Soppeng,Sulawesi Selatan,3000.0,Murah,https://www.detik.com/sulsel/wisata/d-6527369/15-tempat-wisata-di-soppeng-pesona-keindahan-alam-hingga-peninggalan-sejarah
Taman Marlina,"P7PG+RRW, Mongkonai Bar., Kec. Kotamobagu Bar., Kota Kotamobagu, Sulawesi Utara, Indonesia",Kota Kotamobagu,Sulawesi Utara,10000.0,Sedang,https://travel.tribunnews.com/2025/09/08/taman-wisata-pelangi-tomohon-sulut-daya-tarik-harga-tiket-masuk-lokasi-panduan-rute
Benteng TIWORO,"Waumere Tiworo kepulauan, 6C3J+4Q3, Waumere, Barat, Kabupaten Muna, Sulawesi Tenggara 93653, Indonesia",Kabupaten Muna,Sulawesi Tenggara,-,-,-
Lembah kendenan,"PMXR+QM9, Ratte Buttu, Kec. Bonggakaradeng, Kabupaten Tana Toraja, Sulawesi Selatan 91872, Indonesia",Kabupaten Tana Toraja,Sulawesi Selatan,10000.0,Sedang,https://www.detik.com/sulsel/wisata/d-7855810/8-wisata-di-tana-toraja-yang-unik-dan-bersejarah-untuk-liburan-keluarga
Pantai Kupu-kupu,"Pantai Kupu-kupu, Magani, Nuha, East Luwu Regency, South Sulawesi 92983, Indonesia",Kabupaten Luwu,Sulawesi Selatan,20000.0,Mahal,https://lipsus.kompas.com/elnino/read/2024/07/11/184604178/taman-kupu-kupu-bali-daya-tarik-harga-tiket-dan-jam-buka
Laguna Mahumalalang,"GCCQ+2PC, Kepulauan Labengki, Sulawesi Tenggara 93352, Indonesia",Kabupaten Konawe,Sulawesi Tenggara,46000,Mahal,https://www.detik.com/sulsel/berita/d-8245146/jadwal-harga-tiket-kapal-feri-rute-bira-sulawesi-tenggara-desember-2025
Al Azhar Beach Camp,"8RP9+757, Labuan Salumbone, Kec. Labuan, Kabupaten Donggala, Sulawesi Tengah 94353, Indonesia",Kabupaten Donggala,Sulawesi Tengah,0.0,Gratis,https://travel.kompas.com/read/2023/05/15/060600227/wisata-air-panas-mantikole-di-sulawesi-tengah--jam-buka-dan-tiket
Vila Purirano,"Jl. Dermaga Cinta, Purirano",Kota Kendari,Sulawesi Tenggara,20000.0,Mahal,https://www.rentalmobilbali.net/harga-tiket-masuk-wisata-di-bali/
Parepare Kota Cinta Habibie Ainun,"XJ3G+PG2 Ruang Terbuka Hijau, Sumpang Minangae, Kec. Bacukiki Bar., Kota Parepare, Sulawesi Selatan 91123, Indonesia",Kota Parepare,Sulawesi Selatan,0.0,Gratis,https://travel.tribunnews.com/destinasi/140738/itinerary-parepare-1-hari-dari-pinrang-bujet-rp-240-ribu-buat-liburan-berdua
kawasan wisata Bantimurung,"Jl. Poros Bantimurung Maros No.100, Alatengae, Kec. Bantimurung, Kabupaten Maros, Sulawesi Selatan 90561, Indonesia",Kabupaten Maros,Sulawesi Selatan,35000.0,Mahal,https://www.liputan6.com/lifestyle/read/5606227/turis-asing-batal-masuk-tempat-wisata-bantimurung-maros-setelah-lihat-harga-tiketnya
Wisata Mangrove Trans Pato'a,"8VJ5+FVF, Unnamed Road, Duminanga, Kec. Bolaang Uki, Kabupaten Bolaang Mongondow Selatan, Sulawesi Utara, Indonesia",Kabupaten Bolaang Mongondow Selatan,Sulawesi Utara,2000.0,Murah,https://travel.tribunnews.com/2021/04/18/binuanga-tracking-mangrove-destinasi-favorit-di-bolmut-sulawesi-utara-untuk-liburan-akhir-pekan
Wisata Pantai Poigar,"Wisata Pantai Poigar, Poigar II, Kec. Sinonsayang, Kabupaten Minahasa Selatan, Sulawesi Utara, Indonesia",Kabupaten Minahasa Selatan,Sulawesi Utara,0.0,Gratis,-
Wisata Taman mangrove BUMDesa Totobo,"Jl. By Pass, desa Totobo, Kabupaten Kolaka",Kabupaten Kolaka,Sulawesi Tenggara,-,-,-
Danau Motonuno,"3QF2+R4F, Lakarinta, Kec. Lohia, Kabupaten Muna, Sulawesi Tenggara 93658, Indonesia",Kabupaten Muna,Sulawesi Tenggara,0.0,Gratis,https://sultratop.com/danau-motonuno-di-muna-keindahan-alam-kisah-kelam-dan-surga-penyelam-dunia/
Pantai BatuMeja Sangkub (TableStone Beach),"Pantai BatuMeja Sangkub (TableStone Beach), Sampiro, Kec. Sangkub, Kabupaten Bolaang Mongondow Utara, Sulawesi Utara, Indonesia",Kabupaten Bolaang Mongondow Utara,Sulawesi Utara,5000.0,Murah,https://travel.tribunnews.com/destinasi/141107/jam-buka-tiket-masuk-pantai-modisi-di-bolaang-mongondow-selatan-sulawesi-utara
Pantai Parentek,"Pantai Parentek, Panterek, Lembean Timur, Minahasa Regency, North Sulawesi, Indonesia",Kabupaten Minahasa,Sulawesi Utara,20000.0,Mahal,https://www.celebes.co/pantai-parentek-minahasa
Air Terjun Pincuni,"Balakia, Kec. Sinjai Bar., Kabupaten Sinjai, Sulawesi Selatan 92653, Indonesia",Kabupaten Sinjai,Sulawesi Selatan,5000.0,Murah,https://www.celebes.co/tempat-wisata-sinjai
Puncak Donggala,"Jl. Poros Majene - Mamuju, Tosale, Kec. Banawa Tengah, Kabupaten Donggala, Sulawesi Tengah 94351, Indonesia",Kabupaten Donggala,Sulawesi Tengah,1000.0,Murah,https://travel.detik.com/cerita-perjalanan/d-5406040/menyusuri-donggala-kota-tua-di-ujung-teluk-palu
Negeri Diatas Awan Buntu Liarra,"X7WP+VQ7, Parondobulawan, Kec. Tanduk Kalua, Kabupaten Mamasa, Sulawesi Barat 91366, Indonesia",Kabupaten Mamasa,Sulawesi Barat,0.0,Gratis,https://www.detik.com/sulsel/wisata/d-6263391/9-wisata-di-sulawesi-barat-alam-bawah-laut-hingga-negeri-di-atas-awan
Tanarajae,"7F6W+P9W, Bonto Manai, Kec. Labakkang, Kabupaten Pangkajene Dan Kepulauan, Sulawesi Selatan 90653, Indonesia",Kabupaten Pangkajene Dan Kepulauan,Sulawesi Selatan,0,Gratis,https://makassar.tribunnews.com/2016/02/28/nginap-di-tanarajae-rasakan-kehidupan-nelayan-pesisir-pangkep-dan-panorama-alam
Wisata Pesona Tanjung Tihu,"Jl. Trans Sulawesi, Tihu, Kec. Bonepantai, Kabupaten Bone Bolango, Gorontalo 96585, Indonesia",Kabupaten Bone Bolango,Gorontalo,15000.0,Sedang,https://travel.detik.com/domestic-destination/d-6589912/pantai-tanjung-tihu-gorontalo-berpasir-putih-sungguh-menawan
Air Terjun Latta Pitu,"FJ7C+FH5, Rajang, Kec. Lembang, Kabupaten Pinrang, Sulawesi Selatan 91254, Indonesia",Kabupaten Pinrang,Sulawesi Selatan,5000.0,Murah,https://www.detik.com/sulsel/wisata/d-6896501/25-rekomendasi-objek-wisata-di-kabupaten-pinrang-untuk-liburan
pantai talise,"4VVH+VG6, Talise, Kec. Mantikulore, Kota Palu, Sulawesi Tengah, Indonesia",Kota Palu,Sulawesi Tengah,5000.0,Murah,https://travel.kompas.com/read/2021/10/16/101000227/itinerary-wisata-3-hari-2-malam-di-palu-pantai-sampai-sumur-raksasa
Air Terjun Pelangi Jonjo Parigi,"PQ59+X5H, Jonjo, Kec. Parigi, Kabupaten Gowa, Sulawesi Selatan 92174, Indonesia",Kabupaten Gowa,Sulawesi Selatan,5000.0,Murah,https://kabargowa.com/air-terjun-pelangi-jonjo-parigi-hidden-gem-gowa/
Pantai batu meja tongkaina,"Pantai batu meja tongkaina, Tongkeina, Kec. Bunaken, Kota Manado, Sulawesi Utara, Indonesia",Kota Manado,Sulawesi Utara,7500.0,Murah,https://www.celebes.co/pantai-batu-meja-tongkaina
Spot Foto Pantai Kuri,"Spot Foto Pantai Kuri, Nisombalia, Kec. Marusu, Kabupaten Maros, Sulawesi Selatan, Indonesia",Kabupaten Maros,Sulawesi Selatan,0.0,Gratis,https://bnp.jambiprov.go.id/wisata-baru-di-maros-sulawesi-selatan/
Air Terjun Kajejen,"CRG3+2P8, Lewaja, Kec. Enrekang, Kabupaten Enrekang, Sulawesi Selatan 91712, Indonesia",Kabupaten Enrekang,Sulawesi Selatan,13000.0,Sedang,https://travel.tribunnews.com/2025/02/03/dante-pine-tempat-wisata-murah-meriah-di-kabupaten-enrekang-sulawesi-selatan
PERMANDIAN ALAM TOMPOTIKKA SALO MANGORRO,"Unnamed Road, Ussu, Kec. Malili, Kabupaten Luwu Timur, Sulawesi Selatan 92937, Indonesia",Kabupaten Luwu Timur,Sulawesi Selatan,-,-,-
Dermaga Dulupi,"Dulupi, Kec. Dulupi, Kabupaten Boalemo, Gorontalo 96263, Indonesia",Kabupaten Boalemo,Gorontalo,5000,Murah,https://hargatiketjadwal.com/tempat-wisata-di-gorontalo/
Panker ( Pantai Kering ),"JVXP+77X, Botto, Kec. Lalabata, Kabupaten Soppeng, Sulawesi Selatan 90811, Indonesia",Kabupaten Soppeng,Sulawesi Selatan,29000,Mahal,https://travel.tribunnews.com/2025/06/11/nikmati-air-panas-alami-lejja-soppeng-cek-harga-tiket-masuk-lokasinya-di-sulawesi-selatan
Pantai Buol,"Pantai Buol, Jl. trans Sulawesi, Bugis, Kec. Biau, Kabupaten Buol, Sulawesi Tengah 94565, Indonesia",Kabupaten Buol,Sulawesi Tengah,25000,Mahal,https://seringjalan.com/6-tempat-wisata-di-kabupaten-buol/
Lannying 3,"Unnamed Road, Bonto Lojong, Kec. Uluere, Kabupaten Bantaeng, Sulawesi Selatan 92451, Indonesia",Kabupaten Bantaeng,Sulawesi Selatan,1000.0,Murah,https://travel.detik.com/travel-news/d-7362657/bule-batal-masuk-twa-bantimurung-keberatan-tiket-mahal
Pantai Molas,"GRPJ+9V3, Molas, Kec. Bunaken, Kota Manado, Sulawesi Utara, Indonesia",Kota Manado,Sulawesi Utara,5000.0,Murah,https://travel.tribunnews.com/destinasi/141107/jam-buka-tiket-masuk-pantai-modisi-di-bolaang-mongondow-selatan-sulawesi-utara
Pulau Kodingareng Keke,"V7VQ+WHH Gusung, P. Kondingareng, Kec. Ujung Tanah, Kota Makassar, Sulawesi Selatan, Indonesia",Kota Makassar,Sulawesi Selatan,50000.0,Mahal,https://www.tripadvisor.co.id/Attraction_Review-g297720-d4462672-Reviews-Kodingareng_Keke_Island-Makassar_South_Sulawesi_Sulawesi.html
Leang Surukang,"Kalabbirang, Minasatene, Kalabbirang, Kec. Minasatene, Pangkajene, Sulawesi Selatan 90614, Indonesia",Kabupaten Pangkajene Dan Kepulauan,Sulawesi Selatan,100000.0,Mahal,https://www.celebes.co/leang-leang
Pantai Woka,"Pantai Woka, Dodap Pantai, Tutuyan, East Bolaang Mongondow Regency, North Sulawesi, Indonesia",Kabupaten Bolaang Mongondow,Sulawesi Utara,2500.0,Murah,https://travel.tribunnews.com/2020/08/01/harga-tiket-masuk-pantai-madasari-pangandaran-tempat-asyik-untuk-liburan-akhir-pekan
Anjungan Danau Talaga,"Talaga, Kec. Damsol, Kabupaten Donggala, Sulawesi Tengah 94356, Indonesia",Kabupaten Donggala,Sulawesi Tengah,29000.0,Mahal,https://travel.tribunnews.com/2025/04/11/harga-tiket-masuk-pantai-enu-wisata-primadona-di-kabupaten-donggala-sulawesi-tengah
Wisata Kuliner Lambe-Lambe Maros,"Batunapara, Baruga, Kabupaten Maros",Kabupaten Maros,Sulawesi Selatan,15000.0,Sedang,https://www.detik.com/sulsel/wisata/d-6502476/pesona-leang-leang-maros-wisata-taman-prasejarah-berusia-ribuan-tahun
Halona waterboom,"XF72+23, Barugaiya, Kab. Kepulauan Selayar",Kabupaten Kepulauan Selayar,Sulawesi Selatan,10000.0,Sedang,https://www.traveloka.com/id-id/activities/indonesia/product/waterbom-bali-tickets-2001807961267
Pantai Bunaken Luwu Timur (YOSUA),"63X7+8WR, Jl. Poros Malili - Batuputih, Harapan, Kec. Malili, Kabupaten Luwu Timur, Sulawesi Selatan 92981, Indonesia",Kabupaten Luwu Timur,Sulawesi Selatan,10000.0,Sedang,https://makassar.tribunnews.com/2022/05/22/yuk-nikmati-wisata-kuliner-snorkling-di-bunaken-beach-dive-luwu-timur-tiket-masuk-hanya-rp10000
Objek wisata hutan pinus,"P64X+F86, Riso, Kec. Tapango, Kabupaten Polewali Mandar, Sulawesi Barat 91352, Indonesia",Kabupaten Polewali Mandar,Sulawesi Barat,-,-,-
Kharisma Agrowisata,"2WFC+7F3, Jl. Liweinda, Jono Oge, Kec. Sigi Biromaru, Kabupaten Sigi, Sulawesi Tengah 94231, Indonesia",Kabupaten Sigi,Sulawesi Tengah,0.0,Gratis,https://travel.tribunnews.com/2021/08/24/harga-tiket-masuk-mantikole-sigi-wisata-pemandian-air-panas-untuk-relaksasi-diri
Pantai Pasir Putih,"Pantai Pasir Putih, Watu Melewe, Kec. Tinanggea, Kabupaten Konawe Selatan, Sulawesi Tenggara, Indonesia",Kabupaten Konawe Selatan,Sulawesi Tenggara,0.0,Gratis,https://travel.tribunnews.com/2016/11/08/pantai-tanjung-bira-menjejak-di-pantai-pasir-putih-ujung-sulawesi-lihat-keunikan-lainnya
Ekowisata Mangrove Tatakalai,"PCV9+277, Tatakalai, Kec. Tinangkung Utara, Kabupaten Banggai Kepulauan, Sulawesi Tengah 94885, Indonesia",Kabupaten Banggai Kepulauan,Sulawesi Tengah,12000,Sedang,https://travel.detik.com/domestic-destination/d-4665934/wisata-petik-apel-malang-tiket-masuk-hingga-lokasinya
Pantai Harapan Pomalaa,"Pantai Harapan Pomalaa, Pantai Harapan, Kec. Pomalaa, Kabupaten Kolaka, Sulawesi Tenggara 93562, Indonesia",Kabupaten Kolaka,Sulawesi Tenggara,5000.0,Murah,https://oto.detik.com/mobil/d-4785291/naik-turun-bukit-dengan-terios-demi-jelajah-surga-kolaka
Kampong Batulelleng,"Kampong Batulelleng, Rantepao",Kabupaten Toraja Utara,Sulawesi Selatan,-,-,-
Jembatan Kuning Palu,"Jalan Rajamoili No.184, Lere",Kota Palu,Sulawesi Tengah,60000.0,Mahal,https://news.detik.com/berita/d-4234414/jembatan-kuning-palu-jadi-kebanggaan-ri-hancur-dihantam-gempa-bumi
Sungai Lajjoro,"F64G+3J4, Jl. Cinaga, Lemoape, Kec. Palakka, Kabupaten Bone, Sulawesi Selatan 92761, Indonesia",Kabupaten Bone,Sulawesi Selatan,0.0,Gratis,-
Laburang Gallang,"7RWF+FPR, Batu Mila, Kec. Maiwa, Kabupaten Enrekang, Sulawesi Selatan 91761, Indonesia",Kabupaten Enrekang,Sulawesi Selatan,3000.0,Murah,https://jadesta.kemenparekraf.go.id/atraksi/permandian_alam_laburang_gallang
Pantai Kawasan Mega Mas,"Pantai Kawasan Mega Mas, Mega Mas, Kota Manado, Sulawesi Utara, Indonesia",Kota Manado,Sulawesi Utara,5000.0,Murah,https://www.celebes.co/kawasan-megamas-manado
Air Terjun Barassang,"JJVW+8CJ, Bissoloro, Kec. Bungaya, Kabupaten Gowa, Sulawesi Selatan 92176, Indonesia",Kabupaten Gowa,Sulawesi Selatan,0.0,Gratis,https://travel.detik.com/domestic-destination/d-7465518/15-tempat-pariwisata-gowa-daya-tarik-lokasi-harga-tiket
Mangrove Park Desa Wori,"JV26+7M2, Wori, Kabupaten Minahasa Utara, Sulawesi Utara, Indonesia",Kabupaten Minahasa Utara,Sulawesi Utara,5000.0,Murah,https://travel.tribunnews.com/2021/07/07/menikmati-senja-di-objek-wisata-alam-mangrove-desa-budo-minahasa-utara
Koloolaro,"465J+QM, Puungkeu, Kabupaten Morowali, Sulawesi Tengah, Indonesia",Kabupaten Morowali,Sulawesi Tengah,29000.0,Mahal,https://travel.tribunnews.com/destinasi/141157/daya-tarik-harga-tiket-masuk-air-terjun-veranomata-di-morowali-sulawesi-tengah
Air Terjun Salu Birayya Barania,"Bar., P2R2+X3H, Barania, Kec. Sinjai Bar., Kabupaten Sinjai, Sulawesi Selatan 92653, Indonesia",Kabupaten Sinjai,Sulawesi Selatan,2000.0,Murah,https://jadesta.kemenparekraf.go.id/desa/barania
Pantai puluty,"Lahuafu, Kec. Bungku Tengah, Kabupaten Morowali, Sulawesi Tengah 94973, Indonesia",Kabupaten Morowali,Sulawesi Tengah,0.0,Gratis,https://tempatwisataseru.com/wisata-hits-pantai-di-medan-sumatera-utara/
Batu Batu,"2G5M+RWW, Anduonohu, Kec. Poasia, Kota Kendari, Sulawesi Tenggara 93231, Indonesia",Kota Kendari,Sulawesi Tenggara,-,-,-
Pantai Babatoa Lapeo,"G44M+5J9, Pantai Babatoa, Kec. Campalagian, Kabupaten Polewali Mandar, Sulawesi Barat, Indonesia",Kabupaten Polewali Mandar,Sulawesi Barat,0.0,Gratis,https://sulbar.tribunnews.com/2025/04/18/yuk-wisata-pantai-babatoa-polman-ada-banana-boat-daya-tarik-baru-untuk-wisatawan
Wisata Alam Sulapa Angin Punjabu,"878Q+9G3, Buntu Buanging, Kec. Pitu Riase, Kabupaten Sidenreng Rappang, Sulawesi Selatan 91691, Indonesia",Kabupaten Sidenreng Rappang,Sulawesi Selatan,1000.0,Murah,https://travel.detik.com/travel-news/d-7362657/bule-batal-masuk-twa-bantimurung-keberatan-tiket-mahal
Wisata Bintauna Beach,"VHXG+872, Minanga, Kec. Bintauna, Kabupaten Bolaang Mongondow Utara, Sulawesi Utara, Indonesia",Kabupaten Bolaang Mongondow Utara,Sulawesi Utara,5000.0,Murah,https://travel.tribunnews.com/destinasi/141107/jam-buka-tiket-masuk-pantai-modisi-di-bolaang-mongondow-selatan-sulawesi-utara
PUNCAK OSTAR,"Simbune, Kec. Tirawuta, Kabupaten Kolaka Timur, Sulawesi Tenggara, Indonesia",Kabupaten Kolaka Timur,Sulawesi Tenggara,20000,Mahal,https://sultra.gemapos.id/wisata/2881742883/puncak-ostar-wisata-alam-bagi-pecinta-petualangan-dan-panorama-pegunungan-di-kolaka-timur
Pantai Cendrawasih Polewali,"H8F6+5R4, Takatidung, Kec. Polewali, Kabupaten Polewali Mandar, Sulawesi Barat, Indonesia",Kabupaten Polewali Mandar,Sulawesi Barat,0.0,Gratis,https://travel.detik.com/domestic-destination/d-4375428/polewali-mandar-punya-air-terjun-yang-cantik-banget
Bukit Bulu Jaya,"FGQW+5F9, Bulujaya, Kec. Bangkala Bar., Kabupaten Jeneponto, Sulawesi Selatan 92352, Indonesia",Kabupaten Jeneponto,Sulawesi Selatan,5000.0,Murah,https://www.lupalibur.com/tempat-wisata-jeneponto
CAMPING WISATA KARANGAN,"HXFJ+7C, Latimojong, Kec. Buntu Batu, Kabupaten Enrekang, Sulawesi Selatan, Indonesia",Kabupaten Enrekang,Sulawesi Selatan,13000.0,Sedang,https://travel.tribunnews.com/2025/02/03/dante-pine-tempat-wisata-murah-meriah-di-kabupaten-enrekang-sulawesi-selatan
Wisata Tangga Seribu,"3R2H+XMM, Jl. Tonomoro, Balane, Kec. Kinovaro, Kabupaten Sigi, Sulawesi Tengah, Indonesia",Kabupaten Sigi,Sulawesi Tengah,10000.0,Sedang,https://travel.tribunnews.com/2024/08/06/taman-bunga-mekar-asih-tempat-wisata-viral-di-sigi-yang-instagramable-dan-punya-view-menawan
Pantai Arjuna,"Pantai Arjuna, Tolai Barat, Torue, Parigi Moutong Regency, Central Sulawesi, Indonesia",Kabupaten Parigi Moutong,Sulawesi Tengah,-,-,-
Wisata sawit ceria,"Unnamed Road, C5W8+6P4, Pasir Lamba, Kec. Toili Bar., Kabupaten Banggai, Sulawesi Tengah 94765, Indonesia",Kabupaten Banggai,Sulawesi Tengah,12000,Sedang,https://travel.detik.com/domestic-destination/d-4665934/wisata-petik-apel-malang-tiket-masuk-hingga-lokasinya
Museum - Palais Saoraja,"Manurunge, Kec. Tanete Riattang, Kabupaten Bone, Sulawesi Selatan 92712, Indonesia",Kabupaten Bone,Sulawesi Selatan,5000.0,Murah,https://travel.tribunnews.com/destinasi/140539/pantai-togeo-bone-sulawesi-selatan-tiket-masuk-lokasi-panduan-rute
Air Terjun Sarambu,"XMGF+46H, Kandua, Kec. Bittuang, Kabupaten Tana Toraja, Sulawesi Selatan 91856, Indonesia",Kabupaten Tana Toraja,Sulawesi Selatan,10000.0,Sedang,https://www.detik.com/sulsel/wisata/d-6896501/25-rekomendasi-objek-wisata-di-kabupaten-pinrang-untuk-liburan
Pantai Potanga,"Pantai Potanga, Unnamed Road, Potanga, Kec. Botumoito, Kabupaten Boalemo, Gorontalo 96263, Indonesia",Kabupaten Boalemo,Gorontalo,5000,Murah,https://travel.kompas.com/read/2023/09/14/114000727/10-wisata-pantai-di-gorontalo-yang-terkenal-
Wisata Ere Bambang Pencong,"FPWR+42J, Pencong, Kabupaten Gowa",Kabupaten Gowa,Sulawesi Selatan,3000.0,Murah,https://www.idntimes.com/travel/destination/5-wisata-pemandian-air-panas-di-sulawesi-selatan-bikin-badan-rileks-01-jqnt8-zbn3hz
Bukit pasir,"W2J9+HFH, Rantebua Sumalu, Kec. Rantebua, Kabupaten Toraja Utara, Sulawesi Selatan 91853, Indonesia",Kabupaten Toraja Utara,Sulawesi Selatan,0.0,Gratis,-
Pantai Popakuni,"HMMH+H6W, Jl. Baso Ali, Mapane, Kec. Poso Pesisir, Kabupaten Poso, Sulawesi Tengah, Indonesia",Kabupaten Poso,Sulawesi Tengah,5000.0,Murah,https://www.kabarsulteng.id/2023/01/14/wisata-alam-di-poso-estetik-dan-rekomended/
Permandian Batu Doli,"G223+GCH, Jembatan, Barua, Kec. Eremerasa, Kabupaten Bantaeng, Sulawesi Selatan 92415, Indonesia",Kabupaten Bantaeng,Sulawesi Selatan,3000.0,Murah,https://www.tiktok.com/discover/wisata-di-bantaeng-sulawesi-selatan
Pegunungan Pompangeo,"Pegunungan Pompangeo, Era, Kec. Mori Utara, Kabupaten Morowali Utara, Sulawesi Tengah, Indonesia",Kabupaten Morowali Utara,Sulawesi Tengah,0,Gratis,https://kelaswisata.id/wisata-di-sulawesi-tengah/
Rest Area Jeneponto,"CGJX+8F6, Benteng, Bangkala, Kabupaten Jeneponto, Sulawesi Selatan, Indonesia",Kabupaten Jeneponto,Sulawesi Selatan,5000.0,Murah,https://idfirms.com/sulawesi-selatan/rest-area-jeneponto-888352
Wisata Alam Hiru'ta Park,"Tassililu, Kec. Sinjai Bar., Kabupaten Sinjai, Sulawesi Selatan 92171, Indonesia",Kabupaten Sinjai,Sulawesi Selatan,29000,Mahal,https://travel.tribunnews.com/2025/06/11/nikmati-air-panas-alami-lejja-soppeng-cek-harga-tiket-masuk-lokasinya-di-sulawesi-selatan
CAMPING GROUND SELET,"Ranomea, Kec. Silian Raya, Kabupaten Minahasa Tenggara, Sulawesi Utara, Indonesia",Kabupaten Minahasa Tenggara,Sulawesi Utara,20000.0,Mahal,https://travelandword.com/asstro-highland-ciater-info-tiket-masuk-dan-lokasi/
Alun Alun Molibagu,"9XMM+2JP, Popodu, Kec. Bolaang Uki, Kabupaten Bolaang Mongondow Selatan, Sulawesi Utara, Indonesia",Kabupaten Bolaang Mongondow Selatan,Sulawesi Utara,5000.0,Murah,https://travel.tribunnews.com/destinasi/141107/jam-buka-tiket-masuk-pantai-modisi-di-bolaang-mongondow-selatan-sulawesi-utara
Menara Mercusuar Pulau Miangas Indonesia,"HH5Q+765, Miangas, Kabupaten Kepulauan Talaud, Sulawesi Utara, Indonesia",Kabupaten Kepulauan Talaud,Sulawesi Utara,63000,Mahal,https://kataomed.com/blog/cara-backpackeran-ke-pulau-miangas-catat-biaya-penginapanya
Istana Kedatuan Luwu Palopo,"254W+6CR, Amasangan, Kec. Wara, Kota Palopo, Sulawesi Selatan 91911, Indonesia",Kota Palopo,Sulawesi Selatan,19000.0,Sedang,https://www.idntimes.com/news/indonesia/ganjar-janji-perjuangkan-pemekaran-wilayah-kedatuan-luwu-jadi-provinsi-00-rgfwk-8s7k79
Air Terjun Bahomumpa,"4774+298, Puungkeu, Kec. Bungku Pesisir, Kabupaten Morowali, Sulawesi Tengah 94974, Indonesia",Kabupaten Morowali,Sulawesi Tengah,29000,Mahal,https://travel.tribunnews.com/destinasi/141157/daya-tarik-harga-tiket-masuk-air-terjun-veranomata-di-morowali-sulawesi-tengah
"Leon, Kabupaten Enrekang","Unnamed Road, GRF9+MHJ, Rosoan, Kec. Enrekang, Kabupaten Enrekang, Sulawesi Selatan 91752, Indonesia",Kabupaten Enrekang,Sulawesi Selatan,10000.0,Sedang,https://www.msn.com/id-id/berita/other/harga-tiket-masuk-dante-pinewisata-hits-di-enrekangsulawesi-selatan/ar-AA20T4eC
Lapangan Mekar Modelomo,"G8CV+5GG, Modelomo, Kec. Tilamuta, Kabupaten Boalemo, Gorontalo 96263, Indonesia",Kabupaten Boalemo,Gorontalo,-,-,-
Taman Lasangkuru,"V26J+RG3, Paddupa, Kec. Tempe, Kabupaten Wajo, Sulawesi Selatan 90914, Indonesia",Kabupaten Wajo,Sulawesi Selatan,1000.0,Murah,https://travel.detik.com/travel-news/d-7362657/bule-batal-masuk-twa-bantimurung-keberatan-tiket-mahal
Pantai Songka,"Pantai Songka, Takkalala, Wara Selatan, Palopo City, South Sulawesi 91921, Indonesia",Kota Palopo,Sulawesi Selatan,5000.0,Murah,https://www.celebes.co/pantai-songka-palopo
SUN BAE MANADO,"FRJM+W5H, Jalan Laksda John Lie",Kota Manado,Sulawesi Utara,0.0,Gratis,https://www.kompas.com/tren/read/2022/12/25/122500465/harga-tiket-masuk-taman-safari-bogor-saat-libur-natal-dan-tahun-baru-
Pantai Batu Besar Losari,"V92V+WW, Maccini Sombala, Kota Makassar, Sulawesi Selatan, Indonesia",Kota Makassar,Sulawesi Selatan,0.0,Gratis,https://www.kompas.com/sulawesi-selatan/read/2025/10/15/143000088/jelajahi-pesona-wisata-makassar.-dari-pantai-losari-hingga?page=all
Kastanye Riverside,"2VJG+WH2, Kabobona, Kabupaten Sigi",Kabupaten Sigi,Sulawesi Tengah,-,-,-
Danau Panjang Tanjung Bunga,"Jl. Danau Tj. Bunga No.88, Maccini Sombala, Kec. Tamalate, Kota Makassar, Sulawesi Selatan 90224, Indonesia",Kota Makassar,Sulawesi Selatan,0.0,Gratis,-
Puncak Ilongkow,"P8RF+PV4, Matali, Kec. Kotamobagu Tim., Kota Kotamobagu, Sulawesi Utara, Indonesia",Kota Kotamobagu,Sulawesi Utara,10000.0,Sedang,https://sulsel.idntimes.com/travel/destination/mengenal-5-fakta-menarik-gunung-lokon-di-tomohon-di-sulawesi-utara-01-dtc5h-q7xcld
Puncak Meluhu,"6643+P5P, Jl. Poros Wawotobi - Lasolo, Meluhu, Kec. Meluhu, Kabupaten Konawe, Sulawesi Tenggara 93461, Indonesia",Kabupaten Konawe,Sulawesi Tenggara,10000.0,Sedang,https://www.celebes.co/puncak-ahuawali-konawe
Pantai Abadi,"Jl. Poros Sinjai-Kajang No.1, Pattongko, Kec. Tellu Limpoe, Kabupaten Sinjai, Sulawesi Selatan 91671, Indonesia",Kabupaten Sinjai,Sulawesi Selatan,1000.0,Murah,https://travel.detik.com/travel-news/d-7362657/bule-batal-masuk-twa-bantimurung-keberatan-tiket-mahal
Air Terjun Lasolo,"2HQF+5R5, Unnamed Road, Sanua, Kec. Kendari Bar., Kota Kendari, Sulawesi Tenggara 93123, Indonesia",Kota Kendari,Sulawesi Tenggara,5000.0,Murah,https://travel.kompas.com/read/2021/10/06/093519627/itinerary-3-hari-2-malam-di-kendari-menyusuri-mangrove-bungkutoko?page=all
Pantai Pasi Marannu,"R79M+895, Pasimarannu, Kec. Sinjai Tim., Kabupaten Sinjai, Sulawesi Selatan 92671, Indonesia",Kabupaten Sinjai,Sulawesi Selatan,5000.0,Murah,https://jadesta.kemenpar.go.id/paket/27657
Bukit Vandiam,"Q7QR+V85, Sanjai, Kec. Sinjai Tim., Kabupaten Sinjai, Sulawesi Selatan, Indonesia",Kabupaten Sinjai,Sulawesi Selatan,5000.0,Murah,https://travel.tribunnews.com/2025/08/13/harga-tiket-masuk-pantai-ujung-batu-di-barru-sulawesi-selatan-panduan-rute-dari-makassar
Pantai Boalemo,"Pantai Boalemo, Unnamed Road, Tapadaa, Kec. Botumoito, Kabupaten Boalemo, Gorontalo 96264, Indonesia",Kabupaten Boalemo,Gorontalo,3000.0,Murah,https://www.timenews.co.id/hiburan/99512957480/pesona-gorontalo-ini-5-pantai-terindah-yang-hits-dan-super-cantik-bisa-berenang-bersama-hiu-paus-yang-jinak
Sallo Waterpark,"Jl. Bau Baharuddin No.25, Tempe, Kec. Tempe, Kabupaten Wajo, Sulawesi Selatan 90911, Indonesia",Kabupaten Wajo,Sulawesi Selatan,35000.0,Mahal,https://pesonakota.com/diana-waterpark/
Rumah Penyu Lowita,"2H7H+VJ, Wiringtasi, Kabupaten Pinrang",Kabupaten Pinrang,Sulawesi Selatan,5000.0,Murah,https://www.detik.com/sulsel/wisata/d-6896501/25-rekomendasi-objek-wisata-di-kabupaten-pinrang-untuk-liburan
"Air Terjun Kadadima, Laine","CJW2+P2C, Laine, Manganitu Sel., Kabupaten Kepulauan Sangihe, Sulawesi Utara, Indonesia",Kabupaten Kepulauan Sangihe,Sulawesi Utara,0.0,Gratis,-
Wisata Modoinding,"RF23+Q6H, Pinasungkulan, Kec. Modoinding, Kabupaten Minahasa Selatan, Sulawesi Utara, Indonesia",Kabupaten Minahasa Selatan,Sulawesi Utara,13000.0,Sedang,https://travel.tribunnews.com/2025/07/13/wisata-dmoaat-strawberry-di-mooat-boltim-sulawesi-utara-cocok-untuk-healing-di-tepi-danau
Kampoeng Koi,"JRRG+P44, Wosu, Kec. Bungku Bar., Kabupaten Morowali, Sulawesi Tengah 94976, Indonesia",Kabupaten Morowali,Sulawesi Tengah,29000.0,Mahal,https://travel.tribunnews.com/destinasi/141157/daya-tarik-harga-tiket-masuk-air-terjun-veranomata-di-morowali-sulawesi-tengah
Pantai Oluhuta,"Oluhuta, Kec. Kabila Bone, Kabupaten Bone Bolango, Gorontalo, Indonesia",Kabupaten Bone Bolango,Gorontalo,5000.0,Murah,https://hibata.id/wisata/oluhuta-paradise-destinasi-bahari-eksotis-yang-kian-bersinar-di-gorontalo/
taman pattiro tiroang,"M2J6+CPM, Unnamed Road, Bonto Tengnga, Kec. Sinjai Borong, Kabupaten Sinjai, Sulawesi Selatan 92662, Indonesia",Kabupaten Sinjai,Sulawesi Selatan,1000.0,Murah,https://travel.detik.com/travel-news/d-7362657/bule-batal-masuk-twa-bantimurung-keberatan-tiket-mahal
Pulau Pannikiang 1,"JHWX+4X3 Pulau Pannikiang, Madello, Kec. Barru, Kabupaten Barru, Sulawesi Selatan 90762, Indonesia",Kabupaten Barru,Sulawesi Selatan,0.0,Gratis,https://disparpora.barrukab.go.id/wisata/taman-colliq-pujie
Agrowisata Ulu Ere Bantaeng,"Bonto Lojong, HW8X+8CP, Uluere, Bonto Lojong, Kec. Bantaeng, Kabupaten Bantaeng, Sulawesi Selatan 92451, Indonesia",Kabupaten Bantaeng,Sulawesi Selatan,10000.0,Sedang,https://www.celebes.co/agrowisata-ulu-ere-bantaeng
BLESSING HILL KOTA BITUNG,"Madidir Unet, Kec. Madidir, Kota Bitung, Sulawesi Utara, Indonesia",Kota Bitung,Sulawesi Utara,0,Gratis,https://kelaswisata.id/wisata-di-bitung/
Pantai Waleinsorit,"Pantai Waleinsorit, Temboan, Langowan Selatan, Minahasa Regency, North Sulawesi, Indonesia",Kabupaten Minahasa,Sulawesi Utara,5000.0,Murah,https://www.kompas.com/jawa-timur/read/2025/01/02/202644088/pantai-midodaren-tulungagung-dari-daya-tarik-hingga-harga-tiket
DANAU LAPONU-PONU,"8FPH+67H, Jl. Poros, Ranokomea, Kec. Poleang Bar., Kabupaten Bombana, Sulawesi Tenggara 93772, Indonesia",Kabupaten Bombana,Sulawesi Tenggara,0.0,Gratis,https://disdikbud-kotamalang.id/pesona-danau-laponu-ponu-dengan-pulau-eksotis-ditengahnya/
Desa Wisata Kahianga (Dewi Kahyangan),"Kahiyanga, Kec. Tomia Tim., Kabupaten Wakatobi, Sulawesi Tenggara 93797, Indonesia",Kabupaten Wakatobi,Sulawesi Tenggara,50000.0,Mahal,https://jadesta.kemenpar.go.id/desa/kahianga_dewi_kahyangan
Buttu Sigitung,"Buttu Sigitung, Betteng, Kec. Pamboang, Kabupaten Majene, Sulawesi Barat, Indonesia",Kabupaten Majene,Sulawesi Barat,10000.0,Sedang,https://sulbar.tribunnews.com/2025/05/30/yuk-wisata-ke-puncak-raja-bunga-majene-tiket-masuk-rp-10-ribu-cocok-yang-bosan-wisata-pantai
Hutan Mangrove Monro-Monro,"Jl. Tarusang Selatan, Monro-Monro, Kec. Binamu, Kabupaten Jeneponto, Sulawesi Selatan, Indonesia",Kabupaten Jeneponto,Sulawesi Selatan,3000.0,Murah,https://makassar.tribunnews.com/2024/07/28/pesona-hutan-mangrove-monro-monro-jeneponto-adem-dan-fasilitas-lengkap
Djoeang coffee kolaka,"WJP5+WPC, Jl. Kakatua, Laloeha, Kec. Kolaka, Kabupaten Kolaka, Sulawesi Tenggara 93561, Indonesia",Kabupaten Kolaka,Sulawesi Tenggara,10000,Sedang,https://sultra.tribunnews.com/2023/03/13/anak-kolaka-wajib-kesini-ini-5-rekomendasi-warkop-kekinian-bisa-ngopi-tapi-harga-pas-dikantong
Air terjun Laliako,"V3C2+QVG, Terasa, Kec. Sinjai Bar., Kabupaten Sinjai, Sulawesi Selatan 92768, Indonesia",Kabupaten Sinjai,Sulawesi Selatan,5000.0,Murah,https://jadesta.kemenpar.go.id/atraksi/air_terjun_laliako
Pantai bahari Buton selatan,"Dekat, 8P7C+CCV, Bahari, Kec. Sampolawa, Kabupaten Buton, Sulawesi Tenggara 93753, Indonesia",Kabupaten Buton,Sulawesi Tenggara,0.0,Gratis,-
Wisata Vovasanggayu,"R9G5+8X8, Jl. Moh. Hatta, Pasangkayu, Kec. Pasangkayu, Kab. Pasangkayu, Sulawesi Barat 91574, Indonesia",Kabupaten Pasangkayu,Sulawesi Barat,0,Gratis,https://www.detik.com/sulsel/wisata/d-6263391/9-wisata-di-sulawesi-barat-alam-bawah-laut-hingga-negeri-di-atas-awan
Pantai siw’one,"pantai siuone (Depan RuJab WaBub, Bahoruru, Kec. Bungku Tengah, Kabupaten Morowali, Sulawesi Tengah 49473, Indonesia",Kabupaten Morowali,Sulawesi Tengah,29000.0,Mahal,https://travel.tribunnews.com/destinasi/141157/daya-tarik-harga-tiket-masuk-air-terjun-veranomata-di-morowali-sulawesi-tengah
Bukit Teletubies Buton,"GQ9J+QFJ, Waangu-Angu, Kec. Ps. Wajo, Kabupaten Buton, Sulawesi Tenggara 93757, Indonesia",Kabupaten Buton,Sulawesi Tenggara,0,Gratis,https://www.celebes.co/tempat-wisata-buton
Pantai Sampulungan,"Dusun Sampulungan, Desa Sampulungan, Q93H+6X2, Tamalate, Kec. Galesong Utara, Kabupaten Takalar, Sulawesi Selatan 92255, Indonesia",Kabupaten Takalar,Sulawesi Selatan,20000.0,Mahal,https://travel.kompas.com/read/2024/04/30/093900927/wisata-pantai-bintang-galesong-cocok-untuk-liburan-bersama-rombongan
Puncak Passi,"Q822+4QW, Gogagoman, Kec. Kotamobagu Bar., Kota Kotamobagu, Sulawesi Utara, Indonesia",Kota Kotamobagu,Sulawesi Utara,0,Gratis,https://kelaswisata.id/wisata-di-kotamobagu/
Pulau Langala,"Pulau Langala, Fatufia, Kec. Bahodopi, Kabupaten Morowali, Sulawesi Tengah, Indonesia",Kabupaten Morowali,Sulawesi Tengah,20000.0,Mahal,https://travel.detik.com/domestic-destination/d-5286512/langala-satu-lagi-pulau-cantik-di-morowali
Pantai Pasir Putih,"FXQV+C75, Kayubulan, Kec. Batudaa Pantai, Kabupaten Gorontalo, Gorontalo 96272, Indonesia",Kabupaten Gorontalo,Gorontalo,5000.0,Murah,https://travel.tribunnews.com/2016/11/08/pantai-tanjung-bira-menjejak-di-pantai-pasir-putih-ujung-sulawesi-lihat-keunikan-lainnya
Telaga Biru Oheo Konawe Utara,"Linomoiyo, Kec. Oheo, Kabupaten Konawe Utara, Sulawesi Tenggara 93353, Indonesia",Kabupaten Konawe Utara,Sulawesi Tenggara,10000.0,Sedang,https://wisatasulawesi.com/pesona-keindahan-telaga-biru-oheo/
Gunung Bambapuang,"GQGM+JFC, Bamba Puang, Kec. Anggeraja, Kabupaten Enrekang, Sulawesi Selatan 91752, Indonesia",Kabupaten Enrekang,Sulawesi Selatan,5000.0,Murah,https://www.idntimes.com/travel/destination/pesona-mendatte-park-jadi-spot-camping-hits-di-kabupaten-enrekang-c1c2-01-432rm-37ph7d
Pantai Makalisung,"Pantai Makalisung, Makalisung, Kecamatan Kombi, Kabupaten Minahasa, Sulawesi Utara, Indonesia",Kabupaten Minahasa,Sulawesi Utara,5000.0,Murah,https://travel.tribunnews.com/2025/02/05/healing-ke-pantai-lakban-di-minahasa-tenggara-sulawesi-utara-tiket-masuk-cuma-rp-5-ribu
Pantai Tongko,"HVR2+9C6, Tongko, Kabupaten Poso",Kabupaten Poso,Sulawesi Tengah,5000,Murah,https://tempatwisataseru.com/tempat-wisata-di-poso-terbaik-paling-hits-yang-wajib-dikunjungi/
Pantai Kulolu,"8P74+24H, Limboro, Kec. Banawa Tengah, Kabupaten Donggala, Sulawesi Tengah 94351, Indonesia",Kabupaten Donggala,Sulawesi Tengah,2000.0,Murah,https://travel.kompas.com/read/2023/07/03/190500227/pantai-tanjung-karang-di-sulawesi-tengah--tiket-masuk-dan-aktivitas
Pantai Lalos,"4QCM+4V5, Pantai Lalos, Lalos, Kabupaten Toli-Toli",Kabupaten Toli-Toli,Sulawesi Tengah,-,-,-
WHITE CASTLE GORONTALO,"H2QV+8WQ, Hulawa, Kec. Telaga, Kabupaten Gorontalo, Gorontalo 96181, Indonesia",Kabupaten Gorontalo,Gorontalo,5000.0,Murah,https://travel.kompas.com/read/2021/09/15/121700227/itinerary-3-hari-2-malam-di-gorontalo-wisata-ke-benteng-otanaha?page=all
Bukit Tokka Moncongloe,"Unnamed Road, VH7G+7RV, Bonto Marannu, Kec. Moncong Loe, Kabupaten Maros, Sulawesi Selatan 90562, Indonesia",Kabupaten Maros,Sulawesi Selatan,5000.0,Murah,https://superapps.kompas.com/read/4282708/6-tempat-wisata-di-maros-sulawesi-selatan-ada-taman-nasional-yang-disebut-kerajaan-kupu-kupu
Taman Yuhyi (Kehidupan),"FXWX+G88, Jl. Poros Ermes, Lonrong, Kec. Eremerasa, Kabupaten Bantaeng, Sulawesi Selatan 92415, Indonesia",Kabupaten Bantaeng,Sulawesi Selatan,1000.0,Murah,https://travel.detik.com/travel-news/d-7362657/bule-batal-masuk-twa-bantimurung-keberatan-tiket-mahal
Objek Wisata Papa Batu,"WQHW+H4F, Banga, Kec. Rembon, Kabupaten Tana Toraja, Sulawesi Selatan 91861, Indonesia",Kabupaten Tana Toraja,Sulawesi Selatan,10000.0,Sedang,https://idfirms.com/sulawesi-selatan/objek-wisata-papa-batu-976689
Makam Sultan Murhum,"GJG3+43F, Melai, Kec. Murhum, Kota Bau-Bau, Sulawesi Tenggara 93713, Indonesia",Kota Bau-Bau,Sulawesi Tenggara,2000,Murah,https://travel.detik.com/domestic-destination/d-3284587/makam-sepanjang-5-meter-cerita-sultan-buton-yang-kebal-peluru
Tondok Bakaru,"39PM+HVM, Tondok Bakaru, Kec. Mamasa, Kabupaten Mamasa, Sulawesi Barat 91362, Indonesia",Kabupaten Mamasa,Sulawesi Barat,4000.0,Murah,https://www.suara.com/lifestyle/2019/09/29/130000/kenalan-dengan-tondok-bakaru-desa-wisata-nan-asri-di-sulawesi-barat
Tebing Mandu Tontonan,"Desa Tontonan, HRJ4+4QV, Tanete, Kec. Anggeraja, Kabupaten Enrekang, Sulawesi Selatan 91752, Indonesia",Kabupaten Enrekang,Sulawesi Selatan,10000.0,Sedang,https://mojok.co/terminal/4-tempat-wisata-di-enrekang-yang-wajib-dikunjungi/
Wisata Alam Tapubungi Pebotoa,"RM7Q+96, Pebotoa, Kabupaten Morowali, Sulawesi Tengah, Indonesia",Kabupaten Morowali,Sulawesi Tengah,5000.0,Murah,https://mediasuarapalu.id/pulau-kambing-pesona-tapubungi-yang-menyapa-damai/
Pantai Bahari Doulan,"Jl. Buol - Gorontalo, Doulan, Kec. Bokat, Kabupaten Buol, Sulawesi Tengah 94566, Indonesia",Kabupaten Buol,Sulawesi Tengah,-,-,-
Pantai Molobog,"Pantai Molobog, Molobog, Kec. Nuangan, Kabupaten Bolaang Mongondow Timur, Sulawesi Utara, Indonesia",Kabupaten Bolaang Mongondow Timur,Sulawesi Utara,29000.0,Mahal,https://travel.tribunnews.com/2025/07/22/10-tempat-wisata-terbaik-di-bolaang-mongondow-timur-sulawesi-utara-danau-mooat-hingga-pantai-abadi
Air Terjun Pangasi Loto,"6QVF+2C, Loli Tasiburi, Kec. Banawa, Kabupaten Donggala, Sulawesi Tengah, Indonesia",Kabupaten Donggala,Sulawesi Tengah,75000.0,Mahal,https://id.wikipedia.org/wiki/Air_terjun_Pangandaran
Pantai Black Orange,"2H4H+GVV, Jl. Poros Ujung Lero, Wiringtasi, Kabupaten Pinrang",Kabupaten Pinrang,Sulawesi Selatan,5000.0,Murah,https://www.detik.com/sulsel/wisata/d-6897701/25-rekomendasi-objek-wisata-di-pinrang-ada-pantai-hingga-pemandian-air-panas
Taman Ganggawa,"Jl. Wolter Monginsidi No.10, Lekessi, Kec. Maritengngae, Kabupaten Sidenreng Rappang, Sulawesi Selatan 91611, Indonesia",Kabupaten Sidenreng Rappang,Sulawesi Selatan,1000.0,Murah,https://travel.detik.com/travel-news/d-7362657/bule-batal-masuk-twa-bantimurung-keberatan-tiket-mahal
PANTAI TOMBAWATU,"4GF4+VGH, Tombawatu, Kabupaten Konawe",Kabupaten Konawe,Sulawesi Tenggara,0.0,Gratis,https://travel.tribunnews.com/destinasi/141416/harga-tiket-paddle-board-di-pantai-anggalo-konawe-untuk-liburan-akhir-tahun
Puncak Pakoba,"GF57+PG, Iligon, Kec. Pinolosian Tim., Kabupaten Bolaang Mongondow Selatan, Sulawesi Utara, Indonesia",Kabupaten Bolaang Mongondow Selatan,Sulawesi Utara,5000.0,Murah,https://travel.tribunnews.com/destinasi/141107/jam-buka-tiket-masuk-pantai-modisi-di-bolaang-mongondow-selatan-sulawesi-utara
Air Terjun Purapasuan,"Posi, Kec. Bua, Kabupaten Luwu, Sulawesi Selatan, Indonesia",Kabupaten Luwu,Sulawesi Selatan,29000,Mahal,https://travel.tribunnews.com/2025/06/11/nikmati-air-panas-alami-lejja-soppeng-cek-harga-tiket-masuk-lokasinya-di-sulawesi-selatan
Wisata Alam baruttungnge,"FJ8F+84R, Lalabata, Kec. Tanete Rilau, Kabupaten Barru, Sulawesi Selatan 90761, Indonesia",Kabupaten Barru,Sulawesi Selatan,5000.0,Murah,https://travel.tribunnews.com/2025/08/13/harga-tiket-masuk-pantai-ujung-batu-di-barru-sulawesi-selatan-panduan-rute-dari-makassar
Dermaga Pulo CINTA,"Unnamed Road, F8P3+V54, Patoameme, Kec. Botumoito, Kabupaten Boalemo, Gorontalo 96264, Indonesia",Kabupaten Boalemo,Gorontalo,0.0,Gratis,https://travel.kompas.com/read/2020/10/08/073900527/25-wisata-gorontalo-wisata-sejarah-hingga-bertemu-hiu-paus-?page=all
Kolam Renang Yeh Anget,"H3PF+WH8, Modomang",Kabupaten Takalar,Sulawesi Selatan,6000.0,Murah,https://gagaradio.org/menikmati-serunya-berenang-di-kolam-renang-agrowisata-batu-harga-tiket-masuk-dan-fasilitas-yang-tersedia/
Pemandian Sungai Paneki,"Unnamed Road, 2XG4+2PH, Pombewe, Kec. Sigi Biromaru, Kabupaten Sigi, Sulawesi Tengah 94364, Indonesia",Kabupaten Sigi,Sulawesi Tengah,0.0,Gratis,https://travel.tribunnews.com/2021/08/24/harga-tiket-masuk-mantikole-sigi-wisata-pemandian-air-panas-untuk-relaksasi-diri
Air Terjun Buleleng Trans 2,"X6F9+H4F, Buleleng, Kec. Bungku Sel., Kabupaten Morowali, Sulawesi Tengah 94974, Indonesia",Kabupaten Morowali,Sulawesi Tengah,0,Gratis,https://www.tribunnews.com/travel/2015/10/21/tak-perlu-bayar-untuk-bersenang-senang-di-air-terjun-buleleng-secantik-ini-tapi-nggak-ada-toilet
Benteng Takimpo,"FV32+F7X, Takimpo, Kec. Ps. Wajo, Kabupaten Buton, Sulawesi Tenggara 93754, Indonesia",Kabupaten Buton,Sulawesi Tenggara,-,-,-
Obyek wisata batu payung,"Biring Ere, Kec. Bungoro, Kabupaten Pangkajene Dan Kepulauan, Sulawesi Selatan 90615, Indonesia",Kabupaten Pangkajene Dan Kepulauan,Sulawesi Selatan,5000.0,Murah,https://jadesta.kemenpar.go.id/desa/padanglampe_1
Pantai Kelapa Lima,"Pantai Kelapa Lima, Kelapa Lima, Banggai Selatan, Banggai Laut, Central Sulawesi, Indonesia",Kabupaten Banggai,Sulawesi Tengah,2000,Murah,https://www.idntimes.com/travel/destination/9-potret-pantai-kelapa-lima-di-sulawesi-tengah-eksotis-banget-01-mth91-xnyhny
Makam Raja Lakidende,"Arombu, Kec. Unaaha, Kabupaten Konawe, Sulawesi Tenggara 93415, Indonesia",Kabupaten Konawe,Sulawesi Tenggara,5000,Murah,https://www.lupalibur.com/tempat-wisata-konawe
TUGU BUTON SELATAN,"FH6Q+68C, Lawela, Batauga, Kabupaten Buton, Sulawesi Tenggara 93752, Indonesia",Kabupaten Buton,Sulawesi Tenggara,10000.0,Sedang,https://www.goersapp.com/blog/wisata-bahari-sulawesi-tenggara/
Bukit Doa Pinaling,"5JXG+398, Pinaling, Kec. Amurang Tim., Kabupaten Minahasa Selatan, Sulawesi Utara, Indonesia",Kabupaten Minahasa Selatan,Sulawesi Utara,5000.0,Murah,https://www.celebes.co/bukit-doa-pinaling-minahasa
Puncak La Kude,"4MHJ+VWG, Jln. Kawasan Puncak, Masalili, Kec. Kontunaga, Kabupaten Muna, Sulawesi Tenggara 93658, Indonesia",Kabupaten Muna,Sulawesi Tenggara,10000.0,Sedang,https://makassar.tribunnews.com/travel/1821613/puncak-lima-jari-di-ponre-bone-spot-favorit-sunrise-tiket-masuk-rp10-ribu
Gunung Katabha Dana,"5MP3+JQQ, Dana, Kec. Watopute, Kabupaten Muna, Sulawesi Tenggara 93658, Indonesia",Kabupaten Muna,Sulawesi Tenggara,5000,Murah,https://wisatago.com/pulau-muna/
Batu Karst Pundo Siping,"CGQ9+C7P, Garassikang, Kec. Bangkala Bar., Kabupaten Jeneponto, Sulawesi Selatan 92352, Indonesia",Kabupaten Jeneponto,Sulawesi Selatan,5000.0,Murah,https://keluyuran.com/tempat-wisata-di-jeneponto/
Kendari water front city,"2J83+2H3, Petoaha, Kec. Abeli, Kota Kendari, Sulawesi Tenggara 93236, Indonesia",Kota Kendari,Sulawesi Tenggara,3000.0,Murah,https://www.senangrekreasi.com/tempat-wisata-di-kendari/
Danau Moko 1,"RHFM+69Q, Oempu, Kec. Tongkuno, Kabupaten Muna, Sulawesi Tenggara 93662, Indonesia",Kabupaten Muna,Sulawesi Tenggara,0.0,Gratis,-
"sampolawa,kabupaten Buton Selatan, Sulawesi Tenggara","sampolawa,kabupaten Buton Selatan, Sulawesi Tenggara, Unnamed Road, Tira, Kec. Sampolawa, Kabupaten Buton, Sulawesi Tenggara 93753, Indonesia",Kabupaten Buton Selatan,Sulawesi Tenggara,0.0,Gratis,-
Monumen Korban 40.000 Jiwa,"GX3Q+H5Q, Galung Lombok, Kec. Tinambung, Kabupaten Polewali Mandar, Sulawesi Barat 91354, Indonesia",Kabupaten Polewali Mandar,Sulawesi Barat,40000.0,Mahal,https://www.detik.com/sulsel/wisata/d-7083288/monumen-korban-40-000-jiwa-di-polman-sulbar-makam-korban-westerling
PANTAI TAMARUNANG,"PANTAI TAMARUNANG, Jl. HV. Worang Tamarunang, Biringkassi, Kec. Binamu, Kabupaten Jeneponto, Sulawesi Selatan 92316, Indonesia",Kabupaten Jeneponto,Sulawesi Selatan,5000.0,Murah,https://www.detik.com/sulsel/wisata/d-6896687/10-rekomendasi-tempat-wisata-di-jeneponto-untuk-liburan-seru
Pantai Buntu Matabing,"Pantai Buntu Matabing, Buntu Matabing, Larompong, Luwu Regency, South Sulawesi, Indonesia",Kabupaten Luwu,Sulawesi Selatan,10000.0,Sedang,https://www.academia.edu/99528386/STRATEGI_PENGEMBANGAN_PARIWISATA_STUDI_KASUS_PANTAI_BUNTU_MATABING_and_amp_PONNORI_DI_KABUPATEN_LUWU
"Kawasan wisata Alam ""Manguni Sapalalum"" Lelema, Minahasa Selatan","7JGX+4G, Lelema, Kec. Tumpaan, Kabupaten Minahasa Selatan, Sulawesi Utara, Indonesia",Kabupaten Minahasa Selatan,Sulawesi Utara,1500.0,Murah,https://sharrenkandou.ruclips.net/
Laa Waa River Park,"H69F+HHJ, Matano, Kec. Nuha, Kabupaten Luwu Timur, Sulawesi Selatan 92983, Indonesia",Kabupaten Luwu Timur,Sulawesi Selatan,5000.0,Murah,https://idfirms.com/sulawesi-selatan/laa-waa-river-park-914605
Pantai Batunggulung,"M8WW+6HV, Pantama, Kec. Kajang, Kabupaten Bulukumba, Sulawesi Selatan, Indonesia",Kabupaten Bulukumba,Sulawesi Selatan,0.0,Gratis,-
Air Terjun Tetewa,"FG53+QWJ, Likuwalanapo, Ueesi District, Kabupaten Kolaka Timur, Sulawesi Tenggara 93575, Indonesia",Kabupaten Kolaka Timur,Sulawesi Tenggara,5000.0,Murah,https://www.geokepo.id/id/lokasi/kolaka-timur/air-terjun-tetewa
Wisata Tebing Mattoanging,"Matongin, Lembanna, Kec. Bonto Bahari, Kabupaten Bulukumba, Sulawesi Selatan, Indonesia",Kabupaten Bulukumba,Sulawesi Selatan,25000.0,Mahal,https://jadesta.kemenpar.go.id/paket/wisata_tebing_mattoanging
Bukit Teletubbies,"3937+69P, Gililana, Kec. Petasia, Kabupaten Morowali Utara, Sulawesi Tengah, Indonesia",Kabupaten Morowali Utara,Sulawesi Tengah,50000.0,Mahal,https://travel.detik.com/domestic-destination/d-7329985/10-pesona-bukit-teletubbies-di-indonesia-ada-di-sumatra-hingga-papua
Gereja Toraja Mamasa Jemaat Bukit Batu,"RFWM+XQ2, Antang, Kec. Manggala, Kota Makassar, Sulawesi Selatan 90562, Indonesia",Kota Makassar,Sulawesi Selatan,-,-,-
Tanjung Kartika,"WM66+5C, Wawatu, Kec. Moramo Utara, Kabupaten Konawe Selatan, Sulawesi Tenggara 93891, Indonesia",Kabupaten Konawe Selatan,Sulawesi Tenggara,10000.0,Sedang,https://www.mediawisata.id/wisata-tanjung-kartika-paling-hits-dan-instagramable/
PANTAI INDAH BATU-BATU GALESONG,"Aeng Batu-Batu, Kabupaten Takalar",Kabupaten Takalar,Sulawesi Selatan,20000.0,Mahal,https://travel.kompas.com/read/2024/04/30/093900927/wisata-pantai-bintang-galesong-cocok-untuk-liburan-bersama-rombongan
Dermaga Kayu Biringkassi,"5FPW+V3, Bulu Cindea",Kabupaten Jeneponto,Sulawesi Selatan,2500.0,Murah,https://travel.kompas.com/read/2023/06/26/222200627/daya-tarik-dan-harga-tiket-masuk-pantai-moki-di-maluku-tengah
Pantai TOLUNDADU BOLAANG MONGONDOW SELATAN,"Pantai TOLUNDADU BOLAANG MONGONDOW SELATAN, Tolondadu, Kec. Bolaang Uki, Kabupaten Bolaang Mongondow Selatan, Sulawesi Utara, Indonesia",Kabupaten Bolaang Mongondow Selatan,Sulawesi Utara,5000.0,Murah,https://travel.tribunnews.com/destinasi/141107/jam-buka-tiket-masuk-pantai-modisi-di-bolaang-mongondow-selatan-sulawesi-utara
Sungai Batu Mallopie,"Maruala, FMFX+5JP, Lompo Riaja, Kec. Tanete Riaja, Kabupaten Barru, Sulawesi Selatan 90762, Indonesia",Kabupaten Barru,Sulawesi Selatan,5000.0,Murah,https://travel.tribunnews.com/2025/08/13/harga-tiket-masuk-pantai-ujung-batu-di-barru-sulawesi-selatan-panduan-rute-dari-makassar
Air Terjun Biru Seruni,"237V+3M4, Lelewawo, Kec. Batu Putih, Kabupaten Kolaka Utara, Sulawesi Tenggara 93955, Indonesia",Kabupaten Kolaka Utara,Sulawesi Tenggara,10000.0,Sedang,https://lubuklinggau.pikiran-rakyat.com/wisata/pr-2917814799/menjelajahi-keindahan-destinasi-wisata-air-terjun-seruni-di-kolaka-utara-yang-disebut-sebut-instagramable?page=all
Bulu Nokilelaki,"Bulu Nokilelaki, Anca, Kec. Lindu, Kabupaten Sigi, Sulawesi Tengah, Indonesia",Kabupaten Sigi,Sulawesi Tengah,0.0,Gratis,https://indonesia.tripcanvas.co/id/malang/itinerary-liburan-di-malang-batu-bromo/
BENTENG WAPALA,"658J+472, Bangkudu, Kec. Kulisusu, Kabupaten Buton Utara, Sulawesi Tenggara 93672, Indonesia",Kabupaten Buton Utara,Sulawesi Tenggara,0.0,Gratis,https://merahmaron.com/wisata/pesona-tersembunyi-buton-rekomendasi-wisata-wajib-dikunjungi/
Permandian Putri Wambona,"4VP7+P5G, Wambona, Kec. Batukara, Kabupaten Muna, Sulawesi Tenggara, Indonesia",Kabupaten Muna,Sulawesi Tenggara,-,-,-
Puncak Totongkoran,"9RQR+R27, Kali, Kabupaten Minahasa",Kabupaten Minahasa,Sulawesi Utara,0.0,Gratis,https://travel.kompas.com/read/2024/11/18/201500927/aer-konde-ratahan-minahasa--harga-tiket-lokasi-dan-jam-buka
Embung laduyu desa talata,"3R8H+884, Tawarombadaka, Kec. Tinondo, Kabupaten Kolaka Timur, Sulawesi Tenggara, Indonesia",Kabupaten Kolaka Timur,Sulawesi Tenggara,-,-,-
WISATA ALAM BUKIT BAHAGIA,"RJWH+49, Benteng Gajah, Kabupaten Maros",Kabupaten Maros,Sulawesi Selatan,15000.0,Sedang,https://www.detik.com/sulsel/wisata/d-6502476/pesona-leang-leang-maros-wisata-taman-prasejarah-berusia-ribuan-tahun
Wisata Kampung Galung,"P2W3+58X, Jl. Persatuan Raya, Barania, Kec. Sinjai Bar., Kabupaten Sinjai, Sulawesi Selatan, Indonesia",Kabupaten Sinjai,Sulawesi Selatan,2000.0,Murah,https://satukabar.com/keindahan-pesona-wisata-kampung-galung-barania-sinjai-barat-2025/
Puncak Gunung Nona,"GRCW+WC9, Rosoan, Kec. Enrekang, Kabupaten Enrekang, Sulawesi Selatan 91752, Indonesia",Kabupaten Enrekang,Sulawesi Selatan,10000.0,Sedang,https://www.detik.com/sulsel/wisata/d-7151981/mendatte-park-enrekang-daya-tarik-fasilitas-dan-harga-tiketnya
Air Terjun Tiku Wuarau ulunggolaka,"2HWW+328, Ulunggolaka, Kec. Latambaga, Kabupaten Kolaka, Sulawesi Tenggara 93514, Indonesia",Kabupaten Kolaka,Sulawesi Tenggara,10000.0,Sedang,https://makassar.tribunnews.com/2019/11/18/5-destinasi-wisata-di-kolaka-dan-kolaka-utara-ini-bisa-jadi-lokasi-liburan-akhir-tahun
Wisata Bukit Soe,"Dusun Galung Paara, Desa Pamboborang, FWPJ+RWC, Baru, Kec. Banggae, Kabupaten Majene, Sulawesi Barat 91415, Indonesia",Kabupaten Majene,Sulawesi Barat,5000.0,Murah,https://regional.kompas.com/read/2024/10/23/183545378/pantai-barane-majene-daya-tarik-aktivitas-dan-harga-tiket
Goa Janji,"Mallari, Kec. Awangpone, Kabupaten Bone, Sulawesi Selatan, Indonesia",Kabupaten Bone,Sulawesi Selatan,5000.0,Murah,https://travel.tribunnews.com/destinasi/140539/pantai-togeo-bone-sulawesi-selatan-tiket-masuk-lokasi-panduan-rute
Teluk H2M - Motandoi,"C8VH+R64, Motandoi, Kec. Pinolosian Tim., Kabupaten Bolaang Mongondow Selatan, Sulawesi Utara, Indonesia",Kabupaten Bolaang Mongondow Selatan,Sulawesi Utara,5000.0,Murah,https://travel.tribunnews.com/destinasi/141107/jam-buka-tiket-masuk-pantai-modisi-di-bolaang-mongondow-selatan-sulawesi-utara
Buttu Pattumea Betteng,"Balombong, GWG9+XXG, Betteng, Kec. Pamboang, Kabupaten Majene, Sulawesi Barat 91451, Indonesia",Kabupaten Majene,Sulawesi Barat,5000.0,Murah,https://alushta-tur.com/6-objek-wisata-sulawesi-barat-daya-tarik-memukau/
Lorong 3 Wisata Pantai Botutonuo,"C4XF+XXF, Botutonuo, Kec. Kabila Bone, Kabupaten Bone Bolango, Gorontalo, Indonesia",Kabupaten Bone Bolango,Gorontalo,25000.0,Mahal,https://travel.kompas.com/read/2020/10/08/073900527/25-wisata-gorontalo-wisata-sejarah-hingga-bertemu-hiu-paus-?page=all
Wisata Alam Biseang Labboro',"WPW7+9W, Samangki, Kec. Simbang, Kabupaten Maros, Sulawesi Selatan, Indonesia",Kabupaten Maros,Sulawesi Selatan,10000.0,Sedang,https://travel.tribunnews.com/2017/01/30/wisata-maros-jalan-jalan-ke-biseang-labboro-nikmati-keindahan-alam-menakjubkan-ini
Taman Religius Nona-nonaE,"3MGW+RJ9, Jl. Pare-Pare - Sidrap, Lainungan, Kec. Watang Pulu, Kabupaten Sidenreng Rappang, Sulawesi Selatan 91661, Indonesia",Kabupaten Sidenreng Rappang,Sulawesi Selatan,1000,Murah,https://travel.detik.com/travel-news/d-7362657/bule-batal-masuk-twa-bantimurung-keberatan-tiket-mahal
Taman Reformasi,"XJHJ+HMV, Jl. Reformasi, Kp. Baru, Kec. Bacukiki Bar., Kota Parepare, Sulawesi Selatan 91121, Indonesia",Kota Parepare,Sulawesi Selatan,5000.0,Murah,https://travel.tribunnews.com/2025/08/13/harga-tiket-masuk-pantai-ujung-batu-di-barru-sulawesi-selatan-panduan-rute-dari-makassar
Air Terjun Sarambu Ponglu,"4RPV+VX5, Sarambu, Kec. Buntu Pepasan, Kabupaten Toraja Utara, Sulawesi Selatan 91854, Indonesia",Kabupaten Toraja Utara,Sulawesi Selatan,10000.0,Sedang,https://www.tripadvisor.co.id/Attraction_Review-g8838499-d9862347-Reviews-Sarambu_Sikore_Waterfall-Tana_Toraja_South_Sulawesi_Sulawesi.html
Hutan Lambusango,"QV42+8X2, Wakangka, Kec. Kapontori, Kabupaten Buton, Sulawesi Tenggara 93755, Indonesia",Kabupaten Buton,Sulawesi Tenggara,15000.0,Sedang,https://sultra.tribunnews.com/2024/11/29/keunikan-hutan-lambusango-buton-cocok-jadi-lokasi-camping-santai-hingga-eksplor-tempat-keramat
Wisata Bukit 513,"2573+9X9, Unnamed Road, Bar, Lebang, Kec. Wara Sel., Kota Palopo, Sulawesi Selatan 91911, Indonesia",Kota Palopo,Sulawesi Selatan,5000.0,Murah,https://www.kompasiana.com/abdulreal/591faaff1cafbd211f12a765/pesona-bukit-513-palopo-kota-idaman
BULALOVE,"Unnamed Road, G8MR+5GX, Hungayonaa, Kec. Tilamuta, Kabupaten Boalemo, Gorontalo 96263, Indonesia",Kabupaten Boalemo,Gorontalo,2000.0,Murah,https://lampung.antaranews.com/berita/441058/sensasi-wisata-alam-bulalove-di-kabupaten-boalemo-gorontalo
FlyingGear paragliding manado,"HRFP+2QP, Tiwoho, Kabupaten Minahasa Utara",Kabupaten Minahasa,Sulawesi Utara,5000,Murah,https://travel.tribunnews.com/2025/02/05/healing-ke-pantai-lakban-di-minahasa-tenggara-sulawesi-utara-tiket-masuk-cuma-rp-5-ribu
Qafwan Resort,"Balleanging, Kec. Balocci, Kabupaten Pangkajene Dan Kepulauan, Sulawesi Selatan 90661, Indonesia",Kabupaten Pangkajene Dan Kepulauan,Sulawesi Selatan,5000.0,Murah,https://jadesta.kemenparekraf.go.id/atraksi/qafwan_resort
Ruang Bernafas,"Talakayya, Desa, GWWC+966, Bonto Tangnga, Kec. Uluere, Kabupaten Bantaeng, Sulawesi Selatan 92452, Indonesia",Kabupaten Bantaeng,Sulawesi Selatan,5000.0,Murah,https://travel.tribunnews.com/2025/08/13/harga-tiket-masuk-pantai-ujung-batu-di-barru-sulawesi-selatan-panduan-rute-dari-makassar
Permandian Komando Water Park Jeneponto,"8Q4C+JR9, Empoang Sel., Kabupaten Jeneponto",Kabupaten Jeneponto,Sulawesi Selatan,10000.0,Sedang,https://www.celebes.co/jeneponto-waterpark
PANRITA HILL,"Unnamed Road, Alehanuae, Kec. Sinjai Utara, Kabupaten Sinjai, Sulawesi Selatan 92615, Indonesia",Kabupaten Sinjai,Sulawesi Selatan,2000.0,Murah,https://www.kabarbugis.id/2023/01/08/4-pilihan-objek-wisata-kabupaten-sinjai/
Tiro Soe,"Baebunta, Kec. Baebunta, Kabupaten Luwu Utara, Sulawesi Selatan, Indonesia",Kabupaten Luwu Utara,Sulawesi Selatan,0.0,Gratis,-
Wisata Pantai Maleo,"FX5X+RXW, Maleo, Kec. Paguat, Kabupaten Pohuwato, Gorontalo, Indonesia",Kabupaten Pohuwato,Gorontalo,0.0,Gratis,https://travelspromo.com/htm-wisata/pantai-pohon-cinta-pohuwato/
Permandian Alam Batupapan,"34CQ+MQG, Padang Lambe, Kec. Wara Bar., Kota Palopo, Sulawesi Selatan 91958, Indonesia",Kota Palopo,Sulawesi Selatan,0.0,Gratis,-
Padang Laya,"9GJW+P8J City, Lambako, Kec. Banggai, Kab. Banggai Laut, Sulawesi Tengah 94891, Indonesia",Kabupaten Banggai,Sulawesi Tengah,10000.0,Sedang,https://wisato.id/wisata-alam/padang-laya-destinasi-wisata-yang-hits-di-sulawesi-tengah/
Air Terjun Sondoang,"C3HX+PRF, Sondoang, Kec. Kalukku, Kabupaten Mamuju, Sulawesi Barat 91561, Indonesia",Kabupaten Mamuju,Sulawesi Barat,0.0,Gratis,https://travel.kompas.com/read/2021/10/26/160721427/itinerary-3-hari-2-malam-di-mamuju-sulawesi-barat-wisata-air-terjun-tamasapi
Bangkeng Buki,"G587+Q4G, Bukit Harapan, Kec. Gantarang, Kabupaten Bulukumba, Sulawesi Selatan 92561, Indonesia",Kabupaten Bulukumba,Sulawesi Selatan,10000,Sedang,https://travel.tribunnews.com/2025/09/25/pantai-tanjung-bira-di-bulukumba-sulawesi-selatan-panduan-rute-tiket-masuk-fasilitas
Wisata Jembatan Pantai Posan Paconne,"J9MW+H63, Paconne, Kabupaten Luwu, Sulawesi Selatan, Indonesia",Kabupaten Luwu,Sulawesi Selatan,5000,Murah,https://travel.tribunnews.com/destinasi/140539/pantai-togeo-bone-sulawesi-selatan-tiket-masuk-lokasi-panduan-rute
Bukit Salib Sumarayar,"5R9V+HWQ, Sumarayar, Kec. Langowan Tim., Kabupaten Minahasa, Sulawesi Utara, Indonesia",Kabupaten Minahasa,Sulawesi Utara,5000,Murah,https://travel.tribunnews.com/2025/02/05/healing-ke-pantai-lakban-di-minahasa-tenggara-sulawesi-utara-tiket-masuk-cuma-rp-5-ribu
Pantai Taman Ria,"4R9Q+R97, Jl. Cumi-Cumi, Lere, Kec. Ulujadi, Kota Palu, Sulawesi Tengah, Indonesia",Kota Palu,Sulawesi Tengah,5000.0,Murah,https://travel.kompas.com/read/2021/10/16/101000227/itinerary-wisata-3-hari-2-malam-di-palu-pantai-sampai-sumur-raksasa?page=all
Pantai Siuone pekaloa Towuti,"Pekaloa, Kec. Towuti, Kabupaten Luwu Timur, Sulawesi Selatan 92982, Indonesia",Kabupaten Luwu Timur,Sulawesi Selatan,5000.0,Murah,https://travel.tribunnews.com/2025/08/13/harga-tiket-masuk-pantai-ujung-batu-di-barru-sulawesi-selatan-panduan-rute-dari-makassar
Yuranata garden,"JMXC+M49, Jl. Purnawirawan, Palabusa, Kota Bau-Bau",Kota Bau-Bau,Sulawesi Tenggara,10000.0,Sedang,https://regional.kompas.com/read/2019/11/26/12374121/indahnya-taman-bunga-celosia-di-yuranata-garden?page=1
Makam Megalitik Sumpang Ralla,"FP62+JMH, Lompo Riaja, Kec. Tanete Riaja, Kabupaten Barru, Sulawesi Selatan 90762, Indonesia",Kabupaten Barru,Sulawesi Selatan,0.0,Gratis,https://www.detik.com/sulsel/wisata/d-6515417/padang-indah-barru-menikmati-hamparan-bukit-hijau-yang-mempesona
Pantai Lembo,"GVM7+P6J, Wasaga, Kabupaten Buton",Kabupaten Buton,Sulawesi Tenggara,5000.0,Murah,https://travel.kompas.com/read/2016/05/09/061032327/Pantai.Lembo.Tempat.Favorit.Warga.Buton.Mengisi.Akhir.Pekan
Pantai Rahwana (Keindahan Pantai Dekat Danau),"54G2+P9, Batu Sempe Indah, Mata Oleo, Kabupaten Bombana, Sulawesi Tenggara, Indonesia",Kabupaten Bombana,Sulawesi Tenggara,0,Gratis,https://www.celebes.co/tempat-wisata-bombana
Bukit Lakeppo,"FMRX+W5H, Libureng, Kec. Tanete Riaja, Kabupaten Barru, Sulawesi Selatan 90762, Indonesia",Kabupaten Barru,Sulawesi Selatan,5000.0,Murah,https://travel.tribunnews.com/2025/08/13/harga-tiket-masuk-pantai-ujung-batu-di-barru-sulawesi-selatan-panduan-rute-dari-makassar
Kolam Renang Landmark LUWU TIMUR,"94PG+QF8, Puncak Indah, Kec. Malili, Kabupaten Luwu Timur, Sulawesi Selatan 92936, Indonesia",Kabupaten Luwu Timur,Sulawesi Selatan,5000.0,Murah,https://jadesta.kemenpar.go.id/desa/54377
Destinasi wisata sejarah LIKUIFAKSI PETOBO,"3W6C+Q43, Jl. Moh. Soeharto, Petobo, Kec. Palu Sel., Kota Palu, Sulawesi Tengah 94234, Indonesia",Kota Palu,Sulawesi Tengah,4000.0,Murah,https://travel.detik.com/travel-news/d-4564067/naiknya-tiket-masuk-di-sejumlah-tempat-wisata-bali-naik-tak-disoal-tapi
Pantai Barat Sarudu,"Pantai Barat Sarudu, Sarudu, Kec. Sarudu, Kab. Pasangkayu, Sulawesi Barat 91573, Indonesia",Kabupaten Pasangkayu,Sulawesi Barat,3000.0,Murah,https://idfirms.com/sulawesi-barat/pantai-barat-1048332
Air Terjun Kokungan,"8FMJ+F44, Monsongan, Kec. Banggai Tengah, Kab. Banggai Laut, Sulawesi Tengah 94891, Indonesia",Kabupaten Banggai,Sulawesi Tengah,10000.0,Sedang,https://www.sangalu.com/wisata-budaya/8310354384/air-terjun-piala-destinasi-wisata-yang-kian-sering-dikunjungi-warga-luwuk
Wai Turan Pamboborang,"Unnamed Road, Baru, Kec. Banggae, Kabupaten Majene, Sulawesi Barat 91415, Indonesia",Kabupaten Majene,Sulawesi Barat,-,-,-
Air Terjun Takaan,"5H3R+6CG, Buyungon, Kec. Amurang, Kabupaten Minahasa Selatan, Sulawesi Utara, Indonesia",Kabupaten Minahasa Selatan,Sulawesi Utara,20000.0,Mahal,https://www.celebes.co/air-terjun-dekat-manado
Pantai Rumbia,"2WC7+XH8, Rumbia, Kec. Langowan Sel., Kabupaten Minahasa, Sulawesi Utara, Indonesia",Kabupaten Minahasa,Sulawesi Utara,0.0,Gratis,-
Wisata garung kayu bado,Kalangkangan,Kabupaten Toli-Toli,Sulawesi Tengah,5000.0,Murah,https://travel.detik.com/domestic-destination/d-8038755/wisata-terkenal-dieng-jam-buka-harga-tiket-daya-tariknya
Pantai Wisata DAMI Beach,"Timur, Kombot, Kec. Pinolosian, Kabupaten Bolaang Mongondow Selatan, Sulawesi Utara, Indonesia",Kabupaten Bolaang Mongondow Selatan,Sulawesi Utara,24000,Mahal,https://travel.tribunnews.com/destinasi/140558/jelajah-pantai-dami-permata-tersembunyi-di-bolaang-mongondow-selatan-sulawesi-utara
Pantai Juanda Lestari,"JGQ9+377, Palewai, Tanggetada, Kabupaten Kolaka, Sulawesi Tenggara 93563, Indonesia",Kabupaten Kolaka,Sulawesi Tenggara,0.0,Gratis,https://travel.tribunnews.com/destinasi/141416/harga-tiket-paddle-board-di-pantai-anggalo-konawe-untuk-liburan-akhir-tahun
Taman Lamario (Monumen Perahu Phinisi),"XJ9F+JHW, Cappa Galung, Kec. Bacukiki Bar., Kota Parepare, Sulawesi Selatan, Indonesia",Kota Parepare,Sulawesi Selatan,1500.0,Murah,https://www.detik.com/sulsel/wisata/d-6594141/23-objek-wisata-di-parepare-mulai-pesona-alam-hingga-situs-sejarah
Bunker Jepang,"2JP5+C6W, Mata, Kec. Kendari, Kota Kendari, Sulawesi Tenggara 93128, Indonesia",Kota Kendari,Sulawesi Tenggara,10000.0,Sedang,https://id.wikipedia.org/wiki/Pertempuran_Kendari
Pantai Batu Baru,"R9WW+G6, Maccini Sombala, Kota Makassar",Kota Makassar,Sulawesi Selatan,5000.0,Murah,https://travel.pasarmodern.com/harga-tiket-pantai-ujung-batu-barru-dan-rute-dari-makassar/
Wisata Jembatan Jodoh,"P22C+555, Unnamed Road, Batu Belerang, Kec. Sinjai Borong, Kabupaten Sinjai, Sulawesi Selatan 92653, Indonesia",Kabupaten Sinjai,Sulawesi Selatan,5000.0,Murah,https://jadesta.kemenpar.go.id/paket/jembatan_jodoh_batu_belerang
Kolam Ambepua FIshing,"WCF2+V68, Ambaipua, Kec. Ranomeeto, Kabupaten Konawe Selatan, Sulawesi Tenggara 93871, Indonesia",Kabupaten Konawe Selatan,Sulawesi Tenggara,-,-,-
Pantai Batam Desa Mataiwoi Kec Molawe Kab Konawe Utara,"Pantai Batam Desa Mataiwoi Kec Molawe Kab Konawe Utara, Mataiwoi, Kec. Molawe, Kabupaten Konawe Utara, Sulawesi Tenggara, Indonesia",Kabupaten Konawe Utara,Sulawesi Tenggara,5000.0,Murah,https://www.liputan6.com/regional/read/4146459/perahu-terbalik-turis-tewas-saat-libur-tahun-baru-di-pantai-konawe-utara
ASMARA GARDEN,"H4V3+4CH, Bulotalangi Tim., Kabupaten Bone Bolango",Kabupaten Bone Bolango,Gorontalo,10000.0,Sedang,https://travel.kompas.com/read/2024/11/02/080200727/ylki--kenaikan-tiket-masuk-taman-nasional-terlalu-tinggi
Pantai Koa-Koa,"Pantai Koa-Koa, Pangiang, Kec. Pasangkayu, Kab. Pasangkayu, Sulawesi Barat 91574, Indonesia",Kabupaten Pasangkayu,Sulawesi Barat,30000.0,Mahal,https://jadesta.kemenpar.go.id/desa/pantai_koakoa
Pantai Wisata Pantoloan,"Jl. Makagili Pantoloan, Palu, Sulawesi Tengah 94352, Indonesia",Kota Palu,Sulawesi Tengah,0.0,Gratis,-
pemancingan riboko balla,Borongpa'la'la,Kabupaten Bulukumba,Sulawesi Selatan,0.0,Gratis,https://travel.kompas.com/read/2026/03/14/171108927/harga-tiket-masuk-taman-safari-bogor-selama-libur-lebaran-2026
Rental mobil poso kota,"Jl. P.seram, Gebang Rejo",Kabupaten Poso,Sulawesi Tengah,10000.0,Sedang,https://regional.kompas.com/read/2019/06/02/10094601/harga-tiket-masuk-candi-borobudur-naik-selama-libur-lebaran-2019
JG Mangrove Park Desa Palaes,"Palaes, Kec. Likupang Bar., Kabupaten Minahasa Utara, Sulawesi Utara, Indonesia",Kabupaten Minahasa Utara,Sulawesi Utara,-,-,-
Air Terjun Lamesou,"76V8+HWP, Matapila, Kec. Lasolo, Kabupaten Konawe Utara, Sulawesi Tenggara 93352, Indonesia",Kabupaten Konawe Utara,Sulawesi Tenggara,0,Gratis,https://www.celebes.co/air-terjun-lamesou-konawe
WISATA HUTAN PINUS TANGKALAKA,"Poros bontorappo, Bissoloro, Kec. Bungaya, Kabupaten Gowa, Sulawesi Selatan 92176, Indonesia",Kabupaten Gowa,Sulawesi Selatan,29000,Mahal,https://travel.tribunnews.com/2025/06/11/nikmati-air-panas-alami-lejja-soppeng-cek-harga-tiket-masuk-lokasinya-di-sulawesi-selatan
Air Terjun Amarilis,"3G6R+6F2, Nii Tanasa, Kec. Lalonggasumeeto, Kabupaten Konawe, Sulawesi Tenggara 93121, Indonesia",Kabupaten Konawe,Sulawesi Tenggara,10000,Sedang,https://geolocana.com/places/wisata-air-terjun-moramo-konawe-selatan/
TELAGA PURI INDAH (TERINDAH),"46XP+5XG, RT.01/RW.01, Ulu Benua, Amonggedo, Kabupaten Konawe, Sulawesi Tenggara 93461, Indonesia",Kabupaten Konawe,Sulawesi Tenggara,0.0,Gratis,https://travel.tribunnews.com/destinasi/141416/harga-tiket-paddle-board-di-pantai-anggalo-konawe-untuk-liburan-akhir-tahun
Pantai Pembuatan perahu phinisi,"F987+VJW, Jl. Pelabuhan, Tanah Lemo, Kec. Bonto Bahari, Kabupaten Bulukumba, Sulawesi Selatan 92571, Indonesia",Kabupaten Bulukumba,Sulawesi Selatan,70000.0,Mahal,https://makassar.kompas.com/read/2023/11/21/224701378/desa-tana-beru-tempat-pembuatan-kapal-pinisi-di-bulukumba-yang-syarat
Batulohe Beach,"3G3W+X7X, Balang Butung, Kec. Buki, Kab. Kepulauan Selayar, Sulawesi Selatan, Indonesia",Kabupaten Kepulauan Selayar,Sulawesi Selatan,5000.0,Murah,https://travel.tribunnews.com/destinasi/140539/pantai-togeo-bone-sulawesi-selatan-tiket-masuk-lokasi-panduan-rute
Air Terjun Tattungo,"8V2G+58P, Puncak Harapan, Kec. Maiwa, Kabupaten Enrekang, Sulawesi Selatan 91761, Indonesia",Kabupaten Enrekang,Sulawesi Selatan,8000.0,Murah,https://palontaraq.id/2023/06/20/15-spot-wisata-alam-di-enrekang/
Taman wisata Bulu Tanda Sibedi,"2RJX+887, Sibedi, Kabupaten Sigi",Kabupaten Sigi,Sulawesi Tengah,6000.0,Murah,https://www.rifaihadi.com/tempat-wisata-di-sigi/
pantai oyama,"Lokotoy, Banggai Utara, Kab. Banggai Laut, Sulawesi Tengah 94891, Indonesia",Kabupaten Banggai,Sulawesi Tengah,20000.0,Mahal,https://jadesta.kemenpar.go.id/desa/oyama
JOJO GARDEN KONDA,"VCMF+MWV, Lamomea, Kec. Konda, Kabupaten Konawe Selatan, Sulawesi Tenggara, Indonesia",Kabupaten Konawe Selatan,Sulawesi Tenggara,0.0,Gratis,https://travel.tribunnews.com/destinasi/141416/harga-tiket-paddle-board-di-pantai-anggalo-konawe-untuk-liburan-akhir-tahun
Puncak Padamarang,"Towua I, Kec. Wundulako, Kabupaten Kolaka, Sulawesi Tenggara, Indonesia",Kabupaten Kolaka,Sulawesi Tenggara,74000.0,Mahal,https://www.reservasiku.com/5-rekomendasi-destinasi-wisata-terbaru-kolaka-sulawesi-utara-untuk-liburan-yang-membuat-betah/
Wisata Matawoi Puubenua,"RMX2+GWF, Unnamed Road, Puubenua, Kabupaten Kolaka",Kabupaten Kolaka,Sulawesi Tenggara,-,-,-
Pantai Bone Buton Utara,"557F+8FC, Lemo, Kec. Kulisusu, Kabupaten Buton Utara, Sulawesi Tenggara 93672, Indonesia",Kabupaten Buton Utara,Sulawesi Tenggara,0,Gratis,https://www.celebes.co/tempat-wisata-buton-utara
Bonto Massailea,"Desa, Bukit Harapan, Kec. Gantarang, Kabupaten Bulukumba, Sulawesi Selatan 92561, Indonesia",Kabupaten Bulukumba,Sulawesi Selatan,3000.0,Murah,https://www.celebes.co/pantai-marumasa
Wisata Alam Air Panas,"G49V+RVQ, Pancuran, Kabupaten Bone Bolango",Kabupaten Bone Bolango,Gorontalo,0.0,Gratis,-
Hutan Mangrove,"WFF8+59M Jembatan Pelangi Lantebung, Lorong 2, Bira, Kec. Tamalanrea, Sulawesi Selatan 90243, Indonesia",Kabupaten Mamuju,Sulawesi Barat,5000.0,Murah,https://travel.tribunnews.com/destinasi/141107/jam-buka-tiket-masuk-pantai-modisi-di-bolaang-mongondow-selatan-sulawesi-utara
Makam Dato Karama,"4V72+3JQ, Jl. Selar, Lere, Kec. Palu Bar., Kota Palu, Sulawesi Tengah 94221, Indonesia",Kota Palu,Sulawesi Tengah,0.0,Gratis,https://sisparnas.kemenpar.go.id/p/120003
Pantai One Mopute,"GG2F+2VM, Banabungi, Kec. Kadatua, Kabupaten Buton, Sulawesi Tenggara, Indonesia",Kabupaten Buton,Sulawesi Tenggara,5000.0,Murah,https://turisian.com/2022/10/03/cantiknya-pesona-alam-pantai-one-mopute-di-buton-selatan/
PINTU GERBANG PERMANDIAN AIR PANAS LEJJA,"VV5J+C28, Jl. Poros Lejja, Manorang Salo, Kec. Marioriawa, Kabupaten Soppeng, Sulawesi Selatan 90852, Indonesia",Kabupaten Soppeng,Sulawesi Selatan,7000.0,Murah,https://beritamks.com/yuk-liburan-dan-berelaksasi-di-permandian-alam-air-panas-lejja-kab-soppeng/
Benteng Fafontofure,"CXCP+332, Bahontobungku, Kec. Bungku Tengah, Kabupaten Morowali, Sulawesi Tengah, Indonesia",Kabupaten Morowali,Sulawesi Tengah,0.0,Gratis,https://sisparnas.kemenpar.go.id/p/124997
Goa Lanto,"GJQG+WVX, Jalan Anoa, Kadolomoko",Kabupaten Buton,Sulawesi Tenggara,25000.0,Mahal,https://sultra.tribunnews.com/2024/09/14/7-gua-di-sulawesi-tenggara-liang-kabori-matarombeo-lanto-hingga-koo-lengkap-rute-perjalanan?page=all
Pantai Babana,"W55V+8PV, Selat, Kota Makassar, Sulawesi Selatan, Indonesia",Kota Makassar,Sulawesi Selatan,10000.0,Sedang,https://jadesta.kemenparekraf.go.id/atraksi/wisata_mangrove_babana
"Danau ""Cinta"" Makalehi","Kab.Kepl. Sitaro, Sulawsi Utara,, P5P9+MXR, Makalehi, Siau Bar., Kabupaten Siau Tagulandang Biaro, Sulawesi Utara, Indonesia",Kabupaten Kepulauan Siau Tagulandang Biaro,Sulawesi Utara,0.0,Gratis,https://www.geokepo.id/id/lokasi/kepulauan-siau-tagulandang-biaro/danau-cinta-makalehi
Bukit Cinta,"JQ9C+HG3, Bukit Bambu, Kec. Poso Kota Sel., Kabupaten Poso, Sulawesi Tengah 94615, Indonesia",Kabupaten Poso,Sulawesi Tengah,-,-,-
Tongkonan Buntu,"2WQ3+M97, Tampo Tallunglipu",Kabupaten Bone,Sulawesi Selatan,10000.0,Sedang,https://www.meimoodaema.com/2025/09/rumah-adat-tongkonan-suku-toraja.html
Pantai Polindolara Pelawa,"64HJ+QVR, Pelawa, Kec. Parigi Tengah, Kabupaten Parigi Moutong, Sulawesi Tengah, Indonesia",Kabupaten Parigi Moutong,Sulawesi Tengah,-,-,-
Goa Liang Kamoi,"QRXQ+27C, Unnamed Rd, Wakangka, Kec. Kapontori, Kabupaten Buton, Sulawesi Tenggara 93755, Indonesia",Kabupaten Buton,Sulawesi Tenggara,0.0,Gratis,-
Gua Balojaha,"R9HW+VJH, Bontoborusu, Kab. Kepulauan Selayar",Kabupaten Kepulauan Selayar,Sulawesi Selatan,5000.0,Murah,https://travel.kompas.com/read/2025/05/23/082000927/harga-tiket-masuk-tn-baluran-terkini-hari-kerja-dan-libur-beda
Desa Wisata Bontolempangan,"3JM2+V2F, Bontonlempangan, Kec. Bontoa, Kabupaten Maros, Sulawesi Selatan 90554, Indonesia",Kabupaten Maros,Sulawesi Selatan,5000.0,Murah,https://superapps.kompas.com/read/4282708/6-tempat-wisata-di-maros-sulawesi-selatan-ada-taman-nasional-yang-disebut-kerajaan-kupu-kupu
Wisata Embung Paccekke,"PPW6+44V, Paccekke, Kec. Soppeng Riaja, Kabupaten Barru, Sulawesi Selatan 90752, Indonesia",Kabupaten Barru,Sulawesi Selatan,5000.0,Murah,https://travel.tribunnews.com/2025/08/13/harga-tiket-masuk-pantai-ujung-batu-di-barru-sulawesi-selatan-panduan-rute-dari-makassar
Gunung Rantekombola,"Gn. Rantekombola, Uluwai, Kec. Mengkendek, Kabupaten Tana Toraja, Sulawesi Selatan, Indonesia",Kabupaten Tana Toraja,Sulawesi Selatan,10000.0,Sedang,https://www.detik.com/sulsel/wisata/d-7855810/8-wisata-di-tana-toraja-yang-unik-dan-bersejarah-untuk-liburan-keluarga
pantai nyiur hijau babo,"Babo, Kec. Sangtombolang, Kabupaten Bolaang Mongondow, Sulawesi Utara, Indonesia",Kabupaten Bolaang Mongondow,Sulawesi Utara,5000.0,Murah,https://travel.tribunnews.com/destinasi/141107/jam-buka-tiket-masuk-pantai-modisi-di-bolaang-mongondow-selatan-sulawesi-utara
Gunung Popalia,"Gunung Popalia, Lelekaa, Wolasi, South Konawe Regency, South East Sulawesi, Indonesia",Kabupaten Konawe,Sulawesi Tenggara,0,Gratis,https://turisian.com/2022/09/16/puncak-popalia-tempat-asyik-buat-camping-dan-hiking-di-konawe-selatan/
Pantai Huntete,"62R4+43W, Kulati, Kec. Tomia Tim., Kabupaten Wakatobi, Sulawesi Tenggara 93793, Indonesia",Kabupaten Wakatobi,Sulawesi Tenggara,0.0,Gratis,-
Wisata Batu Lombeng Desa Lebani,"7QCH+3X, Lebani, Kec. Tapalang Bar., Kabupaten Mamuju, Sulawesi Barat, Indonesia",Kabupaten Mamuju,Sulawesi Barat,11000.0,Sedang,https://sulbar.tribunnews.com/2023/04/23/pantai-batu-lombeng-mamuju-bisa-jadi-pilihan-di-libur-lebaran-tahun-ini
Kawasan Ekonomi Khusus Likupang,"M5J4+3XH, Pulisan, Kec. Likupang Tim., Kabupaten Minahasa Utara, Sulawesi Utara, Indonesia",Kabupaten Minahasa Utara,Sulawesi Utara,10000.0,Sedang,https://www.pantainesia.com/pantai-likupang
Pantai Indah Batutajam,"W537+6HG, Batutajam, Kec. Pinogaluman, Kabupaten Bolaang Mongondow Utara, Sulawesi Utara, Indonesia",Kabupaten Bolaang Mongondow Utara,Sulawesi Utara,5000.0,Murah,https://travel.tribunnews.com/destinasi/141107/jam-buka-tiket-masuk-pantai-modisi-di-bolaang-mongondow-selatan-sulawesi-utara
Pantai Pasir Putih Tete B Ampana,"4MJ7+WM9, Tete B, Kec. Ampana Tete, Kabupaten Tojo Una-Una, Sulawesi Tengah 94684, Indonesia",Kabupaten Tojo Una-Una,Sulawesi Tengah,-,-,-
Air Terjun Baruttunge,"C4XQ+88M, Maroanging, Kec. Ulaweng, Kabupaten Bone, Sulawesi Selatan 92762, Indonesia",Kabupaten Bone,Sulawesi Selatan,5000.0,Murah,https://travel.tribunnews.com/destinasi/140539/pantai-togeo-bone-sulawesi-selatan-tiket-masuk-lokasi-panduan-rute
Kolam renang kampoeng galung,"P2X3+PVW, Unnamed Road, Arabika, Kec. Sinjai Bar., Kabupaten Sinjai, Sulawesi Selatan 92653, Indonesia",Kabupaten Sinjai,Sulawesi Selatan,5000.0,Murah,https://jadesta.kemenparekraf.go.id/desa/barania
Pantai Mega Minanga,"Unnamed Road, XV96+Q7F, Minanga Tiga, Pusomaen, Kabupaten Minahasa Tenggara, Sulawesi Utara 95997, Indonesia",Kabupaten Minahasa Tenggara,Sulawesi Utara,5000.0,Murah,https://travel.tribunnews.com/2025/02/05/healing-ke-pantai-lakban-di-minahasa-tenggara-sulawesi-utara-tiket-masuk-cuma-rp-5-ribu
Wisata Pantai dan Kuliner Loli Tasiburi,"6QWP+44M, Loli Tasiburi",Kabupaten Donggala,Sulawesi Tengah,0.0,Gratis,https://kumparan.com/jendela-dunia/rute-ke-pantai-losari-dan-harga-tiketnya-1yztTU8ymXo
UWENTUMBU BAIYA,"7VF7+34M, Baiya, Kota Palu",Kota Palu,Sulawesi Tengah,0,Gratis,https://kelaswisata.id/wisata-di-palu/
Pulau Busak,"Pulau Busak, Busak I, Kec. Karamat, Kabupaten Buol, Sulawesi Tengah, Indonesia",Kabupaten Buol,Sulawesi Tengah,25000.0,Mahal,https://seringjalan.com/6-tempat-wisata-di-kabupaten-buol/
Pantai Wakarumende,"Pantai Wakarumende, Desa Wakarumende, Lagongga, Binongko, Kabupaten Wakatobi, Sulawesi Tenggara 93794, Indonesia",Kabupaten Wakatobi,Sulawesi Tenggara,0,Gratis,https://www.acc.co.id/info-terkini/7-wisata-bahari-di-sulawesi-tenggara-surganya-keindahan-laut
Pantai Tanjung Toima,"688R+XGJ, Jl. Trans Sulawesi, Matabas, Kec. Bunta, Kabupaten Banggai, Sulawesi Tengah 94753, Indonesia",Kabupaten Banggai,Sulawesi Tengah,10000,Sedang,https://www.celebes.co/pantai-tanjung-luwuk-banggai
Pantai Baurung,"Pantai Baurung, Panyampa, Kec. Campalagian, Kabupaten Polewali Mandar, Sulawesi Barat 91353, Indonesia",Kabupaten Polewali Mandar,Sulawesi Barat,5000,Murah,https://sulsel.idntimes.com/travel/destination/5-wisata-pantai-di-polewali-mandar-ramai-dikunjungi-wisatawan-01-954ls-6dm4rb
Wisata Sawah Kalimbuang,"3RJX+GH6, Sikuku, Kec. Kapala Pitu, Kabupaten Toraja Utara, Sulawesi Selatan, Indonesia",Kabupaten Toraja Utara,Sulawesi Selatan,10000.0,Sedang,https://backpackerjakarta.com/melihat-situs-megalitikum-di-bori-kalimbuang-toraja-utara/
Bendungan Tampabulu,"7PC4+RPV, Tampawulu, Kec. Poleang Utara, Kabupaten Bombana, Sulawesi Tenggara 93773, Indonesia",Kabupaten Bombana,Sulawesi Tenggara,-,-,-
Limbong Sitodo,"J9F8+6QW, Jl. Poros Pokko, Kunyi, Kec. Anreapi, Kabupaten Polewali Mandar, Sulawesi Barat 91315, Indonesia",Kabupaten Polewali Mandar,Sulawesi Barat,0.0,Gratis,https://travel.detik.com/domestic-destination/d-4375428/polewali-mandar-punya-air-terjun-yang-cantik-banget
Pemancingan Wisata Alam,"VCPG+F2J, Lamomea, Kec. Konda, Kabupaten Konawe Selatan, Sulawesi Tenggara 93871, Indonesia",Kabupaten Konawe Selatan,Sulawesi Tenggara,0.0,Gratis,https://travel.tribunnews.com/destinasi/141416/harga-tiket-paddle-board-di-pantai-anggalo-konawe-untuk-liburan-akhir-tahun
Air Terjun Pangorea Desa Sepakat,"GCR7+R4Q, Sepakat, Kec. Masamba, Kabupaten Luwu Utara, Sulawesi Selatan 92917, Indonesia",Kabupaten Luwu Utara,Sulawesi Selatan,0.0,Gratis,https://www.detik.com/sulsel/wisata/d-6908956/19-rekomendasi-tempat-wisata-di-luwu-utara-yang-menarik-dikunjungi
Puncak Gunung Awu,"MFJ3+QHR, Kendahe I, Kendahe, Kabupaten Kepulauan Sangihe, Sulawesi Utara, Indonesia",Kabupaten Kepulauan Sangihe,Sulawesi Utara,50000.0,Mahal,https://www.kompas.com/tren/read/2021/12/13/065900065/gunung-awu-di-sulawesi-utara-naik-status-menjadi-waspada
Kawah Belerang Gunung Ambang,"QC38+6M3, Bongkudai Baru, Kec. Modayag, Kabupaten Bolaang Mongondow Timur, Sulawesi Utara, Indonesia",Kabupaten Bolaang Mongondow Timur,Sulawesi Utara,5000.0,Murah,https://travel.tribunnews.com/destinasi/141107/jam-buka-tiket-masuk-pantai-modisi-di-bolaang-mongondow-selatan-sulawesi-utara
Goa Berlian,"PCFF+93W, Matarape, Menui Kepulauan, Kabupaten Morowali, Sulawesi Tengah, Indonesia",Kabupaten Morowali,Sulawesi Tengah,29000,Mahal,https://travel.tribunnews.com/destinasi/141157/daya-tarik-harga-tiket-masuk-air-terjun-veranomata-di-morowali-sulawesi-tengah
Lorong warna warni makassar,"Jl majene 1 blok k RW 04 RT 01, Sudiang Raya, Kota Makassar",Kota Makassar,Sulawesi Selatan,60000.0,Mahal,https://travel.detik.com/fototravel/d-3792283/foto-mural-lorong-warna-warni-di-makassar
Wisata Balla-Ballayya Desa Bira,"CF77+Q2C, Bira, Kec. Bonto Bahari, Kabupaten Bulukumba, Sulawesi Selatan, Indonesia",Kabupaten Bulukumba,Sulawesi Selatan,6000.0,Murah,https://www.detik.com/sulsel/wisata/d-6063241/mau-ke-tanjung-bira-tapi-padat-banget-nyeberang-ke-selayar-bisa-jadi-pilihan
Toulangkow Hills (TOMOHON SKYLINE),"7RHM+V4, Lahendong, Kota Tomohon",Kota Tomohon,Sulawesi Utara,10000.0,Sedang,https://www.senangrekreasi.com/tempat-wisata-di-tomohon/2/
Pantai Kelapa Lima Desa Paputungan,"Paputungan, Kec. Likupang Bar., Kabupaten Minahasa Utara, Sulawesi Utara, Indonesia",Kabupaten Minahasa Utara,Sulawesi Utara,25000.0,Mahal,https://manado.tribunnews.com/2024/05/16/9-rekomendasi-tempat-wisata-pantai-di-sulawesi-utara-memanjakan-mata-dan-terjangkau
"Puncak Tonsile, Sulawesi Utara","Unnamed Road, G6VV+4F3, Adow, Kec. Pinolosian Tengah, Kabupaten Bolaang Mongondow Selatan, Sulawesi Utara, Indonesia",Kabupaten Bolaang Mongondow Selatan,Sulawesi Utara,5000.0,Murah,https://travel.tribunnews.com/destinasi/141107/jam-buka-tiket-masuk-pantai-modisi-di-bolaang-mongondow-selatan-sulawesi-utara
Pantai Pinolosian Selatan,"Pantai Pinolosian Selatan, Pinolosian Sel., Kec. Pinolosian, Kabupaten Bolaang Mongondow Selatan, Sulawesi Utara, Indonesia",Kabupaten Bolaang Mongondow Selatan,Sulawesi Utara,5000.0,Murah,https://travel.tribunnews.com/destinasi/141107/jam-buka-tiket-masuk-pantai-modisi-di-bolaang-mongondow-selatan-sulawesi-utara
Pantai Mandel,"PGGH+QXP, Kombutokan, Kabupaten Banggai Kepulauan, Sulawesi Tengah, Indonesia",Kabupaten Banggai Kepulauan,Sulawesi Tengah,14000.0,Sedang,https://beautyofindonesia.com/id/wisata/wisata-alam/pantai-mandel
Wisata Anteleng,"4XFQ+6J4, Pohi, Luwuk Tim., Kabupaten Banggai, Sulawesi Tengah, Indonesia",Kabupaten Banggai,Sulawesi Tengah,-,-,-
Bukit Bulotalangi,"J453+XF6, Bulotalangi, Kabupaten Bone Bolango",Kabupaten Bone Bolango,Gorontalo,10000.0,Sedang,https://www.detik.com/sulsel/wisata/d-6872903/wisata-bumi-cerah-bone-bolango-keindahan-panorama-alam-dari-atas-bukit
Wisata Tanjung Lawaka Ampana,"5H8W+39M, Labuan, Kec. Ampana Kota, Kabupaten Tojo Una-Una, Sulawesi Tengah 94683, Indonesia",Kabupaten Tojo Una-Una,Sulawesi Tengah,-,-,-
Danau Gumanano,"J853+XFH, Gumamano, Kec. Mawasangka, Kabupaten Buton, Sulawesi Tenggara 93762, Indonesia",Kabupaten Buton,Sulawesi Tenggara,3000.0,Murah,https://www.celebes.co/danau-gumanano-buton-tengah
Pantai Dato,"CXRM+5PW, Dusun Jl. Pangale, Baurung, Kec. Banggae Tim., Kabupaten Majene, Sulawesi Barat 91412, Indonesia",Kabupaten Majene,Sulawesi Barat,3000.0,Murah,https://www.pesisir.net/pantai-dato-majene
Bulu Gawalise,"Bulu Gawalise, Salungkaenu, Kec. Banawa Sel., Kabupaten Donggala, Sulawesi Tengah, Indonesia",Kabupaten Donggala,Sulawesi Tengah,29000,Mahal,https://travel.tribunnews.com/destinasi/141157/daya-tarik-harga-tiket-masuk-air-terjun-veranomata-di-morowali-sulawesi-tengah
Bukit Teletubies Bajo Indah,"3JGW+WVG, Bajo Indah, Soropia, Kabupaten Konawe, Sulawesi Tenggara 93351, Indonesia",Kabupaten Konawe,Sulawesi Tenggara,0.0,Gratis,https://travel.tribunnews.com/destinasi/141416/harga-tiket-paddle-board-di-pantai-anggalo-konawe-untuk-liburan-akhir-tahun
Wisata Bukit teletubbies,"FHJ2+4RC, Bulujaya, Kec. Bangkala Bar., Kabupaten Jeneponto, Sulawesi Selatan 92352, Indonesia",Kabupaten Jeneponto,Sulawesi Selatan,20000.0,Mahal,https://jatim.tribunnews.com/2020/11/24/harga-tiket-masuk-bukit-teletubbies-batu-wisata-hits-instagramable-cocok-buat-santai-melepas-penat
Pantai Garassi Desa Nepo,"G6JV+R4J, Nepo, Kec. Wonomulyo, Kabupaten Polewali Mandar, Sulawesi Barat, Indonesia",Kabupaten Polewali Mandar,Sulawesi Barat,-,-,-
Wisata Alam Djagaan,"Hanga-Hanga, Luwuk, Kabupaten Banggai, Sulawesi Tengah 94711, Indonesia",Kabupaten Banggai,Sulawesi Tengah,29000,Mahal,https://travel.tribunnews.com/2025/04/11/harga-tiket-masuk-pantai-enu-wisata-primadona-di-kabupaten-donggala-sulawesi-tengah
Permandian Baruttung'e,"Unnamed Road, FJ8F+99G, Lalabata, Kec. Tanete Rilau, Kabupaten Barru, Sulawesi Selatan 90761, Indonesia",Kabupaten Barru,Sulawesi Selatan,3000.0,Murah,https://jambi.tribunnews.com/2018/06/09/tempat-wisata-baru-di-tebo-permandian-air-panas-sungai-bengkal-ini-harga-tiket-masuk
Padang Tobelo,"WQQV+9R, Corawali, Kec. Panca Lautang, Kabupaten Sidenreng Rappang, Sulawesi Selatan, Indonesia",Kabupaten Sidenreng Rappang,Sulawesi Selatan,-,-,-
Kampung Wisata Ta'bua,"Jl. Maros-Pangkajene, Mattiro Deceng, Kec. Lau, Kabupaten Maros, Sulawesi Selatan 90513, Indonesia",Kabupaten Maros,Sulawesi Selatan,5000.0,Murah,https://superapps.kompas.com/read/4282708/6-tempat-wisata-di-maros-sulawesi-selatan-ada-taman-nasional-yang-disebut-kerajaan-kupu-kupu
"Pusat Informasi Geologi, Maros - Pangkep","5G7W+JMF, Jl. Andi Burhanuddin, Tumampua, Kec. Pangkajene, Kabupaten Pangkajene Dan Kepulauan, Sulawesi Selatan 90617, Indonesia",Kabupaten Pangkajene Dan Kepulauan,Sulawesi Selatan,-,-,-
Museum BJ Habibie,"Jl. Alwi Abdul Djalil Habibie No.1, Mallusetasi, Kec. Ujung, Kota Parepare, Sulawesi Selatan 91114, Indonesia",Kota Parepare,Sulawesi Selatan,0.0,Gratis,-
Pantai Bukit Tinggi,"3X73+3WX, Bukit Tinggi, Kabupaten Minahasa, Sulawesi Utara, Indonesia",Kabupaten Minahasa,Sulawesi Utara,5000.0,Murah,https://travel.tribunnews.com/2025/02/05/healing-ke-pantai-lakban-di-minahasa-tenggara-sulawesi-utara-tiket-masuk-cuma-rp-5-ribu
Bukit Tamboke,"Jl. Tamboke, Tamboke, Kec. Sukamaju, Kabupaten Luwu Utara, Sulawesi Selatan 92963, Indonesia",Kabupaten Luwu Utara,Sulawesi Selatan,3000.0,Murah,https://makassar.tribunnews.com/2024/04/11/wisata-permandian-tamboke-luwu-utara-mulai-dipadati-pengunjung
Palopo City,"X5XX+8CR, Tompotika, Kec. Wara, Kota Palopo, Sulawesi Selatan 91911, Indonesia",Kota Palopo,Sulawesi Selatan,5000.0,Murah,https://makassar.tribunnews.com/travel/1823173/buntu-pasang-palopo-destinasi-wisata-baru-dengan-panorama-kota-dari-ketinggian
Karina Beach,"Gulf of Tomini, MV7X+XQ6, Kabupaten Tojo Una-Una, Sulawesi Tengah 94691, Indonesia",Kabupaten Tojo Una-Una,Sulawesi Tengah,29000,Mahal,https://travel.tribunnews.com/destinasi/141157/daya-tarik-harga-tiket-masuk-air-terjun-veranomata-di-morowali-sulawesi-tengah
Jaringan EKOwisata MAngrove LAntebung,"WFC8+V82, Lorong 2, RT.3/RW.6, Bira",Kota Makassar,Sulawesi Selatan,5000.0,Murah,https://makassar.kompas.com/read/2024/08/02/223652778/wisata-mangrove-lantebung-di-makassar-daya-tarik-harga-tiket-dan-jam-buka
Obyek Wisata Goa Jodoh,"Pallette, Kabupaten Bone",Kabupaten Bone,Sulawesi Selatan,5000.0,Murah,https://travel.kompas.com/read/2021/09/15/121700227/itinerary-3-hari-2-malam-di-gorontalo-wisata-ke-benteng-otanaha?page=all
Permandian batu lapis,"Garuda, Kec. Asinua, Kabupaten Konawe, Sulawesi Tenggara, Indonesia",Kabupaten Konawe,Sulawesi Tenggara,3000.0,Murah,https://jambi.tribunnews.com/2018/06/09/tempat-wisata-baru-di-tebo-permandian-air-panas-sungai-bengkal-ini-harga-tiket-masuk
Air Terjun Permai Taludaa,"CF98+HH6, Taludaa, Kec. Bone, Kabupaten Bone Bolango, Gorontalo 96585, Indonesia",Kabupaten Bone Bolango,Gorontalo,0.0,Gratis,-
Air Terjun Baruttung,"66FF+7X2, Lappa Upang, Kec. Mare, Kabupaten Bone, Sulawesi Selatan 92773, Indonesia",Kabupaten Bone,Sulawesi Selatan,10000.0,Sedang,https://www.pesisir.net/air-terjun-baruttung-bone
Wisata Alam Tirotiku lolai,"2VX6+GQ7, Limbong, Kabupaten Toraja Utara",Kabupaten Toraja Utara,Sulawesi Selatan,15000.0,Sedang,https://www.detik.com/sulsel/wisata/d-6552181/negeri-di-atas-awan-toraja-panorama-alam-dari-ketinggian-1-300-mdpl
Bukit Doa,"5JV7+WPM, Jl. Bukit Doa, Pinaling, Kec. Amurang Tim., Kabupaten Minahasa Selatan, Sulawesi Utara, Indonesia",Kabupaten Minahasa Selatan,Sulawesi Utara,20000.0,Mahal,https://travel.tribunnews.com/destinasi/140668/itinerary-tomohon-1-hari-dari-minahasa-liburan-romantis-naik-motor-dengan-bujet-rp-350-ribu
Wisata Puncak Maradadi,"HJXF+6PC, Kolese, Kota Bau-Bau",Kota Bau-Bau,Sulawesi Tenggara,31000.0,Mahal,https://travel.detik.com/domestic-destination/d-6242111/wisata-puncak-bogor-terbaru-telaga-saat-ini-harga-tiketnya
Pantai Toola,"Pantai Toola, Jl. Maesara, Puuwonua, Kec. Lalonggasumeeto, Kabupaten Konawe, Sulawesi Tenggara 93351, Indonesia",Kabupaten Konawe,Sulawesi Tenggara,0.0,Gratis,https://travel.tribunnews.com/destinasi/141416/harga-tiket-paddle-board-di-pantai-anggalo-konawe-untuk-liburan-akhir-tahun
GPdI Bukit Zaitun Parepare,"Jl. Andi Mallarangeng No.1, Ujung Bulu, Kec. Ujung, Kota Parepare, Sulawesi Selatan 91113, Indonesia",Kota Parepare,Sulawesi Selatan,5000.0,Murah,https://travel.tribunnews.com/2025/08/13/harga-tiket-masuk-pantai-ujung-batu-di-barru-sulawesi-selatan-panduan-rute-dari-makassar
Pantai Kalinaun,"J5J2+G6Q, Kalinaun, Kec. Likupang Tim., Kabupaten Minahasa Utara, Sulawesi Utara, Indonesia",Kabupaten Minahasa Utara,Sulawesi Utara,0.0,Gratis,https://manado.tribunnews.com/2024/02/24/5-tempat-wisata-pantai-di-sulawesi-utara-harga-masuk-murah-meriah-pemandangan-menakjubkan?page=all
Pulau Bongkil,"24V4+JC3, Jl. Laut Sulawesi, Kabupaten Bolaang Mongondow Utara, Indonesia",Kabupaten Bolaang Mongondow,Sulawesi Utara,0.0,Gratis,https://dutademokrasi.co.id/travel/ke-bolaang-mongondow-utara-wajib-kungjungi-10-tempat-wisata-ini/
Air Terjun Indo Rannuang,"J9XW+GPJ, Jl. Indoranuang, Kunyi, Kec. Anreapi, Kabupaten Polewali Mandar, Sulawesi Barat 91315, Indonesia",Kabupaten Polewali Mandar,Sulawesi Barat,3000.0,Murah,https://www.detik.com/sulsel/wisata/d-6263391/9-wisata-di-sulawesi-barat-alam-bawah-laut-hingga-negeri-di-atas-awan
Air Terjun Tu'nan,"7P3V+JXX, Talaitad, Sulta, Kabupaten Minahasa Selatan, Sulawesi Utara, Indonesia",Kabupaten Minahasa Selatan,Sulawesi Utara,0.0,Gratis,-
Tugu Selamat Datang Kabupaten Bolaang Mongondow Selatan,"FX67+RQH, Matayangan, Kec. Dumoga Bar., Kabupaten Bolaang Mongondow, Sulawesi Utara, Indonesia",Kabupaten Bolaang Mongondow,Sulawesi Utara,5000.0,Murah,https://travel.tribunnews.com/destinasi/141107/jam-buka-tiket-masuk-pantai-modisi-di-bolaang-mongondow-selatan-sulawesi-utara
Pulau Dea-dea,G9MG+88H,Kabupaten Morowali,Sulawesi Tengah,4000.0,Murah,https://travel.detik.com/travel-news/d-4564067/naiknya-tiket-masuk-di-sejumlah-tempat-wisata-bali-naik-tak-disoal-tapi
Pantai Tanjung Bunga,"R9MR+9X6, Maccini Sombala, Kec. Tamalate, Kota Makassar, Sulawesi Selatan 90224, Indonesia",Kota Makassar,Sulawesi Selatan,10000.0,Sedang,https://travelspromo.com/htm-wisata/pantai-akkarena-makassar/
Wisata pannampu,"Maros,bantimurung, Tukamasea, Makassar",Kota Makassar,Sulawesi Selatan,0.0,Gratis,-
Air Terjun Batualambung Kambani,"CV9J+28W, Kambani, Kec. Buko Selatan, Kabupaten Banggai Kepulauan, Sulawesi Tengah 94881, Indonesia",Kabupaten Banggai Kepulauan,Sulawesi Tengah,-,-,-
RTH Masjid Agung Pohuwato,"FW6W+VRV, Palopo, Kec. Marisa, Kabupaten Pohuwato, Gorontalo 96265, Indonesia",Kabupaten Pohuwato,Gorontalo,40000.0,Mahal,https://travel.detik.com/domestic-destination/d-3501699/wisata-malam-di-pohuwato-asyiknya-berburu-durian-mungil
P4S WANUA LAMPOKO,"C64J+6XX, Unnamed Road, Lampoko, Kabupaten Bone",Kabupaten Bone,Sulawesi Selatan,-,-,-
Kincir Angin PLTB,"9Q7F+PV7, Kayuloe Timur",Kabupaten Sidenreng Rappang,Sulawesi Selatan,3000.0,Murah,https://id.pinterest.com/pin/sael0r-on-tiktok-in-2025--29836416277273384/
Colo,"Colo, Lembanya, Kec. Una-Una, Kabupaten Tojo Una-Una, Sulawesi Tengah, Indonesia",Kabupaten Tojo Una-Una,Sulawesi Tengah,29000,Mahal,https://travel.tribunnews.com/destinasi/141157/daya-tarik-harga-tiket-masuk-air-terjun-veranomata-di-morowali-sulawesi-tengah
Buntu Cekong,"HQGX+4JG, Tanete, Kec. Anggeraja, Kabupaten Enrekang, Sulawesi Selatan 91752, Indonesia",Kabupaten Enrekang,Sulawesi Selatan,0.0,Gratis,-
Pantai Kapitu,"Pantai Kapitu, Kapitu, Kec. Amurang Bar., Kabupaten Minahasa Selatan, Sulawesi Utara, Indonesia",Kabupaten Minahasa Selatan,Sulawesi Utara,5000.0,Murah,https://travel.tribunnews.com/destinasi/141107/jam-buka-tiket-masuk-pantai-modisi-di-bolaang-mongondow-selatan-sulawesi-utara
Puncak panenteng tola,"Tola, Kec. Tabukan Utara, Kabupaten Kepulauan Sangihe, Sulawesi Utara, Indonesia",Kabupaten Kepulauan Sangihe,Sulawesi Utara,29000,Mahal,https://travel.tribunnews.com/2021/06/13/6-fakta-unik-kepulauan-sangihe-miliki-gunung-api-bawah-laut-dan-burung-endemik-yang-terancam-punah
Wisata Tracking mangrove,"RR5R+FHH, Tolongio, Kec. Anggrek, Kabupaten Gorontalo Utara, Gorontalo, Indonesia",Kabupaten Gorontalo Utara,Gorontalo,2000,Murah,https://travel.tribunnews.com/2021/04/18/binuanga-tracking-mangrove-destinasi-favorit-di-bolmut-sulawesi-utara-untuk-liburan-akhir-pekan
Wisata Mannessa Lappa Angin,"XM3F+4F5, WT. Bacukiki, Kec. Bacukiki, Kota Parepare, Sulawesi Selatan 91121, Indonesia",Kota Parepare,Sulawesi Selatan,5000,Murah,https://travel.tribunnews.com/2025/08/13/harga-tiket-masuk-pantai-ujung-batu-di-barru-sulawesi-selatan-panduan-rute-dari-makassar
Pantai Sangganipa,"7MR9+M4V, Towale, Kec. Banawa Tengah, Kabupaten Donggala, Sulawesi Tengah 94351, Indonesia",Kabupaten Donggala,Sulawesi Tengah,29000,Mahal,https://travel.tribunnews.com/2025/04/11/harga-tiket-masuk-pantai-enu-wisata-primadona-di-kabupaten-donggala-sulawesi-tengah
Pantai Bahari,"HMMH+M4M, Mapane, Kec. Poso Pesisir, Kabupaten Poso, Sulawesi Tengah, Indonesia",Kabupaten Poso,Sulawesi Tengah,-,-,-
Lakasa Cave,"FHR8+MQ6, Sulaa, Kota Bau-Bau",Kota Bau-Bau,Sulawesi Tenggara,10000.0,Sedang,https://www.itrip.id/goa-lakasa-baubau
Permandian Lakakuloto,"MJWQ+HX4, Rahia, Kec. Gu, Kabupaten Buton Tengah, Sulawesi Tenggara 93761, Indonesia",Kabupaten Buton Tengah,Sulawesi Tenggara,3000.0,Murah,https://jambi.tribunnews.com/2018/06/09/tempat-wisata-baru-di-tebo-permandian-air-panas-sungai-bengkal-ini-harga-tiket-masuk
Waterboom Agro Wisata Palopo,"Murante, Kec. Mungkajang, Kota Palopo, Sulawesi Selatan 91921, Indonesia",Kota Palopo,Sulawesi Selatan,45000.0,Mahal,https://www.idntimes.com/travel/destination/wisata-kolam-renang-di-palopo-00-r95nh-r24jt0
Monumen Gerhana Matahari Total 2016,"QWGX+VC2, Pakuli, Kec. Gumbasa, Kabupaten Sigi, Sulawesi Tengah 94361, Indonesia",Kabupaten Sigi,Sulawesi Tengah,-,-,-
Air Terjun Kona,"Q2HH+MQ3, Pollewani, Kec. Tutar, Kabupaten Polewali Mandar, Sulawesi Barat, Indonesia",Kabupaten Polewali Mandar,Sulawesi Barat,-,-,-
Museum Perjuangan Rakyat Sulut,"No Jl. Sam Ratulangi No.27, Wenang Utara, Kec. Wenang, Kota Manado, Sulawesi Utara, Indonesia",Kota Manado,Sulawesi Utara,5000.0,Murah,https://wisatawan.id/tempat-wisata-di-manado/
Pantai Napa,"93762, Napa, Mawasangka, Napa, Kec. Mawasangka, Kabupaten Buton, Sulawesi Tenggara, Indonesia",Kabupaten Buton,Sulawesi Tenggara,29000,Mahal,https://travel.tribunnews.com/2016/07/28/buton-sulawesi-tenggara-5-destinasi-paling-asyik-untuk-traveler
Pantai Pinang,"Pantai Pinang, Sulawesi Selatan, Indonesia",Kabupaten Buton,Sulawesi Tenggara,5000.0,Murah,https://www.melancong.com.my/tempat-menarik-di-penang-pulau-pinang/
Wisata Alam Sulili Baebunta,"Baebunta, Kec. Baebunta, Kabupaten Luwu Utara, Sulawesi Selatan, Indonesia",Kabupaten Luwu Utara,Sulawesi Selatan,5000.0,Murah,https://jadesta.kemenparekraf.go.id/atraksi/sungai_sulili
Situs Megalitik Watunongko,"C9PX+QF, Watutau, Kec. Lore Peore, Kabupaten Poso, Sulawesi Tengah 94653, Indonesia",Kabupaten Poso,Sulawesi Tengah,5000.0,Murah,https://travel.tribunnews.com/2024/11/04/harga-tiket-masuk-taman-nasional-lore-lindu-di-kabupaten-poso-sulawesi-tengah-terbaru-2024
Gunung Sesean Toraja Utara,"3VXH+CFP, Sesean Matallo, Kec. Sesean, Kabupaten Toraja Utara, Sulawesi Selatan, Indonesia",Kabupaten Toraja Utara,Sulawesi Selatan,15000.0,Sedang,https://travel.kompas.com/read/2025/01/18/060300927/rante-kalimbuang-bori-toraja--harga-tiket-jam-buka-dan-lokasi
TONGKONAN SASSA',"RVM5+XWR, Gasing, Kec. Mengkendek, Kabupaten Tana Toraja, Sulawesi Selatan 91817, Indonesia",Kabupaten Tana Toraja,Sulawesi Selatan,15000.0,Sedang,https://hargatiketjadwal.com/harga-tiket-masuk-dufan-ancol/
C-Beach (Pantai C-Salonsa),"F8RP+X3R, Magani, Kec. Nuha, Kabupaten Luwu Timur, Sulawesi Selatan 92983, Indonesia",Kabupaten Luwu Timur,Sulawesi Selatan,0.0,Gratis,-
wisata alam pattipo,"J9HC+5M5, Kunyi, Kec. Anreapi, Kabupaten Polewali Mandar, Sulawesi Barat, Indonesia",Kabupaten Polewali Mandar,Sulawesi Barat,0.0,Gratis,-
Air Terjun Kelimbun Tumbohon,"HXF5+M8Q, Tumbohon, Kec. Talawaan, Kabupaten Minahasa Utara, Sulawesi Utara, Indonesia",Kabupaten Minahasa Utara,Sulawesi Utara,10000.0,Sedang,https://www.idntimes.com/travel/destination/air-terjun-manado-c1c2-01-3ln1w-spgvkc
Weer Molino,"399M+C78, Dondo, Kec. Balantak Sel., Kabupaten Banggai, Sulawesi Tengah, Indonesia",Kabupaten Banggai,Sulawesi Tengah,29000,Mahal,https://travel.tribunnews.com/destinasi/141157/daya-tarik-harga-tiket-masuk-air-terjun-veranomata-di-morowali-sulawesi-tengah
Kali Biru Mosolo,"Masolo, Kec. Wawonii Tenggara, Kabupaten Konawe, Sulawesi Tenggara 93393, Indonesia",Kabupaten Konawe,Sulawesi Tenggara,-,-,-
Monumen Korban 40.000 jiwa,"XJRC+CRJ, Ujung Sabbang, Kec. Ujung, Kota Parepare, Sulawesi Selatan 91114, Indonesia",Kota Parepare,Sulawesi Selatan,5000.0,Murah,https://liburanplus.com/wisata/sulawesi/tempat-wisata-parepare/
Wisata Alam Bonto Kalihara (Bukit Semut) Selayar,"VFFF+W9X, Putabangung, Kec. Bontoharu, Kab. Kepulauan Selayar, Sulawesi Selatan, Indonesia",Kabupaten Kepulauan Selayar,Sulawesi Selatan,0,Gratis,https://idfirms.com/sulawesi-selatan/wisata-alam-bonto-kalihara-787950
Banua Wuhu,"Banua Wuhu, Indonesia",Kabupaten Kepulauan Sangihe,Sulawesi Utara,-,-,-
"Desa Bokori, Kabupaten Konawe, Sulawesi Tenggara","3MG7+2CH, Bokori, Soropia, Kabupaten Konawe, Sulawesi Tenggara 93351, Indonesia",Kabupaten Konawe,Sulawesi Tenggara,6000.0,Murah,https://travel.detik.com/cerita-perjalanan/d-5388958/bokori-pulau-surga-dari-sulawesi-tenggara
Air terjun Rouda,"9XJX+7WP, Raoda, Kec. Lambai, Kabupaten Kolaka Utara, Sulawesi Tenggara 93956, Indonesia",Kabupaten Kolaka Utara,Sulawesi Tenggara,-,-,-
Pantai Morano,"RHQQ+48H, Fongkaniwa, Walengkabola, Sulawesi Tenggara, Indonesia",Kabupaten Muna,Sulawesi Tenggara,10000.0,Sedang,https://telisik.id/news/indahnya-pantai-morano-muna-jadi-spot-wisatawan
Benteng Bombonawulu,"PH58+F8H, Wongko Lakudo, Kec. Lakudo, Kabupaten Buton, Sulawesi Tenggara 93763, Indonesia",Kabupaten Buton,Sulawesi Tenggara,0,Gratis,https://kelaswisata.id/wisata-di-baubau/
DESWITA ( DESTINASI WISATA ) SEJAHTERA,"H3RF+99G, Sejahtera, Kabupaten Bone Bolango",Kabupaten Bone Bolango,Gorontalo,5000.0,Murah,https://travel.kompas.com/read/2021/09/15/121700227/itinerary-3-hari-2-malam-di-gorontalo-wisata-ke-benteng-otanaha?page=all
Pantai Pulisan,"M4JW+XQ5, Pantai, Pulisan, Kec. Likupang Tim., Kabupaten Minahasa Utara, Sulawesi Utara, Indonesia",Kabupaten Minahasa Utara,Sulawesi Utara,5000.0,Murah,https://www.pesisir.net/pantai-pulisan-minahasa
Rakata Beach,"742C+X44, Pelawa Baru, Kabupaten Parigi Moutong, Sulawesi Tengah, Indonesia",Kabupaten Parigi Moutong,Sulawesi Tengah,-,-,-
Goa Bidadari,"MJ55+GF7, Kolowa, Kec. Gu, Kabupaten Buton Tengah, Sulawesi Tenggara 93761, Indonesia",Kabupaten Buton Tengah,Sulawesi Tenggara,0.0,Gratis,-
Air Terjun Tenilo,"GCF6+6R9, Dulupi, Kec. Dulupi, Kabupaten Boalemo, Gorontalo 96263, Indonesia",Kabupaten Boalemo,Gorontalo,0.0,Gratis,https://travel.kompas.com/read/2020/10/08/073900527/25-wisata-gorontalo-wisata-sejarah-hingga-bertemu-hiu-paus-?page=all
Pulau Sara-besar,"Pulau Sara-besar, Moronge, Kec. Moronge, Kabupaten Kepulauan Talaud, Sulawesi Utara, Indonesia",Kabupaten Kepulauan Talaud,Sulawesi Utara,29000,Mahal,https://travel.tribunnews.com/2025/09/08/pulau-sara-di-talaud-sulawesi-utara-surga-tersembunyi-yang-tak-berpenghuni
Pantai Pasir Putih Pinomontiga,"Pantai Pasir Putih Pinomontiga, Jl. Trans Sulawesi, Pinomontiga, Kec. Bulawa, Kabupaten Bone Bolango, Gorontalo, Indonesia",Kabupaten Bone Bolango,Gorontalo,2000.0,Murah,https://travel.detik.com/domestic-destination/d-6589912/pantai-tanjung-tihu-gorontalo-berpasir-putih-sungguh-menawan
Wisata Mancing Desa BuluCindea,"5GP6+62W, Bulu Cindea, Kec. Bungoro, Kabupaten Pangkajene Dan Kepulauan, Sulawesi Selatan, Indonesia",Kabupaten Pangkajene Dan Kepulauan,Sulawesi Selatan,-,-,-
Gedung PIKAT,Titiwungen Selatan,Kabupaten Banggai Kepulauan,Sulawesi Tengah,0.0,Gratis,-
PANTAI WISATA LOGPON,"2F48+Q4F, Unnamed Road, Sausu Gandasari, Kec. Sausu, Kabupaten Parigi Moutong, Sulawesi Tengah 94473, Indonesia",Kabupaten Parigi Moutong,Sulawesi Tengah,10000.0,Sedang,https://www.explorepangandaran.com/2019/11/harga-tiket-masuk-pantai-pangandaran.html
LASA Nature Tourism,"Jl. Trans Peling, Patukuki, Kec. Peling Tengah, Kabupaten Banggai Kepulauan, Sulawesi Tengah 94883, Indonesia",Kabupaten Banggai Kepulauan,Sulawesi Tengah,29000,Mahal,https://travel.tribunnews.com/destinasi/141157/daya-tarik-harga-tiket-masuk-air-terjun-veranomata-di-morowali-sulawesi-tengah
LYWANZA POOL & RESTO,"8V4F+262, Jalan Soekarno Hatta, Karema",Kota Makassar,Sulawesi Selatan,10000.0,Sedang,https://renangloka.com/pool/kolam-renang-shinta-pool-2-resto-joglo/
Ekowisata Mangrove Lirang,"G7VR+GW8, Lirang, Kec. Lembeh Utara, Kota Bitung, Sulawesi Utara, Indonesia",Kota Bitung,Sulawesi Utara,10000.0,Sedang,https://kelaswisata.id/wisata-di-bitung/
Hutan Mangrove Tofuti,"CXQH+HF3, Unnamed Road, Bahontobungku, Kabupaten Morowali",Kabupaten Morowali,Sulawesi Tengah,29000,Mahal,https://travel.tribunnews.com/destinasi/141157/daya-tarik-harga-tiket-masuk-air-terjun-veranomata-di-morowali-sulawesi-tengah
Pantai Puuesa,"Sukarela Jaya, Kec. Wawonii Tenggara, Kabupaten Konawe, Sulawesi Tenggara 93393, Indonesia",Kabupaten Konawe,Sulawesi Tenggara,0.0,Gratis,https://travel.tribunnews.com/destinasi/141416/harga-tiket-paddle-board-di-pantai-anggalo-konawe-untuk-liburan-akhir-tahun
Air Terjun Sarambu,"G84Q+4JR, Sumilin, Kec. Masamba, Kabupaten Luwu Utara, Sulawesi Selatan 92916, Indonesia",Kabupaten Luwu Utara,Sulawesi Selatan,5000.0,Murah,https://www.detik.com/sulsel/wisata/d-6896501/25-rekomendasi-objek-wisata-di-kabupaten-pinrang-untuk-liburan
Pantai Wisata Maroneng,"Pantai Wisata Maroneng, Maroneng, Kec. Duampanua, Kabupaten Pinrang, Sulawesi Selatan 91253, Indonesia",Kabupaten Pinrang,Sulawesi Selatan,5000.0,Murah,https://www.sahabatnews.net/2018/06/ini-27-daftar-tempat-wisata-di-pinrang_16.html
Puncak Battoa,"C6MJ+9CW, Cingkang, Kec. Barebbo, Kabupaten Bone, Sulawesi Selatan 92771, Indonesia",Kabupaten Bone,Sulawesi Selatan,5000.0,Murah,https://www.msn.com/id-id/berita/other/pantai-togeo-bonesulawesi-selatan-tiket-masuklokasi-and-panduan-rute/ar-AA1NZQpM
Gunung Tumpu,"Gunung Tumpu, Damai Makmur, Kec. Nuhon, Kabupaten Banggai, Sulawesi Tengah, Indonesia",Kabupaten Banggai,Sulawesi Tengah,5000,Murah,https://jdih.banggaikab.go.id/produk-hukum/unduh/503
Air Terjun Kalimalima,"5VQV+7WC, Moolo, Kec. Batukara, Kabupaten Muna, Sulawesi Tenggara 93674, Indonesia",Kabupaten Muna,Sulawesi Tenggara,0,Gratis,https://www.facebook.com/celebesco/posts/air-terjun-kalima-lima-pesona-alam-eksotis-nan-memukau-di-munawisatamuna-wisataa/531756358331108/
Wisata Matabuntu,"C7P2+7VW, Ledu-Ledu",Kabupaten Konawe,Sulawesi Tenggara,12000.0,Sedang,https://travel.detik.com/domestic-destination/d-4665934/wisata-petik-apel-malang-tiket-masuk-hingga-lokasinya
Pantai tupa,"7MR9+XG, Towale, Kec. Banawa Tengah, Kabupaten Donggala, Sulawesi Tengah 94351, Indonesia",Kabupaten Donggala,Sulawesi Tengah,2000.0,Murah,https://travel.kompas.com/read/2023/07/03/190500227/pantai-tanjung-karang-di-sulawesi-tengah--tiket-masuk-dan-aktivitas?page=all
Puncak dunu,"WJQW+2R2, Dunu, Kec. Anggrek, Kabupaten Gorontalo Utara, Gorontalo, Indonesia",Kabupaten Gorontalo Utara,Gorontalo,0.0,Gratis,https://travel.kompas.com/read/2020/10/08/073900527/25-wisata-gorontalo-wisata-sejarah-hingga-bertemu-hiu-paus-?page=all
Permandian TompoE,"M6JC+GCH, Cabbeng, Kec. Dua Boccoe, Kabupaten Bone, Sulawesi Selatan 92753, Indonesia",Kabupaten Bone,Sulawesi Selatan,5000.0,Murah,https://superapps.kompas.com/read/4282708/6-tempat-wisata-di-maros-sulawesi-selatan-ada-taman-nasional-yang-disebut-kerajaan-kupu-kupu
Hidden Paradise Minahasa,"Jl. Tondano Kamangta, Suluan, Kabupaten Minahasa",Kabupaten Minahasa,Sulawesi Utara,0.0,Gratis,-
Sapaeng Beach,"HHJH+JRW, Kuma, Kec. Tabukan Tengah, Kabupaten Kepulauan Sangihe, Sulawesi Utara, Indonesia",Kabupaten Kepulauan Sangihe,Sulawesi Utara,-,-,-
Pantai Sapelang,"GQQP+H6P, Apal, Kec. Buko Selatan, Kabupaten Banggai Kepulauan, Sulawesi Tengah, Indonesia",Kabupaten Banggai Kepulauan,Sulawesi Tengah,-,-,-
Lembah Lambusango,"QRXW+G52, Wakangka, Kec. Kapontori, Kabupaten Buton, Sulawesi Tenggara 93755, Indonesia",Kabupaten Buton,Sulawesi Tenggara,15000.0,Sedang,https://sultra.tribunnews.com/2024/11/29/keunikan-hutan-lambusango-buton-cocok-jadi-lokasi-camping-santai-hingga-eksplor-tempat-keramat
Sumber Mata Air Kab. Bulukumba,"G84Q+52, Benjala, Kabupaten Bulukumba",Kabupaten Bulukumba,Sulawesi Selatan,8000.0,Murah,https://makassar.tribunnews.com/2024/09/17/pesona-wisata-permandian-alam-lotong-lotong-bulukumba-menarik-pengunjung
Air Terjun Andulan,"63RH+5G, Siteba, Kec. Walenrang Utara, Kabupaten Luwu, Sulawesi Selatan, Indonesia",Kabupaten Luwu,Sulawesi Selatan,29000,Mahal,https://travel.tribunnews.com/2025/06/11/nikmati-air-panas-alami-lejja-soppeng-cek-harga-tiket-masuk-lokasinya-di-sulawesi-selatan
Air Terjun kumapo dahu,"734M+24X, Unnamed Road, Andabia, Kec. Anggaberi, Kabupaten Konawe, Sulawesi Tenggara 93419, Indonesia",Kabupaten Konawe,Sulawesi Tenggara,0.0,Gratis,https://travel.tribunnews.com/destinasi/141416/harga-tiket-paddle-board-di-pantai-anggalo-konawe-untuk-liburan-akhir-tahun
Limbong Kambellun,"JC36+7J2, Batetangnga, Kec. Binuang, Kabupaten Polewali Mandar, Sulawesi Barat 91312, Indonesia",Kabupaten Polewali Mandar,Sulawesi Barat,0.0,Gratis,https://travel.detik.com/domestic-destination/d-4375428/polewali-mandar-punya-air-terjun-yang-cantik-banget
Exotic Beach,"F484+PRC Pantai Exotic, Huangobotu, Kabupaten Bone Bolango",Kabupaten Bone Bolango,Gorontalo,5000.0,Murah,https://travel.tribunnews.com/destinasi/140539/pantai-togeo-bone-sulawesi-selatan-tiket-masuk-lokasi-panduan-rute
Air Terjun Salbir,"77WX+8GW, Dengeng-Dengeng, Kec. Pitu Riase, Kabupaten Sidenreng Rappang, Sulawesi Selatan 90992, Indonesia",Kabupaten Sidenreng Rappang,Sulawesi Selatan,10000,Sedang,https://travel.tribunnews.com/2025/09/25/pantai-tanjung-bira-di-bulukumba-sulawesi-selatan-panduan-rute-tiket-masuk-fasilitas
ANDI NYIWI PARK LUWU TIMUR,"937W+QXM, Malili, Kec. Malili, Kabupaten Luwu Timur, Sulawesi Selatan 92933, Indonesia",Kabupaten Luwu Timur,Sulawesi Selatan,-,-,-
Air Terjun Popontolen,"7J9P+W7C, Popontolen, Kec. Tumpaan, Kabupaten Minahasa Selatan, Sulawesi Utara, Indonesia",Kabupaten Minahasa Selatan,Sulawesi Utara,15000.0,Sedang,https://www.rctiplus.com/news/detail/gaya-hidup/4224202/6-air-terjun-indah-di-sulawesi-utara--no-6-bikin-kaget
Permandian Bendungan Kandang,"J9P3+77, Papandangan, Kec. Anreapi, Kabupaten Polewali Mandar, Sulawesi Barat, Indonesia",Kabupaten Polewali Mandar,Sulawesi Barat,5000.0,Murah,https://travel.kompas.com/read/2016/01/02/195139027/Rawabangun.Tawarkan.Permandian.Alam.Mancing.hingga.Kuliner
Wisata Bahari Pantai Seta Seta,"8J8G+Q3, Poreang, Kec. Tana Lili, Kabupaten Luwu Utara, Sulawesi Selatan, Indonesia",Kabupaten Luwu Utara,Sulawesi Selatan,5000.0,Murah,https://travel.tribunnews.com/destinasi/140539/pantai-togeo-bone-sulawesi-selatan-tiket-masuk-lokasi-panduan-rute
Pantai Wisata Pandanwangi,"Pantai Wisata Pandanwangi, Pandan Wangi, Kec. Toili Bar., Kabupaten Banggai, Sulawesi Tengah, Indonesia",Kabupaten Banggai,Sulawesi Tengah,-,-,-
KJA Latoma,"43J3+7F5, Latoma, Kec. Unaaha, Kabupaten Konawe, Sulawesi Tenggara 93415, Indonesia",Kabupaten Konawe,Sulawesi Tenggara,0.0,Gratis,https://travel.tribunnews.com/destinasi/141416/harga-tiket-paddle-board-di-pantai-anggalo-konawe-untuk-liburan-akhir-tahun
Gunung Bahonglangi,"VWCP+7MX, Bontojai, Kec. Bontocani, Kabupaten Bone, Sulawesi Selatan 90561, Indonesia",Kabupaten Bone,Sulawesi Selatan,5000.0,Murah,https://travel.tribunnews.com/destinasi/140539/pantai-togeo-bone-sulawesi-selatan-tiket-masuk-lokasi-panduan-rute
Objek Wisata Lamperangan,"4HVV+PF4, Kabba, Kec. Minasatene, Kabupaten Pangkajene Dan Kepulauan, Sulawesi Selatan 90614, Indonesia",Kabupaten Pangkajene Dan Kepulauan,Sulawesi Selatan,50000.0,Mahal,https://jadesta.kemenparekraf.go.id/paket/camping_karst_lamperangan
Wisata Salo Rumpiae,"FM56+78, Lompo Tengah, Kec. Tanete Riaja, Kabupaten Barru, Sulawesi Selatan 90762, Indonesia",Kabupaten Barru,Sulawesi Selatan,5000.0,Murah,https://travel.tribunnews.com/2025/08/13/harga-tiket-masuk-pantai-ujung-batu-di-barru-sulawesi-selatan-panduan-rute-dari-makassar
Pantai Saleo,"VCR8+9VC, Saleo, Kec. Bolang Itang Tim., Kabupaten Bolaang Mongondow Utara, Sulawesi Utara, Indonesia",Kabupaten Bolaang Mongondow Utara,Sulawesi Utara,5000.0,Murah,https://travel.tribunnews.com/destinasi/141107/jam-buka-tiket-masuk-pantai-modisi-di-bolaang-mongondow-selatan-sulawesi-utara
Objek Wisata Hutan Bambu To' Kumila',"4V35+G67, Tonga Riu, Kabupaten Toraja Utara",Kabupaten Toraja Utara,Sulawesi Selatan,5000.0,Murah,https://kareba-toraja.com/vakum-sejak-pandemi-dinas-pariwisata-toraja-utara-hidupkan-kembali-wisata-hutan-bambu-tokumila/
Air Terjun,"35R3+23, Labota, Kec. Bahodopi, Kabupaten Morowali, Sulawesi Tengah, Indonesia",Kabupaten Morowali,Sulawesi Tengah,5000.0,Murah,https://palu.tribunnews.com/travel/172156/pesona-veranomata-surga-alam-tersembunyi-di-perkotaan-morowali
Wisata Bukit Harapan Gowa,"Bujjulu, Jl. Bukit Harapan No.8, Bontoparang, Kec. Parangloe, Kabupaten Gowa, Sulawesi Selatan 90562, Indonesia",Kabupaten Gowa,Sulawesi Selatan,0.0,Gratis,https://travel.detik.com/domestic-destination/d-7465518/15-tempat-pariwisata-gowa-daya-tarik-lokasi-harga-tiket
Objek wisata terumbu karang Adhyaksa dan hutan bakau Adhyaksa,"FF9Q+6JF, Bone Baru, Banggai Utara, Kabupaten Banggai Kepulauan, Sulawesi Tengah 94891, Indonesia",Kabupaten Banggai Kepulauan,Sulawesi Tengah,-,-,-
Blue Lagoon Labengki,"GFC5+7QC, Labengi, Kec. Lasolo, Kabupaten Konawe Utara, Sulawesi Tenggara 93352, Indonesia",Kabupaten Konawe Utara,Sulawesi Tenggara,50000.0,Mahal,https://jadesta.kemenparekraf.go.id/desa/labengki_1
Senja Beloka,"FP4R+5XJ, Katolemando, Sandang Pangan",Kabupaten Sinjai,Sulawesi Selatan,0.0,Gratis,https://travel.kompas.com/read/2026/03/14/171108927/harga-tiket-masuk-taman-safari-bogor-selama-libur-lebaran-2026
Air Terjun Kembes,"9VMF+JX, Kembes II, Kec. Tombulu, Kabupaten Minahasa, Sulawesi Utara, Indonesia",Kabupaten Minahasa,Sulawesi Utara,15000,Sedang,https://www.facebook.com/genpi.sulut/videos/air-terjun-rokrok-yang-berlokasi-di-desa-kembes-2-kecamatan-tombulu-kabupaten-mi/850384973326758/
Air Terjun Bobaa,"7RXH+F7W, Unnamed Road, Boba, Kec. Bungku Utara, Kabupaten Morowali Utara, Sulawesi Tengah 94972, Indonesia",Kabupaten Morowali Utara,Sulawesi Tengah,5000.0,Murah,https://keluyuran.com/tempat-wisata-di-morowali/
Puncak Savana Puuhopa,"W3RG+77W, Puuhopa, Kec. Puriala, Kabupaten Konawe, Sulawesi Tenggara 93464, Indonesia",Kabupaten Konawe,Sulawesi Tenggara,10000.0,Sedang,https://wisata.konawekab.go.id/wisata/7
Gua Koo,"M997+MFV, Lakorua, Kec. Mawasangka Tengah, Kabupaten Buton, Sulawesi Tenggara 93762, Indonesia",Kabupaten Buton,Sulawesi Tenggara,0.0,Gratis,https://www.celebes.co/tempat-wisata-buton-tengah
Air Terjun Maccading,"F5CM+R8, Ulaweng Cinnong, Kec. Ulaweng, Kabupaten Bone, Sulawesi Selatan, Indonesia",Kabupaten Bone,Sulawesi Selatan,5000.0,Murah,https://www.detik.com/bali/wisata/d-8324421/air-terjun-benang-kelambu-lombok-daya-tarik-harga-tiket-hingga-mitos
Parkiran Air Terjun (Kali),"9RWV+83P, Kali, Kec. Pineleng, Kabupaten Minahasa, Sulawesi Utara, Indonesia",Kabupaten Minahasa,Sulawesi Utara,5000.0,Murah,https://atourin.com/destination/minahasa/air-terjun-kali-pineleng
Taman Pantai Bone Baru,"FF9V+636, Bone Baru, Banggai Utara, Kabupaten Banggai Kepulauan, Sulawesi Tengah 94891, Indonesia",Kabupaten Banggai Kepulauan,Sulawesi Tengah,2000.0,Murah,https://www.youtube.com/watch?v=aAS0aKzd3n4
Permandian sungai jernih,"F6MJ+R52, Usa, Kabupaten Bone",Kabupaten Bone,Sulawesi Selatan,5000.0,Murah,https://www.facebook.com/new.mth/videos/lokasi-pemandian-baru-sungai-jernih-dekat-air-terjun-ponottiket-masuk-rp-10-rb-p/621527714013636/
Wisata Buntu Nangka (Palopo),"X5C9+4P3, Peta, Kec. Sendana, Kota Palopo, Sulawesi Selatan, Indonesia",Kota Palopo,Sulawesi Selatan,5000.0,Murah,https://makassar.tribunnews.com/travel/1823173/buntu-pasang-palopo-destinasi-wisata-baru-dengan-panorama-kota-dari-ketinggian
Gua Susundeng,"CWFC+7R5, Pandaluk, Kec. Bulagi Sel., Kabupaten Banggai Kepulauan, Sulawesi Tengah 94882, Indonesia",Kabupaten Banggai Kepulauan,Sulawesi Tengah,-,-,-
air terjun wambalamba,"JW63+MPR, Winning, Kec. Ps. Wajo, Kabupaten Buton, Sulawesi Tenggara 93754, Indonesia",Kabupaten Buton,Sulawesi Tenggara,10000,Sedang,https://www.gotravelly.com/blog/7-air-terjun-di-sulawesi-tenggara/
Pantai Kasambang,"4V7P+62P, Kasambang, Kec. Tapalang, Kabupaten Mamuju, Sulawesi Barat 91352, Indonesia",Kabupaten Mamuju,Sulawesi Barat,0.0,Gratis,https://travel.kompas.com/read/2021/10/26/160721427/itinerary-3-hari-2-malam-di-mamuju-sulawesi-barat-wisata-air-terjun-tamasapi
Air Terjun Tembang Luk Sagu,"PCCG+9GM, Luk Sagu, Kec. Tinangkung Utara, Kabupaten Banggai Kepulauan, Sulawesi Tengah 94885, Indonesia",Kabupaten Banggai Kepulauan,Sulawesi Tengah,-,-,-
Museum Daerah Kab Banggai _Bekas Rumah Capitan,"3Q3X+G3H, Jl. Ahmad Yani, Luwuk, Kabupaten Banggai, Sulawesi Tengah 94712, Indonesia",Kabupaten Banggai,Sulawesi Tengah,-,-,-
Bukit Kaju Angin,"345R+RR, Battang, Kec. Wara Bar., Kota Palopo, Sulawesi Selatan, Indonesia",Kota Palopo,Sulawesi Selatan,10000,Sedang,https://dtwpalopo.com/detail/6
Pantai Monano ( Gorontalo Utara ),"VMRW+7QC, Monas, Kec. Anggrek, Kabupaten Gorontalo Utara, Gorontalo 96525, Indonesia",Kabupaten Gorontalo Utara,Gorontalo,3000,Murah,https://gorontalo.tribunnews.com/2024/12/28/pantai-monano-destinasi-ikonik-gorontalo-utara-yang-menawan-di-libur-akhir-tahun
Pantai Batukarapu,"JF94+252, Lowa, Bontosikuyu, Kab. Kepulauan Selayar, Sulawesi Selatan 92855, Indonesia",Kabupaten Kepulauan Selayar,Sulawesi Selatan,5000.0,Murah,https://travel.tribunnews.com/2025/08/13/harga-tiket-masuk-pantai-ujung-batu-di-barru-sulawesi-selatan-panduan-rute-dari-makassar
Pango Pango Eco Green Park,"Kelurahan Pasang, Kec. Makale Sel., Kabupaten Tana Toraja, Sulawesi Selatan 91815, Indonesia",Kabupaten Tana Toraja,Sulawesi Selatan,10000.0,Sedang,https://wisata.app/diary/338652
Pantai Tasik Oki,"Pantai Tasik Oki, Tanjung Merah, Matuari, Bitung City, North Sulawesi, Indonesia",Kota Bitung,Sulawesi Utara,-,-,-
Pantai Kapuk Toboli,"836M+6R3, Jl. Trans Sulawesi, Toboli, Kec. Parigi Utara, Kabupaten Parigi Moutong, Sulawesi Tengah, Indonesia",Kabupaten Parigi Moutong,Sulawesi Tengah,20000.0,Mahal,https://www.celebes.co/tempat-wisata-parigi-moutong
Makam Raja Todilaling,"G2JP+6V3, Napo, Kec. Limboro, Kabupaten Polewali Mandar, Sulawesi Barat 91354, Indonesia",Kabupaten Polewali Mandar,Sulawesi Barat,-,-,-
Pantai Lito Mohinggito,"Unnamed Road, WVGG+2P3, Moluo, Kec. Kwandang, Kabupaten Gorontalo Utara, Gorontalo, Indonesia",Kabupaten Gorontalo Utara,Gorontalo,40000.0,Mahal,https://www.radarupdate.id/wisata/105314032067/htm-rp40-ribu-udah-bisa-liburan-ke-pulau-mohinggito-surga-bahari-di-gorontalo-utara
Obyek Wisata Telaga Tambing,"M8F4+3XJ, Sedoa, Kec. Lore Utara, Kabupaten Poso, Sulawesi Tengah 94653, Indonesia",Kabupaten Poso,Sulawesi Tengah,10000.0,Sedang,https://travel.kompas.com/read/2025/05/20/200910127/bayar-tiket-masuk-danau-tambing-di-sulawesi-tengah-bisa-pakai-qris
Pantai Widodo,"43V6+P66, Jl. Poros Rumbia Tengah-Mata Oleo, Lora, Mata Oleo, Kabupaten Bombana, Sulawesi Tenggara, Indonesia",Kabupaten Bombana,Sulawesi Tenggara,0.0,Gratis,-
Wisata Pantai Mangrove Ampallas,"9X9J+VFJ, Bebanga, Kec. Kalukku, Kabupaten Mamuju, Sulawesi Barat 91511, Indonesia",Kabupaten Mamuju,Sulawesi Barat,5000.0,Murah,https://keluyuran.com/tempat-wisata-di-mamuju/
Kolam renang lambe lambe,"JV36+R7X, Mosso Dhua, Kec. Sendana, Kabupaten Majene, Sulawesi Barat 91452, Indonesia",Kabupaten Majene,Sulawesi Barat,7000,Murah,https://inipasti.com/padat-pengunjung-kolam-renang-lambe-lambe-majene/
Loko' Nippon,"HQ2V+3CR, Tanete, Kec. Anggeraja, Kabupaten Enrekang, Sulawesi Selatan 91752, Indonesia",Kabupaten Enrekang,Sulawesi Selatan,13000.0,Sedang,https://travel.tribunnews.com/2025/02/03/dante-pine-tempat-wisata-murah-meriah-di-kabupaten-enrekang-sulawesi-selatan
Bendungan Ladongi,"RVXQ+HP4, Atula, Kec. Ladongi, Kabupaten Kolaka Timur, Sulawesi Tenggara, Indonesia",Kabupaten Kolaka Timur,Sulawesi Tenggara,-,-,-
Wisata Alam Batu Poopi,"Kadolo Katapi, Kec. Wolio, Kota Bau-Bau, Sulawesi Tenggara 93752, Indonesia",Kota Bau-Bau,Sulawesi Tenggara,5000.0,Murah,https://www.orami.co.id/magazine/wisata-bahari-di-sulawesi-tenggara
Pantai wasaga,"HV2J+P8V, Wasaga, Kabupaten Buton",Kabupaten Buton,Sulawesi Tenggara,5000.0,Murah,https://www.tiktok.com/discover/tempat-wisata-buton
OBYEK WISATA BATU PIAK,"Obyek Wisata Batu Piak Kalapi Dusun Batulotong Desa, Rante Belu, Kec. Larompong, Kabupaten Luwu, Sulawesi Selatan 91997, Indonesia",Kabupaten Luwu,Sulawesi Selatan,10000.0,Sedang,https://jadesta.kemenparekraf.go.id/atraksi/wisata_batu_piak
Bulu Masomba,"Bulu Masomba, Lasoani, Kec. Mantikulore, Kota Palu, Sulawesi Tengah, Indonesia",Kota Palu,Sulawesi Tengah,15000.0,Sedang,https://renangloka.com/pool/palu-bara-swimming-pool/
Gunung Tondano,"Gn. Tondano, Uner Satu, Kec. Kawangkoan, Kabupaten Minahasa, Sulawesi Utara, Indonesia",Kabupaten Minahasa,Sulawesi Utara,5000.0,Murah,https://www.tempatwisata.pro/danau/Danau-Tondano
GPPS Gunung Moria - Kota Gorontalo,"Jl. S. Parman No.64, Biawao, Kota Sel., Kota Gorontalo, Gorontalo 96111, Indonesia",Kota Gorontalo,Gorontalo,5000.0,Murah,https://travel.kompas.com/read/2021/09/15/121700227/itinerary-3-hari-2-malam-di-gorontalo-wisata-ke-benteng-otanaha?page=all
Bukit Belum Ada Nama,"75QC+H2, Kalotok, Kec. Sabbang, Kabupaten Luwu Utara, Sulawesi Selatan, Indonesia",Kabupaten Luwu Utara,Sulawesi Selatan,5000.0,Murah,https://travel.tribunnews.com/destinasi/140539/pantai-togeo-bone-sulawesi-selatan-tiket-masuk-lokasi-panduan-rute
Air Terjun Tekaan Telu,"9RHP+VG, Tinoor Satu, Kec. Tomohon Utara, Kota Tomohon, Sulawesi Utara, Indonesia",Kota Tomohon,Sulawesi Utara,10000.0,Sedang,https://dispar.tomohon.go.id/air-terjun-tekaan-telu/
Bulu Ballea,"QW39+GGH, Pattapang, Kec. Tinggimoncong, Kabupaten Gowa, Sulawesi Selatan 92171, Indonesia",Kabupaten Gowa,Sulawesi Selatan,15000.0,Sedang,https://hargatiketjadwal.com/harga-tiket-masuk-dufan-ancol/
Pantai ku,"Jl. Bau Massepe, Cappa Galung, Kec. Bacukiki Bar., Kota Parepare, Sulawesi Selatan, Indonesia",Kota Parepare,Sulawesi Selatan,5000.0,Murah,https://travel.tribunnews.com/destinasi/140539/pantai-togeo-bone-sulawesi-selatan-tiket-masuk-lokasi-panduan-rute
Wisata Bahari Selayar Bawean,"Sungairujing, Kec. Sangkapura, Kabupaten Gresik, Jawa Timur 61181, Indonesia",Kabupaten Kepulauan Selayar,Sulawesi Selatan,0.0,Gratis,-
Danau Tendetung,"Danau Tendetung, Kanali, Kec. Totikum Sel., Kabupaten Banggai Kepulauan, Sulawesi Tengah, Indonesia",Kabupaten Banggai Kepulauan,Sulawesi Tengah,0.0,Gratis,-
Pantai kelapa kuning,"2286+C5, Langaro Bajo, Kec. Wawonii Bar., Kabupaten Konawe, Sulawesi Tenggara, Indonesia",Kabupaten Konawe,Sulawesi Tenggara,0.0,Gratis,https://travel.tribunnews.com/destinasi/141416/harga-tiket-paddle-board-di-pantai-anggalo-konawe-untuk-liburan-akhir-tahun
Pantai Bungin Pinungan,"FP9W+FWH, Pantai Bungin Pinungan, Kec. Towea, Kabupaten Muna, Sulawesi Tenggara, Indonesia",Kabupaten Muna,Sulawesi Tenggara,-,-,-
Bulu Sorongan,"Bulu Sorongan, Jangan-Jangan, Kec. Pujananting, Kabupaten Barru, Sulawesi Selatan, Indonesia",Kabupaten Barru,Sulawesi Selatan,0.0,Gratis,https://www.detik.com/sulsel/wisata/d-6447974/11-objek-wisata-pangkep-yang-cocok-untuk-mengisi-liburan
Lembah Piokang,"3JQR+RJJ, Balocci Baru, Kec. Balocci, Kabupaten Pangkajene Dan Kepulauan, Sulawesi Selatan 90554, Indonesia",Kabupaten Pangkajene Dan Kepulauan,Sulawesi Selatan,-,-,-
Negeri Berselimut Awan,"M2P6+G46, Bonto Tengnga, Kec. Sinjai Borong, Kabupaten Sinjai, Sulawesi Selatan 92662, Indonesia",Kabupaten Sinjai,Sulawesi Selatan,10000.0,Sedang,https://makassar.tribunnews.com/2025/01/26/wisata-negeri-berselimut-awan-tawarkan-keindahan-alam-di-batu-belerang-sinjai
GMIM Bukit Kalvari Aer Ujang,"F44J+V8H, Wangurer Utara, Kec. Madidir, Kota Bitung, Sulawesi Utara, Indonesia",Kota Bitung,Sulawesi Utara,-,-,-
Kolam Renang Lembah Kenari Manganitu,"HGG8+HWR, Barangka",Kabupaten Kepulauan Sangihe,Sulawesi Utara,30000.0,Mahal,http://e-tempatwisata.blogspot.com/2018/01/harga-tiket-masuk-kolam-renang-gardenia-semarang.html
Batu Tikar Luwuk Kab. Banggai,"Soho, Luwuk, Kabupaten Banggai, Sulawesi Tengah 94712, Indonesia",Kabupaten Banggai,Sulawesi Tengah,40000.0,Mahal,https://travel.kompas.com/read/2017/05/25/100700427/bulan.ramadhan.tiket.masuk.the.jungle.waterpark.hanya.rp.40.000
PUNCAK OGOMOLI,"3R9M+R4F, Ogomoli",Kabupaten Toli-Toli,Sulawesi Tengah,0.0,Gratis,-
Air Terjun Andawe,"9WFH+38W, Matahori, Kec. Abuki, Kabupaten Konawe, Sulawesi Tenggara 93452, Indonesia",Kabupaten Konawe,Sulawesi Tenggara,5000,Murah,https://www.pojoksatu.id/daerah/1083636406/rekomendasi-wisata-di-akhir-tahun-2023-air-terjun-andawe-konawe-punya-keunikan-tersendiri
PANTAI BAHARI,"Jl. Bahari, Polewali, Kec. Polewali, Kabupaten Polewali Mandar, Sulawesi Barat, Indonesia",Kabupaten Polewali Mandar,Sulawesi Barat,0.0,Gratis,-
Pantai Bahari Kanipang,"Pantai Bahari Kanipang, Sabbang Paru, Kec. Lembang, Kabupaten Pinrang, Sulawesi Selatan, Indonesia",Kabupaten Pinrang,Sulawesi Selatan,5000.0,Murah,https://www.detik.com/sulsel/wisata/d-6896501/25-rekomendasi-objek-wisata-di-kabupaten-pinrang-untuk-liburan
Pantai Harapan Indah Ammani,"6FPP+5WW, Mattiro Tasi, Kec. Mattiro Sompe, Kabupaten Pinrang, Sulawesi Selatan 91261, Indonesia",Kabupaten Pinrang,Sulawesi Selatan,5000,Murah,https://www.pijarnews.com/pantai-amani-salah-satu-pilihan-tepat-untuk-berwisata-di-pinrang/
Wisata Alam Waempubbu,"H4WP+M2F, Waempubu, Kec. Amali, Kabupaten Bone, Sulawesi Selatan 92755, Indonesia",Kabupaten Bone,Sulawesi Selatan,5000.0,Murah,https://travel.tribunnews.com/2025/09/17/5-tempat-wisata-di-kabupaten-bone-sulawesi-selatan-untuk-liburan-keluarga
Pantai Kappe,"CG23+93M, Data, Indonesia",Kabupaten Pinrang,Sulawesi Selatan,0.0,Gratis,-
Air Terjun Sendowan,"6JC9+6RF, Lopana, Kec. Amurang Tim., Kabupaten Minahasa Selatan, Sulawesi Utara, Indonesia",Kabupaten Minahasa Selatan,Sulawesi Utara,0.0,Gratis,-
Bulud Init,"Bulud Init, Motandoi, Kec. Pinolosian Tim., Kabupaten Bolaang Mongondow Selatan, Sulawesi Utara, Indonesia",Kabupaten Bolaang Mongondow Selatan,Sulawesi Utara,5000.0,Murah,https://travel.tribunnews.com/destinasi/141107/jam-buka-tiket-masuk-pantai-modisi-di-bolaang-mongondow-selatan-sulawesi-utara
"Bila Tungke, Jalur viral Soppeng","Lalabata Rilau, Kec. Lalabata, Kabupaten Soppeng, Sulawesi Selatan, Indonesia",Kabupaten Soppeng,Sulawesi Selatan,-,-,-
Tugu Jepang,"C4CC+P25, Manembo-Nembo, Kec. Matuari, Kota Bitung, Sulawesi Utara, Indonesia",Kota Bitung,Sulawesi Utara,0.0,Gratis,https://www.tiket-kereta.com/
Air Terjun Kanari,"HM6H+785, Kaisabu Baru, Kec. Sorawolio, Kota Bau-Bau, Sulawesi Tenggara 93758, Indonesia",Kota Bau-Bau,Sulawesi Tenggara,0.0,Gratis,https://www.gotravelaindonesia.com/tempat-healing-sulawesi-selatan/
Taman Sarung Allo,"J9W2+954, Papandangan, Kec. Anreapi, Kabupaten Polewali Mandar, Sulawesi Barat 91315, Indonesia",Kabupaten Polewali Mandar,Sulawesi Barat,2000.0,Murah,https://news.detik.com/berita/d-5318833/sempat-sepi-karena-covid-sarung-allo-didatang-warga-polman-saat-tahun-baru
Bukit Ja'bonga,"JQ4R+9HR, Sapaya, Kec. Bungaya, Kabupaten Gowa, Sulawesi Selatan 92176, Indonesia",Kabupaten Gowa,Sulawesi Selatan,0.0,Gratis,https://travel.detik.com/domestic-destination/d-7465518/15-tempat-pariwisata-gowa-daya-tarik-lokasi-harga-tiket
Pantai andewa,"QQ33+GP9, Wata, Kec. Bungku Bar., Kabupaten Morowali, Sulawesi Tengah, Indonesia",Kabupaten Morowali,Sulawesi Tengah,5000,Murah,https://keluyuran.com/tempat-wisata-di-morowali/
Bone Pololoba Lopito,"Lopito, Kec. Totikum, Kabupaten Banggai Kepulauan, Sulawesi Tengah, Indonesia",Kabupaten Banggai Kepulauan,Sulawesi Tengah,-,-,-
Wisata Taman Bunga R.A,"PC5H+FR, Sejahtera, Kec. Wonosari, Kabupaten Boalemo, Gorontalo, Indonesia",Kabupaten Boalemo,Gorontalo,10000.0,Sedang,https://travel.detik.com/fototravel/d-6727485/indahnya-wisata-hamparan-bunga-di-gorontalo
Pantai Bahari Pakue,"Unnamed Road, V2RW+V6R, Lawata, Kec. Pakue Utara, Kabupaten Kolaka Utara, Sulawesi Tenggara, Indonesia",Kabupaten Kolaka Utara,Sulawesi Tenggara,10000.0,Sedang,https://www.goersapp.com/blog/wisata-bahari-sulawesi-tenggara/
Simpang Tiga Dekko,"Mappesangka, Kec. Ponre, Kabupaten Bone, Sulawesi Selatan 92766, Indonesia",Kabupaten Bone,Sulawesi Selatan,5000.0,Murah,https://travel.tribunnews.com/destinasi/140539/pantai-togeo-bone-sulawesi-selatan-tiket-masuk-lokasi-panduan-rute
Rimba Bitti Pandala,"Laikang, Kec. Mangarabombang, Kabupaten Takalar, Sulawesi Selatan 92261, Indonesia",Kabupaten Takalar,Sulawesi Selatan,5000.0,Murah,https://travel.tribunnews.com/2025/02/28/pantai-mangindara-takalar-sulawesi-selatan-wisata-favorit-anak-muda-untuk-sunsetan-dan-kulineran
Afand Place,"6W5H+CM, Bale, Kec. Tanantovea, Kabupaten Donggala, Sulawesi Tengah, Indonesia",Kabupaten Donggala,Sulawesi Tengah,-,-,-
Buyu Katapasa,"Buyu Katapasa, Tongku, Kec. Tojo, Kabupaten Tojo Una-Una, Sulawesi Tengah, Indonesia",Kabupaten Tojo Una-Una,Sulawesi Tengah,0,Gratis,https://travel.kompas.com/read/2025/05/20/200910127/bayar-tiket-masuk-danau-tambing-di-sulawesi-tengah-bisa-pakai-qris
Pantai Air Kiri,"PCHM+23, Matarape, Kabupaten Morowali, Sulawesi Tengah, Indonesia",Kabupaten Morowali,Sulawesi Tengah,10000.0,Sedang,https://idfirms.com/sulawesi-tengah/pantai-air-kiri-886431
PARE PARE BEACH,"Jl. Andi Isa No.3, Ujung Sabbang, Kec. Ujung, Kota Parepare, Sulawesi Selatan 91113, Indonesia",Kota Parepare,Sulawesi Selatan,5000.0,Murah,https://travel.tribunnews.com/2025/08/13/harga-tiket-masuk-pantai-ujung-batu-di-barru-sulawesi-selatan-panduan-rute-dari-makassar
Air Terjun Pattumba,"74HP+5C, Compong, Kec. Pitu Riase, Kabupaten Sidenreng Rappang, Sulawesi Selatan, Indonesia",Kabupaten Sidenreng Rappang,Sulawesi Selatan,-,-,-
autarkeia,"6VRM+57V, Urongo, Kabupaten Minahasa",Kabupaten Minahasa,Sulawesi Utara,25000.0,Mahal,https://disbudparminahasa.com/wisata-alam
Situs wisata alam,"V57F+V6F, Tombulilato, Kec. Atinggola, Kabupaten Gorontalo Utara, Gorontalo 96253, Indonesia",Kabupaten Gorontalo Utara,Gorontalo,5000.0,Murah,https://www.celebes.co/pantai-dunu-gorontalo
Malahi Beach,"FMQ9+4G2, Hangke, Tabukan Sel. Tengah, Kabupaten Kepulauan Sangihe, Sulawesi Utara, Indonesia",Kabupaten Kepulauan Sangihe,Sulawesi Utara,0.0,Gratis,https://sisparnas.kemenpar.go.id/p/70504
Pantai Sesiwung,"GF9R+H4J, Sesiwung, Kec. Manganitu, Kabupaten Kepulauan Sangihe, Sulawesi Utara, Indonesia",Kabupaten Kepulauan Sangihe,Sulawesi Utara,-,-,-
Eduwisata Aqualife UNHAS,"WJ38+75R, Bojo, Kec. Mallusetasi, Kabupaten Barru, Sulawesi Selatan 90753, Indonesia",Kabupaten Barru,Sulawesi Selatan,5000.0,Murah,https://travel.tribunnews.com/2025/08/13/harga-tiket-masuk-pantai-ujung-batu-di-barru-sulawesi-selatan-panduan-rute-dari-makassar
Pattiroang Highland Desa Barania,"Barania, Kec. Sinjai Bar., Kabupaten Sinjai, Sulawesi Selatan, Indonesia",Kabupaten Sinjai,Sulawesi Selatan,15000.0,Sedang,https://jadesta.kemenparekraf.go.id/paket/pattiroang_higland
Sungai Galaggara Pangkep,"4J4P+QW4, sungai galaggara, Kec. Balocci, Kabupaten Pangkajene Dan Kepulauan, Sulawesi Selatan, Indonesia",Kabupaten Pangkajene Dan Kepulauan,Sulawesi Selatan,25000.0,Mahal,https://seringjalan.com/5-tempat-wisata-di-pangkajene-sulawesi-selatan/
Embung Marilaleng,"Unnamed Road, XM4F+XRX, Lemoe, Kec. Bacukiki, Kota Parepare, Sulawesi Selatan 91121, Indonesia",Kota Parepare,Sulawesi Selatan,5000.0,Murah,https://travel.tribunnews.com/2025/08/13/harga-tiket-masuk-pantai-ujung-batu-di-barru-sulawesi-selatan-panduan-rute-dari-makassar
Sumur Waranie Palakka,"F7GQ+32F, Watang Palakka",Kabupaten Bone,Sulawesi Selatan,15000.0,Sedang,https://travel.detik.com/travel-news/d-7419333/taman-safari-bogor-terapkan-sistem-tiket-baru-ada-yang-lebih-murah
"Agrowisata Bonto Lojong,Ujung Bulu","Dusun Bonto Manai, Ujung Bulu, Kabupaten Jeneponto",Kabupaten Jeneponto,Sulawesi Selatan,29000.0,Mahal,https://travel.tribunnews.com/2025/04/30/agrowisata-bontolojong-di-jeneponto-sulsel-tawarkan-udara-sejuk-pemandangan-dari-ketinggian
Pantai Ujung Bantaeng,"CWG6+PGR, Jl. Poros Jeneponto Bantaeng, Empoang, Kabupaten Jeneponto",Kabupaten Bantaeng,Sulawesi Selatan,10000.0,Sedang,https://www.msn.com/id-id/travel/aktivitas-luar-ruangan/itinerary-bantaeng-1-hari-dari-jeneponto-bujet-liburan-berdua-rp-240-ribuan/ar-AA1OpJIz
Pantai Beau Sauk,"RWPM+G6M, Jl. Trans Sulawesi, Sauk, Kec. Lolak, Kabupaten Bolaang Mongondow, Sulawesi Utara, Indonesia",Kabupaten Bolaang Mongondow,Sulawesi Utara,5000.0,Murah,https://travel.tribunnews.com/destinasi/141107/jam-buka-tiket-masuk-pantai-modisi-di-bolaang-mongondow-selatan-sulawesi-utara
Paneki Tepi Teduh,"2XG6+PH2, Pombewe, Kec. Sigi Biromaru, Kabupaten Sigi, Sulawesi Tengah, Indonesia",Kabupaten Sigi,Sulawesi Tengah,0.0,Gratis,https://travel.tribunnews.com/2021/08/24/harga-tiket-masuk-mantikole-sigi-wisata-pemandian-air-panas-untuk-relaksasi-diri
"Pantai Wisata Pompon, Banggai Laut","Unnamed Road, 7GFQ+QCV, Matanga, Banggai Selatan, Banggai Laut, Central Sulawesi 94891, Indonesia",Kabupaten Banggai,Sulawesi Tengah,5000.0,Murah,https://luwukbanggaitrip.com/destinasi/pantai-pompon/
Moli'i Sahatu beach,"Jl. Ir. Soekarno, Kec. Wangi-Wangi, Kabupaten Wakatobi, Sulawesi Tenggara 93791, Indonesia",Kabupaten Wakatobi,Sulawesi Tenggara,0,Gratis,https://sisparnas.kemenpar.go.id/p/102530
Air Terjun Bantimurung Salluang,"FW85+6RW, Bonto Salluang, Kec. Bissappu, Kabupaten Bantaeng, Sulawesi Selatan 92451, Indonesia",Kabupaten Bantaeng,Sulawesi Selatan,25000.0,Mahal,https://travel.detik.com/domestic-destination/d-4510576/cantik-air-terjun-bantimurung-di-maros-menyala-warna-warni
KAPA Kawasan Agrowisata Pondok Amelia,"FR83+34J, Jl.Herman Parimo, Bayondo, Kec. Tomoni, Kabupaten Luwu Timur, Sulawesi Selatan 92972, Indonesia",Kabupaten Luwu Timur,Sulawesi Selatan,0.0,Gratis,https://www.tribunnews.com/travel/2021/10/14/eks-lahan-tambang-timah-disulap-jadi-kawasan-agrowisata-semula-gersang-berubah-jadi-asri
Air Terjun Tetewatu,"V45X+4RH, Tetewatu, Kec. Wiwirano, Kabupaten Konawe Utara, Sulawesi Tenggara 93464, Indonesia",Kabupaten Konawe Utara,Sulawesi Tenggara,5000,Murah,https://www.celebes.co/tempat-wisata-konawe-utara
Wisata Alam Lembah Tottong,"J9HF+HQ, Kunyi, Kec. Anreapi, Kabupaten Polewali Mandar, Sulawesi Barat, Indonesia",Kabupaten Polewali Mandar,Sulawesi Barat,40000.0,Mahal,https://travel.detik.com/domestic-destination/d-5800602/cuma-di-polewali-ada-laboratorium-bambu-di-tengan-hutan
Bukit Pusera,"Bukit Pusera, Bonea Makmur, Kec. Bontomanai, Kab. Kepulauan Selayar, Sulawesi Selatan, Indonesia",Kabupaten Kepulauan Selayar,Sulawesi Selatan,5000,Murah,https://travelspromo.com/htm-wisata/malino-highlands-gowa/
Air Terjun Bumbun,"RQ9X+976, Lembang Pa'buaran, Kec. Makale Sel., Kabupaten Tana Toraja, Sulawesi Selatan 91815, Indonesia",Kabupaten Tana Toraja,Sulawesi Selatan,10000.0,Sedang,https://www.detik.com/sulsel/wisata/d-7855810/8-wisata-di-tana-toraja-yang-unik-dan-bersejarah-untuk-liburan-keluarga
Pantai Tebeabul Bakalan,"P8F5+G8F, Bakalan, Tinangkung, Kabupaten Banggai Kepulauan, Sulawesi Tengah, Indonesia",Kabupaten Banggai Kepulauan,Sulawesi Tengah,2000.0,Murah,https://www.rifaihadi.com/unik-10-tempat-wisata-di-banggai-kepulauan-ini/
Puri Kahyangan Tomia,"Jl. Encik Sulaiman No.Desa, Kahiyanga, Kec. Tomia Tim., Kabupaten Wakatobi, Sulawesi Tenggara 93797, Indonesia",Kabupaten Wakatobi,Sulawesi Tenggara,-,-,-
Bukit Kanari Dan Bukit MattiroWalie,"2RM7+FV7, Baji Pamai, Kec. Cenrana, Kabupaten Maros, Sulawesi Selatan 92754, Indonesia",Kabupaten Maros,Sulawesi Selatan,15000.0,Sedang,https://travel.tribunnews.com/destinasi/141320/itinerary-maros-1-hari-bujet-rp-370-ribu-wisata-alam-estetik-bersama-pasangan
Museum Daerah Maros,"XHVF+GVW, Jl. Lanto Dg. Pasewang, Pettuadae, Kec. Turikale, Kabupaten Maros, Sulawesi Selatan 90516, Indonesia",Kabupaten Maros,Sulawesi Selatan,0.0,Gratis,https://id.wikipedia.org/wiki/Museum_Daerah_Kabupaten_Maros
LABUNGNGE BEACH,"PJ2P+62C, Jl. Moh. Said, Lampoko, Kec. Balusu, Kabupaten Barru, Sulawesi Selatan 90762, Indonesia",Kabupaten Barru,Sulawesi Selatan,0.0,Gratis,https://www.detik.com/sulsel/wisata/d-6515417/padang-indah-barru-menikmati-hamparan-bukit-hijau-yang-mempesona
Pantai Tanjung,"RM33+P52, Laut, Kotabunan, Maluku, Indonesia",Kabupaten Bulukumba,Sulawesi Selatan,5000.0,Murah,https://blog.tiket.com/pantai-tanjung-aan/
Pantai torobulu,"HC2X+QG2, Torobulu, Kabupaten Konawe Selatan, Sulawesi Tenggara, Indonesia",Kabupaten Konawe Selatan,Sulawesi Tenggara,10000.0,Sedang,https://www.kiatindonesia.com/wisata/pr-3722595304/pesona-pantai-gelora-beach-di-konawe-selatan
Tugu BRI Kolaka,"WJM5+9PF, Laloeha, Kec. Kolaka, Sulawesi Tenggara, Indonesia",Kabupaten Kolaka,Sulawesi Tenggara,10000.0,Sedang,https://www.tribunnews.com/travel/2019/09/02/mulai-september-tiket-masuk-candi-prambanan-dan-borobudur-naik
Taman Wisata Alam Kea Kea,"2HFC+QW2, Unnamed Road, Ulunggolaka, Kec. Latambaga, Kabupaten Kolaka, Sulawesi Tenggara 93514, Indonesia",Kabupaten Kolaka,Sulawesi Tenggara,5000.0,Murah,https://telisik.id/news/keunikan-dan-keasrian-taman-wisata-kea-kea-kolaka-ada-air-panas
Pantai Pasir Putih Uebutung,"4MW9+945, Tete B, Kec. Ampana Tete, Kabupaten Tojo Una-Una, Sulawesi Tengah, Indonesia",Kabupaten Tojo Una-Una,Sulawesi Tengah,2000.0,Murah,https://kupang.tribunnews.com/travel/951237/wisata-ntt-pesona-pantai-mingar-di-lembata-ntt-ini-daya-tarik-lokasi-dan-tiket-masuk
Wae pella'e,"V642+QV8, Kampala, Kec. Sinjai Tim., Kabupaten Sinjai, Sulawesi Selatan 92616, Indonesia",Kabupaten Sinjai,Sulawesi Selatan,-,-,-
Hidden Valley,"P94W+67V, Tobongon, Kabupaten Bolaang Mongondow Timur",Kabupaten Bolaang Mongondow,Sulawesi Utara,-,-,-
Pantai lalape,"FFWC+3JC, Unnamed Road, Trikora, Popayato, Kabupaten Pohuwato, Gorontalo 96467, Indonesia",Kabupaten Pohuwato,Gorontalo,-,-,-
Pantai moian,"Unnamed Road, C29W+VV5, Palapi, Kec. Taopa, Kabupaten Parigi Moutong, Sulawesi Tengah 94479, Indonesia",Kabupaten Parigi Moutong,Sulawesi Tengah,10000.0,Sedang,https://travel.tribunnews.com/2024/10/11/berkunjung-ke-pantai-moian-di-desa-palapi-taopa-parigi-moutong-sulawesi-tengah
Wisata Pemandian Bukit Meranti,"J4P5+7FV, Meranti, Kec. Tapa, Kabupaten Bone Bolango, Gorontalo 96582, Indonesia",Kabupaten Bone Bolango,Gorontalo,5000.0,Murah,https://www.tribunnews.com/travel/7774556/tiket-masuk-5-tempat-wisata-di-tegal-pantai-bukit-pemandian-taman-seru
Wisata Pantai Tersakiti,"9W7W+423, Pinolantungan, Kec. Bolaang Uki, Kabupaten Bolaang Mongondow Selatan, Sulawesi Utara, Indonesia",Kabupaten Bolaang Mongondow Selatan,Sulawesi Utara,8000.0,Murah,https://jadesta.kemenparekraf.go.id/atraksi/70431
Samalona Travel,"Jalan Samalona Selatan No.39, Tanjung Merdeka",Kota Makassar,Sulawesi Selatan,0.0,Gratis,-
SAMUDERA DIVE OPERATOR,"3R53+WPM, Jalan Imam Bonjol, Bungin",Kota Manado,Sulawesi Utara,5000.0,Murah,https://travel.kompas.com/read/2025/05/23/082000927/harga-tiket-masuk-tn-baluran-terkini-hari-kerja-dan-libur-beda
Air Terjun Pandawa,"Bonto Lerung, Kec. Tinggimoncong, Kabupaten Gowa, Sulawesi Selatan, Indonesia",Kabupaten Gowa,Sulawesi Selatan,5000.0,Murah,https://wisatarakyat.com/air-terjun-takapala-gowa-lokasi-harga-tiket-jam-buka-daya-tarik-fasilitas/
Pantai Wajo,"GR4W+WJM, Laut Banda, RW.11, Cipulir, Kby. Lama, Kota Jakarta Selatan, Daerah Khusus Ibukota Jakarta 12230, Indonesia",Kabupaten Wajo,Sulawesi Selatan,0,Gratis,https://travel.detik.com/domestic-destination/d-7703856/25-tempat-wisata-jakarta-kekinian-jam-buka-dan-harga-tiket
Bukit nane polassi,"Sulawesi Selatan 92855, Indonesia",Kabupaten Kepulauan Selayar,Sulawesi Selatan,-,-,-
Mt. Soputan,"4P7P+QXH, Noongan Tiga, Kec. Langowan Bar., Kabupaten Minahasa, Sulawesi Utara, Indonesia",Kabupaten Minahasa,Sulawesi Utara,3000.0,Murah,https://travel.kompas.com/read/2014/02/11/1437228/NaN?page=all
Bukit Savana desa lenyek,"6W49+RVX, Lauwon, Kec. Luwuk Utara, Kabupaten Banggai, Sulawesi Tengah 94752, Indonesia",Kabupaten Banggai,Sulawesi Tengah,-,-,-
WISATAKAUDUMA,"8RPJ+9R, Langkoroni, Kec. Maligano, Kabupaten Muna, Sulawesi Tenggara, Indonesia",Kabupaten Muna,Sulawesi Tenggara,-,-,-
BUKIT ANUGERAH BULO,"Bulo, Kec. Bulo, Kabupaten Polewali Mandar, Sulawesi Barat 91352, Indonesia",Kabupaten Polewali Mandar,Sulawesi Barat,10000.0,Sedang,https://travel.detik.com/domestic-destination/d-5835898/indah-nian-bukit-anugerah-di-polewali-mandar-instagramable-banget
Air Terjun Lamassua,"6QR4+7CP, di, Bonto Masunggu, Kec. Tellu Limpoe, Kabupaten Barru, Sulawesi Selatan 91671, Indonesia",Kabupaten Barru,Sulawesi Selatan,5000.0,Murah,https://travel.tribunnews.com/2025/08/13/harga-tiket-masuk-pantai-ujung-batu-di-barru-sulawesi-selatan-panduan-rute-dari-makassar
Pantai Ujung Kupang,"Q8Q4+P92, Sanjai, Kec. Sinjai Tim., Kabupaten Sinjai, Sulawesi Selatan, Indonesia",Kabupaten Sinjai,Sulawesi Selatan,2000.0,Murah,https://travel.kompas.com/read/2012/09/23/09574397/pantai-ujung-kupang-si-eksotis-dari-sinjai
Objek wisata Buntu Sarira,"XV8R+JH5, Sarira, Kec. Makale Utara, Kabupaten Tana Toraja, Sulawesi Selatan 91852, Indonesia",Kabupaten Tana Toraja,Sulawesi Selatan,5000.0,Murah,https://travel.tribunnews.com/2025/06/10/buntu-sarira-di-makale-utara-tana-toraja-wisata-bukit-estetik-di-sulawesi-selatan
Air Terjun Tapahan Telu,"9RHP+VG, Tinoor Satu, Kec. Tomohon Utara, Kota Tomohon, Sulawesi Utara, Indonesia",Kota Tomohon,Sulawesi Utara,5000.0,Murah,https://atourin.com/destination/minahasa/air-terjun-kali-pineleng
Kuntung Prof Kawung (Koreng) Minahasa Selatan,"6P72+64G, Koreng, Kec. Tareran, Kabupaten Minahasa Selatan, Sulawesi Utara, Indonesia",Kabupaten Minahasa Selatan,Sulawesi Utara,-,-,-
Pantai kapehetang,"Unnamed Road, FF5V+WRM, Nagha I, Tamako, Kabupaten Kepulauan Sangihe, Sulawesi Utara, Indonesia",Kabupaten Kepulauan Sangihe,Sulawesi Utara,-,-,-
Lindu Lake,"M3PG+45P, Danau, Kec. Lindu, Kabupaten Sigi, Sulawesi Tengah 94363, Indonesia",Kabupaten Sigi,Sulawesi Tengah,5000,Murah,https://travel.tribunnews.com/2024/11/04/harga-tiket-masuk-taman-nasional-lore-lindu-di-kabupaten-poso-sulawesi-tengah-terbaru-2024
Tanjung Gundul,"Pasir Putih, Kab. Banggai Laut, Sulawesi Tengah 94891, Indonesia",Kabupaten Banggai,Sulawesi Tengah,50000.0,Mahal,https://www.alonesia.com/pariwisata/19113923573/panduan-wisata-pantai-tanjung-gundul-surga-tersembunyi-di-sulawesi-tengah-untuk-penggemar-snorkeling
Pantai Sulaa,"Pantai Sulaa, Sulaa, Betoambari, Bau-Bau City, South East Sulawesi, Indonesia",Kota Bau-Bau,Sulawesi Tenggara,2500.0,Murah,https://travel.tribunnews.com/2020/08/01/harga-tiket-masuk-pantai-madasari-pangandaran-tempat-asyik-untuk-liburan-akhir-pekan
Gerbang Desa Wisata Tangkeno,"PWGC+RXR, Tangkeno, Kec. Kabaena Tengah, Kabupaten Bombana, Sulawesi Tenggara 93781, Indonesia",Kabupaten Bombana,Sulawesi Tenggara,0.0,Gratis,https://www.indonesia.travel/id/id/destination/sulawesi/southeast-sulawesi/tangkeno-tourism-village/
Geopark Maros Pangkep,"2MFF+2M6 Ktr. Kelurahan Leang Leang, Leang-Leang, Kec. Bantimurung, Kabupaten Maros, Sulawesi Selatan 90561, Indonesia",Kabupaten Maros,Sulawesi Selatan,15000.0,Sedang,https://travel.tribunnews.com/2025/01/22/mengunjungi-taman-arkeologi-leang-leang-di-maros-sulsel-simpan-peninggalan-manusia-purba
WAWONTULAP BEACH RESORT (WBR),"8GC8+6FG, Pantai, Wawontulap, Kec. Tatapaan, Kabupaten Minahasa Selatan, Sulawesi Utara, Indonesia",Kabupaten Minahasa Selatan,Sulawesi Utara,5000.0,Murah,https://www.detik.com/sulsel/wisata/d-6261493/taman-nasional-bunaken-pesona-bawah-laut-di-utara-sulawesi-yang-memukau
Air Terjun Maima,"93X6+HR6, Watukilo, Kec. Kulawi Sel., Kabupaten Sigi, Sulawesi Tengah 94363, Indonesia",Kabupaten Sigi,Sulawesi Tengah,10000.0,Sedang,https://travel.tribunnews.com/2024/11/04/harga-tiket-masuk-air-terjun-wera-sigi-di-sulawesi-tengah-terbaru-berlaku-mulai-30-oktober-2024
Air Terjun Kembar Morowali,"34PW+4J9, Labota, Kec. Bahodopi, Kabupaten Morowali, Sulawesi Tengah 94974, Indonesia",Kabupaten Morowali,Sulawesi Tengah,50000.0,Mahal,https://travel.detik.com/travel-news/d-8358758/rute-menuju-ke-air-terjun-bente-yang-indah-di-morowali
Wisata Alam Desa Poni-Poniki,"XV9J+XCH, Jl. Poros Kolaka - Rate-rate, Poni-Poniki, Kec. Tirawuta, Kabupaten Kolaka Timur, Sulawesi Tenggara 93572, Indonesia",Kabupaten Kolaka Timur,Sulawesi Tenggara,0.0,Gratis,https://www.acc.co.id/info-terkini/7-wisata-bahari-di-sulawesi-tenggara-surganya-keindahan-laut
WISATA BUKIT WAKOEA,"FQH2+PPM, Desa, Hendea",Kabupaten Tana Toraja,Sulawesi Selatan,25000.0,Mahal,https://regional.kompas.com/read/2022/02/27/134539778/eling-bening-obyek-wisata-di-semarang-harga-tiket-lokasi-dan-daya-tarik
Pantai Kampa,"Pantai Kampa, Banda, Sea, Kec. Kulisusu, Kabupaten Buton Utara, Sulawesi Tenggara 93672, Indonesia",Kabupaten Buton Utara,Sulawesi Tenggara,-,-,-
Diva Bahari,"Unnamed Road, 3J7J+98H, Tapulaga, Soropia, Kabupaten Konawe, Sulawesi Tenggara 93351, Indonesia",Kabupaten Konawe,Sulawesi Tenggara,5000.0,Murah,https://www.orami.co.id/magazine/wisata-bahari-di-sulawesi-tenggara
Pantai Ujung Batuatas,"QPWG+GF, Batuatas Tim., Kec. Batu Atas, Kabupaten Buton, Sulawesi Tenggara, Indonesia",Kabupaten Buton,Sulawesi Tenggara,-,-,-
Pantai Hijau Simboro,"8VH6+RR, Kec. Simboro Dan Kepulauan, Kabupaten Mamuju, Sulawesi Barat, Indonesia",Kabupaten Mamuju,Sulawesi Barat,0.0,Gratis,https://travel.kompas.com/read/2021/10/26/160721427/itinerary-3-hari-2-malam-di-mamuju-sulawesi-barat-wisata-air-terjun-tamasapi?page=all
"Bukit WALEPOSAN, Lembean","Unnamed Road, 9XCW+RGV, Paslaten, Kauditan, North Minahasa Regency, North Sulawesi, Indonesia",Kabupaten Minahasa,Sulawesi Utara,0.0,Gratis,https://indonesia.tripcanvas.co/id/sumatra/itinerary-liburan-ke-danau-toba/
D'MOANGA RESORT,"Wisata Pantai, D'MOANGA RESORT, Monano, Kec. Karamat, Kabupaten Buol, Sulawesi Tengah 94563, Indonesia",Kabupaten Buol,Sulawesi Tengah,-,-,-
"Air Terjun Tondopi, Tongkoseng","8P64+F4F, Tongkoseng, Kec. Tontonunu, Kabupaten Bombana, Sulawesi Tenggara 93773, Indonesia",Kabupaten Bombana,Sulawesi Tenggara,2000.0,Murah,https://www.celebes.co/air-terjun-tondopi-bombana
Air Terjun Rok Rok / Rayouw Kembes,"9VCM+F36, Kembes II, Kec. Tombulu, Kabupaten Minahasa, Sulawesi Utara, Indonesia",Kabupaten Minahasa,Sulawesi Utara,29000.0,Mahal,https://travel.tribunnews.com/destinasi/141157/daya-tarik-harga-tiket-masuk-air-terjun-veranomata-di-morowali-sulawesi-tengah
Air terjun Sararudi,"Wisolo, Kec. Dolo Sel., Kabupaten Sigi, Sulawesi Tengah 94362, Indonesia",Kabupaten Sigi,Sulawesi Tengah,0.0,Gratis,https://travel.tribunnews.com/2021/08/24/harga-tiket-masuk-mantikole-sigi-wisata-pemandian-air-panas-untuk-relaksasi-diri
Air terjun pelangi desa tinuna,"X4VX+QX, Tinuna, Kec. Porehu, Kabupaten Kolaka Utara, Sulawesi Tenggara, Indonesia",Kabupaten Kolaka Utara,Sulawesi Tenggara,5000.0,Murah,https://jadesta.kemenpar.go.id/atraksi/air_terjun_pelangi
Tampaure Beach,"2GW5+F8R, Tampaure, Kec. Bambaira, Kab. Pasangkayu, Sulawesi Barat 91574, Indonesia",Kabupaten Pasangkayu,Sulawesi Barat,-,-,-
Taman Laut Kolaka,"WHWQ+H3V, Sea, Kec. Latambaga, Kabupaten Kolaka, Sulawesi Tenggara, Indonesia",Kabupaten Kolaka,Sulawesi Tenggara,74000.0,Mahal,https://www.idntimes.com/travel/destination/wisata-terbaru-di-kolaka-sulawesi-utara-00-j73nz-0d0d13
Pemandian Kumaligon,"6CF5+C67, Kumaligon, Kec. Biau, Kabupaten Buol, Sulawesi Tengah 94563, Indonesia",Kabupaten Buol,Sulawesi Tengah,25000.0,Mahal,https://seringjalan.com/6-tempat-wisata-di-kabupaten-buol/
Huidu Matabulawa,"Huidu Matabulawa, Sinombayuga, Kec. Posigadan, Kabupaten Bolaang Mongondow Selatan, Sulawesi Utara, Indonesia",Kabupaten Bolaang Mongondow Selatan,Sulawesi Utara,5000.0,Murah,https://travel.tribunnews.com/destinasi/141107/jam-buka-tiket-masuk-pantai-modisi-di-bolaang-mongondow-selatan-sulawesi-utara
Tempat Wisata LOS ( Lorong Orang Sanger ),"FR69+6RC, Malalayang Satu Timur, Kota Manado",Kota Manado,Sulawesi Utara,20000.0,Mahal,https://travel.kompas.com/read/2024/10/25/204737727/citraland-waterpark-manado-harga-tiket-jam-buka-dan-lokasi
Puncak Nondooto,"JH76+R6R, Asemi Nunulai, Kec. Asera, Kabupaten Konawe Utara, Sulawesi Tenggara 93353, Indonesia",Kabupaten Konawe Utara,Sulawesi Tenggara,0.0,Gratis,https://www.acc.co.id/info-terkini/7-wisata-bahari-di-sulawesi-tenggara-surganya-keindahan-laut
STABILO CONSULTAINMENT,"Lorong 310 No.6, Mattoangin",Kabupaten Minahasa,Sulawesi Utara,5000.0,Murah,https://travel.kompas.com/read/2025/05/23/082000927/harga-tiket-masuk-tn-baluran-terkini-hari-kerja-dan-libur-beda
Air Terjun Tujua,"VPQ9+7X4, Tompobulu, Kec. Tompobulu, Kabupaten Maros, Sulawesi Selatan 90561, Indonesia",Kabupaten Maros,Sulawesi Selatan,0.0,Gratis,-
Masolo Perbatasan,"7MW2+58R, Teppo",Kabupaten Pinrang,Sulawesi Selatan,15000.0,Sedang,https://travel.detik.com/travel-news/d-7419333/taman-safari-bogor-terapkan-sistem-tiket-baru-ada-yang-lebih-murah
"Wisata Religi BUKIT DOA ""DOMADATU"" Toraja Utara","3R8Q+XFJ, Kapala Pitu, Kec. Kapala Pitu, Kabupaten Toraja Utara, Sulawesi Selatan, Indonesia",Kabupaten Toraja Utara,Sulawesi Selatan,-,-,-
Dermaga puungkoilu,"CX3Q+2XC, Dermaga, Puungkoilu, Kabupaten Morowali",Kabupaten Morowali,Sulawesi Tengah,-,-,-
Air Terjun Bondula,"RF82+76, Mohiyolo, Kec. Asparaga, Kabupaten Gorontalo, Gorontalo, Indonesia",Kabupaten Gorontalo,Gorontalo,-,-,-
Kincir Highlad Sidenreng Bersinar,"2MVR+FC, Lainungan, Kabupaten Sidenreng Rappang",Kabupaten Sidenreng Rappang,Sulawesi Selatan,-,-,-
Hesan Lowita,"Hesan Lowita, Tasiwalie, Kec. Suppa, Kabupaten Pinrang, Sulawesi Selatan 91272, Indonesia",Kabupaten Pinrang,Sulawesi Selatan,5000.0,Murah,https://liburanplus.com/wisata/sulawesi/pantai-lowita-pinrang/
Pantai Balojaha,"92855, Bontoborusu, Kec. Bontoharu, Kab. Kepulauan Selayar, Sulawesi Selatan, Indonesia",Kabupaten Kepulauan Selayar,Sulawesi Selatan,5000.0,Murah,https://travel.tribunnews.com/destinasi/140539/pantai-togeo-bone-sulawesi-selatan-tiket-masuk-lokasi-panduan-rute
DESA DEAGA,"C7JP+2XC, Deaga, Kec. Pinolosian Tengah, Kabupaten Bolaang Mongondow Selatan, Sulawesi Utara, Indonesia",Kabupaten Bolaang Mongondow Selatan,Sulawesi Utara,5000.0,Murah,https://travel.tribunnews.com/destinasi/141107/jam-buka-tiket-masuk-pantai-modisi-di-bolaang-mongondow-selatan-sulawesi-utara
Pulau Kawaluso,"68MC+P2V, Kawaluso, Kendahe, Kabupaten Kepulauan Sangihe, Sulawesi Utara, Indonesia",Kabupaten Kepulauan Sangihe,Sulawesi Utara,0,Gratis,https://travel.kompas.com/read/2021/05/04/163226127/14-wisata-bawah-laut-di-kepulauan-sangihe-ini-bikin-pangling-wisatawan
Bukit Countri,"5V87+RWH, Jalan, Salodik, Pagimana, Kabupaten Banggai, Sulawesi Tengah 94752, Indonesia",Kabupaten Banggai,Sulawesi Tengah,-,-,-
Kepala Naga,"GJV4+XJQ, Wale, Kec. Wolio, Kota Bau-Bau, Sulawesi Tenggara 93717, Indonesia",Kota Bau-Bau,Sulawesi Tenggara,10000.0,Sedang,https://jelajahpantai.com/pantai-kamali/
Puncak ghonsume,"4PQ7+5QM, Jl ir Soekarno, Ghonsume",Kabupaten Konawe,Sulawesi Tenggara,7500.0,Murah,https://www.datawisata.com/tea-bridge-gunung-mas-puncak-bogor
Dermaga Cinoki Nunu,"879J+RR3, Jl. Poros Majene - Mamuju, Kec. Sarudu, Kab. Pasangkayu, Sulawesi Barat 91573, Indonesia",Kabupaten Mamuju,Sulawesi Barat,-,-,-
Bukit Attirong,"Unnamed Road, Sogi, Kec. Maniang Pajo, Kabupaten Wajo, Sulawesi Selatan 91691, Indonesia",Kabupaten Wajo,Sulawesi Selatan,10000.0,Sedang,https://agata.id/tempat-wisata-kabupaten-wajo-yang-wajib-di-kunjungi/
Kolam Alam Limbong,"2VMJ+R9Q, kolamalamlimbong, Kec. Rantepao, Kabupaten Toraja Utara, Sulawesi Selatan 91833, Indonesia",Kabupaten Toraja Utara,Sulawesi Selatan,10000.0,Sedang,https://pergimulu.com/limbong/
Puncak 'Patulian' Tonsewer,"Unnamed Road, Pinabetengan Utara, Kec. Tompaso, Kabupaten Minahasa, Sulawesi Utara, Indonesia",Kabupaten Minahasa,Sulawesi Utara,20000.0,Mahal,https://travel.kompas.com/read/2024/11/26/090500327/bukit-tetetana-suluan-minahasa--daya-tarik-jam-buka-dan-lokasi
Wisata Alam Minahasa Sulut - Hollywood Hills Lengkoan,"PUNCAK LENGKOAN, LEILEM, Leilem, Kabupaten Minahasa, Sulawesi Utara, Indonesia",Kabupaten Minahasa,Sulawesi Utara,0.0,Gratis,https://travel.kompas.com/read/2024/03/11/222900527/4-tempat-wisata-di-sekitar-danau-tondano-sulawesi-utara
Air Terjun Pong Toding,"P273+4QR, Uluwai, Kec. Mengkendek, Kabupaten Tana Toraja, Sulawesi Selatan 91871, Indonesia",Kabupaten Tana Toraja,Sulawesi Selatan,-,-,-
Pantai Terapi Butugolu,"Unnamed Road, 3H4W+375, Botugolu, Kec. Bunobogu, Kabupaten Buol, Sulawesi Tengah 94566, Indonesia",Kabupaten Buol,Sulawesi Tengah,-,-,-
SANTORINI (Kawasan Talumolo Rindang & Indah),"G3G7+9WP, Talumolo",Kota Gorontalo,Gorontalo,12000.0,Sedang,https://kontras.id/2023/02/23/pasca-diubah-jadi-kawasan-wisata-air-dan-kuliner-talumolo-kembali-akan-diperindah/
Jembatan Kaca Bira,"9FHC+H8C, Bira, Kabupaten Bulukumba, Sulawesi Selatan, Indonesia",Kabupaten Bulukumba,Sulawesi Selatan,10000.0,Sedang,https://makassar.tribunnews.com/2024/12/17/liburan-di-bira-bulukumba-cek-tarif-masuk-dan-penginapan-selama-natal-dan-tahun-baru
Wisata Susur Sungai & Mancing Desa Talawaan Bajo,"Minaesa, Wori, Kabupaten Minahasa Utara, Sulawesi Utara, Indonesia",Kabupaten Minahasa Utara,Sulawesi Utara,29000.0,Mahal,https://travel.tribunnews.com/2025/08/22/liburan-ke-air-terjun-tunan-wisata-hidden-gem-di-minahasa-utara-sulawesi-utara
PANTAI INDAH MELONGUANE,"Kec. Melonguane, Kabupaten Kepulauan Talaud, Sulawesi Utara, Indonesia",Kabupaten Kepulauan Talaud,Sulawesi Utara,30000.0,Mahal,https://travel.tribunnews.com/2025/07/14/wisata-talaud-pesona-mata-air-pelong-pantai-aresa-surga-tersembunyi-di-ujung-sulawesi-utara
Tanjung Avanza,"9347+5VC, Jl. Trans Sulawesi, Marantale, Kec. Siniu, Kabupaten Parigi Moutong, Sulawesi Tengah 94474, Indonesia",Kabupaten Parigi Moutong,Sulawesi Tengah,-,-,-
Hutan Mangrove,"FXF6+W4X, Matansala, Kec. Bungku Tengah, Kabupaten Morowali, Sulawesi Tengah 94973, Indonesia",Kabupaten Morowali,Sulawesi Tengah,29000.0,Mahal,https://travel.tribunnews.com/destinasi/141107/jam-buka-tiket-masuk-pantai-modisi-di-bolaang-mongondow-selatan-sulawesi-utara
Water bom (Tom bung putra tunggal),"92M3+W4, Anugerah, Kec. Lantari Jaya, Kabupaten Bombana, Sulawesi Tenggara 93774, Indonesia",Kabupaten Bombana,Sulawesi Tenggara,0,Gratis,https://www.celebes.co/tempat-wisata-bombana
Kebun Raya Bulo-KRB Bukit Merdeka,"Q4HX+8MQ, Bulo, Kec. Bulo, Kabupaten Polewali Mandar, Sulawesi Barat 91353, Indonesia",Kabupaten Polewali Mandar,Sulawesi Barat,20000.0,Mahal,https://indonesia.tripcanvas.co/id/tempat-wisata-duren/
Air Terjun Botuwombato,"QVFH+6M, Molingkapoto, Kec. Kwandang, Kabupaten Gorontalo Utara, Gorontalo 96252, Indonesia",Kabupaten Gorontalo Utara,Gorontalo,5000.0,Murah,https://travel.kompas.com/read/2021/09/15/121700227/itinerary-3-hari-2-malam-di-gorontalo-wisata-ke-benteng-otanaha?page=all
Pura Agung Mandala Giri,"PFG5+88Q, Tri Rukun, Kec. Wonosari, Kabupaten Boalemo, Gorontalo 96262, Indonesia",Kabupaten Boalemo,Gorontalo,7500,Murah,https://gorontalo.jadesta.com/desa/tri_rukun
bukit patene,"WGR2+WJ5, Pabentengang, Kec. Marusu, Kabupaten Maros, Sulawesi Selatan 90552, Indonesia",Kabupaten Maros,Sulawesi Selatan,5000.0,Murah,https://superapps.kompas.com/read/4282708/6-tempat-wisata-di-maros-sulawesi-selatan-ada-taman-nasional-yang-disebut-kerajaan-kupu-kupu
Erbol,"G2PC+VQQ, Campaga, Kec. Tompobulu, Kabupaten Bantaeng, Sulawesi Selatan 92461, Indonesia",Kabupaten Bantaeng,Sulawesi Selatan,5000.0,Murah,https://www.detik.com/sulsel/wisata/d-6538932/permandian-erbol-bantaeng-wahana-fasilitas-dan-harga-tiket
Air Panas Kadidia,"R46C+685, Kadidia, Kec. Nokilalaki, Kabupaten Sigi, Sulawesi Tengah 94364, Indonesia",Kabupaten Sigi,Sulawesi Tengah,5000.0,Murah,https://travel.tribunnews.com/2021/08/24/harga-tiket-masuk-mantikole-sigi-wisata-pemandian-air-panas-untuk-relaksasi-diri
Pantai Namu,"JVJW+297, Namu, Laonti, Kabupaten Konawe Selatan, Sulawesi Tenggara 93892, Indonesia",Kabupaten Konawe Selatan,Sulawesi Tenggara,10000.0,Sedang,https://britakita.net/pantai-eksotis-desa-namu-pasir-putih-dan-birunya-pantai-manjakan-mata-wisatawan/
Pantai Pelangi,"8XRW+RCQ, Pohu, Kecamatan Rante Angin, Kabupaten Kolaka Utara, Sulawesi Tenggara 93956, Indonesia",Kabupaten Kolaka Utara,Sulawesi Tenggara,0,Gratis,https://www.idntimes.com/travel/destination/wisata-terbaru-di-kolaka-sulawesi-utara-00-j73nz-0d0d13
Goa Batuburi,Lengora,Kabupaten Bombana,Sulawesi Tenggara,10000.0,Sedang,https://hargacampur.com/harga-tiket-masuk-goa-pinus/
Pantai Tanjung,"RJ3G+RMH, Pulau, Kec. Tiworo Kepulauan, Kabupaten Muna, Sulawesi Tenggara 93761, Indonesia",Kabupaten Muna,Sulawesi Tenggara,10000,Sedang,https://www.pantainesia.com/pantai-walengkabola
Bukit Langira,"GQ2C+X3Q, Wakaokili, Kec. Sampolawa, Kabupaten Buton, Sulawesi Tenggara 93753, Indonesia",Kabupaten Buton,Sulawesi Tenggara,29000.0,Mahal,https://travel.tribunnews.com/2016/07/28/buton-sulawesi-tenggara-5-destinasi-paling-asyik-untuk-traveler
Rest area pantai sarudu,"874P+WRV, Jl. Poros Majene - Mamuju, Sarudu, Kec. Sarudu, Kab. Pasangkayu, Sulawesi Barat 91573, Indonesia",Kabupaten Mamuju,Sulawesi Barat,0.0,Gratis,-
Pantai desnel,"WFP9+PMM, Jl. Salodong, Untia, Kota Makassar",Kota Makassar,Sulawesi Selatan,5000,Murah,https://www.detik.com/sulsel/wisata/d-7319476/11-pantai-di-makassar-yang-eksotis-buat-liburan
Air Terjun Tolondo Tallu,"WPM3+Q8C, Burasia, Kec. Bittuang, Kabupaten Tana Toraja, Sulawesi Selatan 91856, Indonesia",Kabupaten Tana Toraja,Sulawesi Selatan,15000.0,Sedang,https://www.gotravelaindonesia.com/projects/tana-toraja/
Air Terjun Pong Rayun,"4WW6+3H Saludambu, Likulambe, Kec. Sa'dan, Kabupaten Toraja Utara, Sulawesi Selatan 91853, Indonesia",Kabupaten Toraja Utara,Sulawesi Selatan,15000.0,Sedang,https://www.detik.com/sulsel/wisata/d-6552181/negeri-di-atas-awan-toraja-panorama-alam-dari-ketinggian-1-300-mdpl
Bongkone Kenari,"Bongkone Kenari, Tongkeina, Kec. Bunaken, Kota Manado, Sulawesi Utara, Indonesia",Kota Manado,Sulawesi Utara,5000.0,Murah,https://travel.tribunnews.com/destinasi/141107/jam-buka-tiket-masuk-pantai-modisi-di-bolaang-mongondow-selatan-sulawesi-utara
Teluk Soropia,"4H2P+CXJ, Jalan Poros Kendari, Soropia, Kabupaten Konawe, Sulawesi Tenggara 93464, Indonesia",Kabupaten Konawe,Sulawesi Tenggara,0.0,Gratis,-
Bukit Kayangan,"HVV7+WWP, Huntulohulawa, Kec. Bongomeme, Kabupaten Gorontalo, Gorontalo 96271, Indonesia",Kabupaten Gorontalo,Gorontalo,5000.0,Murah,https://travel.kompas.com/read/2021/09/15/121700227/itinerary-3-hari-2-malam-di-gorontalo-wisata-ke-benteng-otanaha
Wisata Tanjung Pallette,"G95X+M49, Unnamed Road, Pallette, Kec. Tanete Riattang Tim., Kabupaten Bone, Sulawesi Selatan, Indonesia",Kabupaten Bone,Sulawesi Selatan,5000.0,Murah,https://www.gotravelly.com/blog/10-tempat-wisata-di-bone/
Gunung Baba Kanaan,"VV9C+FGP, Palipu, Kec. Mengkendek, Kabupaten Tana Toraja, Sulawesi Selatan 91814, Indonesia",Kabupaten Tana Toraja,Sulawesi Selatan,10000.0,Sedang,https://www.detik.com/sulsel/wisata/d-7855810/8-wisata-di-tana-toraja-yang-unik-dan-bersejarah-untuk-liburan-keluarga
Taman wisata stroberi,"GWM4+482, Dusun Dadeko Desa, Eran Batu, Kec. Buntu Batu, Kabupaten Enrekang, Sulawesi Selatan 91753, Indonesia",Kabupaten Enrekang,Sulawesi Selatan,1000.0,Murah,https://travel.detik.com/travel-news/d-7362657/bule-batal-masuk-twa-bantimurung-keberatan-tiket-mahal
Air Terjun Bembe,"QXF7+79J, La Gunturu, Kec. Lasalimu, Kabupaten Buton, Sulawesi Tenggara 93756, Indonesia",Kabupaten Buton,Sulawesi Tenggara,10000.0,Sedang,https://www.celebes.co/air-terjun-bembe-buton
Air Terjun Sarambu Masiang,"G66R+8C4, Kaladi Darussalam, Kec. Suli Bar., Kabupaten Luwu, Sulawesi Selatan 91996, Indonesia",Kabupaten Luwu,Sulawesi Selatan,0.0,Gratis,https://www.detik.com/sulsel/wisata/d-6908956/19-rekomendasi-tempat-wisata-di-luwu-utara-yang-menarik-dikunjungi
Wisata kaongkea,"Kaongkea, Kec. Ps. Wajo, Kabupaten Buton, Sulawesi Tenggara, Indonesia",Kabupaten Buton,Sulawesi Tenggara,100000.0,Mahal,https://jadesta.kemenpar.go.id/atraksi/atrkasi_wisata_alam_air_terjun_kaongkeongkea
Gapura Wisata Pantai Minanga,"Jl. Trans Sulawesi No.70, Utara, Kota Jin, Kec. Atinggola, Kabupaten Gorontalo Utara, Gorontalo 96253, Indonesia",Kabupaten Gorontalo Utara,Gorontalo,15000.0,Sedang,https://travelspromo.com/htm-wisata/pantai-teluk-asmara-malang/
"Pantai Kacinaan, Kab. Buton.","93754, Wasaga, Pasar Wajo, Buton Regency, South East Sulawesi 93754, Indonesia",Kabupaten Buton,Sulawesi Tenggara,0.0,Gratis,-
Menara Kendari,"2GF8+PV8, Korumba, Kec. Mandonga, Kota Kendari, Sulawesi Tenggara 93111, Indonesia",Kota Kendari,Sulawesi Tenggara,25000.0,Mahal,https://www.celebes.co/mantara-waterpark-kendari
Obyek Wisata Sumur Lawello,"G9GM+CCM, Pallette, Kabupaten Bone",Kabupaten Bone,Sulawesi Selatan,5000.0,Murah,https://travel.tribunnews.com/destinasi/140539/pantai-togeo-bone-sulawesi-selatan-tiket-masuk-lokasi-panduan-rute
Air terjun matapila,"76MH+J2, Abola, Kec. Lasolo, Kabupaten Konawe Utara, Sulawesi Tenggara, Indonesia",Kabupaten Konawe Utara,Sulawesi Tenggara,-,-,-
Leang Kassi,"5H7V+62C, Jl. Leangkassi, Biraeng, Kec. Minasatene, Kabupaten Pangkajene Dan Kepulauan, Sulawesi Selatan 90614, Indonesia",Kabupaten Pangkajene Dan Kepulauan,Sulawesi Selatan,-,-,-
TUGU NOL KILOMETER BONE,"F86G+JXW, Jalan Jendral Ahmad Yani, Manurunge",Kabupaten Bone,Sulawesi Selatan,0.0,Gratis,-
Danau Lurayya Kahayya,"Kindang, Kec. Kindang, Kabupaten Bulukumba, Sulawesi Selatan, Indonesia",Kabupaten Bulukumba,Sulawesi Selatan,5000.0,Murah,https://jadesta.kemenparekraf.go.id/desa/kahayya
Buntu Kandora,"Buntu Kandora, Tengan, Kec. Mengkendek, Kabupaten Tana Toraja, Sulawesi Selatan, Indonesia",Kabupaten Tana Toraja,Sulawesi Selatan,10000.0,Sedang,https://www.detik.com/sulsel/wisata/d-7855810/8-wisata-di-tana-toraja-yang-unik-dan-bersejarah-untuk-liburan-keluarga
Wisata Lirang,"G7RV+H79, Lirang, Kec. Lembeh Utara, Kota Bitung, Sulawesi Utara, Indonesia",Kota Bitung,Sulawesi Utara,5000.0,Murah,https://www.dalchaebi.me/tempat-wisata-di-bitung/
Monumen MUTIARA,"J837+JV4 Desa Gumanano, Gumamano, Kec. Mawasangka, Kabupaten Buton, Sulawesi Tenggara, Indonesia",Kabupaten Buton,Sulawesi Tenggara,2000.0,Murah,https://sultra.tribunnews.com/2024/07/27/biaya-masuk-pantai-mutiara-mawasangka-buton-tengah-sulawesi-tenggara-daftar-fasilitas-ada-jetski
Buntu Sinaji,"Buntu Sinaji, Uluway Bar., Kec. Mengkendek, Kabupaten Tana Toraja, Sulawesi Selatan, Indonesia",Kabupaten Tana Toraja,Sulawesi Selatan,0.0,Gratis,-
Pantai Tanjung Buaya,"W85M+RXC, Iyok, Kec. Bolang Itang Bar., Kabupaten Bolaang Mongondow Utara, Sulawesi Utara, Indonesia",Kabupaten Bolaang Mongondow Utara,Sulawesi Utara,5000.0,Murah,https://travel.tribunnews.com/destinasi/141107/jam-buka-tiket-masuk-pantai-modisi-di-bolaang-mongondow-selatan-sulawesi-utara
Kampung Wisata Alam Bolopaniki,"Unnamed Road, 5VMF+9R6, Toipan, Pagimana, Kabupaten Banggai, Sulawesi Tengah 94752, Indonesia",Kabupaten Banggai,Sulawesi Tengah,0,Gratis,https://www.celebes.co/bolo-paniki-banggai
Pantai Labengki Kecil,"GF7P+WRP, Labengi, Kec. Lasolo, Kabupaten Konawe Utara, Sulawesi Tenggara 93352, Indonesia",Kabupaten Konawe Utara,Sulawesi Tenggara,25000.0,Mahal,https://travel.kompas.com/read/2016/03/31/210200027/Inikah.Raja.Ampat-nya.Sulawesi.Tenggara.
Pasir panjang bakealu,"Unnamed Road, 3RQ8+WQG, Bakealu, Kec. Wakorumba Sel., Kabupaten Muna, Sulawesi Tenggara, Indonesia",Kabupaten Muna,Sulawesi Tenggara,5000,Murah,https://www.goersapp.com/blog/wisata-bahari-sulawesi-tenggara/
Air Terjun Ayuhulalo,"H862+QWW, Ayuhulalo, Kec. Tilamuta, Kabupaten Boalemo, Gorontalo 96263, Indonesia",Kabupaten Boalemo,Gorontalo,5000.0,Murah,https://travel.kompas.com/read/2020/10/08/073900527/25-wisata-gorontalo-wisata-sejarah-hingga-bertemu-hiu-paus-?page=all
Teluk Tomori,"3926+M96, Gililana, Kec. Petasia, Kabupaten Morowali, Sulawesi Tengah, Indonesia",Kabupaten Morowali,Sulawesi Tengah,0.0,Gratis,https://www.geokepo.id/id/lokasi/morowali-utara/teluk-tomori
Galesong Beach,"Q95J+63P Wisata Pantai Galesong, Tamalate, Kabupaten Takalar",Kabupaten Takalar,Sulawesi Selatan,10000.0,Sedang,https://www.armchairassociation.com/destinasi-wisata-air-takalar-beach-waterboom/
Wisata Pinus Rombeng 1,"Unnamed Road, HW9G+GXX, Bonto Lojong, Kec. Uluere, Kabupaten Bantaeng, Sulawesi Selatan 92451, Indonesia",Kabupaten Bantaeng,Sulawesi Selatan,5000.0,Murah,https://pdberger.com/jasa/jasa-travel-bantaeng
Nambo Beach,"Nambo, Kec. Abeli, Kota Kendari, Sulawesi Tenggara 93238, Indonesia",Kota Kendari,Sulawesi Tenggara,3000.0,Murah,https://travel.tribunnews.com/destinasi/141166/6-tempat-wisata-terbaik-di-kendari-sulawesi-tenggara-untuk-liburan-akhir-tahun
Tanjung Labora,"pantai tanjung kabupten, Lamorende, Kec. Tongkuno, Kabupaten Muna, Sulawesi Tenggara 93662, Indonesia",Kabupaten Muna,Sulawesi Tenggara,0.0,Gratis,-
Air terjun Kalando,"W9RF+4RH, Salulekbo, Kec. Topoyo, Kabupaten Mamuju Tengah, Sulawesi Barat 91563, Indonesia",Kabupaten Mamuju Tengah,Sulawesi Barat,0.0,Gratis,-
Pantai Duva,"5VJH+MM6, Jl. Trans Sulawesi, Mamboro, Kec. Palu Utara, Kota Palu, Sulawesi Tengah 94147, Indonesia",Kota Palu,Sulawesi Tengah,-,-,-
Benkmor camp Beringin,"6W4R+3X, Bale, Kabupaten Donggala",Kabupaten Donggala,Sulawesi Tengah,-,-,-
Anjungan Wisata Tangkeno,"PWCF+F9H, Enano, Kec. Kabaena Tengah, Kabupaten Bombana, Sulawesi Tenggara 93781, Indonesia",Kabupaten Bombana,Sulawesi Tenggara,-,-,-
Air Terjun Bahagia,"PVRF+C5C, Bulutana, Kec. Tinggimoncong, Kabupaten Gowa, Sulawesi Selatan 92174, Indonesia",Kabupaten Gowa,Sulawesi Selatan,0.0,Gratis,-
Pantai Pasir Putih,"9C88+PH, Bone Pute, Kec. Larompong Sel., Kabupaten Luwu, Sulawesi Selatan, Indonesia",Kabupaten Luwu,Sulawesi Selatan,5000.0,Murah,https://travel.tribunnews.com/2016/11/08/pantai-tanjung-bira-menjejak-di-pantai-pasir-putih-ujung-sulawesi-lihat-keunikan-lainnya
Pantai Lamalaka,"CXW8+93J, Lembang, Kec. Bantaeng, Kabupaten Bantaeng, Sulawesi Selatan 92415, Indonesia",Kabupaten Bantaeng,Sulawesi Selatan,14000.0,Sedang,https://beautyofindonesia.com/id/wisata/wisata-alam/pantai-lamalaka
Objek Wisata Tulaklangi Talion,"VQR6+H9J, Sarapeang, Kabupaten Tana Toraja",Kabupaten Tana Toraja,Sulawesi Selatan,10000.0,Sedang,https://www.detik.com/sulsel/wisata/d-7855810/8-wisata-di-tana-toraja-yang-unik-dan-bersejarah-untuk-liburan-keluarga
Pantai Tumbak,"XVCG+34Q, Unnamed Road, Tumbak Madani, Pusomaen, Kabupaten Minahasa Tenggara, Sulawesi Utara 95997, Indonesia",Kabupaten Minahasa Tenggara,Sulawesi Utara,5000.0,Murah,https://travels.id/wisata-pulau-baling-baling-tumbak/
Air Terjun Ambang II,"W44H+HGP, Ambang II, Kec. Bolaang Tim., Kabupaten Bolaang Mongondow, Sulawesi Utara, Indonesia",Kabupaten Bolaang Mongondow,Sulawesi Utara,5000.0,Murah,https://travel.tribunnews.com/destinasi/141107/jam-buka-tiket-masuk-pantai-modisi-di-bolaang-mongondow-selatan-sulawesi-utara
Wisata Tanjung api,"5JPC+VW, Labuan, Kabupaten Tojo Una-Una, Sulawesi Tengah, Indonesia",Kabupaten Tojo Una-Una,Sulawesi Tengah,10000,Sedang,https://www.visitsulteng.id/destinasi/kabupaten-tojo-una-una/tanjung-api
Kolam Renang Mendatte Park,"GQGX+F8H, Mandatte, Kec. Anggeraja, Kabupaten Enrekang, Sulawesi Selatan 91752, Indonesia",Kabupaten Enrekang,Sulawesi Selatan,5000.0,Murah,https://travel.kompas.com/read/2024/01/18/130100327/aktivitas-seru-di-mendatte-park-sulawesi-selatan-camping-hingga-hiking
Pegunungan Latimojong,"Pegunungan Latimojong, Pajang, Kec. Latimojong, Kabupaten Luwu, Sulawesi Selatan, Indonesia",Kabupaten Luwu,Sulawesi Selatan,20000.0,Mahal,https://www.geokepo.id/id/lokasi/luwu/kawasan-wisata-latimojong
Pantai Lilito,"3377+F76, Lilito, Paleleh, Kabupaten Buol, Sulawesi Tengah, Indonesia",Kabupaten Buol,Sulawesi Tengah,5000.0,Murah,https://jadesta.kemenparekraf.go.id/paket/paket_wisata_bahari_desa_lilito
TAMAN PUNCAK AHUAWALI,"X442+G62, Ahuawali, Kec. Puriala, Kabupaten Konawe, Sulawesi Tenggara, Indonesia",Kabupaten Konawe,Sulawesi Tenggara,10000,Sedang,https://www.celebes.co/puncak-ahuawali-konawe
Permandian Iwoi Wanggu,"WCMR+7V7, Konda Satu, Kec. Ranomeeto, Kabupaten Konawe Selatan, Sulawesi Tenggara, Indonesia",Kabupaten Konawe Selatan,Sulawesi Tenggara,3000.0,Murah,https://jambi.tribunnews.com/2018/06/09/tempat-wisata-baru-di-tebo-permandian-air-panas-sungai-bengkal-ini-harga-tiket-masuk
Wisata Buntu Pasang Palopo,"X596+8HM, Peta, Kec. Sendana, Kota Palopo, Sulawesi Selatan 91959, Indonesia",Kota Palopo,Sulawesi Selatan,5000.0,Murah,https://makassar.tribunnews.com/travel/1823173/buntu-pasang-palopo-destinasi-wisata-baru-dengan-panorama-kota-dari-ketinggian
Wisata Pantai Biontong,"Wisata Pantai Biontong, Biontong I, Kec. Bolang Itang Tim., Kabupaten Bolaang Mongondow Utara, Sulawesi Utara, Indonesia",Kabupaten Bolaang Mongondow Utara,Sulawesi Utara,5000.0,Murah,https://travel.tribunnews.com/destinasi/141107/jam-buka-tiket-masuk-pantai-modisi-di-bolaang-mongondow-selatan-sulawesi-utara
Negri Atas Awan MARANO,"827X+4X4, Sinyonyoi, Kec. Kalukku, Kabupaten Mamuju, Sulawesi Barat 91511, Indonesia",Kabupaten Mamuju,Sulawesi Barat,-,-,-
Rekreasi Pantai Palu,"4VFC+PG2, Talise, Kota Palu, Sulawesi Tengah, Indonesia",Kota Palu,Sulawesi Tengah,5000.0,Murah,https://www.oyorooms.com/travel-guide/id/tempat-wisata-palu/
Pantai Pasir putih,"8M93+2CW, Bonto Sunggu, Kabupaten Jeneponto",Kabupaten Jeneponto,Sulawesi Selatan,0.0,Gratis,https://sisparnas.kemenpar.go.id/p/52283
Pantai Komearate,"Pantai Komearate, Kamaru, Kec. Lasalimu, Kabupaten Buton, Sulawesi Tenggara 93756, Indonesia",Kabupaten Buton,Sulawesi Tenggara,-,-,-
Kopdargab Foi#sulselbar,"QH93+2XV, Jalan Poros Bollangi, Timbuseng",Kota Tomohon,Sulawesi Utara,0.0,Gratis,https://travel.kompas.com/read/2026/03/14/171108927/harga-tiket-masuk-taman-safari-bogor-selama-libur-lebaran-2026
Air terjun pesa 1001 tangga ondo ondolu,"QFW8+MC, Tolando, Kec. Batui, Kabupaten Banggai, Sulawesi Tengah, Indonesia",Kabupaten Banggai,Sulawesi Tengah,-,-,-
Benteng Lipu Kulisusu,"658H+JRF, Jl. Keraton, Bangkudu, Kec. Kulisusu, Kabupaten Buton Utara, Sulawesi Tenggara 93672, Indonesia",Kabupaten Buton Utara,Sulawesi Tenggara,-,-,-
Lego Lego Sarrea,"TABBUAKANG DESA KAHAYYA, Kindang, Kec. Kindang, Kabupaten Bulukumba, Sulawesi Selatan 92517, Indonesia",Kabupaten Bulukumba,Sulawesi Selatan,-,-,-
"Pantai Salise ,Lembeh Utara Kota Bitung","Motto, Kec. Lembeh Utara, Kota Bitung, Sulawesi Utara, Indonesia",Kota Bitung,Sulawesi Utara,10000.0,Sedang,https://www.celebes.co/pantai-salise-bitung
Rea Camping Ground,"Tabolang, Kec. Topoyo, Kabupaten Mamuju, Sulawesi Barat, Indonesia",Kabupaten Mamuju,Sulawesi Barat,-,-,-
PUNCAK UHAI SIBALI Bulo,"Q5C7+WV9, Bulo, Kec. Bulo, Kabupaten Polewali Mandar, Sulawesi Barat 91353, Indonesia",Kabupaten Polewali Mandar,Sulawesi Barat,25000.0,Mahal,https://makassar.tribunnews.com/2020/09/03/ada-festival-musik-alam-wisata-uhai-sibali-bulo-di-polman-dipadati-pengunjung
Wisata Hungayono,"G74R+3H9, Tulabolo, Kec. Suwawa Tim., Kabupaten Bone Bolango, Gorontalo 96584, Indonesia",Kabupaten Bone Bolango,Gorontalo,5000.0,Murah,https://travel.kompas.com/read/2021/09/15/121700227/itinerary-3-hari-2-malam-di-gorontalo-wisata-ke-benteng-otanaha?page=all
Pantai Cempae,"Unga Jalan Petta Unga, Watang Soreang, Kec. Soreang, Kota Parepare, Sulawesi Selatan 91132, Indonesia",Kota Parepare,Sulawesi Selatan,1500.0,Murah,https://www.detik.com/sulsel/wisata/d-6594141/23-objek-wisata-di-parepare-mulai-pesona-alam-hingga-situs-sejarah
Air Terjun Kaba Kaba,"CJWV+5FP, Rajang, Kec. Lembang, Kabupaten Pinrang, Sulawesi Selatan 91254, Indonesia",Kabupaten Pinrang,Sulawesi Selatan,5000.0,Murah,https://www.detik.com/sulsel/wisata/d-6896501/25-rekomendasi-objek-wisata-di-kabupaten-pinrang-untuk-liburan
Air terjun mawulelen pinaras,"7QWW+GJP, Jalan krois, Pinaras, Kec. Tomohon Sel., Kota Tomohon, Sulawesi Utara, Indonesia",Kota Tomohon,Sulawesi Utara,5000.0,Murah,https://travel.tribunnews.com/destinasi/140799/itinerary-tomohon-1-hari-bujet-rp-580-ribu-untuk-2-orang-dari-medan-wisata-alam-religi
Air terjun Timbukar (Sapa),"7PVC+6RH, Timbukar, Kec. Sonder, Kabupaten Minahasa, Sulawesi Utara, Indonesia",Kabupaten Minahasa,Sulawesi Utara,-,-,-
Bendungan desa busato,"V5F7+Q9V, Busato, Kec. Pinogaluman, Kabupaten Bolaang Mongondow Utara, Sulawesi Utara 96253, Indonesia",Kabupaten Bolaang Mongondow Utara,Sulawesi Utara,-,-,-
Patung Buaya Palu,"Jl. Kp. Nelayan No.99, Talise, Kec. Mantikulore, Kota Palu, Sulawesi Tengah 94118, Indonesia",Kota Palu,Sulawesi Tengah,50000.0,Mahal,https://www.kompas.com/tren/read/2022/02/10/140000465/saat-penyelamatan-buaya-berkalung-ban-di-palu-disoroti-media-asing-?page=all
Menara Pandang Paralayang Wayu,"3R28+32P, Wayu, Kabupaten Sigi",Kabupaten Sigi,Sulawesi Tengah,6000.0,Murah,https://jadesta.kemenpar.go.id/desa/paralayang_wayu
PADANG MOLARA,"Q488+79, Lalomerui, Kec. Wiwirano, Kabupaten Konawe Utara, Sulawesi Tenggara, Indonesia",Kabupaten Konawe Utara,Sulawesi Tenggara,0.0,Gratis,https://travel.tribunnews.com/destinasi/141416/harga-tiket-paddle-board-di-pantai-anggalo-konawe-untuk-liburan-akhir-tahun
Wisata Gn. Soputan,"4P66+H73, Kota Menara, Kec. Silian Raya, Kabupaten Minahasa Tenggara, Sulawesi Utara, Indonesia",Kabupaten Minahasa Tenggara,Sulawesi Utara,15000.0,Sedang,https://superapps.kompas.com/read/1041530/harga-tiket-masuk-mountain-breeze-wisata-malam-di-bandung-yang-suguhkan-suasana-romantis
Pattiro Lappaloang,"Maleni, Kabupaten Donggala",Kabupaten Donggala,Sulawesi Tengah,10000.0,Sedang,https://www.idntimes.com/travel/destination/rute-lokasi-dan-tipsnya-pusat-laut-donggala-00-819v4-zqbfn6
Pantai Tanjung Molinow,"5FP3+FQ8, Molinow, Kec. Tenga, Kabupaten Minahasa Selatan, Sulawesi Utara, Indonesia",Kabupaten Minahasa Selatan,Sulawesi Utara,2000.0,Murah,https://jadesta.kemenparekraf.go.id/atraksi/pemandangan_pantai_molinow
Air Terjun Likunggavali,"9374+979, Uevolo, Kec. Siniu, Kabupaten Parigi Moutong, Sulawesi Tengah 94474, Indonesia",Kabupaten Parigi Moutong,Sulawesi Tengah,5000.0,Murah,https://www.celebes.co/tempat-wisata-parigi-moutong
Pantai Karosondaya,"XG4M+77W, Tambu, Kec. Sausu, Kabupaten Parigi Moutong, Provinsi Sulawesi Tengah, Indonesia",Kabupaten Parigi Moutong,Sulawesi Tengah,10000.0,Sedang,https://www.gemasulawesi.com/id/daerah/655/traveling-wajib-kunjungi-wisata-pantai-karosondaya-di-parigi-moutong
Pelabuhan loji,"55QH+6R, Loji",Kabupaten Bombana,Sulawesi Tenggara,2000.0,Murah,https://tempat.info/pantai-pelabuhan-ratu/
Bukit Amdn Poso,"4R2Q+8M7, Jl. Trans Sulawesi, Petiro, Kec. Pamona Tim., Kabupaten Poso, Sulawesi Tengah 94664, Indonesia",Kabupaten Poso,Sulawesi Tengah,3000.0,Murah,https://tempatwisataseru.com/danau-poso-danau-pasir-putih-indah-di-sulawesi-tengah/
Pantai Bongo,"FF6M+83H, Bone Baru, Banggai Utara, Kab. Banggai Laut, Sulawesi Tengah 94891, Indonesia",Kabupaten Banggai,Sulawesi Tengah,0,Gratis,https://kumparan.com/jendela-dunia/pantai-labobo-buton-tengah-destinasi-wisata-bahari-memukau-di-sulawesi-tengara-22aerDascvK
"Bukit ASA, Babo Anjam, Tolitoli, Sulteng","WRXC+Q6C, Tinading, Kec. Lampasio, Kabupaten Toli-Toli, Sulawesi Tengah 94517, Indonesia",Kabupaten Toli-Toli,Sulawesi Tengah,-,-,-
Pantai Sausumangka,"P73G+JC, Balobone, Kec. Mawasangka, Kabupaten Buton, Sulawesi Tenggara, Indonesia",Kabupaten Buton,Sulawesi Tenggara,5000.0,Murah,https://www.goersapp.com/blog/wisata-bahari-sulawesi-tenggara/
Tanjung Losa (Bikini Bottom),"8Q2H+FGQ, Labuang Rano, Kec. Tapalang Bar., Kabupaten Mamuju, Sulawesi Barat 91352, Indonesia",Kabupaten Mamuju,Sulawesi Barat,20000.0,Mahal,https://wisedameapp.com/destinasi-6-tempat-wisata-mamuja-sulawesi-barat-yang-wajib-dikunjungi/
Wisata air terjun Bambatunu Kalukunangka,"2G2Q+GW, Kaluku Nangka, Kec. Bambaira, Kab. Pasangkayu, Sulawesi Barat, Indonesia",Kabupaten Pasangkayu,Sulawesi Barat,-,-,-
Air Terjun To' Sarambu,"Sumpia, 3VC5+QFR, Embatau, Kec. Tikala, Kabupaten Toraja Utara, Sulawesi Selatan 91854, Indonesia",Kabupaten Toraja Utara,Sulawesi Selatan,10000.0,Sedang,https://www.pesisir.net/air-terjun-sarambu-tana-toraja
Situs Sejarah Ratu Oki,"2MR8+RXF, Kali, Kec. Tombatu, Kabupaten Minahasa Tenggara, Sulawesi Utara, Indonesia",Kabupaten Minahasa Tenggara,Sulawesi Utara,2000.0,Murah,https://minahasaku.blogspot.com/2011/07/ratu-oki-di-desa-kali-tombatu.html
Pasir Putih,"4MG9+M22, Tete B, Kec. Ampana Tete, Kabupaten Tojo Una-Una, Sulawesi Tengah, Indonesia",Kabupaten Tojo Una-Una,Sulawesi Tengah,0,Gratis,https://parepos.co.id/berita/travel/danau-poso/
Goa moko,"FHCC+WHF, Sulaa, Kec. Betoambari, Kota Bau-Bau, Sulawesi Tenggara 93721, Indonesia",Kota Bau-Bau,Sulawesi Tenggara,20000,Mahal,https://www.dalchaebi.me/goa-moko/
Pantai Panggulawu,"6CQW+J26, Panggulawu, Kec. Sawa, Kabupaten Konawe Utara, Sulawesi Tenggara, Indonesia",Kabupaten Konawe Utara,Sulawesi Tenggara,5000.0,Murah,https://www.celebes.co/tempat-wisata-konawe-utara
Bukit Sukun Bhayangkara 78,"9R7J+67, Bulutakkang, Rangas, Simboro Dan Kepulauan, Mamuju Regency, West Sulawesi, Indonesia",Kabupaten Mamuju,Sulawesi Barat,-,-,-
Wisata Alam & Kolam Renang WAE TUO TEMBO'E,"Unnamed Road, 92552, Bonto Minasa, Kec. Bulukumpa, Kabupaten Bulukumba, Sulawesi Selatan 92552, Indonesia",Kabupaten Bulukumba,Sulawesi Selatan,3000.0,Murah,https://bicarabaik.jawapos.com/pariwisata/365879686/wisata-kolam-renang-wae-hongkong-kembali-dibuka-angin-segar-untuk-rekreasi-keluarga-di-desa-kambuno
Luak Hutan Mangrove Kotabunan Selatan,"Kotabunan, Kabupaten Bolaang Mongondow Timur, Sulawesi Utara, Indonesia",Kabupaten Bolaang Mongondow Timur,Sulawesi Utara,5000.0,Murah,https://travel.tribunnews.com/destinasi/141107/jam-buka-tiket-masuk-pantai-modisi-di-bolaang-mongondow-selatan-sulawesi-utara
Pantai To Bolo Lia,"7MR9+M4V, Towale, Kec. Banawa Tengah, Kabupaten Donggala, Sulawesi Tengah 94351, Indonesia",Kabupaten Donggala,Sulawesi Tengah,1000.0,Murah,https://travel.detik.com/cerita-perjalanan/d-5406040/menyusuri-donggala-kota-tua-di-ujung-teluk-palu
Puncak lakampufu,"Kondongia, Kec. Lohia, Kabupaten Muna, Sulawesi Tenggara, Indonesia",Kabupaten Muna,Sulawesi Tenggara,46000.0,Mahal,https://www.detik.com/sulsel/berita/d-8245146/jadwal-harga-tiket-kapal-feri-rute-bira-sulawesi-tenggara-desember-2025
Wisata kasiono oe,"4HG5+6HH, Lapadaku, Kec. Lawa, Kabupaten Muna, Sulawesi Tenggara 93652, Indonesia",Kabupaten Muna,Sulawesi Tenggara,5000.0,Murah,https://wisatago.com/pulau-muna/
Air Terjun Salo Rumpala,"Bar.,, R26M+F2M, Bonto Salama, Kec. Sinjai Bar., Kabupaten Sinjai, Sulawesi Selatan 92653, Indonesia",Kabupaten Sinjai,Sulawesi Selatan,0,Gratis,https://www.celebes.co/tempat-wisata-sinjai
"Bukit Tinggi Beach (Kakas,Minahasa)","3X75+XV9, Barat, Bukit Tinggi, Kec. Kakas, Kabupaten Minahasa, Sulawesi Utara, Indonesia",Kabupaten Minahasa,Sulawesi Utara,5000.0,Murah,https://atourin.com/destination/minahasa/pantai-tanjung-tumpaan
Danau Bunong,"PJH4+M93, Togid, Kec. Tutuyan, Kabupaten Bolaang Mongondow Timur, Sulawesi Utara, Indonesia",Kabupaten Bolaang Mongondow Timur,Sulawesi Utara,10000.0,Sedang,https://travelspromo.com/htm-wisata/danau-batur-bangli/
Taman Bukit Kaluku,"GHMP+CRJ, Bone-Bone, Batupoara, Kota Bau-Bau, Sulawesi Tenggara 93712, Indonesia",Kota Bau-Bau,Sulawesi Tenggara,0.0,Gratis,https://kelaswisata.id/wisata-di-sulawesi-tenggara/
Masalili Hilltop,"4MJJ+W2C, Masalili, Kabupaten Muna",Kabupaten Muna,Sulawesi Tenggara,5000.0,Murah,https://www.celebes.co/puncak-masalili-muna
WAM(wisata Air Meronga),"J49V+MVF, Meronga Raya, Lalembuu, Kabupaten Konawe Selatan, Sulawesi Tenggara 93885, Indonesia",Kabupaten Konawe Selatan,Sulawesi Tenggara,5000.0,Murah,https://lenterasultra.com/web/2019/01/10/wisata-air-meronga-gerakan-ekonomi-masyarakat-konsel/
Wisata Batu Kembar,"CGG5+652, Patoloan, Kec. Bone-Bone, Kabupaten Luwu Utara, Sulawesi Selatan 91966, Indonesia",Kabupaten Luwu Utara,Sulawesi Selatan,0.0,Gratis,https://www.detik.com/sulsel/wisata/d-6908956/19-rekomendasi-tempat-wisata-di-luwu-utara-yang-menarik-dikunjungi
Wisata Bahari Batu Beranak,"GM57+8RJ, Polewali, Kec. Lainea, Kabupaten Konawe Selatan, Sulawesi Tenggara 93881, Indonesia",Kabupaten Konawe Selatan,Sulawesi Tenggara,5000.0,Murah,https://www.orami.co.id/magazine/wisata-bahari-di-sulawesi-tenggara
Dusun Burau Pantai,"9M4Q+R27, Burau Pantai, Kec. Burau, Kabupaten Luwu Timur, Sulawesi Selatan, Indonesia",Kabupaten Luwu Timur,Sulawesi Selatan,5000.0,Murah,https://www.tribunnews.com/travel/2016/12/21/wisata-luwu-timur-pantai-lemo-burau-kini-ada-tamannya
Air Terjun Kaongkeongkea,"GPPX+QCV, Bau-Bau - Ambon, Wakaokili, Kec. Ps. Wajo, Kabupaten Buton, Sulawesi Tenggara 93757, Indonesia",Kabupaten Buton,Sulawesi Tenggara,-,-,-
Puncak Timbu Dama',"39P8+MM, Mambuliling, Kec. Mamasa, Kabupaten Mamasa, Sulawesi Barat 91362, Indonesia",Kabupaten Mamasa,Sulawesi Barat,-,-,-
AIR TERJUN & PANDAI BESI BARUTTUNG,"V6P4+2JC, Alehanuae, Kec. Sinjai Utara, Kabupaten Sinjai, Sulawesi Selatan 92613, Indonesia",Kabupaten Sinjai,Sulawesi Selatan,5000.0,Murah,https://www.pesisir.net/air-terjun-baruttung-bone
Skyland Bolonglangi',"WGR8+29, Bontomarannu, Kab. Kepulauan Selayar",Kabupaten Kepulauan Selayar,Sulawesi Selatan,35000.0,Mahal,https://www.britakan.com/pariwisata/2008467146/wisata-viral-malang-skyland-bakal-gelar-soft-opening-21-april-2023
Puncak Buah D'88,"7VP7+7M3 Perkebunan Patuwa, Tataaran Dua, Kabupaten Minahasa",Kabupaten Minahasa,Sulawesi Utara,0.0,Gratis,https://travel.kompas.com/read/2024/11/18/201500927/aer-konde-ratahan-minahasa--harga-tiket-lokasi-dan-jam-buka
Tompa One Hidden Beach,"4H3M+RM, Soropia, Kabupaten Konawe",Kabupaten Konawe,Sulawesi Tenggara,10000.0,Sedang,https://wisata.konawekab.go.id/wisata/5
Wisata Permandian Koke,"4GRM+MP8, Latugho, Kec. Lawa, Kabupaten Muna, Sulawesi Tenggara 93652, Indonesia",Kabupaten Muna,Sulawesi Tenggara,10000.0,Sedang,https://travel.tribunnews.com/2020/07/14/harga-tiket-masuk-alas-harum-bali-tempat-wisata-instagramable-dengan-wahana-ekstrem
Pantai Botubarani,"F3JP+QG8, Botubarani, Kec. Kabila Bone, Kabupaten Bone Bolango, Gorontalo 96111, Indonesia",Kabupaten Bone Bolango,Gorontalo,3000.0,Murah,https://travel.tribunnews.com/2024/09/01/tarif-snorkeling-dan-diving-ketemu-hiu-paus-gorontalo-harga-di-bawah-rp-100-ribu
New Sampulungan Beach,"Q92H+2X8, Jl. Nelayan, Sampulungan Ca, di, Tamalate, Kabupaten Takalar",Kabupaten Takalar,Sulawesi Selatan,-,-,-
TAMAN WISATA BUMDES BERKAH BERSAMA,"Bontobaddo, Kalebarembeng, Kabupaten Gowa",Kabupaten Gowa,Sulawesi Selatan,15000,Sedang,https://travel.kompas.com/read/2024/11/06/200200127/wisata-kebun-gowa--lokasi-jam-buka-dan-harga-tiket-masuk
Rest Area Puncak Tikungan,"Unnamed Road, HMWJ+JJQ, Ogobayas, Mepanga, Kabupaten Parigi Moutong, Sulawesi Tengah 94552, Indonesia",Kabupaten Parigi Moutong,Sulawesi Tengah,-,-,-
Bahomoumpa waterfall,"4773+68C, Puungkeu, Kec. Bungku Sel., Kabupaten Morowali, Sulawesi Tengah 94974, Indonesia",Kabupaten Morowali,Sulawesi Tengah,12000.0,Sedang,https://www.insulteng.id/wisata/41615733659/bikin-speechless-objek-wisata-air-terjun-yang-lagi-viral-di-morowali-bikin-kamu-lupa-pulang-yuk-intip-lokasinya-di-sini
Wantopi Beach,"Wantopi Beach, Wantopi, East Mawasangka, Buton Regency, South East Sulawesi 93762, Indonesia",Kabupaten Buton,Sulawesi Tenggara,0,Gratis,https://www.celebes.co/pantai-wantopi-buton-tengah
Bulu Tondongkarambu,"Bulu Tondongkarambu, Gattareng, Kec. Pujananting, Kabupaten Barru, Sulawesi Selatan, Indonesia",Kabupaten Barru,Sulawesi Selatan,35000.0,Mahal,https://tempatwisataseru.com/objek-wisata-diana-waterpark-tiket-fasilitas-wahana/
Wisata Pemandian Alam Barukku,"63R5+5VF, Batu, Kec. Pitu Riase, Kabupaten Sidenreng Rappang, Sulawesi Selatan 91691, Indonesia",Kabupaten Sidenreng Rappang,Sulawesi Selatan,-,-,-
"Mata air Bura-bura, Matano","G6V8+F9Q, Danau, Kec. Nuha, Kabupaten Luwu Timur, Sulawesi Selatan 92983, Indonesia",Kabupaten Luwu Timur,Sulawesi Selatan,15000.0,Sedang,https://www.tribunnews.com/travel/2014/11/13/danau-matano-di-luwu-timur-sulsel-danau-terdalam-se-asia-tenggara-ini-rute-menuju-lokasi
Binuanga Tracking Mangrove,"Unnamed Road, VCWG+25R, Binuanga, Kec. Bolang Itang Tim., Kabupaten Bolaang Mongondow Utara, Sulawesi Utara, Indonesia",Kabupaten Bolaang Mongondow Utara,Sulawesi Utara,5000.0,Murah,https://www.zonabmr.com/2020/11/09/mangrove-tracking-binuanga-alternatif-liburan-akhir-pekan/
Pantai Apes,"JF4J+74C, Apeng Sembeka, Kec. Tahuna, Kabupaten Kepulauan Sangihe, Sulawesi Utara, Indonesia",Kabupaten Kepulauan Sangihe,Sulawesi Utara,10000,Sedang,https://www.lupalibur.com/tempat-wisata-kepulauan-sangihe
Bukit Kelor,"XWXR+QFC, Upt Lembah Palu, Kec. Sigi Biromaru, Kabupaten Sigi, Sulawesi Tengah 94364, Indonesia",Kabupaten Sigi,Sulawesi Tengah,0.0,Gratis,https://travel.tribunnews.com/2021/08/24/harga-tiket-masuk-mantikole-sigi-wisata-pemandian-air-panas-untuk-relaksasi-diri
Permandian Baru,"2JC8+28, Bungkutoko",Kabupaten Bantaeng,Sulawesi Selatan,20000.0,Mahal,https://www.pancurajipost.com/2025/08/review-permandian-air-panas-mahkota-dondang-kukar.html
Pantai Wanua Ndoke,"Unnamed Road, 46Q6+3M4, Bonelipu, Kec. Kulisusu, Kabupaten Buton Utara, Sulawesi Tenggara 93672, Indonesia",Kabupaten Buton Utara,Sulawesi Tenggara,40000,Mahal,https://tempatwisataseru.com/wisata-hits-pantai-di-medan-sumatera-utara/
Benteng Nata,"6WWX+8MW, Jl. Encik Sulaiman, Kahiyanga, Kec. Tomia Tim., Kabupaten Wakatobi, Sulawesi Tenggara 93797, Indonesia",Kabupaten Wakatobi,Sulawesi Tenggara,44000.0,Mahal,https://www.antaranews.com/berita/401810/wakatobi-miliki-potensi-pariwisata-cukup-besar
Desa Wisata Rammang-rammang,"Salenrang, Rammang-rammang, Kabupaten Maros, Sulawesi Selatan 90554, Indonesia",Kabupaten Maros,Sulawesi Selatan,2500.0,Murah,https://blog.agendakota.id/2024/12/13/eksplorasi-keindahan-alam-sulawesi-selatan-di-liburan-akhir-tahun-temukan-surga-tersembunyi/
Kabupaten sinjai,"V7H4+22G, Balangnipa",Kabupaten Sinjai,Sulawesi Selatan,5000.0,Murah,https://travel.tribunnews.com/2024/10/27/harga-tiket-masuk-fafaliang-waterpark-wisata-air-di-desa-panaikang-sinjai-timur-sinjai-sulsel
Wisata Alam Pa' Baladoan,"2HXG+RMW, Kadundung, Kec. Masanda, Kabupaten Tana Toraja, Sulawesi Selatan 91856, Indonesia",Kabupaten Tana Toraja,Sulawesi Selatan,29000.0,Mahal,https://travel.tribunnews.com/2025/09/16/wisata-alam-surga-tersembunyi-rante-kalua-di-sanggalla-selatan-tana-toraja-sulawesi-selatan
Desa Wisata Pinus Pa'tengko,"QV2W+7W, Patengko, Kec. Mengkendek, Kabupaten Tana Toraja, Sulawesi Selatan, Indonesia",Kabupaten Tana Toraja,Sulawesi Selatan,3000.0,Murah,https://ketikmedia.com/wisata/wisata-di-sulawesi/wisata-pinus-patengko
LORONG PERMANDIAN UELANTI,"HQWW+MJ3, Jl. Trans Sulawesi, Kasintuwu, Kec. Mangkutana, Kabupaten Luwu Timur, Sulawesi Selatan 92973, Indonesia",Kabupaten Luwu Timur,Sulawesi Selatan,5000.0,Murah,https://superapps.kompas.com/read/4282708/6-tempat-wisata-di-maros-sulawesi-selatan-ada-taman-nasional-yang-disebut-kerajaan-kupu-kupu
Air Terjun Wolinow,"3FW5+GMV, Makasili, Kec. Kumelembuai, Kabupaten Minahasa Selatan, Sulawesi Utara, Indonesia",Kabupaten Minahasa Selatan,Sulawesi Utara,-,-,-
Desa Boyong Pante,"485V+XH6, Jl. Trans Sulawesi, Boyonpante, Kec. Sinonsayang, Kabupaten Minahasa Selatan, Sulawesi Utara, Indonesia",Kabupaten Minahasa Selatan,Sulawesi Utara,0.0,Gratis,https://travel.kompas.com/read/2024/11/18/201500927/aer-konde-ratahan-minahasa--harga-tiket-lokasi-dan-jam-buka
Teratai Putih,"W73V+34W, Talaga Tomoagu, Kec. Bolang Itang Bar., Kabupaten Bolaang Mongondow Utara, Sulawesi Utara, Indonesia",Kabupaten Bolaang Mongondow Utara,Sulawesi Utara,5000.0,Murah,https://travel.tribunnews.com/destinasi/141107/jam-buka-tiket-masuk-pantai-modisi-di-bolaang-mongondow-selatan-sulawesi-utara
Pantai Wisata Maponu,"3GFF+4CR, Maponu, Kec. Sarjo, Kab. Pasangkayu, Sulawesi Barat 91574, Indonesia",Kabupaten Pasangkayu,Sulawesi Barat,0,Gratis,https://balioh.com/pantai-babana-mateng-harga-tiket-masuk-lokasi-fasilitas/
Wisata Mangrove Tofuti,"CXQH+G55, Tofuti, Kabupaten Morowali",Kabupaten Morowali,Sulawesi Tengah,29000.0,Mahal,https://travel.tribunnews.com/destinasi/141157/daya-tarik-harga-tiket-masuk-air-terjun-veranomata-di-morowali-sulawesi-tengah
Dermaga Lawadia,"MX93+WM7, Lawadia, Kec. Tiwu, Kabupaten Kolaka Utara, Sulawesi Tenggara, Indonesia",Kabupaten Kolaka Utara,Sulawesi Tenggara,100000,Mahal,https://idfirms.com/sulawesi-tenggara/pelabuhan-kolaka-945269
Pantai Karang tajam,"C4GQ+C2F, Taludaa - Pelabuhan Gorontalo, Bintalahe, Kec. Kabila Bone, Kabupaten Bone Bolango, Gorontalo, Indonesia",Kabupaten Bone Bolango,Gorontalo,0.0,Gratis,-
Anjungan Sungai Mata Allo,"Anjungan Sungai Mata Allo, Galonta, Kec. Enrekang, Kabupaten Enrekang, Sulawesi Selatan 91711, Indonesia",Kabupaten Enrekang,Sulawesi Selatan,13000.0,Sedang,https://travel.tribunnews.com/2025/02/03/dante-pine-tempat-wisata-murah-meriah-di-kabupaten-enrekang-sulawesi-selatan
Wisata Bahari Kapelak,"7HPH+6C, Matanga, Kab. Banggai Laut, Sulawesi Tengah, Indonesia",Kabupaten Banggai,Sulawesi Tengah,-,-,-
Air Terjun Malaringgi,"MV7G+P2C, Malaringgi, Laonti, Kabupaten Konawe Selatan, Sulawesi Tenggara, Indonesia",Kabupaten Konawe Selatan,Sulawesi Tenggara,20000.0,Mahal,https://www.gotravelly.com/blog/7-air-terjun-di-sulawesi-tenggara/
Tanjung Buaya,"HCXP+928, Tanjung Buaya, Mawasangka Tim., Kabupaten Buton, Sulawesi Tenggara 93762, Indonesia",Kabupaten Buton,Sulawesi Tenggara,-,-,-
Taman Segitiga,"FXG6+3V3, Palopo, Kec. Marisa, Kabupaten Pohuwato, Gorontalo 96265, Indonesia",Kabupaten Pohuwato,Gorontalo,0.0,Gratis,https://sumsel.tribunnews.com/2025/06/08/taman-segitiga-mas-kayuagung-jadi-pilihan-warga-nikmati-liburan-murah-banyak-wahana-permainan-anak
Pulau Idaman Boalemo (Eks Pulo Mohupomba),"F9F6+MQQ, Bajo, Kec. Tilamuta, Kabupaten Boalemo, Gorontalo 96263, Indonesia",Kabupaten Boalemo,Gorontalo,5000.0,Murah,https://tempatwisataseru.com/wisata-pantai-di-gorontalo-terbaik-dan-terhits/
Pantai Tanjung Bubuan,"Unnamed Road, RMVX+5C9, Buyat I, Kotabunan, Kabupaten Bolaang Mongondow Timur, Sulawesi Utara, Indonesia",Kabupaten Bolaang Mongondow Timur,Sulawesi Utara,5000.0,Murah,https://travel.tribunnews.com/destinasi/141107/jam-buka-tiket-masuk-pantai-modisi-di-bolaang-mongondow-selatan-sulawesi-utara
Bokori Beach,"3M55+XWR Pulau Wisata Bokori, Tapulaga, Kabupaten Konawe",Kabupaten Konawe,Sulawesi Tenggara,10000.0,Sedang,https://wisata.konawekab.go.id/wisata/3
Pantai One Wanta,"Pantai One Wanta, One Waara, Lakudo, Buton Regency, South East Sulawesi 93763, Indonesia",Kabupaten Buton,Sulawesi Tenggara,0,Gratis,https://sandee.com/indonesia/south-sulawesi/one-waara/one-wanta
Air Terjun Kona Rattekallang,"Unnamed Road, Q2HH+M2X, Pollewani, Kec. Tutar, Kabupaten Polewali Mandar, Sulawesi Barat 91355, Indonesia",Kabupaten Polewali Mandar,Sulawesi Barat,-,-,-
"Kebun Strawberry ""Dunia Berry""","394M+JQ7, Mamasa, Kabupaten Mamasa",Kabupaten Mamasa,Sulawesi Barat,-,-,-
Batu Kuangang Wisata,"Jalan Batu Kuangang, Lingkungan VII, Malalayang Satu Barat, Kec. Malalayang, Kota Manado, Sulawesi Utara, Indonesia",Kota Manado,Sulawesi Utara,15000.0,Sedang,https://travel.detik.com/cerita-perjalanan/d-5649374/tuur-maasering-wisata-hutan-aren-dengan-spot-instagramable
Pantai biskam,"MH57+Q6P, Motongkad, Kec. Nuangan, Kabupaten Bolaang Mongondow Timur, Sulawesi Utara, Indonesia",Kabupaten Bolaang Mongondow Timur,Sulawesi Utara,5000.0,Murah,https://travel.tribunnews.com/destinasi/141107/jam-buka-tiket-masuk-pantai-modisi-di-bolaang-mongondow-selatan-sulawesi-utara
Pantai Maninang Buol,"4FQ3+3W6, Jl. Buol - Gorontalo, Bokat, Kec. Bokat, Kabupaten Buol, Sulawesi Tengah 94564, Indonesia",Kabupaten Buol,Sulawesi Tengah,-,-,-
Bukit TRL,"Tim., R6JW+63H, Saukang, Kec. Sinjai Tim., Kabupaten Sinjai, Sulawesi Selatan 92671, Indonesia",Kabupaten Sinjai,Sulawesi Selatan,10000.0,Sedang,https://travel.tribunnews.com/destinasi/140928/negeri-berselimut-awan-sinjai-borong-sinjai-sulawesi-selatan-keindahan-spot-alam-di-atas-awan
Objek Wisata Danau Assa,"VVWJ+PV9 Kalembang, Lea, Kec. Sangalla, Kabupaten Tana Toraja, Sulawesi Selatan, Indonesia",Kabupaten Tana Toraja,Sulawesi Selatan,10000.0,Sedang,https://www.detik.com/sulsel/wisata/d-7855810/8-wisata-di-tana-toraja-yang-unik-dan-bersejarah-untuk-liburan-keluarga
Gunung Kambing Sea & City View Palopo,"25CH+C3G, Salobulo, Kec. Wara Utara, Kota Palopo, Sulawesi Selatan 91911, Indonesia",Kota Palopo,Sulawesi Selatan,0.0,Gratis,-
Pulau Karang Pasir Putih,"PRF7+4PF, Desa, Umpanga, Kabupaten Morowali, Indonesia",Kabupaten Morowali,Sulawesi Tengah,50000.0,Mahal,https://travel.detik.com/fototravel/d-6997164/terpesona-indahnya-pasir-putih-di-pantai-kandapute
Objek wisata kolam tilanga',"jln.objek wisata tilanga, XV7P+RP6, Sarira, Kec. Makale Utara, Kabupaten Tana Toraja, Sulawesi Selatan 91852, Indonesia",Kabupaten Tana Toraja,Sulawesi Selatan,10000.0,Sedang,https://parboaboa.com/mata-air-tilanga
Danau Mahalona,"Danau Mahalona, Kec. Towuti, Kabupaten Luwu Timur, Sulawesi Selatan, Indonesia",Kabupaten Luwu Timur,Sulawesi Selatan,0.0,Gratis,-
Pantai MANGNGESU Desa Salajangki,"H9M7+6QV, Salajangki, Kec. Bontonompo Sel., Kabupaten Gowa, Sulawesi Selatan 92153, Indonesia",Kabupaten Gowa,Sulawesi Selatan,10000.0,Sedang,https://travel.tribunnews.com/2025/09/25/pantai-tanjung-bira-di-bulukumba-sulawesi-selatan-panduan-rute-tiket-masuk-fasilitas
Wisata Pantai Galung,"F2FM+HFV, Kalukku Bar., Kec. Kalukku, Kabupaten Mamuju, Sulawesi Barat, Indonesia",Kabupaten Mamuju,Sulawesi Barat,0.0,Gratis,-
Pantai Tanjung Atep Oki,"42WF+FG8, Parentek, Kec. Lembean Tim., Kabupaten Minahasa, Sulawesi Utara, Indonesia",Kabupaten Minahasa,Sulawesi Utara,5000.0,Murah,https://atourin.com/destination/minahasa/pantai-tanjung-tumpaan
Bio Hill (Puncak Bio Pemandangan Alam),"CGJQ+HC, Makalekuhe, Tamako, Kabupaten Kepulauan Sangihe, Sulawesi Utara, Indonesia",Kabupaten Kepulauan Sangihe,Sulawesi Utara,-,-,-
Air terjun garuda,"9VHP+WQ2, Garuda, Kec. Abuki, Kabupaten Konawe, Sulawesi Tenggara, Indonesia",Kabupaten Konawe,Sulawesi Tenggara,2000.0,Murah,https://www.celebes.co/tempat-wisata-konawe
Pantai,"WFR8+HMC, Jl. Salodong, Untia",Kota Manado,Sulawesi Utara,5000.0,Murah,https://indonesia.tripcanvas.co/id/malang/itinerary-liburan-di-malang-batu-bromo/
Taman Buru Ko'mara,"HH84+29H, Cakura, Kec. Polombangkeng Sel., Kabupaten Takalar, Sulawesi Selatan 92252, Indonesia",Kabupaten Takalar,Sulawesi Selatan,15000.0,Sedang,https://www.detik.com/sulsel/wisata/d-6503703/14-tempat-wisata-di-takalar-yang-populer-dan-menarik-dikunjungi
Permandian Alam Tampa,"R66G+QC, Tampa, Kec. Ponrang, Kabupaten Luwu, Sulawesi Selatan, Indonesia",Kabupaten Luwu,Sulawesi Selatan,0.0,Gratis,https://makassar.tribunnews.com/travel/1824541/bubung-peree-dan-permandian-alam-taretta-wisata-gratis-favorit-warga-amali-bone
Air terjun Toerama Toliba,"HXJ5+G5Q, Toliba, Kec. Tojo Bar., Kabupaten Tojo Una-Una, Sulawesi Tengah 94681, Indonesia",Kabupaten Tojo Una-Una,Sulawesi Tengah,0,Gratis,https://kelaswisata.id/wisata-di-sulawesi-tengah/
PULAU TIKUS,"MP8X+6RH, Paisubatu, Kec. Buko, Kabupaten Banggai Kepulauan, Sulawesi Tengah, Indonesia",Kabupaten Banggai Kepulauan,Sulawesi Tengah,-,-,-
Ecoeduwisata Mangrove Parangloe,"VCRV+P67, Kasorokang, Parang Loe, Kec. Tamalanrea, Kota Makassar, Sulawesi Selatan 90245, Indonesia",Kota Makassar,Sulawesi Selatan,5000.0,Murah,https://www.detik.com/sulsel/wisata/d-7319476/11-pantai-di-makassar-yang-eksotis-buat-liburan
Bulu Paleteang,"Bulu Paleteang, Temmassarangnge, Kec. Paleteang, Kabupaten Pinrang, Sulawesi Selatan, Indonesia",Kabupaten Pinrang,Sulawesi Selatan,10000.0,Sedang,https://mundomaya.travel/tempat-wisata-di-pinrang/
Pante Woka,"F77C+R43, Gn. Woka, Kota Bitung",Kota Bitung,Sulawesi Utara,-,-,-
TUGU I LOVE SITARO,"PCJ7+P9P, Unnamed Road, Tatahadeng, Kec. Siau Tim., Sulawesi Utara 95861, Indonesia",Kabupaten Kepulauan Siau Tagulandang Biaro,Sulawesi Utara,5000.0,Murah,https://travel.tribunnews.com/2025/02/14/lihat-sunset-di-pelabuhan-tagulandang-sitaro-sulut-berhadapan-langsung-dengan-gunung-ruang
Wisata Uwe Tombu,"CQ2Q+GV, Toaya, Kec. Sindue, Kabupaten Donggala, Sulawesi Tengah, Indonesia",Kabupaten Donggala,Sulawesi Tengah,5000.0,Murah,https://travel.kompas.com/read/2018/09/25/151800927/wisata-hutan-mangrove-jomblo-di-donggala-sulawesi-tengah
"Pantai Bamba Taipa, Pelawa Baru, Parigi Tengah, Sulawesi Tengah","742C+8F8, Jl. Trans Sulawesi, Pelawa Baru, Kec. Parigi Tengah, Kabupaten Parigi Moutong, Sulawesi Tengah 94471, Indonesia",Kabupaten Parigi Moutong,Sulawesi Tengah,-,-,-
Muara Lakologou,"HJPW+H43, Lakologou, Kec. Kokalukuna, Kota Bau-Bau, Sulawesi Tenggara 93758, Indonesia",Kota Bau-Bau,Sulawesi Tenggara,46000.0,Mahal,https://www.detik.com/sulsel/berita/d-8430382/jadwal-kapal-feri-rute-bira-sulawesi-tenggara-april-2026-serta-harga-tiketnya
Anduna Camping Ground,"Anduna, Kec. Laeya, Kabupaten Konawe Selatan, Sulawesi Tenggara 93880, Indonesia",Kabupaten Konawe Selatan,Sulawesi Tenggara,50000.0,Mahal,https://jadesta.kemenparekraf.go.id/atraksi/camping_ground_84
Permandian Air Panas Alam Malimbong,"P9GJ+M4M, Malimbong, Kec. Messawa, Kabupaten Mamasa, Sulawesi Barat 91361, Indonesia",Kabupaten Mamasa,Sulawesi Barat,3000.0,Murah,https://jambi.tribunnews.com/2018/06/09/tempat-wisata-baru-di-tebo-permandian-air-panas-sungai-bengkal-ini-harga-tiket-masuk
Ilomata River Camp,"Jalan Pilomatea, Dusun 3 Pilomatea, Ilomata, Kec. Bulango Ulu, Kabupaten Bone Bolango, Gorontalo 96545, Indonesia",Kabupaten Bone Bolango,Gorontalo,5000.0,Murah,https://read.id/serunya-mengunjungi-wisata-baru-bonebol-ilomata-river-camp/
Kolam renang Roni Cell,"Jln.menara, Tanah Kongkong",Kabupaten Bulukumba,Sulawesi Selatan,0.0,Gratis,-
Danau Lumpias Ratahan,"2Q3G+7P2, Jl. Ratahan - Kotamobagu, Wawali, Kec. Ratahan, Kabupaten Minahasa Tenggara, Sulawesi Utara, Indonesia",Kabupaten Minahasa Tenggara,Sulawesi Utara,0.0,Gratis,https://travel.kompas.com/read/2024/11/18/201500927/aer-konde-ratahan-minahasa--harga-tiket-lokasi-dan-jam-buka
Pantai Modisi,"93MG+W6, Linawan, Kec. Pinolosian, Kabupaten Bolaang Mongondow Selatan, Sulawesi Utara, Indonesia",Kabupaten Bolaang Mongondow Selatan,Sulawesi Utara,5000.0,Murah,https://travel.tribunnews.com/destinasi/141107/jam-buka-tiket-masuk-pantai-modisi-di-bolaang-mongondow-selatan-sulawesi-utara
Pantai maya ria kasilampe,"2JG2+HV6, Jl. R. E. Martadinata, Kessilampe, Kota Kendari, Sulawesi Tenggara 93121, Indonesia",Kota Kendari,Sulawesi Tenggara,-,-,-
PANTAI DELON,"Q2VP+XV4, Olo Oloho, Kec. Pakue, Kabupaten Kolaka Utara, Sulawesi Tenggara, Indonesia",Kabupaten Kolaka Utara,Sulawesi Tenggara,-,-,-
Masjid Al-Husein,"WGC2+2HV, Wakumoro, Kec. Parigi, Kabupaten Muna, Sulawesi Tenggara 93661, Indonesia",Kabupaten Muna,Sulawesi Tenggara,5000,Murah,https://wisatago.com/pulau-muna/
Lembah Titung (Bukit Teletubbies),"QG4C+J4P, Bontomanai, Kabupaten Gowa",Kabupaten Gowa,Sulawesi Selatan,-,-,-
Dusun Sawagi Desa Pattallassang Kabupaten Gowa,"RH27+99C, Jl. Danau Sawagi, Pattallasang, Kec. Pattallassang, Kabupaten Gowa, Sulawesi Selatan 92171, Indonesia",Kabupaten Gowa,Sulawesi Selatan,5000,Murah,https://smartcity.gowakab.go.id/wisata_alam/puncak-bollangi/7
Gunung Dua Saudara,"Gn. Dua Saudara, Kadoodan, Kec. Madidir, Kota Bitung, Sulawesi Utara, Indonesia",Kota Bitung,Sulawesi Utara,4000.0,Murah,https://www.tribunnews.com/travel/2015/05/29/puncak-temboan-di-tomohon-memandang-kota-bitung-gunung-klabat-dan-danau-tondano-dari-ketinggian
Kebun Buah Sigi,"WWQ4+RWX, Sidondo IV, Kec. Sigi Biromaru, Kabupaten Sigi, Sulawesi Tengah 94362, Indonesia",Kabupaten Sigi,Sulawesi Tengah,0.0,Gratis,https://travel.tribunnews.com/2021/08/24/harga-tiket-masuk-mantikole-sigi-wisata-pemandian-air-panas-untuk-relaksasi-diri
Bukit Alam Kolagana,"MM32+FVF, Jl. Kolagana, Palabusa, Kec. Bungi, Kota Bau-Bau, Sulawesi Tenggara 93758, Indonesia",Kota Bau-Bau,Sulawesi Tenggara,0.0,Gratis,https://www.acc.co.id/info-terkini/7-wisata-bahari-di-sulawesi-tenggara-surganya-keindahan-laut
Pantai Jodoh,"8J5M+R36, Desa, Lampanairi, Batauga, Kabupaten Buton, Sulawesi Tenggara 93752, Indonesia",Kabupaten Buton,Sulawesi Tenggara,5000.0,Murah,https://travel.kompas.com/read/2016/01/11/101700927/Pesona.Pasir.Putih.Pantai.Jodoh
Embung Iloheluma,"Dudepo, Kec. Patilanggio, Kabupaten Pohuwato, Gorontalo 96266, Indonesia",Kabupaten Pohuwato,Gorontalo,-,-,-
Sungai simbuang,"43W6+V83, Ilan Batu, Kec. Walenrang Bar., Kabupaten Luwu, Sulawesi Selatan, Indonesia",Kabupaten Luwu,Sulawesi Selatan,0.0,Gratis,-
Permandian Air Terjun Sangkona,"Unnamed Road,, 628H+P3F, Doule, Kec. Rumbia, Kabupaten Bombana, Sulawesi Tenggara 93771, Indonesia",Kabupaten Bombana,Sulawesi Tenggara,10000.0,Sedang,https://dimsummbledo.id/tag/permandian-air-panas-tahiite/
Pantai Kilongan,"Kilongan, Kabupaten Banggai",Kabupaten Banggai,Sulawesi Tengah,-,-,-
"Dermaga Desa Sorue Jaya, penyeberangan pertama menuju wisata pulau bokori","Sorue Jaya, Kabupaten Konawe, Sulawesi Tenggara 93351, Indonesia",Kabupaten Konawe,Sulawesi Tenggara,10000.0,Sedang,https://sultra.tribunnews.com/2022/06/20/rute-perjalanan-ke-pulau-bokori-konawe-sulawesi-tenggara-biaya-penyeberangan-harga-sewa-vila
Pantai Alo Alo,"42GQ+MP, Pulau Tambako, Mata Oleo, Kabupaten Bombana, Sulawesi Tenggara, Indonesia",Kabupaten Bombana,Sulawesi Tenggara,-,-,-
Pantai Tarawat,"Q9WJ+MC7, Barombong, Kota Makassar",Kota Makassar,Sulawesi Selatan,5000,Murah,https://travel.tribunnews.com/2025/09/25/tiket-masuk-jam-buka-akses-ke-pantai-akkarena-makassar-sulawesi-selatan
Wisata Topejawa,"FCRJ+CCX, Topejawa, Kec. Mangarabombang, Kabupaten Takalar, Sulawesi Selatan 92261, Indonesia",Kabupaten Takalar,Sulawesi Selatan,35000.0,Mahal,https://travelandword.com/pantai-topejawa-takalar-sulawesi-selatan/
Danau Aneka Tama Siloro Pangkep,"6J2H+442 Jalan poros siloro, Jalan Poros, Bontoa, Kec. Minasatene, Kabupaten Pangkajene Dan Kepulauan, Sulawesi Selatan 90615, Indonesia",Kabupaten Pangkajene Dan Kepulauan,Sulawesi Selatan,-,-,-
Air Terjun Garuntungan Kassi,"HV2M+CRF, Kassi, Kabupaten Jeneponto",Kabupaten Jeneponto,Sulawesi Selatan,0.0,Gratis,https://www.detik.com/sulsel/wisata/d-7291656/gratis-masuk-wisata-air-terjun-tuang-loe-jeneponto-ramai-saat-libur-lebaran
Sultan Birding Tours Indonesia,Perumahan Griya Paniki Indah Jalan Anggrek K No. 24 Mapanget,Kabupaten Tana Toraja,Sulawesi Selatan,1000.0,Murah,https://id.linkedin.com/in/birding-bali-598655100
Pantai Indah,"Pantai Indah, Pohe, Kec. Hulonthalangi, Kota Gorontalo, Gorontalo, Indonesia",Kota Gorontalo,Gorontalo,5000.0,Murah,https://www.newss.id/15-pantai-di-gorontalo-paling-hits-populer-yang-wajib-dikunjungi-11813.html
Sungai Malela,"Margolembo, Kec. Mangkutana, Kabupaten Luwu Timur, Sulawesi Selatan, Indonesia",Kabupaten Luwu Timur,Sulawesi Selatan,24000,Mahal,https://travel.tribunnews.com/2025/09/17/7-destinasi-wisata-di-luwu-timur-sulawesi-selatan-yang-instagramable
Pantai OGO BUAYA,"V2QR+742, Silampayang, Kec. Kasimbar, Kabupaten Parigi Moutong, Sulawesi Tengah, Indonesia",Kabupaten Parigi Moutong,Sulawesi Tengah,0.0,Gratis,https://www.celebes.co/tempat-wisata-parigi-moutong
Wisata Pasir Putih Pompon,"QC83+V28, Lalong, Kec. Tinangkung Utara, Kabupaten Banggai Kepulauan, Sulawesi Tengah 94885, Indonesia",Kabupaten Banggai Kepulauan,Sulawesi Tengah,0.0,Gratis,https://www.banggaikepulauan.com/wisata-dan-budaya/pantai-pasir-putih-pulau-tambalang
Air Terjun Parampangi,"FWR8+QVP, Bonto Maccini, Kec. Sinoa, Kabupaten Bantaeng, Sulawesi Selatan 92451, Indonesia",Kabupaten Bantaeng,Sulawesi Selatan,5000.0,Murah,https://travel.tribunnews.com/destinasi/140539/pantai-togeo-bone-sulawesi-selatan-tiket-masuk-lokasi-panduan-rute
Pantai Salise Lembeh Utara Kota Bitung,"Pantai Salise Lembeh Utara Kota Bitung, Motto, Kec. Lembeh Utara, Kota Bitung, Sulawesi Utara, Indonesia",Kota Bitung,Sulawesi Utara,5000.0,Murah,https://www.celebes.co/pantai-salise-bitung
Danau Bakealu,"3RP8+7MG, Bakealu, Kec. Wakorumba Sel., Kabupaten Muna, Sulawesi Tenggara, Indonesia",Kabupaten Muna,Sulawesi Tenggara,10000.0,Sedang,https://www.lajur.co/melihat-terowongan-napabale-wisata-danau-air-asin-di-kabupaten-muna/
Air Terjun Lembah Impian,"GR7W+35F, Bontomanai, Kec. Rumbia, Kabupaten Jeneponto, Sulawesi Selatan 92572, Indonesia",Kabupaten Jeneponto,Sulawesi Selatan,0.0,Gratis,-
Nila Fishing Fun,"G6C7+P8R, Bijawang, Kabupaten Bulukumba",Kabupaten Bulukumba,Sulawesi Selatan,0.0,Gratis,-
Bukit wisata Miallo,"Bukit Miallo Panassang, Tallu Bamba, Kec. Enrekang, Kabupaten Enrekang, Sulawesi Selatan, Indonesia",Kabupaten Enrekang,Sulawesi Selatan,13000.0,Sedang,https://travel.tribunnews.com/2025/02/03/dante-pine-tempat-wisata-murah-meriah-di-kabupaten-enrekang-sulawesi-selatan
Keraton Banggai,"CG53+52J, Lompio, Kec. Banggai, Kab. Banggai Laut, Sulawesi Tengah 94891, Indonesia",Kabupaten Banggai,Sulawesi Tengah,7000.0,Murah,https://travelspromo.com/htm-wisata/keraton-yogyakarta/
Danau Hiuka,"RPHW+FHR, Walandawe, Routa, Kabupaten Konawe, Sulawesi Tenggara 93353, Indonesia",Kabupaten Konawe,Sulawesi Tenggara,0.0,Gratis,https://travel.tribunnews.com/destinasi/141416/harga-tiket-paddle-board-di-pantai-anggalo-konawe-untuk-liburan-akhir-tahun
Rumah Apung,"V2C7+35, Salomenraleng, Kec. Tempe, Kabupaten Wajo, Sulawesi Selatan, Indonesia",Kabupaten Wajo,Sulawesi Selatan,90000.0,Mahal,https://travel.detik.com/cerita-perjalanan/d-2105505/danau-tempe-danau-unik-di-wajo
Permandian JOMPI PITUE,"H27H+595, Citta, Kec. Citta, Kabupaten Soppeng, Sulawesi Selatan 90861, Indonesia",Kabupaten Soppeng,Sulawesi Selatan,5000.0,Murah,https://www.detik.com/sulsel/wisata/d-7289747/libur-lebaran-wisatawan-di-permandian-lejja-soppeng-tembus-5-268-pengunjung
Village Cantik Selayar,"Jl. Kota Benteng-Tongketongke, Harapan, Bontosikuyu, Kab. Kepulauan Selayar, Sulawesi Selatan 92855, Indonesia",Kabupaten Kepulauan Selayar,Sulawesi Selatan,5000.0,Murah,https://travel.tribunnews.com/2025/08/13/harga-tiket-masuk-pantai-ujung-batu-di-barru-sulawesi-selatan-panduan-rute-dari-makassar
Sesean,"Sesean, Pangkung Batu, Buntu Pepasan, North Toraja Regency, South Sulawesi, Indonesia",Kabupaten Toraja Utara,Sulawesi Selatan,5000.0,Murah,https://travel.kompas.com/read/2025/05/23/082000927/harga-tiket-masuk-tn-baluran-terkini-hari-kerja-dan-libur-beda
U (you) BUKIT KAMBO,"Kambo, Kec. Mungkajang, Kota Palopo, Sulawesi Selatan, Indonesia",Kota Palopo,Sulawesi Selatan,35000.0,Mahal,https://seringjalan.com/bukit-kambo-tempat-wisata-ngehits-di-kota-palopo/
Air Terjun Lapangan,"RRRR+43H, Wambulu, Kec. Kapontori, Kabupaten Buton, Sulawesi Tenggara 93755, Indonesia",Kabupaten Buton,Sulawesi Tenggara,-,-,-
"Air Terjun Butang, Mario Pulana, Salulekbo, Topoyo, Mateng","Kambunong, Kec. Karossa, Kabupaten Mamuju Tengah, Sulawesi Barat 91563, Indonesia",Kabupaten Mamuju Tengah,Sulawesi Barat,0,Gratis,https://travel.kompas.com/read/2021/10/26/160721427/itinerary-3-hari-2-malam-di-mamuju-sulawesi-barat-wisata-air-terjun-tamasapi
GMIM Bukit Kasih Girian Permai,"F42G+4CV, Girian Indah, Kec. Girian, Kota Bitung, Sulawesi Utara, Indonesia",Kota Bitung,Sulawesi Utara,-,-,-
Modisi Beach,"Modisi Beach, Modisi, Kec. Pinolosian Tim., Kabupaten Bolaang Mongondow Selatan, Sulawesi Utara, Indonesia",Kabupaten Bolaang Mongondow Selatan,Sulawesi Utara,5000.0,Murah,https://travel.tribunnews.com/destinasi/141107/jam-buka-tiket-masuk-pantai-modisi-di-bolaang-mongondow-selatan-sulawesi-utara
Pantai Tamimbo,"HVPC+643, Malei, Kabupaten Poso",Kabupaten Poso,Sulawesi Tengah,10000,Sedang,https://travel.kompas.com/read/2025/05/20/200910127/bayar-tiket-masuk-danau-tambing-di-sulawesi-tengah-bisa-pakai-qris
TAMAN WISATA UNGKEYA BEACH,"VGJR+45G, Mohoni, Kec. Petasia, Kabupaten Morowali, Sulawesi Tengah, Indonesia",Kabupaten Morowali,Sulawesi Tengah,5000,Murah,https://keluyuran.com/tempat-wisata-di-morowali/
Batu Buti,"GH87+JGH, Katobengke, Kec. Betoambari, Kota Bau-Bau, Sulawesi Tenggara 93724, Indonesia",Kota Bau-Bau,Sulawesi Tenggara,0.0,Gratis,https://www.orami.co.id/magazine/wisata-bahari-di-sulawesi-tenggara
Pantai Lingge-lingge,"Pantai Lingge-lingge, Jl. Protokol, Kambula Mbulana, Kec. Ps. Wajo, Kabupaten Buton, Sulawesi Tenggara 93754, Indonesia",Kabupaten Buton,Sulawesi Tenggara,0,Gratis,https://wisatago.com/pantai-teluk-buton/
Wisata Bukti Bollangi Kabupaten Gowa,"QH5R+5GC, Jl. Malino, Bontoparang, Kec. Parangloe, Kabupaten Gowa, Sulawesi Selatan 92173, Indonesia",Kabupaten Gowa,Sulawesi Selatan,5000.0,Murah,https://www.sulawesipos.com/travel/2026/01/30/nikmati-pesona-raja-ampat-ala-puncak-bollangi-di-gowa/
Danow Tondok,"Danow Tondok, Moat, Kec. Modayag, Kabupaten Bolaang Mongondow Timur, Sulawesi Utara, Indonesia",Kabupaten Bolaang Mongondow Timur,Sulawesi Utara,5000.0,Murah,https://travel.tribunnews.com/destinasi/141107/jam-buka-tiket-masuk-pantai-modisi-di-bolaang-mongondow-selatan-sulawesi-utara
Desa Kalupapi,"438X+5VQ, Bone-Bone, Bangkurung, Kabupaten Banggai Kepulauan, Sulawesi Tengah 94892, Indonesia",Kabupaten Banggai Kepulauan,Sulawesi Tengah,-,-,-
Telaga Biru Segeri,"8JR9+9F5, Baring, Kec. Segeri, Kabupaten Pangkajene Dan Kepulauan, Sulawesi Selatan 90655, Indonesia",Kabupaten Pangkajene Dan Kepulauan,Sulawesi Selatan,5000.0,Murah,https://www.detik.com/sulsel/berita/d-6748927/daftar-harga-tiket-kereta-api-makassar-parepare-terbaru-juni-2023
Monumen Pejuang Kemerdekaan,"Jalan Imam Bonjol No.50, Terang-Terang",Kabupaten Bombana,Sulawesi Tenggara,0.0,Gratis,https://travelspromo.com/htm-wisata/monumen-juang-malang/
Air Terjun Dodandian,"HF4F+CR4, Matabulu, Kec. Nuangan, Kabupaten Bolaang Mongondow Timur, Sulawesi Utara, Indonesia",Kabupaten Bolaang Mongondow Timur,Sulawesi Utara,0.0,Gratis,https://manado.tribunnews.com/boltim/1870671/2-air-terjun-di-matabulu-boltim-yang-bikin-rindu-pengunjung-punya-banyak-spot-instagramable
Gunung Bulu Tanda,"2RHX+QMX, Sibedi, Kec. Marawola, Kabupaten Sigi, Sulawesi Tengah 94238, Indonesia",Kabupaten Sigi,Sulawesi Tengah,0.0,Gratis,https://travel.tribunnews.com/2021/08/24/harga-tiket-masuk-mantikole-sigi-wisata-pemandian-air-panas-untuk-relaksasi-diri
Hutan Bakau Desa Koya Kabupaten Morowali Utara,"29CH+PHX, Koya, Kec. Petasia, Kabupaten Morowali, Sulawesi Tengah, Indonesia",Kabupaten Morowali,Sulawesi Tengah,10000.0,Sedang,https://www.rifaihadi.com/10-tempat-wisata-di-morowali-utara/
Air Terjun Tulo'a,"M39R+739, Bunuo, Kec. Bulango Utara, Kabupaten Bone Bolango, Gorontalo 96582, Indonesia",Kabupaten Bone Bolango,Gorontalo,5000.0,Murah,https://nusantara1.id/2025/10/sensasi-alam-liar-dan-sejuknya-air-terjun-huila-taludaa-di-bone-bolango/
Air Terjun Samaenre,"6RGM+78R, Samaenre, Kec. Mallawa, Kabupaten Maros, Sulawesi Selatan 90563, Indonesia",Kabupaten Maros,Sulawesi Selatan,0.0,Gratis,https://bnp.jambiprov.go.id/wisata-baru-di-maros-sulawesi-selatan/
"Bukit Mahawu, Tomohon, Sulawesi Utara","8VX2+Q52, Jl. Mahawu, Kakaskasen Dua, Kec. Tomohon Utara, Kota Tomohon, Sulawesi Utara, Indonesia",Kota Tomohon,Sulawesi Utara,10000.0,Sedang,https://tirto.id/rekomendasi-tempat-wisata-di-tomohon-yang-populer-untuk-liburan-g3HL
"Danau Tondano, Minahasa, Sulawesi Utara","6WM2+992, Kembuan, Kec. Tondano Utara, Kabupaten Minahasa, Sulawesi Utara, Indonesia",Kabupaten Minahasa,Sulawesi Utara,4000.0,Murah,https://www.tempatwisatamu.com/keseruan-di-danau-tondano-minahasa.html
Pantai Binjeita,"VFRF+M72, Binjeita II, Kec. Bolang Itang Tim., Kabupaten Bolaang Mongondow Utara, Sulawesi Utara, Indonesia",Kabupaten Bolaang Mongondow Utara,Sulawesi Utara,5000.0,Murah,https://travel.tribunnews.com/destinasi/141107/jam-buka-tiket-masuk-pantai-modisi-di-bolaang-mongondow-selatan-sulawesi-utara
Abrasi Pantai Tingkulang,"GG8J+GQ2, Jl. Trans Sulawesi, Tingkulang, Kec. Tomini, Kabupaten Parigi Moutong, Sulawesi Tengah 94476, Indonesia",Kabupaten Parigi Moutong,Sulawesi Tengah,0.0,Gratis,https://palu.tribunnews.com/sulteng/174737/banjir-rob-landa-tiga-desa-pesisir-parigi-moutong-bpbd-tanggul-jebol-karena-abrasi
Air terjun Tayawa,"G4M6+26, Tayawa, Kec. Tojo, Kabupaten Tojo Una-Una, Sulawesi Tengah 94681, Indonesia",Kabupaten Tojo Una-Una,Sulawesi Tengah,10000.0,Sedang,https://kumparan.com/jendela-dunia/4-daya-tarik-air-terjun-mokokawa-banggai-sulawesi-tengah-tiket-dan-aksesnya-253LAT0Fq6Q
Wisata kuliner Ampana kota,"4HMG+8C8, Jl. Yos Sudarso, Kec. Ampana Kota, Kabupaten Tojo Una-Una, Sulawesi Tengah 94683, Indonesia",Kabupaten Tojo Una-Una,Sulawesi Tengah,-,-,-
Pantai Salatiga,"Pantai Salatiga, Banggai Laut, Central Sulawesi, Indonesia",Kabupaten Banggai,Sulawesi Tengah,-,-,-
AIR TERJUN KAREMOTINGGE,"2WMR+HJ5, Tawainalu, Kec. Tirawuta, Kabupaten Kolaka Timur, Sulawesi Tenggara 93572, Indonesia",Kabupaten Kolaka Timur,Sulawesi Tenggara,5000.0,Murah,https://sultra.tribunnews.com/2022/10/09/lima-destinasi-wisata-air-terjun-di-sulawesi-tenggara-andawe-konawe-hingga-tetewa-kolaka-timur
Air Terjun Kapita ( Je'ne Ri'baka ),"FJHH+JXP, Kapita, Bangkala, Kabupaten Jeneponto, Sulawesi Selatan 92352, Indonesia",Kabupaten Jeneponto,Sulawesi Selatan,0.0,Gratis,https://www.detik.com/sulsel/wisata/d-7291656/gratis-masuk-wisata-air-terjun-tuang-loe-jeneponto-ramai-saat-libur-lebaran
Pantai Muhajirin,"Unnamed Road, Pasimarannu, 92671, Panaikang, Kec. Sinjai Tim., Kabupaten Sinjai, Sulawesi Selatan, Indonesia",Kabupaten Sinjai,Sulawesi Selatan,10000.0,Sedang,https://travel.tribunnews.com/destinasi/140928/negeri-berselimut-awan-sinjai-borong-sinjai-sulawesi-selatan-keindahan-spot-alam-di-atas-awan
Pantai Nelayan Desa Long,"8VC5+GM2, Rerang, Kec. Damsol, Kabupaten Donggala, Sulawesi Tengah 94356, Indonesia",Kabupaten Donggala,Sulawesi Tengah,1000.0,Murah,https://travel.detik.com/cerita-perjalanan/d-5406040/menyusuri-donggala-kota-tua-di-ujung-teluk-palu
Pantai Seribu Bintang,"JMH2+44Q, Unnamed Road, Masani, Kabupaten Poso",Kabupaten Poso,Sulawesi Tengah,-,-,-
Pantai BTM,"X6G7+3F, Tumbu, Kec. Topoyo, Kabupaten Mamuju, Sulawesi Barat, Indonesia",Kabupaten Mamuju,Sulawesi Barat,5000.0,Murah,https://sulbar.tribunnews.com/2025/05/04/wisata-pantai-btm-tumbu-mamuju-tengah-ramai-di-akhir-pekan-ini-tiket-masuk-rp-5-ribu
WISATA BUNGUNG SALAPANG,"9RXR+Q5F, Bontorappo, Kec. Tarowang, Kabupaten Jeneponto, Sulawesi Selatan 92361, Indonesia",Kabupaten Jeneponto,Sulawesi Selatan,1000.0,Murah,https://wisatasulawesi.wordpress.com/wisata-sulawesi-selatan/wisata-di-bumi-turatea-jeneponto/
Jembatan pelangi pannyawakkang,"CQVW+J7X, Taring",Kabupaten Maros,Sulawesi Selatan,2000.0,Murah,https://pariamankota.go.id/berita/walikota-pariaman-resmikan-jembatan-pelangi-desa-kandang
Pantai Lopana,"6JH4+4H2, Lopana, Kec. Amurang Tim., Kabupaten Minahasa Selatan, Sulawesi Utara, Indonesia",Kabupaten Minahasa Selatan,Sulawesi Utara,5000.0,Murah,https://atourin.com/destination/minahasa-selatan/pantai-alar
Air Terjun Tamanggu Indah,"7W3F+VCW, Nupa Bomba, Kec. Tanantovea, Kabupaten Donggala, Sulawesi Tengah 94142, Indonesia",Kabupaten Donggala,Sulawesi Tengah,50000.0,Mahal,https://kupang.tribunnews.com/2024/05/31/wisata-ntt-air-terjun-tanggedu-di-sumba-timur-begini-keunikan-dan-cara-ke-tempat-indah-ini
Pantai Timbala,"Bar., Timbala, Kec. Poleang Bar., Kabupaten Bombana, Sulawesi Tenggara 93772, Indonesia",Kabupaten Bombana,Sulawesi Tenggara,0,Gratis,https://sandee.com/indonesia/south-sulawesi/timbala/pantai-timbala
Pintu Air Danau Limboto,"H237+5XG, Tabumela, Kec. Tilango, Kabupaten Gorontalo, Gorontalo 96181, Indonesia",Kabupaten Gorontalo,Gorontalo,10000.0,Sedang,https://ketikmedia.com/wisata/wisata-di-sulawesi/wisata-gorontalo
Gerbang Batas Kota Makassar - Kabupaten Gowa,"RC6R+HHG, Gn. Sari, Kec. Rappocini, Kota Makassar, Sulawesi Selatan 90221, Indonesia",Kota Makassar,Sulawesi Selatan,1000.0,Murah,https://indonesianholic.com/one-day-trip-makassar-gowa/
Danau Moko Kawu-kawu,"3Q85+JV4, Lakarinta, Kec. Lohia, Kabupaten Muna, Sulawesi Tenggara 93658, Indonesia",Kabupaten Muna,Sulawesi Tenggara,0.0,Gratis,-
Pantai Walet Kasawari,"G63R+57V, Makawidey, Aertembaga, Kota Bitung, Sulawesi Utara, Indonesia",Kota Bitung,Sulawesi Utara,10000.0,Sedang,https://www.senangrekreasi.com/batu-angus-bitung/
Lalove Land,"Jalan Lalove, Nunu",Kabupaten Donggala,Sulawesi Tengah,0.0,Gratis,-
Objek Wisata Doud Ne Mukop,"8WGG+M2X, Jl. P. Diponegoro, Hutan, Kabupaten Minahasa",Kabupaten Minahasa,Sulawesi Utara,0.0,Gratis,https://travel.kompas.com/read/2024/11/18/201500927/aer-konde-ratahan-minahasa--harga-tiket-lokasi-dan-jam-buka
Pantai Tueni,"37V9+R28, Nambaru, Kec. Parigi Sel., Kabupaten Parigi Moutong, Sulawesi Tengah, Indonesia",Kabupaten Parigi Moutong,Sulawesi Tengah,-,-,-
Sirkuit Atakkae Sengkang - Wajo,"Landing Side, Attakkae",Kabupaten Wajo,Sulawesi Selatan,10000.0,Sedang,https://www.detik.com/sulsel/wisata/d-6896112/16-tempat-wisata-di-kabupaten-wajo-yang-wajib-di-kunjungi
Waduk Tamariri,"396P+RV2, Tondok Bakaru, Kec. Mamasa, Kabupaten Mamasa, Sulawesi Barat 91365, Indonesia",Kabupaten Mamasa,Sulawesi Barat,-,-,-
Air Terjun Baruttung Padang,"X36W+2GV, Pammusureng, Kec. Bontocani, Kabupaten Bone, Sulawesi Selatan 92768, Indonesia",Kabupaten Bone,Sulawesi Selatan,-,-,-
Wisata Alam Mannessa Camp Baths and Fishing,"Jl. Lappa anging, WT. Bacukiki, Kec. Bacukiki, Kota Parepare, Sulawesi Selatan 91121, Indonesia",Kota Parepare,Sulawesi Selatan,10000.0,Sedang,https://kelaswisata.id/wisata-di-parepare/
Situs Bersejarah Manurung E ri Matajang,"F84J+WFJ, Manurunge, Kec. Tanete Riattang, Kabupaten Bone, Sulawesi Selatan 92712, Indonesia",Kabupaten Bone,Sulawesi Selatan,-,-,-
Goa Purbakala Passea,"Lembanna, Kec. Bonto Bahari, Kabupaten Bulukumba, Sulawesi Selatan, Indonesia",Kabupaten Bulukumba,Sulawesi Selatan,25000.0,Mahal,https://jadesta.kemenpar.go.id/paket/paket_wisata_gua_purbakala_passea
Pantai Bahuluang,"Pulau bahuluang, Appatanah, Bontosikuyu, Kab. Kepulauan Selayar, Sulawesi Selatan, Indonesia",Kabupaten Kepulauan Selayar,Sulawesi Selatan,5000.0,Murah,https://travel.kompas.com/read/2024/01/08/190800327/7-tempat-wisata-di-selayar-sulawesi-selatan-cocok-buat-healing
Gunung Kandora,"VVFP+HW9, Tengan, Kec. Mengkendek, Kabupaten Tana Toraja, Sulawesi Selatan 91817, Indonesia",Kabupaten Tana Toraja,Sulawesi Selatan,50000.0,Mahal,https://jadesta.kemenpar.go.id/desa/saluallo
Talaga Lotus woloan tomohon,"8RG9+X77, Jalan Larus Rambing, Woloan Satu Utara",Kota Tomohon,Sulawesi Utara,10000.0,Sedang,https://travel.tribunnews.com/2025/09/08/taman-wisata-pelangi-tomohon-sulut-daya-tarik-harga-tiket-masuk-lokasi-panduan-rute
Dermaga Nelayan Desa Tanah Putih,"PXCJ+237, Tanah Putih, Kec. Likupang Bar., Kabupaten Minahasa Utara, Sulawesi Utara, Indonesia",Kabupaten Minahasa Utara,Sulawesi Utara,5000.0,Murah,https://travel.tribunnews.com/2021/07/07/menikmati-senja-di-objek-wisata-alam-mangrove-desa-budo-minahasa-utara
Air Terjun Lamoahi,"G3QV+27J, Tombia, Kec. Kulisusu Utara, Kabupaten Buton Utara, Sulawesi Tenggara 93672, Indonesia",Kabupaten Buton Utara,Sulawesi Tenggara,5000,Murah,https://id.alongwalker.co/top-15-tempat-wisata-di-buton-utara-terbaru-paling-hits-s3859.html
Wisata Pantai Kuliner Salukaili,"C8MF+HM7, Kasano, Kab. Pasangkayu, Sulawesi Barat, Indonesia",Kabupaten Bolaang Mongondow,Sulawesi Utara,-,-,-
Air Terjun Sarambu Paremba,"Unnamed Road, GGJ2+JMR, Benteng Paremba, Kec. Lembang, Kabupaten Pinrang, Sulawesi Selatan 91254, Indonesia",Kabupaten Pinrang,Sulawesi Selatan,3000.0,Murah,https://galeriwisata.wordpress.com/wisata-sulawesi/wisata-sulawesi-selatan/tempat-tempat-wisata-di-kabupaten-pinrang/
Air Terjun Minangatellue,"Minangatellue, Desa Minangatellue, 54RV+59J, Lagading, Kec. Maniang Pajo, Kabupaten Wajo, Sulawesi Selatan 90954, Indonesia",Kabupaten Wajo,Sulawesi Selatan,0.0,Gratis,https://travel.kompas.com/read/2021/10/26/160721427/itinerary-3-hari-2-malam-di-mamuju-sulawesi-barat-wisata-air-terjun-tamasapi
Agro Wisata Bonto Jonga,"Desa Pa'bumbungang, Dusun Bonto Jonga, Pabumbungang, Kec. Eremerasa, Kabupaten Bantaeng, Sulawesi Selatan 92415, Indonesia",Kabupaten Bantaeng,Sulawesi Selatan,7000.0,Murah,https://travel.tribunnews.com/destinasi/140615/air-terjun-bissappu-destinasi-alam-ngehits-di-bantaeng-sulawesi-selatan
Wisata Dermaga WORI,"JV26+6PX, Wori, Kabupaten Minahasa Utara",Kabupaten Minahasa,Sulawesi Utara,0.0,Gratis,-
Pantai Racuna,"HH2H+26C, Miangas, Kabupaten Kepulauan Talaud, Sulawesi Utara, Indonesia",Kabupaten Kepulauan Talaud,Sulawesi Utara,-,-,-
Goa Allo,"PCVJ+4PP, Matano, Menui Kepulauan, Kabupaten Morowali, Sulawesi Tengah 94975, Indonesia",Kabupaten Morowali,Sulawesi Tengah,5000,Murah,https://www.dalchaebi.me/tempat-wisata-di-morowali/
Buntu Mussa',"27CV+2W6, Balla Tumuka, Kec. Balla, Kabupaten Mamasa, Sulawesi Barat 91366, Indonesia",Kabupaten Mamasa,Sulawesi Barat,-,-,-
Tedong-tedong Minanga,"X8XC+Q5Q, Minanga,, Balla Barat",Kabupaten Mamasa,Sulawesi Barat,15000.0,Sedang,https://travel.detik.com/travel-news/d-7419333/taman-safari-bogor-terapkan-sistem-tiket-baru-ada-yang-lebih-murah
Waolo,"F529+FJ5, Oluhuta, Kec. Kabila Bone, Kabupaten Bone Bolango, Gorontalo 96119, Indonesia",Kabupaten Bone Bolango,Gorontalo,0.0,Gratis,-
Tuang Uddungeng (KM Syekh Abdul Madjid),"MV44+PQM, Bila, Kec. Lalabata, Kabupaten Soppeng, Sulawesi Selatan 90811, Indonesia",Kabupaten Soppeng,Sulawesi Selatan,0.0,Gratis,https://pariwisata.kepulauanselayarkab.go.id/2021/05/km-dharma-kartika-iii-alternatif-transportasi-bagi-para-wisatawan-yang-hendak-menuju-ke-selayar/
Pantai Karosi,"Pantai Karosi, Panaikang, Kec. Sinjai Tim., Kabupaten Sinjai, Sulawesi Selatan, Indonesia",Kabupaten Sinjai,Sulawesi Selatan,5000.0,Murah,https://travel.tribunnews.com/destinasi/140539/pantai-togeo-bone-sulawesi-selatan-tiket-masuk-lokasi-panduan-rute
MANDUK PATINNA,"FVWW+PPR, Kadingeh, Kec. Baraka, Kabupaten Enrekang, Sulawesi Selatan 91753, Indonesia",Kabupaten Enrekang,Sulawesi Selatan,25000.0,Mahal,https://jadesta.kemenpar.go.id/paket/kuburan_tuamanduk_patinna
aer ujang,"F45G+368, Jl. Tol Manado - Bitung, Girian Indah, Kota Bitung",Kota Manado,Sulawesi Utara,0,Gratis,https://manado.tribunnews.com/2023/01/23/kolam-renang-aer-ujang-di-kota-bitung-sulawesi-utara-berada-di-kolong-jalan-tol
Bukit Teletabis Pantai Tulap,"52HJ+46G, Tulap, Kecamatan Kombi, Kabupaten Minahasa, Sulawesi Utara, Indonesia",Kabupaten Minahasa,Sulawesi Utara,0.0,Gratis,https://www.idntimes.com/travel/destination/10-potret-pantai-tulap-sulawesi-utara-lanskap-alamnya-menghipnotis-01-mth91-z1dxdr
Pulau Pontein Tumbak,"XV3H+FV6, Tumbak, Pusomaen, Kabupaten Minahasa Tenggara, Sulawesi Utara 95997, Indonesia",Kabupaten Minahasa Tenggara,Sulawesi Utara,5000.0,Murah,https://travel.tribunnews.com/2025/06/02/7-tempat-wisata-terbaik-di-minahasa-tenggara-sulawesi-utara-eksotis-alami-dan-jarang-tersentuh
Wisata Bahari LantowuaBeach,"Lantowua, Kec. Rarowatu Utara, Kabupaten Bombana, Sulawesi Tenggara, Indonesia",Kabupaten Bombana,Sulawesi Tenggara,0.0,Gratis,-
Pantai Bengel,"Desa Mutiara Laut, Tanjung Karang, Kel. Tomilito, XX72+P75, Tj. Karang, Kec. Kwandang, Kabupaten Gorontalo Utara, Gorontalo 96252, Indonesia",Kabupaten Gorontalo Utara,Gorontalo,5000.0,Murah,https://travel.kompas.com/read/2021/09/15/121700227/itinerary-3-hari-2-malam-di-gorontalo-wisata-ke-benteng-otanaha
Wisata Modern Sampoddo,"W6VG+FJ3, Padang Kalua, Kec. Bua, Kabupaten Luwu, Sulawesi Selatan 91959, Indonesia",Kabupaten Luwu,Sulawesi Selatan,10000.0,Sedang,https://sisparnas.kemenpar.go.id/p/55676
maymaR kavling,"Tetey, Kabupaten Minahasa Utara",Kabupaten Minahasa,Sulawesi Utara,75000.0,Mahal,https://rumah.mitula.co.id/rumah/tanah-minahasa-utara
Lokawisata Tepi Desa,"HX77+3CW, Pilobuhuta, Kec. Batudaa, Kabupaten Gorontalo, Gorontalo 96271, Indonesia",Kabupaten Gorontalo,Gorontalo,0.0,Gratis,https://gorontalo.tribunnews.com/2025/07/13/objek-wisatadesa-pilobuhuta-gorontalo-berenang-sepuasnya-cukup-bayar-rp-5-ribu
Bulu Ponre,"Bulu Ponre, Salebba, Kec. Ponre, Kabupaten Bone, Sulawesi Selatan, Indonesia",Kabupaten Bone,Sulawesi Selatan,5000.0,Murah,https://travel.tribunnews.com/destinasi/140539/pantai-togeo-bone-sulawesi-selatan-tiket-masuk-lokasi-panduan-rute
Kolam labuh bentengnge,"C5QW+M5J, Bentengnge",Kabupaten Pinrang,Sulawesi Selatan,1000.0,Murah,https://superapps.kompas.com/read/4059010/harga-tiket-masuk-museum-benteng-vredeburg-2022-untuk-liburan-akhir-pekan-ke-jogja
Puncak lengkoan,"6RM4+QRG, Jl. Albert, Leilem Dua, Kabupaten Minahasa",Kabupaten Minahasa,Sulawesi Utara,0.0,Gratis,https://travel.kompas.com/read/2024/11/18/201500927/aer-konde-ratahan-minahasa--harga-tiket-lokasi-dan-jam-buka
Pantai toweni,"37X6+7PP, Nambaru, Kec. Parigi Sel., Kabupaten Parigi Moutong, Sulawesi Tengah, Indonesia",Kabupaten Parigi Moutong,Sulawesi Tengah,-,-,-
Pasir Putih Tolala,"23R7+CMF, Bahari, Kec. Tolala, Kabupaten Kolaka Utara, Sulawesi Tenggara 93955, Indonesia",Kabupaten Kolaka Utara,Sulawesi Tenggara,0.0,Gratis,https://www.idntimes.com/travel/destination/wisata-terbaru-di-kolaka-sulawesi-utara-00-j73nz-0d0d13
Pantai Wisata Kambunong,"28V7+PF6, Kambunong, Kec. Karossa, Kabupaten Mamuju, Sulawesi Barat 91563, Indonesia",Kabupaten Mamuju,Sulawesi Barat,0,Gratis,https://www.trepelin.com/pantai-kambunong-3844
Pantai Babatoa Lapeo Campalagian,"G44M+7V7, Lapeo, Kec. Campalagian, Kabupaten Polewali Mandar, Sulawesi Barat, Indonesia",Kabupaten Polewali Mandar,Sulawesi Barat,0.0,Gratis,https://sulbar.tribunnews.com/2025/04/18/yuk-wisata-pantai-babatoa-polman-ada-banana-boat-daya-tarik-baru-untuk-wisatawan
"Tambatan Perahu Dulangeya, Kec. Botumoito","F6PM+V7H, Dulangeya, Kec. Botumoito, Kabupaten Boalemo, Gorontalo 96264, Indonesia",Kabupaten Boalemo,Gorontalo,-,-,-
Pantai idaman,"WHC8+56M, Dulukapa, Kec. Sumalata, Kabupaten Gorontalo Utara, Gorontalo 96254, Indonesia",Kabupaten Gorontalo Utara,Gorontalo,3000,Murah,https://travel.tribunnews.com/2024/09/01/tarif-snorkeling-dan-diving-ketemu-hiu-paus-gorontalo-harga-di-bawah-rp-100-ribu
Kampung Wisata Cilallang,"Balang Taroang, Kec. Bulukumpa, Kabupaten Bulukumba, Sulawesi Selatan 92552, Indonesia",Kabupaten Bulukumba,Sulawesi Selatan,5000.0,Murah,https://www.detik.com/sulsel/wisata/d-6312883/11-tempat-wisata-di-bulukumba-suguhan-alam-eksotis-hingga-kawasan-adat
Buntu Singki,"Buntu Singki, Mentirotiku, Kec. Rantepao, Kabupaten Toraja Utara, Sulawesi Selatan, Indonesia",Kabupaten Toraja Utara,Sulawesi Selatan,15000.0,Sedang,https://www.rakyatsatu.com/2019/01/tarik-retribusi-15-ribu-begini.html
Air terjun fire keeper,"6R56+5MP, Sarambu, Kec. Buntu Pepasan, Kabupaten Toraja Utara, Sulawesi Selatan, Indonesia",Kabupaten Toraja Utara,Sulawesi Selatan,10000.0,Sedang,https://www.detik.com/sulsel/wisata/d-7855810/8-wisata-di-tana-toraja-yang-unik-dan-bersejarah-untuk-liburan-keluarga
Wisata alam desa tiromanda,"Tiromanda, Kec. Bua, Kabupaten Luwu, Sulawesi Selatan 91991, Indonesia",Kabupaten Luwu,Sulawesi Selatan,5000.0,Murah,https://video.tribunnews.com/travel/292823/harga-tiket-masuk-destinasi-wisata-instagramable-di-yogyakarta-ada-yang-bayar-seikhlasnya
Wisata Alam Gua Batu Putih,"CJHW+Q7F, Unnamed Road, Lagego",Kota Bitung,Sulawesi Utara,2000.0,Murah,https://kataomed.com/alam/harga-tiket-batu-angkruk-dieng-spot-baru-melihat-lautan-awan
Pantai taipa,"G78P+V5F, Magani, Kec. Nuha, Kabupaten Luwu Timur, Sulawesi Selatan 92983, Indonesia",Kabupaten Luwu Timur,Sulawesi Selatan,5000.0,Murah,https://travel.tribunnews.com/destinasi/140539/pantai-togeo-bone-sulawesi-selatan-tiket-masuk-lokasi-panduan-rute
Danau Gunung Klabat,"F23H+HR, Airmadidi Atas, Kec. Airmadidi, Kabupaten Minahasa Utara, Sulawesi Utara, Indonesia",Kabupaten Minahasa Utara,Sulawesi Utara,20000.0,Mahal,https://travel.kompas.com/read/2024/11/26/090500327/bukit-tetetana-suluan-minahasa--daya-tarik-jam-buka-dan-lokasi
GPdI Bukit Hermon,"F44R+65P, Girian Indah, Kec. Girian, Kota Bitung, Sulawesi Utara, Indonesia",Kota Bitung,Sulawesi Utara,-,-,-
Pemancingan Binangga Tirta Alam,"Jl. Tadulako, Padende, Kabupaten Sigi",Kabupaten Sigi,Sulawesi Tengah,-,-,-
Pantai Penghibur Kota Poso,"JQ94+XCG, Jl. Pattimura, Lawanga, Kec. Poso Kota Utara, Kabupaten Poso, Sulawesi Tengah 94615, Indonesia",Kabupaten Poso,Sulawesi Tengah,0,Gratis,https://interkini.co/6-destinasi-wisata-seru-di-kabupaten-poso-pesonanya-bikin-betah-berlama-lama/
Pesona Bali,"QM8R+495, Lambelu, Kec. Bumi Raya, Kabupaten Morowali, Sulawesi Tengah 94976, Indonesia",Kabupaten Morowali,Sulawesi Tengah,-,-,-
Batu Payung,"39XV+33P, Kec. Petasia, Kabupaten Morowali Utara, Sulawesi Tengah 12230, Indonesia",Kabupaten Morowali Utara,Sulawesi Tengah,-,-,-
Wisata Mangrove Desa Lomba,"35W2+WJP, Bahari Makmur, Kec. Lamala, Kabupaten Banggai, Sulawesi Tengah 94771, Indonesia",Kabupaten Banggai,Sulawesi Tengah,50000.0,Mahal,https://jadesta.kemenpar.go.id/atraksi/92109
Pantai Puuloro,"4H2H+5MR, Waworaha, Soropia, Kabupaten Konawe, Sulawesi Tenggara, Indonesia",Kabupaten Konawe,Sulawesi Tenggara,0.0,Gratis,https://travel.tribunnews.com/destinasi/141416/harga-tiket-paddle-board-di-pantai-anggalo-konawe-untuk-liburan-akhir-tahun
Gunung BATU SANGIA,"PVWJ+534, Rahadopi, Kec. Kabaena, Kabupaten Bombana, Sulawesi Tenggara 93781, Indonesia",Kabupaten Bombana,Sulawesi Tenggara,0,Gratis,https://www.geokepo.id/id/lokasi/bombana/gunung-sangia-wita
Museum Bharugano Wuna,"5P8H+X29, Jl. By Pass Raha, Kabupaten Muna, Sulawesi Tenggara 93611, Indonesia",Kabupaten Muna,Sulawesi Tenggara,0.0,Gratis,-
Air terjun taluditi,"JQXX+97F, Mekarti Jaya, Kec. Taluditi, Kabupaten Pohuwato, Gorontalo, Indonesia",Kabupaten Pohuwato,Gorontalo,0,Gratis,https://tempatwisataseru.com/tempat-wisata-di-gorontalo/
Pasir Hijau Batara Malong,"Jln poros, Ulusaddang, Kec. Lembang, Kabupaten Pinrang, Sulawesi Selatan 95134, Indonesia",Kabupaten Pinrang,Sulawesi Selatan,5000.0,Murah,https://travel.tribunnews.com/2025/08/13/harga-tiket-masuk-pantai-ujung-batu-di-barru-sulawesi-selatan-panduan-rute-dari-makassar
Bendungan Bokong,"G3JV+6PH, Gattareng, Kabupaten Bulukumba",Kabupaten Bulukumba,Sulawesi Selatan,10000,Sedang,https://jadesta.kemenpar.go.id/atraksi/permandian_abokong
PANTAI TANJUNG RIA,"C439+3RW, Manembo-Nembo, Kec. Matuari, Kota Bitung, Sulawesi Utara, Indonesia",Kota Bitung,Sulawesi Utara,-,-,-
Pantai Vaname,"4CWX+9V, Bugis, Kabupaten Buol, Sulawesi Tengah, Indonesia",Kabupaten Buol,Sulawesi Tengah,-,-,-
Permandian Gua Wandigi,"GR3R+82G, Kambula Mbulana, Kabupaten Buton",Kabupaten Buton,Sulawesi Tenggara,-,-,-
Pantai MHG,"GJH2+93F, Lalolang, Kec. Tanete Rilau, Kabupaten Barru, Sulawesi Selatan 90761, Indonesia",Kabupaten Barru,Sulawesi Selatan,0.0,Gratis,https://www.detik.com/sulsel/wisata/d-6515417/padang-indah-barru-menikmati-hamparan-bukit-hijau-yang-mempesona
Tugu Perdamaian PERMESTA Dan Pusat,"6JFC+3V2, Malenos Baru, Kec. Amurang Tim., Kabupaten Minahasa Selatan, Sulawesi Utara, Indonesia",Kabupaten Minahasa Selatan,Sulawesi Utara,-,-,-
Objek Wisata Telaga Lotta Indah,"WP28+8H6, Moronge Sel. I, Kec. Moronge, Kabupaten Kepulauan Talaud, Sulawesi Utara, Indonesia",Kabupaten Kepulauan Talaud,Sulawesi Utara,-,-,-
Permandian Tanjung Kaobula Kotamara,"Waborobo, Kota Bau-Bau",Kota Bau-Bau,Sulawesi Tenggara,2000.0,Murah,https://travel.detik.com/cerita-perjalanan/d-5402730/ini-dia-daftar-harga-tiket-masuk-taman-hiburan-top
Gua Tengkorak / Gua Lawolatu,"P22Q+G56, Lapai, Kec. Ngapa, Kabupaten Kolaka Utara, Sulawesi Tenggara 93958, Indonesia",Kabupaten Kolaka Utara,Sulawesi Tenggara,5000,Murah,https://haluansultra.id/2025/11/10/gua-tengkorak-desa-lawolatu-kolaka-utara-destinasi-wisata-menantang-nyali/
Taman Pobundayan,"P873+78J, Jl. DC. Manoppo, Pobundayan, Kec. Kotamobagu Sel., Kota Kotamobagu, Sulawesi Utara, Indonesia",Kota Kotamobagu,Sulawesi Utara,10000.0,Sedang,https://travel.tribunnews.com/2025/09/08/taman-wisata-pelangi-tomohon-sulut-daya-tarik-harga-tiket-masuk-lokasi-panduan-rute
Gunung Rantemario,"Gn. Rantemario, To'lajuk, Kec. Latimojong, Kabupaten Luwu, Sulawesi Selatan, Indonesia",Kabupaten Luwu,Sulawesi Selatan,60000.0,Mahal,https://www.gunungbagging.com/rantemario/
Cagar Alam Gunung Tinombala,"Unnamed Road, HMRM+X3R, Ogobayas, Mepanga, Parigi Moutong Regency, Central Sulawesi 94552, Indonesia",Kabupaten Parigi Moutong,Sulawesi Tengah,20000.0,Mahal,https://www.traveloka.com/id-id/activities
"FATUTOKO,GERESA,BUNGKU TIMUR,MOROWALI","82HM+6C2, Geresa, Kec. Bungku Tengah, Kabupaten Morowali, Sulawesi Tengah, Indonesia",Kabupaten Morowali,Sulawesi Tengah,10000.0,Sedang,https://keluyuran.com/tempat-wisata-di-morowali/
PERMANDIAN MULTI BAITO,"Q8RC+5XQ, Baito, Kec. Baito, Kabupaten Konawe Selatan, Sulawesi Tenggara 93883, Indonesia",Kabupaten Konawe Selatan,Sulawesi Tenggara,3000.0,Murah,https://jambi.tribunnews.com/2018/06/09/tempat-wisata-baru-di-tebo-permandian-air-panas-sungai-bengkal-ini-harga-tiket-masuk
Mata Air Wolio,"3QF2+67Q, Lakarinta, Kabupaten Muna",Kabupaten Muna,Sulawesi Tenggara,10000.0,Sedang,https://travel.tribunnews.com/2020/07/14/harga-tiket-masuk-alas-harum-bali-tempat-wisata-instagramable-dengan-wahana-ekstrem
Pantai Onowa,"QG2P+QV2, Waha, Wangi-Wangi Sel., Kabupaten Wakatobi, Sulawesi Tenggara, Indonesia",Kabupaten Wakatobi,Sulawesi Tenggara,-,-,-
JEMBATAN GANTUNG CENDANA HITAM,"Cendana Hitam Tim., Kec. Tomoni Tim., Kabupaten Luwu Timur, Sulawesi Selatan 92985, Indonesia",Kabupaten Luwu Timur,Sulawesi Selatan,15000.0,Sedang,https://tamasyayok.blogspot.com/2021/11/jembatan-gantung-bantimurung-tamasya-yok.html
Pantai Dodap,"Pantai Dodap, Bolaamongondow, Dodap Pantai, Kec. Tutuyan, Kabupaten Bolaang Mongondow Timur, Sulawesi Utara, Indonesia",Kabupaten Bolaang Mongondow Timur,Sulawesi Utara,25000.0,Mahal,https://www.kaskus.co.id/thread/58ce5a66a09a3993348b4584/surga-wisata-tersembunyi-di-boolang-mongndow-timur
Situs Cagar Budaya Lumpang Batu Desa Bangga,"QW4G+H55, Desa, Bangga, Kec. Dolo Sel., Kabupaten Sigi, Sulawesi Tengah 94361, Indonesia",Kabupaten Sigi,Sulawesi Tengah,-,-,-
Permandian Desa Balayon,"F6PX+37P, Balayon, Kec. Liang, Kabupaten Banggai Kepulauan, Sulawesi Tengah 94883, Indonesia",Kabupaten Banggai Kepulauan,Sulawesi Tengah,-,-,-
Wisata Pantai Ompotian,"6H88+J97, Jl. Trans Sulawesi, Pakowa, Pagimana, Kabupaten Banggai, Sulawesi Tengah 94752, Indonesia",Kabupaten Banggai,Sulawesi Tengah,50000,Mahal,https://luwukbanggai.com/petualangan-banggai-sulawesi-terbaik/
Pantai BMW,"96H3+FWG, Bandaeha, Kec. Molawe, Kabupaten Konawe Utara, Sulawesi Tenggara, Indonesia",Kabupaten Konawe Utara,Sulawesi Tenggara,-,-,-
pantai langkowala,"pantai langkowala, Unnamed Road, Lantowua, Kec. Rarowatu Utara, Kabupaten Bombana, Sulawesi Tenggara 93771, Indonesia",Kabupaten Bombana,Sulawesi Tenggara,0,Gratis,https://www.celebes.co/tempat-wisata-bombana
Benteng Kotano Wuna,"Lakologou, Kec. Tongkuno, Kabupaten Muna, Sulawesi Tenggara 93352, Indonesia",Kabupaten Muna,Sulawesi Tenggara,5000,Murah,https://wisatago.com/pulau-muna/
AGROWISATA BUKIT MOLOKU,"CWXR+R7M, Totoli, Kec. Banggae, Kabupaten Majene, Sulawesi Barat 91415, Indonesia",Kabupaten Majene,Sulawesi Barat,-,-,-
Pantai Burung-Burung (PBB),"Pantai Burung-Burung (PBB), Kolakaasi, Kec. Latambaga, Kabupaten Kolaka, Sulawesi Tenggara 93511, Indonesia",Kabupaten Kolaka,Sulawesi Tenggara,0,Gratis,https://www.idntimes.com/travel/destination/wisata-terbaru-di-kolaka-sulawesi-utara-00-j73nz-0d0d13
Kampung Wisata Bulo,"PRFM+HFM, Parigi, Kec. Tinggimoncong, Kabupaten Gowa, Sulawesi Selatan, Indonesia",Kabupaten Gowa,Sulawesi Selatan,0.0,Gratis,https://travel.detik.com/domestic-destination/d-7465518/15-tempat-pariwisata-gowa-daya-tarik-lokasi-harga-tiket
"Mini Zoo, Rumah Alam Manado","FVHQ+WJ, Kairagi Weru, Kec. Paal Dua, Kota Manado, Sulawesi Utara, Indonesia",Kota Manado,Sulawesi Utara,25000.0,Mahal,https://www.tiktok.com/@mdoguide/video/7507260117251886341
Pantai Poa,"Pantai Poa, Nanusa, Nusa Tabukan, Sangihe Islands Regency, North Sulawesi, Indonesia",Kabupaten Kepulauan Sangihe,Sulawesi Utara,10000.0,Sedang,https://travel.detik.com/domestic-destination/d-4769229/5-fakta-menarik-pantai-banyu-meneng-yang-indah-di-malang
TASUMARO,"JGHC+GVJ, Tola, Kabupaten Kepulauan Sangihe",Kabupaten Kepulauan Sangihe,Sulawesi Utara,-,-,-
Teluk Lalong,"CH2R+4M, Pasir Putih, Kec. Banggai, Kabupaten Banggai Kepulauan, Sulawesi Tengah, Indonesia",Kabupaten Banggai Kepulauan,Sulawesi Tengah,50000.0,Mahal,https://travel.detik.com/domestic-destination/d-3729265/keajaiban-di-luwuk-ada-teluk-di-dalam-teluk
Danau Rano Iwoi Tekonda,"F3Q9+XR6, Wanggudu, Kec. Asera, Kabupaten Konawe Utara, Sulawesi Tenggara 93353, Indonesia",Kabupaten Konawe Utara,Sulawesi Tenggara,0.0,Gratis,https://www.acc.co.id/info-terkini/7-wisata-bahari-di-sulawesi-tenggara-surganya-keindahan-laut
Bone Marangi,"HG6M+87, Wara, Kabupaten Buton",Kabupaten Buton,Sulawesi Tenggara,-,-,-
GPdI Bukit Hermon Kolaka,"XH2V+9MF, Sakuli, Kec. Latambaga, Kabupaten Kolaka, Sulawesi Tenggara 93511, Indonesia",Kabupaten Kolaka,Sulawesi Tenggara,-,-,-
Bendungan Loko,"MPGR+G6, Kamelanta, Kec. Kapontori, Kabupaten Buton, Sulawesi Tenggara 93755, Indonesia",Kabupaten Buton,Sulawesi Tenggara,5000.0,Murah,https://www.youtube.com/watch?v=DT9G2eqlAPk
Wisata alam tangga 1000,"JC33+M45, Dusun Kaola, Batetangnga, Kec. Binuang, Kabupaten Polewali Mandar, Sulawesi Barat, Indonesia",Kabupaten Polewali Mandar,Sulawesi Barat,0.0,Gratis,https://travel.detik.com/domestic-destination/d-4375428/polewali-mandar-punya-air-terjun-yang-cantik-banget
BUKIT GORESAN TIMUATO,"J2FG+JWM, Jl. Gorontalo Outer Ring Road, Timuato, Kec. Telaga Biru, Kabupaten Gorontalo, Gorontalo 96181, Indonesia",Kabupaten Gorontalo,Gorontalo,-,-,-
Sarambu Sikore,"3PQ5+CGG, Awan, Kec. Awan Rante Karua, Kabupaten Toraja Utara, Sulawesi Selatan 91856, Indonesia",Kabupaten Toraja Utara,Sulawesi Selatan,10000.0,Sedang,https://www.tripadvisor.co.id/Attraction_Review-g8838499-d9862347-Reviews-Sarambu_Sikore_Waterfall-Tana_Toraja_South_Sulawesi_Sulawesi.html
AIR TERJUN REMA TAMBOKE,"FFFC+F33, DESA, Tamboke, Kec. Sukamaju, Kabupaten Luwu Utara, Sulawesi Selatan 92963, Indonesia",Kabupaten Luwu Utara,Sulawesi Selatan,-,-,-
Pantai Desa Tamit (Tamit Paradise),"3H5H+HC, Tamit, Kec. Bunobogu, Kabupaten Buol, Sulawesi Tengah, Indonesia",Kabupaten Buol,Sulawesi Tengah,-,-,-
Pantai One-One,"79FR+9R, Taipa, Kabupaten Konawe Utara, Sulawesi Tenggara, Indonesia",Kabupaten Konawe Utara,Sulawesi Tenggara,0.0,Gratis,-
Pantai watiginanda,"8MHJ+Q5X, Jl. Gajah Mada, Bangun, Kec. Sampolawa, Kabupaten Buton, Sulawesi Tenggara, Indonesia",Kabupaten Buton,Sulawesi Tenggara,-,-,-
Bukit Bonto Payung,"7P67+XQR, Pujananting, Kec. Pujananting, Kabupaten Barru, Sulawesi Selatan 90762, Indonesia",Kabupaten Barru,Sulawesi Selatan,0.0,Gratis,https://www.detik.com/sulsel/wisata/d-6515417/padang-indah-barru-menikmati-hamparan-bukit-hijau-yang-mempesona
Wisata Alam Chaputo,"MRMG+RG4, Pesse, Kec. Donri Donri, Kabupaten Soppeng, Sulawesi Selatan, Indonesia",Kabupaten Soppeng,Sulawesi Selatan,3000.0,Murah,https://www.detik.com/sulsel/wisata/d-6527369/15-tempat-wisata-di-soppeng-pesona-keindahan-alam-hingga-peninggalan-sejarah
Pantai Appatanah,"Pantai Appatanah, Appatanah, Bontosikuyu, Selayar Islands Regency, South Sulawesi, Indonesia",Kabupaten Kepulauan Selayar,Sulawesi Selatan,4500.0,Murah,https://seputarpangandaran.com/harga-tiket-masuk-objek-wisata-pantai-pangandaran/
Pantai Seribu Kelapa,"Sarude, Kec. Sarjo, Kab. Pasangkayu, Sulawesi Barat 91591, Indonesia",Kabupaten Kepulauan Sangihe,Sulawesi Utara,-,-,-
Poentjak Unsongi Indah,"92H3+56, Unsongi, Kabupaten Morowali",Kabupaten Morowali,Sulawesi Tengah,-,-,-
Wisata Cekdam Lagading,"538G+5MJ, Unnamed Road, Lagading, Kec. Pitu Riase, Kabupaten Sidenreng Rappang, Sulawesi Selatan 91691, Indonesia",Kabupaten Sidenreng Rappang,Sulawesi Selatan,-,-,-
Air Terjun Batu Lukis,"3PJ4+47C, Ulu Mowewe, Mowewe, Kabupaten Kolaka Timur, Sulawesi Tenggara 93517, Indonesia",Kabupaten Kolaka Timur,Sulawesi Tenggara,5000.0,Murah,https://sultra.tribunnews.com/2022/10/09/lima-destinasi-wisata-air-terjun-di-sulawesi-tenggara-andawe-konawe-hingga-tetewa-kolaka-timur
Air Terjun Borisallo,"QMG8+32, Belapunranga, Kec. Parangloe, Kabupaten Gowa, Sulawesi Selatan 92173, Indonesia",Kabupaten Gowa,Sulawesi Selatan,5000.0,Murah,https://wisatarakyat.com/air-terjun-takapala-gowa-lokasi-harga-tiket-jam-buka-daya-tarik-fasilitas/
Bulu tombolo,"Unnamed Road, 2P2Q+CVH, Labuaja, Kec. Cenrana, Kabupaten Maros, Sulawesi Selatan 90561, Indonesia",Kabupaten Maros,Sulawesi Selatan,10000.0,Sedang,https://www.konteks.co.id/lifestyle/163805669/4-tempat-wisata-di-maros-untuk-liburan-lengkap-dari-wisata-alam-hingga-situs-prasejarah
"Lamperangan, Desa Kabba, Kec. Minasatene","4HQV+F9M, Kabba, Kec. Minasatene, Kabupaten Pangkajene Dan Kepulauan, Sulawesi Selatan 90614, Indonesia",Kabupaten Pangkajene Dan Kepulauan,Sulawesi Selatan,10000.0,Sedang,https://sulsel.jadesta.com/desa/lamperangan_desa_kabba
SUAR MENARA INDAH,"7F6P+38Q, Menara Indah, Kec. Bontomatene, Kab. Kepulauan Selayar, Sulawesi Selatan, Indonesia",Kabupaten Kepulauan Selayar,Sulawesi Selatan,5000.0,Murah,https://www.detik.com/sulsel/wisata/d-7331594/10-spot-wisata-di-kawasan-tanjung-bira-bulukumba-yang-wajib-dikunjungi
Wisata Sawah Kurusumanga,"J88M+FW6, Kurusumanga, Kec. Belopa, Kabupaten Luwu, Sulawesi Selatan 91994, Indonesia",Kabupaten Luwu,Sulawesi Selatan,2000.0,Murah,https://linisiar.id/ini-dia-wisata-sawah-andalan-di-luwu-cocok-untuk-foto-foto/
DERMAGA APUNG TAHUNA,"JF5R+5G7, pelabuhan tua, Kec. Tahuna, Kabupaten Kepulauan Sangihe, Sulawesi Utara, Indonesia",Kabupaten Kepulauan Sangihe,Sulawesi Utara,-,-,-
Pantai Bone Moute,"9HRH+228, Pasir Putih, Kec. Banggai, Kab. Banggai Laut, Sulawesi Tengah, Indonesia",Kabupaten Banggai,Sulawesi Tengah,-,-,-
Wisata papalimbang Kendari,"2HCM+5Q7, Unnamed Road, Lapulu, Kota Kendari, Sulawesi Tenggara, Indonesia",Kota Kendari,Sulawesi Tenggara,5000.0,Murah,https://sultra.tribunnews.com/kendari/85235/5-obyek-wisata-dalam-kota-kendari-sulawesi-tenggara-saat-long-weekend-mulai-rp5-ribu?page=all
Pantai Pising,"Pantai Pising, Mapila, Kabaena Utara, Kabupaten Bombana, Sulawesi Tenggara 93781, Indonesia",Kabupaten Bombana,Sulawesi Tenggara,0,Gratis,https://kataomed.com/jadwal-kapal/jadwal-kapal-dari-kasipute-rumbia-ke-sikeli-tanjung-pising-dan-sebaliknya
Goa maobu,"M9PW+HFH, Lalibo, Kec. Mawasangka Tengah, Kabupaten Buton, Sulawesi Tenggara, Indonesia",Kabupaten Buton,Sulawesi Tenggara,5000,Murah,https://www.geokepo.id/id/lokasi/buton-tengah/gua-maobu
Telaga Sendow,"Telaga Sendow, Kopiwangker, Kec. Langowan Bar., Kabupaten Minahasa, Sulawesi Utara, Indonesia",Kabupaten Minahasa,Sulawesi Utara,20000.0,Mahal,https://manado.tribunnews.com/2024/05/26/7-tempat-wisata-alam-di-kabupaten-minahasa-sulawesi-utara-ada-yang-pernah-viral?page=all
Air Terjun Desa Sauk,"RX84+G3F, Sauk, Kec. Lolak, Kabupaten Bolaang Mongondow, Sulawesi Utara, Indonesia",Kabupaten Bolaang Mongondow,Sulawesi Utara,0.0,Gratis,https://www.floreseditorial.com/wisata/39715998105/10-destinasi-hits-di-bolaang-mongondow-yang-wajib-dikunjungi-para-traveller
Uwe Molino,"2QRJ+V5P, Tontouan",Kabupaten Banggai,Sulawesi Tengah,0.0,Gratis,-
Binotik,"68PF+QWH, Lipulalongo, Labobo, Kab. Banggai Laut, Sulawesi Tengah, Indonesia",Kabupaten Banggai,Sulawesi Tengah,-,-,-
Labotan Bone,"R256+GMH, Ombuli, Kec. Bulagi Utara, Kabupaten Banggai Kepulauan, Sulawesi Tengah, Indonesia",Kabupaten Banggai Kepulauan,Sulawesi Tengah,50000,Mahal,https://luwukbanggai.com/petualangan-banggai-sulawesi-terbaik/
Pantai Majapahit,"8JM9+VJW, Jl. Poros Batauga, Katilombu, Kec. Sampolawa, Kabupaten Buton, Sulawesi Tenggara 93752, Indonesia",Kabupaten Buton,Sulawesi Tenggara,5000.0,Murah,https://travel.kompas.com/read/2016/05/09/061032327/Pantai.Lembo.Tempat.Favorit.Warga.Buton.Mengisi.Akhir.Pekan
Wisata KAREDE (Permandian Air Hangat),"5XPJ+4GC, Jl. Ronta-Buranga, Een Sumala, Kec. Bonegunu, Kabupaten Buton Utara, Sulawesi Tenggara 93673, Indonesia",Kabupaten Buton Utara,Sulawesi Tenggara,3000.0,Murah,https://jambi.tribunnews.com/2018/06/09/tempat-wisata-baru-di-tebo-permandian-air-panas-sungai-bengkal-ini-harga-tiket-masuk
Bahari Nusantara Mosso Mario,"HVP9+94G, Mosso Dhua, Kec. Sendana, Kabupaten Majene, Sulawesi Barat 91452, Indonesia",Kabupaten Majene,Sulawesi Barat,5000.0,Murah,https://regional.kompas.com/read/2024/10/23/183545378/pantai-barane-majene-daya-tarik-aktivitas-dan-harga-tiket
Pantai Indah Pannara,"7QXC+82X, Empoang Sel., Kabupaten Jeneponto",Kabupaten Jeneponto,Sulawesi Selatan,5000.0,Murah,https://www.detik.com/sulsel/wisata/d-6896687/10-rekomendasi-tempat-wisata-di-jeneponto-untuk-liburan-seru
Tanjung Baloiya,"QCRW+R4W, Bontotangnga, Kab. Kepulauan Selayar",Kabupaten Kepulauan Selayar,Sulawesi Selatan,5000.0,Murah,https://travel.kompas.com/read/2025/05/23/082000927/harga-tiket-masuk-tn-baluran-terkini-hari-kerja-dan-libur-beda
Air Terjun Lagandang,"Unnamed Road, GQ2G+27X, Bamba Puang, Kec. Anggeraja, Kabupaten Enrekang, Sulawesi Selatan 91752, Indonesia",Kabupaten Enrekang,Sulawesi Selatan,-,-,-
Pantai Wisata Kendahe,"Pantai Wisata Kendahe, Kendahe I, Kendahe, Kabupaten Kepulauan Sangihe, Sulawesi Utara, Indonesia",Kabupaten Kepulauan Sangihe,Sulawesi Utara,10000,Sedang,https://www.lupalibur.com/tempat-wisata-kepulauan-sangihe
Pulau Terluar Indonesia,"HH5M+VJ, Miangas, Kabupaten Kepulauan Talaud, Sulawesi Utara, Indonesia",Kabupaten Kepulauan Talaud,Sulawesi Utara,3000.0,Murah,https://m.tribunnews.com/travel/2015/07/15/bentor-transportasi-di-kepulauan-talaud-sulut-tarifnya-bisa-berubah-tergantung-wajah-anda
Bukit Tinabitte,"FVRC+MFW, Tinabite, Kec. Lantari Jaya, Kabupaten Bombana, Sulawesi Tenggara, Indonesia",Kabupaten Bombana,Sulawesi Tenggara,-,-,-
Tepi Laut Mamuju,"8VCJ+V52, Rimuku, Kabupaten Mamuju, Sulawesi Barat, Indonesia",Kabupaten Mamuju,Sulawesi Barat,0.0,Gratis,https://travel.kompas.com/read/2021/10/26/160721427/itinerary-3-hari-2-malam-di-mamuju-sulawesi-barat-wisata-air-terjun-tamasapi
Air Terjun MATARUTUNG,"Jalan Trans Sulawesi, Trans bunta, Kec. Petasia, Kabupaten Morowali Utara, Sulawesi Tengah 94971, Indonesia",Kabupaten Morowali Utara,Sulawesi Tengah,5000.0,Murah,https://keluyuran.com/tempat-wisata-di-morowali/
KOLAM RENANG TIRTABARAS,"HC6G+F79, Jln. Nusalontar, Lelejae",Kabupaten Majene,Sulawesi Barat,5000.0,Murah,https://www.tiktok.com/discover/harga-tiket-kolam-renang-duta-garden
pantai pasir putih rangas,"CWJP+X35, Rangas Bar., Totoli, Kabupaten Majene",Kabupaten Majene,Sulawesi Barat,5000.0,Murah,https://regional.kompas.com/read/2024/10/23/183545378/pantai-barane-majene-daya-tarik-aktivitas-dan-harga-tiket
Destinasi digital Kampung Natal,"39HP+9QC, Tondok Bakaru, Kec. Mamasa, Kabupaten Mamasa, Sulawesi Barat 91362, Indonesia",Kabupaten Mamasa,Sulawesi Barat,5000,Murah,https://sulbar.tribunnews.com/2024/12/21/indahnya-wisata-kampung-natal-tondok-bakaru-mamasa-pernak-pernik-lampu-manjakan-mata-pengunjung
WISATA BUNGA BUKIT CINTA,"JGJM+3X3, Tenilo, Kec. Paguyaman, Kabupaten Boalemo, Gorontalo 96261, Indonesia",Kabupaten Boalemo,Gorontalo,10000.0,Sedang,https://travel.detik.com/fototravel/d-6727485/indahnya-wisata-hamparan-bunga-di-gorontalo
Monumen Tantangan Ewako,"Jl. Poros Tonasa No.2, Padoang Doangan, Kec. Pangkajene, Kabupaten Pangkajene Dan Kepulauan, Sulawesi Selatan 90614, Indonesia",Kabupaten Pangkajene Dan Kepulauan,Sulawesi Selatan,25000.0,Mahal,https://seringjalan.com/5-tempat-wisata-di-pangkajene-sulawesi-selatan/
Wisata pantai Losa,"Lebani, Kabupaten Mamuju",Kabupaten Mamuju,Sulawesi Barat,0.0,Gratis,https://www.prahu-hub.com/10-destinasi-wisata-di-mamuju/
Wisata Pasir Putih Makkerre,"GCFM+W5R, Jl. Poros Pinrang - Polman, Mirring, Kabupaten Polewali Mandar",Kabupaten Polewali Mandar,Sulawesi Barat,5000,Murah,https://sulsel.idntimes.com/travel/destination/5-wisata-pantai-di-polewali-mandar-ramai-dikunjungi-wisatawan-01-954ls-6dm4rb
Wisata Bahari Politani,"Wisata Bahari Politani, Mandalle, Pangkajene and Islands Regency, South Sulawesi 90655, Indonesia",Kabupaten Pangkajene Dan Kepulauan,Sulawesi Selatan,65000.0,Mahal,https://superapps.kompas.com/read/1358647/promo-tiket-masuk-wisata-bahari-lamongan-dan-maharani-zoo-and-goa-untuk-liburan-awal-tahun
Pantai Pondok Cinta,"V2P4+W27, Jalan, Motabang, Kec. Lolak, Kabupaten Bolaang Mongondow, Sulawesi Utara, Indonesia",Kabupaten Bolaang Mongondow,Sulawesi Utara,5000.0,Murah,https://travel.tribunnews.com/destinasi/141107/jam-buka-tiket-masuk-pantai-modisi-di-bolaang-mongondow-selatan-sulawesi-utara
Goa Latea,"6MV4+QR2, Tentena, Pamona Pusalemba, Kabupaten Poso, Sulawesi Tengah 94663, Indonesia",Kabupaten Poso,Sulawesi Tengah,10000.0,Sedang,https://travel.kompas.com/read/2025/05/20/200910127/bayar-tiket-masuk-danau-tambing-di-sulawesi-tengah-bisa-pakai-qris
Agrowisata Mekar Jaya Farm,"G5X7+F38, Unnamed Road, Duano, Kecamatan Suwawa Tengah, Kabupaten Bone Bolango, Gorontalo 96121, Indonesia",Kabupaten Bone Bolango,Gorontalo,-,-,-
Gunu Lambelu,"Gunu Lambelu, Konde, Kec. Kambowa, Kabupaten Buton Utara, Sulawesi Tenggara, Indonesia",Kabupaten Buton Utara,Sulawesi Tenggara,-,-,-
Buttu Dakka,"Buttu Dakka, Dakka, Kec. Tapango, Kabupaten Polewali Mandar, Sulawesi Barat, Indonesia",Kabupaten Polewali Mandar,Sulawesi Barat,5000.0,Murah,https://travel.detik.com/domestic-destination/d-4350031/liburan-santai-akhir-tahun-di-kali-biru-polewali-mandar
Buntu Tabuan,"Buntu Tabuan, Rinding Allo, Kec. Limbong, Kabupaten Luwu Utara, Sulawesi Selatan, Indonesia",Kabupaten Luwu Utara,Sulawesi Selatan,0.0,Gratis,-
Pantai Melasti Rayon Tambu,"Pantai Melasti Rayon Tambu, jl. pantai, tambu, Kec. Sausu, Kabupaten Parigi Moutong, Sulawesi Tengah 94473, Indonesia",Kabupaten Parigi Moutong,Sulawesi Tengah,-,-,-
Wisata Pemandian Air Panas Lombongo,"Jl. Taman Wisata, Lombongo, Kecamatan Suwawa Tengah, Kabupaten Bone Bolango, Gorontalo 96583, Indonesia",Kabupaten Bone Bolango,Gorontalo,5000.0,Murah,https://gorontalo.tribunnews.com/2024/01/28/kondisi-terkini-wisata-lombongo-gorontalo-kini-ada-tempat-spa-dan-sauna-hingga-foodcourt
KOTAMOBAGU,"Jl. Gatot Subroto, mongkonai induk, Kec. Kotamobagu Bar., Kota Kotamobagu, Sulawesi Utara, Indonesia",Kota Kotamobagu,Sulawesi Utara,0,Gratis,https://kelaswisata.id/wisata-di-kotamobagu/
Permandian Sulembe,"M2MJ+CMM, Unnamed Road, Watu Mutaha, Kec. Ngapa, Kabupaten Kolaka Utara, Sulawesi Tenggara 93958, Indonesia",Kabupaten Kolaka Utara,Sulawesi Tenggara,25000.0,Mahal,https://renangloka.com/pool/permandian-alam-lewaja/
Wisata Pantai Konawe Timur Tanjung Lalimbue,"4GJ5+967, Lalimbue, Kabupaten Konawe",Kabupaten Konawe,Sulawesi Tenggara,0.0,Gratis,https://travel.tribunnews.com/destinasi/141416/harga-tiket-paddle-board-di-pantai-anggalo-konawe-untuk-liburan-akhir-tahun
Air Terjun Bantimurungnge,"3RM9+8X5, Pattiro Deceng, Kec. Camba, Kabupaten Maros, Sulawesi Selatan 90562, Indonesia",Kabupaten Maros,Sulawesi Selatan,30000.0,Mahal,https://travel.kompas.com/read/2023/03/03/070000527/air-terjun-bantimurung-di-sulawesi-selatan--tiket-masuk-dan-aktivitas
Pantai atapange,"GHGX+PP2, Lalolang, Kec. Tanete Rilau, Kabupaten Barru, Sulawesi Selatan 90761, Indonesia",Kabupaten Barru,Sulawesi Selatan,5000.0,Murah,https://travel.tribunnews.com/2025/08/13/harga-tiket-masuk-pantai-ujung-batu-di-barru-sulawesi-selatan-panduan-rute-dari-makassar
Bukit Nanas Bette,"CM2W+47, Jangan-Jangan, Kec. Pujananting, Kabupaten Barru, Sulawesi Selatan, Indonesia",Kabupaten Barru,Sulawesi Selatan,0.0,Gratis,https://www.detik.com/sulsel/wisata/d-6515417/padang-indah-barru-menikmati-hamparan-bukit-hijau-yang-mempesona
Tugu tongku Tambee desa Landangi,"G4HG+HR, Matano, Kec. Nuha, Kabupaten Luwu Timur, Sulawesi Selatan 92983, Indonesia",Kabupaten Luwu Timur,Sulawesi Selatan,5000.0,Murah,https://travel.tribunnews.com/2025/08/13/harga-tiket-masuk-pantai-ujung-batu-di-barru-sulawesi-selatan-panduan-rute-dari-makassar
Humusu Beach,"GJW5+2WP, Kulur II, Kec. Tabukan Tengah, Kabupaten Kepulauan Sangihe, Sulawesi Utara, Indonesia",Kabupaten Kepulauan Sangihe,Sulawesi Utara,5000.0,Murah,https://travel.tribunnews.com/2025/02/05/healing-ke-pantai-lakban-di-minahasa-tenggara-sulawesi-utara-tiket-masuk-cuma-rp-5-ribu
BATU SENGGELOHE,"Unnamed Road, GF2P+R7R, Kec. Manganitu, Kabupaten Kepulauan Sangihe, Sulawesi Utara, Indonesia",Kabupaten Kepulauan Sangihe,Sulawesi Utara,-,-,-
Desa Wisata Towale 2019,"7MFJ+H59, Ampera - Surumana, Towale, Kec. Banawa Tengah, Kabupaten Donggala, Sulawesi Tengah 94351, Indonesia",Kabupaten Donggala,Sulawesi Tengah,0,Gratis,https://sulsel.idntimes.com/travel/destination/tempat-liburan-favorit-di-sulteng-ini-5-wisata-pantai-di-donggala-01-th4zz-44qgdy
Pasir putih/ Sivalenta bose,"RRM3+9G5, Lende, Kec. Sirenja, Kabupaten Donggala, Sulawesi Tengah, Indonesia",Kabupaten Donggala,Sulawesi Tengah,5000.0,Murah,https://newsmaker.tribunnews.com/2025/04/12/cuma-39-menit-dari-donggala-sulteng-ada-wisata-pantai-view-laut-gunung-sunset-tiket-rp-5-ribu
Pantai Matano,"FX7C+27, Matano, Kec. Bungku Tengah, Kabupaten Morowali, Sulawesi Tengah, Indonesia",Kabupaten Morowali,Sulawesi Tengah,-,-,-
Air Terjun Lalengan,"MR6R+7PX, Lalengan, Kec. Buko, Kabupaten Banggai Kepulauan, Sulawesi Tengah 94881, Indonesia",Kabupaten Banggai Kepulauan,Sulawesi Tengah,50000.0,Mahal,https://luwukbanggai.com/petualangan-banggai-sulawesi-terbaik/
Tebingkai,"M7GR+HH8, Jl. Bukit Trikora, Tompudau, Tinangkung, Kabupaten Banggai Kepulauan, Sulawesi Tengah 94885, Indonesia",Kabupaten Banggai Kepulauan,Sulawesi Tengah,50000.0,Mahal,https://luwukbanggai.com/petualangan-banggai-sulawesi-terbaik/
Pantai Desa Bahari,"8P97+W4, Bahari, Kabupaten Buton, Sulawesi Tenggara, Indonesia",Kabupaten Buton,Sulawesi Tenggara,0.0,Gratis,-
Permandian Lowi Malo,"7W8P+M44, Taubonto, Kec. Rarowatu, Kabupaten Bombana, Sulawesi Tenggara, Indonesia",Kabupaten Bombana,Sulawesi Tenggara,-,-,-
PANTAI LA DADO,"P73G+JC, Balobone, Kec. Mawasangka, Kabupaten Buton, Sulawesi Tenggara, Indonesia",Kabupaten Buton,Sulawesi Tenggara,-,-,-
Pantai Palahidu,"4265+C3G, Palahidu, Binongko, Kabupaten Wakatobi, Sulawesi Tenggara, Indonesia",Kabupaten Wakatobi,Sulawesi Tenggara,14000.0,Sedang,https://beautyofindonesia.com/id/wisata/wisata-alam/pantai-palahidu
Bukit tinggi TARANGGADING,"9R6G+Q2, Rangas, Kec. Simboro Dan Kepulauan, Kabupaten Mamuju, Sulawesi Barat, Indonesia",Kabupaten Mamuju,Sulawesi Barat,-,-,-
Karampuang Island,"9V8H+9J7, Unnamed Road, Pulau, Karampuang",Kabupaten Sinjai,Sulawesi Selatan,20000.0,Mahal,https://karampuangisland.com/
Bukit Layang,"G3F4+3GR, Tenda, Kec. Hulonthalangi, Kabupaten Gorontalo, Gorontalo 96133, Indonesia",Kabupaten Gorontalo,Gorontalo,0.0,Gratis,-
Air Terjun Milango Lo Jini,"J49P+75, Lonuo, Kec. Tilongkabila, Kabupaten Bone Bolango, Gorontalo, Indonesia",Kabupaten Bone Bolango,Gorontalo,10000.0,Sedang,https://www.detik.com/sulsel/wisata/d-6872903/wisata-bumi-cerah-bone-bolango-keindahan-panorama-alam-dari-atas-bukit
Wisata Kapal Pinisi Makassar,"VC44+FR7 Sewa Kapal Pinisi, Maloku, Kec. Ujung Pandang, Kota Makassar, Sulawesi Selatan 90111, Indonesia",Kota Makassar,Sulawesi Selatan,0.0,Gratis,-
Istana KARST,"3JM2+V2F, Bontonlempangan, Kabupaten Maros",Kabupaten Maros,Sulawesi Selatan,2000.0,Murah,https://superapps.kompas.com/read/2927601/travel-update-jelajah-wisata-karst-tempat-wisata-di-maros-untuk-liburan-akhir-pekan
Air Terjun Sali Sali,"Unnamed Road, JF59+GF9, Sali Sali, Kec. Lembang, Kabupaten Pinrang, Sulawesi Selatan 91254, Indonesia",Kabupaten Pinrang,Sulawesi Selatan,-,-,-
Wisata Alam Panyili,"J5WP+RQ5, Panyili, Kec. Dua Boccoe, Kabupaten Bone, Sulawesi Selatan 92753, Indonesia",Kabupaten Bone,Sulawesi Selatan,5000.0,Murah,https://www.msn.com/id-id/berita/other/pantai-togeo-bonesulawesi-selatan-tiket-masuklokasi-and-panduan-rute/ar-AA1NZQpM
"Walimpong, Desa Barae","G24G+F68, Barae, Kec. Mario Riwawo, Kabupaten Soppeng, Sulawesi Selatan, Indonesia",Kabupaten Soppeng,Sulawesi Selatan,5000.0,Murah,https://www.tribunnews.com/travel/2016/04/13/pemandian-air-panas-lejja-objek-wisata-favorit-di-kabupaten-soppeng-ini-istimewanya
Wisata Goa Batu Maupa,"MQ2P+725, Salu Dewata, Kec. Anggeraja, Kabupaten Enrekang, Sulawesi Selatan 91754, Indonesia",Kabupaten Enrekang,Sulawesi Selatan,13000.0,Sedang,https://travel.tribunnews.com/2025/02/03/dante-pine-tempat-wisata-murah-meriah-di-kabupaten-enrekang-sulawesi-selatan
Air terjun Kulung-Kulung,"6PVV+JJ, Wiau Lapi, Kec. Tareran, Kabupaten Minahasa Selatan, Sulawesi Utara, Indonesia",Kabupaten Minahasa Selatan,Sulawesi Utara,10000.0,Sedang,https://www.geokepo.id/id/lokasi/minahasa-selatan/air-terjun-kulung-kulung
Air Terjun Tolei,"7J3M+96Q, Desa, Tumpaan Baru, Kec. Tumpaan, Kabupaten Minahasa Selatan, Sulawesi Utara, Indonesia",Kabupaten Minahasa Selatan,Sulawesi Utara,29000.0,Mahal,https://travel.tribunnews.com/destinasi/141157/daya-tarik-harga-tiket-masuk-air-terjun-veranomata-di-morowali-sulawesi-tengah
Wisata Gunung Kulon KotaNagaya,"Wisata Gunung Kulon, Kotanagaya, Kec. Bolano Lambunu, Kabupaten Parigi Moutong, Sulawesi Tengah, Indonesia",Kabupaten Parigi Moutong,Sulawesi Tengah,-,-,-
Telaga Liku mebubu,"2HWW+H7, Ulunggolaka, Kabupaten Kolaka",Kabupaten Kolaka,Sulawesi Tenggara,-,-,-
Wuna Waterfront City (WWC),"5P7J+F5, Raha I, Kabupaten Muna, Sulawesi Tenggara, Indonesia",Kabupaten Muna,Sulawesi Tenggara,-,-,-
Kebun bapa ijo,"4JJG+4FC, Liabalano, Kabupaten Muna",Kabupaten Muna,Sulawesi Tenggara,15000,Sedang,https://catperku.com/kebun-raya-bogor-harga-tiket-masuk-aktivitas/
Air Terjun Barrasa,"HRQM+5H7, Unnamed Road, Rappoala, Kec. Tompobulu, Kabupaten Gowa, Sulawesi Selatan 92175, Indonesia",Kabupaten Gowa,Sulawesi Selatan,0.0,Gratis,https://travel.detik.com/domestic-destination/d-7465518/15-tempat-pariwisata-gowa-daya-tarik-lokasi-harga-tiket
MAROLAND,"HJQW+FR, Sepee",Kabupaten Pasangkayu,Sulawesi Barat,15000.0,Sedang,https://travel.kompas.com/read/2024/10/14/133100427/harga-tiket-masuk-dan-wahana-di-woodland-kuningan
Patung Arung Palakka di situs Kelahiran,"Jalan Tetti Kenrare, Jl. Soppeng-Takalala, Labessi, Kec. Mario Riwawo, Kabupaten Soppeng, Sulawesi Selatan 90862, Indonesia",Kabupaten Soppeng,Sulawesi Selatan,1000.0,Murah,https://makassar.tribunnews.com/2025/04/08/patung-arung-palakka-jadi-spot-foto-favorit-wisatawan-di-bone-sulsel
Air Terjun Gamaccayya,"Unnamed Road, M246+VQ2, Kindang, Kec. Kindang, Kabupaten Bulukumba, Sulawesi Selatan 92662, Indonesia",Kabupaten Bulukumba,Sulawesi Selatan,5000.0,Murah,https://www.timenews.co.id/hiburan/99514167254/air-terjun-gamaccayya-pesona-alam-yang-menyegarkan-di-desa-wisata-kahayya-bulukumba-sulawesi-selatan
Air terjun Tuangloe,"CPRH+VJ, Datara, Kec. Bontoramba, Kabupaten Jeneponto, Sulawesi Selatan 90244, Indonesia",Kabupaten Jeneponto,Sulawesi Selatan,0.0,Gratis,-
Eduwisata Bahari BPPP Bitung,"F657+498, Jl. Tandurusa, Tandurusa, Aertembaga, Kota Bitung, Sulawesi Utara, Indonesia",Kota Bitung,Sulawesi Utara,-,-,-
Air Terjun Tonsealama,"8WGC+CQG, Jl. Tondano - Airmadidi, Tonsea Lama, Kec. Tondano Utara, Kabupaten Minahasa, Sulawesi Utara, Indonesia",Kabupaten Minahasa,Sulawesi Utara,6000.0,Murah,https://www.idntimes.com/business/economy/plta-tonsealama-75-tahun-terangi-sulawesi-utara-00-3m8tp-4ychxn
Air terjun Soguo,"9XW8+75F, Salongo Tim., Kec. Bolaang Uki, Kabupaten Bolaang Mongondow Selatan, Sulawesi Utara, Indonesia",Kabupaten Bolaang Mongondow Selatan,Sulawesi Utara,20000.0,Mahal,https://travel.kompas.com/read/2024/04/22/130100927/harga-tiket-dan-jam-buka-ngargoyoso-waterfall-air-terjun-baru-di-karanganyar
Kolongko Beach,"CX8P+C4, Tudua, Kec. Bungku Tengah, Kabupaten Morowali, Sulawesi Tengah, Indonesia",Kabupaten Morowali,Sulawesi Tengah,-,-,-
Danau Alani,"GV64+3JW, Desa, Alani, Kec. Buko Selatan, Kabupaten Banggai Kepulauan, Sulawesi Tengah, Indonesia",Kabupaten Banggai Kepulauan,Sulawesi Tengah,10000.0,Sedang,https://www.celebes.co/tempat-wisata-banggai-kepulauan
Monumen Teluk Lalong,KH. Samanhudi,Kabupaten Banggai,Sulawesi Tengah,2000.0,Murah,https://travel.detik.com/cerita-perjalanan/d-5402730/ini-dia-daftar-harga-tiket-masuk-taman-hiburan-top
Danau Lemelu,"Desa Emelu, Kec. Buko Selatan, Kabupaten Banggai Kepulauan, Sulawesi Tengah 94881, Indonesia",Kabupaten Banggai Kepulauan,Sulawesi Tengah,-,-,-
Balai Kesenian Desa Campurjo,"Balai Kesenian, Campurjo, Kec. Wonomulyo, Kabupaten Polewali Mandar, Sulawesi Barat 91352, Indonesia",Kabupaten Polewali Mandar,Sulawesi Barat,-,-,-
Kolam Pancing Firtia Desa Lomaya,"J3GM+2Q2, Lomaya, Kec. Bulango Utara, Kabupaten Bone Bolango, Gorontalo 96181, Indonesia",Kabupaten Bone Bolango,Gorontalo,10000.0,Sedang,https://www.detik.com/sulsel/wisata/d-6872903/wisata-bumi-cerah-bone-bolango-keindahan-panorama-alam-dari-atas-bukit
Danau Paku'E,"RMQM+JXF, Nepo, Kec. Mallusetasi, Kabupaten Barru, Sulawesi Selatan 90753, Indonesia",Kabupaten Barru,Sulawesi Selatan,10000.0,Sedang,https://atourin.com/marketplace/attraction/danau-pakue
Liang Tarrusu,"92855, Bontoborusu, Bontoharu, Selayar Islands Regency, South Sulawesi, Indonesia",Kabupaten Kepulauan Selayar,Sulawesi Selatan,2000.0,Murah,https://travel.detik.com/cerita-perjalanan/d-5402730/ini-dia-daftar-harga-tiket-masuk-taman-hiburan-top
Air Terjun Bulu Langi,"PP2P+WHR, Mundan, Kec. Masalle, Kabupaten Enrekang, Sulawesi Selatan 91754, Indonesia",Kabupaten Enrekang,Sulawesi Selatan,13000.0,Sedang,https://travel.tribunnews.com/2025/02/03/dante-pine-tempat-wisata-murah-meriah-di-kabupaten-enrekang-sulawesi-selatan
"Pantai COCONUT BEACH, lolak,Bolaang Mongondow Induk, Sulawesi Utara","V2Q6+R23, Lolak, Kec. Lolak, Kabupaten Bolaang Mongondow, Sulawesi Utara, Indonesia",Kabupaten Bolaang Mongondow,Sulawesi Utara,5000.0,Murah,https://www.geokepo.id/id/lokasi/bolaang-mongondow/lolak-beach
Wonderfull Bolsel,"92G2+F8W, Sondana, Kec. Bolaang Uki, Kabupaten Bolaang Mongondow Selatan, Sulawesi Utara, Indonesia",Kabupaten Bolaang Mongondow Selatan,Sulawesi Utara,5000.0,Murah,https://travel.tribunnews.com/destinasi/141107/jam-buka-tiket-masuk-pantai-modisi-di-bolaang-mongondow-selatan-sulawesi-utara
SABODAM BANGGA 1,"Bangga, Kabupaten Sigi",Kabupaten Sigi,Sulawesi Tengah,-,-,-
Desa Bungintende,"VH3R+PV9, Bungintende, Kec. Bungku Sel., Kabupaten Morowali, Sulawesi Tengah, Indonesia",Kabupaten Morowali,Sulawesi Tengah,-,-,-
Pantai FONUASINGKO,"GWCQ+Q5V, Jl. Trans Sulawesi, Bente, Kec. Bungku Tengah, Kabupaten Morowali, Sulawesi Tengah 94973, Indonesia",Kabupaten Morowali,Sulawesi Tengah,29000.0,Mahal,https://travel.tribunnews.com/2025/04/11/harga-tiket-masuk-pantai-enu-wisata-primadona-di-kabupaten-donggala-sulawesi-tengah
Air terjun 801,"3P7W+PC, Hanga-Hanga, Kec. Luwuk Selatan, Kabupaten Banggai, Sulawesi Tengah, Indonesia",Kabupaten Banggai,Sulawesi Tengah,29000.0,Mahal,https://travel.tribunnews.com/destinasi/141157/daya-tarik-harga-tiket-masuk-air-terjun-veranomata-di-morowali-sulawesi-tengah
Makakata Beach,"PH48+837, Sisipan, Kec. Batui, Kabupaten Banggai, Sulawesi Tengah, Indonesia",Kabupaten Banggai,Sulawesi Tengah,0.0,Gratis,https://sandee.com/indonesia/central-sulawesi/sisipan/pantai-makakata
Makam Imam Syaban dan Lipuadino Lolantang,"G2P9+WRQ, Toi-Toi, Kec. Bulagi Sel., Kabupaten Banggai Kepulauan, Sulawesi Tengah 94882, Indonesia",Kabupaten Banggai Kepulauan,Sulawesi Tengah,-,-,-
Pantai silopo,"GCFW+F6M, Mirring, Kec. Binuang, Kabupaten Polewali Mandar, Sulawesi Barat, Indonesia",Kabupaten Polewali Mandar,Sulawesi Barat,0.0,Gratis,https://travel.detik.com/domestic-destination/d-4375428/polewali-mandar-punya-air-terjun-yang-cantik-banget
Bendungan desa tabumela,"H237+5XG, Tabumela, Kec. Tilango, Kabupaten Gorontalo, Gorontalo 96181, Indonesia",Kabupaten Gorontalo,Gorontalo,5000.0,Murah,https://travel.kompas.com/read/2021/09/15/121700227/itinerary-3-hari-2-malam-di-gorontalo-wisata-ke-benteng-otanaha?page=all
Leang Cina,"Bowong Cindea, Kec. Bungoro, Kabupaten Pangkajene Dan Kepulauan, Sulawesi Selatan, Indonesia",Kabupaten Pangkajene Dan Kepulauan,Sulawesi Selatan,15000.0,Sedang,https://www.detik.com/sulsel/wisata/d-6502476/pesona-leang-leang-maros-wisata-taman-prasejarah-berusia-ribuan-tahun
Wisata Manyu-Manyu Campaga,"G2QF+6FF, Campaga, Kabupaten Bantaeng",Kabupaten Bantaeng,Sulawesi Selatan,-,-,-
hutan mangrove arungkeke,"9R7Q+XX, Arungkeke Pallantikang, Kabupaten Jeneponto, Sulawesi Selatan, Indonesia",Kabupaten Jeneponto,Sulawesi Selatan,5000.0,Murah,https://www.detik.com/sulsel/wisata/d-6896687/10-rekomendasi-tempat-wisata-di-jeneponto-untuk-liburan-seru
Wisata Alam To'pinus Burasia,"XM8R+JX9, Burasia, Kec. Bittuang, Kabupaten Tana Toraja, Sulawesi Selatan 91856, Indonesia",Kabupaten Tana Toraja,Sulawesi Selatan,5000.0,Murah,https://www.celebes.co/hutan-pinus-buntu-datu
Tongkonan Layuk Ma'dika Bori',"Jl. Poros Parinding - Bori, Bori, Kec. Sesean, Kabupaten Toraja Utara, Sulawesi Selatan 91853, Indonesia",Kabupaten Toraja Utara,Sulawesi Selatan,10000,Sedang,https://www.meimoodaema.com/2025/09/rumah-adat-tongkonan-suku-toraja.html
Pantai Benteng,"X6Q9+9XF, Benteng, Kec. Wara Tim., Kota Palopo, Sulawesi Selatan 91922, Indonesia",Kota Palopo,Sulawesi Selatan,10000,Sedang,https://travel.tribunnews.com/2025/09/25/pantai-tanjung-bira-di-bulukumba-sulawesi-selatan-panduan-rute-tiket-masuk-fasilitas
Air terjun Liberia timur,"Air terjun, Liberia Tim., Kec. Modayag, Kabupaten Bolaang Mongondow Timur, Sulawesi Utara, Indonesia",Kabupaten Bolaang Mongondow Timur,Sulawesi Utara,29000.0,Mahal,https://travel.tribunnews.com/2025/07/22/10-tempat-wisata-terbaik-di-bolaang-mongondow-timur-sulawesi-utara-danau-mooat-hingga-pantai-abadi
Wisata mangrove bete-bete,"462J+X6, Puungkeu, Kec. Bungku Pesisir, Kabupaten Morowali, Sulawesi Tengah, Indonesia",Kabupaten Morowali,Sulawesi Tengah,23000,Mahal,https://referensia.id/pt-imip-beri-bantuan-perahu-wisata-untuk-kembangkan-pariwisata-desa-bete-bete/
Bukit CNGR,"62FF+68, Dampala, Kec. Bahodopi, Kabupaten Morowali, Sulawesi Tengah, Indonesia",Kabupaten Morowali,Sulawesi Tengah,29000.0,Mahal,https://travel.tribunnews.com/destinasi/141157/daya-tarik-harga-tiket-masuk-air-terjun-veranomata-di-morowali-sulawesi-tengah
"Batu Tiga, Tanjung Leok","Tiga, 6C8M+792, Jl. Buol - Gorontalo, Batu Rata, Paleleh, Kabupaten Buol, Sulawesi Tengah 94568, Indonesia",Kabupaten Buol,Sulawesi Tengah,-,-,-
Wisata Sawah Bapak Tompo,"Jl. Monginsidi No.30, Mangkura, Kec. Ujung Pandang, Kota Makassar, Sulawesi Selatan 90114, Indonesia",Kota Makassar,Sulawesi Selatan,10000.0,Sedang,https://www.detik.com/sulsel/wisata/d-6100544/pesona-pantai-biru-makassar-sediakan-lokasi-pesta-pernikahan-outdoor
Pantai Mootame Dalapuli,"W562+6HW, Unnamed Road, Dalapuli, Kec. Pinogaluman, Kabupaten Bolaang Mongondow Utara, Sulawesi Utara, Indonesia",Kabupaten Bolaang Mongondow Utara,Sulawesi Utara,5000.0,Murah,https://travel.tribunnews.com/destinasi/141107/jam-buka-tiket-masuk-pantai-modisi-di-bolaang-mongondow-selatan-sulawesi-utara
Pantai Popa,"6VX5+6X6, Kayumalue Pajeko, Kec. Palu Utara, Kota Palu, Sulawesi Tengah, Indonesia",Kota Palu,Sulawesi Tengah,25000.0,Mahal,https://pariwisata.sultengprov.go.id/data-pariwisata/daya-tarik-wisata/dtw-kota-palu/217-nikmati-indahnya-kota-palu-sambil-berkuliner-dari-sini-viewnya-jangan-ditanya.html
Air Terjun Sarambu,"X6JV+J67, Sarambu, Kec. Porehu, Kabupaten Kolaka Utara, Sulawesi Tenggara 92981, Indonesia",Kabupaten Kolaka Utara,Sulawesi Tenggara,-,-,-
Bukit Bersantai,"9W58+3W5, Wumbubangka, Kec. Rarowatu Utara, Kabupaten Bombana, Sulawesi Tenggara 93774, Indonesia",Kabupaten Bombana,Sulawesi Tenggara,46000.0,Mahal,https://www.detik.com/sulsel/berita/d-8290686/jadwal-kapal-feri-rute-bira-sulawesi-tenggara-januari-2026-dan-harga-tiketnya
Bulano Perintis,"Bulano Perintis, Boludawa, Kec. Suwawa, Kabupaten Bone Bolango, Gorontalo, Indonesia",Kabupaten Bone Bolango,Gorontalo,0.0,Gratis,-
Air Terjun Kembar Kara'ngasa,"FVWF+3P4, Bonto Rannu, Kec. Uluere, Kabupaten Bantaeng, Sulawesi Selatan 92451, Indonesia",Kabupaten Bantaeng,Sulawesi Selatan,10000.0,Sedang,https://travel.tribunnews.com/destinasi/140650/itinerary-bantaeng-1-hari-dari-jeneponto-bujet-liburan-berdua-rp-240-ribuan
Pantai Kayu Bura,"7465+RXM, Pelawa Baru, Kec. Parigi Tengah, Kabupaten Parigi Moutong, Sulawesi Tengah, Indonesia",Kabupaten Parigi Moutong,Sulawesi Tengah,5000.0,Murah,https://jadesta.kemenpar.go.id/desa/kayu_bura
Teluk Indah Desa Lalong,"4368+MXJ, Lalong, Bangkurung, Kabupaten Banggai Kepulauan, Sulawesi Tengah 94892, Indonesia",Kabupaten Banggai Kepulauan,Sulawesi Tengah,-,-,-
Bukit Kromo Leksono,"MJ8J+P2H, Sidodadi, Kec. Boliyohuto, Kabupaten Gorontalo, Gorontalo 96127, Indonesia",Kabupaten Gorontalo,Gorontalo,-,-,-
Agrowisata Pangimba Bumdesa Taluduyunu,"Jl. Gn. Pani, Taluduyunu, Kec. Buntulia, Kabupaten Pohuwato, Gorontalo 96266, Indonesia",Kabupaten Pohuwato,Gorontalo,-,-,-
"Pantai uwe buro, Palu","5V7J+93W, Jl. Uwe Buro, Tondo, Kec. Mantikulore, Kota Palu, Sulawesi Tengah 94148, Indonesia",Kota Palu,Sulawesi Tengah,25000.0,Mahal,https://pariwisata.sultengprov.go.id/data-pariwisata/daya-tarik-wisata/dtw-kota-palu/217-nikmati-indahnya-kota-palu-sambil-berkuliner-dari-sini-viewnya-jangan-ditanya.html
Desa Pinogu,"GC3J+G3J, Pinogu, Kec. Pinogu, Kabupaten Bone Bolango, Gorontalo, Indonesia",Kabupaten Bone Bolango,Gorontalo,-,-,-
Wisata Sawah Golden Bridge,"Jalan Rantepongko, Tondok Bakaru, Kabupaten Mamasa",Kabupaten Mamasa,Sulawesi Barat,5000.0,Murah,https://idalamat.com/alamat/696715/wisata-sawah-golden-bridge-mamasa-sulawesi-barat
Wisata Air Terjun,"HGMW+JX3, Lomuli, Kec. Lemito, Kabupaten Pohuwato, Gorontalo 96468, Indonesia",Kabupaten Pohuwato,Gorontalo,0.0,Gratis,-
Lembah wisata TMI,"HV99+J37, Tanete, Kabupaten Gowa",Kabupaten Gowa,Sulawesi Selatan,0,Gratis,https://travel.detik.com/domestic-destination/d-7465518/15-tempat-pariwisata-gowa-daya-tarik-lokasi-harga-tiket
Pantai Babana,"9CJ8+7W6, Jl. Andi Jaja, Temboe, Kabupaten Luwu, Sulawesi Selatan 91998, Indonesia",Kabupaten Luwu,Sulawesi Selatan,5000.0,Murah,https://jadesta.kemenparekraf.go.id/atraksi/wisata_mangrove_babana
Pantai Polongasa-Ds.Towondu,"G94P+GC5, Towondo, Kec. Suli, Kabupaten Luwu, Sulawesi Selatan 91996, Indonesia",Kabupaten Luwu,Sulawesi Selatan,5000.0,Murah,https://travel.tribunnews.com/2025/08/13/harga-tiket-masuk-pantai-ujung-batu-di-barru-sulawesi-selatan-panduan-rute-dari-makassar
Taman Wisata Alam Danau Towuti,"8CQM+M8X, Danau, Kabupaten Luwu Timur, Sulawesi Selatan 92982, Indonesia",Kabupaten Luwu Timur,Sulawesi Selatan,0.0,Gratis,-
Pantai Wisata Citraland Palu,"5V9J+63P, Perumahan Citraland Palu, Tondo, Kec. Mantikulore, Kota Palu, Sulawesi Tengah 94148, Indonesia",Kota Palu,Sulawesi Tengah,5000.0,Murah,https://www.oyorooms.com/travel-guide/id/tempat-wisata-palu/
LORONG WISATA SILVES,"RCXM+XQQ, Lorong 2, Balla Parang",Kota Makassar,Sulawesi Selatan,10000.0,Sedang,https://regional.kompas.com/read/2023/07/05/20400431/jelang-rakernas-apeksi-fatmawati-rusdi-tinjau-5-lorong-wisata-di-makassar
Tongkonan Mebali,"Unnamed Road, VW54+RH2, Lemo, Kec. Mengkendek, Kabupaten Tana Toraja, Sulawesi Selatan 91871, Indonesia",Kabupaten Tana Toraja,Sulawesi Selatan,10000.0,Sedang,https://www.meimoodaema.com/2025/09/rumah-adat-tongkonan-suku-toraja.html
Monumen Pendaratan Islam Lapandoso,"W7R3+7RP, Jl. Datuk Sulaiman, Pabbaresseng, Kec. Bua, Kabupaten Luwu, Sulawesi Selatan 91991, Indonesia",Kabupaten Luwu,Sulawesi Selatan,-,-,-
Bukit Doa APKB,"Kolongan, Kec. Talawaan, Kabupaten Minahasa Utara, Sulawesi Utara, Indonesia",Kabupaten Minahasa Utara,Sulawesi Utara,29000.0,Mahal,https://travel.tribunnews.com/2025/07/09/monibi-park-lolayan-wisata-alam-di-bolaang-mongondow-sulawesi-utara-yang-sejuk-dan-ramah-kantong
Bulu Nti,"Bulu Nti, Balomoa, Kec. Dolo Bar., Kabupaten Sigi, Sulawesi Tengah, Indonesia",Kabupaten Sigi,Sulawesi Tengah,0,Gratis,https://travel.tribunnews.com/2021/08/24/harga-tiket-masuk-mantikole-sigi-wisata-pemandian-air-panas-untuk-relaksasi-diri
Bahamast Cottage,"JQQV+63G, Jalan Trans Sulawesi, Madale",Kabupaten Kolaka,Sulawesi Tenggara,0.0,Gratis,https://www.gotravelaindonesia.com/tiket-objek-wisata-lombok/
Pantai Marina Ampana,"Jl. Tj. Api No.33, Labuan, Kec. Ampana Kota, Kabupaten Tojo Una-Una, Sulawesi Tengah 94683, Indonesia",Kabupaten Tojo Una-Una,Sulawesi Tengah,35000,Mahal,https://tourismtojounauna.com/detail_poster/panduan-perjalanan
Air Terjun Raptors,"Jaya Makmur, Kec. Nuhon, Kabupaten Banggai, Sulawesi Tengah, Indonesia",Kabupaten Banggai,Sulawesi Tengah,-,-,-
Air terjun penanggootu,"JVWM+MMQ, Penanggootu, Kec. Lambandia, Kabupaten Kolaka Timur, Sulawesi Tenggara 93573, Indonesia",Kabupaten Kolaka Timur,Sulawesi Tenggara,5000.0,Murah,https://sultra.tribunnews.com/2022/10/09/lima-destinasi-wisata-air-terjun-di-sulawesi-tenggara-andawe-konawe-hingga-tetewa-kolaka-timur
Pantai poltra,"4VP4+FFQ, Marampuka, Kec. Poleang Tenggara, Kabupaten Bombana, Sulawesi Tenggara 93773, Indonesia",Kabupaten Bombana,Sulawesi Tenggara,46000.0,Mahal,https://www.detik.com/sulsel/berita/d-8430382/jadwal-kapal-feri-rute-bira-sulawesi-tenggara-april-2026-serta-harga-tiketnya
Pantai Yella,"32RR+HHR, Unnamed Road, Kampo-Kampo, Binongko, Kabupaten Wakatobi, Sulawesi Tenggara 93794, Indonesia",Kabupaten Wakatobi,Sulawesi Tenggara,-,-,-
SELFIE JEMBATAN AIR TERJUN,"FWP6+WG, Bonto Salluang, Kec. Bissappu, Kabupaten Bantaeng, Sulawesi Selatan 92451, Indonesia",Kabupaten Bantaeng,Sulawesi Selatan,7000.0,Murah,https://travel.tribunnews.com/destinasi/140615/air-terjun-bissappu-destinasi-alam-ngehits-di-bantaeng-sulawesi-selatan
Air Terjun Salassang,"9R8M+3M6, Palakka, Kec. Maiwa, Kabupaten Enrekang, Sulawesi Selatan 91761, Indonesia",Kabupaten Enrekang,Sulawesi Selatan,13000.0,Sedang,https://travel.tribunnews.com/2025/02/03/dante-pine-tempat-wisata-murah-meriah-di-kabupaten-enrekang-sulawesi-selatan
Pemandian Batu Kodok,"V672+9M8, desa harapan, Kec. Bua, Kabupaten Luwu, Sulawesi Selatan 91991, Indonesia",Kabupaten Luwu,Sulawesi Selatan,0.0,Gratis,https://www.tribunnews.com/travel/2016/04/07/wisata-alam-sumatera-utara-pemandian-sungai-batu-mandi-airnya-jernih-dan-tidak-dalam
Air Terjun LENSO,"Treman, Kec. Kauditan, Kabupaten Minahasa Utara, Sulawesi Utara, Indonesia",Kabupaten Minahasa Utara,Sulawesi Utara,5000.0,Murah,https://travel.tribunnews.com/2025/02/05/healing-ke-pantai-lakban-di-minahasa-tenggara-sulawesi-utara-tiket-masuk-cuma-rp-5-ribu
TERMINAL TRANSIT GUNUNG SOPUTAN,"4M3J+XW2, Silian, Tombatu, Southeast Minahasa Regency, North Sulawesi, Indonesia",Kabupaten Minahasa,Sulawesi Utara,10000.0,Sedang,https://regional.kompas.com/read/2018/10/03/22060961/gunung-soputan-meletus-terpantau-luncuran-lava-sepanjang-25-km
Air panas kelewaha,"3JPR+V8Q, Lobu Dua",Kota Bitung,Sulawesi Utara,10000.0,Sedang,https://www.detik.com/bali/wisata/d-7458121/air-panas-banjar-buleleng-daya-tarik-lokasi-dan-harga-tiket-masuk
Tanjung Lelapide,"FF9P+224, Nagha II, Tamako, Kabupaten Kepulauan Sangihe, Sulawesi Utara, Indonesia",Kabupaten Kepulauan Sangihe,Sulawesi Utara,-,-,-
Pantai pasir putih,"Unnamed Road, HWM4+HQV, Matako, Kec. Tojo Bar., Kabupaten Tojo Una-Una, Sulawesi Tengah 94681, Indonesia",Kabupaten Tojo Una-Una,Sulawesi Tengah,-,-,-
Lalos,"4QHP+CMQ, Pantai Lalos, Lalos, Kabupaten Toli-Toli",Kabupaten Toli-Toli,Sulawesi Tengah,-,-,-
AIR TERJUN WONUA MOMAHE,"3HHH+J5, Waworaha, Soropia, Kabupaten Konawe, Sulawesi Tenggara, Indonesia",Kabupaten Konawe,Sulawesi Tenggara,0.0,Gratis,https://travel.tribunnews.com/destinasi/141416/harga-tiket-paddle-board-di-pantai-anggalo-konawe-untuk-liburan-akhir-tahun
Wisata Pantai Swis,"Jl. Protokol, Saragi, Kabupaten Buton",Kabupaten Buton,Sulawesi Tenggara,5000.0,Murah,https://wisatago.com/wisata-pantai-teluk-buton/
Wisata Permandian Mata Rombia91,"Jl. Poros Ereke - Buranga, Waculaea, Kec. Kulisusu, Kabupaten Buton Utara, Sulawesi Tenggara 93672, Indonesia",Kabupaten Buton Utara,Sulawesi Tenggara,3000.0,Murah,https://jambi.tribunnews.com/2018/06/09/tempat-wisata-baru-di-tebo-permandian-air-panas-sungai-bengkal-ini-harga-tiket-masuk
Wisata Mancing Karang Lamotu,"9X55+5PC, Tadui, Kabupaten Mamuju",Kabupaten Mamuju,Sulawesi Barat,-,-,-
Pantai Surya Galesong,"Q9GM+RMP, Aeng Batu-Batu, Kabupaten Takalar",Kabupaten Takalar,Sulawesi Selatan,20000.0,Mahal,https://www.sehataqua.co.id/blog/wisata-pantai-galesong/
Camming,"HMHV+735, Palakka, Kec. Barru, Kabupaten Barru, Sulawesi Selatan 90711, Indonesia",Kabupaten Barru,Sulawesi Selatan,10000.0,Sedang,https://www.tribunnews.com/travel/2019/09/02/mulai-september-tiket-masuk-candi-prambanan-dan-borobudur-naik
tempat mangcing ikan,"8FR6+Q6, Pattiro Sompe, Kabupaten Bone",Kabupaten Bone,Sulawesi Selatan,5000.0,Murah,https://travel.tribunnews.com/destinasi/140539/pantai-togeo-bone-sulawesi-selatan-tiket-masuk-lokasi-panduan-rute
Munte desa Bontomatene,"9QR5+76V, Jl. Munte No.30, Bontomatene, Kec. Turatea, Kabupaten Jeneponto, Sulawesi Selatan 92313, Indonesia",Kabupaten Jeneponto,Sulawesi Selatan,5000.0,Murah,https://travel.tribunnews.com/2025/08/13/harga-tiket-masuk-pantai-ujung-batu-di-barru-sulawesi-selatan-panduan-rute-dari-makassar
Baku Bodo,"Tim., R799+QX9, Panaikang, Kec. Sinjai Tim., Kabupaten Sinjai, Sulawesi Selatan, Indonesia",Kabupaten Sinjai,Sulawesi Selatan,5000.0,Murah,https://travel.tribunnews.com/2025/08/13/harga-tiket-masuk-pantai-ujung-batu-di-barru-sulawesi-selatan-panduan-rute-dari-makassar
Pantai Pasir Putih MANGKET,"Unnamed Road, 73R8+WGP, Makalisung, Kec. Kema, Kabupaten Minahasa Utara, Sulawesi Utara, Indonesia",Kabupaten Minahasa Utara,Sulawesi Utara,5000.0,Murah,https://www.pantainesia.com/pantai-paal
Air Terjun KINAAPIAN,"J2F6+786, Batu, Kec. Likupang Sel., Kabupaten Minahasa Utara, Sulawesi Utara, Indonesia",Kabupaten Minahasa Utara,Sulawesi Utara,29000.0,Mahal,https://travel.tribunnews.com/destinasi/141157/daya-tarik-harga-tiket-masuk-air-terjun-veranomata-di-morowali-sulawesi-tengah
Bukit Teletubbies Rerer,"73R4+39P, Hutan, Kec. Hutan, Kabupaten Minahasa Utara, Sulawesi Utara, Indonesia",Kabupaten Minahasa Utara,Sulawesi Utara,20000.0,Mahal,https://travel.detik.com/domestic-destination/d-6252313/kenalin-ini-larata-bukit-teletubbies-menawan-dari-likupang
Pingiran Danau Mokobang,"RCWP+5HW, Mokobang, Kec. Modoinding, Kabupaten Minahasa Selatan, Sulawesi Utara, Indonesia",Kabupaten Minahasa Selatan,Sulawesi Utara,-,-,-
Air Terjun Desa Poniki,"XQVH+FW, Poniki, Kec. Pasan, Kabupaten Minahasa Tenggara, Sulawesi Utara, Indonesia",Kabupaten Minahasa Tenggara,Sulawesi Utara,-,-,-
Wisata Puncak Laine,"P9HM+M8, Lai",Kota Makassar,Sulawesi Selatan,10000.0,Sedang,https://www.jelajahlampung.com/puncak-mas-lampung/
Tanjung Saroco,"Tanjung Saroco, Taturan, Kec. Gemeh, Kabupaten Kepulauan Talaud, Sulawesi Utara, Indonesia",Kabupaten Kepulauan Talaud,Sulawesi Utara,-,-,-
Tangga Pelangi Desa Puungkoilu,"Tangga Pelangi, Puungkoilu, Kec. Bungku Tengah, Kabupaten Morowali, Sulawesi Tengah 94973, Indonesia",Kabupaten Morowali,Sulawesi Tengah,29000.0,Mahal,https://travel.tribunnews.com/destinasi/141157/daya-tarik-harga-tiket-masuk-air-terjun-veranomata-di-morowali-sulawesi-tengah
Bungko Mbembang,"C49R+Q44, Unnamed Road, Tolulos, Kec. Peling Tengah, Kabupaten Banggai Kepulauan, Sulawesi Tengah 94883, Indonesia",Kabupaten Banggai Kepulauan,Sulawesi Tengah,10000.0,Sedang,https://www.tribunnews.com/travel/2019/09/02/mulai-september-tiket-masuk-candi-prambanan-dan-borobudur-naik
Pantai Malanggong (Matatas),"R86F+QV9, Bakalan, Tinangkung, Kabupaten Banggai Kepulauan, Sulawesi Tengah, Indonesia",Kabupaten Banggai Kepulauan,Sulawesi Tengah,-,-,-
Pantai Shaka,"XCWF+P6P, Sani Sani, Kec. Samaturu, Kabupaten Kolaka, Sulawesi Tenggara, Indonesia",Kabupaten Kolaka,Sulawesi Tenggara,-,-,-
Bukit Mangkeluno,"4P7V+C8X, Wabintingi, Kec. Lohia, Kabupaten Muna, Sulawesi Tenggara 93658, Indonesia",Kabupaten Muna,Sulawesi Tenggara,46000.0,Mahal,https://www.detik.com/sulsel/berita/d-8245146/jadwal-harga-tiket-kapal-feri-rute-bira-sulawesi-tenggara-desember-2025
Pantai Moluno,"Pantai Moluno, Oengkolaki, Kec. Mawasangka, Kabupaten Buton, Sulawesi Tenggara 93762, Indonesia",Kabupaten Buton,Sulawesi Tenggara,29000.0,Mahal,https://travel.tribunnews.com/2016/07/28/buton-sulawesi-tenggara-5-destinasi-paling-asyik-untuk-traveler
Air terjun batu karoppa,"J766+7G, Kalonding, Kec. Sampaga, Kabupaten Mamuju, Sulawesi Barat 91563, Indonesia",Kabupaten Mamuju,Sulawesi Barat,0,Gratis,https://travel.kompas.com/read/2021/10/26/160721427/itinerary-3-hari-2-malam-di-mamuju-sulawesi-barat-wisata-air-terjun-tamasapi
Bukit Pamboang,"FWX4+66V, Bababulo, Kec. Pamboang, Kabupaten Majene, Sulawesi Barat, Indonesia",Kabupaten Majene,Sulawesi Barat,-,-,-
Air Terjun Eran Batu,"JC47+PFR, Batetangnga, Kec. Binuang, Kabupaten Polewali Mandar, Sulawesi Barat 91312, Indonesia",Kabupaten Polewali Mandar,Sulawesi Barat,-,-,-
Bonto Rea Village,"Bonto Rea, Maccini Baji, Kec. Lau, Kabupaten Maros, Sulawesi Selatan 90513, Indonesia",Kabupaten Maros,Sulawesi Selatan,15000.0,Sedang,https://travel.tribunnews.com/destinasi/141320/itinerary-maros-1-hari-bujet-rp-370-ribu-wisata-alam-estetik-bersama-pasangan
Bulu Bohonglangi,"Bulu Bohonglangi, Pattuku, Kec. Bontocani, Kabupaten Bone, Sulawesi Selatan, Indonesia",Kabupaten Bone,Sulawesi Selatan,5000.0,Murah,https://travel.tribunnews.com/destinasi/140539/pantai-togeo-bone-sulawesi-selatan-tiket-masuk-lokasi-panduan-rute
Tugu Jam Watampone,"F86H+X4W, Jalan Jendral Ahmad Yani, Watampone",Kabupaten Bone,Sulawesi Selatan,15000.0,Sedang,https://radarsolo.jawapos.com/wisata/2409100015/dolphin-tugu-water-park-yang-ada-di-di-karanganyar-cocok-untuk-berenang-dan-bermain-salju
Selayar Island,"WG33+PJ8, Putabangung",Kabupaten Kepulauan Selayar,Sulawesi Selatan,10000.0,Sedang,https://www.indoholidaytourguide.com/pantai-selayar-sulawesi-selatan
Pantai Motto,"F7VG+RM8, Motto, Kec. Lembeh Utara, Kota Bitung, Sulawesi Utara, Indonesia",Kota Bitung,Sulawesi Utara,29000.0,Mahal,https://travel.tribunnews.com/2025/06/13/pantai-karangria-di-tuminting-manado-sulawesi-utara-wisata-sunset-dan-kuliner-laut-dekat-kota
Gereja Bukit Moria,"C5XG+P2W, Jl. Sh Sarundajang, Pakadoodan, Kec. Maesa, Kota Bitung, Sulawesi Utara, Indonesia",Kota Bitung,Sulawesi Utara,-,-,-
Gunung Potong,"Gn. Potong, Ratatotok Sel., Kec. Ratatotok, Kabupaten Minahasa Tenggara, Sulawesi Utara, Indonesia",Kabupaten Minahasa Tenggara,Sulawesi Utara,5000.0,Murah,https://travel.tribunnews.com/2025/06/02/7-tempat-wisata-terbaik-di-minahasa-tenggara-sulawesi-utara-eksotis-alami-dan-jarang-tersentuh
Bukit Sofa,"4VWV+569, Tondo, Kec. Palu Tim., Kota Palu, Sulawesi Tengah 94119, Indonesia",Kota Palu,Sulawesi Tengah,29000.0,Mahal,https://travel.tribunnews.com/destinasi/141157/daya-tarik-harga-tiket-masuk-air-terjun-veranomata-di-morowali-sulawesi-tengah
Wisata Tebing Livutona,"7MW9+4QV, Towale, Kabupaten Donggala",Kabupaten Donggala,Sulawesi Tengah,-,-,-
Gunung Tambusisi,"Gunung Tambusisi, Matube, North Bungku, North Morowali Regency, Central Sulawesi, Indonesia",Kabupaten Morowali,Sulawesi Tengah,-,-,-
Pasir Timbul,"CFGC+6WG, Laut Banda RW.11, Cipulir",Kabupaten Buton,Sulawesi Tenggara,10000.0,Sedang,https://wisatarakyat.com/pantai-pasir-timbul/
Kampung Pelangi Tolitoli,"3R25+QJ2, Sidoarjo",Kabupaten Toli-Toli,Sulawesi Tengah,0.0,Gratis,-
PANTAI HUTAKALO,"Jl. Buol - Gorontalo, Bulontio Tim., Kec. Sumalata, Kabupaten Gorontalo Utara, Gorontalo 96254, Indonesia",Kabupaten Gorontalo Utara,Gorontalo,0.0,Gratis,https://tempatwisataseru.com/wisata-hits-pantai-di-medan-sumatera-utara/
Bukit ceria desa dunu,"WJQW+8R8, Dunu, Kec. Anggrek, Kabupaten Gorontalo Utara, Gorontalo, Indonesia",Kabupaten Gorontalo Utara,Gorontalo,5000.0,Murah,https://www.timurpost.id/2023/06/wisata-bukit-dunu-ceria-gorontalo-utara.html
Kawasan wisata Yakkima arung kalola,"43HV+J3, Sogi, Kec. Maniang Pajo, Kabupaten Wajo, Sulawesi Selatan, Indonesia",Kabupaten Wajo,Sulawesi Selatan,10000.0,Sedang,https://www.detik.com/sulsel/wisata/d-6896112/16-tempat-wisata-di-kabupaten-wajo-yang-wajib-di-kunjungi
Puncak cinta kita,"JVCF+8M, Lalabata Rilau, Kec. Lalabata, Kabupaten Soppeng, Sulawesi Selatan, Indonesia",Kabupaten Soppeng,Sulawesi Selatan,29000.0,Mahal,https://travel.tribunnews.com/2025/06/11/nikmati-air-panas-alami-lejja-soppeng-cek-harga-tiket-masuk-lokasinya-di-sulawesi-selatan
Pemandian Air Panas Bebba'e,"RV54+963, Unnamed Road, Patampanua, Kec. Marioriawa, Kabupaten Soppeng, Sulawesi Selatan 90852, Indonesia",Kabupaten Soppeng,Sulawesi Selatan,10000.0,Sedang,https://pergimulu.com/pemandian-air-panas-lejja/
Pantai Timur Ngapaloka,"QGMG+7GH, Patilereng, Bontosikuyu, Kab. Kepulauan Selayar, Sulawesi Selatan 92855, Indonesia",Kabupaten Kepulauan Selayar,Sulawesi Selatan,10000.0,Sedang,https://travel.tribunnews.com/2025/09/25/pantai-tanjung-bira-di-bulukumba-sulawesi-selatan-panduan-rute-tiket-masuk-fasilitas
Gunung landaka,"Unnamed Road, C7PR+V39, Ledu-Ledu, Kec. Wasuponda, Kabupaten Luwu Timur, Sulawesi Selatan 92983, Indonesia",Kabupaten Luwu Timur,Sulawesi Selatan,5000.0,Murah,https://travel.tribunnews.com/2025/08/13/harga-tiket-masuk-pantai-ujung-batu-di-barru-sulawesi-selatan-panduan-rute-dari-makassar
"GPKDI ""Bukit Sion"" Girian","C4RG+RWX, Teling, Kec. Girian, Kota Bitung, Sulawesi Utara 95544, Indonesia",Kota Bitung,Sulawesi Utara,-,-,-
Air terjun binjeita,"RFJ9+8XP, Binjeita, Kec. Bolang Itang Tim., Kabupaten Bolaang Mongondow Utara, Sulawesi Utara, Indonesia",Kabupaten Bolaang Mongondow Utara,Sulawesi Utara,5000.0,Murah,https://travel.tribunnews.com/destinasi/141107/jam-buka-tiket-masuk-pantai-modisi-di-bolaang-mongondow-selatan-sulawesi-utara
Air Terjun Matabulu,"HF4F+9VW, Matabulu, Kec. Nuangan, Kabupaten Bolaang Mongondow Timur, Sulawesi Utara, Indonesia",Kabupaten Bolaang Mongondow Timur,Sulawesi Utara,29000.0,Mahal,https://travel.tribunnews.com/2025/07/22/10-tempat-wisata-terbaik-di-bolaang-mongondow-timur-sulawesi-utara-danau-mooat-hingga-pantai-abadi
"Pantai Timur, Jiko Belanga - Boltim","FGH5+GQ, Jiko Belanga, Kec. Nuangan, Kabupaten Bolaang Mongondow Timur, Sulawesi Utara, Indonesia",Kabupaten Bolaang Mongondow Timur,Sulawesi Utara,29000.0,Mahal,https://travel.tribunnews.com/2025/07/22/10-tempat-wisata-terbaik-di-bolaang-mongondow-timur-sulawesi-utara-danau-mooat-hingga-pantai-abadi
Air Terjun Bidadari Kayaton Desa Bukaka,"VJG3+JX5, Bukaka, Kotabunan, Kabupaten Bolaang Mongondow Timur, Sulawesi Utara, Indonesia",Kabupaten Bolaang Mongondow Timur,Sulawesi Utara,10000.0,Sedang,https://money.kompas.com/read/2012/09/22/14472492/yuk-berwisata-ke-air-terjun-5-tingkat-di-mengkang
Air Terjun Sura,"MCHH+Q4V, Kendahe II, Kendahe, Kabupaten Kepulauan Sangihe, Sulawesi Utara, Indonesia",Kabupaten Kepulauan Sangihe,Sulawesi Utara,29000.0,Mahal,https://travel.tribunnews.com/2021/06/11/rekomendasi-7-tempat-wisata-di-kepulauan-sangihe-coba-jelajahi-pantai-malahi
Air Terjun Ogololo,"FW28+HWW, Bukit Harapan, Kec. Sojol, Kabupaten Donggala, Sulawesi Tengah 94356, Indonesia",Kabupaten Donggala,Sulawesi Tengah,29000.0,Mahal,https://travel.tribunnews.com/destinasi/141157/daya-tarik-harga-tiket-masuk-air-terjun-veranomata-di-morowali-sulawesi-tengah
Bukit Sunset Bou,"M2MM+94W, Jl. Tolitoli - Palu, Bou, Kec. Sojol, Kabupaten Donggala, Sulawesi Tengah 94356, Indonesia",Kabupaten Donggala,Sulawesi Tengah,8000.0,Murah,https://jatim.tribunnews.com/2020/11/16/harga-tiket-masuk-bukit-kuneer-spot-instagramble-berburu-sunset-di-malang-cocok-hilangkan-penat
Air Terjun Ayus,"3Q67+66, Hanga-Hanga, Luwuk, Kabupaten Banggai, Sulawesi Tengah, Indonesia",Kabupaten Banggai,Sulawesi Tengah,29000.0,Mahal,https://travel.tribunnews.com/destinasi/141157/daya-tarik-harga-tiket-masuk-air-terjun-veranomata-di-morowali-sulawesi-tengah
Pantai Labuan,"Q6CX+96Q, Montop, Kec. Bulagi Utara, Kabupaten Banggai Kepulauan, Sulawesi Tengah, Indonesia",Kabupaten Banggai Kepulauan,Sulawesi Tengah,2000.0,Murah,https://pancar.id/3222/pantai-poganda-surga-tersembunyi-wisata-alam-di-sulawesi-tengah
Wisata Pemandian Tuweley,"2RWR+Q9, Tuweley",Kabupaten Toli-Toli,Sulawesi Tengah,10000.0,Sedang,https://wisatago.com/wisata-pemandian-lubuk-papan/
Goa Kolam Renang,"GF9M+2MV, Labengi",Kabupaten Kolaka,Sulawesi Tenggara,30000.0,Mahal,https://www.jelajahlampung.com/kolam-renang-marcopolo-bandar-lampung/
Pantai Miringan Desa Biluhu Barat,"FPPP+F5F, Biluhu Bar., Kec. Biluhu, Kabupaten Gorontalo, Gorontalo 96272, Indonesia",Kabupaten Gorontalo,Gorontalo,2000.0,Murah,https://jadesta.kemenpar.go.id/desa/biluhu_timur_tilalohe_beach_dan_itoduti_beach_oboss_air_terjun_wulingo_dan_paralayang
Wisata Puncak Desa Towata (paralayang),"Unnamed Road Towata Polombangkeng Utara, Saluka/lammasa, bukit golinga, Kabupaten Takalar, Sulawesi Selatan 92173, Indonesia",Kabupaten Takalar,Sulawesi Selatan,5000.0,Murah,https://travel.tribunnews.com/2025/02/28/pantai-mangindara-takalar-sulawesi-selatan-wisata-favorit-anak-muda-untuk-sunsetan-dan-kulineran
Wisata Bahari Politani Pangkep,"Wisata Bahari Politani Pangkep, Mandalle, Kec. Mandalle, Kabupaten Pangkajene Dan Kepulauan, Sulawesi Selatan 90655, Indonesia",Kabupaten Pangkajene Dan Kepulauan,Sulawesi Selatan,-,-,-
Galangan kapal phinisi Haji Abdullah Hassan,"F9G5+28J, Tanah Beru, Kec. Bonto Bahari, Kabupaten Bulukumba, Sulawesi Selatan 92571, Indonesia",Kabupaten Bulukumba,Sulawesi Selatan,6000,Murah,https://travel.tribunnews.com/2025/05/01/kunjungi-pelabuhan-bira-saat-liburan-di-bulukumba-sulsel-lihat-aktivitas-kapal-pinisi-kapal-feri
Air Terjun To'dama Sangkaropi,"4XR5+WP5, Sangkaropi, Kec. Sa'dan, Kabupaten Toraja Utara, Sulawesi Selatan 91853, Indonesia",Kabupaten Toraja Utara,Sulawesi Selatan,15000.0,Sedang,https://www.detik.com/sulsel/wisata/d-6552181/negeri-di-atas-awan-toraja-panorama-alam-dari-ketinggian-1-300-mdpl
Dusun Londa,"FPVP+7VV, Temban, Kec. Enrekang, Kabupaten Enrekang, Sulawesi Selatan 91711, Indonesia",Kabupaten Enrekang,Sulawesi Selatan,13000.0,Sedang,https://travel.tribunnews.com/2025/02/03/dante-pine-tempat-wisata-murah-meriah-di-kabupaten-enrekang-sulawesi-selatan
Pasabbeng,"Ladongi, Kabupaten Luwu Utara",Kabupaten Luwu Utara,Sulawesi Selatan,0.0,Gratis,https://www.detik.com/sulsel/wisata/d-6908956/19-rekomendasi-tempat-wisata-di-luwu-utara-yang-menarik-dikunjungi
Bukit Awan Wasuponda,"97XM+49, Tabarano, Kec. Wasuponda, Kabupaten Luwu Timur, Sulawesi Selatan 92983, Indonesia",Kabupaten Luwu Timur,Sulawesi Selatan,29000.0,Mahal,https://travel.tribunnews.com/2025/09/17/7-destinasi-wisata-di-luwu-timur-sulawesi-selatan-yang-instagramable
Watu Tiwa Toar Lumimuut,"WFM3+3RW, Pinaesaan, Kec. Tompaso Baru, Kabupaten Minahasa Selatan, Sulawesi Utara, Indonesia",Kabupaten Minahasa Selatan,Sulawesi Utara,3000.0,Murah,https://p4mriunima.wordpress.com/buku-tentang-rme/taman-wisata-toar-lumimuut/
Tracking Mangrove Bumdes Mandiri Tabilaa,"92GW+V68, Tabilaa",Kabupaten Majene,Sulawesi Barat,2000.0,Murah,https://travel.detik.com/cerita-perjalanan/d-5402730/ini-dia-daftar-harga-tiket-masuk-taman-hiburan-top
GMIST BUKIT KASIH,"JG76+5JM, Tona II, Kec. Tahuna Tim., Kabupaten Kepulauan Sangihe, Sulawesi Utara, Indonesia",Kabupaten Kepulauan Sangihe,Sulawesi Utara,3000.0,Murah,https://jejakpiknik.com/bukit-kasih/
Bukit Punggung Kuda Talise,"4VMW+V2, Talise, Kec. Mantikulore, Kota Palu, Sulawesi Tengah 94118, Indonesia",Kota Palu,Sulawesi Tengah,0.0,Gratis,https://travel.tribunnews.com/destinasi/140810/itinerary-palu-1-hari-dari-donggala-liburan-romantis-berdua-cuma-rp-310-ribu
Wisata Alam Goa Lembono Mata,"82VH+29V, Laroue, Kec. Bungku Tengah, Kabupaten Morowali, Sulawesi Tengah 94973, Indonesia",Kabupaten Morowali,Sulawesi Tengah,29000.0,Mahal,https://travel.tribunnews.com/destinasi/141157/daya-tarik-harga-tiket-masuk-air-terjun-veranomata-di-morowali-sulawesi-tengah
Bombana's Beach Garden,"93771, Indonesia",Kabupaten Bombana,Sulawesi Tenggara,0.0,Gratis,https://news.detik.com/berita/d-6160292/masuk-monas-bayar-berapa-simak-info-selengkapnya
Permandian kaaghi,"4GM2+JFW, Jalan Poros, Lakanaha",Kabupaten Muna,Sulawesi Tenggara,20000.0,Mahal,https://www.pancurajipost.com/2025/08/review-permandian-air-panas-mahkota-dondang-kukar.html
kioko beach,"3X4M+PQ2, Kec. Bonegunu, Kabupaten Buton Utara, Sulawesi Tenggara 93673, Indonesia",Kabupaten Buton Utara,Sulawesi Tenggara,0,Gratis,https://travel.tribunnews.com/destinasi/141416/harga-tiket-paddle-board-di-pantai-anggalo-konawe-untuk-liburan-akhir-tahun
WISATA SALUKAILI,"C8HG+QV6, Jl. Poros Palu - Mamuju, Baras, Kec. Baras, Kab. Pasangkayu, Sulawesi Barat 91572, Indonesia",Kabupaten Mamuju,Sulawesi Barat,0.0,Gratis,https://www.detik.com/sulsel/wisata/d-6263391/9-wisata-di-sulawesi-barat-alam-bawah-laut-hingga-negeri-di-atas-awan
Pantai Barane Kiri,"F273+QGH, Labuang, Kabupaten Majene",Kabupaten Majene,Sulawesi Barat,5000.0,Murah,https://regional.kompas.com/read/2024/10/23/183545378/pantai-barane-majene-daya-tarik-aktivitas-dan-harga-tiket
Bukit Ceria,"J443+5P8, Bulotalangi, Kec. Bulango Tim., Kabupaten Bone Bolango, Gorontalo, Indonesia",Kabupaten Bone Bolango,Gorontalo,10000.0,Sedang,https://www.detik.com/sulsel/wisata/d-6872903/wisata-bumi-cerah-bone-bolango-keindahan-panorama-alam-dari-atas-bukit
Alun-Alun Kab. Bone,"F83C+VJ9, Macege",Kabupaten Bone,Sulawesi Selatan,0.0,Gratis,-
Pantai berjodoh,"8J9W+GC4, Bonto Sunggu, Kec. Tamalatea, Kabupaten Jeneponto, Sulawesi Selatan 92811, Indonesia",Kabupaten Jeneponto,Sulawesi Selatan,10000.0,Sedang,https://travel.tribunnews.com/2025/09/25/pantai-tanjung-bira-di-bulukumba-sulawesi-selatan-panduan-rute-tiket-masuk-fasilitas
Pantai Baloyya,"QCVW+774, Patikarya, Kec. Bontoharu, Kab. Kepulauan Selayar, Sulawesi Selatan 92855, Indonesia",Kabupaten Kepulauan Selayar,Sulawesi Selatan,0.0,Gratis,https://www.pantainesia.com/pantai-baloyya
Permandian Alam Lorong 2 Trans,"C425+CGH, Ussu, Kec. Malili, Kabupaten Luwu Timur, Sulawesi Selatan 92937, Indonesia",Kabupaten Luwu Timur,Sulawesi Selatan,5000.0,Murah,https://superapps.kompas.com/read/4282708/6-tempat-wisata-di-maros-sulawesi-selatan-ada-taman-nasional-yang-disebut-kerajaan-kupu-kupu
Wisata Alam Rano Reindang Desa Leilem,"7R88+9WH, Leilem, Kec. Sonder, Kabupaten Minahasa, Sulawesi Utara, Indonesia",Kabupaten Minahasa,Sulawesi Utara,29000.0,Mahal,https://travel.tribunnews.com/destinasi/141155/3-tempat-wisata-di-tondano-minahasa-sulawesi-utara-untuk-liburan-keluarga
Pantai Pulau Kelapa Bungkutoko,"2JF3+HV6, Kec. Kendari, Kota Kendari, Sulawesi Tenggara, Indonesia",Kota Kendari,Sulawesi Tenggara,3000.0,Murah,https://travel.tribunnews.com/destinasi/141166/6-tempat-wisata-terbaik-di-kendari-sulawesi-tenggara-untuk-liburan-akhir-tahun
TUGU KUDA DESA LAILANGGA,"3GMJ+R45, Jl. Poros, Lailangga, Kec. Wadaga, Kabupaten Muna, Sulawesi Tenggara 93652, Indonesia",Kabupaten Muna,Sulawesi Tenggara,-,-,-
Pantai Wasampela,"Wasampela, Kabupaten Buton",Kabupaten Buton,Sulawesi Tenggara,-,-,-
Bukit tangga bali botutonuo,"F4FV+QX3, Botutonuo, Kec. Kabila Bone, Kabupaten Bone Bolango, Gorontalo 96119, Indonesia",Kabupaten Bone Bolango,Gorontalo,0.0,Gratis,-
Limboto Lake,"HXJM+27P, Danau Limboto, Kabupaten Gorontalo",Kabupaten Gorontalo,Gorontalo,0.0,Gratis,-
Pantai Botuliodu,"8Q95+7F5, Botuliodu, kec Tomin, Kabupaten Bolaang Mongondow Selatan, Sulawesi Utara, Indonesia",Kabupaten Bolaang Mongondow Selatan,Sulawesi Utara,5000.0,Murah,https://travel.tribunnews.com/destinasi/141107/jam-buka-tiket-masuk-pantai-modisi-di-bolaang-mongondow-selatan-sulawesi-utara
Wisata Air Terjun Desa Gangga,"35PC+GW, Lemusa, Kec. Parigi Sel., Kabupaten Parigi Moutong, Sulawesi Tengah 94471, Indonesia",Kabupaten Parigi Moutong,Sulawesi Tengah,10000.0,Sedang,https://www.celebes.co/tempat-wisata-parigi-moutong
Goa Tokubet,"7GX9+W46, Tolokibit, Kec. Banggai Sel., Kab. Banggai Laut, Sulawesi Tengah 94891, Indonesia",Kabupaten Banggai,Sulawesi Tengah,5000,Murah,https://video.tribunnews.com/travel/292823/harga-tiket-masuk-destinasi-wisata-instagramable-di-yogyakarta-ada-yang-bayar-seikhlasnya
KOYO BEACH,"H5R5+2X7, Koyobunga, Kec. Peling Tengah, Kabupaten Banggai Kepulauan, Sulawesi Tengah, Indonesia",Kabupaten Banggai Kepulauan,Sulawesi Tengah,25000.0,Mahal,https://jadesta.kemenparekraf.go.id/atraksi/koyo_beach
Air Terjun Sarassa,"GR9J+89G, Rosoan, Kec. Enrekang, Kabupaten Enrekang, Sulawesi Selatan 91711, Indonesia",Kabupaten Enrekang,Sulawesi Selatan,13000.0,Sedang,https://travel.tribunnews.com/2025/02/03/dante-pine-tempat-wisata-murah-meriah-di-kabupaten-enrekang-sulawesi-selatan
Pantai Sukamaju,"XCR9+FH7, Jl. Biso, Bulontio Tim., Kec. Sumalata, Kabupaten Gorontalo Utara, Gorontalo 96254, Indonesia",Kabupaten Gorontalo Utara,Gorontalo,-,-,-
Wisata JatiLodungga,"HW7M+739, Unnamed Road, Tabongo Tim., Kabupaten Gorontalo",Kabupaten Gorontalo,Gorontalo,5000.0,Murah,https://travel.kompas.com/read/2021/09/15/121700227/itinerary-3-hari-2-malam-di-gorontalo-wisata-ke-benteng-otanaha?page=all
Pantai Motihelumo,"Unnamed Road, XH56+VGC, Dulukapa, Kec. Sumalata, Kabupaten Gorontalo Utara, Gorontalo 96254, Indonesia",Kabupaten Gorontalo Utara,Gorontalo,-,-,-
Wisata Air Terjun Botuliodu,"8QF2+2RW, Botuliodu, Kec. Posigadan, Kabupaten Bolaang Mongondow Selatan, Sulawesi Utara, Indonesia",Kabupaten Bolaang Mongondow Selatan,Sulawesi Utara,5000.0,Murah,https://www.geokepo.id/id/lokasi/bolaang-mongondow-selatan/air-terjun-botuliodu
Wisata Pantai Nonong,"MG49+JCQ, Nonong, Kec. Batui, Kabupaten Banggai, Sulawesi Tengah, Indonesia",Kabupaten Banggai,Sulawesi Tengah,29000.0,Mahal,https://travel.tribunnews.com/2025/04/11/harga-tiket-masuk-pantai-enu-wisata-primadona-di-kabupaten-donggala-sulawesi-tengah
PUNCAK BABO ANJAM,"XR38+9VG, Tinading, Kabupaten Toli-Toli",Kabupaten Toli-Toli,Sulawesi Tengah,-,-,-
permandian toronipa,"4M38+535, Toronipa, Soropia, Kabupaten Konawe, Sulawesi Tenggara, Indonesia",Kabupaten Konawe,Sulawesi Tenggara,0.0,Gratis,-
Desa Wisata Biring Ere,"6J85+X7X, Biring Ere, Kec. Bungoro, Kabupaten Pangkajene Dan Kepulauan, Sulawesi Selatan 90651, Indonesia",Kabupaten Pangkajene Dan Kepulauan,Sulawesi Selatan,-,-,-
Rise and Shine,"XJ2V+XW5, Bumi Harapan, Kec. Bacukiki Bar., Kota Parepare, Sulawesi Selatan, Indonesia",Kota Parepare,Sulawesi Selatan,0.0,Gratis,https://travel.tribunnews.com/destinasi/140738/itinerary-parepare-1-hari-dari-pinrang-bujet-rp-240-ribu-buat-liburan-berdua
Bukit Alitta Madani,"Desa, Alitta, Kec. Mattiro Bulu, Kabupaten Pinrang, Sulawesi Selatan 91271, Indonesia",Kabupaten Pinrang,Sulawesi Selatan,5000,Murah,https://travel.tribunnews.com/destinasi/140539/pantai-togeo-bone-sulawesi-selatan-tiket-masuk-lokasi-panduan-rute
Air terjun Talise,"FVMP+W79, Bonto Rannu, Kec. Uluere, Kabupaten Bantaeng, Sulawesi Selatan 92451, Indonesia",Kabupaten Bantaeng,Sulawesi Selatan,29000.0,Mahal,https://travel.tribunnews.com/2025/06/11/nikmati-air-panas-alami-lejja-soppeng-cek-harga-tiket-masuk-lokasinya-di-sulawesi-selatan
Kuburan Alam Alla',"2V2V+J2, Angin-Angin, Kec. Kesu, Kabupaten Toraja Utara, Sulawesi Selatan, Indonesia",Kabupaten Toraja Utara,Sulawesi Selatan,10000.0,Sedang,https://www.detik.com/sulsel/wisata/d-7855810/8-wisata-di-tana-toraja-yang-unik-dan-bersejarah-untuk-liburan-keluarga
Tugu Perang Dunia II,"FRQR+W9W, Lawangirung, Kec. Wenang, Kota Manado, Sulawesi Utara, Indonesia",Kota Manado,Sulawesi Utara,-,-,-
Makam Raja Tadohe,"Q83G+5VQ, Upai, Kec. Kotamobagu Utara, Kota Kotamobagu, Sulawesi Utara, Indonesia",Kota Kotamobagu,Sulawesi Utara,-,-,-
Air terjun muntoi( DAKOL ),"Q6PH+2MW, Muntoi, Kabupaten Bolaang Mongondow",Kabupaten Bolaang Mongondow,Sulawesi Utara,29000.0,Mahal,https://travel.tribunnews.com/2025/07/17/monibi-park-tempat-wisata-pemandian-air-alami-di-bolaang-mongondow-sulut
Air Terjun Tudu Aog,"Jl Poros Tuduaog-Kolingangaan, Manembo, Passi Timur, Bolaang Mongondow Regency, North Sulawesi 95372, Indonesia",Kabupaten Bolaang Mongondow,Sulawesi Utara,10000.0,Sedang,https://travel.kompas.com/read/2025/12/01/092745327/lokasi-jam-buka-dan-harga-tiket-air-terjun-tanggedu-sumba
Wisata PULAU PARA,"3G82+MHP, Para, Kec. Tatoareng, Kabupaten Kepulauan Sangihe, Sulawesi Utara, Indonesia",Kabupaten Kepulauan Sangihe,Sulawesi Utara,29000.0,Mahal,https://travel.tribunnews.com/2021/06/13/6-fakta-unik-kepulauan-sangihe-miliki-gunung-api-bawah-laut-dan-burung-endemik-yang-terancam-punah
Wisata Kebun Bunga OVA,"8V25+MH7, Jl. H. Patila, Pantoloan, Kota Palu",Kota Palu,Sulawesi Tengah,0.0,Gratis,https://kelaswisata.id/wisata-di-palu/
Pantai Batu Kapal,"79QP+CF6, Unnamed Road, Lalong, Kabupaten Banggai Kepulauan",Kabupaten Banggai,Sulawesi Tengah,5000.0,Murah,https://jadesta.kemenpar.go.id/atraksi/wisata_pantai_batu_kapal
BOLRE ATO BVULYUD,"593W+MG, Kulango, Kec. Biau, Kabupaten Buol, Sulawesi Tengah 94565, Indonesia",Kabupaten Buol,Sulawesi Tengah,-,-,-
Gerbang utama Masjid Al alam,"2GCJ+2PG, Jl. Masjid Al Alam, Lalolara, Kec. Kambu, Kota Kendari, Sulawesi Tenggara 93231, Indonesia",Kota Kendari,Sulawesi Tenggara,3000.0,Murah,https://travel.tribunnews.com/destinasi/141166/6-tempat-wisata-terbaik-di-kendari-sulawesi-tenggara-untuk-liburan-akhir-tahun
Desa labengki,"HC2F+2X6, Labengi, Kec. Lasolo, Kabupaten Konawe Utara, Sulawesi Tenggara 93352, Indonesia",Kabupaten Konawe Utara,Sulawesi Tenggara,10000.0,Sedang,https://lsupariwisata.com/2025/08/04/5-destinasi-wisata-di-sulawesi-tenggara-yang-wajib-dikunjungi/
Air Terjun Paralahune,"V342+M66, Pondoa, Kec. Wiwirano, Kabupaten Konawe Utara, Sulawesi Tenggara, Indonesia",Kabupaten Konawe Utara,Sulawesi Tenggara,5000.0,Murah,https://sultra.tribunnews.com/2024/07/27/16-air-terjun-di-sulawesi-tenggara-ada-yang-miliki-kisah-legenda-hingga-masuk-adwi-kemenparekraf?page=all
air terjun lantangahi desa todanga,"WR94+CX, Tuangila, Kec. Kapontori, Kabupaten Buton, Sulawesi Tenggara, Indonesia",Kabupaten Buton,Sulawesi Tenggara,2000.0,Murah,https://pojokjakarta.com/2023/01/23/5-tempat-wisata-air-terjun-di-sulawesi-tenggara-dengan-pemandangannya-yang-memukau/
Air Terjun Doule,"85V7+XQ, Petetea, Kec. Kulisusu Utara, Kabupaten Buton Utara, Sulawesi Tenggara, Indonesia",Kabupaten Buton Utara,Sulawesi Tenggara,7500.0,Murah,https://travelspromo.com/htm-wisata/air-terjun-dolo-kediri/
Wisata Bahari Leato,"F3PM+W6M, Leato Sel., Kec. Dumbo Raya, Kota Gorontalo, Gorontalo 96116, Indonesia",Kota Gorontalo,Gorontalo,5000.0,Murah,https://www.celebes.co/pantai-leato-gorontalo
Huidu Boliyohuto,"Huidu Boliyohuto, Bululi, Kec. Asparaga, Kabupaten Gorontalo, Gorontalo, Indonesia",Kabupaten Gorontalo,Gorontalo,-,-,-
Air terjun mata tumpang,"Jonjo, Kec. Parigi, Kabupaten Gowa, Sulawesi Selatan 92174, Indonesia",Kabupaten Gowa,Sulawesi Selatan,10000.0,Sedang,https://travel.tribunnews.com/2025/09/25/pantai-tanjung-bira-di-bulukumba-sulawesi-selatan-panduan-rute-tiket-masuk-fasilitas
Makam Raja-Raja Sanrobone,"Unnamed Road, H99R+637, Sanrobone, Kec. Sanrobone, Kabupaten Takalar, Sulawesi Selatan 92231, Indonesia",Kabupaten Takalar,Sulawesi Selatan,10000.0,Sedang,https://jadesta.kemenpar.go.id/atraksi/wisata_religi_sanrobone
Bulu Mallocie,"Bulu Mallocie, Lainungan, Kec. Watang Pulu, Kabupaten Sidenreng Rappang, Sulawesi Selatan, Indonesia",Kabupaten Sidenreng Rappang,Sulawesi Selatan,5000,Murah,https://travel.tribunnews.com/destinasi/140539/pantai-togeo-bone-sulawesi-selatan-tiket-masuk-lokasi-panduan-rute
Gunung Labokke,"Unnamed Road, V6V8+RJM, Puty, Kec. Bua, Kabupaten Luwu, Sulawesi Selatan 91991, Indonesia",Kabupaten Luwu,Sulawesi Selatan,5000.0,Murah,https://sisparnas.kemenpar.go.id/p/55640
Kebun Tundo Wudan,"F4WC+RP, Duasadara, Kota Bitung",Kota Bitung,Sulawesi Utara,-,-,-
Wisata Pemandian Air Panas Desa Lowian,"VCPX+983, Lowian, Kec. Maesaan, Kabupaten Minahasa Selatan, Sulawesi Utara, Indonesia",Kabupaten Minahasa Selatan,Sulawesi Utara,-,-,-
Air terjun bontoa,"QG5Q+9C, Lamo, Kec. Batui, Kabupaten Banggai, Sulawesi Tengah, Indonesia",Kabupaten Banggai,Sulawesi Tengah,29000.0,Mahal,https://travel.tribunnews.com/2025/04/11/harga-tiket-masuk-pantai-enu-wisata-primadona-di-kabupaten-donggala-sulawesi-tengah
Wisata permandian Purau,"P362+H9, Mataiwoi, Kec. Ngapa, Kabupaten Kolaka Utara, Sulawesi Tenggara, Indonesia",Kabupaten Kolaka Utara,Sulawesi Tenggara,-,-,-
BUKIT NIZAM,"Jl. Poros Majene - Mamuju, Botteng, Kec. Simboro Dan Kepulauan, Kabupaten Mamuju, Sulawesi Barat 91512, Indonesia",Kabupaten Mamuju,Sulawesi Barat,0.0,Gratis,https://travel.kompas.com/read/2021/10/26/160721427/itinerary-3-hari-2-malam-di-mamuju-sulawesi-barat-wisata-air-terjun-tamasapi
Pantai Pasir Putih Palipi Soreang,"CWRH+V3Q, Jl. Poros Majene - Mamuju, Totoli, Kec. Banggae, Kabupaten Majene, Sulawesi Barat 91415, Indonesia",Kabupaten Majene,Sulawesi Barat,0.0,Gratis,https://www.celebes.co/pantai-wisata-palippis
Pohon Keramat Baurung,"CXRX+5JH, Baurung, Kabupaten Majene",Kabupaten Majene,Sulawesi Barat,0.0,Gratis,-
Development Wisata Bahari Punagaya,"9HV2+WCC, Pantai Bahari, Bangkala, Kabupaten Jeneponto, Sulawesi Selatan, Indonesia",Kabupaten Jeneponto,Sulawesi Selatan,0.0,Gratis,https://www.detik.com/sulsel/wisata/d-7291656/gratis-masuk-wisata-air-terjun-tuang-loe-jeneponto-ramai-saat-libur-lebaran
Kawasan Wisata Buntu Sarira,"Unnamed Road, XV9Q+8WQ, Sarira, Kec. Makale Utara, Kabupaten Tana Toraja, Sulawesi Selatan 91852, Indonesia",Kabupaten Tana Toraja,Sulawesi Selatan,0.0,Gratis,-
TANJUNG TAYAPU,"926J+5X8, Lansot, Kec. Kema, Kabupaten Minahasa Utara, Sulawesi Utara, Indonesia",Kabupaten Minahasa Utara,Sulawesi Utara,5000.0,Murah,https://travel.tribunnews.com/2025/02/05/healing-ke-pantai-lakban-di-minahasa-tenggara-sulawesi-utara-tiket-masuk-cuma-rp-5-ribu
Pantai Talowara,"P3PM+696, Karatung, Kec. Nanusa, Kabupaten Kepulauan Talaud, Sulawesi Utara, Indonesia",Kabupaten Kepulauan Talaud,Sulawesi Utara,15000.0,Sedang,https://travel.tribunnews.com/2025/09/10/makatete-hills-manado-sulawesi-utara-daya-tarik-tiket-masuk-lokasi
Agrowisata Bunti Ede Padende,"Padende, Kec. Marawola, Kabupaten Sigi, Sulawesi Tengah 94362, Indonesia",Kabupaten Sigi,Sulawesi Tengah,6000,Murah,https://travel.tribunnews.com/2021/10/20/travel-update-jelajah-pantai-bambahano-tempat-wisata-di-sulawesi-tengah-untuk-liburan-akhir-pekan
Pantai Sunset,"8PG9+G3Q, Boneoge, Kec. Banawa, Kabupaten Donggala, Sulawesi Tengah, Indonesia",Kabupaten Donggala,Sulawesi Tengah,2000.0,Murah,https://travel.kompas.com/read/2023/07/03/190500227/pantai-tanjung-karang-di-sulawesi-tengah--tiket-masuk-dan-aktivitas
Desa Bosagon jaya,"HQ44+X33, RT.Buluye/RW.Bosagon, Kayu Agung, Kec. Ongka Malino, Kabupaten Parigi Moutong, Sulawesi Tengah 94479, Indonesia",Kabupaten Parigi Moutong,Sulawesi Tengah,0.0,Gratis,https://www.celebes.co/tempat-wisata-parigi-moutong
Aula Wisata Mangrove Matansala,"FXG6+WHR, Matansala, Kec. Bungku Tengah, Kabupaten Morowali, Sulawesi Tengah, Indonesia",Kabupaten Morowali,Sulawesi Tengah,29000.0,Mahal,https://travel.tribunnews.com/destinasi/141157/daya-tarik-harga-tiket-masuk-air-terjun-veranomata-di-morowali-sulawesi-tengah
Air Terjun Akar Darah,"3P7X+8M8, Hanga-Hanga, Kec. Luwuk Selatan, Kabupaten Banggai, Sulawesi Tengah 94713, Indonesia",Kabupaten Banggai,Sulawesi Tengah,29000.0,Mahal,https://travel.tribunnews.com/destinasi/141157/daya-tarik-harga-tiket-masuk-air-terjun-veranomata-di-morowali-sulawesi-tengah
Pantai Asmara Tapandulu,"8Q3J+P2M, Lebani, Kabupaten Mamuju",Kabupaten Mamuju,Sulawesi Barat,10000.0,Sedang,https://www.celebes.co/pantai-tapandullu-mamuju
Pantai Sampaga,"M4QG+CC8, Sampaga, Kec. Sampaga, Kabupaten Mamuju, Sulawesi Barat, Indonesia",Kabupaten Mamuju,Sulawesi Barat,0,Gratis,https://travel.kompas.com/read/2021/10/26/160721427/itinerary-3-hari-2-malam-di-mamuju-sulawesi-barat-wisata-air-terjun-tamasapi
Wisata Alam Bukit Kappung Mammesa,"Lingkungan Panggalo Salabose, FX75+9VV, Pangali-Ali, Kec. Banggae, Kabupaten Majene, Sulawesi Barat 91411, Indonesia",Kabupaten Majene,Sulawesi Barat,0.0,Gratis,-
Pantai Kassi' Bumbung,"9VC3+87Q, Bungeng, Kabupaten Jeneponto",Kabupaten Jeneponto,Sulawesi Selatan,5000.0,Murah,https://www.detik.com/sulsel/wisata/d-6896687/10-rekomendasi-tempat-wisata-di-jeneponto-untuk-liburan-seru
Padang Savana Gunung labokke,"Puty, Kec. Bua, Kabupaten Luwu, Sulawesi Selatan 91991, Indonesia",Kabupaten Luwu,Sulawesi Selatan,-,-,-
"Air Terjun Pomoman, (Pomoman Waterfall)","W9X5+H6F, Pomoman, Kec. Poigar, Kabupaten Bolaang Mongondow, Sulawesi Utara, Indonesia",Kabupaten Bolaang Mongondow,Sulawesi Utara,0.0,Gratis,https://totabuan.news/2020/06/wisata-air-terjun-tersembunyi-di-desa-pomoman/
Air Terjun Desa Pannulan,"QQ7H+69X, Laut Filipina, Peret, Kabupaten Kepulauan Talaud, Sulawesi Utara, Indonesia",Kabupaten Kepulauan Talaud,Sulawesi Utara,0.0,Gratis,https://manado.tribunnews.com/2024/11/17/6-pilihan-air-terjun-keren-di-sulawesi-utara-cocok-dikunjungi-saat-weekend-ada-yang-masuk-gratis
Pantai Bahotonsu,"HVXF+GJ4, Bahoea Reko Reko, Kec. Bungku Bar., Kabupaten Morowali, Sulawesi Tengah 94976, Indonesia",Kabupaten Morowali,Sulawesi Tengah,29000.0,Mahal,https://travel.tribunnews.com/destinasi/141157/daya-tarik-harga-tiket-masuk-air-terjun-veranomata-di-morowali-sulawesi-tengah
Danau Lapada,"Q33W+6R2, Lamonae Utama, Kec. Wiwirano, Kabupaten Konawe Utara, Sulawesi Tenggara 93353, Indonesia",Kabupaten Konawe Utara,Sulawesi Tenggara,0.0,Gratis,https://kelaswisata.id/wisata-di-sulawesi-tenggara/
Pulau Bokori,"3M65+4JP, Sorue Jaya, Soropia, Kabupaten Konawe, Sulawesi Tenggara, Indonesia",Kabupaten Konawe,Sulawesi Tenggara,10000.0,Sedang,https://wisata.konawekab.go.id/wisata/3
Puncak sunrise saloadak,"V99W+3H5, Saloadak, Kabupaten Mamuju Tengah",Kabupaten Mamuju,Sulawesi Barat,-,-,-
air terjun tiga lantai,"FVRR+88P, RW.pammelangan desa, Bonto Rannu, Kec. Sinoa, Kabupaten Bantaeng, Sulawesi Selatan 92451, Indonesia",Kabupaten Bantaeng,Sulawesi Selatan,7000.0,Murah,https://travel.tribunnews.com/2025/09/18/air-terjun-bissappu-di-bissappu-bantaeng-sulawesi-selatan-wisata-air-indah-terjangkau
Gunung parimata,"Unnamed Road, XW93+MX3, Tallung Penanian, Kec. Sanggalangi, Kabupaten Toraja Utara, Sulawesi Selatan 91852, Indonesia",Kabupaten Toraja Utara,Sulawesi Selatan,15000.0,Sedang,https://travel.kompas.com/read/2025/01/18/060300927/rante-kalimbuang-bori-toraja--harga-tiket-jam-buka-dan-lokasi
Buntu Tampo,"Buntu Tampo, Marinding, Kec. Mengkendek, Kabupaten Tana Toraja, Sulawesi Selatan, Indonesia",Kabupaten Tana Toraja,Sulawesi Selatan,10000.0,Sedang,https://www.detik.com/sulsel/wisata/d-7855810/8-wisata-di-tana-toraja-yang-unik-dan-bersejarah-untuk-liburan-keluarga
Puncak Bora Palopo,Murante,Kota Palopo,Sulawesi Selatan,10000.0,Sedang,https://regional.kompas.com/read/2021/04/12/151045478/foto-viral-tiket-masuk-pantai-anyer-rp-100000-pengelola-harga-dari-dulu-itu
Menara Pandang Bendungan Lolak,"R33F+JX, Totabuan, Kec. Lolak, Kabupaten Bolaang Mongondow, Sulawesi Utara, Indonesia",Kabupaten Bolaang Mongondow,Sulawesi Utara,-,-,-
Puncak moat,"PFC3+HGV, Moat, Kec. Modayag, Kabupaten Bolaang Mongondow Timur, Sulawesi Utara, Indonesia",Kabupaten Bolaang Mongondow Timur,Sulawesi Utara,0.0,Gratis,-
PULAU LAMPU,"CFXH+46, Posilagon, Kec. Pinolosian Tim., Kabupaten Bolaang Mongondow Selatan, Sulawesi Utara, Indonesia",Kabupaten Bolaang Mongondow Selatan,Sulawesi Utara,5000.0,Murah,https://waktu.news/pulau-lampu-bolsel/
Beach The Kalama Big,"HJ2Q+H49, Laotongan, Kec. Tabukan Sel., Kabupaten Kepulauan Sangihe, Sulawesi Utara, Indonesia",Kabupaten Kepulauan Sangihe,Sulawesi Utara,0.0,Gratis,https://sisparnas.kemenpar.go.id/p/70504
Objek Wisata Pantai Mangaramba Beach,"4RG2+M79, Pulutan Sel., Kec. Pulutan, Kabupaten Kepulauan Talaud, Sulawesi Utara, Indonesia",Kabupaten Kepulauan Talaud,Sulawesi Utara,-,-,-
Goa Tu'a Molangke Tombiano,"H25F+6X2, Tombiano, Kec. Tojo Bar., Kabupaten Tojo Una-Una, Sulawesi Tengah 94681, Indonesia",Kabupaten Tojo Una-Una,Sulawesi Tengah,10000.0,Sedang,https://travel.tribunnews.com/2024/11/13/harga-tiket-masuk-telaga-tambing-di-sedoa-lore-utara-poso-sulawesi-tengah
Air Terjun Pandakes,"VG73+WJF, Unnamed Road, Paranonge, Kec. Ulubongka, Kabupaten Tojo Una-Una, Sulawesi Tengah 94682, Indonesia",Kabupaten Tojo Una-Una,Sulawesi Tengah,5000.0,Murah,https://travelspromo.com/htm-wisata/air-terjun-pelaruga-langkat/
Pantai Kacili Surabi,"JVC9+MC, Wosu, Kabupaten Morowali, Sulawesi Tengah, Indonesia",Kabupaten Morowali,Sulawesi Tengah,29000.0,Mahal,https://travel.tribunnews.com/destinasi/141157/daya-tarik-harga-tiket-masuk-air-terjun-veranomata-di-morowali-sulawesi-tengah
Wisata Alam Gua Pehabala,"RGCF+G52, Jl. Trans Sulawesi, Solonsa, Kec. Wita Ponda, Kabupaten Morowali, Sulawesi Tengah 94976, Indonesia",Kabupaten Morowali,Sulawesi Tengah,29000.0,Mahal,https://travel.tribunnews.com/destinasi/141157/daya-tarik-harga-tiket-masuk-air-terjun-veranomata-di-morowali-sulawesi-tengah
Masjid ldii gunung jati kendari,"2HMQ+PQ5, Lorong timur, RT.01/RW.03, Gn. Jati, Kec. Kendari, Kota Kendari, Sulawesi Tenggara 93116, Indonesia",Kota Kendari,Sulawesi Tenggara,0.0,Gratis,https://langitsultra.com/2025/03/05/pengen-wisata-religi-di-kota-kendari-ini-tempat-ibadah-yang-bisa-kamu-kunjungi/
BUKIT BUSEL,"9JXH+P9, Masiri, Batauga, Kabupaten Buton, Sulawesi Tenggara, Indonesia",Kabupaten Buton,Sulawesi Tenggara,74000.0,Mahal,http://jdih.butonkab.go.id/
Pembuat minyak kelapa mandar,"FX7F+2RG, Jalan Pettaroni, Labuang",Kabupaten Majene,Sulawesi Barat,1500.0,Murah,https://id.trip.com/things-to-do/detail/101458922/
Wisata Pantai leato utara,"G329+24G, Jl. R. Atje Slamet, Leato Utara, Kec. Dumbo Raya, Kota Gorontalo, Gorontalo 96119, Indonesia",Kota Gorontalo,Gorontalo,5000.0,Murah,https://www.celebes.co/pantai-leato-gorontalo
Serambi Madinah,"G3M3+PW8, Biawu, Kec. Hulonthalangi, Kota Gorontalo, Gorontalo 96133, Indonesia",Kota Gorontalo,Gorontalo,0.0,Gratis,https://kelaswisata.id/wisata-di-gorontalo/
Air terjun Batu Kapal,"JM7P+74, Wonggarasi Tim., Kec. Wanggarasi, Kabupaten Pohuwato, Gorontalo, Indonesia",Kabupaten Pohuwato,Gorontalo,-,-,-
BUKIT KEMBAR,"HH2R+46X, Lemito Utara, Kec. Lemito, Kabupaten Pohuwato, Gorontalo 96468, Indonesia",Kabupaten Pohuwato,Gorontalo,29000.0,Mahal,https://travel.tribunnews.com/2025/04/01/desa-torosiaje-tempat-wisata-di-ujung-barat-gorontalo-untuk-lihat-kehidupan-suku-bajo
Wisata Alam Tombalan Desa Komara,"JH2C+V3, Ko'mara, Kec. Polombangkeng Utara, Kabupaten Takalar, Sulawesi Selatan, Indonesia",Kabupaten Takalar,Sulawesi Selatan,5000.0,Murah,https://travel.tribunnews.com/2025/02/28/pantai-mangindara-takalar-sulawesi-selatan-wisata-favorit-anak-muda-untuk-sunsetan-dan-kulineran
Air Terjun Nepo,"RM9R+3F7, Nepo, Kec. Mallusetasi, Kabupaten Barru, Sulawesi Selatan 90753, Indonesia",Kabupaten Barru,Sulawesi Selatan,0.0,Gratis,https://www.detik.com/sulsel/wisata/d-6455069/7-tempat-wisata-di-barru-yang-menarik-dan-murah-celebes-canyon-lappa-laona
Wisata Buntu Dengen Kambo,"Kambo, Kota Palopo",Kota Palopo,Sulawesi Selatan,5000.0,Murah,https://makassar.tribunnews.com/travel/1823173/buntu-pasang-palopo-destinasi-wisata-baru-dengan-panorama-kota-dari-ketinggian
BUKIT DOA MERAS,"HR6J+PJ9, Jl. Raya Meras, Meras, Kec. Bunaken, Kota Manado, Sulawesi Utara, Indonesia",Kota Manado,Sulawesi Utara,10000.0,Sedang,https://www.travel.co.id/mapanget-travel-manado
Saliran Beach,"Moronge II, Kec. Moronge, Kabupaten Kepulauan Talaud, Sulawesi Utara, Indonesia",Kabupaten Kepulauan Talaud,Sulawesi Utara,15000.0,Sedang,https://travel.tribunnews.com/2025/09/10/makatete-hills-manado-sulawesi-utara-daya-tarik-tiket-masuk-lokasi
Air Terjun Pangasintoli,"6PQH+9VQ, Lumbudolo, Kec. Banawa Tengah, Kabupaten Donggala, Sulawesi Tengah 94351, Indonesia",Kabupaten Donggala,Sulawesi Tengah,29000.0,Mahal,https://travel.tribunnews.com/2025/04/11/harga-tiket-masuk-pantai-enu-wisata-primadona-di-kabupaten-donggala-sulawesi-tengah
Wisata Pantai Bahumbelu,"RM8M+6RV, Umbele, Kec. Bumi Raya, Kabupaten Morowali, Sulawesi Tengah, Indonesia",Kabupaten Morowali,Sulawesi Tengah,-,-,-
Pantai bobolio,"Q2W5+J87, Jl. Sawaea, Bobolio, Kec. Wawonii Sel., Konawe Kepulauan, Sulawesi Tenggara 93393, Indonesia",Kabupaten Konawe,Sulawesi Tenggara,5000.0,Murah,https://manado.tribunnews.com/2025/02/11/pantai-babo-bolmong-sulawesi-utara-wisata-murah-meriah-yang-bikin-turis-enggan-pulang
PUNCAK BAYY,"WJQF+H84, Unnamed Road, Balandete, Kec. Kolaka, Kabupaten Kolaka, Sulawesi Tenggara 93561, Indonesia",Kabupaten Kolaka,Sulawesi Tenggara,0,Gratis,https://www.acc.co.id/info-terkini/7-wisata-bahari-di-sulawesi-tenggara-surganya-keindahan-laut
Destinasi wisata Pemandian alam Telaga biru,"7MXQ+F7C, Tete Haka, Kec. Tontonunu, Kabupaten Bombana, Sulawesi Tenggara, Indonesia",Kabupaten Bombana,Sulawesi Tenggara,-,-,-
Pantai Ambabe,"Babana, Kec. Budong-Budong, Kabupaten Mamuju Tengah, Sulawesi Barat 91563, Indonesia",Kabupaten Mamuju Tengah,Sulawesi Barat,0.0,Gratis,https://www.tribunnews.com/travel/7771376/liburan-akhir-tahun-ke-pantai-parangtritis-jogja-cek-harga-tiket-masuknya
Kolam pattirotiroang,"M2J6+5VX, Bonto Tengnga, Kec. Sinjai Borong, Kabupaten Sinjai, Sulawesi Selatan 92662, Indonesia",Kabupaten Sinjai,Sulawesi Selatan,10000,Sedang,https://travel.tribunnews.com/destinasi/140928/negeri-berselimut-awan-sinjai-borong-sinjai-sulawesi-selatan-keindahan-spot-alam-di-atas-awan
Taman Wisata Karangria,"GR6V+PMJ, Bitung Karangria, Kota Manado",Kota Manado,Sulawesi Utara,70000.0,Mahal,https://www.msn.com/id-id/travel/aktivitas-luar-ruangan/itinerary-pantai-karangria-manado-bujet-rp-70-ribu-healing-and-terapi-pasir/ar-AA1RCoWj
Otalojin (Batu jin),"W476+H9F, Kota Jin, Kec. Atinggola, Kabupaten Gorontalo Utara, Gorontalo 96253, Indonesia",Kabupaten Gorontalo Utara,Gorontalo,-,-,-
Pemandian Lomboan (Nonulo Bahari),"Lomboan, Gansal, Kec. Tinangkung Sel., Kabupaten Banggai Kepulauan, Sulawesi Tengah 94885, Indonesia",Kabupaten Banggai Kepulauan,Sulawesi Tengah,-,-,-
PANTAI BONDU BONDU,"PVHP+QFG, Tue Tue, Laonti, Kabupaten Konawe Selatan, Sulawesi Tenggara 93892, Indonesia",Kabupaten Konawe Selatan,Sulawesi Tenggara,46000,Mahal,https://www.detik.com/sulsel/berita/d-8290686/jadwal-kapal-feri-rute-bira-sulawesi-tenggara-januari-2026-dan-harga-tiketnya
Pantai naina desa waturai,"R58P+FR, Waturai, Konawe Kepulauan, Sulawesi Tenggara, Indonesia",Kabupaten Konawe,Sulawesi Tenggara,-,-,-
Buttu Pamboang,"Buttu Pamboang, Bababulo, Kec. Pamboang, Kabupaten Majene, Sulawesi Barat, Indonesia",Kabupaten Majene,Sulawesi Barat,-,-,-
Bukit Safari Luwu Timur,"Puncak Indah, Kec. Malili, Kabupaten Luwu Timur, Sulawesi Selatan 92936, Indonesia",Kabupaten Luwu Timur,Sulawesi Selatan,15000.0,Sedang,https://www.tribunnews.com/travel/2014/11/13/danau-matano-di-luwu-timur-sulsel-danau-terdalam-se-asia-tenggara-ini-rute-menuju-lokasi
Wisata Bukit Asam sibedi,"2V72+42W, Sibedi, Kabupaten Sigi",Kabupaten Sigi,Sulawesi Tengah,10000,Sedang,https://www.detik.com/jateng/wisata/d-6675422/wisata-baru-borobudur-land-magelang-harga-tiket-dan-fasilitasnya
Pantai Ombuo,"Pantai Ombuo, Nyiur Hijau, Bulawa, Bone Bolango Regency, Gorontalo, Indonesia",Kabupaten Bone Bolango,Gorontalo,3000.0,Murah,https://travel.tribunnews.com/2024/09/01/tarif-snorkeling-dan-diving-ketemu-hiu-paus-gorontalo-harga-di-bawah-rp-100-ribu
A.M.R Shop,"Jalan Maccini Raya Blok A 7, Pondok Indah",Kabupaten Wajo,Sulawesi Selatan,5000.0,Murah,https://travel.kompas.com/read/2025/05/23/082000927/harga-tiket-masuk-tn-baluran-terkini-hari-kerja-dan-libur-beda
Bulu Lompongan,"Bulu Lompongan, Alitta, Kec. Mattiro Bulu, Kabupaten Pinrang, Sulawesi Selatan, Indonesia",Kabupaten Pinrang,Sulawesi Selatan,1000.0,Murah,https://travel.detik.com/travel-news/d-7362657/bule-batal-masuk-twa-bantimurung-keberatan-tiket-mahal
Puncak Gunung silanu,"FH4P+VGQ, Gn. Silanu, Bangkala, Kabupaten Jeneponto, Sulawesi Selatan 92352, Indonesia",Kabupaten Jeneponto,Sulawesi Selatan,5000.0,Murah,https://www.detik.com/sulsel/wisata/d-6896687/10-rekomendasi-tempat-wisata-di-jeneponto-untuk-liburan-seru
Nagara Swimming Pool Bolmut,"Jl. Trans Sulawesi, Mokoditek I, Kec. Bolang Itang Tim., Kabupaten Bolaang Mongondow Utara, Sulawesi Utara, Indonesia",Kabupaten Bolaang Mongondow Utara,Sulawesi Utara,5000.0,Murah,https://travel.tribunnews.com/destinasi/141107/jam-buka-tiket-masuk-pantai-modisi-di-bolaang-mongondow-selatan-sulawesi-utara
Pantai dewi,"WM96+3F, Wawatu, Kabupaten Konawe Selatan",Kabupaten Konawe,Sulawesi Tenggara,-,-,-
Pantai Pasir Putih,"7HWF+459, Tamuku, Kec. Bone-Bone, Kabupaten Luwu Utara, Sulawesi Selatan, Indonesia",Kabupaten Luwu Utara,Sulawesi Selatan,29000.0,Mahal,https://travel.tribunnews.com/2016/11/08/pantai-tanjung-bira-menjejak-di-pantai-pasir-putih-ujung-sulawesi-lihat-keunikan-lainnya
Air Terjun Larowiu Meluhu Konawe,"762C+WV2, Jl. Poros Wawotobi - Lasolo, Meluhu, Kec. Meluhu, Kabupaten Konawe, Sulawesi Tenggara 93352, Indonesia",Kabupaten Konawe,Sulawesi Tenggara,20000,Mahal,https://travel.detik.com/fototravel/d-5667053/5-wisata-konawe-kampung-apriyani-sang-peraih-emas-olimpiade
Empang Pariwisata Isma putra,"C5J3+J89, Unnamed Road, Jalanjang, Kabupaten Bulukumba",Kabupaten Bulukumba,Sulawesi Selatan,-,-,-
Air Terjun Sarambu,"G679+RP6, Kaladi Darussalam, Kec. Suli Bar., Kabupaten Luwu, Sulawesi Selatan 91996, Indonesia",Kabupaten Luwu,Sulawesi Selatan,5000.0,Murah,https://www.detik.com/sulsel/wisata/d-6896501/25-rekomendasi-objek-wisata-di-kabupaten-pinrang-untuk-liburan
Wisata Pantai Pasir Putih Wawontulap,"Wisata Pantai Pasir Putih Wawontulap, Pungkol, Kec. Tatapaan, Kabupaten Minahasa Selatan, Sulawesi Utara, Indonesia",Kabupaten Minahasa Selatan,Sulawesi Utara,-,-,-
Danau Salendang Popidolon,"C62M+W8W, Popidolon, Kec. Liang, Kabupaten Banggai Kepulauan, Sulawesi Tengah 94883, Indonesia",Kabupaten Banggai Kepulauan,Sulawesi Tengah,-,-,-
Sepeda air kendari,"2GCV+6WR, Kec. Kendari, Kota Kendari, Sulawesi Tenggara, Indonesia",Kota Kendari,Sulawesi Tenggara,5000.0,Murah,https://www.senangrekreasi.com/tempat-wisata-di-kendari/
Pantun Ikan Wisata Pemancingan,"H6RV+733, Unnamed Road, Tumpiling, Kec. Wonomulyo, Kabupaten Polewali Mandar, Sulawesi Barat 91352, Indonesia",Kabupaten Polewali Mandar,Sulawesi Barat,0.0,Gratis,https://travel.detik.com/domestic-destination/d-4375428/polewali-mandar-punya-air-terjun-yang-cantik-banget
Air terjun Saluntere,"6P3V+V5, Powelua, Kec. Banawa Tengah, Kabupaten Donggala, Sulawesi Tengah, Indonesia",Kabupaten Donggala,Sulawesi Tengah,5000.0,Murah,https://travel.kompas.com/read/2018/09/25/151800927/wisata-hutan-mangrove-jomblo-di-donggala-sulawesi-tengah
P3A Turikale Soreang Maros,Jalan masjid Raya Barandasi No 1,Kabupaten Maros,Sulawesi Selatan,-,-,-
Wisata Bujung Mattimboe,"Nepo, Kec. Mallusetasi, Kabupaten Barru, Sulawesi Selatan 90753, Indonesia",Kabupaten Barru,Sulawesi Selatan,0.0,Gratis,https://www.detik.com/sulsel/wisata/d-6515417/padang-indah-barru-menikmati-hamparan-bukit-hijau-yang-mempesona
Wisata Gua Panincong,"Panincong, FPP9+46J, Libureng, Kec. Tanete Riaja, Kabupaten Barru, Sulawesi Selatan, Indonesia",Kabupaten Barru,Sulawesi Selatan,5000.0,Murah,https://travel.tribunnews.com/destinasi/140786/itinerary-barru-1-hari-dari-maros-jelajah-alam-berdua-bujet-rp-230-ribu
Sungai Pulau Bongi,"82P7+C77, Tanatoro, Kec. Pitu Riase, Kabupaten Sidenreng Rappang, Sulawesi Selatan 91691, Indonesia",Kabupaten Sidenreng Rappang,Sulawesi Selatan,-,-,-
Pantai Desa Babana,"Pantai desa babana, Babang, Kec. Larompong Sel., Kabupaten Luwu, Sulawesi Selatan 91998, Indonesia",Kabupaten Luwu,Sulawesi Selatan,5000.0,Murah,https://jadesta.kemenparekraf.go.id/atraksi/wisata_mangrove_babana
Kolam pemancingan keluarga H. Jafar,"3V63+MF, Empagae",Kabupaten Barru,Sulawesi Selatan,25000.0,Mahal,https://www.finansialku.com/lifestyle/pemancingan-jakarta/
Bubung Cellu,"Jl. KH. Syamsuddin No.63, Toro",Kabupaten Bone,Sulawesi Selatan,0.0,Gratis,https://travel.kompas.com/read/2026/03/14/171108927/harga-tiket-masuk-taman-safari-bogor-selama-libur-lebaran-2026
Pantai Ujung Kelapa,"RC4G+W6Q, Bontoborusu, Kec. Bontoharu, Kab. Kepulauan Selayar, Sulawesi Selatan, Indonesia",Kabupaten Kepulauan Selayar,Sulawesi Selatan,20000.0,Mahal,https://pantai-kelapa-ujung.wherevi.com/
Hutan Mangrove Gusung,"VCMG+499, Bontolebang",Kabupaten Kepulauan Selayar,Sulawesi Selatan,7500.0,Murah,https://www.rentalmobilbali.net/hutan-mangrove-bali/
Bukit penantian,"MP75+W3, Bau Selatan, Kec. Bonggakaradeng, Kabupaten Tana Toraja, Sulawesi Selatan, Indonesia",Kabupaten Tana Toraja,Sulawesi Selatan,10000.0,Sedang,https://www.detik.com/sulsel/wisata/d-7855810/8-wisata-di-tana-toraja-yang-unik-dan-bersejarah-untuk-liburan-keluarga
GUA KAMBUNO,"XVFH+767, Sarira",Kabupaten Pangkajene Dan Kepulauan,Sulawesi Selatan,2000.0,Murah,https://travel.detik.com/cerita-perjalanan/d-5402730/ini-dia-daftar-harga-tiket-masuk-taman-hiburan-top
"Tongkonan Banua Sura', Limbong Ba'lele","2.969724, 119.891231, Mentirotiku",Kabupaten Tana Toraja,Sulawesi Selatan,0.0,Gratis,https://www.detik.com/sumbagsel/wisata/d-7677160/7-pantai-di-bengkulu-daya-tarik-fasilitas-lokasi-dan-harga-tiket-masuk
Buttu Saletta,"Buttu Saletta, Tindallun",Kabupaten Kepulauan Siau Tagulandang Biaro,Sulawesi Utara,3000.0,Murah,https://travel.kompas.com/read/2026/04/20/153603827/harga-tiket-masuk-ragunan-2026-lengkap-termasuk-night-at-ragunan-zoo
Kebun wisata strobery naylan,"HV55+2F, Parinding, Kabupaten Enrekang",Kabupaten Enrekang,Sulawesi Selatan,-,-,-
Gunung Tabor,"C75P+W74, Tabarano, Kec. Wasuponda, Kabupaten Luwu Timur, Sulawesi Selatan 92983, Indonesia",Kabupaten Luwu Timur,Sulawesi Selatan,15000.0,Sedang,https://www.tribunnews.com/travel/2014/11/13/danau-matano-di-luwu-timur-sulsel-danau-terdalam-se-asia-tenggara-ini-rute-menuju-lokasi
Agrowisata Kebun Nanas Ponda'ta,"C75P+49, Tabarano, Kec. Wasuponda, Kabupaten Luwu Timur, Sulawesi Selatan, Indonesia",Kabupaten Luwu Timur,Sulawesi Selatan,25000.0,Mahal,https://makassar.tribunnews.com/2025/07/27/dulu-bukit-tandus-rawan-kebakaran-kini-jadi-kebun-nanas-berkat-pendampingan-vale
"Pulau Paniki, Desa Kulu Kec. Wori Kota Manado","MXJ2+C4C, Kulu, Kec. Wanea, Kabupaten Minahasa Utara, Sulawesi Utara, Indonesia",Kabupaten Minahasa Utara,Sulawesi Utara,-,-,-
Confident Shop,"Jalan Teuku Umar, Motoboi Besar",Kabupaten Sidenreng Rappang,Sulawesi Selatan,10000.0,Sedang,https://travel.kompas.com/read/2024/11/02/080200727/ylki--kenaikan-tiket-masuk-taman-nasional-terlalu-tinggi
Inuai park,"R62C+HRR, Inuai, Kabupaten Bolaang Mongondow",Kabupaten Bolaang Mongondow,Sulawesi Utara,-,-,-
Tumatenden,"CX9G+W5R, Jl. Airmadidi Atas, Rap-Rap, Kec. Airmadidi, Kabupaten Minahasa Utara, Sulawesi Utara, Indonesia",Kabupaten Minahasa Utara,Sulawesi Utara,20000.0,Mahal,https://travel.kompas.com/read/2024/11/26/090500327/bukit-tetetana-suluan-minahasa--daya-tarik-jam-buka-dan-lokasi
Puncak Rumochoy,"2MVG+6RQ, Betelan Satu",Kota Manado,Sulawesi Utara,2000.0,Murah,https://www.rentalmobilbali.net/harga-tiket-masuk-wisata-di-bali/
Gunung Sahendaruman,"Gn. Sahendaruman, Lebo, Kec. Manganitu, Kabupaten Kepulauan Sangihe, Sulawesi Utara, Indonesia",Kabupaten Kepulauan Sangihe,Sulawesi Utara,29000.0,Mahal,https://travel.tribunnews.com/2021/06/13/6-fakta-unik-kepulauan-sangihe-miliki-gunung-api-bawah-laut-dan-burung-endemik-yang-terancam-punah
Bira Beach,"HH7Q+J95, Bira, Kabupaten Kepulauan Sangihe",Kabupaten Kepulauan Sangihe,Sulawesi Utara,-,-,-
Kuma Beach,"CPF4+696, Kuma, Kec. Essang Sel., Kabupaten Kepulauan Talaud, Sulawesi Utara, Indonesia",Kabupaten Kepulauan Talaud,Sulawesi Utara,-,-,-
Air Terjun Uedele,"J6Q9+7HX, Uedele, Kec. Tojo, Kabupaten Tojo Una-Una, Sulawesi Tengah 94681, Indonesia",Kabupaten Tojo Una-Una,Sulawesi Tengah,29000.0,Mahal,https://travel.tribunnews.com/destinasi/141157/daya-tarik-harga-tiket-masuk-air-terjun-veranomata-di-morowali-sulawesi-tengah
Air Terjun Pesak,"R9RF+Q6X, Ondo Ondolu, Kec. Batui, Kabupaten Banggai, Sulawesi Tengah, Indonesia",Kabupaten Banggai,Sulawesi Tengah,5000.0,Murah,https://regional.kompas.com/read/2024/12/07/205046678/air-terjun-piala-di-sulawesi-tengah-daya-tarik-harga-tiket-dan-rute
Speed Paisupok - Azzahra Tour & Travel,2QWR+VFG,Kabupaten Banggai,Sulawesi Tengah,2000.0,Murah,https://travel.detik.com/cerita-perjalanan/d-5402730/ini-dia-daftar-harga-tiket-masuk-taman-hiburan-top
Pantai Bandara,"Jl. Dr. Moh. Hatta No.2-4, Bubung, Kabupaten Banggai",Kabupaten Banggai,Sulawesi Tengah,-,-,-
Pantai Melambai,"7JW3+69, Matanga, Kab. Banggai Laut, Sulawesi Tengah, Indonesia",Kabupaten Banggai,Sulawesi Tengah,29000.0,Mahal,https://travel.tribunnews.com/destinasi/141157/daya-tarik-harga-tiket-masuk-air-terjun-veranomata-di-morowali-sulawesi-tengah
Makam Raja Sao Sao,"XFCX+JX8, Jl. Poros Bandara Haluoleo, Lepo-Lepo, Kec. Baruga, Kota Kendari, Sulawesi Tenggara 93116, Indonesia",Kota Kendari,Sulawesi Tenggara,-,-,-
Air Terjun Wawondiku,"945Q+PXR, Bandaeha, Kec. Molawe, Kabupaten Konawe Utara, Sulawesi Tenggara 93572, Indonesia",Kabupaten Konawe Utara,Sulawesi Tenggara,-,-,-
WISATA HUTAN PINUS BAINI (HPB),"29GH+5VQ, Baini, Kec. Sampara, Kabupaten Konawe, Sulawesi Tenggara 93354, Indonesia",Kabupaten Konawe,Sulawesi Tenggara,-,-,-
Tambolosu Waterfall,"RQPR+RJ, Tambolosu, Laonti, Kabupaten Konawe Selatan, Sulawesi Tenggara, Indonesia",Kabupaten Konawe Selatan,Sulawesi Tenggara,-,-,-
Danau Meleura,"3QC3+JGR, Lakarinta, Kec. Lohia, Kabupaten Muna, Sulawesi Tenggara 93658, Indonesia",Kabupaten Muna,Sulawesi Tenggara,-,-,-
Gunung Ombo 1200 MDPL,"waopini kec.sampolawa, 9MCM+WQM, Jaya Bakti, Batauga, Kabupaten Buton, Sulawesi Tenggara 93753, Indonesia",Kabupaten Buton,Sulawesi Tenggara,-,-,-
Wisata alam lembah kunyi,"J9PJ+5J, Kunyi, Kec. Anreapi, Kabupaten Polewali Mandar, Sulawesi Barat, Indonesia",Kabupaten Polewali Mandar,Sulawesi Barat,5000.0,Murah,https://paceko.com/melihat-puncak-kunyi-di-polman-kawasan-wisata-alam-tawarkan-bak-negeri-dongeng/
"Wisata Alam Nosu, Mamasa Regency, West Sulawesi","Nosu, Kec. Nosu, Kabupaten Mamasa, Sulawesi Barat 91363, Indonesia",Kabupaten Mamasa,Sulawesi Barat,-,-,-
Desa Cahaya Biluhu Timur,"FXV7+P95, Biluhu Tim., Kec. Batudaa Pantai, Kabupaten Gorontalo, Gorontalo 96272, Indonesia",Kabupaten Gorontalo,Gorontalo,-,-,-
Sunset Bollangi,"QH94+G89, Timbuseng",Kabupaten Gowa,Sulawesi Selatan,5000.0,Murah,https://smartcity.gowakab.go.id/wisata_alam/puncak-bollangi/7
Pantai Pelelangan Ikan Maccini Baji,"6FGR+WRC Lelong Ikan, Kabupaten Pangkajene Dan Kepulauan, Sulawesi Selatan 90651, Indonesia",Kabupaten Pangkajene Dan Kepulauan,Sulawesi Selatan,-,-,-
Rumah simpang tiga Petta worongnge,"RX54+3MR, Worongnge, Kabupaten Wajo",Kabupaten Wajo,Sulawesi Selatan,-,-,-
Moncong Loka,"Moncong Loka, Bonto Tangnga, Kec. Uluere, Kabupaten Bantaeng, Sulawesi Selatan, Indonesia",Kabupaten Bantaeng,Sulawesi Selatan,7000.0,Murah,https://travel.tribunnews.com/destinasi/140615/air-terjun-bissappu-destinasi-alam-ngehits-di-bantaeng-sulawesi-selatan
Hutan Campaga,"G2QG+C7M, Campaga, Kec. Tompobulu, Kabupaten Bantaeng, Sulawesi Selatan 92461, Indonesia",Kabupaten Bantaeng,Sulawesi Selatan,-,-,-
Bukit Arung Bua,"Q8C6+C3H, Bua, Kec. Tellu Limpoe, Kabupaten Sinjai, Sulawesi Selatan, Indonesia",Kabupaten Sinjai,Sulawesi Selatan,5000.0,Murah,https://travel.tribunnews.com/2025/08/13/harga-tiket-masuk-pantai-ujung-batu-di-barru-sulawesi-selatan-panduan-rute-dari-makassar
Balara Beach,"3G9Q+H7H, Desa, Balang Butung, Kec. Buki, Kab. Kepulauan Selayar, Sulawesi Selatan, Indonesia",Kabupaten Kepulauan Selayar,Sulawesi Selatan,5000.0,Murah,https://travel.tribunnews.com/2025/08/13/harga-tiket-masuk-pantai-ujung-batu-di-barru-sulawesi-selatan-panduan-rute-dari-makassar
Enrekang Mountain Viewpoint,"GQ9V+HQF, Jl. Poros Enrekang-Makale, Bamba Puang, Kec. Anggeraja, Kabupaten Enrekang, Sulawesi Selatan 91752, Indonesia",Kabupaten Enrekang,Sulawesi Selatan,10000.0,Sedang,https://travel.tribunnews.com/2025/08/08/dante-pine-enrekang-daya-tarik-harga-tiket-masuk-lokasi-tips-berkunjung
Pegunungan Verbeek,"Pegunungan Verbeek, Sorowako, Kec. Nuha, Kabupaten Luwu Timur, Sulawesi Selatan, Indonesia",Kabupaten Luwu Timur,Sulawesi Selatan,10000.0,Sedang,https://keluyuran.com/tempat-wisata-di-sulawesi-selatan/
Paket Wisata Manado- Manggis Travel,Kasawasan Megamas,Kota Manado,Sulawesi Utara,-,-,-
Teluk Walenekoko,"C53G+JQQ, Pasirpanjang, Lembeh Sel., Kota Bitung, Sulawesi Utara, Indonesia",Kota Bitung,Sulawesi Utara,-,-,-
Boulevart amurang,"Jl. Pasar No.15, Ranoyapo, Kec. Amurang, Kabupaten Minahasa Selatan, Sulawesi Utara, Indonesia",Kabupaten Minahasa Selatan,Sulawesi Utara,-,-,-
Pante Kalou,"Pante Kalou, Aergale, Kec. Sinonsayang, Kabupaten Minahasa Selatan, Sulawesi Utara, Indonesia",Kabupaten Minahasa Selatan,Sulawesi Utara,20000.0,Mahal,https://travel.kompas.com/read/2024/11/26/090500327/bukit-tetetana-suluan-minahasa--daya-tarik-jam-buka-dan-lokasi
Hutan Mangrove,"QJWQ+CJW, Paret, Kotabunan, Kabupaten Bolaang Mongondow Timur, Sulawesi Utara, Indonesia",Kabupaten Bolaang Mongondow Timur,Sulawesi Utara,5000.0,Murah,https://travel.tribunnews.com/destinasi/141107/jam-buka-tiket-masuk-pantai-modisi-di-bolaang-mongondow-selatan-sulawesi-utara
Gereja Bukit Zaitun Tola,"JGWR+P7R, Tola, Kec. Tabukan Utara, Kabupaten Kepulauan Sangihe, Sulawesi Utara, Indonesia",Kabupaten Kepulauan Sangihe,Sulawesi Utara,-,-,-
Pantai Nanaka,"3F8P+WJR Pantai Nanaka, Kec. Bungku Utara, Kabupaten Morowali, Sulawesi Tengah, Indonesia",Kabupaten Morowali,Sulawesi Tengah,1000.0,Murah,https://www.youtube.com/watch?v=tVW_npjMsYU
Bukit Ceria Toipan,"Bukit Ceria, Toipan, Pagimana, Kabupaten Banggai, Sulawesi Tengah, Indonesia",Kabupaten Banggai,Sulawesi Tengah,-,-,-
Pondok Budaya Ayus Piala,"Jln.Plamboyan No.17,Kel, Hanga-Hanga",Kota Palu,Sulawesi Tengah,2000.0,Murah,https://travel.detik.com/cerita-perjalanan/d-5402730/ini-dia-daftar-harga-tiket-masuk-taman-hiburan-top
AIR TERJUN TETENU,"Lalong, Salakan, Kabupaten Banggai Kepulauan, Sulawesi Tengah, Indonesia",Kabupaten Banggai Kepulauan,Sulawesi Tengah,5000.0,Murah,https://www.goodnewsfromindonesia.id/2026/03/02/air-terjun-kamumu-air-terjun-bertinkgat-nan-indah-di-tengah-hutan-luwuk-banggai
Pantai Batugong,"4GH5+Q2, Tombawatu, Kabupaten Konawe",Kabupaten Konawe,Sulawesi Tenggara,-,-,-
Pantai Tanjung Tawatawaro,"HVJG+X3, Langgapulu, Kec. Kolono, Kabupaten Konawe Selatan, Sulawesi Tenggara, Indonesia",Kabupaten Konawe Selatan,Sulawesi Tenggara,0.0,Gratis,https://www.orami.co.id/magazine/wisata-bahari-di-sulawesi-tenggara
"Wungkolo, Sulawesi Tenggara-Indonesia","Unnamed Road, VX3M+95W, Wungkolo, Kec. Wawonii Sel., Konawe Kepulauan, Sulawesi Tenggara 93393, Indonesia",Kabupaten Konawe,Sulawesi Tenggara,-,-,-
PUNCAK SATIRA,"W95H+3J5, Unnamed Road, Palongaan, Kabupaten Mamuju Tengah",Kabupaten Mamuju,Sulawesi Barat,-,-,-
Bukit Garuda Negeri Diatas Awan BULO,"Q5H7+XXH, Bulo, Kec. Bulo, Kabupaten Polewali Mandar, Sulawesi Barat 91353, Indonesia",Kabupaten Polewali Mandar,Sulawesi Barat,10000.0,Sedang,https://video.tribunnews.com/travel/318233/berlibur-ke-negeri-di-atas-awan-puncak-senayan-sulawesi-barat-sunrise-jadi-pemandangan-paling-apik
"Wisata Alam Alla, Alla","J9HF+XMW, Kunyi, Kec. Anreapi, Kabupaten Polewali Mandar, Sulawesi Barat, Indonesia",Kabupaten Polewali Mandar,Sulawesi Barat,5000.0,Murah,https://travel.detik.com/domestic-destination/d-4350031/liburan-santai-akhir-tahun-di-kali-biru-polewali-mandar
Air Terjun Bongoda'a,"GX27+CC2, Biluhu Tim., Kec. Batudaa Pantai, Kabupaten Gorontalo, Gorontalo 96272, Indonesia",Kabupaten Gorontalo,Gorontalo,20000.0,Mahal,https://sportstourismindonesia.com/2023/05/30/air-terjun-lombongo-keindahan-alam-tersembunyi-gorontalo/
"Wisata Maleu, DesaLobuto, Kec. Biluhu","FQPC+4J, Lobuto, Kabupaten Gorontalo",Kabupaten Gorontalo,Gorontalo,-,-,-
Bukit Pinus (bupin),"H4FX+36R, Butu, Kec. Tilongkabila, Kabupaten Bone Bolango, Gorontalo, Indonesia",Kabupaten Bone Bolango,Gorontalo,-,-,-
Kolam renang vila desa,"Suka Mulia, Kec. Wonosari, Kabupaten Boalemo, Gorontalo, Indonesia",Kabupaten Boalemo,Gorontalo,-,-,-
Pantai Tengah Barombong,"R93J+W2, Barombong, Kota Makassar",Kota Makassar,Sulawesi Selatan,-,-,-
Bulu Cepo,"W26R+2H, Ujung Baru, Kec. Tana Sitolo, Kabupaten Wajo, Sulawesi Selatan, Indonesia",Kabupaten Wajo,Sulawesi Selatan,20000.0,Mahal,https://travel.tribunnews.com/2025/05/03/tarif-main-jetski-di-gelora-wisata-desa-nepo-wajo-sulawesi-selatan-2025
Kawasan Wisata Bangsalae,"8CCH+2C5, Jalan Bangsalae, Siwa, Kabupaten Wajo, Sulawesi Selatan, Indonesia",Kabupaten Wajo,Sulawesi Selatan,29000.0,Mahal,https://travel.tribunnews.com/2025/06/11/nikmati-air-panas-alami-lejja-soppeng-cek-harga-tiket-masuk-lokasinya-di-sulawesi-selatan
Pantai pasir putih Malboro,"9FQ3+H5G, Bira, Kec. Bonto Bahari, Kabupaten Bulukumba, Sulawesi Selatan 92571, Indonesia",Kabupaten Bulukumba,Sulawesi Selatan,5000.0,Murah,https://tempatwisataseru.com/wisata-pantai-di-bulukumba/
Wisata Permandian Desa Pattallassang,"G3J9+Q6, Pattalassang, Kabupaten Bantaeng",Kabupaten Bantaeng,Sulawesi Selatan,5000.0,Murah,https://www.detik.com/sulsel/wisata/d-6538932/permandian-erbol-bantaeng-wahana-fasilitas-dan-harga-tiket
Bantaeng,"FX25+HPM, Mallilingi",Kabupaten Bantaeng,Sulawesi Selatan,5000.0,Murah,https://travelspromo.com/htm-wisata/pantai-marina-bantaeng/
Kompleks Makam Raja Raja Binamu,"Unnamed Road, CM2Q+897, Bontoramba, Kec. Bontoramba, Kabupaten Jeneponto, Sulawesi Selatan 92351, Indonesia",Kabupaten Jeneponto,Sulawesi Selatan,5000.0,Murah,https://www.detik.com/sulsel/wisata/d-6896687/10-rekomendasi-tempat-wisata-di-jeneponto-untuk-liburan-seru
Desa Sepakat,"G94F+86F, Mappedeceng, Kec. Mappedeceng, Kabupaten Luwu Utara, Sulawesi Selatan 92917, Indonesia",Kabupaten Luwu Utara,Sulawesi Selatan,0.0,Gratis,https://www.detik.com/sulsel/wisata/d-6908956/19-rekomendasi-tempat-wisata-di-luwu-utara-yang-menarik-dikunjungi
"Rumah Brando Di Film ""Senjakala di Manado""","7WH2+5MW, Jl. Langowan - Tondano, Masarang, Kabupaten Minahasa",Kabupaten Minahasa,Sulawesi Utara,-,-,-
Bukit Jalan Tol Tumaluntung,"CX5P+HG, Airmadidi Bawah, Kec. Airmadidi, Kabupaten Minahasa Utara, Sulawesi Utara, Indonesia",Kabupaten Minahasa Utara,Sulawesi Utara,-,-,-
Puncak Pilos,"V8QC+QWG, Sonuo, Kec. Bolang Itang Bar., Kabupaten Bolaang Mongondow Utara, Sulawesi Utara, Indonesia",Kabupaten Bolaang Mongondow Utara,Sulawesi Utara,5000.0,Murah,https://travel.tribunnews.com/destinasi/141107/jam-buka-tiket-masuk-pantai-modisi-di-bolaang-mongondow-selatan-sulawesi-utara
Pantai Batuajara,"Jl. Hayam Wuruk No.224, Bone-Bone, Kota Bau-Bau",Kota Bau-Bau,Sulawesi Tenggara,-,-,-
Pantai Tondowolio,"HGRC+WJ4, Tondowolio, Tanggetada, Kabupaten Kolaka, Sulawesi Tenggara 93563, Indonesia",Kabupaten Kolaka,Sulawesi Tenggara,-,-,-
Ekowisata Taduno,Sombano,Kabupaten Wakatobi,Sulawesi Tenggara,15000.0,Sedang,https://travelspromo.com/htm-wisata/objek-wisata-tlatar-boyolali/
Kolam Renang Tepi Sawah,"DUSUN CAMPAGAYA TIMUR, Tamasaju, Kec. Galesong Utara, Kabupaten Takalar, Sulawesi Selatan 90225, Indonesia",Kabupaten Takalar,Sulawesi Selatan,5000.0,Murah,https://travel.tribunnews.com/2025/02/28/pantai-mangindara-takalar-sulawesi-selatan-wisata-favorit-anak-muda-untuk-sunsetan-dan-kulineran
Buntu Sisong,"Buntu Sisong, Pateke, Kec. Makale Sel., Kabupaten Tana Toraja, Sulawesi Selatan, Indonesia",Kabupaten Tana Toraja,Sulawesi Selatan,10000.0,Sedang,https://travelspromo.com/htm-wisata/patung-yesus-memberkati-toraja/
Bukit Jokowi,"WVGQ+38X, Turunan, Kec. Sangalla, Kabupaten Tana Toraja, Sulawesi Selatan 91817, Indonesia",Kabupaten Tana Toraja,Sulawesi Selatan,29000.0,Mahal,https://travel.tribunnews.com/2025/09/16/wisata-alam-surga-tersembunyi-rante-kalua-di-sanggalla-selatan-tana-toraja-sulawesi-selatan
Permandian Alam Makawa,"54G7+V3W, Bosso, Kec. Walenrang Utara, Kabupaten Luwu, Sulawesi Selatan, Indonesia",Kabupaten Luwu,Sulawesi Selatan,5000.0,Murah,https://superapps.kompas.com/read/4282708/6-tempat-wisata-di-maros-sulawesi-selatan-ada-taman-nasional-yang-disebut-kerajaan-kupu-kupu
Hutan Kota Tutuyan,"QJ95+CCC, Tutuyan II, Kec. Tutuyan, Kabupaten Bolaang Mongondow Timur, Sulawesi Utara, Indonesia",Kabupaten Bolaang Mongondow Timur,Sulawesi Utara,0.0,Gratis,-
Air Terjun Ampa Doap,"6RW7+WP2, Bengel, Kec. Beo, Kabupaten Kepulauan Talaud, Sulawesi Utara, Indonesia",Kabupaten Kepulauan Talaud,Sulawesi Utara,29000.0,Mahal,https://travel.tribunnews.com/2025/07/14/wisata-talaud-pesona-mata-air-pelong-pantai-aresa-surga-tersembunyi-di-ujung-sulawesi-utara
Pantai PELANGI,"Tinombo, Kec. Tinombo, Kabupaten Parigi Moutong, Sulawesi Tengah 94476, Indonesia",Kabupaten Parigi Moutong,Sulawesi Tengah,2000.0,Murah,https://tempatwisataseru.com/wisata-alam-pantai-pelangi-bantul/
Benteng Bebengketan,"M7FW+X7M, Salakan, Tinangkung, Kabupaten Banggai Kepulauan, Sulawesi Tengah 94885, Indonesia",Kabupaten Banggai Kepulauan,Sulawesi Tengah,-,-,-
River Tubing Desa Wisata Malangga,"4V77+WH, Malangga, Kabupate, Kabupaten Toli-Toli, Sulawesi Tengah, Indonesia",Kabupaten Toli-Toli,Sulawesi Tengah,-,-,-
Pirsah,"WJ2W+VM, 19 Nopember, Kabupaten Kolaka",Kabupaten Kolaka,Sulawesi Tenggara,-,-,-
Bat-Bat Kota Raha,"5PVV+CJ, Laiworu",Kabupaten Muna,Sulawesi Tenggara,0.0,Gratis,https://travel.kompas.com/read/2025/05/06/103300427/harga-tiket-masuk-batu-love-garden-terbaru-di-kota-batu
Bukit Paralayang Maddo,"Tellumpanua, Kec. Tanete Rilau, Kabupaten Barru, Sulawesi Selatan 90761, Indonesia",Kabupaten Barru,Sulawesi Selatan,0.0,Gratis,https://www.detik.com/sulsel/wisata/d-6455069/7-tempat-wisata-di-barru-yang-menarik-dan-murah-celebes-canyon-lappa-laona
Wisata Alam Labempa,"QW3R+C4H, Jl. Labempa, Dusun Maniangpatu, Lompulle, Kabupaten Soppeng",Kabupaten Soppeng,Sulawesi Selatan,10000.0,Sedang,https://lelungan.net/kabupaten-soppeng/tujuan-wisata/wisata-alam-labempa
Air Terjun Jammeng,"PGQJ+3JJ, Laiyolo Baru, Bontosikuyu, Kab. Kepulauan Selayar, Sulawesi Selatan, Indonesia",Kabupaten Kepulauan Selayar,Sulawesi Selatan,8000.0,Murah,https://www.celebes.co/air-terjun-jammeng-selayar
Bukit Teletubies Tappion Buakayu,"RP8J+7MR, Buakayu, Kec. Bonggakaradeng, Kabupaten Tana Toraja, Sulawesi Selatan 91872, Indonesia",Kabupaten Tana Toraja,Sulawesi Selatan,0.0,Gratis,-
Dermaga Burau Pantai,"9M4P+JQ9, Burau Pantai, Kec. Burau, Kabupaten Luwu Timur, Sulawesi Selatan, Indonesia",Kabupaten Luwu Timur,Sulawesi Selatan,29000.0,Mahal,https://travel.tribunnews.com/2025/09/17/7-destinasi-wisata-di-luwu-timur-sulawesi-selatan-yang-instagramable
Permandian Alam Silika Garden,"987W+6MP, Jl. Ahmad Yani, Lioka, Kec. Towuti, Kabupaten Luwu Timur, Sulawesi Selatan 92982, Indonesia",Kabupaten Luwu Timur,Sulawesi Selatan,5000.0,Murah,https://superapps.kompas.com/read/4282708/6-tempat-wisata-di-maros-sulawesi-selatan-ada-taman-nasional-yang-disebut-kerajaan-kupu-kupu
Pantai Wisata Karang Lestari,"Unnamed Road, HVPX+8PQ, Malei Tojo, Kec. Tojo Bar., Kabupaten Tojo Una-Una, Sulawesi Tengah 94681, Indonesia",Kabupaten Tojo Una-Una,Sulawesi Tengah,10000.0,Sedang,https://sulteng.disway.id/news/read/818/pantai-tanjung-karang-destinasi-favorit-wisata-bahari-di-donggala
Bukit ilham Wosu,"Wosu, Kec. Bungku Bar., Kabupaten Morowali, Sulawesi Tengah 94976, Indonesia",Kabupaten Morowali,Sulawesi Tengah,29000.0,Mahal,https://travel.tribunnews.com/destinasi/141157/daya-tarik-harga-tiket-masuk-air-terjun-veranomata-di-morowali-sulawesi-tengah
Air Terjun Hanga-Hanga,"2QRF+J4W, Hanga-Hanga, Luwuk, Kabupaten Banggai, Sulawesi Tengah 94713, Indonesia",Kabupaten Banggai,Sulawesi Tengah,10000.0,Sedang,https://www.idntimes.com/travel/destination/5-tempat-wisata-di-banggai-favorit-warga-lokal-eksotis-01-b23q4-b56nl5
Danau Dowiwi,"XPJC+MH9, Koyoan, Luwuk, Kabupaten Banggai, Sulawesi Tengah 94716, Indonesia",Kabupaten Banggai,Sulawesi Tengah,4000.0,Murah,https://yazcorp.id/10-referensi-wisata-alam-danau-di-negara-indonesia-yang-keindahannya-tak-tertandingi-wajib-kalian-kunjungi
Wisata Permandian SINTOMU,"5V6F+4GQ, Salodik, Kabupaten Banggai",Kabupaten Banggai,Sulawesi Tengah,-,-,-
Pantai Pasir Panjang Mbuang-Mbuang,"WVJ3+G95, Mbuang-Mbuang, Kec. Bokan Kepulauan, Kabupaten Banggai Kepulauan, Sulawesi Tengah, Indonesia",Kabupaten Banggai Kepulauan,Sulawesi Tengah,35000.0,Mahal,https://travel.kompas.com/read/2024/03/14/190400727/wisata-bawah-air-laut-di-desa-wisata-mbuang-mbuang-sulawesi-tengah
Paisu Matano Tatakalai,"Tatakalai, Kec. Tinangkung Utara, Kabupaten Banggai Kepulauan, Sulawesi Tengah 94885, Indonesia",Kabupaten Banggai Kepulauan,Sulawesi Tengah,-,-,-
Batu Susun,"67J7+QM, Lakea II, Kec. Lakea, Kabupaten Buol, Sulawesi Tengah, Indonesia",Kabupaten Buol,Sulawesi Tengah,29000.0,Mahal,https://travel.tribunnews.com/2025/04/11/harga-tiket-masuk-pantai-enu-wisata-primadona-di-kabupaten-donggala-sulawesi-tengah
Wisata Manggrove,"9P3W+X4H, Makmur",Kabupaten Buton,Sulawesi Tenggara,15000.0,Sedang,https://travel.kompas.com/read/2023/08/06/210900927/jam-buka-dan-harga-tiket-masuk-taman-wisata-alam-mangrove-pik
Wisata kolamku perumahan Ruby zamzam,"XMQ6+QJQ Wisata kolamku Di BTN, Ruby zamzam, Lompoe, Kota Parepare",Kota Parepare,Sulawesi Selatan,-,-,-
Permandian Kalola,"439J+H7P, Sogi, Kec. Maniang Pajo, Kabupaten Wajo, Sulawesi Selatan 90952, Indonesia",Kabupaten Wajo,Sulawesi Selatan,10000.0,Sedang,https://www.detik.com/sulsel/wisata/d-6896112/16-tempat-wisata-di-kabupaten-wajo-yang-wajib-di-kunjungi
Bukit Saletta,"GQ58+889 Saletta, Tindallun, Kec. Anggeraja, Kabupaten Enrekang, Sulawesi Selatan 91711, Indonesia",Kabupaten Enrekang,Sulawesi Selatan,10000.0,Sedang,https://www.floreseditorial.com/wisata/39715996949/20-destinasi-wisata-di-enrekang-yang-hits-dan-kekinian-wajib-dikunjungi-saat-liburan?page=4
Air Terjun Desa WiauLapi,"6PVW+QF, Wiau Lapi, Kec. Tareran, Kabupaten Minahasa Selatan, Sulawesi Utara, Indonesia",Kabupaten Minahasa Selatan,Sulawesi Utara,5000.0,Murah,https://manado.tribunnews.com/2022/08/02/air-terjun-kulung-kulung-di-desa-wiau-lapi-kini-jadi-primadona-minahasa-selatan-sulawesi-utara
Air Terjun Bale,"6X3G+HQ, Bale, Kec. Tanantovea, Kabupaten Donggala, Sulawesi Tengah 94352, Indonesia",Kabupaten Donggala,Sulawesi Tengah,29000.0,Mahal,https://travel.tribunnews.com/2025/04/11/harga-tiket-masuk-pantai-enu-wisata-primadona-di-kabupaten-donggala-sulawesi-tengah
Situs Cagar Budaya Makam Maradindo,"M338+7W5, Langko, Kec. Lindu, Kabupaten Sigi, Sulawesi Tengah 94363, Indonesia",Kabupaten Sigi,Sulawesi Tengah,-,-,-
Pantai Masi,"Unnamed Road, 37QF+HR6, Nambaru, Kec. Parigi Sel., Kabupaten Parigi Moutong, Sulawesi Tengah 94471, Indonesia",Kabupaten Parigi Moutong,Sulawesi Tengah,2500.0,Murah,https://travel.tribunnews.com/2020/08/01/harga-tiket-masuk-pantai-madasari-pangandaran-tempat-asyik-untuk-liburan-akhir-pekan
Air terjun MARONDO (Waterfall),"G54X+FJ, Kalmeba II, Kec. Tojo, Kabupaten Tojo Una-Una, Sulawesi Tengah 94681, Indonesia",Kabupaten Tojo Una-Una,Sulawesi Tengah,29000.0,Mahal,https://travel.tribunnews.com/destinasi/141157/daya-tarik-harga-tiket-masuk-air-terjun-veranomata-di-morowali-sulawesi-tengah
Wisata Bahari Karamba Tarantula Uwedikan,"Unnamed Road, Uwedikan, Luwuk Tim., Kabupaten Banggai, Sulawesi Tengah 94723, Indonesia",Kabupaten Banggai,Sulawesi Tengah,-,-,-
Wisata karo-karo,"H9X4+HGW, Sulewatang, Kec. Binuang, Kabupaten Polewali Mandar, Sulawesi Barat, Indonesia",Kabupaten Polewali Mandar,Sulawesi Barat,0.0,Gratis,https://travel.detik.com/domestic-destination/d-4375428/polewali-mandar-punya-air-terjun-yang-cantik-banget
Wisata Alam sungai Karya Bone,"H4G2+QH, Karya Baru, Kec. Dengilo, Kabupaten Pohuwato, Gorontalo, Indonesia",Kabupaten Pohuwato,Gorontalo,10000.0,Sedang,https://www.detik.com/sulsel/wisata/d-6872903/wisata-bumi-cerah-bone-bolango-keindahan-panorama-alam-dari-atas-bukit
Air Terjun Kandera,"4VQP+XJ3, Touliang, Kec. Kakas, Kabupaten Minahasa, Sulawesi Utara, Indonesia",Kabupaten Minahasa,Sulawesi Utara,-,-,-
Wale Manguni,"Jl. Pinabetengan, Talikuran, Kec. Tompaso, Kabupaten Minahasa, Sulawesi Utara, Indonesia",Kabupaten Minahasa,Sulawesi Utara,20000.0,Mahal,https://travel.kompas.com/read/2024/11/26/090500327/bukit-tetetana-suluan-minahasa--daya-tarik-jam-buka-dan-lokasi
Wisata Pantai,"VM8M+QXM, Dalum, Salibabu, Kabupaten Kepulauan Talaud, Sulawesi Utara, Indonesia",Kabupaten Kepulauan Talaud,Sulawesi Utara,0.0,Gratis,-
Bintang bahari,"C4MH+7H, Ulunambo, Menui Kepulauan, Kabupaten Morowali, Sulawesi Tengah, Indonesia",Kabupaten Morowali,Sulawesi Tengah,29000.0,Mahal,https://travel.tribunnews.com/destinasi/141157/daya-tarik-harga-tiket-masuk-air-terjun-veranomata-di-morowali-sulawesi-tengah
Air terjun STB Kaleok,"HFV5+FG, Kaleok, Kec. Binuang, Kabupaten Polewali Mandar, Sulawesi Barat, Indonesia",Kabupaten Polewali Mandar,Sulawesi Barat,0.0,Gratis,https://travel.detik.com/domestic-destination/d-4375428/polewali-mandar-punya-air-terjun-yang-cantik-banget
Wisata Muara Desa Mappakassunggu,"GC78+WG8, Takalar, Kec. Mappakasunggu, Kabupaten Takalar, Sulawesi Selatan 92232, Indonesia",Kabupaten Takalar,Sulawesi Selatan,0.0,Gratis,https://www.detik.com/sulsel/wisata/d-6503703/14-tempat-wisata-di-takalar-yang-populer-dan-menarik-dikunjungi
Air Terjun Sarmasi Leppangeng,"Unnamed Road, 85F2+6C4, Lepangeng, Kec. Pitu Riase, Kabupaten Sidenreng Rappang, Sulawesi Selatan 91691, Indonesia",Kabupaten Sidenreng Rappang,Sulawesi Selatan,5000.0,Murah,https://jadesta.kemenpar.go.id/atraksi/air_terjun
Air Terjun Sitodon,"Sanglepongan, Kec. Curio, Kabupaten Enrekang, Sulawesi Selatan 91754, Indonesia",Kabupaten Enrekang,Sulawesi Selatan,-,-,-
Pegunungan Tokala,"Pegunungan Tokala, Salubiro, Kec. Bungku Utara, Kabupaten Morowali Utara, Sulawesi Tengah, Indonesia",Kabupaten Morowali Utara,Sulawesi Tengah,-,-,-
Sewa Mobil Gorontalo Zahra,"H2GR+PG6, Jalan Potanga, Bulila",Kota Gorontalo,Gorontalo,4000.0,Murah,https://travel.detik.com/travel-news/d-4564067/naiknya-tiket-masuk-di-sejumlah-tempat-wisata-bali-naik-tak-disoal-tapi
Objek Wisata Mangrove Desa Buriko,"8CG8+Q8H Desa Buriko, Tellesang, Kec. Pitumpanua, Kabupaten Wajo, Sulawesi Selatan 91998, Indonesia",Kabupaten Wajo,Sulawesi Selatan,5000.0,Murah,https://www.kompas.com/microsite/read/2025/09/15/123646072/wisata-mangrove-lantebung-surga-hijau-tepi-laut-di-makassar
LIHUNU,"Q45X+X6X, Lihunu, Kec. Likupang Tim., Kabupaten Minahasa Utara, Sulawesi Utara, Indonesia",Kabupaten Minahasa Utara,Sulawesi Utara,-,-,-
Air Terjun Pelangi,"X9F2+WJG, Balinggi, Kec. Balinggi, Kabupaten Parigi Moutong, Sulawesi Tengah 94473, Indonesia",Kabupaten Parigi Moutong,Sulawesi Tengah,5000.0,Murah,https://www.celebes.co/tempat-wisata-parigi-moutong
Bukit Moncong-Moncong (Bulser),"PGV9+W98, Sokkolia, Kec. Bontomarannu, Kabupaten Gowa, Sulawesi Selatan 92171, Indonesia",Kabupaten Gowa,Sulawesi Selatan,0.0,Gratis,https://travel.detik.com/domestic-destination/d-7465518/15-tempat-pariwisata-gowa-daya-tarik-lokasi-harga-tiket
Wisata Danau Satria Panrannuangku,"JF92+3JV, Panrannuangku, Kec. Polombangkeng Utara, Kabupaten Takalar, Sulawesi Selatan 92211, Indonesia",Kabupaten Takalar,Sulawesi Selatan,0.0,Gratis,https://www.detik.com/sulsel/wisata/d-6503703/14-tempat-wisata-di-takalar-yang-populer-dan-menarik-dikunjungi
Air terjun baruttung,"CM2F+5WJ, Jangan-Jangan, Kec. Pujananting, Kabupaten Barru, Sulawesi Selatan 90762, Indonesia",Kabupaten Barru,Sulawesi Selatan,-,-,-
Gunung Lantiangoro,"9M53+HMR, Jangan-Jangan, Kec. Pujananting, Kabupaten Barru, Sulawesi Selatan 90762, Indonesia",Kabupaten Barru,Sulawesi Selatan,0.0,Gratis,https://www.detik.com/sulsel/wisata/d-6515417/padang-indah-barru-menikmati-hamparan-bukit-hijau-yang-mempesona
Air Terjun Itto Sarasa,"Unnamed Road, FM9G+FCW, Kaseralau, Kec. Batu Lappa, Kabupaten Pinrang, Sulawesi Selatan 91254, Indonesia",Kabupaten Pinrang,Sulawesi Selatan,5000.0,Murah,https://travel.tribunnews.com/destinasi/140737/itinerary-pinrang-1-hari-dari-parepare-liburan-berdua-cuma-rp-200-ribu
Wisata Batu Tangnga,"7333+2GM, Batu, Kec. Pitu Riase, Kabupaten Sidenreng Rappang, Sulawesi Selatan, Indonesia",Kabupaten Sidenreng Rappang,Sulawesi Selatan,20000.0,Mahal,https://bandung.kompas.com/read/2026/01/05/054307478/pesona-taman-batu-lereng-gunung-burangrang-purwakarta-daya-tarik-dan-harga
Cahaya Berkah Abadi,"4VPJ+PQX, Damai",Kabupaten Kolaka,Sulawesi Tenggara,-,-,-
Eduwisata Mangrove PKP Bone,"G9CJ+62, Waetuo, Kabupaten Bone",Kabupaten Bone,Sulawesi Selatan,5000.0,Murah,https://travel.tribunnews.com/destinasi/140539/pantai-togeo-bone-sulawesi-selatan-tiket-masuk-lokasi-panduan-rute
Minawo 2,"RR9G+65, Tellulimpoe, Kec. Marioriawa, Kabupaten Soppeng, Sulawesi Selatan, Indonesia",Kabupaten Soppeng,Sulawesi Selatan,-,-,-
KOLAM PERMANDIAN BUKIT PELANGI,"FV4V+P5W, Bonto Langkasa, Kec. Bissappu, Kabupaten Bantaeng, Sulawesi Selatan 92451, Indonesia",Kabupaten Bantaeng,Sulawesi Selatan,5000.0,Murah,https://www.detik.com/sulsel/wisata/d-6538932/permandian-erbol-bantaeng-wahana-fasilitas-dan-harga-tiket
Pantai Tinonnong,"CW72+XVW, Jl. Poros Jeneponto Bantaeng, Tino, Kabupaten Jeneponto",Kabupaten Bantaeng,Sulawesi Selatan,5000.0,Murah,https://www.detik.com/sulsel/wisata/d-6896687/10-rekomendasi-tempat-wisata-di-jeneponto-untuk-liburan-seru
Pasi Gusung Ecotourism,Bontolebang,Kabupaten Kepulauan Selayar,Sulawesi Selatan,20000.0,Mahal,https://travel.tribunnews.com/2025/09/19/healing-ke-pulau-gusung-di-kepulauan-selayar-sulawesi-selatan-rute-biaya-liburan
Sunset View Mangrove Selayar,Bontolebang,Kabupaten Kepulauan Selayar,Sulawesi Selatan,2000.0,Murah,https://travel.detik.com/cerita-perjalanan/d-5402730/ini-dia-daftar-harga-tiket-masuk-taman-hiburan-top
Attalia Waterpool,"Attalia Waterpool, Bontobangung",Kabupaten Minahasa,Sulawesi Utara,35000.0,Mahal,https://renangloka.com/pool/waterpool-wahana-surya/
Bukit bau selatan,"MP75+97, Bau Selatan, Kec. Bonggakaradeng, Kabupaten Tana Toraja, Sulawesi Selatan 91873, Indonesia",Kabupaten Tana Toraja,Sulawesi Selatan,29000.0,Mahal,https://travel.tribunnews.com/2025/09/16/wisata-alam-surga-tersembunyi-rante-kalua-di-sanggalla-selatan-tana-toraja-sulawesi-selatan
Permandia Matua Baru,"MRVF+5X4, Buntu Sugi, Kec. Alla, Kabupaten Enrekang, Sulawesi Selatan 91754, Indonesia",Kabupaten Enrekang,Sulawesi Selatan,15000.0,Sedang,https://smartcity.gowakab.go.id/wisata_buatan/permandian-jene-tallasa-sileo/10
Air Terjun Lena,"948C+JX, Tandung, Kec. Sabbang, Kabupaten Luwu Utara, Sulawesi Selatan, Indonesia",Kabupaten Luwu Utara,Sulawesi Selatan,0.0,Gratis,https://www.detik.com/sulsel/wisata/d-6908956/19-rekomendasi-tempat-wisata-di-luwu-utara-yang-menarik-dikunjungi
Desa Matano,"H626+CWV, Matano, Kec. Nuha, Kabupaten Luwu Timur, Sulawesi Selatan 92983, Indonesia",Kabupaten Luwu Timur,Sulawesi Selatan,0.0,Gratis,-
Air Terjun Tutuasan Desa Kauneran,"7Q26+68C, Kiawa Satu Utara, Kec. Kawangkoan Utara, Kabupaten Minahasa, Sulawesi Utara, Indonesia",Kabupaten Minahasa,Sulawesi Utara,29000.0,Mahal,https://travel.tribunnews.com/2025/08/22/liburan-ke-air-terjun-tunan-wisata-hidden-gem-di-minahasa-utara-sulawesi-utara
Air Terjun Teka'an Tincep,"7PGV+Q5F, Jalan, Tincep, Kec. Sonder, Kabupaten Minahasa, Sulawesi Utara, Indonesia",Kabupaten Minahasa,Sulawesi Utara,10000.0,Sedang,https://www.idntimes.com/travel/destination/air-terjun-manado-c1c2-01-3ln1w-spgvkc
Ekowisata Mangrove Desa Bahoi,"P299+6XQ, Bahoi, Kec. Likupang Bar., Kabupaten Minahasa Utara, Sulawesi Utara, Indonesia",Kabupaten Minahasa Utara,Sulawesi Utara,-,-,-
Paket Wisata Likupang,"Jalan Mapanget Barat, Mapanget",Kota Manado,Sulawesi Utara,15000.0,Sedang,https://bobobox.com/blog/tempat-wisata-di-likupang/
LOKASI PENGHIJAUAN PEMKAB MITRA,"4M5Q+XP kebakaran pasca hutan rehabilitasi penanaman Lokasi, Ranomea, Kec. Amurang Tim., Kabupaten Minahasa Selatan, Sulawesi Utara, Indonesia",Kabupaten Minahasa Selatan,Sulawesi Utara,29000.0,Mahal,https://travel.tribunnews.com/2025/05/27/pantai-ratatotok-timur-tempat-wisata-baru-di-minahasa-tenggara-sulut-yang-jadi-favorit
Air terjun pinosaula,"RH2H+X5G, Huntuk, Kec. Bintauna, Kabupaten Bolaang Mongondow Utara, Sulawesi Utara, Indonesia",Kabupaten Bolaang Mongondow Utara,Sulawesi Utara,29000.0,Mahal,https://travel.tribunnews.com/2025/07/09/monibi-park-lolayan-wisata-alam-di-bolaang-mongondow-sulawesi-utara-yang-sejuk-dan-ramah-kantong
Taman Wisata Pantai Hesang,"CGV3+95Q, Hesang, Tamako, Kabupaten Kepulauan Sangihe, Sulawesi Utara, Indonesia",Kabupaten Kepulauan Sangihe,Sulawesi Utara,-,-,-
Temboko Mini Wisata Siau,"Q999+HVX, Hiung",Kabupaten Kepulauan Siau Tagulandang Biaro,Sulawesi Utara,45000.0,Mahal,https://travel.kompas.com/read/2018/06/05/061100827/promo-ramadhan-tiket-masuk-the-jungle-bogor-hanya-rp-45.000
Burias,"5RMJ+J97, Desa Alo, Kabupaten Kepulauan Talaud, Sulawesi Utara, Indonesia",Kabupaten Kepulauan Talaud,Sulawesi Utara,5000.0,Murah,https://travel.tribunnews.com/destinasi/141107/jam-buka-tiket-masuk-pantai-modisi-di-bolaang-mongondow-selatan-sulawesi-utara
TAMAN WISATA 9 MATA AIR MEBERE,"Jl. Tekukur No.8, Lasoani, Kec. Palu Tim., Kota Palu, Sulawesi Tengah 94111, Indonesia",Kota Palu,Sulawesi Tengah,-,-,-
Pantai Bamba,"7V63+RFC, Panau, Kec. Palu Utara, Kota Palu, Sulawesi Tengah 94352, Indonesia",Kota Palu,Sulawesi Tengah,-,-,-
tebing sunset bonebula lifutona,"Wisata, tebing sunset libutona, 7MR8+4QW, Towale, Kec. Banawa Tengah, Kabupaten Donggala, Sulawesi Tengah 94351, Indonesia",Kabupaten Donggala,Sulawesi Tengah,-,-,-
Paisupuso Jaya,"CG54+7MH, Lompio",Kabupaten Poso,Sulawesi Tengah,20000.0,Mahal,https://hargatiketjadwal.com/harga-tiket-pantai-anyer/
Pantai Amine wa Myriem,"GH56+63, Lokotoy, Kab. Banggai Laut",Kabupaten Banggai,Sulawesi Tengah,-,-,-
Pantai Batharagala,"5FW8+C9P, Motui, Kabupaten Konawe Utara, Sulawesi Tenggara 93352, Indonesia",Kabupaten Konawe Utara,Sulawesi Tenggara,-,-,-
wisata mini kolong jembatan,"XH8V+8HR, Sakuli, Kec. Latambaga, Kabupaten Kolaka, Sulawesi Tenggara, Indonesia",Kabupaten Kolaka,Sulawesi Tenggara,-,-,-
Pantai Lantowua (small beach public),"72FM+5PX, Lantowua, Kabupaten Bombana, Sulawesi Tenggara, Indonesia",Kabupaten Bombana,Sulawesi Tenggara,-,-,-
Pemandian Vatu Meleve Lakambula,"PRFR+WX4, Teomokole, Kec. Kabaena, Kabupaten Bombana, Sulawesi Tenggara 93781, Indonesia",Kabupaten Bombana,Sulawesi Tenggara,-,-,-
Danau Cut Nyak Dien,"59JV+765, Mekar Jaya, Tiworo Tengah, Kabupaten Muna, Sulawesi Tenggara 93653, Indonesia",Kabupaten Muna,Sulawesi Tenggara,-,-,-
Danau Moko 4,"RHPM+GH, Fongkaniwa, Kec. Tongkuno, Kabupaten Muna, Sulawesi Tenggara, Indonesia",Kabupaten Muna,Sulawesi Tenggara,0.0,Gratis,-
Keraton Kerajaan Muna,"2JF5+X6W, Lakologou, Kec. Tongkuno, Kabupaten Muna, Sulawesi Tenggara 93352, Indonesia",Kabupaten Muna,Sulawesi Tenggara,-,-,-
Benteng Liamokute,"Unnamed Road, VHMJ+4WV, Lamorende, Kec. Tongkuno, Kabupaten Muna, Sulawesi Tenggara 93662, Indonesia",Kabupaten Muna,Sulawesi Tenggara,-,-,-
Danau Pasi Bungi,"JFF5+XP, Wantopi, Mawasangka Tim., Kabupaten Buton, Sulawesi Tenggara 93762, Indonesia",Kabupaten Buton,Sulawesi Tenggara,-,-,-
"Bukit Lambaulele, Desa Lapandewa, Kec. Lapandewa, Kab. Buton Selatan","8QVC+9QQ, Gaya Baru, Kec. Lapandewa, Kabupaten Buton, Sulawesi Tenggara, Indonesia",Kabupaten Buton,Sulawesi Tenggara,-,-,-
Pantai Hongaha,"Kulati, Kec. Tomia Tim., Kabupaten Wakatobi, Sulawesi Tenggara 93797, Indonesia",Kabupaten Wakatobi,Sulawesi Tenggara,-,-,-
Waduk Bukit Cinta,"3, Tobadak, Kec. Tobadak, Kabupaten Mamuju Tengah, Sulawesi Barat 91461, Indonesia",Kabupaten Mamuju Tengah,Sulawesi Barat,-,-,-
Pantai Kire,"V59R+MR, Kire, Kec. Budong-Budong, Kabupaten Mamuju, Sulawesi Barat 91563, Indonesia",Kabupaten Mamuju,Sulawesi Barat,0.0,Gratis,https://liburanplus.com/wisata/sulawesi/pantai-manakarra-mamuju/
Lorong Lembang Bunga,"GXXX+62Q, Lembang Lembang, Kabupaten Polewali Mandar",Kabupaten Polewali Mandar,Sulawesi Barat,-,-,-
Wisata Bahari Bakiyaluli,"FHX4+6J4, Bangga, Kec. Paguyaman Pantai, Kabupaten Boalemo, Gorontalo, Indonesia",Kabupaten Boalemo,Gorontalo,-,-,-
Home Stay Mutiara Laut,"Desa wisata, Torosiaje, Popayato, Kabupaten Pohuwato, Gorontalo, Indonesia",Kabupaten Pohuwato,Gorontalo,-,-,-
Coppo Tille,"Coppo Tille, Kamiri, Kec. Balusu, Kabupaten Barru, Sulawesi Selatan, Indonesia",Kabupaten Barru,Sulawesi Selatan,0.0,Gratis,https://www.detik.com/sulsel/wisata/d-6515417/padang-indah-barru-menikmati-hamparan-bukit-hijau-yang-mempesona
Desa Wisata Jembatan Pelangi Lagading Kab. Sidenreng Rappang,"Lagading, Kec. Pitu Riase, Kabupaten Sidenreng Rappang, Sulawesi Selatan 91691, Indonesia",Kabupaten Sidenreng Rappang,Sulawesi Selatan,15000.0,Sedang,https://www.detik.com/bali/wisata/d-8212168/10-tempat-liburan-keluarga-di-bali-terbaik-saat-manis-galungan-dan-kuningan
Puncak bitung,"JVCF+8M, Lalabata Rilau, Kec. Lalabata, Kabupaten Soppeng, Sulawesi Selatan, Indonesia",Kabupaten Soppeng,Sulawesi Selatan,29000.0,Mahal,https://travel.tribunnews.com/2025/06/11/nikmati-air-panas-alami-lejja-soppeng-cek-harga-tiket-masuk-lokasinya-di-sulawesi-selatan
Lake Seper,"928W+F2G, Kawiley, Kec. Kauditan, Kabupaten Minahasa Utara, Sulawesi Utara, Indonesia",Kabupaten Minahasa Utara,Sulawesi Utara,-,-,-
Pomantowan Passi,"Passi No.2, Lobong, Kabupaten Bolaang Mongondow",Kabupaten Bolaang Mongondow,Sulawesi Utara,5000.0,Murah,https://travel.tribunnews.com/destinasi/141107/jam-buka-tiket-masuk-pantai-modisi-di-bolaang-mongondow-selatan-sulawesi-utara
Wisata Mangrove Park Desa Bulo,"JWX6+RP3, Bulo, Wori, Kabupaten Minahasa Utara, Sulawesi Utara, Indonesia",Kabupaten Minahasa Utara,Sulawesi Utara,29000.0,Mahal,https://travel.tribunnews.com/2024/11/18/menyaksikan-pemandangan-sunset-dari-desa-wisata-budo-wori-minahasa-utara-sulawesi-utara
Pantai El-Shaddai,"RVQJ+C2R, Jl. Trans Sulawesi, Babo, Kec. Sangtombolang, Kabupaten Bolaang Mongondow, Sulawesi Utara, Indonesia",Kabupaten Bolaang Mongondow,Sulawesi Utara,5000.0,Murah,https://travel.tribunnews.com/destinasi/141107/jam-buka-tiket-masuk-pantai-modisi-di-bolaang-mongondow-selatan-sulawesi-utara
PuLau Laga,"HHF8+G9X, Iyok, Kec. Nuangan, Kabupaten Bolaang Mongondow Timur, Sulawesi Utara, Indonesia",Kabupaten Bolaang Mongondow Timur,Sulawesi Utara,29000.0,Mahal,https://travel.tribunnews.com/2024/12/03/pulau-laga-di-bolaang-mongondow-timur-sulawesi-utara-dengan-keindahan-bawah-laut-menakjubkan
Pantai pemamengketang,"JH6Q+JJ4, Rendingan, Kec. Tabukan Tengah, Kabupaten Kepulauan Sangihe, Sulawesi Utara, Indonesia",Kabupaten Kepulauan Sangihe,Sulawesi Utara,5000.0,Murah,https://travel.tribunnews.com/destinasi/141107/jam-buka-tiket-masuk-pantai-modisi-di-bolaang-mongondow-selatan-sulawesi-utara
Bado White Sand Beach,"Bado White Sand Beach, South Petta, North Tabukan, Sangihe Islands Regency, North Sulawesi, Indonesia",Kabupaten Kepulauan Sangihe,Sulawesi Utara,25000.0,Mahal,https://bali.idntimes.com/travel/destination/tiket-masuk-air-terjun-yeh-pikat-tegallalang-c1c2-01-vthpp-593hh2
Nusa dolong,Nusa Dolong,Kabupaten Mamuju,Sulawesi Barat,4000.0,Murah,https://travel.detik.com/travel-news/d-7605637/tiket-masuk-bromo-berubah-harga-ini-tarif-barunya
Bolo lia 1,"7MV9+GQ, Towale, Kec. Banawa Tengah, Kabupaten Donggala, Sulawesi Tengah, Indonesia",Kabupaten Donggala,Sulawesi Tengah,-,-,-
Objek Wisata Gunung Batu Kapal,"2C67+HJG, Suli, Kec. Balinggi, Kabupaten Parigi Moutong, Sulawesi Tengah 94473, Indonesia",Kabupaten Parigi Moutong,Sulawesi Tengah,-,-,-
Bukit Matean Tina,"82J4+99Q, Geresa, Kec. Bungku Tengah, Kabupaten Morowali, Sulawesi Tengah 94973, Indonesia",Kabupaten Morowali,Sulawesi Tengah,29000.0,Mahal,https://travel.tribunnews.com/destinasi/141157/daya-tarik-harga-tiket-masuk-air-terjun-veranomata-di-morowali-sulawesi-tengah
Bukit Langit Kota Luwuk,"2QWJ+55, Kompo, Kec. Luwuk Selatan, Kabupaten Banggai, Sulawesi Tengah, Indonesia",Kabupaten Banggai,Sulawesi Tengah,-,-,-
Kelapa Cabang,"7848+C3W, Jl. Buol - Tolitoli, Tuinan, Kec. Lakea, Kabupaten Buol, Sulawesi Tengah 94563, Indonesia",Kabupaten Buol,Sulawesi Tengah,10000.0,Sedang,https://nasional.kompas.com/read/2012/07/06/22405518/hartati-murdaya-tak-ada-kepentingan-di-buol
POCI,"XGF8+XV4, Lepo-Lepo",Kota Palu,Sulawesi Tengah,5000.0,Murah,https://travel.kompas.com/read/2025/05/04/140300927/harga-tiket-masuk-umbulan-tanaka-liburan-murah-meriah-di-malang
Pantai Topa Sulaa,"FHW5+4MW, Sulaa, Kec. Betoambari, Kota Bau-Bau, Sulawesi Tenggara, Indonesia",Kota Bau-Bau,Sulawesi Tenggara,5000.0,Murah,https://sultra.tribunnews.com/2022/12/22/harga-tiket-masuk-pantai-toronipa-konawe-dewasa-rp10-ribu-per-orang-tidak-ada-retribusi-parkir
Tebing ujung kota,"FHH7+C9V, Sulaa, Kota Bau-Bau",Kota Bau-Bau,Sulawesi Tenggara,7000.0,Murah,https://www.yogyes.com/id/yogyakarta-tourism-object/other/obelix-hills/
Basa island - Bombana,"5G65+VQC, Kec. Poleang, Kabupaten Bombana, Sulawesi Tenggara, Indonesia",Kabupaten Bombana,Sulawesi Tenggara,-,-,-
Pantai Toromaginti,"43XF+GP, Mawar, Mata Oleo, Kabupaten Bombana, Sulawesi Tenggara, Indonesia",Kabupaten Bombana,Sulawesi Tenggara,-,-,-
Landuli,"RVXG+X7, Tedubara",Kabupaten Bombana,Sulawesi Tenggara,1500.0,Murah,https://travel.detik.com/travel-news/d-7605637/tiket-masuk-bromo-berubah-harga-ini-tarif-barunya
Danau Ubur-ubur,"4Q26+9J, Lohia, Kec. Lohia, Kabupaten Muna, Sulawesi Tenggara, Indonesia",Kabupaten Muna,Sulawesi Tenggara,10000.0,Sedang,https://www.idntimes.com/travel/destination/danau-di-sulawesi-tenggara-c1c2-01-3ln1w-4vk8zg
BAT-BAT RAHA (Motewe),"5PWQ+4RC, Motewe",Kabupaten Muna,Sulawesi Tenggara,10000.0,Sedang,https://regional.kompas.com/read/2021/04/12/151045478/foto-viral-tiket-masuk-pantai-anyer-rp-100000-pengelola-harga-dari-dulu-itu
Perahu diatas batu,"8P7C+C9M, Kec. Sampolawa, Kabupaten Buton, Sulawesi Tenggara, Indonesia",Kabupaten Buton,Sulawesi Tenggara,-,-,-
Waburi Park Gazebo,"8QP7+MVC, Gaya Baru, Kabupaten Buton",Kabupaten Buton,Sulawesi Tenggara,5000.0,Murah,https://www.selingkarwilis.com/travel/85010832440/dulunya-hamparan-padang-berbatu-tandus-waburi-park-kini-jadi-wisata-favorit-masyarakat-buton-selatan
Matantahi,"757C+2M, Eelahaji, Kec. Kulisusu, Kabupaten Buton Utara, Sulawesi Tenggara, Indonesia",Kabupaten Buton Utara,Sulawesi Tenggara,-,-,-
Benteng Patua Tomia,"7W9H+Q8P, Patua, Tomia, Kabupaten Wakatobi, Sulawesi Tenggara 93793, Indonesia",Kabupaten Wakatobi,Sulawesi Tenggara,-,-,-
Hutan Pinus Lenong,"Unnamed Road, 39HP+GMH, Rambusaratu, Kec. Mamasa, Kabupaten Mamasa, Sulawesi Barat 91362, Indonesia",Kabupaten Mamasa,Sulawesi Barat,5000.0,Murah,https://travel.detik.com/travel-news/d-5480525/menjelajah-wisata-hutan-pinus-lenong-di-mamasa
Kampung Wisata KBS,"Dusun burri, Pebassian, Kabupaten Mamasa",Kabupaten Mamasa,Sulawesi Barat,-,-,-
Green Topejawa Coastal,"FCPM+488, Topejawa, Kec. Mangarabombang, Kabupaten Takalar, Sulawesi Selatan 92261, Indonesia",Kabupaten Takalar,Sulawesi Selatan,-,-,-
gunung Nusantara,"5HR8+WM4, Sapanang, Kec. Bungoro, Kabupaten Pangkajene Dan Kepulauan, Sulawesi Selatan, Indonesia",Kabupaten Pangkajene Dan Kepulauan,Sulawesi Selatan,-,-,-
Bulu Manarang,"Bulu Manarang, Padaidi, Kec. Mattiro Bulu, Kabupaten Pinrang, Sulawesi Selatan, Indonesia",Kabupaten Pinrang,Sulawesi Selatan,3000.0,Murah,https://seringjalan.com/5-tempat-wisata-di-pinrang-sulawesi-selatan/
Lembah Impian Poti’tanayya,"Bontomanai, Kabupaten Jeneponto",Kabupaten Jeneponto,Sulawesi Selatan,-,-,-
Gunung Tibembeng,"4244+2G8, Ilan Batu, Kec. Balusu, Kabupaten Toraja Utara, Sulawesi Selatan 91951, Indonesia",Kabupaten Toraja Utara,Sulawesi Selatan,5000.0,Murah,https://www.detik.com/sulsel/wisata/d-6322241/7-tempat-wisata-di-toraja-utara-ini-wajib-banget-dikunjungi
Permandian Likubassi,"FRF6+J9, Tokkonan",Kabupaten Enrekang,Sulawesi Selatan,10000.0,Sedang,https://regional.kompas.com/read/2019/06/02/10094601/harga-tiket-masuk-candi-borobudur-naik-selama-libur-lebaran-2019
Pantai Wisata Desa To'bia,"PCF6+V7R, Pantai, To'bia, Kec. Ponrang Sel., Kabupaten Luwu, Sulawesi Selatan, Indonesia",Kabupaten Luwu,Sulawesi Selatan,5000.0,Murah,https://www.detik.com/sulsel/wisata/d-7331594/10-spot-wisata-di-kawasan-tanjung-bira-bulukumba-yang-wajib-dikunjungi
Air Terjun Bilatu,"98C4+HFG, Palakka, Kec. Larompong Sel., Kabupaten Luwu, Sulawesi Selatan 91998, Indonesia",Kabupaten Luwu,Sulawesi Selatan,29000.0,Mahal,https://travel.tribunnews.com/2025/06/11/nikmati-air-panas-alami-lejja-soppeng-cek-harga-tiket-masuk-lokasinya-di-sulawesi-selatan
Teluk Manado,"Tlk. Manado, Indonesia",Kota Manado,Sulawesi Utara,10000.0,Sedang,https://www.ragamutama.com/itinerary-manado-3-hari-2-malam-dari-bali-melihat-langsung-tarsius-dan-monyet-hitam/
Hutan Kota Bonawang Kotamobagu,"Mongkonai Bar., Kec. Kotamobagu Bar., Kota Kotamobagu, Sulawesi Utara 95716, Indonesia",Kota Kotamobagu,Sulawesi Utara,0.0,Gratis,https://www.geokepo.id/id/lokasi/kotamobagu/hutan-kota-bonawang
Air Terjun Mangatasik,"9MP5+M6W, Ranowangko, Kec. Tombariri, Kabupaten Minahasa, Sulawesi Utara, Indonesia",Kabupaten Minahasa,Sulawesi Utara,5000.0,Murah,https://atourin.com/destination/minahasa/air-terjun-kali-pineleng
"Gereja GMIBM Bukit Sion Dodap, Bersatu","PH6Q+HMP, Dodap, Kec. Tutuyan, Kabupaten Bolaang Mongondow Timur, Sulawesi Utara, Indonesia",Kabupaten Bolaang Mongondow Timur,Sulawesi Utara,-,-,-
Tahuna Waterpark & Sport Center,"Santiago, Kabupaten Kepulauan Sangihe",Kabupaten Kepulauan Sangihe,Sulawesi Utara,40000.0,Mahal,https://manado.tribunnews.com/2023/01/26/tahuna-water-park-and-spot-center-segera-dibuka-objek-wisata-baru-di-sangihe-sulawesi-utara
Wisata Pantai Talise Palu,"4VPH+97P, Jl. Kp. Nelayan, Talise, Kec. Mantikulore, Kota Palu, Sulawesi Tengah, Indonesia",Kota Palu,Sulawesi Tengah,0.0,Gratis,-
Bendungan Desa Malonas Kec. Dampelas Kab. Donggala,"7WCV+F9, Malonas, Kec. Damsol, Kabupaten Donggala, Sulawesi Tengah 94356, Indonesia",Kabupaten Donggala,Sulawesi Tengah,-,-,-
Goa tangkaboba,"6JQW+9W4, Tentena, Pamona Pusalemba, Kabupaten Poso, Sulawesi Tengah 94663, Indonesia",Kabupaten Poso,Sulawesi Tengah,-,-,-
Tonomini wisata,"MJWH+GWH, Jl. Trans Sulawesi, Tokorondo, Kabupaten Poso",Kabupaten Poso,Sulawesi Tengah,-,-,-
Pantai Nikel Laterit,"489P+P26, Ganda Ganda, Kabupaten Morowali, Sulawesi Tengah, Indonesia",Kabupaten Morowali,Sulawesi Tengah,-,-,-
Tanggul Khayal,Alun-Alun KOTAMARA,Kabupaten Kepulauan Siau Tagulandang Biaro,Sulawesi Utara,1500.0,Murah,https://travel.detik.com/travel-news/d-7605637/tiket-masuk-bromo-berubah-harga-ini-tarif-barunya
Wisata Alam Lambandia,"Unnamed Road, J2Q7+9H6, Lambandia, Lalembuu, Kabupaten Konawe Selatan, Sulawesi Tenggara 93885, Indonesia",Kabupaten Konawe Selatan,Sulawesi Tenggara,-,-,-
Twin Lagoon,"FCWW+JPH, Labengi, Kec. Lasolo, Kabupaten Konawe Utara, Sulawesi Tenggara 93352, Indonesia",Kabupaten Konawe Utara,Sulawesi Tenggara,0.0,Gratis,https://travel.tribunnews.com/destinasi/141416/harga-tiket-paddle-board-di-pantai-anggalo-konawe-untuk-liburan-akhir-tahun
PANTAI KEI-KEI,"Kaloloa, Kec. Samaturu, Kabupaten Kolaka, Sulawesi Tenggara, Indonesia",Kabupaten Kolaka,Sulawesi Tenggara,-,-,-
Pantai Tampunabale,"XQ65+WF3, Tampunabale, Kec. Pasi Kolaga, Kabupaten Muna, Sulawesi Tenggara 93674, Indonesia",Kabupaten Muna,Sulawesi Tenggara,-,-,-
Cliff One Waara,"JHFV+447, One Waara, Kec. Lakudo, Kabupaten Buton, Sulawesi Tenggara, Indonesia",Kabupaten Buton,Sulawesi Tenggara,-,-,-
Gong Perdamaian Nusantara - Mamuju,Jalan Yos Sudarso No.13,Kabupaten Mamuju,Sulawesi Barat,10000.0,Sedang,https://it.pinterest.com/pin/gong-perdamaian-nusantara-kota-palu-sulawesi-tengah-indonesia--533817362095951629/
Anjungan Pantai Kota Polewali,"H86X+9P8, Polewali, Kec. Polewali, Kabupaten Polewali Mandar, Sulawesi Barat, Indonesia",Kabupaten Polewali Mandar,Sulawesi Barat,3000.0,Murah,https://www.pantainesia.com/pantai-mampie
Air Terjun Didingga,"W6QV+PMR, Potanga, Kec. Tolinggula, Kabupaten Gorontalo Utara, Gorontalo 96524, Indonesia",Kabupaten Gorontalo Utara,Gorontalo,5000.0,Murah,https://www.celebes.co/tempat-wisata-gorontalo-utara
Permainan alam bainang,"8JW3+4R, Katomporang, Kec. Duampanua, Kabupaten Pinrang, Sulawesi Selatan 91253, Indonesia",Kabupaten Pinrang,Sulawesi Selatan,-,-,-
Spot foto ladang jagung Bukit Jati,"JVFQ+V7, Lalabata Rilau, Kec. Lalabata, Kabupaten Soppeng, Sulawesi Selatan, Indonesia",Kabupaten Soppeng,Sulawesi Selatan,3000.0,Murah,https://www.detik.com/sulsel/wisata/d-6527369/15-tempat-wisata-di-soppeng-pesona-keindahan-alam-hingga-peninggalan-sejarah
Buntu Balebo,"Buntu Balebo, Kamiri, Kec. Masamba, Kabupaten Luwu Utara, Sulawesi Selatan, Indonesia",Kabupaten Luwu Utara,Sulawesi Selatan,-,-,-
WISATA GOA KALO DEWATA,"24MW+3FP, Battang, Kota Palopo",Kota Palopo,Sulawesi Selatan,-,-,-
PANTAI SIDATE PAKUWERU,"5CQG+FV, Pakuweru, Kabupaten Minahasa Selatan, Sulawesi Utara, Indonesia",Kabupaten Minahasa Selatan,Sulawesi Utara,5000.0,Murah,https://travel.tribunnews.com/destinasi/141107/jam-buka-tiket-masuk-pantai-modisi-di-bolaang-mongondow-selatan-sulawesi-utara
Puncak Keletambal,Kuyanga,Kabupaten Konawe,Sulawesi Tenggara,15000.0,Sedang,https://travelspromo.com/htm-wisata/puncak-mustika-manik-bogor/
Kawasan Wisata Sou Bauta,"XV7F+MR8, Kawasan Wisata, Kaleke, Kabupaten Sigi",Kabupaten Sigi,Sulawesi Tengah,-,-,-
Mangrove Ambelang,"Desa, Ambelang, Tinangkung, Kabupaten Banggai Kepulauan, Sulawesi Tengah 94885, Indonesia",Kabupaten Banggai Kepulauan,Sulawesi Tengah,-,-,-
Air Terjun Torotuo,"924F+FVF, Torotuo, Kecamatan Rante Angin, Kabupaten Kolaka Utara, Sulawesi Tenggara 93956, Indonesia",Kabupaten Kolaka Utara,Sulawesi Tenggara,-,-,-
Danau Moko Putih,"3QX6+72X, Lohia, Kec. Lohia, Kabupaten Muna, Sulawesi Tenggara 93658, Indonesia",Kabupaten Muna,Sulawesi Tenggara,10000.0,Sedang,https://travel.tribunnews.com/2020/07/14/harga-tiket-masuk-alas-harum-bali-tempat-wisata-instagramable-dengan-wahana-ekstrem
Pantai Galetto,"F2RX+5W, Karama, Kabupaten Polewali Mandar",Kabupaten Polewali Mandar,Sulawesi Barat,-,-,-
Dermaga Padaria,"3GW9+PJ6, Ampekale, Kec. Bontoa, Kabupaten Maros, Sulawesi Selatan, Indonesia",Kabupaten Maros,Sulawesi Selatan,15000.0,Sedang,https://www.detik.com/sulsel/wisata/d-6502476/pesona-leang-leang-maros-wisata-taman-prasejarah-berusia-ribuan-tahun
Moncong Peda,"Moncong Peda, Bontokadatto, Kec. Polombangkeng Sel., Kabupaten Takalar, Sulawesi Selatan, Indonesia",Kabupaten Takalar,Sulawesi Selatan,0.0,Gratis,https://www.detik.com/sulsel/wisata/d-6503703/14-tempat-wisata-di-takalar-yang-populer-dan-menarik-dikunjungi
Puncak lurayya,"Unnamed Road, M2C5+WJM, Kindang, Kec. Kindang, Kabupaten Bulukumba, Sulawesi Selatan 92662, Indonesia",Kabupaten Bulukumba,Sulawesi Selatan,-,-,-
Air Terjun Salu Kata,"XRV7+QP7, Piongan, Kec. Dende' Piongan Napo, Kabupaten Toraja Utara, Sulawesi Selatan 91862, Indonesia",Kabupaten Toraja Utara,Sulawesi Selatan,10000.0,Sedang,https://www.detik.com/sulsel/wisata/d-7855810/8-wisata-di-tana-toraja-yang-unik-dan-bersejarah-untuk-liburan-keluarga
Wisata Kapal Karam Balantang,"935J+HV7, Jl. Lure, Balantang, Malili, East Luwu Regency, South Sulawesi 92933, Indonesia",Kabupaten Luwu,Sulawesi Selatan,8000.0,Murah,https://travels.id/wisata-pantai-balad-taliwang-sumbawa-barat/
KTM Landevaso,"Jln. Trans Sulawesi, Tosale",Kabupaten Wakatobi,Sulawesi Tenggara,15000.0,Sedang,https://travelspromo.com/htm-wisata/wisata-kebun-gowa/
"Pantai Bolinaso, Desa Pelawa Baru","7439+FFM, Jl. Trans Sulawesi, Pelawa, Kec. Parigi Tengah, Kabupaten Parigi Moutong, Sulawesi Tengah, Indonesia",Kabupaten Parigi Moutong,Sulawesi Tengah,-,-,-
Hutan Pinus Lantongke,"8W8Q+RF5, Ululere, Kec. Bungku Timur, Kabupaten Morowali, Sulawesi Tengah 94973, Indonesia",Kabupaten Morowali,Sulawesi Tengah,29000.0,Mahal,https://travel.tribunnews.com/destinasi/141157/daya-tarik-harga-tiket-masuk-air-terjun-veranomata-di-morowali-sulawesi-tengah
DANAU HITAM,"QQ96+96, Ulusena Jaya, Kec. Kolono, Kabupaten Konawe Selatan, Sulawesi Tenggara, Indonesia",Kabupaten Konawe Selatan,Sulawesi Tenggara,0.0,Gratis,https://kelaswisata.id/wisata-di-sulawesi-tenggara/
Wisata Alam Air Terjun Teppok,"92CH+776, Tanatoro, Kec. Pitu Riase, Kabupaten Sidenreng Rappang, Sulawesi Selatan 91691, Indonesia",Kabupaten Sidenreng Rappang,Sulawesi Selatan,-,-,-
Floating Houses Tempe Lake,"RXCF+W5W, Siengkang",Kota Makassar,Sulawesi Selatan,15000.0,Sedang,https://www.detik.com/jogja/plesir/d-7339003/tumpeng-menoreh-jogja-jam-buka-harga-tiket-dan-daya-tariknya
air terjun taddolli,"Bar., V334+9G3, Turungan Baji, Kec. Sinjai Bar., Kabupaten Sinjai, Sulawesi Selatan 92653, Indonesia",Kabupaten Sinjai,Sulawesi Selatan,-,-,-
Buttu Lanjanan,"FQ34+VPJ, Karueng",Kabupaten Kepulauan Siau Tagulandang Biaro,Sulawesi Utara,-,-,-
Lante-lante,"Bar, Pao, Kec. Malangke Bar., Kabupaten Luwu Utara, Sulawesi Selatan, Indonesia",Kabupaten Luwu Utara,Sulawesi Selatan,-,-,-
UD. divo sejaterah🌽,Matali,Kabupaten Tana Toraja,Sulawesi Selatan,1500.0,Murah,https://travel.detik.com/travel-news/d-7605637/tiket-masuk-bromo-berubah-harga-ini-tarif-barunya
Pantai Ria Kolongan Beha,"JCPG+7WX, Kolongan Beha, Kabupaten Kepulauan Sangihe",Kabupaten Kepulauan Sangihe,Sulawesi Utara,-,-,-
Wisata alam panapa,"Unnamed Road, R6V2+P7P, Wawopada, Kec. Lembo, Kabupaten Morowali Utara, Sulawesi Tengah 94966, Indonesia",Kabupaten Morowali Utara,Sulawesi Tengah,-,-,-
Pantai kasosona,"FVH7+PQV, Wagola, Kabupaten Buton",Kabupaten Buton,Sulawesi Tenggara,61000.0,Mahal,https://kataomed.com/jadwal-kapal/jadwal-terbaru-kapal-roro-ferry-dari-batam-ke-tanjung-buton
Bukit Emot,"9G8W+P6, Karae, Kec. Siompu, Kabupaten Buton, Sulawesi Tenggara 93752, Indonesia",Kabupaten Buton,Sulawesi Tenggara,-,-,-
Bukit Peca,"9534+MG5, Jl. Poros Mamuju-Mamasa, Keang, Kec. Kalukku, Kabupaten Mamuju, Sulawesi Barat 91561, Indonesia",Kabupaten Mamuju,Sulawesi Barat,-,-,-
Pantai Gudang Arang,"VW59+M9F, Jl. Gudang Arang, Dambalo, Kec. Kwandang, Kabupaten Gorontalo Utara, Gorontalo, Indonesia",Kabupaten Gorontalo Utara,Gorontalo,-,-,-
Gunung bacukiki,"WMR9+9Q, WT. Bacukiki, Kec. Bacukiki, Kota Parepare, Sulawesi Selatan 91121, Indonesia",Kota Parepare,Sulawesi Selatan,-,-,-
Bukit Tongke Tongke ( Camping),"R7V7+M44 Tim, Tongke-Tongke, Kec. Sinjai Tim., Kabupaten Sinjai, Sulawesi Selatan, Indonesia",Kabupaten Sinjai,Sulawesi Selatan,10000.0,Sedang,https://travelingyuk.com/berlibur-ala-muslimah/225839/
Air Terjun Regesan Tinoor,"9RHJ+76J, Tinoor Satu, Kec. Tomohon Utara, Kota Tomohon, Sulawesi Utara, Indonesia",Kota Tomohon,Sulawesi Utara,-,-,-
GPDI Bukit Zaitun Hesang,"CGX6+GF2, Hesang, Tamako, Kabupaten Kepulauan Sangihe, Sulawesi Utara, Indonesia",Kabupaten Kepulauan Sangihe,Sulawesi Utara,-,-,-
Pantai paranti Tabang,"7V6X+R7P, Kabupaten Kepulauan Talaud",Kabupaten Kepulauan Talaud,Sulawesi Utara,-,-,-
Pantai Pompole Tosale,"6MM9+JWQ, Tosale, Kec. Banawa Sel., Kabupaten Donggala, Sulawesi Tengah 94351, Indonesia",Kabupaten Donggala,Sulawesi Tengah,1000.0,Murah,https://travel.detik.com/cerita-perjalanan/d-5406040/menyusuri-donggala-kota-tua-di-ujung-teluk-palu
Bukit Eksis Matolele,"63RW+H4G, Matolele, Kec. Parigi Tengah, Kabupaten Parigi Moutong, Sulawesi Tengah, Indonesia",Kabupaten Parigi Moutong,Sulawesi Tengah,0.0,Gratis,https://www.celebes.co/tempat-wisata-parigi-moutong
Tempat santai,"Unnamed Road, 8274+9QF, Kolono, Kec. Bungku Tengah, Kabupaten Morowali, Sulawesi Tengah 94973, Indonesia",Kabupaten Morowali,Sulawesi Tengah,0.0,Gratis,https://kelaswisata.id/wisata-di-sulawesi-tengah/
Goa desa topogaro,"Tofogaro, Kec. Bungku Bar., Kabupaten Morowali, Sulawesi Tengah, Indonesia",Kabupaten Morowali,Sulawesi Tengah,29000.0,Mahal,https://travel.tribunnews.com/destinasi/141157/daya-tarik-harga-tiket-masuk-air-terjun-veranomata-di-morowali-sulawesi-tengah
Tugu Lingkaran Hati Emas,"XXGR+6PV, Langara Laut, Konawe Kepulauan",Kabupaten Konawe,Sulawesi Tenggara,-,-,-
Pantai Ilodulunga,"RR9J+H82, Tolongio, Kec. Anggrek, Kabupaten Gorontalo Utara, Gorontalo, Indonesia",Kabupaten Gorontalo Utara,Gorontalo,-,-,-
Wisata Paccumikang,"HW99+4WG, Paccumikang Desa, Jenetallasa, Kabupaten Jeneponto",Kabupaten Jeneponto,Sulawesi Selatan,-,-,-
Air Terjun Galung Paleng,"GVC3+6MP, Pallantikang, Kec. Rumbia, Kabupaten Jeneponto, Sulawesi Selatan 92371, Indonesia",Kabupaten Jeneponto,Sulawesi Selatan,0.0,Gratis,https://www.detik.com/sulsel/wisata/d-7291656/gratis-masuk-wisata-air-terjun-tuang-loe-jeneponto-ramai-saat-libur-lebaran
Air terjun salubi,"VVV7+Q6G, Jono, Kec. Dolo Sel., Kabupaten Sigi, Sulawesi Tengah, Indonesia",Kabupaten Sigi,Sulawesi Tengah,29000.0,Mahal,https://travel.tribunnews.com/destinasi/141157/daya-tarik-harga-tiket-masuk-air-terjun-veranomata-di-morowali-sulawesi-tengah
Air terjun penonoan,"PC25+46C, Leling Bar., Kec. Tommo, Kabupaten Mamuju, Sulawesi Barat, Indonesia",Kabupaten Mamuju,Sulawesi Barat,-,-,-
Buttu Lamba,"Buttu Lamba, Bunga-Bunga, Kec. Matakali, Kabupaten Polewali Mandar, Sulawesi Barat, Indonesia",Kabupaten Polewali Mandar,Sulawesi Barat,-,-,-
Pantai Tambu,"Tambu, Balaesang, Mapane Tambu, Kec. Balaesang, Kabupaten Donggala, Sulawesi Tengah 94355, Indonesia",Kabupaten Donggala,Sulawesi Tengah,29000.0,Mahal,https://travel.tribunnews.com/2025/04/11/harga-tiket-masuk-pantai-enu-wisata-primadona-di-kabupaten-donggala-sulawesi-tengah
Gua Jepang Tikala Kumaraka,"FRPW+FMH, Lawangirung, Kec. Wenang, Kota Manado, Sulawesi Utara, Indonesia",Kota Manado,Sulawesi Utara,10000.0,Sedang,https://travel.tribunnews.com/2022/01/06/harga-tiket-masuk-de-mangol-dan-4-tempat-wisata-instagramable-di-gunungkidul
