place_id,nama_wisata,alamat,lat,long,kabupaten,provinsi
ChIJAe8Dxrrivi0RkTTxeTp61F8,Losari Beach Platform,"Maloku, Jl. Penghibur, Losari, Kec. Ujung Pandang, Kota Makassar, Sulawesi Selatan 90113, Indonesia",-5.1436198,119.4074821,Kota Makassar,Sulawesi Selatan
ChIJ7zfOEbACvy0RI8-2wSg57Sg,Benteng Rotterdam,"No.Road, Jl. Ujung Pandang, Bulo Gading, Kec. Ujung Pandang, Kota Makassar, Sulawesi Selatan 90171, Indonesia",-5.1340004,119.4056311,Kota Makassar,Sulawesi Selatan
ChIJW_XJxVOLvi0RF7doOR7veJ0,Taman Nasional Bantimurung Bulusaraung,"5RXF+G9H, Bentenge, Sulawesi Selatan, Indonesia",-4.8011838,119.8234977,Kabupaten Maros,Sulawesi Selatan
ChIJtaw3Gkb4vi0RstXpcGWwRnw,"Pantai Tak Berombak, PTB Maros","Jl. Crisant No.3 /C, Pettuadae, Kec. Turikale, Kabupaten Maros, Sulawesi Selatan 90516, Indonesia",-5.0144456,119.5749278,Kabupaten Maros,Sulawesi Selatan
ChIJqT4iSqHpky0RKXyR5A7BxFk,Tongkonan Ke'te' Kesu',"Unnamed Road, 2W36+W6Q, Pantanakan Lolo, Kec. Kesu, Kabupaten Toraja Utara, Sulawesi Selatan 91834, Indonesia",-2.9951676,119.9106149,Kabupaten Tana Toraja,Sulawesi Selatan
ChIJXeflmUcreTIRThXj-qplVcA,Menara Keagungan Limboto,"Jl. Baso Bobihoe No.308, Kayubulan, Kec. Limboto, Kabupaten Gorontalo, Gorontalo 96214, Indonesia",0.6269984,122.9798882,Kabupaten Gorontalo,Gorontalo
ChIJk0JLwrnivi0R-CtMG-aENT8,Taman Pakui Sayang,"Jl. A. P. Pettarani, Masale, Kec. Panakkukang, Kota Makassar, Sulawesi Selatan 90231, Indonesia",-5.1516978,119.436993,Kota Makassar,Sulawesi Selatan
ChIJaaT-uKcCvy0RBBNAZ-7QN_Q,Masjid Raya Makassar,"Gaddong, Jalan Masjid Raya, Bontoala",-5.1305706,119.4197459,Kota Makassar,Sulawesi Selatan
ChIJg6bbPXPuiy0RHBVJC81ykoU,Taman Vatulemo,"Jl. Balai Kota Timur Tanamodindi Mantikulore, Lapangan Vatulomo, Lolu Utara, Kec. Palu Sel., Kota Palu, Sulawesi Tengah 94111, Indonesia",-0.8999014999999998,119.8886691,Kota Palu,Sulawesi Tengah
ChIJEc_1KyO7lS0RHz-h0O__gDo,Monumen Cinta Sejati Habibie-Ainun,"XJPC+XR6 Lapangan Andi Makkasau, Jl. Karaeng Burane, Mallusetasi, Ujung, Parepare, South Sulawesi 91111, Indonesia",-4.012588399999999,119.6220022,Kota Parepare,Sulawesi Selatan
ChIJTWtCS60Cvy0RB9LEfNoFeno,Pantai Losari,"Jl. Somba OPU No.57, Maloku, Kec. Ujung Pandang, Kota Makassar, Sulawesi Selatan 90111, Indonesia",-5.1429693,119.4074741,Kota Makassar,Sulawesi Selatan
ChIJRe5FBcayvi0RjN3evEJQtvg,Tribun Pantai Seruni,"Tribun Pantai Seruni, Jl. Seruni, Pallantikang, Kec. Bantaeng, Kabupaten Bantaeng, Sulawesi Selatan 92411, Indonesia",-5.548762399999999,119.9461783,Kabupaten Bantaeng,Sulawesi Selatan
ChIJeaVDy0Pjvi0RmquBLs_T5Oc,Bugis Waterpark Adventure,"Jl. Raya Baruga No.1, Antang, Kec. Manggala, Kota Makassar, Sulawesi Selatan 90562, Indonesia",-5.1538136,119.4946243,Kota Makassar,Sulawesi Selatan
ChIJ4RUE5IP2lS0R7-4_zE5BVtc,Taman Kalong Watansoppeng,"MV2P+76Q, Botto, Kec. Lalabata, Kabupaten Soppeng, Sulawesi Selatan 90811, Indonesia",-4.3492856,119.8856157,Kabupaten Barru,Sulawesi Selatan
ChIJs8z4-u7tky0R0SmrqPRGQqA,Patung Tuhan Yesus Memberkati,"WV38+WH5, Buntu Burake, Kec. Makale, Kabupaten Tana Toraja, Sulawesi Selatan 91817, Indonesia",-3.0952365,119.8664913,Kabupaten Tana Toraja,Sulawesi Selatan
ChIJidAw6lIdvy0RkBC2CayiAWE,Pantai Losari,"Pantai Losari, Sulawesi Selatan, Indonesia",-5.1436198,119.4074821,Kota Makassar,Sulawesi Selatan
ChIJXdb6FGp1hzIRj_DDslIOGQI,Tugu Zero Point,"FRRQ+7MJ, Jl. Jendral Sudirman, Pinaesaan, Kec. Wenang, Kota Manado, Sulawesi Utara, Indonesia",1.4907186,124.8391432,Kota Manado,Sulawesi Utara
ChIJleApO8v3vi0R8xU5_AQbpcs,Cinta Souvenir Bantimurung,"Kalabbirang, Kec. Bantimurung, Makassar, Sulawesi Selatan 90561, Indonesia",-5.0158591,119.682158,Kabupaten Maros,Sulawesi Selatan
ChIJ2ZoiF-LBky0Rez3x1SgEWfo,"Lolai - To' Tombi, Negeri di atas awan","Lolai, Kec. Kapala Pitu, Kabupaten Toraja Utara, Sulawesi Selatan 91854, Indonesia",-2.9656999,119.8652711,Kabupaten Tana Toraja,Sulawesi Selatan
ChIJ-c5v3ezzuy0R2sia802Iu8U,Pantai Bira Pasir Putih,"9FP5+7F2, Jalan Poros Jl. Pasir Putih Bira, Bira, Kec. Bonto Bahari, Kabupaten Bulukumba, Sulawesi Selatan 92571, Indonesia",-5.615140299999999,120.4574201,Kabupaten Bulukumba,Sulawesi Selatan
ChIJN1blDtvtiy0R_CxnmF5s5Kg,Taman Gor,"4V3C+MW9, Jl. Chairil Anwar, Besusu Tengah, Kec. Palu Tim., Kota Palu, Sulawesi Tengah 94111, Indonesia",-0.8958370999999999,119.8723469,Kota Palu,Sulawesi Tengah
ChIJJ7bA85XBky0R7ZS3wepAzr4,Lolai Tongkonan Lempe,"Benteng Mamulu, Kec. Kapala Pitu, Kabupaten Toraja Utara, Sulawesi Selatan 91854, Indonesia",-2.9463286,119.8583168,Kabupaten Tana Toraja,Sulawesi Selatan
ChIJu4VVoVhzhzIR9sxb_RpwM5A,Monumen Yesus Memberkati,"CRQX+625, Jl. Monumen Yesus Memberkati, Winangun Satu, Kec. Malalayang, Kota Manado, Sulawesi Utara, Indonesia",1.4380192,124.8476132,Kota Manado,Sulawesi Utara
ChIJ8ee55MXmvi0RPbaA-1L_kfc,Wisata Kebun Gowa,"Jl. Malino, Bontomanai, Kabupaten Gowa",-5.2344133,119.5230819,Kota Makassar,Sulawesi Selatan
ChIJP4SACNtzeC0R9-9j9p70bWA,Taman Nasional Bunaken,"Pelabuhan Marina plazaa, Manado City, North Sulawesi, Indonesia",1.6193013,124.766174,Kota Manado,Sulawesi Utara
ChIJn4UlXcDymC0RDFC5iWg12jw,Taman Kota Kendari,"2GG7+H6G, Mandonga, Kec. Mandonga, Kota Kendari, Sulawesi Tenggara 93111, Indonesia",-3.9735717,122.5130832,Kota Kendari,Sulawesi Tenggara
ChIJq6qqqj6Wvi0RN94047LvmYg,Malino highlands,"Pattapang, Kec. Tinggimoncong, Kabupaten Gowa, Sulawesi Selatan 92171, Indonesia",-5.2439481,119.9034238,Kabupaten Gowa,Sulawesi Selatan
ChIJP226Qg4dvy0RqS_VJ43qKEk,Pantai Akkarena,"Pantai Akkarena, Jalan Tanjung Bunga, Tj. Merdeka, Kec. Tamalate, Kota Makassar, Sulawesi Selatan 90224, Indonesia",-5.1719175,119.3886864,Kota Makassar,Sulawesi Selatan
ChIJMa1AS64Cvy0Ru_ssSD8Thig,Taman Macan,"VC75+P5P, Jl. Sultan Hasanuddin, Bulo Gading, Kec. Ujung Pandang, Kota Makassar, Sulawesi Selatan 90171, Indonesia",-5.1356647,119.4079565,Kota Makassar,Sulawesi Selatan
ChIJreCviONZvi0RioW0jGuSkDU,Kampoeng Karst Rammang Rammang,"Salenrang, Rammang Rammang, Bontonlempangan, Kec. Bontoa, Kabupaten Maros, Sulawesi Selatan 90561, Indonesia",-4.915343399999999,119.6123724,Kabupaten Maros,Sulawesi Selatan
ChIJ0XvYFv5MlC0RHSd-0TiamS4,Lasinrang Park,"Jl. Dr. Wahidin Sudiro Husodo, Jaya, Kec. Watang Sawitto, Kabupaten Pinrang, Sulawesi Selatan 91213, Indonesia",-3.7914168,119.6505235,Kabupaten Pinrang,Sulawesi Selatan
ChIJv_2QIT30uy0RriiX8ght_7U,Tebing Apparalang,"FC6X+XRG, Ara, Kec. Bonto Bahari, Kabupaten Bulukumba, Sulawesi Selatan, Indonesia",-5.5375672,120.4495834,Kabupaten Bulukumba,Sulawesi Selatan
ChIJzUqjdF_2vi0R1ptg8CvLDzk,Taman Nasional Bantimurung Bulusaraung,"Jln. Poros Maros-Bone Km.12, Kalabbirang, Bantimurung, Kalabbirang, Kec. Bantimurung, Kabupaten Maros, Sulawesi Selatan 90561, Indonesia",-5.0162561,119.6815737,Kabupaten Maros,Sulawesi Selatan
ChIJeU_Sak0dvy0R_qmG80UtmJ8,Masjid Kubah 99,"Jl. H. Bau No.36, Kunjung Mae, Kec. Mariso, Kota Makassar, Sulawesi Selatan 90125, Indonesia",-5.1438118,119.4039966,Kota Makassar,Sulawesi Selatan
ChIJLQWTYilOvi0RBLtq01mDiSs,Taman Musafir,"Padoang Doangan, Kec. Pangkajene, Kabupaten Pangkajene Dan Kepulauan, Sulawesi Selatan 90614, Indonesia",-4.838965099999999,119.5512868,Kabupaten Pangkajene Dan Kepulauan,Sulawesi Selatan
ChIJfb6H9KFYvi0RsCvI4hZz9aw,Taman Arkeologi Leang Leang,"2MFF+2M6 Ktr. Kelurahan Leang Leang, Leang-Leang, Kec. Bantimurung, Kabupaten Maros, Sulawesi Selatan 90561, Indonesia",-4.9782003,119.6743606,Kabupaten Maros,Sulawesi Selatan
ChIJuVDWk6K8lS0RDwcHlQKt0VY,Tonrangeng Riverside,"XJ3G+292, Lumpue, Kec. Bacukiki Bar., Kota Parepare, Sulawesi Selatan 91123, Indonesia",-4.0474996,119.6259005,Kota Parepare,Sulawesi Selatan
ChIJ5wCm0jLrlS0RhWiqacsMd6Y,Taman Wisata Alam Lejja,"Jl. Poros Lejja, Bulue, Kec. Marioriawa, Kabupaten Soppeng, Sulawesi Selatan 90852, Indonesia",-4.1510583,119.7872872,Kabupaten Barru,Sulawesi Selatan
ChIJjTBq2rDZki0RGax81Kex6L8,Space iklan 5x10. Anjungan Pantai Manakarra,"Anjungan Pantai Manakarra, Jl. Yos Sudarso, Binanga, Kec. Mamuju, Kabupaten Mamuju, Sulawesi Barat 91511, Indonesia",-2.6716032,118.8889317,Kabupaten Mamuju,Sulawesi Barat
ChIJ_____7-xhzIRgVGx3pjh_cY,Pantai Paal,"Pantai Paal, Kec. Likupang Tim., Kabupaten Minahasa Utara, Sulawesi Utara, Indonesia",1.6515069,125.1618811,Kabupaten Minahasa Utara,Sulawesi Utara
ChIJkZzkXEn4vi0RGkOZYfalLTQ,Masjid Al Markaz Al Islami Maros,"XHMF+J7C, Desa Jalan Butta Toa, Pettuadae",-5.015125299999999,119.5724088,Kabupaten Maros,Sulawesi Selatan
ChIJUyYblCXivi0R3hCr1lbjR1s,Museum Balla Lompoa,"Jl. K. H. Wahid Hasyim No.39, Sungguminasa, Kec. Somba Opu, Kabupaten Gowa, Sulawesi Selatan 92111, Indonesia",-5.207081,119.4526515,Kota Makassar,Sulawesi Selatan
ChIJy9LFmt7rky0RU-2zFqy9ZqE,Londa Ancient Graveyard,"Lembang Sangbua, XVPG+483, Kesu, Tadongkon, Kec. Kesu, Kabupaten Toraja Utara, Sulawesi Selatan 91852, Indonesia",-3.0147457,119.8758034,Kabupaten Tana Toraja,Sulawesi Selatan
ChIJt92KUDIEpy0RlGfICd6iJl0,Taman Nasional Wakatobi,"CWPJ+J57, Lentea, Sulawesi Tenggara, Indonesia",-5.5634736,123.9304254,Kabupaten Wakatobi,Sulawesi Tenggara
ChIJZXebUXz9vi0RBUM_2viDy1M,Pelabuhan Paotere,"Pelabuhan Paotere, Gusung, Kota Makassar, Sulawesi Selatan, Indonesia",-5.1117419,119.4215455,Kota Makassar,Sulawesi Selatan
ChIJNxwvnvrzuy0RajsHwzXLF2I,Pantai Tanjung Bira,"Pantai Tj. Bira, Sulawesi Selatan, Indonesia",-5.6091375,120.4498131,Kabupaten Bulukumba,Sulawesi Selatan
ChIJ-1BwjCK-vi0RQSpEAvjsdsQ,Air Terjun Takapala,"PVF5+HW, Bonto Lerung, Kec. Tinggimoncong, Kabupaten Gowa, Sulawesi Selatan 92174, Indonesia",-5.274659199999999,119.8569436,Kabupaten Gowa,Sulawesi Selatan
ChIJ9wzSa8EreTIR0KtoqpUEzCM,Benteng Otanaha,"Dembe I, Kec. Kota Bar., Kota Gorontalo, Gorontalo 96181, Indonesia",0.5482328,123.0084128,Kota Gorontalo,Gorontalo
ChIJHURmFD-7lS0R-487EGfExYQ,Taman Mattirotasi,"XJHF+Q2X, Jl. Bau Massepe, Labukkang, Kec. Ujung, Kota Parepare, Sulawesi Selatan, Indonesia",-4.0205145,119.6226191,Kota Parepare,Sulawesi Selatan
ChIJ2coc8PB0hzIR_XoswVHfP9I,Wisata Bahari Seafood Restaurant,"Bahu Mall Complex, Jl. Wolter Monginsidi No.1, Sulawesi Utara, Indonesia",1.4640254,124.825941,Kota Manado,Sulawesi Utara
ChIJ_ecsA-YKhzIR9SpspkYq9lg,Rumah Alam Manado Adventure Park,"Jl. Ring Road Jaga IX No.Km, RW.1, Maumbi, Kec. Kalawat, Kabupaten Minahasa Utara, Sulawesi Utara, Indonesia",1.4779437,124.8909537,Kota Manado,Sulawesi Utara
ChIJPXiOPViPlC0RVJxcSm8OtAQ,Alun Alun Kota Polewali,"Pekkabata, Kec. Polewali, Kabupaten Polewali Mandar, Sulawesi Barat 91311, Indonesia",-3.4084829,119.3124461,Kabupaten Polewali Mandar,Sulawesi Barat
ChIJRXockwjWvi0RY3TZtY8Pst8,Wisata Pantai Topejawa,"Topejawa, Kec. Mangarabombang, Kabupaten Takalar, Sulawesi Selatan 92261, Indonesia",-5.5089985,119.430869,Kabupaten Takalar,Sulawesi Selatan
ChIJE8ll5iAreTIReO_8uq1fdB4,Masjid Agung Baiturrahim Gorontalo,"G3Q6+24X, Jl. Raja Eyato, Limba B, Kota Sel., Kota Gorontalo, Gorontalo 96134, Indonesia",0.5376111,123.0603662,Kota Gorontalo,Gorontalo
ChIJXaadtQjzuy0ROqnQDJJLARY,Titik Nol KM Sulsel,"9FHC+4VM, tanjung, Bira, Kec. Bonto Bahari, Kabupaten Bulukumba, Sulawesi Selatan, Indonesia",-5.6221613,120.4721729,Kabupaten Bulukumba,Sulawesi Selatan
ChIJ1z1jr9Q1eDIRxyv2B3-PTK8,Pantai Pohon Cinta,"Wisata Pohon Cinta, Pohuwato Tim., Kec. Marisa, Kabupaten Pohuwato, Gorontalo 96266, Indonesia",0.4495014,121.9481098,Kabupaten Pohuwato,Gorontalo
ChIJgwXQGst2pC0Rkb9zCImxYY8,Benteng Keraton Kesultanan Buton (Negeri Khalifatul Khamis),"GJG2+4W6, Jl. Labuke, Melai, Kec. Murhum, Kota Bau-Bau, Sulawesi Tenggara 93713, Indonesia",-5.474714199999999,122.6022575,Kota Baubau,Sulawesi Tenggara
ChIJ-__pe-J0hzIR3SRPfAcReu8,Taman Berkat (GODBLESS PARK) Manado,"FR8H+WJG, Jl. Piere Tendean, Sario Utara, Kec. Sario, Kota Manado, Sulawesi Utara, Indonesia",1.4673016,124.8290758,Kota Manado,Sulawesi Utara
ChIJZ129EyKhhi0RyqO6oc6Qu1U,Pantai Kilo 5,"Pantai Kilo 5, Jl. Dr. Moh. Hatta, Bukit Mambual, Kec. Luwuk Selatan, Kabupaten Banggai, Sulawesi Tengah, Indonesia",-0.9831849,122.788762,Kabupaten Banggai Laut,Sulawesi Tengah
ChIJAYOhbKchvy0Re-ZGWcM9fLY,Wisata Pantai Bintang Galesong,"Jl. Karaeng Salamaka Kassi Lompo, Boddia, Kec. Galesong, Kabupaten Takalar, Sulawesi Selatan 92255, Indonesia",-5.3294596,119.3559962,Kabupaten Takalar,Sulawesi Selatan
ChIJif3f8yREhzIRH85zFLlR6So,Bukit Kasih Kanonang,"5Q88+49Q, Jl. Kawangkoan-Kanonang, Kanonang Empat, Kec. Kawangkoan Bar., Kabupaten Minahasa, Sulawesi Utara, Indonesia",1.1653281,124.7659944,Kabupaten Minahasa,Sulawesi Utara
ChIJAYhjftAqfzIRQW65iMl5F0A,Kurenai Beach Resort,"Botubarani, Kec. Kabila Bone, Kabupaten Bone Bolango, Gorontalo 96111, Indonesia",0.4782589999999999,123.08986,Kabupaten Bone Bolango,Gorontalo
ChIJwwQWOaO8lS0RDUoust8-3lw,Paputo Beach,"Paputo Beach, Jl. Latassakka, Lumpue, Kec. Bacukiki Bar., Kota Parepare, Sulawesi Selatan 91123, Indonesia",-4.0534349,119.6191624,Kota Parepare,Sulawesi Selatan
ChIJ-QCKPkfUfjIRZwOmnMLlA5Q,Danau Perintis,"Huluduotamo, Kec. Suwawa, Kabupaten Bone Bolango, Gorontalo 96121, Indonesia",0.5457486,123.1444156,Kabupaten Bone Bolango,Gorontalo
ChIJL1UINDl0hzIR9KoY982h0n8,Pantai Malalayang,"Jalan Laut Sulawesi, Malalayang Dua, Kec. Malalayang, Kota Manado, Sulawesi Utara, Indonesia",1.4601924,124.7947918,Kota Manado,Sulawesi Utara
ChIJdzm5KpztmC0RA4bS-kfx1QY,Kendari Beach,"Jl. Sultan Hasanuddin No.27, Punggaloba, Kec. Kendari Bar., Kota Kendari, Sulawesi Tenggara 93123, Indonesia",-3.967271199999999,122.5589815,Kota Kendari,Sulawesi Tenggara
ChIJkbIoicxzhzIRMT6mU2dIxSo,Makatete Hills,"Warembungan, Kec. Pineleng, Kabupaten Minahasa, Sulawesi Utara, Indonesia",1.4291212,124.8252614,Kota Tomohon,Sulawesi Utara
ChIJ7xd7RSehhi0RWv0T2RpeokA,Pantai Kilo Lima,"Pantai Kilo Lima, Jl. Dr. Moh. Hatta No.129, pantai Km5, Kec. Luwuk Selatan, Kabupaten Banggai, Sulawesi Tengah, Indonesia",-0.9860956,122.7922576,Kabupaten Banggai Laut,Sulawesi Tengah
ChIJ_f__1mZXvi0RHxs6cHZvrEU,Dermaga I Rammang-Rammang,"3H8X+W37, Salenrang, Kec. Bontoa, Kabupaten Maros, Sulawesi Selatan 90554, Indonesia",-4.9327154,119.5976602,Kabupaten Maros,Sulawesi Selatan
ChIJfUgFF0fTlS0RKt6lCc9jIjw,Taman Wisata Puncak Bila Sidrap,"Jalan Poros Pare, Bila Riase, Kec. Pitu Riase, Kabupaten Sidenreng Rappang, Sulawesi Selatan 91691, Indonesia",-3.821319699999999,120.0465144,Kabupaten Sidenreng Rappang,Sulawesi Selatan
ChIJ_zAZS3e3iy0RJjEZ24sBBqY,Pantai Tanjung Karang,"Pantai Tanjung Karang, Labuan Bajo, Kec. Banawa, Kabupaten Donggala, Sulawesi Tengah 94351, Indonesia",-0.6450325,119.7375816,Kabupaten Donggala,Sulawesi Tengah
ChIJS88mueNZvi0RMLB7fmKL6Kk,Dermaga Dua Rammang Rammang,"Desa Salendrang, 3JF5+X28, Bontonlempangan, Kec. Bontoa, Kabupaten Maros, Sulawesi Selatan 90554, Indonesia",-4.9250855,119.6075755,Kabupaten Maros,Sulawesi Selatan
ChIJwxSKvZR2pC0RIdxNZRz0wqU,pantai kamali,"Jl. Mayjend. Sutoyo, Wale, Kec. Wolio, Kota Bau-Bau, Sulawesi Tenggara 93717, Indonesia",-5.4546931,122.6071772,Kota Baubau,Sulawesi Tenggara
ChIJq6qqqp7uiy0RknmYlgR32uM,Taman Hutan Kota Palu,"4VJM+7RP, Talise, Kec. Palu Tim., Kota Palu, Sulawesi Tengah 94118, Indonesia",-0.8692753,119.8845838,Kota Palu,Sulawesi Tengah
ChIJsZH6nHiXvi0RUJMr73SVNJM,Sierra Sky View,"Jl. Poros Malino, Pattapang, Kec. Tinggimoncong, Kabupaten Gowa, Sulawesi Selatan 92111, Indonesia",-5.2388878,119.9181563,Kabupaten Gowa,Sulawesi Selatan
ChIJracGux4rfzIRL3lNYvB7IG4,Wisata Hiu Paus Botubarani Gorontalo,"Jl. Trans Sulawesi No.18, Botubarani, Kec. Kabila Bone, Kabupaten Bone Bolango, Gorontalo 96117, Indonesia",0.4746294,123.1011491,Kabupaten Bone Bolango,Gorontalo
ChIJFf-XO6XrmC0RuTfQ5etrJvY,Pulau Wisata Bokori,"Pulau Wisata Bokori, Tapulaga, Soropia, Kabupaten Konawe, Sulawesi Tenggara, Indonesia",-3.9400062,122.6597541,Kabupaten Konawe,Sulawesi Tenggara
ChIJg-99MRtmkC0R5OI0qA7YUuc,Pantai Ide,"F8MR+VWJ, Magani, Kec. Nuha, Kabupaten Luwu Timur, Sulawesi Selatan 92983, Indonesia",-2.5152898,121.3422809,Kabupaten Luwu Timur,Sulawesi Selatan
ChIJyXFuaaYdvy0Rhxrc_82jOog,Pantai Biru,"Tj. Merdeka, Kec. Tamalate, Kota Makassar, Sulawesi Selatan 90224, Indonesia",-5.175832199999999,119.3876499,Kota Makassar,Sulawesi Selatan
ChIJOcIPkuCIlC0RshPQWNrUZpU,Taman dan Pantai Bahari Polewali,"Mammi, Kec. Binuang, Kabupaten Polewali Mandar, Sulawesi Barat, Indonesia",-3.4392793,119.3495065,Kabupaten Polewali Mandar,Sulawesi Barat
ChIJW89vyWsDvy0RixPxznEw7_U,Samalona island,"V8FV+WFM, Lae-Lae, Kec. Ujung Pandang, Kota Makassar, Sulawesi Selatan, Indonesia",-5.1251528,119.3436784,Kota Makassar,Sulawesi Selatan
ChIJz7gM_C2SmC0RuV19EXsGEtc,Kebun Raya Kendari,"XH2G+QV8, Jalan Kebun Raya Nanga-Nanga, Anduonohu, Kec. Poasia, Kota Kendari, Sulawesi Tenggara 93237, Indonesia",-4.0480792,122.5771914,Kota Kendari,Sulawesi Tenggara
ChIJNcuvJAHfvi0RfzDmrzLzQOA,Kebun Denassa (Denassa Botanical Garden),"MC5P+22H, Tamallayang, Kec. Bontonompo, Kabupaten Gowa, Sulawesi Selatan 92153, Indonesia",-5.3424441,119.4351203,Kabupaten Takalar,Sulawesi Selatan
ChIJr7CULFtwpC0ReRBxv7ie8OI,Pantai Nirwana,"Pantai Nirwana, Sulawesi Tenggara, Indonesia",-5.523852799999999,122.5679832,Kota Baubau,Sulawesi Tenggara
ChIJm63s6Y4Ily0Rmpw8UO_GjVc,Danau Biru Kolaka Utara,"73FV+4RM, Walasiho, Kec. Wawo, Kabupaten Kolaka Utara, Sulawesi Tenggara 93552, Indonesia",-3.7271598,121.0945324,Kabupaten Kolaka Utara,Sulawesi Tenggara
ChIJSWaRkqXDky0RoX3_0ANQkQc,Objek Wisata Rante Kalimbuang Bori',"3WJC+3RC, Bori, Kec. Sesean, Kabupaten Toraja Utara, Sulawesi Selatan 91853, Indonesia",-2.9203245,119.9204459,Kabupaten Toraja Utara,Sulawesi Selatan
ChIJcbYwr-zzuy0R0Kz5lCEuPhE,Pantai Tanjung Bira,"9FP4+3P7, Tanjung, Bira, Kec. Bonto Bahari, Kabupaten Bulukumba, Sulawesi Selatan 95752, Indonesia",-5.6148403,120.4567972,Kabupaten Bulukumba,Sulawesi Selatan
ChIJ8cjvaKhfkS0RaKezZVhgDvY,Masjid Jami Tua Palopo,"Jl. Andi Djemma No.88, Batupasi, Kec. Wara Utara, Kota Palopo, Sulawesi Selatan 91911, Indonesia",-2.9941265,120.1953069,Kota Palopo,Sulawesi Selatan
ChIJjeMAfCwThzIRp7ygIFauE4o,Tuur Ma'asering Kumelembuai Tomohon,"Kumelembuay, Kec. Tomohon Tim., Kota Tomohon, Sulawesi Utara 95449, Indonesia",1.3534683,124.8800933,Kota Tomohon,Sulawesi Utara
ChIJ-TQfUWzUfjIRVAXEvoj9g_E,Benteng Ulanta,"Unnamed Road, H44V+P7J, Ulanta, Kec. Suwawa, Kabupaten Bone Bolango, Gorontalo 96113, Indonesia",0.5568333,123.1431421,Kabupaten Bone Bolango,Gorontalo
ChIJGyNjvc7uiy0R1De_cgC70Eg,Gong Perdamaian,"Jl. Soekarno Hatta, Tondo, Kec. Mantikulore, Kota Palu, Sulawesi Tengah 94119, Indonesia",-0.8556908000000001,119.9122483,Kota Palu,Sulawesi Tengah
ChIJU88CqC9Ovi0RSqU_691g05A,Taman Bambu Runcing,"Jl. Cempaka, Padoang Doangan, Kec. Pangkajene, Kabupaten Pangkajene Dan Kepulauan, Sulawesi Selatan 90614, Indonesia",-4.8354523,119.5479131,Kabupaten Pangkajene Dan Kepulauan,Sulawesi Selatan
ChIJ8ZmE4C0Ily0Rr6w1SzGT37s,Pantai Tamborasi,"Tamborasi, Kec. Wolo, Kabupaten Kolaka, Sulawesi Tenggara, Indonesia",-3.759009,121.119701,Kabupaten Kolaka Utara,Sulawesi Tenggara
ChIJDxFgUGK_lC0RfnfCEZSWSLg,Pantai Dato Majene,"Pantai Dato Majene, Dusun Pangale, Baurung, Kec. Banggae Tim., Kabupaten Majene, Sulawesi Barat 91412, Indonesia",-3.5595037,118.9843342,Kabupaten Majene,Sulawesi Barat
ChIJ_UdLPD8kvC0R2_gIi-1Tw1g,Hutan Mangrove Tongke-tongke,"V72F+74V, Tongke-Tongke, Kec. Sinjai Tim., Kabupaten Sinjai, Sulawesi Selatan, Indonesia",-5.1492653,120.2728034,Kabupaten Sinjai,Sulawesi Selatan
ChIJh5xJ6lWghzIRrNwzZv17Aig,GPI Waterpark,"Griya Paniki Indah, Jalan Akasia, Paniki Bawah",1.5310721,124.9052271,Kota Manado,Sulawesi Utara
ChIJJ-oTHJ-7lS0RJ5kYA1C2CEg,Kebun Raya Jompie Kota Parepare,"2J3R+6X2, Jl. Industri Kecil, Bukit Harapan, Kec. Soreang, Kota Parepare, Sulawesi Selatan 91100, Indonesia",-3.996984,119.6423786,Kota Parepare,Sulawesi Selatan
ChIJR03wwKEqeTIR3q4KVLC5JCY,Taman Wisata Tangga 2000,"G345+Q3F, Pohe, Kec. Hulonthalangi, Kabupaten Gorontalo, Gorontalo 96133, Indonesia",0.5069393,123.0576773,Kabupaten Bone Bolango,Gorontalo
ChIJnfyr65_1ly0RzFB-XZlzBnc,Wisata Kuliner Kab.Kolaka,"WJM4+VMW, Wiskul, Kec. Kolaka, Sulawesi Tenggara 93511, Indonesia",-4.065254700000001,121.6067165,Kabupaten Kolaka,Sulawesi Tenggara
ChIJjzmSo5VshzIRZOrwfyBflGQ,Menara Alfa Omega,"Jln. RAYA TOMOHON DEPAN MENARA ALFA OMEGA CENTURY MART LT.1, Kamasi, Kec. Tomohon Tengah, Kota Tomohon, Sulawesi Utara 95441, Indonesia",1.3256138,124.838817,Kota Tomohon,Sulawesi Utara
ChIJJz-L7CFUlC0R42WOTwjtfqw,Pantai Harapan Ammani,"Pantai harapan ammani, Mattiro Tasi, Kec. Mattiro Sompe, Kabupaten Pinrang, Sulawesi Selatan 91261, Indonesia",-3.7620264,119.4858786,Kabupaten Pinrang,Sulawesi Selatan
ChIJ91z60qd0hzIRBwNdza95res,CitraLand WaterPark Manado,"CitraLand City of Blessings, Jl. Royal Mansion 2, Winangun Satu, Kec. Malalayang, Kota Manado, Sulawesi Utara, Indonesia",1.4416774,124.8471904,Kota Manado,Sulawesi Utara
ChIJx3134APzky0Rt5ZyBs6sgEU,Pango-Pango Makale,"VR3H+RX5, Kelurahan Pasang, Kec. Makale Sel., Kabupaten Tana Toraja, Sulawesi Selatan 91815, Indonesia",-3.1454757,119.829969,Kabupaten Tana Toraja,Sulawesi Selatan
ChIJMybIUEoTlC0R-9JZz4BETSc,Dante Pine,"HQ3R+GVP, Tanete, Kec. Anggeraja, Kabupaten Enrekang, Sulawesi Selatan 91752, Indonesia",-3.4461625,119.7922182,Kabupaten Enrekang,Sulawesi Selatan
ChIJu0mhuPKjhi0RLWlEswKsITw,Bukit Keles,"3Q6X+CCF, Jl. Batu Gn., Bungin, Luwuk, Kabupaten Banggai, Sulawesi Tengah 94711, Indonesia",-0.9389276999999998,122.7985586,Kabupaten Banggai Laut,Sulawesi Tengah
ChIJH_NkN1aNmC0RsK9XNAWAtiw,CitraLand Waterpark,"2G4P+5H3, Anduonohu, Kec. Poasia, Kota Kendari, Sulawesi Tenggara 93231, Indonesia",-3.9946029,122.5364375,Kota Kendari,Sulawesi Tenggara
ChIJAQAAAKxshzIRS0eiMlhjY4k,Bukit Doa Mahawu,"8VX2+H2G, Kakaskasen Tiga, Kec. Tomohon Utara, Kota Tomohon, Sulawesi Utara, Indonesia",1.348938,124.850092,Kota Tomohon,Sulawesi Utara
ChIJoYrxBJtImC0RudCdBDvrAtI,Tugu Adipura,"Jl. Abd Silondae No.656, Ambekairi, Kec. Unaaha, Kabupaten Konawe, Sulawesi Tenggara 93415, Indonesia",-3.8630556,122.0519444,Kabupaten Kolaka Timur,Sulawesi Tenggara
ChIJoYmmdGzlvS0R539x44azkzI,Tanjung Pallette,"G96W+V62, Jl. Tj. Raya No.1, Pallette, Kec. Tanete Riattang Tim., Kabupaten Bone, Sulawesi Selatan 90126, Indonesia",-4.4909484,120.3985996,Kabupaten Bone,Sulawesi Selatan
ChIJpVexH3Tivi0R2gWAvWT_7HI,Benteng Somba Opu,"Jl. Daeng Tata, Benteng Somba Opu, Kec. Barombong, Kota Makassar, Sulawesi Selatan 90224, Indonesia",-5.189921,119.4015934,Kota Makassar,Sulawesi Selatan
ChIJgZV-eIntky0RMLFusi_J-FY,Monumen Patung Lakipadada,"VVW2+2VR, Bombongan, Kec. Makale, Kabupaten Tana Toraja, Sulawesi Selatan 91817, Indonesia",-3.1048897,119.8521277,Kabupaten Tana Toraja,Sulawesi Selatan
ChIJhY_QShzsiy0RKxokmswUvbk,Pantai Kampung Nelayan,"Jl. Kaombona, Talise, Kec. Mantikulore, Kota Palu, Sulawesi Tengah 94118, Indonesia",-0.8644854,119.8774722,Kota Palu,Sulawesi Tengah
ChIJlZej4947eTIR-jg3ec6DR9E,Monumen B.J. Habibie,"JRXV+VX6, Jl. Trans Sulawesi, Tolotio, Kec. Tibawa, Kabupaten Gorontalo, Gorontalo 96251, Indonesia",0.6496675,122.844877,Kabupaten Gorontalo,Gorontalo
ChIJ6a6WZ6kCvy0RE9nL8dWbm_s,Monumen Mandala Pembebasan Irian Barat,"Jl. Jend. Sudirman, Sawerigading, Kec. Ujung Pandang, Kota Makassar, Sulawesi Selatan 90115, Indonesia",-5.1376499,119.4137133,Kota Makassar,Sulawesi Selatan
ChIJT1VBZHk9vi0RznvGDmnILMg,Lappa Laona,"CQP6+WHC, Harapan, Kec. Tanete Riaja, Kabupaten Barru, Sulawesi Selatan 90762, Indonesia",-4.5626829,119.7613837,Kabupaten Pangkajene Dan Kepulauan,Sulawesi Selatan
ChIJHytM-PBqhzIRRnmSYV7rqdk,Danau Linow,"Danau Linow, Lahendong, Kec. Tomohon Sel., Kota Tomohon, Sulawesi Utara, Indonesia",1.2708333,124.8263889,Kabupaten Minahasa,Sulawesi Utara
ChIJMeMk7QjWvi0Rw_0UBpRgdNM,Pantai Topejawa Takalar,"Pantai Topejawa Takalar, Topejawa, Kec. Mangarabombang, Kabupaten Takalar, Sulawesi Selatan 92261, Indonesia",-5.509035,119.431049,Kabupaten Takalar,Sulawesi Selatan
ChIJ_wmqbxF1hzIRbJQd11yHsVA,Wisata Bahari Kawasan Megamas,"Jl. Laksda John Lie, Titiwungan Utara, Kec. Sario, Kota Manado, Sulawesi Utara, Indonesia",1.4831445,124.8329269,Kota Manado,Sulawesi Utara
ChIJtezan8C8lS0RHuRG8Fw7kMg,Pantai Lumpue,"Jl. Pinggir Laut No.18, Lumpue, Kec. Bacukiki Bar., Kota Parepare, Sulawesi Selatan 91123, Indonesia",-4.057028799999999,119.622249,Kota Parepare,Sulawesi Selatan
ChIJ_______bfjIRZ_Me_0s9EiU,Taman Laut Olele,"Olele, Kec. Kabila Bone, Kabupaten Bone Bolango, Gorontalo 96553, Indonesia",0.4100429,123.1525524,Kabupaten Bone Bolango,Gorontalo
ChIJQyUDZ53VeDIRm2mp-Ohmsuo,WISATA TAMENDAO BEACH,"Jl. R. Atje Slamet, Leato Utara, Kec. Kota Tim., Kota Gorontalo, Gorontalo, Indonesia",0.5002305000000001,123.0674662,Kabupaten Bone Bolango,Gorontalo
ChIJn3YGCWUYvi0Rtt1qKNSetmY,Permandian Lereng Hijau Bulu Dua,"FRR3+474, Gattareng Toa, Kec. Mario Riwawo, Kabupaten Soppeng, Sulawesi Selatan 90862, Indonesia",-4.509727499999999,119.8031945,Kabupaten Pangkajene Dan Kepulauan,Sulawesi Selatan
ChIJ6cLuMBoMhC0RNHktQSk3adc,Danau Paisu Pok Luk Panenteng,"Luk Panenteng, Kec. Bulagi Utara, Kabupaten Banggai Kepulauan, Sulawesi Tengah 94882, Indonesia",-1.2164024,122.9727297,Kabupaten Banggai Laut,Sulawesi Tengah
ChIJqT4eSZcShzIRzLAguxvcXb0,Puncak Tetetana Suluan,"9VCQ+9Q3, Suluan, Kec. Tombulu, Kabupaten Minahasa, Sulawesi Utara, Indonesia",1.3708998,124.8894221,Kota Tomohon,Sulawesi Utara
ChIJ19ALlHPpmC0RLuiVH3QXZ40,Pantai Toronipa,"Pantai Toronipa, Unnamed Road, Toronipa, Soropia, Kabupaten Konawe, Sulawesi Tenggara 93351, Indonesia",-3.8973773,122.6650554,Kabupaten Konawe,Sulawesi Tenggara
ChIJqZoEpypavi0R0LkNhrEEeIE,Taman Purbakala Sumpang Bita,"Balocci Baru, Kec. Balocci, Kabupaten Pangkajene Dan Kepulauan, Sulawesi Selatan 90661, Indonesia",-4.911637199999999,119.6493393,Kabupaten Maros,Sulawesi Selatan
ChIJEcAsbmNCji0Rzqno5J5L3XY,Air Terjun Saluopa,"6GXR+3M6, Leboni, Pamona Pusalemba, Kabupaten Poso, Sulawesi Tengah 94663, Indonesia",-1.7523353,120.5416256,Kabupaten Poso,Sulawesi Tengah
ChIJHz8emWvtmC0Rx1DjdMgopxU,Taman Teratai,"2HM4+CJX, Jl. Edy Sabara, Punggaloba, Kec. Kendari Bar., Kota Kendari, Sulawesi Tenggara 93122, Indonesia",-3.966396199999999,122.5566111,Kota Kendari,Sulawesi Tenggara
ChIJBbuY8lMdvy0RX39HvUEWA0E,RM Bahari,"Jl. Yosep Latumahina No.18, Losari, Kec. Ujung Pandang, Kota Makassar, Sulawesi Selatan 90112, Indonesia",-5.146155600000001,119.4114343,Kota Makassar,Sulawesi Selatan
ChIJ5-tJWokdvy0RsnxbtOGeFKM,Pantai Indah Bosowa,"R9PQ+46G, Tj. Merdeka, Kec. Tamalate, Kota Makassar, Sulawesi Selatan 90224, Indonesia",-5.164686,119.3880937,Kota Makassar,Sulawesi Selatan
ChIJZdZ_AkErfzIRdDGqZXqQu9o,Pantai Botutonuo,"C4XG+MVQ Pantai Wisata Botutonuo, Botutonuo, Kec. Kabila Bone, Kabupaten Bone Bolango, Gorontalo, Indonesia",0.4469501,123.1259472,Kabupaten Bone Bolango,Gorontalo
ChIJA_o35qbivi0RJ9Fv-OayZBI,Wisata Malino,"PRRV+XHR, Jl. Malino, Malino, Kec. Tinggimoncong, Kabupaten Gowa, Sulawesi Selatan 92174, Indonesia",-5.2575223,119.8438982,Kabupaten Gowa,Sulawesi Selatan
ChIJe2rKsqD2lS0RgVsbU_yoi0s,Permandian Alam Ompo,"MV9J+FWW, Ompo, Kec. Lalabata, Kabupaten Soppeng, Sulawesi Selatan 90814, Indonesia",-4.3312604,119.8823394,Kabupaten Barru,Sulawesi Selatan
ChIJq-X_cEN1hzIR79-BTLPE6go,Tokong Ban Hin Kiong,"FRVV+HWW, Jl. D. I. Panjaitan, Calaca, Kec. Wenang, Kota Manado, Sulawesi Utara, Indonesia",1.4939788,124.8448175,Kota Manado,Sulawesi Utara
ChIJGz8OBM71iy0Rfj06_F5bFoo,Danau Tambing,"M8F5+CH4, Jl. Poros Palu- Kulawi, Kota Pulu, Kabupaten Sigi, Sulawesi Tengah 94362, Indonesia",-1.3264795,120.3089622,Kabupaten Poso,Sulawesi Tengah
ChIJO5T96iAThzIRmynZFuGsfgY,Taman Wisata Puncak Rurukan Tomohon,"8VRH+WXX, Rurukan Satu, Kec. Tomohon Tim., Kota Tomohon, Sulawesi Utara, Indonesia",1.3423731,124.8799707,Kota Tomohon,Sulawesi Utara
ChIJ2wIX9_D1uy0RTcHldmcXYko,Apparallang,"FC7X+2W3, Dusun Kadien, Ara, Kec. Bonto Bahari, Kabupaten Bulukumba, Sulawesi Selatan, Indonesia",-5.5374781,120.4497936,Kabupaten Bulukumba,Sulawesi Selatan
ChIJAQAAAACLly0R_GFhfOb3sqk,Pantai Mandra Kolaka,"WHQR+JF9, Lamokato, Kec. Kolaka, Sulawesi Tenggara, Indonesia",-4.0609654,121.5912308,Kabupaten Kolaka,Sulawesi Tenggara
ChIJ24LRjditvi0RMCo2wEbI6Ek,Permandian Eremerasa Ermes bantaeng,"G294+846, Desa, Kampala, Kec. Eremerasa, Kabupaten Bantaeng, Sulawesi Selatan 92415, Indonesia",-5.4817149,120.0052547,Kabupaten Bantaeng,Sulawesi Selatan
ChIJC5kz2gyfmC0RJ-cNwqLkfKs,Air Terjun Moramo,"QPHW+M27, Sumber Sari, Kec. Moramo, Kabupaten Konawe Selatan, Sulawesi Tenggara 93891, Indonesia",-4.2208421,122.7450313,Kabupaten Buton Utara,Sulawesi Tenggara
ChIJu0yujfdUuS0RuzNpcqpDVco,Pantai Marina Bantaeng,"Pantai Marina Bantaeng, Baruga, Kec. Pajukukang, Kabupaten Bantaeng, Sulawesi Selatan 92561, Indonesia",-5.5850848,120.1006085,Kabupaten Bantaeng,Sulawesi Selatan
ChIJpS9GSL5shzIRD09tfzyjP64,Taman Kota Tomohon,"8RGR+7MW, Paslaten Satu, Kec. Tomohon Tim., Kota Tomohon, Sulawesi Utara, Indonesia",1.3257295,124.8416959,Kota Tomohon,Sulawesi Utara
ChIJ_ab0wUXivi0RHJOu2ATg7i4,Masjid Tua Al-Hilal Katangka,"Jl. Syech Yusuf No.57, Katangka, Kec. Somba Opu, Kabupaten Gowa, Sulawesi Selatan 92114, Indonesia",-5.190696,119.451227,Kota Makassar,Sulawesi Selatan
ChIJZ3-Uft8lvC0Rq3k6Cmz66kQ,Benteng Balangnipa,"Jl. Sungai Tangka, Balangnipa, Kec. Sinjai Utara, Kabupaten Sinjai, Sulawesi Selatan 92614, Indonesia",-5.116867699999999,120.2628809,Kabupaten Sinjai,Sulawesi Selatan
ChIJ9y-rAu_jvi0R77EsNZ5ujJY,Bukit Samata,"QFXW+MV5 Uin samata, Samata, Makassar, Kabupaten Gowa, Sulawesi Selatan 92113, Indonesia",-5.2008732,119.4972238,Kota Makassar,Sulawesi Selatan
ChIJcUTohz_fvi0RO8LpKcUmkGE,Rumah Hijau Denassa,"Jl. Borongtala No.58 A, Tamallayang, Kec. Bontonompo, Kabupaten Gowa, Sulawesi Selatan 92153, Indonesia",-5.3465581,119.4409863,Kabupaten Takalar,Sulawesi Selatan
ChIJ_XQdTJCzhzIRf38NlUjEzck,Pantai Pulisan Sulawesi Utara,"Pantai Pulisan Sulawesi Utara, Pulisan, Kec. Likupang Tim., Kabupaten Minahasa Utara, Sulawesi Utara, Indonesia",1.6823783,125.1469885,Kabupaten Minahasa Utara,Sulawesi Utara
ChIJ81_z1moreTIRexN-2rpoP8I,Planet Waterboom,"Limba U Dua, Kota Sel., Kota Gorontalo, Gorontalo 96138, Indonesia",0.5521572,123.0536688,Kota Gorontalo,Gorontalo
ChIJkxx8dOVekS0R2ys7p7SnL7g,Pantai Labombo,"X6X8+C5F, Salekoe, Kec. Wara Tim., Kota Palopo, Sulawesi Selatan 91921, Indonesia",-3.0014498,120.2154088,Kota Palopo,Sulawesi Selatan
ChIJe0tQtOa7lS0R2GAIPAytN54,Anjungan Cempae,"Watang Soreang, Kec. Soreang, Kota Parepare, Sulawesi Selatan 91132, Indonesia",-3.993069,119.63313,Kota Parepare,Sulawesi Selatan
ChIJA0kKqiS6hi0RuLFU4rJwXl8,Air Terjun Salodik,"Jl. Trans Sulawesi, Salodik, Luwuk, Kabupaten Banggai, Sulawesi Tengah 94716, Indonesia",-0.8306992999999999,122.8698003,Kabupaten Banggai Laut,Sulawesi Tengah
ChIJl82S9TKDgDIRILgGDTa_scE,Pantai Jiko / Patokan,"JH98+967, Nuangan, Kec. Nuangan, Kabupaten Bolaang Mongondow Timur, Sulawesi Utara, Indonesia",0.6184005,124.5655572,Kabupaten Bolaang Mongondow Timur,Sulawesi Utara
ChIJ1TbgjsKliC0RdM5c5qajz8k,Permandian Malotong,"Jl. Sam Ratulangi No.45, Malotong, Kec. Ampana Kota, Kabupaten Tojo Una-Una, Sulawesi Tengah 94683, Indonesia",-0.8855095,121.5228291,Kabupaten Tojo Una-Una,Sulawesi Tengah
ChIJxT46hx1NlC0RO9Nn6zNIr4Y,Pinrang Waterboom,"Jl. Basuki Rahmat, Macorawalie, Kec. Watang Sawitto, Kabupaten Pinrang, Sulawesi Selatan 91212, Indonesia",-3.799061,119.6498638,Kabupaten Pinrang,Sulawesi Selatan
ChIJBYBFbl0vvi0R4M4YozpgbJ0,Pantai Laguna,"GH4V+XJ2, Pao-Pao, Kec. Tanete Rilau, Kabupaten Barru, Sulawesi Selatan 90761, Indonesia",-4.492610000000001,119.594005,Kabupaten Pangkajene Dan Kepulauan,Sulawesi Selatan
ChIJSXBr4pv_uy0RldvDggWfGg0,Hutan Kota Bulukumba,"C5RX+V8X, Terang-Terang",-5.5577687,120.1983549,Kabupaten Bulukumba,Sulawesi Selatan
ChIJoefGjHszoS0RRZbKItzZJ2k,Goa Air Kontamale,"Jl. Poros Wandoka Lingk. Teekosapi, MGJM+QW2, Pongo, Kec. Wangi-Wangi, Kabupaten Wakatobi, Sulawesi Tenggara 93791, Indonesia",-5.318101,123.5347544,Kabupaten Wakatobi,Sulawesi Tenggara
ChIJXSGc16O7iy0RRvWDmWC7jas,Pantai Bonebula,"Unnamed Road, Towale, Banawa Tengah, Donggala Regency, Central Sulawesi 94351, Indonesia",-0.7049470999999999,119.670027,Kabupaten Donggala,Sulawesi Tengah
ChIJga-116_rdTIRWxyR3FGPBO0,Pantai Bambahano,"Malonas, 6R9X+9X8, Damsol, Kabupaten Donggala, Sulawesi Tengah 94356, Indonesia",0.2184164,119.8499618,Kabupaten Donggala,Sulawesi Tengah
ChIJsZOU3EcOpC0RPSmqo-GnCkU,Wisata Kali Biru,"FRPR+4M4, Jl. Pangeran Limboro, Banabungi, Kec. Ps. Wajo, Kabupaten Buton, Sulawesi Tenggara 93754, Indonesia",-5.5147279,122.8416964,Kabupaten Buton,Sulawesi Tenggara
ChIJRyVvVcz9vi0R95nuXzlghno,Wisata Mangrove Lantebung,"Jl. Lantebung, Bira, Kec. Tamalanrea, Kota Makassar, Sulawesi Selatan 90243, Indonesia",-5.0782972,119.4662363,Kota Makassar,Sulawesi Selatan
ChIJ5TNelQsdvy0REm7ELucBeTE,Anjungan Pantai Losari,"Losari Kec. Ujung Pandang, VC44+GX6, Panambungan, Kec. Mariso, Kota Makassar, Sulawesi Selatan 90113, Indonesia",-5.1437016,119.4073769,Kota Makassar,Sulawesi Selatan
ChIJpaA-Me1thzIRK7gCSxQ_NqM,Kai'santi Garden,"Jl. Woloan Kayawu, Woloan Dua, Kec. Tomohon Bar., Kota Tomohon, Sulawesi Utara, Indonesia",1.3227858,124.8043599,Kota Tomohon,Sulawesi Utara
ChIJHTPJTWcVhzIR0b2xciddy-Q,Benteng Moraya,"7WR5+795, Tuutu, Kec. Tondano Bar., Kabupaten Minahasa, Sulawesi Utara, Indonesia",1.2907294,124.9084092,Kota Tomohon,Sulawesi Utara
ChIJe2EfJ-DCky0RYtrWoFcMd9g,Museum Ne' Gandeng,"3WCX+59J Malakiri, Tagari, Kec. Balusu, Kabupaten Toraja Utara, Sulawesi Selatan 91853, Indonesia",-2.9295454,119.9484051,Kabupaten Toraja Utara,Sulawesi Selatan
ChIJ74EgxVxPlC0REheBsEXVBLQ,Bendung Benteng,"8M6G+RPF, Sungai Sadang, Benteng, Kec. Patampanua, Kabupaten Pinrang, Sulawesi Selatan 91252, Indonesia",-3.6879304,119.6767957,Kabupaten Pinrang,Sulawesi Selatan
ChIJ32l--ET9vi0RLYLutp0lvcI,Monumen Korban 40.000 Jiwa,"Jalan Korban 40000 Jiwa, Wala-Walaya, La'latang, Kec. Tallo, Kota Makassar, Sulawesi Selatan 90214, Indonesia",-5.1298185,119.4324252,Kota Makassar,Sulawesi Selatan
ChIJnW7EdJz7vi0RTx9wyyJUsik,Maros Highland,"Dusun Salu, Pattontongan, Kabupaten Maros",-5.1303928,119.5786061,Kota Makassar,Sulawesi Selatan
ChIJDYKwRtGjhi0RigaDto7dyOE,Air Terjun Pialaa,"3Q2C+22W, Hanga-Hanga, Luwuk, Kabupaten Banggai, Sulawesi Tengah 94713, Indonesia",-0.9498957,122.770063,Kabupaten Banggai Laut,Sulawesi Tengah
ChIJIQC_mAJrhzIRGAnCykFVwa8,Narwastu Hills Resort,"Jl. Wawo, Matani III, Kec. Tomohon Tengah, Kota Tomohon, Sulawesi Utara 95441, Indonesia",1.302137,124.8473274,Kota Tomohon,Sulawesi Utara
ChIJ76y0hv7zuy0RVghGCm1cCwc,"Pantai Bara, Bulukumba","Bira, Kec. Bonto Bahari, Kabupaten Bulukumba, Sulawesi Selatan, Indonesia",-5.608268100000001,120.4389893,Kabupaten Bulukumba,Sulawesi Selatan
ChIJXyB9ZJG7iy0RvO9mLncEzX0,Pusat Laut Donggala,"Pusat Laut Donggala, Towale, Kec. Banawa Tengah, Kabupaten Donggala, Sulawesi Tengah 94351, Indonesia",-0.7096954,119.6668974,Kabupaten Donggala,Sulawesi Tengah
ChIJMyGIk06gizIRLuoDyhLtnd0,Pulau Sangihe,"Pulau Sangihe, Kabupaten Kepulauan Sangihe, Sulawesi Utara, Indonesia",3.5303212,125.5438967,Kabupaten Kepulauan Sangihe,Sulawesi Utara
ChIJ16IiUgFrhzIRAOgrDEF3c-g,Wisata Hutan Pinus Dan Pemandian Air Panas,"7RMF+J7C, Jalan Lahendong, Lahendong, Kec. Tomohon Sel., Kota Tomohon, Sulawesi Utara, Indonesia",1.2840548,124.8231333,Kabupaten Minahasa,Sulawesi Utara
ChIJC4Kf8qjBky0RBzhiCIHQC9s,Pongtorra - Puncak Tertinggi Lolai,"3R7V+868, Sikuku, Kec. Kapala Pitu, Kabupaten Toraja Utara, Sulawesi Selatan 91854, Indonesia",-2.9367062,119.843091,Kabupaten Tana Toraja,Sulawesi Selatan
ChIJy5feM_mmiC0RgL92kGk4XZg,Taman JH Ampana,"4HMG+9JH, Uentanaga Bawah, Kec. Ampana Kota, Kabupaten Tojo Una-Una, Sulawesi Tengah 94683, Indonesia",-0.8665525,121.5766194,Kabupaten Tojo Una-Una,Sulawesi Tengah
ChIJj5DCgy3qlS0RspI9KN0UHiw,Rumah Adat Sao Mario,"jl.poros, VV7C+R6C, pangkajenne-soppeng, Laringgi, Kec. Marioriawa, Kabupaten Soppeng, Sulawesi Selatan 90852, Indonesia",-4.136045699999999,119.8710785,Kabupaten Soppeng,Sulawesi Selatan
ChIJ81_Pc-rtiy0RTIPc4fpO97c,Hutan Taman kota,"4VHH+R9Q, Jl. Jabal Nur, Talise, Kec. Mantikulore, Kota Palu, Sulawesi Tengah 94118, Indonesia",-0.8704244000000001,119.8784949,Kota Palu,Sulawesi Tengah
ChIJIYZJGMmQvi0RqD5iv2oEcoM,Air Terjun Bantimurung Gallang,"Pao, Kec. Tombolo Pao, Kabupaten Gowa, Sulawesi Selatan, Indonesia",-5.182729999999999,119.9467463,Kabupaten Gowa,Sulawesi Selatan
ChIJGX4zuJxfkS0R8U-CRGObz5Q,Lapangan Pancasila palopo,"Kantor DPRD, Baso Rahim, Jl. Andi Tadda No.2, Tompotika, Kec. Wara, Kota Palopo, Sulawesi Selatan 91921, Indonesia",-3.0090916,120.2006238,Kota Palopo,Sulawesi Selatan
ChIJp_O_bzLIlS0Rp3cjhcdCpn0,Taman Usman Isa,"Jl. Jenderal Ahmad Yani, Pangkajene, Kec. Maritengngae, Kabupaten Sidenreng Rappang, Sulawesi Selatan 91611, Indonesia",-3.9282864,119.8012778,Kabupaten Pinrang,Sulawesi Selatan
ChIJPygZ5RCIlC0RL4APYmw2B5w,Wisata Alam Salu Pajaan,"HCM3+HH9, Batetangnga, Kec. Binuang, Kabupaten Polewali Mandar, Sulawesi Barat 91312, Indonesia",-3.4160753,119.4039903,Kabupaten Polewali Mandar,Sulawesi Barat
ChIJP5KgYqUCvy0RIg7X3JnjBKA,Museum Kota Makassar,"Jl. Balaikota No.11, Baru, Kec. Ujung Pandang, Kota Makassar, Sulawesi Selatan 90171, Indonesia",-5.1345968,119.4086261,Kota Makassar,Sulawesi Selatan
ChIJrVwCBpwBhzIRd1XNAVltn-M,Patung Cakalang Bitung,"C5WG+3CF, Bitung Bar. Satu, Kec. Maesa, Kota Bitung, Sulawesi Utara, Indonesia",1.4451955,125.176058,Kota Bitung,Sulawesi Utara
ChIJFy95csPtmC0RxywHaTQBGdg,Wisata Anjungan Teluk Kendari,"Jl. Ir. H. Alala, Tipulu, Kec. Kendari Bar., Kota Kendari, Sulawesi Tenggara, Indonesia",-3.9677211,122.552394,Kota Kendari,Sulawesi Tenggara
ChIJn9mQqtkBhzIRmKLKw49o9oo,Kebun Binatang Tandurusa,"F646+2Q9, Aertembaga Dua, Aertembaga, Kota Bitung, Sulawesi Utara, Indonesia",1.4550379,125.2119887,Kota Bitung,Sulawesi Utara
ChIJyVJOTUvsiy0R8NtZ82L9eR4,Masjid Arqam Baburahman,"4V83+9HC, Jl. Cumi-Cumi, Lere, Kec. Palu Bar., Kota Palu, Sulawesi Tengah 94111, Indonesia",-0.8840646999999999,119.8538874,Kota Palu,Sulawesi Tengah
ChIJ-zKCTWCllS0Rjb3yVvau-vo,Menralo Beach & Resort,"Dusun Menralo, Wiringtasi, Kabupaten Pinrang",-3.9993282,119.5895162,Kota Parepare,Sulawesi Selatan
ChIJq6qqqi8hvy0R1TsbD1lX4o4,Permandian Taman Wisata Rita,"Bonto Kanang, Kec. Galesong Sel., Kabupaten Takalar, Sulawesi Selatan, Indonesia",-5.351483399999999,119.3632924,Kabupaten Takalar,Sulawesi Selatan
ChIJFVxc1rXtiy0RlRQTQ9JP0pE,Sou Raja Cagar Budaya Banua Oge,"4V64+C98, Jl. Pangeran Hidayat, Lere, Kec. Palu Bar., Kota Palu, Sulawesi Tengah 94221, Indonesia",-0.8889713,119.855952,Kota Palu,Sulawesi Tengah
ChIJXea6zDTJhy0Ryob-pcHI1Ik,Taman Nasional Kepulauan Togean,"HV7X+VXP, Wakai, Sulawesi Tengah, Indonesia",-0.4352753,121.8999561,Kabupaten Tojo Una-Una,Sulawesi Tengah
ChIJN6HdDbAdvy0RfgRh2_kWt5g,Pantai Tanjung Layar Putih,"Unnamed Road, Tanjung Merdeka, Tamalate, Makassar City, South Sulawesi 90225, Indonesia",-5.1913364,119.3824746,Kota Makassar,Sulawesi Selatan
ChIJU4SwWwijhzIRLgwB9H4u6VM,Desa Wisata Budo,"Unnamed Road, Budo, Wori, Kabupaten Minahasa Utara, Sulawesi Utara, Indonesia",1.626926,124.8799402,Kabupaten Minahasa Utara,Sulawesi Utara
ChIJA_KgHNMElC0RUomG4ortaQY,Gunung Latimojong,"Gunung Latimojong, To'lajuk, Kec. Latimojong, Kabupaten Luwu, Sulawesi Selatan, Indonesia",-3.385,120.0241666,Kabupaten Enrekang,Sulawesi Selatan
ChIJT8pMOHe3iy0RPkclhtJKetA,Donggala Tanjung Karang Beach,"9P3Q+JMV, Labuan Bajo, Kec. Banawa, Kabupaten Donggala, Sulawesi Tengah 94351, Indonesia",-0.6458929,119.7391815,Kabupaten Donggala,Sulawesi Tengah
ChIJd07l-gPsky0ROZmLYepQjWc,Kuburan Batu Lemo,"XV4G+XWW, Lemo, Kec. Makale Utara, Kabupaten Tana Toraja, Sulawesi Selatan 92119, Indonesia",-3.0425204,119.8773275,Kabupaten Tana Toraja,Sulawesi Selatan
ChIJB41blu6Kky0Rtv7q-cl0l30,Kebun Raya Massenrempulu,"Jl. Poros Sidrap Endrekang Tator KM.22, Karrang, Kec. Cendana, Kabupaten Enrekang, Sulawesi Selatan 91711, Indonesia",-3.705197799999999,119.7992858,Kabupaten Pinrang,Sulawesi Selatan
ChIJa7mHB0j0uy0RcWnD_bUB4M0,Pantai Marumasa,"CFF5+VQ2, Darubiah, Kec. Bonto Bahari, Kabupaten Bulukumba, Sulawesi Selatan 92571, Indonesia",-5.5753658,120.4593842,Kabupaten Bulukumba,Sulawesi Selatan
ChIJh8W8LUU9fjIRKqdcL7Fo7WY,Patung Bogani,"P8Q9+X3X, Jalan Ratahan, Kotamobagu, Kec. Kotamobagu Bar., Kota Kotamobagu, Sulawesi Utara 95716, Indonesia",0.7399915,124.3177482,Kota Kotamobagu,Sulawesi Utara
ChIJFbg0aIlSeDIRa1ScV9xEbpc,Pantai Bolihutuo,"Bolihutuo, Kec. Botumoito, GORONTALO, Gorontalo 96264, Indonesia",0.4761137,122.1972045,Kabupaten Boalemo,Gorontalo
ChIJY07_N53_uy0RizPBzz_yRVw,Taman Cekkeng Bulukumba,"C6W3+JF2 Taman Cekkeng, Ela-Ela, Kec. Ujung Bulu, Kabupaten Bulukumba, Sulawesi Selatan, Indonesia",-5.553485999999999,120.2036459,Kabupaten Bulukumba,Sulawesi Selatan
ChIJdd_TY2v0uy0R297s-xozVeA,Tanjung Bira,"Tanjung Bira, Bira, Kec. Bonto Bahari, Kabupaten Bulukumba, Sulawesi Selatan, Indonesia",-5.58843,120.4606247,Kabupaten Bulukumba,Sulawesi Selatan
ChIJeUo7OAcovi0RqzxgIRl_4rY,Pantai Ujung Batu,"HJR2+MPF, Jl. Ladullah, Sumpang Binangae, Kec. Barru, Kabupaten Barru, Sulawesi Selatan 90712, Indonesia",-4.4083153,119.6018042,Kabupaten Pangkajene Dan Kepulauan,Sulawesi Selatan
ChIJ-YSP9irfvi0RkkXfP2_PdGg,Taman Cinta Palleko,"1, Jl. Hj Manila Dg Pati Palleko, Malewang, Kec. Polombangkeng Utara, Kabupaten Takalar, Sulawesi Selatan 92221, Indonesia",-5.3566949,119.4624899,Kabupaten Takalar,Sulawesi Selatan
ChIJ73KT8xDpvi0Rl1YJO8thhPo,Parangloe Waterfall,"QMC7+F7P, Belapunranga, Kec. Parangloe, Kabupaten Gowa, Sulawesi Selatan 92173, Indonesia",-5.2287813,119.6632167,Kabupaten Takalar,Sulawesi Selatan
ChIJVVVVVZUkvi0RA3nnXL5q0Tg,Celebes Canyon,"FPX8+MG7, Libureng, Kec. Tanete Riaja, Kabupaten Barru, Sulawesi Selatan 90762, Indonesia",-4.5008477,119.7163053,Kabupaten Pangkajene Dan Kepulauan,Sulawesi Selatan
ChIJw5_ui-3KlS0RIE1CODcIa5g,Monumen Bambu Runcing Rappang,"5R48+CF6, Rappang, Kec. Panca Rijang, Kabupaten Sidenreng Rappang, Sulawesi Selatan 91651, Indonesia",-3.8439671,119.8161365,Kabupaten Pinrang,Sulawesi Selatan
ChIJ9YSATF2TmC0R5kfNwf1ayuc,Pantai Nambo,"Pantai Nambo, Nambo, Abeli, Kendari City, South East Sulawesi 93238, Indonesia",-4.0014536,122.6166158,Kota Kendari,Sulawesi Tenggara
ChIJXTcpHW1VhjIRVG7FA65viP4,Pantai Batuangus,"G66W+738, Kasawari, Aertembaga, Kota Bitung, Sulawesi Utara, Indonesia",1.5106737,125.2452175,Kota Bitung,Sulawesi Utara
ChIJNSdzOHomvC0RDsVrZCi7xS4,Taman Purbakala Batu Pake Gojeng,"Jl. Veteran, Biringere, Kec. Sinjai Utara, Kabupaten Sinjai, Sulawesi Selatan 92611, Indonesia",-5.1297074,120.2444294,Kabupaten Sinjai,Sulawesi Selatan
ChIJb3wqazE1hzIRONZK8BaWkAg,Pantai Lumintang Bentenan Ratahan,"XVXR+MJM, Bentenan Satu, Pusomaen, Kabupaten Minahasa Tenggara, Sulawesi Utara 95997, Indonesia",0.9992036,124.8915565,Kabupaten Minahasa Tenggara,Sulawesi Utara
ChIJazcVbYRfiS0R4xedH42NQvY,Taman Budaya Hasan Bahasyuan Masigi,"55Q9+F32, Jl. Telkom, Masigi, Kec. Parigi, Kabupaten Parigi Moutong, Sulawesi Tengah 94471, Indonesia",-0.8113302000000001,120.1662437,Kabupaten Donggala,Sulawesi Tengah
ChIJd29aXN5lkC0RHeYUneEM2JY,Pantai Molino Tapuondau,"Jl. Lamattulia, Sorowako, Kec. Nuha, Kabupaten Luwu Timur, Sulawesi Selatan 92983, Indonesia",-2.5255705,121.3881687,Kabupaten Luwu Timur,Sulawesi Selatan
ChIJkVDDNZPBiy0RXF22dIbsG7A,Taipa Beach,"6V96+354, Jl. Taipa Beach, Taipa, Kec. Palu Utara, Kota Palu, Sulawesi Tengah 94141, Indonesia",-0.7823595999999999,119.8604392,Kota Palu,Sulawesi Tengah
ChIJ_6bX7JXtiy0RlLsoL3FnFxM,Museum Negeri Provinsi Sulawesi Tengah - Palu,"Jl. Kemiri No.23, Kamonji, Kec. Palu Bar., Kota Palu, Sulawesi Tengah 94111, Indonesia",-0.9023819,119.8538748,Kota Palu,Sulawesi Tengah
ChIJHWTKznqokS0RI_-LWx9Dtkc,Pantai Lemo,"9P7G+WHG, Mabonta, Kec. Burau, Kabupaten Luwu Timur, Sulawesi Selatan 92975, Indonesia",-2.6365123,120.7231831,Kabupaten Luwu Utara,Sulawesi Selatan
ChIJ1ZBMU7Y2oS0Rx1AXkt7h0D4,Pantai Cemara,"Pantai Cemara, Jl. Raya, Sombu, Wangi-Wangi Sel., Kabupaten Wakatobi, Sulawesi Tenggara 93791, Indonesia",-5.2614874,123.5199772,Kabupaten Wakatobi,Sulawesi Tenggara
ChIJ9yG7GazVeDIRZTHRUer5M9w,Dulanga Beach,"F2WH+3G4, Bongo, Kec. Batudaa Pantai, Kabupaten Gorontalo, Gorontalo 96132, Indonesia",0.4945251000000001,123.0287939,Kabupaten Bone Bolango,Gorontalo
ChIJuysuSmallS0RF2pb6voApAo,Wisata Pantai Lowita,"Wisata Pantai Lowita, Tasiwalie, Kec. Suppa, Kabupaten Pinrang, Sulawesi Selatan 91272, Indonesia",-3.9772639,119.5778333,Kabupaten Pinrang,Sulawesi Selatan
ChIJFzIoZMWSvi0RygyTpu9NweY,Air Terjun Pung Bunga Bonto Manurung,"Desa Bontomanurung, Kecamatan Tompobulu, RRX2+X8F, Bonto Somba, Kec. Tompobulu, Kabupaten Maros, Sulawesi Selatan 90561, Indonesia",-5.150060600000001,119.8007993,Kabupaten Gowa,Sulawesi Selatan
ChIJ8ZlGULB_oy0RZS4Sd1H7z_4,Pantai Mutiara,"J839+GWQ, Gumamano, Kec. Mawasangka, Kabupaten Buton, Sulawesi Tenggara 93762, Indonesia",-5.3961726,122.3198462,Kabupaten Bombana,Sulawesi Tenggara
ChIJD-R4Mt4qfzIRPAj484Euv5Y,Whale Shark Gorontalo,"Botubarani, Kec. Kabila Bone, Kabupaten Bone Bolango, Gorontalo 96117, Indonesia",0.4743134,123.1006784,Kabupaten Bone Bolango,Gorontalo
ChIJXaMQ95z_uy0Rftfn_VFlirM,Cekkeng Nursery,"C6V2+WGQ, Terang-Terang",-5.5551529,120.2013697,Kabupaten Bulukumba,Sulawesi Selatan
ChIJ2x3qApaLoy0RCjEF99fk664,Wisata Batu Sori,"MJ7X+HCJ, Jl. Kolagana, Palabusa, Kec. Bungi, Kota Bau-Bau, Sulawesi Tenggara 93758, Indonesia",-5.3360338,122.6485148,Kabupaten Buton Selatan,Sulawesi Tenggara
ChIJF1-ajwNXvi0RzELhRybnFsc,Taman Batu Rammang-Rammang,"3H9X+WXW, Salenrang, Kec. Bontoa, Kabupaten Maros, Sulawesi Selatan 90554, Indonesia",-4.930136,119.5999578,Kabupaten Maros,Sulawesi Selatan
ChIJc9xg18BXkS0R-Wc7DatCp_g,Wisata Alam Wai Tiddo,"Bukit Harapan, Kec. Bua, Kabupaten Luwu, Sulawesi Selatan 91991, Indonesia",-3.1319384,120.2062464,Kabupaten Luwu,Sulawesi Selatan
ChIJh-A7Mei6gDIRSaQ-SWQjNh0,Pantai Lakban Ratatotok,"Pantai Lakban Ratatotok, East Ratatotok, Ratatotok, North Sulawesi 95997, Indonesia",0.8492183,124.7086886,Kabupaten Minahasa Tenggara,Sulawesi Utara
ChIJm95ra5qqeTIRI-nSh6-J-eY,Alun Alun Tilamuta,"G8HW+M9R, Limbato, Kec. Tilamuta, Kabupaten Boalemo, Gorontalo 96263, Indonesia",0.5292315,122.3458914,Kabupaten Boalemo,Gorontalo
ChIJvSR35jO3vi0RcQ1R0J-jlC0,Lembah Hijau Rumbia Resort,"HV6G+RGP, Tompobulu, Kabupaten Jeneponto",-5.4379073,119.8763313,Kabupaten Bantaeng,Sulawesi Selatan
ChIJbVySAz5YkC0Re3ltEhqjm0Q,Tanggul Bantaran Sungai Malili,"937W+MR6, tanggul, Kec. Malili, Kabupaten Luwu Timur, Sulawesi Selatan 91981, Indonesia",-2.6358251,121.0970244,Kabupaten Luwu Timur,Sulawesi Selatan
ChIJS2Mop9mghi0R2IgfFWGS_Tw,Taman Pantai mahaas,"2Q6V+6RJ, Jl. Dr. Moh. Hatta, Kec. Luwuk Selatan, Kabupaten Banggai, Sulawesi Tengah, Indonesia",-0.98942,122.79451,Kabupaten Banggai Laut,Sulawesi Tengah
ChIJoahah8FyhzIRmi_Q_ZKlRl8,Air Terjun Kali,"Unnamed Road, 9RJP+3CM, Tinoor Satu, Kec. Tomohon Utara, Kota Tomohon, Sulawesi Utara, Indonesia",1.380209,124.8360365,Kota Tomohon,Sulawesi Utara
ChIJvyp-MLKNmC0Rnh_v0sKZNdQ,Tugu Adibahasa,"XF7W+RP3, Baruga, Kec. Baruga, Kota Kendari, Sulawesi Tenggara 93116, Indonesia",-4.0354945,122.4967841,Kota Kendari,Sulawesi Tenggara
ChIJj9qOuW91hzIREPCRa-m4SzQ,Malalayang Beach Walk,"FQ6Q+5XX, Jl. Wolter Monginsidi No.83, Malalayang Dua, Kec. Malalayang, Kota Manado, Sulawesi Utara 95162, Indonesia",1.461522,124.7881996,Kota Manado,Sulawesi Utara
ChIJM10VeEdavi0RFhf9CrmapFA,Tonasa Park,"4J5P+34F, Tonasa, Kec. Balocci, Kabupaten Pangkajene Dan Kepulauan, Sulawesi Selatan 90661, Indonesia",-4.8923248,119.6353003,Kabupaten Maros,Sulawesi Selatan
ChIJ75ytWd9ekS0RIUe5wDvqxDQ,Taman Segitiga Binturu Palopo (I Love Palopo),"X6Q4+33X, Binturu, Kec. Wara Sel., Kota Palopo, Sulawesi Selatan 91923, Indonesia",-3.0122731,120.2052445,Kota Palopo,Sulawesi Selatan
ChIJyRqTOnILhzIRwJDsKjgt9v4,BENDUNGAN KUWIL KAWANGKOAN,"Jl. Kuwil - Kalawat, Kawangkoan, Kabupaten Minahasa Utara",1.4462266,124.9320354,Kota Manado,Sulawesi Utara
ChIJ0axvt03Vvi0RU2HTJDqkGLc,Pantai Barugaya Punaga,"CC8J+QP6, Punaga, Kec. Mangarabombang, Kabupaten Takalar, Sulawesi Selatan 92261, Indonesia",-5.5830778,119.4317734,Kabupaten Takalar,Sulawesi Selatan
ChIJ9_lu9sF6hzIRaUNk-lnjJbM,Pantai Mangatasik,"Mangatasik, Tanahwangko, Ranowangko, Kec. Tombariri, Kabupaten Minahasa Selatan, Sulawesi Utara, Indonesia",1.3940797,124.6581148,Kabupaten Minahasa,Sulawesi Utara
ChIJWx4rk1TtmC0R3Gy2qxNcK5s,Parkiran Sederhana (POS 1 menuju Puncak Victo & Air Terjun Amarilis),"Jl. Kodya, Watu-Watu, Kec. Kendari Bar., Kota Kendari, Sulawesi Tenggara 93873, Indonesia",-3.9586813,122.5420459,Kota Kendari,Sulawesi Tenggara
ChIJ2bGMnSIThzIR0ZmYHkp3MhU,Puncak Temboan Rurukan,"Bar., 8VPM+HQW, Masarang, Kec. Tondano Bar., Kabupaten Minahasa, Sulawesi Utara, Indonesia",1.3364809,124.8844624,Kota Tomohon,Sulawesi Utara
ChIJ6WR-NNUOhzIRAuETTgAoOCk,Monumen Kaki Dian Minahasa Utara,"CXPV+P6M, Airmadidi Atas, Kec. Airmadidi, Kabupaten Minahasa Utara, Sulawesi Utara, Indonesia",1.4368343,124.9930476,Kabupaten Minahasa,Sulawesi Utara
ChIJFSWH81T9vi0RU8qwJcyfpRE,Vihara Girinaga,"Jl. G. Salahutu II No.11, Mardekaya Utara, Kec. Makassar, Kota Makassar, Sulawesi Selatan 90144, Indonesia",-5.1409996,119.4226574,Kota Makassar,Sulawesi Selatan
ChIJm2ARhY1Zvi0RScrNpe7O8Rw,Wisata Dolli Bungaeja,"Tukamasea, Kec. Bantimurung, Kabupaten Maros, Sulawesi Selatan 90561, Indonesia",-4.949449,119.6541998,Kabupaten Maros,Sulawesi Selatan
ChIJSaKNmij-eDIRaOhLadIeIYo,Pantai Ratu,"Tenilo, Kec. Tilamuta, Kabupaten Boalemo, Gorontalo, Indonesia",0.5054229,122.4126164,Kabupaten Boalemo,Gorontalo
ChIJIWkMExq-vi0RmmaU-GEFO9k,Air Terjun Ketemu Jodoh,"PVF8+W47, Bonto Lerung, Kec. Tinggimoncong, Kabupaten Gowa, Sulawesi Selatan 92174, Indonesia",-5.2752227,119.8652957,Kabupaten Gowa,Sulawesi Selatan
ChIJzSi5rm7hvi0RyCFiCGmw1T4,Rainbow Garden Gowa,"Jl. Dato Ripanggentungang, Tamarunang, Kabupaten Gowa",-5.2144368,119.4758409,Kota Makassar,Sulawesi Selatan
ChIJq4Fl004_hzIR2ibpy2vl1E0,Danau Tondano,"Danau Tondano, Kabupaten Minahasa, Sulawesi Utara, Indonesia",1.2236791,124.8955195,Kabupaten Minahasa,Sulawesi Utara
ChIJseKsAsbnvi0RLKQR3RysTmU,Ekowisata Butta Gowa Resort - Wisata Alam Bili-Bili,"Jl. Malino, Bontoparang, Kec. Parangloe, Kabupaten Gowa, Sulawesi Selatan 92173, Indonesia",-5.2552374,119.5850699,Kabupaten Takalar,Sulawesi Selatan
ChIJAZqhf6JflC0RHKTVJnjP0KA,Pantai Al Fath Stira Paradise,"Kampung Serang, Data, Kec. Duampanua, Kabupaten Pinrang, Sulawesi Selatan 91251, Indonesia",-3.6029916,119.4964763,Kabupaten Polewali Mandar,Sulawesi Barat
ChIJeX4hZjfzlS0ROkZaQ5rdV6Y,Takae Highland,"Unnamed Road, Pising, Kec. Donri Donri, Kabupaten Soppeng, Sulawesi Selatan 90853, Indonesia",-4.2873687,119.858953,Kabupaten Barru,Sulawesi Selatan
ChIJG3XCqPlthzIRPf5Vdqxjmek,Taman Wisata Pelangi,"Jalan Gunung Lokon, Kakaskasen Dua, Kec. Tomohon Utara, Kota Tomohon, Sulawesi Utara, Indonesia",1.3534723,124.8100516,Kota Tomohon,Sulawesi Utara
ChIJcQzd97mJlC0RSL8nuZ39_ZM,Polman Waterboom,"Rea, Kec. Binuang, Kabupaten Polewali Mandar, Sulawesi Barat 91312, Indonesia",-3.4455059,119.3899435,Kabupaten Polewali Mandar,Sulawesi Barat
ChIJdYjT72H_dTIRimL1vwZ7Zak,Tugu Khatulistiwa Sulawesi Tengah,"232V+6VV, Jl. Trans Sulawesi, Khatulistiwa, Kec. Tinombo Sel., Kabupaten Parigi Moutong, Sulawesi Tengah 94475, Indonesia",0.0006205,120.0946626,Kabupaten Parigi Moutong,Sulawesi Tengah
ChIJIcNDoECTmi0RjGqHJmB60n4,Taman Kota Fonuasingko,"GW9P+V9V, Bente, Kec. Bungku Tengah, Kabupaten Morowali, Sulawesi Tengah 94973, Indonesia",-2.4802513,121.9359225,Kabupaten Morowali,Sulawesi Tengah
ChIJtXCXd-H2uy0Rv1p5JoheR0k,Pantai Lemo-Lemo,"Pantai Lemo-Lemo, Tanah Lemo, Kec. Bonto Bahari, Kabupaten Bulukumba, Sulawesi Selatan 92571, Indonesia",-5.5845552,120.3925898,Kabupaten Bulukumba,Sulawesi Selatan
ChIJEYYfy1_Yki0Rj1XsHjIt2Ao,Puncak Mamuju(Kelapa Tujuh),"8W32+RRF, Rimuku, Kec. Mamuju, Kabupaten Mamuju, Sulawesi Barat 91511, Indonesia",-2.6954326,118.9020477,Kabupaten Mamuju,Sulawesi Barat
ChIJv-Y6KP-Qoi0RXQg8euFeZEo,Taman Nasional Rawa Aopa Watumohai,"Kantor Balai Taman Nasional Rawa Aopa Watumohai, Tatangge, Tinanggea, Kabupaten Konawe Selatan, Sulawesi Tenggara 93885, Indonesia",-4.4383319,121.8732554,Kabupaten Konawe Selatan,Sulawesi Tenggara
ChIJ7W3_zLAzuS0RRrstfxOGPrA,Jeneponto Waterpark,"Tonrokassi Tim., Kec. Tamalatea, Kabupaten Jeneponto, Sulawesi Selatan 92351, Indonesia",-5.6248149,119.659528,Kabupaten Jeneponto,Sulawesi Selatan
ChIJRQPxr8mfhzIROs5o5FpPdbw,Rumah Makan Tepi Pantai,"Jl. Boulevard II, Bitung Karangria, Kec. Tuminting, Kota Manado, Sulawesi Utara 95239, Indonesia",1.5098449,124.8440006,Kota Manado,Sulawesi Utara
ChIJ7xHrNABthzIRLM2SoPGd0F0,Kilapong hills,"8VC5+4JQ, Matani Satu, Kec. Tomohon Tengah, Kota Tomohon, Sulawesi Utara, Indonesia",1.3203299,124.8591142,Kota Tomohon,Sulawesi Utara
ChIJxxnGbkW1iy0Ra4tIZFAoHYo,Pantai Enu,"FQ8H+73G, Enu, Kec. Sindue, Kabupaten Donggala, Sulawesi Tengah 94353, Indonesia",-0.5343224999999999,119.7776907,Kabupaten Donggala,Sulawesi Tengah
ChIJwTuOcDOfhzIRXq2emm5JEiQ,Taman Hutan Raya Gunung Tumpa H. V. Worang,"HR7M+49C, Tongkeina, Kec. Bunaken, Kota Manado, Sulawesi Utara, Indonesia",1.5628181,124.833402,Kota Manado,Sulawesi Utara
ChIJwSYFXhRqhzIRtJYe27DF2SI,Taman Wisata Toar Lumimuut,"Tounelet, Kabupaten Minahasa",1.2550742,124.778319,Kabupaten Minahasa,Sulawesi Utara
ChIJGTJCx04KizIRUZhRYRwlIus,Taman Malahasa Kota Tahuna,"Tim, JG64+3F8, Tona II, Kec. Tahuna Tim., Kabupaten Kepulauan Sangihe, Sulawesi Utara, Indonesia",3.6101708,125.5062079,Kabupaten Kepulauan Sangihe,Sulawesi Utara
ChIJ8UppAtHSvS0RtT9v-X1RPjY,Pantai Tete,"Gulf of Boni, Kec. Tonra, Kabupaten Bone, Sulawesi Selatan, Indonesia",-4.944374499999999,120.3055924,Kabupaten Sinjai,Sulawesi Selatan
ChIJxULGNOi6li0RRB3IXaujkco,Taman Andi Benni Belopa,"J939+J4M, Senga, Kec. Belopa, Kabupaten Luwu, Sulawesi Selatan 91994, Indonesia",-3.3959058,120.3677971,Kabupaten Luwu,Sulawesi Selatan
ChIJ85p28LG9vi0REVu3MskXkE4,Lembah Ramma,"Bonto Lerung, Kec. Tinggimoncong, Kabupaten Gowa, Sulawesi Selatan 92174, Indonesia",-5.2960723,119.9154899,Kabupaten Gowa,Sulawesi Selatan
ChIJ7ZxP8HPzmC0REU-OrUlDVdI,Mantara Waterpark Kendari,"2F94+X9F, Abeli Dalam, Kec. Puuwatu, Kota Kendari, Sulawesi Tenggara, Indonesia",-3.980051699999999,122.4559186,Kota Kendari,Sulawesi Tenggara
ChIJWxmPqMMVhzIRiyS35N3GIsw,Ketama Adventure Park,"Touliang Oki, Kec. Eris, Kabupaten Minahasa, Sulawesi Utara, Indonesia",1.2652048,124.9366797,Kabupaten Minahasa,Sulawesi Utara
ChIJCS5i9cLmoi0RwLIa6xF4lwI,RTH Bombana,"63G2+VX5, Jl. Yos Sudarso Poros, Kasipute, Kec. Rumbia, Kabupaten Bombana, Sulawesi Tenggara 93771, Indonesia",-4.7728586,122.0524839,Kabupaten Muna Barat,Sulawesi Tenggara
ChIJac4rFFXVeDIR_LEix89qktw,Taman Wisata Religius Bubohu,"F2WM+R7C, Unnamed Road, Bongo, Kec. Batudaa Pantai, Kabupaten Gorontalo, Gorontalo 96132, Indonesia",0.4989780999999999,123.0331749,Kabupaten Bone Bolango,Gorontalo
ChIJGdsvEbuzvi0RBxcD4tgfXUI,Air Terjun Bissappu,"FWQ6+4XJ, Bonto Salluang, Kec. Bissappu, Kabupaten Bantaeng, Sulawesi Selatan 92451, Indonesia",-5.512162099999999,119.9123891,Kabupaten Bantaeng,Sulawesi Selatan
ChIJn3O3sS5avi0R-I54mB-dLQI,Danau Hijau Balocci,"3JVV+M8M, Balocci Baru, Kec. Balocci, Kabupaten Pangkajene Dan Kepulauan, Sulawesi Selatan 90661, Indonesia",-4.9057867,119.6432932,Kabupaten Maros,Sulawesi Selatan
ChIJMz3W9paRli0REh0F9hhBLko,Pantai Ponnori,"9CC7+RMW Gulf of Boni, Ponnori, Temboe, Kec. Larompong Sel., Kabupaten Luwu, Sulawesi Selatan 91998, Indonesia",-3.6287208,120.4159773,Kabupaten Wajo,Sulawesi Selatan
ChIJtSVHfX27lS0RkrVSYEq0uDw,Masjid Terapung B.J. Habibie,"Cappa Galung, Kec. Bacukiki Bar., Kota Parepare, Sulawesi Selatan, Indonesia",-4.0372965,119.6250646,Kota Parepare,Sulawesi Selatan
ChIJEQTXcR4ChzIRf1hVfFyHqZI,Tugu Trikora,"Batulubang, Lembeh Island, Kota Bitung, Sulawesi Utara, Indonesia",1.4320218,125.1976851,Kota Bitung,Sulawesi Utara
ChIJC5OgOZzmji0RpWEEzBtWHZI,Pantai Imbo,"Pantai Imbo, Tegal Rejo, Kec. Poso Kota Utara, Kabupaten Poso, Sulawesi Tengah, Indonesia",-1.3698134,120.775858,Kabupaten Poso,Sulawesi Tengah
ChIJjzNDkVTpky0RElzQUHrNjfI,Kolam Renang Alam Tilanga,"XV7P+WW2, Unnamed Rd, Sarira, Kec. Makale Utara, Kabupaten Tana Toraja, Sulawesi Selatan 91852, Indonesia",-3.035244,119.8872707,Kabupaten Tana Toraja,Sulawesi Selatan
ChIJ4enP9kJKeDIRbKZ72a9vk_U,Pantai Libuo,"F298+5PF, Libuo, Kec. Paguat, Kabupaten Pohuwato, Gorontalo, Indonesia",0.4679313,122.0167984,Kabupaten Boalemo,Gorontalo
ChIJf16wiHL0uy0Rdv0OqkX3aLc,Pantai Panrangluhu,"Pantai Panrangluhu, Bontobahari, Bulukumba Regency, South Sulawesi 92571, Indonesia",-5.594315099999999,120.4613646,Kabupaten Bulukumba,Sulawesi Selatan
ChIJiUC7rVqokS0RMpFZWKVsYkQ,Pantai Ujung Suso,"Pantai Ujung Suso, Mabonta, Kec. Burau, Kabupaten Luwu Timur, Sulawesi Selatan, Indonesia",-2.6369678,120.745883,Kabupaten Luwu Utara,Sulawesi Selatan
ChIJ-9BXydFrhzIROCqDyWbP_80,Mah'watu,"Lahendong, Kec. Tomohon Sel., Kota Tomohon, Sulawesi Utara, Indonesia",1.2676926,124.8202581,Kabupaten Minahasa,Sulawesi Utara
ChIJ2fANERNzpC0R9nBpcrvk-3A,Hutan Pinus Samparona,"GM5Q+J62, Unnamed Rd, Kaisabu Baru, Kec. Sorawolio, Kota Bau-Bau, Sulawesi Tenggara 93715, Indonesia",-5.4909994,122.6880265,Kota Baubau,Sulawesi Tenggara
ChIJzbirwBurmS0RoK6SW0slLP0,Air Panas Wawolesea,"8833+F8W, Wawolesea, Kec. Lasolo, Kabupaten Konawe Utara, Sulawesi Tenggara 93352, Indonesia",-3.6962617,122.3033268,Kabupaten Konawe,Sulawesi Tenggara
ChIJtfYT6aD9vi0RJ7fHIgAeyw4,Kompleks Makam Raja-Raja Tallo,"VCWW+R6V, Jl. Sultan Abdullah Raya, Tallo, Kec. Tallo, Kota Makassar, Sulawesi Selatan 90212, Indonesia",-5.1028762,119.4455574,Kota Makassar,Sulawesi Selatan
ChIJN-a11knLuy0RcHUzrgxHDFc,Taman Pelangi,"VFM5+R9G, Benteng Sel., Kec. Benteng, Kab. Kepulauan Selayar, Sulawesi Selatan 92812, Indonesia",-6.1154331,120.4584659,Kabupaten Kepulauan Selayar,Sulawesi Selatan
ChIJNQzZwmjLiy0RnUwFZMFP-pc,Pantai Wisata Pangi Masaingi,"CQ8R+82Q, Masaingi, Kec. Sindue, Kabupaten Donggala, Sulawesi Tengah 94353, Indonesia",-0.5841723,119.7901157,Kabupaten Donggala,Sulawesi Tengah
ChIJRTlFLeTVvi0RiDLvEfcxuUM,Takalar Beach Waterboom,"FCJM+GV3, Topejawa, Kec. Mangarabombang, Kabupaten Takalar, Sulawesi Selatan 92261, Indonesia",-5.5187409,119.434663,Kabupaten Takalar,Sulawesi Selatan
ChIJh6r7odQbvC0R55VUMrtuMhY,Kawasan Adat Kajang Ammatoa,"Tanah Toa, Kec. Kajang, Kabupaten Bulukumba, Sulawesi Selatan 92574, Indonesia",-5.3219881,120.2959252,Kabupaten Bulukumba,Sulawesi Selatan
ChIJTbbqzkq5iy0RJJ1otKNlmp4,Kura-kura beach,"Boneoge, Kec. Banawa, Kabupaten Donggala, Sulawesi Tengah, Indonesia",-0.6531395999999999,119.7260598,Kabupaten Donggala,Sulawesi Tengah
ChIJr6ctj1oJvC0RMyWoo_FWM3Q,Permandian Alam Limbua,"GCJG+XWC, Ekatiro, Kec. Bonto Tiro, Kabupaten Bulukumba, Sulawesi Selatan, Indonesia",-5.467573799999999,120.4272714,Kabupaten Bulukumba,Sulawesi Selatan
ChIJJ6oMC7ACvy0Rd2H4ib1EHkQ,Museum La Galigo,"Jl. Ujung Pandang No.2, Bulo Gading, Kec. Ujung Pandang, Kota Makassar, Sulawesi Selatan 90221, Indonesia",-5.133697499999999,119.405334,Kota Makassar,Sulawesi Selatan
ChIJwwyFvsC4iy0RA5uUbaoqBOw,Kawasan ekowisata eduwisata mangrove GONENGATI JAYA kabonga besar Donggala,"Jl. Trans Palu-Donggala, Kabonga Besar, Kec. Banawa, Kabupaten Donggala, Sulawesi Tengah 94351, Indonesia",-0.7039664999999999,119.7660296,Kabupaten Donggala,Sulawesi Tengah
ChIJ14eVsmoreTIRCJxOlBXV4Qk,Taman Lahilote,"Jl. Drs. Achmad Nadjamuddin No.35, Limba U Dua, Kota Sel., Kota Gorontalo, Gorontalo 96138, Indonesia",0.5519297,123.0555861,Kota Gorontalo,Gorontalo
ChIJjdqm7O3mlS0RjMRtFaV1HNY,Taman Jet Tempur,"V23M+M5V, Maddukelleng, Kec. Tempe, Kabupaten Wajo, Sulawesi Selatan 90918, Indonesia",-4.1457748,120.0329247,Kabupaten Soppeng,Sulawesi Selatan
ChIJ90FW-v_Bky0R7HNFINjJqS0,Danau Limbong,"2VMJ+R9Q, Mentirotiku, Kec. Rantepao, Kabupaten Toraja Utara, Sulawesi Selatan 91833, Indonesia",-2.9654063,119.8809849,Kabupaten Tana Toraja,Sulawesi Selatan
ChIJZcbRf6OJky0RqX1Vmf0Oz2U,Objek Wisata Ollon Toraja,"Ollon, QMC8+6VP, Jl. Ollon, Bau, Kec. Bonggakaradeng, Kabupaten Tana Toraja, Sulawesi Selatan 91872, Indonesia",-3.2283055,119.6668326,Kabupaten Tana Toraja,Sulawesi Selatan
ChIJ-WDTCRAKvC0RyFWB9zY4zBQ,Pantai Mandala Ria,"Pantai Mandala Ria, Lembanna, Kec. Bonto Bahari, Kabupaten Bulukumba, Sulawesi Selatan, Indonesia",-5.5200583,120.4473083,Kabupaten Bulukumba,Sulawesi Selatan
ChIJYf-bWo71iy0Rnh_OtP4bPmk,Air Terjun Wera,"XV42+55V, Balumpewa, Kec. Dolo Bar., Kabupaten Sigi, Sulawesi Tengah 94362, Indonesia",-1.0445177,119.8504168,Kabupaten Pasangkayu,Sulawesi Barat
ChIJFYkF_7ptvi0R-Jgm34zSOPY,Hutan Pinus Bulu Tanah,"Bulu Tanah, Kec. Lappariaja, Kabupaten Bone, Sulawesi Selatan 92763, Indonesia",-4.7202344,119.9011391,Kabupaten Maros,Sulawesi Selatan
ChIJ5f2YXpJUhC0Rw0goLO77P6w,Pantai Minahaki,"G93Q+V97, Kec. Toili, Kabupaten Banggai, Sulawesi Tengah, Indonesia",-1.495333,122.3884191,Kabupaten Banggai,Sulawesi Tengah
ChIJT99q-DFxhzIRRfbtZ7muDac,Pantai Bulo,"CPPR+WJC, Kalasey Satu, Kec. Pineleng, Kabupaten Minahasa, Sulawesi Utara, Indonesia",1.4373097,124.7415295,Kabupaten Minahasa,Sulawesi Utara
ChIJpZo7rHW_lC0RzALN18y_YFI,Pantai Barane Majene,"FX3W+FJR, Baurung, Kec. Banggae Tim., Kabupaten Majene, Sulawesi Barat, Indonesia",-3.546272,118.996506,Kabupaten Majene,Sulawesi Barat
ChIJQ_9ucZ5fiS0R7VsPswcJb4U,Parigi Toraranga Park,"55PG+5M5, Loji, Kec. Parigi, Kabupaten Parigi Moutong, Sulawesi Tengah 94471, Indonesia",-0.8146230999999999,120.176734,Kabupaten Donggala,Sulawesi Tengah
ChIJD78JS-XmlS0RID_dXpXaED4,Masjid Agung Ummul Quraa,"Jalan Mesjid Raya, V25J+VGX, Sengkang, Tempe, Siengkang, Wajo, Kabupaten Wajo, Sulawesi Selatan 90914, Indonesia",-4.1402585,120.0313522,Kabupaten Soppeng,Sulawesi Selatan
ChIJj1uMmPPhli0RhCXnkWHNdjI,Masjid Agung Kolaka Utara,"GV2F+HHV, Jl. Yunus, Makkajareng, Kec. Lasusua, Kabupaten Kolaka Utara, Indonesia",-3.4985037,120.8739227,Kabupaten Kolaka Utara,Sulawesi Tenggara
ChIJ7wkExu1avi0RncaqKfweWZM,Wisata Leang Lonrong,"4JQP+6M6, Panaikang, Kec. Minasatene, Kabupaten Pangkajene Dan Kepulauan, Sulawesi Selatan 90661, Indonesia",-4.861952899999999,119.636627,Kabupaten Pangkajene Dan Kepulauan,Sulawesi Selatan
ChIJm3UFN90jhzIR-gPSPEjIo58,Ranowangko Beach Resort,"625R+Q5Q Pantai Ranowangko, Kayubesi, Kecamatan Kombi, Kabupaten Minahasa, Sulawesi Utara, Indonesia",1.209462,125.0404724,Kabupaten Minahasa,Sulawesi Utara
ChIJh9FeRXOxhzIRIMTcai0iFCo,Kawasan Wisata Pantai Surabaya,"M474+QJ6, Jl. Likupang-Girian, Wineru, Kec. Likupang Tim., Kabupaten Minahasa Utara, Sulawesi Utara, Indonesia",1.6644095,125.1065074,Kabupaten Minahasa Utara,Sulawesi Utara
ChIJ8xRxqO3Wki0RA3TZcK-ZJOA,Tapandullu Beach,"Tapandullu, Kec. Simboro Dan Kepulauan, Kabupaten Mamuju, Sulawesi Barat, Indonesia",-2.6692129,118.79267,Kabupaten Mamuju,Sulawesi Barat
ChIJiegSuEzBky0R2DXeXKSCPSA,Puncak Dipomelo Pindan,"3R9Q+MHM, Kapala Pitu, Kec. Kapala Pitu, Kabupaten Toraja Utara, Sulawesi Selatan 91854, Indonesia",-2.9307853,119.8389319,Kabupaten Tana Toraja,Sulawesi Selatan
ChIJAQRd7SK7lS0RPqgOJVFOqis,Taman Syariah,"XJQG+F5G, Jl. Ganggawa, Ujung Sabbang, Kec. Ujung, Kota Parepare, Sulawesi Selatan 91114, Indonesia",-4.0113188,119.6254438,Kota Parepare,Sulawesi Selatan
ChIJYTZNMLbmlS0RfHOQuAs7RCY,Saoraja La Tenri Bali,"V325+G85, Attakkae, Kec. Tempe, Kabupaten Wajo, Sulawesi Selatan 90918, Indonesia",-4.1487461,120.0583554,Kabupaten Soppeng,Sulawesi Selatan
ChIJUScVhsg1eDIRaEbLbu0iopg,Mangrove Eco Resort,"FX25+RCP, Pohuwato Tim., Kec. Marisa, Kabupaten Pohuwato, Gorontalo 96265, Indonesia",0.4520907,121.9585724,Kabupaten Pohuwato,Gorontalo
ChIJ_bckBreyvi0Ryrj97w6WLTQ,Museum Balla Lompoa Bantaeng,"CXX3+XJ3, Jl. Raya Lanto, Letta, Kec. Bantaeng, Kabupaten Bantaeng, Sulawesi Selatan 92411, Indonesia",-5.550110900000001,119.95406,Kabupaten Bantaeng,Sulawesi Selatan
ChIJDXw822RshzIRifp92LVzxa0,Amphitheater Woloan,"8RC6+653, Woloan Satu Utara, Kec. Tomohon Bar., Kota Tomohon, Sulawesi Utara, Indonesia",1.3205041,124.8104239,Kota Tomohon,Sulawesi Utara
ChIJ6f5B74IrfzIRNlOjMqFEymk,Pantai Wisata Botutonuo,"Pantai Wisata Botutonuo, Botutonuo, Kabila Bone, Bone Bolango Regency, Gorontalo, Indonesia",0.4469501,123.1259472,Kabupaten Bone Bolango,Gorontalo
ChIJffrMOh_wiy0RX6lG-VIIPUQ,Kawasan Wisata Tahura Kapopo Ngatabaru,"3XH3+M6R, Ngatabaru, Kec. Sigi Biromaru, Kabupaten Sigi, Sulawesi Tengah 94116, Indonesia",-0.9207513,119.95302,Kota Palu,Sulawesi Tengah
ChIJIZ6tkk3dki0RklC__I1WcDU,Pantai Lombang Lombang,"C2HM+4C8, Sinyonyoi, Kec. Kalukku, Kabupaten Mamuju, Sulawesi Barat 91561, Indonesia",-2.5722242,119.0335866,Kabupaten Mamuju,Sulawesi Barat
ChIJhVSletELvC0Rak1SSfEBNCc,Pantai Samboang,"Samboang Lingk. Erelebu Timur Kel, Ekatiro, Kec. Bonto Tiro, Kabupaten Bulukumba, Sulawesi Selatan 92572, Indonesia",-5.4882266,120.4437308,Kabupaten Bulukumba,Sulawesi Selatan
ChIJ2Sdb9ZIDvi0R20HT-zzSfN4,Permandian alam citta,"Citta, Kec. Citta, Kabupaten Soppeng, Sulawesi Selatan 90861, Indonesia",-4.4342526,120.0319416,Kabupaten Bone,Sulawesi Selatan
ChIJ0ZGD9QZfkS0R9JhAR8cYOmk,Istana Langkanae Luwu,"Jl. Landau No.18, Batupasi, Kec. Wara Utara, Kota Palopo, Sulawesi Selatan 91911, Indonesia",-2.9952509,120.1959665,Kota Palopo,Sulawesi Selatan
ChIJZ8XteQppkC0RVA7dYHiuD_s,Danau Matano,"Danau Matano, Kec. Nuha, Kabupaten Luwu Timur, Sulawesi Selatan, Indonesia",-2.4915087,121.3770336,Kabupaten Luwu Timur,Sulawesi Selatan
ChIJL66Tyd1rhzIR_8VjJy_egK0,Air Terjun Tumimperas,"7QWJ+496, Pinaras, Kec. Tomohon Sel., Kota Tomohon, Sulawesi Utara, Indonesia",1.2952994,124.7808842,Kabupaten Minahasa,Sulawesi Utara
ChIJo7lh3ODriy0RW76-Fwkq9iA,Puncak Salena,"Buluri, Kec. Palu Bar., Kota Palu, Sulawesi Tengah 94229, Indonesia",-0.8460174,119.7915356,Kota Palu,Sulawesi Tengah
ChIJ4SelooeKvi0R4WYPjeSEs94,Air Terjun Lacolla,"2R9M+5FH, Dusun Malaka, Cenrana Baru, Kec. Cenrana, Kabupaten Maros, Sulawesi Selatan 92754, Indonesia",-4.9820538,119.8337398,Kabupaten Maros,Sulawesi Selatan
ChIJS7ssWL-zvi0Rh-uwzgvfrnU,Pantai seruni,"Jl. Mawar, Pallantikang, Kec. Bantaeng, Kabupaten Bantaeng, Sulawesi Selatan 92411, Indonesia",-5.5485048,119.9459457,Kabupaten Bantaeng,Sulawesi Selatan
ChIJMyqA7Tvviy0R3ptmjncOsf0,Adilah Garden,"3WXJ+M4H, Kawatuna, Kec. Mantikulore, Kota Palu, Sulawesi Tengah 94118, Indonesia",-0.9008125,119.9303594,Kota Palu,Sulawesi Tengah
ChIJj2_hmo7hli0RnbBPZKSlh_g,Taman Literasi dan Adipura Kolaka Utara,"FVRJ+83R, Lasusua, Kec. Lasusua, Kabupaten Kolaka Utara, Sulawesi Tenggara, Indonesia",-3.5091313,120.8801426,Kabupaten Kolaka Utara,Sulawesi Tenggara
ChIJEayUq5kIhzIRXu35BjWh5N8,Gunung Klabat,"Gn. Klabat, Lembean, Kec. Kauditan, Kabupaten Minahasa Utara, Sulawesi Utara, Indonesia",1.4533333,125.0308333,Kabupaten Minahasa,Sulawesi Utara
ChIJJRKMED4xhzIRFVGS_NIJIN4,Pantai Mahembang,"Pantai Mahembang, Mahembang, Kec. Kakas, Kabupaten Minahasa, Sulawesi Utara 95862, Indonesia",1.0754949,124.971952,Kabupaten Minahasa,Sulawesi Utara
ChIJiQrfKFU2uS0RktRniaGO9cg,Taman Turatea,"8P9W+X34, Empoang, Kec. Binamu, Kabupaten Jeneponto, Sulawesi Selatan 92311, Indonesia",-5.680123399999999,119.7452165,Kabupaten Jeneponto,Sulawesi Selatan
ChIJ4-kfMoDnvi0RFihzMeX38SU,Raja Ampat Bollangi Gowa,"QH5R+2C4, Unnamed Road, Bontoparang, Kec. Parangloe, Kabupaten Gowa, Sulawesi Selatan 92173, Indonesia",-5.2424779,119.5910666,Kabupaten Takalar,Sulawesi Selatan
ChIJBf-oUjuWvi0RFJPe2pk5iFI,Air Terjun Lembanna,"PWV7+F3Q, Pattapang, Kec. Tinggimoncong, Kabupaten Gowa, Sulawesi Selatan 92171, Indonesia",-5.2562774,119.9127191,Kabupaten Gowa,Sulawesi Selatan
ChIJk_dJ3m2NmC0Rpw7wnH7ftaQ,Kebun Raya UHO,"XGPC+RCP, Jl. Syaikh Muhammad Al-Khidhir, Kambu",-4.0129068,122.5210688,Kota Kendari,Sulawesi Tenggara
ChIJGS7fwZfnlS0R_bAQILHmLOQ,TAMAN CALLACCU,"V29H+Q4G, Teddaopu, Kec. Tempe, Kabupaten Wajo, Sulawesi Selatan 90912, Indonesia",-4.1305337,120.0276059,Kabupaten Soppeng,Sulawesi Selatan
ChIJpzod5rhLhzIRwU17U1dpHq0,Aer Konde Ratahan,"2RR3+G85, Wawali Pasan, Kec. Ratahan, Kabupaten Minahasa Tenggara, Sulawesi Utara, Indonesia",1.0412594,124.8033742,Kabupaten Minahasa Selatan,Sulawesi Utara
ChIJjb5rK7Edvy0RjbGvVGf5Z-0,Pantai Tanjung Barat Barombong,"Unnamed Road, R93H+XX3, Barombong, Kec. Tamalate, Kota Makassar, Sulawesi Selatan 90225, Indonesia",-5.1951068,119.3799117,Kota Makassar,Sulawesi Selatan
ChIJUUTWO_mwvi0RT2Rs9w-qg5g,Mini Showfarm Bantaeng,"HW4F+RHM, Bonto Lojong, Kec. Uluere, Kabupaten Bantaeng, Sulawesi Selatan 92451, Indonesia",-5.4429067,119.9239143,Kabupaten Bantaeng,Sulawesi Selatan
ChIJyV_vDYCDgDIRuxcM3q72Ies,Wisata Tanjung Cemara Batu Buaya,"Iyok, Kec. Nuangan, Kabupaten Bolaang Mongondow Timur, Sulawesi Utara, Indonesia",0.5922327,124.5685146,Kabupaten Bolaang Mongondow Timur,Sulawesi Utara
ChIJcyBY31w9fjIRyjxpJ6O2L2c,TAMAN KOTA,"P8R6+9JQ, Gogagoman, Kec. Kotamobagu Bar., Kota Kotamobagu, Sulawesi Utara 95716, Indonesia",0.7409711,124.311608,Kota Kotamobagu,Sulawesi Utara
ChIJ-S7mmmq-lC0RM8g3QkdVV_Y,Festival Sungai Mandar,"F2VC+J7R, Tinambung",-3.5058928,119.0206379,Kabupaten Majene,Sulawesi Barat
ChIJCVDcRv6PlS0RbCwq-Wd4o9w,Diana Waterpark,"PM77+P89, Unnamed Road, Balusu, Kec. Balusu, Kabupaten Barru, Sulawesi Selatan 90762, Indonesia",-4.2857215,119.6633444,Kabupaten Barru,Sulawesi Selatan
ChIJqSQCy8AIvi0RVpKm-qWvZds,Batu Goro'e (Sumpang Labbu),"F33M+VJR, Liliriawang, Kec. Bengo, Kabupaten Bone, Sulawesi Selatan 92762, Indonesia",-4.545262399999999,120.0840084,Kabupaten Bone,Sulawesi Selatan
ChIJJaJBjA2jvi0RoUb5buYXrxE,TAHURA Abdul Latief,"Batu Belerang, Kec. Sinjai Borong, Kabupaten Sinjai, Sulawesi Selatan 92653, Indonesia",-5.3113537,120.0091985,Kabupaten Gowa,Sulawesi Selatan
ChIJWz41FyK9vi0Ra-GtpupbcKU,Danau Tanralili,"MWQ6+6R2, Manimbahoi, Kec. Parigi, Kabupaten Gowa, Sulawesi Selatan 92174, Indonesia",-5.3119912,119.9120258,Kabupaten Gowa,Sulawesi Selatan
ChIJi6fs5nVxhzIRGYOVlGViVb0,Manado Skyline Tetempangan Hill,"Koha barat, Kabupaten Minahasa",1.4134397,124.7394808,Kabupaten Minahasa,Sulawesi Utara
ChIJh5Wa1J-mhzIRCYQ_A-S_N-o,Tunan Waterfalls,"HX9H+WHM, Wasian, Kec. Talawaan, Kabupaten Minahasa Utara, Sulawesi Utara, Indonesia",1.569844,124.9789124,Kabupaten Minahasa Utara,Sulawesi Utara
ChIJeX3dVbS5iy0Rdcg4IWH80uc,Taman Kota Donggala,"8PGQ+PV7, Boya, Kec. Banawa, Kabupaten Donggala, Sulawesi Tengah 94351, Indonesia",-0.6732056,119.7396757,Kabupaten Donggala,Sulawesi Tengah
ChIJTbbeAyq2lS0R6zUYhi9Qlb0,Monumen Ganggawa,"Jl. Pare-Pare - Sidrap No.238, Lekessi, Kec. Maritengngae, Kabupaten Sidenreng Rappang, Sulawesi Selatan 91611, Indonesia",-3.9217884,119.788507,Kabupaten Pinrang,Sulawesi Selatan
ChIJ-SuG4CGkhzIRG6HKO-X_TFE,Air Terjun Tunan Talawaan,"HX9F+852, Wasian, Kec. Dimembe, Kabupaten Minahasa Utara, Sulawesi Utara, Indonesia",1.5682603,124.9728938,Kabupaten Minahasa Utara,Sulawesi Utara
ChIJXSfxzJlrhzIRIU_966O-314,Taman Wisata Danau Linow,"7RCF+48Q, Jl. Lahendong - Danau Linau, Lahendong, Kec. Tomohon Sel., Kota Tomohon, Sulawesi Utara, Indonesia",1.2703359,124.8233731,Kabupaten Minahasa,Sulawesi Utara
ChIJz-2l-S-0vi0RfOlCZ-qMvPo,Air Terjun Tama'lulua,"GR2W+MJP, Bontomanai, Kec. Rumbia, Kabupaten Jeneponto, Sulawesi Selatan 92371, Indonesia",-5.4982907,119.8465749,Kabupaten Bantaeng,Sulawesi Selatan
ChIJIzYZSFGSgy0REu2HeNNZiBg,Monumen Trikora Salakan,"M7RW+PMH, Salakan, Tinangkung, Kabupaten Banggai Kepulauan, Sulawesi Tengah 94785, Indonesia",-1.3081874,123.2967204,Kabupaten Banggai Laut,Sulawesi Tengah
ChIJKwetLGHuky0RVgYWqU9FFPw,Sa'pak Bayobayo Sangalla Tana Toraja,"WWG2+3XM, Sallualo, Kec. Sangalla Utara, Kabupaten Tana Toraja, Sulawesi Selatan 91817, Indonesia",-3.0747825,119.9024161,Kabupaten Tana Toraja,Sulawesi Selatan
ChIJb3csZRv1ly0Rk8wLqqtCWOc,Tugu Kakao,"Tugu Kakao, Sea, Kec. Latambaga, Kabupaten Kolaka, Sulawesi Tenggara, Indonesia",-4.055693,121.5877124,Kabupaten Kolaka,Sulawesi Tenggara
ChIJIZxcSIOlfjIRTDC3ipWm01Q,Pantai Batu Pinagut,"W7C9+4Q7, Kuala, Kec. Kaidipang, Kabupaten Bolaang Mongondow Utara, Sulawesi Utara, Indonesia",0.9202904,123.269432,Kabupaten Bolaang Mongondow Utara,Sulawesi Utara
ChIJzToNtqrziy0RlTqelBaGMJs,Pemandian Uwelera Porame,"2RXP+7J4, Porame, Kabupaten Sigi",-0.9518287,119.8366185,Kota Palu,Sulawesi Tengah
ChIJacbMweWsfjIR2VeUWmC_GRI,Pantai Minanga,"Pantai Minanga, Unnamed Road, Kota Jin, Kec. Atinggola, Kabupaten Gorontalo Utara, Gorontalo 96253, Indonesia",0.9271452,123.1085135,Kabupaten Gorontalo Utara,Gorontalo
ChIJ4Vvo3cj_mC0Rn4IfuI8xTUo,Pantai Taipa,"Pantai Taipa, Unnamed Rd, Taipa, Kec. Lembo, Kabupaten Konawe Utara, Sulawesi Tenggara 93352, Indonesia",-3.7295243,122.3925169,Kabupaten Konawe,Sulawesi Tenggara
ChIJLVhWWQmFkS0R4GuIcjQVO5s,Dusun touba,"C8R3+H4C, Radda, Kec. Baebunta, Kabupaten Luwu Utara, Sulawesi Selatan 92961, Indonesia",-2.558557,120.3027562,Kabupaten Luwu Utara,Sulawesi Selatan
ChIJ47Gqz4bWfjIRnXCxmlpoYMg,"Kolam Renang Lombongo, Bone Bolango","G5XH+6P8, Lombongo, Kecamatan Suwawa Tengah, Kabupaten Bone Bolango, Gorontalo 96583, Indonesia",0.5480286,123.1793131,Kabupaten Bone Bolango,Gorontalo
ChIJJ9El0em7iy0RvqorOfDlu4I,Pantai Kaluku,"Pantai Kaluku, Limboro, Kec. Banawa Tengah, Kabupaten Donggala, Sulawesi Tengah 94351, Indonesia",-0.7033762,119.6842912,Kabupaten Donggala,Sulawesi Tengah
ChIJN7f5_m3Dky0RfeIOkKBcd6Y,Objek Wisata Palawa',"3WVR+427, Palawa', Kec. Sesean, Kabupaten Toraja Utara, Sulawesi Selatan 91853, Indonesia",-2.9072018,119.9400454,Kabupaten Toraja Utara,Sulawesi Selatan
ChIJQxebhH_xuy0RyGzBhidedGU,Pantai Pulau Liukang Loe,"9C5M+J86, Bira, Kec. Bonto Bahari, Kabupaten Bulukumba, Sulawesi Selatan 92571, Indonesia",-5.6409546,120.4332732,Kabupaten Bulukumba,Sulawesi Selatan
ChIJUTG41lRXvi0RYe7WjU4qbak,Wisata Mangambang,"Unnamed Road, 2HR5+7P6, Marrannu, Kec. Lau, Kabupaten Maros, Sulawesi Selatan, Indonesia",-4.9593381,119.5592543,Kabupaten Maros,Sulawesi Selatan
ChIJP25jElw9fjIRfM3v7A8Ivys,LAPANGAN BUA' HONTINIMBANG MANOPPO,"Kotamobagu, Kec. Kotamobagu Bar., Kota Kotamobagu, Sulawesi Utara, Indonesia",0.7433217999999999,124.3135814,Kota Kotamobagu,Sulawesi Utara
ChIJqyImuJ9fiS0RjmDJTG3LQFE,Pantai Maesa,"Pantai Maesa, Maesa, Kec. Parigi, Kabupaten Parigi Moutong, Sulawesi Tengah 94471, Indonesia",-0.8148015,120.1798742,Kabupaten Donggala,Sulawesi Tengah
ChIJJRpQKckUlC0R7WGnQFL0C7I,Buttu Macca,"Bamba Puang, Kec. Anggeraja, Kabupaten Enrekang, Sulawesi Selatan 91752, Indonesia",-3.4838466,119.7972876,Kabupaten Enrekang,Sulawesi Selatan
ChIJ_fI0myU2oi0Rs8MXAwaagVo,Permandian Topa,"Unnamed Road, 7PCG+QFC, Labone, Kec. Lasalepa, Kabupaten Muna, Sulawesi Tenggara 93654, Indonesia",-4.7280502,122.7261505,Kabupaten Buton Utara,Sulawesi Tenggara
ChIJ1_Moy7QJjC0RtO7tvhp8h2M,Wisata Air Panas Bora,"WWXR+G59, Bora, Kec. Sigi Biromaru, Kabupaten Sigi, Sulawesi Tengah 94362, Indonesia",-1.0533567,119.93916,Kabupaten Sigi,Sulawesi Tengah
ChIJP-yJqsBthzIRCXaF8grJeMw,Gunung Lokon,"Gn. Lokon, Kayawu, Kec. Tomohon Utara, Kota Tomohon, Sulawesi Utara, Indonesia",1.3548736,124.7954988,Kota Tomohon,Sulawesi Utara
ChIJ_9Zobraxvi0R4yVjfY6Zyew,Wisata Hutan Pinus Rombeng,"lokasia desa, Bonto Lojong, Kec. Uluere, Kabupaten Bantaeng, Sulawesi Selatan 92451, Indonesia",-5.4303314,119.9264524,Kabupaten Bantaeng,Sulawesi Selatan
ChIJsZNJvBz1ly0RV3nQTkHPHf0,Pantai Ria Kolaka Cocoa City,"WHWP+2XG, Sea, Kec. Latambaga, Kabupaten Kolaka, Sulawesi Tenggara, Indonesia",-4.0549492,121.5874653,Kabupaten Kolaka,Sulawesi Tenggara
ChIJRyEKywpthzIR4ndwwampSUA,Taman Wisata Mahoni,"Unnamed Road, 9R25+879, Kakaskasen Tiga, Kec. Tomohon Utara, Kota Tomohon, Sulawesi Utara, Indonesia",1.3507885,124.8082223,Kota Tomohon,Sulawesi Utara
ChIJk4hRContmC0RWl9D68eMkr4,Puncak Amarilis Kota Kendari,"3G5R+C4R Bar, Watu-Watu, Kec. Kendari Bar., Kota Kendari, Sulawesi Tenggara 93121, Indonesia",-3.9413873,122.5402563,Kota Kendari,Sulawesi Tenggara
ChIJ3ShapILhvi0ReiF2kmWHdzA,SAUNG REWAKO,"Jenetallasa, Kabupaten Gowa",-5.2229246,119.4394494,Kota Makassar,Sulawesi Selatan
ChIJI9zR7aE9mC0R0RtJ5MHDOzY,PUNCAK SOROMBIPI,"2V25+R8W, Lalingato, Kec. Tirawuta, Kabupaten Kolaka, Sulawesi Tenggara 93572, Indonesia",-3.9978973,121.8583382,Kabupaten Kolaka,Sulawesi Tenggara
ChIJUZavmTnnjy0RLGEq5hW9pw8,Tanggul Reklamasi Kolonodale,"Lrg. Kamboja, Kabupaten Morowali Utara, Sulawesi Tengah 94971, Indonesia",-1.9846244,121.3417971,Kabupaten Morowali Utara,Sulawesi Tengah
ChIJeVLhXOeRlS0Rbxbdblnp-Ps,Lasonrai Beach,"Ujunge, Batupute, Kec. Soppeng Riaja, Kabupaten Barru, Sulawesi Selatan, Indonesia",-4.2198025,119.609939,Kabupaten Barru,Sulawesi Selatan
ChIJiY4uCd9MlC0R2ZHyhrQMJ_k,Monumen Lasinrang,"5MR2+PQC, Macorawalie, Kec. Watang Sawitto, Kabupaten Pinrang, Sulawesi Selatan 91212, Indonesia",-3.8081879,119.6518763,Kabupaten Pinrang,Sulawesi Selatan
ChIJb9UVtW-qhS0ROx4tKaurh0o,Pantai Pandan Wangi,"Pantai Pandan Wangi, Unnamed Road, Kabupaten Banggai, Sulawesi Tengah 94765, Indonesia",-1.53923,122.296677,Kabupaten Banggai,Sulawesi Tengah
ChIJE7UuTpCzhzIRXC1IK1RpO_o,Pulisan Beach,"Pulisan Beach, Pulisan, Likupang Timur, North Minahasa Regency, North Sulawesi, Indonesia",1.680264,125.1576169,Kabupaten Minahasa Utara,Sulawesi Utara
ChIJUZRGdEufhzIRUSVrGZ23OYQ,Gunung Tumpa,"Gunung Tumpa, Wori, Kabupaten Minahasa Utara, Sulawesi Utara, Indonesia",1.5658333,124.8447222,Kota Manado,Sulawesi Utara
ChIJYT0VVB5HhzIR_IiVK29eHzc,RANOLEWO,"5R8C+H7G, Toraget, Kec. Langowan Utara, Kabupaten Minahasa, Sulawesi Utara, Indonesia",1.1664456,124.8206902,Kabupaten Minahasa,Sulawesi Utara
ChIJIZKijpu_iy0RZsezFlUbky0,Air Terjun Loli Tasiburi,"6QVF+296, Loli Tasiburi, Kec. Banawa, Kabupaten Donggala, Sulawesi Tengah 94351, Indonesia",-0.7574702999999999,119.7734028,Kabupaten Donggala,Sulawesi Tengah
ChIJE2GzzQH_vi0R_8eMU6b7TYs,Pantai Kuri Maros,"XFC9+F2C, Jl. Kuri Pattene, Nisombalia, Kec. Marusu, Kabupaten Maros, Sulawesi Selatan 90552, Indonesia",-5.0288075,119.4675086,Kabupaten Gowa,Sulawesi Selatan
ChIJ9W47UJ7ivi0RkqsiupvLT4E,PPLH Puntondo,"Kecamatan, Dusun Puntondo, Laikang, Kec. Mangarabombang, Kabupaten Takalar, Sulawesi Selatan 90132, Indonesia",-5.5880373,119.4867796,Kabupaten Takalar,Sulawesi Selatan
ChIJY2SoNpAdvy0RrGmOTW5sGRM,Baruga Somba Opu,"RC54+F3G, Benteng Somba Opu, Kec. Barombong, Kabupaten Gowa, Sulawesi Selatan 90224, Indonesia",-5.1913033,119.4051932,Kota Makassar,Sulawesi Selatan
ChIJQciY2ys3oS0RMq3AUgkwZLE,Pantai Wambuliga,"PGHC+48H, Sombu, Wangi-Wangi Sel., Kabupaten Wakatobi, Sulawesi Tenggara 93791, Indonesia",-5.2721852,123.5208487,Kabupaten Wakatobi,Sulawesi Tenggara
ChIJl1JQDLXZki0RMvXpbEKujNE,Rumah Adat Mamuju,"8VFM+FQ2, Rimuku, Kec. Mamuju, Kabupaten Mamuju, Sulawesi Barat 91511, Indonesia",-2.676374,118.8843937,Kabupaten Mamuju,Sulawesi Barat
ChIJXx-GzU2UlC0Rt7tYH-D4eFc,Pantai palippis,"F3QX+Q25, Bala, Kec. Balanipa, Kabupaten Polewali Mandar, Sulawesi Barat 91353, Indonesia",-3.5106073,119.0976082,Kabupaten Polewali Mandar,Sulawesi Barat
ChIJu8MGTP3Fvi0Rh-gPvi5C_3g,Hutan Pinus RITA MALOMPOA BISSOLORO,"Unnamed Road, Bissoloro, Kec. Bungaya, Kabupaten Gowa, Sulawesi Selatan 92176, Indonesia",-5.3654768,119.6487265,Kabupaten Takalar,Sulawesi Selatan
ChIJm3u96oK9vi0RgYxUgEljiAA,Lembah Lohe,"MWFH+7PX, Lembah Loe, Kec. Parigi, Kabupaten Gowa, Sulawesi Selatan 92171, Indonesia",-5.326758300000001,119.9293535,Kabupaten Gowa,Sulawesi Selatan
ChIJ8foqbIuHoy0RDbkzINBv72E,Pantai Katembe,"Madongka, Kec. Lakudo, Kabupaten Buton, Sulawesi Tenggara 93763, Indonesia",-5.406317700000001,122.5127077,Kabupaten Buton Selatan,Sulawesi Tenggara
ChIJA1DymEUvcTIRDeOqk9cPANA,Pantai Sabang Toli toli,"Pantai Sabang Toli toli, Sabang, Galang, Toli-Toli Regency, Central Sulawesi 94561, Indonesia",1.1629692,120.7911255,Kabupaten Buol,Sulawesi Tengah
ChIJiZ0agF0imC0ReWlV8kZtIM4,Taman Rekreasi Puncak Mowewe,"Jl. Poros Kolaka - Kendari No.Km. 30, Horodopi, Mowewe, Kabupaten Kolaka Timur, Sulawesi Tenggara 93561, Indonesia",-4.004827,121.7566339,Kabupaten Kolaka,Sulawesi Tenggara
ChIJYxLoFViOlC0RmtBojuZrwHA,Mampie,"G7WJ+83F, Galeso, Kec. Wonomulyo, Kabupaten Polewali Mandar, Sulawesi Barat 91352, Indonesia",-3.4541754,119.2801668,Kabupaten Polewali Mandar,Sulawesi Barat
ChIJ9S8U2SyMmi0RuLaQYRlYGao,Air Terjun Vera,"FWC6+C2G, Ipi, Kec. Bungku Tengah, Kabupaten Morowali, Sulawesi Tengah 94973, Indonesia",-2.528939,121.9100841,Kabupaten Morowali,Sulawesi Tengah
ChIJqeLUv5rJoy0R3BIvboK7gpE,Danau Napabale,"Lohia, Kec. Lohia, Kabupaten Muna, Sulawesi Tenggara 93658, Indonesia",-4.9047766,122.7532569,Kabupaten Buton Tengah,Sulawesi Tenggara
ChIJd4Gko-8rjTIRvN-08BVkbX4,Monumen Tuhan Yesus Raja Memberkati,"2M4M+332, Kec. Melonguane, Kabupaten Kepulauan Talaud, Sulawesi Utara, Indonesia",4.0051385,126.6826417,Kabupaten Kepulauan Talaud,Sulawesi Utara
ChIJ06Yrls7uiy0RSZ5CzmR9Few,Wisata Tugu Perdamaian,"Tim.,, 4WV6+HQC, Tondo, Kec. Palu Tim., Kota Palu, Sulawesi Tengah 94119, Indonesia",-0.8560692000000001,119.9119051,Kota Palu,Sulawesi Tengah
ChIJN8hBIkiGjC0RxXIYC0KiiVg,Pantai Pasangkayu Mamuju Utara,"Pantai Pasangkayu Mamuju Utara, Pasangkayu, West Sulawesi 91574, Indonesia",-1.1736181,119.3614259,Kabupaten Pasangkayu,Sulawesi Barat
ChIJB0NXVf2jhi0RSXeMcrPpaMc,Teluk Lalong,"Soho, Unnamed Rd, Karaton",-0.9544334,122.7952555,Kabupaten Banggai Laut,Sulawesi Tengah
ChIJvVMaCAeIlS0R28QvQ9GcDyI,Taman Wisata Bola Pitue,"Unnamed Road, Mangempang, Kec. Barru, Kabupaten Barru, Sulawesi Selatan 90712, Indonesia",-4.395300199999999,119.6056649,Kabupaten Barru,Sulawesi Selatan
ChIJQygAy7lglC0RCdC2gj25mfo,Pantai Salopi,"Salopi, Desa, Binanga Karaeng, Kec. Lembang, Kabupaten Pinrang, Sulawesi Selatan 91254, Indonesia",-3.5226087,119.4939126,Kabupaten Polewali Mandar,Sulawesi Barat
ChIJrRBZ7Cg2ui0R__c8u-T_t7s,Pantai Punagaan,"QGHG+JPW, Patilereng, Bontosikuyu, Kab. Kepulauan Selayar, Sulawesi Selatan 92855, Indonesia",-6.2208863,120.5268337,Kabupaten Kepulauan Selayar,Sulawesi Selatan
ChIJke4F42czoS0RfpCcVO4EfUc,Wakatobi Dive Adventure,"Jl. Waopu Jenggo, Mandati II, Wangi-Wangi Sel., Kabupaten Wakatobi, Sulawesi Tenggara 93795, Indonesia",-5.3291762,123.5390889,Kabupaten Wakatobi,Sulawesi Tenggara
ChIJk_f4bZW5iy0R2qqVZZ99qmI,Pantai Boneoge,"Pantai Boneoge, Boneoge, Kec. Banawa, Kabupaten Donggala, Sulawesi Tengah 94351, Indonesia",-0.6722722999999999,119.7183182,Kabupaten Donggala,Sulawesi Tengah
ChIJq0K4IDMOhC0RqDuvV9F2sAY,Pantai Poganda,"Dusun Poganda, Luk Panenteng, Kec. Bulagi Utara, Kabupaten Banggai Kepulauan, Sulawesi Tengah, Indonesia",-1.1802152,122.9128551,Kabupaten Banggai Laut,Sulawesi Tengah
ChIJV1JYGV2vlS0RNCencJT20_o,Lawere Beach Bonging Ponging,"3HC5+32C, Lotang Salo, Kabupaten Pinrang",-3.9298165,119.5575118,Kabupaten Pinrang,Sulawesi Selatan
ChIJwUgUC8k9hzIRyZgIxviNyew,Pantai INDO BEACH LALUMPE,"Lalumpe, Kecamatan Kombi, Kabupaten Minahasa, Sulawesi Utara, Indonesia",1.1940803,125.0375173,Kabupaten Minahasa,Sulawesi Utara
ChIJ3-maY5Hpky0RGWcTAoGORHw,Buntu Pune,"Ba'tan, Kec. Kesu, Kabupaten Toraja Utara, Sulawesi Selatan 91834, Indonesia",-2.9874952,119.8969243,Kabupaten Tana Toraja,Sulawesi Selatan
ChIJSTnmoJeRkS0RBBCNLLUw2DM,Pemandian Air Panas Pincara,"Unnamed Road No.92917, Pincara, Kec. Masamba, Kabupaten Luwu Utara, Sulawesi Selatan 92917, Indonesia",-2.4811074,120.3764422,Kabupaten Luwu Utara,Sulawesi Selatan
ChIJB9G2Txc9vi0RNsybO8RUefU,Padang Indah Allepperengnge,"CP9R+XMM, Bacu-Bacu, Kec. Pujananting, Kabupaten Barru, Sulawesi Selatan 90762, Indonesia",-4.5800375,119.7416719,Kabupaten Pangkajene Dan Kepulauan,Sulawesi Selatan
ChIJZSNjpvfElS0R8MRhbtb5ZQo,Masjid Besar DARUSSALAM Belawa,"Jalan Masjid Menge Belawa, XWXJ+345, Lepangeng, Wajo, Kabupaten Wajo, Sulawesi Selatan 90953, Indonesia",-4.0023734,119.9303661,Kabupaten Sidenreng Rappang,Sulawesi Selatan
ChIJ153bVe_Bky0RzeiYgHK-NLo,"BUKIT NATO,Lolai negri diatas awan","Lolai, Kec. Kapala Pitu, Kabupaten Toraja Utara, Sulawesi Selatan 91862, Indonesia",-2.958338,119.8639723,Kabupaten Tana Toraja,Sulawesi Selatan
ChIJ9UGlTcs1eDIRuoVIE3xM7_o,Tugu Panua,"FW5X+G22, Jl. Diponegoro, Pohuwato, Kec. Marisa, Gorontalo, 96265, Indonesia",0.4587728999999999,121.947528,Kabupaten Pohuwato,Gorontalo
ChIJ_yy62RrWvi0RFrphUH-XA9s,Pantai Cinta,"Pantai Cinta, Topejawa, Kec. Mangarabombang, Kabupaten Takalar, Sulawesi Selatan 92261, Indonesia",-5.502317199999999,119.4268759,Kabupaten Takalar,Sulawesi Selatan
ChIJ1ehvWTU0eDIRE3cy0D_Wt_I,Masjid Agung Baiturrahim Pohuwato,"Kompleks Blok Plane Perkantoran Pohuwato, FW6W+JFH, Palopo, Kec. Marisa, Kabupaten Pohuwato, Gorontalo 96265, Indonesia",0.4615720999999999,121.9462393,Kabupaten Pohuwato,Gorontalo
ChIJTa2jUGwOhzIRdY2kulpuxSg,Taman Purbakala Waruga,"Sawangan, Kec. Airmadidi, Kabupaten Minahasa Utara, Sulawesi Utara, Indonesia",1.3925883,124.9635806,Kabupaten Minahasa,Sulawesi Utara
ChIJE8b7vtH1uy0RLZ_CvQWXhgY,Kasuso,"Kasuso, pantai kasuso, Darubiah, Kec. Bonto Bahari, Kabupaten Bulukumba, Sulawesi Selatan 92571, Indonesia",-5.5610113,120.4456342,Kabupaten Bulukumba,Sulawesi Selatan
ChIJ7VUowJjymC0RlLYtb86AmrI,Taman Bakau Kendari,"2GJJ+23G, Lahundape, Kec. Kendari Bar., Kota Kendari, Sulawesi Tenggara 93121, Indonesia",-3.9699403,122.5302135,Kota Kendari,Sulawesi Tenggara
ChIJn496pPT_hjIRMgYIxlzVm3Y,Kasawari Beach,"F6VP+38W, Unnamed Rd, Makawidey, Kota Bitung, Sulawesi Utara, Indonesia",1.4927429,125.2358288,Kota Bitung,Sulawesi Utara
ChIJc46yEYcrfzIROU_DJMrFSHA,Pantai Wisata Molotabu,"C4RJ+JHX, Molotabu, Kec. Kabila Bone, Kabupaten Bone Bolango, Gorontalo, Indonesia",0.4416156,123.1314746,Kabupaten Bone Bolango,Gorontalo
ChIJOVjX7TNrhzIRUUXSjtu5jYE,Cartens Hills Wawo,"Matani Dua, Kec. Tomohon Tengah, Kota Tomohon, Sulawesi Utara, Indonesia",1.2953215,124.8557702,Kota Tomohon,Sulawesi Utara
ChIJp8zN715PvS0RpzJNzNKSfAA,Pantai Kalomang,"GG93+M64, Watubangga, Kec. Watubangga, Kabupaten Kolaka, Sulawesi Tenggara 93563, Indonesia",-4.4808644,121.5030639,Kabupaten Kolaka,Sulawesi Tenggara
ChIJO7rwPN13lC0R79rlWAcdJoI,Tebing Romantis Ollon,"Ollon, Bau, Kec. Bonggakaradeng, Kabupaten Tana Toraja, Sulawesi Selatan 91872, Indonesia",-3.2533949,119.6873717,Kabupaten Enrekang,Sulawesi Selatan
ChIJKX5YpylEhzIRfM1bkJx8cHg,Watu Pinawetengan,"Pinabetengan Utara, Kec. Tompaso Barat, Kabupaten Minahasa, Sulawesi Utara 95693, Indonesia",1.1592527,124.7712251,Kabupaten Minahasa,Sulawesi Utara
ChIJJ48zfZRthzIRFWiRhXe_g_0,Kawah Gunung Lokon,"9Q7X+HJR, Agotey, Kec. Mandolang, Kabupaten Minahasa, Sulawesi Utara, Indonesia",1.363995,124.799021,Kota Tomohon,Sulawesi Utara
ChIJvZ6AYmAKhzIRS4199VCwiWI,Monumen Patung Ir. Soekarno,"FWP5+QPP, Maumbi, Kec. Kalawat, Kabupaten Minahasa Utara, Sulawesi Utara, Indonesia",1.4869607,124.9093144,Kota Manado,Sulawesi Utara
ChIJs0Rxi7AzeTIR9DmP3e-DFf8,Wisata Sungai Longalo Botu Motoli'oluwo,"Longalo, Kec. Bulango Utara, Kabupaten Bone Bolango, Gorontalo 96181, Indonesia",0.6722463,123.0753918,Kabupaten Bone Bolango,Gorontalo
ChIJf-l-lBjZki0Rf0uDh_J7BDI,PANTAI MANAKARRA,"8VHQ+HM5, Kec. Mamuju, Kabupaten Mamuju, Sulawesi Barat, Indonesia",-2.6711153,118.8892481,Kabupaten Mamuju,Sulawesi Barat
ChIJ_zZ2r-zzuy0RTSW-t6hTr-s,Pantai Parangluhu Bira,"CF36+5MM, Jalan, Bira, Kec. Bonto Bahari, Kabupaten Bulukumba, Sulawesi Selatan 92571, Indonesia",-5.5970496,120.46166,Kabupaten Bulukumba,Sulawesi Selatan
ChIJYzOQZ6sjhzIRIvPrIHNbdPQ,Tuturuga Beach,"Ranowangko II, Kecamatan Kombi, Kabupaten Minahasa, Sulawesi Utara, Indonesia",1.2151318,125.0450165,Kabupaten Minahasa,Sulawesi Utara
ChIJaU9_y7LsmC0RpF3S5rz2hkk,Tracking Mangrove Bungkutoko,"2J68+249, Bungkutoko",-3.9899552,122.6153605,Kota Kendari,Sulawesi Tenggara
ChIJ92zUH7BthzIRjxizdOGp3pM,"Kolam Renang Air Panas ""Zanoleos""","Woloan Satu, Utara, Kota Tomohon, Sulawesi Utara 95423, Indonesia",1.3262272,124.8132602,Kota Tomohon,Sulawesi Utara
ChIJ_yytwRMBli0RfC6MND1wFoc,Gua Mampu,"M6FF+8FV, Unnamed Rd, Cabbeng, Kec. Dua Boccoe, Kabupaten Bone, Sulawesi Selatan 92753, Indonesia",-4.3266401,120.2236844,Kabupaten Bone,Sulawesi Selatan
ChIJ2ejXEZFnkC0RKdpeUk4NHHg,Air Terjun Kali Dingin,"Tabarano, Kec. Wasuponda, Kabupaten Luwu Timur, Sulawesi Selatan 92983, Indonesia",-2.5711317,121.293346,Kabupaten Luwu Timur,Sulawesi Selatan
ChIJ11wr4cKKoy0RuMN6A-ERass,Taman Air Kelapa Gading,"JMGX+P6R, Waliabuku, Kec. Bungi, Kota Bau-Bau, Sulawesi Tenggara 93758, Indonesia",-5.373141599999999,122.6980122,Kabupaten Buton Selatan,Sulawesi Tenggara
ChIJpRlmJ4NmlC0R_c0lk8_d70w,Air Terjun Karawa,"Betteng, Kec. Lembang, Kabupaten Pinrang, Sulawesi Selatan 91254, Indonesia",-3.4722148,119.5572829,Kabupaten Polewali Mandar,Sulawesi Barat
ChIJ84GMUwdphzIRDk7N3MEvQFc,Air Terjun Desa Tincep (Tekaan Rangka Kengkang),"7PJP+P6V, Tincep, Kec. Sonder, Kabupaten Minahasa, Sulawesi Utara, Indonesia",1.2818609,124.7355526,Kabupaten Minahasa,Sulawesi Utara
ChIJB5ore1UVpC0Rwa1knPg3OT8,"Pantai Bahari, Buton Selatan","Pantai Bahari, Buton Selatan, Unnamed Rd, Bahari, Kec. Sampolawa, Kabupaten Buton, Sulawesi Tenggara 93753, Indonesia",-5.6856642,122.7202688,Kabupaten Buton,Sulawesi Tenggara
ChIJrXCLAUh0pC0RFXWpFu7gspc,Air Terjun Tirta Rimba,"HM32+C58, Kadolomoko, Kec. Kokalukuna, Kota Bau-Bau, Sulawesi Tenggara 93719, Indonesia",-5.446460999999999,122.6504489,Kabupaten Buton Selatan,Sulawesi Tenggara
ChIJK9a7ATG0vi0RkDh3J5pHqTI,Bukit Bossolo,"FRXV+GFQ, Bontomanai, Kec. Rumbia, Kabupaten Jeneponto, Sulawesi Selatan 92371, Indonesia",-5.501161799999999,119.8437357,Kabupaten Bantaeng,Sulawesi Selatan
ChIJP8AJdqJ2hzIRL1nQk-qiP5c,Pantai Indah Kalasey,"FQ59+382, Jl. Tanahwangko, Kalasey Satu, Kec. Mandolang, Kabupaten Minahasa, Sulawesi Utara 95000, Indonesia",1.4576317,124.7682625,Kota Manado,Sulawesi Utara
ChIJgwlKdOeIlC0RU7Wa8pbjYzA,Taman Bambu Runcing,"Mammi, Kec. Binuang, Kabupaten Polewali Mandar, Sulawesi Barat 91311, Indonesia",-3.435211,119.3494448,Kabupaten Polewali Mandar,Sulawesi Barat
ChIJBzKD_ESwvi0RALTfSlLRx0g,Muntea Camping Ground,"HW7R+QMV, Bonto Tangnga, Kec. Uluere, Kabupaten Bantaeng, Sulawesi Selatan 92451, Indonesia",-5.4355135,119.9416662,Kabupaten Bantaeng,Sulawesi Selatan
ChIJe5pZgGK_lC0RF8VvLv7gAQE,Pantai Munu,"Jl. Lettu M. Yamin, Lingk. Leppe, Baurung, Kec. Banggae Tim., Kabupaten Majene, Sulawesi Barat 91412, Indonesia",-3.557457,118.9825554,Kabupaten Majene,Sulawesi Barat
ChIJp6A3xvrpky0RKQivnJG6CI4,Tugu Salib Buntu Singki,"Buntu Singki, 2VGR+QX6, Mentirotiku, Kec. Rantepao, Kabupaten Toraja Utara, Sulawesi Selatan 91833, Indonesia",-2.9730982,119.8923877,Kabupaten Tana Toraja,Sulawesi Selatan
ChIJXWIu8jMKjC0Rzc_tQHH9n88,Permandian Air Panas Mantikole,"WV97+GV9, Balomoa, Kec. Dolo Bar., Kabupaten Sigi, Sulawesi Tengah 94362, Indonesia",-1.0812023,119.8647321,Kabupaten Pasangkayu,Sulawesi Barat
ChIJnUEkijhFji0RbkTf9T34mIU,Wisata Pinus Panorama Tentena,"Tentena, Pamona Pusalemba, Kabupaten Poso, Sulawesi Tengah 94663, Indonesia",-1.748783,120.6593366,Kabupaten Poso,Sulawesi Tengah
ChIJyR83oYcEhzIRtumV0oJ-TK8,Pantai Tanjung Merah,"Pantai Tanjung Merah, Tanjung Merah, Matuari, Bitung City, North Sulawesi, Indonesia",1.4016946,125.1183839,Kota Bitung,Sulawesi Utara
ChIJSRpgJaeJlC0R2In2Xqg9jik,Wisata Alam Kalibiru Kanang,"HCP3+4G5, Jl. Mangondang, Batetangnga, Kec. Binuang, Kabupaten Polewali Mandar, Sulawesi Barat 91312, Indonesia",-3.4147318,119.4038471,Kabupaten Polewali Mandar,Sulawesi Barat
ChIJc28xhXBPhzIR_jsRpBy8FPM,Dungusan Soputan,"Dungusan Soputan, Noongan Tiga, Kec. Langowan Bar., Kabupaten Minahasa, Sulawesi Utara, Indonesia",1.1144444,124.7375,Kabupaten Minahasa,Sulawesi Utara
ChIJNRLYsIvhky0R_QxO2aVxElo,Wisata Air Terjun Latuppa,"Jl. Andi Ahmad, Murante, Kec. Mungkajang, Kota Palopo, Sulawesi Selatan, Indonesia",-3.0276609,120.1282222,Kabupaten Toraja Utara,Sulawesi Selatan
ChIJ43MyKnsChzIRxGw4chQOB5A,Patung Yesus Penebus,"C643+WMV, Dorbolaang, Lembeh Sel., Kota Bitung, Sulawesi Utara, Indonesia",1.4073597,125.204168,Kota Bitung,Sulawesi Utara
ChIJgSsW9Esdvy0RxTZhNpk5a2c,Taman Maccini Sombala,"Maccini Sombala, Kec. Tamalate, Kota Makassar, Sulawesi Selatan 90224, Indonesia",-5.1672293,119.4039614,Kota Makassar,Sulawesi Selatan
ChIJt2j4udklvi0R6-k_8t5AO6k,Bukit Maddo,"GJFP+GJJ Maddo, Tellumpanua, Kec. Tanete Rilau, Kabupaten Barru, Sulawesi Selatan 90761, Indonesia",-4.4761733,119.6365193,Kabupaten Pangkajene Dan Kepulauan,Sulawesi Selatan
ChIJwRZeWIvzuy0R98pCze3MlAc,Puncak Pua' Janggo',"Bira, Kec. Bonto Bahari, Kabupaten Bulukumba, Sulawesi Selatan 92571, Indonesia",-5.608307099999999,120.4602636,Kabupaten Bulukumba,Sulawesi Selatan
ChIJbczmG9UIvi0RfPcPvgghAhg,Permandian Kolam Toddang Jompi'e,"C3Q9+M8X, Liliriawang, Kec. Bengo, Kabupaten Bone, Sulawesi Selatan 92763, Indonesia",-4.5607615,120.0683526,Kabupaten Bone,Sulawesi Selatan
ChIJewyKUtwqeTIRemoU9rPPJIM,Monumen Nani Wartabone,"G3J5+5P5, Tenda, Kec. Hulonthalangi, Kabupaten Gorontalo, Gorontalo 96133, Indonesia",0.5303939,123.059356,Kota Gorontalo,Gorontalo
ChIJcZaSArUBhzIRQnLE5ymSUKs,Kolam Renang Alami Water Blessing danowudu,"Danowudu, Kec. Ranowulu, Kota Bitung, Sulawesi Utara 95533, Indonesia",1.4741581,125.128796,Kota Bitung,Sulawesi Utara
ChIJ9ZS8iZiZhzIRrImrt0Uppp8,Mangrove Park Bahowo,"Unnamed Road, HRJ9+9QC, Tongkeina, Kec. Bunaken, Kota Manado, Sulawesi Utara, Indonesia",1.5809465,124.8194031,Kota Manado,Sulawesi Utara
ChIJXZzRgFt1hzIR2J9PIRNA0Ok,Pohon Kasih,"Jl. Novena, Indonesia",1.4852517,124.8309889,Kota Manado,Sulawesi Utara
ChIJtf0y_6g7hzIRQrNbAeT06iA,Kabesaran Beach,"Jalan Raya Kapataran, Tulap, Kecamatan Kombi, Kabupaten Minahasa, Sulawesi Utara, Indonesia",1.177464,125.0329944,Kabupaten Minahasa,Sulawesi Utara
ChIJ1XzED5Xziy0R7SmD2q5lbBk,Bendungan Misterius,"3R4J+C76, Balane, Kec. Kinovaro, Kabupaten Sigi, Sulawesi Tengah, Indonesia",-0.9439705,119.8306482,Kota Palu,Sulawesi Tengah
ChIJ25PX2p2lhi0RAr6VpFfDFEc,TEMPAT PERMANDIAN SANDAKAN BIAK,"3VGJ+XX3, Biak, Luwuk, Kabupaten Banggai, Sulawesi Tengah 94716, Indonesia",-0.9226171,122.8824333,Kabupaten Banggai Laut,Sulawesi Tengah
ChIJbyKYvOLgvS0RyynX5doWGIk,Puncak Lima Jari,"Unnamed Road, Pattimpa, Kec. Ponre, Kabupaten Bone, Sulawesi Selatan 92772, Indonesia",-4.6288865,120.2177772,Kabupaten Bone,Sulawesi Selatan
ChIJSwpWJRsTiTIR5E0QCnZogkg,Pelabuhan Ulu Siau,"PCM8+39J, Tatahadeng",2.732701,125.4158992,Kabupaten Kepulauan Siau Tagulandang Biaro,Sulawesi Utara
ChIJqxFtu_9rpC0RNC3yWHNbejw,Pantai La Poili,"8MRP+7G8, Desa, Wawoangi, Kec. Sampolawa, Kabupaten Buton, Sulawesi Tenggara, Indonesia",-5.6593385,122.6863311,Kabupaten Buton,Sulawesi Tenggara
ChIJcVw3CqpZkC0Rm8psSQKmG38,Lutim Landmark,"94PG+42G, Puncak Indah, Kec. Malili, Kabupaten Luwu Timur, Sulawesi Selatan 92936, Indonesia",-2.6146793,121.1250773,Kabupaten Luwu Timur,Sulawesi Selatan
ChIJOSzKa4ojvC0R0emrwHEV6oE,Pantai Mallenreng,"Tim.,, R7GH+V9C, Panaikang, Kec. Sinjai Tim., Kabupaten Sinjai, Sulawesi Selatan 92671, Indonesia",-5.1728136,120.2783941,Kabupaten Sinjai,Sulawesi Selatan
ChIJAQAAAGTNfjIRxaa97Dy_sDU,Pemandian Air Terjun Meranti,"J4P5+7FX, Meranti, Kec. Tapa, Kabupaten Bone Bolango, Gorontalo 96582, Indonesia",0.6357381999999999,123.1087328,Kabupaten Bone Bolango,Gorontalo
ChIJgxLm-WmGjC0R5_QsVtndPac,Pantai Tanjung Babia Pasangkayu,"Pasangkayu, Kec. Pasangkayu, Kab. Pasangkayu, Sulawesi Barat, Indonesia",-1.1696541,119.3470922,Kabupaten Pasangkayu,Sulawesi Barat
ChIJczTb1N_8vi0RRvkiig80o6M,Pulau Wisata Lakkang,"VFH8+8VR, Pulau, Lakkang, Kec. Tallo, Kota Makassar, Sulawesi Selatan 90245, Indonesia",-5.121638799999999,119.4671372,Kota Makassar,Sulawesi Selatan
ChIJkR2EgbUhfjIRfuBDIAlcTL8,Danau Moat,"Danau Moat, Kec. Modayag, Kabupaten Bolaang Mongondow Timur, Sulawesi Utara, Indonesia",0.7565814,124.4614129,Kabupaten Bolaang Mongondow Timur,Sulawesi Utara
ChIJnckbV4FHeTIRIz60eEUnZzo,Puncak Pontolo Indah,"QV75+RFR, Pontolo, Kec. Kwandang, Kabupaten Gorontalo Utara, Gorontalo 96252, Indonesia",0.7646248,122.8586547,Kabupaten Gorontalo Utara,Gorontalo
ChIJH7QrHsdwpC0RhQVYVfHdOic,Pantai Lakeba,"GH57+52M, Katobengke, Kec. Betoambari, Kota Bau-Bau, Sulawesi Tenggara 93721, Indonesia",-5.4920275,122.5625395,Kota Baubau,Sulawesi Tenggara
ChIJQUtALAGNmi0R5m4oQxvCemg,Permandian Bahoruru,"FXG2+Q6H, Bahoruru, Kec. Bungku Tengah, Kabupaten Morowali, Sulawesi Tengah 94973, Indonesia",-2.5230523,121.9506062,Kabupaten Morowali,Sulawesi Tengah
ChIJ4XLzhlajlS0RVgL9wfh1JS4,Ujung Lero Beach,"XH5W+XF6, Jalan Mesjid Muhajirin, Lero, Kec. Suppa, Kabupaten Pinrang, Sulawesi Selatan 91272, Indonesia",-4.0431283,119.5970118,Kota Parepare,Sulawesi Selatan
ChIJExmoylDnvi0RRVsvTBVee50,Puncak bollangi,"Unnamed Road, QH5R+66M, Bontoparang, Kec. Parangloe, Kabupaten Gowa, Sulawesi Selatan 92173, Indonesia",-5.2419167,119.5905446,Kabupaten Takalar,Sulawesi Selatan
ChIJF4lmlc3hli0RTMrN6Vr-zb4,Ombro,"Pantai pasir putih, Pitulua, Kec. Lasusua, Kabupaten Kolaka Utara, Sulawesi Tenggara 93916, Indonesia",-3.5309968,120.8822344,Kabupaten Kolaka Utara,Sulawesi Tenggara
ChIJK-0ljzqDgDIR0EoFbEQ-PYA,Pantai Abadi,"JH68+QGM, Nuangan, Kec. Nuangan, Kabupaten Bolaang Mongondow Timur, Sulawesi Utara, Indonesia",0.6119627999999999,124.5662934,Kabupaten Bolaang Mongondow Timur,Sulawesi Utara
ChIJ4eEa8KKihzIRxf6awhUKAPU,Pantai Talawaan Bajo,"JV8C+PG8, Minaesa, Wori, Kabupaten Minahasa Utara, Sulawesi Utara, Indonesia",1.616799,124.8713338,Kabupaten Minahasa Utara,Sulawesi Utara
ChIJbSVe4MW2lS0RcTNTNV8q_UE,Taman Rekreasi Datae,"3PM5+V8G, Lawawoi, Kec. Watang Pulu, Kabupaten Sidenreng Rappang, Sulawesi Selatan 91661, Indonesia",-3.9153183,119.708317,Kabupaten Pinrang,Sulawesi Selatan
ChIJd5HgxTVZhzIR0PwfeoZcLS8,"Forte Português do Século XVI em Amurang , Portugis","Jl. Pasar No.15, Uwuran Satu, Kec. Amurang, Kabupaten Minahasa Selatan, Sulawesi Utara, Indonesia",1.1855192,124.5728498,Kabupaten Minahasa Selatan,Sulawesi Utara
ChIJ1WpiwDhZvi0RYnSaF91kyf0,Wisata Marmer Bulo Tara Leang-Leang,"2MM5+WGR, Leang-Leang, Kec. Bantimurung, Kabupaten Maros, Sulawesi Selatan 90561, Indonesia",-4.9651364,119.6587552,Kabupaten Maros,Sulawesi Selatan
ChIJof5b7hrqvi0R89BddeECeOc,Taman Wisata Holyland Malino (Bili Park),"PMRV+V5V, Lonjoboko, Kec. Parangloe, Kabupaten Gowa, Sulawesi Selatan 92173, Indonesia",-5.2577625,119.6929219,Kabupaten Takalar,Sulawesi Selatan
ChIJ_QmTbu3pky0RsK6x3ceOLmA,Rante Karassik,"2V9V+9JX, Karassik, Kec. Rantepao, Kabupaten Toraja Utara, Sulawesi Selatan 91834, Indonesia",-2.981505,119.8940959,Kabupaten Tana Toraja,Sulawesi Selatan
ChIJ_bzvw2jlvS0R2CZzKhhdOeU,Museum La Pawawoi,"Jl. M.H Thamrin No.9, Manurunge, Kec. Tanete Riattang, Kabupaten Bone, Sulawesi Selatan 92712, Indonesia",-4.5376543,120.3288653,Kabupaten Bone,Sulawesi Selatan
ChIJkQFy5PPYki0RPUh_iAGqU6E,Wisata Sungai So'do,"Unnamed Road, 8W57+Q6G, Binanga, Kec. Mamuju, Kabupaten Mamuju, Sulawesi Barat 91511, Indonesia",-2.6905644,118.913082,Kabupaten Mamuju,Sulawesi Barat
ChIJI_Xf8NQ1eDIR8tqE5C0yFSs,Anjungan MARISA CITY,"CWXX+GV4, Pohuwato Tim., Kec. Marisa, Kabupaten Pohuwato, Gorontalo 96265, Indonesia",0.448768,121.949716,Kabupaten Pohuwato,Gorontalo
ChIJnyRLeAd3pC0RfD-u34m6I5s,Patung Naga Kamali,"GJW4+4JP, Kec. Murhum, Kota Bau-Bau, Sulawesi Tenggara 93717, Indonesia",-5.454655499999999,122.6065636,Kota Baubau,Sulawesi Tenggara
ChIJLRGoPMQSii0RpdqGLxGKNwA,Pantai Labuana,"desa labuana-donggala, Lende, Kec. Sirenja, Kabupaten Donggala, Sulawesi Tengah 94355, Indonesia",-0.1503879,119.8044249,Kabupaten Donggala,Sulawesi Tengah
ChIJt0jKyQnVvi0R7m4Jppg0WgI,Padang Savana Ongkoa Takalar,"CFH8+PM4, Jl. Cikoang Ongkowa, Laikang, Kec. Mangarabombang, Kabupaten Takalar, Sulawesi Selatan 92261, Indonesia",-5.570735,119.466696,Kabupaten Takalar,Sulawesi Selatan
ChIJZSuGcR6Qgy0RPMNHq0kUndw,Pantai Teduang,"Ambelang, Tinangkung, Kabupaten Banggai Kepulauan, Sulawesi Tengah 94885, Indonesia",-1.3890466,123.2605816,Kabupaten Banggai Kepulauan,Sulawesi Tengah
ChIJpTrgvErjvi0Rd9d059EMVH0,Taman Teras Unhas,"VF5Q+X85, Tamalanrea Indah",-5.1401099,119.4883531,Kota Makassar,Sulawesi Selatan
ChIJMd4_psHplS0RWQGq6R1poIU,Danau Tempe,"Danau Tempe, Kabupaten Wajo, Sulawesi Selatan, Indonesia",-4.1071993,119.9624902,Kabupaten Soppeng,Sulawesi Selatan
ChIJ_Rl6mI9evi0RQDJG7xiue68,Bulu Saraung,"Bulu Saraung, Tompo Bulu, Balocci, Pangkajene and Islands Regency, South Sulawesi, Indonesia",-4.9166667,119.7333333,Kabupaten Maros,Sulawesi Selatan
ChIJG_kaYuPfvi0Rdb1HFEyiyow,Museum Balla Lompoa Bajeng,"Limbung, PC4M+465, Jl. Balla Lompoa, Limbung, Kec. Bajeng, Kabupaten Gowa, Sulawesi Selatan 92152, Indonesia",-5.2943912,119.4315466,Kabupaten Takalar,Sulawesi Selatan
ChIJ4dGIZhREji0Rta2rqOopBmk,Goa Pamona,"6JPQ+JGG, Danau, Kabupaten Poso, Sulawesi Tengah 94663, Indonesia",-1.7634278,120.638831,Kabupaten Poso,Sulawesi Tengah
ChIJmW3sDKWzhzIRcdVPyUasfio,"Bukit Larata, Desa Kinunang","Pulisan, Kec. Likupang Tim., Kabupaten Minahasa Utara, Sulawesi Utara, Indonesia",1.6663828,125.1621136,Kabupaten Minahasa Utara,Sulawesi Utara
ChIJ3WPQI7bXki0RE3ylXDzAb74,Wisata Pantai Tapandullu,"Unnamed Road, 8QHR+JP9, Tapandullu, Kec. Simboro Dan Kepulauan, Kabupaten Mamuju, Sulawesi Barat 91513, Indonesia",-2.670964,118.791852,Kabupaten Mamuju,Sulawesi Barat
ChIJG_b-3zf0uy0RIHBmAfFM4e0,Tebing Marumasa Kalibata,"CFG5+8G3, Bira, Kec. Bonto Bahari, Kabupaten Bulukumba, Sulawesi Selatan, Indonesia",-5.5742443,120.4587907,Kabupaten Bulukumba,Sulawesi Selatan
ChIJZTZWvM3hli0RrD_vuXOBFhU,Pantai Pasir Putih Pitulua,"Pantai Pasir Putih Pitulua, Pitulua, Kec. Lasusua, Kabupaten Kolaka Utara, Sulawesi Tenggara 93916, Indonesia",-3.5321483,120.8826968,Kabupaten Kolaka Utara,Sulawesi Tenggara
ChIJOdmCxPHFlS0RPI0i-yPjPRc,Taman Wisata Danau Sidenreng,"Danau, 2VMW+PRV, Watang Sidenreng, Kec. W T. Sidenreng, Kabupaten Sidenreng Rappang, Sulawesi Selatan 90953, Indonesia",-3.96565,119.897057,Kabupaten Sidenreng Rappang,Sulawesi Selatan
ChIJG5qactHxky0RiYl890tswCo,Pemandian Air Panas Makula,"VWQC+H7W, Tokesan, Kec. Sangala Sel., Kabupaten Tana Toraja, Sulawesi Selatan 91881, Indonesia",-3.1110222,119.9206937,Kabupaten Tana Toraja,Sulawesi Selatan
ChIJN0Fo6rH_mC0RzR21V1I-40o,Taipa Beach,"Pantai Taipa, Unnamed Rd, 79CV+52R, Taipa, Kec. Lembo, Kabupaten Konawe Utara, Sulawesi Tenggara 93352, Indonesia",-3.7295243,122.3925169,Kabupaten Konawe,Sulawesi Tenggara
ChIJjSypJHFfkS0RkMkn7j2fIs0,Taman Kota I Love Palopo,"X6Q4+52X, Jl. Jenderal Sudirman, Binturu, Kec. Wara Sel., Kota Palopo, Sulawesi Selatan 91922, Indonesia",-3.0120169,120.2051077,Kota Palopo,Sulawesi Selatan
ChIJowHhcZZshzIRuezTz8qlMeg,Vihara Buddhayana,"Jl. Sunge No.57, Kakaskasen Tiga, Kec. Tomohon Utara, Kota Tomohon, Sulawesi Utara, Indonesia",1.3469313,124.8380765,Kota Tomohon,Sulawesi Utara
ChIJ-3JZCxPWeDIR3HVsypuyqCw,Pantai Biluhu Timur,"FXRF+59J, Biluhu Tim., Kabupaten Gorontalo",0.4904571,122.9734002,Kabupaten Gorontalo,Gorontalo
ChIJS1c2u_GVvi0RyRNRxxdZpug,Air Terjun Parang Bugisi,"PVR8+6CP, Bulutana, Kec. Tinggimoncong, Kabupaten Gowa, Sulawesi Selatan 92174, Indonesia",-5.2594186,119.8660718,Kabupaten Gowa,Sulawesi Selatan
ChIJfRpDFaCOmC0R9mSod6Z0MOY,Wisata Pemancingan & Kuliner AjengMart,"Jl. Brigjen Katamso, Puosu Jaya, Kabupaten Konawe Selatan",-4.0624606,122.4680117,Kota Kendari,Sulawesi Tenggara
ChIJgUSlRRbuky0RynakkAZJowA,Suaya,"WW43+C3W, Kaero, Kec. Sangalla, Kabupaten Tana Toraja, Sulawesi Selatan 91811, Indonesia",-3.0938875,119.9027031,Kabupaten Tana Toraja,Sulawesi Selatan
ChIJl5oObi-Roy0RcSOWQDnbmYU,Pantai Walengkabola,"RH2R+V39, Jl. Tanjung, Oempu, Kec. Tongkuno, Kabupaten Muna, Sulawesi Tenggara 93662, Indonesia",-5.1978488,122.5902306,Kabupaten Buton Tengah,Sulawesi Tenggara
ChIJ7w_a4TXRiy0RV_zKocUfL6w,Pantai Kucing Parigi Moutong,"Pantai Kucing Parigi Moutong, Tandaigi, Kec. Siniu, Kabupaten Parigi Moutong, Sulawesi Tengah, Indonesia",-0.6035033,120.0607717,Kabupaten Donggala,Sulawesi Tengah
ChIJG2MAyhdfhzIRdJreft3nZZA,I Love Minsel,"6H4Q+QR6, Pondang, Kec. Amurang Tim., Kabupaten Minahasa Selatan, Sulawesi Utara, Indonesia",1.2069011,124.5895267,Kabupaten Minahasa Selatan,Sulawesi Utara
ChIJXb8rQI8VmC0RL61RLWvmVSM,BAROS FARM HOUSE,"Tawainalu, Kec. Tirawuta, Kabupaten Kolaka, Sulawesi Tenggara 93572, Indonesia",-4.020587100000001,121.9343786,Kabupaten Kolaka Timur,Sulawesi Tenggara
ChIJI0WjK7mVvi0R2k_HxTJxeYk,Air Terjun Salewangang Malino,"QV44+73Q, Malino, Kec. Tinggimoncong, Kabupaten Gowa, Sulawesi Selatan 92174, Indonesia",-5.2442972,119.8552324,Kabupaten Gowa,Sulawesi Selatan
ChIJuVJS22allS0RoUOk19k1Ins,Pantai Lowita - MUTIARA,"Jl. Poros Ujung Lero, Tasiwalie, Kec. Suppa, Kabupaten Pinrang, Sulawesi Selatan, Indonesia",-3.9752637,119.5767647,Kabupaten Pinrang,Sulawesi Selatan
ChIJzettLX4ThzIRXpVrDEaZ2r0,Puncak Melby'Ls,"9V4R+3H9, Kumelembuay, Kota Tomohon",1.355165,124.8914999,Kota Tomohon,Sulawesi Utara
ChIJX83jNFLxuy0RQ_w6tWL-_LA,Pantai Pusahelu,"9CRG+JR2, Darubiah, Kec. Bonto Bahari, Kabupaten Bulukumba, Sulawesi Selatan 92571, Indonesia",-5.6084906,120.4270056,Kabupaten Bulukumba,Sulawesi Selatan
ChIJmek49vMwhzIRoD6sq4W8V98,Pantai Tanjung Tumpaan,"Pantai Tanjung Tumpaan, Tumpaan, Kakas, Minahasa Regency, North Sulawesi, Indonesia",1.1002577,124.9891621,Kabupaten Minahasa,Sulawesi Utara
ChIJm1ngTlztmC0RxJ9sfkvD-7o,RTH Papalimba Puday,"Lapulu, Kec. Abeli, Kota Kendari, Sulawesi Tenggara, Indonesia",-3.9822959,122.5777412,Kota Kendari,Sulawesi Tenggara
ChIJ0YYKuoTTfjIRuJthyMkTlzY,Rumah Alam Dunggala,"Dunggala, Kabupaten Bone Bolango",0.6162474,123.0913454,Kota Gorontalo,Gorontalo
ChIJNb1tELSHjC0RXzHDEILkToA,Pasangkayu Beach,"R9H2+62C, Jl. Moh. Hatta, Pasangkayu, Kec. Pasangkayu, Kab. Pasangkayu, Sulawesi Barat, Indonesia",-1.1719407,119.3500175,Kabupaten Pasangkayu,Sulawesi Barat
ChIJRdkfI2ajvi0RoZWZUdUtbM4,Kahayya,"M2G2+4G4, Unnamed Road, Kindang, Kec. Sinjai Borong, Kabupaten Sinjai, Sulawesi Selatan 92662, Indonesia",-5.3247279,120.0013303,Kabupaten Gowa,Sulawesi Selatan
ChIJ-4VvCSaWkC0RF2M2KDNWhik,Danau Towuti,"Danau Towuti, Kabupaten Luwu Timur, Sulawesi Selatan, Indonesia",-2.7271486,121.5141615,Kabupaten Luwu Timur,Sulawesi Selatan
ChIJhdCy0Kh0izIRmOKcBIJyRD0,Pantai Embuhanga,"JHVF+3P4, Petta Sel., Kec. Tabukan Utara, Kabupaten Kepulauan Sangihe, Sulawesi Utara, Indonesia",3.6426405,125.5743377,Kabupaten Kepulauan Sangihe,Sulawesi Utara
ChIJWZP4N8J0izIRsiJhMbmvIuI,Pananualeng Beach,"JHFP+G6Q, Tariangbaru, Kec. Tabukan Tengah, Kabupaten Kepulauan Sangihe, Sulawesi Utara, Indonesia",3.6238336,125.5856133,Kabupaten Kepulauan Sangihe,Sulawesi Utara
ChIJyQ6gpssxeTIRGcYYtzo9MDI,Bukit Raga,"JWWW+5Q7, Huidu, Kec. Limboto Bar., Kabupaten Gorontalo, Gorontalo 96219, Indonesia",0.6454202,122.9469345,Kabupaten Gorontalo,Gorontalo
ChIJqzeyncLfli0RaLZ_5T2IFP0,Alun-alun Kirambu,"GV8F+838, Ponggiha, Kec. Lasusua, Kabupaten Kolaka Utara, Sulawesi Tenggara 93914, Indonesia",-3.4842241,120.8726995,Kabupaten Kolaka Utara,Sulawesi Tenggara
ChIJY3lu1st0hzIRUxH0A6ezAaU,Golden Kolam golden jumbo,"FV54+2RG Valley, Tingkulu, Kec. Wanea, Kota Manado, Sulawesi Utara 95119, Indonesia",1.4575557,124.8570788,Kota Manado,Sulawesi Utara
ChIJEVP5JB9thzIRHozkL_1CDrQ,Pagoda Ekayana,"8RWQ+V6C, Jl. Sungen, Kakaskasen Dua, Kec. Tomohon Utara, Kota Tomohon, Sulawesi Utara, Indonesia",1.3471886,124.8380066,Kota Tomohon,Sulawesi Utara
ChIJq6PSl_imiC0RcfDyvPf-SwY,Tugu Ampana,"4HJG+G5Q, Jl. Sultan Hasanudin, Ampana, Kec. Ampana Kota, Kabupaten Tojo Una-Una, Sulawesi Tengah 94683, Indonesia",-0.8686564,121.5754879,Kabupaten Tojo Una-Una,Sulawesi Tengah
ChIJKVskjQbziy0R-uiNhdUcKuc,Taman Taiganja Kalukubula,"3V4J+HCR RTH, Jl. Kelor, Kalukubula, Kec. Sigi Biromaru, Kabupaten Sigi, Sulawesi Tengah 94236, Indonesia",-0.9432427,119.8810691,Kota Palu,Sulawesi Tengah
ChIJ_xdXnW3XeDIR_sTWcugSj7I,Tilalohe Beach Resort,"Biluhu Tim., Kec. Batudaa Pantai, Kabupaten Gorontalo, Gorontalo 96272, Indonesia",0.4884746,122.942183,Kabupaten Gorontalo,Gorontalo
ChIJL8y0UOzziy0RMILIZ2SJi90,Bukit Sibedi,"2RJW+8XC, Sibedi, Kec. Marawola, Kabupaten Sigi, Sulawesi Tengah 94238, Indonesia",-0.9691918,119.8473963,Kota Palu,Sulawesi Tengah
ChIJf__8YXjnlS0RUDDMIs9tpOg,Danau Tempe Kab.Wajo,"V2WC+XHM, Assorajang, Kec. Tana Sitolo, Kabupaten Wajo, Sulawesi Selatan 90951, Indonesia",-4.1025358,120.021414,Kabupaten Soppeng,Sulawesi Selatan
ChIJH1lZmJjymC0RkjU9PddJn4w,Tracking Mangrove Lahundape,"Bar.,, 2GHJ+M6X, Lahundape, Kec. Kendari Bar., Kota Kendari, Sulawesi Tenggara, Indonesia",-3.9707682,122.5306143,Kota Kendari,Sulawesi Tenggara
ChIJu5By0byJky0R4HlX_MLsOZ4,Lembah Ollon,"Bau, Kec. Bonggakaradeng, Kabupaten Tana Toraja, Sulawesi Selatan 91872, Indonesia",-3.2276899,119.6696959,Kabupaten Tana Toraja,Sulawesi Selatan
ChIJ1bdnxpYblC0RY9xKQnMklEA,"Desa wisata karangan latimojong ,Sivin camp, kampong kopi Latimojong","Dusun karangan, Latimojong, Kec. Buntu Batu, Kabupaten Enrekang, Sulawesi Selatan 91753, Indonesia",-3.4171317,119.9899719,Kabupaten Enrekang,Sulawesi Selatan
ChIJkU61uT-Tgy0R5HZQyeulbrg,Permandian Air Tawar Desa Kautu,"Jalan Trans Peling, Kautu, Tinangkung, Kabupaten Banggai Kepulauan, Sulawesi Tengah 94885, Indonesia",-1.2859016,123.3240679,Kabupaten Banggai,Sulawesi Tengah
ChIJFQiODS1SoS0R5omgYpYy_Yc,Koguna Beach,"M6W8+G9X, Mopaano, Kec. Lasalimu Sel., Kabupaten Buton, Sulawesi Tenggara 93756, Indonesia",-5.3036283,123.2159989,Kabupaten Buton,Sulawesi Tenggara
ChIJt-AISNuLlC0R7LaEPLHSgqg,Pulau Pasir Putih,"G96Q+9P8, Tonyamang, Kec. Binuang, Kabupaten Polewali Mandar, Sulawesi Barat 91312, Indonesia",-3.4890836,119.3893223,Kabupaten Polewali Mandar,Sulawesi Barat
ChIJseKZwP5MlC0RI6johmHg_3I,Rumah Adat Sao Raja Sawitto,"6M53+HRR, Sawito, Kec. Watang Sawitto, Kabupaten Pinrang, Sulawesi Selatan 91211, Indonesia",-3.7910214,119.6545143,Kabupaten Pinrang,Sulawesi Selatan
ChIJO8AI4lK1oy0RxjZFSyUje0g,Puncak Wakila,"Kondongia, Kec. Gu, Kabupaten Muna, Sulawesi Tenggara, Indonesia",-5.3242196,122.6305715,Kabupaten Buton Selatan,Sulawesi Tenggara
ChIJJ8u6u9Q1eDIREDlLOC3IRNo,Wisata Pohon Cinta,"CWXX+Q8R, Pohuwato Tim., Kec. Marisa, Kabupaten Pohuwato, Gorontalo 96265, Indonesia",0.4494961,121.9482506,Kabupaten Pohuwato,Gorontalo
ChIJAQAAAJAJli0REAipsZ4yAtY,Tanah Bangkala Bone 1,"F87H+649, Watampone, Kec. Tanete Riattang, Kabupaten Bone, Sulawesi Selatan 92712, Indonesia",-4.536959299999999,120.327858,Kabupaten Bone,Sulawesi Selatan
ChIJhccWMqwWjy0RE_eBFyNgZXc,Pantai Banano,"Unnamed Road, J5P7+74R, Betaua, Kec. Tojo, Kabupaten Tojo Una-Una, Sulawesi Tengah 94681, Indonesia",-1.3642582,121.1627646,Kabupaten Morowali Utara,Sulawesi Tengah
ChIJ3Q1oHri_lC0RtFPaa-CfLWw,Wisata Puncak Raja Bunga,"Buttu, Baruga, Kec. Banggae Tim., Kabupaten Majene, Sulawesi Barat 91414, Indonesia",-3.5047978,118.9574256,Kabupaten Majene,Sulawesi Barat
ChIJVVVVVVgChzIRS1U5kTWikBM,Pantai Kahona,"95XP+9JM, Pasirpanjang, Lembeh Sel., Kota Bitung, Sulawesi Utara, Indonesia",1.3984673,125.1865419,Kota Bitung,Sulawesi Utara
ChIJ19g8iFZjmC0Rd3NGZR2bNTI,Wisata Alam Geologi Boro Boro,"W82V+9P9, Boro-Boro R, Kec. Ranomeeto, Kabupaten Konawe Selatan, Sulawesi Tenggara 93873, Indonesia",-4.0990877,122.3443659,Kabupaten Konawe Selatan,Sulawesi Tenggara
ChIJ4wmS3zVZvi0R1sh51VH93WU,Taman Batu Balloci,"3MCR+C39, Balleanging, Kec. Balocci, Kabupaten Pangkajene Dan Kepulauan, Sulawesi Selatan 90661, Indonesia",-4.928961399999999,119.6902411,Kabupaten Maros,Sulawesi Selatan
ChIJj6fpcG-jhi0RR0pqvnRXQ3I,Bukit Teletubbies,"3QVW+CVF, Bungin, Luwuk, Kabupaten Banggai, Sulawesi Tengah 94711, Indonesia",-0.9064426,122.7971573,Kabupaten Banggai Laut,Sulawesi Tengah
ChIJv8V6uVAwfjIRNruXLvSof0g,Wisata pemandian Air Panas Bakan,"H7XV+665, Bakan, Kec. Lolayan, Kabupaten Bolaang Mongondow, Sulawesi Utara 95771, Indonesia",0.5980002,124.2931107,Kabupaten Bolaang Mongondow,Sulawesi Utara
ChIJa7_oejmnhzIRNTqdIb4UnD8,Wisata Gunung Kekewang Desa Tetey,"GX98+J2V, Tetey, Kec. Dimembe, Kabupaten Minahasa Utara, Sulawesi Utara, Indonesia",1.519102,124.9650494,Kota Manado,Sulawesi Utara
ChIJZ6JQARPUoi0RFf8v3wpweE0,Padang Pajjongang,"Jln. Poros Kessipute, Waemputang, Kec. Poleang Sel., Kabupaten Bombana, Sulawesi Tenggara 93773, Indonesia",-4.8192965,121.6992655,Kabupaten Bombana,Sulawesi Tenggara
ChIJ06WaJlO_lC0RtR5vydcXeNU,Tanggul Batu Cincin,"Labuang, Kec. Banggae Tim., Kabupaten Majene, Sulawesi Barat 91412, Indonesia",-3.5492673,118.9773346,Kabupaten Majene,Sulawesi Barat
ChIJOUhDbgBthzIRE5S2XcTPYYw,Taman Wisata NewMahoni Tomohon,"9R25+3W, Kakaskasen Tiga, Kec. Tomohon Utara, Kota Tomohon, Sulawesi Utara, Indonesia",1.3505311,124.8081754,Kota Tomohon,Sulawesi Utara
ChIJjUZSKnKYkS0RzyU94sKUd4g,Air Terjun Bantimurung Bone-Bone,"CGW9+XJ7, Bantimurung, Kec. Bone-Bone, Kabupaten Luwu Utara, Sulawesi Selatan 91966, Indonesia",-2.5525903,120.5190563,Kabupaten Luwu Utara,Sulawesi Selatan
ChIJSTVmKPVwhzIRGXOMEXkwESg,Pantai Tasik Ria,"CP65+Q69, Jl. Trans Sulawesi, Mokupa, Kabupaten Minahasa",1.4119071,124.7081296,Kabupaten Minahasa,Sulawesi Utara
ChIJM7SfHOiGoy0RULKGp_qaSGg,Pantai Wantopi,"Pantai Wantopi, Wantopi, East Mawasangka, Buton Regency, South East Sulawesi 93762, Indonesia",-5.366841,122.4697163,Kabupaten Buton Selatan,Sulawesi Tenggara
ChIJjdxNDwjCky0R2dZOJ3OnU4s,Objek Wisata Gunung Tambolang,"2VPV+893, Mentirotiku, Kec. Rantepao, Kabupaten Toraja Utara, Sulawesi Selatan 91833, Indonesia",-2.9642401,119.8934289,Kabupaten Tana Toraja,Sulawesi Selatan
ChIJMcetB7FrhzIRJ_4Ocsp5QpM,Hidden gem - taman wisata & camping,"7R8G+6J9, Tondangow, Kec. Tomohon Sel., Kota Tomohon, Sulawesi Utara, Indonesia",1.2655355,124.8266044,Kabupaten Minahasa,Sulawesi Utara
ChIJYWGpOZWJkC0R3CzAI-jZnhs,Permandian Bukit Kasih,"Jalan Perintis Anak Bangsa, Langkae Araya, Kec. Towuti, Kabupaten Luwu Timur, Sulawesi Selatan 92982, Indonesia",-2.6607936,121.3636199,Kabupaten Luwu Timur,Sulawesi Selatan
ChIJfeXrEZiZji0RYG41pfA0w3U,Danau Tambing,"M8G5+6F7, Jl. Dongi Dongi-Watumaeta, Sedoa, Kec. Lore Utara, Kabupaten Poso, Sulawesi Tengah 94653, Indonesia",-1.3244586,120.3086764,Kabupaten Poso,Sulawesi Tengah
ChIJN4UMSE1XkS0Rl2K8NK6m_C0,Wisata Alam Pakalolo,"Lengkong, Kec. Bua, Kabupaten Luwu, Sulawesi Selatan 91991, Indonesia",-3.1274375,120.2141875,Kabupaten Luwu,Sulawesi Selatan
ChIJ90CEaAO-vi0Rp1V58XP6oBQ,Air Terjun Biroro,"PVJ9+4Q6, Bonto Lerung, Kec. Tinggimoncong, Kabupaten Gowa, Sulawesi Selatan 92174, Indonesia",-5.2706409,119.8716052,Kabupaten Gowa,Sulawesi Selatan
ChIJPUxAvp5yhzIRbt5R_CPphlU,Tapahan Telu Waterfall,"9RGM+6GH, Tinoor Satu, Kota Tomohon",1.3755584,124.8338595,Kota Tomohon,Sulawesi Utara
ChIJC-zgPJHEky0R6iBXBv6KJpM,Tongkonan To'Barana,"4W9V+3HC, Jl. Poros Sa'dan-Tallunglipu, Sa'dan, Sa'dan Matalo, Kabupaten Toraja Utara",-2.8823054,119.9438881,Kabupaten Toraja Utara,Sulawesi Selatan
ChIJm-XIqMqMvi0R7Ao5ca2Ur2A,Air Terjun Lengan,"WQJQ+FR3, Laiya, Kec. Cenrana, Kabupaten Maros, Sulawesi Selatan 92754, Indonesia",-5.0688511,119.789543,Kabupaten Maros,Sulawesi Selatan
ChIJz2n1Y5G7iy0RWRSTptd9h9k,Pusentasi,"7MR8+4QW, Towale, Kec. Banawa Tengah, Kabupaten Donggala, Sulawesi Tengah 94351, Indonesia",-0.709634,119.6669413,Kabupaten Donggala,Sulawesi Tengah
ChIJpRSazQnXki0Ra4LH3MeZVuI,Pantai Malauwa,"Tapandullu, Kec. Simboro Dan Kepulauan, Kabupaten Mamuju, Sulawesi Barat, Indonesia",-2.6722154,118.790386,Kabupaten Mamuju,Sulawesi Barat
ChIJaW_Fb6l5ji0R6ZhOnPuz32k,Situs Megalitik Pokekea,"8657+R4C, Baliura, Kec. Lore Tengah, Kabupaten Poso, Sulawesi Tengah 94654, Indonesia",-1.6904402,120.2127698,Kabupaten Poso,Sulawesi Tengah
ChIJu6UiLQUVhzIRpcbPRYqYJpo,Uluna Tondano,"Unnamed Road, 7VXR+GWG, Masarang, Kec. Tondano Bar., Kabupaten Minahasa, Sulawesi Utara, Indonesia",1.2988209,124.892333,Kota Tomohon,Sulawesi Utara
ChIJ3Tdwb4CJlS0Rfen7zK2exUg,Air Terjun Sarang Burung,"JMPW+J44, Binuang, Kec. Balusu, Kabupaten Barru, Sulawesi Selatan 90762, Indonesia",-4.3634978,119.6953338,Kabupaten Barru,Sulawesi Selatan
ChIJqwNiSKZzhzIRceJYIxLbNsw,BUKIT DOA WAREMBUNGAN,"Warembungan, Kec. Pineleng, Kabupaten Minahasa, Sulawesi Utara, Indonesia",1.4297523,124.8249459,Kota Tomohon,Sulawesi Utara
ChIJf4f0tjNfvi0Rf12J0BSUlyk,ZULU PARK,"Jl. Poros Senggerang, Balleanging, Kabupaten Pangkajene Dan Kepulauan",-4.920586,119.704079,Kabupaten Maros,Sulawesi Selatan
ChIJ60nHv6eUki0RM7DLJd81QGY,Pantai Beringin Cinta,"Dusun Toansang, Bonda, Kec. Papalang, Kabupaten Mamuju, Sulawesi Barat 91561, Indonesia",-2.4170129,119.1375249,Kabupaten Mamuju,Sulawesi Barat
ChIJy_EvWUn_mC0Rl5Fu9BeiceQ,Pantai Wale,"6CX4+RCW, Taipa, Ulu Sawa, Kabupaten Konawe Utara, Sulawesi Tenggara, Indonesia",-3.7503875,122.4060781,Kabupaten Konawe,Sulawesi Tenggara
ChIJ24WoWZnJoy0RVg2xmIfsHz8,Napabale Beach,"3QR4+QP3, Desa Loghia, Kec. Lohia, Kabupaten Muna, Sulawesi Tenggara 93658, Indonesia",-4.9081003,122.7567894,Kabupaten Buton Tengah,Sulawesi Tenggara
ChIJ7bIeSLIzoS0R0-i_DphxzKc,Marina Togo Wakatobi,"Jl. Jend. Ahmad Yani No.140, Kabupaten Wakatobi, Sulawesi Tenggara 93791, Indonesia",-5.3232995,123.5321275,Kabupaten Wakatobi,Sulawesi Tenggara
ChIJyyaKGtEGhzIRy0exNd9yhYA,Air Terjun Parom,"F469+8PP, Danowudu, Kec. Ranowulu, Kota Bitung, Sulawesi Utara, Indonesia",1.46085,125.119327,Kota Bitung,Sulawesi Utara
ChIJXcNEI3MYvi0RvqnlTWTe-PY,Bulu Dua,"Bulu Dua, Gattareng Toa, Kec. Mario Riwawo, Kabupaten Soppeng, Sulawesi Selatan, Indonesia",-4.519722199999999,119.7969444,Kabupaten Pangkajene Dan Kepulauan,Sulawesi Selatan
ChIJpcq4R4JehzIRUeF7L3bUeuI,Pantai Alar Pondang,"6H8V+3XV, Pondang, Kec. Amurang Tim., Kabupaten Minahasa Selatan, Sulawesi Utara, Indonesia",1.2152258,124.5949146,Kabupaten Minahasa,Sulawesi Utara
ChIJ33fYXdatfjIRllnUAWuqzIE,Minanga Beach,"Pantai Minanga, Unnamed Road, W4G5+VC2, Kota Jin, Kec. Atinggola, Kabupaten Gorontalo Utara, Gorontalo 96253, Indonesia",0.9271452,123.1085135,Kabupaten Gorontalo Utara,Gorontalo
ChIJOQep9Q4hvC0RmxN-Rf9EaXo,Taman Wisata Fafaliang,"Panaikang, Kec. Sinjai Tim., Kabupaten Sinjai, Sulawesi Selatan, Indonesia",-5.1789556,120.2476436,Kabupaten Sinjai,Sulawesi Selatan
ChIJ_RiytDJNuS0Rhx9VRlDE0cI,Pantai Kelapa Ujung,"Tino, Kec. Tarowang, Kabupaten Jeneponto, Sulawesi Selatan, Indonesia",-5.5867307,119.8995277,Kabupaten Bantaeng,Sulawesi Selatan
ChIJUxtR4ZXovi0RgLvif92yoYI,HARLAND WISATA KEBUN,"Belapunranga, Kec. Parangloe, Kabupaten Gowa, Sulawesi Selatan 92173, Indonesia",-5.225266899999999,119.6212366,Kabupaten Takalar,Sulawesi Selatan
ChIJf0wpAv0HvC0R5bbBd0uTzqU,Wisata Alam Buhung Tie Lotong-lotong,"G84Q+52C, Benjala, Kec. Bonto Bahari, Kabupaten Bulukumba, Sulawesi Selatan 92572, Indonesia",-5.492683,120.3384769,Kabupaten Bulukumba,Sulawesi Selatan
ChIJzWg3V0eFkS0RpLWxViOJihg,Monumen Juang Lesangi,"C8WG+PPV, Bone, Kec. Masamba, Kabupaten Luwu Utara, Sulawesi Selatan 92961, Indonesia",-2.5531386,120.3268042,Kabupaten Luwu Utara,Sulawesi Selatan
ChIJpbvOnBeIlC0RCwXk_CLzuzQ,Wisata Polewali Mandar - Rawa Bangun,"HCJ4+479, Batetangnga, Kec. Binuang, Kabupaten Polewali Mandar, Sulawesi Barat 91312, Indonesia",-3.4197186,119.4057384,Kabupaten Polewali Mandar,Sulawesi Barat
ChIJZRsduiYPvC0RGtHoA6AQm-E,Wisata alam & rekreasi borkal,"Jl. Poros Bonto Bahari-Kajang, Bonto Tangnga, Kec. Bonto Tiro, Kabupaten Bulukumba, Sulawesi Selatan 92572, Indonesia",-5.4510953,120.3594176,Kabupaten Bulukumba,Sulawesi Selatan
ChIJ9-RUZr5thzIRyV4DxunNSwA,Wale Ne Reideen Rumah Miring Tomohon,"Unnamed Road, Talete Dua, Tomohon Tengah, Tomohon City, North Sulawesi, Indonesia",1.3397848,124.855151,Kota Tomohon,Sulawesi Utara
ChIJ81ivbGRQFQURbkK1JKtWTL0,Museum Karaeng Pattingalloang,"RC53+GPF, Jl. Abd. Kadir, Benteng Somba Opu, Kec. Barombong, Kabupaten Gowa, Sulawesi Selatan 90225, Indonesia",-5.1911811,119.40429,Kota Makassar,Sulawesi Selatan
ChIJXzVIGpUovC0RToo0cAQzt1c,Permandian Alam Waetuwo,"W68G+694, Waetuwo, Kabupaten Bone",-5.0844751,120.2259381,Kabupaten Sinjai,Sulawesi Selatan
ChIJuVz2zKQCvy0RUy0koKv26uo,Klenteng Ibu Agung Bahari,"Jl. Sulawesi No.41, Pattunuang, Kec. Wajo, Kota Makassar, Sulawesi Selatan 90164, Indonesia",-5.130732099999999,119.4064554,Kota Makassar,Sulawesi Selatan
ChIJD5v5r5OzhzIRIiPu8N1IPbo,Bukit Savana Pulisan,"M5H2+PWV, Pulisan, Kec. Likupang Tim., Kabupaten Minahasa Utara, Sulawesi Utara, Indonesia",1.6793692,125.1522821,Kabupaten Minahasa Utara,Sulawesi Utara
ChIJVVVVlbayvi0RV7BoXs5QzQc,Masjid Taqwa Tompong,"CXX4+672, Jalan Bete-Bete, Letta",-5.5519909,119.9556295,Kabupaten Bantaeng,Sulawesi Selatan
ChIJUQJva6tfkS0R_prTwd6o0Sw,Kolam Renang Banua Wisata,"Kompleks SMK Pelayaran Samudera Nusantara Utama, Balandai, Kec. Bara, Kota Palopo, Sulawesi Selatan, Indonesia",-2.9726998,120.1817692,Kota Palopo,Sulawesi Selatan
ChIJm1mJ76Lvvi0RVlJNFhP2NPA,Bulu Saukang,"Bulu Saukang, Benteng Gajah, Kec. Tompobulu, Kabupaten Maros, Sulawesi Selatan, Indonesia",-5.161111099999999,119.6288889,Kabupaten Takalar,Sulawesi Selatan
ChIJ58eTVO7xmC0Rq4EsmpBn3PI,Pantai Batu Gong Kendari,"Jalan Poros Wisata Batu Gong, Toola Wawo, 4G94+PJQ, Batu Gong, Kec. Lalonggasumeeto, Kabupaten Konawe, Sulawesi Tenggara 93351, Indonesia",-3.880652299999999,122.5066228,Kabupaten Konawe,Sulawesi Tenggara
ChIJn-yRR74ueTIRnvWMJQbsTRM,Danau Limboto,"Danau Limboto, Kabupaten Gorontalo, Gorontalo, Indonesia",0.5800924,122.9831998,Kabupaten Gorontalo,Gorontalo
ChIJ99NhtaHTvS0R9-NdqV_gEHM,Togeo Beach,"Bulu-Bulu, Kec. Tonra, Kabupaten Bone, Sulawesi Selatan, Indonesia",-4.9149736,120.3067262,Kabupaten Sinjai,Sulawesi Selatan
ChIJT2_lAmVQFQURTo7wN_5JWYI,Rumah Adat Jeneponto,"Jalan Lakebodong, Benteng Somba Opu, Kec. Barombong, Kabupaten Gowa, Sulawesi Selatan 90225, Indonesia",-5.192855,119.4123105,Kota Makassar,Sulawesi Selatan
ChIJR9nJOujnvi0RFQyLiAJLpz4,Wisata Rumah Hobbit Bolangi 4,"Timbuseng, Bolangi, Timbuseng, Kec. Pattallassang, Kabupaten Gowa, Sulawesi Selatan 92175, Indonesia",-5.2407201,119.5910713,Kabupaten Takalar,Sulawesi Selatan
ChIJw2nMnd-Woy0Ri0i5V5QrNNs,Permandian Moko,"RHGM+7CR, Oempu, Kec. Tongkuno, Kabupaten Muna, Sulawesi Tenggara 93662, Indonesia",-5.174271099999999,122.583519,Kabupaten Buton Tengah,Sulawesi Tenggara
ChIJOePQQa__mC0RJnWOGY8UGVE,PANTAI PUDONGGALA,"6CMW+3JG, Jl. Wisata Pantai, Pudonggala, Kec. Sawa, Kabupaten Konawe Utara, Sulawesi Tenggara 93352, Indonesia",-3.767321,122.4465676,Kabupaten Konawe,Sulawesi Tenggara
ChIJCVATxUqPmC0RVbOPjDNH4Q0,Bukit Alebo,"VCMX+C22, Alebo, Kec. Konda, Kabupaten Konawe Selatan, Sulawesi Tenggara 93874, Indonesia",-4.1164926,122.4475227,Kabupaten Konawe,Sulawesi Tenggara
ChIJcQmIAQaAui0R1P6U2PP5ze4,Taman Nasional Taka Bonerate,"Jl. S. Parman No.40, Pulau Tinabo Besar, Kec. Taka Bonerate, Kab. Kepulauan Selayar, Sulawesi Selatan 92812, Indonesia",-6.5670768,121.098985,Kabupaten Kepulauan Selayar,Sulawesi Selatan
ChIJBdDoS2aYji0RcZ6Ou00Hor4,Rano Kalimpaa,"Rano Kalimpaa, Sedoa, Kec. Lore Utara, Kabupaten Poso, Sulawesi Tengah, Indonesia",-1.3275,120.3072222,Kabupaten Poso,Sulawesi Tengah
ChIJ4a_svAEteTIRlT4NE69-g8o,"Embung Hutadaa, Talaga Jaya","H2G6+3VX, Unnamed Road, Hutadaa, Kabupaten Gorontalo",0.5752417,123.0122309,Kota Gorontalo,Gorontalo
ChIJlTzCthHxiy0Rlf2xF2Nkigs,Wisata Pemancingan dan Kuliner Lembah Sigi,"2WQ6+6X4, Jl. Bufupanda, Lolu, Kec. Sigi Biromaru, Kabupaten Sigi, Sulawesi Tengah 94231, Indonesia",-0.9619777,119.9124549,Kota Palu,Sulawesi Tengah
ChIJUxsrgr4LizIRqoHeqV6CFho,Puncak Pusunge Tahuna,"JGJ4+45F, Lenganeng, Kec. Tabukan Utara, Kabupaten Kepulauan Sangihe, Sulawesi Utara, Indonesia",3.6303061,125.5054126,Kabupaten Kepulauan Sangihe,Sulawesi Utara
ChIJdWK7MjRxpC0RQj7a9fVxWuA,Museum Keraton Buton,"GJ92+QV9, Baadia, Kec. Murhum, Kota Bau-Bau, Sulawesi Tenggara 93711, Indonesia",-5.4805885,122.6022422,Kota Baubau,Sulawesi Tenggara
ChIJm9ZeQAz2fTIRFsXgO_SXszo,Pantai Moinit,"5FMR+V5M, Tewasen, Kec. Amurang Bar., Kabupaten Minahasa Selatan, Sulawesi Utara, Indonesia",1.1847225,124.4904066,Kabupaten Minahasa Selatan,Sulawesi Utara
ChIJB0Lzb5_rki0RNU4LRZWFyJI,Pantai Tae Manu Belang-Belang,"Unnamed Road, G4PG+5V5, Belang-Belang, Kalukku, Mamuju Regency, West Sulawesi 91561, Indonesia",-2.4646198,119.1272315,Kabupaten Mamuju,Sulawesi Barat
ChIJmTPm-Jvdki0Rn4W-jZgEmqg,Bukit Jati Gentungan Mamuju,"92RH+HJJ, Bebanga, Kec. Kalukku, Kabupaten Mamuju, Sulawesi Barat 91561, Indonesia",-2.60853,119.0290023,Kabupaten Mamuju,Sulawesi Barat
ChIJlfO6j97KgDIReAinGHdfr6w,Tumbak Island Cottage Ratahan,"Tumbak, Pusomaen, Kabupaten Minahasa Tenggara, Sulawesi Utara 95997, Indonesia",0.9748999,124.887656,Kabupaten Minahasa Tenggara,Sulawesi Utara
ChIJozOReV_Uoi0RR2j2C4YDXMI,Bukit Teletubbies,"5PM4+R67, Waemputang, Kec. Poleang Sel., Kabupaten Bombana, Sulawesi Tenggara 93773, Indonesia",-4.8154745,121.7055532,Kabupaten Bombana,Sulawesi Tenggara
ChIJiQi78hMJgy0R9SKjjcv8Qbg,Lambangan Pauno,"Lambangan Pauno, Banggai Laut, Central Sulawesi 94891, Indonesia",-1.5710066,123.5546648,Kabupaten Banggai Kepulauan,Sulawesi Tengah
ChIJwdnzN8cLhzIR8Yi0A7Zygj0,Mimpi pool club manado,"Jl. Ring Road Jaga IX manado, Kairagi Weru, Kec. Paal Dua, Kabupaten Minahasa Utara, Sulawesi Utara 95378, Indonesia",1.477962,124.8910726,Kota Manado,Sulawesi Utara
ChIJRdJ-mLLVfjIR8x4_l2gL_KI,RTH Suwawa,"G4MP+Q74, Boludawa, Kec. Suwawa, Kabupaten Bone Bolango, Gorontalo 96113, Indonesia",0.5343998000000001,123.135701,Kabupaten Bone Bolango,Gorontalo
ChIJ825Bm7fjoi0R_28OkI8P4GE,Pantai Tanjung Tabako,"54P5+9HR, Banda Sea, Lampata, Kabupaten Bombana, Sulawesi Tenggara, Indonesia",-4.814003,122.1088814,Kabupaten Muna Barat,Sulawesi Tenggara
ChIJ6XcDT3PFvi0Rwqe_mItlZO4,Air terjun Timurung,"HJRV+J7M, Dusun Bungasunggu, Batumalonro, Kec. Biringbulu, Kabupaten Gowa, Sulawesi Selatan 90244, Indonesia",-5.408409499999999,119.6431815,Kabupaten Takalar,Sulawesi Selatan
ChIJE5OF6BYDejIRxMHc5HYcEs8,AIR TERJUN TALOKAN,"3QFM+HG5, Tayokan, Kec. Paleleh Bar., Kabupaten Buol, Sulawesi Tengah 94568, Indonesia",1.0738752,121.7838583,Kabupaten Buol,Sulawesi Tengah
ChIJO79gj3SRlS0RpN-F7oOtCF4,Air Terjun Manuba,"QM5C+RCF, Manuba, Kec. Mallusetasi, Kabupaten Barru, Sulawesi Selatan 90753, Indonesia",-4.240431399999999,119.6710347,Kabupaten Barru,Sulawesi Selatan
ChIJlcjh3zPhky0RekxjE8Lm-TE,Sungai Jodoh,"X5G5+G3H, Murante, Kec. Mungkajang, Kota Palopo, Sulawesi Selatan 91921, Indonesia",-3.0236966,120.1577278,Kabupaten Toraja Utara,Sulawesi Selatan
ChIJ7-dOWFQKky0RCIIrGrizEl8,Situs To'pao Pusat Sejarah Kondosapata',"394F+WR3, Mamasa, Kec. Mamasa, Kabupaten Mamasa, Sulawesi Barat 91365, Indonesia",-2.9427305,119.3745439,Kabupaten Mamasa,Sulawesi Barat
ChIJJR4tUnYrfzIRFiN4agwS3os,Puncak Botubarani,"Botubarani, Kabupaten Bone Bolango",0.4764931,123.0960258,Kabupaten Bone Bolango,Gorontalo
ChIJT4pvpxgMhC0RfUX-PBaUjFw,Mata Air Paisu Batango Desa Luk Panenteng,"QXM8+MG5, Luk Panenteng, Kec. Bulagi Utara, Kabupaten Banggai Kepulauan, Sulawesi Tengah 94882, Indonesia",-1.215858,122.9663464,Kabupaten Banggai Laut,Sulawesi Tengah
ChIJj58XFK4rfzIROA4fFZrSqeM,Wisata pantai kaisomaru,"Leato Sel., Kota Gorontalo",0.4870463999999999,123.0833762,Kabupaten Bone Bolango,Gorontalo
ChIJd7mQLgW3vi0RzasaSpX31JE,Permandian Lambiria,"Unnamed Road, HVPH+5F8, Cikoro, Kec. Tompobulu, Kabupaten Gowa, Sulawesi Selatan 92175, Indonesia",-5.4145952,119.8787023,Kabupaten Bantaeng,Sulawesi Selatan
ChIJ6wAwoejtky0RVzbatP0XeWQ,Buntu Burake,"Buntu Burake, Kec. Makale, Kabupaten Tana Toraja, Sulawesi Selatan, Indonesia",-3.0925,119.8697222,Kabupaten Tana Toraja,Sulawesi Selatan
ChIJsfFMqMwLjC0RjN5v9PcrmFk,Wisata Air Terjun Mantikole,"Unnamed Road Bar No.94362, Balomoa, Kec. Dolo Bar., Kabupaten Sigi, Sulawesi Tengah 94362, Indonesia",-1.08497,119.864284,Kabupaten Pasangkayu,Sulawesi Barat
ChIJ0d8mvdcSlC0RIlTrNioz_YU,Wisata Cekong,"HQGX+3H2, Tanete, Kec. Anggeraja, Kabupaten Enrekang, Sulawesi Selatan 91752, Indonesia",-3.4248672,119.7988865,Kabupaten Enrekang,Sulawesi Selatan
ChIJ6fiDLN4ThzIROqk4eLx82Gw,Wale Ti Siri Puncak Rurukan Sulawesi Utara,"8VPJ+QR3, Unnamed Road, Rurukan Satu, Kota Tomohon",1.3355005,124.881289,Kota Tomohon,Sulawesi Utara
ChIJyWNPDcMnvy0RxtfHGeb7lS0,Kawasan Benteng Sanrobone,"H9CR+C5R, Sanrobone, Kec. Sanrobone, Kabupaten Takalar, Sulawesi Selatan 92231, Indonesia",-5.4288931,119.390404,Kabupaten Takalar,Sulawesi Selatan
ChIJz_O5x0i9iy0RP3R_bmh-trQ,Pantai Hayalan Donggala,"Salubomba, Kec. Banawa Tengah, Kabupaten Donggala, Sulawesi Tengah 94351, Indonesia",-0.7368646,119.6833306,Kabupaten Donggala,Sulawesi Tengah
ChIJc_VYKv2WmC0RrMzPUWaxwGY,Pantai Senja,"Pantai Senja, Wawatu, Moramo Utara, South Konawe Regency, South East Sulawesi 93891, Indonesia",-4.085559,122.6618345,Kabupaten Konawe,Sulawesi Tenggara
ChIJRSOzjn7pvi0RVlv8UnSriqg,Air Terjun Lembah Karaeng,"PMG5+XV6, Bilalang, Kec. Manuju, Kabupaten Gowa, Sulawesi Selatan 92173, Indonesia",-5.272599599999999,119.6596527,Kabupaten Takalar,Sulawesi Selatan
ChIJ4ZxC_DhklC0ReUNDRGsD4jw,Permandian Alam Air Panas Lemo Susu,"GGVR+RQ5, Betteng, Kec. Lembang, Kabupaten Pinrang, Sulawesi Selatan 91254, Indonesia",-3.4554827,119.5419822,Kabupaten Polewali Mandar,Sulawesi Barat
ChIJG4shaBynhzIRM2NB_505vgc,Casa de Lotus,"GX6F+683, Tetey, Kabupaten Minahasa Utara",1.5105024,124.9733052,Kabupaten Minahasa Utara,Sulawesi Utara
ChIJA9qNkfftiy0RExlzQn5zo-g,Taman patung kuda bumi bahari,"4R5W+PQM, Jl. Bantilan, Lere, Kec. Palu Bar., Kota Palu, Sulawesi Tengah 94221, Indonesia",-0.8906687,119.8469336,Kota Palu,Sulawesi Tengah
ChIJQwRhxJXGiy0RE1-Pzkij3ks,Telaga Sibili Pantoloan,"7VX7+C7M, Jl. Pengga Lembah, Pantoloan, Kec. Tawaeli, Kota Palu, Sulawesi Tengah 94352, Indonesia",-0.7014022999999999,119.8631871,Kabupaten Donggala,Sulawesi Tengah
ChIJT1blc6S9mi0R2vdHbqZ8vl4,Penangkaran RUSA Desa Wosu,"Wosu, Kec. Bungku Bar., Kabupaten Morowali, Sulawesi Tengah 94976, Indonesia",-2.3544628,121.8263824,Kabupaten Morowali,Sulawesi Tengah
ChIJmYKHKCr8vi0R7ZD8rGb-0wc,Desa Wisata Untia,"WFJ9+RXQ, Jl. Salodong, Untia, Kec. Biringkanaya, Kabupaten Maros, Sulawesi Selatan, Indonesia",-5.0679203,119.4699826,Kota Makassar,Sulawesi Selatan
ChIJ0UBzZ52mpy0R1_n_P2H9LTk,Pulau Binongko,"Pulau Binongko, Kabupaten Wakatobi, Sulawesi Tenggara, Indonesia",-5.9503049,124.0307246,Kabupaten Wakatobi,Sulawesi Tenggara
ChIJwSEtm0YLfjIRHQD2R-m_gi0,Pantai Lolan,"Lolan, Kec. Bolaang Tim., Bolmong, Sulawesi Utara, Indonesia",0.9516436,124.1678017,Kabupaten Bolaang Mongondow,Sulawesi Utara
ChIJgTe4H0i_lC0R0oNHz0lK3lk,Museum - Ziekenhuis - Mandar Majene,"Jl. Raden Suradi, Pangali-Ali, Kec. Banggae, Kabupaten Majene, Sulawesi Barat, Indonesia",-3.5441966,118.9632956,Kabupaten Majene,Sulawesi Barat
ChIJzcVzRdpthzIRUXYaLNf-82w,Taman Wisata Alam Kota Tomohon,"Jl. Tomohon - Rurukan, Talete Satu, Kec. Tomohon Tengah, Kota Tomohon, Sulawesi Utara, Indonesia",1.3326614,124.8509885,Kota Tomohon,Sulawesi Utara
ChIJc9HbXizdlS0RJvY0tMcG09k,Gelora Wisata Desa Nepo,"Jl. Pelita, Nepo, Kec. Tana Sitolo, Kabupaten Wajo, Sulawesi Selatan 90951, Indonesia",-4.0902703,120.0209855,Kabupaten Soppeng,Sulawesi Selatan
ChIJuWHnqsYucTIRy9WAaZ_zfm4,Pijar Beach Cottages,"Lalos, Kabupaten Toli-Toli",1.1282115,120.787075,Kabupaten Buol,Sulawesi Tengah
ChIJwzJgnK1Nvi0RoJ0pT46KmCM,Wisata Hutan Mangrove Dewi Biringkassi,"Jl. Poros Biringkassi, Bulu Cindea, Kec. Bungoro, Kabupaten Pangkajene Dan Kepulauan, Sulawesi Selatan 90651, Indonesia",-4.8105777,119.4981458,Kabupaten Pangkajene Dan Kepulauan,Sulawesi Selatan
ChIJ_____6OhhzIRjuFQNspICbM,Air Terjun Kima Atas,"Kima Atas, Kec. Mapanget, Kota Manado, Sulawesi Utara, Indonesia",1.5567479,124.897046,Kota Manado,Sulawesi Utara
ChIJ46-A4U1Mny0R417t_Z3oMmw,Air Terjun Tumburano,"Lansilowo, Kec. Wawonii Utara, Konawe Kepulauan, Sulawesi Tenggara 93393, Indonesia",-4.061442899999999,123.1362137,Kabupaten Konawe Kepulauan,Sulawesi Tenggara
ChIJzcqASu_Vvi0RPa-1EnLghzQ,Tanggul Topejawa,"Unnamed Road,, FCHP+33V, Topejawa, Kec. Mangarabombang, Kabupaten Takalar, Sulawesi Selatan 92261, Indonesia",-5.5222633,119.4351689,Kabupaten Takalar,Sulawesi Selatan
ChIJHXbX_Kujvi0R0PkE1y28EMc,Air Terjun Kembar Desa Barambang,"P22F+9PQ, Barambang, Kec. Sinjai Borong, Kabupaten Sinjai, Sulawesi Selatan 92662, Indonesia",-5.2990375,120.0243594,Kabupaten Gowa,Sulawesi Selatan
ChIJ2xZb8lajvi0RCJHcFUyUHWY,Donggia Kahayya,"Donggia, Desa Kahayya, Kec. Kindang, Kabupaten Bulukumba, Sulawesi Selatan 92662, Indonesia",-5.3244659,120.002026,Kabupaten Gowa,Sulawesi Selatan
ChIJG4SCCosMmS0R-cJXbPWgeFw,labengki Pasir Panjang,"GFM8+9J7, Laut Banda, Cipulir, Kebayoran Lama",-3.466585,122.46654,Kabupaten Konawe,Sulawesi Tenggara
ChIJxUghReDXki0R0a3cZG4hoq4,Rangas Beach,"8RRX+5WV, Jl. Abdul Malik Pattana Endeng, Rangas, Kec. Simboro Dan Kepulauan, Kabupaten Mamuju, Sulawesi Barat 91512, Indonesia",-2.6595075,118.8497894,Kabupaten Mamuju,Sulawesi Barat
ChIJC4RGZjJdmC0Rz2i9w-N34RE,AGRA Wisata,"265J+HGR, Jl. Syamsudin, Laloika, Kec. Pondidaha, Kabupaten Konawe, Sulawesi Tenggara 93463, Indonesia",-3.9910164,122.2312753,Kabupaten Kolaka Timur,Sulawesi Tenggara
ChIJQX0eWcKFmC0RnO7f7WPe-XA,Puncak Tiriondahi,"VG43+MCV, Tanea, Kec. Konda, Kabupaten Konawe Selatan, Sulawesi Tenggara 93874, Indonesia",-4.1432555,122.5035561,Kabupaten Konawe,Sulawesi Tenggara
ChIJd902ZprYki0R-l3qM4glql8,Air Terjun Tammasapi,"7WWC+8HX, Mamunyu, Kec. Mamuju, Kabupaten Mamuju, Sulawesi Barat 91511, Indonesia",-2.7041408,118.921493,Kabupaten Mamuju,Sulawesi Barat
ChIJtWMN0-SLlS0RILdXpVZh_AY,Air Terjun To Magelli,"Kamiri, MP83+5QX, Balusu, Kamiri, Kec. Barru, Kabupaten Barru, Sulawesi Selatan 90762, Indonesia",-4.3345057,119.7044969,Kabupaten Barru,Sulawesi Selatan
ChIJ1bJNTcIUhzIRxupVewwOlss,Danau Tombakar (Ranowangko),"7VQJ+QJ5, Tataaran Dua, Kec. Tondano Bar., Kabupaten Minahasa, Sulawesi Utara, Indonesia",1.2893942,124.8815994,Kabupaten Minahasa,Sulawesi Utara
ChIJJ8n3vmDYki0RAfReAdmP254,Kelapa Tujuh,"8W32+XG5, Rimuku, Kec. Mamuju, Kabupaten Mamuju, Sulawesi Barat 91511, Indonesia",-2.6951068,118.901354,Kabupaten Mamuju,Sulawesi Barat
ChIJr1l3YhkrfzIRcjWRbSyomWA,Pantai Exotic,"Pantai Exotic, Huangobotu, Kabila Bone, Bone Bolango Regency, Gorontalo 96117, Indonesia",0.4668198,123.1070122,Kabupaten Bone Bolango,Gorontalo
ChIJ0-VJF5I0ui0RUEyIrhzktQ0,Museum Nekara,"Bontobangung, Kec. Bontoharu, Kab. Kepulauan Selayar, Sulawesi Selatan 92812, Indonesia",-6.1494193,120.4539371,Kabupaten Kepulauan Selayar,Sulawesi Selatan
ChIJc5sDpOllkC0RJ-vkBYSBqko,Pantai Impian,"F9G9+CR3, Jl. Danau Matano, Sorowako, Kabupaten Luwu Timur",-2.5239792,121.3695439,Kabupaten Luwu Timur,Sulawesi Selatan
ChIJNyGMXGh1hzIRUOWXjQTxdo4,Tugu Lilin,"FRVQ+Q7J, Kota Manado, Sulawesi Utara 55281, Indonesia",1.49447,124.8381266,Kota Manado,Sulawesi Utara
ChIJvdbPlCi6lC0RP25ZXQVnQ1c,Pesisir Pantai Pamboang,"GV6W+6C3, Lalampanua, Kec. Pamboang, Kabupaten Majene, Sulawesi Barat 91451, Indonesia",-3.4894852,118.8960513,Kabupaten Majene,Sulawesi Barat
ChIJiwqZjVPsiy0RuRhZ1bJEM9c,Pantai Talise,"Pantai Talise, Indonesia",-0.882096,119.8416667,Kota Palu,Sulawesi Tengah
ChIJ7_mwSb73iy0Ra9uyUhpQyG8,Wisata Vatu Nonju,"XW9X+GP9, Watunonju, Sigi Kota, Kabupaten Sigi, Sulawesi Tengah 94364, Indonesia",-1.0312101,119.9493574,Kabupaten Sigi,Sulawesi Tengah
ChIJD5DJVMuLly0R5k1Y5ei24-E,Bumi Perkemahan Ulunggolaka,"2HGM+V36, Unnamed Road, Ulunggolaka",-3.9728446,121.5826389,Kabupaten Kolaka,Sulawesi Tenggara
ChIJldTI-FHYpi0RvyLsH_CYLNw,Balai Taman Nasional Wakatobi,"Lagiwae, FQW4+GXG, Kaledupa, Ambeua, Kec. Kaledupa, Kabupaten Wakatobi, Sulawesi Tenggara 93792, Indonesia",-5.503683199999999,123.7574683,Kabupaten Wakatobi,Sulawesi Tenggara
ChIJg3HXeYJ4oS0Rei8TOKmhsQs,Pantai Mowuru,"6624+77H, Jln, Saraea, Linsowu, Kec. Kulisusu, Kabupaten Buton Utara, Sulawesi Tenggara 93752, Indonesia",-4.7993086,123.2057375,Kabupaten Buton Utara,Sulawesi Tenggara
ChIJz1NIH3PpmC0R6THjv-sQ32g,Pantai Nipa Nipa,"Pantai Nipa Nipa, Soropia, Kabupaten Konawe, Sulawesi Tenggara 93351, Indonesia",-3.8966078,122.6647957,Kabupaten Konawe,Sulawesi Tenggara
ChIJm-oGtZGulS0RX3ibfsXHwf4,Pantai Jampue,"Jampu e, Lanrisang, Kec. Lanrisang, Kabupaten Pinrang, Sulawesi Selatan, Indonesia",-3.9107561,119.5439674,Kabupaten Pinrang,Sulawesi Selatan
ChIJWdHakTb-hjIRdt96CP3Wmoo,Pantai Sarena,"Jalan Maluku, F65M+X8H, Sea, Malalayang, Tandurusa, Kota Manado, Sulawesi Utara, Indonesia",1.4599273,125.2333494,Kota Bitung,Sulawesi Utara
ChIJu6hNE2aucDIRFlf_eoYORXo,Pantai Negeri Lama (Nelam),"Pantai Negeri Lama (Nelam), Negeri Lama, Kec. Bokat, Kabupaten Buol, Sulawesi Tengah 94564, Indonesia",1.11209,121.4812401,Kabupaten Buol,Sulawesi Tengah
ChIJH5bbvennvi0RaEPVKbUTeWw,Pangngalleang toppa',"PGWP+F48, Pakatto, Kabupaten Gowa",-5.2538268,119.535337,Kota Makassar,Sulawesi Selatan
ChIJmUiTPsIVlC0RjAg7zYD0zGk,Mendatte Park,"Mendatte, Kec. Anggeraja, Kabupaten Enrekang, Sulawesi Selatan 91752, Indonesia",-3.4753466,119.7988033,Kabupaten Enrekang,Sulawesi Selatan
ChIJs14niDkjvC0RDJdyQmvi23I,Pantai marana,"R78P+32, Pasimarannu, Kabupaten Sinjai, Sulawesi Selatan, Indonesia",-5.1847956,120.2850905,Kabupaten Sinjai,Sulawesi Selatan
ChIJb-GCeVM2eDIRYdkEUD-Iclg,Pulau Lahe,"CX83+M9M, Pohuwato Tim., Kec. Marisa, Kabupaten Pohuwato, Gorontalo, Indonesia",0.4167243,121.9534288,Kabupaten Pohuwato,Gorontalo
ChIJcXa6W_P_hjIRRN0BT8dS-7E,Pantai Kambahu,"F6RP+R9F, Makawidey, Aertembaga, Kota Bitung, Sulawesi Utara, Indonesia",1.4920649,125.2359228,Kota Bitung,Sulawesi Utara
ChIJm5rrd0y_lC0RSg8CXIm3RPQ,Taman Makam Pahlawan,"FX24+FJ8, Jl. Gatot Subroto, Pangali-Ali, Kec. Banggae, Kabupaten Majene, Sulawesi Barat, Indonesia",-3.5488326,118.956575,Kabupaten Majene,Sulawesi Barat
ChIJWeuLoG4pvi0RiAM3nMm4-sI,Pantai Sumpang Binangae,"Sumpang Binangae, Kec. Barru, Kabupaten Barru, Sulawesi Selatan 90712, Indonesia",-4.403241,119.603488,Kabupaten Barru,Sulawesi Selatan
ChIJ7zUAN4oPoi0RRUCCv02qQKE,DESA Wisata Namu,"Namu, Laonti, Kabupaten Konawe Selatan, Sulawesi Tenggara 93892, Indonesia",-4.3711717,122.8963964,Kabupaten Buton Utara,Sulawesi Tenggara
ChIJMUrPcP5MlC0Rta_dxJCPtCg,Taman Marannu,"6M52+6Q9, Jaya, Kec. Watang Sawitto, Kabupaten Pinrang, Sulawesi Selatan 91213, Indonesia",-3.7919591,119.6519749,Kabupaten Pinrang,Sulawesi Selatan
ChIJN5CdyJBjfjIR5VyzJOXoSO8,Pantai Babo Moonow,"RVQ9+6VX, Jl. Trans Sulawesi, Babo, Kec. Sangtombolang, Kabupaten Bolaang Mongondow, Sulawesi Utara, Indonesia",0.8381058,123.8697295,Kabupaten Bolaang Mongondow,Sulawesi Utara
ChIJlxJ1vj-Tly0RbAiQTA3uLkE,Pantai Indah Kapu,"XCX9+WPW, Sani Sani, Kec. Samaturu, Kabupaten Kolaka, Sulawesi Tenggara, Indonesia",-4.000138499999999,121.4193307,Kabupaten Kolaka,Sulawesi Tenggara
ChIJR7ia85iyoy0RsNVZtLh7bHU,Permandian Matakidi,"4GWW+84P, Latugho, Kec. Lawa, Kabupaten Muna, Sulawesi Tenggara 93652, Indonesia",-4.854164,122.5453371,Kabupaten Muna,Sulawesi Tenggara
ChIJlSMEaOFXkS0RnknWldC-tEc,"Negeri Seribu Batu (NeBuBa) ""Pondok Mahari""","Bukit Harapan, Kec. Bua, Kota Palopo, Sulawesi Selatan, Indonesia",-3.1303059,120.2086798,Kabupaten Luwu,Sulawesi Selatan
ChIJoYsqt2SthzIRRGvO0jqeraI,Khenjiro Beach,"Rinondoran, Kec. Likupang Tim., Kabupaten Minahasa Utara, Sulawesi Utara, Indonesia",1.6199343,125.1426787,Kabupaten Minahasa Utara,Sulawesi Utara
ChIJzfn56mKpoy0R_4Bnesrn_fY,Mata Air Sangia,"3CP7+6P7, Kabangka, Kec. Kabangka, Kabupaten Muna, Sulawesi Tenggara 93664, Indonesia",-4.9144672,122.4142984,Kabupaten Muna,Sulawesi Tenggara
ChIJTbmRToj3lS0RMrrr-fJufXQ,Maccahaya Waterboom,"JWH4+JQW, Lalabata Rilau, Kec. Lalabata, Kabupaten Soppeng, Sulawesi Selatan 90812, Indonesia",-4.370898899999999,119.9069463,Kabupaten Barru,Sulawesi Selatan
ChIJU68XzkS1iy0R0LfMoub1tHM,Obyek Wisata Pantai Vatu Mapida,"FQ8G+RQR, Jl. Tolitoli - Palu, Enu, Kec. Sindue, Kabupaten Donggala, Sulawesi Tengah 94353, Indonesia",-0.5328902000000001,119.7769036,Kabupaten Donggala,Sulawesi Tengah
ChIJDZUSZlBljS0RAyUIsZa0usc,Pantai Tumbu,"X6MC+RW2, Tumbu, Kec. Topoyo, Kabupaten Mamuju, Sulawesi Barat 91563, Indonesia",-2.0166196,119.2215951,Kabupaten Mamuju,Sulawesi Barat
ChIJ4-d0ycYYfjIRLvP3xvmUV-8,Gunung Ambang,"Gunung Ambang, Bongkudai Utara, Kec. Modayag, Kabupaten Bolaang Mongondow Timur, Sulawesi Utara, Indonesia",0.7658332999999999,124.4036111,Kabupaten Bolaang Mongondow,Sulawesi Utara
ChIJRSumawAPhzIRmUJs9x9KvjI,Rote Park Sawangan,"9XP3+5W6 Rote Park, Sawangan, Kec. Airmadidi, Kabupaten Minahasa Utara, Sulawesi Utara, Indonesia",1.3854221,124.9547608,Kabupaten Minahasa,Sulawesi Utara
ChIJx3LyuM3TvS0RkWAbcjTQFUA,Puncak Kelor Ta Wanua Tonra,"Bulu-Bulu, Kec. Tonra, Kabupaten Bone, Sulawesi Selatan, Indonesia",-4.911049,120.3035954,Kabupaten Sinjai,Sulawesi Selatan
ChIJ95TCe-w1mi0Rkr2uQhoxfOs,Pasir Panjang,"38Q7+FV, Puungkeu, Kec. Bungku Pesisir, Kabupaten Morowali, Sulawesi Tengah 94974, Indonesia",-2.9112369,122.3146272,Kabupaten Konawe Utara,Sulawesi Tenggara
ChIJvYFBucPuky0Rj9ThsdaP7a8,Tongkonan Karuaya,"XW26+4VM, Tumbang Datu, Kec. Sangalla Utara, Kabupaten Tana Toraja, Sulawesi Selatan 91817, Indonesia",-3.0496599,119.9121864,Kabupaten Tana Toraja,Sulawesi Selatan
ChIJI3zMSsILvC0RLMskBRL8bIE,Pantai Ujung Tiro,"GFF2+6HX, Kec. Bonto Tiro, Kabupaten Bulukumba, Sulawesi Selatan 92572, Indonesia",-5.476894,120.4514888,Kabupaten Bulukumba,Sulawesi Selatan
ChIJi0f0N8bnvS0RXyc9QK1IWNU,Permandian Rindu Alam Apala,"Jl. Poros Bone, Apala, Kec. Barebbo, Kabupaten Bone, Sulawesi Selatan 92771, Indonesia",-4.613311200000001,120.3154737,Kabupaten Bone,Sulawesi Selatan
ChIJ71BxJOYMly0R6pHrQYS-lNY,Gunung Mekongga,"Gunung Mekongga, Walasiho, Kec. Wawo, Kabupaten Kolaka Utara, Sulawesi Tenggara, Indonesia",-3.665,121.2358333,Kabupaten Kolaka Utara,Sulawesi Tenggara
ChIJKz90KhwBky0RP9NttEIfEfM,Tanete Gandangdewata,"Tanete Gandangdewata, Gandang Dewata, Kec. Tabulahan, Kabupaten Mamasa, Sulawesi Barat, Indonesia",-2.7483333,119.3683333,Kabupaten Mamasa,Sulawesi Barat
ChIJJSCOQYHtuy0RlygXtep0z5Y,Bira Point Of View(one piece),"Bira, Kec. Bonto Bahari, Kabupaten Bulukumba, Sulawesi Selatan, Indonesia",-5.6788266,120.4775427,Kabupaten Bulukumba,Sulawesi Selatan
ChIJDZwjuBIVlC0RtMt0MilcxSw,Gunung Nona,"GRH6+WM, Rosoan, Kec. Enrekang, Kabupaten Enrekang, Sulawesi Selatan 91752, Indonesia",-3.4702303,119.8116813,Kabupaten Enrekang,Sulawesi Selatan
ChIJ50OQPe6qhzIRPc_jPs-MRms,Gunung Batuangus,"Gn. Batuangus, Kasawari, Aertembaga, Kota Bitung, Sulawesi Utara, Indonesia",1.5183333,125.1827778,Kota Bitung,Sulawesi Utara
ChIJJUXVyxhrpC0RpPq0U-wifVA,Wisata Jembatan Lingkar,"8MRP+6F9, Wawowangi, Batulo, Kec. Sampolawa, Kabupaten Buton, Sulawesi Tenggara 93716, Indonesia",-5.659474899999999,122.6862224,Kabupaten Buton,Sulawesi Tenggara
ChIJ_zRZXX8xfzIR7KllxSugzcs,Pantai tihu,"9698+4J5, Tihu, Kec. Bonepantai, Kabupaten Bone Bolango, Gorontalo, Indonesia",0.3677629,123.2166079,Kabupaten Bone Bolango,Gorontalo
ChIJJQjyDw8xoS0Rjgb0NjLoLYM,PANTAI WAIKESA,"Waelumu, Wangi-Wangi Sel., Kabupaten Wakatobi, Sulawesi Tenggara 93791, Indonesia",-5.2502651,123.5616922,Kabupaten Wakatobi,Sulawesi Tenggara
ChIJL4gM86UreTIRsTBZKgHCnlo,Wisata Pemandian Potanga,"G2VG+PWJ Bar, Pilolodaa, Kec. Kota Bar., Kabupaten Gorontalo, Gorontalo 96181, Indonesia",0.5443437999999999,123.0272694,Kota Gorontalo,Gorontalo
ChIJCfO2n3FPeTIRmBiGFPNMOKI,Benteng Oranje,"VW27+6M5, Dambalo, Kec. Kwandang, Kabupaten Gorontalo Utara, Gorontalo 96252, Indonesia",0.8505125,122.9142344,Kabupaten Gorontalo Utara,Gorontalo
ChIJVVVVpRLjvi0RrTXsnMfUR6k,Danau Balang Tonjong,"Balang Tonjong, RFMP+HP4, Antang, Kec. Manggala, Kota Makassar, Sulawesi Selatan 90234, Indonesia",-5.1661189,119.4868416,Kota Makassar,Sulawesi Selatan
ChIJC3SYaJV2pC0RGZ7R4E9chhw,Istana Malige,"GJR4+VPM, Tomba, Kec. Wolio, Kota Bau-Bau, Sulawesi Tenggara 93717, Indonesia",-5.457786,122.606812,Kota Baubau,Sulawesi Tenggara
ChIJk7Bn7Frhvi0RVazBPcmzd2M,Danau Mawang,"Danau Mawang, Mawang, Kec. Somba Opu, Kabupaten Gowa, Sulawesi Selatan, Indonesia",-5.22,119.4975,Kota Makassar,Sulawesi Selatan
ChIJSQE337jymC0R9Jyb91uoaaE,Museum Negeri Provinsi Sulawesi Tenggara,"Jl. Abunawas No.113, Bende, Kec. Kadia, Kota Kendari, Sulawesi Tenggara 93461, Indonesia",-3.9770569,122.517751,Kota Kendari,Sulawesi Tenggara
ChIJf_8IsC_dkC0RQjog2INoDDA,pulau bintang tolala,"23VC+22G, Kec. Tolala, Kabupaten Kolaka Utara, Sulawesi Tenggara, Indonesia",-2.9574427,121.0700678,Kabupaten Kolaka Utara,Sulawesi Tenggara
ChIJV_9Py3ZBhzIRi3yn_KCmQI8,Goa Jepang Kawangkoan,"6Q7Q+FH9, Jl. Raya Kawangkoan Manado, Uner, Kec. Kawangkoan Utara, Kabupaten Minahasa, Sulawesi Utara, Indonesia",1.2136712,124.7889798,Kabupaten Minahasa,Sulawesi Utara
ChIJ5YNg-h4Pgy0RRFcAtr2-d2s,Pantai Pasir Putih,"9HRC+M32, Pasir Putih, Kec. Banggai, Kab. Banggai Laut, Sulawesi Tengah 94891, Indonesia",-1.6083648,123.5701301,Kabupaten Banggai Kepulauan,Sulawesi Tengah
ChIJr5I8Cgq7lS0R_20Q3ANI2fA,Bukit Marezo,"XM96+PWF, Jl. MP. Remmang, Lemoe, Kec. Bacukiki, Kota Parepare, Sulawesi Selatan 91121, Indonesia",-4.0306875,119.6622813,Kota Parepare,Sulawesi Selatan
ChIJ_Rt8oAhthzIRbjzSxT9rntE,Tomohon Show Window,"9R2F+R2H, Kakaskasen Dua, Kec. Tomohon Utara, Kota Tomohon, Sulawesi Utara, Indonesia",1.3520731,124.8226209,Kota Tomohon,Sulawesi Utara
ChIJp2nZvm0bhzIRvUSLwpa77Ng,Pantai Lilang,"Kema - Makalisung, Kec. Kema, Kabupaten Minahasa Utara, Sulawesi Utara, Indonesia",1.3275644,125.0660566,Kabupaten Minahasa,Sulawesi Utara
ChIJ9X-nVyO6lC0Rv93FC4rz0Ag,Taraujung Pamboang,"GV8M+PGF, Lalampanua, Kec. Pamboang, Kabupaten Majene, Sulawesi Barat 91451, Indonesia",-3.4831875,118.8837969,Kabupaten Majene,Sulawesi Barat
ChIJg2M-PAAxvS0RniDSHTZojRA,PANTAI KARANG EMPAT,"8F88+RR, Ranokomea, Kec. Poleang Bar., Kabupaten Bombana, Sulawesi Tenggara, Indonesia",-4.682999,121.4670435,Kabupaten Bombana,Sulawesi Tenggara
ChIJQ6yJkmTJkS0RZY1S5DOSeZA,Air Terjun Sungai Anuang,"MQ5W+2QM, Kasintuwu, Kec. Mangkutana, Kabupaten Luwu Timur, Sulawesi Selatan 92973, Indonesia",-2.342409,120.7969368,Kabupaten Luwu Timur,Sulawesi Selatan
ChIJi6AhVGk_lC0RoFxJRm-Zoyo,Wisata Alam Lewaja,"Lewaja, Kec. Enrekang, Kabupaten Enrekang, Sulawesi Selatan 91712, Indonesia",-3.5812591,119.8059879,Kabupaten Enrekang,Sulawesi Selatan
ChIJj2_e15AlvC0RlGpZNOW6i4A,Pantai Galau,"V7QM+962, Lappa, Kec. Sinjai Utara, Kabupaten Sinjai, Sulawesi Selatan, Indonesia",-5.1116035,120.2830199,Kabupaten Sinjai,Sulawesi Selatan
ChIJ7UqvD44EhzIRt3mSTt1euNU,Pantai RCTI,"94W6+79F, Tj. Merah, Kec. Matuari, Kota Bitung, Sulawesi Utara, Indonesia",1.3956792,125.1109113,Kota Bitung,Sulawesi Utara
ChIJu1MOPBuzhzIRVixd5izbRI4,Pantai Kinunang,"M577+F4F, Pulisan, Kec. Likupang Tim., Kabupaten Minahasa Utara, Sulawesi Utara, Indonesia",1.6636789,125.1628083,Kabupaten Minahasa Utara,Sulawesi Utara
ChIJl1uUuSY9vi0RR0th2QCvQNI,Air Terjun Waesai,"CPWW+CV5, Lompo Riaja, Kec. Tanete Riaja, Kabupaten Barru, Sulawesi Selatan 90762, Indonesia",-4.5539866,119.7472339,Kabupaten Pangkajene Dan Kepulauan,Sulawesi Selatan
ChIJEZbLgThZhzIRGXH4mfGuc9Q,Destinasi Wisata Bukit Sasayaban,"5HHF+CX7, Buyungon, Kec. Amurang, Kabupaten Minahasa Selatan, Sulawesi Utara, Indonesia",1.1785281,124.5749181,Kabupaten Minahasa Selatan,Sulawesi Utara
ChIJVVVVVfEFvi0R4HEbCpTWt8w,Air Terjun Ladenring,"Barugae, Kec. Lamuru, Kabupaten Bone, Sulawesi Selatan 92763, Indonesia",-4.491865199999999,120.057376,Kabupaten Bone,Sulawesi Selatan
ChIJLaYbf62Aoy0RHUHrOtfdmLQ,Pantai Gubahi,"HCVV+WJ3, Lasori, Mawasangka Tim., Kabupaten Buton, Sulawesi Tenggara, Indonesia",-5.405243599999999,122.4440395,Kabupaten Buton Selatan,Sulawesi Tenggara
ChIJM9vDbUN1hzIRu7FXABkhmfk,Klenteng KWAN KONG Manado,"FRVV+MVX, Jl. D. I. Panjaitan, Calaca, Kec. Wenang, Kota Manado, Sulawesi Utara, Indonesia",1.494233,124.8447273,Kota Manado,Sulawesi Utara
ChIJhVeakPKzhzIR0BOaUXqqWtc,Pantai Pulisan,"Pantai Pulisan, Pulisan, Likupang Timur, North Minahasa Regency, North Sulawesi, Indonesia",1.6824962,125.1470428,Kabupaten Minahasa Utara,Sulawesi Utara
ChIJT-qzpy9Ovi0R4sqGT5UdKEU,Monumen Perjuangan Rakyat Pangkep,"5G7X+W3P, Padoang Doangan, Kec. Pangkajene, Kabupaten Pangkajene Dan Kepulauan, Sulawesi Selatan 90614, Indonesia",-4.8351529,119.547695,Kabupaten Pangkajene Dan Kepulauan,Sulawesi Selatan
ChIJH7i4ooLTfjIRth5pkpQ-kfA,Wisata Bukit Arang Gorontalo,"Lonuo, Kec. Tilongkabila, Kabupaten Bone Bolango, Gorontalo 96121, Indonesia",0.6060586,123.1245705,Kabupaten Bone Bolango,Gorontalo
ChIJlQ2UCvcxky0R_1TXQ4RADlQ,Tanjung Ngalo Mamuju,"4QM9+8PH, Dungkait, Selat, Kota Makassar, Sulawesi Selatan, Indonesia",-2.8666905,118.7693474,Kabupaten Majene,Sulawesi Barat
ChIJ2cm4Zxztiy0RW2XJas8WIkc,Kebun Anggur DUYU BANGKIT 02/04,"Jl. Gawalise, Duyu, Kota Palu",-0.9167386,119.8391823,Kota Palu,Sulawesi Tengah
ChIJizC7kta7lS0RAQnWG-25RWw,Mattirotasi beach,"Jl. Mattiro Tasi No.125, Kp. Baru, Kec. Bacukiki Bar., Kota Parepare, Sulawesi Selatan 91121, Indonesia",-4.0309273,119.6239834,Kota Parepare,Sulawesi Selatan
ChIJ17WMHOTpky0Rxhm1YxrFVY0,Tugu Kandean Dulang,"2VHX+RCX, Jalan Andi Mappanyukki, Penanian",-2.9703925,119.898595,Kabupaten Tana Toraja,Sulawesi Selatan
ChIJ3R-U4ijF8jIRohrGZ1hNC7E,Pantai BBC,"6QCR+72P, Beo Tim., Kec. Beo, Kabupaten Kepulauan Talaud, Sulawesi Utara, Indonesia",4.2207186,126.7900926,Kabupaten Kepulauan Talaud,Sulawesi Utara
ChIJQcp_R0mjhi0R0sAb97O9cAI,Mokokawa,"3PGP+76, Hanga-Hanga, Kec. Luwuk Selatan, Kabupaten Banggai, Sulawesi Tengah, Indonesia",-0.9243175,122.7355235,Kabupaten Banggai Laut,Sulawesi Tengah
ChIJxz6VowvNpi0RIQ679jIhNV4,Masjid Keraton Liya,"JHFR+6RC Liya Togo, Liya Mawi, Wangi-Wangi Sel., Kabupaten Wakatobi, Sulawesi Tenggara 93795, Indonesia",-5.376938600000001,123.5920058,Kabupaten Wakatobi,Sulawesi Tenggara
ChIJq6qqqtqCoy0Rw-jkN8tRLeA,Pemandian Ma'obu,"Lalibo, M9PW+GFW, Mawasangka Tengah, Lalibo, Buton Tengah, Kabupaten Buton, Sulawesi Tenggara, Indonesia",-5.3136323,122.3962056,Kabupaten Muna,Sulawesi Tenggara
ChIJASkIJQNwfjIRiEPA65N7BH0,Pantai Bungin,"VXJP+299, Motabang, Kec. Lolak, Kabupaten Bolaang Mongondow, Sulawesi Utara 95761, Indonesia",0.8800262999999999,123.9859975,Kabupaten Bolaang Mongondow,Sulawesi Utara
ChIJmcV51u0ivC0RwO8g639wacs,Hubat Sanjai,"Q8H6+QH8, Sanjai, Kec. Sinjai Tim., Kabupaten Sinjai, Sulawesi Selatan, Indonesia",-5.2205824,120.3114627,Kabupaten Sinjai,Sulawesi Selatan
ChIJdXRFl1oBkC0RFzmAGSNfGs0,Ungkea Beach,"ungkea, Kabupaten Morowali Utara, Sulawesi Tengah, Indonesia",-2.1195033,121.5409826,Kabupaten Luwu Timur,Sulawesi Selatan
ChIJ647pDKa_lC0RGFJlzrGNk_o,Taman Kota Majene,"FX48+37J, Jl. Ammana Wewang, Banggae, Kec. Banggae, Kabupaten Majene, Sulawesi Barat, Indonesia",-3.5447959,118.9656392,Kabupaten Majene,Sulawesi Barat
ChIJMQ5RpweIlS0RdhUNUZ8yD1Y,Pantai Padongko,"Pantai Padongko, Mangempang, Kec. Barru, Kabupaten Barru, Sulawesi Selatan 90712, Indonesia",-4.395260299999999,119.6053913,Kabupaten Barru,Sulawesi Selatan
ChIJLUzDVl9NiS0R7tFC_XHY0q4,Air Terjun Baturiti,"X985+VC4, Balinggi, Kec. Balinggi, Kabupaten Parigi Moutong, Sulawesi Tengah 94473, Indonesia",-1.032857,120.3585921,Kabupaten Tolitoli,Sulawesi Tengah
ChIJhaT7FPOTly0Rwlvc514RmVA,Pantai Malaha,"2C24+XFQ, Malaha, Kec. Samaturu, Kabupaten Kolaka, Sulawesi Tenggara 93915, Indonesia",-3.9975309,121.4062189,Kabupaten Kolaka,Sulawesi Tenggara
ChIJj9POSAHXki0R4bl2wqR0G2c,Pantai Panorama,"Pantai Panorama, Rangas, Simboro Dan Kepulauan, Mamuju Regency, West Sulawesi 91512, Indonesia",-2.6523316,118.8432379,Kabupaten Mamuju,Sulawesi Barat
ChIJzdUltnylfjIR8UOkfrxsILg,Taman Kota Keydupa,"Boroko, W757+R95, Kuala, Kaidipang, Boroko, Kec. Kaidipang, Kabupaten Bolaang Mongondow Utara, Sulawesi Utara, Indonesia",0.9095076,123.2634795,Kabupaten Bolaang Mongondow Utara,Sulawesi Utara
ChIJN9OuDywBvC0RNMX4hhrO00I,TODDOPULI GREENLAND,"F68M+MP, Kalumeme",-5.5332526,120.2342858,Kabupaten Bulukumba,Sulawesi Selatan
ChIJ77rvtlk9fjIRCzN1Iuejcpw,Gelora ambang,"P8W9+88G, Kotamobagu, Kec. Kotamobagu Bar., Kota Kotamobagu, Sulawesi Utara 95716, Indonesia",0.7458106999999999,124.3183333,Kota Kotamobagu,Sulawesi Utara
ChIJnfBRxmEZhzIRguL0MHYr3Is,Pantai Kanaan,"Jaga VI, Kolongan I, Kecamatan Kombi, Kabupaten Minahasa, Sulawesi Utara, Indonesia",1.247129,125.0542268,Kabupaten Minahasa,Sulawesi Utara
ChIJwSYdusnTfjIRUE-8OE2uFV8,Wisata Alam Bukit Peyapata,"Tunggulo, Kec. Tilongkabila, Kabupaten Bone Bolango, Gorontalo 96123, Indonesia",0.5934375,123.1481875,Kabupaten Bone Bolango,Gorontalo
ChIJiRyo3mvCky0RO7_s0315nY8,Tongkonan Ranteallo,"2WX6+Q2W, Buntu Tallunglipu, Kec. Tallunglipu, Kabupaten Toraja Utara, Sulawesi Selatan 91853, Indonesia",-2.9505125,119.9100781,Kabupaten Tana Toraja,Sulawesi Selatan
ChIJ01F-EJ-1mC0RNWSEdfBU8M0,Pantai Kampa,"Islands district, Indoneaia, Wawonii Barat, Konawe Regency, South East Sulawesi, Indonesia",-3.9821106,123.0301907,Kabupaten Konawe Kepulauan,Sulawesi Tenggara
ChIJ25vOqTfJoy0RBVTz8Pk66A8,Pantai Meleura,"3QC5+M2, Lakarinta, Kec. Lohia, Kabupaten Muna, Sulawesi Tenggara 93658, Indonesia",-4.9292094,122.7563076,Kabupaten Buton Tengah,Sulawesi Tenggara
ChIJq6vp6DtLuS0Rurs4L3hZ1Ng,Dermaga Harapan,"9VJ7+25W, Desa, Pao, Kabupaten Jeneponto",-5.619886699999999,119.8629611,Kabupaten Bantaeng,Sulawesi Selatan
ChIJMxd0dTwAoy0RoL_joAKso34,Pantai Pajala,"Pantai Pajala, Pajala, Kec. Maginti, Kabupaten Muna, Sulawesi Tenggara, Indonesia",-4.8586091,122.3278274,Kabupaten Muna,Sulawesi Tenggara
ChIJFdiGCNfZki0REkizB6yHEOI,LYWANZA HILLS,"8V4F+262, Jl. Soekarno Hatta, Karema, Kec. Mamuju, Kabupaten Mamuju, Sulawesi Barat 91512, Indonesia",-2.6949892,118.8730269,Kabupaten Mamuju,Sulawesi Barat
ChIJj8mz7YIfvy0Ro-ijrEFbeNI,Pantai Gusung Indah,"Jalan Rustam Massa, Desa Bontosunggu, Galesong Utara, Bontosunggu, Takalar, Kabupaten Takalar, Sulawesi Selatan 92255, Indonesia",-5.284953499999999,119.3731821,Kabupaten Takalar,Sulawesi Selatan
ChIJLagidd9MlC0ReiN5LtXxHc8,Taman Pintar,"Jl. Jend. Sukawati No.40, Macorawalie, Kec. Watang Sawitto, Kabupaten Pinrang, Sulawesi Selatan 91212, Indonesia",-3.8080581,119.6512745,Kabupaten Pinrang,Sulawesi Selatan
ChIJgeulGwvBky0RC5lwmsvlXK0,Lolai Tongkonan Tangke Honai Rangga,"3V54+745, Sikuku, Kec. Kapala Pitu, Kabupaten Toraja Utara, Sulawesi Selatan 91854, Indonesia",-2.9418546,119.8553457,Kabupaten Tana Toraja,Sulawesi Selatan
ChIJt8Ztut3quy0RGJjCmRR8dUc,Pantai Pa'badilang,"Pa'baddilang, Kab. Kepulauan Selayar, Sulawesi Selatan 92851, Indonesia",-5.791101599999999,120.5069871,Kabupaten Bulukumba,Sulawesi Selatan
ChIJZ-r1YkYBii0RzZAvBDea3Ts,Pantai mosing,"X3RX+4QP, Sinei, Kec. Tinombo Sel., Kabupaten Parigi Moutong, Sulawesi Tengah, Indonesia",-0.009663,120.0994421,Kabupaten Parigi Moutong,Sulawesi Tengah
ChIJF2hXcK_WlS0RlCwcbzmmXa8,Bendungan Kalola,"Desa Sogi, 438G+5R4, Maniang Pajo, Sogi, Wajo, Kabupaten Wajo, Sulawesi Selatan 90952, Indonesia",-3.8846054,120.0770929,Kabupaten Sidenreng Rappang,Sulawesi Selatan
ChIJLydNfcdFhzIR7MNnsOlBFZc,Pinus 2 Soputan,"4QV2+HR7, Pinabetengan, Kec. Tompaso, Kabupaten Minahasa, Sulawesi Utara, Indonesia",1.1439056,124.7520341,Kabupaten Minahasa,Sulawesi Utara
ChIJA13TSQ1thzIR9EyKPTfibtA,Hutan Kota Tomohon,"Jl. Sumeseper, Talete Satu, Kec. Tomohon Tengah, Kota Tomohon, Sulawesi Utara, Indonesia",1.334086,124.8501261,Kota Tomohon,Sulawesi Utara
ChIJ8bH84aUPhzIRQBkxtxjRPy0,Objek Wisata Danau Seper,"9XFW+846, Jl. A. Manowutu, Lembean, Kec. Kauditan, Kabupaten Minahasa Utara, Sulawesi Utara, Indonesia",1.3732876,124.9952658,Kabupaten Minahasa,Sulawesi Utara
ChIJ6xTMyDRVhjIRrVmT0U0YfLQ,Taman Wisata Alam Batu Angus,"Dekat, G64R+532, Kasawari, Aertembaga, Kota Bitung, Sulawesi Utara, Indonesia",1.5053785,125.2401284,Kota Bitung,Sulawesi Utara
ChIJEV40m_2hmC0R0uflVNXgowE,Permandian air terjun Moramo,"QPFP+F7W, Sumber Sari, Kec. Moramo, Kabupaten Konawe Selatan, Sulawesi Tenggara 93395, Indonesia",-4.2262591,122.7356932,Kabupaten Buton Utara,Sulawesi Tenggara
ChIJWQ5QCkoLky0RkwjpkWt3npY,Citol Hill TONDOK BAKARU,"Unnamed Road, 39HP+X82, Rambusaratu, Kec. Mamasa, Kabupaten Mamasa, Sulawesi Barat 91362, Indonesia",-2.9201041,119.3857807,Kabupaten Mamasa,Sulawesi Barat
ChIJUfzAS863kS0Rqx2HxQMG3z8,Permandian Alam Uelanti,"Unnamed Road, HQVQ+XFJ, Kasintuwu, Mangkutana, East Luwu Regency, South Sulawesi 92973, Indonesia",-2.405028600000001,120.7886336,Kabupaten Luwu Timur,Sulawesi Selatan
ChIJpyY7RERjky0RT8Gaj8u_x-4,BUKIT SENAYAN DESA BULO KEC. BULO (NEGERI ATAS AWAN),"Q5H8+783, Unnamed Road, Bulo, Kec. Bulo, Kabupaten Polewali Mandar, Sulawesi Barat 91353, Indonesia",-3.221867,119.1657987,Kabupaten Majene,Sulawesi Barat
ChIJxYiS3FKtkS0RnTaDGEsfaAU,Taman Nirwana Park (Tilung),"FR38+8G2, Tadulako, Kec. Tomoni, Kabupaten Luwu Timur, Sulawesi Selatan 92971, Indonesia",-2.5467291,120.8162648,Kabupaten Luwu Timur,Sulawesi Selatan
ChIJGQ2TyAiUlC0RXC6vV1Kgbk8,Pantai Wisata Lapeo,"Pantai Wisata Lapeo, Lapeo, Kec. Campalagian, Kabupaten Polewali Mandar, Sulawesi Barat, Indonesia",-3.4948788,119.1338941,Kabupaten Polewali Mandar,Sulawesi Barat
ChIJAQAAAHPpmC0RYwbE86stea4,Pantai Panjang Toronipa,"Pantai Panjang Toronipa, Toronipa, Soropia, Kabupaten Konawe, Sulawesi Tenggara 93351, Indonesia",-3.8976495,122.6644769,Kabupaten Konawe,Sulawesi Tenggara
ChIJDd6l0hxfmi0RnttLzDwVqdA,Permandian Bahopombine,"82G5+FF8, Kolono, Kec. Bungku Timur, Kabupaten Morowali, Sulawesi Tengah 94973, Indonesia",-2.6738377,122.0087116,Kabupaten Morowali,Sulawesi Tengah
ChIJ34hpWkxfkS0R_V1IVp1_mr8,Wisata Permandian Agro Palopo,"X5GF+7QM, Murante, Kec. Mungkajang, Kota Palopo, Sulawesi Selatan 91921, Indonesia",-3.0242971,120.174414,Kota Palopo,Sulawesi Selatan
ChIJwVbBX-Teiy0RpMQO9wnFC_o,Parigi Moutong Mutiara Khatulistiwa,"7454+X54, Pelawa Baru, Kec. Parigi Tengah, Kabupaten Parigi Moutong, Sulawesi Tengah 94471, Indonesia",-0.7401167000000001,120.1054467,Kabupaten Donggala,Sulawesi Tengah
ChIJa8pD7mCwcDIRg0nF2eLJg6I,Tirta Ria,"5C23+CC8, Kulango, Kec. Biau, Kabupaten Buol, Sulawesi Tengah 94565, Indonesia",1.1510415,121.4035888,Kabupaten Buol,Sulawesi Tengah
ChIJ31KxnOQLvC0Rzvv93F6kU94,Batu Tongkarayya,"FCQX+R67 Ara, Lembanna, Kec. Bonto Bahari, Kabupaten Bulukumba, Sulawesi Selatan, Indonesia",-5.510472699999999,120.4480625,Kabupaten Bulukumba,Sulawesi Selatan
ChIJB4bUTA_3ky0RKRIzVpiruR0,Wisata Hutan Pinus Buntudatu,"Buntu Datu, Kec. Mengkendek, Kabupaten Tana Toraja, Sulawesi Selatan 91871, Indonesia",-3.2460387,119.893938,Kabupaten Enrekang,Sulawesi Selatan
ChIJJ2P2OqWDgDIRyg92sxlUFqk,Chimoki Beach,"Nuangan, Kec. Nuangan, Kabupaten Bolaang Mongondow Timur, Sulawesi Utara, Indonesia",0.6195303,124.5575883,Kabupaten Bolaang Mongondow Timur,Sulawesi Utara
ChIJgwMX8eCokS0R62q3irz-fXw,Pantai Balo Balo,"9QJ9+42V, Balobalo, Kec. Wotu, Kabupaten Luwu Timur, Sulawesi Selatan 92975, Indonesia",-2.6196295,120.7675492,Kabupaten Luwu Timur,Sulawesi Selatan
ChIJpbWLeUDfvi0RYRt6Z7YCTnw,Kampung Literasi Borongtala,"MC3R+C8F, Jl. Borongtala, Tamallayang",-5.3464394,119.440797,Kabupaten Takalar,Sulawesi Selatan
ChIJtU7VBSDEhy0RzlBs9rO8iGU,Jelly Fish Lake (Mariona Lake),"MW82+5H7, Katupat, Kec. Togean, Kabupaten Tojo Una-Una, Sulawesi Tengah 94691, Indonesia",-0.3345889,121.9014356,Kabupaten Tojo Una-Una,Sulawesi Tengah
ChIJy4Mm9IwXfzIR9aMI4Kuc2h8,AIR TERJUN HUILA,"9FC7+58Q, Taludaa, Kec. Bone, Kabupaten Bone Bolango, Gorontalo 96585, Indonesia",0.3704576,123.4633452,Kabupaten Bone Bolango,Gorontalo
ChIJEyJwBpUzeTIR-rT00PHUsZg,Pasambaya river side,"M3GF+WCC, Modellidu, Kec. Bulango Utara, Kabupaten Gorontalo, Gorontalo, Indonesia",0.6773231,123.0735311,Kabupaten Bone Bolango,Gorontalo
ChIJcZ1cgkOTmC0REfu_au0_7WI,Agrowisata Qurratu'ain,"Jl. Banteng, Rahandouna, Kec. Poasia, Kota Kendari, Sulawesi Tenggara 93232, Indonesia",-4.0269259,122.5556288,Kota Kendari,Sulawesi Tenggara
ChIJHTk7CTpJmC0RWxtjjBTV3KI,Asinua Water Park Konawe,"43Q8+R4C, Asinua, Kec. Unaaha, Kabupaten Konawe, Sulawesi Tenggara 93415, Indonesia",-3.8604368,122.0652767,Kabupaten Kolaka Timur,Sulawesi Tenggara
ChIJ8-a69TKDgDIRn8tBydhFgu8,Tanjung Silar,"Jiko, JH98+96J, Port, Nuangan, Kec. Nuangan, Kabupaten Bolaang Mongondow Timur, Sulawesi Utara, Indonesia",0.6184501000000001,124.5655212,Kabupaten Bolaang Mongondow Timur,Sulawesi Utara
ChIJF5lE7fyNlS0RTiYGKVAoAbA,Monumen Paccekke,"PPQ2+Q67, Paccekke, Kec. Soppeng Riaja, Kabupaten Barru, Sulawesi Selatan 90752, Indonesia",-4.2605949,119.7005463,Kabupaten Barru,Sulawesi Selatan
ChIJHw2BFr8vcTIRGUZ4B9_sKBA,PULAU SABANG TENDE,"5Q8P+HXJ, Unnamed Road, Sabang, Kec. Galang, Kabupaten Toli-Toli, Sulawesi Tengah 94561, Indonesia",1.166458,120.7873751,Kabupaten Buol,Sulawesi Tengah
ChIJnSMcJgCHlC0Rk_2HNEUQJDw,Wisata alam puncak kunyi,"J9PM+8C3, Jl. Kunyi, Kunyi, Kec. Anreapi, Kabupaten Polewali Mandar, Sulawesi Barat 91315, Indonesia",-3.3638509,119.3839059,Kabupaten Polewali Mandar,Sulawesi Barat
ChIJPRI0fUXpky0RyC3KF3cbMlw,Puncak Buntu Sarira Negri Di Atas Awan,"Buntu, Sarira, Kec. Makale Utara, Kabupaten Tana Toraja, Sulawesi Selatan 91852, Indonesia",-3.0342784,119.8951175,Kabupaten Tana Toraja,Sulawesi Selatan
ChIJIRTFF8qmgy0Rmq-pqa5FQwc,Pantai Oyama,"Popisi, Lokotoy, Banggai Utara, Kabupaten Banggai Kepulauan, Sulawesi Tengah 94891, Indonesia",-1.4808818,123.5262149,Kabupaten Banggai Kepulauan,Sulawesi Tengah
ChIJ41APqCeFmC0RwVuBdF1D_J8,Agrowisata California Cialam,"Unnamed Road, VG86+M3V, Tanea, Kec. Konda, Kabupaten Konawe Selatan, Sulawesi Tenggara 93874, Indonesia",-4.1332692,122.5101858,Kabupaten Konawe,Sulawesi Tenggara
ChIJ_____289mC0RA7Q5fM9fLqs,Taman Wisata Hutan Pinus Sorombipi,"2V25+CRV, Lalingato, Kec. Tirawuta, Kabupaten Kolaka Timur, Sulawesi Tenggara 93572, Indonesia",-3.9988875,121.8595469,Kabupaten Kolaka,Sulawesi Tenggara
ChIJydgdmNGHoy0RZE1vHAEqkxM,Taman BUTENG,"Boneoge, Kabupaten Buton",-5.3785983,122.5280882,Kabupaten Buton Selatan,Sulawesi Tenggara
ChIJQyylPRoLky0RbrmVRrfwq8M,To' Pinus Salu Kodo,"29R6+JHP, Osango, Kec. Mamasa, Kabupaten Mamasa, Sulawesi Barat 91365, Indonesia",-2.9584201,119.3614564,Kabupaten Mamasa,Sulawesi Barat
ChIJMzyMdu4XfjIRDt8FZZD7RIM,Ikha cell,"Lapangan, Pontodon, Kec. Kotamobagu Utara, Kota Kotamobagu, Sulawesi Utara 95714, Indonesia",0.7597054,124.3181274,Kota Kotamobagu,Sulawesi Utara
ChIJVVVVVYXEvi0RCmUNPVzSn-I,Tinambung Highland,"JJQQ+688, Bissoloro, Kec. Bungaya, Kabupaten Gowa, Sulawesi Selatan 92176, Indonesia",-5.361974,119.638326,Kabupaten Takalar,Sulawesi Selatan
ChIJocrMrrBGhzIRcIlT2oRpSAY,Museum Pinawetengan,"Jalan Raya Langowan - Ratahan No.Utara, Pinabetengan Utara, Kec. Tompaso Barat, Kabupaten Minahasa, Sulawesi Utara, Indonesia",1.1829166,124.7936445,Kabupaten Minahasa,Sulawesi Utara
ChIJ48aXPBeddzIRJn0JmBDieYQ,Torosiaje,"FCFQ+Q78, Torosiaje, Kabupaten Pohuwato, Gorontalo, Indonesia",0.474411,121.4381997,Kabupaten Buol,Sulawesi Tengah
ChIJHbV00R3poy0Rwr3iVP1nyJA,Air Terjun Kandawu Ndawuna,"Waondo Wolio, Kec. Kapontori, Kabupaten Buton, Sulawesi Tenggara 93755, Indonesia",-5.1518698,122.8511958,Kabupaten Buton,Sulawesi Tenggara
ChIJsxf4FHbRiy0RKrjvpj-SCaQ,D'Marantale,"93J6+3X, Marantale, Kec. Siniu, Kabupaten Parigi Moutong, Sulawesi Tengah, Indonesia",-0.6198712,120.0623978,Kabupaten Donggala,Sulawesi Tengah
ChIJEZuxS9bBky0RJ-vHlVA1iAk,Air Terjun Sarambu Salu,"Lembang Salu, Salu, Kec. Sopai, Kabupaten Toraja Utara, Sulawesi Selatan 91862, Indonesia",-2.968489,119.8433716,Kabupaten Tana Toraja,Sulawesi Selatan
ChIJnVWB_prEky0Rlg2xDCT_y0k,Objek Wisata Galugu Dua Sa'dan Sangkombong,"4W7R+3Q7, Sa'dan Matalo",-2.8873441,119.9419151,Kabupaten Toraja Utara,Sulawesi Selatan
ChIJMStztZy6cDIRZj10p6zoQww,Taman Kota Buol,"5C96+MHQ, Leok II, Kec. Biau, Kabupaten Buol, Sulawesi Tengah 94563, Indonesia",1.1692047,121.4114768,Kabupaten Buol,Sulawesi Tengah
ChIJfblywfv7vi0RxbIhFA5hw14,Pantai Kuri Indah,"Pantai Kuri Indah, Jl. Kuri Lompo, Nisombalia, Kec. Marusu, Kabupaten Maros, Sulawesi Selatan 90552, Indonesia",-5.0307002,119.4669631,Kabupaten Gowa,Sulawesi Selatan
ChIJkeouUj7uvi0RRI6D0A_oyjU,Air Terjun Merdeka,"VM3C+Q8C, Pucak, Kec. Tompobulu, Kabupaten Maros, Sulawesi Selatan 90561, Indonesia",-5.145570999999999,119.6707688,Kabupaten Maros,Sulawesi Selatan
ChIJdWL8T0szoS0RuSMiSCm3FR8,Taman Motika,"MG4V+8FC, Mandati III, Pulau Wangiwangi, Kabupaten Wakatobi, Sulawesi Tenggara 93795, Indonesia",-5.3441775,123.5436255,Kabupaten Wakatobi,Sulawesi Tenggara
ChIJ0QpgrFN4mS0ReXDdfPSC2T0,Puncak Kayangan 1 Sombori,"P9GW+CGF, Matarape, Menui Kepulauan, Kabupaten Morowali, Sulawesi Tengah 94975, Indonesia",-3.2739341,122.3963037,Kabupaten Konawe Utara,Sulawesi Tenggara
ChIJiYLFHBwdvy0RUSjmT2o8ljg,Tanjung biru,"Tanjung biru, Tj. Merdeka, Kec. Tamalate, Kota Makassar, Sulawesi Selatan 90225, Indonesia",-5.1758362,119.3876539,Kota Makassar,Sulawesi Selatan
ChIJQT7ISzJTfjIRaMYjV543S8M,Wisata Kebun Jati Gelebug Chandra,"Unnamed Road, HX47+PJ4, Mopugad Sel., Kec. Dumoga Utara, Kabupaten Bolaang Mongondow, Sulawesi Utara, Indonesia",0.5567689,123.9640872,Kabupaten Bolaang Mongondow Selatan,Sulawesi Utara
ChIJ06yqiRGTmC0RIpMo0OAHiJU,Air TERJUN NANGA NANGA,"WHV7+734, Anduonohu, Kec. Poasia, Kota Kendari, Sulawesi Tenggara 93234, Indonesia",-4.0568552,122.562694,Kota Kendari,Sulawesi Tenggara
ChIJ4bJec4crfzIR-e5_lZ2C2pg,Water Sport Objek Wisata Pantai Molotabu,"Molotabu, Kec. Kabila Bone, Kabupaten Bone Bolango, Gorontalo, Indonesia",0.4412439,123.1319708,Kabupaten Bone Bolango,Gorontalo
ChIJV1VVlGJavi0RbNNPSzv6QY4,Kawasan Wisata LEANG LONDRONG,"4JPJ+8C6, Panaikang, Kec. Minasatene, Kabupaten Pangkajene Dan Kepulauan, Sulawesi Selatan 90619, Indonesia",-4.8642167,119.6310145,Kabupaten Pangkajene Dan Kepulauan,Sulawesi Selatan
ChIJMcKJbpevdzIRc1cLlz06NU4,Pantai Wisata Moian,"Pantai Wisata Moian, Palapi, Taopa, Parigi Moutong Regency, Central Sulawesi, Indonesia",0.425047,121.039889,Kabupaten Buol,Sulawesi Tengah
ChIJSWyykvFdhzIR9gonsc-SY90,Tumpaan Park,"6JV7+W6Q, Tumpaan Satu, Kec. Tumpaan, Kabupaten Minahasa Selatan, Sulawesi Utara, Indonesia",1.2448286,124.6131248,Kabupaten Minahasa,Sulawesi Utara
ChIJlxmW5-AwvS0RUZgb5n4koFs,Pantai Pulau Kondo,"8F4R+PQ3, Ranokomea, Kec. Poleang Bar., Kabupaten Bombana, Sulawesi Tenggara 93772, Indonesia",-4.6932468,121.4919253,Kabupaten Bombana,Sulawesi Tenggara
ChIJLa4HI7y0vi0RYny2dL6xFGo,Batu Ejayya,"FV37+3V8, Bonto Jaya, Kec. Bissappu, Kabupaten Bantaeng, Sulawesi Selatan 92371, Indonesia",-5.5473282,119.864715,Kabupaten Bantaeng,Sulawesi Selatan
ChIJ82sCKrBfkS0RaC9IuMvgVds,Jembatan Muara Sungai Palopo,"Jalan lingkar jembatan muara sungai, 258W+XC5, Sabbamparu, Kota Palopo, Sulawesi Selatan, Indonesia",-2.9826126,120.1960959,Kota Palopo,Sulawesi Selatan
ChIJXYxsaDpwfjIRXSnmjpuCRUQ,Pantai Lolak,"Pantai Lolak, Lolak, Kec. Lolak, Kabupaten Bolaang Mongondow, Sulawesi Utara, Indonesia",0.8880539,124.0071427,Kabupaten Bolaang Mongondow,Sulawesi Utara
ChIJ6U7gfADpiy0RNT54JRikQPU,RAQa River Camp,"6W4R+3X, Bale, Kec. Tanantovea, Kabupaten Donggala, Sulawesi Tengah, Indonesia",-0.7935585,119.9447963,Kota Palu,Sulawesi Tengah
ChIJMwARz4quvi0RX_MZnNSV3xA,Air Terjun Simoko,"G2R7+XC3, Campaga, Kec. Tompobulu, Kabupaten Bantaeng, Sulawesi Selatan 92461, Indonesia",-5.4576109,120.0135417,Kabupaten Bantaeng,Sulawesi Selatan
ChIJfTTPuyofhC0Rp2QeUovfV6o,Air Terjun Dendengan,"XP6J+48X, Koyoan, Luwuk, Kabupaten Banggai, Sulawesi Tengah 94711, Indonesia",-1.0396469,122.7308497,Kabupaten Banggai Laut,Sulawesi Tengah
ChIJkfsMYhfaki0Rl-zw13kFwNQ,Pulau Karampuang,"Pulau Karampuang, Unnamed Road, Karampuang, Kec. Mamuju, Kabupaten Mamuju, Sulawesi Barat 91515, Indonesia",-2.6340865,118.8790585,Kabupaten Mamuju,Sulawesi Barat
ChIJdcY3s0UHpC0RcQRijLihVc8,Black Sand Beach(pantai pasir hitam),"JX4F+8WV, Jl. Poros Pasarwajo, Wolowa Baru, Kec. Wolowa, Kabupaten Buton, Sulawesi Tenggara, Indonesia",-5.3941278,122.9747873,Kabupaten Buton,Sulawesi Tenggara
ChIJLQD-e7uolC0RAt0dKj3F0sw,Pantai Baluno,"MR6W+QJC, Pundau, Kec. Sendana, Kabupaten Majene, Sulawesi Barat 91452, Indonesia",-3.3380595,118.8465068,Kabupaten Majene,Sulawesi Barat
ChIJyb23xdSTmi0R5O7PxRfiksU,Bundaran Bahomohoni,"GWFJ+XPV, Bahomohoni",-2.4750014,121.931809,Kabupaten Morowali,Sulawesi Tengah
ChIJh3-yLw9TlC0RB9piiIBl-8Y,Ujung Tape,"Langnga, Kec. Mattiro Sompe, Kabupaten Pinrang, Sulawesi Selatan 91261, Indonesia",-3.8321537,119.5146957,Kabupaten Pinrang,Sulawesi Selatan
ChIJXYWlMJ0ivi0RgAy-qTjuAYI,Taman Puspa Pesona,"FQPP+XRM, Harapan, Kec. Tanete Riaja, Kabupaten Barru, Sulawesi Selatan 90862, Indonesia",-4.5125497,119.7870477,Kabupaten Pangkajene Dan Kepulauan,Sulawesi Selatan
ChIJ65bJByB6ky0RMLo4UoE2a70,Liawan,"V85F+CX2, Tadisi, Kec. Sumarorong, Kabupaten Mamasa, Sulawesi Barat 91361, Indonesia",-3.1414906,119.3248805,Kabupaten Mamasa,Sulawesi Barat
ChIJJ7FhIYWyoy0Rc87QgsVL7GY,Permandian Wakantee,"Lawa, 4GPW+V9X, Latugho, Muna Barat, Kabupaten Muna, Sulawesi Tenggara 93652, Indonesia",-4.862752,122.5459879,Kabupaten Muna,Sulawesi Tenggara
ChIJlygFmAa7hi0R9z4FMq7repQ,Air Terjun Kamumu,"5V39+5G, Kamumu, Kec. Luwuk Utara, Kabupaten Banggai, Sulawesi Tengah, Indonesia",-0.8470272,122.8688216,Kabupaten Banggai Laut,Sulawesi Tengah
ChIJV12qimnXvi0RbRgTNmyuU90,MONUMEN LAPRIS,"Bulukunyi, Kec. Polombangkeng Sel., Kabupaten Takalar, Sulawesi Selatan 92252, Indonesia",-5.4487673,119.4861024,Kabupaten Takalar,Sulawesi Selatan
ChIJZ7usD5l1jS0R1S5GcX5iMbU,MANGROVE SALUBIRO KAROSSA,"49H2+7JF, Lara, Kec. Karossa, Kabupaten Mamuju Tengah, Sulawesi Barat 91563, Indonesia",-1.8718176,119.3515624,Kabupaten Mamuju,Sulawesi Barat
ChIJ_____9D_hjIR9MRvYkGFjcw,Taman Margasatwa Tandurusa,"F646+2Q9, Tandurusa, Aertembaga, Kota Bitung, Sulawesi Utara, Indonesia",1.4550322,125.2119796,Kota Bitung,Sulawesi Utara
ChIJAQAAAOzHlS0RUQ-GOiQFhJg,Masjid Tua Jara'e,"Allakuang, Maritengngae, 2QGW+WVM, Allakuang, Sidenreng Rapang, Kabupaten Sidenreng Rappang, Sulawesi Selatan 91611, Indonesia",-3.9726509,119.7971798,Kabupaten Sidenreng Rappang,Sulawesi Selatan
ChIJpTz4kTcYhzIR02rSEGRpAio,Pantai Bulo Rerer,"Pantai Bulo Rerer, Makalisung, Kombi, Minahasa Regency, North Sulawesi, Indonesia",1.26933,125.0591135,Kabupaten Minahasa,Sulawesi Utara
ChIJa-Saeplbvi0RRxQD3AKrWdM,Puncak Bulusaraung,"3PCX+88P, Baru, Balocci, Pangkajene and Islands Regency, South Sulawesi 90661, Indonesia",-4.9291737,119.7483262,Kabupaten Maros,Sulawesi Selatan
ChIJARLOpXGhkS0RT-UTnlTksXE,WATERPARK AMANAH TANI,"Sumberdadi, Kec. Tana Lili, Kabupaten Luwu Utara, Sulawesi Selatan 91966, Indonesia",-2.6203,120.5823987,Kabupaten Luwu Utara,Sulawesi Selatan
ChIJz-W2M1xifjIR2DNH3mokgkM,Pantai Pasir Putih,"Pantai Pasir Putih, Pasir Putih, Kec. Sangtombolang, Kabupaten Bolaang Mongondow, Sulawesi Utara, Indonesia",0.843066,123.8218363,Kabupaten Bolaang Mongondow,Sulawesi Utara
ChIJwXwUr1PAvi0RCY2GGWQzitk,Air Terjun Cinta,"PP2W+8CG, Tamalatea, Kec. Manuju, Kabupaten Gowa, Sulawesi Selatan 92173, Indonesia",-5.299189399999999,119.7460648,Kabupaten Gowa,Sulawesi Selatan
ChIJc4bBphwLky0Rx1teoQK-srg,Pemandian Air Panas Rantekatoan,"29V8+R9V, Osango, Kec. Mamasa, Kabupaten Mamasa, Sulawesi Barat 91365, Indonesia",-2.9553755,119.3659354,Kabupaten Mamasa,Sulawesi Barat
ChIJPYtTSHj-jC0RsGAr90AiCUg,OBJEB WISATA PANTAI SALUKAILI,"Jl. Poros Majene - Mamuju, Baras, Kec. Baras, Kab. Pasangkayu, Sulawesi Barat 91572, Indonesia",-1.570504,119.3273774,Kabupaten Pasangkayu,Sulawesi Barat
ChIJgW6e9u2ZhzIRg6FVzX-r-t4,Mangrove Park Tiwoho,"HRVQ+42H, Tiwoho, Wori, Kabupaten Minahasa Utara, Sulawesi Utara, Indonesia",1.5928073,124.8376093,Kota Manado,Sulawesi Utara
ChIJU6JB0RWTmC0R0Q4ByQl9H_Y,Camping ground kendari,"XH2G+JMW, Mokoau, Kec. Kambu, Kota Kendari, Sulawesi Tenggara 93231, Indonesia",-4.0483972,122.5767143,Kota Kendari,Sulawesi Tenggara
ChIJlcH4qHqpkS0R-_StTzfWNIM,Wisata Banua Pangka Wotu,"9QJV+93J, Bawalipu, Kafhdhfjbupaten, Kec. Wotu, Kabupaten Luwu Timur, Sulawesi Selatan, Indonesia",-2.6190375,120.7926406,Kabupaten Luwu Timur,Sulawesi Selatan
ChIJBwlT7AqikS0RI1V0_wmf-zU,Bendungan Bantimurung Bone-Bone Luwu utara,"CG8H+GV9, Bantimurung, Kec. Bone-Bone, Kabupaten Luwu Utara, Sulawesi Selatan 91966, Indonesia",-2.5837217,120.5297422,Kabupaten Luwu Utara,Sulawesi Selatan
ChIJT3jj6dDTfjIREeA_5irjxNA,Bukit Bumi Cerah,"J443+3Q, Bulotalangi, Kec. Bulango Tim., Kabupaten Bone Bolango, Gorontalo, Indonesia",0.6052181,123.1044647,Kabupaten Bone Bolango,Gorontalo
ChIJMaBnAfJ5oy0RqeEFn4e6nvw,Pantai Marboro,"P72G+M58, Mawasangka, Kec. Mawasangka, Kabupaten Buton, Sulawesi Tenggara, Indonesia",-5.298334,122.2754463,Kabupaten Muna,Sulawesi Tenggara
ChIJsa3ZiCDHvi0Ri8XAuGG95qY,Air Terjun Danggang,"JPPV+Q99, Sapaya, Kec. Bungaya, Kabupaten Gowa, Sulawesi Selatan 92176, Indonesia",-5.3630794,119.7434966,Kabupaten Gowa,Sulawesi Selatan
ChIJf41rzH70vi0RZlStXKUXDo8,Cagar Alam Karaengta Maros,"XP2P+3RW, Jl. Poros Maros - Soppeng, Samangki, Kec. Simbang, Kabupaten Maros, Sulawesi Selatan 90561, Indonesia",-5.0497714,119.737068,Kabupaten Maros,Sulawesi Selatan
ChIJu9X9vJt5oy0RU8ZJznMWZJ8,Pantai Labobo,"Pantai Labobo, Balobone, Kec. Mawasangka, Kabupaten Buton, Sulawesi Tenggara 93762, Indonesia",-5.2949166,122.2767568,Kabupaten Muna,Sulawesi Tenggara
ChIJbwsda2znvi0R55J9NFE_wz8,Bukit Indah Camp,"QH5R+84W, Bontoparang, Kec. Parangloe, Kabupaten Gowa, Sulawesi Selatan 92173, Indonesia",-5.2416406,119.5903253,Kabupaten Takalar,Sulawesi Selatan
ChIJm_SU4V3flS0RiIQpXIE-sHI,Gelora Permata Hijau Waetuwo,"Cirowali, Wae Tuwo, Kec. Tana Sitolo, Kabupaten Wajo, Sulawesi Selatan 90951, Indonesia",-4.0445053,120.1062966,Kabupaten Soppeng,Sulawesi Selatan
ChIJv-g_P7JLuS0RcbcJtgYnEbw,Kampoeng Mangrove Ra'ra,"9VR8+89C, Kabupaten Jeneponto",-5.6091783,119.8658841,Kabupaten Bantaeng,Sulawesi Selatan
ChIJf_djCKN1pC0R4ohVjGEHYVM,Air Terjun Kogawuna,"HMG8+QGX, Lakologou, Kec. Kokalukuna, Kota Bau-Bau, Sulawesi Tenggara 93758, Indonesia",-5.4230241,122.6663601,Kabupaten Buton Selatan,Sulawesi Tenggara
ChIJscuMJE7_vi0RGRvBUGj52NY,Muara Maros Baru,"XGX3+V46, Bori Masunggu",-5.0003464,119.5027558,Kabupaten Gowa,Sulawesi Selatan
ChIJIV75oZELgy0REHpJ27NQZBA,Kamali Boneaka,"CF8X+W95, Jalan Abdul Azis, Dodung, Kec. Banggai, Kab. Banggai Laut, Sulawesi Tengah 94891, Indonesia",-1.5827333,123.498495,Kabupaten Banggai Kepulauan,Sulawesi Tengah
ChIJC4vj4Eeqvi0RL6WuyKQeT5Y,Bendungan Bettu,"G44F+JV4, Bontoraja, Kabupaten Bulukumba",-5.4934809,120.1247055,Kabupaten Bulukumba,Sulawesi Selatan
ChIJEY8kV7ZKii0RUzFaJvYkd34,Pantai Enu,"Pantai Enu, Tibo, Sindue Tombusabora, Donggala Regency, Central Sulawesi 94353, Indonesia",-0.5163518,119.768364,Kabupaten Donggala,Sulawesi Tengah
ChIJp8UmY7dYkS0RbEgAE3UWwmU,Lereng CInta,"X57J+W9M, Jl. Andi Bintang, Mawa, Kec. Sendana, Kota Palopo, Sulawesi Selatan 91921, Indonesia",-3.0351645,120.180914,Kota Palopo,Sulawesi Selatan
ChIJjRAOrsiyvi0RZAk901YkTis,Alun-Alun Pantai Seruni,"FW2W+767, Jl. Seruni, Pallantikang, Kabupaten Bantaeng, Sulawesi Selatan, Indonesia",-5.549341099999999,119.945547,Kabupaten Bantaeng,Sulawesi Selatan
ChIJk6DJpw3Bvi0RsMf9Z8LCP8U,Air Terjun Depa',"MP62+Q8, Bontomanai, Kec. Bungaya, Kabupaten Gowa, Sulawesi Selatan, Indonesia",-5.338038900000001,119.7008276,Kabupaten Takalar,Sulawesi Selatan
ChIJoxPrzkUXlC0RZ4WS1gDH-RM,Buntu Gallang,"GVRW+2G3, Eran Batu, Kec. Buntu Batu, Kabupaten Enrekang, Sulawesi Selatan 91753, Indonesia",-3.4599906,119.8962893,Kabupaten Enrekang,Sulawesi Selatan
ChIJV-loZdUHvC0RXc0uGhVeQA8,Telaga Biru Ere Merasa,"F8XV+P5R, Benjala, Kec. Bonto Bahari, Kabupaten Bulukumba, Sulawesi Selatan 92571, Indonesia",-5.5006499,120.3428821,Kabupaten Bulukumba,Sulawesi Selatan
ChIJ0cR0LEWCoS0RGp7BCO0DEx4,Pantai Membuku,"Pantai Membuku, Sulawesi Tenggara, Indonesia",-4.774420699999999,123.2023927,Kabupaten Buton Utara,Sulawesi Tenggara
ChIJq5KRQH_-jC0RO6RaH5LblYg,Pantai Salokaili,"C8MG+9HF, Dusun salokaili, Baras, Kec. Baras, Kab. Pasangkayu, Sulawesi Barat 91572, Indonesia",-1.5665552,119.3264214,Kabupaten Pasangkayu,Sulawesi Barat
ChIJBQKiZfzmlS0R4dYg5GvF1cQ,Taman Kota Sengkang Kabupaten Wajo,"V27H+W8G, Jl. Sungai Walanae, Maricaya Baru, Kec. Makassar, Kota Makassar, Sulawesi Selatan, Indonesia",-4.1351913,120.0283347,Kabupaten Soppeng,Sulawesi Selatan
ChIJ-2q8ZilOvi0RDrwnAq_XKMw,Taman Gazebo Pangkep,"5H62+G93, Padoang Doangan, Kec. Pangkajene, Kabupaten Pangkajene Dan Kepulauan, Sulawesi Selatan 90614, Indonesia",-4.8387436,119.5509334,Kabupaten Pangkajene Dan Kepulauan,Sulawesi Selatan
ChIJgyEJZjmllS0RWVBpxOmD6yg,Kampung Kreasi Lowita,"Jl. Poros Ujung Lero, Wiringtasi, Kabupaten Pinrang",-3.98489,119.5797233,Kabupaten Pinrang,Sulawesi Selatan
ChIJ4TtvV6UihzIRsA0FAsZLR18,Pantai Tumpaan Sawangan,"Pantai Tumpaan Sawangan, Unnamed Road, Ranowangko II, Kecamatan Kombi, Kabupaten Minahasa, Sulawesi Utara, Indonesia",1.2253928,125.047648,Kabupaten Minahasa,Sulawesi Utara
ChIJ822DyQcPhzIR0dBsGCISuKU,Pariwisata Riverside Dinamunen,"Jl. Tol Manado - Bitung, Rap-Rap, Kec. Airmadidi, Kabupaten Minahasa Utara, Sulawesi Utara, Indonesia",1.420388,124.958455,Kota Manado,Sulawesi Utara
ChIJDV0EoxNZkS0RPKXADvg3pGc,Morowali Sampoddo,"X62F+GVX, Sampoddo, Kec. Wara Sel., Kota Palopo, Sulawesi Selatan 91959, Indonesia",-3.0486391,120.2247314,Kota Palopo,Sulawesi Selatan
ChIJg8iHnxiHlC0R3LOmXRU8Oo4,Permandian Zahara Wisata Papandangan,"J9R2+WG, Papandangan, Kec. Anreapi, Kabupaten Polewali Mandar, Sulawesi Barat, Indonesia",-3.3578419,119.3510559,Kabupaten Polewali Mandar,Sulawesi Barat
ChIJDUY3kSRljS0RNftNJduzvfw,Batu Miana,"Unnamed Road, X6G7+FWH, Tumbu, Kec. Topoyo, Kabupaten Mamuju Tengah, Sulawesi Barat 91563, Indonesia",-2.023817,119.2148516,Kabupaten Mamuju,Sulawesi Barat
ChIJs3aevs2_kS0RPuu8Kt__VoY,Buyu Balease,"Buyu Balease, Uraso, Kec. Mappedeceng, Kabupaten Luwu Utara, Sulawesi Selatan, Indonesia",-2.4058333,120.5425,Kabupaten Luwu Utara,Sulawesi Selatan
ChIJhVlXccFthzIR3JxvYQBDkgg,Gunung Empung,"Gn. Empung, Agotey, Kec. Mandolang, Kabupaten Minahasa, Sulawesi Utara, Indonesia",1.358333,124.791667,Kota Tomohon,Sulawesi Utara
ChIJ9ZC0JBgNpC0RAuO6DKgSMZk,Bukit Rongi,"FQF2+HQG, Sandang Pangan, Kec. Sampolawa, Kabupaten Buton, Sulawesi Tenggara 93753, Indonesia",-5.5260608,122.7519419,Kabupaten Buton Selatan,Sulawesi Tenggara
ChIJl8tt0yV7vi0R4QNyYyxglKQ,Bendungan Ponre Ponre,"4XQQ+28F, Ponre-Ponre, Kec. Libureng, Kabupaten Bone, Sulawesi Selatan 92766, Indonesia",-4.86243,119.9882888,Kabupaten Maros,Sulawesi Selatan
ChIJMTVGRs_6fTIRvrqKZ3XNnHc,Pantai Teletabis,"485R+8H3, Boyonpante, Kec. Sinonsayang, Kabupaten Minahasa Selatan, Sulawesi Utara, Indonesia",1.1082592,124.3414094,Kabupaten Bolaang Mongondow,Sulawesi Utara
ChIJ66t9VEbuky0RklyV0AfDNFc,Museum Buntu Kalando,"RW.lobe, Tongko Sarapung, Sangalla, Tana Toraja Regency, South Sulawesi 91881, Indonesia",-3.0858331,119.9123782,Kabupaten Tana Toraja,Sulawesi Selatan
ChIJzTHj8du8mi0RalPmsLSXkVE,Pantai Raha Morowali,"MRGM+PM5, Jl. Poros Mendui, Larobenu, Kec. Bungku Tengah, Kabupaten Morowali, Sulawesi Tengah 94976, Indonesia",-2.3232293,121.8342473,Kabupaten Morowali,Sulawesi Tengah
ChIJz4D_6JSSvi0RKu8hyt-uf6o,Air Terjun Saliu,"VR68+68H, Bonto Somba, Kec. Tompobulu, Kabupaten Maros, Sulawesi Selatan 90561, Indonesia",-5.1394397,119.8158679,Kabupaten Gowa,Sulawesi Selatan
ChIJ4xiPWwxrji0RPmkGWVtcdJ8,Siuri beach,"Jl. Tonusu-Meko, Toinasa, Danau, Kabupaten Poso, Sulawesi Tengah, Indonesia",-1.8086443,120.5251754,Kabupaten Poso,Sulawesi Tengah
ChIJX1CwgyEreTIRbcreEwaWKi0,Rental Mobil Gorontalo Talani,"Jalan Sultan Botutihe No.62, sumur bor",0.5365582999999999,123.0639759,Kota Gorontalo,Gorontalo
ChIJkagXbNy9ky0RTUn24dbD9nM,Air Terjun Sarambu Bittuang,"3M23+C5P, Patongloan, Kec. Bittuang, Kabupaten Tana Toraja, Sulawesi Selatan 91856, Indonesia",-2.9489176,119.6529686,Kabupaten Mamasa,Sulawesi Barat
ChIJUwaxdz81eTIRFm9XbsyUeTM,Puncak Lestari,"P28C+W26, Unnamed Desa, Tapaluluo, Kec. Telaga Biru, Kabupaten Gorontalo, Gorontalo 96181, Indonesia",0.7172875,123.0200156,Kabupaten Bone Bolango,Gorontalo
ChIJq0e16sVNuS0RWk7LuDDUQ-o,Wisata Kelapa Muda Sabda Alam,"CW72+F4W, Jl. Poros Jeneponto Bantaeng, Tino, Kec. Tarowang, Kabupaten Jeneponto, Sulawesi Selatan, Indonesia",-5.586252,119.9003394,Kabupaten Bantaeng,Sulawesi Selatan
ChIJxaK_yUpZhzIRynKlJdCu20w,Boulevard Pantai Kambiow,"5HQG+8H4, Bitung, Kec. Amurang, Kabupaten Minahasa Selatan, Sulawesi Utara, Indonesia",1.1882725,124.5764647,Kabupaten Minahasa Selatan,Sulawesi Utara
ChIJ3QpH-IBRvi0RO_3rcQ-bzSw,Wisata Istana Karst Ujung Bulu,"Unnamed Road, 3HQX+2FJ, Bontonlempangan, Bontoa, Maros Regency, South Sulawesi 90554, Indonesia",-4.912408,119.5986485,Kabupaten Maros,Sulawesi Selatan
ChIJfTjlzFmfhzIRIgGGkbwGIiw,Jl taman gunung tumpa,"HR7H+QM7, Tongkeina, Kec. Bunaken, Kota Manado, Sulawesi Utara, Indonesia",1.5644035,124.8291617,Kota Manado,Sulawesi Utara
ChIJ5Z_z_31zky0Rq7l0PVzztio,Tempat Ziarah Bukit Pena',"X8PF+RXF, Sepakuan, Kec. Balla, Kabupaten Mamasa, Sulawesi Barat 91366, Indonesia",-3.0129438,119.3249199,Kabupaten Mamasa,Sulawesi Barat
ChIJfYqNkh1hlC0RfUMYh9soX1g,Pantai Harapan Pajalele,"FFWH+6P, Binanga Karaeng, Kec. Lembang, Kabupaten Pinrang, Sulawesi Selatan, Indonesia",-3.5086634,119.4806671,Kabupaten Polewali Mandar,Sulawesi Barat
ChIJl0Ljeiixvi0RD65WM7xWn6E,Kawasan agro wisata desa Kassi,"Kassi, Kec. Rumbia, Kabupaten Jeneponto, Sulawesi Selatan, Indonesia",-5.454035,119.891759,Kabupaten Bantaeng,Sulawesi Selatan
ChIJyUv7i9oJkS0Rvn9Z6-xtOZk,Pantai Seta - Seta,"Unnamed Road, 8J8C+V98, Poreang, Kec. Bone-Bone, Kabupaten Luwu Utara, Sulawesi Selatan 91966, Indonesia",-2.6828405,120.6209457,Kabupaten Luwu Utara,Sulawesi Selatan
ChIJmTSvfnApeTIRh2LzGcbFpbI,Wisata Pemandian Barakati,"GXRH+XJC, Barakati, Kabupaten Gorontalo",0.5424424999999999,122.9790054,Kabupaten Gorontalo,Gorontalo
ChIJkbrPsSWihi0R75rug0OX_V8,Air Terjun Laumarang,"3Q66+5X3, Hanga-Hanga Permai, Luwuk, Kabupaten Banggai, Sulawesi Tengah 94711, Indonesia",-0.9396212,122.7624073,Kabupaten Banggai Laut,Sulawesi Tengah
ChIJ3Qi2pUcLky0RcgGyhX-Yh5o,Wisata Buntu Kepa',"Taupe, Kec. Mamasa, Kabupaten Mamasa, Sulawesi Barat 91362, Indonesia",-2.9335567,119.3566983,Kabupaten Mamasa,Sulawesi Barat
ChIJIWStClYuvC0RgT6ZG4zRdkY,Pantai Jodoh,"W7VX+CGQ, Kec. Kajuara, Kabupaten Bone, Sulawesi Selatan, Indonesia",-5.056401399999999,120.2988546,Kabupaten Sinjai,Sulawesi Selatan
ChIJY1_gw55ZhzIRa8k6HWJf1vg,Wisata Panjat Tebing Batu Dinding Kilo Tiga,"5H3H+CGF, Buyungon, Kec. Amurang, Kabupaten Minahasa Selatan, Sulawesi Utara, Indonesia",1.1535596,124.5787838,Kabupaten Minahasa Selatan,Sulawesi Utara
ChIJ______9MhzIRYYuLfeFIw8c,"Air Konde, Pasan Wawali Minahasa Tenggara (Jalan menuju Air Konde)","2QRX+VVX, Wawali Pasan, Kec. Ratahan, Kabupaten Minahasa Tenggara, Sulawesi Utara, Indonesia",1.0422251,124.7997204,Kabupaten Minahasa Selatan,Sulawesi Utara
ChIJ1UAZA67Dky0RwLvXFiCuihw,Objek Wisata Rante Sirrin,"3W86+RXJ, Jl. Poros Parinding - Bori, Bori, Kabupaten Toraja Utara",-2.9329148,119.9123869,Kabupaten Toraja Utara,Sulawesi Selatan
ChIJE5F8D5GNly0RfpMTpMrQXks,Pantai Kayuangin,"XFP3+5R4, Desa Liku, Samaturu, Kolaka Regency, South East Sulawesi, Indonesia",-4.0146046,121.4545673,Kabupaten Kolaka,Sulawesi Tenggara
ChIJg7yJskMyuS0R66ieVFUgBVk,Birtaria Kassi,"Birtaria Kassi, Tonro Kassi Barat, Kec. Tamalatea, Kabupaten Jeneponto, Sulawesi Selatan 92351, Indonesia",-5.624912999999999,119.6298058,Kabupaten Jeneponto,Sulawesi Selatan
ChIJDZamxgcWpC0R42pBoy99mi4,Lakadao Beach,"8RH6+44C, Selatan, Burangasi Rumbia, Kec. Lapandewa, Kabupaten Buton, Sulawesi Tenggara, Indonesia",-5.6721933,122.810273,Kabupaten Buton,Sulawesi Tenggara
ChIJYf5anxbyvi0Ry47ig7uUsKc,Air Terjun Taipa,"Tompobulu, Kec. Tompobulu, Kabupaten Maros, Sulawesi Selatan 90561, Indonesia",-5.1126037,119.7133395,Kabupaten Maros,Sulawesi Selatan
ChIJiaCNhJ3nvS0Rj5xMWlhiYd0,Wisata Pondok Kelapa,"Apala, Kabupaten Bone",-4.615487,120.3151199,Kabupaten Bone,Sulawesi Selatan
ChIJq35_i-_VeDIRZYjn8nD_U4Q,Pantai Kayubulan,"F2W2+553, Kayubulan, Kabupaten Gorontalo",0.4953823,123.0004346,Kabupaten Bone Bolango,Gorontalo
ChIJKSKHMbbmlS0RfmWcEoqB_QE,Bola Seratu,"V325+F7H, Attakkae, Kec. Tempe, Kabupaten Wajo, Sulawesi Selatan 90918, Indonesia",-4.1488181,120.0582282,Kabupaten Soppeng,Sulawesi Selatan
ChIJiUYZ1K6ofjIR8Iv6ZVunZvw,Wisata Pantai Tanjung Dulang,"X743+445, Unnamed Road, Solo, Kec. Kaidipang, Kabupaten Bolaang Mongondow Utara, Sulawesi Utara, Indonesia",0.9552622,123.2528507,Kabupaten Bolaang Mongondow Utara,Sulawesi Utara
ChIJs5pfSnyLmi0RJhPlCQUxbHI,Obyek Wisata Permandian Air Terjun Sakita,"CXP3+PR2, Sakita, Kec. Bungku Tengah, Kabupaten Morowali, Sulawesi Tengah 94973, Indonesia",-2.5632365,121.9545186,Kabupaten Morowali,Sulawesi Tengah
ChIJf9NDgSwHvC0RNPpUn_RVKnw,Telaga Biru Ere Manerang,"Jl. Kp. Lotong, Benjala, Kec. Bonto Bahari, Kabupaten Bulukumba, Sulawesi Selatan 92571, Indonesia",-5.500946,120.3432007,Kabupaten Bulukumba,Sulawesi Selatan
ChIJ9V8zGe8ply0RAuZ5pZMax7A,Dermaga Tua Sapoiha,"MXX4+GF7, Sapoiha, Kec. Watunohu, Kabupaten Kolaka Utara, Sulawesi Tenggara 93958, Indonesia",-3.3012141,120.9561853,Kabupaten Kolaka Utara,Sulawesi Tenggara
ChIJDWhkHOHmlS0RXFS3ksbFy0k,Kawasan Wisata Attakae Kabupaten Wajo,"V335+76V, Attakkae, Kec. Tempe, Kabupaten Wajo, Sulawesi Selatan 90914, Indonesia",-4.1467694,120.0580603,Kabupaten Soppeng,Sulawesi Selatan
ChIJy8S67mUFvC0RbQ6PIKLSMxY,Bukit Wisata Bulupadido,"Tammatto, Kec. Ujung Loe, Kabupaten Bulukumba, Sulawesi Selatan 92552, Indonesia",-5.406258999999999,120.2746635,Kabupaten Bulukumba,Sulawesi Selatan
ChIJof3FvS4OpC0RGrD13HvN36Y,Mata Air Pocuncui,"FRCW+QJ6, Awainulu, Kabupaten Buton",-5.5280964,122.8465093,Kabupaten Buton,Sulawesi Tenggara
ChIJF88vl4MrfzIRoeIh1bLZSys,Bukit Tangga Baly,"C4WH+798, Jl. Desa, Botutonuo, Kec. Kabila Bone, Kabupaten Bone Bolango, Gorontalo, Indonesia",0.445666,123.1284393,Kabupaten Bone Bolango,Gorontalo
ChIJYex76cP_uy0RnwV4Xfhfxhw,Pantai Merpati,"C5VX+CH2, Terang-Terang, Kec. Ujung Bulu, Kabupaten Bulukumba, Sulawesi Selatan, Indonesia",-5.558620299999999,120.1989444,Kabupaten Bulukumba,Sulawesi Selatan
ChIJ4QmaC5_Fky0RvJjT7kCY1kY,To'barana - Sa'dan,"4W8V+QQQ, Unnamed Road, Sangkaropi, Kec. Sa'dan, Kabupaten Toraja Utara, Sulawesi Selatan 91853, Indonesia",-2.8830354,119.9444939,Kabupaten Toraja Utara,Sulawesi Selatan
ChIJx76Ry69Fji0RfLZMaCADT4E,Atalambu Hill,"Kota Tentena, Sangele, Kec. Pamona Utara, Kabupaten Poso, Sulawesi Tengah, Indonesia",-1.7689536,120.6416195,Kabupaten Poso,Sulawesi Tengah
ChIJGcCnBJYNky0RAUmqjHPgyzw,Air Terjun Sambabo,"3773+FXG, Ulumambi, Kec. Bambang, Kabupaten Mamasa, Sulawesi Barat 91366, Indonesia",-2.9363248,119.254954,Kabupaten Mamasa,Sulawesi Barat
ChIJaWjHI3SZkS0Rs595AaCM7M4,Wisata Alam Tamboke,"CFW3+J69, Tamboke, Kec. Sukamaju, Kabupaten Luwu Utara, Sulawesi Selatan 92963, Indonesia",-2.5534709,120.4530947,Kabupaten Luwu Utara,Sulawesi Selatan
ChIJnTqRdmMUhzIRy8z2OoruiPo,Monas,"8W26+CCP, Wawalintouan, Kec. Tondano Bar., Kabupaten Minahasa, Sulawesi Utara, Indonesia",1.3010861,124.9110891,Kota Tomohon,Sulawesi Utara
ChIJ9-CwGVLhvi0RMqxpCK0la5I,Permandian Wisata Istana Mappala,"QFG9+754, Wisata istana mappala lingkungan mappala, Pangkabinanga, Kabupaten Gowa",-5.224365,119.4679502,Kota Makassar,Sulawesi Selatan
ChIJY_6ExZ-JlC0R1JW075nKpgc,Pantai Sappoang Polewali,"GCQ8+WQC, Amassangan, Indonesia",-3.4601751,119.4168908,Kabupaten Polewali Mandar,Sulawesi Barat
ChIJCbSe1mWuiC0R1O2PCptSn-o,Pemandian Air Panas Marowo,"2FVJ+GWX, Unnamed Road, Marowo, Kec. Ulubongka, Kabupaten Tojo Una-Una, Sulawesi Tengah 94683, Indonesia",-0.9561269,121.4823727,Kabupaten Tojo Una-Una,Sulawesi Tengah
ChIJv-PNyroteTIR4nM9-bY-DXg,Objek Wisata Air Toino Desa Talulobutu,"J34H+Q5V, Lorong Brigade, Talulobutu, Kabupaten Bone Bolango",0.6069471,123.0779408,Kota Gorontalo,Gorontalo
ChIJ6WItvG-3iy0Rq20J4yedC-A,Tanjung Karang,"Tanjung Karang, Jl. Karang Ria, Boneoge, Kec. Banawa, Kabupaten Donggala, Sulawesi Tengah 94351, Indonesia",-0.6447222,119.7291667,Kabupaten Donggala,Sulawesi Tengah
ChIJGctogA71lS0REFNbVKpgA7Q,Wisata Alam Lembah Cinta,"JRCC+657, Mattabulu, Kec. Lalabata, Kabupaten Soppeng, Sulawesi Selatan 90811, Indonesia",-4.3794523,119.8204183,Kabupaten Barru,Sulawesi Selatan
ChIJX68R10orfzIR-LkyA2cb0Ho,Pantai hiu paus,"F3GW+M3H, Jl. RE Martadinata, Botubarani, Kabupaten Bone Bolango",0.4766904,123.0952272,Kabupaten Bone Bolango,Gorontalo
ChIJk1pwuGwNiTIRxNv8HoLmtFI,Permandian Air Panas Timba' Ko Kamp. Mini,"Q999+5RC, Hiung, Kec. Siau Bar. Utara, Kabupaten Siau Tagulandang Biaro, Sulawesi Utara, Indonesia",2.7679391,125.3695077,Kabupaten Kepulauan Siau Tagulandang Biaro,Sulawesi Utara
ChIJs09XbwCNmi0R4oFh-_8N2qU,Permandian Air Terjun POFUA 'A,"FWW4+XVP, Bente, Kec. Bungku Tengah, Kabupaten Morowali, Sulawesi Tengah, Indonesia",-2.5021248,121.9062183,Kabupaten Morowali,Sulawesi Tengah
ChIJaQzukLu7lC0RjuK7sPUb9-8,Mangrove Park,"GVCM+MG2, Jl. Poros Majene - Mamuju, Lalampanua, Kec. Pamboang, Kabupaten Majene, Sulawesi Barat 91451, Indonesia",-3.4783541,118.8837648,Kabupaten Majene,Sulawesi Barat
ChIJBQ1l3Rr7kC0RpCCwToGJpoE,ANJUNGAN 533 BEACH & RESORT,"Jalan Poros Sulawesi Tenggara Lampia, Harapan, Kec. Malili, Kabupaten Luwu Timur, Sulawesi Selatan 92981, Indonesia",-2.7537583,121.0644967,Kabupaten Luwu Timur,Sulawesi Selatan
ChIJV42DFsJVeDIRU9Y-fIUyv7c,Puncak Bajo,"F9W2+CGQ, Unnamed Road, Bajo, Kec. Tilamuta, Kabupaten Boalemo, Gorontalo, Indonesia",0.4960828,122.3513477,Kabupaten Boalemo,Gorontalo
ChIJ0R9FdAq6oy0RdXnrdlZi4Pk,"Masjid Tua Kerajaan Muna, Raha, Sulawesi Tenggara","2JG5+8MJ, Lakologou, Kec. Tongkuno, Kabupaten Muna, Sulawesi Tenggara 93352, Indonesia",-4.974158,122.609148,Kabupaten Buton Tengah,Sulawesi Tenggara
ChIJ1aDJ3EmTmC0RzcMMS7UQre8,Wisata Kali Biru,"2J69+XCV, Bungkutoko, Kota Kendari, Sulawesi Tenggara 93234, Indonesia",-3.9875186,122.6185339,Kota Kendari,Sulawesi Tenggara
ChIJfSujne-Roy0RtdwVU8zvvM0,Pantai Singku Desa Lowu-Lowu,"PJX7+RFW, Waliko, Kec. Gu, Kabupaten Buton, Sulawesi Tenggara 93761, Indonesia",-5.2503893,122.6137153,Kabupaten Buton Tengah,Sulawesi Tenggara
ChIJF1ddCsZupC0RRG0thEkos2g,Pantai Batauga,"Pantai Batauga, Unnamed Road, Masiri, Batauga, Kabupaten Buton, Sulawesi Tenggara 93752, Indonesia",-5.6113195,122.599571,Kabupaten Buton Selatan,Sulawesi Tenggara
ChIJ1zpGMOWfhzIRDp1Q1kwt4y4,Pantai Tatiala,"Molas, GRQG+G63, Batu Hitam, Kec. Bunaken, Kota Manado, Sulawesi Utara, Indonesia",1.5387726,124.8255353,Kota Manado,Sulawesi Utara
ChIJseGNiXoBvi0ROygD473LPtA,Wisata Alam Taretta,"H4V5+FH2, Mampotu, Kec. Amali, Kabupaten Bone, Sulawesi Selatan 92755, Indonesia",-4.4063554,120.108905,Kabupaten Bone,Sulawesi Selatan
ChIJ6VGc-VejlS0RCd8HdQWBYAY,pantai Bara' UjungLero,"pantai Bara' UjungLero, Lero, Kec. Suppa, Kabupaten Pinrang, Sulawesi Selatan 91272, Indonesia",-4.041733499999999,119.5922586,Kota Parepare,Sulawesi Selatan
ChIJjyKzJGK3iy0R8TGtPwZuaO8,Boneoge Beach,"Boneoge Beach, Boneoge, Banawa, Donggala Regency, Central Sulawesi 94351, Indonesia",-0.6528319000000001,119.7259482,Kabupaten Donggala,Sulawesi Tengah
ChIJgUO168MChi0R7x9tPccfU_0,Taman Uebone,"3MP5+855, Uebone, Kec. Ampana Tete, Kabupaten Tojo Una-Una, Sulawesi Tengah, Indonesia",-0.9142364,121.657991,Kabupaten Tojo Una-Una,Sulawesi Tengah
ChIJ278FOWFifjIRraAWj_hx7Pw,Wisata Pantai Desa Pasir Putih,"RRV7+QW8, Desa, Pasir Putih, Kec. Sangtombolang, Kabupaten Bolaang Mongondow, Sulawesi Utara, Indonesia",0.8444187,123.8148226,Kabupaten Bolaang Mongondow,Sulawesi Utara
ChIJPZP1BQiIlC0RjBeCZ1BKcgo,Pemandian Alam Limbong Lopi,"HCW4+39C, Batetangnga, Kec. Binuang, Kabupaten Polewali Mandar, Sulawesi Barat 91312, Indonesia",-3.4048215,119.4058866,Kabupaten Polewali Mandar,Sulawesi Barat
ChIJsU-UEHDVeDIRqqvLTk0JCRc,Pantai Tanjung Kramat,"F2WV+6PQ, Tj. Kramat, Kec. Hulonthalangi, Kota Gorontalo, Gorontalo 96133, Indonesia",0.4955779,123.0443574,Kabupaten Bone Bolango,Gorontalo
ChIJBUSdIk3VeDIRQJfN_VgliNU,Pantai Leato Selatan,"F3RH+J93, Leato Sel., Kec. Kota Tim., Kota Gorontalo, Gorontalo 96116, Indonesia",0.4915004000000001,123.0784076,Kabupaten Bone Bolango,Gorontalo
ChIJifzd1yn0lS0Rwwq5Wjk9X9s,Makam Jera Lompoe,"MV2J+XH9, Bila, Kec. Lalabata, Kabupaten Soppeng, Sulawesi Selatan 90811, Indonesia",-4.347585,119.8814965,Kabupaten Barru,Sulawesi Selatan
ChIJMYsJTZorfzIRc9jqj_PC3_w,WISATA BATU PANDANG,"F42F+9P5, Jl. Trans Sulawesi, Botutonuo, Kabupaten Bone Bolango",0.4508965,123.1243617,Kabupaten Bone Bolango,Gorontalo
ChIJkS82exiSlC0RAbjf9dCC6Xw,Pantai Tanjong Buku,"G665+8RR, Buku, Kec. Mapilli, Kabupaten Polewali Mandar, Sulawesi Barat, Indonesia",-3.4891294,119.2095254,Kabupaten Polewali Mandar,Sulawesi Barat
ChIJ_dI3IwA1lC0RbxZiO779FDk,Bukit Sarassang,"7V3G+2R, Bangkala, Kec. Maiwa, Kabupaten Enrekang, Sulawesi Selatan, Indonesia",-3.7474849,119.8770568,Kabupaten Pinrang,Sulawesi Selatan
ChIJvQ0p-Awhvi0R9gixF4mhwzo,Air Terjun Tanjung Asap,"HP2M+GVC, Palakka, Kec. Barru, Kabupaten Barru, Sulawesi Selatan 90711, Indonesia",-4.4486755,119.7346273,Kabupaten Barru,Sulawesi Selatan
ChIJoXWrGHMteTIR7yXAfwAqfDU,Embung Dumati,"Embung Dumati, Dulamayo Sel., Kec. Telaga, Kabupaten Gorontalo, Gorontalo, Indonesia",0.6159049999999999,123.0417926,Kota Gorontalo,Gorontalo
ChIJVVVVVSl-kS0RjHAQ4ucYxzU,Air Terjun Sarambualla,"8533+97X, Kalotok, Kec. Sabbang, Kabupaten Luwu Utara, Sulawesi Selatan 91952, Indonesia",-2.6965197,120.1532244,Kabupaten Luwu Utara,Sulawesi Selatan
ChIJZ0g29gDAgy0RNwCelDEGGDk,Mandel Beach,"Mandel Beach, Kombutokan, Totikum, Banggai Islands Regency, Central Sulawesi 94885, Indonesia",-1.2738448,123.5312769,Kabupaten Banggai Kepulauan,Sulawesi Tengah
ChIJ75F7p8jWfjIRGdY0IrWvhAc,Lombongo Waterfall,"H53P+5FC, Tapadaa, Kecamatan Suwawa Tengah, Kabupaten Bone Bolango, Gorontalo 96583, Indonesia",0.5529391,123.1861379,Kabupaten Bone Bolango,Gorontalo
ChIJ_5-YfkP-hjIRrNF1n0nS32I,Ekowisata Mangrove,"F62W+V5R, Unnamed Road, Mawali, Kec. Lembeh Utara, Kota Bitung, Sulawesi Utara, Indonesia",1.4522253,125.2453812,Kota Bitung,Sulawesi Utara
ChIJK4vETVXyiy0R5EIrd4B3KHk,Porame Paradise Resort,"2RXP+HCM, Porame, Kec. Kinovaro, Kabupaten Sigi, Sulawesi Tengah, Indonesia",-0.9510328,119.8360334,Kota Palu,Sulawesi Tengah
ChIJP9LU7N7Zvi0RUqDjgNsETVs,WISATA KULINER 3 DIMENSI TAKALAR,"JFH6+9WC, Bonto Kassi, Kec. Polombangkeng Utara, Kabupaten Takalar, Sulawesi Selatan, Indonesia",-5.3715594,119.4622788,Kabupaten Takalar,Sulawesi Selatan
ChIJxxs_QAy4oy0RUn-Dk2YldHI,Danau Randano Ghaghe,"Tongkuno, 2P86+R9Q, Lalemba, Lawa, Kotano Wuna, Kec. Tongkuno, Kabupaten Muna, Sulawesi Tenggara 93662, Indonesia",-4.9829066,122.7109994,Kabupaten Buton Tengah,Sulawesi Tenggara
ChIJ1Woj6T6ClC0RnacZcTzoVmU,AIR TERJUN LIMBONG KAMANDANG,"Unnamed Road No.91352, Kurrak, Kec. Tapango, Kabupaten Polewali Mandar, Sulawesi Barat 91352, Indonesia",-3.2863709,119.3056521,Kabupaten Polewali Mandar,Sulawesi Barat
ChIJH3fteepHhzIRz6O7Z-JUBa0,Monumen Misionaris Johann G Schwarz Langowan,"5R3Q+FX9, Toraget, Kec. Langowan Utara, Kabupaten Minahasa, Sulawesi Utara, Indonesia",1.1536602,124.8399787,Kabupaten Minahasa,Sulawesi Utara
ChIJCzk5DiRxfjIR9_5d6kFyqRU,LOSARI BEACH,"Unnamed Road, Lolak, Kec. Lolak, Kabupaten Bolaang Mongondow, Sulawesi Utara, Indonesia",0.8873865,124.0070327,Kabupaten Bolaang Mongondow,Sulawesi Utara
ChIJQ-IjXwBdoy0RWPY6klly2mg,Gunung Sambapolulu,"Gunung Sambapolulu, Enano, Kabaena Tengah, Bombana Regency, South East Sulawesi, Indonesia",-5.3083333,121.9558333,Kabupaten Bombana,Sulawesi Tenggara
ChIJmeFnUaUihzIRpXTXfZiGDXA,Pantai Tinggian,"Pantai Tinggian, Sawangan, Kecamatan Kombi, Kabupaten Minahasa, Sulawesi Utara, Indonesia",1.2374987,125.0502637,Kabupaten Minahasa,Sulawesi Utara
ChIJS6TA3HMfvy0Rhd9BSP3_PRU,Wisata Pantai Galesong,"Q95J+79Q, Pantai, Kec. Galesong, Kabupaten Takalar, Sulawesi Selatan, Indonesia",-5.2417976,119.3809781,Kota Makassar,Sulawesi Selatan
ChIJtQvoD4kjvC0RR8bbB2pcthM,WISATA PANTAI BULOKKONG,"Q878+QFW, Bua, Kec. Tellu Limpoe, Kabupaten Sinjai, Sulawesi Selatan, Indonesia",-5.2355189,120.3161985,Kabupaten Sinjai,Sulawesi Selatan
ChIJA56J3bBhdjIRdq-Rx41wDlY,Air Terjun Ogomojolo,"FFWF+Q3X, desa ogomojolo, Palasa Lambori, Kec. Palasa, Kabupaten Parigi Moutong, Sulawesi Tengah 94476, Indonesia",0.4969843,120.4727288,Kabupaten Parigi Moutong,Sulawesi Tengah
ChIJZR3I4-nxiy0Rs-hg4obz4A0,Bulili Park,"3WC3+2PV, Birobuli Sel., Kec. Palu Sel., Kota Palu, Sulawesi Tengah 94111, Indonesia",-0.9298821,119.9042906,Kota Palu,Sulawesi Tengah
ChIJFao2zHD2fTIRnoIQCP43ESM,Pantai Songkur AMURANG,"5FPG+8VC, Unnamed Road, Tawaang, Kec. Tenga, Kabupaten Minahasa Selatan, Sulawesi Utara, Indonesia",1.1858212,124.4771549,Kabupaten Minahasa Selatan,Sulawesi Utara
ChIJ1cBQK1fglS0Rn3ehUh6YkvA,Masjid Tua Tosora,"V4H9+P9H, Tosora, Kec. Majauleng, Kabupaten Wajo, Sulawesi Selatan 90991, Indonesia",-4.1206824,120.1184714,Kabupaten Soppeng,Sulawesi Selatan
ChIJL-_iBacZhzIRGC-IHYvFcAY,Pantai Sunrise,"Makalisung, Kecamatan Kombi, Kabupaten Minahasa, Sulawesi Utara, Indonesia",1.2851143,125.062997,Kabupaten Minahasa,Sulawesi Utara
ChIJsbqmzOrvmC0R48BoCjM0zJo,Anggalo Beach Waworaha,"3HXG+VF, Waworaha, Kabupaten Konawe",-3.9003181,122.5762386,Kabupaten Konawe,Sulawesi Tenggara
ChIJpbHpNZuHoy0Rf1MiDj42CL8,Gua Laumehe,"JFG8+8GQ, Wantopi, Mawasangka Tim., Kabupaten Buton, Sulawesi Tenggara, Indonesia",-5.3741551,122.466355,Kabupaten Buton Selatan,Sulawesi Tenggara
ChIJY8yPXakxhzIRvxIcT2R1jBA,Pantai ROR,"Unnamed Road, 3XF9+9H9, Bukit Tinggi, Kec. Kakas, Kabupaten Minahasa, Sulawesi Utara, Indonesia",1.0734079,124.9689859,Kabupaten Minahasa,Sulawesi Utara
ChIJy_XEIyzxiy0RU-DoXtoTJO0,Taman Likuifaksi,"Jl. Bumi Beringin, Lolu, Kabupaten Sigi",-0.9660132,119.9132452,Kota Palu,Sulawesi Tengah
ChIJlZJuuhngvS0ROUU65m70O_k,puncak padel,"85X9+9CF, Pattimpa, Kec. Ponre, Kabupaten Bone, Sulawesi Selatan 92765, Indonesia",-4.6515648,120.1685546,Kabupaten Bone,Sulawesi Selatan
ChIJyTGeSWPrmC0RkwYoPleu418,Teluk Ceri,"3MM8+47F, Toronipa, Kabupaten Konawe",-3.916638499999999,122.6662685,Kabupaten Konawe,Sulawesi Tenggara
ChIJoYoaO2LpmC0Rhat7QeyPpJI,Kreasi Bahari Toronipa,"4M36+FP9, Jl. Pantai, Toronipa, Soropia, Kabupaten Konawe, Sulawesi Tenggara 93351, Indonesia",-3.8963402,122.6618677,Kabupaten Konawe,Sulawesi Tenggara
ChIJRwH_NaI5jC0RZiGG7iP2SrY,Bulu Torompupu,"Bulu Torompupu, Salua, Kec. Kulawi, Kabupaten Sigi, Sulawesi Tengah, Indonesia",-1.4258333,119.8566666,Kabupaten Sigi,Sulawesi Tengah
ChIJr4twG2VQFQURYPoa9IdLy2o,Rumah Adat Sinjai,"RC46+QW4, Jl. Daeng Tata III, Benteng Somba Opu, Kec. Barombong, Kota Makassar, Sulawesi Selatan 90225, Indonesia",-5.193118,119.412324,Kota Makassar,Sulawesi Selatan
ChIJP05MU_Fbvi0R-NWc6-iOZVI,Danau cinta tonasa1,"3JVV+X94, Balocci Baru, Kec. Balocci, Kabupaten Pangkajene Dan Kepulauan, Sulawesi Selatan 90661, Indonesia",-4.9051136,119.6434616,Kabupaten Maros,Sulawesi Selatan
ChIJl66LKE_3ky0RAE5RCthUfz0,Air Terjun Mengkendek,"RX94+MW9, Simbuang, Kec. Mengkendek, Kabupaten Tana Toraja, Sulawesi Selatan 91881, Indonesia",-3.1808484,119.9573538,Kabupaten Tana Toraja,Sulawesi Selatan
ChIJhSYABgxNeDIR0DfiWBLQpQg,Pantai Batu Buaya,"F4JX+86J, Keramat, Kec. Mananggu, Kabupaten Boalemo, Gorontalo, Indonesia",0.4808318,122.1480178,Kabupaten Boalemo,Gorontalo
ChIJ19x8pxWMjC0RcVFwIUCNhEI,Pantai Batu Oge,"P8G3+HGC, Batu Oge, Pedongga, Kab. Pasangkayu, Sulawesi Barat 91571, Indonesia",-1.2735675,119.3037574,Kabupaten Pasangkayu,Sulawesi Barat
ChIJm-2fVmk_lC0RgUJfns4jIf0,Air Terjun Lewaja,"CR85+5RX, Lewaja, Kec. Enrekang, Kabupaten Enrekang, Sulawesi Selatan 91712, Indonesia",-3.5845239,119.8096177,Kabupaten Enrekang,Sulawesi Selatan
ChIJcUTwZiXivi0RGx9GU359374,Tamalaté Paleis van het Gowa Sultanaat - Istana Tamalate,"Istana Tamalate, Sungguminasa, Kec. Somba Opu, Kabupaten Gowa, Sulawesi Selatan 92111, Indonesia",-5.2068766,119.4522985,Kota Makassar,Sulawesi Selatan
ChIJ3wbvFHAovy0Rjla4ZqpRmow,Pantai Galumbaya,"Galumbaya, H92M+HPW, Ujung Baji, Kec. Sanrobone, Kabupaten Takalar, Sulawesi Selatan 92231, Indonesia",-5.4485019,119.3843176,Kabupaten Takalar,Sulawesi Selatan
ChIJuSanu7PQiy0RedNN-loqyzA,Pantai Nalera,"9357+J35, Jl. Trans Sulawesi, Marantale, Kec. Siniu, Kabupaten Parigi Moutong, Sulawesi Tengah 94474, Indonesia",-0.6409863,120.062722,Kabupaten Donggala,Sulawesi Tengah
ChIJ9agMHYjovi0Rf2-iTq3jPPY,Pantai Sicini,"QJ48+QC7, Bontoparang, Kec. Parangloe, Kabupaten Gowa, Sulawesi Selatan 92173, Indonesia",-5.2430942,119.616054,Kabupaten Takalar,Sulawesi Selatan
ChIJB7nVGfcpeTIR_ClTLkRU1hs,Mooi Lake,"HX58+4W6, Huntu, Kec. Batudaa, Kabupaten Gorontalo, Gorontalo, Indonesia",0.559063,122.967697,Kabupaten Gorontalo,Gorontalo
ChIJGdiLVsFglC0ReyR3d0Cbvv4,Pantai Salopi,"Selat, Kota Makassar, Sulawesi Selatan, Indonesia",-3.5215298,119.4929373,Kabupaten Polewali Mandar,Sulawesi Barat
ChIJOeuE7UgZvC0R8VSVSAhQnB4,Pantai karampuang,"Pantai karampuang, P89M+F49, Pattongko, Kec. Sinjai Tim., Kabupaten Sinjai, Sulawesi Selatan, Indonesia",-5.2813449,120.33286,Kabupaten Bulukumba,Sulawesi Selatan
ChIJC_Kniyp5oS0R0wcjZ9WUtq0,Dermaga Bone,"Jl. Bone Bawah, Desa Malalanda, 557C+3H9, Kec. Kulisusu, Kabupaten Buton Utara, Sulawesi Tenggara 93672, Indonesia",-4.8373351,123.171475,Kabupaten Buton Utara,Sulawesi Tenggara
ChIJb4-wWZLXpi0Rc5EMWuj6z-o,Pulau Hoga,"Pulau Hoga, Ambeua Raya, Kec. Kaledupa, Kabupaten Wakatobi, Sulawesi Tenggara, Indonesia",-5.4652778,123.7711111,Kabupaten Wakatobi,Sulawesi Tenggara
ChIJByW72oaJlC0RlenuyiYF-NA,Wisata Alam Wai Batu,"HCQ3+VPW, Batetangnga, Kec. Binuang, Kabupaten Polewali Mandar, Sulawesi Barat 91312, Indonesia",-3.4102584,119.4043336,Kabupaten Polewali Mandar,Sulawesi Barat
ChIJO5it69AahzIRklkX7ymZWPs,Penjara Tua Kema,"938G+28G, Kema Dua, Kec. Kema, Kabupaten Minahasa Utara, Sulawesi Utara, Indonesia",1.3650636,125.0758135,Kabupaten Minahasa,Sulawesi Utara
ChIJO2P0_BjYvi0RS-v_1Ayr13A,Miniatur MONUMEN LAPRIS,"HC9Q+JCR, Jl. Kemakmuran, Kalabbirang, Kec. Pattallassang, Kabupaten Takalar, Sulawesi Selatan 92461, Indonesia",-5.4308951,119.4385056,Kabupaten Takalar,Sulawesi Selatan
ChIJw9MNECFRFQUR2G-CU6ifdxk,Masjid Bukit Nirwana Permai 1.Moncongloe Lappara,"RGQ4+Q65, Jl. Ayah Syekh Yusuf Perumahaan bukit nirwana 1, Moncongloe Lappara, Kec. Moncong Loe, Kabupaten Maros, Sulawesi Selatan 90562, Indonesia",-5.1607448,119.5052958,Kota Makassar,Sulawesi Selatan
ChIJtxpB2NqNoy0RWcDwyyRKqkY,Wisata Goa Kotaeono,"MJVV+74Q, Desa, Dusun Uncume, Rahia, Kec. Gu, Kabupaten Buton Tengah, Sulawesi Tenggara, Indonesia",-5.3067777,122.6428585,Kabupaten Buton Selatan,Sulawesi Tenggara
ChIJ1V6nKH32vi0RARVeo3beXMo,Air Terjun Bantimurung,"Air Terjun Bantimurung, Jenetaesa, Kec. Simbang, Kabupaten Maros, Sulawesi Selatan, Indonesia",-5.0166363,119.6853587,Kabupaten Maros,Sulawesi Selatan
ChIJ8R-IySY9fjIRibT6CdanMnk,BANYU ANGET SWIMMINGPOOL,"Matali, Kec. Kotamobagu Tim., Kota Kotamobagu, Sulawesi Utara, Indonesia",0.7217102999999999,124.317461,Kota Kotamobagu,Sulawesi Utara
ChIJ0xGEcyrrgy0Rz4XdE19azZE,Wisata Bone Pompon,"QC82+328, Lalong, Kec. Tinangkung Utara, Kabupaten Banggai Kepulauan, Sulawesi Tengah, Indonesia",-1.2348367,123.4000807,Kabupaten Banggai,Sulawesi Tengah
ChIJiQgDVnWddzIRZlUD_vMa72Q,BUMDes TORJA,"FCJR+43X, Torosiaje Jaya, Popayato, Kabupaten Pohuwato, Gorontalo 96467, Indonesia",0.4803703,121.4402261,Kabupaten Buol,Sulawesi Tengah
ChIJDXEK_z8MizIRtpyHMHR7p_M,Gunung Awu,"Gn. Awu, Utaurano, Kec. Tabukan Utara, Kabupaten Kepulauan Sangihe, Sulawesi Utara, Indonesia",3.666667,125.5,Kabupaten Kepulauan Sangihe,Sulawesi Utara
ChIJZa1opboJgy0RZ4jeBMySBAA,Pantai Monosan,"CHX6+MH3, Kendek, Banggai Utara, Kab. Banggai Laut, Sulawesi Tengah 94891, Indonesia",-1.5508687,123.5614367,Kabupaten Banggai Kepulauan,Sulawesi Tengah
ChIJDQUaPOfBvS0R-hlZFaFk2w0,Pantai Cappa Ujung,"Pantai Cappa Ujung, Pattiro Sompe, Kec. Sibulue, Kabupaten Bone, Sulawesi Selatan, Indonesia",-4.6585947,120.4569631,Kabupaten Bone,Sulawesi Selatan
ChIJNz5gGw1PeTIRNR42YXie2Cw,Wisata Pantai Botudidingga,"VWQM+3CQ, Dambalo, Kec. Tomilito Kab, Kabupaten Gorontalo Utara, Indonesia",0.8877016,122.9336127,Kabupaten Gorontalo Utara,Gorontalo
ChIJFYcMLaz4oy0RRj4hz8oYmc8,"Air Terjun Kalata, Buton","JXFM+XGV, Walompo, Kec. Siontapina, Kabupaten Buton, Sulawesi Tenggara 93756, Indonesia",-5.3750029,122.9838052,Kabupaten Buton,Sulawesi Tenggara
ChIJ8RqToekqeTIRiwMnfziJ0nE,Wisata Gunung Layang,"G3G3+2G9, Siendeng, Kec. Hulonthalangi, Kota Gorontalo, Gorontalo 96133, Indonesia",0.5250445,123.0538719,Kabupaten Bone Bolango,Gorontalo
ChIJkdeYACBJmC0R2kqJof4II6Y,Argawana camp,"42QJ+4H, Puunaaha, Kec. Unaaha, Kabupaten Konawe, Sulawesi Tenggara, Indonesia",-3.8622147,122.0314389,Kabupaten Kolaka Timur,Sulawesi Tenggara
ChIJiR0uu2sMgy0RSKQpm4MIxRM,Wisata Air Terjun Matube desa lampa,"Lampa, Kec. Banggai, Kabupaten Banggai Kepulauan, Sulawesi Tengah 94891, Indonesia",-1.6064375,123.5020625,Kabupaten Banggai Kepulauan,Sulawesi Tengah
ChIJGcLoQ2vtmC0RNV0Y3ySVSbA,Papalimba Water Tourism Lapulu,"2H9H+5Q2, Lapulu, Kec. Abeli, Kota Kendari, Sulawesi Tenggara, Indonesia",-3.9821026,122.5793794,Kota Kendari,Sulawesi Tenggara
ChIJSwFWF7CVlC0RFmqeXRV2Saw,Pantai Wisata Labuang,"F4M6+WQ5, Laliko, Kec. Campalagian, Kabupaten Polewali Mandar, Sulawesi Barat, Indonesia",-3.5152358,119.1119761,Kabupaten Polewali Mandar,Sulawesi Barat
ChIJcVxH8u6VmC0R2c8VKfpQL24,Kampung pelangi,"XJWR+GW5, Tondonggeu, Kec. Abeli, Kota Kendari, Sulawesi Tenggara, Indonesia",-4.0037418,122.6423502,Kota Kendari,Sulawesi Tenggara
ChIJcYR6-EqXlS0RYpm6infNeuk,Pantai Ujung Indah,"Pantai Ujung Indah, Cilellang, Kec. Mallusetasi, Kabupaten Barru, Sulawesi Selatan 90753, Indonesia",-4.1819472,119.6244239,Kabupaten Barru,Sulawesi Selatan
ChIJzfdbWYQtvC0R3pCpvptZvkE,"Pantai Tanjung Pero, Ujunge","Unnamed Road, 28J2+4XF, Ujunge, Kec. Tonra, Kabupaten Bone, Sulawesi Selatan, Indonesia",-4.9696934,120.3024357,Kabupaten Sinjai,Sulawesi Selatan
ChIJw2tueHewfzIRUYZ78Tvoymg,Wisata Kuliner Sondana,"92G5+34Q, Unnamed Road, Tolondadu II",0.3752215,124.0078563,Kabupaten Bolaang Mongondow Selatan,Sulawesi Utara
ChIJg6LOHHrVfjIRMIYxoh7yFl4,WISATA TAMAN CIBUTU,"H46M+4F5, Butu, Kabupaten Bone Bolango",0.5602713,123.1337266,Kabupaten Bone Bolango,Gorontalo
ChIJPTutZ6FelC0RbgknbinISF8,Pantai Kappe,"Pantai Kappe, Data, Kec. Duampanua, Kabupaten Pinrang, Sulawesi Selatan 91253, Indonesia",-3.599879199999999,119.5055511,Kabupaten Pinrang,Sulawesi Selatan
ChIJd_7LsMlqhzIR4v450S-93Wc,Kuntung Tampusu,"Kuntung Tampusu, Tataaran Patar, Kec. Tondano Sel., Kabupaten Minahasa, Sulawesi Utara, Indonesia",1.2652778,124.8547222,Kabupaten Minahasa,Sulawesi Utara
ChIJK7Y81TJthzIRM_OsEZ7eDY8,Gunung Mahawu,"9V36+8WX, Kakaskasen Satu, Kec. Tomohon Utara, Kota Tomohon, Sulawesi Utara, Indonesia",1.3533701,124.8623466,Kota Tomohon,Sulawesi Utara
ChIJUQYo-mXHlC0RWXmP6TmJXNw,Masjid Nurul Azizil Hakim,"CWPV+52Q, Jl. Rangas, Totoli, Kec. Banggae, Kabupaten Majene, Sulawesi Barat 91415, Indonesia",-3.5645427,118.9425966,Kabupaten Majene,Sulawesi Barat
ChIJgxoX3UUhfjIRX3uFBTt9bQo,WISATA DANAU MOAT,"Moat, Kec. Modayag, Kabupaten Bolaang Mongondow Timur, Sulawesi Utara, Indonesia",0.7349593999999999,124.4568378,Kabupaten Bolaang Mongondow Timur,Sulawesi Utara
ChIJgeEDIwb7vi0Rnqv7VrGCXfs,Danau Sanusi,"WHMR+PV9, Jl. Garuda, Damai, Kec. Tanralili, Kabupaten Maros, Sulawesi Selatan 90552, Indonesia",-5.0657105,119.5922263,Kabupaten Maros,Sulawesi Selatan
ChIJ7yY-Zubpky0Rs6wuGcJEz3o,Cokopacu Rental Mobil & Motor,Jalan Pacuan Kuda No.25,-2.9724342,119.8999838,Kabupaten Tana Toraja,Sulawesi Selatan
ChIJRRZ0kR9jmC0Rjdvn0UYFbeA,Permandian Boro- Boro,"W82W+FP9, Boro-Boro R, Kec. Ranomeeto, Kabupaten Konawe Selatan, Sulawesi Tenggara, Indonesia",-4.0988258,122.3468694,Kabupaten Konawe Selatan,Sulawesi Tenggara
ChIJZd0dz4W7li0RKY8tYVyXTVA,Pantai Cimpu Selatan,"Pantai Cimpu Selatan, Cimpu, Kec. Suli, Kabupaten Luwu, Sulawesi Selatan 91994, Indonesia",-3.4358865,120.3988557,Kabupaten Wajo,Sulawesi Selatan
ChIJzU2gVWkSoi0RKvFfSosNJbk,Pantai Pasir Putih Batu Putih,"Unnamed Road, Batu Putih, Kec. Kolono, Kabupaten Konawe Selatan, Sulawesi Tenggara, Indonesia",-4.4120632,122.7792254,Kabupaten Buton Utara,Sulawesi Tenggara
ChIJl74h0rNOvi0RspkzBqqNj04,Kompleks Rumah Adat Labakkang,"6GGG+96X, Labakkang, Kec. Labakkang, Kabupaten Pangkajene Dan Kepulauan, Sulawesi Selatan 90651, Indonesia",-4.7740143,119.525618,Kabupaten Pangkajene Dan Kepulauan,Sulawesi Selatan
ChIJqxtKiMhqhzIRJvb5AR0r2DQ,Danau Tampusu,"Danau Tampusu, Pangolombian, Kec. Tomohon Sel., Kota Tomohon, Sulawesi Utara, Indonesia",1.2661111,124.8522222,Kabupaten Minahasa,Sulawesi Utara
ChIJL3QsHGO9hzIR691rKXJ0r9k,Darunu Mangrove Park,"Darunu, Jaga 6, Kabupaten Minahasa Utara, Sulawesi Utara 95376, Indonesia",1.6413391,124.9000167,Kabupaten Minahasa Utara,Sulawesi Utara
ChIJ0-9vxu_GlS0RaReFgKOigsU,Danau Sidenreng,"Danau Sidenreng, Sulawesi Selatan, Indonesia",-4.0032537,119.8699493,Kabupaten Sidenreng Rappang,Sulawesi Selatan
ChIJp2bhjatzpC0RwSqQkIloJ2c,Air Terjun Samparona,"FMV9+P5W, Lipumangau, Kec. Sampolawa, Kabupaten Buton, Sulawesi Tenggara 93725, Indonesia",-5.5056291,122.6679402,Kota Baubau,Sulawesi Tenggara
ChIJ1ezqFJRHhC0RsdDX9VkvttQ,Pantai Makakata,"Pantai Makakata, Sisipan, Batui, Banggai Regency, Central Sulawesi, Indonesia",-1.2941731,122.5648569,Kabupaten Banggai,Sulawesi Tengah
ChIJ4VrMTF4Mgy0RO6KsKOhtvUs,Pantai Mato,"Pantai Mato, Tinakin Laut, Kec. Banggai, Kabupaten Banggai Kepulauan, Sulawesi Tengah 94891, Indonesia",-1.6107607,123.4860056,Kabupaten Banggai Kepulauan,Sulawesi Tengah
ChIJS1E871ydki0RCaMX0tKnZ2g,Permandian Ziling,"Salumanurung, Kec. Budong-Budong, Kabupaten Mamuju, Sulawesi Barat 91563, Indonesia",-2.1782589,119.1970897,Kabupaten Mamuju,Sulawesi Barat
ChIJD9Yh5QtReTIRLRRx7uGO1y0,Pantai LOGPON,"Pantai LOGPON, Jl. Trans Sulawesi, Molantadu, Kec. Kwandang, Kabupaten Gorontalo Utara, Gorontalo 96252, Indonesia",0.9124799,122.9499483,Kabupaten Gorontalo Utara,Gorontalo
ChIJz_QooHighzIR_Lt_-nOzSzU,Wisata Bahari Resto Transmart Carrefour,"GV3X+9XJ, Kairagi Dua, Kec. Mapanget, Kota Manado, Sulawesi Utara, Indonesia",1.5034524,124.8998969,Kota Manado,Sulawesi Utara
ChIJc-O_xyQhvy0RVlq235wrQ3c,Pulau Sanrobengi,"M8GV+664 Gusung Sangrobengi, Boddia, Kec. Galesong, Kabupaten Takalar, Sulawesi Selatan, Indonesia",-5.324489199999999,119.3430777,Kabupaten Takalar,Sulawesi Selatan
ChIJDznwMeIfvC0RKe54D0EJWo0,Air Terjun Baruttungnge,"Sungai Apareng, P5Q6+W72, Sangianseri, Kec. Sinjai Sel., Kabupaten Sinjai, Sulawesi Selatan 92661, Indonesia",-5.2602274,120.1606384,Kabupaten Sinjai,Sulawesi Selatan
ChIJZQmHVsIDmC0Rkm36Bm6tulM,Gunung Batu Puulemo,"RPF4+5FJ, unamed road, Puulemo, Kec. Baula, Kabupaten Kolaka, Sulawesi Tenggara 93562, Indonesia",-4.1770498,121.7061386,Kabupaten Kolaka,Sulawesi Tenggara
ChIJU6l8MfMzui0R29EPLn11OZc,Jangkar Raksasa Selayar,"RC9H+V5R, Bontosunggu, Kec. Bontoharu, Kab. Kepulauan Selayar, Sulawesi Selatan, Indonesia",-6.180272,120.4278847,Kabupaten Kepulauan Selayar,Sulawesi Selatan
ChIJcQsmwBQfkC0RzSIIBtGI3pQ,Pemandian Air Panas Beteleme,"R7WC+2MJ, Beteleme, Kec. Lembo, Kabupaten Morowali Utara, Sulawesi Tengah 94966, Indonesia",-2.1549086,121.2716355,Kabupaten Luwu Timur,Sulawesi Selatan
ChIJNwXbrWDuoy0RCYCnokQ-D08,Permandian Kapontori,"QRMJ+M5F, Watumotobe, Kec. Kapontori, Kabupaten Buton, Sulawesi Tenggara 93755, Indonesia",-5.2158219,122.8304287,Kabupaten Buton,Sulawesi Tenggara
ChIJ5wPxIwC7gDIRRrF_b4I-pCE,Pantai Anita,"Ratatotok Tim., Kec. Ratatotok, Kabupaten Minahasa Tenggara, Sulawesi Utara 95997, Indonesia",0.8460614,124.7077605,Kabupaten Minahasa Tenggara,Sulawesi Utara
ChIJ3fuBYAo2hzIRYkkNkqoThaI,Waruga TOAR - LUMIMUUT Palamba,"3V5J+CJ7, Palamba, Kec. Langowan Sel., Kabupaten Minahasa, Sulawesi Utara 95997, Indonesia",1.0585432,124.8815357,Kabupaten Minahasa,Sulawesi Utara
ChIJG8zabHMvjTIRe0zM4x7oSpw,Sara Island,"WPV5+RJC, Lirung Satu, Lirung, Kabupaten Kepulauan Talaud, Sulawesi Utara, Indonesia",3.9445582,126.7090297,Kabupaten Kepulauan Talaud,Sulawesi Utara
ChIJl56zvZYZhzIRLjwS4TP0b_k,Pantai Mangket,"Pantai Mangket, Makalisung, Kema, North Minahasa Regency, North Sulawesi, Indonesia",1.2955769,125.067266,Kabupaten Minahasa,Sulawesi Utara
ChIJjarTcrEvcTIRmEn5UaUayh0,Zalza Beach,"Pantai Lalos, Lalos, Kabupaten Toli-Toli",1.1174511,120.7834148,Kabupaten Buol,Sulawesi Tengah
ChIJDYLbPxp1hzIRticJIgdZqAA,PANTAI BOULEVARD MANADO,"FRHM+HJX, Jl. Piere Tendean, Sario Tumpaan, Kec. Sario, Kota Manado, Sulawesi Utara, Indonesia",1.478988,124.8340988,Kota Manado,Sulawesi Utara
ChIJ5YosQGgVoi0RBhiTJWpZnSU,Towea Beach,"FP9R+JWV, Lakarama, Kec. Towea, Kabupaten Muna, Sulawesi Tenggara 93654, Indonesia",-4.5308851,122.7423004,Kabupaten Buton Utara,Sulawesi Tenggara
ChIJzVrSySelvi0RC_KnpWaTyv0,Kampoeng Wisata Alam Baturapa,"J2FJ+4QG, Borong Rappoa, Kec. Kindang, Kabupaten Bulukumba, Sulawesi Selatan 92517, Indonesia",-5.3771826,120.0319443,Kabupaten Gowa,Sulawesi Selatan
ChIJJdRccPL5ly0R-EMBrv8aeSA,Swedy Beach Tambea,"Jl. Moh. Arief Masdar, Kec. Pomalaa, Kabupaten Kolaka, Sulawesi Tenggara 93562, Indonesia",-4.1989718,121.5845072,Kabupaten Kolaka,Sulawesi Tenggara
ChIJ1RRUNk6umS0RmfhjEu1dYV8,Pantai Batam Mataiwoi,"Pantai Batam Mataiwoi, Mataiwoi, Kec. Molawe, Kabupaten Konawe Utara, Sulawesi Tenggara, Indonesia",-3.6246754,122.2073992,Kabupaten Konawe,Sulawesi Tenggara
ChIJb1g8Yus4vi0RoXBGePLLiDA,Permandian Air Terjun Maremare,"8MH8+PW5, Pujananting, Kec. Pujananting, Kabupaten Barru, Sulawesi Selatan 90762, Indonesia",-4.6707493,119.6673694,Kabupaten Pangkajene Dan Kepulauan,Sulawesi Selatan
ChIJGSvxGN1VhjIRKMtb300RBHY,"Cagar Alam Batu Angus, Bitung","Unnamed Road, G65J+XWQ, Kasawari, Aertembaga, Kota Bitung, Sulawesi Utara, Indonesia",1.5099726,125.2323497,Kota Bitung,Sulawesi Utara
ChIJtxSR5a1JfjIRY2om9QpDdzA,Tambun Maleo Sanctuary,"H4Q9+FHC, Unnamed Road, Tim, Pinonobatuan",0.588687,124.118881,Kabupaten Bolaang Mongondow Selatan,Sulawesi Utara
ChIJE3I_y829ky0Ra6-8YuZY13A,Sarambu Ratte Balla,"3M5J+WPX, Balla, Kec. Bittuang, Kabupaten Tana Toraja, Sulawesi Selatan 91856, Indonesia",-2.9401389,119.6818611,Kabupaten Tana Toraja,Sulawesi Selatan
ChIJt2WanAXnjy0RxnxgQbiRTpE,Puncak Kota Kolonodale,"283J+M3R, Unnamed Road, Kolonodale, Kec. Petasia, Kabupaten Morowali Utara, Sulawesi Tengah 94971, Indonesia",-1.9957553,121.3301543,Kabupaten Morowali Utara,Sulawesi Tengah
ChIJ5365a_wEly0Rerph8tazS9E,GOA TAPPARANG kolaka Utara,"Rante Baru, Kecamatan Rante Angin, Kabupaten Kolaka Utara, Sulawesi Tenggara 93956, Indonesia",-3.6588125,121.0289375,Kabupaten Kolaka Utara,Sulawesi Tenggara
ChIJg-SWWDH0uy0RbRkdo_HRpD0,Wisata Panaikang Birayya #DarubiahKeren,"CFH2+GR4, Darubiah, Kec. Bonto Bahari, Kabupaten Bulukumba, Sulawesi Selatan, Indonesia",-5.571225399999999,120.4520701,Kabupaten Bulukumba,Sulawesi Selatan
ChIJS-JujimTmC0RJPhO59b8Wgo,Telaga Biru Bungkutoko,"Unnamed Road, 93234, Indonesia",-3.990325099999999,122.618713,Kota Kendari,Sulawesi Tenggara
ChIJc3N2989ppC0RxM-iKnUxqQI,Wisata Permandian Air Loka,"Unnamed Road, 8G9W+6PP, Kaimbulawa, Kec. Siompu, Kabupaten Buton, Sulawesi Tenggara, Indonesia",-5.681921,122.5468204,Kabupaten Buton,Sulawesi Tenggara
ChIJl-6iZYaolC0R99KS81tx30I,Bukit Palipi Sendana Kab. Majene.,"MRMX+HF4, Sendana, Kec. Sendana, Kabupaten Majene, Sulawesi Barat 91452, Indonesia",-3.3161024,118.8486912,Kabupaten Majene,Sulawesi Barat
ChIJ2_4XnlsDvi0RSnnXF3pdMm4,Kawasan Wisata Alam Citta,"H28J+8HR, Citta, Kec. Citta, Kabupaten Soppeng, Sulawesi Selatan 90861, Indonesia",-4.4341456,120.0313881,Kabupaten Bone,Sulawesi Selatan
ChIJW7vfPJo9fjIRnjaPmGN3N1g,Taman Marlina,"P7PG+RRW, Mongkonai Bar., Kec. Kotamobagu Bar., Kota Kotamobagu, Sulawesi Utara, Indonesia",0.7371131,124.2770682,Kabupaten Bolaang Mongondow,Sulawesi Utara
ChIJ4RXymWVUoi0Rv2HVy8loB2g,Benteng TIWORO,"Waumere Tiworo kepulauan, 6C3J+4Q3, Waumere, Barat, Kabupaten Muna, Sulawesi Tenggara 93653, Indonesia",-4.797225099999999,122.431931,Kabupaten Muna,Sulawesi Tenggara
ChIJRabLEreJky0RNgYbA3RUypA,Lembah kendenan,"PMXR+QM9, Ratte Buttu, Kec. Bonggakaradeng, Kabupaten Tana Toraja, Sulawesi Selatan 91872, Indonesia",-3.250591,119.691731,Kabupaten Enrekang,Sulawesi Selatan
ChIJQ5amnx1mkC0RaYetyaNHi1w,Pantai Kupu-kupu,"Pantai Kupu-kupu, Magani, Nuha, East Luwu Regency, South Sulawesi 92983, Indonesia",-2.5052275,121.328904,Kabupaten Luwu Timur,Sulawesi Selatan
ChIJDQpnjPsLmS0R6HqJtxc37ww,Laguna Mahumalalang,"GCCQ+2PC, Kepulauan Labengki, Sulawesi Tenggara 93352, Indonesia",-3.4799391,122.4392759,Kabupaten Konawe,Sulawesi Tenggara
ChIJI3fAQHPHiy0Rbc7Cxgkmntw,Al Azhar Beach Camp,"8RP9+757, Labuan Salumbone, Kec. Labuan, Kabupaten Donggala, Sulawesi Tengah 94353, Indonesia",-0.6643414999999999,119.8179144,Kabupaten Donggala,Sulawesi Tengah
ChIJO2q4KKXtmC0RcLrpM8ymcIo,Vila Purirano,"Jl. Dermaga Cinta, Purirano",-3.961623,122.6186585,Kota Kendari,Sulawesi Tenggara
ChIJScbzSW29lS0RkOluompdxVI,Parepare Kota Cinta Habibie Ainun,"XJ3G+PG2 Ruang Terbuka Hijau, Sumpang Minangae, Kec. Bacukiki Bar., Kota Parepare, Sulawesi Selatan 91123, Indonesia",-4.0459839,119.6266739,Kota Parepare,Sulawesi Selatan
ChIJVVPriPT3vi0RHh8pwejatkY,kawasan wisata Bantimurung,"Jl. Poros Bantimurung Maros No.100, Alatengae, Kec. Bantimurung, Kabupaten Maros, Sulawesi Selatan 90561, Indonesia",-5.0163807,119.6808422,Kabupaten Maros,Sulawesi Selatan
ChIJaW29JmKnfzIRH0bHI0nUPQY,Wisata Mangrove Trans Pato'a,"8VJ5+FVF, Unnamed Road, Duminanga, Kec. Bolaang Uki, Kabupaten Bolaang Mongondow Selatan, Sulawesi Utara, Indonesia",0.3311785,123.8596608,Kabupaten Bolaang Mongondow Selatan,Sulawesi Utara
ChIJ7aeATOrifTIRTijLnCxY3To,Wisata Pantai Poigar,"Wisata Pantai Poigar, Poigar II, Kec. Sinonsayang, Kabupaten Minahasa Selatan, Sulawesi Utara, Indonesia",1.0199181,124.3062221,Kabupaten Bolaang Mongondow,Sulawesi Utara
ChIJC1E7fqT3ly0R_UX2l0A7t9s,Wisata Taman mangrove BUMDesa Totobo,"Jl. By Pass, desa Totobo, Kabupaten Kolaka",-4.1505055,121.6174614,Kabupaten Kolaka,Sulawesi Tenggara
ChIJj3QlkrHJoy0RQ2wURXRODe8,Danau Motonuno,"3QF2+R4F, Lakarinta, Kec. Lohia, Kabupaten Muna, Sulawesi Tenggara 93658, Indonesia",-4.9254288,122.750284,Kabupaten Buton Tengah,Sulawesi Tenggara
ChIJ97quc2SPfjIRJoSE3-pjmbw,Pantai BatuMeja Sangkub (TableStone Beach),"Pantai BatuMeja Sangkub (TableStone Beach), Sampiro, Kec. Sangkub, Kabupaten Bolaang Mongondow Utara, Sulawesi Utara, Indonesia",0.8766383999999999,123.6775093,Kabupaten Bolaang Mongondow Utara,Sulawesi Utara
ChIJEUuiAhk7hzIRA41_P1J2ARw,Pantai Parentek,"Pantai Parentek, Panterek, Lembean Timur, Minahasa Regency, North Sulawesi, Indonesia",1.1525438,125.0195406,Kabupaten Minahasa,Sulawesi Utara
ChIJqR-0Z0GYvi0RRwz5iA7sZTo,Air Terjun Pincuni,"Balakia, Kec. Sinjai Bar., Kabupaten Sinjai, Sulawesi Selatan 92653, Indonesia",-5.238046400000001,120.0023425,Kabupaten Gowa,Sulawesi Selatan
ChIJW4XgBa29iy0R6KL_Xls9BQ8,Puncak Donggala,"Jl. Poros Majene - Mamuju, Tosale, Kec. Banawa Tengah, Kabupaten Donggala, Sulawesi Tengah 94351, Indonesia",-0.7548349999999999,119.6837683,Kabupaten Donggala,Sulawesi Tengah
ChIJoflV-Rhzky0RG2H-Va5fIn4,Negeri Diatas Awan Buntu Liarra,"X7WP+VQ7, Parondobulawan, Kec. Tanduk Kalua, Kabupaten Mamasa, Sulawesi Barat 91366, Indonesia",-3.0028491,119.2869161,Kabupaten Mamasa,Sulawesi Barat
ChIJy2sQSsxLvi0REdY4X15IslM,Tanarajae,"7F6W+P9W, Bonto Manai, Kec. Labakkang, Kabupaten Pangkajene Dan Kepulauan, Sulawesi Selatan 90653, Indonesia",-4.7381407,119.4959564,Kabupaten Pangkajene Dan Kepulauan,Sulawesi Selatan
ChIJEf-cYWkxfzIRJXRhV4jw8Pg,Wisata Pesona Tanjung Tihu,"Jl. Trans Sulawesi, Tihu, Kec. Bonepantai, Kabupaten Bone Bolango, Gorontalo 96585, Indonesia",0.3676215,123.2167596,Kabupaten Bone Bolango,Gorontalo
ChIJETzVmh5olC0RmwGWHDVizto,Air Terjun Latta Pitu,"FJ7C+FH5, Rajang, Kec. Lembang, Kabupaten Pinrang, Sulawesi Selatan 91254, Indonesia",-3.5363645,119.6214895,Kabupaten Pinrang,Sulawesi Selatan
ChIJuUDCwv3tiy0RkodntVNKUj8,pantai talise,"4VVH+VG6, Talise, Kec. Mantikulore, Kota Palu, Sulawesi Tengah, Indonesia",-0.8553425,119.8787667,Kota Palu,Sulawesi Tengah
ChIJw2L2Nce_vi0RuWczLL8bL2Y,Air Terjun Pelangi Jonjo Parigi,"PQ59+X5H, Jonjo, Kec. Parigi, Kabupaten Gowa, Sulawesi Selatan 92174, Indonesia",-5.2900705,119.7679831,Kabupaten Gowa,Sulawesi Selatan
ChIJLyalszOZhzIRts-g42hAW_M,Pantai batu meja tongkaina,"Pantai batu meja tongkaina, Tongkeina, Kec. Bunaken, Kota Manado, Sulawesi Utara, Indonesia",1.5711129,124.8042426,Kota Manado,Sulawesi Utara
ChIJ00AU3AD_vi0R7SRoTT7o4XI,Spot Foto Pantai Kuri,"Spot Foto Pantai Kuri, Nisombalia, Kec. Marusu, Kabupaten Maros, Sulawesi Selatan, Indonesia",-5.0258777,119.4668233,Kabupaten Gowa,Sulawesi Selatan
ChIJKwJ-o3E_lC0RUtcwxvHVDJY,Air Terjun Kajejen,"CRG3+2P8, Lewaja, Kec. Enrekang, Kabupaten Enrekang, Sulawesi Selatan 91712, Indonesia",-3.5749647,119.8043358,Kabupaten Enrekang,Sulawesi Selatan
ChIJs31VOb9bkC0RK4D1GilTlDM,PERMANDIAN ALAM TOMPOTIKKA SALO MANGORRO,"Unnamed Road, Ussu, Kec. Malili, Kabupaten Luwu Timur, Sulawesi Selatan 92937, Indonesia",-2.571131,121.1003594,Kabupaten Luwu Timur,Sulawesi Selatan
ChIJEdCu7uMDeTIRVBe4o__-CHE,Dermaga Dulupi,"Dulupi, Kec. Dulupi, Kabupaten Boalemo, Gorontalo 96263, Indonesia",0.5091976,122.4487179,Kabupaten Boalemo,Gorontalo
ChIJKTk954D2lS0RTucANQffYIs,Panker ( Pantai Kering ),"JVXP+77X, Botto, Kec. Lalabata, Kabupaten Soppeng, Sulawesi Selatan 90811, Indonesia",-4.3517743,119.8857277,Kabupaten Barru,Sulawesi Selatan
ChIJaf14kNGvcDIRqy_RVXSMrnU,Pantai Buol,"Pantai Buol, Jl. trans Sulawesi, Bugis, Kec. Biau, Kabupaten Buol, Sulawesi Tengah 94565, Indonesia",1.1373341,121.4549132,Kabupaten Buol,Sulawesi Tengah
ChIJybDbvKSxvi0ROGgABXUueJY,Lannying 3,"Unnamed Road, Bonto Lojong, Kec. Uluere, Kabupaten Bantaeng, Sulawesi Selatan 92451, Indonesia",-5.4241546,119.9393769,Kabupaten Bantaeng,Sulawesi Selatan
ChIJzYc_vm2fhzIRRw6wCQC3WEk,Pantai Molas,"GRPJ+9V3, Molas, Kec. Bunaken, Kota Manado, Sulawesi Utara, Indonesia",1.535892,124.8321567,Kota Manado,Sulawesi Utara
ChIJHdJ1XAAFvy0RswLN_-tUvcI,Pulau Kodingareng Keke,"V7VQ+WHH Gusung, P. Kondingareng, Kec. Ujung Tanah, Kota Makassar, Sulawesi Selatan, Indonesia",-5.1051978,119.2889889,Kabupaten Takalar,Sulawesi Selatan
ChIJ-ai8kPRPvi0RCSwiffZMM3M,Leang Surukang,"Kalabbirang, Minasatene, Kalabbirang, Kec. Minasatene, Pangkajene, Sulawesi Selatan 90614, Indonesia",-4.8228525,119.5985248,Kabupaten Pangkajene Dan Kepulauan,Sulawesi Selatan
ChIJe3OKDqqegDIRcrIUfMOgfFw,Pantai Woka,"Pantai Woka, Dodap Pantai, Tutuyan, East Bolaang Mongondow Regency, North Sulawesi, Indonesia",0.6839655,124.5934136,Kabupaten Bolaang Mongondow Timur,Sulawesi Utara
ChIJ05nsPQDrdTIRx_5HvIvdECY,Anjungan Danau Talaga,"Talaga, Kec. Damsol, Kabupaten Donggala, Sulawesi Tengah 94356, Indonesia",0.1976395,119.8540562,Kabupaten Donggala,Sulawesi Tengah
ChIJLUN9GuhXvi0RgoKD2G9q7dY,Wisata Kuliner Lambe-Lambe Maros,"Batunapara, Baruga, Kabupaten Maros",-4.9411302,119.60171,Kabupaten Maros,Sulawesi Selatan
ChIJT0XKdQfJuy0RN9c_esODYRg,Halona waterboom,"XF72+23, Barugaiya, Kab. Kepulauan Selayar",-6.0375236,120.4504722,Kabupaten Kepulauan Selayar,Sulawesi Selatan
ChIJU5p9Zej7kC0RRk8mgjQ-ueI,Pantai Bunaken Luwu Timur (YOSUA),"63X7+8WR, Jl. Poros Malili - Batuputih, Harapan, Kec. Malili, Kabupaten Luwu Timur, Sulawesi Selatan 92981, Indonesia",-2.7516374,121.0647752,Kabupaten Luwu Timur,Sulawesi Selatan
ChIJ45SGPfeDlC0RI07n4HpQEm8,Objek wisata hutan pinus,"P64X+F86, Riso, Kec. Tapango, Kabupaten Polewali Mandar, Sulawesi Barat 91352, Indonesia",-3.2938406,119.2482562,Kabupaten Polewali Mandar,Sulawesi Barat
ChIJ0xmUQQTxiy0RNVBULP7qAXE,Kharisma Agrowisata,"2WFC+7F3, Jl. Liweinda, Jono Oge, Kec. Sigi Biromaru, Kabupaten Sigi, Sulawesi Tengah 94231, Indonesia",-0.9768709,119.9211788,Kota Palu,Sulawesi Tengah
ChIJQR-Wlm-Joi0RjXYqjASrh8M,Pantai Pasir Putih,"Pantai Pasir Putih, Watu Melewe, Kec. Tinanggea, Kabupaten Konawe Selatan, Sulawesi Tenggara, Indonesia",-4.4825811,122.2975797,Kabupaten Konawe Selatan,Sulawesi Tenggara
ChIJmfZZ0rjqgy0RQmQOWrKEWnk,Ekowisata Mangrove Tatakalai,"PCV9+277, Tatakalai, Kec. Tinangkung Utara, Kabupaten Banggai Kepulauan, Sulawesi Tengah 94885, Indonesia",-1.2574501,123.4181762,Kabupaten Banggai Kepulauan,Sulawesi Tengah
ChIJsXAtDDb4ly0RwgFRqYurU8U,Pantai Harapan Pomalaa,"Pantai Harapan Pomalaa, Pantai Harapan, Kec. Pomalaa, Kabupaten Kolaka, Sulawesi Tenggara 93562, Indonesia",-4.188113899999999,121.5888963,Kabupaten Kolaka,Sulawesi Tenggara
ChIJ0zxOlfzpky0Rgf_v7TDtMDE,Kampong Batulelleng,"Kampong Batulelleng, Rantepao",-2.9771328,119.9040743,Kabupaten Tana Toraja,Sulawesi Selatan
ChIJo8oxdADtiy0R5V3b8vElIFE,Jembatan Kuning Palu,"Jalan Rajamoili No.184, Lere",-0.8857152999999999,119.8593375,Kota Palu,Sulawesi Tengah
ChIJe3Nnj_7jvS0R0dulDn2SNRs,Sungai Lajjoro,"F64G+3J4, Jl. Cinaga, Lemoape, Kec. Palakka, Kabupaten Bone, Sulawesi Selatan 92761, Indonesia",-4.544853400000001,120.2265885,Kabupaten Bone,Sulawesi Selatan
ChIJix2XL643lC0R-u__0kkEneA,Laburang Gallang,"7RWF+FPR, Batu Mila, Kec. Maiwa, Kabupaten Enrekang, Sulawesi Selatan 91761, Indonesia",-3.70376,119.8242545,Kabupaten Pinrang,Sulawesi Selatan
ChIJYQWN_RB1hzIRekNm68J21Lw,Pantai Kawasan Mega Mas,"Pantai Kawasan Mega Mas, Mega Mas, Kota Manado, Sulawesi Utara, Indonesia",1.4817422,124.8325007,Kota Manado,Sulawesi Utara
ChIJPQLeM4HEvi0R6SNn5pY_bVg,Air Terjun Barassang,"JJVW+8CJ, Bissoloro, Kec. Bungaya, Kabupaten Gowa, Sulawesi Selatan 92176, Indonesia",-5.3566725,119.6460231,Kabupaten Takalar,Sulawesi Selatan
ChIJSaSQXgCZhzIRcAeRUnXc6-8,Mangrove Park Desa Wori,"JV26+7M2, Wori, Kabupaten Minahasa Utara, Sulawesi Utara, Indonesia",1.6010623,124.8614424,Kabupaten Minahasa Utara,Sulawesi Utara
ChIJyQDBTZ1Jmi0R4vezlVsGlqU,Koloolaro,"465J+QM, Puungkeu, Kabupaten Morowali, Sulawesi Tengah, Indonesia",-2.8905273,122.2316441,Kabupaten Konawe Utara,Sulawesi Tenggara
ChIJ94EpVXSYvi0Rf7ykj97pzas,Air Terjun Salu Birayya Barania,"Bar., P2R2+X3H, Barania, Kec. Sinjai Bar., Kabupaten Sinjai, Sulawesi Selatan 92653, Indonesia",-5.2575505,120.0002366,Kabupaten Gowa,Sulawesi Selatan
ChIJN5ww_m31mi0R26M9_Daxje4,Pantai puluty,"Lahuafu, Kec. Bungku Tengah, Kabupaten Morowali, Sulawesi Tengah 94973, Indonesia",-2.6170613,121.9988763,Kabupaten Morowali,Sulawesi Tengah
ChIJiSWUsXONmC0RF3WVlM0mj2A,Batu Batu,"2G5M+RWW, Anduonohu, Kec. Poasia, Kota Kendari, Sulawesi Tenggara 93231, Indonesia",-3.989501,122.5357221,Kota Kendari,Sulawesi Tenggara
ChIJmxGgJgCVlC0R5DH3tuvlpM0,Pantai Babatoa Lapeo,"G44M+5J9, Pantai Babatoa, Kec. Campalagian, Kabupaten Polewali Mandar, Sulawesi Barat, Indonesia",-3.49459,119.1341077,Kabupaten Polewali Mandar,Sulawesi Barat
ChIJAbO4W2-Fli0R00yPEp7mSXo,Wisata Alam Sulapa Angin Punjabu,"878Q+9G3, Buntu Buanging, Kec. Pitu Riase, Kabupaten Sidenreng Rappang, Sulawesi Selatan 91691, Indonesia",-3.6841161,120.2888053,Kabupaten Wajo,Sulawesi Selatan
ChIJ4ywYHtmbfjIR-pBjElyizxQ,Wisata Bintauna Beach,"VHXG+872, Minanga, Kec. Bintauna, Kabupaten Bolaang Mongondow Utara, Sulawesi Utara, Indonesia",0.8982705,123.5756557,Kabupaten Bolaang Mongondow Utara,Sulawesi Utara
ChIJN0kiO-09mC0RItqtRXj32UU,PUNCAK OSTAR,"Simbune, Kec. Tirawuta, Kabupaten Kolaka Timur, Sulawesi Tenggara, Indonesia",-4.0067043,121.8798673,Kabupaten Kolaka Timur,Sulawesi Tenggara
ChIJ_S9wNjiPlC0R_O7Ngl1Mbsk,Pantai Cendrawasih Polewali,"H8F6+5R4, Takatidung, Kec. Polewali, Kabupaten Polewali Mandar, Sulawesi Barat, Indonesia",-3.4271035,119.3120937,Kabupaten Polewali Mandar,Sulawesi Barat
ChIJD9eImtDTvi0RJ6-Dm5hpd2A,Bukit Bulu Jaya,"FGQW+5F9, Bulujaya, Kec. Bangkala Bar., Kabupaten Jeneponto, Sulawesi Selatan 92352, Indonesia",-5.512079,119.546239,Kabupaten Takalar,Sulawesi Selatan
ChIJM4WTpQQblC0R_0SqPU2POJc,CAMPING WISATA KARANGAN,"HXFJ+7C, Latimojong, Kec. Buntu Batu, Kabupaten Enrekang, Sulawesi Selatan, Indonesia",-3.4173543,119.9905837,Kabupaten Enrekang,Sulawesi Selatan
ChIJLULALa7ziy0RvYhIBcAdU3E,Wisata Tangga Seribu,"3R2H+XMM, Jl. Tonomoro, Balane, Kec. Kinovaro, Kabupaten Sigi, Sulawesi Tengah, Indonesia",-0.94754,119.829176,Kota Palu,Sulawesi Tengah
ChIJB0IvmtBRiS0R_SNsTa065X0,Pantai Arjuna,"Pantai Arjuna, Tolai Barat, Torue, Parigi Moutong Regency, Central Sulawesi, Indonesia",-0.9546331,120.3359553,Kabupaten Parigi Moutong,Sulawesi Tengah
ChIJ79mc_twJhS0R-eo4uBraFIA,Wisata sawit ceria,"Unnamed Road, C5W8+6P4, Pasir Lamba, Kec. Toili Bar., Kabupaten Banggai, Sulawesi Tengah 94765, Indonesia",-1.5544819,122.1668147,Kabupaten Banggai,Sulawesi Tengah
ChIJu_mKIG_lvS0Rut4oMPHoNDA,Museum - Palais Saoraja,"Manurunge, Kec. Tanete Riattang, Kabupaten Bone, Sulawesi Selatan 92712, Indonesia",-4.5377122,120.3287205,Kabupaten Bone,Sulawesi Selatan
ChIJ_____7-Wky0RYz_rF34VYQ4,Air Terjun Sarambu,"XMGF+46H, Kandua, Kec. Bittuang, Kabupaten Tana Toraja, Sulawesi Selatan 91856, Indonesia",-3.0246754,119.6730939,Kabupaten Tana Toraja,Sulawesi Selatan
ChIJTfyscuBUeDIRJrcRVThTYA8,Pantai Potanga,"Pantai Potanga, Unnamed Road, Potanga, Kec. Botumoito, Kabupaten Boalemo, Gorontalo 96263, Indonesia",0.4918724,122.3093251,Kabupaten Boalemo,Gorontalo
ChIJ_-hufs3Lvi0R9UmvRAD1MC0,Wisata Ere Bambang Pencong,"FPWR+42J, Pencong, Kabupaten Gowa",-5.5046655,119.7400089,Kabupaten Jeneponto,Sulawesi Selatan
ChIJ_____xvlky0RhyIcNFts0FY,Bukit pasir,"W2J9+HFH, Rantebua Sumalu, Kec. Rantebua, Kabupaten Toraja Utara, Sulawesi Selatan 91853, Indonesia",-3.0685667,120.0187388,Kabupaten Toraja Utara,Sulawesi Selatan
ChIJ-40ez-Pvji0RdiArQJwr0PY,Pantai Popakuni,"HMMH+H6W, Jl. Baso Ali, Mapane, Kec. Poso Pesisir, Kabupaten Poso, Sulawesi Tengah, Indonesia",-1.4160209,120.6780818,Kabupaten Poso,Sulawesi Tengah
ChIJ6UFBATetvi0RRjD0BJHU_4M,Permandian Batu Doli,"G223+GCH, Jembatan, Barua, Kec. Eremerasa, Kabupaten Bantaeng, Sulawesi Selatan 92415, Indonesia",-5.4986899,120.0036246,Kabupaten Bantaeng,Sulawesi Selatan
ChIJc4mVoD-sjy0RjZ5rIRFEg-s,Pegunungan Pompangeo,"Pegunungan Pompangeo, Era, Kec. Mori Utara, Kabupaten Morowali Utara, Sulawesi Tengah, Indonesia",-1.6841666,120.9983333,Kabupaten Poso,Sulawesi Tengah
ChIJM5mRRV3Tvi0Rl9EapTmGm54,Rest Area Jeneponto,"CGJX+8F6, Benteng, Bangkala, Kabupaten Jeneponto, Sulawesi Selatan, Indonesia",-5.5692069,119.54863,Kabupaten Jeneponto,Sulawesi Selatan
ChIJW27W8sGZvi0RxXY4flc-kCI,Wisata Alam Hiru'ta Park,"Tassililu, Kec. Sinjai Bar., Kabupaten Sinjai, Sulawesi Selatan 92171, Indonesia",-5.2062776,119.9919459,Kabupaten Gowa,Sulawesi Selatan
ChIJL2OuaABPhzIR0swze95uF0c,CAMPING GROUND SELET,"Ranomea, Kec. Silian Raya, Kabupaten Minahasa Tenggara, Sulawesi Utara, Indonesia",1.1094194,124.6893539,Kabupaten Minahasa Selatan,Sulawesi Utara
ChIJT-mjy8GxfzIRXdJ17wajiAQ,Alun Alun Molibagu,"9XMM+2JP, Popodu, Kec. Bolaang Uki, Kabupaten Bolaang Mongondow Selatan, Sulawesi Utara, Indonesia",0.3825898,123.9840767,Kabupaten Bolaang Mongondow Selatan,Sulawesi Utara
ChIJjaszns8J8TIRRlT6wIc_xvk,Menara Mercusuar Pulau Miangas Indonesia,"HH5Q+765, Miangas, Kabupaten Kepulauan Talaud, Sulawesi Utara, Indonesia",5.5581321,126.5881225,Kabupaten Kepulauan Talaud,Sulawesi Utara
ChIJ43dY9QZfkS0R4nF57YazidQ,Istana Kedatuan Luwu Palopo,"254W+6CR, Amasangan, Kec. Wara, Kota Palopo, Sulawesi Selatan 91911, Indonesia",-2.9943832,120.1960107,Kota Palopo,Sulawesi Selatan
ChIJkVYVDYlJmi0R90Yypysu6P4,Air Terjun Bahomumpa,"4774+298, Puungkeu, Kec. Bungku Pesisir, Kabupaten Morowali, Sulawesi Tengah 94974, Indonesia",-2.8874625,122.2559531,Kabupaten Konawe Utara,Sulawesi Tenggara
ChIJy553k5MUlC0RIQrdPRsemTQ,"Leon, Kabupaten Enrekang","Unnamed Road, GRF9+MHJ, Rosoan, Kec. Enrekang, Kabupaten Enrekang, Sulawesi Selatan 91752, Indonesia",-3.475777,119.818903,Kabupaten Enrekang,Sulawesi Selatan
ChIJVRYlpLyqeTIRj_G_dm52ihY,Lapangan Mekar Modelomo,"G8CV+5GG, Modelomo, Kec. Tilamuta, Kabupaten Boalemo, Gorontalo 96263, Indonesia",0.5204413,122.3438238,Kabupaten Boalemo,Gorontalo
ChIJd5AyKPvmlS0RniPtKhGJTr4,Taman Lasangkuru,"V26J+RG3, Paddupa, Kec. Tempe, Kabupaten Wajo, Sulawesi Selatan 90914, Indonesia",-4.1379953,120.031305,Kabupaten Soppeng,Sulawesi Selatan
ChIJYZDqtDVZkS0RtwkANSDfxmM,Pantai Songka,"Pantai Songka, Takkalala, Wara Selatan, Palopo City, South Sulawesi 91921, Indonesia",-3.028512,120.2254013,Kota Palopo,Sulawesi Selatan
ChIJdzbXDQB1hzIRzIqYtm1aFuE,SUN BAE MANADO,"FRJM+W5H, Jalan Laksda John Lie",1.4824685,124.832439,Kota Manado,Sulawesi Utara
ChIJry4aJaMdvy0Rm1vkJd5Ourk,Pantai Batu Besar Losari,"V92V+WW, Maccini Sombala, Kota Makassar, Sulawesi Selatan, Indonesia",-5.147705999999999,119.394767,Kota Makassar,Sulawesi Selatan
ChIJYf_uQIPziy0RbgYo1kdPp9E,Kastanye Riverside,"2VJG+WH2, Kabobona, Kabupaten Sigi",-0.9676787999999998,119.8763849,Kota Palu,Sulawesi Tengah
ChIJ767eGnQdvy0RmGexOmZiOHc,Danau Panjang Tanjung Bunga,"Jl. Danau Tj. Bunga No.88, Maccini Sombala, Kec. Tamalate, Kota Makassar, Sulawesi Selatan 90224, Indonesia",-5.1763431,119.3999535,Kota Makassar,Sulawesi Selatan
ChIJq6qqqjo9fjIR1SptlsObMYM,Puncak Ilongkow,"P8RF+PV4, Matali, Kec. Kotamobagu Tim., Kota Kotamobagu, Sulawesi Utara, Indonesia",0.7417549000000001,124.3246955,Kota Kotamobagu,Sulawesi Utara
ChIJ4UCnKVdRmC0RrYsiXCu3CGY,Puncak Meluhu,"6643+P5P, Jl. Poros Wawotobi - Lasolo, Meluhu, Kec. Meluhu, Kabupaten Konawe, Sulawesi Tenggara 93461, Indonesia",-3.79317,122.202955,Kabupaten Konawe,Sulawesi Tenggara
ChIJvzX5AAAZvC0R2BpsiosBFYs,Pantai Abadi,"Jl. Poros Sinjai-Kajang No.1, Pattongko, Kec. Tellu Limpoe, Kabupaten Sinjai, Sulawesi Selatan 91671, Indonesia",-5.2497323,120.32365,Kabupaten Sinjai,Sulawesi Selatan
ChIJ04z99pPtmC0R5o1_KuJNbyM,Air Terjun Lasolo,"2HQF+5R5, Unnamed Road, Sanua, Kec. Kendari Bar., Kota Kendari, Sulawesi Tenggara 93123, Indonesia",-3.9621036,122.5745943,Kota Kendari,Sulawesi Tenggara
ChIJN0RZNpAjvC0RdpQbYVtaHEo,Pantai Pasi Marannu,"R79M+895, Pasimarannu, Kec. Sinjai Tim., Kabupaten Sinjai, Sulawesi Selatan 92671, Indonesia",-5.1817369,120.2834775,Kabupaten Sinjai,Sulawesi Selatan
ChIJwVyFRQAjvC0RaMUepQco9Oo,Bukit Vandiam,"Q7QR+V85, Sanjai, Kec. Sinjai Tim., Kabupaten Sinjai, Sulawesi Selatan, Indonesia",-5.210356399999999,120.2908657,Kabupaten Sinjai,Sulawesi Selatan
ChIJc86_5V5SeDIRCK6dCtlOLHk,Pantai Boalemo,"Pantai Boalemo, Unnamed Road, Tapadaa, Kec. Botumoito, Kabupaten Boalemo, Gorontalo 96264, Indonesia",0.4744836,122.2011115,Kabupaten Boalemo,Gorontalo
ChIJ9x-81aLnlS0RutDielpn67U,Sallo Waterpark,"Jl. Bau Baharuddin No.25, Tempe, Kec. Tempe, Kabupaten Wajo, Sulawesi Selatan 90911, Indonesia",-4.122838000000001,120.0277259,Kabupaten Soppeng,Sulawesi Selatan
ChIJ0-gOE_6llS0RU-d-iJV7RJE,Rumah Penyu Lowita,"2H7H+VJ, Wiringtasi, Kabupaten Pinrang",-3.985276,119.5790436,Kabupaten Pinrang,Sulawesi Selatan
ChIJlVzdJxqZizIRb5Zw2rV0brQ,"Air Terjun Kadadima, Laine","CJW2+P2C, Laine, Manganitu Sel., Kabupaten Kepulauan Sangihe, Sulawesi Utara, Indonesia",3.4468125,125.6000156,Kabupaten Kepulauan Sangihe,Sulawesi Utara
ChIJ_WKT7t4ffjIRiNGsANvmKCo,Wisata Modoinding,"RF23+Q6H, Pinasungkulan, Kec. Modoinding, Kabupaten Minahasa Selatan, Sulawesi Utara, Indonesia",0.801945,124.4530968,Kabupaten Bolaang Mongondow Timur,Sulawesi Utara
ChIJERPZ8Gi9mi0RYuGHfDsD0Jk,Kampoeng Koi,"JRRG+P44, Wosu, Kec. Bungku Bar., Kabupaten Morowali, Sulawesi Tengah 94976, Indonesia",-2.3582283,121.8253267,Kabupaten Morowali,Sulawesi Tengah
ChIJryM61nMtfzIRf1qon3Cu8rk,Pantai Oluhuta,"Oluhuta, Kec. Kabila Bone, Kabupaten Bone Bolango, Gorontalo, Indonesia",0.4189362,123.1451407,Kabupaten Bone Bolango,Gorontalo
ChIJrbmd6zijvi0R_G1KURspUAs,taman pattiro tiroang,"M2J6+CPM, Unnamed Road, Bonto Tengnga, Kec. Sinjai Borong, Kabupaten Sinjai, Sulawesi Selatan 92662, Indonesia",-5.3189213,120.0118031,Kabupaten Gowa,Sulawesi Selatan
ChIJo4YAWCaGlS0RngjRlgdlwYM,Pulau Pannikiang 1,"JHWX+4X3 Pulau Pannikiang, Madello, Kec. Barru, Kabupaten Barru, Sulawesi Selatan 90762, Indonesia",-4.3547403,119.5999139,Kabupaten Pangkajene Dan Kepulauan,Sulawesi Selatan
ChIJqxH3Ikewvi0RyFFPq92VQHs,Agrowisata Ulu Ere Bantaeng,"Bonto Lojong, HW8X+8CP, Uluere, Bonto Lojong, Kec. Bantaeng, Kabupaten Bantaeng, Sulawesi Selatan 92451, Indonesia",-5.434158399999999,119.9485917,Kabupaten Bantaeng,Sulawesi Selatan
ChIJQ57l7jgBhzIRFa-3xXPNZ2M,BLESSING HILL KOTA BITUNG,"Madidir Unet, Kec. Madidir, Kota Bitung, Sulawesi Utara, Indonesia",1.4602822,125.1664763,Kota Bitung,Sulawesi Utara
ChIJ1zK4TBA0hzIRoeqAb09DP5c,Pantai Waleinsorit,"Pantai Waleinsorit, Temboan, Langowan Selatan, Minahasa Regency, North Sulawesi, Indonesia",1.0469966,124.9378384,Kabupaten Minahasa,Sulawesi Utara
ChIJZ2yjGqw3vS0RUgBPweG254E,DANAU LAPONU-PONU,"8FPH+67H, Jl. Poros, Ranokomea, Kec. Poleang Bar., Kabupaten Bombana, Sulawesi Tenggara 93772, Indonesia",-4.6644473,121.4782498,Kabupaten Bombana,Sulawesi Tenggara
ChIJad_vtMwbpy0RxB5QETkn-Xk,Desa Wisata Kahianga (Dewi Kahyangan),"Kahiyanga, Kec. Tomia Tim., Kabupaten Wakatobi, Sulawesi Tenggara 93797, Indonesia",-5.7496798,123.95132,Kabupaten Wakatobi,Sulawesi Tenggara
ChIJs_WIwpm7lC0RURNPB5dlZxc,Buttu Sigitung,"Buttu Sigitung, Betteng, Kec. Pamboang, Kabupaten Majene, Sulawesi Barat, Indonesia",-3.4638889,118.9338889,Kabupaten Majene,Sulawesi Barat
ChIJ4eyZ_DM3uS0RShqPwaZ6K5w,Hutan Mangrove Monro-Monro,"Jl. Tarusang Selatan, Monro-Monro, Kec. Binamu, Kabupaten Jeneponto, Sulawesi Selatan, Indonesia",-5.699364999999999,119.7329896,Kabupaten Jeneponto,Sulawesi Selatan
ChIJndtkYVP1ly0RTbFLr2bDExU,Djoeang coffee kolaka,"WJP5+WPC, Jl. Kakatua, Laloeha, Kec. Kolaka, Kabupaten Kolaka, Sulawesi Tenggara 93561, Indonesia",-4.0626901,121.6092529,Kabupaten Kolaka,Sulawesi Tenggara
ChIJFV1ERCObvi0RQzFRlbtCWRA,Air terjun Laliako,"V3C2+QVG, Terasa, Kec. Sinjai Bar., Kabupaten Sinjai, Sulawesi Selatan 92768, Indonesia",-5.128058999999999,120.0522185,Kabupaten Sinjai,Sulawesi Selatan
ChIJ0QippWg_pC0RgMx0pds8Lns,Pantai bahari Buton selatan,"Dekat, 8P7C+CCV, Bahari, Kec. Sampolawa, Kabupaten Buton, Sulawesi Tenggara 93753, Indonesia",-5.6863986,122.72105,Kabupaten Buton,Sulawesi Tenggara
ChIJm-5I_zeGjC0RXpkjXsUMFHM,Wisata Vovasanggayu,"R9G5+8X8, Jl. Moh. Hatta, Pasangkayu, Kec. Pasangkayu, Kab. Pasangkayu, Sulawesi Barat 91574, Indonesia",-1.1742083,119.3599538,Kabupaten Pasangkayu,Sulawesi Barat
ChIJG6-cOOGNmi0RCpHpNFR7ciI,Pantai siw’one,"pantai siuone (Depan RuJab WaBub, Bahoruru, Kec. Bungku Tengah, Kabupaten Morowali, Sulawesi Tengah 49473, Indonesia",-2.5175303,121.9581335,Kabupaten Morowali,Sulawesi Tengah
ChIJHThSwmsMpC0REnjMG10n_1M,Bukit Teletubies Buton,"GQ9J+QFJ, Waangu-Angu, Kec. Ps. Wajo, Kabupaten Buton, Sulawesi Tenggara 93757, Indonesia",-5.4805386,122.7811534,Kabupaten Buton Selatan,Sulawesi Tenggara
ChIJ1Tnne4wfvy0Rd1-mmgJaADs,Pantai Sampulungan,"Dusun Sampulungan, Desa Sampulungan, Q93H+6X2, Tamalate, Kec. Galesong Utara, Kabupaten Takalar, Sulawesi Selatan 92255, Indonesia",-5.2469945,119.3799033,Kota Makassar,Sulawesi Selatan
ChIJ9Xd5T-AXfjIRGZq_KWGmSj0,Puncak Passi,"Q822+4QW, Gogagoman, Kec. Kotamobagu Bar., Kota Kotamobagu, Sulawesi Utara, Indonesia",0.7503637,124.3019446,Kota Kotamobagu,Sulawesi Utara
ChIJ77FqmFtPmi0RMFwAavAeYRU,Pulau Langala,"Pulau Langala, Fatufia, Kec. Bahodopi, Kabupaten Morowali, Sulawesi Tengah, Indonesia",-2.815,122.1825,Kabupaten Konawe Utara,Sulawesi Tenggara
ChIJQxNMHt7VeDIRQ_NVVDSyrNo,Pantai Pasir Putih,"FXQV+C75, Kayubulan, Kec. Batudaa Pantai, Kabupaten Gorontalo, Gorontalo 96272, Indonesia",0.4885178,122.9932485,Kabupaten Gorontalo,Gorontalo
ChIJV6o938KTmS0RUtuwAKxgkx0,Telaga Biru Oheo Konawe Utara,"Linomoiyo, Kec. Oheo, Kabupaten Konawe Utara, Sulawesi Tenggara 93353, Indonesia",-3.3614043,122.0712378,Kabupaten Konawe Utara,Sulawesi Tenggara
ChIJzzxbhgJrlC0RfQp0TBBvuFU,Gunung Bambapuang,"GQGM+JFC, Bamba Puang, Kec. Anggeraja, Kabupaten Enrekang, Sulawesi Selatan 91752, Indonesia",-3.473426,119.7836445,Kabupaten Enrekang,Sulawesi Selatan
ChIJG6h2OzYYhzIRUjqdB9nRD10,Pantai Makalisung,"Pantai Makalisung, Makalisung, Kecamatan Kombi, Kabupaten Minahasa, Sulawesi Utara, Indonesia",1.2714723,125.0599993,Kabupaten Minahasa,Sulawesi Utara
ChIJ5waZ4LDjji0RuYwQIcHItP8,Pantai Tongko,"HVR2+9C6, Tongko, Kabupaten Poso",-1.4083146,120.851668,Kabupaten Poso,Sulawesi Tengah
ChIJUVi2l6y5iy0Rc2W5hLNDJWs,Pantai Kulolu,"8P74+24H, Limboro, Kec. Banawa Tengah, Kabupaten Donggala, Sulawesi Tengah 94351, Indonesia",-0.6874313,119.7053602,Kabupaten Donggala,Sulawesi Tengah
ChIJawRmQwsvcTIRU8Bk7OyLzPw,Pantai Lalos,"4QCM+4V5, Pantai Lalos, Lalos, Kabupaten Toli-Toli",1.1202536,120.7847364,Kabupaten Buol,Sulawesi Tengah
ChIJS432RaMteTIRiOu6-vYbdjc,WHITE CASTLE GORONTALO,"H2QV+8WQ, Hulawa, Kec. Telaga, Kabupaten Gorontalo, Gorontalo 96181, Indonesia",0.5883416,123.0448459,Kota Gorontalo,Gorontalo
ChIJIWdb8Jrlvi0RF3vslJVPdTo,Bukit Tokka Moncongloe,"Unnamed Road, VH7G+7RV, Bonto Marannu, Kec. Moncong Loe, Kabupaten Maros, Sulawesi Selatan 90562, Indonesia",-5.1367693,119.5770588,Kota Makassar,Sulawesi Selatan
ChIJo5TmxnKtvi0Rf5KJvpBwxZ8,Taman Yuhyi (Kehidupan),"FXWX+G88, Jl. Poros Ermes, Lonrong, Kec. Eremerasa, Kabupaten Bantaeng, Sulawesi Selatan 92415, Indonesia",-5.5037189,119.9983393,Kabupaten Bantaeng,Sulawesi Selatan
ChIJuSoEhdbsky0Rh4DURIYmXdU,Objek Wisata Papa Batu,"WQHW+H4F, Banga, Kec. Rembon, Kabupaten Tana Toraja, Sulawesi Selatan 91861, Indonesia",-3.0710605,119.7952903,Kabupaten Tana Toraja,Sulawesi Selatan
ChIJGZd2U8p2pC0RIdJkeXGmKSs,Makam Sultan Murhum,"GJG3+43F, Melai, Kec. Murhum, Kota Bau-Bau, Sulawesi Tenggara 93713, Indonesia",-5.474685699999999,122.6026738,Kota Baubau,Sulawesi Tenggara
ChIJ07GKjQoLky0R9twvy_43Aq8,Tondok Bakaru,"39PM+HVM, Tondok Bakaru, Kec. Mamasa, Kabupaten Mamasa, Sulawesi Barat 91362, Indonesia",-2.9135413,119.3846586,Kabupaten Mamasa,Sulawesi Barat
ChIJkQfxFfcTlC0R0ZNQDkujCiU,Tebing Mandu Tontonan,"Desa Tontonan, HRJ4+4QV, Tanete, Kec. Anggeraja, Kabupaten Enrekang, Sulawesi Selatan 91752, Indonesia",-3.4196496,119.8069331,Kabupaten Enrekang,Sulawesi Selatan
ChIJJZURciypmi0RNWCgpOwr5KI,Wisata Alam Tapubungi Pebotoa,"RM7Q+96, Pebotoa, Kabupaten Morowali, Sulawesi Tengah, Indonesia",-2.1865477,121.6881172,Kabupaten Luwu Timur,Sulawesi Selatan
ChIJuyD2qJetcDIRrrN8x3vEl1g,Pantai Bahari Doulan,"Jl. Buol - Gorontalo, Doulan, Kec. Bokat, Kabupaten Buol, Sulawesi Tengah 94566, Indonesia",1.0815131,121.5265929,Kabupaten Buol,Sulawesi Tengah
ChIJkw1pwP2cgDIRIXU-0GzIrTA,Pantai Molobog,"Pantai Molobog, Molobog, Kec. Nuangan, Kabupaten Bolaang Mongondow Timur, Sulawesi Utara, Indonesia",0.6468919,124.5543378,Kabupaten Bolaang Mongondow Timur,Sulawesi Utara
ChIJ0cR3Hd-_iy0RCZ-3oAmDNNo,Air Terjun Pangasi Loto,"6QVF+2C, Loli Tasiburi, Kec. Banawa, Kabupaten Donggala, Sulawesi Tengah, Indonesia",-0.7573885,119.7736131,Kabupaten Donggala,Sulawesi Tengah
ChIJQy43c-mllS0RfLuH2iorAAo,Pantai Black Orange,"2H4H+GVV, Jl. Poros Ujung Lero, Wiringtasi, Kabupaten Pinrang",-3.993633599999999,119.5796666,Kabupaten Pinrang,Sulawesi Selatan
ChIJaSPLhCq2lS0RhjAbcbwj3dI,Taman Ganggawa,"Jl. Wolter Monginsidi No.10, Lekessi, Kec. Maritengngae, Kabupaten Sidenreng Rappang, Sulawesi Selatan 91611, Indonesia",-3.924114799999999,119.788554,Kabupaten Pinrang,Sulawesi Selatan
ChIJhwMhSxHxmC0Rut894WTgxJ0,PANTAI TOMBAWATU,"4GF4+VGH, Tombawatu, Kabupaten Konawe",-3.8753176,122.5063442,Kabupaten Konawe,Sulawesi Tenggara
ChIJK0hjTXUrfjIReuudp3z4DgU,Puncak Pakoba,"GF57+PG, Iligon, Kec. Pinolosian Tim., Kabupaten Bolaang Mongondow Selatan, Sulawesi Utara, Indonesia",0.5092989,124.4637687,Kabupaten Bolaang Mongondow,Sulawesi Utara
ChIJTb9CwZtZkS0RnaFhdeue-to,Air Terjun Purapasuan,"Posi, Kec. Bua, Kabupaten Luwu, Sulawesi Selatan, Indonesia",-3.0713629,120.1568974,Kabupaten Luwu,Sulawesi Selatan
ChIJQRiHk6Ilvi0RHGB7Ad1FZYM,Wisata Alam baruttungnge,"FJ8F+84R, Lalabata, Kec. Tanete Rilau, Kabupaten Barru, Sulawesi Selatan 90761, Indonesia",-4.5341361,119.6227683,Kabupaten Pangkajene Dan Kepulauan,Sulawesi Selatan
ChIJ-1PEZKlVeDIR-xYSw2NCJoA,Dermaga Pulo CINTA,"Unnamed Road, F8P3+V54, Patoameme, Kec. Botumoito, Kabupaten Boalemo, Gorontalo 96264, Indonesia",0.4871253,122.3029441,Kabupaten Boalemo,Gorontalo
ChIJWeor-lRJfjIRSARvmjDh6Hs,Kolam Renang Yeh Anget,"H3PF+WH8, Modomang",0.5872946,124.0739629,Kabupaten Bolaang Mongondow Selatan,Sulawesi Utara
ChIJ51ZO2D_xiy0RO5RCrVrvhIU,Pemandian Sungai Paneki,"Unnamed Road, 2XG4+2PH, Pombewe, Kec. Sigi Biromaru, Kabupaten Sigi, Sulawesi Tengah 94364, Indonesia",-0.9749339,119.9568582,Kota Palu,Sulawesi Tengah
ChIJvzrBjywwmi0R51p4MSczr1Y,Air Terjun Buleleng Trans 2,"X6F9+H4F, Buleleng, Kec. Bungku Sel., Kabupaten Morowali, Sulawesi Tengah 94974, Indonesia",-3.0260696,122.2178042,Kabupaten Konawe Utara,Sulawesi Tenggara
ChIJm1RzYswRpC0RO8kCrcqo5Sw,Benteng Takimpo,"FV32+F7X, Takimpo, Kec. Ps. Wajo, Kabupaten Buton, Sulawesi Tenggara 93754, Indonesia",-5.5462523,122.8507324,Kabupaten Buton,Sulawesi Tenggara
ChIJpVI8YxpFvi0RQF3LLiuPDDE,Obyek wisata batu payung,"Biring Ere, Kec. Bungoro, Kabupaten Pangkajene Dan Kepulauan, Sulawesi Selatan 90615, Indonesia",-4.7804851,119.6087333,Kabupaten Pangkajene Dan Kepulauan,Sulawesi Selatan
ChIJA7jZcw4Qgy0Rp5iGRYiaypg,Pantai Kelapa Lima,"Pantai Kelapa Lima, Kelapa Lima, Banggai Selatan, Banggai Laut, Central Sulawesi, Indonesia",-1.6679093,123.6081205,Kabupaten Banggai Kepulauan,Sulawesi Tengah
ChIJiSfwo5xImC0Rr70z0od5i0c,Makam Raja Lakidende,"Arombu, Kec. Unaaha, Kabupaten Konawe, Sulawesi Tenggara 93415, Indonesia",-3.865280399999999,122.050749,Kabupaten Kolaka Timur,Sulawesi Tenggara
ChIJLXpzdc5xpC0R3CEqAI3NGnc,TUGU BUTON SELATAN,"FH6Q+68C, Lawela, Batauga, Kabupaten Buton, Sulawesi Tenggara 93752, Indonesia",-5.5394463,122.5882528,Kabupaten Buton Selatan,Sulawesi Tenggara
ChIJQSIUYW5chzIRQTbKwgNZF70,Bukit Doa Pinaling,"5JXG+398, Pinaling, Kec. Amurang Tim., Kabupaten Minahasa Selatan, Sulawesi Utara, Indonesia",1.1976519,124.6259478,Kabupaten Minahasa,Sulawesi Utara
ChIJY0rOfAK1oy0RDmvegQ3i-jM,Puncak La Kude,"4MHJ+VWG, Jln. Kawasan Puncak, Masalili, Kec. Kontunaga, Kabupaten Muna, Sulawesi Tenggara 93658, Indonesia",-4.870301899999999,122.6823256,Kabupaten Muna,Sulawesi Tenggara
ChIJ04z9p5VLoi0RuQq883ucTqk,Gunung Katabha Dana,"5MP3+JQQ, Dana, Kec. Watopute, Kabupaten Muna, Sulawesi Tenggara 93658, Indonesia",-4.8134058,122.654492,Kabupaten Muna,Sulawesi Tenggara
ChIJSwsKF2fTvi0RCKoq3fV9PTg,Batu Karst Pundo Siping,"CGQ9+C7P, Garassikang, Kec. Bangkala Bar., Kabupaten Jeneponto, Sulawesi Selatan 92352, Indonesia",-5.5614051,119.5182037,Kabupaten Takalar,Sulawesi Selatan
ChIJk8uBCLyTmC0RtJmSpWlBHZ0,Kendari water front city,"2J83+2H3, Petoaha, Kec. Abeli, Kota Kendari, Sulawesi Tenggara 93236, Indonesia",-3.9849884,122.6039276,Kota Kendari,Sulawesi Tenggara
ChIJC_Xbs9iWoy0Rlq-oIOEceYs,Danau Moko 1,"RHFM+69Q, Oempu, Kec. Tongkuno, Kabupaten Muna, Sulawesi Tenggara 93662, Indonesia",-5.1769017,122.5834691,Kabupaten Buton Tengah,Sulawesi Tenggara
ChIJ_eQDvLMUpC0ReCu31lC_SIo,"sampolawa,kabupaten Buton Selatan, Sulawesi Tenggara","sampolawa,kabupaten Buton Selatan, Sulawesi Tenggara, Unnamed Road, Tira, Kec. Sampolawa, Kabupaten Buton, Sulawesi Tenggara 93753, Indonesia",-5.6497232,122.7158257,Kabupaten Buton Selatan,Sulawesi Tenggara
ChIJR8xi1IS-lC0RwaqGmy7SgVU,Monumen Korban 40.000 Jiwa,"GX3Q+H5Q, Galung Lombok, Kec. Tinambung, Kabupaten Polewali Mandar, Sulawesi Barat 91354, Indonesia",-3.496033,118.9879837,Kabupaten Majene,Sulawesi Barat
ChIJxzbWpmo3uS0Rn_CtE59Nd6E,PANTAI TAMARUNANG,"PANTAI TAMARUNANG, Jl. HV. Worang Tamarunang, Biringkassi, Kec. Binamu, Kabupaten Jeneponto, Sulawesi Selatan 92316, Indonesia",-5.7014453,119.7196232,Kabupaten Jeneponto,Sulawesi Selatan
ChIJ4-_H2DyXli0RuSd0v7WZERQ,Pantai Buntu Matabing,"Pantai Buntu Matabing, Buntu Matabing, Larompong, Luwu Regency, South Sulawesi, Indonesia",-3.5394317,120.4010915,Kabupaten Wajo,Sulawesi Selatan
ChIJjYx3vG1nhzIR_K2mnSctwS0,"Kawasan wisata Alam ""Manguni Sapalalum"" Lelema, Minahasa Selatan","7JGX+4G, Lelema, Kec. Tumpaan, Kabupaten Minahasa Selatan, Sulawesi Utara, Indonesia",1.27534,124.6488533,Kabupaten Minahasa,Sulawesi Utara
ChIJ25Owno1BkC0RlsBa1-z0kR0,Laa Waa River Park,"H69F+HHJ, Matano, Kec. Nuha, Kabupaten Luwu Timur, Sulawesi Selatan 92983, Indonesia",-2.431048,121.2239008,Kabupaten Luwu Timur,Sulawesi Selatan
ChIJo1le3m8XvC0RFXVqqbqkGLA,Pantai Batunggulung,"M8WW+6HV, Pantama, Kec. Kajang, Kabupaten Bulukumba, Sulawesi Selatan, Indonesia",-5.304376599999999,120.34643,Kabupaten Bulukumba,Sulawesi Selatan
ChIJkzdFjW9kly0RbrSMK4HlFj4,Air Terjun Tetewa,"FG53+QWJ, Likuwalanapo, Ueesi District, Kabupaten Kolaka Timur, Sulawesi Tenggara 93575, Indonesia",-3.5405454,121.5047671,Kabupaten Kolaka Utara,Sulawesi Tenggara
ChIJufZFsQMLvC0RCpdwDj-YjyM,Wisata Tebing Mattoanging,"Matongin, Lembanna, Kec. Bonto Bahari, Kabupaten Bulukumba, Sulawesi Selatan, Indonesia",-5.519390599999999,120.4447892,Kabupaten Bulukumba,Sulawesi Selatan
ChIJAc_7B-fvjy0RZnRAKZ72ltI,Bukit Teletubbies,"3937+69P, Gililana, Kec. Petasia, Kabupaten Morowali Utara, Sulawesi Tengah, Indonesia",-1.9469147,121.3634442,Kabupaten Morowali Utara,Sulawesi Tengah
ChIJW1sJKTnjvi0RAjjLwH_iT-g,Gereja Toraja Mamasa Jemaat Bukit Batu,"RFWM+XQ2, Antang, Kec. Manggala, Kota Makassar, Sulawesi Selatan 90562, Indonesia",-5.1526,119.4843999,Kota Makassar,Sulawesi Selatan
ChIJ7Rwit16XmC0RsAcWOxpTgDY,Tanjung Kartika,"WM66+5C, Wawatu, Kec. Moramo Utara, Kabupaten Konawe Selatan, Sulawesi Tenggara 93891, Indonesia",-4.0896195,122.661003,Kabupaten Konawe,Sulawesi Tenggara
ChIJMXau1Esfvy0RRO_Ie9RVGYw,PANTAI INDAH BATU-BATU GALESONG,"Aeng Batu-Batu, Kabupaten Takalar",-5.2272664,119.3837141,Kota Makassar,Sulawesi Selatan
ChIJlSWM7gJNvi0RCIRKwmQM9G0,Dermaga Kayu Biringkassi,"5FPW+V3, Bulu Cindea",-4.812541499999999,119.4981311,Kabupaten Pangkajene Dan Kepulauan,Sulawesi Selatan
ChIJpaqqhXawfzIRKLvdGe65Q0o,Pantai TOLUNDADU BOLAANG MONGONDOW SELATAN,"Pantai TOLUNDADU BOLAANG MONGONDOW SELATAN, Tolondadu, Kec. Bolaang Uki, Kabupaten Bolaang Mongondow Selatan, Sulawesi Utara, Indonesia",0.3755726,124.00339,Kabupaten Bolaang Mongondow Selatan,Sulawesi Utara
ChIJSRlDq18jvi0R2UkMBpiAxDs,Sungai Batu Mallopie,"Maruala, FMFX+5JP, Lompo Riaja, Kec. Tanete Riaja, Kabupaten Barru, Sulawesi Selatan 90762, Indonesia",-4.5270361,119.6990865,Kabupaten Pangkajene Dan Kepulauan,Sulawesi Selatan
ChIJ6XPcVkTDkC0R9R2pvsbegVo,Air Terjun Biru Seruni,"237V+3M4, Lelewawo, Kec. Batu Putih, Kabupaten Kolaka Utara, Sulawesi Tenggara 93955, Indonesia",-2.987361,121.0942064,Kabupaten Kolaka Utara,Sulawesi Tenggara
ChIJNShlPK-gji0RC2zjPWH3TuQ,Bulu Nokilelaki,"Bulu Nokilelaki, Anca, Kec. Lindu, Kabupaten Sigi, Sulawesi Tengah, Indonesia",-1.255,120.1658333,Kabupaten Sigi,Sulawesi Tengah
ChIJx1p5hBeCoS0RgSIIEaeAZFA,BENTENG WAPALA,"658J+472, Bangkudu, Kec. Kulisusu, Kabupaten Buton Utara, Sulawesi Tenggara 93672, Indonesia",-4.7847332,123.1806327,Kabupaten Buton Utara,Sulawesi Tenggara
ChIJg8_mTgDNoy0RTQfm1--cYrQ,Permandian Putri Wambona,"4VP7+P5G, Wambona, Kec. Batukara, Kabupaten Muna, Sulawesi Tenggara, Indonesia",-4.8631806,122.8629653,Kabupaten Buton Utara,Sulawesi Tenggara
ChIJ5U6eQY9zhzIRaHYWYZWsOAI,Puncak Totongkoran,"9RQR+R27, Kali, Kabupaten Minahasa",1.3895474,124.8400347,Kota Tomohon,Sulawesi Utara
ChIJz3gvZgA7mC0RjrR_OGeGx1M,Embung laduyu desa talata,"3R8H+884, Tawarombadaka, Kec. Tinondo, Kabupaten Kolaka Timur, Sulawesi Tenggara, Indonesia",-3.9342481,121.8283153,Kabupaten Kolaka,Sulawesi Tenggara
ChIJ8TmeTj7vvi0RpcmvhZWrTxM,WISATA ALAM BUKIT BAHAGIA,"RJWH+49, Benteng Gajah, Kabupaten Maros",-5.1552905,119.6280439,Kabupaten Takalar,Sulawesi Selatan
ChIJh5zCm0OZvi0RMJhUz9_1LMw,Wisata Kampung Galung,"P2W3+58X, Jl. Persatuan Raya, Barania, Kec. Sinjai Bar., Kabupaten Sinjai, Sulawesi Selatan, Indonesia",-5.2545213,120.0033684,Kabupaten Gowa,Sulawesi Selatan
ChIJsRpEcpkUlC0R34Z-cLfWAgk,Puncak Gunung Nona,"GRCW+WC9, Rosoan, Kec. Enrekang, Kabupaten Enrekang, Sulawesi Selatan 91752, Indonesia",-3.4777115,119.8461179,Kabupaten Enrekang,Sulawesi Selatan
ChIJv-w7sYiJly0RprWvmKtKIEU,Air Terjun Tiku Wuarau ulunggolaka,"2HWW+328, Ulunggolaka, Kec. Latambaga, Kabupaten Kolaka, Sulawesi Tenggara 93514, Indonesia",-3.9548466,121.5950843,Kabupaten Kolaka,Sulawesi Tenggara
ChIJS9mgh325lC0RcoFuX8AbSFw,Wisata Bukit Soe,"Dusun Galung Paara, Desa Pamboborang, FWPJ+RWC, Baru, Kec. Banggae, Kabupaten Majene, Sulawesi Barat 91415, Indonesia",-3.5129268,118.9322651,Kabupaten Majene,Sulawesi Barat
ChIJPdvlU23xvS0RJccjbTgdEug,Goa Janji,"Mallari, Kec. Awangpone, Kabupaten Bone, Sulawesi Selatan, Indonesia",-4.450114999999999,120.3697639,Kabupaten Bone,Sulawesi Selatan
ChIJRb0kZb7NfzIRyXlRONaRjYE,Teluk H2M - Motandoi,"C8VH+R64, Motandoi, Kec. Pinolosian Tim., Kabupaten Bolaang Mongondow Selatan, Sulawesi Utara, Indonesia",0.4445153,124.3280687,Kabupaten Bolaang Mongondow Selatan,Sulawesi Utara
ChIJR5H7z9G7lC0RpafNtrEiypA,Buttu Pattumea Betteng,"Balombong, GWG9+XXG, Betteng, Kec. Pamboang, Kabupaten Majene, Sulawesi Barat 91451, Indonesia",-3.472555,118.919949,Kabupaten Majene,Sulawesi Barat
ChIJj8FccZ0rfzIR4tLSZdjqWkU,Lorong 3 Wisata Pantai Botutonuo,"C4XF+XXF, Botutonuo, Kec. Kabila Bone, Kabupaten Bone Bolango, Gorontalo, Indonesia",0.4499346,123.1249206,Kabupaten Bone Bolango,Gorontalo
ChIJ4aDB2Lnzvi0RiqVRQ7Q0Ons,Wisata Alam Biseang Labboro',"WPW7+9W, Samangki, Kec. Simbang, Kabupaten Maros, Sulawesi Selatan, Indonesia",-5.054056999999999,119.7148234,Kabupaten Maros,Sulawesi Selatan
ChIJc1enPN6xlS0Rn7rnoYl9eD0,Taman Religius Nona-nonaE,"3MGW+RJ9, Jl. Pare-Pare - Sidrap, Lainungan, Kec. Watang Pulu, Kabupaten Sidenreng Rappang, Sulawesi Selatan 91661, Indonesia",-3.9225085,119.6957519,Kabupaten Pinrang,Sulawesi Selatan
ChIJsXoQuxS7lS0RIM3OmuNRRy8,Taman Reformasi,"XJHJ+HMV, Jl. Reformasi, Kp. Baru, Kec. Bacukiki Bar., Kota Parepare, Sulawesi Selatan 91121, Indonesia",-4.0210004,119.6316789,Kota Parepare,Sulawesi Selatan
ChIJk43f7LzHky0RYn1pqB9j7N4,Air Terjun Sarambu Ponglu,"4RPV+VX5, Sarambu, Kec. Buntu Pepasan, Kabupaten Toraja Utara, Sulawesi Selatan 91854, Indonesia",-2.8628513,119.8449856,Kabupaten Toraja Utara,Sulawesi Selatan
ChIJCTFI3Cruoy0Rj0YFDY9MCT0,Hutan Lambusango,"QV42+8X2, Wakangka, Kec. Kapontori, Kabupaten Buton, Sulawesi Tenggara 93755, Indonesia",-5.2442275,122.8523767,Kabupaten Buton,Sulawesi Tenggara
ChIJ--0GGingky0Rmepcel1VFJw,Wisata Bukit 513,"2573+9X9, Unnamed Road, Bar, Lebang, Kec. Wara Sel., Kota Palopo, Sulawesi Selatan 91911, Indonesia",-2.9865959,120.1549919,Kabupaten Toraja Utara,Sulawesi Selatan
ChIJhye6p5qreTIR3jA1GDu-dow,BULALOVE,"Unnamed Road, G8MR+5GX, Hungayonaa, Kec. Tilamuta, Kabupaten Boalemo, Gorontalo 96263, Indonesia",0.5329844,122.3413747,Kabupaten Boalemo,Gorontalo
ChIJyTwYSACZhzIRXS9ocERPHBM,FlyingGear paragliding manado,"HRFP+2QP, Tiwoho, Kabupaten Minahasa Utara",1.5725292,124.8369317,Kota Manado,Sulawesi Utara
ChIJWY1Cv2dfvi0RDN0sSbxgMLo,Qafwan Resort,"Balleanging, Kec. Balocci, Kabupaten Pangkajene Dan Kepulauan, Sulawesi Selatan 90661, Indonesia",-4.9207116,119.7181016,Kabupaten Maros,Sulawesi Selatan
ChIJSW9Yb4uxvi0RcEFL8rLTwmE,Ruang Bernafas,"Talakayya, Desa, GWWC+966, Bonto Tangnga, Kec. Uluere, Kabupaten Bantaeng, Sulawesi Selatan 92452, Indonesia",-5.4540963,119.9205001,Kabupaten Bantaeng,Sulawesi Selatan
ChIJ49GzJAA3uS0RZwtxbgMnYRQ,Permandian Komando Water Park Jeneponto,"8Q4C+JR9, Empoang Sel., Kabupaten Jeneponto",-5.6934621,119.772114,Kabupaten Jeneponto,Sulawesi Selatan
ChIJg9dA62EnvC0Rak_lkz5stf4,PANRITA HILL,"Unnamed Road, Alehanuae, Kec. Sinjai Utara, Kabupaten Sinjai, Sulawesi Selatan 92615, Indonesia",-5.1248646,120.2256582,Kabupaten Sinjai,Sulawesi Selatan
ChIJ9xFH3raFkS0RXiyZkufmweQ,Tiro Soe,"Baebunta, Kec. Baebunta, Kabupaten Luwu Utara, Sulawesi Selatan, Indonesia",-2.5852228,120.2636074,Kabupaten Luwu Utara,Sulawesi Selatan
ChIJNV3tXQxKeDIRBv4Yfb7Gl3A,Wisata Pantai Maleo,"FX5X+RXW, Maleo, Kec. Paguat, Kabupaten Pohuwato, Gorontalo, Indonesia",0.4596139,121.9999621,Kabupaten Pohuwato,Gorontalo
ChIJ_____6vfky0RTmhAMWld1rs,Permandian Alam Batupapan,"34CQ+MQG, Padang Lambe, Kec. Wara Bar., Kota Palopo, Sulawesi Selatan 91958, Indonesia",-2.9283208,120.1394449,Kabupaten Toraja Utara,Sulawesi Selatan
ChIJBaPrzo0Ogy0RHNbb_cOGwMo,Padang Laya,"9GJW+P8J City, Lambako, Kec. Banggai, Kab. Banggai Laut, Sulawesi Tengah 94891, Indonesia",-1.6181625,123.5457656,Kabupaten Banggai Kepulauan,Sulawesi Tengah
ChIJnUe9QSnmki0Ruj04uPRr-kM,Air Terjun Sondoang,"C3HX+PRF, Sondoang, Kec. Kalukku, Kabupaten Mamuju, Sulawesi Barat 91561, Indonesia",-2.5706895,119.0995394,Kabupaten Mamuju,Sulawesi Barat
ChIJDcv5puMBvC0Rko2G5BV6G5o,Bangkeng Buki,"G587+Q4G, Bukit Harapan, Kec. Gantarang, Kabupaten Bulukumba, Sulawesi Selatan 92561, Indonesia",-5.483054099999999,120.1628215,Kabupaten Bulukumba,Sulawesi Selatan
ChIJMdTgqBqxli0Rmz8pcBN1oxk,Wisata Jembatan Pantai Posan Paconne,"J9MW+H63, Paconne, Kabupaten Luwu, Sulawesi Selatan, Indonesia",-3.3661135,120.3955365,Kabupaten Luwu,Sulawesi Selatan
ChIJydYM40FHhzIRhMfob1oTcI4,Bukit Salib Sumarayar,"5R9V+HWQ, Sumarayar, Kec. Langowan Tim., Kabupaten Minahasa, Sulawesi Utara, Indonesia",1.1689513,124.844873,Kabupaten Minahasa,Sulawesi Utara
ChIJizIShlbsiy0RhRNQexJdgIs,Pantai Taman Ria,"4R9Q+R97, Jl. Cumi-Cumi, Lere, Kec. Ulujadi, Kota Palu, Sulawesi Tengah, Indonesia",-0.8804655000000001,119.8384297,Kota Palu,Sulawesi Tengah
ChIJI3K5AoxjkC0RPZaCxDo1kEU,Pantai Siuone pekaloa Towuti,"Pekaloa, Kec. Towuti, Kabupaten Luwu Timur, Sulawesi Selatan 92982, Indonesia",-2.6403214,121.4448643,Kabupaten Luwu Timur,Sulawesi Selatan
ChIJ1dBX25CLoy0RbyBHl1sXoOw,Yuranata garden,"JMXC+M49, Jl. Purnawirawan, Palabusa, Kota Bau-Bau",-5.3508265,122.6703562,Kabupaten Buton Selatan,Sulawesi Tenggara
ChIJ-cciqlYjvi0RRNkI86otlsQ,Makam Megalitik Sumpang Ralla,"FP62+JMH, Lompo Riaja, Kec. Tanete Riaja, Kabupaten Barru, Sulawesi Selatan 90762, Indonesia",-4.538441,119.7017408,Kabupaten Pangkajene Dan Kepulauan,Sulawesi Selatan
ChIJZz1tcS4PpC0Rr1nQLHfU_a0,Pantai Lembo,"GVM7+P6J, Wasaga, Kabupaten Buton",-5.4656584,122.8630089,Kabupaten Buton,Sulawesi Tenggara
ChIJa8NUIgDjoi0RkXyfZDMgrMk,Pantai Rahwana (Keindahan Pantai Dekat Danau),"54G2+P9, Batu Sempe Indah, Mata Oleo, Kabupaten Bombana, Sulawesi Tenggara, Indonesia",-4.8231875,122.1009375,Kabupaten Muna Barat,Sulawesi Tenggara
ChIJpU2tlX8jvi0RWvnC3AjchF4,Bukit Lakeppo,"FMRX+W5H, Libureng, Kec. Tanete Riaja, Kabupaten Barru, Sulawesi Selatan 90762, Indonesia",-4.507685599999999,119.6979892,Kabupaten Pangkajene Dan Kepulauan,Sulawesi Selatan
ChIJhYuoi4tZkC0R7SPGMjN5ES4,Kolam Renang Landmark LUWU TIMUR,"94PG+QF8, Puncak Indah, Kec. Malili, Kabupaten Luwu Timur, Sulawesi Selatan 92936, Indonesia",-2.6130938,121.1262139,Kabupaten Luwu Timur,Sulawesi Selatan
ChIJbfkJiBrxiy0Rt0r5YoK_wWk,Destinasi wisata sejarah LIKUIFAKSI PETOBO,"3W6C+Q43, Jl. Moh. Soeharto, Petobo, Kec. Palu Sel., Kota Palu, Sulawesi Tengah 94234, Indonesia",-0.938121,119.9202833,Kota Palu,Sulawesi Tengah
ChIJ4c6rjvUFjS0R5INNy2G7Sfg,Pantai Barat Sarudu,"Pantai Barat Sarudu, Sarudu, Kec. Sarudu, Kab. Pasangkayu, Sulawesi Barat 91573, Indonesia",-1.7335948,119.3057812,Kabupaten Mamuju,Sulawesi Barat
ChIJx-CfMmUTgy0RSsPm1VOxSW0,Air Terjun Kokungan,"8FMJ+F44, Monsongan, Kec. Banggai Tengah, Kab. Banggai Laut, Sulawesi Tengah 94891, Indonesia",-1.6663625,123.4803281,Kabupaten Banggai Kepulauan,Sulawesi Tengah
ChIJQSiRk-m5lC0Rg1Yh4d30ozI,Wai Turan Pamboborang,"Unnamed Road, Baru, Kec. Banggae, Kabupaten Majene, Sulawesi Barat 91415, Indonesia",-3.5308606,118.9368772,Kabupaten Majene,Sulawesi Barat
ChIJEzLW-oNZhzIRgdhy4Fq00Hc,Air Terjun Takaan,"5H3R+6CG, Buyungon, Kec. Amurang, Kabupaten Minahasa Selatan, Sulawesi Utara, Indonesia",1.1530605,124.5910747,Kabupaten Minahasa Selatan,Sulawesi Utara
ChIJc19vF6k1hzIRqseepns31Mc,Pantai Rumbia,"2WC7+XH8, Rumbia, Kec. Langowan Sel., Kabupaten Minahasa, Sulawesi Utara, Indonesia",1.0224102,124.9139547,Kabupaten Minahasa,Sulawesi Utara
ChIJq30vKD8rcTIRlr0_83J8bjk,Wisata garung kayu bado,Kalangkangan,1.0936811,120.8077854,Kabupaten Buol,Sulawesi Tengah
ChIJT1LXI5HJfzIR0b4cocXLIII,Pantai Wisata DAMI Beach,"Timur, Kombot, Kec. Pinolosian, Kabupaten Bolaang Mongondow Selatan, Sulawesi Utara, Indonesia",0.3936419,124.1766932,Kabupaten Bolaang Mongondow Selatan,Sulawesi Utara
ChIJ7xy0jrRXvS0RbjaXWAE_TPI,Pantai Juanda Lestari,"JGQ9+377, Palewai, Tanggetada, Kabupaten Kolaka, Sulawesi Tenggara 93563, Indonesia",-4.3623387,121.51816,Kabupaten Kolaka,Sulawesi Tenggara
ChIJRzeh1UK7lS0RaojWzeqhexs,Taman Lamario (Monumen Perahu Phinisi),"XJ9F+JHW, Cappa Galung, Kec. Bacukiki Bar., Kota Parepare, Sulawesi Selatan, Indonesia",-4.030888099999999,119.6239475,Kota Parepare,Sulawesi Selatan
ChIJe0gyfZTsmC0RiIP5cD7z8Ug,Bunker Jepang,"2JP5+C6W, Mata, Kec. Kendari, Kota Kendari, Sulawesi Tenggara 93128, Indonesia",-3.9638758,122.6080857,Kota Kendari,Sulawesi Tenggara
ChIJ6_GTS10dvy0RSqfenaHl4y4,Pantai Batu Baru,"R9WW+G6, Maccini Sombala, Kota Makassar",-5.153689,119.3955024,Kota Makassar,Sulawesi Selatan
ChIJaQgZJfajvi0RZ2OUGX-nVAE,Wisata Jembatan Jodoh,"P22C+555, Unnamed Road, Batu Belerang, Kec. Sinjai Borong, Kabupaten Sinjai, Sulawesi Selatan 92653, Indonesia",-5.2996181,120.0204843,Kabupaten Gowa,Sulawesi Selatan
ChIJX-HFd52JmC0RGcP5760DBW4,Kolam Ambepua FIshing,"WCF2+V68, Ambaipua, Kec. Ranomeeto, Kabupaten Konawe Selatan, Sulawesi Tenggara 93871, Indonesia",-4.0753439,122.4005827,Kabupaten Konawe,Sulawesi Tenggara
ChIJZfU_YFmumS0RaRXn9X0j9ok,Pantai Batam Desa Mataiwoi Kec Molawe Kab Konawe Utara,"Pantai Batam Desa Mataiwoi Kec Molawe Kab Konawe Utara, Mataiwoi, Kec. Molawe, Kabupaten Konawe Utara, Sulawesi Tenggara, Indonesia",-3.6301549,122.2144209,Kabupaten Konawe,Sulawesi Tenggara
ChIJ9xNZgHnTfjIRxfOk5DzFwmY,ASMARA GARDEN,"H4V3+4CH, Bulotalangi Tim., Kabupaten Bone Bolango",0.5928169999999999,123.1036067,Kabupaten Bone Bolango,Gorontalo
ChIJkX_Y0wGHjC0RJsH3sAno61k,Pantai Koa-Koa,"Pantai Koa-Koa, Pangiang, Kec. Pasangkayu, Kab. Pasangkayu, Sulawesi Barat 91574, Indonesia",-1.1956991,119.4434712,Kabupaten Pasangkayu,Sulawesi Barat
ChIJYxuMzMXGiy0RW87Z9M1Nk1c,Pantai Wisata Pantoloan,"Jl. Makagili Pantoloan, Palu, Sulawesi Tengah 94352, Indonesia",-0.7091523,119.8515752,Kabupaten Donggala,Sulawesi Tengah
ChIJ7QHmedznvi0Rqh28SDhk2MU,pemancingan riboko balla,Borongpa'la'la,-5.2144917,119.537753,Kota Makassar,Sulawesi Selatan
ChIJYcwoP0_lji0RuZLQiYTLubM,Rental mobil poso kota,"Jl. P.seram, Gebang Rejo",-1.398928,120.7572978,Kabupaten Poso,Sulawesi Tengah
ChIJ_yfHVgC7hzIRwCmJeshkYQ8,JG Mangrove Park Desa Palaes,"Palaes, Kec. Likupang Bar., Kabupaten Minahasa Utara, Sulawesi Utara, Indonesia",1.6713483,124.9640252,Kabupaten Minahasa Utara,Sulawesi Utara
ChIJqy_sPT-tmS0RDEoueMyNUGo,Air Terjun Lamesou,"76V8+HWP, Matapila, Kec. Lasolo, Kabupaten Konawe Utara, Sulawesi Tenggara 93352, Indonesia",-3.706028699999999,122.2173227,Kabupaten Konawe,Sulawesi Tenggara
ChIJJ_DEDaTFvi0R-kliYn-VVlg,WISATA HUTAN PINUS TANGKALAKA,"Poros bontorappo, Bissoloro, Kec. Bungaya, Kabupaten Gowa, Sulawesi Selatan 92176, Indonesia",-5.364756799999999,119.6492454,Kabupaten Takalar,Sulawesi Selatan
ChIJC4Hv4qTtmC0RNbSSRzl7msE,Air Terjun Amarilis,"3G6R+6F2, Nii Tanasa, Kec. Lalonggasumeeto, Kabupaten Konawe, Sulawesi Tenggara 93121, Indonesia",-3.9394995,122.5411411,Kota Kendari,Sulawesi Tenggara
ChIJ36ZAPLRRmC0R2onfWbWlVtQ,TELAGA PURI INDAH (TERINDAH),"46XP+5XG, RT.01/RW.01, Ulu Benua, Amonggedo, Kabupaten Konawe, Sulawesi Tenggara 93461, Indonesia",-3.8520551,122.2374658,Kabupaten Konawe,Sulawesi Tenggara
ChIJv12GpS8JvC0R0ub7Bu49xUU,Pantai Pembuatan perahu phinisi,"F987+VJW, Jl. Pelabuhan, Tanah Lemo, Kec. Bonto Bahari, Kabupaten Bulukumba, Sulawesi Selatan 92571, Indonesia",-5.5327686,120.3640836,Kabupaten Bulukumba,Sulawesi Selatan
ChIJoYwDGU25uy0Rm-vG_lTndvE,Batulohe Beach,"3G3W+X7X, Balang Butung, Kec. Buki, Kab. Kepulauan Selayar, Sulawesi Selatan, Indonesia",-5.9450227,120.5457188,Kabupaten Kepulauan Selayar,Sulawesi Selatan
ChIJfWEKES43lC0RXwQ4f5QEYF4,Air Terjun Tattungo,"8V2G+58P, Puncak Harapan, Kec. Maiwa, Kabupaten Enrekang, Sulawesi Selatan 91761, Indonesia",-3.6995279,119.8758428,Kabupaten Pinrang,Sulawesi Selatan
ChIJDXkGYInziy0RYQihwZgQhPk,Taman wisata Bulu Tanda Sibedi,"2RJX+887, Sibedi, Kabupaten Sigi",-0.9692129,119.8482864,Kota Palu,Sulawesi Tengah
ChIJpeHOPciggy0RBbndmF8miwU,pantai oyama,"Lokotoy, Banggai Utara, Kab. Banggai Laut, Sulawesi Tengah 94891, Indonesia",-1.4813397,123.5248849,Kabupaten Banggai Kepulauan,Sulawesi Tengah
ChIJF4MtWgCJmC0Rtx7jHnK27PE,JOJO GARDEN KONDA,"VCMF+MWV, Lamomea, Kec. Konda, Kabupaten Konawe Selatan, Sulawesi Tenggara, Indonesia",-4.115773,122.4247943,Kabupaten Konawe Selatan,Sulawesi Tenggara
ChIJWyHbRt_vly0Rp_27xzaFwp8,Puncak Padamarang,"Towua I, Kec. Wundulako, Kabupaten Kolaka, Sulawesi Tenggara, Indonesia",-4.1279638,121.4130969,Kabupaten Kolaka,Sulawesi Tenggara
ChIJMUzMKogdmC0R8UOd4P2RsTg,Wisata Matawoi Puubenua,"RMX2+GWF, Unnamed Road, Puubenua, Kabupaten Kolaka",-4.151189899999999,121.6522852,Kabupaten Kolaka,Sulawesi Tenggara
ChIJEUWdgBV5oS0RFsSImCFJXEk,Pantai Bone Buton Utara,"557F+8FC, Lemo, Kec. Kulisusu, Kabupaten Buton Utara, Sulawesi Tenggara 93672, Indonesia",-4.8366767,123.1736352,Kabupaten Buton Utara,Sulawesi Tenggara
ChIJJfN7pPYBvC0RW2iEukShID8,Bonto Massailea,"Desa, Bukit Harapan, Kec. Gantarang, Kabupaten Bulukumba, Sulawesi Selatan 92561, Indonesia",-5.4772802,120.1626856,Kabupaten Bulukumba,Sulawesi Selatan
ChIJ74Qi37_VfjIROf8tjz31Gyw,Wisata Alam Air Panas,"G49V+RVQ, Pancuran, Kabupaten Bone Bolango",0.519575,123.144728,Kabupaten Bone Bolango,Gorontalo
ChIJK2cJ8rv9vi0RFdkgkKrqxxg,Hutan Mangrove,"WFF8+59M Jembatan Pelangi Lantebung, Lorong 2, Bira, Kec. Tamalanrea, Sulawesi Selatan 90243, Indonesia",-5.077045699999999,119.4659188,Kota Makassar,Sulawesi Selatan
ChIJZVQC6djtiy0RkHpZ8jVuq_k,Makam Dato Karama,"4V72+3JQ, Jl. Selar, Lere, Kec. Palu Bar., Kota Palu, Sulawesi Tengah 94221, Indonesia",-0.8872915,119.8516234,Kota Palu,Sulawesi Tengah
ChIJqWdDSG16pC0RQmXakxZokMQ,Pantai One Mopute,"GG2F+2VM, Banabungi, Kec. Kadatua, Kabupaten Buton, Sulawesi Tenggara, Indonesia",-5.4999217,122.5246717,Kabupaten Buton Selatan,Sulawesi Tenggara
ChIJfbwR__DrlS0RyzfYM0OpcD8,PINTU GERBANG PERMANDIAN AIR PANAS LEJJA,"VV5J+C28, Jl. Poros Lejja, Manorang Salo, Kec. Marioriawa, Kabupaten Soppeng, Sulawesi Selatan 90852, Indonesia",-4.1414711,119.880084,Kabupaten Soppeng,Sulawesi Selatan
ChIJbTO37zaLmi0RhIDI9Sc7bik,Benteng Fafontofure,"CXCP+332, Bahontobungku, Kec. Bungku Tengah, Kabupaten Morowali, Sulawesi Tengah, Indonesia",-2.5798571,121.9851299,Kabupaten Morowali,Sulawesi Tengah
ChIJjTPXyUB3pC0R9NixvkeeIHQ,Goa Lanto,"GJQG+WVX, Jalan Anoa, Kadolomoko",-5.460142800000001,122.6272421,Kota Baubau,Sulawesi Tenggara
ChIJkVWcgnFjjS0R13vLuGyY2l4,Pantai Babana,"W55V+8PV, Selat, Kota Makassar, Sulawesi Selatan, Indonesia",-2.0916328,119.1943106,Kabupaten Mamuju,Sulawesi Barat
ChIJJ-CQMyihiTIR3hBFvfpaUZE,"Danau ""Cinta"" Makalehi","Kab.Kepl. Sitaro, Sulawsi Utara,, P5P9+MXR, Makalehi, Siau Bar., Kabupaten Siau Tagulandang Biaro, Sulawesi Utara, Indonesia",2.736747,125.1699018,Kabupaten Kepulauan Sangihe,Sulawesi Utara
ChIJb_3aOyXkji0RiaA1qSz8TUE,Bukit Cinta,"JQ9C+HG3, Bukit Bambu, Kec. Poso Kota Sel., Kabupaten Poso, Sulawesi Tengah 94615, Indonesia",-1.3811063,120.7713076,Kabupaten Poso,Sulawesi Tengah
ChIJhQx0XwvCky0RkvvctNTKdYI,Tongkonan Buntu,"2WQ3+M97, Tampo Tallunglipu",-2.9608499,119.9034152,Kabupaten Tana Toraja,Sulawesi Selatan
ChIJl7emyXbfiy0RbTuEZu1PtAU,Pantai Polindolara Pelawa,"64HJ+QVR, Pelawa, Kec. Parigi Tengah, Kabupaten Parigi Moutong, Sulawesi Tengah, Indonesia",-0.7705107,120.1321292,Kabupaten Donggala,Sulawesi Tengah
ChIJo8CF2fHuoy0R83PIa8cF4_E,Goa Liang Kamoi,"QRXQ+27C, Unnamed Rd, Wakangka, Kec. Kapontori, Kabupaten Buton, Sulawesi Tenggara 93755, Indonesia",-5.202444499999999,122.8381485,Kabupaten Buton,Sulawesi Tenggara
ChIJJeyiYa4zui0RH2X6FGEKupg,Gua Balojaha,"R9HW+VJH, Bontoborusu, Kab. Kepulauan Selayar",-6.1703093,120.3966057,Kabupaten Kepulauan Selayar,Sulawesi Selatan
ChIJ57KgphZXvi0Rdak4nNsYPRg,Desa Wisata Bontolempangan,"3JM2+V2F, Bontonlempangan, Kec. Bontoa, Kabupaten Maros, Sulawesi Selatan 90554, Indonesia",-4.9153154,119.6000594,Kabupaten Maros,Sulawesi Selatan
ChIJIyvH9SaNlS0Rpzd1PsNl5XM,Wisata Embung Paccekke,"PPW6+44V, Paccekke, Kec. Soppeng Riaja, Kabupaten Barru, Sulawesi Selatan 90752, Indonesia",-4.2546347,119.7102833,Kabupaten Barru,Sulawesi Selatan
ChIJHd3-7wAFlC0RHX2a511NEhI,Gunung Rantekombola,"Gn. Rantekombola, Uluwai, Kec. Mengkendek, Kabupaten Tana Toraja, Sulawesi Selatan, Indonesia",-3.35,120.016667,Kabupaten Enrekang,Sulawesi Selatan
ChIJow7UpJdjfjIRHiCCA1pQRCU,pantai nyiur hijau babo,"Babo, Kec. Sangtombolang, Kabupaten Bolaang Mongondow, Sulawesi Utara, Indonesia",0.8380624999999999,123.8671875,Kabupaten Bolaang Mongondow,Sulawesi Utara
ChIJp-nwbSqDmC0R7HQRg340MME,Gunung Popalia,"Gunung Popalia, Lelekaa, Wolasi, South Konawe Regency, South East Sulawesi, Indonesia",-4.2333333,122.5333333,Kabupaten Konawe Selatan,Sulawesi Tenggara
ChIJ4aa2g8YPpy0RxkGcI22BkHo,Pantai Huntete,"62R4+43W, Kulati, Kec. Tomia Tim., Kabupaten Wakatobi, Sulawesi Tenggara 93793, Indonesia",-5.7596399,124.0052001,Kabupaten Wakatobi,Sulawesi Tenggara
ChIJoWCu0fIpky0Rjc3NvzDfjNo,Wisata Batu Lombeng Desa Lebani,"7QCH+3X, Lebani, Kec. Tapalang Bar., Kabupaten Mamuju, Sulawesi Barat, Indonesia",-2.7298095,118.7799264,Kabupaten Mamuju,Sulawesi Barat
ChIJkRH3JbKzhzIRWYzaaLdrbek,Kawasan Ekonomi Khusus Likupang,"M5J4+3XH, Pulisan, Kec. Likupang Tim., Kabupaten Minahasa Utara, Sulawesi Utara, Indonesia",1.6801855,125.1574818,Kabupaten Minahasa Utara,Sulawesi Utara
ChIJAw7zDd6tfjIReuocgLyAP6c,Pantai Indah Batutajam,"W537+6HG, Batutajam, Kec. Pinogaluman, Kabupaten Bolaang Mongondow Utara, Sulawesi Utara, Indonesia",0.9030533,123.1639403,Kabupaten Gorontalo Utara,Gorontalo
ChIJ3SsYFRAdhi0RICMsq3Iinqs,Pantai Pasir Putih Tete B Ampana,"4MJ7+WM9, Tete B, Kec. Ampana Tete, Kabupaten Tojo Una-Una, Sulawesi Tengah 94684, Indonesia",-0.8677056999999999,121.6642345,Kabupaten Tojo Una-Una,Sulawesi Tengah
ChIJsRu9KtwJvi0R4s4n6G6GwUU,Air Terjun Baruttunge,"C4XQ+88M, Maroanging, Kec. Ulaweng, Kabupaten Bone, Sulawesi Selatan 92762, Indonesia",-4.5516668,120.1382969,Kabupaten Bone,Sulawesi Selatan
ChIJy15hwnaZvi0RlKGg9L3mnXg,Kolam renang kampoeng galung,"P2X3+PVW, Unnamed Road, Arabika, Kec. Sinjai Bar., Kabupaten Sinjai, Sulawesi Selatan 92653, Indonesia",-5.2506334,120.0047159,Kabupaten Gowa,Sulawesi Selatan
ChIJEVcqtV21gDIRSfKWAKD0nzY,Pantai Mega Minanga,"Unnamed Road, XV96+Q7F, Minanga Tiga, Pusomaen, Kabupaten Minahasa Tenggara, Sulawesi Utara 95997, Indonesia",0.9694473,124.8606565,Kabupaten Minahasa Tenggara,Sulawesi Utara
ChIJpWr0tL2_iy0R_oHO-Eu5sbc,Wisata Pantai dan Kuliner Loli Tasiburi,"6QWP+44M, Loli Tasiburi",-0.7540880000000001,119.7865819,Kabupaten Donggala,Sulawesi Tengah
ChIJMUxZ9XTBiy0RdSfJ17-J_HY,UWENTUMBU BAIYA,"7VF7+34M, Baiya, Kota Palu",-0.7272879,119.8628056,Kabupaten Donggala,Sulawesi Tengah
ChIJTXO81dO9cDIRdgq1x7XTOkw,Pulau Busak,"Pulau Busak, Busak I, Kec. Karamat, Kabupaten Buol, Sulawesi Tengah, Indonesia",1.2697222,121.3625,Kabupaten Buol,Sulawesi Tengah
ChIJv5O8xtumpy0RJ29B-iaVLhA,Pantai Wakarumende,"Pantai Wakarumende, Desa Wakarumende, Lagongga, Binongko, Kabupaten Wakatobi, Sulawesi Tenggara 93794, Indonesia",-5.9274751,124.049245,Kabupaten Wakatobi,Sulawesi Tenggara
ChIJddfVaE1hhi0RlkzMafls4jg,Pantai Tanjung Toima,"688R+XGJ, Jl. Trans Sulawesi, Matabas, Kec. Bunta, Kabupaten Banggai, Sulawesi Tengah 94753, Indonesia",-0.782543,122.341276,Kabupaten Banggai,Sulawesi Tengah
ChIJhV3zJ9GTlC0Ru_yL86IszRI,Pantai Baurung,"Pantai Baurung, Panyampa, Kec. Campalagian, Kabupaten Polewali Mandar, Sulawesi Barat 91353, Indonesia",-3.4882798,119.1768829,Kabupaten Polewali Mandar,Sulawesi Barat
ChIJSUc2IATBky0ROpe3P6fRnt4,Wisata Sawah Kalimbuang,"3RJX+GH6, Sikuku, Kec. Kapala Pitu, Kabupaten Toraja Utara, Sulawesi Selatan, Indonesia",-2.9187096,119.8489007,Kabupaten Tana Toraja,Sulawesi Selatan
ChIJTZVKFfDNoi0RKK8rH8uhsBs,Bendungan Tampabulu,"7PC4+RPV, Tampawulu, Kec. Poleang Utara, Kabupaten Bombana, Sulawesi Tenggara 93773, Indonesia",-4.7278955,121.7068038,Kabupaten Bombana,Sulawesi Tenggara
ChIJ5dJKNFKGlC0RYh1paSAHZVU,Limbong Sitodo,"J9F8+6QW, Jl. Poros Pokko, Kunyi, Kec. Anreapi, Kabupaten Polewali Mandar, Sulawesi Barat 91315, Indonesia",-3.3768895,119.3669543,Kabupaten Polewali Mandar,Sulawesi Barat
ChIJo9Y9a2eJmC0RdA6Ci1KPYmY,Pemancingan Wisata Alam,"VCPG+F2J, Lamomea, Kec. Konda, Kabupaten Konawe Selatan, Sulawesi Tenggara 93871, Indonesia",-4.1137904,122.4250196,Kabupaten Konawe Selatan,Sulawesi Tenggara
ChIJe3tQiOeTkS0R6Vflh9LE4xU,Air Terjun Pangorea Desa Sepakat,"GCR7+R4Q, Sepakat, Kec. Masamba, Kabupaten Luwu Utara, Sulawesi Selatan 92917, Indonesia",-2.4579178,120.4128609,Kabupaten Luwu Utara,Sulawesi Selatan
ChIJnRFdCO0PizIRw8QI2S_Cy4Y,Puncak Gunung Awu,"MFJ3+QHR, Kendahe I, Kendahe, Kabupaten Kepulauan Sangihe, Sulawesi Utara, Indonesia",3.6819858,125.4538894,Kabupaten Kepulauan Sangihe,Sulawesi Utara
ChIJ76xeU6wYfjIRqcCp-OSBKQw,Kawah Belerang Gunung Ambang,"QC38+6M3, Bongkudai Baru, Kec. Modayag, Kabupaten Bolaang Mongondow Timur, Sulawesi Utara, Indonesia",0.7530030999999999,124.4166845,Kabupaten Bolaang Mongondow Timur,Sulawesi Utara
ChIJCTHfpMR5mS0R2KfcnnTqC2w,Goa Berlian,"PCFF+93W, Matarape, Menui Kepulauan, Kabupaten Morowali, Sulawesi Tengah, Indonesia",-3.2765075,122.4227015,Kabupaten Konawe Utara,Sulawesi Tenggara
ChIJvTHo6w37vi0Rdpxkn8jjiRI,Lorong warna warni makassar,"Jl majene 1 blok k RW 04 RT 01, Sudiang Raya, Kota Makassar",-5.1078566,119.5386299,Kota Makassar,Sulawesi Selatan
ChIJ21-vALz1uy0R1ek6E5I6aPs,Wisata Balla-Ballayya Desa Bira,"CF77+Q2C, Bira, Kec. Bonto Bahari, Kabupaten Bulukumba, Sulawesi Selatan, Indonesia",-5.5855583,120.4625244,Kabupaten Bulukumba,Sulawesi Selatan
ChIJZ0KRPrhrhzIR0yY5cN1invc,Toulangkow Hills (TOMOHON SKYLINE),"7RHM+V4, Lahendong, Kota Tomohon",1.2796959,124.8329023,Kabupaten Minahasa,Sulawesi Utara
ChIJhag9-nG5hzIR8k18wozGILw,Pantai Kelapa Lima Desa Paputungan,"Paputungan, Kec. Likupang Bar., Kabupaten Minahasa Utara, Sulawesi Utara, Indonesia",1.7268332,124.9630724,Kabupaten Minahasa Utara,Sulawesi Utara
ChIJI8Phh6EzfjIRNM6LmRJnrIA,"Puncak Tonsile, Sulawesi Utara","Unnamed Road, G6VV+4F3, Adow, Kec. Pinolosian Tengah, Kabupaten Bolaang Mongondow Selatan, Sulawesi Utara, Indonesia",0.5427569999999999,124.243672,Kabupaten Bolaang Mongondow Selatan,Sulawesi Utara
ChIJyW1Kt7y3fzIRCji54C5ViUs,Pantai Pinolosian Selatan,"Pantai Pinolosian Selatan, Pinolosian Sel., Kec. Pinolosian, Kabupaten Bolaang Mongondow Selatan, Sulawesi Utara, Indonesia",0.391524,124.1204221,Kabupaten Bolaang Mongondow Selatan,Sulawesi Utara
ChIJHTZI2vG5gy0R_Aeubasp3-g,Pantai Mandel,"PGGH+QXP, Kombutokan, Kabupaten Banggai Kepulauan, Sulawesi Tengah, Indonesia",-1.2730375,123.5299531,Kabupaten Banggai Kepulauan,Sulawesi Tengah
ChIJC3dBagCzhi0RdlM33W10MeQ,Wisata Anteleng,"4XFQ+6J4, Pohi, Luwuk Tim., Kabupaten Banggai, Sulawesi Tengah, Indonesia",-0.876981,122.9890838,Kabupaten Banggai Laut,Sulawesi Tengah
ChIJh2A99f_TfjIREq1Udz27AfY,Bukit Bulotalangi,"J453+XF6, Bulotalangi, Kabupaten Bone Bolango",0.6099181,123.1036346,Kabupaten Bone Bolango,Gorontalo
ChIJxWHKVt-hiC0RFGX7jXVRHAQ,Wisata Tanjung Lawaka Ampana,"5H8W+39M, Labuan, Kec. Ampana Kota, Kabupaten Tojo Una-Una, Sulawesi Tengah 94683, Indonesia",-0.8347970000000001,121.5959293,Kabupaten Tojo Una-Una,Sulawesi Tengah
ChIJOze-uFZ-oy0RdlrKfFNzljs,Danau Gumanano,"J853+XFH, Gumamano, Kec. Mawasangka, Kabupaten Buton, Sulawesi Tenggara 93762, Indonesia",-5.3900548,122.3037402,Kabupaten Bombana,Sulawesi Tenggara
ChIJSXtNr3m_lC0RsJZvg7V50-4,Pantai Dato,"CXRM+5PW, Dusun Jl. Pangale, Baurung, Kec. Banggae Tim., Kabupaten Majene, Sulawesi Barat 91412, Indonesia",-3.5595037,118.9843342,Kabupaten Majene,Sulawesi Barat
ChIJM-Q2XRCTiy0R2IqlxdmsLH0,Bulu Gawalise,"Bulu Gawalise, Salungkaenu, Kec. Banawa Sel., Kabupaten Donggala, Sulawesi Tengah, Indonesia",-0.8763888999999999,119.7563889,Kabupaten Pasangkayu,Sulawesi Barat
ChIJL7l0zMnrmC0R1xKjsMAjdTg,Bukit Teletubies Bajo Indah,"3JGW+WVG, Bajo Indah, Soropia, Kabupaten Konawe, Sulawesi Tenggara 93351, Indonesia",-3.9226992,122.6472078,Kota Kendari,Sulawesi Tenggara
ChIJHUHAyvLTvi0RXIDvSfy0T8w,Wisata Bukit teletubbies,"FHJ2+4RC, Bulujaya, Kec. Bangkala Bar., Kabupaten Jeneponto, Sulawesi Selatan 92352, Indonesia",-5.519682299999999,119.5520266,Kabupaten Takalar,Sulawesi Selatan
ChIJh1ObGxqOlC0RtUPi7KwGcPE,Pantai Garassi Desa Nepo,"G6JV+R4J, Nepo, Kec. Wonomulyo, Kabupaten Polewali Mandar, Sulawesi Barat, Indonesia",-3.4679074,119.242769,Kabupaten Polewali Mandar,Sulawesi Barat
ChIJf_pVokahhi0RM21AJ6wuJCE,Wisata Alam Djagaan,"Hanga-Hanga, Luwuk, Kabupaten Banggai, Sulawesi Tengah 94711, Indonesia",-0.959028,122.7704861,Kabupaten Banggai Laut,Sulawesi Tengah
ChIJOxPPXCMlvi0RY5fUHsCbXHA,Permandian Baruttung'e,"Unnamed Road, FJ8F+99G, Lalabata, Kec. Tanete Rilau, Kabupaten Barru, Sulawesi Selatan 90761, Indonesia",-4.5340586,119.6234506,Kabupaten Pangkajene Dan Kepulauan,Sulawesi Selatan
ChIJmZG2SPTBlS0R02XboZF9CFE,Padang Tobelo,"WQQV+9R, Corawali, Kec. Panca Lautang, Kabupaten Sidenreng Rappang, Sulawesi Selatan, Indonesia",-4.0599099,119.793456,Kabupaten Soppeng,Sulawesi Selatan
ChIJraiEPYVXvi0RuKBH_fdV_2U,Kampung Wisata Ta'bua,"Jl. Maros-Pangkajene, Mattiro Deceng, Kec. Lau, Kabupaten Maros, Sulawesi Selatan 90513, Indonesia",-4.956849,119.5964877,Kabupaten Maros,Sulawesi Selatan
ChIJa5iWpCdPvi0RmzGYv6kCEVk,"Pusat Informasi Geologi, Maros - Pangkep","5G7W+JMF, Jl. Andi Burhanuddin, Tumampua, Kec. Pangkajene, Kabupaten Pangkajene Dan Kepulauan, Sulawesi Selatan 90617, Indonesia",-4.8359299,119.5466587,Kabupaten Pangkajene Dan Kepulauan,Sulawesi Selatan
ChIJY66LuNu7lS0RSr1amv6zfD4,Museum BJ Habibie,"Jl. Alwi Abdul Djalil Habibie No.1, Mallusetasi, Kec. Ujung, Kota Parepare, Sulawesi Selatan 91114, Indonesia",-4.012589999999999,119.6209019,Kota Parepare,Sulawesi Selatan
ChIJd8ToNVIxhzIR43ekf3yKDPQ,Pantai Bukit Tinggi,"3X73+3WX, Bukit Tinggi, Kabupaten Minahasa, Sulawesi Utara, Indonesia",1.0627445,124.9548653,Kabupaten Minahasa,Sulawesi Utara
ChIJY-AWUeaZkS0RQQg7BUSRNEc,Bukit Tamboke,"Jl. Tamboke, Tamboke, Kec. Sukamaju, Kabupaten Luwu Utara, Sulawesi Selatan 92963, Indonesia",-2.5573323,120.4539062,Kabupaten Luwu Utara,Sulawesi Selatan
ChIJIR_DbxtfkS0RMbvH7InnxI4,Palopo City,"X5XX+8CR, Tompotika, Kec. Wara, Kota Palopo, Sulawesi Selatan 91911, Indonesia",-3.0016343,120.1985141,Kota Palopo,Sulawesi Selatan
ChIJl1fzNiDEhy0RmrfPZAaC8ds,Karina Beach,"Gulf of Tomini, MV7X+XQ6, Kabupaten Tojo Una-Una, Sulawesi Tengah 94691, Indonesia",-0.3350791,121.8993971,Kabupaten Tojo Una-Una,Sulawesi Tengah
ChIJN--HxwT9vi0RJ-uSRI2rRyA,Jaringan EKOwisata MAngrove LAntebung,"WFC8+V82, Lorong 2, RT.3/RW.6, Bira",-5.0778567,119.4657558,Kota Makassar,Sulawesi Selatan
ChIJQYl6cv_wvS0RwidKjD7wthQ,Obyek Wisata Goa Jodoh,"Pallette, Kabupaten Bone",-4.4748709,120.3860978,Kabupaten Bone,Sulawesi Selatan
ChIJNbtHasvPmS0Rl7YnuK-s4Ds,Permandian batu lapis,"Garuda, Kec. Asinua, Kabupaten Konawe, Sulawesi Tenggara, Indonesia",-3.6424843,121.8666417,Kabupaten Kolaka,Sulawesi Tenggara
ChIJVVVVVekYfzIRmSwfvc8xxEg,Air Terjun Permai Taludaa,"CF98+HH6, Taludaa, Kec. Bone, Kabupaten Bone Bolango, Gorontalo 96585, Indonesia",0.418909,123.466379,Kabupaten Bone Bolango,Gorontalo
ChIJ_61sc6HZvS0R9gaYLXC633g,Air Terjun Baruttung,"66FF+7X2, Lappa Upang, Kec. Mare, Kabupaten Bone, Sulawesi Selatan 92773, Indonesia",-4.7768549,120.224887,Kabupaten Sinjai,Sulawesi Selatan
ChIJXXAGJSDBky0R6zsbM1uV7QQ,Wisata Alam Tirotiku lolai,"2VX6+GQ7, Limbong, Kabupaten Toraja Utara",-2.9512162,119.8619181,Kabupaten Tana Toraja,Sulawesi Selatan
ChIJaePs3A1chzIRqh6eIHgN7Xk,Bukit Doa,"5JV7+WPM, Jl. Bukit Doa, Pinaling, Kec. Amurang Tim., Kabupaten Minahasa Selatan, Sulawesi Utara, Indonesia",1.1948296,124.6143102,Kabupaten Minahasa Selatan,Sulawesi Utara
ChIJi1m8SP6Joy0RJ3sPNmeBj8I,Wisata Puncak Maradadi,"HJXF+6PC, Kolese, Kota Bau-Bau",-5.4019398,122.6242695,Kabupaten Buton Selatan,Sulawesi Tenggara
ChIJbXDmq8nxmC0R8lLsyBBZcW4,Pantai Toola,"Pantai Toola, Jl. Maesara, Puuwonua, Kec. Lalonggasumeeto, Kabupaten Konawe, Sulawesi Tenggara 93351, Indonesia",-3.8898937,122.5170157,Kabupaten Konawe,Sulawesi Tenggara
ChIJm01Faj27lS0Rh_gazCwCkhA,GPdI Bukit Zaitun Parepare,"Jl. Andi Mallarangeng No.1, Ujung Bulu, Kec. Ujung, Kota Parepare, Sulawesi Selatan 91113, Indonesia",-4.0140444,119.6254946,Kota Parepare,Sulawesi Selatan
ChIJ8bjk1SizhzIR_-u9tpYcU_A,Pantai Kalinaun,"J5J2+G6Q, Kalinaun, Kec. Likupang Tim., Kabupaten Minahasa Utara, Sulawesi Utara, Indonesia",1.6313375,125.1506094,Kabupaten Minahasa Utara,Sulawesi Utara
ChIJ2Z6NpF4AfDIRO_Ue8UVRKXc,Pulau Bongkil,"24V4+JC3, Jl. Laut Sulawesi, Kabupaten Bolaang Mongondow Utara, Indonesia",1.0440045,123.1060519,Kabupaten Gorontalo Utara,Gorontalo
ChIJt3oIfD2HlC0RQkZnITqSg1c,Air Terjun Indo Rannuang,"J9XW+GPJ, Jl. Indoranuang, Kunyi, Kec. Anreapi, Kabupaten Polewali Mandar, Sulawesi Barat 91315, Indonesia",-3.3511631,119.3967559,Kabupaten Polewali Mandar,Sulawesi Barat
ChIJMRufgdtphzIRgqXMHT3Uei4,Air Terjun Tu'nan,"7P3V+JXX, Talaitad, Sulta, Kabupaten Minahasa Selatan, Sulawesi Utara, Indonesia",1.2541179,124.7449963,Kabupaten Minahasa,Sulawesi Utara
ChIJQ6-qiKOtfzIRiWbdfPbfA-g,Tugu Selamat Datang Kabupaten Bolaang Mongondow Selatan,"FX67+RQH, Matayangan, Kec. Dumoga Bar., Kabupaten Bolaang Mongondow, Sulawesi Utara, Indonesia",0.4620614999999999,123.9644895,Kabupaten Bolaang Mongondow Selatan,Sulawesi Utara
ChIJM6FWv5yJlC0RPiMvTgVtiNY,Pulau Dea-dea,G9MG+88H,-3.4666832,119.3758637,Kabupaten Polewali Mandar,Sulawesi Barat
ChIJk77-9vUdvy0R0WJDWj6uFaE,Pantai Tanjung Bunga,"R9MR+9X6, Maccini Sombala, Kec. Tamalate, Kota Makassar, Sulawesi Selatan 90224, Indonesia",-5.1665899,119.3923867,Kota Makassar,Sulawesi Selatan
ChIJt1ff5R1Zvi0Re4gQaoC0byE,Wisata pannampu,"Maros,bantimurung, Tukamasea, Makassar",-4.9601708,119.6522206,Kabupaten Maros,Sulawesi Selatan
ChIJw3cZQdqJhC0RCQmb8fCreYc,Air Terjun Batualambung Kambani,"CV9J+28W, Kambani, Kec. Buko Selatan, Kabupaten Banggai Kepulauan, Sulawesi Tengah 94881, Indonesia",-1.582395,122.8808305,Kabupaten Banggai Laut,Sulawesi Tengah
ChIJ0WEUqko0eDIRg9AMHKwgF_Q,RTH Masjid Agung Pohuwato,"FW6W+VRV, Palopo, Kec. Marisa, Kabupaten Pohuwato, Gorontalo 96265, Indonesia",0.4622452,121.9470332,Kabupaten Pohuwato,Gorontalo
ChIJ5VlMf1HhvS0RcrvstOaDWkA,P4S WANUA LAMPOKO,"C64J+6XX, Unnamed Road, Lampoko, Kabupaten Bone",-4.5943934,120.2324907,Kabupaten Bone,Sulawesi Selatan
ChIJh6LCKgA1uS0R9xTEvTauJPc,Kincir Angin PLTB,"9Q7F+PV7, Kayuloe Timur",-5.6357035,119.7746601,Kabupaten Jeneponto,Sulawesi Selatan
ChIJz4-zHscJiC0R3uAhrjQX78M,Colo,"Colo, Lembanya, Kec. Una-Una, Kabupaten Tojo Una-Una, Sulawesi Tengah, Indonesia",-0.17,121.608,Kabupaten Tojo Una-Una,Sulawesi Tengah
ChIJ569-n9cSlC0Rauvfm3surao,Buntu Cekong,"HQGX+4JG, Tanete, Kec. Anggeraja, Kabupaten Enrekang, Sulawesi Selatan 91752, Indonesia",-3.4246852,119.7990642,Kabupaten Enrekang,Sulawesi Selatan
ChIJ1_7wnU1fhzIRMGXCxyms1ls,Pantai Kapitu,"Pantai Kapitu, Kapitu, Kec. Amurang Bar., Kabupaten Minahasa Selatan, Sulawesi Utara, Indonesia",1.1914017,124.5205899,Kabupaten Minahasa Selatan,Sulawesi Utara
ChIJa5V-mVQLizIRlQci_oQxYUw,Puncak panenteng tola,"Tola, Kec. Tabukan Utara, Kabupaten Kepulauan Sangihe, Sulawesi Utara, Indonesia",3.624913,125.5262691,Kabupaten Kepulauan Sangihe,Sulawesi Utara
ChIJ8RGPY5lHeTIRPeu6Ss_dQa4,Wisata Tracking mangrove,"RR5R+FHH, Tolongio, Kec. Anggrek, Kabupaten Gorontalo Utara, Gorontalo, Indonesia",0.8086844,122.8414731,Kabupaten Gorontalo Utara,Gorontalo
ChIJMWXKUlm9lS0RU3UGWL31714,Wisata Mannessa Lappa Angin,"XM3F+4F5, WT. Bacukiki, Kec. Bacukiki, Kota Parepare, Sulawesi Selatan 91121, Indonesia",-4.0472396,119.6737453,Kota Parepare,Sulawesi Selatan
ChIJ98qrBgC7iy0RYiXRkGFl9Nk,Pantai Sangganipa,"7MR9+M4V, Towale, Kec. Banawa Tengah, Kabupaten Donggala, Sulawesi Tengah 94351, Indonesia",-0.7087557,119.6679126,Kabupaten Donggala,Sulawesi Tengah
ChIJ33HrdH3vji0RlC7C7VLzNOQ,Pantai Bahari,"HMMH+M4M, Mapane, Kec. Poso Pesisir, Kabupaten Poso, Sulawesi Tengah, Indonesia",-1.4157974,120.6777965,Kabupaten Poso,Sulawesi Tengah
ChIJjcbCdPFwpC0RtjSddQ6sYVU,Lakasa Cave,"FHR8+MQ6, Sulaa, Kota Bau-Bau",-5.508333299999999,122.566887,Kota Baubau,Sulawesi Tenggara
ChIJnyxdUIGNoy0R8IVorkwh7sc,Permandian Lakakuloto,"MJWQ+HX4, Rahia, Kec. Gu, Kabupaten Buton Tengah, Sulawesi Tenggara 93761, Indonesia",-5.3036179,122.6399601,Kabupaten Buton,Sulawesi Tenggara
ChIJ9zjEy2JfkS0R8JGfUKEeNqs,Waterboom Agro Wisata Palopo,"Murante, Kec. Mungkajang, Kota Palopo, Sulawesi Selatan 91921, Indonesia",-3.0240728,120.1740206,Kota Palopo,Sulawesi Selatan
ChIJaxHrDvMQjC0RljoACLgfvxg,Monumen Gerhana Matahari Total 2016,"QWGX+VC2, Pakuli, Kec. Gumbasa, Kabupaten Sigi, Sulawesi Tengah 94361, Indonesia",-1.2228687,119.9485018,Kabupaten Sigi,Sulawesi Tengah
ChIJ95lxG_xfky0RAdTy_PmnR2U,Air Terjun Kona,"Q2HH+MQ3, Pollewani, Kec. Tutar, Kabupaten Polewali Mandar, Sulawesi Barat, Indonesia",-3.2208725,119.029408,Kabupaten Majene,Sulawesi Barat
ChIJn_rvaGp1hzIR-d-QpEKnh8M,Museum Perjuangan Rakyat Sulut,"No Jl. Sam Ratulangi No.27, Wenang Utara, Kec. Wenang, Kota Manado, Sulawesi Utara, Indonesia",1.490243,124.8391792,Kota Manado,Sulawesi Utara
ChIJPUhFkWF5oy0RXwmTp7vESFQ,Pantai Napa,"93762, Napa, Mawasangka, Napa, Kec. Mawasangka, Kabupaten Buton, Sulawesi Tenggara, Indonesia",-5.3306283,122.2672078,Kabupaten Muna,Sulawesi Tenggara
ChIJS5IUHj4Vui0R3GZFJMY3t0A,Pantai Pinang,"Pantai Pinang, Sulawesi Selatan, Indonesia",-6.438091,120.5080629,Kabupaten Kepulauan Selayar,Sulawesi Selatan
ChIJS_UaSk2FkS0RNN4se8V_Gsk,Wisata Alam Sulili Baebunta,"Baebunta, Kec. Baebunta, Kabupaten Luwu Utara, Sulawesi Selatan, Indonesia",-2.5869537,120.2578416,Kabupaten Luwu Utara,Sulawesi Selatan
ChIJPTP_9iuJji0RVgBORnMc210,Situs Megalitik Watunongko,"C9PX+QF, Watutau, Kec. Lore Peore, Kabupaten Poso, Sulawesi Tengah 94653, Indonesia",-1.563113,120.398714,Kabupaten Poso,Sulawesi Tengah
ChIJRdHmSX_Bky0RfOqFuEzBn7g,Gunung Sesean Toraja Utara,"3VXH+CFP, Sesean Matallo, Kec. Sesean, Kabupaten Toraja Utara, Sulawesi Selatan, Indonesia",-2.9014159,119.8786997,Kabupaten Toraja Utara,Sulawesi Selatan
ChIJ74548uzzky0RAPmpuYIrSC4,TONGKONAN SASSA',"RVM5+XWR, Gasing, Kec. Mengkendek, Kabupaten Tana Toraja, Sulawesi Selatan 91817, Indonesia",-3.1650182,119.859768,Kabupaten Tana Toraja,Sulawesi Selatan
ChIJVfxrCgVpkC0R5giNYyEuevA,C-Beach (Pantai C-Salonsa),"F8RP+X3R, Magani, Kec. Nuha, Kabupaten Luwu Timur, Sulawesi Selatan 92983, Indonesia",-2.5075232,121.3351371,Kabupaten Luwu Timur,Sulawesi Selatan
ChIJU6DXlwWHlC0RtdE1qhUh-EI,wisata alam pattipo,"J9HC+5M5, Kunyi, Kec. Anreapi, Kabupaten Polewali Mandar, Sulawesi Barat, Indonesia",-3.3721092,119.3717481,Kabupaten Polewali Mandar,Sulawesi Barat
ChIJCaaWcQ-khzIRCrup-TKdSeU,Air Terjun Kelimbun Tumbohon,"HXF5+M8Q, Tumbohon, Kec. Talawaan, Kabupaten Minahasa Utara, Sulawesi Utara, Indonesia",1.5742174,124.9583508,Kota Manado,Sulawesi Utara
ChIJmf-HPgBdgS0RAnsROHPtvLg,Weer Molino,"399M+C78, Dondo, Kec. Balantak Sel., Kabupaten Banggai, Sulawesi Tengah, Indonesia",-0.9315026,123.3831301,Kabupaten Banggai,Sulawesi Tengah
ChIJFZ-9b6RVny0RRIfGGmsR6RM,Kali Biru Mosolo,"Masolo, Kec. Wawonii Tenggara, Kabupaten Konawe, Sulawesi Tenggara 93393, Indonesia",-4.1954197,123.1600384,Kabupaten Konawe,Sulawesi Tenggara
ChIJbcRJq7G7lS0REUTQNX7ujMI,Monumen Korban 40.000 jiwa,"XJRC+CRJ, Ujung Sabbang, Kec. Ujung, Kota Parepare, Sulawesi Selatan 91114, Indonesia",-4.0089211,119.6220307,Kota Parepare,Sulawesi Selatan
ChIJm4c-uXg1ui0RBFvXRUewAm8,Wisata Alam Bonto Kalihara (Bukit Semut) Selayar,"VFFF+W9X, Putabangung, Kec. Bontoharu, Kab. Kepulauan Selayar, Sulawesi Selatan, Indonesia",-6.125125199999999,120.4734802,Kabupaten Kepulauan Selayar,Sulawesi Selatan
ChIJ90alQG7cizIRwC3iYnwytw4,Banua Wuhu,"Banua Wuhu, Indonesia",3.137778,125.490556,Kabupaten Kepulauan Sangihe,Sulawesi Utara
ChIJB20sg5LrmC0RUpSPdrOKTMg,"Desa Bokori, Kabupaten Konawe, Sulawesi Tenggara","3MG7+2CH, Bokori, Soropia, Kabupaten Konawe, Sulawesi Tenggara 93351, Indonesia",-3.9249375,122.6636094,Kabupaten Konawe,Sulawesi Tenggara
ChIJzUYXZb4bly0RA_6JOq0eJRU,Air terjun Rouda,"9XJX+7WP, Raoda, Kec. Lambai, Kabupaten Kolaka Utara, Sulawesi Tenggara 93956, Indonesia",-3.6192996,120.9998218,Kabupaten Kolaka Utara,Sulawesi Tenggara
ChIJ9Z6ZHF-Xoy0RmZy_yCrWO8M,Pantai Morano,"RHQQ+48H, Fongkaniwa, Walengkabola, Sulawesi Tenggara, Indonesia",-5.1621952,122.5883567,Kabupaten Buton Tengah,Sulawesi Tenggara
ChIJyxETnKSPoy0RgVMKbBFuH50,Benteng Bombonawulu,"PH58+F8H, Wongko Lakudo, Kec. Lakudo, Kabupaten Buton, Sulawesi Tenggara 93763, Indonesia",-5.2913104,122.5658496,Kabupaten Buton Selatan,Sulawesi Tenggara
ChIJm4RBqz4teTIR-CBtngNjuuU,DESWITA ( DESTINASI WISATA ) SEJAHTERA,"H3RF+99G, Sejahtera, Kabupaten Bone Bolango",0.5909462,123.0734624,Kota Gorontalo,Gorontalo
ChIJbfcmXs6zhzIR02f5KhjWNN0,Pantai Pulisan,"M4JW+XQ5, Pantai, Pulisan, Kec. Likupang Tim., Kabupaten Minahasa Utara, Sulawesi Utara, Indonesia",1.6823783,125.1469885,Kabupaten Minahasa Utara,Sulawesi Utara
ChIJQzYqhQ3fiy0RT054uc4fa6A,Rakata Beach,"742C+X44, Pelawa Baru, Kabupaten Parigi Moutong, Sulawesi Tengah, Indonesia",-0.7476073999999999,120.1203201,Kabupaten Donggala,Sulawesi Tengah
ChIJZecDKEaJoy0Rg72rLWJ7U8k,Goa Bidadari,"MJ55+GF7, Kolowa, Kec. Gu, Kabupaten Buton Tengah, Sulawesi Tenggara 93761, Indonesia",-5.341219199999999,122.6086611,Kabupaten Buton Selatan,Sulawesi Tenggara
ChIJUVlER6sBeTIR41-NDVMOivY,Air Terjun Tenilo,"GCF6+6R9, Dulupi, Kec. Dulupi, Kabupaten Boalemo, Gorontalo 96263, Indonesia",0.5230346000000001,122.4120994,Kabupaten Boalemo,Gorontalo
ChIJoSzoZ10vjTIRyRFlWXJzTaI,Pulau Sara-besar,"Pulau Sara-besar, Moronge, Kec. Moronge, Kabupaten Kepulauan Talaud, Sulawesi Utara, Indonesia",3.9333333,126.7166667,Kabupaten Kepulauan Talaud,Sulawesi Utara
ChIJn1-W54QwfzIRuX0Tl_u9DqM,Pantai Pasir Putih Pinomontiga,"Pantai Pasir Putih Pinomontiga, Jl. Trans Sulawesi, Pinomontiga, Kec. Bulawa, Kabupaten Bone Bolango, Gorontalo, Indonesia",0.3381391,123.2509542,Kabupaten Bone Bolango,Gorontalo
ChIJadIoXgBNvi0Rmubxqj0VukQ,Wisata Mancing Desa BuluCindea,"5GP6+62W, Bulu Cindea, Kec. Bungoro, Kabupaten Pangkajene Dan Kepulauan, Sulawesi Selatan, Indonesia",-4.8147201,119.510204,Kabupaten Pangkajene Dan Kepulauan,Sulawesi Selatan
ChIJ80UjIYR1hzIRu-qTxo1qZyU,Gedung PIKAT,Titiwungen Selatan,1.4737579,124.8366878,Kota Manado,Sulawesi Utara
ChIJv_fD8KlLiS0R7_Y81aHa6Qs,PANTAI WISATA LOGPON,"2F48+Q4F, Unnamed Road, Sausu Gandasari, Kec. Sausu, Kabupaten Parigi Moutong, Sulawesi Tengah 94473, Indonesia",-0.9930596,120.4652897,Kabupaten Parigi Moutong,Sulawesi Tengah
ChIJKQwZdnaFgy0R3DlPOPHYPOw,LASA Nature Tourism,"Jl. Trans Peling, Patukuki, Kec. Peling Tengah, Kabupaten Banggai Kepulauan, Sulawesi Tengah 94883, Indonesia",-1.436606,123.191182,Kabupaten Banggai Kepulauan,Sulawesi Tengah
ChIJ7TO9yMfZki0RV8fyRSAueTA,LYWANZA POOL & RESTO,"8V4F+262, Jalan Soekarno Hatta, Karema",-2.694989200000001,118.8730269,Kabupaten Mamuju,Sulawesi Barat
ChIJEW9cGhhUhjIRoAE9N4u4TtA,Ekowisata Mangrove Lirang,"G7VR+GW8, Lirang, Kec. Lembeh Utara, Kota Bitung, Sulawesi Utara, Indonesia",1.5437941,125.2923258,Kota Bitung,Sulawesi Utara
ChIJzaOFpS2Lmi0R0hJBlHePsGg,Hutan Mangrove Tofuti,"CXQH+HF3, Unnamed Road, Bahontobungku, Kabupaten Morowali",-2.5611115,121.9786764,Kabupaten Morowali,Sulawesi Tengah
ChIJD5M8EbL_oS0RXyMNKiX3KVI,Pantai Puuesa,"Sukarela Jaya, Kec. Wawonii Tenggara, Kabupaten Konawe, Sulawesi Tenggara 93393, Indonesia",-4.2579622,123.126382,Kabupaten Konawe Kepulauan,Sulawesi Tenggara
ChIJcY7IQSmOkS0R2IkMvO5jvzM,Air Terjun Sarambu,"G84Q+4JR, Sumilin, Kec. Masamba, Kabupaten Luwu Utara, Sulawesi Selatan 92916, Indonesia",-2.4946411,120.3390184,Kabupaten Luwu Utara,Sulawesi Selatan
ChIJO0UjNtVdlC0RT66hc7mHJjA,Pantai Wisata Maroneng,"Pantai Wisata Maroneng, Maroneng, Kec. Duampanua, Kabupaten Pinrang, Sulawesi Selatan 91253, Indonesia",-3.5782414,119.512263,Kabupaten Polewali Mandar,Sulawesi Barat
ChIJq6qqqpfjvS0RoVeqdofTOto,Puncak Battoa,"C6MJ+9CW, Cingkang, Kec. Barebbo, Kabupaten Bone, Sulawesi Selatan 92771, Indonesia",-4.566505100000001,120.2310784,Kabupaten Bone,Sulawesi Selatan
ChIJLeLyHXLXhS0RTqUEx_DDvP4,Gunung Tumpu,"Gunung Tumpu, Damai Makmur, Kec. Nuhon, Kabupaten Banggai, Sulawesi Tengah, Indonesia",-1.0658333,122.1916666,Kabupaten Banggai,Sulawesi Tengah
ChIJ4Sm33qsyoi0RRU4czcykuME,Air Terjun Kalimalima,"5VQV+7WC, Moolo, Kec. Batukara, Kabupaten Muna, Sulawesi Tenggara 93674, Indonesia",-4.8118105,122.8947726,Kabupaten Buton Utara,Sulawesi Tenggara
ChIJ_dztBABdkC0R4WEMxq_R6TU,Wisata Matabuntu,"C7P2+7VW, Ledu-Ledu",-2.5642701,121.2522152,Kabupaten Luwu Timur,Sulawesi Selatan
ChIJ9Q9me4y7iy0R-XNPaE737J4,Pantai tupa,"7MR9+XG, Towale, Kec. Banawa Tengah, Kabupaten Donggala, Sulawesi Tengah 94351, Indonesia",-0.7075621999999999,119.6687957,Kabupaten Donggala,Sulawesi Tengah
ChIJc79i-jtneTIRI1_x2gnavSQ,Puncak dunu,"WJQW+2R2, Dunu, Kec. Anggrek, Kabupaten Gorontalo Utara, Gorontalo, Indonesia",0.9375125,122.6470156,Kabupaten Gorontalo Utara,Gorontalo
ChIJD4OLVa4Bli0REKeFnSLoxvY,Permandian TompoE,"M6JC+GCH, Cabbeng, Kec. Dua Boccoe, Kabupaten Bone, Sulawesi Selatan 92753, Indonesia",-4.318693,120.2210967,Kabupaten Bone,Sulawesi Selatan
ChIJh2aGCOsThzIR_kPmv975Z20,Hidden Paradise Minahasa,"Jl. Tondano Kamangta, Suluan, Kabupaten Minahasa",1.3621873,124.9032041,Kota Tomohon,Sulawesi Utara
ChIJq6qqqiGgizIRsEeOfoCg_2o,Sapaeng Beach,"HHJH+JRW, Kuma, Kec. Tabukan Tengah, Kabupaten Kepulauan Sangihe, Sulawesi Utara, Indonesia",3.5816171,125.5795907,Kabupaten Kepulauan Sangihe,Sulawesi Utara
ChIJVY8QnMBmhC0RCt4wuSVXLQ4,Pantai Sapelang,"GQQP+H6P, Apal, Kec. Buko Selatan, Kabupaten Banggai Kepulauan, Sulawesi Tengah, Indonesia",-1.4610377,122.7855829,Kabupaten Banggai Laut,Sulawesi Tengah
ChIJF4rprCjvoy0R8iTnJf4Ih7s,Lembah Lambusango,"QRXW+G52, Wakangka, Kec. Kapontori, Kabupaten Buton, Sulawesi Tenggara 93755, Indonesia",-5.2012462,122.8454049,Kabupaten Buton,Sulawesi Tenggara
ChIJXxKNVQAHvC0RFZ4hdtxlp68,Sumber Mata Air Kab. Bulukumba,"G84Q+52, Benjala, Kabupaten Bulukumba",-5.494576599999999,120.3375629,Kabupaten Bulukumba,Sulawesi Selatan
ChIJn3zbDQDXky0RMXDbCpog74U,Air Terjun Andulan,"63RH+5G, Siteba, Kec. Walenrang Utara, Kabupaten Luwu, Sulawesi Selatan, Indonesia",-2.7553326,120.0752603,Kabupaten Toraja Utara,Sulawesi Selatan
ChIJ58YiL05LmC0Rg4jjZ2hKPlg,Air Terjun kumapo dahu,"734M+24X, Unnamed Road, Andabia, Kec. Anggaberi, Kabupaten Konawe, Sulawesi Tenggara 93419, Indonesia",-3.744875,122.0828653,Kabupaten Kolaka Timur,Sulawesi Tenggara
ChIJFb9hJfqHlC0RM5e5cXXITdc,Limbong Kambellun,"JC36+7J2, Batetangnga, Kec. Binuang, Kabupaten Polewali Mandar, Sulawesi Barat 91312, Indonesia",-3.3968577,119.4115091,Kabupaten Polewali Mandar,Sulawesi Barat
ChIJy9eB2E8rfzIRX4X4UnmotwU,Exotic Beach,"F484+PRC Pantai Exotic, Huangobotu, Kabupaten Bone Bolango",0.4668198,123.1070122,Kabupaten Bone Bolango,Gorontalo
ChIJP47xPbOFli0RJiE01NwgGB4,Air Terjun Salbir,"77WX+8GW, Dengeng-Dengeng, Kec. Pitu Riase, Kabupaten Sidenreng Rappang, Sulawesi Selatan 90992, Indonesia",-3.7041253,120.2988241,Kabupaten Wajo,Sulawesi Selatan
ChIJ0Sj-Yb1ZkC0RzdPro5z-zS8,ANDI NYIWI PARK LUWU TIMUR,"937W+QXM, Malili, Kec. Malili, Kabupaten Luwu Timur, Sulawesi Selatan 92933, Indonesia",-2.6355257,121.0974275,Kabupaten Luwu Timur,Sulawesi Selatan
ChIJqdnFeQxnhzIRvtGLnmPVNjU,Air Terjun Popontolen,"7J9P+W7C, Popontolen, Kec. Tumpaan, Kabupaten Minahasa Selatan, Sulawesi Utara, Indonesia",1.2698211,124.6356466,Kabupaten Minahasa,Sulawesi Utara
ChIJ8WURtsKHlC0R4gId_kko9gM,Permandian Bendungan Kandang,"J9P3+77, Papandangan, Kec. Anreapi, Kabupaten Polewali Mandar, Sulawesi Barat, Indonesia",-3.3642974,119.3531649,Kabupaten Polewali Mandar,Sulawesi Barat
ChIJbXaliZ0JkS0RFhCR7tt6ZDc,Wisata Bahari Pantai Seta Seta,"8J8G+Q3, Poreang, Kec. Tana Lili, Kabupaten Luwu Utara, Sulawesi Selatan, Indonesia",-2.683046,120.625199,Kabupaten Luwu Utara,Sulawesi Selatan
ChIJA8MbhF-qhS0Rp-n78Kv_6j8,Pantai Wisata Pandanwangi,"Pantai Wisata Pandanwangi, Pandan Wangi, Kec. Toili Bar., Kabupaten Banggai, Sulawesi Tengah, Indonesia",-1.5301092,122.3103689,Kabupaten Banggai,Sulawesi Tengah
ChIJs0-o-QBHmC0Rfg3FbfvU85w,KJA Latoma,"43J3+7F5, Latoma, Kec. Unaaha, Kabupaten Konawe, Sulawesi Tenggara 93415, Indonesia",-3.8693683,122.0537499,Kabupaten Kolaka Timur,Sulawesi Tenggara
ChIJv_lmR_pdvi0R3cVKG3DQtZM,Gunung Bahonglangi,"VWCP+7MX, Bontojai, Kec. Bontocani, Kabupaten Bone, Sulawesi Selatan 90561, Indonesia",-5.1292575,119.9367296,Kabupaten Gowa,Sulawesi Selatan
ChIJB_ayRI9Rvi0RrRSKKzmdK4Q,Objek Wisata Lamperangan,"4HVV+PF4, Kabba, Kec. Minasatene, Kabupaten Pangkajene Dan Kepulauan, Sulawesi Selatan 90614, Indonesia",-4.8557375,119.5936901,Kabupaten Pangkajene Dan Kepulauan,Sulawesi Selatan
ChIJd-kj3Wwlvi0REpmM_TZMUoc,Wisata Salo Rumpiae,"FM56+78, Lompo Tengah, Kec. Tanete Riaja, Kabupaten Barru, Sulawesi Selatan 90762, Indonesia",-4.5417581,119.660798,Kabupaten Pangkajene Dan Kepulauan,Sulawesi Selatan
ChIJ1wUO7beifjIRcJCpwLw0GX8,Pantai Saleo,"VCR8+9VC, Saleo, Kec. Bolang Itang Tim., Kabupaten Bolaang Mongondow Utara, Sulawesi Utara, Indonesia",0.8909414999999999,123.4171466,Kabupaten Bolaang Mongondow Utara,Sulawesi Utara
ChIJlTA8qp7Hky0Rr2Cf093LYD0,Objek Wisata Hutan Bambu To' Kumila',"4V35+G67, Tonga Riu, Kabupaten Toraja Utara",-2.8962047,119.8580571,Kabupaten Tana Toraja,Sulawesi Selatan
ChIJC-8G8wI5mi0RXQwcMCMtaIo,Air Terjun,"35R3+23, Labota, Kec. Bahodopi, Kabupaten Morowali, Sulawesi Tengah, Indonesia",-2.9099375,122.1526875,Kabupaten Konawe Utara,Sulawesi Tenggara
ChIJXSIuvlHnvi0RGFKvtIOfCLw,Wisata Bukit Harapan Gowa,"Bujjulu, Jl. Bukit Harapan No.8, Bontoparang, Kec. Parangloe, Kabupaten Gowa, Sulawesi Selatan 90562, Indonesia",-5.255223399999999,119.5807813,Kabupaten Takalar,Sulawesi Selatan
ChIJ8eXWybkLgy0RBbxYLzxIBIA,Objek wisata terumbu karang Adhyaksa dan hutan bakau Adhyaksa,"FF9Q+6JF, Bone Baru, Banggai Utara, Kabupaten Banggai Kepulauan, Sulawesi Tengah 94891, Indonesia",-1.5319385,123.4890395,Kabupaten Banggai Kepulauan,Sulawesi Tengah
ChIJz6nl4X8NmS0RBin3jHYXcVE,Blue Lagoon Labengki,"GFC5+7QC, Labengi, Kec. Lasolo, Kabupaten Konawe Utara, Sulawesi Tenggara 93352, Indonesia",-3.4793116,122.4593773,Kabupaten Konawe,Sulawesi Tenggara
ChIJY-DcEdcTpC0RwDrlfL381M0,Senja Beloka,"FP4R+5XJ, Katolemando, Sandang Pangan",-5.5445367,122.742395,Kabupaten Buton Selatan,Sulawesi Tenggara
ChIJxxEf8VsNhzIRfrgYwcE_1d4,Air Terjun Kembes,"9VMF+JX, Kembes II, Kec. Tombulu, Kabupaten Minahasa, Sulawesi Utara, Indonesia",1.38401,124.874935,Kota Tomohon,Sulawesi Utara
ChIJ_W1GmnNvhS0R4C933Ap_teQ,Air Terjun Bobaa,"7RXH+F7W, Unnamed Road, Boba, Kec. Bungku Utara, Kabupaten Morowali Utara, Sulawesi Tengah 94972, Indonesia",-1.7012602,121.8282187,Kabupaten Morowali Utara,Sulawesi Tengah
ChIJxwpcld5rmC0RzENbStkz_1E,Puncak Savana Puuhopa,"W3RG+77W, Puuhopa, Kec. Puriala, Kabupaten Konawe, Sulawesi Tenggara 93464, Indonesia",-4.0592501,122.0757145,Kabupaten Kolaka Timur,Sulawesi Tenggara
ChIJc9cEd6ODoy0RyrjNgQj18Yg,Gua Koo,"M997+MFV, Lakorua, Kec. Mawasangka Tengah, Kabupaten Buton, Sulawesi Tenggara 93762, Indonesia",-5.3300388,122.3647943,Kabupaten Muna,Sulawesi Tenggara
ChIJhd-GhF3jvS0RHH9QWGotrXw,Air Terjun Maccading,"F5CM+R8, Ulaweng Cinnong, Kec. Ulaweng, Kabupaten Bone, Sulawesi Selatan, Indonesia",-4.5279375,120.1833125,Kabupaten Bone,Sulawesi Selatan
ChIJ6f8XQedzhzIRGEMcbEJHpHw,Parkiran Air Terjun (Kali),"9RWV+83P, Kali, Kec. Pineleng, Kabupaten Minahasa, Sulawesi Utara, Indonesia",1.3956333,124.8427933,Kota Tomohon,Sulawesi Utara
ChIJjf84cDALgy0R1MwXeGvijUk,Taman Pantai Bone Baru,"FF9V+636, Bone Baru, Banggai Utara, Kabupaten Banggai Kepulauan, Sulawesi Tengah 94891, Indonesia",-1.5319599,123.4926296,Kabupaten Banggai Kepulauan,Sulawesi Tengah
ChIJY7MHYVD9vS0RdAYfPgIRvYM,Permandian sungai jernih,"F6MJ+R52, Usa, Kabupaten Bone",-4.515493699999999,120.2303929,Kabupaten Bone,Sulawesi Selatan
ChIJsSA5NQBZkS0R-5WRzeKBC8k,Wisata Buntu Nangka (Palopo),"X5C9+4P3, Peta, Kec. Sendana, Kota Palopo, Sulawesi Selatan, Indonesia",-3.0297387,120.1692901,Kota Palopo,Sulawesi Selatan
ChIJjVHysGqHhC0RpY2q23SgBEA,Gua Susundeng,"CWFC+7R5, Pandaluk, Kec. Bulagi Sel., Kabupaten Banggai Kepulauan, Sulawesi Tengah 94882, Indonesia",-1.57686,122.9221074,Kabupaten Banggai Laut,Sulawesi Tengah
ChIJLYG0JBoHpC0RSCUovrle0eo,air terjun wambalamba,"JW63+MPR, Winning, Kec. Ps. Wajo, Kabupaten Buton, Sulawesi Tenggara 93754, Indonesia",-5.388274,122.904271,Kabupaten Buton,Sulawesi Tenggara
ChIJF_TfHPU6ky0R_FzPrsFXTZU,Pantai Kasambang,"4V7P+62P, Kasambang, Kec. Tapalang, Kabupaten Mamuju, Sulawesi Barat 91352, Indonesia",-2.8869096,118.8850794,Kabupaten Majene,Sulawesi Barat
ChIJ76ElJUWVgy0RL-5yyPZiw3I,Air Terjun Tembang Luk Sagu,"PCCG+9GM, Luk Sagu, Kec. Tinangkung Utara, Kabupaten Banggai Kepulauan, Sulawesi Tengah 94885, Indonesia",-1.2790305,123.4262959,Kabupaten Banggai Kepulauan,Sulawesi Tengah
ChIJ9Tr9BvCjhi0RekTlU5BG6fk,Museum Daerah Kab Banggai _Bekas Rumah Capitan,"3Q3X+G3H, Jl. Ahmad Yani, Luwuk, Kabupaten Banggai, Sulawesi Tengah 94712, Indonesia",-0.9461931,122.7977328,Kabupaten Banggai Laut,Sulawesi Tengah
ChIJc8PEGXbfky0RY37x-Y5LvX4,Bukit Kaju Angin,"345R+RR, Battang, Kec. Wara Bar., Kota Palopo, Sulawesi Selatan, Indonesia",-2.9444311,120.1413748,Kabupaten Toraja Utara,Sulawesi Selatan
ChIJYycfagBpeTIR3PIUW0Rc1rI,Pantai Monano ( Gorontalo Utara ),"VMRW+7QC, Monas, Kec. Anggrek, Kabupaten Gorontalo Utara, Gorontalo 96525, Indonesia",0.8906822,122.6969041,Kabupaten Gorontalo Utara,Gorontalo
ChIJg8h-Z4o-ui0RXmw-CPLUBM0,Pantai Batukarapu,"JF94+252, Lowa, Bontosikuyu, Kab. Kepulauan Selayar, Sulawesi Selatan 92855, Indonesia",-6.3824983,120.4554018,Kabupaten Kepulauan Selayar,Sulawesi Selatan
ChIJGUTn-w7zky0RwKX4GCcHxB4,Pango Pango Eco Green Park,"Kelurahan Pasang, Kec. Makale Sel., Kabupaten Tana Toraja, Sulawesi Selatan 91815, Indonesia",-3.1452441,119.8291053,Kabupaten Tana Toraja,Sulawesi Selatan
ChIJL3m7nIkFhzIRkqPXPpmjkmY,Pantai Tasik Oki,"Pantai Tasik Oki, Tanjung Merah, Matuari, Bitung City, North Sulawesi, Indonesia",1.3908778,125.101052,Kota Bitung,Sulawesi Utara
ChIJHXyNLnPZiy0RLllIc5ukypM,Pantai Kapuk Toboli,"836M+6R3, Jl. Trans Sulawesi, Toboli, Kec. Parigi Utara, Kabupaten Parigi Moutong, Sulawesi Tengah, Indonesia",-0.6894908,120.0845565,Kabupaten Donggala,Sulawesi Tengah
ChIJe_SJYi29lC0RRRv-5ey0sWE,Makam Raja Todilaling,"G2JP+6V3, Napo, Kec. Limboro, Kabupaten Polewali Mandar, Sulawesi Barat 91354, Indonesia",-3.469492,119.0371804,Kabupaten Majene,Sulawesi Barat
ChIJ41fImRBbeTIRr51BZ8ahWZA,Pantai Lito Mohinggito,"Unnamed Road, WVGG+2P3, Moluo, Kec. Kwandang, Kabupaten Gorontalo Utara, Gorontalo, Indonesia",0.9250021,122.8767918,Kabupaten Gorontalo Utara,Gorontalo
ChIJn6goHWaYji0RUiT3bVaP4mU,Obyek Wisata Telaga Tambing,"M8F4+3XJ, Sedoa, Kec. Lore Utara, Kabupaten Poso, Sulawesi Tengah 94653, Indonesia",-1.3272819,120.307376,Kabupaten Poso,Sulawesi Tengah
ChIJjX8CoBDhoi0RxUd4fKxK-Dc,Pantai Widodo,"43V6+P66, Jl. Poros Rumbia Tengah-Mata Oleo, Lora, Mata Oleo, Kabupaten Bombana, Sulawesi Tenggara, Indonesia",-4.8557194,122.0605144,Kabupaten Muna Barat,Sulawesi Tenggara
ChIJDVgKlzzcki0RR6JDUwJPPdE,Wisata Pantai Mangrove Ampallas,"9X9J+VFJ, Bebanga, Kec. Kalukku, Kabupaten Mamuju, Sulawesi Barat 91511, Indonesia",-2.630284,118.981143,Kabupaten Mamuju,Sulawesi Barat
ChIJAUMo78illC0RqdztPUnkO18,Kolam renang lambe lambe,"JV36+R7X, Mosso Dhua, Kec. Sendana, Kabupaten Majene, Sulawesi Barat 91452, Indonesia",-3.395166,118.860884,Kabupaten Majene,Sulawesi Barat
ChIJv43JnTcTlC0RsFuLVqmYgHQ,Loko' Nippon,"HQ2V+3CR, Tanete, Kec. Anggeraja, Kabupaten Enrekang, Sulawesi Selatan 91752, Indonesia",-3.4497619,119.7935198,Kabupaten Enrekang,Sulawesi Selatan
ChIJRwfAVS4RmC0R8szbTgdOaGs,Bendungan Ladongi,"RVXQ+HP4, Atula, Kec. Ladongi, Kabupaten Kolaka Timur, Sulawesi Tenggara, Indonesia",-4.1511225,121.8893184,Kabupaten Kolaka Timur,Sulawesi Tenggara
ChIJIbWSqQNxpC0RgzgpG0KyzmM,Wisata Alam Batu Poopi,"Kadolo Katapi, Kec. Wolio, Kota Bau-Bau, Sulawesi Tenggara 93752, Indonesia",-5.4963497,122.6158286,Kota Baubau,Sulawesi Tenggara
ChIJ0VMm16IJpC0R2Sy2RLeAX6k,Pantai wasaga,"HV2J+P8V, Wasaga, Kabupaten Buton",-5.4481285,122.8807879,Kabupaten Buton,Sulawesi Tenggara
ChIJyWEzv5OXli0R2C893Wb6Sbc,OBYEK WISATA BATU PIAK,"Obyek Wisata Batu Piak Kalapi Dusun Batulotong Desa, Rante Belu, Kec. Larompong, Kabupaten Luwu, Sulawesi Selatan 91997, Indonesia",-3.5493353,120.4004569,Kabupaten Wajo,Sulawesi Selatan
ChIJ3azpc1jviy0RXC44Slksim0,Bulu Masomba,"Bulu Masomba, Lasoani, Kec. Mantikulore, Kota Palu, Sulawesi Tengah, Indonesia",-0.8602778,119.9736111,Kota Palu,Sulawesi Tengah
ChIJ8_3UOkZAhzIRfNOGzgDmMFg,Gunung Tondano,"Gn. Tondano, Uner Satu, Kec. Kawangkoan, Kabupaten Minahasa, Sulawesi Utara, Indonesia",1.23,124.83,Kabupaten Minahasa,Sulawesi Utara
ChIJZyfBeCAreTIRDyN03ezF-80,GPPS Gunung Moria - Kota Gorontalo,"Jl. S. Parman No.64, Biawao, Kota Sel., Kota Gorontalo, Gorontalo 96111, Indonesia",0.5342466,123.05808,Kota Gorontalo,Gorontalo
ChIJ7Sb3r9V_kS0RRd5Am62E3OE,Bukit Belum Ada Nama,"75QC+H2, Kalotok, Kec. Sabbang, Kabupaten Luwu Utara, Sulawesi Selatan, Indonesia",-2.7113492,120.1698233,Kabupaten Luwu Utara,Sulawesi Selatan
ChIJg4xvZgBzhzIRwhmfTJrpStc,Air Terjun Tekaan Telu,"9RHP+VG, Tinoor Satu, Kec. Tomohon Utara, Kota Tomohon, Sulawesi Utara, Indonesia",1.38074,124.836197,Kota Tomohon,Sulawesi Utara
ChIJXcx4_0uXvi0RcWncFN_JcPI,Bulu Ballea,"QW39+GGH, Pattapang, Kec. Tinggimoncong, Kabupaten Gowa, Sulawesi Selatan 92171, Indonesia",-5.247351399999999,119.918274,Kabupaten Gowa,Sulawesi Selatan
ChIJmbXiYo67lS0Rd7cnxUybGD4,Pantai ku,"Jl. Bau Massepe, Cappa Galung, Kec. Bacukiki Bar., Kota Parepare, Sulawesi Selatan, Indonesia",-4.0350339,119.6252988,Kota Parepare,Sulawesi Selatan
ChIJD2kIzHlV3y0Rmf3IObifZcw,Wisata Bahari Selayar Bawean,"Sungairujing, Kec. Sangkapura, Kabupaten Gresik, Jawa Timur 61181, Indonesia",-5.8550387,112.6851358,,
ChIJI3vq8-6igy0Rh0YgPHyvSwQ,Danau Tendetung,"Danau Tendetung, Kanali, Kec. Totikum Sel., Kabupaten Banggai Kepulauan, Sulawesi Tengah, Indonesia",-1.4202778,123.4680556,Kabupaten Banggai Kepulauan,Sulawesi Tengah
ChIJn8E-6AO1mC0RvLv4pDT1dsM,Pantai kelapa kuning,"2286+C5, Langaro Bajo, Kec. Wawonii Bar., Kabupaten Konawe, Sulawesi Tenggara, Indonesia",-3.9839268,123.0103765,Kabupaten Konawe Kepulauan,Sulawesi Tenggara
ChIJ82puW28Voi0RSbVWCjrNt70,Pantai Bungin Pinungan,"FP9W+FWH, Pantai Bungin Pinungan, Kec. Towea, Kabupaten Muna, Sulawesi Tenggara, Indonesia",-4.5313002,122.7473661,Kabupaten Buton Utara,Sulawesi Tenggara
ChIJn9dwaKc5vi0R3WSoLX3ltc8,Bulu Sorongan,"Bulu Sorongan, Jangan-Jangan, Kec. Pujananting, Kabupaten Barru, Sulawesi Selatan, Indonesia",-4.6422222,119.6491667,Kabupaten Pangkajene Dan Kepulauan,Sulawesi Selatan
ChIJgd400ilavi0RLFdh7H9OgcY,Lembah Piokang,"3JQR+RJJ, Balocci Baru, Kec. Balocci, Kabupaten Pangkajene Dan Kepulauan, Sulawesi Selatan 90554, Indonesia",-4.9104179,119.6415079,Kabupaten Maros,Sulawesi Selatan
ChIJeSb8pACjvi0RFwxW7zOZBCI,Negeri Berselimut Awan,"M2P6+G46, Bonto Tengnga, Kec. Sinjai Borong, Kabupaten Sinjai, Sulawesi Selatan 92662, Indonesia",-5.3137135,120.0102687,Kabupaten Gowa,Sulawesi Selatan
ChIJqzXURjIBhzIR7fS_HI_qHOA,GMIM Bukit Kalvari Aer Ujang,"F44J+V8H, Wangurer Utara, Kec. Madidir, Kota Bitung, Sulawesi Utara, Indonesia",1.4571922,125.1308483,Kota Bitung,Sulawesi Utara
ChIJvR-uoauhizIRBPUFjhZwk4c,Kolam Renang Lembah Kenari Manganitu,"HGG8+HWR, Barangka",3.5764956,125.5172676,Kabupaten Kepulauan Sangihe,Sulawesi Utara
ChIJD-uXqJejhi0R-sARv7blVZ0,Batu Tikar Luwuk Kab. Banggai,"Soho, Luwuk, Kabupaten Banggai, Sulawesi Tengah 94712, Indonesia",-0.9318125,122.7884375,Kabupaten Banggai Laut,Sulawesi Tengah
ChIJOeHYFBgrcTIRuQL1s4PH1zU,PUNCAK OGOMOLI,"3R9M+R4F, Ogomoli",1.0695535,120.8327956,Kabupaten Buol,Sulawesi Tengah
ChIJhakdme3JmS0RZuQvAtF3yG4,Air Terjun Andawe,"9WFH+38W, Matahori, Kec. Abuki, Kabupaten Konawe, Sulawesi Tenggara 93452, Indonesia",-3.6272562,121.9283352,Kabupaten Kolaka,Sulawesi Tenggara
ChIJs02eQq2PlC0RXAquFe38NKw,PANTAI BAHARI,"Jl. Bahari, Polewali, Kec. Polewali, Kabupaten Polewali Mandar, Sulawesi Barat, Indonesia",-3.4384175,119.3489268,Kabupaten Polewali Mandar,Sulawesi Barat
ChIJ4RrjFq5glC0RU2hnofwJJ_U,Pantai Bahari Kanipang,"Pantai Bahari Kanipang, Sabbang Paru, Kec. Lembang, Kabupaten Pinrang, Sulawesi Selatan, Indonesia",-3.5350654,119.5037547,Kabupaten Polewali Mandar,Sulawesi Barat
ChIJ79E6cR1VlC0RSi4dBjJD1JY,Pantai Harapan Indah Ammani,"6FPP+5WW, Mattiro Tasi, Kec. Mattiro Sompe, Kabupaten Pinrang, Sulawesi Selatan 91261, Indonesia",-3.7643348,119.4872534,Kabupaten Pinrang,Sulawesi Selatan
ChIJoyYvRA0Bvi0RrKiD07F3DNo,Wisata Alam Waempubbu,"H4WP+M2F, Waempubu, Kec. Amali, Kabupaten Bone, Sulawesi Selatan 92755, Indonesia",-4.4033123,120.1350481,Kabupaten Bone,Sulawesi Selatan
ChIJ8S0lraNelC0RF-47dmLiebo,Pantai Kappe,"CG23+93M, Data, Indonesia",-3.599044999999999,119.5026577,Kabupaten Polewali Mandar,Sulawesi Barat
ChIJzQW0XrVdhzIRk1-IFn_J46U,Air Terjun Sendowan,"6JC9+6RF, Lopana, Kec. Amurang Tim., Kabupaten Minahasa Selatan, Sulawesi Utara, Indonesia",1.2205713,124.6195497,Kabupaten Minahasa,Sulawesi Utara
ChIJ45WDjr8xfjIRiGQg8At1j20,Bulud Init,"Bulud Init, Motandoi, Kec. Pinolosian Tim., Kabupaten Bolaang Mongondow Selatan, Sulawesi Utara, Indonesia",0.5763889,124.3083333,Kabupaten Bolaang Mongondow,Sulawesi Utara
ChIJGbXxEvf3lS0RirNv-5tmNbs,"Bila Tungke, Jalur viral Soppeng","Lalabata Rilau, Kec. Lalabata, Kabupaten Soppeng, Sulawesi Selatan, Indonesia",-4.3725463,119.888019,Kabupaten Barru,Sulawesi Selatan
ChIJc7pPGyYFhzIRZeWaqSDnpNE,Tugu Jepang,"C4CC+P25, Manembo-Nembo, Kec. Matuari, Kota Bitung, Sulawesi Utara, Indonesia",1.4217698,125.1201153,Kota Bitung,Sulawesi Utara
ChIJgZVun_50pC0RMm6LVcmcDwk,Air Terjun Kanari,"HM6H+785, Kaisabu Baru, Kec. Sorawolio, Kota Bau-Bau, Sulawesi Tenggara 93758, Indonesia",-5.439360499999999,122.6783636,Kabupaten Buton Selatan,Sulawesi Tenggara
ChIJ9Xdz8uqGlC0R2fzwR787WQk,Taman Sarung Allo,"J9W2+954, Papandangan, Kec. Anreapi, Kabupaten Polewali Mandar, Sulawesi Barat 91315, Indonesia",-3.3541168,119.3504678,Kabupaten Polewali Mandar,Sulawesi Barat
ChIJndYWXHa4vi0RVBuokxrZdVM,Bukit Ja'bonga,"JQ4R+9HR, Sapaya, Kec. Bungaya, Kabupaten Gowa, Sulawesi Selatan 92176, Indonesia",-5.394020299999999,119.7914001,Kabupaten Gowa,Sulawesi Selatan
ChIJZ1tcmaqlmi0RDY2efSqfYlw,Pantai andewa,"QQ33+GP9, Wata, Kec. Bungku Bar., Kabupaten Morowali, Sulawesi Tengah, Indonesia",-2.246225,121.7543657,Kabupaten Morowali,Sulawesi Tengah
ChIJ60AIMxG7gy0RiCpuW7a8jp8,Bone Pololoba Lopito,"Lopito, Kec. Totikum, Kabupaten Banggai Kepulauan, Sulawesi Tengah, Indonesia",-1.3680373,123.5353297,Kabupaten Banggai Kepulauan,Sulawesi Tengah
ChIJJ9AveoELeTIRh_EFe2QQfIM,Wisata Taman Bunga R.A,"PC5H+FR, Sejahtera, Kec. Wonosari, Kabupaten Boalemo, Gorontalo, Indonesia",0.708672,122.429537,Kabupaten Boalemo,Gorontalo
ChIJvcFKMMPRkC0R-ufcFwqAz-s,Pantai Bahari Pakue,"Unnamed Road, V2RW+V6R, Lawata, Kec. Pakue Utara, Kabupaten Kolaka Utara, Sulawesi Tenggara, Indonesia",-3.1077703,121.0455008,Kabupaten Kolaka Utara,Sulawesi Tenggara
ChIJVe8xcqZ2vi0RMQ3s5i5QUvg,Simpang Tiga Dekko,"Mappesangka, Kec. Ponre, Kabupaten Bone, Sulawesi Selatan 92766, Indonesia",-4.747803,120.0798352,Kabupaten Maros,Sulawesi Selatan
ChIJnVeJNHbVvi0RUymma8wmJrU,Rimba Bitti Pandala,"Laikang, Kec. Mangarabombang, Kabupaten Takalar, Sulawesi Selatan 92261, Indonesia",-5.5746661,119.4498302,Kabupaten Takalar,Sulawesi Selatan
ChIJUaQFQgDpiy0RNIbbzxediB8,Afand Place,"6W5H+CM, Bale, Kec. Tanantovea, Kabupaten Donggala, Sulawesi Tengah, Indonesia",-0.791483,119.9291802,Kota Palu,Sulawesi Tengah
ChIJlUkj01xDjy0RfQwyDYGjZlw,Buyu Katapasa,"Buyu Katapasa, Tongku, Kec. Tojo, Kabupaten Tojo Una-Una, Sulawesi Tengah, Indonesia",-1.24,121.4261111,Kabupaten Morowali Utara,Sulawesi Tengah
ChIJlUga6lh5mS0R9LLQ1RlKx9E,Pantai Air Kiri,"PCHM+23, Matarape, Kabupaten Morowali, Sulawesi Tengah, Indonesia",-3.2724837,122.4326974,Kabupaten Konawe Utara,Sulawesi Tenggara
ChIJy29qsly7lS0RFORTzv5okI8,PARE PARE BEACH,"Jl. Andi Isa No.3, Ujung Sabbang, Kec. Ujung, Kota Parepare, Sulawesi Selatan 91113, Indonesia",-4.0105238,119.620926,Kota Parepare,Sulawesi Selatan
ChIJPxbTCwAplC0ReVJox8ycm0g,Air Terjun Pattumba,"74HP+5C, Compong, Kec. Pitu Riase, Kabupaten Sidenreng Rappang, Sulawesi Selatan, Indonesia",-3.7220933,120.1360654,Kabupaten Wajo,Sulawesi Selatan
ChIJYSQEYDE_hzIReeQAwia5mVQ,autarkeia,"6VRM+57V, Urongo, Kabupaten Minahasa",1.2404992,124.8837181,Kabupaten Minahasa,Sulawesi Utara
ChIJ58KKI6WxfjIRB5QuyHRK1ZM,Situs wisata alam,"V57F+V6F, Tombulilato, Kec. Atinggola, Kabupaten Gorontalo Utara, Gorontalo 96253, Indonesia",0.8522002999999999,123.1667711,Kabupaten Gorontalo Utara,Gorontalo
ChIJhdgk7sObizIRq7tP2k-63tM,Malahi Beach,"FMQ9+4G2, Hangke, Tabukan Sel. Tengah, Kabupaten Kepulauan Sangihe, Sulawesi Utara, Indonesia",3.4877704,125.6687729,Kabupaten Kepulauan Sangihe,Sulawesi Utara
ChIJv9-XwVmhizIRCN9esmmzU3M,Pantai Sesiwung,"GF9R+H4J, Sesiwung, Kec. Manganitu, Kabupaten Kepulauan Sangihe, Sulawesi Utara, Indonesia",3.5189652,125.4902591,Kabupaten Kepulauan Sangihe,Sulawesi Utara
ChIJw7R8nwm9lS0Rl7H8y08PfWQ,Eduwisata Aqualife UNHAS,"WJ38+75R, Bojo, Kec. Mallusetasi, Kabupaten Barru, Sulawesi Selatan 90753, Indonesia",-4.0967594,119.6153976,Kabupaten Barru,Sulawesi Selatan
ChIJZUmhO9Sjvi0Rr2AWTapuoJs,Pattiroang Highland Desa Barania,"Barania, Kec. Sinjai Bar., Kabupaten Sinjai, Sulawesi Selatan, Indonesia",-5.286896899999999,119.9798699,Kabupaten Gowa,Sulawesi Selatan
ChIJO6zpLwBbvi0R3D64x-gIyB4,Sungai Galaggara Pangkep,"4J4P+QW4, sungai galaggara, Kec. Balocci, Kabupaten Pangkajene Dan Kepulauan, Sulawesi Selatan, Indonesia",-4.8931102,119.637337,Kabupaten Maros,Sulawesi Selatan
ChIJU3zS4I29lS0RXbhvKePqTfQ,Embung Marilaleng,"Unnamed Road, XM4F+XRX, Lemoe, Kec. Bacukiki, Kota Parepare, Sulawesi Selatan 91121, Indonesia",-4.0425221,119.6746168,Kota Parepare,Sulawesi Selatan
ChIJGxvDtJ3lvS0RO9061sZ9Pns,Sumur Waranie Palakka,"F7GQ+32F, Watang Palakka",-4.5248098,120.287534,Kabupaten Bone,Sulawesi Selatan
ChIJ08Y4xYqxvi0RtF3lDe_oZb4,"Agrowisata Bonto Lojong,Ujung Bulu","Dusun Bonto Manai, Ujung Bulu, Kabupaten Jeneponto",-5.4279253,119.8988483,Kabupaten Bantaeng,Sulawesi Selatan
ChIJWbAdjSVNuS0RACld-Bwith8,Pantai Ujung Bantaeng,"CWG6+PGR, Jl. Poros Jeneponto Bantaeng, Empoang, Kabupaten Jeneponto",-5.5731408,119.9112794,Kabupaten Bantaeng,Sulawesi Selatan
ChIJn1wXB7NlfjIRtIuQSnumXnI,Pantai Beau Sauk,"RWPM+G6M, Jl. Trans Sulawesi, Sauk, Kec. Lolak, Kabupaten Bolaang Mongondow, Sulawesi Utara, Indonesia",0.8363339,123.933059,Kabupaten Bolaang Mongondow,Sulawesi Utara
ChIJn_5RdQDxiy0RGk5bnJe5BmI,Paneki Tepi Teduh,"2XG6+PH2, Pombewe, Kec. Sigi Biromaru, Kabupaten Sigi, Sulawesi Tengah, Indonesia",-0.9732286,119.9613905,Kota Palu,Sulawesi Tengah
ChIJsX9Sg2cXgy0RzfGsSg55Afw,"Pantai Wisata Pompon, Banggai Laut","Unnamed Road, 7GFQ+QCV, Matanga, Banggai Selatan, Banggai Laut, Central Sulawesi 94891, Indonesia",-1.7255193,123.5385454,Kabupaten Banggai Kepulauan,Sulawesi Tengah
ChIJscqE108xoS0RlbAr-gEc5uI,Moli'i Sahatu beach,"Jl. Ir. Soekarno, Kec. Wangi-Wangi, Kabupaten Wakatobi, Sulawesi Tenggara 93791, Indonesia",-5.2486742,123.588182,Kabupaten Wakatobi,Sulawesi Tenggara
ChIJUXwVPdCzvi0Rzt9iKaRa_Qg,Air Terjun Bantimurung Salluang,"FW85+6RW, Bonto Salluang, Kec. Bissappu, Kabupaten Bantaeng, Sulawesi Selatan 92451, Indonesia",-5.5343859,119.9095823,Kabupaten Bantaeng,Sulawesi Selatan
ChIJq-AhEh6vkS0R2-qPYUkS6dA,KAPA Kawasan Agrowisata Pondok Amelia,"FR83+34J, Jl.Herman Parimo, Bayondo, Kec. Tomoni, Kabupaten Luwu Timur, Sulawesi Selatan 92972, Indonesia",-2.5347843,120.8027522,Kabupaten Luwu Timur,Sulawesi Selatan
ChIJ-9qP4_cnmi0RkFzpLygiB2Q,Air Terjun Tetewatu,"V45X+4RH, Tetewatu, Kec. Wiwirano, Kabupaten Konawe Utara, Sulawesi Tenggara 93464, Indonesia",-3.1421782,122.1496107,Kabupaten Konawe Utara,Sulawesi Tenggara
ChIJ-R_UQwCHlC0RkZ2a_UGZewQ,Wisata Alam Lembah Tottong,"J9HF+HQ, Kunyi, Kec. Anreapi, Kabupaten Polewali Mandar, Sulawesi Barat, Indonesia",-3.3710114,119.3743854,Kabupaten Polewali Mandar,Sulawesi Barat
ChIJjWvfYrW3uy0RS0gQjI0MZ0I,Bukit Pusera,"Bukit Pusera, Bonea Makmur, Kec. Bontomanai, Kab. Kepulauan Selayar, Sulawesi Selatan, Indonesia",-6.0030556,120.5511111,Kabupaten Kepulauan Selayar,Sulawesi Selatan
ChIJ9x9RiLL1ky0Re6ESI1oSNJ4,Air Terjun Bumbun,"RQ9X+976, Lembang Pa'buaran, Kec. Makale Sel., Kabupaten Tana Toraja, Sulawesi Selatan 91815, Indonesia",-3.1815785,119.7981291,Kabupaten Tana Toraja,Sulawesi Selatan
ChIJSd2oOCmTgy0RH6-hPT8uKUw,Pantai Tebeabul Bakalan,"P8F5+G8F, Bakalan, Tinangkung, Kabupaten Banggai Kepulauan, Sulawesi Tengah, Indonesia",-1.2761881,123.3083109,Kabupaten Banggai,Sulawesi Tengah
ChIJZbyEFqwFpy0RLHb19D8pago,Puri Kahyangan Tomia,"Jl. Encik Sulaiman No.Desa, Kahiyanga, Kec. Tomia Tim., Kabupaten Wakatobi, Sulawesi Tenggara 93797, Indonesia",-5.7603205,123.9406553,Kabupaten Wakatobi,Sulawesi Tenggara
ChIJDUKdKz1gvi0RY4uk0YjL0kY,Bukit Kanari Dan Bukit MattiroWalie,"2RM7+FV7, Baji Pamai, Kec. Cenrana, Kabupaten Maros, Sulawesi Selatan 92754, Indonesia",-4.966341799999999,119.8146626,Kabupaten Maros,Sulawesi Selatan
ChIJY65J_0H4vi0RTI_rqiMECqM,Museum Daerah Maros,"XHVF+GVW, Jl. Lanto Dg. Pasewang, Pettuadae, Kec. Turikale, Kabupaten Maros, Sulawesi Selatan 90516, Indonesia",-5.006126099999999,119.5746924,Kabupaten Maros,Sulawesi Selatan
ChIJr7i6H--PlS0R0Z8tfjTu_0Y,LABUNGNGE BEACH,"PJ2P+62C, Jl. Moh. Said, Lampoko, Kec. Balusu, Kabupaten Barru, Sulawesi Selatan 90762, Indonesia",-4.2994473,119.6350068,Kabupaten Barru,Sulawesi Selatan
ChIJB65BUWOjgDIRW1JXJHsqxCo,Pantai Tanjung,"RM33+P52, Laut, Kotabunan, Maluku, Indonesia",0.8042547,124.6528869,Kabupaten Bolaang Mongondow Timur,Sulawesi Utara
ChIJoS3U3UVloi0RHklLqID4L6k,Pantai torobulu,"HC2X+QG2, Torobulu, Kabupaten Konawe Selatan, Sulawesi Tenggara, Indonesia",-4.4481101,122.4487578,Kabupaten Konawe Selatan,Sulawesi Tenggara
ChIJwXY3rsj1ly0RkDD8gpgQ4A4,Tugu BRI Kolaka,"WJM5+9PF, Laloeha, Kec. Kolaka, Sulawesi Tenggara, Indonesia",-4.0665551,121.6093071,Kabupaten Kolaka,Sulawesi Tenggara
ChIJ0_GkTcyLly0Rf-5g3O_aR-Y,Taman Wisata Alam Kea Kea,"2HFC+QW2, Unnamed Road, Ulunggolaka, Kec. Latambaga, Kabupaten Kolaka, Sulawesi Tenggara 93514, Indonesia",-3.9756069,121.5722749,Kabupaten Kolaka,Sulawesi Tenggara
ChIJCdnefbYdhi0RKqqHURWvpao,Pantai Pasir Putih Uebutung,"4MW9+945, Tete B, Kec. Ampana Tete, Kabupaten Tojo Una-Una, Sulawesi Tengah, Indonesia",-0.8541007,121.6678662,Kabupaten Tojo Una-Una,Sulawesi Tengah
ChIJQ_RhGRAnvC0RMHCvM2E4z50,Wae pella'e,"V642+QV8, Kampala, Kec. Sinjai Tim., Kabupaten Sinjai, Sulawesi Selatan 92616, Indonesia",-5.1430849,120.2021986,Kabupaten Sinjai,Sulawesi Selatan
ChIJ1X0TnFQjfjIRicQeEQbqE8c,Hidden Valley,"P94W+67V, Tobongon, Kabupaten Bolaang Mongondow Timur",0.705615,124.3956821,Kota Kotamobagu,Sulawesi Utara
ChIJdzcLK5SDdzIRf9AHNxKJTvE,Pantai lalape,"FFWC+3JC, Unnamed Road, Trikora, Popayato, Kabupaten Pohuwato, Gorontalo 96467, Indonesia",0.4951792,121.4715003,Kabupaten Buol,Sulawesi Tengah
ChIJ89Yo4f-vdzIR0XgUSa5B5Qc,Pantai moian,"Unnamed Road, C29W+VV5, Palapi, Kec. Taopa, Kabupaten Parigi Moutong, Sulawesi Tengah 94479, Indonesia",0.4196305,121.0472443,Kabupaten Buol,Sulawesi Tengah
ChIJYRRzPs3TfjIRdBXHNO9XIiY,Wisata Pemandian Bukit Meranti,"J4P5+7FV, Meranti, Kec. Tapa, Kabupaten Bone Bolango, Gorontalo 96582, Indonesia",0.6357302,123.1086872,Kabupaten Bone Bolango,Gorontalo
ChIJkXdngxOlfzIRmoHfCwa3RrM,Wisata Pantai Tersakiti,"9W7W+423, Pinolantungan, Kec. Bolaang Uki, Kabupaten Bolaang Mongondow Selatan, Sulawesi Utara, Indonesia",0.3627675,123.9450363,Kabupaten Bolaang Mongondow Selatan,Sulawesi Utara
ChIJp9ujjJgdvy0RoeL1p2GpJrw,Samalona Travel,"Jalan Samalona Selatan No.39, Tanjung Merdeka",-5.1871388,119.3960513,Kota Makassar,Sulawesi Selatan
ChIJBUp2vAKjhi0R-WUy4hb597c,SAMUDERA DIVE OPERATOR,"3R53+WPM, Jalan Imam Bonjol, Bungin",-0.9401502,122.8042903,Kabupaten Banggai Laut,Sulawesi Tengah
ChIJkwhTxRG_vi0R76h6DfsZDMQ,Air Terjun Pandawa,"Bonto Lerung, Kec. Tinggimoncong, Kabupaten Gowa, Sulawesi Selatan, Indonesia",-5.2769621,119.8676506,Kabupaten Gowa,Sulawesi Selatan
ChIJCfEb6PsOpC0Re9Txh6D_FQ8,Pantai Wajo,"GR4W+WJM, Laut Banda, RW.11, Cipulir, Kby. Lama, Kota Jakarta Selatan, Daerah Khusus Ibukota Jakarta 12230, Indonesia",-5.4926593,122.8465499,Kabupaten Buton,Sulawesi Tenggara
ChIJW0bZR2EJui0R683Gx1C8zX4,Bukit nane polassi,"Sulawesi Selatan 92855, Indonesia",-6.6995572,120.4318375,Kabupaten Kepulauan Selayar,Sulawesi Selatan
ChIJc28xhXBPhzIRFG6f2IEw98w,Mt. Soputan,"4P7P+QXH, Noongan Tiga, Kec. Langowan Bar., Kabupaten Minahasa, Sulawesi Utara, Indonesia",1.1144444,124.7375,Kabupaten Minahasa,Sulawesi Utara
ChIJg_Ugfhq3hi0RhtLL6mbRauw,Bukit Savana desa lenyek,"6W49+RVX, Lauwon, Kec. Luwuk Utara, Kabupaten Banggai, Sulawesi Tengah 94752, Indonesia",-0.7928989999999999,122.9197366,Kabupaten Banggai Laut,Sulawesi Tengah
ChIJ2XfQAAA7oi0RIgHQ2m_n5HE,WISATAKAUDUMA,"8RPJ+9R, Langkoroni, Kec. Maligano, Kabupaten Muna, Sulawesi Tenggara, Indonesia",-4.6640674,122.8320089,Kabupaten Buton Utara,Sulawesi Tenggara
ChIJhRu9-d1jky0R7BP6m7-o83I,BUKIT ANUGERAH BULO,"Bulo, Kec. Bulo, Kabupaten Polewali Mandar, Sulawesi Barat 91352, Indonesia",-3.2170955,119.1650255,Kabupaten Majene,Sulawesi Barat
ChIJizzy0rtDvi0R5dQ1mUsGcls,Air Terjun Lamassua,"6QR4+7CP, di, Bonto Masunggu, Kec. Tellu Limpoe, Kabupaten Barru, Sulawesi Selatan 91671, Indonesia",-4.7592881,119.7560832,Kabupaten Maros,Sulawesi Selatan
ChIJy48qYvwivC0RkHSjTUoimTE,Pantai Ujung Kupang,"Q8Q4+P92, Sanjai, Kec. Sinjai Tim., Kabupaten Sinjai, Sulawesi Selatan, Indonesia",-5.210746599999999,120.3058992,Kabupaten Sinjai,Sulawesi Selatan
ChIJVcsOUgDpky0R-C2nmYVTjcY,Objek wisata Buntu Sarira,"XV8R+JH5, Sarira, Kec. Makale Utara, Kabupaten Tana Toraja, Sulawesi Selatan 91852, Indonesia",-3.0333031,119.8916688,Kabupaten Tana Toraja,Sulawesi Selatan
ChIJddMevcZzhzIR190vT0IBvnQ,Air Terjun Tapahan Telu,"9RHP+VG, Tinoor Satu, Kec. Tomohon Utara, Kota Tomohon, Sulawesi Utara, Indonesia",1.3796664,124.8363332,Kota Tomohon,Sulawesi Utara
ChIJx1z_O8JDhzIROJbgM4QgCOg,Kuntung Prof Kawung (Koreng) Minahasa Selatan,"6P72+64G, Koreng, Kec. Tareran, Kabupaten Minahasa Selatan, Sulawesi Utara, Indonesia",1.2130581,124.7003415,Kabupaten Minahasa,Sulawesi Utara
ChIJU9ej6VyjizIR2WBKBb_bCq0,Pantai kapehetang,"Unnamed Road, FF5V+WRM, Nagha I, Tamako, Kabupaten Kepulauan Sangihe, Sulawesi Utara, Indonesia",3.4598293,125.494556,Kabupaten Kepulauan Sangihe,Sulawesi Utara
ChIJfURsslcfjC0Rs_V1_5u5NQg,Lindu Lake,"M3PG+45P, Danau, Kec. Lindu, Kabupaten Sigi, Sulawesi Tengah 94363, Indonesia",-1.3146532,120.0754454,Kabupaten Sigi,Sulawesi Tengah
ChIJg6ukzDcPgy0RaH0JNeBG0TM,Tanjung Gundul,"Pasir Putih, Kab. Banggai Laut, Sulawesi Tengah 94891, Indonesia",-1.5934274,123.5969434,Kabupaten Banggai Kepulauan,Sulawesi Tengah
ChIJ5T7cx2BwpC0RWqib2ODxYhk,Pantai Sulaa,"Pantai Sulaa, Sulaa, Betoambari, Bau-Bau City, South East Sulawesi, Indonesia",-5.519371,122.5583814,Kota Baubau,Sulawesi Tenggara
ChIJ______tCoy0Rs0eeQ8sM1P8,Gerbang Desa Wisata Tangkeno,"PWGC+RXR, Tangkeno, Kec. Kabaena Tengah, Kabupaten Bombana, Sulawesi Tenggara 93781, Indonesia",-5.272876999999999,121.9223998,Kabupaten Bombana,Sulawesi Tenggara
ChIJ1aVbqeNZvi0RDSTBnZdq1dU,Geopark Maros Pangkep,"2MFF+2M6 Ktr. Kelurahan Leang Leang, Leang-Leang, Kec. Bantimurung, Kabupaten Maros, Sulawesi Selatan 90561, Indonesia",-4.976243699999999,119.6736525,Kabupaten Maros,Sulawesi Selatan
ChIJw41TyJljhzIRFvD41kOs9Ow,WAWONTULAP BEACH RESORT (WBR),"8GC8+6FG, Pantai, Wawontulap, Kec. Tatapaan, Kabupaten Minahasa Selatan, Sulawesi Utara, Indonesia",1.3205545,124.5162129,Kabupaten Minahasa,Sulawesi Utara
ChIJCZDP663TjS0R6X1ExK7kw4U,Air Terjun Maima,"93X6+HR6, Watukilo, Kec. Kulawi Sel., Kabupaten Sigi, Sulawesi Tengah 94363, Indonesia",-1.60108,120.062,Kabupaten Sigi,Sulawesi Tengah
ChIJ97h2fbI5mi0RgnjAANQiAhY,Air Terjun Kembar Morowali,"34PW+4J9, Labota, Kec. Bahodopi, Kabupaten Morowali, Sulawesi Tengah 94974, Indonesia",-2.9147062,122.1465979,Kabupaten Konawe Utara,Sulawesi Tenggara
ChIJqfg7FwAXmC0RFImGSVYfV68,Wisata Alam Desa Poni-Poniki,"XV9J+XCH, Jl. Poros Kolaka - Rate-rate, Poni-Poniki, Kec. Tirawuta, Kabupaten Kolaka Timur, Sulawesi Tenggara 93572, Indonesia",-4.030618,121.881139,Kabupaten Kolaka Timur,Sulawesi Tenggara
ChIJmaccaowNpC0RROS9u9J6QGM,WISATA BUKIT WAKOEA,"FQH2+PPM, Desa, Hendea",-5.520662499999999,122.7517969,Kabupaten Buton Selatan,Sulawesi Tenggara
ChIJJSLbNWaCoS0RtY5X77n-rUY,Pantai Kampa,"Pantai Kampa, Banda, Sea, Kec. Kulisusu, Kabupaten Buton Utara, Sulawesi Tenggara 93672, Indonesia",-4.7840052,123.2038979,Kabupaten Buton Utara,Sulawesi Tenggara
ChIJ8XVzeYnrmC0RrwxrcoNFJag,Diva Bahari,"Unnamed Road, 3J7J+98H, Tapulaga, Soropia, Kabupaten Konawe, Sulawesi Tenggara 93351, Indonesia",-3.9365527,122.6308473,Kota Kendari,Sulawesi Tenggara
ChIJSQgbzvzBpS0R9zaAXKkkO2A,Pantai Ujung Batuatas,"QPWG+GF, Batuatas Tim., Kec. Batu Atas, Kabupaten Buton, Sulawesi Tenggara, Indonesia",-6.2036875,122.7261875,Kabupaten Buton,Sulawesi Tenggara
ChIJsUdHSQDZki0R2jEXq2gynzk,Pantai Hijau Simboro,"8VH6+RR, Kec. Simboro Dan Kepulauan, Kabupaten Mamuju, Sulawesi Barat, Indonesia",-2.6704267,118.8620459,Kabupaten Mamuju,Sulawesi Barat
ChIJISEh6yoQhzIRhTqoAO4s3Tc,"Bukit WALEPOSAN, Lembean","Unnamed Road, 9XCW+RGV, Paslaten, Kauditan, North Minahasa Regency, North Sulawesi, Indonesia",1.372101,124.996312,Kabupaten Minahasa,Sulawesi Utara
ChIJiWni2Oa9cDIRyQAl7_MFra8,D'MOANGA RESORT,"Wisata Pantai, D'MOANGA RESORT, Monano, Kec. Karamat, Kabupaten Buol, Sulawesi Tengah 94563, Indonesia",1.2567843,121.3778473,Kabupaten Buol,Sulawesi Tengah
ChIJ6TnVzDnNoi0RQlKbYlgsiGs,"Air Terjun Tondopi, Tongkoseng","8P64+F4F, Tongkoseng, Kec. Tontonunu, Kabupaten Bombana, Sulawesi Tenggara 93773, Indonesia",-4.6888124,121.7052951,Kabupaten Bombana,Sulawesi Tenggara
ChIJ3XU59RgThzIROXH1kcPnnAE,Air Terjun Rok Rok / Rayouw Kembes,"9VCM+F36, Kembes II, Kec. Tombulu, Kabupaten Minahasa, Sulawesi Utara, Indonesia",1.3711733,124.8826365,Kota Tomohon,Sulawesi Utara
ChIJNWYMcf4NjC0Rp6aoQiX-omY,Air terjun Sararudi,"Wisolo, Kec. Dolo Sel., Kabupaten Sigi, Sulawesi Tengah 94362, Indonesia",-1.1260168,119.8462684,Kabupaten Pasangkayu,Sulawesi Barat
ChIJk4rfsJ_FkC0RRX24E-eQ3Bc,Air terjun pelangi desa tinuna,"X4VX+QX, Tinuna, Kec. Porehu, Kabupaten Kolaka Utara, Sulawesi Tenggara, Indonesia",-3.0058117,121.1535789,Kabupaten Kolaka Utara,Sulawesi Tenggara
ChIJhSvWmH-Diy0RI0Co6uLMqcE,Tampaure Beach,"2GW5+F8R, Tampaure, Kec. Bambaira, Kab. Pasangkayu, Sulawesi Barat 91574, Indonesia",-0.9537649,119.5082662,Kabupaten Pasangkayu,Sulawesi Barat
ChIJ8eUCcBz1ly0RhFpAD2xwc9s,Taman Laut Kolaka,"WHWQ+H3V, Sea, Kec. Latambaga, Kabupaten Kolaka, Sulawesi Tenggara, Indonesia",-4.0535051,121.5876661,Kabupaten Kolaka,Sulawesi Tenggara
ChIJk2T0g3C7cDIRhP0qQ7mebHU,Pemandian Kumaligon,"6CF5+C67, Kumaligon, Kec. Biau, Kabupaten Buol, Sulawesi Tengah 94563, Indonesia",1.2235457,121.4080394,Kabupaten Buol,Sulawesi Tengah
ChIJ8dg3yGgCfzIRMtv9E_wa7yQ,Huidu Matabulawa,"Huidu Matabulawa, Sinombayuga, Kec. Posigadan, Kabupaten Bolaang Mongondow Selatan, Sulawesi Utara, Indonesia",0.4883333,123.675,Kabupaten Bolaang Mongondow Selatan,Sulawesi Utara
ChIJH5CAMgB1hzIRZLR7uo5deHc,Tempat Wisata LOS ( Lorong Orang Sanger ),"FR69+6RC, Malalayang Satu Timur, Kota Manado",1.4607002,124.8194101,Kota Manado,Sulawesi Utara
ChIJeVrMKSZZly0RGOzvvwoxqEc,Puncak Nondooto,"JH76+R6R, Asemi Nunulai, Kec. Asera, Kabupaten Konawe Utara, Sulawesi Tenggara 93353, Indonesia",-3.3853885,121.5605306,Kabupaten Kolaka Utara,Sulawesi Tenggara
ChIJJTYr4Wcdvy0RLrnfWy6tOH8,STABILO CONSULTAINMENT,"Lorong 310 No.6, Mattoangin",-5.162486299999999,119.4065982,Kota Makassar,Sulawesi Selatan
ChIJe-IQLevzvi0Rb8um4WBEOL8,Air Terjun Tujua,"VPQ9+7X4, Tompobulu, Kec. Tompobulu, Kabupaten Maros, Sulawesi Selatan 90561, Indonesia",-5.111875,119.7199585,Kabupaten Maros,Sulawesi Selatan
ChIJJ9O42xdPlC0RwumJyHU-IpQ,Masolo Perbatasan,"7MW2+58R, Teppo",-3.7045225,119.6507575,Kabupaten Pinrang,Sulawesi Selatan
ChIJ_10SsHPBky0RRxq1n7pkKQo,"Wisata Religi BUKIT DOA ""DOMADATU"" Toraja Utara","3R8Q+XFJ, Kapala Pitu, Kec. Kapala Pitu, Kabupaten Toraja Utara, Sulawesi Selatan, Indonesia",-2.9325385,119.8386328,Kabupaten Tana Toraja,Sulawesi Selatan
ChIJKZoHCx6Lmi0RKEHCoiIzEUE,Dermaga puungkoilu,"CX3Q+2XC, Dermaga, Puungkoilu, Kabupaten Morowali",-2.5974465,121.9898902,Kabupaten Morowali,Sulawesi Tengah
ChIJU1Ji9NFzeTIRsWA0FpaKipM,Air Terjun Bondula,"RF82+76, Mohiyolo, Kec. Asparaga, Kabupaten Gorontalo, Gorontalo, Indonesia",0.8156721000000001,122.4505797,Kabupaten Gorontalo Utara,Gorontalo
ChIJ1zk8ySixlS0R_Y3toEhPtN0,Kincir Highlad Sidenreng Bersinar,"2MVR+FC, Lainungan, Kabupaten Sidenreng Rappang",-3.956366,119.6910959,Kota Parepare,Sulawesi Selatan
ChIJdWqhcWKllS0RvX0egzxEM3w,Hesan Lowita,"Hesan Lowita, Tasiwalie, Kec. Suppa, Kabupaten Pinrang, Sulawesi Selatan 91272, Indonesia",-3.973954,119.5765854,Kabupaten Pinrang,Sulawesi Selatan
ChIJG4jh0qszui0RgcepzqNAoS8,Pantai Balojaha,"92855, Bontoborusu, Kec. Bontoharu, Kab. Kepulauan Selayar, Sulawesi Selatan, Indonesia",-6.16573,120.3948797,Kabupaten Kepulauan Selayar,Sulawesi Selatan
ChIJfYdaOSnPfzIR5utAvO-Af4c,DESA DEAGA,"C7JP+2XC, Deaga, Kec. Pinolosian Tengah, Kabupaten Bolaang Mongondow Selatan, Sulawesi Utara, Indonesia",0.4300557,124.287388,Kabupaten Bolaang Mongondow Selatan,Sulawesi Utara
ChIJt4gY5IrR9DIRKTOfpojma0Q,Pulau Kawaluso,"68MC+P2V, Kawaluso, Kendahe, Kabupaten Kepulauan Sangihe, Sulawesi Utara, Indonesia",4.234357999999999,125.3200582,Kabupaten Kepulauan Sangihe,Sulawesi Utara
ChIJMeQANkS5hi0RTwIqv5NNwE4,Bukit Countri,"5V87+RWH, Jalan, Salodik, Pagimana, Kabupaten Banggai, Sulawesi Tengah 94752, Indonesia",-0.8077128,122.8632788,Kabupaten Banggai Laut,Sulawesi Tengah
ChIJoXWptqR3pC0RGOBWIV0vt38,Kepala Naga,"GJV4+XJQ, Wale, Kec. Wolio, Kota Bau-Bau, Sulawesi Tenggara 93717, Indonesia",-5.4550309,122.6066192,Kota Baubau,Sulawesi Tenggara
ChIJve2mcgC1oy0R3I3Gmo7AUoM,Puncak ghonsume,"4PQ7+5QM, Jl ir Soekarno, Ghonsume",-4.8620264,122.7144202,Kabupaten Muna,Sulawesi Tenggara
ChIJE3mEwq8FjS0RSRiha1Ae-ig,Dermaga Cinoki Nunu,"879J+RR3, Jl. Poros Majene - Mamuju, Kec. Sarudu, Kab. Pasangkayu, Sulawesi Barat 91573, Indonesia",-1.6804818,119.2820473,Kabupaten Mamuju,Sulawesi Barat
ChIJ3wZ0cPzVlS0Rl42QzKRKY64,Bukit Attirong,"Unnamed Road, Sogi, Kec. Maniang Pajo, Kabupaten Wajo, Sulawesi Selatan 91691, Indonesia",-3.858036999999999,120.066915,Kabupaten Sidenreng Rappang,Sulawesi Selatan
ChIJvYZ9EgDBky0RqOtLpd2OID4,Kolam Alam Limbong,"2VMJ+R9Q, kolamalamlimbong, Kec. Rantepao, Kabupaten Toraja Utara, Sulawesi Selatan 91833, Indonesia",-2.9652157,119.8808397,Kabupaten Tana Toraja,Sulawesi Selatan
ChIJ0_5j0vNHhzIRTQ8nusaSnRE,Puncak 'Patulian' Tonsewer,"Unnamed Road, Pinabetengan Utara, Kec. Tompaso, Kabupaten Minahasa, Sulawesi Utara, Indonesia",1.1485146,124.7816622,Kabupaten Minahasa,Sulawesi Utara
ChIJ8UtBTkVBhzIR7JKPK7O9TfM,Wisata Alam Minahasa Sulut - Hollywood Hills Lengkoan,"PUNCAK LENGKOAN, LEILEM, Leilem, Kabupaten Minahasa, Sulawesi Utara, Indonesia",1.2423404,124.8155518,Kabupaten Minahasa,Sulawesi Utara
ChIJPZst9UUGlC0RPk1vwzLAMN8,Air Terjun Pong Toding,"P273+4QR, Uluwai, Kec. Mengkendek, Kabupaten Tana Toraja, Sulawesi Selatan 91871, Indonesia",-3.287135,120.004389,Kabupaten Enrekang,Sulawesi Selatan
ChIJDU2HMCWrcDIRDi9nZgpof2I,Pantai Terapi Butugolu,"Unnamed Road, 3H4W+375, Botugolu, Kec. Bunobogu, Kabupaten Buol, Sulawesi Tengah 94566, Indonesia",1.0551459,121.5957191,Kabupaten Buol,Sulawesi Tengah
ChIJmaUIPgAreTIRREiE3uYilns,SANTORINI (Kawasan Talumolo Rindang & Indah),"G3G7+9WP, Talumolo",0.5259024,123.0644555,Kabupaten Bone Bolango,Gorontalo
ChIJL5Sv0snzuy0RkXDy-RqeaIA,Jembatan Kaca Bira,"9FHC+H8C, Bira, Kabupaten Bulukumba, Sulawesi Selatan, Indonesia",-5.6210575,120.4707591,Kabupaten Bulukumba,Sulawesi Selatan
ChIJ-flrG-6jhzIRmPwqrSNmiYU,Wisata Susur Sungai & Mancing Desa Talawaan Bajo,"Minaesa, Wori, Kabupaten Minahasa Utara, Sulawesi Utara, Indonesia",1.6140984,124.872659,Kabupaten Minahasa Utara,Sulawesi Utara
ChIJeXVXjagrjTIRhpi6avXlnoM,PANTAI INDAH MELONGUANE,"Kec. Melonguane, Kabupaten Kepulauan Talaud, Sulawesi Utara, Indonesia",3.9958604,126.6784797,Kabupaten Kepulauan Talaud,Sulawesi Utara
ChIJ91sHCo7Riy0Rrft0vvaWLOc,Tanjung Avanza,"9347+5VC, Jl. Trans Sulawesi, Marantale, Kec. Siniu, Kabupaten Parigi Moutong, Sulawesi Tengah 94474, Indonesia",-0.6445605,120.0646378,Kabupaten Donggala,Sulawesi Tengah
ChIJ6QGX-QuNmi0RjiIe7SL2Xvw,Hutan Mangrove,"FXF6+W4X, Matansala, Kec. Bungku Tengah, Kabupaten Morowali, Sulawesi Tengah 94973, Indonesia",-2.5251431,121.9603721,Kabupaten Morowali,Sulawesi Tengah
ChIJPaheHMXroi0RD2KkpezBa6E,Water bom (Tom bung putra tunggal),"92M3+W4, Anugerah, Kec. Lantari Jaya, Kabupaten Bombana, Sulawesi Tenggara 93774, Indonesia",-4.6155443,122.0029444,Kabupaten Bombana,Sulawesi Tenggara
ChIJbZf2X9tjky0RVxCjVYGjde0,Kebun Raya Bulo-KRB Bukit Merdeka,"Q4HX+8MQ, Bulo, Kec. Bulo, Kabupaten Polewali Mandar, Sulawesi Barat 91353, Indonesia",-3.2216605,119.14924,Kabupaten Majene,Sulawesi Barat
ChIJ7_tIixhHeTIRN-qrsfJJy6c,Air Terjun Botuwombato,"QVFH+6M, Molingkapoto, Kec. Kwandang, Kabupaten Gorontalo Utara, Gorontalo 96252, Indonesia",0.77323,122.8792333,Kabupaten Gorontalo Utara,Gorontalo
ChIJ8cbnO6ANeTIRGTWqK699I2g,Pura Agung Mandala Giri,"PFG5+88Q, Tri Rukun, Kec. Wonosari, Kabupaten Boalemo, Gorontalo 96262, Indonesia",0.7258293,122.4583742,Kabupaten Boalemo,Gorontalo
ChIJh6RgB6_-vi0RF1vz81VDHkc,bukit patene,"WGR2+WJ5, Pabentengang, Kec. Marusu, Kabupaten Maros, Sulawesi Selatan 90552, Indonesia",-5.057742699999999,119.5016144,Kota Makassar,Sulawesi Selatan
ChIJDX3_2T6vvi0Rwq7iy665oA0,Erbol,"G2PC+VQQ, Campaga, Kec. Tompobulu, Kabupaten Bantaeng, Sulawesi Selatan 92461, Indonesia",-5.4627764,120.0219786,Kabupaten Bantaeng,Sulawesi Selatan
ChIJKyDA_jEdjC0RxsDbMHpdzPM,Air Panas Kadidia,"R46C+685, Kadidia, Kec. Nokilalaki, Kabupaten Sigi, Sulawesi Tengah 94364, Indonesia",-1.1894759,120.1208698,Kabupaten Sigi,Sulawesi Tengah
ChIJIQEpAQAPoi0RDKiRJlX78fs,Pantai Namu,"JVJW+297, Namu, Laonti, Kabupaten Konawe Selatan, Sulawesi Tenggara 93892, Indonesia",-4.3699739,122.8959364,Kabupaten Buton Utara,Sulawesi Tenggara
ChIJ7ZfmcUYFly0RmH4W_IsYcVk,Pantai Pelangi,"8XRW+RCQ, Pohu, Kecamatan Rante Angin, Kabupaten Kolaka Utara, Sulawesi Tenggara 93956, Indonesia",-3.6579239,120.9961217,Kabupaten Kolaka Utara,Sulawesi Tenggara
ChIJuZ4axClCoy0R6Lm6ylqxbzI,Goa Batuburi,Lengora,-5.2238184,121.9466694,Kabupaten Bombana,Sulawesi Tenggara
ChIJHShqwleRoy0RSnWEWCgUrdU,Pantai Tanjung,"RJ3G+RMH, Pulau, Kec. Tiworo Kepulauan, Kabupaten Muna, Sulawesi Tenggara 93761, Indonesia",-5.1954376,122.6267333,Kabupaten Buton Tengah,Sulawesi Tenggara
ChIJ5dVeQKkNpC0RwQMXwug5L9M,Bukit Langira,"GQ2C+X3Q, Wakaokili, Kec. Sampolawa, Kabupaten Buton, Sulawesi Tenggara 93753, Indonesia",-5.4975329,122.7702432,Kabupaten Buton Selatan,Sulawesi Tenggara
ChIJR0ykVCQFjS0RdIkTLTYc-OI,Rest area pantai sarudu,"874P+WRV, Jl. Poros Majene - Mamuju, Sarudu, Kec. Sarudu, Kab. Pasangkayu, Sulawesi Barat 91573, Indonesia",-1.692953,119.2868656,Kabupaten Mamuju,Sulawesi Barat
ChIJRygWPwD_vi0RZZjciS5UWnc,Pantai desnel,"WFP9+PMM, Jl. Salodong, Untia, Kota Makassar",-5.063173600000001,119.4691682,Kota Makassar,Sulawesi Selatan
ChIJH83GNNqTky0Rjy36mmkUvi8,Air Terjun Tolondo Tallu,"WPM3+Q8C, Burasia, Kec. Bittuang, Kabupaten Tana Toraja, Sulawesi Selatan 91856, Indonesia",-3.0655635,119.703252,Kabupaten Tana Toraja,Sulawesi Selatan
ChIJq2jdonHFky0RThzqn7oITDY,Air Terjun Pong Rayun,"4WW6+3H Saludambu, Likulambe, Kec. Sa'dan, Kabupaten Toraja Utara, Sulawesi Selatan 91853, Indonesia",-2.8548125,119.9114375,Kabupaten Toraja Utara,Sulawesi Selatan
ChIJh0uXyTGfhzIRqo0xp7bbD7E,Bongkone Kenari,"Bongkone Kenari, Tongkeina, Kec. Bunaken, Kota Manado, Sulawesi Utara, Indonesia",1.5622222,124.8305556,Kota Manado,Sulawesi Utara
ChIJ1UOzagXvmC0Rzxk9DyCwYdE,Teluk Soropia,"4H2P+CXJ, Jalan Poros Kendari, Soropia, Kabupaten Konawe, Sulawesi Tenggara 93464, Indonesia",-3.898913599999999,122.5873972,Kabupaten Konawe,Sulawesi Tenggara
ChIJpQuQamcleTIRM56OtKPnUzg,Bukit Kayangan,"HVV7+WWP, Huntulohulawa, Kec. Bongomeme, Kabupaten Gorontalo, Gorontalo 96271, Indonesia",0.5942763,122.864875,Kabupaten Gorontalo,Gorontalo
ChIJp6qx3_jxvS0RKptHWY2XoJM,Wisata Tanjung Pallette,"G95X+M49, Unnamed Road, Pallette, Kec. Tanete Riattang Tim., Kabupaten Bone, Sulawesi Selatan, Indonesia",-4.4908301,120.3978721,Kabupaten Bone,Sulawesi Selatan
ChIJ-eXhqknzky0RXNmtcXTkH7I,Gunung Baba Kanaan,"VV9C+FGP, Palipu, Kec. Mengkendek, Kabupaten Tana Toraja, Sulawesi Selatan 91814, Indonesia",-3.1312787,119.8713196,Kabupaten Tana Toraja,Sulawesi Selatan
ChIJM-sMYuwXlC0RLKNIfUYOZv8,Taman wisata stroberi,"GWM4+482, Dusun Dadeko Desa, Eran Batu, Kec. Buntu Batu, Kabupaten Enrekang, Sulawesi Selatan 91753, Indonesia",-3.4672418,119.9057561,Kabupaten Enrekang,Sulawesi Selatan
ChIJq8Jq2Mbkoy0RFpyoidDJ0H0,Air Terjun Bembe,"QXF7+79J, La Gunturu, Kec. Lasalimu, Kabupaten Buton, Sulawesi Tenggara 93756, Indonesia",-5.226798200000001,122.9634054,Kabupaten Buton,Sulawesi Tenggara
ChIJv3yjPYWhli0RSCWj6r4UfjY,Air Terjun Sarambu Masiang,"G66R+8C4, Kaladi Darussalam, Kec. Suli Bar., Kabupaten Luwu, Sulawesi Selatan 91996, Indonesia",-3.4892302,120.2410644,Kabupaten Wajo,Sulawesi Selatan
ChIJkc5QwScNpC0RmitCyM1BnA0,Wisata kaongkea,"Kaongkea, Kec. Ps. Wajo, Kabupaten Buton, Sulawesi Tenggara, Indonesia",-5.472379399999999,122.7456257,Kota Baubau,Sulawesi Tenggara
ChIJuUFrr4utfjIRivQ3tVlS73w,Gapura Wisata Pantai Minanga,"Jl. Trans Sulawesi No.70, Utara, Kota Jin, Kec. Atinggola, Kabupaten Gorontalo Utara, Gorontalo 96253, Indonesia",0.9117932,123.1105919,Kabupaten Gorontalo Utara,Gorontalo
ChIJIYLxfS0PpC0RFYk-lBf9IKs,"Pantai Kacinaan, Kab. Buton.","93754, Wasaga, Pasar Wajo, Buton Regency, South East Sulawesi 93754, Indonesia",-5.4625872,122.8648204,Kabupaten Buton,Sulawesi Tenggara
ChIJb2QWKb_ymC0RVJAQLzIuCnI,Menara Kendari,"2GF8+PV8, Korumba, Kec. Mandonga, Kota Kendari, Sulawesi Tenggara 93111, Indonesia",-3.9757236,122.5172172,Kota Kendari,Sulawesi Tenggara
ChIJaWEc1PjwvS0Re3GcTzqPM8Y,Obyek Wisata Sumur Lawello,"G9GM+CCM, Pallette, Kabupaten Bone",-4.4739233,120.3835595,Kabupaten Bone,Sulawesi Selatan
ChIJP1cQWgCtmS0RjF_eJ01Xx1c,Air terjun matapila,"76MH+J2, Abola, Kec. Lasolo, Kabupaten Konawe Utara, Sulawesi Tenggara, Indonesia",-3.7159849,122.227544,Kabupaten Konawe,Sulawesi Tenggara
ChIJn5eg3odPvi0RCJ89KoD2Tzc,Leang Kassi,"5H7V+62C, Jl. Leangkassi, Biraeng, Kec. Minasatene, Kabupaten Pangkajene Dan Kepulauan, Sulawesi Selatan 90614, Indonesia",-4.8369446,119.5925214,Kabupaten Pangkajene Dan Kepulauan,Sulawesi Selatan
ChIJYf5s8sDlvS0RoT8LM5Ms5T8,TUGU NOL KILOMETER BONE,"F86G+JXW, Jalan Jendral Ahmad Yani, Manurunge",-4.5384988,120.3274031,Kabupaten Bone,Sulawesi Selatan
ChIJRRH4SgCjvi0RAhrPxdDcH2A,Danau Lurayya Kahayya,"Kindang, Kec. Kindang, Kabupaten Bulukumba, Sulawesi Selatan, Indonesia",-5.329443899999999,120.0073565,Kabupaten Gowa,Sulawesi Selatan
ChIJ8bHPxYzxky0Ri5Bf-skOKmU,Buntu Kandora,"Buntu Kandora, Tengan, Kec. Mengkendek, Kabupaten Tana Toraja, Sulawesi Selatan, Indonesia",-3.1241667,119.8891667,Kabupaten Tana Toraja,Sulawesi Selatan
ChIJm36JCDFVhjIR_MJFhSB9Urw,Wisata Lirang,"G7RV+H79, Lirang, Kec. Lembeh Utara, Kota Bitung, Sulawesi Utara, Indonesia",1.5414167,125.2932391,Kota Bitung,Sulawesi Utara
ChIJLywPmLJ_oy0RxyND7LjAgDo,Monumen MUTIARA,"J837+JV4 Desa Gumanano, Gumamano, Kec. Mawasangka, Kabupaten Buton, Sulawesi Tenggara, Indonesia",-5.395991,122.3147184,Kabupaten Bombana,Sulawesi Tenggara
ChIJhQnh6vsHlC0RAH4jzT6N4hg,Buntu Sinaji,"Buntu Sinaji, Uluway Bar., Kec. Mengkendek, Kabupaten Tana Toraja, Sulawesi Selatan, Indonesia",-3.2491667,119.9811111,Kabupaten Enrekang,Sulawesi Selatan
ChIJ8wzbtY-kfjIRKtPVJky2lvE,Pantai Tanjung Buaya,"W85M+RXC, Iyok, Kec. Bolang Itang Bar., Kabupaten Bolaang Mongondow Utara, Sulawesi Utara, Indonesia",0.909572,123.3349017,Kabupaten Bolaang Mongondow Utara,Sulawesi Utara
ChIJGwnF1YG5hi0RYhvSc6KSkFc,Kampung Wisata Alam Bolopaniki,"Unnamed Road, 5VMF+9R6, Toipan, Pagimana, Kabupaten Banggai, Sulawesi Tengah 94752, Indonesia",-0.8165876,122.8745132,Kabupaten Banggai Laut,Sulawesi Tengah
ChIJhS8Um6YNmS0RQ81a6CTsmFo,Pantai Labengki Kecil,"GF7P+WRP, Labengi, Kec. Lasolo, Kabupaten Konawe Utara, Sulawesi Tenggara 93352, Indonesia",-3.4851601,122.4870695,Kabupaten Konawe,Sulawesi Tenggara
ChIJ878nJjbPoy0RjO989Z-rvC0,Pasir panjang bakealu,"Unnamed Road, 3RQ8+WQG, Bakealu, Kec. Wakorumba Sel., Kabupaten Muna, Sulawesi Tenggara, Indonesia",-4.9101895,122.8169567,Kabupaten Buton Tengah,Sulawesi Tenggara
ChIJifRJ_c6reTIRzZvL1-TiR-w,Air Terjun Ayuhulalo,"H862+QWW, Ayuhulalo, Kec. Tilamuta, Kabupaten Boalemo, Gorontalo 96263, Indonesia",0.5619845,122.3023313,Kabupaten Boalemo,Gorontalo
ChIJ9_51S8_vjy0RtvAsJB6aiUw,Teluk Tomori,"3926+M96, Gililana, Kec. Petasia, Kabupaten Morowali, Sulawesi Tengah, Indonesia",-1.9483381,121.3609045,Kabupaten Morowali Utara,Sulawesi Tengah
ChIJoZNgEpgfvy0RvpciOxY9Oko,Galesong Beach,"Q95J+63P Wisata Pantai Galesong, Tamalate, Kabupaten Takalar",-5.241924099999999,119.380199,Kota Makassar,Sulawesi Selatan
ChIJO8Cbt3-xvi0R5og5Ur4uKgU,Wisata Pinus Rombeng 1,"Unnamed Road, HW9G+GXX, Bonto Lojong, Kec. Uluere, Kabupaten Bantaeng, Sulawesi Selatan 92451, Indonesia",-5.4311498,119.9274813,Kabupaten Bantaeng,Sulawesi Selatan
ChIJR6HbBC6TmC0RU94IXjbfhC8,Nambo Beach,"Nambo, Kec. Abeli, Kota Kendari, Sulawesi Tenggara 93238, Indonesia",-4.0014536,122.6166158,Kota Kendari,Sulawesi Tenggara
ChIJfX2C--69oy0RE1Qk6DOLExc,Tanjung Labora,"pantai tanjung kabupten, Lamorende, Kec. Tongkuno, Kabupaten Muna, Sulawesi Tenggara 93662, Indonesia",-5.105124399999999,122.6132282,Kabupaten Buton Tengah,Sulawesi Tenggara
ChIJ2SrXwyB5jS0RTEa_UNJuLKc,Air terjun Kalando,"W9RF+4RH, Salulekbo, Kec. Topoyo, Kabupaten Mamuju Tengah, Sulawesi Barat 91563, Indonesia",-2.0596842,119.374606,Kabupaten Mamuju,Sulawesi Barat
ChIJ1ShG9Rbriy0Rfuv0RqB_xJE,Pantai Duva,"5VJH+MM6, Jl. Trans Sulawesi, Mamboro, Kec. Palu Utara, Kota Palu, Sulawesi Tengah 94147, Indonesia",-0.8183499999999999,119.8791419,Kota Palu,Sulawesi Tengah
ChIJsTqwbQDpiy0Rs-CMWzDYi04,Benkmor camp Beringin,"6W4R+3X, Bale, Kabupaten Donggala",-0.7939866,119.9450431,Kota Palu,Sulawesi Tengah
ChIJYVmsPmtDoy0RbXjDGjnrfVI,Anjungan Wisata Tangkeno,"PWCF+F9H, Enano, Kec. Kabaena Tengah, Kabupaten Bombana, Sulawesi Tenggara 93781, Indonesia",-5.2788227,121.9234763,Kabupaten Bombana,Sulawesi Tenggara
ChIJAb2cHfuVvi0Rc1aYTuLmSMQ,Air Terjun Bahagia,"PVRF+C5C, Bulutana, Kec. Tinggimoncong, Kabupaten Gowa, Sulawesi Selatan 92174, Indonesia",-5.258927,119.8728923,Kabupaten Gowa,Sulawesi Selatan
ChIJ04KSeQCRli0R357TrDxEthI,Pantai Pasir Putih,"9C88+PH, Bone Pute, Kec. Larompong Sel., Kabupaten Luwu, Sulawesi Selatan, Indonesia",-3.6331583,120.4164792,Kabupaten Wajo,Sulawesi Selatan
ChIJJ1A0k4mzvi0RQ2sL-9kCbU0,Pantai Lamalaka,"CXW8+93J, Lembang, Kec. Bantaeng, Kabupaten Bantaeng, Sulawesi Selatan 92415, Indonesia",-5.5540416,119.965152,Kabupaten Bantaeng,Sulawesi Selatan
ChIJ2x88kg2Tky0RWy66n5d1wV8,Objek Wisata Tulaklangi Talion,"VQR6+H9J, Sarapeang, Kabupaten Tana Toraja",-3.108544,119.7608803,Kabupaten Tana Toraja,Sulawesi Selatan
ChIJmZ2pxY_KgDIRH9q8P2_0XWE,Pantai Tumbak,"XVCG+34Q, Unnamed Road, Tumbak Madani, Pusomaen, Kabupaten Minahasa Tenggara, Sulawesi Utara 95997, Indonesia",0.970202,124.875374,Kabupaten Minahasa Tenggara,Sulawesi Utara
ChIJ556pnINzfjIRKdOsDhPf1lk,Air Terjun Ambang II,"W44H+HGP, Ambang II, Kec. Bolaang Tim., Kabupaten Bolaang Mongondow, Sulawesi Utara, Indonesia",0.9064741,124.1288315,Kabupaten Bolaang Mongondow,Sulawesi Utara
ChIJBwhppL2hiC0RwOfVxMjDrWQ,Wisata Tanjung api,"5JPC+VW, Labuan, Kabupaten Tojo Una-Una, Sulawesi Tengah, Indonesia",-0.81278,121.6222898,Kabupaten Tojo Una-Una,Sulawesi Tengah
ChIJXxG0dgAVlC0R0WdAqWRrmfM,Kolam Renang Mendatte Park,"GQGX+F8H, Mandatte, Kec. Anggeraja, Kabupaten Enrekang, Sulawesi Selatan 91752, Indonesia",-3.4738199,119.7983605,Kabupaten Enrekang,Sulawesi Selatan
ChIJ87BDIwYclC0RVzZ0eV9NwFQ,Pegunungan Latimojong,"Pegunungan Latimojong, Pajang, Kec. Latimojong, Kabupaten Luwu, Sulawesi Selatan, Indonesia",-3.4455556,120.0738889,Kabupaten Enrekang,Sulawesi Selatan
ChIJhZUKC4YhejIRwUD9X-bu9k0,Pantai Lilito,"3377+F76, Lilito, Paleleh, Kabupaten Buol, Sulawesi Tengah, Indonesia",1.0646161,122.064114,Kabupaten Buol,Sulawesi Tengah
ChIJ6azHhxdpmC0RDxilrGpVz0w,TAMAN PUNCAK AHUAWALI,"X442+G62, Ahuawali, Kec. Puriala, Kabupaten Konawe, Sulawesi Tenggara, Indonesia",-4.0437458,122.1005102,Kabupaten Kolaka Timur,Sulawesi Tenggara
ChIJnfTQ5TaJmC0RJjXtJATcIAQ,Permandian Iwoi Wanggu,"WCMR+7V7, Konda Satu, Kec. Ranomeeto, Kabupaten Konawe Selatan, Sulawesi Tenggara, Indonesia",-4.066825300000001,122.4421824,Kabupaten Konawe,Sulawesi Tenggara
ChIJ9c-vVQBZkS0RMgsbuid2ESg,Wisata Buntu Pasang Palopo,"X596+8HM, Peta, Kec. Sendana, Kota Palopo, Sulawesi Selatan 91959, Indonesia",-3.0316875,120.1614375,Kota Palopo,Sulawesi Selatan
ChIJ2dMrdviZfjIRvGzfxrOrIdo,Wisata Pantai Biontong,"Wisata Pantai Biontong, Biontong I, Kec. Bolang Itang Tim., Kabupaten Bolaang Mongondow Utara, Sulawesi Utara, Indonesia",0.8881193,123.5068906,Kabupaten Bolaang Mongondow Utara,Sulawesi Utara
ChIJ8zJvKBrhki0RCnr7ZrPGvrs,Negri Atas Awan MARANO,"827X+4X4, Sinyonyoi, Kec. Kalukku, Kabupaten Mamuju, Sulawesi Barat 91511, Indonesia",-2.6872448,119.0499682,Kabupaten Mamasa,Sulawesi Barat
ChIJZRA9uN3tiy0R9_ehx43Ly38,Rekreasi Pantai Palu,"4VFC+PG2, Talise, Kota Palu, Sulawesi Tengah, Indonesia",-0.8757429999999999,119.8712585,Kota Palu,Sulawesi Tengah
ChIJ4_aNGzUxuS0RX2zxw3vcz3A,Pantai Pasir putih,"8M93+2CW, Bonto Sunggu, Kabupaten Jeneponto",-5.682379099999999,119.6535685,Kabupaten Jeneponto,Sulawesi Selatan
ChIJR0AzsgLioy0RuPJKPiHCDe8,Pantai Komearate,"Pantai Komearate, Kamaru, Kec. Lasalimu, Kabupaten Buton, Sulawesi Tenggara 93756, Indonesia",-5.1627018,123.0679377,Kabupaten Buton,Sulawesi Tenggara
ChIJka3uFG7nvi0RBznXjsHfktA,Kopdargab Foi#sulselbar,"QH93+2XV, Jalan Poros Bollangi, Timbuseng",-5.232376200000001,119.5549255,Kota Makassar,Sulawesi Selatan
ChIJ3V5c9nYxhC0Rdp4jsVjI-ms,Air terjun pesa 1001 tangga ondo ondolu,"QFW8+MC, Tolando, Kec. Batui, Kabupaten Banggai, Sulawesi Tengah, Indonesia",-1.2033017,122.4660044,Kabupaten Banggai,Sulawesi Tengah
ChIJhe96wUyDoS0R8KTq_nogvrE,Benteng Lipu Kulisusu,"658H+JRF, Jl. Keraton, Bangkudu, Kec. Kulisusu, Kabupaten Buton Utara, Sulawesi Tenggara 93672, Indonesia",-4.7834461,123.17954,Kabupaten Buton Utara,Sulawesi Tenggara
ChIJiR6RQQCjvi0RDmogRDfXmOw,Lego Lego Sarrea,"TABBUAKANG DESA KAHAYYA, Kindang, Kec. Kindang, Kabupaten Bulukumba, Sulawesi Selatan 92517, Indonesia",-5.329096499999999,120.0012785,Kabupaten Gowa,Sulawesi Selatan
ChIJGdlAOG__hjIR99n9nZogDW8,"Pantai Salise ,Lembeh Utara Kota Bitung","Motto, Kec. Lembeh Utara, Kota Bitung, Sulawesi Utara, Indonesia",1.4866175,125.281879,Kota Bitung,Sulawesi Utara
ChIJGcHg65h5jS0RCsJ78uJuu_E,Rea Camping Ground,"Tabolang, Kec. Topoyo, Kabupaten Mamuju, Sulawesi Barat, Indonesia",-2.0417946,119.3469611,Kabupaten Mamuju,Sulawesi Barat
ChIJebL_2-pjky0R9UWRyevuPDM,PUNCAK UHAI SIBALI Bulo,"Q5C7+WV9, Bulo, Kec. Bulo, Kabupaten Polewali Mandar, Sulawesi Barat 91353, Indonesia",-3.227716,119.1647271,Kabupaten Majene,Sulawesi Barat
ChIJ1_STcXfYfjIR93zmCskIs10,Wisata Hungayono,"G74R+3H9, Tulabolo, Kec. Suwawa Tim., Kabupaten Bone Bolango, Gorontalo 96584, Indonesia",0.5051694,123.2914982,Kabupaten Bone Bolango,Gorontalo
ChIJ-xHD3-K7lS0RPuZvMWeMiTU,Pantai Cempae,"Unga Jalan Petta Unga, Watang Soreang, Kec. Soreang, Kota Parepare, Sulawesi Selatan 91132, Indonesia",-3.9961614,119.6322233,Kota Parepare,Sulawesi Selatan
ChIJ63fr5ydDlC0RC2fY5mobAGo,Air Terjun Kaba Kaba,"CJWV+5FP, Rajang, Kec. Lembang, Kabupaten Pinrang, Sulawesi Selatan 91254, Indonesia",-3.5545414,119.6436882,Kabupaten Pinrang,Sulawesi Selatan
ChIJiV06EH5rhzIRv2bhk6IiL5c,Air terjun mawulelen pinaras,"7QWW+GJP, Jalan krois, Pinaras, Kec. Tomohon Sel., Kota Tomohon, Sulawesi Utara, Indonesia",1.2963331,124.7965718,Kabupaten Minahasa,Sulawesi Utara
ChIJkfmx4xNphzIRDyEO4oqFc0I,Air terjun Timbukar (Sapa),"7PVC+6RH, Timbukar, Kec. Sonder, Kabupaten Minahasa, Sulawesi Utara, Indonesia",1.293072,124.722117,Kabupaten Minahasa,Sulawesi Utara
ChIJeU8pX0GzfjIRScQn_ChjiDo,Bendungan desa busato,"V5F7+Q9V, Busato, Kec. Pinogaluman, Kabupaten Bolaang Mongondow Utara, Sulawesi Utara 96253, Indonesia",0.8744902,123.1634321,Kabupaten Gorontalo Utara,Gorontalo
ChIJRYxAyCztiy0RXWmBPGHe3B0,Patung Buaya Palu,"Jl. Kp. Nelayan No.99, Talise, Kec. Mantikulore, Kota Palu, Sulawesi Tengah 94118, Indonesia",-0.8647191,119.877266,Kota Palu,Sulawesi Tengah
ChIJI1rNLXrziy0Rzv5hBDzWUHs,Menara Pandang Paralayang Wayu,"3R28+32P, Wayu, Kabupaten Sigi",-0.9496674,119.8140125,Kota Palu,Sulawesi Tengah
ChIJjzCxpH2JmS0Rd73cVSAQP1I,PADANG MOLARA,"Q488+79, Lalomerui, Kec. Wiwirano, Kabupaten Konawe Utara, Sulawesi Tenggara, Indonesia",-3.23429,122.1159862,Kabupaten Konawe Utara,Sulawesi Tenggara
ChIJ5cOo56lPhzIRE7XiyxOvpMI,Wisata Gn. Soputan,"4P66+H73, Kota Menara, Kec. Silian Raya, Kabupaten Minahasa Tenggara, Sulawesi Utara, Indonesia",1.1113864,124.710658,Kabupaten Minahasa,Sulawesi Utara
ChIJPZGOjgK5iy0RO_rOi5W-sUE,Pattiro Lappaloang,"Maleni, Kabupaten Donggala",-0.6751768,119.7334383,Kabupaten Donggala,Sulawesi Tengah
ChIJ4zOkGir3fTIRCtrr1JqBRDs,Pantai Tanjung Molinow,"5FP3+FQ8, Molinow, Kec. Tenga, Kabupaten Minahasa Selatan, Sulawesi Utara, Indonesia",1.1861913,124.4541909,Kabupaten Minahasa Selatan,Sulawesi Utara
ChIJTc7LmhDRiy0RjXqy5hVFCnU,Air Terjun Likunggavali,"9374+979, Uevolo, Kec. Siniu, Kabupaten Parigi Moutong, Sulawesi Tengah 94474, Indonesia",-0.6365875,120.0557344,Kabupaten Donggala,Sulawesi Tengah
ChIJgfyB44PLji0RiTtYLX-2myg,Pantai Karosondaya,"XG4M+77W, Tambu, Kec. Sausu, Kabupaten Parigi Moutong, Provinsi Sulawesi Tengah, Indonesia",-1.0442674,120.5331907,Kabupaten Tolitoli,Sulawesi Tengah
ChIJw6YGlsBfiS0R82oyFokenR8,Pelabuhan loji,"55QH+6R, Loji",-0.8119653,120.1795252,Kabupaten Donggala,Sulawesi Tengah
ChIJfeVWyDY1ji0Ro34kzz4-93w,Bukit Amdn Poso,"4R2Q+8M7, Jl. Trans Sulawesi, Petiro, Kec. Pamona Tim., Kabupaten Poso, Sulawesi Tengah 94664, Indonesia",-1.8989605,120.8388459,Kabupaten Poso,Sulawesi Tengah
ChIJP2CL3YkKgy0R889XH6enyJo,Pantai Bongo,"FF6M+83H, Bone Baru, Banggai Utara, Kab. Banggai Laut, Sulawesi Tengah 94891, Indonesia",-1.5391768,123.482747,Kabupaten Banggai Kepulauan,Sulawesi Tengah
ChIJE07PXNvWdjIRtYaDieYwQ4g,"Bukit ASA, Babo Anjam, Tolitoli, Sulteng","WRXC+Q6C, Tinading, Kec. Lampasio, Kabupaten Toli-Toli, Sulawesi Tengah 94517, Indonesia",0.9494371,120.8205034,Kabupaten Buol,Sulawesi Tengah
ChIJ92eACwB5oy0RwRHa5ZtvDWI,Pantai Sausumangka,"P73G+JC, Balobone, Kec. Mawasangka, Kabupaten Buton, Sulawesi Tenggara, Indonesia",-5.2964993,122.2754144,Kabupaten Muna,Sulawesi Tenggara
ChIJzQNccOQrky0RciAsQyOTN3k,Tanjung Losa (Bikini Bottom),"8Q2H+FGQ, Labuang Rano, Kec. Tapalang Bar., Kabupaten Mamuju, Sulawesi Barat 91352, Indonesia",-2.6987981,118.7788672,Kabupaten Mamuju,Sulawesi Barat
ChIJT67vmB2Hiy0RM7y_gZUyP9Q,Wisata air terjun Bambatunu Kalukunangka,"2G2Q+GW, Kaluku Nangka, Kec. Bambaira, Kab. Pasangkayu, Sulawesi Barat, Indonesia",-0.9986338,119.5398116,Kabupaten Pasangkayu,Sulawesi Barat
ChIJqxY_tHTBky0R9-AGasCnk1U,Air Terjun To' Sarambu,"Sumpia, 3VC5+QFR, Embatau, Kec. Tikala, Kabupaten Toraja Utara, Sulawesi Selatan 91854, Indonesia",-2.9280042,119.8586556,Kabupaten Tana Toraja,Sulawesi Selatan
ChIJ2QoVo2tShzIRF2NFnSvKN6M,Situs Sejarah Ratu Oki,"2MR8+RXF, Kali, Kec. Tombatu, Kabupaten Minahasa Tenggara, Sulawesi Utara, Indonesia",1.0420552,124.6674288,Kabupaten Minahasa Selatan,Sulawesi Utara
ChIJzZWJDQQdhi0RlsDvficLcyo,Pasir Putih,"4MG9+M22, Tete B, Kec. Ampana Tete, Kabupaten Tojo Una-Una, Sulawesi Tengah, Indonesia",-0.8733508,121.6675286,Kabupaten Tojo Una-Una,Sulawesi Tengah
ChIJD5fcF9FxpC0RC_ryqvna4lA,Goa moko,"FHCC+WHF, Sulaa, Kec. Betoambari, Kota Bau-Bau, Sulawesi Tenggara 93721, Indonesia",-5.5276856,122.5714226,Kota Baubau,Sulawesi Tenggara
ChIJQ1yIaZb_mC0R2hCWWDRcy2g,Pantai Panggulawu,"6CQW+J26, Panggulawu, Kec. Sawa, Kabupaten Konawe Utara, Sulawesi Tenggara, Indonesia",-3.7609538,122.4450121,Kabupaten Konawe,Sulawesi Tenggara
ChIJTVYhKwDRki0RlWt2k1AZU1s,Bukit Sukun Bhayangkara 78,"9R7J+67, Bulutakkang, Rangas, Simboro Dan Kepulauan, Mamuju Regency, West Sulawesi, Indonesia",-2.6446529,118.8393648,Kabupaten Mamuju,Sulawesi Barat
ChIJ5QnTtWAdvC0RR5dsrmOuW6w,Wisata Alam & Kolam Renang WAE TUO TEMBO'E,"Unnamed Road, 92552, Bonto Minasa, Kec. Bulukumpa, Kabupaten Bulukumba, Sulawesi Selatan 92552, Indonesia",-5.3384385,120.213494,Kabupaten Bulukumba,Sulawesi Selatan
ChIJ3fq_8-GjgDIRRwn1kUsIpRk,Luak Hutan Mangrove Kotabunan Selatan,"Kotabunan, Kabupaten Bolaang Mongondow Timur, Sulawesi Utara, Indonesia",0.805179,124.6489652,Kabupaten Bolaang Mongondow Timur,Sulawesi Utara
ChIJDRTHU0S7iy0Reqe0p2CYZ_0,Pantai To Bolo Lia,"7MR9+M4V, Towale, Kec. Banawa Tengah, Kabupaten Donggala, Sulawesi Tengah 94351, Indonesia",-0.7082746,119.6678039,Kabupaten Donggala,Sulawesi Tengah
ChIJl5VF5Qi1oy0R0XWYL4928DM,Puncak lakampufu,"Kondongia, Kec. Lohia, Kabupaten Muna, Sulawesi Tenggara, Indonesia",-4.8754124,122.7030259,Kabupaten Muna,Sulawesi Tenggara
ChIJ37k1hryzoy0RgAnjH10a76M,Wisata kasiono oe,"4HG5+6HH, Lapadaku, Kec. Lawa, Kabupaten Muna, Sulawesi Tenggara 93652, Indonesia",-4.8744329,122.5589929,Kabupaten Muna,Sulawesi Tenggara
ChIJC05wUGOZvi0RTMgYD0GvE3o,Air Terjun Salo Rumpala,"Bar.,, R26M+F2M, Bonto Salama, Kec. Sinjai Bar., Kabupaten Sinjai, Sulawesi Selatan 92653, Indonesia",-5.1887837,120.0325401,Kabupaten Sinjai,Sulawesi Selatan
ChIJxdc2p1sxhzIRdo-877QtW1c,"Bukit Tinggi Beach (Kakas,Minahasa)","3X75+XV9, Barat, Bukit Tinggi, Kec. Kakas, Kabupaten Minahasa, Sulawesi Utara, Indonesia",1.0649021,124.9597333,Kabupaten Minahasa,Sulawesi Utara
ChIJR-MHMciYgDIRONhAdnWgXgY,Danau Bunong,"PJH4+M93, Togid, Kec. Tutuyan, Kabupaten Bolaang Mongondow Timur, Sulawesi Utara, Indonesia",0.7291305,124.6059112,Kabupaten Bolaang Mongondow Timur,Sulawesi Utara
ChIJrTUoWJt3pC0Ra1zJ7M00vQ0,Taman Bukit Kaluku,"GHMP+CRJ, Bone-Bone, Batupoara, Kota Bau-Bau, Sulawesi Tenggara 93712, Indonesia",-5.4664036,122.5870311,Kota Baubau,Sulawesi Tenggara
ChIJUSuwG2K1oy0Ru7hPloO3hYQ,Masalili Hilltop,"4MJJ+W2C, Masalili, Kabupaten Muna",-4.8676925,122.6800102,Kabupaten Muna,Sulawesi Tenggara
ChIJNa6Iw4eboi0Rx5Z0DBblWzU,WAM(wisata Air Meronga),"J49V+MVF, Meronga Raya, Lalembuu, Kabupaten Konawe Selatan, Sulawesi Tenggara 93885, Indonesia",-4.3808225,122.1446721,Kabupaten Konawe Selatan,Sulawesi Tenggara
ChIJB5VcgI2YkS0RkRY8St_iJG4,Wisata Batu Kembar,"CGG5+652, Patoloan, Kec. Bone-Bone, Kabupaten Luwu Utara, Sulawesi Selatan 91966, Indonesia",-2.5744774,120.5078993,Kabupaten Luwu Utara,Sulawesi Selatan
ChIJawR7gJhroi0RX65ODCLQfFU,Wisata Bahari Batu Beranak,"GM57+8RJ, Polewali, Kec. Lainea, Kabupaten Konawe Selatan, Sulawesi Tenggara 93881, Indonesia",-4.4916747,122.6645117,Kabupaten Konawe Selatan,Sulawesi Tenggara
ChIJjSWhyrinkS0RRz7VIhDEz_c,Dusun Burau Pantai,"9M4Q+R27, Burau Pantai, Kec. Burau, Kabupaten Luwu Timur, Sulawesi Selatan, Indonesia",-2.6429699,120.687555,Kabupaten Luwu Utara,Sulawesi Selatan
ChIJGxdxXr4LpC0RVs_LMIGSRKE,Air Terjun Kaongkeongkea,"GPPX+QCV, Bau-Bau - Ambon, Wakaokili, Kec. Ps. Wajo, Kabupaten Buton, Sulawesi Tenggara 93757, Indonesia",-5.4630094,122.7485331,Kota Baubau,Sulawesi Tenggara
ChIJS-lavxoLky0RYA78m6Dxcxc,Puncak Timbu Dama',"39P8+MM, Mambuliling, Kec. Mamasa, Kabupaten Mamasa, Sulawesi Barat 91362, Indonesia",-2.9133685,119.3667384,Kabupaten Mamasa,Sulawesi Barat
ChIJHe5Hfm8nvC0RSAkUnkaj6ak,AIR TERJUN & PANDAI BESI BARUTTUNG,"V6P4+2JC, Alehanuae, Kec. Sinjai Utara, Kabupaten Sinjai, Sulawesi Selatan 92613, Indonesia",-5.114925299999999,120.2065156,Kabupaten Sinjai,Sulawesi Selatan
ChIJu1k3IQDLuy0RKSvqu67gNHE,Skyland Bolonglangi',"WGR8+29, Bontomarannu, Kab. Kepulauan Selayar",-6.059937499999999,120.5159375,Kabupaten Kepulauan Selayar,Sulawesi Selatan
ChIJu9WNfwAVhzIRgI7w45n2F_Q,Puncak Buah D'88,"7VP7+7M3 Perkebunan Patuwa, Tataaran Dua, Kabupaten Minahasa",1.2856284,124.8641843,Kabupaten Minahasa,Sulawesi Utara
ChIJzeeUbQDvmC0ReEOjF27Fz0c,Tompa One Hidden Beach,"4H3M+RM, Soropia, Kabupaten Konawe",-3.8953153,122.5840917,Kabupaten Konawe,Sulawesi Tenggara
ChIJX4QA3Oytoy0ROh79uyAHq38,Wisata Permandian Koke,"4GRM+MP8, Latugho, Kec. Lawa, Kabupaten Muna, Sulawesi Tenggara 93652, Indonesia",-4.858349599999999,122.5343196,Kabupaten Muna,Sulawesi Tenggara
ChIJ08jAK3orfzIRjUh--AznFHQ,Pantai Botubarani,"F3JP+QG8, Botubarani, Kec. Kabila Bone, Kabupaten Bone Bolango, Gorontalo 96111, Indonesia",0.4819132,123.0863159,Kabupaten Bone Bolango,Gorontalo
ChIJh145mhwfvy0RALB7xYwKrlE,New Sampulungan Beach,"Q92H+2X8, Jl. Nelayan, Sampulungan Ca, di, Tamalate, Kabupaten Takalar",-5.2499631,119.3799388,Kota Makassar,Sulawesi Selatan
ChIJqb_Yhikhvy0RpLjwZb-WHuM,TAMAN WISATA BUMDES BERKAH BERSAMA,"Bontobaddo, Kalebarembeng, Kabupaten Gowa",-5.342219099999999,119.4131955,Kabupaten Takalar,Sulawesi Selatan
ChIJcRgkn9jxdjIRIAaCXOmXwrM,Rest Area Puncak Tikungan,"Unnamed Road, HMWJ+JJQ, Ogobayas, Mepanga, Kabupaten Parigi Moutong, Sulawesi Tengah 94552, Indonesia",0.5965933999999999,120.6816027,Kabupaten Tolitoli,Sulawesi Tengah
ChIJATf2_OVJmi0ROmR0J2nUYRk,Bahomoumpa waterfall,"4773+68C, Puungkeu, Kec. Bungku Sel., Kabupaten Morowali, Sulawesi Tengah 94974, Indonesia",-2.8869367,122.2532741,Kabupaten Konawe Utara,Sulawesi Tenggara
ChIJ_____z-Boy0RXeSzij4bZUg,Wantopi Beach,"Wantopi Beach, Wantopi, East Mawasangka, Buton Regency, South East Sulawesi 93762, Indonesia",-5.3666044,122.4697629,Kabupaten Buton Selatan,Sulawesi Tenggara
ChIJUX4KsUdqvi0RPbhqG4dL0K8,Bulu Tondongkarambu,"Bulu Tondongkarambu, Gattareng, Kec. Pujananting, Kabupaten Barru, Sulawesi Selatan, Indonesia",-4.735833299999999,119.8216667,Kabupaten Maros,Sulawesi Selatan
ChIJuwTjfnMtlC0RG8KpgHfG3_w,Wisata Pemandian Alam Barukku,"63R5+5VF, Batu, Kec. Pitu Riase, Kabupaten Sidenreng Rappang, Sulawesi Selatan 91691, Indonesia",-3.759550699999999,120.059676,Kabupaten Sidenreng Rappang,Sulawesi Selatan
ChIJH15qDARDkC0RS6wKq356H4I,"Mata air Bura-bura, Matano","G6V8+F9Q, Danau, Kec. Nuha, Kabupaten Luwu Timur, Sulawesi Selatan 92983, Indonesia",-2.4562848,121.2159787,Kabupaten Luwu Timur,Sulawesi Selatan
ChIJQb3QP5yjfjIRI6wprX9R8iQ,Binuanga Tracking Mangrove,"Unnamed Road, VCWG+25R, Binuanga, Kec. Bolang Itang Tim., Kabupaten Bolaang Mongondow Utara, Sulawesi Utara, Indonesia",0.8951002,123.4253779,Kabupaten Bolaang Mongondow Utara,Sulawesi Utara
ChIJLckBgaILizIRcMEqg1TFO4o,Pantai Apes,"JF4J+74C, Apeng Sembeka, Kec. Tahuna, Kabupaten Kepulauan Sangihe, Sulawesi Utara, Indonesia",3.6053383,125.4803617,Kabupaten Kepulauan Sangihe,Sulawesi Utara
ChIJ61CuIln3iy0RSa0x_D-htJY,Bukit Kelor,"XWXR+QFC, Upt Lembah Palu, Kec. Sigi Biromaru, Kabupaten Sigi, Sulawesi Tengah 94364, Indonesia",-1.000568,119.9411492,Kabupaten Sigi,Sulawesi Tengah
ChIJQ1riMQDtmC0R7_wbh1klPZ8,Permandian Baru,"2JC8+28, Bungkutoko",-3.9799229,122.6158055,Kota Kendari,Sulawesi Tenggara
ChIJ0XN7J415oS0RC7mR2XOWx_Q,Pantai Wanua Ndoke,"Unnamed Road, 46Q6+3M4, Bonelipu, Kec. Kulisusu, Kabupaten Buton Utara, Sulawesi Tenggara 93672, Indonesia",-4.8623638,123.2117108,Kabupaten Buton Utara,Sulawesi Tenggara
ChIJkftXuJIFpy0RGDxj3mYArCM,Benteng Nata,"6WWX+8MW, Jl. Encik Sulaiman, Kahiyanga, Kec. Tomia Tim., Kabupaten Wakatobi, Sulawesi Tenggara 93797, Indonesia",-5.754139599999999,123.9491882,Kabupaten Wakatobi,Sulawesi Tenggara
ChIJk0Mwf49Xvi0RGHH7AMIkePw,Desa Wisata Rammang-rammang,"Salenrang, Rammang-rammang, Kabupaten Maros, Sulawesi Selatan 90554, Indonesia",-4.9319612,119.5976668,Kabupaten Maros,Sulawesi Selatan
ChIJb5tN3PIlvC0RKNeMOAbIOig,Kabupaten sinjai,"V7H4+22G, Balangnipa",-5.122449599999999,120.2550869,Kabupaten Sinjai,Sulawesi Selatan
ChIJ-aCv5Oiiky0R6_RIHywUKw0,Wisata Alam Pa' Baladoan,"2HXG+RMW, Kadundung, Kec. Masanda, Kabupaten Tana Toraja, Sulawesi Selatan 91856, Indonesia",-2.9503821,119.576698,Kabupaten Mamasa,Sulawesi Barat
ChIJd42TioAJlC0R9DwV3ntXcZA,Desa Wisata Pinus Pa'tengko,"QV2W+7W, Patengko, Kec. Mengkendek, Kabupaten Tana Toraja, Sulawesi Selatan, Indonesia",-3.249353,119.8972535,Kabupaten Enrekang,Sulawesi Selatan
ChIJXxv_GNq3kS0RZlRESl1xAmc,LORONG PERMANDIAN UELANTI,"HQWW+MJ3, Jl. Trans Sulawesi, Kasintuwu, Kec. Mangkutana, Kabupaten Luwu Timur, Sulawesi Selatan 92973, Indonesia",-2.4033615,120.796561,Kabupaten Luwu Timur,Sulawesi Selatan
ChIJsZZB5wD5fTIRRhzAqBnyUrg,Air Terjun Wolinow,"3FW5+GMV, Makasili, Kec. Kumelembuai, Kabupaten Minahasa Selatan, Sulawesi Utara, Indonesia",1.0963745,124.4591627,Kabupaten Minahasa Selatan,Sulawesi Utara
ChIJV1EhBvL7fTIRU2DzvHM-kUE,Desa Boyong Pante,"485V+XH6, Jl. Trans Sulawesi, Boyonpante, Kec. Sinonsayang, Kabupaten Minahasa Selatan, Sulawesi Utara, Indonesia",1.1099004,124.343887,Kabupaten Bolaang Mongondow,Sulawesi Utara
ChIJGRx2LBilfjIR2egUfA8sgGs,Teratai Putih,"W73V+34W, Talaga Tomoagu, Kec. Bolang Itang Bar., Kabupaten Bolaang Mongondow Utara, Sulawesi Utara, Indonesia",0.9027493,123.2928379,Kabupaten Bolaang Mongondow Utara,Sulawesi Utara
ChIJKwZOU3eFiy0R9-Opyc-twzo,Pantai Wisata Maponu,"3GFF+4CR, Maponu, Kec. Sarjo, Kab. Pasangkayu, Sulawesi Barat 91574, Indonesia",-0.9271439,119.5235309,Kabupaten Pasangkayu,Sulawesi Barat
ChIJse172NKLmi0R5w2Hz1R9IDQ,Wisata Mangrove Tofuti,"CXQH+G55, Tofuti, Kabupaten Morowali",-2.5612456,121.9779896,Kabupaten Morowali,Sulawesi Tengah
ChIJQWxMUzAply0R3ZDJV6_n7Zg,Dermaga Lawadia,"MX93+WM7, Lawadia, Kec. Tiwu, Kabupaten Kolaka Utara, Sulawesi Tenggara, Indonesia",-3.3302122,120.9541817,Kabupaten Kolaka Utara,Sulawesi Tenggara
ChIJkUkiaAAtfzIRVKs_RfKo6-A,Pantai Karang tajam,"C4GQ+C2F, Taludaa - Pelabuhan Gorontalo, Bintalahe, Kec. Kabila Bone, Kabupaten Bone Bolango, Gorontalo, Indonesia",0.4260536,123.1375558,Kabupaten Bone Bolango,Gorontalo
ChIJzZc0DotBlC0Rjjsuxn1pNWA,Anjungan Sungai Mata Allo,"Anjungan Sungai Mata Allo, Galonta, Kec. Enrekang, Kabupaten Enrekang, Sulawesi Selatan 91711, Indonesia",-3.5641299,119.7752717,Kabupaten Enrekang,Sulawesi Selatan
ChIJw1gYcwARgy0R7T5l1uAeAN4,Wisata Bahari Kapelak,"7HPH+6C, Matanga, Kab. Banggai Laut, Sulawesi Tengah, Indonesia",-1.7143808,123.578576,Kabupaten Banggai Kepulauan,Sulawesi Tengah
ChIJ36ihWgAPoi0R29B_dkaHVZY,Air Terjun Malaringgi,"MV7G+P2C, Malaringgi, Laonti, Kabupaten Konawe Selatan, Sulawesi Tenggara, Indonesia",-4.3356908,122.8750222,Kabupaten Buton Utara,Sulawesi Tenggara
ChIJVTEjfpqBoy0RVlaDZuBCKsM,Tanjung Buaya,"HCXP+928, Tanjung Buaya, Mawasangka Tim., Kabupaten Buton, Sulawesi Tenggara 93762, Indonesia",-5.401589899999999,122.4350808,Kabupaten Buton Selatan,Sulawesi Tenggara
ChIJhXlPjaY1eDIR8NMQ3a_eY5M,Taman Segitiga,"FXG6+3V3, Palopo, Kec. Marisa, Kabupaten Pohuwato, Gorontalo 96265, Indonesia",0.4751291,121.962185,Kabupaten Pohuwato,Gorontalo
ChIJJf5N1Hj_eDIRb7fTUPmp6xE,Pulau Idaman Boalemo (Eks Pulo Mohupomba),"F9F6+MQQ, Bajo, Kec. Tilamuta, Kabupaten Boalemo, Gorontalo 96263, Indonesia",0.4742179999999999,122.361984,Kabupaten Boalemo,Gorontalo
ChIJkd82qQe7gDIR_vuydYcbeLs,Pantai Tanjung Bubuan,"Unnamed Road, RMVX+5C9, Buyat I, Kotabunan, Kabupaten Bolaang Mongondow Timur, Sulawesi Utara, Indonesia",0.8429034000000001,124.6986125,Kabupaten Minahasa Tenggara,Sulawesi Utara
ChIJ35kASB3rmC0RYhPaheHX2Bw,Bokori Beach,"3M55+XWR Pulau Wisata Bokori, Tapulaga, Kabupaten Konawe",-3.9400062,122.6597541,Kabupaten Konawe,Sulawesi Tenggara
ChIJM5HUm0t2pC0RZZd7soepICY,Pantai One Wanta,"Pantai One Wanta, One Waara, Lakudo, Buton Regency, South East Sulawesi 93763, Indonesia",-5.427277,122.58587,Kabupaten Buton Selatan,Sulawesi Tenggara
ChIJixfwi19fky0ROx2T9mKVda4,Air Terjun Kona Rattekallang,"Unnamed Road, Q2HH+M2X, Pollewani, Kec. Tutar, Kabupaten Polewali Mandar, Sulawesi Barat 91355, Indonesia",-3.220756,119.0275975,Kabupaten Majene,Sulawesi Barat
ChIJPydIRD0Lky0R9DqG_BaP9u0,"Kebun Strawberry ""Dunia Berry""","394M+JQ7, Mamasa, Kabupaten Mamasa",-2.9434521,119.3844155,Kabupaten Mamasa,Sulawesi Barat
ChIJ9X2DAopzhzIRHcKWIEEffy0,Batu Kuangang Wisata,"Jalan Batu Kuangang, Lingkungan VII, Malalayang Satu Barat, Kec. Malalayang, Kota Manado, Sulawesi Utara, Indonesia",1.4399257,124.8010121,Kota Manado,Sulawesi Utara
ChIJndeIq-CdgDIRvMLbgFsWrqU,Pantai biskam,"MH57+Q6P, Motongkad, Kec. Nuangan, Kabupaten Bolaang Mongondow Timur, Sulawesi Utara, Indonesia",0.6594622,124.5630657,Kabupaten Bolaang Mongondow Timur,Sulawesi Utara
ChIJuX1W242tcDIRCEUw0XBbCMo,Pantai Maninang Buol,"4FQ3+3W6, Jl. Buol - Gorontalo, Bokat, Kec. Bokat, Kabupaten Buol, Sulawesi Tengah 94564, Indonesia",1.1376563,121.4547623,Kabupaten Buol,Sulawesi Tengah
ChIJYeVmBqwmvC0Ri8FvAGjdZzI,Bukit TRL,"Tim., R6JW+63H, Saukang, Kec. Sinjai Tim., Kabupaten Sinjai, Sulawesi Selatan 92671, Indonesia",-5.1694398,120.2452188,Kabupaten Sinjai,Sulawesi Selatan
ChIJ74piqPzvky0R5beZYHmM9Pc,Objek Wisata Danau Assa,"VVWJ+PV9 Kalembang, Lea, Kec. Sangalla, Kabupaten Tana Toraja, Sulawesi Selatan, Indonesia",-3.1032125,119.8822344,Kabupaten Tana Toraja,Sulawesi Selatan
ChIJDdSAn5ZfkS0RjgB_N49DFi0,Gunung Kambing Sea & City View Palopo,"25CH+C3G, Salobulo, Kec. Wara Utara, Kota Palopo, Sulawesi Selatan 91911, Indonesia",-2.9789429,120.1777026,Kota Palopo,Sulawesi Selatan
ChIJldYEoBu7mi0R_dRpLcULGrw,Pulau Karang Pasir Putih,"PRF7+4PF, Desa, Umpanga, Kabupaten Morowali, Indonesia",-2.2771948,121.814292,Kabupaten Morowali,Sulawesi Tengah
ChIJt7xHiJ_pky0R6E7kA750wsg,Objek wisata kolam tilanga',"jln.objek wisata tilanga, XV7P+RP6, Sarira, Kec. Makale Utara, Kabupaten Tana Toraja, Sulawesi Selatan 91852, Indonesia",-3.0351475,119.8868486,Kabupaten Tana Toraja,Sulawesi Selatan
ChIJTYpd-4l8kC0RAlK680IxXhE,Danau Mahalona,"Danau Mahalona, Kec. Towuti, Kabupaten Luwu Timur, Sulawesi Selatan, Indonesia",-2.594989,121.4970294,Kabupaten Luwu Timur,Sulawesi Selatan
ChIJowuhlU4mvy0R6FBp-e3ecPc,Pantai MANGNGESU Desa Salajangki,"H9M7+6QV, Salajangki, Kec. Bontonompo Sel., Kabupaten Gowa, Sulawesi Selatan 92153, Indonesia",-5.4168993,119.3644307,Kabupaten Takalar,Sulawesi Selatan
ChIJ-WVXT2XCki0RrSCWry8xaZk,Wisata Pantai Galung,"F2FM+HFV, Kalukku Bar., Kec. Kalukku, Kabupaten Mamuju, Sulawesi Barat, Indonesia",-2.5260244,119.033657,Kabupaten Mamuju,Sulawesi Barat
ChIJU6Pr5uw7hzIRREG2daCCTY4,Pantai Tanjung Atep Oki,"42WF+FG8, Parentek, Kec. Lembean Tim., Kabupaten Minahasa, Sulawesi Utara, Indonesia",1.1461615,125.0238223,Kabupaten Minahasa,Sulawesi Utara
ChIJY0CU4bm9izIR1bcPsG89cXY,Bio Hill (Puncak Bio Pemandangan Alam),"CGJQ+HC, Makalekuhe, Tamako, Kabupaten Kepulauan Sangihe, Sulawesi Utara, Indonesia",3.431538,125.5384997,Kabupaten Kepulauan Sangihe,Sulawesi Utara
ChIJM2kOVQDPmS0R_GGE3bfB0Wo,Air terjun garuda,"9VHP+WQ2, Garuda, Kec. Abuki, Kabupaten Konawe, Sulawesi Tenggara, Indonesia",-3.6202399,121.8868994,Kabupaten Kolaka,Sulawesi Tenggara
ChIJh4OguIv_vi0R-LRrPcMk4is,Pantai,"WFR8+HMC, Jl. Salodong, Untia",-5.058508,119.466379,Kota Makassar,Sulawesi Selatan
ChIJc6RcKibRvi0Rgej6r7vhdFI,Taman Buru Ko'mara,"HH84+29H, Cakura, Kec. Polombangkeng Sel., Kabupaten Takalar, Sulawesi Selatan 92252, Indonesia",-5.4349494,119.5559733,Kabupaten Takalar,Sulawesi Selatan
ChIJr1LISgBVkS0RTznh7Qhy9fA,Permandian Alam Tampa,"R66G+QC, Tampa, Kec. Ponrang, Kabupaten Luwu, Sulawesi Selatan, Indonesia",-3.1889783,120.225053,Kabupaten Luwu,Sulawesi Selatan
ChIJd5pqGZkdjy0Rr5rAt4sY1mI,Air terjun Toerama Toliba,"HXJ5+G5Q, Toliba, Kec. Tojo Bar., Kabupaten Tojo Una-Una, Sulawesi Tengah 94681, Indonesia",-1.4186631,120.9579854,Kabupaten Poso,Sulawesi Tengah
ChIJv6WXqYZrhC0RjFMzh2tMD38,PULAU TIKUS,"MP8X+6RH, Paisubatu, Kec. Buko, Kabupaten Banggai Kepulauan, Sulawesi Tengah, Indonesia",-1.3344383,122.7496175,Kabupaten Banggai Laut,Sulawesi Tengah
ChIJX7VfSQD9vi0RSGtfBju-FDg,Ecoeduwisata Mangrove Parangloe,"VCRV+P67, Kasorokang, Parang Loe, Kec. Tamalanrea, Kota Makassar, Sulawesi Selatan 90245, Indonesia",-5.108213999999999,119.4430459,Kota Makassar,Sulawesi Selatan
ChIJkyAzyDBMlC0RdkMwBNq0ILw,Bulu Paleteang,"Bulu Paleteang, Temmassarangnge, Kec. Paleteang, Kabupaten Pinrang, Sulawesi Selatan, Indonesia",-3.7647222,119.66,Kabupaten Pinrang,Sulawesi Selatan
ChIJwdKqTx3_hjIRcscH-CtNxVE,Pante Woka,"F77C+R43, Gn. Woka, Kota Bitung",1.4645161,125.2702953,Kota Bitung,Sulawesi Utara
ChIJDfBpYPcTiTIRbQIhDZeu8to,TUGU I LOVE SITARO,"PCJ7+P9P, Unnamed Road, Tatahadeng, Kec. Siau Tim., Sulawesi Utara 95861, Indonesia",2.7318276,125.41345,Kabupaten Kepulauan Siau Tagulandang Biaro,Sulawesi Utara
ChIJy7DQkwjJiy0RUZqXfvEUo5M,Wisata Uwe Tombu,"CQ2Q+GV, Toaya, Kec. Sindue, Kabupaten Donggala, Sulawesi Tengah, Indonesia",-0.5986424,119.7896882,Kabupaten Donggala,Sulawesi Tengah
ChIJNw0x99rfiy0RkgaUXzctHKA,"Pantai Bamba Taipa, Pelawa Baru, Parigi Tengah, Sulawesi Tengah","742C+8F8, Jl. Trans Sulawesi, Pelawa Baru, Kec. Parigi Tengah, Kabupaten Parigi Moutong, Sulawesi Tengah 94471, Indonesia",-0.7492169,120.1211901,Kabupaten Donggala,Sulawesi Tengah
ChIJLYaOxgt1pC0RmfiX6URb-to,Muara Lakologou,"HJPW+H43, Lakologou, Kec. Kokalukuna, Kota Bau-Bau, Sulawesi Tenggara 93758, Indonesia",-5.4136095,122.6452853,Kabupaten Buton Selatan,Sulawesi Tenggara
ChIJzQymJKaDmC0RW3m0xsYSJKU,Anduna Camping Ground,"Anduna, Kec. Laeya, Kabupaten Konawe Selatan, Sulawesi Tenggara 93880, Indonesia",-4.250994599999999,122.4837202,Kabupaten Konawe Selatan,Sulawesi Tenggara
ChIJdzqu2JOBlC0RdLiWtf3cDG8,Permandian Air Panas Alam Malimbong,"P9GJ+M4M, Malimbong, Kec. Messawa, Kabupaten Mamasa, Sulawesi Barat 91361, Indonesia",-3.2732974,119.380311,Kabupaten Polewali Mandar,Sulawesi Barat
ChIJOWVbGYnJfjIR8RmwK6l_dW4,Ilomata River Camp,"Jalan Pilomatea, Dusun 3 Pilomatea, Ilomata, Kec. Bulango Ulu, Kabupaten Bone Bolango, Gorontalo 96545, Indonesia",0.6988795000000001,123.1823541,Kabupaten Bone Bolango,Gorontalo
ChIJpUcDLPP_uy0RblL7e8fguek,Kolam renang Roni Cell,"Jln.menara, Tanah Kongkong",-5.564106699999999,120.1858847,Kabupaten Bulukumba,Sulawesi Selatan
ChIJP76UgldLhzIRG9CjyJ-07r0,Danau Lumpias Ratahan,"2Q3G+7P2, Jl. Ratahan - Kotamobagu, Wawali, Kec. Ratahan, Kabupaten Minahasa Tenggara, Sulawesi Utara, Indonesia",1.0031482,124.77676,Kabupaten Minahasa Selatan,Sulawesi Utara
ChIJyWY5sOu3fzIRUnPlyN878Ms,Pantai Modisi,"93MG+W6, Linawan, Kec. Pinolosian, Kabupaten Bolaang Mongondow Selatan, Sulawesi Utara, Indonesia",0.3848519,124.0755568,Kabupaten Bolaang Mongondow Selatan,Sulawesi Utara
ChIJCXqno1TtmC0RQ6aDoC293rw,Pantai maya ria kasilampe,"2JG2+HV6, Jl. R. E. Martadinata, Kessilampe, Kota Kendari, Sulawesi Tenggara 93121, Indonesia",-3.973587999999999,122.60215,Kota Kendari,Sulawesi Tenggara
ChIJD9mYCoXTkC0RUe2sALClqpQ,PANTAI DELON,"Q2VP+XV4, Olo Oloho, Kec. Pakue, Kabupaten Kolaka Utara, Sulawesi Tenggara, Indonesia",-3.2051075,121.0372128,Kabupaten Kolaka Utara,Sulawesi Tenggara
ChIJkbnLnjKjoy0Rjdx9jsthtnQ,Masjid Al-Husein,"WGC2+2HV, Wakumoro, Kec. Parigi, Kabupaten Muna, Sulawesi Tenggara 93661, Indonesia",-5.0798996,122.5014354,Kabupaten Buton Tengah,Sulawesi Tenggara
ChIJLYncT5fnvi0RG-Jw7O61-ck,Lembah Titung (Bukit Teletubbies),"QG4C+J4P, Bontomanai, Kabupaten Gowa",-5.243405399999999,119.5203348,Kota Makassar,Sulawesi Selatan
ChIJ0cWMbyblvi0R9_VdOIanFh4,Dusun Sawagi Desa Pattallassang Kabupaten Gowa,"RH27+99C, Jl. Danau Sawagi, Pattallasang, Kec. Pattallassang, Kabupaten Gowa, Sulawesi Selatan 92171, Indonesia",-5.1990525,119.563401,Kota Makassar,Sulawesi Selatan
ChIJW_7cxPIAhzIR8bQMT7WzxXI,Gunung Dua Saudara,"Gn. Dua Saudara, Kadoodan, Kec. Madidir, Kota Bitung, Sulawesi Utara, Indonesia",1.4811503,125.1618647,Kota Bitung,Sulawesi Utara
ChIJta5tgh8JjC0RsXD3CtKL5uw,Kebun Buah Sigi,"WWQ4+RWX, Sidondo IV, Kec. Sigi Biromaru, Kabupaten Sigi, Sulawesi Tengah 94362, Indonesia",-1.0603906,119.9073494,Kabupaten Sigi,Sulawesi Tengah
ChIJFwUs-r2Loy0ReY-R8vUT4tw,Bukit Alam Kolagana,"MM32+FVF, Jl. Kolagana, Palabusa, Kec. Bungi, Kota Bau-Bau, Sulawesi Tenggara 93758, Indonesia",-5.3463093,122.6521702,Kabupaten Buton Selatan,Sulawesi Tenggara
ChIJXcAXXLRrpC0RYxvLQkW4okw,Pantai Jodoh,"8J5M+R36, Desa, Lampanairi, Batauga, Kabupaten Buton, Sulawesi Tenggara 93752, Indonesia",-5.6904501,122.6326253,Kabupaten Buton,Sulawesi Tenggara
ChIJsdDgjA7MeTIRa7am1X7Wdn0,Embung Iloheluma,"Dudepo, Kec. Patilanggio, Kabupaten Pohuwato, Gorontalo 96266, Indonesia",0.5641364999999999,121.8937826,Kabupaten Pohuwato,Gorontalo
ChIJ2R-cL-bbky0RgJGIVnTxjdI,Sungai simbuang,"43W6+V83, Ilan Batu, Kec. Walenrang Bar., Kabupaten Luwu, Sulawesi Selatan, Indonesia",-2.8528531,120.0608103,Kabupaten Toraja Utara,Sulawesi Selatan
ChIJd8Y7wy_noi0RdpKBaOHCuCs,Permandian Air Terjun Sangkona,"Unnamed Road,, 628H+P3F, Doule, Kec. Rumbia, Kabupaten Bombana, Sulawesi Tenggara 93771, Indonesia",-4.7831823,122.0276872,Kabupaten Muna Barat,Sulawesi Tenggara
ChIJA5YyKCulhi0RtAUtLFjLja0,Pantai Kilongan,"Kilongan, Kabupaten Banggai",-0.9307386,122.8445144,Kabupaten Banggai Laut,Sulawesi Tengah
ChIJ0SkOdobtmC0RtZLFA9tBw08,"Dermaga Desa Sorue Jaya, penyeberangan pertama menuju wisata pulau bokori","Sorue Jaya, Kabupaten Konawe, Sulawesi Tenggara 93351, Indonesia",-3.9406183,122.6269208,Kota Kendari,Sulawesi Tenggara
ChIJ8dSTFPAfoy0RcBi-O25Xi74,Pantai Alo Alo,"42GQ+MP, Pulau Tambako, Mata Oleo, Kabupaten Bombana, Sulawesi Tenggara, Indonesia",-4.873283700000001,122.0392623,Kabupaten Muna Barat,Sulawesi Tenggara
ChIJt-9mXcEdvy0RD11FZoJeBfo,Pantai Tarawat,"Q9WJ+MC7, Barombong, Kota Makassar",-5.2033347,119.3810543,Kota Makassar,Sulawesi Selatan
ChIJNblugIjXvi0R1bbpa5CCAbM,Wisata Topejawa,"FCRJ+CCX, Topejawa, Kec. Mangarabombang, Kabupaten Takalar, Sulawesi Selatan 92261, Indonesia",-5.5088989,119.4311232,Kabupaten Takalar,Sulawesi Selatan
ChIJl5T4t2tFvi0RrciJJPM9Kew,Danau Aneka Tama Siloro Pangkep,"6J2H+442 Jalan poros siloro, Jalan Poros, Bontoa, Kec. Minasatene, Kabupaten Pangkajene Dan Kepulauan, Sulawesi Selatan 90615, Indonesia",-4.7997282,119.6277552,Kabupaten Pangkajene Dan Kepulauan,Sulawesi Selatan
ChIJlccGEhyxvi0R9EO5zA3ytvg,Air Terjun Garuntungan Kassi,"HV2M+CRF, Kassi, Kabupaten Jeneponto",-5.4489338,119.8845321,Kabupaten Bantaeng,Sulawesi Selatan
ChIJayfybqihhzIRK6jJPohyJ88,Sultan Birding Tours Indonesia,Perumahan Griya Paniki Indah Jalan Anggrek K No. 24 Mapanget,-0.8857763,119.8692472,Kota Palu,Sulawesi Tengah
ChIJb9ImS2LVeDIRclAkEC7lvk8,Pantai Indah,"Pantai Indah, Pohe, Kec. Hulonthalangi, Kota Gorontalo, Gorontalo, Indonesia",0.5022222,123.0491667,Kabupaten Bone Bolango,Gorontalo
ChIJscl29fC3kS0RQwYmHxjazdQ,Sungai Malela,"Margolembo, Kec. Mangkutana, Kabupaten Luwu Timur, Sulawesi Selatan, Indonesia",-2.2789933,120.6545022,Kabupaten Luwu Utara,Sulawesi Selatan
ChIJ1dggWQAFii0R9HPhU-2VLLE,Pantai OGO BUAYA,"V2QR+742, Silampayang, Kec. Kasimbar, Kabupaten Parigi Moutong, Sulawesi Tengah, Indonesia",-0.1118631,120.0402578,Kabupaten Parigi Moutong,Sulawesi Tengah
ChIJ4zqy2lDqgy0R0pRqi-wxtMM,Wisata Pasir Putih Pompon,"QC83+V28, Lalong, Kec. Tinangkung Utara, Kabupaten Banggai Kepulauan, Sulawesi Tengah 94885, Indonesia",-1.2328345,123.4025892,Kabupaten Banggai,Sulawesi Tengah
ChIJo_fo78yzvi0RFEEF9uSUwH8,Air Terjun Parampangi,"FWR8+QVP, Bonto Maccini, Kec. Sinoa, Kabupaten Bantaeng, Sulawesi Selatan 92451, Indonesia",-5.508049,119.917203,Kabupaten Bantaeng,Sulawesi Selatan
ChIJFx6W-YtVhjIRTR7ccnRnlws,Pantai Salise Lembeh Utara Kota Bitung,"Pantai Salise Lembeh Utara Kota Bitung, Motto, Kec. Lembeh Utara, Kota Bitung, Sulawesi Utara, Indonesia",1.4994398,125.2758463,Kota Bitung,Sulawesi Utara
ChIJpdAj2c7Ooy0ROE9THK6jb9s,Danau Bakealu,"3RP8+7MG, Bakealu, Kec. Wakorumba Sel., Kabupaten Muna, Sulawesi Tenggara, Indonesia",-4.9143072,122.8167123,Kabupaten Buton Tengah,Sulawesi Tenggara
ChIJT3LC34K2vi0R7Hfk9VDvxDc,Air Terjun Lembah Impian,"GR7W+35F, Bontomanai, Kec. Rumbia, Kabupaten Jeneponto, Sulawesi Selatan 92572, Indonesia",-5.4873185,119.8454188,Kabupaten Bantaeng,Sulawesi Selatan
ChIJCSkoNgABvC0Rvb9fB-2Tu4E,Nila Fishing Fun,"G6C7+P8R, Bijawang, Kabupaten Bulukumba",-5.477901999999999,120.212487,Kabupaten Bulukumba,Sulawesi Selatan
ChIJjwicphltlC0RcrZ9XbEB9Ww,Bukit wisata Miallo,"Bukit Miallo Panassang, Tallu Bamba, Kec. Enrekang, Kabupaten Enrekang, Sulawesi Selatan, Indonesia",-3.4185378,119.705845,Kabupaten Enrekang,Sulawesi Selatan
ChIJi-SaewALgy0RH9fhTJ6dmWA,Keraton Banggai,"CG53+52J, Lompio, Kec. Banggai, Kab. Banggai Laut, Sulawesi Tengah 94891, Indonesia",-1.5920751,123.5024931,Kabupaten Banggai Kepulauan,Sulawesi Tengah
ChIJdQuwEgADmi0RKsZqt1vWnPM,Danau Hiuka,"RPHW+FHR, Walandawe, Routa, Kabupaten Konawe, Sulawesi Tenggara 93353, Indonesia",-3.1712571,121.746394,Kabupaten Konawe Utara,Sulawesi Tenggara
ChIJlWlnua3nlS0ROmCLi9fcJLk,Rumah Apung,"V2C7+35, Salomenraleng, Kec. Tempe, Kabupaten Wajo, Sulawesi Selatan, Indonesia",-4.129771,120.012962,Kabupaten Soppeng,Sulawesi Selatan
ChIJw-5MUpsDvi0RSLP0M65yKCY,Permandian JOMPI PITUE,"H27H+595, Citta, Kec. Citta, Kabupaten Soppeng, Sulawesi Selatan 90861, Indonesia",-4.4357408,120.0285872,Kabupaten Bone,Sulawesi Selatan
ChIJfbUZCHs3ui0R7ytPm3Tdog8,Village Cantik Selayar,"Jl. Kota Benteng-Tongketongke, Harapan, Bontosikuyu, Kab. Kepulauan Selayar, Sulawesi Selatan 92855, Indonesia",-6.258343399999999,120.4439699,Kabupaten Kepulauan Selayar,Sulawesi Selatan
ChIJ-bvhE5_Iky0R_sFe-pC82O8,Sesean,"Sesean, Pangkung Batu, Buntu Pepasan, North Toraja Regency, South Sulawesi, Indonesia",-2.8237047,119.8565762,Kabupaten Toraja Utara,Sulawesi Selatan
ChIJPXl4dQDhky0RoupcXBcv9yI,U (you) BUKIT KAMBO,"Kambo, Kec. Mungkajang, Kota Palopo, Sulawesi Selatan, Indonesia",-3.006136,120.1416089,Kabupaten Toraja Utara,Sulawesi Selatan
ChIJO7634jzpoy0R0qF3nCdkBdg,Air Terjun Lapangan,"RRRR+43H, Wambulu, Kec. Kapontori, Kabupaten Buton, Sulawesi Tenggara 93755, Indonesia",-5.1596761,122.8402192,Kabupaten Buton,Sulawesi Tenggara
ChIJ186hQ26djS0RVmGI2QQVAys,"Air Terjun Butang, Mario Pulana, Salulekbo, Topoyo, Mateng","Kambunong, Kec. Karossa, Kabupaten Mamuju Tengah, Sulawesi Barat 91563, Indonesia",-1.9812318,119.4336253,Kabupaten Mamuju,Sulawesi Barat
ChIJo6D06qkHhzIRyM88udpsKVA,GMIM Bukit Kasih Girian Permai,"F42G+4CV, Girian Indah, Kec. Girian, Kota Bitung, Sulawesi Utara, Indonesia",1.4503602,125.1260523,Kota Bitung,Sulawesi Utara
ChIJs4kSQGTVfzIRCQXKPvKrZp4,Modisi Beach,"Modisi Beach, Modisi, Kec. Pinolosian Tim., Kabupaten Bolaang Mongondow Selatan, Sulawesi Utara, Indonesia",0.4484969999999999,124.431687,Kabupaten Bolaang Mongondow Selatan,Sulawesi Utara
ChIJW0wTDvHjji0RxIBxW1KaIDM,Pantai Tamimbo,"HVPC+643, Malei, Kabupaten Poso",-1.4144952,120.870305,Kabupaten Poso,Sulawesi Tengah
ChIJVY8BInEBkC0R7WVukznw3oo,TAMAN WISATA UNGKEYA BEACH,"VGJR+45G, Mohoni, Kec. Petasia, Kabupaten Morowali, Sulawesi Tengah, Indonesia",-2.1196939,121.5404619,Kabupaten Luwu Timur,Sulawesi Selatan
ChIJORVGVs5xpC0Ryjgpw75nND8,Batu Buti,"GH87+JGH, Katobengke, Kec. Betoambari, Kota Bau-Bau, Sulawesi Tenggara 93724, Indonesia",-5.483436699999999,122.563851,Kota Baubau,Sulawesi Tenggara
ChIJYTXLcfkOpC0RwjOP4PzExCA,Pantai Lingge-lingge,"Pantai Lingge-lingge, Jl. Protokol, Kambula Mbulana, Kec. Ps. Wajo, Kabupaten Buton, Sulawesi Tenggara 93754, Indonesia",-5.4940239,122.8457492,Kabupaten Buton,Sulawesi Tenggara
ChIJXc5D7irnvi0Rcf6L8Ypy7W8,Wisata Bukti Bollangi Kabupaten Gowa,"QH5R+5GC, Jl. Malino, Bontoparang, Kec. Parangloe, Kabupaten Gowa, Sulawesi Selatan 92173, Indonesia",-5.2420566,119.5912661,Kabupaten Takalar,Sulawesi Selatan
ChIJlffe67whfjIRwgwgUIQx7rQ,Danow Tondok,"Danow Tondok, Moat, Kec. Modayag, Kabupaten Bolaang Mongondow Timur, Sulawesi Utara, Indonesia",0.7244444,124.4458333,Kabupaten Bolaang Mongondow Timur,Sulawesi Utara
ChIJ43j-44dZgy0Rk1f1UPZGkCE,Desa Kalupapi,"438X+5VQ, Bone-Bone, Bangkurung, Kabupaten Banggai Kepulauan, Sulawesi Tengah 94892, Indonesia",-1.8845375,123.0997344,Kabupaten Banggai Kepulauan,Sulawesi Tengah
ChIJ6aXhgc85vi0RGO87fO2xnhk,Telaga Biru Segeri,"8JR9+9F5, Baring, Kec. Segeri, Kabupaten Pangkajene Dan Kepulauan, Sulawesi Selatan 90655, Indonesia",-4.659123999999999,119.6187473,Kabupaten Pangkajene Dan Kepulauan,Sulawesi Selatan
ChIJA7kfS_v_uy0Rx7KdTcvwi50,Monumen Pejuang Kemerdekaan,"Jalan Imam Bonjol No.50, Terang-Terang",-5.5560855,120.2005222,Kabupaten Bulukumba,Sulawesi Selatan
ChIJx2lihSgqfjIRnc56cSFYw8I,Air Terjun Dodandian,"HF4F+CR4, Matabulu, Kec. Nuangan, Kabupaten Bolaang Mongondow Timur, Sulawesi Utara, Indonesia",0.5560001,124.4745837,Kabupaten Bolaang Mongondow Timur,Sulawesi Utara
ChIJzSpu7Ufziy0RtYWGKyL6xbk,Gunung Bulu Tanda,"2RHX+QMX, Sibedi, Kec. Marawola, Kabupaten Sigi, Sulawesi Tengah 94238, Indonesia",-0.9705045,119.8492394,Kota Palu,Sulawesi Tengah
ChIJgZ1L8dLljy0RU7puAob2S0w,Hutan Bakau Desa Koya Kabupaten Morowali Utara,"29CH+PHX, Koya, Kec. Petasia, Kabupaten Morowali, Sulawesi Tengah, Indonesia",-1.9781498,121.3789937,Kabupaten Morowali Utara,Sulawesi Tengah
ChIJiTOKDJ3NfjIR8b-vKmvVvIk,Air Terjun Tulo'a,"M39R+739, Bunuo, Kec. Bulango Utara, Kabupaten Bone Bolango, Gorontalo 96582, Indonesia",0.6681533,123.0902222,Kabupaten Bone Bolango,Gorontalo
ChIJo8UtO6Bpvi0Rk2_vCPFSmaU,Air Terjun Samaenre,"6RGM+78R, Samaenre, Kec. Mallawa, Kabupaten Maros, Sulawesi Selatan 90563, Indonesia",-4.7742505,119.8332781,Kabupaten Maros,Sulawesi Selatan
ChIJ9f7vmyVthzIRraqbJF0y5bo,"Bukit Mahawu, Tomohon, Sulawesi Utara","8VX2+Q52, Jl. Mahawu, Kakaskasen Dua, Kec. Tomohon Utara, Kota Tomohon, Sulawesi Utara, Indonesia",1.3493922,124.8503887,Kota Tomohon,Sulawesi Utara
ChIJMQ76nBk_hzIR0r0PhlzviIc,"Danau Tondano, Minahasa, Sulawesi Utara","6WM2+992, Kembuan, Kec. Tondano Utara, Kabupaten Minahasa, Sulawesi Utara, Indonesia",1.2333752,124.9008987,Kabupaten Minahasa,Sulawesi Utara
ChIJZdF6sLKZfjIRb0HVKueR06c,Pantai Binjeita,"VFRF+M72, Binjeita II, Kec. Bolang Itang Tim., Kabupaten Bolaang Mongondow Utara, Sulawesi Utara, Indonesia",0.8916274999999999,123.4731528,Kabupaten Bolaang Mongondow Utara,Sulawesi Utara
ChIJYWaIXHxfdjIREahuehPLN10,Abrasi Pantai Tingkulang,"GG8J+GQ2, Jl. Trans Sulawesi, Tingkulang, Kec. Tomini, Kabupaten Parigi Moutong, Sulawesi Tengah 94476, Indonesia",0.5158133,120.5328365,Kabupaten Parigi Moutong,Sulawesi Tengah
ChIJZxbd5tgPjy0R5QIabwubHXc,Air terjun Tayawa,"G4M6+26, Tayawa, Kec. Tojo, Kabupaten Tojo Una-Una, Sulawesi Tengah 94681, Indonesia",-1.4674357,121.1105551,Kabupaten Poso,Sulawesi Tengah
ChIJvYpkyPaniC0RGf72PNyF_gY,Wisata kuliner Ampana kota,"4HMG+8C8, Jl. Yos Sudarso, Kec. Ampana Kota, Kabupaten Tojo Una-Una, Sulawesi Tengah 94683, Indonesia",-0.86671,121.5760667,Kabupaten Tojo Una-Una,Sulawesi Tengah
ChIJ47mJL58Lgy0RhdzjE3lSCas,Pantai Salatiga,"Pantai Salatiga, Banggai Laut, Central Sulawesi, Indonesia",-1.5783719,123.4881001,Kabupaten Banggai Kepulauan,Sulawesi Tengah
ChIJReWWCmU_mC0R_12F7WFFg0s,AIR TERJUN KAREMOTINGGE,"2WMR+HJ5, Tawainalu, Kec. Tirawuta, Kabupaten Kolaka Timur, Sulawesi Tenggara 93572, Indonesia",-3.9661001,121.9416226,Kabupaten Kolaka Timur,Sulawesi Tenggara
ChIJy790RCbNvi0RilqPva3k6RM,Air Terjun Kapita ( Je'ne Ri'baka ),"FJHH+JXP, Kapita, Bangkala, Kabupaten Jeneponto, Sulawesi Selatan 92352, Indonesia",-5.520906399999999,119.6299459,Kabupaten Jeneponto,Sulawesi Selatan
ChIJ6_HMt44jvC0R9pZH-T0YP9U,Pantai Muhajirin,"Unnamed Road, Pasimarannu, 92671, Panaikang, Kec. Sinjai Tim., Kabupaten Sinjai, Sulawesi Selatan, Indonesia",-5.176680999999999,120.2814984,Kabupaten Sinjai,Sulawesi Selatan
ChIJiwUf_83BdTIRPpc4XqlxVKI,Pantai Nelayan Desa Long,"8VC5+GM2, Rerang, Kec. Damsol, Kabupaten Donggala, Sulawesi Tengah 94356, Indonesia",0.3212602,119.8591336,Kabupaten Donggala,Sulawesi Tengah
ChIJpfcF1Kvpji0Rce6H1sQoNCs,Pantai Seribu Bintang,"JMH2+44Q, Unnamed Road, Masani, Kabupaten Poso",-1.3721594,120.6503554,Kabupaten Poso,Sulawesi Tengah
ChIJ6bZO29NljS0ROg8X_LDroes,Pantai BTM,"X6G7+3F, Tumbu, Kec. Topoyo, Kabupaten Mamuju, Sulawesi Barat, Indonesia",-2.0248108,119.2137757,Kabupaten Mamuju,Sulawesi Barat
ChIJ2UADdNJLuS0Rtlll-s_FCsI,WISATA BUNGUNG SALAPANG,"9RXR+Q5F, Bontorappo, Kec. Tarowang, Kabupaten Jeneponto, Sulawesi Selatan 92361, Indonesia",-5.6005699,119.8404131,Kabupaten Jeneponto,Sulawesi Selatan
ChIJVZsNcZm1vi0RZGfAC89gNCg,Jembatan pelangi pannyawakkang,"CQVW+J7X, Taring",-5.5558897,119.7957222,Kabupaten Jeneponto,Sulawesi Selatan
ChIJA8jAdtBdhzIRU2Tg-XQ9RDs,Pantai Lopana,"6JH4+4H2, Lopana, Kec. Amurang Tim., Kabupaten Minahasa Selatan, Sulawesi Utara, Indonesia",1.2277689,124.6063803,Kabupaten Minahasa,Sulawesi Utara
ChIJXehqDcLDiy0R30jcRED4aaw,Air Terjun Tamanggu Indah,"7W3F+VCW, Nupa Bomba, Kec. Tanantovea, Kabupaten Donggala, Sulawesi Tengah 94142, Indonesia",-0.7452536,119.923567,Kabupaten Donggala,Sulawesi Tengah
ChIJ6XQEXa83vS0RBZ63rc1XtoM,Pantai Timbala,"Bar., Timbala, Kec. Poleang Bar., Kabupaten Bombana, Sulawesi Tenggara 93772, Indonesia",-4.6341101,121.4804586,Kabupaten Bombana,Sulawesi Tenggara
ChIJ7Tk7OAAreTIRu48OSgIqZ8Q,Pintu Air Danau Limboto,"H237+5XG, Tabumela, Kec. Tilango, Kabupaten Gorontalo, Gorontalo 96181, Indonesia",0.552967,123.0148669,Kota Gorontalo,Gorontalo
ChIJFe8smULivi0ReFKbeJmktGw,Gerbang Batas Kota Makassar - Kabupaten Gowa,"RC6R+HHG, Gn. Sari, Kec. Rappocini, Kota Makassar, Sulawesi Selatan 90221, Indonesia",-5.1885617,119.4414389,Kota Makassar,Sulawesi Selatan
ChIJSeIzOFTIoy0Rl8H_BmN_Gyw,Danau Moko Kawu-kawu,"3Q85+JV4, Lakarinta, Kec. Lohia, Kabupaten Muna, Sulawesi Tenggara 93658, Indonesia",-4.9334777,122.7597133,Kabupaten Buton Tengah,Sulawesi Tenggara
ChIJQ0uAYxdVhjIRELwWv-1iU3A,Pantai Walet Kasawari,"G63R+57V, Makawidey, Aertembaga, Kota Bitung, Sulawesi Utara, Indonesia",1.5029851,125.2406839,Kota Bitung,Sulawesi Utara
ChIJfW9dVsLtiy0RzCs8msBhnzQ,Lalove Land,"Jalan Lalove, Nunu",-0.9124184,119.8683996,Kota Palu,Sulawesi Tengah
ChIJm4iuKb4ThzIRHzaLswG1l94,Objek Wisata Doud Ne Mukop,"8WGG+M2X, Jl. P. Diponegoro, Hutan, Kabupaten Minahasa",1.3267318,124.9251205,Kota Tomohon,Sulawesi Utara
ChIJDUw8ek5biS0RhLdVC4BQqAg,Pantai Tueni,"37V9+R28, Nambaru, Kec. Parigi Sel., Kabupaten Parigi Moutong, Sulawesi Tengah, Indonesia",-0.9054714,120.2675707,Kabupaten Sigi,Sulawesi Tengah
ChIJ-ezQAADnlS0R6x_ljTGsc3I,Sirkuit Atakkae Sengkang - Wajo,"Landing Side, Attakkae",-4.149877800000001,120.0568496,Kabupaten Soppeng,Sulawesi Selatan
ChIJKx8YElsKky0RsGe5pbFdJkk,Waduk Tamariri,"396P+RV2, Tondok Bakaru, Kec. Mamasa, Kabupaten Mamasa, Sulawesi Barat 91365, Indonesia",-2.9379966,119.3871379,Kabupaten Mamasa,Sulawesi Barat
ChIJWa9w5duDvi0R3hTsBjANG1o,Air Terjun Baruttung Padang,"X36W+2GV, Pammusureng, Kec. Bontocani, Kabupaten Bone, Sulawesi Selatan 92768, Indonesia",-5.0398777,120.0962848,Kabupaten Sinjai,Sulawesi Selatan
ChIJ5w_iafu9lS0RB5Dwe3yWmeE,Wisata Alam Mannessa Camp Baths and Fishing,"Jl. Lappa anging, WT. Bacukiki, Kec. Bacukiki, Kota Parepare, Sulawesi Selatan 91121, Indonesia",-4.053475700000001,119.6632418,Kota Parepare,Sulawesi Selatan
ChIJ62IMHWTlvS0R66_9i3rYhKY,Situs Bersejarah Manurung E ri Matajang,"F84J+WFJ, Manurunge, Kec. Tanete Riattang, Kabupaten Bone, Sulawesi Selatan 92712, Indonesia",-4.5426568,120.331128,Kabupaten Bone,Sulawesi Selatan
ChIJ_1oq-FELvC0RNeN1y0fRBJ0,Goa Purbakala Passea,"Lembanna, Kec. Bonto Bahari, Kabupaten Bulukumba, Sulawesi Selatan, Indonesia",-5.514089999999999,120.4382984,Kabupaten Bulukumba,Sulawesi Selatan
ChIJP-fWm_YXui0R-P307WcWZt8,Pantai Bahuluang,"Pulau bahuluang, Appatanah, Bontosikuyu, Kab. Kepulauan Selayar, Sulawesi Selatan, Indonesia",-6.4731738,120.4255661,Kabupaten Kepulauan Selayar,Sulawesi Selatan
ChIJrf7bgPTxky0R8FRl3MrJ_6M,Gunung Kandora,"VVFP+HW9, Tengan, Kec. Mengkendek, Kabupaten Tana Toraja, Sulawesi Selatan 91817, Indonesia",-3.1260816,119.8873659,Kabupaten Tana Toraja,Sulawesi Selatan
ChIJh63QTwBthzIRmzyGpr7w0a4,Talaga Lotus woloan tomohon,"8RG9+X77, Jalan Larus Rambing, Woloan Satu Utara",1.3274051,124.8181874,Kota Tomohon,Sulawesi Utara
ChIJzdXPBFO5hzIRDNGvqr2cutE,Dermaga Nelayan Desa Tanah Putih,"PXCJ+237, Tanah Putih, Kec. Likupang Bar., Kabupaten Minahasa Utara, Sulawesi Utara, Indonesia",1.7200253,124.9801828,Kabupaten Minahasa Utara,Sulawesi Utara
ChIJTdQzvHn1oS0RvgfeSUH4uCQ,Air Terjun Lamoahi,"G3QV+27J, Tombia, Kec. Kulisusu Utara, Kabupaten Buton Utara, Sulawesi Tenggara 93672, Indonesia",-4.4624155,123.0931506,Kabupaten Buton Utara,Sulawesi Tenggara
ChIJRZLXnXD9jC0RXTRJgF2tkA8,Wisata Pantai Kuliner Salukaili,"C8MF+HM7, Kasano, Kab. Pasangkayu, Sulawesi Barat, Indonesia",-1.5660916,119.3241875,Kabupaten Pasangkayu,Sulawesi Barat
ChIJTaiytwxjlC0RV0Yp3gYNIM4,Air Terjun Sarambu Paremba,"Unnamed Road, GGJ2+JMR, Benteng Paremba, Kec. Lembang, Kabupaten Pinrang, Sulawesi Selatan 91254, Indonesia",-3.468396,119.5016404,Kabupaten Polewali Mandar,Sulawesi Barat
ChIJAcKrnk7VlS0RNRcqycLt5TY,Air Terjun Minangatellue,"Minangatellue, Desa Minangatellue, 54RV+59J, Lagading, Kec. Maniang Pajo, Kabupaten Wajo, Sulawesi Selatan 90954, Indonesia",-3.8095498,120.1433965,Kabupaten Wajo,Sulawesi Selatan
ChIJF_h6UwCvvi0RVRUqg_N7RZY,Agro Wisata Bonto Jonga,"Desa Pa'bumbungang, Dusun Bonto Jonga, Pabumbungang, Kec. Eremerasa, Kabupaten Bantaeng, Sulawesi Selatan 92415, Indonesia",-5.439465900000001,119.9775213,Kabupaten Bantaeng,Sulawesi Selatan
ChIJAWGXKACZhzIRqrG4We2f8_A,Wisata Dermaga WORI,"JV26+6PX, Wori, Kabupaten Minahasa Utara",1.6006072,124.8618658,Kabupaten Minahasa Utara,Sulawesi Utara
ChIJIb--D4EJ8TIRkZr8KMueIAk,Pantai Racuna,"HH2H+26C, Miangas, Kabupaten Kepulauan Talaud, Sulawesi Utara, Indonesia",5.5500642,126.5780229,Kabupaten Kepulauan Talaud,Sulawesi Utara
ChIJJ2UBX215mS0RqK57rSA4txI,Goa Allo,"PCVJ+4PP, Matano, Menui Kepulauan, Kabupaten Morowali, Sulawesi Tengah 94975, Indonesia",-3.2571704,122.4318203,Kabupaten Konawe Utara,Sulawesi Tenggara
ChIJQ8-va8wMky0Rg01FXIOBJhg,Buntu Mussa',"27CV+2W6, Balla Tumuka, Kec. Balla, Kabupaten Mamasa, Sulawesi Barat 91366, Indonesia",-2.9799537,119.294758,Kabupaten Mamasa,Sulawesi Barat
ChIJGZ6krWBzky0RSCXleyMG284,Tedong-tedong Minanga,"X8XC+Q5Q, Minanga,, Balla Barat",-3.0005327,119.3204877,Kabupaten Mamasa,Sulawesi Barat
ChIJqWp5pRIpfzIRo0tFUEQktHs,Waolo,"F529+FJ5, Oluhuta, Kec. Kabila Bone, Kabupaten Bone Bolango, Gorontalo 96119, Indonesia",0.4511473,123.1691187,Kabupaten Bone Bolango,Gorontalo
ChIJO2x4OkP1lS0ReSwR0GFyGqY,Tuang Uddungeng (KM Syekh Abdul Madjid),"MV44+PQM, Bila, Kec. Lalabata, Kabupaten Soppeng, Sulawesi Selatan 90811, Indonesia",-4.3431524,119.8569252,Kabupaten Barru,Sulawesi Selatan
ChIJ2Y8R83QkvC0Rrcei1WaQEik,Pantai Karosi,"Pantai Karosi, Panaikang, Kec. Sinjai Tim., Kabupaten Sinjai, Sulawesi Selatan, Indonesia",-5.168581,120.2767566,Kabupaten Sinjai,Sulawesi Selatan
ChIJ4ddFiZkXlC0RYPUIS-dTsa4,MANDUK PATINNA,"FVWW+PPR, Kadingeh, Kec. Baraka, Kabupaten Enrekang, Sulawesi Selatan 91753, Indonesia",-3.5031447,119.896754,Kabupaten Enrekang,Sulawesi Selatan
ChIJ5yAy46YHhzIRTJpUADR9L7s,aer ujang,"F45G+368, Jl. Tol Manado - Bitung, Girian Indah, Kota Bitung",1.4576729,125.1255883,Kota Bitung,Sulawesi Utara
ChIJT3QlUGM7hzIRbSjnmLrzVRY,Bukit Teletabis Pantai Tulap,"52HJ+46G, Tulap, Kecamatan Kombi, Kabupaten Minahasa, Sulawesi Utara, Indonesia",1.1778022,125.0305907,Kabupaten Minahasa,Sulawesi Utara
ChIJ6ffnIULLgDIRdcrQgiO9p0g,Pulau Pontein Tumbak,"XV3H+FV6, Tumbak, Pusomaen, Kabupaten Minahasa Tenggara, Sulawesi Utara 95997, Indonesia",0.953659,124.8796254,Kabupaten Minahasa Tenggara,Sulawesi Utara
ChIJ6bYBIgDnoi0RtR4jiNP4bLU,Wisata Bahari LantowuaBeach,"Lantowua, Kec. Rarowatu Utara, Kabupaten Bombana, Sulawesi Tenggara, Indonesia",-4.726725,122.0339948,Kabupaten Muna Barat,Sulawesi Tenggara
ChIJ_eCz4_JXeTIRJsRIAYqAlcU,Pantai Bengel,"Desa Mutiara Laut, Tanjung Karang, Kel. Tomilito, XX72+P75, Tj. Karang, Kec. Kwandang, Kabupaten Gorontalo Utara, Gorontalo 96252, Indonesia",0.9642505,122.9507338,Kabupaten Gorontalo Utara,Gorontalo
ChIJWa2D_SpZkS0RZnR7EljoYtM,Wisata Modern Sampoddo,"W6VG+FJ3, Padang Kalua, Kec. Bua, Kabupaten Luwu, Sulawesi Selatan 91959, Indonesia",-3.056368,120.2265416,Kota Palopo,Sulawesi Selatan
ChIJudTdvj6nhzIRXIb1LpTVOV0,maymaR kavling,"Tetey, Kabupaten Minahasa Utara",1.5204328,124.9683073,Kota Manado,Sulawesi Utara
ChIJ95EcGQApeTIRz7SqkVmm-cU,Lokawisata Tepi Desa,"HX77+3CW, Pilobuhuta, Kec. Batudaa, Kabupaten Gorontalo, Gorontalo 96271, Indonesia",0.5626101,122.9641389,Kabupaten Gorontalo,Gorontalo
ChIJtf8XK-11vi0RSlp4nGhXUho,Bulu Ponre,"Bulu Ponre, Salebba, Kec. Ponre, Kabupaten Bone, Sulawesi Selatan, Indonesia",-4.7225,120.1447222,Kabupaten Bone,Sulawesi Selatan
ChIJt6tjdgD_uy0RNshF7zz1sOc,Kolam labuh bentengnge,"C5QW+M5J, Bentengnge",-5.5607824,120.1954005,Kabupaten Bulukumba,Sulawesi Selatan
ChIJa_5R0BVrhzIRtmq-hkofKy4,Puncak lengkoan,"6RM4+QRG, Jl. Albert, Leilem Dua, Kabupaten Minahasa",1.2344274,124.8070901,Kabupaten Minahasa,Sulawesi Utara
ChIJ-xS06ldbiS0RKyourUkR1_s,Pantai toweni,"37X6+7PP, Nambaru, Kec. Parigi Sel., Kabupaten Parigi Moutong, Sulawesi Tengah, Indonesia",-0.9013956,120.2624423,Kabupaten Sigi,Sulawesi Tengah
ChIJH9ebhb7dkC0RPYSnhCAbjN8,Pasir Putih Tolala,"23R7+CMF, Bahari, Kec. Tolala, Kabupaten Kolaka Utara, Sulawesi Tenggara 93955, Indonesia",-2.958936,121.0641814,Kabupaten Kolaka Utara,Sulawesi Tenggara
ChIJY7VGk0pxjS0RuGbnpAeXciU,Pantai Wisata Kambunong,"28V7+PF6, Kambunong, Kec. Karossa, Kabupaten Mamuju, Sulawesi Barat 91563, Indonesia",-1.9557092,119.3136359,Kabupaten Mamuju,Sulawesi Barat
ChIJaV-dIwCVlC0RevnklJa5s2M,Pantai Babatoa Lapeo Campalagian,"G44M+7V7, Lapeo, Kec. Campalagian, Kabupaten Polewali Mandar, Sulawesi Barat, Indonesia",-3.495713,119.134826,Kabupaten Polewali Mandar,Sulawesi Barat
ChIJ2VeiLoRTeDIRe5nTrdhp3Es,"Tambatan Perahu Dulangeya, Kec. Botumoito","F6PM+V7H, Dulangeya, Kec. Botumoito, Kabupaten Boalemo, Gorontalo 96264, Indonesia",0.4871758,122.2332463,Kabupaten Boalemo,Gorontalo
ChIJ24g51h1leTIR1wkaCm96jAs,Pantai idaman,"WHC8+56M, Dulukapa, Kec. Sumalata, Kabupaten Gorontalo Utara, Gorontalo 96254, Indonesia",0.920468,122.5655549,Kabupaten Gorontalo Utara,Gorontalo
ChIJmQas9q-nvi0RYEleiEdzh7s,Kampung Wisata Cilallang,"Balang Taroang, Kec. Bulukumpa, Kabupaten Bulukumba, Sulawesi Selatan 92552, Indonesia",-5.3532166,120.0985382,Kabupaten Gowa,Sulawesi Selatan
ChIJvakTTgDCky0RhRK74-oU_6g,Buntu Singki,"Buntu Singki, Mentirotiku, Kec. Rantepao, Kabupaten Toraja Utara, Sulawesi Selatan, Indonesia",-2.9638889,119.8836111,Kabupaten Tana Toraja,Sulawesi Selatan
ChIJja5sRQDJky0R9NDARcgmIUI,Air terjun fire keeper,"6R56+5MP, Sarambu, Kec. Buntu Pepasan, Kabupaten Toraja Utara, Sulawesi Selatan, Indonesia",-2.7920328,119.8117031,Kabupaten Toraja Utara,Sulawesi Selatan
ChIJl2ghSLdZkS0RmxEpIHFpkOQ,Wisata alam desa tiromanda,"Tiromanda, Kec. Bua, Kabupaten Luwu, Sulawesi Selatan 91991, Indonesia",-3.0907242,120.2070334,Kabupaten Luwu,Sulawesi Selatan
ChIJ89XM40ilkS0R1667gMR0EZI,Wisata Alam Gua Batu Putih,"CJHW+Q7F, Unnamed Road, Lagego",-2.570573099999999,120.6456686,Kabupaten Luwu Utara,Sulawesi Selatan
ChIJJVrDGZhpkC0RE2kYV5hrRFc,Pantai taipa,"G78P+V5F, Magani, Kec. Nuha, Kabupaten Luwu Timur, Sulawesi Selatan 92983, Indonesia",-2.4828006,121.2854201,Kabupaten Luwu Timur,Sulawesi Selatan
ChIJAbXaOAAJhzIRZfy8Hrm933g,Danau Gunung Klabat,"F23H+HR, Airmadidi Atas, Kec. Airmadidi, Kabupaten Minahasa Utara, Sulawesi Utara, Indonesia",1.4539338,125.0295347,Kabupaten Minahasa,Sulawesi Utara
ChIJ-1Y1SzoBhzIRXuz_s_g2Ryk,GPdI Bukit Hermon,"F44R+65P, Girian Indah, Kec. Girian, Kota Bitung, Sulawesi Utara, Indonesia",1.4555788,125.1404645,Kota Bitung,Sulawesi Utara
ChIJxa3xEgDziy0RDa42QMwobQU,Pemancingan Binangga Tirta Alam,"Jl. Tadulako, Padende, Kabupaten Sigi",-0.9580238,119.8591147,Kota Palu,Sulawesi Tengah
ChIJMdVErfnlji0ReBDxWaiKQ1w,Pantai Penghibur Kota Poso,"JQ94+XCG, Jl. Pattimura, Lawanga, Kec. Poso Kota Utara, Kabupaten Poso, Sulawesi Tengah 94615, Indonesia",-1.380069,120.7560792,Kabupaten Poso,Sulawesi Tengah
ChIJZ8pHCgCnmi0Rt6BM6aoWFFE,Pesona Bali,"QM8R+495, Lambelu, Kec. Bumi Raya, Kabupaten Morowali, Sulawesi Tengah 94976, Indonesia",-2.2344622,121.6902428,Kabupaten Luwu Timur,Sulawesi Selatan
ChIJ5yTHjIPujy0Raj0R6Ju7yoA,Batu Payung,"39XV+33P, Kec. Petasia, Kabupaten Morowali Utara, Sulawesi Tengah 12230, Indonesia",-1.9022854,121.392691,Kabupaten Morowali Utara,Sulawesi Tengah
ChIJP5Zg20RTgS0RSCNb-J8P5sM,Wisata Mangrove Desa Lomba,"35W2+WJP, Bahari Makmur, Kec. Lamala, Kabupaten Banggai, Sulawesi Tengah 94771, Indonesia",-0.9026651,123.151576,Kabupaten Banggai Laut,Sulawesi Tengah
ChIJH-pXk1nvmC0Rn5cuO42JS_o,Pantai Puuloro,"4H2H+5MR, Waworaha, Soropia, Kabupaten Konawe, Sulawesi Tenggara, Indonesia",-3.8968647,122.579195,Kabupaten Konawe,Sulawesi Tenggara
ChIJM6coTgpFoy0RMOYFXKvepYs,Gunung BATU SANGIA,"PVWJ+534, Rahadopi, Kec. Kabaena, Kabupaten Bombana, Sulawesi Tenggara 93781, Indonesia",-5.254612400000001,121.8801915,Kabupaten Bombana,Sulawesi Tenggara
ChIJ3ePiUcnLoy0RrMrQTBP5S1w,Museum Bharugano Wuna,"5P8H+X29, Jl. By Pass Raha, Kabupaten Muna, Sulawesi Tenggara 93611, Indonesia",-4.8325856,122.727613,Kabupaten Muna,Sulawesi Tenggara
ChIJgYxowmfbeTIRG3GEUf2VROo,Air terjun taluditi,"JQXX+97F, Mekarti Jaya, Kec. Taluditi, Kabupaten Pohuwato, Gorontalo, Indonesia",0.6484375,121.7981719,Kabupaten Pohuwato,Gorontalo
ChIJ_SpHgjBllC0REwtuMOpBsIQ,Pasir Hijau Batara Malong,"Jln poros, Ulusaddang, Kec. Lembang, Kabupaten Pinrang, Sulawesi Selatan 95134, Indonesia",-3.4427297,119.5916702,Kabupaten Enrekang,Sulawesi Selatan
ChIJMRfvi0Opvi0RvettpYzS1OM,Bendungan Bokong,"G3JV+6PH, Gattareng, Kabupaten Bulukumba",-5.4694481,120.094363,Kabupaten Bulukumba,Sulawesi Selatan
ChIJxeVKHkgFhzIR5YVbLB8xUnY,PANTAI TANJUNG RIA,"C439+3RW, Manembo-Nembo, Kec. Matuari, Kota Bitung, Sulawesi Utara, Indonesia",1.4025979,125.1194501,Kota Bitung,Sulawesi Utara
ChIJpYI-JwCvcDIRtq2WdKb_FKc,Pantai Vaname,"4CWX+9V, Bugis, Kabupaten Buol, Sulawesi Tengah, Indonesia",1.1463674,121.4493818,Kabupaten Buol,Sulawesi Tengah
ChIJaSbAsPcOpC0RkfhyqWX7Y58,Permandian Gua Wandigi,"GR3R+82G, Kambula Mbulana, Kabupaten Buton",-5.496692899999999,122.8400849,Kabupaten Buton,Sulawesi Tenggara
ChIJJctq7gYpvi0RG11hgM-3oG0,Pantai MHG,"GJH2+93F, Lalolang, Kec. Tanete Rilau, Kabupaten Barru, Sulawesi Selatan 90761, Indonesia",-4.4707903,119.5995219,Kabupaten Pangkajene Dan Kepulauan,Sulawesi Selatan
ChIJv_ByS7RdhzIRe0q-Idm3mmA,Tugu Perdamaian PERMESTA Dan Pusat,"6JFC+3V2, Malenos Baru, Kec. Amurang Tim., Kabupaten Minahasa Selatan, Sulawesi Utara, Indonesia",1.2226488,124.6221444,Kabupaten Minahasa,Sulawesi Utara
ChIJ71t9rcgljTIRfREnA5_IDP0,Objek Wisata Telaga Lotta Indah,"WP28+8H6, Moronge Sel. I, Kec. Moronge, Kabupaten Kepulauan Talaud, Sulawesi Utara, Indonesia",3.9007874,126.7164041,Kabupaten Kepulauan Talaud,Sulawesi Utara
ChIJu7Gm7RV3pC0RyKY9Ydryk7E,Permandian Tanjung Kaobula Kotamara,"Waborobo, Kota Bau-Bau",-5.507078,122.596901,Kota Baubau,Sulawesi Tenggara
ChIJ59b7OVEvly0RYIScER7Ipsw,Gua Tengkorak / Gua Lawolatu,"P22Q+G56, Lapai, Kec. Ngapa, Kabupaten Kolaka Utara, Sulawesi Tenggara 93958, Indonesia",-3.2987175,121.0378894,Kabupaten Kolaka Utara,Sulawesi Tenggara
ChIJUU1kge09fjIRl0FH1Xmev2w,Taman Pobundayan,"P873+78J, Jl. DC. Manoppo, Pobundayan, Kec. Kotamobagu Sel., Kota Kotamobagu, Sulawesi Utara, Indonesia",0.7132239,124.3032569,Kota Kotamobagu,Sulawesi Utara
ChIJPXe_ESsblC0Rgulxb4w9Oow,Gunung Rantemario,"Gn. Rantemario, To'lajuk, Kec. Latimojong, Kabupaten Luwu, Sulawesi Selatan, Indonesia",-3.385,120.024167,Kabupaten Enrekang,Sulawesi Selatan
ChIJ5UsOE9LxdjIRHGbphFtVXEw,Cagar Alam Gunung Tinombala,"Unnamed Road, HMRM+X3R, Ogobayas, Mepanga, Parigi Moutong Regency, Central Sulawesi 94552, Indonesia",0.5924820000000001,120.6826429,Kabupaten Tolitoli,Sulawesi Tengah
ChIJNTiT6Vxfmi0RnS83gAzeEnY,"FATUTOKO,GERESA,BUNGKU TIMUR,MOROWALI","82HM+6C2, Geresa, Kec. Bungku Tengah, Kabupaten Morowali, Sulawesi Tengah, Indonesia",-2.6719967,122.0335281,Kabupaten Morowali,Sulawesi Tengah
ChIJZ6A6Est_mC0RRoNyEANz-2M,PERMANDIAN MULTI BAITO,"Q8RC+5XQ, Baito, Kec. Baito, Kabupaten Konawe Selatan, Sulawesi Tenggara 93883, Indonesia",-4.2095413,122.3224915,Kabupaten Konawe Selatan,Sulawesi Tenggara
ChIJKVrYFbLJoy0RlYJTrmzBNIo,Mata Air Wolio,"3QF2+67Q, Lakarinta, Kabupaten Muna",-4.9269019,122.7507253,Kabupaten Buton Tengah,Sulawesi Tenggara
ChIJLx-CpS8xoS0RZE5Gm2Mtu8Y,Pantai Onowa,"QG2P+QV2, Waha, Wangi-Wangi Sel., Kabupaten Wakatobi, Sulawesi Tenggara, Indonesia",-5.2481057,123.5371312,Kabupaten Wakatobi,Sulawesi Tenggara
ChIJXe8dZbtSkC0RFUQbPxQOBlM,JEMBATAN GANTUNG CENDANA HITAM,"Cendana Hitam Tim., Kec. Tomoni Tim., Kabupaten Luwu Timur, Sulawesi Selatan 92985, Indonesia",-2.5309843,120.9125015,Kabupaten Luwu Timur,Sulawesi Selatan
ChIJxxwaKs2egDIR-AC6L5daN38,Pantai Dodap,"Pantai Dodap, Bolaamongondow, Dodap Pantai, Kec. Tutuyan, Kabupaten Bolaang Mongondow Timur, Sulawesi Utara, Indonesia",0.7043638999999999,124.5968264,Kabupaten Bolaang Mongondow Timur,Sulawesi Utara
ChIJn0IwsjwRjC0R-oYfqNGV7uI,Situs Cagar Budaya Lumpang Batu Desa Bangga,"QW4G+H55, Desa, Bangga, Kec. Dolo Sel., Kabupaten Sigi, Sulawesi Tengah 94361, Indonesia",-1.2436179,119.9254784,Kabupaten Sigi,Sulawesi Tengah
ChIJTWXuJEqDgy0R5wp4bkaqmV8,Permandian Desa Balayon,"F6PX+37P, Balayon, Kec. Liang, Kabupaten Banggai Kepulauan, Sulawesi Tengah 94883, Indonesia",-1.5147932,123.2482113,Kabupaten Banggai Kepulauan,Sulawesi Tengah
ChIJsbF3bfaThi0RvJ6OiMudJ18,Wisata Pantai Ompotian,"6H88+J97, Jl. Trans Sulawesi, Pakowa, Pagimana, Kabupaten Banggai, Sulawesi Tengah 94752, Indonesia",-0.7834747,122.5659288,Kabupaten Banggai,Sulawesi Tengah
ChIJfY-ZR--vmS0RU6Bm52bgSLY,Pantai BMW,"96H3+FWG, Bandaeha, Kec. Molawe, Kabupaten Konawe Utara, Sulawesi Tenggara, Indonesia",-3.6213076,122.204826,Kabupaten Konawe,Sulawesi Tenggara
ChIJkRfYonjooi0R8zgCEi7l2aw,pantai langkowala,"pantai langkowala, Unnamed Road, Lantowua, Kec. Rarowatu Utara, Kabupaten Bombana, Sulawesi Tenggara 93771, Indonesia",-4.7186433,122.0313535,Kabupaten Muna Barat,Sulawesi Tenggara
ChIJt_Oa0Pixoy0RcUGcZS9J-pA,Benteng Kotano Wuna,"Lakologou, Kec. Tongkuno, Kabupaten Muna, Sulawesi Tenggara 93352, Indonesia",-4.9718863,122.6190673,Kabupaten Buton Tengah,Sulawesi Tenggara
ChIJScynhqu5lC0RxenwUlETCuw,AGROWISATA BUKIT MOLOKU,"CWXR+R7M, Totoli, Kec. Banggae, Kabupaten Majene, Sulawesi Barat 91415, Indonesia",-3.5506922,118.9407614,Kabupaten Majene,Sulawesi Barat
ChIJp9hvSMT0ly0RCrolpH2bR00,Pantai Burung-Burung (PBB),"Pantai Burung-Burung (PBB), Kolakaasi, Kec. Latambaga, Kabupaten Kolaka, Sulawesi Tenggara 93511, Indonesia",-4.042241199999999,121.5670959,Kabupaten Kolaka,Sulawesi Tenggara
ChIJWS_6VIK_vi0Rxhtoz7B85Fw,Kampung Wisata Bulo,"PRFM+HFM, Parigi, Kec. Tinggimoncong, Kabupaten Gowa, Sulawesi Selatan, Indonesia",-5.2760453,119.8336835,Kabupaten Gowa,Sulawesi Selatan
ChIJXXaEewALhzIRu15cjq_XXXg,"Mini Zoo, Rumah Alam Manado","FVHQ+WJ, Kairagi Weru, Kec. Paal Dua, Kota Manado, Sulawesi Utara, Indonesia",1.4797892,124.8890534,Kota Manado,Sulawesi Utara
ChIJiegx5xNrizIRGzeWMJUGqTk,Pantai Poa,"Pantai Poa, Nanusa, Nusa Tabukan, Sangihe Islands Regency, North Sulawesi, Indonesia",3.7964302,125.5665857,Kabupaten Kepulauan Sangihe,Sulawesi Utara
ChIJ9Ui3dgALizIReDhr3S2eSGQ,TASUMARO,"JGHC+GVJ, Tola, Kabupaten Kepulauan Sangihe",3.628835599999999,125.5221331,Kabupaten Kepulauan Sangihe,Sulawesi Utara
ChIJf69EWvAPgy0RZlLnyIZtfwo,Teluk Lalong,"CH2R+4M, Pasir Putih, Kec. Banggai, Kabupaten Banggai Kepulauan, Sulawesi Tengah, Indonesia",-1.5996527,123.5916531,Kabupaten Banggai Kepulauan,Sulawesi Tengah
ChIJm3pqW2u_mS0RlhO_HPVbceg,Danau Rano Iwoi Tekonda,"F3Q9+XR6, Wanggudu, Kec. Asera, Kabupaten Konawe Utara, Sulawesi Tenggara 93353, Indonesia",-3.5100967,122.0695002,Kabupaten Konawe Utara,Sulawesi Tenggara
ChIJFcHGGOB5pC0RKkjLl7utZoI,Bone Marangi,"HG6M+87, Wara, Kabupaten Buton",-5.439174599999999,122.5331341,Kabupaten Buton Selatan,Sulawesi Tenggara
ChIJ66Abhxf1ly0RBV74HPErL2U,GPdI Bukit Hermon Kolaka,"XH2V+9MF, Sakuli, Kec. Latambaga, Kabupaten Kolaka, Sulawesi Tenggara 93511, Indonesia",-4.049056600000001,121.5941697,Kabupaten Kolaka,Sulawesi Tenggara
ChIJHf0ptVzzoy0RtKA6AJE4wxM,Bendungan Loko,"MPGR+G6, Kamelanta, Kec. Kapontori, Kabupaten Buton, Sulawesi Tenggara 93755, Indonesia",-5.323640999999999,122.7405852,Kabupaten Buton,Sulawesi Tenggara
ChIJoVjdSwCHlC0R1EFWUl8yhbU,Wisata alam tangga 1000,"JC33+M45, Dusun Kaola, Batetangnga, Kec. Binuang, Kabupaten Polewali Mandar, Sulawesi Barat, Indonesia",-3.3958743,119.4028493,Kabupaten Polewali Mandar,Sulawesi Barat
ChIJ-4YvyU4teTIRieyNRO-Zpy0,BUKIT GORESAN TIMUATO,"J2FG+JWM, Jl. Gorontalo Outer Ring Road, Timuato, Kec. Telaga Biru, Kabupaten Gorontalo, Gorontalo 96181, Indonesia",0.6240829999999999,123.0272959,Kabupaten Bone Bolango,Gorontalo
ChIJqajooB6_ky0R5f509uLwcRg,Sarambu Sikore,"3PQ5+CGG, Awan, Kec. Awan Rante Karua, Kabupaten Toraja Utara, Sulawesi Selatan 91856, Indonesia",-2.9114498,119.7088252,Kabupaten Tana Toraja,Sulawesi Selatan
ChIJx3Faf8yXkS0R5lk8lH_CJ_s,AIR TERJUN REMA TAMBOKE,"FFFC+F33, DESA, Tamboke, Kec. Sukamaju, Kabupaten Luwu Utara, Sulawesi Selatan 92963, Indonesia",-2.526367,120.470163,Kabupaten Luwu Utara,Sulawesi Selatan
ChIJ8eDwt9mrcDIR7V0i8b2oIKE,Pantai Desa Tamit (Tamit Paradise),"3H5H+HC, Tamit, Kec. Bunobogu, Kabupaten Buol, Sulawesi Tengah, Indonesia",1.0597732,121.5783639,Kabupaten Buol,Sulawesi Tengah
ChIJSzjbFHX_mC0RQ6hfKPxlnBw,Pantai One-One,"79FR+9R, Taipa, Kabupaten Konawe Utara, Sulawesi Tenggara, Indonesia",-3.7265613,122.3920717,Kabupaten Konawe,Sulawesi Tenggara
ChIJAQZiBoZrpC0Rq5iSJgFnVr8,Pantai watiginanda,"8MHJ+Q5X, Jl. Gajah Mada, Bangun, Kec. Sampolawa, Kabupaten Buton, Sulawesi Tenggara, Indonesia",-5.670508799999999,122.6804809,Kabupaten Buton,Sulawesi Tenggara
ChIJ5ZpvfURBvi0RyLaVpusgyu0,Bukit Bonto Payung,"7P67+XQR, Pujananting, Kec. Pujananting, Kabupaten Barru, Sulawesi Selatan 90762, Indonesia",-4.7375172,119.7143799,Kabupaten Pangkajene Dan Kepulauan,Sulawesi Selatan
ChIJB_SBEZnzlS0R95mfsXPUb4Q,Wisata Alam Chaputo,"MRMG+RG4, Pesse, Kec. Donri Donri, Kabupaten Soppeng, Sulawesi Selatan, Indonesia",-4.3154885,119.8263356,Kabupaten Barru,Sulawesi Selatan
ChIJjR40tXgTui0RKm3gsw0NyNk,Pantai Appatanah,"Pantai Appatanah, Appatanah, Bontosikuyu, Selayar Islands Regency, South Sulawesi, Indonesia",-6.4989347,120.4831764,Kabupaten Kepulauan Selayar,Sulawesi Selatan
ChIJcdEnilCZiy0RJmcA9JD3UAM,Pantai Seribu Kelapa,"Sarude, Kec. Sarjo, Kab. Pasangkayu, Sulawesi Barat 91591, Indonesia",-0.855057,119.5571857,Kabupaten Pasangkayu,Sulawesi Barat
ChIJY_Fw9zb1mi0RK3H-K0y13ls,Poentjak Unsongi Indah,"92H3+56, Unsongi, Kabupaten Morowali",-2.6220222,122.0030471,Kabupaten Morowali,Sulawesi Tengah
ChIJnVT6SLLVlS0RwKqzBu5b_pg,Wisata Cekdam Lagading,"538G+5MJ, Unnamed Road, Lagading, Kec. Pitu Riase, Kabupaten Sidenreng Rappang, Sulawesi Selatan 91691, Indonesia",-3.8345479,120.0766447,Kabupaten Sidenreng Rappang,Sulawesi Selatan
ChIJ587eUXYnmC0RjIAmdVFDaDA,Air Terjun Batu Lukis,"3PJ4+47C, Ulu Mowewe, Mowewe, Kabupaten Kolaka Timur, Sulawesi Tenggara 93517, Indonesia",-3.9196931,121.7056501,Kabupaten Kolaka,Sulawesi Tenggara
ChIJ42qeMW_pvi0ReEM01REBP7M,Air Terjun Borisallo,"QMG8+32, Belapunranga, Kec. Parangloe, Kabupaten Gowa, Sulawesi Selatan 92173, Indonesia",-5.224829,119.665002,Kabupaten Takalar,Sulawesi Selatan
ChIJkyYH0tL1vi0RlMoo1EQrRoM,Bulu tombolo,"Unnamed Road, 2P2Q+CVH, Labuaja, Kec. Cenrana, Kabupaten Maros, Sulawesi Selatan 90561, Indonesia",-4.998929400000001,119.7397438,Kabupaten Maros,Sulawesi Selatan
ChIJt2k0dfJRvi0RTFingrXH33o,"Lamperangan, Desa Kabba, Kec. Minasatene","4HQV+F9M, Kabba, Kec. Minasatene, Kabupaten Pangkajene Dan Kepulauan, Sulawesi Selatan 90614, Indonesia",-4.8612877,119.5934189,Kabupaten Pangkajene Dan Kepulauan,Sulawesi Selatan
ChIJM03dz7ntuy0Rp9GxEu0hXR8,SUAR MENARA INDAH,"7F6P+38Q, Menara Indah, Kec. Bontomatene, Kab. Kepulauan Selayar, Sulawesi Selatan, Indonesia",-5.739778299999999,120.4858593,Kabupaten Bulukumba,Sulawesi Selatan
ChIJSbXz60Clli0R7m1gW7aW-eg,Wisata Sawah Kurusumanga,"J88M+FW6, Kurusumanga, Kec. Belopa, Kabupaten Luwu, Sulawesi Selatan 91994, Indonesia",-3.3838385,120.3347735,Kabupaten Luwu,Sulawesi Selatan
ChIJ7SgFRB4LizIRa3syX5RJRbY,DERMAGA APUNG TAHUNA,"JF5R+5G7, pelabuhan tua, Kec. Tahuna, Kabupaten Kepulauan Sangihe, Sulawesi Utara, Indonesia",3.6079139,125.4913062,Kabupaten Kepulauan Sangihe,Sulawesi Utara
ChIJ45QF1EIPgy0RxU-85zBvUMQ,Pantai Bone Moute,"9HRH+228, Pasir Putih, Kec. Banggai, Kab. Banggai Laut, Sulawesi Tengah, Indonesia",-1.6099625,123.5775781,Kabupaten Banggai Kepulauan,Sulawesi Tengah
ChIJB8yK5mHtmC0RyBV7LRDc5c8,Wisata papalimbang Kendari,"2HCM+5Q7, Unnamed Road, Lapulu, Kota Kendari, Sulawesi Tenggara, Indonesia",-3.9795928,122.5844213,Kota Kendari,Sulawesi Tenggara
ChIJ5SjLbr87oy0RkLnhGTQ3Fg8,Pantai Pising,"Pantai Pising, Mapila, Kabaena Utara, Kabupaten Bombana, Sulawesi Tenggara 93781, Indonesia",-5.0673606,121.8751196,Kabupaten Bombana,Sulawesi Tenggara
ChIJOU9753iDoy0RJqH9h0PJuWo,Goa maobu,"M9PW+HFH, Lalibo, Kec. Mawasangka Tengah, Kabupaten Buton, Sulawesi Tenggara, Indonesia",-5.3135669,122.3962241,Kabupaten Muna,Sulawesi Tenggara
ChIJO2fARwZHhzIRJXKtumZrmLU,Telaga Sendow,"Telaga Sendow, Kopiwangker, Kec. Langowan Bar., Kabupaten Minahasa, Sulawesi Utara, Indonesia",1.156355,124.8277482,Kabupaten Minahasa,Sulawesi Utara
ChIJd2f8FcFlfjIRf9_t-7KirJQ,Air Terjun Desa Sauk,"RX84+G3F, Sauk, Kec. Lolak, Kabupaten Bolaang Mongondow, Sulawesi Utara, Indonesia",0.8163225,123.9551602,Kabupaten Bolaang Mongondow,Sulawesi Utara
ChIJ_9OZgb-hhi0RBcJV4dIQNvc,Uwe Molino,"2QRJ+V5P, Tontouan",-0.9577948,122.7804644,Kabupaten Banggai Laut,Sulawesi Tengah
ChIJo6rv5FRpgy0RREoR7lealD8,Binotik,"68PF+QWH, Lipulalongo, Labobo, Kab. Banggai Laut, Sulawesi Tengah, Indonesia",-1.7630667,123.3248483,Kabupaten Banggai Kepulauan,Sulawesi Tengah
ChIJLbXd28sJhC0R7Kks0l60v0o,Labotan Bone,"R256+GMH, Ombuli, Kec. Bulagi Utara, Kabupaten Banggai Kepulauan, Sulawesi Tengah, Indonesia",-1.1911881,123.0117317,Kabupaten Banggai Laut,Sulawesi Tengah
ChIJW_b-jH9ppC0RuOtG1N53IPc,Pantai Majapahit,"8JM9+VJW, Jl. Poros Batauga, Katilombu, Kec. Sampolawa, Kabupaten Buton, Sulawesi Tenggara 93752, Indonesia",-5.6652673,122.619069,Kabupaten Buton,Sulawesi Tenggara
ChIJxx2tDpjToy0R1qqmsCgvhM4,Wisata KAREDE (Permandian Air Hangat),"5XPJ+4GC, Jl. Ronta-Buranga, Een Sumala, Kec. Bonegunu, Kabupaten Buton Utara, Sulawesi Tenggara 93673, Indonesia",-4.81468,122.9812561,Kabupaten Buton Utara,Sulawesi Tenggara
ChIJi3MkYkillC0R4sPd9zCaJYw,Bahari Nusantara Mosso Mario,"HVP9+94G, Mosso Dhua, Kec. Sendana, Kabupaten Majene, Sulawesi Barat 91452, Indonesia",-3.4149851,118.8681734,Kabupaten Majene,Sulawesi Barat
ChIJU3_B-H83uS0RWr8XEy83D_Y,Pantai Indah Pannara,"7QXC+82X, Empoang Sel., Kabupaten Jeneponto",-5.701644099999999,119.7700977,Kabupaten Jeneponto,Sulawesi Selatan
ChIJ83I0Asc3ui0RfH3Ke6MAGp8,Tanjung Baloiya,"QCRW+R4W, Bontotangnga, Kab. Kepulauan Selayar",-6.2078814,120.4453264,Kabupaten Kepulauan Selayar,Sulawesi Selatan
ChIJHQryAORrlC0Ro0_HHSAGfUA,Air Terjun Lagandang,"Unnamed Road, GQ2G+27X, Bamba Puang, Kec. Anggeraja, Kabupaten Enrekang, Sulawesi Selatan 91752, Indonesia",-3.4998915,119.7757344,Kabupaten Enrekang,Sulawesi Selatan
ChIJ5T_BYHgPizIRKQAMWoBA-FI,Pantai Wisata Kendahe,"Pantai Wisata Kendahe, Kendahe I, Kendahe, Kabupaten Kepulauan Sangihe, Sulawesi Utara, Indonesia",3.6869883,125.3990026,Kabupaten Kepulauan Sangihe,Sulawesi Utara
ChIJ_1DGcwAJ8TIRFsejSd3kGL8,Pulau Terluar Indonesia,"HH5M+VJ, Miangas, Kabupaten Kepulauan Talaud, Sulawesi Utara, Indonesia",5.5596588,126.5840784,Kabupaten Kepulauan Talaud,Sulawesi Utara
ChIJnyRw99G7oi0R2VIXGLEYqC8,Bukit Tinabitte,"FVRC+MFW, Tinabite, Kec. Lantari Jaya, Kabupaten Bombana, Sulawesi Tenggara, Indonesia",-4.5082642,121.8711947,Kabupaten Bombana,Sulawesi Tenggara
ChIJ29qWc-HZki0RIec9DJAyMMc,Tepi Laut Mamuju,"8VCJ+V52, Rimuku, Kabupaten Mamuju, Sulawesi Barat, Indonesia",-2.677864,118.8803761,Kabupaten Mamuju,Sulawesi Barat
ChIJEXG5wyzljy0Rf9O8daWq4-8,Air Terjun MATARUTUNG,"Jalan Trans Sulawesi, Trans bunta, Kec. Petasia, Kabupaten Morowali Utara, Sulawesi Tengah 94971, Indonesia",-1.9908866,121.3587144,Kabupaten Morowali Utara,Sulawesi Tengah
ChIJ7zFmNNJZjC0RQQP2s_RMrj8,KOLAM RENANG TIRTABARAS,"HC6G+F79, Jln. Nusalontar, Lelejae",-1.4388378,119.4257406,Kabupaten Pasangkayu,Sulawesi Barat
ChIJS1rPfLDHlC0RgnTilKAeJt4,pantai pasir putih rangas,"CWJP+X35, Rangas Bar., Totoli, Kabupaten Majene",-3.56762,118.93523,Kabupaten Majene,Sulawesi Barat
ChIJ6RO42nUJky0R2D63Zfsp258,Destinasi digital Kampung Natal,"39HP+9QC, Tondok Bakaru, Kec. Mamasa, Kabupaten Mamasa, Sulawesi Barat 91362, Indonesia",-2.9215558,119.3868811,Kabupaten Mamasa,Sulawesi Barat
ChIJQ1w3NAAFeTIRGg97MULwKjI,WISATA BUNGA BUKIT CINTA,"JGJM+3X3, Tenilo, Kec. Paguyaman, Kabupaten Boalemo, Gorontalo 96261, Indonesia",0.6301448,122.5349187,Kabupaten Gorontalo,Gorontalo
ChIJffm-DS9Ovi0REDiUB7CTne4,Monumen Tantangan Ewako,"Jl. Poros Tonasa No.2, Padoang Doangan, Kec. Pangkajene, Kabupaten Pangkajene Dan Kepulauan, Sulawesi Selatan 90614, Indonesia",-4.835737900000001,119.5472782,Kabupaten Pangkajene Dan Kepulauan,Sulawesi Selatan
ChIJ3Yr0RIMrky0R_h2K_KHfgwc,Wisata pantai Losa,"Lebani, Kabupaten Mamuju",-2.6957883,118.7801936,Kabupaten Mamuju,Sulawesi Barat
ChIJM9JH9NVhlC0RpjWs_cSPsmQ,Wisata Pasir Putih Makkerre,"GCFM+W5R, Jl. Poros Pinrang - Polman, Mirring, Kabupaten Polewali Mandar",-3.4751384,119.4328964,Kabupaten Polewali Mandar,Sulawesi Barat
ChIJOXBzrqsxvi0RR-p3WK_uxHY,Wisata Bahari Politani,"Wisata Bahari Politani, Mandalle, Pangkajene and Islands Regency, South Sulawesi 90655, Indonesia",-4.5668792,119.5944764,Kabupaten Pangkajene Dan Kepulauan,Sulawesi Selatan
ChIJxTSyOcpxfjIR3jqubxpRMY8,Pantai Pondok Cinta,"V2P4+W27, Jalan, Motabang, Kec. Lolak, Kabupaten Bolaang Mongondow, Sulawesi Utara, Indonesia",0.8872797,124.0050511,Kabupaten Bolaang Mongondow,Sulawesi Utara
ChIJabgm2uBFji0Rmz-KueIR7Tc,Goa Latea,"6MV4+QR2, Tentena, Pamona Pusalemba, Kabupaten Poso, Sulawesi Tengah 94663, Indonesia",-1.7556018,120.6570221,Kabupaten Poso,Sulawesi Tengah
ChIJ-Zvv3c3VfjIRZH-5F6QIi3Q,Agrowisata Mekar Jaya Farm,"G5X7+F38, Unnamed Road, Duano, Kecamatan Suwawa Tengah, Kabupaten Bone Bolango, Gorontalo 96121, Indonesia",0.5486624999999999,123.1627031,Kabupaten Bone Bolango,Gorontalo
ChIJx4Na-c3poy0RPDZ6fkAFVic,Gunu Lambelu,"Gunu Lambelu, Konde, Kec. Kambowa, Kabupaten Buton Utara, Sulawesi Tenggara, Indonesia",-5.1125,122.8483333,Kabupaten Buton,Sulawesi Tenggara
ChIJGZFcXiGblC0RtpFq8kVFOMo,Buttu Dakka,"Buttu Dakka, Dakka, Kec. Tapango, Kabupaten Polewali Mandar, Sulawesi Barat, Indonesia",-3.3708333,119.2133333,Kabupaten Polewali Mandar,Sulawesi Barat
ChIJX8OOJV0wki0R-vEBNLbdmjk,Buntu Tabuan,"Buntu Tabuan, Rinding Allo, Kec. Limbong, Kabupaten Luwu Utara, Sulawesi Selatan, Indonesia",-2.5652778,119.9386111,Kabupaten Toraja Utara,Sulawesi Selatan
ChIJn7esqqpKiS0RIt-w4FcJW7o,Pantai Melasti Rayon Tambu,"Pantai Melasti Rayon Tambu, jl. pantai, tambu, Kec. Sausu, Kabupaten Parigi Moutong, Sulawesi Tengah 94473, Indonesia",-1.0441473,120.5278821,Kabupaten Tolitoli,Sulawesi Tengah
ChIJU1WO6pnWfjIRZFYXw2pCUHU,Wisata Pemandian Air Panas Lombongo,"Jl. Taman Wisata, Lombongo, Kecamatan Suwawa Tengah, Kabupaten Bone Bolango, Gorontalo 96583, Indonesia",0.5479944,123.1788682,Kabupaten Bone Bolango,Gorontalo
ChIJHXh7Mhk9fjIRz-Wsft0QRAY,KOTAMOBAGU,"Jl. Gatot Subroto, mongkonai induk, Kec. Kotamobagu Bar., Kota Kotamobagu, Sulawesi Utara, Indonesia",0.7375741000000001,124.2766933,Kabupaten Bolaang Mongondow,Sulawesi Utara
ChIJsx1-Wbsvly0R6P83iBeMCg8,Permandian Sulembe,"M2MJ+CMM, Unnamed Road, Watu Mutaha, Kec. Ngapa, Kabupaten Kolaka Utara, Sulawesi Tenggara 93958, Indonesia",-3.316417,121.031671,Kabupaten Kolaka Utara,Sulawesi Tenggara
ChIJwdEhCgDxmC0RPe-zb1d1_wY,Wisata Pantai Konawe Timur Tanjung Lalimbue,"4GJ5+967, Lalimbue, Kabupaten Konawe",-3.869099,122.5080376,Kabupaten Konawe,Sulawesi Tenggara
ChIJsdlhfr1hvi0RKi_NFhTKIs8,Air Terjun Bantimurungnge,"3RM9+8X5, Pattiro Deceng, Kec. Camba, Kabupaten Maros, Sulawesi Selatan 90562, Indonesia",-4.9167431,119.8199965,Kabupaten Maros,Sulawesi Selatan
ChIJ39sTxJcpvi0R3J_0EDTrB0I,Pantai atapange,"GHGX+PP2, Lalolang, Kec. Tanete Rilau, Kabupaten Barru, Sulawesi Selatan 90761, Indonesia",-4.4732264,119.599251,Kabupaten Pangkajene Dan Kepulauan,Sulawesi Selatan
ChIJx2TVkDQ7vi0R2LOBpEm5FuQ,Bukit Nanas Bette,"CM2W+47, Jangan-Jangan, Kec. Pujananting, Kabupaten Barru, Sulawesi Selatan, Indonesia",-4.5996399,119.6956469,Kabupaten Pangkajene Dan Kepulauan,Sulawesi Selatan
ChIJNX5e9UhFkC0RS81bFvNFNDc,Tugu tongku Tambee desa Landangi,"G4HG+HR, Matano, Kec. Nuha, Kabupaten Luwu Timur, Sulawesi Selatan 92983, Indonesia",-2.4711108,121.1271211,Kabupaten Luwu Timur,Sulawesi Selatan
ChIJ0Z3gH9SfizIRPXhi9E66mUU,Humusu Beach,"GJW5+2WP, Kulur II, Kec. Tabukan Tengah, Kabupaten Kepulauan Sangihe, Sulawesi Utara, Indonesia",3.5450767,125.6098129,Kabupaten Kepulauan Sangihe,Sulawesi Utara
ChIJK4LnscOjizIRU8bgcDOGhg8,BATU SENGGELOHE,"Unnamed Road, GF2P+R7R, Kec. Manganitu, Kabupaten Kepulauan Sangihe, Sulawesi Utara, Indonesia",3.5021066,125.485632,Kabupaten Kepulauan Sangihe,Sulawesi Utara
ChIJ4YORGwC9iy0RMxbhyqoPe0A,Desa Wisata Towale 2019,"7MFJ+H59, Ampera - Surumana, Towale, Kec. Banawa Tengah, Kabupaten Donggala, Sulawesi Tengah 94351, Indonesia",-0.7260928,119.6804713,Kabupaten Donggala,Sulawesi Tengah
ChIJcSSqPQATii0RBkUY3-Cd0k4,Pasir putih/ Sivalenta bose,"RRM3+9G5, Lende, Kec. Sirenja, Kabupaten Donggala, Sulawesi Tengah, Indonesia",-0.1666105,119.8038476,Kabupaten Donggala,Sulawesi Tengah
ChIJdVvzP6uNmi0RqXA76Rolatw,Pantai Matano,"FX7C+27, Matano, Kec. Bungku Tengah, Kabupaten Morowali, Sulawesi Tengah, Indonesia",-2.5374893,121.9706752,Kabupaten Morowali,Sulawesi Tengah
ChIJWxpFSuhthC0Rd9YWd_-XoKE,Air Terjun Lalengan,"MR6R+7PX, Lalengan, Kec. Buko, Kabupaten Banggai Kepulauan, Sulawesi Tengah 94881, Indonesia",-1.3392572,122.8418684,Kabupaten Banggai Laut,Sulawesi Tengah
ChIJwas1fHOTgy0RkIeapl9tmpM,Tebingkai,"M7GR+HH8, Jl. Bukit Trikora, Tompudau, Tinangkung, Kabupaten Banggai Kepulauan, Sulawesi Tengah 94885, Indonesia",-1.3235863,123.2914646,Kabupaten Banggai Laut,Sulawesi Tengah
ChIJhZyP1w1rpC0RdHoCZ5fpNv4,Pantai Desa Bahari,"8P97+W4, Bahari, Kabupaten Buton, Sulawesi Tenggara, Indonesia",-5.6801622,122.7127792,Kabupaten Buton,Sulawesi Tenggara
ChIJlS0AIgDdoi0RAS8Ts-578Bc,Permandian Lowi Malo,"7W8P+M44, Taubonto, Kec. Rarowatu, Kabupaten Bombana, Sulawesi Tenggara, Indonesia",-4.733362500000001,121.9353281,Kabupaten Muna Barat,Sulawesi Tenggara
ChIJ89-sF415oy0RhRYRGHQxlBM,PANTAI LA DADO,"P73G+JC, Balobone, Kec. Mawasangka, Kabupaten Buton, Sulawesi Tenggara, Indonesia",-5.295913,122.276091,Kabupaten Muna,Sulawesi Tenggara
ChIJCUI9YKsJpy0R6ND0UsmVcWM,Pantai Palahidu,"4265+C3G, Palahidu, Binongko, Kabupaten Wakatobi, Sulawesi Tenggara, Indonesia",-5.8889281,124.0077174,Kabupaten Wakatobi,Sulawesi Tenggara
ChIJ03nDOgDRki0Rm6sCN5vyvvc,Bukit tinggi TARANGGADING,"9R6G+Q2, Rangas, Kec. Simboro Dan Kepulauan, Kabupaten Mamuju, Sulawesi Barat, Indonesia",-2.6380885,118.8250009,Kabupaten Mamuju,Sulawesi Barat
ChIJW9AIfWLbki0RrW_paR22KlQ,Karampuang Island,"9V8H+9J7, Unnamed Road, Pulau, Karampuang",-2.6340865,118.8790585,Kabupaten Mamuju,Sulawesi Barat
ChIJufdzPLIreTIRWyMNphhJdN4,Bukit Layang,"G3F4+3GR, Tenda, Kec. Hulonthalangi, Kabupaten Gorontalo, Gorontalo 96133, Indonesia",0.5227379,123.0562644,Kabupaten Bone Bolango,Gorontalo
ChIJFUtmBgDTfjIRjVJwNUbiL7s,Air Terjun Milango Lo Jini,"J49P+75, Lonuo, Kec. Tilongkabila, Kabupaten Bone Bolango, Gorontalo, Indonesia",0.6181875,123.1354375,Kabupaten Bone Bolango,Gorontalo
ChIJGXdQDQAdvy0Rbb-QYW8yZ0c,Wisata Kapal Pinisi Makassar,"VC44+FR7 Sewa Kapal Pinisi, Maloku, Kec. Ujung Pandang, Kota Makassar, Sulawesi Selatan 90111, Indonesia",-5.143848600000001,119.4070436,Kota Makassar,Sulawesi Selatan
ChIJo_TheABXvi0RaxmukORzaEw,Istana KARST,"3JM2+V2F, Bontonlempangan, Kabupaten Maros",-4.9145046,119.6005533,Kabupaten Maros,Sulawesi Selatan
ChIJMUr892h9lC0RE8Q1SKsPFs0,Air Terjun Sali Sali,"Unnamed Road, JF59+GF9, Sali Sali, Kec. Lembang, Kabupaten Pinrang, Sulawesi Selatan 91254, Indonesia",-3.3912135,119.4687301,Kabupaten Polewali Mandar,Sulawesi Barat
ChIJ4SuVhXgBli0Rg5BsX8ofdag,Wisata Alam Panyili,"J5WP+RQ5, Panyili, Kec. Dua Boccoe, Kabupaten Bone, Sulawesi Selatan 92753, Indonesia",-4.3529925,120.1869691,Kabupaten Bone,Sulawesi Selatan
ChIJ0y2gy34Fvi0RCFvpEvAC58Y,"Walimpong, Desa Barae","G24G+F68, Barae, Kec. Mario Riwawo, Kabupaten Soppeng, Sulawesi Selatan, Indonesia",-4.4938256,120.0255925,Kabupaten Bone,Sulawesi Selatan
ChIJwR4AN-tzlC0RHI9NkSeyiNA,Wisata Goa Batu Maupa,"MQ2P+725, Salu Dewata, Kec. Anggeraja, Kabupaten Enrekang, Sulawesi Selatan 91754, Indonesia",-3.349354,119.7851073,Kabupaten Enrekang,Sulawesi Selatan
ChIJC6JA9R1DhzIRS-Px19AqNF4,Air terjun Kulung-Kulung,"6PVV+JJ, Wiau Lapi, Kec. Tareran, Kabupaten Minahasa Selatan, Sulawesi Utara, Indonesia",1.2441202,124.7440468,Kabupaten Minahasa,Sulawesi Utara
ChIJf9TpSkxnhzIRa1kf9iqk95o,Air Terjun Tolei,"7J3M+96Q, Desa, Tumpaan Baru, Kec. Tumpaan, Kabupaten Minahasa Selatan, Sulawesi Utara, Indonesia",1.2534652,124.6331037,Kabupaten Minahasa,Sulawesi Utara
ChIJDT3CZwABdzIRjYD8QNQO6dE,Wisata Gunung Kulon KotaNagaya,"Wisata Gunung Kulon, Kotanagaya, Kec. Bolano Lambunu, Kabupaten Parigi Moutong, Sulawesi Tengah, Indonesia",0.5311686999999999,120.9664263,Kabupaten Buol,Sulawesi Tengah
ChIJv_YnuCOJly0Rbghca40smHk,Telaga Liku mebubu,"2HWW+H7, Ulunggolaka, Kabupaten Kolaka",-3.9535654,121.5956497,Kabupaten Kolaka,Sulawesi Tenggara
ChIJXUGgvT3Loy0RW5Dmshry3dU,Wuna Waterfront City (WWC),"5P7J+F5, Raha I, Kabupaten Muna, Sulawesi Tenggara, Indonesia",-4.8363603,122.7304152,Kabupaten Muna,Sulawesi Tenggara
ChIJv0LnDQCzoy0RMPM72xuVcXc,Kebun bapa ijo,"4JJG+4FC, Liabalano, Kabupaten Muna",-4.8696872,122.6261253,Kabupaten Muna,Sulawesi Tenggara
ChIJwceiuGi5vi0RBjafCzO5ADQ,Air Terjun Barrasa,"HRQM+5H7, Unnamed Road, Rappoala, Kec. Tompobulu, Kabupaten Gowa, Sulawesi Selatan 92175, Indonesia",-5.4120751,119.8339131,Kabupaten Bantaeng,Sulawesi Selatan
ChIJDQ-zp10nvi0RXsbCjgkYtiU,MAROLAND,"HJQW+FR, Sepee",-4.4113566,119.6470882,Kabupaten Pangkajene Dan Kepulauan,Sulawesi Selatan
ChIJRdYTCvcdvi0R9KhtegR9tVM,Patung Arung Palakka di situs Kelahiran,"Jalan Tetti Kenrare, Jl. Soppeng-Takalala, Labessi, Kec. Mario Riwawo, Kabupaten Soppeng, Sulawesi Selatan 90862, Indonesia",-4.4448907,119.9538645,Kabupaten Barru,Sulawesi Selatan
ChIJNxASrHalvi0RcgzNeoFv15A,Air Terjun Gamaccayya,"Unnamed Road, M246+VQ2, Kindang, Kec. Kindang, Kabupaten Bulukumba, Sulawesi Selatan 92662, Indonesia",-5.3428593,120.0118797,Kabupaten Gowa,Sulawesi Selatan
ChIJZ4G1H8HLvi0Rjm-4hRXXNdQ,Air terjun Tuangloe,"CPRH+VJ, Datara, Kec. Bontoramba, Kabupaten Jeneponto, Sulawesi Selatan 90244, Indonesia",-5.5578588,119.729028,Kabupaten Jeneponto,Sulawesi Selatan
ChIJQWOrcgABhzIRp2FjGdu06CY,Eduwisata Bahari BPPP Bitung,"F657+498, Jl. Tandurusa, Tandurusa, Aertembaga, Kota Bitung, Sulawesi Utara, Indonesia",1.4577973,125.2134625,Kota Bitung,Sulawesi Utara
ChIJW-aETUkThzIRu_EVaq5fIYw,Air Terjun Tonsealama,"8WGC+CQG, Jl. Tondano - Airmadidi, Tonsea Lama, Kec. Tondano Utara, Kabupaten Minahasa, Sulawesi Utara, Indonesia",1.3260677,124.9219577,Kota Tomohon,Sulawesi Utara
ChIJnxxR4wOvfzIRT-3IvXhcyyg,Air terjun Soguo,"9XW8+75F, Salongo Tim., Kec. Bolaang Uki, Kabupaten Bolaang Mongondow Selatan, Sulawesi Utara, Indonesia",0.3956954,123.9654209,Kabupaten Bolaang Mongondow Selatan,Sulawesi Utara
ChIJTf66uL6Lmi0RyNbvM6b6N48,Kolongko Beach,"CX8P+C4, Tudua, Kec. Bungku Tengah, Kabupaten Morowali, Sulawesi Tengah, Indonesia",-2.5843731,121.9853613,Kabupaten Morowali,Sulawesi Tengah
ChIJ1zLnfEtjhC0R2XXxcDUDYu4,Danau Alani,"GV64+3JW, Desa, Alani, Kec. Buko Selatan, Kabupaten Banggai Kepulauan, Sulawesi Tengah, Indonesia",-1.4897633,122.8565783,Kabupaten Banggai Laut,Sulawesi Tengah
ChIJD2_nyfChhi0RYF9PK3uxaeI,Monumen Teluk Lalong,KH. Samanhudi,-0.9545376,122.7910248,Kabupaten Banggai Laut,Sulawesi Tengah
ChIJG86nrn5lhC0RZXJpDr6noHU,Danau Lemelu,"Desa Emelu, Kec. Buko Selatan, Kabupaten Banggai Kepulauan, Sulawesi Tengah 94881, Indonesia",-1.4717587,122.8751218,Kabupaten Banggai Laut,Sulawesi Tengah
ChIJaeAANACPlC0RKEq1Q0h7KDw,Balai Kesenian Desa Campurjo,"Balai Kesenian, Campurjo, Kec. Wonomulyo, Kabupaten Polewali Mandar, Sulawesi Barat 91352, Indonesia",-3.4112638,119.2322082,Kabupaten Polewali Mandar,Sulawesi Barat
ChIJrxkbYGPTfjIRKMjBgdYbPp8,Kolam Pancing Firtia Desa Lomaya,"J3GM+2Q2, Lomaya, Kec. Bulango Utara, Kabupaten Bone Bolango, Gorontalo 96181, Indonesia",0.6250207999999999,123.0844004,Kabupaten Bone Bolango,Gorontalo
ChIJlyEb15mWlS0Rz61R1dLt2NQ,Danau Paku'E,"RMQM+JXF, Nepo, Kec. Mallusetasi, Kabupaten Barru, Sulawesi Selatan 90753, Indonesia",-4.1609343,119.6849127,Kabupaten Barru,Sulawesi Selatan
ChIJiWvN-sszui0RUxBBMWIqYDw,Liang Tarrusu,"92855, Bontoborusu, Bontoharu, Selayar Islands Regency, South Sulawesi, Indonesia",-6.186051399999999,120.3948382,Kabupaten Kepulauan Selayar,Sulawesi Selatan
ChIJk9cgL1p0lC0R2VUaVM6LO9U,Air Terjun Bulu Langi,"PP2P+WHR, Mundan, Kec. Masalle, Kabupaten Enrekang, Sulawesi Selatan 91754, Indonesia",-3.2976393,119.7363803,Kabupaten Enrekang,Sulawesi Selatan
ChIJJz2gZ19xfjIR8pRllUU_pPs,"Pantai COCONUT BEACH, lolak,Bolaang Mongondow Induk, Sulawesi Utara","V2Q6+R23, Lolak, Kec. Lolak, Kabupaten Bolaang Mongondow, Sulawesi Utara, Indonesia",0.8895152,124.0100549,Kabupaten Bolaang Mongondow,Sulawesi Utara
ChIJZYrX-_ixfzIRcv4OrADUSog,Wonderfull Bolsel,"92G2+F8W, Sondana, Kec. Bolaang Uki, Kabupaten Bolaang Mongondow Selatan, Sulawesi Utara, Indonesia",0.3755619,124.0004576,Kabupaten Bolaang Mongondow Selatan,Sulawesi Utara
ChIJxR571GgRjC0RNguFkERBp7A,SABODAM BANGGA 1,"Bangga, Kabupaten Sigi",-1.2433742,119.9271404,Kabupaten Sigi,Sulawesi Tengah
ChIJQXtLZXbZmy0Rj-PLs0LyUg4,Desa Bungintende,"VH3R+PV9, Bungintende, Kec. Bungku Sel., Kabupaten Morowali, Sulawesi Tengah, Indonesia",-3.1457124,122.5922493,Kabupaten Konawe Utara,Sulawesi Tenggara
ChIJr9r7k2iSmi0RcnmJ9LWcDZw,Pantai FONUASINGKO,"GWCQ+Q5V, Jl. Trans Sulawesi, Bente, Kec. Bungku Tengah, Kabupaten Morowali, Sulawesi Tengah 94973, Indonesia",-2.4780227,121.9379371,Kabupaten Morowali,Sulawesi Tengah
ChIJk58aLEGjhi0RAtxTtR_1lfg,Air terjun 801,"3P7W+PC, Hanga-Hanga, Kec. Luwuk Selatan, Kabupaten Banggai, Sulawesi Tengah, Indonesia",-0.9356584,122.7460364,Kabupaten Banggai Laut,Sulawesi Tengah
ChIJBXlZ85NHhC0RC5Q3Y0IuLWE,Makakata Beach,"PH48+837, Sisipan, Kec. Batui, Kabupaten Banggai, Sulawesi Tengah, Indonesia",-1.2942211,122.5651744,Kabupaten Banggai,Sulawesi Tengah
ChIJl8lCOXZ5hC0Rzr3ZDSM6yog,Makam Imam Syaban dan Lipuadino Lolantang,"G2P9+WRQ, Toi-Toi, Kec. Bulagi Sel., Kabupaten Banggai Kepulauan, Sulawesi Tengah 94882, Indonesia",-1.4626666,123.0196063,Kabupaten Banggai Laut,Sulawesi Tengah
ChIJ6a-SO89hlC0RAXQ1i602g1E,Pantai silopo,"GCFW+F6M, Mirring, Kec. Binuang, Kabupaten Polewali Mandar, Sulawesi Barat, Indonesia",-3.4762964,119.4455377,Kabupaten Polewali Mandar,Sulawesi Barat
ChIJH7M52HAreTIR5vIQfqWYn1A,Bendungan desa tabumela,"H237+5XG, Tabumela, Kec. Tilango, Kabupaten Gorontalo, Gorontalo 96181, Indonesia",0.5529341999999999,123.0149615,Kota Gorontalo,Gorontalo
ChIJ1ZIiRGxPvi0R7l6NN4KkeN4,Leang Cina,"Bowong Cindea, Kec. Bungoro, Kabupaten Pangkajene Dan Kepulauan, Sulawesi Selatan, Indonesia",-4.801435800000001,119.5213644,Kabupaten Pangkajene Dan Kepulauan,Sulawesi Selatan
ChIJyf1sBaqvvi0RGCgFzB5ZFxI,Wisata Manyu-Manyu Campaga,"G2QF+6FF, Campaga, Kabupaten Bantaeng",-5.462587999999999,120.0231699,Kabupaten Bantaeng,Sulawesi Selatan
ChIJ2yAJU5hLuS0RW177TWlXzDQ,hutan mangrove arungkeke,"9R7Q+XX, Arungkeke Pallantikang, Kabupaten Jeneponto, Sulawesi Selatan, Indonesia",-5.635123600000001,119.839987,Kabupaten Jeneponto,Sulawesi Selatan
ChIJGehE4m-Xky0Rdu2PCE1vsGM,Wisata Alam To'pinus Burasia,"XM8R+JX9, Burasia, Kec. Bittuang, Kabupaten Tana Toraja, Sulawesi Selatan 91856, Indonesia",-3.0334641,119.6924813,Kabupaten Tana Toraja,Sulawesi Selatan
ChIJG4XWP43Dky0RYBKEPz1tMgU,Tongkonan Layuk Ma'dika Bori',"Jl. Poros Parinding - Bori, Bori, Kec. Sesean, Kabupaten Toraja Utara, Sulawesi Selatan 91853, Indonesia",-2.9188201,119.919423,Kabupaten Toraja Utara,Sulawesi Selatan
ChIJyc5__6lfkS0RGj3WC-rrFd8,Pantai Benteng,"X6Q9+9XF, Benteng, Kec. Wara Tim., Kota Palopo, Sulawesi Selatan 91922, Indonesia",-3.0115656,120.2199283,Kota Palopo,Sulawesi Selatan
ChIJrSHe3IYjfjIREYq4-bfJWwQ,Air terjun Liberia timur,"Air terjun, Liberia Tim., Kec. Modayag, Kabupaten Bolaang Mongondow Timur, Sulawesi Utara, Indonesia",0.7389749999999999,124.4138031,Kabupaten Bolaang Mongondow,Sulawesi Utara
ChIJu2_tQ7U3mi0RNgwZYaQbdgU,Wisata mangrove bete-bete,"462J+X6, Puungkeu, Kec. Bungku Pesisir, Kabupaten Morowali, Sulawesi Tengah, Indonesia",-2.8975823,122.2305118,Kabupaten Konawe Utara,Sulawesi Tenggara
ChIJl3MaPQBDmi0Re2sIej5Lq28,Bukit CNGR,"62FF+68, Dampala, Kec. Bahodopi, Kabupaten Morowali, Sulawesi Tengah, Indonesia",-2.7769501,122.023319,Kabupaten Morowali,Sulawesi Tengah
ChIJ485n8Ee7cDIRVek3uggbm9s,"Batu Tiga, Tanjung Leok","Tiga, 6C8M+792, Jl. Buol - Gorontalo, Batu Rata, Paleleh, Kabupaten Buol, Sulawesi Tengah 94568, Indonesia",1.2156294,121.4333955,Kabupaten Buol,Sulawesi Tengah
ChIJbyC8jqfhvi0RF66yusuiB8w,Wisata Sawah Bapak Tompo,"Jl. Monginsidi No.30, Mangkura, Kec. Ujung Pandang, Kota Makassar, Sulawesi Selatan 90114, Indonesia",-5.1482,119.4183631,Kota Makassar,Sulawesi Selatan
ChIJ6fGf73ytfjIRdmOiNN_FP9Q,Pantai Mootame Dalapuli,"W562+6HW, Unnamed Road, Dalapuli, Kec. Pinogaluman, Kabupaten Bolaang Mongondow Utara, Sulawesi Utara, Indonesia",0.9106199,123.1514506,Kabupaten Gorontalo Utara,Gorontalo
ChIJUQC8HADBiy0RGFW9QdcHlC8,Pantai Popa,"6VX5+6X6, Kayumalue Pajeko, Kec. Palu Utara, Kota Palu, Sulawesi Tengah, Indonesia",-0.7519639,119.8598877,Kabupaten Donggala,Sulawesi Tengah
ChIJs4hAFPfHkC0RmvDACFB3iHw,Air Terjun Sarambu,"X6JV+J67, Sarambu, Kec. Porehu, Kabupaten Kolaka Utara, Sulawesi Tenggara 92981, Indonesia",-3.0184543,121.2430562,Kabupaten Kolaka Utara,Sulawesi Tenggara
ChIJLQrsX0TBoi0RPTzch__AlOI,Bukit Bersantai,"9W58+3W5, Wumbubangka, Kec. Rarowatu Utara, Kabupaten Bombana, Sulawesi Tenggara 93774, Indonesia",-4.6423573,121.9173726,Kabupaten Bombana,Sulawesi Tenggara
ChIJV8r9f0fUfjIRe4zp4-5hbvk,Bulano Perintis,"Bulano Perintis, Boludawa, Kec. Suwawa, Kabupaten Bone Bolango, Gorontalo, Indonesia",0.5452777999999999,123.1463889,Kabupaten Bone Bolango,Gorontalo
ChIJJby9wQy0vi0RyLrJeyLtjWI,Air Terjun Kembar Kara'ngasa,"FVWF+3P4, Bonto Rannu, Kec. Uluere, Kabupaten Bantaeng, Sulawesi Selatan 92451, Indonesia",-5.5048589,119.8743169,Kabupaten Bantaeng,Sulawesi Selatan
ChIJxc-BipXfiy0R_kOA4i9fAsg,Pantai Kayu Bura,"7465+RXM, Pelawa Baru, Kec. Parigi Tengah, Kabupaten Parigi Moutong, Sulawesi Tengah, Indonesia",-0.7379243999999999,120.1099299,Kabupaten Donggala,Sulawesi Tengah
ChIJzexS47KnhC0ROwvwX3E8S2Q,Teluk Indah Desa Lalong,"4368+MXJ, Lalong, Bangkurung, Kabupaten Banggai Kepulauan, Sulawesi Tengah 94892, Indonesia",-1.8882807,123.0673891,Kabupaten Banggai Kepulauan,Sulawesi Tengah
ChIJ4UBLetUWeTIRFwpCyt0pGVY,Bukit Kromo Leksono,"MJ8J+P2H, Sidodadi, Kec. Boliyohuto, Kabupaten Gorontalo, Gorontalo 96127, Indonesia",0.6668187,122.6301127,Kabupaten Gorontalo,Gorontalo
ChIJg34tg1U1eDIRHLkbQ3EyRfo,Agrowisata Pangimba Bumdesa Taluduyunu,"Jl. Gn. Pani, Taluduyunu, Kec. Buntulia, Kabupaten Pohuwato, Gorontalo 96266, Indonesia",0.5020093,121.9360098,Kabupaten Pohuwato,Gorontalo
ChIJLf1uCebpiy0R-zLcVjrSQU8,"Pantai uwe buro, Palu","5V7J+93W, Jl. Uwe Buro, Tondo, Kec. Mantikulore, Kota Palu, Sulawesi Tengah 94148, Indonesia",-0.8365136999999999,119.8802121,Kota Palu,Sulawesi Tengah
ChIJXwy4oZbffjIRNzuVHPZIqkQ,Desa Pinogu,"GC3J+G3J, Pinogu, Kec. Pinogu, Kabupaten Bone Bolango, Gorontalo, Indonesia",0.5038313999999999,123.4301392,Kabupaten Bone Bolango,Gorontalo
ChIJ580uuqgLky0R2-GavdQqK6U,Wisata Sawah Golden Bridge,"Jalan Rantepongko, Tondok Bakaru, Kabupaten Mamasa",-2.9253097,119.3827446,Kabupaten Mamasa,Sulawesi Barat
ChIJm-a_PgV8dzIR91ae4RXbczs,Wisata Air Terjun,"HGMW+JX3, Lomuli, Kec. Lemito, Kabupaten Pohuwato, Gorontalo 96468, Indonesia",0.5840107,121.5474239,Kabupaten Pohuwato,Gorontalo
ChIJRTaHq_e3vi0RMhC_T4OnCC4,Lembah wisata TMI,"HV99+J37, Tanete, Kabupaten Gowa",-5.4309569,119.8676563,Kabupaten Bantaeng,Sulawesi Selatan
ChIJvTSui56Rli0Rr-zRiNhCG2I,Pantai Babana,"9CJ8+7W6, Jl. Andi Jaja, Temboe, Kabupaten Luwu, Sulawesi Selatan 91998, Indonesia",-3.6193405,120.4172584,Kabupaten Wajo,Sulawesi Selatan
ChIJNz3k0JW9li0RNeIhL2g8d7M,Pantai Polongasa-Ds.Towondu,"G94P+GC5, Towondo, Kec. Suli, Kabupaten Luwu, Sulawesi Selatan 91996, Indonesia",-3.4937473,120.3861173,Kabupaten Wajo,Sulawesi Selatan
ChIJI8rmaqGJkC0RJzY1m-pJ2dU,Taman Wisata Alam Danau Towuti,"8CQM+M8X, Danau, Kabupaten Luwu Timur, Sulawesi Selatan 92982, Indonesia",-2.6607721,121.4333573,Kabupaten Luwu Timur,Sulawesi Selatan
ChIJtbTClX7riy0Rkf6u8Cqxu20,Pantai Wisata Citraland Palu,"5V9J+63P, Perumahan Citraland Palu, Tondo, Kec. Mantikulore, Kota Palu, Sulawesi Tengah 94148, Indonesia",-0.8319181999999999,119.8802183,Kota Palu,Sulawesi Tengah
ChIJv9SGyjLjvi0RbLNVpjNG-QE,LORONG WISATA SILVES,"RCXM+XQQ, Lorong 2, Balla Parang",-5.1500499,119.4344875,Kota Makassar,Sulawesi Selatan
ChIJy_4Mc0fxky0RUHUYxuoiJD8,Tongkonan Mebali,"Unnamed Road, VW54+RH2, Lemo, Kec. Mengkendek, Kabupaten Tana Toraja, Sulawesi Selatan 91871, Indonesia",-3.1404917,119.9063938,Kabupaten Tana Toraja,Sulawesi Selatan
ChIJfS0LQ3JbkS0RNl2TGbjV9yY,Monumen Pendaratan Islam Lapandoso,"W7R3+7RP, Jl. Datuk Sulaiman, Pabbaresseng, Kec. Bua, Kabupaten Luwu, Sulawesi Selatan 91991, Indonesia",-3.0592911,120.2545777,Kota Palopo,Sulawesi Selatan
ChIJQ_Ju55qhhzIRw9L5JO54G-w,Bukit Doa APKB,"Kolongan, Kec. Talawaan, Kabupaten Minahasa Utara, Sulawesi Utara, Indonesia",1.5224954,124.9446522,Kota Manado,Sulawesi Utara
ChIJ99jN1ycLjC0RYUNcjEEVKZE,Bulu Nti,"Bulu Nti, Balomoa, Kec. Dolo Bar., Kabupaten Sigi, Sulawesi Tengah, Indonesia",-1.0869444,119.8005556,Kabupaten Pasangkayu,Sulawesi Barat
ChIJw-uwPa7nji0Rpf1n41OeeX8,Bahamast Cottage,"JQQV+63G, Jalan Trans Sulawesi, Madale",-1.3618814,120.7928364,Kabupaten Poso,Sulawesi Tengah
ChIJ61Pu1cSniC0RcjrW9S1tiFY,Pantai Marina Ampana,"Jl. Tj. Api No.33, Labuan, Kec. Ampana Kota, Kabupaten Tojo Una-Una, Sulawesi Tengah 94683, Indonesia",-0.8529865999999999,121.6001388,Kabupaten Tojo Una-Una,Sulawesi Tengah
ChIJFfw_0xV5hi0RBa6enRH0Jio,Air Terjun Raptors,"Jaya Makmur, Kec. Nuhon, Kabupaten Banggai, Sulawesi Tengah, Indonesia",-1.0172564,122.2313539,Kabupaten Banggai,Sulawesi Tengah
ChIJl9R5X2Knoi0RlOY-PlcKeFc,Air terjun penanggootu,"JVWM+MMQ, Penanggootu, Kec. Lambandia, Kabupaten Kolaka Timur, Sulawesi Tenggara 93573, Indonesia",-4.3532875,121.8842344,Kabupaten Kolaka Timur,Sulawesi Tenggara
ChIJGV6OnI_Zoi0RtNUsZxeCNPs,Pantai poltra,"4VP4+FFQ, Marampuka, Kec. Poleang Tenggara, Kabupaten Bombana, Sulawesi Tenggara 93773, Indonesia",-4.8637936,121.856228,Kabupaten Bombana,Sulawesi Tenggara
ChIJWdKBXNinpy0R87sANLVkgRs,Pantai Yella,"32RR+HHR, Unnamed Road, Kampo-Kampo, Binongko, Kabupaten Wakatobi, Sulawesi Tenggara 93794, Indonesia",-5.9085092,124.0413912,Kabupaten Wakatobi,Sulawesi Tenggara
ChIJEztGWAqzvi0R1EHsGZdvPjI,SELFIE JEMBATAN AIR TERJUN,"FWP6+WG, Bonto Salluang, Kec. Bissappu, Kabupaten Bantaeng, Sulawesi Selatan 92451, Indonesia",-5.5126588,119.9112633,Kabupaten Bantaeng,Sulawesi Selatan
ChIJ0wtrPrY5lC0Ry56SeCp7MRs,Air Terjun Salassang,"9R8M+3M6, Palakka, Kec. Maiwa, Kabupaten Enrekang, Sulawesi Selatan 91761, Indonesia",-3.63483,119.8341492,Kabupaten Enrekang,Sulawesi Selatan
ChIJxbaasiJXkS0RWCyif_5oVuU,Pemandian Batu Kodok,"V672+9M8, desa harapan, Kec. Bua, Kabupaten Luwu, Sulawesi Selatan 91991, Indonesia",-3.1365892,120.2017131,Kabupaten Luwu,Sulawesi Selatan
ChIJF-893jIPhzIRgEir0cntytU,Air Terjun LENSO,"Treman, Kec. Kauditan, Kabupaten Minahasa Utara, Sulawesi Utara, Indonesia",1.3833735,125.0322766,Kabupaten Minahasa,Sulawesi Utara
ChIJVdK5L3xRhzIRJ1qff83gFCA,TERMINAL TRANSIT GUNUNG SOPUTAN,"4M3J+XW2, Silian, Tombatu, Southeast Minahasa Regency, North Sulawesi, Indonesia",1.104894,124.6822685,Kabupaten Minahasa Selatan,Sulawesi Utara
ChIJK28XsHlRhzIRxf5x_e_XT-w,Air panas kelewaha,"3JPR+V8Q, Lobu Dua",1.0872124,124.6408595,Kabupaten Minahasa Selatan,Sulawesi Utara
ChIJkU2o78-jizIRFrrcVwi2uUo,Tanjung Lelapide,"FF9P+224, Nagha II, Tamako, Kabupaten Kepulauan Sangihe, Sulawesi Utara, Indonesia",3.4675088,125.485063,Kabupaten Kepulauan Sangihe,Sulawesi Utara
ChIJkTV3c1Qdjy0RXGCqUG8jvWI,Pantai pasir putih,"Unnamed Road, HWM4+HQV, Matako, Kec. Tojo Bar., Kabupaten Tojo Una-Una, Sulawesi Tengah 94681, Indonesia",-1.4160213,120.9069131,Kabupaten Poso,Sulawesi Tengah
ChIJlcgnMYsvcTIRlTkEV9_IeXw,Lalos,"4QHP+CMQ, Pantai Lalos, Lalos, Kabupaten Toli-Toli",1.1285819,120.7867219,Kabupaten Buol,Sulawesi Tengah
ChIJKwAirg_tmC0R-7O02sDbbw4,AIR TERJUN WONUA MOMAHE,"3HHH+J5, Waworaha, Soropia, Kabupaten Konawe, Sulawesi Tenggara, Indonesia",-3.9209375,122.5779375,Kota Kendari,Sulawesi Tenggara
ChIJlc8euicPpC0RrsPm-An4LrM,Wisata Pantai Swis,"Jl. Protokol, Saragi, Kabupaten Buton",-5.4838155,122.8496937,Kabupaten Buton,Sulawesi Tenggara
ChIJYaXQpx2HoS0Rark471hKX9Y,Wisata Permandian Mata Rombia91,"Jl. Poros Ereke - Buranga, Waculaea, Kec. Kulisusu, Kabupaten Buton Utara, Sulawesi Tenggara 93672, Indonesia",-4.7115163,123.1487047,Kabupaten Buton Utara,Sulawesi Tenggara
ChIJsUo3Bozfki0R37FlE_TIpY8,Wisata Mancing Karang Lamotu,"9X55+5PC, Tadui, Kabupaten Mamuju",-2.6420583,118.9592716,Kabupaten Mamuju,Sulawesi Barat
ChIJZ6YNXO8fvy0Rhw2Vjwa9_N8,Pantai Surya Galesong,"Q9GM+RMP, Aeng Batu-Batu, Kabupaten Takalar",-5.2228609,119.3837942,Kota Makassar,Sulawesi Selatan
ChIJS98C7UAnvi0RnvpocP-vR70,Camming,"HMHV+735, Palakka, Kec. Barru, Kabupaten Barru, Sulawesi Selatan 90711, Indonesia",-4.421707,119.691848,Kabupaten Barru,Sulawesi Selatan
ChIJQ9PzIuTBvS0RSPPP2pTNY1M,tempat mangcing ikan,"8FR6+Q6, Pattiro Sompe, Kabupaten Bone",-4.6580868,120.4605865,Kabupaten Bone,Sulawesi Selatan
ChIJsQ597sg1uS0Rj7geSBQ81VY,Munte desa Bontomatene,"9QR5+76V, Jl. Munte No.30, Bontomatene, Kec. Turatea, Kabupaten Jeneponto, Sulawesi Selatan 92313, Indonesia",-5.6077967,119.75752,Kabupaten Jeneponto,Sulawesi Selatan
ChIJ75FXE_IjvC0R-CbcGfCJhYQ,Baku Bodo,"Tim., R799+QX9, Panaikang, Kec. Sinjai Tim., Kabupaten Sinjai, Sulawesi Selatan, Indonesia",-5.180575999999999,120.26998,Kabupaten Sinjai,Sulawesi Selatan
ChIJSQT2po4ZhzIR-x3KJkda8VY,Pantai Pasir Putih MANGKET,"Unnamed Road, 73R8+WGP, Makalisung, Kec. Kema, Kabupaten Minahasa Utara, Sulawesi Utara, Indonesia",1.2923463,125.0663219,Kabupaten Minahasa,Sulawesi Utara
ChIJzwSzMTGlhzIREWOe3OGCUSE,Air Terjun KINAAPIAN,"J2F6+786, Batu, Kec. Likupang Sel., Kabupaten Minahasa Utara, Sulawesi Utara, Indonesia",1.6231721,125.01077,Kabupaten Minahasa Utara,Sulawesi Utara
ChIJZcC4iRAZhzIRX-ypVS9HZ2I,Bukit Teletubbies Rerer,"73R4+39P, Hutan, Kec. Hutan, Kabupaten Minahasa Utara, Sulawesi Utara, Indonesia",1.2902075,125.0559538,Kabupaten Minahasa,Sulawesi Utara
ChIJ_____4scfjIR5zgL48-0wgk,Pingiran Danau Mokobang,"RCWP+5HW, Mokobang, Kec. Modoinding, Kabupaten Minahasa Selatan, Sulawesi Utara, Indonesia",0.8454896,124.4364621,Kabupaten Bolaang Mongondow Timur,Sulawesi Utara
ChIJaVUgbGK1gDIRMRmfymDEuXE,Air Terjun Desa Poniki,"XQVH+FW, Poniki, Kec. Pasan, Kabupaten Minahasa Tenggara, Sulawesi Utara, Indonesia",0.9936389,124.7797544,Kabupaten Minahasa Selatan,Sulawesi Utara
ChIJjRrvKQANiTIR8evujJnMMes,Wisata Puncak Laine,"P9HM+M8, Lai",2.7292311,125.3833355,Kabupaten Kepulauan Siau Tagulandang Biaro,Sulawesi Utara
ChIJ_QCcE4338jIREoMVVnDAGLs,Tanjung Saroco,"Tanjung Saroco, Taturan, Kec. Gemeh, Kabupaten Kepulauan Talaud, Sulawesi Utara, Indonesia",4.530727,126.8081598,Kabupaten Kepulauan Talaud,Sulawesi Utara
ChIJCSKut0yLmi0Rj5ANY8j6UT8,Tangga Pelangi Desa Puungkoilu,"Tangga Pelangi, Puungkoilu, Kec. Bungku Tengah, Kabupaten Morowali, Sulawesi Tengah 94973, Indonesia",-2.5963034,121.98825,Kabupaten Morowali,Sulawesi Tengah
ChIJmy3MsAN_gy0RC2rnbH0aXGQ,Bungko Mbembang,"C49R+Q44, Unnamed Road, Tolulos, Kec. Peling Tengah, Kabupaten Banggai Kepulauan, Sulawesi Tengah 94883, Indonesia",-1.580609,123.1403299,Kabupaten Banggai Kepulauan,Sulawesi Tengah
ChIJC0zx7uvvgy0Rok3RDWYlCic,Pantai Malanggong (Matatas),"R86F+QV9, Bakalan, Tinangkung, Kabupaten Banggai Kepulauan, Sulawesi Tengah, Indonesia",-1.1880808,123.3247304,Kabupaten Banggai,Sulawesi Tengah
ChIJRwr9IwCTly0RVg7YI-gDspE,Pantai Shaka,"XCWF+P6P, Sani Sani, Kec. Samaturu, Kabupaten Kolaka, Sulawesi Tenggara, Indonesia",-4.0031724,121.4230898,Kabupaten Kolaka,Sulawesi Tenggara
ChIJAw7RnS_Koy0R4LY8Ek7q2UA,Bukit Mangkeluno,"4P7V+C8X, Wabintingi, Kec. Lohia, Kabupaten Muna, Sulawesi Tenggara 93658, Indonesia",-4.886393,122.7433489,Kabupaten Muna,Sulawesi Tenggara
ChIJkccTQmV3oy0RBae1L2bQ0Vg,Pantai Moluno,"Pantai Moluno, Oengkolaki, Kec. Mawasangka, Kabupaten Buton, Sulawesi Tenggara 93762, Indonesia",-5.2702402,122.2980539,Kabupaten Muna,Sulawesi Tenggara
ChIJBRfCo5GNki0RiR1eEeVYiJA,Air terjun batu karoppa,"J766+7G, Kalonding, Kec. Sampaga, Kabupaten Mamuju, Sulawesi Barat 91563, Indonesia",-2.3893214,119.2613547,Kabupaten Mamuju,Sulawesi Barat
ChIJSavPU-G5lC0RfgtZBnyTeUQ,Bukit Pamboang,"FWX4+66V, Bababulo, Kec. Pamboang, Kabupaten Majene, Sulawesi Barat, Indonesia",-3.5018774,118.905547,Kabupaten Majene,Sulawesi Barat
ChIJ60FDH_eHlC0R5mXF-5syOCE,Air Terjun Eran Batu,"JC47+PFR, Batetangnga, Kec. Binuang, Kabupaten Polewali Mandar, Sulawesi Barat 91312, Indonesia",-3.3931272,119.4136298,Kabupaten Polewali Mandar,Sulawesi Barat
ChIJbSKJon9Xvi0RGc7f4Sx7MkY,Bonto Rea Village,"Bonto Rea, Maccini Baji, Kec. Lau, Kabupaten Maros, Sulawesi Selatan 90513, Indonesia",-4.9593134,119.5768432,Kabupaten Maros,Sulawesi Selatan
ChIJdWcf2TCQvi0R1Fx-FGuPCWM,Bulu Bohonglangi,"Bulu Bohonglangi, Pattuku, Kec. Bontocani, Kabupaten Bone, Sulawesi Selatan, Indonesia",-5.1291667,119.9366667,Kabupaten Gowa,Sulawesi Selatan
ChIJu3I9m6flvS0R4DyZpSR-vOc,Tugu Jam Watampone,"F86H+X4W, Jalan Jendral Ahmad Yani, Watampone",-4.537503099999999,120.3278208,Kabupaten Bone,Sulawesi Selatan
ChIJ_TTeDKTLuy0Ra6SgsCiRUfo,Selayar Island,"WG33+PJ8, Putabangung",-6.0957201,120.5040916,Kabupaten Kepulauan Selayar,Sulawesi Selatan
ChIJJeltbZP_hjIRhchNFLJcDXw,Pantai Motto,"F7VG+RM8, Motto, Kec. Lembeh Utara, Kota Bitung, Sulawesi Utara, Indonesia",1.4945318,125.2767098,Kota Bitung,Sulawesi Utara
ChIJN6rGXZ8BhzIRdTJucdIhpOk,Gereja Bukit Moria,"C5XG+P2W, Jl. Sh Sarundajang, Pakadoodan, Kec. Maesa, Kota Bitung, Sulawesi Utara, Indonesia",1.4493702,125.1750752,Kota Bitung,Sulawesi Utara
ChIJC4Wn2x2wgDIR2v5Z8YWSvXY,Gunung Potong,"Gn. Potong, Ratatotok Sel., Kec. Ratatotok, Kabupaten Minahasa Tenggara, Sulawesi Utara, Indonesia",0.8819444,124.6875,Kabupaten Minahasa Selatan,Sulawesi Utara
ChIJERIhBNXviy0RbJNhlbh6lG8,Bukit Sofa,"4VWV+569, Tondo, Kec. Palu Tim., Kota Palu, Sulawesi Tengah 94119, Indonesia",-0.8545969000000001,119.8931216,Kota Palu,Sulawesi Tengah
ChIJrfVF7iy7iy0RcEZDPTYxMu8,Wisata Tebing Livutona,"7MW9+4QV, Towale, Kabupaten Donggala",-0.7046287,119.669422,Kabupaten Donggala,Sulawesi Tengah
ChIJ3dA8ZYmbjy0RkRbdYBKPoro,Gunung Tambusisi,"Gunung Tambusisi, Matube, North Bungku, North Morowali Regency, Central Sulawesi, Indonesia",-1.6333333,121.3833333,Kabupaten Morowali Utara,Sulawesi Tengah
ChIJiS5Ljw0Lgy0RNpd3JEnqklU,Pasir Timbul,"CFGC+6WG, Laut Banda RW.11, Cipulir",-1.574445,123.472335,Kabupaten Banggai Kepulauan,Sulawesi Tengah
ChIJYbjv1VMrcTIRlAelHrYLpes,Kampung Pelangi Tolitoli,"3R25+QJ2, Sidoarjo",1.0518939,120.8090306,Kabupaten Buol,Sulawesi Tengah
ChIJJ08qgH1_eTIRzWsgjzGyztw,PANTAI HUTAKALO,"Jl. Buol - Gorontalo, Bulontio Tim., Kec. Sumalata, Kabupaten Gorontalo Utara, Gorontalo 96254, Indonesia",0.994102,122.435868,Kabupaten Gorontalo Utara,Gorontalo
ChIJTQbZfsJneTIRNbau39nYQW0,Bukit ceria desa dunu,"WJQW+8R8, Dunu, Kec. Anggrek, Kabupaten Gorontalo Utara, Gorontalo, Indonesia",0.938286,122.6470917,Kabupaten Gorontalo Utara,Gorontalo
ChIJETYHagDVlS0RA2q_kEy16K8,Kawasan wisata Yakkima arung kalola,"43HV+J3, Sogi, Kec. Maniang Pajo, Kabupaten Wajo, Sulawesi Selatan, Indonesia",-3.870803,120.0927108,Kabupaten Sidenreng Rappang,Sulawesi Selatan
ChIJgaDi1fb1lS0RW1uEAimDc8I,Puncak cinta kita,"JVCF+8M, Lalabata Rilau, Kec. Lalabata, Kabupaten Soppeng, Sulawesi Selatan, Indonesia",-4.3792401,119.8741351,Kabupaten Barru,Sulawesi Selatan
ChIJ9T7Bmk_tlS0RMZZCHdqvR3A,Pemandian Air Panas Bebba'e,"RV54+963, Unnamed Road, Patampanua, Kec. Marioriawa, Kabupaten Soppeng, Sulawesi Selatan 90852, Indonesia",-4.1916128,119.8555562,Kabupaten Barru,Sulawesi Selatan
ChIJm1NkFSc2ui0R8y6lDKYFWbE,Pantai Timur Ngapaloka,"QGMG+7GH, Patilereng, Bontosikuyu, Kab. Kepulauan Selayar, Sulawesi Selatan 92855, Indonesia",-6.216821299999999,120.5263482,Kabupaten Kepulauan Selayar,Sulawesi Selatan
ChIJs1m0jOJnkC0R1fuuoqBY7EA,Gunung landaka,"Unnamed Road, C7PR+V39, Ledu-Ledu, Kec. Wasuponda, Kabupaten Luwu Timur, Sulawesi Selatan 92983, Indonesia",-2.5628292,121.2902319,Kabupaten Luwu Timur,Sulawesi Selatan
ChIJ-9iykjMHhzIRvbE74na9UuE,"GPKDI ""Bukit Sion"" Girian","C4RG+RWX, Teling, Kec. Girian, Kota Bitung, Sulawesi Utara 95544, Indonesia",1.4421242,125.1273745,Kota Bitung,Sulawesi Utara
ChIJWZCkdgSXfjIRMW12S3VPlAw,Air terjun binjeita,"RFJ9+8XP, Binjeita, Kec. Bolang Itang Tim., Kabupaten Bolaang Mongondow Utara, Sulawesi Utara, Indonesia",0.8308253999999999,123.4699549,Kabupaten Bolaang Mongondow Utara,Sulawesi Utara
ChIJN1pWwiUqfjIRyUUPEd2LNfM,Air Terjun Matabulu,"HF4F+9VW, Matabulu, Kec. Nuangan, Kabupaten Bolaang Mongondow Timur, Sulawesi Utara, Indonesia",0.5559814,124.4746963,Kabupaten Bolaang Mongondow Timur,Sulawesi Utara
ChIJ92n4S49_gDIRkc8rsdHe3PI,"Pantai Timur, Jiko Belanga - Boltim","FGH5+GQ, Jiko Belanga, Kec. Nuangan, Kabupaten Bolaang Mongondow Timur, Sulawesi Utara, Indonesia",0.4788441999999999,124.5094021,Kabupaten Bolaang Mongondow Selatan,Sulawesi Utara
ChIJwxJnGVGvgDIRLvO0f6_W1Bs,Air Terjun Bidadari Kayaton Desa Bukaka,"VJG3+JX5, Bukaka, Kotabunan, Kabupaten Bolaang Mongondow Timur, Sulawesi Utara, Indonesia",0.8765160999999999,124.6049964,Kabupaten Bolaang Mongondow Timur,Sulawesi Utara
ChIJ_ywXlAQPizIRlx7c64cJy4M,Air Terjun Sura,"MCHH+Q4V, Kendahe II, Kendahe, Kabupaten Kepulauan Sangihe, Sulawesi Utara, Indonesia",3.6794975,125.4278005,Kabupaten Kepulauan Sangihe,Sulawesi Utara
ChIJI1mEiZ_PdTIR38SeCb3filo,Air Terjun Ogololo,"FW28+HWW, Bukit Harapan, Kec. Sojol, Kabupaten Donggala, Sulawesi Tengah 94356, Indonesia",0.4514832,119.9173138,Kabupaten Parigi Moutong,Sulawesi Tengah
ChIJn91E7EwldDIRJv_hedD-SyI,Bukit Sunset Bou,"M2MM+94W, Jl. Tolitoli - Palu, Bou, Kec. Sojol, Kabupaten Donggala, Sulawesi Tengah 94356, Indonesia",0.6834857,120.0328244,Kabupaten Parigi Moutong,Sulawesi Tengah
ChIJcVgMBQCjhi0RsfU_B5BOXRs,Air Terjun Ayus,"3Q67+66, Hanga-Hanga, Luwuk, Kabupaten Banggai, Sulawesi Tengah, Indonesia",-0.9396426,122.7642007,Kabupaten Banggai Laut,Sulawesi Tengah
ChIJIx1l0HHygy0RA7IvvAeQV5M,Pantai Labuan,"Q6CX+96Q, Montop, Kec. Bulagi Utara, Kabupaten Banggai Kepulauan, Sulawesi Tengah, Indonesia",-1.2290277,123.2481195,Kabupaten Banggai Laut,Sulawesi Tengah
ChIJx5AiARgrcTIRAJzr8wcaU2c,Wisata Pemandian Tuweley,"2RWR+Q9, Tuweley",1.0469375,120.8409375,Kabupaten Buol,Sulawesi Tengah
ChIJEYoaxHENmS0RMEe_x1uTwd4,Goa Kolam Renang,"GF9M+2MV, Labengi",-3.4823831,122.4841703,Kabupaten Konawe,Sulawesi Tenggara
ChIJc1N3VMHfeDIRIo2yAJ9MCSY,Pantai Miringan Desa Biluhu Barat,"FPPP+F5F, Biluhu Bar., Kec. Biluhu, Kabupaten Gorontalo, Gorontalo 96272, Indonesia",0.4861962,122.7354085,Kabupaten Gorontalo,Gorontalo
ChIJdSqNapzdvi0RdiYojVwP508,Wisata Puncak Desa Towata (paralayang),"Unnamed Road Towata Polombangkeng Utara, Saluka/lammasa, bukit golinga, Kabupaten Takalar, Sulawesi Selatan 92173, Indonesia",-5.2973864,119.5697249,Kabupaten Takalar,Sulawesi Selatan
ChIJtZTpsVQxvi0RC690pdMk0QY,Wisata Bahari Politani Pangkep,"Wisata Bahari Politani Pangkep, Mandalle, Kec. Mandalle, Kabupaten Pangkajene Dan Kepulauan, Sulawesi Selatan 90655, Indonesia",-4.5703163,119.6017036,Kabupaten Pangkajene Dan Kepulauan,Sulawesi Selatan
ChIJBSTlnU8JvC0RzfmL0xhmgvA,Galangan kapal phinisi Haji Abdullah Hassan,"F9G5+28J, Tanah Beru, Kec. Bonto Bahari, Kabupaten Bulukumba, Sulawesi Selatan 92571, Indonesia",-5.5249029,120.3582611,Kabupaten Bulukumba,Sulawesi Selatan
ChIJxYxx8VTFky0RXR2rQtBmJ6A,Air Terjun To'dama Sangkaropi,"4XR5+WP5, Sangkaropi, Kec. Sa'dan, Kabupaten Toraja Utara, Sulawesi Selatan 91853, Indonesia",-2.8577262,119.9593747,Kabupaten Toraja Utara,Sulawesi Selatan
ChIJG0mhJ79rlC0RekDKWcIqk5U,Dusun Londa,"FPVP+7VV, Temban, Kec. Enrekang, Kabupaten Enrekang, Sulawesi Selatan 91711, Indonesia",-3.5067589,119.7371759,Kabupaten Enrekang,Sulawesi Selatan
ChIJl7yjLzN1kS0R0QOgJplABA4,Pasabbeng,"Ladongi, Kabupaten Luwu Utara",-2.6990663,120.4562671,Kabupaten Luwu Utara,Sulawesi Selatan
ChIJCxXBcS9hkC0R1iBIGvS-8_k,Bukit Awan Wasuponda,"97XM+49, Tabarano, Kec. Wasuponda, Kabupaten Luwu Timur, Sulawesi Selatan 92983, Indonesia",-2.6022029,121.2834376,Kabupaten Luwu Timur,Sulawesi Selatan
ChIJKwgkONcDfjIRUgq2LxgYdso,Watu Tiwa Toar Lumimuut,"WFM3+3RW, Pinaesaan, Kec. Tompaso Baru, Kabupaten Minahasa Selatan, Sulawesi Utara, Indonesia",0.9327369,124.4545912,Kabupaten Bolaang Mongondow Timur,Sulawesi Utara
ChIJXSX1_xCxfzIROhqxBEcigQs,Tracking Mangrove Bumdes Mandiri Tabilaa,"92GW+V68, Tabilaa",0.3771656,124.0455655,Kabupaten Bolaang Mongondow Selatan,Sulawesi Utara
ChIJyyt97eYLizIRYDSCbHvTBpA,GMIST BUKIT KASIH,"JG76+5JM, Tona II, Kec. Tahuna Tim., Kabupaten Kepulauan Sangihe, Sulawesi Utara, Indonesia",3.6129705,125.5115495,Kabupaten Kepulauan Sangihe,Sulawesi Utara
ChIJcz-UPbvviy0RdymaBUsTm8Y,Bukit Punggung Kuda Talise,"4VMW+V2, Talise, Kec. Mantikulore, Kota Palu, Sulawesi Tengah 94118, Indonesia",-0.8653657,119.895104,Kota Palu,Sulawesi Tengah
ChIJa6C7bcZfmi0RNM14anm5OZc,Wisata Alam Goa Lembono Mata,"82VH+29V, Laroue, Kec. Bungku Tengah, Kabupaten Morowali, Sulawesi Tengah 94973, Indonesia",-2.6573945,122.0284104,Kabupaten Morowali,Sulawesi Tengah
ChIJ05Peh8Hmoi0RbasGtkitBT8,Bombana's Beach Garden,"93771, Indonesia",-4.7731884,122.0554383,Kabupaten Muna Barat,Sulawesi Tenggara
ChIJ78xYznWtoy0RKE6JBDTCUWc,Permandian kaaghi,"4GM2+JFW, Jalan Poros, Lakanaha",-4.8658975,122.5011973,Kabupaten Muna,Sulawesi Tenggara
ChIJtV7-IQDRoy0ROecAIh1aR0s,kioko beach,"3X4M+PQ2, Kec. Bonegunu, Kabupaten Buton Utara, Sulawesi Tenggara 93673, Indonesia",-4.943793299999999,122.9835646,Kabupaten Buton Utara,Sulawesi Tenggara
ChIJj0QRA0P_jC0RO5AQn5Tl5Ik,WISATA SALUKAILI,"C8HG+QV6, Jl. Poros Palu - Mamuju, Baras, Kec. Baras, Kab. Pasangkayu, Sulawesi Barat 91572, Indonesia",-1.5705942,119.3271517,Kabupaten Pasangkayu,Sulawesi Barat
ChIJ4YqQIQC_lC0RAfts183M5PU,Pantai Barane Kiri,"F273+QGH, Labuang, Kabupaten Majene",-3.5355566,119.0038633,Kabupaten Majene,Sulawesi Barat
ChIJGWtnTwDTfjIRSFdTURskKCc,Bukit Ceria,"J443+5P8, Bulotalangi, Kec. Bulango Tim., Kabupaten Bone Bolango, Gorontalo, Indonesia",0.6054191999999999,123.1043339,Kabupaten Bone Bolango,Gorontalo
ChIJnTwMAu7lvS0RWgwoQv-Z344,Alun-Alun Kab. Bone,"F83C+VJ9, Macege",-4.545338,120.3215954,Kabupaten Bone,Sulawesi Selatan
ChIJS1ANWO0xuS0RLUFKa7YXddo,Pantai berjodoh,"8J9W+GC4, Bonto Sunggu, Kec. Tamalatea, Kabupaten Jeneponto, Sulawesi Selatan 92811, Indonesia",-5.6812277,119.6460931,Kabupaten Jeneponto,Sulawesi Selatan
ChIJEc5trPA3ui0RtZ81OWMzEUE,Pantai Baloyya,"QCVW+774, Patikarya, Kec. Bontoharu, Kab. Kepulauan Selayar, Sulawesi Selatan 92855, Indonesia",-6.206853499999999,120.4456981,Kabupaten Kepulauan Selayar,Sulawesi Selatan
ChIJBWoKFr1ZkC0Rd14n2mUnBRE,Permandian Alam Lorong 2 Trans,"C425+CGH, Ussu, Kec. Malili, Kabupaten Luwu Timur, Sulawesi Selatan 92937, Indonesia",-2.5981304,121.1095677,Kabupaten Luwu Timur,Sulawesi Selatan
ChIJbSgTAwBrhzIRmOOK4mlgJeA,Wisata Alam Rano Reindang Desa Leilem,"7R88+9WH, Leilem, Kec. Sonder, Kabupaten Minahasa, Sulawesi Utara, Indonesia",1.2659483,124.8173567,Kabupaten Minahasa,Sulawesi Utara
ChIJT8Y6UwDtmC0R-3zfBRVEkfM,Pantai Pulau Kelapa Bungkutoko,"2JF3+HV6, Kec. Kendari, Kota Kendari, Sulawesi Tenggara, Indonesia",-3.9760912,122.6046284,Kota Kendari,Sulawesi Tenggara
ChIJkSuM_4Wvoy0RbPU_1On8jMQ,TUGU KUDA DESA LAILANGGA,"3GMJ+R45, Jl. Poros, Lailangga, Kec. Wadaga, Kabupaten Muna, Sulawesi Tenggara 93652, Indonesia",-4.9154901,122.5303526,Kabupaten Muna,Sulawesi Tenggara
ChIJa4i0LUkRpC0Rdgh0Uf3wHEs,Pantai Wasampela,"Wasampela, Kabupaten Buton",-5.5834984,122.8770902,Kabupaten Buton,Sulawesi Tenggara
ChIJmzu0QkoqfzIRWLUBumadhww,Bukit tangga bali botutonuo,"F4FV+QX3, Botutonuo, Kec. Kabila Bone, Kabupaten Bone Bolango, Gorontalo 96119, Indonesia",0.4743976,123.1449205,Kabupaten Bone Bolango,Gorontalo
ChIJMbO0Os8veTIRxfDMemx8NgQ,Limboto Lake,"HXJM+27P, Danau Limboto, Kabupaten Gorontalo",0.5800924,122.9831998,Kabupaten Gorontalo,Gorontalo
ChIJRfidOsgJfzIRSJdzTuKChw4,Pantai Botuliodu,"8Q95+7F5, Botuliodu, kec Tomin, Kabupaten Bolaang Mongondow Selatan, Sulawesi Utara, Indonesia",0.3181412,123.7587393,Kabupaten Bolaang Mongondow Selatan,Sulawesi Utara
ChIJBSv-NflZiS0Rei5wRCWpG5Y,Wisata Air Terjun Desa Gangga,"35PC+GW, Lemusa, Kec. Parigi Sel., Kabupaten Parigi Moutong, Sulawesi Tengah 94471, Indonesia",-0.9137235,120.1723181,Kabupaten Sigi,Sulawesi Tengah
ChIJidJl8xkTgy0RQU8Ns6ebXbM,Goa Tokubet,"7GX9+W46, Tolokibit, Kec. Banggai Sel., Kab. Banggai Laut, Sulawesi Tengah 94891, Indonesia",-1.7002125,123.5177656,Kabupaten Banggai Kepulauan,Sulawesi Tengah
ChIJJz_2hm-Hgy0RlCE85vC4jd0,KOYO BEACH,"H5R5+2X7, Koyobunga, Kec. Peling Tengah, Kabupaten Banggai Kepulauan, Sulawesi Tengah, Indonesia",-1.4099727,123.1599201,Kabupaten Banggai Laut,Sulawesi Tengah
ChIJE1vGQfQUlC0RwRN0CVN-f1E,Air Terjun Sarassa,"GR9J+89G, Rosoan, Kec. Enrekang, Kabupaten Enrekang, Sulawesi Selatan 91711, Indonesia",-3.4816977,119.8309651,Kabupaten Enrekang,Sulawesi Selatan
ChIJ6WBw9eh_eTIRrB9KIAEy4-E,Pantai Sukamaju,"XCR9+FH7, Jl. Biso, Bulontio Tim., Kec. Sumalata, Kabupaten Gorontalo Utara, Gorontalo 96254, Indonesia",0.991174,122.418912,Kabupaten Gorontalo Utara,Gorontalo
ChIJI1SNBdIpeTIR2gUpfaCzJRc,Wisata JatiLodungga,"HW7M+739, Unnamed Road, Tabongo Tim., Kabupaten Gorontalo",0.5631636,122.9327242,Kabupaten Gorontalo,Gorontalo
ChIJPcdnjvxjeTIRfxDC_adZGuY,Pantai Motihelumo,"Unnamed Road, XH56+VGC, Dulukapa, Kec. Sumalata, Kabupaten Gorontalo Utara, Gorontalo 96254, Indonesia",0.959688,122.561269,Kabupaten Gorontalo Utara,Gorontalo
ChIJLbjaZVAJfzIRkfQtMMAuE4o,Wisata Air Terjun Botuliodu,"8QF2+2RW, Botuliodu, Kec. Posigadan, Kabupaten Bolaang Mongondow Selatan, Sulawesi Utara, Indonesia",0.3226221,123.7520707,Kabupaten Bolaang Mongondow Selatan,Sulawesi Utara
ChIJq9uK-YNJhC0RuMKBg-J6RyY,Wisata Pantai Nonong,"MG49+JCQ, Nonong, Kec. Batui, Kabupaten Banggai, Sulawesi Tengah, Indonesia",-1.3434091,122.5186015,Kabupaten Banggai,Sulawesi Tengah
ChIJtefVs0bXdjIRPtDWatRSmZ0,PUNCAK BABO ANJAM,"XR38+9VG, Tinading, Kabupaten Toli-Toli",0.9534451,120.8171919,Kabupaten Buol,Sulawesi Tengah
ChIJJ8gBcJTpmC0RQ8q5rsvzgDs,permandian toronipa,"4M38+535, Toronipa, Soropia, Kabupaten Konawe, Sulawesi Tenggara, Indonesia",-3.8971039,122.6652483,Kabupaten Konawe,Sulawesi Tenggara
ChIJQbuJx75Fvi0RK_urXxxuDII,Desa Wisata Biring Ere,"6J85+X7X, Biring Ere, Kec. Bungoro, Kabupaten Pangkajene Dan Kepulauan, Sulawesi Selatan 90651, Indonesia",-4.7810404,119.6092234,Kabupaten Pangkajene Dan Kepulauan,Sulawesi Selatan
ChIJl0bKPC69lS0R_dtt1dc5t3w,Rise and Shine,"XJ2V+XW5, Bumi Harapan, Kec. Bacukiki Bar., Kota Parepare, Sulawesi Selatan, Indonesia",-4.047616,119.644858,Kota Parepare,Sulawesi Selatan
ChIJ0xggLzSzlS0RILYIDlDBf58,Bukit Alitta Madani,"Desa, Alitta, Kec. Mattiro Bulu, Kabupaten Pinrang, Sulawesi Selatan 91271, Indonesia",-3.8880402,119.6770009,Kabupaten Pinrang,Sulawesi Selatan
ChIJTT0A2gyzvi0RwGeJifgmTbA,Air terjun Talise,"FVMP+W79, Bonto Rannu, Kec. Uluere, Kabupaten Bantaeng, Sulawesi Selatan 92451, Indonesia",-5.5152138,119.885725,Kabupaten Bantaeng,Sulawesi Selatan
ChIJpTbWSADpky0RkNnYw1NgeGc,Kuburan Alam Alla',"2V2V+J2, Angin-Angin, Kec. Kesu, Kabupaten Toraja Utara, Sulawesi Selatan, Indonesia",-2.9984,119.892509,Kabupaten Tana Toraja,Sulawesi Selatan
ChIJefY1kNR1hzIRlAjW1fLFfXg,Tugu Perang Dunia II,"FRQR+W9W, Lawangirung, Kec. Wenang, Kota Manado, Sulawesi Utara, Indonesia",1.4898522,124.840959,Kota Manado,Sulawesi Utara
ChIJCch5FvkXfjIRxFjEznK1CHI,Makam Raja Tadohe,"Q83G+5VQ, Upai, Kec. Kotamobagu Utara, Kota Kotamobagu, Sulawesi Utara, Indonesia",0.7529648999999999,124.3272328,Kota Kotamobagu,Sulawesi Utara
ChIJHcVRNAAVfjIRou_0OKuahO0,Air terjun muntoi( DAKOL ),"Q6PH+2MW, Muntoi, Kabupaten Bolaang Mongondow",0.7851233999999999,124.2292108,Kabupaten Bolaang Mongondow,Sulawesi Utara
ChIJK9OxdnMbfjIR9lIc3c4y16c,Air Terjun Tudu Aog,"Jl Poros Tuduaog-Kolingangaan, Manembo, Passi Timur, Bolaang Mongondow Regency, North Sulawesi 95372, Indonesia",0.8249426,124.3398474,Kabupaten Bolaang Mongondow,Sulawesi Utara
ChIJUXW0ahXfizIRp9Qcl7DF_S0,Wisata PULAU PARA,"3G82+MHP, Para, Kec. Tatoareng, Kabupaten Kepulauan Sangihe, Sulawesi Utara, Indonesia",3.0667039,125.501453,Kabupaten Kepulauan Sangihe,Sulawesi Utara
ChIJoVkpfwDHiy0RgYrhJ2EQLdo,Wisata Kebun Bunga OVA,"8V25+MH7, Jl. H. Patila, Pantoloan, Kota Palu",-0.6983385,119.8589212,Kabupaten Donggala,Sulawesi Tengah
ChIJQdEhWzBtgy0RreJWUULTNtI,Pantai Batu Kapal,"79QP+CF6, Unnamed Road, Lalong, Kabupaten Banggai Kepulauan",-1.7114598,123.3861332,Kabupaten Banggai Kepulauan,Sulawesi Tengah
ChIJ24-Wb-KxcDIRh1xgeMDwQJA,BOLRE ATO BVULYUD,"593W+MG, Kulango, Kec. Biau, Kabupaten Buol, Sulawesi Tengah 94565, Indonesia",1.154145,121.396317,Kabupaten Buol,Sulawesi Tengah
ChIJBUtS0CPzmC0Rkjeaa7AcoKQ,Gerbang utama Masjid Al alam,"2GCJ+2PG, Jl. Masjid Al Alam, Lalolara, Kec. Kambu, Kota Kendari, Sulawesi Tenggara 93231, Indonesia",-3.9799396,122.5318258,Kota Kendari,Sulawesi Tenggara
ChIJmQfvkXgLmS0RiCUaiTKPu5E,Desa labengki,"HC2F+2X6, Labengi, Kec. Lasolo, Kabupaten Konawe Utara, Sulawesi Tenggara 93352, Indonesia",-3.449952,122.4248952,Kabupaten Konawe,Sulawesi Tenggara
ChIJs4PCPdAhmi0R15IAOM0lFjU,Air Terjun Paralahune,"V342+M66, Pondoa, Kec. Wiwirano, Kabupaten Konawe Utara, Sulawesi Tenggara, Indonesia",-3.1433423,122.0505079,Kabupaten Konawe Utara,Sulawesi Tenggara
ChIJ2-kiAADDoy0RMorwpB-qfeM,air terjun lantangahi desa todanga,"WR94+CX, Tuangila, Kec. Kapontori, Kabupaten Buton, Sulawesi Tenggara, Indonesia",-5.0821641,122.8092936,Kabupaten Buton,Sulawesi Tenggara
ChIJgUD0rE6JoS0R9mGeXzMND9E,Air Terjun Doule,"85V7+XQ, Petetea, Kec. Kulisusu Utara, Kabupaten Buton Utara, Sulawesi Tenggara, Indonesia",-4.6550625,123.1644375,Kabupaten Buton Utara,Sulawesi Tenggara
ChIJMyULJwArfzIRBst085_twcA,Wisata Bahari Leato,"F3PM+W6M, Leato Sel., Kec. Dumbo Raya, Kota Gorontalo, Gorontalo 96116, Indonesia",0.4874001,123.0829547,Kabupaten Bone Bolango,Gorontalo
ChIJq6a1MvRweTIRXROGsHXenNc,Huidu Boliyohuto,"Huidu Boliyohuto, Bululi, Kec. Asparaga, Kabupaten Gorontalo, Gorontalo, Indonesia",0.8733333,122.4891667,Kabupaten Gorontalo Utara,Gorontalo
ChIJDXnvRwG_vi0Rm5XMWcJRPJg,Air terjun mata tumpang,"Jonjo, Kec. Parigi, Kabupaten Gowa, Sulawesi Selatan 92174, Indonesia",-5.2937084,119.8122845,Kabupaten Gowa,Sulawesi Selatan
ChIJPxa35N0nvy0RjJgQomua9bA,Makam Raja-Raja Sanrobone,"Unnamed Road, H99R+637, Sanrobone, Kec. Sanrobone, Kabupaten Takalar, Sulawesi Selatan 92231, Indonesia",-5.4319582,119.3901765,Kabupaten Takalar,Sulawesi Selatan
ChIJvSGvp9a5lS0RGOt80tY1EWg,Bulu Mallocie,"Bulu Mallocie, Lainungan, Kec. Watang Pulu, Kabupaten Sidenreng Rappang, Sulawesi Selatan, Indonesia",-3.9675,119.7366667,Kota Parepare,Sulawesi Selatan
ChIJEQPpuPZXkS0RjXNTZga0JBY,Gunung Labokke,"Unnamed Road, V6V8+RJM, Puty, Kec. Bua, Kabupaten Luwu, Sulawesi Selatan 91991, Indonesia",-3.1054029,120.2165598,Kabupaten Luwu,Sulawesi Selatan
ChIJ_WdV6YwHhzIRmGT9G158Uko,Kebun Tundo Wudan,"F4WC+RP, Duasadara, Kota Bitung",1.4970756,125.1215935,Kota Bitung,Sulawesi Utara
ChIJG43n2XwDfjIRvb-Tzk2h-R8,Wisata Pemandian Air Panas Desa Lowian,"VCPX+983, Lowian, Kec. Maesaan, Kabupaten Minahasa Selatan, Sulawesi Utara, Indonesia",0.8858752,124.4482833,Kabupaten Bolaang Mongondow Timur,Sulawesi Utara
ChIJ09jI-8w5hC0R4s_piVOnQvI,Air terjun bontoa,"QG5Q+9C, Lamo, Kec. Batui, Kabupaten Banggai, Sulawesi Tengah, Indonesia",-1.2415625,122.5385625,Kabupaten Banggai,Sulawesi Tengah
ChIJ_VUEawAvly0Rk7jjx9BlQPY,Wisata permandian Purau,"P362+H9, Mataiwoi, Kec. Ngapa, Kabupaten Kolaka Utara, Sulawesi Tenggara, Indonesia",-3.2886011,121.0509209,Kabupaten Kolaka Utara,Sulawesi Tenggara
ChIJhWjrNiwpky0RblfOzEQOe5s,BUKIT NIZAM,"Jl. Poros Majene - Mamuju, Botteng, Kec. Simboro Dan Kepulauan, Kabupaten Mamuju, Sulawesi Barat 91512, Indonesia",-2.767351,118.8572434,Kabupaten Mamuju,Sulawesi Barat
ChIJX-KjHNe5lC0Rpi8WwIkX5v0,Pantai Pasir Putih Palipi Soreang,"CWRH+V3Q, Jl. Poros Majene - Mamuju, Totoli, Kec. Banggae, Kabupaten Majene, Sulawesi Barat 91415, Indonesia",-3.5577997,118.9277298,Kabupaten Majene,Sulawesi Barat
ChIJ6ydaGQC_lC0R0y04fTmZ_nw,Pohon Keramat Baurung,"CXRX+5JH, Baurung, Kabupaten Majene",-3.5577147,118.9982974,Kabupaten Majene,Sulawesi Barat
ChIJC-MffOQsuS0Ra09Tp7uF0Bs,Development Wisata Bahari Punagaya,"9HV2+WCC, Pantai Bahari, Bangkala, Kabupaten Jeneponto, Sulawesi Selatan, Indonesia",-5.6051839,119.5510055,Kabupaten Jeneponto,Sulawesi Selatan
ChIJmSD751Dpky0RugLi0OmYBic,Kawasan Wisata Buntu Sarira,"Unnamed Road, XV9Q+8WQ, Sarira, Kec. Makale Utara, Kabupaten Tana Toraja, Sulawesi Selatan 91852, Indonesia",-3.031658,119.889853,Kabupaten Tana Toraja,Sulawesi Selatan
ChIJOxjvl-8RhzIROCUKc27e0zA,TANJUNG TAYAPU,"926J+5X8, Lansot, Kec. Kema, Kabupaten Minahasa Utara, Sulawesi Utara, Indonesia",1.3604167,125.0324629,Kabupaten Minahasa,Sulawesi Utara
ChIJbVwmdOVv8jIRSMc61FDcq4g,Pantai Talowara,"P3PM+696, Karatung, Kec. Nanusa, Kabupaten Kepulauan Talaud, Sulawesi Utara, Indonesia",4.7355428,127.0833885,Kabupaten Kepulauan Talaud,Sulawesi Utara
ChIJYU0AXN7ziy0RwihXVpJXInU,Agrowisata Bunti Ede Padende,"Padende, Kec. Marawola, Kabupaten Sigi, Sulawesi Tengah 94362, Indonesia",-0.9648255,119.8425166,Kota Palu,Sulawesi Tengah
ChIJKYGcoBm5iy0ReehPPDyJWxA,Pantai Sunset,"8PG9+G3Q, Boneoge, Kec. Banawa, Kabupaten Donggala, Sulawesi Tengah, Indonesia",-0.6736525,119.7177339,Kabupaten Donggala,Sulawesi Tengah
ChIJw4ZchNf5djIRn14-0hWLW0A,Desa Bosagon jaya,"HQ44+X33, RT.Buluye/RW.Bosagon, Kayu Agung, Kec. Ongka Malino, Kabupaten Parigi Moutong, Sulawesi Tengah 94479, Indonesia",0.558227,120.755061,Kabupaten Tolitoli,Sulawesi Tengah
ChIJGz9E0j-Nmi0R4x3N9kDzmB8,Aula Wisata Mangrove Matansala,"FXG6+WHR, Matansala, Kec. Bungku Tengah, Kabupaten Morowali, Sulawesi Tengah, Indonesia",-2.5227588,121.9625701,Kabupaten Morowali,Sulawesi Tengah
ChIJeXQKAMujhi0Re4y-V7kVaIg,Air Terjun Akar Darah,"3P7X+8M8, Hanga-Hanga, Kec. Luwuk Selatan, Kabupaten Banggai, Sulawesi Tengah 94713, Indonesia",-0.9372508,122.7499749,Kabupaten Banggai Laut,Sulawesi Tengah
ChIJwzaEVSTXki0RNvTdDyeBhE0,Pantai Asmara Tapandulu,"8Q3J+P2M, Lebani, Kabupaten Mamuju",-2.6956688,118.7800317,Kabupaten Mamuju,Sulawesi Barat
ChIJKcc3jZiXki0RWwXVpTdyR_k,Pantai Sampaga,"M4QG+CC8, Sampaga, Kec. Sampaga, Kabupaten Mamuju, Sulawesi Barat, Indonesia",-2.3114748,119.1260919,Kabupaten Mamuju,Sulawesi Barat
ChIJ5XlEhba_lC0Re1ruNY_Waa4,Wisata Alam Bukit Kappung Mammesa,"Lingkungan Panggalo Salabose, FX75+9VV, Pangali-Ali, Kec. Banggae, Kabupaten Majene, Sulawesi Barat 91411, Indonesia",-3.536515,118.9596733,Kabupaten Majene,Sulawesi Barat
ChIJ08zN26pLuS0RsjNo-jDLNvE,Pantai Kassi' Bumbung,"9VC3+87Q, Bungeng, Kabupaten Jeneponto",-5.6291749,119.8532204,Kabupaten Jeneponto,Sulawesi Selatan
ChIJxweZ6L5XkS0RZ5LawzdiiGY,Padang Savana Gunung labokke,"Puty, Kec. Bua, Kabupaten Luwu, Sulawesi Selatan 91991, Indonesia",-3.1062181,120.2140368,Kabupaten Luwu,Sulawesi Selatan
ChIJB15p_9cHfjIRpYmqTwJNXO0,"Air Terjun Pomoman, (Pomoman Waterfall)","W9X5+H6F, Pomoman, Kec. Poigar, Kabupaten Bolaang Mongondow, Sulawesi Utara, Indonesia",0.9489419,124.3580591,Kabupaten Bolaang Mongondow,Sulawesi Utara
ChIJ0Rh-oj0ZjTIRtxIbWzuWW7M,Air Terjun Desa Pannulan,"QQ7H+69X, Laut Filipina, Peret, Kabupaten Kepulauan Talaud, Sulawesi Utara, Indonesia",3.7630851,126.7784709,Kabupaten Kepulauan Talaud,Sulawesi Utara
ChIJWSBdBACXmi0RRO6ffNjesIw,Pantai Bahotonsu,"HVXF+GJ4, Bahoea Reko Reko, Kec. Bungku Bar., Kabupaten Morowali, Sulawesi Tengah 94976, Indonesia",-2.40123,121.8740647,Kabupaten Morowali,Sulawesi Tengah
ChIJn3fPVQCPmS0Rqkjk3K9h92s,Danau Lapada,"Q33W+6R2, Lamonae Utama, Kec. Wiwirano, Kabupaten Konawe Utara, Sulawesi Tenggara 93353, Indonesia",-3.246996,122.0970024,Kabupaten Konawe Utara,Sulawesi Tenggara
ChIJ8QZ2DADrmC0Rd7qed_RY9Bk,Pulau Bokori,"3M65+4JP, Sorue Jaya, Soropia, Kabupaten Konawe, Sulawesi Tenggara, Indonesia",-3.93965,122.6590856,Kabupaten Konawe,Sulawesi Tenggara
ChIJw_gupOJ_jS0RG2tXC8Pgzl0,Puncak sunrise saloadak,"V99W+3H5, Saloadak, Kabupaten Mamuju Tengah",-2.1323257,119.3964864,Kabupaten Mamuju,Sulawesi Barat
ChIJKy9Z6smzvi0RhWD7Hzif9yU,air terjun tiga lantai,"FVRR+88P, RW.pammelangan desa, Bonto Rannu, Kec. Sinoa, Kabupaten Bantaeng, Sulawesi Selatan 92451, Indonesia",-5.509155,119.89083,Kabupaten Bantaeng,Sulawesi Selatan
ChIJrxi7qHXpky0RGF_mLq0EmBs,Gunung parimata,"Unnamed Road, XW93+MX3, Tallung Penanian, Kec. Sanggalangi, Kabupaten Toraja Utara, Sulawesi Selatan 91852, Indonesia",-3.030859,119.9049183,Kabupaten Tana Toraja,Sulawesi Selatan
ChIJAeftU7f2ky0R59d7dKswbOU,Buntu Tampo,"Buntu Tampo, Marinding, Kec. Mengkendek, Kabupaten Tana Toraja, Sulawesi Selatan, Indonesia",-3.1844444,119.8991667,Kabupaten Tana Toraja,Sulawesi Selatan
ChIJrUQ4ZABfkS0RgmtAZXFVVY4,Puncak Bora Palopo,Murante,-3.0144883,120.1719994,Kota Palopo,Sulawesi Selatan
ChIJ7QFm2yBrfjIR5OfOUknVto0,Menara Pandang Bendungan Lolak,"R33F+JX, Totabuan, Kec. Lolak, Kabupaten Bolaang Mongondow, Sulawesi Utara, Indonesia",0.8040271,124.0749322,Kabupaten Bolaang Mongondow,Sulawesi Utara
ChIJM7cm0t0hfjIRVWw466FNZhE,Puncak moat,"PFC3+HGV, Moat, Kec. Modayag, Kabupaten Bolaang Mongondow Timur, Sulawesi Utara, Indonesia",0.7214910999999999,124.4537972,Kabupaten Bolaang Mongondow Timur,Sulawesi Utara
ChIJr06qKQDVfzIRpat4d15utgk,PULAU LAMPU,"CFXH+46, Posilagon, Kec. Pinolosian Tim., Kabupaten Bolaang Mongondow Selatan, Sulawesi Utara, Indonesia",0.4477805,124.4780176,Kabupaten Bolaang Mongondow Selatan,Sulawesi Utara
ChIJAVH508efizIRpmTNRIHZOnA,Beach The Kalama Big,"HJ2Q+H49, Laotongan, Kec. Tabukan Sel., Kabupaten Kepulauan Sangihe, Sulawesi Utara, Indonesia",3.5514086,125.6378581,Kabupaten Kepulauan Sangihe,Sulawesi Utara
ChIJ2SYvUgfP8jIRWM_dJHvqDAo,Objek Wisata Pantai Mangaramba Beach,"4RG2+M79, Pulutan Sel., Kec. Pulutan, Kabupaten Kepulauan Talaud, Sulawesi Utara, Indonesia",4.1266523,126.8007224,Kabupaten Kepulauan Talaud,Sulawesi Utara
ChIJJZpNf9cFjy0RbHKf6xu7YaI,Goa Tu'a Molangke Tombiano,"H25F+6X2, Tombiano, Kec. Tojo Bar., Kabupaten Tojo Una-Una, Sulawesi Tengah 94681, Indonesia",-1.441978,121.0248904,Kabupaten Poso,Sulawesi Tengah
ChIJC7-9GPVRjy0RVMu1YHDX3Jk,Air Terjun Pandakes,"VG73+WJF, Unnamed Road, Paranonge, Kec. Ulubongka, Kabupaten Tojo Una-Una, Sulawesi Tengah 94682, Indonesia",-1.1351985,121.5040456,Kabupaten Tojo Una-Una,Sulawesi Tengah
ChIJxbwArpaXmi0R1okg3wN7MQ4,Pantai Kacili Surabi,"JVC9+MC, Wosu, Kabupaten Morowali, Sulawesi Tengah, Indonesia",-2.378297,121.86857,Kabupaten Morowali,Sulawesi Tengah
ChIJS-u63MEFkC0RmWEccuilIm8,Wisata Alam Gua Pehabala,"RGCF+G52, Jl. Trans Sulawesi, Solonsa, Kec. Wita Ponda, Kabupaten Morowali, Sulawesi Tengah 94976, Indonesia",-2.178733,121.522876,Kabupaten Luwu Timur,Sulawesi Selatan
ChIJ2ZZAAm_tmC0RGc9h7PSUW6g,Masjid ldii gunung jati kendari,"2HMQ+PQ5, Lorong timur, RT.01/RW.03, Gn. Jati, Kec. Kendari, Kota Kendari, Sulawesi Tenggara 93116, Indonesia",-3.9657365,122.5894958,Kota Kendari,Sulawesi Tenggara
ChIJ_WrZjlVtpC0RD9CZUFu-5xg,BUKIT BUSEL,"9JXH+P9, Masiri, Batauga, Kabupaten Buton, Sulawesi Tenggara, Indonesia",-5.6006439,122.6284014,Kabupaten Buton Selatan,Sulawesi Tenggara
ChIJRX4aNr-_lC0RYUWmFwobQfw,Pembuat minyak kelapa mandar,"FX7F+2RG, Jalan Pettaroni, Labuang",-3.5374286,118.974586,Kabupaten Majene,Sulawesi Barat
ChIJR1uHXdTVeDIRqKz40Z1lJKc,Wisata Pantai leato utara,"G329+24G, Jl. R. Atje Slamet, Leato Utara, Kec. Dumbo Raya, Kota Gorontalo, Gorontalo 96119, Indonesia",0.5000639,123.0678258,Kabupaten Bone Bolango,Gorontalo
ChIJYQZHXuAqeTIRYEUqjKcinBk,Serambi Madinah,"G3M3+PW8, Biawu, Kec. Hulonthalangi, Kota Gorontalo, Gorontalo 96133, Indonesia",0.534296,123.0548271,Kota Gorontalo,Gorontalo
ChIJ_zoVA03XeTIRm87MNpNbZ4E,Air terjun Batu Kapal,"JM7P+74, Wonggarasi Tim., Kec. Wanggarasi, Kabupaten Pohuwato, Gorontalo, Indonesia",0.6131443,121.6853334,Kabupaten Pohuwato,Gorontalo
ChIJI6TSD1F-dzIRQQi1OcYO1J0,BUKIT KEMBAR,"HH2R+46X, Lemito Utara, Kec. Lemito, Kabupaten Pohuwato, Gorontalo 96468, Indonesia",0.5503566999999999,121.5906095,Kabupaten Pohuwato,Gorontalo
ChIJ061kwP_bvi0RGLwfzDK0-e0,Wisata Alam Tombalan Desa Komara,"JH2C+V3, Ko'mara, Kec. Polombangkeng Utara, Kabupaten Takalar, Sulawesi Selatan, Indonesia",-5.397772000000001,119.570136,Kabupaten Takalar,Sulawesi Selatan
ChIJKU4dbn-RlS0RhO_vvDzVT8I,Air Terjun Nepo,"RM9R+3F7, Nepo, Kec. Mallusetasi, Kabupaten Barru, Sulawesi Selatan 90753, Indonesia",-4.1823274,119.691176,Kabupaten Barru,Sulawesi Selatan
ChIJWfUnhTrhky0RjKWuWndsQ4E,Wisata Buntu Dengen Kambo,"Kambo, Kota Palopo",-3.0031017,120.1448361,Kabupaten Toraja Utara,Sulawesi Selatan
ChIJYymOxBqfhzIRINEsvnfItUk,BUKIT DOA MERAS,"HR6J+PJ9, Jl. Raya Meras, Meras, Kec. Bunaken, Kota Manado, Sulawesi Utara, Indonesia",1.5617816,124.8315968,Kota Manado,Sulawesi Utara
ChIJfXUelhUljTIRzN4ixgM6RGk,Saliran Beach,"Moronge II, Kec. Moronge, Kabupaten Kepulauan Talaud, Sulawesi Utara, Indonesia",3.9042007,126.7208566,Kabupaten Kepulauan Talaud,Sulawesi Utara
ChIJd3cx1hK_iy0Ry3tPtHrxsdg,Air Terjun Pangasintoli,"6PQH+9VQ, Lumbudolo, Kec. Banawa Tengah, Kabupaten Donggala, Sulawesi Tengah 94351, Indonesia",-0.7615274999999999,119.7297385,Kabupaten Donggala,Sulawesi Tengah
ChIJtUTeN9-pmi0R9ZStfz39CMI,Wisata Pantai Bahumbelu,"RM8M+6RV, Umbele, Kec. Bumi Raya, Kabupaten Morowali, Sulawesi Tengah, Indonesia",-2.1843807,121.6845435,Kabupaten Luwu Timur,Sulawesi Selatan
ChIJNxoiRq2rmC0RcG1l5bMyyo8,Pantai bobolio,"Q2W5+J87, Jl. Sawaea, Bobolio, Kec. Wawonii Sel., Konawe Kepulauan, Sulawesi Tenggara 93393, Indonesia",-4.2034652,123.0082881,Kabupaten Konawe Kepulauan,Sulawesi Tenggara
ChIJlSPrAJH1ly0RTcVIVTaB6iA,PUNCAK BAYY,"WJQF+H84, Unnamed Road, Balandete, Kec. Kolaka, Kabupaten Kolaka, Sulawesi Tenggara 93561, Indonesia",-4.061118899999999,121.623314,Kabupaten Kolaka,Sulawesi Tenggara
ChIJkY4RNADNoi0Rd3Z2noPC4rk,Destinasi wisata Pemandian alam Telaga biru,"7MXQ+F7C, Tete Haka, Kec. Tontonunu, Kabupaten Bombana, Sulawesi Tenggara, Indonesia",-4.7013085,121.6881279,Kabupaten Bombana,Sulawesi Tenggara
ChIJxWwIOGlljS0RaRV2RCnmY3Y,Pantai Ambabe,"Babana, Kec. Budong-Budong, Kabupaten Mamuju Tengah, Sulawesi Barat 91563, Indonesia",-2.0675956,119.2017963,Kabupaten Mamuju,Sulawesi Barat
ChIJjT4Btnujvi0RVCMu5Y-Cc2s,Kolam pattirotiroang,"M2J6+5VX, Bonto Tengnga, Kec. Sinjai Borong, Kabupaten Sinjai, Sulawesi Selatan 92662, Indonesia",-5.3195109,120.0122278,Kabupaten Gowa,Sulawesi Selatan
ChIJD20WLgCfhzIR_Z8MdZJY7k0,Taman Wisata Karangria,"GR6V+PMJ, Bitung Karangria, Kota Manado",1.5114573,124.8437663,Kota Manado,Sulawesi Utara
ChIJkSAG2G2tfjIRVREH0sqj-dg,Otalojin (Batu jin),"W476+H9F, Kota Jin, Kec. Atinggola, Kabupaten Gorontalo Utara, Gorontalo 96253, Indonesia",0.9139464,123.1109329,Kabupaten Gorontalo Utara,Gorontalo
ChIJz_qYGhObgy0RMct5llcpMoc,Pemandian Lomboan (Nonulo Bahari),"Lomboan, Gansal, Kec. Tinangkung Sel., Kabupaten Banggai Kepulauan, Sulawesi Tengah 94885, Indonesia",-1.4168606,123.3233068,Kabupaten Banggai Kepulauan,Sulawesi Tengah
ChIJHSbcRm0Ioi0RFSsTIaa4P4c,PANTAI BONDU BONDU,"PVHP+QFG, Tue Tue, Laonti, Kabupaten Konawe Selatan, Sulawesi Tenggara 93892, Indonesia",-4.270574799999999,122.8861966,Kabupaten Konawe Kepulauan,Sulawesi Tenggara
ChIJOyYuJABXny0RxuzM7e0CUTM,Pantai naina desa waturai,"R58P+FR, Waturai, Konawe Kepulauan, Sulawesi Tenggara, Indonesia",-4.1838125,123.1870625,Kabupaten Konawe,Sulawesi Tenggara
ChIJ0d3Yh3O5lC0RO5ldu6JLKWw,Buttu Pamboang,"Buttu Pamboang, Bababulo, Kec. Pamboang, Kabupaten Majene, Sulawesi Barat, Indonesia",-3.5072222,118.9122222,Kabupaten Majene,Sulawesi Barat
ChIJmXCp-tBZkC0RG5UR8MDLMyo,Bukit Safari Luwu Timur,"Puncak Indah, Kec. Malili, Kabupaten Luwu Timur, Sulawesi Selatan 92936, Indonesia",-2.6166343,121.1354125,Kabupaten Luwu Timur,Sulawesi Selatan
ChIJH_lvXj71iy0Rr5yLjWhwuj4,Wisata Bukit Asam sibedi,"2V72+42W, Sibedi, Kabupaten Sigi",-0.9871352999999998,119.85008,Kabupaten Pasangkayu,Sulawesi Barat
ChIJtV8zgpwwfzIRPE-O-JGnl0w,Pantai Ombuo,"Pantai Ombuo, Nyiur Hijau, Bulawa, Bone Bolango Regency, Gorontalo, Indonesia",0.3354127,123.2533468,Kabupaten Bone Bolango,Gorontalo
ChIJA1IPx0v9vi0Rw05AtJEHGTg,A.M.R Shop,"Jalan Maccini Raya Blok A 7, Pondok Indah",-5.1383847,119.4373329,Kota Makassar,Sulawesi Selatan
ChIJ0ZCOCcizlS0Rrb8PeIvAfFQ,Bulu Lompongan,"Bulu Lompongan, Alitta, Kec. Mattiro Bulu, Kabupaten Pinrang, Sulawesi Selatan, Indonesia",-3.8777778,119.6613889,Kabupaten Pinrang,Sulawesi Selatan
ChIJo6wQrdnTvi0RQsEPLNNdi3c,Puncak Gunung silanu,"FH4P+VGQ, Gn. Silanu, Bangkala, Kabupaten Jeneponto, Sulawesi Selatan 92352, Indonesia",-5.542783399999999,119.586353,Kabupaten Jeneponto,Sulawesi Selatan
ChIJqcTE9ROjfjIR_WWnfdgwC6Y,Nagara Swimming Pool Bolmut,"Jl. Trans Sulawesi, Mokoditek I, Kec. Bolang Itang Tim., Kabupaten Bolaang Mongondow Utara, Sulawesi Utara, Indonesia",0.8866461999999999,123.3734467,Kabupaten Bolaang Mongondow Utara,Sulawesi Utara
ChIJXfNSrj6XmC0RSKyj97kk-ks,Pantai dewi,"WM96+3F, Wawatu, Kabupaten Konawe Selatan",-4.082277299999999,122.6612491,Kabupaten Konawe,Sulawesi Tenggara
ChIJN4GrmnkLkS0RcHC0ZY7MqSg,Pantai Pasir Putih,"7HWF+459, Tamuku, Kec. Bone-Bone, Kabupaten Luwu Utara, Sulawesi Selatan, Indonesia",-2.7047061,120.5729787,Kabupaten Luwu Utara,Sulawesi Selatan
ChIJK11SIx1TmC0RO1SBpLmnkv8,Air Terjun Larowiu Meluhu Konawe,"762C+WV2, Jl. Poros Wawotobi - Lasolo, Meluhu, Kec. Meluhu, Kabupaten Konawe, Sulawesi Tenggara 93352, Indonesia",-3.7477265,122.222148,Kabupaten Konawe,Sulawesi Tenggara
ChIJbQsXlMZVuS0R5eYdgcxnjzw,Empang Pariwisata Isma putra,"C5J3+J89, Unnamed Road, Jalanjang, Kabupaten Bulukumba",-5.56846,120.1533633,Kabupaten Bulukumba,Sulawesi Selatan
ChIJe9U6JxShli0Rso0g5Odl0ZM,Air Terjun Sarambu,"G679+RP6, Kaladi Darussalam, Kec. Suli Bar., Kabupaten Luwu, Sulawesi Selatan 91996, Indonesia",-3.4854583,120.2192587,Kabupaten Wajo,Sulawesi Selatan
ChIJU2tKPg5ihzIRQSS7v2QK9Cs,Wisata Pantai Pasir Putih Wawontulap,"Wisata Pantai Pasir Putih Wawontulap, Pungkol, Kec. Tatapaan, Kabupaten Minahasa Selatan, Sulawesi Utara, Indonesia",1.3280275,124.5184083,Kabupaten Minahasa,Sulawesi Utara
ChIJKxQJf4p5gy0Rpf_rQCR_96U,Danau Salendang Popidolon,"C62M+W8W, Popidolon, Kec. Liang, Kabupaten Banggai Kepulauan, Sulawesi Tengah 94883, Indonesia",-1.5976405,123.2333244,Kabupaten Banggai Kepulauan,Sulawesi Tengah
ChIJA3JeyMDtmC0Rv8wItAW2pmw,Sepeda air kendari,"2GCV+6WR, Kec. Kendari, Kota Kendari, Sulawesi Tenggara, Indonesia",-3.979935599999999,122.5434874,Kota Kendari,Sulawesi Tenggara
ChIJOwU-5FeFlC0R_8HS106dVOQ,Pantun Ikan Wisata Pemancingan,"H6RV+733, Unnamed Road, Tumpiling, Kec. Wonomulyo, Kabupaten Polewali Mandar, Sulawesi Barat 91352, Indonesia",-3.4093581,119.2426822,Kabupaten Polewali Mandar,Sulawesi Barat
ChIJ1y0Fz5CViy0RM0F8oE0WoQA,Air terjun Saluntere,"6P3V+V5, Powelua, Kec. Banawa Tengah, Kabupaten Donggala, Sulawesi Tengah, Indonesia",-0.795282,119.7429889,Kabupaten Donggala,Sulawesi Tengah
ChIJP98n5nRXvi0RuIl2pgTQrcY,P3A Turikale Soreang Maros,Jalan masjid Raya Barandasi No 1,-4.9761124,119.5714805,Kabupaten Maros,Sulawesi Selatan
ChIJU6pRGrGRlS0Rz55Ykabe898,Wisata Bujung Mattimboe,"Nepo, Kec. Mallusetasi, Kabupaten Barru, Sulawesi Selatan 90753, Indonesia",-4.1890592,119.6754161,Kabupaten Barru,Sulawesi Selatan
ChIJFVZIWawjvi0Rmg5uneCslEU,Wisata Gua Panincong,"Panincong, FPP9+46J, Libureng, Kec. Tanete Riaja, Kabupaten Barru, Sulawesi Selatan, Indonesia",-4.5146665,119.7180243,Kabupaten Pangkajene Dan Kepulauan,Sulawesi Selatan
ChIJwSQJHgAllC0RK9S-hHFb6fI,Sungai Pulau Bongi,"82P7+C77, Tanatoro, Kec. Pitu Riase, Kabupaten Sidenreng Rappang, Sulawesi Selatan 91691, Indonesia",-3.6638575,120.006976,Kabupaten Sidenreng Rappang,Sulawesi Selatan
ChIJFekVA9yRli0RTeB4km0svt4,Pantai Desa Babana,"Pantai desa babana, Babang, Kec. Larompong Sel., Kabupaten Luwu, Sulawesi Selatan 91998, Indonesia",-3.5661902,120.4144062,Kabupaten Wajo,Sulawesi Selatan
ChIJQ2gGfADJlS0RvMp0rT03kmk,Kolam pemancingan keluarga H. Jafar,"3V63+MF, Empagae",-3.938307599999999,119.8536333,Kabupaten Sidenreng Rappang,Sulawesi Selatan
ChIJXTkqhsDvvS0Rdgl4lF8WBzQ,Bubung Cellu,"Jl. KH. Syamsuddin No.63, Toro",-4.555687499999999,120.3695625,Kabupaten Bone,Sulawesi Selatan
ChIJY6SE2J4zui0RvrWlGxrjht8,Pantai Ujung Kelapa,"RC4G+W6Q, Bontoborusu, Kec. Bontoharu, Kab. Kepulauan Selayar, Sulawesi Selatan, Indonesia",-6.1926519,120.4256142,Kabupaten Kepulauan Selayar,Sulawesi Selatan
ChIJ1Y0nyfPNuy0RKnyMAn50kDc,Hutan Mangrove Gusung,"VCMG+499, Bontolebang",-6.117203300000001,120.4259903,Kabupaten Kepulauan Selayar,Sulawesi Selatan
ChIJR5PLFwBzlC0RtGI2M5QQHew,Bukit penantian,"MP75+W3, Bau Selatan, Kec. Bonggakaradeng, Kabupaten Tana Toraja, Sulawesi Selatan, Indonesia",-3.335148,119.707672,Kabupaten Enrekang,Sulawesi Selatan
ChIJ1eSvL-Prky0R_urdLKMcoGk,GUA KAMBUNO,"XVFH+767, Sarira",-3.0268291,119.8780421,Kabupaten Tana Toraja,Sulawesi Selatan
ChIJceVpv7Ppky0RC5lJW_I7JIw,"Tongkonan Banua Sura', Limbong Ba'lele","2.969724, 119.891231, Mentirotiku",-2.9697292,119.8912108,Kabupaten Tana Toraja,Sulawesi Selatan
ChIJ3aVxdL1rlC0R4TzoD6NeFc8,Buttu Saletta,"Buttu Saletta, Tindallun",-3.49114,119.765142,Kabupaten Enrekang,Sulawesi Selatan
ChIJx9Si0RQTlC0RFEN5E1gQyTQ,Kebun wisata strobery naylan,"HV55+2F, Parinding, Kabupaten Enrekang",-3.4414336,119.8586719,Kabupaten Enrekang,Sulawesi Selatan
ChIJY0HAbgVhkC0R39sktTlPNKc,Gunung Tabor,"C75P+W74, Tabarano, Kec. Wasuponda, Kabupaten Luwu Timur, Sulawesi Selatan 92983, Indonesia",-2.5902263,121.2857033,Kabupaten Luwu Timur,Sulawesi Selatan
ChIJQcXaKABhkC0RrfHYlw1O_oI,Agrowisata Kebun Nanas Ponda'ta,"C75P+49, Tabarano, Kec. Wasuponda, Kabupaten Luwu Timur, Sulawesi Selatan, Indonesia",-2.592224,121.285938,Kabupaten Luwu Timur,Sulawesi Selatan
ChIJoUBgV9B1hzIRR0HqVOo0mbY,"Pulau Paniki, Desa Kulu Kec. Wori Kota Manado","MXJ2+C4C, Kulu, Kec. Wanea, Kabupaten Minahasa Utara, Sulawesi Utara, Indonesia",1.6810535,124.950252,Kabupaten Minahasa Utara,Sulawesi Utara
ChIJ4bn4ARE9fjIRFl70Be60d4g,Confident Shop,"Jalan Teuku Umar, Motoboi Besar",0.7179207,124.3217769,Kota Kotamobagu,Sulawesi Utara
ChIJnXKV9oYVfjIRH5JsKszSb_o,Inuai park,"R62C+HRR, Inuai, Kabupaten Bolaang Mongondow",0.801491,124.2220218,Kabupaten Bolaang Mongondow,Sulawesi Utara
ChIJxy5FWw0PhzIRVwp4qognjek,Tumatenden,"CX9G+W5R, Jl. Airmadidi Atas, Rap-Rap, Kec. Airmadidi, Kabupaten Minahasa Utara, Sulawesi Utara, Indonesia",1.4198654,124.9754017,Kabupaten Minahasa,Sulawesi Utara
ChIJr0amONdThzIRPqc54uQRiiY,Puncak Rumochoy,"2MVG+6RQ, Betelan Satu",1.043081,124.6771022,Kabupaten Minahasa Selatan,Sulawesi Utara
ChIJ51wy2LejizIR0_CD0DEoV7s,Gunung Sahendaruman,"Gn. Sahendaruman, Lebo, Kec. Manganitu, Kabupaten Kepulauan Sangihe, Sulawesi Utara, Indonesia",3.4980556,125.5130556,Kabupaten Kepulauan Sangihe,Sulawesi Utara
ChIJUaDIz8afizIRRgPIsM4c6GE,Bira Beach,"HH7Q+J95, Bira, Kabupaten Kepulauan Sangihe",3.5640185,125.5884819,Kabupaten Kepulauan Sangihe,Sulawesi Utara
ChIJVXqhFr_l8jIRmELa0RXgI_w,Kuma Beach,"CPF4+696, Kuma, Kec. Essang Sel., Kabupaten Kepulauan Talaud, Sulawesi Utara, Indonesia",4.4230316,126.7058765,Kabupaten Kepulauan Talaud,Sulawesi Utara
ChIJC1IkKW8Vjy0RZgYzJIWGoKc,Air Terjun Uedele,"J6Q9+7HX, Uedele, Kec. Tojo, Kabupaten Tojo Una-Una, Sulawesi Tengah 94681, Indonesia",-1.3617537,121.2189952,Kabupaten Morowali Utara,Sulawesi Tengah
ChIJITOxdQAzhC0RJ4QcZtLbj2w,Air Terjun Pesak,"R9RF+Q6X, Ondo Ondolu, Kec. Batui, Kabupaten Banggai, Sulawesi Tengah, Indonesia",-1.1580157,122.373094,Kabupaten Banggai,Sulawesi Tengah
ChIJ_U39PwCjhi0RM7unpcSAqPs,Speed Paisupok - Azzahra Tour & Travel,2QWR+VFG,-0.9532088,122.7913299,Kabupaten Banggai Laut,Sulawesi Tengah
ChIJZR67gTAfhC0REU2gs7XheFA,Pantai Bandara,"Jl. Dr. Moh. Hatta No.2-4, Bubung, Kabupaten Banggai",-1.026349,122.7817386,Kabupaten Banggai Laut,Sulawesi Tengah
ChIJl5T3LaMRgy0RCLoEj2gAYws,Pantai Melambai,"7JW3+69, Matanga, Kab. Banggai Laut, Sulawesi Tengah, Indonesia",-1.7044375,123.6034375,Kabupaten Banggai Kepulauan,Sulawesi Tengah
ChIJ6W41CdiNmC0RueluhStOSyg,Makam Raja Sao Sao,"XFCX+JX8, Jl. Poros Bandara Haluoleo, Lepo-Lepo, Kec. Baruga, Kota Kendari, Sulawesi Tenggara 93116, Indonesia",-4.0284593,122.4999468,Kota Kendari,Sulawesi Tenggara
ChIJz8NlNqixmS0RQVKlqXyASv8,Air Terjun Wawondiku,"945Q+PXR, Bandaeha, Kec. Molawe, Kabupaten Konawe Utara, Sulawesi Tenggara 93572, Indonesia",-3.640647299999999,122.1398766,Kabupaten Konawe,Sulawesi Tenggara
ChIJz8h-UQD1mC0RRKSIAoqFVpM,WISATA HUTAN PINUS BAINI (HPB),"29GH+5VQ, Baini, Kec. Sampara, Kabupaten Konawe, Sulawesi Tenggara 93354, Indonesia",-3.974549299999999,122.3797395,Kabupaten Konawe,Sulawesi Tenggara
ChIJNUENWACjmC0RfsV3UVzU2pE,Tambolosu Waterfall,"RQPR+RJ, Tambolosu, Laonti, Kabupaten Konawe Selatan, Sulawesi Tenggara, Indonesia",-4.162888,122.791548,Kabupaten Konawe Kepulauan,Sulawesi Tenggara
ChIJ2cdaX57Joy0Rqz67P_1hhA4,Danau Meleura,"3QC3+JGR, Lakarinta, Kec. Lohia, Kabupaten Muna, Sulawesi Tenggara 93658, Indonesia",-4.9283944,122.7537786,Kabupaten Buton Tengah,Sulawesi Tenggara
ChIJceVMzlNtpC0RwfRrw2wlsoE,Gunung Ombo 1200 MDPL,"waopini kec.sampolawa, 9MCM+WQM, Jaya Bakti, Batauga, Kabupaten Buton, Sulawesi Tenggara 93753, Indonesia",-5.6276679,122.6844225,Kabupaten Buton Selatan,Sulawesi Tenggara
ChIJA3lYIwCHlC0Rxn4XYBhVuow,Wisata alam lembah kunyi,"J9PJ+5J, Kunyi, Kec. Anreapi, Kabupaten Polewali Mandar, Sulawesi Barat, Indonesia",-3.3645812,119.3815915,Kabupaten Polewali Mandar,Sulawesi Barat
ChIJYcokaDeDky0Rokv0DaQPl4k,"Wisata Alam Nosu, Mamasa Regency, West Sulawesi","Nosu, Kec. Nosu, Kabupaten Mamasa, Sulawesi Barat 91363, Indonesia",-3.1266562,119.4832602,Kabupaten Mamasa,Sulawesi Barat
ChIJ4dlfFwDXeDIR-R26pRCY8nU,Desa Cahaya Biluhu Timur,"FXV7+P95, Biluhu Tim., Kec. Batudaa Pantai, Kabupaten Gorontalo, Gorontalo 96272, Indonesia",0.496124,122.9643578,Kabupaten Gorontalo,Gorontalo
ChIJTRrhcADnvi0R2mTPs84EM8g,Sunset Bollangi,"QH94+G89, Timbuseng",-5.231222899999999,119.5558532,Kota Makassar,Sulawesi Selatan
ChIJhXz5PwpMvi0Roc_GEz8QD04,Pantai Pelelangan Ikan Maccini Baji,"6FGR+WRC Lelong Ikan, Kabupaten Pangkajene Dan Kepulauan, Sulawesi Selatan 90651, Indonesia",-4.7726964,119.4920019,Kabupaten Pangkajene Dan Kepulauan,Sulawesi Selatan
ChIJBTC7wGHvlS0RKWnBphyyIQU,Rumah simpang tiga Petta worongnge,"RX54+3MR, Worongnge, Kabupaten Wajo",-4.1922692,119.9566544,Kabupaten Soppeng,Sulawesi Selatan
ChIJ5123Yv6wvi0RM_qKc42EgfU,Moncong Loka,"Moncong Loka, Bonto Tangnga, Kec. Uluere, Kabupaten Bantaeng, Sulawesi Selatan, Indonesia",-5.4461111,119.9227778,Kabupaten Bantaeng,Sulawesi Selatan
ChIJ5QcjVsGvvi0RFc0raGr4xD0,Hutan Campaga,"G2QG+C7M, Campaga, Kec. Tompobulu, Kabupaten Bantaeng, Sulawesi Selatan 92461, Indonesia",-5.4614134,120.0256693,Kabupaten Bantaeng,Sulawesi Selatan
ChIJb9im8IIjvC0RAZBYzyMeYEc,Bukit Arung Bua,"Q8C6+C3H, Bua, Kec. Tellu Limpoe, Kabupaten Sinjai, Sulawesi Selatan, Indonesia",-5.2286183,120.3102141,Kabupaten Sinjai,Sulawesi Selatan
ChIJ00NSnNK5uy0R3vpBSqQrsmM,Balara Beach,"3G9Q+H7H, Desa, Balang Butung, Kec. Buki, Kab. Kepulauan Selayar, Sulawesi Selatan, Indonesia",-5.931073,120.5382428,Kabupaten Kepulauan Selayar,Sulawesi Selatan
ChIJw8MGp9kVlC0REU1Nq9B-FHE,Enrekang Mountain Viewpoint,"GQ9V+HQF, Jl. Poros Enrekang-Makale, Bamba Puang, Kec. Anggeraja, Kabupaten Enrekang, Sulawesi Selatan 91752, Indonesia",-3.4809384,119.7945631,Kabupaten Enrekang,Sulawesi Selatan
ChIJmx1U52VjkC0RxF1GQ5EHoLU,Pegunungan Verbeek,"Pegunungan Verbeek, Sorowako, Kec. Nuha, Kabupaten Luwu Timur, Sulawesi Selatan, Indonesia",-2.5833333,121.4166667,Kabupaten Luwu Timur,Sulawesi Selatan
ChIJe67IhnN1hzIRBjzpNFiIVpI,Paket Wisata Manado- Manggis Travel,Kasawasan Megamas,1.4760281,124.8330888,Kota Manado,Sulawesi Utara
ChIJz1sThlYChzIRysDiXh-QKwY,Teluk Walenekoko,"C53G+JQQ, Pasirpanjang, Lembeh Sel., Kota Bitung, Sulawesi Utara, Indonesia",1.4040965,125.1769768,Kota Bitung,Sulawesi Utara
ChIJb5jLQ3FZhzIR5kerTB7B47k,Boulevart amurang,"Jl. Pasar No.15, Ranoyapo, Kec. Amurang, Kabupaten Minahasa Selatan, Sulawesi Utara, Indonesia",1.186198,124.5726237,Kabupaten Minahasa Selatan,Sulawesi Utara
ChIJA3gb0_3jfTIRH3xS7J7Br9k,Pante Kalou,"Pante Kalou, Aergale, Kec. Sinonsayang, Kabupaten Minahasa Selatan, Sulawesi Utara, Indonesia",1.0610751,124.3175676,Kabupaten Bolaang Mongondow,Sulawesi Utara
ChIJjQPieJ6jgDIROhuphKCiDwA,Hutan Mangrove,"QJWQ+CJW, Paret, Kotabunan, Kabupaten Bolaang Mongondow Timur, Sulawesi Utara, Indonesia",0.7961016,124.6390916,Kabupaten Bolaang Mongondow Timur,Sulawesi Utara
ChIJp-csyGELizIRjEUFpkQ_3ow,Gereja Bukit Zaitun Tola,"JGWR+P7R, Tola, Kec. Tabukan Utara, Kabupaten Kepulauan Sangihe, Sulawesi Utara, Indonesia",3.6468551,125.5406411,Kabupaten Kepulauan Sangihe,Sulawesi Utara
ChIJu9dFA1jwjy0RGlyJj4cls6Y,Pantai Nanaka,"3F8P+WJR Pantai Nanaka, Kec. Bungku Utara, Kabupaten Morowali, Sulawesi Tengah, Indonesia",-1.9326438,121.4865237,Kabupaten Morowali Utara,Sulawesi Tengah
ChIJRcMsNXq5hi0Rgcr7_acCqj0,Bukit Ceria Toipan,"Bukit Ceria, Toipan, Pagimana, Kabupaten Banggai, Sulawesi Tengah, Indonesia",-0.7778904999999999,122.8727369,Kabupaten Banggai Laut,Sulawesi Tengah
ChIJgbggoVGhhi0R5WXHzHbzOW8,Pondok Budaya Ayus Piala,"Jln.Plamboyan No.17,Kel, Hanga-Hanga",-0.9616871,122.7830255,Kabupaten Banggai Laut,Sulawesi Tengah
ChIJWTJO_vPrgy0RqD3qAWYEyzs,AIR TERJUN TETENU,"Lalong, Salakan, Kabupaten Banggai Kepulauan, Sulawesi Tengah, Indonesia",-1.255039,123.3782816,Kabupaten Banggai,Sulawesi Tengah
ChIJQXhIQQDxmC0RdO2EZoE_b9Y,Pantai Batugong,"4GH5+Q2, Tombawatu, Kabupaten Konawe",-3.872005,122.507655,Kabupaten Konawe,Sulawesi Tenggara
ChIJE7XbSecRoi0RtBgMobRIWJI,Pantai Tanjung Tawatawaro,"HVJG+X3, Langgapulu, Kec. Kolono, Kabupaten Konawe Selatan, Sulawesi Tenggara, Indonesia",-4.417589299999999,122.8751677,Kabupaten Buton Utara,Sulawesi Tenggara
ChIJ37CRcm2vmC0RhYxWsH_oieY,"Wungkolo, Sulawesi Tenggara-Indonesia","Unnamed Road, VX3M+95W, Wungkolo, Kec. Wawonii Sel., Konawe Kepulauan, Sulawesi Tenggara 93393, Indonesia",-4.146501,122.982964,Kabupaten Konawe Kepulauan,Sulawesi Tenggara
ChIJd1N0KMh_jS0RMBV0tBr_AU4,PUNCAK SATIRA,"W95H+3J5, Unnamed Road, Palongaan, Kabupaten Mamuju Tengah",-2.092355,119.379111,Kabupaten Mamuju,Sulawesi Barat
ChIJB_eSlP1jky0R7zaH3c9iRBY,Bukit Garuda Negeri Diatas Awan BULO,"Q5H7+XXH, Bulo, Kec. Bulo, Kabupaten Polewali Mandar, Sulawesi Barat 91353, Indonesia",-3.2200722,119.1649761,Kabupaten Majene,Sulawesi Barat
ChIJt9zjRQCHlC0R2K0NWtVfxZM,"Wisata Alam Alla, Alla","J9HF+XMW, Kunyi, Kec. Anreapi, Kabupaten Polewali Mandar, Sulawesi Barat, Indonesia",-3.3700194,119.374205,Kabupaten Polewali Mandar,Sulawesi Barat
ChIJN4tlRGHXeDIRCyZPVmN2e_8,Air Terjun Bongoda'a,"GX27+CC2, Biluhu Tim., Kec. Batudaa Pantai, Kabupaten Gorontalo, Gorontalo 96272, Indonesia",0.5010098,122.9635227,Kabupaten Gorontalo,Gorontalo
ChIJKdUz0frfeDIRckfciVdDZW4,"Wisata Maleu, DesaLobuto, Kec. Biluhu","FQPC+4J, Lobuto, Kabupaten Gorontalo",0.4853278,122.7715097,Kabupaten Gorontalo,Gorontalo
ChIJF2PSMQDTfjIR983rblElui8,Bukit Pinus (bupin),"H4FX+36R, Butu, Kec. Tilongkabila, Kabupaten Bone Bolango, Gorontalo, Indonesia",0.5727477,123.1480231,Kabupaten Bone Bolango,Gorontalo
ChIJKfjRagALeTIRyE1BEitdI18,Kolam renang vila desa,"Suka Mulia, Kec. Wonosari, Kabupaten Boalemo, Gorontalo, Indonesia",0.707711,122.4273534,Kabupaten Boalemo,Gorontalo
ChIJQVFDLgAdvy0RhDI9sAQIOOM,Pantai Tengah Barombong,"R93J+W2, Barombong, Kota Makassar",-5.1947282,119.3811482,Kota Makassar,Sulawesi Selatan
ChIJxcazNQTdlS0RI0wF5Ip1tpI,Bulu Cepo,"W26R+2H, Ujung Baru, Kec. Tana Sitolo, Kabupaten Wajo, Sulawesi Selatan, Indonesia",-4.091199,120.0369694,Kabupaten Soppeng,Sulawesi Selatan
ChIJlzLoOgCPli0RDP8Kqs1H1LU,Kawasan Wisata Bangsalae,"8CCH+2C5, Jalan Bangsalae, Siwa, Kabupaten Wajo, Sulawesi Selatan, Indonesia",-3.679993,120.4286119,Kabupaten Wajo,Sulawesi Selatan
ChIJdcPK49jzuy0R1y7eh-TnRwg,Pantai pasir putih Malboro,"9FQ3+H5G, Bira, Kec. Bonto Bahari, Kabupaten Bulukumba, Sulawesi Selatan 92571, Indonesia",-5.611667,120.452964,Kabupaten Bulukumba,Sulawesi Selatan
ChIJeRj-c--pvi0RAqxGhqy7s5w,Wisata Permandian Desa Pattallassang,"G3J9+Q6, Pattalassang, Kabupaten Bantaeng",-5.4681041,120.0680566,Kabupaten Bantaeng,Sulawesi Selatan
ChIJ18aT75Czvi0REw12NDUpgNs,Bantaeng,"FX25+HPM, Mallilingi",-5.5485318,119.9592853,Kabupaten Bantaeng,Sulawesi Selatan
ChIJSy1HNrUzuS0RFgbvbtr6LFU,Kompleks Makam Raja Raja Binamu,"Unnamed Road, CM2Q+897, Bontoramba, Kec. Bontoramba, Kabupaten Jeneponto, Sulawesi Selatan 92351, Indonesia",-5.5992071,119.6884117,Kabupaten Jeneponto,Sulawesi Selatan
ChIJ-7FpRzyRkS0RPmxC07uKYdQ,Desa Sepakat,"G94F+86F, Mappedeceng, Kec. Mappedeceng, Kabupaten Luwu Utara, Sulawesi Selatan 92917, Indonesia",-2.4941782,120.3730586,Kabupaten Luwu Utara,Sulawesi Selatan
ChIJtwn02_0VhzIRKOG_24L8pWU,"Rumah Brando Di Film ""Senjakala di Manado""","7WH2+5MW, Jl. Langowan - Tondano, Masarang, Kabupaten Minahasa",1.277989,124.9016941,Kabupaten Minahasa,Sulawesi Utara
ChIJxahOEDUPhzIRxUaHEA01ltw,Bukit Jalan Tol Tumaluntung,"CX5P+HG, Airmadidi Bawah, Kec. Airmadidi, Kabupaten Minahasa Utara, Sulawesi Utara, Indonesia",1.4089166,124.9862975,Kabupaten Minahasa,Sulawesi Utara
ChIJ_____ya7fjIRq2ZVr9sTivQ,Puncak Pilos,"V8QC+QWG, Sonuo, Kec. Bolang Itang Bar., Kabupaten Bolaang Mongondow Utara, Sulawesi Utara, Indonesia",0.889428,123.3223335,Kabupaten Bolaang Mongondow Utara,Sulawesi Utara
ChIJU8ZpBUR3pC0RZtcVKNpZK7Y,Pantai Batuajara,"Jl. Hayam Wuruk No.224, Bone-Bone, Kota Bau-Bau",-5.464776899999999,122.5886038,Kota Baubau,Sulawesi Tenggara
ChIJD6IRpU9RvS0RGAGPfrPWnn8,Pantai Tondowolio,"HGRC+WJ4, Tondowolio, Tanggetada, Kabupaten Kolaka, Sulawesi Tenggara 93563, Indonesia",-4.4086469,121.5209911,Kabupaten Kolaka,Sulawesi Tenggara
ChIJ13mj9L7Rpi0Rf8CaB09IkT4,Ekowisata Taduno,Sombano,-5.4728527,123.6917622,Kabupaten Wakatobi,Sulawesi Tenggara
ChIJRwDVOs4fvy0RXNyYWEx2HLE,Kolam Renang Tepi Sawah,"DUSUN CAMPAGAYA TIMUR, Tamasaju, Kec. Galesong Utara, Kabupaten Takalar, Sulawesi Selatan 90225, Indonesia",-5.27736,119.3829983,Kabupaten Takalar,Sulawesi Selatan
ChIJvwMhKVuLky0RzDALPKiLHjQ,Buntu Sisong,"Buntu Sisong, Pateke, Kec. Makale Sel., Kabupaten Tana Toraja, Sulawesi Selatan, Indonesia",-3.1883333,119.7741667,Kabupaten Tana Toraja,Sulawesi Selatan
ChIJ9dN-CXbvky0Rg0EUgOyOyS4,Bukit Jokowi,"WVGQ+38X, Turunan, Kec. Sangalla, Kabupaten Tana Toraja, Sulawesi Selatan 91817, Indonesia",-3.074763,119.8883529,Kabupaten Tana Toraja,Sulawesi Selatan
ChIJ8ba27L3Zky0RSXmbXIFJpzQ,Permandian Alam Makawa,"54G7+V3W, Bosso, Kec. Walenrang Utara, Kabupaten Luwu, Sulawesi Selatan, Indonesia",-2.8227558,120.1127167,Kabupaten Toraja Utara,Sulawesi Selatan
ChIJVVVVFQ2igDIR-l6-BU6VkME,Hutan Kota Tutuyan,"QJ95+CCC, Tutuyan II, Kec. Tutuyan, Kabupaten Bolaang Mongondow Timur, Sulawesi Utara, Indonesia",0.7685586,124.6085288,Kabupaten Bolaang Mongondow Timur,Sulawesi Utara
ChIJfbqSEG7F8jIRHPtnbczL7G8,Air Terjun Ampa Doap,"6RW7+WP2, Bengel, Kec. Beo, Kabupaten Kepulauan Talaud, Sulawesi Utara, Indonesia",4.2472682,126.8142605,Kabupaten Kepulauan Talaud,Sulawesi Utara
ChIJCaNB8qt7djIRT5pwHJ358N8,Pantai PELANGI,"Tinombo, Kec. Tinombo, Kabupaten Parigi Moutong, Sulawesi Tengah 94476, Indonesia",0.3918181,120.2905096,Kabupaten Parigi Moutong,Sulawesi Tengah
ChIJR6pu0C6Tgy0R_4-84jseZ18,Benteng Bebengketan,"M7FW+X7M, Salakan, Tinangkung, Kabupaten Banggai Kepulauan, Sulawesi Tengah 94885, Indonesia",-1.3250299,123.295668,Kabupaten Banggai Laut,Sulawesi Tengah
ChIJPavxeQApcTIRgy52cuWVr_Y,River Tubing Desa Wisata Malangga,"4V77+WH, Malangga, Kabupate, Kabupaten Toli-Toli, Sulawesi Tengah, Indonesia",1.1148125,120.8639375,Kabupaten Buol,Sulawesi Tengah
ChIJbRwho24fmC0R41HgmYVxb0w,Pirsah,"WJ2W+VM, 19 Nopember, Kabupaten Kolaka",-4.097845,121.6466727,Kabupaten Kolaka,Sulawesi Tenggara
ChIJNXf9ieI1oi0RJzEpZFKZz7Y,Bat-Bat Kota Raha,"5PVV+CJ, Laiworu",-4.806495999999999,122.744066,Kabupaten Buton Utara,Sulawesi Tenggara
ChIJM8D5ae4lvi0RTGpMmFK17bo,Bukit Paralayang Maddo,"Tellumpanua, Kec. Tanete Rilau, Kabupaten Barru, Sulawesi Selatan 90761, Indonesia",-4.4785298,119.6323352,Kabupaten Pangkajene Dan Kepulauan,Sulawesi Selatan
ChIJY2yTnszxlS0R5IkVm-EfbTM,Wisata Alam Labempa,"QW3R+C4H, Jl. Labempa, Dusun Maniangpatu, Lompulle, Kabupaten Soppeng",-4.246437999999999,119.940358,Kabupaten Barru,Sulawesi Selatan
ChIJwf1QyN1Jui0RQuGVBApOB8Y,Air Terjun Jammeng,"PGQJ+3JJ, Laiyolo Baru, Bontosikuyu, Kab. Kepulauan Selayar, Sulawesi Selatan, Indonesia",-6.2622899,120.5315302,Kabupaten Kepulauan Selayar,Sulawesi Selatan
ChIJzyUYPQuLky0Rtvz2nf0u9DM,Bukit Teletubies Tappion Buakayu,"RP8J+7MR, Buakayu, Kec. Bonggakaradeng, Kabupaten Tana Toraja, Sulawesi Selatan 91872, Indonesia",-3.1842579,119.7316385,Kabupaten Tana Toraja,Sulawesi Selatan
ChIJ-y8aISGnkS0Rx-hdlUqOUTA,Dermaga Burau Pantai,"9M4P+JQ9, Burau Pantai, Kec. Burau, Kabupaten Luwu Timur, Sulawesi Selatan, Indonesia",-2.6434522,120.6869854,Kabupaten Luwu Utara,Sulawesi Selatan
ChIJLXjhov5hkC0RTTmc7dXLDpM,Permandian Alam Silika Garden,"987W+6MP, Jl. Ahmad Yani, Lioka, Kec. Towuti, Kabupaten Luwu Timur, Sulawesi Selatan 92982, Indonesia",-2.6369183,121.3467186,Kabupaten Luwu Timur,Sulawesi Selatan
ChIJdWcPSWUdjy0RLYw2_SzlJ0Q,Pantai Wisata Karang Lestari,"Unnamed Road, HVPX+8PQ, Malei Tojo, Kec. Tojo Bar., Kabupaten Tojo Una-Una, Sulawesi Tengah 94681, Indonesia",-1.4141532,120.8993456,Kabupaten Poso,Sulawesi Tengah
ChIJHQUNoJyXmi0RXa1NeLK48IM,Bukit ilham Wosu,"Wosu, Kec. Bungku Bar., Kabupaten Morowali, Sulawesi Tengah 94976, Indonesia",-2.3726531,121.8233139,Kabupaten Morowali,Sulawesi Tengah
ChIJy3WZNAChhi0Rig54zibwqOg,Air Terjun Hanga-Hanga,"2QRF+J4W, Hanga-Hanga, Luwuk, Kabupaten Banggai, Sulawesi Tengah 94713, Indonesia",-0.9576039,122.7720911,Kabupaten Banggai Laut,Sulawesi Tengah
ChIJKelOXSahhi0RRlYoGRU4nUg,Danau Dowiwi,"XPJC+MH9, Koyoan, Luwuk, Kabupaten Banggai, Sulawesi Tengah 94716, Indonesia",-1.0183383,122.7214756,Kabupaten Banggai Laut,Sulawesi Tengah
ChIJkbSuzPO7hi0R6N7f6zAqm3o,Wisata Permandian SINTOMU,"5V6F+4GQ, Salodik, Kabupaten Banggai",-0.8396593,122.8738598,Kabupaten Banggai Laut,Sulawesi Tengah
ChIJy3HT40krnS0RJkkZgt-G-Bw,Pantai Pasir Panjang Mbuang-Mbuang,"WVJ3+G95, Mbuang-Mbuang, Kec. Bokan Kepulauan, Kabupaten Banggai Kepulauan, Sulawesi Tengah, Indonesia",-2.0687489,123.8534992,Kabupaten Banggai Kepulauan,Sulawesi Tengah
ChIJiVexh8nqgy0RmVXAHp_ftRQ,Paisu Matano Tatakalai,"Tatakalai, Kec. Tinangkung Utara, Kabupaten Banggai Kepulauan, Sulawesi Tengah 94885, Indonesia",-1.2654267,123.4137113,Kabupaten Banggai Kepulauan,Sulawesi Tengah
ChIJj3HOafe5cDIRRl8D_--Fg4Q,Batu Susun,"67J7+QM, Lakea II, Kec. Lakea, Kabupaten Buol, Sulawesi Tengah, Indonesia",1.231968,121.264244,Kabupaten Buol,Sulawesi Tengah
ChIJodRf7ZwVpC0ROnpwqliZHsk,Wisata Manggrove,"9P3W+X4H, Makmur",-5.6450528,122.7453555,Kabupaten Buton Selatan,Sulawesi Tenggara
ChIJETWiHwC7lS0RvAklrQQI_9Y,Wisata kolamku perumahan Ruby zamzam,"XMQ6+QJQ Wisata kolamku Di BTN, Ruby zamzam, Lompoe, Kota Parepare",-4.0105278,119.6616111,Kota Parepare,Sulawesi Selatan
ChIJq6qqqhrUlS0R3dT2VAe-Z-g,Permandian Kalola,"439J+H7P, Sogi, Kec. Maniang Pajo, Kabupaten Wajo, Sulawesi Selatan 90952, Indonesia",-3.881036699999999,120.0806918,Kabupaten Sidenreng Rappang,Sulawesi Selatan
ChIJSeVXDvNqlC0Rm-G8ccShqVw,Bukit Saletta,"GQ58+889 Saletta, Tindallun, Kec. Anggeraja, Kabupaten Enrekang, Sulawesi Selatan 91711, Indonesia",-3.491713,119.7658628,Kabupaten Enrekang,Sulawesi Selatan
ChIJ26HqXoVDhzIRNM4euv4s5Ls,Air Terjun Desa WiauLapi,"6PVW+QF, Wiau Lapi, Kec. Tareran, Kabupaten Minahasa Selatan, Sulawesi Utara, Indonesia",1.2444367,124.7461879,Kabupaten Minahasa,Sulawesi Utara
ChIJfRfIXKLniy0RuyR-z88NdLM,Air Terjun Bale,"6X3G+HQ, Bale, Kec. Tanantovea, Kabupaten Donggala, Sulawesi Tengah 94352, Indonesia",-0.796033,119.976926,Kota Palu,Sulawesi Tengah
ChIJG9E9tRwhjC0RxAcU-hJGHYE,Situs Cagar Budaya Makam Maradindo,"M338+7W5, Langko, Kec. Lindu, Kabupaten Sigi, Sulawesi Tengah 94363, Indonesia",-1.3468514,120.067363,Kabupaten Sigi,Sulawesi Tengah
ChIJY6UYhtFbiS0RVaqTnpI7qMw,Pantai Masi,"Unnamed Road, 37QF+HR6, Nambaru, Kec. Parigi Sel., Kabupaten Parigi Moutong, Sulawesi Tengah 94471, Indonesia",-0.9110857,120.2745093,Kabupaten Sigi,Sulawesi Tengah
ChIJNTV3lVINjy0R0Ez0Amtf6as,Air terjun MARONDO (Waterfall),"G54X+FJ, Kalmeba II, Kec. Tojo, Kabupaten Tojo Una-Una, Sulawesi Tengah 94681, Indonesia",-1.4893414,121.198659,Kabupaten Morowali Utara,Sulawesi Tengah
ChIJg-kFTvGthi0RQfvyxSHkBKg,Wisata Bahari Karamba Tarantula Uwedikan,"Unnamed Road, Uwedikan, Luwuk Tim., Kabupaten Banggai, Sulawesi Tengah 94723, Indonesia",-0.8995625,123.0563125,Kabupaten Banggai Laut,Sulawesi Tengah
ChIJSWKITQCHlC0RUUFg9g13dBA,Wisata karo-karo,"H9X4+HGW, Sulewatang, Kec. Binuang, Kabupaten Polewali Mandar, Sulawesi Barat, Indonesia",-3.400895,119.3564474,Kabupaten Polewali Mandar,Sulawesi Barat
ChIJc74mCACxeTIRwMFfFBaWYWU,Wisata Alam sungai Karya Bone,"H4G2+QH, Karya Baru, Kec. Dengilo, Kabupaten Pohuwato, Gorontalo, Indonesia",0.5769993999999999,122.1014588,Kabupaten Boalemo,Gorontalo
ChIJWx12mkE4hzIRluyLMmGh6pI,Air Terjun Kandera,"4VQP+XJ3, Touliang, Kec. Kakas, Kabupaten Minahasa, Sulawesi Utara, Indonesia",1.1398888,124.8865556,Kabupaten Minahasa,Sulawesi Utara
ChIJMyJr6NRHhzIRGqOsmDP5mxs,Wale Manguni,"Jl. Pinabetengan, Talikuran, Kec. Tompaso, Kabupaten Minahasa, Sulawesi Utara, Indonesia",1.1828006,124.7926073,Kabupaten Minahasa,Sulawesi Utara
ChIJD44d1rEmjTIRa56qMHiLgpc,Wisata Pantai,"VM8M+QXM, Dalum, Salibabu, Kabupaten Kepulauan Talaud, Sulawesi Utara, Indonesia",3.8669548,126.6849335,Kabupaten Kepulauan Talaud,Sulawesi Utara
ChIJI5LV2gfTni0RmKE0rMHtuyo,Bintang bahari,"C4MH+7H, Ulunambo, Menui Kepulauan, Kabupaten Morowali, Sulawesi Tengah, Indonesia",-3.5668621,123.1289831,Kabupaten Konawe,Sulawesi Tenggara
ChIJM53XOwBjlC0R5G86LmjjnCk,Air terjun STB Kaleok,"HFV5+FG, Kaleok, Kec. Binuang, Kabupaten Polewali Mandar, Sulawesi Barat, Indonesia",-3.4063242,119.4587874,Kabupaten Polewali Mandar,Sulawesi Barat
ChIJsWKYIdgpvy0RJ28IPywIFpw,Wisata Muara Desa Mappakassunggu,"GC78+WG8, Takalar, Kec. Mappakasunggu, Kabupaten Takalar, Sulawesi Selatan 92232, Indonesia",-5.4852042,119.4163341,Kabupaten Takalar,Sulawesi Selatan
ChIJSUYgr1YplC0RJygBss2O3Vo,Air Terjun Sarmasi Leppangeng,"Unnamed Road, 85F2+6C4, Lepangeng, Kec. Pitu Riase, Kabupaten Sidenreng Rappang, Sulawesi Selatan 91691, Indonesia",-3.6769834,120.1510931,Kabupaten Wajo,Sulawesi Selatan
ChIJ4cnLeGYPlC0Rg04SQBMc_Ss,Air Terjun Sitodon,"Sanglepongan, Kec. Curio, Kabupaten Enrekang, Sulawesi Selatan 91754, Indonesia",-3.3367731,119.9650028,Kabupaten Enrekang,Sulawesi Selatan
ChIJm8aZi0B8hS0R75oluGbdeFE,Pegunungan Tokala,"Pegunungan Tokala, Salubiro, Kec. Bungku Utara, Kabupaten Morowali Utara, Sulawesi Tengah, Indonesia",-1.6427778,121.6936111,Kabupaten Morowali Utara,Sulawesi Tengah
ChIJtylgE48seTIRpdfdE3U4Dzg,Sewa Mobil Gorontalo Zahra,"H2GR+PG6, Jalan Potanga, Bulila",0.5767954999999999,123.0412653,Kota Gorontalo,Gorontalo
ChIJweVEHuKPli0RRQXSeFBwRjc,Objek Wisata Mangrove Desa Buriko,"8CG8+Q8H Desa Buriko, Tellesang, Kec. Pitumpanua, Kabupaten Wajo, Sulawesi Selatan 91998, Indonesia",-3.6730564,120.4158442,Kabupaten Wajo,Sulawesi Selatan
ChIJm5WJlsvLhzIRcUwJKXOkGBY,LIHUNU,"Q45X+X6X, Lihunu, Kec. Likupang Tim., Kabupaten Minahasa Utara, Sulawesi Utara, Indonesia",1.7599781,125.1481135,Kabupaten Minahasa Utara,Sulawesi Utara
ChIJxcNfKGRNiS0R4pV3s_hIuOE,Air Terjun Pelangi,"X9F2+WJG, Balinggi, Kec. Balinggi, Kabupaten Parigi Moutong, Sulawesi Tengah 94473, Indonesia",-1.0251795,120.3515718,Kabupaten Tolitoli,Sulawesi Tengah
ChIJtUmQHJLnvi0R18AvmvRRXpU,Bukit Moncong-Moncong (Bulser),"PGV9+W98, Sokkolia, Kec. Bontomarannu, Kabupaten Gowa, Sulawesi Selatan 92171, Indonesia",-5.255212999999999,119.5184574,Kota Makassar,Sulawesi Selatan
ChIJLZxux6jZvi0Rk_efUIuRnsQ,Wisata Danau Satria Panrannuangku,"JF92+3JV, Panrannuangku, Kec. Polombangkeng Utara, Kabupaten Takalar, Sulawesi Selatan 92211, Indonesia",-5.382255,119.451538,Kabupaten Takalar,Sulawesi Selatan
ChIJF16IIAA7vi0RyD5hUAOKoZQ,Air terjun baruttung,"CM2F+5WJ, Jangan-Jangan, Kec. Pujananting, Kabupaten Barru, Sulawesi Selatan 90762, Indonesia",-4.5995417,119.6747683,Kabupaten Pangkajene Dan Kepulauan,Sulawesi Selatan
ChIJ5T-ntMg5vi0RDQjDSViCoyo,Gunung Lantiangoro,"9M53+HMR, Jangan-Jangan, Kec. Pujananting, Kabupaten Barru, Sulawesi Selatan 90762, Indonesia",-4.641024,119.654147,Kabupaten Pangkajene Dan Kepulauan,Sulawesi Selatan
ChIJa5wTr1dplC0RjFCwcrHF-rs,Air Terjun Itto Sarasa,"Unnamed Road, FM9G+FCW, Kaseralau, Kec. Batu Lappa, Kabupaten Pinrang, Sulawesi Selatan 91254, Indonesia",-3.5312535,119.6760645,Kabupaten Enrekang,Sulawesi Selatan
ChIJGw8nDQAtlC0R-A4kiDfuQpE,Wisata Batu Tangnga,"7333+2GM, Batu, Kec. Pitu Riase, Kabupaten Sidenreng Rappang, Sulawesi Selatan, Indonesia",-3.747405,120.0537896,Kabupaten Sidenreng Rappang,Sulawesi Selatan
ChIJ3wpXLwDLlS0RneXn4f9w2Yg,Cahaya Berkah Abadi,"4VPJ+PQX, Damai",-3.8640379,119.8804384,Kabupaten Sidenreng Rappang,Sulawesi Selatan
ChIJ9yOWc_vxvS0RXA13ovr87tA,Eduwisata Mangrove PKP Bone,"G9CJ+62, Waetuo, Kabupaten Bone",-4.4794642,120.3800287,Kabupaten Bone,Sulawesi Selatan
ChIJtR25YQHtlS0RLHPE6d5tLcQ,Minawo 2,"RR9G+65, Tellulimpoe, Kec. Marioriawa, Kabupaten Soppeng, Sulawesi Selatan, Indonesia",-4.181891999999999,119.825411,Kabupaten Barru,Sulawesi Selatan
ChIJZ7rudPqzvi0R0-dH_waMZhg,KOLAM PERMANDIAN BUKIT PELANGI,"FV4V+P5W, Bonto Langkasa, Kec. Bissappu, Kabupaten Bantaeng, Sulawesi Selatan 92451, Indonesia",-5.5431408,119.8929576,Kabupaten Bantaeng,Sulawesi Selatan
ChIJ0wASNQBNuS0ROlpaYUNlgrA,Pantai Tinonnong,"CW72+XVW, Jl. Poros Jeneponto Bantaeng, Tino, Kabupaten Jeneponto",-5.5851969,119.9016567,Kabupaten Bantaeng,Sulawesi Selatan
ChIJmR2Tf-PNuy0RS2hu3ImZh5Q,Pasi Gusung Ecotourism,Bontolebang,-6.108581600000001,120.4262342,Kabupaten Kepulauan Selayar,Sulawesi Selatan
ChIJyQ6DRbPNuy0RDsO4hnSsDXU,Sunset View Mangrove Selayar,Bontolebang,-6.1170335,120.42156,Kabupaten Kepulauan Selayar,Sulawesi Selatan
ChIJmy3UFjU1ui0ROzx4qa-sjeM,Attalia Waterpool,"Attalia Waterpool, Bontobangung",-6.1609796,120.4537717,Kabupaten Kepulauan Selayar,Sulawesi Selatan
ChIJyfpFUgtzlC0Rm4wdarS_bb8,Bukit bau selatan,"MP75+97, Bau Selatan, Kec. Bonggakaradeng, Kabupaten Tana Toraja, Sulawesi Selatan 91873, Indonesia",-3.336505,119.708189,Kabupaten Enrekang,Sulawesi Selatan
ChIJFVJu8-wLlC0R6wgCbK3oC1U,Permandia Matua Baru,"MRVF+5X4, Buntu Sugi, Kec. Alla, Kabupaten Enrekang, Sulawesi Selatan 91754, Indonesia",-3.3071125,119.8249516,Kabupaten Enrekang,Sulawesi Selatan
ChIJbSM7BQArki0RXp3h8kRkBgA,Air Terjun Lena,"948C+JX, Tandung, Kec. Sabbang, Kabupaten Luwu Utara, Sulawesi Selatan, Indonesia",-2.6334187,120.1224665,Kabupaten Luwu Utara,Sulawesi Selatan
ChIJ-b3EhdZDkC0ReMhb-DT54iY,Desa Matano,"H626+CWV, Matano, Kec. Nuha, Kabupaten Luwu Timur, Sulawesi Selatan 92983, Indonesia",-2.4488951,121.2123108,Kabupaten Luwu Timur,Sulawesi Selatan
ChIJQe8S0zpphzIRFo_pljuJqDE,Air Terjun Tutuasan Desa Kauneran,"7Q26+68C, Kiawa Satu Utara, Kec. Kawangkoan Utara, Kabupaten Minahasa, Sulawesi Utara, Indonesia",1.2505502,124.760776,Kabupaten Minahasa,Sulawesi Utara
ChIJgQ_qFwdphzIRxrYwasPbvpM,Air Terjun Teka'an Tincep,"7PGV+Q5F, Jalan, Tincep, Kec. Sonder, Kabupaten Minahasa, Sulawesi Utara, Indonesia",1.2769372,124.7429303,Kabupaten Minahasa,Sulawesi Utara
ChIJGV11bEK5hzIRTealB2C5J-E,Ekowisata Mangrove Desa Bahoi,"P299+6XQ, Bahoi, Kec. Likupang Bar., Kabupaten Minahasa Utara, Sulawesi Utara, Indonesia",1.7180899,125.0199804,Kabupaten Minahasa Utara,Sulawesi Utara
ChIJo64ineyhhzIR0kPlvlZptnM,Paket Wisata Likupang,"Jalan Mapanget Barat, Mapanget",1.5329049,124.9359452,Kota Manado,Sulawesi Utara
ChIJPyMKagBPhzIR8c8BBGIdP5k,LOKASI PENGHIJAUAN PEMKAB MITRA,"4M5Q+XP kebakaran pasca hutan rehabilitasi penanaman Lokasi, Ranomea, Kec. Amurang Tim., Kabupaten Minahasa Selatan, Sulawesi Utara, Indonesia",1.1107344,124.6900874,Kabupaten Minahasa Selatan,Sulawesi Utara
ChIJEQI_L_-TfjIRyhnGv3zCQV4,Air terjun pinosaula,"RH2H+X5G, Huntuk, Kec. Bintauna, Kabupaten Bolaang Mongondow Utara, Sulawesi Utara, Indonesia",0.8024353999999999,123.5779584,Kabupaten Bolaang Mongondow Utara,Sulawesi Utara
ChIJMaWjxG-9izIReQ9baDIUyMs,Taman Wisata Pantai Hesang,"CGV3+95Q, Hesang, Tamako, Kabupaten Kepulauan Sangihe, Sulawesi Utara, Indonesia",3.443461,125.5029698,Kabupaten Kepulauan Sangihe,Sulawesi Utara
ChIJW3KFDtMNiTIRxAxAxMDenY0,Temboko Mini Wisata Siau,"Q999+HVX, Hiung",2.7689993,125.3697287,Kabupaten Kepulauan Siau Tagulandang Biaro,Sulawesi Utara
ChIJRxwBdpvP8jIRmgPgoI9qFjk,Burias,"5RMJ+J97, Desa Alo, Kabupaten Kepulauan Talaud, Sulawesi Utara, Indonesia",4.1840405,126.8309167,Kabupaten Kepulauan Talaud,Sulawesi Utara
ChIJ-Yz6HYXviy0RlhHrZyG-ggc,TAMAN WISATA 9 MATA AIR MEBERE,"Jl. Tekukur No.8, Lasoani, Kec. Palu Tim., Kota Palu, Sulawesi Tengah 94111, Indonesia",-0.902955,119.9084283,Kota Palu,Sulawesi Tengah
ChIJ84Fr6Z7Biy0RXivB_eA43tY,Pantai Bamba,"7V63+RFC, Panau, Kec. Palu Utara, Kota Palu, Sulawesi Tengah 94352, Indonesia",-0.7379344,119.8536368,Kabupaten Donggala,Sulawesi Tengah
ChIJ9RlErBa7iy0RfPinmwBRxAI,tebing sunset bonebula lifutona,"Wisata, tebing sunset libutona, 7MR8+4QW, Towale, Kec. Banawa Tengah, Kabupaten Donggala, Sulawesi Tengah 94351, Indonesia",-0.709634,119.6669413,Kabupaten Donggala,Sulawesi Tengah
ChIJQ-BSGfALgy0R-IuKDtGAk8s,Paisupuso Jaya,"CG54+7MH, Lompio",-1.5918029,123.5067203,Kabupaten Banggai Kepulauan,Sulawesi Tengah
ChIJGVjTSACngy0Re9SFpHcwJw0,Pantai Amine wa Myriem,"GH56+63, Lokotoy, Kab. Banggai Laut",-1.4924212,123.5600966,Kabupaten Banggai Kepulauan,Sulawesi Tengah
ChIJww1hZgD7mC0RvNzwwNfpVho,Pantai Batharagala,"5FW8+C9P, Motui, Kabupaten Konawe Utara, Sulawesi Tenggara 93352, Indonesia",-3.8039163,122.4659412,Kabupaten Konawe,Sulawesi Tenggara
ChIJQ54YEwD1ly0Ri7YqyQNUCQ4,wisata mini kolong jembatan,"XH8V+8HR, Sakuli, Kec. Latambaga, Kabupaten Kolaka, Sulawesi Tenggara, Indonesia",-4.034149999999999,121.5939023,Kabupaten Kolaka,Sulawesi Tenggara
ChIJcXpbYKbnoi0R895awBGeV24,Pantai Lantowua (small beach public),"72FM+5PX, Lantowua, Kabupaten Bombana, Sulawesi Tenggara, Indonesia",-4.7270125,122.0343594,Kabupaten Muna Barat,Sulawesi Tenggara
ChIJE-GdC4BFoy0RIHL_01mKdyY,Pemandian Vatu Meleve Lakambula,"PRFR+WX4, Teomokole, Kec. Kabaena, Kabupaten Bombana, Sulawesi Tenggara 93781, Indonesia",-5.275237199999999,121.8424655,Kabupaten Bombana,Sulawesi Tenggara
ChIJK5ZgtBtVoi0RS_lKrSwMReI,Danau Cut Nyak Dien,"59JV+765, Mekar Jaya, Tiworo Tengah, Kabupaten Muna, Sulawesi Tenggara 93653, Indonesia",-4.819366,122.3931161,Kabupaten Muna,Sulawesi Tenggara
ChIJv6ROLQCXoy0R8klU65zxw3c,Danau Moko 4,"RHPM+GH, Fongkaniwa, Kec. Tongkuno, Kabupaten Muna, Sulawesi Tenggara, Indonesia",-5.1636628,122.5839921,Kabupaten Buton Tengah,Sulawesi Tenggara
ChIJn1O8_p27oy0RX2vXZfPRSb0,Keraton Kerajaan Muna,"2JF5+X6W, Lakologou, Kec. Tongkuno, Kabupaten Muna, Sulawesi Tenggara 93352, Indonesia",-4.975015,122.6080916,Kabupaten Buton Tengah,Sulawesi Tenggara
ChIJr1YoTci9oy0RcVku8rD2yJM,Benteng Liamokute,"Unnamed Road, VHMJ+4WV, Lamorende, Kec. Tongkuno, Kabupaten Muna, Sulawesi Tenggara 93662, Indonesia",-5.1171266,122.5822876,Kabupaten Buton Tengah,Sulawesi Tenggara
ChIJN4ZeCc6Hoy0RJB-6qOPkaW8,Danau Pasi Bungi,"JFF5+XP, Wantopi, Mawasangka Tim., Kabupaten Buton, Sulawesi Tenggara 93762, Indonesia",-5.3750146,122.4593257,Kabupaten Buton Selatan,Sulawesi Tenggara
ChIJb60SJUoVpC0RjPeBC7QpucU,"Bukit Lambaulele, Desa Lapandewa, Kec. Lapandewa, Kab. Buton Selatan","8QVC+9QQ, Gaya Baru, Kec. Lapandewa, Kabupaten Buton, Sulawesi Tenggara, Indonesia",-5.6565343,122.771972,Kabupaten Buton,Sulawesi Tenggara
ChIJL5vZkBoPpy0R6lihlcZiPrI,Pantai Hongaha,"Kulati, Kec. Tomia Tim., Kabupaten Wakatobi, Sulawesi Tenggara 93797, Indonesia",-5.754980199999999,123.9911392,Kabupaten Wakatobi,Sulawesi Tenggara
ChIJaUtX4uB_jS0R-w4JjNzS_F0,Waduk Bukit Cinta,"3, Tobadak, Kec. Tobadak, Kabupaten Mamuju Tengah, Sulawesi Barat 91461, Indonesia",-2.0939242,119.3765898,Kabupaten Mamuju,Sulawesi Barat
ChIJJ5-ls1NjjS0Rl_meRDXoCx4,Pantai Kire,"V59R+MR, Kire, Kec. Budong-Budong, Kabupaten Mamuju, Sulawesi Barat 91563, Indonesia",-2.1299996,119.1914332,Kabupaten Mamuju,Sulawesi Barat
ChIJ5cIZTQC9lC0Rz2F4mGV9to0,Lorong Lembang Bunga,"GXXX+62Q, Lembang Lembang, Kabupaten Polewali Mandar",-3.452203,118.99787,Kabupaten Majene,Sulawesi Barat
ChIJR_mlZqfjeDIRUddXIAJCJDU,Wisata Bahari Bakiyaluli,"FHX4+6J4, Bangga, Kec. Paguyaman Pantai, Kabupaten Boalemo, Gorontalo, Indonesia",0.4980208999999999,122.5565709,Kabupaten Gorontalo,Gorontalo
ChIJLytlIIWddzIRZ1lzDpqREpA,Home Stay Mutiara Laut,"Desa wisata, Torosiaje, Popayato, Kabupaten Pohuwato, Gorontalo, Indonesia",0.4735604,121.4371466,Kabupaten Buol,Sulawesi Tengah
ChIJ5z2Pz4-MlS0Rd_yrHUBIyYc,Coppo Tille,"Coppo Tille, Kamiri, Kec. Balusu, Kabupaten Barru, Sulawesi Selatan, Indonesia",-4.3125,119.7533333,Kabupaten Barru,Sulawesi Selatan
ChIJ28vG-xzVlS0RSnNNlWU0Gl0,Desa Wisata Jembatan Pelangi Lagading Kab. Sidenreng Rappang,"Lagading, Kec. Pitu Riase, Kabupaten Sidenreng Rappang, Sulawesi Selatan 91691, Indonesia",-3.8346984,120.0766298,Kabupaten Sidenreng Rappang,Sulawesi Selatan
ChIJ3zjZuf_1lS0Rli7R7JPgOzQ,Puncak bitung,"JVCF+8M, Lalabata Rilau, Kec. Lalabata, Kabupaten Soppeng, Sulawesi Selatan, Indonesia",-4.378589,119.873284,Kabupaten Barru,Sulawesi Selatan
ChIJkZ9cYywbhzIReYmRs4g_lzo,Lake Seper,"928W+F2G, Kawiley, Kec. Kauditan, Kabupaten Minahasa Utara, Sulawesi Utara, Indonesia",1.3661875,125.0450781,Kabupaten Minahasa,Sulawesi Utara
ChIJl7TsXUoXfjIRju-S-XZq6us,Pomantowan Passi,"Passi No.2, Lobong, Kabupaten Bolaang Mongondow",0.7500335,124.2757987,Kabupaten Bolaang Mongondow,Sulawesi Utara
ChIJKWFdLRS9hzIRtUxCqJwt52s,Wisata Mangrove Park Desa Bulo,"JWX6+RP3, Bulo, Wori, Kabupaten Minahasa Utara, Sulawesi Utara, Indonesia",1.6495124,124.9117925,Kabupaten Minahasa Utara,Sulawesi Utara
ChIJiSomVwBjfjIR7NMJnX3AJGI,Pantai El-Shaddai,"RVQJ+C2R, Jl. Trans Sulawesi, Babo, Kec. Sangtombolang, Kabupaten Bolaang Mongondow, Sulawesi Utara, Indonesia",0.8391192,123.8798239,Kabupaten Bolaang Mongondow,Sulawesi Utara
ChIJ13r9lUWDgDIRIsmBUjquFZM,PuLau Laga,"HHF8+G9X, Iyok, Kec. Nuangan, Kabupaten Bolaang Mongondow Timur, Sulawesi Utara, Indonesia",0.57387,124.5659907,Kabupaten Bolaang Mongondow Timur,Sulawesi Utara
ChIJyfZ9GgB1izIRR6rRHSBwFbQ,Pantai pemamengketang,"JH6Q+JJ4, Rendingan, Kec. Tabukan Tengah, Kabupaten Kepulauan Sangihe, Sulawesi Utara, Indonesia",3.6115236,125.5890844,Kabupaten Kepulauan Sangihe,Sulawesi Utara
ChIJDTB8NVRzizIRzH3RDsRzd6Q,Bado White Sand Beach,"Bado White Sand Beach, South Petta, North Tabukan, Sangihe Islands Regency, North Sulawesi, Indonesia",3.6487657,125.569903,Kabupaten Kepulauan Sangihe,Sulawesi Utara
ChIJK_wLAg3d8jIRhhyLEGIVGL4,Nusa dolong,Nusa Dolong,4.2835911,126.6991606,Kabupaten Kepulauan Talaud,Sulawesi Utara
ChIJgxSMQla7iy0Ru9iX97PuQRY,Bolo lia 1,"7MV9+GQ, Towale, Kec. Banawa Tengah, Kabupaten Donggala, Sulawesi Tengah, Indonesia",-0.7062309,119.6694092,Kabupaten Donggala,Sulawesi Tengah
ChIJd-uKwBdMiS0R72YC2T-r4XQ,Objek Wisata Gunung Batu Kapal,"2C67+HJG, Suli, Kec. Balinggi, Kabupaten Parigi Moutong, Sulawesi Tengah 94473, Indonesia",-0.9885501,120.4140735,Kabupaten Parigi Moutong,Sulawesi Tengah
ChIJg-T0ndVfmi0RoLUG-0k0pC0,Bukit Matean Tina,"82J4+99Q, Geresa, Kec. Bungku Tengah, Kabupaten Morowali, Sulawesi Tengah 94973, Indonesia",-2.6690379,122.006,Kabupaten Morowali,Sulawesi Tengah
ChIJrXWBA6ehhi0RLX0Qx3wD5I4,Bukit Langit Kota Luwuk,"2QWJ+55, Kompo, Kec. Luwuk Selatan, Kabupaten Banggai, Sulawesi Tengah, Indonesia",-0.954591,122.780427,Kabupaten Banggai Laut,Sulawesi Tengah
ChIJgUqTs2W_cDIRRcHW4_fbQsY,Kelapa Cabang,"7848+C3W, Jl. Buol - Tolitoli, Tuinan, Kec. Lakea, Kabupaten Buol, Sulawesi Tengah 94563, Indonesia",1.2561116,121.3151976,Kabupaten Buol,Sulawesi Tengah
ChIJ6SjWCACNmC0Ry0XPhvujGkA,POCI,"XGF8+XV4, Lepo-Lepo",-4.025104499999999,122.5172061,Kota Kendari,Sulawesi Tenggara
ChIJe9SgYANxpC0R56OpvWJ67P8,Pantai Topa Sulaa,"FHW5+4MW, Sulaa, Kec. Betoambari, Kota Bau-Bau, Sulawesi Tenggara, Indonesia",-5.5042855,122.5585805,Kota Baubau,Sulawesi Tenggara
ChIJ-UlF3FRxpC0R5kE3qpnRKV4,Tebing ujung kota,"FHH7+C9V, Sulaa, Kota Bau-Bau",-5.521389,122.5634326,Kota Baubau,Sulawesi Tenggara
ChIJfckLVxopvS0RSdm5qwfcwUc,Basa island - Bombana,"5G65+VQC, Kec. Poleang, Kabupaten Bombana, Sulawesi Tenggara, Indonesia",-4.8378019,121.5093848,Kabupaten Bombana,Sulawesi Tenggara
ChIJh4ewGgDhoi0RavisnN-txpo,Pantai Toromaginti,"43XF+GP, Mawar, Mata Oleo, Kabupaten Bombana, Sulawesi Tenggara, Indonesia",-4.8511875,122.0743125,Kabupaten Muna Barat,Sulawesi Tenggara
ChIJq4BZegA5oy0RS6CZqdhUeGw,Landuli,"RVXG+X7, Tedubara",-5.150111,121.8757468,Kabupaten Bombana,Sulawesi Tenggara
ChIJ0f09HQDJoy0RyR-mX5NQbQc,Danau Ubur-ubur,"4Q26+9J, Lohia, Kec. Lohia, Kabupaten Muna, Sulawesi Tenggara, Indonesia",-4.899045999999999,122.761567,Kabupaten Muna,Sulawesi Tenggara
ChIJvSvBGwc1oi0RhVCOI8FIess,BAT-BAT RAHA (Motewe),"5PWQ+4RC, Motewe",-4.8046865,122.7395109,Kabupaten Buton Utara,Sulawesi Tenggara
ChIJDc89QXINpC0R36MB97gwVVI,Perahu diatas batu,"8P7C+C9M, Kec. Sampolawa, Kabupaten Buton, Sulawesi Tenggara, Indonesia",-5.6864186,122.7209353,Kabupaten Buton,Sulawesi Tenggara
ChIJC0WJ3wMVpC0RhY2HK0hemzM,Waburi Park Gazebo,"8QP7+MVC, Gaya Baru, Kabupaten Buton",-5.6633065,122.7646295,Kabupaten Buton,Sulawesi Tenggara
ChIJh8iiDAWDoS0ROMWTxqQjmBM,Matantahi,"757C+2M, Eelahaji, Kec. Kulisusu, Kabupaten Buton Utara, Sulawesi Tenggara, Indonesia",-4.737384899999999,123.1717275,Kabupaten Buton Utara,Sulawesi Tenggara
ChIJz5afYJ8bpy0RVuHPy6pDX1c,Benteng Patua Tomia,"7W9H+Q8P, Patua, Tomia, Kabupaten Wakatobi, Sulawesi Tenggara 93793, Indonesia",-5.7305433,123.9283173,Kabupaten Wakatobi,Sulawesi Tenggara
ChIJIW4zbqsLky0RBMZvN6yActo,Hutan Pinus Lenong,"Unnamed Road, 39HP+GMH, Rambusaratu, Kec. Mamasa, Kabupaten Mamasa, Sulawesi Barat 91362, Indonesia",-2.9211891,119.3867356,Kabupaten Mamasa,Sulawesi Barat
ChIJGWRmMP8Lky0R5M72X9CRwGo,Kampung Wisata KBS,"Dusun burri, Pebassian, Kabupaten Mamasa",-2.9794851,119.3374944,Kabupaten Mamasa,Sulawesi Barat
ChIJF208k4HVvi0RT3_Og0nTZek,Green Topejawa Coastal,"FCPM+488, Topejawa, Kec. Mangarabombang, Kabupaten Takalar, Sulawesi Selatan 92261, Indonesia",-5.514596699999999,119.4335854,Kabupaten Takalar,Sulawesi Selatan
ChIJtQxpIjhPvi0R9mv0kGGTet4,gunung Nusantara,"5HR8+WM4, Sapanang, Kec. Bungoro, Kabupaten Pangkajene Dan Kepulauan, Sulawesi Selatan, Indonesia",-4.807746499999999,119.5667098,Kabupaten Pangkajene Dan Kepulauan,Sulawesi Selatan
ChIJT7FZ1FKylS0RrBagZrSTLTo,Bulu Manarang,"Bulu Manarang, Padaidi, Kec. Mattiro Bulu, Kabupaten Pinrang, Sulawesi Selatan, Indonesia",-3.8663889,119.6497222,Kabupaten Pinrang,Sulawesi Selatan
ChIJA5V-_LK1vi0R1GVeJ-pFF68,Lembah Impian Poti’tanayya,"Bontomanai, Kabupaten Jeneponto",-5.492549100000001,119.8390704,Kabupaten Bantaeng,Sulawesi Selatan
ChIJvd_DB-fdky0RpPsjrIix5a4,Gunung Tibembeng,"4244+2G8, Ilan Batu, Kec. Balusu, Kabupaten Toraja Utara, Sulawesi Selatan 91951, Indonesia",-2.8949633,120.0063267,Kabupaten Toraja Utara,Sulawesi Selatan
ChIJ3UEZT1sVlC0Rq9zzjtwvcqQ,Permandian Likubassi,"FRF6+J9, Tokkonan",-3.5259375,119.8109375,Kabupaten Enrekang,Sulawesi Selatan
ChIJr37CY5mzli0R4sbe7wWJYiU,Pantai Wisata Desa To'bia,"PCF6+V7R, Pantai, To'bia, Kec. Ponrang Sel., Kabupaten Luwu, Sulawesi Selatan, Indonesia",-3.2752596,120.4106344,Kabupaten Luwu,Sulawesi Selatan
ChIJuYVp92ybli0R0m11D_C3sp0,Air Terjun Bilatu,"98C4+HFG, Palakka, Kec. Larompong Sel., Kabupaten Luwu, Sulawesi Selatan 91998, Indonesia",-3.6285665,120.306215,Kabupaten Wajo,Sulawesi Selatan
ChIJm-qrh-ifhzIRAqG-FN8a1bA,Teluk Manado,"Tlk. Manado, Indonesia",1.511981,124.8432565,Kota Manado,Sulawesi Utara
ChIJbVROo709fjIRsMrshMUfcmo,Hutan Kota Bonawang Kotamobagu,"Mongkonai Bar., Kec. Kotamobagu Bar., Kota Kotamobagu, Sulawesi Utara 95716, Indonesia",0.7396874999999999,124.2824084,Kota Kotamobagu,Sulawesi Utara
ChIJ27_Aqsh6hzIR4FmJqPWHwbo,Air Terjun Mangatasik,"9MP5+M6W, Ranowangko, Kec. Tombariri, Kabupaten Minahasa, Sulawesi Utara, Indonesia",1.3867259,124.6580686,Kabupaten Minahasa,Sulawesi Utara
ChIJSSe05taegDIRjOy9G3hG6lU,"Gereja GMIBM Bukit Sion Dodap, Bersatu","PH6Q+HMP, Dodap, Kec. Tutuyan, Kabupaten Bolaang Mongondow Timur, Sulawesi Utara, Indonesia",0.7114520999999999,124.5892071,Kabupaten Bolaang Mongondow Timur,Sulawesi Utara
ChIJgywosZEJizIR6XTzJKIWqj8,Tahuna Waterpark & Sport Center,"Santiago, Kabupaten Kepulauan Sangihe",3.6150692,125.4628835,Kabupaten Kepulauan Sangihe,Sulawesi Utara
ChIJ__KKOADtiy0RCnwVWNKnjEk,Wisata Pantai Talise Palu,"4VPH+97P, Jl. Kp. Nelayan, Talise, Kec. Mantikulore, Kota Palu, Sulawesi Tengah, Indonesia",-0.8640409000000001,119.8782075,Kota Palu,Sulawesi Tengah
ChIJbwIrzXbDdTIR5Bm916EG4hs,Bendungan Desa Malonas Kec. Dampelas Kab. Donggala,"7WCV+F9, Malonas, Kec. Damsol, Kabupaten Donggala, Sulawesi Tengah 94356, Indonesia",0.2711875,119.9434375,Kabupaten Parigi Moutong,Sulawesi Tengah
ChIJ8crCUPpFji0RfzGmNHuXiPQ,Goa tangkaboba,"6JQW+9W4, Tentena, Pamona Pusalemba, Kabupaten Poso, Sulawesi Tengah 94663, Indonesia",-1.7616051,120.647341,Kabupaten Poso,Sulawesi Tengah
ChIJt8As-G7Dji0RVtvibKsCH1M,Tonomini wisata,"MJWH+GWH, Jl. Trans Sulawesi, Tokorondo, Kabupaten Poso",-1.3036955,120.6298413,Kabupaten Poso,Sulawesi Tengah
ChIJr2zM95Trjy0RsznvWMzNacU,Pantai Nikel Laterit,"489P+P26, Ganda Ganda, Kabupaten Morowali, Sulawesi Tengah, Indonesia",-1.8807178,121.3350248,Kabupaten Morowali Utara,Sulawesi Tengah
ChIJQ9cGwD53pC0RL8WZrovH9Hk,Tanggul Khayal,Alun-Alun KOTAMARA,-5.454824299999999,122.6009638,Kota Baubau,Sulawesi Tenggara
ChIJp8UjD--foi0RocSpFhU8xR0,Wisata Alam Lambandia,"Unnamed Road, J2Q7+9H6, Lambandia, Lalembuu, Kabupaten Konawe Selatan, Sulawesi Tenggara 93885, Indonesia",-4.361579499999999,122.0138993,Kabupaten Konawe Selatan,Sulawesi Tenggara
ChIJJcfDIOQNmS0R5lNOjuzDJqU,Twin Lagoon,"FCWW+JPH, Labengi, Kec. Lasolo, Kabupaten Konawe Utara, Sulawesi Tenggara 93352, Indonesia",-3.5034362,122.4468451,Kabupaten Konawe,Sulawesi Tenggara
ChIJZdf3RiiTly0RzNpDDiMBzcI,PANTAI KEI-KEI,"Kaloloa, Kec. Samaturu, Kabupaten Kolaka, Sulawesi Tenggara, Indonesia",-3.9961765,121.3609886,Kabupaten Kolaka,Sulawesi Tenggara
ChIJRWmI1_rBoy0RYTVU0B3LI_4,Pantai Tampunabale,"XQ65+WF3, Tampunabale, Kec. Pasi Kolaga, Kabupaten Muna, Sulawesi Tenggara 93674, Indonesia",-5.0384185,122.7583786,Kabupaten Buton Tengah,Sulawesi Tenggara
ChIJgWldj1WJoy0RAxEWA62mkUg,Cliff One Waara,"JHFV+447, One Waara, Kec. Lakudo, Kabupaten Buton, Sulawesi Tenggara, Indonesia",-5.377208299999999,122.5928058,Kabupaten Buton Selatan,Sulawesi Tenggara
ChIJM0L3flHZki0RozZgHB22YNM,Gong Perdamaian Nusantara - Mamuju,Jalan Yos Sudarso No.13,-2.6709099,118.8896116,Kabupaten Mamuju,Sulawesi Barat
ChIJ1WBI7NqJlC0RAr7RBuwSOvs,Anjungan Pantai Kota Polewali,"H86X+9P8, Polewali, Kec. Polewali, Kabupaten Polewali Mandar, Sulawesi Barat, Indonesia",-3.4390785,119.3493231,Kabupaten Polewali Mandar,Sulawesi Barat
ChIJu8ReMQCFeTIRtIdn07In98k,Air Terjun Didingga,"W6QV+PMR, Potanga, Kec. Tolinggula, Kabupaten Gorontalo Utara, Gorontalo 96524, Indonesia",0.9393654,122.2441458,Kabupaten Gorontalo Utara,Gorontalo
ChIJySjZ2-dFlC0RwxJJ_Q3M5eE,Permainan alam bainang,"8JW3+4R, Katomporang, Kec. Duampanua, Kabupaten Pinrang, Sulawesi Selatan 91253, Indonesia",-3.6546875,119.6045625,Kabupaten Pinrang,Sulawesi Selatan
ChIJrc9sV833lS0RBuabe956T3c,Spot foto ladang jagung Bukit Jati,"JVFQ+V7, Lalabata Rilau, Kec. Lalabata, Kabupaten Soppeng, Sulawesi Selatan, Indonesia",-4.3753125,119.8881875,Kabupaten Barru,Sulawesi Selatan
ChIJk7WKhZKPkS0RjO5BkDhTZrk,Buntu Balebo,"Buntu Balebo, Kamiri, Kec. Masamba, Kabupaten Luwu Utara, Sulawesi Selatan, Indonesia",-2.5272222,120.3180556,Kabupaten Luwu Utara,Sulawesi Selatan
ChIJx4GqHmzhky0R00Vvy7DnHcM,WISATA GOA KALO DEWATA,"24MW+3FP, Battang, Kota Palopo",-2.96729,120.1461957,Kabupaten Toraja Utara,Sulawesi Selatan
ChIJfbHFoTv3fTIRnOgkSeWpD5Q,PANTAI SIDATE PAKUWERU,"5CQG+FV, Pakuweru, Kabupaten Minahasa Selatan, Sulawesi Utara, Indonesia",1.18866,124.4271354,Kabupaten Minahasa Selatan,Sulawesi Utara
ChIJdfDCEQBNhzIRQBPNLuQqopo,Puncak Keletambal,Kuyanga,1.0184811,124.6884157,Kabupaten Minahasa Selatan,Sulawesi Utara
ChIJG0mn5zP1iy0RkqiSFZ8WitM,Kawasan Wisata Sou Bauta,"XV7F+MR8, Kawasan Wisata, Kaleke, Kabupaten Sigi",-1.035837,119.874592,Kabupaten Pasangkayu,Sulawesi Barat
ChIJF5Mo7y-Pgy0RpHQzBU5Agvk,Mangrove Ambelang,"Desa, Ambelang, Tinangkung, Kabupaten Banggai Kepulauan, Sulawesi Tengah 94885, Indonesia",-1.4009002,123.2439708,Kabupaten Banggai Kepulauan,Sulawesi Tengah
ChIJV_bX9LoFly0RxRkd6TZJjf8,Air Terjun Torotuo,"924F+FVF, Torotuo, Kecamatan Rante Angin, Kabupaten Kolaka Utara, Sulawesi Tenggara 93956, Indonesia",-3.6438029,121.0246839,Kabupaten Kolaka Utara,Sulawesi Tenggara
ChIJQ2SCG4PJoy0RkAE81fSK39I,Danau Moko Putih,"3QX6+72X, Lohia, Kec. Lohia, Kabupaten Muna, Sulawesi Tenggara 93658, Indonesia",-4.9017721,122.7600972,Kabupaten Buton Tengah,Sulawesi Tenggara
ChIJW4EtBACVlC0RkvC1fz398fE,Pantai Galetto,"F2RX+5W, Karama, Kabupaten Polewali Mandar",-3.509523,119.04977,Kabupaten Polewali Mandar,Sulawesi Barat
ChIJFZ6KqVxRvi0RTsYMfZRP8kE,Dermaga Padaria,"3GW9+PJ6, Ampekale, Kec. Bontoa, Kabupaten Maros, Sulawesi Selatan, Indonesia",-4.9032085,119.5190198,Kabupaten Pangkajene Dan Kepulauan,Sulawesi Selatan
ChIJf4iAKCTXvi0R-mmoSfTS92o,Moncong Peda,"Moncong Peda, Bontokadatto, Kec. Polombangkeng Sel., Kabupaten Takalar, Sulawesi Selatan, Indonesia",-5.466666699999999,119.4955556,Kabupaten Takalar,Sulawesi Selatan
ChIJD1dWpSyjvi0RQEnjpOZHOko,Puncak lurayya,"Unnamed Road, M2C5+WJM, Kindang, Kec. Kindang, Kabupaten Bulukumba, Sulawesi Selatan 92662, Indonesia",-5.327666,120.0090595,Kabupaten Gowa,Sulawesi Selatan
ChIJGURbBR_rky0RgeX5XqJVsgI,Air Terjun Salu Kata,"XRV7+QP7, Piongan, Kec. Dende' Piongan Napo, Kabupaten Toraja Utara, Sulawesi Selatan 91862, Indonesia",-3.0055754,119.8142914,Kabupaten Tana Toraja,Sulawesi Selatan
ChIJ5e4if5JZkC0R_yokFhjhKmM,Wisata Kapal Karam Balantang,"935J+HV7, Jl. Lure, Balantang, Malili, East Luwu Regency, South Sulawesi 92933, Indonesia",-2.64108,121.082169,Kabupaten Luwu Timur,Sulawesi Selatan
ChIJrQaTPF29iy0RwNU27SB23a4,KTM Landevaso,"Jln. Trans Sulawesi, Tosale",-0.7690387000000001,119.6806668,Kabupaten Donggala,Sulawesi Tengah
ChIJV7PHQTjfiy0RokVmLDPdTUA,"Pantai Bolinaso, Desa Pelawa Baru","7439+FFM, Jl. Trans Sulawesi, Pelawa, Kec. Parigi Tengah, Kabupaten Parigi Moutong, Sulawesi Tengah, Indonesia",-0.7462891,120.1186766,Kabupaten Donggala,Sulawesi Tengah
ChIJMftu-PZhmi0Rp3IzA231r9A,Hutan Pinus Lantongke,"8W8Q+RF5, Ululere, Kec. Bungku Timur, Kabupaten Morowali, Sulawesi Tengah 94973, Indonesia",-2.6829942,121.9387478,Kabupaten Morowali,Sulawesi Tengah
ChIJ56DFHgChmC0R_GBg3hqG39k,DANAU HITAM,"QQ96+96, Ulusena Jaya, Kec. Kolono, Kabupaten Konawe Selatan, Sulawesi Tenggara, Indonesia",-4.2316093,122.7605911,Kabupaten Konawe Kepulauan,Sulawesi Tenggara
ChIJy93kO24llC0Rw1B3Z-LnR6Y,Wisata Alam Air Terjun Teppok,"92CH+776, Tanatoro, Kec. Pitu Riase, Kabupaten Sidenreng Rappang, Sulawesi Selatan 91691, Indonesia",-3.6293442,120.0281453,Kabupaten Enrekang,Sulawesi Selatan
ChIJ__JTIADvlS0R1dzHETn_4KQ,Floating Houses Tempe Lake,"RXCF+W5W, Siengkang",-4.1776353,119.9729434,Kabupaten Soppeng,Sulawesi Selatan
ChIJc8XmCnibvi0Rffz8UTZhj5k,air terjun taddolli,"Bar., V334+9G3, Turungan Baji, Kec. Sinjai Bar., Kabupaten Sinjai, Sulawesi Selatan 92653, Indonesia",-5.1466075,120.0563078,Kabupaten Sinjai,Sulawesi Selatan
ChIJi4kYmGpBlC0R1a6kYDALuPc,Buttu Lanjanan,"FQ34+VPJ, Karueng",-3.5452761,119.7567577,Kabupaten Enrekang,Sulawesi Selatan
ChIJgxkBeUJvkS0RlpFaR6QjkRk,Lante-lante,"Bar, Pao, Kec. Malangke Bar., Kabupaten Luwu Utara, Sulawesi Selatan, Indonesia",-2.8646462,120.3584902,Kabupaten Luwu,Sulawesi Selatan
ChIJe_65uPE9fjIRF-OEbvUkPdM,UD. divo sejaterah🌽,Matali,0.7228338,124.3158643,Kota Kotamobagu,Sulawesi Utara
ChIJn03_L9YJizIRGjMW6beSCC8,Pantai Ria Kolongan Beha,"JCPG+7WX, Kolongan Beha, Kabupaten Kepulauan Sangihe",3.6357391,125.4273472,Kabupaten Kepulauan Sangihe,Sulawesi Utara
ChIJM63vxJwhkC0RVSPAnd73aXo,Wisata alam panapa,"Unnamed Road, R6V2+P7P, Wawopada, Kec. Lembo, Kabupaten Morowali Utara, Sulawesi Tengah 94966, Indonesia",-2.1556711,121.2007156,Kabupaten Luwu Timur,Sulawesi Selatan
ChIJ1YnolKIPpC0RqDbTezlqGhU,Pantai kasosona,"FVH7+PQV, Wagola, Kabupaten Buton",-5.5206421,122.8644295,Kabupaten Buton,Sulawesi Tenggara
ChIJ8Y79eFlppC0Rrt1_kzTtxrE,Bukit Emot,"9G8W+P6, Karae, Kec. Siompu, Kabupaten Buton, Sulawesi Tenggara 93752, Indonesia",-5.633151,122.545534,Kabupaten Buton Selatan,Sulawesi Tenggara
ChIJYxH-Iw_jki0RKxFZgDRBa5I,Bukit Peca,"9534+MG5, Jl. Poros Mamuju-Mamasa, Keang, Kec. Kalukku, Kabupaten Mamuju, Sulawesi Barat 91561, Indonesia",-2.6458605,119.1563585,Kabupaten Mamasa,Sulawesi Barat
ChIJbyK3VL1PeTIRmPCtqULfFDM,Pantai Gudang Arang,"VW59+M9F, Jl. Gudang Arang, Dambalo, Kec. Kwandang, Kabupaten Gorontalo Utara, Gorontalo, Indonesia",0.859185,122.9184357,Kabupaten Gorontalo Utara,Gorontalo
ChIJAWVKF3K9lS0RhTWjveEdSfI,Gunung bacukiki,"WMR9+9Q, WT. Bacukiki, Kec. Bacukiki, Kota Parepare, Sulawesi Selatan 91121, Indonesia",-4.0591183,119.6694243,Kota Parepare,Sulawesi Selatan
ChIJ29vuifMlvC0RPUTJAmXvzUw,Bukit Tongke Tongke ( Camping),"R7V7+M44 Tim, Tongke-Tongke, Kec. Sinjai Tim., Kabupaten Sinjai, Sulawesi Selatan, Indonesia",-5.1558524,120.2628158,Kabupaten Sinjai,Sulawesi Selatan
ChIJKZvuEQBzhzIR3_O_dvck6A8,Air Terjun Regesan Tinoor,"9RHJ+76J, Tinoor Satu, Kec. Tomohon Utara, Kota Tomohon, Sulawesi Utara, Indonesia",1.3782114,124.831298,Kota Tomohon,Sulawesi Utara
ChIJa-LXDTSjizIRQBam-7YmngM,GPDI Bukit Zaitun Hesang,"CGX6+GF2, Hesang, Tamako, Kabupaten Kepulauan Sangihe, Sulawesi Utara, Indonesia",3.4487599,125.5111384,Kabupaten Kepulauan Sangihe,Sulawesi Utara
ChIJaQ1S2DXB8jIRH8d81wtKZbc,Pantai paranti Tabang,"7V6X+R7P, Kabupaten Kepulauan Talaud",4.2620875,126.8982031,Kabupaten Kepulauan Talaud,Sulawesi Utara
ChIJD1iqDEq9iy0ROX1XgTdmqQM,Pantai Pompole Tosale,"6MM9+JWQ, Tosale, Kec. Banawa Sel., Kabupaten Donggala, Sulawesi Tengah 94351, Indonesia",-0.7659157999999999,119.6698646,Kabupaten Donggala,Sulawesi Tengah
ChIJyanaEADfiy0RqQTBi7_7KAI,Bukit Eksis Matolele,"63RW+H4G, Matolele, Kec. Parigi Tengah, Kabupaten Parigi Moutong, Sulawesi Tengah, Indonesia",-0.7585611999999999,120.0953226,Kabupaten Donggala,Sulawesi Tengah
ChIJ52Wj0Gpfmi0RHfaEVUQjzTc,Tempat santai,"Unnamed Road, 8274+9QF, Kolono, Kec. Bungku Tengah, Kabupaten Morowali, Sulawesi Tengah 94973, Indonesia",-2.68656,122.006913,Kabupaten Morowali,Sulawesi Tengah
ChIJnRr4CQSlmi0R6yKMXN0BtJ8,Goa desa topogaro,"Tofogaro, Kec. Bungku Bar., Kabupaten Morowali, Sulawesi Tengah, Indonesia",-2.2903049,121.7708337,Kabupaten Morowali,Sulawesi Tengah
ChIJBaBbYgC1mC0RQ0l57J3TcmU,Tugu Lingkaran Hati Emas,"XXGR+6PV, Langara Laut, Konawe Kepulauan",-4.0243771,122.9917911,Kabupaten Konawe Kepulauan,Sulawesi Tenggara
ChIJX6aDJSRHeTIRs4m59jmq3jI,Pantai Ilodulunga,"RR9J+H82, Tolongio, Kec. Anggrek, Kabupaten Gorontalo Utara, Gorontalo, Indonesia",0.8188867,122.8307748,Kabupaten Gorontalo Utara,Gorontalo
ChIJU0mBSkyxvi0RIyXEjY30W6k,Wisata Paccumikang,"HW99+4WG, Paccumikang Desa, Jenetallasa, Kabupaten Jeneponto",-5.432176699999999,119.91982,Kabupaten Bantaeng,Sulawesi Selatan
ChIJ07stpFK3vi0Rtqa6Ce9u-vQ,Air Terjun Galung Paleng,"GVC3+6MP, Pallantikang, Kec. Rumbia, Kabupaten Jeneponto, Sulawesi Selatan 92371, Indonesia",-5.479388399999999,119.8554228,Kabupaten Bantaeng,Sulawesi Selatan
ChIJTcqFh6ALjC0RP-nR4tsyHAA,Air terjun salubi,"VVV7+Q6G, Jono, Kec. Dolo Sel., Kabupaten Sigi, Sulawesi Tengah, Indonesia",-1.105554,119.8630654,Kabupaten Pasangkayu,Sulawesi Barat
ChIJM-XFZwCJki0RFEcZ0owlQp0,Air terjun penonoan,"PC25+46C, Leling Bar., Kec. Tommo, Kabupaten Mamuju, Sulawesi Barat, Indonesia",-2.2996867,119.4080117,Kabupaten Mamuju,Sulawesi Barat
ChIJ6ad9rL6FlC0RQkQe8LonYqg,Buttu Lamba,"Buttu Lamba, Bunga-Bunga, Kec. Matakali, Kabupaten Polewali Mandar, Sulawesi Barat, Indonesia",-3.3858333,119.2963889,Kabupaten Polewali Mandar,Sulawesi Barat
ChIJA7fJCeELii0R2yoDJbm7EHo,Pantai Tambu,"Tambu, Balaesang, Mapane Tambu, Kec. Balaesang, Kabupaten Donggala, Sulawesi Tengah 94355, Indonesia",-0.0397885,119.8735333,Kabupaten Donggala,Sulawesi Tengah
ChIJVfpzbLN1hzIRWEYg5Qz6mwY,Gua Jepang Tikala Kumaraka,"FRPW+FMH, Lawangirung, Kec. Wenang, Kota Manado, Sulawesi Utara, Indonesia",1.4861888,124.8467395,Kota Manado,Sulawesi Utara
