nama_wisata,alamat,rating,jumlah_review,kategori,image,lat,long,place_id,kabupaten,provinsi
Air Terjun Bantimurungnge,"3RM9+8X5, Pattiro Deceng, Kec. Camba, Kabupaten Maros, Sulawesi Selatan 90562, Indonesia",5.0,9,Wisata Alam,https://maps.googleapis.com/maps/api/place/photo?maxwidth=800&photoreference=AU_ZVEEDOJe-HeW1wWUhJ01oayyq-MhmXtsSaEwOTzCMJ7dnO2MG1d_kORpqvRbOlWqeZoTQrztmkdnbL3R1PMuqZo2QwIoHgPsUUvuj6i_WnqZ0eRTPhs1wadB7eXj6R4sGWVFgoQNf8So9oep6i25_2mb5142vWIDfFG1H6773UyrD3RIsQwlMa4hUtQVB7uzIKKf41gw3D3A5ztVZoXVDcxviE_LShUzsjPPBsb6w3VG3H2hW0Kz9x6VlD8538A1MaE3Nw39gQLbOM6j9KrrqTRRLyI-Q3w0wx24CyMv-TDwAZ-ie729csRR2AE2jB5RZtkS-S0QfFj6H0LQH1LP0K8209uILeORlQawLvqknSEWSHUXULf_gG1uR0RtTwftnPpeBohWB5grAEvZoUo6de-P-yOxphVWIUgqgZbznUgIcXw&key=AIzaSyCjh9aj5KcL4_aU4229--ATJhvbcTNPmUk,-4.9167431,119.8199965,ChIJsdlhfr1hvi0RKi_NFhTKIs8,Kabupaten Maros,Sulawesi Selatan
Pantai atapange,"GHGX+PP2, Lalolang, Kec. Tanete Rilau, Kabupaten Barru, Sulawesi Selatan 90761, Indonesia",5.0,9,Wisata Alam,https://maps.googleapis.com/maps/api/place/photo?maxwidth=800&photoreference=AU_ZVEE-8GqfDBceQhl4h-HZcg7htsc14BfChuI5je7kBPvdXj_7E7mE_MhoR6De60-LyJsjRgxodxxyDY3H9DZUMBEcUbP-TXvT46KQX9JRWK66LzDADzX9T01Jw2yPAPgMNQj11ziojFJTsDW7LIH5jXyifubfHvsm_JQknaRKZM7H1sXagfak3mk-GsCYZ14-GNHfPWYVF9Y4NVyIm47yQQd78n5tG9mw4aDOStvyAKK7OaTiehHubOJnemikoF1K6fOaPPPwiSDkKR01PvO8QWNy9HvloEC0t0nKxrooiDEojRkQHOGyXlbMgvW0PE_UrPtY5sez8nL-Dor4LbWbbPUPQOYTWSsdOrR4luYcblr06YzQpqxw3UHJJ_SCua6JkHggRUfrNi0hQNktlImC0rqVf4I6NQOKfS-pbU2Z94WV0ae5&key=AIzaSyCjh9aj5KcL4_aU4229--ATJhvbcTNPmUk,-4.4732264,119.599251,ChIJ39sTxJcpvi0R3J_0EDTrB0I,Kabupaten Barru,Sulawesi Selatan
Bukit Nanas Bette,"CM2W+47, Jangan-Jangan, Kec. Pujananting, Kabupaten Barru, Sulawesi Selatan, Indonesia",5.0,9,Wisata Alam,https://maps.googleapis.com/maps/api/place/photo?maxwidth=800&photoreference=AU_ZVEHYq0lwjDdhaDJ4yJaz2ealXrMeXNpQztWjX1osQfORtuWkBP3bbtJcQpjx4XRiXHPyrRWo_DMvXu9yVEDgBHNn1s4Wn-MEPbCj1oS7KWdX7z3sxioJbVAdmiSJ7swbnly7PbU2rT05ysfLlmQ7cxiF2aWMNnLDEvY-G_F-_4hNnjtuW_xU6Vwp5X0JJmC9IcxQLtbPuUZRfhl2NjOEQdIQE8gSEzFN2JZ7g_SgGseMkGsFuRveXyLqbNCdvU19flydR3xV-x3dzyJ7kZiHh3LQk7nHedUwIXEyTbH1oy5MNlAJuJUpACjZVBmQ0KRVDREtxNDV3uVN7BfFYeMjkWB26u_O9H9vTk2D5I6izMUMvRUXRX8hKVzS5kz4LFtdqcMU8WFUbiROngKK-7ThzwmoWD40N0VOJPG0iqUwQ8XFCFo&key=AIzaSyCjh9aj5KcL4_aU4229--ATJhvbcTNPmUk,-4.5996399,119.6956469,ChIJx2TVkDQ7vi0R2LOBpEm5FuQ,Kabupaten Barru,Sulawesi Selatan
Tugu tongku Tambee desa Landangi,"G4HG+HR, Matano, Kec. Nuha, Kabupaten Luwu Timur, Sulawesi Selatan 92983, Indonesia",5.0,9,Wisata Kota / Landmark,https://maps.googleapis.com/maps/api/place/photo?maxwidth=800&photoreference=AU_ZVEEk39oKM_18_AjBDBOyrrzWmaPkPsrVFIGpGLbI3atLSgkniSepU6T1AyyOObfXG0PS-kArhLxgFduL7yi11IxtgIUYWgs31zs9TluEOiJ9TKOuJNaaO4axTzFfQ8Qnqqe4R64qFwcWAm3uNXC2bncovMsIg4vGkrX9uURW4jQqH-B9uOQ7oYacsNczba_wQBX1UKBqYCkuP618cZyu4bdx9ZeVjqJEvTdECMzR3g8Kr4oshwlBzwsuyDOnYU487Ku3HvKnVO1EkBV92_R4mKMh-pmx61hGJaG_RkWoM0CZW2ahA3RVq9zzZEPps9XEbhsdAuSVRi0IeTAs78Fxc_5oZNiObZoaLqmjfm2AfMXj4PYSTyTfxyYGv_lwL721VmpsahnQJh-soGwWEiiHPMBRqn-3OaOeSz13oxvUYrJe6t-c&key=AIzaSyCjh9aj5KcL4_aU4229--ATJhvbcTNPmUk,-2.4711108,121.1271211,ChIJNX5e9UhFkC0RS81bFvNFNDc,Kabupaten Luwu Timur,Sulawesi Selatan
Humusu Beach,"GJW5+2WP, Kulur II, Kec. Tabukan Tengah, Kabupaten Kepulauan Sangihe, Sulawesi Utara, Indonesia",5.0,9,Wisata Alam,https://maps.googleapis.com/maps/api/place/photo?maxwidth=800&photoreference=AU_ZVEEAoiLiVrr-bZDieFuZQhMejOwdAlDDnClnS4XrnVljCL528KKDyTljDhB5veYFxzVWE2Ezr0zx6W1zrqKmJElUtZ4KrPVlKxPHDtCzYFRDMnsag-1cMWqj3BHL83eK_NpUGmlFw_MP2x8k75VA-c_UckUE_NIyz9d13rxIIFsSu2nhFF0pYT-bW71Idcz7ow92IKi-vKIjVQu0lc4MjpYHO6glO94JuSeBWckh9r3fti0QrcgzxNEHSwC9Pp7foue-Jxsh8GaZMTr5zlN6jHukNfg5jWfO_30v9XUjb_MM4GGEQvJWHJ_uc1DX2QaBCQxIF3jwD-dUtF-PDFcCdRn4yhpCWCRa1jdZCo72EN8pmc9n-s-r-vU70FpJQAE_iiFuSooBTgt74gK0BxRmYNPDsJzKi9fAKRZgmxlHSFLyuCx6&key=AIzaSyCjh9aj5KcL4_aU4229--ATJhvbcTNPmUk,3.5450767,125.6098129,ChIJ0Z3gH9SfizIRPXhi9E66mUU,Kabupaten Kepulauan Sangihe,Sulawesi Utara
BATU SENGGELOHE,"Unnamed Road, GF2P+R7R, Kec. Manganitu, Kabupaten Kepulauan Sangihe, Sulawesi Utara, Indonesia",5.0,9,Wisata Alam,https://maps.googleapis.com/maps/api/place/photo?maxwidth=800&photoreference=AU_ZVEG5PGLp5GQ9KxPLjqtm21dvjtZ1Vn6MHZTsWzxD8rbrVuthE6eFXAypABZFg1deG3GzhJPcOfhjwPGS5SmuZxH1KYrssjJG-LKnlJgNEDQeKvdXkCoqfkX3Ow5BCfX54ui6jA3QjY8R-sSvGuZ_vrsCLUhwfJkaKHj_4Wy6tpqGWxdcuy2bF19j6kCDpgzt2LOkdEjNg0u1C_vpJf24uN_Ph75NuyVm8mSO2oMY_9JSmep-augqX0O73Pv99BGYPl1DtBOUt94Aisf7pm9Ja8uDMyJqvChiulWfWcYaRMicHZZMFA49dSi9-Lm9IONmAXYjfrKvdWb3vDXHZ4sVHmAqN4T-saBq7IEad4kRIR55mwkkqCnDis7yIAvaqh-_Tfcy6c1-w0aJCSPTRK1xIjZNWSO1sopmfCKMtRC8BK13sYsh&key=AIzaSyCjh9aj5KcL4_aU4229--ATJhvbcTNPmUk,3.5021066,125.485632,ChIJK4LnscOjizIRU8bgcDOGhg8,Kabupaten Kepulauan Sangihe,Sulawesi Utara
Desa Wisata Towale 2019,"7MFJ+H59, Ampera - Surumana, Towale, Kec. Banawa Tengah, Kabupaten Donggala, Sulawesi Tengah 94351, Indonesia",5.0,9,Wisata Kota / Landmark,https://maps.googleapis.com/maps/api/place/photo?maxwidth=800&photoreference=AU_ZVEG5OC_8PSfzw0ysxOoXf9prOro2A727qu71t7XRTTyY9S19srIxRG9or0h71t1lxr6pAcOS_hZGXxIWTuvX-xU7lA249AYG1HRM-X7Mgt-QcQyTjJucgkCinBOxO3MZnokXSp96kkMzeo6DPvV8ZDpeHwYUVgsSz-mh9E1nS9wH1A7eLSU2V6nqEY4a5GCEu-Hl3kjBsHJ08xJ-Fv-4koClddux6-WpHJHLNHNUGlWiM-KVkURbmDnwr0FWE6l-IFWfnt6lkuDiHzmKmacwrPCS36db-UAPguR65HjPWQJD3wu3UGSi14xH4-dmrnzFsR86ChTeSlICDGl1iI9CCVRvoCN7mPPh5PCkh5Np5jAJLIlK-jlafNq3vJjZnNWrLWl4X7F31Bm-rCI8o6veU8dUyO3ezbhK8U3BIBZ4AX7m_Q&key=AIzaSyCjh9aj5KcL4_aU4229--ATJhvbcTNPmUk,-0.7260928,119.6804713,ChIJ4YORGwC9iy0RMxbhyqoPe0A,Kabupaten Donggala,Sulawesi Tengah
Pasir putih/ Sivalenta bose,"RRM3+9G5, Lende, Kec. Sirenja, Kabupaten Donggala, Sulawesi Tengah, Indonesia",5.0,9,Wisata Kota / Landmark,https://maps.googleapis.com/maps/api/place/photo?maxwidth=800&photoreference=AU_ZVEHV6JgSl-7QhpdDS9JWh_nmPDn43E4we61xCimxhXnY0gtcfqgRC2b2dSmNVBSab3BlaQTrbgZytVJ2FnanP3561hItVhUgPrmxi71V8P-zvib2Kw5dtH9wthNPWUM_B8QZcXRR7OTgnzjXj3HidmlVDbUjG302SY4Ltu-66VOuo0az_sk0UfSWCWxXX70ReVG7Q4Ts-UiRUINBhB63QLsyRc4NamD5GZpO4M02wJnkoC9bLbXb4jNOpGEq9ILVfSbx-6puk46HcrPdG55PYRtlrd4Rp042RzREUi1PMmhpY1gUU8ZARsqU0rLJF75llAbSfux_D8QMAJegCvkTjoRc7vkee90fTIu_J5d1NaX2oI__RfOBeU6yMkDmJLVI6IBC6PVPf_iLyAYPAztXv97vJg0pTaZ3diyVLwRCSfWfDx0f43W7WfpnXuA_rg&key=AIzaSyCjh9aj5KcL4_aU4229--ATJhvbcTNPmUk,-0.1666105,119.8038476,ChIJcSSqPQATii0RBkUY3-Cd0k4,Kabupaten Donggala,Sulawesi Tengah
Pantai Matano,"FX7C+27, Matano, Kec. Bungku Tengah, Kabupaten Morowali, Sulawesi Tengah, Indonesia",5.0,9,Wisata Alam,https://maps.googleapis.com/maps/api/place/photo?maxwidth=800&photoreference=AU_ZVEFWXgh1dajfTen9AfIdMDuHriNmvSKji0ibFuMvAbdj6OzTg2YSZBCi2ONe4aTeXtupnjjR8NTzGoav2nI5Ar7oBICK94Q9vs7mdIxJ2mTVEs3rLcnCWS4szq9oPRtwSZwYUQ6S9URD6_9GGHwr3w4qjkg4vw1vwAPxoPfcDwUmIJXUShysKPqkPsXmxy6GC8D1WyuqFU-ugXSP2x0gIKd25BLGNSiktUt883Xt80665dJ3ZuAsRm6cDXCeJAysAF0OjBOtcKlPzyFsL51PAv3C1yPTvs4BC0xSEk6JRuaXCBSz1JC-45cc29RJt5Khjhx5BdTmPQFvYy5FVDQm7J1F5PpgtEpmFZkxyj6zdCkoJe0-LNms-BvrU-MdQfHGzkp71w5KqZDKxi4sobQgvYvWQqHOpZ7J3UBhjsOwtgd4TEZmXllRbyEBTQ1xn4gb&key=AIzaSyCjh9aj5KcL4_aU4229--ATJhvbcTNPmUk,-2.5374893,121.9706752,ChIJdVvzP6uNmi0RqXA76Rolatw,Kabupaten Morowali,Sulawesi Tengah
Air Terjun Lalengan,"MR6R+7PX, Lalengan, Kec. Buko, Kabupaten Banggai Kepulauan, Sulawesi Tengah 94881, Indonesia",5.0,9,Wisata Alam,https://maps.googleapis.com/maps/api/place/photo?maxwidth=800&photoreference=AU_ZVEGbB84RfEUvinFQRfWPx_hkVEH7eQBM39hpv0Z0JWOW3Qj8s78DQi4OpQsDSca22XbBEzR2UzG-qLxj1LboHktRLBpkYO_uP8o5cSfIRLSVDpqwUJ_jNmCmW-dBRUke2Qov3cdli81Cmg2UFma_ZjExNPSM3YOttdYJC0t0u5hvb4dXdVY4DO2b2W6IF_PFMngDAxnlTpmhiOFNiIGioeDJl3d3sQN_3OiRXBUiHbnNrhgRnA0XMb5mt-ZCepJG7rmv4dRMnY6ntzXEauPaMYzJ16WL5rHnQMzH4GxJQlW-BWAtZXGZWm_8GlQlSG_52XjXQWgNUJ4A8bC9cokcM6JQ4goXlGCPj9BazrgsS6aTbPSOtNsxeWN2EWteV8JsiLPAQ5TOWlwQqNf06fCqm7tKMGko0mMktHL5PqDg8V0DhKW2xSCBvY7t2fIvChEf&key=AIzaSyCjh9aj5KcL4_aU4229--ATJhvbcTNPmUk,-1.3392572,122.8418684,ChIJWxpFSuhthC0Rd9YWd_-XoKE,Kabupaten Banggai Kepulauan,Sulawesi Tengah
Tebingkai,"M7GR+HH8, Jl. Bukit Trikora, Tompudau, Tinangkung, Kabupaten Banggai Kepulauan, Sulawesi Tengah 94885, Indonesia",5.0,9,Wisata Kota / Landmark,https://maps.googleapis.com/maps/api/place/photo?maxwidth=800&photoreference=AU_ZVEHzYy_xIghEJeBEevVz3RS4p7ATDh0pDiJvJZMrp_N-OH7tIfbEFdgh0UOh49X0seZjzYmd1ef-814ZDPOzJzWMp2x7fGyxospOJOgAgeKe652YFDTFMHyhaTta1f0M1FHy0FE05MIuJjABSnDk-Ed9w57atXZQewo53mNiKw7OvyLAwVaf8xTzw8tZdUWqHQfMCnMYgEjg2EtgFrBF0P0cfMgKGBGdaXJllGe-mzO1rFd_LerIqSj9e2AMVq0ZgfY2wdVoVV5mZ6aEybjoYbz3JWQnGRNr-MkBWIyOe2_FtHMN0oNgY0AzNvd6ai1EG0IxYOEZ2Vwsooi2pxj43i4SuLYi1Ng3ya92U7O5cf81mIayPM2qRgsDrTX31gCfYK6gHk5kMu-UJQrT1_FA9NqZh1eJybQq0ASSsUHQ27-3yA&key=AIzaSyCjh9aj5KcL4_aU4229--ATJhvbcTNPmUk,-1.3235863,123.2914646,ChIJwas1fHOTgy0RkIeapl9tmpM,Kabupaten Banggai Kepulauan,Sulawesi Tengah
Pantai Desa Bahari,"8P97+W4, Bahari, Kabupaten Buton, Sulawesi Tenggara, Indonesia",5.0,9,Wisata Alam,https://maps.googleapis.com/maps/api/place/photo?maxwidth=800&photoreference=AU_ZVEHHrR5zSABjMrS8HJ0I6tUHIfuzkbrD15vf88hAOM_xenAZN8qfSQcRXYnlGj9WWYdk2HX1I6yS5JBK6vQ_X7vHvuxU8gJnaLwOzzkbdY8JoexCDKLiqkaay9WvaHSUcP6GCB1wctj5688Z2bvxnMr-VzqKHJiMx_s99iVtoZuchUQglqQw9mrORZ1ZtMeLHMS9a9H5DeopatJ2IVCKFmMw91eYwukl27IHSfzPl6jbDEDH9afPcdaIb-H4DnxjgEH83ulLqBVxc7XueLNo82vyGDaRny4JpMrMpbAe3XTcOBPpQ6jiqqR4fbX6fZFtCHotLt2S1RP6sms72dtZLsRnlVp-25ULCdSlrKfNsRnLb5Va3KlGGXfH7ldlUOLP1Mwero6GD42P26B59nohanUTxDtpsnb4YoOhCwWryyo&key=AIzaSyCjh9aj5KcL4_aU4229--ATJhvbcTNPmUk,-5.6801622,122.7127792,ChIJhZyP1w1rpC0RdHoCZ5fpNv4,Kabupaten Buton,Sulawesi Tenggara
Permandian Lowi Malo,"7W8P+M44, Taubonto, Kec. Rarowatu, Kabupaten Bombana, Sulawesi Tenggara, Indonesia",5.0,9,Wisata Kota / Landmark,https://maps.googleapis.com/maps/api/place/photo?maxwidth=800&photoreference=AU_ZVEHRmtvV2gHQ7Tq7jT-VMT4JTEU6YiyP-HQiYQ_3krFMPjF6lF8LAxTuhxVIzm6WCB1HyTtC4ytMlyPjbblgSkNsyI81oybqLrpiIIayS1_nEU7XsYXhBeHJDjNUz6hyKKxJabeK112aIDDYbEKve9yuVmmMvbRtxPVVj2dXh3yGUaYBGst5BHoBK3sX8m51krp3HOKDvVVT6ZYJ-tKWO2j9GtSkcPJY7tMSN-e6dl5SerDp2HTAPqpVmbbL1MVKeWhjP0sLdSVZ22uVni9uENiP-1vJiNX8O_3wRN4xqtHpwFNeuvdDvKmuPe3YpBwf0W4HXHnZOJGt6HREFdElLVGv_fXTTbGHcxZoADYXI9k1VRMICGPxMxX84F80znY53SCLfeRlEJnpth66jnDBs4ZU9EtCAbbV21lpdtCk2LEZs_0g&key=AIzaSyCjh9aj5KcL4_aU4229--ATJhvbcTNPmUk,-4.733362500000001,121.9353281,ChIJlS0AIgDdoi0RAS8Ts-578Bc,Kabupaten Bombana,Sulawesi Tenggara
PANTAI LA DADO,"P73G+JC, Balobone, Kec. Mawasangka, Kabupaten Buton, Sulawesi Tenggara, Indonesia",5.0,9,Wisata Alam,https://maps.googleapis.com/maps/api/place/photo?maxwidth=800&photoreference=AU_ZVEE0ho821fBy_HRbnTjkIqVTiSgEnXmU4OYOAFX69OcOug6qpJmXJm72DUE99dGDUuAooRU9UvkZNilKpvyryObxf81uAj78xV_BILBlYLqx4kf-yOdFXzRPlaikoeMz-_TiX50sFbmAqfoXFnWPeAHPs5gX4RlpwAvfg7BCt-fU8rNW45w0LFCR3gDfwUcXDd6l8RXR8z2CJu6W2jsAFWHGMWeXODOq6shy8g_Qe-w2iDje5_FNDj2pIUowprpILG8-H6tdKPQwyOxRMt9K3zyr18uz3aXMFfu0480CVg5hLo7oaY0chVOzHwNLQ5SkDFzXYwVu2VbwibEJudkyHm5FZJvwEBDwzsYG9rGxfLpcBUulb4uPT1VePC_MVNAmnKBC8AYbUv-z6vw9ncCPLf9icHcC9VaS0iCa72pwJp17Ruo&key=AIzaSyCjh9aj5KcL4_aU4229--ATJhvbcTNPmUk,-5.295913,122.276091,ChIJ89-sF415oy0RhRYRGHQxlBM,Kabupaten Buton,Sulawesi Tenggara
Pantai Palahidu,"4265+C3G, Palahidu, Binongko, Kabupaten Wakatobi, Sulawesi Tenggara, Indonesia",5.0,9,Wisata Alam,https://maps.googleapis.com/maps/api/place/photo?maxwidth=800&photoreference=AU_ZVEFLiHlf-RRRRToS0we6iQtatO8Lc3RiC5GxDf_XJiOsvNajoaT5oBnVmDp1dfOr8dMrIOVmwnRicfcmqxKhKnnBN4RSuOSPxilme2Ad8gpuXX1HpvChIoXgpVl-Nd85xH6CJEFqY7YnYBHDNpW8JSfZEufTdbO6xI_wed3DfB2PUarU6zdObZYyPLqjKGU7Wk1WY1iBGeTxla3DcrQZu49gKtfFvEznkYj4k9_c1--2y026U5xcjZp7iJMnVAkb1jcdIwuOvqjvS4wwZpr8m0rsHboCe0i9huKNufOFQDHUMvvoR0Mi8364OmCDLtkKfrzVAqWgrWUAun2L6r8s2R5_fEuDNKL4eNEEM86nuYOsD8_JDF4vn6nVwfr9htHiqQLrYn3CU1pJh6Hh9WrZpFWeXKWwDPhOsuinRMcnlIMSsB8&key=AIzaSyCjh9aj5KcL4_aU4229--ATJhvbcTNPmUk,-5.8889281,124.0077174,ChIJCUI9YKsJpy0R6ND0UsmVcWM,Kabupaten Wakatobi,Sulawesi Tenggara
Bukit tinggi TARANGGADING,"9R6G+Q2, Rangas, Kec. Simboro Dan Kepulauan, Kabupaten Mamuju, Sulawesi Barat, Indonesia",5.0,9,Wisata Alam,https://maps.googleapis.com/maps/api/place/photo?maxwidth=800&photoreference=AU_ZVEFkmf2OqkONFOgqJ5b0JJw1dO8K2c-J6TJymokqv-ypRjoUgu3Bymdk0WgqWHzlDTRuTc_5w1Nqu09fPLBDJ4c6gnmd3XHh0t-8uoKXSgovjepMQpX-C_yoPkszDKGOmWoUvNMCDYS2KC3azSU7KynxHJ1QUH6FVvqredspKERQbvxYorqdfrwxlCeJk8D7-XrdXnzpkOdv1PJt1bsBf217ayIgv1iN_P8XZG8wqzMhuJGTMM7MXdricwjkPh78QC8kFyYiuE7OW9AuNy_uel8lUrt_zgQZD-Wt_F0pie9dooPXHKscwBCGNBTe6JSTPxjjKut_tp0Vhu7g0scAkEqnJQGj26Xi_xxZ9rieMAsccpIUd99oy8OAZzE9p2vGawthINfHlWshs3RorzfvsI02_Me1b25R_juiH0nCspm9S4ieLwgsgjujcv_K5aoo&key=AIzaSyCjh9aj5KcL4_aU4229--ATJhvbcTNPmUk,-2.6380885,118.8250009,ChIJ03nDOgDRki0Rm6sCN5vyvvc,Kabupaten Mamuju,Sulawesi Barat
Karampuang Island,"9V8H+9J7, Unnamed Road, Pulau, Karampuang",5.0,9,Wisata Alam,https://maps.googleapis.com/maps/api/place/photo?maxwidth=800&photoreference=AU_ZVEGIgh78W8qSTqetAD1MiewdFb7AavPy0ChTAomQX_DQ-qMdAaKVwwwl3Mj2JlVufqFiZZalvPbZ1CLyhWWidGRyd4QXUy4kMCT1BcgnPzU2sFpdZWmAJUdEXzxZOXkneY2EWqU1NHz8aAsXk3mq7c78sQfeHtuYVFpIjaHm_WM9-eOCDsqeKXULnDq-aWGfCb-Xi1CDjw_DOGZ8OOkCDecm-5tWzZo9-fxKoFq_R6PD4Kg_3SzJfWi4dMZwLoPRM87twjoeEKLxD3Lk_XRy8cSwgu3aFOmcLrUdO8KcnrBQyZcnvzhik0uslF4PhID7W4KkuXPTo8aMX7lEhdHXk-1fR6by78mSsHWbMynZzRXbp2jCx-41umkHIldPdt994kpfoNHsBnxfIihz_q8uFpi11akMwdLV7mVekL50ICWelD22lq8ttHBpeGTjnxEQVd4LFN6ZuJtEX79-9AfinPVPSfU2aer_6-ZV_Wumg76yRVG8vft7o5ia0h6gAqwQ3t4h8xhUnUTeThiqaSkQcwnvwgrGRxH4_MNQ4ozdKnHfQQRHUIPNLojxsBiLHdZ99P88P9Sp5c1j-Hr1CA0wMzFKF8L3aJ7KVuCuIFo6SuUMkRyepbrLjO7S5unuDBbw&key=AIzaSyCjh9aj5KcL4_aU4229--ATJhvbcTNPmUk,-2.6340865,118.8790585,ChIJW9AIfWLbki0RrW_paR22KlQ,Kabupaten Sinjai,Sulawesi Selatan
Bukit Layang,"G3F4+3GR, Tenda, Kec. Hulonthalangi, Kabupaten Gorontalo, Gorontalo 96133, Indonesia",5.0,9,Wisata Alam,https://maps.googleapis.com/maps/api/place/photo?maxwidth=800&photoreference=AU_ZVEElxJcCu4YxbHjxw5_4mN2KFt9H5CdftLFnr707dVIrHu73fesLebP71wN0rFqrECazaclH9J1rm7uNOrosgFZeO6RRp93x00fj9OS7l9DXYAzaUplllNixdDnavSN_8k7sZTYzVfrcaskFpEBioStlEP2rdBfZuQp6T605VJk1sbpdgHM7D9a5EMQor8PhIBn_Aq0JxBvTrLM6SL3EQgnO8-YUSG-YUUkoLxasyhTRDc_oOUj5m2MMpagL_7Lvvx02rxEFqgPP9k8z7GcGSfm2wP9AzJ5hxYg_o2MvSXYtuBvuLnAiee5xNSlH_Njk3JEz_jQUjn8tFDY7PiloBD8OVd9flNdQ6IhvD1iES_-JcqN3RclbSz2rL1SwjOLDH_8Ny-85l8-ozMAwwzoEVQ76K3kMtdlgJUf_5Yvb-4GpX0q4&key=AIzaSyCjh9aj5KcL4_aU4229--ATJhvbcTNPmUk,0.5227379,123.0562644,ChIJufdzPLIreTIRWyMNphhJdN4,Kabupaten Gorontalo,Gorontalo
Air Terjun Milango Lo Jini,"J49P+75, Lonuo, Kec. Tilongkabila, Kabupaten Bone Bolango, Gorontalo, Indonesia",5.0,9,Wisata Alam,https://maps.googleapis.com/maps/api/place/photo?maxwidth=800&photoreference=AU_ZVEFWgR4ATZyxxnmtAHPWDXTUG4j0Ib4xXPcO7mehylH4BuM2FTbOFbnMBUM5phpd3-ZUUdA64OiTm9gj1u4Gjuv7mY6uLbIF8r7t2aV6hNyPQW22CYxfek75IQx5Ae9ZYiT6Djzorw8nFlT5m7zu6_n9bm3nxixqf9kKUD_nVnMRrQ8jcwFnAyAkUWUQ66Twzkl7BCOyn68-Lb5aXXFKpEAFGsu_O8tKEH19SLoq6RM6DFJa0b6jo346nMN9l-vFWqRFGQnwFzwHWw_SDWOQx4EB5_l8Wco-bIhmVtA8O4EdNvAJ8sdKnlC3-jT8uXTCVU5pVqwSfoNW8HXzCtKxAxmzNRBzAbeN1IIW8LWok_0YyFvPq1-zrvVeBrcUY169PdCs1i1xZThIPmkLTOsBTf8X--JgkelGLThIKsaNn0wG61I-FZXR8wVEi0w8igRw&key=AIzaSyCjh9aj5KcL4_aU4229--ATJhvbcTNPmUk,0.6181875,123.1354375,ChIJFUtmBgDTfjIRjVJwNUbiL7s,Kabupaten Bone Bolango,Gorontalo
Wisata Kapal Pinisi Makassar,"VC44+FR7 Sewa Kapal Pinisi, Maloku, Kec. Ujung Pandang, Kota Makassar, Sulawesi Selatan 90111, Indonesia",4.9,9,Wisata Kota / Landmark,https://maps.googleapis.com/maps/api/place/photo?maxwidth=800&photoreference=AU_ZVEHM1rHT1sHXSA6hTlZhKMTkNvTuznUome-FWjSZbkIwzNX8G-avHCBFoGw9sO8mUVUKNNApKy4EBpLf2dq4I4mEipcIU90ji-pEyzEykx1BP1At5En-vVB1xkU4aRXaTMC92EigIpHgnjWGWtxTnGRC5Ynx-BjlYn5flYWk3_99c2tRxZtU7oaudJvAj6Wga6xnI1FUdijMVh42OYIxz5P91uEg3rvklMwNGZH4R-mhOQfDRknjVWhLD4Rcxv5HpYTBLvUfEtoQutdRrn1VHH6twvJa-9Vqbei9NCTmj7H-EQZzkigiY8bQ9QfqpJrtdL_2_C_KALyOcO3R1FO2wzHk5eE-HSTa9PIYk9DjUmts_dxr_-GpjT8u1qvr4weCOWGAtxEiOwGztCWFA-alYxynH-jSkEXoZZulViqJJX25vakt9LXTNbg_hN1BnCV1&key=AIzaSyCjh9aj5KcL4_aU4229--ATJhvbcTNPmUk,-5.143848600000001,119.4070436,ChIJGXdQDQAdvy0Rbb-QYW8yZ0c,Kota Makassar,Sulawesi Selatan
Istana KARST,"3JM2+V2F, Bontonlempangan, Kabupaten Maros",4.9,9,Wisata Budaya & Sejarah,https://maps.googleapis.com/maps/api/place/photo?maxwidth=800&photoreference=AU_ZVEE7xSj8TVQ2F-YlylinVNnDGsVoN7SSyvH4hSYBZTYhNJCPJdr6MmovSD1FlmUcWugpzmz1OPo-KPjCt_HNPzXV5E18Q9cjdBtGZr2UzGd2p5awsb6dMFQruIQ5VmJkCQ12agfHEBv6TNzBqkwSRg9j8nQS2e7q49etVNJZD-cv5zqMReDYQm5gdPSzQc69mrv8ccPumdtxpQZUGLPPY2P85OOfsfKzl9uneZdMuz-5l4Lu5GnUqnM-Yb1m_kfg_KbPJ-cjedIyb_p8pSdX4-1-NzlwS9c5CXGx6LXyxqgpso8rAXIg-gDCGfmTcJQCGzZMogPurgxQTbJv-6Xaa22yUitTHnD2or7-sOjdX--CQEDscNVUcY0nhPqD_UhmSfl_ibdPkhgXsqZtTGjx94oWicaru0NyPoBsqZ_e7P6hj2qy95tuI3rqYGT-os8JrgNnCWWU-JOBq85brkxS1Y3P10jBHmtOvPOO6T3bl6GogzCUphUjQBHRzXzHo8tAJH3iKFnAxFjUEpXft9cE_6YBAdF91b3xwEIWGQ6AcL_19Xah3hxcAI8GyP_lL56PFkkCouVryYeD5yR0MM4EVvgKqq_UQA&key=AIzaSyCjh9aj5KcL4_aU4229--ATJhvbcTNPmUk,-4.9145046,119.6005533,ChIJo_TheABXvi0RaxmukORzaEw,Kabupaten Maros,Sulawesi Selatan
Air Terjun Sali Sali,"Unnamed Road, JF59+GF9, Sali Sali, Kec. Lembang, Kabupaten Pinrang, Sulawesi Selatan 91254, Indonesia",4.9,9,Wisata Alam,https://maps.googleapis.com/maps/api/place/photo?maxwidth=800&photoreference=AU_ZVEFTD1JVmqP0jrvy9Bgv3iTq4fSlOqPop5FbpPIAJPRbr6nPdB9K7Ssm8fU4rTV9WolqxdLuPDTFOd00Ehh0qUWIRIjX_XiAIJRQmxV0Wc0p0VipX_ARPG0UQQgNOHp_20cLuU5Nh3bEZypmUbSThY68UTqG6iZTycBZOJw5RVqIH75SzA92KLxiZ3D9g8Lib7JTiBs8EnxHdq2Br9rmJYgp2ImsdejoDx8cmC6c3j6OGYcajnugUoW4O67eU6FclrNNneHxr4FH4mm1idrRuo6h-yw97zVgdTwb4Z6HfdNrYnqnweLdsw2c4x5hck29PMOHIAwLjicgwjwKLl4toyRe3M1rsg2Zrk2zE9js-qtEBaQ7Hx3s1PO3WmstizEc3vipiNGP-w8L7_KWzMGIZdiSIur8oOdpUeKGc8dpe079pVsvgxDwIA2V2FfIve7f&key=AIzaSyCjh9aj5KcL4_aU4229--ATJhvbcTNPmUk,-3.3912135,119.4687301,ChIJMUr892h9lC0RE8Q1SKsPFs0,Kabupaten Pinrang,Sulawesi Selatan
Wisata Alam Panyili,"J5WP+RQ5, Panyili, Kec. Dua Boccoe, Kabupaten Bone, Sulawesi Selatan 92753, Indonesia",4.9,9,Wisata Kota / Landmark,https://maps.googleapis.com/maps/api/place/photo?maxwidth=800&photoreference=AU_ZVEFnFkUFrgDU_9LxoxHaVTMQCkyfd15I1FBAnWjUXPPt-A3G8X90PYz6AiB91VjDLnkhsrZfjQuTiHD5-gD9wF-CiKMRY5bI_N8FVBc1ftkAKDKo4VOmIY9NXlpRCKVlZesNS6Yb4VdVKtGE_J_WTsa3QEwC5CqWxWiDVjO0Y_wyNONScXPQYe-K9aS5PgYpuygeDuxP5YtvcydZMSpNdubsuvVJ7P2WCBY2No0hcOfIs6wqvdSzsRgbdofDkpLU3X3f8oBiklRiHkqVJC1AqLhsxkjzXfQ-JVcjxHqRiVBkwv_COJjIqaZ532UmREDYdk_KmiQESTSX8qY5SJ3HvsDtS8yeJkAyHhNIfGzV7gYHCgRGny74fweCvwxWPAD-oDkZ29R2rI84-aUgaGqKkO8FmR56Ajp_Zd8oApAbsic&key=AIzaSyCjh9aj5KcL4_aU4229--ATJhvbcTNPmUk,-4.3529925,120.1869691,ChIJ4SuVhXgBli0Rg5BsX8ofdag,Kabupaten Bone,Sulawesi Selatan
"Walimpong, Desa Barae","G24G+F68, Barae, Kec. Mario Riwawo, Kabupaten Soppeng, Sulawesi Selatan, Indonesia",4.9,9,Wisata Kota / Landmark,https://maps.googleapis.com/maps/api/place/photo?maxwidth=800&photoreference=AU_ZVEFWUuv2EKW8cuKL1lIqPRk0tr0uWxtUGBAFv5kvy6z83_u6N1WVhgX36e-aKfi8V1wtnnaUmy4x2DbWo_wTs6OfIAOJZdbCXV76-EHr-3iguer60nN29-tDo2b7khdhhQMX-DJmAH0rFPEmj8Mj7DQnjM_-IT2-mCaz6uBm_JxgpaAoC0yykDCMnJ7bmbpTckiNoyfsCH7ILM7COWvnAos6ulpU8sDa4o09G_w7mU7t6o3pLlpg9GzL_-PgTJJhEgzgST-eJsliVcCzeNySvlX5eHAc5tRfKlVCq7HW9HIB5lMFqbC94WuItmKPTbo3igSSGNVHRNfKO4rkAG_Gv0Wl5HBcWBk7bGHljsJdybfd0hqZksudRajfHavRnQ43vOWJkZz6Gz65zurzluJSNZfddh2eSnCfKnHLvcKfhN_MRfg&key=AIzaSyCjh9aj5KcL4_aU4229--ATJhvbcTNPmUk,-4.4938256,120.0255925,ChIJ0y2gy34Fvi0RCFvpEvAC58Y,Kabupaten Soppeng,Sulawesi Selatan
Wisata Goa Batu Maupa,"MQ2P+725, Salu Dewata, Kec. Anggeraja, Kabupaten Enrekang, Sulawesi Selatan 91754, Indonesia",4.9,9,Wisata Alam,https://maps.googleapis.com/maps/api/place/photo?maxwidth=800&photoreference=AU_ZVEGusKbD88-doLhC58A9EgyNZXrsZP3epIj4aHoTAfospevDaMuUyemdB2p-kOj674ijjknOCUO4VQvSS0DKu9l_QdDIQNQG3E4tI2Fx2zPXzi2C84LxHLrSr9Qr64zeAMoBtABxIGbhNpJuMrO_nvd-mMvh3TZtLeIbSacNP7cjiBpTHmxW8F5qLaks7PBfkdNvdH1VvAbHDx5X9fQlKfEr5ql4JR8f8c_7xCdx8TzxExwzmMpL7KHrgyVDwm7gOXwwpFgBRXfYaWRnjaaCO8IkU2nGRfmSbjsJ3dzpX2ef2cCAt-RtgCtZf3ynvK_NqEZazihLhsnbXQNBNyUMeXcedey78C_MFOjPPcmXzhffstRnnqX8owVnf6N1hbEm_X8TjXbSRyb1u4zJ6eef_o8ZbAn5vUukWQ2q87bQMwg&key=AIzaSyCjh9aj5KcL4_aU4229--ATJhvbcTNPmUk,-3.349354,119.7851073,ChIJwR4AN-tzlC0RHI9NkSeyiNA,Kabupaten Enrekang,Sulawesi Selatan
Air terjun Kulung-Kulung,"6PVV+JJ, Wiau Lapi, Kec. Tareran, Kabupaten Minahasa Selatan, Sulawesi Utara, Indonesia",4.9,9,Wisata Alam,https://maps.googleapis.com/maps/api/place/photo?maxwidth=800&photoreference=AU_ZVEHJhjCYyBb3tqJimEU7pZubhmK4392U-e-p_UqzA9OvVDCE-Wmrw1QM4MZDv9Cau44KdaPNpHTIgyq4KeFPVOEZvhvgzrTdnOmJioQmX6oGw3sX1ygtwvWCkskpvwd9qzkJFTNkP7ggl1nCamlLQZhVmRHqqp_31ZjU_i1jNxqAJn3xI8rIGzz3Lj27ml8dltKh-Nped5FeO2F0SMcSxtUHOGRwYk4hif49w4RlQBSWdrIx255MkdS1tBZdqD02mf6FfpZVUb0W5bN-XiLTxxbGxOH2IAr2Xmh5Gy_dg8HKCWNDt2BjZQxvoN-XejoBp6EQLaKNYZYwfAi2dleO7meD5uBzVesko3gP78aodS-rEe7aTZhKvba0puAj6sAvvgp_fwbjs4Fc2rGhgUwwU4L0XxSxyv7BON3vW9aiCk0ZEQ&key=AIzaSyCjh9aj5KcL4_aU4229--ATJhvbcTNPmUk,1.2441202,124.7440468,ChIJC6JA9R1DhzIRS-Px19AqNF4,Kabupaten Minahasa Selatan,Sulawesi Utara
Air Terjun Tolei,"7J3M+96Q, Desa, Tumpaan Baru, Kec. Tumpaan, Kabupaten Minahasa Selatan, Sulawesi Utara, Indonesia",4.9,9,Wisata Alam,https://maps.googleapis.com/maps/api/place/photo?maxwidth=800&photoreference=AU_ZVEGZB87CDd0CrpRl7YUNDDywFLTduJcwH5d95D5v2fjzpwk5eq93nPCNaZSBYnBR6i5va35d1oSG7PjTHd9vpfU0wtJ7XZC7q7Guwg9LUWEiK_UlShP3z7ynAGYxQPt3fm0yJEnjaHK-CBhgHmsPLQRMKgIYrZtlJLebm4UDsFIQUdJ8Tfkfn_Kfm01GtczISmmB7k_bueJdG4daYlQVOAZ21WZpTRPt1z_xPCd176q5U8nrR36KtBuv88xq-iCHOKDZw0RZ8Xz-0r4XeGToC4WHulzDfIpx82LULvR_T_rLDxdDm-slphaFvjDA0GT_pHw2l9ycD7DqRW3m_HEr63MMVI3gdRfiOW1v-CrokMU3HBqrMLcm6hsgQ4Vm-VJxfnxwVIEHEg-ZKSTRqh8T5HoB1FLxsKLgMu2wjM8HU_JtOpoC&key=AIzaSyCjh9aj5KcL4_aU4229--ATJhvbcTNPmUk,1.2534652,124.6331037,ChIJf9TpSkxnhzIRa1kf9iqk95o,Kabupaten Minahasa Selatan,Sulawesi Utara
Wisata Gunung Kulon KotaNagaya,"Wisata Gunung Kulon, Kotanagaya, Kec. Bolano Lambunu, Kabupaten Parigi Moutong, Sulawesi Tengah, Indonesia",4.9,9,Wisata Alam,https://maps.googleapis.com/maps/api/place/photo?maxwidth=800&photoreference=AU_ZVEHi0yI6HWtEfxITYM4K4Z8zm89EGL7zOsLMOZQ25xo9kyl64eSdkQjRoOb_n0SaygO3fHLF_n9VEfcfJWWT7afyMYQYzaapMNRTV2T8FHdIMDbVR9nJSAMjw4DIjmktjLRBW13k31Z_cLgBSSfOu503JxstolaAqSeW-fyqZXWBZSAcvThwnTN9Gitp7LI8IGZuCTKQ7QlHns9y0jKvxXJfdWDVM6VGbqNKBazWE4fpfFH8pfqXd4C8SqLJVdr1zC9_1CM_676nJXYOZSZyN1NhcBvGt82OFrTePLB8RpWyorO1_M4RSLhY9Tki3nOh-AB2FzsiIxE8qcfaIlo5gPPjmhVjgjeNQsXCO8GrzGFqpJGFlFYpXApPoUbB4SdjePfW-mvM8f1x9pMC-ghAspay18SmhLzUBGjPFo2OHZnAAx4&key=AIzaSyCjh9aj5KcL4_aU4229--ATJhvbcTNPmUk,0.5311686999999999,120.9664263,ChIJDT3CZwABdzIRjYD8QNQO6dE,Kabupaten Parigi Moutong,Sulawesi Tengah
Telaga Liku mebubu,"2HWW+H7, Ulunggolaka, Kabupaten Kolaka",4.9,9,Wisata Kota / Landmark,https://maps.googleapis.com/maps/api/place/photo?maxwidth=800&photoreference=AU_ZVEGn-bg7EOeiJoyfiz6kuDG8sOP5Qog_gYyXQvwfO7TxFH1y-0NLoISEpKo6cxA-jlv8i6TIV6qM-FZhhTvxXqg8FXL8pZFHqHwEO_VvVPsR3iVRkQ10k3bTynd-QQm3Cr8Urbr805HGQnU4ciur9L3Q3nBicTlK65ibh3_DO2HDLb0qAVb1EqFmo_PhFFyyj4c8fxtR4PJxqDTQci0l9kVgb1zJHX9fyBgQcvaN9mx67DTSwPG4Na7qjBRhfGtBlhoxssntvxB_g8tDuatcdMOM_l48CU6MK5UN_ZuN93CfDJJzsL9Vam7zWQ5Dgc3og1i2QZDI_-U3JuiBnH5f142XpfE0nhindXx2hkzu8Il2QKz22JcVfOZ4O2cOU1Cnf3ChCJb483o6DAZ-K7-aVspXJHzOvmtHdiC2qSOj2ha5dgL8wTq8nXzZSFNKHAQSflRPXu7m5jy9YjMn1nMMiTevKPMup3uy85NJkWNqKUqW8dP0CNPK7CHGm7qTodl_y6ICWih2IVuMHECbQjwxzfdmdio-9saPUX4jOXftqwz9q3ur4pvi8OpSTrTNMy8OzbTzTpqj&key=AIzaSyCjh9aj5KcL4_aU4229--ATJhvbcTNPmUk,-3.9535654,121.5956497,ChIJv_YnuCOJly0Rbghca40smHk,Kabupaten Kolaka,Sulawesi Tenggara
Wuna Waterfront City (WWC),"5P7J+F5, Raha I, Kabupaten Muna, Sulawesi Tenggara, Indonesia",4.9,9,Wisata Kota / Landmark,https://maps.googleapis.com/maps/api/place/photo?maxwidth=800&photoreference=AU_ZVEE6s4wkQ7n1h3gFu840VZ8kTG1CcVVQgBvajyrU6zAQCRR8X7_Y5X7CXXdfXWLmw78c3bWMpgfHB9TDxjqCduSufXyKKnIrAFPfrw0b4j1K7S_V_yPwbLCaAiFN3LG04oVV253z-rexQce58ty2WYu-qux1Ms6xtNZQ3FTflFEX1WsAkZy9UKJZlYhEBNnPKrRwBPVCC-lAQ1v4lwxlHRxjW76SLehaNxUOr8K0ZRLkk2saPguhSV79BNXXL3Ee7sg1RsHLtk_aEahbzEL_tcITsVqUClykqMGvK3Wq3VWOAyHTWwBGdKNKri92AF5Pg8GqVtWFqhFeVO2PbzxxMSRmZvRsBfSu9vyqvdWEr5TSHKMrONkaa-C23IXP_ccmGmkAQDleDC3vPs6EH5Ja3lvONFd9OAZ2ctBSM0iAEpKKbw&key=AIzaSyCjh9aj5KcL4_aU4229--ATJhvbcTNPmUk,-4.8363603,122.7304152,ChIJXUGgvT3Loy0RW5Dmshry3dU,Kabupaten Muna,Sulawesi Tenggara
Kebun bapa ijo,"4JJG+4FC, Liabalano, Kabupaten Muna",4.9,9,Wisata Kota / Landmark,https://maps.googleapis.com/maps/api/place/photo?maxwidth=800&photoreference=AU_ZVEFGjwAL6F83fU0PBRfq42BI1WGfCnvjaoVjNwODVLTSsAtJfsyqzGoej-zZgHQXXvjvzvtzkB6XDHLPpZRbC4YOMlDQUlhmr5jwmE6eSzteG7pQFEYxyVnhRo6eWEUXN8mQ_jhCMzmxoHa2NUnonA4nZ5MekH9wUlRZOZ7czfWAxG4Mvk3hlJWVGde4__efmEku__cbqCL6aTu4Gjgd-mcoqBB2j4YWltJwf2UZ3e_1nj33sh4WFECqEknwuYcmxsP8mjufcwFZGMeOxD_QZ0HxXUV9ljHYG4ye0-sNckCyDYfNEFbfnd8EmupxpwrTtSkHTncFzbAqWX6GDWbLahaZVS2uMT_-fj50kE748uoaC5kHd-77G4XQpjbr99I6zEfnK42r06hMIixFpG-5dEiSYYCa9-63bghahjgvR2cmZMsB-ENE8lZ-Yo3d-tfpNiSS7GXqJVB9lyLDHDHj0kCZ7zwWtuhcN1MHHka-xPSbKilQXAsbx7OQeL8eyEUNvwg3OphfbwXxachgfioHhLvoEuml4U35S9ZrSH18-L60pFC1tolAQXL3MSp6FiG06yi6-A&key=AIzaSyCjh9aj5KcL4_aU4229--ATJhvbcTNPmUk,-4.8696872,122.6261253,ChIJv0LnDQCzoy0RMPM72xuVcXc,Kabupaten Muna,Sulawesi Tenggara
Air Terjun Barrasa,"HRQM+5H7, Unnamed Road, Rappoala, Kec. Tompobulu, Kabupaten Gowa, Sulawesi Selatan 92175, Indonesia",4.8,9,Wisata Alam,https://maps.googleapis.com/maps/api/place/photo?maxwidth=800&photoreference=AU_ZVEGOeRBUaDU0lldFWpXlLK61npG7cl-q4L7tNs0BBwTUxg7udok_ZOaYe0LO9IvMQa_n4taMOMPEidPkrT53MUwwO8qGWM-Pu7osYKUDmyThVc21-gbU0vCOf5-8kZWrhtGfB4b5U1bV4ZDTgs2nfM6YY60M2F__ICupqajGXiqYRaY9dvCfaDY3hFc4zoc4PdGbyBNg4e724aVIGocJyymrYdf8AQdi68jH3DDtbNr4cmnNNXC1lEcRFB0UJ5gY_g7qMgAlW8VpEryWEm9iqYKAZAdWQCmCAsR-bK1vt1ZZ3hp9e1-V7oBw-QquP7IZa31hepxtz-4sRnIXavD9uL4GCtzxM7EGJ1h5oi3OvfBl1OlH1nGZn2fG6H8L7hImCIqYuFXsA4c4CT-umP4ezirUF_Tghjf_mFjNf9XnBiEGoReM&key=AIzaSyCjh9aj5KcL4_aU4229--ATJhvbcTNPmUk,-5.4120751,119.8339131,ChIJwceiuGi5vi0RBjafCzO5ADQ,Kabupaten Gowa,Sulawesi Selatan
MAROLAND,"HJQW+FR, Sepee",4.8,9,Wisata Kota / Landmark,https://maps.googleapis.com/maps/api/place/photo?maxwidth=800&photoreference=AU_ZVEE1knYxdZ4gPttyIOJofD6K60sFYul1WpKCG-phINbqpaWbXHfb-ACTuVHtn_QqndWd1Ez9Ls7Sp4Sb2SasCkHq7f8dek8zOknFqzI6UIasSDjn-RdnJomLIhoR9gLGq-wpLbis2jvLWJ51ehja2qGJ8jYJEnMWAMLfLRTk1S2ilrfmhfvzCusJ2UmF5T-3FKDZIiAjGP-idqV1Eoess0ecxlmXCgL1O5rd3FyLFQsHMYvAQTxZ2d-CGmeWZGFctkVVgcsmPtEzjfUGNerkrlqrhTC-zH-SU-_oDNWPT3KGysNI_1WcTBHkJgc5nsha312mODt8pNF9nv1QjIafFtzjU9j1BW1QEPnXkgytw5iqbSEsaPVNUHnhlw9eshPIFMPm1YVxk7EnzxAlIU9BhCA9PQmgLnUOvOB_Fg9lwDk8LHHEvVnZibp7A2e1QA3rSJVWtSvGP_jo_zohLZo9ZGQYsP5BhHvhooHsUwurJb0VpdAiRnXsPRnF7Uei956Kjx_j5SWV1T3I2nS7Q0-0uHd1Rx7Hq_MgeXT_EAo6K7ySWKK_FBPdL48IArsdBC_Nay1rDlaBZvmsZYA2vCHoUQqWDeI3pgaKL2M8ShuNJ3dAH0NHoXNCUewLp-VfrHod&key=AIzaSyCjh9aj5KcL4_aU4229--ATJhvbcTNPmUk,-4.4113566,119.6470882,ChIJDQ-zp10nvi0RXsbCjgkYtiU,Kabupaten Pasangkayu,Sulawesi Barat
Patung Arung Palakka di situs Kelahiran,"Jalan Tetti Kenrare, Jl. Soppeng-Takalala, Labessi, Kec. Mario Riwawo, Kabupaten Soppeng, Sulawesi Selatan 90862, Indonesia",4.8,9,Wisata Budaya & Sejarah,https://maps.googleapis.com/maps/api/place/photo?maxwidth=800&photoreference=AU_ZVEHLrQ2nXzRH3yZ3PIb-L1ufV5rh9vOrUhpTuI3lYNJ8ycKCrB2hive7g2qBJKPCy0cwbSo_8JODlPg1QoZeZsaMe-tjOXjtOmoBnpaI1u0Tik7BqdBlsf7z11KMy8SjGcWl0p4p27xn286tUI2P6hMHIoNpazOa4uj9OXeFASVO-T3iUNDwkL3829uQPytVFr4dvhpM4sjUfG1qrltnMPPvaZSTfhjH0eJpxHhzzGEk6phwCZWvYLhpcHp_Lj4fY1HqBjDjBwjdboggBTjMFpThhGhckiEfLsoJkbhITgs3Lejnf_g-rl6lSye5ZZr4epE9vrw87gciQN5Crt3XkHLp9WuNOghJl_A75z2YS7LO9M-5tgstoDKJgqv1LPiysiRBm2R6TWwFMw5eEPzm2gYETkXGHw7ksqJ3fJuHbXFrqw&key=AIzaSyCjh9aj5KcL4_aU4229--ATJhvbcTNPmUk,-4.4448907,119.9538645,ChIJRdYTCvcdvi0R9KhtegR9tVM,Kabupaten Soppeng,Sulawesi Selatan
Air Terjun Gamaccayya,"Unnamed Road, M246+VQ2, Kindang, Kec. Kindang, Kabupaten Bulukumba, Sulawesi Selatan 92662, Indonesia",4.8,9,Wisata Alam,https://maps.googleapis.com/maps/api/place/photo?maxwidth=800&photoreference=AU_ZVEFAX2kyJt005q_-Zz3mEkhv7zA5jED4BcIAsd5tNG6QpEKDrCbatEVnb1H72Fri3dZn5qjnO3k988C7_QIEvNNz1VDofzIU1HGrYTVo3KxaPulN8K_4dNXD-U4J6fZQL-G-Fyn_681hDfTHEenmPb0Mffv7zkyrj4FYr2Zpgh8MtXLeD4FE5uRRtIE0NQSg4cBkXRfneUtWKMLFVWL-K4Brs1R7PHZlJNqDU_PN_kNLFl94CPpR4zIaBR3Ns8A_fMSV0VxYFD0M_YkuCOKA-SwB_oeZS8cRFc2EGOA9JnheNL01CT9x33zUU1acUBKmsNYshwqYi4-oyxTOHLi3LhcYhpI4Wm7yqe5mJZZ-Q08SmVCKjnh6bLsEJwiQbF1wG83mexNZcKHN6r-ZascdnZt9xf9ErrRmsk4rlQd4qnE&key=AIzaSyCjh9aj5KcL4_aU4229--ATJhvbcTNPmUk,-5.3428593,120.0118797,ChIJNxASrHalvi0RcgzNeoFv15A,Kabupaten Bulukumba,Sulawesi Selatan
Air terjun Tuangloe,"CPRH+VJ, Datara, Kec. Bontoramba, Kabupaten Jeneponto, Sulawesi Selatan 90244, Indonesia",4.8,9,Wisata Alam,https://maps.googleapis.com/maps/api/place/photo?maxwidth=800&photoreference=AU_ZVEGF8LRc3YIea2h-yNfgrVF44Mt_9nqW0tKRRPV69w9Jirg45G4zLISJslw0Ql8u2Orgpjxd0EgtcH2tGM3n4DmUAKLy2eD9w9qMP3l7_0tVX9WEyilRzF5CBymR8sTEnsbd0kIVibBIlFhYiayAddfImUKbCaiL96ytXT5LeGx8Yc0vO3e6EXmzkSMdPmb73CEH-HM4GjBo9cHv5f9IjQNzm7uq7Ivs0qquerHFSyaXfdbnTi_ljmp6dSxQ5xBQ46evwyeYkhfzPqE8LXzkgU3oI7vreXIoO--5oTKkqQWsxAt4ix7PeQQRBLjSl94XFfyGOuzDSwrFqskDKk4gdzqarXvWaeLPm31eKQw1BfOE3XXEuPxz0eGryjt9xiEYoonSMIYfMQTvLdfOLVdCNZy7rEEUhBk4FYI9mHJ6j5-bXA&key=AIzaSyCjh9aj5KcL4_aU4229--ATJhvbcTNPmUk,-5.5578588,119.729028,ChIJZ4G1H8HLvi0Rjm-4hRXXNdQ,Kabupaten Jeneponto,Sulawesi Selatan
Eduwisata Bahari BPPP Bitung,"F657+498, Jl. Tandurusa, Tandurusa, Aertembaga, Kota Bitung, Sulawesi Utara, Indonesia",4.8,9,Wisata Alam,https://maps.googleapis.com/maps/api/place/photo?maxwidth=800&photoreference=AU_ZVEFpAlQEQ-jIIhonfvXx83a3Gw7Us33jksp-As534Bckaw-IKn3_SltujzGjWvGzKIRh6xh13TVZbWKlBl6jXj6NB4Mx4VbTnOEYwvWNtaoUMqJxNCEutAJFl2N5N2WiOngDTZc7OjGcaV-pJEo74HyEuVAg93tuHdx1TNSliMLYSa_Azbzofbx5uZjQW9k3NsjdkBkHFrVXdhGZo7L1iByFP1jtGTct35f0_sFAQzQ6a2ldEZs0hlQV3PMCfwtF_84p2XqOygE4QKquG3mbcV0NB8JjQ3by5W_tGJqOwmxEQwLXICVp3sl-qXLQ3lR_8ESNekZ245ehZSo3PBG3UYkkWRgkFAITBYidQq4tQmDsN548DXR_h3oc9A4zmlPGUwSk71J32J180bEM9dx2IL0bLwJ2t5QCe3tWrvOmt1hfLw&key=AIzaSyCjh9aj5KcL4_aU4229--ATJhvbcTNPmUk,1.4577973,125.2134625,ChIJQWOrcgABhzIRp2FjGdu06CY,Kota Bitung,Sulawesi Utara
Air Terjun Tonsealama,"8WGC+CQG, Jl. Tondano - Airmadidi, Tonsea Lama, Kec. Tondano Utara, Kabupaten Minahasa, Sulawesi Utara, Indonesia",4.8,9,Wisata Alam,https://maps.googleapis.com/maps/api/place/photo?maxwidth=800&photoreference=AU_ZVEGbr_H8uvfur2UGh7RAOP7t2sTvyn7Jm7HEMGz4GHAVgo_hWt7g9SWhdiqKDELxpnZ4MVgmBtiabJDVrYG1FRUGI7pkxCWv9Iu_mbJJZ9g3TABicPEJlTwN8D5J0Tbp2BUyvulDaGYLgQlXDahquoZ4I5i0LTaDoWfOl-yde4UEmjrIB7zapFhj1H_JOD-RqzEjvdFpSltkGFrrfYD29SUl-sVB14iXGdRLZyBw5EBmQoMqDIPI96PuHie5EDIGAe57Tkit4QkBThg9DjY1WyzqL-9JRHS2OE9L3n8OVErzFtAmeUS4mdQJbPLpwRjstxaWLYpcRRTRlDAbw_ve7Ygpn4cJnNPaTl-SPi8kl12Nik4iCxCoxs2tqHUtfQgvMjhcsIIntrtoHi7DqAGFKpmF9jGeCCTxOWJ6cJQSoI0&key=AIzaSyCjh9aj5KcL4_aU4229--ATJhvbcTNPmUk,1.3260677,124.9219577,ChIJW-aETUkThzIRu_EVaq5fIYw,Kabupaten Minahasa,Sulawesi Utara
Air terjun Soguo,"9XW8+75F, Salongo Tim., Kec. Bolaang Uki, Kabupaten Bolaang Mongondow Selatan, Sulawesi Utara, Indonesia",4.8,9,Wisata Alam,https://maps.googleapis.com/maps/api/place/photo?maxwidth=800&photoreference=AU_ZVEEivIZGC2NU3lllKgyhcY-1RzchvnJiKVuIk4H_IiCGkMR3m_jZCz6mmSudVECEoIPN9B3trloneDxzuB8yLQUSOjMD1V673CYxXqp3udW3HXk6aVuOoKQFe4TsF8J7CiQmdanCuHjxdmJTd50tlj-Qem0sbN3ODOo4VDhrz-s1VrUQZSW0nFgpQHUuDRftVuU9uKupPFdwDbBCsrA1pr4naklC1b01-pkky8RbGHiyeiGzcCUePl4C4pAGLDs8ZD4mZ4xfQwFttxGc6JVfrSp95MG9lL0l0IS06Nvhotz1Q97qf_5v1A_J6EpAeW3_u5Z33EbMIGd3DEtGOgg4Qa5QXkF8pFK8u5TqgrMshCTeJu4QUB2G4hwHL6h575S1zMGt1tppza1nkrrKb98XxR89eS9zhXoOACP_vsl4wL8&key=AIzaSyCjh9aj5KcL4_aU4229--ATJhvbcTNPmUk,0.3956954,123.9654209,ChIJnxxR4wOvfzIRT-3IvXhcyyg,Kabupaten Bolaang Mongondow Selatan,Sulawesi Utara
Kolongko Beach,"CX8P+C4, Tudua, Kec. Bungku Tengah, Kabupaten Morowali, Sulawesi Tengah, Indonesia",4.8,9,Wisata Alam,https://maps.googleapis.com/maps/api/place/photo?maxwidth=800&photoreference=AU_ZVEGqZz_oAZwErrjiD8yUuEwy0JRK-J4SULiaPrRl-addpf9gnb1KabNdYWI9642pNarWiVIweoWLJqoW8b8Ra9P1xzbeylIohclpdpo3mLAdf2VAxKo5hkQypCeX6-2z16dlbnMDBqIUwPGIRigFqfnRifE2sxd0U8toTDBhO4Z-pW_jL-BqzhOBWmjrUp09JsXvGf66_R2NR8m62O-IUQH2Id1aAtk74Wdn5Xmrs9zzgDSDIQ6Y1GM3PqVjMEQFs3CF3pIZkOBd0n8aob63ksAw21ojprd2iyZFrhPxlS1vXPA-7I8quWHyHzTozL947TWtzgWwLzy6FXTlePKthj1zpo1JK7was3vV5EcsyxEJH-IOPOZRRzuJa7V37dpDdy2wW16NqfVHCJsiKnrOk8NE3gi_Deja2myzV1PXjGuicQ&key=AIzaSyCjh9aj5KcL4_aU4229--ATJhvbcTNPmUk,-2.5843731,121.9853613,ChIJTf66uL6Lmi0RyNbvM6b6N48,Kabupaten Morowali,Sulawesi Tengah
Danau Alani,"GV64+3JW, Desa, Alani, Kec. Buko Selatan, Kabupaten Banggai Kepulauan, Sulawesi Tengah, Indonesia",4.8,9,Wisata Alam,https://maps.googleapis.com/maps/api/place/photo?maxwidth=800&photoreference=AU_ZVEFz9l43DwoPYfBtmeJbg_AsejtopyDdTSMBEvXdF4kxT7EIu3bdSo-wYmptQ5qXx6FU2vVSNh3vHku5jhLksKLtipIAjCcEGm0OybVDRLYOG62lbN-EeCmvUsdykfiIYDSXjKnF2NLrNqFTWFmd483uSxrD81rI3IFB8Bc625UpTBlQrqaFD10NIP6G-71LCiEvCaEuqXtN3fqXMxBbUSQX40Ow9SqbTK7NZ0VzY3a7hWc1fCot8cIOeUd-OrrULkPsQA_3idyKBqhTL0y76_q2W2jky1PBE_vas2cza0ZRZD_1KRHtFfFStKG597uNKTUzGdsqiXxwTSHCOCSFU4Dh2mszBG6uxh7mimdmBrSRULqrKr8WjOik-axhjd0ScJHYAFLtjnmg80GpXFCAFIm2264FbNQX6AEdn4dKVfE&key=AIzaSyCjh9aj5KcL4_aU4229--ATJhvbcTNPmUk,-1.4897633,122.8565783,ChIJ1zLnfEtjhC0R2XXxcDUDYu4,Kabupaten Banggai Kepulauan,Sulawesi Tengah
Monumen Teluk Lalong,KH. Samanhudi,4.8,9,Wisata Budaya & Sejarah,https://maps.googleapis.com/maps/api/place/photo?maxwidth=800&photoreference=AU_ZVEE-HlnRURX0QsqBgRkEGwKXtbxVqXj1g89PwAYjcdI74p2ox68w8ymtT8xkSKVk_uIoLUzW99CNE22k3X552Jx3pZDDBVVwB1_Aq8ykeQ7i1CvKBiyGS2jEvExAYsOu_v5E_cAlVTEEdcbc1MPb5ijcxC3MxCgyLAKI2XIUYUmO3SkK4q8LH8fWnPFLwLe0GcwMicw_Acqy8LuzI-U963DnvdxxtRvs9mY6KTWQf9xKf-OCz3ujc1kSM1DYBzlt1Md2JmR3dfFVeo7_xcQtA0zBlUOGhV8oyFRsC6XK9EnjUYHjR3sD67I14aE6lFCPr394Plb6r57WTUDS_besAhCPduK_pgKSHsnw3gKT4CKK4bBxoFUFSFPRWvaz5k1TedaDVlotSwSLusY8bsaMUNn1Z7fCRNSNDTvGW2o4C3u5rOI_LuGdRtsfZ9wVUoJwqwUAUKbapnt35sAYGZ8JOKcYdjXQxJKfSuwmYtusBjnDRaRhgtyYBYRccgWdpxt3H4cO58PtshvZ95r2szh8k23UFHmwXyvaCPxtS83Yh2XlfU2j_Q5WSxePqJNTGWLatqGESdMFR-XM5SS7o7eNr5FOCmLjoZHC5C2nBdnNuq10Zr6IQEy4iepDw_tc2OlMeCB9kA4n&key=AIzaSyCjh9aj5KcL4_aU4229--ATJhvbcTNPmUk,-0.9545376,122.7910248,ChIJD2_nyfChhi0RYF9PK3uxaeI,Kabupaten Banggai,Sulawesi Tengah
Danau Lemelu,"Desa Emelu, Kec. Buko Selatan, Kabupaten Banggai Kepulauan, Sulawesi Tengah 94881, Indonesia",4.8,9,Wisata Alam,https://maps.googleapis.com/maps/api/place/photo?maxwidth=800&photoreference=AU_ZVEGHEs10PobGtvslm8t7AwRVtgCCqtNvNsf8qHW7e-mfFhHOP9v8rehYcUhD0P-71Gs29Zvfg8vam-Bl05UdYSY4JRlPNuvaxjwTjZR3ZlFWbD4ab9YTeVOGPQRGwgm33AGsvWzsmiGSzYLyff4ro6gi2pzPM3gwrEPXp9glp2X7iASA14R0v49R4ZAm0ZptY-ZWh81RWmRIWZL0cBwgE8SFrA691Pgf9Soghq90syMGSZb2FW1JpQ3xyDjJ3FEyJgyMq034sdM2bEZPiaoje15LWNDs1prXTCS1bzoyfeLn23I5iSfSU1hUjZsU7XVxs4dSN4wFWxMmkDuL7DI8-WW1PhANd_Y_r-c4PY92EvbfU73AL4KuUn0bbSIDHBYSqczY6_w2K_gy21EIT84r02uT2VcbQZ3Ij3APjtZq1inKCdEUQW5rapPwARAG5A&key=AIzaSyCjh9aj5KcL4_aU4229--ATJhvbcTNPmUk,-1.4717587,122.8751218,ChIJG86nrn5lhC0RZXJpDr6noHU,Kabupaten Banggai Kepulauan,Sulawesi Tengah
Balai Kesenian Desa Campurjo,"Balai Kesenian, Campurjo, Kec. Wonomulyo, Kabupaten Polewali Mandar, Sulawesi Barat 91352, Indonesia",4.8,9,Wisata Kota / Landmark,https://maps.googleapis.com/maps/api/place/photo?maxwidth=800&photoreference=AU_ZVEEZ-Yk4UluH3dNnKC7m8d2gta918BCOHP3_2pVZyhs9_zv06jOBGcGt3x5Tcucvja3aaIqbyteTl4OPC42EQJQup3CiYl_CFUgu4go_8cbui1PFZDbp8Y_Pq3vUWrjYK-DUjyapZpmHgPldjiwzatO9Ld89AZR-G5beFUW8W4OvdaUX6Y9cLJWPWWl5tAzJ8jQalEJR75mSFvQUjsjCZGVA7Mot64rLDDKNhG2b-PBFeCJ7Is4pmSTFEfyOy1zvwYSjifjb58JsYFHjoMFY_LI8yb7wEnUth1MplIv2-ECYy9yKsPMaQMKcV7miHmp0QnnlpWr5bhHq-jLcs95MjJ_xIKYj_BSS86T8WWSFKT9_Vv_vUXxvQU-VpxBgOAAl168UyjlUxxic0tJWtc_on9Wsa280FYwz0XIlVXmV_rZV-dfW&key=AIzaSyCjh9aj5KcL4_aU4229--ATJhvbcTNPmUk,-3.4112638,119.2322082,ChIJaeAANACPlC0RKEq1Q0h7KDw,Kabupaten Polewali Mandar,Sulawesi Barat
Kolam Pancing Firtia Desa Lomaya,"J3GM+2Q2, Lomaya, Kec. Bulango Utara, Kabupaten Bone Bolango, Gorontalo 96181, Indonesia",4.8,9,Wisata Kota / Landmark,https://maps.googleapis.com/maps/api/place/photo?maxwidth=800&photoreference=AU_ZVEGH5IlgHsBynqH2IOe6VitIp-6TPixQEMrJqHtJrdau080fGIDLJF0NQXHsbhdDtyRu7p32E8bLfY8E4bgEldTb7wAaodn46Didc_vOCeJPCovVF8QJe_W8H5Qj0TU77sHLj5MuyL52ripHTkhr-UYi4lefrMAb8PX52ScOWKlXuDF2XlQK1mdc35Wfz48PQ1XINPF7t_pn6bKam6EXQeZTAbUxhXl4qT941gSc00C8GoXFDW_ZxuW1K3HdnaWWhqVsAEmGLwX2fEnhMQAtOmA8Dj_tN2eRCaiTQF5Rvf5v7ZK0JoTWABRpvt0ETK3-eii-L2tNiMDH_FV7BCg8AbMtDigsho1BUek38LFuarW0j0w6NLZ7HfXAKkolBKJ7FPsHctXM7qVJYs29NHOAHpa3_7_xjmzeOouR6tkquHTrqHo&key=AIzaSyCjh9aj5KcL4_aU4229--ATJhvbcTNPmUk,0.6250207999999999,123.0844004,ChIJrxkbYGPTfjIRKMjBgdYbPp8,Kabupaten Bone Bolango,Gorontalo
Danau Paku'E,"RMQM+JXF, Nepo, Kec. Mallusetasi, Kabupaten Barru, Sulawesi Selatan 90753, Indonesia",4.7,9,Wisata Alam,https://maps.googleapis.com/maps/api/place/photo?maxwidth=800&photoreference=AU_ZVEGNQL21vrb-lH71QzaiqlfpLMUdzqqwi3U5wp-V73IFuvnjebZ0bGZRmwjOGMW_dFUJL98ycmNGazgWKUUbh-0mJbsoZyYLleHS5Y29Hs7il-kAVzbH0j8HPS0JiA1FF9zk_S976SOR1ti1bOjHpyEg7UNjRpKfLFIsCcapEzHXqs5gz5B7iR4Rogn6RzFz0lCkeDEYvdlSLGXQEwRjNegK8Cp5crr4PkEsKmdgZGFsegMo1NzrwCp85LiOC-012mJMq2UvhlgMtYQQWnXyrSWIp_1RD61ODn8rpF6AdP3N7Rfzxp7q0qq2M1HsQ0nDryfEb_Q8SGg4akDjQPKgwmx4nbwGNv79nCnhO62E5_CTWUxtSygQlG7HTV0N6Dwfuc7MKqXWfV1KJsHamh-yuBVd0-vJAcTrwB5QlidgjRLwrlc&key=AIzaSyCjh9aj5KcL4_aU4229--ATJhvbcTNPmUk,-4.1609343,119.6849127,ChIJlyEb15mWlS0Rz61R1dLt2NQ,Kabupaten Barru,Sulawesi Selatan
Liang Tarrusu,"92855, Bontoborusu, Bontoharu, Selayar Islands Regency, South Sulawesi, Indonesia",4.7,9,Wisata Kota / Landmark,https://maps.googleapis.com/maps/api/place/photo?maxwidth=800&photoreference=AU_ZVEHpsj0L-MMt5XvYDyGaiMNdUwL3psjTGq6jlKLbd0v85zWtlPQG2PI_su0eZDLNXATF6fHIOQK-Ry6WwMCv80HedppZS8ftdr7ERPu1HIAayUENo6tFBcDB8zlGJSvEuXrNu3VRxoz-Xzz6gQd0DIhrAm0WVWwoJgSOeh6Tu-39xqZRGMe0q2ULeisRxZiMwPaMyPiV7aOZnt6NtWhzN4SHqYyZmCP3DZxS89GOGesXk8S0U4zbH1vJ2JTLFjnsQFfnNDXfA5RrOL4iaYMAQUPR4-LP-qRRsIulqqfco5fvPjl-nJPnLB-4HnIdqzfILpGn7ljzo4SAezJprlnsRDMym3yoRPWoFo4YMi_FftArirWvmQ1TN4i3okea6z-221avdU7IDxx14jug-bVoFHs6qobfFR1FTd33viCphwoW97aA&key=AIzaSyCjh9aj5KcL4_aU4229--ATJhvbcTNPmUk,-6.186051399999999,120.3948382,ChIJiWvN-sszui0RUxBBMWIqYDw,Kabupaten Kepulauan Selayar,Sulawesi Selatan
Air Terjun Bulu Langi,"PP2P+WHR, Mundan, Kec. Masalle, Kabupaten Enrekang, Sulawesi Selatan 91754, Indonesia",4.7,9,Wisata Alam,https://maps.googleapis.com/maps/api/place/photo?maxwidth=800&photoreference=AU_ZVEGnYSJqVublnCg7CZTJAnCrFsyrrSuK7PTpsHvfRnaVHzrNHfw6GHEXyV05PmAABUUdeqsNYn8karxups3WxxDvSnbwzvOuNHTALNJzZP5STyzDzj_Cy6J_DZI88SIqkFPqnU7z-_z8zdGbby4xP7mU3XOCM4awzqZJjVS-60-bemFshk_Cb9L_7KHNGik_g_TWGktI-Kn4sdyalY4RBLGagtER2ucviuZiOKvOYMIeeM4t_fSCcDCPbKaIF39AFhHkYufGg_MYYsI1UFLP9UtXrLknF9hKMUaeWpApwP2S8ctAuG9_JH5SucTds-78UrZZcwzmmEtKwKCkvQo9jBOuEtz4Ph5AYBxjUbvk4sVJ_NixwkIwW3PJkyEY_j2PUkfchQQyutZesXYx_-hwB5rkV3bKmQHPoBagzAlAIoc&key=AIzaSyCjh9aj5KcL4_aU4229--ATJhvbcTNPmUk,-3.2976393,119.7363803,ChIJk9cgL1p0lC0R2VUaVM6LO9U,Kabupaten Enrekang,Sulawesi Selatan
"Pantai COCONUT BEACH, lolak,Bolaang Mongondow Induk, Sulawesi Utara","V2Q6+R23, Lolak, Kec. Lolak, Kabupaten Bolaang Mongondow, Sulawesi Utara, Indonesia",4.7,9,Wisata Alam,https://maps.googleapis.com/maps/api/place/photo?maxwidth=800&photoreference=AU_ZVEGlCRac_XOHrXv-R4etAHXi7leZ9ZRr-7bKaACEcpJ-w70ZIgeRCsrRYO25RSGQDdl0kvoCztVNBVEzM7DdHaI4Azchuk8ScpL1G7SqwLb87OGQm_ROD3kEBX10rcVaDjLtmBbsLpp5kQVExyCHdunEFgtXRZGlTV93l-GPlcSBMBS3egm1A00E--LY2BtyVLVyM7VjgjEjhj7iF7TYhgAwgxC3B4GDVG_5lppkDMCUakxvfXNBvJF-0ZSywVqsNwTsjFlRWhzp2CEn_1EKAsP_6PXyH1_PK6nVz3KvwwRJ5rDjlRbWitwff77vnIHB1p3Ei4aYr3cvMzJLdm3ffqdctP7CKIBh7ANMhuH8muzSx50FOw5b2llkQKPen1QKoHC5vcIErgqR162N-eYgXMtOguGJ8fXT1004GRyKF0WEnB0t&key=AIzaSyCjh9aj5KcL4_aU4229--ATJhvbcTNPmUk,0.8895152,124.0100549,ChIJJz2gZ19xfjIR8pRllUU_pPs,Kabupaten Bolaang Mongondow,Sulawesi Utara
Wonderfull Bolsel,"92G2+F8W, Sondana, Kec. Bolaang Uki, Kabupaten Bolaang Mongondow Selatan, Sulawesi Utara, Indonesia",4.7,9,Wisata Kota / Landmark,https://maps.googleapis.com/maps/api/place/photo?maxwidth=800&photoreference=AU_ZVEHVvH0hCwT8kbfl9Wwo6bADrbvOmvPpyzZJlT3UsNAgqzy8WlBRjlj0kzYD9M24VgFuVY-c-Kh5MEdPnuXqTRP7mbLM7pqxqkI0juZfcYtf2ebYRwAHfPa7O9D0lfvMLtdThrs7nXQ_-aueXMKWLV6AGyBC4tO6ve-L-tL7oevnMQYTPIzDAz6KB5L3K8NhPzHNjYraKHOuA0EpQFMFixxZSbZPIOIXxXnrEx7BiSR4JZTVD1f5htHDOqtDDEvTrj_Sc8TboIQ0uLVnFSgthFNbH9-4X7lDeVNYEE8G0Woh3cDk-sNfTNSQaoQbGK53CVA1wVzcsD4-_GQxhQddxTzSSKC1Bir6QqA8sLUm0fmab3Be5AOL7IUea6SbXxm8mZPJ1xxbDAzwEoml-ghgioe15vh65eDizwNaftid8J7_pOWC_JLUoyY2mh6rfofH&key=AIzaSyCjh9aj5KcL4_aU4229--ATJhvbcTNPmUk,0.3755619,124.0004576,ChIJZYrX-_ixfzIRcv4OrADUSog,Kabupaten Bolaang Mongondow Selatan,Sulawesi Utara
SABODAM BANGGA 1,"Bangga, Kabupaten Sigi",4.7,9,Wisata Kota / Landmark,https://maps.googleapis.com/maps/api/place/photo?maxwidth=800&photoreference=AU_ZVEEcAU7AMtKR2dXayQGbYGvZNSYSHHE1lRPbZng2et0iSfohoTSzXfYev9z3sZra1wKU4dhpXowd2pGmOYLPd3qm9cmccT7EsddXaImS7owv45VISp9XgzKmvNVol3W06UmA9YEFak2ezQWJBwEJd-BXPWdhQlu88tSPxKu2TXXSOjTfSt5w5kCFMJCih5620L4Ut9CNzUl0j1MvdKW5pU-XjlZDHrKKanOVFUdQxuT-TApbvMJS2Jf4Kp86_rKUCGN5w72a9HAPnv3BdtCkfD5m-reyVNE9--vN2plF-q-USlGvM0iKK2WjbDC0yNlkPme3X0WG7_r4OohnBvBUtlqKuKiSosCcaBQ6TD1Iu5UGGRDvfoIG2qIV_TTBe-aL9-FwnnyVjgImxDC4jnjsvh2rGRcYlmNj6LD9HPauOygKTY8DeGwnu40Fjxu3RqQG5cgNoz5b-bWhZyyBsnv_8aEb2M2ZeEgtlZJOc02Kfd8qBXGdPiwtOggCtUHO48aNwmDh-nFRxd1O6ZRec1j8pDi03GFaSXpbIphx7svkv2lc5dTul8oWTw2n1TtKYN9ynDyOZ53r&key=AIzaSyCjh9aj5KcL4_aU4229--ATJhvbcTNPmUk,-1.2433742,119.9271404,ChIJxR571GgRjC0RNguFkERBp7A,Kabupaten Sigi,Sulawesi Tengah
Desa Bungintende,"VH3R+PV9, Bungintende, Kec. Bungku Sel., Kabupaten Morowali, Sulawesi Tengah, Indonesia",4.7,9,Wisata Kota / Landmark,https://maps.googleapis.com/maps/api/place/photo?maxwidth=800&photoreference=AU_ZVEECpbqWZkS0A6jc4N5o-gA_releGZZHd1gQ3Dm8ecXybaCxeXNz71JWRBDtCbGtEB3-Jst-6340BMMKhRLVucwB4lo69ix5M_sPAKYZRQjfAgFUgVJdbGfvf3-H4VATE0gXnBlIE6kf65plQEHwkUObGuid7bamAaGGcPQaFAOOh903AEMQjMGOvyjQNjzVvvrgKwfTZZH8X9toowV94-mt5ffYvTbCDQnYrYaWBDd8U2jv0_7_mv5qesaiSiE_EDbPO1XNIy5iOhIHufVUHH-4QV_6sWTNGw4-7yr_ojqh4bRrQTalzuDATvbKSAOlVFxjwJd5UeysQqsXp16Bc43-mH2ra2CTc7ywrRIVJnyn0VP-XmxTujUBKThI7tZcEqo0rb6sO3LXeOFcp37IGPtxpF10w3Ns7tldZEFFzs3SeZE&key=AIzaSyCjh9aj5KcL4_aU4229--ATJhvbcTNPmUk,-3.1457124,122.5922493,ChIJQXtLZXbZmy0Rj-PLs0LyUg4,Kabupaten Morowali,Sulawesi Tengah
Pantai FONUASINGKO,"GWCQ+Q5V, Jl. Trans Sulawesi, Bente, Kec. Bungku Tengah, Kabupaten Morowali, Sulawesi Tengah 94973, Indonesia",4.7,9,Wisata Alam,https://maps.googleapis.com/maps/api/place/photo?maxwidth=800&photoreference=AU_ZVEH9NsqnEJaY6foEsnffIj9QfE8Jl7VAFGNeTfi7TmB5y8wxtDeFuX7EXrA_HUsBt_b6FeQThrljdD6OySRk0cHOxp9WZv-C1Vs7vh0HqsqKNCTh8nFWDtAFp9_rfq-1JeDrUV_mZiDoOdcpNUU__Hczs5K-N20VE8pcpuvR_Grb1Tukj8uc4gi0QXlt2XYhlMryFM55uGSKxvV2ptqfjLWUza9sfsNeHjqXVUJxtcTWHzZtOMO0tWCQCH6Ek1xFPAZyzk8BMQDJNR8jB_LCQ889GJqNFmwefJqJsqZb_sd576ngMwZ2XhndirV_p95KtTr812ADn2RmTvTwIXQUhVTuLe4DlKhtluapaipdseGXBpZJGh2np5_31sQ5_tBpgOtPSIuwPCw1AGegI0sCUAEhOAptf21r5mUknMxbcHmfIQ&key=AIzaSyCjh9aj5KcL4_aU4229--ATJhvbcTNPmUk,-2.4780227,121.9379371,ChIJr9r7k2iSmi0RcnmJ9LWcDZw,Kabupaten Morowali,Sulawesi Tengah
Air terjun 801,"3P7W+PC, Hanga-Hanga, Kec. Luwuk Selatan, Kabupaten Banggai, Sulawesi Tengah, Indonesia",4.7,9,Wisata Alam,https://maps.googleapis.com/maps/api/place/photo?maxwidth=800&photoreference=AU_ZVEH5sHmPqTY4ApuCBvEZxYO4uAXr-fD8eR_BSZs3kyrakBrVTC53mcP2nIJv8XlkxDLEBDWoqpahmo41OZ2zwNturOhSWHZNJfFVKcW0s5grZ48E8Fo-i0kOwPJ71V3cQM2f_l1z0yZeTwR46PpPBfJXNhGQAMgKkGAh-bhSzHly-GH8zxoZojt6v54R56ZBDuGyXcIfqETCmKxb5h3YBsD59Yt1WegJAk7nb2jT8oqUNSvHZCeWhqyhs5hbA65NMmJWZC8hwvKvoULjgDrP82vFRSMXR39wcLfL67-dxlDs_Y2TtAmeUKA7xuMnFASfJvFP47euNNRmu_C40SYVebiG8ZvWgWUDQ5tT0xcZESsPTWagLjJArvIZWsxhYB6iiVq7DDxUtCQlPiZsFmcN0WPKOo50NoXyUVIW8ttEZ2xPDhD7DkwYOOy_0VoRfc4x&key=AIzaSyCjh9aj5KcL4_aU4229--ATJhvbcTNPmUk,-0.9356584,122.7460364,ChIJk58aLEGjhi0RAtxTtR_1lfg,Kabupaten Banggai,Sulawesi Tengah
Makakata Beach,"PH48+837, Sisipan, Kec. Batui, Kabupaten Banggai, Sulawesi Tengah, Indonesia",4.7,9,Wisata Alam,https://maps.googleapis.com/maps/api/place/photo?maxwidth=800&photoreference=AU_ZVEGm_yRWqv5sesciD-MSfxL2u8abpn1Sfh5VKktfaEAVjxWDOUpyvK3jHSWkayBD5UO2T3vjQCy1fKV8XvhJOqTOJpt2IZ7mPq3ho-DfJh_Scr4kBzgmmnAQJkYivBj5t-xZ1XQy0EAtuTVuVZWD0yCdUF0p-9_SdApTg1vi-Hlv68vBBFsMCSsqDdPAuzrM_96eK7qL26gyOYQZwE5_Lvu_O3gNsw1_BTb7EnPpFEZV_lES8SNJdJoBWxJLvyn4MVU5gDcscb--M1tgKmNZsLGKjBVmRM5GQFY8NvqULSzd31ybak2JcFIMu5HUUDO2OnEppAA3oGgL5VDVo-ASanc9Kbq9yHL9TjKOrFG5xvjdyjZ6NHa7EvuJSDMz5OTL-byA8NEmhKNnXwypDqYG7J681r94yMn06l1c8esEyiM&key=AIzaSyCjh9aj5KcL4_aU4229--ATJhvbcTNPmUk,-1.2942211,122.5651744,ChIJBXlZ85NHhC0RC5Q3Y0IuLWE,Kabupaten Banggai,Sulawesi Tengah
Makam Imam Syaban dan Lipuadino Lolantang,"G2P9+WRQ, Toi-Toi, Kec. Bulagi Sel., Kabupaten Banggai Kepulauan, Sulawesi Tengah 94882, Indonesia",4.7,9,Wisata Religi,https://maps.googleapis.com/maps/api/place/photo?maxwidth=800&photoreference=AU_ZVEGMDLdnoTQyeWJ0udIXFceORvSUfvoMtS8PPH4vgTPoZE5b-9vrlvKqVJtAtWbahm27Hxu75n-TldyatfGi84mGZ5alYWYynEo7XXWwEl9RcosH6nSpTNyY7yi7c0HDoaIVmi5csGT29NY4HW7ptq0ppjMYvGJk9uCGZoGy1mY1oZeky1pAzKuLpxbIaSsakiAzvzpZeh430GswLHkwvA2KORaN-f0H7ULJbC5KZmwyxR0BISsv5FYNwlBN5G0rz9i8uckOSCUhh_AjhBGJoMDGTNcJ4ZYkmtn7M7RREDRxIaKQw7LuS3-uzSVsENXPZ2cyMEwWirS6Xzmg3zlnr-eVIQFwAGsyz2uOqnuhDr-vwWfFMxrDx8W5VOCzVETOoFWrhoz1PplmC9E3kBDe7FmutJi9-R84914-Vv4rlR8&key=AIzaSyCjh9aj5KcL4_aU4229--ATJhvbcTNPmUk,-1.4626666,123.0196063,ChIJl8lCOXZ5hC0Rzr3ZDSM6yog,Kabupaten Banggai Kepulauan,Sulawesi Tengah
Pantai silopo,"GCFW+F6M, Mirring, Kec. Binuang, Kabupaten Polewali Mandar, Sulawesi Barat, Indonesia",4.7,9,Wisata Alam,https://maps.googleapis.com/maps/api/place/photo?maxwidth=800&photoreference=AU_ZVEEiEOks9WH4eTwBtLc0TFouTutlkDtN80yQ-XZEGF-SPhLIVAOuyYSuzNe_kBmujMYvgDQIAl3qRWYTu7NGyqpkM_2V8RlFeWEb5sr-1N6kuzuo14kkRjFnX03hU2Azn4HqhUL4JqsKKSxiFj1dM2zOrI-lLgiyFtTrE-iiVK_Nakl7IAwbXQEqyEFRzQRCtOD3R8KCJuR8XqijlOxJr4yzsHm8yor4Q_IZLw-XN41ox4mFbcXrMHY-mJ8ZyOBTaWtG-0o3rmKtuRWH_tLtJPeZ-L34WmHAFCaeOtx1PPihiJwZSjyzlCVTZ3N-Lm9IKfLzdjotzKBaAsev9D_FU1YNVwiw-ffo3mRnf4JTUmBugZXBqpSeu2cuTxFIVD2SIvn2qwzLj1J0mcgzjsagX6pGuJj2c-tX0Dc6XOabBsg&key=AIzaSyCjh9aj5KcL4_aU4229--ATJhvbcTNPmUk,-3.4762964,119.4455377,ChIJ6a-SO89hlC0RAXQ1i602g1E,Kabupaten Polewali Mandar,Sulawesi Barat
Bendungan desa tabumela,"H237+5XG, Tabumela, Kec. Tilango, Kabupaten Gorontalo, Gorontalo 96181, Indonesia",4.7,9,Wisata Kota / Landmark,https://maps.googleapis.com/maps/api/place/photo?maxwidth=800&photoreference=AU_ZVEE-ubM9M-EWkwCHVxH4uKfS1NGy-LBJ5hU4DtSXcDvFIQpr2lW6EX93B7s8frIdKhUG01zLRxBC7XzRNXpgi-dWlVoXVcXdR5PRydRZpKN6RT9ZSvlnN6hp_65TQSlPE-XVcueWIVAV6cq8LR8DjGaCJXWmeS8ctqdwwbSWJM1aFCLpKBDjo_hUjMAjwPHZMwY8Atx9Ln74mqW3KknUugh1AeTbNijY9BQVWHNiXNv_nysYE-ApGoseoPxA79kUpcXWfqTHvglNZ4wgAN_49aQWS3vSN4qQgdYwJ4P8cXNLrxpgeKn5ukfTVr3SvOOTgdTbNH-fZPjvAponfDSHlEwi_b4FuyOdcGQvmOKBwkIYPd4kvpqUDwbhmdO7SV4hMlcLBDOZPFeLVPbpoQxqRTS8GXIPGBqCgzQm6m_8W0b99Q&key=AIzaSyCjh9aj5KcL4_aU4229--ATJhvbcTNPmUk,0.5529341999999999,123.0149615,ChIJH7M52HAreTIR5vIQfqWYn1A,Kabupaten Gorontalo,Gorontalo
Leang Cina,"Bowong Cindea, Kec. Bungoro, Kabupaten Pangkajene Dan Kepulauan, Sulawesi Selatan, Indonesia",4.6,9,Wisata Kota / Landmark,https://maps.googleapis.com/maps/api/place/photo?maxwidth=800&photoreference=AU_ZVEHiBnHsuETSLJcxyXgDptZwsBQs3jIUWlsBgKOMNep-1-ppfZ0BSttg8GnY0UUmk6HTK4g0SFl38-mmPIJ6Dn9tgxjrcXq4-WVYjq55Ysh8FWIAOgQBWX6Sl8yWMjclg_lR8oIKC0QAFjompdRrOXP_5Cuz7tZK9Xw9vF11gOb3iTyoXgeMvd8nHu_qzvb7e0aLP_1EC0ccSrhjoSo2OYaTP6OfTeTJtveVafrpZuul4rkd8Gfqi3q95xj-ZBXfeyOKI00u9acNpguEZCilUPd3FbW3jyd8JO3pKr3j8GsGh3-mgQglDTXsCJy1NCbY6sbtbQ0BqAJo-PHDat9-wL_FxVNUbYmpKs4oH_OCn2um39uLm9Il43aDS4ydJ0jwKnackyqLfD2YuB4l0CEDupEkAdGS33XK36fZuvD_FMlhRpAo&key=AIzaSyCjh9aj5KcL4_aU4229--ATJhvbcTNPmUk,-4.801435800000001,119.5213644,ChIJ1ZIiRGxPvi0R7l6NN4KkeN4,Kabupaten Pangkajene Dan Kepulauan,Sulawesi Selatan
Wisata Manyu-Manyu Campaga,"G2QF+6FF, Campaga, Kabupaten Bantaeng",4.6,9,Wisata Kota / Landmark,https://maps.googleapis.com/maps/api/place/photo?maxwidth=800&photoreference=AU_ZVEFRQRm6zxbt4f6UxZioE8JQy95qfLVB-CsIDXs-T3ew7sX9bbHtYDwZBDBovyHIjkUuTbQi8hfmSgr55FJ_0Gu4QeflnOP8MA7APJZIBeuNM0y2G84L6VlkxZ0rfaoguxlsloIkrS8lNE05QcTDYMmFk3_pcsFcPEIYXR6SarDtiUsURLHYGx4mH2GnDu8LFV6JW9rpwIK8KiC3rSrPZazdgdUY1ZgwPiuRbEmUs4lma8wR9Cj-NuqDhkRcoiJM0cCIntwOa35r3z7DTsBEhwlE-1KuBm9v9KRHczunEvZvofoCeVWYME0IjDDC0HA7P8GNg7oSdc9pEWh_qqiuZgmfm6tNfyRHjQCYNujUg4hQN7Emc--uuV6E-d3XaN4k3IzwGOzHLb6ZNCvdl493XtBCrCM403miYKQW2bdsdhVrajGrc6WNjdpsrCAp9VIVi8RmAX9dq0zyXBEw8wSRt_xgBoGpi_n339TFMWwFmRW9CdTAs1YzvHn8TLLQWcurh2rPXn9Vxom4vgw1slNTF3eoOkoSI7vIK7SM8xvAEJKmd6r69RvKKqfFIpzynBvxSGu1ykkP&key=AIzaSyCjh9aj5KcL4_aU4229--ATJhvbcTNPmUk,-5.462587999999999,120.0231699,ChIJyf1sBaqvvi0RGCgFzB5ZFxI,Kabupaten Bantaeng,Sulawesi Selatan
hutan mangrove arungkeke,"9R7Q+XX, Arungkeke Pallantikang, Kabupaten Jeneponto, Sulawesi Selatan, Indonesia",4.6,9,Wisata Alam,https://maps.googleapis.com/maps/api/place/photo?maxwidth=800&photoreference=AU_ZVEHsbHbndGiIm4QOgr0Gd3SBrz1ljYLAnpxKGopJmLm97z50IK_nxRQYXmzqi3vjMh0VpH6hM6CHvb60pZXYw28d2NVrH71awUZ1m3TpiXsMFDIGH2ZYlBLjk9CXFGe8YSvJMONIdoSqZqAddfWI1iUePAmLX2xiDI0WNpCDSB6h8pC89MRSnRbHbL9WRBl7YevyFwjG7SMf5tWLnLJ-8abPdS_leb2Y5bSPivqf-r2rLXXBN4mrM9LpodMcW2WSZDlwwC5ajnQNxAmrPolEYWNI3lMk6wD_7bSeB66fVqlBmJDCuUjWvy-evKFuWmF23cSeZoS0kup-aQU2aOw87bABmUUO0sL3wIy9ha1fj8Al18BD8guWmcLREObgd5jyfqIVqLtBKE6NlTWv-HDhK5PTuxc8sUZ_ZVEi3-trCs9f9A&key=AIzaSyCjh9aj5KcL4_aU4229--ATJhvbcTNPmUk,-5.635123600000001,119.839987,ChIJ2yAJU5hLuS0RW177TWlXzDQ,Kabupaten Jeneponto,Sulawesi Selatan
Wisata Alam To'pinus Burasia,"XM8R+JX9, Burasia, Kec. Bittuang, Kabupaten Tana Toraja, Sulawesi Selatan 91856, Indonesia",4.6,9,Wisata Kota / Landmark,https://maps.googleapis.com/maps/api/place/photo?maxwidth=800&photoreference=AU_ZVEHJgzI6Xm1Kg-qzW5vp9bJdlYkWS_UJqHAMCAkwvzw13_o-uXX7kQW4n-30NqXUAQZ4Zdz-LVGpauTLQ7LnM6B2sEbyTbnhu3uhCfQDPaYrazCcZS_MpsEKsF8ac4gX4yMo7ALbaCvPfnEJ2qJSesV_pd1uu5vdovaVImL66uwYyH_aShG2oqwF2gQmI1v3oix5-HbZ-DG047PmyK6B9yub6ok1Q2Jo_aXiPDqosZpbPQagyWRRa6NJcu3kyNz_OkHIX7sFd8kqfE90oyNQ1_yaj7ZFkV4Vjy4uuarG-APcYUHsEuakAVA-5Q3UaDvvj_0NqHkrWnLqWzuu-gKYY0JX1wZ37GH8e1XrFo8rsOkzQD0TPB0e-M1ixIWaoosOqTQprEpzsnkwZ4zCa7tPC3kXDMKHKoQcsQMRluV84nE&key=AIzaSyCjh9aj5KcL4_aU4229--ATJhvbcTNPmUk,-3.0334641,119.6924813,ChIJGehE4m-Xky0Rdu2PCE1vsGM,Kabupaten Tana Toraja,Sulawesi Selatan
Tongkonan Layuk Ma'dika Bori',"Jl. Poros Parinding - Bori, Bori, Kec. Sesean, Kabupaten Toraja Utara, Sulawesi Selatan 91853, Indonesia",4.6,9,Wisata Budaya & Sejarah,https://maps.googleapis.com/maps/api/place/photo?maxwidth=800&photoreference=AU_ZVEFwt85CpKYDMUKm8ZSxy0iM-hQNixc9jGxbDzg5APoZ-iCq0EN3MX5EfbruGDtnpKTWz7xSYq9JGGofMiiUV-gsZAuvPbDHhRHhOPRhcecLTI65pg7upIibnVB3pishXQbysf4rIb9hkIgSjxYEDgyfRl-lvKKfO1FzU3UK9P6yE_LkH3ZuDsYQIg0DxZxG187V2H2OMkfl5OCwA6vpKC2mpIoqYiB_HHVDXwdffP28BlBzYtetM0HtlNrKnvayDFG2c1FftDpN-w7kNZCNp_lMcmSrH-t81H8b4QY_CzZX9g&key=AIzaSyCjh9aj5KcL4_aU4229--ATJhvbcTNPmUk,-2.9188201,119.919423,ChIJG4XWP43Dky0RYBKEPz1tMgU,Kabupaten Toraja Utara,Sulawesi Selatan
Pantai Benteng,"X6Q9+9XF, Benteng, Kec. Wara Tim., Kota Palopo, Sulawesi Selatan 91922, Indonesia",4.6,9,Wisata Alam,https://maps.googleapis.com/maps/api/place/photo?maxwidth=800&photoreference=AU_ZVEEn8KMEH_08KbiFrJRtURkspgI71PK4le_ETXwrN8S0tsCQARB-OsmFc6EaSUBGoLaCoo8L-TaFMPMroYB1xFTzftxQd0faywB7TvMHMYnXJSo-aCsqZ9DYu41F-dfA-DxnE0Q1dXa99ogHEf66j4OnPNh8juyTuvASqPdla4qNZU9R47ajI_EKl5G02qRhqiWN3X3aeWDfcil508IHPoPizTbfEIBmyrBahlnE07Jpme7nL9UIgZJOFfaZ6RIA_br8J41nG4qiF8iOc0Yu6ULsg80wYbIepBwhDgOicVXqrTEzXg1jjlD59jmvySghmVr8vFbYfD7LrDwrP4BILnHoeDZ2qY98HcVoWH69xCaZWudfTkNOhOJMdmgRSRMFxRi7W4KV8mN9cPIFprII-n6IzvwXqSmTLrGMmsMVS6G22YL3yqXCa0TVHIL1nZ-r&key=AIzaSyCjh9aj5KcL4_aU4229--ATJhvbcTNPmUk,-3.0115656,120.2199283,ChIJyc5__6lfkS0RGj3WC-rrFd8,Kota Palopo,Sulawesi Selatan
Air terjun Liberia timur,"Air terjun, Liberia Tim., Kec. Modayag, Kabupaten Bolaang Mongondow Timur, Sulawesi Utara, Indonesia",4.6,9,Wisata Alam,https://maps.googleapis.com/maps/api/place/photo?maxwidth=800&photoreference=AU_ZVEHjQcdVGQnGWrpxXh_uzcfX87gg6pzEUsbufkpUU0j2Y6g2KVOv_TaOjkDzOfmC2j3ATUUJM2KznwCLOsQRXLNJRRjOsksqUwgjKHNdLJrVYiywicNCrT-aelxRRV1em-XJEAb8CtpzWngGwwyn0YDe25c-wIEOFtifKZdviaHiNBE_EGKVXdbrMVSp3kH7493V2-etTMjGBW98Qage6SZn4tuazNYD5XrnYpywaFs6uxpgljzJZTjuUKwBceyu1NSy5tCX4JLCuLbWp5T82Ak-Nph0ONDMtty3zQKTSZix2w&key=AIzaSyCjh9aj5KcL4_aU4229--ATJhvbcTNPmUk,0.7389749999999999,124.4138031,ChIJrSHe3IYjfjIREYq4-bfJWwQ,Kabupaten Bolaang Mongondow Timur,Sulawesi Utara
Wisata mangrove bete-bete,"462J+X6, Puungkeu, Kec. Bungku Pesisir, Kabupaten Morowali, Sulawesi Tengah, Indonesia",4.6,9,Wisata Kota / Landmark,https://maps.googleapis.com/maps/api/place/photo?maxwidth=800&photoreference=AU_ZVEFB46W3gp18Jk3yygA7KDA6J9WOqS7smQUVm0KXlI1yW8syVvSj_IWiZscZjOqHas8LIu_2QpnBfJYZDqAUT19MDuZtlsHqNGIc_JyKlZmvpp1diKFA1GHFVh-vSlUgsN0AH8mLAB8H2tVaZc08Ws0aRZNQLfGUeQPvtTpWIj_Y4uaC9i2KJ3_gZCqW-b4zP9slCNmEyoCiTI9SGv3Z8PvGG62qyGynC-kRVdQTvJBGJ7dze8xccYVcWRxUUog4DMZD067BnYV2mNRTrNQ4MxC-YY_lk8aWK0UoWAUr-7O-GdgjwVVrgzzIZ-sONIIvfIj1E7kgHZ2lEDNngk2bRtM0g8ARGEsWgJgFVbP_BGrbWgqfIXnfwJtm9dzdBLlqFkJnYuaQvR2UZCO6KQ1qv-P5LS5k-SniUtcoIa8uaMeHfAdGKQPUV4Oe65H_F63W&key=AIzaSyCjh9aj5KcL4_aU4229--ATJhvbcTNPmUk,-2.8975823,122.2305118,ChIJu2_tQ7U3mi0RNgwZYaQbdgU,Kabupaten Morowali,Sulawesi Tengah
Bukit CNGR,"62FF+68, Dampala, Kec. Bahodopi, Kabupaten Morowali, Sulawesi Tengah, Indonesia",4.6,9,Wisata Alam,https://maps.googleapis.com/maps/api/place/photo?maxwidth=800&photoreference=AU_ZVEHp0aLtqUj0ZBXtiUCB2FSOedgpaXgxHkfOIyxxPmN6T8SS_qywxJOFS0VxeZbbWF28cXF1BfaZrb7WaqdWbGXFAa2I7k-_X4swFCGJevPKbIwjKdXNV-kopn1bW6hfgcV78OmsbYuRGBT1xmjURvmDxlzuSzXrmdkYA-MdnVkk8c8OSiDQpVH4lwP7dvdMjrNpYb5YP4KpZDioz8w_TaG0vG2VrZO6mmlHPhZNaMOW5clGc2y-5kLXPFt8nOu9oWrvO6JPG1HzL7BRyv9Jva5RUg2Ll4993r3VvLJ93SEmWL-Hl4P926XjUb2x6-8z_ePao-5nUCB1FfMk4uRsXvC2az5Idl4KBI4PaQj-iPVkEgtwBXj2hfXKHiOdkUFQb_w6IAvoPhIwDdlO2-UPIuYVbwpZ5-B6m4QBi0XVVlGBZKxljLgpt4UBvFuvq9si&key=AIzaSyCjh9aj5KcL4_aU4229--ATJhvbcTNPmUk,-2.7769501,122.023319,ChIJl3MaPQBDmi0Re2sIej5Lq28,Kabupaten Morowali,Sulawesi Tengah
"Batu Tiga, Tanjung Leok","Tiga, 6C8M+792, Jl. Buol - Gorontalo, Batu Rata, Paleleh, Kabupaten Buol, Sulawesi Tengah 94568, Indonesia",4.6,9,Wisata Alam,https://maps.googleapis.com/maps/api/place/photo?maxwidth=800&photoreference=AU_ZVEGn7bOFPoW8TjWgyPKolnFGFht8k1XnTkKvVqZ2fmhjUchPLRevBQWPd9s71OuZB86zIhflyA5crP0R4rR57eGvFoYpPl29rlTrtg8nZc6e2PZNfrHFM22jqmTxucxspWaCeTkjzJecejPjSUMda3wLje5tF7r3PdsGOtBPCVY69oODWk10RIGiSpjkQHStRcW1foNv4zt7FUT10lneNpbo86lGIJJov4qGHTWpHM0HatyYUNSwiDjqWCNy4aNSXHfxJlN8GCrmG2lNAdS4tTcYFJRBHHMhyQNgdkZWaY3mo1W557a0mmaOjbW7vrJJpqHBYp7w6-Tv3UFBWblRMDQcgctSBpKWMYjQjMfYywLZtLDO0_X7TzKtIW3vFamONWv8CWJQs0CkQPMHVRqJjeXYXvwF2RiinCNYfddUVNrZRA&key=AIzaSyCjh9aj5KcL4_aU4229--ATJhvbcTNPmUk,1.2156294,121.4333955,ChIJ485n8Ee7cDIRVek3uggbm9s,Kabupaten Buol,Sulawesi Tengah
Wisata Sawah Bapak Tompo,"Jl. Monginsidi No.30, Mangkura, Kec. Ujung Pandang, Kota Makassar, Sulawesi Selatan 90114, Indonesia",4.4,9,Wisata Kota / Landmark,https://maps.googleapis.com/maps/api/place/photo?maxwidth=800&photoreference=AU_ZVEGY02-YmTrd2c7s0YDK4kFM96Wcs8KuqYjOd6yE7qtEM9Z2eHEBa4moNerFWkrQGULDdBr1iFwkd_rjt7syLrIoO1FHLdOHzKmlwGU5I4dlmikug0TC7sgVNDJlr6q60djy40zMi-g4frlpw_4QueTnRnrRo4S0U0XNdR3IdZNnUfARBaUpnx4DCPYM4tdAgxlBrFKRdSZi5qGvYBALF4Fa5T2sOb91Vqx4e1yUDXM3G2k1EkYrMyVCdXy7IDkbiAtSoRvJGY_SMy8HYFRcBQq_QuOrl5jq5Gsjmcp24d26bXuutyYuzKYBUN9L7xD-yMocw71a4unTJiRBP1PMiHuBUfspSl3ZNtokzJkL160cWKYnE1WtmGG04rVqdqM112hGVYTEz3sdHtwDFc6VF-BpxFpvxiH_9F0MQ8A9OjeeEP2Y&key=AIzaSyCjh9aj5KcL4_aU4229--ATJhvbcTNPmUk,-5.1482,119.4183631,ChIJbyC8jqfhvi0RF66yusuiB8w,Kota Makassar,Sulawesi Selatan
Pantai Mootame Dalapuli,"W562+6HW, Unnamed Road, Dalapuli, Kec. Pinogaluman, Kabupaten Bolaang Mongondow Utara, Sulawesi Utara, Indonesia",4.4,9,Wisata Alam,https://maps.googleapis.com/maps/api/place/photo?maxwidth=800&photoreference=AU_ZVEFtDa0p1idL31Fqjtcd7yG8wyB4J-axntgxuaaD-QtzY1ATQW0i1Pqxx3qVsAXqlWGe0rsf7tuqzRtlZFlqEnROl-AGn9qh8A-NQbVuYKLASTXaul1NjWrwCGltUlW7AQnJYDTh7ZDZnzzKPFAZFoKDo8rxuyjzQBcP_6NHypilWtV6MVLwDoOiIdFONNXW0JkI4q2Dp5hdXXo_GVSPWWHUOKvAh1lCVqRHlM48_u_MqKcvMwJUSS2fX1TdEuf1_cX9Lg7-1W_TOeLkS-3fG4w2wmOIwmKaIoo2MCd_4usNiBuyT4k5MwqenmtPvlmnPViutDQHqzfIRIa-_INVSXK8WN0H1FJbrZxpro6_eqXWRYtTkKMv5HWuUtQEXdOnPlrwsyILCrZvgTbkJS66A0-s4Jz-fSy1kojFzcEUitnMWQ&key=AIzaSyCjh9aj5KcL4_aU4229--ATJhvbcTNPmUk,0.9106199,123.1514506,ChIJ6fGf73ytfjIRdmOiNN_FP9Q,Kabupaten Bolaang Mongondow Utara,Sulawesi Utara
Pantai Popa,"6VX5+6X6, Kayumalue Pajeko, Kec. Palu Utara, Kota Palu, Sulawesi Tengah, Indonesia",4.4,9,Wisata Alam,https://maps.googleapis.com/maps/api/place/photo?maxwidth=800&photoreference=AU_ZVEErF9D89ecn1K5bqUePwDWj3BR9Gb_sQMITs-QhjBtT5AcqlSZwYoLEO506lGl-VBVuqnQ592jfG7qRNAfq4tmFsWxjFdzPn7N8MIo5vN8MKaBL_5eqj0fM4Jc62TAsJzQBkOkSDhopuzA0KllMh3twnfQCvZt5f6aIFIEt1jcvyl4HU0FgjiDOV7iHVOKY9K_1gRyYppKvUwM3mmae3y4z98-2KOFQ8Zt4j8ebevGHVmbzT8JMTfzWvtEkO9a8NbREOijjnKdmG70WIit9ghxRiDluqv9YANRQDyHmG6wyNPc1QOf3iWNj7vybZsFWgUkB7bG4PipJR79UjgoApYxNYE72ZkoT7u_Qngb43PDmyDyMLB-UEn5CazG5OURktQg84foSJcfuWL-mNNyPYzVRh12KllhA3xPYbeXdNnnS4xM6EhvVOK8sL1E9yLoo&key=AIzaSyCjh9aj5KcL4_aU4229--ATJhvbcTNPmUk,-0.7519639,119.8598877,ChIJUQC8HADBiy0RGFW9QdcHlC8,Kota Palu,Sulawesi Tengah
Air Terjun Sarambu,"X6JV+J67, Sarambu, Kec. Porehu, Kabupaten Kolaka Utara, Sulawesi Tenggara 92981, Indonesia",4.4,9,Wisata Alam,https://maps.googleapis.com/maps/api/place/photo?maxwidth=800&photoreference=AU_ZVEFNfmLyWTBf22QpzUAlWh4V5HMEvUREi_97Iptb_NScjYA0UUaVtFrgmbvxe3-xuFzBM7nQil7f4aUaiXgrbpGNMO18RhopHLHjduXX9TYb2IcS2SmdR6a4mwu9fJ9qVMPHFiqH8cjC-K1OOOtAPix5VzGuQQmwH2eAW6MuDTN2o-AvlM9E3ailT7VxKRit9fftPlFEuARfaYuvmHGWZTjahDwKZGnwXvtD7Kg3S4lyxHnXlnl1qCWhgZHG-kt2WPTkyB-sQQt6-ZwjYZNP3LWanUmn3S3BdGbLCGw42enjRwaU8_F6iVvPG26wGOJzITqRl7JTpGUdHLQHoE7pZ5PBYwYQ8fLUBhrSdLZn5WvVTA-4vvCcojrX0eeDPiGN_Zfk7lSIuzFMs8ARO47GJuQ4wxA6tv8r3qNtwR8W7tSemBk&key=AIzaSyCjh9aj5KcL4_aU4229--ATJhvbcTNPmUk,-3.0184543,121.2430562,ChIJs4hAFPfHkC0RmvDACFB3iHw,Kabupaten Kolaka Utara,Sulawesi Tenggara
Bukit Bersantai,"9W58+3W5, Wumbubangka, Kec. Rarowatu Utara, Kabupaten Bombana, Sulawesi Tenggara 93774, Indonesia",4.3,9,Wisata Alam,https://maps.googleapis.com/maps/api/place/photo?maxwidth=800&photoreference=AU_ZVEGPxx26VEIGUPFoAIQQTJAHtVhxe6NDifqdwsBgXighNwHK_fsS0NvH-GhtqGTLxQZu8dw9VA2TKSDGc15fpzSZu1XactkcBIo6Sj9GAxuYu4Fbrr5tNeFoIzRC3713cK1Q0KYt_1-YHrm90sbAl05dAAPy8LjLJYPVNN8dbfRcjlLGWg7STwr7bJEY6Q_BgjKDBnG5OzFYr2WYlFcsAkqxP-jDglsaRaJiOAZyFXAIF9rbc2Lfn2MYCETeFORfse75WA3T96ub7PYdQk6XGgoqFHP2aJQ8tYwkZXwKEmtiHoqc1OC5bTps1SjokTPewxe1juze2TiHT3H9iOEt8vXYHraawm9aFp5rdjAJbBryV-v5N-f_IW3ZhGlzBQfrDQPmWWNV7wb2cSvC-mfI4_ROwipUhJPbHr7hNxdtEEjVv0U&key=AIzaSyCjh9aj5KcL4_aU4229--ATJhvbcTNPmUk,-4.6423573,121.9173726,ChIJLQrsX0TBoi0RPTzch__AlOI,Kabupaten Bombana,Sulawesi Tenggara
Bulano Perintis,"Bulano Perintis, Boludawa, Kec. Suwawa, Kabupaten Bone Bolango, Gorontalo, Indonesia",4.3,9,Wisata Alam,https://maps.googleapis.com/maps/api/place/photo?maxwidth=800&photoreference=AU_ZVEFK5YBTnwYZW8uqKDZH7rKm7tFRYyjFEDouTfIG0ONs7uMc3BtWvkBfmkL4ZGBJuhUqEE9Bc6xGQ0ngjNxWaMlXoSymwxPF2f2Xr7kTbecnpJT4WXUbHM9TUiicTzW4t6olm75sDwoF51g3v5Siue88qqwa0C2DejwYjPe8Wmb_IspDbufZR49dMOKDtEVN54OE0cWQnT4cIRST06VqssNwEnPUdoVZCpnEAx1XcHmmyeR9lHTSdkpLa_c0qSR0aRg3of_oeAQqbCvQzCvlPRSVB13qELQw4aRRYJqe0mleZG35wo82tceB3K9nf7AFerY17mJrQS2LSXIHuccXSwZHiYLU1S5O-R9iLMQvz_JragN8evh0c1BA1NcgkAWAJwnf-7SFTUTjciFh463lzzJe45Zlkiew0zGmS5Qj4zn7wVM_a-C97y1C6kZNV6yn&key=AIzaSyCjh9aj5KcL4_aU4229--ATJhvbcTNPmUk,0.5452777999999999,123.1463889,ChIJV8r9f0fUfjIRe4zp4-5hbvk,Kabupaten Bone Bolango,Gorontalo
Air Terjun Kembar Kara'ngasa,"FVWF+3P4, Bonto Rannu, Kec. Uluere, Kabupaten Bantaeng, Sulawesi Selatan 92451, Indonesia",4.2,9,Wisata Alam,https://maps.googleapis.com/maps/api/place/photo?maxwidth=800&photoreference=AU_ZVEEl88mkdNxTec7ZD-y9rqD9BSSao1846TBjhri5wjIsJ7U_zKB3pbE47I-MPRfs-o6Sh2b9EwxkJ8DtBLWPzXlwwCR6RLIzOGVfbGb3m3ZtYvaqeKeVrCoTjuaVY09VPNO9HHpb88RliSh0mp60qgnyvduqunXyRio4TFJkpZfRjjAdHheFReOKCqKjpB-jUa8xD_vb2z07AG3CssqoNoKe1VkffPBjpubihZ1dMeRlhFrwPdIbUczjwWN-aqCrThMkKJMOe67ncl54-BRm5L5sNcw2PYlYXK4feMqFlM-ycmVFrqqsOryil5_IC1QqcsxLdvM52N16AG13WnfB6hb1wDP14rFPsaHq8nAYhpLLaxflejeNtTcJK2n3txyQH8Vx3j92Lwahd6WiX5xGdHxq532fnoMJWMi5guBuuLgTot5Z&key=AIzaSyCjh9aj5KcL4_aU4229--ATJhvbcTNPmUk,-5.5048589,119.8743169,ChIJJby9wQy0vi0RyLrJeyLtjWI,Kabupaten Bantaeng,Sulawesi Selatan
Pantai Kayu Bura,"7465+RXM, Pelawa Baru, Kec. Parigi Tengah, Kabupaten Parigi Moutong, Sulawesi Tengah, Indonesia",4.2,9,Wisata Alam,https://maps.googleapis.com/maps/api/place/photo?maxwidth=800&photoreference=AU_ZVEH8aqFJMhEdMr-sN9k_-Yrb0hyKmKNq1Nbf6GDI8htUxqHK-udrkX99JeU39D6fNNnLx50VoXl0ZvbtWbbs1v9XVeqKAjagaiLCUsS2nafzthW4VDEHVseOVwHEIu9ekKpYOgW-QeEuUV0hjixIlqzWdT5183X5LDtDttb9M-eprNAMUSHiHuX4yAFhvlcGa6Ls294tBppw7Wpd24b_ckk0e7eKAa4pjWNAgfUh6WqYRNDtubK53WTqgMjOubcD8W7aWC-Wp12UQSnX58mpc0rPE-i_yi-dUXvd24rMtoYGbwPgUFNPQU_PNvVM1yYKUZzBiu4N8qyWApBJ8AznWVgiCfZJiVT7lZoN4kiDrn-qhvwHQlk1gmKEYAqjbx6JjXsxlFb9xqHorjnzWBkEsO_EcpIRb5a6NfGSt5bQQ93uxB4&key=AIzaSyCjh9aj5KcL4_aU4229--ATJhvbcTNPmUk,-0.7379243999999999,120.1099299,ChIJxc-BipXfiy0R_kOA4i9fAsg,Kabupaten Parigi Moutong,Sulawesi Tengah
Teluk Indah Desa Lalong,"4368+MXJ, Lalong, Bangkurung, Kabupaten Banggai Kepulauan, Sulawesi Tengah 94892, Indonesia",4.2,9,Wisata Kota / Landmark,https://maps.googleapis.com/maps/api/place/photo?maxwidth=800&photoreference=AU_ZVEESvle12Dyx2eASjRG8tdBgHOBr2qOjOrxEyt9I2yFUe1nhNLBjWJ8d9DRXyjDy1LulwBdTQLtJ0OtZqmRvrnUj5w3l4KYH2pW9wbNYahi8JQqGSFwgPix-Un_0x_q77eM6_kug8hCnTztOzA2BrQ8sroM-xFDMOF24XAw4B-yV1d0PXwsnkpw4JHdBYkmYGulrpKn_u4UE0fKI2LXPvTsKbFi-P-ZyR2jC_9QMQPucjhduys_RjcmaR09bTvh3zgStzeAND4Fw4jT86Q-agxGGLuh2RyQ-sFSgH9tSkMoQFrtl2oZQnCCg_Ej9wDNHwfKu20HVgHVnKJUNsAWR3cSD6tWuoGPFBsldMxuqpQI0GfSD_PN5hbztHnuLLpy51XXza8RRM5FnRW2zQjqC6XXfIVfTaQEgBCUc09sPG2TtX56M&key=AIzaSyCjh9aj5KcL4_aU4229--ATJhvbcTNPmUk,-1.8882807,123.0673891,ChIJzexS47KnhC0ROwvwX3E8S2Q,Kabupaten Banggai Kepulauan,Sulawesi Tengah
Bukit Kromo Leksono,"MJ8J+P2H, Sidodadi, Kec. Boliyohuto, Kabupaten Gorontalo, Gorontalo 96127, Indonesia",4.1,9,Wisata Alam,https://maps.googleapis.com/maps/api/place/photo?maxwidth=800&photoreference=AU_ZVEELtvo1yj-_yaZRv-xnfOloG8UIVbinIwJexyRxPdEvU6VkzTJl9oVEvctg5zVo1fPcBsf-_8dikSAr9nkJgYYKUJKXPMdupjSkwztagvll7WB0-iayhJ0g0HBVwPXhyBkGiGZCVnTgmOCAHBVqhZrDdukPld0RAU3SKzVTorANLHU0466fb0R6wOYkgHfGHvLhoeXA4ZhUUiq77NvCeVYVadaGPj3yOy8RvQUrM_U9Ts-EpVt7A1Xj4EFKG4B67CEU0D0NBdOvJJbfxpk46Qr4vQgcbtL6S8X7QfpLeSI4guT9rTujQ6iX12ld4SoWivy_GHcMZkl0Db9WpIovz5wxSdxhg4pUClPa2YeHpCyzCUAlLi0bKs_salda4FiHmHzsndT26SALOKOZ29R-yin_txkhtlEF9OemI_NXsg1BFMc&key=AIzaSyCjh9aj5KcL4_aU4229--ATJhvbcTNPmUk,0.6668187,122.6301127,ChIJ4UBLetUWeTIRFwpCyt0pGVY,Kabupaten Gorontalo,Gorontalo
Agrowisata Pangimba Bumdesa Taluduyunu,"Jl. Gn. Pani, Taluduyunu, Kec. Buntulia, Kabupaten Pohuwato, Gorontalo 96266, Indonesia",4.1,9,Wisata Alam,https://maps.googleapis.com/maps/api/place/photo?maxwidth=800&photoreference=AU_ZVEEidgFE7z0Ai2esomJHiqxDyRYVhx9UrbGuWRAsVRZyc5LP8mtqiEsZGAwYP7E5ogP4JvkggZ2OjoWR8NOlhW5rstzgFTZ2R5LWG1YIoCJP06fakhuvKsM-X-_6tZQA_1um8bznUxLVB7rtnUYYYSkxKDjjZ7KZ_Sj42RMh4-w5wgnbhcxYQ4UlKbR7gsbGqgGDfinvrOTaopjAes4AYq0jtDS46bMZL12daH1-4-mLD649i8kvmHBaFO_8GtB35bncJ-hdyCNQpFJVDk0JNF0l8-I_UjvnHQ3pri1xbls&key=AIzaSyCjh9aj5KcL4_aU4229--ATJhvbcTNPmUk,0.5020093,121.9360098,ChIJg34tg1U1eDIRHLkbQ3EyRfo,Kabupaten Pohuwato,Gorontalo
"Pantai uwe buro, Palu","5V7J+93W, Jl. Uwe Buro, Tondo, Kec. Mantikulore, Kota Palu, Sulawesi Tengah 94148, Indonesia",4.0,9,Wisata Alam,https://maps.googleapis.com/maps/api/place/photo?maxwidth=800&photoreference=AU_ZVEGTwcnLrDw8mTcp6TSob-wyvwX07_fJhoazAHIh4ApgNaikQARFyi8qE5Lblrnw0NUBbjvGocEggkwCNUawYy5XF7ZphGeY94aZIKX99zi2Pt3rhTlA1odLajSqlS8hkgfQ_RoO1208qIlk1NBjoo2Jq6g_l0r3F0GpjWnEkHhrLSxUqnYzdb1jlUGnlwAOXvLdo43t7zrfG8R6NyCGujeN1dASxvPZcUajfilmUc_NtQjAYk6PFE5LdMsdH4Vujo2prKCli__2jr99QRvWLv1QCNBnYnSEpzHsQ468_MxJTdBK0Eetw0YQ_h6EozQTQmGP89dtgaZ5ZakfPpcELPPU2sn_F57ZbLojVD--hgqAqu3rwL8E7ctdMc8r_BCnf7tGTWF1673UjQxmD8kgqjq69tPn3w-WV43sCIRoW5oGnIGS&key=AIzaSyCjh9aj5KcL4_aU4229--ATJhvbcTNPmUk,-0.8365136999999999,119.8802121,ChIJLf1uCebpiy0R-zLcVjrSQU8,Kota Palu,Sulawesi Tengah
Desa Pinogu,"GC3J+G3J, Pinogu, Kec. Pinogu, Kabupaten Bone Bolango, Gorontalo, Indonesia",4.0,9,Wisata Kota / Landmark,https://maps.googleapis.com/maps/api/place/photo?maxwidth=800&photoreference=AU_ZVEEErnufgkXYRLvDacbeTYvfypibYjLsAiksS6V4_h-8WqOigNYrQt2eLYbF8IeEXGtCg0C8j4k_-HPEXffvovktcvcznV2y0wcTiL4134r2IBTE4NQdeYh1-Ki2pDiCYgtKTVpRH8OLEF1Wynwa-6lsBiuCDY9uOf_qe2BHrcEhipGczP9gJk6OaZqYYo_wK29PyXkwsPnEv1iKq6e7II0DSsaOeniG6-qozcgTvniDJu0bTlpgBrkEy4SyLOcO0t6u9oKhIB8qSVfYb9bwggUw4xo31sBoI0xyMBRfWdpM9tX-iDlc-eFBVH1kd2RLLJ9XEoxbJR72ATqRjejxNvVSNeXOiCPZY_h_PzTFmA35Yyfp9s_Bf1Odz_23RAXtiCDoARKeRgtlwkBaeTwyYWP2-aJazcLIHO6WEKh8MTYAK_iP&key=AIzaSyCjh9aj5KcL4_aU4229--ATJhvbcTNPmUk,0.5038313999999999,123.4301392,ChIJXwy4oZbffjIRNzuVHPZIqkQ,Kabupaten Bone Bolango,Gorontalo
Wisata Sawah Golden Bridge,"Jalan Rantepongko, Tondok Bakaru, Kabupaten Mamasa",3.9,9,Wisata Kota / Landmark,https://maps.googleapis.com/maps/api/place/photo?maxwidth=800&photoreference=AU_ZVEE2X9Qox0H801slred9jSw3ZldZyd9NqgEp4GF5zyx9W9KOKhazuY7cO5Wz-SQ0wUQ8eohk_VmE3_W8kucNJcZ9tvLxguUSLFPkmVHJ-rCU9B5yad-mTUOTDudUtwvDsA8RLwWOH0aaDJ-K1gJkH8mLLSzOFfequ9_XqKTEMhZnqlLyc_L2KAZPKanVpHN5KBjd4cKf-BqFub2A4ypHN5B1KjlKyaojrnC34QohRfSIaQRb5ufcFKsNOPfAL7D9plbTHuBxQdOcXFe7vpGV2V9bMsIf8QYoGMHaTtGPMDhOE4sqcGE_c9yBE4lSSJVmGHNWgJSXdmPmTtTV9L10QJF1_obVtBQg0rmU1DXn0fqtFtjjAYUwmKLGR5jCm3yI8JLGS4UzLM9rN8OTu8BM3q10xRz5yv4uzwEGsjbPCrwPGp0JNaqLA6Yag3VW2J7Bf-tyq7Nw6HYIL7XkGbX9bHtPyQiUdJqxmZLI7b7mYiXOPjlrS_3L0mJWH1xnxgmLAeisLHGfDjvZ8B8CAX2LklNs55ned14zYb3KRM3qy83lfd7uZz-oKD8XCB7wIV3CK11iD5Pd8PBoEA&key=AIzaSyCjh9aj5KcL4_aU4229--ATJhvbcTNPmUk,-2.9253097,119.3827446,ChIJ580uuqgLky0R2-GavdQqK6U,Kabupaten Mamasa,Sulawesi Barat
Wisata Air Terjun,"HGMW+JX3, Lomuli, Kec. Lemito, Kabupaten Pohuwato, Gorontalo 96468, Indonesia",3.9,9,Wisata Alam,https://maps.googleapis.com/maps/api/place/photo?maxwidth=800&photoreference=AU_ZVEGDQqW-oXC4Ph-Ti9jofBY1gGWHp8zanLxPHNE-4-T8jUtTjE_j2mPfDi0abDoanoRap6TmEJI2o_L4TyMKOFpSjVFv8OZLc4WOVXJMDcbV5d9u20i9uYiJvMRO_hTMOTaaFpcx0QUpneWopw6zDIyrWVd2DEZk1D2Oe1RJxz8xUHqwXBrV7P3j1KH_xYdposje2j04BMeldduWFAU5x1oDxhPkvQg-_zROeDmewHWUU6Pac0czSLF6bPIpdew9DV_Wqp-rE4Cw65tduF4ycg-aIsLHbz_udIqEiaDPv6YoktaRzGW3Hxl0ej2bbpDnmXcsV7NhpcYmehCmQ3Cn1c-jKegsMbPlvKyvs9WW8QcN-qjtWdLU1p4WjVnd5rYJWmkdHVUl-ejSQ6kVQak5hb98yqzW-L7nxKgl719sbVYQw8Ucw69c5iitQThwPbbK&key=AIzaSyCjh9aj5KcL4_aU4229--ATJhvbcTNPmUk,0.5840107,121.5474239,ChIJm-a_PgV8dzIR91ae4RXbczs,Kabupaten Pohuwato,Gorontalo
Lembah wisata TMI,"HV99+J37, Tanete, Kabupaten Gowa",3.8,9,Wisata Kota / Landmark,https://maps.googleapis.com/maps/api/place/photo?maxwidth=800&photoreference=AU_ZVEE0oW-d6gNX-BxL5WWIXTvcA9gzFbeh9bZtGRJSKhyqan6AahJ1y32ubf1x7A1Ir0wZK4XfNcaRqDpJMPNxmiNw3mynncCyP43E74xK_ELWfAWvCAWqIF3XwAExJXdBHzhDEZiuo6-aFWLBbAHe6eqVNELqZnjuqC3umXM2dBtArHArVcPZQivIdFom73HSlPxsdAzM_T_CfO4AkSfuQeh6pFFIBJtvMWrzvlUkdhkVyYw6FUdRv-QUYDTIxClEk0k49qjsdwZXADTrFvY5NZAiKECBUpndVK2eUXQ7hx2db9XjUWTllUyDlpi3X7xAlP3eOt_t4yljgwxbqdovbCZbxlF5eyrJn6GmzpwMJixG2ecyh4b1JrOoacC91tnCaNUdPi8EBH05pUhbnyu-w1RxibNGHtB-MZ3ZGJpncy92tdEK7vWHf17UOJe6xAmScAlf0p8BuX-6PnueOoocapQ7kK4JLtHW0C4ekEF9zYPDQE6p7HpsmFivSYIdgDfuuFtR0yuEUrmt8WuCNk_7xR8pHo0Ye_6t-1Zhmdc3Q8ZVfQkM0zB4riUsWMLvFlKrmi3iKfs4&key=AIzaSyCjh9aj5KcL4_aU4229--ATJhvbcTNPmUk,-5.4309569,119.8676563,ChIJRTaHq_e3vi0RMhC_T4OnCC4,Kabupaten Gowa,Sulawesi Selatan
Pantai Babana,"9CJ8+7W6, Jl. Andi Jaja, Temboe, Kabupaten Luwu, Sulawesi Selatan 91998, Indonesia",3.8,9,Wisata Alam,https://maps.googleapis.com/maps/api/place/photo?maxwidth=800&photoreference=AU_ZVEFXBDuud17EEicqiLTOUTTOoN-ieGqIWgRalqIRntSFGl1eWC63MmpPCYxRLbZfhtqCtEw5c6Ltyd2XSLxi_W8rpTgQ5niocQfn7u2eyPD1NKoUqvXNleDposRPTpu5d73KA9Xqxm_JabQ04qsJQGHglPyY4BxGrDKArheV0t-nqFR3IztysJfwDjgBL8EmofX8C47rB1fm5hLTCgwYzxa0JhwQUli3ZA2Q1zNdXRuSqcEKKuyzCkzuKDGYtIB2P9iLOFqy6HTLw3Dkb1wuGakSijeM5w_9dHMZIYUnZAQRwLiiX_MoY_ty3w5KNuwquRUlNAVAZ5r072jShGssVZe5s6FcX6WmB_U-Wh5CktCfmDBo0dod0bGQIIzzweKOTUNAGpy_Jh1_eM5cdz-Iyn52acH-spwp4MoyErbuaokzXA&key=AIzaSyCjh9aj5KcL4_aU4229--ATJhvbcTNPmUk,-3.6193405,120.4172584,ChIJvTSui56Rli0Rr-zRiNhCG2I,Kabupaten Luwu,Sulawesi Selatan
Pantai Polongasa-Ds.Towondu,"G94P+GC5, Towondo, Kec. Suli, Kabupaten Luwu, Sulawesi Selatan 91996, Indonesia",3.4,9,Wisata Alam,https://maps.googleapis.com/maps/api/place/photo?maxwidth=800&photoreference=AU_ZVEH0KDr1TGCvZaLcWnlxS6FQkxvW8eD44RPMbosd-eRV4BigVmoYIYUo7H6xr6dhwYOSUP3fVHsUcrs1bq8WQ_2rl-e9KTLOKAvd--m89B8Ag9ZGHti1jtrTbNzR7tsO98WrhCMrqMGX0_SMJ1GqviYwUwApZ-RrYeuVHdgpkcLPYnYHiShApFDonnwgbeFDvGcNyWH-nkdJA4rJIPYKpcNoIvsOTpvqcC7XGcpKXiI2AhleQPg8qdnF_QPEXAGQiiE5vs6PklxL-dn671QHrQhP4w5XDicHoRtXVB8-UGfOq-IUj-CDbNNrEF1bZmeqXTkqFi6LOpFvuLhBhg5cfaszCzJsuyyt3RZpmJ_5WXLcIPAN4dEzWlF0Wsbj36R7l_a9GONu4zvvu0YmKR3eoGZhzaPU8FvsyDspgfUEWC5s6r3E&key=AIzaSyCjh9aj5KcL4_aU4229--ATJhvbcTNPmUk,-3.4937473,120.3861173,ChIJNz3k0JW9li0RNeIhL2g8d7M,Kabupaten Luwu,Sulawesi Selatan
Taman Wisata Alam Danau Towuti,"8CQM+M8X, Danau, Kabupaten Luwu Timur, Sulawesi Selatan 92982, Indonesia",3.4,9,Wisata Alam,https://maps.googleapis.com/maps/api/place/photo?maxwidth=800&photoreference=AU_ZVEHFhYJFafTirjoaf8V_oO1Qnd-83Th23GAtEk0aSMM3XVGghFHvnJKTZvHx1iC_-_eJzSVMMbQ7_BA53QCMjQFvpDmomTvICq_rKJ_5gFp5a6vpgHdffWUEnI3wTGEISYtNT6MVuFffs-ZbrTJdqFZlKpn4hOlKfYCkCECxs4Y7ip0ZwpkTkKphwSQO7UKeVxRaI0qwgTFb6DfnefyHtbSTZQ6rYm7Mfh_2y9cJS_A9wcwrBQQENHhgvsFtoSJZDsmj540rjpOTdREwFUPnCeOzg840CFmXV_2Xy3YkPcFzjtP0I0g-vAhU5dNNIQLF5XWYbzuaeEsCwI9CEXu4nz9R5EtpEbcivqm5bd-Be0U6IwDwJ71WVHdenCSHs3h-iSb3pyTOXY1yJu2WEcIiu-G7gRAN0LVqL6MWX2_jtDfzpRM&key=AIzaSyCjh9aj5KcL4_aU4229--ATJhvbcTNPmUk,-2.6607721,121.4333573,ChIJI8rmaqGJkC0RJzY1m-pJ2dU,Kabupaten Luwu Timur,Sulawesi Selatan
Pantai Wisata Citraland Palu,"5V9J+63P, Perumahan Citraland Palu, Tondo, Kec. Mantikulore, Kota Palu, Sulawesi Tengah 94148, Indonesia",3.4,9,Wisata Alam,https://maps.googleapis.com/maps/api/place/photo?maxwidth=800&photoreference=AU_ZVEFb7CNLzXnM9xhfN9GE5AfaMQZuiJje7QhuAMsucrpLPEc-b5ZP-utgZD46niSrLuq5dnELyELf0MblFCGDVmYwNGGujGUyxRKdr_wdQcOG_P4GqZDZsUyp0aG_LJKEjdf6FJAikmVzLFbcFgfQT7Tr4hPbqP3m_w9raGaIpeuOfQHqHXS4JmyNuVMw4eWZJa68_11HjS8AgxfZLkXqRroAf3nanJiyQW0yxK-8k6NiFjkLyhW8y7LeGPGidcxiZFNpdT02r6BBt_Sa5FmkMpwXEIBNMN10sGthwovznRrxu6IU5dVwyZCnBqFYK_iZcKe0yxMSvzUmgQQJK6RFNGwo1o3EZj2v8Xv8q1GGUYVCIJ_ErK1juDs2tcYkBK_hIb7MddlBjMNxGOlucnV0Mh7aotCTMEo1UnE446iAft6x9g&key=AIzaSyCjh9aj5KcL4_aU4229--ATJhvbcTNPmUk,-0.8319181999999999,119.8802183,ChIJtbTClX7riy0Rkf6u8Cqxu20,Kota Palu,Sulawesi Tengah
LORONG WISATA SILVES,"RCXM+XQQ, Lorong 2, Balla Parang",5.0,8,Wisata Kota / Landmark,https://maps.googleapis.com/maps/api/place/photo?maxwidth=800&photoreference=AU_ZVEFu6cFs9-_a0Zd43iwho0JUIMT4nQlA1hU2kvy21Dypip1_lWMrXJAjNjOLddbmGhD2oPVIaZnqKGrZTviZ-YXX1vs7PH7vBpGAF4YAr-DNcM_aupBIPI5wprqX51h9qq7Kj1trywJz2aMqq7z3MMkjUyHJp8y6_F7UY5AAzg3Vt_d91JiFYJ4osbNxGPusyaJffhmZYA5ncBTT3kLFGylbKpaaqLkTkM1_tRGacDV3SNUb2_cICZKLYdBkaUJxxL40sUf1bMjIOCzBc5K3rKJ4Bm7fInVeLsAKXNNbVp9Uml574NsNeHB82ICS3ydv26DgMIMEUjQ7PDZS0fqulUfVjQ6Xh1Fj3RheQATcg4XI1FKSjoTPcxujpSaFeA0JrjBtjFFaS-rwMDmFbOfyIgRF0QtzyflZ28e3j__XF3RI856Unqc3NbQm0kX7GM21SmVbE_hZb6fE05-8mytw5p_hzki2nmk46bhhBgNGxlc7k5ZeYQMzp_Lw2T0w_ycHdnk_q-hxZEp1woptATAn1I4sXOaRpQ8EhL-Ii-C9UxlKNRd3OamFDYHE6g4zP0zei7ZEsai2cBZDxDXsj9wnuxBOydJkfM_iOxuQ9AWDMccSJ3MO2MPHiXGtleFeyPFitSBRAg&key=AIzaSyCjh9aj5KcL4_aU4229--ATJhvbcTNPmUk,-5.1500499,119.4344875,ChIJv9SGyjLjvi0RbLNVpjNG-QE,Kota Makassar,Sulawesi Selatan
Tongkonan Mebali,"Unnamed Road, VW54+RH2, Lemo, Kec. Mengkendek, Kabupaten Tana Toraja, Sulawesi Selatan 91871, Indonesia",5.0,8,Wisata Budaya & Sejarah,https://maps.googleapis.com/maps/api/place/photo?maxwidth=800&photoreference=AU_ZVEHTUCBDoGeWi8gHWIC3lSqD5BbyFSQ3MRxo3dhKeoEOS31iN2jJYLb880mwgapBY4_62wBbmqNiRl2TtDbE2h_cKSo-C7GtYr9UK-OHqFbe_Ghd3U1TreaSyw2RnKXYuDGxRdUWWpknOf1apu6GnUx8_fYtJQUdji7L7ZiFUoSB-06ezYLsfb8K9iOm7N9Rlkau1PY11xLSSpMHlm1Cw_iBvUukZEY3hg6J_i2bbSL-ipv9Ra9js_0oMEUoyEcee9YKKjRJi1F6d0y1ll6Xin3qlRkdfd6wINDV_M4rAH9DyV8IT47CVq7qSerV_44xB0HhbdRevFzgz9kw9oiPMh3qyaIvyct3kBC6hI1zL3PWaLuDuOwENjt8Ggzu5mc_p1xFd3oaNK8EwAfpPWFuhmPBtYcP8xKXF1oQv54CvWNl8XPSbhKRp1UeKpowJKyq&key=AIzaSyCjh9aj5KcL4_aU4229--ATJhvbcTNPmUk,-3.1404917,119.9063938,ChIJy_4Mc0fxky0RUHUYxuoiJD8,Kabupaten Tana Toraja,Sulawesi Selatan
Monumen Pendaratan Islam Lapandoso,"W7R3+7RP, Jl. Datuk Sulaiman, Pabbaresseng, Kec. Bua, Kabupaten Luwu, Sulawesi Selatan 91991, Indonesia",5.0,8,Wisata Budaya & Sejarah,https://maps.googleapis.com/maps/api/place/photo?maxwidth=800&photoreference=AU_ZVEFQtCsJNe6OfQtT0KZy5SsQ8fRAC2KLW_LtXHS0z-YLlJQGmdoC7WBF8jFrVjU0oD9M835o3rnvNdk1eY5XBpWq7Z8Lo48-3ejWb3IjWi08YLtEtn1SaOKuzmkMZQaK0NNjte5QQeJhGXiPAIcatSuN-jHw1NGED5UOZ_CT5wKrQG48LjKKR_ZANzwgq39n-tOGKuRoG2Tr72g30t3XCvjHJ8rNEvoBIwzaPYzdJ_DOHfRLxc_KNtqsA2E9IsI95OJYQG6Rqr7fVRGqGH6PYFrks3bzP1A5sTuHk3AZ5MFDRWnRuRMH0Gxxbwxx7A07pXGhzqs4lflvckym9OjXY5qkviR1x0mvSHA0Ru-r8mJJ7VG3dj8CpY8coRgasECdTnZwPi0v3LPj9-L7NTRNTQt5jBQIwK7TphVfLCTP9zO2Ng&key=AIzaSyCjh9aj5KcL4_aU4229--ATJhvbcTNPmUk,-3.0592911,120.2545777,ChIJfS0LQ3JbkS0RNl2TGbjV9yY,Kabupaten Luwu,Sulawesi Selatan
Bukit Doa APKB,"Kolongan, Kec. Talawaan, Kabupaten Minahasa Utara, Sulawesi Utara, Indonesia",5.0,8,Wisata Alam,https://maps.googleapis.com/maps/api/place/photo?maxwidth=800&photoreference=AU_ZVEEdjRYCd2Ol7kWGmcb35hAG40dgdCL6jTgB99ogMFsZUKY1POXUM9rGNT0MFD40tDFcYHm-Nj98XjTJrgH-ECYPFE6ORE6-iix6peTdkacmVeqxXJ9wrkZPnxBS9TulaohR834_uuRFk3VD6Y-RBiJ3Wtum6D_bZ699PQeV6OKxusrD15EjxKak3f1xdSgzv8YLiiXWDFbxnJCLGDXAGQaF5OvNTULcmFNSyNvG9YjjtM97UFecnZq0pKfGrfMt9cb6xhhzdFrqmm-rtSJA6w_0C4G2OhEcnHtQEASX-yOoNQ&key=AIzaSyCjh9aj5KcL4_aU4229--ATJhvbcTNPmUk,1.5224954,124.9446522,ChIJQ_Ju55qhhzIRw9L5JO54G-w,Kabupaten Minahasa Utara,Sulawesi Utara
Bulu Nti,"Bulu Nti, Balomoa, Kec. Dolo Bar., Kabupaten Sigi, Sulawesi Tengah, Indonesia",5.0,8,Wisata Alam,https://maps.googleapis.com/maps/api/place/photo?maxwidth=800&photoreference=AU_ZVEFvtWPFz0jdsW2QCtI9jN6d0LlpGSKqMF-0ndlcB83GB7OuM6TK-UYHIu0xWh00CfFUFBLInxeAYSf719uzl4VXV1brKylkwUOa7RG9h_fOTYdjmlAuhipII8pPCViQE5g6lsU8qCWcnSzbriDzPOwJPE-D-g9qWQXsfz46j7PBvniaRzUyx0_DKF1OEdGoVjiAMZ8UmlOBf9xoi6A_PadT23nR2vpquyA3hz0uSl9T0mksrnJaqqLyHgnQabHJ1yKWSiOFsf4_BkIv71TjwP4opVqKD9aiPMH3u29SiATL1iI5UaNMUJPnXhuY7Yn8IPrN2UaRLCyDt9j-LBQTPJM1aioiQgA-LrAO9Yd3lSlDNGZmc7vz114aYXPIoJh6tACByEqtBNQC3jB7koBM85X2T1RP_GwFKAsVWfYNDasNHPgK_lTow8YDplHjHA&key=AIzaSyCjh9aj5KcL4_aU4229--ATJhvbcTNPmUk,-1.0869444,119.8005556,ChIJ99jN1ycLjC0RYUNcjEEVKZE,Kabupaten Sigi,Sulawesi Tengah
Bahamast Cottage,"JQQV+63G, Jalan Trans Sulawesi, Madale",5.0,8,Wisata Kota / Landmark,https://maps.googleapis.com/maps/api/place/photo?maxwidth=800&photoreference=AU_ZVEFDulM9cI-7CFAIl9HYIptNpOgXGvuPwf89sdi6sVDb--yvNboLTenjPOp19yJloadNcIh2DnY-OebBrOr8GMkRfCInxEgnjvIlFhTB_HisOjr9HY9yqYRcy6mzI16JGCGOphayEwxiopOrRNnKDccXw3vsjnUrNyLEZFaUihIEZLO9dyf0OOERIZawGWoOFd5e3T-SbJ_hgNOmyAqxuvW4h1YUhY1e33Vpmz6LDjUAZgRyqURMUuozY7Z4TZ1mBLzgq-ZpAQCoubJAxOu2dLL-sr86xKfHMuMtsFx1LcamMRG76C6WviFhnEvsm58gfUSolO83x7o&key=AIzaSyCjh9aj5KcL4_aU4229--ATJhvbcTNPmUk,-1.3618814,120.7928364,ChIJw-uwPa7nji0Rpf1n41OeeX8,Kabupaten Kolaka,Sulawesi Tenggara
Pantai Marina Ampana,"Jl. Tj. Api No.33, Labuan, Kec. Ampana Kota, Kabupaten Tojo Una-Una, Sulawesi Tengah 94683, Indonesia",5.0,8,Wisata Alam,https://maps.googleapis.com/maps/api/place/photo?maxwidth=800&photoreference=AU_ZVEEyfD1bAuePw31GzKzPQ95usgZnUEgUzv7UmQDwA8XZeAF5_vfN2VtASE-LbAqJ16c8skFiwZ8ELw0y2L6XRy5Fe6xBEbSB6ddOnNfhIyUFdSmXU-Odf93hHvQ7Zc2Y0Au3RuAjyAfD3CrjrQwbU5dfhuzJ-DRXMVSljV_rvIkbPbnjF5V-u2ykjelBdrZH1sr0h9dj0-o89UeeXgOfs9vlfRcMxEzNUsdksQ0mRCcP1BJzZBSsYGTpQ6B631FWTvoP5WyAB8Arwi8DpDiYW0OPCcWxmkzrUf3y1xu5c_gy4WLGf11Wc_q4DXwR9OiKHUDNiCoIO2U2CJnj9nv-Xxn_l1VnopwaSkswOR5G6IVdSpzFqs54oqKEE1y9iNWsvplpxamJAQ8yThDlQ3EjIJnbhAoS24HEzVMc6eBVufxOeDzxv2LtfC4twIU0Iw&key=AIzaSyCjh9aj5KcL4_aU4229--ATJhvbcTNPmUk,-0.8529865999999999,121.6001388,ChIJ61Pu1cSniC0RcjrW9S1tiFY,Kabupaten Tojo Una-Una,Sulawesi Tengah
Air Terjun Raptors,"Jaya Makmur, Kec. Nuhon, Kabupaten Banggai, Sulawesi Tengah, Indonesia",5.0,8,Wisata Alam,https://maps.googleapis.com/maps/api/place/photo?maxwidth=800&photoreference=AU_ZVEGJCy0kdY6PoDkpnD6DomMwJaLLuR40pxUaDKKJE53LQz5vX_fQtrpy52F1jP_9voU2Q_DA-_0RwMi6cBlcviYBtJkdCenKG7NZNn5RAJePdHHqvOMoDtTVpxm3OjmLY8lMT5VKiRmLxzcGujex_H6gB9E8mli9EIwn43b_pD1DxNMd6hQBI_xHt7JU7jciIoMwNEUA7dZEbqaWkz88atEuaMW7rB77CjlqIgbH346NC6HGmVCoZJmvYzgTsugRbst5XJxeRivOViAB2Xg1JgRcmbfDiiSBQeaKU3WNCwIsew&key=AIzaSyCjh9aj5KcL4_aU4229--ATJhvbcTNPmUk,-1.0172564,122.2313539,ChIJFfw_0xV5hi0RBa6enRH0Jio,Kabupaten Banggai,Sulawesi Tengah
Air terjun penanggootu,"JVWM+MMQ, Penanggootu, Kec. Lambandia, Kabupaten Kolaka Timur, Sulawesi Tenggara 93573, Indonesia",5.0,8,Wisata Alam,https://maps.googleapis.com/maps/api/place/photo?maxwidth=800&photoreference=AU_ZVEHuwnOiix5_asGfXNga01_UsxANeklXW_-kSMXOZ6GpbmeRktXh4v7HWyoDweR7XsqqX0kk9JM2NHV4Q5nMqN0gu97qqXGgvCYInYlkNVbPj6i-GIvlq_AOn89MXwGU_4ZQKZ5EOB125Mu9oUVjqYSKWGTZRLvDv2SlOUmz12gPuayWw0SAYKcVRqAV08P8FXUpq6tb8cXCxB0LDHcocyjf5E4O5sKj2lautEZXJsg5ZAwlXaY5VL0MyTipgwGvD3_vOLeI9zE5n1KWUrQfx6NENhKE8Dghf_r09bfengsvCrbUTDX3j2tXB1NmzaSdz77CdSKf85-mBsOxnEEXVmJ0OPjk4VpApUf6U7l8Pud4Pv0KcYzi4LEtxP6GzP2rzkIrCvt-VBYwya-IVaaRsPJv-AaVEkEavbmK93C8pxHf8M5M&key=AIzaSyCjh9aj5KcL4_aU4229--ATJhvbcTNPmUk,-4.3532875,121.8842344,ChIJl9R5X2Knoi0RlOY-PlcKeFc,Kabupaten Kolaka Timur,Sulawesi Tenggara
Pantai poltra,"4VP4+FFQ, Marampuka, Kec. Poleang Tenggara, Kabupaten Bombana, Sulawesi Tenggara 93773, Indonesia",5.0,8,Wisata Alam,https://maps.googleapis.com/maps/api/place/photo?maxwidth=800&photoreference=AU_ZVEF86YtCwjhwOtxVBo9FK931YTZ-oC_RRMXUpgv-biZLLA0SdcdfYtd6MMCGBI3iTMD44Jk-fSO7BywoBzWIA7SrJ1i2xSJ71cjnzyUtacWZ7BBczod8KJs-rnx_qRvf2_SfiSrenba55fbMaaSeSsruplEA6L9nD5PUb19rJZ2DmfTPPohDwLYw9Ifx2r_TaR9oUOI1iDuAeOBZdqsPmNPzI5T7m7s_9PcVspr0jY-FJMdIalh3yDOtRV8NTQxjBSW08rXXJH8Ff3urP5AWM1MrF4KCpLbCA1Lz2teXsXsMdjKKQog3WXFtYSQJ3ZvSpzlVw7Oo2yqhHL85ZXEoSo9CS0AqTKc9syS4_shPPFGZlJjP4KlrWjmTF23D4iVQQ2V1_sMOqkWR6lrr5m2xMZ0MXOrWkA1DRH-6pa6f7IPOWMsY&key=AIzaSyCjh9aj5KcL4_aU4229--ATJhvbcTNPmUk,-4.8637936,121.856228,ChIJGV6OnI_Zoi0RtNUsZxeCNPs,Kabupaten Bombana,Sulawesi Tenggara
Pantai Yella,"32RR+HHR, Unnamed Road, Kampo-Kampo, Binongko, Kabupaten Wakatobi, Sulawesi Tenggara 93794, Indonesia",5.0,8,Wisata Alam,https://maps.googleapis.com/maps/api/place/photo?maxwidth=800&photoreference=AU_ZVEF5ZhTAIpRo6iPYemqESIFQiGdQIiblcGaae0wrQnldMg1lzMMowU4_CfqkSYKDXGaV4RK5nFnjAFa5LWS5wsuRL2eo65TAd7jwqihJHgKDGILdW7KpTMGGBU01krlqBHbzppBtF1A20U0OludCCwrTL_2VlUX44L04RDGITZNeSUWs1XEAZk9oW9E5-HTi2lNCYV-r3o2JZAikzhGfZSA8HU3jxz75fd4j4quleUTY0C8X-8cOICcjvn5Ph1i5-dAqRyhkazOSzBbSQzd4DoYFl0sWGymEeuY6LExqR9B40obyI8uKZySK6PZNeKIH3VG_fhNQSqQ-JYn3ukR4pYcGNl5Vn8b2b9yL2ilzrbqyFGH0cTA0eFC1SdZXELe2vdP1HWDZPd14m_dkGWcjNxSx-hvDs1vgkj8qPmlHhbi05w&key=AIzaSyCjh9aj5KcL4_aU4229--ATJhvbcTNPmUk,-5.9085092,124.0413912,ChIJWdKBXNinpy0R87sANLVkgRs,Kabupaten Wakatobi,Sulawesi Tenggara
SELFIE JEMBATAN AIR TERJUN,"FWP6+WG, Bonto Salluang, Kec. Bissappu, Kabupaten Bantaeng, Sulawesi Selatan 92451, Indonesia",4.9,8,Wisata Alam,https://maps.googleapis.com/maps/api/place/photo?maxwidth=800&photoreference=AU_ZVEHuUkjbGAPKOckl-rJzeT8QeX9Dmvq6K1LmsJXf1W2ytfd4ZPTCeulr3ErP6Tj3haPF8njtr9t59a8GUq4Cvnexeo_sNoR2oF30-Qs1U1vqsSgzHoJ_Imi8Q4TpBeID22W-4pkBM0Acz4wjeU-rj3INNDLeaa_UVns6_Skp12r2w3PnUz2IP9de8HPrs_QbO8e2B2tF_9mFWpuTJ69ddl7Foki_Fxsn14yiitmeFkHQ1_YYil67MrqkdA3gpGG3vCmEPNfVCji_IZw-qoGaDPFMRnD-KTF2S89Ffc7-yhSTU3sswnNYE5BrhWlMCC1k84VIRXY8tyZwd_N1ZaWmyHijTo76L657BHDut9r1asVySHZGZW1QZ5N34-5LowboHqQwzlihLsJjQo3NOfR781Vjge2lNDd366cxG6lUO8uxcBo&key=AIzaSyCjh9aj5KcL4_aU4229--ATJhvbcTNPmUk,-5.5126588,119.9112633,ChIJEztGWAqzvi0R1EHsGZdvPjI,Kabupaten Bantaeng,Sulawesi Selatan
Air Terjun Salassang,"9R8M+3M6, Palakka, Kec. Maiwa, Kabupaten Enrekang, Sulawesi Selatan 91761, Indonesia",4.9,8,Wisata Alam,https://maps.googleapis.com/maps/api/place/photo?maxwidth=800&photoreference=AU_ZVEFL8ycweMmpP3d1d02Y9zZzvjx6MJTh_3jRpxsx2EFSm6rdBSlzi_3uoPKkoUwqmFXFSxWNzVf_QiUKO0qOoCNEnY57iU8mUg_VhbZs2Sa-VMsnJ38D3AR_HJwwmaZXzqbklWhU-G6ohzLdmUxe1_3rU3IXXBBoexCgnf7ZEtvKvX976-pTf1UviMjhEMCc1H83JG9MBwvAAcXH6PxwnnbGJ5IFJNApexptpcBbXbPDkNIOmvVBzNRNNVby3w_lxPPeRz8f3Asfkg3YZIefm5ZD3Y7_otBn-qujMtpGi6mYStLJG3WPkU-K7wqvvsRv1kLkJtMr8OmSZo9Ff8jkaZLiOQNc4QtPUy9fCIAINJr6hWTej1N2Yv2YAntbAg3UM5LBWqVWTZWz6-EIxs-UHgIhXn3sLoV8S1y54RENvyrNIA&key=AIzaSyCjh9aj5KcL4_aU4229--ATJhvbcTNPmUk,-3.63483,119.8341492,ChIJ0wtrPrY5lC0Ry56SeCp7MRs,Kabupaten Enrekang,Sulawesi Selatan
Pemandian Batu Kodok,"V672+9M8, desa harapan, Kec. Bua, Kabupaten Luwu, Sulawesi Selatan 91991, Indonesia",4.9,8,Wisata Alam,https://maps.googleapis.com/maps/api/place/photo?maxwidth=800&photoreference=AU_ZVEEMlPOA2L-1BxlgHX_GtcyD1rssuD6DQ2mqoJ3CFUuj6VM895SyvF-OGHVDxxrnEVcGPg0e2zhyUT2NHDAbMgDlyKr9JRuOXY6xlbXh8QvaTaZsOh6apeQIy52sI4ghqrBqOTEOwFyyHBM0uT7SSdUArtbjB_c2mOuqjvyTcBOVR6MCEFOwmwW7zU8QcnOsFecw6NLwJLM1F03uQ1esccbd7zNf-0IdrIqA8nju8jn-cPNs0dAOix7hhsEHrM3N4XnxBKrTisWdrSKiO-OQEDvF4QKAgfLfFAfV6w1RcvAuekwz4OVaCQygrFQCKnAE3oaDhQvHKDbct1NUstOonEpDbkJ3Y8_ltNRm6y4N6yHepYFgJoXIimFJf0lMJtUS2MlMU0dpOWMb6bjED6Xztq3YS6_W0xi8zYONX2HURvQ&key=AIzaSyCjh9aj5KcL4_aU4229--ATJhvbcTNPmUk,-3.1365892,120.2017131,ChIJxbaasiJXkS0RWCyif_5oVuU,Kabupaten Luwu,Sulawesi Selatan
Air Terjun LENSO,"Treman, Kec. Kauditan, Kabupaten Minahasa Utara, Sulawesi Utara, Indonesia",4.9,8,Wisata Alam,https://maps.googleapis.com/maps/api/place/photo?maxwidth=800&photoreference=AU_ZVEHc3ACGxxsDAcWNz8c7l6WW4CSnEy-6vrUrJFejJGFU9KcEMBu47F40KlzjGHhL37g_Lg0Kl9wPeOE2WPi01pgAi0BouXPRiZ0ai401WiHEjnb6QxNvLv_PTvPV71SbGgE7y3YJE6XlUXSmtNFD510kBxqcBiCwzISzSnNt8xzgs0Ac2vMbPJ0GMHCUAlOf_CrNWhVgKs2hag49pxQ6I_ar6may0rVM5Sd56KGLrBMUIfUjGyvw9MMQlNBfpkALuW3yt0WIEwUAQF7GNDdRiVE3fzRYWxDrPsxyjQKKB9fCOq3Saiy8b18DTJzVBCLe06Zka2fjOgu74__Qsxu6Uxc40oi4AJvJvU9AedAPSTu0mh-YdxyUmT8qFv_H771o9IGoOhkTVAMXgsklDiqsuYEqoYyZ_gQC261PV66qdZPCBQ&key=AIzaSyCjh9aj5KcL4_aU4229--ATJhvbcTNPmUk,1.3833735,125.0322766,ChIJF-893jIPhzIRgEir0cntytU,Kabupaten Minahasa Utara,Sulawesi Utara
TERMINAL TRANSIT GUNUNG SOPUTAN,"4M3J+XW2, Silian, Tombatu, Southeast Minahasa Regency, North Sulawesi, Indonesia",4.9,8,Wisata Alam,https://maps.googleapis.com/maps/api/place/photo?maxwidth=800&photoreference=AU_ZVEFcAuXxhQXcgtI4P66mpZhF8RuAsNtiIF-sYG9VcvmINTBS0sQ545K8Z8h_vdPwpnUmBWeqRm2INxWCNHdWjJM3gty2iFnMpdKmXH7KwWImmadBcQEUlA_y7XqIan6wjFBvk1YNm9GSjbAyT5m2iV9LjpIpvsPL5N7UrvUiJJaRVA1Tszv_n0ysCBQF-_ldT9tUU6UfGNuC4LZImj0AzfHoESXCwZp8SVCrdoe2nojpEOlAC1yEUQu7qJEGADDc7TSCHp_icg2hwWCVAyOpfLNNBalOqveNNGBPUP6x4oWSsK0qv_YiZ9gd8gtawTLjCbM90GNET61BrtpdhBxzYrMeQp2vI7v1VwbXGJTE_xYaWKbW0TjVNMN3iQ-HIBviLPyDBOClrDvkaCn4mmx0dOZJl8MUP072SR46-YZD_IeGwKiO&key=AIzaSyCjh9aj5KcL4_aU4229--ATJhvbcTNPmUk,1.104894,124.6822685,ChIJVdK5L3xRhzIRJ1qff83gFCA,Kabupaten Minahasa,Sulawesi Utara
Air panas kelewaha,"3JPR+V8Q, Lobu Dua",4.9,8,Wisata Kota / Landmark,https://maps.googleapis.com/maps/api/place/photo?maxwidth=800&photoreference=AU_ZVEEJo8l5qCTMExdjFyRHjuuKcpJ37jAiI8J_wFnC4uRarnIZzTz5CexPdRBi-VUrnarTECE6wpino_kUy0Ow5EyjXgu69AFXBQmV05nYVnNXnIkTTdMx7RfQC4gwignuAwqpOrMYSNIr--i3egL-Gocc1rKQwxT2jsbs2veqY6VCeX-hxfvIthgDbLC15IHi-lZwT0jwpP_S9n253kfn0LfamauYhxUVQbsEKEJj46TSavGiS0c8fQZDYp5oTdZ7tCgUPBztx0g6K8hcsu3aIjWjWasQhS1NwnTKQs0HTiloBFZ25-1isM7oz3QEfJvC8jV3L3mZX-BaX4RC4w7L3NtrZNbrE_2IwbgKp_w-ZAItIOsSDysWxyHtQAgx3gkJe6yXK1pJ3rWt_0VAbfOJy5N_SNi4B-Dp_qqLoT3YsmXG67XIrZ5ZGt7qlUi5egb-AkaodHYcLtASTSDE7L50JA36duKJAshZJ3tQJwoY0lIB5VCs9FTNfTHcD6HRAkFU-LNnUq9rFZEW2KRNJryvz-9jwimTYH7-0UZRon60b4aFs-O1l03ZRmhjktyXDLlcMXeyvpHsMXHAMjY_csVM0GuACssEe9U0BSTM4rBEZFcDBf0wECIbLdEbzRvDhtYkf_Fg7D6OvOPEcxx05T-J35UuoW0&key=AIzaSyCjh9aj5KcL4_aU4229--ATJhvbcTNPmUk,1.0872124,124.6408595,ChIJK28XsHlRhzIRxf5x_e_XT-w,Kota Bitung,Sulawesi Utara
Tanjung Lelapide,"FF9P+224, Nagha II, Tamako, Kabupaten Kepulauan Sangihe, Sulawesi Utara, Indonesia",4.9,8,Wisata Kota / Landmark,https://maps.googleapis.com/maps/api/place/photo?maxwidth=800&photoreference=AU_ZVEG5hhDZNfsgw1EqdLP_LoTel6GZRM4FGhK5GVO-AvjdNICRUK8V3GNxuASW2_g9pyiWWtJDgje3s0L2hvmuj4HPt8iH4-puYypcqV7zhwD3IEQffBa6_nSzhmnhY6yupdtSPKo1FpQuMB9HCwloxmP7y0OFs33BYjSCsSHww7ky_oA4m35wcPgZpM072vi6Sy4ihslOMd1RhE4-_uEzfuiMgbxBPKK4a-jbTdO9xuktFogYaL83XfofvDkf_HzB798O8CQFOqKQUt7RiXRafRIvMleXeSXy0UzQdLznZ2tB0oI_JlDAID9WPDDj0LNjhmAHZovYVCiACUM5jBkXfv2XL3tY3BL-z46DGboBTnqIjG-UeA79lhOEJQjtyUwJXGr1Q3gby0O8dPIeNql1nfBLw0pDjD6ui2-I94h7SiGqWA&key=AIzaSyCjh9aj5KcL4_aU4229--ATJhvbcTNPmUk,3.4675088,125.485063,ChIJkU2o78-jizIRFrrcVwi2uUo,Kabupaten Kepulauan Sangihe,Sulawesi Utara
Pantai pasir putih,"Unnamed Road, HWM4+HQV, Matako, Kec. Tojo Bar., Kabupaten Tojo Una-Una, Sulawesi Tengah 94681, Indonesia",4.9,8,Wisata Alam,https://maps.googleapis.com/maps/api/place/photo?maxwidth=800&photoreference=AU_ZVEGUjczM9jvg3yEGq1hsIrxZOGC1CrB3cRJE2_HHBJheNpUpyImxlWI47Mp-iein6xiMgVI8nrts48dKBB1RsDO74NlDLqjNxU9cLCTmBCHp52wFMTYtG14ctnIAZHV0VbqZ69ZjJzy0kBkorFJ4pwp11tStKRY_Rb2swEWbIt7bN6ElmuuqGzuKw8yZBvboevr_0nojyAIIiuWmYC_5rXkYCcmGt1ebh48zaAkk4JeecUAgnBHERPjLeBQce8yEJks4MLdu00UDNoMnzHICDNnKj0kzdRCD25rwO5RCg0M3ayCF1hH4CSivRoehNSXahk0IOUEfBjL9JB5TXiTlRyUD9B29T1en5n0KPynmry359eTBc4BLp63RCMLE4hB-7ab-rWDX3B7BPkmyKNMrWoP-jusO6Y3hBtsM9qm4vIaZNRK4mzICds8ycWzJXVLH&key=AIzaSyCjh9aj5KcL4_aU4229--ATJhvbcTNPmUk,-1.4160213,120.9069131,ChIJkTV3c1Qdjy0RXGCqUG8jvWI,Kabupaten Tojo Una-Una,Sulawesi Tengah
Lalos,"4QHP+CMQ, Pantai Lalos, Lalos, Kabupaten Toli-Toli",4.9,8,Wisata Kota / Landmark,https://maps.googleapis.com/maps/api/place/photo?maxwidth=800&photoreference=AU_ZVEEoH6WCO4errs8t7g8VzdL41-XFjIV2ppDkvjyjJe1fo-86n-S-CvCB8dx5SAtk8YYHJHZ5dW-gpvVDkQha-Sk8YvvEJVQ1XBUF3G-_CAGeHWdkNA-GyGo-dNHfwE3_6nV-lkvsHj3jMuDrOttHZbyq_8jWNVHvRCBiXkraYKvGTQOa5QXqu9GnZ41541zRTRBfeZa7BvZw54wAymW-3uKGleF7vXysFbOiaa2ZWyFjQb-8Ayby8xHMRVT7jT_SkANSs2Ya6EHleW9_VL1h17_so0YTvX_Snwm2eEibZPsd0cbKSRPJMTdaqjiTOxxaBECuvM-4lGf19mf_UFomwO7tc6b8WorTcCAaZ2-7NC1XlCX5jYGWf_vdpPlBcvrjPPdRRzGgrs-9SG8QcTfkW1jUhxwNXftJ13vhtugejUY-baS6pdZwdxwS5419Y0Xm0pqXU2WeoV883j9odWYyODG_2a3bMEdUUVoBhcMc6kxrY59nbocKt8JhQ2CHX5yVX8leFP2h4gr3FjoSTROX9UbUzIQArJT961TuUfvAhE3mZ_LUGBzzd9Lc1B6jvQC6jWmjkGOg&key=AIzaSyCjh9aj5KcL4_aU4229--ATJhvbcTNPmUk,1.1285819,120.7867219,ChIJlcgnMYsvcTIRlTkEV9_IeXw,Kabupaten Toli-Toli,Sulawesi Tengah
AIR TERJUN WONUA MOMAHE,"3HHH+J5, Waworaha, Soropia, Kabupaten Konawe, Sulawesi Tenggara, Indonesia",4.9,8,Wisata Alam,https://maps.googleapis.com/maps/api/place/photo?maxwidth=800&photoreference=AU_ZVEFecK96lI_BXueV6ghyBNjQDavqdM8Z0lIR41gU5mPtGWFYpr7aEkH2qHKzO0rmxbGv7zVbvlPKzEqd9w6IMwyvG6TdpoEIASng6IYHU5LwqK_SU9cSN1zc_Z2kSmoCMAYUFxw2MB2gmE6HeySPR0R4K604_QtfuzuS7XvinoPS12oScGhOcrLaLTbE2mTf-IbilWE_fZFCSZFzoCDkY2dl46AHPfwT6Z-IDun--Qwxz_nqyI5962VWdmqg3AKLKlsKxT6rBQtJwxR2nvotzzptmcuj7100HZQPhBREnZgvwE0oVbauoUbdCASIm6Ke8D9Vg38EdwstkeybgfffztbCknQuvEheXxpzibuHW_Y_7ct6LQBzr35bcfO0wEw9Wzn9AUvW2Sr8Vj03gJJ4FZ2KRHadCdFJHks3R_Lr4TM&key=AIzaSyCjh9aj5KcL4_aU4229--ATJhvbcTNPmUk,-3.9209375,122.5779375,ChIJKwAirg_tmC0R-7O02sDbbw4,Kabupaten Konawe,Sulawesi Tenggara
Wisata Pantai Swis,"Jl. Protokol, Saragi, Kabupaten Buton",4.9,8,Wisata Alam,https://maps.googleapis.com/maps/api/place/photo?maxwidth=800&photoreference=AU_ZVEGrt2zIyvy5SxCeS0oha2rI-rO0VPQp6ySX2eTeqONjkYz_imTUaF43rN9qfOS0eMeNkkPC9hu-rKy21_t1r5y47crIGhk2v01PEgui2KXP6Ab3v4P8PP6m31so0x3F85IlIOGT4hadpiLK94UeQliSVHxB0HJGk6dj8wNjzm2o4jmBjl_pqjULDg0EzkVrVANjsSU4qcwsGDIxCVMSNnmIlmg36YrFTOIIpZp9yeaC0TjWhdrNduEy_RD1eWb-jeoX4hyg506E-k6tMtHIdACMV880Zx0wBr6kkwEs5cYIYygmlFvsKAgF_oyUv1BqGnIZeeZXM9lGqolaCrB-9XxOJq1_oWuAJzuBq4jqRP_HADUrsg9mDz0ze3AxyUJ_xC2RNtlN30jXSBSlBsv7Q7qtiLmRh4eRam46oTT8l6sXfCS284W2keq4bIfteE8qNHF931DaBHgwfSGdqKxkPzW_BFpM4e19Khjkh5JDDJxByCrYZThamwsvTL7Bkis5xmoziqSyY3j4R6i9wdE33VbY04uvO3FI-G0mVqIxFeFSLkt6p4nI5U7Ob-z86BXVUAbFt1ho&key=AIzaSyCjh9aj5KcL4_aU4229--ATJhvbcTNPmUk,-5.4838155,122.8496937,ChIJlc8euicPpC0RrsPm-An4LrM,Kabupaten Buton,Sulawesi Tenggara
Wisata Permandian Mata Rombia91,"Jl. Poros Ereke - Buranga, Waculaea, Kec. Kulisusu, Kabupaten Buton Utara, Sulawesi Tenggara 93672, Indonesia",4.9,8,Wisata Kota / Landmark,https://maps.googleapis.com/maps/api/place/photo?maxwidth=800&photoreference=AU_ZVEHtReOdKiyEb8oX6jijSiJ8jT_RjEkIooqcrBrEO7bS3zaNAzQThe2Lc1PCtChGvIrwGmf1vQ43q3oQSRkF_FQvX1ZHF0fbe7fbCTicoXfPEVbGVDMqouipszVRP-gzhp3E4yffLYKFisr85i5PzTxYFkIcHvLAE2kl4RlhZMZ_75NXC_5u5nAF23B7cFb-azNs4CD-qUEpoTf39jCadXUdbrgNeA2WLUkCSB1S0LALrhl_DDZ4bDHF-9SY3AZU6A9OceYwDHRAt6Hk6N5fyudr9vqAMXIZtJUDagwnfhHRDw&key=AIzaSyCjh9aj5KcL4_aU4229--ATJhvbcTNPmUk,-4.7115163,123.1487047,ChIJYaXQpx2HoS0Rark471hKX9Y,Kabupaten Buton Utara,Sulawesi Tenggara
Wisata Mancing Karang Lamotu,"9X55+5PC, Tadui, Kabupaten Mamuju",4.9,8,Wisata Kota / Landmark,https://maps.googleapis.com/maps/api/place/photo?maxwidth=800&photoreference=AU_ZVEGOOIlDDrbh2veDvOODh_7U6S9Sbjsa428J24l4gYnrrRvHgMfBvsrIanFGR-qBPdHS2peBgrVqFgHYTEVVnh0u4tIzq9ecbx6s0pNUKEho3maM2EJV3AEcl4cpDaeEZwlO3RijRrwcuLNOa2XCGH3ni6E7w4Pa8H5viLRP17QBumYS9mY0zDLybe1FEeb8x97ydIRT_quL8CCwuOSmNyN-yuxrr-enPrg4v2kwelR7Oy6vQ9qvN3jthafMZccs5yMwjV6vKbpyo2HWfyBRKw9qSqYOpsj8MPhdBak-0B-Ez3mx_hdEXZ-J_yXCRgACoUx0Swn5zGxA2Pb8Qi6Jt0rRNRMzAqrtxdafXbAI3yi2esK63AWt1cEqtuROKeSHOgUKqQSSFHLqt1dFbRwhDo31RFsZs6zO7vEPXUicvKacXJyxpiL37DGHMj5l84eXEnKMCrJM6GqdV93QSxW2LOINmXCv6jiviGzrbl7HZZAvssd6ITUpuFTfohyKPtuey3IdGzVWgsZGSCptIEPx5qJxb8tIiYAwoyvyaVk_BBFh0n9ek-V4ydvBosaln9hbhBrdRjWfUND9UA&key=AIzaSyCjh9aj5KcL4_aU4229--ATJhvbcTNPmUk,-2.6420583,118.9592716,ChIJsUo3Bozfki0R37FlE_TIpY8,Kabupaten Mamuju,Sulawesi Barat
Pantai Surya Galesong,"Q9GM+RMP, Aeng Batu-Batu, Kabupaten Takalar",4.8,8,Wisata Alam,https://maps.googleapis.com/maps/api/place/photo?maxwidth=800&photoreference=AU_ZVEGHIaiIk8z6Ijp9k6P9KesqUn4vznATVoG34N_X6rjOFnyy_B7XwqWC1BMxTU4Yx7E187HzBBVqLVPWoQ7XHBkFp0CFCFz4N1sPZ5sH31Ilvc2VeRwo6US7b5WVruy-l8Y1lSAd14tI4YTc6oLQ3BbQes5hDX5NZWKY3n4OyB-DFqGat4nfr0Dq6W5fQPONOcySDD8-BwOXJ0XotnB21oydaoWIOwGGUuAlRbCVgKv4hhZYc6LBQo19nRUOB4CJj7ty8h0PoFuRPak6AItJ9I6uALD5kHsc44UJ8mvmXxhRLbPwzVf-_2Ni2yr-iIXL7M54ykLr-aTJYOSOuJ2vUV_pDFxK172rOHb6EMXIvoNFFq3p7WFZG2Sw6VHWOFJWQjhokaN0xIHXVVCq7X6uzf071imvT18SHqERD_IwvLyB9_WHW-S1SIaoJgVo72SasQw0uqdV3KYVmRCldTi4CrBPOmPODKFAIOy8CQeEJLYPyewXhvHq2A34CnpNS7ge-vyaozu6mQBORSFYGxqrVZZf13jhZ18YDTuoFee2OWxalltfH-8Svj20c69AoXLfL56uY5dx&key=AIzaSyCjh9aj5KcL4_aU4229--ATJhvbcTNPmUk,-5.2228609,119.3837942,ChIJZ6YNXO8fvy0Rhw2Vjwa9_N8,Kabupaten Takalar,Sulawesi Selatan
Camming,"HMHV+735, Palakka, Kec. Barru, Kabupaten Barru, Sulawesi Selatan 90711, Indonesia",4.8,8,Wisata Kota / Landmark,https://maps.googleapis.com/maps/api/place/photo?maxwidth=800&photoreference=AU_ZVEF3dmUkC2deHR190C7SFGwcMaGi9b-ADbsnAVRcKwG61Z36SGnrjsRRIn_rElKNQqT8zwIZZMa-CaxoStK_IVjYOZoB2CrTWNhibPay6P1EpBcUeJWtFUa9fVZRt1hKGOIQhrYr9FhZPvd9C63hb6urfflR-vIuRRS9_jwmSueWAb0CTaXwsfdrnqpK5ivHCbH9LfOp7790byydBnpR_CaEk38MoUAtxgfazPWr5N7AUvYl_CHr7pku6OUQ7EHDPaQrmXFK-KQ7CirOFWoZ_c148j5B7S2Lbe8Bpm6LuUXRku-8eMitR0BRNjZNwA1Z-R7h76wO2e4jwaP9PrAAU1End5gPvdcF41ELvKlCckk_DoNyBMLR3vMzY5gPm8m-XkTijvjgGuh-raWBEb6lIm1L24_WxF6hkCNX4UzVgn8&key=AIzaSyCjh9aj5KcL4_aU4229--ATJhvbcTNPmUk,-4.421707,119.691848,ChIJS98C7UAnvi0RnvpocP-vR70,Kabupaten Barru,Sulawesi Selatan
tempat mangcing ikan,"8FR6+Q6, Pattiro Sompe, Kabupaten Bone",4.8,8,Wisata Kota / Landmark,https://maps.googleapis.com/maps/api/place/photo?maxwidth=800&photoreference=AU_ZVEHrY0zDQF-lVdvMZ6Gs8pf_dFx9CQepaHOzkvm1rwKDrS0-R3NJD7rXy8aUmrnOtKuRKJ4_KRRJZ_p9DGO37nOUHlbysBSfTB3GFBHPpd3TzrOMrjBruwSu3K02kN75wfiUmHE8E624z-nQqf7_fWFJDLC-KjpAFFJD3laL0mF8fe9SjiYG7h_5eAOIFhD7paHB-LvyKerN1Yc0oj2pdB8B858FixwBR8hKRbS5kGA5SMg72mXDv8PldbkpTn72OApR5YnbqNq98Rk4NiSFxiD2JFibfFLQ3DHwW35VapS8_0xeOi_wt4_564XojKnSJnBpLYzx2q3pv6T6vYTWDoVI7Tb6vvKZFCMOOzKjuUh9JlYLbREqZBwGgeIGo_C7nuEy6PTa-EsQeRdQgyt99491CbGAm_sQ8yXnTE17z-heEupvjT8eQlT6GoiwCZwtlmMI4-R7ZT3zYGwjXxIJ8CHtFlIpQOF_TyILKzkf11BTQgZpzm_4QW6UxmufHsCvHLFet8_i2uzwvGf0xnqcQ0WvvuVcqcszs7_5N90CLF1DaEWxnZYQdnSymJrFXdbzi8RdGwhP&key=AIzaSyCjh9aj5KcL4_aU4229--ATJhvbcTNPmUk,-4.6580868,120.4605865,ChIJQ9PzIuTBvS0RSPPP2pTNY1M,Kabupaten Bone,Sulawesi Selatan
Munte desa Bontomatene,"9QR5+76V, Jl. Munte No.30, Bontomatene, Kec. Turatea, Kabupaten Jeneponto, Sulawesi Selatan 92313, Indonesia",4.8,8,Wisata Kota / Landmark,https://maps.googleapis.com/maps/api/place/photo?maxwidth=800&photoreference=AU_ZVEE3kUuuFXg7Ftvpckeww2t0ApznRePcwn3lB7Z3ujif47acwA5Qu3D3bHSgxMXiH9T9jIpx_BZ6xVNK6ayc-QF5v2qhz8B1bwa10prC49fe2kbtX_bIf4D9Bc27XEifEbVTDKZoFrqNvrwDAQGgAaPJosA12cHymgzUKdYYjj3SMTvyNtVuzgkU4KBPDnAa8ZMAPuWRvxZA5mXY2hDBNZ4RrZlqhWFh6DqHVQK_cLjaDTaztAYQZQOmK2jGivRaFvsNZ4ECeI4SxRXLhFBDXKTmDoz02U0GnnA9-xhZecvay6ZNPbLoEhCFCxC7hNlPEtIcqFSCSqd9fURtr9SEaEWUtPoE0sUJwiwyRDUUEnW0-6r3OuqEi4pYfPPOr3-RUxidQZunvO-wDHiq3LOuNUH6I3sTBLNZKfl8BFQyeibmiL5XcKI6c4U22UiwF_-C&key=AIzaSyCjh9aj5KcL4_aU4229--ATJhvbcTNPmUk,-5.6077967,119.75752,ChIJsQ597sg1uS0Rj7geSBQ81VY,Kabupaten Jeneponto,Sulawesi Selatan
Baku Bodo,"Tim., R799+QX9, Panaikang, Kec. Sinjai Tim., Kabupaten Sinjai, Sulawesi Selatan, Indonesia",4.8,8,Wisata Kota / Landmark,https://maps.googleapis.com/maps/api/place/photo?maxwidth=800&photoreference=AU_ZVEEfSxJdkUPQgYDXYTeG1fVcvDDtOt2kqkrhW9X4FXFajR4127uHTxNuToKTLaleuN9dfmTSSsfzTyVmJ1njqJzNuMPqpTES81FkXA3YZuFdadJ-InBn7BarttzYwON6m9HNZ_pwRWK-me5CtYrXw_D5BF4hsko20z3uMpaP-Etqv7sAhlvoUfXhkVXi-WD8E5DoMB3FGbkItp9rsQJvCKPHP87o48r0siO6P-dKMDewrDtYoNe4OXCTZaao_X2ou5e2Fx-vakEn5tGB2L-BZw3PFYn3xYDesbQLPwo0-3I-yxQA-5MMVXp-3PzlogHgrtdH-y0CW7Z4CrJn4P4YbYMTsIRQX3WSqhb5J3Yk-kSjIb6YmO98OeQNau3ocnzTzDH9nZIYlxhWxB40tEvv5zSiiF_NMKdottfTm-U9dZ0Zrg&key=AIzaSyCjh9aj5KcL4_aU4229--ATJhvbcTNPmUk,-5.180575999999999,120.26998,ChIJ75FXE_IjvC0R-CbcGfCJhYQ,Kabupaten Sinjai,Sulawesi Selatan
Pantai Pasir Putih MANGKET,"Unnamed Road, 73R8+WGP, Makalisung, Kec. Kema, Kabupaten Minahasa Utara, Sulawesi Utara, Indonesia",4.8,8,Wisata Alam,https://maps.googleapis.com/maps/api/place/photo?maxwidth=800&photoreference=AU_ZVEHwGLX6pdkP6r7IxAl5oT9xAyydmsHOLi-mB7vShha6aYoyCZbyJfzXeLPmKf7pPYXtxv6oe9xUEYSUuTS2IkPRe6n2iYZOeQTRwKOdHog_5r5kSMse2pybf_Zt4fsa4V-4r9Ut2Rp2WY73sO5O3t7M9a1Z_74riXvy-PhXLEsBUPJObaNVwii1WESMjvKA6D-_HPqLmrTqVd8qZ_dx_jUOd6vczp1--IjKSuGTkjGCOzGxWDttzYdrIYcQG1efJAEElw4A6bBoTBd4I8Gi4GUt-LzjbTOBWC3RBQxDitQMk1oaA9qxzjmYr4jUEfaB5TYx1eO1dcrgVTZNXUNZax4SkC9bcZR8IU8iPYw9usLxFevGk6cTZuZq9BKPy8L-EoeqaDOz0xTM_BCfjBPM-Nw_-8I3poDGHgzBbX9znkRYAA&key=AIzaSyCjh9aj5KcL4_aU4229--ATJhvbcTNPmUk,1.2923463,125.0663219,ChIJSQT2po4ZhzIR-x3KJkda8VY,Kabupaten Minahasa Utara,Sulawesi Utara
Air Terjun KINAAPIAN,"J2F6+786, Batu, Kec. Likupang Sel., Kabupaten Minahasa Utara, Sulawesi Utara, Indonesia",4.8,8,Wisata Alam,https://maps.googleapis.com/maps/api/place/photo?maxwidth=800&photoreference=AU_ZVEHzM2Q2PY8n-MZgF3aDRNpnxUmmVeaM51dtP3NQ88Y2AOunFPRaaWzfj4xeaTnpfhagKp07tqdBcmHfiZBz5jgZHMMhBYZ70M0wt9BaPzHPWxs9jxmqlckkXVDlQhM7hzlmT7PAKya4ZUngm6awaz0vwdnfw4ETohWF_RctXYYRO5sngE8U0uNH2pMh0ChzX-gaFvM7o12rnZnlVdqn_QSZOs1gwITe8u_mJSKdYfmLR_G6C1rMY3f7V1SxLZMveIOFz9PDz-BcJHUQqody0P7XzRubCPzFOHXE2pK7eY7cQDJ0NK2KO7-3SAYfxDNxjxI0QSLJ1wEKQ_tfr9XPLOrYhnZj4d5HKKfl4Pex30sPShWLEl6omLHzEqNI8rfItfM5TFuhy1ZlUpu1yxsJLBjnBntG_tJEa4ggT3QmO36ikpE&key=AIzaSyCjh9aj5KcL4_aU4229--ATJhvbcTNPmUk,1.6231721,125.01077,ChIJzwSzMTGlhzIREWOe3OGCUSE,Kabupaten Minahasa Utara,Sulawesi Utara
Bukit Teletubbies Rerer,"73R4+39P, Hutan, Kec. Hutan, Kabupaten Minahasa Utara, Sulawesi Utara, Indonesia",4.8,8,Wisata Alam,https://maps.googleapis.com/maps/api/place/photo?maxwidth=800&photoreference=AU_ZVEE5PimI36DkC2N41gPCZmGoWrNzXQ2x76MllvOfKQ8hpqI5l6eSHoOaic70HIyRlcvtXU4779Sj7x6PPU9087M0_dF3jq7N_DQ2JsRsKK-lgRh7mpcMC5aImJpHF5n9NalLpAqYjJ-Mx1M_fDlssWDxU6QxXGmUxaH3Q1ZYpMGYbDiUmmoP8m3xOov23sW8vHx6aGNCRUBkLTuAqECzC-qHH_UdzO7R6WTYUpBb6YFs9cMW0bBbF18bU0Xwmvy8L3m3hiYynjhK_dlsJMC_-kbe9lWDhyLgo2tLvM3BUh2eVVGNbXRYZybYcseY9DvlWEISWNK7nH2x_tgI6kom51XtWqs6Q47btLaOud-DINPOIdcpU-x0pRZR2PcyqrNIpgp3oI73hYtJCgLSLiIFt9vCNf1mLsLJ8qDvPEFOffeD85Dpds2S9QR1fmM6kw&key=AIzaSyCjh9aj5KcL4_aU4229--ATJhvbcTNPmUk,1.2902075,125.0559538,ChIJZcC4iRAZhzIRX-ypVS9HZ2I,Kabupaten Minahasa Utara,Sulawesi Utara
Pingiran Danau Mokobang,"RCWP+5HW, Mokobang, Kec. Modoinding, Kabupaten Minahasa Selatan, Sulawesi Utara, Indonesia",4.8,8,Wisata Alam,https://maps.googleapis.com/maps/api/place/photo?maxwidth=800&photoreference=AU_ZVEE9DQx-o-WkeRWwbyq_AajG6EYgr8Wqg5HxJIcIvFgj2sRwQ0XjyaM6TC2CGamn5mR0saJoZFqQneS9dlCbF8ZHDcggBYst4RdgBWCoRXr8b8pgyXOcMOzQeficD2C0lQ-RQavkQnDz4tBbDZGT09oFvVHag3hvPRaNnNY1gbw7XklRo_X5rgpgGvsIjSs1cSEN9VIymbEho7ZN9cjFdQJGf-uYdr1BTl5NNsMVm6Nsvj2tkiESsaQBqoW17rsldygCMBzU3K_uKXv7m_Ql-EHb42QbOItTUDqrHvU628wSjVUVg569aGwLPmVDeAM3w9WCk2p0DxBIcoXKKTlsKn_3kc9k_esu8smlDTLnWHE9VjSy-jmNoZC6ldxubKAkdmz1p7-SkPJLWx444TPjAwVLdXmjY_fr01cSUqu6g94gnQ&key=AIzaSyCjh9aj5KcL4_aU4229--ATJhvbcTNPmUk,0.8454896,124.4364621,ChIJ_____4scfjIR5zgL48-0wgk,Kabupaten Minahasa Selatan,Sulawesi Utara
Air Terjun Desa Poniki,"XQVH+FW, Poniki, Kec. Pasan, Kabupaten Minahasa Tenggara, Sulawesi Utara, Indonesia",4.8,8,Wisata Alam,https://maps.googleapis.com/maps/api/place/photo?maxwidth=800&photoreference=AU_ZVEEyuC_CVWiYi1S8p4ze9zj7oQCInCaHcaEG8cobKIDgx7M_OPTMmbW8j65nYCCQfR22orL6DV3qG3kBxYYVcR-ZlTVnBEDpReavmfIYETZ3WQaNZ3KmwHJm5U1JWlsESQVinMSzOSSDR4Tr8TB5fFXkezQycI_uIWu4lYSspBdNId1syeSEMZw4O0nxzbpYr3PBjTTGpzkT3J2XKnJEh_rOxpBvHBgN1vPkyd_zZp3an20snH1Xq07ZIOQ2Qe5p7kxkMmr0CxHkXAGIIat3WhIRzUhhqrMLAmq2XBU8Q9FL2vkEMCm7MtjarQCaD6gdZYVpq6zarxRGFEcSMGjB2S3yFvmaykg7uaKgaLrSJM95x5qQi0fxAgAuehRQ4qjc7EJ-SEcnY9o6EexU5Zu4j1LpX2zIrsR6OkFyF4-QK1CsHQ&key=AIzaSyCjh9aj5KcL4_aU4229--ATJhvbcTNPmUk,0.9936389,124.7797544,ChIJaVUgbGK1gDIRMRmfymDEuXE,Kabupaten Minahasa Tenggara,Sulawesi Utara
Wisata Puncak Laine,"P9HM+M8, Lai",4.8,8,Wisata Kota / Landmark,https://maps.googleapis.com/maps/api/place/photo?maxwidth=800&photoreference=AU_ZVEEVdX7ppPQOVSG06dvKvcel4oGbntD2QreXtYoFTIMLgiOxDvTp_-qOArKR_tuKMDWIwqG4asHupJ0_TB2-k-ZQcTg_76Gu80PUoNO4Kkks62lb2PSlYddv32DgD8d2eqDW-_1mi3_9IZ5SQD25ITd5qEI4sXlT2eueGC2f5fqRCeVgvxQG1iCW6Dk7BbfxT0d740ZZPOATFzHka_H3nm0LA63x6UaqcKdl2OF_UiEiGXe1cKn1aZlLEy_cRufSNsQRStJQi3ZVqyqyDsC-9LW2jmK8oR-067g5J5s6dJMRaAsGr1QA-y_8Rm0GZv6BTs_wf9yzXPY7m0XbJKKRTr5Ns0fS3A_6-0g3BJbG6Lu13RmOyIs946I5-kC4T2O7hlkFEoZYEulZ_ilcJ8qgePc4y3scsasfja3-Y7-ecD9S4TxV__QSlQP3ETW8KeDLyahTa-CfbHwDeYTKJ5RsyFmvG4rqiFdkeiFEwF9TbbiN5HuKPIczQNNij-w-2QxfgBJocGsbCbfP8AXDnsrtI0-dq6RVsRMF2MVl4Rzfx8c1yEwRV4zht2h4qSFPrQFHQSO4aoMbjg2CBTpgb4_B2shynUuf1Wx5BpagkIGDGaO1czhjb5UllrKfiZiYw9GeioQXPLMV0CsfK1Sje0nC9D2JA8c&key=AIzaSyCjh9aj5KcL4_aU4229--ATJhvbcTNPmUk,2.7292311,125.3833355,ChIJjRrvKQANiTIR8evujJnMMes,Kota Makassar,Sulawesi Selatan
Tanjung Saroco,"Tanjung Saroco, Taturan, Kec. Gemeh, Kabupaten Kepulauan Talaud, Sulawesi Utara, Indonesia",4.8,8,Wisata Alam,https://maps.googleapis.com/maps/api/place/photo?maxwidth=800&photoreference=AU_ZVEHQd3B9tNc3Bp-S_A7F8diIpp6KTyAljBqv6tvAn-CsEXltjlI_OyqBGs9c-b9ZAvQog66uah3Xx5PQYvZ-trIVqIV1ZIawr5L5lIFrchv2NuybkushLbU_7NwtKSE7nvWWO2xcAmb3mLRSlDC5cOeFiRHKwO34ThpeeXlq9h0SCZqlHoq59GYtqTM946Aw5DHJEnUti_cSO6XI4ryA6WOguJE8JLEhP2dpaEvl_5bOSjptyHwilOH1JN-xbSsZLgNY-nRwnzX2RhN5Ld_UlyKe2R4gXD1HVqht_hKKKc8KBoKYJUXHN6oUF75fENmkyuC58efoPqjBR_uuiqonAEOAjH0TZoqv3AcJYCpao_HlaRaEcsSSf_dZotAVrE-Y48BrAjDbc1bUXupc1aj7zyfrp7vMydSUrB7X1_aVD7qHVDM&key=AIzaSyCjh9aj5KcL4_aU4229--ATJhvbcTNPmUk,4.530727,126.8081598,ChIJ_QCcE4338jIREoMVVnDAGLs,Kabupaten Kepulauan Talaud,Sulawesi Utara
Tangga Pelangi Desa Puungkoilu,"Tangga Pelangi, Puungkoilu, Kec. Bungku Tengah, Kabupaten Morowali, Sulawesi Tengah 94973, Indonesia",4.8,8,Wisata Kota / Landmark,https://maps.googleapis.com/maps/api/place/photo?maxwidth=800&photoreference=AU_ZVEH8IiANEh1PuAdluMkttso20Z_p75_wJJEmhUBDRZFo2aZimp63H_cVqucxYT1hnrBnHu7M1o3r9J60ZaNvytHkK2ExzFqSuVeXSpdf3iNQg1seRKrz6gmOr9H0kDRO0AQBqQsRcZSi_Ol3Tr5Xfn4aESiY7lP1UWFjh3LYkQ5rArg1aZ3xESSR9U7s3jYM37Oyizt9U7LZ9heQ_4mvXl1Z8VbtbtqS3fbU_FSJ9ucKUAYaYXfN4hqnRnTb8OLXzVzCL7zbuZ0H0Ivf3kW2ruR6jJk8wVVL6Gym81eOwCIOtg&key=AIzaSyCjh9aj5KcL4_aU4229--ATJhvbcTNPmUk,-2.5963034,121.98825,ChIJCSKut0yLmi0Rj5ANY8j6UT8,Kabupaten Morowali,Sulawesi Tengah
Bungko Mbembang,"C49R+Q44, Unnamed Road, Tolulos, Kec. Peling Tengah, Kabupaten Banggai Kepulauan, Sulawesi Tengah 94883, Indonesia",4.8,8,Wisata Kota / Landmark,https://maps.googleapis.com/maps/api/place/photo?maxwidth=800&photoreference=AU_ZVEFTdmDTX5A4arnu5DqlWCd10ZyVGVSVbA-84VkEZOKMCWptzSvMOk4WH5GIpujb3FcRLKIAxu8u0scqwYgsOrfczcMj9XgfAF4EypV6TC7WhjB14O0IBv-hi9_VmALr7a73V0HJ2LsxWzWDechmWP777NP0-ndNQSr0bodtOafZ_qmdTMCN042ifF-NcDvTmxjapYpsuCUCFZidixvCJqvZmU0vbx5jze26lLPg2j_zMNuBRAqkAbh1L7hWakvimy8gPxptU1zQd4YVYGAW3jhMBjAviKwcclYJ0qxky4UlXNzeYwFV-hAhsB53EJ3l8DP8cB6iWObd-dvdMCTaG5L9QgSZZVXn_SlpQZ2EC36akkIC-7LlHiVoshbw97v0wdsIG17rDVhwzwVIH0dHkSCLfu0MxBO_3QyBVGDJBvf6axcI&key=AIzaSyCjh9aj5KcL4_aU4229--ATJhvbcTNPmUk,-1.580609,123.1403299,ChIJmy3MsAN_gy0RC2rnbH0aXGQ,Kabupaten Banggai Kepulauan,Sulawesi Tengah
Pantai Malanggong (Matatas),"R86F+QV9, Bakalan, Tinangkung, Kabupaten Banggai Kepulauan, Sulawesi Tengah, Indonesia",4.8,8,Wisata Alam,https://maps.googleapis.com/maps/api/place/photo?maxwidth=800&photoreference=AU_ZVEGiW_lcSECtbSEcRJxGl1UKTjutqPiaXknRfNmQH8MX5dx_OqRKBjaoLQafwX1YANYvXPr6qvf2T2TWGV0uTanOz6SkWq44tk29mYcX8tY02Cph9e3fnp0DIIZ4CsJZkZcFU90CdMANuVTDJkjfUCA7xYrvmwq0M69y5b6CJ7a0OIuAgX8_x0sJJ-ltrnDXDQyx5G0s1mWxH7fK3607tM0-tuLzHGoyPrr5iGg6vRhlzCgdekSLu6VUiAQCZdlb5WBLpScNULIkIE7ey0TnBn-Qpe1Gts3UeEQl6-6yDpu9KlDemNnap_iB8JPjCG0Du4lhnQ0LNM-S3lJ4LFl-02sUuVabwYvQk8aSr3WMoCHs2Yxr1Tvl46YSNAYNPCghECJw4sIdnBA_QAAitE4PwYV_s5vmcJLyt8HvQSnBcyHfSQV1ZWi9MfkZGOdm_Q&key=AIzaSyCjh9aj5KcL4_aU4229--ATJhvbcTNPmUk,-1.1880808,123.3247304,ChIJC0zx7uvvgy0Rok3RDWYlCic,Kabupaten Banggai Kepulauan,Sulawesi Tengah
Pantai Shaka,"XCWF+P6P, Sani Sani, Kec. Samaturu, Kabupaten Kolaka, Sulawesi Tenggara, Indonesia",4.8,8,Wisata Alam,https://maps.googleapis.com/maps/api/place/photo?maxwidth=800&photoreference=AU_ZVEFknny49ajH7ZeWj0pyt2E3YAKJpskZt9niJJhoc-FsjQOc_sPdfh1GYhxwi68v5sRMurszzyye7K65roucYAezkdZJ_UEJAfoLA5N62nPzkINZrjD--DDdbKrAiaD9q5yA80Uugn6U2Crm3FWPg-YBwXe6uwxOz9wBPdp-WtSev6iBa04nRRro_rUm9nf7CQL_gAOm26TKc1N1G9O_vm-2kWwr8yooDKgp-FN0Zyhfi3XosyM3tQKZpGW6gLpnJUhXSvhFJVi6zr4hUoUnUBX1ePw0N08sv55RoS-EOq-9TKoS4TbA9B1R0djLfpQMXKcG2z9T5l5KCn2BByyTur18QTPIdQtb71s48EYi4r2HtYnSGQSlUNy9Vx5mnORZ5EBnDudEPjcmIHTcPe8CHRRED69746f3VdYQebIM5HBK0dKC1IjZUEoRtWNy0K1v&key=AIzaSyCjh9aj5KcL4_aU4229--ATJhvbcTNPmUk,-4.0031724,121.4230898,ChIJRwr9IwCTly0RVg7YI-gDspE,Kabupaten Kolaka,Sulawesi Tenggara
Bukit Mangkeluno,"4P7V+C8X, Wabintingi, Kec. Lohia, Kabupaten Muna, Sulawesi Tenggara 93658, Indonesia",4.8,8,Wisata Alam,https://maps.googleapis.com/maps/api/place/photo?maxwidth=800&photoreference=AU_ZVEGuFF04Trc0P0wjdXZVCDivvVI9pmQIbMAh1vxVaE1R5E-DY3YXmHR-w2IoMFbqNfAaapwX8GmdsfiAb3DFicmC99kqHO9L3s5Xdyiv-lU4yxH57bPmEtGHTVgvkcwAcb35K_YWYJ3gCndaDh7oD0uVEcAcqEabRmPHNiTNeVnXhxcInJu5uNevNuM9mxlKiidmnct7g_pmqiV0hRltUW2ZYjybLwY8jBNt344sdOyRvqPbPQV2jTsgX5AH13T_GujWML0xXE8PaMVSXPPiRT0DAVROhjVJXHoD9UCHMbaY8-LDlGBVEzuRgxUH3Ecs4U3z6JJaJzLZBUzsDodD9q90iKEM2E1dsmRzWr7Uu536zref0uRaNhnGHR2ap6lCEdlrAAJDAIFCJd2f4RWPfD83go1zOe9N69Gxym2TbP4&key=AIzaSyCjh9aj5KcL4_aU4229--ATJhvbcTNPmUk,-4.886393,122.7433489,ChIJAw7RnS_Koy0R4LY8Ek7q2UA,Kabupaten Muna,Sulawesi Tenggara
Pantai Moluno,"Pantai Moluno, Oengkolaki, Kec. Mawasangka, Kabupaten Buton, Sulawesi Tenggara 93762, Indonesia",4.8,8,Wisata Alam,https://maps.googleapis.com/maps/api/place/photo?maxwidth=800&photoreference=AU_ZVEGfGk8c75Z-ZsD2kT5Ar8nFEEydqX3jOUvkIoS-L7a_f-O9i4YN_u0AuYY6HD5uleF490MccH2K85NsRB0jRj613lvtqxBoQczdGlWCvnbf1L_AKH5pU1JQzpbxyRZu2etnQ8PQNFyVKVMeCJQbowcQPnz1jEvP8MNLSKcxDspEfQ8FwNjjWHGguZjqYZHYHfagIX5XgrltaTirmRmrP4Hq1WM40jJaLdheJObKPVZE1diNmp3vezZYvMDhPV5XCPjpModlIClVNM5vt6NE8SCOxSwhmLzahgpucnokMB34cfnM5lPmLQ4AJgy_IijjIRiMaU180OSvee_ilrIRMxthFKp4ct9odjZxGtpXmqj85qCqu4Ep-1Sab8BTB_veAMADv6ytdQ8vaesixrgoJ7C6jD-x-ul-tQ4NMZzMVNyOMJpQ&key=AIzaSyCjh9aj5KcL4_aU4229--ATJhvbcTNPmUk,-5.2702402,122.2980539,ChIJkccTQmV3oy0RBae1L2bQ0Vg,Kabupaten Buton,Sulawesi Tenggara
Air terjun batu karoppa,"J766+7G, Kalonding, Kec. Sampaga, Kabupaten Mamuju, Sulawesi Barat 91563, Indonesia",4.8,8,Wisata Alam,https://maps.googleapis.com/maps/api/place/photo?maxwidth=800&photoreference=AU_ZVEEgs0veSKwKm5kcGApBBUPvrHozuYDDAwkmnZTuOsK4ilOCvplZ14SDfw_7RasOoStqp1g9nc0x0cUIH2PSLV84RGQn0Y8C9qqm9nwhGrlFmqDdafz7pOeMRVnVQnOhpX_yzdMZvfAki0CZXZg8VGSCVABxdf-FPcpT7Zwh937qe-8X9IJgbmlUQJ6DTSsmRzDe8CAgsSUb-HZl5ALlgJaw4R9vvZ02ItWYs6oqZCmUoEzX3ViXBi-EKkOrfb6rgsQeeuelR30_GYBib1uNCw882fWASHT_2smTpH5CI_ThQL2NJ8ZB-5KEODTRm4DzBpD8osehPJENFrUjcgZXZ8kaSmhK37tjqEwqKm2fTU4nHZu9KuUy44XMlzUHehAjZFrm2zmELKog7crdK3csNOlPWOi968VbJ-Ew3yRy30o&key=AIzaSyCjh9aj5KcL4_aU4229--ATJhvbcTNPmUk,-2.3893214,119.2613547,ChIJBRfCo5GNki0RiR1eEeVYiJA,Kabupaten Mamuju,Sulawesi Barat
Bukit Pamboang,"FWX4+66V, Bababulo, Kec. Pamboang, Kabupaten Majene, Sulawesi Barat, Indonesia",4.8,8,Wisata Alam,https://maps.googleapis.com/maps/api/place/photo?maxwidth=800&photoreference=AU_ZVEEc_tLQ9bjwEDxTEV3OL8Rv11REwmm9RNucnep3RQvjWTq8sV3_JJurrC2Mqd0CAwBGDgH1hexjhAQpUKQFGcaLK9RKM62Fkn2U0cK1j5nidpbsXJTesrqeuXrD22eFE3-gIDngEw4hCOiuJa4itBV0XijLHVSR6U0V-om5SOAB9EjjPV0_TT-LQjvXeOsEF7aF4zR_rInzbt9-NUylIhAkTdtoA8DBt94Er6O8LiQKwXsjr-X6PLRxk3SIcAXQOMoN-I3_riIpc1vw5UTfZlVFw9PCWtdq2P22aRGqR-OZYczVnQq0Bqzu1HpGJ4ICyL0zAoz2omS_YYcc8fr8BPkZXK9F1aOEtVO2YMEtLoukd6_cfgpLc5xEBS6G77ERZE7fmRDAiqsLG-_n1tFa-0pOIXVwB2AS8um2Hrqlb3MyQIPb&key=AIzaSyCjh9aj5KcL4_aU4229--ATJhvbcTNPmUk,-3.5018774,118.905547,ChIJSavPU-G5lC0RfgtZBnyTeUQ,Kabupaten Majene,Sulawesi Barat
Air Terjun Eran Batu,"JC47+PFR, Batetangnga, Kec. Binuang, Kabupaten Polewali Mandar, Sulawesi Barat 91312, Indonesia",4.8,8,Wisata Alam,https://maps.googleapis.com/maps/api/place/photo?maxwidth=800&photoreference=AU_ZVEGvFRFljmV0kyj9jQOWPbR-7C1CGaGZeCfE879_fnCVvfM-HxgnH8FwyBaUUln4X0xuK3emOtdvArCDeKZbCTaj3hY8QYtycfMLOebyAMJyBmq90QXJgxle2YCVAEXMNyTOFtlC18CQV1hAXEWDxv2cZASGOGQeRkJLk5MyVTIzfbpDiAPlVWB77ugX4NU-XRkuJOt68QYIyHIDZz2slALjuT3TXfCboTV0XZVEKbpDdtxrUS0_6V0gycwf9S1oco6tSTeOWm9RxgWJaUgWGNtoCPhvOUgnceJhx6wT9KYVRXquxAs0fIfPx49HNgvnu-IJ5hK39XiI0o1wNVfSLHKebqu2aTWm204v3yKbS8CUy2XVImjC9uqXrWrKGD_0KVeFTyEGqxRlsv_gvZBsPlf3WDSWq9CkLteE4phDgseihNIT&key=AIzaSyCjh9aj5KcL4_aU4229--ATJhvbcTNPmUk,-3.3931272,119.4136298,ChIJ60FDH_eHlC0R5mXF-5syOCE,Kabupaten Polewali Mandar,Sulawesi Barat
Bonto Rea Village,"Bonto Rea, Maccini Baji, Kec. Lau, Kabupaten Maros, Sulawesi Selatan 90513, Indonesia",4.6,8,Wisata Kota / Landmark,https://maps.googleapis.com/maps/api/place/photo?maxwidth=800&photoreference=AU_ZVEFoSTKmqwWBkvYkDXlGmSSgT8ua1npvqIMzEfJAO0h_WTXbImJLQgZaPnS9ma1tSFDCjkdK8KbgXO4_kxyg1Qa4dg70FuT6onbcAyGNdyIwoN5h6Ucr5vHXdW7QKZgeymSLUmX6K_F_OfBrn6zPUxSELZ_GBZuW9SFk99cWzu6rGhe_spe4AjANmY8IemoTSM-Zh589AdQbv5eXeI4okDVxtZQipUCEbjzrLeKbJWLgT8ghC_jSshan3OmfLiZenDSC-sL-2VqFqiW8sBPZMbwveywLGhewVv5VkLHa3Xis19RBfxv_rzwL4WkM0KGQ8JHesUEy5kdWqcSAr1-wokoizwQWjswcy2OarSw8Qj2cvqQaXlRQrdyHfmcxZxjNh34_V4AgGi6qiHPalzmMFYPGj1uVK0YtdyEHnEhaZs4&key=AIzaSyCjh9aj5KcL4_aU4229--ATJhvbcTNPmUk,-4.9593134,119.5768432,ChIJbSKJon9Xvi0RGc7f4Sx7MkY,Kabupaten Maros,Sulawesi Selatan
Bulu Bohonglangi,"Bulu Bohonglangi, Pattuku, Kec. Bontocani, Kabupaten Bone, Sulawesi Selatan, Indonesia",4.6,8,Wisata Alam,https://maps.googleapis.com/maps/api/place/photo?maxwidth=800&photoreference=AU_ZVEFiazA_e4IoHZ3VeRIgcGDQltl3f1rqQW4Rl1b_sG9NXuXl-lv5hfOwmLpNhkP8PSgsKVHxuZPYY38M3XbVCJuw_o1pGJa7X_PXoqWRFoHu0vFKfbm2N05pYY5NE3_QP_M5in2aMNUxbqMtH0TO3c322MA9qkSi0EaSje2qY9O2UsV3bzeQKt44MFNGJMqcoIonVphTt5KvMGu9a9lzu2Ee5pmnJYwdFJcXN_XF2RlBgsVJC99sS2WzJLMt6hMZra4C3gkKM-Hgh4q6akoWc1eecv114hBwLpBJevWCJARHL4MRxDZ28vfCHPhMrG7Ii5ylg4qigjRPZvd1uDmwejMLDRWj8OfnC_bbv6Bb-NkEWs_CiEJXT0zj06llsO12CfgOkCPZou-y4fjqfEXwb00f58ujFuqV6LzCDoZAlnvkjA&key=AIzaSyCjh9aj5KcL4_aU4229--ATJhvbcTNPmUk,-5.1291667,119.9366667,ChIJdWcf2TCQvi0R1Fx-FGuPCWM,Kabupaten Bone,Sulawesi Selatan
Tugu Jam Watampone,"F86H+X4W, Jalan Jendral Ahmad Yani, Watampone",4.6,8,Wisata Kota / Landmark,https://maps.googleapis.com/maps/api/place/photo?maxwidth=800&photoreference=AU_ZVEHDsJDT-juCXb1b1oZbaqJCMb4YdVz4Rty2NvJMckg_-vThFopONZiUrIcyRFWkM8a8vqIyjhgOvNNso3cA-DhuoMVfwasEHtGfQsnaFzV-mhcER4yTy3PrQn0jUXuKNf3VNaVpsIRxoWwEd2p5ab_lhoUq8HXcN_6a7pUzdDkXk9XgJOzskn9SMHinS5fhjmArPX2amFxFzlotCG5sBYfBZS9ZPm6KRT3Gm52VE_BPG_l7PaKvExIflt81d9mZBaf5H6uxnc6dpuy1KvMKSJ-dVrr1McFE87R9K-KqbSjCrCPWLj7jyqm0kOOWOjDZvnhMMDd4Z_Nmuz-U9Jk-bwLzTqEujbkZ0pOxHGy7XKyiEN86oVYrAlOVJYcUJcw5rPd-dsVcDJTxudM72nikwaqrvXlx3epacrKwYcXrQsMSfvmLhorX179sswD3EmBYXher01lZ_YP-DD8E6U1cRKrKmNZ6ocr7vzt_iCzPnM1BbCUKwfXRbx7KIhKojN_HFqZh5Q9uRfA99JwgCrDcD6cHaBYDbES2V5FW8bydhslTN6AguDhG54BYTtf0dOPbckWRhTAmsFA_3cHI6DfdjjrLatjtKlSn7_kII_jK57N4rFi5XKTbBRCJN4X3brorBmp_QTSc&key=AIzaSyCjh9aj5KcL4_aU4229--ATJhvbcTNPmUk,-4.537503099999999,120.3278208,ChIJu3I9m6flvS0R4DyZpSR-vOc,Kabupaten Bone,Sulawesi Selatan
Selayar Island,"WG33+PJ8, Putabangung",4.6,8,Wisata Alam,https://maps.googleapis.com/maps/api/place/photo?maxwidth=800&photoreference=AU_ZVEHXOSZMYOxVjbZ83IiN8bsFPOiOY9xzTgTa8V2BCUfigRpNs90H6dwwY5txTj6UjG2MEU-AbXwgHSUjAlOumUERpl1CdqjmRM5GTDo2Wlwbavrv4ZJTODoc8kAmlWy8VQewNpf3Mok7SbGyIn8Usph90uHYM4c3O3UCNTqpPtDwRoALwZk0WVBLR0p1VlzZcpIRx4Ik-XBTdSnIBcz1L7M52USy5la3ijwwujRKQ8x_c9j-5rD7dA4Y9IzjMYJ3_AyIUmPksycho9ZNuKWrATdG40kvZ28e0Xg0SZ6ytdykK1CWTWOD8xok1OwrYE4jvs0gjyK1aYl_ZAVZNy2kfVtYo3U4duYu4g2lprlra-7hzt3eH2qTEKJNJVK2_zQBfu1_vEmhLDB72yXDtE6P_6EwCo_gulvWI2xtFKiPLu_DmAZUIvkWVw0i1uHow21ZncxaAR8HAUHqoU-uwOJ6rOBFjPI1lbxZ4Uv9HIliGtHt8yXH0nuAEFGEjv9Uh0q7uk4_f1INuc3GO1s_KPlOCDp4HkUE4ugTM1Fjj9NNvwfPwRs4c0Kppy6NWRptzjhkvTFQhUFESHY3rIZKPp5RRK_nBCt0i3tgnj53oT4adnhB6N1wX0XjVNsjg54IsnWQ3NXpWQ&key=AIzaSyCjh9aj5KcL4_aU4229--ATJhvbcTNPmUk,-6.0957201,120.5040916,ChIJ_TTeDKTLuy0Ra6SgsCiRUfo,Kabupaten Kepulauan Selayar,Sulawesi Selatan
Pantai Motto,"F7VG+RM8, Motto, Kec. Lembeh Utara, Kota Bitung, Sulawesi Utara, Indonesia",4.6,8,Wisata Alam,https://maps.googleapis.com/maps/api/place/photo?maxwidth=800&photoreference=AU_ZVEEdJUjqLZDWrGVJPIJaU3YRwc2d1Tz9jQI1hceZ3kwV34TNozoilYX789ZkRieNzNdUyg72cg4stXIfUIbwT3OgTK620uuOGtbL6au474tG3DROftEv0c5O-Ez-jEVr2HJDU32hTYIXTtBqjEv7qUuSnNs4soAfLRcYREP5VgJC8vc2yGl9L8K0ivaDfv_3Xm4Y62pczS9ha3uEajqRKupf9n5OpNIX3f34uD6s7exp5mos6kkDAoL-UcxwElNNGdokjsbRX77QROExXnqMw0BB3Thlw-9m4aAd9WWVsJR-qhTRWz9mvoIq7X_IP11cppTS5LsGK6NR2UXAhqb77OrspsNydZfHy5FkTIXypJvCieveVVbNo1H6TfIdRR3nCwZ1bPDgBMF_H-wI1PvHNouxluK_ykPaMUTumIJwqQM&key=AIzaSyCjh9aj5KcL4_aU4229--ATJhvbcTNPmUk,1.4945318,125.2767098,ChIJJeltbZP_hjIRhchNFLJcDXw,Kota Bitung,Sulawesi Utara
Gereja Bukit Moria,"C5XG+P2W, Jl. Sh Sarundajang, Pakadoodan, Kec. Maesa, Kota Bitung, Sulawesi Utara, Indonesia",4.6,8,Wisata Alam,https://maps.googleapis.com/maps/api/place/photo?maxwidth=800&photoreference=AU_ZVEHxyd83EhGIoGXdTwFafeu6WOun_RTDVXuQ5YpeI74n9_PzqBiELpDzwQipXDYfWey6bWURlkKz7R1i0PGlfMdq9G6geZnWvE_QgHt4TdtZhDi61eY3YZjhAd78cmXoNC0Ja863z8NTi9ceHMT8YQnDUqdzsSAF8_k20iVnWbPbaLMUZE0qbopwnak3D3EPgQ8srXF1RS3lImjfFpLBffv9DIrliDpPoZ8C30b82PbB__T8MqQGWlTrLT0ZxJ8F2oIW5mHtyztM48TYp3fCP6_m_rGWfuS7_lnc3dVNIoKLwIjcnlcOHhD81O_WL7maOUrlUqY3TuUdsOBMr-_ShOnEoXXPIY9kl6VZ6FAqKcopNAct77A_nXLhHiGkaLx7tmk-fCPQMpg0Vtui8Nvx8YV06f5ays_rpNP1kHZ9vPYFU8eQ&key=AIzaSyCjh9aj5KcL4_aU4229--ATJhvbcTNPmUk,1.4493702,125.1750752,ChIJN6rGXZ8BhzIRdTJucdIhpOk,Kota Bitung,Sulawesi Utara
Gunung Potong,"Gn. Potong, Ratatotok Sel., Kec. Ratatotok, Kabupaten Minahasa Tenggara, Sulawesi Utara, Indonesia",4.6,8,Wisata Alam,https://maps.googleapis.com/maps/api/place/photo?maxwidth=800&photoreference=AU_ZVEGM1BA_jC-5s6ISEmXo6RQqvkyTlHimEVAByuRWPVJ905xpqHdymBYiUCKZVbpq4fFVlYZ_KxZe6N-kFt7hMdaTKwQoIrJXKje8xCjshTJRO_s_-htasQyqcjPrAddSRGPXb6tA_JxRcbEEuveFxTTAfhi7Kqn9Rf7CzMixqRyo981A-e1OZjintfXsPb_usZ6w_z-pVvT12y3ZeAMFn1QCx1Feh0876JpLUYfx3YSVrWmoFSqFDBPK6hP7w1B9UpziunWnTe0_p9zWFCZ_Q8FZ_8J6sNlLXbxvRLMgeegC2xPpWbUdrQuCcpy4sVRFwNbGvWDgOj8zN5OsYHpIggZOy6PceC69s5w5hZeTQGf_RBLxVDuXi-WWCnsNdGwnifsCyf-dDGHRRGBbwHsebCRG35JQGSjlpJUazc8V2Vw&key=AIzaSyCjh9aj5KcL4_aU4229--ATJhvbcTNPmUk,0.8819444,124.6875,ChIJC4Wn2x2wgDIR2v5Z8YWSvXY,Kabupaten Minahasa Tenggara,Sulawesi Utara
Bukit Sofa,"4VWV+569, Tondo, Kec. Palu Tim., Kota Palu, Sulawesi Tengah 94119, Indonesia",4.6,8,Wisata Alam,https://maps.googleapis.com/maps/api/place/photo?maxwidth=800&photoreference=AU_ZVEE3HR4sC_g8TcNp6YvYO5UR7g6eul3QY3yMEKQJ_9Ely8LAHDRcxXS4gCPICfTldkDI5bsf40Ce4zybuA3kKQlSb_7Liqbyk2TNLKJS9wkpfQAa2RB3bMWwrDeNdnZLr0cDjdFzrqVlPFhiaxPUCAkTiR4uuFULquWIBczP7MRLKOsYU6Iysdo6WFJSpKsq54r78pMhzyZ0adVYR6e5R8Sgz0JMygaZ8ifJ6PF3BaxR9-Tllgv-2riR3760ynDLCs4jhQ4hysV9rs_G9bt1k6EXrbjVNoeiSrTVbD2O8Rhykw9hGqvWiaDsOMuDuGmhUfpBn_zyqEcG8hVkBgSg_yOtJ7_EbeiuhDtfAJtSPJ38u58dZUkGo90pLPp2n6C2Tl0c7fC1NIsQejmjExf03r2QERLZNqypMNpl73hAhgrtE80&key=AIzaSyCjh9aj5KcL4_aU4229--ATJhvbcTNPmUk,-0.8545969000000001,119.8931216,ChIJERIhBNXviy0RbJNhlbh6lG8,Kota Palu,Sulawesi Tengah
Wisata Tebing Livutona,"7MW9+4QV, Towale, Kabupaten Donggala",4.6,8,Wisata Kota / Landmark,https://maps.googleapis.com/maps/api/place/photo?maxwidth=800&photoreference=AU_ZVEGVY1dr5juI5kJ0y8ErnzqyDf_i9x0nkMFgdj2x48-kw1EjygLodXmjaD5XXwnlCXwtRgHyzktqTtpKiFQHNh32Uq9qtIBax6Q7-qUDNZtUJAXYQjZDC34Et-W7gnqIxC25WvGNzE1tLBPLLFAGWrA3F-QAR6G6v6ii7sp0tQMXWJtVApWU16tmW_KN-tAHaoprNU6V3qjCw2YJ08TkANGJ8iUM_IBafva6bWrPXt00e7gQu7fDbesxZNPJsPpsZLk7giCegCrLs5jzokzkHhVyfoUGI5oxbSQH8mq0GnbPrjEf5C7YjKyLF9-8AZV-uVl-IO_N5LFhMBTxOMjY7H9c7s5KzHkkOEzUTNZ5dgTWdKUlNrSWvZ74F3eDpmcGRThDDOmKDlyi8_o-TUQ5DLJqChd6AOSMIYcKGzaV6SKF0auO882NPbzuo_Aj-cZCh9eL914ToRTvSdxYfhuicPS6dc0Er5lgT95RYqVEaZQ1pZkgonKXCUWHlpuWXHpnhqzRUd6B_yTAGFPgQu5kr2sjmThb0usDovKQH7JK7cDgOp8CccTFAHgbN117_fmxvpylSrIg2u7Caw&key=AIzaSyCjh9aj5KcL4_aU4229--ATJhvbcTNPmUk,-0.7046287,119.669422,ChIJrfVF7iy7iy0RcEZDPTYxMu8,Kabupaten Donggala,Sulawesi Tengah
Gunung Tambusisi,"Gunung Tambusisi, Matube, North Bungku, North Morowali Regency, Central Sulawesi, Indonesia",4.6,8,Wisata Alam,https://maps.googleapis.com/maps/api/place/photo?maxwidth=800&photoreference=AU_ZVEEJNVo7JyOGOX-gj5dJdHRfcxc4LjQ9oUFDp2-_t4AJ8tbupuJIUgG-oD6altmoawAMZU7R3lqhgHm6qQKjkQQTrW8Sk_Ftx5fm8nzJXO71AkYD-4AUW9lm30DUs679IA1jl3bKSoEo2eM8lsOyAfB2_jdeyDqUjyJzqVHLjFMqsdtpWHI9u2UAPy_N30h-JaP0XdRBV7i0Xe9LLdV9pSIZwNo4Wwn3RwQ8QAFrPqTEbhQdxKTfwHLxc6dpxVWSmWJsYP3lM6CItrfGwv-04JmE8ADQeOU2F7YZakFqrnBQcxu1tQjPb3LQbbSCgfqoOODmb7zXbGMknXDIZEog57bS2FxvoEInRnSdAMall8m34ONTEoNRKxBDgTYroeGPunZ_LrztmeVqWvEIEsJR5C7kRCcaTocE_NaeEBJ9x6YqqEBLMwoXsEcUlrw3QA&key=AIzaSyCjh9aj5KcL4_aU4229--ATJhvbcTNPmUk,-1.6333333,121.3833333,ChIJ3dA8ZYmbjy0RkRbdYBKPoro,Kabupaten Morowali,Sulawesi Tengah
Pasir Timbul,"CFGC+6WG, Laut Banda RW.11, Cipulir",4.6,8,Wisata Kota / Landmark,https://maps.googleapis.com/maps/api/place/photo?maxwidth=800&photoreference=AU_ZVEHgRjkRgcYlObekfysQVNDNrLinuIKGb1jj_m19XNgB3IPGcphKkvJu1ozDtDo0ahhRW7BVkrXU-bncHH3x3tRU_AQdQZ2W0-hoL_kyB3iddFFF8BIc3KelNh9IOJYOza9MOG2VU29TgP3KgkQzQlozVOrhskBJ-r7QRL56tMtXVYMGORKi2YXi-_9rUY-rFf-WhTCQwnkjGjzuaPPPMDFF_xhJpCcaQqvH82qA93-zhTcC58LXtc8a60HSLFsLPqt0yH1yC29cXaijEFbeH8ATj2Ivxiy_E5WcJClxz1P_s498t2dDjsxGBs3Df6C8YT3HbUsE6FI-rws0t9qWsqJQrm6DbHL0hsKUyZ7Dg0ELJOesnliCti6sxDUjGIngFhPtrU2jQNb4B2nNZuNnLiXAy0QM625jrRAMEYbJK0wIv0qst-_7kJvRSMYp8wM0axOa4mxWVPbqxF3drfrXwIbQhw_PHs0OeWXziofmJwZ_8nzLx9RvCWZmuiausTJnG35tdPv52hZBgbjjO82L4bXOt2s8GdJeJZfQSjrqUPzwdQv9IZnd5S7a8s48RNR6MW6vkXQNs-Wlqg9iL6HgnrP8LjC6QQmmASmV70bx9nYSx6G0zzMnVGnHUgb-KOZLtj527w&key=AIzaSyCjh9aj5KcL4_aU4229--ATJhvbcTNPmUk,-1.574445,123.472335,ChIJiS5Ljw0Lgy0RNpd3JEnqklU,Kabupaten Buton,Sulawesi Tenggara
Kampung Pelangi Tolitoli,"3R25+QJ2, Sidoarjo",4.6,8,Wisata Kota / Landmark,https://maps.googleapis.com/maps/api/place/photo?maxwidth=800&photoreference=AU_ZVEHoh-KrnxlC5Fgb3kO1jX16HlMQye2ZQNX1Z4JesZR1XxRbKfAoXadyk-0Y-XjKfHvH_yg1TiuLEmEDfv6fw_sIy_IAZPoIPmuCbAumbqzc1HKvf45Hrnz9_-wd5yMFNlblb9MaMn3J_KZyr9EIOQgPUxNyh09BGKgMTnd2jt8AmZA_9X4eKVO8vfDjwy7lroIpXT1ooVQ55QLapQDKrpltuaOtEF3z4TFVPip-WPpg3CFvvFz0pOIWADepW_jSjk9bvZOoZVS5shpaCJe3SEnsGZtl6S7tUhtLgif0AdT0zQq5pPNh2jJqoOhtYCiSoRHJKuJd_5kjgBTyvE9IQGc8YVZmiIq2IaqPCve0WI9Fx_oIX1y-Qqt8w_o5xiQf2SgBQGkAQBmtXWqZVz_NBYNYgSod7SOVLzMV3Q5PTQ87zaq7f5N5YQwhCeGccq6ZAk00c_8y53qw50WZ8QfLgZk6ej3mhUuSUpkyJIb9ptdbO8EYEAZekVKWDKi-w9SLy6jQmF5i_yZQUbvr_gFpeN0xwcjQjlyNjB4nzX8X8ilXmf2OU2D9HHbBO5Mm-lBOgnR3w5or_dd7zPkALfr59K0cY_wgEcd_m4Z0uYaFBtaEckX_zFkfpy9tC7lLN-2R9bbYmI0vKOjyZPI-pcfI-Q&key=AIzaSyCjh9aj5KcL4_aU4229--ATJhvbcTNPmUk,1.0518939,120.8090306,ChIJYbjv1VMrcTIRlAelHrYLpes,Kabupaten Toli-Toli,Sulawesi Tengah
PANTAI HUTAKALO,"Jl. Buol - Gorontalo, Bulontio Tim., Kec. Sumalata, Kabupaten Gorontalo Utara, Gorontalo 96254, Indonesia",4.6,8,Wisata Alam,https://maps.googleapis.com/maps/api/place/photo?maxwidth=800&photoreference=AU_ZVEFg0tZPY1i9QYMGQuSK0iUXI0HcqrjA_Xd8NpnwzNw_SKO0oKMloa14NBweLbr7xoahpALmGS1qbLYcSH0ebmADC3DgNYrj3opPIMc9cX5yPByCK4FDPB_Q-W8oK10apOFphF2s4jzuxUg2Iw_sR8RJxX3o0wdeyWImiISefmriT6p5vfV8V3hQ08PVdVldWMw-N6C8K9xLEoQbL0HP4MGhqjiyU7tr0x4FVsqheVBioYl28-8oI14mV1eektPekHsO8cTrPA_7RWaOZYn17lfcrNAOxtwVZKGTjEBRBZJq6N4CuuaSTi19_tonDvvlErAixd4SqlYb3nx8I0Z8y_e2oSVimk78rIy5p_Hn0h9clCZXsuWXwUqCuSvEk03szBmvJxJZQ2iJaRnPejQQH1CVD5_ZoZzIDSv9YjGspQORdQ&key=AIzaSyCjh9aj5KcL4_aU4229--ATJhvbcTNPmUk,0.994102,122.435868,ChIJJ08qgH1_eTIRzWsgjzGyztw,Kabupaten Gorontalo Utara,Gorontalo
Bukit ceria desa dunu,"WJQW+8R8, Dunu, Kec. Anggrek, Kabupaten Gorontalo Utara, Gorontalo, Indonesia",4.6,8,Wisata Alam,https://maps.googleapis.com/maps/api/place/photo?maxwidth=800&photoreference=AU_ZVEFHaZoGZgnAgrlqaVw7qFXq4DHg_g_mbL_MWiEv8_nn_HdAieWOWNLAtJhZyCz7FjtwXiogzvKhsuOqSOO8OOSZC1ku002MmEm27sHQOie6mnu-6ClDi5In5axzG2dY8Vn2RmJzLLqt-X3Plb847jaklqv-nayiA4XTUQZHFXywdntdRS6yGfkvNlyg2CQ4IgAL0skv0dGmBHXtv3gA2JA93yRYYIZUAaAPdIccDewZxt2wqGtRYALC2QErC2KcVcYLISdwVCs_418Z0kXi1YWUB3yfjcgM3vaD7CJrIjTsQ5-brEBZjxrCLDK5VYnLt2mfAxJc_DOZGE33LLPoMcZ7W7PvM8L-FbSK_yM6nLO3qbM2P-T0Z1plQCyNHgr_JTMuTMgJ7yzOk2e1Ob33OAQu1dM9RD6tzrjWkezQ3mNZIfpS&key=AIzaSyCjh9aj5KcL4_aU4229--ATJhvbcTNPmUk,0.938286,122.6470917,ChIJTQbZfsJneTIRNbau39nYQW0,Kabupaten Gorontalo Utara,Gorontalo
Kawasan wisata Yakkima arung kalola,"43HV+J3, Sogi, Kec. Maniang Pajo, Kabupaten Wajo, Sulawesi Selatan, Indonesia",4.5,8,Wisata Kota / Landmark,https://maps.googleapis.com/maps/api/place/photo?maxwidth=800&photoreference=AU_ZVEExep8_h70eQ4Wl85yn4TXzKxcOHeSE4fWrOtxmN3OfdFSE7yhU3k4H3StoLLx-v6QbPTTxousB0MOAiF6Q5kIn7QaNVFgbNlQu7APxrjjMLSYE5rC37l0O22s26dzlC_QSr6_eyo5rUFXuSMOXYmCBDvDR5gob7pj8b1z_fY0tPnGuqZENCvwRH3DVquOf2rVrewx1afipAEcLCbWfL-Hf7saV5pjRXEo09axx9P2mLvYT7kabjxNF0h1MvQY7pcpQuu6bU2KCBAAv_B01O7OaRcr9U9qHEDgtUjijiqWyeqnlek_9eGwh8_mbRoWBvVz-qtpVlYEGLJDLeH2LkVGd-1kFbNacCJjmsPcR_CEOKJNPGOjqKEUg486-6jeiCLxcIpdacP2wCm88ztWizbmyiOBMtRULpHY2o2U9h7SjrhBkmc6s-HUJvGc9nQ&key=AIzaSyCjh9aj5KcL4_aU4229--ATJhvbcTNPmUk,-3.870803,120.0927108,ChIJETYHagDVlS0RA2q_kEy16K8,Kabupaten Wajo,Sulawesi Selatan
Puncak cinta kita,"JVCF+8M, Lalabata Rilau, Kec. Lalabata, Kabupaten Soppeng, Sulawesi Selatan, Indonesia",4.5,8,Wisata Kota / Landmark,https://maps.googleapis.com/maps/api/place/photo?maxwidth=800&photoreference=AU_ZVEESwIxkxfzTeNy2yoIwfV8CY55PAOFnaJbjX-cqgdmcjMLWtHkOvnzd9_5Ud27rr28zeJmc0CeklnjC66-PWb-PbxuqaSw4AWwyw_y0tFAl7WTlPneOO7MOZbXssjlXFe67khbfflfrIK44jqWpi_eqewP3uG93u0lMirLG82bY7aMrgkAAiRFZAYKeJC8uoqAvmljdgP0lJcIwZgStJlPyqEYubrg2x9zRDJaFF7amZVoSqWfhIekH5Lxhdt_QjxX5bGWALUMoWzgJrNrucY0CdrPIcIws2Ef_fljH_LsO1MgMehJ5eQBO2AzmARp-BugIjErtFGcUr1wtYvriQSJbkk6E4DRa1k9UKctyqWpZ4rt8gzvl70C7ELW4oRCaCRBZS2uYjny-9DeWN19gP4UydKno_VJpvzn9_w&key=AIzaSyCjh9aj5KcL4_aU4229--ATJhvbcTNPmUk,-4.3792401,119.8741351,ChIJgaDi1fb1lS0RW1uEAimDc8I,Kabupaten Soppeng,Sulawesi Selatan
Pemandian Air Panas Bebba'e,"RV54+963, Unnamed Road, Patampanua, Kec. Marioriawa, Kabupaten Soppeng, Sulawesi Selatan 90852, Indonesia",4.5,8,Wisata Kota / Landmark,https://maps.googleapis.com/maps/api/place/photo?maxwidth=800&photoreference=AU_ZVEF83WJk5KwWnsMg2k1m7v7ya4tBqC-45GVy8rKRo12R1lz5yyjIvhOGFH0aNrvHsDq2LCKAmo4zpVvw9qmEFgBArZerMhaVftbkVWKJFTkS1vEu5xzdqhxvYT5ixzLuTuz0zvVEv21IH6jaXhm7GcsV4Rbz-mzmokHa1a2_MTUjHsLaH8c6rhyzWYP9NYGkmjPS8PBnUTeoQjV26vOTHQ32i97VPHJuf5Es3p48HZ7n1fhR675ddllDF8vh_-usmvVUoL6kJTsNhxfhNx0rsCpAj4Fd74AhJt2pmHFVZxWyy1Ts5LU1jYMpnjvYLb1usMzVtzapNZBmwFivNQAa0zkKxf5vzbzs49uNlc5MDoc9XPERTRkn0N5Ne7zCWUfHygJxnE4xCV7eNK7Qn9G1T0iGEuxKTpe_aHJNPh47nk0Ey36QRhjeHrwpMRzMbHRu&key=AIzaSyCjh9aj5KcL4_aU4229--ATJhvbcTNPmUk,-4.1916128,119.8555562,ChIJ9T7Bmk_tlS0RMZZCHdqvR3A,Kabupaten Soppeng,Sulawesi Selatan
Pantai Timur Ngapaloka,"QGMG+7GH, Patilereng, Bontosikuyu, Kab. Kepulauan Selayar, Sulawesi Selatan 92855, Indonesia",4.5,8,Wisata Alam,https://maps.googleapis.com/maps/api/place/photo?maxwidth=800&photoreference=AU_ZVEEZ4rxLsHYMvIO6HoXaYY-8sWTYFaBp5KyqOIrovi6o9eD58V863w9sH3hP9DcKv6fMzCeua6SlbWc7E8NBfawxatw4E-X8J2u6m53zBHwps2V2oP8RU0WmIYda41H6ZClHUzHIANWTFS8_6xzu2r1mrYa2MVvH95c1Mg3VinNt3eaq_4Y9agxgQhGHE5b1hwKNs-FWKQ_t1Px1mVPtlF9_gGA8vY-ITcZa_68Ifil276vcHFWl37eJn4uLF1uycW_YNvMxl2nh3S1dhu2UcMwYyk9I6y7pfsbBajm4g745Bl9HSsxh_xo6CFy9b7FbnToAatQvwsgUU0v75yvOn1NYaBZfpWwBJ1gxgjNdxIAs9a-jRO8qd9JAXaC9_adfuMfA2baMVubPiEskMKwXx3kV8W5-FeWV11xc0QnW-kV_tg&key=AIzaSyCjh9aj5KcL4_aU4229--ATJhvbcTNPmUk,-6.216821299999999,120.5263482,ChIJm1NkFSc2ui0R8y6lDKYFWbE,Kabupaten Kepulauan Selayar,Sulawesi Selatan
Gunung landaka,"Unnamed Road, C7PR+V39, Ledu-Ledu, Kec. Wasuponda, Kabupaten Luwu Timur, Sulawesi Selatan 92983, Indonesia",4.5,8,Wisata Alam,https://maps.googleapis.com/maps/api/place/photo?maxwidth=800&photoreference=AU_ZVEEXjZ5kaG12GYJAxr5IXbZsYm6gyMTRLbucO8X12T69vbHj83yLe4Ud0xWDg_n9HUDrPNX_iXs4B-ohiQrUKahsrYVRrbn4iUStzwNWySOfOLwg9kWK1uDb8P0kaQ9hFumu-9eSXwotbEYAU0Ghc7fE1Jsng3HVqdbo84f7DeyySTXDRUrC3pGr2N3ud81-DYTAfdHg0iJC1Ay2yL6tIz0jrIIjAS5b_VQeEcvyqlsAS1EliPMD5-bVKjhMEqY4NJb6Q_dxv0V8tMPShdqVtJ_NrPoRHnk1Vcbw2bHIHq-E66faj8fMbnbsSZB89NLg9UBWVDAxIWI8MswHUIRyPJpSBATBm9F2hqx51QERSKF499bPraabrSt1MCXuFOV3CDJrjqa1vr-fL7ZlB1dmkHwPTSNwnifapx8hXGRa2ExVYuQG&key=AIzaSyCjh9aj5KcL4_aU4229--ATJhvbcTNPmUk,-2.5628292,121.2902319,ChIJs1m0jOJnkC0R1fuuoqBY7EA,Kabupaten Luwu Timur,Sulawesi Selatan
"GPKDI ""Bukit Sion"" Girian","C4RG+RWX, Teling, Kec. Girian, Kota Bitung, Sulawesi Utara 95544, Indonesia",4.5,8,Wisata Alam,https://maps.googleapis.com/maps/api/place/photo?maxwidth=800&photoreference=AU_ZVEFXCCo47k1Snirbw1TshooC3sA7ihtLkoaIB2rUsV4XEZLsecMmHBbVy6-z97taC-EkO-H4LDosoLwsDWJgYCsW5ss2eW19LNcKrNGZngal0gGVCCVajU5xHnpLxqA2hhsDTI5ShooCq0-7FLiKx6p8LF5fERqxJv0Vb8ewQgYdCa-SNyNcRNJCF2bOmR2N4I7u3V6MnyEUA141aGmZCiDMGCl18MDXVmmjCAU7ydRf26SQ5Z0GtAM5NuCf2UvsLFsO62r1KemfApYaMAPT1tMOM-yumZM_CfWvESotHQ9Qo-8umFy79xCusO8w4toz07XQVkRhPoJAaIVP5RmKwnVzoFUVjl9sGx7Y1RCm5pHQmPDX6oatYFJOeXFvqP_C6D_MUhJl_i27EjjBfHv8RkuL1ZmIAd_-cZ0jl2MrOc4g-AY4&key=AIzaSyCjh9aj5KcL4_aU4229--ATJhvbcTNPmUk,1.4421242,125.1273745,ChIJ-9iykjMHhzIRvbE74na9UuE,Kota Bitung,Sulawesi Utara
Air terjun binjeita,"RFJ9+8XP, Binjeita, Kec. Bolang Itang Tim., Kabupaten Bolaang Mongondow Utara, Sulawesi Utara, Indonesia",4.5,8,Wisata Alam,https://maps.googleapis.com/maps/api/place/photo?maxwidth=800&photoreference=AU_ZVEGp0XDlgrXjsj2kMbjNgMTfyMHwBMk9dS1nuTUdaMuE1L2eIDTq9TpMjDfoADRStffsT-P6JTmAOPpYyciCnKdoridAFwxSOyx-ntln_t2uAZQL2QPbp2VRhARL0PWb-AY7q8nAlB8M6sP-OkMrQO581dLu2stelwwliBnloUY2IHG6b6HUtQxE_7440KcBkYrqWDmCxhAADf4RPhZEcLtTP0aqglyphFepGycSmimC2wBIp2z3a4C6pBORu2g_BJ4FX0EuYzJuekDHvHawNVL4E5fDfK8GoGc2Cf1diUtBQq2qFE-PtzJhf3_uv3JhSBYf2d9zgwqnaURTPhtMB8dHrobjFUILeWolfzHdwEZrbUaUFUPx5EFiUqStXA1qsB_WGiW4ijTkSGCZZoL6H9lWD5fWZ-vLzfxoC3okr8tVfMgeEGsvGrrAIlrOoA&key=AIzaSyCjh9aj5KcL4_aU4229--ATJhvbcTNPmUk,0.8308253999999999,123.4699549,ChIJWZCkdgSXfjIRMW12S3VPlAw,Kabupaten Bolaang Mongondow Utara,Sulawesi Utara
Air Terjun Matabulu,"HF4F+9VW, Matabulu, Kec. Nuangan, Kabupaten Bolaang Mongondow Timur, Sulawesi Utara, Indonesia",4.5,8,Wisata Alam,https://maps.googleapis.com/maps/api/place/photo?maxwidth=800&photoreference=AU_ZVEGmE8cSnBrHhw1YXxNnCdvHBxbfjP1c4O6cxFbXyvmK1Hb3Ua_WH-TGehxkbdQWAEWzkTevn-6ifOZOYgRLcq45fbLE2OB-6ElE99F1B5wwqgaHgrRxtPuPjS-Xa2k8IlXkx-ak4MwEIS83OYPM60k_Fusqnh6zY_XqkzInS6viZcpunYBEa5GYHjDgh16C-eH70-FIMedntLVVTAKpEzWQxhNVp7QhGTbL_kqlK0-u0nrwuAxA5T53Py-kUBHdnL6gkRsfWw2uWPUk5mZzftvKFAIOdn2HgTH_4wC4EX98YocnMJvfAB67CwepFP6ZJzhd-E10evtGDHnJImltpuYkbmr1WL5NYaXIwJ9Yb4yFZu0gqJTubQ30jCR1JFbAaEVpEFF33341aHz66bpCvghXtFr311qE9pXDWskSDfiWqA&key=AIzaSyCjh9aj5KcL4_aU4229--ATJhvbcTNPmUk,0.5559814,124.4746963,ChIJN1pWwiUqfjIRyUUPEd2LNfM,Kabupaten Bolaang Mongondow Timur,Sulawesi Utara
"Pantai Timur, Jiko Belanga - Boltim","FGH5+GQ, Jiko Belanga, Kec. Nuangan, Kabupaten Bolaang Mongondow Timur, Sulawesi Utara, Indonesia",4.5,8,Wisata Alam,https://maps.googleapis.com/maps/api/place/photo?maxwidth=800&photoreference=AU_ZVEH6SKCqpv4yWG3fB2E9F0phjzgPqcTza5l4bluv6s89PiK3y2f4DhvI3dCKQYTtAlkqRP2tub4PlSO7HoooNjxX7cZvucnVCd-x0eDrVX5nE53y0NjGFeH0BCHwPrYSl8fkDqJpbImNZPQ08aEMjfPFT3mMEpVv4zJa5j_DLirSHBDBDLRXxW0TegFBPJ605AGooS0zvl4XXto71-dGL1PLVzSt57vstPbeJfegmo2bf_eMfrYBb0_gtVmsywevqR5mNQdK21S9B2UI-N99TyRkrySFmkA1zZk8zzzewylrlyH7CTPDY5I2vFglBmdA_06MnOcThaEqQmJDcoq1wTNKL91t8CmZuhBjmpzeFdgQ53d24cD5R6AD7u1srbrFsbAL0ifVMiZPsjCQRy2kkirxW5nA7xQh6wAccme4KXv4Hw&key=AIzaSyCjh9aj5KcL4_aU4229--ATJhvbcTNPmUk,0.4788441999999999,124.5094021,ChIJ92n4S49_gDIRkc8rsdHe3PI,Kabupaten Bolaang Mongondow Timur,Sulawesi Utara
Air Terjun Bidadari Kayaton Desa Bukaka,"VJG3+JX5, Bukaka, Kotabunan, Kabupaten Bolaang Mongondow Timur, Sulawesi Utara, Indonesia",4.5,8,Wisata Alam,https://maps.googleapis.com/maps/api/place/photo?maxwidth=800&photoreference=AU_ZVEGS_OJ2nBviqsthCTDu2a_6zB9UIYMAsrxNYPWHFteZdtkPjI41hKf-4x42EQTcDenloN9ollJoQLwZ9oU6tBwzn_F488zbhPX2mzyjEQ5pD6TpG3EzWMS0q-aGWF-xon606aucEQKlab6yGiyBiLDmrax3GIrkMN9y7Hm7UNWb40QXcJ6HFr1GarwJmC-qQf3VzuKDi-1dt55p4Q06W4Xy558tS5_bcmqZWaxVtgrjl1XjBTioZY8okXpBTwZx9zHymypDgKnp0LxfmCGxLcT2-roa0X_w_HecUyxtJnfZZXr3XqC7MjZXmDP1UpKejPJd-_fZoSc4ve-KSBD27GcngQFSQeQWxLeb97yPweeU0mp2otvt3ysIHuoaxsBnGulReSBKjO8hObbuN8JLSmX5AKFiiJnt5DRxvEKnnrSGm7A&key=AIzaSyCjh9aj5KcL4_aU4229--ATJhvbcTNPmUk,0.8765160999999999,124.6049964,ChIJwxJnGVGvgDIRLvO0f6_W1Bs,Kabupaten Bolaang Mongondow Timur,Sulawesi Utara
Air Terjun Sura,"MCHH+Q4V, Kendahe II, Kendahe, Kabupaten Kepulauan Sangihe, Sulawesi Utara, Indonesia",4.5,8,Wisata Alam,https://maps.googleapis.com/maps/api/place/photo?maxwidth=800&photoreference=AU_ZVEGTqSmnUSXxv87nLJUCHL3UknkGWwvlQcyFvhlv9qVdxV469ri_-Ubpl6MzPbtego18De8YPafhhWSvIoTgaiWmJr5lpIpU8NordkaUTkImFK3XWLkJRHjMzyVKtxNZco6XGfZfZi2mN7np0mRBkyvS8oIrXrPcP-R-fZISwo7uQix05hiv2D0eSKGVVZE1P6OuNWkjMCuvdr-OJ3hWaeEVg3tsfcw3z8u_lphQRl0wMidXvnqst_66DKD5D9J2-ERo_TRTxRGrBENwM9mufTgkN9mCA14KTj5W8GyLZyWaSRaUimUK5REJ40EFUZbyucVhcukB5GPE85fWHVDWOTxB_HhKWk8Ty3AjyKXrSP3pnPqg2HQtXAk6L7lP0tl_SRXyT110JHSGUG73f5CmXdeGs3cOZP5v6QgDq9J5A9EN0g&key=AIzaSyCjh9aj5KcL4_aU4229--ATJhvbcTNPmUk,3.6794975,125.4278005,ChIJ_ywXlAQPizIRlx7c64cJy4M,Kabupaten Kepulauan Sangihe,Sulawesi Utara
Air Terjun Ogololo,"FW28+HWW, Bukit Harapan, Kec. Sojol, Kabupaten Donggala, Sulawesi Tengah 94356, Indonesia",4.5,8,Wisata Alam,https://maps.googleapis.com/maps/api/place/photo?maxwidth=800&photoreference=AU_ZVEHEq3xofERR3fmqIfx9WFHxjuukNgnqMEERfhhbTAWwFdLvBxxSWobRmJiuo16b8nrfs7komZ-7vThvw0u5_2_hcNQumw6TCs6UrjZyn5qDzQgLhwUPa9Si-Xt1bPYlDQFQ37kGWG8uVnogDz2t6ZZTXVrmpMkw4mZuFrWm4VTMHdEHwT5QERsm_0EsHQaMQ4WzFNFjJT-PvyWkFl17EmT47RQH_H5qrZ3iDrWqgeFDdvrnucVxV9pAKMUVBt7bPRfIby5w-sZsAvIMy0kooR6bWYUd8-W4u3f7r5ss-6S43uBjomaOvUa3idmBL9MbFjy_mic8mKJDqI3w_LkZxul4LEGA5XMqUKuAY-XRqTBMNuU_z32_I6HbJgknyoYliFupBPt8hRNUp05xxuNMeLgLgroNsnKjI7Sogtdwa91nuuKt&key=AIzaSyCjh9aj5KcL4_aU4229--ATJhvbcTNPmUk,0.4514832,119.9173138,ChIJI1mEiZ_PdTIR38SeCb3filo,Kabupaten Donggala,Sulawesi Tengah
Bukit Sunset Bou,"M2MM+94W, Jl. Tolitoli - Palu, Bou, Kec. Sojol, Kabupaten Donggala, Sulawesi Tengah 94356, Indonesia",4.5,8,Wisata Alam,https://maps.googleapis.com/maps/api/place/photo?maxwidth=800&photoreference=AU_ZVEEmJp0iFdz62h5ToXP6QveOVjc_WSxs0HI8JDpMz_WYsiZmfEx6RYv4jv_9NSc65qjL5Xl2YjPJMpNzgcWeZSPgPtMHTuYAt2S6EyONlmCy22hSp7vbXRRV5H5B8_bNokQVWJvXoXQa-xg-RTNhLUv__a0AEgf_bvthwlJzWxQ9B3n5YrHVVnahgGHzD7bV74AKKXkFDXOUDYp7v76ozni5bidi98DezTk99xnQAo918bEGEGyAjDqPK78Y3kNLJpxYQVDDbGovNZN6ILInWBNf4oqzlRPUbsqBNSdOHphc1Wo8JH7pxR0pROWVRmEwA_RFqOXifHVmkdpPpoz0nHKxg8g1auNkKHuGIVHY0z1x7SoNIcQxvrA2XfiZXXS2Lr50dTUe3Q34yZN9yoQQYZirfhRzXY1C_RETHcW98Zeo4Q&key=AIzaSyCjh9aj5KcL4_aU4229--ATJhvbcTNPmUk,0.6834857,120.0328244,ChIJn91E7EwldDIRJv_hedD-SyI,Kabupaten Donggala,Sulawesi Tengah
Air Terjun Ayus,"3Q67+66, Hanga-Hanga, Luwuk, Kabupaten Banggai, Sulawesi Tengah, Indonesia",4.5,8,Wisata Alam,https://maps.googleapis.com/maps/api/place/photo?maxwidth=800&photoreference=AU_ZVEHttwhshpZ9x9nLRUUkmSczHGzStVlklgv7f60qpbZIsqXrJwdvI5xDx1wrnuNwU--1jEdsLYOSr5EpoIiP_x_ZPsX6tIXwKz_Ol8-pAcrjVamr_WpmzVL9T8tYA_WOYTiZvdZipIgkqgHe6X9SS07d2bP6cO3LgDhPzSipekvORowzl37tGfL6yEEd2pDILrxyDiyUqm4c3dzDy__Gh54wXLTVw6oTYAZ8qSD5us3VpHyDkmpnZofHINeqJGAEzgNpZqBFK48v2YZ5P3F_imCdXOdQG79bcKpZ5C4CIXV6HPNDX-8_z_HlCvGZ3CHPdhaUK6s8khmYiWoEo3VRUr3k6kbfmxzK_X3WiYZA_YQ-_cKSGvbm5H_RnxdasqhdmQb1fCBIMR-ruAqKiwDL-mlXPK57dnnNB-x7-JCWhBdL9nRXmx9g8lSLdtRWshWd&key=AIzaSyCjh9aj5KcL4_aU4229--ATJhvbcTNPmUk,-0.9396426,122.7642007,ChIJcVgMBQCjhi0RsfU_B5BOXRs,Kabupaten Banggai,Sulawesi Tengah
Pantai Labuan,"Q6CX+96Q, Montop, Kec. Bulagi Utara, Kabupaten Banggai Kepulauan, Sulawesi Tengah, Indonesia",4.5,8,Wisata Alam,https://maps.googleapis.com/maps/api/place/photo?maxwidth=800&photoreference=AU_ZVEEKLKP9vyjnb-WSJfhypgZBLGii7_cdMlZ7s5WeyBYiC8dtFpigU-KaVs6NCQuFvYQsEYdFFE2amWpedWpZ2dKZbAc78_HGCrrPoC-v4P4YM-cTqhGTPNFLZ0iSNeZZ29V4DBBzQ4DdcrZG4W5pu6_qBJGF_CANh8M9WQXhEtwYFtQGdkwicdNRNKamfs9C2blS0KQsfcSFBIhDzOwvnDxkBZ22M_CUDWcB5QOkzjTzMDI40eonxzCfUWX731qIq6Rd67Hz1Xtl0gTxFMkudju7Rjxd8eYRUxRnTLdJrQ1lqT7w2vqMU5dUbNbIjVXfrkf4igTnu2DE3HvkA5Sx1kh2lWnNS292UrfBzlMoE6XjTqnYdDp6Y2RoFYoU3wpXn_bBZ0mQAAh9lgX7rajDy8qy5dlHkU6dUygLH_dorujvJT4&key=AIzaSyCjh9aj5KcL4_aU4229--ATJhvbcTNPmUk,-1.2290277,123.2481195,ChIJIx1l0HHygy0RA7IvvAeQV5M,Kabupaten Banggai Kepulauan,Sulawesi Tengah
Wisata Pemandian Tuweley,"2RWR+Q9, Tuweley",4.5,8,Wisata Kota / Landmark,https://maps.googleapis.com/maps/api/place/photo?maxwidth=800&photoreference=AU_ZVEE_vzYgApQeC2iJ0J5o7vYa-glgIaA8_YlOLX66SYN3rIxZkDu_3zHBzH-H0U4ZOjQMpkhJFKEWid5cmxuuOQ_Xd0F43xPk2c6C5x6ojyDEffn_m7RVEuLqeUBerS0pOIqXSa1QiPy8dHG7nNgIiRO0NaMPB3YlsKQlZq85t0wY8kH4_kKrWIsWTHLiYL57ZLZOMLaFfdpqI9_e3diJIexJp1swWkK9W41xxp9o9U_j3plkSqfVNrXS7DtcWWUL3OtELZkgLnUFnNm_wYejremR6aOyPM1yWNBpTwmuY4-xPMJDoWPd_tcDG7-_JMKdjtSPdgyphTpzPA73znggtNwSgYBCumbV5pOKiuFGYoqIH4ZoJIDJiQM7Epxuj78hLnlR53Vy3e2GvhHlzTEmjLxkAOUkle5_OEygY6cEmBftllinKd1BPk3GslDtvAhekALgob46chm7bxGzKe_a_SFGtUcWK5d3_z1oJIahprsHFHTB4qr-zLAnC_Io-ktYW5cywRjlcG1a9Tsa5OMyhOltORlFmLN3YIH7xj1X-PSbi6OlmBVMswkpstjVdXoWK2AvYj5Jmbt_Wera3JRW3_02LIWyIV-IK8kp07mu3AHJqq01GXtO5zOIMvlNWwgOF6Q0fa-aur3S_h-XA-Xa6-pLZnE&key=AIzaSyCjh9aj5KcL4_aU4229--ATJhvbcTNPmUk,1.0469375,120.8409375,ChIJx5AiARgrcTIRAJzr8wcaU2c,Kabupaten Toli-Toli,Sulawesi Tengah
Goa Kolam Renang,"GF9M+2MV, Labengi",4.5,8,Wisata Kota / Landmark,https://maps.googleapis.com/maps/api/place/photo?maxwidth=800&photoreference=AU_ZVEEer3K0ZqZk9jFqFS8chXlzaVXsK7hp25b7F9qbeDKWGha9hH7Afhkv-VhtbnsPXmwVz_dDjKSjZ2CmXGFS02Qv5avVmPKzF6Zn4qsp7ozsuWHk3HFHK-rofCTm20ccoi5kfZEfVADJefOgmLtjU64KqlrKmmFU-2Cr7jP6ujAVNJW7MToU24xzP5x0T-Fi0gT1gYhKgNmzXXeQ12VDvY39f9F47LEwesYrygQgAbb2s6xZ_b2ynjf2Ak5RyLJeRwtgBbVUpJdg43nsIB-r1a7jjaNMl28jy36dEjQhopr5x7is-cW9C9AHabIQsIrooNrriB89JIbZDnr6EIVKM97N72SUrFdw3hm08NccTK-jET-n-D1-goJ2YXt32PnZ22r4PTWpZDKX9SaPCbEp7whA3Vodcd6P769ddiCMgY5U2hD_gGgq_bkB-O6l_ibRWBMxqQr4y-VwHoZnBeJO3Df1fRNf3BJDWmhZ4PALHpftWr0_C5CvEhvOczy2yla5fwHAKpI2fAIwvOF63sIzfvryGqyEp5AUbjfqdEr9GSRYDb4CNit7xqOyMYEc6cYxyoHsSWNtQkVn5NCq4JT3tT5FbnEOA5qOSLSrxhadqnlR3ZC4UBhFD_hbaiBxUnaui7eiXQ&key=AIzaSyCjh9aj5KcL4_aU4229--ATJhvbcTNPmUk,-3.4823831,122.4841703,ChIJEYoaxHENmS0RMEe_x1uTwd4,Kabupaten Kolaka,Sulawesi Tenggara
Pantai Miringan Desa Biluhu Barat,"FPPP+F5F, Biluhu Bar., Kec. Biluhu, Kabupaten Gorontalo, Gorontalo 96272, Indonesia",4.5,8,Wisata Alam,https://maps.googleapis.com/maps/api/place/photo?maxwidth=800&photoreference=AU_ZVEF6FmLetPx1B4Rs70GsL2469nS0h_w64cO1pfQ7fFifZKz5mY9DepKhGziBrEsZrIYRvXbWsx8wjQsKnn7JF5NyfDMlH-U39wdchJuYhqahkYes_1YFO6rgFJ0RQ53c26mJ0_4oPx_whkJWz8Nr3UgHKbYNI3yFw7opYkxfwoPP8G6ZoqteWToek6zJysJCZjQ5wI-Ihg6A1XIGmtsD79FVFbU9mglNKHQhvXJfINL3KSB4WWN9wzoKdYpnR_lceFceTWrTEvhP_nlpMwUo3kACSMqT7Y0cuTxndQX3cugVOJvsJXGH5a0EySCj1ogTEw59bcPkqiXqzUN0SeEm2fhUvUvPt-5NqRUn6Mygy7_s9T2P3r1knuXXieZEEk5_K3t89ZC8Nmhjs1kfi0TWh9ExPehK1YdzhcEhuFzetXIJYeALN1JkrIN0bn5U7Ijm&key=AIzaSyCjh9aj5KcL4_aU4229--ATJhvbcTNPmUk,0.4861962,122.7354085,ChIJc1N3VMHfeDIRIo2yAJ9MCSY,Kabupaten Gorontalo,Gorontalo
Wisata Puncak Desa Towata (paralayang),"Unnamed Road Towata Polombangkeng Utara, Saluka/lammasa, bukit golinga, Kabupaten Takalar, Sulawesi Selatan 92173, Indonesia",4.4,8,Wisata Kota / Landmark,https://maps.googleapis.com/maps/api/place/photo?maxwidth=800&photoreference=AU_ZVEERxe1xVKRKu3sjnOD-XotAbYKs6WSaLCQp_SF6E6Yhnbt4Liz5lc3Gfx1eYrW5tGBsRQ4SvtUix2SY9sZPuAKSDzp7fEoyaTrbh2BbdxJgNBfSUQ1x-d_lC_wOC_fDLT52nEq084mpP_qeRnyg_fXZ1mfraXfboAAMnLDQgc8Bitj7jsjPnEknocgap4dfq4wJlphZJRZGgELv4_plCnCDIO9xD1c0mkij0mHcfGglMz9Irsc8U6yzwV9mT5dsqi6Vf466DTByF8pkxygWWKTkijPcmAkzbTzQ4jxq3fN83v3QPiqnz0O_jQ96QLQkrDUFf4QY94S-p0BLFFQrD4mtARnGUClELsQselapihzSdILoAFt3GzZiDepihX4eFoHDATbXr9_rZWyWDrzFBv3yuMI8iog13TdrqffcgGBz_t_L&key=AIzaSyCjh9aj5KcL4_aU4229--ATJhvbcTNPmUk,-5.2973864,119.5697249,ChIJdSqNapzdvi0RdiYojVwP508,Kabupaten Takalar,Sulawesi Selatan
Wisata Bahari Politani Pangkep,"Wisata Bahari Politani Pangkep, Mandalle, Kec. Mandalle, Kabupaten Pangkajene Dan Kepulauan, Sulawesi Selatan 90655, Indonesia",4.4,8,Wisata Alam,https://maps.googleapis.com/maps/api/place/photo?maxwidth=800&photoreference=AU_ZVEFOV-A8a-Te168zsXDJBCcnjLqzS6UnvX5yEZwD0r_mYveHa0bMZcSQArMtnVhL02BSbgfon_phL2wDoQlsfZ88JpniiMUh00JD3VCyCuFtc1WcXDYmHr9iJstQwon-NUUpD29LDoJWyaR3DQezREyCDHOs_EqcX2uW_PFiCwjeMtoG1cpi9PPhWXY9WxuC1dYG67ZfqRTwPXwqR_aydEgillUdCW1c3PHXnGD85-Rym0OWHVmwwbC7GlEsxnxeQaW2abeIbMC7F06_y0IwSwwgPzCWD-FxpWm7T_q_onJoGY2oM-K-z_bXRaspjdNFquIxH_rOQzI0jxr1VFHdXg3dqD6kwKCt1D_ZKxx5ZHHPpvfo-25tIipqCmRSBRDtdEpegn-o63NPzWadlhCD7UiriLYXv02ZYTUhpgNauXHAKpb-g-iBO6Y1VeeUDtCB&key=AIzaSyCjh9aj5KcL4_aU4229--ATJhvbcTNPmUk,-4.5703163,119.6017036,ChIJtZTpsVQxvi0RC690pdMk0QY,Kabupaten Pangkajene Dan Kepulauan,Sulawesi Selatan
Galangan kapal phinisi Haji Abdullah Hassan,"F9G5+28J, Tanah Beru, Kec. Bonto Bahari, Kabupaten Bulukumba, Sulawesi Selatan 92571, Indonesia",4.4,8,Wisata Kota / Landmark,https://maps.googleapis.com/maps/api/place/photo?maxwidth=800&photoreference=AU_ZVEEeC_JRQHY_cuuOp-koVkDkkMbIwNa-MGcNRZ8FEvcRX7YoqpJBMaaQcCt2NNM7k2UpNC2Juy2bN1ejG6J3icKUBz2t1Waj0oOCtEVVEhNFQ0JPk_HyPGzt7mO4cG3BZR2TiOQ_h4lf6OHqkbL5KF6cbZBnx6GMeFUZEJrPwb-tvPrkRbwSkFUAb0ByCEvFx8LIAE4eLYOWW5qRt3MJIrPBrASB36wsijDMEAPTWZdbbP4vT1kXnvP6dlf0VtmkbBuXVuqWguPDxGppPGo9CS3NYSvZ3X_Tn_uoMhCXtzyqhTy58eECfERWUSuCgk2IW4Sol1RUer9iS3mbretOC3bjvaX1H0hFgsT9iJkhwHu5XdP72myPHGXUClHziDJU4-DjswdGBVXPucQ1sIG-qHnWc7LWz2qy0J7Z3laNVm2a2RwL&key=AIzaSyCjh9aj5KcL4_aU4229--ATJhvbcTNPmUk,-5.5249029,120.3582611,ChIJBSTlnU8JvC0RzfmL0xhmgvA,Kabupaten Bulukumba,Sulawesi Selatan
Air Terjun To'dama Sangkaropi,"4XR5+WP5, Sangkaropi, Kec. Sa'dan, Kabupaten Toraja Utara, Sulawesi Selatan 91853, Indonesia",4.4,8,Wisata Alam,https://maps.googleapis.com/maps/api/place/photo?maxwidth=800&photoreference=AU_ZVEG7nftBXbmY0LM5RByyMI6EuNHUxGwY35fxQ2QIIuPaFQNAgrIS6jxMLJ9-gAbtcyNvsQ-eq8CfWHRCRVnFKzcs7jhlksFvMRwxr1HkzXFS4njICXXvubflC2QNd5E3yfdkcQ8x6YrQgJ4G9hhQ69X7rGCwNwY9fmikjJZBQSWYJfhJz9GCS4PGrtu2Sw9TINPx1q_ilKlKHI2-qU8vLdZDGaJKAFUvoYfDGH0wR6Jm68H6iKT9T2BWrkDmB1I053jd0rAySDKUV_NzvyRnZgyqbWngV0egiZZ2qYdornt5P4dsmkSsFbTyYS_InOd62msSzCItNmKKqGZtRETD3qY5WcNKFrYf1cK4fFATdQIDIPSy5uQQZCXYVZ9-sFqNpkw_ipT7q_UIEWSdOvNzE307RHCoRCVRsa9KepDa1M5woJz3&key=AIzaSyCjh9aj5KcL4_aU4229--ATJhvbcTNPmUk,-2.8577262,119.9593747,ChIJxYxx8VTFky0RXR2rQtBmJ6A,Kabupaten Toraja Utara,Sulawesi Selatan
Dusun Londa,"FPVP+7VV, Temban, Kec. Enrekang, Kabupaten Enrekang, Sulawesi Selatan 91711, Indonesia",4.4,8,Wisata Kota / Landmark,https://maps.googleapis.com/maps/api/place/photo?maxwidth=800&photoreference=AU_ZVEGF1VxUYr2ml1rhZkDthN3TOP0oKkPdFEWvd6vXmxgQRFOAoLd6lSVAviwQHD1PGCCqim8IWUINLU17bmKCQseVBkcRe455aBdRkS5sDqh6SFBRhYNKbI9cNd0-3IDfomosFlIwMtmo0SKPUh974l5FTQKSKFNwwjUeEkSlpMS0xyDAt3Zdq908DekUdy27n7jo5TL31YuKUuDHkU2MUpUH5K5FBgwaZaj2HLIekhUGc4uFsTJE7Vv8KNnU0s2fkb-35hzWlJ0iWs3TZUfE0mABk-bfc1LFBQzh9bin62_yZYLLkz4b7eA4CgLb-kWcIJkTjO-Mhr8QrZZVRl4-_t_8BvvWf-QTX-SQ4q5hJvt35k0WdhEyLJTO33GEVqsHfrcwrgrMM-8-kYrxmUrVaUCok7SUc8c8e__s8RL8Dw4NVg&key=AIzaSyCjh9aj5KcL4_aU4229--ATJhvbcTNPmUk,-3.5067589,119.7371759,ChIJG0mhJ79rlC0RekDKWcIqk5U,Kabupaten Enrekang,Sulawesi Selatan
Pasabbeng,"Ladongi, Kabupaten Luwu Utara",4.4,8,Wisata Kota / Landmark,https://maps.googleapis.com/maps/api/place/photo?maxwidth=800&photoreference=AU_ZVEFWxQgDnsoJUbYEQSfjzfphV5X-Y37LqDc-fi7xhQJBJTzIujBuBC2MOlkFcHX81wkS6monGzJd7354apx8me9uoKYUICROt-c7pRyAA3F-j2AWeV5HftIQLS16PdkzCh3Z58IgtLVWRC-ADERg8cZkansuodtonNsL2f1bfCgTzuWFZ3hOnaTvHJd6eH5uXLS2wfgeJs585K-nAqZ_JuPZJRIZyYYUuOCqd9yI61L_UT-QSoa4Ivuiu64uilTfjijR2ftjbSCzB6GPQquNI9-FdiMUzZjsSNnZ3XH3a_WbYFAmlKda0xUHPeA2lV47fCKf0tUxi2yfT-ZJI6Cej90dYchemEiJ-SdhcB7WZdXY0aMCT5q2E_7oOgjvkh9k9TJTQG72aRbPH02RKuMwOdrLLCRfJX7k8GO1uyvI4rLSMlZAEI2ERrlymLqMU279GW03ZFXg616SRHw0SsE8Fi7M2uD7tTQdLV_7NmFUiKp3yBud4F-h_pka8kbU3yzulVdlcEDd3wJl0EK28CJjml_33XYrL5L6RnRbXpbIxtUoAZbr2wAm0zIQtXlEXAahvYg2bx-mDkcLDg&key=AIzaSyCjh9aj5KcL4_aU4229--ATJhvbcTNPmUk,-2.6990663,120.4562671,ChIJl7yjLzN1kS0R0QOgJplABA4,Kabupaten Luwu Utara,Sulawesi Selatan
Bukit Awan Wasuponda,"97XM+49, Tabarano, Kec. Wasuponda, Kabupaten Luwu Timur, Sulawesi Selatan 92983, Indonesia",4.4,8,Wisata Alam,https://maps.googleapis.com/maps/api/place/photo?maxwidth=800&photoreference=AU_ZVEGsspbZHXzm0QRj0ILFLBGaGb2zEFym-s05wvxQKHAztPAK77WazGq2T7tXs8CuWkrUqrVo0DTVEk5qRXwSdOHyQZBHi5l3HBAvofLw13WbAxjF6DlxKxKaVLB9Vj45hZ4SVVDly9cQeaH0rqP-x_cr6ZzwC1pa9yUKfRFDz9fb7C0Ias6PP-m_ocf6R1IkYfvj1V_6qSNCrO0eNlIRXeRnDBZel8E8kqpoqqw1AsdmMzo9a4w-7Uhz182O7KiV4rpOsIwFhMjamSe5axfSE0UvdMpxyKNE2NiLUwWoInqG58BC67qwZeb48Z2pN2McEdcC7igJJm7Ke8UEwC-PdWkv6PVJsG4Dw-I3t815sna6SWFz5kZRzlArZqFEWXYpumE_qLVkYor1yHx6YrTpADjSlW9yOWGUuSXGiMvE7hnK5Bw1&key=AIzaSyCjh9aj5KcL4_aU4229--ATJhvbcTNPmUk,-2.6022029,121.2834376,ChIJCxXBcS9hkC0R1iBIGvS-8_k,Kabupaten Luwu Timur,Sulawesi Selatan
Watu Tiwa Toar Lumimuut,"WFM3+3RW, Pinaesaan, Kec. Tompaso Baru, Kabupaten Minahasa Selatan, Sulawesi Utara, Indonesia",4.4,8,Wisata Kota / Landmark,https://maps.googleapis.com/maps/api/place/photo?maxwidth=800&photoreference=AU_ZVEFtbh3N6Yx9M_RLl_kV4uEAFPoGq_vipWrNE7IytL5NJsZbBaZmgsE5rckEqctUoB6qi5yoU2AHkT5nIkMxDagPBM-nYe9uOMTneRRojpsjY4DMW2nso7ls6tgjA_s8aaLHZYB4wbsE5CUegyeva-izWVllFGQ1i2YOZxugq83OoDYAP2QTP1_EJipZp5aQHe_YE29Xsh_KtY5W_UTiSroN3CeyIqugF3pytmZ7MAhzJ9lKfggAeOI-hUArWI9Ap7LzHASoSYlwulQ7MhmAV1o1sMKSmXvVngE1Xc_E_8S9k-RdTvkscqKNZMkOx89Nd3O3-zc0JCRMWZwF7fhDAFb-cY6YFgh4jf0AkMCoWQfNRsa6ELgrekTnTW_-AzkUnAaxrVPpMsjADjB9nHCAzd2TkcFCNdcZeYzWmKBmtPc&key=AIzaSyCjh9aj5KcL4_aU4229--ATJhvbcTNPmUk,0.9327369,124.4545912,ChIJKwgkONcDfjIRUgq2LxgYdso,Kabupaten Minahasa Selatan,Sulawesi Utara
Tracking Mangrove Bumdes Mandiri Tabilaa,"92GW+V68, Tabilaa",4.4,8,Wisata Kota / Landmark,https://maps.googleapis.com/maps/api/place/photo?maxwidth=800&photoreference=AU_ZVEG1C45YaS2zYibONHicpetarEGcTB_XjzPSHm098lWPL8s5q6jztFlt9s1ma1DpkRXkFBadTd0Vns1_dp9MQOI9vMMDj3rYnONpoVqGpIrv351-INldfPF_kFBpczaVS9TVCWAGByypkpXke1MhhGwWALyIfQLEM5S5urTWyaj-NuhIdeqo-Lp1YWDOL2SE93hiK_J_o9a8KN8TQN8PQQajZikjZu2feHhQmF3eDcne_We1HWk0g_hJjqnHeuvxelUP-VLeYzVCSu4_CDrv9I-l2VILzh5Sy-5nvGP6PsJ68Nv9IsGL7IEC-qj5CRjh3Q3yJ-TFt1jiCIF1JuEEfdqgiOhKE1kFeYyROiOffhmTYOxKTOfrtHlOphXJwXe8yTEAz2B-DykEQf7ZG3PhHVdxIES_7g0apwVXRg3pIhTinvL8toou0QHkH-Hyf2tFvRrKBdBfUWxe3DvCleCb53dCEOVlbIGoZHQmCmhuA-dw8GapbjurUNxxKqsrUPwiwgegjdmrc15IkMixyzmeNbWpo7LtmhE4IuBhNcnwjUhimL_nqb0seqXjie3hBRLpBlT8ywskjJQ21z62_t8JXy0ftAiTF0mJTCZJZVPmn-DoCYMUuVFKx7cWWlBZMqaaq9oJjVPs&key=AIzaSyCjh9aj5KcL4_aU4229--ATJhvbcTNPmUk,0.3771656,124.0455655,ChIJXSX1_xCxfzIROhqxBEcigQs,Kabupaten Majene,Sulawesi Barat
GMIST BUKIT KASIH,"JG76+5JM, Tona II, Kec. Tahuna Tim., Kabupaten Kepulauan Sangihe, Sulawesi Utara, Indonesia",4.4,8,Wisata Alam,https://maps.googleapis.com/maps/api/place/photo?maxwidth=800&photoreference=AU_ZVEEr7fHjj1t1DY-z6h2lTCspQGGNlT-eEmb0VWdN7ywFJp8GeY0cGjOWgbj4dcAVup9NSebt6bCUWiFRQSfznF3hLJGgaz-1gwPJeaZFrFw475J1200MUncSGFT-86h0-n4yxzyDXIxQ5u-d8WCFNr27zpgsemkl2QrI-EQFSmIM8A4tR56e2P52GqV8y0JBk4DiWfBLXubJLKXYX3vJrSav1P0AzvyVKhZSF8F69WBQThBbthBxdnyBLOZKdGlBw99lkj6fHGDpLUJqCPQtG5CrQOU9WyeWtx5ay9DB_lsyldpMDepTzSw-DOjzr31vmgnG3dr7wp9Xm2bp4KdtUDapzFt2hHrF2MRBZot5ry_LV6WeA9DOTvR_OmSuj2Uvg8i5_U1eH3gS1NIPA8YxbwJ3TFnIaxmeAVtAMfXtC1Jyqw&key=AIzaSyCjh9aj5KcL4_aU4229--ATJhvbcTNPmUk,3.6129705,125.5115495,ChIJyyt97eYLizIRYDSCbHvTBpA,Kabupaten Kepulauan Sangihe,Sulawesi Utara
Bukit Punggung Kuda Talise,"4VMW+V2, Talise, Kec. Mantikulore, Kota Palu, Sulawesi Tengah 94118, Indonesia",4.4,8,Wisata Alam,https://maps.googleapis.com/maps/api/place/photo?maxwidth=800&photoreference=AU_ZVEErAmURSpLokTJa4SO3ae598Yqmy1mci4pWOW1owACxi3kJ8KmumU8Dh3pxIu5KSv-5qPUyJkD8dw8wHEwLoUsfMSuRIf6ywhUXx9-tjN0RLlvp3gxDdXOIfo4qg3QyJkTOzf_-1ORVv6v_u-zusdd8IUED2Cftz41E8xNW1q9ILw0Qz8uiLLdg9APgDahQQYyir7Xr5fysby-FiFuoEuC8S3vMlS2k35aQFBwLm3A-KPA-4doOjvaWRy2gOn3vi4MH0-lb2nR7GS2t_ZVAdTrfj8DCXu2WehtPz55fjRoMT8GKwJYpGoFLj3Z3ssudUdpx-CmbgrVqFwdHOksjqO8qnoCj0pZlTBNlOGS0ka0PVkUmH5Eczn6zVDaIcH_JZ3h6kzH6YLH7WAriojbavagvtf9tFUqx1DwxRmxgV_nng39t&key=AIzaSyCjh9aj5KcL4_aU4229--ATJhvbcTNPmUk,-0.8653657,119.895104,ChIJcz-UPbvviy0RdymaBUsTm8Y,Kota Palu,Sulawesi Tengah
Wisata Alam Goa Lembono Mata,"82VH+29V, Laroue, Kec. Bungku Tengah, Kabupaten Morowali, Sulawesi Tengah 94973, Indonesia",4.4,8,Wisata Kota / Landmark,https://maps.googleapis.com/maps/api/place/photo?maxwidth=800&photoreference=AU_ZVEFFYG7bYxFfXEXFvzsGLcTVsR4tvyybbaw_3u9BxRoVHo5ST0IMJXx08s153jnEkKu7fzLs9X5kHjR7IASX-q5BT6lvbjUDWh-fhazfGjP3Os9-_sjZW7XUbYhvdzOhFbg5Z7QWJ_NiCwHP8b-BfpNaXkZ8ateK-mUNLXlTM6EV8NVczYMBshzLz2FI9Nl2CQ66H5lwIvNfSFacu-U1YvpYGG1oOjcw8HoEQHaZZXHlUgkUKczGHg50KO2O3XoBQYf6m_lNFCr2s0kjL38343jZLONHIEtBqz9YDiIwP-qfpcQE1Vg6dBzmR25w9cxtD0_8flAaC31VDdQJKeokqkhOqV7gAn79IhnYcRq6KFhYcRB_FQo7PvIAoKNvw8ccNZgfzRV5QcMrjz7oWtPf-TP97O1fs9psE_tZO_zQwek&key=AIzaSyCjh9aj5KcL4_aU4229--ATJhvbcTNPmUk,-2.6573945,122.0284104,ChIJa6C7bcZfmi0RNM14anm5OZc,Kabupaten Morowali,Sulawesi Tengah
Bombana's Beach Garden,"93771, Indonesia",4.4,8,Wisata Alam,https://maps.googleapis.com/maps/api/place/photo?maxwidth=800&photoreference=AU_ZVEFKuMWsiPym01GJ9X2Bif3nQfAI-cJGS4Ednl8Mnt_AYNEXMx5m_z_cQhFGXOJrUva3Vc7HkXAp3TYlbF3BRbP7ovA3yIwt2BDnIv2r_AZSwA12cjKGL-AI7WNSagK69WOL0lI7VC_BlQ4XhnRNT5IZq5N6ioPGDBfmkPGnCLK_adbPVGR2kMZqKB27rhxfnpqLTICPAv-ZWVlwocUcS4Pcu04IxSH9aNPvCCh2XuQ3ALzYchHPz7j7GANbkqRooUz-n9sAO7UV0Zsw7lqote9DsF-UZzcMswOCYiPPdNm991D90JTypP7uIVsak65sfI5JJEtJP75p3eSqCcqTEeoTOEpncKeOVJrFn_8B1UQRzybubijVs5fUwQHLmezIu_Dv1ON0V2vITnNVhTc8FNj8rpQ4UN71Kwky1MKY7E6w_XFZ&key=AIzaSyCjh9aj5KcL4_aU4229--ATJhvbcTNPmUk,-4.7731884,122.0554383,ChIJ05Peh8Hmoi0RbasGtkitBT8,Kabupaten Bombana,Sulawesi Tenggara
Permandian kaaghi,"4GM2+JFW, Jalan Poros, Lakanaha",4.4,8,Wisata Kota / Landmark,https://maps.googleapis.com/maps/api/place/photo?maxwidth=800&photoreference=AU_ZVEHwx8Yq7OFJm8Lbeo2orA0sV05hLoIvfuJmyvek528pc9ZTxZGI5iziaCG03Lv_FzOxoXSTzCpcAmYtfeEcS9DSrTU8I-6TpX8fNmKZx3GOhme-Zp3nRRcRco79R9rechHyP6EPKPPRdYrucL4AEUrbePmeVODtuXM7ToW5Zua811U5-Kb0-Qz-rNOxV0bnKwl1sSIS3tQ2iR20t5HGffx56R0LxteBb_7RTDuZLG32JGdZ4cQYHEIw3s8NreD4zeEtHKBdqxhmC5NQGm4tXtc-WCEZQqsuMF39aICucGoBFfOr_SEwslJ7Rrqhshm1gIzskyjJLdtt-vVbItREPpCi-XRY_Hwt6fXjVckDtFubDkqTvkSxtDgAvBteqJ1MDKuRzQ71E1m0hBzYDDh-REU6W8kldIkxgstMUdes98DYRvsOkOoV2lQTXVmZ22g-5HyZQbGLb9-U7_ak1uY88HhW3givbbeKrvXRd7uYH_7gAFhBr4yZawFNjXbrQLh1QwFQd1lJzkBDlspVNDSWuJQ1sphqBj1_NsE3-CKRjfz2vJiKqeTOkfY_Rc-V5Xsj9mMJovjwHZ_6q98fQYx_opx2uccQB2g7jgtqRk_zscHAnLpoXMmWvRi8gLjzCu-uiybR4COt&key=AIzaSyCjh9aj5KcL4_aU4229--ATJhvbcTNPmUk,-4.8658975,122.5011973,ChIJ78xYznWtoy0RKE6JBDTCUWc,Kabupaten Muna,Sulawesi Tenggara
kioko beach,"3X4M+PQ2, Kec. Bonegunu, Kabupaten Buton Utara, Sulawesi Tenggara 93673, Indonesia",4.4,8,Wisata Alam,https://maps.googleapis.com/maps/api/place/photo?maxwidth=800&photoreference=AU_ZVEGazNDP1pjXAXvJq74WrNtgSkx_k6au0OIU8BhVxLRRtuyZpF9N1YkLlxbnlp0fsfBXTOtRBo0CPAzhBrLX3Avddqs1shZLA_cc4g7l55OQKxQn68oJdZflPlI4u83KdO_PXyDbK1s1bJhsn2vaLK_QTX6Fbcxq9Qku9Cbm8a9Ni0J5fUhEVLpYP1-UqFkicXItbX8hlWHUjbXbr2cJ_YboW-MFTB854ByxDnz6006UUNMISL_1Pg-QHo7N1_b6jM1AvSRzOcaoNUg1odztVunK8cvJJGcNAt3zqOHMcvJiPzRqxCIkOfci89ljwTZOEK69TUHRRb90HkqpQ3vwn71gaNnQ-RniaIZrhIZKdtFPKQga33ey-HmLezF7h3wg_FKhx8vE6IvIPFBVdgBDq9XHWOpWux5HR-ktZDqgI8sQGA&key=AIzaSyCjh9aj5KcL4_aU4229--ATJhvbcTNPmUk,-4.943793299999999,122.9835646,ChIJtV7-IQDRoy0ROecAIh1aR0s,Kabupaten Buton Utara,Sulawesi Tenggara
WISATA SALUKAILI,"C8HG+QV6, Jl. Poros Palu - Mamuju, Baras, Kec. Baras, Kab. Pasangkayu, Sulawesi Barat 91572, Indonesia",4.4,8,Wisata Kota / Landmark,https://maps.googleapis.com/maps/api/place/photo?maxwidth=800&photoreference=AU_ZVEGA_CHtS5NYjYmDZxNCNqEuKL3jZ0KFt5ulCd8cfN14Pp8yWvg2IdMegvJXUKm7-eiyG4uS_ixW1fKnMhmFOc1XTJbyPztAsIaLk7q8gUjSMaaM2zNY1CUG5oa_3u6bbpmbJORz5lqKTXgrlZdrRxp0928WC2g4Bde8uGc8UKKkWub6QrAyRLXbOoGF1ZOmX3qvtbfnl6jDuUHTSzpY_H9PaUfWu3_maXXbd_zCj6BCIqig7iBffnRF71NGbrUYo0dsKH8x_UltIKOcfEK_V9NYT9RcOlr57xOeOSs_UT7zL0lWTPLCRtvvVZGtip_Y_siqGnsoRmz3RGa1DwEMHRvSvMnDPD6Zg4u7YLsFbU2c2_kj9StDYWyVeQxDfEgnyHUo8o1Tr2JKVDqwimhSalNjXS9ozUTF4y8YEsuzldjL4g&key=AIzaSyCjh9aj5KcL4_aU4229--ATJhvbcTNPmUk,-1.5705942,119.3271517,ChIJj0QRA0P_jC0RO5AQn5Tl5Ik,Kabupaten Mamuju,Sulawesi Barat
Pantai Barane Kiri,"F273+QGH, Labuang, Kabupaten Majene",4.4,8,Wisata Alam,https://maps.googleapis.com/maps/api/place/photo?maxwidth=800&photoreference=AU_ZVEFKGg-c9nIhG-541lVcyDK5nLZd3fysHjFORiCOcCGVBztxU_siFZEpg6zv-7KVMl09WmIS6yKeV73s35sxRYCEyChMNs0-6w5nOxdiYoSJbLttqSMBWR3LDFZSt2-p6icLW7Zk47YPWJfiFI0I779mTCvO5d_SwEMGmJNjqS0R9ZREOEgLtE0vpybkZPWR5oRIl910HWWMoYXqs57L6YiUjE-bqeR8hWHEQo_2N4at07-d5jliBcVzIK-mrRTsWWFK6XyRvsW78_9NFLl0MO61BR20KXpLIlNXqu6zd2aBi1YDPpLRhhIN9K67uDOad4pNS1dcbJ1DJGRLH_XBK96Lm06tYgFHDvbQD4ZR2I1-tc97-Y_fJgP-Wh1QWMjqwPV-tO279qZzrFvplyDV9myOgtENFt7hnFk_Lh0hQbz_PPhqwcieILwYSktmFwRZTb7qQY6D_s5i56FVymTvYnhYPTbK5TuY6tT-r7mnr7D671Nzy19TY7XsfK3C6om2qIM_2Z9XC92hqKBiBoj-pj3mkeHr3lkWMb2qu2qzDM0y0AXiYxaKxV0XiNh9Y4LIFCp0loFMm6qcquq-iNH3fpnLuco&key=AIzaSyCjh9aj5KcL4_aU4229--ATJhvbcTNPmUk,-3.5355566,119.0038633,ChIJ4YqQIQC_lC0RAfts183M5PU,Kabupaten Majene,Sulawesi Barat
Bukit Ceria,"J443+5P8, Bulotalangi, Kec. Bulango Tim., Kabupaten Bone Bolango, Gorontalo, Indonesia",4.4,8,Wisata Alam,https://maps.googleapis.com/maps/api/place/photo?maxwidth=800&photoreference=AU_ZVEGlZnTq8q6amVazVj9BfXkB6pIfOVTQUvaNVJwpNCnH7iPRxbMpj9rUSDAva0SMNCafj5Dzr6B3JmMP7aoDdxLi2PQqzwaVNttVlsGeEMjlBTFFy6L39mTnELTYQEUQFFyAIQtMunW4yY2dFTWz6GW-1IO_4iXZIVjxJ-Ca2DXunKWprqKf6IkMQYck5bhGjBD1MKd4Ihwl-iOZMN7ftjPJBJfLx97l7EYgYIsd62jothFwGl1UuqSl1olcI_HFoD9hEk5rsn1_txZcE8lnvIHVNoSyTrvc39iHqmqWGwF8p1Vh_hYMHi2DqU5CkBE9XuWYMpVUyHPaRPrNA0iMvUnAdOiTp5On8JDwieKAxMenf6O6IFzJ3H4G-pkP5Fj1TFi4og8kW2GixYzWRNRDt_5R3HZ6rf2faZraQkMKWck&key=AIzaSyCjh9aj5KcL4_aU4229--ATJhvbcTNPmUk,0.6054191999999999,123.1043339,ChIJGWtnTwDTfjIRSFdTURskKCc,Kabupaten Bone Bolango,Gorontalo
Alun-Alun Kab. Bone,"F83C+VJ9, Macege",4.3,8,Wisata Kota / Landmark,https://maps.googleapis.com/maps/api/place/photo?maxwidth=800&photoreference=AU_ZVEGgXdSIURIoolU7ws5dNn-K5Y48Z2eGzmSx56zhwTbYWvKCuiz4vYaYuLEQ6XiQywoom2YS4ycNfBDL7sB1Sai0a8pmbOspAAlsxMjGBEgFUSgSSmdPdzduwkWfkKpUZXmd8TS8pyKQcpFEmbuP1reWNxSeEn74WbfKpn-pPe1Coo3Tfd16E23pRcPUBA3JqXQMkgEFC2YN0nHZyr6j7C7U_DGlggdSV1FZ3CPSsBnZe6itD3wc9-2ZSyRtMuHnXsgQJkdzTa2k7bOWDtFnitmbEfjOntCHropU5FRB4iTXHtJmUZRqiBu_bBiwOCFJQFLVerkUtu9gxCarzO0TmtVcYVK1i8dzxsizzPliW0upWJnuuNZYThxfrEYH_Sv2sdbwEFlpoMYgnbTQQfnXfnU8-_MsA-w4y_-I55PjH7rwA8U7jn1Pq2RF6gKGwxUrWep_JPMwshwOfV5lO9cZMHEwtQ7nUcZgDRndNdpWmbpGc8MZzR5L-aWqSu-ZhIrmAM0NTAtE0fKY22bWmhDQtZDJvAbxRF_C_h4fLVue4qj1dNW4a-0pec81WXqjit8pj7miadQnfZV32fQKk-rPNFTXjqCt7mfSDCmkE7MC33Uc4wnsOaSMHwb1fRIiJv8ZuWcpmg3g&key=AIzaSyCjh9aj5KcL4_aU4229--ATJhvbcTNPmUk,-4.545338,120.3215954,ChIJnTwMAu7lvS0RWgwoQv-Z344,Kabupaten Bone,Sulawesi Selatan
Pantai berjodoh,"8J9W+GC4, Bonto Sunggu, Kec. Tamalatea, Kabupaten Jeneponto, Sulawesi Selatan 92811, Indonesia",4.3,8,Wisata Alam,https://maps.googleapis.com/maps/api/place/photo?maxwidth=800&photoreference=AU_ZVEFO6ybL242NpatxN7GCohVKuAUmsZ9jg0MAk0uMNFnGiakQ1qeltyCK9hrDt_vknloWCNTrYS_u_WZ5ThmCGA10Rd4S8PU_4LkxGFGy-HDocUUAsT2DEBPiV2L7iYRF9fkypO1fW-SMIBfx5JHD2xMuLET23nruUDW5UveuvwyCUAI0hCsZmSUhOgx2_C82IO7lcahy0gdCic5Lbpa5dsKufUNQ4QJ4-H6-n4ypKqW6IRCzBGu9uW8AcW-jOvfU8RY_73AYTf9VlSBtqBt3VLDtEugpyzAB0Q6CGa-O2R7RApFbeikukJKQxDZdvV9-ok9s5qXFcAxKhu2myPJJBuqjjIzKEJvto3BjvSHem4R3G3QIHJ6RfDIGNe7r-1AKYCqhUBCXY1rioZz7gEpu8KIElQ9SJsGAUsCGSFRICUL2QtVX3JM-8QdLnYGifQ&key=AIzaSyCjh9aj5KcL4_aU4229--ATJhvbcTNPmUk,-5.6812277,119.6460931,ChIJS1ANWO0xuS0RLUFKa7YXddo,Kabupaten Jeneponto,Sulawesi Selatan
Pantai Baloyya,"QCVW+774, Patikarya, Kec. Bontoharu, Kab. Kepulauan Selayar, Sulawesi Selatan 92855, Indonesia",4.3,8,Wisata Alam,https://maps.googleapis.com/maps/api/place/photo?maxwidth=800&photoreference=AU_ZVEEpyZnKyRQwj-GG_mMP2W5iRBkDORrNGDq3AATY7hrjw1WhdfF1ykltbW-o23ErawQSLo19Z-MSwhMfeiD3QQ3LkJ9_0GvIgpr28iFTClhe6_69nBjMIe8UrTgRz2ZiyRvEYmzBAUrytJVOMCk34-W9F3naCCrIqZVqW1KIQLAKfAUn_LtK2lr_S8nU0ahncVtGofKkbkLRJrdor_AqQiyC57IIxipfapJJu8CE-2c82O1tooM3i8EnlSdbQdUSsSSEHXf-4I2bTh7EmNIev-ylIzoT7ZudO1LV9Zm4FWOi5vJj56ZZy95N4ua-vUIlvDhZ3vPCZAfakKdquR58srCK5fXbgat7aHAah4yBsNvKwhkFqr0TyeYwRVZj99GEKuqMpfR32QfOjlCYx2YYd5zI7rXNLzaNMKszMxANWboqru_5yWqF-96WAkQfZOhv&key=AIzaSyCjh9aj5KcL4_aU4229--ATJhvbcTNPmUk,-6.206853499999999,120.4456981,ChIJEc5trPA3ui0RtZ81OWMzEUE,Kabupaten Kepulauan Selayar,Sulawesi Selatan
Permandian Alam Lorong 2 Trans,"C425+CGH, Ussu, Kec. Malili, Kabupaten Luwu Timur, Sulawesi Selatan 92937, Indonesia",4.3,8,Wisata Kota / Landmark,https://maps.googleapis.com/maps/api/place/photo?maxwidth=800&photoreference=AU_ZVEGIuU_7SkX7cf7LpFJ8hE1qekd6992hjrq2DkmQKl3vmDVJcZEYX8cxBNnr_bt2Rp8pOm16LxZVpCmMNIggvL67Un2UypwK8D1HiyWdidtRdo0VGn8-q7JWh9ZEKZcfcaq2XjU19Xzkjf_ybaQq7WYyY5PMNTXxTM_RD4lRuvb7p2ktcr09ySE6Yckt7Ve2MXbTrhdw7g4WdtotT63ZjRAPiYl0MC06rFHL3M37uqk0IY3yKT_jLmurG39J8Yl_oFaGsHlxL6OKFVz3xGTJ2JkM3s67GSHm6CFH2H4eYfdgZwZqE2nrEpENzIn9YiZzP3rto_ZCs6dXpKi5V10M5xJnwEav1vzUhBx_qRTxEdJ6DTvzj0XN7b9sqGAinTbhrS018pnd4rW478ZiSo_wx4z0APCHx4Hu4BW0lUlGYb75oms&key=AIzaSyCjh9aj5KcL4_aU4229--ATJhvbcTNPmUk,-2.5981304,121.1095677,ChIJBWoKFr1ZkC0Rd14n2mUnBRE,Kabupaten Luwu Timur,Sulawesi Selatan
Wisata Alam Rano Reindang Desa Leilem,"7R88+9WH, Leilem, Kec. Sonder, Kabupaten Minahasa, Sulawesi Utara, Indonesia",4.3,8,Wisata Kota / Landmark,https://maps.googleapis.com/maps/api/place/photo?maxwidth=800&photoreference=AU_ZVEG26bsV04EQVete_P4_Ssx80pulSCu0DAVdAmiZyZNvmhSEVLEWuf_GeEnkntcBacjPM2My56SU5UboBeMbs0S-8Of-B7CqxDvVD3kkwfkZnyZzlaIYE25OGJjegRizInHlC3M4kISl491rDyf0Tu5o5tjOo_losdApVgjHo-oDolRC5Qd9dXJ4UWuDepqucAv4okvI_qJ5DWToaQSx9JNm_CJFlx7tLAkab4IVCTZEGgzKakI4NK7w8B79ml1YbzvHTq8AqkHdot4drgHmA_vCePUpaBYSZBsZOTkU7ollE3rEYa5m-fFUc09JTEz6pNLxD9rwtSg0F912pDiKwGLoXuFQj_l6zyA48ERN1glTEy1ul2MtBXvQXyCkJfuynXbpP9DVSiuONYobafuRfOZPEaaggjqI-LsKjzGwT-GbdqCpV-3hxHdg46I2eA&key=AIzaSyCjh9aj5KcL4_aU4229--ATJhvbcTNPmUk,1.2659483,124.8173567,ChIJbSgTAwBrhzIRmOOK4mlgJeA,Kabupaten Minahasa,Sulawesi Utara
Pantai Pulau Kelapa Bungkutoko,"2JF3+HV6, Kec. Kendari, Kota Kendari, Sulawesi Tenggara, Indonesia",4.3,8,Wisata Alam,https://maps.googleapis.com/maps/api/place/photo?maxwidth=800&photoreference=AU_ZVEGkaQdW53YgCA1oaIeO8D70oIg2mbURILL0VoXAOOzIrIErNEmu_0QsGwNHsNS_72VQzu1AahfoNtlkGP0guAqMAjkTOUtOG5UvKf3Z7MTg7USwD8G67Qa12B9EPyTZogVq-3EM9OlnlBWQwhpUQGeDNAZjHWQH6qBPYYFM05GuaH1qDjHzaQ3XHwgT0BrQ4gO_lIbq87SJtsT9dfE4ZLddqRE8Rt7b9_2MSLixwDajPxhLf4PYLoCdUdfFF7KNhdET8AmrueexS2fN4pHIJvB4fXRrwDzFzDVlsrc0Xk5feGUvKl4XBVi0guVZYGhOwWMUCGO0KdWH7hZ9U27BYuGHXtzRxJQ8FCZl9iJpQxAUcz_yDqY8_io07qLAZ59kvvdkn5AvEzZHkbE3VNB5A_doOtEclTrcq6sTjvVSrxRxTIks0XRDufpkbV6PPxO3&key=AIzaSyCjh9aj5KcL4_aU4229--ATJhvbcTNPmUk,-3.9760912,122.6046284,ChIJT8Y6UwDtmC0R-3zfBRVEkfM,Kota Kendari,Sulawesi Tenggara
TUGU KUDA DESA LAILANGGA,"3GMJ+R45, Jl. Poros, Lailangga, Kec. Wadaga, Kabupaten Muna, Sulawesi Tenggara 93652, Indonesia",4.3,8,Wisata Kota / Landmark,https://maps.googleapis.com/maps/api/place/photo?maxwidth=800&photoreference=AU_ZVEHYKRkzwdUuaPfu49q9lMw9S45QkkmLZAE2S7DBNX3cZJUDQz6spnkDG4V4lt-yGppO-Hmn406v3JEoShfqjop5GKnvF4o9W2MEIK-YFuuBNg8M-qvXZRTo1Jt_VMC4sxKCqz23OuLPVv0WaebaBN7xi2KhqHjBUcR64cF1oueqkbaVZ774ZrHms286VQ2Acq2xo_f6IgAv_j9TjbLcaU8NVXmg0MPJZWd3IHI2q2eO5yOaKpd8DdYuAMtsY5v3dUe3O-FI0kYyagT0Yqx6kvHGONh-7M4nqvNtWjYWJhsb_JtoU7_jHbkWVwcIJtwEYK5TXRDIipRiFb4zeG45xFzw8fsQ9n-8HuVUpSjHsHHy3r2Vgjm1xN3uSOq4tGi4qaPxLnrwT1Qu7AbvCDifL7AyE6tFSCBBUOPuGxr-WGd6pQ&key=AIzaSyCjh9aj5KcL4_aU4229--ATJhvbcTNPmUk,-4.9154901,122.5303526,ChIJkSuM_4Wvoy0RbPU_1On8jMQ,Kabupaten Muna,Sulawesi Tenggara
Pantai Wasampela,"Wasampela, Kabupaten Buton",4.3,8,Wisata Alam,https://maps.googleapis.com/maps/api/place/photo?maxwidth=800&photoreference=AU_ZVEFKbWrtWvrznoI7JwICLqC_KlQMVQR6IITrMGWjbtj3V_a_wXcH9tgZuknj0ecvI7zuamIsLRBb3DDVdWZohXoC0nYI8MRi1EbioR9ETfyx4S8cUhFbStk6n1Eiig_1k_myhTdkVqcs_z5f7jYsLCtRAoOsmulwnhfwrADisnSuXtzz3ebbdKizrNCFPCv4ywUbwD5BVFcH776J4MJqk9ooBVL2zd88K0BSw4bzMLZUk4cXn37NilcU_0aSCqCJct6Iv_9YfMNeHMB4UshZGO7kFSiVVNU8WeWO-T7cB_WG8b7u3oim9wOtO51LLxGMRylJr8zxk4LAHEsC90wznk97AhTUhO1o6a2P9merft9ZU4y0P6QYPXfC5lHLM3oW6jbRpkfq_3PqmabRg4lUc10gqg-7dnOsjRB7JKO70l8C-jZst9WAw81HrxAk0sCp2sct_aEmICNYI1LxGHMQxzLTiDN8Drrec_T4BCaOOgx1DyvsR5CeWMsMqkNMhqOvmW-coKfsjSoDyfq0I_cVxXLL-CY4y_fuWBJ5zANh2qktZ6VtbehGSKyRnmDLCtK8kOzpcypq&key=AIzaSyCjh9aj5KcL4_aU4229--ATJhvbcTNPmUk,-5.5834984,122.8770902,ChIJa4i0LUkRpC0Rdgh0Uf3wHEs,Kabupaten Buton,Sulawesi Tenggara
Bukit tangga bali botutonuo,"F4FV+QX3, Botutonuo, Kec. Kabila Bone, Kabupaten Bone Bolango, Gorontalo 96119, Indonesia",4.3,8,Wisata Alam,https://maps.googleapis.com/maps/api/place/photo?maxwidth=800&photoreference=AU_ZVEEWJ5mRZRXbkSCL4tkj1Zi_lbDyuPRAo6uSmtZqBFQR97Lw4DH6iujV6cRPZ0JiA6HHgLnmUoCBTId1lqF-1RwVr_8J1-o252fP6kI4ARG56uI-fEpRR3dPXxct4R_85MdVAhy-ZqyF4JYQTM28Pl95DdEWmkPcL4VcyKsTQ5r2a5rOeQ5ibMGwSMlPa2i-OzB9QVthislSFlXB0m0_O5XA3ZwZf0dOLE1jyzFRV6aDPVFMyZN1cz3OiVFJAfnsS29jUxwafJpVkUzyTiTnBtV6gdbwwfAfnJAUPPacNFgEKvhiazVsvx_JiU7HoLeXbMVDrisKofyOwLo8bx-e3CIRvdGCb5ZQHY32R9E7ZlEYJXfnK0NcVldmozFFg-1f3z3RfM_t2Bq2uoH7MQcrSKoeuQ1syGIn0HwgsG-osvwGMA&key=AIzaSyCjh9aj5KcL4_aU4229--ATJhvbcTNPmUk,0.4743976,123.1449205,ChIJmzu0QkoqfzIRWLUBumadhww,Kabupaten Bone Bolango,Gorontalo
Limboto Lake,"HXJM+27P, Danau Limboto, Kabupaten Gorontalo",4.3,8,Wisata Alam,https://maps.googleapis.com/maps/api/place/photo?maxwidth=800&photoreference=AU_ZVEHtIv-mlkCXaq6wz1RFV20dfmKzPXyjOLvZZ2uvPxbfpgpmLPYtOPqDt_D3xtN7M37CzBOZUhBR333n8VamocDqSas5zzp9Vunn03qHKOYThP_pRSKhUAqEBFBnGURD2a5MqoQ_2zDyCuDPkzGC2jeXF0cBox1eYLn6_39kTCd47Uydqy8-BNNHQqV0k5zTOddc94gZA7KF-A4O72bzEIQ2kAyZSGU34Xxgpql3gRk-zmKWmf1iEAOLIQocK1dClBXvwgskbeFKRxB-TPCkjquanA8ZOSS9SUaweswwOcRy59G2QGMuV9UampjS8pwCW0hk4d1bi85oXgtK_0HBTe8U3mGrSeg5ARgxCWSXDVi7cIEBjMAhFOjn_NpF4KEWR1KWg_lS6FwXRoZ0fFFvPC-dvk_h64KyeqZ4u4MorY7xo1kyH_LqnYraf7D27v-ToTOSiDHwD2X8mKZyXR7CQboOf4VLIrYZmcNAXigKPVxSnrkKwsGcx_n9KCdvsexmpdVbA-_NyeI2bhkVarGoNedQAehDhaYkh23uiRsPIkl-tviQzE1OWqMyrMnrNH0AKuxNWp56&key=AIzaSyCjh9aj5KcL4_aU4229--ATJhvbcTNPmUk,0.5800924,122.9831998,ChIJMbO0Os8veTIRxfDMemx8NgQ,Kabupaten Gorontalo,Gorontalo
Pantai Botuliodu,"8Q95+7F5, Botuliodu, kec Tomin, Kabupaten Bolaang Mongondow Selatan, Sulawesi Utara, Indonesia",4.1,8,Wisata Alam,https://maps.googleapis.com/maps/api/place/photo?maxwidth=800&photoreference=AU_ZVEG7K_onMpj5SmvMqLxvv4aa1SceXBYWehMypFO_TnDx-K2pxQfdYuWPlHV4okRaWBZqeMUTYYs_5b6OlHYqdjipwqY80VzjzRdzF9zkk8qkXw0I2e2qBK8cl-RNpDnSPwdtzzJiy-sk-XTE0V7Gci0tKvJ6hNvUcBuQIK70fSdpWP06nv_mu7xJPdOMyxVsoJJdf9YhcWlVX9sGXj0Va4AaF7gGTGRwDRZ5CKnenMn97XntJsgSPKPp3a_hPrAeMEcTvzT_Q7CFjejekaNErcxCUR0D1v0zW7FAKcH2L5e2Xxfn7nSrmgiX1noFOuTZSrQzAUB7nFy7gynNTrPcR6LCSEUeh5vWYQfExLEBnDl2jJx0PnI0lFnEUKWcqfJ4nhx-hQ1-sua-r3rpUKrETVwVnWFHXHXlCIP-jO-BG5ze6Q&key=AIzaSyCjh9aj5KcL4_aU4229--ATJhvbcTNPmUk,0.3181412,123.7587393,ChIJRfidOsgJfzIRSJdzTuKChw4,Kabupaten Bolaang Mongondow Selatan,Sulawesi Utara
Wisata Air Terjun Desa Gangga,"35PC+GW, Lemusa, Kec. Parigi Sel., Kabupaten Parigi Moutong, Sulawesi Tengah 94471, Indonesia",4.1,8,Wisata Alam,https://maps.googleapis.com/maps/api/place/photo?maxwidth=800&photoreference=AU_ZVEESqQ_pO3djRDX1VYDkVrm00Y8BaqVe4zeV3_YMXMOXqfpVrPEtzFEIoVeCP1EqrSLo-alxf9PzCtrQqUSDpo3viRhofhyARvljGpqsHUPrFCMpQkXBL0t4m1_XPKNTlASnD9nqwZyOLXA_g63ERKnWOEng2cGrKg2clfbEO15s5w90DU-VuMcWZS2X2TVMzYzMIkWHGsXaLjSWTwtCFpurFaUSxQiAPmiyH3hyt51DqVu27cbIohXlbhHzMeNuDa_kfKfleAaZLdudNfsUyp63UCqXesv1q03fMZ8tYAUBFSRj5OUoc8_rp_mSpaUd7r9-KlyVGZL24b7jq6WArL4w3q1-_drk6iY64T_4VQaMtyBH1E2qH5Xp99WBoiOqLAhjZfO5qzk1RvpMw5bUfq8fhe_ZQwPSm4Ydr2QVcAkpKGA&key=AIzaSyCjh9aj5KcL4_aU4229--ATJhvbcTNPmUk,-0.9137235,120.1723181,ChIJBSv-NflZiS0Rei5wRCWpG5Y,Kabupaten Parigi Moutong,Sulawesi Tengah
Goa Tokubet,"7GX9+W46, Tolokibit, Kec. Banggai Sel., Kab. Banggai Laut, Sulawesi Tengah 94891, Indonesia",4.1,8,Wisata Alam,https://maps.googleapis.com/maps/api/place/photo?maxwidth=800&photoreference=AU_ZVEGlnVbnNbIUu_7na6j07caJBN1Iv3JroYsb9MTQnmkt9xX54n3UtU3mhKhPLoBkSYLHl_CKynOoYzC-ZSCv48P-mkGPILmF1eu0KWdBfIAVD2afAG4QhIV9twvgjiD83C9T3X2997KLdEm9TscbJrvv3Nm8ggiD95_4imlnUdUhPJ_ILb1qRukqgYmGjzt8v_clsPEv0YM198vICBe-CH7oUmkDfRvUoxOgD0BxJPGNdVzU8Nxa_PlE4yCvCXsx4hE_M3-LfGmxJFcmvHNfzTkMYxPsYnahB-q66xH3rg0X59CsW8IgD-UkoO7K1gK5sHK2q9m8I2ubUDUyel-AwBnCS9m09Jt6WQrrRw1-W4MUdRjQ4eOpLg6pSouusmbmlf9VzYqHGgWeS31VCwE6szfgRPvmlloPIib0YWt7VjtpuZdi&key=AIzaSyCjh9aj5KcL4_aU4229--ATJhvbcTNPmUk,-1.7002125,123.5177656,ChIJidJl8xkTgy0RQU8Ns6ebXbM,Kabupaten Banggai,Sulawesi Tengah
KOYO BEACH,"H5R5+2X7, Koyobunga, Kec. Peling Tengah, Kabupaten Banggai Kepulauan, Sulawesi Tengah, Indonesia",4.1,8,Wisata Alam,https://maps.googleapis.com/maps/api/place/photo?maxwidth=800&photoreference=AU_ZVEEh3-UmIG9DkB127O2TVJHY6Er698Vfso4GIUVYyfHltzTqgqaDPgkkmSMu3MQtR9BDL3bykWtpFeqrB5ttVt-Jz17ORVOFZ9y9vZRLVFSmDRsFsTIQoVuUexiPbMZEw4BgQV1P7ojVlRU3NFSmLAsLNFJ8AKVQg8ikheb_1PKaJq6WSgNF_H2tajh_wn_5fif9LiYvHF62rL47dfxavZOUJL50VE7TR1zvkIXTipmDJl4eWsZyh-oe3gG9xK7opauCd-PdyoaBnFEMzJUGsN33GTmY_m74CINvtrfGV8HZn5Oz52XAK7sMlIudgCo_UNqOVTJhPXCbOBfxbXQ620CtxGbdTG_L5A2RDdiQn_N10l8MqjwAs_SfcFUHZAxzX6NKwSzXxYe1UhxI4NUHy4syHciCj5qOiqdh7S6DyEtZQ9gY&key=AIzaSyCjh9aj5KcL4_aU4229--ATJhvbcTNPmUk,-1.4099727,123.1599201,ChIJJz_2hm-Hgy0RlCE85vC4jd0,Kabupaten Banggai Kepulauan,Sulawesi Tengah
Air Terjun Sarassa,"GR9J+89G, Rosoan, Kec. Enrekang, Kabupaten Enrekang, Sulawesi Selatan 91711, Indonesia",4.0,8,Wisata Alam,https://maps.googleapis.com/maps/api/place/photo?maxwidth=800&photoreference=AU_ZVEFsuKApY4rfyCiusPj17msAFgNAk_Y6xvBc--w79FHQnBL_7kl6ejxCJ6s8SFUU_eLcAQv4hncoFzpHouiUDw6A7R9V7-VhMjZ4rsNDcNhim4Tx_qW2xR3oQWEGxbusIFCtvGK7rcM2_v47GJlAyGaBJPN_WBbtDqYimRW1CevoDiKmCu3kQGwL0T3OKNrKjdpBJIPoGnMMEvpoeUmD6lDiy8sGY1XLC_jLXgtcwWtZ3-kv-ob6ED0BQVcKeKI86tPCDHnUHAS2F73WutBO2T3R81fwRIdkvRYDPCZM9WWbLavbK3lvkBYO7YlwOCgq8RHCoU5TMN8eCq5xABXL4uttVkWXpMUm_MNuuwW98PnGQKhC8EgmGTVSSeVdBbd8YU2oPNeuin_9SmQbtgZqaUAuK_b893FnyMr1v16b5_M&key=AIzaSyCjh9aj5KcL4_aU4229--ATJhvbcTNPmUk,-3.4816977,119.8309651,ChIJE1vGQfQUlC0RwRN0CVN-f1E,Kabupaten Enrekang,Sulawesi Selatan
Pantai Sukamaju,"XCR9+FH7, Jl. Biso, Bulontio Tim., Kec. Sumalata, Kabupaten Gorontalo Utara, Gorontalo 96254, Indonesia",4.0,8,Wisata Alam,https://maps.googleapis.com/maps/api/place/photo?maxwidth=800&photoreference=AU_ZVEFzzEVzBfhZNjn3peKy6Mq-vBotug2u8mjbsoxedAqkeDsKztD8XRoPqKfEcn-xQk1dmJ7Ln4GRVpejRJ-3DQBKn-6xRxgPIsxTcDWohndW6CAuCD1aTks6dEZafGEBSWSnJYvKQLQL7Zyy_PFbrASKf6yFvPo7uCGkfpRnvGXpoXF0EkSKLS8Ur4m1GKnDFYpF3Y6An9cgs1yaaN9boVemCjpy-FjNfnRvKG3lX2NE9RGilLSjyOT___dybGV90oxfjkxWbN83d76mt5bCKk4uJ9TMXLd768HAMRfS18qMgS_W0wmVGqeme6So2kj-m52qRqQBJvParfbjlliv-GZY5gjhgAOQmCCo7oXlng1B3JGevF6fDW0wjEaQUY1rPsMiWzQfeJ7PL_ONEQ1vSQax6zsdSA6TsRMrTVtmZUpDwLrF&key=AIzaSyCjh9aj5KcL4_aU4229--ATJhvbcTNPmUk,0.991174,122.418912,ChIJ6WBw9eh_eTIRrB9KIAEy4-E,Kabupaten Gorontalo Utara,Gorontalo
Wisata JatiLodungga,"HW7M+739, Unnamed Road, Tabongo Tim., Kabupaten Gorontalo",3.9,8,Wisata Kota / Landmark,https://maps.googleapis.com/maps/api/place/photo?maxwidth=800&photoreference=AU_ZVEF-nGhc_UA1y5Zvl-B6fB1QdI8_Dybx_N4eutjbmaNZRDQAuWxKC0hsLzahisNAydKDicjYDcdPgPnvHVd9nSAcBEuHONoCyRWP867qfpDPlZDhfdBDc8vedFdLlr6wpBRxPUwspZ6Cq4pb8mFTopPDTofDnznVhiRQFpPaAMMmqNPaUKyQtVudIxvuQScH0fHIKk5soJdIhb9qmDJ8huVzJemGeFThsuYa9_Y1mKi4I_iwPx52q1u-aWzYcXiiOvt_cgClcv7r1HIjRBBfvoRlTjytutqPeMyyQy-OT83_5PyAyesNZhv5HgE8ZnSqdbUxYc4o3CVCjFbvwODk3kTNrd5dYUbBQDcgVd8DTagN08KHioNYeWV8c2pGC957CQQaiphplOWwAZKrebRY-pOq1Rv2_-_qsRkkcf8Aw4sz58p6T_GrdJTU--EVJDXEhPs71TWYn2od6h_9hH3q6CVdQwfIEd9IbnjYSQ6sk8ZrPYToI_kKr78DNxHF7-nX_O5aK4wDTcyj-B0zN_Je5uBNpjdCLv1EfFh2Twr-MJIfR5Kb0SizlKRE6gcmb6EFkGi6nBWM&key=AIzaSyCjh9aj5KcL4_aU4229--ATJhvbcTNPmUk,0.5631636,122.9327242,ChIJI1SNBdIpeTIR2gUpfaCzJRc,Kabupaten Gorontalo,Gorontalo
Pantai Motihelumo,"Unnamed Road, XH56+VGC, Dulukapa, Kec. Sumalata, Kabupaten Gorontalo Utara, Gorontalo 96254, Indonesia",3.9,8,Wisata Alam,https://maps.googleapis.com/maps/api/place/photo?maxwidth=800&photoreference=AU_ZVEFOIT1FFsdvnZNFRNMObKlIZJrv7P5JUbMGppdcb5Ygis08twvK7N45tPhAbWflL4Ozf3bc3-usqnmnJkN5XJs0e3V8VdNTrZOLtpYZ-b11qJq8kt2uZjwr99dLZCtyjnDyOhfjzOWyjC86QA6dEVbt1p4AslvkN4_8AP7fUQn1xDUuJ7rOrnCZXy34_A0ItcZ4GSZnMdiFFLaJM7CKz4zEBrKZxiuqD_BY3RCYw7jXDD3ZBvg0YOmpEhdzai3x_s2yvxGbff89uGSz_RtMTVF1aVxXsAPC2kECRkjGJWMm2Wh3EatnzI41Egae3GOE_6DFHS2qbMlgyvBiJr1p36T4AnprJEZ-8VpXyYl5ZXRXN44_Jc4pYCCv121bRiVula7We86-7t3eB0CbQPdsHephSeyT4AMYHIQEVatvsEG5FJJc&key=AIzaSyCjh9aj5KcL4_aU4229--ATJhvbcTNPmUk,0.959688,122.561269,ChIJPcdnjvxjeTIRfxDC_adZGuY,Kabupaten Gorontalo Utara,Gorontalo
Wisata Air Terjun Botuliodu,"8QF2+2RW, Botuliodu, Kec. Posigadan, Kabupaten Bolaang Mongondow Selatan, Sulawesi Utara, Indonesia",3.8,8,Wisata Alam,https://maps.googleapis.com/maps/api/place/photo?maxwidth=800&photoreference=AU_ZVEFVxrG6iX3n6hFNzZE9pYqZHKhirLAOzeW47LMI5lLP9fAKJOJo67AbJLxPr-ZEE4rqwO-fGeZ7Z49oSuPxSygIUtt5mnVnUk5pwkuHpDiwdSYqRIDTwukmIRaqHFTkLFlm5nkoeInbR1qfiXzum0BwQyf9MZuik79WWaChxNEXbhK65yRfVsmQgtOHLVhI0cI1BKUPVYQHoXtYbC2_p6cIQWsdKpxZZL5ccc22O1qQGx2RlsZ4xceqZ2z26H_YLbGr81-EE8U1XoTuBNMC94e473RY97N9zJhFlSSOiuZSKnbfpbimhHNKZjXi2yEr7obwMP5kYgp84mSfm9kHM9lR5aZWp3t1VftLX19HK2-ujYHyNjqqwLKlZvHHA-SOk1BrGqdFIceONWI3NNuFOJNnF_t4TVTXe2wHfReqTjdaXKZj&key=AIzaSyCjh9aj5KcL4_aU4229--ATJhvbcTNPmUk,0.3226221,123.7520707,ChIJLbjaZVAJfzIRkfQtMMAuE4o,Kabupaten Bolaang Mongondow Selatan,Sulawesi Utara
Wisata Pantai Nonong,"MG49+JCQ, Nonong, Kec. Batui, Kabupaten Banggai, Sulawesi Tengah, Indonesia",3.8,8,Wisata Alam,https://maps.googleapis.com/maps/api/place/photo?maxwidth=800&photoreference=AU_ZVEGIwSun1V0e4CviQnYcMtUz-EUJF_daJTm6-pmv6nSMEwUYS_0psOC1YDsWiNU0a9yWRXpO1ZYdPWOoHAy2ABh6CYfaSBI2G2_aeCgj9hUWCptDKDdxRx70PLvTPDuamdM8OcuBLzf7-EHdxQl0w7RdAMuUO8txqUVcNZXj7kSI2ABdvIWrCzlXQyQo1VFMioj0w2a6kucJuau607brQHeclu2_HT7DwgSRQM8JPXlDvZ2c8UR1dwMCxZ1_FBWNjm6y8r0-PBcCXHVqHFexynBpWjjyIIliu8jr5lP4MMl29SqLEjtnqqIQej-ROTrqVsfxAAlWSn5CovQQATiWx5J4lVPCsMycZ9QaQGLEZtd2LBnJ9pYj-WXMKYV96Uq1GObTN-3Foj0iFEZ2p6zFK-6OyTm-xp-GQEro-k36zEfC_5Se&key=AIzaSyCjh9aj5KcL4_aU4229--ATJhvbcTNPmUk,-1.3434091,122.5186015,ChIJq9uK-YNJhC0RuMKBg-J6RyY,Kabupaten Banggai,Sulawesi Tengah
PUNCAK BABO ANJAM,"XR38+9VG, Tinading, Kabupaten Toli-Toli",3.5,8,Wisata Kota / Landmark,https://maps.googleapis.com/maps/api/place/photo?maxwidth=800&photoreference=AU_ZVEHoCo1yFnepjzI5HnZ-mD65tAoD3QfV-iHonJb8OSKpP3rVfmzsiVDFNEaGoFJJyX54N9l5PC5PXUTNiIX1_XmJpA03U4EM00LJiPjFdlP5CbcZahi5zghRpOUsFSZh1orNX9lYH9mkxqW10GK5CvKjfp6H0trVg260ZXC6dhZrxDsksYw8zQP9C-5UHDCpfJ5PA9fTaU1v-jtUjt-yT84cCZE06uck6TFHtZAMhv0z5J9JeZg7Vy8MHW4CWtmEaAT0BCwHJ5wEgvwnUH9K5--Xjc6ejnzPgqdtjpHOUzpfVlNd4S9ib8yGD7NVohzHgbRUpQ_xIM0Y89P4AbUA6VLpbHIiGfp7tfUIuk5wZgR22QGVdfQZU4JU512zYgG8OvhY5-36dLM5x5fVWFfbAne4mF7G-f_GQY7srZGuZKpRHYOlzr60-fsnP8ZeDjMhcpgpZ6j-kmHYCoJBVgAR1Z-fnBMQPAzijRLFxNj-i2w7860_7iy8HdxMv-7GpwY7QP6sP9jtzE2v3xPAUHoL7Xh8_9jtWp8-D8qaglXioq8uZBykc7tjzkF2zGhGKqMbDz7OrUuMG3tBcQ&key=AIzaSyCjh9aj5KcL4_aU4229--ATJhvbcTNPmUk,0.9534451,120.8171919,ChIJtefVs0bXdjIRPtDWatRSmZ0,Kabupaten Toli-Toli,Sulawesi Tengah
permandian toronipa,"4M38+535, Toronipa, Soropia, Kabupaten Konawe, Sulawesi Tenggara, Indonesia",3.0,8,Wisata Kota / Landmark,https://maps.googleapis.com/maps/api/place/photo?maxwidth=800&photoreference=AU_ZVEGs3xPKf9j4CDHzJm3tyVnl3XvUocMD1k6a0KK1awlCVBix44lEJqwgUqPQ68i9c9ypiN0j0qBZ1c5Ee1OYRxghtmkee75hccPYDveVGrmLRQx2ZvDOOcBK6NRuHF6vXWJ2MpwgpPbJo5pJQk7Z421xSZbyeUCL8R3lQ7-JUSp8d5g8123TWCbauPc2vpUWUJLE8F0G8YjUIyXNI0RscCOLeE6e5PrMBlHjugO8UgiSBNAigSSrQDkp83mrrIXE1wzT4mSEJdIyUrK9k4tSZT9qpnI1DorGJA6_m9cTkh-eIWHwGBGr2pBXVl07Fjv1D6ax77UuuJ_zPwJnUOo2r08RrC6gK8SU5b-0QLoFQnOVOR3UK71C61LYIbEeMRtSzHVdgf_RUlUAgFaASzZS9CGKRDh5x_bCZW_0VzsJnlF0mx3l&key=AIzaSyCjh9aj5KcL4_aU4229--ATJhvbcTNPmUk,-3.8971039,122.6652483,ChIJJ8gBcJTpmC0RQ8q5rsvzgDs,Kabupaten Konawe,Sulawesi Tenggara
Desa Wisata Biring Ere,"6J85+X7X, Biring Ere, Kec. Bungoro, Kabupaten Pangkajene Dan Kepulauan, Sulawesi Selatan 90651, Indonesia",5.0,7,Wisata Kota / Landmark,https://maps.googleapis.com/maps/api/place/photo?maxwidth=800&photoreference=AU_ZVEFtOPwgJn9ohlcJeWiS9wB2KNy4lerZkNYspj7X5fhhZqIoP0-P_Wy3Bv_ABwZbqg5Q8pmCxVnMWP18G8mUtAOE57QDETrT7mjmz8LcvO_Vh6RhY9LhiDKxof1NU07ePUVCsfQ81I9wDa9Yi3Hy3pGXsgb-jv92WEbPddmCMHYey-iawCwylkrb2OtQcwtSLLCfFX6E8iiwHSTKRuvm0f8tGHjR1tvA_W5uX_bV9fPg9wyFIfUMM_sDWXycRRsPJFEEnC9rxhSQA1RrglFazg87Gt2pNbGuP9klil2g2Lw6nQ&key=AIzaSyCjh9aj5KcL4_aU4229--ATJhvbcTNPmUk,-4.7810404,119.6092234,ChIJQbuJx75Fvi0RK_urXxxuDII,Kabupaten Pangkajene Dan Kepulauan,Sulawesi Selatan
Rise and Shine,"XJ2V+XW5, Bumi Harapan, Kec. Bacukiki Bar., Kota Parepare, Sulawesi Selatan, Indonesia",5.0,7,Wisata Kota / Landmark,https://maps.googleapis.com/maps/api/place/photo?maxwidth=800&photoreference=AU_ZVEGsQEOJi30RedOxjyTViaIOMXAvdAPZy45XdYc8utM-2AejTea3KnUfsVGUC5tlCnR8LR6JntupnkRflUWkPeiYagg8tTrhSKzmDim7UIiTio-cqe15yXZ-UcndnaUiKLci4V-PJQMYdrAObpAjlIA_oEnWXGJoxMYjhA9BPlh2Ujy3IHoiNQCUr95IkDVYymdybJhLpOHwkvhMn4PV4Z2eJDwzdKFRhQXJ5m9wXxdtXEE626_zaEj4dSOMxloeTwVYLuWdfXM6PECmUgQ6So6iahn8vSBYq8YjuArbBk6uS40LLUlzopW3H6hBFRbtWD5e29viWMjUWojxhcQ3MLd1BnnuWY2Dvk32BsPnLnGoD61zo2gs9JBi5PcRQzwLNkkaZ1XD-TeCMCgwSzaP87NWiBFyLHOs_WZHUGHBVJ39Qwc&key=AIzaSyCjh9aj5KcL4_aU4229--ATJhvbcTNPmUk,-4.047616,119.644858,ChIJl0bKPC69lS0R_dtt1dc5t3w,Kota Parepare,Sulawesi Selatan
Bukit Alitta Madani,"Desa, Alitta, Kec. Mattiro Bulu, Kabupaten Pinrang, Sulawesi Selatan 91271, Indonesia",5.0,7,Wisata Alam,https://maps.googleapis.com/maps/api/place/photo?maxwidth=800&photoreference=AU_ZVEG13leGoSXtw0gNt_dJGilhGDLbcaHO8N_NX5M8GUOz_L__9DyUCIfJvvImB4k30HQGw0uT9_KJ4MiOGqIcXjvPJSg_fblmGXoMKHUbo5XMFVFDAZOlrM97_yFk9lvmRQtUJRvVRt41OF3pNUOYQb_Q60TFK4aNuK-fVqRvSsozjcCuIWMK3UHwIQ9q7cLHCsyaIEKuvLqIfOLag_wfX7zrnhJHiqpKhpRpk9STDko_JaRj9J6G95_nez2ArVJnL9ykvY9FdJ0LLQ1BjZVXr3m8_rOIIDsGN2CxOM8Y5zFjHjdm6D4vXKJYmAXwC5Nu3bfHnE75CquQj5HGu2ICVoDIZz1GebpMAtR3ZR2RhWT9OIozoaI95n5W1rLvKsJnKSfGdu4IegeqZ5TieCOexJwc-B__6twKPRYEbd5qi_PAMw&key=AIzaSyCjh9aj5KcL4_aU4229--ATJhvbcTNPmUk,-3.8880402,119.6770009,ChIJ0xggLzSzlS0RILYIDlDBf58,Kabupaten Pinrang,Sulawesi Selatan
Air terjun Talise,"FVMP+W79, Bonto Rannu, Kec. Uluere, Kabupaten Bantaeng, Sulawesi Selatan 92451, Indonesia",5.0,7,Wisata Alam,https://maps.googleapis.com/maps/api/place/photo?maxwidth=800&photoreference=AU_ZVEGepZ2oCItKq5SKrxozH1DKYV5DFFHm8Kb02eAsO1sUWm---sd7AVhsKlrS9z-8pOmAUsx8wFrBQqPfe-mOn3pHvtNr-Dhzb4HXKswrmJ5guP9iMgqW7ftG9p59f-uy-RpIHi0KTUpvkrUA7L7lO6fXHWsoLPBqR9ZiejTwa-BNEUx3ZbAljMs6SYQIRzC98avCf61j2ni4UkIhtcgnUj0aqN7byVqDdsQW_gMgn-ZvBmx9Urv_XcN8VK_JsfguZyC-ohczHhRarA5YrYSzTEAZf62tfj6PMqd6cu17tPPGA5T-PsBzVtkPYRdAkjPtJ3SQ6wJ9WdTNNTlSnWVWj25MCBAj2oXd4SPMbtFbcesTwE-yOyQRqQss4Rwizlqm597u9S5K5_F0xWhPiK5s96VgKpqPXoCHDcZW8aEYmsfkGPZn&key=AIzaSyCjh9aj5KcL4_aU4229--ATJhvbcTNPmUk,-5.5152138,119.885725,ChIJTT0A2gyzvi0RwGeJifgmTbA,Kabupaten Bantaeng,Sulawesi Selatan
Kuburan Alam Alla',"2V2V+J2, Angin-Angin, Kec. Kesu, Kabupaten Toraja Utara, Sulawesi Selatan, Indonesia",5.0,7,Wisata Kota / Landmark,https://maps.googleapis.com/maps/api/place/photo?maxwidth=800&photoreference=AU_ZVEHkXrct3TFsvFZZKp2Y_crEJFkKygT0ZiC6Yr_5KBePcSrSnJNYmFayN_SXbgK0ylQ9XLYivvNROfFVvowo_ymdTlm9N9BCjBxFEDHoXcP6bMGmN7-nv_kk9lCSPpMspKCmYraOImDoKHB_lqyMCsfjrxixIOXs4VIcUQmsII9ezr5bg1wKr8UNY1YTHW1u_Pk3pahHC1dNgO-3LFxDgWKKYt1h7U_TlM9kSTCHac-IZereprWoJ8dWyi7FHvfJXHNTRqxkHbUMYPk1gfUBAk-cHMDP0qWZMSo51MKXfd9gmC0UjKuoKTzdhFrUMB51PwvirMpgTY8Fl0Fc-ld3aMe_HyDrZnHTu8BiQFuI8YN2cZiKHX3tzLDPq5wu3shWBGf6daALxTUWq54Ku6ceDmvTy_aavb5F8nMhWTj3n5YXWXkY&key=AIzaSyCjh9aj5KcL4_aU4229--ATJhvbcTNPmUk,-2.9984,119.892509,ChIJpTbWSADpky0RkNnYw1NgeGc,Kabupaten Toraja Utara,Sulawesi Selatan
Tugu Perang Dunia II,"FRQR+W9W, Lawangirung, Kec. Wenang, Kota Manado, Sulawesi Utara, Indonesia",5.0,7,Wisata Kota / Landmark,https://maps.googleapis.com/maps/api/place/photo?maxwidth=800&photoreference=AU_ZVEEQdfJGdwqGCNXWTdNyz-R39bRngKP0uYUFk7sU_hFPSPRXOLj8_sEYLVpRBDaDEbgpkh8QFY7CYtDr0IxKLwNOWNPW9uuTJsKYyfpFZWqmGp_WhMdYa42wwIWBWCxLDzJ4OW6mJh1lH934iEnQxCbd1V9D6WtHxTD9ovYUDPagsFZCuD2-aZN4u-4PZuqY_oRoW2AMrHDcnb0So0Dz87bXjolOnhc2RVsPwQAdGhVEHTBplVOxowRBB3dElyhq2d2d636mqvHguz3jGCMd45vGt5HMchqIFGLqbYJTSjwshENYF86STHtp-5OnT1DWi24xIQqBfnjf4ha-PpPlPJ1VI8kVBqNJOCl-6R0v26KYDgyB2XyzFlaS-dTWqcwcCWK8Wvx1TdRdvGvcYxE0LQTOLNA2DNt8PuExv_SlcTSFiw&key=AIzaSyCjh9aj5KcL4_aU4229--ATJhvbcTNPmUk,1.4898522,124.840959,ChIJefY1kNR1hzIRlAjW1fLFfXg,Kota Manado,Sulawesi Utara
Makam Raja Tadohe,"Q83G+5VQ, Upai, Kec. Kotamobagu Utara, Kota Kotamobagu, Sulawesi Utara, Indonesia",5.0,7,Wisata Budaya & Sejarah,https://maps.googleapis.com/maps/api/place/photo?maxwidth=800&photoreference=AU_ZVEGi1J3P95lT0gQrUpkQSagZchIljbLY29BCbDLA4nxGwLQMWHUrLVxvEzZXpuCwxx1i9nahBa2j-pN8-PBvOPspBxEm0MA_8ido069r0QtaoRYJ8Lta32kEnqeGjwJvbWX0jVpwoWC8UZvmlWnXCGlQA8rEu51a7Iy1bxSR_KO1bMJ0DE28rGDntECaFGxAIHnxkyyCFlXKuvTaj8EJHhzb04HJzE8zyZMRi7Roz99Totz3jTUpK4PoAou4z5yLrK5XXodctPUnGAbQVAVyoHEp2SRauT5-OJ8AQRuN1IWlJTfukaIf2md2jM9_Ua4xL-dl3LNWf-zzT54AOv9Rq6nkebZl_dsdaFG52jBlGG9aIfcfzWr7-zMQKKyXKejRqsPSkiiz0uJGwSn3N8CihdqIswD8F4fLDquLT2hgWSN-940L&key=AIzaSyCjh9aj5KcL4_aU4229--ATJhvbcTNPmUk,0.7529648999999999,124.3272328,ChIJCch5FvkXfjIRxFjEznK1CHI,Kota Kotamobagu,Sulawesi Utara
Air terjun muntoi( DAKOL ),"Q6PH+2MW, Muntoi, Kabupaten Bolaang Mongondow",5.0,7,Wisata Alam,https://maps.googleapis.com/maps/api/place/photo?maxwidth=800&photoreference=AU_ZVEFC1Nqs61gsOUJR6XQ2PVeupRFNMfUq1wxAIw8dJTR3MXLa1phbkcjYaF80E6qavEfYSAKXarCvLvj6-jmKios-uYzJfLewLa78FhaLyx1Ts0BAv04HdLni5aIar_dYdQOj01tj4HgPVBlsoP0P_qJcsaQmMWdjhZhAF3iwUX88psIMHsoX-f84BGlNFZLnbmb52JdZ9gj4GhAU4rRr2X4NDPp4QrCIdWdMteqcFo2xXgJvwvPEyfG3J85LAUEqKeqc-yx85WC_qGPW2KolGKSBSo0GlTMdr3ZYpdufjO31gyr3ly1jIZNxVwxqP7YUhNyDRnhiEgvzq2d5Puk7bqnM5eTjgKLRcHz-gOQJ4sJ4sgvR09P2oiyaJJrwOcrasjG71I75b6DmHp6cUn6G4VC4oXdsp0eoKBo3NgEOzMAyLzlzRkkqd1h2SCGb-U-i0NRuaUBNpeI60my4VMq4g2q0IdEJP5EV6FV2VhF-Se9e-i8TvUCbQjSzQdVSWy-dW38VILtEKnNeQAEnncuXp6-rB53R9Ly-whpTxdJtEUBQBs8XQJiQCcf-WTd7No1yeZSRBRY0&key=AIzaSyCjh9aj5KcL4_aU4229--ATJhvbcTNPmUk,0.7851233999999999,124.2292108,ChIJHcVRNAAVfjIRou_0OKuahO0,Kabupaten Bolaang Mongondow,Sulawesi Utara
Air Terjun Tudu Aog,"Jl Poros Tuduaog-Kolingangaan, Manembo, Passi Timur, Bolaang Mongondow Regency, North Sulawesi 95372, Indonesia",5.0,7,Wisata Alam,https://maps.googleapis.com/maps/api/place/photo?maxwidth=800&photoreference=AU_ZVEGL47fixCOZmWigbXqmxUzrqAZvefCCe4oKiX-zizKR-1owWJejcddCfGaDie-80Owh0i4RPmtXv5FxiRNAUoTryRzdgfbENzoml2mC1Ad15wGTYyhim0wdc21mnxVVSG2bDVxZ5owd4hvkA7iGwdVs7FWOiD1bpTOadGPpxCrNfZYIBe4MulI5Z1FuosmQ6NJQPu3_HcbKLz2yz2eL61CQIdayPB7Hxmx6vuYmdD35oCG1UIXjW8qVu0C-RKhqJsl79mZTohr_UGKV6gWWQpu9qKdSD9i9WAuzRQLpsLS7vA&key=AIzaSyCjh9aj5KcL4_aU4229--ATJhvbcTNPmUk,0.8249426,124.3398474,ChIJK9OxdnMbfjIR9lIc3c4y16c,Kabupaten Bolaang Mongondow,Sulawesi Utara
Wisata PULAU PARA,"3G82+MHP, Para, Kec. Tatoareng, Kabupaten Kepulauan Sangihe, Sulawesi Utara, Indonesia",5.0,7,Wisata Alam,https://maps.googleapis.com/maps/api/place/photo?maxwidth=800&photoreference=AU_ZVEEGBVzU8rrNGYLzZu6P2h7dRtkXBpzLdLwqq_p0Vjjczic1v4U56HiOKBu9qZmYHaPEbFUb6MgSUMRGp5jP83VuSrFWI3HLnO8tovifDFdhgGMUqGrA1a62Ey9SwNivVC-sEGpzVOz6g5N5JIHUvRFS-gixYGsyfBCB2XrUPCfRDUv0WYYMTB0hJc-0o_MqGofCCoKsWt7tV4WiT07x4shbK_diVZYDH2dYGWHlDrcH_28pMXbwXBPA60esHHMmpk6zQtk9WKZsepJ52mwQHSGUUu-eS1S8utMBnV6N5xKy0Rz-oeAHYcuezLQmjT2GYUDS4Dvs3LMHZjIIILlIR2ydTzx9CQ-E0nDneLkn-CIcD6DiuuPcA-xNo4lVjwP_SHijglOYgUqQUxdvxYSoT3QlbPvEW-bn8c2XjlDSoNwRQ572&key=AIzaSyCjh9aj5KcL4_aU4229--ATJhvbcTNPmUk,3.0667039,125.501453,ChIJUXW0ahXfizIRp9Qcl7DF_S0,Kabupaten Kepulauan Sangihe,Sulawesi Utara
Wisata Kebun Bunga OVA,"8V25+MH7, Jl. H. Patila, Pantoloan, Kota Palu",5.0,7,Wisata Kota / Landmark,https://maps.googleapis.com/maps/api/place/photo?maxwidth=800&photoreference=AU_ZVEG_IaZZP3CRTNv6_t15lqtIdmvY9U7Y525CjhATc77INSR6AC3IM_YEZIPeexunikHLZtzQ1z2hw2tKjsa96eoao_n6MzI25o_Voyj9snyGoyRFKP5lvspi8iWbj7cqD-TL2NIk13OC2RFQ5Tx6rCXb1_8wfxG2oL4sF8mHB0siNjE2gRPvN-_sO-zm-TFxfM2AYGCK3zIgqTr1L4zzttHygI-sBJLMHzecCCFeXWq6djF9JR3w5VmHz8ReWTy9mReiY6xbnaFTj4uGh_TOJnHBk13lTTRK5RET63HHiqQi7zFrbhlhp8rI--rrbxQXM1Zto03WUis1_UKdFhfCMeN9QCJ4n-wVUVDJdaWvWSKkHffIyXCuWmJeCK_24GwnpTwMZNTjP9qbPD9vXLjQgwRKJ7vihTkzu9YQZyxBJgekGAy8rqpPtBGnGmuHnXnCVVpzOEtVWPci5OtVwOAnnNLUaOdvtYcheupd_mY3WWMTRMdAibEbOSYbISbnuIRJ-00Z2AnlTsisQ1My3ITUaEEvpbswGj7kjXMJA8m2ZahZJtIFv5reHzIMRfJkQ65H0ExjycMK&key=AIzaSyCjh9aj5KcL4_aU4229--ATJhvbcTNPmUk,-0.6983385,119.8589212,ChIJoVkpfwDHiy0RgYrhJ2EQLdo,Kota Palu,Sulawesi Tengah
Pantai Batu Kapal,"79QP+CF6, Unnamed Road, Lalong, Kabupaten Banggai Kepulauan",5.0,7,Wisata Alam,https://maps.googleapis.com/maps/api/place/photo?maxwidth=800&photoreference=AU_ZVEEhxwKClD_WGyWEgi8LjT4YG4lUcE4AGKRTxGi7QxvXifSpr5WfDfk4aYliOT97xpZW0sHe1tiqXDVBhGv3yFwlsRT7HjBx0UheWKDqwUJutvrX5AelpB9X5LfPWClxUkprHM3judk9Kls3wmH8r95iPRmjB5t4Uw6iJL4NtcC-6-EGjX6ipxUBD0YdxBRDHmYGYAHBLI9qAZ1_DtWuIbz_lmOTUmOFCOnyX6wYlyusa3CqcE3jbB25YF-SDyrBu2MRodryEXyIMrIEbIeyhbi56qu6UcBcrCowe5z1H3jw3kf8YPdjD6-2b13xsvVGS2Om39aVwrJAvT4gAaoJBCLhJkdbnt6KOKPbNkXF6sqYHCG__XaYwrNWy36ZaPLJSsAfmGUqv47qexUIDMBKAPPtZGjDp7fZFBhQQyEoO7Pvhg4trMaDZJn1Vta4rqHsEgSSTPXWztYkCeZSlichgSJRDs_O9_FT3u79pCXi_OehYUGQvOhkkFGRuTNhF6FWDsRdVXf9Zkr_Wn6z_FnCQjJ70vHIhMGpknELUYpV_ZUAkpEy5zB_X-SX8LGgJ5-Yt_k2pfpN&key=AIzaSyCjh9aj5KcL4_aU4229--ATJhvbcTNPmUk,-1.7114598,123.3861332,ChIJQdEhWzBtgy0RreJWUULTNtI,Kabupaten Banggai,Sulawesi Tengah
BOLRE ATO BVULYUD,"593W+MG, Kulango, Kec. Biau, Kabupaten Buol, Sulawesi Tengah 94565, Indonesia",5.0,7,Wisata Kota / Landmark,https://maps.googleapis.com/maps/api/place/photo?maxwidth=800&photoreference=AU_ZVEH7A0jIHniYN5rnPQbvRoFi66aacxCp5qd23KYvPvvGWFWQ6RBiB3ezfqXvadLjBYeXsXo_AkXLA6hgUFDNCHDtL5m28dJRx7t5fjEX_oPfy_jAKWkMO4TAaq3Obn9hi-S61kas15z5sQdk0Yh3wcuhMXHt_V8T-NwMQFCTM_Q3N5LD1I22UR4Np7kbTaArsmmu7Vl8NBVWHT0441eb9bp5Yy901F_f1RBV5lLmSMb4zB81C5an6_Nkp1QRZTCrfL82jMK4B5mM2J5QxsF8HdNvfLdoMzzWX0NyLEvWMERgGjR2frFJ72lq9sOPLavN9m21Q3XmOXkirYMtP5g96hJP6B2YZ9W5LzZA5fowB90FV0i07nMYPI_zgemKWQQtQIqdh9KzBT3rQSodG0LrATlBVD43O9n1poz2mSTQj-PZ-Thg&key=AIzaSyCjh9aj5KcL4_aU4229--ATJhvbcTNPmUk,1.154145,121.396317,ChIJ24-Wb-KxcDIRh1xgeMDwQJA,Kabupaten Buol,Sulawesi Tengah
Gerbang utama Masjid Al alam,"2GCJ+2PG, Jl. Masjid Al Alam, Lalolara, Kec. Kambu, Kota Kendari, Sulawesi Tenggara 93231, Indonesia",5.0,7,Wisata Religi,https://maps.googleapis.com/maps/api/place/photo?maxwidth=800&photoreference=AU_ZVEHX0WiS-NZu8Lt6w7l8NFuliaCSPxrIbNB5sidIbdAkfCFpqiODQdviS9JGglkLsNSgSxoV2kw-ZViuhX2CHCMFIDNhQpRhvkZQOr4pohFQK17MKNuSMZBaD4EEptn0KSH52Ps-jIZxvYhX7ss4Ufw0hya6DjYzj9QXJ0gY7OG4Xjh_fi2jFOKGvR4Uo32_OsxoydHVuCd30piq-tZsOxglpO-ohBaEgAXIhtjFfzgpSFJwRPv-Qc50nLFLwAfa8er6jvRGuak4dSl8clj6e-0K1A3qYx8ARGi3a2jZDoUkeYoDaOhnSh-YgCgGGLQhVVycpq7yAP3kaTlSz_679B41bJKyWtWBYsAaGHz8FkEjyVsb-3hgiQQZoPimfwaB_hdsJpvxr0p7Y8XtElReDmJ5oLu0cucwGL_rbaJbRf5OWpCm&key=AIzaSyCjh9aj5KcL4_aU4229--ATJhvbcTNPmUk,-3.9799396,122.5318258,ChIJBUtS0CPzmC0Rkjeaa7AcoKQ,Kota Kendari,Sulawesi Tenggara
Desa labengki,"HC2F+2X6, Labengi, Kec. Lasolo, Kabupaten Konawe Utara, Sulawesi Tenggara 93352, Indonesia",5.0,7,Wisata Kota / Landmark,https://maps.googleapis.com/maps/api/place/photo?maxwidth=800&photoreference=AU_ZVEH6jXlsXYfBIPrrH-2Ocv6xDrsUK-EL44h2ZyeanAsMvJTtkXCT2rmnf4IOaeBV6Wai-nNcQnuit8mgPeO0ouE7tJMW2Ax3fWCkeaUvhN0pG6rqEvBa3PHda19vWDVzPVOrPZLPNynCW0VTLQ1lubr9Yuz8SoYDwUrBNH0AbkigpG0fT7v0CV9yAVPA3fE58d2nAbtqZJ_32eDRhdjau-1KO7eK-NHEd48ZgAt2mZyqbrDTNcTVvxwxRxnUM64xHf4mQ8VCDFW8cwmbPq7zE8i-PRpcTiuMwhr8wD4PcnvXV_SngGVicBmhGAY-g2H12az1kB9GbCw5hidHPE7ux0ngPEIBgHjPX_MOIGNeK0O7fHqXsH65UoeFW8gfSen6Xn2zXw2wMeXqvEbxSlHD9kG_y0h2LNmjKeJKS8zXBI3u7w&key=AIzaSyCjh9aj5KcL4_aU4229--ATJhvbcTNPmUk,-3.449952,122.4248952,ChIJmQfvkXgLmS0RiCUaiTKPu5E,Kabupaten Konawe Utara,Sulawesi Tenggara
Air Terjun Paralahune,"V342+M66, Pondoa, Kec. Wiwirano, Kabupaten Konawe Utara, Sulawesi Tenggara, Indonesia",5.0,7,Wisata Alam,https://maps.googleapis.com/maps/api/place/photo?maxwidth=800&photoreference=AU_ZVEGGe0iBIsSOhUs1zvuxMhZzObiGVgaIT429CUhf6XL5Jr2ejkaM1_CLeg4ju2okPQZOIeOaIRw2K1j2IT71eOZNcSNMAxizfUWT_3sF3reRUNxHw5fpE1wtF4UEPK8kKvqa2Ztlq_ehx81lypEo10Wjwnl6IT6GnSzZTB1sj_PqWeZ3f9CHXj1htpRAXunJ-KWtAfdtv4x3nzs5GgeAXLkBRxXvSDS618aNpmQgXedi6snKm9FNFlLPawTZvKAlx7X1GHXgiwAkDKh9iMZCBOD3zpXZRz9dB2pNHdk7egpTqTEhKiChOUp03_rBoWtHWw5Jqmf3P86yXscGIGLNZuTVey90ljZ09fUsCCQxkZTiO7E1FkQpw60PbYibdxxOJ0lPTw4aqNWeCYhG3jmm4yGpECA2SDDNhkPc6WS7u70EZgA&key=AIzaSyCjh9aj5KcL4_aU4229--ATJhvbcTNPmUk,-3.1433423,122.0505079,ChIJs4PCPdAhmi0R15IAOM0lFjU,Kabupaten Konawe Utara,Sulawesi Tenggara
air terjun lantangahi desa todanga,"WR94+CX, Tuangila, Kec. Kapontori, Kabupaten Buton, Sulawesi Tenggara, Indonesia",5.0,7,Wisata Alam,https://maps.googleapis.com/maps/api/place/photo?maxwidth=800&photoreference=AU_ZVEE6tH_XNFeJSDVUlTpZGXv02qD3yvJBWqetvDRFHZHXaL2yEtHLAJ0Gxwu0A3WoG74A2zvKclGn6f5DD8mHMGhilP68kLsbE_2aKT-EI2ydHkhw4LaaEbTsiHB0bsRjWI0CSpZ-Vp-SpoopWqwVGOe_o7vQv7L5inQ0QJwP25pD_dgg4lePgUhGIHmVl_-XsYgElj4Bq7x3B7ugai9h52aEAD4CyOyfae15TEk3egw5x1OppyZ__ENaXxYv043ZzlQoTkQB_AVloRFJBtr1e4qogtyY5Mk613Me_B3vkzYSEb0Kh_V4u9ajKSuTuL8akAc3wZhacbOMxQUfN_Nn3fKPKNBvhKYBUw-AS_O8TzXpYXGhEbVX41oc-TYwFqHhABj2fdgysQtb9HOqzMkbNJM-mqqwZcSz8gJcwfBBncRUYenVBr9L76O8M6oCcx-2&key=AIzaSyCjh9aj5KcL4_aU4229--ATJhvbcTNPmUk,-5.0821641,122.8092936,ChIJ2-kiAADDoy0RMorwpB-qfeM,Kabupaten Buton,Sulawesi Tenggara
Air Terjun Doule,"85V7+XQ, Petetea, Kec. Kulisusu Utara, Kabupaten Buton Utara, Sulawesi Tenggara, Indonesia",5.0,7,Wisata Alam,https://maps.googleapis.com/maps/api/place/photo?maxwidth=800&photoreference=AU_ZVEEKv3qJnrPgGqP10CCWT5anyr-MC_aWoHrOtp5k2e9HuKMRC4YwDJBjUxW45sbhtnRgklnqH37QPdk_MbDwXKkf2WRj_ot9B6XGHBzjN9JSRdnyMWrttMBh2WgXTqZ4dNmrUwaqH0LNn31BXH4mJRNk4Fl04ZNIUZWH_G9BSW0JTMIb-8fGsRmz_fsBmdIq2SS5itcctZQLUM1i_4rDQxMu_fXmGyH3s-2JlOIlFh0TfPlnMnqZ_4RtX2yIKQx1fF6IUn_TWSLJQ3TuOjEQYIdd9I1RDYNpHkgdBqQl7s0wKW18i2_TOxHeNwP3wlJzkIT6X-SoRw2zf0y25fTxvEHNX7OmJ_oNqs_ZqX4VgmeGCIbL9gWFD-6OowKjqTTr-x1y-4T1JKp1297yRAQGQQyeq3XOG7F7nmja20MgD1qqNgDzHEIZD7JlwXGO-5-P&key=AIzaSyCjh9aj5KcL4_aU4229--ATJhvbcTNPmUk,-4.6550625,123.1644375,ChIJgUD0rE6JoS0R9mGeXzMND9E,Kabupaten Buton Utara,Sulawesi Tenggara
Wisata Bahari Leato,"F3PM+W6M, Leato Sel., Kec. Dumbo Raya, Kota Gorontalo, Gorontalo 96116, Indonesia",5.0,7,Wisata Alam,https://maps.googleapis.com/maps/api/place/photo?maxwidth=800&photoreference=AU_ZVEGvldPKgWEM3FXXPG5bvpHhhR0qjZxAeyERaqj-I0y_OX0OI1BObmFPrQihETKmh_tmtoTHXACDvgB9BX74a7lCHRox_lN9734LZ89x5w4UJJ-Cwe3Ni4mKP39ZNkj38I2q1kkopr-fH6UvRJS2NwgMPRurfbk7tNvRPyeVUjhAfoYo8U33oBWORho4Og9bCplkUN8bd0LBmAjtukXRNYQJ7mOr7aC1iphYFHkWigOwdvXGrG1nTGQQUU_bflsFvXU6KRZmkh2LZcSGq3FoImSqlyAtWZ57pqw3btx7wRsqhsIwZTs0z-aSv6kulXtSfNeYEljBefvXm8abKuI_DCFV-25s1i6itmSbLMADaWoRLslGw_ziwDMWbPXuYLnAlFeFXrSVyuF8CwTZMZhN8uzNc-IFUOwp12nRTIz8ObBOzm67Dn-lP4_aBAAZYg&key=AIzaSyCjh9aj5KcL4_aU4229--ATJhvbcTNPmUk,0.4874001,123.0829547,ChIJMyULJwArfzIRBst085_twcA,Kota Gorontalo,Gorontalo
Huidu Boliyohuto,"Huidu Boliyohuto, Bululi, Kec. Asparaga, Kabupaten Gorontalo, Gorontalo, Indonesia",5.0,7,Wisata Alam,https://maps.googleapis.com/maps/api/place/photo?maxwidth=800&photoreference=AU_ZVEFCRZvOATlpxfJhRWeGZtEyO4caM0rUVcDk9uhOGzO6i0slPjG37KpYIORmj2HQvi4HpnOI2u79Zf-LV6sB7grZ2SNrcYXdWenIXSO7lYd_15eRrt1_WzJmutS0BtetIa7KOCSaDeHVz0xcC5I9liOuHJB0SxvfBTu-wK7-ll83KS-GkHTIQepLGIDEGN96pGXCGzhxo7hr8kY52AUvch411dYIWL11vldhx-hXdzOyZz2aKiRS0QHr74RFqbGiFPWUcgmWOdqtqmrMENgVC-9Zf8shsZ7eTtTo-X6TKZ6q7AOblCrckrekO7yOtu6ynwx1rVexybwW7B6CsV38T3HIgiBiAXWz8zoV9crNYMbR4NWTyp0IhxyWQKGJK2B--mVrOJUBA4rqqWI_xDJW2EXdmCAjK0YhV7USvPXR1p4EVsyW&key=AIzaSyCjh9aj5KcL4_aU4229--ATJhvbcTNPmUk,0.8733333,122.4891667,ChIJq6a1MvRweTIRXROGsHXenNc,Kabupaten Gorontalo,Gorontalo
Air terjun mata tumpang,"Jonjo, Kec. Parigi, Kabupaten Gowa, Sulawesi Selatan 92174, Indonesia",4.9,7,Wisata Alam,https://maps.googleapis.com/maps/api/place/photo?maxwidth=800&photoreference=AU_ZVEFqixjOQcRlSjrj9M9R8RK3tuTYpLViPe4Tl4Qv898BgYbpboBlR-dpnRK9MrZLOjN-vHr3oo-7245SNUty3HuUr41U_jEi9Z1BnaeQ3ufGW36Plv9yrVY-R6nul2BIMAW7UiT_-Uat39n8KszoZsYLG5dszsgB9e6-cjzOyh_SKgmxOuf1V7wst8_DbIG8IcoGgRqNZmyB1R5uzM7St7VHvpbWuND6tcWr7plZ79V5qOTg7lH5GRVBiBRA4huoxgCdosl5dNG8ugwNnTQ8zctvE0CZavSr1PAW_lny9fqO8W5RYkM8VQfBzB9sqHeiyOzRcZWUDQG3KZ5PIvC7sKeQkt4kJJLmGWHf9N-o7YmspYQaIJxgrQm8fOjhhUxGJSVUUd8YnPpZHe64NC8HlWMhc88BLo0ygkB2C6ZT8ru-_v7C&key=AIzaSyCjh9aj5KcL4_aU4229--ATJhvbcTNPmUk,-5.2937084,119.8122845,ChIJDXnvRwG_vi0Rm5XMWcJRPJg,Kabupaten Gowa,Sulawesi Selatan
Makam Raja-Raja Sanrobone,"Unnamed Road, H99R+637, Sanrobone, Kec. Sanrobone, Kabupaten Takalar, Sulawesi Selatan 92231, Indonesia",4.9,7,Wisata Budaya & Sejarah,https://maps.googleapis.com/maps/api/place/photo?maxwidth=800&photoreference=AU_ZVEFwpdDM1auoUrO1Zyu76x5We424vvpauCVVdcjshDp_b13N5tTJn5Ppgzkjv9UKyd8a-6_Ykw5s0-Na-eAfUYim5dkL9HsAmk4FLs-vchxB6dtMHqtyKHP1oqJof5joFE7MzHpstEyjhvRgH0_5MNqN0A1SbaxyDtu1U5yTWkV_4heNplKwjhutA7Je1BHpTsmeKbp1Pm31xlTMExSPmLQZIDOoXTJ5LmhlylbjeLS_YXaHSstlmJAPXBr7lszD_Er1r9jv2C1_EL2Opegq3QlFijS1yfBx1s6qaLxFWXwuQkFg35mcaD8_xyty8pTcCIJR9s-nUehk_w6kTOzJz1KD6Q37dgBodbzofEcz8HEI4VFLjudDfv5Dg_GEHxdtxhtzaMbsB1qDqas5RuVe4f-Tiib3MT1eMoSJCaqmTVFR8w&key=AIzaSyCjh9aj5KcL4_aU4229--ATJhvbcTNPmUk,-5.4319582,119.3901765,ChIJPxa35N0nvy0RjJgQomua9bA,Kabupaten Takalar,Sulawesi Selatan
Bulu Mallocie,"Bulu Mallocie, Lainungan, Kec. Watang Pulu, Kabupaten Sidenreng Rappang, Sulawesi Selatan, Indonesia",4.9,7,Wisata Alam,https://maps.googleapis.com/maps/api/place/photo?maxwidth=800&photoreference=AU_ZVEGXmNug-MDpXmAjrKlGhdBDjJjD5Z4H-0PX9tkPvy_CtWHLHE5a5uDpz3ed9gavJAZ0Eg9_9w8t1O2KWDqgF_BRgPRFuk2u7AhvxLNQfDAPiSGSkwUkO9pj-Ppito__W3O4jshENUbLiC2KwUFAeXxSoFbAAVBUJ87-W_MqXz8-mEtKirfaGwqx7ykUe7b4J8uycYkirGGYsiNPI1dGoTkiG4k211-zfZ2Q_4HLRK7V8FSZJ9YMjmyaGoCRe4NpILUGQrt280NMr-8ITZyR02_iz-oyuaAvBPIGb6Y2S6-br44UzcHmYEWnX14WSj8L_9KYyT-bZ11ubr3YJUu8sHTcp9YPriHcgYPj9U-sCIPTK7hNRSBJqyHfu5D94oCjTC3aEykbWwSkrgDH7Y-qx3qxGlp8LN8zJj2BpHNJyUXrD7OX1lKUajE6lQtQsBGm&key=AIzaSyCjh9aj5KcL4_aU4229--ATJhvbcTNPmUk,-3.9675,119.7366667,ChIJvSGvp9a5lS0RGOt80tY1EWg,Kabupaten Sidenreng Rappang,Sulawesi Selatan
Gunung Labokke,"Unnamed Road, V6V8+RJM, Puty, Kec. Bua, Kabupaten Luwu, Sulawesi Selatan 91991, Indonesia",4.9,7,Wisata Alam,https://maps.googleapis.com/maps/api/place/photo?maxwidth=800&photoreference=AU_ZVEEeuMeTWy4AxpiScMo_lasQOwfE2efRL_amFJF1T563WIRCWwcX3gxCQ1rRS6uxZ1zTjdfxM0q9V351EgMAX1NI51AUh30takvcVPuz3JOMD2HJUwhNVZh8fZTREj_byPxuRdsL5bpmANObX-IQn88aj7_swZzKTh7N6kw3oB9HfJa0zYnqkQiRWkmBNVVqE1FEOPTqoziuHMmKCj27ZmeCy-P9CzYU5RxjsB2hGs-_yWDlJAdUdU4S_UxBjqCKDrTmfxUbfFsNjMqTU3e_5aAke7D7bQ6CjEoAMzbMtqxcZAa1ckK77bqPaIcXe4tIi_Y-IeDuwCJJjfFv1w3L9Dm0yuHCIymE5ezpYGWKSiPaoaZWnwWG5lNySMd-9fm3W6fUooZZmTFY7VZ5D4BAdlhGO0ObZURimzopBBZxBIc82aC0&key=AIzaSyCjh9aj5KcL4_aU4229--ATJhvbcTNPmUk,-3.1054029,120.2165598,ChIJEQPpuPZXkS0RjXNTZga0JBY,Kabupaten Luwu,Sulawesi Selatan
Kebun Tundo Wudan,"F4WC+RP, Duasadara, Kota Bitung",4.9,7,Wisata Kota / Landmark,https://maps.googleapis.com/maps/api/place/photo?maxwidth=800&photoreference=AU_ZVEHgxSoHjtjF97YGzHoa6vPAGppx1ciZt_MW7j4LqPLJOO7ZI4WP7U2-b57ppxwX3QKv5b6AsZsiAbWuzKmS8zHp6eszOqhE-EudrkNIdxTYhuLPP-X3ugHOjE_m0WwiycWhTVE59PJD4h3Ed-ewsA0rOFn-UH2ldjzsSRvKueR_gNpr77wi-CNZFSYqeJ_2C6VvtsOI-wn2YmQWDbwH85TMQYc6VrCWjQlPYt_WYSAe5LIjIZtKa7fxdoDLy-h8UF3trt-IGzyFxo0s6OMT6VUJSaM684q-Qm_LrchVj8YSbi5MVQ9WaSe6vwgKxvq39dmyRZzcrW1c4q9vGcjQ-N9Zm2gYP8zI6zgG3FO9w1lxZf2dro4bpY2ClP2-i54vJbzm6jFvysg2OOy6Dx4KGwqGMlxg-zJqn9DKhpzGq1lSNnhZvBHZGElCI3hD_mHO3hc-X_7_gPfQGWOl_y3tLCoWgpbZwqH9NwBsirONR9v82jpRx_UnoLXzNL3gWeAzQOC5ytJKjEDv8A3wUJrD-ZhvUpOs5d4Z7iVpSCXTkkes3uP3c6AvIN1Ns9disK0kuwUzJUlnoxiXog&key=AIzaSyCjh9aj5KcL4_aU4229--ATJhvbcTNPmUk,1.4970756,125.1215935,ChIJ_WdV6YwHhzIRmGT9G158Uko,Kota Bitung,Sulawesi Utara
Wisata Pemandian Air Panas Desa Lowian,"VCPX+983, Lowian, Kec. Maesaan, Kabupaten Minahasa Selatan, Sulawesi Utara, Indonesia",4.9,7,Wisata Kota / Landmark,https://maps.googleapis.com/maps/api/place/photo?maxwidth=800&photoreference=AU_ZVEHWP5cPKmA4bFI86FBh6tpaCK0tYHuJtoO4oFAbswJko5-Psda5A_P_gX7fMogX_iP6mrWND171qfHkQ530qYSwr4ZG5LS5cbUkJ3HzgNun2qhf8UtJ-GiEEBgmdaG4glh6vR_hL2mg0zPOT5ApG0yGsJTgUN1jIK231-EOsTb6q4IHbyxup-36ZPb2S1bnIv9JX7NYJ1GHG3yXd-ZEftNCmouVY1h5HkB1agTvOq7_fz35SXznTYSidRetfRd8MtQnUUTPfgMBp0XUDjtH6uWobU5o69zT-20VjvBGXGQSa1iXjnLcPJMEyTY63QtWpnyB9XEYhRYswXXrswpEj8WWFeoDtqVlgOHCFuCfXjFSf5rqs70xkkzEZyg1YSX0V6Oy3cThvU2jogNCxFTUEQngsY0GE5-OUveGRz1DBYmL-A&key=AIzaSyCjh9aj5KcL4_aU4229--ATJhvbcTNPmUk,0.8858752,124.4482833,ChIJG43n2XwDfjIRvb-Tzk2h-R8,Kabupaten Minahasa Selatan,Sulawesi Utara
Air terjun bontoa,"QG5Q+9C, Lamo, Kec. Batui, Kabupaten Banggai, Sulawesi Tengah, Indonesia",4.9,7,Wisata Alam,https://maps.googleapis.com/maps/api/place/photo?maxwidth=800&photoreference=AU_ZVEEqfOlnjhEg41AWWtZu65Y1Sckp4Mwqz34giVVu77OCUKeFNxTPFSRxWYpmDRvXMGkWXFOOHc-oE5l97WDQxzLrSz00tSU_uFVjh2_BIywX0lS9qQ52761vuvOWrC-ch6k-HEziQIS0kreJeIR2K5AQXlbu12C-9c32OgDp2BO2MZHxQ0CgQ_sk04sI4YhYSFJZtfS-UoahdiqjOCBcALHJlyXKE0Tbdud9gT0jU94IM57x7_gRF8IfIP6CEcXWrzy1_AHvassK23sLBim0Ct1zCNdipDBbcTgC4w593ShxYE9R2Ue9eBF9Lapqt0VjdWsQhFfQZOzOMIvnSvPJEn_c4ZUE4S4ozyrw6IJ_D1H3oEmmxdlWolkHfpPqULwlNmSWu9meX8hDHF650ycBrEEWNv_ELaSnTOf36gEbFIe3WkY&key=AIzaSyCjh9aj5KcL4_aU4229--ATJhvbcTNPmUk,-1.2415625,122.5385625,ChIJ09jI-8w5hC0R4s_piVOnQvI,Kabupaten Banggai,Sulawesi Tengah
Wisata permandian Purau,"P362+H9, Mataiwoi, Kec. Ngapa, Kabupaten Kolaka Utara, Sulawesi Tenggara, Indonesia",4.9,7,Wisata Religi,https://maps.googleapis.com/maps/api/place/photo?maxwidth=800&photoreference=AU_ZVEGNAqc-S3rXVTFMjJq9MtgH8xGCj3DofNO1aPoPjiQW8CRSiiYSsqfFJD48l6iYXJ0nWDjJk4PDfuPn7f4hcWDqUuGWq5XqmJI3S0t2B20_C5aiYq3penqQD99VD0_6GyTLP59_1yi4GYHKtK44KT9JayQ284S3VrROGK7FOlzhawjN8miUu70RCyuBwImjjHIFh7gWNhKXJE6UhdhAauQH1FjaajhqGgLkNg-M0y75s-zGd6JzLINKN6bzvzpm9ABHk30bW6KozXFC8zCg-FPw9Qd6u_PFxViktZt3uP5oGD0CsFYaunMyzuMOu-DgMxXollet2EsX_suOzLtYOGKhGtxKf9sZ7qlY-aiey-elyGWlXUXFz9u2DcyvqRv2F65M5XlhFtjrS668J7pkBf32ZBnBEuTpjGkmMS9zGkHEwg&key=AIzaSyCjh9aj5KcL4_aU4229--ATJhvbcTNPmUk,-3.2886011,121.0509209,ChIJ_VUEawAvly0Rk7jjx9BlQPY,Kabupaten Kolaka Utara,Sulawesi Tenggara
BUKIT NIZAM,"Jl. Poros Majene - Mamuju, Botteng, Kec. Simboro Dan Kepulauan, Kabupaten Mamuju, Sulawesi Barat 91512, Indonesia",4.9,7,Wisata Alam,https://maps.googleapis.com/maps/api/place/photo?maxwidth=800&photoreference=AU_ZVEEF7vw83yY5RnISvF-Iy4O3mpJhla6uh66MvicRFkMClw1zh784Q5-nAtS5xf4ewlBPtAUdH4QBJRu3kB7bvNbcAMAASx3ck0RGY_QMVvwAdhqZuO75SBGukwEa7CXEqg7JBIVzABrkpK1AoxfzAm-Fb8IVvprDJXiamUW7m8O8ahUsYJvox2o40u-q-ovP7WDjh45wS34d-xrNzxmEos0AQ_cqP7AUhZw4kXcWrkgOGTEzFaUPd1JIxDk5OdcXMbekarSxnUOBsnj70DTKVSLbKle8wNytfwhN4SY2NKzlMcIy3N6XuUNcHsThiaahighJScUp86VCgYe3CoeknWyN0RYZ1djUtIgHl_oG4G6ugQUUyectbadvFdmmQ5RyDgV6FiSvHaz3UMSkxzeg9xG8bD4pqRoX6AcGqlHKTesp9A&key=AIzaSyCjh9aj5KcL4_aU4229--ATJhvbcTNPmUk,-2.767351,118.8572434,ChIJhWjrNiwpky0RblfOzEQOe5s,Kabupaten Mamuju,Sulawesi Barat
Pantai Pasir Putih Palipi Soreang,"CWRH+V3Q, Jl. Poros Majene - Mamuju, Totoli, Kec. Banggae, Kabupaten Majene, Sulawesi Barat 91415, Indonesia",4.9,7,Wisata Alam,https://maps.googleapis.com/maps/api/place/photo?maxwidth=800&photoreference=AU_ZVEGY_NUGsBl1tbIGnlPWcJ7q9jdifn8uvEz9gfDsMf4EJMG6QCIZqebTtE-z-Xa0upyt-jkEFjBRvOrW2Exu6eQIXe9Bj9vArLCdjFnaXKqKhjvGGdTR4uf7pSsHiylkFPYT_dP5VqDG8phspY3C-Sxcfr3KAsB-ZUa88VQAvKZZ-HDvmpl9RsMZvhA-SBts6z13mSvhRsaZKHklGv5zV38CxpNdqwqrO4TTx5wiuFbRdIJ_rjqUQ_-hw-MYRM2Ts09qaZTuqTZ0GDjrkkZgEwdi2r3Cxzh1WyE5LFGYQN3kJgx8XXk6l69Ldpby6mESghd8JXIMLjZICMhM7zaKpM64Ow9NwrwX3Iq901Nt1pi4qZeucwLnRH6R62r4u6vL0gnnCRcTa-W7KqNXK-6D14WRtVU-eoPNlprRTp9PL5_Sw88WYXDD52IHcLxW57qA&key=AIzaSyCjh9aj5KcL4_aU4229--ATJhvbcTNPmUk,-3.5577997,118.9277298,ChIJX-KjHNe5lC0Rpi8WwIkX5v0,Kabupaten Majene,Sulawesi Barat
Pohon Keramat Baurung,"CXRX+5JH, Baurung, Kabupaten Majene",4.9,7,Wisata Kota / Landmark,https://maps.googleapis.com/maps/api/place/photo?maxwidth=800&photoreference=AU_ZVEG2dYKjbcOvorFDy3xDoDDIOR0Vka1MU4YG45ZcbiKKRFGNixDjL9GJXyBDczgCKW6pW0dOlwzw4Kfyt2AuvFTAvpk6qOEN4g1X50BNYhvd6C2bCHS2Okf-1V4cL6jJddBdrti1i02fy23Ngkg96WIY1AmaxEOP_brTg1ZP2C7gjTKIwn6qhqFZLET0qEJ1PEKZHtdXwJx-sP0dgZQoC70IFpUheT8rYoodOYQNlvtuzQg6BVYFftB7VwiV08pxC0WEaLKNcLOlKeKKligNdXy8a2kDMCyCzYXD8Tadrz1Jqle8uug68wqFurMFCobSA3KOdeXMfQphWtcVYqgwvEVPSMEMBJM0B0_EyKuW7mzkifatmSHm09xr3Hj-MDoT2G8YjimwZZ0ctzHiOKIL2Jim7ixdm_Ou3rzhPEkbT07VWBbpDYB7OlzPvN7nF4n6GqQvEWffeN_UEwN9HBlEV3lD_pdhLGJVCzLnLK5mR08wz204TAe2HPqLeKofp5S06wnPeSuHL4LUaAIhTGJkCbY8X_fddIVzcP4efEUieyTilfZu98GXBfHgrrOocsGIGuwfkC9e&key=AIzaSyCjh9aj5KcL4_aU4229--ATJhvbcTNPmUk,-3.5577147,118.9982974,ChIJ6ydaGQC_lC0R0y04fTmZ_nw,Kabupaten Majene,Sulawesi Barat
Development Wisata Bahari Punagaya,"9HV2+WCC, Pantai Bahari, Bangkala, Kabupaten Jeneponto, Sulawesi Selatan, Indonesia",4.7,7,Wisata Alam,https://maps.googleapis.com/maps/api/place/photo?maxwidth=800&photoreference=AU_ZVEHy2p0ly16MYBGU6PMU6GHQmE6KPuCLrUe_fxFrvMxwQSmC3qr2Hak-RGN2O9KnxWrpLF2pja6Zj9DS3SDr_n_RSQLWqJpZSUBLoFSm7qqmIizZ9APMHYR0LMC0IrxcT_CTXwtyegPQHJzAWff01Q8qWF4E1xpjZrdVGygYlK8_yWjECJbPNHtyntTjeJwjhijWj_SoK0BtvT4oG6FMAojv8df1Y4zzj4mXaqSVWzXuh0PAg4KrVprrLqoOB5mwA5OaLCYOw9FDM8UUQ1vszx5BLML9D-My_c0wiFkIBiqmBniDraIG_nOUJK9xnxNyWVpESewvonsdBU-sK6H2puyzHEaIzvmgBZRkmSVaCtFX1V_jmNzM08h6PncFKF6eunaG4-s9KpCxQT-M7lhwsIFpZE65iREYRmp_PG5Fc7I&key=AIzaSyCjh9aj5KcL4_aU4229--ATJhvbcTNPmUk,-5.6051839,119.5510055,ChIJC-MffOQsuS0Ra09Tp7uF0Bs,Kabupaten Jeneponto,Sulawesi Selatan
Kawasan Wisata Buntu Sarira,"Unnamed Road, XV9Q+8WQ, Sarira, Kec. Makale Utara, Kabupaten Tana Toraja, Sulawesi Selatan 91852, Indonesia",4.7,7,Wisata Kota / Landmark,https://maps.googleapis.com/maps/api/place/photo?maxwidth=800&photoreference=AU_ZVEGCQ-8BMYSOWR83d81VS_VESUKsQpvN25aZvsFtVPZvfOppa9qY9UgJCmCvarF4yxIzNSl0iB_sl0RFETUwcB-arsfdFdUIwjJZFx6y7JrjiTeekG9642KQbJLOQZDBp16wcbH4UzQVliBuIVtmrz9exhh9ON5YgxyDKBnBArQBJ5w5EOuZ8gQxfi23wThSfvdOWKsrI_3oHfq2Aozq-LNOz-sXc6ev-AgdfpTuGNeGrtWYMkphs7wjuCQ-QWN83ZcPMYhXBESFKJx-_vTksRVz5joC_vTlXVBEapQyyOxobBtQQvSKZ3Z6I_DH9rJcNAC72-r_s9KrZDJ0LhEfpkSRdKQhzXFJs229y98hBKzTQy8Ae_eWvt9xKbyTty8Q6uWlmBWP1kGuwLuubmSFiFUpLO26vSnfMpv0E-brs6QXZ3aV&key=AIzaSyCjh9aj5KcL4_aU4229--ATJhvbcTNPmUk,-3.031658,119.889853,ChIJmSD751Dpky0RugLi0OmYBic,Kabupaten Tana Toraja,Sulawesi Selatan
TANJUNG TAYAPU,"926J+5X8, Lansot, Kec. Kema, Kabupaten Minahasa Utara, Sulawesi Utara, Indonesia",4.7,7,Wisata Kota / Landmark,https://maps.googleapis.com/maps/api/place/photo?maxwidth=800&photoreference=AU_ZVEEIjtpu7FibXi0dli2i7Ks5IHIvn2xojmB7jn_5O6gPnwsEgGwSAlQwRqIQ2UFLme0E0zsicXvxkcRpjiXYSnU4dI4PQxEc0kCWBayS2hlHlZh_TbIIXE_3TK4y8V1Gm3-AHwEX9PmL9pkQwwJIYQvtRwvfQnL24hhJ5qq86WuJpB9itxO9XFqqbdQXrNzAbN381OIxof41Fu4-pFuZpltHcVjqNWWrOHf3FYQoo6rcwZakLX9aIxkM3ZlUpMGISvWjipRXUKSIwJJ17WKcVj14w8yJyxpuvBaT4_LVoFdYGbn2CAsYwh5guVHZGac0Makc2so4o4ukaIYHId4c6yv8BxDA8dx7VGwxvIcGfi3w7YoxmoTbsu2k6KhrJH3Hle8dPrdbEhEF1t5ysggD8AsrKYjzYDGmyqHp8MdlFBiXpg&key=AIzaSyCjh9aj5KcL4_aU4229--ATJhvbcTNPmUk,1.3604167,125.0324629,ChIJOxjvl-8RhzIROCUKc27e0zA,Kabupaten Minahasa Utara,Sulawesi Utara
Pantai Talowara,"P3PM+696, Karatung, Kec. Nanusa, Kabupaten Kepulauan Talaud, Sulawesi Utara, Indonesia",4.7,7,Wisata Alam,https://maps.googleapis.com/maps/api/place/photo?maxwidth=800&photoreference=AU_ZVEG3T0TKuvFKCRU-MwqmFGZQUVmZ9IaAbpLg20FhuGj23bAySSLYHQU8W_JFTdQMsAljeaFdMjJtbeuIRkhnXAfd0u2sOxgF6tA2n0v2ipxX02CtSwipuoAu7U26f5YCsAdcCNZh4kLvgBn0fRVXRy10wLQgFFesEWzjnPWRWktGmm2gR2QV01P00aCT0B1Nh4QBpjj0snfjdakzbDxOK009Df-ZNvzX2WJWPK9bTmX0fBN3YRrHLeYycWCzseEVGuB3yz93GjJCJHDxIunGpwbe46XsOu-Yuom9PpTNeCQjarSmI7BkxeyZzN_L5A1d3X_14Z15F9lqn3KgKPqtWw4_VFIv-LxVRi0d7AtXTF2cQcm6H097X9Jzwf1lNS3MRdIjqWo72watFV5dyXUIibOzEO3193BTcYML5t4Tey5U-Q&key=AIzaSyCjh9aj5KcL4_aU4229--ATJhvbcTNPmUk,4.7355428,127.0833885,ChIJbVwmdOVv8jIRSMc61FDcq4g,Kabupaten Kepulauan Talaud,Sulawesi Utara
Agrowisata Bunti Ede Padende,"Padende, Kec. Marawola, Kabupaten Sigi, Sulawesi Tengah 94362, Indonesia",4.7,7,Wisata Alam,https://maps.googleapis.com/maps/api/place/photo?maxwidth=800&photoreference=AU_ZVEFy6ivEO2WklCmlYnyrPkPTquXYZ0gxO-CsVnsTS9eSwn7sR-Gfg0EjxS3YH63posAgnzimrjmsvWoOT6vhNqPYpTuUlIvvGt8NocnHqDmQUY8IPwap1L1LLpuoFxmZjPM8yGz7SHVQcw6BGXf9daCxJYO45LH_-sVJCZXCINGxceaExmAwNtd7pbbwAZxtW36THt5-ZQu-DsWAvkta676APeE_7JMz4OZysHsncLe-PZw9Pm7YiVBKK6mVfY73FeQyKZVmUZyPIzip74BRgwdlPwogk2j4G2He0_jbeRiBHnIesJMFZe9VS5y7MipDRcscW9t0BUWAfyXav1VBFyQlxyWcm-57yBMfN5iGXpTNADDANPitv2LdjY6Li6lPvkvl6lQkUdtz4EujOGb5zn0ythbyNiuPmmUbtMuyz-ZSgA&key=AIzaSyCjh9aj5KcL4_aU4229--ATJhvbcTNPmUk,-0.9648255,119.8425166,ChIJYU0AXN7ziy0RwihXVpJXInU,Kabupaten Sigi,Sulawesi Tengah
Pantai Sunset,"8PG9+G3Q, Boneoge, Kec. Banawa, Kabupaten Donggala, Sulawesi Tengah, Indonesia",4.7,7,Wisata Alam,https://maps.googleapis.com/maps/api/place/photo?maxwidth=800&photoreference=AU_ZVEEDHaHHPhHLrePrh0yA8iZQSqsXlTFxWhR7U2FCRrCnplGJihSaS_NW3fFUBQaF0m9Z89PUPDMKErMLhQTON9zsY-O5jPKl6z-f26OBwRcAVAMm42AbIF8UeqfdezX6_JuHlvGM5ik7stS4tGYkxSt7YxvrMWnMya86bZHSCK_0YioSUcKvSzg_to76Hfw2w1SLV_kCz4bvUJZjlzzEsJ-G80wyl9yL4A8qmNLSp-nSOwIbcvHgt7wseZcCl26N79yuW4RrCTjEy-HsJv7G02ltRllPN9VHxyBl5ohEDqjxqQm4KXHHG7HxpPbqbZIt5tcGeUFGrF9fxx9MgwhrFDccLFXfwuGXUIKoG2TN_5XMWDUNpv7R2FQzfDkSZNvULep_dD3IISnBPRhEv0kWeb40E_dFG24pg26j7kqZLd1amA&key=AIzaSyCjh9aj5KcL4_aU4229--ATJhvbcTNPmUk,-0.6736525,119.7177339,ChIJKYGcoBm5iy0ReehPPDyJWxA,Kabupaten Donggala,Sulawesi Tengah
Desa Bosagon jaya,"HQ44+X33, RT.Buluye/RW.Bosagon, Kayu Agung, Kec. Ongka Malino, Kabupaten Parigi Moutong, Sulawesi Tengah 94479, Indonesia",4.7,7,Wisata Kota / Landmark,https://maps.googleapis.com/maps/api/place/photo?maxwidth=800&photoreference=AU_ZVEHETAbeY_J1higK2gElbxlZYFDqAwhGDH3bqmjCSnac3rBdChB6vgUg-kzBjQ_xsfVrYxgZLICHqtX_vZQd2uaPHybLzzB-JFpojS9R5CcAGIkc-kZF8Ex0Aa51Wv6pRsxqUIxNByQQo2b57sNAGcw0JpOthWC8ufJjDJNc7y7vU66pXmU-O7Rw5SK5o5yS_Pn091EUiet_VsYWoeGmNlmpgR5L34ZDD_hgh21aB1XFW3A7P-NCkDOBq0ElCOuygmfTPFC45LSFzSkC0FyPwvgmBVZ77OJenMCGv_Z53xJuNF70Ia0lGbjudxovkxw-4cGxhO5Y_R3rza0lOFcmHyLjOmIgclZ855cxmlaHf2OM68woySQ1qli-1Id059dYDO1siXkZER1S0WIY5B_vg7jwMIppbEuxFOcd8Imk9bri4KlTk1jHoXE1nV5w9DJP&key=AIzaSyCjh9aj5KcL4_aU4229--ATJhvbcTNPmUk,0.558227,120.755061,ChIJw4ZchNf5djIRn14-0hWLW0A,Kabupaten Parigi Moutong,Sulawesi Tengah
Aula Wisata Mangrove Matansala,"FXG6+WHR, Matansala, Kec. Bungku Tengah, Kabupaten Morowali, Sulawesi Tengah, Indonesia",4.7,7,Wisata Kota / Landmark,https://maps.googleapis.com/maps/api/place/photo?maxwidth=800&photoreference=AU_ZVEHfoxbWbL4roBIFKNuqv3CWfFLQ-oOweAKG1GidVpp40Hljbpi-njg6npPq44jQwRZN5r7Vmh5kFTh4rW1odsDV5HTzIuejWRxSpslrqcG2bF3z0zcLhjn-0CPuzDtyPh5wp7LpfwDPYHUCYxxtTWcE5Z2YFNQQukkefO1N2XeXTVZxVebzQiP5hPiUjFdjy8xNiR80r1AUeHPoMe0sSxFL664dMDqp-nxu_u6rR4R-9_PMR3dAbG8rSR6y5iY2lBGKdIC7E6cREYc4RzFCAkfPks7AhMcgrPXw-FQGSd0rS3xv7Rjc2UhiC4bXTetMQiKCGS1-XoVAgZUQQVADwcANh2BH_S8wyrWQoB0l4G5ojYpBdOo1nKkgDqqsg-m5kZGPh-HRkdQiVzuq34-jPD-cEqyLrhp4G9ndlOyvXJqJqA&key=AIzaSyCjh9aj5KcL4_aU4229--ATJhvbcTNPmUk,-2.5227588,121.9625701,ChIJGz9E0j-Nmi0R4x3N9kDzmB8,Kabupaten Morowali,Sulawesi Tengah
Air Terjun Akar Darah,"3P7X+8M8, Hanga-Hanga, Kec. Luwuk Selatan, Kabupaten Banggai, Sulawesi Tengah 94713, Indonesia",4.7,7,Wisata Alam,https://maps.googleapis.com/maps/api/place/photo?maxwidth=800&photoreference=AU_ZVEE-6FD08ze7MfBwqK9HaG3ZhPY6Y5H4EvibD_1g-06vFgtx1974IZm0ovlHTeSeBRuLvvnLGKa4itAOg7mDl91vP1iiBp2pFPokhawHrHEk10RgxrTrm3YvLmLMkGgO1tP4AekajueV3Vcx_sWe7oOvK13wJSEVgyTuDEeEVpazCnsXHXrhivCzAyCcT4N7TZI46Up87HXCiLLhPeTD5YudpF1jqbDJ3OPUqP36LId2aZJL9b7MMj8iY6GiWguvwq9HhrdaruKHXogU6xrFGNbpNYc6Yv8E24B9n3K-Pi6gByUUhkHsz4RDvM9Xo7Mpqi72V8W_ZulcSn7Vy9TPxXCDbRexZiv86H9fgajigFOHeRk6gfaROFqxPMniveWfCUkm_S2-r9z_OTXasadoqCSI_zgKHBVlhWb4aMxMlToodCWP&key=AIzaSyCjh9aj5KcL4_aU4229--ATJhvbcTNPmUk,-0.9372508,122.7499749,ChIJeXQKAMujhi0Re4y-V7kVaIg,Kabupaten Banggai,Sulawesi Tengah
Pantai Asmara Tapandulu,"8Q3J+P2M, Lebani, Kabupaten Mamuju",4.7,7,Wisata Alam,https://maps.googleapis.com/maps/api/place/photo?maxwidth=800&photoreference=AU_ZVEEZFawUT-_x6dsmAeRwS_SnQ-7Oy9upd1YWote7Gousbi8DFDKKt40FaD1-D9MSRwTeSQACJAH0vSuqzQSmYidVyDtRKy72sF3Rqp2XtrhCdK80kDitX4rGu7X-j7Ib-_X5JswjsVt8wOM_n-EoH4wkvaEjO84ItV4N2vuaNV3t1nWYyl2Bi8wgkNm2_IKWwzNUdb4dcPJKbRlCmlQ-BTya_eomCH9xuCGFcWYGlwyqJY_hKO4A439rp0TRri3MMgvpEjhBNQR7XRgNfKm4b0sfdO3nqPON6ptnDFiT2O21QhQvoSyTiIRfIhNeQCG5bGSGu9UomgKxxzLl-8uX3tmctzMieaC29Nc8csl935PUubeDMejiiXvkqg0YKqbVbMh_ji-1_MF8GT4ydeB-kJHTVQX4V-v1KYjDlof3ZRvaEcMKFjyb70oO1HBu2_6O0jAXPcG4ZtP1h7Xyfm4khH-fj23uTIGqRWqSLQ61h1sqcHftpK_tfFu-iIRf3m0LEyGnNwY-osvR3YLgppMgZ4qrt2q_Ij-nDaz8_YDymxc-rvnEulW_6yGjHj4A97XNvBqHEE2lFx5P1w&key=AIzaSyCjh9aj5KcL4_aU4229--ATJhvbcTNPmUk,-2.6956688,118.7800317,ChIJwzaEVSTXki0RNvTdDyeBhE0,Kabupaten Mamuju,Sulawesi Barat
Pantai Sampaga,"M4QG+CC8, Sampaga, Kec. Sampaga, Kabupaten Mamuju, Sulawesi Barat, Indonesia",4.7,7,Wisata Alam,https://maps.googleapis.com/maps/api/place/photo?maxwidth=800&photoreference=AU_ZVEE-jWGhbrA2uYPWcX3OKkvYaFOKE91qwbL2XRncwAKpnLFahM63pSl5PQkaOTWDwZS-do3e1ooRqmVTosYojqmfjig4P_5iIESpAfNrsSux1qhPBPOGws7EKN0aEmOVEPweZ5drkzDzK-Fvs2tK3qo6TAMlEov4RH_rcNWTO7b6tA3627l142WTHIDvI1jCzexU1B5a9I94YXu2oYOrl6kTrQjcprCCz3_TTn8pdTj3I_w3Vh2XTBI9r_eSV_4qE4iRAMuYe6hnBtuRRZmAWXI6uu54bLZib446sF_SvE35PrfBXWhCkt-M3ALPhIQHd_WISK31xuLEZO8YN3OA6g7CQ5aX-78yS6GFV_aqfzqiuDAeHLSjdUgLg9lRsgbuyumayRbgzvbZk5Y6oYus0tfYfhzBXZirTsUnuK_B2UGdzw&key=AIzaSyCjh9aj5KcL4_aU4229--ATJhvbcTNPmUk,-2.3114748,119.1260919,ChIJKcc3jZiXki0RWwXVpTdyR_k,Kabupaten Mamuju,Sulawesi Barat
Wisata Alam Bukit Kappung Mammesa,"Lingkungan Panggalo Salabose, FX75+9VV, Pangali-Ali, Kec. Banggae, Kabupaten Majene, Sulawesi Barat 91411, Indonesia",4.7,7,Wisata Alam,https://maps.googleapis.com/maps/api/place/photo?maxwidth=800&photoreference=AU_ZVEGderSBWrCjm2nC1aZOqdxchpIkK4L5h_7kHdLcPyQSiUupAtluDOz_slqTBPCZsmihurbMPYhpbsHstgVYLOYeGrw0bU-vGwL1wKOgreM3OPfbxERVUxl6FILiB6ueeuTBu-629SzVaiKQIzh8x_DlY9P1siMEY5EElEA7doNCIfhm4PEhi15WlT71Dm-f-qmtf6jpuyjEgbC7xnYx2tjDTlyNosVpIQrlQtSZfUwmt_uQZF5Oa7RMEekWxW46SBOTR-A_EwMVABGNvRpqaj5YQrBH4xZx9K1ZG4vQQakQ5mJCxf5HwhW3dGpzF7PwTsmIfj7OkfIKk993fKpkrkKgMklKUzp1lF4W5fedLilw0qrqFAcdr5y8F7Pk62TroBEzk11vNTTQGM-McHVe1JIwss65ebjiE0NhZsiQCss&key=AIzaSyCjh9aj5KcL4_aU4229--ATJhvbcTNPmUk,-3.536515,118.9596733,ChIJ5XlEhba_lC0Re1ruNY_Waa4,Kabupaten Majene,Sulawesi Barat
Pantai Kassi' Bumbung,"9VC3+87Q, Bungeng, Kabupaten Jeneponto",4.6,7,Wisata Alam,https://maps.googleapis.com/maps/api/place/photo?maxwidth=800&photoreference=AU_ZVEHiTK5-TPjgPjhVyayCMwhc988nIpcQg5Bd5A-Ko9vGr7WxOSo4z7Mcm6onehnNb4Xvi9zv83JXK9LhM5RQqvjY5vQtUUQ1pDFkFanx2vWu0bt71Y-bFiX5j5qmhA1Br3bLg1CvqmByjw02mAjSGcoMmc31qsCvZUSYt-teZWr5giYGdArxkqu917ouHTD9dHHH3EGjiO0D74PO2roOVPaS1MQ2GV5q5x8ZDdbx70nPveFl-e4lcIFj0SNel9pLimkcEmCbS0E_cPmeC3x3zGp8RfODPSGlF0ogxRK2Q3qLUTkiPDq6WC_Pp-WPoG3Q16QLo47QCGXItQWoYTBvSVs1Ne8wXM3tqdIlBUHyYtEAM3b96Pz1-zPBG2iMWzQyl6P_8Xs7mTP0wwdoeIgIJsJGa64YTgx_vUmMb5-LmoUubcJwn3azyHamlPVewfCCf64SiZnrQ10HRfB8pDRrDc2VW10lQm0Ej3egzeFUVGSVFBCosoJFIQiVdQcqJl_mcvlAXfcHCvxd8RlreSH_i8nI9RzQ_dix8htij5WHnrKJ3LL-6vXi6AS0kcdmFV8a6m_qV966O1JAd6r3INwxvXGISPi6Dw&key=AIzaSyCjh9aj5KcL4_aU4229--ATJhvbcTNPmUk,-5.6291749,119.8532204,ChIJ08zN26pLuS0RsjNo-jDLNvE,Kabupaten Jeneponto,Sulawesi Selatan
Padang Savana Gunung labokke,"Puty, Kec. Bua, Kabupaten Luwu, Sulawesi Selatan 91991, Indonesia",4.6,7,Wisata Alam,https://maps.googleapis.com/maps/api/place/photo?maxwidth=800&photoreference=AU_ZVEGBlhBWIOebXRyOfAyR_qONYPjxCS1q8XfsUwVcNgtwJvjndLrAxpWpvncNf1UxJDAU97z17yUBhpICh1yWRAinpK0tlRUXgoVT8UJlGs75a-jpWFZtm1k6wuaV8q-8rA8v9XWNvaVPy4UPuogii8V22KGJFbaeieCsdj2OP3BrDHMa8GbYzoPCoe7VaHRMS69FI_B00pLOwpWGNh-RHfmXDwrTxohQcLUj3-7DVcfUOpLcjWkqz9yuCyG9kb8QAnWqphMUZ_aXUttYV1Swxl3UboOtzgG-qkNP0Fzpe1q9uYVhs67_7CUxfcQ-sMo-30M4rEdjjVAtulYe_-X4mtFDgBe3KEsDVb8fv8GfO8XTn-BodUFVVoB6G5KdygDq1Jc299jR9ym3hRHjxWGdJQ51a90_S_32QPUjZKRooinofKVlJqR-Pn3M1p3uz5_7&key=AIzaSyCjh9aj5KcL4_aU4229--ATJhvbcTNPmUk,-3.1062181,120.2140368,ChIJxweZ6L5XkS0RZ5LawzdiiGY,Kabupaten Luwu,Sulawesi Selatan
"Air Terjun Pomoman, (Pomoman Waterfall)","W9X5+H6F, Pomoman, Kec. Poigar, Kabupaten Bolaang Mongondow, Sulawesi Utara, Indonesia",4.6,7,Wisata Alam,https://maps.googleapis.com/maps/api/place/photo?maxwidth=800&photoreference=AU_ZVEEo9y7LvJrehGP2sl_5l8a63bBMfVt13b93SsqtoruxXzwQHeq6BsPApnhznzCdZlfcEznqECkZQ1yOxIZdiPGpp2RRJi2vlORLB6EWG5SYCvFH0kZ-RJqmts6aQGDy57mrFi_bz8FrhBDaMO_XdKy7byFIZGKlR_kOkRasW53clPLlo8t6LYamd1niEH3gz1iog0nmE6-qLnqQKrX6F8wFFULL5JJkP0p8WN-qJvLpaMrWNuQW7QUVr-H5HY3nwtoSOXf-JQUAO_IxgGKTWr0FqY11mBh60T_5xY3LUW5KiejiYA89FrSuyR3PBGMnqNHdnqBvml5E47CgIcHbsYbbJXxweqoqH7WIJ5R92vY7agoHesDcBA0yy3Ix0uoBcOti331oaL9EBtt2w0hCU9CnubGrJHY3lQYMS3kw5eDER65-&key=AIzaSyCjh9aj5KcL4_aU4229--ATJhvbcTNPmUk,0.9489419,124.3580591,ChIJB15p_9cHfjIRpYmqTwJNXO0,Kabupaten Bolaang Mongondow,Sulawesi Utara
Air Terjun Desa Pannulan,"QQ7H+69X, Laut Filipina, Peret, Kabupaten Kepulauan Talaud, Sulawesi Utara, Indonesia",4.6,7,Wisata Alam,https://maps.googleapis.com/maps/api/place/photo?maxwidth=800&photoreference=AU_ZVEFiPVd4LnYpTt978_nki1xrbeHdqvnOnD-4637lhZBw9_HDI9br5PANXsStt_s-K8h6mXyn7n81cSeAZJgRHkA8jLCEJ4f5JKBbv6e6zV98B1JYCXf7qqDjTLP1f12ZerWO_vNb0qxPSmykiVKERWrImz7sl_MDcOYmQM2VyIQIubip31oXmBL0P-V-FGjgDuObB62M3SitJLaD3aqGfuWEHteZVblXAQiSuExXN1Nf7eOCIU2sq7HfEivFH4wsKllQGH7ZGX_KhQHuIGv8c1bSlOzUl5huBECq1cSfdlA8b-Onyu52nDAly1pgNl339BgJsxlSWm_iIT3cRAWP6dmz0F9G5IQRBNCaPwlSzGpS9-t8sKpuFTj-NH-cx30fiy4wBSh6gfCwRmm1fxPbdfdUaCRJ3xl1i19szQO1J0E&key=AIzaSyCjh9aj5KcL4_aU4229--ATJhvbcTNPmUk,3.7630851,126.7784709,ChIJ0Rh-oj0ZjTIRtxIbWzuWW7M,Kabupaten Kepulauan Talaud,Sulawesi Utara
Pantai Bahotonsu,"HVXF+GJ4, Bahoea Reko Reko, Kec. Bungku Bar., Kabupaten Morowali, Sulawesi Tengah 94976, Indonesia",4.6,7,Wisata Alam,https://maps.googleapis.com/maps/api/place/photo?maxwidth=800&photoreference=AU_ZVEEBxE7Oi0d4WZ9WH7AbeAwzIUnfYjNbmcsef9A-yDMWFDAecGEAiGCSsffazgDZzUhwQz3A4FlPEN7pKnMFhqDeAff88nzwCLp0bHpLvLhvaWzfUSVc_LF2y6b5VOYQYadgj2XAa-_qZrLo3cboS2chtKuxpuOQhyYiuiUMjPqiaOL0HQdoWLd8ZHhGsjZ1XwfMtStuG7wXO_UHXY-k466CFUV10VuHHYUwOC5-OvasBc57WyYA-WJMx9TInJDctG4YC4QhLVBU09dQzlTJn59iAmH786gjhKlODa7srtyw1erY3e07BM64R3yoezVjLNVHU-PVdc0wR9tpph-g7WdYopNTAuV8fVVA44Y2E4ApUxedCEFRE4WBIW5R3E1blsYSrW7-xUHe0ASWKNyrfr8iKC9VzUSzU1FS9VKR77heoRdsglaxJpVi1MJKLveR&key=AIzaSyCjh9aj5KcL4_aU4229--ATJhvbcTNPmUk,-2.40123,121.8740647,ChIJWSBdBACXmi0RRO6ffNjesIw,Kabupaten Morowali,Sulawesi Tengah
Danau Lapada,"Q33W+6R2, Lamonae Utama, Kec. Wiwirano, Kabupaten Konawe Utara, Sulawesi Tenggara 93353, Indonesia",4.6,7,Wisata Alam,https://maps.googleapis.com/maps/api/place/photo?maxwidth=800&photoreference=AU_ZVEFFUDNbZw5ztqp-WFoWfwN7t2yy-mZ0SAdyJdb04fm-NNy_Kr0DS1eNi-FBuK-KZ0t2pmmJCgTvWRuG7uyuIeu2Te54VV1qruzY7QqfULya9KzqTqeYaN1MvRjZ33L9W4u-udULdDSzU4ySOpTpj0uEdLlBttMphin5Z22nXxYr3aveeGIgongoVZYBv5QdXm0415CM4CyJnDS6LKwsieqnA_lrbVncTLulzzr57V5RIqdAuXHflexToGFOy9o-DNfdtCc1CTT6Y_os1QLKMzq1nZJIl_Gi8N2hkq9JKqgOkODrv29cQ-1dr8IiBRlcuOfdEYZkMKCxG8hlNemqqWzclS2CbpNjCaUS64vpkBLgGKGS3S_xtU011H2jonYwkMKIzSQyAL8LDX4wJdaH6-vJPHO1UHDIY6GWX0lYNCxaIA6NvoQ-1rWE9v3Q-g&key=AIzaSyCjh9aj5KcL4_aU4229--ATJhvbcTNPmUk,-3.246996,122.0970024,ChIJn3fPVQCPmS0Rqkjk3K9h92s,Kabupaten Konawe Utara,Sulawesi Tenggara
Pulau Bokori,"3M65+4JP, Sorue Jaya, Soropia, Kabupaten Konawe, Sulawesi Tenggara, Indonesia",4.6,7,Wisata Alam,https://maps.googleapis.com/maps/api/place/photo?maxwidth=800&photoreference=AU_ZVEGreUTZ8Sxw-B-vgY-7iGUqKyS7E31tfXODoZ9M9CijZb7_Il2VZlIG8VVaqZuJZhAuHNMkYbD6zQOsyoDTMEki2W8C-1mh3or6OIS0DxEt_8uYsHJZ4nCUG1jfCfPIGuCPZKFwdwG4LZrU9PaIQ0BQo3QsXZ4Sy0QdWWYxirt-h8kxOk5GyBLbsYxdnJ5dKrDwL2m76Drswp5Z0PZ9QOFCcXVGkePO-Yms2iJtVe1xrHZGyHdKpYp0V3wjyb-QUONMILz_x5BQHT5NeS1ZtvaeAuZsQZ6oVeWW0AuOWfH1Eb_l4M8ITaVS2TExGhtjeI03VdYk6l_8uOtScUI-qqGNnnA-ceZl3m_5sef_MQ04OjybDbqp1bBzdVVao_PijEuwX885EbuSbO9JZKKezNOaa3tvE10iducHN8pXA94V9aOijd2-u5E4JRZ1-A&key=AIzaSyCjh9aj5KcL4_aU4229--ATJhvbcTNPmUk,-3.93965,122.6590856,ChIJ8QZ2DADrmC0Rd7qed_RY9Bk,Kabupaten Konawe,Sulawesi Tenggara
Puncak sunrise saloadak,"V99W+3H5, Saloadak, Kabupaten Mamuju Tengah",4.6,7,Wisata Kota / Landmark,https://maps.googleapis.com/maps/api/place/photo?maxwidth=800&photoreference=AU_ZVEGsnD8ueG6cG4kNUgbTWdU21t2Vs3-IeFqFjcZW4LiLwNaHBT-qxYzI79BYRpePib4A3d-BjaNGSxrDQek6sg3sn4mL_s6D6eNilaTN-EDKwuqolvZznRJZojV4giGUJSNXJ2whAanXQhH5p06BBhd6QI-j9onZEy3uI8dsjI-aesI1RVfhiilYRpghYHNpu8Ccywli9f9iBLjhKcj7rbnMXyxNDrIKnt4w-qOToberU8wQPnATjHGZynXtqL1TQyt_0D86Ua6ZIAFHy23JTPy_Am9VbrHPEIgvfWWIJst-5ujAjBf2vPsq0n7_xRXzEi2tImXraeqauzg2MszuPk5QK3H2JCKyp52Ccaa6wAp_lrK0A9XgK1eEX7FnDupzls6CdxhCukftBorgd1fAp3370PeT5YLX1N3ZTag0U_v_vRWeBXYeunSFSoPP4hsz55zmoA8brlYNNTf_7K8mw9eQTLbWdqTla8xE6HkBL-7uusRsp2BSaK9rDtnU_ubZZucl6pE2_wBAlFQWiLbtTFDTjPPnlcj1iH3VoR1lPVYM5tCHviOh1Sb7IpS20AXq8YWg1e54&key=AIzaSyCjh9aj5KcL4_aU4229--ATJhvbcTNPmUk,-2.1323257,119.3964864,ChIJw_gupOJ_jS0RG2tXC8Pgzl0,Kabupaten Mamuju,Sulawesi Barat
air terjun tiga lantai,"FVRR+88P, RW.pammelangan desa, Bonto Rannu, Kec. Sinoa, Kabupaten Bantaeng, Sulawesi Selatan 92451, Indonesia",4.4,7,Wisata Alam,https://maps.googleapis.com/maps/api/place/photo?maxwidth=800&photoreference=AU_ZVEHVg_EAphsWLJHp-qO1qVOr5AyqzDUu2bz-PGrnVQfWmXstMlomi0qbGtljlocINxLgsqZXN469YAWEf6FeTJUc9bLSurhHg3eYwUjiOaKz373ybMTjyZ1ZARolhn8WFbFwkDe5eRuuLeI5-gr_qJdxADLCJKqxdZiopNAqLsa6Wb5uqnnTYS6Ix-qKp3m5q6zDqwcvREJSLZX5Cgn2jOdOte8aCx7gkHX1hT0MrmhL5eMTB_5pMpi7WUSacnofNbrZHCrlldcDLos_YW1-WksMthFtyxW1ChL-pL47Kc8ohf0lyRDxcg7BG3MrD679ON1qnnl8cEAb6kC9bDI-XyUYVpdf90Iwue4GOkLA4ax6vewnUF0b3u41tqjdJaZNisrmSiobPrLsH8YtUijWl_H-H-ZWwxfrCslx1YZFsMdiMZNt&key=AIzaSyCjh9aj5KcL4_aU4229--ATJhvbcTNPmUk,-5.509155,119.89083,ChIJKy9Z6smzvi0RhWD7Hzif9yU,Kabupaten Bantaeng,Sulawesi Selatan
Gunung parimata,"Unnamed Road, XW93+MX3, Tallung Penanian, Kec. Sanggalangi, Kabupaten Toraja Utara, Sulawesi Selatan 91852, Indonesia",4.4,7,Wisata Alam,https://maps.googleapis.com/maps/api/place/photo?maxwidth=800&photoreference=AU_ZVEEe2-FqAhPbk5uXVfXqlHqqBvKH5_V4SJg7PUTFfLJTO2-sKT8CVN2_h7zPRumhR0_26ysi7ihni5Z8I2jew_Mf3v5Uv5KZPe7O3CcaY2EfCxbnvHw6WZININ-GjR2PECKj8z9yAWMeYqZcoeK4DyjSMu_Gx11JUHn28_pliuSeKbgFofbnDdyi7T9w1n0L7IY85krdD1-YnsSikgSsVG_tDK09UnLBk0CH0x9S6aNQ8uy-ARQHQUynM7F2p7wP4Xmnf2iVwzfgd4jTfivifYW8CngIwMZ2QZEyDKm-R7dy_VNTHc2dpEN4wg6HBE0zHir0lsQlH5I7CLgkYYY0VKK0NRud6ZQ82CMbcHLNSFO3A-XFUGtwkeEc4iAbHwEoyaA_-8URT0k21jJuCEN9n7vzlxC23q7Nw6Cm4PI&key=AIzaSyCjh9aj5KcL4_aU4229--ATJhvbcTNPmUk,-3.030859,119.9049183,ChIJrxi7qHXpky0RGF_mLq0EmBs,Kabupaten Toraja Utara,Sulawesi Selatan
Buntu Tampo,"Buntu Tampo, Marinding, Kec. Mengkendek, Kabupaten Tana Toraja, Sulawesi Selatan, Indonesia",4.4,7,Wisata Alam,https://maps.googleapis.com/maps/api/place/photo?maxwidth=800&photoreference=AU_ZVEHHqVKgQUZvBReTtU4Xl3mO4B5_ozRGAXZXHfhYdhP57HbnEZIdwMCLtN2Q_YRkefk3Bc-9M2quqO1FH70CC3BgMDnuNG3XFgMlN76qZQPJQZswHu7RqXlQL_Q5NLbQwXSQpGSDG0N7x4_myq6rebGAYpLPf4FjeIs87sML5XPlkKaHhV-ZKZz4Bh1z_GYjizP14XPrJ1NeEA6dtcdpCi41OhTSrElB4Q_03pP4gCPSY8Jfm9Vwp2LuTO3_2Wz9u-RkH5hDflYqRiqQF_0plwwHr3dhf7XxXen4X0mWgcDdYU7N515dlhIYLp1g30f7QaG0rsr79gYbw0x1BIHA1HtPiosiX3qVmGEp0JCEuIYbPLRd-GCIsNAPpktmJTz923IidO71zfWBxOWSXmXGvgNYZpwQDET7L26f31immdGakJuE&key=AIzaSyCjh9aj5KcL4_aU4229--ATJhvbcTNPmUk,-3.1844444,119.8991667,ChIJAeftU7f2ky0R59d7dKswbOU,Kabupaten Tana Toraja,Sulawesi Selatan
Puncak Bora Palopo,Murante,4.4,7,Wisata Kota / Landmark,https://maps.googleapis.com/maps/api/place/photo?maxwidth=800&photoreference=AU_ZVEFqpNEBd1g__skvaxRX776YIrD_CE6U8X3KNMb8S3LgQOQ31YtWTk_MTlgSQb1Kd9_s_U_0sneYs8pge-HU9ZHHJhtowit4L9wOk3D7HgeRUOaVOv0bzVm0hDXpokD7RdO-oZ7eWPfW7vCusoCGlLGThKcjynkVMZZiXwnL94eEp2fHnm_b7H_SSPOrgWB3GhgZVMLAINEeDZhAiOrv-usHf7i0x7ERjhemcUaCFPhyri4WJaVlJuW4sCX6GSGg-nzUNohBhX8FIeBedCWghGrOh1d7GvAFVc2RPGuwK79vdtXaAvizUEPsRWxD4wAL_4nNxKg3098DpoWHimh60sK9ipPEqH4jU2HZGtAb2azqfzGXZYBeTrwW2HFEuwmP4Q3XrOWto0ypdWyntr-vsgLhhGxIg5fHivBC1MNOXjs8YYcg8Q8AEiBRAG4eDYSVms32nLwEBJlqu8rzyrmrS2mxC1cJjB4amgGP4Yno9QDLD00oF-8J40M86VIt6931VMiWDHAA1ln0GHDre6r9LZYmcD2QMpKrK_YVurXgTZojsthrV3IxoL5ZEoMqpbyOFkSoE9L8aye9dA6J5gHp4H4bu6N8FNvozfBaCCfE91uCx52SkKcaTivdqIfE5HK3WvSLZg&key=AIzaSyCjh9aj5KcL4_aU4229--ATJhvbcTNPmUk,-3.0144883,120.1719994,ChIJrUQ4ZABfkS0RgmtAZXFVVY4,Kota Palopo,Sulawesi Selatan
Menara Pandang Bendungan Lolak,"R33F+JX, Totabuan, Kec. Lolak, Kabupaten Bolaang Mongondow, Sulawesi Utara, Indonesia",4.4,7,Wisata Kota / Landmark,https://maps.googleapis.com/maps/api/place/photo?maxwidth=800&photoreference=AU_ZVEHEbdkq-UeL-I9_FlZqtyos9Po849sepDMYo9hmOmq3ES2bwkru1aUPeYSOGW_tYVrrri1m_WorkLRjDfcyvMWdjQvF62G0P4r1ROeX97J6x_FbW_1Dd4NraUQSG-aZy3TAcjhbulJfU7kPhp3203lk6n0kJI6vHVZbIaisacprrfd1fiFFirvSSvuRAiWI-tzelHINKTFBdZhrobdTZBgNCAESTcodg4lMxcWO_sVtGkHkprkfd8PIpCAgDx2r16pksNXHQIUsRtK7aP_Yt4nO5Ukl3od0eP6GX2p4Mq9STu69Ucit96eagCQAfEedWE5iBiNSmN-euYb8lbSPkt05TXopdfRlAR20qvB1oFh8IbrdYPiPsKHA5MWY1gPxiPFGNTvS0dt-TXUFjAKijoo03JDDwEvRtzI5gTAQ-X11cYoh7NZDIwYxQC4B67Vf&key=AIzaSyCjh9aj5KcL4_aU4229--ATJhvbcTNPmUk,0.8040271,124.0749322,ChIJ7QFm2yBrfjIR5OfOUknVto0,Kabupaten Bolaang Mongondow,Sulawesi Utara
Puncak moat,"PFC3+HGV, Moat, Kec. Modayag, Kabupaten Bolaang Mongondow Timur, Sulawesi Utara, Indonesia",4.4,7,Wisata Kota / Landmark,https://maps.googleapis.com/maps/api/place/photo?maxwidth=800&photoreference=AU_ZVEF0SqIad23lDnpqq93eWvpyLWbCXN92aIoUrHgwZFj6xz_8qkuJATmFJnp9AXYpEncx2qygG2JhDD3hliFZhgIMOUkTfyN939_bCU0QWL93llm5xPUO6RSHzIEJ3DnTpnCml6YYV9zsxtw8b4mpOQJO2_vnEE0ZA15dc_zUYqVNYcsimSqxiE812DBj5G2S-jqqgyp-lAiSl_-xMHuduheQoqHAmkUziwO4KUIP-K1ZKYFdDjnI-jDnCQ1npUlpl8YQKrCy6H3l_L05pv0y6hGW0I0bsyVfMP-cHf8Z2eWcHn0V-8k7DX71MrSOQzoKTTqIsqZhKBpQTcIchwdlrMUeT1n5KZCjC03m3nw1pefLyCOma3WObwbEHaJLfAJA-4K9-wvEVDHeYxksNAPTAzWBMnfg0CKDwYuiCG90lFyNDg&key=AIzaSyCjh9aj5KcL4_aU4229--ATJhvbcTNPmUk,0.7214910999999999,124.4537972,ChIJM7cm0t0hfjIRVWw466FNZhE,Kabupaten Bolaang Mongondow Timur,Sulawesi Utara
PULAU LAMPU,"CFXH+46, Posilagon, Kec. Pinolosian Tim., Kabupaten Bolaang Mongondow Selatan, Sulawesi Utara, Indonesia",4.4,7,Wisata Alam,https://maps.googleapis.com/maps/api/place/photo?maxwidth=800&photoreference=AU_ZVEFzKDFqojy6hLm576Y3A8hQdnkdV6Rpg-F2_ss-djmrQxjHdRgEK-o49hkU0p-XTDK2sbeCkI_7OLrYZPUhlygbwk6IZDAL5bPmsXEWZcg8_Uwn3zrgHwKZ7toLUXwwmla223qqGtm-y7D0wH8MXV9X1MeVWPAYKiLJgZe4O6baukYfG4O3n0apXuTmexEBOobNKbx7FuZEakp5v_MDH-4G17cUCB0tKmTcivjwRYdUf1QSZv4mfKM95aUSK5euYhbGWjg6IZ2IWqD4IQJ0_6DFfRqroZLqD2VrOJVU-Nk4jyhl3F_53Sg6i87LjX71NaVnHdafoV6Kc5IWe3i90n7CMm-Egi8F67H6fexx4Bvx6C0lC5ZUkOYB3VCHGCSzpXNTp7bMwAGamksoVpzexyAe2J00_4KJsAexiz1LXl_7hBapVLzoEE_wSoetUPIX&key=AIzaSyCjh9aj5KcL4_aU4229--ATJhvbcTNPmUk,0.4477805,124.4780176,ChIJr06qKQDVfzIRpat4d15utgk,Kabupaten Bolaang Mongondow Selatan,Sulawesi Utara
Beach The Kalama Big,"HJ2Q+H49, Laotongan, Kec. Tabukan Sel., Kabupaten Kepulauan Sangihe, Sulawesi Utara, Indonesia",4.4,7,Wisata Alam,https://maps.googleapis.com/maps/api/place/photo?maxwidth=800&photoreference=AU_ZVEHW25kStvmhOMYHua3gQFc1_-i6YplJwxkFMcTi9DR0UuglkctQ68ElGfln6OdgJgOB_EqYS78ueb4PtcmhtRX9oph-xqhPgVqZFGhGlMyhksxkMpWXUBxdkwt7nS_RFnjmQ-KQFgG6ZKrokk9kYOK9ZCZm_LDP3H8lx99cEtmre0vCTS0sEHl7SoAoCvw2VAgEcs-P1HxsCM7kG8Nw_kJTEp6fMMkYexh9p_tK9fhnukVvIKDYYilfGEdKtEoUziTwf0k81gazoo_rZYoXkohRQpPOlMqRXPpxQP1XHwjds0lRVJZDJ9iQ0eVwPMaksfgkrUMzmgLYDOmorOzMuulURaehvtl41qDhaNDt_SFVt4XxvPzZIoFcxid8wamULOnAggKNTJLvGYUs8VXTADIfgy1i4Ml3zJGr9jFUh-um5w&key=AIzaSyCjh9aj5KcL4_aU4229--ATJhvbcTNPmUk,3.5514086,125.6378581,ChIJAVH508efizIRpmTNRIHZOnA,Kabupaten Kepulauan Sangihe,Sulawesi Utara
Objek Wisata Pantai Mangaramba Beach,"4RG2+M79, Pulutan Sel., Kec. Pulutan, Kabupaten Kepulauan Talaud, Sulawesi Utara, Indonesia",4.4,7,Wisata Alam,https://maps.googleapis.com/maps/api/place/photo?maxwidth=800&photoreference=AU_ZVEEqtLySEjaW6SZZ-2u3vpP117qLZZdAR1QbDSPKV6K0p5-8lX5F_ElzYMCB2cbHSWOy-Qvd1eCc3h0dNJeftxQExmsLpJ64mDMoIDGL0sGu6p7irrWFoR-aIz3bouK8RUE2-N4jeh5kAvr6Zv8DzKDNWmcLUAi-Pw6bWUVdriLMc3DiLeWn1O44GQw1WGNftxMbYMmzWyBMcEGkdwfYUDzA8rnD8w4vvgzNh1HO2urpx2t5pVmHkK0nlKxZ-FO_f9MuYH-vHhmOaH5ckpn2ii6v8QC-2L0JaEYsMFwTVGnW4J0wN1TRK4CILWooR87kJWQI32mLAN8_6Qp9Em8-AElfmE2VGtdtCdMHJnZ3cpRD8IZeb5PYUj8FjGu9g0cMWk6mcuaUCLykIfgRbpAtO7BgcRLU6WH3fMPVz7zVi_fJdaNb&key=AIzaSyCjh9aj5KcL4_aU4229--ATJhvbcTNPmUk,4.1266523,126.8007224,ChIJ2SYvUgfP8jIRWM_dJHvqDAo,Kabupaten Kepulauan Talaud,Sulawesi Utara
Goa Tu'a Molangke Tombiano,"H25F+6X2, Tombiano, Kec. Tojo Bar., Kabupaten Tojo Una-Una, Sulawesi Tengah 94681, Indonesia",4.4,7,Wisata Religi,https://maps.googleapis.com/maps/api/place/photo?maxwidth=800&photoreference=AU_ZVEEnAVCCSTOz1nnczxWSI-h0oTf550KQtz6WJ8dS2GZSjd-Bhawuzc6tWQfZ8Y5_9qie9TTnET7iVWpvRzsNC_d0_qrTJKdoh9DsFP44h_9ZfiWXSZKFmcTTKsShnWzk-dG23ztiN1m5PzhuBJxYAaDJ2EYoNlnqytdzXbd1hfpfd51bLeXPZs8Gn31EcnjvD_M50OSa0f3PzwtYZIQX2BrcrGssC6QvoJeSl5J3IJgydD9_DaY-57CGDfbTE7AV9CF6iPc305t7r5smWcNEu5yez8KwIHERf42QTEaFW__WW8nChhhiWvE7gu30daWp4m9BkwuDK5d0SRFu_VCkzudI5aiO-bdvcip15urXxO1GnPTl0tHgrKOjzUWBZ75Zti5YFhQOySCkBWhfu08Dzu7AkzAmmFn12UoW-pRvCQCbNQ&key=AIzaSyCjh9aj5KcL4_aU4229--ATJhvbcTNPmUk,-1.441978,121.0248904,ChIJJZpNf9cFjy0RbHKf6xu7YaI,Kabupaten Tojo Una-Una,Sulawesi Tengah
Air Terjun Pandakes,"VG73+WJF, Unnamed Road, Paranonge, Kec. Ulubongka, Kabupaten Tojo Una-Una, Sulawesi Tengah 94682, Indonesia",4.4,7,Wisata Alam,https://maps.googleapis.com/maps/api/place/photo?maxwidth=800&photoreference=AU_ZVEHvMVHH4lH7xsaoMW8oWdd9Yj8AnJVutwgmKC1Kti368EtKAzYLSj7vt7ZTiWxqpjdE1gfZB3rTsUjbk6ERHoEsz7-huaUmkPe4IQzz9xu3yxoGC1ZupvlzFB_x3aSXdp5iz8GtJdptBjwn_JJVVumATeboVywOsNL3RJa1EGIIOK_In1VS7U3Qik-vstWeELFzuMf5O1SmR322meXdK7J6QpT6ArbZHGknqgOPUJ9ZlxwSVb5hgjoeocSdxsNcVwfQH9DcIIuoT7IO5YcrrtDU7_vMRGKnPi18Uu3w3l-mG2YDj1vl85F_jPyXnGjewHkAYsOG5W6sjZTYJ_eyr6wcvPBqx_4D6H2DPlsaTiQZl80WAd7xaNdMd3DTQj8y1VNICfM5xVXserWFl2Yzic4nDYCEo4Uhz5bnnKrGoz8yzg_4&key=AIzaSyCjh9aj5KcL4_aU4229--ATJhvbcTNPmUk,-1.1351985,121.5040456,ChIJC7-9GPVRjy0RVMu1YHDX3Jk,Kabupaten Tojo Una-Una,Sulawesi Tengah
Pantai Kacili Surabi,"JVC9+MC, Wosu, Kabupaten Morowali, Sulawesi Tengah, Indonesia",4.4,7,Wisata Alam,https://maps.googleapis.com/maps/api/place/photo?maxwidth=800&photoreference=AU_ZVEHuAeqf5JOTJe_odABniUK-cVKq54QBUuKo13BWfO3rQvPnucyi00pMWy8mKsE-j8z44zr1lc2eQpeMSHPAJpVnPeNFL_5ZOKh_8e6NUNGdWKU2B0KK427Wp_xLdUpjKzSwd9h5hsOxPSKkqkYp1L1YQlXOgdc5tI5MIEI0_9POAxYfgCgeNpXAOQ2G_rE1rQB-oWsdIV8ac5wwpPLQ7ZpGy8syFvcF9revZINHkWYVxWC1PJMaSLsPJpIl1816NVCH1t-eyAP0tC0EOGsIUeVHLBsG1UeshMNWcKoKGPwRTT_ubYScsj_BW-LLKW3hLo6vdPT9Igfddek3EQOJ5e_etl3RbDQlDgJGRrDNnH5DeqLhVY7ulXyAHWRwAPTd0fBPMAR9WGvvx6Rf4o5CULLAVxVnaAXfnZz8SOgf97LAMQ&key=AIzaSyCjh9aj5KcL4_aU4229--ATJhvbcTNPmUk,-2.378297,121.86857,ChIJxbwArpaXmi0R1okg3wN7MQ4,Kabupaten Morowali,Sulawesi Tengah
Wisata Alam Gua Pehabala,"RGCF+G52, Jl. Trans Sulawesi, Solonsa, Kec. Wita Ponda, Kabupaten Morowali, Sulawesi Tengah 94976, Indonesia",4.4,7,Wisata Alam,https://maps.googleapis.com/maps/api/place/photo?maxwidth=800&photoreference=AU_ZVEHQkV-pBmR9pLXmQlkTul5w0lN0C11_ALke_XO9aDTo3HY9MV7ocuTMWCBMkg3PJsUqei4ir_WndrB8xAn9YqXmo1Y3Q0H-ADIsnQHF3Y6q61mKAI35-BCbRA9TJdWwOxahM6UEoKnU6LiLZZ4_0i8Dy_LrnU0r50D9ly3DfaNNlolNEs-ZtDpQqC_UMsiYFWDSk8vVXNjtwZB17N9t3HRsawCjp7FusAet36EQt1SdK5_7-JCQrB-NjcKsx3lQ0_O-cYvJmOT0Hsyq0m5RYPsv1SMhV8v8qRiLvWIJTe5HbBGKs7dy5G9p-UfinIyg1J00Qd64hmm-jqbCt6oVyquzTbzDg0m4jfaWiJIJrygvhDLZrEzUcdXjABh74GBMhKbTtaNlSILN4oR7Fd6U3XAYmphdF5NP4ObVynq7Px1ujA&key=AIzaSyCjh9aj5KcL4_aU4229--ATJhvbcTNPmUk,-2.178733,121.522876,ChIJS-u63MEFkC0RmWEccuilIm8,Kabupaten Morowali,Sulawesi Tengah
Masjid ldii gunung jati kendari,"2HMQ+PQ5, Lorong timur, RT.01/RW.03, Gn. Jati, Kec. Kendari, Kota Kendari, Sulawesi Tenggara 93116, Indonesia",4.4,7,Wisata Alam,https://maps.googleapis.com/maps/api/place/photo?maxwidth=800&photoreference=AU_ZVEG6dRgLNZD0iswn2-h3qe-cM4xcUyweI8Xi-B9odSzU1sXkE3hLYGpVSRQSpvoY9kbEr2GvITeycHpRCBLKxCJF6JCOpxzBz9sGsKu2Tn5QvhXOXekaxdErPLPFPmk3BwHzzdHDodVJ9QcNMEHlZxOg9VwCYLTcewE2c9XTZ6w9qu6SXPoDcpToJsmnF9KG5xJGQMffVJde39fl0acJOF2IrfgT1FpkxZVmIhVc3u8yMlo5WxEQkyNqFuzP7Yv2isViBp2mWcw_OqawjbAHKzjd4X_lPRXSpBhafQ5nR47rFy8runrk7lAzEh-7S7eqMRQZFP3taM-D-WWvJcKGkAgdmyYYVuseDnCF4HXdbX5BP2nVb-gVTtXi0fwdlIS3meXMwZ6VnJKVbC2xOjqmXYonEuxtkOWB2RuQdycimhOyVW5l&key=AIzaSyCjh9aj5KcL4_aU4229--ATJhvbcTNPmUk,-3.9657365,122.5894958,ChIJ2ZZAAm_tmC0RGc9h7PSUW6g,Kota Kendari,Sulawesi Tenggara
BUKIT BUSEL,"9JXH+P9, Masiri, Batauga, Kabupaten Buton, Sulawesi Tenggara, Indonesia",4.4,7,Wisata Alam,https://maps.googleapis.com/maps/api/place/photo?maxwidth=800&photoreference=AU_ZVEEj0jH4QK92p8ctP_l0SXoyLkAt-5AxIJCot18fnAFX_E7khKJ--GtywCyxWCUhy_vzTsVlMCJ0Mj6nVdnPAX4pfYk7lz_R1t6S8izwXoNyHR6DBgizdIolQsLAFKlF-QKm78b_e_gzlL82EaQBOVGuY7p0uvUZulM3PQvqrh-FBDB8_OiwSTz8G4WbFXwnn6tbUG36yCvBtUP9MMZQlrMOoDnF2wC4klUYLJGoYa9EzMG0CrIqeZGWGl5fKWMCK1MUydFlhwJLvfi5AUKcDcVbBKZDCVx4jw3TayPvGTCOM31G-IEJzAVyUkvZ6g-iAedhtVd1FOxfb7sprjr0G8DwdMKX_GXrVv1jShUdN3NeZMffXkhOrJYXKGgNP7VDKR4zIC2mx8kEZVxXz8vBLufugPz6hv9axj6YkDAR-3HKa_61&key=AIzaSyCjh9aj5KcL4_aU4229--ATJhvbcTNPmUk,-5.6006439,122.6284014,ChIJ_WrZjlVtpC0RD9CZUFu-5xg,Kabupaten Buton,Sulawesi Tenggara
Pembuat minyak kelapa mandar,"FX7F+2RG, Jalan Pettaroni, Labuang",4.4,7,Wisata Kota / Landmark,https://maps.googleapis.com/maps/api/place/photo?maxwidth=800&photoreference=AU_ZVEH-N1OkdLQIIU88CO7790ZzW8xAyH-_OVqIABREkb0RqUsrlKqfQsodxdxMDqVOOVxHZTQT4rWViowIDQzDnyxgSbqQOIzVgx3IY5Sfzpdfvl0NoF8P1xoXBnzvfeaQpj_bv06wasUke_qtspmHwZ4SnHxSihyd_qzO3QvZ6DC4K1iC_cYOi7mM-ZqicFAnfGiB_jvZvLhUTDAMRLlXvprZLecDh5zanFV-7eEbnvPW917bJQIBU-xywMhHZh_2XWvZWYfMoBA-BhkNOi8-H97BFf0uP-3QzoICTxyRW23rAtqpiuyPGnRRFHSM4l2CQe48EkiA2v7_PWeGt2TapWXIh4HP0eGpXnYC4Pc0t0Folv6G8qF4dMkmtWoXD21y7_CVS612SepgRHHJJQ7IJwJ3jSlREoHNaqxbTGAAmOyrtBTStolskk7fmv1vUB5QZ5C_cwjf4ezvmqLR49_L4AEloJsIrSMR12o9-dsR402PpAeA0CfiipPoRU6ZCSXIFbXUtMbqnAFx94-eNj9yfJ38VeLohfd-7h2a8RTH8gzjoQ69SrGwkbtsKJsqpZ6zJMrWC4RR9Dhh5miIwY2zcASX3_8XJCmGu11LUkGB19A_EhK7dGTU_vKvOTvOvRLb73Pf3qBw&key=AIzaSyCjh9aj5KcL4_aU4229--ATJhvbcTNPmUk,-3.5374286,118.974586,ChIJRX4aNr-_lC0RYUWmFwobQfw,Kabupaten Majene,Sulawesi Barat
Wisata Pantai leato utara,"G329+24G, Jl. R. Atje Slamet, Leato Utara, Kec. Dumbo Raya, Kota Gorontalo, Gorontalo 96119, Indonesia",4.4,7,Wisata Alam,https://maps.googleapis.com/maps/api/place/photo?maxwidth=800&photoreference=AU_ZVEHVO9ynL9djxj9KRdUd_cXJOQWlK11IPSxhNroZQi4YVqt_y873L1thCrM8aBbrNSmRXKTQWwu-z2fE-TOwizk3_R2V4KFYHuMRiy_58WSywfr7Bsw0kGmigTr_3lU4CSJzVReVv_Fgsy_5SVZkW0gDu66yzvhfMiM4Jz3p7Z109cyuQXjcreRFtFsv7OL55_pIvc8tA56uBkcanoW3ArfmJs5W5XF3IovgWYP6PKJ4DxzW4Y7jJUo3H7pP24Ls8OmO7QNmLl09s8uFXoUJSI2-ZfeKiSZmP5RhFjcF2xFB0PzD0s79USqhHD9h0v3ztL1uxaiombz-edzLYgHUlFsxY5V8ZcK_zHq3HaWpGJ3vG5DFMX-oq-5JFxwCxrdcKsaIuKF-2Wbg40PIRUke_yNOEYz2V6aj72LYXo-Sd_4&key=AIzaSyCjh9aj5KcL4_aU4229--ATJhvbcTNPmUk,0.5000639,123.0678258,ChIJR1uHXdTVeDIRqKz40Z1lJKc,Kota Gorontalo,Gorontalo
Serambi Madinah,"G3M3+PW8, Biawu, Kec. Hulonthalangi, Kota Gorontalo, Gorontalo 96133, Indonesia",4.4,7,Wisata Kota / Landmark,https://maps.googleapis.com/maps/api/place/photo?maxwidth=800&photoreference=AU_ZVEF8KwHLcDBcACq2VZR7mrSxmekPFmiccR9iboVjGtv3nDSu4gVp2kaUB7I9OoZl1MyROWTibNLeMf2UX1cPajpaft5LDupfr7YwoKxm7Btpz2muym5vWt8ZqTMfv0f3D8rvdSKvstzNarGlMnYkG6fOnCaeDqXkEVravcYf4KiS8CJpDyQbggjCURqhOjNbRVr0mG6LQw3FlYn4m6142hMiPy8SeDLpejTMFk2sZJ8nRkaKaOggvNBozX9Qd7UoDgwRutMhkFOKCQE9a81G0UZ7XhgRoS6stFYxRJhSX5iG5JMcEmvdv5Dkojwuu8QkHz0GFskiOJvuKnJmKcheQdgupXoW-uHpxeROE_vNlUrjEkVEfy4snzq3aSwf8NhucL-QVBifYVW1JeUdvc_JEAVNvGWPhkYOw7XYBGSrKjs&key=AIzaSyCjh9aj5KcL4_aU4229--ATJhvbcTNPmUk,0.534296,123.0548271,ChIJYQZHXuAqeTIRYEUqjKcinBk,Kota Gorontalo,Gorontalo
Air terjun Batu Kapal,"JM7P+74, Wonggarasi Tim., Kec. Wanggarasi, Kabupaten Pohuwato, Gorontalo, Indonesia",4.4,7,Wisata Alam,https://maps.googleapis.com/maps/api/place/photo?maxwidth=800&photoreference=AU_ZVEHLC7EP-1kp89RZbl3BX43vO0HvK8TyK-shSs2rvcgLutX_1ihoqpWrojNnye1f5c7L-YzLrmukgqOh-Ce6daryhq5wYtTijn1v-icZR1kfJhwGcXq1GRZnt7DjZsW2pR3lAKQZZt9GnJGTFnencgbl7LjgtVVPkzWAzrI2zoWEjOs273tyUA8vZLyQ9u4C61ZvLuid818ICk5Irf2AXlmytNamYiPec-OiynCu-HldztntzQqeyzv_-rS0WasS_zdIv8N7nkPuXVRvVuMU5TUw8sJaPn-NlWlSHyRRlW4GAbCaZ7ZTwLWPcPk0vi-USO45WmW-2gPM6rifdDLy87I2xubY-nY7Xb15gcK6NWpCkk1AZ9GbEUoX_2oqRq6gWkT0LEGVldOz-QZdOEstnKqh6jtiRc1JmbNcm_bntzp8O1E&key=AIzaSyCjh9aj5KcL4_aU4229--ATJhvbcTNPmUk,0.6131443,121.6853334,ChIJ_zoVA03XeTIRm87MNpNbZ4E,Kabupaten Pohuwato,Gorontalo
BUKIT KEMBAR,"HH2R+46X, Lemito Utara, Kec. Lemito, Kabupaten Pohuwato, Gorontalo 96468, Indonesia",4.4,7,Wisata Alam,https://maps.googleapis.com/maps/api/place/photo?maxwidth=800&photoreference=AU_ZVEFmeGwJG2tW47s9vLVQLGPVRiqd7FPRiqdaVqMTSQvapid3PE-bnW0ywosTWhHp7Y-20pMfxbq07ZYoKGI66cT7xZJ8jSASwtY7L-3nNUMyPtPqlQj2MYAjEI_WK7xKDC-pXoZg73cZ20DZdt7-RW1sDDuz25_cGyz2GFlJZlPyQHwJOGDAimC1vh34tXAnrpXZxmzaynmCGbX22eHbfBmtzMzM3f6KUJsWUJTQjmGQjEO8tVeSHJ8CgOSou3yD7TKHHIqlgDDtmBp7_HutPZEr0Lhe9R4yBnwZ6xVDHcbmbCpZet2rcWyDRxlInKQopx9GaXuzyVkkFJRTdi21B7xjwkwSU0aw6ifRfmuc6SEvBaajeSHlWv1Zd9gjR8SkdKFqZASdvIs_yHaMqB-U0YbVOez3TcVhpRlHdLvo2m4KbQ&key=AIzaSyCjh9aj5KcL4_aU4229--ATJhvbcTNPmUk,0.5503566999999999,121.5906095,ChIJI6TSD1F-dzIRQQi1OcYO1J0,Kabupaten Pohuwato,Gorontalo
Wisata Alam Tombalan Desa Komara,"JH2C+V3, Ko'mara, Kec. Polombangkeng Utara, Kabupaten Takalar, Sulawesi Selatan, Indonesia",4.3,7,Wisata Religi,https://maps.googleapis.com/maps/api/place/photo?maxwidth=800&photoreference=AU_ZVEHfX64RKNM96MaC7ysGNsrbS24ergbTWSQlWsgyzJKxSZ4NFMv3yO5tQE0SD4AFkoXY-8vlhmFQR_SEUJcUag8CFC84N0LtKn4Mqgz3J8hSi34liiURE9eMiiiV_BzQU0Wz7105ejokvEfQwq28ISVppqL70EWBx6UH2pYYBYb_fhX5MrniptURZq_G2stV5_QyXx_GUAcGf9H1jOPN4e9UJmVZAiDTo4WSExGD0GRkn0CDQWeGbj1FEzxMZ9P2PuvUyUb_TQdZ-7Fq6zo8NUPhv-DDEY360yV9eijvNfg2q-cq5zmdfCxRXfnhfLl2nm-J5hLGay6DFT4WoQEfV_5RJ2ejHgxfAFHTLTf3ddaVBNB0BNYthjFq2HgMZhUyVT1xDoyoYqxFTykDXEuutjm4dcjCsVjaBdAjYRV9Qs4&key=AIzaSyCjh9aj5KcL4_aU4229--ATJhvbcTNPmUk,-5.397772000000001,119.570136,ChIJ061kwP_bvi0RGLwfzDK0-e0,Kabupaten Takalar,Sulawesi Selatan
Air Terjun Nepo,"RM9R+3F7, Nepo, Kec. Mallusetasi, Kabupaten Barru, Sulawesi Selatan 90753, Indonesia",4.3,7,Wisata Alam,https://maps.googleapis.com/maps/api/place/photo?maxwidth=800&photoreference=AU_ZVEFKWUW6qwDVVwjdCskmQoJEqQv9Bqf2_8u07-1QQFl9n_t-rAStq6cOZ9J28GRSag8Hi6Qgm0O2H8BnU7lfxI56iHk1yhDOhMb6CY9WMi2GgLEn6EyjsMG-Ds5ntmY44CSUynCbkWthQE79ZVvnxUl_L5h6grxD2mYN-ukUQQ9loeQIpL-x0k7QXRqhcD91jQRN7njyV8g60Fg7uXjMEMh-2L5pqhmWYloi_0-YOTn3eLAPbOqpenejV8VqTZxEVU12Yzp4NI-_btGpz-WEfyXl48IgeWi3W4uC3pK3BSYTyDrxn6q4tC8FtjNugJM2X52cWD4bhpb_xtYHIv6ZDfhouCXQEJJ1adaB_1pxMyQ9thEgPcLOKrnhVfOzwuLmqGk6KzTnBB-7P4zF9uqUEdSa23dfpiGu5aSyZBUg62g&key=AIzaSyCjh9aj5KcL4_aU4229--ATJhvbcTNPmUk,-4.1823274,119.691176,ChIJKU4dbn-RlS0RhO_vvDzVT8I,Kabupaten Barru,Sulawesi Selatan
Wisata Buntu Dengen Kambo,"Kambo, Kota Palopo",4.3,7,Wisata Kota / Landmark,https://maps.googleapis.com/maps/api/place/photo?maxwidth=800&photoreference=AU_ZVEE7hXOWvxPRKu3KQA4XK0AJXtq95qoFv9va6R8svNZ3-YphD7ifIT5zHawV_olwRTsTXWC3HT63Y0Q2kXAXNmZvyT53TSJiIQ7zVgPhY2PqyWaboI2CBnKOzstzb2HjtNcq6W2DXtRJWNqISwDM8xBqVb1YheMGknTdSfyEAFL4VcGgrFNrYPjXs-2NzU9UFFqcsOE10X9ebGQenQtJEOb594xTupbaPQIl5HP_e28xHwLzC8FwOen7U-v5IzwwpeItkva7MpdpL_tBgYfF2FFy9JBUGWDMRNtzcyvA38pmSa8xqG5ctOXOfxF2JQsKEUDbxom7j8-OVg2SZ_y0KlUkwqTPcwI1b75o8ROPuM0VvYxuOmzrPkHW4kLwfeanzNwGNHhfE0qHa-IapeWCE28Rys70fISoagLwLHqJV70qF4_F1pRjhKv3_U0mufTKU2t-Mh8ev8XLeJ4fflSyRpPwihTWyULgI9HFTL3iva1rx8sd31m7qQs6L3z9ePY2XYZcPJjsi36nrdzLv-apuMFMnjGRQgW7S6PudBy9uH1NRejQJrPSRNf0pNxp5ifCty5fmuoYp5w8Nc2Nrrd0ODpelVzjow&key=AIzaSyCjh9aj5KcL4_aU4229--ATJhvbcTNPmUk,-3.0031017,120.1448361,ChIJWfUnhTrhky0RjKWuWndsQ4E,Kota Palopo,Sulawesi Selatan
BUKIT DOA MERAS,"HR6J+PJ9, Jl. Raya Meras, Meras, Kec. Bunaken, Kota Manado, Sulawesi Utara, Indonesia",4.3,7,Wisata Alam,https://maps.googleapis.com/maps/api/place/photo?maxwidth=800&photoreference=AU_ZVEHqzgvVeuE4xA3wtZA2EFwicqt1oM8nO57RD5jkhtA7pXJBlaKj0xuJYNHDPTzAemrHDu_R-JWSCdn8W4J4lPjguBrNvzYwuBKxCp4C0Sm-3iFfGiJuYUEusIjUDo27LSkwObsmzjSipjPMaMup5ee13DpLE2daYns3IqBlJb4InJ_pPaetYgl0LJHzyKmfmfMf1wiwxohV2d34H1MfkeHIMU2byfFmDUpoaBwHfxen7MiZRrKP_IT7LdvgUBcOoaH4Vhj7Fa9mmpn7JMy5Uur2SVN2DQnlNkAqnf3QLG3FtsXhYAf_LHbqg9akqmQ0Qf9bAJAHdAdIMpVLyhOPs7GaAGXf_WwetuP4kX6TkI_zeWC6TkZIeEzfkRX_LVbqmwXTDwbDdXJpzSsNywyRBVcWRC86jyhQUEMmZnozyMgJXs14s5AuBjnXbaEKLqEf&key=AIzaSyCjh9aj5KcL4_aU4229--ATJhvbcTNPmUk,1.5617816,124.8315968,ChIJYymOxBqfhzIRINEsvnfItUk,Kota Manado,Sulawesi Utara
Saliran Beach,"Moronge II, Kec. Moronge, Kabupaten Kepulauan Talaud, Sulawesi Utara, Indonesia",4.3,7,Wisata Alam,https://maps.googleapis.com/maps/api/place/photo?maxwidth=800&photoreference=AU_ZVEGf2fnif8n1DW4pXV5UQIuR7qIrDzh0QgDc5rHq8h7kVq7MPID8uijUbQl73qfhVLJgIdnOWdHGNxFsihA7PiAcndosbrdOQTi7IFso469LutFEN1nOdZ06BuuPEkgK-qN1ZtOL7HXE3hINKg7p0PlFmxQtoFIqE4gTlwZDQxR4N24KoMnDbKYYrN05lQ53A9YYdQXsQDIqNl29lP_YjtQfP92RPB08jUFjakitovOtEJ16Y_C9f72hBMYK43DmjUxPTqjM6yYaMCZ6beY3vWT3q7CmQm9mBxvxvUXBhdmWeA&key=AIzaSyCjh9aj5KcL4_aU4229--ATJhvbcTNPmUk,3.9042007,126.7208566,ChIJfXUelhUljTIRzN4ixgM6RGk,Kabupaten Kepulauan Talaud,Sulawesi Utara
Air Terjun Pangasintoli,"6PQH+9VQ, Lumbudolo, Kec. Banawa Tengah, Kabupaten Donggala, Sulawesi Tengah 94351, Indonesia",4.3,7,Wisata Alam,https://maps.googleapis.com/maps/api/place/photo?maxwidth=800&photoreference=AU_ZVEEjbi9BuLOdT0dwm3vGaXP4njfBzpKMBpgbcsdAJwR4E4ySby8J58wT5DnRCbwUgy0GDrRFhKbBc6wepPIunKLYM08FJRMVWECFlBr3CuoTkDLi5WnxlUMJAXZHwJ8Ndua_DsbF0o4fU-WlA7L4SPUzFn2XcUjGcPNgmUoqAO1LIn7fiS-Uk29mfHK3htGWjdCSC_Jr0M9_NeXpgbWJXxCb6f_NvkeN-CpvdCDgeO4i1QIoH2HLGYSKRzh8rqcKnw2d8S4ZaCy_GCi6Y6xv45bfC7U_UJyKyyMKi6ohmc53svAZWVMfhLHOuCmrbJ6CimpFpfiQGOPAEa4cXqVJuzxu7JUvn3PP__sb1ewksqsLKVOyucrm4B9cUWQvcbNX7zP5YyUhmUTEK2r5-ZHoKyu7vxXIYZqJnrCExzDr6fzgTwQI&key=AIzaSyCjh9aj5KcL4_aU4229--ATJhvbcTNPmUk,-0.7615274999999999,119.7297385,ChIJd3cx1hK_iy0Ry3tPtHrxsdg,Kabupaten Donggala,Sulawesi Tengah
Wisata Pantai Bahumbelu,"RM8M+6RV, Umbele, Kec. Bumi Raya, Kabupaten Morowali, Sulawesi Tengah, Indonesia",4.3,7,Wisata Alam,https://maps.googleapis.com/maps/api/place/photo?maxwidth=800&photoreference=AU_ZVEEOPOtVKKTYM-cKigcTspZvPmrjgOJ_4d607IkX3TJqURcymN9QphMSAKG2umzGAtg0Y5kesbYGo7ZphQCx6Uz3zvJQc5yrhMmKFyFW2twDn7dBxeb4jp0GOpxtnGCrOx-4pNypSWjgBIz8_b2b8P3NuHk2wVwTkZXau18hhVnOOy4PTWRP5ez_i6rOxdWE3M2PI69DjBbkZh9sZ-xH_NBdvUz9sA-JwtdUFuaZlk5PMQ4xS1b47l8ljIYabkiH3cAYBCn0afdmq0fcGQe4UuUfToAviAWXaHrljB8Y0Dpl_5n4YubiYzXLWIGrsCx7u1JFxBr3-GdPJfjLPocqb6SH9lNheBgRdte7vFMjQ5VFcycLLVxfwEssScGZGtv3FjZehfwMwGoe8Gi5wqdbvBol2Tl3FYDA2_Nwg9Mr8Ec-Wow1&key=AIzaSyCjh9aj5KcL4_aU4229--ATJhvbcTNPmUk,-2.1843807,121.6845435,ChIJtUTeN9-pmi0R9ZStfz39CMI,Kabupaten Morowali,Sulawesi Tengah
Pantai bobolio,"Q2W5+J87, Jl. Sawaea, Bobolio, Kec. Wawonii Sel., Konawe Kepulauan, Sulawesi Tenggara 93393, Indonesia",4.3,7,Wisata Alam,https://maps.googleapis.com/maps/api/place/photo?maxwidth=800&photoreference=AU_ZVEHN1V5fRBAwhVWLFQ-OhtlZn9xOskbxTZVfJ8xbUUgC3qqjhn-j_RymvbHI2S4PlVsXsQ-273khZtdHwii12vHGhsRdmeCK7hh_Vw6PVW9uNkbLbZ8Q-YG1vMDFSItHUK-ZoDLkm22M4BeNIf18l452s1EO6Q_SrCoHCI2smi-ObYiMaKLfY2uOzVm31ff6R8-3VbcU2CHTMMN-v4DfznqmWbaE-sfwLSloT3jX9LZhUapP83uc3XO9iVJj2URRrAhmqlBILn3qSxg_-25U2QIWV4iMJLScnIHHIXUO28x4ZqjrBq-qylv2HiNBvzsUMSl-xdP_0hyAQhodDCudj0f6wkoX4V4GwwH-ibhpBld0JFP2Nux_vr7BLLNt7XscNAvF7FyL8MR9-T_SDSUC0ogEzfYwmKpzYEnFkwPKwVCEhw3F&key=AIzaSyCjh9aj5KcL4_aU4229--ATJhvbcTNPmUk,-4.2034652,123.0082881,ChIJNxoiRq2rmC0RcG1l5bMyyo8,Kabupaten Konawe,Sulawesi Tenggara
PUNCAK BAYY,"WJQF+H84, Unnamed Road, Balandete, Kec. Kolaka, Kabupaten Kolaka, Sulawesi Tenggara 93561, Indonesia",4.3,7,Wisata Kota / Landmark,https://maps.googleapis.com/maps/api/place/photo?maxwidth=800&photoreference=AU_ZVEF3wrkV390DBXYmqIQzdXx1SVZBKB3LwqZDLI9-_FIRqit3puF3cwuuN9nUp6r_rvruriRXt2GbFNYRDxNOmXvPACwy6OMKKjJuWj_94ddwUkqidqhqFii8TAx3N_xB1G8vTUjufWpKe1BpmoYsyhQL5agSuZhILLcBxTuL84lgal0mJPPh6WMSn1W1SsE6hb9NhP7cjGZDQYz6O2tDquezlfL1V-HvZmr3X7P1yrcfcThFtbfoyJTr2PPZTllNcO9a36B3TZw826o3-3vS6U4a-hAeK0a19bd1Z1j_hKSRqkVc4gS0fefVEZhxWhkuZLMdObwV5aUJzZlO994d1wxE9xhw66xKwnP1CanfRRt5IBJr02d1Lj1vemqMgMREELy9eYqFtpULfQHnaiWn4fcsv9wIz8Bq3Idv3PEWqac&key=AIzaSyCjh9aj5KcL4_aU4229--ATJhvbcTNPmUk,-4.061118899999999,121.623314,ChIJlSPrAJH1ly0RTcVIVTaB6iA,Kabupaten Kolaka,Sulawesi Tenggara
Destinasi wisata Pemandian alam Telaga biru,"7MXQ+F7C, Tete Haka, Kec. Tontonunu, Kabupaten Bombana, Sulawesi Tenggara, Indonesia",4.3,7,Wisata Kota / Landmark,https://maps.googleapis.com/maps/api/place/photo?maxwidth=800&photoreference=AU_ZVEFbdSZhFOgPSfI4LglU8aYCoBiz_YXn52BFt14AeEi75C18YA7WJJMZZ9Poj4zgRiYK4J6SnPSvZux1QmlQsu5vDOf-a5PmdZypk0TnBN42SqQsDbCDkcdl4kC424rkul6e2QyhLTIJL8HZdnJ-d8eUZBRVIT1PVx78BAjS9C0RzL_AuzIqIfg1PqpSeFUnyEd52GiUNFN0Hua9kpe2OhLs4Y3TKMutAsJPo1Hya7_Erc0aZt6iMdCp1zL0JrFpiP-4Flmdr3cNeg-6OMW65m8Qb11Yym0HXENcEO1rMTFTmcF7k4siZkeVK1BbIeAPMLvAEqh9T2gC25awZNPKqq0xe-tksLEssP-9yXha0GddFgocgsnG3cJCerlDQxkO6mpR_DlVYpbBkPf9KZ60n5daSWhz7gM2piUeC1HXZsHGcCcK3nneQZKKZLhNxxjw&key=AIzaSyCjh9aj5KcL4_aU4229--ATJhvbcTNPmUk,-4.7013085,121.6881279,ChIJkY4RNADNoi0Rd3Z2noPC4rk,Kabupaten Bombana,Sulawesi Tenggara
Pantai Ambabe,"Babana, Kec. Budong-Budong, Kabupaten Mamuju Tengah, Sulawesi Barat 91563, Indonesia",4.3,7,Wisata Alam,https://maps.googleapis.com/maps/api/place/photo?maxwidth=800&photoreference=AU_ZVEGvTSxVlirODw0z8TC8wJgdAmG5-YYJl_Fy3en8d9pO57UYFEqX1vbdEUcUj8dtTVrrZiMDWcCIvw8jisyufBI6md4WkD_k0HLRbOcUgI-bjFI_GRb4U8d6VDkBxaNPdrCrRBqNMCfpbB_VafGZ-7oBFC2sI3HFwpm5ct_ijZ0Lvm9UBwaEP5Lc6_8kHmdyqIosCmGcSoMdwjR3BoJ0IxK_sGKOBZbG-fGlcGZ0gmdZ-AEcfn8wBza43RP02mN_uxXtr1k5iFxHH03vL3LwvGvbh545Y_IhHcVUu4xgJiEaAw&key=AIzaSyCjh9aj5KcL4_aU4229--ATJhvbcTNPmUk,-2.0675956,119.2017963,ChIJxWwIOGlljS0RaRV2RCnmY3Y,Kabupaten Mamuju Tengah,Sulawesi Barat
Kolam pattirotiroang,"M2J6+5VX, Bonto Tengnga, Kec. Sinjai Borong, Kabupaten Sinjai, Sulawesi Selatan 92662, Indonesia",4.1,7,Wisata Kota / Landmark,https://maps.googleapis.com/maps/api/place/photo?maxwidth=800&photoreference=AU_ZVEH4ZmX0NRpTfb-v2et_qJnIZVLzKDnVc0tRJcVCKwtM0Sp7UOikqCcwo_ZmDubqyhY8Gma20Xt-2l_V5CRWQbEymIPGZuQifwrgIqeTNTvsfiYUKVkSmjybAZCosy4ZskVFU6EgPO6qRj87l8Ulr5nzx-TC-DEdDHG_8HTT-V7S9iZpmyOEMshK_3VLigWtvSxjPcgISKiz-h-Dz8Fgun7WnJM24c3iXUkQmoUEbai54t6te5oO93vwb0W5JTChhpc8XmFRXP5L0tBpKChZiBrzmUI-lRHp2_2zY7c6SN-HUYOe05Ub9l85GFtCaL0ajHG3qU73lB16V5KRrlSISwtjL-NIwVnnyOYvG6XTV90Q9iWyM09u6Q_esv7hpUgEHGocQxhZoOOl51cstK4R4DEty-zBqQ7PM4-LNja_gh-pgrE&key=AIzaSyCjh9aj5KcL4_aU4229--ATJhvbcTNPmUk,-5.3195109,120.0122278,ChIJjT4Btnujvi0RVCMu5Y-Cc2s,Kabupaten Sinjai,Sulawesi Selatan
Taman Wisata Karangria,"GR6V+PMJ, Bitung Karangria, Kota Manado",4.1,7,Wisata Kota / Landmark,https://maps.googleapis.com/maps/api/place/photo?maxwidth=800&photoreference=AU_ZVEHBp22CgW4YAaZBE3o7pmqGSAmavETnzHE7L1yklFJO75V1W-v9wt9FYJH0mm6XOoOh-JoAVaxffFYwd0wiM-4uHMTEVr4Pl0rnqwQyPpPWueEEYfrvazhzH9abSI-SR0U0ruA1vVPAeqyRSukn2lkLOGnWMumYlb4ll8p8Jfvh_OltxRHErJ-_L4ZTRSRBeLo-BjdSCe805A3lmI7Ow-osiu08l724h7TcrjmI3eHSLaDZRKyPNP7grvq3SEhezk_c_gXNbabULFZWTvk25Qflc7Exset436PfY5xKPtc-1a7IUq2JaPijzNlAaRsPLhTzlomKPfhaUQ2wx2pzNNwTsLTuBflGyKjdcgPgXckPykwDR_NgV9nfv-pAShNrgpGZhGHuZTjkZl-Fimf3088zzgD6TcoRI-fTeD25gQXQC8DqGDHGsC3ZwT3rdehdSySGNJ2kFslYed8LNEyyCLUKFJgi0cpJN4NFIBf4oYt30NiVYqethxVYWCBTF47nQXq7FAGrrkRqbOIhwutexv0_SZ57CmUDnoIKvwWi5uXkVz3munOLATEC6tCO4H1vW7x-vg&key=AIzaSyCjh9aj5KcL4_aU4229--ATJhvbcTNPmUk,1.5114573,124.8437663,ChIJD20WLgCfhzIR_Z8MdZJY7k0,Kota Manado,Sulawesi Utara
Otalojin (Batu jin),"W476+H9F, Kota Jin, Kec. Atinggola, Kabupaten Gorontalo Utara, Gorontalo 96253, Indonesia",4.1,7,Wisata Alam,https://maps.googleapis.com/maps/api/place/photo?maxwidth=800&photoreference=AU_ZVEHylGjpceYiLTnrPwjXwc7IXgiGZERyfFDxpTprVJQt36WIZnOi7MirkVqU4cZTDKbHd7FMNAuW8Cf0x5kM5bUqMDnuB5PprdyQuQXswH2Kn9Byf1LZpgFxooZ0mel3NGuyc_EQ12YWc3XCyWOmn26A0eVYX4ubrNQmPgfKXMtsN2Nzy-FY6BLh9pZgRa5wjwRMcIENO5osp4V7rblezHvRa82d3d8_-4V2bFhHXGniutXg_DKmLDXs175ml8fbcHmOduZ9mHvuhwUcjGCQvU0k_gl-JZWt0nTVey-9Y7mA1j1gW5sWP0vf5Uk8JY8U317R0t4dw9pTvtx9oPc7kXkVQwi8GP4lAYn5K0DIMkfKokFce7zAqyqgGRdledlZFEZpWH0DSmiKXMe2eYH7tUcsQuY1ibf0S0hTgLazTqk&key=AIzaSyCjh9aj5KcL4_aU4229--ATJhvbcTNPmUk,0.9139464,123.1109329,ChIJkSAG2G2tfjIRVREH0sqj-dg,Kabupaten Gorontalo Utara,Gorontalo
Pemandian Lomboan (Nonulo Bahari),"Lomboan, Gansal, Kec. Tinangkung Sel., Kabupaten Banggai Kepulauan, Sulawesi Tengah 94885, Indonesia",4.1,7,Wisata Alam,https://maps.googleapis.com/maps/api/place/photo?maxwidth=800&photoreference=AU_ZVEGXGd08CjlsPZAeNj4jmteQo-z-U3fPsqVJ-YswjDl9Lp0hNezo52lmAOVh9_JK_bS7xmYPPrz-bBiXI_Z7ozTLMMx271KjisYqp8UPq09QdC7SALWq9mesQMjywPngFWHFZ28mKQnwAxtQjvepW0hT74GBa2cwqMSP96DvUuoC4ILAPPR_ikAugl4JsZcayX_nfoG7GwyiqBQFifexjzFo0Cl0hTRDVPKYRkPNbLxw90EIdjOaqu2gThl469LymjXK_8oUqFiQaaToU3X6BOBKX0C8Hm3yLH0DWUS3hAOSDxRv2lCLm5C6TH_QkpTR2aQMULrVKyrTLzlImc-gd3tUy9yQFsdcJNRXR94zY_47U5i8McqFEmKfmh33XMftNBFBHcaSm5nTdci71z9fkOnRu9jtCpzL4WQJlZNY3ovkbA&key=AIzaSyCjh9aj5KcL4_aU4229--ATJhvbcTNPmUk,-1.4168606,123.3233068,ChIJz_qYGhObgy0RMct5llcpMoc,Kabupaten Banggai Kepulauan,Sulawesi Tengah
PANTAI BONDU BONDU,"PVHP+QFG, Tue Tue, Laonti, Kabupaten Konawe Selatan, Sulawesi Tenggara 93892, Indonesia",4.1,7,Wisata Alam,https://maps.googleapis.com/maps/api/place/photo?maxwidth=800&photoreference=AU_ZVEHH6yvgC6dA8XLVH5rJAwbb0iOV3xCwRvA3_sP0pT6GC7dXhLhKiikwBqxrx1QvXyvqQGfohLzLQFtp7QS-MPdauE1Vp1RX99YWGLw1a-qff7hEF1lePaix3btV-FJN0G-PRoYmAd5WcrfHponfeEonAO2UGe2e13m3bqCc6znpjnWTcSvsiuuUOVRWFg-OFeV6MHI0RKkbhQ62w1ZuE4-1xfLCRVMoav9jxl7fv_c_BjeFo8OryjckpCXTB0RPkveOV8Mq2ezhDgbuW8507l9kXbqGph4uXlkRFHZMdjaX_Iil7pPJ2KVp7u7zOWkppo0SlUpik5T2AZQscFa0UZbs3h2jp1r33V0Df15Xk5Mi4YBbG2X3EOPOgGFK0frtbXRcN-pFLuTa0GWf2bd1IgYvhZBEhoHNV6Dh-WmFUwR_H-A&key=AIzaSyCjh9aj5KcL4_aU4229--ATJhvbcTNPmUk,-4.270574799999999,122.8861966,ChIJHSbcRm0Ioi0RFSsTIaa4P4c,Kabupaten Konawe Selatan,Sulawesi Tenggara
Pantai naina desa waturai,"R58P+FR, Waturai, Konawe Kepulauan, Sulawesi Tenggara, Indonesia",4.1,7,Wisata Alam,https://maps.googleapis.com/maps/api/place/photo?maxwidth=800&photoreference=AU_ZVEHlH7k8xe7hJYkbCAqWX2Koo3t7i7_bNQvgJRAqFhLN3bztHy4rkJ-q0OfO9cwNb0n5UgHSYR9W1Q207EZ668w2M2vnlVDgE6d001G2Sryatr8F-83eMT548vaHEfkOq3FzeOlW2rr9N0Jwsg5CbjeuH1RBCx_v-EUWvDR2UMLpl8h2DHw8aHKEX3rzzQfJAklk6mx0GosmzN7NqNk0qHMRtCCGes1ky6P06e3llMsl43S08OgJUgFvBS-JBBuyzQJW3597zoknSslp4oHCMOCrApubv-YejQw853odaXBlACNVr_ccN6uJ9oyDGnnqP67aSV12ZW5hWBh1y57g82SBCijcUiZR44h6XtX2WCGBc-zABzKm-j5wJKquGenCAKM9zuhyjBRR8D4Y0_CR2Iyx-T1e8XSCS4iVmMdA7q5RIA&key=AIzaSyCjh9aj5KcL4_aU4229--ATJhvbcTNPmUk,-4.1838125,123.1870625,ChIJOyYuJABXny0RxuzM7e0CUTM,Kabupaten Konawe,Sulawesi Tenggara
Buttu Pamboang,"Buttu Pamboang, Bababulo, Kec. Pamboang, Kabupaten Majene, Sulawesi Barat, Indonesia",4.1,7,Wisata Alam,https://maps.googleapis.com/maps/api/place/photo?maxwidth=800&photoreference=AU_ZVEHst3iTqtqILSRUIiA0jmd_fMYwcrExfY371micIijylBXcVqITd9wRzEyemruaaTCCr0bYUUvAt_RgKPiMIzB6OON71Fbtm5u8D3F9Pwycgf845wCFWhj96Qmjrq4vpGJBzFo7ElWGuac90nuIzVSfzBpZLfq8ZEKOj8RCNEGr3HNBXK8m7J1cNL741npIJP3qqPayXeijkxkte-h_0baXt0YcjFITpGHsOxEiLNnvQ2kLgxfXNic37ZNBmMgRvH1IMsha8kxNySKYetbRql-KOx2oGziDoRLVvprEUrgdafgRVHdqiYzwwsIp_JouWeTTQXJxMQeO1bldzBkKoovwlMsWsw0vpYbdJ9mGyBMOaxl6heM7n6tJEVeay3VAY1twyFkZiedi9lH6E8CxdzoO6mwo3sUePYZyEhfmV6e7YQ&key=AIzaSyCjh9aj5KcL4_aU4229--ATJhvbcTNPmUk,-3.5072222,118.9122222,ChIJ0d3Yh3O5lC0RO5ldu6JLKWw,Kabupaten Majene,Sulawesi Barat
Bukit Safari Luwu Timur,"Puncak Indah, Kec. Malili, Kabupaten Luwu Timur, Sulawesi Selatan 92936, Indonesia",4.0,7,Wisata Alam,https://maps.googleapis.com/maps/api/place/photo?maxwidth=800&photoreference=AU_ZVEEHi28ejG64CFPhHkMpa2oWJLTPeCuCRcAhRl7LrEoID_xEVTHlajz7CN6j2ayAxgd6wUsWQm9n8AYroicY18THF4fqanVvElr41fo0Z7t0I98ZfhPalrMacOlCXx8dLYhbCRwvlQGMmf0-GXZw81tGylkQPoUINv_Eiffl2YXbCPr1d4lFfRmyYlYG14CNHIFL8fWf6kJSNVn3Qr-6NXZe1Q7Fi3bF4Nz0_2hiQZ9m2ulwTj76pzYTMTduLXqKj_yTXrEMGuDNrn_6UZJvFzJYvJVSlLT74LOEgs9M-4jWnK7vvvfSAbmHL7qXBRLLx69_CBhsPCtx9eh2M5g9fh_-TxL-Q88Fnmd9w3cB0NLfRt70b_TjISdwFrOYPQ8cPqb3J8ggmOh8BTuNzuednl9pEtuTIVgKc15klJJBOvgsIQ&key=AIzaSyCjh9aj5KcL4_aU4229--ATJhvbcTNPmUk,-2.6166343,121.1354125,ChIJmXCp-tBZkC0RG5UR8MDLMyo,Kabupaten Luwu Timur,Sulawesi Selatan
Wisata Bukit Asam sibedi,"2V72+42W, Sibedi, Kabupaten Sigi",4.0,7,Wisata Alam,https://maps.googleapis.com/maps/api/place/photo?maxwidth=800&photoreference=AU_ZVEFHQJ10ln8pMOMwOpueCnVCaWCULNdnju8fQU6A7ON8tX1HWk3zZWSCSkHkJi9CF4onkYEBQLs370dHD5vL82Ru9Snzgv8d_oC65PxZVuaeM75Dz7U53vym9BceYaxdrELnFtSxl4Ur7QBOiK4VF0ykBIchuEh5ZqUTYDg4sWaTClQqtEX-oxAyJYVXWkd718zCH_C3qzA4TjTwcU1AID2PExZQNWvdbq8dD6-37_q--jOBGQB5oo9CtfxUEsz9ydTMknoBaoiJOzzRO3OmYdHFPMG_L-cOfDdRIpTRBbg5Z4OHYOwabq72RYhhxXMVdMYhU3eLi44VvmBCKvBhaqa33c-EbQgOT1uXyA5ekYELB0mZX-D2b6c6Z4EYXIIgg4YxQIqmE7FBFOuqbes_6SsSXzYhvLf6_eiBKFCG52sKxOQwVxI5z5af6ssIXlwNcQz4eIhsN4pSnkSz2MKhwYCiV0aDR0he61TXdoQMhKxqbkWYofoW_kQPfX6tQnV-TSiGt319-HS47fmWpwVdVlbhtJkW5OD21hSuv0oNB_Zcb7VTYOrTrk8_2aXLDKa4N4jZ5w&key=AIzaSyCjh9aj5KcL4_aU4229--ATJhvbcTNPmUk,-0.9871352999999998,119.85008,ChIJH_lvXj71iy0Rr5yLjWhwuj4,Kabupaten Sigi,Sulawesi Tengah
Pantai Ombuo,"Pantai Ombuo, Nyiur Hijau, Bulawa, Bone Bolango Regency, Gorontalo, Indonesia",4.0,7,Wisata Alam,https://maps.googleapis.com/maps/api/place/photo?maxwidth=800&photoreference=AU_ZVEE8puqZdx99gv4PufPcka9JbGhNhuDIM7Gk65uZva8RZ-KyRqN1-ZPpWCRqJyZj1UoEr2i0VtS3VS7e6LHXsf-YHz_ujXH5oL1y1V-0Fb_sWurU--CXjS8k8z2Lcp_Fkuz5e0zDuSgDnEBl1N3z7BhlTVhBYgTQRLfjNoNsZpz_ky_bZeHWnDJUvo_DCxSeYC9sdU_ZLesJQIFORIHwZ7_y5GxMi7eso9R7OnwsvHPzTy76aviV7qzpUTEvvI3PjWJCptgoXhvKGdhU_AWrOEDaUcCJMeyNQXSEyfQX1cZUm4lP-58MvIdlQyWG8izbqcEHZZyt6E8dhJqnWR_vosJifPRq7CG_j80rn-GP5CbhIbpDoJWQkGZPbGbYaIh8PT5a2Dw8aCPY6fwO5RD7UdmeuSEmOoINIPny60QZcamFdCo&key=AIzaSyCjh9aj5KcL4_aU4229--ATJhvbcTNPmUk,0.3354127,123.2533468,ChIJtV8zgpwwfzIRPE-O-JGnl0w,Kabupaten Bone Bolango,Gorontalo
A.M.R Shop,"Jalan Maccini Raya Blok A 7, Pondok Indah",3.9,7,Wisata Kota / Landmark,https://maps.googleapis.com/maps/api/place/photo?maxwidth=800&photoreference=AU_ZVEEufs4KhGZriWr24J0cYqh6dAYWCdnN3G2BYBYFvUBJ2NAAtOiYcNxLYxTfE5DO6hO9GvTqdYvaoz_S7V0_x2L1O8U-a7iMIOaVJtRjiY9BV51_Bp-6jkJv5LtXOCXStWzGELvMeoQRiWeptwglv35GCWXxQvwZE7BRCv3g05-4cg0PKpN9NeAuzIX8orTEr1iC6Z0IYdxgNXDjH9LKiWnGUhoc0Y5usFKIIQT6ovbYRvfAc7FMyVSPKdJYMRc1_l4h6QBM5JEEwB9k__pjis-RfBImoRsdYtYKBpbYwJWoBpqTBS6Pe5ApmgOQP9M4Bz0L4tt72pg&key=AIzaSyCjh9aj5KcL4_aU4229--ATJhvbcTNPmUk,-5.1383847,119.4373329,ChIJA1IPx0v9vi0Rw05AtJEHGTg,Kabupaten Wajo,Sulawesi Selatan
Bulu Lompongan,"Bulu Lompongan, Alitta, Kec. Mattiro Bulu, Kabupaten Pinrang, Sulawesi Selatan, Indonesia",3.9,7,Wisata Alam,https://maps.googleapis.com/maps/api/place/photo?maxwidth=800&photoreference=AU_ZVEE5IpiVA8M7qZnuJxdOsQsKyzyZ8ufU0Bk7utirDN1nEoLQeEbkVTOYZ0k4r-1IGTrzn2YF8E3EzLyrNXwEgnTAdwN9oHgOIic3f1v6SDHRIQWSW8gFDO-onbN8mdoGNX7MfxHVJ5TZ4EU7c9MUQ-mCEwoCbfqKbxMacsir0l6oVkeFGK7nCgYpa1P-O4GgpsDaGPBzUofHI29ZC18uFNc64XuBs3HVQqoIamQlVTmoH_QCXDs5eVAQWcoAKDbXXul2PwY68Vbg9NHih4Rf4Xn-geRCSCrOlPYs8A-5a_bVNjlGU5xXmFW1sjDkx8QUww-wCVGoKsUWL1HGQwCxWRuK0j8QvHUUyR6sgiJSIxaxnO-Soc6ft6N0xE3H06aqdalmFbwSXiUGZSl9vxK4xfT9_3AwwvrRg2WnePc7TgtXsQ&key=AIzaSyCjh9aj5KcL4_aU4229--ATJhvbcTNPmUk,-3.8777778,119.6613889,ChIJ0ZCOCcizlS0Rrb8PeIvAfFQ,Kabupaten Pinrang,Sulawesi Selatan
Puncak Gunung silanu,"FH4P+VGQ, Gn. Silanu, Bangkala, Kabupaten Jeneponto, Sulawesi Selatan 92352, Indonesia",3.9,7,Wisata Alam,https://maps.googleapis.com/maps/api/place/photo?maxwidth=800&photoreference=AU_ZVEHNV5Zrh0WmCuV-3g2TectlSryxKAqFA3RuGdBqcZPZcHkUV0wqAhxXy-p8UIeVF21VBTSynkCbRfRgatdz8xVT54XeJcFAo531xvlnBy3T9Olg9IuRld9EoWDth2O-myLsNq_2Tkhyf5nWpd7itRt21BRUr_1Z0i_HB-WvTMFiDhYVVQGomZL1zSQkUchafJVEAYaxQ4X8BVd7bymrV2Kbl6QocgISoEf8HCX3CqTP-ARJHYmRbO3MO8wp2cKvk6dewWwvYHLHDNL0zIIrDqyLLDWS0if_Xj58CkeZrILIAd_3Boal8tZXnZJkOG_VDpz7jOiUHtMZe1C7ve2V60F7GdmQRycYZ4igaBXoIJh3JSQA3SKubU6Frj04_A3wOLk6tLkmEtOo53r6KnatcSDPjW_8wcg7SIoeL61JT2ijvisU&key=AIzaSyCjh9aj5KcL4_aU4229--ATJhvbcTNPmUk,-5.542783399999999,119.586353,ChIJo6wQrdnTvi0RQsEPLNNdi3c,Kabupaten Jeneponto,Sulawesi Selatan
Nagara Swimming Pool Bolmut,"Jl. Trans Sulawesi, Mokoditek I, Kec. Bolang Itang Tim., Kabupaten Bolaang Mongondow Utara, Sulawesi Utara, Indonesia",3.9,7,Wisata Kota / Landmark,https://maps.googleapis.com/maps/api/place/photo?maxwidth=800&photoreference=AU_ZVEFO2IGR7vATGflUtBGu4bYn6NlVrFaPCWbDgz5dKgeTcn6C6N-AP8JyUoCbOq1gaS9NVANTdcPSStzlS_0QhjDtJ4iMByK0uCMFtBUHDlkorZOy5mfRHJA3X9oY_Y0WNydjl4u5z8_DiCMqxnKbr2KVsqe2pSyQ29FXXFMxEmqafeTiRlihMidFLxwNkA49nEj6AfcF_p16wFLFvrZbkvMdjv1Mi9vgGffflwOzFGkyrFD2haIB9thbxBHKFWMBF1SJDxget0nIa3r_gcSo0hpOB4ZErHdhvfniUW04SBFxWg&key=AIzaSyCjh9aj5KcL4_aU4229--ATJhvbcTNPmUk,0.8866461999999999,123.3734467,ChIJqcTE9ROjfjIR_WWnfdgwC6Y,Kabupaten Bolaang Mongondow Utara,Sulawesi Utara
Pantai dewi,"WM96+3F, Wawatu, Kabupaten Konawe Selatan",3.9,7,Wisata Alam,https://maps.googleapis.com/maps/api/place/photo?maxwidth=800&photoreference=AU_ZVEHRgT4dOBtkbdFvptoIVuEwRbpbwk-BU3nldK0wcPZpaF3ttBxnPr6GIV51R9wvvN1srML4nl8FRuEN5Gm3arRJmFq-11ZR_DZuIhwDzocaFW_JlpemkgC-y-6K6hYinDDX_BJ0hcmS58fgu_GMNwv0KUqNDGGhItAlYDi2VmHmuN46j8QxrXS3Z1TrlzFbD8iS_mw_cDFbN6ZXrQOKcOPyoyJ2I1ohQEZIEq_L9lf7nofjTKJ0zoqKLL4j4pCHL-fsAXoavdMoM385Xhv1CXkGp7Y6w7FVneiGAGvfjLuAJ80uYAcTRf7n15yE3yHxmf0ZNUGVG0KVuJ7WYvoBVwjxoQ_cmVMT3JmCJXdTymk5xBEjx-zua2pwyqZGpCebjcHGzPBIa8GVL15VogUHK1AGam-QKBTlIuu9QJca8yZAKOV6ONIW2rRE9fFuQaxnrdxsxVsczmWpm9op6BPVYf4HhJc9z2R-bGbr6EerhZmVxtXxjVmy7ScJjRXvCgY0U_8AK4Qu5GA9Q-qFlizsUylNKtfrgu0zIdhv1CYqYbpOgD1DkFgPjRAJSMAUxQ_uAH9NZnKO&key=AIzaSyCjh9aj5KcL4_aU4229--ATJhvbcTNPmUk,-4.082277299999999,122.6612491,ChIJXfNSrj6XmC0RSKyj97kk-ks,Kabupaten Konawe,Sulawesi Tenggara
Pantai Pasir Putih,"7HWF+459, Tamuku, Kec. Bone-Bone, Kabupaten Luwu Utara, Sulawesi Selatan, Indonesia",3.7,7,Wisata Alam,https://maps.googleapis.com/maps/api/place/photo?maxwidth=800&photoreference=AU_ZVEGwSgwegyk6Kf24CAadEOV7ti1xKQ9XCMxUqVSYmHJzrh4YgCFAyaPqxEwNs-ogzBkkioD3GspCuxbU5BF9oALG52Ag4fLlNY7tCvv8lMeEXE51wb4HCieNDqbLWDIo39ldy6T4OgX2Q8XV6vJjEORYgsB47WHqWMvWQVWvYo59IkrX-x6y60z5INSY9Kua5oQ8saDH2gaYD_LbYKkQL1H7fR0cYQyrZJ6fAywESsmkPGXAOrCc_zsWsG9V8V6G8BMXh-0rtpNJVpNEfGkavlRlrKxRnBbqFqXie5tlnYIMaW3B9Bq7Wek65nogmKDpmXW2NJNAZbNx7u1c8H5JaZmQA8GG1XCPh_n3ETxTnq6_xUpngMaHtAt5zER3YPaXurVQn6WeT1q5R8JGP3TtHWEYwIJHvR38iQzLgR9GRO1YWNz-vI2NtCtpa7UE0k1R&key=AIzaSyCjh9aj5KcL4_aU4229--ATJhvbcTNPmUk,-2.7047061,120.5729787,ChIJN4GrmnkLkS0RcHC0ZY7MqSg,Kabupaten Luwu Utara,Sulawesi Selatan
Air Terjun Larowiu Meluhu Konawe,"762C+WV2, Jl. Poros Wawotobi - Lasolo, Meluhu, Kec. Meluhu, Kabupaten Konawe, Sulawesi Tenggara 93352, Indonesia",3.7,7,Wisata Alam,https://maps.googleapis.com/maps/api/place/photo?maxwidth=800&photoreference=AU_ZVEFMSYbHLHkCxIG87fnx1RJevLlnWvOyHltUfkBhkRhULZnHl515_liUvevXYF-CQ-Loq54lQM5KWFu--vEm2aNccaueEi2jZwrWE5rLz8pQwNUqYBcZJhuGInyBquJW5EhuATSxxTX9RIKkDGxwgyLIDph0V_kbsi4eLqFLZrNka5pHsAlPgVhKkTdb6OX2oaGpR_CrvL5PYHAiqw_Lh7vypS7GQ1FvZTwIvcsiMmm2WBeCO1XmMiXxXWJEmVwUyXXwHfr0TVQMcHJByHFQz6s6VZh8UCd-YmhhMTHsQyDq9itDivuId9v5RP5i2b_AUcLzvjzsfK9YZ2Ejo-WbiPor_Qa-apUMErDQoQeWcdRBky2bbscbMqbWNXaCd_r-xhn4688SggqNq8QJ_wE-xef-6mY9TvJ_0RF1YYqjrm7gxw&key=AIzaSyCjh9aj5KcL4_aU4229--ATJhvbcTNPmUk,-3.7477265,122.222148,ChIJK11SIx1TmC0RO1SBpLmnkv8,Kabupaten Konawe,Sulawesi Tenggara
Empang Pariwisata Isma putra,"C5J3+J89, Unnamed Road, Jalanjang, Kabupaten Bulukumba",3.6,7,Wisata Kota / Landmark,https://maps.googleapis.com/maps/api/place/photo?maxwidth=800&photoreference=AU_ZVEHg_YKLz4zTiTBTM-4I1uAxvzvbnjetRY53TqLN2kAgEpWBVLC8L7FAeZuC4JRXplzwep7Pi7VYrvz3ZIwzSrh4llPPp8557KuAF4f5ffGskwCA8lhosu3ISU0z3gB9I856gjb4n-GWI0dG8hIXTJfAlgMTKaM78eWhGF5WSXfx_nkAB_193LmMpIqbEbcs2kGGhBZEprq8sygzM6X35aTzYLGKHysHQtbmBqOYLq6oQmQgx5ZcX3a8LPPUzNiXPhBwMDYBWCo3crr1wEt00eP9QgQxhNio6OgU_gFJpCqMtKjOm76QRS4KiCgTY3FQR0qeyf5bemgyTGokrM4Bys-tvh_MNjCLV_Q2pRXrPvFt9lAvXPeea_ZPIbDG5d8M3JDGEShiLpXzdXDZueLGrp2rFd_IYGwQkjsTwCnXRrvvNghaaJB_-9L1pgpgGMHRyACQYGVA-BxiR4n6QXsG6TNCde9G3GuGkAoqlbzboG0E9z6b-SaPX25uJZ0KLOaVXtywFTisRkWdzZtUgAgNzdLA3FkNplQMHJsO-4eCP0uHOMnVgU9thiBgs-nHCYPnuo6MYWDh&key=AIzaSyCjh9aj5KcL4_aU4229--ATJhvbcTNPmUk,-5.56846,120.1533633,ChIJbQsXlMZVuS0R5eYdgcxnjzw,Kabupaten Bulukumba,Sulawesi Selatan
Air Terjun Sarambu,"G679+RP6, Kaladi Darussalam, Kec. Suli Bar., Kabupaten Luwu, Sulawesi Selatan 91996, Indonesia",3.6,7,Wisata Alam,https://maps.googleapis.com/maps/api/place/photo?maxwidth=800&photoreference=AU_ZVEFMh2g0ZKvYdyk93zLT51xsSMb6U0apK7H-U7_NFpYWX-nQw_4ycmHHlcWNjAUAs7wI3wbj_m_rgaejulA8RJfZktSRMwXhqPaGEIm7Eg58NfAswR03bRE5DsbCM-V-S-2EuLObuZhW9qXhIyLb0V8pmAXhryGfWUJax4n-BK0-uVI4_B7649SDWo6SOxYVJvhvsZi5lNJmNnvjLqnfuBXSVDmdpnGQLsQjkcJElkfAjpF5_LshD4BwaNhzOP3tvBp9o6ZznC3W9jFJo5BlYnzt6yNKrC2IG7IZFqsmcBkNWLqLDGj7EP7uN_cJF83UfVhrfmJ8yCb7EBZwzvYtt7PGdC1zNcs_WrZgMT0kEZRrGw6HY6ss3G6_XXydk86aoCDzo1Vpe0tb9IU52ncori0mgfOWZd_VT7F1L_E8cLNy23Z0&key=AIzaSyCjh9aj5KcL4_aU4229--ATJhvbcTNPmUk,-3.4854583,120.2192587,ChIJe9U6JxShli0Rso0g5Odl0ZM,Kabupaten Luwu,Sulawesi Selatan
Wisata Pantai Pasir Putih Wawontulap,"Wisata Pantai Pasir Putih Wawontulap, Pungkol, Kec. Tatapaan, Kabupaten Minahasa Selatan, Sulawesi Utara, Indonesia",3.6,7,Wisata Alam,https://maps.googleapis.com/maps/api/place/photo?maxwidth=800&photoreference=AU_ZVEFTEh3BIC610NLuhIzC7fCQdAVuKf0rFp4s3pp5jTqSAkIqHDWtW7MQYKGjzoYGbzoYbo2zoT5bB1gWKP1dWpFEdohtCD6mLAgth4il_5gioha8hhopxl33w4aJv1g_Fw9yUzDLBxb6GoKnx0KQyLcdnFQnVuFdkA5b4hglUNQZVFfByHzzPZ1neTCtGw4yKoJ0cwy4JBRHKzbpveG7DWm65OWYFtlLc5vb7nud3J-P-5_f4HRlAGuNrn7Aboj5cGlZBqThv8vOXn9ws-C5YiX_FW4OsGsQnOQDh9H3tTm6DskeSpsHT3U7sZ0C7zA6esDlkNbTYahIkdQYXgelTiuNxnUBu_687MX39lrZUULXTuZIQR8eBrACeoiqYmWmLRV7ozaBv8k9aX1ok9P5OQU2auTieQhmblSYQjEWn6esHA&key=AIzaSyCjh9aj5KcL4_aU4229--ATJhvbcTNPmUk,1.3280275,124.5184083,ChIJU2tKPg5ihzIRQSS7v2QK9Cs,Kabupaten Minahasa Selatan,Sulawesi Utara
Danau Salendang Popidolon,"C62M+W8W, Popidolon, Kec. Liang, Kabupaten Banggai Kepulauan, Sulawesi Tengah 94883, Indonesia",3.6,7,Wisata Alam,https://maps.googleapis.com/maps/api/place/photo?maxwidth=800&photoreference=AU_ZVEEZZqvq-6TT0H757xVlBeQcc4-kNmAdVkcxNg4BE4zkiivCAjo3of5HKJsEFoByBw4EWmezq2Baq_ixg6f77g0uNDePU8g8iGDKPSQn3Hz0v-GNX2S8Kd3Ur0LPxAM6f_eFQzSakjzTQFUyVBqh6RW3uU1Eseh6rLbrTpeFeYsZtnU3hYQzPFnfXXUvct4lwrDy1yj1WIlLRAtkAoMsK6QeE6bLajFZGnJpvPpb9WEj1yyznAH3JALT5keg4oKTiknUbP22b4YrVIkKg-v38bMZmueVIjbhMOP4pdYX1r8-0mPea2kDINmJPUOhQqUNuswvGVLNoQi3A6PBNmO3T2psJgihZVDACJQyp4Wy_sLVmBPJIKM1cOtwNO0GpqgoRkaygEPjrgcrtI-esHDa2J5icZvVseDZQRbjtZ-LR_U&key=AIzaSyCjh9aj5KcL4_aU4229--ATJhvbcTNPmUk,-1.5976405,123.2333244,ChIJKxQJf4p5gy0Rpf_rQCR_96U,Kabupaten Banggai Kepulauan,Sulawesi Tengah
Sepeda air kendari,"2GCV+6WR, Kec. Kendari, Kota Kendari, Sulawesi Tenggara, Indonesia",3.6,7,Wisata Kota / Landmark,https://maps.googleapis.com/maps/api/place/photo?maxwidth=800&photoreference=AU_ZVEHC9EZi-l6mSAbuBlBazJCs2GFjIn2Ej4EApqz7A8lJ9oDO33DVdSNHHkbpQNNzS058bRUczd2VxQnByjivNTnbHAf3jURbDkhkfGHeI0HYbV4OQpxVuCe9ipK6KQflngmWxI53WwNecCvtGy3BDHE_ximfeYwlVXwwGVPn2FeoVWLWvH0uwBykKErfZ-XY0ebIcjau-aIwqvJc5qyI32kid7dn9P0VeUVTdEdGlhQInNm6sr9WxnjqpXm5mLZx1BC9L9uQmM5ZwbGd6Yrze-EApad5mRSFXhytNUBHrdLQvc6Mv7tqPRQn1e7vmBVWrNxsGpJdP6y4DXNuRMcEl2EAA1XQ149bo9v_5L5o2CndyTEFemQ6m4kXIzH2kk_Cy7X0_VMkDZw9bxzP-13F9rd0JKO4wRlkb0gIdNwfNt4nGQ&key=AIzaSyCjh9aj5KcL4_aU4229--ATJhvbcTNPmUk,-3.979935599999999,122.5434874,ChIJA3JeyMDtmC0Rv8wItAW2pmw,Kota Kendari,Sulawesi Tenggara
Pantun Ikan Wisata Pemancingan,"H6RV+733, Unnamed Road, Tumpiling, Kec. Wonomulyo, Kabupaten Polewali Mandar, Sulawesi Barat 91352, Indonesia",3.4,7,Wisata Kota / Landmark,https://maps.googleapis.com/maps/api/place/photo?maxwidth=800&photoreference=AU_ZVEG8yVUaliXZ7SYrYWT_0MvZBKSoGtaD107JYRDOInot_LSJgupr_RzlfxzHL9czmzkaG54yUAusfRgz6ISTUm8LD1aAE6kd6WG8D1AbET-thV7PiZO63Oy6r8cazRLbDYS8v2qQHZcm1UMJvOR37joLrGH_pbfB603UmM3smq-LQjgED_tZk2KXKYiYCWaU3CZoswNYIRitpswCcEEIt2G5BPsBRQwRCVFoWamY_TdoZJFHRL3cO9Ji0jMlB0YiDFwrQvSYk6mPOxrgQcV0EIyvpKQfhUh60W7raL6zaYRYS8iYz_dcVTCg4m9V5WkI3v3pQ3L633XNUsl2FFYLUJoMUP7HMeLofXXMTHznUVorlLgewWAw6Kyif-sm2_ugxkc3sIfGFpVfxvUhI3zKXTnNXl6dzgwjJkaMY8edUQIG9g&key=AIzaSyCjh9aj5KcL4_aU4229--ATJhvbcTNPmUk,-3.4093581,119.2426822,ChIJOwU-5FeFlC0R_8HS106dVOQ,Kabupaten Polewali Mandar,Sulawesi Barat
Air terjun Saluntere,"6P3V+V5, Powelua, Kec. Banawa Tengah, Kabupaten Donggala, Sulawesi Tengah, Indonesia",3.3,7,Wisata Alam,https://maps.googleapis.com/maps/api/place/photo?maxwidth=800&photoreference=AU_ZVEFhcCAtDmBGeoF5Bc4SzbPjTTc9gVcuS14SNPHQCWd70j7X926fCgg8hLsKdwpBdqJ9J29czCKWj391v5xcHjvaUM2Wyohhje3EnZ1rVHLBK9XVaWrhpSasRLopfwSozurhRBA-IdKMEWwbS0GedkmhNx8uJUf8C1OWecMgkwomSzCdPgtRJtuB7GtgC2MtXe4UIKdybMcQf_SMRbi-gbK2TlaA11s3ZoU-3VmRn2FEGZWiDz70pofA6RiAOuXjYqn-Ff5EKj7L4u19j1P0f5hac2jkqiM-EK5NduBcZIdPCTKGz9vD0qvf8trvj1iD49YGGMc9YyoRgsTOP41FM08zbGRTdRxhqq4jzjVi9k2uR9rGIh-BZDVX_lAhAWd6GikE7s7cy8fB_pvBxbqiu7j1EAwaoAKHlVAIjEhKkQMLLKdp&key=AIzaSyCjh9aj5KcL4_aU4229--ATJhvbcTNPmUk,-0.795282,119.7429889,ChIJ1y0Fz5CViy0RM0F8oE0WoQA,Kabupaten Donggala,Sulawesi Tengah
P3A Turikale Soreang Maros,Jalan masjid Raya Barandasi No 1,5.0,6,Wisata Kota / Landmark,https://maps.googleapis.com/maps/api/place/photo?maxwidth=800&photoreference=AU_ZVEF9hczERrb3vpgTqxSdy3tuBE-Hi-7KtS1kEILKk2vZF5Pz2NTpqJxdi6mmVBrInirigaJEitmobHJcS_xrsPkkOo8ws8nVxAOY8CB9rw__TAyaQvbYie-ALLdyCnzQbdt-bIEgl_43wsidN1LMVNC5-Do9fu8FbG7eJ5cxEnoFfty4ZQvAnF48Jzqx5LL2PI-xpwmfpifvPL5YAHwmHVGu7F9kQt-7U_ek4-rk-5wMxTBcsAplTJOlZHsxmQupTQ7WtwnWUsBAApBlQppWbF4R93UIv-6hEjIeSwBl6DCqfC8I1eRBRlpCeKXIu694yFfbDvuqRPsLzmQefCusDVL98kR-gEgde5X5RB5RCHVrAaK8Iqe6pe_mttAxCMFz6G1fWUFoTemaXi8xeYFpezY76ixha6kIlHiIexA3lKl_qTAghqoyzLjsXgzNCCsCnrvAxAng06iicjC7zfwO6qUwiPeZVRKJyuvmCOSclb-NvBpQshr6yG8KAn8SOhsJQHJURPmCOdsdNpo-7lTW_d4DZPCYvyp_zO3q9AR949kPNZ3gQbTw6P1LitkK60LrPQaZM6RRgnAufvBb3NRJ780l4fJrPhM9OL4O_3tWoI7rTnJaQFwxvj9RwgAG32-R28PR3A&key=AIzaSyCjh9aj5KcL4_aU4229--ATJhvbcTNPmUk,-4.9761124,119.5714805,ChIJP98n5nRXvi0RuIl2pgTQrcY,Kabupaten Maros,Sulawesi Selatan
Wisata Bujung Mattimboe,"Nepo, Kec. Mallusetasi, Kabupaten Barru, Sulawesi Selatan 90753, Indonesia",5.0,6,Wisata Kota / Landmark,https://maps.googleapis.com/maps/api/place/photo?maxwidth=800&photoreference=AU_ZVEGhEPgOcpT8ygv1wlApLQkTD_ynLlNFmWv-A0XL9-Z3p_vlPQUgIf6JpTMnA3Txmu99zq0rV96vTOolCERxjgAbxlV86LLynYNhfrnK_wyKC-xnYEIgh5sidoeo40ys1nf9NMLdugXPDTl5SyM0bDkV1XyZ4hTBvZ4VSD8jshLFU_SbQ2o3NQCw2vFsfcXEqZFCkmu4Q1Zt-VC5r1DUoSLh3aY95c3RzABu23-XZqSjhbzI3X03T1fRnGLZwoRpSTa1Bg22dgkOK92cIAgYKgJArulcn3h8Q0e1d2qJWzdRaQ&key=AIzaSyCjh9aj5KcL4_aU4229--ATJhvbcTNPmUk,-4.1890592,119.6754161,ChIJU6pRGrGRlS0Rz55Ykabe898,Kabupaten Barru,Sulawesi Selatan
Wisata Gua Panincong,"Panincong, FPP9+46J, Libureng, Kec. Tanete Riaja, Kabupaten Barru, Sulawesi Selatan, Indonesia",5.0,6,Wisata Alam,https://maps.googleapis.com/maps/api/place/photo?maxwidth=800&photoreference=AU_ZVEHs7dNXzWXVn_PLk348tL_ndtw3zl0Qg27trQZoGS0IEDh2CLfqT8UVVz0vPmn6D-98KpWKexBXVykXNB0mBCNSHj8gfjYBikjx9P7MrzZ_hsT5Fmb3G4hiwLIV3QT9oIT_t7Zlmr6dFAXVQsmx-oVIZ1ZpYvgNdM1AIivO6gwh4TyhEX63lR6iGtGMP5gPcVZqH0i-DUjj32UKueRXy1QJ5Q7OSmDwVJwJfUTZWscJX5WABaY5wWlqC2sp-SMVMqOvKci42awX212d0IUDvlBPNHhhi6O2yERu52RWz5U61-lfp3lPujlDvpdOJ3PoKYPfdixkvMLR2EzyCz6nYNZ60QeiGJRqkHpOMlmbV3Md8X1EPFfsy7gReMrrUXy5RJub_BYZ5qDGtc8U-1_Ph4t9b3lJBsg0XHPUEdQrMJKSrukKHOPR5lTn_i-Ndw&key=AIzaSyCjh9aj5KcL4_aU4229--ATJhvbcTNPmUk,-4.5146665,119.7180243,ChIJFVZIWawjvi0Rmg5uneCslEU,Kabupaten Barru,Sulawesi Selatan
Sungai Pulau Bongi,"82P7+C77, Tanatoro, Kec. Pitu Riase, Kabupaten Sidenreng Rappang, Sulawesi Selatan 91691, Indonesia",5.0,6,Wisata Alam,https://maps.googleapis.com/maps/api/place/photo?maxwidth=800&photoreference=AU_ZVEENLa0_69mMHTKJkcmQ3-vCzzltK_Ace065pm8j-Vpyto4AfdBYILu9f9m8wYAwnkEBzLOKqwlUBlR9RdEVbAdX0qYRF4TpVFW3ByZ0gtI8UxhtdaM0ullrgRBPgTLCUFlWmBczzKcXlM7hU9Qx-Gv--e5x3tWsXYga4paOy46eYDOa4dUuv9togiwVOmYUJzHlGxOZqVRM_GpabKMlnUAkMUcIxA-DKxl5VelcczlAPAIGe9gbi5-TFo61lEmy5ItXvOiVaDj1LDmb0BBx2ulTLMEOMdXm55OtQq9HxhHlKQS1B9BfZWRhSnQCvsjgJL56NK3llOBVAUJ4cv9OwTkLdAC_jdOP3ZdJ_F4_c1xw_Zk5FTxTsWaxB_pHk8SfbIKfO4YDKa9Zw9m7xpKf3qxE_RaiJmN0xKoylx2kI7yomYjePOotj-d_HkrtNg&key=AIzaSyCjh9aj5KcL4_aU4229--ATJhvbcTNPmUk,-3.6638575,120.006976,ChIJwSQJHgAllC0RK9S-hHFb6fI,Kabupaten Sidenreng Rappang,Sulawesi Selatan
Pantai Desa Babana,"Pantai desa babana, Babang, Kec. Larompong Sel., Kabupaten Luwu, Sulawesi Selatan 91998, Indonesia",5.0,6,Wisata Alam,https://maps.googleapis.com/maps/api/place/photo?maxwidth=800&photoreference=AU_ZVEF7ceWpsFOnURpWlPRvXv1_HhNtQotw2dOBCNYtEoLneFyStyxCAcauxAVd2Sthrmav2n2BrzxjATDRcx1AxlqzOYRVB2rKV85IKJ9enbAAm7LehBzsfxNrlTBQ49DyWcGKELzfOccF7W7iS1M4UqqGQH3zM3oipQKA1qBeAbWLdwYZPxK534ohAuINZcQnhaDBEidTNOb-9Mci2JpcYDYCjLNfekp-MMnm3CAW-lz7jGIj3xg4H4OaIWesGKdD3HuUXkDuW4_lZ684CgU5FZh1__X2JfUQwFYMMesj8l2KeA&key=AIzaSyCjh9aj5KcL4_aU4229--ATJhvbcTNPmUk,-3.5661902,120.4144062,ChIJFekVA9yRli0RTeB4km0svt4,Kabupaten Luwu,Sulawesi Selatan
Kolam pemancingan keluarga H. Jafar,"3V63+MF, Empagae",5.0,6,Wisata Kota / Landmark,https://maps.googleapis.com/maps/api/place/photo?maxwidth=800&photoreference=AU_ZVEFvFO9uSeeWDn2fADJpNrOLT5_nKqud2w-DP9umm_9dLv_qaZosRhRxn4chNtA2rznyBIgxRnHPNpG7VKqU2vvKsmMRaTDbl6E-I8TYmqMlB-cCVRu9kxWnyu4to1BtQY7ppTLDaF7JSevVMbFjhHycNG-kUPt-i4vSZMbp7VpaZwEB7w8nBpA2Yjt02SNHuKgzoUdJ2wabqfRklRHyY_BhwksBI1qfPNcO16eJ7pS9jeZUASqLFErNMEa3jhJrmVNLqhctrahhIF2tv-jjOlZUHpr91xbj4Iv6uKf10H3r6TfSRExQ4_bdDO_DcJ98BCIBkwL7A0Wg8j1eEVOR3pzdODKyrka7ASeyeq7dX6L7DvSKM4BswmLQtbDA_6Z4igAMRVsy_86AsSWNqhc7KBFAVzTS2zwe4wf6Zxj_QCBBoIzUhz1CXVkfR0QZeXz9kUvTrnMxegrHCd1kwgOtKhdBTWIa2Q2yM4kBUSwTd4ZftREWNLmov2UpgrnfxhwsOHxy88km3a5L6qsaGcy-2Mk5QE8dkxHSMfbNXCCKIuq23FL8jQ-dqSZgOf-8ek-7_J11hEDCW7N8xs26sw_iAKIJHSVjARo2J6_MeHJZ2_UmunRj9LZURWy8ExR2UOca&key=AIzaSyCjh9aj5KcL4_aU4229--ATJhvbcTNPmUk,-3.938307599999999,119.8536333,ChIJQ2gGfADJlS0RvMp0rT03kmk,Kabupaten Barru,Sulawesi Selatan
Bubung Cellu,"Jl. KH. Syamsuddin No.63, Toro",5.0,6,Wisata Kota / Landmark,https://maps.googleapis.com/maps/api/place/photo?maxwidth=800&photoreference=AU_ZVEFFLoAuE4shMl7MMfxgRbL8EG_5HjXW3l-vjf5iyhwdJYl-Q_CZ46k1wKXCpOzpV_vQLZqLFuZ0JxvmAGHYyDIm56fvq0E-wlTm_1hj7ScmIJbE9lIqtP0ZFO8cc7SxSjW2xcFlgPP6IrFRao28Aqk1K-ofrVlrIr9CjkmPTvbBp5Dj_1HYJ4ILk4DNtOeoJBXIz9GQI7kzRHMb4wQXGhcEY5_SjEVTKJpB2-S2qkGOeB-jXGrnq0h-x_vKTI5VSSXxkk7j-15rI7jZ97v9BevRBU1XFBze9QlfU2vBt3zqyG9BVg3qk4KW-VtO7hmBpLNINH3f8o-JI07fLd_zWfhZVpc8_XLDBrwzT7CbmzgqX6w3Mpi316M4sraj7YRq821DRUauh_v3XnSswa1KfiphBn4YJhf1j31H3MCoMRtDNF4VkJpaZqfbjGU4tYMAFYj9h6VSp_bwc8n3jv7Lg9J1RG16JVd9XbEU3rsYzG8tlAvZYvGt20RbA2VwF9ZfwOleF1szUCilXbouFloUVrs13eE0gR3HRsNV_ELKKRupOCbWKkHpMg14noALjvi2pfai5m-xL-FzPcY3N6EeabLapHUqBXImcnSYUVjpgHQi6xQveKlQNiMu9PjxmWA_TjjdBfo91YZ5FncymwUwNdZEXdE&key=AIzaSyCjh9aj5KcL4_aU4229--ATJhvbcTNPmUk,-4.555687499999999,120.3695625,ChIJXTkqhsDvvS0Rdgl4lF8WBzQ,Kabupaten Bone,Sulawesi Selatan
Pantai Ujung Kelapa,"RC4G+W6Q, Bontoborusu, Kec. Bontoharu, Kab. Kepulauan Selayar, Sulawesi Selatan, Indonesia",5.0,6,Wisata Alam,https://maps.googleapis.com/maps/api/place/photo?maxwidth=800&photoreference=AU_ZVEGDTQeEtsVqNnD9sdmp0stYyQCsYyLesH6RS24SAlpUyuR_hIGNRXcGrHXxwYK_urFuyEK_FFEkDQ27zdztZrp_Kk9312qhJXgO6b0jMBdaqnad1fTci52rNaVYeyhxL3KzRDXuXvkD8GaBvwDe3PbQA0O0kUAgibSpBqHSgaJ7BJ-qor3tHsMcsdPT9S5gPBH7ZjCXcy_8jHGD4JE4DhAwTppPr12WXgJnlSDxcDDgitWYWdenyRaotzyC4jzOoj-8daG-jI7z2MlZ0xGs6t8T6su9JjElej3_gI5BSb-8vefM0pkrQvCAdkqGBSr1TSAC1gHFlXN0_hZyyMWHv6So6PRMMtKZYt5nbS28gbtRJeMhp-n3X8zFj4hc-uLbVLSvxoMV6KY8KLQ3zdZbAa2JKhak4zSxXEjBhTP3Y8ePeQ&key=AIzaSyCjh9aj5KcL4_aU4229--ATJhvbcTNPmUk,-6.1926519,120.4256142,ChIJY6SE2J4zui0RvrWlGxrjht8,Kabupaten Kepulauan Selayar,Sulawesi Selatan
Hutan Mangrove Gusung,"VCMG+499, Bontolebang",5.0,6,Wisata Alam,https://maps.googleapis.com/maps/api/place/photo?maxwidth=800&photoreference=AU_ZVEFXe5XJ3gkLsfy_-7bhO3wskCkojK-QA9ysz_0s8t7BWZtc85CidJ9gGGyDRCb5oFwqmoDloJrsvlgXuyaqSL7qwxzsD0mAY8TCn-2mIeT3wIScKi8QqxAMwyaE2okgjX3Xiy_OMWasD06lC3ARayTXSsmobWwnU4qZbcOJyMVUcqMnKe7yH5xj7LKR1B6O0SaHRwNfVD_vmWA-y0wVOpYMxuPcd3p83tbbB4wkb40l9X9rNaKd-Cm2AOxkyoDTsczE1GC7Mc_kqjItMEr_EQfUtJn2ErxVgv-3lH2OJGnL9AgnUrZdXXb0sbGirlveByPrWt5O0ONDDQ8j5KxV-Pa1C74ahPLzHHa3uyRIuWhTPCUjzltVPTnCWGRn8fQEXqyTfgITdJm1H-MIt0Wambv4rljXHudqyB2EmyLTzchP2bobiah2KNr49n0zFfpJHUW83fED_EQvdPsfwRq_Y_6SWtdl9CaB-ti_kBpxgOs1o7EWYvUeZMIw_YwoGiKak7i-ESuRN-N39GAexKAKUNoqUeVhbT-alazAQn8RoR_XbA73zbE5T4uP2AJ2kJhUNWo5_L3Sy-B292V-M20w1v9BVWTOXSPC8paC94O1mGtv2JLOL1MRrAPFNzV94ScMF45N0Q&key=AIzaSyCjh9aj5KcL4_aU4229--ATJhvbcTNPmUk,-6.117203300000001,120.4259903,ChIJ1Y0nyfPNuy0RKnyMAn50kDc,Kabupaten Kepulauan Selayar,Sulawesi Selatan
Bukit penantian,"MP75+W3, Bau Selatan, Kec. Bonggakaradeng, Kabupaten Tana Toraja, Sulawesi Selatan, Indonesia",5.0,6,Wisata Alam,https://maps.googleapis.com/maps/api/place/photo?maxwidth=800&photoreference=AU_ZVEHkMWXeccJRx8BfnUsZS7IRkrJW4rVKG0TYHPlH_By58CaIOY7ensgI9Vbb2SkZNxffthDSrE6HBxw-tAMaUrFmUDCH5bSG_5lmuTR6gq2rB5WacFZ1mQbXnAmpUInBf-vKRpY4g4MzVBcWfxq-uxMAGQFsYK7fJPfwQ2WnGCuKGfuXkM2rn22KGTubMpeZ9mn0bNCUP7Klzt_d4N7XN73NiiOfpl8pSUuZoDrmEcqc7hoRBRm82E_bSK4-xxUSFMumhesB21_7QDwSTplB6NZFDe0JyKk5V5sk8Q_Yyoq6n_KfhWG4M8T8H-iF7kE4NNtCvs0GBH8pkDv3_a7J9ctW76yVpYPlBSUXcUXYMMHYiP-kIdXLvCyo46g9BD7NLdqBca8ZEkyj1lAY8OXQUk_8J1EPfQ-30V2PLKVLF0Hf4lQ&key=AIzaSyCjh9aj5KcL4_aU4229--ATJhvbcTNPmUk,-3.335148,119.707672,ChIJR5PLFwBzlC0RtGI2M5QQHew,Kabupaten Tana Toraja,Sulawesi Selatan
GUA KAMBUNO,"XVFH+767, Sarira",5.0,6,Wisata Alam,https://maps.googleapis.com/maps/api/place/photo?maxwidth=800&photoreference=AU_ZVEGrn49ecyg1bm-iVXPuAt-S2ZVuREqcDSDDwX44pfacclb3a52_X2COKyKzxq2yJ0h6g0xktasYVIPYIPtfUR5ryPfkQ0YNXiwhRfuk-uNFyeGb_aGbFwpK3xXcbO-sJonPeFeNU47bqL_cUlcOZCAZ9LdZ2wbAsmmRC-dtpxuYEJ0tjpvmFbl0LDPOnuKrmKftTlo2LVVHtZ9og4onvt955tPfAY00YmxJHKPy-89TeO0KYovdwV3wGL70USYam7c8C6ha7u5ex0HnOdmXvLdCfKGMKuG6PPrjvUhPy1e2YZtnh_GO-Z0g1K1WtaLkoj8ZxlRpJXkpeeWw4rYHCGcJSv4No4SdPef4z9JeoUOaufteQ6Lp4EQ63CWplnWJ316dXnsnpubT-qOu7jPRtFnSEOvUAWPPOXs25rVeIkOnJt1KkgnBFYx8hnxsAlZdphSZxjDgcFi_K4ZIejUuqSGXISyEVWC4T8seR_gENT3c6HFeZQtn_vtZKatew0PhbH01k7eHXbcKixVEJVxAPrlORjsPJIOx1EnfEuY1asCN3kc7ctAuOXQHLL343VCtqVGD7jOxeTS92SjeSqg-gcacmFktmnuhxzNVADB8mHpLuK3tvMCOmugGUq0jqYw3Ss5MPVLJ&key=AIzaSyCjh9aj5KcL4_aU4229--ATJhvbcTNPmUk,-3.0268291,119.8780421,ChIJ1eSvL-Prky0R_urdLKMcoGk,Kabupaten Pangkajene Dan Kepulauan,Sulawesi Selatan
"Tongkonan Banua Sura', Limbong Ba'lele","2.969724, 119.891231, Mentirotiku",5.0,6,Wisata Budaya & Sejarah,https://maps.googleapis.com/maps/api/place/photo?maxwidth=800&photoreference=AU_ZVEHYY2smkXjvpXvSwID3_phckgsBz2xVICc9FVrhcotxrRP7seZVXcQMlpT8Lta4Outx5cJgGyqwNgGGT57imCajk1TKqhBrsqpOPNjGBeKN2oJ01yRSnpW5pmbVbEcqYCedywtB43o8aB3lCVLU2gKCispU6FUP2eDTeEVWaid2AYln6jFr-NsThBmlJivW9XdASgOL5gl2h7bL3cFsiBPKNn2JdfwFLSVjN-_hBZiZipJPWtwCwS-zOu3EgLmx-NLx9p7l_6SCEKbZXiodVVM-q_Nb-FWAFtAtYMDgE7sVaupuWXxwP2nTYl6NhOUD6Pjsga3w_644g2ZgC325c9iEyZUhtd_wEJHECLAunUX8mCgBRePyP_k_ug8qAS5pbdGC7Oelf3qKwbfdgrVlYEj7CRi9gRIKBPqTHQ2qlOFE_QdtcsGDCsQjSUwQidDU-pHQ1VExy8ixEXuQx3DqtbZYTqa6Bgk7jwbnXB9Mn9gxx0wJsngLRt6Qt2N03u4CnFYJ15DIcaIolhh3gXn3N5jUrQdKCC07y33KCOQmmzVPbpbcEr_ToCJh1SHU-2Q8u2Bfnl7Vns8gKhmlORK81DoLg4Jkkj-n3mJ4quEjwlpbWU23nIMTI6fb8_NI28NSHAJLfw&key=AIzaSyCjh9aj5KcL4_aU4229--ATJhvbcTNPmUk,-2.9697292,119.8912108,ChIJceVpv7Ppky0RC5lJW_I7JIw,Kabupaten Tana Toraja,Sulawesi Selatan
Buttu Saletta,"Buttu Saletta, Tindallun",5.0,6,Wisata Alam,https://maps.googleapis.com/maps/api/place/photo?maxwidth=800&photoreference=AU_ZVEGmPo3TWI9qGLtx9YUxuQ5_7e7iv31oBOxPBRSYGBYGBpiaQa3zq2yX0w6qQm-GgklMQGi6Uiy2XSfev3lEVGRhd4dPNLRYJYy53UlffdblyVFFbSpFkwgquvAFeodgjBVtnIpUHTUp7j8UD-pBGWrMh_JVkv0Mb5D6IHx31kqyh0QxeVWsrqcZcKX_dds_KVWCc-OwX7wQ2aGfvQIXsxuuYuoB-oEhkLMfUVj-1eu1a4j2fRAO4z71sDIuZhb7fgziTjH3NQ4xt1DaDxxaOGUljQ1cTrT46PChg36HWFCCaP7FvIeYQQy_bVo3WQN4QXHQ7HT2ntJPb7qi_Bu7xiOYnSfcGTlaPmWYm3fqnX2gSLq7_k1mYpbePzzca7K24mTuCjVe4gPA7t0jRc928Yij8d3HRH0fbUwpUpc3yHzkbYjyU9OV0WMLcdOPOBTyB8azi2gWjL1s8kn92_OaiuZP8E4Ua_eYxeVjMWkSXyJqJUzfGGTEym9cKmKVvhqV5_ZgjENUXwSzW5BXeNrCN8fWeT8KsX_hlRP0xBMb7pWVQhs39Yn9bf-HP60Bs2HJahMIPzx09do09cf0WEeKfZ3evLruY5dYlouYnLMUfEeF5twEbkHw3StzUz9YK5iTQBAY-15M&key=AIzaSyCjh9aj5KcL4_aU4229--ATJhvbcTNPmUk,-3.49114,119.765142,ChIJ3aVxdL1rlC0R4TzoD6NeFc8,Kabupaten Kepulauan Siau Tagulandang Biaro,Sulawesi Utara
Kebun wisata strobery naylan,"HV55+2F, Parinding, Kabupaten Enrekang",5.0,6,Wisata Kota / Landmark,https://maps.googleapis.com/maps/api/place/photo?maxwidth=800&photoreference=AU_ZVEH0susOlPys17hkhmOV_365TNRHeZXr85CfDu9TEAhIR8PWf2xuq3i_4fZQ4GAO_TwTvTTIxGbWNSmyjO4-oQXsQ8dO6uBCgY8x98Z_kv163PzvKaC5dPNKB0g5hnzbOvWUhDMQNysshfoPTgATAT4S7wdSfEHjpkdGj-DGUrDfIabD6cVdQfwELwBcFaEfcNfN5Oe6ZZYbSHslN8XxBb2hiEDU_FOdrtMsbihvzU6lL5nUlGi92CuGaz7kX4IAK3KJPhdMhrJmslgTfU0bwb9y92Q9k27qBAo28WI22pomgKIDwOxvHtG6RochSMZyxL78_ZGcMdYqglEkP_K2bbMVxRnH6tnr8Wr9yQj7us7HeGOJ4Bqe326TbL6RX-2P0Offr7xPUtvOCghzGfBAG7UlGnd755iknNEcW5EifSCGpxwMQNAHMnWKy_zIKcD1ZlzPC5FTZkRuuwrVCDSZZCglc62YGLYf1W4k3eWdnn0ZWyKzJGiGcAeloFoseebgdc3Xpp57vdgp_fjdrT9rqovD4-9Ym4UPY0GOxVR4Wx2jAnf65vlokQ-N9yybQZfiQyOuWSA0To4_hQ&key=AIzaSyCjh9aj5KcL4_aU4229--ATJhvbcTNPmUk,-3.4414336,119.8586719,ChIJx9Si0RQTlC0RFEN5E1gQyTQ,Kabupaten Enrekang,Sulawesi Selatan
Gunung Tabor,"C75P+W74, Tabarano, Kec. Wasuponda, Kabupaten Luwu Timur, Sulawesi Selatan 92983, Indonesia",5.0,6,Wisata Alam,https://maps.googleapis.com/maps/api/place/photo?maxwidth=800&photoreference=AU_ZVEFNAPHmirD0MUNhBnfcIzHQpEgVuS9t3a8DGfwJdeYzEl8bDCIQHpJG-Qa6MOTm0aGSZEAe_Ibri67MiWiKuHfX3WbmcWeDbr4eVgh4cd-m7TJQnE5VY5vPvrJ-9HSaq5KX1EgrQxV0R0UySUl2I-37yyDrs784fcew4XW27CnPqc9Cd_NCAgvOttucMDoj38QS5gsPn7lWsQ0X4flhOc76aKWmimL8kDnd4oT87m4cDCSDja9ERHH4GCU7S2WnNrJvjBtZo3pmKPeD4AG4nCCk-XBDtGSSp718nzmlDNQLxmCP-efgu7rARpmHOtRf7M-GM1vtybqmfUdulnNjvt-22I_sCkGxB2cfGLJ0OlkzTUftd9Ga5ciqlwJjU4OldfPKTF8_c2V6yvfalhK5pfhrxfV9ObrtAPqFHd_N_LmS31Ui&key=AIzaSyCjh9aj5KcL4_aU4229--ATJhvbcTNPmUk,-2.5902263,121.2857033,ChIJY0HAbgVhkC0R39sktTlPNKc,Kabupaten Luwu Timur,Sulawesi Selatan
Agrowisata Kebun Nanas Ponda'ta,"C75P+49, Tabarano, Kec. Wasuponda, Kabupaten Luwu Timur, Sulawesi Selatan, Indonesia",5.0,6,Wisata Alam,https://maps.googleapis.com/maps/api/place/photo?maxwidth=800&photoreference=AU_ZVEGN_GICTahiLuxYCsoV8wkWbdJ4rERFY1LdKOrJTEbmKIDKyviPk4K9pgq_rBlZB2BE3J2gZQfShidOn9Y3T0amQfGlnvx2XdPrn9LUz21fStfyDtK3Jn2FnAiD4ssZXOFmXJG9yu7wdypbU6LVvARikj5-6tBmVVHtAnKipnKPCPp0tnPuR_fakpUc0hxV2tOlbIIePM7SDkMXpLCrh0ra1LDbYIMwQwLF0lgNpTxPJJvC5TuvvSkel_ghqqPknhycmMjXl3opaRSUJEnIh0CDAyNfqfGopBzIgxOHleOniWPXsMr2fJKuaARRLQzmC3H4PkMLnP2SyZT3i91U1eQEzNiUQy6KAM2c8d1t-WV78NfR6R4dHEyCE5N83mL6890BObd85bNnEm5Fb17el-M05wjSt087WVrKGw5po-8RaZ52ONsr5s638wXSA06W&key=AIzaSyCjh9aj5KcL4_aU4229--ATJhvbcTNPmUk,-2.592224,121.285938,ChIJQcXaKABhkC0RrfHYlw1O_oI,Kabupaten Luwu Timur,Sulawesi Selatan
"Pulau Paniki, Desa Kulu Kec. Wori Kota Manado","MXJ2+C4C, Kulu, Kec. Wanea, Kabupaten Minahasa Utara, Sulawesi Utara, Indonesia",5.0,6,Wisata Alam,https://maps.googleapis.com/maps/api/place/photo?maxwidth=800&photoreference=AU_ZVEH1Q6RdRE47ayIe-2kufkws1WI8D3N6hweW1QX9uh85WDYQHpvIMr_V5DM6-cBC9LELAgzfgnj8XUDQ-mUrFeOf-3fxYfqY5g5PI_VXwaMuY0nzdEyAZ0tGBN5yGhJCz5Kq6IQF6SRnw6i07duWV3uvLX0esrgo8XNlG6en6JHkS6qiVLn-QlfRPUE-i_I4fI8-DKbWitUDDfq9V0jb7clyEbLTwmLBWz_U8OldMJdiS8iB2l3QZ6OKnTR-cRhZLJAmYZ9LqHXo6yIHzA-337bbSrFP2K5AljbkyTPxr9D2pOlqkW40quk_Uw5MTPp4PWmEL0X94QigLkLxpEab-zC_-fMCBXCfdy7j5mrWIohEwCPzZ9k6RijATMp6f78Ae2rt9xcqCxjoA7kL0Q55337pw3GIZgVy8-VYcY4pK6WJ0Q&key=AIzaSyCjh9aj5KcL4_aU4229--ATJhvbcTNPmUk,1.6810535,124.950252,ChIJoUBgV9B1hzIRR0HqVOo0mbY,Kabupaten Minahasa Utara,Sulawesi Utara
Confident Shop,"Jalan Teuku Umar, Motoboi Besar",5.0,6,Wisata Kota / Landmark,https://maps.googleapis.com/maps/api/place/photo?maxwidth=800&photoreference=AU_ZVEGObvHIIwJOA8g5KjAu95H4gOpws4nhng0YHwkJ7hTFd1SagFc0x-Byv2Sdt6reY39s5uc-goxNEMex0vQFWZif56bxuCh4MgbTAT5P0udkVtINi9fJhJgKBCBVJ6YsNZ6ITmDMGby12Ut71EXZBAJfOndk0c2gOqZPN8y3vkU3vlLT8OfWAG2bXgurinILjyOTz2THYW3nPdHP06rye77IfPQgmldY8DcjMFSlujQIzzIh3GTlmduh9MHFaMY2NY-PWZiV-mRljdQdbLbL6sPIj_TXdarJFF4P-I0o5dr-tvWwtiUl1YuNwltnZkzhebrJ4IOQ7PY&key=AIzaSyCjh9aj5KcL4_aU4229--ATJhvbcTNPmUk,0.7179207,124.3217769,ChIJ4bn4ARE9fjIRFl70Be60d4g,Kabupaten Sidenreng Rappang,Sulawesi Selatan
Inuai park,"R62C+HRR, Inuai, Kabupaten Bolaang Mongondow",5.0,6,Wisata Alam,https://maps.googleapis.com/maps/api/place/photo?maxwidth=800&photoreference=AU_ZVEGYA-VlStUDxQfNCMdMnH608rz9hkENrt7ZmgtAFgIXyaElJpAGB3AgqJlvUXIcCcfW7OAac6AFVwzqFci_ycATK5BLKc0LZ9iyHT6Escn5oRL2HA86ziqSy4-Kov974mO8oTg78jUPKSaaBUDUghVfK5FMb1B6yL9ke29SDcEoP0Qum4DSKHzI4BGjCN9xP66nAohA8od4Fs6fnTox9AgxYTuQ6dHqIw5OLLTMKuKhuei1Zz2xff79btpgZrXOhywRpPUdCXGrCwSDOb9jvydhiaSDz5dZSHY_pP9VMCkyMKqk2loO1dqlFWvmWNp_yixOyDM25THZ_ijS9eXlD7ALHfwnkIofxj0zB3dO7joBRIj5ZrepslERq8qOHpNs3hOqy4UfR7OLNq5ZngsQQQagSIdMitIUldESLv_elVRARjzm3EgUCvMqRjmIQo4xDGLHP24nSlwXdS5dYCHpAsdEwyvproSsEk5Y1vOH-eOVRaP1-xQLJIH0LKOSuvWO45-Dj5j4bbnRpHrLRgjkgAhmQO4xvfmhcmcM3RyiEfUvxeBBmr19SmRTzffwg0NPXIUOzyx80KPWRA&key=AIzaSyCjh9aj5KcL4_aU4229--ATJhvbcTNPmUk,0.801491,124.2220218,ChIJnXKV9oYVfjIRH5JsKszSb_o,Kabupaten Bolaang Mongondow,Sulawesi Utara
Tumatenden,"CX9G+W5R, Jl. Airmadidi Atas, Rap-Rap, Kec. Airmadidi, Kabupaten Minahasa Utara, Sulawesi Utara, Indonesia",5.0,6,Wisata Kota / Landmark,https://maps.googleapis.com/maps/api/place/photo?maxwidth=800&photoreference=AU_ZVEH-Cn8mWpGcHKUtTEHu3ZhETWbnAAcQz-97GbUfSN5eczTfO3X3n1S721ESpGXCnBgVyesT6cXsXFyxTsqz6jNJTUb5dfYZuLtiz53HiG0UrG7rUoHx9_iVUr5Hm_MKyo7uXP_8vadKwaJbrKT_aeNKZkwBqL3Lg71A_tlQe6exh5mPwEvZ7I6InyKAAZlN1vNNvEo3AasZutmZp2i7ScI9f-kyCLw9rpJ25yyQvITlNimPAP40Rk31fyzLDM3rMVSIo0aL87GAYqCxC_ndI0EL-IR0-1tJEBFRH65RfIjn88Sm-XSZBI0V5yn_AS9UIvNFwDKQb0mYw7nd3cDPRjpiOnOYYTde8hTVJ8otF9b_Bnn3VWRvQ0FcqfJiALwU821hqVI7k0nlZgzAWJxnGpVzhuM7HcTXf2Qq5yk8Wg2hvQ&key=AIzaSyCjh9aj5KcL4_aU4229--ATJhvbcTNPmUk,1.4198654,124.9754017,ChIJxy5FWw0PhzIRVwp4qognjek,Kabupaten Minahasa Utara,Sulawesi Utara
Puncak Rumochoy,"2MVG+6RQ, Betelan Satu",5.0,6,Wisata Kota / Landmark,https://maps.googleapis.com/maps/api/place/photo?maxwidth=800&photoreference=AU_ZVEGyIrWndlsGyZK_FUwSaMmwe-fPGrisprEagKgzKZM6iCxyh4g9Gw4mNYjaGfsKdxrtR-EGZCl-9zjPnI2N7G8b52BsbrbWTYkaod_zdxXrPi5yJEpB_7lkNbpK9Hq_1scIUGgVCCBPBKMg1BOU-x_rhmEvlyEjVqrxDgQcbUYBMBSUOWr77eH4-TKPJ81Rhv0dZszfjSb0sgiavA1FRb9UgAnrj-ONFcjWSiUCKyhCNN9UDqw2y4-VbyynRc5rr_saPc760bMirYEKbC4sWmtvz5HGHmFBiJL1agMQpJXEb5Q2ns07AhJK_MjTTrf8aGYvUGq8o5v-ERPecpBjaD5UhA-PFjfjDeiYH4F7eg-VVwTKmYLbglHVNwz7m3d0rRbPn9BwtKn3WAjQs2E3AQT2hs8BBdwK4CAlDLGPkgZ6MurT2YBAvqpIIJaCCclr2thxyV9D3Fq0MRrXL22Q4lq77REPzBjY3q-WX2cwdHAIec_ujDuCP4ihq6Uxru-GMABdj5FuRFBYOPrYcjo9GTH9EN7zS3vA8SABB0TRXhrufvG-H2wZq0dqOpuJbKuOGgDv9ydjEgdthgb2SgcEZ1hX_5uXjL8uu0JQ1GZbRHOeqkP8rzpsNINIFJF_DA0H0mgl7Q&key=AIzaSyCjh9aj5KcL4_aU4229--ATJhvbcTNPmUk,1.043081,124.6771022,ChIJr0amONdThzIRPqc54uQRiiY,Kota Manado,Sulawesi Utara
Gunung Sahendaruman,"Gn. Sahendaruman, Lebo, Kec. Manganitu, Kabupaten Kepulauan Sangihe, Sulawesi Utara, Indonesia",5.0,6,Wisata Alam,https://maps.googleapis.com/maps/api/place/photo?maxwidth=800&photoreference=AU_ZVEF-lG7mflriSqYi32PmsEnzvQNMOF04j3pP4JHEmqS3S_jeL7fs3ET2mFYN5QQIjmH7hhiyoFh4Zlpj6qpL1-KK1h3tpCuAxGKOZNAPOzs_d6iJCDDR5iUaRE-1s2akIYKUHtbiKKN0Tz34KQVi03cL5N3Umpcr4WRhq8ivlDFP-acfq5LNpSxbrxEdtTpD_0NsvcBU68VdBuOVgxnwrgVL-_Ev8qnxhnhOEuZoylYLBM8P4q9zvn9wZbYWi4h1wpH-n_tc3aNMlYr_afl8a8jcQlqqLXoGORpbOPOA5pa5dGDlG-vbiH6dAVabrVwiLs7uSCikY81ZxK56gPUnfMBjz4cd5vfIZ6D3r3hUrheYo_cN_Ke1Ip-dim6lMDs8NIVqCVXSCR-eX18rzy7Hs5dji9Ye8Zg8VnDx6nHva-g9aLo&key=AIzaSyCjh9aj5KcL4_aU4229--ATJhvbcTNPmUk,3.4980556,125.5130556,ChIJ51wy2LejizIR0_CD0DEoV7s,Kabupaten Kepulauan Sangihe,Sulawesi Utara
Bira Beach,"HH7Q+J95, Bira, Kabupaten Kepulauan Sangihe",5.0,6,Wisata Alam,https://maps.googleapis.com/maps/api/place/photo?maxwidth=800&photoreference=AU_ZVEE0ulCj1xF_UQ9nB0khai-4mvUHI99KP0nrPYzNOrPI11raLtlTn6i4erUSjfBTZggk0gc0907NPvWgMW2uuq6Ee93BLcsm4Ip3D3LjTDCCbNS_nLxa4ZTgJ9ib07bl3mP1bwoOKop7ROvbz_qXEDMkido8XlISeeM4iS4HzIXzTMnqojrAvxDNeLvzEhr3lgaSUrj8TeWZtQjAP3liG-oU8HwE5B_a7D99VWEFYD0RV_QMqFqhJTJBZwLzKlMDyV46cCIUkRUKtwigT3HEKMWO0v4dNd5AuMEfGEmSCyA81KJiCl90IbyJGNsqcTyiBLvBSkG7Sdw4Uxmhjs8rd93sL3Fip1mTa7e3aqPM7ba-bc3kjcjBrv-yRIGUVVNmPWPcumZK_EsJP_SPcV8zbW3KQceJLPPXynzz4wC5LOtafk-LMZpvW_gdfQ-KezOM9CQmiC8g39BVYJ1a8acq7cnZMpLbsVA0zB7EEUO-nDUanV2S_MeX6DXM2QVsln3Z8WRnt0kARylRVPQ-BulDoGltc3eojNtJSh0QVH_jWBN2Kp0hJi7-JwAzK-snE9yB4V4wlIGq&key=AIzaSyCjh9aj5KcL4_aU4229--ATJhvbcTNPmUk,3.5640185,125.5884819,ChIJUaDIz8afizIRRgPIsM4c6GE,Kabupaten Kepulauan Sangihe,Sulawesi Utara
Kuma Beach,"CPF4+696, Kuma, Kec. Essang Sel., Kabupaten Kepulauan Talaud, Sulawesi Utara, Indonesia",5.0,6,Wisata Alam,https://maps.googleapis.com/maps/api/place/photo?maxwidth=800&photoreference=AU_ZVEGU8kGQeodPnhlwr6NqSy6wk7iQdCwTz9rxqhjdmlEnWGK4mTnyH9hNkIzpIOjmYPFXDAqYBhLT0XcKitf5DX2gJmGK-F2q5uBEOptFXrZ4iu0lrvTQtCm7WA2XbSUlVS1x_lBKbTLASJ2SGEoxCecK--nKJ6oC8X5xF4L-cqPzEVgMGEFK4AAeKqiln5YXH6DXBXL0vioWn-Dlw3mZJjXUnmsEByyHaB9lShGpgrKIwIVPVA4Q1cjRv-MgiBMnDl3vg3yik-efgsZP6eVxHEV4qYyMR-Vglm_FuRLq-0v3KBRxvPI70roa3Mla8RZwTmsEOj2-XDiYavGrRGt9sZQQPvVUpZmDgsaEsK5f6MyEmjcnnzcsMeTdFW6R-81uiI8txJh5UtPfy_HnYDTmdJX4Z77gmhrtyTJljonK9o3ll_D72eZDC02TI6fJIZjJ&key=AIzaSyCjh9aj5KcL4_aU4229--ATJhvbcTNPmUk,4.4230316,126.7058765,ChIJVXqhFr_l8jIRmELa0RXgI_w,Kabupaten Kepulauan Talaud,Sulawesi Utara
Air Terjun Uedele,"J6Q9+7HX, Uedele, Kec. Tojo, Kabupaten Tojo Una-Una, Sulawesi Tengah 94681, Indonesia",5.0,6,Wisata Alam,https://maps.googleapis.com/maps/api/place/photo?maxwidth=800&photoreference=AU_ZVEH6CXTaSdqUNCouWJmDqwmcwtxbN0lzyyQACM9BYsCxylKYeDHA72UgUS0FNf1o5P6HEUiGVJLLGFk2Zoyf31QYQuklhLa3eKwbH32hpuROB1V6SjpNhovWsq4B5q2IeiYhFYvDEA_fRP8XAgoSjmdcOUCCOPh_nMe6W0tQFRsVSj8jQ_zk71LsOxSk6FzESFwL93Kmrf5iSA3fctD9Bx6tXp5dRPJL1lcKZ12sgE39V5pDWZ0uP9V55sWu5uhDci_CID-DF06ZzwQUexM7TsCi5RiEF71mAZjmcx3VQyM-ReOfBCylmm9HSGNE6ha-JPmw1W1TMQHVxAFaiUVUW4FCW8Qs399Okq4tZg42ncYaPRKmgoDUNFQOqoBpPS9Ejb7_FPa6dUw52Swc4aAQ1KAitG7reS1cIIykgfcEPfA7wHk&key=AIzaSyCjh9aj5KcL4_aU4229--ATJhvbcTNPmUk,-1.3617537,121.2189952,ChIJC1IkKW8Vjy0RZgYzJIWGoKc,Kabupaten Tojo Una-Una,Sulawesi Tengah
Air Terjun Pesak,"R9RF+Q6X, Ondo Ondolu, Kec. Batui, Kabupaten Banggai, Sulawesi Tengah, Indonesia",5.0,6,Wisata Alam,https://maps.googleapis.com/maps/api/place/photo?maxwidth=800&photoreference=AU_ZVEHa5lnEz-d3Ih2OnuoBjkDsKLAyHU92705s_AIe6R_5pwA1Pj1c9JRZB2JbIJRISK39h1-0djmatM1g3TConAcg35n6g9c_yr_M3cpLKQSL_VmIB1x2Gx85WTBegO6H-aZ0UpWv5uoGmNfc0bJCAeNZFa1soc4Tfg-IyBZMCpkOUao5owC0roITTvnAP9EdEXfJPRcNDzp9pUgMeAbza-BLiKEYbjugMb9n9Ms9quUaCNsfWPgpFlyRIQsYfuMUhPEeSu84NsMk1muY7ITLhEDw92FAgUn7mETZE-qAHMPRPXOZNWVeWFFF5G8x8cE5LS8duoR5yx3X9FyxzMTaE_Vo1Jw4UN55kMLgYqvN4DAvurfoAwolTfEc8vZa7-EYU455ceDxxiITGNmJBzERt7eEH3_SIOebkH3en9bLlPGznyGjOTh541ZkEZzzYivM&key=AIzaSyCjh9aj5KcL4_aU4229--ATJhvbcTNPmUk,-1.1580157,122.373094,ChIJITOxdQAzhC0RJ4QcZtLbj2w,Kabupaten Banggai,Sulawesi Tengah
Speed Paisupok - Azzahra Tour & Travel,2QWR+VFG,5.0,6,Wisata Kota / Landmark,https://maps.googleapis.com/maps/api/place/photo?maxwidth=800&photoreference=AU_ZVEEsaAqLERUhha_WOgH5Dv-CiCWNrleD47UEhxKRza5Buw4WA1j9nO19jZVV0D-FVa_uarY1z7lWnINZ3y6KsKJYy7_vNxeKHpzD5Ms7Sf1X0Yea2on3NGxLC_enHFnzheJxqx2rA5P_C4R2pENFDfni3MRujreR_lmXVRI2WQMVa5KtNkj2avZt5lTGyU_c9e4df2yA7F7ay9nn0evtImnJlZLSP0Ewjih9e_-3_GpcWNX-1fwyPimfDK1dCYoQ7_Y44zAbj6rROB4h6yXgueI09-v1Duw_rEzL1ixqCXuTzMvQvCLnJt_oXHiZJg02hZ4lEMLaMo7h9oJPhuPcCI0xBW4nqiTHpCGPK3PvEMNxC8DVcSF7sy8l8J8VVcs6g3l9EO2msSxU4R-vhTMBAINadFuRtTXzX3p-9mkidL6H3JUYGP7Cz8_dvsrox-IdSHwoAzP-zaIrryoxI56BDCAXS5EvvHjrMGSFYBm-Teaa_AWjlz-QVNkUHbJ0tK06M_Jf7ElqQ0pMyNewOc0lQGSse4z9q11FL_yLlJjE8hJn656ioiZEIs2JAZUWWWUfHiZ-EcVI4A-qQ-qaTWCy-UXsGVjRto7pPu3tzF7fD0xHD-RuuVUSmSUCkYzbgkKZLAd70qPLXp5xU_qCiCqlqFJY5Rs&key=AIzaSyCjh9aj5KcL4_aU4229--ATJhvbcTNPmUk,-0.9532088,122.7913299,ChIJ_U39PwCjhi0RM7unpcSAqPs,Kabupaten Banggai,Sulawesi Tengah
Pantai Bandara,"Jl. Dr. Moh. Hatta No.2-4, Bubung, Kabupaten Banggai",5.0,6,Wisata Alam,https://maps.googleapis.com/maps/api/place/photo?maxwidth=800&photoreference=AU_ZVEGSBx_LGldlqTB9nCw99Mu02IcYcRhZCujbogqwNbhfhTY67JdE1HclE8CBGtyfZecS97UV3R__IC9t1CdbpPp11XTxr5_TgcSz4mp5jOczRVA_kUV2htVW8ql_P1XkGQ9xMOxJDZqynrZmKEOgY8B8DrirXgbESVxeSuf9MjrKm4Ir_CdNrZSNBxI6rOQgfqPSCTFxLk5r29yb-4R9Z3x3NR8rtdr73ay6v3DtNgY-nOaZ60OHdRKNArYIHtr30RtadgY56eS-t71RMfxGbi09i4MIgkI3oH2fwkAR0Wb1DA5BHsNXTEXiyhbHkdfjGdV9ooS4UIg8LdqOnNc9BvEQqJDeHLScy-nzZKeqUywltJqXV27k5gGidCpdwylwUUryxpnSX1JzaY0AIJNwp_QVEJnVSdVBfklyA3tz5sIX4RwqDnJSjMWWnuBIID37guC4Bvt5MuXmw_aRjzXqHtEty1oq1xms1h-mc9O3qvCGZdh_EUkNLOqAXWHIGW-d3iwTlQ4VJ1kX3xW8OebrjVPlj5Asp3R08xKGfiHC4q315XLuM1CXEx5C6x8sLX35UOlKsL61&key=AIzaSyCjh9aj5KcL4_aU4229--ATJhvbcTNPmUk,-1.026349,122.7817386,ChIJZR67gTAfhC0REU2gs7XheFA,Kabupaten Banggai,Sulawesi Tengah
Pantai Melambai,"7JW3+69, Matanga, Kab. Banggai Laut, Sulawesi Tengah, Indonesia",5.0,6,Wisata Alam,https://maps.googleapis.com/maps/api/place/photo?maxwidth=800&photoreference=AU_ZVEHEGK_m1d15Tj5FBoHGDBWZWH3blysV33vX2__JaQUL08LvAu8KIeBydSjFOdGVhKiqTV4EuK6ucEhHLK5agFfFahh9lQ8-HZ2JPTbKSNKAopv0NDNKfr8x4VL3QWV0nzXDjanLB4GOM3DBYsiQRwQgnClMe-JOMm8UiLQuVZ1mee_oyNbywycs8vKLokTCOA3gtC3syYWlQ-VNKXSukKL32TD1TEvdB3CTZifQJ1EnLhUWifuCRw_0EGifWmUdMNCMjhfJ849PDE6dLdEuVbX3rjVQUqsI-s59pI6dHqYyHXLjciNPige08BLOd8K13sWSv00afjMTAdmjKAH2JxyS7mv6DYZ768pHkVkOoiyMyxS4oM51uVGumOFVVLIcBFp4Q64doWedr_L29QjjrfNxP5b0PhLv0Fpdx0Dwlvp-2ReL&key=AIzaSyCjh9aj5KcL4_aU4229--ATJhvbcTNPmUk,-1.7044375,123.6034375,ChIJl5T3LaMRgy0RCLoEj2gAYws,Kabupaten Banggai,Sulawesi Tengah
Makam Raja Sao Sao,"XFCX+JX8, Jl. Poros Bandara Haluoleo, Lepo-Lepo, Kec. Baruga, Kota Kendari, Sulawesi Tenggara 93116, Indonesia",5.0,6,Wisata Budaya & Sejarah,https://maps.googleapis.com/maps/api/place/photo?maxwidth=800&photoreference=AU_ZVEE7XRJrjkBqJSQIbOaXcm3KCO3JkDZwTsFuN9ZbpJYKhhtCIANhNwMzz4Gix_HhkPQL_9wbYpvYei-XEb_dgkMK3gYqn_Fc1mV8ipz9idyzZkWFLFoFmCrBa9bxq1SRw_0c1VOJ_KKUYtuSP2AkN2lhGQnINzjU8iJGYLyDojokeN05DGAsY9apZweXyspS6Ze9n5liNHq-7B4qddr1F7RE9ResZm7gLKVZfUYahLvS3tuxUkumgjFNwMpEb2hQRUVHF5DOtYooiwckOXQHn33kM0FNbLl_E3uiRh-Xzw6pLNkCHIrXs-WpC186TqgI5LKOUa1HKfwGCtnZF0zSOoeAbdz6toWlXkEBwXDAAvFR26uK_jYU8zL6l8KDr3bwWcESQBehYFtkSqgy7qYrto9x4IdVcGwgcXpCmm8xZcc&key=AIzaSyCjh9aj5KcL4_aU4229--ATJhvbcTNPmUk,-4.0284593,122.4999468,ChIJ6W41CdiNmC0RueluhStOSyg,Kota Kendari,Sulawesi Tenggara
Air Terjun Wawondiku,"945Q+PXR, Bandaeha, Kec. Molawe, Kabupaten Konawe Utara, Sulawesi Tenggara 93572, Indonesia",5.0,6,Wisata Alam,https://maps.googleapis.com/maps/api/place/photo?maxwidth=800&photoreference=AU_ZVEH7mW-Eo0xWVQdGpUFCxr3NT2zE8EgTlUFmphLX93bqF9GQN0jjnh1B8q51rKddY0LCYEtdLycjMzPE7ERfmGd_u_qMTy1pmsBzjmTODohHN-WSwnvarK_nk2xSbrkNnUKcHcv7aWkHPljwTLF4V0mCeFAZpirZqPEpUAiZ0F_of7UHL3PHzQNOsqbbeR7hHTabq9TrFUetmTsjH7dOEl9reORnJ9LucGjZ46-A2Ym0JFkb4PSShnDAzCoaLx7CflYc58T2ftuzw5tKugK9Kp04K4RIgrW5izg5_LoTWGLspP03gkg578brZ1mILnhYXNtLnMVZRm5uknX9LmbtZNXqOB_k_exSrSLYuRo_OdQWn3ntWSFYmrJqzLeIS32hRh1lGZJ8Zqbj3dhilD71_ZUKSvyGjthimDnCe9OB5St_Aplc&key=AIzaSyCjh9aj5KcL4_aU4229--ATJhvbcTNPmUk,-3.640647299999999,122.1398766,ChIJz8NlNqixmS0RQVKlqXyASv8,Kabupaten Konawe Utara,Sulawesi Tenggara
WISATA HUTAN PINUS BAINI (HPB),"29GH+5VQ, Baini, Kec. Sampara, Kabupaten Konawe, Sulawesi Tenggara 93354, Indonesia",5.0,6,Wisata Alam,https://maps.googleapis.com/maps/api/place/photo?maxwidth=800&photoreference=AU_ZVEHBzfIQ52CQM8WFtbeNbJfvBXEsQ9b9HmhcWOD3eg2VIvd6m14CQqQmZpQcDCVWgys-OOkKPlFasFOUQAfdAvbe-jsya5oGO5k3yp9OMZUQcBsoQRGuE_lH8daBkFTaSIa94zpxZL3XcZmglblmvjYSJiTJrG2INpeHhzsguHSqxt4BdkbE6U4bgSkqyhfwtv-N9HWrkf2O9RZkLkrQh4pLZmjqb2uFRH91C2AX-NMs92gaFK6bSSJ9W9hajG0LAIEfIKZ-OWmHIR_kxyGEuJQhUN_7PumU8-kIYJvgGR1MV8tsMp5vWgQ1L7wamzjS7_SkyqHsSk1GIlqhzI2wwvecUpEAj25x4kHNW0LYC74kKfkwVLF6JRI_X7UlP-_9lHC6--7hPtN-pZWqKe4ZZAf6QrYb4Sii4m1qPMTY5EMf5s5Hmy1aAJHkPjEe-qJc&key=AIzaSyCjh9aj5KcL4_aU4229--ATJhvbcTNPmUk,-3.974549299999999,122.3797395,ChIJz8h-UQD1mC0RRKSIAoqFVpM,Kabupaten Konawe,Sulawesi Tenggara
Tambolosu Waterfall,"RQPR+RJ, Tambolosu, Laonti, Kabupaten Konawe Selatan, Sulawesi Tenggara, Indonesia",5.0,6,Wisata Alam,https://maps.googleapis.com/maps/api/place/photo?maxwidth=800&photoreference=AU_ZVEFjROxtpVxe-JLYR-oyvARF1lh5ZRsoHv-l18eL6IGXugLbp37RLu0mbdSdpD1yHWwZUKogXDKXJI-1fkIChpi-Gb1OAExJJRVhvvyFEffTxQvW4S3b9F7kksa44pivi1tYz5wBywcBNFa2CI2seSMHcx5iJqzBJejrIq0QlnvIM09fiyx-YCZAaFXKoWymA0QF_Y45kQ6bBNo-IwTNe6Hk88D58NTsF3vc5Nif-DZo1Q8Hfz0MlbMrgBCGO000kjj7no2aJOuqVMDR0mvoCxwRpAmJi2cwOxJMSo8zBFnYc_J9YevhfLpbU5QrTAzYVM3wi3enIumhVOSQk9J3P2Tgut_bK0fd8N3FsqSVpSV88q0_4AtHjRLI7FbM9aK4qn_kowWNYkyqgW5-nqVYkqArsgFzq4tmpVUdBg5vN8XIlm74X2pzeEQ_bVNt18zV&key=AIzaSyCjh9aj5KcL4_aU4229--ATJhvbcTNPmUk,-4.162888,122.791548,ChIJNUENWACjmC0RfsV3UVzU2pE,Kabupaten Konawe Selatan,Sulawesi Tenggara
Danau Meleura,"3QC3+JGR, Lakarinta, Kec. Lohia, Kabupaten Muna, Sulawesi Tenggara 93658, Indonesia",5.0,6,Wisata Alam,https://maps.googleapis.com/maps/api/place/photo?maxwidth=800&photoreference=AU_ZVEFAuy7NFTOKkIQ0niEqpJYxnkUcq8YqSzO_7fjzf6ltgEG2CZD8b_cp9sHcM_nZ0pqwXgFxbitLmlEgHNgscoeukHgqCTmMlmvDY2Od78g2JSl2odvMFNPNmFsVj8OK5gSGuaduPxdLiBlc-MExeJuw1w3RzmYl0BRQ-3Rd4wUJqMHapdtMrxx7wd19tcGP6SK6BFU_JQt-qnnuNQ8Ssu0p7kKW17CgxsM65e7yxH6cOS5eqc3P_RHLBco-8kKG9D8I3w6Bgi_ed7G7BAo9LxwrGExpGMV5iYO9MLlXIaCMH50oHiKl8HX02DBV05u5pgr3bVqz7CvNHaiTyRGws2_VXp5LA_zV_af1d1y4BITjT6Sc8mCyrKE7ouBzC3DY6RsfuWYSQJqUXOwg0GSP3kVj6-VAfN0OAun---KZhwch_gfIWAFu6_JtxALmJSMq&key=AIzaSyCjh9aj5KcL4_aU4229--ATJhvbcTNPmUk,-4.9283944,122.7537786,ChIJ2cdaX57Joy0Rqz67P_1hhA4,Kabupaten Muna,Sulawesi Tenggara
Gunung Ombo 1200 MDPL,"waopini kec.sampolawa, 9MCM+WQM, Jaya Bakti, Batauga, Kabupaten Buton, Sulawesi Tenggara 93753, Indonesia",5.0,6,Wisata Alam,https://maps.googleapis.com/maps/api/place/photo?maxwidth=800&photoreference=AU_ZVEE5OjFjSkoeIpYyEAZUUVGDErkuOAfOLQeZdvbfgurzIc9VGt5rb63mGEZmy-kbjHtSn4O40dr5PkTxesqd4kncVZZsz429ebr3DwWlURPpcq2DcM4ZE3hQa-LiP0_IxrT5iMcbcmsMhm4oFWm5YyUvvWRCjT3UPlVniCSoNv6l95MNxoFs8oDiEbErDtgskqIFiEQse8MzA9ETFN5ZU7UYwNKiRNhxRoKt899fhpC5G9TBwqLVHBs6HjcqwfVjYZj2iJs1o0CvI2SqYOgDQbgyYSuqxBMrMC39VJ4rXMc9YcE6fXQF299nPN5B3rXu8Kv4NBwAuXBAmhd44JRetkPJ7X9ZiO_zB17IuD5Szxg1a11yol9P2lZW1471DnQjzz5qiL8PYiCmspXaX3_xvEIDSDRJ-5L-8_vhyptbitYN3w&key=AIzaSyCjh9aj5KcL4_aU4229--ATJhvbcTNPmUk,-5.6276679,122.6844225,ChIJceVMzlNtpC0RwfRrw2wlsoE,Kabupaten Buton,Sulawesi Tenggara
Wisata alam lembah kunyi,"J9PJ+5J, Kunyi, Kec. Anreapi, Kabupaten Polewali Mandar, Sulawesi Barat, Indonesia",5.0,6,Wisata Kota / Landmark,https://maps.googleapis.com/maps/api/place/photo?maxwidth=800&photoreference=AU_ZVEFraHR1ItjP9goILVxPWNjLlHOaOhSdp0SU_38AbTLIGw2efkKeIf1J3k400Mur29fFKW7aKpWa_mJr1KH2K8P9Q10sPRtM96NgoWAKNGdtncE9JGJ6STzLxQa6T3Myis-_HwQ6rAIoD4WEmRLgZd0WXtneocjQIFm95Arfh7N0clUiX2rgCgyfkJ6KoS7PrWtXVpsNoR-q-aNoB7X1WAhQsJxmwHB8AEgS3zCRSJp0EkQRyt2mV3uspdDEPuKGd-RsT2ZP2hfYml1nvZUfmFOYtSJszoQMxtf_OMlLNFeq1XxamfPGSHerP_ctzZI4xQdxBe_WXA6of0mTQD1wQHITd3T6GJV17cgnNxXDEDzDUK6NN3TeOqYd8_MQVU6hTjHeYlICS_hi3S56VPBMn08uXSsv1STK7ScnPszU6RIGu7gxLsSEy2oIINro1Hb_&key=AIzaSyCjh9aj5KcL4_aU4229--ATJhvbcTNPmUk,-3.3645812,119.3815915,ChIJA3lYIwCHlC0Rxn4XYBhVuow,Kabupaten Polewali Mandar,Sulawesi Barat
"Wisata Alam Nosu, Mamasa Regency, West Sulawesi","Nosu, Kec. Nosu, Kabupaten Mamasa, Sulawesi Barat 91363, Indonesia",5.0,6,Wisata Alam,https://maps.googleapis.com/maps/api/place/photo?maxwidth=800&photoreference=AU_ZVEHrTyMt30U_n0_OFR8NjiMWALqZh1hAtPrqglSd2m08GVOKlrnCwc9x3JhsSKraJZhIrd5mizqZ6Utx18Ak00fulK4wHukbrOSqKNwsEryACwaTxDqnWid4XALzEZwiBxAHtPe-8lg-hjdYxhdrto-6QUzYD8GoeFwXyQj_i0sXDV37Q6QKnGm1wSkd0skT0NqP-pqVF3JpyUJWkcHgdkqD7UwzMDviqY1Rc9qcksIjg0ZDeZGaYfmWmeJqQFpUiYc-qN02rwY6KtMXmTGYUBcAnP_O8s6q--3nozzNI-pq6w&key=AIzaSyCjh9aj5KcL4_aU4229--ATJhvbcTNPmUk,-3.1266562,119.4832602,ChIJYcokaDeDky0Rokv0DaQPl4k,Kabupaten Mamasa,Sulawesi Barat
Desa Cahaya Biluhu Timur,"FXV7+P95, Biluhu Tim., Kec. Batudaa Pantai, Kabupaten Gorontalo, Gorontalo 96272, Indonesia",5.0,6,Wisata Kota / Landmark,https://maps.googleapis.com/maps/api/place/photo?maxwidth=800&photoreference=AU_ZVEEMR-a8Cn64xNrJo6nZ3933kxfVp4t6klzjRbAgcSQ0nn9y7dIQLs9M9yycvrVAynA9q4Fw0dxWgWSGns7BM2uHfZ_REVRNu0M6glhiwn1f3W7DDb8A_ksEHdh7ccn3sjO-OykAukEw70r8iv3PrpvF6nHKVTi0D7PtR4FyCthc-WLNNqWUmuoYABjdwhQLYbSS4xwFF8NX__hG8n7DDgQybktYsz-rGYijDpLqrX7zeiQW4Qzwl0szdlp2AybubZXQPg0A6avgABqxoAg0nc_vfQLobxT_Qu9mRpUW2bKuJJusPIHgi3Me0ylTGWkaLGv-Jw6b-iRZTwlCmXE2vTaIsiyKv0oPf_BgUwUZweCJ-k_cNulzD5FwzM5eE_JSJ3xmegJTEzzm3KutpBNdVh77tbzBhSyNbHbkQiQjnXQ&key=AIzaSyCjh9aj5KcL4_aU4229--ATJhvbcTNPmUk,0.496124,122.9643578,ChIJ4dlfFwDXeDIR-R26pRCY8nU,Kabupaten Gorontalo,Gorontalo
Sunset Bollangi,"QH94+G89, Timbuseng",4.8,6,Wisata Kota / Landmark,https://maps.googleapis.com/maps/api/place/photo?maxwidth=800&photoreference=AU_ZVEFQDDvg5hb0WCLnNXwGwY9317x9LZkoFJrBP6tjThqDE22LgrAYlAh5NqXWceopLS9EpWRkap0SVfXXY1u7dY6SZCFgfBgqYd_mvnqw0PF2-L22xMJgWDMQJHrXtuyjKoPlgMK03YxMPGAyQB5IbRfbGa8dJjqO9-vsKxOqlpdvZvGPY5mSp5oYNnG2uDbPblqwC_x4ziJy1GSHD5Frm0EWnbwjNTycewSNz-pi703Sx6P0dwqobbAJghbXK_VAGryAZZGvix2T0mpDkUeCjzSIJr8iUfcqAy7CkqrIQJFCXY8C6Xwfh-9Yesl9HbFTKtzCwEcrr6IgpN1lsuoO2VSU8YXfeF8XGv6pkfrWpETWtuA-rjDC-hjL7zSfHZy4yU3A4jZSWNhezJr_z6EZMMySXnpmsM5rJnel-RXb482ciguyH0Q98ik3pxQbuAhQ3h9OF0aiO2hRMXIJ6C1K9W3pHmXjTPlUkForv3G9A3jTccR3G3kw9TqAWz5ICd7m7j89MPbU509Kl_j6y3x0gBn56Mbmeih4_SKbWkE_11Kr5tEh193LoiyDKDT1tIZUX9o6-4UZWmI_Zv3AMs0K6SdmHflBrVHENDN_Qfl3UrOzSG8D8TCM6rmZIw7JyMy3&key=AIzaSyCjh9aj5KcL4_aU4229--ATJhvbcTNPmUk,-5.231222899999999,119.5558532,ChIJTRrhcADnvi0R2mTPs84EM8g,Kabupaten Gowa,Sulawesi Selatan
Pantai Pelelangan Ikan Maccini Baji,"6FGR+WRC Lelong Ikan, Kabupaten Pangkajene Dan Kepulauan, Sulawesi Selatan 90651, Indonesia",4.8,6,Wisata Alam,https://maps.googleapis.com/maps/api/place/photo?maxwidth=800&photoreference=AU_ZVEFQ09h-d5gr6Kdk8qlDTHfSoq2rbHc03yE_sWxVlfIGCMMBa1-r8nmhBON6O6-wRl5OZNoy6qdx-BQAOxINv-66p-pHBpcgwtu8TVi73i1Px1u1QGuaSqgwuWKDHOlYxVZRYyx4qO73jFEUJBH7uutNmqaPm-HfEZ8M-4Bd5iQmbmC1WmO4yuqRZvpBrCHNEScKdmQWAN5OxMfnM-Wqa0yGcLwvs8MgJUa0tOu9RSRRITtZeVv-iXxQe-65sy9NihL7zVwUSY3JtzLB2wspMbSHt4p8Z6ul94lbXuA-H0x9W0ufsO2r41Ly3Yp3iHPzHih-bwYhq4qLteWwSGISyzMPQ28PvVrr8rPQM7PC1W01qf7oxZ1OWMs2RoPqHN1M6e5XMXePHKXDvxrO5EGdvNOH5-i57n-IopcBgjCJkVGKUw&key=AIzaSyCjh9aj5KcL4_aU4229--ATJhvbcTNPmUk,-4.7726964,119.4920019,ChIJhXz5PwpMvi0Roc_GEz8QD04,Kabupaten Pangkajene Dan Kepulauan,Sulawesi Selatan
Rumah simpang tiga Petta worongnge,"RX54+3MR, Worongnge, Kabupaten Wajo",4.8,6,Wisata Kota / Landmark,https://maps.googleapis.com/maps/api/place/photo?maxwidth=800&photoreference=AU_ZVEGmL-dxazy5444cHoMT94D48J0OtqwhJANbhwh7lvsh9sPUA8qN_CoJkNcGMdftosnUXsfoxmYSIfey_IZ50RnA_3yRJtShvXa28zwNiTbb3NAxNZypRO0H2TVmqj0yP_PAPdw2nTxRxOW6joGCtX7421j-fzmabzsRiKTTWRlS8L_23SH2PBpQ0X5b_ylIZZc9IByeEIPL6UUThIh_mRnktUeEvkpmpFGNXx2zW895fsGaseI_hDt50b-wJzS12e6FzfYY2umAMLdZwqm2GaseYffYfznWM1DpeZZM5ZoRaWVFwzxxm-W7gyNgXU0Rhas_auCZGbGmWhOmsdYgUrkJdngwGn0xYZIw5jEgl6d0FoHuAVbctxMhTWCwfdfVoy9WPHWnYBHOgdvg5tGqGU5WqsSltZaGmYJRcYwXTfHCqZwWDx0KoATK7PWDmbt-EHsLchnPtn4rsp2UpauDBs2zjQMzLGimC5SbDd1vb9I4ampeFaWiUPVhUCBHCREzQHvt5LEibWxgufUBxm3a8s7iRI1soxkxelyro85f_oOHkE1pVhPIn6WIfPGJM0vdC5g&key=AIzaSyCjh9aj5KcL4_aU4229--ATJhvbcTNPmUk,-4.1922692,119.9566544,ChIJBTC7wGHvlS0RKWnBphyyIQU,Kabupaten Wajo,Sulawesi Selatan
Moncong Loka,"Moncong Loka, Bonto Tangnga, Kec. Uluere, Kabupaten Bantaeng, Sulawesi Selatan, Indonesia",4.8,6,Wisata Alam,https://maps.googleapis.com/maps/api/place/photo?maxwidth=800&photoreference=AU_ZVEHE6a1nzRKJ4VUFAhzhk0Be-fiG6v4Q20HSfNpvmEpXy4FZtGIi8ZBmKmoMB4W8_sntsC0huUI2g3aTftpM8ad_J3kjTsVM0z50YGJFog5o1J0FYjS3WyS-ZFr2EIzC-LiWfJpAjJgSboV6N3VcEDw7lEpFd7kwKJ4CbYb1nBR_CXJOKtfvaEmX8KKCZiPkb_HDjnXbg0KvHhB9UMhzerq4r9Go3QUplTQzANgwXlrxs5Nd3vcGlYVzsV8FC1EyDTdpa9lpDKfzZrYBISAPpS9AH70As2OI2j_oqlbrgwoO-6psq2WwDyMVVWlTXFOx6MfNNT4L_TUeNQktGReo9Cw-OZe3pTRtdFH_WpekU_38MbxwjoMUOFySthi_DaszeFl1TapCXcNnl1y9-aAgHqK-jEGfloF3sRdAbYutAwO__A&key=AIzaSyCjh9aj5KcL4_aU4229--ATJhvbcTNPmUk,-5.4461111,119.9227778,ChIJ5123Yv6wvi0RM_qKc42EgfU,Kabupaten Bantaeng,Sulawesi Selatan
Hutan Campaga,"G2QG+C7M, Campaga, Kec. Tompobulu, Kabupaten Bantaeng, Sulawesi Selatan 92461, Indonesia",4.8,6,Wisata Alam,https://maps.googleapis.com/maps/api/place/photo?maxwidth=800&photoreference=AU_ZVEE55N2uTnm8my3GdtppVqR69Zdn2O0mnws639NmEBAahoHU-_g_JUlFKSSX4Yd7HxkNEzdKnFbsmwuBmx7wCbtLhSnzfsWLiiF1DB2jvjvNaBeuXaidxO__qsXGYRAqlXnF87rLiNVgyfv_0U20LduTjeDhU6qSTMhx1olypQA9GdR0z5X7ZUT684SyqdwmKhKOjRLdFP2INyVYij3_yFQP4h1doB7NFxhSsKu0L8pVWLj_3LOtZ_GfIc0hvuwSs-v8iGw-XKBSOWTE2Dlel5iQaSKPaXYAedL6gqRTmPAcuKXYp67Bw9bImR0I8xev9rhouEBSDDZA27FFWlTQ-6Ej9cyh0WxIkFtuvIY2eM-fxtqIxm0FxNSQpNUZH_FL5o2IpT7JlDbC7bReDYViXskJYRwnYwCNG45pdqMGOIU&key=AIzaSyCjh9aj5KcL4_aU4229--ATJhvbcTNPmUk,-5.4614134,120.0256693,ChIJ5QcjVsGvvi0RFc0raGr4xD0,Kabupaten Bantaeng,Sulawesi Selatan
Bukit Arung Bua,"Q8C6+C3H, Bua, Kec. Tellu Limpoe, Kabupaten Sinjai, Sulawesi Selatan, Indonesia",4.8,6,Wisata Alam,https://maps.googleapis.com/maps/api/place/photo?maxwidth=800&photoreference=AU_ZVEHbc2S8D1bv9Knh7F4q1ov2Y-e3-4r9bC-BvLgvw4u7ms-os3cBd9tz59TrflPQQmL0ke2eh9Tw2h4wyZTewVjdxMKvkGUimrUk_Yz4fdpCd5vXpUDwQz7wG5TaWJnLxwMQn8w9glirP5hOMNAhGzfrDyiVkk1DYPtoUQxklcMvoDXGQwPcsoAtTXXqUEE6NJ5fOcjOuV37-RLoOWxrr_6VGgresktI0tit8aGGHClrqV_lSluWA0a53skj75Czz3crKvV9oJ-bMY99IJuZlXSRkWecRxW8_65SnUtfjNpdhZIvuhleWsoRhGIsSzAQiHeMgb_fSU_j4hPlsj9Uwx3uDkHB0qn8x6xFUCsmdhq9mmT3MvGQk24mBnQWYpO1DRXT9hnNsqhqPPpcjdnYCtHPjeYebSlywv53-OVJ1ChlPA&key=AIzaSyCjh9aj5KcL4_aU4229--ATJhvbcTNPmUk,-5.2286183,120.3102141,ChIJb9im8IIjvC0RAZBYzyMeYEc,Kabupaten Sinjai,Sulawesi Selatan
Balara Beach,"3G9Q+H7H, Desa, Balang Butung, Kec. Buki, Kab. Kepulauan Selayar, Sulawesi Selatan, Indonesia",4.8,6,Wisata Alam,https://maps.googleapis.com/maps/api/place/photo?maxwidth=800&photoreference=AU_ZVEEtAz2kVmF5PrC1Wwb-tGJHWESFiXsEvMKIlAunbXak7V_7cKzuLCiYA9DfMaYi2P8xYABAaRNhnJm8lv8N-eW6SYOcvireTl2gRRJu-oBoGBG1C_HYWhdMeQkSWwEOJsAQ5c0u-krX8eDhpuh1UErsnIK4ZLcQ4zL0ULt1oOHrLkWs8f-UjQfCvgsh_9DC4zXtnHgH3KSA01N1sbe20CUSdZejTPdkvE3uZaSg34_KS4g7TEihjITSJBSkKKnVvLXnH82ssOBHpYAu0drKRbd78NSVHFLZGuDUuQjsT8xtQgwDMgHvmWLpIsyllH5FJjeegQLeWks9Vn3p1vqmn-JCgsl7634d1aAZyOmT35VT8n25Ak3xhML0O5rXm8DQeZAj0uemF6c5gbtGTys6R_5YPxIkj5hNvYYWXm1ze4kIKGBIE51aNskLrgh7yg&key=AIzaSyCjh9aj5KcL4_aU4229--ATJhvbcTNPmUk,-5.931073,120.5382428,ChIJ00NSnNK5uy0R3vpBSqQrsmM,Kabupaten Kepulauan Selayar,Sulawesi Selatan
Enrekang Mountain Viewpoint,"GQ9V+HQF, Jl. Poros Enrekang-Makale, Bamba Puang, Kec. Anggeraja, Kabupaten Enrekang, Sulawesi Selatan 91752, Indonesia",4.8,6,Wisata Alam,https://maps.googleapis.com/maps/api/place/photo?maxwidth=800&photoreference=AU_ZVEEnpOdi0nbND1h0wuzdHq3UIfJlJ91YHaddMRJKeqrRfZGN2G6egKJTb0fqLPK8iPp1uDVh8LUSogAiJGx_MZNflvM1VBWFJtj0HeI9UlwtxY4IPkC75gqknnAU6nG3UTWdupCj132L_2g5zHnTpN_rJQm8HCc36VZkd6Xl-6LUXXABvhuv_5XYoBwJ0YiQCrlvS8WmSlOuX1q3rJHA_dz4YYob4WHhcR4pQj4WXSGtZrOfaXPsekxGplMcYGj7CqUGO8xjf8QRn51DfgCMx5Tuws3c_ZAtPcO6Q6m21bwgI713HNkiLHPOZA_3H660jNsDyzLO8JN-W7VcsFJF5I3JhOd1sLfK81Hu9nGv9-N-DjiruIwmMhWcyvz0js6mBrLNhMyOl_-20S4HF34NOTmS4mn8NnL87lrvIsiQkH2hNoE&key=AIzaSyCjh9aj5KcL4_aU4229--ATJhvbcTNPmUk,-3.4809384,119.7945631,ChIJw8MGp9kVlC0REU1Nq9B-FHE,Kabupaten Enrekang,Sulawesi Selatan
Pegunungan Verbeek,"Pegunungan Verbeek, Sorowako, Kec. Nuha, Kabupaten Luwu Timur, Sulawesi Selatan, Indonesia",4.8,6,Wisata Alam,https://maps.googleapis.com/maps/api/place/photo?maxwidth=800&photoreference=AU_ZVEFL63l2sjrw6NKHXt0Uo7rGoAdqOtO7ISJh5i2Lrnotli4UCrBJVV2fpeSwBAbf2lIaNsEVEFAwkBnsB32b1G4LkyxG8Vz8ppGdWJylTEDRXqq4DMFI70x-rtdHe9tOHB7w9VCP-MGq2t9x9GbQrGA93K1mAdLPn9PVggVxz9um7nQRRrsAH3x_xfvcta5uuVPA9Fv7eBF_NvpofHbwH4Y-sZJbUwzQraXiro3n4WeXK2Ne2pXaQM8JnAOUS065vfXGhICity2AvmWYloVNw7mdWo1zNAO0i6dmoAbe0jQkQTVkv-wid0TOP1KpTdOdW3kowerUb3ORBoO8QIpE6Un55mG3bUfPrgiNyvUDN50Ft98eMzjJfUQNDnPp4g5tTfNQMKvf3lX5zBd2Fv9f2RoXNmdgPNEjbZdyCNfrRAfoXaMn&key=AIzaSyCjh9aj5KcL4_aU4229--ATJhvbcTNPmUk,-2.5833333,121.4166667,ChIJmx1U52VjkC0RxF1GQ5EHoLU,Kabupaten Luwu Timur,Sulawesi Selatan
Paket Wisata Manado- Manggis Travel,Kasawasan Megamas,4.8,6,Wisata Kota / Landmark,https://maps.googleapis.com/maps/api/place/photo?maxwidth=800&photoreference=AU_ZVEG31miRqiJygPgnCYUmj42tZEI99V_0DJbKK2iZtz9Z3QVZylBRtoDthJZep_CPbAYlGVW52X1wazONawOhKPfxBNIQrEQx8rLzcjsb-Aw07zGpjX5CyiX8VWBI1162uks5dx9jHguHZs3ZELbPwF1iE_lA4kaRZ08C-pCvmUn5QKrcB2CHjP1vYvBxjGPJLt0AIoXzsqocONXBONknfeMN9jBOAyBk7zyC8qzqY7haLj9cnTmFm3N0-BG_NM0HeT_QxMu_xbI3bFNOZzYTDMr5mAbfCvSiysJ-Br-RknV6r2ctZpJSqzmHCkajCtnq4I9q4OTx&key=AIzaSyCjh9aj5KcL4_aU4229--ATJhvbcTNPmUk,1.4760281,124.8330888,ChIJe67IhnN1hzIRBjzpNFiIVpI,Kota Manado,Sulawesi Utara
Teluk Walenekoko,"C53G+JQQ, Pasirpanjang, Lembeh Sel., Kota Bitung, Sulawesi Utara, Indonesia",4.8,6,Wisata Kota / Landmark,https://maps.googleapis.com/maps/api/place/photo?maxwidth=800&photoreference=AU_ZVEG1XvY-h8Xr9ChvIsmCKV6Xl5Z8y3uBNxBOGu4J4HpYNFcBTFw5Qthmf5Aet1DYjZVYs9b7RGU_qGvUSsv_tENul0ZCJXlyPdFXAtq6nWnKvEw1EC5dCOvaKbYVisCDvxPo-6u11YdADEmWxNFNC7c2QNcQz-hTgPgTO5Yq2QXYpNquw37BMUD0uRVgWPb6bnetQGslfzxScmc9TmthOOns2DzqqtmDCUvERuGlEO6ALTFneXBJipTNzZqQp0ZHXIrpbEyhL1C_3mqrGXwJ8A86EtCg8vBG_Uz-erO39r-TASeWAEJEaoEIBwJJQfZBPdLGEMyobjQDa4Qm_3ti2wjRlwTZbd4SJlHGPw7B1FlWggdNZUYx5FmLPLkK5eO9dmMLwoCyx25Vh2laPTx2GG92-eP0NL_S_QQDKDAUUpg1x0E&key=AIzaSyCjh9aj5KcL4_aU4229--ATJhvbcTNPmUk,1.4040965,125.1769768,ChIJz1sThlYChzIRysDiXh-QKwY,Kota Bitung,Sulawesi Utara
Boulevart amurang,"Jl. Pasar No.15, Ranoyapo, Kec. Amurang, Kabupaten Minahasa Selatan, Sulawesi Utara, Indonesia",4.8,6,Wisata Kota / Landmark,https://maps.googleapis.com/maps/api/place/photo?maxwidth=800&photoreference=AU_ZVEFvjMYwN6t9Iqi7xRULDM_DKTFJ-j0Txe2VOWWFAIqp5mgaA_--dsUX72IuzEFMT7kl8bKscTKKEnOic9tdlSJ23OzRLVQJFjQ2scoAkhxp4e83iYmtE873iHpFE79dRA6DWZLzuOXO_4VRrkfhGypTYZEwZbkIPPwHH3rsyemHkm0a08VEO7gYR600f3ZYahg-ZAubukUHQqbeZgE61ipT__1G9wpiDwGCB7pUI6Pem0hO9jG2ZiVs8l9A2pUA-eRGLA2uA_NJvHq4kHcdHF_4ZVvLEjNRGUftBXAOFT73AGqI_PqP309re3wZni9IVhh4ZD72PJM3HYFnMyk5itGSzMf2lNACZiKVB-ZIF1Ly_EJdsOod1kZVhYokzRGdupaZY98Di0WCku2cgVbioIDuGuFxcWJfzQu3tnygj-nmkg&key=AIzaSyCjh9aj5KcL4_aU4229--ATJhvbcTNPmUk,1.186198,124.5726237,ChIJb5jLQ3FZhzIR5kerTB7B47k,Kabupaten Minahasa Selatan,Sulawesi Utara
Pante Kalou,"Pante Kalou, Aergale, Kec. Sinonsayang, Kabupaten Minahasa Selatan, Sulawesi Utara, Indonesia",4.8,6,Wisata Alam,https://maps.googleapis.com/maps/api/place/photo?maxwidth=800&photoreference=AU_ZVEFPN6oqVpRW0z_8RVoZMb5mIFWJBCXDtLiytVmnyG7Upg82lPs7ORshRT28jNfT0-vMK_WGRrwygBMRhSHClOgtF7Pg0M9uqCbNXJnduPHqh2aQH951DVudAlbb8NFuCGLcI-thjSCQV9WK2imABwd79QS61CpWIzaYqX6EOgFPvjkwO9zFTLaLuIpgI6oKnDRLqo00AfcPc-f3NrFKmZABh62Z5DUD8th5C4B-ddnI04G_PZ5Tp0ADuzHYd-TyyowvM6zHe8NSmnSyoETZEkPhHSycmBrK4hSJ3zDaxZTmSYkYyusoHsrUYxSJIO4efjNqc67rLeuZs3jUbzGiXYkVYjTBgVx_T0zZuyu3IAxiG1KUDrh6EKUxau3OWEQrESGmKKfzqHl5GA5-CXnunx6T-WvUTwXJEf39jFP-D2FtAD5C&key=AIzaSyCjh9aj5KcL4_aU4229--ATJhvbcTNPmUk,1.0610751,124.3175676,ChIJA3gb0_3jfTIRH3xS7J7Br9k,Kabupaten Minahasa Selatan,Sulawesi Utara
Hutan Mangrove,"QJWQ+CJW, Paret, Kotabunan, Kabupaten Bolaang Mongondow Timur, Sulawesi Utara, Indonesia",4.8,6,Wisata Alam,https://maps.googleapis.com/maps/api/place/photo?maxwidth=800&photoreference=AU_ZVEHUV_6DKJX5mL7faOL0qpS14l86xahHSfuVz-1QrovdJQBHfBHdX08qnjZm8ICoHm2_8dstVxrG3PaWizeC93GUADBnTvhVuOXUDGMe_41KaIV21IB2_EU05ImUcY6cfwtYIOR8_Cj2rWJNHlGHc7LUhMsVy1VxGxFLDPFjt_PaeKMlPu9TZxYcx0Yh4C8Uu-zh6pNcA83O8Enm5SEajzl2T9Js0SdhVqEmWN6QYFE4m6rn6h3OMzfYV4wAEZyKna-UpVxP-gtrXwl31GJ7zBnqo7h6C00ddKWsc845QFDu15pOyKRd1LZnnDHLnjBeSBwpKgaFsMV-GoPg1Ba9BtsONcnME0sXd6qBDVcgUbNO-v_NmASLdfDLWShA8tAqrFD5r88a3y1Mwr8p7Rd23tNHJE9rBRGBQqJrYQyVgI1WMt9F&key=AIzaSyCjh9aj5KcL4_aU4229--ATJhvbcTNPmUk,0.7961016,124.6390916,ChIJjQPieJ6jgDIROhuphKCiDwA,Kabupaten Bolaang Mongondow Timur,Sulawesi Utara
Gereja Bukit Zaitun Tola,"JGWR+P7R, Tola, Kec. Tabukan Utara, Kabupaten Kepulauan Sangihe, Sulawesi Utara, Indonesia",4.8,6,Wisata Alam,https://maps.googleapis.com/maps/api/place/photo?maxwidth=800&photoreference=AU_ZVEGCXL0IKb4JVyZDm5N9NUAlLk3CL_0ptnygqWGE7HdzpZJ3jV4JzJNpBG7U1hsEb2drj2Tm1JAc8dMXlmh_ZD6Y2lCQTbDH5kPXGJKWbAhDF4L-WcOMY7iX7f7KqXdQrP5TJlC4l32IY9XRPUMZ4nwRCwyxWQ6-DmBC_MWbcwrV5-WsFIoYWwNdMxM4Q38kdcr0xvbK-U9DLq_3ptbU3Nwbmt0R2wgNeRTrldtsmXIs0r7Os1kLlG_s0Kz0Np8pAz36gDjqyDQJm6cpntGGAjb-fNBKNYnHh1OfWqJg4qn1afY-ewvfla1SyAYu_SaVwP3OZhmbyh6aiytjjtnA3K87hTGrp_Ng5AXQUzn99zil-uKhX-gn2J-uSkkwL-2Y1n4ZWhXTQHa7B35FmcOpq5JndqbQbfqzkdDPOr0ytwb2SnY5EF6tYrIFTi4IskLY&key=AIzaSyCjh9aj5KcL4_aU4229--ATJhvbcTNPmUk,3.6468551,125.5406411,ChIJp-csyGELizIRjEUFpkQ_3ow,Kabupaten Kepulauan Sangihe,Sulawesi Utara
Pantai Nanaka,"3F8P+WJR Pantai Nanaka, Kec. Bungku Utara, Kabupaten Morowali, Sulawesi Tengah, Indonesia",4.8,6,Wisata Alam,https://maps.googleapis.com/maps/api/place/photo?maxwidth=800&photoreference=AU_ZVEHWjFRfS9m7b7tbFA9dQXQQkPYCC-ccujrSYOswsSsoj5fK0GlOZvK7yBGCIk_YZfBp109_SncoJ2xEmhSVMKEtxVoQvbXalp1-jBj31U30N4KwpBniC3G045uWu8kLA9lsUSqBjHrNppBRMjfmv_xU2OXvPXBjbSizpNTuMEaYwuadQhVKNDez2JBM1eCWXaBeUliL7rxVhBVrS_AWhE3PYMphu94RMaaiAl-XE6YAHxS6KhG4cDrnoUw1URGVD8i7tOfuF_TtgMpRgU7A5u4WTiK0XqUKIZfgGMZV9sCcuFDIiD-JXcINapELraji3YYhmXJGxOTzyHDC9U8E2No-up8BsCsLHzyIisOQjT3m4MvhFDkrqsSuvYH8IaxYibYckMAtVK4UQzV1rJJuoajE_GjgPMV-h4TFwn88MP1aDg&key=AIzaSyCjh9aj5KcL4_aU4229--ATJhvbcTNPmUk,-1.9326438,121.4865237,ChIJu9dFA1jwjy0RGlyJj4cls6Y,Kabupaten Morowali,Sulawesi Tengah
Bukit Ceria Toipan,"Bukit Ceria, Toipan, Pagimana, Kabupaten Banggai, Sulawesi Tengah, Indonesia",4.8,6,Wisata Alam,https://maps.googleapis.com/maps/api/place/photo?maxwidth=800&photoreference=AU_ZVEFfcV5h5xDHhMjbDUu-9NqxB5V9KY0CgGafWA-hTIdNwJyb36PIBUs4Re1tjxBP7ODdLcZddyRCD5EePJB9k6YSdSDp9lv4zVpd5dERLmlcJzdMfLOL8xxHXXof92LqaGkpdAoNjPL68xScMSQiCBrqJjeSLIEA8CBb4rLScqzoC9AcgwH2fyeIqNqzuKTTClHo5xsKhcfHfwVVwLgl9YBe8kH7kPmCyKbgnoBLcHqyRfbbp3PAqm68dM4o7rB1dEfySwng7q5D3UShvBPgQjuYsrKXg9m0q8-SIYU3IE1HrHN5uYgzc6s1vBSZxD0DHqwfLXN2fA1zjkusUEML6M5h-tEggVR2ELRKg6xGwaeScPEsYXF-CxMhx433-4BEzNKz5GnBVQwrvKoTDOYlA29s08_N7FWECmyL1Fs5BOH07A&key=AIzaSyCjh9aj5KcL4_aU4229--ATJhvbcTNPmUk,-0.7778904999999999,122.8727369,ChIJRcMsNXq5hi0Rgcr7_acCqj0,Kabupaten Banggai,Sulawesi Tengah
Pondok Budaya Ayus Piala,"Jln.Plamboyan No.17,Kel, Hanga-Hanga",4.8,6,Wisata Budaya & Sejarah,https://maps.googleapis.com/maps/api/place/photo?maxwidth=800&photoreference=AU_ZVEEXUtTenbHF3wocpmllYHVdgJyeUkYiygBZFWyzajmTTF09b_vuyWAuRFcXMc7cHXktnJetiG6YQcEjOr8y1rDJug1YbtZ3-arj9XHS-hUdwEAqbzhEazDSCzUP0xDg1FtxBoIY_T3_1gcRvbfcqDofiomfCbJRrlmQHcHhRDdPQg_TMEAKZSPKQvKa93le0vbVjga67zYrZ-OU_4F-xpWRslCZjgh9pRoPJnE-aqf2O0YLvBSWHb4HSdJIOw-8IrLUl4OFvakEw3Us6pjqayBtagI0buX7sldqnAJa7DYSumId0I_pogc1dT3o-HuVMadY17V3S1w&key=AIzaSyCjh9aj5KcL4_aU4229--ATJhvbcTNPmUk,-0.9616871,122.7830255,ChIJgbggoVGhhi0R5WXHzHbzOW8,Kota Palu,Sulawesi Tengah
AIR TERJUN TETENU,"Lalong, Salakan, Kabupaten Banggai Kepulauan, Sulawesi Tengah, Indonesia",4.8,6,Wisata Alam,https://maps.googleapis.com/maps/api/place/photo?maxwidth=800&photoreference=AU_ZVEFjzyzZOj20S6xg4COsLkfE8wlCyjmbE8AAED4G_0jmuXySaA2mMRuCpCUGnddf49gYhbytw0Vbl_d74Yy9yC5E0UT4e5MgOoPO3J6TNRBPG86XSmr0soSm2WiepWzPHj_-KBhWW7X-Ip7_Gkvf-qOIqDcsxpznn6GuFUlpsf9gKYwz-11JCfpesiIEKcS2xM44Y7DDrd-u6EFMzkbJM8TOk4UXscNd9w9Up7cIkqefT5opXLd1wpxqUyH21I_KQmiVR4CfIHI_GpQNaZIMfnXn_caiuNLTkci8wHpXSQLaCw&key=AIzaSyCjh9aj5KcL4_aU4229--ATJhvbcTNPmUk,-1.255039,123.3782816,ChIJWTJO_vPrgy0RqD3qAWYEyzs,Kabupaten Banggai Kepulauan,Sulawesi Tengah
Pantai Batugong,"4GH5+Q2, Tombawatu, Kabupaten Konawe",4.8,6,Wisata Alam,https://maps.googleapis.com/maps/api/place/photo?maxwidth=800&photoreference=AU_ZVEG4AYociYDjsv2TrwjtcwTPp2xl2PDxUeSkM4b_FN7VJJayqJM9gfaBhV7PTlnE7gSBg4gAxi38S1mL6NV7y_l7X8e5_9KZKRP6zY7oL4aos0pBDROEvrkC-MMb7bHeGGSnz5Nd7t6qWT71TV7K5SP0SSFTH_h8XElM3mqRQFbS1A1tv2F3PLu_S7cqWiVIpcg3dTXGCBd_UiW8Xjb9y_Kq-df-vkVCl3-fFiYClD3QVveFlt64tMZM-HkmsAFHU_iTH9dKn45KXQzpDaB4Dfuq9HDhEJvhAjOeTtT-dzk9W62yuKdrhQhtzueBwWeu6MTVlWJfOE78vt3CT5cFc1Sw08D9nFHaQQhCMdh4SI7tTosN4pqRPXwoQ5bQyXwbLYQ_SVJwhx0mxgvmkM-RGumPVt3MuN1y-Oln1b-M0OdG9ZAMVCUbdt2gSW6Zmu5XbJn8Y5GV1XKZ4-IY_OgLiVHENHXZgKjce_vvNIvCao4fs1vCW_h2v-bf-CKbWOO9SBJ7gCj180AxhDQLCxALdWbjLaCM1lt3Lzhbu50hzOAwBu1vB35kOFjADn25Lam379dVnp1tL-fo-Jb_lyWZQgaYItYCCg&key=AIzaSyCjh9aj5KcL4_aU4229--ATJhvbcTNPmUk,-3.872005,122.507655,ChIJQXhIQQDxmC0RdO2EZoE_b9Y,Kabupaten Konawe,Sulawesi Tenggara
Pantai Tanjung Tawatawaro,"HVJG+X3, Langgapulu, Kec. Kolono, Kabupaten Konawe Selatan, Sulawesi Tenggara, Indonesia",4.8,6,Wisata Alam,https://maps.googleapis.com/maps/api/place/photo?maxwidth=800&photoreference=AU_ZVEG3RrYDJXzZ4ahsV5rE0sLJiqs0hE_fVFSkyu2YsE_wIzBH6ld9bZVS7Tf5z_sLYT9eAfc7MU0tuvZCsqRVHNKRTyz_3yWdLqRtTbH9TK4knj9VvSF7gLVhR1Zr2E6urE_-N0hcZvOK868dvDnQrdfw7b9xpZ0lhnplxsTHDUQqeqWlurMCC5RCMVm6fXjuftbA6TSjeqAvRYu9UOoz1ogoMSYNQB-X7Wevilo-woof1garBdacgIuHDHAD5Dudg0ZvIR5uoscZHwHSiKO3Vjp3t4mQoPpsgNwzyMe-20s795hqHVWxuFC2lxvgDxPO4iowYUZ4-nqirS-Ro6t1-skRIh_zisHGgVLh8uB70HdkQyBpf99lAovl4XnXfKBQQYII_ZPZohYMZhQZmCxff28THVTVmEtsPFK-RhZCvAVNyA&key=AIzaSyCjh9aj5KcL4_aU4229--ATJhvbcTNPmUk,-4.417589299999999,122.8751677,ChIJE7XbSecRoi0RtBgMobRIWJI,Kabupaten Konawe Selatan,Sulawesi Tenggara
"Wungkolo, Sulawesi Tenggara-Indonesia","Unnamed Road, VX3M+95W, Wungkolo, Kec. Wawonii Sel., Konawe Kepulauan, Sulawesi Tenggara 93393, Indonesia",4.8,6,Wisata Kota / Landmark,https://maps.googleapis.com/maps/api/place/photo?maxwidth=800&photoreference=AU_ZVEEilMJafffRGD8XqLMN3yQo6_i07Ijp3H8cQoNvh1nDqx8aNQf_uUXGMLCjDa8TlP9GoIZEQcd4hAH5MYwgIgDd8rrw2UVO1Y8rOu8gaJqg6C_WcugtoaL5VWj6Kdy4GGYL1puEpdeRGvwW35YaJ-4ubHXNOuE0Ftp11GmafKjRXu9u-aVqmTitFctWCWpjB7gHxmnrubtwYvQSzArcNHr6CF34V3JK6UMML9XIHE4fRyHnYbCr_OgSMUbKtZqLPuM5frTgEoGvJJbXU11TlcLOAn7-RvYmsPUlVLtIJM5xu5VZE5Ijs4nfw932QAWgcfLyH3jeiMJ5DN6OkmVOko_LOchfKFK53EZGHeRoJ8eJ5Xgw9oGZXrB9qc6Lv1DnpeMqfSxgxN8qFf2pcl0BU1rH6PoF_cUL6BtCP5xnVBWk8w&key=AIzaSyCjh9aj5KcL4_aU4229--ATJhvbcTNPmUk,-4.146501,122.982964,ChIJ37CRcm2vmC0RhYxWsH_oieY,Kabupaten Konawe,Sulawesi Tenggara
PUNCAK SATIRA,"W95H+3J5, Unnamed Road, Palongaan, Kabupaten Mamuju Tengah",4.8,6,Wisata Kota / Landmark,https://maps.googleapis.com/maps/api/place/photo?maxwidth=800&photoreference=AU_ZVEE0Ri17uB0OO65K4UhU_hq-EkwKlYLtJlQY-ugPU-Jm4eCHmhg1KvJb4HIRjd6eez9LYYm6Ens1ucNdm9JFk8geaceKqPYWfXnoJob8IMjrDDE-zuRn4PkWtXRfJ3D03F9OsXmDUKQwFK003KHbDodj91tklmTJoWywHbuKcsTdWG_t_3OiHig69FHydNeQ1be2z5sJCwpTRY_vHgZlv440VggETUHOMGjVf0XjxvOoOkLwPq2yhQjZv-RGHhsI8KqFweCLjiW1A5STThlPR5HLdrxXlt9t7BgUIoRweMBqh0EX3zlsCdPxjv-T_dxwzJHrOXWvoReedcgSf9G48Pce6kIVwhKFK3I9y-TU3bgATkfDwQ1nsDUqrIzIzV1jMbYaio7eFv1km5J8EfaLfPSjK8GSHoS9UJhcZ6q9m2hfmOM6v3bd4doqGFtm0ykQhws61jyWzKf9a_eeCcVyguxHIPb0enGkxwz8sMZfvX7G_cJIoOYAVqel0uURuNCEbUQ4yxB8aNEXU3XzFS-WnEnggP2iFxOBNlHoIEWkHpU1cFaO4y1_dGsD2l6IYMA8bend9UPumR33Zw&key=AIzaSyCjh9aj5KcL4_aU4229--ATJhvbcTNPmUk,-2.092355,119.379111,ChIJd1N0KMh_jS0RMBV0tBr_AU4,Kabupaten Mamuju,Sulawesi Barat
Bukit Garuda Negeri Diatas Awan BULO,"Q5H7+XXH, Bulo, Kec. Bulo, Kabupaten Polewali Mandar, Sulawesi Barat 91353, Indonesia",4.8,6,Wisata Alam,https://maps.googleapis.com/maps/api/place/photo?maxwidth=800&photoreference=AU_ZVEHQgDdh4lNma5qEi5JQWxwbj9a1lck6NJqs2CIXNkMs8jvWujMIBPICR9_TjDbnKfcnKJ27977zjdOoh7DJ5urEGtsPy0-pAvFyezR_ewUjsqWK5MGU_9_mo9fPLG_-XUmNFkc1QAGr3DO80KQfCfL1Pdcq7m5IdBACRO_bNBh1BOYK9Yv8Es6E2KVHxoGnzOoSojxicP-fLvJTZ1fcq-VOFxC4U1O_a6YowBrYUM34f4-uyj8hdP7Orv1n_znCvpZfEMzJgwXB3a1WnTRxVUnU424ynFws1DDiAB1c8KP3QDx2sUGRwkwkmpyXWZczD3--WXFe66XEKJsNoyVEpxq4oM4Kk1zN55D7XC0N9Cvf5XkkMhUxHSHDU5h4D2NOEjYka29uoebMdVeOrogghQ8muF3bBwkUbIP1gjxdrMMlKyXN&key=AIzaSyCjh9aj5KcL4_aU4229--ATJhvbcTNPmUk,-3.2200722,119.1649761,ChIJB_eSlP1jky0R7zaH3c9iRBY,Kabupaten Polewali Mandar,Sulawesi Barat
"Wisata Alam Alla, Alla","J9HF+XMW, Kunyi, Kec. Anreapi, Kabupaten Polewali Mandar, Sulawesi Barat, Indonesia",4.8,6,Wisata Kota / Landmark,https://maps.googleapis.com/maps/api/place/photo?maxwidth=800&photoreference=AU_ZVEGP8C9kPGgMBbcHaXKURt2-WhPUe3MhGDflzEZ2dGzf2t_lsgMVEAdSVhRkrojl-aalcyUbQkeqBGYQCgFtDF2mJn7Xn4yS4ATunKOyH-zYFauwGOPyrpMbX88hQGHwC_nDFyJeEk_xiUBOWjHLeusNSU9qkyfHerVoiQse7a5Q9nN-axvOpOXC30Towk87MOijmkf-rV1D_FlWxKjmdox0h_74toM5wbU3bzGmN9l0q96X29oWf81dj2y7eK-KzFiMPESvq1se1RGMqe-84_rFAKnpykE3KwVmQkiPj-caLrZ4l-dVQMayaw8CKC0NMrr8mz4jYR7OKgsi_I6z36xqv9YbiqvtVtGvuzwF59RTJKsyMZB2OHJ95h0iTusAnnPUTEIxtO0xMcXbafMCxsNcVXqyzDE3ix19IEPJtPI&key=AIzaSyCjh9aj5KcL4_aU4229--ATJhvbcTNPmUk,-3.3700194,119.374205,ChIJt9zjRQCHlC0R2K0NWtVfxZM,Kabupaten Polewali Mandar,Sulawesi Barat
Air Terjun Bongoda'a,"GX27+CC2, Biluhu Tim., Kec. Batudaa Pantai, Kabupaten Gorontalo, Gorontalo 96272, Indonesia",4.8,6,Wisata Alam,https://maps.googleapis.com/maps/api/place/photo?maxwidth=800&photoreference=AU_ZVEE1_MHLB7Y8Pqq2YFysX0CpzbKVsvEjrOsEJCUI-b8ISC-RJRPZPhuc-aD8zPlmvkJ_N0RAXw6JsDSNfbdIX5fnDSiob4WBnEc429lTvUsR7k_Gi_HJzQgJnU1KpaAXUQgBCi2TbDLV6cPTc_bwCygUDNOyx37HIz2JzYWnC7eiL6QzK4UC-lX0RXNRtsQdCaIuQ9BNF-gxEBubS36CwhbT1c6VOhRTOuGn8wB4fiHP-PV4SXbXeU8GyvEyOZvWvQ_TE41kBsl7YevVwevFocfgUVxZ8Pqrvp-aygvZoyDLt1Q0qw8WN_NKcxC5Hqw2X9jDulwfQ0xc_8q52l-cTDa7y2PzbVQE4OBC-MDfk_N07S4xA-5juZN9y4Z7REal5-L2zDxeQKDM5SLopQ7lYHjLdxC-zpXTG50JNtpBVROY7jk&key=AIzaSyCjh9aj5KcL4_aU4229--ATJhvbcTNPmUk,0.5010098,122.9635227,ChIJN4tlRGHXeDIRCyZPVmN2e_8,Kabupaten Gorontalo,Gorontalo
"Wisata Maleu, DesaLobuto, Kec. Biluhu","FQPC+4J, Lobuto, Kabupaten Gorontalo",4.8,6,Wisata Kota / Landmark,https://maps.googleapis.com/maps/api/place/photo?maxwidth=800&photoreference=AU_ZVEHY_vPmdpKYimJA92GhxrWAaDLnr3NDKfz_5qRAEEOAJA8-TRSfOeDHdbIhvLSpluAEpPBA4qMVp01OYtuxGrENNhTvBCJG-cNpxy5pPG0yomv_cKhv0bhQHOLXra3rN_VGk-eiDp3bzPG97oq33NKIZtwcaWs2DgIau-OsA8bnHyjwkGjnCDHQRbTyChLyewPTWGmfyVm2JznSwe4h1fvMQ6Yrbc-WFpgNGno7_WMeunnH_IOaOBSHO5dK9U7iEQQ6gM02-moKusq85lINl87Z2NOjmJndRdv0F2aTacBtltMLoLaXQM95Z6xaaeZbXB20IWvhZNkKTFXli4XKTEIbdhtYV9N2pSebPRRTR1LwerNYXS1OydBlYJG5uzjnlZ7VFUVurK3JYc_4xYlsXu3DTz60Kkx0jSlmvplaXhRuQ_j6lAS2r9qMVgU25aSFYVm-HPp1Z1GxQL9ifbIWrXjv_ugwBnbG3PPCRvktCJismFKagma4Ghln8pcOPbeEjhU1QnwUgsA3bdnJHqt_9bBQOQJFhpz9A-N6-_Gqx33vA5nT6jhwFakQfY3m13FgmiKVT3e79FNH2w&key=AIzaSyCjh9aj5KcL4_aU4229--ATJhvbcTNPmUk,0.4853278,122.7715097,ChIJKdUz0frfeDIRckfciVdDZW4,Kabupaten Gorontalo,Gorontalo
Bukit Pinus (bupin),"H4FX+36R, Butu, Kec. Tilongkabila, Kabupaten Bone Bolango, Gorontalo, Indonesia",4.8,6,Wisata Alam,https://maps.googleapis.com/maps/api/place/photo?maxwidth=800&photoreference=AU_ZVEGe4fGInxunpXnJOeQZswMNLMCdO4jafyGC3uIPtRoi8KmlWT3cDRiBsQ5ynNrsTPKlqqkbPadRi3OCbVe3wI3b2H06oQKAJo5eeGmDRI8c9YSqdoib24eZVOBLjp69Aat4QM3COJF9zciT-CAQbHOnAoocwyd_x80AonrMgKKgLFuLroTS94MIjvnroGklYhpHvxJrBSqciybuqjAJUGu57S-GdgMb09c3apfLUlWEnUtJ59JTsg4CTryWiLuKKMW5FI4QDr4Y2Y53AUmOwrDbNuQDl-hQvkCdBG8dRQA8RYzCCNx0LVzvmZvr6ZZaUAQ2Z5uNdLkN_mccw2nf4d7UnQBE4Dr76hfDE3H3A8ZTgqyFvJXcl67PRPPkDBFjrj3pyVb2BbsA_AuvopMd2c8KQUiIFHFbfuZML52QZ9TbEYYnhXtCJreKX4cOuQ&key=AIzaSyCjh9aj5KcL4_aU4229--ATJhvbcTNPmUk,0.5727477,123.1480231,ChIJF2PSMQDTfjIR983rblElui8,Kabupaten Bone Bolango,Gorontalo
Kolam renang vila desa,"Suka Mulia, Kec. Wonosari, Kabupaten Boalemo, Gorontalo, Indonesia",4.8,6,Wisata Kota / Landmark,https://maps.googleapis.com/maps/api/place/photo?maxwidth=800&photoreference=AU_ZVEFmeFIVjaYxCt3HVCFY-hFlMlRypGmLrCpgpcdP1BR3ADpkgctrIMEDsqQJP8aY7ugjFmxSqFkWVlKVLnF8sc0YxLGR_kJHpEd5OIJJEWWsBdhLXQjarUjgEJLsad2xyjwcNvJPOo02KNe43akwfM45ch0gbmFLQdE3gpyORJ7fMFoEU84hsiEoNRVsd4Wn6wwNT-1pNBquJsX76cv_noBlmo3WxmYgPdL1EybDsv6OtFsHru8Q6mXMy9Jq8PWr56iu46rgJYKTg7wfI9ChSDJK0K9245LAHUJTgq_fPUe1Eg&key=AIzaSyCjh9aj5KcL4_aU4229--ATJhvbcTNPmUk,0.707711,122.4273534,ChIJKfjRagALeTIRyE1BEitdI18,Kabupaten Boalemo,Gorontalo
Pantai Tengah Barombong,"R93J+W2, Barombong, Kota Makassar",4.7,6,Wisata Alam,https://maps.googleapis.com/maps/api/place/photo?maxwidth=800&photoreference=AU_ZVEENTEu9jMQ-e3KwP9PuZnlaRTReMuJMfbjOSJrEbdenfyblYeku2fabK_XZ-QYgUTMOKKthILTa3bynjDadRsADmOkCbbBrw1XKXvb3kNfyu5bgc9KUTPGnM_ahfeQvAyU31AL_NMgZBWFshRXeEB_o_yS2aPzg43zmtRT2A-XHB_Zxi2g0vBQLAl4uSRP7iUvGmXgtuhg6wR_-EgpKt_U4PNMNRoWrGCM8-960erUw7uTPzl376QlyrTJ_6iimifb8lkaJpO1qAgQMxPsEE_Ny50vVtJZLGeWQygnaw8bkmh6TX21YAW5s-INALCPYnZ8l14PVlhEMarLqatCGp8xJkndQV25qVANkOTsdZh2or2htBnQTjco2v2S_q5Qz0a4dCxy109vkt9gBex5X0JsvhDwuraS90RlYCjM720KYwmS44eXF3k7z88rBWRx3cn-k06ytapzc3ZIICpuPbg3T3DgDOZTzmBXgQMvlo4sZ6OZxq6V1eQhlo_OXn38uOdtuHjAwYxcw_nc1vxiEkRWZenDXrOmbiCPExIM-1jTyB4uokClLPohiwuMVCpDMTAj-gi9lujhCLPTzw1p8sIz6Ym9ecA&key=AIzaSyCjh9aj5KcL4_aU4229--ATJhvbcTNPmUk,-5.1947282,119.3811482,ChIJQVFDLgAdvy0RhDI9sAQIOOM,Kota Makassar,Sulawesi Selatan
Bulu Cepo,"W26R+2H, Ujung Baru, Kec. Tana Sitolo, Kabupaten Wajo, Sulawesi Selatan, Indonesia",4.7,6,Wisata Kota / Landmark,https://maps.googleapis.com/maps/api/place/photo?maxwidth=800&photoreference=AU_ZVEFFLYzMdJILcCaALN7akXA6gn8wWJvA4izw683PtkWyHo3uKZ4CeIgFDski7a2FKg1HevPqfhC5_kr7qqdlNAZKu68k0LUux1tVOhTl94s4bh3CnOhwVEOMsffcPdnUMA1IaRf9r8EQkMFGbBCVGuCeLcQt_VExcP7lqgEBJCEfhvt7ZJBD3i3N6inZKf_NZIQ7qG-YW9BMbG98qGZbyioIhAK4vT3D8fC2hFshJVXH5XPkxgPZZc1UiZ90T7vg1r0yrjFsOfgo56yyOsB07ex3x8fRRlXSfIqJZMH6A0XcL9s2moSRhY3tK_b2ZK9OHRGjNCkr9QvtRaE0DJ9WOJuBNA0Ri-p62JbIapS6LfMJlgC11w3z4efLI3HEkq111ZMJn1rjrKSzWZ2BszNZTbbZsYl80quhvmQueqahzL3Bfo1OYWnRo1TeUslh0nTQ&key=AIzaSyCjh9aj5KcL4_aU4229--ATJhvbcTNPmUk,-4.091199,120.0369694,ChIJxcazNQTdlS0RI0wF5Ip1tpI,Kabupaten Wajo,Sulawesi Selatan
Kawasan Wisata Bangsalae,"8CCH+2C5, Jalan Bangsalae, Siwa, Kabupaten Wajo, Sulawesi Selatan, Indonesia",4.7,6,Wisata Kota / Landmark,https://maps.googleapis.com/maps/api/place/photo?maxwidth=800&photoreference=AU_ZVEEMbZmTeZy3nTQugnM86Wt8v0gC-JcGqIqX4oZnbmHk7tr9GxGqztT-zzAvmd-ciD1i5F8nodgmEcrMmZqn2d0rZ6f1WFJnxKPF2iVje6wPO82jpnnc46w8VAHlRD5n5FANJi0-uuaByL6pJFczmXfKzPqPd_Ll6daNE8sGjRc7jfvIkLvYGFSB3o05MxjNQ1YDS3o4Knm3iHgZ1-qJSlC8ebx7-y8wyjigI2ENpexSnw1nytk0wTvZlAmgHcu8jenL_Sw3mjtkYJyFVgsvfgaMmFjl-hhWJZQ92k4LALi7_QntOivYZi9ubWPGS1x02lDIMv63ALRTK3XAL_WmINyHmx1H4jAVmrDseHjwiie0rar_IOTVYqs0StXQUb9sARHE-6PZBl3yCQ_E7jQTmxukLydt2k04nPxhxa7B5MBDMag&key=AIzaSyCjh9aj5KcL4_aU4229--ATJhvbcTNPmUk,-3.679993,120.4286119,ChIJlzLoOgCPli0RDP8Kqs1H1LU,Kabupaten Wajo,Sulawesi Selatan
Pantai pasir putih Malboro,"9FQ3+H5G, Bira, Kec. Bonto Bahari, Kabupaten Bulukumba, Sulawesi Selatan 92571, Indonesia",4.7,6,Wisata Alam,https://maps.googleapis.com/maps/api/place/photo?maxwidth=800&photoreference=AU_ZVEFn_ewYcnbmTGJgduWhAIPLN9qebOh9F8pV46NzNJ9Zu3qlhSslV-6-lTMlnZcA1XHf84J6X9qk2Lsui96RH-Yth8Z0TU3lAAqyeWV1eLsh4-u1s2MxnneqOx7Xb3EdyWOOBLUm4fJNLeVLYc6PRECsK2PN-rFs0GiqoiFxd_UPbqDSzbMaFdjObiaLmT82UPiAAGasbLBPqZasVeonY-c0Eiii5ML3XMc7vFfnWxgaNao1hPQqgxCDQT4QPdEJc8h7_ccHWO6qFYZkHBEFKCYv445gK8CGegfBqde7gw6-RlHC2pOHCvMcCZCNJl-0Apg7xL4DqF_j59xaLhkhss21-nVT6dW-DhI-38KV7TUCDULOMtw2MtEkBVVMhm_NtdMzBrKvhAU55GBA1usC8ASv6iwfjErl4gjG1W2dMcaWawii&key=AIzaSyCjh9aj5KcL4_aU4229--ATJhvbcTNPmUk,-5.611667,120.452964,ChIJdcPK49jzuy0R1y7eh-TnRwg,Kabupaten Bulukumba,Sulawesi Selatan
Wisata Permandian Desa Pattallassang,"G3J9+Q6, Pattalassang, Kabupaten Bantaeng",4.7,6,Wisata Kota / Landmark,https://maps.googleapis.com/maps/api/place/photo?maxwidth=800&photoreference=AU_ZVEFwfUyxsYlbugVDf35Y6ToTQeSEY8lD4OTReOvIj88_kduYeQqn4s_-f_SLMdGd3_tsOiv1vOBAS3MNeghVnWrG4wo6E0GabQHRFt9gwLvzpbLtplFRMDM-Xb0HbvKhKDfzDn35nKyqAIsSzyeyvpOPjayS6oxxqNM9pRQhmMl04XzWPfsXKXvaemVWbLXGRn11lVsCsJyXAQ_LRGVJAIIVW1eZUT1YwGMKOWiKDhrhrgzqFWH5zgWRpJycohDqZRChmDaP56Y5EcDIkHDWg6Mbg4xVWYCc3ybgP1jpEcKZ19eHLdAd3ruxIF7A0rTZsSSeJGpH5Dh0hb-7smwh_AoPgH5rS8yYLaA8p-SMmS-Ggt82eF28g82LS11qmm88GWyqsH02b361kb34QOa3ra-hGVGVg1OHKmgu_cZhG70fEmGUNM044rDdwwjl3e1bR2B2eMED2jGnj-ok266wDfOvJJ7fRT2-fo6PVzOM94OFWGCXrzf_t5dN5llu1S3sFBdjVpKiUo8Hy3r7oFd0agVMPFSDt0apsXhj6e0FOmE36by8ijpqGyPAiSda3jyWUoLKrAkx-XRJrw&key=AIzaSyCjh9aj5KcL4_aU4229--ATJhvbcTNPmUk,-5.4681041,120.0680566,ChIJeRj-c--pvi0RAqxGhqy7s5w,Kabupaten Bantaeng,Sulawesi Selatan
Bantaeng,"FX25+HPM, Mallilingi",4.7,6,Wisata Kota / Landmark,https://maps.googleapis.com/maps/api/place/photo?maxwidth=800&photoreference=AU_ZVEF_MNBzpBf3logtkdC4Dh9BWZ0SDceixOdQy-9JO1913nRA-a3QPEyGIt7ec6SUKuiqyOhWkC_Si_jR4lp6GMiZ8Yn8jYxjPx1-Ci9yrEIqlCaX7A5Yl7hnm5erQdO9FNPyOTM8dF4DWcjao2fMwix6mNCukUCzZsLWJdGxDTwDGd5YnzC0iT4j9IdCw9m9_lP1wTOwo6Y7D7AwlvK-ArXaEPViUQsszVaoUqKtgCLfHC7ruDCD-H-As4pyP-2WqxyeVp5-8uziw7kZOeLf8LGHCitcYrOHiD7Lmov1S1D3NqkQdewx529dHsJhSMYAyH5GR4WfgBchETwzJuQlDiBdhQciqGqeT7315WyYVCaJX9cWRjmfSAbYtSC4IPfGVJwf9OAOvjfrY9IqMnUQDhvDBCUlRjuTOR8u8K4H1530NnPHzpdQs5foxUS_VShVw1ktGNgww9rUUME_E6XzhPCuTqA4-n9v36dFkm05V0l81nOq5L1iof8ho4ZOeoU1CmA_D4tE2onw5N3buYWM9mBT3sE5leHe3MGxyRhnaoty-AYunGPTWHAqfPf96wvxMWzACeeLM4Em_Yrg4u1m9mXQuaeyRhICzWgMoeYOdYuI3E0QH9pM8GwWOIQjV3JY&key=AIzaSyCjh9aj5KcL4_aU4229--ATJhvbcTNPmUk,-5.5485318,119.9592853,ChIJ18aT75Czvi0REw12NDUpgNs,Kabupaten Bantaeng,Sulawesi Selatan
Kompleks Makam Raja Raja Binamu,"Unnamed Road, CM2Q+897, Bontoramba, Kec. Bontoramba, Kabupaten Jeneponto, Sulawesi Selatan 92351, Indonesia",4.7,6,Wisata Budaya & Sejarah,https://maps.googleapis.com/maps/api/place/photo?maxwidth=800&photoreference=AU_ZVEFh0bthUKYq8m1VNxI0fqKrtaG0iIehvgotT4Y1kwFo-DrivVVAWNEq_8wIDIDHMPxrK2Abr6QD5KfEhG2GhPHe6ltQ_Q3esgRwKupIKMEa3vz_8Vdtp59v86U7r0CwM-FVDp5sBMISJVPW4dIcyaY4eZyTNnW6xVn-pxcwgQHgzZESUya4G2y1wwdZUO6CBMlhuHhhqvK9WlAmmS0klz0K0W6JRUEW4eguzv_Y5PLFZ371EkOIsvU_6ArF9FZ2QLRCeXr0BZFbLBaCQKpO67EgjlGyq28mCCZD8-2_JOYsBrZl8CX7rHuvTZVyW0XpciyCfHj-IJx4fjSiqKLmlObBI2dqkBZrSeB3m_ve-tVqvu4RuEwjbkEE1XP1Wn7xMazA4_IL0ch4evdAFUwTJaLKNWbuq51xlBh_ya6Vyoqtl4vi&key=AIzaSyCjh9aj5KcL4_aU4229--ATJhvbcTNPmUk,-5.5992071,119.6884117,ChIJSy1HNrUzuS0RFgbvbtr6LFU,Kabupaten Jeneponto,Sulawesi Selatan
Desa Sepakat,"G94F+86F, Mappedeceng, Kec. Mappedeceng, Kabupaten Luwu Utara, Sulawesi Selatan 92917, Indonesia",4.7,6,Wisata Kota / Landmark,https://maps.googleapis.com/maps/api/place/photo?maxwidth=800&photoreference=AU_ZVEE7J9LLzTX6GFGzqUlWbVJDSDWtI4ZtOmCSbZ808BPFjyi79Jkm7NW3BmjcwBULL1SgffsaH_d1iIOHPZ2XjJAYENlAkHqj7t6whXCL0JjON4z7TDNQkRJO_S0sOQZaquL6v3cX0e4KeS9HwsezTc5XLrizwHLH0vmeMrP4ebazEQYmIJeHKAAN0iZjf2GBgkHgxhcg5GQFgQ_TpmFG0Fr-mqKNV4q6Hv0Vi6KMU1yFu7xiyWYQ43qH4g6_L4cvGNjfgsfU_hULyqYokn-fV-LxesdLuulyvGvUUNWqslCsmexr_KPobWACnb_z6eCTIL-IkhthKU9BD4iJ2uU5oeTTIpSp02KsI3H9J0q9os2Zn8Z5r7Gt9PYdNtzp5chS_9b1R6SXROXaTKtTOatj0tfNzpyap3t3DX239CwbhjTIGw&key=AIzaSyCjh9aj5KcL4_aU4229--ATJhvbcTNPmUk,-2.4941782,120.3730586,ChIJ-7FpRzyRkS0RPmxC07uKYdQ,Kabupaten Luwu Utara,Sulawesi Selatan
"Rumah Brando Di Film ""Senjakala di Manado""","7WH2+5MW, Jl. Langowan - Tondano, Masarang, Kabupaten Minahasa",4.7,6,Wisata Kota / Landmark,https://maps.googleapis.com/maps/api/place/photo?maxwidth=800&photoreference=AU_ZVEFPxXhhwddITUL4_AykfGqLdaq98csk24jMC6MnR4Ag1YlWpuBJ9DhkdnaMm2f6q6jPusOdAoVs9ppkiVBBTzCJGaw-NoB2wWwm-SmYUW9gj2A7oUdvMT1uPR1Lr0m6PfoSinesk3uIbXuad6xHZJyzPGWBBN3tCGM1nVgHZUtmoEkfgMzHwd1UK-2nhJgubGqKQxk7o73THwf3_CKJmofZ5GCJJWKAdjYlnAmJhQ62zaZ2YutTFdEwlywMrjEc87LEJveyy3OKkvfZdJsrxRFYBy2XJRYNFQXnYf0ZoR3ed_SH1_tvT4JNjIrWl2TnwMHsh8Ray4rWXZP5hRPl2oH9mOoWRfL_SzgtyiWmDvom1wKl5A6RcsUBQxAPuUTbXImA74w0AxGK15RcCyJ_KeySIPHtUPgTXVuMJM5GAnCRqf_Zu9hKX4QmnLppR__NlysZOsIhCBIdlNP07b4P6jdImPjMYvfw8JACjq_JXtL8mCQYPO6LXxyHtYUB0QohmkmbxHMQmvgNGWoT-qyZOEvDZ0ncY6vjplwVjyAZIRT1z37IgZ1JeVCcAKMSxSzryhf3bktlKOXl4g&key=AIzaSyCjh9aj5KcL4_aU4229--ATJhvbcTNPmUk,1.277989,124.9016941,ChIJtwn02_0VhzIRKOG_24L8pWU,Kabupaten Minahasa,Sulawesi Utara
Bukit Jalan Tol Tumaluntung,"CX5P+HG, Airmadidi Bawah, Kec. Airmadidi, Kabupaten Minahasa Utara, Sulawesi Utara, Indonesia",4.7,6,Wisata Alam,https://maps.googleapis.com/maps/api/place/photo?maxwidth=800&photoreference=AU_ZVEGWu7J-vu1H4RzCQZuR3QSSHpCjcU4-7CK5JsaMgNlCbZ-WyENk3Q0937VTxXnKTT_CMliUbdBwmrZ6hAuZ6z3TYf_fWOxZ37Z1kMBioTklVYXcBBBHBHJfHFmDspHEQzvcHNay6ZSrEA1tZVWbT0ITVa25Mmqhn41DQ-fOTHjjxIZOX_oUZkupM0_9RKXj_CvHiWHvjRfOKGQgcISiJV2SBsnA5A1G5Yix_dPkpmFlwxREN2Uz4NPg_BqWOSoFzNRqZSktPoIokJUb6Gcec-JqDhD5qSIJpuUS6Cf6cckfYSTkjCV6ekztNwR-yG5Xgvdhw9-EE3tk0iPpZheP6MNDh3LwdvVQmq0sg0zblvvnWEmS7yFibbn9yN5hriOPG_oNytdQLMblu1TZLxQCo_v6RaphLb8A3D5tpKdaVJPAJA&key=AIzaSyCjh9aj5KcL4_aU4229--ATJhvbcTNPmUk,1.4089166,124.9862975,ChIJxahOEDUPhzIRxUaHEA01ltw,Kabupaten Minahasa Utara,Sulawesi Utara
Puncak Pilos,"V8QC+QWG, Sonuo, Kec. Bolang Itang Bar., Kabupaten Bolaang Mongondow Utara, Sulawesi Utara, Indonesia",4.7,6,Wisata Alam,https://maps.googleapis.com/maps/api/place/photo?maxwidth=800&photoreference=AU_ZVEE4J8g7ULx-pb2ny2t3WGt56eF-ml5GeMVBnxtgdrFp4xGdxHbyfkikdr8MMfH4_gy4ZRFowmgyxbrSnXo8DBmz7bpGGP6VoLN3ptugw99rOLbscHROhQixwFI5rxIO69xdfnEX5HXclKdJ5uSkm-bgL5zSyEfJY3xWPAdwpDVYyi5X22nZVvBF57pdATd5B1AfAmlkhNVkCVKXDn_lLzKtqWNuhF_rdFXcZ1LKdBwwulDVUnCI5LfTTiwXCnETsys_nmNtFWRbABq9Q_qSHV4jHzOiirqztn_61nXaGfuAHt27xNngYcqLbWBNLld9VK9NID4gOsery9pzHmj9AArdxJzxjxi1JDKifd8T1t_eb_wx4eiE8-4n-JVT_EwuvzVVgb7OR-MzrBNcYj_hYiVx_0xtn9uXfSXz2KPTZAMqaA&key=AIzaSyCjh9aj5KcL4_aU4229--ATJhvbcTNPmUk,0.889428,123.3223335,ChIJ_____ya7fjIRq2ZVr9sTivQ,Kabupaten Bolaang Mongondow Utara,Sulawesi Utara
Pantai Batuajara,"Jl. Hayam Wuruk No.224, Bone-Bone, Kota Bau-Bau",4.7,6,Wisata Alam,https://maps.googleapis.com/maps/api/place/photo?maxwidth=800&photoreference=AU_ZVEHx6LHr6X5Dx6aPrIik2FBfeEOFfwkYaxpmEj1Wlr-kfCYX0XwIDa4fMj5uOKazBKlIJK6_Ps4vEr2T-RLT_0U5XNhu8LzvIvXst4m8PMnmrRE2ZUSQ1XCZEnbcsJh9VFcTbRZhN_qLBjTsnCji6aQro1Dl0l_U6o4v-9IJ8poKZPvMGO3RkFfP425EFNN7zJAjH9mLtdQAbwyRJtHQP_u5jrr1E9IIXVu39erW76McX_D2uyrjczA9iDdrgk0sOhWzcq9f_YYP_j_F7tgBZMX7iVzJnjZ_JIIMfni-nTrBWMaPe7tODIkWoxFS2H4BYCKup_wA8XBSkqRzk6JCFLNFbDaxhNo82TmTcN5PDCvIys0GPq5FajchEDYJuPdUGMvGqGYnbHJq412GU-Z5ndqnV2xmz0gOQpbycK9JZZ4aufY57nLMtwXx8YfkZd0leTiWqJPkkk46sg6T2-_vPBwVQ-Q-lmJXjg3MhQSmKO0aIk6_ADHqaFKu6AvTRnOk3MXLLLi-RR9h1iHSxw-uaOlbhH_RfO6TNqYnb1wO9rPqKbPqvIvHSquTgZc6B8pVRbXWg0FmO0JNsA&key=AIzaSyCjh9aj5KcL4_aU4229--ATJhvbcTNPmUk,-5.464776899999999,122.5886038,ChIJU8ZpBUR3pC0RZtcVKNpZK7Y,Kota Bau-Bau,Sulawesi Tenggara
Pantai Tondowolio,"HGRC+WJ4, Tondowolio, Tanggetada, Kabupaten Kolaka, Sulawesi Tenggara 93563, Indonesia",4.7,6,Wisata Alam,https://maps.googleapis.com/maps/api/place/photo?maxwidth=800&photoreference=AU_ZVEGaAaLbiyxa8EUogwzhkRtytolfz1ggEkPTfbAcMbU5GBjoAkGPoVuNeg2W73aza2DgVJcAHsts4BQTGxzom2jvb9DU6hjMrWgykWGgWzqlJNH3zBUjk1BrC_JrHVXFx7s5ciYJ8gSUA1YwHw6kokhp0U7KmRd2InTYbYaeYZiJxKgsWFKlPq6TGbNshOvj429xyGAElr2LPqThVZrx72AtME29NAWHI26W-aWMqavJwzNiIitQ2B9S0bu1I22XTgCU2cVIMrHj3cxkDhQ1tOdkDPMU4Jhg7sSJxxF3rLLZ_fQH2U2TtVNY-ztBivJpCQU6irZDwZ9euvkK5y4V0-G7yTk3fL8qW_S6DwKsFKIeR5CNYKuksX43srnPkH9C1OT9wkTDP18r_6y5dJVqZ8529JvYuRZiuBz-q_mIVW1fTbD0&key=AIzaSyCjh9aj5KcL4_aU4229--ATJhvbcTNPmUk,-4.4086469,121.5209911,ChIJD6IRpU9RvS0RGAGPfrPWnn8,Kabupaten Kolaka,Sulawesi Tenggara
Ekowisata Taduno,Sombano,4.7,6,Wisata Kota / Landmark,https://maps.googleapis.com/maps/api/place/photo?maxwidth=800&photoreference=AU_ZVEH4QQACu7BUqoSOKawFfpQMUb96ufhkpDFb2lSkuqGKdsf_RxumoG5HlpCBX669Ow0-z8y6bJj3Ni50gDyru2QC53MtJtnBApebTNxMBxgIklpniro3d_-_ioKdk3bPKBzutU6_VI19q_JfutLXLCC-pYCiK1hXTsupNNPWuCFuno2w-BaI06NQsuxsEKb8VZX_10zfcpqAWw_3Tyv10xVr7M8BeQBhrFJ7SmTau-TjxpAzyaMPGfeEXk6XUj9LEZYE3OM0CM0OzfC_riwqpTbhhCH8xv864jx3gA5QQobnQwy2ETYVaBf8wVLNshmnRA14-KY1kpA2ff1mRiZQXaJnaJxGEC5raJZfGBBBDfvhV_YyO3esxGGMs9qUZyxK_fu2LKqpJ2YAoItZspeYvIiZP3CQ35bqr23XTh6sZ-xLHvnnKxePIz6zR50pNG4m4_TwwMcTOdNfe-8J97cwbzV4M99B_Yp_LRqF2trWHuPvQKpg2iqyizS0F95M4IYufanJNUnEEJofsq97hnprmpRiQ1j0ReuxjwTmnPGR8l7kwSmPf8UfVn5_94wMKl4nZwrbXRhw0r-VXsWfHk9rAt1qix9FjrB1Gfs4t-uTLAPQkZA6t8PCKMj8tC_bmp5FPg9k70Hx&key=AIzaSyCjh9aj5KcL4_aU4229--ATJhvbcTNPmUk,-5.4728527,123.6917622,ChIJ13mj9L7Rpi0Rf8CaB09IkT4,Kabupaten Wakatobi,Sulawesi Tenggara
Kolam Renang Tepi Sawah,"DUSUN CAMPAGAYA TIMUR, Tamasaju, Kec. Galesong Utara, Kabupaten Takalar, Sulawesi Selatan 90225, Indonesia",4.5,6,Wisata Kota / Landmark,https://maps.googleapis.com/maps/api/place/photo?maxwidth=800&photoreference=AU_ZVEGHrSY6BCi5Nw53bNP_3JT9OJuZXJ90v9aHN1ErPKK5LO9NcpLcSvSrWhxd_afJURCrxO_Ke_RfHhIfH1aqaefG8vgx96jeNLF2uCL-3_vAOqRBFm8j7H6lX0tpm4LgWiVMI15tGyVREatsNZZZqGRwucngH3e_ai-6pKHb-K_EyG2qjaTtfLJTg3sIWgchfLEaDdv3lIM0WRVJ3H66HxC5EBCQamkwaUReVmgbX338ZLxy8hryVk7ZV-olYUUo17yK98ytjBQ3z3fEB_-gKxs6PhL20Xhwb02KKnxRdY2AOg&key=AIzaSyCjh9aj5KcL4_aU4229--ATJhvbcTNPmUk,-5.27736,119.3829983,ChIJRwDVOs4fvy0RXNyYWEx2HLE,Kabupaten Takalar,Sulawesi Selatan
Buntu Sisong,"Buntu Sisong, Pateke, Kec. Makale Sel., Kabupaten Tana Toraja, Sulawesi Selatan, Indonesia",4.5,6,Wisata Alam,https://maps.googleapis.com/maps/api/place/photo?maxwidth=800&photoreference=AU_ZVEGVR_ps3Kf2fudSu9bu1WhuZIHZaLZKG1znwk29lyxYhtKLY7obPdlUnWU8znTibovOSvK2SxnJbg8Kf0pbn_FvSiHC15AkCcaPFAAKrs4Vm52XFMHcEHtYO5pQ4_VlWNYis8BFa-wIPHlhC0RHSObmgG1WA5cQlFRWm_Iz_C44IoKMeKzW2Y8m_E_fkcqgG9_OwV9RYFb9AMaYZ3qlFWJ2-7BFB66B34sD_0l82JxgJvQMfUSdGdrq-F4R7antTRY7zw3UQwDnu1SBgNhKdjbUsc03Qfk3WjS82BWA6emuHyoUvVic_nol15gWQL62f0tpH2TcazOTUZPE66GyEtp8BOVrQdAylUhfRiNkIc2kZN3B5tY3YDw0SPrm6AgIOlbij7YuFVgoddpiyOv1gRbUIZtDpU3tIeKucAFoXbY&key=AIzaSyCjh9aj5KcL4_aU4229--ATJhvbcTNPmUk,-3.1883333,119.7741667,ChIJvwMhKVuLky0RzDALPKiLHjQ,Kabupaten Tana Toraja,Sulawesi Selatan
Bukit Jokowi,"WVGQ+38X, Turunan, Kec. Sangalla, Kabupaten Tana Toraja, Sulawesi Selatan 91817, Indonesia",4.5,6,Wisata Alam,https://maps.googleapis.com/maps/api/place/photo?maxwidth=800&photoreference=AU_ZVEEPb3UY6vlt39HcE-pKHdAXFVupC1cvlj_RcK-McWMZbHKq7wsyv_etxvyLxxBgP63ReQ7MfrrBgm7MfKRMPKts6S5iy8leSVNM9r-ctmgYt1h86cF56XgLWmG04Y2PEGUkAr4-xlxUlL8H5G6VVM1KL6fR1dWAivskfkHx7wVNr1QitAg2M2vDOlJbQjZxmds7ffV4R2x549jgyFvV_JD8EPKeLHvzsleAkqy3mvJCw2E_hWn5o4YCFmqnxAznVtQULBsdcd4I5kiedE5V12cEON9asuXJC0pGf_27UHzsT-81n-eDP1C5p-MrsUD3c9JclQgE2E4LdnqP2w4l-extFHIwFGC4s6XgtvG5rpT_V1FXsTIxvm1H766_J9HylOUGolq0-tAHHi6W7pBfVE3XA1C4pHTpTGSITvFd7cJ7GC0&key=AIzaSyCjh9aj5KcL4_aU4229--ATJhvbcTNPmUk,-3.074763,119.8883529,ChIJ9dN-CXbvky0Rg0EUgOyOyS4,Kabupaten Tana Toraja,Sulawesi Selatan
Permandian Alam Makawa,"54G7+V3W, Bosso, Kec. Walenrang Utara, Kabupaten Luwu, Sulawesi Selatan, Indonesia",4.5,6,Wisata Kota / Landmark,https://maps.googleapis.com/maps/api/place/photo?maxwidth=800&photoreference=AU_ZVEGwLERKHpWbaM4hoYInx5VLyG_E7uyR2rINboJwlsl1pycjxU-OSP7uNoqBwzU2YTprOXxvFKR8Dp1KcuNh7FOmp3l24S0TudsHKT3sG19564P6wh_SBlpdyEv80RiBKav8apCAFTEMnuQuYSXOlH7erU220eAnGyjGlsRis8UfPNa3CzlpMFip0btgxn8c3qRSs76r0AzsTKLjVMpZYJbXJg2T0l1GqoAPfR1eTEbPK6yS4lB1ObPcV4xwSl_ggsCENoW3IRIDGD3F69ZxENDp46ZJ8VUDLF1TgUCf8If-gv8yncbxsRUir0AxQLLzvC11zVXj4LCbuQ-R28rIhxeBihfKqMPmNyv1h0aloyPlCejJGfBcKrzCJbSsD45s3uGJm2jULicAUr7aH-mYiifbhUvK_o4jMGMwMx_ov_2Tzfb51Pi24xqqfn14ZrPT&key=AIzaSyCjh9aj5KcL4_aU4229--ATJhvbcTNPmUk,-2.8227558,120.1127167,ChIJ8ba27L3Zky0RSXmbXIFJpzQ,Kabupaten Luwu,Sulawesi Selatan
Hutan Kota Tutuyan,"QJ95+CCC, Tutuyan II, Kec. Tutuyan, Kabupaten Bolaang Mongondow Timur, Sulawesi Utara, Indonesia",4.5,6,Wisata Alam,https://maps.googleapis.com/maps/api/place/photo?maxwidth=800&photoreference=AU_ZVEHJ2kkYq4kHgozJEObSjsFVAikWWg2dsO54IpcsXwyKZQ9etgmEAgCQ7MlQZ2TtL4sBw60vGdbx_Z_uCl2BJ7zi-ItRm4hwh8EHiRps73oLuwO7yHzFq7w7SyyS5xr-_WHcPmgbQLz7137AgS7no6nTmLocvZZkxfYYhKkxbeJbsesg8wBCgKpH48gor7MaQpGp0iL4kgU7_jCJaQd3oBvh5Y4NKbkAlalj1jsZCfMOwOOOermXuyUSwkgF0yKe0449kCOuohB4dFc-nGpGPZLmvGg6gJaDRUk1_gdmUPhOsIWZoljQ1jPycd3L-Qojc-zRDJ_vpqu7wPyXkbixXrpcKyeele2aRswunq3u-xncTzY28qpiwJO9RAs1atIviNraiOlkwVVTKx0nKR2WlJKc9vlAjls2OrUP09LstQ1KoA&key=AIzaSyCjh9aj5KcL4_aU4229--ATJhvbcTNPmUk,0.7685586,124.6085288,ChIJVVVVFQ2igDIR-l6-BU6VkME,Kabupaten Bolaang Mongondow Timur,Sulawesi Utara
Air Terjun Ampa Doap,"6RW7+WP2, Bengel, Kec. Beo, Kabupaten Kepulauan Talaud, Sulawesi Utara, Indonesia",4.5,6,Wisata Alam,https://maps.googleapis.com/maps/api/place/photo?maxwidth=800&photoreference=AU_ZVEGAAdPilNJw6rpUbHDKwJL6_-HKBgPHq9RmCZmmvAcZ7p8jwqk5Zz-yXy_62VrfX6pN-x9FiA_LsnIxI0a_vXOJMwp-GL-bxcEQS_3nn1N2kBdT0YFy032fP1qGj4Uq2KKvjpPnhXWryYQOWa47uueOlOoe_Ai9vT4QdpA6veYxI6K3Vky5fb1j_dauX64u3E7_zna7ArNoCs0vFttMIMJgpdmTqNK7Gl60AXO-S35mdeRV0uSveSP3ImILMJsKWlThL11mc8A4WAXSGeZ20ArbtHy9xf5QM2EM0I5WDL6cpIXmLecr2Ndzour5uLoHFoscpnMHiXzwDxKLaivq2vNEsEKGhS6VwmXHvEyDk0B6qyDZ52k9UmNthP_M8Fyv4gRl2p2xopr7MU7rdNFvZSPADivOEXpW5Fk6VnoACNY&key=AIzaSyCjh9aj5KcL4_aU4229--ATJhvbcTNPmUk,4.2472682,126.8142605,ChIJfbqSEG7F8jIRHPtnbczL7G8,Kabupaten Kepulauan Talaud,Sulawesi Utara
Pantai PELANGI,"Tinombo, Kec. Tinombo, Kabupaten Parigi Moutong, Sulawesi Tengah 94476, Indonesia",4.5,6,Wisata Alam,https://maps.googleapis.com/maps/api/place/photo?maxwidth=800&photoreference=AU_ZVEFeAn_vVldq9nzNoJAkcii4k_fzi5SE26DgAnA0AyGtYt_9S-jZZUpRobuPnlR08xNcDYmwUZkawBs1wWMTCZkog08YmL-Ku2aPCzBQJZFSXunn0sbPEn9PTIPz8tCU0MT_InlyhUeAEOjxxX3PA_kRWWnytEY8fH9tphoPWMX9o_uLykqEKzCCKqHvYZvfUSocCxXW-_Rzzmona4RWPtzCpDOfOzdTU4kojcjsT3KliHPMND7rhhuQqaaplcOnZ06Q0DFDH9DVhWjlreFUTEax0opamKVWA0vUR5MXX0rq2VUtadcWTp8mjcB8hJ0uRhy_bzdV5CUlc5kaqe3GLkFV_JUaee4csEqv4YrQ5ARRN1A9AikYfOhd3mngYRm7zIRAHPDPyubs0GV917dUChMjQ9MkIoDLzxU801NDcTao7A&key=AIzaSyCjh9aj5KcL4_aU4229--ATJhvbcTNPmUk,0.3918181,120.2905096,ChIJCaNB8qt7djIRT5pwHJ358N8,Kabupaten Parigi Moutong,Sulawesi Tengah
Benteng Bebengketan,"M7FW+X7M, Salakan, Tinangkung, Kabupaten Banggai Kepulauan, Sulawesi Tengah 94885, Indonesia",4.5,6,Wisata Budaya & Sejarah,https://maps.googleapis.com/maps/api/place/photo?maxwidth=800&photoreference=AU_ZVEHnfHcJ_FxWoi20JHxbJCp_R1fA56XRz4izSvbOJMZqMkx2hJknJmmpN6Cs1Sk45ueks_TsKaNiUeB_KQOboab-jRYc2Mxpht_ODbA-YHJTQgTvPjW9izMYtpgVI3h6vhTDqkBy7RCFZvIwgJjq1aHFIqNe0D2BOGmWTZTHIGrOvQERfJKwazqQO0fvim4n-w-O7sE9jBIW6Cft6EorCheuPWsuzYEWGZm_08yXcWUw3cSYATa1uH3FCR7_drZ8QM782vo6fZTA0K3MOLEJ4DOYWrBbK1ezlPLEr-4f6BAruoeWGGNHs6BIRTZHWkL6fC2_ncnJeVSTXHtIAFcECJKY9LpWbIwf9tEjNiEFwOnlcB1lxg_NXfd2GYtBM9cQdIycuT_8TWaIUmCYErSacWikIzv0nZNW-5mm-Ou0iPGymHs_&key=AIzaSyCjh9aj5KcL4_aU4229--ATJhvbcTNPmUk,-1.3250299,123.295668,ChIJR6pu0C6Tgy0R_4-84jseZ18,Kabupaten Banggai Kepulauan,Sulawesi Tengah
River Tubing Desa Wisata Malangga,"4V77+WH, Malangga, Kabupate, Kabupaten Toli-Toli, Sulawesi Tengah, Indonesia",4.5,6,Wisata Alam,https://maps.googleapis.com/maps/api/place/photo?maxwidth=800&photoreference=AU_ZVEHflRwgueb7PgYpvWbU_gpjfY6N7ot2prkrJhtbNRMqkGq17XhYjbgIqSzEKElaITfY5SXXTC9HVVUx-kxCOMi4XFFamUEEhss5Q4HUNCSA52wMaTPyeNns86YHFayXVSHGHqElcRlUPY31_8wq9sRWRa37CBgWwBpxNMow4BWHTp6zfscedDBsNxNLnmCao18sn8S0B8yj_dJbzVabqJnff6GaUeads21sH0QCP1bzwqCdVokyxco0ALirG83VGNh-GG3U9bBK-pbUkmR4kM5eNn_mB1QAgMHm6VLuT8qKf_xL_oJIMttOB8SGW9YfpTQ3-Qhs9do1o5mZ4tJL3UUQeZgbmBuL_mPksObM8d1hsbR1O38PgdvD_ZG1D13U0yNbr7uZrWt8AxjhW_u8EELE1HtNUDFVJFy8TZu-tJXjia4&key=AIzaSyCjh9aj5KcL4_aU4229--ATJhvbcTNPmUk,1.1148125,120.8639375,ChIJPavxeQApcTIRgy52cuWVr_Y,Kabupaten Toli-Toli,Sulawesi Tengah
Pirsah,"WJ2W+VM, 19 Nopember, Kabupaten Kolaka",4.5,6,Wisata Kota / Landmark,https://maps.googleapis.com/maps/api/place/photo?maxwidth=800&photoreference=AU_ZVEHa3MGiBkMAoZhT-Ufu4ksjxVeZzmGaWw9Dv_xw-hCzdliHgEda-LIAIUGKhyc1yISLeqcqGQzL6Nd22ENgvGTe89tyRDxhDM2qSyFdwZQfoSMEAwO9jPugibzy2jrVNgVO6B7kIqK2w2oyfN8xJ1gyQmqbAu8cCmN13mq39lBDlSsA9JhVRHk6gTqwGGqazjSROKuL-F901szLXaPotA8BH6IwIIEbATSUN8DBKQbY_zhHWpCRTl7pqMhNIPmWm1JFAKGL40UKvR0s9KRb8GjMACgpxHfxJs6O838MCWtdYlRP9iAHTea2YNbHnTaZezIZtWGW5DB50Q7tmtk_9V1zaBFiVV5IO9S8Xi2a9-1UOVmzbcKCN0qd1bkqIo41MaTGB19PmaYxbRGwYOBAy0si2AcsKtRLX4fcw785ZJw6x44R2IwGAz24gOFovX5b5VXgvrFp2jQFYomMgcYhpeEN7Q-vST26ZPXdV44WpiKgIRpfHgDRwn20qIfKLDU44KC1ocYdFdgK0HamhIQCusAwIx3BahP20_8AWIO1PnJua4YzgFPqAZfH-z4R_8fywUKXWCCuw-caLA&key=AIzaSyCjh9aj5KcL4_aU4229--ATJhvbcTNPmUk,-4.097845,121.6466727,ChIJbRwho24fmC0R41HgmYVxb0w,Kabupaten Kolaka,Sulawesi Tenggara
Bat-Bat Kota Raha,"5PVV+CJ, Laiworu",4.5,6,Wisata Kota / Landmark,https://maps.googleapis.com/maps/api/place/photo?maxwidth=800&photoreference=AU_ZVEEt7ozGZBsVsF1YZE5uiEXrOXonTnARS5dgpcFjAO0gPAPfjxkC35VkcoZowJB9Tf_94LhLrTPnp-5zZV_1yRZhFIj0ISP53zZrzCnyBhG3kiUJbZPBG1OOCcrFWKFXowobbX7pBAjVkIbkrfDgp7L2M7XKLDvlMLv15sEg8offSvgFJ2qTItOdHkBKNR9FPRwUuGcE-TGJPfKS2fyGkVdIKZhIamow-H-HIUNfLRkjlUD0Eeehw6J9vTQ3PPo89VUorbubef7INhFTXV0qcR2IyCghAVU4EWDnzxl63afLxWdDeJPDaDL0tlg0FHAeFar2aNGK8S0SubDQ-Bh-ECr561BVcdgF2xxXGWG51kBnMT3DaCkAS-6Eoe9iBDgs2g4XbnFLEtguqkteFMCprxgSabww-mdew0zbm2f7qBL8TttdaFVo6h906ZVihPHhvEtR3Z7Mcc3xi_QuZY-N_el9xGFhxEyKPqISK77vxUBycor8ZZKqxJN4PhNs-42z2yqfYOGhYgI-xIoyoDOTJmR_rT6E6MtO3DmhcqCKxHFVkVC7JT8JYqAPxqcJfZFoBDmU7lP23rMA3aeYz1gpCc4kBEVdZQyPqutqQIFGFv1khNUO_SY0AQd4cZxIWVPoj8CelA&key=AIzaSyCjh9aj5KcL4_aU4229--ATJhvbcTNPmUk,-4.806495999999999,122.744066,ChIJNXf9ieI1oi0RJzEpZFKZz7Y,Kabupaten Muna,Sulawesi Tenggara
Bukit Paralayang Maddo,"Tellumpanua, Kec. Tanete Rilau, Kabupaten Barru, Sulawesi Selatan 90761, Indonesia",4.3,6,Wisata Alam,https://maps.googleapis.com/maps/api/place/photo?maxwidth=800&photoreference=AU_ZVEH1XNbPJqWqXkqiVNo6FzpkSsGkpCyQF9yx4M38rR_VFxLTfT373htXB0nRMQg60lt9YrSbKmGu9iAeLEbkbGhwKMlTz_9TgZ60HZygGtHxuSfMlN0szfLxjNdXnmonSGFi6V1ydoB1YAwq7xWaZAfxa4nh2R6HYWLroiYTPqYo1KasR-NbusPJdAnUqgNmie35LHw7UCPV692JKe9oh2jIFixK8Q03MKZwrGPj1HeuBSJhenNGrJKNonxw3IdrnWl4M4HD8NC_Q1_KzoG5bHDzq3ViFfmTUy-aqsaCzadqi-BFR_6fVrmOCbVD_e1H_8EnyYeo3x0OVS3vWo4aDmS-Wl3YUodVMXEmmACXV6ag2CeA11QUXgpkCM-pl3W-qD61e6oe0GBmABz7WFfX40wVuW2_J5hrvBNZSWfOppKADY0knwA0D4TrOBcpPA&key=AIzaSyCjh9aj5KcL4_aU4229--ATJhvbcTNPmUk,-4.4785298,119.6323352,ChIJM8D5ae4lvi0RTGpMmFK17bo,Kabupaten Barru,Sulawesi Selatan
Wisata Alam Labempa,"QW3R+C4H, Jl. Labempa, Dusun Maniangpatu, Lompulle, Kabupaten Soppeng",4.3,6,Wisata Kota / Landmark,https://maps.googleapis.com/maps/api/place/photo?maxwidth=800&photoreference=AU_ZVEEV6-A1ddWGlARieCh6YXh7Hn7a5lkzZajpaCDK0OYAE3n_odhRxhNLPEV5IHh_YeqIYyW2tLRcy5Ut7hxmAusdBkD49KcSUZCYSowwJa7mwUriEj_TMabOdoVBFYAY_Rd19G5aoEI5gL4gQJnc3tbMtz5exPBllFKsCSDgcSFRzhLif_NRmGSX5VchEkJ8s0o4w54liYLqKCpHLAuDM_7i8jZknLXkUeRNqu_R5DwgGJ9iewJqMSzvJy_XHA886K9bxX2tOb0GSQAKBfYrc7GhaK6xRxUQ3vSPD9Dm4s3_Z4PzoqK98v7_PRXWjifhcBXWoWGHzI743ev9-VmIJZkybWU-nfgdvIsql0GXZllyHyn3Rrm-yjBD6itl14U3go9EShfbhP-SHFd8THsA4LIv2rNzmXt9ShfvZE4ZSQCCkeVt3kLHmZ-wUHCK1LpcFdBjX-iDhqUWoUq7O9Ytqdg2CBVf13Dq0BUFvN1dGF_CG5qQG2S0nWz0I3YxSX_4a4WS5mWOOSok74LmMWcI-vsLjQ6pkULjZ6ui02r2134moxlZA6iYAi0IiC4cv1Ayckg-ldj8&key=AIzaSyCjh9aj5KcL4_aU4229--ATJhvbcTNPmUk,-4.246437999999999,119.940358,ChIJY2yTnszxlS0R5IkVm-EfbTM,Kabupaten Soppeng,Sulawesi Selatan
Air Terjun Jammeng,"PGQJ+3JJ, Laiyolo Baru, Bontosikuyu, Kab. Kepulauan Selayar, Sulawesi Selatan, Indonesia",4.3,6,Wisata Alam,https://maps.googleapis.com/maps/api/place/photo?maxwidth=800&photoreference=AU_ZVEFuoo024Kgh2nuwsmlhQPf3GQ3FcGewoa3BVycOWuydS-HSoPy9dobnTuBrS4_ul76Pjp0fJt8wcukmSF8dcyRqx5zHarRKum2Ci-BzFe6aYZ5dxc2yf_0STIHouAfUf6gcjdp7U8KmBnyaG_Lkon29h5rY39TCLJTxxbcGd_CVhbGBuIUqowrLOSP9xTKxQt5BdR5PPt-GJ8jML9k1AxCSs4L1skW3b4r_aUvXvW7v1ixOP_oM-N5J4M5jrKF3uqx6XCLuTa0ppE9IQ032Kejg2hs7Ab4mML-aS4anhhEKO_SBeNY7NaQIzZBuSZO3lj3TJig6XfC2tDQztQtCY97RWtWt3m00a5JmLXJPF1AGIL0_G105Ls1VxdrLscmawRymYP_EXv37RpNpkfzeLtqGQYLxslrFXzr4noDQLXiRUw&key=AIzaSyCjh9aj5KcL4_aU4229--ATJhvbcTNPmUk,-6.2622899,120.5315302,ChIJwf1QyN1Jui0RQuGVBApOB8Y,Kabupaten Kepulauan Selayar,Sulawesi Selatan
Bukit Teletubies Tappion Buakayu,"RP8J+7MR, Buakayu, Kec. Bonggakaradeng, Kabupaten Tana Toraja, Sulawesi Selatan 91872, Indonesia",4.3,6,Wisata Alam,https://maps.googleapis.com/maps/api/place/photo?maxwidth=800&photoreference=AU_ZVEHNQfSawFtTejlgq4icBxq6C5feal2dIajx7N1otDXteaI5SQSYfseYGaQhW-1_xL8rZ-ALUY-60RG1M-uQ97VtrIOz6_B3TZRudEVHHNERJR2LecQkHNH_GzfBViO31kjCM1F7_1JEKHVF64lNxxzXaGkWY3dbBa4KCc7qQzVsSshUBgKrXUutwtuvns43xo2w2mDBQgM9tJuUW2hKa7fHrAWhN8dn9vLwk7Ah0HFLCUxHBNCxzXXrgMC2IZ51PMTq_i6lQkOIk3Y54oJNZG7vtz2U5MYeqbq6EGBlswR7ns9fDWDh3dwa3HcJoGZSeCaKKC6z8ejWXQyeF_IQKQgGWfX2soaueG89pXTUh956HPrlj7qoKvR-aYdl3Av5W2QP2_6PeslqQDK7ekJAoJYZKwFdUn30EPIX2L9I3y2h1NR5YIW2ovCaNOzsuzsE&key=AIzaSyCjh9aj5KcL4_aU4229--ATJhvbcTNPmUk,-3.1842579,119.7316385,ChIJzyUYPQuLky0Rtvz2nf0u9DM,Kabupaten Tana Toraja,Sulawesi Selatan
Dermaga Burau Pantai,"9M4P+JQ9, Burau Pantai, Kec. Burau, Kabupaten Luwu Timur, Sulawesi Selatan, Indonesia",4.3,6,Wisata Alam,https://maps.googleapis.com/maps/api/place/photo?maxwidth=800&photoreference=AU_ZVEH9y1FU-47S_vnAB3ZFB6_lIK2NKjS4B31yBSKTStfWkbRcAPB5Pooto4wOxymGUKnUmXmqkNzlLhHPwM-iN9WbIps2jY2pOEpbOzTxrMatHm06m0eLpWqkvE6HId-y5NvhHD4DV5N4UXCQOC9GeCoB9LNdo6KZsidguEzLA28zyFmoln5ZcqhSMDVsK0-dmt86hEd5QOS5MUc3o0V1XS4vb3gqN3qgBrbrG9fWhnQHwgIuzj8W63q98WH0a0UY3iwUATXmO66zmqC97nCUfTYKfnykFhn2dHUfo91KhYmg7dQpzAin-7zZza1x-qG_FE3NKYB2_mUXE97ZFXOXlJkod_y2mee3nSlDwOdgn419Ug_PZ-dn3NQj6dg7wlczU7RXXFqLV_3bnDTrBbtmSe-05NKUmTkMNZxLatZu0-7jUUIZ&key=AIzaSyCjh9aj5KcL4_aU4229--ATJhvbcTNPmUk,-2.6434522,120.6869854,ChIJ-y8aISGnkS0Rx-hdlUqOUTA,Kabupaten Luwu Timur,Sulawesi Selatan
Permandian Alam Silika Garden,"987W+6MP, Jl. Ahmad Yani, Lioka, Kec. Towuti, Kabupaten Luwu Timur, Sulawesi Selatan 92982, Indonesia",4.3,6,Wisata Kota / Landmark,https://maps.googleapis.com/maps/api/place/photo?maxwidth=800&photoreference=AU_ZVEFUQEfc8TDwvKF8AuFM2ThsCGN9TvwE-Bknff6AEpJcgrNvAwMOzuo1TO44nzEFHDph89bqLnW9Xr6rGQamuYm8GxK2rMugN2IMa5uyf8RyZTnan_IEczgSSNojUdXKBvyH3ar7TAfqhAlqYVue_YQ8_x-5yowxxabDKYb1sb672TR2VShXjt8MOeBJ7KruztL1lqo7PKC3kwM1VZUeLTz1pflSBgA3dFjGd65oxFkOfPfWKBaCh_CV_xmNxD2ZLXMY4LxYeKsN1Yiue_gKtSoXS-RQrG-9jM4vhia6_VF74ckAvqQ9sh3ILoTRkT8ofcbqJ99qKreKa7mdUhHz_6g1annOEhzDFqlBlCp2QakB8joHmoxSwGJFyNV-KmScehE9K4urdH-h9NCEkd0MVsOJ2NEAiuwu4Wo6OLZFI0OZ4A&key=AIzaSyCjh9aj5KcL4_aU4229--ATJhvbcTNPmUk,-2.6369183,121.3467186,ChIJLXjhov5hkC0RTTmc7dXLDpM,Kabupaten Luwu Timur,Sulawesi Selatan
Pantai Wisata Karang Lestari,"Unnamed Road, HVPX+8PQ, Malei Tojo, Kec. Tojo Bar., Kabupaten Tojo Una-Una, Sulawesi Tengah 94681, Indonesia",4.3,6,Wisata Alam,https://maps.googleapis.com/maps/api/place/photo?maxwidth=800&photoreference=AU_ZVEEwfpVO9Ix7onLnkF7WWgUCNUd1la_MYDGZfiB707Ad-qJH8FoYgj3FHPrISoIiMQYqofGC82Wpa3zWaV8iwWkv0cOciamx1ALj7-Q1cYC6ijuLJ7Gg2HUNO3WIRf-clOb3vKdZaXHuvJcn7SQEMSsb7VOsF0rPQQwIikuD4USEGItMbCmmdz1dC7PlddXccRbCEBI9TSJzeHJBplq9em5RJJP6aWPqZwQG0TKrCoRPtWO2umcxFgnaYVARj36po7wbqQXoF4DfbV3QI-CatE6s3DMDhZJ4KKUZzZ4WKmIJ5BNSV7EtjS6e8iWEjdqStaINP5s7nnzpY-r28AgEMBQWr__1B6mYt3ZkUjb2ko1JncPW2vc9JWs2VHGjI7l1qLcP9tRUPxVp5Tu73QOEhrc41Tinsu4GAtvdSSftBas&key=AIzaSyCjh9aj5KcL4_aU4229--ATJhvbcTNPmUk,-1.4141532,120.8993456,ChIJdWcPSWUdjy0RLYw2_SzlJ0Q,Kabupaten Tojo Una-Una,Sulawesi Tengah
Bukit ilham Wosu,"Wosu, Kec. Bungku Bar., Kabupaten Morowali, Sulawesi Tengah 94976, Indonesia",4.3,6,Wisata Alam,https://maps.googleapis.com/maps/api/place/photo?maxwidth=800&photoreference=AU_ZVEGg-RC1jVQQY7nre5nhXS5sTfOYw3ifBd6_ymccH6HmA9CDJmyKHsOAKj1EuCvPkm02i6mCV89ZtcFx_EXPhM0IfWymUwlAACwGaAjYOkrXsVtIpH4bJC1rx7n4PR8bygaBTx4492qJqmqzvIwJUZYv5i7CBevWI15MhOt0qCnKsgQIyONJkO61QgOoAPLjywys3JeX9g1hwBDRVRHXbwwpV9pjqFGIDQvCeEdPjraFhEkKzhdPpmpmPg7J7Kn9dKzB0P28VMyO-YNXEjcyeO_GivAle0BSxSuKKKdHoft8Fp_mDINJMO8QuQWKEV_NzOctM1HpH2PBnSaf4gqYCazxXtzu8e931GsmdbYANR5TpUMHxvCNkPxfIBO-7klLEJsLlVFlGJE61jKiDhMKfYB-gbsFtDA64ghXDkO1GxY&key=AIzaSyCjh9aj5KcL4_aU4229--ATJhvbcTNPmUk,-2.3726531,121.8233139,ChIJHQUNoJyXmi0RXa1NeLK48IM,Kabupaten Morowali,Sulawesi Tengah
Air Terjun Hanga-Hanga,"2QRF+J4W, Hanga-Hanga, Luwuk, Kabupaten Banggai, Sulawesi Tengah 94713, Indonesia",4.3,6,Wisata Alam,https://maps.googleapis.com/maps/api/place/photo?maxwidth=800&photoreference=AU_ZVEFSmJlgEd5HPSjiZOaj93O-OzSIIXfJLZtd3IBxkDKyNA_QsInOOJ14DaZJ4dtYZ9epRi9Y3fb5Hi6wi6gFrnFM383sc_fFuULzGjf5jknizwXEHCnxRdjuX7G5yAuUGz13P-7RDxkdpJUPEh7VCjOnsBHcM9B2IioXbRzWNwmGwMPljAuR4rQatcmNA_T0juJ2qgDpOMawK3k6rhH4QkP71E6yDQKk6w_YfYY_aGbS7OvEwqvP3LqcvikV-Dd3dXxE0JdfUKocft7astQqBdWL6r5zqxkVlMaLWBSkWlEphdGWbXUzKWDIxFzx7DHBNxuTg5diNJMdTdAfMmxD5J37G9j3DJx2nW722m7H-fZoV9sOIOT6n5w7RbpvUv39Wr05R_blKOIxgAk8SYDtsVBWwzjI7uewz1QaCkRo1jDjFTCOAGw7EB_ZyJMcW2U-&key=AIzaSyCjh9aj5KcL4_aU4229--ATJhvbcTNPmUk,-0.9576039,122.7720911,ChIJy3WZNAChhi0Rig54zibwqOg,Kabupaten Banggai,Sulawesi Tengah
Danau Dowiwi,"XPJC+MH9, Koyoan, Luwuk, Kabupaten Banggai, Sulawesi Tengah 94716, Indonesia",4.3,6,Wisata Alam,https://maps.googleapis.com/maps/api/place/photo?maxwidth=800&photoreference=AU_ZVEFc7UiMsti_DO0MUTZQyy0ORApEs4OnyiL-bE-k7VTv0_zREs-Xbdr2z2P3pEuwu2WzcvQmygfPkloc5xKYgZUG6OshZefcmXb1QtD-txQ0057x_pzW7NXV7bXt4FRmRlpqqTsKIVOE9qGkuIF_hiVQpTV3Nv08Sk-sn8kZ-DCvIwUXxDP6a2DNwxqMgrRTDfVFn0R2G7rFSy0GDV-Bh7gZEwC5r4v8GJ6gqHChJpNXCu2vzoAd-shaUGxBhOEKB1cWwU5YLzGzxAGgYiSulSpqfA2Hbu6P-Om0xL5zUfjw2inVYMEFrZQWuiluz543QXxec8yhTY8Lo3GradRBa0rsrmWtLfdBx0M6amnP5I8dYMKbdBrqOQYwTYJ84Z6BFzCK2oQtvOtjXhFWLA67XLDPGB1E2ubbHwC88O3CVByNv4IV&key=AIzaSyCjh9aj5KcL4_aU4229--ATJhvbcTNPmUk,-1.0183383,122.7214756,ChIJKelOXSahhi0RRlYoGRU4nUg,Kabupaten Banggai,Sulawesi Tengah
Wisata Permandian SINTOMU,"5V6F+4GQ, Salodik, Kabupaten Banggai",4.3,6,Wisata Kota / Landmark,https://maps.googleapis.com/maps/api/place/photo?maxwidth=800&photoreference=AU_ZVEF4xEJ5zWZa0VWgCAvty-FUrk4EQ9UAd1peITqJzQjncrlzARtiZcEemEc9HQ4rO6kYDdE0rrkQ-yzUuVGRgzV4rWK9MHP7lGyEqjLzEDrC68YhNtSlZf68WIMHQUhMzDC5yr2KZlLhtqt92k-hRAaCpcjmsxTLvZrSY9JvPg020hTEtfGLa9q1xs96YvuHp6dTLEaftQ2b2E3E5ztsbSWHTIyYIPflvP1x-3DNqxwOXeCZLXDQpuDGdTZ3Oo2ZqKDykYLKo-KS-HbRYg54atAmr1ZDzNky8hBJmsERhXtuDy-ShVCugwSFF9MVDfZ6GJPqctCJ2WPBxJ5GqNar6277euWqhSO5mLD9iDXm300LLUNif1nurXZfvElZX0q0ZzFw8-XQBzVBxGtra0_I5szPXEU7Mdj8p6vm4UThkN0V0LYWWApNazYSulnEZ8IRTMdTnL3YcW63LkZkv2bna3vSQiZeOyGxbvsTOi5UDftYNT8xWm9LJStKZctv-SPGvX-Lr1XhMe7H_dWEEPI1PP6YocIJXuQou8KxLVJaHwyRKwlBcwMH5HIsEI9E_kOPwlN7p032&key=AIzaSyCjh9aj5KcL4_aU4229--ATJhvbcTNPmUk,-0.8396593,122.8738598,ChIJkbSuzPO7hi0R6N7f6zAqm3o,Kabupaten Banggai,Sulawesi Tengah
Pantai Pasir Panjang Mbuang-Mbuang,"WVJ3+G95, Mbuang-Mbuang, Kec. Bokan Kepulauan, Kabupaten Banggai Kepulauan, Sulawesi Tengah, Indonesia",4.3,6,Wisata Alam,https://maps.googleapis.com/maps/api/place/photo?maxwidth=800&photoreference=AU_ZVEFUMS1kj3GduvH7STiYd_meuVpQFvHkrG0cugkZG5JyP4_fDXHsFd5FRLGiFq24IDAELmmsvHyU_w4HImj5migP_2B8MaARqp8JKYfiRNWXFXOyq9L8CuCoNsNfqTqTuCNsvVBPAjnzmxMA8JPqeHgVVFUYCPio3rrEcrdNSoG5zloV7p2dQxspYFfFrTiwICGyGGLF8ci0PMQex6twdBy057LMKYOEpgPpJuio3zB379gCRqPQpmRa0usEGg0WCKZ_X_m30OrM8ImKst8ohx2EKONgsrindpB3E8Cz7gDvNyF9Y_i3znsgdPwyXZIoC-Vkd4ZvChzou_KUkp477TSM7hw3VTPgTXAv_MOLuKVeSfXFbDPOPFKNSuGsPbaUS1RKJYn0KH2BHZyfyognRZra_T3CYig4EMPf0leHGcrv-zIi&key=AIzaSyCjh9aj5KcL4_aU4229--ATJhvbcTNPmUk,-2.0687489,123.8534992,ChIJy3HT40krnS0RJkkZgt-G-Bw,Kabupaten Banggai Kepulauan,Sulawesi Tengah
Paisu Matano Tatakalai,"Tatakalai, Kec. Tinangkung Utara, Kabupaten Banggai Kepulauan, Sulawesi Tengah 94885, Indonesia",4.3,6,Wisata Kota / Landmark,https://maps.googleapis.com/maps/api/place/photo?maxwidth=800&photoreference=AU_ZVEE4oh8EP7E9ZOGq6usxHWYVerHot4NgPDCOVsmBIKL8g_udij-PssoPq7UDuuE26XB2eCF8JgrQ519ZwalkACRlIkjY_JuHLewMFcAh9ENdVEqAHLhzPT7sJeO3AtgSh1JvWwZ4wm06tE3T7gGj4MPlz4kyRpgtNQgnK4FQQrydTtlv3fS8DDl-DmQr4hJEnbXOcx12kg6P_c0NnHLLN0GZ_2Gn278zhZSJF0Ogsqz2Sj7ZxYwdutP0JE6KXvMtCR9BGJ2qiLYG8l-CjbHhpXQpSl5V3ji_EJoqGMPL0z2o_OCkHfqqfY6isLjg0tP5ca8t8uNw7myE2nj1g2pWobeV8p0s8pw_49jVEVFj0HZD4EAqPFacAhVRcKV-XZ3Dk4QYnX5jvmHnACvhMz7JKr2ThMJobYtMd9tGJlJe7-Qw9w&key=AIzaSyCjh9aj5KcL4_aU4229--ATJhvbcTNPmUk,-1.2654267,123.4137113,ChIJiVexh8nqgy0RmVXAHp_ftRQ,Kabupaten Banggai Kepulauan,Sulawesi Tengah
Batu Susun,"67J7+QM, Lakea II, Kec. Lakea, Kabupaten Buol, Sulawesi Tengah, Indonesia",4.3,6,Wisata Alam,https://maps.googleapis.com/maps/api/place/photo?maxwidth=800&photoreference=AU_ZVEEPV6f_IOYaI4NDg75L_wSmQemoNGbKpd42igRX8_XPR0K0ek2tqjfnQQF6_a7Z8iBijmogoOQ-YIMh0t3mAeJ8PRLRBjbSDWGeWy-l8n5D1JcUuGOVAxEolLjf_HWNHkLTdrRVr81NfTETQ9nKzttRd6jcmDPZv1vke0T37EFBONX3op9Fjneoh5KDvODKnCXUzwWaTXUaSKmkCx69dynAhMurj9mwexuIMl3k1ygiOP_kDvoOOT8BVdOg9DZBkMXfIyflE6WPCpAL5hS7wOZDQJFPNDcaeT-mipXMAWwObW3BrB-psSdMcoLhm4RRxh9xX3STXb34a4U9g15pfs0F4h3H8KxFn74HGgR-aExaExnMD7WEhS_d7yO5rTskBsX755sG7JFchyK9ZfLGYCQjjHJTb4pYZeJ56R6g4ychxn2BHwyu6qkKZM3n6VK_&key=AIzaSyCjh9aj5KcL4_aU4229--ATJhvbcTNPmUk,1.231968,121.264244,ChIJj3HOafe5cDIRRl8D_--Fg4Q,Kabupaten Buol,Sulawesi Tengah
Wisata Manggrove,"9P3W+X4H, Makmur",4.3,6,Wisata Kota / Landmark,https://maps.googleapis.com/maps/api/place/photo?maxwidth=800&photoreference=AU_ZVEG3i0YkaRZ6fc_DpjYl2aW-4mutBDlXTQ-84Zbekv54jUCNlCRWWd4dDtulp6iu46k_vAvjEgokAWTvnDhNiWdsQHS_LQvDdHHsp-v63mQzNwPZwwh4qYhb9yyx3hmK_pCdaadCyRpjOn-dpPKPnk1hDl5IZiJ_gM-mk-GHculYfjiLuwQvN-VPHJLWLCnjKm7WZwx03P216Rql4161lcOY5zIpBA2sTH8j8fCccAjLvC_T1Ptn5J1Ql-2ePZs0EWH-3vb0wa4V6kiFR-E0jmJuF3s6q8tE4tGH-MvZqJDEScSTZOQuSc74QkZuNiNUj00oDCUtV4cq0OvGPZb5eP0LwZvDVRumNC4K6TGZM1-Tuv8dNyxoYilwFHdWXU4gNKP2FtjwbMBgyg-YVeV0rP7_HUL0IY_B5of0u5gCRC8UiQNOEN0kKbSn1HHIahS0kMqeygVAncaet1-i2tK5tOme0thssD0J8ORKEus1j7DbmG_tVCdWDQakKrHqFQm4R5Hgjp6FKS_Zhag42eKEPRAAYh-xlnQ36gFGdo9h5jqm82M2Msq6IVTptiWyrwSSSnwN0HuJDtaNP6NkpkH05iPWCXoF1cM_G_UjYEGN6wSOwtiN22KMoVNCyOPyTHYIaJ8yTfZU&key=AIzaSyCjh9aj5KcL4_aU4229--ATJhvbcTNPmUk,-5.6450528,122.7453555,ChIJodRf7ZwVpC0ROnpwqliZHsk,Kabupaten Buton,Sulawesi Tenggara
Wisata kolamku perumahan Ruby zamzam,"XMQ6+QJQ Wisata kolamku Di BTN, Ruby zamzam, Lompoe, Kota Parepare",4.2,6,Wisata Kota / Landmark,https://maps.googleapis.com/maps/api/place/photo?maxwidth=800&photoreference=AU_ZVEFDypLsEa_b5FcvgXZ2OamEBCRA1A2ETrmmpbfkGeblpzLclPKEYisgJ_ZVzJPvDyUTnPgAERQjyg-eVqxSsjze5DKi-hPCs9rC0rRU2_SlQDPrf19rcfvMY5N9_QMobHkcMep4jzrxD89cGZkMrN8mvbrDWiOszhOSwQ20EPnSEYToe35HyM-064Fh8CipUKlzVbOI0O9ZylIGEV7iUlYk7fHVtejd8OFcLekVA0BY7oyEwT2vpucBqTMSzBoAIogRamJypMjn_J9PUSjoKXLzhml2zjKTRAsZN2QVVTuJ3ZiH1LiQkn9TGHWhwSMecbfYS38uTY1M8SJhVnPSd7FHlaTO379hQ2MrVH9F3kejyPGdDeZZwTHxyocziYWLtj8Wk8blsNJBYzAtJfYkaACMg2To8l93vhcYuZWqs7FRIRRNcBJO7Gat1zKhgr71VHG0ls_QWLfkKjAVlO2IYOULrfgxBwZivWskJXY8s_CurgJHNEhAo392yQR9EMnkDZwxgGIqlTcIkw-g_8EmNvYCrFFjBDSydwUIXFvvwuHh_AeMkRX_sseXgXeu62VjWxALVxrjYUc3-dNiHktfTghAg70vnA&key=AIzaSyCjh9aj5KcL4_aU4229--ATJhvbcTNPmUk,-4.0105278,119.6616111,ChIJETWiHwC7lS0RvAklrQQI_9Y,Kota Parepare,Sulawesi Selatan
Permandian Kalola,"439J+H7P, Sogi, Kec. Maniang Pajo, Kabupaten Wajo, Sulawesi Selatan 90952, Indonesia",4.2,6,Wisata Kota / Landmark,https://maps.googleapis.com/maps/api/place/photo?maxwidth=800&photoreference=AU_ZVEGWKxkQvvqchlgR6OtURHTSbHjSYkNhWzbQ-PJTgfPUqW_3DRhdqTH8xtomPdX8SGkZPQDfkm5XDVbE-F2JjlIc9XFLSnBcZmgDjzAwNSMW95MwnpnLbwO9vz2tLCTCF1Efnmg_8Q1prdfs3cmUXM4uy6vguR0oTJ0ej5u5H79vuBU1qbPW_kzEiMesLpwCAt6uK1VPs3_cKLituxJNEJpmSAQPtbgRp6KmEQzd-F5vJ_G1aBuQ-EA6IvYxaV3mJ8U5DZzPMTg8UH8-LF2OD3GAC0N44w582KatEGgcFAI-Ni0AkybUM2IObrV74ttOfWz4ChyzvNS7L6I4SA_srqvjJMx4j8Yu7za2E9V5SE3JFGKEvN0tNtCv_hz_rulnOFF6R0MVH56qDTV2R_QpfKcmy7ZoXULa7uRiOMg5vI3f344&key=AIzaSyCjh9aj5KcL4_aU4229--ATJhvbcTNPmUk,-3.881036699999999,120.0806918,ChIJq6qqqhrUlS0R3dT2VAe-Z-g,Kabupaten Wajo,Sulawesi Selatan
Bukit Saletta,"GQ58+889 Saletta, Tindallun, Kec. Anggeraja, Kabupaten Enrekang, Sulawesi Selatan 91711, Indonesia",4.2,6,Wisata Alam,https://maps.googleapis.com/maps/api/place/photo?maxwidth=800&photoreference=AU_ZVEEVymZtz_SC8DO7HVo4lQj3MZCxCpa5F0rL0K0O_l4ljPZQMLJNXm-Qs3GR2ruVG6UFJhHe8nokCHXGXGkB4_J8gRVQr9Z0sQNMcbtNLz3ANm78v403dyPEJZXDCJzbkeeKp5ZYw1eziKN8Ldjx3XvpQOBbdBqPRb9tmhElPoZsI2BMGmmQKNkyKzU7md_RVItShS_1-re7_9dGMLwZ26_bVSneKcXnNhFx5oB2T9nNO-KlNjBKOdAyZN3KDJd812bax5vycozYIqV2HbmRkwZ2qdfAtSwoJm36gTaWzljfEMimsFExsJAhQAPlnBLdNbpCeeH94zPmZ8xBmMEgWV5oVRD98KllBQI_Lpilm9q-AgqFMTqIT8ju4Xyifgf73-pFpNlMmtN157upIyjJl1PxCF6G3sJze8Y9re8xpHqpIdq2&key=AIzaSyCjh9aj5KcL4_aU4229--ATJhvbcTNPmUk,-3.491713,119.7658628,ChIJSeVXDvNqlC0Rm-G8ccShqVw,Kabupaten Enrekang,Sulawesi Selatan
Air Terjun Desa WiauLapi,"6PVW+QF, Wiau Lapi, Kec. Tareran, Kabupaten Minahasa Selatan, Sulawesi Utara, Indonesia",4.2,6,Wisata Alam,https://maps.googleapis.com/maps/api/place/photo?maxwidth=800&photoreference=AU_ZVEHTAkZBENob5fPHjTo-_PSGgxCv3IMQpcBQ4wMKCvh6_uf68IAF5FsoVlfGCxf8FCxcwb98mpyG-eILCL69TQjeXNc9zn6euNxTqRsayKVYL8pvBcckbdU8lkshnJSMFL2b2rvXBVf_O40acqxYWXAnm581XbaE8gjHpGlPYae6rjvfPD9Vc7PSrdhFK6B3gyOwPqerFuyTgLyKeqBUcQ9hwjQAX1Y3GtYxhzlgruz_JNsFhIEBBxvKJHDt7cEDB4YNKD-1cwWs11IPNU9QQnT01MiD9lkfLCqHYXTkYG6rY6UmOJM7JPbwNtYK1DWqKPCm-DNsHBq_IZZ-nqPqU8gcbzuuiprjfxY0lTp3GBe1tHJVumP_m_OsLHmN4QfIUdzlhQ6XkV4Ds9t4G-zAB00IxVUPfugoljFd3ny6Ttu78g&key=AIzaSyCjh9aj5KcL4_aU4229--ATJhvbcTNPmUk,1.2444367,124.7461879,ChIJ26HqXoVDhzIRNM4euv4s5Ls,Kabupaten Minahasa Selatan,Sulawesi Utara
Air Terjun Bale,"6X3G+HQ, Bale, Kec. Tanantovea, Kabupaten Donggala, Sulawesi Tengah 94352, Indonesia",4.2,6,Wisata Alam,https://maps.googleapis.com/maps/api/place/photo?maxwidth=800&photoreference=AU_ZVEFU6KkOaXX0Ga97CEuPZVB27qUaQckro-bhp5d-iZTGgyaC6XwfiOwe66Oh-5TB2Iwa7fNj0a1PzkI3mmWAu09uh_uIHL06yKsH0xSv2ZMgrqFH6-EjhoNB63DJRn5yNZ7VrQKQ8I-_X4KQRzC7TPnuNKLpKdILlOxawa7msAY6qB1lu6TTrnL-RmbfEnYM1jySQsxHOF4195JO-GrdtjszmtS_LM1NEOu7a2r3igCpmdL6SgLBWObS9FAT-7Jujs3TB8s7aGVJg5Inf1kHZqwE9UoxiVpClk4R4aE3lFVY9dob4ZIFei-zRKUt7T2BwxPSQFfAgi5VGmuvqGTEUgHWCt7obUpAHXsRFWQcBGRCe0qq2jYL7NLN6gyogXe94ubNBHNnH0Gbvy7RoCvxRGMyc6AAUWwAmJAwl03ZGWx9ZNqt&key=AIzaSyCjh9aj5KcL4_aU4229--ATJhvbcTNPmUk,-0.796033,119.976926,ChIJfRfIXKLniy0RuyR-z88NdLM,Kabupaten Donggala,Sulawesi Tengah
Situs Cagar Budaya Makam Maradindo,"M338+7W5, Langko, Kec. Lindu, Kabupaten Sigi, Sulawesi Tengah 94363, Indonesia",4.2,6,Wisata Budaya & Sejarah,https://maps.googleapis.com/maps/api/place/photo?maxwidth=800&photoreference=AU_ZVEF6dpURj4yzQtXAlSjtcz-hxexyubNRk0NKtNdrHB36WrnE1di05VxWT9ACLbpoB1Ukhk7OFcGbtAwxyGm7sWLWJg0JgAkB53c_ScAzoo4hkn3jkxq_bPyIwMCIE2LlDCF8pNeiIKSQ1PgPqMeEp3xU63v-D5ly_p-pUpx7D-PmfI_lbgLDoxHYdPUt9BAvaKYPSTphLhWZg46wGUmysPxkoF9RfFnmwIt3NIXQVWafKCcJ-VIcICMfTYRtvu9q0uvLiKURperivlN9TLqrz0XSFhzvXvzFof76S1vidNsFWUUBKhyPINMCz8K814efx4esFYOqdATuxoRdIipeAEoX4azNfm-P9SGr51AQjWUZ54Cfq6WE5q1i_BsArCoD4psKtbkgMB9BVW1gx0OgvZpmIGT0YdETLtcvXqmq3hkYkA&key=AIzaSyCjh9aj5KcL4_aU4229--ATJhvbcTNPmUk,-1.3468514,120.067363,ChIJG9E9tRwhjC0RxAcU-hJGHYE,Kabupaten Sigi,Sulawesi Tengah
Pantai Masi,"Unnamed Road, 37QF+HR6, Nambaru, Kec. Parigi Sel., Kabupaten Parigi Moutong, Sulawesi Tengah 94471, Indonesia",4.2,6,Wisata Alam,https://maps.googleapis.com/maps/api/place/photo?maxwidth=800&photoreference=AU_ZVEEEwqyvQzNUecWH2Qf-Hx-yg4WsBd-8eSy_eWWtTFn8HJQbg02Jc-cWCWNEVzBxHKoHVxZfmo4vdROy1VBwm7MluDjki1tCz2Mu_nRGOpF8BtoKd5h3STcoo9zoI3YuRCqxrfW3AcIhbM0jr8hpN1-R547GDJXeBsMQocW-gf6ou7e0Omc0eJHPKMa7xIhA2XaPyHNENGah8iUJIJieH5xx52CQFi57hZzm5TAO-MsR-YFZuCt3iduKgFq7JIqLN7UtyuNYQ_ek1POiHkZpybxLAU_NR0_Gury151bW5dtDFwUEquGYk-0SkbW3xoywlUXamGaGed-UaugA_ipvBHhrpcjGePj69zwi--KJysMuBbywUs5FagAoySx3f7pmhOVpMfygKz-6GCaoJStRPZB6TXhb_iEtr9iL6qBKbBTyWJo1&key=AIzaSyCjh9aj5KcL4_aU4229--ATJhvbcTNPmUk,-0.9110857,120.2745093,ChIJY6UYhtFbiS0RVaqTnpI7qMw,Kabupaten Parigi Moutong,Sulawesi Tengah
Air terjun MARONDO (Waterfall),"G54X+FJ, Kalmeba II, Kec. Tojo, Kabupaten Tojo Una-Una, Sulawesi Tengah 94681, Indonesia",4.2,6,Wisata Alam,https://maps.googleapis.com/maps/api/place/photo?maxwidth=800&photoreference=AU_ZVEGyGttKRFAvXIOYU5oArAkYeO-HEMCGXLlzgy114oWe4VvRxtbjYsowf9VhytEglvFslLaZdvKEI2AYnsXIt_UMZRXSYiR-eIGFGzZB0gH9deuWxH9t2nxA6DXFE-L2ujQ3qIH_txST15uv1Nao4BKAti3Y3awwvFp4nLkYNc4nxfOE5jJSN4i267ljMdmPTY7j8JLNsnU3gjt2p9CkfR35bO9h4rL2-dyBR2Wtf1T_dI03H1G8xFp8rj14FpO7gfUwzCEuAOp63Vb_XInsDJ9FETrvwZIV65vBQ8FY2iFerKplAR29Ns9Xs9fQqgmKnnTm2ri0L1TgotfyxGCyCwhl6LVa4oe_kGz-jgUGXVnZ5LhIHgYrPG-i7mV_vSUuNJp-nf6F6v8fzuou0f9TPWBaBrPczOw8IdLNL0xRo0jmIfU&key=AIzaSyCjh9aj5KcL4_aU4229--ATJhvbcTNPmUk,-1.4893414,121.198659,ChIJNTV3lVINjy0R0Ez0Amtf6as,Kabupaten Tojo Una-Una,Sulawesi Tengah
Wisata Bahari Karamba Tarantula Uwedikan,"Unnamed Road, Uwedikan, Luwuk Tim., Kabupaten Banggai, Sulawesi Tengah 94723, Indonesia",4.2,6,Wisata Alam,https://maps.googleapis.com/maps/api/place/photo?maxwidth=800&photoreference=AU_ZVEF9RNzyr54EOWeIJZr2TQ9gY-yzFTuPgnOV79XWQh1AhC9eH-iwNFuTzqyJlG7aWj81IeNjG6evGLbIn1btxY8F_YFZSbI_M0rQzLZQTLHGvRkloQevLM86gVD1KGcb5KxPt_5zvqV3M_KJP5-iXKz333Lg_s_2lvNa1pCLJLDUNadJXdzXg0Htg_2otdmpaRPIr6DDvvdGjw3QosI6Oa0ZnwdcQdFijrHfy3J7wG8KHV8EEAwQapVCsO8qbl7z1TAgTf84bDuzfsF8WCHpBy8YdUJnyDzOHg1bm7oD9ktpFNtJyfX7ZSS3aMkxNPxmvnYi-yV4HIyfIN-nOVFaKinUYs9XxETXsngZStnidPLVDoYuBjLcehyzPGeCjXW9YR9ZV8jVTOJd-iIDnCVCOUF9v3gvBqFww1IxJuo8sxIkWyDE&key=AIzaSyCjh9aj5KcL4_aU4229--ATJhvbcTNPmUk,-0.8995625,123.0563125,ChIJg-kFTvGthi0RQfvyxSHkBKg,Kabupaten Banggai,Sulawesi Tengah
Wisata karo-karo,"H9X4+HGW, Sulewatang, Kec. Binuang, Kabupaten Polewali Mandar, Sulawesi Barat, Indonesia",4.2,6,Wisata Kota / Landmark,https://maps.googleapis.com/maps/api/place/photo?maxwidth=800&photoreference=AU_ZVEHVElhOD3XK4e5XBNsAD3Q3c4JgrIcnY0EOYBOyRSIDL2vci6XkuK1i68LjjezssYPbbeEpgNpHmpzebHbzYYYvExv3oqUweh3uvjQVFdC-A5OLCzgizPDfQGoJAvtTOeP7I3b5OJVg0cmCbLCpzY8fzIhCe4DJDaxUQq3zgwy-nzljByScLU3pEjhM5Spx-B-OKJVEWcUzi9eDKUe7OwIjG1CVWgDmzETg_ekgKuuGUiu4GNiUrECsZlIC9ZDVoZdTfPJEPMuUAGOzR0y2evpFGO0AW1UGeuaGed_fNa_B1UKgZDdjd9JPnQuJmMUMBapoTfX1m6iOGR4l48dIFjUCKaVG-oPnyNioWnQ0_UPwvny_9LH9_GOT89iuzgJdz75JhIqGiEQFm02chNt1jmH_d3tqU0F094NMWmq_DugIINnfUz68NgFQzwapMhAQ&key=AIzaSyCjh9aj5KcL4_aU4229--ATJhvbcTNPmUk,-3.400895,119.3564474,ChIJSWKITQCHlC0RUUFg9g13dBA,Kabupaten Polewali Mandar,Sulawesi Barat
Wisata Alam sungai Karya Bone,"H4G2+QH, Karya Baru, Kec. Dengilo, Kabupaten Pohuwato, Gorontalo, Indonesia",4.2,6,Wisata Alam,https://maps.googleapis.com/maps/api/place/photo?maxwidth=800&photoreference=AU_ZVEH7-8SNVTkJidmx1OuOdUxA7MECUrC3Q56pi4v59wknuvcFEKdwbOaD5jJxArWIIWIJmWeesPn6hXkO3cg868jnBMN2iImiAkDM2lm0znWbRJWjym3Boc1RrDkNzcC_6wBo55V-yR8nN9iWbi7zQsBdnHKsnYuo2Hyxkt-S2cqkxf028wuvZMxHFlS19dUYEFGdkdBQSDYsnKmv71e-0DTkA9oG-lCgYJJ6i364hUNA0SfppIlnrRMyyrgSrKVJQYd8EfQFqc5Q4IIPPm2e3vHgRGAe00VhUnZuMAWXGD0LY59qsMYa_lW8so0ok_lIW1zkA6oPWih6g3tMDLkrLHyK1vhu-Bf1u4vAs_MB5NASdhV5-DmKRlskSwZGuT8RZ_f4EQQT9QUqV5gHlT2y7ue78tiuEiJMoKmRafArbwfQpw&key=AIzaSyCjh9aj5KcL4_aU4229--ATJhvbcTNPmUk,0.5769993999999999,122.1014588,ChIJc74mCACxeTIRwMFfFBaWYWU,Kabupaten Pohuwato,Gorontalo
Air Terjun Kandera,"4VQP+XJ3, Touliang, Kec. Kakas, Kabupaten Minahasa, Sulawesi Utara, Indonesia",4.0,6,Wisata Alam,https://maps.googleapis.com/maps/api/place/photo?maxwidth=800&photoreference=AU_ZVEG7PT09sY-Q3EMU_HQZd3XOxyLjwPja8VHouL6O2Al1GY9NjSLkrK8p2zTL_uE1_mXDMKtX3JEYrZyJsJqZiz1-QkFEjLrYgpmZZsFfbtPPhSdgLXRa_3q24XH2zVVce2ggPTh-3yHlfW5TD7uJhfXVQfsp15S_DwcOVJ2zsCODF2kbToUnx9oiczkjppThv1L4XL8ezCe-0A_mpl8YFpeub3F_MBZLq4Ba8hJiOFP2IOEuHyQDZKrFQp1AVcJtFUUijPPHj5EwIqDfdRRo9mvo6QJpQeXV9fYsCgZc0irdY4C58FAdIbFHipdyDrdLaeN7KX_bFNT9jL7QVGCv0_CDrhp6cYPqV3cuIWUrPxnJa2_i-f0mT5aIN5PrtdYOKWtWg_LDXiaKThtSm0AkqBZz9fnipaB5D8lb_dLbt9Y&key=AIzaSyCjh9aj5KcL4_aU4229--ATJhvbcTNPmUk,1.1398888,124.8865556,ChIJWx12mkE4hzIRluyLMmGh6pI,Kabupaten Minahasa,Sulawesi Utara
Wale Manguni,"Jl. Pinabetengan, Talikuran, Kec. Tompaso, Kabupaten Minahasa, Sulawesi Utara, Indonesia",4.0,6,Wisata Budaya & Sejarah,https://maps.googleapis.com/maps/api/place/photo?maxwidth=800&photoreference=AU_ZVEEWgdpoYotzQSe5rj-5ZOt86GsZ7YAHW5JXc4zF1heMUxdb8_5HlPZ41uF_vdP46HzPhlhQOBLCLc-P-3atlCswBjvH2tt9FrBkXZwQimmsd3gw9ycUYaihn8DEaITJ4Acl8Koq0I3QIOdShxJt9LmI-rpuY34G93q-ROXI3XlLM8jZ-kaC2s_Df7-U-VaroyaYuzGm_-EkOezt6z2GJA2BnShbwscX8nfjchwjE6o_k3ZOD0ZrMLekEXq3_n1RSypkhYBt69iu2JhtMV1uWod0cJlF-sosKXWEJfRtxL1VTQ&key=AIzaSyCjh9aj5KcL4_aU4229--ATJhvbcTNPmUk,1.1828006,124.7926073,ChIJMyJr6NRHhzIRGqOsmDP5mxs,Kabupaten Minahasa,Sulawesi Utara
Wisata Pantai,"VM8M+QXM, Dalum, Salibabu, Kabupaten Kepulauan Talaud, Sulawesi Utara, Indonesia",4.0,6,Wisata Alam,https://maps.googleapis.com/maps/api/place/photo?maxwidth=800&photoreference=AU_ZVEGZYK4Ey_E4XIwj1dfiK-S00ymstqcraN3gtgZ_toMgtg3SBvS1u4U6ZU50yqgLCCPjxIoA9EcTHMvIajwtyfQbaa9aMhPxsVv69JLPzecjyTNGZjBZfP4UQC7ui_MK-rOhfIfW7V1vprw85wz4Wn5QTuVWGFB3d8rFPWfa_SPXlXFxwhRFxxpatI9bGdRsAUvSG7GB5WXIpPxuD6naxBvif2uVlwF0nanhtbCMgC3d6MPEw3Q5a1yeZQ2AX_PN38Wt6yeG3mHlOX0vQ7f5rJQeUJ_bde1Y97I7h1W1lISReTlFy_WI5AivcC0qk94OW9aj2hBDQiu84qBe2i3sFEDElnhe9nmTePJbxeGzoZDjKTJepTND-jRVIZHuQvLSddCKb1bKjj4K7_LC3UKMLuhjfYufjrD0xXoEvatDMzHtgZ2L&key=AIzaSyCjh9aj5KcL4_aU4229--ATJhvbcTNPmUk,3.8669548,126.6849335,ChIJD44d1rEmjTIRa56qMHiLgpc,Kabupaten Kepulauan Talaud,Sulawesi Utara
Bintang bahari,"C4MH+7H, Ulunambo, Menui Kepulauan, Kabupaten Morowali, Sulawesi Tengah, Indonesia",4.0,6,Wisata Alam,https://maps.googleapis.com/maps/api/place/photo?maxwidth=800&photoreference=AU_ZVEHTqmpZQPYGrhHf5zU8tScAJOUGhy8msE-fHswSTZ0uJLzSoLPmitC5-KJHcAT_L12Al2adMAusGPmBSk8mla6J8gx1WqfbdkQ7GLDtTjlvwrK4z-vNPkSSKgRWK-yVIInJ_hKLL5RVjKGYhj-8lAeRPbIhq2IsnylmLG9ZQhw2y6CAWX3jA2tx4ADKNaaSZMfVeL7_DyFt-gRHTFO_FF9prBuuwvYolRSvgznsN7PasDBmFL9-kdnFlTRjLSCD7CDnLmPlfpVffEwD4am5dTJwfyjkkfcQz4i9JAqqpaGVozbZc1JOUp6WPlkDUNPV3GIK_5Qz_3i_0s70QoVehy5H9wOrqDrojY_Txnp8qxa-SHXgU3CHLCgaVMBdcXMV78BMjMu83lFz3D3-FfV30AkLzzLogIGoNXrIaTMIUlYw7ejI&key=AIzaSyCjh9aj5KcL4_aU4229--ATJhvbcTNPmUk,-3.5668621,123.1289831,ChIJI5LV2gfTni0RmKE0rMHtuyo,Kabupaten Morowali,Sulawesi Tengah
Air terjun STB Kaleok,"HFV5+FG, Kaleok, Kec. Binuang, Kabupaten Polewali Mandar, Sulawesi Barat, Indonesia",4.0,6,Wisata Alam,https://maps.googleapis.com/maps/api/place/photo?maxwidth=800&photoreference=AU_ZVEEXxDfAdatFCbs-tW8nO-g11Fjkl5063MfIT9yygloGzp8GtV5yvRRcgxGoWEyTfNi2D4_eCAgG7eM6W71_eIi075V2tFDcbiXmZOkgAWG9OQyEHD8WJWpuaFfccH3-5IoryRBqQ_JIX99j0t7MNvWOBhk9JZingMY0nGl5SJ1lC1v7xq_8WV2UzfG5dxVGd7nCrtOepxBGjEh6TGkvHdoy_K-mXJirKjmU2KS6eo_amPtDtPgC8SmsfQELkas69MZvMzhpzG_CqO9RCb8nDZPUKH1h9mX-zbMsS23MNuEoFe38QV0cUjxSgAGBucXqKudiGZaL93up_F5SddDciouXRWm-501q4dlx8bKy0CtErxg2VIuOKVnRbQuKMhd2CoZVF-UZAmG58HKYl5LubVHRgXNHo0rhrGXn8JMqsgx_2K08xJgrSzens3_xn9pI&key=AIzaSyCjh9aj5KcL4_aU4229--ATJhvbcTNPmUk,-3.4063242,119.4587874,ChIJM53XOwBjlC0R5G86LmjjnCk,Kabupaten Polewali Mandar,Sulawesi Barat
Wisata Muara Desa Mappakassunggu,"GC78+WG8, Takalar, Kec. Mappakasunggu, Kabupaten Takalar, Sulawesi Selatan 92232, Indonesia",3.8,6,Wisata Kota / Landmark,https://maps.googleapis.com/maps/api/place/photo?maxwidth=800&photoreference=AU_ZVEFUnm1OWFRy_33CFnAxD2TiF4xfujU1ey0B-hOBzBlODlpX3LAE4AswC64RAZuu4i-oSACMRlBLFc8HWsyW27vNcPLyB7ZlYYm-1SoyGvVEEjDq4vOtopJLmXwOIYVp7063DPGRH9ymdy6lnZ9Y_9byx_S1ftnKwWgjdHZ8GTVN3eGQAZxG004VEWKlmiv6pxyhJ4kz9ElfKhg0y_sbeL_5hHwAUtP9HLe6_Cf78bP-aKUMj4nFppQG2cC_W73Gvy5qd9J0Go8_JA3pGbFZDjxjVah_V__f-edloUQbImhJjf0v2PsL8jSBYBt_Bcp2rFK4LXVn_g4TixtCgwfne355QMmNbPm1Zn_lmUJHB2iYAB17a-RtLim70XWKCUxKpdDrQIcrgYjoU2U5KaZZnbX9p2r7JsCpIoj2tT_AmGgIdw&key=AIzaSyCjh9aj5KcL4_aU4229--ATJhvbcTNPmUk,-5.4852042,119.4163341,ChIJsWKYIdgpvy0RJ28IPywIFpw,Kabupaten Takalar,Sulawesi Selatan
Air Terjun Sarmasi Leppangeng,"Unnamed Road, 85F2+6C4, Lepangeng, Kec. Pitu Riase, Kabupaten Sidenreng Rappang, Sulawesi Selatan 91691, Indonesia",3.8,6,Wisata Alam,https://maps.googleapis.com/maps/api/place/photo?maxwidth=800&photoreference=AU_ZVEE18j5JMxpyyhR6euZH6Y22biVUT2jgsURLxsiOot6fLtLO4zjPA6gdJ7w1kNVA2aVNwm62BJylZ-9Lpexe8KHLQ1txMWgCgM7EgBcBidD6tO7sIq7VjfJP_rcIQ9p2CJ4oxjxejFLEIpnEZRuMW-GmzxV_3Pt3_PdcyUfrWHM5v5I3KBzIoGBP6vzS6X1G8NrS7xPGP07ih5hMEu8K5GjuxaW0gPi4_DTvofqWgQqTourPHkRSe8toFGdSWCmCmXjMSqVKKo9ns3yircMN9sblsx7z95gjipPmaoPeN4mk1wkmGqU2cBlIBoBYbaa-6_QmMANQQfr0iuwXuPbeC20qKDaEDcWzjJF8vbFbCx6CdPgO7I2j4JSWH5pvczmk_tVmaSGHWk5lVDIzF6M6RtOX_4nHMm-vLUv4eQmuU36KhMrB&key=AIzaSyCjh9aj5KcL4_aU4229--ATJhvbcTNPmUk,-3.6769834,120.1510931,ChIJSUYgr1YplC0RJygBss2O3Vo,Kabupaten Sidenreng Rappang,Sulawesi Selatan
Air Terjun Sitodon,"Sanglepongan, Kec. Curio, Kabupaten Enrekang, Sulawesi Selatan 91754, Indonesia",3.8,6,Wisata Alam,https://maps.googleapis.com/maps/api/place/photo?maxwidth=800&photoreference=AU_ZVEHeUZ2JeolIh9-6lh-MlwMdSkVwFtUIwNmUTCvIRDMy1wpy_Gfwoi-xw2SRUcly4ivdMZlBxzC24rpUYYA4QL1IukO7NHzcDDErjjbV5bMveH2quJh_imTRulH9-bCMK8Yg8TPgXDeBe0bU26L3qeY7ra3JkujmTwaqXxnT6exSRd5GrDAA5UuDVZBh8rlEha0gpsQQ0cCEJsW-kgj6ZACxz8RGKhuIkebrBekI7RrLlM1Bei_ZVnGRYkL8PtnGEjDlTMdnHzVPg_7z8b6sq1bE0fm75JGwSG6VMKEuxLaJxDri8bY6gk8LqWxG1qY1-le0G_XiXY6eXZ7QPgXK6qP4vWWer181XQ3gJAIGOzQ4WEu5NDe84D_LrMSZC4xZL7bH9hJn0AwrE6MsnA_cbr4K_615PcKwZTx9DsPWoTaPFUGI&key=AIzaSyCjh9aj5KcL4_aU4229--ATJhvbcTNPmUk,-3.3367731,119.9650028,ChIJ4cnLeGYPlC0Rg04SQBMc_Ss,Kabupaten Enrekang,Sulawesi Selatan
Pegunungan Tokala,"Pegunungan Tokala, Salubiro, Kec. Bungku Utara, Kabupaten Morowali Utara, Sulawesi Tengah, Indonesia",3.7,6,Wisata Alam,https://maps.googleapis.com/maps/api/place/photo?maxwidth=800&photoreference=AU_ZVEFrEE8KB3uddsU0RbKxncZRaeDXrI0j8IwtZOX4bNr2Wu5-Y7MJRxXIGuA3vbqY5VyAXB3pbC7ZXIvzhcSCxSFa05yqTHPdlb0blgShqxpdToBjWWkuFLl65CvvXsf3d21JABUIe_jLO0amvM-wZhGHa7unDDIt2uVJlWhbHMpO8z003mNzOI6PfvI_x-ZZz2WwRMnsP3tBzsnRARr7UDYwbL96FOgJpFilu7ZcGp-QCRpvinFo2MzfL03yUlALDrKR2u5waWbX7oronWtdtIPRTDxFgB7d-FhlI1DNLyArppCT67PDsteb7b9KqS2geMFaYiuorsxujjDSg5SgjTE1QbYlSg182wM9-2Qpsq8uaSkMJV3nOl1but_zncmmHFOyFt2d1lE6qKVWlQ-SOObpCdMAEfVtTSUW6me9KXs&key=AIzaSyCjh9aj5KcL4_aU4229--ATJhvbcTNPmUk,-1.6427778,121.6936111,ChIJm8aZi0B8hS0R75oluGbdeFE,Kabupaten Morowali Utara,Sulawesi Tengah
Sewa Mobil Gorontalo Zahra,"H2GR+PG6, Jalan Potanga, Bulila",3.7,6,Wisata Kota / Landmark,https://maps.googleapis.com/maps/api/place/photo?maxwidth=800&photoreference=AU_ZVEG4Rba4Q08CQ4vYmBrYjcAiP1deeq-Ez6t88bqVarME3fiHkxnDyEcYMb57SzIV1BpHSbXz2kcjCjvDLf1CfcJB5Znd1bvTCkPhb3Gr5e8GbrDJc1t9tOkIUX8Zp1HF6Iu7T_sJxcz_Wl18kPzhyN2ybOyYsPJpiCawjNoT-SpPAomRITzbAN4O8rAtuOsqN-dmRYb8aQHdEn2-mYzA3R5CfTQBTKMa89G6JQT_DZTtfGYEwHxsNQynZHOjlP1GQOwFmQ1wIEe3q-X0VsHE-bmvHsEnzK1t32bPi93nIPtNWsvh54WFRbhCZRPlQ6L_0aWkLazWXr6PUU2JmB5PcWiWexJEPko0nn7BBzUJa2sVceygbKItRQpP74wzDa8HznpWJpKa-pEfit0EsPd4VbIDbKv85zvQ02p2pQnlKDE49IyfNBgjtxUyTfA59N74rhZjjkC9kBFsLJBOM8bl4hcX2ho_7Uc3OLIkCrYBsppSg2jOfv1iuY6ohlG68HRfm6qRInXE1idBSwt_k1U8bAWp0fagd9Y-rKIHiqkPckqk7piJll1nVZiErzSXKFpbaObbXGtZ6W7OiUmitJTrwhnnhpPEwCisY61cRYI76e1YbfABUBZdTwWwhh8G3LIztkgt2AJ6&key=AIzaSyCjh9aj5KcL4_aU4229--ATJhvbcTNPmUk,0.5767954999999999,123.0412653,ChIJtylgE48seTIRpdfdE3U4Dzg,Kota Gorontalo,Gorontalo
Objek Wisata Mangrove Desa Buriko,"8CG8+Q8H Desa Buriko, Tellesang, Kec. Pitumpanua, Kabupaten Wajo, Sulawesi Selatan 91998, Indonesia",3.5,6,Wisata Kota / Landmark,https://maps.googleapis.com/maps/api/place/photo?maxwidth=800&photoreference=AU_ZVEHfuGj83Y3ENihqZvcLAfLKSEvRAfvlW5UEHOC18wWY1oayiJlgy3KRLSrb93yBbrky6t5KmYrk5jfIAFcPUr4HdIPCnNhpYUIV09cEWAW-4XxzwWaPBUipYmVRMAVwwDJhEm82LOtfuu4pnSvOnvPcVpCH9Kh_APBD6VzIw_c_7o52sNYa4ZNdbGAN7jlj9oGYjdbF94-C6hV1kTvnhBZVdLFL6cT8p9znXWyW9xVThTNQis6QpWSv_4DBGaEgKDeN7yGNsXo6-eaMP28xCrVb8GU5XJUw9z1AhWdoF1cGX6gIPnfHDuelojYsm7E0rITT6YnV75CnKTT-TAbLbw28MJjcuNafERTrKXeq5kELtLXF5OQa9l0KAc0W45vggCfUehJIm-_LR-wJ4ST3j37qF532IQL38HBGuE9kc6s&key=AIzaSyCjh9aj5KcL4_aU4229--ATJhvbcTNPmUk,-3.6730564,120.4158442,ChIJweVEHuKPli0RRQXSeFBwRjc,Kabupaten Wajo,Sulawesi Selatan
LIHUNU,"Q45X+X6X, Lihunu, Kec. Likupang Tim., Kabupaten Minahasa Utara, Sulawesi Utara, Indonesia",3.2,6,Wisata Kota / Landmark,https://maps.googleapis.com/maps/api/place/photo?maxwidth=800&photoreference=AU_ZVEETCiOP1jyDxn-sfvg-Ohe_jca5vVQ1xhrf1PzTN5ICMUP2y8PsJ_L6c8UiQE-si85lk8xW_p5aqPKa2DcSqV9zMVKNJsAxN3IYjlNnq1KhbeSRxvSj9Oq48A9_Xuspgw7_spnxb-K6uuAny71QlT5lVGfggTwUOQX_bHzKsJ70UTpKKOWuL1W_rZaRkvtDStEt4tKykG3RWNXohA-fDDwQMzNbUJ_-JntTfC4UxAuSb-YOLgfxxgRIycE_XrbQirzwyPwylB326AMn4O7OsKx6cU_pAI7lxyUE-Mz8G779zVOJuf-p7o3tV8MHjXDZ7-lVGm9GfbW3Ip9i6kDFM7Y1mDuNlma1R-_G0Qa3SabPyN-fOSGBZfTqTXUkidWa3XlYspAEnRipWOhB215L-iH7diq1znQ61TRPWZnmpC-GMf6W&key=AIzaSyCjh9aj5KcL4_aU4229--ATJhvbcTNPmUk,1.7599781,125.1481135,ChIJm5WJlsvLhzIRcUwJKXOkGBY,Kabupaten Minahasa Utara,Sulawesi Utara
Air Terjun Pelangi,"X9F2+WJG, Balinggi, Kec. Balinggi, Kabupaten Parigi Moutong, Sulawesi Tengah 94473, Indonesia",3.2,6,Wisata Alam,https://maps.googleapis.com/maps/api/place/photo?maxwidth=800&photoreference=AU_ZVEHQQ5mCcnz6NZUl82yWllEYrfx1QGXmS23guC5CnsrV1IpJiSAbe7AAczEShqxPOh6YqbF4o2aiYoS_m23ropE51pOL-ww__jgAVAojjjssednuz7BuYnPUrk9nltemyJNjc1a5k0LTLJixtxGibMYNoGAVKYgbbacOE79cy8gsONO14g8Py8MR5zVleNwQD1WIEH0jfXZtlEUS4groXbcMBJZ4-bLEm3iGpjMPiKIZ6cZjohPPM06XpDggbO_pfwZCUVkc1v6RdzP2fXjUB9gqrP-_mKb5YAGJ2BC6gUkyFkUWovELGW6U5WMhJxYxIV84v_cV40QZmtD2iC3E_Vzmuoprpt9FIH1fMT-y3inaDNhP0JKATx0UfpAnebMLhd7LfAMIWRzMY-Kx9Gp7Ef9SLD6LHVJxGjjG0WM&key=AIzaSyCjh9aj5KcL4_aU4229--ATJhvbcTNPmUk,-1.0251795,120.3515718,ChIJxcNfKGRNiS0R4pV3s_hIuOE,Kabupaten Parigi Moutong,Sulawesi Tengah
Bukit Moncong-Moncong (Bulser),"PGV9+W98, Sokkolia, Kec. Bontomarannu, Kabupaten Gowa, Sulawesi Selatan 92171, Indonesia",5.0,5,Wisata Alam,https://maps.googleapis.com/maps/api/place/photo?maxwidth=800&photoreference=AU_ZVEEAajk43RHqIwN93clM-mJmflJi7RygXsD887ak1f2520h9BS4Mab_wsW8aCeby1IdJupDNiITkDkutg3UThUqnge7mblOQtYo_bA-g715MIMbvzp35oUh-CHTRW03sO4vVPwkfK4XDHPJbI4y3MM1EteefkKNm82yl0war4k4R41n7UytH06igHagUak-TyCjqhXQBIePtNMmQF0wmN7G_Pqetg2fwLxT79wIlbrRCDxrfyyq_3sh-fyIEw1mkGvfZkfA70u383SLwGnrkda1CbD4D49By_e0nYgc9TeNKHg6VnA9OaLTRo5vUpd64hGiVRRMEGgPXVuUGMXlfjy0ocqJoFNqrrcmQHtO12DoV087y24Ka7nPvyt5iMoYfE0z6lO2nOabDs4UrJiq4GMhCQeh8iG46uBdF3Ky7kcgiTMkk&key=AIzaSyCjh9aj5KcL4_aU4229--ATJhvbcTNPmUk,-5.255212999999999,119.5184574,ChIJtUmQHJLnvi0R18AvmvRRXpU,Kabupaten Gowa,Sulawesi Selatan
Wisata Danau Satria Panrannuangku,"JF92+3JV, Panrannuangku, Kec. Polombangkeng Utara, Kabupaten Takalar, Sulawesi Selatan 92211, Indonesia",5.0,5,Wisata Alam,https://maps.googleapis.com/maps/api/place/photo?maxwidth=800&photoreference=AU_ZVEGaFeoBd9ppzGEAq2Ww7qWUPbMpWVH7skOyPNCcl_ubZkWXF7GD71mJqo-yogcf4AVjr438RDUNe3gRSMNzTz0B6Q8aQRiQJGNq50gwFPMtGUUBvcgvDlz6jg9XOVHvP91epxG5UjR2-_lEqtd9XvkMpawLP0XVD-GWiV2_AhIhSD-THvY29dqQU6w5fagTsPwFCzUnN58jNDOZp12CAWf6t5lTl6H9lDt9IKkGUMqZ0ODcwp8uO7xilsn9L-Y5LHViZQ31FNfg02c38zu29SdmTaL8cu7hDXDbpwTfi-Eo16HwMGyY-atqQLvakXLPDcgXaSFvE1R8qLUMtiOO5u8qj_8azD8yogvLyiu3gWdUHgGpQ4Iri475vReR-1T0GSt_rcGghfXOFMwXvAmHCIM6iy7RSl_dL4ybf0i2xkhJwg&key=AIzaSyCjh9aj5KcL4_aU4229--ATJhvbcTNPmUk,-5.382255,119.451538,ChIJLZxux6jZvi0Rk_efUIuRnsQ,Kabupaten Takalar,Sulawesi Selatan
Air terjun baruttung,"CM2F+5WJ, Jangan-Jangan, Kec. Pujananting, Kabupaten Barru, Sulawesi Selatan 90762, Indonesia",5.0,5,Wisata Alam,https://maps.googleapis.com/maps/api/place/photo?maxwidth=800&photoreference=AU_ZVEGxCXJCpG7DDS5SDv1ZSEgY5ULNmMjpn_tLw_-F2XdTAHCeuHraSAaWLwBCVKP-jtKQSPedQfd9WsmFN5vY8jyz3Bjh5A8sf-8TH-MPqQ1BiqaXtdCOaqhhMwzhwFEpNVUhDHmCM1Dc7tWo60JEUdoHdygP0JVN462El8eLgICTIiMKo0CqS_hd0AJj2BBboj_SChfjfEyaN5s4WnTrVBfoY0q3zyHkmNy96wu_29hAe74AO4wtJ5eQiONf2KKZ1uNAia5hoDwYB4LZqu2fMeqbEVIbFXmERFruv5XIWGl_R-8xv79HQz5I0zqZdl1aMHtRK6dWfEB-CtQ0P4Hg6r46oBXHHWZ1RjFnEaewzO9pHlYu1sRXytafEfnPf29F2QM8Ljav_siKHVSfwwy5pLtbnZzuyvzac28dstaDr-VtSUltptHyg2bF2DunyRqY&key=AIzaSyCjh9aj5KcL4_aU4229--ATJhvbcTNPmUk,-4.5995417,119.6747683,ChIJF16IIAA7vi0RyD5hUAOKoZQ,Kabupaten Barru,Sulawesi Selatan
Gunung Lantiangoro,"9M53+HMR, Jangan-Jangan, Kec. Pujananting, Kabupaten Barru, Sulawesi Selatan 90762, Indonesia",5.0,5,Wisata Alam,https://maps.googleapis.com/maps/api/place/photo?maxwidth=800&photoreference=AU_ZVEEX-fQYeplmi5K9iUKHFHGcx9haZINdHMdVfZUXyGmRk1jQqnTQKfCJge0u7D8rVPUzYCk226t_ykfsLOujUVR0QR4JBBv1LwRib5KMuf3yX1JgUE2O5avSIiN00ipu65cKgbM51e73wEm8vSAyNBYZQXaKtwdDNuK8ehS39pnZHl8iN-AivP4pPZOqkaDj863xLP506vN3mzFadPowZCg2K4dY-6K59G-uOHO1sSV_3zQpOeaaoo4ZEHdlGBtbXNtr6yC4LzW-_2SruQbPmXdhk3w63tn4YBGMVaHH9rzbLVp3TIawD8VX4d-BW7BLlGWM3kfzrSl2uckbbrCycUZS4yR5uD3n9es7K9CxO0k2v6PtgUjabFLAihWYGIfwBs4aXA7HkhFJEO6gepBaxmMTnZjJc0ruuby12w_wHungOLmq&key=AIzaSyCjh9aj5KcL4_aU4229--ATJhvbcTNPmUk,-4.641024,119.654147,ChIJ5T-ntMg5vi0RDQjDSViCoyo,Kabupaten Barru,Sulawesi Selatan
Air Terjun Itto Sarasa,"Unnamed Road, FM9G+FCW, Kaseralau, Kec. Batu Lappa, Kabupaten Pinrang, Sulawesi Selatan 91254, Indonesia",5.0,5,Wisata Alam,https://maps.googleapis.com/maps/api/place/photo?maxwidth=800&photoreference=AU_ZVEG39JZutXIdmROtSVPVMUol7pdJ4mu5mDLlmGWCeHdmxQnzQGWpO159T4HqaXAymJBNXY3N71MYj17wxriODebWx0gct5wQjvJlmGxcdnKxiKdaWakLr1XarOHPNqRfJBGr2HNLvBESMGihFoXU6Gv6J1jnTBRDGFWammmbcCLJEOXCZAzP-oH-XEAiETtk4bUtYjYBX0FURsfE0QrgMXd6uu6EmwVmjsRJGdEh3z9UZDuL2cIs5lFuDqxsRAPNvEoG3yLqn8wSGjwqIgyxIL-YtLRxBrTHWckK1QWG1hKhSLMijlpRSvYz4AGDDAfPdOwXvbXCClir-xZzkELQfFoKC75ZWSoNG0dDQ_AVUZ9pZaL-A9Yp_ERKD5SlcSfd-mzSjYFizhHGmeHLOkJElrOQfuzHSo9j6LjvPz7l0AAI-G4&key=AIzaSyCjh9aj5KcL4_aU4229--ATJhvbcTNPmUk,-3.5312535,119.6760645,ChIJa5wTr1dplC0RjFCwcrHF-rs,Kabupaten Pinrang,Sulawesi Selatan
Wisata Batu Tangnga,"7333+2GM, Batu, Kec. Pitu Riase, Kabupaten Sidenreng Rappang, Sulawesi Selatan, Indonesia",5.0,5,Wisata Alam,https://maps.googleapis.com/maps/api/place/photo?maxwidth=800&photoreference=AU_ZVEG2MJ0zLRIRyZoXMxshQtQ-XCTTeDEhtKeXsczdjvJ8KP2as_UoC-gBo_X_2XbMNblH9n6tW1EB0tZ3M7jkaHnzRHfqQpJnY3h3NJophjFnWHQkIjDWM1kQfLl5VI-15JQPmDRS-jQJ-QLeBp0qh2UTMFopbnlHHNgFJfnc-b7qARli58Au7CJx17uuUleGTf_9t-HX-fqgTsqVG8eNHogW7uOC_3xhaMbsBmNzqiVwwZ_-jcbE03MlG2WSPN6SwHjbHU2ed7lEqiDS5ZUXZgvkjkU3GRIX4sRM3jm58Od9mH0YHPxbi5Vy2-XdpyroZjYCrqCkNPBrmXYPFWCXfMuFbjWHTzqHvRczlBv0khWLTno-WQTW4rFDFh_oNXALHFOCnwX3cPd__2y-NOtSCHrLWC2QAzK35TXeSPgmn10&key=AIzaSyCjh9aj5KcL4_aU4229--ATJhvbcTNPmUk,-3.747405,120.0537896,ChIJGw8nDQAtlC0R-A4kiDfuQpE,Kabupaten Sidenreng Rappang,Sulawesi Selatan
Cahaya Berkah Abadi,"4VPJ+PQX, Damai",5.0,5,Wisata Kota / Landmark,https://maps.googleapis.com/maps/api/place/photo?maxwidth=800&photoreference=AU_ZVEHEx5V96yATs-f_dlonXMHzTp36weTYN_Q-de8mP9tpGOAvMW9lB0kf3RhnrUNHvRGuml4fSLv1Z8J847LCEbO6eOhSvW4HCCpCca_NApthI_hyzENdrIzXYRXYlLQepo2qvP6hRx8bgrX011L5Hl-aepcqbznbnft87rW7g8Q0D4q3olTavjM4mYZrEqMdyj9f8zdnVql2R6y26x_sCcJOTljShoW0WIlVKBPdFaF-7o0gwz3DxqsYNXyep6eJW8GyQgBVU7OZtfMtrkVB7kwxFo8rfa4BFtEAkS0pPFTUj11KUD5N5sJg-PfhPQbxGtO6Mus82BKQO1DVOCfiqfHGulmJZRKdOdv6GxC38vtfKY_2Tbyx99H4R2gRQN_13SPFX9becweLSSCOamcw2ZyFI8ae7M7hbYi5itmUMXqT43Q1X9hxOJqTijHoGbBhy92QdLXe9QNIW1SJGtP7CD8oPlD_w3w7RTRwS-nGcBZKe-Iwnwvo6psxYXHdORC3mjuxrzjKaY8X48oC9-bOT3_ocXzt-AIQvCp8CkVjzsHVVRbyMVLn9GdIci1oClc59HeuEjX4I4l1lV3YXd4Sa4ouXXAp6wNyUdAbS0ixHRNIv3LWR4Tf9qm3qzMxUBivnVU1r8jtwBdQPmqT1fUclA&key=AIzaSyCjh9aj5KcL4_aU4229--ATJhvbcTNPmUk,-3.8640379,119.8804384,ChIJ3wpXLwDLlS0RneXn4f9w2Yg,Kabupaten Kolaka,Sulawesi Tenggara
Eduwisata Mangrove PKP Bone,"G9CJ+62, Waetuo, Kabupaten Bone",5.0,5,Wisata Kota / Landmark,https://maps.googleapis.com/maps/api/place/photo?maxwidth=800&photoreference=AU_ZVEHxeDY0Sv0fjXCAvJOwJTcJJzDznEqvA5ns11uQ_n8FGFqs2xiAxLwoZIcPS67RhDq4Y3ZRXGKFRL1IVaHX2YgFLSsetkwBN5uTpBtgfY1rMNOlWlEwLi77FEtqtsuOa8E1bKCQ6n__DraNaGVWdmE1OOt8n4n8eb7ieyf4gLE0MVLO8zcOsmRuEkQsRZJRFHkwWS2gHbQ47kxHIBZmeJre_-7hSEQQdXF6ME3DbNKtUoSGRzOo8TFidMd9tSUALldQhJS6gso4I0xY5xjQguNIaDzjJ0SEuXlD0Sziub_RlYtqCgYOowz7FAtWNuQWbxN4if9k8B2iaA_K2EMysXK8Q3_WuK10wiHLTEjALXuHpZ0hZ-ez-_bKSxBtx2zKbrhnZ1IguxqssSq43gfRBjSKhrfcICs6S4Ak9mGqx2dSFBqSTmrT_SRzLGAVZruRL-weLchZxCgXwt6yyNmyhx389YYw0inHyKcmA_Mzbe0TT5bDOYzINeRWztwTstsBlw2GoxgmPfKzT1ouJ6RI9IU3KqWULejsiw-3DgMIqCwTuQlzZZ7Cw89vwzIu6cS7j8w-yirF&key=AIzaSyCjh9aj5KcL4_aU4229--ATJhvbcTNPmUk,-4.4794642,120.3800287,ChIJ9yOWc_vxvS0RXA13ovr87tA,Kabupaten Bone,Sulawesi Selatan
Minawo 2,"RR9G+65, Tellulimpoe, Kec. Marioriawa, Kabupaten Soppeng, Sulawesi Selatan, Indonesia",5.0,5,Wisata Kota / Landmark,https://maps.googleapis.com/maps/api/place/photo?maxwidth=800&photoreference=AU_ZVEHvlKa2rVRPxj4PZGmzJ9OAN26dr2LILsY7wv8aEBQ6IVkZartpIExTLZ4-zVWUS45dZS-xOgz7DbcbEjn2rbdVsmwSdPgnSbI_6ya-mkbTo1gGaFlz7IlnIAg5Zb5W1_oIhaCKVlniebWfU7DVdFuzadEyKPlLm9DE3hdsrl_icu1NsuLdWNVkXXY65IoxAIAydK2-j0uwlS1qRb1QQp2Fh4-JRrlUI6BT3vQ8wm2VU-1H_V1IGOILUkMBIT0kM5R6GD8EEPVlwuRh_v1j1B98lsCGkf8vWl5n1ziy2yXINwqpO0-YHIe82tjWs0iX_inRYUR7HYDUMJd5ZTIjn8-zlpSo7bJJgQoWy1v36dGuAfoLSMY_bvn1_ZB5zUN0gQhfWQWRuYGRmZKJ8ocPwv1t6euq5FYMye1cEFpE1c54GEqP&key=AIzaSyCjh9aj5KcL4_aU4229--ATJhvbcTNPmUk,-4.181891999999999,119.825411,ChIJtR25YQHtlS0RLHPE6d5tLcQ,Kabupaten Soppeng,Sulawesi Selatan
KOLAM PERMANDIAN BUKIT PELANGI,"FV4V+P5W, Bonto Langkasa, Kec. Bissappu, Kabupaten Bantaeng, Sulawesi Selatan 92451, Indonesia",5.0,5,Wisata Alam,https://maps.googleapis.com/maps/api/place/photo?maxwidth=800&photoreference=AU_ZVEGY5tiY9TqDTB-iVReYhKiKz2SiY2Ujkzlnmxsnd5HSgsvygBdUR-cWxXNmldKwoyaZuloZkptz-LE4leow0lnkxIzB5V3Kd8YiuWAx-Gt_LmtzmdNEl0HkHmLVsQC2qe3gbqlAECA7yrXuQ2d4OgQ7XzL7qEnrc_S_AE5blEH-2lFbIZAh8XTjlngIEjYjuhxktjCS9c0bTFtBOjEFGu8OST9QavIcqaq2w7aXxNyOUNlIs-_YiG_jnime2asQTzTOnPJBv4xz4-tKaYk3Vfw_TjgxP49Kfk4e0gEvImRoE05DiK1i-zoH3bx8vusvcmzuDeBJBiM2s1_EU9pML4DwR4Xf5ZUjlh28j9rGbq6wc9P0GZurUfbQYuRLBGvmjumxKEdbCRfnw66YM4hdw_BiywLXBBzrUvvETwppUnk&key=AIzaSyCjh9aj5KcL4_aU4229--ATJhvbcTNPmUk,-5.5431408,119.8929576,ChIJZ7rudPqzvi0R0-dH_waMZhg,Kabupaten Bantaeng,Sulawesi Selatan
Pantai Tinonnong,"CW72+XVW, Jl. Poros Jeneponto Bantaeng, Tino, Kabupaten Jeneponto",5.0,5,Wisata Alam,https://maps.googleapis.com/maps/api/place/photo?maxwidth=800&photoreference=AU_ZVEGFr8a2PKeATqJhc-OtLwpOrX2i5KIDU4vKt2jiBSG8g5LMXoq2dQi7cEd94FE9Hrtx_esNrXpA8zaVHDvhkhttWP3m3ic9LNi1Kql0Vsb876ISXaNmJYQAyKpLBlys5sxJKkdwNA3_YOi2lmPjm1UIzRU036JuFnNXaa8z-CEgwik5khteIcurvSRmXZqvRNJWZzO4cGKihS5wztNDbLD5wcUuJG6fdEq2vmGuDV6tGwmDmSdWXPME5PT8yb9sKzfgU6FNy8NySfe1zqy0_T-Tmigvh-pIxV_tEZwRuasONodncgMXWBZX7r8y-kus7ekT4exwNTQa1VNS0wzBxvbFS7P2ptrNIavOgFnyx5E6q-RYYi1E6XD33YvFraj2x88b1tKkDzfcgWCEiDy5_goqIwEPbEgGNCYkL0QG1yG-GHC6NFayq9xwa_IJF9528IwDHoStuBFMb6enf7yY5DKzMgGcBNkmvxmDt8W9yrgihAoF3y4KjI-k8ABGZcNK2vsNwd-x98qaEkdmfuhAQIWoMQJO-1UtJc0OzMVcsHjL1NNBezKAtd3I53CAo_zczz8VOIHovGA1Wvm35KIN0VaoEXY&key=AIzaSyCjh9aj5KcL4_aU4229--ATJhvbcTNPmUk,-5.5851969,119.9016567,ChIJ0wASNQBNuS0ROlpaYUNlgrA,Kabupaten Bantaeng,Sulawesi Selatan
Pasi Gusung Ecotourism,Bontolebang,5.0,5,Wisata Kota / Landmark,https://maps.googleapis.com/maps/api/place/photo?maxwidth=800&photoreference=AU_ZVEEk9u_WJvJNSvQP81i8JnXhgcQawiSRC7oPledmIfodLpZ_SZD4xXfZ48g1N5l9fAjxxkqkPkxIuUoZ_hqJ-pQucvBstqMpbpVcvAXDyqD1v8CwuA6Bjp3OG8_UpYpcHTr3HnYf7fwaM5SOcuFjYvIrk6ASp2SN64641LOe9eO0BKVgBt8gqIWUEXzl7Mdhez9HWqp9g-vic9vtyYXf01xsxoK6qUfaXeG2e_DqH5RSSJGt1QNAS0wwXD2hcgcyGt0Sow3CmllV0AAr9smkAciuT4BM0oi0WyD4qur0v0HmqFnXx7KxVabAjAmAaCaRL1NB2QKjn30&key=AIzaSyCjh9aj5KcL4_aU4229--ATJhvbcTNPmUk,-6.108581600000001,120.4262342,ChIJmR2Tf-PNuy0RS2hu3ImZh5Q,Kabupaten Kepulauan Selayar,Sulawesi Selatan
Sunset View Mangrove Selayar,Bontolebang,5.0,5,Wisata Kota / Landmark,https://maps.googleapis.com/maps/api/place/photo?maxwidth=800&photoreference=AU_ZVEH1LV_d1NAdISPobMmi-GtATLoeidKKf-WtGLVv0Imzx7f6nc8NALao6CkSAMwDTZ3VVLA5hKHrjiZNnfTRp3StBV4rzZ6eUhPkTFt0VZIqi0u6GfT_V_Ikrio-Sakom7AkU_8bKSrUl3GJ4DOj4n7ZcUDNun6XuKuCOuyYVXCx1QlAIPheM3GSsYvLV66yzJfWH9CiA2O1ZKQqBLrXEUfKQMcE0xIKXBwq28KWGIy_x0AqeHcWBDvFfUkkS0NhdOoKc3k5uj2Ptc60YBtmrpaOpxOeeQEl5kzUvspIQF-aoCUfk7jaHerURVFTeMFLAXgTzDSuIOg&key=AIzaSyCjh9aj5KcL4_aU4229--ATJhvbcTNPmUk,-6.1170335,120.42156,ChIJyQ6DRbPNuy0RDsO4hnSsDXU,Kabupaten Kepulauan Selayar,Sulawesi Selatan
Attalia Waterpool,"Attalia Waterpool, Bontobangung",5.0,5,Wisata Kota / Landmark,https://maps.googleapis.com/maps/api/place/photo?maxwidth=800&photoreference=AU_ZVEGviwRxILWeEvApcSF5GDtnJTiCFY5XajAl4sXJ5tN_ykHjJzXhg5oaplNqa8un_9kIPJGcQ0fzUq3Pgx0zHoZR49l_Gga5rIFy0iUwO6qNRyKd6Dq1EK0TTVWNGrL4xpR-XgMTPrwkvTsTAp7CwjiV7uPYWm4uKR7P9G5tIxNJPVTJ4nFpwNM4tLBnkaZZkga55N557ot9zYJe0DlvjkZdWXFIKpb4Xnbr30psIbEmQpgKZl5DvDBNQUZDaM7tZTVwYeNWG7GSSzPZibXUuY3Dyds3w399euJaOvtix6C2lw-hPDGmxy6KUK-MWtDfS2938lPuBw1M8ZcJyvuajjZZqbz5dqbghPG2fx8pKsYaX0pYszCsrqPC820kXrvJyQEaHgksLrZh7sXStmBz_IF5BbIO-Z1xbG-BXz4pANfqmbSEq69azbF1G2LHfhd9NbNvicBjv97bvkeVhiYDRN_a5h0tM4h8adsaWknAnfoOEFlQlhoJ7TKhMiRNLkK5Wlhqg2uEPaAYLlZ-pLPJzxJAX0-kobaOzj5AvN5Uy6dyoj7qKKxnhgyShzgbPnS2uzU-gzvdb-UQPtV2-cEf8qwLS4ghBFY7OCqQuFspeovEJl7Ec6NKiF9hLPGMaTJPLiC-IQ&key=AIzaSyCjh9aj5KcL4_aU4229--ATJhvbcTNPmUk,-6.1609796,120.4537717,ChIJmy3UFjU1ui0ROzx4qa-sjeM,Kabupaten Minahasa,Sulawesi Utara
Bukit bau selatan,"MP75+97, Bau Selatan, Kec. Bonggakaradeng, Kabupaten Tana Toraja, Sulawesi Selatan 91873, Indonesia",5.0,5,Wisata Alam,https://maps.googleapis.com/maps/api/place/photo?maxwidth=800&photoreference=AU_ZVEFXm6cGs6VkhktJp3IpkVL8T7KA0jdkLdNIsskIWsw_DIOQS25neTCEBlI3Vpzk1pSczOXbi6xwY6Kjxr3PPcxmQNVSn4G4Ovf7FXNh0Dsi8MbqtERhv5stg9nockWd4OsfLdp0idv9EXg8NPMuj7hNTTn79avfJ1ZKMJWrdSmP_K8IlU4Rq0cXhS1Wls5nZdse_bjb4MU-19C-uZMi-jCiOLBZr-1Nuq0PsH5rdqglrLmgATNxUoPr_rCMcXWUKS1RNYaJ2_hrtx82w_NeDILTiwj1dtAKMBa5Gc5vvVMx4ybEGOhVufCHhX_24q_nIUDjJ5xRgc6d9UC80IW2aU4a26FaFWcZZCwhh6RWhWrb5fBNHD2yfpaVtwRv88eekE55T0SFkRRwaNLZCEJBJqqKo1wv-wHuBuGjJM5RExyNi20&key=AIzaSyCjh9aj5KcL4_aU4229--ATJhvbcTNPmUk,-3.336505,119.708189,ChIJyfpFUgtzlC0Rm4wdarS_bb8,Kabupaten Tana Toraja,Sulawesi Selatan
Permandia Matua Baru,"MRVF+5X4, Buntu Sugi, Kec. Alla, Kabupaten Enrekang, Sulawesi Selatan 91754, Indonesia",5.0,5,Wisata Kota / Landmark,https://maps.googleapis.com/maps/api/place/photo?maxwidth=800&photoreference=AU_ZVEHwwAzkkv0R8JDnEgWK1jr5CwAzlHV-9gl3RE4v9hk5ninedHPKA3QVhm63gHAxPjmB3mpmUb8Y7A9YGE6bYOtSKagmjeIDmLdWGKhC_wrdWjXuSU80D6-X_8-YVi65qHP-0S2UKYBr_5PwJNptw4LbtQoj7lvxmCCJbzOTAQtp0NpzLtQgzRnRgBDD5gjkeOgrCvDQaOo5z4J5_NWT0_kxlU4CKh06mbJaoH1EKaG05cHPZfvG0FS9EBOs7ELQVspzQoEMcdpPNJ8sKIXNbXA8lsC-iS66m7Qk7ASRm3A86kJ9aMPKHAjHnKQM4bRTT4OWEvQLeLqWrKcIqXVPR8Bz5m7eE2Fk5gfEzHMi9SMKPYw2Gu75eClLBi1JZDR9lk_Hd1viLMersK3-cpN1z_toV3FvLq6LX-P5V032sZyu4uM&key=AIzaSyCjh9aj5KcL4_aU4229--ATJhvbcTNPmUk,-3.3071125,119.8249516,ChIJFVJu8-wLlC0R6wgCbK3oC1U,Kabupaten Enrekang,Sulawesi Selatan
Air Terjun Lena,"948C+JX, Tandung, Kec. Sabbang, Kabupaten Luwu Utara, Sulawesi Selatan, Indonesia",5.0,5,Wisata Alam,https://maps.googleapis.com/maps/api/place/photo?maxwidth=800&photoreference=AU_ZVEFeZ_j_eCf5-21YL5SILtHTYYXMcJehPyHwZnMGDy_19YhgYLPTfN-M5noMnBm_4mJ-klS4McS5s3uXnUV8TgABrbw5CpMDhpQifzmT8EYuDLu3mZrFuJIclrorVtgV2jhh6c_Q-ASJuFGe_hWZy0nPtUBu2bgmO6VD70bQJfULnxKOqswXKXWhH119vl8ySuogKxXeAtX1W5BiLGwWO_hPcIInsnQ5h7gQPlzuvBNyJB0NqPBZbVtmSPZUqWYMnVcu2gSg2-EOICAxTsGGoo-9-2S_2t6jjqyxCOXGR6oduZyrcxRMUrPsCICKm8aC2k24dviNuCLyjTjHbVgs9LQSK3QK77M8rM481rVheA7fQhG-_vE4BE3Rxjt_IYkXu59T1ni0m4C7bIS4Gwl7hUyGALxmV6WLkhRzxhNwaVbc46RAgM-xWhtY7upcZi0K&key=AIzaSyCjh9aj5KcL4_aU4229--ATJhvbcTNPmUk,-2.6334187,120.1224665,ChIJbSM7BQArki0RXp3h8kRkBgA,Kabupaten Luwu Utara,Sulawesi Selatan
Desa Matano,"H626+CWV, Matano, Kec. Nuha, Kabupaten Luwu Timur, Sulawesi Selatan 92983, Indonesia",5.0,5,Wisata Kota / Landmark,https://maps.googleapis.com/maps/api/place/photo?maxwidth=800&photoreference=AU_ZVEH54rBvcolIF91LoWQjcmvwRnZyEFbY8fqQ4KV6sxoL1ejRvx7m6gLp_FRsw9SS6D-oEfGTbgsDWD9DPCKARatdQXRPkZf5Imd18PslIXPwUZ8vMFOgrKflXSFjRAfMl_wwYVFMFzi_iXcFfCReSw02FHTjkmgm1VR0y02Z9POAxhBTtxQCymFWKFOT-_DHXD-yXi1U0y1h0pmbtyQFT1BNqdhfI0CvqKRSb6Q58rYa_ee2I1FKPsV9jE8yt94tAS2tfwnrTbaM1GlDbaIzSWlguNajRHwB4vs7wJyx7QJXcNqD74cDb2_N1YUZKFfPDFDAgrNjgj0fwG3LuiqRt4kc48PHmnYYTsaVbYnTjWUe1Fx2R8Fngjv4sIxrAfcEJRUs_xgJEAyDP1QWVfClyxSEcE0e27X5ygtcwvCnuj6gWA&key=AIzaSyCjh9aj5KcL4_aU4229--ATJhvbcTNPmUk,-2.4488951,121.2123108,ChIJ-b3EhdZDkC0ReMhb-DT54iY,Kabupaten Luwu Timur,Sulawesi Selatan
Air Terjun Tutuasan Desa Kauneran,"7Q26+68C, Kiawa Satu Utara, Kec. Kawangkoan Utara, Kabupaten Minahasa, Sulawesi Utara, Indonesia",5.0,5,Wisata Alam,https://maps.googleapis.com/maps/api/place/photo?maxwidth=800&photoreference=AU_ZVEFFir31ml-SdwQxjnlgVseXwQjKDP_KTCBK7iO715mfIEeM4rN-8twbXm5qkLm2FocrhmjIWVwZp73TRa4b3jpynRqhyXq0SKho_yW0lbpAD-oJNWTLPpGrPXPK0AZOzlc52myNmEimUSntISuE6VyU8vfAd4Vjj9sPdWriSUguGi5WZsVU5gMuhl70h5U8f5VE0zJWN8QPvIEAj68LkiqzyiF1NYkd8iLYCLG6YwI7b3QGeN-IGUWGOEmQhV1VxkN4MVJbJ_1Ofqo6vpDOFvHHzSxm7Y_EFrcwKooeCS18cxuVALjKpg-NTXkY1TZ_eThipLPHdDbvv1w7G3gOLw7nwEyegyIWeC6sQwxbzBAeiOWX5opjvrp-7k3EPJ1W0k2Yg2rSANdAN-kjspoLWV_yHrfY-qcSfAUTxlMVpLk&key=AIzaSyCjh9aj5KcL4_aU4229--ATJhvbcTNPmUk,1.2505502,124.760776,ChIJQe8S0zpphzIRFo_pljuJqDE,Kabupaten Minahasa,Sulawesi Utara
Air Terjun Teka'an Tincep,"7PGV+Q5F, Jalan, Tincep, Kec. Sonder, Kabupaten Minahasa, Sulawesi Utara, Indonesia",5.0,5,Wisata Alam,https://maps.googleapis.com/maps/api/place/photo?maxwidth=800&photoreference=AU_ZVEHDLvC9SbPXOZaPWWKshLP2p8SRxp1R9T1JpKg2BGbi7BQKfLzJTU6LTU3mPSaufZ2DWSXJor3BGf1qEFUXaSD_mvXICTAY5n-qhr5e3YIJeT22nvo8S_o3K6H0FZAycW7Npxrr1_DuVZT5kb0kFwUBpkN-UpfnyvwGcA1TDImaGw9a_ePWbAccgvRpZck0AtqynVWpTmBTJLZfyLiPi5wAExl576oGQWwf7sQWtaiy6u97tobPzJbeSRSfLHgFSATtmId8dygFnv9ydaLysfBHsIeHrVOYHz-GZ0wfHKYphC2Ay1PHbOgDq5NOLX2jCdBaIdx6x8Hp2vwODOTPDWQKMX-KTNURnFlnBYwbP-86MlfxQw9nJwijMTNlzD3-HDW8SxfbD-2MXtNneLLc_9QDtpX8oIHqZEs91v4FSOE&key=AIzaSyCjh9aj5KcL4_aU4229--ATJhvbcTNPmUk,1.2769372,124.7429303,ChIJgQ_qFwdphzIRxrYwasPbvpM,Kabupaten Minahasa,Sulawesi Utara
Ekowisata Mangrove Desa Bahoi,"P299+6XQ, Bahoi, Kec. Likupang Bar., Kabupaten Minahasa Utara, Sulawesi Utara, Indonesia",5.0,5,Wisata Kota / Landmark,https://maps.googleapis.com/maps/api/place/photo?maxwidth=800&photoreference=AU_ZVEF6_Fnvq85bJVBQGGoK6HruTgqYH80gSThlLPJubP6jRh_1Gupw7VEwxDzwhhOEo22CN4EMjdB0U1qilgRZNUx8Amasbe_WEGnrBp_oc4K_w5Doot7OwnGuDUrOhup8sJrwtcrXq0SEofLfFqdSVB4CjIGQwPeyQuqekMcFaCpmEF2gVpbmvjErXxKmarX8PPG-L0oMYDOGRxJvfJKnvNXONtiurdy-7EsO4yY94SkeXoHIBUy9CBTItGabNsvaqjoKiY0WhLs2mi8DoLJSmDul-_ocbu1cLS-PcVjyDNSdg3f6ncxScGTITr4-riXykCcTnxCP5BIOsgPVfkPUPZ2Xab4SXKoQBkjLxeJQOYEkKHhjTsKbT4zZlRDFITLfJSAQZYYJbM5HGLBpBEYNDgfeh-XnNakd8brYK6mA_fvMvQ&key=AIzaSyCjh9aj5KcL4_aU4229--ATJhvbcTNPmUk,1.7180899,125.0199804,ChIJGV11bEK5hzIRTealB2C5J-E,Kabupaten Minahasa Utara,Sulawesi Utara
Paket Wisata Likupang,"Jalan Mapanget Barat, Mapanget",5.0,5,Wisata Kota / Landmark,https://maps.googleapis.com/maps/api/place/photo?maxwidth=800&photoreference=AU_ZVEHGYizKc0AvgLW7tB6_dnCkoy0GfdQsG2I46T290jajKOIvmzqF0r6jhJUWVFkjjTE9-aNv-Bqe4yZadKrDhRZBPIeJRQwURhnHfgSoRhRZsXuVsovuEvFYJkWXyEdJr7J5YavHxk7Q5l9zqUDMGBGd8Zu_UDI_Bj1cr-_WfYEo4JV2tUpTbIHXVu3Y15oXu63K32mHrBcc5HXgFh_buKUKBhWCHavPSnUe26M6P0Ikyxi0lxryHHfnNrVzpQqCcq9rNSh-xsjIkeKVuYY7xkBA3yCOdctGEvCsX__Um2WuYbhZArzgx4PwFmFnWcOtB3jDKg7YHuygcjEBLtOH9DFzFubWqFT25IvPIkiNmcLz7rWX5F_xkC9btMNRYqm9jC1syB4VO_fr78ZAhrwyyNHVadjiKjyeCeQZOQ4tOqXVi7YSYrykVaF9AZMxplhmgFn9S5AAAYj9VYTwxuOqtJG-Sm7Eg-nwS9Jstu_fUDSbWwUCLZ_OzSBLTMwrnojNqPrrF9l2uWdfJ3ZLLZMdccMQdyPJXU_fh1XF9NxVtb8E3FG_EANiD43XyejFnW9EcRxTJbKCnQo8AW90kNKd8X788J0B4LbHxBfob3d6s-cbA_k8oCIXKl3F1TIxZVSwL51VIg&key=AIzaSyCjh9aj5KcL4_aU4229--ATJhvbcTNPmUk,1.5329049,124.9359452,ChIJo64ineyhhzIR0kPlvlZptnM,Kota Manado,Sulawesi Utara
LOKASI PENGHIJAUAN PEMKAB MITRA,"4M5Q+XP kebakaran pasca hutan rehabilitasi penanaman Lokasi, Ranomea, Kec. Amurang Tim., Kabupaten Minahasa Selatan, Sulawesi Utara, Indonesia",5.0,5,Wisata Kota / Landmark,https://maps.googleapis.com/maps/api/place/photo?maxwidth=800&photoreference=AU_ZVEEj1pCHnWK2rQl8zrauaQtUPL-aT2O0DFIYBp3cQIcD0A3fEtresa-shOh-XyixDrm0ynwJAVIAXQtz3w2gqxchY2GsddLNuLRuUzBtNDqCGgYtXvxLwxLW9Sd9OFkqV_0LJGi_6FxrTai8u-Gwlmj-WvanO2PuLhM6a0LYvsKbuTs7ci08mqcVTmB570atwwbY7_9-vO7QHkOqVu_lAqjIHr6mR3Q9mBcWmbOSs5hNS8ZjqLooGkxXHx5U6xG6hiCcmoCcHKHUNEb9faFmCHz5aVnAfxzJdlvYhasRDNUerZHRXQh-P25tpF8jqppZ-GD8zsZhlFBci--d8fli-p1751aLiQ_J82NNgTVb89WIenBYS1NG8o-5nlYDgdvQ9rIUuD7d3LvYSQpHTu1E-2DTbTbUtiUR5xoGHTSra_qPWuop&key=AIzaSyCjh9aj5KcL4_aU4229--ATJhvbcTNPmUk,1.1107344,124.6900874,ChIJPyMKagBPhzIR8c8BBGIdP5k,Kabupaten Minahasa Selatan,Sulawesi Utara
Air terjun pinosaula,"RH2H+X5G, Huntuk, Kec. Bintauna, Kabupaten Bolaang Mongondow Utara, Sulawesi Utara, Indonesia",5.0,5,Wisata Alam,https://maps.googleapis.com/maps/api/place/photo?maxwidth=800&photoreference=AU_ZVEFul4Rtb8X0vJwXfqE9TxN9992YytFU5bHefox_Iyy1YjUP0NtH0KrrXluI8MisX6pHWpCFKR4-MOIWfdMX2KGuE5NhdYLDR7RTWiHac_E7thPsnqVmFqWvQO8bdelniUllVr6rWb2yxq8pxQeVxI0ExM5ubIxF4eDuSLuEH1mdaYgRyfuZh-UiiuBfjr9E6U1l_uZC3oYqKMty5jo5AipZ-hgcISI2MtlLemh4foXKnhBEfWAvNCnkV8SzrPUvpyCszTMCQeAapy7oSnd0wCXkF7K_yL_vYkVo6Mm8GeniN-lnG6ht2MTxvq9yQDAFmUwVaGCns_0O35f9LSQoVlW3ltlnLbwSiAnfmpPoeI6TCA-oENCDuM1niRV4s97wheid7YuOqoc3JbZK5cHAmL1q9kVxMV3mZwWJ4tDNB-XBi2o&key=AIzaSyCjh9aj5KcL4_aU4229--ATJhvbcTNPmUk,0.8024353999999999,123.5779584,ChIJEQI_L_-TfjIRyhnGv3zCQV4,Kabupaten Bolaang Mongondow Utara,Sulawesi Utara
Taman Wisata Pantai Hesang,"CGV3+95Q, Hesang, Tamako, Kabupaten Kepulauan Sangihe, Sulawesi Utara, Indonesia",5.0,5,Wisata Alam,https://maps.googleapis.com/maps/api/place/photo?maxwidth=800&photoreference=AU_ZVEHBjaf7x4123zkzg_SLMIDRtyyuq5r7CxTbMIOHFYbSGE9rsgVqS-0gBQUV6HjlRxMn2iwq4wkPfvKQJelH3JFbc14kieziovEEKdT_H3DLbXLQgxKg6gfA167JfevPi1qYqnjLpo_oMezfUx1Qpa-2IC7BHM8OOa_EK4WZVYEPCCUl7yy2PaMAldrQGK2CFuT0y0GJPr_2fD2FJ2M4td6zk6P8fjrfK6wOcqI8yGpGndy-KhNYOBuQG-IM3iigPA3Y5ntJNDLUybNIC5J_5NuQkC9E0IFvyHzd0rORa86u6P7UWw1TLWg6s7-G7jBLKipQHtymtxEq4qqQ1NjNxeCe9gwaE5PpsL3dGDMALr9Zf1itGzQPiuffltMPT4GHNwrAy96FbHgiDXvLWYvsi5aT9pGLPiyUfcZ_Vxx06E9MAlA&key=AIzaSyCjh9aj5KcL4_aU4229--ATJhvbcTNPmUk,3.443461,125.5029698,ChIJMaWjxG-9izIReQ9baDIUyMs,Kabupaten Kepulauan Sangihe,Sulawesi Utara
Temboko Mini Wisata Siau,"Q999+HVX, Hiung",5.0,5,Wisata Kota / Landmark,https://maps.googleapis.com/maps/api/place/photo?maxwidth=800&photoreference=AU_ZVEHJWbq3xIqnoXH3ihwug_6rKoLjDs_11d-7GAhegdo7hyrket3au3f7ngLPPD8Apv5B8QpVLISPr3soXF3vdT0N_ABftIH5QTh9G1L8hEHYWOtqQeqw59H7U4G_S9_QXLPw_ObWk9KXsxZyyX2wrCYYnOW-9cr4GCvPiWJNAxGpBoZxcXk1GrXOgQHZ9vdtNjqOWkdFydm4FDWXimDxjU54wAmQ3WwCpWLhSCPtNHpfBfDHL3LPnwXkQqEr8SJH83c8KueQxzbfiCVzmRtHTYIxVQVyMlWYvPtPKBBVh2vR_Ej47q7QaZNzrITNpy7n_q9K2v_-8VnG-IAv_aV825Lfs2KyDPXZg1NdMlPWzVBOlw57luEGqjrQHL94wSoLYykC-5vL8hh_HZfg0v19JuFfJFndiqZzlzyM_o_a1XadyITtXXjjQZOds02XEfC-HrqG_YS9Mj5lYsrYmYq0ptqOLU-gD2REWHEy70Qy2YPewPbVV4QvZrLFcI9gpRV6gkMHVSrejeSl2wm_q8-P1I8uEvFIOTg7Zst7TK8hm6SwlpIWruvqg9MJ8A8TnwzbIaY2uNnI1wKb4n84IKrf66mwcFxLj22OoGZIDPmCflPIXmAwfRdJ1SfzwaKQMEZEWN4OnUgt&key=AIzaSyCjh9aj5KcL4_aU4229--ATJhvbcTNPmUk,2.7689993,125.3697287,ChIJW3KFDtMNiTIRxAxAxMDenY0,Kabupaten Kepulauan Siau Tagulandang Biaro,Sulawesi Utara
Burias,"5RMJ+J97, Desa Alo, Kabupaten Kepulauan Talaud, Sulawesi Utara, Indonesia",5.0,5,Wisata Kota / Landmark,https://maps.googleapis.com/maps/api/place/photo?maxwidth=800&photoreference=AU_ZVEFw9BR5_SXYm7GkWy4NKnHENkNrWt-u0MlaGnqpsxW-QddPUEC9uTdC0PkUva_GANbvATYLnqMr54_lTIIEJy7PEeT52KhVvs6wPGt64Hnltn5Wn24MnFuIzmielVOEypqL2rApsD-LI2h9ZJwMBgLeowqMHyAPEzZW0J11AMSxhuMjFdPxKDjNmjaZDO2HaggH7JE4pEcW2xvkl6Z3Lj1Sy9dHr4IlVsuFIMDagm26Im8CA6kUM5D_stHLeLzIUofV5uTSpWPHRKPKnLNetD_PacZXsEnQ-crJEOVOtstLsdLJ8qbvdSLlNYmktiT7E4zs89oO8PA8EJoJMeI5q0sMJR82PXYIoSJMS4v2FS5TNxJ3EysV_mjYd5awv6AICDksvB0kQ8NHK4MxvgQDBobZP8QNWGSb0IOCxl1haKTY6A&key=AIzaSyCjh9aj5KcL4_aU4229--ATJhvbcTNPmUk,4.1840405,126.8309167,ChIJRxwBdpvP8jIRmgPgoI9qFjk,Kabupaten Kepulauan Talaud,Sulawesi Utara
TAMAN WISATA 9 MATA AIR MEBERE,"Jl. Tekukur No.8, Lasoani, Kec. Palu Tim., Kota Palu, Sulawesi Tengah 94111, Indonesia",5.0,5,Wisata Kota / Landmark,https://maps.googleapis.com/maps/api/place/photo?maxwidth=800&photoreference=AU_ZVEG3isQHOqHWjREKAJIRK5wht4-pLejjXvtU82zAIHS3hVHcQSvawO8FS96ewRIKVYdiGvKlNayM6_FUuzv_HI2KqW8VdqRLvf8oEz9qfFCu8hYvQBItKWMsu40eMdLePFcANeTU9-q_GppNHv0kHh2F7wHwKREfuWdlz21Um30XpPuj1I7rmFPEB8K8EF4gpE_lNRJ5VqHjwwDHUql7SSx1hwJrMo6n3-uYgrGXGqC_sFLcgDwItz2CdCbIUQRzu9X3hWtx8wwX1IlGs5Ut34NEDBnBJIkxoEO84gBSQjwZnOZO6AJYe8wOHZSlYLN7OcH1fg5tm0OY6ZwsiO-LsdmrsPXgeDmcLBzG4L8VptDSb7p1aCw5BUFW2t6R1S2imPAoMPu0inX6qaUvwYIwb1DxnXKXX4URwYtXVcCZOAe5rw&key=AIzaSyCjh9aj5KcL4_aU4229--ATJhvbcTNPmUk,-0.902955,119.9084283,ChIJ-Yz6HYXviy0RlhHrZyG-ggc,Kota Palu,Sulawesi Tengah
Pantai Bamba,"7V63+RFC, Panau, Kec. Palu Utara, Kota Palu, Sulawesi Tengah 94352, Indonesia",5.0,5,Wisata Alam,https://maps.googleapis.com/maps/api/place/photo?maxwidth=800&photoreference=AU_ZVEHSY0Bm2UgibhdoIOhHHMbkRcfb7Mm9mAmP3yY4opXfTmB__XSs5lVgeD6LlkKyCF7qQ_p6n_NqVSSqKk1IRDZnx_Lhn9o_x2X7GdXjRA3J_CubAjA1GUWuy-o3_4sbItdgEzcpeKOvxJnUR9g4ScEZBRh-pmNC1IFvL6aGHCJIpsD-uD4cUtbM0MiiePuznKgkwZYDAjMT84SGK7ejgeyS518keKXP14FgpesgXIwOmtuPVKqqj39MhMkp7zXtXtuQ45ku6cKS--83xHduAGHkg0QUUkxFuJ4ElgN2Ur2FWFX7qrkgGrVrF4qC7GEcrRx_b4a889KfDgQDTXBjJXZ2YXe2zeHtMNxKXXN02-cJjAXKPkB3wS4HpW4GP2jIquPnYE1i8awDSSwFFNEyG_5lisme8pwMYKQBu4ml554&key=AIzaSyCjh9aj5KcL4_aU4229--ATJhvbcTNPmUk,-0.7379344,119.8536368,ChIJ84Fr6Z7Biy0RXivB_eA43tY,Kota Palu,Sulawesi Tengah
tebing sunset bonebula lifutona,"Wisata, tebing sunset libutona, 7MR8+4QW, Towale, Kec. Banawa Tengah, Kabupaten Donggala, Sulawesi Tengah 94351, Indonesia",5.0,5,Wisata Kota / Landmark,https://maps.googleapis.com/maps/api/place/photo?maxwidth=800&photoreference=AU_ZVEEkwVHU_2_GYfxsp7_jMZGEdxKQNmxeJIFaq6ZuFwZzevRVK0-YCasN8dbAun5hpvQV0PnjN0Gyph63KfdybI3xUzCCFaH1T4Ptn5W5w2ITaAW6JKOSddnFoxzX2UnMeQbV03NDwNnHBLWFGDb9vgXlG11aLVbhimB569nVycwnDtUlFOn3FzIr840wpSoDKjcRF5XOIMJ4zh0b_4poqSmDiofhrAm-RQlHxdR5wYZjaYnwxypOgHfgtlR8sVHFJIc4cnCJpyWoeYSvPov_IFCwOJfTu57SR8tTi3TdcKveUQDaOj8znz-2VItt4r-HXSJPbFStbg7teXI4DvlsVeD6a2YDwIcr3dCCWlhQYPrNXWxNhFJDB94Q8Ph_-CP_P31VrgB-ofTEkEdf3sCuissp-JUIjDqSMZOAo7Pm7DUgQA&key=AIzaSyCjh9aj5KcL4_aU4229--ATJhvbcTNPmUk,-0.709634,119.6669413,ChIJ9RlErBa7iy0RfPinmwBRxAI,Kabupaten Donggala,Sulawesi Tengah
Paisupuso Jaya,"CG54+7MH, Lompio",5.0,5,Wisata Kota / Landmark,https://maps.googleapis.com/maps/api/place/photo?maxwidth=800&photoreference=AU_ZVEGLiLx_EO1rSK11zhY2XoBGkYwXryYRQy8nYEIOUbMFb33pM7GaqKPhz03xLsG3ZBj5GYp_QAUuSW9nIegUyxb2uKXNHsjY1M2hFGjDKFdaFSdQPSlA7w81EWdkxtl9viovrdZrRtlrggAHHC8BW57hGcX6ROIApux8iH_Rh9HkCGmOEdTq6JYTtDtm36WT1-6i-rkwMS6rvhc0kdvAHe34yZPimzmeZGmKYYL2Qwwmd-THuGXvK7aG0FYky64NtBVGNEmv-NjbZsmlBFeq7KYK6KRG_BAKIipAICAeSKuJllT--sLLq3kW7NXVfCeoQmh5OLCCKt125vGp1H-GYvUVuXev7LU8qq1ln1HKAd11FmqZ5C9_GGNWpVbnkHxfmf6E3kFV7XUYKrERXn0fowZttszduVPUiUqjCECx4cf5FXTMThrPOfvXos-T6fjE3aWcWKE028YYEjwWBE8EFFAY1asuyjLyNzbQu_T8aWhiy3YPsKBabQ7R2Z_wb6DN4BnEQC0ryfXDm380KhITR5X_r2py8Ng03WANvsVtTrwNsFlR2--kGcWQILBGUmidT9nOyNGRKABdSMqwT5M-oxtGD1mmY0gyfcN40HpOv5Mn4Lxftr3UP2bN7yJTK9mj0Ng51Q&key=AIzaSyCjh9aj5KcL4_aU4229--ATJhvbcTNPmUk,-1.5918029,123.5067203,ChIJQ-BSGfALgy0R-IuKDtGAk8s,Kabupaten Poso,Sulawesi Tengah
Pantai Amine wa Myriem,"GH56+63, Lokotoy, Kab. Banggai Laut",5.0,5,Wisata Alam,https://maps.googleapis.com/maps/api/place/photo?maxwidth=800&photoreference=AU_ZVEE6zIrzBkS_iBxFbN1WIOoRi8Bemn8VLO6UOr1HSGvFBQQ9MNh-9uzM6E8NIHAf3MdR9kmr2pEe5DkmWdATipV9TEFqYqT5g64X_Nb1yYXB-EiIowYAQFHMzIhIr4RpVVc4UiJw8lJ2nC1EeUIC12Oc-ldZg5rgeZErb76t_zvfQQG9xY8zVIxjG63g4VWujP03oo8ME6VOjBoncnnEzJYAGRQmsr8jpAnc-uuA_A0m4Zcdd2WJpckosJSiQYgIVJ_Qp-_UcRlPl3OID5vbB8C6S7F1s1QD0RcZ3G-REBikwCvLbb0RqMruG9tMDVN_aaYWrV6_K4CjFq6P7tY8Fwhk0Gsmt2Qy2v5tWfghVaGNMdR2e7sH0e4zyGQ6wkh8b7ctPZ9i2L8xgQTJh-jsL9QYPmg1GjlrMyffGB_h4uJiBNl_ZFkx1Lplb3oujluilDYr-CYg92R9Im_JD2oZ-VKVH8Kk0kpYsSBwRT0I6cpsJwFOmPV_8P7WHFlHaHpk-4fcOgs25-pEYJyezzpSHNyQLFixICZE3k-xPatU1NYmQkxrBMOcEs4wecDYlI_A0ywswoiR&key=AIzaSyCjh9aj5KcL4_aU4229--ATJhvbcTNPmUk,-1.4924212,123.5600966,ChIJGVjTSACngy0Re9SFpHcwJw0,Kabupaten Banggai,Sulawesi Tengah
Pantai Batharagala,"5FW8+C9P, Motui, Kabupaten Konawe Utara, Sulawesi Tenggara 93352, Indonesia",5.0,5,Wisata Alam,https://maps.googleapis.com/maps/api/place/photo?maxwidth=800&photoreference=AU_ZVEGpkNaMICNmMRqmuWLOdvxOlGe6uiI5bLGGLKcyxJnNUnr1LHhLaWaR15vPXRW6r9fPE-iJo4gTD6dKg0Ap4AtIhmADOnldgeJl49WHVrMJpRrJy89lih6Nx98otrBc9AePI4nYOwpnb-ZdoVD1PZaTE2vDmCSoL7IZ1s5cjS-yH3ZqIR1XCguqWfb2CfcChK-FjtNChhEahxrPGtxd4xtiPEVgpYzqs-DaDV70lOXXbaDWx1s-fMn3ZjHz7S2X3tkaRrJbchd5_0Gf8owkenr012dcAKtHC8nZT4uF2s8vNZRmXE-uKPP4DxXGYf8r43tRo5-_N8-kD9Shz6HmbQhUhHaCsBPjjyLE70WG93SSeApai4H338NcS0fJ44bigU9Kp3PQeVH41bLDGSdrveM_mmrxbiR-RuW5Ss-aW__zXukm-WHcqISKWqcZKw&key=AIzaSyCjh9aj5KcL4_aU4229--ATJhvbcTNPmUk,-3.8039163,122.4659412,ChIJww1hZgD7mC0RvNzwwNfpVho,Kabupaten Konawe Utara,Sulawesi Tenggara
wisata mini kolong jembatan,"XH8V+8HR, Sakuli, Kec. Latambaga, Kabupaten Kolaka, Sulawesi Tenggara, Indonesia",5.0,5,Wisata Kota / Landmark,https://maps.googleapis.com/maps/api/place/photo?maxwidth=800&photoreference=AU_ZVEG4KMcmD8U1SKtfnN83Y_fRsvOLXs_InHLjOfsJY2kxO6hdJw9dVi8IHHU8mqUsdzzRMoo5YWzLLn-gAjD1Balz1HuYeEUjDBZhHa4D0dxIA6oeqMgvE5ExCOLsb1lcjL17Vw-MJ3Pl61HgYsD9NO3VuPriqjcNJqZDF9H1w4tBZDdRDxzEK5GWv1SWOQsSbLzdd8WUAO7p61El8_CVYXbdSct5vs98YRtbPayYVOD_96YGs-rFw4egZLIgbpj8qdN7EEXqfOOUvdCtH_ZdFxQSen6IQw-2sliJjCVeSzHZblgVMKElUYjQ4frHaVgnjEO3C14ivNDS-fQFFGSjrWDesnSlY_E5EqSznDy8sFCAkv5sPlepR4gJvLY84bzLJ95qkl0jVYaE3iuvm0aSGxe21pRJDjQv5viZuYoEf0ljFcEUFzTySvOhW-PxIl50&key=AIzaSyCjh9aj5KcL4_aU4229--ATJhvbcTNPmUk,-4.034149999999999,121.5939023,ChIJQ54YEwD1ly0Ri7YqyQNUCQ4,Kabupaten Kolaka,Sulawesi Tenggara
Pantai Lantowua (small beach public),"72FM+5PX, Lantowua, Kabupaten Bombana, Sulawesi Tenggara, Indonesia",5.0,5,Wisata Alam,https://maps.googleapis.com/maps/api/place/photo?maxwidth=800&photoreference=AU_ZVEGATj2LoE3vp8met79HRG5l1mRBGS0VZvjE9dg6xspU4eOx4f6O6qrdhWwww7mDmh4MOktlSfE9fpSPmXGPv0DygzONUd1NvPJM_uaRuQdqubW6IVLFWAy6XkH3tPuXmWpeAfUw25cV1nBCYk1iJK_7ieBFqOWxUGVmYwzGcOT-PYko2s0KXksrZIL8csfkpIAyqhdQ6hRL5tUBxVI6-Lg0co7l-YUN-ysF1Lis_bb36j6ITolgI31S4VEf4wlJ1QU35GsHyJA_R_YjSHVhMIkWDHPdBAu4Su7EcyXuoZi-BQ_FtqdkMCXcW7JRWbodvUbXBuzJvX7-CSzKVGa-EMfVfhbhlxvihxwxlP2b0GGXks8htfkz_gPptvATHcnhLFipqoHlKaW6RlsMnEVQLMlmRHWQeDouXzNWHRsEXP3SvPf6qxiWgSj7RFTU7EjT&key=AIzaSyCjh9aj5KcL4_aU4229--ATJhvbcTNPmUk,-4.7270125,122.0343594,ChIJcXpbYKbnoi0R895awBGeV24,Kabupaten Bombana,Sulawesi Tenggara
Pemandian Vatu Meleve Lakambula,"PRFR+WX4, Teomokole, Kec. Kabaena, Kabupaten Bombana, Sulawesi Tenggara 93781, Indonesia",5.0,5,Wisata Kota / Landmark,https://maps.googleapis.com/maps/api/place/photo?maxwidth=800&photoreference=AU_ZVEGIlXtdJ9NenIct9iEJVMKy7MwcJC-9QL5sXJAreXh66P3mzKK-ISK8vMSjgkcryP4GK7JpU2o9_JJ1wO3pU6pP7evYdwjuFpOrj62VjgOUht6MrOU1VUsX9g3c0hbXOV098wV_JqSWuI9lcCabc046BWE92cDam6k6nGIyCnOBqKmmuY1z7XlmIWnIIRU3SWZ_o-4WAtRrtyH-pmAALltaiPP_sUPqMvyY8RXBx_ipt8lOOdVdXG4-Vaj3RsI0rjnXO6-C62Gobj6VvXamF95Jp09FKbDJUCB7FAYQ3GgEo-3Nhsvy349teomeffgCeuEZxEg3DB1CCdHD_67j5UsWjytnismqSp1NTwqJo5VWkn8T9tey5cursDmQ_NbhXY2sT0HQlApSU88zuIsL9uvc4JcrvEvsXh0mXlHsn2Y&key=AIzaSyCjh9aj5KcL4_aU4229--ATJhvbcTNPmUk,-5.275237199999999,121.8424655,ChIJE-GdC4BFoy0RIHL_01mKdyY,Kabupaten Bombana,Sulawesi Tenggara
Danau Cut Nyak Dien,"59JV+765, Mekar Jaya, Tiworo Tengah, Kabupaten Muna, Sulawesi Tenggara 93653, Indonesia",5.0,5,Wisata Alam,https://maps.googleapis.com/maps/api/place/photo?maxwidth=800&photoreference=AU_ZVEEk2NyTjuYHEb4JqCDbrYgVmcB-d_JdpKM760XdBBJgrNhH5DhA_lXF-3KAaBZnRpB4S1Ev3aYJicKRPhs5moX4hMFlasPsOKiyVudhhq2xpHrDbnYlEXtxmXG1N3NC6BrwkuWy3ycQoDvO1vZiTNff0JaEaVPtRJ6U3CYn18hkD0nYJcKGWkNFDhZlU_iinYCUGQpBDznDjAj-ePVg5oQifRHIN6iUpE4B6DxBuDn9HNF0cxOht2xen-aojZw8roQolWiwrLzEYM88snwrH5-GY4dMZ3wSV9Gp-rJUxO-lQOE9jr5NvfaTrTP8Tv4AtwnR-HR1Dki27XzhbrUv_9aN8pDAtXssKGh12EN40WIKaPZPhUNCPHrZ1JPa7dvQyJ8Dm4UD3i85tU-vgpRBww9J_wbX5Il1DWWvzq03ldc&key=AIzaSyCjh9aj5KcL4_aU4229--ATJhvbcTNPmUk,-4.819366,122.3931161,ChIJK5ZgtBtVoi0RS_lKrSwMReI,Kabupaten Muna,Sulawesi Tenggara
Danau Moko 4,"RHPM+GH, Fongkaniwa, Kec. Tongkuno, Kabupaten Muna, Sulawesi Tenggara, Indonesia",5.0,5,Wisata Alam,https://maps.googleapis.com/maps/api/place/photo?maxwidth=800&photoreference=AU_ZVEFBf7wwEmMSoeaZANkwe73gFNfipBo_iY3jqy1noU1-JTLAB6bzaXMQoJ646xVNlVToP15QPYW2Gm0wiAZGqw-cqb-IUd8clcfEWQHpm37A3ebUKl4szXKbtciVEBgp0Up5KvVCDMvJneN17WCbabWUqqXj0I7i_HID5rbxLAKq3yTKJK330fhn_3QIQjxVVwR_CBH261gWIy7hpEpp2ljh0TJU54GehiD3tT7Y5rxB6oI9m1DFmIebdPMaiEOi4koxxBNSO6w6XEGy0JPPLa27H_GT5MuniPDvjeLRFE7TvoCK_rEFExRaH_x11SvTVvyNC4nu7IwiEWL9stjXyPsAhW-_xqZkvjA7FDE8_GLQ7vl1o9u9wXVE1aQ8Je61FPel1ZMLrMa4q4K89GUQ_nrm4f2o26wErmysKn7drabmRfw&key=AIzaSyCjh9aj5KcL4_aU4229--ATJhvbcTNPmUk,-5.1636628,122.5839921,ChIJv6ROLQCXoy0R8klU65zxw3c,Kabupaten Muna,Sulawesi Tenggara
Keraton Kerajaan Muna,"2JF5+X6W, Lakologou, Kec. Tongkuno, Kabupaten Muna, Sulawesi Tenggara 93352, Indonesia",5.0,5,Wisata Kota / Landmark,https://maps.googleapis.com/maps/api/place/photo?maxwidth=800&photoreference=AU_ZVEHhZGMclz_Mu6AmpcpoRYp0nbdlsyKzRSi9XTFmCvw-BiP9NkIKfbC46lo1kVjjg2Y8LqDK-N9YsNo0cENaQ0kjn1UET1n39OMZkxt4gEmd0wpZ1fQxBi4hRV2vLP4shU73kza_12mW2iA8MW7LAnPiyBYgw5tMLqMDemibqPvbX8mx6XD57TYMT7hQ5NRubhkNT_oO7wS0V5Xe1kCCKnjo_cW6Ftx6EQATWIGQe6AAiJVQxJRprMJSUmxtSBKvrcwQeFTT7TiK4tKRKIec12HuYyIvG6Z6Fs5c1OgW8F66FfDfpG0LPsCUEQNGRqEqNq-QIlqrlrIEnSHtEyTp96e6SWui1-xuhCkcGV5CLk4-6DGI702S5lOtg4FpsREnbJfd_-VoSyq3ux4zc2PoH0CRQRVwumVyFp46UQz2GFOcxZ2b&key=AIzaSyCjh9aj5KcL4_aU4229--ATJhvbcTNPmUk,-4.975015,122.6080916,ChIJn1O8_p27oy0RX2vXZfPRSb0,Kabupaten Muna,Sulawesi Tenggara
Benteng Liamokute,"Unnamed Road, VHMJ+4WV, Lamorende, Kec. Tongkuno, Kabupaten Muna, Sulawesi Tenggara 93662, Indonesia",5.0,5,Wisata Budaya & Sejarah,https://maps.googleapis.com/maps/api/place/photo?maxwidth=800&photoreference=AU_ZVEHFTQg8_lbMfUAWmUKVTBiMaDVKkiFZ6-zO8L-lBjhQFYO_iwiQA0G0jL7SYRKegsf8cUDr_bQF_21V9sS-QezTKL16m9AiIZiyjEVIVVnaHfEjWNVhlt9TAYjEJ36j5SJgIKwYWZMRe9_Qo71SedTgH_HDXz57vIjKCSNSIcFL1ot4KJ9QVi6WCq9sW3mTNg7YlqI3cKijaRvz-vWY4fYfQOBkIyOfpBnvR147f0rbP5CNAgeb1bQKFJm_pyG8yQ3AnyrasLL9J30h-W48FlAVLxeSGds5dTwLrosIkrukRqsmigJYktRqeceSraRdewKR2AI_gCnRUdC4MbH5UNo4nOAmistILA3_h8oCfzrhr5Jh7DLvBK0qAYeiuy5wnCgUgMTJkSBjymOR1BQzsJNquFQaKKAsF5-KWMVslyG_OA&key=AIzaSyCjh9aj5KcL4_aU4229--ATJhvbcTNPmUk,-5.1171266,122.5822876,ChIJr1YoTci9oy0RcVku8rD2yJM,Kabupaten Muna,Sulawesi Tenggara
Danau Pasi Bungi,"JFF5+XP, Wantopi, Mawasangka Tim., Kabupaten Buton, Sulawesi Tenggara 93762, Indonesia",5.0,5,Wisata Alam,https://maps.googleapis.com/maps/api/place/photo?maxwidth=800&photoreference=AU_ZVEG9U2grLa3rbe8pvF6Q0Rjg7_B3pGczDnsTZJlaLrie7k2xa8fdD1sx48H1bn_UdDtDiau3jinNsknBc8HjHB2A6kDaVr7sSYtN6VEob8VVeO_AsyaEg6XFBb-dXduEntov9U_olO8lRPz5n-7eoeNPAvGYpXDHqclZC-PnVuyqX-OcWizW7GqW3lMy7JEQXhYy0teFs_Uhpc1VXebHqi-QItZ-zgWsCVqN_hKDGNPb7L4hzkHpI7nvAhubMzo0WS61KIdi1CpzhcUhNtGOmYOKubUlJrza7onLB3dC2CUHcbzVd6bg5GzTGLt98QtXmwj_UZP5IhavevkxDecLdEpy44Zl6Cx359Fog41SM9nkxtkZrhBN2tp2Ax4oZo3zaAU3GUOKiAxzCXold8wq3N7NSqIpqyOl-XlGvHZd88nbQA&key=AIzaSyCjh9aj5KcL4_aU4229--ATJhvbcTNPmUk,-5.3750146,122.4593257,ChIJN4ZeCc6Hoy0RJB-6qOPkaW8,Kabupaten Buton,Sulawesi Tenggara
"Bukit Lambaulele, Desa Lapandewa, Kec. Lapandewa, Kab. Buton Selatan","8QVC+9QQ, Gaya Baru, Kec. Lapandewa, Kabupaten Buton, Sulawesi Tenggara, Indonesia",5.0,5,Wisata Alam,https://maps.googleapis.com/maps/api/place/photo?maxwidth=800&photoreference=AU_ZVEHu-V-Yw2u8CgtiBy4YrvnBtoK9Q7YrF4gmU-unPcarN3JkCxVWFqpNu0psV6dWy2kdBPTErqOiaFeYomfPB7oeuuQKzYzj7kEGqBpZYKQCYeSBb17x2ieQoc3o3qXoXIeK8Uuc6u9veEt2E1g40dB1QgoxUWte_pF7EPMsUriJFL8vrV_PdSav0L_UxiqWJ-dYdoAr31xQXHskw5YlB3yxl2OR5BtsuQjSZCFC-o29cdmz7uYyCv2V3abQhx8p6XqFB_fL8gEdQ-mcMWySF3Y_b0LqdoXyexwK6_1tRATlE5AyqfVNF61Uv1HuG3HBCIrRIfu4SsdIrHAmAIKz2OYcb8R1175TFFLCNGxryZIlGqJPbLkym33dZIjXkQsgPkMf7iuCiBvCLCaL52hsV49xNtmnysUqOocbYwmBQQ34-w&key=AIzaSyCjh9aj5KcL4_aU4229--ATJhvbcTNPmUk,-5.6565343,122.771972,ChIJb60SJUoVpC0RjPeBC7QpucU,Kabupaten Buton,Sulawesi Tenggara
Pantai Hongaha,"Kulati, Kec. Tomia Tim., Kabupaten Wakatobi, Sulawesi Tenggara 93797, Indonesia",5.0,5,Wisata Alam,https://maps.googleapis.com/maps/api/place/photo?maxwidth=800&photoreference=AU_ZVEGLnG9G_I-2822eNz2kxLQguMTgrHZFTmu7U0kfDhNBssnQUannRzs9RWTspXSP_VGMZOcVwgKNQ_YA96eq8oYvKlEKth3jusRqH4BGVzSeEQ_gTZfvR2RI6hX0e0_xhEHRWUFoGQ4VbZ-P5cFNlI7dDK3-tp22pV1Tn7-MrJ8L7KOqzeoWvgZlHKzYksJMjFaDgHa5ZXucEGwZWvdTiIaE1xbrcYqwvYkm2B-SdLHXovsGQKIVl5IiUEoJadhEJuqcQ2lZUnCDmtSy1ht4q5LTcWEN1ccXCNZt0cslpU0AIQI0UKFcF1Rnszla2kGlrouENXu4ErZik1mhEFrGLlzfV6-pBnTgHzjB0n1w4bb0Rf8ghQMNqVfXIhQpGz05Y9OLI3nW4NBZIWtaJYyl6c2Vo4CAll--f88qzLRjW0K571jerHokvQEWfRhF4SKe&key=AIzaSyCjh9aj5KcL4_aU4229--ATJhvbcTNPmUk,-5.754980199999999,123.9911392,ChIJL5vZkBoPpy0R6lihlcZiPrI,Kabupaten Wakatobi,Sulawesi Tenggara
Waduk Bukit Cinta,"3, Tobadak, Kec. Tobadak, Kabupaten Mamuju Tengah, Sulawesi Barat 91461, Indonesia",5.0,5,Wisata Alam,https://maps.googleapis.com/maps/api/place/photo?maxwidth=800&photoreference=AU_ZVEHkKiuznVgSjRFGHcBYXwpgr9seBnXUlbkMhlYr1j16GqABJzZeoDiF4CEIdP-BING445_swtHwsFByBslRGFR7ZZQgEQaBPlNLtA2FsyUbW-9DqUkx2Z8KNBVVykTDVEb0xcXYdHVUkfnWXs32tEQw39JK3RszSiil2Iq9aQJybXckkox4GTnihckCinc61O2b9Yweg7IgqP97ipmWNmFzM3Q8E2-2sX2ImgGIX70W2Ua16TdxsImabykIVjPUfbYCo3lXXcym-Rx0F1IJr84lDUB8Fun1VOn_g2bldUCecg&key=AIzaSyCjh9aj5KcL4_aU4229--ATJhvbcTNPmUk,-2.0939242,119.3765898,ChIJaUtX4uB_jS0R-w4JjNzS_F0,Kabupaten Mamuju Tengah,Sulawesi Barat
Pantai Kire,"V59R+MR, Kire, Kec. Budong-Budong, Kabupaten Mamuju, Sulawesi Barat 91563, Indonesia",5.0,5,Wisata Alam,https://maps.googleapis.com/maps/api/place/photo?maxwidth=800&photoreference=AU_ZVEFNlo2WpcSj5dqYtkD0yHaLfdg__m_cFlJg4Ni3XawHX2HhtuImNx-hyrtdOqULigIAZalCR2fZVaIjFBWgxuB0oBcakOZ2KFKX57A2QrOk68a77JM3k0u3IN0wnqnc2Is9EvyqPee_isQDHvC3i8tLe2RNWnjN7pkFTn45dOyA_6QSctTLCYuRwb6jnl2a39GmvMn2fgdfS_9CtwFhpxdm0gAxUZ6GTbTsOMEDfT-6YYe__M7DwNsBx2G_jbSzYr1tC1baSCzVDJvCEVhPqvSZyaxwg1cwtmtZEM-8fn_fjUSgd4yyJhxSdRSUGwTguYURaVbn_ruk98sDXSA3irGZgt-NB3VeR9EZklA1lGKgXmB4m_DhZ6J1N7dHJZUYye8W1_CqvxCD1uwCvBp4W-J1vVCMf1uE16Uwt38PLs81AFwzk5nigzP4ZbohnHhD&key=AIzaSyCjh9aj5KcL4_aU4229--ATJhvbcTNPmUk,-2.1299996,119.1914332,ChIJJ5-ls1NjjS0Rl_meRDXoCx4,Kabupaten Mamuju,Sulawesi Barat
Lorong Lembang Bunga,"GXXX+62Q, Lembang Lembang, Kabupaten Polewali Mandar",5.0,5,Wisata Kota / Landmark,https://maps.googleapis.com/maps/api/place/photo?maxwidth=800&photoreference=AU_ZVEHqZg3XM0V9uT_k0njMkq0csDNQuSf0bCHpEVA7lg8TXsyGz2-GjMMhWLmzJ7y1CNMXDmaMK75lgKdHrbWyQdYxHwhJiL5nbsJrtilo0KwW044smSDBC4Qs2rRDo7Jd-f3hfJnuvsAS3aGGHMbOz6cDLEkkolilNG1sTpo4eS_3E4fK_1lZ6V3VdmfQflCyXUytIASO4TfDaMs0UEG5fxL7AcZhYI_qZxiTdLWM4NZy7hhWebnWcL9SJN9jxCOkgKWNeOUXAXrAlAtyJffVAOdLBBo0IKe7V8mX6iSNba3eEsbIMaTpMHtDlsSIpieImqNfFEuHiq-3LSEhT_PED5tZQRrUZU6wIM31qAMHkP9GUKcJynOEv5O7lzd5a8LUAgIFdqASGiN22t84t49DfxEOY_sF0FEmQaefVe36U3hyEQabME0jCK6-aPUmmvgh8flWb4oOEdg_8X-DGAA0ZBDbvXeZfQjQJtDzLO4v67RHcWqfLbYFFYs4jH7dgDIaiFsD3h1ovTWQ_liR50sUr2Af_IDzEx3dOrjayzDjlOFMK9clAD8TjNHpf0YC6gNn3131GXgtQXudwstkMfm3jjLI6fgICA&key=AIzaSyCjh9aj5KcL4_aU4229--ATJhvbcTNPmUk,-3.452203,118.99787,ChIJ5cIZTQC9lC0Rz2F4mGV9to0,Kabupaten Polewali Mandar,Sulawesi Barat
Wisata Bahari Bakiyaluli,"FHX4+6J4, Bangga, Kec. Paguyaman Pantai, Kabupaten Boalemo, Gorontalo, Indonesia",5.0,5,Wisata Alam,https://maps.googleapis.com/maps/api/place/photo?maxwidth=800&photoreference=AU_ZVEEMeYM6ixwNE16I2msYqAUedUK7Zd8HRMsy9Ca4pfzpXUFoTUUt1KkGEKdebEpGFrcJVh9Fg2fxBJJV3zKW1lLcf7CPRNeSIpR1LQV-7Imt2zPkOf2x0jqQJdXz56apKO0r6plBc3aLLLtg1JDN1TCAW818mGWdxyUDQPRqzpED0G6A0cU1NHHA3EHStKsCcKRrJ4poo7Wwx_Rw3FxP2hybDUAFqrSi8Oqh3RRL-RCYR6KDOZqV9VzFP2vb7-sy91P5xb-97JvIjy1LIkEO4zsBEe9WaeRcCaiVf11hD_ZVxPF_dMgVeI2I_8HSm3yOfXlnNW-qgaCnUlOqfrmx0mGVdcRVeeLDUpjhUICnoZx1cXqFR4uEgU9coEXTiupGbuZ1EKInGEJIox58xTz_4RvNRasYv6HnB_qJ6kn9CeXAobfW&key=AIzaSyCjh9aj5KcL4_aU4229--ATJhvbcTNPmUk,0.4980208999999999,122.5565709,ChIJR_mlZqfjeDIRUddXIAJCJDU,Kabupaten Boalemo,Gorontalo
Home Stay Mutiara Laut,"Desa wisata, Torosiaje, Popayato, Kabupaten Pohuwato, Gorontalo, Indonesia",5.0,5,Wisata Alam,https://maps.googleapis.com/maps/api/place/photo?maxwidth=800&photoreference=AU_ZVEE2uFtHj-CHRKgPCFbLA9_YfjyEC2XOhzvq9VBCUKVyO-NYiCYlrSJlm2GMQCbvENqfFJJqrue6VeS7pkrwnNt8RKIC7wTL3RMBRk_W_3bkrEt98KqT3h9EnqNHgBIQKOLX5KH7XN8yWWwFImEM1xGeb9M869FXXDtKCwk5HtjKKKnefQjQ9Zsv2hsOHjzATnngMuSJUtNfmlppEqvCa4EgwFjSwnwM8DpvmVEXmrYL-qqWPy013KJXiENijAbvAQWKN_Gc4SdhwH2GCrL-JS1po8PMtKBiarHv2KcpPE7NCw&key=AIzaSyCjh9aj5KcL4_aU4229--ATJhvbcTNPmUk,0.4735604,121.4371466,ChIJLytlIIWddzIRZ1lzDpqREpA,Kabupaten Pohuwato,Gorontalo
Coppo Tille,"Coppo Tille, Kamiri, Kec. Balusu, Kabupaten Barru, Sulawesi Selatan, Indonesia",4.8,5,Wisata Alam,https://maps.googleapis.com/maps/api/place/photo?maxwidth=800&photoreference=AU_ZVEGwmHTOfHk9ZH7m2z2agbvN-Qf0fGpCvGXMdKMSyQCqxjKb4JydttjC5k2HDO3Ne8lVOnsSlOee4OtOkU0RDw9hNqiT67afwwboMWTeT-Z2_MXS8W_7o6UTwDgowCPCehE9Kp9iYirvYXo-xk3cVrLQJFjUEEFkV2xf1RlaKkX2EMjOu79x_sNrqy7P6MfTnShdoKfvDbzgBA2TUZofXHNQ92J_HhXw2yQgVIadWbvxR0w9ILoAoW45igXsgEqXWC5FIXzj4BDuiLg0LWh5kMnIihQwhkNc-ycBb3w0z7cwDggL_5YpEpJ_26xbApyr-dIVyXF4fZeMntdjIXbevnBngqHMehqxdZGqHFuq-C8nHPZOr24JL35fC3nRkz5QPsa15uVb01dFp9mc6mnpDaycBahPAUCJBooEoolslKb7LTM&key=AIzaSyCjh9aj5KcL4_aU4229--ATJhvbcTNPmUk,-4.3125,119.7533333,ChIJ5z2Pz4-MlS0Rd_yrHUBIyYc,Kabupaten Barru,Sulawesi Selatan
Desa Wisata Jembatan Pelangi Lagading Kab. Sidenreng Rappang,"Lagading, Kec. Pitu Riase, Kabupaten Sidenreng Rappang, Sulawesi Selatan 91691, Indonesia",4.8,5,Wisata Kota / Landmark,https://maps.googleapis.com/maps/api/place/photo?maxwidth=800&photoreference=AU_ZVEGKDSW88KMUNSwisjVQ47JDb5OtvnmbfTz5bqbIcEstNoAXzYB3fPDoCSKP955x0Uq1Q4Ehdtj4ByWt_5sCfgdHPtRX31BfwwuzCtxPJfVFWKb2bSJ0WP1qxAiP5kgtUnEzL6T5-Tlb-d93z4cdUtwVIdpMBqjHJ57Qmejnf5ZtWAabePtc3SBBzwt9eXVT3lwOGOERcX_CYC6Aqq5sJ70EkIzOzzH97r1IGFcJCCj-ul4ENDy0S-fYvc6gCxuzFCOOgo5xbX9C3TjlCG6i-MxdMvuE_OAY2a0oUA9OlCTPzA&key=AIzaSyCjh9aj5KcL4_aU4229--ATJhvbcTNPmUk,-3.8346984,120.0766298,ChIJ28vG-xzVlS0RSnNNlWU0Gl0,Kabupaten Sidenreng Rappang,Sulawesi Selatan
Puncak bitung,"JVCF+8M, Lalabata Rilau, Kec. Lalabata, Kabupaten Soppeng, Sulawesi Selatan, Indonesia",4.8,5,Wisata Kota / Landmark,https://maps.googleapis.com/maps/api/place/photo?maxwidth=800&photoreference=AU_ZVEHireuKCyl16FcOort5uf0SrO4LFIE19R7084tyiamflGdgbBM146f4SoUrHAGUssF-0Rjwexn1GAuZbGeqB32Fut3gPicJSyGATAo3J9S0KbZQYG0UrcgKzMym_IUO1gg_6IJBnq1L9kWZ6YSZWXCev4uLxDXJ8aWuVNlFeIw3JeLv2HAvZLQuEly5iaips1PUh14MPh2pxp7rYmYV5awI2jGKC4Nna6TcDEYg3aXCQSS9DPUI7831QSyXLei8ZBDRKSZIYYbhm4C0Pddgk8a5B343lD7RyyJp00bF1zSJ65yMCp-YtM5wJllyovpXnJzYfvTjJUebOfhi8gwOBJaeinjfk40yn7rVGto7nBwq0AmErDMxesdapy88foNfWjK7xLoUhgLtmf_4Q_Di0toktWUwv38yJK5wj4-jOJyGYA&key=AIzaSyCjh9aj5KcL4_aU4229--ATJhvbcTNPmUk,-4.378589,119.873284,ChIJ3zjZuf_1lS0Rli7R7JPgOzQ,Kabupaten Soppeng,Sulawesi Selatan
Lake Seper,"928W+F2G, Kawiley, Kec. Kauditan, Kabupaten Minahasa Utara, Sulawesi Utara, Indonesia",4.8,5,Wisata Alam,https://maps.googleapis.com/maps/api/place/photo?maxwidth=800&photoreference=AU_ZVEFmKMMQbgyJCPX_J8F3GDbp1pyscSCtLvMozfIopqqFyRXLwDs65elADTqra6puUyf_X6hK95UNWlBcmTLemGjU-WmXcvmWYUsE7j09owze7zKJCEIRcZd5t4JDf8quy9FtjcsJrN-K9Y9z3xalPoZmWNJr4W8tbAvazDo5JP6BgBHEG3x_yDuzGagSIvvnFbWy83AYEPqDL1Vrw2C1uZXHyqUXBRVdchkN24dtC_ogzEWHelKyue4aBs9p_mcFk2spAxWkuujOZ4bIAtzOJbbVT5bGnbCOQmmlvlCGqcx5FS0bnxRAgjU5MXf2CgAjc3uUB7xL43XDTuzmrMDYlm1VA97yWCvgiGm2v61kaNZwyfqInsivp-mfqb_zcT3_yVWM4CDX6dJ-NUH95hlWlSuszbZhlqQ0QqoOUgj9o_paLyPu_GVpWIJJfXVns6fz&key=AIzaSyCjh9aj5KcL4_aU4229--ATJhvbcTNPmUk,1.3661875,125.0450781,ChIJkZ9cYywbhzIReYmRs4g_lzo,Kabupaten Minahasa Utara,Sulawesi Utara
Pomantowan Passi,"Passi No.2, Lobong, Kabupaten Bolaang Mongondow",4.8,5,Wisata Kota / Landmark,https://maps.googleapis.com/maps/api/place/photo?maxwidth=800&photoreference=AU_ZVEEu5uUgPYRUXxeAV5Z3aAf_G63VTEC898Yiy7K6V3MTde1pFhm6_PK-XnMSwmhSxHDYRmmTie_UYTzXrrpbzGXEKodtDLcEJqjxPpJ9HOAvx9A5lfE7D1_aPlpxxUauMSApad5ysXopbV4LBTI_wl6r31NT5aLFyk-M9-NfK2RtaqPC8knk6rSzC_NCVnp0p_hlcaz0dZ6NVHv5juixg17tA7pF_eQ8Cf8iL1zo-HVxunsgZ7zHuaDeP14QHv2fkguW3C2FuNwPwVH2brPMRCrcbh5uaaZ60Fl0FH_q_C22ojmXmbQzGt7eB3D_nKImL1DuiYzYoX4OtjTJLjR5nkPX7OWLvFz8iD27Fe-dNTQH4LqxfFConkFXmvsRI_QL2CSQ7zNcqsm6RNGkjOUNBFrV4ndiFQCTf8S4GOt9DB7V2tE2vYqVCGYusMr-NaYdRBbkUU3-YTkwXksTDHLOqHdHWbL7Im2H252_Oc8hysZKTGag2YqYv-SruVPp8ECX1uATXlrclZfewAy-TKZcPqHs62NFzblBkLZGtoF4TRUbQlB4tS8I15muhfvslrXNka0qMZkD&key=AIzaSyCjh9aj5KcL4_aU4229--ATJhvbcTNPmUk,0.7500335,124.2757987,ChIJl7TsXUoXfjIRju-S-XZq6us,Kabupaten Bolaang Mongondow,Sulawesi Utara
Wisata Mangrove Park Desa Bulo,"JWX6+RP3, Bulo, Wori, Kabupaten Minahasa Utara, Sulawesi Utara, Indonesia",4.8,5,Wisata Alam,https://maps.googleapis.com/maps/api/place/photo?maxwidth=800&photoreference=AU_ZVEGR60TPa5wiry63SmPoa5DT7LOGvJhoyc653tx6j6zoWTwjBu4IXKo-NH_6hrv3fCyXctt_oo7uPm0O28HlF6M2DYiL_ytDCgcC81nRQ-cM5A1ynbC9igqQmB8oFM9ReRXmQFXgIQnfS7X9i1rpQ---79WhOA_e4D35vfMYftvD7_UXSB9DD5eeQyhUVWP7FcJz27j_HYrJOcghtQR4h1nToVqnz5vWNtfLtWPVuZ4Fo11iC3hat1TQjVC0_jq2aVE66MpfLDOjCOsxzEnqpXGtoGZW5kw8DA7KnBpK7GBmeQkHgatPUHBenE3orGtrTQlhr3jf7HA4_34PbW9oDuYFWcSQ__vBzhZ-2mMy3fpKn6MJN6BQyOHcCR_ZXGMaYdNqgYR0DUPPYVdpKSZXpW1sN2bgCw6EonIqJx8dmkJ0u_hm&key=AIzaSyCjh9aj5KcL4_aU4229--ATJhvbcTNPmUk,1.6495124,124.9117925,ChIJKWFdLRS9hzIRtUxCqJwt52s,Kabupaten Minahasa Utara,Sulawesi Utara
Pantai El-Shaddai,"RVQJ+C2R, Jl. Trans Sulawesi, Babo, Kec. Sangtombolang, Kabupaten Bolaang Mongondow, Sulawesi Utara, Indonesia",4.8,5,Wisata Alam,https://maps.googleapis.com/maps/api/place/photo?maxwidth=800&photoreference=AU_ZVEGjIG_imBkMltaV4EulCdHPzr4LyTgH1hEoAGrLnPtlBlPnip-UhBD9U-2TAquVUCHwzrcblcb0Qde8UMCFZYmgap0qnOOT91kvPkF3RoYu_DYiIy6-o6HvCmIrJZOhLq2yzHfrsG3AtoNqep2WTT34UcNwiso3TdjDJYy31YIRwLkuG7bT1-T5UepxIbdNlZnkgSP8JbEG68_mxJ6EkxOXTMds0YVk34ZAW4P1skQUipEG7V8-ns1lvSnSqXAeb7UGMUNeyv5D9ZYXukZZDgPE7b8GMi6ltXoDq2O8N9pc5PYYKwDxeJ860gAwSiQv5cBkpBykxWyE1S-MX1v6YAIXCGH7VrmqBbbVGHejCFRerrOwqSeeytzjuFRXlKPUhx-EjdP714Lw2GoRT3bSWNAVPPOsrKWnTzEklaS12VEw1g&key=AIzaSyCjh9aj5KcL4_aU4229--ATJhvbcTNPmUk,0.8391192,123.8798239,ChIJiSomVwBjfjIR7NMJnX3AJGI,Kabupaten Bolaang Mongondow,Sulawesi Utara
PuLau Laga,"HHF8+G9X, Iyok, Kec. Nuangan, Kabupaten Bolaang Mongondow Timur, Sulawesi Utara, Indonesia",4.8,5,Wisata Alam,https://maps.googleapis.com/maps/api/place/photo?maxwidth=800&photoreference=AU_ZVEE8y4Osoic_Tj4VWZX1s-Rxsq75dv5Z6Y2dPNYnMZZG3a9yCIIkrJqgcEePsI-sG4wNamKe_wz0ruQ86Lv1iPEjEdmI7jakP3GK_Ka01uiz5Jpw4UMwGCMntHJOWiTk1y9c2wja5TRI5E2CKVy25WtGW2nO5LCOlMXDANgFW50Qw7yHrcnO6BkjbYtjcXmureZkxT4kWdIlRCVVs8_50TXmY9HZW_9Y-xUror2aveID9ITV3fNJkAQyR993nEX4woSoY2gjDREP_dsjbVViFL8TWXJQRmt9GaFSKxZxB89Q3At-RgiEMJ7RjQHaLfO7O-4pH5wsPIEtMcCEG8YP8QKjBYiQv4eOqX-crKtlBKX7hZIrXFKvalSiRoPtNa5S2MAyjnevJcSMt6oNlgCusOrxotytngnChF3XB1Ee2UQ&key=AIzaSyCjh9aj5KcL4_aU4229--ATJhvbcTNPmUk,0.57387,124.5659907,ChIJ13r9lUWDgDIRIsmBUjquFZM,Kabupaten Bolaang Mongondow Timur,Sulawesi Utara
Pantai pemamengketang,"JH6Q+JJ4, Rendingan, Kec. Tabukan Tengah, Kabupaten Kepulauan Sangihe, Sulawesi Utara, Indonesia",4.8,5,Wisata Alam,https://maps.googleapis.com/maps/api/place/photo?maxwidth=800&photoreference=AU_ZVEHTc3lRwz014pVZ26QqU-MY0dBR9NpzCzthP9C6z3uTN9IKJ1J9LlRkVVzz4XQQJdPWiwJZKLVNU3eu5dK2BWP5xUDBxPzSCXxEs8JaTRZzy3MjovGDIWbOdUNTGauO-pVCt1-uObbqx5XmraanihcJS-nI3SR-1gO2CWe2iqytKH8QlOdjviMQUR0ApllGkPGcu8pTlbuhTbqlQ5RdfzkLlSsLfJyorZA5OSqykVKHsBGkRBycst0KmrgJ5-Pv8VOSt85E95Db9CggV8SdhVoEujkbnmExPuKR9EdBrIkKkVjpnHFG3JR2n9giyl6AnFr_bwJv5bGsx-LJzT0j7KyDrxeqx_6-ND4PU-KVXxyyaopEUSoPKCUkhccuxH7gvnn1kWPxym0FW19WMrztyKMpPRNpFyQwTlXfXqbIJSgDgg&key=AIzaSyCjh9aj5KcL4_aU4229--ATJhvbcTNPmUk,3.6115236,125.5890844,ChIJyfZ9GgB1izIRR6rRHSBwFbQ,Kabupaten Kepulauan Sangihe,Sulawesi Utara
Bado White Sand Beach,"Bado White Sand Beach, South Petta, North Tabukan, Sangihe Islands Regency, North Sulawesi, Indonesia",4.8,5,Wisata Alam,https://maps.googleapis.com/maps/api/place/photo?maxwidth=800&photoreference=AU_ZVEHjeYG0iW05waW5tmggnh6n_taBq6oEPjuGzEIv3mcYdPgChmEsD0s-SAs2WV0EuywucOUW036T8F66dBW8mKc6piQ7j3uBY3hi1VlnZpehDVGAKOE7VgL3eQvdUXce9djRSvqJ8YWl4gFNfpzrrpooRf8dEHoy5VsrTvcUZI_SHZEkadBevyGAQ7vfh4W4pM3p9EgZRTg2jGiwW3TrlX0oUvBhW4vBBjPDs1gHFlzA7VIlBAt7dVC1NQx1WldmuNZSDc1WWkup19E1Mt8kxfwJPdHUy_wyw0jRk_19lmIXIvXKq5l7zxUDYFAnnZEeoueOyn7xVmT-9PgvrgRUnVuqBK1siPesL8x7KwAjmUXmbbEuNba4DqCt5232gs6rNYWDU_FiJnAxAuY-6Jq8mjvNHqQQK60RxJPJEpwQikFVYg&key=AIzaSyCjh9aj5KcL4_aU4229--ATJhvbcTNPmUk,3.6487657,125.569903,ChIJDTB8NVRzizIRzH3RDsRzd6Q,Kabupaten Kepulauan Sangihe,Sulawesi Utara
Nusa dolong,Nusa Dolong,4.8,5,Wisata Kota / Landmark,https://maps.googleapis.com/maps/api/place/photo?maxwidth=800&photoreference=AU_ZVEEFQv56XrtpHCLJxR8uKB5aG_z9y-bJDcMm_9hCMO13poqsDyOsczK-CxEJ5DsCIUVsMbibTktch2u3wJdkhgWM5B6yeOBzzZhNhJOF5vib2l_n8Gym6j208yeT54TmO0hT_4Miutq3PMyg4Z9FUIfikPP7AO6d7_-FriHmUrDYhIzMuC291C69FOPI-PwvC06Jhj9n9YTSDWdkO15z3c8BEVmYwtUWLZnUUYj0f3l092YL5Ox2m3bs9dnIx6cYPbuIlS9yl50t_7cTOk57OR_cibGFj1M6XihlgFGgBm2z0F42vmEE5KWU4zfhaTuLZkz8qsvcQbKjhiBSiJAp-2jqyjFdExKhVZCMFo8LIs4FRYNDa3d4K5lwXJQEeK5WVVyL9278c3wQK_iIhlnxlHge9s6uphx_JX3UbDtZi--CrzCWv6qYo2q1saRZOvS8ylhqyIK22MmMyy_l_bInmgvyj1I6LX3QZRm5_r2iuVZNaVLlwW6BurIhdnIXPu5SL1htH2QlmAbzy6miYAuOKim8sX-882pYqG36OYd_sulV9GJht7Icbz_MdpwhdpQmB_ZQqFQW4w2glrQ6hn4wZ4gVMv7lOJzYMnmnLRsRJ9LRnazyEa9hxN769A7rT1b2&key=AIzaSyCjh9aj5KcL4_aU4229--ATJhvbcTNPmUk,4.2835911,126.6991606,ChIJK_wLAg3d8jIRhhyLEGIVGL4,Kabupaten Mamuju,Sulawesi Barat
Bolo lia 1,"7MV9+GQ, Towale, Kec. Banawa Tengah, Kabupaten Donggala, Sulawesi Tengah, Indonesia",4.8,5,Wisata Kota / Landmark,https://maps.googleapis.com/maps/api/place/photo?maxwidth=800&photoreference=AU_ZVEG1K1s5ukmzzj9J9o5omsDKNWEZjN0M9gBsm8M_D1IDQHhUyX52LEqZ_YzS7PeItFRD6cGAY6oxRsKrOcILU9knnsLknL0iKcUiIlxBhXf-X6fGsY658MCFvIHkUdw_XXDuBh-XC8BJcjgICjRpdTRJgOr4tRKfjnwBH8sAL5Z3rfZF5M2ZvJe3Vr9k5JFIU9PuKvhZLGZI23A68vSv8djti-KnxeGu5CgcdB1XXg_O4YU1gwp2CJd5ePcpT3QE3wqg5qjHbw7l5xAVIPcbGjTY5diOYL_SWb1Mre-YHZTxQhxNeqhH7O0jQa4ikhmJek_jNphH5bvLMbRnpcPjH6YWGWMjZlojRkX61p91dfCYZkrKJ4huBIqCrjjCUcmM0Ynke_ylxhtg3jPKLMw8EeLG3n-kODoKqInAxo9gZpvSTyZYJu6_RsUnkfo9RA&key=AIzaSyCjh9aj5KcL4_aU4229--ATJhvbcTNPmUk,-0.7062309,119.6694092,ChIJgxSMQla7iy0Ru9iX97PuQRY,Kabupaten Donggala,Sulawesi Tengah
Objek Wisata Gunung Batu Kapal,"2C67+HJG, Suli, Kec. Balinggi, Kabupaten Parigi Moutong, Sulawesi Tengah 94473, Indonesia",4.8,5,Wisata Alam,https://maps.googleapis.com/maps/api/place/photo?maxwidth=800&photoreference=AU_ZVEGOPCwcAIDmzm86m_mWVbSARAht4OzSsO6wokc_phB1YyJ4uPcTfvaxU-prD7sdD5yyaDcJ-Q3IvN9eqW59c9Y3E5RV-PfR6kQn86D08hkIs6VzBxQ6By-u_eGKpGwIZMZSa4fgqSlY3j9PKYxwWLVsDXM4OC6mth2Sip1P4_-PYz0kVITikIEjjgcqBlzG7gQvqn2GNHDzU9WkkFHFJ7v_jMV3swuIAbUQOU8jr27apxNkO6Wa6C5FDHQgYb5uRUBpFZDJgi3r16M474CNJFw4btIoVAwBsIpY5gwX-LIlH-J12tfDO2I4gidXtgVnQLnkcPpCd0B4sWQi3wKzh-Tdn-BbN4LT49ANC6bDGOgxCLxUupzX85rnPIg6F6mh-eGev8EzdNVAeFZg_3qyqwDjILp8yI4cg5uDRWi4veG5CA&key=AIzaSyCjh9aj5KcL4_aU4229--ATJhvbcTNPmUk,-0.9885501,120.4140735,ChIJd-uKwBdMiS0R72YC2T-r4XQ,Kabupaten Parigi Moutong,Sulawesi Tengah
Bukit Matean Tina,"82J4+99Q, Geresa, Kec. Bungku Tengah, Kabupaten Morowali, Sulawesi Tengah 94973, Indonesia",4.8,5,Wisata Alam,https://maps.googleapis.com/maps/api/place/photo?maxwidth=800&photoreference=AU_ZVEFgK5Mfhhq3z5vkJoEYPU2sRJHQyFVUISpKKVUYaumqhjj9et3Gjum2ghqQJkq2kH7AA1B_RZmRDA7ch1iAHjnS7ugn4VXXzpaH2y-N1jvlGU8P48y0kP7XTFenYeJc1C0ycvgMKEKT0hIf6KVOOXsRwoJGxQ_Q6yJrTPiBvQbr3gHxVMy0DXQR26H13f4gQvLPydO_cnNyLijLS5vFJlBUC3A3exO8uHgG8Y08QoIQTq8G0mekvp1C_eJ692iXViB8kMx94kklBj6f7_vcYLS25x8k0alHjv8CxHwkKTYmY9r4QVUE1_iAn2UmT4FNkjwbdIYnFY43EXxzyrDB4C2FDZZRdN0nyk2MdPlda16HAqvNWCMRWwYTXJ-5nhM-R0V8zMPJj367dlKLfpegQcRLOdFDaGTqj2VAE_r1tbaux7pO&key=AIzaSyCjh9aj5KcL4_aU4229--ATJhvbcTNPmUk,-2.6690379,122.006,ChIJg-T0ndVfmi0RoLUG-0k0pC0,Kabupaten Morowali,Sulawesi Tengah
Bukit Langit Kota Luwuk,"2QWJ+55, Kompo, Kec. Luwuk Selatan, Kabupaten Banggai, Sulawesi Tengah, Indonesia",4.8,5,Wisata Alam,https://maps.googleapis.com/maps/api/place/photo?maxwidth=800&photoreference=AU_ZVEH_H0SUv0O4kOYDv1-uw64O3cgxt6cnzXm48Zq6OSs1WEh2WVxCGu9QjdfqrthEe8elwdY75NCWQOr0pHCwTHNdaxUAiUsBGtVd4q9JKKPH6XMpYbqhVVJY5WxOHtDPcS_HCCnyx49JgGcrYX8d9Y1UuzJUw1VDI6XfB4_CztSphbnu2e_CsK8t1Myf3m7OgXmAg1t-qeOocbR-_tCTHmwLzpMoY63GmiDa0uZrR9lKSgGR5bsyRk8dcPI7LKREAuUcM6Fn5qnzpwl8vrz5ohEchnYOf0IOU1xta-8MguVr7s2glWBlGe-r5SrfCurcrJuRo6eprw6pjbgSFTP8UKJsZ2bjUSuL_4nOBuEeYCzeNO2ztYk9w4E424SWNX3I4_ZnbLMYpWGY25n1KWlc7dP1VL3NA4eH9pM7BvIPiznddNw&key=AIzaSyCjh9aj5KcL4_aU4229--ATJhvbcTNPmUk,-0.954591,122.780427,ChIJrXWBA6ehhi0RLX0Qx3wD5I4,Kabupaten Banggai,Sulawesi Tengah
Kelapa Cabang,"7848+C3W, Jl. Buol - Tolitoli, Tuinan, Kec. Lakea, Kabupaten Buol, Sulawesi Tengah 94563, Indonesia",4.8,5,Wisata Kota / Landmark,https://maps.googleapis.com/maps/api/place/photo?maxwidth=800&photoreference=AU_ZVEEj4mtrhICbaPINdchauJExai5q4cqBMLhVsl1BhnlkhZFOCZMb2b9WF7y2q-bKoxkM0FTO2LbRAO6A4GAh4dMnIihjE9DGmG9lDFM3_cUgXFDRRLgbfbh-FqMfrjrVhgZkqKM0RtaVUZe-uJxLCkZGO_HW0aBaxfsWPBKKUIkiufBPL3AWmrnNsg7JOXsOoaw3sgKhbeUGM_IIMbb1azQT2XQOV6_BlUgfjvF-P50lf7lSDhuTCI8ITQEfieebhh-UhjT2I4IC52HMv5wyvq-lWV0OsA1Zw5Q93bH3vX1bzkdyTXNqtbae0bZk62b5e4e13kKOKUTQZxWeYHYTgI0yAtELXkMt5KWnYZAMJwyoYhYLQaPAyCldHF_4CkCcjspbvzdZwbEKHuBS5Ks45KQfxQmM_2cwDrZVjgAz8xHF9g&key=AIzaSyCjh9aj5KcL4_aU4229--ATJhvbcTNPmUk,1.2561116,121.3151976,ChIJgUqTs2W_cDIRRcHW4_fbQsY,Kabupaten Buol,Sulawesi Tengah
POCI,"XGF8+XV4, Lepo-Lepo",4.8,5,Wisata Kota / Landmark,https://maps.googleapis.com/maps/api/place/photo?maxwidth=800&photoreference=AU_ZVEGPRkETOTI7IFoTp50qi6A5-il81VJZxLhrBBbsCCpwcebXoUWovLJqMtE9gaQ1NIhVZFRw4cGsb90g94bYJ_9S1mAwZs0OOwlem3K0HzfAY7VGI-390DtHH5jao9nydXSQbEF8kgFwsCKsLC8EbEC9JVB0Q9cUSihOuqEuQXts_zY2A5yvLSk_ScI2fBbaxW7JfczLYQp7VcUvVbDv8MMs8H323B29PEKgr7gf6WUtfb_z0ce7QouHxudD73zT5fsXsweqLCL4IaJR5Ul3sO8p1Mu7HkbY-KVn1hAmxTe0q7mgbRbhZtciHYr-xTavFXn5FYsl4BviuiEFqnwheVbpH_S9djZ1-orvWaWoQ-sCOyFKUhRA5u5QiEt49gVg9jVHrWq6wY6tRKkZFQg5Wq0KFRwkVUId22hYPurE0kSsLz03wfFZ6Nl_tS88RFKagkxxDFoN5ijEb44cnekk33VY3RV9WvtcI1TfNy31bAlAChnJ2fG0Zv9yHIOEPT6mphhNb32AfA5imkwqYA4fnmbN-Y6A2GL1x4mL3OH9SY_WkXq0hPTaoogDfrgdIOViEKiHC010YBjH-ZB6fN_74joOEWSB66-2P55d_eKvmRGt047zA12381UoOeJgGSajVInMHPan&key=AIzaSyCjh9aj5KcL4_aU4229--ATJhvbcTNPmUk,-4.025104499999999,122.5172061,ChIJ6SjWCACNmC0Ry0XPhvujGkA,Kota Palu,Sulawesi Tengah
Pantai Topa Sulaa,"FHW5+4MW, Sulaa, Kec. Betoambari, Kota Bau-Bau, Sulawesi Tenggara, Indonesia",4.8,5,Wisata Alam,https://maps.googleapis.com/maps/api/place/photo?maxwidth=800&photoreference=AU_ZVEFhTtFDs0l41EcrSO8dIe7WnA74zGw0K5m9GDZW4CBZKWXElqPByZVAoDBTIh2U_Q5GSsp5J0PWKHeL_RltSmCpG6YuJEZW_vXlJjQBWfKrNg1t3AnuHGq9DrjlhwT8AMSquqaRNeGkpSketdLemIF6KOq8dHvtKQyeBXenKPtqu0L1NXXlG8l0A7nrV0_jqrnCHibKLwG-zYoPZhByWTqF_QNurkPsnfAwoMEtY9Kk55kNFuGLm2KZmJVonZwd19B77JUFramCcgef4VDjh1RSIOt6a1L7RP-TlHKwu6lInNLWtGNS2CeikspinZbwUNQUGD3wmiOrDvt9L-ql232r8XqSQxrI0fIqfghZaejAPzOsoszOHDDAl_MpTlSZpd5lVApsnaGm8howUF8vkp20TtIc5WqCwUgJqkza-CFSgQ&key=AIzaSyCjh9aj5KcL4_aU4229--ATJhvbcTNPmUk,-5.5042855,122.5585805,ChIJe9SgYANxpC0R56OpvWJ67P8,Kota Bau-Bau,Sulawesi Tenggara
Tebing ujung kota,"FHH7+C9V, Sulaa, Kota Bau-Bau",4.8,5,Wisata Kota / Landmark,https://maps.googleapis.com/maps/api/place/photo?maxwidth=800&photoreference=AU_ZVEGvw26KkcC6JNyPC9Hy_GxT7ty0LTF_LEdSgybcMCuNNj0bE7KR9cTICYXB5biffWrcKZbGOGxxoSmb9mxsdfk1Aeglz1dab8vk9uKMZ4hDj7AiQOkcjR-wCawZYOau8JzqsUbJySB2ZqTEyjq-zuqOBpPlkRBIMnicU-l4VbeZwBgB14PqLOgXQ3wr0zPFDutUAf_kmd_m-Gy21JEWEdzvxENVkxk4oNPIsIXSGFSl1Le7YlYfyxwj99lhX7UoNngMyG_8ScksvhoHhNQGgW5o1frzjmaJo43MtWd9rAe--FnlTQGbJV4sPiVUENtKSqenNGrjYqODShVS5-0WNefntQ8II5a002tmYjPOnMx6DJKELC-PEwl1P_y7Utb9_gNeoYzuHUOFa8UCkmgFhtEWFySJIPznwyjUZPBBKUzDVU0MIzBQ-tYLYk0KT154HjGKtGp9JTx6D3y62cxhbM4Jtz9iGaWup2jQqJlY0oM9OURNfZly8xCf8gJXddqNJ9eDx6EeTs-zNeeC4xCa0wn9THmyThDvaJx1za9et92cGsbt8FuKSvIxHSmA_GHquoExZeAxyu_xS0Bp5YM9zYfovOhvHQ&key=AIzaSyCjh9aj5KcL4_aU4229--ATJhvbcTNPmUk,-5.521389,122.5634326,ChIJ-UlF3FRxpC0R5kE3qpnRKV4,Kota Bau-Bau,Sulawesi Tenggara
Basa island - Bombana,"5G65+VQC, Kec. Poleang, Kabupaten Bombana, Sulawesi Tenggara, Indonesia",4.8,5,Wisata Alam,https://maps.googleapis.com/maps/api/place/photo?maxwidth=800&photoreference=AU_ZVEF_G40jRkM6UhgDaOBciDALfthcmlWQ-oKA7jq37jv0comSAho37apXSI62XjeBktNOhAOlmlA8ibMykoWyeOMcjyDY_IjxrH0IHhJPNXU-yBZpu14X_iwhWEj8CQFeWTXCk7Ou5nX3Dzhv-gtyqnxqKHWoExIsoSvhwKGniJUXZhcTsT6_UOxQIeBuswxiNUM5-HnKzrxIYmcFQSxhHpTT7T0TUtWWlhczAOjAleyPB6befBO1IQ_AinjnSiClHUANByHO4gr2qH68_4o2DeZskxh9NuaikAFJEipFzNZkESXz4cv0dVUPlMp1d4Kegs-eKGY9l8OKe2GcvcQrePt1rUVP5pwDQ4_5VNdLSQAnxFjiC52-Mkozm78QNUD0ZUgZmZiPRKiFgqIsv7bgNGiOJK0Dws8vmRJT5bRPupSlH-F-&key=AIzaSyCjh9aj5KcL4_aU4229--ATJhvbcTNPmUk,-4.8378019,121.5093848,ChIJfckLVxopvS0RSdm5qwfcwUc,Kabupaten Bombana,Sulawesi Tenggara
Pantai Toromaginti,"43XF+GP, Mawar, Mata Oleo, Kabupaten Bombana, Sulawesi Tenggara, Indonesia",4.8,5,Wisata Alam,https://maps.googleapis.com/maps/api/place/photo?maxwidth=800&photoreference=AU_ZVEGDbarIlCw02aiczwFl8U_zWQXCkb1vRECg-Z5Cj5Rt0VGx1LiQJRO9CM0pvkR_2hBxHcPLKMoAWsJ7TyhclfTnnIurZZCV1akqWOITvo1y0MDPS4boEpWl34s7bSWlGqI2BLwTwI9eapqI8ayShQCuAUWQiRq2zvhNlYBOnIZKbZLf7WfOhUWzo-CWJZ7KSmrj5q5tMS-aWVJurN70cfqYysO_I8ALcHgk2fwtsY4X8nJuSpOwnRlBXSIT59spwDnLXGIOTYCTROn6mQCInPEMxXGtpVRayb9ylEI_uZagAH7-mtc00o3z_AazmCEopQ8un0oyiEkoucz5o_10zL55n0HU2Y7wzxMcOGynQ3k9Z-CALph4j713umDYLl41HcJYdrK6u0--c0Si0_CzkxlftV9KId3lu0NDswO3hmc2YvM1V9EG5_Uu9w42ziPJ&key=AIzaSyCjh9aj5KcL4_aU4229--ATJhvbcTNPmUk,-4.8511875,122.0743125,ChIJh4ewGgDhoi0RavisnN-txpo,Kabupaten Bombana,Sulawesi Tenggara
Landuli,"RVXG+X7, Tedubara",4.8,5,Wisata Kota / Landmark,https://maps.googleapis.com/maps/api/place/photo?maxwidth=800&photoreference=AU_ZVEFYMaGVCXBwstTs1FktvaDAsnhmj21SYUcaXRo8MPGbR2QobO_O5e9ds04yt6XZvWJyWGqpTEe7lvOj55SxzHijScFvhsJawPv_fZtnvpqjjbV0vGFX4KyFV4TrqNh1MCY3i20hZ5JJG52sHKdDWWZbcFiK7FZz8k-uUPL7A_9d6cKlyfyqiPZnHinjlx6VLDj2Hi5n2w4XQFGbzeMD2hvEM9hRo1q8odzXY9pbCQVD6RQpjKPCPQY_sWofmZKYiBhTSIhvhfaxiy3TVBuSTyazMO2Io2W4PTzCYcdNm_Vli3yspq14Dy0R6BdtGNILTjcu1C7prz2TX0wqfn4_N3kMwwUKDn0r3Delxk-3r4uiDqCU6G3OqMlUOgXIpDq7f_fWepRwi20NxFgp2qNmC7Bo1FK-anDFE_YL4KwWyBro0KUnaG8smT_HkeqUo12TR8DmsZGKkhmHT85js1PGBXNerjjne5zJfNa6UmdrEsV-z17bmk9nkoOoJLGlfbz0LsbiPhNfb4aTevFdpcmJsm_9QENGt5wM86MsQk3IlYF-JU7vSAprwzrTPtYNFuJz4W9ci-RXMi-VQlfu4g9xVNHnxmlsEIkZD2GKGOnvhuvPyeXO7oyKRM9-Lc0KnMDHYgJw9g&key=AIzaSyCjh9aj5KcL4_aU4229--ATJhvbcTNPmUk,-5.150111,121.8757468,ChIJq4BZegA5oy0RS6CZqdhUeGw,Kabupaten Bombana,Sulawesi Tenggara
Danau Ubur-ubur,"4Q26+9J, Lohia, Kec. Lohia, Kabupaten Muna, Sulawesi Tenggara, Indonesia",4.8,5,Wisata Alam,https://maps.googleapis.com/maps/api/place/photo?maxwidth=800&photoreference=AU_ZVEEo12EqNHIUQRiYC81m-Ka9JuKErZ3srm9xNZjoziABOwCAwBvvYuDLgnPUMJfGx95xXtRQyPJGKrVTqhDMqogTnaWOsKIvPcYhT3cH19ieGPIBuZb-zp-ACUPPpenu4ROjVAVCXF-G-gXLuALNBTA6-SXIrV8HboZI37xuu96ABah8Nv5Vil188b6IPCZ8z_HyBdIAbI4TRwkSO3LHwjFKl6dMdjnbBnXFjQCENfjYNlgbRVUuo-IQhOXzcMy7WIbKlcGf0O71V10ZEbKk2dmPEYVxecCdAQSCKl9X2Gj-fA&key=AIzaSyCjh9aj5KcL4_aU4229--ATJhvbcTNPmUk,-4.899045999999999,122.761567,ChIJ0f09HQDJoy0RyR-mX5NQbQc,Kabupaten Muna,Sulawesi Tenggara
BAT-BAT RAHA (Motewe),"5PWQ+4RC, Motewe",4.8,5,Wisata Kota / Landmark,https://maps.googleapis.com/maps/api/place/photo?maxwidth=800&photoreference=AU_ZVEGIsZ51JaMgU5vXtjhIpvFM_Yrcop_L9VYGklMMW4x0xGljXFmInsfjKNvuF5GL6BcMz55xexiW-CCfjPtBlSL65U_PtOoPgtxZZ20b0jLaazlgmetCk62OJIg0wGcqYuOLOA_4SuD-zp27rcdp6ITZO2jV8CqpFVJuuPIYGF1wrPEyz7dcc5ML7dP5CaX1ulH0Qem1T7ElSMZVRsFqEJN4SRJsSiuEXxhWiCle9JLQtqrnBaqe5rsBTXO4CEvp-BjyNUGNfu69WMd_bRGQ3MTpCUCSdrZ2fU-No41u0du4DNVzEYM09aa0okWv60nT10O5-COi_TTWbsQYXUUXyv5dYSDIDtBaBPzsnO4XuYJyf0ufuxaaX4rk7f4t2NoMAuYCI-mjZpHrZSeKnCl4i3sQvVwT_Y8DMaPLvuo9hCOlu2lurLnJ34zXbJdiEY5BeoZVb3L1QNkYU9f4EBY1vC8_6pRiJnwRF5aKSYgMekuIYqHSMskdNheHrTw4NvWaB44pYcUQIXnum94Ek_HnplMeufOI9oYlSNQ7GHrDZbW_6wNYHaoGZCdiDeX5vunAMkCPTuzzEKu5uurPMDE-9uQ73Gyv5WrJQ9C5yxqaVRcXy-3AFBWzUy6hre26LgsOWTHG_t0yH1nG0bfAtRraM5v8D2g&key=AIzaSyCjh9aj5KcL4_aU4229--ATJhvbcTNPmUk,-4.8046865,122.7395109,ChIJvSvBGwc1oi0RhVCOI8FIess,Kabupaten Muna,Sulawesi Tenggara
Perahu diatas batu,"8P7C+C9M, Kec. Sampolawa, Kabupaten Buton, Sulawesi Tenggara, Indonesia",4.8,5,Wisata Alam,https://maps.googleapis.com/maps/api/place/photo?maxwidth=800&photoreference=AU_ZVEECqtRIQWTzvh0NHL9igxDGqqkMPHdqQuA-PTX2MMXxTZMNqZwhG-vQo3SIjBlPy5I6p8D3dYSssdtp2KCQB3ghcSWyz4QWc6ixEXHCNRBLzom_UKGXHzJCMZkqfRFNPu20QTWTvHsBHSSCNOETiGQssAGS5o--vwqwncMDuRPUhlmOEFGDi6C393Aqoe-sEnZ6aLU7Srq_O_9zfxuTYZNrYodVRXzkpSHDBh5MSqbxjqhLwRDK1RcbrnemBClyXEbfGicugfIaCoGqFS6cIqYVmHRQoAAoi9CiIUEPvHt3BPo8xgvk5axUDo_E_OvPr_V1ZIRnRMd8gk1MdKCTyZKXR-XGygj5y20dPJqnvw47ycItFTry8MLlFXVq6b4CSCVKBBS7geuzvEmylCv1iuod-INv_h0N97pU7R8LtNpbcw&key=AIzaSyCjh9aj5KcL4_aU4229--ATJhvbcTNPmUk,-5.6864186,122.7209353,ChIJDc89QXINpC0R36MB97gwVVI,Kabupaten Buton,Sulawesi Tenggara
Waburi Park Gazebo,"8QP7+MVC, Gaya Baru, Kabupaten Buton",4.8,5,Wisata Alam,https://maps.googleapis.com/maps/api/place/photo?maxwidth=800&photoreference=AU_ZVEFzO7HYGbTWSoW4IFs9sp0J1MKnITF3qlNHWH56Nce1RxninwZ7w-rjccjjbJn6AZ8Yp6aEaUqpap4-jthw9PoMOjzDH76-JL0vbsCJHZNqlu4Nbr4U2Y84bbvjQJ6sO_9tA8Sof7ozGdAFFTSlVwyDmft8CP9UAEYU6VdwcUlfwi9Xda92NuT2E1Cj4ceNGWPRjRMTp3ZiCNZStuyLrKoZj1uiRXQfpKXfg3BoRsG1cBWVT_zc_QNQxGvG8818_wSdZdQYYCwWGEXUhFhwQXkTDs_7vGGLnmcoKpA97qiQ1EsJ-RPJVpFCcOHauKNiBXrhyBQ3RWpid1HBkyrcm5Tv-daXQQW7q6wxjxCTUrcO2yPiS-XOyfav6_l4nh-xGB_Qf6czLc79ccyd3Yw0enmLqY2dhbinzI7ojzwUymBXpx7JgwPJuL4D3bG2zgX9ctgc92Ruie6yiWEa0HmqUh-ACR_RNai3ooRID21Hl2t4Pxfv7GWuQoql97f87RPd6PZTbSRlMYOw7j85eFS8LLDWD_gw9nMmQOi2Taq2RBtoJ3xqugbEmsGek8QzN5XNHBzb7WZx&key=AIzaSyCjh9aj5KcL4_aU4229--ATJhvbcTNPmUk,-5.6633065,122.7646295,ChIJC0WJ3wMVpC0RhY2HK0hemzM,Kabupaten Buton,Sulawesi Tenggara
Matantahi,"757C+2M, Eelahaji, Kec. Kulisusu, Kabupaten Buton Utara, Sulawesi Tenggara, Indonesia",4.8,5,Wisata Kota / Landmark,https://maps.googleapis.com/maps/api/place/photo?maxwidth=800&photoreference=AU_ZVEFS3bALTIJurMqURpeir210vnHNP-eEbjpsBXmTWV4WIHTkU-9yyMhr540FpwV87H7JmHyl31tqot0u6ZwZXQMW3pIZo5jNArJ6bZYw0GAY6veFVx21NfMJJbwciMRxiDOl1A3WOCoQwMOTCk69drZPkdAXiuCg8hfKn0vkpYJ-0B_0gMmj4rA7bGx7KBC8NeGvSRZ6pRFU9wIv9mZEHXSXEC_TORqzgPmNhBP6n4GNoiPZA7WhxJ3O5a3EwAQQImXrZ4oH6wx4aHU0eERwTD-lUZIJT2SMSePw1_PuHU-K8Tkkg4PqgsNY_gF6hqAeuX9Xj_UC99BTVMc5MKwNnLiT6KXGHbzWSxUNvZd4SaBOmspJD4fm-VtTTdzt01mu5IMLs0of5KLrfU0zGDoeI0CP4_5-DXRNMEn4yerV_IU7mg&key=AIzaSyCjh9aj5KcL4_aU4229--ATJhvbcTNPmUk,-4.737384899999999,123.1717275,ChIJh8iiDAWDoS0ROMWTxqQjmBM,Kabupaten Buton Utara,Sulawesi Tenggara
Benteng Patua Tomia,"7W9H+Q8P, Patua, Tomia, Kabupaten Wakatobi, Sulawesi Tenggara 93793, Indonesia",4.8,5,Wisata Budaya & Sejarah,https://maps.googleapis.com/maps/api/place/photo?maxwidth=800&photoreference=AU_ZVEEBk9evAsS9m1Lj4oye6XsqzV4Xo38ff3Zw-mixHfyyNUgfUK_wgefYSPaSbcmMCt3f8nqYJG08_7ztCK139nVhP--FHvQEOMbGqOuPtsKrRg35Yf67ZHknGm3Q29frn423IPU5hnSmHOp4jlrP3vFNPRi0AEDB1d4hQmDH_RHHBoMfa_cpEyC-fYr_2IotBhDgx-uOJYtaH7TM23FwR_xfWH3yK-w89emNUr04CbSoIDwZdpzYVdg1uQ1OIeUFChefrVfFqr9Xc7wRR_x0gS7FUV3p6HeGYDZ12z8bRM13Jvn6HWOthVX_BmTWtEBXNEWO6V96PWMzi_6OUQqW9bf6eg7rW_K3A6enAi52b9cA8-2cUkYzJOmJ-4Xswzmoo3EJlr-liBaxrGusrNS7tL6gKmaO932nBwatTuD2N7zoMA&key=AIzaSyCjh9aj5KcL4_aU4229--ATJhvbcTNPmUk,-5.7305433,123.9283173,ChIJz5afYJ8bpy0RVuHPy6pDX1c,Kabupaten Wakatobi,Sulawesi Tenggara
Hutan Pinus Lenong,"Unnamed Road, 39HP+GMH, Rambusaratu, Kec. Mamasa, Kabupaten Mamasa, Sulawesi Barat 91362, Indonesia",4.8,5,Wisata Alam,https://maps.googleapis.com/maps/api/place/photo?maxwidth=800&photoreference=AU_ZVEHjOnsqquP0g0LgvN-G-FhA5trXdnbo_SUp7l6xKE22dtyDvxJP6_-XKhkJbRoltxEC9AV3DURi_ewbrfgf5FhS7ArbdZBSy3VkVNkr-TQma-4gEyGbGpNi7B4-czqX7UMXdoMjktsOpYFJnrPYbOb4gz8j07Thjh3flZUipDDWDaneazVIr_Q5CjRuR5LvQPXwWQg8MZHcuAd9le_FDr4O69fN-1GiFbXsShhZjxkWGdeAUq4od1Cnd6ftNBwuwEvDUUOXyljy2R3jT9tBC0y-aLfs6PURIoyvU0TEa8njlG7Grp2dVsoo_Az8InoXgGZIAalUeGRDDvwjom0kOvTrmV_pddXfSaTSArDxNAyyDHsaFoUZXtuAONozEqqIS5ereCl4Ap7aqs06TnEXTBsuisSBkiBB19psoasSzcijNw&key=AIzaSyCjh9aj5KcL4_aU4229--ATJhvbcTNPmUk,-2.9211891,119.3867356,ChIJIW4zbqsLky0RBMZvN6yActo,Kabupaten Mamasa,Sulawesi Barat
Kampung Wisata KBS,"Dusun burri, Pebassian, Kabupaten Mamasa",4.8,5,Wisata Kota / Landmark,https://maps.googleapis.com/maps/api/place/photo?maxwidth=800&photoreference=AU_ZVEEIsOZO6KNEkDXVC24tLLWKk0ke_5GAM7UoIqdZnMXCSwrCXMBG0eKhBbWAWlHQxMexQH_0nt3zp8qyvd6q3xkYBRCdJYiNW5cZE3SrUP7JbYRVabqwKwyLSUOBA1WRGrYFknt_1Qd7Kb6oPyVNL9jDjoDFajvFrlG7nSlZ1APeBMCk4-Erjc_2CfWMY7FgWM7Gg2a52dKDjI4BiosnrPLTp-cj7P0PKOiUp7NobbNLppjWVjqATbQxcIVvITvlinWLbyhza537Ephn96cgfoPA-OZAMRNXlU48ur5zOp4ZxnKiRN0X7KrS7ClTvHmT--8TgHjVQHGFigSV9TCSr_WwaydX4fv35iC2Y0ePCeSlwY__kjgNhDiGRJNtbMu4muytjJNQ29n6DvGowyUXPQ-FgGkXAXcnBVx3E67U5CO6yeIa624KH0JYidyNy5oD-4cbIdcZ47qDABOYRGYKD4wRBrxGsPo5egZaCsN7-lE0OCCsxc0lD5EohY17HCP9fF7vPJeHN_jTvAhnAslwheL1FIDqlI9bViNf7LeNnMPxGXSW0M7I-DHz2I7C3Yy7gDY23CLE67dR5Q&key=AIzaSyCjh9aj5KcL4_aU4229--ATJhvbcTNPmUk,-2.9794851,119.3374944,ChIJGWRmMP8Lky0R5M72X9CRwGo,Kabupaten Mamasa,Sulawesi Barat
Green Topejawa Coastal,"FCPM+488, Topejawa, Kec. Mangarabombang, Kabupaten Takalar, Sulawesi Selatan 92261, Indonesia",4.6,5,Wisata Kota / Landmark,https://maps.googleapis.com/maps/api/place/photo?maxwidth=800&photoreference=AU_ZVEH0O23J8wS-QVWy1GPKt3XH74mXPRJ5_vQB22dVIi3JA0QRaWiGDNxtqcR2jAzopaC3TGEAyLJZhtgGJQ14xYjq0xpQD-tzkSeJh0iZHX-9Q9gjl4_b6wtPG0msSnr16q_gdzw8XXTi6gWjKsojj8-eT1MCXYiddnapgsVRyH7dteZXZ27tNHgCMh9ibv7KbolIURNWeFqETP5h9nbVEt5Ce6X2ueSvRm-ewAVn7n5b1BPKY2MjHF_7UcdRzyXW6ctXPfvyxrIh2tGCrVnqW-cyV2n5qErC13lfADiqjpgI1KdrE6nBtE_mJs1ABR_tJqOqsebP31rOHr5eeBK-NDxaEvUakGIp2E00htO7iGSkpMPRrTM8vgy0WMkn2h7UA-LBqneduFLp1HfJ8UJa8WqUDVOJnj9dSxCByfwIzw81Sak9&key=AIzaSyCjh9aj5KcL4_aU4229--ATJhvbcTNPmUk,-5.514596699999999,119.4335854,ChIJF208k4HVvi0RT3_Og0nTZek,Kabupaten Takalar,Sulawesi Selatan
gunung Nusantara,"5HR8+WM4, Sapanang, Kec. Bungoro, Kabupaten Pangkajene Dan Kepulauan, Sulawesi Selatan, Indonesia",4.6,5,Wisata Alam,https://maps.googleapis.com/maps/api/place/photo?maxwidth=800&photoreference=AU_ZVEHZcdOHp5mSAuBigXbTaI0OYzrTeYZwAoDiOG2DQT54G6ltKrHKeCjw8H7wtQrhbrWCMJkzqmxN9ZChxOKl1Abym2rFiqm8kNHhMIDL-BMapukT055z0EbE5xuOSfQvpwZXsgiHRL-ECBmBOHbh1hae_eKO4E2gOf4B6600VejjxQwFzOrxGwpjmplEJx4EZk8wStpZhbBbjoTXrCbzk5624Y-X_lA39j7S25uKEUbX01K_qn_00C-LcB-Wj4S3l4WCcJoGmFCchvmPv6OU-VXBg1ahKi3hERNFMinx0099Sd4ewTc1LaVVcUcPVaJOo75f2JshupiOL3T8jEOno3WM80JDHUnOrEhDGnvFwNz-9l6D5MPd8fhJksxmhKgoAC_u0KwYwgwB2lcUF3n3QUn3a_hC8StmfzFTp9vbM6jsFS9k&key=AIzaSyCjh9aj5KcL4_aU4229--ATJhvbcTNPmUk,-4.807746499999999,119.5667098,ChIJtQxpIjhPvi0R9mv0kGGTet4,Kabupaten Pangkajene Dan Kepulauan,Sulawesi Selatan
Bulu Manarang,"Bulu Manarang, Padaidi, Kec. Mattiro Bulu, Kabupaten Pinrang, Sulawesi Selatan, Indonesia",4.6,5,Wisata Alam,https://maps.googleapis.com/maps/api/place/photo?maxwidth=800&photoreference=AU_ZVEEe0i5CREjOMiWjwmCLq2pxFufG-BlYWdIU4dGAwx5KBtELIu6L72DN8rGzy2DgrDmIj_0VWp2PrcKn8T9ah1gI_DrE_pnjWyJl9fckiFNC_uMKwAbWY2ptNG6uYbKXzbH0q-8RSy4yJa0INpHHjTdkjBmECpJYw1YwxT7PCZJ2G-YYvCE88NZfzQqEF4XpdDwQbHqXze0gc_D-OCdF1fwi4oSrhQuUgWemo1fvuefbTCoeHBJoUiBMMf0aMmxRoyTXHGECI8JoWyOANoXlI5_m9v1ZeOY_RChY2ANwBuHaU3Y1K69S8aZmi6-okLxLHwC3uUSXqbqbNG43rMc2_BbaWabdo8gmKopN4UPKssyMmM8SWtZIAj0WNSQyzMup5C2uKegItGawp2T-Uu5N8z6ev4Aif5hUHKD5yFJuwui5zFOyuwyfIgzNDJAhNA&key=AIzaSyCjh9aj5KcL4_aU4229--ATJhvbcTNPmUk,-3.8663889,119.6497222,ChIJT7FZ1FKylS0RrBagZrSTLTo,Kabupaten Pinrang,Sulawesi Selatan
Lembah Impian Poti’tanayya,"Bontomanai, Kabupaten Jeneponto",4.6,5,Wisata Kota / Landmark,https://maps.googleapis.com/maps/api/place/photo?maxwidth=800&photoreference=AU_ZVEEN35vNhLIX80vD_PwQ8hLavEau_gjOEtlpodHd6_NbRfrMY--xn-NeWjnG0xnwSpesFRUpQpqtiykMHbBS6Rs4T8dP4w5yyhLCbKv3ki3bQ9r6qSA_XeF6wg5P7P5Td8IpqFPrsxebcl2nGs7t5DBtsY-vxUewBcy47GW87gBbBOImMMlPXc2cQRVZ50Py1LA4lqfz_RzI-2Ai-hadvqUf9nHSpupWAuzsMLW555OG5IhW2LFZ5EvAsy2fdSMg-cPYHQMzbTCJDf8w1fR2awpupRyS3YO42B11XjQxhe1jpjAOrw2BQMkq1hHx8sf4UzlTPcM2z_E5v1WWnUP_TPCVBw5xIQBygqTpMpR_JM8dBPcE2tyveOuwGvADWu9dFFo4YRBsGfpX2NtohMqTHA7P_KtlsmsAjkbWU6dDW2aWdN1JVrZKdhDHYg92pRNH_k3EP64NOQZZu4WO9kL8yUKzdIqeR_FpTk_HCz8cNY2EseHi0__lblhrkoaG-djY_XEjb5Y-MN8Om2uF0pYfSMdb2TjJns5aMMIBiDEyMf6P_Wl5JZCA91rDryQjRF9D_2t9KKfW&key=AIzaSyCjh9aj5KcL4_aU4229--ATJhvbcTNPmUk,-5.492549100000001,119.8390704,ChIJA5V-_LK1vi0R1GVeJ-pFF68,Kabupaten Jeneponto,Sulawesi Selatan
Gunung Tibembeng,"4244+2G8, Ilan Batu, Kec. Balusu, Kabupaten Toraja Utara, Sulawesi Selatan 91951, Indonesia",4.6,5,Wisata Alam,https://maps.googleapis.com/maps/api/place/photo?maxwidth=800&photoreference=AU_ZVEE9-tFU1dWAkep9QPaafX8ZfuC5nl2aj2bH5v3XlA7sLIFXEA9M3XLRtZZ2q8c0Bj_w4g2uA9OLnpnXlwQabDdZEFeftOL4DQ_OEeZbEbvtrEBAmFwWy_LB_XESxNNPMNG5VFRol18JSj2RO1Lq-vRLMZSiJg2l6MNUAfsk_NI89nTIX-Xzve9yigPF799E3QAdKUPcns1sr8AExVmPpXoqUvWuWSmRY87KQ4PAE7w3QUJJ31mw7wfeaS2xF4XFDXRH6x7pLHq9VYBYwdOtpHCcb4CJ0_0NKUwqHcZ6rJipMiQ8aLB0hgUevwOHFQ06wbCiVDpJy6UBtbvJ8nG6CRAm1PqGyPWov1WMBTSXeiZklcGXIfNkguA491NLGl0iYXm6FTAEhAT8jwkKiOUyrTMl6kZ_TqMOvuiecNO5AJjX7T8&key=AIzaSyCjh9aj5KcL4_aU4229--ATJhvbcTNPmUk,-2.8949633,120.0063267,ChIJvd_DB-fdky0RpPsjrIix5a4,Kabupaten Toraja Utara,Sulawesi Selatan
Permandian Likubassi,"FRF6+J9, Tokkonan",4.6,5,Wisata Kota / Landmark,https://maps.googleapis.com/maps/api/place/photo?maxwidth=800&photoreference=AU_ZVEH6AreOubLBi1JLXjildb_QWt1kdnQAKGs_rNtGK4DTdv7G5t1zURySovBevwTYGqJKH4xM0r6LcURpvK0n9HIxzWmpZMoPjehm_XJW8MzdTu29AR1PW8AuXIZDhWQ1g-CZ9LVOqCjCq2YbwxGoA4SrSk7AKBmV4gyca4wSih-24FbqPZHzle_lnmUmFcmW8gp6nbU4ghuu4HDAZx5jbi9J2Qof2csevPdqg1bbL54wH0Gnacw55XgQgsuopIG3Zs58BN9yYmX1Ekp-FJb3WyvfgRSk5m3CcWZyM0zsv-kjJlw-FDQ3RqCmB6374CpK612OATF-qWKsQjQloHEtd8KDe5RuD7Wm8mwlLcQBRq-WSXt56QcP_6Egr1nepoXY8SGURDBOf7rNUbv4G9_-9TdxT0J3ICF9R9gjzQAVJh78bu7acY8y2kConaEXA6hj8qlmOhFeqIHwfWR5tsc3Kj-Q5a8t8BrEW23YbtC5vN7qCL-AWSIg6aTckoM7we2S6-bSoW_1aR4cN8fgsEIdTXzAhpsODBwawee0Un2ABU1Qn8gvvSa_9CGhKAlRH0nEHv89g7uaJZkFrlqesorxjqhX_MoD_SfbFqz4FQo9ritkZyUsEtO4r305bfThbAca8i4f6A&key=AIzaSyCjh9aj5KcL4_aU4229--ATJhvbcTNPmUk,-3.5259375,119.8109375,ChIJ3UEZT1sVlC0Rq9zzjtwvcqQ,Kabupaten Enrekang,Sulawesi Selatan
Pantai Wisata Desa To'bia,"PCF6+V7R, Pantai, To'bia, Kec. Ponrang Sel., Kabupaten Luwu, Sulawesi Selatan, Indonesia",4.6,5,Wisata Alam,https://maps.googleapis.com/maps/api/place/photo?maxwidth=800&photoreference=AU_ZVEElYI1s34Pyz6o8CiAix34IoQ40jOzyHRdV8LdEBQSObgkWlMWXTuZrbT7w7gJqtEEAXz98wZPAKfo5SrjtWnT-154UDlde6R0VM1UsTGlw0fPQFmO0-bOAo6MEfDahkAvmQwSWEiSRzwVyrYDBOE0-NH1PhUEn_2gybgzfHBj2AcIpeKbgEKi865pTBZML5jZUdaXVDV-aO8rrdQCM_ez7sXfyQQ8OqgfGx-hFUTUuW3LsEPhpY_0QD_jOZ7K7H-e0Cr5ikHXVYsQnm_LM0nJBD-pIRySoua5KmjCMWffFSL8fs0_d7iVb4fzCcAf_yIHQStl8AZB1_erWkLd71SB97XAar76uufJOKx9ibFbrXqT9_WlzQCjF6l6tV_e3RAP19mE85r1Ppvxa3S7CdbTL2Ypun7GLkpMZkIdMXxGNqI31&key=AIzaSyCjh9aj5KcL4_aU4229--ATJhvbcTNPmUk,-3.2752596,120.4106344,ChIJr37CY5mzli0R4sbe7wWJYiU,Kabupaten Luwu,Sulawesi Selatan
Air Terjun Bilatu,"98C4+HFG, Palakka, Kec. Larompong Sel., Kabupaten Luwu, Sulawesi Selatan 91998, Indonesia",4.6,5,Wisata Alam,https://maps.googleapis.com/maps/api/place/photo?maxwidth=800&photoreference=AU_ZVEEfS_9qIDOplZPZlkveMY1PMq2oEwcMm7t2_70iD4KNG-GkdOnaLKUea0g2KBPzxlSj4B1E8eJeH0vYEnqyQ-65FOloSHTcjf9F4Nf1Q-1QNMXvIWkOWrNJySLtSJhCiYRK15Ud5_Qer6KHWC2hZpRWEDUI4k8hu7JfOyq1LDwRG1zcpyhmLhuvD_yxceI57kG2_tHGlHeS9VqI9ep5nE01nW_K5XKS0NhhxRXWqm0vALBgXDPoq9NbYZRp7DomIQETUeoo4qMR7rYr8YIn4T5b0tFiAkB8I7kEutjelkOLm6bwGUJHRLLXbOsuwPwLr0DhLGXbPoFprSjqBhZn0-oeskyqDJAQz0_YWK4Nz5iGsAdU54O8Ngz-6L0v25EvgST9Lf-wWa6s73t7FqHIQqt2CTSzTbuImD58TNs4esgroQ&key=AIzaSyCjh9aj5KcL4_aU4229--ATJhvbcTNPmUk,-3.6285665,120.306215,ChIJuYVp92ybli0R0m11D_C3sp0,Kabupaten Luwu,Sulawesi Selatan
Teluk Manado,"Tlk. Manado, Indonesia",4.6,5,Wisata Alam,https://maps.googleapis.com/maps/api/place/photo?maxwidth=800&photoreference=AU_ZVEECsQ2NJJGJ06Mr_RKiWEjmg6c1fM4xxRHHqwHRbI6o1J4ktw6aKo20_AV2mBWAofAQuRSLu0Wu9pIikf3RoeywKi-J9cZqffZj1PtRZR84ejGzBjSw_rK0yo4aiDgavPBwuv4UbR4bYiabKovmfwVdU-c0_UIbAsxprxno2Zi9yqtSziPS8ambdieGGS0_uxU1l42yCjo17bG6ylF0hd4IPAY4lsRaDAbt1qjuD-u2ySP7DAZ17SN66uY0kEWnCczj06il4DNQj9VBkE1YDugwu1YKw9mMJVgN7Vb4Tjcw32gSoBUGnG_AxfNAJBIcxgVS3X8zESNPgGi04mXD7hCTd9Nn94hMwR0FqfmHPtAprv9_ngdhwy6mYcR2qPRvFILw1jdI_iZjoIPCHK2ewbJYudeYfR15jk4qrD-j3nUZLF4&key=AIzaSyCjh9aj5KcL4_aU4229--ATJhvbcTNPmUk,1.511981,124.8432565,ChIJm-qrh-ifhzIRAqG-FN8a1bA,Kota Manado,Sulawesi Utara
Hutan Kota Bonawang Kotamobagu,"Mongkonai Bar., Kec. Kotamobagu Bar., Kota Kotamobagu, Sulawesi Utara 95716, Indonesia",4.6,5,Wisata Alam,https://maps.googleapis.com/maps/api/place/photo?maxwidth=800&photoreference=AU_ZVEHTqxKFSEKl_5OFSgZ-Z2HVl0pw-M3_4TzM76ad2OhiDx0wRVQWJad0SNOsHCzAcJqeRryO-PsgdWi3hzja0_zlQw7ZlOE6sBV0sMxZ_NA9BVluTJUyEZ4_VddKAKa4og-NpFwbcIUlEn6c5cY452uWb9lPi87X1XIJV7WV0uAxTO4KI0ank1ZolW1tNSBuS4Sz-uDTqdksM1bqrnSL3f104FuVu8q-WQl8jrdqOaK2Hml3j1JkdsuQJepdmE_woP9sgqwrWoyCWo_gChFb9nBoJnirtNoRI9uRmIiunBfaYYIR-1-dsdB4jcch9_qtkrF3eX2HS0-Q8Pz3571N18rT9ezZD16qduUx1UvjWD83LkXdjOuehiSYQOssnP0CHyQtvDuWOCVg4P6msY5ugH4qP4QG9Rxw8qbVM4meEss_x-O3fWoG9Ktlcu74BSmB&key=AIzaSyCjh9aj5KcL4_aU4229--ATJhvbcTNPmUk,0.7396874999999999,124.2824084,ChIJbVROo709fjIRsMrshMUfcmo,Kota Kotamobagu,Sulawesi Utara
Air Terjun Mangatasik,"9MP5+M6W, Ranowangko, Kec. Tombariri, Kabupaten Minahasa, Sulawesi Utara, Indonesia",4.6,5,Wisata Alam,https://maps.googleapis.com/maps/api/place/photo?maxwidth=800&photoreference=AU_ZVEFRGOhvCxl9NnSPFyhBTAY2XiNPvAJf_a-uSYUtWRr0mBWv2iAqx6osPqbgOGubt22YacAl6dkA6e1CgYSanoAiRdAso2a8-fYmY5cVCeDtgKZrKsmk5R8JLAerK3aqGNUx83wZJvoinjU3qBM9tEbdqjoHNltio6h1zw03v4DuVoQljhcbDw-w0KKBnvKoqwCWHLvJoSkS9BJ1g_cQeFJZgfWZuafIg24aiX59MsHer6yM06rMUd9-ocTOHCd8Qbw5qWr6irLoOS00fmK3W_w61HFzBt9t0G3il14Hh0scJ2ryg3qJ5fn6QRAnuZfi0MgGFRvEeoUUqf7GaAxXMhppzURqxYNzHWabVF17TBx1Nbcfe-54SBhK0vT70w2E6X7SfdkI1ZynzPiJrQxD5EHO83B_NyxbDpbGUPyTfIo05rg6&key=AIzaSyCjh9aj5KcL4_aU4229--ATJhvbcTNPmUk,1.3867259,124.6580686,ChIJ27_Aqsh6hzIR4FmJqPWHwbo,Kabupaten Minahasa,Sulawesi Utara
"Gereja GMIBM Bukit Sion Dodap, Bersatu","PH6Q+HMP, Dodap, Kec. Tutuyan, Kabupaten Bolaang Mongondow Timur, Sulawesi Utara, Indonesia",4.6,5,Wisata Alam,https://maps.googleapis.com/maps/api/place/photo?maxwidth=800&photoreference=AU_ZVEEtvJ4NPdR9IFdt6O6dbyJzdjIyb1_uF1enuXZWRd78xZUSSDYTTs3nsibsyk2-pnQSh-O2PinWhqNMe1JDg58gB6y9VupMzwkOyNTnX46tej3eHKRVbWtInQOPIRvWRk6T7mxIrlaYh3HETSAd0nyfzIXaAQjSQ3Z1XBLVONaPv4gKM5F5KzjPn4HLXk9nNTvY36NEwbuaj7rDcz6ASeEf7bMwljEcsGe33-4tVnaP-iqDSMNoCqEpgesC2bjtxIWNTKyhxWFeWEBCOGRf5YATKlTHuaXzfpADJEVHH1LojNicT7sxCzmrQcLUEd8vYwIQdfAcTUQXwSeo3I8yHkcFrT9nnc1SlxciYJ7RDA84wKLGVkChUSnwEe5rE-92POHrgGFsCozlYdJbkOoq9pCN8T_IfcWQVlf18vLLJkB7Lt8S&key=AIzaSyCjh9aj5KcL4_aU4229--ATJhvbcTNPmUk,0.7114520999999999,124.5892071,ChIJSSe05taegDIRjOy9G3hG6lU,Kabupaten Bolaang Mongondow Timur,Sulawesi Utara
Tahuna Waterpark & Sport Center,"Santiago, Kabupaten Kepulauan Sangihe",4.6,5,Wisata Alam,https://maps.googleapis.com/maps/api/place/photo?maxwidth=800&photoreference=AU_ZVEFIovUVMZBPratL6OWTQGBU6jXwn6J1QI3etx9S9W-UwsXBfw274VatDDUJhAqmpnT_SvIb5e_j14NcH2KKdnP0CpcKWAvWbb5kgY7GGypbEx2TnAbIQWPicc5dCtPHqKom-TI5CMO1Av5U4LxHbUr3SDFJuc8F9wqx5aN5oPrwmBTf9reZE25aw75DfT_5T8VNtcTHWP6ggOGf9vZ4Kb8fZtV_yxqk3FRExW2fTDqcY4PjhOWQlTYI3Hs7H5jEtsV6dLlKXFRdWjnIDM4CDCzLevHCTZOj1L9M9rnP1qLraG3wOzLYU59Nch-y1-FLuVO1PThDAB_xHy7MSQ--EJec1fxW38Ysm0DJ5MBUhoba_Nmjf3iCPTupsOOq1dij0jcUIK1ZdzqlIojQLXdn2uRDMllpK3UzF6Exh5yFZ7pEMKj3cr3JVCsadp7lXdJIYhuWKlhrCp1mKSiQfVE5OBU_HThGZdGaeFngW0hlV4Nt-U_WSWVF3uijwsMyGUR4zYXHh3G4ctpVvMJQjyYOt_KNEucVJq7vfNvcZLqIj-PFZfBtCO4o1qkXvnb99_-awZBDYw&key=AIzaSyCjh9aj5KcL4_aU4229--ATJhvbcTNPmUk,3.6150692,125.4628835,ChIJgywosZEJizIR6XTzJKIWqj8,Kabupaten Kepulauan Sangihe,Sulawesi Utara
Wisata Pantai Talise Palu,"4VPH+97P, Jl. Kp. Nelayan, Talise, Kec. Mantikulore, Kota Palu, Sulawesi Tengah, Indonesia",4.6,5,Wisata Alam,https://maps.googleapis.com/maps/api/place/photo?maxwidth=800&photoreference=AU_ZVEEXvkVVGeorIr7rmarsgPEonY9XjGgzonqjYwOpO_u7i2mwPZFgXLn9KK5A-ONHG5UVbwF6iDEf2Br57JHdjL_bmyehuacfOGYQ8YJv-uBqPT_rcBT73om2lXjMQQhL_OaDf0kv7hjjMq9-S1Irwma-S3HOJ1VT0Ocgpds1U37NnpkzShmQtMxb3AYcv4ti63nJYCIiU_ecmqno-O88oXquLGKaokoZQhwzmm1gc3uNEDoGJo6hdb9xUwnj2hd93qzQCb2uoGpDZzq4tLS8uqVul8Ax0p6D7fhpRz0gCb6O0doHKV-7nbmhWtceWucx9wtFmTsG32-ZMuZJZtQom9gw1aiykK8M6AQ1m1uiLEoash6fyxwepNhc08kVYjqu8-tV245qUWC1sn_DXmcP-MMp7v02K0MJuC9iEKpGhLJf8ZEKL8IrjHnAN8uuWA&key=AIzaSyCjh9aj5KcL4_aU4229--ATJhvbcTNPmUk,-0.8640409000000001,119.8782075,ChIJ__KKOADtiy0RCnwVWNKnjEk,Kota Palu,Sulawesi Tengah
Bendungan Desa Malonas Kec. Dampelas Kab. Donggala,"7WCV+F9, Malonas, Kec. Damsol, Kabupaten Donggala, Sulawesi Tengah 94356, Indonesia",4.6,5,Wisata Kota / Landmark,https://maps.googleapis.com/maps/api/place/photo?maxwidth=800&photoreference=AU_ZVEHJXgNheTM7nNUlgL6rpbO8t0Wog79wcHwLEMKJV0SubbyQPk_Nc2XsgdXNu8ejK3RShAOxarI8sHy0MqBp2U9blA2QuII-YngSJWvQL7GmnLDOq3S9O0a4QDtBeckniOeqx5wzhTMEvFROa4vqpHrUSiWZvx2PhW5GsfKTaF_kPw_uc49f3lvGz2dwYrHyGCjH_jaMVs1v-b2WX065ycN-CGsrVEF4VWwOPBAXx8diIvg1-yCRuXwAK2hgh7EgUQG6HVf2jgnmwFyfD9mq7ZJog599ODcl_jAz_jHsxZc_fZzQlpNZYaEKML8yIwOdSKIBaPsVU7CB-qo1u0p14FhC1sw6Jr6ouDyk6kVHiod2YZG-VIerEau40DYttrEoYYnveWTPvQyTcnxmNRIHoli549gxXXKPcwNhP1VgxQAn9A&key=AIzaSyCjh9aj5KcL4_aU4229--ATJhvbcTNPmUk,0.2711875,119.9434375,ChIJbwIrzXbDdTIR5Bm916EG4hs,Kabupaten Donggala,Sulawesi Tengah
Goa tangkaboba,"6JQW+9W4, Tentena, Pamona Pusalemba, Kabupaten Poso, Sulawesi Tengah 94663, Indonesia",4.6,5,Wisata Alam,https://maps.googleapis.com/maps/api/place/photo?maxwidth=800&photoreference=AU_ZVEHJv1ZHdNp7857FeKZt98ZREnCY8ByYsjf5_N2gbVPsSg9SfcSfWpv9VJIBqixCv3iUdEC0Rb_oaH3622CwawZKd8FR-tbadOqG-9wKzzoulj67kB8WVQhGSq-iTwJO0UHKol9_aosKKrqyujxu7SvpXk_OTXad_oo0LhqE16CDAtBsnN7zk398eK3QrnzDE7V-NnFOvUDhu1k3psLL3wN1Sd7y_9jQXC46YyHj1Ew1FOvboleDMb-EPlJuJIjOVGu3MTxTKQXbPEZewbD6fhNB-UlgLonPSZiCZy2rJv_qQ3LzD04VyZ5N0oXhnNjVgUXOTo0uWkfmfLH3w5AywhBoEg1n8O98nlwG27udX6TZN0y9bfYYgQwQDE2_sYMhddANMJ6Ee6EfvHH0anMU_JD3zrIf4xesVnTWZfBBSuwwQsGd&key=AIzaSyCjh9aj5KcL4_aU4229--ATJhvbcTNPmUk,-1.7616051,120.647341,ChIJ8crCUPpFji0RfzGmNHuXiPQ,Kabupaten Poso,Sulawesi Tengah
Tonomini wisata,"MJWH+GWH, Jl. Trans Sulawesi, Tokorondo, Kabupaten Poso",4.6,5,Wisata Kota / Landmark,https://maps.googleapis.com/maps/api/place/photo?maxwidth=800&photoreference=AU_ZVEEf0tDDvp7iRTk-dIuGa--k65zKQQ2jewzeDRiEl2Lm4PL2hs3ZtNeEy7Bfq9DYVOS5EZqMV5COawJL3gbZO3Gx9UYt4wY4Asuzobqyug8wQoutnaLDhne1uosvXJkBi9yuhpV5eymt4TuBeEHX6fkenJDZY-y1P3DOVQTNRUThD9NUguzVumJnRx4cL8sWfJ7Qj9nmrNiU5nxM_LT6OB0OAqSJUlKp9A91uR_8pUMTIsqdhGmO_3pbAzWVwG7KdASJO7m9wv9iMki4bfwhdR6am0X3Mgt0Xp6xciCBASW5DDsrDU5IA0TNifbDqqUGlzsoh6Uy7MfCJ3SouCCHj_DwE76tVmaTxY944OEgcR__43ENw7LSQFNVxQwgwH4_5IjlpP-cA5urxRGC-n_9hZKkUwosnK1qSfxjcjkWH6y8mhFyR62rOXBELXA-lj0rttfogW2pZOjS082_MD2ZEwlBPgVZLBzN31avBnZ6J0bqQbpH9m5OUKnNPpVaHJs4HM7htNeyG6_Nrcdcnsm_Z0TUHtxnZSq3hi2Ot0toWoG2-i7um3lvjyt4JgwBmbOR-z2vcPj1&key=AIzaSyCjh9aj5KcL4_aU4229--ATJhvbcTNPmUk,-1.3036955,120.6298413,ChIJt8As-G7Dji0RVtvibKsCH1M,Kabupaten Poso,Sulawesi Tengah
Pantai Nikel Laterit,"489P+P26, Ganda Ganda, Kabupaten Morowali, Sulawesi Tengah, Indonesia",4.6,5,Wisata Alam,https://maps.googleapis.com/maps/api/place/photo?maxwidth=800&photoreference=AU_ZVEFzvF_yQ88BWn9Eq4hTcqGIQk9TOEDYgXuGSA0NHLbIED250_sDKcHjMmqVZptKR2MbOUTYbwNJJKwpyX87ue5KDzeDpzbcuVRAWueTlpM9Pmzq2bIotilpSeJoH0qjTkxzfn0uC9WHb23U731HebSDudyBMbgf89Zza0qdf3PHQJs6ogtgH2lxfrzdrS4x5iCfatmucDpmSpXeWAvZTI79PYNMMEP19S13-06FYWZiiJner3LFGTyQjyYWqJ-6gMP11u9KLWwk5vZtB95RY9RSEeh0ps0CXkH_2kYGVfpHb5AzJZc7Hb_hb1ulZ7uMJhtxU4emomTbjZ8WRJ6SD5bzyvdTHXWHZCrrTH--lB4PDU0VfifERIPPvhDpkioEvOpYCmZ2wC_1OUjLPho7WICt5skQwiokMNxg0Rj94rShGg&key=AIzaSyCjh9aj5KcL4_aU4229--ATJhvbcTNPmUk,-1.8807178,121.3350248,ChIJr2zM95Trjy0RsznvWMzNacU,Kabupaten Morowali,Sulawesi Tengah
Tanggul Khayal,Alun-Alun KOTAMARA,4.6,5,Wisata Kota / Landmark,https://maps.googleapis.com/maps/api/place/photo?maxwidth=800&photoreference=AU_ZVEGe5sD3Yt-4Kpkep5KUZADQaBRtDelNsGUL-RenjukcGrYzYVaLC0X8enEXMg7SxkCQQEvjG-iv6ys4nSM5Xqj_sM1aqB4CHjcbfex5HhMziUSqR6e3SXTbkDckBCav9K8j5BHhQL_xCmZ2a2N6drA53Z-5xKlyWLWM0SRoLp2SH7urt0Zpbh3hi3ILh7zHw52rnJI7A-sMHIfXjag39sLI0kyIKIKXLEGcIkDQDYu0uQxHi0Qr9o0g9jwJWzO01ZhHpqHV_YZjGzIbsN3FPDGatOZU88vPh4XFevUZEjX8L1oFCMyQ728WYV2ch9Vyi53f2ruw5bRTJZVBc8dTj8UQid5C5v-DZK-RA6-XkKu_aav-P1ofGLFwQt9SCY9zM9dFXPf5v6jP9Q7IbATKRq3Jg8LQWZd865mVZI5QjaCQYfeSwb8AB5AsR9lMu2PJAw4uxgaAJMYK5UIWjWm1cORWspx1aW0Qdk4zs6dtVQ--Xd17vdKIAh1IcZ5w4gpZtrncxEmFdXDHI2WO-VOAQsr0pFNm3119UA9RANwJ55QQFredV_1LYGrQpIEWM7lHuhlT37aaH1u42MpR-bAgwnjHmFlNfFvc_o55v28XiEBzzPcfx4nVeVSbp1j9jZlGsn0hZ0001XFZDQZnIEAg1A&key=AIzaSyCjh9aj5KcL4_aU4229--ATJhvbcTNPmUk,-5.454824299999999,122.6009638,ChIJQ9cGwD53pC0RL8WZrovH9Hk,Kabupaten Kepulauan Siau Tagulandang Biaro,Sulawesi Utara
Wisata Alam Lambandia,"Unnamed Road, J2Q7+9H6, Lambandia, Lalembuu, Kabupaten Konawe Selatan, Sulawesi Tenggara 93885, Indonesia",4.6,5,Wisata Kota / Landmark,https://maps.googleapis.com/maps/api/place/photo?maxwidth=800&photoreference=AU_ZVEFvCrq49dRUiLIEiLrA0GMrikzIK5yjPVCS3P_HVn1FaoxIo-q9MYam2ahYc0U2QRbjvCSKvv-0PrHfCKX_M6gnBHcpPZr6y70bRfTKV6UGaff89NPNCXWxY8aTDiaVhZSfy5q5Wk3V31lEQDW0SViWMowgS_0T4elJIDgGooCGR1SMe8lzN1W7IHrYFNBTlhE_wwnfopSMxlZjrJopLmwqE8ZuHWua2gm6VH2lP2W5HgBBRu7LneVpnvCpfta4XCUG9nwpkC4sFr_m9dM067LfrzB78VGChU79StmdWAwV3tp5bjoZFerS6ic96hju3x8HxNxArjfWnfH-qtXuO1a_Td1q135wQh8qZG4xJ_9JobAgQUnxZc4YVv3xHzIvmQzIfHCinsCIStlaf7pGqTrV_VMvl7N0-TYKbHj5ILFbAh3y&key=AIzaSyCjh9aj5KcL4_aU4229--ATJhvbcTNPmUk,-4.361579499999999,122.0138993,ChIJp8UjD--foi0RocSpFhU8xR0,Kabupaten Konawe Selatan,Sulawesi Tenggara
Twin Lagoon,"FCWW+JPH, Labengi, Kec. Lasolo, Kabupaten Konawe Utara, Sulawesi Tenggara 93352, Indonesia",4.6,5,Wisata Kota / Landmark,https://maps.googleapis.com/maps/api/place/photo?maxwidth=800&photoreference=AU_ZVEHYDyl2DOPbHVcBoCXwh-SVwBuEcGWxADwGyh8oCB8AmcCBkUduAIDtCQeEB8Vi3Cq_iMPS3YcBrNdksiWepi3b9_vMlqjbzmFnQgwzq_TZF74rZPO0I6885sVojafDwW7ccrT59CHrR3WjOTqXRQxQwu_Uhc32oxB6WifEtaVjpAB2vHA-oZIZ60Fy34IhccEMdz2AFIFGV_oriVyr492UJt8R5NJKfCSvZRgBE4OZYCegcDu2B_5hnyiQUJ2LhDB8vQI86Uj6azZ7GZ6yJpPAVBQtMmT17BOWQlT8R_-YoUtb32WkHkbb0aFfGykjRo2UMX29M6ATlzzzTSDWsdKh6nMeAGSt6gn7QsQz_CTx2ClJPNT_b4GUILZpPVN9pEroYSac6DtCJBdnB7ETS1exBSCV_bQBI3k2wzfPj2LjzvO4&key=AIzaSyCjh9aj5KcL4_aU4229--ATJhvbcTNPmUk,-3.5034362,122.4468451,ChIJJcfDIOQNmS0R5lNOjuzDJqU,Kabupaten Konawe Utara,Sulawesi Tenggara
PANTAI KEI-KEI,"Kaloloa, Kec. Samaturu, Kabupaten Kolaka, Sulawesi Tenggara, Indonesia",4.6,5,Wisata Alam,https://maps.googleapis.com/maps/api/place/photo?maxwidth=800&photoreference=AU_ZVEEalU7serYje325TKysh5Cj5DvIPKRaPGFliLXunZoz6XkhAm_Xp1UBk_6T5RxwvLi4f6Yc2tzIibcvA13gGpwp0r_7FTwT-gyGUi-K5kvPuhtUGeuG7XPABm26euKWOVW28ImyJh6FpimmfigqH-x1x3vvh0yA9SXid1ManosCinqHmOd92aqb37muFjuNFrDUdNi73GYavKV4OFgqBLNEytbqzTSTKQ6QqgxgLkdadHRrF4yr0OWrOZ7utbt859kLVmkfiqp2oIH2WATd25ctBbvae9CHAqvdlKXXak2npC4nyniB3Tu1FRfkmw__zf-iaeKMf5TRvz_NJFmlXa2vGfWlTIavACmQxUACfebOhudK0Dw55-Wtob6J0E0PulHM11O_n3glBtjxr0uxUhtIT-B9acCry46leiribZCNNfDU&key=AIzaSyCjh9aj5KcL4_aU4229--ATJhvbcTNPmUk,-3.9961765,121.3609886,ChIJZdf3RiiTly0RzNpDDiMBzcI,Kabupaten Kolaka,Sulawesi Tenggara
Pantai Tampunabale,"XQ65+WF3, Tampunabale, Kec. Pasi Kolaga, Kabupaten Muna, Sulawesi Tenggara 93674, Indonesia",4.6,5,Wisata Alam,https://maps.googleapis.com/maps/api/place/photo?maxwidth=800&photoreference=AU_ZVEH5b-b-UA6LmPVck6B6pFSBRAtqKnVVnbVvxqTqQHlNd8MmnbSFY2i_N_IP-XqkI-KVdLolJlDIgXWDT_SebwX19qaPQ5meIaRy4KiF0dCtOyxroJ8iLML81pvUoblKyBE2ddZ5rOwlo-VuOxlSVpEcHMMuQe6cOag8WjhcXeZ59Km2_gHzBUuuYvGrTVBTSYHYV7Bmwh8uUn_7nWy0PkPgoYY0kBqFT9plMiorYTGm4b_fDkLkRUfqv8QeS7J91HLLVKGPw_5z-uDV3hbcI7PaqiG46UnaNJqp3s1e_3JjL87FPAhb44hoNLy9Wr_6KX_dilW4aMZHRvlGMNFGyeefjdqpZtdtbzlzSsDZRq3HdlRqwzY_QdWMTxAhLumtW-4kKd-D5qXwNUiHW4PS_gbMnLFr84JnpPosxR_tjvoOH9VdZM6YRK2eQWeJXo34&key=AIzaSyCjh9aj5KcL4_aU4229--ATJhvbcTNPmUk,-5.0384185,122.7583786,ChIJRWmI1_rBoy0RYTVU0B3LI_4,Kabupaten Muna,Sulawesi Tenggara
Cliff One Waara,"JHFV+447, One Waara, Kec. Lakudo, Kabupaten Buton, Sulawesi Tenggara, Indonesia",4.6,5,Wisata Kota / Landmark,https://maps.googleapis.com/maps/api/place/photo?maxwidth=800&photoreference=AU_ZVEFTxtNgNvbcaap2F1a1ZnI8Bt8l2lwd2QEeWlQ2csP4ZfJQvYuyMlr5d1XNtyzoscmCafeGFJPl3GKFsmJcsnWU-o-sXT4ReFF9yiKh0ADVdbfs9vERBSnYeFY1ah2ETou_91spITpmYsV49VE2PQMprvsBbBRVOkdTc87Y1RlalPBb23eBw_nS_brw_cCLmaNerKVtv14HYioVECXJrWn7Nu9JkPwkamzuAGro_xtT1vCzeLUOKBblfWBFHLuvbJcxs9gH21_EOHw0feaAbt-EU6hssOMlRIYO7v9FFU5uvaItY2__0SsjBIAe8tmIjI16eQIXguDTrFWeeN7QCGXTI-7qNaj7hLAJL4bI4zTvCgegC0EbBBlR8ws8uHuy3gM1Af4JVrCYdgoFChPmunKLd54aAeyW7tO65NmRZrsI38k&key=AIzaSyCjh9aj5KcL4_aU4229--ATJhvbcTNPmUk,-5.377208299999999,122.5928058,ChIJgWldj1WJoy0RAxEWA62mkUg,Kabupaten Buton,Sulawesi Tenggara
Gong Perdamaian Nusantara - Mamuju,Jalan Yos Sudarso No.13,4.6,5,Wisata Kota / Landmark,https://maps.googleapis.com/maps/api/place/photo?maxwidth=800&photoreference=AU_ZVEHoeSF9QI2jy8MZ0Y8AzrAMi40qLU5GWiPVi7Q2FOXXL7An9oSsuVy7J4aLM2VobnlRsPBZZE2vz0nSBKWI-qIj5y_7FS8bloI24G__8MTI_bIDCQlkxnbp2oZ6fjcPSTQNNMtJbHLNL5e89O5m6VZExlLskepNi78IngJbtJN6t6RxgO-iigG_-glMw6-i_KwpUTmizCSXvZIpSOgwzjFzuv9E59_EgIsjiiiVKRWoq49rcb07RiVapslXKJIsuBpybWHhO1R93AAETlZhOBKMy15I7kIWXNVjkim8-0SM3_uxaRPZf-RG64H7dLaQA1U-X2PE5vE44rSgPpO4esWoSaNV7Fs1_hXbUUv95H-ctUtGQC06LhdxZVY1gJ3iZFYCngrdDjjQNDa3i6nECP2i3i8ehDvmpdLf1r0_2nTW8sELpdfuf_3gvcm4AupT-QnE2Ezbnv6tqQTyHaVy02zNihOjRCs-_rje9uhDokotjT3f9w_QEND0XiMx7MVMOEevF8Tm07LGUTobIj3opkYznlZ4qXCHoOI7iBtjDegdAzvf0AzCYaEofLv-oe-XUyYi215BfUqQJn2jvhCGvaAY7S0o4UuW3RsHN4206GTFN0kbQCoG9adw0ixe9L1uACjWGQ&key=AIzaSyCjh9aj5KcL4_aU4229--ATJhvbcTNPmUk,-2.6709099,118.8896116,ChIJM0L3flHZki0RozZgHB22YNM,Kabupaten Mamuju,Sulawesi Barat
Anjungan Pantai Kota Polewali,"H86X+9P8, Polewali, Kec. Polewali, Kabupaten Polewali Mandar, Sulawesi Barat, Indonesia",4.6,5,Wisata Alam,https://maps.googleapis.com/maps/api/place/photo?maxwidth=800&photoreference=AU_ZVEFaGAKSdOOjVLdFMSJJwt32Y0hghbEX3_iZqQ9MjYfDlyBscwbuaVYzkiGYEx_RnnVgjPYtwHmn1zM-5JEv6ee6fMZIxB_ZNu-rkdnI_-W2iJ9gIeqTvdozRGt5Zyxlgd-ti2i8-CGKOunhVwIYNXt3s3-bPChjy8htfQNGsDzWJ6ochfQOQPJaUSJIb4DJQbQZFhlwF86waYyezE-rAe0I37M1klj4i9HWCK9QYIqbLGy9fq6I0zjIIQK_zecY_Ne7yEo9t1rW1fnlGKMMfCLtGP9VWayEBbmtXE1jTYETubkXxYSUsCGrlCId1M26FhEg1-hH503lbbcDCgMhhPQDCHQVohpzUjLlnVEyBZWrS436nemEyTMiIplOOmHn_GKHCi_uAg0XqkyRk1DD7ltCHcuxhjdbJYL7wCGrw_7rfw&key=AIzaSyCjh9aj5KcL4_aU4229--ATJhvbcTNPmUk,-3.4390785,119.3493231,ChIJ1WBI7NqJlC0RAr7RBuwSOvs,Kabupaten Polewali Mandar,Sulawesi Barat
Air Terjun Didingga,"W6QV+PMR, Potanga, Kec. Tolinggula, Kabupaten Gorontalo Utara, Gorontalo 96524, Indonesia",4.6,5,Wisata Alam,https://maps.googleapis.com/maps/api/place/photo?maxwidth=800&photoreference=AU_ZVEHiGPPBii2y_QwEDJGYELYC0aWHhHobJU40DaCmeXozu4JyIR422niPjY5rO1sRQ41mydq09TyXSQJn3TnIJ4_sUspPmMgLR_fsusgiy6QSDyRR-mhY9gxTBc9JwQEyFAZK6wyX2IXYrSz33dVPuRHMzFqcCqtgbFrEFkc5wn2tGSjRifSZxvn7jGnOX0t6EwifNAsx4B4vaAgnTdM-txLiyANw8-RsGgUQXQ4pkCBvuNo3V5bUAG-oSYqZqBg0QcTub0KFfE_QJ1T-1LemOshvhiVHCAkZLuHv2DeeJ0ubKKNbOH0Q3QQBuhvHDCuLP1nSGPzb8FN0XiP8P-lTKS6QrO6H2Tl6I_UFPgRyWcF14Rd0sEG_P7djskX5c91M2La_btSdulLzP5kmFVl_zAh6tF-OtV_Gr2RUvAZ6WsWDrnCf&key=AIzaSyCjh9aj5KcL4_aU4229--ATJhvbcTNPmUk,0.9393654,122.2441458,ChIJu8ReMQCFeTIRtIdn07In98k,Kabupaten Gorontalo Utara,Gorontalo
Permainan alam bainang,"8JW3+4R, Katomporang, Kec. Duampanua, Kabupaten Pinrang, Sulawesi Selatan 91253, Indonesia",4.4,5,Wisata Kota / Landmark,https://maps.googleapis.com/maps/api/place/photo?maxwidth=800&photoreference=AU_ZVEFB0L8F36wo8tQiYrZBb5GDXilBKciI4nWB5xfUP25Ltql_MvrXrU3fHq1eR8vb8kRZd5iOAMrJ9xWcrweB5sDR-O8FTVEIU8-e1V82FNPDhUY4Pt2sVEQYFYB8SqGJ0tfVtKCAMyMOTPL9vsy18DvfdbbRTQ8bcxYpA75fDQ_yXBX7ediTs5FcgAO8_KjDeUSs1vyibBJHJcr_KCn0-0xjYGbi6hc9suEPSYo-oCq8d8sZoRmMOt-Cftp3Q0ZSW7CDZU0tlqNND3P53jvbrQOglxqL0bNDiSNvZgh1RbcXfBMtmzlc3-nRRZvBwB7o_vR7yMYJDqBtynD4l8lhusy3hLVQjeY8ofBVHwBWjokKLBW9FMtGw2-80tZ70WOSlBEDhaDyRyTkYNJ6rQV4QV3w8gTL8fij7b2Yrz8n660-2w&key=AIzaSyCjh9aj5KcL4_aU4229--ATJhvbcTNPmUk,-3.6546875,119.6045625,ChIJySjZ2-dFlC0RwxJJ_Q3M5eE,Kabupaten Pinrang,Sulawesi Selatan
Spot foto ladang jagung Bukit Jati,"JVFQ+V7, Lalabata Rilau, Kec. Lalabata, Kabupaten Soppeng, Sulawesi Selatan, Indonesia",4.4,5,Wisata Alam,https://maps.googleapis.com/maps/api/place/photo?maxwidth=800&photoreference=AU_ZVEHewp6cptTvqv9qOrV5-ZLUE5tMwzwuCJZzOEwgYb1R9eJDfudRvc3TbIn5EOCLpmA_ocDW8lhPmAaDEcO7dPLeQPWZn_zDt-4Cy2X12iX6h02qtzJgincxnemmex6C9UoM6Sg2yda6G_c5Te8VVrvbzyZWn_J_4sZ0VAGMjtpMAXlG97ISxS9_RfPxTBOzsT-mNeD3TlFDGs5CE52EttUuB9aLXiwlxlG12Xc3dNcRFkEPVnu2jHGeSRLjJoHPaBZBJFqT0gi7Z1Wx31FUca97wVMMau3NiMeXZc8_Y0a124oNrhNOz0RjC2ivQzUKwQHSY1SSA4Y_pL2tvdwHAKYz7g8yiPa-BHv-homDpQph3VpO4bkdXYJi1sQpjznzL5KbX3sl61w9Iqvj5K0PTCDLtMnTjzv4SufzFDEQNa06yg&key=AIzaSyCjh9aj5KcL4_aU4229--ATJhvbcTNPmUk,-4.3753125,119.8881875,ChIJrc9sV833lS0RBuabe956T3c,Kabupaten Soppeng,Sulawesi Selatan
Buntu Balebo,"Buntu Balebo, Kamiri, Kec. Masamba, Kabupaten Luwu Utara, Sulawesi Selatan, Indonesia",4.4,5,Wisata Alam,https://maps.googleapis.com/maps/api/place/photo?maxwidth=800&photoreference=AU_ZVEHOKNfUZDKFvNnnMseA5j35TnUtcnJIoS6id5ovj5B9NzqjyG5TfDBMBQaWYbgVlhNTR_GDDiDoHHQBx9-0zyLI5PSugTedxB30d2rseDlqoY-j1cM_E2QfxQDAZ7HMWccLfu3ccKo3XL_B2qjykNbNPizSQk9hEGqobcwxfYvlUqvhwMWQy9bnAXO-q8qAseHEQ-n8jdR58H4wsdxS0wg_SgdI6azkk8DbM9GT15N26FPFyX018arbDZkIwz5hxZNJVdqX3DYqNG7jKROQ-XYpzsJkuZJktVQfa9sR2fMJc3qc3ZX89y2FNzH9O99ZPWIZp93tko8ZezE2OWv-cF0ZE6LeX_WE_dFonzxtH4mbfPTvppqglyOrKN8mzJ-IPZqjPfg-B-pfyY1F7S5lubJXiyWU4RnNaDfZlkvOntRG0_zZ&key=AIzaSyCjh9aj5KcL4_aU4229--ATJhvbcTNPmUk,-2.5272222,120.3180556,ChIJk7WKhZKPkS0RjO5BkDhTZrk,Kabupaten Luwu Utara,Sulawesi Selatan
WISATA GOA KALO DEWATA,"24MW+3FP, Battang, Kota Palopo",4.4,5,Wisata Kota / Landmark,https://maps.googleapis.com/maps/api/place/photo?maxwidth=800&photoreference=AU_ZVEGU8vmiqs8rpygaU_8R161lWZcvt3LZY_lVIFjWFSvs8S4WWnCxSyan2q3lEtcReArp1k9AoVvAZ4Ze2pn-g7iTbfawTTseIhjqS4iFOtlp7TxFIlFT9wJTHhvxCBRE2VQKqyQvn0AM-dVNKfobFOfdlIhN-8TBeSLRk7VKzUulqH-yAyeIdOEjSux9U50WmsuRjUATKPf1tytk-ZyGUnZazzKCG7UX5ABHWGPd4xE-5cEVQ-ETAVMXWK_KW9nisii_zVfMG1Ymt-eZLmgSq6dRBwSOGUcMuxfqMdyIOx8kxnUJ8APEESl2l1EVDK_lauG-lNWru2YsdSSm9Lt0BwUmikja5qlkHNiQmj5kQS1aqNcpBN-9qXTlr0WGiVrvGXjtymg5WCvOgifceVWHlDNljqPeaFClkZpnP74AJNOjtzywXD1Sdz1La8EsJSn8a9DbyJY2TZNL6tObPFeUpaYQLn5Bd8wT1aIaO4UicHgF3PkLGcZee9pjAWme4Es8EltQxM_8Tm3Cq8bhdo2eMVRwLyelAqFe_f4Qu9YdSZTOJefJ5Oqw0jqPL1ntqgyq-wDq6_e5&key=AIzaSyCjh9aj5KcL4_aU4229--ATJhvbcTNPmUk,-2.96729,120.1461957,ChIJx4GqHmzhky0R00Vvy7DnHcM,Kota Palopo,Sulawesi Selatan
PANTAI SIDATE PAKUWERU,"5CQG+FV, Pakuweru, Kabupaten Minahasa Selatan, Sulawesi Utara, Indonesia",4.4,5,Wisata Alam,https://maps.googleapis.com/maps/api/place/photo?maxwidth=800&photoreference=AU_ZVEHBSPmbGgmGpEoCONym8vC3jyvbh2-eo79njiG1va7deKa3eZ85SZSqVme39OoPZBYq_vRJD_B-PDY_VZEHsMiNAIvbLF36-5FLvgKYT47lBnH_04IIUmMNPLvyneqouxuWEp0T9CMzCtvF_Zs5ALqAYk6ScM4PfGup27yvot6DBjCogb5m5-zcRwqBpHap2GJ7NXO2XHK0LGr6OWBU0Q5UbMG4_xF5yPcTM_YpJS61kanDtOBGM7KTVo7nMhfaowGu4Ui2pNxk6Eg2-HGTt4GI9S6ILWvo6OUsfEPvn-gJaNiZ5WTE4UGkekBGo9VZNbx5ecxtAr9qPyPfKEt7kWDof94LXT9tQ7yfk4ttBzxxXZbMlIM3ND8VQMIa-1V-Pq4CDTjHQf3zM8JdTrGkNUrGlt_uE9DHshcoS68kN7kYaa0o&key=AIzaSyCjh9aj5KcL4_aU4229--ATJhvbcTNPmUk,1.18866,124.4271354,ChIJfbHFoTv3fTIRnOgkSeWpD5Q,Kabupaten Minahasa Selatan,Sulawesi Utara
Puncak Keletambal,Kuyanga,4.4,5,Wisata Kota / Landmark,https://maps.googleapis.com/maps/api/place/photo?maxwidth=800&photoreference=AU_ZVEH1ML76l4gNc_aWaOvPqPXLgZYLX8hqpZWI9aXhZ9ho4QWCyE3yUoHyW5YCuyIn4HKrwk1G5ZmCELWHk4yT9JoC4poGp0J_g2BB45etdtPHOOV8NhKZxmGCfWLPvVvRjzRmMuxhzt63ZAVoWAoV2e1zPea-2k6QGvC9WG0dFyQYWP53asiCTL4fovB42JgrW06RV1LBhLsSaC5dt0IdmN6YttLAt2ZvUocEn6rw6oobdzKwST0MqsQlUdZe-fj_sMJ7vi8ELfCP9IZIs1nSecTDxhu5ZVcz-8UJr3_jHD5DWmWfp5UCnqNl8Oea49Bxr7JrpKo-YGdRK-Sq5mAkE1UtJATe7EUTKTmeDqVWxdVxCL7DHETMQZwo7S2uwCpoYbsJOO1IG4lvdqttK1ff8UQmy_aDkJJhLPzXhNcqrST5zQkvg6re8yoDnoYX7l-W71bPgKeqC09bQX5cUd7yvtKFWVQZLOMFfNPImj6I6G-tb6C03dUwnDo9rU2c54N73TfBRvK8D8L72EuLfrOtO4VCOqF2a572_Zjiqsdnv_vuZy-WGoC99L9Pc7ZcOxPFOW_iFauNUSxgmC-jAphMQMUfOIH0XcFV-9mwHRlICM_o2_IZgPpufrXOzrvyPW15V0hWQYZm&key=AIzaSyCjh9aj5KcL4_aU4229--ATJhvbcTNPmUk,1.0184811,124.6884157,ChIJdfDCEQBNhzIRQBPNLuQqopo,Kabupaten Konawe,Sulawesi Tenggara
Kawasan Wisata Sou Bauta,"XV7F+MR8, Kawasan Wisata, Kaleke, Kabupaten Sigi",4.4,5,Wisata Kota / Landmark,https://maps.googleapis.com/maps/api/place/photo?maxwidth=800&photoreference=AU_ZVEEMPDszbEoHNXy925oDVtkOcky1_yYeLn8Z793Ci2CICtzsLtSnKs53I1ujx7mudaT1gQAm2vuSHg4Ha_BI9ZhboEZ7fK1GeaFHN1ryZsd2HO6_HBBFUE8cCGLEQhSazom0zm3qFaLwwkg6GLdEMVFPRg7QeHBjz8nU_cswXctLUuQXXZdjanoGAZ1nzrpdxBvxT1P8sy4yHqFRtzQvO6W7jsItPbAiqwC5nyUwcKUNwR1vHLW_tawi1Cec4LXetqetGAYejbDoItEyi5m46X0OxujqA2vcdu2MqDEsLGA7ibJHoxCeQywDf1IP-cASadlRZrPnpXkoB1UmqQpNTXYVLDXhMegYCW08Eqv0Zl4L5THxa6736FIejwq5E7TUWxEUeD7GkSmM4_3oPcFW9uv5qhV-tdFZG7L_5bFUURpKkJNLxW-TzL-FsQzqUrut9Q7ORqwnVYTvxswMqxqzM_C4bRGlH0D-V1k0WLltaAF4dJLwZ_RJguaHoo-_4wYgNViPYhf0OE2k_Nnods4qiqvVv-sdsicsqUfPXElrdIV660stlBodIUmWyV_iW846_3LbJEXS&key=AIzaSyCjh9aj5KcL4_aU4229--ATJhvbcTNPmUk,-1.035837,119.874592,ChIJG0mn5zP1iy0RkqiSFZ8WitM,Kabupaten Sigi,Sulawesi Tengah
Mangrove Ambelang,"Desa, Ambelang, Tinangkung, Kabupaten Banggai Kepulauan, Sulawesi Tengah 94885, Indonesia",4.4,5,Wisata Kota / Landmark,https://maps.googleapis.com/maps/api/place/photo?maxwidth=800&photoreference=AU_ZVEFteBpCmFOKyzMCYAnZ_QBjsLBc2KlYtNYfNxvVmOA4WEU0DhFl-sN0UJgAe1nJ36j6b6VNy4J97cLUOjGVjXmXay4bqGQrZRg22yNR8rwyFc3vDaNw4LKkNxw-ZqRkFYSpvml0CAnFsnlY0enwM4F8kXA5lFCpefkX7G8mTRPV75ouHBrmk3ocBZfK1zsisSRftw2qLOh-SM3Wwqv7XR_CAyorZzrmvMJHaHU37iqfkTILtKJ9ZhJMQXLfafcc2UoxDcKd9YG6fV0ZecCHrph6XkO_2pZwudxXHh6J5rlCPN3cGObuxlLAekcu7cAMel_Zyk_jYfuz6emCNMTwebxp0cu76EzNQjkzPd7YuEJRfBCiJEUUxk8lKw_Wn20YVBLkWNA0w_p-hSxUTkCPyyQEFELjmB6eneN4NdxbCbQ&key=AIzaSyCjh9aj5KcL4_aU4229--ATJhvbcTNPmUk,-1.4009002,123.2439708,ChIJF5Mo7y-Pgy0RpHQzBU5Agvk,Kabupaten Banggai Kepulauan,Sulawesi Tengah
Air Terjun Torotuo,"924F+FVF, Torotuo, Kecamatan Rante Angin, Kabupaten Kolaka Utara, Sulawesi Tenggara 93956, Indonesia",4.4,5,Wisata Alam,https://maps.googleapis.com/maps/api/place/photo?maxwidth=800&photoreference=AU_ZVEEtVKSwr2VevcpCZTc-eddXklLg_-KYLzOSiaOBN-I1NRwlu_Pe9sYYncKNA11lf2q1vRLnCnEtaXImLqw9FnE9UTuAXBXHGsXRtty0ASawEPczYx4bEaEblJvjgLWH-EKOXM7VwhnCagyYaeTAJrWdYJr93K6id04DMjwDLy_gBOTGC6Goy9b-lVurPsU_wZOxD38F0gkp3oZCO054JqXVYvVn3fu-we1Ee9a1AFWZxUXde7ieU8Kx3qtZE-MQG8VzeQVPwDC004GkVH-VuZCe7Aji3_plgVXsm_yxa56claJQi6df3qkgquFxwvRiz1w1Motk7YI_d6Ox_oMcSzrwXus9XlxTib-5Cr6i0WH5-qIJSkBxku2DGl1sqi5WyhhbVnWBnh-TsCyUmrxwXHTN4Q4hXNlvGbs7dzvzbGrLdA&key=AIzaSyCjh9aj5KcL4_aU4229--ATJhvbcTNPmUk,-3.6438029,121.0246839,ChIJV_bX9LoFly0RxRkd6TZJjf8,Kabupaten Kolaka Utara,Sulawesi Tenggara
Danau Moko Putih,"3QX6+72X, Lohia, Kec. Lohia, Kabupaten Muna, Sulawesi Tenggara 93658, Indonesia",4.4,5,Wisata Alam,https://maps.googleapis.com/maps/api/place/photo?maxwidth=800&photoreference=AU_ZVEEyqgCL0SHs-W2hQ70Vcg1VIShbwyBU12lcQmklWzNHQsuXPnd1t_ScTHWGHpVhL90KVh-KUudkGzVJTnIZ0HhOrUtjfis1Cd9pxGO_-IwjAd1DjrTu_ec7zujwGe7geR3YE3ejzxiOLSKYrngWzrbWxme0CvYLLxaFys1_3KbsfPVm728fagIPN2ivSweN-rDi6LtYQzseTDTOlEqZEdufiOUGtGisu23tQwnVZ4NlnJS1S0BBne3QVmR_NgduPkPArpCF6Xt0swPsbkkbW0shUq4QXXi5H7mBcTEYwaduSIhIx9pGSdTY4FDmsCy5GFOkfxtTOUIWvqIF720VmX6oLX-MELCGcSkH1Rwr-S2tXiO7-EubkmElVkS_0rXaJlGfmDqChOtgtSg0ojmcU6jVDCoyaOrRuEuxL73pgJIkcg&key=AIzaSyCjh9aj5KcL4_aU4229--ATJhvbcTNPmUk,-4.9017721,122.7600972,ChIJQ2SCG4PJoy0RkAE81fSK39I,Kabupaten Muna,Sulawesi Tenggara
Pantai Galetto,"F2RX+5W, Karama, Kabupaten Polewali Mandar",4.4,5,Wisata Alam,https://maps.googleapis.com/maps/api/place/photo?maxwidth=800&photoreference=AU_ZVEHo_gtaoANdFd6aplQMKBmEVwlWsiZK63zIM_kuRew3RS1BapfRlR1YmeyebenFZUlhKnT1H75qNajpQwjS1TI5LlYk5eCs1JldnC4PkVJvZoZKNDljrEKrTaUPHloJAOzYTtLiIQa5PEgi-W7J4LOAYPLxqONUu30lMmLEgN4GEX6P2OqewF3TMOKafwqMDfjAPkMcICe3v0qMgRg1h8yLOpSQcBOubETL4bkZX9bSa6jdbILyhg6hga7V5OMw2o7MemJCcAJtwl1bVLy4BX-lPTmjE5Fe7o9SxM1smUowwaCLaqFZF-S6yscHKSXvvil4GKGLRr2kYeA2MCiNDq8N49WBdpZyC8qcJ1nPtRfu3_XyCHeVpMGFEuDF7-jphOwCd6FWGQFC8rZgduoVN23CFAoz2e7O4jqQtrMmoj0sYfmd5p5YylRunBzWR78WIoo8Jefq3EG0X_RIntfjXYzTc-79Tc09rL2j7nGCReFNzlExlVb9nZIssVsiRVaWlc9z96jDNUSndP8oJIBJ3dzuZJTPzj4tluf0QFBbcrOGNSk-FZCaS-dYVdLBgeRIWTwi9Ov_sPlbjZPD3EocaPuH1aM&key=AIzaSyCjh9aj5KcL4_aU4229--ATJhvbcTNPmUk,-3.509523,119.04977,ChIJW4EtBACVlC0RkvC1fz398fE,Kabupaten Polewali Mandar,Sulawesi Barat
Dermaga Padaria,"3GW9+PJ6, Ampekale, Kec. Bontoa, Kabupaten Maros, Sulawesi Selatan, Indonesia",4.2,5,Wisata Kota / Landmark,https://maps.googleapis.com/maps/api/place/photo?maxwidth=800&photoreference=AU_ZVEGIBO6KsdnkOgoa-cY5cqlZ19PjWuBwEUpobxUx80l-KmPR_1JpMQhfxOzpv0uv3NdlzoW7Mqdon_63mw-qsV_qibD3NbpsXrMebuSvhRhPGVNCMYHUmb6m4f3IaIivFCWcY8XVwupl_BGnV7bgaRvUYfx7ZuxleT4uWXtvMwzqfanpD-RDgn-vRMQCIXg_PaPbhgpE6z6FIbQT2eE9Ai5n_JNqugTAdOMteeTesLJSAaQvtpAYqzfwAbPcofcU1zcPtKL7h5fYFVEHegbPlENn9kkgUZqod--tGmFds0HKkcK3RhxIMY9heOebIenyWbiNBqYDXxsIt2TgLpaWZNTi9xqvhuUnw7ynEMIICbqgR_pQOMO-KDyhldTkjjXthlDk479khYqybGjVc9zU1Dbm34LWEu4oh4iCZ3X2YibPIPU&key=AIzaSyCjh9aj5KcL4_aU4229--ATJhvbcTNPmUk,-4.9032085,119.5190198,ChIJFZ6KqVxRvi0RTsYMfZRP8kE,Kabupaten Maros,Sulawesi Selatan
Moncong Peda,"Moncong Peda, Bontokadatto, Kec. Polombangkeng Sel., Kabupaten Takalar, Sulawesi Selatan, Indonesia",4.2,5,Wisata Alam,https://maps.googleapis.com/maps/api/place/photo?maxwidth=800&photoreference=AU_ZVEEYEC8BdFQ23mObtUDXydUHZF1vHHJSmxJndP2GeijiEWyZQDU5txnkMSYlk91DEEQVlyHiOCo3KFnrkx6YJWelv0ncIInEZsG51hao8RxADRBgB8m15jodmSV4Lfo658D_LbgY-qQYJIXiXa8oNuJnTO9e_MkffTGLBTCQ8iTaPKg23nASZBSjlfnJ2hXNIBJuzQqyP_KbmPB8f713b-ZrtjFk4kts3_8a4F0YfltitAkHZwCgUl5cZdaONoec0DdNRQ6TL9SWsHkl42Kri3JLs6l4h3PonE_m8UutuAafR2q-kyDn-U0JPBD6xCcPfYgedVG8ldGVK12ePT7CwFONUf9eEhikuIB26AQKu5SDEQucnziwA0uidyQZZWcs41-p82pUWJaBsLEyIal8GAiznDzQEr9SHDKRcgDSuKQPxwU&key=AIzaSyCjh9aj5KcL4_aU4229--ATJhvbcTNPmUk,-5.466666699999999,119.4955556,ChIJf4iAKCTXvi0R-mmoSfTS92o,Kabupaten Takalar,Sulawesi Selatan
Puncak lurayya,"Unnamed Road, M2C5+WJM, Kindang, Kec. Kindang, Kabupaten Bulukumba, Sulawesi Selatan 92662, Indonesia",4.2,5,Wisata Kota / Landmark,https://maps.googleapis.com/maps/api/place/photo?maxwidth=800&photoreference=AU_ZVEF7VyMbdzFnWP3I8YjyjxDraAs59elePAYyKh-1npUIpvM3usXNtIFUl92fsDrs7rn8T-a_bEhPrJRTavkaKNy1JRI9qzipRC5qNVI1UsYJ76ye9SUgujS5YlODvi37v5SddElHnFO6EFvOJpkJkEtrZjtaG5kFwbHUTGmmIqnUTiGs0wB3Qn3GKdJ2nAu2WgOPvTAl90REanzwmpXZOKsYmvQMm_N4hO_peH5wjvODWxCZRK0zwg7UThiImqas5uB8bjJwEJZfU5AaSTVmtetstzeRCsli4Wu3l4bWgolng-Nv501j7f-kwKWlRWkUrSIdDk3p4sEtV8TJEknh2cg9qRFBgmTmXFqNonUnlykIHzTXUlKJd3KGQcKe096pl5kj8cTIaN-3KflS5kNkm5V0mlvHTJ_g975K4mG6tJJWHw&key=AIzaSyCjh9aj5KcL4_aU4229--ATJhvbcTNPmUk,-5.327666,120.0090595,ChIJD1dWpSyjvi0RQEnjpOZHOko,Kabupaten Bulukumba,Sulawesi Selatan
Air Terjun Salu Kata,"XRV7+QP7, Piongan, Kec. Dende' Piongan Napo, Kabupaten Toraja Utara, Sulawesi Selatan 91862, Indonesia",4.2,5,Wisata Alam,https://maps.googleapis.com/maps/api/place/photo?maxwidth=800&photoreference=AU_ZVEGXKWM_-jLD5goFfXVCL1VYXiQ9KyAXgFwyYG3BlWJ_x4XCpSWcX87UCnvw6Yf2GnzE21aATaUF4GiUP3CMWa7qNsgqqV3zA21hr9IpOTzTQJ43iWWwz5Kj08mCcz3QQG5aOPf34ZKinxBCCi0iIwq0hYStzTZi6Mbg0KVPMJmSjlVgcu2CYSrwzttniy-ORtu_bu2L_72IFq_OZgoLjgIkkQgGyN_aY0z8iFgY-56eLt-0XutrZJOkBMKeI8tLb5-S_Sh2I7gjg7iNxhaHiaWmqPwxwZJ6lqKTof5GLMdi-Qm57UG7iG0mfey2CXAC9xd6rPwyksEGyT425urOpVNt-f_9Jmw0QGmWMWR4p8_56Mf4MqQ2n1RpBa6kuJAYvlIYtdz8UtnY4pLVHhGKY7IK2jQXU71NhQnSHrkBP5B9UpKN&key=AIzaSyCjh9aj5KcL4_aU4229--ATJhvbcTNPmUk,-3.0055754,119.8142914,ChIJGURbBR_rky0RgeX5XqJVsgI,Kabupaten Toraja Utara,Sulawesi Selatan
Wisata Kapal Karam Balantang,"935J+HV7, Jl. Lure, Balantang, Malili, East Luwu Regency, South Sulawesi 92933, Indonesia",4.2,5,Wisata Budaya & Sejarah,https://maps.googleapis.com/maps/api/place/photo?maxwidth=800&photoreference=AU_ZVEGOKXPrJ7WhJ19-NN2jGsO1Oj2nGUrMQVwPS2aH-nJQH5vKzdfhJGX8DERsEYldz2pUNNY4HORk8BcjbiQPm-XUUtH3tOQxSMN4JV2JprzEovVrm6BRiCAiOq5A0ABqus-C_DN-Gn0cn_vxMtYwJgYflHOxPqsuVXUP86Ra4vEL3t7Mo2rLNvY1gB9izukesjnG0FBpARVZpEnsgfmZ1WnlCvGRfyY7B3YCxHGwBUbpzNuyFWvll3jPB1SrUnjjpWUh5yHjgIUCEbNV-1QlmWqWPG86uAlwIX4goUt9B84bawudZ4WJGmEGQ7bRwpM0nz4mVwlQu7IKJTaZNklCKZcZ5Xzu0YViszxhboEKAzdEAkYHcSIjych4J-D6YnMnZjORd-sXZ5jlMw8dFA9MWTW5QBymHBwqbmR2Eid_tRcUHw&key=AIzaSyCjh9aj5KcL4_aU4229--ATJhvbcTNPmUk,-2.64108,121.082169,ChIJ5e4if5JZkC0R_yokFhjhKmM,Kabupaten Luwu,Sulawesi Selatan
KTM Landevaso,"Jln. Trans Sulawesi, Tosale",4.2,5,Wisata Kota / Landmark,https://maps.googleapis.com/maps/api/place/photo?maxwidth=800&photoreference=AU_ZVEEJ61n7-YJmvAL_JHRZLcGaUBiCt0C2YkHFAJH9tzUbgnr57ceH0dG_4l1jNYyYtZM1TpTVB4G-ymP50-jcHEF1ORxDKfZsQYYaxPW8J3p-NGEh2PkUp6SHTEDnr7rbDbav5uUjGb9kbPJ71s7kKQomwI6-dWnp-Nv4tNJWWCoptAFPtpblB7CSvgQAPoCE9eDZ9bsWveNKNVpmqcySafc6dN-okXYDfYy027_6bsk_YAsunSPdg7t-ZNA6AgKihWJeoVp0vGz_ptU5ukvIv8WEwvy93rx7P25EvU2FsZUVndcH_pkmTqEFOlq7R9TKcuOjxlGkbvU&key=AIzaSyCjh9aj5KcL4_aU4229--ATJhvbcTNPmUk,-0.7690387000000001,119.6806668,ChIJrQaTPF29iy0RwNU27SB23a4,Kabupaten Wakatobi,Sulawesi Tenggara
"Pantai Bolinaso, Desa Pelawa Baru","7439+FFM, Jl. Trans Sulawesi, Pelawa, Kec. Parigi Tengah, Kabupaten Parigi Moutong, Sulawesi Tengah, Indonesia",4.2,5,Wisata Alam,https://maps.googleapis.com/maps/api/place/photo?maxwidth=800&photoreference=AU_ZVEFPjq9-UwqQtldLWapJN5d7gHZkPyzzLCuElXIMbNNb__Zy1WUUL2h64HcGThllG3KZZbubkoi6_OcTEpEW3cTrPIZHURqn41GVp2Hz5ptOs2Z7aRqkpXjb9rOFRWgqf7bxo3nYKk10IZua2LoBDlsSFhAyyKWeqHwsVX9fyuBzsluO5mcZp4PY_S09SYCKWjqBXy-w6F_IbEgyRRO3MZjOfZjoUL73ecu06RyLxl5UEEcEI5WdsjLW6Wimw4UoE5OEwIMYFufSQ2PqI7Rxr97zsVvjk1PO5Veih4uV-PO9yJVmrm115zJrgY3kzuUYwOVX8MrlGWmqRghq1P5ktj_Of8aP0OzggELu2RvR3UYp3lVbXGzRmotHtUNDTTmL7ZvGKNxjQw6wNRszeInOCA83yFYX6PtEz_BOlsYChS1s9s4h&key=AIzaSyCjh9aj5KcL4_aU4229--ATJhvbcTNPmUk,-0.7462891,120.1186766,ChIJV7PHQTjfiy0RokVmLDPdTUA,Kabupaten Parigi Moutong,Sulawesi Tengah
Hutan Pinus Lantongke,"8W8Q+RF5, Ululere, Kec. Bungku Timur, Kabupaten Morowali, Sulawesi Tengah 94973, Indonesia",4.2,5,Wisata Alam,https://maps.googleapis.com/maps/api/place/photo?maxwidth=800&photoreference=AU_ZVEF1ODzi_6UoXdYAViPbLSEPpbO2sQYNDEj5zSCrivsCBIUBzS4hcBGoIJUrm2erCFrPrAAb0uOj336M-hESPM1-9lt7ZPF8xyuFvnhtqqKAZfG0Q3EkrR1XM-nA4LlNMNYXGp1nLW1tzBh6PHS1hI58SzXkeKvSbuMBIHrSxtG51OjA3ysuAGJYzGFdv7YJxBBB15eQywQmgoJEsNGFNNaN0esgbInTqImyVN8rw2dL0Iraf4YjKytUimngbF4n4gOLmONjk5vrvxYZG5f_gYBcDc327wiIaypAKLKJjfCqJUehPUCCOlyKw_QqpEtpnBD3iBM0QveKZ82UEyRxaAUD8ma1hU4wLivrfMFbNMWVPa_Osu0kXq_ssNgle5i7MzdQRklpeAan41J4PlTPE5DiWqTsXpv_Efo3zi-0TEs&key=AIzaSyCjh9aj5KcL4_aU4229--ATJhvbcTNPmUk,-2.6829942,121.9387478,ChIJMftu-PZhmi0Rp3IzA231r9A,Kabupaten Morowali,Sulawesi Tengah
DANAU HITAM,"QQ96+96, Ulusena Jaya, Kec. Kolono, Kabupaten Konawe Selatan, Sulawesi Tenggara, Indonesia",4.2,5,Wisata Alam,https://maps.googleapis.com/maps/api/place/photo?maxwidth=800&photoreference=AU_ZVEGY_Vfh2jHMs0iV1NfUoIZZy9fuFFToz4KREfcq9UbabFJcQDnFto66wZSArwgzVxrCnSQ5F85phyYqU4TkhdsjA2HL_T88W4F7lzDDh80zvTji7ztDKTymcsRHd7WSYtj1ESSvLhg0F3mYfwZxM5D7DTh0EWU36tTbsGJya4yKdu5nrVz15INeOaKD7CZbuBYuLorSvrJa_XEE348WlEDPgmeTEMLBN1f-rNnvZ3ptDJmb3-JENcaN4mqi5JL0BdUDtpY-exlMfW6tyTEu59Q4Cq9PzaYbjxKwzpBTc7DdcyZPV1PHF8Lf2SXpKud7WGyY7GBIZUVs8lRktVzsk3Vre0H6Y0DqL0NzcayplYj9Ljm1DL6it05CVojviy3el5c8Og3vogm_HK-7JXw3n2k41K20DjA89m7a9jwlP_eoJA&key=AIzaSyCjh9aj5KcL4_aU4229--ATJhvbcTNPmUk,-4.2316093,122.7605911,ChIJ56DFHgChmC0R_GBg3hqG39k,Kabupaten Konawe Selatan,Sulawesi Tenggara
Wisata Alam Air Terjun Teppok,"92CH+776, Tanatoro, Kec. Pitu Riase, Kabupaten Sidenreng Rappang, Sulawesi Selatan 91691, Indonesia",4.0,5,Wisata Alam,https://maps.googleapis.com/maps/api/place/photo?maxwidth=800&photoreference=AU_ZVEFmJwfUYSNJrK_tKpSLnYjJRgS_h3nYP7Bt5wZ8boQOP5umaiqbZ2UIaqNseqacTBJ71vTP4kVHDerL4tIYwTi_099-UXVlFHoo_crT4oNWhmtb_Nye0suKmMzw3Mxd__l4ZaEuoSlVUADSJT-hubDTClQaplrJ3tRkRVjEa41mM_Ioh69gttULQQX0_cXBiyANaMfR0zZrAANV9kwUonfurz0E5bkC8BetEOzOzo_JTxb5TXvNOs5CoGOLLRXuFZmKGh6ZpXcJ-PqI1E3Wo4xsKY8edpdRyUt-SeaFf40yxTjy-FegGklnRZRJP6iZFOtwfyUiNiKgzRvhk56wX2H9G-m1tubIkOtf_5Isiv3Fg1WrLBQV5kaGekgmbgHq8VtgRO-YvvIeshV1XdRS1_BnhgukiyExAZyvNEkSF4o4YBMt&key=AIzaSyCjh9aj5KcL4_aU4229--ATJhvbcTNPmUk,-3.6293442,120.0281453,ChIJy93kO24llC0Rw1B3Z-LnR6Y,Kabupaten Sidenreng Rappang,Sulawesi Selatan
Floating Houses Tempe Lake,"RXCF+W5W, Siengkang",4.0,5,Wisata Alam,https://maps.googleapis.com/maps/api/place/photo?maxwidth=800&photoreference=AU_ZVEG7ybMHgQ0Lk_IhG_d-u5a0gt9lyaAj5VRqM-sfOKHaOFx0I8EXnm9L7lXlwYmDi5DNTaAbU79MzkNDnLAHc1A5lF05IwyvVNajpdudjElpFy6dOhsRv9bo9sX1mQATeHJ-KCPs4oUj324G08JHYHynuZfnzNaZJCB85rLZQhvcUxQZSkQ9CPxit_o4Z6E5thceBZkJlNdUJzAaZ8x5pjEj7aD5HXmo-SB_sbcIa4lvf3l_cE0xY_N4HNKR5Kr284qIcgnUd090OUbdrWcf4-1pPVp1wM-skO_hEIX6tmpKO4qGaJNIh6YPVtBDUkiQUCJQkLjLEn2j3yHW0bYEMrbgmFZDTlIeQdH9wMy0nkwpn8fL4CTkvsEdX040lLhxezJ2JzGcncPply1sPoYJZJZpez8lV-5a6ZXYXNAZoF6ZyDtMZBpGSX0bHqdRwVAC1ex5ir7S8-AlwSYDxo8KcKGtOL3zjFDWoR8e5EGucsZdPl9RQT8TZDw8mJrvLo8LFzKNOYmrKCo7iZOJZpA-OG0ys7KeH-tLENM78I8-0MIcPOFRejupLrl26jj-J0g7ouHARSytiTTpeMuajJhwrKMPvRZgmt-2-hMGn87ifOAAYUt_jwNn0rnxJT-0KffUL0tI9bbcrNPWhgNtXaG8HA&key=AIzaSyCjh9aj5KcL4_aU4229--ATJhvbcTNPmUk,-4.1776353,119.9729434,ChIJ__JTIADvlS0R1dzHETn_4KQ,Kota Makassar,Sulawesi Selatan
air terjun taddolli,"Bar., V334+9G3, Turungan Baji, Kec. Sinjai Bar., Kabupaten Sinjai, Sulawesi Selatan 92653, Indonesia",4.0,5,Wisata Alam,https://maps.googleapis.com/maps/api/place/photo?maxwidth=800&photoreference=AU_ZVEEuKG1HI4D23IYAE8QGnXtuGcnthJjz7v4exacwV7zY2_a4lxnsV6DORY32-4zKtw6rAzQhRxskVu6a8uY-uvK-VnR01Oq8dgmeMnpxE9n5-PXoqy1fTiNft3kpXAHG_7MIM2X3-d1h_Nd40azAZxTqYMAoGrmywlO27MeWmpTBCb06dfqACue6vbaQ0D7CUuEi-msSkAaaymhNqgsge3l4q4uTQ9KctVDH0tItZwL6uad-cspJDy2RS5IfLs02M4fyGG1Jg-_Z-lXU0KGIp3C8MaxXKB1YL0hKdpvIo0TlymRcueG2yxzXpYJVlgjJaT7NOoT-CvnxhjSFVTy4m15ovu_L2Kt6Wxj-PcVLoBnVWRsqlGe0iZ5fUD3q3XLaj4A7bsZf87wDp7UYWyAvV_OAcjJHAA7u3oKfYWPUEkt2ZWME&key=AIzaSyCjh9aj5KcL4_aU4229--ATJhvbcTNPmUk,-5.1466075,120.0563078,ChIJc8XmCnibvi0Rffz8UTZhj5k,Kabupaten Sinjai,Sulawesi Selatan
Buttu Lanjanan,"FQ34+VPJ, Karueng",4.0,5,Wisata Kota / Landmark,https://maps.googleapis.com/maps/api/place/photo?maxwidth=800&photoreference=AU_ZVEGAcsnA3OCmy1hQb2Wj-wiHy0Q45p0kBhIkTWmcn3dUXgYqZbYMzxSeXewb_bK0cc23pK-hWMjQFUlcYMvP78G_1YMIcC5WjnwFJqI5MwNyNSeAQ1CV5CBPM4S123xfLKZjMFGq2EKbQGrPDHkHjSwEYprcGF-C0ZUmcLHQkB7zOjHb1EaLejwvyNRyJ_NAU0kyjHKjT3z-f3ge5udLsBYWWAVPn8WymMdW-MvQtE_dt7IcQryPks8pCf7c46i0UrB37ykMiOBQHSmKVbP5BgIkXLpeoWAj1LuNKpb-xcbdKorAVyxNximofqal5WGnFJVg34U4Q67X7gq54kkfQRZVMMsALgDo9bqTV_CxdcKfOevchjwppgaSjaOUttWQwa4oJb2f5zw6jm-FbBwDMMFhu64TUO5Us5wJNeCzwntZL-ql6wCn2bR8dkD7kLqAmbEsbz7_kMIZnSZCiFrC8F220UIw5I1-VAkdwQj4TvxWQ4TAv2dUwroNDvW9EF1topEiWQbHZSZkeVaIimksMu8OOEDV4bm5bC4IMvg8iUvkjtUS4Z-S93ptpFxMDZTUh1WL0HT19aYWbvhk8YMlK33_3OkRCBbI-I5Wxv-GDpA6XCrKBz5kiTHqTepbZHacp0Y-LQ&key=AIzaSyCjh9aj5KcL4_aU4229--ATJhvbcTNPmUk,-3.5452761,119.7567577,ChIJi4kYmGpBlC0R1a6kYDALuPc,Kabupaten Kepulauan Siau Tagulandang Biaro,Sulawesi Utara
Lante-lante,"Bar, Pao, Kec. Malangke Bar., Kabupaten Luwu Utara, Sulawesi Selatan, Indonesia",4.0,5,Wisata Kota / Landmark,https://maps.googleapis.com/maps/api/place/photo?maxwidth=800&photoreference=AU_ZVEGsBi3nOd0RjygefwnqqG6P5GzTmWsznbMqoo9wpiany6fSJrQCvP28ncqHOIJnLKK5SDF69wdk5PK5dMBtwKlVtZAUG9wNGRvpRfrHldJgqFDdhtspPviZcYLvYPhPwOIWWrMGRPE9FbgsKGAb6J1wy5cDtR4v2VwLqbrsMeYl0ue96SBKS25MWsdKgmrkC38kBpBs21xKDwwTt2aUubqt2ywt3_I7rEm6nYxFau7SZlFXQ_U4Goq0aIo0rPKfHtOt8juYNsc4rips3f4hoc00oCAcYi6cnVdySTWciQ6CcAmlLZFJgJUXAOcJbWDIgnq9iMtYdo2baxqaknzV2tWiDwvyosiDVGx7FQbcJ7B5Rl0WNuJCQPNwqPkiV2V7fmnzyNl5AL0eemZfn2n8ueIoullkfAR3HNiWiJVwqyiIZxI&key=AIzaSyCjh9aj5KcL4_aU4229--ATJhvbcTNPmUk,-2.8646462,120.3584902,ChIJgxkBeUJvkS0RlpFaR6QjkRk,Kabupaten Luwu Utara,Sulawesi Selatan
UD. divo sejaterah🌽,Matali,4.0,5,Wisata Kota / Landmark,https://maps.googleapis.com/maps/api/place/photo?maxwidth=800&photoreference=AU_ZVEG02dBUsKhwHNL9kBpRsUqHnYm6PLv2wDS8ZhNPDdZhxp1TWDK3ST-jQo2rp6CbVBahcDEdx-GL9InVJnwxXq3-R5bQBR9IoZvylXx-91PeLxDSH2d014u-dzz2YXppKUSNZIO6LgBV2jOYjgOgAMtCk3IyJhsOGS6HEn7NJZGvSjQ19fqLOaQBKRuflxVYY0Ysrg9nPAgIRikTMVoYwslzD8rMNoArrk1sRz2qVS0-j2y4ewL4f0T5Ca0vDIbveZobfwzV72qPxCiqe1WW6BnNWgjWzxI_gqTznnpFyfAz_uEkACN_jaR4C34mpVyGqTWZheq2PCg&key=AIzaSyCjh9aj5KcL4_aU4229--ATJhvbcTNPmUk,0.7228338,124.3158643,ChIJe_65uPE9fjIRF-OEbvUkPdM,Kabupaten Tana Toraja,Sulawesi Selatan
Pantai Ria Kolongan Beha,"JCPG+7WX, Kolongan Beha, Kabupaten Kepulauan Sangihe",4.0,5,Wisata Alam,https://maps.googleapis.com/maps/api/place/photo?maxwidth=800&photoreference=AU_ZVEGMIpeF3UyjgI8s5BsYpemrCZq4ikYZ1luz8LYICV5QTOjhrerZLIdbeapZFmIuAo3P42gAUkr6zt9lDfniIV54gQoQHaWhoByjHMle0jz6JzckxS_aSSq8ZIOU_SNYNxdP1yIXo9aPxPhehth7wVrXKutTA8i6zbfxlhVqqKLF0_5cIO9xxET2L_fJ-xC-enm3MUnK77N-9-btZbwcGACSTHGWd-eV9FSAvDNxVigOWd7sNzkK5VmWbPaPOH_SQShGQvRnLXLT2lNGbN5aSTzjrRLMWTBIt6YCoidwa39aeNJavJoGKtuHK7EUhOXPdALxKU4H-xoMdoAgz4CiIow6_nwBhx_GT328UdD9LqTbZkKFXnjK7mr9I1Ps8tkF42cN9olou-PQpvrsZeVcDRTUfaHcHkywheS6vYPFO7R4It7eietyA0SxW6Wp-8ayFDcV4Z-U-2_xAvbeQNWZqFhvkxe4us3yFt2wEJ2LKSGtDQ4jak5ao8h4bzGqe_B8AHOqMHLliKKctY2kXY-0GnSGUNuFnN-goi1mij3z5ds-M0ZnXjexrC79An6zJuvj0tU5IDQU&key=AIzaSyCjh9aj5KcL4_aU4229--ATJhvbcTNPmUk,3.6357391,125.4273472,ChIJn03_L9YJizIRGjMW6beSCC8,Kabupaten Kepulauan Sangihe,Sulawesi Utara
Wisata alam panapa,"Unnamed Road, R6V2+P7P, Wawopada, Kec. Lembo, Kabupaten Morowali Utara, Sulawesi Tengah 94966, Indonesia",4.0,5,Wisata Kota / Landmark,https://maps.googleapis.com/maps/api/place/photo?maxwidth=800&photoreference=AU_ZVEEEXaCUnHG02AKOV54qK8TOaTZtZFWKnW4MgXORETyG9cvnhTDt4dsA3rGvHhRw4P2OKZSeslNl9GKlQ6eTljkC1A2OwDpJrYOowBoNt7S7C4_6tlkkby6BMIV8WThcOwr5sv_EOW0lySOEOTILQ-XkgvmTFDRuBz8okxNfRCu0Ow7VtICca-W0iHXcb-sgwWOOuyVumMhLS5MxuSt87TTqOjlIplxKciwI575VRbLOh6MXPJMYi9P4RGWza5a3mVn_2EryUty7vYQG1kt7gbkiVl95W552kJr51J2C1NRG3Y2r4pNVa4uc80FGAj4-FVbgqnBHm4KH5SCwAdoGk9-Jd-7Po_MpUvm8GOGwO2YK7eDPQSkla1FjeKd3ddvG-kwLzGYILROLD2FMMWYhnQYmC3k8vkwO3tlZ-iNWmYWQqA&key=AIzaSyCjh9aj5KcL4_aU4229--ATJhvbcTNPmUk,-2.1556711,121.2007156,ChIJM63vxJwhkC0RVSPAnd73aXo,Kabupaten Morowali Utara,Sulawesi Tengah
Pantai kasosona,"FVH7+PQV, Wagola, Kabupaten Buton",4.0,5,Wisata Alam,https://maps.googleapis.com/maps/api/place/photo?maxwidth=800&photoreference=AU_ZVEH1T5YXwfviBzpePSpZ0RRPuMoSR_LyOyC4e9zMEOOF35Z7N06Ayk9My4vfbtkADL3IplKaqB7X7zEt2eZ23PS_7QEr0xbwhVXTGz5gSy9mxOAOOQNasK-P8cbSLY7cI4kZpblkG-shHj6J8jq2EKTmGAaXl1irH-bIry13h8MvIOIIq1AptoHytYkJqZ8fLj943UZ6-UWr05TOphqowsopYKR3rrr0DRuV4jf7i2YE5QG6VsM8f9AhM-Xanj0qLbgWol9wjkuj03L2JHPSYa2cYnM-YGb2XtBHoxH3LB5wfT1a3hDHvmDLjwEOla3_LOXVeeVBrNrqyp-70QZ8gqQfrGnaDyw61bHy_EO4V4MvxgDqcf1cDqm_xVJhmodC0ycpRH9kL4uxLcRCNyS1YkeLUlu4KtdSZf3yORmRoSpRZ7jT1G8uxygr-NvX2BZ6FRI0jKqBCxTP60s4-m7V20AGyfBfZKuuhV2iTzpCDuQqWH1hVYWllRZZjU_lPOvobXMN_H76AAUXpZCUaciNVv7rn8mfbqMAdMyq13gv53QEIjg3Sh7GE2ChD3tgZsnY8S8ChrSKCV29uw&key=AIzaSyCjh9aj5KcL4_aU4229--ATJhvbcTNPmUk,-5.5206421,122.8644295,ChIJ1YnolKIPpC0RqDbTezlqGhU,Kabupaten Buton,Sulawesi Tenggara
Bukit Emot,"9G8W+P6, Karae, Kec. Siompu, Kabupaten Buton, Sulawesi Tenggara 93752, Indonesia",4.0,5,Wisata Alam,https://maps.googleapis.com/maps/api/place/photo?maxwidth=800&photoreference=AU_ZVEHooeT-alsrDeYqFI8zsit1Hdxblh4o6UkbBEsWtT8LzSVJ9OB3aGYtxFSrbftWXXopor0cUldbg5kI8JeBtpWJaSqhLLFWqGy1GSI-xA6YrSe_Z_aCXyMm1BDPetIP9quLTkChYqMWFLvJxuPWfUQiYfvSxDTCQLxQDxW5FNxcElYF_3qOfs4wQtpugzh3UhBpZeFrlDplCKeK5vPZH6X5Kie2XbRDqiDPcITVDoSZfaIdghpobvPCUmwop4q5uEWWQveLMzbJCSFSbRZmIuBkGRvtRKvV9t0O0GuJwnFmJmpinQRbXieexiduIVaJrQtgFoW-P3yzczHAL3GqaGLWh86YR_pJTcs_09GK2P4aMpbDNU1nbq1FeZD07xXcs-RCoAdfk5IwrO-m_UUyjRWvqwC2d-Yc_50qtyT8AmU&key=AIzaSyCjh9aj5KcL4_aU4229--ATJhvbcTNPmUk,-5.633151,122.545534,ChIJ8Y79eFlppC0Rrt1_kzTtxrE,Kabupaten Buton,Sulawesi Tenggara
Bukit Peca,"9534+MG5, Jl. Poros Mamuju-Mamasa, Keang, Kec. Kalukku, Kabupaten Mamuju, Sulawesi Barat 91561, Indonesia",4.0,5,Wisata Alam,https://maps.googleapis.com/maps/api/place/photo?maxwidth=800&photoreference=AU_ZVEHGEnljzsi6Vu1seg3OpdHz6DP18wbmZV2gVfXnfP82RUE6SdU3zY1W84lGpaP2OtMssUFIyhCvc4p73XqmaxXwDLZ-nMmdEicGVzzT3ByiTn0fBhcfukZPQbN-UNUdFBlVJdRDtRrwQ5Cz13pdwNvOMwwJj0ttlybbWbTcbdyU2EklatVbIvGCNm_a9X3_1ixYEXPx8xO_z8Tlwc-993gDgKCFYhJDsXW2_rV0fcFDFXwuGH_fust7L-mb18zxLvO8w6mPwK2fDeP6cy4-_V7RsP84ZBwA8A5hXwANW9bVRzwWxy1Gs64IUEo62nBj-yrH3ZsctL-WRhNwZz3XrzSjhGEPslU69ZqETyvooVMu6BE4Xb4d6wQJZu2OseA7xYZQSl0zooD74rcdPd_TRop-0ANbKScbJWU8P5-AtSc6lg&key=AIzaSyCjh9aj5KcL4_aU4229--ATJhvbcTNPmUk,-2.6458605,119.1563585,ChIJYxH-Iw_jki0RKxFZgDRBa5I,Kabupaten Mamuju,Sulawesi Barat
Pantai Gudang Arang,"VW59+M9F, Jl. Gudang Arang, Dambalo, Kec. Kwandang, Kabupaten Gorontalo Utara, Gorontalo, Indonesia",4.0,5,Wisata Alam,https://maps.googleapis.com/maps/api/place/photo?maxwidth=800&photoreference=AU_ZVEFP7iLVUT1ZbaTKylIZ2EW8PvVTQtTbUUNRVSHLCHXbG5sTt27VbqB-0QPedBMnwKxefAS5nvvXVOZVuF3ME6iMZxKtLQUyf1fbWIUBpqIoYjwfU4j14i6EMcVtVchFkqGPnJOVq07yfq5_d9QJJBU2TNgTEZs6g9knjY6lEDj2Iv_9o6BmWiACTGmfSbkkSHWaGb11bPCqZf8VvBxoWQs_5gn_ygM0Pwxr8--_l8IFO6OjDzqiUSJzM-A7YXr2JzH9dP2xWyIBY9HO_gKeuea4qAly2iuySMURNdZcIVD-rbokRr6SL9_53H4AncayDaJcgmcoUP2oCO8EYCG1UOBtnH7q5M82TOeB1Gio4yBVXpotJoH4cXkUYopJiI9bMaE-mQkQKCf-M-gl_x9pndqoiusj5bUAkRHsE3ywKygWCPg&key=AIzaSyCjh9aj5KcL4_aU4229--ATJhvbcTNPmUk,0.859185,122.9184357,ChIJbyK3VL1PeTIRmPCtqULfFDM,Kabupaten Gorontalo Utara,Gorontalo
Gunung bacukiki,"WMR9+9Q, WT. Bacukiki, Kec. Bacukiki, Kota Parepare, Sulawesi Selatan 91121, Indonesia",3.8,5,Wisata Alam,https://maps.googleapis.com/maps/api/place/photo?maxwidth=800&photoreference=AU_ZVEFprwg7MMtI3c-gsQX5PDdrkNQ98mjowiAc_JtXvPzmtHztRtQSvWPo1M6PbYqj9zix9FVyYniEOsidl3HxPPBJtmXe2mjO2iYEdMxw_2R2UanMXlXXlhnGN2lvYI8EErAVyv-e17CtVsHB_O9tehS-xSE0MXlhr7igqYKyBxGm5HyYrfH4oALPbQQEiBuL8xVLju6b9R6SmrYZMHkDh_qW_bY2TFN5G1UkeNMa2ikXNfj8pc9Y_YHzAVukNPaGMWHxD5FGoWT0XrRWQ_PuDn6_sIKpqDUpA3G3u4DjXzaBj7f3eACAGE171krn2FZWiGAUOxaRFQh38J22jgglyH2UVzzlfT3gdVtfMBSAZJJwNNHwY_2bd5h8akWI6j9Sn_0cxZXIKNSJeCuobGbFNVUlAg883XdNM7nKSgbdoZ7CmQ&key=AIzaSyCjh9aj5KcL4_aU4229--ATJhvbcTNPmUk,-4.0591183,119.6694243,ChIJAWVKF3K9lS0RhTWjveEdSfI,Kota Parepare,Sulawesi Selatan
Bukit Tongke Tongke ( Camping),"R7V7+M44 Tim, Tongke-Tongke, Kec. Sinjai Tim., Kabupaten Sinjai, Sulawesi Selatan, Indonesia",3.8,5,Wisata Alam,https://maps.googleapis.com/maps/api/place/photo?maxwidth=800&photoreference=AU_ZVEEGSwnrDspw746iPJrKv9ZWkQ0BVFEXFFqgoYXo3tZ9F6vpkoPBPuGBcotmmwCI1-e_GFLHHBl2I_k7UdpbbFzU6M5IsohomcQHUrQCiYU7wpoYjc8ax8oxXI25vm0HS7OV-RX05gTTT8p6add4kPA-6zPfLMk5Q9gN7Japrg8vgootbIvOjy-40GuO_kGsR8O8h0YN-dRE3hgsQTZF_XmaeOes-KLNDw0vqqhKe643ossyJ9z8MUpaN2S2Kst95mdBc2gJGQR2N-ke_Im5n4ilJEQ-AheBAQR7bZw32nUPR6GI1kXuwt6thTySWQdPxnosbYdgFmVrRkQABMWNLi8zLfcIlVyWjSTqm1jlgp9kRGDgHsrB9DBQvrfVVgyEiQxvM_0rRbK3EomFQs1t0Hs8LG5SeddwsGV4DYDDrg29Y0gC&key=AIzaSyCjh9aj5KcL4_aU4229--ATJhvbcTNPmUk,-5.1558524,120.2628158,ChIJ29vuifMlvC0RPUTJAmXvzUw,Kabupaten Sinjai,Sulawesi Selatan
Air Terjun Regesan Tinoor,"9RHJ+76J, Tinoor Satu, Kec. Tomohon Utara, Kota Tomohon, Sulawesi Utara, Indonesia",3.8,5,Wisata Alam,https://maps.googleapis.com/maps/api/place/photo?maxwidth=800&photoreference=AU_ZVEGNYYDvJsrkYgoNxRem96isYGi_UKzqwPHwSeC33Tsn0vOTzlhZ0UrXggRafdDJvpo8l9dhHzZ0vzSD80hIEupdkMHVLjCK4EjwBZ1mT1wSHT0gHpSTVNG6Z1RD3iDjK_7moRhd3vlCIIi5ox65Uzu2dzQDa1qkiqiZvbMQODm_rvSAqyiztT6w6czEU3aw_MxtcjHsWxJBrD6J-_ieI-w16oYSWoNhCd2qw8pAiZprXjfd4_QaOaofu5aM3u2sasvBgzyJNIQPCDA2nhGwaMpqjK3PQNmNlx9YxvQtlUTuB7PHPwsSdNTuC5SJYiyoeQELHolgUchXB5kDjUZFfKd3pHEdLvqvlpsf2vtHk1rRjQmCpYjpL6XH0RLkXKKIc_zECKysYIs35dZIjS9U7zfj8xatG3idEMEX2fVf3V4ceDXhy5zLZ8ljL52QHQ&key=AIzaSyCjh9aj5KcL4_aU4229--ATJhvbcTNPmUk,1.3782114,124.831298,ChIJKZvuEQBzhzIR3_O_dvck6A8,Kota Tomohon,Sulawesi Utara
GPDI Bukit Zaitun Hesang,"CGX6+GF2, Hesang, Tamako, Kabupaten Kepulauan Sangihe, Sulawesi Utara, Indonesia",3.8,5,Wisata Alam,https://maps.googleapis.com/maps/api/place/photo?maxwidth=800&photoreference=AU_ZVEHxBYhlTs-lj4GYQJMawI-xVWoH-5PqJs3r6HwZkztNgUh2HZVl_v0vy6Xu3rjk8b6Rcr1WIdRyTVIuXDus4n1OsPG9vHRWdV7Qlrh7Z_gg283ASIiRcAIIAwj9uee3H6cL4aHHEFa1ToZMz3qYgE4o0-DzPjKjMhxKLlvs8PsNH98e1zZRDhIe35cmugiZvrTQs1A_OeD1NoScFlL5-YR0seZrqten9q4EAYZ9ndHRX6YNUJu48rt74Qbj171_wF284cyG_aApd_2CuG6ctGBd5eDoQR2jNLXxvfdVKMXCarIyyyhHoj9twJD9WahIuSCGgEWNyKafPhLHJ59aun2sut8JCfuzywMaqTemreCt8vZNMRspYgxSPP1GWwv_JUbLJWbCdvpnTa2RRJPVQA425uJAQ9ZMvOoBRSIDNi-TTTbz&key=AIzaSyCjh9aj5KcL4_aU4229--ATJhvbcTNPmUk,3.4487599,125.5111384,ChIJa-LXDTSjizIRQBam-7YmngM,Kabupaten Kepulauan Sangihe,Sulawesi Utara
Pantai paranti Tabang,"7V6X+R7P, Kabupaten Kepulauan Talaud",3.8,5,Wisata Alam,https://maps.googleapis.com/maps/api/place/photo?maxwidth=800&photoreference=AU_ZVEHilBo9R7TSoYhjkK1T8ULOv-xz9hRurYZHWMuCk2-5a1X3CD9AZDarKxq1xmxB2AR1U91rx5--FKj_1NBo8pxGpaj-5BMCNfZ25tutv2zsqYpPLYOK0hhA2nSCf5guakAYuYXAc6MUNwQA7YpXnkI-9NmetnBUcWhu4U_wqXTKdA7bD_9K-o_kZw5tCDHiO1LqlUkxP_x4cTX4DJs9LxSTHFfouBHlZ98moXoGJiWbSB02yqNTV-ByTmP3danQ8bGlkG6yMKro5RD2D4sAQUtHaLGpAM5sDwYRME28KayqHnUTdM3P0MhKQgb3C56VTNVZNWMEKaY8E_hLhE6W7YpAXjv8KF0vLgRKmdbfU6twfMGgPmL7g3nVsdfxo0n0y5NHSWRc5zv3-Q-mxRcWEUWmiGC_rx62b__AjPg7t-CO3Vvb0FUef7FnNjzEWuFHwSA6eRSG7tj23fYn6EiMJ9lXHxE8i6NoCvDYyYAX8YBVvMBIzWIIXPZmzjf2hhkVxWKijjyLIppOCkiBQi3lkBsJLdi4uA43d7IDwL4PW6-cfta4LaXHk6suHAo2cUTIMFfxPkyDtKRB1apNZ-qpA3r-hAjCsw&key=AIzaSyCjh9aj5KcL4_aU4229--ATJhvbcTNPmUk,4.2620875,126.8982031,ChIJaQ1S2DXB8jIRH8d81wtKZbc,Kabupaten Kepulauan Talaud,Sulawesi Utara
Pantai Pompole Tosale,"6MM9+JWQ, Tosale, Kec. Banawa Sel., Kabupaten Donggala, Sulawesi Tengah 94351, Indonesia",3.8,5,Wisata Alam,https://maps.googleapis.com/maps/api/place/photo?maxwidth=800&photoreference=AU_ZVEFJACp8OSt3CC5UL9ZiR650Rbw67GmreHBrTlZAhKCe2yXGoCd-kOQ4E9BgXmhF-knFPVMkcu0mrjkIibiTlqZqGZFF9-AxfnTUNPyTdqseIut1KwkH7xsTsf5gg__3o3y_gGrPpCprLX2MeUnULwsB5pBQvKNT1SxSdsYe8M5VKjaHGKWGUTvj3-RBH-3hziUWucTgKBPDj79NbP3yrbj1u1PHk6MMuZ_KE9v5SonajTPOphJ_0MMmVfyEIcoAnjiL4gBqQ5NiX-fuiH9n52SJF-BdctXV8sGgDDNN_1_UgvlUXPLDiIemUzAUgUfW_YRxx0Z58NuUMm4Bip-XzmajYungvJPisue8rkDp7KY3qMv8Ve_y00im39A5gEgBTRtROHjyMnOBATTibOWXQ8wCDl9ZImGn_rzJ3c3l1gM&key=AIzaSyCjh9aj5KcL4_aU4229--ATJhvbcTNPmUk,-0.7659157999999999,119.6698646,ChIJD1iqDEq9iy0ROX1XgTdmqQM,Kabupaten Donggala,Sulawesi Tengah
Bukit Eksis Matolele,"63RW+H4G, Matolele, Kec. Parigi Tengah, Kabupaten Parigi Moutong, Sulawesi Tengah, Indonesia",3.8,5,Wisata Alam,https://maps.googleapis.com/maps/api/place/photo?maxwidth=800&photoreference=AU_ZVEExPdkPmqDmMPXUNOBav-6EpbcfmW428X9QXS-s9sjh-0KaZEkHQFfFNyib1VORB5mkqz050X36FJkNR-q-kV3I3aBmj-w0-wjI5qaCuZCIFrHKvvDIdlYeukRJAKgmFBmj-ZBf1dCrEjUusWWn6e6Yl2jSfTj_T1wAQpTerig_CbHOcT9ga_SUL1DkxHEzSgb6SnSWPuB9oSFNGenBUntzNhVspRTqdsNswr6tIG1ZcovUJ2JnN8TCzIItYSdtrTgfg2Q1p2NCfa8xQf_Bp8tHqo3rHA7o_9iyf_bpY-2KKg3y1ryc2yeJpwRsNBNurpnnHnV9GAmJq75qhtJVmuKSNBaoyqB1Qn2XaV9oV9cKBF4L8xQU3TpH7AD0q_AMyrk85P8Oci2r0j-HyiEOhkVy--Bp2j5x0iiwmkqULcW2Thmt&key=AIzaSyCjh9aj5KcL4_aU4229--ATJhvbcTNPmUk,-0.7585611999999999,120.0953226,ChIJyanaEADfiy0RqQTBi7_7KAI,Kabupaten Parigi Moutong,Sulawesi Tengah
Tempat santai,"Unnamed Road, 8274+9QF, Kolono, Kec. Bungku Tengah, Kabupaten Morowali, Sulawesi Tengah 94973, Indonesia",3.8,5,Wisata Kota / Landmark,https://maps.googleapis.com/maps/api/place/photo?maxwidth=800&photoreference=AU_ZVEFHxjijEClfjaJjbaaR_6ilCpY9GsO31tcRtUkcVLTjBt0QT3l9n1h3nx5o_GqAgvgV7_VcFiMU838MFQ_g_nkvME_Zsc1NfYEuGLri_1FSWey1fdiouinS-i9LavrtmVd7E9SXh60j7o-EzFdZjGfu5ALbdNlAbWEel0unRJaKyPRc5sRpM6LYk-rf2inSRsOfYLQ8ZoQdCTQkXryi_75k3tEVGBiA7qwaKQkYtESTl8qafwwUGdWKyUL6EzK2QpITU8HY2SooSy1-ob3Rjxo9Hj8pIhmElui2z80_-mQXd4yS4VU-vZ0oLezDiE-JSTDcrq4PqLMitj01MNanG5k0ouqLUBrVY6_5S_Cc2VFQ_4tVeCi3_uz68hDG83CRfdC9sNh6kT9FoIEmpHuuUq2Vlc7IajC_BhEgH02XNtdh5WGp&key=AIzaSyCjh9aj5KcL4_aU4229--ATJhvbcTNPmUk,-2.68656,122.006913,ChIJ52Wj0Gpfmi0RHfaEVUQjzTc,Kabupaten Morowali,Sulawesi Tengah
Goa desa topogaro,"Tofogaro, Kec. Bungku Bar., Kabupaten Morowali, Sulawesi Tengah, Indonesia",3.8,5,Wisata Kota / Landmark,https://maps.googleapis.com/maps/api/place/photo?maxwidth=800&photoreference=AU_ZVEHHKbljITGfe6YmLCI83P5hJ73FnEcijcgJVpUs-5mzPTYLduBIKpkeD3CV9XVC_ZbIO-9SxICgKJtrw3MZM_fMAmFfBRYqXV0XRvCC2c16geQQPpDQyHqr8DSSOHFyw5zhZOvtFVVkP37P61jr4vVrc_hoKOTNVbhSbCavJCTK6FQ91gcazQbbeMnS9_nDrh0DtfROKf3U2mVF3mb6VqJqCDEXnErfpgk5cyyqaRQ4xKGXqUi7kPocUENkUsyx4PLdnUth8ZUcI-dSMV_RaqY-kobDCfqsRI6FnozlEbvp_uIOnEumwWSkcR30twas2Uitbfjf5DUfUKKf5ymslbGUpr3mXHITe0Jm1sEsVsXCcW6eIzZs_bwhHAX1_YgP1CIwfMYU5Dc65jLloa0ZFxKKVkYY0CFoTos1tp8M2Wk&key=AIzaSyCjh9aj5KcL4_aU4229--ATJhvbcTNPmUk,-2.2903049,121.7708337,ChIJnRr4CQSlmi0R6yKMXN0BtJ8,Kabupaten Morowali,Sulawesi Tengah
Tugu Lingkaran Hati Emas,"XXGR+6PV, Langara Laut, Konawe Kepulauan",3.8,5,Wisata Kota / Landmark,https://maps.googleapis.com/maps/api/place/photo?maxwidth=800&photoreference=AU_ZVEEVeERY5GSUiRbtCqMNgpOsc81l_xdU2E-qb-57J9IbpoTzvWdwS6r-0gppC5aXWZN3tpu7O2jofePXVVXFC_WEsePLHDnQA9DqFYdZt4RQqu5rYWMeZyhVH-PqUvth5TNrHXnK9Pb6bA9VTQEmqiW8czl2QZD5hy-ozDbr2tUUCVJBrPBk7cMv-nMCZiUEcTQdAoLIDWxgYdzAOazo6EB3Qk-rNjxBOrpSBNMZ38Ip1n3s1zmO2RuYgDrDfg8OfhoDloASijnAJxSiIVAOUSZaunUlY1QPHIitpzSN85kOolX7thJps_mMe95slJAzMW3rDx1UvXZQHyg69wrJ0sBXX5YMSx123y-SMBFO2iL87Px3ehjXzXGv-onh-bteK0zDZjXkGwB_Be9qEyEBf_o7OUVdW-rlw3qIVJ8Fow1r5axR8-mnAoERdcJTQWTSTA2jEikubassNtPfS1puAxaOoeALCiEfZxU88Hi07Bw9xdEUoPPBL0PeIUXg2JdQrTSMOMqoLs9xW66IsUH7TBq2FX76PNq5mNqdqGjv7-PLiqz6k0ytuhcYQe0rdu6CwCIyhIPHlE3I__pls3sQ8KHX-n0&key=AIzaSyCjh9aj5KcL4_aU4229--ATJhvbcTNPmUk,-4.0243771,122.9917911,ChIJBaBbYgC1mC0RQ0l57J3TcmU,Kabupaten Konawe,Sulawesi Tenggara
Pantai Ilodulunga,"RR9J+H82, Tolongio, Kec. Anggrek, Kabupaten Gorontalo Utara, Gorontalo, Indonesia",3.8,5,Wisata Alam,https://maps.googleapis.com/maps/api/place/photo?maxwidth=800&photoreference=AU_ZVEF8_6qqI2Vk1fkMSh9yr8ZvzuXCIDGDWIZ3NYddjGT5c_qiYjk0ntWEYZa6voetgfO5i--Ksd53R3CLvLhPnj4kpSJapq_iFDTBEf-UfTuapXxh5Mvh1FBHcs-hBq-vSnsbp68kEkygZvAetONKP5zQMetLleyHe9OjR_1qG6cq2wc02JkzBDcj0pLyEn_zyLU2BxfIkYELjy3F1Qg_vkkODCLsMIbIa-R9sDkAqVrRSOpCFe-X5XFCWGOg3jd3vzFz64fVIUJ9DmsmMcJHX4PPqt-iE7OHSoMbvTTzMQYG1sPttB1Jj6UM30U9RBzwlkuaVJWLj7oAn8FztvvOW6_iBzzPhDWI9STJuTyDY_oCeD0FyG7e1g343-0HUONeJRM4fc6xnfeaCsp0TS_b_AlCWv769Q02gfyX-XBrP1J_j26L&key=AIzaSyCjh9aj5KcL4_aU4229--ATJhvbcTNPmUk,0.8188867,122.8307748,ChIJX6aDJSRHeTIRs4m59jmq3jI,Kabupaten Gorontalo Utara,Gorontalo
Wisata Paccumikang,"HW99+4WG, Paccumikang Desa, Jenetallasa, Kabupaten Jeneponto",3.6,5,Wisata Kota / Landmark,https://maps.googleapis.com/maps/api/place/photo?maxwidth=800&photoreference=AU_ZVEFYTd75LyvIVtxX6AWklLc7gvNM_5gne_MHmU90OgaRMtQVGdXd9Je-OLOv1GkuneZONcYOtzIXcmfkmwmdqDL3cUMnIUkX7gvk4unmI6rJ_3BVHXU4Fyeh6q4ORVNdzUT4JIVt8YUYkBSQrCrEUuAi8kr6dtU6y_AzECb7OTDWhJHoHtacQxEu_WVx33vP6u1WENmTCHuc_M7Kao0T-uPgojDFg45cKf6PxnWWGs_-dB1K5tT84F4Rk9CTJsQKGSRFqUtkXA8210oXWIqfl5KDWw3zw8mX7HizjL4jF4cm7iwJVOvSI-Uzlj0zQnlQ8GcfE_P7WaFzE-RtaOMKjVLxjXMHPIdzCQve7tYi4z4pwg6hAu3cMO9t1TCsAIKOFoiudslyBmA2ohezxKwxmHnrGp2-Avw1CDfiy4OXImPIZ6uFW8pFdRxPA_n746AUa7a1_rn9istJiFXML88JymW72oipqreUc92zjmolSz4g7RJR-jxnd9u3AmbEudYvVXs6XH04wT_0d-Zy7iViO_Xds-3Xz_66NhzqF3-LBZUG8ks5ChN5P70LQ-7gFzK1Xa25-eMT&key=AIzaSyCjh9aj5KcL4_aU4229--ATJhvbcTNPmUk,-5.432176699999999,119.91982,ChIJU0mBSkyxvi0RIyXEjY30W6k,Kabupaten Jeneponto,Sulawesi Selatan
Air Terjun Galung Paleng,"GVC3+6MP, Pallantikang, Kec. Rumbia, Kabupaten Jeneponto, Sulawesi Selatan 92371, Indonesia",3.6,5,Wisata Alam,https://maps.googleapis.com/maps/api/place/photo?maxwidth=800&photoreference=AU_ZVEHjvLrJHUVGiHlTL3EjuwRuNESD-N7CpTiIxY6uefSwGD3HXpXuy3_tmOluPpqTha92mu0UlAcdEyqjdu0JaIXItSQn6i5fOgW2Dns_x-5VSvE8hvwIqowiWDocLljbLTHLBd-URPlJkEN0Osae-AYeEJ7CARVkw-pgwqh3zVtJX38ygwCaZsanLFTfSBu5nzUeXJf7EqdZvBnCAgPyw3jdOIUHK4lCNBdBwbjVQMdWnt3zlonDXsK5FXVn9tJjEj6cgT9iaIZrWEvddac6kldHK4xQtUg-8b1t2NjmYOfFipHQLaKw5hcsO7PHXLhR8_xxY8msVY366jmCwaO33IN8IIL7RsVkrX0cM7zz9yhPoVeot7XKYkGxw-S-2m7OAgN7hg1cZwLa8ZH0H7p6ftqV65e4nZ7Bwq_NNOtSr9q0XF8f&key=AIzaSyCjh9aj5KcL4_aU4229--ATJhvbcTNPmUk,-5.479388399999999,119.8554228,ChIJ07stpFK3vi0Rtqa6Ce9u-vQ,Kabupaten Jeneponto,Sulawesi Selatan
Air terjun salubi,"VVV7+Q6G, Jono, Kec. Dolo Sel., Kabupaten Sigi, Sulawesi Tengah, Indonesia",3.4,5,Wisata Alam,https://maps.googleapis.com/maps/api/place/photo?maxwidth=800&photoreference=AU_ZVEGsT7z2nWwdZNnhD-NL-eg8XG3l30cSuO4vhTy8z7ajZIi3OVjsI7qh1mFV6F67dQknCqpeK6r3W_WTmYFMs7mzLpcb03fgXDNWf7ETLFyP14Pieul9lkoYx0HRN8_dFpMAHMktSmB12axTuG5OuUaW_bb0zAVXONfF_4uMiSsACMiOdqxZjnbCmvsKlrBmJHHEobX7ojjokCNvVGeqwK9AWWvHt2PMLfa54KLjoiE53JKPoCJp40zInj4hwbawEr-w2z4CEM0vvKeKxR_0sPcnndi2SjHFkaZjsEnCQVQw5s7XR_ylpkxrE_L_24Er9i0aKBReA6Zt9zIaHwZHpsUAJRMrlKTGPxUAA1XxL9UdCl2vDQ17HlvvPiX2mTh8MDwV_jRgsZXk4jmpHhHqk2vjEbKI9gOYD-1s5YwMPmRr9FBo&key=AIzaSyCjh9aj5KcL4_aU4229--ATJhvbcTNPmUk,-1.105554,119.8630654,ChIJTcqFh6ALjC0RP-nR4tsyHAA,Kabupaten Sigi,Sulawesi Tengah
Air terjun penonoan,"PC25+46C, Leling Bar., Kec. Tommo, Kabupaten Mamuju, Sulawesi Barat, Indonesia",3.4,5,Wisata Alam,https://maps.googleapis.com/maps/api/place/photo?maxwidth=800&photoreference=AU_ZVEFmlAYFJ8aVvhx5m7R5y_U7PBLrSE9e_IDGgp4KxhaRZfXOxw5AKh8YMgc2KsW8Amkb5G_KacS34n6-M417q2GNE3NGHN8NvEvMrNSwKiUYFpn7DhhNu6rMI60I1-zFsHfzBYLRb-6tQWAF3I2oBQaRxnpqqVRbhNlsJfAVhJEq2pLdzZWObOV8fGigrFqayq4bAErXFVHbGsAF1awxZVMENe0vb8a-gKJ5r6K1NK8QjZmpoY2fLoQ6O1gCuRWazoB5bkwru3WHtsXbWmYmqaXT3MJElmw5W8-q8FJonl8chNiVBrlB5uATGTt0gTmBZW1hUMo3coV4md11CqJJbA-_LNq5bpXyLKOgh-ngyIN8x2PIFCuYRUDWYw_N6C0Zx2Ib9QmJ51QmpHrzxmtrWC0YJ8o5OCvdCDd1ib1cT2PQyzkFuLuFZ-9OJznRmQ&key=AIzaSyCjh9aj5KcL4_aU4229--ATJhvbcTNPmUk,-2.2996867,119.4080117,ChIJM-XFZwCJki0RFEcZ0owlQp0,Kabupaten Mamuju,Sulawesi Barat
Buttu Lamba,"Buttu Lamba, Bunga-Bunga, Kec. Matakali, Kabupaten Polewali Mandar, Sulawesi Barat, Indonesia",3.4,5,Wisata Alam,https://maps.googleapis.com/maps/api/place/photo?maxwidth=800&photoreference=AU_ZVEFQXM8Xh9kov2hW5-hFAVJd6334W7up4vK-vztydvoq13KFRH90V1Jzo77WO6UT88QYrlNih5LIZEvL8FRM4VL8rPjGyIjS9_JWSUDV1WbLythKNdE_1tDh8ah0MH0ykiYaOanNfpGAVa1YSuYgD9GtY1i4O0oeO-o4AH7LtP_sdjI_GnRP9bdG9fSe7J-Ma6B9dinQ_RA6-bQk23kjJBprPPuxt3y4pzz8BwczPq1ME8VVnMK-gVrvB-m-YnCsN21eBXXLMAts1O2xhTOFpm_wzs-5_Fru02JGxbaB0WmrF4iDptrRmuZuvQqgP_xzLSjWxonyjxyciUYdPgf-1k9i6MrZTU5tyX4UfKX3kqryT67c9OnjkdR8Wl1ORVzcWoC69NXIVVi7cZeTVQtSJX9O0eWbQ3UK7oAxU65J3A4&key=AIzaSyCjh9aj5KcL4_aU4229--ATJhvbcTNPmUk,-3.3858333,119.2963889,ChIJ6ad9rL6FlC0RQkQe8LonYqg,Kabupaten Polewali Mandar,Sulawesi Barat
Pantai Tambu,"Tambu, Balaesang, Mapane Tambu, Kec. Balaesang, Kabupaten Donggala, Sulawesi Tengah 94355, Indonesia",3.2,5,Wisata Alam,https://maps.googleapis.com/maps/api/place/photo?maxwidth=800&photoreference=AU_ZVEEOLtQu0o6zftYw21RfuCQFiWNROuI211MDmkJAk_apcxBEOBk7rL154cv5YV7GGeksU0WPJD79fCsM-OZOb_3eFr8bMEPKbAy__I5Dhel8XCGpTLDRIsoLfcySaIpgQJ-h2rFV-BOyDT7uEi126yBnoMFKlUFg__GDftkSc9YyhL10rj5spcEzMZDKIWd32JoXZMHLK2UXyHrv-MA_PzvWI0ARUG5cMsD7_hL4jaKrDyGq_6x2WtVZJ7DP7OrUWzAhIUDhZVQyG2r2jkfAwHrjjyGBvO1zSKBSIhN4718JAyrslr1_2B4Q0IyEauYtIcQcnqQ_0knQa1T2iTWwRFAb_0rm7tLSN09H1pZeTVjwuC2ik7KOFBcKtME3WGsCfIsBu8ffu5pLS8VlvZVd4YUKBAWd8mosRiRaj2_HeyD-dA&key=AIzaSyCjh9aj5KcL4_aU4229--ATJhvbcTNPmUk,-0.0397885,119.8735333,ChIJA7fJCeELii0R2yoDJbm7EHo,Kabupaten Donggala,Sulawesi Tengah
Gua Jepang Tikala Kumaraka,"FRPW+FMH, Lawangirung, Kec. Wenang, Kota Manado, Sulawesi Utara, Indonesia",2.4,5,Wisata Alam,https://maps.googleapis.com/maps/api/place/photo?maxwidth=800&photoreference=AU_ZVEGbEmj86MRyvquow_sycem8zT7AX6snRkpJ9Qe0smggspudr3bGykuAJZx76WvsDbRrVjni_yS-X69Nr3lwpZUhAruLBE9cS_KoeBYOmkpoZWd9Y2bpMureXTmkVIBNKSNmkct1SxnKVyJxkYyvw_vsyavE-BC-p-O4JXFtJMQXl1WUCcj9QSo96ZCo5gqKx2mtFRoD7b1KaUceKlFYhApv0Z_qaJvvVawL7inD8CO4rdBXRNEoiSSR0bYUtY8xWe4Yky1F0tDf1NKvsfmc9kyezRynCGBjEsNP3Mzm51qNHOSpx9D8k3HIdaWXqAZ6aeZdvd6nWNeFh7g6mq6UrI50RtJgk6XrgMF7552D0RC17zCWVjbnQhDNo1-XaRd6LVnRFvCdQA4gO3nziYEmCrQHBYUL5VMC8aYcnm5Vqna0eA-H&key=AIzaSyCjh9aj5KcL4_aU4229--ATJhvbcTNPmUk,1.4861888,124.8467395,ChIJVfpzbLN1hzIRWEYg5Qz6mwY,Kota Manado,Sulawesi Utara
