place_id,nama_wisata,kabupaten,provinsi,kabupaten_gmaps,provinsi_gmaps,kab_dari_teks,alamat_gmaps,lat_gmaps,lon_gmaps,status_gmaps
ChIJAe8Dxrrivi0RkTTxeTp61F8,Losari Beach Platform,Kota Makassar,Sulawesi Selatan,Kota Makassar,Sulawesi Selatan,nan,"Maloku, Jl. Penghibur, Losari, Kec. Ujung Pandang, Kota Makassar, Sulawesi Selatan 90113",,,OK_GEO
ChIJ7zfOEbACvy0RI8-2wSg57Sg,Benteng Rotterdam,Kota Makassar,Sulawesi Selatan,Kota Makassar,Sulawesi Selatan,nan,"No.Road, Jl. Ujung Pandang, Bulo Gading, Kec. Ujung Pandang, Kota Makassar, Sulawesi Selatan 90171",,,OK_GEO
ChIJW_XJxVOLvi0RF7doOR7veJ0,Taman Nasional Bantimurung Bulusaraung,Kabupaten Maros,Sulawesi Selatan,,,,"5RXF+G9H, Bentenge, Sulawesi Selatan",,,NO_MATCH
ChIJtaw3Gkb4vi0RstXpcGWwRnw,"Pantai Tak Berombak, PTB Maros",Kabupaten Maros,Sulawesi Selatan,Kabupaten Maros,Sulawesi Selatan,nan,nan,,,OK_GEO
ChIJqT4iSqHpky0RKXyR5A7BxFk,Tongkonan Ke'te' Kesu',Kabupaten Toraja Utara,Sulawesi Selatan,Kabupaten Toraja Utara,Sulawesi Selatan,nan,"2W36+W6Q, Unnamed Road, Pantanakan Lolo, Kec. Kesu, Kabupaten Toraja Utara, Sulawesi Selatan 91834",,,OK_GEO
ChIJXeflmUcreTIRThXj-qplVcA,Menara Keagungan Limboto,Kabupaten Gorontalo,Gorontalo,Kabupaten Gorontalo,Gorontalo,nan,"Jl. Baso Bobihoe No.308, Kayubulan, Kec. Limboto, Kabupaten Gorontalo, Gorontalo 96214",,,OK_GEO
ChIJk0JLwrnivi0R-CtMG-aENT8,Taman Pakui Sayang,Kota Makassar,Sulawesi Selatan,Kota Makassar,Sulawesi Selatan,nan,"Jl. A. P. Pettarani, Masale, Kec. Panakkukang, Kota Makassar, Sulawesi Selatan 90231",,,OK_GEO
ChIJaaT-uKcCvy0RBBNAZ-7QN_Q,Masjid Raya Makassar,Kota Makassar,Sulawesi Selatan,Kota Makassar,Sulawesi Selatan,nan,"Gaddong, Jl. Masjid Raya, Bontoala, Kec. Bontoala, Kota Makassar, Sulawesi Selatan 90156",,,OK_GEO
ChIJg6bbPXPuiy0RHBVJC81ykoU,Taman Vatulemo,Kota Palu,Sulawesi Tengah,Kota Palu,Sulawesi Tengah,nan,"Lapangan Vatulomo, Jl. Balai Kota Timur Tanamodindi Mantikulore, Lolu Utara, Kec. Palu Sel., Kota Palu, Sulawesi Tengah 94111",,,OK_TEXT
ChIJEc_1KyO7lS0RHz-h0O__gDo,Monumen Cinta Sejati Habibie-Ainun,Kota Parepare,Sulawesi Selatan,Kota Parepare,Sulawesi Selatan,nan,"XJPC+XR6 Lapangan Andi Makkasau, Jl. Karaeng Burane, Mallusetasi, Ujung, Parepare, South Sulawesi 91111",,,OK_GEO
ChIJTWtCS60Cvy0RB9LEfNoFeno,Pantai Losari,Kota Makassar,Sulawesi Selatan,Kota Makassar,Sulawesi Selatan,nan,"Jl. Somba OPU No.57, Maloku, Kec. Ujung Pandang, Kota Makassar, Sulawesi Selatan 90111",,,OK_GEO
ChIJRe5FBcayvi0RjN3evEJQtvg,Tribun Pantai Seruni,Kabupaten Bantaeng,Sulawesi Selatan,Kabupaten Bantaeng,Sulawesi Selatan,nan,"Jl. Seruni, Pallantikang, Kec. Bantaeng, Kabupaten Bantaeng, Sulawesi Selatan 92411",,,OK_GEO
ChIJeaVDy0Pjvi0RmquBLs_T5Oc,Bugis Waterpark Adventure,Kota Makassar,Sulawesi Selatan,Kota Makassar,Sulawesi Selatan,nan,"Jl. Raya Baruga No.1, Antang, Kec. Manggala, Kota Makassar, Sulawesi Selatan 90562",,,OK_GEO
ChIJ4RUE5IP2lS0R7-4_zE5BVtc,Taman Kalong Watansoppeng,Kabupaten Soppeng,Sulawesi Selatan,Kabupaten Soppeng,Sulawesi Selatan,nan,"MV2P+76Q, Botto, Kec. Lalabata, Kabupaten Soppeng, Sulawesi Selatan 90811",,,OK_GEO
ChIJs8z4-u7tky0R0SmrqPRGQqA,Patung Tuhan Yesus Memberkati,Kabupaten Tana Toraja,Sulawesi Selatan,Kabupaten Tana Toraja,Sulawesi Selatan,nan,"WV38+WH5, Buntu Burake, Kec. Makale, Kabupaten Tana Toraja, Sulawesi Selatan 91817",,,OK_TEXT
ChIJidAw6lIdvy0RkBC2CayiAWE,Pantai Losari,Kota Makassar,Sulawesi Selatan,Kota Makassar,Sulawesi Selatan,nan,Sulawesi Selatan,,,OK_GEO
ChIJXdb6FGp1hzIRj_DDslIOGQI,Tugu Zero Point,Kota Manado,Sulawesi Utara,Kota Manado,Sulawesi Utara,nan,"FRRQ+7MJ, Jl. Jendral Sudirman, Pinaesaan, Kec. Wenang, Kota Manado, Sulawesi Utara",,,OK_GEO
ChIJleApO8v3vi0R8xU5_AQbpcs,Cinta Souvenir Bantimurung,Kabupaten Maros,Sulawesi Selatan,Kabupaten Maros,Sulawesi Selatan,Kota Makassar,"Kalabbirang, Kec. Bantimurung, Makassar, Sulawesi Selatan 90561",,,GEO_WIN
ChIJ2ZoiF-LBky0Rez3x1SgEWfo,"Lolai - To' Tombi, Negeri di atas awan",Kabupaten Toraja Utara,Sulawesi Selatan,Kabupaten Toraja Utara,Sulawesi Selatan,nan,"Lolai, Kec. Kapala Pitu, Kabupaten Toraja Utara, Sulawesi Selatan 91854",,,OK_GEO
ChIJ-c5v3ezzuy0R2sia802Iu8U,Pantai Bira Pasir Putih,Kabupaten Bulukumba,Sulawesi Selatan,Kabupaten Bulukumba,Sulawesi Selatan,nan,"9FP5+7F2, Jalan Poros Jl. Pasir Putih Bira, Bira, Kec. Bonto Bahari, Kabupaten Bulukumba, Sulawesi Selatan 92571",,,OK_GEO
ChIJN1blDtvtiy0R_CxnmF5s5Kg,Taman Gor,Kota Palu,Sulawesi Tengah,Kota Palu,Sulawesi Tengah,nan,"4V3C+MW9, Jl. Chairil Anwar, Besusu Tengah, Kec. Palu Tim., Kota Palu, Sulawesi Tengah 94111",,,OK_GEO
ChIJJ7bA85XBky0R7ZS3wepAzr4,Lolai Tongkonan Lempe,Kabupaten Toraja Utara,Sulawesi Selatan,Kabupaten Toraja Utara,Sulawesi Selatan,nan,"Benteng Mamulu, Kec. Kapala Pitu, Kabupaten Toraja Utara, Sulawesi Selatan 91854",,,OK_GEO
ChIJu4VVoVhzhzIR9sxb_RpwM5A,Monumen Yesus Memberkati,Kota Manado,Sulawesi Utara,Kota Manado,Sulawesi Utara,nan,"CRQX+625, Jl. Monumen Yesus Memberkati, Winangun Satu, Kec. Malalayang, Kota Manado, Sulawesi Utara",,,OK_GEO
ChIJ8ee55MXmvi0RPbaA-1L_kfc,Wisata Kebun Gowa,Kabupaten Gowa,Sulawesi Selatan,Kabupaten Gowa,Sulawesi Selatan,nan,"Jl. Malino, Bontomanai, Kec. Bontomarannu, Kabupaten Gowa, Sulawesi Selatan 92171",,,OK_GEO
ChIJP4SACNtzeC0R9-9j9p70bWA,Taman Nasional Bunaken,Kota Manado,Sulawesi Utara,Kota Manado,Sulawesi Utara,nan,"Pelabuhan Marina plazaa, Manado City, North Sulawesi",,,OK_GEO
ChIJn4UlXcDymC0RDFC5iWg12jw,Taman Kota Kendari,Kota Kendari,Sulawesi Tenggara,Kota Kendari,Sulawesi Tenggara,nan,"2GG7+H6G, Mandonga, Kec. Mandonga, Kota Kendari, Sulawesi Tenggara 93111",,,OK_GEO
ChIJq6qqqj6Wvi0RN94047LvmYg,Malino highlands,Kabupaten Gowa,Sulawesi Selatan,Kabupaten Gowa,Sulawesi Selatan,nan,"Pattapang, Kec. Tinggimoncong, Kabupaten Gowa, Sulawesi Selatan 92171",,,OK_GEO
ChIJP226Qg4dvy0RqS_VJ43qKEk,Pantai Akkarena,Kota Makassar,Sulawesi Selatan,Kota Makassar,Sulawesi Selatan,nan,"Jalan Tanjung Bunga, Tj. Merdeka, Kec. Tamalate, Kota Makassar, Sulawesi Selatan 90224",,,OK_GEO
ChIJMa1AS64Cvy0Ru_ssSD8Thig,Taman Macan,Kota Makassar,Sulawesi Selatan,Kota Makassar,Sulawesi Selatan,nan,"VC75+P5P, Jl. Sultan Hasanuddin, Bulo Gading, Kec. Ujung Pandang, Kota Makassar, Sulawesi Selatan 90171",,,OK_GEO
ChIJreCviONZvi0RioW0jGuSkDU,Kampoeng Karst Rammang Rammang,Kabupaten Maros,Sulawesi Selatan,Kabupaten Maros,Sulawesi Selatan,Kabupaten Pangkajene Dan Kepulauan,"Rammang Rammang, Salenrang, Bontonlempangan, Kec. Bontoa, Kabupaten Maros, Sulawesi Selatan 90561",,,TEXT_WIN
ChIJ0XvYFv5MlC0RHSd-0TiamS4,Lasinrang Park,Kabupaten Pinrang,Sulawesi Selatan,Kabupaten Pinrang,Sulawesi Selatan,nan,"Jl. Dr. Wahidin Sudiro Husodo, Jaya, Kec. Watang Sawitto, Kabupaten Pinrang, Sulawesi Selatan 91213",,,OK_GEO
ChIJv_2QIT30uy0RriiX8ght_7U,Tebing Apparalang,Kabupaten Bulukumba,Sulawesi Selatan,Kabupaten Bulukumba,Sulawesi Selatan,nan,"FC6X+XRG, Ara, Kec. Bonto Bahari, Kabupaten Bulukumba, Sulawesi Selatan",,,OK_GEO
ChIJzUqjdF_2vi0R1ptg8CvLDzk,Taman Nasional Bantimurung Bulusaraung,Kabupaten Maros,Sulawesi Selatan,Kabupaten Maros,Sulawesi Selatan,nan,"Jln. Poros Maros-Bone Km.12, Kalabbirang, Bantimurung, Kalabbirang, Kec. Bantimurung, Kabupaten Maros, Sulawesi Selatan 90561",,,OK_GEO
ChIJeU_Sak0dvy0R_qmG80UtmJ8,Masjid Kubah 99,Kota Makassar,Sulawesi Selatan,Kota Makassar,Sulawesi Selatan,nan,"Jl. H. Bau No.36, Kunjung Mae, Kec. Mariso, Kota Makassar, Sulawesi Selatan 90125",,,OK_GEO
ChIJLQWTYilOvi0RBLtq01mDiSs,Taman Musafir,Kabupaten Pangkajene Dan Kepulauan,Sulawesi Selatan,Kabupaten Pangkajene Dan Kepulauan,Sulawesi Selatan,nan,"Padoang Doangan, Kec. Pangkajene, Kabupaten Pangkajene Dan Kepulauan, Sulawesi Selatan 90614",,,OK_GEO
ChIJfb6H9KFYvi0RsCvI4hZz9aw,Taman Arkeologi Leang Leang,Kabupaten Maros,Sulawesi Selatan,Kabupaten Maros,Sulawesi Selatan,nan,"2MFF+2M6 Ktr. Kelurahan Leang Leang, Leang-Leang, Kec. Bantimurung, Kabupaten Maros, Sulawesi Selatan 90561",,,OK_GEO
ChIJuVDWk6K8lS0RDwcHlQKt0VY,Tonrangeng Riverside,Kota Parepare,Sulawesi Selatan,Kota Parepare,Sulawesi Selatan,nan,"XJ3G+292, Lumpue, Kec. Bacukiki Bar., Kota Parepare, Sulawesi Selatan 91123",,,OK_GEO
ChIJ5wCm0jLrlS0RhWiqacsMd6Y,Taman Wisata Alam Lejja,Kabupaten Soppeng,Sulawesi Selatan,Kabupaten Soppeng,Sulawesi Selatan,nan,"Jl. Poros Lejja, Bulue, Kec. Marioriawa, Kabupaten Soppeng, Sulawesi Selatan 90852",,,OK_GEO
ChIJjTBq2rDZki0RGax81Kex6L8,Space iklan 5x10. Anjungan Pantai Manakarra,Kabupaten Mamuju,Sulawesi Barat,Kabupaten Mamuju,Sulawesi Barat,nan,"Anjungan Pantai Manakarra, Jl. Yos Sudarso, Binanga, Kec. Mamuju, Kabupaten Mamuju, Sulawesi Barat 91511",,,OK_TEXT
ChIJ_____7-xhzIRgVGx3pjh_cY,Pantai Paal,Kabupaten Minahasa Utara,Sulawesi Utara,Kabupaten Minahasa Utara,Sulawesi Utara,nan,"Kec. Likupang Tim., Kabupaten Minahasa Utara, Sulawesi Utara",,,OK_GEO
ChIJkZzkXEn4vi0RGkOZYfalLTQ,Masjid Al Markaz Al Islami Maros,Kabupaten Maros,Sulawesi Selatan,Kabupaten Maros,Sulawesi Selatan,nan,"XHMF+J7C, Desa Jl. Butta Toa, Pettuadae, Kec. Turikale, Kabupaten Maros, Sulawesi Selatan 90516",,,OK_GEO
ChIJUyYblCXivi0R3hCr1lbjR1s,Museum Balla Lompoa,Kabupaten Gowa,Sulawesi Selatan,Kabupaten Gowa,Sulawesi Selatan,nan,"Jl. K. H. Wahid Hasyim No.39, Sungguminasa, Kec. Somba Opu, Kabupaten Gowa, Sulawesi Selatan 92111",,,OK_GEO
ChIJy9LFmt7rky0RU-2zFqy9ZqE,Londa Ancient Graveyard,Kabupaten Toraja Utara,Sulawesi Selatan,Kabupaten Toraja Utara,Sulawesi Selatan,nan,"XVPG+483, Lembang Sangbua, Kesu, Tadongkon, Kec. Kesu, Kabupaten Toraja Utara, Sulawesi Selatan 91852",,,OK_GEO
ChIJt92KUDIEpy0RlGfICd6iJl0,Taman Nasional Wakatobi,Kabupaten Wakatobi,Sulawesi Tenggara,,,,"CWPJ+J57, Lentea, Sulawesi Tenggara",,,NO_MATCH
ChIJZXebUXz9vi0RBUM_2viDy1M,Pelabuhan Paotere,Kota Makassar,Sulawesi Selatan,Kota Makassar,Sulawesi Selatan,nan,"Pelabuhan Paotere, Gusung, Kota Makassar, Sulawesi Selatan",,,OK_GEO
ChIJNxwvnvrzuy0RajsHwzXLF2I,Pantai Tanjung Bira,Kabupaten Bulukumba,Sulawesi Selatan,Kabupaten Bulukumba,Sulawesi Selatan,nan,Sulawesi Selatan,,,OK_GEO
ChIJ-1BwjCK-vi0RQSpEAvjsdsQ,Air Terjun Takapala,Kabupaten Gowa,Sulawesi Selatan,Kabupaten Gowa,Sulawesi Selatan,nan,"PVF5+HW, Bonto Lerung, Kec. Tinggimoncong, Kabupaten Gowa, Sulawesi Selatan 92174",,,OK_GEO
ChIJ9wzSa8EreTIR0KtoqpUEzCM,Benteng Otanaha,Kota Gorontalo,Gorontalo,Kota Gorontalo,Gorontalo,Kabupaten Gorontalo,"Dembe I, Kec. Kota Bar., Kota Gorontalo, Gorontalo 96181",,,TEXT_WIN
ChIJHURmFD-7lS0R-487EGfExYQ,Taman Mattirotasi,Kota Parepare,Sulawesi Selatan,Kota Parepare,Sulawesi Selatan,nan,"XJHF+Q2X, Jl. Bau Massepe, Labukkang, Kec. Ujung, Kota Parepare, Sulawesi Selatan",,,OK_GEO
ChIJ2coc8PB0hzIR_XoswVHfP9I,Wisata Bahari Seafood Restaurant,Kota Manado,Sulawesi Utara,Kota Manado,Sulawesi Utara,nan,"Bahu Mall Complex, Jl. Wolter Monginsidi No.1, Sulawesi Utara",,,OK_GEO
ChIJ_ecsA-YKhzIR9SpspkYq9lg,Rumah Alam Manado Adventure Park,Kabupaten Minahasa Utara,Sulawesi Utara,Kabupaten Minahasa Utara,Sulawesi Utara,nan,"Jl. Ring Road Jaga IX No.Km, RW.1, Maumbi, Kec. Kalawat, Kabupaten Minahasa Utara, Sulawesi Utara",,,OK_GEO
ChIJPXiOPViPlC0RVJxcSm8OtAQ,Alun Alun Kota Polewali,Kabupaten Polewali Mandar,Sulawesi Barat,Kabupaten Polewali Mandar,Sulawesi Barat,nan,"Pekkabata, Kec. Polewali, Kabupaten Polewali Mandar, Sulawesi Barat 91311",,,OK_GEO
ChIJRXockwjWvi0RY3TZtY8Pst8,Wisata Pantai Topejawa,Kabupaten Takalar,Sulawesi Selatan,Kabupaten Takalar,Sulawesi Selatan,nan,"Topejawa, Kec. Mangarabombang, Kabupaten Takalar, Sulawesi Selatan 92261",,,OK_GEO
ChIJE8ll5iAreTIReO_8uq1fdB4,Masjid Agung Baiturrahim Gorontalo,Kota Gorontalo,Gorontalo,Kota Gorontalo,Gorontalo,Kabupaten Gorontalo,"G3Q6+24X, Jl. Raja Eyato, Limba B, Kota Sel., Kota Gorontalo, Gorontalo 96134",,,TEXT_WIN
ChIJXaadtQjzuy0ROqnQDJJLARY,Titik Nol KM Sulsel,Kabupaten Bulukumba,Sulawesi Selatan,Kabupaten Bulukumba,Sulawesi Selatan,nan,"9FHC+4VM, tanjung, Bira, Kec. Bonto Bahari, Kabupaten Bulukumba, Sulawesi Selatan",,,OK_GEO
ChIJ1z1jr9Q1eDIRxyv2B3-PTK8,Pantai Pohon Cinta,Kabupaten Pohuwato,Gorontalo,Kabupaten Pohuwato,Gorontalo,nan,"Wisata Pohon Cinta, Pohuwato Tim., Kec. Marisa, Kabupaten Pohuwato, Gorontalo 96266",,,OK_GEO
ChIJgwXQGst2pC0Rkb9zCImxYY8,Benteng Keraton Kesultanan Buton (Negeri Khalifatul Khamis),Kota Baubau,Sulawesi Tenggara,Kota Baubau,Sulawesi Tenggara,nan,"GJG2+4W6, Jl. Labuke, Melai, Kec. Murhum, Kota Bau-Bau, Sulawesi Tenggara 93713",,,OK_GEO
ChIJ-__pe-J0hzIR3SRPfAcReu8,Taman Berkat (GODBLESS PARK) Manado,Kota Manado,Sulawesi Utara,Kota Manado,Sulawesi Utara,nan,"FR8H+WJG, Jl. Piere Tendean, Sario Utara, Kec. Sario, Kota Manado, Sulawesi Utara",,,OK_GEO
ChIJZ129EyKhhi0RyqO6oc6Qu1U,Pantai Kilo 5,Kabupaten Banggai,Sulawesi Tengah,Kabupaten Banggai,Sulawesi Tengah,nan,"Jl. Dr. Moh. Hatta, Bukit Mambual, Kec. Luwuk Selatan, Kabupaten Banggai, Sulawesi Tengah",,,OK_TEXT
ChIJAYOhbKchvy0Re-ZGWcM9fLY,Wisata Pantai Bintang Galesong,Kabupaten Takalar,Sulawesi Selatan,Kabupaten Takalar,Sulawesi Selatan,nan,"Jl. Karaeng Salamaka Kassi Lompo, Boddia, Kec. Galesong, Kabupaten Takalar, Sulawesi Selatan 92255",,,OK_GEO
ChIJif3f8yREhzIRH85zFLlR6So,Bukit Kasih Kanonang,Kabupaten Minahasa,Sulawesi Utara,Kabupaten Minahasa,Sulawesi Utara,nan,"5Q88+49Q, Jl. Kawangkoan-Kanonang, Kanonang Empat, Kec. Kawangkoan Bar., Kabupaten Minahasa, Sulawesi Utara",,,OK_TEXT
ChIJAYhjftAqfzIRQW65iMl5F0A,Kurenai Beach Resort,Kabupaten Bone Bolango,Gorontalo,Kabupaten Bone Bolango,Gorontalo,nan,"Botubarani, Kec. Kabila Bone, Kabupaten Bone Bolango, Gorontalo 96111",,,OK_GEO
ChIJwwQWOaO8lS0RDUoust8-3lw,Paputo Beach,Kota Parepare,Sulawesi Selatan,Kota Parepare,Sulawesi Selatan,nan,"Jl. Latassakka, Lumpue, Kec. Bacukiki Bar., Kota Parepare, Sulawesi Selatan 91123",,,OK_GEO
ChIJ-QCKPkfUfjIRZwOmnMLlA5Q,Danau Perintis,Kabupaten Bone Bolango,Gorontalo,Kabupaten Bone Bolango,Gorontalo,nan,"Huluduotamo, Kec. Suwawa, Kabupaten Bone Bolango, Gorontalo 96121",,,OK_GEO
ChIJL1UINDl0hzIR9KoY982h0n8,Pantai Malalayang,Kota Manado,Sulawesi Utara,Kota Manado,Sulawesi Utara,nan,"Jalan Laut Sulawesi, Malalayang Dua, Kec. Malalayang, Kota Manado, Sulawesi Utara",,,OK_GEO
ChIJdzm5KpztmC0RA4bS-kfx1QY,Kendari Beach,Kota Kendari,Sulawesi Tenggara,Kota Kendari,Sulawesi Tenggara,nan,"Jl. Sultan Hasanuddin No.27, Punggaloba, Kec. Kendari Bar., Kota Kendari, Sulawesi Tenggara 93123",,,OK_GEO
ChIJkbIoicxzhzIRMT6mU2dIxSo,Makatete Hills,Kabupaten Minahasa,Sulawesi Utara,Kabupaten Minahasa,Sulawesi Utara,Kota Manado,"Warembungan, Kec. Pineleng, Kabupaten Minahasa, Sulawesi Utara",,,TEXT_WIN
ChIJ7xd7RSehhi0RWv0T2RpeokA,Pantai Kilo Lima,Kabupaten Banggai,Sulawesi Tengah,Kabupaten Banggai,Sulawesi Tengah,nan,"Jl. Dr. Moh. Hatta No.129, pantai Km5, Kec. Luwuk Selatan, Kabupaten Banggai, Sulawesi Tengah",,,OK_TEXT
ChIJ_f__1mZXvi0RHxs6cHZvrEU,Dermaga I Rammang-Rammang,Kabupaten Maros,Sulawesi Selatan,Kabupaten Maros,Sulawesi Selatan,nan,"3H8X+W37, Salenrang, Kec. Bontoa, Kabupaten Maros, Sulawesi Selatan 90554",,,OK_GEO
ChIJfUgFF0fTlS0RKt6lCc9jIjw,Taman Wisata Puncak Bila Sidrap,Kabupaten Sidenreng Rappang,Sulawesi Selatan,Kabupaten Sidenreng Rappang,Sulawesi Selatan,nan,"Jalan Poros Pare, Bila Riase, Kec. Pitu Riase, Kabupaten Sidenreng Rappang, Sulawesi Selatan 91691",,,OK_GEO
ChIJ_zAZS3e3iy0RJjEZ24sBBqY,Pantai Tanjung Karang,Kabupaten Donggala,Sulawesi Tengah,Kabupaten Donggala,Sulawesi Tengah,nan,"Labuan Bajo, Kec. Banawa, Kabupaten Donggala, Sulawesi Tengah 94351",,,OK_GEO
ChIJS88mueNZvi0RMLB7fmKL6Kk,Dermaga Dua Rammang Rammang,Kabupaten Maros,Sulawesi Selatan,Kabupaten Maros,Sulawesi Selatan,nan,"3JF5+X28, Desa Salendrang, Bontonlempangan, Kec. Bontoa, Kabupaten Maros, Sulawesi Selatan 90554",,,OK_GEO
ChIJwxSKvZR2pC0RIdxNZRz0wqU,pantai kamali,Kota Baubau,Sulawesi Tenggara,Kota Baubau,Sulawesi Tenggara,nan,"Jl. Mayjend. Sutoyo, Wale, Kec. Wolio, Kota Bau-Bau, Sulawesi Tenggara 93717",,,OK_GEO
ChIJq6qqqp7uiy0RknmYlgR32uM,Taman Hutan Kota Palu,Kota Palu,Sulawesi Tengah,Kota Palu,Sulawesi Tengah,nan,"4VJM+7RP, Talise, Kec. Palu Tim., Kota Palu, Sulawesi Tengah 94118",,,OK_TEXT
ChIJsZH6nHiXvi0RUJMr73SVNJM,Sierra Sky View,Kabupaten Gowa,Sulawesi Selatan,Kabupaten Gowa,Sulawesi Selatan,nan,"Jl. Poros Malino, Pattapang, Kec. Tinggimoncong, Kabupaten Gowa, Sulawesi Selatan 92111",,,OK_GEO
ChIJracGux4rfzIRL3lNYvB7IG4,Wisata Hiu Paus Botubarani Gorontalo,Kabupaten Bone Bolango,Gorontalo,Kabupaten Bone Bolango,Gorontalo,nan,"Jl. Trans Sulawesi No.18, Botubarani, Kec. Kabila Bone, Kabupaten Bone Bolango, Gorontalo 96117",,,OK_GEO
ChIJFf-XO6XrmC0RuTfQ5etrJvY,Pulau Wisata Bokori,Kabupaten Konawe,Sulawesi Tenggara,Kabupaten Konawe,Sulawesi Tenggara,nan,"Tapulaga, Soropia, Kabupaten Konawe, Sulawesi Tenggara",,,OK_GEO
ChIJg-99MRtmkC0R5OI0qA7YUuc,Pantai Ide,Kabupaten Luwu Timur,Sulawesi Selatan,Kabupaten Luwu Timur,Sulawesi Selatan,nan,"F8MR+VWJ, Magani, Kec. Nuha, Kabupaten Luwu Timur, Sulawesi Selatan 92983",,,OK_GEO
ChIJyXFuaaYdvy0Rhxrc_82jOog,Pantai Biru,Kota Makassar,Sulawesi Selatan,Kota Makassar,Sulawesi Selatan,nan,"Tj. Merdeka, Kec. Tamalate, Kota Makassar, Sulawesi Selatan 90224",,,OK_GEO
ChIJOcIPkuCIlC0RshPQWNrUZpU,Taman dan Pantai Bahari Polewali,Kabupaten Polewali Mandar,Sulawesi Barat,Kabupaten Polewali Mandar,Sulawesi Barat,nan,"Mammi, Kec. Binuang, Kabupaten Polewali Mandar, Sulawesi Barat",,,OK_GEO
ChIJW89vyWsDvy0RixPxznEw7_U,Samalona island,Kota Makassar,Sulawesi Selatan,Kota Makassar,Sulawesi Selatan,nan,"V8FV+WFM, Lae-Lae, Kec. Ujung Pandang, Kota Makassar, Sulawesi Selatan",,,OK_TEXT
ChIJz7gM_C2SmC0RuV19EXsGEtc,Kebun Raya Kendari,Kota Kendari,Sulawesi Tenggara,Kota Kendari,Sulawesi Tenggara,nan,"XH2G+QV8, Jalan Kebun Raya Nanga-Nanga, Anduonohu, Kec. Poasia, Kota Kendari, Sulawesi Tenggara 93237",,,OK_GEO
ChIJNcuvJAHfvi0RfzDmrzLzQOA,Kebun Denassa (Denassa Botanical Garden),Kabupaten Gowa,Sulawesi Selatan,Kabupaten Gowa,Sulawesi Selatan,nan,"MC5P+22H, Tamallayang, Kec. Bontonompo, Kabupaten Gowa, Sulawesi Selatan 92153",,,OK_GEO
ChIJr7CULFtwpC0ReRBxv7ie8OI,Pantai Nirwana,Kota Baubau,Sulawesi Tenggara,Kota Baubau,Sulawesi Tenggara,nan,Sulawesi Tenggara,,,OK_GEO
ChIJm63s6Y4Ily0Rmpw8UO_GjVc,Danau Biru Kolaka Utara,Kabupaten Kolaka Utara,Sulawesi Tenggara,Kabupaten Kolaka Utara,Sulawesi Tenggara,nan,"73FV+4RM, Walasiho, Kec. Wawo, Kabupaten Kolaka Utara, Sulawesi Tenggara 93552",,,OK_GEO
ChIJSWaRkqXDky0RoX3_0ANQkQc,Objek Wisata Rante Kalimbuang Bori',Kabupaten Toraja Utara,Sulawesi Selatan,Kabupaten Toraja Utara,Sulawesi Selatan,nan,"3WJC+3RC, Bori, Kec. Sesean, Kabupaten Toraja Utara, Sulawesi Selatan 91853",,,OK_GEO
ChIJcbYwr-zzuy0R0Kz5lCEuPhE,Pantai Tanjung Bira,Kabupaten Bulukumba,Sulawesi Selatan,Kabupaten Bulukumba,Sulawesi Selatan,nan,"9FP4+3P7, Tanjung, Bira, Kec. Bonto Bahari, Kabupaten Bulukumba, Sulawesi Selatan 95752",,,OK_GEO
ChIJ8cjvaKhfkS0RaKezZVhgDvY,Masjid Jami Tua Palopo,Kota Palopo,Sulawesi Selatan,Kota Palopo,Sulawesi Selatan,nan,"Jl. Andi Djemma No.88, Batupasi, Kec. Wara Utara, Kota Palopo, Sulawesi Selatan 91911",,,OK_GEO
ChIJjeMAfCwThzIRp7ygIFauE4o,Tuur Ma'asering Kumelembuai Tomohon,Kota Tomohon,Sulawesi Utara,Kota Tomohon,Sulawesi Utara,nan,"Kumelembuay, Kec. Tomohon Tim., Kota Tomohon, Sulawesi Utara 95449",,,OK_GEO
ChIJ-TQfUWzUfjIRVAXEvoj9g_E,Benteng Ulanta,Kabupaten Bone Bolango,Gorontalo,Kabupaten Bone Bolango,Gorontalo,nan,"H44V+P7J, Unnamed Road, Ulanta, Kec. Suwawa, Kabupaten Bone Bolango, Gorontalo 96113",,,OK_GEO
ChIJGyNjvc7uiy0R1De_cgC70Eg,Gong Perdamaian,Kota Palu,Sulawesi Tengah,Kota Palu,Sulawesi Tengah,nan,"Jl. Soekarno Hatta, Tondo, Kec. Mantikulore, Kota Palu, Sulawesi Tengah 94119",,,OK_TEXT
ChIJU88CqC9Ovi0RSqU_691g05A,Taman Bambu Runcing,Kabupaten Pangkajene Dan Kepulauan,Sulawesi Selatan,Kabupaten Pangkajene Dan Kepulauan,Sulawesi Selatan,nan,"Jl. Cempaka, Padoang Doangan, Kec. Pangkajene, Kabupaten Pangkajene Dan Kepulauan, Sulawesi Selatan 90614",,,OK_GEO
ChIJ8ZmE4C0Ily0Rr6w1SzGT37s,Pantai Tamborasi,Kabupaten Kolaka,Sulawesi Tenggara,Kabupaten Kolaka,Sulawesi Tenggara,nan,"Tamborasi, Kec. Wolo, Kabupaten Kolaka, Sulawesi Tenggara 93552",,,OK_GEO
ChIJDxFgUGK_lC0RfnfCEZSWSLg,Pantai Dato Majene,Kabupaten Majene,Sulawesi Barat,Kabupaten Majene,Sulawesi Barat,nan,"Dusun Pangale, Baurung, Kec. Banggae Tim., Kabupaten Majene, Sulawesi Barat 91412",,,OK_TEXT
ChIJ_UdLPD8kvC0R2_gIi-1Tw1g,Hutan Mangrove Tongke-tongke,Kabupaten Sinjai,Sulawesi Selatan,Kabupaten Sinjai,Sulawesi Selatan,nan,"V72F+74V, Tongke-Tongke, Kec. Sinjai Tim., Kabupaten Sinjai, Sulawesi Selatan",,,OK_GEO
ChIJh5xJ6lWghzIRrNwzZv17Aig,GPI Waterpark,Kota Manado,Sulawesi Utara,Kota Manado,Sulawesi Utara,nan,"Griya Paniki Indah, Jl. Akasia, Paniki Bawah, Kec. Mapanget, Kota Manado, Sulawesi Utara",,,OK_GEO
ChIJJ-oTHJ-7lS0RJ5kYA1C2CEg,Kebun Raya Jompie Kota Parepare,Kota Parepare,Sulawesi Selatan,Kota Parepare,Sulawesi Selatan,nan,"2J3V+33G, Jl. Industri Kecil, Bukit Harapan, Kec. Soreang, Kota Parepare, Sulawesi Selatan 91100",,,OK_GEO
ChIJR03wwKEqeTIR3q4KVLC5JCY,Taman Wisata Tangga 2000,Kabupaten Gorontalo,Gorontalo,Kabupaten Gorontalo,Gorontalo,nan,"G345+Q3F, Pohe, Kec. Hulonthalangi, Kabupaten Gorontalo, Gorontalo 96133",,,OK_GEO
ChIJnfyr65_1ly0RzFB-XZlzBnc,Wisata Kuliner Kab.Kolaka,Kabupaten Kolaka Timur,Sulawesi Tenggara,Kabupaten Kolaka,Sulawesi Tenggara,nan,"WJM4+VMW, Wiskul, Kec. Kolaka, Sulawesi Tenggara 93511",,,OK_GEO
ChIJjzmSo5VshzIRZOrwfyBflGQ,Menara Alfa Omega,Kota Tomohon,Sulawesi Utara,Kota Tomohon,Sulawesi Utara,nan,"Jln. RAYA TOMOHON DEPAN MENARA ALFA OMEGA CENTURY MART LT.1, Kamasi, Kec. Tomohon Tengah, Kota Tomohon, Sulawesi Utara 95441",,,OK_GEO
ChIJJz-L7CFUlC0R42WOTwjtfqw,Pantai Harapan Ammani,Kabupaten Pinrang,Sulawesi Selatan,Kabupaten Pinrang,Sulawesi Selatan,nan,"Pantai harapan ammani, Mattiro Tasi, Kec. Mattiro Sompe, Kabupaten Pinrang, Sulawesi Selatan 91261",,,OK_GEO
ChIJ91z60qd0hzIRBwNdza95res,CitraLand WaterPark Manado,Kota Manado,Sulawesi Utara,Kota Manado,Sulawesi Utara,nan,"CitraLand City of Blessings, Jl. Royal Mansion 2, Winangun Satu, Kec. Malalayang, Kota Manado, Sulawesi Utara",,,OK_GEO
ChIJx3134APzky0Rt5ZyBs6sgEU,Pango-Pango Makale,Kabupaten Tana Toraja,Sulawesi Selatan,Kabupaten Tana Toraja,Sulawesi Selatan,nan,"VR3H+RX5, Kelurahan Pasang, Kec. Makale Sel., Kabupaten Tana Toraja, Sulawesi Selatan 91815",,,OK_TEXT
ChIJMybIUEoTlC0R-9JZz4BETSc,Dante Pine,Kabupaten Enrekang,Sulawesi Selatan,Kabupaten Enrekang,Sulawesi Selatan,nan,"HQ3R+GVP, Tanete, Kec. Anggeraja, Kabupaten Enrekang, Sulawesi Selatan 91752",,,OK_GEO
ChIJu0mhuPKjhi0RLWlEswKsITw,Bukit Keles,Kabupaten Banggai,Sulawesi Tengah,Kabupaten Banggai,Sulawesi Tengah,nan,"3Q6X+CCF, Jl. Batu Gn., Bungin, Luwuk, Kabupaten Banggai, Sulawesi Tengah 94711",,,OK_TEXT
ChIJH_NkN1aNmC0RsK9XNAWAtiw,CitraLand Waterpark,Kota Kendari,Sulawesi Tenggara,Kota Kendari,Sulawesi Tenggara,nan,"2G4P+5H3, Anduonohu, Kec. Poasia, Kota Kendari, Sulawesi Tenggara 93231",,,OK_GEO
ChIJAQAAAKxshzIRS0eiMlhjY4k,Bukit Doa Mahawu,Kota Tomohon,Sulawesi Utara,Kota Tomohon,Sulawesi Utara,nan,"8VX2+H2G, Kakaskasen Tiga, Kec. Tomohon Utara, Kota Tomohon, Sulawesi Utara",,,OK_GEO
ChIJoYrxBJtImC0RudCdBDvrAtI,Tugu Adipura,Kabupaten Konawe,Sulawesi Tenggara,Kabupaten Konawe,Sulawesi Tenggara,nan,"Jl. Abd Silondae No.656, Ambekairi, Kec. Unaaha, Kabupaten Konawe, Sulawesi Tenggara 93415",,,OK_GEO
ChIJoYmmdGzlvS0R539x44azkzI,Tanjung Pallette,Kabupaten Bone,Sulawesi Selatan,Kabupaten Bone,Sulawesi Selatan,nan,"G96W+V62, Jl. Tj. Raya No.1, Pallette, Kec. Tanete Riattang Tim., Kabupaten Bone, Sulawesi Selatan 90126",,,OK_GEO
ChIJpVexH3Tivi0R2gWAvWT_7HI,Benteng Somba Opu,Kota Makassar,Sulawesi Selatan,Kota Makassar,Sulawesi Selatan,Kabupaten Gowa,"Jl. Daeng Tata, Benteng Somba Opu, Kec. Barombong, Kota Makassar, Sulawesi Selatan 90224",,,TEXT_WIN
ChIJgZV-eIntky0RMLFusi_J-FY,Monumen Patung Lakipadada,Kabupaten Tana Toraja,Sulawesi Selatan,Kabupaten Tana Toraja,Sulawesi Selatan,nan,"VVW2+2VR, Bombongan, Kec. Makale, Kabupaten Tana Toraja, Sulawesi Selatan 91817",,,OK_TEXT
ChIJhY_QShzsiy0RKxokmswUvbk,Pantai Kampung Nelayan,Kota Palu,Sulawesi Tengah,Kota Palu,Sulawesi Tengah,nan,"Jl. Kaombona, Talise, Kec. Mantikulore, Kota Palu, Sulawesi Tengah 94118",,,OK_TEXT
ChIJlZej4947eTIR-jg3ec6DR9E,Monumen B.J. Habibie,Kabupaten Gorontalo,Gorontalo,Kabupaten Gorontalo,Gorontalo,nan,"JRXV+VX6, Jl. Trans Sulawesi, Tolotio, Kec. Tibawa, Kabupaten Gorontalo, Gorontalo 96251",,,OK_GEO
ChIJ6a6WZ6kCvy0RE9nL8dWbm_s,Monumen Mandala Pembebasan Irian Barat,Kota Makassar,Sulawesi Selatan,Kota Makassar,Sulawesi Selatan,nan,"Jl. Jend. Sudirman, Sawerigading, Kec. Ujung Pandang, Kota Makassar, Sulawesi Selatan 90115",,,OK_GEO
ChIJT1VBZHk9vi0RznvGDmnILMg,Lappa Laona,Kabupaten Barru,Sulawesi Selatan,Kabupaten Barru,Sulawesi Selatan,nan,"CQP6+WHC, Harapan, Kec. Tanete Riaja, Kabupaten Barru, Sulawesi Selatan 90762",,,OK_GEO
ChIJHytM-PBqhzIRRnmSYV7rqdk,Danau Linow,Kota Tomohon,Sulawesi Utara,Kota Tomohon,Sulawesi Utara,nan,"Lahendong, Kec. Tomohon Sel., Kota Tomohon, Sulawesi Utara",,,OK_GEO
ChIJMeMk7QjWvi0Rw_0UBpRgdNM,Pantai Topejawa Takalar,Kabupaten Takalar,Sulawesi Selatan,Kabupaten Takalar,Sulawesi Selatan,nan,"Topejawa, Kec. Mangarabombang, Kabupaten Takalar, Sulawesi Selatan 92261",,,OK_GEO
ChIJ_wmqbxF1hzIRbJQd11yHsVA,Wisata Bahari Kawasan Megamas,Kota Manado,Sulawesi Utara,Kota Manado,Sulawesi Utara,nan,"Jl. Laksda John Lie, Titiwungan Utara, Kec. Sario, Kota Manado, Sulawesi Utara",,,OK_GEO
ChIJtezan8C8lS0RHuRG8Fw7kMg,Pantai Lumpue,Kota Parepare,Sulawesi Selatan,Kota Parepare,Sulawesi Selatan,nan,"Jl. Pinggir Laut No.18, Lumpue, Kec. Bacukiki Bar., Kota Parepare, Sulawesi Selatan 91123",,,OK_GEO
ChIJ_______bfjIRZ_Me_0s9EiU,Taman Laut Olele,Kabupaten Bone Bolango,Gorontalo,Kabupaten Bone Bolango,Gorontalo,nan,"Olele, Kec. Kabila Bone, Kabupaten Bone Bolango, Gorontalo 96553",,,OK_GEO
ChIJQyUDZ53VeDIRm2mp-Ohmsuo,WISATA TAMENDAO BEACH,Kota Gorontalo,Gorontalo,Kota Gorontalo,Gorontalo,Kabupaten Gorontalo,"Jl. R. Atje Slamet, Leato Utara, Kec. Kota Tim., Kota Gorontalo, Gorontalo 96133",,,TEXT_WIN
ChIJn3YGCWUYvi0Rtt1qKNSetmY,Permandian Lereng Hijau Bulu Dua,Kabupaten Soppeng,Sulawesi Selatan,Kabupaten Soppeng,Sulawesi Selatan,nan,"FRR3+474, Gattareng Toa, Kec. Mario Riwawo, Kabupaten Soppeng, Sulawesi Selatan 90862",,,OK_GEO
ChIJ6cLuMBoMhC0RNHktQSk3adc,Danau Paisu Pok Luk Panenteng,Kabupaten Banggai Kepulauan,Sulawesi Tengah,Kabupaten Banggai Kepulauan,Sulawesi Tengah,nan,"Luk Panenteng, Kec. Bulagi Utara, Kabupaten Banggai Kepulauan, Sulawesi Tengah 94882",,,OK_TEXT
ChIJqT4eSZcShzIRzLAguxvcXb0,Puncak Tetetana Suluan,Kabupaten Minahasa,Sulawesi Utara,Kabupaten Minahasa,Sulawesi Utara,Kota Tomohon,"9VCQ+9Q3, Suluan, Kec. Tombulu, Kabupaten Minahasa, Sulawesi Utara",,,TEXT_WIN
ChIJ19ALlHPpmC0RLuiVH3QXZ40,Pantai Toronipa,Kabupaten Konawe,Sulawesi Tenggara,Kabupaten Konawe,Sulawesi Tenggara,nan,"Unnamed Road, Toronipa, Soropia, Kabupaten Konawe, Sulawesi Tenggara 93351",,,OK_GEO
ChIJqZoEpypavi0R0LkNhrEEeIE,Taman Purbakala Sumpang Bita,Kabupaten Pangkajene Dan Kepulauan,Sulawesi Selatan,Kabupaten Pangkajene Dan Kepulauan,Sulawesi Selatan,nan,"Balocci Baru, Kec. Balocci, Kabupaten Pangkajene Dan Kepulauan, Sulawesi Selatan 90661",,,OK_GEO
ChIJEcAsbmNCji0Rzqno5J5L3XY,Air Terjun Saluopa,Kabupaten Poso,Sulawesi Tengah,Kabupaten Poso,Sulawesi Tengah,nan,"6GXR+3M6, Leboni, Pamona Pusalemba, Kabupaten Poso, Sulawesi Tengah 94663",,,OK_TEXT
ChIJHz8emWvtmC0Rx1DjdMgopxU,Taman Teratai,Kota Kendari,Sulawesi Tenggara,Kota Kendari,Sulawesi Tenggara,nan,"2HM4+CJX, Jl. Edy Sabara, Punggaloba, Kec. Kendari Bar., Kota Kendari, Sulawesi Tenggara 93122",,,OK_GEO
ChIJBbuY8lMdvy0RX39HvUEWA0E,RM Bahari,Kota Makassar,Sulawesi Selatan,Kota Makassar,Sulawesi Selatan,nan,"Jl. Yosep Latumahina No.18, Losari, Kec. Ujung Pandang, Kota Makassar, Sulawesi Selatan 90112",,,OK_GEO
ChIJ5-tJWokdvy0RsnxbtOGeFKM,Pantai Indah Bosowa,Kota Makassar,Sulawesi Selatan,Kota Makassar,Sulawesi Selatan,nan,"R9PQ+46G, Tj. Merdeka, Kec. Tamalate, Kota Makassar, Sulawesi Selatan 90224",,,OK_GEO
ChIJZdZ_AkErfzIRdDGqZXqQu9o,Pantai Botutonuo,Kabupaten Bone Bolango,Gorontalo,Kabupaten Bone Bolango,Gorontalo,nan,"C4XG+MVQ Pantai Wisata Botutonuo, Botutonuo, Kec. Kabila Bone, Kabupaten Bone Bolango, Gorontalo",,,OK_GEO
ChIJA_o35qbivi0RJ9Fv-OayZBI,Wisata Malino,Kabupaten Gowa,Sulawesi Selatan,Kabupaten Gowa,Sulawesi Selatan,nan,"PRRV+XHR, Jl. Malino, Malino, Kec. Tinggimoncong, Kabupaten Gowa, Sulawesi Selatan 92174",,,OK_GEO
ChIJe2rKsqD2lS0RgVsbU_yoi0s,Permandian Alam Ompo,Kabupaten Soppeng,Sulawesi Selatan,Kabupaten Soppeng,Sulawesi Selatan,nan,"MV9J+FWW, Ompo, Kec. Lalabata, Kabupaten Soppeng, Sulawesi Selatan 90814",,,OK_GEO
ChIJq-X_cEN1hzIR79-BTLPE6go,Tokong Ban Hin Kiong,Kota Manado,Sulawesi Utara,Kota Manado,Sulawesi Utara,nan,"FRVV+HWW, Jl. D. I. Panjaitan, Calaca, Kec. Wenang, Kota Manado, Sulawesi Utara",,,OK_GEO
ChIJGz8OBM71iy0Rfj06_F5bFoo,Danau Tambing,Kabupaten Sigi,Sulawesi Tengah,Kabupaten Sigi,Sulawesi Tengah,nan,"M8F5+CH4, Jl. Poros Palu- Kulawi, Kota Pulu, Kabupaten Sigi, Sulawesi Tengah 94362",,,OK_TEXT
ChIJO5T96iAThzIRmynZFuGsfgY,Taman Wisata Puncak Rurukan Tomohon,Kota Tomohon,Sulawesi Utara,Kota Tomohon,Sulawesi Utara,nan,"8VRH+WXX, Rurukan Satu, Kec. Tomohon Tim., Kota Tomohon, Sulawesi Utara",,,OK_GEO
ChIJ2wIX9_D1uy0RTcHldmcXYko,Apparallang,Kabupaten Bulukumba,Sulawesi Selatan,Kabupaten Bulukumba,Sulawesi Selatan,nan,"FC7X+2W3, Dusun Kadien, Ara, Kec. Bonto Bahari, Kabupaten Bulukumba, Sulawesi Selatan",,,OK_GEO
ChIJAQAAAACLly0R_GFhfOb3sqk,Pantai Mandra Kolaka,Kabupaten Kolaka Timur,Sulawesi Tenggara,Kabupaten Kolaka,Sulawesi Tenggara,nan,"WHQR+JF9, Lamokato, Kec. Kolaka, Sulawesi Tenggara",,,OK_GEO
ChIJ24LRjditvi0RMCo2wEbI6Ek,Permandian Eremerasa Ermes bantaeng,Kabupaten Bantaeng,Sulawesi Selatan,Kabupaten Bantaeng,Sulawesi Selatan,nan,"G294+846, Desa, Kampala, Kec. Eremerasa, Kabupaten Bantaeng, Sulawesi Selatan 92415",,,OK_GEO
ChIJC5kz2gyfmC0RJ-cNwqLkfKs,Air Terjun Moramo,Kabupaten Konawe Selatan,Sulawesi Tenggara,Kabupaten Konawe Selatan,Sulawesi Tenggara,nan,"QPHW+M27, Sumber Sari, Kec. Moramo, Kabupaten Konawe Selatan, Sulawesi Tenggara 93891",,,OK_GEO
ChIJu0yujfdUuS0RuzNpcqpDVco,Pantai Marina Bantaeng,Kabupaten Bantaeng,Sulawesi Selatan,Kabupaten Bantaeng,Sulawesi Selatan,nan,"Baruga, Kec. Pajukukang, Kabupaten Bantaeng, Sulawesi Selatan 92561",,,OK_GEO
ChIJpS9GSL5shzIRD09tfzyjP64,Taman Kota Tomohon,Kota Tomohon,Sulawesi Utara,Kota Tomohon,Sulawesi Utara,nan,"8RGR+7MW, Paslaten Satu, Kec. Tomohon Tim., Kota Tomohon, Sulawesi Utara",,,OK_GEO
ChIJ_ab0wUXivi0RHJOu2ATg7i4,Masjid Tua Al-Hilal Katangka,Kabupaten Gowa,Sulawesi Selatan,Kabupaten Gowa,Sulawesi Selatan,Kota Makassar,"Jl. Syech Yusuf No.57, Katangka, Kec. Somba Opu, Kabupaten Gowa, Sulawesi Selatan 92114",,,TEXT_WIN
ChIJZ3-Uft8lvC0Rq3k6Cmz66kQ,Benteng Balangnipa,Kabupaten Sinjai,Sulawesi Selatan,Kabupaten Sinjai,Sulawesi Selatan,nan,"Jl. Sungai Tangka, Balangnipa, Kec. Sinjai Utara, Kabupaten Sinjai, Sulawesi Selatan 92614",,,OK_GEO
ChIJ9y-rAu_jvi0R77EsNZ5ujJY,Bukit Samata,Kabupaten Gowa,Sulawesi Selatan,Kabupaten Gowa,Sulawesi Selatan,nan,"QFXW+MV5 Uin samata, Samata, Makassar, Kabupaten Gowa, Sulawesi Selatan 92113",,,OK_GEO
ChIJcUTohz_fvi0RO8LpKcUmkGE,Rumah Hijau Denassa,Kabupaten Gowa,Sulawesi Selatan,Kabupaten Gowa,Sulawesi Selatan,nan,"Jl. Borongtala No.58 A, Tamallayang, Kec. Bontonompo, Kabupaten Gowa, Sulawesi Selatan 92153",,,OK_GEO
ChIJ_XQdTJCzhzIRf38NlUjEzck,Pantai Pulisan Sulawesi Utara,Kabupaten Minahasa Utara,Sulawesi Utara,Kabupaten Minahasa Utara,Sulawesi Utara,nan,"Pulisan, Kec. Likupang Tim., Kabupaten Minahasa Utara, Sulawesi Utara",,,OK_GEO
ChIJ81_z1moreTIRexN-2rpoP8I,Planet Waterboom,Kota Gorontalo,Gorontalo,Kota Gorontalo,Gorontalo,Kabupaten Gorontalo,"Limba U Dua, Kota Sel., Kota Gorontalo, Gorontalo 96138",,,TEXT_WIN
ChIJkxx8dOVekS0R2ys7p7SnL7g,Pantai Labombo,Kota Palopo,Sulawesi Selatan,Kota Palopo,Sulawesi Selatan,nan,"X6X8+C5F, Salekoe, Kec. Wara Tim., Kota Palopo, Sulawesi Selatan 91921",,,OK_GEO
ChIJe0tQtOa7lS0R2GAIPAytN54,Anjungan Cempae,Kota Parepare,Sulawesi Selatan,Kota Parepare,Sulawesi Selatan,nan,"Watang Soreang, Kec. Soreang, Kota Parepare, Sulawesi Selatan 91132",,,OK_GEO
ChIJA0kKqiS6hi0RuLFU4rJwXl8,Air Terjun Salodik,Kabupaten Banggai,Sulawesi Tengah,Kabupaten Banggai,Sulawesi Tengah,nan,"Jl. Trans Sulawesi, Salodik, Luwuk, Kabupaten Banggai, Sulawesi Tengah 94716",,,OK_TEXT
ChIJl82S9TKDgDIRILgGDTa_scE,Pantai Jiko / Patokan,Kabupaten Bolaang Mongondow Timur,Sulawesi Utara,Kabupaten Bolaang Mongondow Timur,Sulawesi Utara,nan,"JH98+967, Nuangan, Kec. Nuangan, Kabupaten Bolaang Mongondow Timur, Sulawesi Utara",,,OK_GEO
ChIJ1TbgjsKliC0RdM5c5qajz8k,Permandian Malotong,Kabupaten Tojo Una-Una,Sulawesi Tengah,Kabupaten Tojo Una-Una,Sulawesi Tengah,nan,"Jl. Sam Ratulangi No.45, Malotong, Kec. Ampana Kota, Kabupaten Tojo Una-Una, Sulawesi Tengah 94683",,,OK_GEO
ChIJxT46hx1NlC0RO9Nn6zNIr4Y,Pinrang Waterboom,Kabupaten Pinrang,Sulawesi Selatan,Kabupaten Pinrang,Sulawesi Selatan,nan,"Jl. Basuki Rahmat, Macorawalie, Kec. Watang Sawitto, Kabupaten Pinrang, Sulawesi Selatan 91212",,,OK_GEO
ChIJBYBFbl0vvi0R4M4YozpgbJ0,Pantai Laguna,Kabupaten Barru,Sulawesi Selatan,Kabupaten Barru,Sulawesi Selatan,nan,"GH4V+XJ2, Pao-Pao, Kec. Tanete Rilau, Kabupaten Barru, Sulawesi Selatan 90761",,,OK_GEO
ChIJSXBr4pv_uy0RldvDggWfGg0,Hutan Kota Bulukumba,Kabupaten Bulukumba,Sulawesi Selatan,Kabupaten Bulukumba,Sulawesi Selatan,nan,"C5RX+V8X, Terang-Terang, Kec. Ujung Bulu, Kabupaten Bulukumba, Sulawesi Selatan",,,OK_GEO
ChIJoefGjHszoS0RRZbKItzZJ2k,Goa Air Kontamale,Kabupaten Wakatobi,Sulawesi Tenggara,Kabupaten Wakatobi,Sulawesi Tenggara,nan,"MGJM+QW2, Jl. Poros Wandoka Lingk. Teekosapi, Pongo, Kec. Wangi-Wangi, Kabupaten Wakatobi, Sulawesi Tenggara 93791",,,OK_GEO
ChIJXSGc16O7iy0RRvWDmWC7jas,Pantai Bonebula,Kabupaten Donggala,Sulawesi Tengah,Kabupaten Donggala,Sulawesi Tengah,nan,"Unnamed Road, Towale, Banawa Tengah, Donggala Regency, Central Sulawesi 94351",,,OK_GEO
ChIJga-116_rdTIRWxyR3FGPBO0,Pantai Bambahano,Kabupaten Donggala,Sulawesi Tengah,Kabupaten Donggala,Sulawesi Tengah,nan,"6R9X+9X8, Malonas, Damsol, Kabupaten Donggala, Sulawesi Tengah 94356",,,OK_GEO
ChIJsZOU3EcOpC0RPSmqo-GnCkU,Wisata Kali Biru,Kabupaten Buton,Sulawesi Tenggara,Kabupaten Buton,Sulawesi Tenggara,nan,"FRPR+4M4, Jl. Pangeran Limboro, Banabungi, Kec. Ps. Wajo, Kabupaten Buton, Sulawesi Tenggara 93754",,,OK_GEO
ChIJRyVvVcz9vi0R95nuXzlghno,Wisata Mangrove Lantebung,Kota Makassar,Sulawesi Selatan,Kota Makassar,Sulawesi Selatan,nan,"Jl. Lantebung, Bira, Kec. Tamalanrea, Kota Makassar, Sulawesi Selatan 90243",,,OK_GEO
ChIJ5TNelQsdvy0REm7ELucBeTE,Anjungan Pantai Losari,Kota Makassar,Sulawesi Selatan,Kota Makassar,Sulawesi Selatan,nan,"VC44+GX6, Losari Kec. Ujung Pandang, Panambungan, Kec. Mariso, Kota Makassar, Sulawesi Selatan 90113",,,OK_GEO
ChIJpaA-Me1thzIRK7gCSxQ_NqM,Kai'santi Garden,Kota Tomohon,Sulawesi Utara,Kota Tomohon,Sulawesi Utara,nan,"Jl. Woloan Kayawu, Woloan Dua, Kec. Tomohon Bar., Kota Tomohon, Sulawesi Utara",,,OK_GEO
ChIJHTPJTWcVhzIR0b2xciddy-Q,Benteng Moraya,Kabupaten Minahasa,Sulawesi Utara,Kabupaten Minahasa,Sulawesi Utara,nan,"7WR5+795, Tuutu, Kec. Tondano Bar., Kabupaten Minahasa, Sulawesi Utara",,,OK_TEXT
ChIJe2EfJ-DCky0RYtrWoFcMd9g,Museum Ne' Gandeng,Kabupaten Toraja Utara,Sulawesi Selatan,Kabupaten Toraja Utara,Sulawesi Selatan,nan,"3WCX+59J Malakiri, Tagari, Kec. Balusu, Kabupaten Toraja Utara, Sulawesi Selatan 91853",,,OK_GEO
ChIJ74EgxVxPlC0REheBsEXVBLQ,Bendung Benteng,Kabupaten Pinrang,Sulawesi Selatan,Kabupaten Pinrang,Sulawesi Selatan,nan,"8M6G+RPF, Sungai Sadang, Benteng, Kec. Patampanua, Kabupaten Pinrang, Sulawesi Selatan 91252",,,OK_GEO
ChIJ32l--ET9vi0RLYLutp0lvcI,Monumen Korban 40.000 Jiwa,Kota Makassar,Sulawesi Selatan,Kota Makassar,Sulawesi Selatan,nan,"Jalan Korban 40000 Jiwa, Wala-Walaya, La'latang, Kec. Tallo, Kota Makassar, Sulawesi Selatan 90214",,,OK_GEO
ChIJnW7EdJz7vi0RTx9wyyJUsik,Maros Highland,Kabupaten Maros,Sulawesi Selatan,Kabupaten Maros,Sulawesi Selatan,nan,"Dusun Salu, Pattontongan, Kec. Mandai, Kabupaten Maros, Sulawesi Selatan 90552",,,OK_GEO
ChIJDYKwRtGjhi0RigaDto7dyOE,Air Terjun Pialaa,Kabupaten Banggai,Sulawesi Tengah,Kabupaten Banggai,Sulawesi Tengah,nan,"3Q2C+22W, Hanga-Hanga, Luwuk, Kabupaten Banggai, Sulawesi Tengah 94713",,,OK_TEXT
ChIJIQC_mAJrhzIRGAnCykFVwa8,Narwastu Hills Resort,Kota Tomohon,Sulawesi Utara,Kota Tomohon,Sulawesi Utara,nan,"Jl. Wawo, Matani III, Kec. Tomohon Tengah, Kota Tomohon, Sulawesi Utara 95441",,,OK_GEO
ChIJ76y0hv7zuy0RVghGCm1cCwc,"Pantai Bara, Bulukumba",Kabupaten Bulukumba,Sulawesi Selatan,Kabupaten Bulukumba,Sulawesi Selatan,nan,"Bira, Kec. Bonto Bahari, Kabupaten Bulukumba, Sulawesi Selatan 92571",,,OK_GEO
ChIJXyB9ZJG7iy0RvO9mLncEzX0,Pusat Laut Donggala,Kabupaten Donggala,Sulawesi Tengah,Kabupaten Donggala,Sulawesi Tengah,nan,"Towale, Kec. Banawa Tengah, Kabupaten Donggala, Sulawesi Tengah 94351",,,OK_GEO
ChIJMyGIk06gizIRLuoDyhLtnd0,Pulau Sangihe,Kabupaten Kepulauan Sangihe,Sulawesi Utara,Kabupaten Kepulauan Sangihe,Sulawesi Utara,nan,"Kabupaten Kepulauan Sangihe, Sulawesi Utara",,,OK_TEXT
ChIJ16IiUgFrhzIRAOgrDEF3c-g,Wisata Hutan Pinus Dan Pemandian Air Panas,Kota Tomohon,Sulawesi Utara,Kota Tomohon,Sulawesi Utara,nan,"7RMF+J7C, Jalan Lahendong, Lahendong, Kec. Tomohon Sel., Kota Tomohon, Sulawesi Utara",,,OK_GEO
ChIJC4Kf8qjBky0RBzhiCIHQC9s,Pongtorra - Puncak Tertinggi Lolai,Kabupaten Toraja Utara,Sulawesi Selatan,Kabupaten Toraja Utara,Sulawesi Selatan,nan,"3R7V+868, Sikuku, Kec. Kapala Pitu, Kabupaten Toraja Utara, Sulawesi Selatan 91854",,,OK_GEO
ChIJy5feM_mmiC0RgL92kGk4XZg,Taman JH Ampana,Kabupaten Tojo Una-Una,Sulawesi Tengah,Kabupaten Tojo Una-Una,Sulawesi Tengah,nan,"4HMG+9JH, Uentanaga Bawah, Kec. Ampana Kota, Kabupaten Tojo Una-Una, Sulawesi Tengah 94683",,,OK_GEO
ChIJj5DCgy3qlS0RspI9KN0UHiw,Rumah Adat Sao Mario,Kabupaten Soppeng,Sulawesi Selatan,Kabupaten Soppeng,Sulawesi Selatan,nan,"VV7C+R6C, jl.poros, pangkajenne-soppeng, Laringgi, Kec. Marioriawa, Kabupaten Soppeng, Sulawesi Selatan 90852",,,OK_GEO
ChIJ81_Pc-rtiy0RTIPc4fpO97c,Hutan Taman kota,Kota Palu,Sulawesi Tengah,Kota Palu,Sulawesi Tengah,nan,"4VHH+R9Q, Jl. Jabal Nur, Talise, Kec. Mantikulore, Kota Palu, Sulawesi Tengah 94118",,,OK_TEXT
ChIJIYZJGMmQvi0RqD5iv2oEcoM,Air Terjun Bantimurung Gallang,Kabupaten Gowa,Sulawesi Selatan,Kabupaten Gowa,Sulawesi Selatan,nan,"Pao, Kec. Tombolo Pao, Kabupaten Gowa, Sulawesi Selatan",,,OK_GEO
ChIJGX4zuJxfkS0R8U-CRGObz5Q,Lapangan Pancasila palopo,Kota Palopo,Sulawesi Selatan,Kota Palopo,Sulawesi Selatan,nan,"Baso Rahim, Kantor DPRD, Jl. Andi Tadda No.2, Tompotika, Kec. Wara, Kota Palopo, Sulawesi Selatan 91921",,,OK_GEO
ChIJp_O_bzLIlS0Rp3cjhcdCpn0,Taman Usman Isa,Kabupaten Sidenreng Rappang,Sulawesi Selatan,Kabupaten Sidenreng Rappang,Sulawesi Selatan,nan,"Jl. Jenderal Ahmad Yani, Pangkajene, Kec. Maritengngae, Kabupaten Sidenreng Rappang, Sulawesi Selatan 91611",,,OK_GEO
ChIJPygZ5RCIlC0RL4APYmw2B5w,Wisata Alam Salu Pajaan,Kabupaten Polewali Mandar,Sulawesi Barat,Kabupaten Polewali Mandar,Sulawesi Barat,nan,"HCM3+HH9, Batetangnga, Kec. Binuang, Kabupaten Polewali Mandar, Sulawesi Barat 91312",,,OK_GEO
ChIJP5KgYqUCvy0RIg7X3JnjBKA,Museum Kota Makassar,Kota Makassar,Sulawesi Selatan,Kota Makassar,Sulawesi Selatan,nan,"Jl. Balaikota No.11, Baru, Kec. Ujung Pandang, Kota Makassar, Sulawesi Selatan 90171",,,OK_GEO
ChIJrVwCBpwBhzIRd1XNAVltn-M,Patung Cakalang Bitung,Kota Bitung,Sulawesi Utara,Kota Bitung,Sulawesi Utara,nan,"C5WG+3CF, Bitung Bar. Satu, Kec. Maesa, Kota Bitung, Sulawesi Utara",,,OK_GEO
ChIJFy95csPtmC0RxywHaTQBGdg,Wisata Anjungan Teluk Kendari,Kota Kendari,Sulawesi Tenggara,Kota Kendari,Sulawesi Tenggara,nan,"Jl. Ir. H. Alala, Tipulu, Kec. Kendari Bar., Kota Kendari, Sulawesi Tenggara",,,OK_TEXT
ChIJn9mQqtkBhzIRmKLKw49o9oo,Kebun Binatang Tandurusa,Kota Bitung,Sulawesi Utara,Kota Bitung,Sulawesi Utara,nan,"F646+2Q9, Aertembaga Dua, Aertembaga, Kota Bitung, Sulawesi Utara",,,OK_GEO
ChIJyVJOTUvsiy0R8NtZ82L9eR4,Masjid Arqam Baburahman,Kota Palu,Sulawesi Tengah,Kota Palu,Sulawesi Tengah,nan,"4V83+9HC, Jl. Cumi-Cumi, Lere, Kec. Palu Bar., Kota Palu, Sulawesi Tengah 94111",,,OK_TEXT
ChIJ-zKCTWCllS0Rjb3yVvau-vo,Menralo Beach & Resort,Kabupaten Pinrang,Sulawesi Selatan,Kabupaten Pinrang,Sulawesi Selatan,nan,"Dusun Menralo, Wiringtasi, Kec. Suppa, Kabupaten Pinrang, Sulawesi Selatan 91272",,,OK_GEO
ChIJq6qqqi8hvy0R1TsbD1lX4o4,Permandian Taman Wisata Rita,Kabupaten Takalar,Sulawesi Selatan,Kabupaten Takalar,Sulawesi Selatan,nan,"Bonto Kanang, Kec. Galesong Sel., Kabupaten Takalar, Sulawesi Selatan",,,OK_GEO
ChIJFVxc1rXtiy0RlRQTQ9JP0pE,Sou Raja Cagar Budaya Banua Oge,Kota Palu,Sulawesi Tengah,Kota Palu,Sulawesi Tengah,nan,"4V64+C98, Jl. Pangeran Hidayat, Lere, Kec. Palu Bar., Kota Palu, Sulawesi Tengah 94221",,,OK_TEXT
ChIJXea6zDTJhy0Ryob-pcHI1Ik,Taman Nasional Kepulauan Togean,Kabupaten Tojo Una-Una,Sulawesi Tengah,Kabupaten Tojo Una-Una,Sulawesi Tengah,nan,"HV7X+VXP, Wakai, Sulawesi Tengah",,,OK_GEO
ChIJN6HdDbAdvy0RfgRh2_kWt5g,Pantai Tanjung Layar Putih,Kota Makassar,Sulawesi Selatan,Kota Makassar,Sulawesi Selatan,nan,"Unnamed Road, Tanjung Merdeka, Tamalate, Makassar City, South Sulawesi 90225",,,OK_GEO
ChIJU4SwWwijhzIRLgwB9H4u6VM,Desa Wisata Budo,Kabupaten Minahasa Utara,Sulawesi Utara,Kabupaten Minahasa Utara,Sulawesi Utara,nan,"Unnamed Road, Budo, Wori, Kabupaten Minahasa Utara, Sulawesi Utara",,,OK_GEO
ChIJA_KgHNMElC0RUomG4ortaQY,Gunung Latimojong,Kabupaten Luwu,Sulawesi Selatan,Kabupaten Luwu,Sulawesi Selatan,Kabupaten Enrekang,"To'lajuk, Kec. Latimojong, Kabupaten Luwu, Sulawesi Selatan",,,TEXT_WIN
ChIJT8pMOHe3iy0RPkclhtJKetA,Donggala Tanjung Karang Beach,Kabupaten Donggala,Sulawesi Tengah,Kabupaten Donggala,Sulawesi Tengah,nan,"9P3Q+JMV, Labuan Bajo, Kec. Banawa, Kabupaten Donggala, Sulawesi Tengah 94351",,,OK_GEO
ChIJd07l-gPsky0ROZmLYepQjWc,Kuburan Batu Lemo,Kabupaten Tana Toraja,Sulawesi Selatan,Kabupaten Tana Toraja,Sulawesi Selatan,nan,"XV4G+XWW, Lemo, Kec. Makale Utara, Kabupaten Tana Toraja, Sulawesi Selatan 92119",,,OK_TEXT
ChIJB41blu6Kky0Rtv7q-cl0l30,Kebun Raya Massenrempulu,Kabupaten Enrekang,Sulawesi Selatan,Kabupaten Enrekang,Sulawesi Selatan,nan,"Jl. Poros Sidrap Endrekang Tator KM.22, Karrang, Kec. Cendana, Kabupaten Enrekang, Sulawesi Selatan 91711",,,OK_GEO
ChIJa7mHB0j0uy0RcWnD_bUB4M0,Pantai Marumasa,Kabupaten Bulukumba,Sulawesi Selatan,Kabupaten Bulukumba,Sulawesi Selatan,nan,"CFF5+VQ2, Darubiah, Kec. Bonto Bahari, Kabupaten Bulukumba, Sulawesi Selatan 92571",,,OK_GEO
ChIJh8W8LUU9fjIRKqdcL7Fo7WY,Patung Bogani,Kota Kotamobagu,Sulawesi Utara,Kota Kotamobagu,Sulawesi Utara,nan,"P8Q9+X3X, Jalan Ratahan, Kotamobagu, Kotamobagu Barat, Kotamobagu City, North Sulawesi 95716",,,OK_GEO
ChIJFbg0aIlSeDIRa1ScV9xEbpc,Pantai Bolihutuo,Kabupaten Boalemo,Gorontalo,Kabupaten Gorontalo,Gorontalo,Kabupaten Boalemo,"Bolihutuo, Kec. Botumoito, GORONTALO, Gorontalo 96264",,,TEXT_WIN
ChIJY07_N53_uy0RizPBzz_yRVw,Taman Cekkeng Bulukumba,Kabupaten Bulukumba,Sulawesi Selatan,Kabupaten Bulukumba,Sulawesi Selatan,nan,"C6W3+JF2 Taman Cekkeng, Ela-Ela, Kec. Ujung Bulu, Kabupaten Bulukumba, Sulawesi Selatan",,,OK_GEO
ChIJdd_TY2v0uy0R297s-xozVeA,Tanjung Bira,Kabupaten Bulukumba,Sulawesi Selatan,Kabupaten Bulukumba,Sulawesi Selatan,nan,"Bira, Kec. Bonto Bahari, Kabupaten Bulukumba, Sulawesi Selatan",,,OK_GEO
ChIJeUo7OAcovi0RqzxgIRl_4rY,Pantai Ujung Batu,Kabupaten Barru,Sulawesi Selatan,Kabupaten Barru,Sulawesi Selatan,nan,"HJR2+MPF, Jl. Ladullah, Sumpang Binangae, Kec. Barru, Kabupaten Barru, Sulawesi Selatan 90712",,,OK_GEO
ChIJ-YSP9irfvi0RkkXfP2_PdGg,Taman Cinta Palleko,Kabupaten Takalar,Sulawesi Selatan,Kabupaten Takalar,Sulawesi Selatan,nan,"1, Jl. Hj Manila Dg Pati Palleko, Malewang, Kec. Polombangkeng Utara, Kabupaten Takalar, Sulawesi Selatan 92221",,,OK_GEO
ChIJ73KT8xDpvi0Rl1YJO8thhPo,Parangloe Waterfall,Kabupaten Gowa,Sulawesi Selatan,Kabupaten Gowa,Sulawesi Selatan,nan,"QMC7+F7P, Belapunranga, Kec. Parangloe, Kabupaten Gowa, Sulawesi Selatan 92173",,,OK_GEO
ChIJVVVVVZUkvi0RA3nnXL5q0Tg,Celebes Canyon,Kabupaten Barru,Sulawesi Selatan,Kabupaten Barru,Sulawesi Selatan,nan,"FPX8+MG7, Libureng, Kec. Tanete Riaja, Kabupaten Barru, Sulawesi Selatan 90762",,,OK_GEO
ChIJw5_ui-3KlS0RIE1CODcIa5g,Monumen Bambu Runcing Rappang,Kabupaten Sidenreng Rappang,Sulawesi Selatan,Kabupaten Sidenreng Rappang,Sulawesi Selatan,nan,"5R48+CF6, Rappang, Kec. Panca Rijang, Kabupaten Sidenreng Rappang, Sulawesi Selatan 91651",,,OK_GEO
ChIJ9YSATF2TmC0R5kfNwf1ayuc,Pantai Nambo,Kota Kendari,Sulawesi Tenggara,Kota Kendari,Sulawesi Tenggara,nan,"Nambo, Kec. Abeli, Kota Kendari, Sulawesi Tenggara 93238",,,OK_GEO
ChIJXTcpHW1VhjIRVG7FA65viP4,Pantai Batuangus,Kota Bitung,Sulawesi Utara,Kota Bitung,Sulawesi Utara,nan,"G66W+738, Kasawari, Aertembaga, Kota Bitung, Sulawesi Utara",,,OK_TEXT
ChIJNSdzOHomvC0RDsVrZCi7xS4,Taman Purbakala Batu Pake Gojeng,Kabupaten Sinjai,Sulawesi Selatan,Kabupaten Sinjai,Sulawesi Selatan,nan,"Jl. Veteran, Biringere, Kec. Sinjai Utara, Kabupaten Sinjai, Sulawesi Selatan 92611",,,OK_GEO
ChIJb3wqazE1hzIRONZK8BaWkAg,Pantai Lumintang Bentenan Ratahan,Kabupaten Minahasa Tenggara,Sulawesi Utara,Kabupaten Minahasa Tenggara,Sulawesi Utara,nan,"XVXR+MJM, Bentenan Satu, Pusomaen, Kabupaten Minahasa Tenggara, Sulawesi Utara 95997",,,OK_GEO
ChIJazcVbYRfiS0R4xedH42NQvY,Taman Budaya Hasan Bahasyuan Masigi,Kabupaten Parigi Moutong,Sulawesi Tengah,Kabupaten Parigi Moutong,Sulawesi Tengah,nan,"55Q9+F32, Jl. Telkom, Masigi, Kec. Parigi, Kabupaten Parigi Moutong, Sulawesi Tengah 94471",,,OK_GEO
ChIJd29aXN5lkC0RHeYUneEM2JY,Pantai Molino Tapuondau,Kabupaten Luwu Timur,Sulawesi Selatan,Kabupaten Luwu Timur,Sulawesi Selatan,nan,"Jl. Lamattulia, Sorowako, Kec. Nuha, Kabupaten Luwu Timur, Sulawesi Selatan 92983",,,OK_GEO
ChIJkVDDNZPBiy0RXF22dIbsG7A,Taipa Beach,Kota Palu,Sulawesi Tengah,Kota Palu,Sulawesi Tengah,nan,"6V96+354, Jl. Taipa Beach, Taipa, Kec. Palu Utara, Kota Palu, Sulawesi Tengah 94141",,,OK_GEO
ChIJ_6bX7JXtiy0RlLsoL3FnFxM,Museum Negeri Provinsi Sulawesi Tengah - Palu,Kota Palu,Sulawesi Tengah,Kota Palu,Sulawesi Tengah,nan,"Jl. Kemiri No.23, Kamonji, Kec. Palu Bar., Kota Palu, Sulawesi Tengah 94111",,,OK_TEXT
ChIJHWTKznqokS0RI_-LWx9Dtkc,Pantai Lemo,Kabupaten Luwu Timur,Sulawesi Selatan,Kabupaten Luwu Timur,Sulawesi Selatan,nan,"9P7G+WHG, Mabonta, Kec. Burau, Kabupaten Luwu Timur, Sulawesi Selatan 92975",,,OK_GEO
ChIJ1ZBMU7Y2oS0Rx1AXkt7h0D4,Pantai Cemara,Kabupaten Wakatobi,Sulawesi Tenggara,Kabupaten Wakatobi,Sulawesi Tenggara,nan,"Jl. Raya, Sombu, Wangi-Wangi Sel., Kabupaten Wakatobi, Sulawesi Tenggara 93791",,,OK_GEO
ChIJ9yG7GazVeDIRZTHRUer5M9w,Dulanga Beach,Kabupaten Gorontalo,Gorontalo,Kabupaten Gorontalo,Gorontalo,nan,"F2WH+3G4, Bongo, Kec. Batudaa Pantai, Kabupaten Gorontalo, Gorontalo 96132",,,OK_GEO
ChIJuysuSmallS0RF2pb6voApAo,Wisata Pantai Lowita,Kabupaten Pinrang,Sulawesi Selatan,Kabupaten Pinrang,Sulawesi Selatan,nan,"Tasiwalie, Kec. Suppa, Kabupaten Pinrang, Sulawesi Selatan 91272",,,OK_GEO
ChIJFzIoZMWSvi0RygyTpu9NweY,Air Terjun Pung Bunga Bonto Manurung,Kabupaten Maros,Sulawesi Selatan,Kabupaten Maros,Sulawesi Selatan,nan,"RRX2+X8F, Desa Bontomanurung, Kecamatan Tompobulu, Bonto Somba, Kec. Tompobulu, Kabupaten Maros, Sulawesi Selatan 90561",,,OK_GEO
ChIJ8ZlGULB_oy0RZS4Sd1H7z_4,Pantai Mutiara,Kabupaten Buton,Sulawesi Tenggara,Kabupaten Buton,Sulawesi Tenggara,Kabupaten Buton Tengah,"J839+GWQ, Gumamano, Kec. Mawasangka, Kabupaten Buton, Sulawesi Tenggara 93762",,,TEXT_WIN
ChIJD-R4Mt4qfzIRPAj484Euv5Y,Whale Shark Gorontalo,Kabupaten Bone Bolango,Gorontalo,Kabupaten Bone Bolango,Gorontalo,nan,"Botubarani, Kec. Kabila Bone, Kabupaten Bone Bolango, Gorontalo 96117",,,OK_GEO
ChIJXaMQ95z_uy0Rftfn_VFlirM,Cekkeng Nursery,Kabupaten Bulukumba,Sulawesi Selatan,Kabupaten Bulukumba,Sulawesi Selatan,nan,"C6V2+WGQ, Terang-Terang, Kec. Ujung Bulu, Kabupaten Bulukumba, Sulawesi Selatan",,,OK_GEO
ChIJ2x3qApaLoy0RCjEF99fk664,Wisata Batu Sori,Kota Baubau,Sulawesi Tenggara,Kota Baubau,Sulawesi Tenggara,nan,"MJ7X+HCJ, Jl. Kolagana, Palabusa, Kec. Bungi, Kota Bau-Bau, Sulawesi Tenggara 93758",,,OK_GEO
ChIJF1-ajwNXvi0RzELhRybnFsc,Taman Batu Rammang-Rammang,Kabupaten Maros,Sulawesi Selatan,Kabupaten Maros,Sulawesi Selatan,nan,"3H9X+WXW, Salenrang, Kec. Bontoa, Kabupaten Maros, Sulawesi Selatan 90554",,,OK_GEO
ChIJc9xg18BXkS0R-Wc7DatCp_g,Wisata Alam Wai Tiddo,Kabupaten Luwu,Sulawesi Selatan,Kabupaten Luwu,Sulawesi Selatan,nan,"Bukit Harapan, Kec. Bua, Kabupaten Luwu, Sulawesi Selatan 91991",,,OK_GEO
ChIJh-A7Mei6gDIRSaQ-SWQjNh0,Pantai Lakban Ratatotok,Kabupaten Minahasa Tenggara,Sulawesi Utara,Kabupaten Minahasa Tenggara,Sulawesi Utara,nan,"Ratatotok Tim., Kec. Ratatotok, Sulawesi Utara 95997",,,OK_GEO
ChIJm95ra5qqeTIRI-nSh6-J-eY,Alun Alun Tilamuta,Kabupaten Boalemo,Gorontalo,Kabupaten Boalemo,Gorontalo,nan,"G8HW+M9R, Limbato, Kec. Tilamuta, Kabupaten Boalemo, Gorontalo 96263",,,OK_GEO
ChIJvSR35jO3vi0RcQ1R0J-jlC0,Lembah Hijau Rumbia Resort,Kabupaten Jeneponto,Sulawesi Selatan,Kabupaten Jeneponto,Sulawesi Selatan,nan,"HV6G+RGP, Tompobulu, Kec. Rumbia, Kabupaten Jeneponto, Sulawesi Selatan 92175",,,OK_GEO
ChIJbVySAz5YkC0Re3ltEhqjm0Q,Tanggul Bantaran Sungai Malili,Kabupaten Luwu Timur,Sulawesi Selatan,Kabupaten Luwu Timur,Sulawesi Selatan,nan,"937W+MR6, tanggul, Kec. Malili, Kabupaten Luwu Timur, Sulawesi Selatan 91981",,,OK_GEO
ChIJS2Mop9mghi0R2IgfFWGS_Tw,Taman Pantai mahaas,Kabupaten Banggai,Sulawesi Tengah,Kabupaten Banggai,Sulawesi Tengah,nan,"2Q6V+6RJ, Jl. Dr. Moh. Hatta, Kec. Luwuk Selatan, Kabupaten Banggai, Sulawesi Tengah",,,OK_TEXT
ChIJoahah8FyhzIRmi_Q_ZKlRl8,Air Terjun Kali,Kota Tomohon,Sulawesi Utara,Kota Tomohon,Sulawesi Utara,nan,"9RJP+3CM, Unnamed Road, Tinoor Satu, Kec. Tomohon Utara, Kota Tomohon, Sulawesi Utara",,,OK_GEO
ChIJvyp-MLKNmC0Rnh_v0sKZNdQ,Tugu Adibahasa,Kota Kendari,Sulawesi Tenggara,Kota Kendari,Sulawesi Tenggara,nan,"XF7W+RP3, Baruga, Kec. Baruga, Kota Kendari, Sulawesi Tenggara 93116",,,OK_GEO
ChIJj9qOuW91hzIREPCRa-m4SzQ,Malalayang Beach Walk,Kota Manado,Sulawesi Utara,Kota Manado,Sulawesi Utara,nan,"FQ6Q+5XX, Jl. Wolter Monginsidi No.83, Malalayang Dua, Kec. Malalayang, Kota Manado, Sulawesi Utara 95162",,,OK_GEO
ChIJM10VeEdavi0RFhf9CrmapFA,Tonasa Park,Kabupaten Pangkajene Dan Kepulauan,Sulawesi Selatan,Kabupaten Pangkajene Dan Kepulauan,Sulawesi Selatan,nan,"4J5P+34F, Tonasa, Kec. Balocci, Kabupaten Pangkajene Dan Kepulauan, Sulawesi Selatan 90661",,,OK_GEO
ChIJ75ytWd9ekS0RIUe5wDvqxDQ,Taman Segitiga Binturu Palopo (I Love Palopo),Kota Palopo,Sulawesi Selatan,Kota Palopo,Sulawesi Selatan,nan,"X6Q4+33X, Binturu, Kec. Wara Sel., Kota Palopo, Sulawesi Selatan 91923",,,OK_GEO
ChIJyRqTOnILhzIRwJDsKjgt9v4,BENDUNGAN KUWIL KAWANGKOAN,Kabupaten Minahasa Utara,Sulawesi Utara,Kabupaten Minahasa Utara,Sulawesi Utara,nan,"Jl. Kuwil - Kalawat, Kawangkoan, Kec. Kalawat, Kabupaten Minahasa Utara, Sulawesi Utara",,,OK_GEO
ChIJ0axvt03Vvi0RU2HTJDqkGLc,Pantai Barugaya Punaga,Kabupaten Takalar,Sulawesi Selatan,Kabupaten Takalar,Sulawesi Selatan,nan,"CC8J+QP6, Punaga, Kec. Mangarabombang, Kabupaten Takalar, Sulawesi Selatan 92261",,,OK_GEO
ChIJ9_lu9sF6hzIRaUNk-lnjJbM,Pantai Mangatasik,Kabupaten Minahasa Selatan,Sulawesi Utara,Kabupaten Minahasa Selatan,Sulawesi Utara,nan,"Mangatasik, Tanahwangko, Ranowangko, Kec. Tombariri, Kabupaten Minahasa Selatan, Sulawesi Utara",,,OK_TEXT
ChIJWx4rk1TtmC0R3Gy2qxNcK5s,Parkiran Sederhana (POS 1 menuju Puncak Victo & Air Terjun Amarilis),Kota Kendari,Sulawesi Tenggara,Kota Kendari,Sulawesi Tenggara,nan,"Jl. Kodya, Watu-Watu, Kec. Kendari Bar., Kota Kendari, Sulawesi Tenggara 93873",,,OK_GEO
ChIJ2bGMnSIThzIR0ZmYHkp3MhU,Puncak Temboan Rurukan,Kabupaten Minahasa,Sulawesi Utara,Kabupaten Minahasa,Sulawesi Utara,Kota Tomohon,"8VPM+HQW, Bar., Masarang, Kec. Tondano Bar., Kabupaten Minahasa, Sulawesi Utara",,,TEXT_WIN
ChIJ6WR-NNUOhzIRAuETTgAoOCk,Monumen Kaki Dian Minahasa Utara,Kabupaten Minahasa Utara,Sulawesi Utara,Kabupaten Minahasa Utara,Sulawesi Utara,nan,"CXPV+P6M, Airmadidi Atas, Kec. Airmadidi, Kabupaten Minahasa Utara, Sulawesi Utara",,,OK_GEO
ChIJFSWH81T9vi0RU8qwJcyfpRE,Vihara Girinaga,Kota Makassar,Sulawesi Selatan,Kota Makassar,Sulawesi Selatan,nan,"Jl. G. Salahutu II No.11, Mardekaya Utara, Kec. Makassar, Kota Makassar, Sulawesi Selatan 90144",,,OK_GEO
ChIJm2ARhY1Zvi0RScrNpe7O8Rw,Wisata Dolli Bungaeja,Kabupaten Maros,Sulawesi Selatan,Kabupaten Maros,Sulawesi Selatan,nan,"Tukamasea, Kec. Bantimurung, Kabupaten Maros, Sulawesi Selatan 90561",,,OK_GEO
ChIJSaKNmij-eDIRaOhLadIeIYo,Pantai Ratu,Kabupaten Boalemo,Gorontalo,Kabupaten Boalemo,Gorontalo,nan,"Tenilo, Kec. Tilamuta, Kabupaten Boalemo, Gorontalo",,,OK_GEO
ChIJIWkMExq-vi0RmmaU-GEFO9k,Air Terjun Ketemu Jodoh,Kabupaten Gowa,Sulawesi Selatan,Kabupaten Gowa,Sulawesi Selatan,nan,"PVF8+W47, Bonto Lerung, Kec. Tinggimoncong, Kabupaten Gowa, Sulawesi Selatan 92174",,,OK_GEO
ChIJzSi5rm7hvi0RyCFiCGmw1T4,Rainbow Garden Gowa,Kabupaten Gowa,Sulawesi Selatan,Kabupaten Gowa,Sulawesi Selatan,nan,"Jl. Dato Ripanggentungang, Tamarunang, Kec. Somba Opu, Kabupaten Gowa, Sulawesi Selatan 92112",,,OK_GEO
ChIJq4Fl004_hzIR2ibpy2vl1E0,Danau Tondano,Kabupaten Minahasa,Sulawesi Utara,Kabupaten Minahasa,Sulawesi Utara,nan,"Kabupaten Minahasa, Sulawesi Utara",,,OK_TEXT
ChIJseKsAsbnvi0RLKQR3RysTmU,Ekowisata Butta Gowa Resort - Wisata Alam Bili-Bili,Kabupaten Gowa,Sulawesi Selatan,Kabupaten Gowa,Sulawesi Selatan,nan,"Jl. Malino, Bontoparang, Kec. Parangloe, Kabupaten Gowa, Sulawesi Selatan 92173",,,OK_GEO
ChIJAZqhf6JflC0RHKTVJnjP0KA,Pantai Al Fath Stira Paradise,Kabupaten Pinrang,Sulawesi Selatan,Kabupaten Pinrang,Sulawesi Selatan,nan,"Kampung Serang, Data, Duampanua, Pinrang Regency, South Sulawesi 91251",,,OK_GEO
ChIJeX4hZjfzlS0ROkZaQ5rdV6Y,Takae Highland,Kabupaten Soppeng,Sulawesi Selatan,Kabupaten Soppeng,Sulawesi Selatan,nan,"Unnamed Road, Pising, Kec. Donri Donri, Kabupaten Soppeng, Sulawesi Selatan 90853",,,OK_GEO
ChIJG3XCqPlthzIRPf5Vdqxjmek,Taman Wisata Pelangi,Kota Tomohon,Sulawesi Utara,Kota Tomohon,Sulawesi Utara,nan,"Jalan Gunung Lokon, Kakaskasen Dua, Kec. Tomohon Utara, Kota Tomohon, Sulawesi Utara",,,OK_GEO
ChIJcQzd97mJlC0RSL8nuZ39_ZM,Polman Waterboom,Kabupaten Polewali Mandar,Sulawesi Barat,Kabupaten Polewali Mandar,Sulawesi Barat,nan,"Rea, Kec. Binuang, Kabupaten Polewali Mandar, Sulawesi Barat 91312",,,OK_GEO
ChIJdYjT72H_dTIRimL1vwZ7Zak,Tugu Khatulistiwa Sulawesi Tengah,Kabupaten Parigi Moutong,Sulawesi Tengah,Kabupaten Parigi Moutong,Sulawesi Tengah,nan,"232V+6VV, Jl. Trans Sulawesi, Khatulistiwa, Kec. Tinombo Sel., Kabupaten Parigi Moutong, Sulawesi Tengah 94475",,,OK_GEO
ChIJIcNDoECTmi0RjGqHJmB60n4,Taman Kota Fonuasingko,Kabupaten Morowali,Sulawesi Tengah,Kabupaten Morowali,Sulawesi Tengah,nan,"GW9P+V9V, Bente, Kec. Bungku Tengah, Kabupaten Morowali, Sulawesi Tengah 94973",,,OK_GEO
ChIJtXCXd-H2uy0Rv1p5JoheR0k,Pantai Lemo-Lemo,Kabupaten Bulukumba,Sulawesi Selatan,Kabupaten Bulukumba,Sulawesi Selatan,nan,"Tanah Lemo, Kec. Bonto Bahari, Kabupaten Bulukumba, Sulawesi Selatan 92571",,,OK_GEO
ChIJEYYfy1_Yki0Rj1XsHjIt2Ao,Puncak Mamuju(Kelapa Tujuh),Kabupaten Mamuju,Sulawesi Barat,Kabupaten Mamuju,Sulawesi Barat,nan,"8W32+RRF, Rimuku, Kec. Mamuju, Kabupaten Mamuju, Sulawesi Barat 91511",,,OK_TEXT
ChIJv-Y6KP-Qoi0RXQg8euFeZEo,Taman Nasional Rawa Aopa Watumohai,Kabupaten Konawe Selatan,Sulawesi Tenggara,Kabupaten Konawe Selatan,Sulawesi Tenggara,Kabupaten Bombana,"Kantor Balai Taman Nasional Rawa Aopa Watumohai, Tatangge, Tinanggea, Kabupaten Konawe Selatan, Sulawesi Tenggara 93885",,,TEXT_WIN
ChIJ7W3_zLAzuS0RRrstfxOGPrA,Jeneponto Waterpark,Kabupaten Jeneponto,Sulawesi Selatan,Kabupaten Jeneponto,Sulawesi Selatan,nan,"Tonrokassi Tim., Kec. Tamalatea, Kabupaten Jeneponto, Sulawesi Selatan 92351",,,OK_GEO
ChIJRQPxr8mfhzIROs5o5FpPdbw,Rumah Makan Tepi Pantai,Kota Manado,Sulawesi Utara,Kota Manado,Sulawesi Utara,nan,"GR5V+WHX, Jl. Boulevard II, Bitung Karangria, Kec. Tuminting, Kota Manado, Sulawesi Utara 95239",,,OK_GEO
ChIJ7xHrNABthzIRLM2SoPGd0F0,Kilapong hills,Kota Tomohon,Sulawesi Utara,Kota Tomohon,Sulawesi Utara,nan,"8VC5+4JQ, Matani Satu, Kec. Tomohon Tengah, Kota Tomohon, Sulawesi Utara",,,OK_GEO
ChIJxxnGbkW1iy0Ra4tIZFAoHYo,Pantai Enu,Kabupaten Donggala,Sulawesi Tengah,Kabupaten Donggala,Sulawesi Tengah,nan,"FQ8H+73G, Enu, Kec. Sindue, Kabupaten Donggala, Sulawesi Tengah 94353",,,OK_GEO
ChIJwTuOcDOfhzIRXq2emm5JEiQ,Taman Hutan Raya Gunung Tumpa H. V. Worang,Kota Manado,Sulawesi Utara,Kota Manado,Sulawesi Utara,nan,"HR7M+49C, Tongkeina, Kec. Bunaken, Kota Manado, Sulawesi Utara",,,OK_GEO
ChIJwSYFXhRqhzIRtJYe27DF2SI,Taman Wisata Toar Lumimuut,Kabupaten Minahasa,Sulawesi Utara,Kabupaten Minahasa,Sulawesi Utara,nan,"Tounelet, Kec. Sonder, Kabupaten Minahasa, Sulawesi Utara",,,OK_TEXT
ChIJGTJCx04KizIRUZhRYRwlIus,Taman Malahasa Kota Tahuna,Kabupaten Kepulauan Sangihe,Sulawesi Utara,Kabupaten Kepulauan Sangihe,Sulawesi Utara,nan,"JG64+3F8, Tim, Tona II, Kec. Tahuna Tim., Kabupaten Kepulauan Sangihe, Sulawesi Utara",,,OK_TEXT
ChIJ8UppAtHSvS0RtT9v-X1RPjY,Pantai Tete,Kabupaten Bone,Sulawesi Selatan,Kabupaten Bone,Sulawesi Selatan,nan,"Gulf of Boni, Kec. Tonra, Kabupaten Bone, Sulawesi Selatan",,,OK_GEO
ChIJxULGNOi6li0RRB3IXaujkco,Taman Andi Benni Belopa,Kabupaten Luwu,Sulawesi Selatan,Kabupaten Luwu,Sulawesi Selatan,nan,"J939+J4M, Senga, Kec. Belopa, Kabupaten Luwu, Sulawesi Selatan 91994",,,OK_GEO
ChIJ85p28LG9vi0REVu3MskXkE4,Lembah Ramma,Kabupaten Gowa,Sulawesi Selatan,Kabupaten Gowa,Sulawesi Selatan,nan,"Bonto Lerung, Kec. Tinggimoncong, Kabupaten Gowa, Sulawesi Selatan 92174",,,OK_GEO
ChIJ7ZxP8HPzmC0REU-OrUlDVdI,Mantara Waterpark Kendari,Kota Kendari,Sulawesi Tenggara,Kota Kendari,Sulawesi Tenggara,nan,"2F94+X9F, Abeli Dalam, Kec. Puuwatu, Kota Kendari, Sulawesi Tenggara 93114",,,OK_GEO
ChIJWxmPqMMVhzIRiyS35N3GIsw,Ketama Adventure Park,Kabupaten Minahasa,Sulawesi Utara,Kabupaten Minahasa,Sulawesi Utara,nan,"Touliang Oki, Kec. Eris, Kabupaten Minahasa, Sulawesi Utara",,,OK_TEXT
ChIJCS5i9cLmoi0RwLIa6xF4lwI,RTH Bombana,Kabupaten Bombana,Sulawesi Tenggara,Kabupaten Bombana,Sulawesi Tenggara,nan,"63G2+VX5, Jl. Yos Sudarso Poros, Kasipute, Kec. Rumbia, Kabupaten Bombana, Sulawesi Tenggara 93771",,,OK_GEO
ChIJac4rFFXVeDIR_LEix89qktw,Taman Wisata Religius Bubohu,Kabupaten Gorontalo,Gorontalo,Kabupaten Gorontalo,Gorontalo,nan,"F2WM+R7C, Unnamed Road, Bongo, Kec. Batudaa Pantai, Kabupaten Gorontalo, Gorontalo 96132",,,OK_GEO
ChIJGdsvEbuzvi0RBxcD4tgfXUI,Air Terjun Bissappu,Kabupaten Bantaeng,Sulawesi Selatan,Kabupaten Bantaeng,Sulawesi Selatan,nan,"FWQ6+4XJ, Bonto Salluang, Kec. Bissappu, Kabupaten Bantaeng, Sulawesi Selatan 92451",,,OK_GEO
ChIJn3O3sS5avi0R-I54mB-dLQI,Danau Hijau Balocci,Kabupaten Pangkajene Dan Kepulauan,Sulawesi Selatan,Kabupaten Pangkajene Dan Kepulauan,Sulawesi Selatan,nan,"3JVV+M8M, Balocci Baru, Kec. Balocci, Kabupaten Pangkajene Dan Kepulauan, Sulawesi Selatan 90661",,,OK_GEO
ChIJMz3W9paRli0REh0F9hhBLko,Pantai Ponnori,Kabupaten Luwu,Sulawesi Selatan,Kabupaten Luwu,Sulawesi Selatan,nan,"9CC7+RMW Gulf of Boni, Ponnori, Temboe, Kec. Larompong Sel., Kabupaten Luwu, Sulawesi Selatan 91998",,,OK_GEO
ChIJtSVHfX27lS0RkrVSYEq0uDw,Masjid Terapung B.J. Habibie,Kota Parepare,Sulawesi Selatan,Kota Parepare,Sulawesi Selatan,nan,"Cappa Galung, Kec. Bacukiki Bar., Kota Parepare, Sulawesi Selatan",,,OK_GEO
ChIJEQTXcR4ChzIRf1hVfFyHqZI,Tugu Trikora,Kota Bitung,Sulawesi Utara,Kota Bitung,Sulawesi Utara,nan,"Batulubang, Lembeh Island, Kota Bitung, Sulawesi Utara",,,OK_GEO
ChIJC5OgOZzmji0RpWEEzBtWHZI,Pantai Imbo,Kabupaten Poso,Sulawesi Tengah,Kabupaten Poso,Sulawesi Tengah,nan,"Tegal Rejo, Kec. Poso Kota Utara, Kabupaten Poso, Sulawesi Tengah",,,OK_GEO
ChIJjzNDkVTpky0RElzQUHrNjfI,Kolam Renang Alam Tilanga,Kabupaten Tana Toraja,Sulawesi Selatan,Kabupaten Tana Toraja,Sulawesi Selatan,nan,"XV7P+WW2, Unnamed Rd, Sarira, Kec. Makale Utara, Kabupaten Tana Toraja, Sulawesi Selatan 91852",,,OK_TEXT
ChIJ4enP9kJKeDIRbKZ72a9vk_U,Pantai Libuo,Kabupaten Pohuwato,Gorontalo,Kabupaten Pohuwato,Gorontalo,nan,"F298+5PF, Libuo, Kec. Paguat, Kabupaten Pohuwato, Gorontalo",,,OK_GEO
ChIJf16wiHL0uy0Rdv0OqkX3aLc,Pantai Panrangluhu,Kabupaten Bulukumba,Sulawesi Selatan,Kabupaten Bulukumba,Sulawesi Selatan,nan,"Kec. Bonto Bahari, Kabupaten Bulukumba, Sulawesi Selatan 92571",,,OK_GEO
ChIJiUC7rVqokS0RMpFZWKVsYkQ,Pantai Ujung Suso,Kabupaten Luwu Timur,Sulawesi Selatan,Kabupaten Luwu Timur,Sulawesi Selatan,nan,"Mabonta, Kec. Burau, Kabupaten Luwu Timur, Sulawesi Selatan",,,OK_GEO
ChIJ-9BXydFrhzIROCqDyWbP_80,Mah'watu,Kota Tomohon,Sulawesi Utara,Kota Tomohon,Sulawesi Utara,nan,"Lahendong, Kec. Tomohon Sel., Kota Tomohon, Sulawesi Utara",,,OK_TEXT
ChIJ2fANERNzpC0R9nBpcrvk-3A,Hutan Pinus Samparona,Kota Baubau,Sulawesi Tenggara,Kota Baubau,Sulawesi Tenggara,nan,"GM5Q+J62, Unnamed Rd, Kaisabu Baru, Kec. Sorawolio, Kota Bau-Bau, Sulawesi Tenggara 93715",,,OK_GEO
ChIJzbirwBurmS0RoK6SW0slLP0,Air Panas Wawolesea,Kabupaten Konawe Utara,Sulawesi Tenggara,Kabupaten Konawe Utara,Sulawesi Tenggara,nan,"8833+F8W, Wawolesea, Kec. Lasolo, Kabupaten Konawe Utara, Sulawesi Tenggara 93352",,,OK_GEO
ChIJtfYT6aD9vi0RJ7fHIgAeyw4,Kompleks Makam Raja-Raja Tallo,Kota Makassar,Sulawesi Selatan,Kota Makassar,Sulawesi Selatan,nan,"VCWW+R6V, Jl. Sultan Abdullah Raya, Tallo, Kec. Tallo, Kota Makassar, Sulawesi Selatan 90212",,,OK_GEO
ChIJN-a11knLuy0RcHUzrgxHDFc,Taman Pelangi,Kabupaten Kepulauan Selayar,Sulawesi Selatan,Kabupaten Kepulauan Selayar,Sulawesi Selatan,nan,"VFM5+R9G, Benteng Sel., Kec. Benteng, Kab. Kepulauan Selayar, Sulawesi Selatan 92812",,,OK_GEO
ChIJNQzZwmjLiy0RnUwFZMFP-pc,Pantai Wisata Pangi Masaingi,Kabupaten Donggala,Sulawesi Tengah,Kabupaten Donggala,Sulawesi Tengah,nan,"CQ8R+82Q, Masaingi, Kec. Sindue, Kabupaten Donggala, Sulawesi Tengah 94353",,,OK_GEO
ChIJRTlFLeTVvi0RiDLvEfcxuUM,Takalar Beach Waterboom,Kabupaten Takalar,Sulawesi Selatan,Kabupaten Takalar,Sulawesi Selatan,nan,"FCJM+GV3, Topejawa, Kec. Mangarabombang, Kabupaten Takalar, Sulawesi Selatan 92261",,,OK_GEO
ChIJh6r7odQbvC0R55VUMrtuMhY,Kawasan Adat Kajang Ammatoa,Kabupaten Bulukumba,Sulawesi Selatan,Kabupaten Bulukumba,Sulawesi Selatan,nan,"Tanah Toa, Kec. Kajang, Kabupaten Bulukumba, Sulawesi Selatan 92574",,,OK_GEO
ChIJTbbqzkq5iy0RJJ1otKNlmp4,Kura-kura beach,Kabupaten Donggala,Sulawesi Tengah,Kabupaten Donggala,Sulawesi Tengah,nan,"Boneoge, Kec. Banawa, Kabupaten Donggala, Sulawesi Tengah 94351",,,OK_GEO
ChIJr6ctj1oJvC0RMyWoo_FWM3Q,Permandian Alam Limbua,Kabupaten Bulukumba,Sulawesi Selatan,Kabupaten Bulukumba,Sulawesi Selatan,nan,"GCJG+XWC, Ekatiro, Kec. Bonto Tiro, Kabupaten Bulukumba, Sulawesi Selatan",,,OK_GEO
ChIJJ6oMC7ACvy0Rd2H4ib1EHkQ,Museum La Galigo,Kota Makassar,Sulawesi Selatan,Kota Makassar,Sulawesi Selatan,nan,"Jl. Ujung Pandang No.2, Bulo Gading, Kec. Ujung Pandang, Kota Makassar, Sulawesi Selatan 90221",,,OK_GEO
ChIJwwyFvsC4iy0RA5uUbaoqBOw,Kawasan ekowisata eduwisata mangrove GONENGATI JAYA kabonga besar Donggala,Kabupaten Donggala,Sulawesi Tengah,Kabupaten Donggala,Sulawesi Tengah,nan,"Jl. Trans Palu-Donggala, Kabonga Besar, Kec. Banawa, Kabupaten Donggala, Sulawesi Tengah 94351",,,OK_GEO
ChIJ14eVsmoreTIRCJxOlBXV4Qk,Taman Lahilote,Kota Gorontalo,Gorontalo,Kota Gorontalo,Gorontalo,Kabupaten Gorontalo,"Jl. Drs. Achmad Nadjamuddin No.35, Limba U Dua, Kota Sel., Kota Gorontalo, Gorontalo 96138",,,TEXT_WIN
ChIJjdqm7O3mlS0RjMRtFaV1HNY,Taman Jet Tempur,Kabupaten Wajo,Sulawesi Selatan,Kabupaten Wajo,Sulawesi Selatan,nan,"V23M+M5V, Maddukelleng, Kec. Tempe, Kabupaten Wajo, Sulawesi Selatan 90918",,,OK_GEO
ChIJ90FW-v_Bky0R7HNFINjJqS0,Danau Limbong,Kabupaten Toraja Utara,Sulawesi Selatan,Kabupaten Toraja Utara,Sulawesi Selatan,nan,"2VMJ+R9Q, Mentirotiku, Kec. Rantepao, Kabupaten Toraja Utara, Sulawesi Selatan 91833",,,OK_GEO
ChIJZcbRf6OJky0RqX1Vmf0Oz2U,Objek Wisata Ollon Toraja,Kabupaten Tana Toraja,Sulawesi Selatan,Kabupaten Tana Toraja,Sulawesi Selatan,nan,"QMC8+6VP, Ollon, Jl. Ollon, Bau, Kec. Bonggakaradeng, Kabupaten Tana Toraja, Sulawesi Selatan 91872",,,OK_TEXT
ChIJ-WDTCRAKvC0RyFWB9zY4zBQ,Pantai Mandala Ria,Kabupaten Bulukumba,Sulawesi Selatan,Kabupaten Bulukumba,Sulawesi Selatan,nan,"Lembanna, Kec. Bonto Bahari, Kabupaten Bulukumba, Sulawesi Selatan",,,OK_GEO
ChIJYf-bWo71iy0Rnh_OtP4bPmk,Air Terjun Wera,Kabupaten Sigi,Sulawesi Tengah,Kabupaten Sigi,Sulawesi Tengah,nan,"XV42+55V, Balumpewa, Kec. Dolo Bar., Kabupaten Sigi, Sulawesi Tengah 94362",,,OK_TEXT
ChIJFYkF_7ptvi0R-Jgm34zSOPY,Hutan Pinus Bulu Tanah,Kabupaten Bone,Sulawesi Selatan,Kabupaten Bone,Sulawesi Selatan,nan,"Bulu Tanah, Kec. Lappariaja, Kabupaten Bone, Sulawesi Selatan 92763",,,OK_GEO
ChIJ5f2YXpJUhC0Rw0goLO77P6w,Pantai Minahaki,Kabupaten Banggai,Sulawesi Tengah,Kabupaten Banggai,Sulawesi Tengah,nan,"G93Q+V97, Kec. Toili, Kabupaten Banggai, Sulawesi Tengah",,,OK_TEXT
ChIJT99q-DFxhzIRRfbtZ7muDac,Pantai Bulo,Kabupaten Minahasa,Sulawesi Utara,Kabupaten Minahasa,Sulawesi Utara,nan,"CPPR+WJC, Kalasey Satu, Kec. Pineleng, Kabupaten Minahasa, Sulawesi Utara",,,OK_TEXT
ChIJpZo7rHW_lC0RzALN18y_YFI,Pantai Barane Majene,Kabupaten Majene,Sulawesi Barat,Kabupaten Majene,Sulawesi Barat,nan,"FX3W+FJR, Baurung, Kec. Banggae Tim., Kabupaten Majene, Sulawesi Barat",,,OK_TEXT
ChIJQ_9ucZ5fiS0R7VsPswcJb4U,Parigi Toraranga Park,Kabupaten Parigi Moutong,Sulawesi Tengah,Kabupaten Parigi Moutong,Sulawesi Tengah,nan,"55PG+5M5, Loji, Kec. Parigi, Kabupaten Parigi Moutong, Sulawesi Tengah 94471",,,OK_GEO
ChIJD78JS-XmlS0RID_dXpXaED4,Masjid Agung Ummul Quraa,Kabupaten Wajo,Sulawesi Selatan,Kabupaten Wajo,Sulawesi Selatan,nan,"V25J+VGX, Jalan Mesjid Raya, Sengkang, Tempe, Siengkang, Wajo, Kabupaten Wajo, Sulawesi Selatan 90914",,,OK_GEO
ChIJj1uMmPPhli0RhCXnkWHNdjI,Masjid Agung Kolaka Utara,Kabupaten Kolaka Utara,Sulawesi Tenggara,Kabupaten Kolaka Utara,Sulawesi Tenggara,nan,"GV2F+HHV, Jl. Yunus, Makkajareng, Kec. Lasusua, Kabupaten Kolaka Utara, 93914",,,OK_GEO
ChIJ7wkExu1avi0RncaqKfweWZM,Wisata Leang Lonrong,Kabupaten Pangkajene Dan Kepulauan,Sulawesi Selatan,Kabupaten Pangkajene Dan Kepulauan,Sulawesi Selatan,nan,"4JQP+6M6, Panaikang, Kec. Minasatene, Kabupaten Pangkajene Dan Kepulauan, Sulawesi Selatan 90661",,,OK_GEO
ChIJm3UFN90jhzIR-gPSPEjIo58,Ranowangko Beach Resort,Kabupaten Minahasa,Sulawesi Utara,Kabupaten Minahasa,Sulawesi Utara,nan,"625R+Q5Q Pantai Ranowangko, Kayubesi, Kecamatan Kombi, Kabupaten Minahasa, Sulawesi Utara",,,OK_TEXT
ChIJh9FeRXOxhzIRIMTcai0iFCo,Kawasan Wisata Pantai Surabaya,Kabupaten Minahasa Utara,Sulawesi Utara,Kabupaten Minahasa Utara,Sulawesi Utara,nan,"M474+QJ6, Jl. Likupang-Girian, Wineru, Kec. Likupang Tim., Kabupaten Minahasa Utara, Sulawesi Utara",,,OK_GEO
ChIJ8xRxqO3Wki0RA3TZcK-ZJOA,Tapandullu Beach,Kabupaten Mamuju,Sulawesi Barat,Kabupaten Mamuju,Sulawesi Barat,nan,"Tapandullu, Kec. Simboro Dan Kepulauan, Kabupaten Mamuju, Sulawesi Barat",,,OK_TEXT
ChIJiegSuEzBky0R2DXeXKSCPSA,Puncak Dipomelo Pindan,Kabupaten Toraja Utara,Sulawesi Selatan,Kabupaten Toraja Utara,Sulawesi Selatan,nan,"3R9Q+MHM, Kapala Pitu, Kec. Kapala Pitu, Kabupaten Toraja Utara, Sulawesi Selatan 91854",,,OK_GEO
ChIJAQRd7SK7lS0RPqgOJVFOqis,Taman Syariah,Kota Parepare,Sulawesi Selatan,Kota Parepare,Sulawesi Selatan,nan,"XJQG+F5G, Jl. Ganggawa, Ujung Sabbang, Kec. Ujung, Kota Parepare, Sulawesi Selatan 91114",,,OK_GEO
ChIJYTZNMLbmlS0RfHOQuAs7RCY,Saoraja La Tenri Bali,Kabupaten Wajo,Sulawesi Selatan,Kabupaten Wajo,Sulawesi Selatan,nan,"V325+G85, Attakkae, Kec. Tempe, Kabupaten Wajo, Sulawesi Selatan 90918",,,OK_GEO
ChIJUScVhsg1eDIRaEbLbu0iopg,Mangrove Eco Resort,Kabupaten Pohuwato,Gorontalo,Kabupaten Pohuwato,Gorontalo,nan,"FX25+RCP, Pohuwato Tim., Kec. Marisa, Kabupaten Pohuwato, Gorontalo 96265",,,OK_GEO
ChIJ_bckBreyvi0Ryrj97w6WLTQ,Museum Balla Lompoa Bantaeng,Kabupaten Bantaeng,Sulawesi Selatan,Kabupaten Bantaeng,Sulawesi Selatan,nan,"CXX3+XJ3, Jl. Raya Lanto, Letta, Kec. Bantaeng, Kabupaten Bantaeng, Sulawesi Selatan 92411",,,OK_GEO
ChIJDXw822RshzIRifp92LVzxa0,Amphitheater Woloan,Kota Tomohon,Sulawesi Utara,Kota Tomohon,Sulawesi Utara,nan,"8RC6+653, Woloan Satu Utara, Kec. Tomohon Bar., Kota Tomohon, Sulawesi Utara",,,OK_GEO
ChIJ6f5B74IrfzIRNlOjMqFEymk,Pantai Wisata Botutonuo,Kabupaten Bone Bolango,Gorontalo,Kabupaten Bone Bolango,Gorontalo,nan,"Botutonuo, Kec. Kabila Bone, Kabupaten Bone Bolango, Gorontalo",,,OK_GEO
ChIJffrMOh_wiy0RX6lG-VIIPUQ,Kawasan Wisata Tahura Kapopo Ngatabaru,Kabupaten Sigi,Sulawesi Tengah,Kabupaten Sigi,Sulawesi Tengah,nan,"3XH3+M6R, Ngatabaru, Kec. Sigi Biromaru, Kabupaten Sigi, Sulawesi Tengah 94116",,,OK_TEXT
ChIJIZ6tkk3dki0RklC__I1WcDU,Pantai Lombang Lombang,Kabupaten Mamuju,Sulawesi Barat,Kabupaten Mamuju,Sulawesi Barat,nan,"C2HM+4C8, Sinyonyoi, Kec. Kalukku, Kabupaten Mamuju, Sulawesi Barat 91561",,,OK_GEO
ChIJhVSletELvC0Rak1SSfEBNCc,Pantai Samboang,Kabupaten Bulukumba,Sulawesi Selatan,Kabupaten Bulukumba,Sulawesi Selatan,nan,"Samboang Lingk. Erelebu Timur Kel, Ekatiro, Kec. Bonto Tiro, Kabupaten Bulukumba, Sulawesi Selatan 92572",,,OK_GEO
ChIJ2Sdb9ZIDvi0R20HT-zzSfN4,Permandian alam citta,Kabupaten Soppeng,Sulawesi Selatan,Kabupaten Soppeng,Sulawesi Selatan,nan,"Citta, Kec. Citta, Kabupaten Soppeng, Sulawesi Selatan 90861",,,OK_GEO
ChIJ0ZGD9QZfkS0R9JhAR8cYOmk,Istana Langkanae Luwu,Kota Palopo,Sulawesi Selatan,Kota Palopo,Sulawesi Selatan,nan,"Jl. Landau No.18, Batupasi, Kec. Wara Utara, Kota Palopo, Sulawesi Selatan 91911",,,OK_GEO
ChIJZ8XteQppkC0RVA7dYHiuD_s,Danau Matano,Kabupaten Luwu Timur,Sulawesi Selatan,Kabupaten Luwu Timur,Sulawesi Selatan,nan,"Kec. Nuha, Kabupaten Luwu Timur, Sulawesi Selatan",,,OK_GEO
ChIJL66Tyd1rhzIR_8VjJy_egK0,Air Terjun Tumimperas,Kota Tomohon,Sulawesi Utara,Kota Tomohon,Sulawesi Utara,nan,"7QWJ+496, Pinaras, Kec. Tomohon Sel., Kota Tomohon, Sulawesi Utara",,,OK_GEO
ChIJo7lh3ODriy0RW76-Fwkq9iA,Puncak Salena,Kota Palu,Sulawesi Tengah,Kota Palu,Sulawesi Tengah,nan,"Buluri, Kec. Palu Bar., Kota Palu, Sulawesi Tengah 94229",,,OK_GEO
ChIJ4SelooeKvi0R4WYPjeSEs94,Air Terjun Lacolla,Kabupaten Maros,Sulawesi Selatan,Kabupaten Maros,Sulawesi Selatan,nan,"2R9M+5FH, Dusun Malaka, Cenrana Baru, Kec. Cenrana, Kabupaten Maros, Sulawesi Selatan 92754",,,OK_GEO
ChIJS7ssWL-zvi0Rh-uwzgvfrnU,Pantai seruni,Kabupaten Bantaeng,Sulawesi Selatan,Kabupaten Bantaeng,Sulawesi Selatan,nan,"Jl. Mawar, Pallantikang, Kec. Bantaeng, Kabupaten Bantaeng, Sulawesi Selatan 92411",,,OK_GEO
ChIJMyqA7Tvviy0R3ptmjncOsf0,Adilah Garden,Kota Palu,Sulawesi Tengah,Kota Palu,Sulawesi Tengah,nan,"3WXJ+M4H, Kawatuna, Kec. Mantikulore, Kota Palu, Sulawesi Tengah 94118",,,OK_TEXT
ChIJj2_hmo7hli0RnbBPZKSlh_g,Taman Literasi dan Adipura Kolaka Utara,Kabupaten Kolaka Utara,Sulawesi Tenggara,Kabupaten Kolaka Utara,Sulawesi Tenggara,nan,"FVRJ+83R, Lasusua, Kec. Lasusua, Kabupaten Kolaka Utara, Sulawesi Tenggara 93913",,,OK_GEO
ChIJEayUq5kIhzIRXu35BjWh5N8,Gunung Klabat,Kabupaten Minahasa Utara,Sulawesi Utara,Kabupaten Minahasa Utara,Sulawesi Utara,nan,"Lembean, Kec. Kauditan, Kabupaten Minahasa Utara, Sulawesi Utara",,,OK_GEO
ChIJJRKMED4xhzIRFVGS_NIJIN4,Pantai Mahembang,Kabupaten Minahasa,Sulawesi Utara,Kabupaten Minahasa,Sulawesi Utara,nan,"Mahembang, Kec. Kakas, Kabupaten Minahasa, Sulawesi Utara 95862",,,OK_TEXT
ChIJiQrfKFU2uS0RktRniaGO9cg,Taman Turatea,Kabupaten Jeneponto,Sulawesi Selatan,Kabupaten Jeneponto,Sulawesi Selatan,nan,"8P9W+X34, Empoang, Kec. Binamu, Kabupaten Jeneponto, Sulawesi Selatan 92311",,,OK_GEO
ChIJ4-kfMoDnvi0RFihzMeX38SU,Raja Ampat Bollangi Gowa,Kabupaten Gowa,Sulawesi Selatan,Kabupaten Gowa,Sulawesi Selatan,nan,"QH5R+2C4, Unnamed Road, Bontoparang, Kec. Parangloe, Kabupaten Gowa, Sulawesi Selatan 92173",,,OK_GEO
ChIJBf-oUjuWvi0RFJPe2pk5iFI,Air Terjun Lembanna,Kabupaten Gowa,Sulawesi Selatan,Kabupaten Gowa,Sulawesi Selatan,nan,"PWV7+F3Q, Pattapang, Kec. Tinggimoncong, Kabupaten Gowa, Sulawesi Selatan 92171",,,OK_GEO
ChIJk_dJ3m2NmC0Rpw7wnH7ftaQ,Kebun Raya UHO,Kota Kendari,Sulawesi Tenggara,Kota Kendari,Sulawesi Tenggara,nan,"XGPC+RCP, Jl. Syaikh Muhammad Al-Khidhir, Kambu, Kec. Kambu, Kota Kendari, Sulawesi Tenggara 93561",,,OK_GEO
ChIJGS7fwZfnlS0R_bAQILHmLOQ,TAMAN CALLACCU,Kabupaten Wajo,Sulawesi Selatan,Kabupaten Wajo,Sulawesi Selatan,nan,"V29H+Q4G, Teddaopu, Kec. Tempe, Kabupaten Wajo, Sulawesi Selatan 90912",,,OK_GEO
ChIJpzod5rhLhzIRwU17U1dpHq0,Aer Konde Ratahan,Kabupaten Minahasa Tenggara,Sulawesi Utara,Kabupaten Minahasa Tenggara,Sulawesi Utara,nan,"2RR3+G85, Wawali Pasan, Kec. Ratahan, Kabupaten Minahasa Tenggara, Sulawesi Utara",,,OK_GEO
ChIJjb5rK7Edvy0RjbGvVGf5Z-0,Pantai Tanjung Barat Barombong,Kota Makassar,Sulawesi Selatan,Kota Makassar,Sulawesi Selatan,nan,"R93H+XX3, Unnamed Road, Barombong, Kec. Tamalate, Kota Makassar, Sulawesi Selatan 90225",,,OK_GEO
ChIJUUTWO_mwvi0RT2Rs9w-qg5g,Mini Showfarm Bantaeng,Kabupaten Bantaeng,Sulawesi Selatan,Kabupaten Bantaeng,Sulawesi Selatan,nan,"HW4F+RHM, Bonto Lojong, Kec. Uluere, Kabupaten Bantaeng, Sulawesi Selatan 92451",,,OK_GEO
ChIJyV_vDYCDgDIRuxcM3q72Ies,Wisata Tanjung Cemara Batu Buaya,Kabupaten Bolaang Mongondow Timur,Sulawesi Utara,Kabupaten Bolaang Mongondow Timur,Sulawesi Utara,nan,"Iyok, Kec. Nuangan, Kabupaten Bolaang Mongondow Timur, Sulawesi Utara",,,OK_GEO
ChIJcyBY31w9fjIRyjxpJ6O2L2c,TAMAN KOTA,Kota Kotamobagu,Sulawesi Utara,Kota Kotamobagu,Sulawesi Utara,nan,"P8R6+5XF, Gogagoman, Kec. Kotamobagu Bar., Kota Kotamobagu, Sulawesi Utara 95716",,,OK_GEO
ChIJ-S7mmmq-lC0RM8g3QkdVV_Y,Festival Sungai Mandar,Kabupaten Polewali Mandar,Sulawesi Barat,Kabupaten Polewali Mandar,Sulawesi Barat,nan,"F2VC+J7R, Tinambung, Kec. Tinambung, Kabupaten Polewali Mandar, Sulawesi Barat 91412",,,OK_GEO
ChIJCVDcRv6PlS0RbCwq-Wd4o9w,Diana Waterpark,Kabupaten Barru,Sulawesi Selatan,Kabupaten Barru,Sulawesi Selatan,nan,"PM77+P89, Unnamed Road, Balusu, Kec. Balusu, Kabupaten Barru, Sulawesi Selatan 90762",,,OK_GEO
ChIJqSQCy8AIvi0RVpKm-qWvZds,Batu Goro'e (Sumpang Labbu),Kabupaten Bone,Sulawesi Selatan,Kabupaten Bone,Sulawesi Selatan,nan,"F33M+VJR, Liliriawang, Kec. Bengo, Kabupaten Bone, Sulawesi Selatan 92762",,,OK_GEO
ChIJJaJBjA2jvi0RoUb5buYXrxE,TAHURA Abdul Latief,Kabupaten Sinjai,Sulawesi Selatan,Kabupaten Sinjai,Sulawesi Selatan,nan,"Batu Belerang, Kec. Sinjai Borong, Kabupaten Sinjai, Sulawesi Selatan 92653",,,OK_GEO
ChIJWz41FyK9vi0Ra-GtpupbcKU,Danau Tanralili,Kabupaten Gowa,Sulawesi Selatan,Kabupaten Gowa,Sulawesi Selatan,nan,"MWQ6+6R2, Manimbahoi, Kec. Parigi, Kabupaten Gowa, Sulawesi Selatan 92174",,,OK_GEO
ChIJi6fs5nVxhzIRGYOVlGViVb0,Manado Skyline Tetempangan Hill,Kabupaten Minahasa,Sulawesi Utara,Kabupaten Minahasa,Sulawesi Utara,nan,"Koha barat, Kec. Pineleng, Kabupaten Minahasa, Sulawesi Utara 95661",,,OK_TEXT
ChIJh5Wa1J-mhzIRCYQ_A-S_N-o,Tunan Waterfalls,Kabupaten Minahasa Utara,Sulawesi Utara,Kabupaten Minahasa Utara,Sulawesi Utara,nan,"HX9H+WHM, Wasian, Kec. Talawaan, Kabupaten Minahasa Utara, Sulawesi Utara",,,OK_GEO
ChIJeX3dVbS5iy0Rdcg4IWH80uc,Taman Kota Donggala,Kabupaten Donggala,Sulawesi Tengah,Kabupaten Donggala,Sulawesi Tengah,nan,"8PGQ+PV7, Boya, Kec. Banawa, Kabupaten Donggala, Sulawesi Tengah 94351",,,OK_GEO
ChIJTbbeAyq2lS0R6zUYhi9Qlb0,Monumen Ganggawa,Kabupaten Sidenreng Rappang,Sulawesi Selatan,Kabupaten Sidenreng Rappang,Sulawesi Selatan,nan,"Jl. Pare-Pare - Sidrap No.238, Lekessi, Kec. Maritengngae, Kabupaten Sidenreng Rappang, Sulawesi Selatan 91611",,,OK_GEO
ChIJ-SuG4CGkhzIRG6HKO-X_TFE,Air Terjun Tunan Talawaan,Kabupaten Minahasa Utara,Sulawesi Utara,Kabupaten Minahasa Utara,Sulawesi Utara,nan,"HX9F+852, Wasian, Kec. Dimembe, Kabupaten Minahasa Utara, Sulawesi Utara",,,OK_GEO
ChIJXSfxzJlrhzIRIU_966O-314,Taman Wisata Danau Linow,Kota Tomohon,Sulawesi Utara,Kota Tomohon,Sulawesi Utara,nan,"7RCF+48Q, Jl. Lahendong - Danau Linau, Lahendong, Kec. Tomohon Sel., Kota Tomohon, Sulawesi Utara",,,OK_GEO
ChIJz-2l-S-0vi0RfOlCZ-qMvPo,Air Terjun Tama'lulua,Kabupaten Jeneponto,Sulawesi Selatan,Kabupaten Jeneponto,Sulawesi Selatan,nan,"GR2W+MJP, Bontomanai, Kec. Rumbia, Kabupaten Jeneponto, Sulawesi Selatan 92371",,,OK_GEO
ChIJIzYZSFGSgy0REu2HeNNZiBg,Monumen Trikora Salakan,Kabupaten Banggai Kepulauan,Sulawesi Tengah,Kabupaten Banggai Kepulauan,Sulawesi Tengah,nan,"M7RW+PMH, Salakan, Tinangkung, Kabupaten Banggai Kepulauan, Sulawesi Tengah 94785",,,OK_TEXT
ChIJKwetLGHuky0RVgYWqU9FFPw,Sa'pak Bayobayo Sangalla Tana Toraja,Kabupaten Tana Toraja,Sulawesi Selatan,Kabupaten Tana Toraja,Sulawesi Selatan,nan,"WWG2+3XM, Sallualo, Kec. Sangalla Utara, Kabupaten Tana Toraja, Sulawesi Selatan 91817",,,OK_TEXT
ChIJb3csZRv1ly0Rk8wLqqtCWOc,Tugu Kakao,Kabupaten Kolaka,Sulawesi Tenggara,Kabupaten Kolaka,Sulawesi Tenggara,nan,"Sea, Kec. Latambaga, Kabupaten Kolaka, Sulawesi Tenggara",,,OK_GEO
ChIJIZxcSIOlfjIRTDC3ipWm01Q,Pantai Batu Pinagut,Kabupaten Bolaang Mongondow Utara,Sulawesi Utara,Kabupaten Bolaang Mongondow Utara,Sulawesi Utara,nan,"W7C9+4Q7, Kuala, Kec. Kaidipang, Kabupaten Bolaang Mongondow Utara, Sulawesi Utara",,,OK_GEO
ChIJzToNtqrziy0RlTqelBaGMJs,Pemandian Uwelera Porame,Kabupaten Sigi,Sulawesi Tengah,Kabupaten Sigi,Sulawesi Tengah,nan,"2RXP+7J4, Porame, Kec. Kinovaro, Kabupaten Sigi, Sulawesi Tengah",,,OK_TEXT
ChIJacbMweWsfjIR2VeUWmC_GRI,Pantai Minanga,Kabupaten Gorontalo Utara,Gorontalo,Kabupaten Gorontalo Utara,Gorontalo,Kabupaten Gorontalo,"Unnamed Road, Jin City, Atinggola, North Gorontalo Regency, Gorontalo 96253",,,GEO_WIN
ChIJ4Vvo3cj_mC0Rn4IfuI8xTUo,Pantai Taipa,Kabupaten Konawe Utara,Sulawesi Tenggara,Kabupaten Konawe Utara,Sulawesi Tenggara,nan,"Unnamed Rd, Taipa, Kec. Lembo, Kabupaten Konawe Utara, Sulawesi Tenggara 93352",,,OK_GEO
ChIJLVhWWQmFkS0R4GuIcjQVO5s,Dusun touba,Kabupaten Luwu Utara,Sulawesi Selatan,Kabupaten Luwu Utara,Sulawesi Selatan,nan,"C8R3+H4C, Radda, Kec. Baebunta, Kabupaten Luwu Utara, Sulawesi Selatan 92961",,,OK_GEO
ChIJ47Gqz4bWfjIRnXCxmlpoYMg,"Kolam Renang Lombongo, Bone Bolango",Kabupaten Bone Bolango,Gorontalo,Kabupaten Bone Bolango,Gorontalo,nan,"G5XH+6P8, Lombongo, Kecamatan Suwawa Tengah, Kabupaten Bone Bolango, Gorontalo 96583",,,OK_GEO
ChIJJ9El0em7iy0RvqorOfDlu4I,Pantai Kaluku,Kabupaten Donggala,Sulawesi Tengah,Kabupaten Donggala,Sulawesi Tengah,nan,"Limboro, Kec. Banawa Tengah, Kabupaten Donggala, Sulawesi Tengah 94351",,,OK_GEO
ChIJN7f5_m3Dky0RfeIOkKBcd6Y,Objek Wisata Palawa',Kabupaten Toraja Utara,Sulawesi Selatan,Kabupaten Toraja Utara,Sulawesi Selatan,nan,"3WVR+427, Palawa', Kec. Sesean, Kabupaten Toraja Utara, Sulawesi Selatan 91853",,,OK_GEO
ChIJQxebhH_xuy0RyGzBhidedGU,Pantai Pulau Liukang Loe,Kabupaten Bulukumba,Sulawesi Selatan,Kabupaten Bulukumba,Sulawesi Selatan,nan,"9C5M+J86, Bira, Kec. Bonto Bahari, Kabupaten Bulukumba, Sulawesi Selatan 92571",,,OK_GEO
ChIJUTG41lRXvi0RYe7WjU4qbak,Wisata Mangambang,Kabupaten Maros,Sulawesi Selatan,Kabupaten Maros,Sulawesi Selatan,nan,"2HR5+7P6, Unnamed Road, Marrannu, Kec. Lau, Kabupaten Maros, Sulawesi Selatan",,,OK_GEO
ChIJP25jElw9fjIRfM3v7A8Ivys,LAPANGAN BUA' HONTINIMBANG MANOPPO,Kota Kotamobagu,Sulawesi Utara,Kota Kotamobagu,Sulawesi Utara,nan,"Kotamobagu, Kec. Kotamobagu Bar., Kota Kotamobagu, Sulawesi Utara",,,OK_GEO
ChIJqyImuJ9fiS0RjmDJTG3LQFE,Pantai Maesa,Kabupaten Parigi Moutong,Sulawesi Tengah,Kabupaten Parigi Moutong,Sulawesi Tengah,nan,"Maesa, Kec. Parigi, Kabupaten Parigi Moutong, Sulawesi Tengah 94471",,,OK_GEO
ChIJJRpQKckUlC0R7WGnQFL0C7I,Buttu Macca,Kabupaten Enrekang,Sulawesi Selatan,Kabupaten Enrekang,Sulawesi Selatan,nan,"Bamba Puang, Kec. Anggeraja, Kabupaten Enrekang, Sulawesi Selatan 91752",,,OK_GEO
ChIJ_fI0myU2oi0Rs8MXAwaagVo,Permandian Topa,Kabupaten Muna,Sulawesi Tenggara,Kabupaten Muna,Sulawesi Tenggara,nan,"7PCG+QFC, Unnamed Road, Labone, Kec. Lasalepa, Kabupaten Muna, Sulawesi Tenggara 93654",,,OK_GEO
ChIJ1_Moy7QJjC0RtO7tvhp8h2M,Wisata Air Panas Bora,Kabupaten Sigi,Sulawesi Tengah,Kabupaten Sigi,Sulawesi Tengah,nan,"WWXR+G59, Bora, Kec. Sigi Biromaru, Kabupaten Sigi, Sulawesi Tengah 94362",,,OK_TEXT
ChIJP-yJqsBthzIRCXaF8grJeMw,Gunung Lokon,Kota Tomohon,Sulawesi Utara,Kota Tomohon,Sulawesi Utara,nan,"Kayawu, Kec. Tomohon Utara, Kota Tomohon, Sulawesi Utara",,,OK_GEO
ChIJ_9Zobraxvi0R4yVjfY6Zyew,Wisata Hutan Pinus Rombeng,Kabupaten Bantaeng,Sulawesi Selatan,Kabupaten Bantaeng,Sulawesi Selatan,nan,"lokasia desa, Bonto Lojong, Kec. Uluere, Kabupaten Bantaeng, Sulawesi Selatan 92451",,,OK_GEO
ChIJsZNJvBz1ly0RV3nQTkHPHf0,Pantai Ria Kolaka Cocoa City,Kabupaten Kolaka,Sulawesi Tenggara,Kabupaten Kolaka,Sulawesi Tenggara,nan,"WHWP+2XG, Sea, Kec. Latambaga, Kabupaten Kolaka, Sulawesi Tenggara",,,OK_GEO
ChIJRyEKywpthzIR4ndwwampSUA,Taman Wisata Mahoni,Kota Tomohon,Sulawesi Utara,Kota Tomohon,Sulawesi Utara,nan,"9R25+879, Unnamed Road, Kakaskasen Tiga, Kec. Tomohon Utara, Kota Tomohon, Sulawesi Utara",,,OK_GEO
ChIJk4hRContmC0RWl9D68eMkr4,Puncak Amarilis Kota Kendari,Kota Kendari,Sulawesi Tenggara,Kota Kendari,Sulawesi Tenggara,Kabupaten Konawe,"3G5R+C4R Bar, Watu-Watu, Kec. Kendari Bar., Kota Kendari, Sulawesi Tenggara 93121",,,TEXT_WIN
ChIJ3ShapILhvi0ReiF2kmWHdzA,SAUNG REWAKO,Kabupaten Gowa,Sulawesi Selatan,Kabupaten Gowa,Sulawesi Selatan,nan,"Jenetallasa, Kec. Pallangga, Kabupaten Gowa, Sulawesi Selatan 90224",,,OK_GEO
ChIJI9zR7aE9mC0R0RtJ5MHDOzY,PUNCAK SOROMBIPI,Kabupaten Kolaka,Sulawesi Tenggara,Kabupaten Kolaka,Sulawesi Tenggara,Kabupaten Kolaka Timur,"2V25+R8W, Lalingato, Kec. Tirawuta, Kabupaten Kolaka, Sulawesi Tenggara 93572",,,TEXT_WIN
ChIJUZavmTnnjy0RLGEq5hW9pw8,Tanggul Reklamasi Kolonodale,Kabupaten Morowali Utara,Sulawesi Tengah,Kabupaten Morowali Utara,Sulawesi Tengah,nan,"Lrg. Kamboja, Kabupaten Morowali Utara, Sulawesi Tengah 94971",,,OK_GEO
ChIJeVLhXOeRlS0Rbxbdblnp-Ps,Lasonrai Beach,Kabupaten Barru,Sulawesi Selatan,Kabupaten Barru,Sulawesi Selatan,nan,"Ujunge, Batupute, Kec. Soppeng Riaja, Kabupaten Barru, Sulawesi Selatan 90712",,,OK_GEO
ChIJiY4uCd9MlC0R2ZHyhrQMJ_k,Monumen Lasinrang,Kabupaten Pinrang,Sulawesi Selatan,Kabupaten Pinrang,Sulawesi Selatan,nan,"5MR2+PQC, Macorawalie, Kec. Watang Sawitto, Kabupaten Pinrang, Sulawesi Selatan 91212",,,OK_GEO
ChIJb9UVtW-qhS0ROx4tKaurh0o,Pantai Pandan Wangi,Kabupaten Banggai,Sulawesi Tengah,Kabupaten Banggai,Sulawesi Tengah,nan,"Unnamed Road, Kabupaten Banggai, Sulawesi Tengah 94765",,,OK_TEXT
ChIJE7UuTpCzhzIRXC1IK1RpO_o,Pulisan Beach,Kabupaten Minahasa Utara,Sulawesi Utara,Kabupaten Minahasa Utara,Sulawesi Utara,nan,"Pulisan, Kec. Likupang Tim., Kabupaten Minahasa Utara, Sulawesi Utara",,,OK_GEO
ChIJUZRGdEufhzIRUSVrGZ23OYQ,Gunung Tumpa,Kabupaten Minahasa Utara,Sulawesi Utara,Kabupaten Minahasa Utara,Sulawesi Utara,nan,"Wori, Kabupaten Minahasa Utara, Sulawesi Utara",,,OK_GEO
ChIJYT0VVB5HhzIR_IiVK29eHzc,RANOLEWO,Kabupaten Minahasa,Sulawesi Utara,Kabupaten Minahasa,Sulawesi Utara,nan,"5R8C+H7G, Toraget, Kec. Langowan Utara, Kabupaten Minahasa, Sulawesi Utara",,,OK_TEXT
ChIJIZKijpu_iy0RZsezFlUbky0,Air Terjun Loli Tasiburi,Kabupaten Donggala,Sulawesi Tengah,Kabupaten Donggala,Sulawesi Tengah,nan,"6QVF+296, Loli Tasiburi, Kec. Banawa, Kabupaten Donggala, Sulawesi Tengah 94351",,,OK_GEO
ChIJE2GzzQH_vi0R_8eMU6b7TYs,Pantai Kuri Maros,Kabupaten Maros,Sulawesi Selatan,Kabupaten Maros,Sulawesi Selatan,nan,"XFC9+F2C, Jl. Kuri Pattene, Nisombalia, Kec. Marusu, Kabupaten Maros, Sulawesi Selatan 90552",,,OK_GEO
ChIJ9W47UJ7ivi0RkqsiupvLT4E,PPLH Puntondo,Kabupaten Takalar,Sulawesi Selatan,Kabupaten Takalar,Sulawesi Selatan,nan,"Kecamatan, Dusun Puntondo, Laikang, Kec. Mangarabombang, Kabupaten Takalar, Sulawesi Selatan 90132",,,OK_GEO
ChIJY2SoNpAdvy0RrGmOTW5sGRM,Baruga Somba Opu,Kabupaten Gowa,Sulawesi Selatan,Kabupaten Gowa,Sulawesi Selatan,nan,"RC54+F3G, Benteng Somba Opu, Kec. Barombong, Kabupaten Gowa, Sulawesi Selatan 90224",,,OK_GEO
ChIJQciY2ys3oS0RMq3AUgkwZLE,Pantai Wambuliga,Kabupaten Wakatobi,Sulawesi Tenggara,Kabupaten Wakatobi,Sulawesi Tenggara,nan,"PGHC+48H, Sombu, Wangi-Wangi Sel., Kabupaten Wakatobi, Sulawesi Tenggara 93791",,,OK_GEO
ChIJl1JQDLXZki0RMvXpbEKujNE,Rumah Adat Mamuju,Kabupaten Mamuju,Sulawesi Barat,Kabupaten Mamuju,Sulawesi Barat,nan,"8VFM+FQ2, Rimuku, Kec. Mamuju, Kabupaten Mamuju, Sulawesi Barat 91511",,,OK_TEXT
ChIJXx-GzU2UlC0Rt7tYH-D4eFc,Pantai palippis,Kabupaten Polewali Mandar,Sulawesi Barat,Kabupaten Polewali Mandar,Sulawesi Barat,nan,"F3QX+Q25, Bala, Kec. Balanipa, Kabupaten Polewali Mandar, Sulawesi Barat 91353",,,OK_GEO
ChIJu8MGTP3Fvi0Rh-gPvi5C_3g,Hutan Pinus RITA MALOMPOA BISSOLORO,Kabupaten Gowa,Sulawesi Selatan,Kabupaten Gowa,Sulawesi Selatan,nan,"Unnamed Road, Bissoloro, Kec. Bungaya, Kabupaten Gowa, Sulawesi Selatan 92176",,,OK_GEO
ChIJm3u96oK9vi0RgYxUgEljiAA,Lembah Lohe,Kabupaten Gowa,Sulawesi Selatan,Kabupaten Gowa,Sulawesi Selatan,nan,"MWFH+7PX, Lembah Loe, Kec. Parigi, Kabupaten Gowa, Sulawesi Selatan 92171",,,OK_GEO
ChIJ8foqbIuHoy0RDbkzINBv72E,Pantai Katembe,Kabupaten Buton,Sulawesi Tenggara,Kabupaten Buton,Sulawesi Tenggara,Kabupaten Buton Tengah,"Madongka, Kec. Lakudo, Kabupaten Buton, Sulawesi Tenggara 93763",,,TEXT_WIN
ChIJA1DymEUvcTIRDeOqk9cPANA,Pantai Sabang Toli toli,Kabupaten Tolitoli,Sulawesi Tengah,Kabupaten Tolitoli,Sulawesi Tengah,nan,"Sabang, Kec. Galang, Kabupaten Toli-Toli, Sulawesi Tengah 94561",,,OK_GEO
ChIJiZ0agF0imC0ReWlV8kZtIM4,Taman Rekreasi Puncak Mowewe,Kabupaten Kolaka Timur,Sulawesi Tenggara,Kabupaten Kolaka Timur,Sulawesi Tenggara,Kabupaten Kolaka,"Jl. Poros Kolaka - Kendari No.Km. 30, Horodopi, Mowewe, East Kolaka Regency, South East Sulawesi 93561",,,GEO_WIN
ChIJYxLoFViOlC0RmtBojuZrwHA,Mampie,Kabupaten Polewali Mandar,Sulawesi Barat,Kabupaten Polewali Mandar,Sulawesi Barat,nan,"G7WJ+83F, Galeso, Kec. Wonomulyo, Kabupaten Polewali Mandar, Sulawesi Barat 91352",,,OK_GEO
ChIJ9S8U2SyMmi0RuLaQYRlYGao,Air Terjun Vera,Kabupaten Morowali,Sulawesi Tengah,Kabupaten Morowali,Sulawesi Tengah,nan,"FWC6+C2G, Ipi, Kec. Bungku Tengah, Kabupaten Morowali, Sulawesi Tengah 94973",,,OK_GEO
ChIJqeLUv5rJoy0R3BIvboK7gpE,Danau Napabale,Kabupaten Muna,Sulawesi Tenggara,Kabupaten Muna,Sulawesi Tenggara,nan,"Lohia, Kec. Lohia, Kabupaten Muna, Sulawesi Tenggara 93658",,,OK_GEO
ChIJd4Gko-8rjTIRvN-08BVkbX4,Monumen Tuhan Yesus Raja Memberkati,Kabupaten Kepulauan Talaud,Sulawesi Utara,Kabupaten Kepulauan Talaud,Sulawesi Utara,nan,"2M4M+332, Kec. Melonguane, Kabupaten Kepulauan Talaud, Sulawesi Utara",,,OK_TEXT
ChIJ06Yrls7uiy0RSZ5CzmR9Few,Wisata Tugu Perdamaian,Kota Palu,Sulawesi Tengah,Kota Palu,Sulawesi Tengah,nan,"4WV6+HQC, Tim.,, Tondo, Kec. Palu Tim., Kota Palu, Sulawesi Tengah 94119",,,OK_TEXT
ChIJN8hBIkiGjC0RxXIYC0KiiVg,Pantai Pasangkayu Mamuju Utara,Kabupaten Pasangkayu,Sulawesi Barat,Kabupaten Pasangkayu,Sulawesi Barat,nan,"Pasangkayu, Kec. Pasangkayu, Kab. Pasangkayu, Sulawesi Barat 91574",,,OK_GEO
ChIJB0NXVf2jhi0RSXeMcrPpaMc,Teluk Lalong,Kabupaten Luwu,Sulawesi Selatan,Kabupaten Banggai,Sulawesi Tengah,nan,"Soho, Unnamed Rd, Karaton, Kabupaten Banggai, Sulawesi Tengah",,,OK_TEXT
ChIJvVMaCAeIlS0R28QvQ9GcDyI,Taman Wisata Bola Pitue,Kabupaten Barru,Sulawesi Selatan,Kabupaten Barru,Sulawesi Selatan,nan,"Unnamed Road, Mangempang, Kec. Barru, Kabupaten Barru, Sulawesi Selatan 90712",,,OK_GEO
ChIJQygAy7lglC0RCdC2gj25mfo,Pantai Salopi,Kabupaten Pinrang,Sulawesi Selatan,Kabupaten Pinrang,Sulawesi Selatan,nan,"Salopi, Desa, Binanga Karaeng, Kec. Lembang, Kabupaten Pinrang, Sulawesi Selatan 91254",,,OK_GEO
ChIJrRBZ7Cg2ui0R__c8u-T_t7s,Pantai Punagaan,Kabupaten Kepulauan Selayar,Sulawesi Selatan,Kabupaten Kepulauan Selayar,Sulawesi Selatan,nan,"QGHG+JPW, Patilereng, Bontosikuyu, Kab. Kepulauan Selayar, Sulawesi Selatan 92855",,,OK_GEO
ChIJke4F42czoS0RfpCcVO4EfUc,Wakatobi Dive Adventure,Kabupaten Wakatobi,Sulawesi Tenggara,Kabupaten Wakatobi,Sulawesi Tenggara,nan,"Jl. Waopu Jenggo, Mandati II, Wangi-Wangi Sel., Kabupaten Wakatobi, Sulawesi Tenggara 93795",,,OK_GEO
ChIJk_f4bZW5iy0R2qqVZZ99qmI,Pantai Boneoge,Kabupaten Donggala,Sulawesi Tengah,Kabupaten Donggala,Sulawesi Tengah,nan,"Boneoge, Kec. Banawa, Kabupaten Donggala, Sulawesi Tengah 94351",,,OK_GEO
ChIJq0K4IDMOhC0RqDuvV9F2sAY,Pantai Poganda,Kabupaten Banggai Kepulauan,Sulawesi Tengah,Kabupaten Banggai Kepulauan,Sulawesi Tengah,nan,"Dusun Poganda, Luk Panenteng, Kec. Bulagi Utara, Kabupaten Banggai Kepulauan, Sulawesi Tengah",,,OK_TEXT
ChIJV1JYGV2vlS0RNCencJT20_o,Lawere Beach Bonging Ponging,Kabupaten Pinrang,Sulawesi Selatan,Kabupaten Pinrang,Sulawesi Selatan,nan,"3HC5+32C, Lotang Salo, Kec. Suppa, Kabupaten Pinrang, Sulawesi Selatan 91272",,,OK_GEO
ChIJwUgUC8k9hzIRyZgIxviNyew,Pantai INDO BEACH LALUMPE,Kabupaten Minahasa,Sulawesi Utara,Kabupaten Minahasa,Sulawesi Utara,nan,"Lalumpe, Kecamatan Kombi, Kabupaten Minahasa, Sulawesi Utara",,,OK_TEXT
ChIJ3-maY5Hpky0RGWcTAoGORHw,Buntu Pune,Kabupaten Toraja Utara,Sulawesi Selatan,Kabupaten Toraja Utara,Sulawesi Selatan,nan,"Ba'tan, Kec. Kesu, Kabupaten Toraja Utara, Sulawesi Selatan 91834",,,OK_GEO
ChIJSTnmoJeRkS0RBBCNLLUw2DM,Pemandian Air Panas Pincara,Kabupaten Luwu Utara,Sulawesi Selatan,Kabupaten Luwu Utara,Sulawesi Selatan,nan,"Unnamed Road No.92917, Pincara, Kec. Masamba, Kabupaten Luwu Utara, Sulawesi Selatan 92917",,,OK_GEO
ChIJB9G2Txc9vi0RNsybO8RUefU,Padang Indah Allepperengnge,Kabupaten Barru,Sulawesi Selatan,Kabupaten Barru,Sulawesi Selatan,nan,"CP9R+XMM, Bacu-Bacu, Kec. Pujananting, Kabupaten Barru, Sulawesi Selatan 90762",,,OK_GEO
ChIJZSNjpvfElS0R8MRhbtb5ZQo,Masjid Besar DARUSSALAM Belawa,Kabupaten Wajo,Sulawesi Selatan,Kabupaten Wajo,Sulawesi Selatan,nan,"XWXJ+345, Jalan Masjid Menge Belawa, Lepangeng, Wajo, Kabupaten Wajo, Sulawesi Selatan 90953",,,OK_GEO
ChIJ153bVe_Bky0RzeiYgHK-NLo,"BUKIT NATO,Lolai negri diatas awan",Kabupaten Toraja Utara,Sulawesi Selatan,Kabupaten Toraja Utara,Sulawesi Selatan,nan,"Lolai, Kec. Kapala Pitu, Kabupaten Toraja Utara, Sulawesi Selatan 91862",,,OK_GEO
ChIJ9UGlTcs1eDIRuoVIE3xM7_o,Tugu Panua,Kabupaten Pohuwato,Gorontalo,Kabupaten Gorontalo,Gorontalo,Kabupaten Pohuwato,"FW5X+G22, Jl. Diponegoro, Pohuwato, Kec. Marisa, Gorontalo, 96265",,,TEXT_WIN
ChIJ_yy62RrWvi0RFrphUH-XA9s,Pantai Cinta,Kabupaten Takalar,Sulawesi Selatan,Kabupaten Takalar,Sulawesi Selatan,nan,"Topejawa, Kec. Mangarabombang, Kabupaten Takalar, Sulawesi Selatan 92261",,,OK_GEO
ChIJ1ehvWTU0eDIRE3cy0D_Wt_I,Masjid Agung Baiturrahim Pohuwato,Kabupaten Pohuwato,Gorontalo,Kabupaten Pohuwato,Gorontalo,nan,"FW6W+JFH, Kompleks Blok Plane Perkantoran Pohuwato, Palopo, Kec. Marisa, Kabupaten Pohuwato, Gorontalo 96265",,,OK_GEO
ChIJTa2jUGwOhzIRdY2kulpuxSg,Taman Purbakala Waruga,Kabupaten Minahasa Utara,Sulawesi Utara,Kabupaten Minahasa Utara,Sulawesi Utara,nan,"Sawangan, Kec. Airmadidi, Kabupaten Minahasa Utara, Sulawesi Utara",,,OK_GEO
ChIJE8b7vtH1uy0RLZ_CvQWXhgY,Kasuso,Kabupaten Bulukumba,Sulawesi Selatan,Kabupaten Bulukumba,Sulawesi Selatan,nan,"pantai kasuso, Darubiah, Kec. Bonto Bahari, Kabupaten Bulukumba, Sulawesi Selatan 92571",,,OK_GEO
ChIJ7VUowJjymC0RlLYtb86AmrI,Taman Bakau Kendari,Kota Kendari,Sulawesi Tenggara,Kota Kendari,Sulawesi Tenggara,nan,"2GJJ+23G, Lahundape, Kec. Kendari Bar., Kota Kendari, Sulawesi Tenggara 93121",,,OK_GEO
ChIJn496pPT_hjIRMgYIxlzVm3Y,Kasawari Beach,Kota Bitung,Sulawesi Utara,Kota Bitung,Sulawesi Utara,nan,"F6VP+38W, Unnamed Rd, Makawidey, Kota Bitung, Sulawesi Utara",,,OK_GEO
ChIJc46yEYcrfzIROU_DJMrFSHA,Pantai Wisata Molotabu,Kabupaten Bone Bolango,Gorontalo,Kabupaten Bone Bolango,Gorontalo,nan,"C4RJ+JHX, Molotabu, Kec. Kabila Bone, Kabupaten Bone Bolango, Gorontalo",,,OK_GEO
ChIJOVjX7TNrhzIRUUXSjtu5jYE,Cartens Hills Wawo,Kota Tomohon,Sulawesi Utara,Kota Tomohon,Sulawesi Utara,nan,"Matani Dua, Kec. Tomohon Tengah, Kota Tomohon, Sulawesi Utara",,,OK_GEO
ChIJp8zN715PvS0RpzJNzNKSfAA,Pantai Kalomang,Kabupaten Kolaka,Sulawesi Tenggara,Kabupaten Kolaka,Sulawesi Tenggara,nan,"GG93+M64, Watubangga, Kec. Watubangga, Kabupaten Kolaka, Sulawesi Tenggara 93563",,,OK_GEO
ChIJO7rwPN13lC0R79rlWAcdJoI,Tebing Romantis Ollon,Kabupaten Tana Toraja,Sulawesi Selatan,Kabupaten Tana Toraja,Sulawesi Selatan,nan,"Ollon, Bau, Kec. Bonggakaradeng, Kabupaten Tana Toraja, Sulawesi Selatan 91872",,,OK_TEXT
ChIJKX5YpylEhzIRfM1bkJx8cHg,Watu Pinawetengan,Kabupaten Minahasa,Sulawesi Utara,Kabupaten Minahasa,Sulawesi Utara,nan,"Pinabetengan Utara, Kec. Tompaso Barat, Kabupaten Minahasa, Sulawesi Utara 95693",,,OK_TEXT
ChIJJ48zfZRthzIRFWiRhXe_g_0,Kawah Gunung Lokon,Kabupaten Minahasa,Sulawesi Utara,Kabupaten Minahasa,Sulawesi Utara,Kota Tomohon,"9Q7X+HJR, Agotey, Kec. Mandolang, Kabupaten Minahasa, Sulawesi Utara",,,TEXT_WIN
ChIJvZ6AYmAKhzIRS4199VCwiWI,Monumen Patung Ir. Soekarno,Kabupaten Minahasa Utara,Sulawesi Utara,Kabupaten Minahasa Utara,Sulawesi Utara,nan,"FWP5+QPP, Maumbi, Kec. Kalawat, Kabupaten Minahasa Utara, Sulawesi Utara",,,OK_GEO
ChIJs0Rxi7AzeTIR9DmP3e-DFf8,Wisata Sungai Longalo Botu Motoli'oluwo,Kabupaten Bone Bolango,Gorontalo,Kabupaten Bone Bolango,Gorontalo,nan,"Longalo, Kec. Bulango Utara, Kabupaten Bone Bolango, Gorontalo 96181",,,OK_GEO
ChIJf-l-lBjZki0Rf0uDh_J7BDI,PANTAI MANAKARRA,Kabupaten Mamuju,Sulawesi Barat,Kabupaten Mamuju,Sulawesi Barat,nan,"8VHQ+HM5, Kec. Mamuju, Kabupaten Mamuju, Sulawesi Barat",,,OK_TEXT
ChIJ_zZ2r-zzuy0RTSW-t6hTr-s,Pantai Parangluhu Bira,Kabupaten Bulukumba,Sulawesi Selatan,Kabupaten Bulukumba,Sulawesi Selatan,nan,"CF36+5MM, Jalan, Bira, Bontobahari, Bulukumba Regency, South Sulawesi 92571",,,OK_GEO
ChIJYzOQZ6sjhzIRIvPrIHNbdPQ,Tuturuga Beach,Kabupaten Minahasa,Sulawesi Utara,Kabupaten Minahasa,Sulawesi Utara,nan,"Ranowangko II, Kecamatan Kombi, Kabupaten Minahasa, Sulawesi Utara",,,OK_TEXT
ChIJaU9_y7LsmC0RpF3S5rz2hkk,Tracking Mangrove Bungkutoko,Kota Kendari,Sulawesi Tenggara,Kota Kendari,Sulawesi Tenggara,nan,"2J68+249, Bungkutoko, Kec. Abeli, Kota Kendari, Sulawesi Tenggara",,,OK_GEO
ChIJ92zUH7BthzIRjxizdOGp3pM,"Kolam Renang Air Panas ""Zanoleos""",Kota Tomohon,Sulawesi Utara,Kota Tomohon,Sulawesi Utara,nan,"Woloan Satu, Utara, Kota Tomohon, Sulawesi Utara 95423",,,OK_GEO
ChIJ_yytwRMBli0RfC6MND1wFoc,Gua Mampu,Kabupaten Bone,Sulawesi Selatan,Kabupaten Bone,Sulawesi Selatan,nan,"M6FF+8FV, Unnamed Rd, Cabbeng, Kec. Dua Boccoe, Kabupaten Bone, Sulawesi Selatan 92753",,,OK_GEO
ChIJ2ejXEZFnkC0RKdpeUk4NHHg,Air Terjun Kali Dingin,Kabupaten Luwu Timur,Sulawesi Selatan,Kabupaten Luwu Timur,Sulawesi Selatan,nan,"Tabarano, Kec. Wasuponda, Kabupaten Luwu Timur, Sulawesi Selatan 92983",,,OK_TEXT
ChIJ11wr4cKKoy0RuMN6A-ERass,Taman Air Kelapa Gading,Kota Baubau,Sulawesi Tenggara,Kota Baubau,Sulawesi Tenggara,nan,"JMGX+P6R, Waliabuku, Kec. Bungi, Kota Bau-Bau, Sulawesi Tenggara 93758",,,OK_GEO
ChIJpRlmJ4NmlC0R_c0lk8_d70w,Air Terjun Karawa,Kabupaten Pinrang,Sulawesi Selatan,Kabupaten Pinrang,Sulawesi Selatan,nan,"Betteng, Kec. Lembang, Kabupaten Pinrang, Sulawesi Selatan 91254",,,OK_GEO
ChIJ84GMUwdphzIRDk7N3MEvQFc,Air Terjun Desa Tincep (Tekaan Rangka Kengkang),Kabupaten Minahasa,Sulawesi Utara,Kabupaten Minahasa,Sulawesi Utara,nan,"7PJP+P6V, Tincep, Kec. Sonder, Kabupaten Minahasa, Sulawesi Utara",,,OK_TEXT
ChIJB5ore1UVpC0Rwa1knPg3OT8,"Pantai Bahari, Buton Selatan",Kabupaten Buton,Sulawesi Tenggara,Kabupaten Buton,Sulawesi Tenggara,Kabupaten Buton Selatan,"Unnamed Rd, Bahari, Kec. Sampolawa, Kabupaten Buton, Sulawesi Tenggara 93753",,,TEXT_WIN
ChIJrXCLAUh0pC0RFXWpFu7gspc,Air Terjun Tirta Rimba,Kota Baubau,Sulawesi Tenggara,Kota Baubau,Sulawesi Tenggara,nan,"HM32+C58, Kadolomoko, Kec. Kokalukuna, Kota Bau-Bau, Sulawesi Tenggara 93719",,,OK_GEO
ChIJK9a7ATG0vi0RkDh3J5pHqTI,Bukit Bossolo,Kabupaten Jeneponto,Sulawesi Selatan,Kabupaten Jeneponto,Sulawesi Selatan,nan,"FRXV+GFQ, Bontomanai, Kec. Rumbia, Kabupaten Jeneponto, Sulawesi Selatan 92371",,,OK_GEO
ChIJP8AJdqJ2hzIRL1nQk-qiP5c,Pantai Indah Kalasey,Kabupaten Minahasa,Sulawesi Utara,Kabupaten Minahasa,Sulawesi Utara,nan,"FQ59+382, Jl. Tanahwangko, Kalasey Satu, Kec. Mandolang, Kabupaten Minahasa, Sulawesi Utara 95000",,,OK_TEXT
ChIJgwlKdOeIlC0RU7Wa8pbjYzA,Taman Bambu Runcing,Kabupaten Polewali Mandar,Sulawesi Barat,Kabupaten Polewali Mandar,Sulawesi Barat,nan,"Mammi, Kec. Binuang, Kabupaten Polewali Mandar, Sulawesi Barat 91311",,,OK_GEO
ChIJBzKD_ESwvi0RALTfSlLRx0g,Muntea Camping Ground,Kabupaten Bantaeng,Sulawesi Selatan,Kabupaten Bantaeng,Sulawesi Selatan,nan,"HW7R+QMV, Bonto Tangnga, Kec. Uluere, Kabupaten Bantaeng, Sulawesi Selatan 92451",,,OK_GEO
ChIJe5pZgGK_lC0RF8VvLv7gAQE,Pantai Munu,Kabupaten Majene,Sulawesi Barat,Kabupaten Majene,Sulawesi Barat,nan,"Jl. Lettu M. Yamin, Lingk. Leppe, Baurung, Kec. Banggae Tim., Kabupaten Majene, Sulawesi Barat 91412",,,OK_TEXT
ChIJp6A3xvrpky0RKQivnJG6CI4,Tugu Salib Buntu Singki,Kabupaten Toraja Utara,Sulawesi Selatan,Kabupaten Toraja Utara,Sulawesi Selatan,nan,"2VGR+QX6, Buntu Singki, Mentirotiku, Kec. Rantepao, Kabupaten Toraja Utara, Sulawesi Selatan 91833",,,OK_GEO
ChIJXWIu8jMKjC0Rzc_tQHH9n88,Permandian Air Panas Mantikole,Kabupaten Sigi,Sulawesi Tengah,Kabupaten Sigi,Sulawesi Tengah,nan,"WV97+GV9, Balomoa, Kec. Dolo Bar., Kabupaten Sigi, Sulawesi Tengah 94362",,,OK_TEXT
ChIJnUEkijhFji0RbkTf9T34mIU,Wisata Pinus Panorama Tentena,Kabupaten Poso,Sulawesi Tengah,Kabupaten Poso,Sulawesi Tengah,nan,"Tentena, Pamona Pusalemba, Kabupaten Poso, Sulawesi Tengah 94663",,,OK_TEXT
ChIJyR83oYcEhzIRtumV0oJ-TK8,Pantai Tanjung Merah,Kota Bitung,Sulawesi Utara,Kota Bitung,Sulawesi Utara,nan,"Tj. Merah, Kec. Matuari, Kota Bitung, Sulawesi Utara",,,OK_GEO
ChIJSRpgJaeJlC0R2In2Xqg9jik,Wisata Alam Kalibiru Kanang,Kabupaten Polewali Mandar,Sulawesi Barat,Kabupaten Polewali Mandar,Sulawesi Barat,nan,"HCP3+4G5, Jl. Mangondang, Batetangnga, Kec. Binuang, Kabupaten Polewali Mandar, Sulawesi Barat 91312",,,OK_GEO
ChIJc28xhXBPhzIR_jsRpBy8FPM,Dungusan Soputan,Kabupaten Minahasa,Sulawesi Utara,Kabupaten Minahasa,Sulawesi Utara,Kabupaten Minahasa Tenggara,"Noongan Tiga, Kec. Langowan Bar., Kabupaten Minahasa, Sulawesi Utara",,,TEXT_WIN
ChIJNRLYsIvhky0R_QxO2aVxElo,Wisata Air Terjun Latuppa,Kota Palopo,Sulawesi Selatan,Kota Palopo,Sulawesi Selatan,nan,"Jl. Andi Ahmad, Murante, Kec. Mungkajang, Kota Palopo, Sulawesi Selatan 91921",,,OK_GEO
ChIJ43MyKnsChzIRxGw4chQOB5A,Patung Yesus Penebus,Kota Bitung,Sulawesi Utara,Kota Bitung,Sulawesi Utara,nan,"C643+WMV, Dorbolaang, Lembeh Sel., Kota Bitung, Sulawesi Utara",,,OK_GEO
ChIJgSsW9Esdvy0RxTZhNpk5a2c,Taman Maccini Sombala,Kota Makassar,Sulawesi Selatan,Kota Makassar,Sulawesi Selatan,nan,"Maccini Sombala, Kec. Tamalate, Kota Makassar, Sulawesi Selatan 90224",,,OK_GEO
ChIJt2j4udklvi0R6-k_8t5AO6k,Bukit Maddo,Kabupaten Barru,Sulawesi Selatan,Kabupaten Barru,Sulawesi Selatan,nan,"GJFP+GJJ Maddo, Tellumpanua, Kec. Tanete Rilau, Kabupaten Barru, Sulawesi Selatan 90761",,,OK_GEO
ChIJwRZeWIvzuy0R98pCze3MlAc,Puncak Pua' Janggo',Kabupaten Bulukumba,Sulawesi Selatan,Kabupaten Bulukumba,Sulawesi Selatan,nan,"Bira, Kec. Bonto Bahari, Kabupaten Bulukumba, Sulawesi Selatan 92571",,,OK_GEO
ChIJbczmG9UIvi0RfPcPvgghAhg,Permandian Kolam Toddang Jompi'e,Kabupaten Bone,Sulawesi Selatan,Kabupaten Bone,Sulawesi Selatan,nan,"C3Q9+M8X, Liliriawang, Kec. Bengo, Kabupaten Bone, Sulawesi Selatan 92763",,,OK_GEO
ChIJewyKUtwqeTIRemoU9rPPJIM,Monumen Nani Wartabone,Kabupaten Gorontalo,Gorontalo,Kabupaten Gorontalo,Gorontalo,nan,"G3J5+5P5, Tenda, Kec. Hulonthalangi, Kabupaten Gorontalo, Gorontalo 96133",,,OK_GEO
ChIJcZaSArUBhzIRQnLE5ymSUKs,Kolam Renang Alami Water Blessing danowudu,Kota Bitung,Sulawesi Utara,Kota Bitung,Sulawesi Utara,nan,"Danowudu, Kec. Ranowulu, Kota Bitung, Sulawesi Utara 95533",,,OK_GEO
ChIJ9ZS8iZiZhzIRrImrt0Uppp8,Mangrove Park Bahowo,Kota Manado,Sulawesi Utara,Kota Manado,Sulawesi Utara,nan,"HRJ9+9QC, Unnamed Road, Tongkeina, Kec. Bunaken, Kota Manado, Sulawesi Utara",,,OK_GEO
ChIJXZzRgFt1hzIR2J9PIRNA0Ok,Pohon Kasih,Kota Manado,Sulawesi Utara,Kota Manado,Sulawesi Utara,nan,Jl. Novena,,,OK_GEO
ChIJtf0y_6g7hzIRQrNbAeT06iA,Kabesaran Beach,Kabupaten Minahasa,Sulawesi Utara,Kabupaten Minahasa,Sulawesi Utara,nan,"Jalan Raya Kapataran, Tulap, Kecamatan Kombi, Kabupaten Minahasa, Sulawesi Utara",,,OK_TEXT
ChIJ1XzED5Xziy0R7SmD2q5lbBk,Bendungan Misterius,Kabupaten Sigi,Sulawesi Tengah,Kabupaten Sigi,Sulawesi Tengah,nan,"3R4J+C76, Balane, Kec. Kinovaro, Kabupaten Sigi, Sulawesi Tengah",,,OK_TEXT
ChIJ25PX2p2lhi0RAr6VpFfDFEc,TEMPAT PERMANDIAN SANDAKAN BIAK,Kabupaten Banggai,Sulawesi Tengah,Kabupaten Banggai,Sulawesi Tengah,nan,"3VGJ+XX3, Biak, Luwuk, Kabupaten Banggai, Sulawesi Tengah 94716",,,OK_TEXT
ChIJbyKYvOLgvS0RyynX5doWGIk,Puncak Lima Jari,Kabupaten Bone,Sulawesi Selatan,Kabupaten Bone,Sulawesi Selatan,nan,"Unnamed Road, Pattimpa, Kec. Ponre, Kabupaten Bone, Sulawesi Selatan 92772",,,OK_GEO
ChIJSwpWJRsTiTIR5E0QCnZogkg,Pelabuhan Ulu Siau,Kabupaten Kepulauan Siau Tagulandang Biaro,Sulawesi Utara,,,,"PCM8+39J, Tatahadeng, 95861",,,NO_MATCH
ChIJqxFtu_9rpC0RNC3yWHNbejw,Pantai La Poili,Kabupaten Buton,Sulawesi Tenggara,Kabupaten Buton,Sulawesi Tenggara,Kabupaten Buton Selatan,"8MRP+7G8, Desa, Wawoangi, Kec. Sampolawa, Kabupaten Buton, Sulawesi Tenggara",,,TEXT_WIN
ChIJcVw3CqpZkC0Rm8psSQKmG38,Lutim Landmark,Kabupaten Luwu Timur,Sulawesi Selatan,Kabupaten Luwu Timur,Sulawesi Selatan,nan,"94PG+42G, Puncak Indah, Kec. Malili, Kabupaten Luwu Timur, Sulawesi Selatan 92936",,,OK_GEO
ChIJOSzKa4ojvC0R0emrwHEV6oE,Pantai Mallenreng,Kabupaten Sinjai,Sulawesi Selatan,Kabupaten Sinjai,Sulawesi Selatan,nan,"R7GH+V9C, Tim.,, Panaikang, Kec. Sinjai Tim., Kabupaten Sinjai, Sulawesi Selatan 92671",,,OK_GEO
ChIJAQAAAGTNfjIRxaa97Dy_sDU,Pemandian Air Terjun Meranti,Kabupaten Bone Bolango,Gorontalo,Kabupaten Bone Bolango,Gorontalo,nan,"J4P5+7FX, Meranti, Kec. Tapa, Kabupaten Bone Bolango, Gorontalo 96582",,,OK_GEO
ChIJgxLm-WmGjC0R5_QsVtndPac,Pantai Tanjung Babia Pasangkayu,Kabupaten Pasangkayu,Sulawesi Barat,Kabupaten Pasangkayu,Sulawesi Barat,nan,"Pasangkayu, Kec. Pasangkayu, Kab. Pasangkayu, Sulawesi Barat",,,OK_GEO
ChIJczTb1N_8vi0RRvkiig80o6M,Pulau Wisata Lakkang,Kota Makassar,Sulawesi Selatan,Kota Makassar,Sulawesi Selatan,nan,"VFH8+8VR, Pulau, Lakkang, Kec. Tallo, Kota Makassar, Sulawesi Selatan 90245",,,OK_GEO
ChIJkR2EgbUhfjIRfuBDIAlcTL8,Danau Moat,Kabupaten Bolaang Mongondow Timur,Sulawesi Utara,Kabupaten Bolaang Mongondow Timur,Sulawesi Utara,nan,"Kec. Modayag, Kabupaten Bolaang Mongondow Timur, Sulawesi Utara",,,OK_GEO
ChIJnckbV4FHeTIRIz60eEUnZzo,Puncak Pontolo Indah,Kabupaten Gorontalo Utara,Gorontalo,Kabupaten Gorontalo Utara,Gorontalo,nan,"QV75+RFR, Pontolo, Kec. Kwandang, Kabupaten Gorontalo Utara, Gorontalo 96252",,,OK_GEO
ChIJH7QrHsdwpC0RhQVYVfHdOic,Pantai Lakeba,Kota Baubau,Sulawesi Tenggara,Kota Baubau,Sulawesi Tenggara,nan,"GH57+52M, Katobengke, Kec. Betoambari, Kota Bau-Bau, Sulawesi Tenggara 93721",,,OK_GEO
ChIJQUtALAGNmi0R5m4oQxvCemg,Permandian Bahoruru,Kabupaten Morowali,Sulawesi Tengah,Kabupaten Morowali,Sulawesi Tengah,nan,"FXG2+Q6H, Bahoruru, Kec. Bungku Tengah, Kabupaten Morowali, Sulawesi Tengah 94973",,,OK_GEO
ChIJ4XLzhlajlS0RVgL9wfh1JS4,Ujung Lero Beach,Kabupaten Pinrang,Sulawesi Selatan,Kabupaten Pinrang,Sulawesi Selatan,nan,"XH5W+XF6, Jalan Mesjid Muhajirin, Lero, Kec. Suppa, Kabupaten Pinrang, Sulawesi Selatan 91272",,,OK_GEO
ChIJExmoylDnvi0RRVsvTBVee50,Puncak bollangi,Kabupaten Gowa,Sulawesi Selatan,Kabupaten Gowa,Sulawesi Selatan,nan,"QH5R+66M, Unnamed Road, Bontoparang, Kec. Parangloe, Kabupaten Gowa, Sulawesi Selatan 92173",,,OK_GEO
ChIJF4lmlc3hli0RTMrN6Vr-zb4,Ombro,Kabupaten Kolaka Utara,Sulawesi Tenggara,Kabupaten Kolaka Utara,Sulawesi Tenggara,nan,"Pantai pasir putih, Pitulua, Kec. Lasusua, Kabupaten Kolaka Utara, Sulawesi Tenggara 93916",,,OK_GEO
ChIJK-0ljzqDgDIR0EoFbEQ-PYA,Pantai Abadi,Kabupaten Bolaang Mongondow Timur,Sulawesi Utara,Kabupaten Bolaang Mongondow Timur,Sulawesi Utara,nan,"JH68+QGM, Nuangan, Kec. Nuangan, Kabupaten Bolaang Mongondow Timur, Sulawesi Utara",,,OK_GEO
ChIJ4eEa8KKihzIRxf6awhUKAPU,Pantai Talawaan Bajo,Kabupaten Minahasa Utara,Sulawesi Utara,Kabupaten Minahasa Utara,Sulawesi Utara,nan,"JV8C+PG8, Minaesa, Wori, Kabupaten Minahasa Utara, Sulawesi Utara",,,OK_GEO
ChIJbSVe4MW2lS0RcTNTNV8q_UE,Taman Rekreasi Datae,Kabupaten Sidenreng Rappang,Sulawesi Selatan,Kabupaten Sidenreng Rappang,Sulawesi Selatan,nan,"3PM5+V8G, Lawawoi, Kec. Watang Pulu, Kabupaten Sidenreng Rappang, Sulawesi Selatan 91661",,,OK_GEO
ChIJd5HgxTVZhzIR0PwfeoZcLS8,"Forte Português do Século XVI em Amurang , Portugis",Kabupaten Minahasa Selatan,Sulawesi Utara,Kabupaten Minahasa Selatan,Sulawesi Utara,nan,"Jl. Pasar No.15, Uwuran Satu, Kec. Amurang, Kabupaten Minahasa Selatan, Sulawesi Utara",,,OK_GEO
ChIJ1WpiwDhZvi0RYnSaF91kyf0,Wisata Marmer Bulo Tara Leang-Leang,Kabupaten Maros,Sulawesi Selatan,Kabupaten Maros,Sulawesi Selatan,nan,"2MM5+WGR, Leang-Leang, Kec. Bantimurung, Kabupaten Maros, Sulawesi Selatan 90561",,,OK_GEO
ChIJof5b7hrqvi0R89BddeECeOc,Taman Wisata Holyland Malino (Bili Park),Kabupaten Gowa,Sulawesi Selatan,Kabupaten Gowa,Sulawesi Selatan,nan,"PMRV+V5V, Lonjoboko, Kec. Parangloe, Kabupaten Gowa, Sulawesi Selatan 92173",,,OK_GEO
ChIJ_QmTbu3pky0RsK6x3ceOLmA,Rante Karassik,Kabupaten Toraja Utara,Sulawesi Selatan,Kabupaten Toraja Utara,Sulawesi Selatan,nan,"2V9V+9JX, Karassik, Kec. Rantepao, Kabupaten Toraja Utara, Sulawesi Selatan 91834",,,OK_GEO
ChIJ_bzvw2jlvS0R2CZzKhhdOeU,Museum La Pawawoi,Kabupaten Bone,Sulawesi Selatan,Kabupaten Bone,Sulawesi Selatan,nan,"Jl. M.H Thamrin No.9, Manurunge, Kec. Tanete Riattang, Kabupaten Bone, Sulawesi Selatan 92712",,,OK_GEO
ChIJkQFy5PPYki0RPUh_iAGqU6E,Wisata Sungai So'do,Kabupaten Mamuju,Sulawesi Barat,Kabupaten Mamuju,Sulawesi Barat,nan,"8W57+Q6G, Unnamed Road, Binanga, Kec. Mamuju, Kabupaten Mamuju, Sulawesi Barat 91511",,,OK_TEXT
ChIJI_Xf8NQ1eDIR8tqE5C0yFSs,Anjungan MARISA CITY,Kabupaten Pohuwato,Gorontalo,Kabupaten Pohuwato,Gorontalo,nan,"CWXX+GV4, Pohuwato Tim., Kec. Marisa, Kabupaten Pohuwato, Gorontalo 96265",,,OK_GEO
ChIJnyRLeAd3pC0RfD-u34m6I5s,Patung Naga Kamali,Kota Baubau,Sulawesi Tenggara,Kota Baubau,Sulawesi Tenggara,nan,"GJW4+4JP, Kec. Murhum, Kota Bau-Bau, Sulawesi Tenggara 93717",,,OK_GEO
ChIJLRGoPMQSii0RpdqGLxGKNwA,Pantai Labuana,Kabupaten Donggala,Sulawesi Tengah,Kabupaten Donggala,Sulawesi Tengah,nan,"desa labuana-donggala, Lende, Kec. Sirenja, Kabupaten Donggala, Sulawesi Tengah 94355",,,OK_TEXT
ChIJt0jKyQnVvi0R7m4Jppg0WgI,Padang Savana Ongkoa Takalar,Kabupaten Takalar,Sulawesi Selatan,Kabupaten Takalar,Sulawesi Selatan,nan,"CFH8+PM4, Jl. Cikoang Ongkowa, Laikang, Kec. Mangarabombang, Kabupaten Takalar, Sulawesi Selatan 92261",,,OK_GEO
ChIJZSuGcR6Qgy0RPMNHq0kUndw,Pantai Teduang,Kabupaten Banggai Kepulauan,Sulawesi Tengah,Kabupaten Banggai Kepulauan,Sulawesi Tengah,nan,"Ambelang, Tinangkung, Kabupaten Banggai Kepulauan, Sulawesi Tengah 94885",,,OK_TEXT
ChIJpTrgvErjvi0Rd9d059EMVH0,Taman Teras Unhas,Kota Makassar,Sulawesi Selatan,Kota Makassar,Sulawesi Selatan,nan,"VF5Q+X85, Tamalanrea Indah, Kec. Tamalanrea, Kota Makassar, Sulawesi Selatan 90245",,,OK_GEO
ChIJMd4_psHplS0RWQGq6R1poIU,Danau Tempe,Kabupaten Wajo,Sulawesi Selatan,Kabupaten Wajo,Sulawesi Selatan,nan,"Kabupaten Wajo, Sulawesi Selatan",,,OK_TEXT
ChIJ_Rl6mI9evi0RQDJG7xiue68,Bulu Saraung,Kabupaten Pangkajene Dan Kepulauan,Sulawesi Selatan,Kabupaten Pangkajene Dan Kepulauan,Sulawesi Selatan,nan,"Tompo Bulu, Kec. Balocci, Kabupaten Pangkajene Dan Kepulauan, Sulawesi Selatan",,,OK_GEO
ChIJG_kaYuPfvi0Rdb1HFEyiyow,Museum Balla Lompoa Bajeng,Kabupaten Gowa,Sulawesi Selatan,Kabupaten Gowa,Sulawesi Selatan,nan,"PC4M+465, Limbung, Jl. Balla Lompoa, Limbung, Kec. Bajeng, Kabupaten Gowa, Sulawesi Selatan 92152",,,OK_GEO
ChIJ4dGIZhREji0Rta2rqOopBmk,Goa Pamona,Kabupaten Poso,Sulawesi Tengah,Kabupaten Poso,Sulawesi Tengah,nan,"6JPQ+JGG, Danau, Kabupaten Poso, Sulawesi Tengah 94663",,,OK_TEXT
ChIJmW3sDKWzhzIRcdVPyUasfio,"Bukit Larata, Desa Kinunang",Kabupaten Minahasa Utara,Sulawesi Utara,Kabupaten Minahasa Utara,Sulawesi Utara,nan,"Pulisan, Kec. Likupang Tim., Kabupaten Minahasa Utara, Sulawesi Utara",,,OK_GEO
ChIJ3WPQI7bXki0RE3ylXDzAb74,Wisata Pantai Tapandullu,Kabupaten Mamuju,Sulawesi Barat,Kabupaten Mamuju,Sulawesi Barat,nan,"8QHR+JP9, Unnamed Road, Tapandullu, Kec. Simboro Dan Kepulauan, Kabupaten Mamuju, Sulawesi Barat 91513",,,OK_TEXT
ChIJG_b-3zf0uy0RIHBmAfFM4e0,Tebing Marumasa Kalibata,Kabupaten Bulukumba,Sulawesi Selatan,Kabupaten Bulukumba,Sulawesi Selatan,nan,"CFG5+8G3, Bira, Kec. Bonto Bahari, Kabupaten Bulukumba, Sulawesi Selatan",,,OK_GEO
ChIJZTZWvM3hli0RrD_vuXOBFhU,Pantai Pasir Putih Pitulua,Kabupaten Kolaka Utara,Sulawesi Tenggara,Kabupaten Kolaka Utara,Sulawesi Tenggara,nan,"Pitulua, Kec. Lasusua, Kabupaten Kolaka Utara, Sulawesi Tenggara 93916",,,OK_GEO
ChIJOdmCxPHFlS0RPI0i-yPjPRc,Taman Wisata Danau Sidenreng,Kabupaten Sidenreng Rappang,Sulawesi Selatan,Kabupaten Sidenreng Rappang,Sulawesi Selatan,nan,"2VMW+PRV, Danau, Watang Sidenreng, Kec. W T. Sidenreng, Kabupaten Sidenreng Rappang, Sulawesi Selatan 90953",,,OK_GEO
ChIJG5qactHxky0RiYl890tswCo,Pemandian Air Panas Makula,Kabupaten Tana Toraja,Sulawesi Selatan,Kabupaten Tana Toraja,Sulawesi Selatan,nan,"VWQC+H7W, Tokesan, Kec. Sangala Sel., Kabupaten Tana Toraja, Sulawesi Selatan 91881",,,OK_TEXT
ChIJN0Fo6rH_mC0RzR21V1I-40o,Taipa Beach,Kabupaten Konawe Utara,Sulawesi Tenggara,Kabupaten Konawe Utara,Sulawesi Tenggara,nan,"79CV+52R, Pantai Taipa, Unnamed Rd, Taipa, Kec. Lembo, Kabupaten Konawe Utara, Sulawesi Tenggara 93352",,,OK_GEO
ChIJjSypJHFfkS0RkMkn7j2fIs0,Taman Kota I Love Palopo,Kota Palopo,Sulawesi Selatan,Kota Palopo,Sulawesi Selatan,nan,"X6Q4+52X, Jl. Jenderal Sudirman, Binturu, Kec. Wara Sel., Kota Palopo, Sulawesi Selatan 91922",,,OK_GEO
ChIJowHhcZZshzIRuezTz8qlMeg,Vihara Buddhayana,Kota Tomohon,Sulawesi Utara,Kota Tomohon,Sulawesi Utara,nan,"Jl. Sunge No.57, Kakaskasen Tiga, Kec. Tomohon Utara, Kota Tomohon, Sulawesi Utara",,,OK_GEO
ChIJ-3JZCxPWeDIR3HVsypuyqCw,Pantai Biluhu Timur,Kabupaten Gorontalo,Gorontalo,Kabupaten Gorontalo,Gorontalo,nan,"FXRF+59J, Biluhu Tim., Kec. Batudaa Pantai, Kabupaten Gorontalo, Gorontalo",,,OK_GEO
ChIJS1c2u_GVvi0RyRNRxxdZpug,Air Terjun Parang Bugisi,Kabupaten Gowa,Sulawesi Selatan,Kabupaten Gowa,Sulawesi Selatan,nan,"PVR8+6CP, Bulutana, Kec. Tinggimoncong, Kabupaten Gowa, Sulawesi Selatan 92174",,,OK_GEO
ChIJfRpDFaCOmC0R9mSod6Z0MOY,Wisata Pemancingan & Kuliner AjengMart,Kabupaten Konawe Selatan,Sulawesi Tenggara,Kabupaten Konawe Selatan,Sulawesi Tenggara,nan,"Jl. Brigjen Katamso, Puosu Jaya, Kec. Konda, Kabupaten Konawe Selatan, Sulawesi Tenggara 93452",,,OK_GEO
ChIJgUSlRRbuky0RynakkAZJowA,Suaya,Kabupaten Tana Toraja,Sulawesi Selatan,Kabupaten Tana Toraja,Sulawesi Selatan,nan,"WW43+C3W, Kaero, Kec. Sangalla, Kabupaten Tana Toraja, Sulawesi Selatan 91811",,,OK_TEXT
ChIJl5oObi-Roy0RcSOWQDnbmYU,Pantai Walengkabola,Kabupaten Muna,Sulawesi Tenggara,Kabupaten Muna,Sulawesi Tenggara,nan,"RH2R+V39, Jl. Tanjung, Oempu, Kec. Tongkuno, Kabupaten Muna, Sulawesi Tenggara 93662",,,OK_GEO
ChIJ7w_a4TXRiy0RV_zKocUfL6w,Pantai Kucing Parigi Moutong,Kabupaten Parigi Moutong,Sulawesi Tengah,Kabupaten Parigi Moutong,Sulawesi Tengah,nan,"Tandaigi, Kec. Siniu, Kabupaten Parigi Moutong, Sulawesi Tengah",,,OK_GEO
ChIJG2MAyhdfhzIRdJreft3nZZA,I Love Minsel,Kabupaten Minahasa Selatan,Sulawesi Utara,Kabupaten Minahasa Selatan,Sulawesi Utara,nan,"6H4Q+QR6, Pondang, Kec. Amurang Tim., Kabupaten Minahasa Selatan, Sulawesi Utara",,,OK_GEO
ChIJXb8rQI8VmC0RL61RLWvmVSM,BAROS FARM HOUSE,Kabupaten Kolaka,Sulawesi Tenggara,Kabupaten Kolaka,Sulawesi Tenggara,Kabupaten Kolaka Timur,"Tawainalu, Kec. Tirawuta, Kabupaten Kolaka, Sulawesi Tenggara 93572",,,TEXT_WIN
ChIJI0WjK7mVvi0R2k_HxTJxeYk,Air Terjun Salewangang Malino,Kabupaten Gowa,Sulawesi Selatan,Kabupaten Gowa,Sulawesi Selatan,nan,"QV44+73Q, Malino, Kec. Tinggimoncong, Kabupaten Gowa, Sulawesi Selatan 92174",,,OK_GEO
ChIJuVJS22allS0RoUOk19k1Ins,Pantai Lowita - MUTIARA,Kabupaten Pinrang,Sulawesi Selatan,Kabupaten Pinrang,Sulawesi Selatan,nan,"Jl. Poros Ujung Lero, Tasiwalie, Kec. Suppa, Kabupaten Pinrang, Sulawesi Selatan 91272",,,OK_GEO
ChIJzettLX4ThzIRXpVrDEaZ2r0,Puncak Melby'Ls,Kota Tomohon,Sulawesi Utara,Kota Tomohon,Sulawesi Utara,nan,"9V4R+3H9, Kumelembuay, Kec. Tomohon Tim., Kota Tomohon, Sulawesi Utara",,,OK_GEO
ChIJX83jNFLxuy0RQ_w6tWL-_LA,Pantai Pusahelu,Kabupaten Bulukumba,Sulawesi Selatan,Kabupaten Bulukumba,Sulawesi Selatan,nan,"9CRG+JR2, Darubiah, Kec. Bonto Bahari, Kabupaten Bulukumba, Sulawesi Selatan 92571",,,OK_GEO
ChIJmek49vMwhzIRoD6sq4W8V98,Pantai Tanjung Tumpaan,Kabupaten Minahasa,Sulawesi Utara,Kabupaten Minahasa,Sulawesi Utara,nan,"Tumpaan, Kec. Kakas, Kabupaten Minahasa, Sulawesi Utara",,,OK_TEXT
ChIJm1ngTlztmC0RxJ9sfkvD-7o,RTH Papalimba Puday,Kota Kendari,Sulawesi Tenggara,Kota Kendari,Sulawesi Tenggara,nan,"Lapulu, Kec. Abeli, Kota Kendari, Sulawesi Tenggara 93234",,,OK_GEO
ChIJ0YYKuoTTfjIRuJthyMkTlzY,Rumah Alam Dunggala,Kabupaten Bone Bolango,Gorontalo,Kabupaten Bone Bolango,Gorontalo,nan,"Dunggala, Kec. Tapa, Kabupaten Bone Bolango, Gorontalo 96124",,,OK_GEO
ChIJNb1tELSHjC0RXzHDEILkToA,Pasangkayu Beach,Kabupaten Pasangkayu,Sulawesi Barat,Kabupaten Pasangkayu,Sulawesi Barat,nan,"R9H2+62C, Jl. Moh. Hatta, Pasangkayu, Kec. Pasangkayu, Kab. Pasangkayu, Sulawesi Barat",,,OK_GEO
ChIJRdkfI2ajvi0RoZWZUdUtbM4,Kahayya,Kabupaten Sinjai,Sulawesi Selatan,Kabupaten Sinjai,Sulawesi Selatan,Kabupaten Bulukumba,"M2G2+4G4, Unnamed Road, Kindang, Kec. Sinjai Borong, Kabupaten Sinjai, Sulawesi Selatan 92662",,,TEXT_WIN
ChIJ-4VvCSaWkC0RF2M2KDNWhik,Danau Towuti,Kabupaten Luwu Timur,Sulawesi Selatan,Kabupaten Luwu Timur,Sulawesi Selatan,nan,"Kabupaten Luwu Timur, Sulawesi Selatan",,,OK_GEO
ChIJhdCy0Kh0izIRmOKcBIJyRD0,Pantai Embuhanga,Kabupaten Kepulauan Sangihe,Sulawesi Utara,Kabupaten Kepulauan Sangihe,Sulawesi Utara,nan,"JHVF+3P4, Petta Sel., Kec. Tabukan Utara, Kabupaten Kepulauan Sangihe, Sulawesi Utara",,,OK_TEXT
ChIJWZP4N8J0izIRsiJhMbmvIuI,Pananualeng Beach,Kabupaten Kepulauan Sangihe,Sulawesi Utara,Kabupaten Kepulauan Sangihe,Sulawesi Utara,nan,"JHFP+G6Q, Tariangbaru, Kec. Tabukan Tengah, Kabupaten Kepulauan Sangihe, Sulawesi Utara",,,OK_TEXT
ChIJyQ6gpssxeTIRGcYYtzo9MDI,Bukit Raga,Kabupaten Gorontalo,Gorontalo,Kabupaten Gorontalo,Gorontalo,nan,"JWWW+5Q7, Huidu, Kec. Limboto Bar., Kabupaten Gorontalo, Gorontalo 96219",,,OK_GEO
ChIJqzeyncLfli0RaLZ_5T2IFP0,Alun-alun Kirambu,Kabupaten Kolaka Utara,Sulawesi Tenggara,Kabupaten Kolaka Utara,Sulawesi Tenggara,nan,"GV8F+838, Ponggiha, Kec. Lasusua, Kabupaten Kolaka Utara, Sulawesi Tenggara 93914",,,OK_GEO
ChIJY3lu1st0hzIRUxH0A6ezAaU,Golden Kolam golden jumbo,Kota Manado,Sulawesi Utara,Kota Manado,Sulawesi Utara,nan,"FV54+2RG Valley, Tingkulu, Kec. Wanea, Kota Manado, Sulawesi Utara 95119",,,OK_GEO
ChIJEVP5JB9thzIRHozkL_1CDrQ,Pagoda Ekayana,Kota Tomohon,Sulawesi Utara,Kota Tomohon,Sulawesi Utara,nan,"8RWQ+V6C, Jl. Sungen, Kakaskasen Dua, Kec. Tomohon Utara, Kota Tomohon, Sulawesi Utara",,,OK_GEO
ChIJq6PSl_imiC0RcfDyvPf-SwY,Tugu Ampana,Kabupaten Tojo Una-Una,Sulawesi Tengah,Kabupaten Tojo Una-Una,Sulawesi Tengah,nan,"4HJG+G5Q, Jl. Sultan Hasanudin, Ampana, Kec. Ampana Kota, Kabupaten Tojo Una-Una, Sulawesi Tengah 94683",,,OK_GEO
ChIJKVskjQbziy0R-uiNhdUcKuc,Taman Taiganja Kalukubula,Kabupaten Sigi,Sulawesi Tengah,Kabupaten Sigi,Sulawesi Tengah,nan,"3V4J+HCR RTH, Jl. Kelor, Kalukubula, Kec. Sigi Biromaru, Kabupaten Sigi, Sulawesi Tengah 94236",,,OK_TEXT
ChIJ_xdXnW3XeDIR_sTWcugSj7I,Tilalohe Beach Resort,Kabupaten Gorontalo,Gorontalo,Kabupaten Gorontalo,Gorontalo,nan,"Biluhu Tim., Kec. Batudaa Pantai, Kabupaten Gorontalo, Gorontalo 96272",,,OK_GEO
ChIJL8y0UOzziy0RMILIZ2SJi90,Bukit Sibedi,Kabupaten Sigi,Sulawesi Tengah,Kabupaten Sigi,Sulawesi Tengah,nan,"2RJW+8XC, Sibedi, Kec. Marawola, Kabupaten Sigi, Sulawesi Tengah 94238",,,OK_TEXT
ChIJf__8YXjnlS0RUDDMIs9tpOg,Danau Tempe Kab.Wajo,Kabupaten Wajo,Sulawesi Selatan,Kabupaten Wajo,Sulawesi Selatan,nan,"V2WC+XHM, Assorajang, Kec. Tana Sitolo, Kabupaten Wajo, Sulawesi Selatan 90951",,,OK_GEO
ChIJH1lZmJjymC0RkjU9PddJn4w,Tracking Mangrove Lahundape,Kota Kendari,Sulawesi Tenggara,Kota Kendari,Sulawesi Tenggara,nan,"2GHJ+M6X, Bar.,, Lahundape, Kec. Kendari Bar., Kota Kendari, Sulawesi Tenggara",,,OK_GEO
ChIJu5By0byJky0R4HlX_MLsOZ4,Lembah Ollon,Kabupaten Tana Toraja,Sulawesi Selatan,Kabupaten Tana Toraja,Sulawesi Selatan,nan,"Bau, Kec. Bonggakaradeng, Kabupaten Tana Toraja, Sulawesi Selatan 91872",,,OK_TEXT
ChIJ1bdnxpYblC0RY9xKQnMklEA,"Desa wisata karangan latimojong ,Sivin camp, kampong kopi Latimojong",Kabupaten Enrekang,Sulawesi Selatan,Kabupaten Enrekang,Sulawesi Selatan,nan,"Dusun karangan, Latimojong, Kec. Buntu Batu, Kabupaten Enrekang, Sulawesi Selatan 91753",,,OK_GEO
ChIJkU61uT-Tgy0R5HZQyeulbrg,Permandian Air Tawar Desa Kautu,Kabupaten Banggai Kepulauan,Sulawesi Tengah,Kabupaten Banggai Kepulauan,Sulawesi Tengah,nan,"Jalan Trans Peling, Kautu, Tinangkung, Kabupaten Banggai Kepulauan, Sulawesi Tengah 94885",,,OK_TEXT
ChIJFQiODS1SoS0R5omgYpYy_Yc,Koguna Beach,Kabupaten Buton,Sulawesi Tenggara,Kabupaten Buton,Sulawesi Tenggara,nan,"M6W8+G9X, Mopaano, Kec. Lasalimu Sel., Kabupaten Buton, Sulawesi Tenggara 93756",,,OK_GEO
ChIJt-AISNuLlC0R7LaEPLHSgqg,Pulau Pasir Putih,Kabupaten Polewali Mandar,Sulawesi Barat,Kabupaten Polewali Mandar,Sulawesi Barat,nan,"G96Q+9P8, Tonyamang, Kec. Binuang, Kabupaten Polewali Mandar, Sulawesi Barat 91312",,,OK_GEO
ChIJseKZwP5MlC0RI6johmHg_3I,Rumah Adat Sao Raja Sawitto,Kabupaten Pinrang,Sulawesi Selatan,Kabupaten Pinrang,Sulawesi Selatan,nan,"6M53+HRR, Sawito, Kec. Watang Sawitto, Kabupaten Pinrang, Sulawesi Selatan 91211",,,OK_GEO
ChIJO8AI4lK1oy0RxjZFSyUje0g,Puncak Wakila,Kabupaten Muna,Sulawesi Tenggara,Kabupaten Muna,Sulawesi Tenggara,Kabupaten Buton Tengah,"Kondongia, Kec. Gu, Kabupaten Muna, Sulawesi Tenggara 93761",,,TEXT_WIN
ChIJJ8u6u9Q1eDIREDlLOC3IRNo,Wisata Pohon Cinta,Kabupaten Pohuwato,Gorontalo,Kabupaten Pohuwato,Gorontalo,nan,"CWXX+Q8R, Pohuwato Tim., Kec. Marisa, Kabupaten Pohuwato, Gorontalo 96265",,,OK_GEO
ChIJAQAAAJAJli0REAipsZ4yAtY,Tanah Bangkala Bone 1,Kabupaten Bone,Sulawesi Selatan,Kabupaten Bone,Sulawesi Selatan,nan,"F87H+649, Watampone, Kec. Tanete Riattang, Kabupaten Bone, Sulawesi Selatan 92712",,,OK_GEO
ChIJhccWMqwWjy0RE_eBFyNgZXc,Pantai Banano,Kabupaten Tojo Una-Una,Sulawesi Tengah,Kabupaten Tojo Una-Una,Sulawesi Tengah,nan,"J5P7+74R, Unnamed Road, Betaua, Kec. Tojo, Kabupaten Tojo Una-Una, Sulawesi Tengah 94681",,,OK_GEO
ChIJ3Q1oHri_lC0RtFPaa-CfLWw,Wisata Puncak Raja Bunga,Kabupaten Majene,Sulawesi Barat,Kabupaten Majene,Sulawesi Barat,nan,"Buttu, Baruga, Kec. Banggae Tim., Kabupaten Majene, Sulawesi Barat 91414",,,OK_TEXT
ChIJVVVVVVgChzIRS1U5kTWikBM,Pantai Kahona,Kota Bitung,Sulawesi Utara,Kota Bitung,Sulawesi Utara,nan,"95XP+9JM, Pasirpanjang, Lembeh Sel., Kota Bitung, Sulawesi Utara",,,OK_GEO
ChIJ19g8iFZjmC0Rd3NGZR2bNTI,Wisata Alam Geologi Boro Boro,Kabupaten Konawe Selatan,Sulawesi Tenggara,Kabupaten Konawe Selatan,Sulawesi Tenggara,nan,"W82V+9P9, Boro-Boro R, Kec. Ranomeeto, Kabupaten Konawe Selatan, Sulawesi Tenggara 93873",,,OK_GEO
ChIJ4wmS3zVZvi0R1sh51VH93WU,Taman Batu Balloci,Kabupaten Pangkajene Dan Kepulauan,Sulawesi Selatan,Kabupaten Pangkajene Dan Kepulauan,Sulawesi Selatan,nan,"3MCR+C39, Balleanging, Kec. Balocci, Kabupaten Pangkajene Dan Kepulauan, Sulawesi Selatan 90661",,,OK_GEO
ChIJj6fpcG-jhi0RR0pqvnRXQ3I,Bukit Teletubbies,Kabupaten Banggai,Sulawesi Tengah,Kabupaten Banggai,Sulawesi Tengah,nan,"3QVW+CVF, Bungin, Luwuk, Kabupaten Banggai, Sulawesi Tengah 94711",,,OK_TEXT
ChIJv8V6uVAwfjIRNruXLvSof0g,Wisata pemandian Air Panas Bakan,Kabupaten Bolaang Mongondow,Sulawesi Utara,Kabupaten Bolaang Mongondow,Sulawesi Utara,nan,"H7XV+665, Bakan, Kec. Lolayan, Kabupaten Bolaang Mongondow, Sulawesi Utara 95771",,,OK_GEO
ChIJa7_oejmnhzIRNTqdIb4UnD8,Wisata Gunung Kekewang Desa Tetey,Kabupaten Minahasa Utara,Sulawesi Utara,Kabupaten Minahasa Utara,Sulawesi Utara,nan,"GX98+J2V, Tetey, Kec. Dimembe, Kabupaten Minahasa Utara, Sulawesi Utara",,,OK_GEO
ChIJZ6JQARPUoi0RFf8v3wpweE0,Padang Pajjongang,Kabupaten Bombana,Sulawesi Tenggara,Kabupaten Bombana,Sulawesi Tenggara,nan,"Jln. Poros Kessipute, Waemputang, Kec. Poleang Sel., Kabupaten Bombana, Sulawesi Tenggara 93773",,,OK_GEO
ChIJ06WaJlO_lC0RtR5vydcXeNU,Tanggul Batu Cincin,Kabupaten Majene,Sulawesi Barat,Kabupaten Majene,Sulawesi Barat,nan,"Labuang, Kec. Banggae Tim., Kabupaten Majene, Sulawesi Barat 91412",,,OK_TEXT
ChIJOUhDbgBthzIRE5S2XcTPYYw,Taman Wisata NewMahoni Tomohon,Kota Tomohon,Sulawesi Utara,Kota Tomohon,Sulawesi Utara,nan,"9R25+3W, Kakaskasen Tiga, Kec. Tomohon Utara, Kota Tomohon, Sulawesi Utara",,,OK_GEO
ChIJjUZSKnKYkS0RzyU94sKUd4g,Air Terjun Bantimurung Bone-Bone,Kabupaten Luwu Utara,Sulawesi Selatan,Kabupaten Luwu Utara,Sulawesi Selatan,nan,"CGW9+XJ7, Bantimurung, Kec. Bone-Bone, Kabupaten Luwu Utara, Sulawesi Selatan 91966",,,OK_GEO
ChIJSTVmKPVwhzIRGXOMEXkwESg,Pantai Tasik Ria,Kabupaten Minahasa,Sulawesi Utara,Kabupaten Minahasa,Sulawesi Utara,nan,"CP65+Q69, Jl. Trans Sulawesi, Mokupa, Kec. Tombariri, Kabupaten Minahasa, Sulawesi Utara",,,OK_TEXT
ChIJM7SfHOiGoy0RULKGp_qaSGg,Pantai Wantopi,Kabupaten Buton Tengah,Sulawesi Tenggara,Kabupaten Buton,Sulawesi Tenggara,Kabupaten Buton Tengah,"Wantopi, Mawasangka Tim., Kabupaten Buton, Sulawesi Tenggara 93762",,,TEXT_WIN
ChIJjdxNDwjCky0R2dZOJ3OnU4s,Objek Wisata Gunung Tambolang,Kabupaten Toraja Utara,Sulawesi Selatan,Kabupaten Toraja Utara,Sulawesi Selatan,nan,"2VPV+893, Mentirotiku, Kec. Rantepao, Kabupaten Toraja Utara, Sulawesi Selatan 91833",,,OK_GEO
ChIJMcetB7FrhzIRJ_4Ocsp5QpM,Hidden gem - taman wisata & camping,Kota Tomohon,Sulawesi Utara,Kota Tomohon,Sulawesi Utara,nan,"7R8G+6J9, Tondangow, Kec. Tomohon Sel., Kota Tomohon, Sulawesi Utara",,,OK_GEO
ChIJYWGpOZWJkC0R3CzAI-jZnhs,Permandian Bukit Kasih,Kabupaten Luwu Timur,Sulawesi Selatan,Kabupaten Luwu Timur,Sulawesi Selatan,nan,"Jalan Perintis Anak Bangsa, Langkae Araya, Kec. Towuti, Kabupaten Luwu Timur, Sulawesi Selatan 92982",,,OK_GEO
ChIJfeXrEZiZji0RYG41pfA0w3U,Danau Tambing,Kabupaten Poso,Sulawesi Tengah,Kabupaten Poso,Sulawesi Tengah,nan,"M8G5+6F7, Jl. Dongi Dongi-Watumaeta, Sedoa, Kec. Lore Utara, Kabupaten Poso, Sulawesi Tengah 94653",,,OK_TEXT
ChIJN4UMSE1XkS0Rl2K8NK6m_C0,Wisata Alam Pakalolo,Kabupaten Luwu,Sulawesi Selatan,Kabupaten Luwu,Sulawesi Selatan,nan,"Lengkong, Kec. Bua, Kabupaten Luwu, Sulawesi Selatan 91991",,,OK_GEO
ChIJ90CEaAO-vi0Rp1V58XP6oBQ,Air Terjun Biroro,Kabupaten Gowa,Sulawesi Selatan,Kabupaten Gowa,Sulawesi Selatan,nan,"PVJ9+4Q6, Bonto Lerung, Kec. Tinggimoncong, Kabupaten Gowa, Sulawesi Selatan 92174",,,OK_GEO
ChIJPUxAvp5yhzIRbt5R_CPphlU,Tapahan Telu Waterfall,Kota Tomohon,Sulawesi Utara,Kota Tomohon,Sulawesi Utara,nan,"9RGM+6GH, Tinoor Satu, Kec. Tomohon Utara, Kota Tomohon, Sulawesi Utara",,,OK_GEO
ChIJC-zgPJHEky0R6iBXBv6KJpM,Tongkonan To'Barana,Kabupaten Toraja Utara,Sulawesi Selatan,Kabupaten Toraja Utara,Sulawesi Selatan,nan,"4W9V+3HC, Jl. Poros Sa'dan-Tallunglipu, Sa'dan, Sa'dan Matalo, Toraja Utara, Kabupaten Toraja Utara, Sulawesi Selatan 91853",,,OK_GEO
ChIJm-XIqMqMvi0R7Ao5ca2Ur2A,Air Terjun Lengan,Kabupaten Maros,Sulawesi Selatan,Kabupaten Maros,Sulawesi Selatan,nan,"WQJQ+FR3, Laiya, Kec. Cenrana, Kabupaten Maros, Sulawesi Selatan 92754",,,OK_GEO
ChIJz2n1Y5G7iy0RWRSTptd9h9k,Pusentasi,Kabupaten Donggala,Sulawesi Tengah,Kabupaten Donggala,Sulawesi Tengah,nan,"7MR8+4QW, Towale, Kec. Banawa Tengah, Kabupaten Donggala, Sulawesi Tengah 94351",,,OK_GEO
ChIJpRSazQnXki0Ra4LH3MeZVuI,Pantai Malauwa,Kabupaten Mamuju,Sulawesi Barat,Kabupaten Mamuju,Sulawesi Barat,nan,"Tapandullu, Kec. Simboro Dan Kepulauan, Kabupaten Mamuju, Sulawesi Barat 91513",,,OK_TEXT
ChIJaW_Fb6l5ji0R6ZhOnPuz32k,Situs Megalitik Pokekea,Kabupaten Poso,Sulawesi Tengah,Kabupaten Poso,Sulawesi Tengah,nan,"8657+R4C, Baliura, Kec. Lore Tengah, Kabupaten Poso, Sulawesi Tengah 94654",,,OK_TEXT
ChIJu6UiLQUVhzIRpcbPRYqYJpo,Uluna Tondano,Kabupaten Minahasa,Sulawesi Utara,Kabupaten Minahasa,Sulawesi Utara,nan,"7VXR+GWG, Unnamed Road, Masarang, Kec. Tondano Bar., Kabupaten Minahasa, Sulawesi Utara",,,OK_TEXT
ChIJ3Tdwb4CJlS0Rfen7zK2exUg,Air Terjun Sarang Burung,Kabupaten Barru,Sulawesi Selatan,Kabupaten Barru,Sulawesi Selatan,nan,"JMPW+J44, Binuang, Kec. Balusu, Kabupaten Barru, Sulawesi Selatan 90762",,,OK_GEO
ChIJqwNiSKZzhzIRceJYIxLbNsw,BUKIT DOA WAREMBUNGAN,Kabupaten Minahasa,Sulawesi Utara,Kabupaten Minahasa,Sulawesi Utara,Kota Manado,"Warembungan, Kec. Pineleng, Kabupaten Minahasa, Sulawesi Utara",,,TEXT_WIN
ChIJf4f0tjNfvi0Rf12J0BSUlyk,ZULU PARK,Kabupaten Pangkajene Dan Kepulauan,Sulawesi Selatan,Kabupaten Pangkajene Dan Kepulauan,Sulawesi Selatan,nan,"Jl. Poros Senggerang, Balleanging, Kec. Balocci, Kabupaten Pangkajene Dan Kepulauan, Sulawesi Selatan 90662",,,OK_GEO
ChIJ60nHv6eUki0RM7DLJd81QGY,Pantai Beringin Cinta,Kabupaten Mamuju,Sulawesi Barat,Kabupaten Mamuju,Sulawesi Barat,nan,"Dusun Toansang, Bonda, Kec. Papalang, Kabupaten Mamuju, Sulawesi Barat 91561",,,OK_GEO
ChIJy_EvWUn_mC0Rl5Fu9BeiceQ,Pantai Wale,Kabupaten Konawe Utara,Sulawesi Tenggara,Kabupaten Konawe Utara,Sulawesi Tenggara,nan,"6CX4+RCW, Taipa, Ulu Sawa, Kabupaten Konawe Utara, Sulawesi Tenggara 93352",,,OK_GEO
ChIJ24WoWZnJoy0RVg2xmIfsHz8,Napabale Beach,Kabupaten Muna,Sulawesi Tenggara,Kabupaten Muna,Sulawesi Tenggara,nan,"3QR4+QP3, Desa Loghia, Kec. Lohia, Kabupaten Muna, Sulawesi Tenggara 93658",,,OK_TEXT
ChIJ7bIeSLIzoS0R0-i_DphxzKc,Marina Togo Wakatobi,Kabupaten Wakatobi,Sulawesi Tenggara,Kabupaten Wakatobi,Sulawesi Tenggara,nan,"Jl. Jend. Ahmad Yani No.140, Kabupaten Wakatobi, Sulawesi Tenggara 93791",,,OK_TEXT
ChIJyyaKGtEGhzIRy0exNd9yhYA,Air Terjun Parom,Kota Bitung,Sulawesi Utara,Kota Bitung,Sulawesi Utara,nan,"F469+8PP, Danowudu, Kec. Ranowulu, Kota Bitung, Sulawesi Utara",,,OK_GEO
ChIJXcNEI3MYvi0RvqnlTWTe-PY,Bulu Dua,Kabupaten Soppeng,Sulawesi Selatan,Kabupaten Soppeng,Sulawesi Selatan,nan,"Gattareng Toa, Kec. Mario Riwawo, Kabupaten Soppeng, Sulawesi Selatan",,,OK_GEO
ChIJpcq4R4JehzIRUeF7L3bUeuI,Pantai Alar Pondang,Kabupaten Minahasa Selatan,Sulawesi Utara,Kabupaten Minahasa Selatan,Sulawesi Utara,nan,"6H8V+3XV, Pondang, Kec. Amurang Tim., Kabupaten Minahasa Selatan, Sulawesi Utara",,,OK_GEO
ChIJ33fYXdatfjIRllnUAWuqzIE,Minanga Beach,Kabupaten Gorontalo Utara,Gorontalo,Kabupaten Gorontalo Utara,Gorontalo,nan,"W4G5+VC2, Pantai Minanga, Unnamed Road, Kota Jin, Kec. Atinggola, Kabupaten Gorontalo Utara, Gorontalo 96253",,,OK_GEO
ChIJOQep9Q4hvC0RmxN-Rf9EaXo,Taman Wisata Fafaliang,Kabupaten Sinjai,Sulawesi Selatan,Kabupaten Sinjai,Sulawesi Selatan,nan,"Panaikang, Kec. Sinjai Tim., Kabupaten Sinjai, Sulawesi Selatan 92671",,,OK_GEO
ChIJ_RiytDJNuS0Rhx9VRlDE0cI,Pantai Kelapa Ujung,Kabupaten Jeneponto,Sulawesi Selatan,Kabupaten Jeneponto,Sulawesi Selatan,nan,"Tino, Kec. Tarowang, Kabupaten Jeneponto, Sulawesi Selatan",,,OK_GEO
ChIJUxtR4ZXovi0RgLvif92yoYI,HARLAND WISATA KEBUN,Kabupaten Gowa,Sulawesi Selatan,Kabupaten Gowa,Sulawesi Selatan,nan,"Belapunranga, Kec. Parangloe, Kabupaten Gowa, Sulawesi Selatan 92173",,,OK_GEO
ChIJf0wpAv0HvC0R5bbBd0uTzqU,Wisata Alam Buhung Tie Lotong-lotong,Kabupaten Bulukumba,Sulawesi Selatan,Kabupaten Bulukumba,Sulawesi Selatan,nan,"G84Q+52C, Benjala, Kec. Bonto Bahari, Kabupaten Bulukumba, Sulawesi Selatan 92572",,,OK_GEO
ChIJzWg3V0eFkS0RpLWxViOJihg,Monumen Juang Lesangi,Kabupaten Luwu Utara,Sulawesi Selatan,Kabupaten Luwu Utara,Sulawesi Selatan,nan,"C8WG+PPV, Bone, Kec. Masamba, Kabupaten Luwu Utara, Sulawesi Selatan 92961",,,OK_GEO
ChIJpbvOnBeIlC0RCwXk_CLzuzQ,Wisata Polewali Mandar - Rawa Bangun,Kabupaten Polewali Mandar,Sulawesi Barat,Kabupaten Polewali Mandar,Sulawesi Barat,nan,"HCJ4+479, Batetangnga, Kec. Binuang, Kabupaten Polewali Mandar, Sulawesi Barat 91312",,,OK_GEO
ChIJZRsduiYPvC0RGtHoA6AQm-E,Wisata alam & rekreasi borkal,Kabupaten Bulukumba,Sulawesi Selatan,Kabupaten Bulukumba,Sulawesi Selatan,nan,"Jl. Poros Bonto Bahari-Kajang, Bonto Tangnga, Kec. Bonto Tiro, Kabupaten Bulukumba, Sulawesi Selatan 92572",,,OK_GEO
ChIJ9-RUZr5thzIRyV4DxunNSwA,Wale Ne Reideen Rumah Miring Tomohon,Kota Tomohon,Sulawesi Utara,Kota Tomohon,Sulawesi Utara,nan,"Unnamed Road, Talete Dua, Tomohon Tengah, Tomohon City, North Sulawesi",,,OK_GEO
ChIJ81ivbGRQFQURbkK1JKtWTL0,Museum Karaeng Pattingalloang,Kabupaten Gowa,Sulawesi Selatan,Kabupaten Gowa,Sulawesi Selatan,Kota Makassar,"RC53+GPF, Jl. Abd. Kadir, Benteng Somba Opu, Kec. Barombong, Kabupaten Gowa, Sulawesi Selatan 90225",,,TEXT_WIN
ChIJXzVIGpUovC0RToo0cAQzt1c,Permandian Alam Waetuwo,Kabupaten Bone,Sulawesi Selatan,Kabupaten Bone,Sulawesi Selatan,nan,"W68G+694, Waetuwo, Kec. Kajuara, Kabupaten Bone, Sulawesi Selatan 92776",,,OK_GEO
ChIJuVz2zKQCvy0RUy0koKv26uo,Klenteng Ibu Agung Bahari,Kota Makassar,Sulawesi Selatan,Kota Makassar,Sulawesi Selatan,nan,"Jl. Sulawesi No.41, Pattunuang, Kec. Wajo, Kota Makassar, Sulawesi Selatan 90164",,,OK_GEO
ChIJD5v5r5OzhzIRIiPu8N1IPbo,Bukit Savana Pulisan,Kabupaten Minahasa Utara,Sulawesi Utara,Kabupaten Minahasa Utara,Sulawesi Utara,nan,"M5H2+PWV, Pulisan, Kec. Likupang Tim., Kabupaten Minahasa Utara, Sulawesi Utara",,,OK_GEO
ChIJVVVVlbayvi0RV7BoXs5QzQc,Masjid Taqwa Tompong,Kabupaten Bantaeng,Sulawesi Selatan,Kabupaten Bantaeng,Sulawesi Selatan,nan,"CXX4+672, Jl. Bete-Bete, Letta, Kec. Bantaeng, Kabupaten Bantaeng, Sulawesi Selatan 92411",,,OK_GEO
ChIJUQJva6tfkS0R_prTwd6o0Sw,Kolam Renang Banua Wisata,Kota Palopo,Sulawesi Selatan,Kota Palopo,Sulawesi Selatan,nan,"Kompleks SMK Pelayaran Samudera Nusantara Utama, Balandai, Kec. Bara, Kota Palopo, Sulawesi Selatan 91914",,,OK_GEO
ChIJm1mJ76Lvvi0RVlJNFhP2NPA,Bulu Saukang,Kabupaten Maros,Sulawesi Selatan,Kabupaten Maros,Sulawesi Selatan,nan,"Benteng Gajah, Kec. Tompobulu, Kabupaten Maros, Sulawesi Selatan",,,OK_TEXT
ChIJ58eTVO7xmC0Rq4EsmpBn3PI,Pantai Batu Gong Kendari,Kabupaten Konawe,Sulawesi Tenggara,Kabupaten Konawe,Sulawesi Tenggara,nan,"4G94+PJQ, Jalan Poros Wisata Batu Gong, Toola Wawo, Batu Gong, Kec. Lalonggasumeeto, Kabupaten Konawe, Sulawesi Tenggara 93351",,,OK_GEO
ChIJn-yRR74ueTIRnvWMJQbsTRM,Danau Limboto,Kabupaten Gorontalo,Gorontalo,Kabupaten Gorontalo,Gorontalo,nan,"Kabupaten Gorontalo, Gorontalo",,,OK_GEO
ChIJ99NhtaHTvS0R9-NdqV_gEHM,Togeo Beach,Kabupaten Bone,Sulawesi Selatan,Kabupaten Bone,Sulawesi Selatan,nan,"Bulu-Bulu, Kec. Tonra, Kabupaten Bone, Sulawesi Selatan",,,OK_GEO
ChIJT2_lAmVQFQURTo7wN_5JWYI,Rumah Adat Jeneponto,Kabupaten Gowa,Sulawesi Selatan,Kabupaten Gowa,Sulawesi Selatan,nan,"Jalan Lakebodong, Benteng Somba Opu, Kec. Barombong, Kabupaten Gowa, Sulawesi Selatan 90225",,,OK_GEO
ChIJR9nJOujnvi0RFQyLiAJLpz4,Wisata Rumah Hobbit Bolangi 4,Kabupaten Gowa,Sulawesi Selatan,Kabupaten Gowa,Sulawesi Selatan,nan,"Timbuseng, Bolangi, Timbuseng, Kec. Pattallassang, Kabupaten Gowa, Sulawesi Selatan 92175",,,OK_GEO
ChIJw2nMnd-Woy0Ri0i5V5QrNNs,Permandian Moko,Kabupaten Muna,Sulawesi Tenggara,Kabupaten Muna,Sulawesi Tenggara,nan,"RHGM+7CR, Oempu, Kec. Tongkuno, Kabupaten Muna, Sulawesi Tenggara 93662",,,OK_GEO
ChIJOePQQa__mC0RJnWOGY8UGVE,PANTAI PUDONGGALA,Kabupaten Konawe Utara,Sulawesi Tenggara,Kabupaten Konawe Utara,Sulawesi Tenggara,nan,"6CMW+3JG, Jl. Wisata Pantai, Pudonggala, Kec. Sawa, Kabupaten Konawe Utara, Sulawesi Tenggara 93352",,,OK_GEO
ChIJCVATxUqPmC0RVbOPjDNH4Q0,Bukit Alebo,Kabupaten Konawe Selatan,Sulawesi Tenggara,Kabupaten Konawe Selatan,Sulawesi Tenggara,nan,"VCMX+C22, Alebo, Kec. Konda, Kabupaten Konawe Selatan, Sulawesi Tenggara 93874",,,OK_GEO
ChIJcQmIAQaAui0R1P6U2PP5ze4,Taman Nasional Taka Bonerate,Kabupaten Kepulauan Selayar,Sulawesi Selatan,Kabupaten Kepulauan Selayar,Sulawesi Selatan,nan,"Jl. S. Parman No.40, Pulau Tinabo Besar, Kec. Taka Bonerate, Kab. Kepulauan Selayar, Sulawesi Selatan 92812",,,OK_TEXT
ChIJBdDoS2aYji0RcZ6Ou00Hor4,Rano Kalimpaa,Kabupaten Poso,Sulawesi Tengah,Kabupaten Poso,Sulawesi Tengah,nan,"Sedoa, Kec. Lore Utara, Kabupaten Poso, Sulawesi Tengah",,,OK_TEXT
ChIJ4a_svAEteTIRlT4NE69-g8o,"Embung Hutadaa, Talaga Jaya",Kabupaten Gorontalo,Gorontalo,Kabupaten Gorontalo,Gorontalo,nan,"H2G6+3VX, Unnamed Road, Hutadaa, Kec. Telaga Jaya, Kabupaten Gorontalo, Gorontalo 96181",,,OK_GEO
ChIJlTzCthHxiy0Rlf2xF2Nkigs,Wisata Pemancingan dan Kuliner Lembah Sigi,Kabupaten Sigi,Sulawesi Tengah,Kabupaten Sigi,Sulawesi Tengah,nan,"2WQ6+6X4, Jl. Bufupanda, Lolu, Kec. Sigi Biromaru, Kabupaten Sigi, Sulawesi Tengah 94231",,,OK_TEXT
ChIJUxsrgr4LizIRqoHeqV6CFho,Puncak Pusunge Tahuna,Kabupaten Kepulauan Sangihe,Sulawesi Utara,Kabupaten Kepulauan Sangihe,Sulawesi Utara,nan,"JGJ4+45F, Lenganeng, Kec. Tabukan Utara, Kabupaten Kepulauan Sangihe, Sulawesi Utara",,,OK_TEXT
ChIJdWK7MjRxpC0RQj7a9fVxWuA,Museum Keraton Buton,Kota Baubau,Sulawesi Tenggara,Kabupaten Buton Selatan,Sulawesi Tenggara,nan,"GJ92+QV9, Baadia, Kec. Murhum, Kota Bau-Bau, Sulawesi Tenggara 93711",,,OK_GEO
ChIJm9ZeQAz2fTIRFsXgO_SXszo,Pantai Moinit,Kabupaten Minahasa Selatan,Sulawesi Utara,Kabupaten Minahasa Selatan,Sulawesi Utara,nan,"5FMR+V5M, Tewasen, Kec. Amurang Bar., Kabupaten Minahasa Selatan, Sulawesi Utara",,,OK_GEO
ChIJB0Lzb5_rki0RNU4LRZWFyJI,Pantai Tae Manu Belang-Belang,Kabupaten Mamuju Tengah,Sulawesi Barat,Kabupaten Mamuju,Sulawesi Barat,nan,"G4PG+5V5, Unnamed Road, Belang-Belang, Kalukku, Mamuju Regency, West Sulawesi 91561",,,OK_GEO
ChIJmTPm-Jvdki0Rn4W-jZgEmqg,Bukit Jati Gentungan Mamuju,Kabupaten Mamuju,Sulawesi Barat,Kabupaten Mamuju,Sulawesi Barat,nan,"92RH+HJJ, Bebanga, Kec. Kalukku, Kabupaten Mamuju, Sulawesi Barat 91561",,,OK_GEO
ChIJlfO6j97KgDIReAinGHdfr6w,Tumbak Island Cottage Ratahan,Kabupaten Minahasa Tenggara,Sulawesi Utara,Kabupaten Minahasa Tenggara,Sulawesi Utara,nan,"Tumbak, Pusomaen, Kabupaten Minahasa Tenggara, Sulawesi Utara 95997",,,OK_GEO
ChIJozOReV_Uoi0RR2j2C4YDXMI,Bukit Teletubbies,Kabupaten Bombana,Sulawesi Tenggara,Kabupaten Bombana,Sulawesi Tenggara,nan,"5PM4+R67, Waemputang, Kec. Poleang Sel., Kabupaten Bombana, Sulawesi Tenggara 93773",,,OK_GEO
ChIJiQi78hMJgy0R9SKjjcv8Qbg,Lambangan Pauno,Kabupaten Banggai Laut,Sulawesi Tengah,Kabupaten Banggai Laut,Sulawesi Tengah,nan,"Kab. Banggai Laut, Sulawesi Tengah 94891",,,OK_GEO
ChIJwdnzN8cLhzIR8Yi0A7Zygj0,Mimpi pool club manado,Kabupaten Minahasa Utara,Sulawesi Utara,Kabupaten Minahasa Utara,Sulawesi Utara,nan,"Jl. Ring Road Jaga IX manado, Kairagi Weru, Kec. Paal Dua, Kabupaten Minahasa Utara, Sulawesi Utara 95378",,,OK_GEO
ChIJRdJ-mLLVfjIR8x4_l2gL_KI,RTH Suwawa,Kabupaten Bone Bolango,Gorontalo,Kabupaten Bone Bolango,Gorontalo,nan,"G4MP+Q74, Boludawa, Kec. Suwawa, Kabupaten Bone Bolango, Gorontalo 96113",,,OK_GEO
ChIJ825Bm7fjoi0R_28OkI8P4GE,Pantai Tanjung Tabako,Kabupaten Bombana,Sulawesi Tenggara,Kabupaten Bombana,Sulawesi Tenggara,nan,"54P5+9HR, Banda Sea, Lampata, Kabupaten Bombana, Sulawesi Tenggara",,,OK_GEO
ChIJ6XcDT3PFvi0Rwqe_mItlZO4,Air terjun Timurung,Kabupaten Gowa,Sulawesi Selatan,Kabupaten Gowa,Sulawesi Selatan,nan,"HJRV+J7M, Dusun Bungasunggu, Batumalonro, Kec. Biringbulu, Kabupaten Gowa, Sulawesi Selatan 90244",,,OK_GEO
ChIJE5OF6BYDejIRxMHc5HYcEs8,AIR TERJUN TALOKAN,Kabupaten Buol,Sulawesi Tengah,Kabupaten Buol,Sulawesi Tengah,nan,"3QFM+HG5, Tayokan, Kec. Paleleh Bar., Kabupaten Buol, Sulawesi Tengah 94568",,,OK_TEXT
ChIJO79gj3SRlS0RpN-F7oOtCF4,Air Terjun Manuba,Kabupaten Barru,Sulawesi Selatan,Kabupaten Barru,Sulawesi Selatan,nan,"QM5C+RCF, Manuba, Kec. Mallusetasi, Kabupaten Barru, Sulawesi Selatan 90753",,,OK_GEO
ChIJlcjh3zPhky0RekxjE8Lm-TE,Sungai Jodoh,Kota Palopo,Sulawesi Selatan,Kota Palopo,Sulawesi Selatan,nan,"X5G5+G3H, Murante, Kec. Mungkajang, Kota Palopo, Sulawesi Selatan 91921",,,OK_GEO
ChIJ7-dOWFQKky0RCIIrGrizEl8,Situs To'pao Pusat Sejarah Kondosapata',Kabupaten Mamasa,Sulawesi Barat,Kabupaten Mamasa,Sulawesi Barat,nan,"394F+WR3, Mamasa, Kec. Mamasa, Kabupaten Mamasa, Sulawesi Barat 91365",,,OK_GEO
ChIJJR4tUnYrfzIRFiN4agwS3os,Puncak Botubarani,Kabupaten Bone Bolango,Gorontalo,Kabupaten Bone Bolango,Gorontalo,nan,"Botubarani, Kec. Kabila Bone, Kabupaten Bone Bolango, Gorontalo 96117",,,OK_GEO
ChIJT4pvpxgMhC0RfUX-PBaUjFw,Mata Air Paisu Batango Desa Luk Panenteng,Kabupaten Banggai Kepulauan,Sulawesi Tengah,Kabupaten Banggai Kepulauan,Sulawesi Tengah,nan,"QXM8+MG5, Luk Panenteng, Kec. Bulagi Utara, Kabupaten Banggai Kepulauan, Sulawesi Tengah 94882",,,OK_TEXT
ChIJj58XFK4rfzIROA4fFZrSqeM,Wisata pantai kaisomaru,Kota Gorontalo,Gorontalo,Kota Gorontalo,Gorontalo,Kabupaten Bone Bolango,"Leato Sel., Kec. Kota Tim., Kota Gorontalo, Gorontalo",,,TEXT_WIN
ChIJd7mQLgW3vi0RzasaSpX31JE,Permandian Lambiria,Kabupaten Gowa,Sulawesi Selatan,Kabupaten Gowa,Sulawesi Selatan,nan,"HVPH+5F8, Unnamed Road, Cikoro, Kec. Tompobulu, Kabupaten Gowa, Sulawesi Selatan 92175",,,OK_GEO
ChIJ6wAwoejtky0RVzbatP0XeWQ,Buntu Burake,Kabupaten Tana Toraja,Sulawesi Selatan,Kabupaten Tana Toraja,Sulawesi Selatan,nan,"Buntu Burake, Kec. Makale, Kabupaten Tana Toraja, Sulawesi Selatan",,,OK_TEXT
ChIJsfFMqMwLjC0RjN5v9PcrmFk,Wisata Air Terjun Mantikole,Kabupaten Sigi,Sulawesi Tengah,Kabupaten Sigi,Sulawesi Tengah,nan,"Unnamed Road Bar No.94362, Balomoa, Kec. Dolo Bar., Kabupaten Sigi, Sulawesi Tengah 94362",,,OK_TEXT
ChIJ0d8mvdcSlC0RIlTrNioz_YU,Wisata Cekong,Kabupaten Enrekang,Sulawesi Selatan,Kabupaten Enrekang,Sulawesi Selatan,nan,"HQGX+3H2, Tanete, Kec. Anggeraja, Kabupaten Enrekang, Sulawesi Selatan 91752",,,OK_GEO
ChIJ6fiDLN4ThzIROqk4eLx82Gw,Wale Ti Siri Puncak Rurukan Sulawesi Utara,Kota Tomohon,Sulawesi Utara,Kota Tomohon,Sulawesi Utara,nan,"8VPJ+QR3, Unnamed Road, Rurukan Satu, Kec. Tomohon Tim., Kota Tomohon, Sulawesi Utara",,,OK_GEO
ChIJyWNPDcMnvy0RxtfHGeb7lS0,Kawasan Benteng Sanrobone,Kabupaten Takalar,Sulawesi Selatan,Kabupaten Takalar,Sulawesi Selatan,nan,"H9CR+C5R, Sanrobone, Kec. Sanrobone, Kabupaten Takalar, Sulawesi Selatan 92231",,,OK_GEO
ChIJz_O5x0i9iy0RP3R_bmh-trQ,Pantai Hayalan Donggala,Kabupaten Donggala,Sulawesi Tengah,Kabupaten Donggala,Sulawesi Tengah,nan,"Salubomba, Kec. Banawa Tengah, Kabupaten Donggala, Sulawesi Tengah 94351",,,OK_GEO
ChIJc_VYKv2WmC0RrMzPUWaxwGY,Pantai Senja,Kabupaten Konawe Selatan,Sulawesi Tenggara,Kabupaten Konawe Selatan,Sulawesi Tenggara,nan,"Wawatu, Kec. Moramo Utara, Kabupaten Konawe Selatan, Sulawesi Tenggara 93891",,,OK_GEO
ChIJRSOzjn7pvi0RVlv8UnSriqg,Air Terjun Lembah Karaeng,Kabupaten Gowa,Sulawesi Selatan,Kabupaten Gowa,Sulawesi Selatan,nan,"PMG5+XV6, Bilalang, Kec. Manuju, Kabupaten Gowa, Sulawesi Selatan 92173",,,OK_GEO
ChIJ4ZxC_DhklC0ReUNDRGsD4jw,Permandian Alam Air Panas Lemo Susu,Kabupaten Pinrang,Sulawesi Selatan,Kabupaten Pinrang,Sulawesi Selatan,nan,"GGVR+RQ5, Betteng, Kec. Lembang, Kabupaten Pinrang, Sulawesi Selatan 91254",,,OK_GEO
ChIJG4shaBynhzIRM2NB_505vgc,Casa de Lotus,Kabupaten Minahasa Utara,Sulawesi Utara,Kabupaten Minahasa Utara,Sulawesi Utara,nan,"GX6F+683, Tetey, Kec. Dimembe, Kabupaten Minahasa Utara, Sulawesi Utara",,,OK_GEO
ChIJA9qNkfftiy0RExlzQn5zo-g,Taman patung kuda bumi bahari,Kota Palu,Sulawesi Tengah,Kota Palu,Sulawesi Tengah,nan,"4R5W+PQM, Jl. Bantilan, Lere, Kec. Palu Bar., Kota Palu, Sulawesi Tengah 94221",,,OK_TEXT
ChIJQwRhxJXGiy0RE1-Pzkij3ks,Telaga Sibili Pantoloan,Kota Palu,Sulawesi Tengah,Kota Palu,Sulawesi Tengah,nan,"7VX7+C7M, Jl. Pengga Lembah, Pantoloan, Kec. Tawaeli, Kota Palu, Sulawesi Tengah 94352",,,OK_TEXT
ChIJT1blc6S9mi0R2vdHbqZ8vl4,Penangkaran RUSA Desa Wosu,Kabupaten Morowali,Sulawesi Tengah,Kabupaten Morowali,Sulawesi Tengah,nan,"Wosu, Kec. Bungku Bar., Kabupaten Morowali, Sulawesi Tengah 94976",,,OK_GEO
ChIJmYKHKCr8vi0R7ZD8rGb-0wc,Desa Wisata Untia,Kabupaten Maros,Sulawesi Selatan,Kabupaten Maros,Sulawesi Selatan,Kota Makassar,"WFJ9+RXQ, Jl. Salodong, Untia, Kec. Biringkanaya, Kabupaten Maros, Sulawesi Selatan",,,TEXT_WIN
ChIJ0UBzZ52mpy0R1_n_P2H9LTk,Pulau Binongko,Kabupaten Wakatobi,Sulawesi Tenggara,Kabupaten Wakatobi,Sulawesi Tenggara,nan,"Kabupaten Wakatobi, Sulawesi Tenggara",,,OK_GEO
ChIJwSEtm0YLfjIRHQD2R-m_gi0,Pantai Lolan,Kabupaten Bolaang Mongondow,Sulawesi Utara,Kabupaten Bolaang Mongondow,Sulawesi Utara,nan,"Lolan, Kec. Bolaang Tim., Bolmong, Sulawesi Utara",,,OK_GEO
ChIJgTe4H0i_lC0R0oNHz0lK3lk,Museum - Ziekenhuis - Mandar Majene,Kabupaten Majene,Sulawesi Barat,Kabupaten Majene,Sulawesi Barat,nan,"Jl. Raden Suradi, Pangali-Ali, Kec. Banggae, Kabupaten Majene, Sulawesi Barat",,,OK_TEXT
ChIJzcVzRdpthzIRUXYaLNf-82w,Taman Wisata Alam Kota Tomohon,Kota Tomohon,Sulawesi Utara,Kota Tomohon,Sulawesi Utara,nan,"Jl. Tomohon - Rurukan, Talete Satu, Kec. Tomohon Tengah, Kota Tomohon, Sulawesi Utara",,,OK_GEO
ChIJc9HbXizdlS0RJvY0tMcG09k,Gelora Wisata Desa Nepo,Kabupaten Wajo,Sulawesi Selatan,Kabupaten Wajo,Sulawesi Selatan,nan,"Jl. Pelita, Nepo, Kec. Tana Sitolo, Kabupaten Wajo, Sulawesi Selatan 90951",,,OK_GEO
ChIJuWHnqsYucTIRy9WAaZ_zfm4,Pijar Beach Cottages,Kabupaten Tolitoli,Sulawesi Tengah,Kabupaten Tolitoli,Sulawesi Tengah,nan,"Lalos, Kec. Galang, Kabupaten Toli-Toli, Sulawesi Tengah 94561",,,OK_GEO
ChIJwzJgnK1Nvi0RoJ0pT46KmCM,Wisata Hutan Mangrove Dewi Biringkassi,Kabupaten Pangkajene Dan Kepulauan,Sulawesi Selatan,Kabupaten Pangkajene Dan Kepulauan,Sulawesi Selatan,nan,"Jl. Poros Biringkassi, Bulu Cindea, Kec. Bungoro, Kabupaten Pangkajene Dan Kepulauan, Sulawesi Selatan 90651",,,OK_GEO
ChIJ_____6OhhzIRjuFQNspICbM,Air Terjun Kima Atas,Kota Manado,Sulawesi Utara,Kota Manado,Sulawesi Utara,nan,"Kima Atas, Kec. Mapanget, Kota Manado, Sulawesi Utara",,,OK_GEO
ChIJ46-A4U1Mny0R417t_Z3oMmw,Air Terjun Tumburano,Kabupaten Konawe Kepulauan,Sulawesi Tenggara,Kabupaten Konawe Kepulauan,Sulawesi Tenggara,nan,"Lansilowo, Kec. Wawonii Utara, Konawe Kepulauan, Sulawesi Tenggara 93393",,,OK_GEO
ChIJzcqASu_Vvi0RPa-1EnLghzQ,Tanggul Topejawa,Kabupaten Takalar,Sulawesi Selatan,Kabupaten Takalar,Sulawesi Selatan,nan,"FCHP+33V, Unnamed Road,, Topejawa, Kec. Mangarabombang, Kabupaten Takalar, Sulawesi Selatan 92261",,,OK_GEO
ChIJHXbX_Kujvi0R0PkE1y28EMc,Air Terjun Kembar Desa Barambang,Kabupaten Sinjai,Sulawesi Selatan,Kabupaten Sinjai,Sulawesi Selatan,nan,"P22F+9PQ, Barambang, Kec. Sinjai Borong, Kabupaten Sinjai, Sulawesi Selatan 92662",,,OK_GEO
ChIJ2xZb8lajvi0RCJHcFUyUHWY,Donggia Kahayya,Kabupaten Bulukumba,Sulawesi Selatan,Kabupaten Bulukumba,Sulawesi Selatan,nan,"Donggia, Desa Kahayya, Kec. Kindang, Kabupaten Bulukumba, Sulawesi Selatan 92662",,,OK_GEO
ChIJG4SCCosMmS0R-cJXbPWgeFw,labengki Pasir Panjang,Kabupaten Konawe Utara,Sulawesi Tenggara,Kabupaten Konawe Utara,Sulawesi Tenggara,nan,"GFM8+9J7, Laut Banda, Cipulir, Kebayoran Lama, Jakarta Selatan, Daerah Khusus Ibukota Jakarta 12230",,,OK_GEO
ChIJxUghReDXki0R0a3cZG4hoq4,Rangas Beach,Kabupaten Mamuju,Sulawesi Barat,Kabupaten Mamuju,Sulawesi Barat,nan,"8RRX+5WV, Jl. Abdul Malik Pattana Endeng, Rangas, Kec. Simboro Dan Kepulauan, Kabupaten Mamuju, Sulawesi Barat 91512",,,OK_TEXT
ChIJC4RGZjJdmC0Rz2i9w-N34RE,AGRA Wisata,Kabupaten Konawe,Sulawesi Tenggara,Kabupaten Konawe,Sulawesi Tenggara,nan,"265J+HGR, Jl. Syamsudin, Laloika, Kec. Pondidaha, Kabupaten Konawe, Sulawesi Tenggara 93463",,,OK_GEO
ChIJQX0eWcKFmC0RnO7f7WPe-XA,Puncak Tiriondahi,Kabupaten Konawe Selatan,Sulawesi Tenggara,Kabupaten Konawe Selatan,Sulawesi Tenggara,nan,"VG43+MCV, Tanea, Kec. Konda, Kabupaten Konawe Selatan, Sulawesi Tenggara 93874",,,OK_GEO
ChIJd902ZprYki0R-l3qM4glql8,Air Terjun Tammasapi,Kabupaten Mamuju,Sulawesi Barat,Kabupaten Mamuju,Sulawesi Barat,nan,"7WWC+8HX, Mamunyu, Kec. Mamuju, Kabupaten Mamuju, Sulawesi Barat 91511",,,OK_TEXT
ChIJtWMN0-SLlS0RILdXpVZh_AY,Air Terjun To Magelli,Kabupaten Barru,Sulawesi Selatan,Kabupaten Barru,Sulawesi Selatan,nan,"MP83+5QX, Kamiri, Balusu, Kamiri, Kec. Barru, Kabupaten Barru, Sulawesi Selatan 90762",,,OK_GEO
ChIJ1bJNTcIUhzIRxupVewwOlss,Danau Tombakar (Ranowangko),Kabupaten Minahasa,Sulawesi Utara,Kabupaten Minahasa,Sulawesi Utara,nan,"7VQJ+QJ5, Tataaran Dua, Kec. Tondano Bar., Kabupaten Minahasa, Sulawesi Utara",,,OK_TEXT
ChIJJ8n3vmDYki0RAfReAdmP254,Kelapa Tujuh,Kabupaten Mamuju,Sulawesi Barat,Kabupaten Mamuju,Sulawesi Barat,nan,"8W32+XG5, Rimuku, Kec. Mamuju, Kabupaten Mamuju, Sulawesi Barat 91511",,,OK_TEXT
ChIJr1l3YhkrfzIRcjWRbSyomWA,Pantai Exotic,Kabupaten Bone Bolango,Gorontalo,Kabupaten Bone Bolango,Gorontalo,nan,"Huangobotu, Kec. Kabila Bone, Kabupaten Bone Bolango, Gorontalo 96117",,,OK_GEO
ChIJ0-VJF5I0ui0RUEyIrhzktQ0,Museum Nekara,Kabupaten Kepulauan Selayar,Sulawesi Selatan,Kabupaten Kepulauan Selayar,Sulawesi Selatan,nan,"Bontobangung, Kec. Bontoharu, Kab. Kepulauan Selayar, Sulawesi Selatan 92812",,,OK_GEO
ChIJc5sDpOllkC0RJ-vkBYSBqko,Pantai Impian,Kabupaten Luwu Timur,Sulawesi Selatan,Kabupaten Luwu Timur,Sulawesi Selatan,nan,"F9G9+CR3, Jl. Danau Matano, Sorowako, Kec. Nuha, Kabupaten Luwu Timur, Sulawesi Selatan 92983",,,OK_GEO
ChIJNyGMXGh1hzIRUOWXjQTxdo4,Tugu Lilin,Kota Manado,Sulawesi Utara,Kota Manado,Sulawesi Utara,nan,"FRVQ+Q7J, Kota Manado, Sulawesi Utara 55281",,,OK_GEO
ChIJvdbPlCi6lC0RP25ZXQVnQ1c,Pesisir Pantai Pamboang,Kabupaten Majene,Sulawesi Barat,Kabupaten Majene,Sulawesi Barat,nan,"GV6W+6C3, Lalampanua, Kec. Pamboang, Kabupaten Majene, Sulawesi Barat 91451",,,OK_TEXT
ChIJiwqZjVPsiy0RuRhZ1bJEM9c,Pantai Talise,Kota Palu,Sulawesi Tengah,Kota Palu,Sulawesi Tengah,nan,"Akbar Karim
Local Guide · 24 ulasan · 14 foto






10 bulan lalu
Pemandangan Pantai Talise Kota palu pada malam hari, masuarakat menggunakan jalan sebagai sarana untuk olahraga ..

Suka

Bagikan",,,OK_TEXT
ChIJ7_mwSb73iy0Ra9uyUhpQyG8,Wisata Vatu Nonju,Kabupaten Sigi,Sulawesi Tengah,Kabupaten Sigi,Sulawesi Tengah,nan,"XW9X+GP9, Watunonju, Sigi Kota, Kabupaten Sigi, Sulawesi Tengah 94364",,,OK_TEXT
ChIJD5DJVMuLly0R5k1Y5ei24-E,Bumi Perkemahan Ulunggolaka,Kabupaten Kolaka Timur,Sulawesi Tenggara,Kabupaten Kolaka,Sulawesi Tenggara,nan,"2HGM+V36, Unnamed Road, Ulunggolaka, Kec. Latambaga, Kabupaten Kolaka, Sulawesi Tenggara 93514",,,OK_GEO
ChIJldTI-FHYpi0RvyLsH_CYLNw,Balai Taman Nasional Wakatobi,Kabupaten Wakatobi,Sulawesi Tenggara,Kabupaten Wakatobi,Sulawesi Tenggara,nan,"FQW4+GXG, Lagiwae, Kaledupa, Ambeua, Kec. Kaledupa, Kabupaten Wakatobi, Sulawesi Tenggara 93792",,,OK_GEO
ChIJg3HXeYJ4oS0Rei8TOKmhsQs,Pantai Mowuru,Kabupaten Buton Utara,Sulawesi Tenggara,Kabupaten Buton Utara,Sulawesi Tenggara,Kabupaten Buton,"6624+77H, Jln, Saraea, Linsowu, Kulisusu, North Buton Regency, South East Sulawesi 93752",,,GEO_WIN
ChIJz1NIH3PpmC0R6THjv-sQ32g,Pantai Nipa Nipa,Kabupaten Konawe,Sulawesi Tenggara,Kabupaten Konawe,Sulawesi Tenggara,nan,"Pantai Nipa Nipa, Soropia, Kabupaten Konawe, Sulawesi Tenggara 93351",,,OK_GEO
ChIJm-oGtZGulS0RX3ibfsXHwf4,Pantai Jampue,Kabupaten Pinrang,Sulawesi Selatan,Kabupaten Pinrang,Sulawesi Selatan,nan,"Jampu e, Lanrisang, Kec. Lanrisang, Kabupaten Pinrang, Sulawesi Selatan 91272",,,OK_GEO
ChIJWdHakTb-hjIRdt96CP3Wmoo,Pantai Sarena,Kota Bitung,Sulawesi Utara,Kota Manado,Sulawesi Utara,Kota Bitung,"F65M+X8H, Jalan Maluku, Sea, Malalayang, Tandurusa, Kota Manado, Sulawesi Utara",,,TEXT_WIN
ChIJu6hNE2aucDIRFlf_eoYORXo,Pantai Negeri Lama (Nelam),Kabupaten Buol,Sulawesi Tengah,Kabupaten Buol,Sulawesi Tengah,nan,"Negeri Lama, Kec. Bokat, Kabupaten Buol, Sulawesi Tengah 94564",,,OK_TEXT
ChIJH5bbvennvi0RaEPVKbUTeWw,Pangngalleang toppa',Kabupaten Gowa,Sulawesi Selatan,Kabupaten Gowa,Sulawesi Selatan,nan,"PGWP+F48, Pakatto, Kec. Bontomarannu, Kabupaten Gowa, Sulawesi Selatan 92171",,,OK_GEO
ChIJmUiTPsIVlC0RjAg7zYD0zGk,Mendatte Park,Kabupaten Enrekang,Sulawesi Selatan,Kabupaten Enrekang,Sulawesi Selatan,nan,"Mendatte, Kec. Anggeraja, Kabupaten Enrekang, Sulawesi Selatan 91752",,,OK_GEO
ChIJs14niDkjvC0RDJdyQmvi23I,Pantai marana,Kabupaten Sinjai,Sulawesi Selatan,Kabupaten Sinjai,Sulawesi Selatan,nan,"R78P+32, Pasimarannu, Kabupaten Sinjai, Sulawesi Selatan",,,OK_GEO
ChIJb-GCeVM2eDIRYdkEUD-Iclg,Pulau Lahe,Kabupaten Pohuwato,Gorontalo,Kabupaten Pohuwato,Gorontalo,nan,"CX83+M9M, Pohuwato Tim., Kec. Marisa, Kabupaten Pohuwato, Gorontalo",,,OK_GEO
ChIJcXa6W_P_hjIRRN0BT8dS-7E,Pantai Kambahu,Kota Bitung,Sulawesi Utara,Kota Bitung,Sulawesi Utara,nan,"F6RP+R9F, Makawidey, Aertembaga, Kota Bitung, Sulawesi Utara",,,OK_GEO
ChIJm5rrd0y_lC0RSg8CXIm3RPQ,Taman Makam Pahlawan,Kabupaten Majene,Sulawesi Barat,Kabupaten Majene,Sulawesi Barat,nan,"FX24+FJ8, Jl. Gatot Subroto, Pangali-Ali, Kec. Banggae, Kabupaten Majene, Sulawesi Barat",,,OK_TEXT
ChIJWeuLoG4pvi0RiAM3nMm4-sI,Pantai Sumpang Binangae,Kabupaten Barru,Sulawesi Selatan,Kabupaten Barru,Sulawesi Selatan,nan,"Sumpang Binangae, Kec. Barru, Kabupaten Barru, Sulawesi Selatan 90712",,,OK_GEO
ChIJ7zUAN4oPoi0RRUCCv02qQKE,DESA Wisata Namu,Kabupaten Konawe Selatan,Sulawesi Tenggara,Kabupaten Konawe Selatan,Sulawesi Tenggara,nan,"Namu, Laonti, Kabupaten Konawe Selatan, Sulawesi Tenggara 93892",,,OK_GEO
ChIJMUrPcP5MlC0Rta_dxJCPtCg,Taman Marannu,Kabupaten Pinrang,Sulawesi Selatan,Kabupaten Pinrang,Sulawesi Selatan,nan,"6M52+6Q9, Jaya, Kec. Watang Sawitto, Kabupaten Pinrang, Sulawesi Selatan 91213",,,OK_GEO
ChIJN5CdyJBjfjIR5VyzJOXoSO8,Pantai Babo Moonow,Kabupaten Bolaang Mongondow,Sulawesi Utara,Kabupaten Bolaang Mongondow,Sulawesi Utara,nan,"RVQ9+6VX, Jl. Trans Sulawesi, Babo, Kec. Sangtombolang, Kabupaten Bolaang Mongondow, Sulawesi Utara",,,OK_GEO
ChIJlxJ1vj-Tly0RbAiQTA3uLkE,Pantai Indah Kapu,Kabupaten Kolaka,Sulawesi Tenggara,Kabupaten Kolaka,Sulawesi Tenggara,nan,"XCX9+WPW, Sani Sani, Kec. Samaturu, Kabupaten Kolaka, Sulawesi Tenggara",,,OK_GEO
ChIJR7ia85iyoy0RsNVZtLh7bHU,Permandian Matakidi,Kabupaten Muna,Sulawesi Tenggara,Kabupaten Muna,Sulawesi Tenggara,Kabupaten Muna Barat,"4GWW+84P, Latugho, Kec. Lawa, Kabupaten Muna, Sulawesi Tenggara 93652",,,TEXT_WIN
ChIJlSMEaOFXkS0RnknWldC-tEc,"Negeri Seribu Batu (NeBuBa) ""Pondok Mahari""",Kota Palopo,Sulawesi Selatan,Kota Palopo,Sulawesi Selatan,Kabupaten Luwu,"Bukit Harapan, Kec. Bua, Kota Palopo, Sulawesi Selatan 91991",,,TEXT_WIN
ChIJoYsqt2SthzIRRGvO0jqeraI,Khenjiro Beach,Kabupaten Minahasa Utara,Sulawesi Utara,Kabupaten Minahasa Utara,Sulawesi Utara,nan,"Rinondoran, Kec. Likupang Tim., Kabupaten Minahasa Utara, Sulawesi Utara",,,OK_GEO
ChIJzfn56mKpoy0R_4Bnesrn_fY,Mata Air Sangia,Kabupaten Muna,Sulawesi Tenggara,Kabupaten Muna,Sulawesi Tenggara,nan,"3CP7+6P7, Kabangka, Kec. Kabangka, Kabupaten Muna, Sulawesi Tenggara 93664",,,OK_GEO
ChIJTbmRToj3lS0RMrrr-fJufXQ,Maccahaya Waterboom,Kabupaten Soppeng,Sulawesi Selatan,Kabupaten Soppeng,Sulawesi Selatan,nan,"JWH4+JQW, Lalabata Rilau, Kec. Lalabata, Kabupaten Soppeng, Sulawesi Selatan 90812",,,OK_GEO
ChIJU68XzkS1iy0R0LfMoub1tHM,Obyek Wisata Pantai Vatu Mapida,Kabupaten Donggala,Sulawesi Tengah,Kabupaten Donggala,Sulawesi Tengah,nan,"FQ8G+RQR, Jl. Tolitoli - Palu, Enu, Kec. Sindue, Kabupaten Donggala, Sulawesi Tengah 94353",,,OK_GEO
ChIJDZUSZlBljS0RAyUIsZa0usc,Pantai Tumbu,Kabupaten Mamuju,Sulawesi Barat,Kabupaten Mamuju,Sulawesi Barat,Kabupaten Mamuju Tengah,"X6MC+RW2, Tumbu, Kec. Topoyo, Kabupaten Mamuju, Sulawesi Barat 91563",,,TEXT_WIN
ChIJ4-d0ycYYfjIRLvP3xvmUV-8,Gunung Ambang,Kabupaten Bolaang Mongondow Timur,Sulawesi Utara,Kabupaten Bolaang Mongondow Timur,Sulawesi Utara,nan,"Bongkudai Utara, Kec. Modayag, Kabupaten Bolaang Mongondow Timur, Sulawesi Utara",,,OK_GEO
ChIJRSumawAPhzIRmUJs9x9KvjI,Rote Park Sawangan,Kabupaten Minahasa Utara,Sulawesi Utara,Kabupaten Minahasa Utara,Sulawesi Utara,nan,"9XP3+5W6 Rote Park, Sawangan, Kec. Airmadidi, Kabupaten Minahasa Utara, Sulawesi Utara",,,OK_GEO
ChIJx3LyuM3TvS0RkWAbcjTQFUA,Puncak Kelor Ta Wanua Tonra,Kabupaten Bone,Sulawesi Selatan,Kabupaten Bone,Sulawesi Selatan,nan,"Bulu-Bulu, Kec. Tonra, Kabupaten Bone, Sulawesi Selatan",,,OK_GEO
ChIJ95TCe-w1mi0Rkr2uQhoxfOs,Pasir Panjang,Kabupaten Morowali,Sulawesi Tengah,Kabupaten Morowali,Sulawesi Tengah,nan,"38Q7+FV, Puungkeu, Kec. Bungku Pesisir, Kabupaten Morowali, Sulawesi Tengah 94974",,,OK_GEO
ChIJvYFBucPuky0Rj9ThsdaP7a8,Tongkonan Karuaya,Kabupaten Tana Toraja,Sulawesi Selatan,Kabupaten Tana Toraja,Sulawesi Selatan,nan,"XW26+4VM, Tumbang Datu, Kec. Sangalla Utara, Kabupaten Tana Toraja, Sulawesi Selatan 91817",,,OK_TEXT
ChIJI3zMSsILvC0RLMskBRL8bIE,Pantai Ujung Tiro,Kabupaten Bulukumba,Sulawesi Selatan,Kabupaten Bulukumba,Sulawesi Selatan,nan,"GFF2+6HX, Kec. Bonto Tiro, Kabupaten Bulukumba, Sulawesi Selatan 92572",,,OK_TEXT
ChIJi0f0N8bnvS0RXyc9QK1IWNU,Permandian Rindu Alam Apala,Kabupaten Bone,Sulawesi Selatan,Kabupaten Bone,Sulawesi Selatan,nan,"Jl. Poros Bone, Apala, Kec. Barebbo, Kabupaten Bone, Sulawesi Selatan 92771",,,OK_GEO
ChIJ71BxJOYMly0R6pHrQYS-lNY,Gunung Mekongga,Kabupaten Kolaka Utara,Sulawesi Tenggara,Kabupaten Kolaka Utara,Sulawesi Tenggara,nan,"Walasiho, Kec. Wawo, Kabupaten Kolaka Utara, Sulawesi Tenggara",,,OK_GEO
ChIJKz90KhwBky0RP9NttEIfEfM,Tanete Gandangdewata,Kabupaten Mamasa,Sulawesi Barat,Kabupaten Mamasa,Sulawesi Barat,nan,"Gandang Dewata, Kec. Tabulahan, Kabupaten Mamasa, Sulawesi Barat",,,OK_GEO
ChIJJSCOQYHtuy0RlygXtep0z5Y,Bira Point Of View(one piece),Kabupaten Bulukumba,Sulawesi Selatan,Kabupaten Bulukumba,Sulawesi Selatan,nan,"Bira, Kec. Bonto Bahari, Kabupaten Bulukumba, Sulawesi Selatan",,,OK_TEXT
ChIJDZwjuBIVlC0RtMt0MilcxSw,Gunung Nona,Kabupaten Enrekang,Sulawesi Selatan,Kabupaten Enrekang,Sulawesi Selatan,nan,"GRH6+WM, Rosoan, Kec. Enrekang, Kabupaten Enrekang, Sulawesi Selatan 91752",,,OK_GEO
ChIJ50OQPe6qhzIRPc_jPs-MRms,Gunung Batuangus,Kota Bitung,Sulawesi Utara,Kota Bitung,Sulawesi Utara,nan,"Kasawari, Aertembaga, Kota Bitung, Sulawesi Utara",,,OK_GEO
ChIJJUXVyxhrpC0RpPq0U-wifVA,Wisata Jembatan Lingkar,Kabupaten Buton,Sulawesi Tenggara,Kabupaten Buton,Sulawesi Tenggara,Kabupaten Buton Selatan,"8MRP+6F9, Wawowangi, Batulo, Kec. Sampolawa, Kabupaten Buton, Sulawesi Tenggara 93716",,,TEXT_WIN
ChIJ_zRZXX8xfzIR7KllxSugzcs,Pantai tihu,Kabupaten Bone Bolango,Gorontalo,Kabupaten Bone Bolango,Gorontalo,nan,"9698+4J5, Tihu, Kec. Bonepantai, Kabupaten Bone Bolango, Gorontalo",,,OK_GEO
ChIJJQjyDw8xoS0Rjgb0NjLoLYM,PANTAI WAIKESA,Kabupaten Wakatobi,Sulawesi Tenggara,Kabupaten Wakatobi,Sulawesi Tenggara,nan,"Waelumu, Wangi-Wangi Sel., Kabupaten Wakatobi, Sulawesi Tenggara 93791",,,OK_GEO
ChIJL4gM86UreTIRsTBZKgHCnlo,Wisata Pemandian Potanga,Kabupaten Gorontalo,Gorontalo,Kabupaten Gorontalo,Gorontalo,nan,"G2VG+PWJ Bar, Pilolodaa, Kec. Kota Bar., Kabupaten Gorontalo, Gorontalo 96181",,,OK_GEO
ChIJCfO2n3FPeTIRmBiGFPNMOKI,Benteng Oranje,Kabupaten Gorontalo Utara,Gorontalo,Kabupaten Gorontalo Utara,Gorontalo,nan,"VW27+6M5, Dambalo, Kec. Kwandang, Kabupaten Gorontalo Utara, Gorontalo 96252",,,OK_GEO
ChIJVVVVpRLjvi0RrTXsnMfUR6k,Danau Balang Tonjong,Kota Makassar,Sulawesi Selatan,Kota Makassar,Sulawesi Selatan,nan,"RFMP+HP4, Balang Tonjong, Antang, Kec. Manggala, Kota Makassar, Sulawesi Selatan 90234",,,OK_GEO
ChIJC3SYaJV2pC0RGZ7R4E9chhw,Istana Malige,Kota Baubau,Sulawesi Tenggara,Kota Baubau,Sulawesi Tenggara,nan,"GJR4+VPM, Tomba, Kec. Wolio, Kota Bau-Bau, Sulawesi Tenggara 93717",,,OK_GEO
ChIJk7Bn7Frhvi0RVazBPcmzd2M,Danau Mawang,Kabupaten Gowa,Sulawesi Selatan,Kabupaten Gowa,Sulawesi Selatan,nan,"Mawang, Kec. Somba Opu, Kabupaten Gowa, Sulawesi Selatan",,,OK_GEO
ChIJSQE337jymC0R9Jyb91uoaaE,Museum Negeri Provinsi Sulawesi Tenggara,Kota Kendari,Sulawesi Tenggara,Kota Kendari,Sulawesi Tenggara,nan,"Jl. Abunawas No.113, Bende, Kec. Kadia, Kota Kendari, Sulawesi Tenggara 93461",,,OK_GEO
ChIJf_8IsC_dkC0RQjog2INoDDA,pulau bintang tolala,Kabupaten Kolaka Utara,Sulawesi Tenggara,Kabupaten Kolaka Utara,Sulawesi Tenggara,nan,"23VC+22G, Kec. Tolala, Kabupaten Kolaka Utara, Sulawesi Tenggara",,,OK_GEO
ChIJV_9Py3ZBhzIRi3yn_KCmQI8,Goa Jepang Kawangkoan,Kabupaten Minahasa,Sulawesi Utara,Kabupaten Minahasa,Sulawesi Utara,nan,"6Q7Q+FH9, Jl. Raya Kawangkoan Manado, Uner, Kec. Kawangkoan Utara, Kabupaten Minahasa, Sulawesi Utara",,,OK_TEXT
ChIJ5YNg-h4Pgy0RRFcAtr2-d2s,Pantai Pasir Putih,Kabupaten Banggai,Sulawesi Tengah,Kabupaten Banggai Laut,Sulawesi Tengah,nan,"9HRC+M32, Pasir Putih, Kec. Banggai, Kab. Banggai Laut, Sulawesi Tengah 94891",,,OK_GEO
ChIJr5I8Cgq7lS0R_20Q3ANI2fA,Bukit Marezo,Kota Parepare,Sulawesi Selatan,Kota Parepare,Sulawesi Selatan,nan,"XM96+PWF, Jl. MP. Remmang, Lemoe, Kec. Bacukiki, Kota Parepare, Sulawesi Selatan 91121",,,OK_GEO
ChIJ_Rt8oAhthzIRbjzSxT9rntE,Tomohon Show Window,Kota Tomohon,Sulawesi Utara,Kota Tomohon,Sulawesi Utara,nan,"9R2F+R2H, Kakaskasen Dua, Kec. Tomohon Utara, Kota Tomohon, Sulawesi Utara",,,OK_GEO
ChIJp2nZvm0bhzIRvUSLwpa77Ng,Pantai Lilang,Kabupaten Minahasa Utara,Sulawesi Utara,Kabupaten Minahasa Utara,Sulawesi Utara,nan,"Kema - Makalisung, Kec. Kema, Kabupaten Minahasa Utara, Sulawesi Utara",,,OK_GEO
ChIJ9X-nVyO6lC0Rv93FC4rz0Ag,Taraujung Pamboang,Kabupaten Majene,Sulawesi Barat,Kabupaten Majene,Sulawesi Barat,nan,"GV8M+PGF, Lalampanua, Kec. Pamboang, Kabupaten Majene, Sulawesi Barat 91451",,,OK_TEXT
ChIJg2M-PAAxvS0RniDSHTZojRA,PANTAI KARANG EMPAT,Kabupaten Bombana,Sulawesi Tenggara,Kabupaten Bombana,Sulawesi Tenggara,nan,"8F88+RR, Ranokomea, Kec. Poleang Bar., Kabupaten Bombana, Sulawesi Tenggara 93772",,,OK_GEO
ChIJQ6yJkmTJkS0RZY1S5DOSeZA,Air Terjun Sungai Anuang,Kabupaten Luwu Timur,Sulawesi Selatan,Kabupaten Luwu Timur,Sulawesi Selatan,nan,"MQ5W+2QM, Kasintuwu, Kec. Mangkutana, Kabupaten Luwu Timur, Sulawesi Selatan 92973",,,OK_GEO
ChIJi6AhVGk_lC0RoFxJRm-Zoyo,Wisata Alam Lewaja,Kabupaten Enrekang,Sulawesi Selatan,Kabupaten Enrekang,Sulawesi Selatan,nan,"Lewaja, Kec. Enrekang, Kabupaten Enrekang, Sulawesi Selatan 91712",,,OK_GEO
ChIJj2_e15AlvC0RlGpZNOW6i4A,Pantai Galau,Kabupaten Sinjai,Sulawesi Selatan,Kabupaten Sinjai,Sulawesi Selatan,nan,"V7QM+962, Lappa, Kec. Sinjai Utara, Kabupaten Sinjai, Sulawesi Selatan",,,OK_GEO
ChIJ7UqvD44EhzIRt3mSTt1euNU,Pantai RCTI,Kota Bitung,Sulawesi Utara,Kota Bitung,Sulawesi Utara,Kabupaten Minahasa Utara,"94W6+79F, Tj. Merah, Kec. Matuari, Kota Bitung, Sulawesi Utara",,,TEXT_WIN
ChIJu1MOPBuzhzIRVixd5izbRI4,Pantai Kinunang,Kabupaten Minahasa Utara,Sulawesi Utara,Kabupaten Minahasa Utara,Sulawesi Utara,nan,"M577+F4F, Pulisan, Kec. Likupang Tim., Kabupaten Minahasa Utara, Sulawesi Utara",,,OK_GEO
ChIJl1uUuSY9vi0RR0th2QCvQNI,Air Terjun Waesai,Kabupaten Barru,Sulawesi Selatan,Kabupaten Barru,Sulawesi Selatan,nan,"CPWW+CV5, Lompo Riaja, Kec. Tanete Riaja, Kabupaten Barru, Sulawesi Selatan 90762",,,OK_GEO
ChIJEZbLgThZhzIRGXH4mfGuc9Q,Destinasi Wisata Bukit Sasayaban,Kabupaten Minahasa Selatan,Sulawesi Utara,Kabupaten Minahasa Selatan,Sulawesi Utara,nan,"5HHF+CX7, Buyungon, Kec. Amurang, Kabupaten Minahasa Selatan, Sulawesi Utara",,,OK_GEO
ChIJVVVVVfEFvi0R4HEbCpTWt8w,Air Terjun Ladenring,Kabupaten Bone,Sulawesi Selatan,Kabupaten Bone,Sulawesi Selatan,Kabupaten Soppeng,"Barugae, Kec. Lamuru, Kabupaten Bone, Sulawesi Selatan 92763",,,TEXT_WIN
ChIJLaYbf62Aoy0RHUHrOtfdmLQ,Pantai Gubahi,Kabupaten Buton,Sulawesi Tenggara,Kabupaten Buton,Sulawesi Tenggara,Kabupaten Buton Tengah,"HCVV+WJ3, Lasori, Mawasangka Tim., Kabupaten Buton, Sulawesi Tenggara",,,TEXT_WIN
ChIJM9vDbUN1hzIRu7FXABkhmfk,Klenteng KWAN KONG Manado,Kota Manado,Sulawesi Utara,Kota Manado,Sulawesi Utara,nan,"FRVV+MVX, Jl. D. I. Panjaitan, Calaca, Kec. Wenang, Kota Manado, Sulawesi Utara",,,OK_GEO
ChIJhVeakPKzhzIR0BOaUXqqWtc,Pantai Pulisan,Kabupaten Minahasa Utara,Sulawesi Utara,Kabupaten Minahasa Utara,Sulawesi Utara,nan,"Pulisan, Kec. Likupang Tim., Kabupaten Minahasa Utara, Sulawesi Utara",,,OK_GEO
ChIJT-qzpy9Ovi0R4sqGT5UdKEU,Monumen Perjuangan Rakyat Pangkep,Kabupaten Pangkajene Dan Kepulauan,Sulawesi Selatan,Kabupaten Pangkajene Dan Kepulauan,Sulawesi Selatan,nan,"5G7X+W3P, Padoang Doangan, Kec. Pangkajene, Kabupaten Pangkajene Dan Kepulauan, Sulawesi Selatan 90614",,,OK_GEO
ChIJH7i4ooLTfjIRth5pkpQ-kfA,Wisata Bukit Arang Gorontalo,Kabupaten Bone Bolango,Gorontalo,Kabupaten Bone Bolango,Gorontalo,nan,"Lonuo, Kec. Tilongkabila, Kabupaten Bone Bolango, Gorontalo 96121",,,OK_GEO
ChIJlQ2UCvcxky0R_1TXQ4RADlQ,Tanjung Ngalo Mamuju,Kabupaten Mamuju Tengah,Sulawesi Barat,Kota Makassar,Sulawesi Selatan,nan,"4QM9+8PH, Dungkait, Selat, Kota Makassar, Sulawesi Selatan",,,OK_TEXT
ChIJ2cm4Zxztiy0RW2XJas8WIkc,Kebun Anggur DUYU BANGKIT 02/04,Kota Palu,Sulawesi Tengah,Kota Palu,Sulawesi Tengah,nan,"Jl. Gawalise, Duyu, Kec. Palu Bar., Kota Palu, Sulawesi Tengah",,,OK_TEXT
ChIJizC7kta7lS0RAQnWG-25RWw,Mattirotasi beach,Kota Parepare,Sulawesi Selatan,Kota Parepare,Sulawesi Selatan,nan,"Jl. Mattiro Tasi No.125, Kp. Baru, Kec. Bacukiki Bar., Kota Parepare, Sulawesi Selatan 91121",,,OK_GEO
ChIJ17WMHOTpky0Rxhm1YxrFVY0,Tugu Kandean Dulang,Kabupaten Toraja Utara,Sulawesi Selatan,Kabupaten Toraja Utara,Sulawesi Selatan,nan,"2VHX+RCX, Jl. Andi Mappanyukki, Penanian, Kec. Rantepao, Kabupaten Toraja Utara, Sulawesi Selatan 91833",,,OK_GEO
ChIJ3R-U4ijF8jIRohrGZ1hNC7E,Pantai BBC,Kabupaten Kepulauan Talaud,Sulawesi Utara,Kabupaten Kepulauan Talaud,Sulawesi Utara,nan,"6QCR+72P, Beo Tim., Kec. Beo, Kabupaten Kepulauan Talaud, Sulawesi Utara",,,OK_TEXT
ChIJQcp_R0mjhi0R0sAb97O9cAI,Mokokawa,Kabupaten Banggai,Sulawesi Tengah,Kabupaten Banggai,Sulawesi Tengah,nan,"3PGP+76, Hanga-Hanga, Kec. Luwuk Selatan, Kabupaten Banggai, Sulawesi Tengah 94711",,,OK_TEXT
ChIJxz6VowvNpi0RIQ679jIhNV4,Masjid Keraton Liya,Kabupaten Wakatobi,Sulawesi Tenggara,Kabupaten Wakatobi,Sulawesi Tenggara,nan,"JHFR+6RC Liya Togo, Liya Mawi, Wangi-Wangi Sel., Kabupaten Wakatobi, Sulawesi Tenggara 93795",,,OK_GEO
ChIJq6qqqtqCoy0Rw-jkN8tRLeA,Pemandian Ma'obu,Kabupaten Buton,Sulawesi Tenggara,Kabupaten Buton,Sulawesi Tenggara,Kabupaten Buton Tengah,"M9PW+GFW, Lalibo, Mawasangka Tengah, Lalibo, Buton Tengah, Kabupaten Buton, Sulawesi Tenggara",,,TEXT_WIN
ChIJASkIJQNwfjIRiEPA65N7BH0,Pantai Bungin,Kabupaten Bolaang Mongondow,Sulawesi Utara,Kabupaten Bolaang Mongondow,Sulawesi Utara,nan,"VXJP+299, Motabang, Kec. Lolak, Kabupaten Bolaang Mongondow, Sulawesi Utara 95761",,,OK_GEO
ChIJmcV51u0ivC0RwO8g639wacs,Hubat Sanjai,Kabupaten Sinjai,Sulawesi Selatan,Kabupaten Sinjai,Sulawesi Selatan,nan,"Q8H6+QH8, Sanjai, Kec. Sinjai Tim., Kabupaten Sinjai, Sulawesi Selatan",,,OK_GEO
ChIJdXRFl1oBkC0RFzmAGSNfGs0,Ungkea Beach,Kabupaten Morowali Utara,Sulawesi Tengah,Kabupaten Morowali Utara,Sulawesi Tengah,nan,"ungkea, Kabupaten Morowali Utara, Sulawesi Tengah",,,OK_GEO
ChIJ647pDKa_lC0RGFJlzrGNk_o,Taman Kota Majene,Kabupaten Majene,Sulawesi Barat,Kabupaten Majene,Sulawesi Barat,nan,"FX48+37J, Jl. Ammana Wewang, Banggae, Kec. Banggae, Kabupaten Majene, Sulawesi Barat",,,OK_TEXT
ChIJMQ5RpweIlS0RdhUNUZ8yD1Y,Pantai Padongko,Kabupaten Barru,Sulawesi Selatan,Kabupaten Barru,Sulawesi Selatan,nan,"Mangempang, Kec. Barru, Kabupaten Barru, Sulawesi Selatan 90712",,,OK_GEO
ChIJLUzDVl9NiS0R7tFC_XHY0q4,Air Terjun Baturiti,Kabupaten Parigi Moutong,Sulawesi Tengah,Kabupaten Parigi Moutong,Sulawesi Tengah,nan,"X985+VC4, Balinggi, Kec. Balinggi, Kabupaten Parigi Moutong, Sulawesi Tengah 94473",,,OK_GEO
ChIJhaT7FPOTly0Rwlvc514RmVA,Pantai Malaha,Kabupaten Kolaka,Sulawesi Tenggara,Kabupaten Kolaka,Sulawesi Tenggara,nan,"2C24+XFQ, Malaha, Kec. Samaturu, Kabupaten Kolaka, Sulawesi Tenggara 93915",,,OK_GEO
ChIJj9POSAHXki0R4bl2wqR0G2c,Pantai Panorama,Kabupaten Mamuju Tengah,Sulawesi Barat,Kabupaten Mamuju,Sulawesi Barat,nan,"Rangas, Kec. Simboro Dan Kepulauan, Kabupaten Mamuju, Sulawesi Barat 91512",,,OK_TEXT
ChIJzdUltnylfjIR8UOkfrxsILg,Taman Kota Keydupa,Kabupaten Bolaang Mongondow Utara,Sulawesi Utara,Kabupaten Bolaang Mongondow Utara,Sulawesi Utara,nan,"W757+R95, Boroko, Kuala, Kaidipang, Boroko, Kec. Kaidipang, Kabupaten Bolaang Mongondow Utara, Sulawesi Utara",,,OK_GEO
ChIJN9OuDywBvC0RNMX4hhrO00I,TODDOPULI GREENLAND,Kabupaten Bulukumba,Sulawesi Selatan,Kabupaten Bulukumba,Sulawesi Selatan,nan,"F68M+MP, Kalumeme, Kec. Ujung Bulu, Kabupaten Bulukumba, Sulawesi Selatan 92661",,,OK_GEO
ChIJ77rvtlk9fjIRCzN1Iuejcpw,Gelora ambang,Kota Kotamobagu,Sulawesi Utara,Kota Kotamobagu,Sulawesi Utara,nan,"P8W9+88G, Kotamobagu, Kec. Kotamobagu Bar., Kota Kotamobagu, Sulawesi Utara 95716",,,OK_GEO
ChIJnfBRxmEZhzIRguL0MHYr3Is,Pantai Kanaan,Kabupaten Minahasa,Sulawesi Utara,Kabupaten Minahasa,Sulawesi Utara,nan,"Jaga VI, Kolongan I, Kombi, Minahasa Regency, North Sulawesi",,,OK_TEXT
ChIJwSYdusnTfjIRUE-8OE2uFV8,Wisata Alam Bukit Peyapata,Kabupaten Bone Bolango,Gorontalo,Kabupaten Bone Bolango,Gorontalo,nan,"Tunggulo, Kec. Tilongkabila, Kabupaten Bone Bolango, Gorontalo 96123",,,OK_GEO
ChIJiRyo3mvCky0RO7_s0315nY8,Tongkonan Ranteallo,Kabupaten Toraja Utara,Sulawesi Selatan,Kabupaten Toraja Utara,Sulawesi Selatan,nan,"2WX6+Q2W, Buntu Tallunglipu, Kec. Tallunglipu, Kabupaten Toraja Utara, Sulawesi Selatan 91853",,,OK_GEO
ChIJ01F-EJ-1mC0RNWSEdfBU8M0,Pantai Kampa,Kabupaten Konawe Kepulauan,Sulawesi Tenggara,Kabupaten Konawe Kepulauan,Sulawesi Tenggara,Kabupaten Konawe,"Islands district, Indoneaia, Wawonii Barat, Konawe Regency, South East Sulawesi",,,GEO_WIN
ChIJ25vOqTfJoy0RBVTz8Pk66A8,Pantai Meleura,Kabupaten Muna,Sulawesi Tenggara,Kabupaten Muna,Sulawesi Tenggara,nan,"3QC5+M2, Lakarinta, Kec. Lohia, Kabupaten Muna, Sulawesi Tenggara 93658",,,OK_GEO
ChIJq6vp6DtLuS0Rurs4L3hZ1Ng,Dermaga Harapan,Kabupaten Jeneponto,Sulawesi Selatan,Kabupaten Jeneponto,Sulawesi Selatan,nan,"9VJ7+25W, Desa, Pao, Kec. Tarowang, Kabupaten Jeneponto, Sulawesi Selatan",,,OK_GEO
ChIJMxd0dTwAoy0RoL_joAKso34,Pantai Pajala,Kabupaten Muna,Sulawesi Tenggara,Kabupaten Muna,Sulawesi Tenggara,Kabupaten Muna Barat,"Pajala, Kec. Maginti, Kabupaten Muna, Sulawesi Tenggara",,,TEXT_WIN
ChIJFdiGCNfZki0REkizB6yHEOI,LYWANZA HILLS,Kabupaten Mamuju,Sulawesi Barat,Kabupaten Mamuju,Sulawesi Barat,nan,"8V4F+262, Jl. Soekarno Hatta, Karema, Kec. Mamuju, Kabupaten Mamuju, Sulawesi Barat 91512",,,OK_TEXT
ChIJj8mz7YIfvy0Ro-ijrEFbeNI,Pantai Gusung Indah,Kabupaten Takalar,Sulawesi Selatan,Kabupaten Takalar,Sulawesi Selatan,nan,"Jalan Rustam Massa, Desa Bontosunggu, Galesong Utara, Bontosunggu, Takalar, Kabupaten Takalar, Sulawesi Selatan 92255",,,OK_GEO
ChIJLagidd9MlC0ReiN5LtXxHc8,Taman Pintar,Kabupaten Pinrang,Sulawesi Selatan,Kabupaten Pinrang,Sulawesi Selatan,nan,"Jl. Jend. Sukawati No.40, Macorawalie, Kec. Watang Sawitto, Kabupaten Pinrang, Sulawesi Selatan 91212",,,OK_GEO
ChIJgeulGwvBky0RC5lwmsvlXK0,Lolai Tongkonan Tangke Honai Rangga,Kabupaten Toraja Utara,Sulawesi Selatan,Kabupaten Toraja Utara,Sulawesi Selatan,nan,"3V54+745, Sikuku, Kec. Kapala Pitu, Kabupaten Toraja Utara, Sulawesi Selatan 91854",,,OK_GEO
ChIJt8Ztut3quy0RGJjCmRR8dUc,Pantai Pa'badilang,Kabupaten Kepulauan Selayar,Sulawesi Selatan,Kabupaten Kepulauan Selayar,Sulawesi Selatan,nan,"Pa'baddilang, Kab. Kepulauan Selayar, Sulawesi Selatan 92851",,,OK_GEO
ChIJZ-r1YkYBii0RzZAvBDea3Ts,Pantai mosing,Kabupaten Parigi Moutong,Sulawesi Tengah,Kabupaten Parigi Moutong,Sulawesi Tengah,nan,"X3RX+4QP, Sinei, Kec. Tinombo Sel., Kabupaten Parigi Moutong, Sulawesi Tengah",,,OK_GEO
ChIJF2hXcK_WlS0RlCwcbzmmXa8,Bendungan Kalola,Kabupaten Wajo,Sulawesi Selatan,Kabupaten Wajo,Sulawesi Selatan,nan,"438G+5R4, Desa Sogi, Maniang Pajo, Sogi, Wajo, Kabupaten Wajo, Sulawesi Selatan 90952",,,OK_GEO
ChIJLydNfcdFhzIR7MNnsOlBFZc,Pinus 2 Soputan,Kabupaten Minahasa,Sulawesi Utara,Kabupaten Minahasa,Sulawesi Utara,nan,"4QV2+HR7, Pinabetengan, Kec. Tompaso, Kabupaten Minahasa, Sulawesi Utara",,,OK_TEXT
ChIJA13TSQ1thzIR9EyKPTfibtA,Hutan Kota Tomohon,Kota Tomohon,Sulawesi Utara,Kota Tomohon,Sulawesi Utara,nan,"Jl. Sumeseper, Talete Satu, Kec. Tomohon Tengah, Kota Tomohon, Sulawesi Utara",,,OK_GEO
ChIJ8bH84aUPhzIRQBkxtxjRPy0,Objek Wisata Danau Seper,Kabupaten Minahasa Utara,Sulawesi Utara,Kabupaten Minahasa Utara,Sulawesi Utara,nan,"9XFW+846, Jl. A. Manowutu, Lembean, Kec. Kauditan, Kabupaten Minahasa Utara, Sulawesi Utara",,,OK_GEO
ChIJ6xTMyDRVhjIRrVmT0U0YfLQ,Taman Wisata Alam Batu Angus,Kota Bitung,Sulawesi Utara,Kota Bitung,Sulawesi Utara,nan,"G64R+532, Dekat, Kasawari, Aertembaga, Kota Bitung, Sulawesi Utara",,,OK_TEXT
ChIJEV40m_2hmC0R0uflVNXgowE,Permandian air terjun Moramo,Kabupaten Konawe Selatan,Sulawesi Tenggara,Kabupaten Konawe Selatan,Sulawesi Tenggara,nan,"QPFP+F7W, Sumber Sari, Kec. Moramo, Kabupaten Konawe Selatan, Sulawesi Tenggara 93395",,,OK_GEO
ChIJWQ5QCkoLky0RkwjpkWt3npY,Citol Hill TONDOK BAKARU,Kabupaten Mamasa,Sulawesi Barat,Kabupaten Mamasa,Sulawesi Barat,nan,"39HP+X82, Unnamed Road, Rambusaratu, Kec. Mamasa, Kabupaten Mamasa, Sulawesi Barat 91362",,,OK_GEO
ChIJUfzAS863kS0Rqx2HxQMG3z8,Permandian Alam Uelanti,Kabupaten Luwu Timur,Sulawesi Selatan,Kabupaten Luwu Timur,Sulawesi Selatan,Kabupaten Luwu,"HQVQ+XFJ, Unnamed Road, Kasintuwu, Mangkutana, East Luwu Regency, South Sulawesi 92973",,,GEO_WIN
ChIJpyY7RERjky0RT8Gaj8u_x-4,BUKIT SENAYAN DESA BULO KEC. BULO (NEGERI ATAS AWAN),Kabupaten Polewali Mandar,Sulawesi Barat,Kabupaten Polewali Mandar,Sulawesi Barat,nan,"Q5H8+783, Unnamed Road, Bulo, Kec. Bulo, Kabupaten Polewali Mandar, Sulawesi Barat 91353",,,OK_GEO
ChIJxYiS3FKtkS0RnTaDGEsfaAU,Taman Nirwana Park (Tilung),Kabupaten Luwu Timur,Sulawesi Selatan,Kabupaten Luwu Timur,Sulawesi Selatan,nan,"FR38+8G2, Tadulako, Kec. Tomoni, Kabupaten Luwu Timur, Sulawesi Selatan 92971",,,OK_GEO
ChIJGQ2TyAiUlC0RXC6vV1Kgbk8,Pantai Wisata Lapeo,Kabupaten Polewali Mandar,Sulawesi Barat,Kabupaten Polewali Mandar,Sulawesi Barat,nan,"Lapeo, Kec. Campalagian, Kabupaten Polewali Mandar, Sulawesi Barat",,,OK_GEO
ChIJAQAAAHPpmC0RYwbE86stea4,Pantai Panjang Toronipa,Kabupaten Konawe,Sulawesi Tenggara,Kabupaten Konawe,Sulawesi Tenggara,nan,"Toronipa, Soropia, Kabupaten Konawe, Sulawesi Tenggara 93351",,,OK_GEO
ChIJDd6l0hxfmi0RnttLzDwVqdA,Permandian Bahopombine,Kabupaten Morowali,Sulawesi Tengah,Kabupaten Morowali,Sulawesi Tengah,nan,"82G5+FF8, Kolono, Kec. Bungku Timur, Kabupaten Morowali, Sulawesi Tengah 94973",,,OK_GEO
ChIJ34hpWkxfkS0R_V1IVp1_mr8,Wisata Permandian Agro Palopo,Kota Palopo,Sulawesi Selatan,Kota Palopo,Sulawesi Selatan,nan,"X5GF+7QM, Murante, Kec. Mungkajang, Kota Palopo, Sulawesi Selatan 91921",,,OK_GEO
ChIJwVbBX-Teiy0RpMQO9wnFC_o,Parigi Moutong Mutiara Khatulistiwa,Kabupaten Parigi Moutong,Sulawesi Tengah,Kabupaten Parigi Moutong,Sulawesi Tengah,nan,"7454+X54, Pelawa Baru, Kec. Parigi Tengah, Kabupaten Parigi Moutong, Sulawesi Tengah 94471",,,OK_GEO
ChIJa8pD7mCwcDIRg0nF2eLJg6I,Tirta Ria,Kabupaten Buol,Sulawesi Tengah,Kabupaten Buol,Sulawesi Tengah,nan,"5C23+CC8, Kulango, Kec. Biau, Kabupaten Buol, Sulawesi Tengah 94565",,,OK_TEXT
ChIJ31KxnOQLvC0Rzvv93F6kU94,Batu Tongkarayya,Kabupaten Bulukumba,Sulawesi Selatan,Kabupaten Bulukumba,Sulawesi Selatan,nan,"FCQX+R67 Ara, Lembanna, Kec. Bonto Bahari, Kabupaten Bulukumba, Sulawesi Selatan",,,OK_GEO
ChIJB4bUTA_3ky0RKRIzVpiruR0,Wisata Hutan Pinus Buntudatu,Kabupaten Tana Toraja,Sulawesi Selatan,Kabupaten Tana Toraja,Sulawesi Selatan,nan,"Buntu Datu, Kec. Mengkendek, Kabupaten Tana Toraja, Sulawesi Selatan 91871",,,OK_TEXT
ChIJJ2P2OqWDgDIRyg92sxlUFqk,Chimoki Beach,Kabupaten Bolaang Mongondow Timur,Sulawesi Utara,Kabupaten Bolaang Mongondow Timur,Sulawesi Utara,nan,"Nuangan, Kec. Nuangan, Kabupaten Bolaang Mongondow Timur, Sulawesi Utara",,,OK_GEO
ChIJgwMX8eCokS0R62q3irz-fXw,Pantai Balo Balo,Kabupaten Luwu Timur,Sulawesi Selatan,Kabupaten Luwu Timur,Sulawesi Selatan,nan,"9QJ9+42V, Balobalo, Kec. Wotu, Kabupaten Luwu Timur, Sulawesi Selatan 92975",,,OK_GEO
ChIJpbWLeUDfvi0RYRt6Z7YCTnw,Kampung Literasi Borongtala,Kabupaten Takalar,Sulawesi Selatan,Kabupaten Gowa,Sulawesi Selatan,nan,"MC3R+C8F, Jl. Borongtala, Tamallayang, Kec. Bontonompo, Kabupaten Gowa, Sulawesi Selatan 92153",,,OK_GEO
ChIJtU7VBSDEhy0RzlBs9rO8iGU,Jelly Fish Lake (Mariona Lake),Kabupaten Tojo Una-Una,Sulawesi Tengah,Kabupaten Tojo Una-Una,Sulawesi Tengah,nan,"MW82+5H7, Katupat, Kec. Togean, Kabupaten Tojo Una-Una, Sulawesi Tengah 94691",,,OK_TEXT
ChIJy4Mm9IwXfzIR9aMI4Kuc2h8,AIR TERJUN HUILA,Kabupaten Bone Bolango,Gorontalo,Kabupaten Bone Bolango,Gorontalo,nan,"9FC7+58Q, Taludaa, Kec. Bone, Kabupaten Bone Bolango, Gorontalo 96585",,,OK_GEO
ChIJEyJwBpUzeTIR-rT00PHUsZg,Pasambaya river side,Kabupaten Gorontalo,Gorontalo,Kabupaten Gorontalo,Gorontalo,nan,"M3GF+WCC, Modellidu, Kec. Bulango Utara, Kabupaten Gorontalo, Gorontalo 96181",,,OK_GEO
ChIJcZ1cgkOTmC0REfu_au0_7WI,Agrowisata Qurratu'ain,Kota Kendari,Sulawesi Tenggara,Kota Kendari,Sulawesi Tenggara,nan,"Jl. Banteng, Rahandouna, Kec. Poasia, Kota Kendari, Sulawesi Tenggara 93232",,,OK_GEO
ChIJHTk7CTpJmC0RWxtjjBTV3KI,Asinua Water Park Konawe,Kabupaten Konawe,Sulawesi Tenggara,Kabupaten Konawe,Sulawesi Tenggara,nan,"43Q8+R4C, Asinua, Kec. Unaaha, Kabupaten Konawe, Sulawesi Tenggara 93415",,,OK_GEO
ChIJ8-a69TKDgDIRn8tBydhFgu8,Tanjung Silar,Kabupaten Bolaang Mongondow Timur,Sulawesi Utara,Kabupaten Bolaang Mongondow Timur,Sulawesi Utara,nan,"JH98+96J, Jiko, Port, Nuangan, Kec. Nuangan, Kabupaten Bolaang Mongondow Timur, Sulawesi Utara",,,OK_GEO
ChIJF5lE7fyNlS0RTiYGKVAoAbA,Monumen Paccekke,Kabupaten Barru,Sulawesi Selatan,Kabupaten Barru,Sulawesi Selatan,nan,"PPQ2+Q67, Paccekke, Kec. Soppeng Riaja, Kabupaten Barru, Sulawesi Selatan 90752",,,OK_GEO
ChIJHw2BFr8vcTIRGUZ4B9_sKBA,PULAU SABANG TENDE,Kabupaten Tolitoli,Sulawesi Tengah,Kabupaten Tolitoli,Sulawesi Tengah,nan,"5Q8P+HXJ, Unnamed Road, Sabang, Kec. Galang, Kabupaten Toli-Toli, Sulawesi Tengah 94561",,,OK_GEO
ChIJnSMcJgCHlC0Rk_2HNEUQJDw,Wisata alam puncak kunyi,Kabupaten Polewali Mandar,Sulawesi Barat,Kabupaten Polewali Mandar,Sulawesi Barat,nan,"J9PM+8C3, Jl. Kunyi, Kunyi, Kec. Anreapi, Kabupaten Polewali Mandar, Sulawesi Barat 91315",,,OK_GEO
ChIJPRI0fUXpky0RyC3KF3cbMlw,Puncak Buntu Sarira Negri Di Atas Awan,Kabupaten Tana Toraja,Sulawesi Selatan,Kabupaten Tana Toraja,Sulawesi Selatan,nan,"Buntu, Sarira, Kec. Makale Utara, Kabupaten Tana Toraja, Sulawesi Selatan 91852",,,OK_TEXT
ChIJIRTFF8qmgy0Rmq-pqa5FQwc,Pantai Oyama,Kabupaten Banggai Kepulauan,Sulawesi Tengah,Kabupaten Banggai Kepulauan,Sulawesi Tengah,Kabupaten Banggai Laut,"Popisi, Lokotoy, Banggai Utara, Kabupaten Banggai Kepulauan, Sulawesi Tengah 94891",,,TEXT_WIN
ChIJ41APqCeFmC0RwVuBdF1D_J8,Agrowisata California Cialam,Kabupaten Konawe Selatan,Sulawesi Tenggara,Kabupaten Konawe Selatan,Sulawesi Tenggara,nan,"VG86+M3V, Unnamed Road, Tanea, Kec. Konda, Kabupaten Konawe Selatan, Sulawesi Tenggara 93874",,,OK_GEO
ChIJ_____289mC0RA7Q5fM9fLqs,Taman Wisata Hutan Pinus Sorombipi,Kabupaten Kolaka Timur,Sulawesi Tenggara,Kabupaten Kolaka Timur,Sulawesi Tenggara,nan,"2V25+CRV, Lalingato, Kec. Tirawuta, Kabupaten Kolaka Timur, Sulawesi Tenggara 93572",,,OK_GEO
ChIJydgdmNGHoy0RZE1vHAEqkxM,Taman BUTENG,Kabupaten Buton,Sulawesi Tenggara,Kabupaten Buton,Sulawesi Tenggara,Kabupaten Buton Tengah,"Boneoge, Kec. Lakudo, Kabupaten Buton, Sulawesi Tenggara 93763",,,TEXT_WIN
ChIJQyylPRoLky0RbrmVRrfwq8M,To' Pinus Salu Kodo,Kabupaten Mamasa,Sulawesi Barat,Kabupaten Mamasa,Sulawesi Barat,nan,"29R6+JHP, Osango, Kec. Mamasa, Kabupaten Mamasa, Sulawesi Barat 91365",,,OK_GEO
ChIJMzyMdu4XfjIRDt8FZZD7RIM,Ikha cell,Kota Kotamobagu,Sulawesi Utara,Kota Kotamobagu,Sulawesi Utara,nan,"Lapangan, Pontodon, Kec. Kotamobagu Utara, Kota Kotamobagu, Sulawesi Utara 95714",,,OK_GEO
ChIJVVVVVYXEvi0RCmUNPVzSn-I,Tinambung Highland,Kabupaten Gowa,Sulawesi Selatan,Kabupaten Gowa,Sulawesi Selatan,nan,"JJQQ+688, Bissoloro, Kec. Bungaya, Kabupaten Gowa, Sulawesi Selatan 92176",,,OK_GEO
ChIJocrMrrBGhzIRcIlT2oRpSAY,Museum Pinawetengan,Kabupaten Minahasa,Sulawesi Utara,Kabupaten Minahasa,Sulawesi Utara,nan,"Jalan Raya Langowan - Ratahan No.Utara, Pinabetengan Utara, Kec. Tompaso Barat, Kabupaten Minahasa, Sulawesi Utara",,,OK_TEXT
ChIJ48aXPBeddzIRJn0JmBDieYQ,Torosiaje,Kabupaten Pohuwato,Gorontalo,Kabupaten Pohuwato,Gorontalo,nan,"FCFQ+Q78, Torosiaje, Kabupaten Pohuwato, Gorontalo",,,OK_TEXT
ChIJHbV00R3poy0Rwr3iVP1nyJA,Air Terjun Kandawu Ndawuna,Kabupaten Buton,Sulawesi Tenggara,Kabupaten Buton,Sulawesi Tenggara,nan,"Waondo Wolio, Kec. Kapontori, Kabupaten Buton, Sulawesi Tenggara 93755",,,OK_GEO
ChIJsxf4FHbRiy0RKrjvpj-SCaQ,D'Marantale,Kabupaten Parigi Moutong,Sulawesi Tengah,Kabupaten Parigi Moutong,Sulawesi Tengah,nan,"93J6+3X, Marantale, Kec. Siniu, Kabupaten Parigi Moutong, Sulawesi Tengah",,,OK_GEO
ChIJEZuxS9bBky0RJ-vHlVA1iAk,Air Terjun Sarambu Salu,Kabupaten Toraja Utara,Sulawesi Selatan,Kabupaten Toraja Utara,Sulawesi Selatan,nan,"Lembang Salu, Salu, Kec. Sopai, Kabupaten Toraja Utara, Sulawesi Selatan 91862",,,OK_GEO
ChIJnVWB_prEky0Rlg2xDCT_y0k,Objek Wisata Galugu Dua Sa'dan Sangkombong,Kabupaten Toraja Utara,Sulawesi Selatan,Kabupaten Toraja Utara,Sulawesi Selatan,nan,"4W7R+3Q7, Sa'dan Matalo, Kec. Sa'dan, Kabupaten Toraja Utara, Sulawesi Selatan 91853",,,OK_GEO
ChIJMStztZy6cDIRZj10p6zoQww,Taman Kota Buol,Kabupaten Buol,Sulawesi Tengah,Kabupaten Buol,Sulawesi Tengah,nan,"5C96+MHQ, Leok II, Kec. Biau, Kabupaten Buol, Sulawesi Tengah 94563",,,OK_GEO
ChIJfblywfv7vi0RxbIhFA5hw14,Pantai Kuri Indah,Kabupaten Maros,Sulawesi Selatan,Kabupaten Maros,Sulawesi Selatan,nan,"Jl. Kuri Lompo, Nisombalia, Kec. Marusu, Kabupaten Maros, Sulawesi Selatan 90552",,,OK_GEO
ChIJkeouUj7uvi0RRI6D0A_oyjU,Air Terjun Merdeka,Kabupaten Maros,Sulawesi Selatan,Kabupaten Maros,Sulawesi Selatan,nan,"VM3C+Q8C, Pucak, Kec. Tompobulu, Kabupaten Maros, Sulawesi Selatan 90561",,,OK_GEO
ChIJdWL8T0szoS0RuSMiSCm3FR8,Taman Motika,Kabupaten Wakatobi,Sulawesi Tenggara,Kabupaten Wakatobi,Sulawesi Tenggara,nan,"MG4V+8FC, Mandati III, Pulau Wangiwangi, Kabupaten Wakatobi, Sulawesi Tenggara 93795",,,OK_GEO
ChIJ0QpgrFN4mS0ReXDdfPSC2T0,Puncak Kayangan 1 Sombori,Kabupaten Morowali,Sulawesi Tengah,Kabupaten Morowali,Sulawesi Tengah,nan,"P9GW+CGF, Matarape, Menui Kepulauan, Kabupaten Morowali, Sulawesi Tengah 94975",,,OK_GEO
ChIJiYLFHBwdvy0RUSjmT2o8ljg,Tanjung biru,Kota Makassar,Sulawesi Selatan,Kota Makassar,Sulawesi Selatan,nan,"Tj. Merdeka, Kec. Tamalate, Kota Makassar, Sulawesi Selatan 90225",,,OK_GEO
ChIJQT7ISzJTfjIRaMYjV543S8M,Wisata Kebun Jati Gelebug Chandra,Kabupaten Bolaang Mongondow,Sulawesi Utara,Kabupaten Bolaang Mongondow,Sulawesi Utara,nan,"HX47+PJ4, Unnamed Road, Mopugad Sel., Kec. Dumoga Utara, Kabupaten Bolaang Mongondow, Sulawesi Utara",,,OK_GEO
ChIJ06yqiRGTmC0RIpMo0OAHiJU,Air TERJUN NANGA NANGA,Kota Kendari,Sulawesi Tenggara,Kota Kendari,Sulawesi Tenggara,nan,"WHV7+734, Anduonohu, Kec. Poasia, Kota Kendari, Sulawesi Tenggara 93234",,,OK_GEO
ChIJ4bJec4crfzIR-e5_lZ2C2pg,Water Sport Objek Wisata Pantai Molotabu,Kabupaten Bone Bolango,Gorontalo,Kabupaten Bone Bolango,Gorontalo,nan,"Molotabu, Kec. Kabila Bone, Kabupaten Bone Bolango, Gorontalo",,,OK_GEO
ChIJV1VVlGJavi0RbNNPSzv6QY4,Kawasan Wisata LEANG LONDRONG,Kabupaten Pangkajene Dan Kepulauan,Sulawesi Selatan,Kabupaten Pangkajene Dan Kepulauan,Sulawesi Selatan,nan,"4JPJ+8C6, Panaikang, Kec. Minasatene, Kabupaten Pangkajene Dan Kepulauan, Sulawesi Selatan 90619",,,OK_GEO
ChIJMcKJbpevdzIRc1cLlz06NU4,Pantai Wisata Moian,Kabupaten Parigi Moutong,Sulawesi Tengah,Kabupaten Parigi Moutong,Sulawesi Tengah,nan,"Palapi, Kec. Taopa, Kabupaten Parigi Moutong, Sulawesi Tengah",,,OK_GEO
ChIJSWyykvFdhzIR9gonsc-SY90,Tumpaan Park,Kabupaten Minahasa Selatan,Sulawesi Utara,Kabupaten Minahasa Selatan,Sulawesi Utara,nan,"6JV7+W6Q, Tumpaan Satu, Kec. Tumpaan, Kabupaten Minahasa Selatan, Sulawesi Utara",,,OK_GEO
ChIJlxmW5-AwvS0RUZgb5n4koFs,Pantai Pulau Kondo,Kabupaten Bombana,Sulawesi Tenggara,Kabupaten Bombana,Sulawesi Tenggara,nan,"8F4R+PQ3, Ranokomea, Kec. Poleang Bar., Kabupaten Bombana, Sulawesi Tenggara 93772",,,OK_GEO
ChIJLa4HI7y0vi0RYny2dL6xFGo,Batu Ejayya,Kabupaten Bantaeng,Sulawesi Selatan,Kabupaten Bantaeng,Sulawesi Selatan,nan,"FV37+3V8, Bonto Jaya, Kec. Bissappu, Kabupaten Bantaeng, Sulawesi Selatan 92371",,,OK_GEO
ChIJ82sCKrBfkS0RaC9IuMvgVds,Jembatan Muara Sungai Palopo,Kota Palopo,Sulawesi Selatan,Kota Palopo,Sulawesi Selatan,nan,"258W+XC5, Jalan lingkar jembatan muara sungai, Sabbamparu, Kota Palopo, Sulawesi Selatan",,,OK_GEO
ChIJXYxsaDpwfjIRXSnmjpuCRUQ,Pantai Lolak,Kabupaten Bolaang Mongondow,Sulawesi Utara,Kabupaten Bolaang Mongondow,Sulawesi Utara,nan,"Lolak, Kec. Lolak, Kabupaten Bolaang Mongondow, Sulawesi Utara",,,OK_GEO
ChIJ6U7gfADpiy0RNT54JRikQPU,RAQa River Camp,Kabupaten Donggala,Sulawesi Tengah,Kabupaten Donggala,Sulawesi Tengah,nan,"6W4R+3X, Bale, Kec. Tanantovea, Kabupaten Donggala, Sulawesi Tengah 94352",,,OK_GEO
ChIJMwARz4quvi0RX_MZnNSV3xA,Air Terjun Simoko,Kabupaten Bantaeng,Sulawesi Selatan,Kabupaten Bantaeng,Sulawesi Selatan,nan,"G2R7+XC3, Campaga, Kec. Tompobulu, Kabupaten Bantaeng, Sulawesi Selatan 92461",,,OK_GEO
ChIJfTTPuyofhC0Rp2QeUovfV6o,Air Terjun Dendengan,Kabupaten Banggai,Sulawesi Tengah,Kabupaten Banggai,Sulawesi Tengah,nan,"XP6J+48X, Koyoan, Luwuk, Kabupaten Banggai, Sulawesi Tengah 94711",,,OK_TEXT
ChIJkfsMYhfaki0Rl-zw13kFwNQ,Pulau Karampuang,Kabupaten Mamuju,Sulawesi Barat,Kabupaten Mamuju,Sulawesi Barat,nan,"Unnamed Road, Karampuang, Kec. Mamuju, Kabupaten Mamuju, Sulawesi Barat 91515",,,OK_TEXT
ChIJdcY3s0UHpC0RcQRijLihVc8,Black Sand Beach(pantai pasir hitam),Kabupaten Buton,Sulawesi Tenggara,Kabupaten Buton,Sulawesi Tenggara,nan,"JX4F+8WV, Jl. Poros Pasarwajo, Wolowa Baru, Kec. Wolowa, Kabupaten Buton, Sulawesi Tenggara",,,OK_GEO
ChIJLQD-e7uolC0RAt0dKj3F0sw,Pantai Baluno,Kabupaten Majene,Sulawesi Barat,Kabupaten Majene,Sulawesi Barat,nan,"MR6W+QJC, Pundau, Kec. Sendana, Kabupaten Majene, Sulawesi Barat 91452",,,OK_TEXT
ChIJyb23xdSTmi0R5O7PxRfiksU,Bundaran Bahomohoni,Kabupaten Morowali Utara,Sulawesi Tengah,Kabupaten Morowali,Sulawesi Tengah,nan,"GWFJ+XPV, Bahomohoni, Kec. Bungku Tengah, Kabupaten Morowali, Sulawesi Tengah",,,OK_GEO
ChIJh3-yLw9TlC0RB9piiIBl-8Y,Ujung Tape,Kabupaten Pinrang,Sulawesi Selatan,Kabupaten Pinrang,Sulawesi Selatan,nan,"Langnga, Kec. Mattiro Sompe, Kabupaten Pinrang, Sulawesi Selatan 91261",,,OK_GEO
ChIJXYWlMJ0ivi0RgAy-qTjuAYI,Taman Puspa Pesona,Kabupaten Barru,Sulawesi Selatan,Kabupaten Barru,Sulawesi Selatan,nan,"FQPP+XRM, Harapan, Kec. Tanete Riaja, Kabupaten Barru, Sulawesi Selatan 90862",,,OK_GEO
ChIJ65bJByB6ky0RMLo4UoE2a70,Liawan,Kabupaten Mamasa,Sulawesi Barat,Kabupaten Mamasa,Sulawesi Barat,nan,"V85F+CX2, Tadisi, Kec. Sumarorong, Kabupaten Mamasa, Sulawesi Barat 91361",,,OK_GEO
ChIJJ7FhIYWyoy0Rc87QgsVL7GY,Permandian Wakantee,Kabupaten Muna,Sulawesi Tenggara,Kabupaten Muna,Sulawesi Tenggara,Kabupaten Muna Barat,"4GPW+V9X, Lawa, Latugho, Muna Barat, Kabupaten Muna, Sulawesi Tenggara 93652",,,TEXT_WIN
ChIJlygFmAa7hi0R9z4FMq7repQ,Air Terjun Kamumu,Kabupaten Banggai,Sulawesi Tengah,Kabupaten Banggai,Sulawesi Tengah,nan,"5V39+5G, Kamumu, Kec. Luwuk Utara, Kabupaten Banggai, Sulawesi Tengah 94716",,,OK_TEXT
ChIJV12qimnXvi0RbRgTNmyuU90,MONUMEN LAPRIS,Kabupaten Takalar,Sulawesi Selatan,Kabupaten Takalar,Sulawesi Selatan,nan,"Bulukunyi, Kec. Polombangkeng Sel., Kabupaten Takalar, Sulawesi Selatan 92252",,,OK_GEO
ChIJZ7usD5l1jS0R1S5GcX5iMbU,MANGROVE SALUBIRO KAROSSA,Kabupaten Mamuju Tengah,Sulawesi Barat,Kabupaten Mamuju Tengah,Sulawesi Barat,nan,"49H2+7JF, Lara, Kec. Karossa, Kabupaten Mamuju Tengah, Sulawesi Barat 91563",,,OK_GEO
ChIJ_____9D_hjIR9MRvYkGFjcw,Taman Margasatwa Tandurusa,Kota Bitung,Sulawesi Utara,Kota Bitung,Sulawesi Utara,nan,"F646+2Q9, Tandurusa, Aertembaga, Kota Bitung, Sulawesi Utara",,,OK_GEO
ChIJAQAAAOzHlS0RUQ-GOiQFhJg,Masjid Tua Jara'e,Kabupaten Sidenreng Rappang,Sulawesi Selatan,Kabupaten Sidenreng Rappang,Sulawesi Selatan,nan,"2QGW+WVM, Allakuang, Maritengngae, Allakuang, Sidenreng Rapang, Kabupaten Sidenreng Rappang, Sulawesi Selatan 91611",,,OK_GEO
ChIJpTz4kTcYhzIR02rSEGRpAio,Pantai Bulo Rerer,Kabupaten Minahasa,Sulawesi Utara,Kabupaten Minahasa,Sulawesi Utara,nan,"Makalisung, Kecamatan Kombi, Kabupaten Minahasa, Sulawesi Utara",,,OK_TEXT
ChIJa-Saeplbvi0RRxQD3AKrWdM,Puncak Bulusaraung,Kabupaten Pangkajene Dan Kepulauan,Sulawesi Selatan,Kabupaten Pangkajene Dan Kepulauan,Sulawesi Selatan,nan,"3PCX+88P, Baru, Balocci, Pangkajene and Islands Regency, South Sulawesi 90661",,,OK_GEO
ChIJARLOpXGhkS0RT-UTnlTksXE,WATERPARK AMANAH TANI,Kabupaten Luwu Utara,Sulawesi Selatan,Kabupaten Luwu Utara,Sulawesi Selatan,nan,"Sumberdadi, Kec. Tana Lili, Kabupaten Luwu Utara, Sulawesi Selatan 91966",,,OK_GEO
ChIJz-W2M1xifjIR2DNH3mokgkM,Pantai Pasir Putih,Kabupaten Bolaang Mongondow,Sulawesi Utara,Kabupaten Bolaang Mongondow,Sulawesi Utara,nan,"Pasir Putih, Kec. Sangtombolang, Kabupaten Bolaang Mongondow, Sulawesi Utara",,,OK_GEO
ChIJwXwUr1PAvi0RCY2GGWQzitk,Air Terjun Cinta,Kabupaten Gowa,Sulawesi Selatan,Kabupaten Gowa,Sulawesi Selatan,nan,"PP2W+8CG, Tamalatea, Kec. Manuju, Kabupaten Gowa, Sulawesi Selatan 92173",,,OK_GEO
ChIJc4bBphwLky0Rx1teoQK-srg,Pemandian Air Panas Rantekatoan,Kabupaten Mamasa,Sulawesi Barat,Kabupaten Mamasa,Sulawesi Barat,nan,"29V8+R9V, Osango, Kec. Mamasa, Kabupaten Mamasa, Sulawesi Barat 91365",,,OK_GEO
ChIJPYtTSHj-jC0RsGAr90AiCUg,OBJEB WISATA PANTAI SALUKAILI,Kabupaten Pasangkayu,Sulawesi Barat,Kabupaten Pasangkayu,Sulawesi Barat,nan,"Jl. Poros Majene - Mamuju, Baras, Kec. Baras, Kab. Pasangkayu, Sulawesi Barat 91572",,,OK_GEO
ChIJgW6e9u2ZhzIRg6FVzX-r-t4,Mangrove Park Tiwoho,Kabupaten Minahasa Utara,Sulawesi Utara,Kabupaten Minahasa Utara,Sulawesi Utara,nan,"HRVQ+42H, Tiwoho, Wori, Kabupaten Minahasa Utara, Sulawesi Utara",,,OK_GEO
ChIJU6JB0RWTmC0R0Q4ByQl9H_Y,Camping ground kendari,Kota Kendari,Sulawesi Tenggara,Kota Kendari,Sulawesi Tenggara,nan,"XH2G+JMW, Mokoau, Kec. Kambu, Kota Kendari, Sulawesi Tenggara 93231",,,OK_GEO
ChIJlcH4qHqpkS0R-_StTzfWNIM,Wisata Banua Pangka Wotu,Kabupaten Luwu Timur,Sulawesi Selatan,Kabupaten Luwu Timur,Sulawesi Selatan,nan,"9QJV+93J, Bawalipu, Kafhdhfjbupaten, Kec. Wotu, Kabupaten Luwu Timur, Sulawesi Selatan",,,OK_TEXT
ChIJBwlT7AqikS0RI1V0_wmf-zU,Bendungan Bantimurung Bone-Bone Luwu utara,Kabupaten Luwu Utara,Sulawesi Selatan,Kabupaten Luwu Utara,Sulawesi Selatan,nan,"CG8H+GV9, Bantimurung, Kec. Bone-Bone, Kabupaten Luwu Utara, Sulawesi Selatan 91966",,,OK_GEO
ChIJT3jj6dDTfjIREeA_5irjxNA,Bukit Bumi Cerah,Kabupaten Bone Bolango,Gorontalo,Kabupaten Bone Bolango,Gorontalo,nan,"J443+3Q, Bulotalangi, Kec. Bulango Tim., Kabupaten Bone Bolango, Gorontalo 96126",,,OK_GEO
ChIJMaBnAfJ5oy0RqeEFn4e6nvw,Pantai Marboro,Kabupaten Buton,Sulawesi Tenggara,Kabupaten Buton,Sulawesi Tenggara,Kabupaten Buton Tengah,"P72G+M58, Mawasangka, Kec. Mawasangka, Kabupaten Buton, Sulawesi Tenggara 93762",,,TEXT_WIN
ChIJsa3ZiCDHvi0Ri8XAuGG95qY,Air Terjun Danggang,Kabupaten Gowa,Sulawesi Selatan,Kabupaten Gowa,Sulawesi Selatan,nan,"JPPV+Q99, Sapaya, Kec. Bungaya, Kabupaten Gowa, Sulawesi Selatan 92176",,,OK_GEO
ChIJf41rzH70vi0RZlStXKUXDo8,Cagar Alam Karaengta Maros,Kabupaten Maros,Sulawesi Selatan,Kabupaten Maros,Sulawesi Selatan,nan,"XP2P+3RW, Jl. Poros Maros - Soppeng, Samangki, Kec. Simbang, Kabupaten Maros, Sulawesi Selatan 90561",,,OK_GEO
ChIJu9X9vJt5oy0RU8ZJznMWZJ8,Pantai Labobo,Kabupaten Buton,Sulawesi Tenggara,Kabupaten Buton,Sulawesi Tenggara,Kabupaten Buton Tengah,"Balobone, Kec. Mawasangka, Kabupaten Buton, Sulawesi Tenggara 93762",,,TEXT_WIN
ChIJbwsda2znvi0R55J9NFE_wz8,Bukit Indah Camp,Kabupaten Gowa,Sulawesi Selatan,Kabupaten Gowa,Sulawesi Selatan,nan,"QH5R+84W, Bontoparang, Kec. Parangloe, Kabupaten Gowa, Sulawesi Selatan 92173",,,OK_GEO
ChIJm_SU4V3flS0RiIQpXIE-sHI,Gelora Permata Hijau Waetuwo,Kabupaten Wajo,Sulawesi Selatan,Kabupaten Wajo,Sulawesi Selatan,nan,"Cirowali, Wae Tuwo, Kec. Tana Sitolo, Kabupaten Wajo, Sulawesi Selatan 90951",,,OK_TEXT
ChIJv-g_P7JLuS0RcbcJtgYnEbw,Kampoeng Mangrove Ra'ra,Kabupaten Jeneponto,Sulawesi Selatan,Kabupaten Jeneponto,Sulawesi Selatan,nan,"9VR8+89C, Kec. Tarowang, Kabupaten Jeneponto, Sulawesi Selatan",,,OK_GEO
ChIJf_djCKN1pC0R4ohVjGEHYVM,Air Terjun Kogawuna,Kota Baubau,Sulawesi Tenggara,Kota Baubau,Sulawesi Tenggara,nan,"HMG8+QGX, Lakologou, Kec. Kokalukuna, Kota Bau-Bau, Sulawesi Tenggara 93758",,,OK_GEO
ChIJscuMJE7_vi0RGRvBUGj52NY,Muara Maros Baru,Kabupaten Gowa,Sulawesi Selatan,Kabupaten Maros,Sulawesi Selatan,nan,"XGX3+V46, Bori Masunggu, Kec. Maros Baru, Kabupaten Maros, Sulawesi Selatan 90511",,,OK_GEO
ChIJIV75oZELgy0REHpJ27NQZBA,Kamali Boneaka,Kabupaten Banggai,Sulawesi Tengah,Kabupaten Banggai Laut,Sulawesi Tengah,nan,"CF8X+W95, Jalan Abdul Azis, Dodung, Kec. Banggai, Kab. Banggai Laut, Sulawesi Tengah 94891",,,OK_GEO
ChIJC4vj4Eeqvi0RL6WuyKQeT5Y,Bendungan Bettu,Kabupaten Bulukumba,Sulawesi Selatan,Kabupaten Bulukumba,Sulawesi Selatan,nan,"G44F+JV4, Bontoraja, Kec. Gantarang, Kabupaten Bulukumba, Sulawesi Selatan 92561",,,OK_GEO
ChIJEY8kV7ZKii0RUzFaJvYkd34,Pantai Enu,Kabupaten Donggala,Sulawesi Tengah,Kabupaten Donggala,Sulawesi Tengah,nan,"Tibo, Kec. Sindue Tombusabora, Kabupaten Donggala, Sulawesi Tengah 94353",,,OK_GEO
ChIJp8UmY7dYkS0RbEgAE3UWwmU,Lereng CInta,Kota Palopo,Sulawesi Selatan,Kota Palopo,Sulawesi Selatan,nan,"X57J+W9M, Jl. Andi Bintang, Mawa, Kec. Sendana, Kota Palopo, Sulawesi Selatan 91921",,,OK_GEO
ChIJjRAOrsiyvi0RZAk901YkTis,Alun-Alun Pantai Seruni,Kabupaten Bantaeng,Sulawesi Selatan,Kabupaten Bantaeng,Sulawesi Selatan,nan,"FW2W+767, Jl. Seruni, Pallantikang, Kabupaten Bantaeng, Sulawesi Selatan",,,OK_GEO
ChIJk6DJpw3Bvi0RsMf9Z8LCP8U,Air Terjun Depa',Kabupaten Gowa,Sulawesi Selatan,Kabupaten Gowa,Sulawesi Selatan,nan,"MP62+Q8, Bontomanai, Kec. Bungaya, Kabupaten Gowa, Sulawesi Selatan 92176",,,OK_GEO
ChIJoxPrzkUXlC0RZ4WS1gDH-RM,Buntu Gallang,Kabupaten Enrekang,Sulawesi Selatan,Kabupaten Enrekang,Sulawesi Selatan,nan,"GVRW+2G3, Eran Batu, Kec. Buntu Batu, Kabupaten Enrekang, Sulawesi Selatan 91753",,,OK_GEO
ChIJV-loZdUHvC0RXc0uGhVeQA8,Telaga Biru Ere Merasa,Kabupaten Bulukumba,Sulawesi Selatan,Kabupaten Bulukumba,Sulawesi Selatan,nan,"F8XV+P5R, Benjala, Kec. Bonto Bahari, Kabupaten Bulukumba, Sulawesi Selatan 92571",,,OK_GEO
ChIJ0cR0LEWCoS0RGp7BCO0DEx4,Pantai Membuku,Kabupaten Buton Utara,Sulawesi Tenggara,Kabupaten Buton Utara,Sulawesi Tenggara,nan,Sulawesi Tenggara,,,OK_GEO
ChIJq5KRQH_-jC0RO6RaH5LblYg,Pantai Salokaili,Kabupaten Pasangkayu,Sulawesi Barat,Kabupaten Pasangkayu,Sulawesi Barat,nan,"C8MG+9HF, Dusun salokaili, Baras, Kec. Baras, Kab. Pasangkayu, Sulawesi Barat 91572",,,OK_GEO
ChIJBQKiZfzmlS0R4dYg5GvF1cQ,Taman Kota Sengkang Kabupaten Wajo,Kabupaten Wajo,Sulawesi Selatan,Kota Makassar,Sulawesi Selatan,Kabupaten Wajo,"V27H+W8G, Jl. Sungai Walanae, Maricaya Baru, Kec. Makassar, Kota Makassar, Sulawesi Selatan 90912",,,TEXT_WIN
ChIJ-2q8ZilOvi0RDrwnAq_XKMw,Taman Gazebo Pangkep,Kabupaten Pangkajene Dan Kepulauan,Sulawesi Selatan,Kabupaten Pangkajene Dan Kepulauan,Sulawesi Selatan,nan,"5H62+G93, Padoang Doangan, Kec. Pangkajene, Kabupaten Pangkajene Dan Kepulauan, Sulawesi Selatan 90614",,,OK_GEO
ChIJgyEJZjmllS0RWVBpxOmD6yg,Kampung Kreasi Lowita,Kabupaten Pinrang,Sulawesi Selatan,Kabupaten Pinrang,Sulawesi Selatan,nan,"Jl. Poros Ujung Lero, Wiringtasi, Kec. Suppa, Kabupaten Pinrang, Sulawesi Selatan 91272",,,OK_GEO
ChIJ4TtvV6UihzIRsA0FAsZLR18,Pantai Tumpaan Sawangan,Kabupaten Minahasa,Sulawesi Utara,Kabupaten Minahasa,Sulawesi Utara,nan,"Unnamed Road, Ranowangko II, Kecamatan Kombi, Kabupaten Minahasa, Sulawesi Utara",,,OK_TEXT
ChIJ822DyQcPhzIR0dBsGCISuKU,Pariwisata Riverside Dinamunen,Kabupaten Minahasa Utara,Sulawesi Utara,Kabupaten Minahasa Utara,Sulawesi Utara,nan,"Jl. Tol Manado - Bitung, Rap-Rap, Kec. Airmadidi, Kabupaten Minahasa Utara, Sulawesi Utara",,,OK_GEO
ChIJDV0EoxNZkS0RPKXADvg3pGc,Morowali Sampoddo,Kota Palopo,Sulawesi Selatan,Kota Palopo,Sulawesi Selatan,nan,"X62F+GVX, Sampoddo, Kec. Wara Sel., Kota Palopo, Sulawesi Selatan 91959",,,OK_GEO
ChIJg8iHnxiHlC0R3LOmXRU8Oo4,Permandian Zahara Wisata Papandangan,Kabupaten Polewali Mandar,Sulawesi Barat,Kabupaten Polewali Mandar,Sulawesi Barat,nan,"J9R2+WG, Papandangan, Kec. Anreapi, Kabupaten Polewali Mandar, Sulawesi Barat 91315",,,OK_GEO
ChIJDUY3kSRljS0RNftNJduzvfw,Batu Miana,Kabupaten Mamuju Tengah,Sulawesi Barat,Kabupaten Mamuju Tengah,Sulawesi Barat,nan,"X6G7+FWH, Unnamed Road, Tumbu, Kec. Topoyo, Kabupaten Mamuju Tengah, Sulawesi Barat 91563",,,OK_GEO
ChIJs3aevs2_kS0RPuu8Kt__VoY,Buyu Balease,Kabupaten Luwu Utara,Sulawesi Selatan,Kabupaten Luwu Utara,Sulawesi Selatan,nan,"Uraso, Kec. Mappedeceng, Kabupaten Luwu Utara, Sulawesi Selatan",,,OK_TEXT
ChIJhVlXccFthzIR3JxvYQBDkgg,Gunung Empung,Kabupaten Minahasa,Sulawesi Utara,Kabupaten Minahasa,Sulawesi Utara,Kota Tomohon,"Agotey, Kec. Mandolang, Kabupaten Minahasa, Sulawesi Utara",,,TEXT_WIN
ChIJ9ZC0JBgNpC0RAuO6DKgSMZk,Bukit Rongi,Kabupaten Buton,Sulawesi Tenggara,Kabupaten Buton,Sulawesi Tenggara,Kabupaten Buton Selatan,"FQF2+HQG, Sandang Pangan, Kec. Sampolawa, Kabupaten Buton, Sulawesi Tenggara 93753",,,TEXT_WIN
ChIJl8tt0yV7vi0R4QNyYyxglKQ,Bendungan Ponre Ponre,Kabupaten Bone,Sulawesi Selatan,Kabupaten Bone,Sulawesi Selatan,nan,"4XQQ+28F, Ponre-Ponre, Kec. Libureng, Kabupaten Bone, Sulawesi Selatan 92766",,,OK_GEO
ChIJMTVGRs_6fTIRvrqKZ3XNnHc,Pantai Teletabis,Kabupaten Minahasa Selatan,Sulawesi Utara,Kabupaten Minahasa Selatan,Sulawesi Utara,nan,"485R+8H3, Boyonpante, Kec. Sinonsayang, Kabupaten Minahasa Selatan, Sulawesi Utara",,,OK_GEO
ChIJ66t9VEbuky0RklyV0AfDNFc,Museum Buntu Kalando,Kabupaten Tana Toraja,Sulawesi Selatan,Kabupaten Tana Toraja,Sulawesi Selatan,nan,"RW.lobe, Tongko Sarapung, Kec. Sangalla, Kabupaten Tana Toraja, Sulawesi Selatan 91881",,,OK_TEXT
ChIJzTHj8du8mi0RalPmsLSXkVE,Pantai Raha Morowali,Kabupaten Morowali,Sulawesi Tengah,Kabupaten Morowali,Sulawesi Tengah,nan,"MRGM+PM5, Jl. Poros Mendui, Larobenu, Kec. Bungku Tengah, Kabupaten Morowali, Sulawesi Tengah 94976",,,OK_GEO
ChIJz4D_6JSSvi0RKu8hyt-uf6o,Air Terjun Saliu,Kabupaten Maros,Sulawesi Selatan,Kabupaten Maros,Sulawesi Selatan,nan,"VR68+68H, Bonto Somba, Kec. Tompobulu, Kabupaten Maros, Sulawesi Selatan 90561",,,OK_TEXT
ChIJ4xiPWwxrji0RPmkGWVtcdJ8,Siuri beach,Kabupaten Poso,Sulawesi Tengah,Kabupaten Poso,Sulawesi Tengah,nan,"Jl. Tonusu-Meko, Toinasa, Danau, Kabupaten Poso, Sulawesi Tengah 94664",,,OK_TEXT
ChIJX1CwgyEreTIRbcreEwaWKi0,Rental Mobil Gorontalo Talani,Kabupaten Gorontalo Utara,Gorontalo,Kota Gorontalo,Gorontalo,Kabupaten Gorontalo,"Jl. Sultan Botutihe No.62, sumur bor, Kec. Kota Utara, Kota Gorontalo, Gorontalo 96136",,,TEXT_WIN
ChIJkagXbNy9ky0RTUn24dbD9nM,Air Terjun Sarambu Bittuang,Kabupaten Tana Toraja,Sulawesi Selatan,Kabupaten Tana Toraja,Sulawesi Selatan,nan,"3M23+C5P, Patongloan, Kec. Bittuang, Kabupaten Tana Toraja, Sulawesi Selatan 91856",,,OK_TEXT
ChIJUwaxdz81eTIRFm9XbsyUeTM,Puncak Lestari,Kabupaten Gorontalo,Gorontalo,Kabupaten Gorontalo,Gorontalo,nan,"P28C+W26, Unnamed Desa, Tapaluluo, Kec. Telaga Biru, Kabupaten Gorontalo, Gorontalo 96181",,,OK_GEO
ChIJq0e16sVNuS0RWk7LuDDUQ-o,Wisata Kelapa Muda Sabda Alam,Kabupaten Jeneponto,Sulawesi Selatan,Kabupaten Jeneponto,Sulawesi Selatan,nan,"CW72+F4W, Jl. Poros Jeneponto Bantaeng, Tino, Kec. Tarowang, Kabupaten Jeneponto, Sulawesi Selatan",,,OK_GEO
ChIJxaK_yUpZhzIRynKlJdCu20w,Boulevard Pantai Kambiow,Kabupaten Minahasa Selatan,Sulawesi Utara,Kabupaten Minahasa Selatan,Sulawesi Utara,nan,"5HQG+8H4, Bitung, Kec. Amurang, Kabupaten Minahasa Selatan, Sulawesi Utara",,,OK_GEO
ChIJ3QpH-IBRvi0RO_3rcQ-bzSw,Wisata Istana Karst Ujung Bulu,Kabupaten Maros,Sulawesi Selatan,Kabupaten Maros,Sulawesi Selatan,nan,"3HQX+2FJ, Unnamed Road, Bontonlempangan, Bontoa, Maros Regency, South Sulawesi 90554",,,OK_GEO
ChIJfTjlzFmfhzIRIgGGkbwGIiw,Jl taman gunung tumpa,Kota Manado,Sulawesi Utara,Kota Manado,Sulawesi Utara,nan,"HR7H+QM7, Tongkeina, Kec. Bunaken, Kota Manado, Sulawesi Utara",,,OK_GEO
ChIJ5Z_z_31zky0Rq7l0PVzztio,Tempat Ziarah Bukit Pena',Kabupaten Mamasa,Sulawesi Barat,Kabupaten Mamasa,Sulawesi Barat,nan,"X8PF+RXF, Sepakuan, Kec. Balla, Kabupaten Mamasa, Sulawesi Barat 91366",,,OK_GEO
ChIJfYqNkh1hlC0RfUMYh9soX1g,Pantai Harapan Pajalele,Kabupaten Pinrang,Sulawesi Selatan,Kabupaten Pinrang,Sulawesi Selatan,nan,"FFWH+6P, Binanga Karaeng, Kec. Lembang, Kabupaten Pinrang, Sulawesi Selatan",,,OK_GEO
ChIJl0Ljeiixvi0RD65WM7xWn6E,Kawasan agro wisata desa Kassi,Kabupaten Jeneponto,Sulawesi Selatan,Kabupaten Jeneponto,Sulawesi Selatan,nan,"Kassi, Kec. Rumbia, Kabupaten Jeneponto, Sulawesi Selatan 92314",,,OK_GEO
ChIJyUv7i9oJkS0Rvn9Z6-xtOZk,Pantai Seta - Seta,Kabupaten Luwu Utara,Sulawesi Selatan,Kabupaten Luwu Utara,Sulawesi Selatan,nan,"8J8C+V98, Unnamed Road, Poreang, Kec. Bone-Bone, Kabupaten Luwu Utara, Sulawesi Selatan 91966",,,OK_GEO
ChIJmTSvfnApeTIRh2LzGcbFpbI,Wisata Pemandian Barakati,Kabupaten Gorontalo,Gorontalo,Kabupaten Gorontalo,Gorontalo,nan,"GXRH+XJC, Barakati, Kec. Batudaa, Kabupaten Gorontalo, Gorontalo 96271",,,OK_GEO
ChIJkbrPsSWihi0R75rug0OX_V8,Air Terjun Laumarang,Kabupaten Banggai,Sulawesi Tengah,Kabupaten Banggai,Sulawesi Tengah,nan,"3Q66+5X3, Hanga-Hanga Permai, Luwuk, Kabupaten Banggai, Sulawesi Tengah 94711",,,OK_TEXT
ChIJ3Qi2pUcLky0RcgGyhX-Yh5o,Wisata Buntu Kepa',Kabupaten Mamasa,Sulawesi Barat,Kabupaten Mamasa,Sulawesi Barat,nan,"Taupe, Kec. Mamasa, Kabupaten Mamasa, Sulawesi Barat 91362",,,OK_GEO
ChIJIWStClYuvC0RgT6ZG4zRdkY,Pantai Jodoh,Kabupaten Bone,Sulawesi Selatan,Kabupaten Bone,Sulawesi Selatan,nan,"W7VX+CGQ, Kec. Kajuara, Kabupaten Bone, Sulawesi Selatan",,,OK_GEO
ChIJY1_gw55ZhzIRa8k6HWJf1vg,Wisata Panjat Tebing Batu Dinding Kilo Tiga,Kabupaten Minahasa Selatan,Sulawesi Utara,Kabupaten Minahasa Selatan,Sulawesi Utara,nan,"5H3H+CGF, Buyungon, Kec. Amurang, Kabupaten Minahasa Selatan, Sulawesi Utara",,,OK_GEO
ChIJ______9MhzIRYYuLfeFIw8c,"Air Konde, Pasan Wawali Minahasa Tenggara (Jalan menuju Air Konde)",Kabupaten Minahasa Tenggara,Sulawesi Utara,Kabupaten Minahasa Tenggara,Sulawesi Utara,nan,"2QRX+VVX, Wawali Pasan, Kec. Ratahan, Kabupaten Minahasa Tenggara, Sulawesi Utara",,,OK_GEO
ChIJ1UAZA67Dky0RwLvXFiCuihw,Objek Wisata Rante Sirrin,Kabupaten Toraja Utara,Sulawesi Selatan,Kabupaten Toraja Utara,Sulawesi Selatan,nan,"3W86+RXJ, Jl. Poros Parinding - Bori, Bori, Kec. Sesean, Kabupaten Toraja Utara, Sulawesi Selatan 91853",,,OK_GEO
ChIJE5F8D5GNly0RfpMTpMrQXks,Pantai Kayuangin,Kabupaten Kolaka Timur,Sulawesi Tenggara,Kabupaten Kolaka,Sulawesi Tenggara,nan,"XFP3+5R4, Desa Liku, Samaturu, Kolaka Regency, South East Sulawesi",,,OK_GEO
ChIJg7yJskMyuS0R66ieVFUgBVk,Birtaria Kassi,Kabupaten Jeneponto,Sulawesi Selatan,Kabupaten Jeneponto,Sulawesi Selatan,nan,"Tonro Kassi Barat, Kec. Tamalatea, Kabupaten Jeneponto, Sulawesi Selatan 92351",,,OK_GEO
ChIJDZamxgcWpC0R42pBoy99mi4,Lakadao Beach,Kabupaten Buton,Sulawesi Tenggara,Kabupaten Buton,Sulawesi Tenggara,Kabupaten Buton Selatan,"8RH6+44C, Selatan, Burangasi Rumbia, Kec. Lapandewa, Kabupaten Buton, Sulawesi Tenggara",,,TEXT_WIN
ChIJYf5anxbyvi0Ry47ig7uUsKc,Air Terjun Taipa,Kabupaten Maros,Sulawesi Selatan,Kabupaten Maros,Sulawesi Selatan,nan,"Tompobulu, Kec. Tompobulu, Kabupaten Maros, Sulawesi Selatan 90561",,,OK_GEO
ChIJiaCNhJ3nvS0Rj5xMWlhiYd0,Wisata Pondok Kelapa,Kabupaten Bone,Sulawesi Selatan,Kabupaten Bone,Sulawesi Selatan,nan,"Apala, Kec. Barebbo, Kabupaten Bone, Sulawesi Selatan 92771",,,OK_GEO
ChIJq35_i-_VeDIRZYjn8nD_U4Q,Pantai Kayubulan,Kabupaten Gorontalo,Gorontalo,Kabupaten Gorontalo,Gorontalo,nan,"F2W2+553, Kayubulan, Kec. Batudaa Pantai, Kabupaten Gorontalo, Gorontalo 96272",,,OK_GEO
ChIJKSKHMbbmlS0RfmWcEoqB_QE,Bola Seratu,Kabupaten Wajo,Sulawesi Selatan,Kabupaten Wajo,Sulawesi Selatan,nan,"V325+F7H, Attakkae, Kec. Tempe, Kabupaten Wajo, Sulawesi Selatan 90918",,,OK_GEO
ChIJiUYZ1K6ofjIR8Iv6ZVunZvw,Wisata Pantai Tanjung Dulang,Kabupaten Bolaang Mongondow Utara,Sulawesi Utara,Kabupaten Bolaang Mongondow Utara,Sulawesi Utara,,"X743+445, Unnamed Road, Solo, Kec. Kaidipang, Kabupaten Bolaang Mongondow Utara, Sulawesi Utara",,,OK_GEO
ChIJs5pfSnyLmi0RJhPlCQUxbHI,Obyek Wisata Permandian Air Terjun Sakita,Kabupaten Morowali,Sulawesi Tengah,Kabupaten Morowali,Sulawesi Tengah,,"CXP3+PR2, Sakita, Kec. Bungku Tengah, Kabupaten Morowali, Sulawesi Tengah 94973",,,OK_GEO
ChIJf9NDgSwHvC0RNPpUn_RVKnw,Telaga Biru Ere Manerang,Kabupaten Bulukumba,Sulawesi Selatan,Kabupaten Bulukumba,Sulawesi Selatan,,"Jl. Kp. Lotong, Benjala, Kec. Bonto Bahari, Kabupaten Bulukumba, Sulawesi Selatan 92571",,,OK_GEO
ChIJ9V8zGe8ply0RAuZ5pZMax7A,Dermaga Tua Sapoiha,Kabupaten Kolaka Utara,Sulawesi Tenggara,Kabupaten Kolaka Utara,Sulawesi Tenggara,,"MXX4+GF7, Sapoiha, Kec. Watunohu, Kabupaten Kolaka Utara, Sulawesi Tenggara 93958",,,OK_GEO
ChIJDWhkHOHmlS0RXFS3ksbFy0k,Kawasan Wisata Attakae Kabupaten Wajo,Kabupaten Wajo,Sulawesi Selatan,Kabupaten Wajo,Sulawesi Selatan,,"V335+76V, Attakkae, Kec. Tempe, Kabupaten Wajo, Sulawesi Selatan 90914",,,OK_GEO
ChIJy8S67mUFvC0RbQ6PIKLSMxY,Bukit Wisata Bulupadido,Kabupaten Bulukumba,Sulawesi Selatan,Kabupaten Bulukumba,Sulawesi Selatan,,"Tammatto, Kec. Ujung Loe, Kabupaten Bulukumba, Sulawesi Selatan 92552",,,OK_GEO
ChIJof3FvS4OpC0RGrD13HvN36Y,Mata Air Pocuncui,Kabupaten Buton,Sulawesi Tenggara,Kabupaten Buton,Sulawesi Tenggara,,"FRCW+QJ6, Awainulu, Kec. Ps. Wajo, Kabupaten Buton, Sulawesi Tenggara 93754",,,OK_GEO
ChIJF88vl4MrfzIRoeIh1bLZSys,Bukit Tangga Baly,Kabupaten Bone Bolango,Gorontalo,Kabupaten Bone Bolango,Gorontalo,,"C4WH+798, Jl. Desa, Botutonuo, Kec. Kabila Bone, Kabupaten Bone Bolango, Gorontalo",,,OK_GEO
ChIJYex76cP_uy0RnwV4Xfhfxhw,Pantai Merpati,Kabupaten Bulukumba,Sulawesi Selatan,Kabupaten Bulukumba,Sulawesi Selatan,,"C5VX+CH2, Terang-Terang, Kec. Ujung Bulu, Kabupaten Bulukumba, Sulawesi Selatan",,,OK_GEO
ChIJ4QmaC5_Fky0RvJjT7kCY1kY,To'barana - Sa'dan,Kabupaten Toraja Utara,Sulawesi Selatan,Kabupaten Toraja Utara,Sulawesi Selatan,,"4W8V+QQQ, Unnamed Road, Sangkaropi, Kec. Sa'dan, Kabupaten Toraja Utara, Sulawesi Selatan 91853",,,OK_GEO
ChIJx76Ry69Fji0RfLZMaCADT4E,Atalambu Hill,Kabupaten Poso,Sulawesi Tengah,Kabupaten Poso,Sulawesi Tengah,,"Kota Tentena, Sangele, Kec. Pamona Utara, Kabupaten Poso, Sulawesi Tengah 94663",,,OK_TEXT
ChIJGcCnBJYNky0RAUmqjHPgyzw,Air Terjun Sambabo,Kabupaten Mamasa,Sulawesi Barat,Kabupaten Mamasa,Sulawesi Barat,,"3773+FXG, Ulumambi, Kec. Bambang, Kabupaten Mamasa, Sulawesi Barat 91366",,,OK_GEO
ChIJaWjHI3SZkS0Rs595AaCM7M4,Wisata Alam Tamboke,Kabupaten Luwu Utara,Sulawesi Selatan,Kabupaten Luwu Utara,Sulawesi Selatan,,"CFW3+J69, Tamboke, Kec. Sukamaju, Kabupaten Luwu Utara, Sulawesi Selatan 92963",,,OK_GEO
ChIJnTqRdmMUhzIRy8z2OoruiPo,Monas,Kabupaten Minahasa,Sulawesi Utara,Kabupaten Minahasa,Sulawesi Utara,,"8W26+CCP, Wawalintouan, Kec. Tondano Bar., Kabupaten Minahasa, Sulawesi Utara",,,OK_TEXT
ChIJ9-CwGVLhvi0RMqxpCK0la5I,Permandian Wisata Istana Mappala,Kabupaten Gowa,Sulawesi Selatan,Kabupaten Gowa,Sulawesi Selatan,,"QFG9+754, Wisata istana mappala lingkungan mappala, Pangkabinanga, Kec. Pallangga, Kabupaten Gowa, Sulawesi Selatan 92119",,,OK_GEO
ChIJY_6ExZ-JlC0R1JW075nKpgc,Pantai Sappoang Polewali,Kabupaten Polewali Mandar,Sulawesi Barat,Kabupaten Polewali Mandar,Sulawesi Barat,,"GCQ8+WQC, Amassangan",,,OK_GEO
ChIJCbSe1mWuiC0R1O2PCptSn-o,Pemandian Air Panas Marowo,Kabupaten Tojo Una-Una,Sulawesi Tengah,Kabupaten Tojo Una-Una,Sulawesi Tengah,,"2FVJ+GWX, Unnamed Road, Marowo, Kec. Ulubongka, Kabupaten Tojo Una-Una, Sulawesi Tengah 94683",,,OK_GEO
ChIJv-PNyroteTIR4nM9-bY-DXg,Objek Wisata Air Toino Desa Talulobutu,Kabupaten Bone Bolango,Gorontalo,Kabupaten Bone Bolango,Gorontalo,,"J34H+Q5V, Lorong Brigade, Talulobutu, Kec. Tapa, Kabupaten Bone Bolango, Gorontalo 96126",,,OK_GEO
ChIJ6WItvG-3iy0Rq20J4yedC-A,Tanjung Karang,Kabupaten Donggala,Sulawesi Tengah,Kabupaten Donggala,Sulawesi Tengah,,"Jl. Karang Ria, Boneoge, Kec. Banawa, Kabupaten Donggala, Sulawesi Tengah 94351",,,OK_GEO
ChIJGctogA71lS0REFNbVKpgA7Q,Wisata Alam Lembah Cinta,Kabupaten Soppeng,Sulawesi Selatan,Kabupaten Soppeng,Sulawesi Selatan,,"JRCC+657, Mattabulu, Kec. Lalabata, Kabupaten Soppeng, Sulawesi Selatan 90811",,,OK_GEO
ChIJX68R10orfzIR-LkyA2cb0Ho,Pantai hiu paus,Kabupaten Bone Bolango,Gorontalo,Kabupaten Bone Bolango,Gorontalo,,"F3GW+M3H, Jl. RE Martadinata, Botubarani, Kec. Kabila Bone, Kabupaten Bone Bolango, Gorontalo 96111",,,OK_GEO
ChIJk1pwuGwNiTIRxNv8HoLmtFI,Permandian Air Panas Timba' Ko Kamp. Mini,Kabupaten Kepulauan Siau Tagulandang Biaro,Sulawesi Utara,,,,"Q999+5RC, Hiung, Kec. Siau Bar. Utara, Kabupaten Siau Tagulandang Biaro, Sulawesi Utara",,,NO_MATCH
ChIJs09XbwCNmi0R4oFh-_8N2qU,Permandian Air Terjun POFUA 'A,Kabupaten Morowali,Sulawesi Tengah,Kabupaten Morowali,Sulawesi Tengah,,"FWW4+XVP, Bente, Kec. Bungku Tengah, Kabupaten Morowali, Sulawesi Tengah 94973",,,OK_GEO
ChIJaQzukLu7lC0RjuK7sPUb9-8,Mangrove Park,Kabupaten Majene,Sulawesi Barat,Kabupaten Majene,Sulawesi Barat,,"GVCM+MG2, Jl. Poros Majene - Mamuju, Lalampanua, Kec. Pamboang, Kabupaten Majene, Sulawesi Barat 91451",,,OK_TEXT
ChIJBQ1l3Rr7kC0RpCCwToGJpoE,ANJUNGAN 533 BEACH & RESORT,Kabupaten Luwu Timur,Sulawesi Selatan,Kabupaten Luwu Timur,Sulawesi Selatan,Kabupaten Kolaka Utara,"Jalan Poros Sulawesi Tenggara Lampia, Harapan, Kec. Malili, Kabupaten Luwu Timur, Sulawesi Selatan 92981",,,TEXT_WIN
ChIJV42DFsJVeDIRU9Y-fIUyv7c,Puncak Bajo,Kabupaten Boalemo,Gorontalo,Kabupaten Boalemo,Gorontalo,,"F9W2+CGQ, Unnamed Road, Bajo, Kec. Tilamuta, Kabupaten Boalemo, Gorontalo",,,OK_GEO
ChIJ0R9FdAq6oy0RdXnrdlZi4Pk,"Masjid Tua Kerajaan Muna, Raha, Sulawesi Tenggara",Kabupaten Muna,Sulawesi Tenggara,Kabupaten Muna,Sulawesi Tenggara,,"2JG5+8MJ, Lakologou, Kec. Tongkuno, Kabupaten Muna, Sulawesi Tenggara 93352",,,OK_GEO
ChIJ1aDJ3EmTmC0RzcMMS7UQre8,Wisata Kali Biru,Kota Kendari,Sulawesi Tenggara,Kota Kendari,Sulawesi Tenggara,,"2J69+XCV, Bungkutoko, Kota Kendari, Sulawesi Tenggara 93234",,,OK_GEO
ChIJfSujne-Roy0RtdwVU8zvvM0,Pantai Singku Desa Lowu-Lowu,Kabupaten Buton,Sulawesi Tenggara,Kabupaten Buton,Sulawesi Tenggara,Kabupaten Buton Tengah,"PJX7+RFW, Waliko, Kec. Gu, Kabupaten Buton, Sulawesi Tenggara 93761",,,TEXT_WIN
ChIJF1ddCsZupC0RRG0thEkos2g,Pantai Batauga,Kabupaten Buton,Sulawesi Tenggara,Kabupaten Buton,Sulawesi Tenggara,Kabupaten Buton Selatan,"Unnamed Road, Masiri, Batauga, Kabupaten Buton, Sulawesi Tenggara 93752",,,TEXT_WIN
ChIJ1zpGMOWfhzIRDp1Q1kwt4y4,Pantai Tatiala,Kota Manado,Sulawesi Utara,Kota Manado,Sulawesi Utara,,"GRQG+G63, Molas, Batu Hitam, Kec. Bunaken, Kota Manado, Sulawesi Utara",,,OK_GEO
ChIJseGNiXoBvi0ROygD473LPtA,Wisata Alam Taretta,Kabupaten Bone,Sulawesi Selatan,Kabupaten Bone,Sulawesi Selatan,,"H4V5+FH2, Mampotu, Kec. Amali, Kabupaten Bone, Sulawesi Selatan 92755",,,OK_GEO
ChIJ6VGc-VejlS0RCd8HdQWBYAY,pantai Bara' UjungLero,Kabupaten Pinrang,Sulawesi Selatan,Kabupaten Pinrang,Sulawesi Selatan,,"Lero, Kec. Suppa, Kabupaten Pinrang, Sulawesi Selatan 91272",,,OK_GEO
ChIJjyKzJGK3iy0R8TGtPwZuaO8,Boneoge Beach,Kabupaten Donggala,Sulawesi Tengah,Kabupaten Donggala,Sulawesi Tengah,,"Boneoge, Kec. Banawa, Kabupaten Donggala, Sulawesi Tengah 94351",,,OK_GEO
ChIJgUO168MChi0R7x9tPccfU_0,Taman Uebone,Kabupaten Tojo Una-Una,Sulawesi Tengah,Kabupaten Tojo Una-Una,Sulawesi Tengah,,"3MP5+855, Uebone, Kec. Ampana Tete, Kabupaten Tojo Una-Una, Sulawesi Tengah",,,OK_GEO
ChIJ278FOWFifjIRraAWj_hx7Pw,Wisata Pantai Desa Pasir Putih,Kabupaten Bolaang Mongondow,Sulawesi Utara,Kabupaten Bolaang Mongondow,Sulawesi Utara,,"RRV7+QW8, Desa, Pasir Putih, Kec. Sangtombolang, Kabupaten Bolaang Mongondow, Sulawesi Utara",,,OK_GEO
ChIJPZP1BQiIlC0RjBeCZ1BKcgo,Pemandian Alam Limbong Lopi,Kabupaten Polewali Mandar,Sulawesi Barat,Kabupaten Polewali Mandar,Sulawesi Barat,,"HCW4+39C, Batetangnga, Kec. Binuang, Kabupaten Polewali Mandar, Sulawesi Barat 91312",,,OK_GEO
ChIJsU-UEHDVeDIRqqvLTk0JCRc,Pantai Tanjung Kramat,Kota Gorontalo,Gorontalo,Kota Gorontalo,Gorontalo,Kabupaten Gorontalo,"F2WV+6PQ, Tj. Kramat, Kec. Hulonthalangi, Kota Gorontalo, Gorontalo 96133",,,TEXT_WIN
ChIJBUSdIk3VeDIRQJfN_VgliNU,Pantai Leato Selatan,Kota Gorontalo,Gorontalo,Kota Gorontalo,Gorontalo,Kabupaten Gorontalo,"F3RH+J93, Leato Sel., Kec. Kota Tim., Kota Gorontalo, Gorontalo 96116",,,TEXT_WIN
ChIJifzd1yn0lS0Rwwq5Wjk9X9s,Makam Jera Lompoe,Kabupaten Soppeng,Sulawesi Selatan,Kabupaten Soppeng,Sulawesi Selatan,,"MV2J+XH9, Bila, Kec. Lalabata, Kabupaten Soppeng, Sulawesi Selatan 90811",,,OK_GEO
ChIJMYsJTZorfzIRc9jqj_PC3_w,WISATA BATU PANDANG,Kabupaten Bone Bolango,Gorontalo,Kabupaten Bone Bolango,Gorontalo,,"F42F+9P5, Jl. Trans Sulawesi, Botutonuo, Kec. Kabila Bone, Kabupaten Bone Bolango, Gorontalo",,,OK_GEO
ChIJkS82exiSlC0RAbjf9dCC6Xw,Pantai Tanjong Buku,Kabupaten Polewali Mandar,Sulawesi Barat,Kabupaten Polewali Mandar,Sulawesi Barat,,"G665+8RR, Buku, Kec. Mapilli, Kabupaten Polewali Mandar, Sulawesi Barat",,,OK_GEO
ChIJ_dI3IwA1lC0RbxZiO779FDk,Bukit Sarassang,Kabupaten Enrekang,Sulawesi Selatan,Kabupaten Enrekang,Sulawesi Selatan,,"7V3G+2R, Bangkala, Kec. Maiwa, Kabupaten Enrekang, Sulawesi Selatan 91761",,,OK_GEO
ChIJvQ0p-Awhvi0R9gixF4mhwzo,Air Terjun Tanjung Asap,Kabupaten Barru,Sulawesi Selatan,Kabupaten Barru,Sulawesi Selatan,,"HP2M+GVC, Palakka, Kec. Barru, Kabupaten Barru, Sulawesi Selatan 90711",,,OK_GEO
ChIJoXWrGHMteTIR7yXAfwAqfDU,Embung Dumati,Kabupaten Gorontalo,Gorontalo,Kabupaten Gorontalo,Gorontalo,,"Dulamayo Sel., Kec. Telaga, Kabupaten Gorontalo, Gorontalo",,,OK_GEO
ChIJVVVVVSl-kS0RjHAQ4ucYxzU,Air Terjun Sarambualla,Kabupaten Luwu Utara,Sulawesi Selatan,Kabupaten Luwu Utara,Sulawesi Selatan,,"8533+97X, Kalotok, Kec. Sabbang, Kabupaten Luwu Utara, Sulawesi Selatan 91952",,,OK_TEXT
ChIJZ0g29gDAgy0RNwCelDEGGDk,Mandel Beach,Kabupaten Banggai Kepulauan,Sulawesi Tengah,Kabupaten Banggai Kepulauan,Sulawesi Tengah,,"Kombutokan, Kec. Totikum, Kabupaten Banggai Kepulauan, Sulawesi Tengah 94885",,,OK_TEXT
ChIJ75F7p8jWfjIRGdY0IrWvhAc,Lombongo Waterfall,Kabupaten Bone Bolango,Gorontalo,Kabupaten Bone Bolango,Gorontalo,,"H53P+5FC, Tapadaa, Kecamatan Suwawa Tengah, Kabupaten Bone Bolango, Gorontalo 96583",,,OK_GEO
ChIJ_5-YfkP-hjIRrNF1n0nS32I,Ekowisata Mangrove,Kota Bitung,Sulawesi Utara,Kota Bitung,Sulawesi Utara,,"F62W+V5R, Unnamed Road, Mawali, Kec. Lembeh Utara, Kota Bitung, Sulawesi Utara",,,OK_GEO
ChIJK4vETVXyiy0R5EIrd4B3KHk,Porame Paradise Resort,Kabupaten Sigi,Sulawesi Tengah,Kabupaten Sigi,Sulawesi Tengah,,"2RXP+HCM, Porame, Kec. Kinovaro, Kabupaten Sigi, Sulawesi Tengah",,,OK_TEXT
ChIJP9LU7N7Zvi0RUqDjgNsETVs,WISATA KULINER 3 DIMENSI TAKALAR,Kabupaten Takalar,Sulawesi Selatan,Kabupaten Takalar,Sulawesi Selatan,,"JFH6+9WC, Bonto Kassi, Kec. Polombangkeng Utara, Kabupaten Takalar, Sulawesi Selatan 92221",,,OK_GEO
ChIJxxs_QAy4oy0RUn-Dk2YldHI,Danau Randano Ghaghe,Kabupaten Muna,Sulawesi Tenggara,Kabupaten Muna,Sulawesi Tenggara,,"2P86+R9Q, Tongkuno, Lalemba, Lawa, Kotano Wuna, Kec. Tongkuno, Kabupaten Muna, Sulawesi Tenggara 93662",,,OK_GEO
ChIJ1Woj6T6ClC0RnacZcTzoVmU,AIR TERJUN LIMBONG KAMANDANG,Kabupaten Polewali Mandar,Sulawesi Barat,Kabupaten Polewali Mandar,Sulawesi Barat,,"Unnamed Road No.91352, Kurrak, Kec. Tapango, Kabupaten Polewali Mandar, Sulawesi Barat 91352",,,OK_GEO
ChIJH3fteepHhzIRz6O7Z-JUBa0,Monumen Misionaris Johann G Schwarz Langowan,Kabupaten Minahasa,Sulawesi Utara,Kabupaten Minahasa,Sulawesi Utara,,"5R3Q+FX9, Toraget, Kec. Langowan Utara, Kabupaten Minahasa, Sulawesi Utara",,,OK_TEXT
ChIJCzk5DiRxfjIR9_5d6kFyqRU,LOSARI BEACH,Kabupaten Bolaang Mongondow,Sulawesi Utara,Kabupaten Bolaang Mongondow,Sulawesi Utara,,"Unnamed Road, Lolak, Kec. Lolak, Kabupaten Bolaang Mongondow, Sulawesi Utara",,,OK_GEO
ChIJQ-IjXwBdoy0RWPY6klly2mg,Gunung Sambapolulu,Kabupaten Bombana,Sulawesi Tenggara,Kabupaten Bombana,Sulawesi Tenggara,,"Enano, Kec. Kabaena Tengah, Kabupaten Bombana, Sulawesi Tenggara",,,OK_GEO
ChIJmeFnUaUihzIRpXTXfZiGDXA,Pantai Tinggian,Kabupaten Minahasa,Sulawesi Utara,Kabupaten Minahasa,Sulawesi Utara,,"Sawangan, Kecamatan Kombi, Kabupaten Minahasa, Sulawesi Utara",,,OK_TEXT
ChIJS6TA3HMfvy0Rhd9BSP3_PRU,Wisata Pantai Galesong,Kabupaten Takalar,Sulawesi Selatan,Kabupaten Takalar,Sulawesi Selatan,,"Q95J+79Q, Pantai, Kec. Galesong, Kabupaten Takalar, Sulawesi Selatan 92255",,,OK_GEO
ChIJtQvoD4kjvC0RR8bbB2pcthM,WISATA PANTAI BULOKKONG,Kabupaten Sinjai,Sulawesi Selatan,Kabupaten Sinjai,Sulawesi Selatan,,"Q878+QFW, Bua, Kec. Tellu Limpoe, Kabupaten Sinjai, Sulawesi Selatan",,,OK_GEO
ChIJA56J3bBhdjIRdq-Rx41wDlY,Air Terjun Ogomojolo,Kabupaten Parigi Moutong,Sulawesi Tengah,Kabupaten Parigi Moutong,Sulawesi Tengah,,"FFWF+Q3X, desa ogomojolo, Palasa Lambori, Kec. Palasa, Kabupaten Parigi Moutong, Sulawesi Tengah 94476",,,OK_GEO
ChIJZR3I4-nxiy0Rs-hg4obz4A0,Bulili Park,Kota Palu,Sulawesi Tengah,Kota Palu,Sulawesi Tengah,,"3WC3+2PV, Birobuli Sel., Kec. Palu Sel., Kota Palu, Sulawesi Tengah 94111",,,OK_GEO
ChIJFao2zHD2fTIRnoIQCP43ESM,Pantai Songkur AMURANG,Kabupaten Minahasa Selatan,Sulawesi Utara,Kabupaten Minahasa Selatan,Sulawesi Utara,,"5FPG+8VC, Unnamed Road, Tawaang, Kec. Tenga, Kabupaten Minahasa Selatan, Sulawesi Utara",,,OK_GEO
ChIJ1cBQK1fglS0Rn3ehUh6YkvA,Masjid Tua Tosora,Kabupaten Wajo,Sulawesi Selatan,Kabupaten Wajo,Sulawesi Selatan,,"V4H9+P9H, Tosora, Kec. Majauleng, Kabupaten Wajo, Sulawesi Selatan 90991",,,OK_GEO
ChIJL-_iBacZhzIRGC-IHYvFcAY,Pantai Sunrise,Kabupaten Minahasa,Sulawesi Utara,Kabupaten Minahasa,Sulawesi Utara,,"Makalisung, Kecamatan Kombi, Kabupaten Minahasa, Sulawesi Utara",,,OK_TEXT
ChIJsbqmzOrvmC0R48BoCjM0zJo,Anggalo Beach Waworaha,Kabupaten Konawe,Sulawesi Tenggara,Kabupaten Konawe,Sulawesi Tenggara,,"3HXG+VF, Waworaha, Soropia, Kabupaten Konawe, Sulawesi Tenggara",,,OK_GEO
ChIJpbHpNZuHoy0Rf1MiDj42CL8,Gua Laumehe,Kabupaten Buton,Sulawesi Tenggara,Kabupaten Buton,Sulawesi Tenggara,Kabupaten Buton Tengah,"JFG8+8GQ, Wantopi, Mawasangka Tim., Kabupaten Buton, Sulawesi Tenggara 93762",,,TEXT_WIN
ChIJY8yPXakxhzIRvxIcT2R1jBA,Pantai ROR,Kabupaten Minahasa,Sulawesi Utara,Kabupaten Minahasa,Sulawesi Utara,,"3XF9+9H9, Unnamed Road, Bukit Tinggi, Kec. Kakas, Kabupaten Minahasa, Sulawesi Utara",,,OK_TEXT
ChIJy_XEIyzxiy0RU-DoXtoTJO0,Taman Likuifaksi,Kabupaten Sigi,Sulawesi Tengah,Kabupaten Sigi,Sulawesi Tengah,,"Jl. Bumi Beringin, Lolu, Kec. Sigi Biromaru, Kabupaten Sigi, Sulawesi Tengah 94367",,,OK_TEXT
ChIJlZJuuhngvS0ROUU65m70O_k,puncak padel,Kabupaten Bone,Sulawesi Selatan,Kabupaten Bone,Sulawesi Selatan,,"85X9+9CF, Pattimpa, Kec. Ponre, Kabupaten Bone, Sulawesi Selatan 92765",,,OK_GEO
ChIJyTGeSWPrmC0RkwYoPleu418,Teluk Ceri,Kabupaten Konawe,Sulawesi Tenggara,Kabupaten Konawe,Sulawesi Tenggara,,"3MM8+47F, Toronipa, Soropia, Kabupaten Konawe, Sulawesi Tenggara 93351",,,OK_GEO
ChIJoYoaO2LpmC0Rhat7QeyPpJI,Kreasi Bahari Toronipa,Kabupaten Konawe,Sulawesi Tenggara,Kabupaten Konawe,Sulawesi Tenggara,,"4M36+FP9, Jl. Pantai, Toronipa, Soropia, Kabupaten Konawe, Sulawesi Tenggara 93351",,,OK_GEO
ChIJRwH_NaI5jC0RZiGG7iP2SrY,Bulu Torompupu,Kabupaten Sigi,Sulawesi Tengah,Kabupaten Sigi,Sulawesi Tengah,,"Salua, Kec. Kulawi, Kabupaten Sigi, Sulawesi Tengah",,,OK_TEXT
ChIJr4twG2VQFQURYPoa9IdLy2o,Rumah Adat Sinjai,Kota Makassar,Sulawesi Selatan,Kota Makassar,Sulawesi Selatan,Kabupaten Gowa,"RC46+QW4, Jl. Daeng Tata III, Benteng Somba Opu, Kec. Barombong, Kota Makassar, Sulawesi Selatan 90225",,,TEXT_WIN
ChIJP05MU_Fbvi0R-NWc6-iOZVI,Danau cinta tonasa1,Kabupaten Pangkajene Dan Kepulauan,Sulawesi Selatan,Kabupaten Pangkajene Dan Kepulauan,Sulawesi Selatan,,"3JVV+X94, Balocci Baru, Kec. Balocci, Kabupaten Pangkajene Dan Kepulauan, Sulawesi Selatan 90661",,,OK_GEO
ChIJl66LKE_3ky0RAE5RCthUfz0,Air Terjun Mengkendek,Kabupaten Tana Toraja,Sulawesi Selatan,Kabupaten Tana Toraja,Sulawesi Selatan,,"RX94+MW9, Simbuang, Kec. Mengkendek, Kabupaten Tana Toraja, Sulawesi Selatan 91881",,,OK_TEXT
ChIJhSYABgxNeDIR0DfiWBLQpQg,Pantai Batu Buaya,Kabupaten Boalemo,Gorontalo,Kabupaten Boalemo,Gorontalo,,"F4JX+86J, Keramat, Kec. Mananggu, Kabupaten Boalemo, Gorontalo",,,OK_GEO
ChIJ19x8pxWMjC0RcVFwIUCNhEI,Pantai Batu Oge,Kabupaten Pasangkayu,Sulawesi Barat,Kabupaten Pasangkayu,Sulawesi Barat,,"P8G3+HGC, Batu Oge, Pedongga, Kab. Pasangkayu, Sulawesi Barat 91571",,,OK_GEO
ChIJm-2fVmk_lC0RgUJfns4jIf0,Air Terjun Lewaja,Kabupaten Enrekang,Sulawesi Selatan,Kabupaten Enrekang,Sulawesi Selatan,,"CR85+5RX, Lewaja, Kec. Enrekang, Kabupaten Enrekang, Sulawesi Selatan 91712",,,OK_GEO
ChIJcUTwZiXivi0RGx9GU359374,Tamalaté Paleis van het Gowa Sultanaat - Istana Tamalate,Kabupaten Gowa,Sulawesi Selatan,Kabupaten Gowa,Sulawesi Selatan,,"Istana Tamalate, Sungguminasa, Kec. Somba Opu, Kabupaten Gowa, Sulawesi Selatan 92111",,,OK_GEO
ChIJ3wbvFHAovy0Rjla4ZqpRmow,Pantai Galumbaya,Kabupaten Takalar,Sulawesi Selatan,Kabupaten Takalar,Sulawesi Selatan,,"H92M+HPW, Galumbaya, Ujung Baji, Kec. Sanrobone, Kabupaten Takalar, Sulawesi Selatan 92231",,,OK_GEO
ChIJuSanu7PQiy0RedNN-loqyzA,Pantai Nalera,Kabupaten Parigi Moutong,Sulawesi Tengah,Kabupaten Parigi Moutong,Sulawesi Tengah,,"9357+J35, Jl. Trans Sulawesi, Marantale, Kec. Siniu, Kabupaten Parigi Moutong, Sulawesi Tengah 94474",,,OK_GEO
ChIJ9agMHYjovi0Rf2-iTq3jPPY,Pantai Sicini,Kabupaten Gowa,Sulawesi Selatan,Kabupaten Gowa,Sulawesi Selatan,,"QJ48+QC7, Bontoparang, Kec. Parangloe, Kabupaten Gowa, Sulawesi Selatan 92173",,,OK_GEO
ChIJB7nVGfcpeTIR_ClTLkRU1hs,Mooi Lake,Kabupaten Gorontalo,Gorontalo,Kabupaten Gorontalo,Gorontalo,,"HX58+4W6, Huntu, Kec. Batudaa, Kabupaten Gorontalo, Gorontalo 96271",,,OK_GEO
ChIJGdiLVsFglC0ReyR3d0Cbvv4,Pantai Salopi,Kabupaten Pinrang,Sulawesi Selatan,Kota Makassar,Sulawesi Selatan,Kabupaten Pinrang,"Selat, Kota Makassar, Sulawesi Selatan",,,TEXT_WIN
ChIJOeuE7UgZvC0R8VSVSAhQnB4,Pantai karampuang,Kabupaten Sinjai,Sulawesi Selatan,Kabupaten Sinjai,Sulawesi Selatan,,"P89M+F49, Pantai karampuang, Pattongko, Kec. Sinjai Tim., Kabupaten Sinjai, Sulawesi Selatan",,,OK_GEO
ChIJC_Kniyp5oS0R0wcjZ9WUtq0,Dermaga Bone,Kabupaten Buton Utara,Sulawesi Tenggara,Kabupaten Buton Utara,Sulawesi Tenggara,,"557C+3H9, Jl. Bone Bawah, Desa Malalanda, Kec. Kulisusu, Kabupaten Buton Utara, Sulawesi Tenggara 93672",,,OK_GEO
ChIJb4-wWZLXpi0Rc5EMWuj6z-o,Pulau Hoga,Kabupaten Wakatobi,Sulawesi Tenggara,Kabupaten Wakatobi,Sulawesi Tenggara,,"Ambeua Raya, Kec. Kaledupa, Kabupaten Wakatobi, Sulawesi Tenggara",,,OK_GEO
ChIJByW72oaJlC0RlenuyiYF-NA,Wisata Alam Wai Batu,Kabupaten Polewali Mandar,Sulawesi Barat,Kabupaten Polewali Mandar,Sulawesi Barat,,"HCQ3+VPW, Batetangnga, Kec. Binuang, Kabupaten Polewali Mandar, Sulawesi Barat 91312",,,OK_GEO
ChIJO5it69AahzIRklkX7ymZWPs,Penjara Tua Kema,Kabupaten Minahasa Utara,Sulawesi Utara,Kabupaten Minahasa Utara,Sulawesi Utara,,"938G+28G, Kema Dua, Kec. Kema, Kabupaten Minahasa Utara, Sulawesi Utara",,,OK_GEO
ChIJO2P0_BjYvi0RS-v_1Ayr13A,Miniatur MONUMEN LAPRIS,Kabupaten Takalar,Sulawesi Selatan,Kabupaten Takalar,Sulawesi Selatan,,"HC9Q+JCR, Jl. Kemakmuran, Kalabbirang, Kec. Pattallassang, Kabupaten Takalar, Sulawesi Selatan 92461",,,OK_GEO
ChIJw9MNECFRFQUR2G-CU6ifdxk,Masjid Bukit Nirwana Permai 1.Moncongloe Lappara,Kabupaten Maros,Sulawesi Selatan,Kabupaten Maros,Sulawesi Selatan,,"RGQ4+Q65, Jl. Ayah Syekh Yusuf Perumahaan bukit nirwana 1, Moncongloe Lappara, Kec. Moncong Loe, Kabupaten Maros, Sulawesi Selatan 90562",,,OK_GEO
ChIJtxpB2NqNoy0RWcDwyyRKqkY,Wisata Goa Kotaeono,Kabupaten Buton Tengah,Sulawesi Tenggara,Kabupaten Buton Tengah,Sulawesi Tenggara,,"MJVV+74Q, Desa, Dusun Uncume, Rahia, Kec. Gu, Kabupaten Buton Tengah, Sulawesi Tenggara",,,OK_GEO
ChIJ1V6nKH32vi0RARVeo3beXMo,Air Terjun Bantimurung,Kabupaten Maros,Sulawesi Selatan,Kabupaten Maros,Sulawesi Selatan,,"Jenetaesa, Kec. Simbang, Kabupaten Maros, Sulawesi Selatan",,,OK_GEO
ChIJ8R-IySY9fjIRibT6CdanMnk,BANYU ANGET SWIMMINGPOOL,Kota Kotamobagu,Sulawesi Utara,Kota Kotamobagu,Sulawesi Utara,,"Matali, Kec. Kotamobagu Tim., Kota Kotamobagu, Sulawesi Utara",,,OK_GEO
ChIJ0xGEcyrrgy0Rz4XdE19azZE,Wisata Bone Pompon,Kabupaten Banggai Kepulauan,Sulawesi Tengah,Kabupaten Banggai Kepulauan,Sulawesi Tengah,,"QC82+328, Lalong, Kec. Tinangkung Utara, Kabupaten Banggai Kepulauan, Sulawesi Tengah 94885",,,OK_TEXT
ChIJiQgDVnWddzIRZlUD_vMa72Q,BUMDes TORJA,Kabupaten Pohuwato,Gorontalo,Kabupaten Pohuwato,Gorontalo,,"FCJR+43X, Torosiaje Jaya, Popayato, Kabupaten Pohuwato, Gorontalo 96467",,,OK_TEXT
ChIJDXEK_z8MizIRtpyHMHR7p_M,Gunung Awu,Kabupaten Kepulauan Sangihe,Sulawesi Utara,Kabupaten Kepulauan Sangihe,Sulawesi Utara,,"Utaurano, Kec. Tabukan Utara, Kabupaten Kepulauan Sangihe, Sulawesi Utara",,,OK_TEXT
ChIJZa1opboJgy0RZ4jeBMySBAA,Pantai Monosan,Kabupaten Banggai,Sulawesi Tengah,Kabupaten Banggai Laut,Sulawesi Tengah,,"CHX6+MH3, Kendek, Banggai Utara, Kab. Banggai Laut, Sulawesi Tengah 94891",,,OK_GEO
ChIJDQUaPOfBvS0R-hlZFaFk2w0,Pantai Cappa Ujung,Kabupaten Bone,Sulawesi Selatan,Kabupaten Bone,Sulawesi Selatan,,"Pattiro Sompe, Kec. Sibulue, Kabupaten Bone, Sulawesi Selatan",,,OK_GEO
ChIJNz5gGw1PeTIRNR42YXie2Cw,Wisata Pantai Botudidingga,Kabupaten Gorontalo Utara,Gorontalo,Kabupaten Gorontalo Utara,Gorontalo,,"VWQM+3CQ, Dambalo, Kec. Tomilito Kab, Kabupaten Gorontalo Utara",,,OK_GEO
ChIJFYcMLaz4oy0RRj4hz8oYmc8,"Air Terjun Kalata, Buton",Kabupaten Buton,Sulawesi Tenggara,Kabupaten Buton,Sulawesi Tenggara,,"JXFM+XGV, Walompo, Kec. Siontapina, Kabupaten Buton, Sulawesi Tenggara 93756",,,OK_GEO
ChIJ8RqToekqeTIRiwMnfziJ0nE,Wisata Gunung Layang,Kota Gorontalo,Gorontalo,Kota Gorontalo,Gorontalo,Kabupaten Gorontalo,"G3G3+2G9, Siendeng, Kec. Hulonthalangi, Kota Gorontalo, Gorontalo 96133",,,TEXT_WIN
ChIJkdeYACBJmC0R2kqJof4II6Y,Argawana camp,Kabupaten Konawe,Sulawesi Tenggara,Kabupaten Konawe,Sulawesi Tenggara,,"42QJ+4H, Puunaaha, Kec. Unaaha, Kabupaten Konawe, Sulawesi Tenggara 93413",,,OK_GEO
ChIJiR0uu2sMgy0RSKQpm4MIxRM,Wisata Air Terjun Matube desa lampa,Kabupaten Banggai Kepulauan,Sulawesi Tengah,Kabupaten Banggai Kepulauan,Sulawesi Tengah,Kabupaten Banggai Laut,"Lampa, Kec. Banggai, Kabupaten Banggai Kepulauan, Sulawesi Tengah 94891",,,TEXT_WIN
ChIJGcLoQ2vtmC0RNV0Y3ySVSbA,Papalimba Water Tourism Lapulu,Kota Kendari,Sulawesi Tenggara,Kota Kendari,Sulawesi Tenggara,,"2H9H+5Q2, Lapulu, Kec. Abeli, Kota Kendari, Sulawesi Tenggara 93234",,,OK_GEO
ChIJSwFWF7CVlC0RFmqeXRV2Saw,Pantai Wisata Labuang,Kabupaten Polewali Mandar,Sulawesi Barat,Kabupaten Polewali Mandar,Sulawesi Barat,,"F4M6+WQ5, Laliko, Kec. Campalagian, Kabupaten Polewali Mandar, Sulawesi Barat",,,OK_GEO
ChIJcVxH8u6VmC0R2c8VKfpQL24,Kampung pelangi,Kota Kendari,Sulawesi Tenggara,Kota Kendari,Sulawesi Tenggara,,"XJWR+GW5, Tondonggeu, Kec. Abeli, Kota Kendari, Sulawesi Tenggara",,,OK_GEO
ChIJcYR6-EqXlS0RYpm6infNeuk,Pantai Ujung Indah,Kabupaten Barru,Sulawesi Selatan,Kabupaten Barru,Sulawesi Selatan,,"Cilellang, Kec. Mallusetasi, Kabupaten Barru, Sulawesi Selatan 90753",,,OK_GEO
ChIJzfdbWYQtvC0R3pCpvptZvkE,"Pantai Tanjung Pero, Ujunge",Kabupaten Bone,Sulawesi Selatan,Kabupaten Bone,Sulawesi Selatan,,"28J2+4XF, Unnamed Road, Ujunge, Kec. Tonra, Kabupaten Bone, Sulawesi Selatan",,,OK_GEO
ChIJw2tueHewfzIRUYZ78Tvoymg,Wisata Kuliner Sondana,Kabupaten Bolaang Mongondow Selatan,Sulawesi Utara,Kabupaten Bolaang Mongondow Selatan,Sulawesi Utara,,"92G5+34Q, Unnamed Road, Tolondadu II, Kec. Bolaang Uki, Kabupaten Bolaang Mongondow Selatan, Sulawesi Utara",,,OK_GEO
ChIJg6LOHHrVfjIRMIYxoh7yFl4,WISATA TAMAN CIBUTU,Kabupaten Bone Bolango,Gorontalo,Kabupaten Bone Bolango,Gorontalo,,"H46M+4F5, Butu, Kec. Tilongkabila, Kabupaten Bone Bolango, Gorontalo 96119",,,OK_GEO
ChIJPTutZ6FelC0RbgknbinISF8,Pantai Kappe,Kabupaten Pinrang,Sulawesi Selatan,Kabupaten Pinrang,Sulawesi Selatan,,"Data, Kec. Duampanua, Kabupaten Pinrang, Sulawesi Selatan 91253",,,OK_GEO
ChIJd_7LsMlqhzIR4v450S-93Wc,Kuntung Tampusu,Kabupaten Minahasa,Sulawesi Utara,Kabupaten Minahasa,Sulawesi Utara,,"Tataaran Patar, Kec. Tondano Sel., Kabupaten Minahasa, Sulawesi Utara",,,OK_TEXT
ChIJK7Y81TJthzIRM_OsEZ7eDY8,Gunung Mahawu,Kota Tomohon,Sulawesi Utara,Kota Tomohon,Sulawesi Utara,,"9V36+8WX, Kakaskasen Satu, Kec. Tomohon Utara, Kota Tomohon, Sulawesi Utara",,,OK_GEO
ChIJUQYo-mXHlC0RWXmP6TmJXNw,Masjid Nurul Azizil Hakim,Kabupaten Majene,Sulawesi Barat,Kabupaten Majene,Sulawesi Barat,,"CWPV+52Q, Jl. Rangas, Totoli, Kec. Banggae, Kabupaten Majene, Sulawesi Barat 91415",,,OK_TEXT
ChIJgxoX3UUhfjIRX3uFBTt9bQo,WISATA DANAU MOAT,Kabupaten Bolaang Mongondow Timur,Sulawesi Utara,Kabupaten Bolaang Mongondow Timur,Sulawesi Utara,,"Moat, Kec. Modayag, Kabupaten Bolaang Mongondow Timur, Sulawesi Utara",,,OK_GEO
ChIJgeEDIwb7vi0Rnqv7VrGCXfs,Danau Sanusi,Kabupaten Maros,Sulawesi Selatan,Kabupaten Maros,Sulawesi Selatan,,"WHMR+PV9, Jl. Garuda, Damai, Kec. Tanralili, Kabupaten Maros, Sulawesi Selatan 90552",,,OK_GEO
ChIJ7yY-Zubpky0Rs6wuGcJEz3o,Cokopacu Rental Mobil & Motor,Kabupaten Toraja Utara,Sulawesi Selatan,Kabupaten Toraja Utara,Sulawesi Selatan,,"Jl. Pacuan Kuda No.25, Rante Pasele, Kec. Rantepao, Kabupaten Toraja Utara, Sulawesi Selatan 91833",,,OK_GEO
ChIJRRZ0kR9jmC0Rjdvn0UYFbeA,Permandian Boro- Boro,Kabupaten Konawe Selatan,Sulawesi Tenggara,Kabupaten Konawe Selatan,Sulawesi Tenggara,,"W82W+FP9, Boro-Boro R, Kec. Ranomeeto, Kabupaten Konawe Selatan, Sulawesi Tenggara 93873",,,OK_GEO
ChIJZd0dz4W7li0RKY8tYVyXTVA,Pantai Cimpu Selatan,Kabupaten Luwu,Sulawesi Selatan,Kabupaten Luwu,Sulawesi Selatan,,"Cimpu, Kec. Suli, Kabupaten Luwu, Sulawesi Selatan 91994",,,OK_GEO
ChIJzU2gVWkSoi0RKvFfSosNJbk,Pantai Pasir Putih Batu Putih,Kabupaten Konawe Selatan,Sulawesi Tenggara,Kabupaten Konawe Selatan,Sulawesi Tenggara,,"Unnamed Road, Batu Putih, Kec. Kolono, Kabupaten Konawe Selatan, Sulawesi Tenggara",,,OK_GEO
ChIJl74h0rNOvi0RspkzBqqNj04,Kompleks Rumah Adat Labakkang,Kabupaten Pangkajene Dan Kepulauan,Sulawesi Selatan,Kabupaten Pangkajene Dan Kepulauan,Sulawesi Selatan,,"6GGG+96X, Labakkang, Kec. Labakkang, Kabupaten Pangkajene Dan Kepulauan, Sulawesi Selatan 90651",,,OK_GEO
ChIJqxtKiMhqhzIRJvb5AR0r2DQ,Danau Tampusu,Kota Tomohon,Sulawesi Utara,Kota Tomohon,Sulawesi Utara,,"Pangolombian, Kec. Tomohon Sel., Kota Tomohon, Sulawesi Utara",,,OK_TEXT
ChIJL3QsHGO9hzIR691rKXJ0r9k,Darunu Mangrove Park,Kabupaten Minahasa Utara,Sulawesi Utara,Kabupaten Minahasa Utara,Sulawesi Utara,,"Darunu, Jaga 6, Kabupaten Minahasa Utara, Sulawesi Utara 95376",,,OK_GEO
ChIJ0-9vxu_GlS0RaReFgKOigsU,Danau Sidenreng,Kabupaten Sidenreng Rappang,Sulawesi Selatan,,,,Sulawesi Selatan,,,NO_MATCH
ChIJp2bhjatzpC0RwSqQkIloJ2c,Air Terjun Samparona,Kabupaten Buton,Sulawesi Tenggara,Kabupaten Buton,Sulawesi Tenggara,Kabupaten Buton Selatan,"FMV9+P5W, Lipumangau, Kec. Sampolawa, Kabupaten Buton, Sulawesi Tenggara 93725",,,TEXT_WIN
ChIJ1ezqFJRHhC0RsdDX9VkvttQ,Pantai Makakata,Kabupaten Banggai,Sulawesi Tengah,Kabupaten Banggai,Sulawesi Tengah,,"Sisipan, Kec. Batui, Kabupaten Banggai, Sulawesi Tengah",,,OK_TEXT
ChIJ4VrMTF4Mgy0RO6KsKOhtvUs,Pantai Mato,Kabupaten Banggai Kepulauan,Sulawesi Tengah,Kabupaten Banggai Kepulauan,Sulawesi Tengah,Kabupaten Banggai Laut,"Tinakin Laut, Kec. Banggai, Kabupaten Banggai Kepulauan, Sulawesi Tengah 94891",,,TEXT_WIN
ChIJS1E871ydki0RCaMX0tKnZ2g,Permandian Ziling,Kabupaten Mamuju,Sulawesi Barat,Kabupaten Mamuju,Sulawesi Barat,Kabupaten Mamuju Tengah,"Salumanurung, Kec. Budong-Budong, Kabupaten Mamuju, Sulawesi Barat 91563",,,TEXT_WIN
ChIJD9Yh5QtReTIRLRRx7uGO1y0,Pantai LOGPON,Kabupaten Gorontalo Utara,Gorontalo,Kabupaten Gorontalo Utara,Gorontalo,,"Jl. Trans Sulawesi, Molantadu, Kec. Kwandang, Kabupaten Gorontalo Utara, Gorontalo 96252",,,OK_GEO
ChIJz_QooHighzIR_Lt_-nOzSzU,Wisata Bahari Resto Transmart Carrefour,Kota Manado,Sulawesi Utara,Kota Manado,Sulawesi Utara,,"GV3X+9XJ, Kairagi Dua, Kec. Mapanget, Kota Manado, Sulawesi Utara",,,OK_GEO
ChIJc-O_xyQhvy0RVlq235wrQ3c,Pulau Sanrobengi,Kabupaten Takalar,Sulawesi Selatan,Kabupaten Takalar,Sulawesi Selatan,,"M8GV+664 Gusung Sangrobengi, Boddia, Kec. Galesong, Kabupaten Takalar, Sulawesi Selatan",,,OK_GEO
ChIJDznwMeIfvC0RKe54D0EJWo0,Air Terjun Baruttungnge,Kabupaten Sinjai,Sulawesi Selatan,Kabupaten Sinjai,Sulawesi Selatan,,"P5Q6+W72, Sungai Apareng, Sangianseri, Kec. Sinjai Sel., Kabupaten Sinjai, Sulawesi Selatan 92661",,,OK_GEO
ChIJZQmHVsIDmC0Rkm36Bm6tulM,Gunung Batu Puulemo,Kabupaten Kolaka,Sulawesi Tenggara,Kabupaten Kolaka,Sulawesi Tenggara,,"RPF4+5FJ, unamed road, Puulemo, Kec. Baula, Kabupaten Kolaka, Sulawesi Tenggara 93562",,,OK_GEO
ChIJU6l8MfMzui0R29EPLn11OZc,Jangkar Raksasa Selayar,Kabupaten Kepulauan Selayar,Sulawesi Selatan,Kabupaten Kepulauan Selayar,Sulawesi Selatan,,"RC9H+V5R, Bontosunggu, Kec. Bontoharu, Kab. Kepulauan Selayar, Sulawesi Selatan",,,OK_GEO
ChIJcQsmwBQfkC0RzSIIBtGI3pQ,Pemandian Air Panas Beteleme,Kabupaten Morowali Utara,Sulawesi Tengah,Kabupaten Morowali Utara,Sulawesi Tengah,,"R7WC+2MJ, Beteleme, Kec. Lembo, Kabupaten Morowali Utara, Sulawesi Tengah 94966",,,OK_GEO
ChIJNwXbrWDuoy0RCYCnokQ-D08,Permandian Kapontori,Kabupaten Buton,Sulawesi Tenggara,Kabupaten Buton,Sulawesi Tenggara,,"QRMJ+M5F, Watumotobe, Kec. Kapontori, Kabupaten Buton, Sulawesi Tenggara 93755",,,OK_GEO
ChIJ5wPxIwC7gDIRRrF_b4I-pCE,Pantai Anita,Kabupaten Minahasa Tenggara,Sulawesi Utara,Kabupaten Minahasa Tenggara,Sulawesi Utara,,"Ratatotok Tim., Kec. Ratatotok, Kabupaten Minahasa Tenggara, Sulawesi Utara 95997",,,OK_GEO
ChIJ3fuBYAo2hzIRYkkNkqoThaI,Waruga TOAR - LUMIMUUT Palamba,Kabupaten Minahasa,Sulawesi Utara,Kabupaten Minahasa,Sulawesi Utara,,"3V5J+CJ7, Palamba, Kec. Langowan Sel., Kabupaten Minahasa, Sulawesi Utara 95997",,,OK_TEXT
ChIJG8zabHMvjTIRe0zM4x7oSpw,Sara Island,Kabupaten Kepulauan Talaud,Sulawesi Utara,Kabupaten Kepulauan Talaud,Sulawesi Utara,,"WPV5+RJC, Lirung Satu, Lirung, Kabupaten Kepulauan Talaud, Sulawesi Utara",,,OK_TEXT
ChIJl56zvZYZhzIRLjwS4TP0b_k,Pantai Mangket,Kabupaten Minahasa Utara,Sulawesi Utara,Kabupaten Minahasa Utara,Sulawesi Utara,,"Makalisung, Kec. Kema, Kabupaten Minahasa Utara, Sulawesi Utara",,,OK_GEO
ChIJjarTcrEvcTIRmEn5UaUayh0,Zalza Beach,Kabupaten Tolitoli,Sulawesi Tengah,Kabupaten Tolitoli,Sulawesi Tengah,,"Pantai Lalos, Lalos, Kec. Galang, Kabupaten Toli-Toli, Sulawesi Tengah 94561",,,OK_GEO
ChIJDYLbPxp1hzIRticJIgdZqAA,PANTAI BOULEVARD MANADO,Kota Manado,Sulawesi Utara,Kota Manado,Sulawesi Utara,,"FRHM+HJX, Jl. Piere Tendean, Sario Tumpaan, Kec. Sario, Kota Manado, Sulawesi Utara",,,OK_GEO
ChIJ5YosQGgVoi0RBhiTJWpZnSU,Towea Beach,Kabupaten Muna,Sulawesi Tenggara,Kabupaten Muna,Sulawesi Tenggara,,"FP9R+JWV, Lakarama, Kec. Towea, Kabupaten Muna, Sulawesi Tenggara 93654",,,OK_GEO
ChIJzVrSySelvi0RC_KnpWaTyv0,Kampoeng Wisata Alam Baturapa,Kabupaten Bulukumba,Sulawesi Selatan,Kabupaten Bulukumba,Sulawesi Selatan,,,,,OK_GEO
ChIJJdRccPL5ly0R-EMBrv8aeSA,Swedy Beach Tambea,Kabupaten Kolaka,Sulawesi Tenggara,Kabupaten Kolaka,Sulawesi Tenggara,,"Jl. Moh. Arief Masdar, Kec. Pomalaa, Kabupaten Kolaka, Sulawesi Tenggara 93562",,,OK_GEO
ChIJ1RRUNk6umS0RmfhjEu1dYV8,Pantai Batam Mataiwoi,Kabupaten Konawe Utara,Sulawesi Tenggara,Kabupaten Konawe Utara,Sulawesi Tenggara,,"Mataiwoi, Kec. Molawe, Kabupaten Konawe Utara, Sulawesi Tenggara",,,OK_GEO
ChIJb1g8Yus4vi0RoXBGePLLiDA,Permandian Air Terjun Maremare,Kabupaten Barru,Sulawesi Selatan,Kabupaten Barru,Sulawesi Selatan,,"8MH8+PW5, Pujananting, Kec. Pujananting, Kabupaten Barru, Sulawesi Selatan 90762",,,OK_GEO
ChIJGSvxGN1VhjIRKMtb300RBHY,"Cagar Alam Batu Angus, Bitung",Kota Bitung,Sulawesi Utara,Kota Bitung,Sulawesi Utara,,"G65J+XWQ, Unnamed Road, Kasawari, Aertembaga, Kota Bitung, Sulawesi Utara",,,OK_TEXT
ChIJtxSR5a1JfjIRY2om9QpDdzA,Tambun Maleo Sanctuary,Kabupaten Bolaang Mongondow Selatan,Sulawesi Utara,Kabupaten Bolaang Mongondow,Sulawesi Utara,,"H4Q9+FHC, Unnamed Road, Tim, Pinonobatuan, Kec. Dumoga, Kabupaten Bolaang Mongondow, Sulawesi Utara",,,OK_GEO
ChIJE3I_y829ky0Ra6-8YuZY13A,Sarambu Ratte Balla,Kabupaten Tana Toraja,Sulawesi Selatan,Kabupaten Tana Toraja,Sulawesi Selatan,,"3M5J+WPX, Balla, Kec. Bittuang, Kabupaten Tana Toraja, Sulawesi Selatan 91856",,,OK_TEXT
ChIJt2WanAXnjy0RxnxgQbiRTpE,Puncak Kota Kolonodale,Kabupaten Morowali Utara,Sulawesi Tengah,Kabupaten Morowali Utara,Sulawesi Tengah,,"283J+M3R, Unnamed Road, Kolonodale, Kec. Petasia, Kabupaten Morowali Utara, Sulawesi Tengah 94971",,,OK_GEO
ChIJ5365a_wEly0Rerph8tazS9E,GOA TAPPARANG kolaka Utara,Kabupaten Kolaka Utara,Sulawesi Tenggara,Kabupaten Kolaka Utara,Sulawesi Tenggara,,"Rante Baru, Kecamatan Rante Angin, Kabupaten Kolaka Utara, Sulawesi Tenggara 93956",,,OK_GEO
ChIJg-SWWDH0uy0RbRkdo_HRpD0,Wisata Panaikang Birayya #DarubiahKeren,Kabupaten Bulukumba,Sulawesi Selatan,Kabupaten Bulukumba,Sulawesi Selatan,,"CFH2+GR4, Darubiah, Kec. Bonto Bahari, Kabupaten Bulukumba, Sulawesi Selatan",,,OK_GEO
ChIJS-JujimTmC0RJPhO59b8Wgo,Telaga Biru Bungkutoko,Kota Kendari,Sulawesi Tenggara,Kota Kendari,Sulawesi Tenggara,,"Unnamed Road, 93234",,,OK_GEO
ChIJc3N2989ppC0RxM-iKnUxqQI,Wisata Permandian Air Loka,Kabupaten Buton,Sulawesi Tenggara,Kabupaten Buton,Sulawesi Tenggara,Kabupaten Buton Selatan,"8G9W+6PP, Unnamed Road, Kaimbulawa, Kec. Siompu, Kabupaten Buton, Sulawesi Tenggara",,,TEXT_WIN
ChIJl-6iZYaolC0R99KS81tx30I,Bukit Palipi Sendana Kab. Majene.,Kabupaten Majene,Sulawesi Barat,Kabupaten Majene,Sulawesi Barat,,"MRMX+HF4, Sendana, Kec. Sendana, Kabupaten Majene, Sulawesi Barat 91452",,,OK_TEXT
ChIJ2_4XnlsDvi0RSnnXF3pdMm4,Kawasan Wisata Alam Citta,Kabupaten Soppeng,Sulawesi Selatan,Kabupaten Soppeng,Sulawesi Selatan,,"H28J+8HR, Citta, Kec. Citta, Kabupaten Soppeng, Sulawesi Selatan 90861",,,OK_GEO
ChIJW7vfPJo9fjIRnjaPmGN3N1g,Taman Marlina,Kota Kotamobagu,Sulawesi Utara,Kota Kotamobagu,Sulawesi Utara,,"P7PG+RRW, Mongkonai Bar., Kec. Kotamobagu Bar., Kota Kotamobagu, Sulawesi Utara",,,OK_GEO
ChIJ4RXymWVUoi0Rv2HVy8loB2g,Benteng TIWORO,Kabupaten Muna,Sulawesi Tenggara,Kabupaten Muna,Sulawesi Tenggara,Kabupaten Muna Barat,"6C3J+4Q3, Waumere Tiworo kepulauan, Waumere, Barat, Kabupaten Muna, Sulawesi Tenggara 93653",,,TEXT_WIN
ChIJRabLEreJky0RNgYbA3RUypA,Lembah kendenan,Kabupaten Tana Toraja,Sulawesi Selatan,Kabupaten Tana Toraja,Sulawesi Selatan,,"PMXR+QM9, Ratte Buttu, Kec. Bonggakaradeng, Kabupaten Tana Toraja, Sulawesi Selatan 91872",,,OK_TEXT
ChIJQ5amnx1mkC0RaYetyaNHi1w,Pantai Kupu-kupu,Kabupaten Luwu Timur,Sulawesi Selatan,Kabupaten Luwu Timur,Sulawesi Selatan,,"Magani, Kec. Nuha, Kabupaten Luwu Timur, Sulawesi Selatan 92983",,,OK_GEO
ChIJDQpnjPsLmS0R6HqJtxc37ww,Laguna Mahumalalang,Kabupaten Konawe Utara,Sulawesi Tenggara,Kabupaten Konawe Utara,Sulawesi Tenggara,,"GCCQ+2PC, Kepulauan Labengki, Sulawesi Tenggara 93352",,,OK_GEO
ChIJI3fAQHPHiy0Rbc7Cxgkmntw,Al Azhar Beach Camp,Kabupaten Donggala,Sulawesi Tengah,Kabupaten Donggala,Sulawesi Tengah,,"8RP9+757, Labuan Salumbone, Kec. Labuan, Kabupaten Donggala, Sulawesi Tengah 94353",,,OK_GEO
ChIJO2q4KKXtmC0RcLrpM8ymcIo,Vila Purirano,Kota Kendari,Sulawesi Tenggara,Kota Kendari,Sulawesi Tenggara,,"Jl. Dermaga Cinta, Purirano, Kec. Kendari, Kota Kendari, Sulawesi Tenggara",,,OK_GEO
ChIJScbzSW29lS0RkOluompdxVI,Parepare Kota Cinta Habibie Ainun,Kota Parepare,Sulawesi Selatan,Kota Parepare,Sulawesi Selatan,,"XJ3G+PG2 Ruang Terbuka Hijau, Sumpang Minangae, Bacukiki Barat, Parepare, South Sulawesi 91123",,,OK_GEO
ChIJVVPriPT3vi0RHh8pwejatkY,kawasan wisata Bantimurung,Kabupaten Maros,Sulawesi Selatan,Kabupaten Maros,Sulawesi Selatan,,"Jl. Poros Bantimurung Maros No.100, Alatengae, Kec. Bantimurung, Kabupaten Maros, Sulawesi Selatan 90561",,,OK_GEO
ChIJaW29JmKnfzIRH0bHI0nUPQY,Wisata Mangrove Trans Pato'a,Kabupaten Bolaang Mongondow Selatan,Sulawesi Utara,Kabupaten Bolaang Mongondow Selatan,Sulawesi Utara,,"8VJ5+FVF, Unnamed Road, Duminanga, Kec. Bolaang Uki, Kabupaten Bolaang Mongondow Selatan, Sulawesi Utara",,,OK_GEO
ChIJ7aeATOrifTIRTijLnCxY3To,Wisata Pantai Poigar,Kabupaten Minahasa Selatan,Sulawesi Utara,Kabupaten Minahasa Selatan,Sulawesi Utara,,"Poigar II, Kec. Sinonsayang, Kabupaten Minahasa Selatan, Sulawesi Utara",,,OK_GEO
ChIJC1E7fqT3ly0R_UX2l0A7t9s,Wisata Taman mangrove BUMDesa Totobo,Kabupaten Kolaka,Sulawesi Tenggara,Kabupaten Kolaka,Sulawesi Tenggara,,"Jl. By Pass, desa Totobo, Kec. Kolaka, Kabupaten Kolaka, Sulawesi Tenggara 93562",,,OK_GEO
ChIJj3QlkrHJoy0RQ2wURXRODe8,Danau Motonuno,Kabupaten Muna,Sulawesi Tenggara,Kabupaten Muna,Sulawesi Tenggara,,"3QF2+R4F, Lakarinta, Kec. Lohia, Kabupaten Muna, Sulawesi Tenggara 93658",,,OK_GEO
ChIJ97quc2SPfjIRJoSE3-pjmbw,Pantai BatuMeja Sangkub (TableStone Beach),Kabupaten Bolaang Mongondow Utara,Sulawesi Utara,Kabupaten Bolaang Mongondow Utara,Sulawesi Utara,,"Sampiro, Kec. Sangkub, Kabupaten Bolaang Mongondow Utara, Sulawesi Utara",,,OK_GEO
ChIJEUuiAhk7hzIRA41_P1J2ARw,Pantai Parentek,Kabupaten Minahasa,Sulawesi Utara,Kabupaten Minahasa,Sulawesi Utara,,"Panterek, Kec. Lembean Tim., Kabupaten Minahasa, Sulawesi Utara",,,OK_TEXT
ChIJqR-0Z0GYvi0RRwz5iA7sZTo,Air Terjun Pincuni,Kabupaten Sinjai,Sulawesi Selatan,Kabupaten Sinjai,Sulawesi Selatan,,"Balakia, Kec. Sinjai Bar., Kabupaten Sinjai, Sulawesi Selatan 92653",,,OK_GEO
ChIJW4XgBa29iy0R6KL_Xls9BQ8,Puncak Donggala,Kabupaten Donggala,Sulawesi Tengah,Kabupaten Donggala,Sulawesi Tengah,,"Jl. Poros Majene - Mamuju, Tosale, Kec. Banawa Tengah, Kabupaten Donggala, Sulawesi Tengah 94351",,,OK_GEO
ChIJoflV-Rhzky0RG2H-Va5fIn4,Negeri Diatas Awan Buntu Liarra,Kabupaten Mamasa,Sulawesi Barat,Kabupaten Mamasa,Sulawesi Barat,,"X7WP+VQ7, Parondobulawan, Kec. Tanduk Kalua, Kabupaten Mamasa, Sulawesi Barat 91366",,,OK_GEO
ChIJy2sQSsxLvi0REdY4X15IslM,Tanarajae,Kabupaten Pangkajene Dan Kepulauan,Sulawesi Selatan,Kabupaten Pangkajene Dan Kepulauan,Sulawesi Selatan,,"7F6W+P9W, Bonto Manai, Kec. Labakkang, Kabupaten Pangkajene Dan Kepulauan, Sulawesi Selatan 90653",,,OK_GEO
ChIJEf-cYWkxfzIRJXRhV4jw8Pg,Wisata Pesona Tanjung Tihu,Kabupaten Bone Bolango,Gorontalo,Kabupaten Bone Bolango,Gorontalo,,"Jl. Trans Sulawesi, Tihu, Kec. Bonepantai, Kabupaten Bone Bolango, Gorontalo 96585",,,OK_GEO
ChIJETzVmh5olC0RmwGWHDVizto,Air Terjun Latta Pitu,Kabupaten Pinrang,Sulawesi Selatan,Kabupaten Pinrang,Sulawesi Selatan,,"FJ7C+FH5, Rajang, Kec. Lembang, Kabupaten Pinrang, Sulawesi Selatan 91254",,,OK_GEO
ChIJuUDCwv3tiy0RkodntVNKUj8,pantai talise,Kota Palu,Sulawesi Tengah,Kota Palu,Sulawesi Tengah,,"4VVH+VG6, Talise, Kec. Mantikulore, Kota Palu, Sulawesi Tengah",,,OK_TEXT
ChIJw2L2Nce_vi0RuWczLL8bL2Y,Air Terjun Pelangi Jonjo Parigi,Kabupaten Gowa,Sulawesi Selatan,Kabupaten Gowa,Sulawesi Selatan,,"PQ59+X5H, Jonjo, Kec. Parigi, Kabupaten Gowa, Sulawesi Selatan 92174",,,OK_GEO
ChIJLyalszOZhzIRts-g42hAW_M,Pantai batu meja tongkaina,Kota Manado,Sulawesi Utara,Kota Manado,Sulawesi Utara,,"Tongkeina, Kec. Bunaken, Kota Manado, Sulawesi Utara",,,OK_GEO
ChIJ00AU3AD_vi0R7SRoTT7o4XI,Spot Foto Pantai Kuri,Kabupaten Maros,Sulawesi Selatan,Kabupaten Maros,Sulawesi Selatan,,"Nisombalia, Kec. Marusu, Kabupaten Maros, Sulawesi Selatan",,,OK_GEO
ChIJKwJ-o3E_lC0RUtcwxvHVDJY,Air Terjun Kajejen,Kabupaten Enrekang,Sulawesi Selatan,Kabupaten Enrekang,Sulawesi Selatan,,"CRG3+2P8, Lewaja, Kec. Enrekang, Kabupaten Enrekang, Sulawesi Selatan 91712",,,OK_GEO
ChIJs31VOb9bkC0RK4D1GilTlDM,PERMANDIAN ALAM TOMPOTIKKA SALO MANGORRO,Kabupaten Luwu Timur,Sulawesi Selatan,Kabupaten Luwu Timur,Sulawesi Selatan,,"Unnamed Road, Ussu, Kec. Malili, Kabupaten Luwu Timur, Sulawesi Selatan 92937",,,OK_GEO
ChIJEdCu7uMDeTIRVBe4o__-CHE,Dermaga Dulupi,Kabupaten Boalemo,Gorontalo,Kabupaten Boalemo,Gorontalo,,"Dulupi, Kec. Dulupi, Kabupaten Boalemo, Gorontalo 96263",,,OK_GEO
ChIJKTk954D2lS0RTucANQffYIs,Panker ( Pantai Kering ),Kabupaten Soppeng,Sulawesi Selatan,Kabupaten Soppeng,Sulawesi Selatan,,"JVXP+77X, Botto, Kec. Lalabata, Kabupaten Soppeng, Sulawesi Selatan 90811",,,OK_GEO
ChIJaf14kNGvcDIRqy_RVXSMrnU,Pantai Buol,Kabupaten Buol,Sulawesi Tengah,Kabupaten Buol,Sulawesi Tengah,,"Jl. trans Sulawesi, Bugis, Biau, Buol Regency, Central Sulawesi 94565",,,OK_TEXT
ChIJybDbvKSxvi0ROGgABXUueJY,Lannying 3,Kabupaten Bantaeng,Sulawesi Selatan,Kabupaten Bantaeng,Sulawesi Selatan,,"Unnamed Road, Bonto Lojong, Kec. Uluere, Kabupaten Bantaeng, Sulawesi Selatan 92451",,,OK_GEO
ChIJzYc_vm2fhzIRRw6wCQC3WEk,Pantai Molas,Kota Manado,Sulawesi Utara,Kota Manado,Sulawesi Utara,,"GRPJ+9V3, Molas, Kec. Bunaken, Kota Manado, Sulawesi Utara",,,OK_GEO
ChIJHdJ1XAAFvy0RswLN_-tUvcI,Pulau Kodingareng Keke,Kota Makassar,Sulawesi Selatan,Kota Makassar,Sulawesi Selatan,,"V7VQ+WHH Gusung, P. Kondingareng, Kec. Ujung Tanah, Kota Makassar, Sulawesi Selatan",,,OK_GEO
ChIJ-ai8kPRPvi0RCSwiffZMM3M,Leang Surukang,Kabupaten Pangkajene Dan Kepulauan,Sulawesi Selatan,Kabupaten Pangkajene Dan Kepulauan,Sulawesi Selatan,,"Kalabbirang, Minasatene, Kalabbirang, Kec. Minasatene, Pangkajene, Sulawesi Selatan 90614",,,OK_GEO
ChIJe3OKDqqegDIRcrIUfMOgfFw,Pantai Woka,Kabupaten Bolaang Mongondow Timur,Sulawesi Utara,Kabupaten Bolaang Mongondow Timur,Sulawesi Utara,,"Dodap Pantai, Kec. Tutuyan, Kabupaten Bolaang Mongondow Timur, Sulawesi Utara",,,OK_GEO
ChIJ05nsPQDrdTIRx_5HvIvdECY,Anjungan Danau Talaga,Kabupaten Donggala,Sulawesi Tengah,Kabupaten Donggala,Sulawesi Tengah,,"Talaga, Kec. Damsol, Kabupaten Donggala, Sulawesi Tengah 94356",,,OK_GEO
ChIJLUN9GuhXvi0RgoKD2G9q7dY,Wisata Kuliner Lambe-Lambe Maros,Kabupaten Maros,Sulawesi Selatan,Kabupaten Maros,Sulawesi Selatan,,"Batunapara, Baruga, Kec. Bantimurung, Kabupaten Maros, Sulawesi Selatan 90561",,,OK_GEO
ChIJT0XKdQfJuy0RN9c_esODYRg,Halona waterboom,Kabupaten Kepulauan Selayar,Sulawesi Selatan,Kabupaten Kepulauan Selayar,Sulawesi Selatan,,"XF72+23, Barugaiya, Kec. Bontomanai, Kab. Kepulauan Selayar, Sulawesi Selatan 92851",,,OK_GEO
ChIJU5p9Zej7kC0RRk8mgjQ-ueI,Pantai Bunaken Luwu Timur (YOSUA),Kabupaten Luwu Timur,Sulawesi Selatan,Kabupaten Luwu Timur,Sulawesi Selatan,Kabupaten Kolaka Utara,"63X7+8WR, Jl. Poros Malili - Batuputih, Harapan, Kec. Malili, Kabupaten Luwu Timur, Sulawesi Selatan 92981",,,TEXT_WIN
ChIJ45SGPfeDlC0RI07n4HpQEm8,Objek wisata hutan pinus,Kabupaten Polewali Mandar,Sulawesi Barat,Kabupaten Polewali Mandar,Sulawesi Barat,,"P64X+F86, Riso, Kec. Tapango, Kabupaten Polewali Mandar, Sulawesi Barat 91352",,,OK_GEO
ChIJ0xmUQQTxiy0RNVBULP7qAXE,Kharisma Agrowisata,Kabupaten Sigi,Sulawesi Tengah,Kabupaten Sigi,Sulawesi Tengah,,"2WFC+7F3, Jl. Liweinda, Jono Oge, Kec. Sigi Biromaru, Kabupaten Sigi, Sulawesi Tengah 94231",,,OK_TEXT
ChIJQR-Wlm-Joi0RjXYqjASrh8M,Pantai Pasir Putih,Kabupaten Konawe Selatan,Sulawesi Tenggara,Kabupaten Konawe Selatan,Sulawesi Tenggara,,"Watu Melewe, Kec. Tinanggea, Kabupaten Konawe Selatan, Sulawesi Tenggara",,,OK_GEO
ChIJmfZZ0rjqgy0RQmQOWrKEWnk,Ekowisata Mangrove Tatakalai,Kabupaten Banggai Kepulauan,Sulawesi Tengah,Kabupaten Banggai Kepulauan,Sulawesi Tengah,,"PCV9+277, Tatakalai, Kec. Tinangkung Utara, Kabupaten Banggai Kepulauan, Sulawesi Tengah 94885",,,OK_TEXT
ChIJsXAtDDb4ly0RwgFRqYurU8U,Pantai Harapan Pomalaa,Kabupaten Kolaka,Sulawesi Tenggara,Kabupaten Kolaka,Sulawesi Tenggara,,"Pantai Harapan, Kec. Pomalaa, Kabupaten Kolaka, Sulawesi Tenggara 93562",,,OK_GEO
ChIJ0zxOlfzpky0Rgf_v7TDtMDE,Kampong Batulelleng,Kabupaten Toraja Utara,Sulawesi Selatan,Kabupaten Toraja Utara,Sulawesi Selatan,,"Kampong Batulelleng, Rantepao, Kec. Rantepao, Kabupaten Toraja Utara, Sulawesi Selatan 91833",,,OK_GEO
ChIJo8oxdADtiy0R5V3b8vElIFE,Jembatan Kuning Palu,Kota Palu,Sulawesi Tengah,Kota Palu,Sulawesi Tengah,,"Jl. Rajamoili No.184, Lere, Kec. Palu Bar., Kota Palu, Sulawesi Tengah 94111",,,OK_GEO
ChIJe3Nnj_7jvS0R0dulDn2SNRs,Sungai Lajjoro,Kabupaten Bone,Sulawesi Selatan,Kabupaten Bone,Sulawesi Selatan,,"F64G+3J4, Jl. Cinaga, Lemoape, Kec. Palakka, Kabupaten Bone, Sulawesi Selatan 92761",,,OK_GEO
ChIJix2XL643lC0R-u__0kkEneA,Laburang Gallang,Kabupaten Enrekang,Sulawesi Selatan,Kabupaten Enrekang,Sulawesi Selatan,,"7RWF+FPR, Batu Mila, Kec. Maiwa, Kabupaten Enrekang, Sulawesi Selatan 91761",,,OK_TEXT
ChIJYQWN_RB1hzIRekNm68J21Lw,Pantai Kawasan Mega Mas,Kota Manado,Sulawesi Utara,Kota Manado,Sulawesi Utara,,"Mega Mas, Kota Manado, Sulawesi Utara",,,OK_GEO
ChIJPQLeM4HEvi0R6SNn5pY_bVg,Air Terjun Barassang,Kabupaten Gowa,Sulawesi Selatan,Kabupaten Gowa,Sulawesi Selatan,,"JJVW+8CJ, Bissoloro, Kec. Bungaya, Kabupaten Gowa, Sulawesi Selatan 92176",,,OK_GEO
ChIJSaSQXgCZhzIRcAeRUnXc6-8,Mangrove Park Desa Wori,Kabupaten Minahasa Utara,Sulawesi Utara,Kabupaten Minahasa Utara,Sulawesi Utara,,"JV26+7M2, Wori, Kabupaten Minahasa Utara, Sulawesi Utara",,,OK_GEO
ChIJyQDBTZ1Jmi0R4vezlVsGlqU,Koloolaro,Kabupaten Morowali,Sulawesi Tengah,Kabupaten Morowali,Sulawesi Tengah,,"465J+QM, Puungkeu, Kabupaten Morowali, Sulawesi Tengah 94974",,,OK_TEXT
ChIJ94EpVXSYvi0Rf7ykj97pzas,Air Terjun Salu Birayya Barania,Kabupaten Sinjai,Sulawesi Selatan,Kabupaten Sinjai,Sulawesi Selatan,,"P2R2+X3H, Bar., Barania, Kec. Sinjai Bar., Kabupaten Sinjai, Sulawesi Selatan 92653",,,OK_GEO
ChIJN5ww_m31mi0R26M9_Daxje4,Pantai puluty,Kabupaten Morowali,Sulawesi Tengah,Kabupaten Morowali,Sulawesi Tengah,,"Lahuafu, Kec. Bungku Tengah, Kabupaten Morowali, Sulawesi Tengah 94973",,,OK_GEO
ChIJiSWUsXONmC0RF3WVlM0mj2A,Batu Batu,Kota Kendari,Sulawesi Tenggara,Kota Kendari,Sulawesi Tenggara,,"2G5M+RWW, Anduonohu, Kec. Poasia, Kota Kendari, Sulawesi Tenggara 93231",,,OK_GEO
ChIJmxGgJgCVlC0R5DH3tuvlpM0,Pantai Babatoa Lapeo,Kabupaten Polewali Mandar,Sulawesi Barat,Kabupaten Polewali Mandar,Sulawesi Barat,,"G44M+5J9, Pantai Babatoa, Kec. Campalagian, Kabupaten Polewali Mandar, Sulawesi Barat",,,OK_GEO
ChIJAbO4W2-Fli0R00yPEp7mSXo,Wisata Alam Sulapa Angin Punjabu,Kabupaten Sidenreng Rappang,Sulawesi Selatan,Kabupaten Sidenreng Rappang,Sulawesi Selatan,,"878Q+9G3, Buntu Buanging, Kec. Pitu Riase, Kabupaten Sidenreng Rappang, Sulawesi Selatan 91691",,,OK_TEXT
ChIJ4ywYHtmbfjIR-pBjElyizxQ,Wisata Bintauna Beach,Kabupaten Bolaang Mongondow Utara,Sulawesi Utara,Kabupaten Bolaang Mongondow Utara,Sulawesi Utara,,"VHXG+872, Minanga, Kec. Bintauna, Kabupaten Bolaang Mongondow Utara, Sulawesi Utara",,,OK_GEO
ChIJN0kiO-09mC0RItqtRXj32UU,PUNCAK OSTAR,Kabupaten Kolaka Timur,Sulawesi Tenggara,Kabupaten Kolaka Timur,Sulawesi Tenggara,,"Simbune, Kec. Tirawuta, Kabupaten Kolaka Timur, Sulawesi Tenggara 93572",,,OK_GEO
ChIJ_S9wNjiPlC0R_O7Ngl1Mbsk,Pantai Cendrawasih Polewali,Kabupaten Polewali Mandar,Sulawesi Barat,Kabupaten Polewali Mandar,Sulawesi Barat,,"H8F6+5R4, Takatidung, Kec. Polewali, Kabupaten Polewali Mandar, Sulawesi Barat",,,OK_GEO
ChIJD9eImtDTvi0RJ6-Dm5hpd2A,Bukit Bulu Jaya,Kabupaten Jeneponto,Sulawesi Selatan,Kabupaten Jeneponto,Sulawesi Selatan,,"FGQW+5F9, Bulujaya, Kec. Bangkala Bar., Kabupaten Jeneponto, Sulawesi Selatan 92352",,,OK_GEO
ChIJM4WTpQQblC0R_0SqPU2POJc,CAMPING WISATA KARANGAN,Kabupaten Enrekang,Sulawesi Selatan,Kabupaten Enrekang,Sulawesi Selatan,,"HXFJ+7C, Latimojong, Kec. Buntu Batu, Kabupaten Enrekang, Sulawesi Selatan 91753",,,OK_GEO
ChIJLULALa7ziy0RvYhIBcAdU3E,Wisata Tangga Seribu,Kabupaten Sigi,Sulawesi Tengah,Kabupaten Sigi,Sulawesi Tengah,,"3R2H+XMM, Jl. Tonomoro, Balane, Kec. Kinovaro, Kabupaten Sigi, Sulawesi Tengah",,,OK_TEXT
ChIJB0IvmtBRiS0R_SNsTa065X0,Pantai Arjuna,Kabupaten Parigi Moutong,Sulawesi Tengah,Kabupaten Parigi Moutong,Sulawesi Tengah,,"Tolai Bar., Kec. Torue, Kabupaten Parigi Moutong, Sulawesi Tengah",,,OK_GEO
ChIJ79mc_twJhS0R-eo4uBraFIA,Wisata sawit ceria,Kabupaten Banggai,Sulawesi Tengah,Kabupaten Banggai,Sulawesi Tengah,,"C5W8+6P4, Unnamed Road, Pasir Lamba, Kec. Toili Bar., Kabupaten Banggai, Sulawesi Tengah 94765",,,OK_TEXT
ChIJu_mKIG_lvS0Rut4oMPHoNDA,Museum - Palais Saoraja,Kabupaten Bone,Sulawesi Selatan,Kabupaten Bone,Sulawesi Selatan,,"Manurunge, Kec. Tanete Riattang, Kabupaten Bone, Sulawesi Selatan 92712",,,OK_GEO
ChIJ_____7-Wky0RYz_rF34VYQ4,Air Terjun Sarambu,Kabupaten Tana Toraja,Sulawesi Selatan,Kabupaten Tana Toraja,Sulawesi Selatan,,"XMGF+46H, Kandua, Kec. Bittuang, Kabupaten Tana Toraja, Sulawesi Selatan 91856",,,OK_TEXT
ChIJTfyscuBUeDIRJrcRVThTYA8,Pantai Potanga,Kabupaten Boalemo,Gorontalo,Kabupaten Boalemo,Gorontalo,,"Unnamed Road, Potanga, Kec. Botumoito, Kabupaten Boalemo, Gorontalo 96263",,,OK_GEO
ChIJ_-hufs3Lvi0R9UmvRAD1MC0,Wisata Ere Bambang Pencong,Kabupaten Gowa,Sulawesi Selatan,Kabupaten Gowa,Sulawesi Selatan,,"FPWR+42J, Pencong, Kec. Biringbulu, Kabupaten Gowa, Sulawesi Selatan 90244",,,OK_GEO
ChIJ_____xvlky0RhyIcNFts0FY,Bukit pasir,Kabupaten Toraja Utara,Sulawesi Selatan,Kabupaten Toraja Utara,Sulawesi Selatan,,"W2J9+HFH, Rantebua Sumalu, Kec. Rantebua, Kabupaten Toraja Utara, Sulawesi Selatan 91853",,,OK_GEO
ChIJ-40ez-Pvji0RdiArQJwr0PY,Pantai Popakuni,Kabupaten Poso,Sulawesi Tengah,Kabupaten Poso,Sulawesi Tengah,,"HMMH+H6W, Jl. Baso Ali, Mapane, Kec. Poso Pesisir, Kabupaten Poso, Sulawesi Tengah",,,OK_TEXT
ChIJ6UFBATetvi0RRjD0BJHU_4M,Permandian Batu Doli,Kabupaten Bantaeng,Sulawesi Selatan,Kabupaten Bantaeng,Sulawesi Selatan,,"G223+GCH, Jembatan, Barua, Kec. Eremerasa, Kabupaten Bantaeng, Sulawesi Selatan 92415",,,OK_GEO
ChIJc4mVoD-sjy0RjZ5rIRFEg-s,Pegunungan Pompangeo,Kabupaten Morowali Utara,Sulawesi Tengah,Kabupaten Morowali Utara,Sulawesi Tengah,,"Era, Kec. Mori Utara, Kabupaten Morowali Utara, Sulawesi Tengah",,,OK_GEO
ChIJM5mRRV3Tvi0Rl9EapTmGm54,Rest Area Jeneponto,Kabupaten Jeneponto,Sulawesi Selatan,Kabupaten Jeneponto,Sulawesi Selatan,,"CGJX+8F6, Benteng, Bangkala, Kabupaten Jeneponto, Sulawesi Selatan 92352",,,OK_GEO
ChIJW27W8sGZvi0RxXY4flc-kCI,Wisata Alam Hiru'ta Park,Kabupaten Sinjai,Sulawesi Selatan,Kabupaten Sinjai,Sulawesi Selatan,Kabupaten Gowa,"Tassililu, Kec. Sinjai Bar., Kabupaten Sinjai, Sulawesi Selatan 92171",,,TEXT_WIN
ChIJL2OuaABPhzIR0swze95uF0c,CAMPING GROUND SELET,Kabupaten Minahasa Tenggara,Sulawesi Utara,Kabupaten Minahasa Tenggara,Sulawesi Utara,,"Ranomea, Kec. Silian Raya, Kabupaten Minahasa Tenggara, Sulawesi Utara",,,OK_GEO
ChIJT-mjy8GxfzIRXdJ17wajiAQ,Alun Alun Molibagu,Kabupaten Bolaang Mongondow Selatan,Sulawesi Utara,Kabupaten Bolaang Mongondow Selatan,Sulawesi Utara,,"9XMM+2JP, Popodu, Kec. Bolaang Uki, Kabupaten Bolaang Mongondow Selatan, Sulawesi Utara",,,OK_GEO
ChIJjaszns8J8TIRRlT6wIc_xvk,Menara Mercusuar Pulau Miangas Indonesia,Kabupaten Kepulauan Talaud,Sulawesi Utara,Kabupaten Kepulauan Talaud,Sulawesi Utara,,"HH5Q+765, Miangas, Kabupaten Kepulauan Talaud, Sulawesi Utara",,,OK_TEXT
ChIJ43dY9QZfkS0R4nF57YazidQ,Istana Kedatuan Luwu Palopo,Kota Palopo,Sulawesi Selatan,Kota Palopo,Sulawesi Selatan,,"254W+6CR, Amasangan, Kec. Wara, Kota Palopo, Sulawesi Selatan 91911",,,OK_GEO
ChIJkVYVDYlJmi0R90Yypysu6P4,Air Terjun Bahomumpa,Kabupaten Morowali,Sulawesi Tengah,Kabupaten Morowali,Sulawesi Tengah,,"4774+298, Puungkeu, Kec. Bungku Pesisir, Kabupaten Morowali, Sulawesi Tengah 94974",,,OK_TEXT
ChIJy553k5MUlC0RIQrdPRsemTQ,"Leon, Kabupaten Enrekang",Kabupaten Enrekang,Sulawesi Selatan,Kabupaten Enrekang,Sulawesi Selatan,,"GRF9+MHJ, Unnamed Road, Rosoan, Kec. Enrekang, Kabupaten Enrekang, Sulawesi Selatan 91752",,,OK_GEO
ChIJVRYlpLyqeTIRj_G_dm52ihY,Lapangan Mekar Modelomo,Kabupaten Boalemo,Gorontalo,Kabupaten Boalemo,Gorontalo,,"G8CV+5GG, Modelomo, Kec. Tilamuta, Kabupaten Boalemo, Gorontalo 96263",,,OK_GEO
ChIJd5AyKPvmlS0RniPtKhGJTr4,Taman Lasangkuru,Kabupaten Wajo,Sulawesi Selatan,Kabupaten Wajo,Sulawesi Selatan,,"V26J+RG3, Paddupa, Kec. Tempe, Kabupaten Wajo, Sulawesi Selatan 90914",,,OK_GEO
ChIJYZDqtDVZkS0RtwkANSDfxmM,Pantai Songka,Kota Palopo,Sulawesi Selatan,Kota Palopo,Sulawesi Selatan,,"Takkalala, Kec. Wara Sel., Kota Palopo, Sulawesi Selatan 91921",,,OK_GEO
ChIJdzbXDQB1hzIRzIqYtm1aFuE,SUN BAE MANADO,Kota Manado,Sulawesi Utara,Kota Manado,Sulawesi Utara,,"FRJM+W5H, Jl. Laksda John Lie, Sulawesi Utara",,,OK_GEO
ChIJry4aJaMdvy0Rm1vkJd5Ourk,Pantai Batu Besar Losari,Kota Makassar,Sulawesi Selatan,Kota Makassar,Sulawesi Selatan,,"V92V+WW, Maccini Sombala, Kota Makassar, Sulawesi Selatan",,,OK_GEO
ChIJYf_uQIPziy0RbgYo1kdPp9E,Kastanye Riverside,Kabupaten Sigi,Sulawesi Tengah,Kabupaten Sigi,Sulawesi Tengah,,"2VJG+WH2, Kabobona, Kec. Sigi Biromaru, Kabupaten Sigi, Sulawesi Tengah 94238",,,OK_TEXT
ChIJ767eGnQdvy0RmGexOmZiOHc,Danau Panjang Tanjung Bunga,Kota Makassar,Sulawesi Selatan,Kota Makassar,Sulawesi Selatan,,"Jl. Danau Tj. Bunga No.88, Maccini Sombala, Kec. Tamalate, Kota Makassar, Sulawesi Selatan 90224",,,OK_GEO
ChIJq6qqqjo9fjIR1SptlsObMYM,Puncak Ilongkow,Kota Kotamobagu,Sulawesi Utara,Kota Kotamobagu,Sulawesi Utara,,"P8RF+PV4, Matali, Kec. Kotamobagu Tim., Kota Kotamobagu, Sulawesi Utara",,,OK_GEO
ChIJ4UCnKVdRmC0RrYsiXCu3CGY,Puncak Meluhu,Kabupaten Konawe,Sulawesi Tenggara,Kabupaten Konawe,Sulawesi Tenggara,,"6643+P5P, Jl. Poros Wawotobi - Lasolo, Meluhu, Kec. Meluhu, Kabupaten Konawe, Sulawesi Tenggara 93461",,,OK_GEO
ChIJvzX5AAAZvC0R2BpsiosBFYs,Pantai Abadi,Kabupaten Sinjai,Sulawesi Selatan,Kabupaten Sinjai,Sulawesi Selatan,,"Jl. Poros Sinjai-Kajang No.1, Pattongko, Kec. Tellu Limpoe, Kabupaten Sinjai, Sulawesi Selatan 91671",,,OK_GEO
ChIJ04z99pPtmC0R5o1_KuJNbyM,Air Terjun Lasolo,Kota Kendari,Sulawesi Tenggara,Kota Kendari,Sulawesi Tenggara,,"2HQF+5R5, Unnamed Road, Sanua, Kendari Barat, Kendari City, South East Sulawesi 93123",,,OK_GEO
ChIJN0RZNpAjvC0RdpQbYVtaHEo,Pantai Pasi Marannu,Kabupaten Sinjai,Sulawesi Selatan,Kabupaten Sinjai,Sulawesi Selatan,,"R79M+895, Pasimarannu, Kec. Sinjai Tim., Kabupaten Sinjai, Sulawesi Selatan 92671",,,OK_GEO
ChIJwVyFRQAjvC0RaMUepQco9Oo,Bukit Vandiam,Kabupaten Sinjai,Sulawesi Selatan,Kabupaten Sinjai,Sulawesi Selatan,,"Q7QR+V85, Sanjai, Kec. Sinjai Tim., Kabupaten Sinjai, Sulawesi Selatan",,,OK_GEO
ChIJc86_5V5SeDIRCK6dCtlOLHk,Pantai Boalemo,Kabupaten Boalemo,Gorontalo,Kabupaten Boalemo,Gorontalo,,"Unnamed Road, Tapadaa, Kec. Botumoito, Kabupaten Boalemo, Gorontalo 96264",,,OK_GEO
ChIJ9x-81aLnlS0RutDielpn67U,Sallo Waterpark,Kabupaten Wajo,Sulawesi Selatan,Kabupaten Wajo,Sulawesi Selatan,,"Jl. Bau Baharuddin No.25, Tempe, Kec. Tempe, Kabupaten Wajo, Sulawesi Selatan 90911",,,OK_GEO
ChIJ0-gOE_6llS0RU-d-iJV7RJE,Rumah Penyu Lowita,Kabupaten Pinrang,Sulawesi Selatan,Kabupaten Pinrang,Sulawesi Selatan,,"2H7H+VJ, Wiringtasi, Kec. Suppa, Kabupaten Pinrang, Sulawesi Selatan 91272",,,OK_GEO
ChIJlVzdJxqZizIRb5Zw2rV0brQ,"Air Terjun Kadadima, Laine",Kabupaten Kepulauan Sangihe,Sulawesi Utara,Kabupaten Kepulauan Sangihe,Sulawesi Utara,,"CJW2+P2C, Laine, Manganitu Sel., Kabupaten Kepulauan Sangihe, Sulawesi Utara",,,OK_TEXT
ChIJ_WKT7t4ffjIRiNGsANvmKCo,Wisata Modoinding,Kabupaten Minahasa Selatan,Sulawesi Utara,Kabupaten Minahasa Selatan,Sulawesi Utara,,"RF23+Q6H, Pinasungkulan, Kec. Modoinding, Kabupaten Minahasa Selatan, Sulawesi Utara",,,OK_GEO
ChIJERPZ8Gi9mi0RYuGHfDsD0Jk,Kampoeng Koi,Kabupaten Morowali,Sulawesi Tengah,Kabupaten Morowali,Sulawesi Tengah,,"JRRG+P44, Wosu, Kec. Bungku Bar., Kabupaten Morowali, Sulawesi Tengah 94976",,,OK_GEO
ChIJryM61nMtfzIRf1qon3Cu8rk,Pantai Oluhuta,Kabupaten Bone Bolango,Gorontalo,Kabupaten Bone Bolango,Gorontalo,,"Oluhuta, Kec. Kabila Bone, Kabupaten Bone Bolango, Gorontalo",,,OK_GEO
ChIJrbmd6zijvi0R_G1KURspUAs,taman pattiro tiroang,Kabupaten Sinjai,Sulawesi Selatan,Kabupaten Sinjai,Sulawesi Selatan,,"M2J6+CPM, Unnamed Road, Bonto Tengnga, Kec. Sinjai Borong, Kabupaten Sinjai, Sulawesi Selatan 92662",,,OK_GEO
ChIJo4YAWCaGlS0RngjRlgdlwYM,Pulau Pannikiang 1,Kabupaten Barru,Sulawesi Selatan,Kabupaten Barru,Sulawesi Selatan,,"JHWX+4X3 Pulau Pannikiang, Madello, Kec. Barru, Kabupaten Barru, Sulawesi Selatan 90762",,,OK_GEO
ChIJqxH3Ikewvi0RyFFPq92VQHs,Agrowisata Ulu Ere Bantaeng,Kabupaten Bantaeng,Sulawesi Selatan,Kabupaten Bantaeng,Sulawesi Selatan,,"HW8X+8CP, Bonto Lojong, Uluere, Bonto Lojong, Kec. Bantaeng, Kabupaten Bantaeng, Sulawesi Selatan 92451",,,OK_GEO
ChIJQ57l7jgBhzIRFa-3xXPNZ2M,BLESSING HILL KOTA BITUNG,Kota Bitung,Sulawesi Utara,Kota Bitung,Sulawesi Utara,,"Madidir Unet, Kec. Madidir, Kota Bitung, Sulawesi Utara",,,OK_GEO
ChIJ1zK4TBA0hzIRoeqAb09DP5c,Pantai Waleinsorit,Kabupaten Minahasa,Sulawesi Utara,Kabupaten Minahasa,Sulawesi Utara,,"Temboan, Kec. Langowan Sel., Kabupaten Minahasa, Sulawesi Utara",,,OK_TEXT
ChIJZ2yjGqw3vS0RUgBPweG254E,DANAU LAPONU-PONU,Kabupaten Bombana,Sulawesi Tenggara,Kabupaten Bombana,Sulawesi Tenggara,,"8FPH+67H, Jl. Poros, Ranokomea, Kec. Poleang Bar., Kabupaten Bombana, Sulawesi Tenggara 93772",,,OK_GEO
ChIJad_vtMwbpy0RxB5QETkn-Xk,Desa Wisata Kahianga (Dewi Kahyangan),Kabupaten Wakatobi,Sulawesi Tenggara,Kabupaten Wakatobi,Sulawesi Tenggara,,"Kahiyanga, Kec. Tomia Tim., Kabupaten Wakatobi, Sulawesi Tenggara 93797",,,OK_GEO
ChIJs_WIwpm7lC0RURNPB5dlZxc,Buttu Sigitung,Kabupaten Majene,Sulawesi Barat,Kabupaten Majene,Sulawesi Barat,,"Betteng, Kec. Pamboang, Kabupaten Majene, Sulawesi Barat",,,OK_TEXT
ChIJ4eyZ_DM3uS0RShqPwaZ6K5w,Hutan Mangrove Monro-Monro,Kabupaten Jeneponto,Sulawesi Selatan,Kabupaten Jeneponto,Sulawesi Selatan,,"Jl. Tarusang Selatan, Monro-Monro, Kec. Binamu, Kabupaten Jeneponto, Sulawesi Selatan 92316",,,OK_GEO
ChIJndtkYVP1ly0RTbFLr2bDExU,Djoeang coffee kolaka,Kabupaten Kolaka,Sulawesi Tenggara,Kabupaten Kolaka,Sulawesi Tenggara,,"WJP5+WPC, Jl. Kakatua, Laloeha, Kec. Kolaka, Kabupaten Kolaka, Sulawesi Tenggara 93561",,,OK_GEO
ChIJFV1ERCObvi0RQzFRlbtCWRA,Air terjun Laliako,Kabupaten Sinjai,Sulawesi Selatan,Kabupaten Sinjai,Sulawesi Selatan,Kabupaten Bone,"V3C2+QVG, Terasa, Kec. Sinjai Bar., Kabupaten Sinjai, Sulawesi Selatan 92768",,,TEXT_WIN
ChIJ0QippWg_pC0RgMx0pds8Lns,Pantai bahari Buton selatan,Kabupaten Buton,Sulawesi Tenggara,Kabupaten Buton,Sulawesi Tenggara,Kabupaten Buton Selatan,"8P7C+CCV, Dekat, Bahari, Kec. Sampolawa, Kabupaten Buton, Sulawesi Tenggara 93753",,,TEXT_WIN
ChIJm-5I_zeGjC0RXpkjXsUMFHM,Wisata Vovasanggayu,Kabupaten Pasangkayu,Sulawesi Barat,Kabupaten Pasangkayu,Sulawesi Barat,,"R9G5+8X8, Jl. Moh. Hatta, Pasangkayu, Kec. Pasangkayu, Kab. Pasangkayu, Sulawesi Barat 91574",,,OK_GEO
ChIJG6-cOOGNmi0RCpHpNFR7ciI,Pantai siw’one,Kabupaten Morowali,Sulawesi Tengah,Kabupaten Morowali,Sulawesi Tengah,,"pantai siuone (Depan RuJab WaBub, Bahoruru, Kec. Bungku Tengah, Kabupaten Morowali, Sulawesi Tengah 49473",,,OK_GEO
ChIJHThSwmsMpC0REnjMG10n_1M,Bukit Teletubies Buton,Kabupaten Buton,Sulawesi Tenggara,Kabupaten Buton,Sulawesi Tenggara,,"GQ9J+QFJ, Waangu-Angu, Kec. Ps. Wajo, Kabupaten Buton, Sulawesi Tenggara 93757",,,OK_GEO
ChIJ1Tnne4wfvy0Rd1-mmgJaADs,Pantai Sampulungan,Kabupaten Takalar,Sulawesi Selatan,Kabupaten Takalar,Sulawesi Selatan,,"Q93H+6X2, Dusun Sampulungan, Desa Sampulungan, Tamalate, Kec. Galesong Utara, Kabupaten Takalar, Sulawesi Selatan 92255",,,OK_GEO
ChIJ9Xd5T-AXfjIRGZq_KWGmSj0,Puncak Passi,Kota Kotamobagu,Sulawesi Utara,Kota Kotamobagu,Sulawesi Utara,,"Q822+4QW, Gogagoman, Kec. Kotamobagu Bar., Kota Kotamobagu, Sulawesi Utara",,,OK_GEO
ChIJ77FqmFtPmi0RMFwAavAeYRU,Pulau Langala,Kabupaten Morowali,Sulawesi Tengah,Kabupaten Morowali,Sulawesi Tengah,,"Fatufia, Kec. Bahodopi, Kabupaten Morowali, Sulawesi Tengah",,,OK_GEO
ChIJQxNMHt7VeDIRQ_NVVDSyrNo,Pantai Pasir Putih,Kabupaten Gorontalo,Gorontalo,Kabupaten Gorontalo,Gorontalo,,"FXQV+C75, Kayubulan, Kec. Batudaa Pantai, Kabupaten Gorontalo, Gorontalo 96272",,,OK_GEO
ChIJV6o938KTmS0RUtuwAKxgkx0,Telaga Biru Oheo Konawe Utara,Kabupaten Konawe Utara,Sulawesi Tenggara,Kabupaten Konawe Utara,Sulawesi Tenggara,,"Linomoiyo, Kec. Oheo, Kabupaten Konawe Utara, Sulawesi Tenggara 93353",,,OK_GEO
ChIJzzxbhgJrlC0RfQp0TBBvuFU,Gunung Bambapuang,Kabupaten Enrekang,Sulawesi Selatan,Kabupaten Enrekang,Sulawesi Selatan,,"GQGM+JFC, Bamba Puang, Kec. Anggeraja, Kabupaten Enrekang, Sulawesi Selatan 91752",,,OK_GEO
ChIJG6h2OzYYhzIRUjqdB9nRD10,Pantai Makalisung,Kabupaten Minahasa,Sulawesi Utara,Kabupaten Minahasa,Sulawesi Utara,,"Makalisung, Kecamatan Kombi, Kabupaten Minahasa, Sulawesi Utara",,,OK_TEXT
ChIJ5waZ4LDjji0RuYwQIcHItP8,Pantai Tongko,Kabupaten Poso,Sulawesi Tengah,Kabupaten Poso,Sulawesi Tengah,,"HVR2+9C6, Tongko, Kec. Lage, Kabupaten Poso, Sulawesi Tengah",,,OK_TEXT
ChIJUVi2l6y5iy0Rc2W5hLNDJWs,Pantai Kulolu,Kabupaten Donggala,Sulawesi Tengah,Kabupaten Donggala,Sulawesi Tengah,,"8P74+24H, Limboro, Kec. Banawa Tengah, Kabupaten Donggala, Sulawesi Tengah 94351",,,OK_GEO
ChIJawRmQwsvcTIRU8Bk7OyLzPw,Pantai Lalos,Kabupaten Tolitoli,Sulawesi Tengah,Kabupaten Tolitoli,Sulawesi Tengah,,"4QCM+4V5, Pantai Lalos, Lalos, Kec. Galang, Kabupaten Toli-Toli, Sulawesi Tengah 94561",,,OK_GEO
ChIJS432RaMteTIRiOu6-vYbdjc,WHITE CASTLE GORONTALO,Kabupaten Gorontalo,Gorontalo,Kabupaten Gorontalo,Gorontalo,,"H2QV+8WQ, Hulawa, Kec. Telaga, Kabupaten Gorontalo, Gorontalo 96181",,,OK_GEO
ChIJIWdb8Jrlvi0RF3vslJVPdTo,Bukit Tokka Moncongloe,Kabupaten Maros,Sulawesi Selatan,Kabupaten Maros,Sulawesi Selatan,,"VH7G+7RV, Unnamed Road, Bonto Marannu, Kec. Moncong Loe, Kabupaten Maros, Sulawesi Selatan 90562",,,OK_GEO
ChIJo5TmxnKtvi0Rf5KJvpBwxZ8,Taman Yuhyi (Kehidupan),Kabupaten Bantaeng,Sulawesi Selatan,Kabupaten Bantaeng,Sulawesi Selatan,,"FXWX+G88, Jl. Poros Ermes, Lonrong, Kec. Eremerasa, Kabupaten Bantaeng, Sulawesi Selatan 92415",,,OK_GEO
ChIJuSoEhdbsky0Rh4DURIYmXdU,Objek Wisata Papa Batu,Kabupaten Tana Toraja,Sulawesi Selatan,Kabupaten Tana Toraja,Sulawesi Selatan,,"WQHW+H4F, Banga, Kec. Rembon, Kabupaten Tana Toraja, Sulawesi Selatan 91861",,,OK_TEXT
ChIJGZd2U8p2pC0RIdJkeXGmKSs,Makam Sultan Murhum,Kota Baubau,Sulawesi Tenggara,Kota Baubau,Sulawesi Tenggara,,"GJG3+43F, Melai, Kec. Murhum, Kota Bau-Bau, Sulawesi Tenggara 93713",,,OK_GEO
ChIJ07GKjQoLky0R9twvy_43Aq8,Tondok Bakaru,Kabupaten Mamasa,Sulawesi Barat,Kabupaten Mamasa,Sulawesi Barat,,"39PM+HVM, Tondok Bakaru, Kec. Mamasa, Kabupaten Mamasa, Sulawesi Barat 91362",,,OK_GEO
ChIJkQfxFfcTlC0R0ZNQDkujCiU,Tebing Mandu Tontonan,Kabupaten Enrekang,Sulawesi Selatan,Kabupaten Enrekang,Sulawesi Selatan,,"HRJ4+4QV, Desa Tontonan, Tanete, Kec. Anggeraja, Kabupaten Enrekang, Sulawesi Selatan 91752",,,OK_TEXT
ChIJJZURciypmi0RNWCgpOwr5KI,Wisata Alam Tapubungi Pebotoa,Kabupaten Morowali,Sulawesi Tengah,Kabupaten Morowali,Sulawesi Tengah,,"RM7Q+96, Pebotoa, Kabupaten Morowali, Sulawesi Tengah",,,OK_GEO
ChIJuyD2qJetcDIRrrN8x3vEl1g,Pantai Bahari Doulan,Kabupaten Buol,Sulawesi Tengah,Kabupaten Buol,Sulawesi Tengah,,"Jl. Buol - Gorontalo, Doulan, Kec. Bokat, Kabupaten Buol, Sulawesi Tengah 94566",,,OK_TEXT
ChIJkw1pwP2cgDIRIXU-0GzIrTA,Pantai Molobog,Kabupaten Bolaang Mongondow Timur,Sulawesi Utara,Kabupaten Bolaang Mongondow Timur,Sulawesi Utara,,"Molobog, Kec. Nuangan, Kabupaten Bolaang Mongondow Timur, Sulawesi Utara",,,OK_GEO
ChIJ0cR3Hd-_iy0RCZ-3oAmDNNo,Air Terjun Pangasi Loto,Kabupaten Donggala,Sulawesi Tengah,Kabupaten Donggala,Sulawesi Tengah,,"6QVF+2C, Loli Tasiburi, Kec. Banawa, Kabupaten Donggala, Sulawesi Tengah 94351",,,OK_GEO
ChIJQy43c-mllS0RfLuH2iorAAo,Pantai Black Orange,Kabupaten Pinrang,Sulawesi Selatan,Kabupaten Pinrang,Sulawesi Selatan,,"2H4H+GVV, Jl. Poros Ujung Lero, Wiringtasi, Kec. Suppa, Kabupaten Pinrang, Sulawesi Selatan 91272",,,OK_GEO
ChIJaSPLhCq2lS0RhjAbcbwj3dI,Taman Ganggawa,Kabupaten Sidenreng Rappang,Sulawesi Selatan,Kabupaten Sidenreng Rappang,Sulawesi Selatan,,"Jl. Wolter Monginsidi No.10, Lekessi, Kec. Maritengngae, Kabupaten Sidenreng Rappang, Sulawesi Selatan 91611",,,OK_GEO
ChIJhwMhSxHxmC0Rut894WTgxJ0,PANTAI TOMBAWATU,Kabupaten Konawe,Sulawesi Tenggara,Kabupaten Konawe,Sulawesi Tenggara,,"4GF4+VGH, Tombawatu, Kec. Kapoiala, Kabupaten Konawe, Sulawesi Tenggara 93354",,,OK_GEO
ChIJK0hjTXUrfjIReuudp3z4DgU,Puncak Pakoba,Kabupaten Bolaang Mongondow Selatan,Sulawesi Utara,Kabupaten Bolaang Mongondow Selatan,Sulawesi Utara,,"GF57+PG, Iligon, Kec. Pinolosian Tim., Kabupaten Bolaang Mongondow Selatan, Sulawesi Utara",,,OK_GEO
ChIJTb9CwZtZkS0RnaFhdeue-to,Air Terjun Purapasuan,Kabupaten Luwu,Sulawesi Selatan,Kabupaten Luwu,Sulawesi Selatan,Kota Palopo,"Posi, Kec. Bua, Kabupaten Luwu, Sulawesi Selatan 91959",,,TEXT_WIN
ChIJQRiHk6Ilvi0RHGB7Ad1FZYM,Wisata Alam baruttungnge,Kabupaten Barru,Sulawesi Selatan,Kabupaten Barru,Sulawesi Selatan,,"FJ8F+84R, Lalabata, Kec. Tanete Rilau, Kabupaten Barru, Sulawesi Selatan 90761",,,OK_GEO
ChIJ-1PEZKlVeDIR-xYSw2NCJoA,Dermaga Pulo CINTA,Kabupaten Boalemo,Gorontalo,Kabupaten Boalemo,Gorontalo,,"F8P3+V54, Unnamed Road, Patoameme, Kec. Botumoito, Kabupaten Boalemo, Gorontalo 96264",,,OK_GEO
ChIJWeor-lRJfjIRSARvmjDh6Hs,Kolam Renang Yeh Anget,Kabupaten Bolaang Mongondow Selatan,Sulawesi Utara,Kabupaten Bolaang Mongondow,Sulawesi Utara,,"H3PF+WH8, Modomang, Kec. Dumoga Tim., Kabupaten Bolaang Mongondow, Sulawesi Utara",,,OK_GEO
ChIJ51ZO2D_xiy0RO5RCrVrvhIU,Pemandian Sungai Paneki,Kabupaten Sigi,Sulawesi Tengah,Kabupaten Sigi,Sulawesi Tengah,,"2XG4+2PH, Unnamed Road, Pombewe, Kec. Sigi Biromaru, Kabupaten Sigi, Sulawesi Tengah 94364",,,OK_TEXT
ChIJvzrBjywwmi0R51p4MSczr1Y,Air Terjun Buleleng Trans 2,Kabupaten Morowali,Sulawesi Tengah,Kabupaten Morowali,Sulawesi Tengah,,"X6F9+H4F, Buleleng, Kec. Bungku Sel., Kabupaten Morowali, Sulawesi Tengah 94974",,,OK_GEO
ChIJm1RzYswRpC0RO8kCrcqo5Sw,Benteng Takimpo,Kabupaten Buton,Sulawesi Tenggara,Kabupaten Buton,Sulawesi Tenggara,,"FV32+F7X, Takimpo, Kec. Ps. Wajo, Kabupaten Buton, Sulawesi Tenggara 93754",,,OK_GEO
ChIJpVI8YxpFvi0RQF3LLiuPDDE,Obyek wisata batu payung,Kabupaten Pangkajene Dan Kepulauan,Sulawesi Selatan,Kabupaten Pangkajene Dan Kepulauan,Sulawesi Selatan,,"Biring Ere, Kec. Bungoro, Kabupaten Pangkajene Dan Kepulauan, Sulawesi Selatan 90615",,,OK_GEO
ChIJA7jZcw4Qgy0Rp5iGRYiaypg,Pantai Kelapa Lima,Kabupaten Banggai Laut,Sulawesi Tengah,Kabupaten Banggai Laut,Sulawesi Tengah,,"Klp. Lima, Kec. Banggai Sel., Kab. Banggai Laut, Sulawesi Tengah",,,OK_GEO
ChIJiSfwo5xImC0Rr70z0od5i0c,Makam Raja Lakidende,Kabupaten Konawe,Sulawesi Tenggara,Kabupaten Konawe,Sulawesi Tenggara,,"Arombu, Kec. Unaaha, Kabupaten Konawe, Sulawesi Tenggara 93415",,,OK_GEO
ChIJLXpzdc5xpC0R3CEqAI3NGnc,TUGU BUTON SELATAN,Kabupaten Buton,Sulawesi Tenggara,Kabupaten Buton,Sulawesi Tenggara,Kabupaten Buton Selatan,"FH6Q+68C, Lawela, Batauga, Kabupaten Buton, Sulawesi Tenggara 93752",,,TEXT_WIN
ChIJQSIUYW5chzIRQTbKwgNZF70,Bukit Doa Pinaling,Kabupaten Minahasa Selatan,Sulawesi Utara,Kabupaten Minahasa Selatan,Sulawesi Utara,,"5JXG+398, Pinaling, Kec. Amurang Tim., Kabupaten Minahasa Selatan, Sulawesi Utara",,,OK_GEO
ChIJY0rOfAK1oy0RDmvegQ3i-jM,Puncak La Kude,Kabupaten Muna,Sulawesi Tenggara,Kabupaten Muna,Sulawesi Tenggara,,"4MHJ+VWG, Jln. Kawasan Puncak, Masalili, Kec. Kontunaga, Kabupaten Muna, Sulawesi Tenggara 93658",,,OK_GEO
ChIJ04z9p5VLoi0RuQq883ucTqk,Gunung Katabha Dana,Kabupaten Muna,Sulawesi Tenggara,Kabupaten Muna,Sulawesi Tenggara,,"5MP3+JQQ, Dana, Kec. Watopute, Kabupaten Muna, Sulawesi Tenggara 93658",,,OK_GEO
ChIJSwsKF2fTvi0RCKoq3fV9PTg,Batu Karst Pundo Siping,Kabupaten Jeneponto,Sulawesi Selatan,Kabupaten Jeneponto,Sulawesi Selatan,,"CGQ9+C7P, Garassikang, Kec. Bangkala Bar., Kabupaten Jeneponto, Sulawesi Selatan 92352",,,OK_GEO
ChIJk8uBCLyTmC0RtJmSpWlBHZ0,Kendari water front city,Kota Kendari,Sulawesi Tenggara,Kota Kendari,Sulawesi Tenggara,,"2J83+2H3, Petoaha, Kec. Abeli, Kota Kendari, Sulawesi Tenggara 93236",,,OK_GEO
ChIJC_Xbs9iWoy0Rlq-oIOEceYs,Danau Moko 1,Kabupaten Muna,Sulawesi Tenggara,Kabupaten Muna,Sulawesi Tenggara,,"RHFM+69Q, Oempu, Kec. Tongkuno, Kabupaten Muna, Sulawesi Tenggara 93662",,,OK_GEO
ChIJ_eQDvLMUpC0ReCu31lC_SIo,"sampolawa,kabupaten Buton Selatan, Sulawesi Tenggara",Kabupaten Buton Selatan,Sulawesi Tenggara,Kabupaten Buton,Sulawesi Tenggara,Kabupaten Buton Selatan,"Unnamed Road, Tira, Kec. Sampolawa, Kabupaten Buton, Sulawesi Tenggara 93753",,,TEXT_WIN
ChIJR8xi1IS-lC0RwaqGmy7SgVU,Monumen Korban 40.000 Jiwa,Kabupaten Polewali Mandar,Sulawesi Barat,Kabupaten Polewali Mandar,Sulawesi Barat,,"GX3Q+H5Q, Galung Lombok, Kec. Tinambung, Kabupaten Polewali Mandar, Sulawesi Barat 91354",,,OK_TEXT
ChIJxzbWpmo3uS0Rn_CtE59Nd6E,PANTAI TAMARUNANG,Kabupaten Jeneponto,Sulawesi Selatan,Kabupaten Jeneponto,Sulawesi Selatan,,"Jl. HV. Worang Tamarunang, Biringkassi, Kec. Binamu, Kabupaten Jeneponto, Sulawesi Selatan 92316",,,OK_GEO
ChIJ4-_H2DyXli0RuSd0v7WZERQ,Pantai Buntu Matabing,Kabupaten Wajo,Sulawesi Selatan,Kabupaten Luwu,Sulawesi Selatan,,"Buntu Matabing, Kec. Larompong, Kabupaten Luwu, Sulawesi Selatan",,,OK_GEO
ChIJjYx3vG1nhzIR_K2mnSctwS0,"Kawasan wisata Alam ""Manguni Sapalalum"" Lelema, Minahasa Selatan",Kabupaten Minahasa Selatan,Sulawesi Utara,Kabupaten Minahasa Selatan,Sulawesi Utara,,"7JGX+4G, Lelema, Kec. Tumpaan, Kabupaten Minahasa Selatan, Sulawesi Utara",,,OK_GEO
ChIJ25Owno1BkC0RlsBa1-z0kR0,Laa Waa River Park,Kabupaten Luwu Timur,Sulawesi Selatan,Kabupaten Luwu Timur,Sulawesi Selatan,,"H69F+HHJ, Matano, Kec. Nuha, Kabupaten Luwu Timur, Sulawesi Selatan 92983",,,OK_GEO
ChIJo1le3m8XvC0RFXVqqbqkGLA,Pantai Batunggulung,Kabupaten Bulukumba,Sulawesi Selatan,Kabupaten Bulukumba,Sulawesi Selatan,,"M8WW+6HV, Pantama, Kec. Kajang, Kabupaten Bulukumba, Sulawesi Selatan",,,OK_GEO
ChIJkzdFjW9kly0RbrSMK4HlFj4,Air Terjun Tetewa,Kabupaten Kolaka Timur,Sulawesi Tenggara,Kabupaten Kolaka Timur,Sulawesi Tenggara,,"FG53+QWJ, Likuwalanapo, Ueesi District, Kabupaten Kolaka Timur, Sulawesi Tenggara 93575",,,OK_GEO
ChIJufZFsQMLvC0RCpdwDj-YjyM,Wisata Tebing Mattoanging,Kabupaten Bulukumba,Sulawesi Selatan,Kabupaten Bulukumba,Sulawesi Selatan,,"Matongin, Lembanna, Kec. Bonto Bahari, Kabupaten Bulukumba, Sulawesi Selatan",,,OK_GEO
ChIJAc_7B-fvjy0RZnRAKZ72ltI,Bukit Teletubbies,Kabupaten Morowali Utara,Sulawesi Tengah,Kabupaten Morowali Utara,Sulawesi Tengah,,"3937+69P, Gililana, Kec. Petasia, Kabupaten Morowali Utara, Sulawesi Tengah",,,OK_GEO
ChIJW1sJKTnjvi0RAjjLwH_iT-g,Gereja Toraja Mamasa Jemaat Bukit Batu,Kota Makassar,Sulawesi Selatan,Kota Makassar,Sulawesi Selatan,,"RFWM+XQ2, Antang, Kec. Manggala, Kota Makassar, Sulawesi Selatan 90562",,,OK_GEO
ChIJ7Rwit16XmC0RsAcWOxpTgDY,Tanjung Kartika,Kabupaten Konawe Selatan,Sulawesi Tenggara,Kabupaten Konawe Selatan,Sulawesi Tenggara,,"WM66+5C, Wawatu, Kec. Moramo Utara, Kabupaten Konawe Selatan, Sulawesi Tenggara 93891",,,OK_GEO
ChIJMXau1Esfvy0RRO_Ie9RVGYw,PANTAI INDAH BATU-BATU GALESONG,Kabupaten Takalar,Sulawesi Selatan,Kabupaten Takalar,Sulawesi Selatan,,"Aeng Batu-Batu, Kec. Galesong Utara, Kabupaten Takalar, Sulawesi Selatan 92255",,,OK_GEO
ChIJlSWM7gJNvi0RCIRKwmQM9G0,Dermaga Kayu Biringkassi,Kabupaten Pangkajene Dan Kepulauan,Sulawesi Selatan,Kabupaten Pangkajene Dan Kepulauan,Sulawesi Selatan,,"5FPW+V3, Bulu Cindea, Kec. Bungoro, Kabupaten Pangkajene Dan Kepulauan, Sulawesi Selatan 90617",,,OK_GEO
ChIJpaqqhXawfzIRKLvdGe65Q0o,Pantai TOLUNDADU BOLAANG MONGONDOW SELATAN,Kabupaten Bolaang Mongondow Selatan,Sulawesi Utara,Kabupaten Bolaang Mongondow Selatan,Sulawesi Utara,,"Tolondadu, Kec. Bolaang Uki, Kabupaten Bolaang Mongondow Selatan, Sulawesi Utara",,,OK_GEO
ChIJSRlDq18jvi0R2UkMBpiAxDs,Sungai Batu Mallopie,Kabupaten Barru,Sulawesi Selatan,Kabupaten Barru,Sulawesi Selatan,,"FMFX+5JP, Maruala, Lompo Riaja, Kec. Tanete Riaja, Kabupaten Barru, Sulawesi Selatan 90762",,,OK_GEO
ChIJ6XPcVkTDkC0R9R2pvsbegVo,Air Terjun Biru Seruni,Kabupaten Kolaka Utara,Sulawesi Tenggara,Kabupaten Kolaka Utara,Sulawesi Tenggara,,"237V+3M4, Lelewawo, Kec. Batu Putih, Kabupaten Kolaka Utara, Sulawesi Tenggara 93955",,,OK_GEO
ChIJNShlPK-gji0RC2zjPWH3TuQ,Bulu Nokilelaki,Kabupaten Sigi,Sulawesi Tengah,Kabupaten Sigi,Sulawesi Tengah,,"Anca, Kec. Lindu, Kabupaten Sigi, Sulawesi Tengah",,,OK_TEXT
ChIJx1p5hBeCoS0RgSIIEaeAZFA,BENTENG WAPALA,Kabupaten Buton Utara,Sulawesi Tenggara,Kabupaten Buton Utara,Sulawesi Tenggara,,"658J+472, Bangkudu, Kec. Kulisusu, Kabupaten Buton Utara, Sulawesi Tenggara 93672",,,OK_GEO
ChIJg8_mTgDNoy0RTQfm1--cYrQ,Permandian Putri Wambona,Kabupaten Muna,Sulawesi Tenggara,Kabupaten Muna,Sulawesi Tenggara,,"4VP7+P5G, Wambona, Kec. Batukara, Kabupaten Muna, Sulawesi Tenggara 93674",,,OK_GEO
ChIJ5U6eQY9zhzIRaHYWYZWsOAI,Puncak Totongkoran,Kabupaten Minahasa,Sulawesi Utara,Kabupaten Minahasa,Sulawesi Utara,,"9RQR+R27, Kali, Kec. Pineleng, Kabupaten Minahasa, Sulawesi Utara",,,OK_TEXT
ChIJz3gvZgA7mC0RjrR_OGeGx1M,Embung laduyu desa talata,Kabupaten Kolaka Timur,Sulawesi Tenggara,Kabupaten Kolaka Timur,Sulawesi Tenggara,,"3R8H+884, Tawarombadaka, Kec. Tinondo, Kabupaten Kolaka Timur, Sulawesi Tenggara 93571",,,OK_GEO
ChIJ8TmeTj7vvi0RpcmvhZWrTxM,WISATA ALAM BUKIT BAHAGIA,Kabupaten Maros,Sulawesi Selatan,Kabupaten Maros,Sulawesi Selatan,,"RJWH+49, Benteng Gajah, Kec. Tompobulu, Kabupaten Maros, Sulawesi Selatan 90553",,,OK_GEO
ChIJh5zCm0OZvi0RMJhUz9_1LMw,Wisata Kampung Galung,Kabupaten Sinjai,Sulawesi Selatan,Kabupaten Sinjai,Sulawesi Selatan,,"P2W3+58X, Jl. Persatuan Raya, Barania, Kec. Sinjai Bar., Kabupaten Sinjai, Sulawesi Selatan 92653",,,OK_GEO
ChIJsRpEcpkUlC0R34Z-cLfWAgk,Puncak Gunung Nona,Kabupaten Enrekang,Sulawesi Selatan,Kabupaten Enrekang,Sulawesi Selatan,,"GRCW+WC9, Rosoan, Kec. Enrekang, Kabupaten Enrekang, Sulawesi Selatan 91752",,,OK_GEO
ChIJv-w7sYiJly0RprWvmKtKIEU,Air Terjun Tiku Wuarau ulunggolaka,Kabupaten Kolaka,Sulawesi Tenggara,Kabupaten Kolaka,Sulawesi Tenggara,,"2HWW+328, Ulunggolaka, Kec. Latambaga, Kabupaten Kolaka, Sulawesi Tenggara 93514",,,OK_GEO
ChIJS9mgh325lC0RcoFuX8AbSFw,Wisata Bukit Soe,Kabupaten Majene,Sulawesi Barat,Kabupaten Majene,Sulawesi Barat,,"FWPJ+RWC, Dusun Galung Paara, Desa Pamboborang, Baru, Kec. Banggae, Kabupaten Majene, Sulawesi Barat 91415",,,OK_TEXT
ChIJPdvlU23xvS0RJccjbTgdEug,Goa Janji,Kabupaten Bone,Sulawesi Selatan,Kabupaten Bone,Sulawesi Selatan,,"Mallari, Kec. Awangpone, Kabupaten Bone, Sulawesi Selatan",,,OK_GEO
ChIJRb0kZb7NfzIRyXlRONaRjYE,Teluk H2M - Motandoi,Kabupaten Bolaang Mongondow Selatan,Sulawesi Utara,Kabupaten Bolaang Mongondow Selatan,Sulawesi Utara,,"C8VH+R64, Motandoi, Kec. Pinolosian Tim., Kabupaten Bolaang Mongondow Selatan, Sulawesi Utara",,,OK_GEO
ChIJR5H7z9G7lC0RpafNtrEiypA,Buttu Pattumea Betteng,Kabupaten Majene,Sulawesi Barat,Kabupaten Majene,Sulawesi Barat,,"GWG9+XXG, Balombong, Betteng, Kec. Pamboang, Kabupaten Majene, Sulawesi Barat 91451",,,OK_TEXT
ChIJj8FccZ0rfzIR4tLSZdjqWkU,Lorong 3 Wisata Pantai Botutonuo,Kabupaten Bone Bolango,Gorontalo,Kabupaten Bone Bolango,Gorontalo,,"C4XF+XXF, Botutonuo, Kec. Kabila Bone, Kabupaten Bone Bolango, Gorontalo",,,OK_GEO
ChIJ4aDB2Lnzvi0RiqVRQ7Q0Ons,Wisata Alam Biseang Labboro',Kabupaten Maros,Sulawesi Selatan,Kabupaten Maros,Sulawesi Selatan,,"WPW7+9W, Samangki, Kec. Simbang, Kabupaten Maros, Sulawesi Selatan 90561",,,OK_GEO
ChIJc1enPN6xlS0Rn7rnoYl9eD0,Taman Religius Nona-nonaE,Kabupaten Sidenreng Rappang,Sulawesi Selatan,Kabupaten Sidenreng Rappang,Sulawesi Selatan,Kota Parepare,"3MGW+RJ9, Jl. Pare-Pare - Sidrap, Lainungan, Kec. Watang Pulu, Kabupaten Sidenreng Rappang, Sulawesi Selatan 91661",,,TEXT_WIN
ChIJsXoQuxS7lS0RIM3OmuNRRy8,Taman Reformasi,Kota Parepare,Sulawesi Selatan,Kota Parepare,Sulawesi Selatan,,"XJHJ+HMV, Jl. Reformasi, Kp. Baru, Kec. Bacukiki Bar., Kota Parepare, Sulawesi Selatan 91121",,,OK_GEO
ChIJk43f7LzHky0RYn1pqB9j7N4,Air Terjun Sarambu Ponglu,Kabupaten Toraja Utara,Sulawesi Selatan,Kabupaten Toraja Utara,Sulawesi Selatan,,"4RPV+VX5, Sarambu, Kec. Buntu Pepasan, Kabupaten Toraja Utara, Sulawesi Selatan 91854",,,OK_GEO
ChIJCTFI3Cruoy0Rj0YFDY9MCT0,Hutan Lambusango,Kabupaten Buton,Sulawesi Tenggara,Kabupaten Buton,Sulawesi Tenggara,,"QV42+8X2, Wakangka, Kec. Kapontori, Kabupaten Buton, Sulawesi Tenggara 93755",,,OK_GEO
ChIJ--0GGingky0Rmepcel1VFJw,Wisata Bukit 513,Kota Palopo,Sulawesi Selatan,Kota Palopo,Sulawesi Selatan,,"2573+9X9, Unnamed Road, Bar, Lebang, Kec. Wara Sel., Kota Palopo, Sulawesi Selatan 91911",,,OK_GEO
ChIJhye6p5qreTIR3jA1GDu-dow,BULALOVE,Kabupaten Boalemo,Gorontalo,Kabupaten Boalemo,Gorontalo,,"G8MR+5GX, Unnamed Road, Hungayonaa, Kec. Tilamuta, Kabupaten Boalemo, Gorontalo 96263",,,OK_GEO
ChIJyTwYSACZhzIRXS9ocERPHBM,FlyingGear paragliding manado,Kabupaten Minahasa Utara,Sulawesi Utara,Kabupaten Minahasa Utara,Sulawesi Utara,,"HRFP+2QP, Tiwoho, Wori, Kabupaten Minahasa Utara, Sulawesi Utara",,,OK_GEO
ChIJWY1Cv2dfvi0RDN0sSbxgMLo,Qafwan Resort,Kabupaten Pangkajene Dan Kepulauan,Sulawesi Selatan,Kabupaten Pangkajene Dan Kepulauan,Sulawesi Selatan,,"Balleanging, Kec. Balocci, Kabupaten Pangkajene Dan Kepulauan, Sulawesi Selatan 90661",,,OK_GEO
ChIJSW9Yb4uxvi0RcEFL8rLTwmE,Ruang Bernafas,Kabupaten Bantaeng,Sulawesi Selatan,Kabupaten Bantaeng,Sulawesi Selatan,,"GWWC+966, Talakayya, Desa, Bonto Tangnga, Kec. Uluere, Kabupaten Bantaeng, Sulawesi Selatan 92452",,,OK_GEO
ChIJ49GzJAA3uS0RZwtxbgMnYRQ,Permandian Komando Water Park Jeneponto,Kabupaten Jeneponto,Sulawesi Selatan,Kabupaten Jeneponto,Sulawesi Selatan,,"8Q4C+JR9, Empoang Sel., Kec. Binamu, Kabupaten Jeneponto, Sulawesi Selatan 92311",,,OK_GEO
ChIJg9dA62EnvC0Rak_lkz5stf4,PANRITA HILL,Kabupaten Sinjai,Sulawesi Selatan,Kabupaten Sinjai,Sulawesi Selatan,,"Unnamed Road, Alehanuae, Kec. Sinjai Utara, Kabupaten Sinjai, Sulawesi Selatan 92615",,,OK_GEO
ChIJ9xFH3raFkS0RXiyZkufmweQ,Tiro Soe,Kabupaten Luwu Utara,Sulawesi Selatan,Kabupaten Luwu Utara,Sulawesi Selatan,,"Baebunta, Kec. Baebunta, Kabupaten Luwu Utara, Sulawesi Selatan 92965",,,OK_GEO
ChIJNV3tXQxKeDIRBv4Yfb7Gl3A,Wisata Pantai Maleo,Kabupaten Pohuwato,Gorontalo,Kabupaten Pohuwato,Gorontalo,,"FX5X+RXW, Maleo, Kec. Paguat, Kabupaten Pohuwato, Gorontalo",,,OK_GEO
ChIJ_____6vfky0RTmhAMWld1rs,Permandian Alam Batupapan,Kota Palopo,Sulawesi Selatan,Kota Palopo,Sulawesi Selatan,,"34CQ+MQG, Padang Lambe, Kec. Wara Bar., Kota Palopo, Sulawesi Selatan 91958",,,OK_GEO
ChIJBaPrzo0Ogy0RHNbb_cOGwMo,Padang Laya,Kabupaten Banggai,Sulawesi Tengah,Kabupaten Banggai Laut,Sulawesi Tengah,,"9GJW+P8J City, Lambako, Kec. Banggai, Kab. Banggai Laut, Sulawesi Tengah 94891",,,OK_GEO
ChIJnUe9QSnmki0Ruj04uPRr-kM,Air Terjun Sondoang,Kabupaten Mamuju,Sulawesi Barat,Kabupaten Mamuju,Sulawesi Barat,,"C3HX+PRF, Sondoang, Kec. Kalukku, Kabupaten Mamuju, Sulawesi Barat 91561",,,OK_GEO
ChIJDcv5puMBvC0Rko2G5BV6G5o,Bangkeng Buki,Kabupaten Bulukumba,Sulawesi Selatan,Kabupaten Bulukumba,Sulawesi Selatan,,"G587+Q4G, Bukit Harapan, Kec. Gantarang, Kabupaten Bulukumba, Sulawesi Selatan 92561",,,OK_TEXT
ChIJMdTgqBqxli0Rmz8pcBN1oxk,Wisata Jembatan Pantai Posan Paconne,Kabupaten Luwu,Sulawesi Selatan,Kabupaten Luwu,Sulawesi Selatan,,"J9MW+H63, Paconne, Kabupaten Luwu, Sulawesi Selatan",,,OK_GEO
ChIJydYM40FHhzIRhMfob1oTcI4,Bukit Salib Sumarayar,Kabupaten Minahasa,Sulawesi Utara,Kabupaten Minahasa,Sulawesi Utara,,"5R9V+HWQ, Sumarayar, Kec. Langowan Tim., Kabupaten Minahasa, Sulawesi Utara",,,OK_TEXT
ChIJizIShlbsiy0RhRNQexJdgIs,Pantai Taman Ria,Kota Palu,Sulawesi Tengah,Kota Palu,Sulawesi Tengah,,"4R9Q+R97, Jl. Cumi-Cumi, Lere, Kec. Ulujadi, Kota Palu, Sulawesi Tengah",,,OK_GEO
ChIJI3K5AoxjkC0RPZaCxDo1kEU,Pantai Siuone pekaloa Towuti,Kabupaten Luwu Timur,Sulawesi Selatan,Kabupaten Luwu Timur,Sulawesi Selatan,,"Pekaloa, Kec. Towuti, Kabupaten Luwu Timur, Sulawesi Selatan 92982",,,OK_GEO
ChIJ1dBX25CLoy0RbyBHl1sXoOw,Yuranata garden,Kota Baubau,Sulawesi Tenggara,Kota Baubau,Sulawesi Tenggara,,"JMXC+M49, Jl. Purnawirawan, Palabusa, Kec. Bungi, Kota Bau-Bau, Sulawesi Tenggara 93758",,,OK_GEO
ChIJ-cciqlYjvi0RRNkI86otlsQ,Makam Megalitik Sumpang Ralla,Kabupaten Barru,Sulawesi Selatan,Kabupaten Barru,Sulawesi Selatan,,"FP62+JMH, Lompo Riaja, Kec. Tanete Riaja, Kabupaten Barru, Sulawesi Selatan 90762",,,OK_GEO
ChIJZz1tcS4PpC0Rr1nQLHfU_a0,Pantai Lembo,Kabupaten Buton,Sulawesi Tenggara,Kabupaten Buton,Sulawesi Tenggara,,"GVM7+P6J, Wasaga, Kec. Ps. Wajo, Kabupaten Buton, Sulawesi Tenggara 93754",,,OK_GEO
ChIJa8NUIgDjoi0RkXyfZDMgrMk,Pantai Rahwana (Keindahan Pantai Dekat Danau),Kabupaten Bombana,Sulawesi Tenggara,Kabupaten Bombana,Sulawesi Tenggara,,"54G2+P9, Batu Sempe Indah, Mata Oleo, Kabupaten Bombana, Sulawesi Tenggara",,,OK_GEO
ChIJpU2tlX8jvi0RWvnC3AjchF4,Bukit Lakeppo,Kabupaten Barru,Sulawesi Selatan,Kabupaten Barru,Sulawesi Selatan,,"FMRX+W5H, Libureng, Kec. Tanete Riaja, Kabupaten Barru, Sulawesi Selatan 90762",,,OK_GEO
ChIJhYuoi4tZkC0R7SPGMjN5ES4,Kolam Renang Landmark LUWU TIMUR,Kabupaten Luwu Timur,Sulawesi Selatan,Kabupaten Luwu Timur,Sulawesi Selatan,,"94PG+QF8, Puncak Indah, Kec. Malili, Kabupaten Luwu Timur, Sulawesi Selatan 92936",,,OK_GEO
ChIJbfkJiBrxiy0Rt0r5YoK_wWk,Destinasi wisata sejarah LIKUIFAKSI PETOBO,Kota Palu,Sulawesi Tengah,Kota Palu,Sulawesi Tengah,,"3W6C+Q43, Jl. Moh. Soeharto, Petobo, Kec. Palu Sel., Kota Palu, Sulawesi Tengah 94234",,,OK_GEO
ChIJ4c6rjvUFjS0R5INNy2G7Sfg,Pantai Barat Sarudu,Kabupaten Pasangkayu,Sulawesi Barat,Kabupaten Pasangkayu,Sulawesi Barat,,"Sarudu, Kec. Sarudu, Kab. Pasangkayu, Sulawesi Barat 91573",,,OK_TEXT
ChIJx-CfMmUTgy0RSsPm1VOxSW0,Air Terjun Kokungan,Kabupaten Banggai,Sulawesi Tengah,Kabupaten Banggai Laut,Sulawesi Tengah,,"8FMJ+F44, Monsongan, Kec. Banggai Tengah, Kab. Banggai Laut, Sulawesi Tengah 94891",,,OK_GEO
ChIJQSiRk-m5lC0Rg1Yh4d30ozI,Wai Turan Pamboborang,Kabupaten Majene,Sulawesi Barat,Kabupaten Majene,Sulawesi Barat,,"Unnamed Road, Baru, Kec. Banggae, Kabupaten Majene, Sulawesi Barat 91415",,,OK_TEXT
ChIJEzLW-oNZhzIRgdhy4Fq00Hc,Air Terjun Takaan,Kabupaten Minahasa Selatan,Sulawesi Utara,Kabupaten Minahasa Selatan,Sulawesi Utara,,"5H3R+6CG, Buyungon, Kec. Amurang, Kabupaten Minahasa Selatan, Sulawesi Utara",,,OK_GEO
ChIJc19vF6k1hzIRqseepns31Mc,Pantai Rumbia,Kabupaten Minahasa,Sulawesi Utara,Kabupaten Minahasa,Sulawesi Utara,,"2WC7+XH8, Rumbia, Kec. Langowan Sel., Kabupaten Minahasa, Sulawesi Utara",,,OK_TEXT
ChIJq30vKD8rcTIRlr0_83J8bjk,Wisata garung kayu bado,Kabupaten Tolitoli,Sulawesi Tengah,Kabupaten Tolitoli,Sulawesi Tengah,,"Kalangkangan, Kec. Galang, Kabupaten Toli-Toli, Sulawesi Tengah 94561",,,OK_GEO
ChIJT1LXI5HJfzIR0b4cocXLIII,Pantai Wisata DAMI Beach,Kabupaten Bolaang Mongondow Selatan,Sulawesi Utara,Kabupaten Bolaang Mongondow Selatan,Sulawesi Utara,Kabupaten Bolaang Mongondow,"Timur, Kombot, Pinolosian, South Bolaang Mongondow Regency, North Sulawesi",,,GEO_WIN
ChIJ7xy0jrRXvS0RbjaXWAE_TPI,Pantai Juanda Lestari,Kabupaten Kolaka,Sulawesi Tenggara,Kabupaten Kolaka,Sulawesi Tenggara,,"JGQ9+377, Palewai, Tanggetada, Kabupaten Kolaka, Sulawesi Tenggara 93563",,,OK_GEO
ChIJRzeh1UK7lS0RaojWzeqhexs,Taman Lamario (Monumen Perahu Phinisi),Kota Parepare,Sulawesi Selatan,Kota Parepare,Sulawesi Selatan,,"XJ9F+JHW, Cappa Galung, Kec. Bacukiki Bar., Kota Parepare, Sulawesi Selatan",,,OK_GEO
ChIJe0gyfZTsmC0RiIP5cD7z8Ug,Bunker Jepang,Kota Kendari,Sulawesi Tenggara,Kota Kendari,Sulawesi Tenggara,,"2JP5+C6W, Mata, Kec. Kendari, Kota Kendari, Sulawesi Tenggara 93128",,,OK_GEO
ChIJ6_GTS10dvy0RSqfenaHl4y4,Pantai Batu Baru,Kota Makassar,Sulawesi Selatan,Kota Makassar,Sulawesi Selatan,,"R9WW+G6, Maccini Sombala, Kota Makassar, Sulawesi Selatan",,,OK_GEO
ChIJaQgZJfajvi0RZ2OUGX-nVAE,Wisata Jembatan Jodoh,Kabupaten Sinjai,Sulawesi Selatan,Kabupaten Sinjai,Sulawesi Selatan,,"P22C+555, Unnamed Road, Batu Belerang, Kec. Sinjai Borong, Kabupaten Sinjai, Sulawesi Selatan 92653",,,OK_GEO
ChIJX-HFd52JmC0RGcP5760DBW4,Kolam Ambepua FIshing,Kabupaten Konawe Selatan,Sulawesi Tenggara,Kabupaten Konawe Selatan,Sulawesi Tenggara,,"WCF2+V68, Ambaipua, Kec. Ranomeeto, Kabupaten Konawe Selatan, Sulawesi Tenggara 93871",,,OK_GEO
ChIJZfU_YFmumS0RaRXn9X0j9ok,Pantai Batam Desa Mataiwoi Kec Molawe Kab Konawe Utara,Kabupaten Konawe Utara,Sulawesi Tenggara,Kabupaten Konawe Utara,Sulawesi Tenggara,,"Mataiwoi, Kec. Molawe, Kabupaten Konawe Utara, Sulawesi Tenggara",,,OK_GEO
ChIJ9xNZgHnTfjIRxfOk5DzFwmY,ASMARA GARDEN,Kabupaten Bone Bolango,Gorontalo,Kabupaten Bone Bolango,Gorontalo,,"H4V3+4CH, Bulotalangi Tim., Kec. Bulango Tim., Kabupaten Bone Bolango, Gorontalo 96125",,,OK_GEO
ChIJkX_Y0wGHjC0RJsH3sAno61k,Pantai Koa-Koa,Kabupaten Pasangkayu,Sulawesi Barat,Kabupaten Pasangkayu,Sulawesi Barat,,"Pangiang, Kec. Pasangkayu, Kab. Pasangkayu, Sulawesi Barat 91574",,,OK_GEO
ChIJYxuMzMXGiy0RW87Z9M1Nk1c,Pantai Wisata Pantoloan,Kabupaten Donggala,Sulawesi Tengah,Kota Palu,Sulawesi Tengah,,"Jl. Makagili Pantoloan, Palu, Sulawesi Tengah 94352",,,OK_TEXT
ChIJ7QHmedznvi0Rqh28SDhk2MU,pemancingan riboko balla,Kota Makassar,Sulawesi Selatan,Kabupaten Gowa,Sulawesi Selatan,,"Borongpa'la'la, Kec. Pattallassang, Kabupaten Gowa, Sulawesi Selatan 92171",,,OK_GEO
ChIJYcwoP0_lji0RuZLQiYTLubM,Rental mobil poso kota,Kabupaten Poso,Sulawesi Tengah,Kabupaten Poso,Sulawesi Tengah,,"Jl. P.seram, Gebang Rejo, Kec. Poso Kota, Kabupaten Poso, Sulawesi Tengah 94616",,,OK_GEO
ChIJ_yfHVgC7hzIRwCmJeshkYQ8,JG Mangrove Park Desa Palaes,Kabupaten Minahasa Utara,Sulawesi Utara,Kabupaten Minahasa Utara,Sulawesi Utara,,"Palaes, Kec. Likupang Bar., Kabupaten Minahasa Utara, Sulawesi Utara",,,OK_GEO
ChIJqy_sPT-tmS0RDEoueMyNUGo,Air Terjun Lamesou,Kabupaten Konawe Utara,Sulawesi Tenggara,Kabupaten Konawe Utara,Sulawesi Tenggara,,"76V8+HWP, Matapila, Kec. Lasolo, Kabupaten Konawe Utara, Sulawesi Tenggara 93352",,,OK_GEO
ChIJJ_DEDaTFvi0R-kliYn-VVlg,WISATA HUTAN PINUS TANGKALAKA,Kabupaten Gowa,Sulawesi Selatan,Kabupaten Gowa,Sulawesi Selatan,,"Poros bontorappo, Bissoloro, Kec. Bungaya, Kabupaten Gowa, Sulawesi Selatan 92176",,,OK_GEO
ChIJC4Hv4qTtmC0RNbSSRzl7msE,Air Terjun Amarilis,Kabupaten Konawe,Sulawesi Tenggara,Kabupaten Konawe,Sulawesi Tenggara,,"3G6R+6F2, Nii Tanasa, Kec. Lalonggasumeeto, Kabupaten Konawe, Sulawesi Tenggara 93121",,,OK_GEO
ChIJ36ZAPLRRmC0R2onfWbWlVtQ,TELAGA PURI INDAH (TERINDAH),Kabupaten Konawe,Sulawesi Tenggara,Kabupaten Konawe,Sulawesi Tenggara,,"46XP+5XG, RT.01/RW.01, Ulu Benua, Amonggedo, Kabupaten Konawe, Sulawesi Tenggara 93461",,,OK_GEO
ChIJv12GpS8JvC0R0ub7Bu49xUU,Pantai Pembuatan perahu phinisi,Kabupaten Bulukumba,Sulawesi Selatan,Kabupaten Bulukumba,Sulawesi Selatan,,"F987+VJW, Jl. Pelabuhan, Tanah Lemo, Kec. Bonto Bahari, Kabupaten Bulukumba, Sulawesi Selatan 92571",,,OK_GEO
ChIJoYwDGU25uy0Rm-vG_lTndvE,Batulohe Beach,Kabupaten Kepulauan Selayar,Sulawesi Selatan,Kabupaten Kepulauan Selayar,Sulawesi Selatan,,"3G3W+X7X, Balang Butung, Kec. Buki, Kab. Kepulauan Selayar, Sulawesi Selatan",,,OK_GEO
ChIJfWEKES43lC0RXwQ4f5QEYF4,Air Terjun Tattungo,Kabupaten Enrekang,Sulawesi Selatan,Kabupaten Enrekang,Sulawesi Selatan,,"8V2G+58P, Puncak Harapan, Kec. Maiwa, Kabupaten Enrekang, Sulawesi Selatan 91761",,,OK_GEO
ChIJDXkGYInziy0RYQihwZgQhPk,Taman wisata Bulu Tanda Sibedi,Kabupaten Sigi,Sulawesi Tengah,Kabupaten Sigi,Sulawesi Tengah,,"2RJX+887, Sibedi, Kec. Marawola, Kabupaten Sigi, Sulawesi Tengah 94238",,,OK_TEXT
ChIJpeHOPciggy0RBbndmF8miwU,pantai oyama,Kabupaten Banggai,Sulawesi Tengah,Kabupaten Banggai Laut,Sulawesi Tengah,,"Lokotoy, Banggai Utara, Kab. Banggai Laut, Sulawesi Tengah 94891",,,OK_GEO
ChIJF4MtWgCJmC0Rtx7jHnK27PE,JOJO GARDEN KONDA,Kabupaten Konawe Selatan,Sulawesi Tenggara,Kabupaten Konawe Selatan,Sulawesi Tenggara,,"VCMF+MWV, Lamomea, Kec. Konda, Kabupaten Konawe Selatan, Sulawesi Tenggara 93871",,,OK_GEO
ChIJWyHbRt_vly0Rp_27xzaFwp8,Puncak Padamarang,Kabupaten Kolaka,Sulawesi Tenggara,Kabupaten Kolaka,Sulawesi Tenggara,,"Towua I, Kec. Wundulako, Kabupaten Kolaka, Sulawesi Tenggara",,,OK_GEO
ChIJMUzMKogdmC0R8UOd4P2RsTg,Wisata Matawoi Puubenua,Kabupaten Kolaka,Sulawesi Tenggara,Kabupaten Kolaka,Sulawesi Tenggara,,"RMX2+GWF, Unnamed Road, Puubenua, Kec. Baula, Kabupaten Kolaka, Sulawesi Tenggara 93562",,,OK_GEO
ChIJEUWdgBV5oS0RFsSImCFJXEk,Pantai Bone Buton Utara,Kabupaten Buton Utara,Sulawesi Tenggara,Kabupaten Buton Utara,Sulawesi Tenggara,,"557F+8FC, Lemo, Kec. Kulisusu, Kabupaten Buton Utara, Sulawesi Tenggara 93672",,,OK_GEO
ChIJJfN7pPYBvC0RW2iEukShID8,Bonto Massailea,Kabupaten Bulukumba,Sulawesi Selatan,Kabupaten Bulukumba,Sulawesi Selatan,,"Desa, Bukit Harapan, Gantarang, Bulukumba Regency, South Sulawesi 92561",,,OK_GEO
ChIJ74Qi37_VfjIROf8tjz31Gyw,Wisata Alam Air Panas,Kabupaten Bone Bolango,Gorontalo,Kabupaten Bone Bolango,Gorontalo,,"G49V+RVQ, Pancuran, Kec. Suwawa Sel., Kabupaten Bone Bolango, Gorontalo 96118",,,OK_GEO
ChIJK2cJ8rv9vi0RFdkgkKrqxxg,Hutan Mangrove,Kota Makassar,Sulawesi Selatan,Kota Makassar,Sulawesi Selatan,,"WFF8+59M Jembatan Pelangi Lantebung, Lorong 2, Bira, Kec. Tamalanrea, Sulawesi Selatan 90243",,,OK_GEO
ChIJZVQC6djtiy0RkHpZ8jVuq_k,Makam Dato Karama,Kota Palu,Sulawesi Tengah,Kota Palu,Sulawesi Tengah,,"4V72+3JQ, Jl. Selar, Lere, Kec. Palu Bar., Kota Palu, Sulawesi Tengah 94221",,,OK_TEXT
ChIJqWdDSG16pC0RQmXakxZokMQ,Pantai One Mopute,Kabupaten Buton,Sulawesi Tenggara,Kabupaten Buton,Sulawesi Tenggara,Kabupaten Buton Selatan,"GG2F+2VM, Banabungi, Kec. Kadatua, Kabupaten Buton, Sulawesi Tenggara",,,TEXT_WIN
ChIJfbwR__DrlS0RyzfYM0OpcD8,PINTU GERBANG PERMANDIAN AIR PANAS LEJJA,Kabupaten Soppeng,Sulawesi Selatan,Kabupaten Soppeng,Sulawesi Selatan,,"VV5J+C28, Jl. Poros Lejja, Manorang Salo, Kec. Marioriawa, Kabupaten Soppeng, Sulawesi Selatan 90852",,,OK_GEO
ChIJbTO37zaLmi0RhIDI9Sc7bik,Benteng Fafontofure,Kabupaten Morowali,Sulawesi Tengah,Kabupaten Morowali,Sulawesi Tengah,,"CXCP+332, Bahontobungku, Kec. Bungku Tengah, Kabupaten Morowali, Sulawesi Tengah",,,OK_GEO
ChIJjTPXyUB3pC0R9NixvkeeIHQ,Goa Lanto,Kota Baubau,Sulawesi Tenggara,Kota Baubau,Sulawesi Tenggara,,"GJQG+WVX, Jl. Anoa, Kadolomoko, Kec. Murhum, Kota Bau-Bau, Sulawesi Tenggara 93716",,,OK_GEO
ChIJkVWcgnFjjS0R13vLuGyY2l4,Pantai Babana,Kabupaten Mamuju Tengah,Sulawesi Barat,Kota Makassar,Sulawesi Selatan,Kabupaten Mamuju Tengah,"W55V+8PV, Selat, Kota Makassar, Sulawesi Selatan",,,TEXT_WIN
ChIJJ-CQMyihiTIR3hBFvfpaUZE,"Danau ""Cinta"" Makalehi",Kabupaten Kepulauan Siau Tagulandang Biaro,Sulawesi Utara,,,,"P5P9+MXR, Kab.Kepl. Sitaro, Sulawsi Utara,, Makalehi, Siau Bar., Kabupaten Siau Tagulandang Biaro, Sulawesi Utara",,,NO_MATCH
ChIJb_3aOyXkji0RiaA1qSz8TUE,Bukit Cinta,Kabupaten Poso,Sulawesi Tengah,Kabupaten Poso,Sulawesi Tengah,,"JQ9C+HG3, Bukit Bambu, Kec. Poso Kota Sel., Kabupaten Poso, Sulawesi Tengah 94615",,,OK_TEXT
ChIJhQx0XwvCky0RkvvctNTKdYI,Tongkonan Buntu,Kabupaten Toraja Utara,Sulawesi Selatan,Kabupaten Toraja Utara,Sulawesi Selatan,,"2WQ3+M97, Tampo Tallunglipu, Kec. Tallunglipu, Kabupaten Toraja Utara, Sulawesi Selatan 91833",,,OK_GEO
ChIJl7emyXbfiy0RbTuEZu1PtAU,Pantai Polindolara Pelawa,Kabupaten Parigi Moutong,Sulawesi Tengah,Kabupaten Parigi Moutong,Sulawesi Tengah,,"64HJ+QVR, Pelawa, Kec. Parigi Tengah, Kabupaten Parigi Moutong, Sulawesi Tengah",,,OK_GEO
ChIJo8CF2fHuoy0R83PIa8cF4_E,Goa Liang Kamoi,Kabupaten Buton,Sulawesi Tenggara,Kabupaten Buton,Sulawesi Tenggara,,"QRXQ+27C, Unnamed Rd, Wakangka, Kec. Kapontori, Kabupaten Buton, Sulawesi Tenggara 93755",,,OK_GEO
ChIJJeyiYa4zui0RH2X6FGEKupg,Gua Balojaha,Kabupaten Kepulauan Selayar,Sulawesi Selatan,Kabupaten Kepulauan Selayar,Sulawesi Selatan,,"R9HW+VJH, Bontoborusu, Kec. Bontoharu, Kab. Kepulauan Selayar, Sulawesi Selatan",,,OK_TEXT
ChIJ57KgphZXvi0Rdak4nNsYPRg,Desa Wisata Bontolempangan,Kabupaten Maros,Sulawesi Selatan,Kabupaten Maros,Sulawesi Selatan,,"3JM2+V2F, Bontonlempangan, Kec. Bontoa, Kabupaten Maros, Sulawesi Selatan 90554",,,OK_GEO
ChIJIyvH9SaNlS0Rpzd1PsNl5XM,Wisata Embung Paccekke,Kabupaten Barru,Sulawesi Selatan,Kabupaten Barru,Sulawesi Selatan,,"PPW6+44V, Paccekke, Kec. Soppeng Riaja, Kabupaten Barru, Sulawesi Selatan 90752",,,OK_GEO
ChIJHd3-7wAFlC0RHX2a511NEhI,Gunung Rantekombola,Kabupaten Tana Toraja,Sulawesi Selatan,Kabupaten Tana Toraja,Sulawesi Selatan,,"Uluwai, Kec. Mengkendek, Kabupaten Tana Toraja, Sulawesi Selatan",,,OK_TEXT
ChIJow7UpJdjfjIRHiCCA1pQRCU,pantai nyiur hijau babo,Kabupaten Bolaang Mongondow,Sulawesi Utara,Kabupaten Bolaang Mongondow,Sulawesi Utara,,"Babo, Kec. Sangtombolang, Kabupaten Bolaang Mongondow, Sulawesi Utara",,,OK_GEO
ChIJp-nwbSqDmC0R7HQRg340MME,Gunung Popalia,Kabupaten Konawe Selatan,Sulawesi Tenggara,Kabupaten Konawe Selatan,Sulawesi Tenggara,,"Lelekaa, Kec. Wolasi, Kabupaten Konawe Selatan, Sulawesi Tenggara",,,OK_GEO
ChIJ4aa2g8YPpy0RxkGcI22BkHo,Pantai Huntete,Kabupaten Wakatobi,Sulawesi Tenggara,Kabupaten Wakatobi,Sulawesi Tenggara,,"62R4+43W, Kulati, Kec. Tomia Tim., Kabupaten Wakatobi, Sulawesi Tenggara 93793",,,OK_GEO
ChIJoWCu0fIpky0Rjc3NvzDfjNo,Wisata Batu Lombeng Desa Lebani,Kabupaten Mamuju,Sulawesi Barat,Kabupaten Mamuju,Sulawesi Barat,,"7QCH+3X, Lebani, Kec. Tapalang Bar., Kabupaten Mamuju, Sulawesi Barat 91352",,,OK_TEXT
ChIJkRH3JbKzhzIRWYzaaLdrbek,Kawasan Ekonomi Khusus Likupang,Kabupaten Minahasa Utara,Sulawesi Utara,Kabupaten Minahasa Utara,Sulawesi Utara,,"M5J4+3XH, Pulisan, Kec. Likupang Tim., Kabupaten Minahasa Utara, Sulawesi Utara",,,OK_GEO
ChIJAw7zDd6tfjIReuocgLyAP6c,Pantai Indah Batutajam,Kabupaten Bolaang Mongondow Utara,Sulawesi Utara,Kabupaten Bolaang Mongondow Utara,Sulawesi Utara,,"W537+6HG, Batutajam, Kec. Pinogaluman, Kabupaten Bolaang Mongondow Utara, Sulawesi Utara",,,OK_GEO
ChIJ3SsYFRAdhi0RICMsq3Iinqs,Pantai Pasir Putih Tete B Ampana,Kabupaten Tojo Una-Una,Sulawesi Tengah,Kabupaten Tojo Una-Una,Sulawesi Tengah,,"4MJ7+WM9, Tete B, Kec. Ampana Tete, Kabupaten Tojo Una-Una, Sulawesi Tengah 94684",,,OK_GEO
ChIJsRu9KtwJvi0R4s4n6G6GwUU,Air Terjun Baruttunge,Kabupaten Bone,Sulawesi Selatan,Kabupaten Bone,Sulawesi Selatan,,"C4XQ+88M, Maroanging, Kec. Ulaweng, Kabupaten Bone, Sulawesi Selatan 92762",,,OK_GEO
ChIJy15hwnaZvi0RlKGg9L3mnXg,Kolam renang kampoeng galung,Kabupaten Sinjai,Sulawesi Selatan,Kabupaten Sinjai,Sulawesi Selatan,,"P2X3+PVW, Unnamed Road, Arabika, Kec. Sinjai Bar., Kabupaten Sinjai, Sulawesi Selatan 92653",,,OK_GEO
ChIJEVcqtV21gDIRSfKWAKD0nzY,Pantai Mega Minanga,Kabupaten Minahasa Tenggara,Sulawesi Utara,Kabupaten Minahasa Tenggara,Sulawesi Utara,,"XV96+Q7F, Unnamed Road, Minanga Tiga, Pusomaen, Kabupaten Minahasa Tenggara, Sulawesi Utara 95997",,,OK_GEO
ChIJpWr0tL2_iy0R_oHO-Eu5sbc,Wisata Pantai dan Kuliner Loli Tasiburi,Kabupaten Donggala,Sulawesi Tengah,Kabupaten Donggala,Sulawesi Tengah,,"6QWP+44M, Loli Tasiburi, Kec. Banawa, Kabupaten Donggala, Sulawesi Tengah 94351",,,OK_GEO
ChIJMUxZ9XTBiy0RdSfJ17-J_HY,UWENTUMBU BAIYA,Kota Palu,Sulawesi Tengah,Kota Palu,Sulawesi Tengah,,"7VF7+34M, Baiya, Kec. Palu Utara, Kota Palu, Sulawesi Tengah 94352",,,OK_TEXT
ChIJTXO81dO9cDIRdgq1x7XTOkw,Pulau Busak,Kabupaten Buol,Sulawesi Tengah,Kabupaten Buol,Sulawesi Tengah,,"Busak I, Kec. Karamat, Kabupaten Buol, Sulawesi Tengah",,,OK_TEXT
ChIJv5O8xtumpy0RJ29B-iaVLhA,Pantai Wakarumende,Kabupaten Wakatobi,Sulawesi Tenggara,Kabupaten Wakatobi,Sulawesi Tenggara,,"Desa Wakarumende, Lagongga, Binongko, Kabupaten Wakatobi, Sulawesi Tenggara 93794",,,OK_GEO
ChIJddfVaE1hhi0RlkzMafls4jg,Pantai Tanjung Toima,Kabupaten Banggai,Sulawesi Tengah,Kabupaten Banggai,Sulawesi Tengah,,"688R+XGJ, Jl. Trans Sulawesi, Matabas, Kec. Bunta, Kabupaten Banggai, Sulawesi Tengah 94753",,,OK_TEXT
ChIJhV3zJ9GTlC0Ru_yL86IszRI,Pantai Baurung,Kabupaten Polewali Mandar,Sulawesi Barat,Kabupaten Polewali Mandar,Sulawesi Barat,,"Panyampa, Kec. Campalagian, Kabupaten Polewali Mandar, Sulawesi Barat 91353",,,OK_GEO
ChIJSUc2IATBky0ROpe3P6fRnt4,Wisata Sawah Kalimbuang,Kabupaten Toraja Utara,Sulawesi Selatan,Kabupaten Toraja Utara,Sulawesi Selatan,,"3RJX+GH6, Sikuku, Kec. Kapala Pitu, Kabupaten Toraja Utara, Sulawesi Selatan 91854",,,OK_GEO
ChIJTZVKFfDNoi0RKK8rH8uhsBs,Bendungan Tampabulu,Kabupaten Bombana,Sulawesi Tenggara,Kabupaten Bombana,Sulawesi Tenggara,,"7PC4+RPV, Tampawulu, Kec. Poleang Utara, Kabupaten Bombana, Sulawesi Tenggara 93773",,,OK_GEO
ChIJ5dJKNFKGlC0RYh1paSAHZVU,Limbong Sitodo,Kabupaten Polewali Mandar,Sulawesi Barat,Kabupaten Polewali Mandar,Sulawesi Barat,,"J9F8+6QW, Jl. Poros Pokko, Kunyi, Kec. Anreapi, Kabupaten Polewali Mandar, Sulawesi Barat 91315",,,OK_GEO
ChIJo9Y9a2eJmC0RdA6Ci1KPYmY,Pemancingan Wisata Alam,Kabupaten Konawe Selatan,Sulawesi Tenggara,Kabupaten Konawe Selatan,Sulawesi Tenggara,,"VCPG+F2J, Lamomea, Kec. Konda, Kabupaten Konawe Selatan, Sulawesi Tenggara 93871",,,OK_GEO
ChIJe3tQiOeTkS0R6Vflh9LE4xU,Air Terjun Pangorea Desa Sepakat,Kabupaten Luwu Utara,Sulawesi Selatan,Kabupaten Luwu Utara,Sulawesi Selatan,,"GCR7+R4Q, Sepakat, Kec. Masamba, Kabupaten Luwu Utara, Sulawesi Selatan 92917",,,OK_TEXT
ChIJnRFdCO0PizIRw8QI2S_Cy4Y,Puncak Gunung Awu,Kabupaten Kepulauan Sangihe,Sulawesi Utara,Kabupaten Kepulauan Sangihe,Sulawesi Utara,,"MFJ3+QHR, Kendahe I, Kendahe, Kabupaten Kepulauan Sangihe, Sulawesi Utara",,,OK_TEXT
ChIJ76xeU6wYfjIRqcCp-OSBKQw,Kawah Belerang Gunung Ambang,Kabupaten Bolaang Mongondow Timur,Sulawesi Utara,Kabupaten Bolaang Mongondow Timur,Sulawesi Utara,,"QC38+6M3, Bongkudai Baru, Kec. Modayag, Kabupaten Bolaang Mongondow Timur, Sulawesi Utara",,,OK_GEO
ChIJCTHfpMR5mS0R2KfcnnTqC2w,Goa Berlian,Kabupaten Morowali,Sulawesi Tengah,Kabupaten Morowali,Sulawesi Tengah,,"PCFF+93W, Matarape, Menui Kepulauan, Kabupaten Morowali, Sulawesi Tengah",,,OK_TEXT
ChIJvTHo6w37vi0Rdpxkn8jjiRI,Lorong warna warni makassar,Kota Makassar,Sulawesi Selatan,Kota Makassar,Sulawesi Selatan,,"Jl majene 1 blok k RW 04 RT 01, Sudiang Raya, Kec. Biringkanaya, Kota Makassar, Sulawesi Selatan 90552",,,OK_GEO
ChIJ21-vALz1uy0R1ek6E5I6aPs,Wisata Balla-Ballayya Desa Bira,Kabupaten Bulukumba,Sulawesi Selatan,Kabupaten Bulukumba,Sulawesi Selatan,,"CF77+Q2C, Bira, Kec. Bonto Bahari, Kabupaten Bulukumba, Sulawesi Selatan",,,OK_GEO
ChIJZ0KRPrhrhzIR0yY5cN1invc,Toulangkow Hills (TOMOHON SKYLINE),Kota Tomohon,Sulawesi Utara,Kota Tomohon,Sulawesi Utara,,"7RHM+V4, Lahendong, Kec. Tomohon Sel., Kota Tomohon, Sulawesi Utara",,,OK_GEO
ChIJhag9-nG5hzIR8k18wozGILw,Pantai Kelapa Lima Desa Paputungan,Kabupaten Minahasa Utara,Sulawesi Utara,Kabupaten Minahasa Utara,Sulawesi Utara,,"Paputungan, Kec. Likupang Bar., Kabupaten Minahasa Utara, Sulawesi Utara",,,OK_GEO
ChIJI8Phh6EzfjIRNM6LmRJnrIA,"Puncak Tonsile, Sulawesi Utara",Kabupaten Bolaang Mongondow Selatan,Sulawesi Utara,Kabupaten Bolaang Mongondow Selatan,Sulawesi Utara,Kabupaten Bolaang Mongondow,"G6VV+4F3, Unnamed Road, Adow, Kec. Pinolosian Tengah, Kabupaten Bolaang Mongondow Selatan, Sulawesi Utara",,,TEXT_WIN
ChIJyW1Kt7y3fzIRCji54C5ViUs,Pantai Pinolosian Selatan,Kabupaten Bolaang Mongondow Selatan,Sulawesi Utara,Kabupaten Bolaang Mongondow Selatan,Sulawesi Utara,,"Pinolosian Sel., Kec. Pinolosian, Kabupaten Bolaang Mongondow Selatan, Sulawesi Utara",,,OK_GEO
ChIJHTZI2vG5gy0R_Aeubasp3-g,Pantai Mandel,Kabupaten Banggai Kepulauan,Sulawesi Tengah,Kabupaten Banggai Kepulauan,Sulawesi Tengah,,"PGGH+QXP, Kombutokan, Kabupaten Banggai Kepulauan, Sulawesi Tengah",,,OK_TEXT
ChIJC3dBagCzhi0RdlM33W10MeQ,Wisata Anteleng,Kabupaten Banggai,Sulawesi Tengah,Kabupaten Banggai,Sulawesi Tengah,,"4XFQ+6J4, Pohi, Luwuk Tim., Kabupaten Banggai, Sulawesi Tengah 94723",,,OK_TEXT
ChIJh2A99f_TfjIREq1Udz27AfY,Bukit Bulotalangi,Kabupaten Bone Bolango,Gorontalo,Kabupaten Bone Bolango,Gorontalo,,"J453+XF6, Bulotalangi, Kec. Bulango Tim., Kabupaten Bone Bolango, Gorontalo 96121",,,OK_GEO
ChIJxWHKVt-hiC0RFGX7jXVRHAQ,Wisata Tanjung Lawaka Ampana,Kabupaten Tojo Una-Una,Sulawesi Tengah,Kabupaten Tojo Una-Una,Sulawesi Tengah,,"5H8W+39M, Labuan, Kec. Ampana Kota, Kabupaten Tojo Una-Una, Sulawesi Tengah 94683",,,OK_GEO
ChIJOze-uFZ-oy0RdlrKfFNzljs,Danau Gumanano,Kabupaten Buton,Sulawesi Tenggara,Kabupaten Buton,Sulawesi Tenggara,Kabupaten Buton Tengah,"J853+XFH, Gumamano, Kec. Mawasangka, Kabupaten Buton, Sulawesi Tenggara 93762",,,TEXT_WIN
ChIJSXtNr3m_lC0RsJZvg7V50-4,Pantai Dato,Kabupaten Majene,Sulawesi Barat,Kabupaten Majene,Sulawesi Barat,,"CXRM+5PW, Dusun Jl. Pangale, Baurung, Banggae Timur, Majene Regency, West Sulawesi 91412",,,OK_TEXT
ChIJM-Q2XRCTiy0R2IqlxdmsLH0,Bulu Gawalise,Kabupaten Donggala,Sulawesi Tengah,Kabupaten Donggala,Sulawesi Tengah,,"Salungkaenu, Kec. Banawa Sel., Kabupaten Donggala, Sulawesi Tengah",,,OK_GEO
ChIJL7l0zMnrmC0R1xKjsMAjdTg,Bukit Teletubies Bajo Indah,Kabupaten Konawe,Sulawesi Tenggara,Kabupaten Konawe,Sulawesi Tenggara,,"3JGW+WVG, Bajo Indah, Soropia, Kabupaten Konawe, Sulawesi Tenggara 93351",,,OK_GEO
ChIJHUHAyvLTvi0RXIDvSfy0T8w,Wisata Bukit teletubbies,Kabupaten Jeneponto,Sulawesi Selatan,Kabupaten Jeneponto,Sulawesi Selatan,,"FHJ2+4RC, Bulujaya, Kec. Bangkala Bar., Kabupaten Jeneponto, Sulawesi Selatan 92352",,,OK_GEO
ChIJh1ObGxqOlC0RtUPi7KwGcPE,Pantai Garassi Desa Nepo,Kabupaten Polewali Mandar,Sulawesi Barat,Kabupaten Polewali Mandar,Sulawesi Barat,,"G6JV+R4J, Nepo, Kec. Wonomulyo, Kabupaten Polewali Mandar, Sulawesi Barat",,,OK_GEO
ChIJf_pVokahhi0RM21AJ6wuJCE,Wisata Alam Djagaan,Kabupaten Banggai,Sulawesi Tengah,Kabupaten Banggai,Sulawesi Tengah,,"Hanga-Hanga, Luwuk, Kabupaten Banggai, Sulawesi Tengah 94711",,,OK_TEXT
ChIJOxPPXCMlvi0RY5fUHsCbXHA,Permandian Baruttung'e,Kabupaten Barru,Sulawesi Selatan,Kabupaten Barru,Sulawesi Selatan,,"FJ8F+99G, Unnamed Road, Lalabata, Kec. Tanete Rilau, Kabupaten Barru, Sulawesi Selatan 90761",,,OK_GEO
ChIJmZG2SPTBlS0R02XboZF9CFE,Padang Tobelo,Kabupaten Sidenreng Rappang,Sulawesi Selatan,Kabupaten Sidenreng Rappang,Sulawesi Selatan,,"WQQV+9R, Corawali, Kec. Panca Lautang, Kabupaten Sidenreng Rappang, Sulawesi Selatan 91672",,,OK_GEO
ChIJraiEPYVXvi0RuKBH_fdV_2U,Kampung Wisata Ta'bua,Kabupaten Maros,Sulawesi Selatan,Kabupaten Maros,Sulawesi Selatan,,"Jl. Maros-Pangkajene, Mattiro Deceng, Kec. Lau, Kabupaten Maros, Sulawesi Selatan 90513",,,OK_GEO
ChIJa5iWpCdPvi0RmzGYv6kCEVk,"Pusat Informasi Geologi, Maros - Pangkep",Kabupaten Pangkajene Dan Kepulauan,Sulawesi Selatan,Kabupaten Pangkajene Dan Kepulauan,Sulawesi Selatan,,"5G7W+JMF, Jl. Andi Burhanuddin, Tumampua, Kec. Pangkajene, Kabupaten Pangkajene Dan Kepulauan, Sulawesi Selatan 90617",,,OK_GEO
ChIJY66LuNu7lS0RSr1amv6zfD4,Museum BJ Habibie,Kota Parepare,Sulawesi Selatan,Kota Parepare,Sulawesi Selatan,,"Jl. Alwi Abdul Djalil Habibie No.1, Mallusetasi, Kec. Ujung, Kota Parepare, Sulawesi Selatan 91114",,,OK_GEO
ChIJd8ToNVIxhzIR43ekf3yKDPQ,Pantai Bukit Tinggi,Kabupaten Minahasa,Sulawesi Utara,Kabupaten Minahasa,Sulawesi Utara,,"3X73+3WX, Bukit Tinggi, Kabupaten Minahasa, Sulawesi Utara",,,OK_TEXT
ChIJY-AWUeaZkS0RQQg7BUSRNEc,Bukit Tamboke,Kabupaten Luwu Utara,Sulawesi Selatan,Kabupaten Luwu Utara,Sulawesi Selatan,,"Jl. Tamboke, Tamboke, Kec. Sukamaju, Kabupaten Luwu Utara, Sulawesi Selatan 92963",,,OK_GEO
ChIJIR_DbxtfkS0RMbvH7InnxI4,Palopo City,Kota Palopo,Sulawesi Selatan,Kota Palopo,Sulawesi Selatan,,"X5XX+8CR, Tompotika, Kec. Wara, Kota Palopo, Sulawesi Selatan 91911",,,OK_GEO
ChIJl1fzNiDEhy0RmrfPZAaC8ds,Karina Beach,Kabupaten Tojo Una-Una,Sulawesi Tengah,Kabupaten Tojo Una-Una,Sulawesi Tengah,,"MV7X+XQ6, Gulf of Tomini, Kabupaten Tojo Una-Una, Sulawesi Tengah 94691",,,OK_TEXT
ChIJN--HxwT9vi0RJ-uSRI2rRyA,Jaringan EKOwisata MAngrove LAntebung,Kota Makassar,Sulawesi Selatan,Kota Makassar,Sulawesi Selatan,,"WFC8+V82, Lorong 2, RT.3/RW.6, Bira, Kec. Tamalanrea, Sulawesi Selatan 90243",,,OK_GEO
ChIJQYl6cv_wvS0RwidKjD7wthQ,Obyek Wisata Goa Jodoh,Kabupaten Bone,Sulawesi Selatan,Kabupaten Bone,Sulawesi Selatan,,"Pallette, Kec. Tanete Riattang Tim., Kabupaten Bone, Sulawesi Selatan 92719",,,OK_GEO
ChIJNbtHasvPmS0Rl7YnuK-s4Ds,Permandian batu lapis,Kabupaten Konawe,Sulawesi Tenggara,Kabupaten Konawe,Sulawesi Tenggara,,"Garuda, Kec. Asinua, Kabupaten Konawe, Sulawesi Tenggara 93452",,,OK_GEO
ChIJVVVVVekYfzIRmSwfvc8xxEg,Air Terjun Permai Taludaa,Kabupaten Bone Bolango,Gorontalo,Kabupaten Bone Bolango,Gorontalo,,"CF98+HH6, Taludaa, Kec. Bone, Kabupaten Bone Bolango, Gorontalo 96585",,,OK_GEO
ChIJ_61sc6HZvS0R9gaYLXC633g,Air Terjun Baruttung,Kabupaten Bone,Sulawesi Selatan,Kabupaten Bone,Sulawesi Selatan,,"66FF+7X2, Lappa Upang, Kec. Mare, Kabupaten Bone, Sulawesi Selatan 92773",,,OK_TEXT
ChIJXXAGJSDBky0R6zsbM1uV7QQ,Wisata Alam Tirotiku lolai,Kabupaten Toraja Utara,Sulawesi Selatan,Kabupaten Toraja Utara,Sulawesi Selatan,,"2VX6+GQ7, Limbong, Kec. Rantepao, Kabupaten Toraja Utara, Sulawesi Selatan 91862",,,OK_GEO
ChIJaePs3A1chzIRqh6eIHgN7Xk,Bukit Doa,Kabupaten Minahasa Selatan,Sulawesi Utara,Kabupaten Minahasa Selatan,Sulawesi Utara,,"5JV7+WPM, Jl. Bukit Doa, Pinaling, Kec. Amurang Tim., Kabupaten Minahasa Selatan, Sulawesi Utara",,,OK_GEO
ChIJi1m8SP6Joy0RJ3sPNmeBj8I,Wisata Puncak Maradadi,Kota Baubau,Sulawesi Tenggara,Kota Baubau,Sulawesi Tenggara,,"HJXF+6PC, Kolese, Kec. Lea-Lea, Kota Bau-Bau, Sulawesi Tenggara 93758",,,OK_GEO
ChIJbXDmq8nxmC0R8lLsyBBZcW4,Pantai Toola,Kabupaten Konawe,Sulawesi Tenggara,Kabupaten Konawe,Sulawesi Tenggara,,"Jl. Maesara, Puuwonua, Kec. Lalonggasumeeto, Kabupaten Konawe, Sulawesi Tenggara 93351",,,OK_GEO
ChIJm01Faj27lS0Rh_gazCwCkhA,GPdI Bukit Zaitun Parepare,Kota Parepare,Sulawesi Selatan,Kota Parepare,Sulawesi Selatan,,"Jl. Andi Mallarangeng No.1, Ujung Bulu, Kec. Ujung, Kota Parepare, Sulawesi Selatan 91113",,,OK_GEO
ChIJ8bjk1SizhzIR_-u9tpYcU_A,Pantai Kalinaun,Kabupaten Minahasa Utara,Sulawesi Utara,Kabupaten Minahasa Utara,Sulawesi Utara,,"J5J2+G6Q, Kalinaun, Kec. Likupang Tim., Kabupaten Minahasa Utara, Sulawesi Utara",,,OK_GEO
ChIJ2Z6NpF4AfDIRO_Ue8UVRKXc,Pulau Bongkil,Kabupaten Bolaang Mongondow Utara,Sulawesi Utara,Kabupaten Bolaang Mongondow Utara,Sulawesi Utara,,"24V4+JC3, Jl. Laut Sulawesi, Kabupaten Bolaang Mongondow Utara",,,OK_GEO
ChIJt3oIfD2HlC0RQkZnITqSg1c,Air Terjun Indo Rannuang,Kabupaten Polewali Mandar,Sulawesi Barat,Kabupaten Polewali Mandar,Sulawesi Barat,,"J9XW+GPJ, Jl. Indoranuang, Kunyi, Kec. Anreapi, Kabupaten Polewali Mandar, Sulawesi Barat 91315",,,OK_GEO
ChIJMRufgdtphzIRgqXMHT3Uei4,Air Terjun Tu'nan,Kabupaten Minahasa Selatan,Sulawesi Utara,Kabupaten Minahasa Selatan,Sulawesi Utara,,"7P3V+JXX, Talaitad, Sulta, Kabupaten Minahasa Selatan, Sulawesi Utara",,,OK_GEO
ChIJQ6-qiKOtfzIRiWbdfPbfA-g,Tugu Selamat Datang Kabupaten Bolaang Mongondow Selatan,Kabupaten Bolaang Mongondow,Sulawesi Utara,Kabupaten Bolaang Mongondow,Sulawesi Utara,Kabupaten Bolaang Mongondow Selatan,"FX67+RQH, Matayangan, Kec. Dumoga Bar., Kabupaten Bolaang Mongondow, Sulawesi Utara",,,TEXT_WIN
ChIJM6FWv5yJlC0RPiMvTgVtiNY,Pulau Dea-dea,Kabupaten Polewali Mandar,Sulawesi Barat,Kabupaten Polewali Mandar,Sulawesi Barat,,"G9MG+88H, Kec. Binuang, Kabupaten Polewali Mandar, Sulawesi Barat 91312",,,OK_GEO
ChIJk77-9vUdvy0R0WJDWj6uFaE,Pantai Tanjung Bunga,Kota Makassar,Sulawesi Selatan,Kota Makassar,Sulawesi Selatan,,"R9MR+9X6, Maccini Sombala, Kec. Tamalate, Kota Makassar, Sulawesi Selatan 90224",,,OK_GEO
ChIJt1ff5R1Zvi0Re4gQaoC0byE,Wisata pannampu,Kabupaten Maros,Sulawesi Selatan,Kabupaten Maros,Sulawesi Selatan,,"Maros,bantimurung, Tukamasea, dusun pajjaiang, Makassar, Sulawesi Selatan 90561",,,OK_GEO
ChIJw3cZQdqJhC0RCQmb8fCreYc,Air Terjun Batualambung Kambani,Kabupaten Banggai Kepulauan,Sulawesi Tengah,Kabupaten Banggai Kepulauan,Sulawesi Tengah,,"CV9J+28W, Kambani, Kec. Buko Selatan, Kabupaten Banggai Kepulauan, Sulawesi Tengah 94881",,,OK_TEXT
ChIJ0WEUqko0eDIRg9AMHKwgF_Q,RTH Masjid Agung Pohuwato,Kabupaten Pohuwato,Gorontalo,Kabupaten Pohuwato,Gorontalo,,"FW6W+VRV, Palopo, Kec. Marisa, Kabupaten Pohuwato, Gorontalo 96265",,,OK_GEO
ChIJ5VlMf1HhvS0RcrvstOaDWkA,P4S WANUA LAMPOKO,Kabupaten Bone,Sulawesi Selatan,Kabupaten Bone,Sulawesi Selatan,,"C64J+6XX, Unnamed Road, Lampoko, Kec. Barebbo, Kabupaten Bone, Sulawesi Selatan 92771",,,OK_GEO
ChIJh6LCKgA1uS0R9xTEvTauJPc,Kincir Angin PLTB,Kabupaten Jeneponto,Sulawesi Selatan,Kabupaten Jeneponto,Sulawesi Selatan,,"9Q7F+PV7, Kayuloe Tim., Kec. Turatea, Kabupaten Jeneponto, Sulawesi Selatan 92316",,,OK_GEO
ChIJz4-zHscJiC0R3uAhrjQX78M,Colo,Kabupaten Tojo Una-Una,Sulawesi Tengah,Kabupaten Tojo Una-Una,Sulawesi Tengah,,"Lembanya, Kec. Una-Una, Kabupaten Tojo Una-Una, Sulawesi Tengah",,,OK_GEO
ChIJ569-n9cSlC0Rauvfm3surao,Buntu Cekong,Kabupaten Enrekang,Sulawesi Selatan,Kabupaten Enrekang,Sulawesi Selatan,,"HQGX+4JG, Tanete, Kec. Anggeraja, Kabupaten Enrekang, Sulawesi Selatan 91752",,,OK_GEO
ChIJ1_7wnU1fhzIRMGXCxyms1ls,Pantai Kapitu,Kabupaten Minahasa Selatan,Sulawesi Utara,Kabupaten Minahasa Selatan,Sulawesi Utara,,"Kapitu, Kec. Amurang Bar., Kabupaten Minahasa Selatan, Sulawesi Utara",,,OK_GEO
ChIJa5V-mVQLizIRlQci_oQxYUw,Puncak panenteng tola,Kabupaten Kepulauan Sangihe,Sulawesi Utara,Kabupaten Kepulauan Sangihe,Sulawesi Utara,,"Tola, Kec. Tabukan Utara, Kabupaten Kepulauan Sangihe, Sulawesi Utara",,,OK_TEXT
ChIJ8RGPY5lHeTIRPeu6Ss_dQa4,Wisata Tracking mangrove,Kabupaten Gorontalo Utara,Gorontalo,Kabupaten Gorontalo Utara,Gorontalo,,"RR5R+FHH, Tolongio, Kec. Anggrek, Kabupaten Gorontalo Utara, Gorontalo",,,OK_GEO
ChIJMWXKUlm9lS0RU3UGWL31714,Wisata Mannessa Lappa Angin,Kota Parepare,Sulawesi Selatan,Kota Parepare,Sulawesi Selatan,,"XM3F+4F5, WT. Bacukiki, Kec. Bacukiki, Kota Parepare, Sulawesi Selatan 91121",,,OK_GEO
ChIJ98qrBgC7iy0RYiXRkGFl9Nk,Pantai Sangganipa,Kabupaten Donggala,Sulawesi Tengah,Kabupaten Donggala,Sulawesi Tengah,,"7MR9+M4V, Towale, Kec. Banawa Tengah, Kabupaten Donggala, Sulawesi Tengah 94351",,,OK_GEO
ChIJ33HrdH3vji0RlC7C7VLzNOQ,Pantai Bahari,Kabupaten Poso,Sulawesi Tengah,Kabupaten Poso,Sulawesi Tengah,,"HMMH+M4M, Mapane, Kec. Poso Pesisir, Kabupaten Poso, Sulawesi Tengah",,,OK_TEXT
ChIJjcbCdPFwpC0RtjSddQ6sYVU,Lakasa Cave,Kota Baubau,Sulawesi Tenggara,Kota Baubau,Sulawesi Tenggara,,"FHR8+MQ6, Sulaa, Kec. Betoambari, Kota Bau-Bau, Sulawesi Tenggara 93721",,,OK_GEO
ChIJnyxdUIGNoy0R8IVorkwh7sc,Permandian Lakakuloto,Kabupaten Buton Tengah,Sulawesi Tenggara,Kabupaten Buton Tengah,Sulawesi Tenggara,,"MJWQ+HX4, Rahia, Kec. Gu, Kabupaten Buton Tengah, Sulawesi Tenggara 93761",,,OK_GEO
ChIJ9zjEy2JfkS0R8JGfUKEeNqs,Waterboom Agro Wisata Palopo,Kota Palopo,Sulawesi Selatan,Kota Palopo,Sulawesi Selatan,,"Murante, Kec. Mungkajang, Kota Palopo, Sulawesi Selatan 91921",,,OK_GEO
ChIJaxHrDvMQjC0RljoACLgfvxg,Monumen Gerhana Matahari Total 2016,Kabupaten Sigi,Sulawesi Tengah,Kabupaten Sigi,Sulawesi Tengah,,"QWGX+VC2, Pakuli, Kec. Gumbasa, Kabupaten Sigi, Sulawesi Tengah 94361",,,OK_TEXT
ChIJ95lxG_xfky0RAdTy_PmnR2U,Air Terjun Kona,Kabupaten Polewali Mandar,Sulawesi Barat,Kabupaten Polewali Mandar,Sulawesi Barat,,"Q2HH+MQ3, Pollewani, Kec. Tutar, Kabupaten Polewali Mandar, Sulawesi Barat 91355",,,OK_GEO
ChIJn_rvaGp1hzIR-d-QpEKnh8M,Museum Perjuangan Rakyat Sulut,Kota Manado,Sulawesi Utara,Kota Manado,Sulawesi Utara,,"No Jl. Sam Ratulangi No.27, Wenang Utara, Kec. Wenang, Kota Manado, Sulawesi Utara",,,OK_GEO
ChIJPUhFkWF5oy0RXwmTp7vESFQ,Pantai Napa,Kabupaten Buton,Sulawesi Tenggara,Kabupaten Buton,Sulawesi Tenggara,Kabupaten Buton Tengah,"93762, Napa, Mawasangka, Napa, Kec. Mawasangka, Kabupaten Buton, Sulawesi Tenggara",,,TEXT_WIN
ChIJS5IUHj4Vui0R3GZFJMY3t0A,Pantai Pinang,Kabupaten Kepulauan Selayar,Sulawesi Selatan,Kabupaten Kepulauan Selayar,Sulawesi Selatan,,Sulawesi Selatan,,,OK_GEO
ChIJS_UaSk2FkS0RNN4se8V_Gsk,Wisata Alam Sulili Baebunta,Kabupaten Luwu Utara,Sulawesi Selatan,Kabupaten Luwu Utara,Sulawesi Selatan,,"Baebunta, Kec. Baebunta, Kabupaten Luwu Utara, Sulawesi Selatan 92965",,,OK_GEO
ChIJPTP_9iuJji0RVgBORnMc210,Situs Megalitik Watunongko,Kabupaten Poso,Sulawesi Tengah,Kabupaten Poso,Sulawesi Tengah,,"C9PX+QF, Watutau, Kec. Lore Peore, Kabupaten Poso, Sulawesi Tengah 94653",,,OK_TEXT
ChIJRdHmSX_Bky0RfOqFuEzBn7g,Gunung Sesean Toraja Utara,Kabupaten Toraja Utara,Sulawesi Selatan,Kabupaten Toraja Utara,Sulawesi Selatan,,"3VXH+CFP, Sesean Matallo, Kec. Sesean, Kabupaten Toraja Utara, Sulawesi Selatan 91853",,,OK_GEO
ChIJ74548uzzky0RAPmpuYIrSC4,TONGKONAN SASSA',Kabupaten Tana Toraja,Sulawesi Selatan,Kabupaten Tana Toraja,Sulawesi Selatan,,"RVM5+XWR, Gasing, Kec. Mengkendek, Kabupaten Tana Toraja, Sulawesi Selatan 91817",,,OK_TEXT
ChIJVfxrCgVpkC0R5giNYyEuevA,C-Beach (Pantai C-Salonsa),Kabupaten Luwu Timur,Sulawesi Selatan,Kabupaten Luwu Timur,Sulawesi Selatan,,"F8RP+X3R, Magani, Kec. Nuha, Kabupaten Luwu Timur, Sulawesi Selatan 92983",,,OK_GEO
ChIJU6DXlwWHlC0RtdE1qhUh-EI,wisata alam pattipo,Kabupaten Polewali Mandar,Sulawesi Barat,Kabupaten Polewali Mandar,Sulawesi Barat,,"J9HC+5M5, Kunyi, Kec. Anreapi, Kabupaten Polewali Mandar, Sulawesi Barat 91315",,,OK_GEO
ChIJCaaWcQ-khzIRCrup-TKdSeU,Air Terjun Kelimbun Tumbohon,Kabupaten Minahasa Utara,Sulawesi Utara,Kabupaten Minahasa Utara,Sulawesi Utara,,"HXF5+M8Q, Tumbohon, Kec. Talawaan, Kabupaten Minahasa Utara, Sulawesi Utara",,,OK_GEO
ChIJmf-HPgBdgS0RAnsROHPtvLg,Weer Molino,Kabupaten Banggai,Sulawesi Tengah,Kabupaten Banggai,Sulawesi Tengah,,"399M+C78, Dondo, Kec. Balantak Sel., Kabupaten Banggai, Sulawesi Tengah",,,OK_TEXT
ChIJFZ-9b6RVny0RRIfGGmsR6RM,Kali Biru Mosolo,Kabupaten Konawe,Sulawesi Tenggara,Kabupaten Konawe,Sulawesi Tenggara,Kabupaten Konawe Kepulauan,"Masolo, Kec. Wawonii Tenggara, Kabupaten Konawe, Sulawesi Tenggara 93393",,,TEXT_WIN
ChIJbcRJq7G7lS0REUTQNX7ujMI,Monumen Korban 40.000 jiwa,Kota Parepare,Sulawesi Selatan,Kota Parepare,Sulawesi Selatan,,"XJRC+CRJ, Ujung Sabbang, Kec. Ujung, Kota Parepare, Sulawesi Selatan 91114",,,OK_GEO
ChIJm4c-uXg1ui0RBFvXRUewAm8,Wisata Alam Bonto Kalihara (Bukit Semut) Selayar,Kabupaten Kepulauan Selayar,Sulawesi Selatan,Kabupaten Kepulauan Selayar,Sulawesi Selatan,,"VFFF+W9X, Putabangung, Kec. Bontoharu, Kab. Kepulauan Selayar, Sulawesi Selatan",,,OK_GEO
ChIJ90alQG7cizIRwC3iYnwytw4,Banua Wuhu,Kabupaten Kepulauan Sangihe,Sulawesi Utara,,,,,,,NO_ADDR
ChIJB20sg5LrmC0RUpSPdrOKTMg,"Desa Bokori, Kabupaten Konawe, Sulawesi Tenggara",Kabupaten Konawe,Sulawesi Tenggara,Kabupaten Konawe,Sulawesi Tenggara,,"3MG7+2CH, Bokori, Soropia, Kabupaten Konawe, Sulawesi Tenggara 93351",,,OK_GEO
ChIJzUYXZb4bly0RA_6JOq0eJRU,Air terjun Rouda,Kabupaten Kolaka Utara,Sulawesi Tenggara,Kabupaten Kolaka Utara,Sulawesi Tenggara,,"9XJX+7WP, Raoda, Kec. Lambai, Kabupaten Kolaka Utara, Sulawesi Tenggara 93956",,,OK_GEO
ChIJ9Z6ZHF-Xoy0RmZy_yCrWO8M,Pantai Morano,Kabupaten Muna Barat,Sulawesi Tenggara,Kabupaten Muna,Sulawesi Tenggara,,"RHQQ+48H, Fongkaniwa, Walengkabola, Sulawesi Tenggara 93662",,,OK_GEO
ChIJyxETnKSPoy0RgVMKbBFuH50,Benteng Bombonawulu,Kabupaten Buton,Sulawesi Tenggara,Kabupaten Buton,Sulawesi Tenggara,Kabupaten Buton Tengah,"PH58+F8H, Wongko Lakudo, Kec. Lakudo, Kabupaten Buton, Sulawesi Tenggara 93763",,,TEXT_WIN
ChIJm4RBqz4teTIR-CBtngNjuuU,DESWITA ( DESTINASI WISATA ) SEJAHTERA,Kabupaten Bone Bolango,Gorontalo,Kabupaten Bone Bolango,Gorontalo,,"H3RF+99G, Sejahtera, Kec. Bulango Sel., Kabupaten Bone Bolango, Gorontalo 96129",,,OK_GEO
ChIJbfcmXs6zhzIR02f5KhjWNN0,Pantai Pulisan,Kabupaten Minahasa Utara,Sulawesi Utara,Kabupaten Minahasa Utara,Sulawesi Utara,,"M4JW+XQ5, Pantai, Pulisan, Kec. Likupang Tim., Kabupaten Minahasa Utara, Sulawesi Utara",,,OK_GEO
ChIJQzYqhQ3fiy0RT054uc4fa6A,Rakata Beach,Kabupaten Parigi Moutong,Sulawesi Tengah,Kabupaten Parigi Moutong,Sulawesi Tengah,,"742C+X44, Pelawa Baru, Kabupaten Parigi Moutong, Sulawesi Tengah",,,OK_GEO
ChIJZecDKEaJoy0Rg72rLWJ7U8k,Goa Bidadari,Kabupaten Buton Tengah,Sulawesi Tenggara,Kabupaten Buton Tengah,Sulawesi Tenggara,,"MJ55+GF7, Kolowa, Kec. Gu, Kabupaten Buton Tengah, Sulawesi Tenggara 93761",,,OK_GEO
ChIJUVlER6sBeTIR41-NDVMOivY,Air Terjun Tenilo,Kabupaten Boalemo,Gorontalo,Kabupaten Boalemo,Gorontalo,,"GCF6+6R9, Dulupi, Kec. Dulupi, Kabupaten Boalemo, Gorontalo 96263",,,OK_GEO
ChIJoSzoZ10vjTIRyRFlWXJzTaI,Pulau Sara-besar,Kabupaten Kepulauan Talaud,Sulawesi Utara,Kabupaten Kepulauan Talaud,Sulawesi Utara,,"Moronge, Kec. Moronge, Kabupaten Kepulauan Talaud, Sulawesi Utara",,,OK_TEXT
ChIJn1-W54QwfzIRuX0Tl_u9DqM,Pantai Pasir Putih Pinomontiga,Kabupaten Bone Bolango,Gorontalo,Kabupaten Bone Bolango,Gorontalo,,"Jl. Trans Sulawesi, Pinomontiga, Kec. Bulawa, Kabupaten Bone Bolango, Gorontalo",,,OK_GEO
ChIJadIoXgBNvi0Rmubxqj0VukQ,Wisata Mancing Desa BuluCindea,Kabupaten Pangkajene Dan Kepulauan,Sulawesi Selatan,Kabupaten Pangkajene Dan Kepulauan,Sulawesi Selatan,,"5GP6+62W, Bulu Cindea, Kec. Bungoro, Kabupaten Pangkajene Dan Kepulauan, Sulawesi Selatan 90617",,,OK_GEO
ChIJ80UjIYR1hzIRu-qTxo1qZyU,Gedung PIKAT,Kota Manado,Sulawesi Utara,Kota Manado,Sulawesi Utara,,"Titiwungen Sel., Kec. Sario, Kota Manado, Sulawesi Utara",,,OK_GEO
ChIJv_fD8KlLiS0R7_Y81aHa6Qs,PANTAI WISATA LOGPON,Kabupaten Parigi Moutong,Sulawesi Tengah,Kabupaten Parigi Moutong,Sulawesi Tengah,,"2F48+Q4F, Unnamed Road, Sausu Gandasari, Kec. Sausu, Kabupaten Parigi Moutong, Sulawesi Tengah 94473",,,OK_GEO
ChIJKQwZdnaFgy0R3DlPOPHYPOw,LASA Nature Tourism,Kabupaten Banggai Kepulauan,Sulawesi Tengah,Kabupaten Banggai Kepulauan,Sulawesi Tengah,,"Jl. Trans Peling, Patukuki, Kec. Peling Tengah, Kabupaten Banggai Kepulauan, Sulawesi Tengah 94883",,,OK_TEXT
ChIJ7TO9yMfZki0RV8fyRSAueTA,LYWANZA POOL & RESTO,Kabupaten Mamuju Tengah,Sulawesi Barat,Kabupaten Mamuju,Sulawesi Barat,,"8V4F+262, Jl. Soekarno Hatta, Karema, Kec. Mamuju, Kabupaten Mamuju, Sulawesi Barat 91512",,,OK_TEXT
ChIJEW9cGhhUhjIRoAE9N4u4TtA,Ekowisata Mangrove Lirang,Kota Bitung,Sulawesi Utara,Kota Bitung,Sulawesi Utara,,"G7VR+GW8, Lirang, Kec. Lembeh Utara, Kota Bitung, Sulawesi Utara",,,OK_GEO
ChIJzaOFpS2Lmi0R0hJBlHePsGg,Hutan Mangrove Tofuti,Kabupaten Morowali,Sulawesi Tengah,Kabupaten Morowali,Sulawesi Tengah,,"CXQH+HF3, Unnamed Road, Bahontobungku, Kec. Bungku Tengah, Kabupaten Morowali, Sulawesi Tengah 94973",,,OK_GEO
ChIJD5M8EbL_oS0RXyMNKiX3KVI,Pantai Puuesa,Kabupaten Konawe,Sulawesi Tenggara,Kabupaten Konawe,Sulawesi Tenggara,Kabupaten Konawe Kepulauan,"Sukarela Jaya, Kec. Wawonii Tenggara, Kabupaten Konawe, Sulawesi Tenggara 93393",,,TEXT_WIN
ChIJcY7IQSmOkS0R2IkMvO5jvzM,Air Terjun Sarambu,Kabupaten Luwu Utara,Sulawesi Selatan,Kabupaten Luwu Utara,Sulawesi Selatan,,"G84Q+4JR, Sumilin, Kec. Masamba, Kabupaten Luwu Utara, Sulawesi Selatan 92916",,,OK_GEO
ChIJO0UjNtVdlC0RT66hc7mHJjA,Pantai Wisata Maroneng,Kabupaten Pinrang,Sulawesi Selatan,Kabupaten Pinrang,Sulawesi Selatan,,"Maroneng, Kec. Duampanua, Kabupaten Pinrang, Sulawesi Selatan 91253",,,OK_GEO
ChIJq6qqqpfjvS0RoVeqdofTOto,Puncak Battoa,Kabupaten Bone,Sulawesi Selatan,Kabupaten Bone,Sulawesi Selatan,,"C6MJ+9CW, Cingkang, Kec. Barebbo, Kabupaten Bone, Sulawesi Selatan 92771",,,OK_GEO
ChIJLeLyHXLXhS0RTqUEx_DDvP4,Gunung Tumpu,Kabupaten Banggai,Sulawesi Tengah,Kabupaten Banggai,Sulawesi Tengah,,"Damai Makmur, Kec. Nuhon, Kabupaten Banggai, Sulawesi Tengah",,,OK_TEXT
ChIJ4Sm33qsyoi0RRU4czcykuME,Air Terjun Kalimalima,Kabupaten Muna,Sulawesi Tenggara,Kabupaten Muna,Sulawesi Tenggara,,"5VQV+7WC, Moolo, Kec. Batukara, Kabupaten Muna, Sulawesi Tenggara 93674",,,OK_GEO
ChIJ_dztBABdkC0R4WEMxq_R6TU,Wisata Matabuntu,Kabupaten Luwu Timur,Sulawesi Selatan,Kabupaten Luwu Timur,Sulawesi Selatan,,"C7P2+7VW, Ledu-Ledu, Kec. Wasuponda, Kabupaten Luwu Timur, Sulawesi Selatan 92983",,,OK_GEO
ChIJ9Q9me4y7iy0R-XNPaE737J4,Pantai tupa,Kabupaten Donggala,Sulawesi Tengah,Kabupaten Donggala,Sulawesi Tengah,,"7MR9+XG, Towale, Kec. Banawa Tengah, Kabupaten Donggala, Sulawesi Tengah 94351",,,OK_GEO
ChIJc79i-jtneTIRI1_x2gnavSQ,Puncak dunu,Kabupaten Gorontalo Utara,Gorontalo,Kabupaten Gorontalo Utara,Gorontalo,,"WJQW+2R2, Dunu, Kec. Anggrek, Kabupaten Gorontalo Utara, Gorontalo 96525",,,OK_GEO
ChIJD4OLVa4Bli0REKeFnSLoxvY,Permandian TompoE,Kabupaten Bone,Sulawesi Selatan,Kabupaten Bone,Sulawesi Selatan,,"M6JC+GCH, Cabbeng, Kec. Dua Boccoe, Kabupaten Bone, Sulawesi Selatan 92753",,,OK_GEO
ChIJh2aGCOsThzIR_kPmv975Z20,Hidden Paradise Minahasa,Kabupaten Minahasa,Sulawesi Utara,Kabupaten Minahasa,Sulawesi Utara,,"Jl. Tondano Kamangta, Suluan, Kec. Tombulu, Kabupaten Minahasa, Sulawesi Utara",,,OK_TEXT
ChIJq6qqqiGgizIRsEeOfoCg_2o,Sapaeng Beach,Kabupaten Kepulauan Sangihe,Sulawesi Utara,Kabupaten Kepulauan Sangihe,Sulawesi Utara,,"HHJH+JRW, Kuma, Kec. Tabukan Tengah, Kabupaten Kepulauan Sangihe, Sulawesi Utara",,,OK_TEXT
ChIJVY8QnMBmhC0RCt4wuSVXLQ4,Pantai Sapelang,Kabupaten Banggai Kepulauan,Sulawesi Tengah,Kabupaten Banggai Kepulauan,Sulawesi Tengah,,"GQQP+H6P, Apal, Kec. Buko Selatan, Kabupaten Banggai Kepulauan, Sulawesi Tengah",,,OK_TEXT
ChIJF4rprCjvoy0R8iTnJf4Ih7s,Lembah Lambusango,Kabupaten Buton,Sulawesi Tenggara,Kabupaten Buton,Sulawesi Tenggara,,"QRXW+G52, Wakangka, Kec. Kapontori, Kabupaten Buton, Sulawesi Tenggara 93755",,,OK_GEO
ChIJXxKNVQAHvC0RFZ4hdtxlp68,Sumber Mata Air Kab. Bulukumba,Kabupaten Bulukumba,Sulawesi Selatan,Kabupaten Bulukumba,Sulawesi Selatan,,"G84Q+52, Benjala, Kec. Bonto Bahari, Kabupaten Bulukumba, Sulawesi Selatan 92572",,,OK_GEO
ChIJn3zbDQDXky0RMXDbCpog74U,Air Terjun Andulan,Kabupaten Luwu,Sulawesi Selatan,Kabupaten Luwu,Sulawesi Selatan,,"63RH+5G, Siteba, Kec. Walenrang Utara, Kabupaten Luwu, Sulawesi Selatan 91952",,,OK_GEO
ChIJ58YiL05LmC0Rg4jjZ2hKPlg,Air Terjun kumapo dahu,Kabupaten Konawe,Sulawesi Tenggara,Kabupaten Konawe,Sulawesi Tenggara,,"734M+24X, Unnamed Road, Andabia, Anggaberi, Konawe Regency, South East Sulawesi 93419",,,OK_GEO
ChIJFb9hJfqHlC0RM5e5cXXITdc,Limbong Kambellun,Kabupaten Polewali Mandar,Sulawesi Barat,Kabupaten Polewali Mandar,Sulawesi Barat,,"JC36+7J2, Batetangnga, Kec. Binuang, Kabupaten Polewali Mandar, Sulawesi Barat 91312",,,OK_GEO
ChIJy9eB2E8rfzIRX4X4UnmotwU,Exotic Beach,Kabupaten Bone Bolango,Gorontalo,Kabupaten Bone Bolango,Gorontalo,,"F484+PRC Pantai Exotic, Huangobotu, Kec. Kabila Bone, Kabupaten Bone Bolango, Gorontalo 96117",,,OK_GEO
ChIJP47xPbOFli0RJiE01NwgGB4,Air Terjun Salbir,Kabupaten Sidenreng Rappang,Sulawesi Selatan,Kabupaten Sidenreng Rappang,Sulawesi Selatan,,"77WX+8GW, Dengeng-Dengeng, Kec. Pitu Riase, Kabupaten Sidenreng Rappang, Sulawesi Selatan 90992",,,OK_GEO
ChIJ0Sj-Yb1ZkC0RzdPro5z-zS8,ANDI NYIWI PARK LUWU TIMUR,Kabupaten Luwu Timur,Sulawesi Selatan,Kabupaten Luwu Timur,Sulawesi Selatan,,"937W+QXM, Malili, Kec. Malili, Kabupaten Luwu Timur, Sulawesi Selatan 92933",,,OK_GEO
ChIJqdnFeQxnhzIRvtGLnmPVNjU,Air Terjun Popontolen,Kabupaten Minahasa Selatan,Sulawesi Utara,Kabupaten Minahasa Selatan,Sulawesi Utara,,"7J9P+W7C, Popontolen, Kec. Tumpaan, Kabupaten Minahasa Selatan, Sulawesi Utara",,,OK_GEO
ChIJ8WURtsKHlC0R4gId_kko9gM,Permandian Bendungan Kandang,Kabupaten Polewali Mandar,Sulawesi Barat,Kabupaten Polewali Mandar,Sulawesi Barat,,"J9P3+77, Papandangan, Kec. Anreapi, Kabupaten Polewali Mandar, Sulawesi Barat 91315",,,OK_GEO
ChIJbXaliZ0JkS0RFhCR7tt6ZDc,Wisata Bahari Pantai Seta Seta,Kabupaten Luwu Utara,Sulawesi Selatan,Kabupaten Luwu Utara,Sulawesi Selatan,,"8J8G+Q3, Poreang, Kec. Tana Lili, Kabupaten Luwu Utara, Sulawesi Selatan",,,OK_GEO
ChIJA8MbhF-qhS0Rp-n78Kv_6j8,Pantai Wisata Pandanwangi,Kabupaten Banggai,Sulawesi Tengah,Kabupaten Banggai,Sulawesi Tengah,,"Pandan Wangi, Kec. Toili Bar., Kabupaten Banggai, Sulawesi Tengah",,,OK_TEXT
ChIJs0-o-QBHmC0Rfg3FbfvU85w,KJA Latoma,Kabupaten Konawe,Sulawesi Tenggara,Kabupaten Konawe,Sulawesi Tenggara,,"43J3+7F5, Latoma, Kec. Unaaha, Kabupaten Konawe, Sulawesi Tenggara 93415",,,OK_GEO
ChIJv_lmR_pdvi0R3cVKG3DQtZM,Gunung Bahonglangi,Kabupaten Bone,Sulawesi Selatan,Kabupaten Bone,Sulawesi Selatan,,"VWCP+7MX, Bontojai, Kec. Bontocani, Kabupaten Bone, Sulawesi Selatan 90561",,,OK_TEXT
ChIJB_ayRI9Rvi0RrRSKKzmdK4Q,Objek Wisata Lamperangan,Kabupaten Pangkajene Dan Kepulauan,Sulawesi Selatan,Kabupaten Pangkajene Dan Kepulauan,Sulawesi Selatan,,"4HVV+PF4, Kabba, Kec. Minasatene, Kabupaten Pangkajene Dan Kepulauan, Sulawesi Selatan 90614",,,OK_GEO
ChIJd-kj3Wwlvi0REpmM_TZMUoc,Wisata Salo Rumpiae,Kabupaten Barru,Sulawesi Selatan,Kabupaten Barru,Sulawesi Selatan,,"FM56+78, Lompo Tengah, Kec. Tanete Riaja, Kabupaten Barru, Sulawesi Selatan 90762",,,OK_GEO
ChIJ1wUO7beifjIRcJCpwLw0GX8,Pantai Saleo,Kabupaten Bolaang Mongondow Utara,Sulawesi Utara,Kabupaten Bolaang Mongondow Utara,Sulawesi Utara,,"VCR8+9VC, Saleo, Kec. Bolang Itang Tim., Kabupaten Bolaang Mongondow Utara, Sulawesi Utara",,,OK_GEO
ChIJlTA8qp7Hky0Rr2Cf093LYD0,Objek Wisata Hutan Bambu To' Kumila',Kabupaten Toraja Utara,Sulawesi Selatan,Kabupaten Toraja Utara,Sulawesi Selatan,,"4V35+G67, Tonga Riu, Kec. Sesean Suloara, Kabupaten Toraja Utara, Sulawesi Selatan 91833",,,OK_GEO
ChIJC-8G8wI5mi0RXQwcMCMtaIo,Air Terjun,Kabupaten Morowali,Sulawesi Tengah,Kabupaten Morowali,Sulawesi Tengah,,"35R3+23, Labota, Kec. Bahodopi, Kabupaten Morowali, Sulawesi Tengah 94974",,,OK_GEO
ChIJXSIuvlHnvi0RGFKvtIOfCLw,Wisata Bukit Harapan Gowa,Kabupaten Gowa,Sulawesi Selatan,Kabupaten Gowa,Sulawesi Selatan,,"Bujjulu, Jl. Bukit Harapan No.8, Bontoparang, Kec. Parangloe, Kabupaten Gowa, Sulawesi Selatan 90562",,,OK_GEO
ChIJ8eXWybkLgy0RBbxYLzxIBIA,Objek wisata terumbu karang Adhyaksa dan hutan bakau Adhyaksa,Kabupaten Banggai Kepulauan,Sulawesi Tengah,Kabupaten Banggai Kepulauan,Sulawesi Tengah,Kabupaten Banggai Laut,"FF9Q+6JF, Bone Baru, Banggai Utara, Kabupaten Banggai Kepulauan, Sulawesi Tengah 94891",,,TEXT_WIN
ChIJz6nl4X8NmS0RBin3jHYXcVE,Blue Lagoon Labengki,Kabupaten Konawe Utara,Sulawesi Tenggara,Kabupaten Konawe Utara,Sulawesi Tenggara,,"GFC5+7QC, Labengi, Kec. Lasolo, Kabupaten Konawe Utara, Sulawesi Tenggara 93352",,,OK_TEXT
ChIJY-DcEdcTpC0RwDrlfL381M0,Senja Beloka,Kabupaten Buton Selatan,Sulawesi Tenggara,Kabupaten Buton,Sulawesi Tenggara,Kabupaten Buton Selatan,"FP4R+5XJ, Katolemando, Sandang Pangan, Kec. Sampolawa, Kabupaten Buton, Sulawesi Tenggara 93753",,,TEXT_WIN
ChIJxxEf8VsNhzIRfrgYwcE_1d4,Air Terjun Kembes,Kabupaten Minahasa,Sulawesi Utara,Kabupaten Minahasa,Sulawesi Utara,,"9VMF+JX, Kembes II, Kec. Tombulu, Kabupaten Minahasa, Sulawesi Utara",,,OK_TEXT
ChIJ_W1GmnNvhS0R4C933Ap_teQ,Air Terjun Bobaa,Kabupaten Morowali Utara,Sulawesi Tengah,Kabupaten Morowali Utara,Sulawesi Tengah,,"7RXH+F7W, Unnamed Road, Boba, Kec. Bungku Utara, Kabupaten Morowali Utara, Sulawesi Tengah 94972",,,OK_GEO
ChIJxwpcld5rmC0RzENbStkz_1E,Puncak Savana Puuhopa,Kabupaten Konawe,Sulawesi Tenggara,Kabupaten Konawe,Sulawesi Tenggara,,"W3RG+77W, Puuhopa, Kec. Puriala, Kabupaten Konawe, Sulawesi Tenggara 93464",,,OK_GEO
ChIJc9cEd6ODoy0RyrjNgQj18Yg,Gua Koo,Kabupaten Buton,Sulawesi Tenggara,Kabupaten Buton,Sulawesi Tenggara,Kabupaten Buton Tengah,"M997+MFV, Lakorua, Kec. Mawasangka Tengah, Kabupaten Buton, Sulawesi Tenggara 93762",,,TEXT_WIN
ChIJhd-GhF3jvS0RHH9QWGotrXw,Air Terjun Maccading,Kabupaten Bone,Sulawesi Selatan,Kabupaten Bone,Sulawesi Selatan,,"F5CM+R8, Ulaweng Cinnong, Kec. Ulaweng, Kabupaten Bone, Sulawesi Selatan 92762",,,OK_TEXT
ChIJ6f8XQedzhzIRGEMcbEJHpHw,Parkiran Air Terjun (Kali),Kabupaten Minahasa,Sulawesi Utara,Kabupaten Minahasa,Sulawesi Utara,,"9RWV+83P, Kali, Kec. Pineleng, Kabupaten Minahasa, Sulawesi Utara",,,OK_TEXT
ChIJjf84cDALgy0R1MwXeGvijUk,Taman Pantai Bone Baru,Kabupaten Banggai Kepulauan,Sulawesi Tengah,Kabupaten Banggai Kepulauan,Sulawesi Tengah,Kabupaten Banggai Laut,"FF9V+636, Bone Baru, Banggai Utara, Kabupaten Banggai Kepulauan, Sulawesi Tengah 94891",,,TEXT_WIN
ChIJY7MHYVD9vS0RdAYfPgIRvYM,Permandian sungai jernih,Kabupaten Bone,Sulawesi Selatan,Kabupaten Bone,Sulawesi Selatan,,"F6MJ+R52, Usa, Kec. Palakka, Kabupaten Bone, Sulawesi Selatan 92761",,,OK_GEO
ChIJsSA5NQBZkS0R-5WRzeKBC8k,Wisata Buntu Nangka (Palopo),Kota Palopo,Sulawesi Selatan,Kota Palopo,Sulawesi Selatan,,"X5C9+4P3, Peta, Kec. Sendana, Kota Palopo, Sulawesi Selatan 91921",,,OK_GEO
ChIJjVHysGqHhC0RpY2q23SgBEA,Gua Susundeng,Kabupaten Banggai Kepulauan,Sulawesi Tengah,Kabupaten Banggai Kepulauan,Sulawesi Tengah,,"CWFC+7R5, Pandaluk, Kec. Bulagi Sel., Kabupaten Banggai Kepulauan, Sulawesi Tengah 94882",,,OK_TEXT
ChIJLYG0JBoHpC0RSCUovrle0eo,air terjun wambalamba,Kabupaten Buton,Sulawesi Tenggara,Kabupaten Buton,Sulawesi Tenggara,,"JW63+MPR, Winning, Kec. Ps. Wajo, Kabupaten Buton, Sulawesi Tenggara 93754",,,OK_GEO
ChIJF_TfHPU6ky0R_FzPrsFXTZU,Pantai Kasambang,Kabupaten Mamuju,Sulawesi Barat,Kabupaten Mamuju,Sulawesi Barat,,"4V7P+62P, Kasambang, Kec. Tapalang, Kabupaten Mamuju, Sulawesi Barat 91352",,,OK_TEXT
ChIJ76ElJUWVgy0RL-5yyPZiw3I,Air Terjun Tembang Luk Sagu,Kabupaten Banggai Kepulauan,Sulawesi Tengah,Kabupaten Banggai Kepulauan,Sulawesi Tengah,,"PCCG+9GM, Luk Sagu, Kec. Tinangkung Utara, Kabupaten Banggai Kepulauan, Sulawesi Tengah 94885",,,OK_TEXT
ChIJ9Tr9BvCjhi0RekTlU5BG6fk,Museum Daerah Kab Banggai _Bekas Rumah Capitan,Kabupaten Banggai,Sulawesi Tengah,Kabupaten Banggai,Sulawesi Tengah,,"3Q3X+G3H, Jl. Ahmad Yani, Luwuk, Kabupaten Banggai, Sulawesi Tengah 94712",,,OK_TEXT
ChIJc8PEGXbfky0RY37x-Y5LvX4,Bukit Kaju Angin,Kota Palopo,Sulawesi Selatan,Kota Palopo,Sulawesi Selatan,,"345R+RR, Battang, Kec. Wara Bar., Kota Palopo, Sulawesi Selatan 91958",,,OK_GEO
ChIJYycfagBpeTIR3PIUW0Rc1rI,Pantai Monano ( Gorontalo Utara ),Kabupaten Gorontalo Utara,Gorontalo,Kabupaten Gorontalo Utara,Gorontalo,,"VMRW+7QC, Monas, Kec. Anggrek, Kabupaten Gorontalo Utara, Gorontalo 96525",,,OK_GEO
ChIJg8h-Z4o-ui0RXmw-CPLUBM0,Pantai Batukarapu,Kabupaten Kepulauan Selayar,Sulawesi Selatan,Kabupaten Kepulauan Selayar,Sulawesi Selatan,,"JF94+252, Lowa, Bontosikuyu, Kab. Kepulauan Selayar, Sulawesi Selatan 92855",,,OK_GEO
ChIJGUTn-w7zky0RwKX4GCcHxB4,Pango Pango Eco Green Park,Kabupaten Tana Toraja,Sulawesi Selatan,Kabupaten Tana Toraja,Sulawesi Selatan,,"Kelurahan Pasang, Kec. Makale Sel., Kabupaten Tana Toraja, Sulawesi Selatan 91815",,,OK_TEXT
ChIJL3m7nIkFhzIRkqPXPpmjkmY,Pantai Tasik Oki,Kota Bitung,Sulawesi Utara,Kota Bitung,Sulawesi Utara,Kabupaten Minahasa Utara,"Tj. Merah, Kec. Matuari, Kota Bitung, Sulawesi Utara",,,TEXT_WIN
ChIJHXyNLnPZiy0RLllIc5ukypM,Pantai Kapuk Toboli,Kabupaten Parigi Moutong,Sulawesi Tengah,Kabupaten Parigi Moutong,Sulawesi Tengah,,"836M+6R3, Jl. Trans Sulawesi, Toboli, Kec. Parigi Utara, Kabupaten Parigi Moutong, Sulawesi Tengah",,,OK_GEO
ChIJe_SJYi29lC0RRRv-5ey0sWE,Makam Raja Todilaling,Kabupaten Polewali Mandar,Sulawesi Barat,Kabupaten Polewali Mandar,Sulawesi Barat,,"G2JP+6V3, Napo, Kec. Limboro, Kabupaten Polewali Mandar, Sulawesi Barat 91354",,,OK_GEO
ChIJ41fImRBbeTIRr51BZ8ahWZA,Pantai Lito Mohinggito,Kabupaten Gorontalo Utara,Gorontalo,Kabupaten Gorontalo Utara,Gorontalo,,"WVGG+2P3, Unnamed Road, Moluo, Kec. Kwandang, Kabupaten Gorontalo Utara, Gorontalo",,,OK_GEO
ChIJn6goHWaYji0RUiT3bVaP4mU,Obyek Wisata Telaga Tambing,Kabupaten Poso,Sulawesi Tengah,Kabupaten Poso,Sulawesi Tengah,,"M8F4+3XJ, Sedoa, Kec. Lore Utara, Kabupaten Poso, Sulawesi Tengah 94653",,,OK_TEXT
ChIJjX8CoBDhoi0RxUd4fKxK-Dc,Pantai Widodo,Kabupaten Bombana,Sulawesi Tenggara,Kabupaten Bombana,Sulawesi Tenggara,,"43V6+P66, Jl. Poros Rumbia Tengah-Mata Oleo, Lora, Mata Oleo, Kabupaten Bombana, Sulawesi Tenggara",,,OK_GEO
ChIJDVgKlzzcki0RR6JDUwJPPdE,Wisata Pantai Mangrove Ampallas,Kabupaten Mamuju,Sulawesi Barat,Kabupaten Mamuju,Sulawesi Barat,,"9X9J+VFJ, Bebanga, Kec. Kalukku, Kabupaten Mamuju, Sulawesi Barat 91511",,,OK_TEXT
ChIJAUMo78illC0RqdztPUnkO18,Kolam renang lambe lambe,Kabupaten Majene,Sulawesi Barat,Kabupaten Majene,Sulawesi Barat,,"JV36+R7X, Mosso Dhua, Kec. Sendana, Kabupaten Majene, Sulawesi Barat 91452",,,OK_TEXT
ChIJv43JnTcTlC0RsFuLVqmYgHQ,Loko' Nippon,Kabupaten Enrekang,Sulawesi Selatan,Kabupaten Enrekang,Sulawesi Selatan,,"HQ2V+3CR, Tanete, Kec. Anggeraja, Kabupaten Enrekang, Sulawesi Selatan 91752",,,OK_GEO
ChIJRwfAVS4RmC0R8szbTgdOaGs,Bendungan Ladongi,Kabupaten Kolaka Timur,Sulawesi Tenggara,Kabupaten Kolaka Timur,Sulawesi Tenggara,,"RVXQ+HP4, Atula, Kec. Ladongi, Kabupaten Kolaka Timur, Sulawesi Tenggara 93573",,,OK_GEO
ChIJIbWSqQNxpC0RgzgpG0KyzmM,Wisata Alam Batu Poopi,Kota Baubau,Sulawesi Tenggara,Kota Baubau,Sulawesi Tenggara,,"Kadolo Katapi, Kec. Wolio, Kota Bau-Bau, Sulawesi Tenggara 93752",,,OK_GEO
ChIJ0VMm16IJpC0R2Sy2RLeAX6k,Pantai wasaga,Kabupaten Buton,Sulawesi Tenggara,Kabupaten Buton,Sulawesi Tenggara,,"HV2J+P8V, Wasaga, Kec. Ps. Wajo, Kabupaten Buton, Sulawesi Tenggara",,,OK_GEO
ChIJyWEzv5OXli0R2C893Wb6Sbc,OBYEK WISATA BATU PIAK,Kabupaten Luwu,Sulawesi Selatan,Kabupaten Luwu,Sulawesi Selatan,,"Obyek Wisata Batu Piak Kalapi Dusun Batulotong Desa, Rante Belu, Kec. Larompong, Kabupaten Luwu, Sulawesi Selatan 91997",,,OK_GEO
ChIJ3azpc1jviy0RXC44Slksim0,Bulu Masomba,Kota Palu,Sulawesi Tengah,Kota Palu,Sulawesi Tengah,,"Lasoani, Kec. Mantikulore, Kota Palu, Sulawesi Tengah",,,OK_TEXT
ChIJ8_3UOkZAhzIRfNOGzgDmMFg,Gunung Tondano,Kabupaten Minahasa,Sulawesi Utara,Kabupaten Minahasa,Sulawesi Utara,,"Uner Satu, Kec. Kawangkoan, Kabupaten Minahasa, Sulawesi Utara",,,OK_TEXT
ChIJZyfBeCAreTIRDyN03ezF-80,GPPS Gunung Moria - Kota Gorontalo,Kota Gorontalo,Gorontalo,Kota Gorontalo,Gorontalo,Kabupaten Gorontalo,"Jl. S. Parman No.64, Biawao, Kota Sel., Kota Gorontalo, Gorontalo 96111",,,TEXT_WIN
ChIJ7Sb3r9V_kS0RRd5Am62E3OE,Bukit Belum Ada Nama,Kabupaten Luwu Utara,Sulawesi Selatan,Kabupaten Luwu Utara,Sulawesi Selatan,,"75QC+H2, Kalotok, Kec. Sabbang, Kabupaten Luwu Utara, Sulawesi Selatan 91952",,,OK_GEO
ChIJg4xvZgBzhzIRwhmfTJrpStc,Air Terjun Tekaan Telu,Kota Tomohon,Sulawesi Utara,Kota Tomohon,Sulawesi Utara,,"9RHP+VG, Tinoor Satu, Kec. Tomohon Utara, Kota Tomohon, Sulawesi Utara",,,OK_GEO
ChIJXcx4_0uXvi0RcWncFN_JcPI,Bulu Ballea,Kabupaten Gowa,Sulawesi Selatan,Kabupaten Gowa,Sulawesi Selatan,,"QW39+GGH, Pattapang, Kec. Tinggimoncong, Kabupaten Gowa, Sulawesi Selatan 92171",,,OK_GEO
ChIJmbXiYo67lS0Rd7cnxUybGD4,Pantai ku,Kota Parepare,Sulawesi Selatan,Kota Parepare,Sulawesi Selatan,,"Jl. Bau Massepe, Cappa Galung, Kec. Bacukiki Bar., Kota Parepare, Sulawesi Selatan 91122",,,OK_GEO
ChIJI3vq8-6igy0Rh0YgPHyvSwQ,Danau Tendetung,Kabupaten Banggai Kepulauan,Sulawesi Tengah,Kabupaten Banggai Kepulauan,Sulawesi Tengah,,"Kanali, Kec. Totikum Sel., Kabupaten Banggai Kepulauan, Sulawesi Tengah",,,OK_TEXT
ChIJn8E-6AO1mC0RvLv4pDT1dsM,Pantai kelapa kuning,Kabupaten Konawe,Sulawesi Tenggara,Kabupaten Konawe,Sulawesi Tenggara,Kabupaten Konawe Kepulauan,"2286+C5, Langaro Bajo, Kec. Wawonii Bar., Kabupaten Konawe, Sulawesi Tenggara",,,TEXT_WIN
ChIJ82puW28Voi0RSbVWCjrNt70,Pantai Bungin Pinungan,Kabupaten Muna,Sulawesi Tenggara,Kabupaten Muna,Sulawesi Tenggara,,"FP9W+FWH, Pantai Bungin Pinungan, Kec. Towea, Kabupaten Muna, Sulawesi Tenggara",,,OK_GEO
ChIJn9dwaKc5vi0R3WSoLX3ltc8,Bulu Sorongan,Kabupaten Barru,Sulawesi Selatan,Kabupaten Barru,Sulawesi Selatan,Kabupaten Pangkajene Dan Kepulauan,"Jangan-Jangan, Kec. Pujananting, Kabupaten Barru, Sulawesi Selatan",,,TEXT_WIN
ChIJgd400ilavi0RLFdh7H9OgcY,Lembah Piokang,Kabupaten Pangkajene Dan Kepulauan,Sulawesi Selatan,Kabupaten Pangkajene Dan Kepulauan,Sulawesi Selatan,,"3JQR+RJJ, Balocci Baru, Kec. Balocci, Kabupaten Pangkajene Dan Kepulauan, Sulawesi Selatan 90554",,,OK_GEO
ChIJeSb8pACjvi0RFwxW7zOZBCI,Negeri Berselimut Awan,Kabupaten Sinjai,Sulawesi Selatan,Kabupaten Sinjai,Sulawesi Selatan,,"M2P6+G46, Bonto Tengnga, Kec. Sinjai Borong, Kabupaten Sinjai, Sulawesi Selatan 92662",,,OK_GEO
ChIJqzXURjIBhzIR7fS_HI_qHOA,GMIM Bukit Kalvari Aer Ujang,Kota Bitung,Sulawesi Utara,Kota Bitung,Sulawesi Utara,,"F44J+V8H, Wangurer Utara, Kec. Madidir, Kota Bitung, Sulawesi Utara",,,OK_GEO
ChIJvR-uoauhizIRBPUFjhZwk4c,Kolam Renang Lembah Kenari Manganitu,Kabupaten Kepulauan Sangihe,Sulawesi Utara,Kabupaten Kepulauan Sangihe,Sulawesi Utara,,"HGG8+HWR, Barangka, Kec. Manganitu, Kabupaten Kepulauan Sangihe, Sulawesi Utara",,,OK_TEXT
ChIJD-uXqJejhi0R-sARv7blVZ0,Batu Tikar Luwuk Kab. Banggai,Kabupaten Banggai,Sulawesi Tengah,Kabupaten Banggai,Sulawesi Tengah,,"Soho, Luwuk, Kabupaten Banggai, Sulawesi Tengah 94712",,,OK_TEXT
ChIJOeHYFBgrcTIRuQL1s4PH1zU,PUNCAK OGOMOLI,Kabupaten Tolitoli,Sulawesi Tengah,Kabupaten Tolitoli,Sulawesi Tengah,,"3R9M+R4F, Ogomoli, Kec. Galang, Kabupaten Toli-Toli, Sulawesi Tengah 94512",,,OK_GEO
ChIJhakdme3JmS0RZuQvAtF3yG4,Air Terjun Andawe,Kabupaten Konawe,Sulawesi Tenggara,Kabupaten Konawe,Sulawesi Tenggara,,"9WFH+38W, Matahori, Kec. Abuki, Kabupaten Konawe, Sulawesi Tenggara 93452",,,OK_GEO
ChIJs02eQq2PlC0RXAquFe38NKw,PANTAI BAHARI,Kabupaten Polewali Mandar,Sulawesi Barat,Kabupaten Polewali Mandar,Sulawesi Barat,,"Jl. Bahari, Polewali, Kec. Polewali, Kabupaten Polewali Mandar, Sulawesi Barat",,,OK_GEO
ChIJ4RrjFq5glC0RU2hnofwJJ_U,Pantai Bahari Kanipang,Kabupaten Pinrang,Sulawesi Selatan,Kabupaten Pinrang,Sulawesi Selatan,,"Sabbang Paru, Kec. Lembang, Kabupaten Pinrang, Sulawesi Selatan",,,OK_GEO
ChIJ79E6cR1VlC0RSi4dBjJD1JY,Pantai Harapan Indah Ammani,Kabupaten Pinrang,Sulawesi Selatan,Kabupaten Pinrang,Sulawesi Selatan,,"6FPP+5WW, Mattiro Tasi, Kec. Mattiro Sompe, Kabupaten Pinrang, Sulawesi Selatan 91261",,,OK_GEO
ChIJoyYvRA0Bvi0RrKiD07F3DNo,Wisata Alam Waempubbu,Kabupaten Bone,Sulawesi Selatan,Kabupaten Bone,Sulawesi Selatan,,"H4WP+M2F, Waempubu, Kec. Amali, Kabupaten Bone, Sulawesi Selatan 92755",,,OK_GEO
ChIJ8S0lraNelC0RF-47dmLiebo,Pantai Kappe,Kabupaten Pinrang,Sulawesi Selatan,Kabupaten Pinrang,Sulawesi Selatan,,"CG23+93M, Data",,,OK_GEO
ChIJzQW0XrVdhzIRk1-IFn_J46U,Air Terjun Sendowan,Kabupaten Minahasa Selatan,Sulawesi Utara,Kabupaten Minahasa Selatan,Sulawesi Utara,,"6JC9+6RF, Lopana, Kec. Amurang Tim., Kabupaten Minahasa Selatan, Sulawesi Utara",,,OK_GEO
ChIJ45WDjr8xfjIRiGQg8At1j20,Bulud Init,Kabupaten Bolaang Mongondow Selatan,Sulawesi Utara,Kabupaten Bolaang Mongondow Selatan,Sulawesi Utara,Kabupaten Bolaang Mongondow,"Motandoi, Kec. Pinolosian Tim., Kabupaten Bolaang Mongondow Selatan, Sulawesi Utara",,,TEXT_WIN
ChIJGbXxEvf3lS0RirNv-5tmNbs,"Bila Tungke, Jalur viral Soppeng",Kabupaten Soppeng,Sulawesi Selatan,Kabupaten Soppeng,Sulawesi Selatan,,"Lalabata Rilau, Kec. Lalabata, Kabupaten Soppeng, Sulawesi Selatan 90812",,,OK_GEO
ChIJc7pPGyYFhzIRZeWaqSDnpNE,Tugu Jepang,Kota Bitung,Sulawesi Utara,Kota Bitung,Sulawesi Utara,,"C4CC+P25, Manembo-Nembo, Kec. Matuari, Kota Bitung, Sulawesi Utara",,,OK_GEO
ChIJgZVun_50pC0RMm6LVcmcDwk,Air Terjun Kanari,Kota Baubau,Sulawesi Tenggara,Kota Baubau,Sulawesi Tenggara,,"HM6H+785, Kaisabu Baru, Kec. Sorawolio, Kota Bau-Bau, Sulawesi Tenggara 93758",,,OK_GEO
ChIJ9Xdz8uqGlC0R2fzwR787WQk,Taman Sarung Allo,Kabupaten Polewali Mandar,Sulawesi Barat,Kabupaten Polewali Mandar,Sulawesi Barat,,"J9W2+954, Papandangan, Kec. Anreapi, Kabupaten Polewali Mandar, Sulawesi Barat 91315",,,OK_GEO
ChIJndYWXHa4vi0RVBuokxrZdVM,Bukit Ja'bonga,Kabupaten Gowa,Sulawesi Selatan,Kabupaten Gowa,Sulawesi Selatan,,"JQ4R+9HR, Sapaya, Kec. Bungaya, Kabupaten Gowa, Sulawesi Selatan 92176",,,OK_GEO
ChIJZ1tcmaqlmi0RDY2efSqfYlw,Pantai andewa,Kabupaten Morowali,Sulawesi Tengah,Kabupaten Morowali,Sulawesi Tengah,,"QQ33+GP9, Wata, Kec. Bungku Bar., Kabupaten Morowali, Sulawesi Tengah",,,OK_GEO
ChIJ60AIMxG7gy0RiCpuW7a8jp8,Bone Pololoba Lopito,Kabupaten Banggai Kepulauan,Sulawesi Tengah,Kabupaten Banggai Kepulauan,Sulawesi Tengah,,"Lopito, Kec. Totikum, Kabupaten Banggai Kepulauan, Sulawesi Tengah",,,OK_TEXT
ChIJJ9AveoELeTIRh_EFe2QQfIM,Wisata Taman Bunga R.A,Kabupaten Boalemo,Gorontalo,Kabupaten Boalemo,Gorontalo,,"PC5H+FR, Sejahtera, Kec. Wonosari, Kabupaten Boalemo, Gorontalo 96263",,,OK_GEO
ChIJvcFKMMPRkC0R-ufcFwqAz-s,Pantai Bahari Pakue,Kabupaten Kolaka Utara,Sulawesi Tenggara,Kabupaten Kolaka Utara,Sulawesi Tenggara,,"V2RW+V6R, Unnamed Road, Lawata, Kec. Pakue Utara, Kabupaten Kolaka Utara, Sulawesi Tenggara",,,OK_GEO
ChIJVe8xcqZ2vi0RMQ3s5i5QUvg,Simpang Tiga Dekko,Kabupaten Bone,Sulawesi Selatan,Kabupaten Bone,Sulawesi Selatan,,"Mappesangka, Kec. Ponre, Kabupaten Bone, Sulawesi Selatan 92766",,,OK_GEO
ChIJnVeJNHbVvi0RUymma8wmJrU,Rimba Bitti Pandala,Kabupaten Takalar,Sulawesi Selatan,Kabupaten Takalar,Sulawesi Selatan,,"Laikang, Kec. Mangarabombang, Kabupaten Takalar, Sulawesi Selatan 92261",,,OK_GEO
ChIJUaQFQgDpiy0RNIbbzxediB8,Afand Place,Kabupaten Donggala,Sulawesi Tengah,Kabupaten Donggala,Sulawesi Tengah,,"6W5H+CM, Bale, Kec. Tanantovea, Kabupaten Donggala, Sulawesi Tengah 94352",,,OK_GEO
ChIJlUkj01xDjy0RfQwyDYGjZlw,Buyu Katapasa,Kabupaten Tojo Una-Una,Sulawesi Tengah,Kabupaten Tojo Una-Una,Sulawesi Tengah,,"Tongku, Kec. Tojo, Kabupaten Tojo Una-Una, Sulawesi Tengah",,,OK_GEO
ChIJlUga6lh5mS0R9LLQ1RlKx9E,Pantai Air Kiri,Kabupaten Morowali,Sulawesi Tengah,Kabupaten Morowali,Sulawesi Tengah,,"PCHM+23, Matarape, Kabupaten Morowali, Sulawesi Tengah 94975",,,OK_GEO
ChIJy29qsly7lS0RFORTzv5okI8,PARE PARE BEACH,Kota Parepare,Sulawesi Selatan,Kota Parepare,Sulawesi Selatan,,"Jl. Andi Isa No.3, Ujung Sabbang, Kec. Ujung, Kota Parepare, Sulawesi Selatan 91113",,,OK_GEO
ChIJPxbTCwAplC0ReVJox8ycm0g,Air Terjun Pattumba,Kabupaten Sidenreng Rappang,Sulawesi Selatan,Kabupaten Sidenreng Rappang,Sulawesi Selatan,,"74HP+5C, Compong, Kec. Pitu Riase, Kabupaten Sidenreng Rappang, Sulawesi Selatan 91691",,,OK_TEXT
ChIJYSQEYDE_hzIReeQAwia5mVQ,autarkeia,Kabupaten Minahasa,Sulawesi Utara,Kabupaten Minahasa,Sulawesi Utara,,"6VRM+57V, Urongo, Kec. Tondano Sel., Kabupaten Minahasa, Sulawesi Utara",,,OK_TEXT
ChIJ58KKI6WxfjIRB5QuyHRK1ZM,Situs wisata alam,Kabupaten Gorontalo Utara,Gorontalo,Kabupaten Gorontalo Utara,Gorontalo,,"V57F+V6F, Tombulilato, Kec. Atinggola, Kabupaten Gorontalo Utara, Gorontalo 96253",,,OK_GEO
ChIJhdgk7sObizIRq7tP2k-63tM,Malahi Beach,Kabupaten Kepulauan Sangihe,Sulawesi Utara,Kabupaten Kepulauan Sangihe,Sulawesi Utara,,"FMQ9+4G2, Hangke, Tabukan Sel. Tengah, Kabupaten Kepulauan Sangihe, Sulawesi Utara",,,OK_TEXT
ChIJv9-XwVmhizIRCN9esmmzU3M,Pantai Sesiwung,Kabupaten Kepulauan Sangihe,Sulawesi Utara,Kabupaten Kepulauan Sangihe,Sulawesi Utara,,"GF9R+H4J, Sesiwung, Kec. Manganitu, Kabupaten Kepulauan Sangihe, Sulawesi Utara",,,OK_TEXT
ChIJw7R8nwm9lS0Rl7H8y08PfWQ,Eduwisata Aqualife UNHAS,Kabupaten Barru,Sulawesi Selatan,Kabupaten Barru,Sulawesi Selatan,,"WJ38+75R, Bojo, Kec. Mallusetasi, Kabupaten Barru, Sulawesi Selatan 90753",,,OK_GEO
ChIJZUmhO9Sjvi0Rr2AWTapuoJs,Pattiroang Highland Desa Barania,Kabupaten Sinjai,Sulawesi Selatan,Kabupaten Sinjai,Sulawesi Selatan,,"Barania, Kec. Sinjai Bar., Kabupaten Sinjai, Sulawesi Selatan 92653",,,OK_GEO
ChIJO6zpLwBbvi0R3D64x-gIyB4,Sungai Galaggara Pangkep,Kabupaten Pangkajene Dan Kepulauan,Sulawesi Selatan,Kabupaten Pangkajene Dan Kepulauan,Sulawesi Selatan,,"4J4P+QW4, sungai galaggara, Kec. Balocci, Kabupaten Pangkajene Dan Kepulauan, Sulawesi Selatan 90661",,,OK_GEO
ChIJU3zS4I29lS0RXbhvKePqTfQ,Embung Marilaleng,Kota Parepare,Sulawesi Selatan,Kota Parepare,Sulawesi Selatan,,"XM4F+XRX, Unnamed Road, Lemoe, Kec. Bacukiki, Kota Parepare, Sulawesi Selatan 91121",,,OK_GEO
ChIJGxvDtJ3lvS0RO9061sZ9Pns,Sumur Waranie Palakka,Kabupaten Bone,Sulawesi Selatan,Kabupaten Bone,Sulawesi Selatan,,"F7GQ+32F, Watang Palakka, Kec. Tanete Riattang Bar., Kabupaten Bone, Sulawesi Selatan 92732",,,OK_GEO
ChIJ08Y4xYqxvi0RtF3lDe_oZb4,"Agrowisata Bonto Lojong,Ujung Bulu",Kabupaten Jeneponto,Sulawesi Selatan,Kabupaten Jeneponto,Sulawesi Selatan,,"Dusun Bonto Manai, Ujung Bulu, Kec. Rumbia, Kabupaten Jeneponto, Sulawesi Selatan 92175",,,OK_GEO
ChIJWbAdjSVNuS0RACld-Bwith8,Pantai Ujung Bantaeng,Kabupaten Jeneponto,Sulawesi Selatan,Kabupaten Jeneponto,Sulawesi Selatan,Kabupaten Bantaeng,"CWG6+PGR, Jl. Poros Jeneponto Bantaeng, Empoang, Selatan, Kabupaten Jeneponto, Sulawesi Selatan",,,TEXT_WIN
ChIJn1wXB7NlfjIRtIuQSnumXnI,Pantai Beau Sauk,Kabupaten Bolaang Mongondow,Sulawesi Utara,Kabupaten Bolaang Mongondow,Sulawesi Utara,,"RWPM+G6M, Jl. Trans Sulawesi, Sauk, Kec. Lolak, Kabupaten Bolaang Mongondow, Sulawesi Utara",,,OK_GEO
ChIJn_5RdQDxiy0RGk5bnJe5BmI,Paneki Tepi Teduh,Kabupaten Sigi,Sulawesi Tengah,Kabupaten Sigi,Sulawesi Tengah,,"2XG6+PH2, Pombewe, Kec. Sigi Biromaru, Kabupaten Sigi, Sulawesi Tengah 94364",,,OK_TEXT
ChIJsX9Sg2cXgy0RzfGsSg55Afw,"Pantai Wisata Pompon, Banggai Laut",Kabupaten Banggai Laut,Sulawesi Tengah,Kabupaten Banggai Laut,Sulawesi Tengah,,"7GFQ+QCV, Unnamed Road, Matanga, Banggai Selatan, Banggai Laut, Central Sulawesi 94891",,,OK_GEO
ChIJscqE108xoS0RlbAr-gEc5uI,Moli'i Sahatu beach,Kabupaten Wakatobi,Sulawesi Tenggara,Kabupaten Wakatobi,Sulawesi Tenggara,,"Jl. Ir. Soekarno, Kec. Wangi-Wangi, Kabupaten Wakatobi, Sulawesi Tenggara 93791",,,OK_GEO
ChIJUXwVPdCzvi0Rzt9iKaRa_Qg,Air Terjun Bantimurung Salluang,Kabupaten Bantaeng,Sulawesi Selatan,Kabupaten Bantaeng,Sulawesi Selatan,,"FW85+6RW, Bonto Salluang, Kec. Bissappu, Kabupaten Bantaeng, Sulawesi Selatan 92451",,,OK_GEO
ChIJq-AhEh6vkS0R2-qPYUkS6dA,KAPA Kawasan Agrowisata Pondok Amelia,Kabupaten Luwu Timur,Sulawesi Selatan,Kabupaten Luwu Timur,Sulawesi Selatan,,"FR83+34J, Jl.Herman Parimo, Bayondo, Kec. Tomoni, Kabupaten Luwu Timur, Sulawesi Selatan 92972",,,OK_GEO
ChIJ-9qP4_cnmi0RkFzpLygiB2Q,Air Terjun Tetewatu,Kabupaten Konawe Utara,Sulawesi Tenggara,Kabupaten Konawe Utara,Sulawesi Tenggara,,"V45X+4RH, Tetewatu, Kec. Wiwirano, Kabupaten Konawe Utara, Sulawesi Tenggara 93464",,,OK_GEO
ChIJ-R_UQwCHlC0RkZ2a_UGZewQ,Wisata Alam Lembah Tottong,Kabupaten Polewali Mandar,Sulawesi Barat,Kabupaten Polewali Mandar,Sulawesi Barat,,"J9HF+HQ, Kunyi, Kec. Anreapi, Kabupaten Polewali Mandar, Sulawesi Barat 91315",,,OK_GEO
ChIJjWvfYrW3uy0RS0gQjI0MZ0I,Bukit Pusera,Kabupaten Kepulauan Selayar,Sulawesi Selatan,Kabupaten Kepulauan Selayar,Sulawesi Selatan,,"Bonea Makmur, Kec. Bontomanai, Kab. Kepulauan Selayar, Sulawesi Selatan",,,OK_GEO
ChIJ9x9RiLL1ky0Re6ESI1oSNJ4,Air Terjun Bumbun,Kabupaten Tana Toraja,Sulawesi Selatan,Kabupaten Tana Toraja,Sulawesi Selatan,,"RQ9X+976, Lembang Pa'buaran, Kec. Makale Sel., Kabupaten Tana Toraja, Sulawesi Selatan 91815",,,OK_TEXT
ChIJSd2oOCmTgy0RH6-hPT8uKUw,Pantai Tebeabul Bakalan,Kabupaten Banggai Kepulauan,Sulawesi Tengah,Kabupaten Banggai Kepulauan,Sulawesi Tengah,,"P8F5+G8F, Bakalan, Tinangkung, Kabupaten Banggai Kepulauan, Sulawesi Tengah",,,OK_TEXT
ChIJZbyEFqwFpy0RLHb19D8pago,Puri Kahyangan Tomia,Kabupaten Wakatobi,Sulawesi Tenggara,Kabupaten Wakatobi,Sulawesi Tenggara,,"Jl. Encik Sulaiman No.Desa, Kahiyanga, Kec. Tomia Tim., Kabupaten Wakatobi, Sulawesi Tenggara 93797",,,OK_GEO
ChIJDUKdKz1gvi0RY4uk0YjL0kY,Bukit Kanari Dan Bukit MattiroWalie,Kabupaten Maros,Sulawesi Selatan,Kabupaten Maros,Sulawesi Selatan,,"2RM7+FV7, Baji Pamai, Kec. Cenrana, Kabupaten Maros, Sulawesi Selatan 92754",,,OK_TEXT
ChIJY65J_0H4vi0RTI_rqiMECqM,Museum Daerah Maros,Kabupaten Maros,Sulawesi Selatan,Kabupaten Maros,Sulawesi Selatan,,"XHVF+GVW, Jl. Lanto Dg. Pasewang, Pettuadae, Kec. Turikale, Kabupaten Maros, Sulawesi Selatan 90516",,,OK_GEO
ChIJr7i6H--PlS0R0Z8tfjTu_0Y,LABUNGNGE BEACH,Kabupaten Barru,Sulawesi Selatan,Kabupaten Barru,Sulawesi Selatan,,"PJ2P+62C, Jl. Moh. Said, Lampoko, Kec. Balusu, Kabupaten Barru, Sulawesi Selatan 90762",,,OK_GEO
ChIJB65BUWOjgDIRW1JXJHsqxCo,Pantai Tanjung,Kabupaten Bolaang Mongondow Timur,Sulawesi Utara,Kabupaten Bolaang Mongondow Timur,Sulawesi Utara,,"RM33+P52, Laut, Kotabunan, Maluku",,,OK_GEO
ChIJoS3U3UVloi0RHklLqID4L6k,Pantai torobulu,Kabupaten Konawe Selatan,Sulawesi Tenggara,Kabupaten Konawe Selatan,Sulawesi Tenggara,,"HC2X+QG2, Torobulu, Kabupaten Konawe Selatan, Sulawesi Tenggara",,,OK_GEO
ChIJwXY3rsj1ly0RkDD8gpgQ4A4,Tugu BRI Kolaka,Kabupaten Kolaka Timur,Sulawesi Tenggara,Kabupaten Kolaka,Sulawesi Tenggara,,"WJM5+9PF, Laloeha, Kec. Kolaka, Sulawesi Tenggara",,,OK_GEO
ChIJ0_GkTcyLly0Rf-5g3O_aR-Y,Taman Wisata Alam Kea Kea,Kabupaten Kolaka,Sulawesi Tenggara,Kabupaten Kolaka,Sulawesi Tenggara,,"2HFC+QW2, Unnamed Road, Ulunggolaka, Kec. Latambaga, Kabupaten Kolaka, Sulawesi Tenggara 93514",,,OK_GEO
ChIJCdnefbYdhi0RKqqHURWvpao,Pantai Pasir Putih Uebutung,Kabupaten Tojo Una-Una,Sulawesi Tengah,Kabupaten Tojo Una-Una,Sulawesi Tengah,,"4MW9+945, Tete B, Kec. Ampana Tete, Kabupaten Tojo Una-Una, Sulawesi Tengah",,,OK_GEO
ChIJQ_RhGRAnvC0RMHCvM2E4z50,Wae pella'e,Kabupaten Sinjai,Sulawesi Selatan,Kabupaten Sinjai,Sulawesi Selatan,,"V642+QV8, Kampala, Kec. Sinjai Tim., Kabupaten Sinjai, Sulawesi Selatan 92616",,,OK_GEO
ChIJ1X0TnFQjfjIRicQeEQbqE8c,Hidden Valley,Kabupaten Bolaang Mongondow Timur,Sulawesi Utara,Kabupaten Bolaang Mongondow Timur,Sulawesi Utara,,"P94W+67V, Tobongon, Kec. Modayag, Kabupaten Bolaang Mongondow Timur, Sulawesi Utara",,,OK_GEO
ChIJdzcLK5SDdzIRf9AHNxKJTvE,Pantai lalape,Kabupaten Pohuwato,Gorontalo,Kabupaten Pohuwato,Gorontalo,,"FFWC+3JC, Unnamed Road, Trikora, Popayato, Kabupaten Pohuwato, Gorontalo 96467",,,OK_GEO
ChIJ89Yo4f-vdzIR0XgUSa5B5Qc,Pantai moian,Kabupaten Parigi Moutong,Sulawesi Tengah,Kabupaten Parigi Moutong,Sulawesi Tengah,,"C29W+VV5, Unnamed Road, Palapi, Kec. Taopa, Kabupaten Parigi Moutong, Sulawesi Tengah 94479",,,OK_GEO
ChIJYRRzPs3TfjIRdBXHNO9XIiY,Wisata Pemandian Bukit Meranti,Kabupaten Bone Bolango,Gorontalo,Kabupaten Bone Bolango,Gorontalo,,"J4P5+7FV, Meranti, Kec. Tapa, Kabupaten Bone Bolango, Gorontalo 96582",,,OK_GEO
ChIJkXdngxOlfzIRmoHfCwa3RrM,Wisata Pantai Tersakiti,Kabupaten Bolaang Mongondow Selatan,Sulawesi Utara,Kabupaten Bolaang Mongondow Selatan,Sulawesi Utara,,"9W7W+423, Pinolantungan, Kec. Bolaang Uki, Kabupaten Bolaang Mongondow Selatan, Sulawesi Utara",,,OK_GEO
ChIJp9ujjJgdvy0RoeL1p2GpJrw,Samalona Travel,Kota Makassar,Sulawesi Selatan,Kota Makassar,Sulawesi Selatan,,"Jl. Samalona Sel. No.39, Tj. Merdeka, Kec. Tamalate, Kota Makassar, Sulawesi Selatan 90225",,,OK_GEO
ChIJBUp2vAKjhi0R-WUy4hb597c,SAMUDERA DIVE OPERATOR,Kabupaten Banggai Laut,Sulawesi Tengah,Kabupaten Banggai,Sulawesi Tengah,,"3R53+WPM, Jl. Imam Bonjol, Bungin, Luwuk, Kabupaten Banggai, Sulawesi Tengah 94711",,,OK_TEXT
ChIJkwhTxRG_vi0R76h6DfsZDMQ,Air Terjun Pandawa,Kabupaten Gowa,Sulawesi Selatan,Kabupaten Gowa,Sulawesi Selatan,,"Bonto Lerung, Kec. Tinggimoncong, Kabupaten Gowa, Sulawesi Selatan 92174",,,OK_GEO
ChIJCfEb6PsOpC0Re9Txh6D_FQ8,Pantai Wajo,Kabupaten Buton Selatan,Sulawesi Tenggara,Kabupaten Buton,Sulawesi Tenggara,,"GR4W+WJM, Laut Banda, RW.11, Cipulir, Kby. Lama, Kota Jakarta Selatan, Daerah Khusus Ibukota Jakarta 12230",,,OK_GEO
ChIJW0bZR2EJui0R683Gx1C8zX4,Bukit nane polassi,Kabupaten Kepulauan Selayar,Sulawesi Selatan,,,,Sulawesi Selatan 92855,,,NO_MATCH
ChIJc28xhXBPhzIRFG6f2IEw98w,Mt. Soputan,Kabupaten Minahasa,Sulawesi Utara,Kabupaten Minahasa,Sulawesi Utara,Kabupaten Minahasa Tenggara,"4P7P+QXH, Noongan Tiga, Kec. Langowan Bar., Kabupaten Minahasa, Sulawesi Utara",,,TEXT_WIN
ChIJg_Ugfhq3hi0RhtLL6mbRauw,Bukit Savana desa lenyek,Kabupaten Banggai,Sulawesi Tengah,Kabupaten Banggai,Sulawesi Tengah,,"6W49+RVX, Lauwon, Kec. Luwuk Utara, Kabupaten Banggai, Sulawesi Tengah 94752",,,OK_TEXT
ChIJ2XfQAAA7oi0RIgHQ2m_n5HE,WISATAKAUDUMA,Kabupaten Muna,Sulawesi Tenggara,Kabupaten Muna,Sulawesi Tenggara,,"8RPJ+9R, Langkoroni, Kec. Maligano, Kabupaten Muna, Sulawesi Tenggara",,,OK_GEO
ChIJhRu9-d1jky0R7BP6m7-o83I,BUKIT ANUGERAH BULO,Kabupaten Polewali Mandar,Sulawesi Barat,Kabupaten Polewali Mandar,Sulawesi Barat,,"Bulo, Kec. Bulo, Kabupaten Polewali Mandar, Sulawesi Barat 91352",,,OK_GEO
ChIJizzy0rtDvi0R5dQ1mUsGcls,Air Terjun Lamassua,Kabupaten Barru,Sulawesi Selatan,Kabupaten Barru,Sulawesi Selatan,,"6QR4+7CP, di, Bonto Masunggu, Kec. Tellu Limpoe, Kabupaten Barru, Sulawesi Selatan 91671",,,OK_GEO
ChIJy48qYvwivC0RkHSjTUoimTE,Pantai Ujung Kupang,Kabupaten Sinjai,Sulawesi Selatan,Kabupaten Sinjai,Sulawesi Selatan,,"Q8Q4+P92, Sanjai, Kec. Sinjai Tim., Kabupaten Sinjai, Sulawesi Selatan",,,OK_GEO
ChIJVcsOUgDpky0R-C2nmYVTjcY,Objek wisata Buntu Sarira,Kabupaten Tana Toraja,Sulawesi Selatan,Kabupaten Tana Toraja,Sulawesi Selatan,,"XV8R+JH5, Sarira, Kec. Makale Utara, Kabupaten Tana Toraja, Sulawesi Selatan 91852",,,OK_TEXT
ChIJddMevcZzhzIR190vT0IBvnQ,Air Terjun Tapahan Telu,Kota Tomohon,Sulawesi Utara,Kota Tomohon,Sulawesi Utara,,"9RHP+VG, Tinoor Satu, Kec. Tomohon Utara, Kota Tomohon, Sulawesi Utara",,,OK_GEO
ChIJx1z_O8JDhzIROJbgM4QgCOg,Kuntung Prof Kawung (Koreng) Minahasa Selatan,Kabupaten Minahasa Selatan,Sulawesi Utara,Kabupaten Minahasa Selatan,Sulawesi Utara,,"6P72+64G, Koreng, Kec. Tareran, Kabupaten Minahasa Selatan, Sulawesi Utara",,,OK_GEO
ChIJU9ej6VyjizIR2WBKBb_bCq0,Pantai kapehetang,Kabupaten Kepulauan Sangihe,Sulawesi Utara,Kabupaten Kepulauan Sangihe,Sulawesi Utara,,"FF5V+WRM, Unnamed Road, Nagha I, Tamako, Kabupaten Kepulauan Sangihe, Sulawesi Utara",,,OK_TEXT
ChIJfURsslcfjC0Rs_V1_5u5NQg,Lindu Lake,Kabupaten Sigi,Sulawesi Tengah,Kabupaten Sigi,Sulawesi Tengah,,"M3PG+45P, Danau, Kec. Lindu, Kabupaten Sigi, Sulawesi Tengah 94363",,,OK_TEXT
ChIJg6ukzDcPgy0RaH0JNeBG0TM,Tanjung Gundul,Kabupaten Banggai,Sulawesi Tengah,Kabupaten Banggai Laut,Sulawesi Tengah,,"Pasir Putih, Kab. Banggai Laut, Sulawesi Tengah 94891",,,OK_GEO
ChIJ5T7cx2BwpC0RWqib2ODxYhk,Pantai Sulaa,Kota Baubau,Sulawesi Tenggara,Kota Baubau,Sulawesi Tenggara,,"Sulaa, Kec. Betoambari, Kota Bau-Bau, Sulawesi Tenggara",,,OK_GEO
ChIJ______tCoy0Rs0eeQ8sM1P8,Gerbang Desa Wisata Tangkeno,Kabupaten Bombana,Sulawesi Tenggara,Kabupaten Bombana,Sulawesi Tenggara,,"PWGC+RXR, Tangkeno, Kec. Kabaena Tengah, Kabupaten Bombana, Sulawesi Tenggara 93781",,,OK_GEO
ChIJ1aVbqeNZvi0RDSTBnZdq1dU,Geopark Maros Pangkep,Kabupaten Maros,Sulawesi Selatan,Kabupaten Maros,Sulawesi Selatan,Kabupaten Pangkajene Dan Kepulauan,"2MFF+2M6 Ktr. Kelurahan Leang Leang, Leang-Leang, Kec. Bantimurung, Kabupaten Maros, Sulawesi Selatan 90561",,,TEXT_WIN
ChIJw41TyJljhzIRFvD41kOs9Ow,WAWONTULAP BEACH RESORT (WBR),Kabupaten Minahasa Selatan,Sulawesi Utara,Kabupaten Minahasa Selatan,Sulawesi Utara,,"8GC8+6FG, Pantai, Wawontulap, Kec. Tatapaan, Kabupaten Minahasa Selatan, Sulawesi Utara",,,OK_GEO
ChIJCZDP663TjS0R6X1ExK7kw4U,Air Terjun Maima,Kabupaten Sigi,Sulawesi Tengah,Kabupaten Sigi,Sulawesi Tengah,,"93X6+HR6, Watukilo, Kec. Kulawi Sel., Kabupaten Sigi, Sulawesi Tengah 94363",,,OK_TEXT
ChIJ97h2fbI5mi0RgnjAANQiAhY,Air Terjun Kembar Morowali,Kabupaten Morowali,Sulawesi Tengah,Kabupaten Morowali,Sulawesi Tengah,,"34PW+4J9, Labota, Kec. Bahodopi, Kabupaten Morowali, Sulawesi Tengah 94974",,,OK_GEO
ChIJqfg7FwAXmC0RFImGSVYfV68,Wisata Alam Desa Poni-Poniki,Kabupaten Kolaka Timur,Sulawesi Tenggara,Kabupaten Kolaka Timur,Sulawesi Tenggara,,"XV9J+XCH, Jl. Poros Kolaka - Rate-rate, Poni-Poniki, Kec. Tirawuta, Kabupaten Kolaka Timur, Sulawesi Tenggara 93572",,,OK_GEO
ChIJmaccaowNpC0RROS9u9J6QGM,WISATA BUKIT WAKOEA,Kabupaten Buton Selatan,Sulawesi Tenggara,Kabupaten Buton,Sulawesi Tenggara,Kabupaten Buton Selatan,"FQH2+PPM, Desa, Hendea, Kec. Sampolawa, Kabupaten Buton, Sulawesi Tenggara 93753",,,TEXT_WIN
ChIJJSLbNWaCoS0RtY5X77n-rUY,Pantai Kampa,Kabupaten Buton Utara,Sulawesi Tenggara,Kabupaten Buton Utara,Sulawesi Tenggara,,"Banda, Sea, Kec. Kulisusu, Kabupaten Buton Utara, Sulawesi Tenggara 93672",,,OK_GEO
ChIJ8XVzeYnrmC0RrwxrcoNFJag,Diva Bahari,Kabupaten Konawe,Sulawesi Tenggara,Kabupaten Konawe,Sulawesi Tenggara,,"3J7J+98H, Unnamed Road, Tapulaga, Soropia, Kabupaten Konawe, Sulawesi Tenggara 93351",,,OK_GEO
ChIJSQgbzvzBpS0R9zaAXKkkO2A,Pantai Ujung Batuatas,Kabupaten Buton,Sulawesi Tenggara,Kabupaten Buton,Sulawesi Tenggara,Kabupaten Buton Selatan,"QPWG+GF, Batuatas Tim., Kec. Batu Atas, Kabupaten Buton, Sulawesi Tenggara",,,TEXT_WIN
ChIJsUdHSQDZki0R2jEXq2gynzk,Pantai Hijau Simboro,Kabupaten Mamuju,Sulawesi Barat,Kabupaten Mamuju,Sulawesi Barat,,"8VH6+RR, Kec. Simboro Dan Kepulauan, Kabupaten Mamuju, Sulawesi Barat",,,OK_TEXT
ChIJISEh6yoQhzIRhTqoAO4s3Tc,"Bukit WALEPOSAN, Lembean",Kabupaten Minahasa Utara,Sulawesi Utara,Kabupaten Minahasa Utara,Sulawesi Utara,Kabupaten Minahasa,"9XCW+RGV, Unnamed Road, Paslaten, Kauditan, North Minahasa Regency, North Sulawesi",,,GEO_WIN
ChIJiWni2Oa9cDIRyQAl7_MFra8,D'MOANGA RESORT,Kabupaten Buol,Sulawesi Tengah,Kabupaten Buol,Sulawesi Tengah,,"D'MOANGA RESORT, Wisata Pantai, Monano, Kec. Karamat, Kabupaten Buol, Sulawesi Tengah 94563",,,OK_TEXT
ChIJ6TnVzDnNoi0RQlKbYlgsiGs,"Air Terjun Tondopi, Tongkoseng",Kabupaten Bombana,Sulawesi Tenggara,Kabupaten Bombana,Sulawesi Tenggara,,"8P64+F4F, Tongkoseng, Kec. Tontonunu, Kabupaten Bombana, Sulawesi Tenggara 93773",,,OK_GEO
ChIJ3XU59RgThzIROXH1kcPnnAE,Air Terjun Rok Rok / Rayouw Kembes,Kabupaten Minahasa,Sulawesi Utara,Kabupaten Minahasa,Sulawesi Utara,,"9VCM+F36, Kembes II, Kec. Tombulu, Kabupaten Minahasa, Sulawesi Utara",,,OK_TEXT
ChIJNWYMcf4NjC0Rp6aoQiX-omY,Air terjun Sararudi,Kabupaten Sigi,Sulawesi Tengah,Kabupaten Sigi,Sulawesi Tengah,,"Wisolo, Kec. Dolo Sel., Kabupaten Sigi, Sulawesi Tengah 94362",,,OK_TEXT
ChIJk4rfsJ_FkC0RRX24E-eQ3Bc,Air terjun pelangi desa tinuna,Kabupaten Kolaka Utara,Sulawesi Tenggara,Kabupaten Kolaka Utara,Sulawesi Tenggara,,"X4VX+QX, Tinuna, Kec. Porehu, Kabupaten Kolaka Utara, Sulawesi Tenggara 93955",,,OK_GEO
ChIJhSvWmH-Diy0RI0Co6uLMqcE,Tampaure Beach,Kabupaten Pasangkayu,Sulawesi Barat,Kabupaten Pasangkayu,Sulawesi Barat,,"2GW5+F8R, Tampaure, Kec. Bambaira, Kab. Pasangkayu, Sulawesi Barat 91574",,,OK_GEO
ChIJ8eUCcBz1ly0RhFpAD2xwc9s,Taman Laut Kolaka,Kabupaten Kolaka,Sulawesi Tenggara,Kabupaten Kolaka,Sulawesi Tenggara,,"WHWQ+H3V, Sea, Kec. Latambaga, Kabupaten Kolaka, Sulawesi Tenggara",,,OK_GEO
ChIJk2T0g3C7cDIRhP0qQ7mebHU,Pemandian Kumaligon,Kabupaten Buol,Sulawesi Tengah,Kabupaten Buol,Sulawesi Tengah,,"6CF5+C67, Kumaligon, Kec. Biau, Kabupaten Buol, Sulawesi Tengah 94563",,,OK_TEXT
ChIJ8dg3yGgCfzIRMtv9E_wa7yQ,Huidu Matabulawa,Kabupaten Bolaang Mongondow Selatan,Sulawesi Utara,Kabupaten Bolaang Mongondow Selatan,Sulawesi Utara,,"Sinombayuga, Kec. Posigadan, Kabupaten Bolaang Mongondow Selatan, Sulawesi Utara",,,OK_GEO
ChIJH5CAMgB1hzIRZLR7uo5deHc,Tempat Wisata LOS ( Lorong Orang Sanger ),Kota Manado,Sulawesi Utara,Kota Manado,Sulawesi Utara,,"FR69+6RC, Malalayang Satu Timur, Kota Manado, Sulawesi Utara",,,OK_GEO
ChIJeVrMKSZZly0RGOzvvwoxqEc,Puncak Nondooto,Kabupaten Konawe Utara,Sulawesi Tenggara,Kabupaten Konawe Utara,Sulawesi Tenggara,Kabupaten Konawe,"JH76+R6R, Asemi Nunulai, Kec. Asera, Kabupaten Konawe Utara, Sulawesi Tenggara 93353",,,TEXT_WIN
ChIJJTYr4Wcdvy0RLrnfWy6tOH8,STABILO CONSULTAINMENT,Kota Makassar,Sulawesi Selatan,Kota Makassar,Sulawesi Selatan,,"Lorong 310 No.6, Mattoangin, Kec. Mariso, Kota Makassar, Sulawesi Selatan 90172",,,OK_GEO
ChIJe-IQLevzvi0Rb8um4WBEOL8,Air Terjun Tujua,Kabupaten Maros,Sulawesi Selatan,Kabupaten Maros,Sulawesi Selatan,,"VPQ9+7X4, Tompobulu, Kec. Tompobulu, Kabupaten Maros, Sulawesi Selatan 90561",,,OK_GEO
ChIJJ9O42xdPlC0RwumJyHU-IpQ,Masolo Perbatasan,Kabupaten Pinrang,Sulawesi Selatan,Kabupaten Pinrang,Sulawesi Selatan,,"7MW2+58R, Teppo, Kec. Patampanua, Kabupaten Pinrang, Sulawesi Selatan 91252",,,OK_GEO
ChIJ_10SsHPBky0RRxq1n7pkKQo,"Wisata Religi BUKIT DOA ""DOMADATU"" Toraja Utara",Kabupaten Toraja Utara,Sulawesi Selatan,Kabupaten Toraja Utara,Sulawesi Selatan,,"3R8Q+XFJ, Kapala Pitu, Kec. Kapala Pitu, Kabupaten Toraja Utara, Sulawesi Selatan 91854",,,OK_GEO
ChIJKZoHCx6Lmi0RKEHCoiIzEUE,Dermaga puungkoilu,Kabupaten Morowali,Sulawesi Tengah,Kabupaten Morowali,Sulawesi Tengah,,"CX3Q+2XC, Dermaga, Puungkoilu, Kec. Bungku Tengah, Kabupaten Morowali, Sulawesi Tengah",,,OK_GEO
ChIJU1Ji9NFzeTIRsWA0FpaKipM,Air Terjun Bondula,Kabupaten Gorontalo,Gorontalo,Kabupaten Gorontalo,Gorontalo,,"RF82+76, Mohiyolo, Kec. Asparaga, Kabupaten Gorontalo, Gorontalo 96214",,,OK_GEO
ChIJ1zk8ySixlS0R_Y3toEhPtN0,Kincir Highlad Sidenreng Bersinar,Kabupaten Sidenreng Rappang,Sulawesi Selatan,Kabupaten Sidenreng Rappang,Sulawesi Selatan,,"2MVR+FC, Lainungan, Kec. Watang Pulu, Kabupaten Sidenreng Rappang, Sulawesi Selatan 91661",,,OK_GEO
ChIJdWqhcWKllS0RvX0egzxEM3w,Hesan Lowita,Kabupaten Pinrang,Sulawesi Selatan,Kabupaten Pinrang,Sulawesi Selatan,,"Tasiwalie, Kec. Suppa, Kabupaten Pinrang, Sulawesi Selatan 91272",,,OK_GEO
ChIJG4jh0qszui0RgcepzqNAoS8,Pantai Balojaha,Kabupaten Kepulauan Selayar,Sulawesi Selatan,Kabupaten Kepulauan Selayar,Sulawesi Selatan,,"92855, Bontoborusu, Kec. Bontoharu, Kab. Kepulauan Selayar, Sulawesi Selatan",,,OK_TEXT
ChIJfYdaOSnPfzIR5utAvO-Af4c,DESA DEAGA,Kabupaten Bolaang Mongondow Selatan,Sulawesi Utara,Kabupaten Bolaang Mongondow Selatan,Sulawesi Utara,,"C7JP+2XC, Deaga, Kec. Pinolosian Tengah, Kabupaten Bolaang Mongondow Selatan, Sulawesi Utara",,,OK_GEO
ChIJt4gY5IrR9DIRKTOfpojma0Q,Pulau Kawaluso,Kabupaten Kepulauan Sangihe,Sulawesi Utara,Kabupaten Kepulauan Sangihe,Sulawesi Utara,,"68MC+P2V, Kawaluso, Kendahe, Kabupaten Kepulauan Sangihe, Sulawesi Utara",,,OK_TEXT
ChIJMeQANkS5hi0RTwIqv5NNwE4,Bukit Countri,Kabupaten Banggai,Sulawesi Tengah,Kabupaten Banggai,Sulawesi Tengah,,"5V87+RWH, Jalan, Salodik, Pagimana, Banggai Regency, Central Sulawesi 94752",,,OK_TEXT
ChIJoXWptqR3pC0RGOBWIV0vt38,Kepala Naga,Kota Baubau,Sulawesi Tenggara,Kota Baubau,Sulawesi Tenggara,,"GJV4+XJQ, Wale, Kec. Wolio, Kota Bau-Bau, Sulawesi Tenggara 93717",,,OK_GEO
ChIJve2mcgC1oy0R3I3Gmo7AUoM,Puncak ghonsume,Kabupaten Muna Barat,Sulawesi Tenggara,Kabupaten Muna,Sulawesi Tenggara,,"4PQ7+5QM, Jl ir Soekarno, Ghonsume, Kec. Duruka, Kabupaten Muna, Sulawesi Tenggara",,,OK_GEO
ChIJE3mEwq8FjS0RSRiha1Ae-ig,Dermaga Cinoki Nunu,Kabupaten Pasangkayu,Sulawesi Barat,Kabupaten Pasangkayu,Sulawesi Barat,,"879J+RR3, Jl. Poros Majene - Mamuju, Kec. Sarudu, Kab. Pasangkayu, Sulawesi Barat 91573",,,OK_TEXT
ChIJ3wZ0cPzVlS0Rl42QzKRKY64,Bukit Attirong,Kabupaten Wajo,Sulawesi Selatan,Kabupaten Wajo,Sulawesi Selatan,,"Unnamed Road, Sogi, Kec. Maniang Pajo, Kabupaten Wajo, Sulawesi Selatan 91691",,,OK_TEXT
ChIJvYZ9EgDBky0RqOtLpd2OID4,Kolam Alam Limbong,Kabupaten Toraja Utara,Sulawesi Selatan,Kabupaten Toraja Utara,Sulawesi Selatan,,"2VMJ+R9Q, kolamalamlimbong, Kec. Rantepao, Kabupaten Toraja Utara, Sulawesi Selatan 91833",,,OK_GEO
ChIJ0_5j0vNHhzIRTQ8nusaSnRE,Puncak 'Patulian' Tonsewer,Kabupaten Minahasa,Sulawesi Utara,Kabupaten Minahasa,Sulawesi Utara,,"Unnamed Road, North Pinabetengan, Tompaso, Minahasa Regency, North Sulawesi",,,OK_TEXT
ChIJ8UtBTkVBhzIR7JKPK7O9TfM,Wisata Alam Minahasa Sulut - Hollywood Hills Lengkoan,Kabupaten Minahasa,Sulawesi Utara,Kabupaten Minahasa,Sulawesi Utara,,"PUNCAK LENGKOAN, LEILEM, Leilem, Kabupaten Minahasa, Sulawesi Utara",,,OK_TEXT
ChIJPZst9UUGlC0RPk1vwzLAMN8,Air Terjun Pong Toding,Kabupaten Tana Toraja,Sulawesi Selatan,Kabupaten Tana Toraja,Sulawesi Selatan,,"P273+4QR, Uluwai, Kec. Mengkendek, Kabupaten Tana Toraja, Sulawesi Selatan 91871",,,OK_TEXT
ChIJDU2HMCWrcDIRDi9nZgpof2I,Pantai Terapi Butugolu,Kabupaten Buol,Sulawesi Tengah,Kabupaten Buol,Sulawesi Tengah,,"3H4W+375, Unnamed Road, Botugolu, Kec. Bunobogu, Kabupaten Buol, Sulawesi Tengah 94566",,,OK_TEXT
ChIJmaUIPgAreTIRREiE3uYilns,SANTORINI (Kawasan Talumolo Rindang & Indah),Kabupaten Gorontalo Utara,Gorontalo,Kota Gorontalo,Gorontalo,Kabupaten Gorontalo,"G3G7+9WP, Talumolo, Kec. Kota Tim., Kota Gorontalo, Gorontalo 96133",,,TEXT_WIN
ChIJL5Sv0snzuy0RkXDy-RqeaIA,Jembatan Kaca Bira,Kabupaten Bulukumba,Sulawesi Selatan,Kabupaten Bulukumba,Sulawesi Selatan,,"9FHC+H8C, Bira, Kabupaten Bulukumba, Sulawesi Selatan",,,OK_GEO
ChIJ-flrG-6jhzIRmPwqrSNmiYU,Wisata Susur Sungai & Mancing Desa Talawaan Bajo,Kabupaten Minahasa Utara,Sulawesi Utara,Kabupaten Minahasa Utara,Sulawesi Utara,,"Minaesa, Wori, Kabupaten Minahasa Utara, Sulawesi Utara",,,OK_GEO
ChIJeXVXjagrjTIRhpi6avXlnoM,PANTAI INDAH MELONGUANE,Kabupaten Kepulauan Talaud,Sulawesi Utara,Kabupaten Kepulauan Talaud,Sulawesi Utara,,"Kec. Melonguane, Kabupaten Kepulauan Talaud, Sulawesi Utara",,,OK_TEXT
ChIJ91sHCo7Riy0Rrft0vvaWLOc,Tanjung Avanza,Kabupaten Parigi Moutong,Sulawesi Tengah,Kabupaten Parigi Moutong,Sulawesi Tengah,,"9347+5VC, Jl. Trans Sulawesi, Marantale, Kec. Siniu, Kabupaten Parigi Moutong, Sulawesi Tengah 94474",,,OK_GEO
ChIJ6QGX-QuNmi0RjiIe7SL2Xvw,Hutan Mangrove,Kabupaten Morowali,Sulawesi Tengah,Kabupaten Morowali,Sulawesi Tengah,,"FXF6+W4X, Matansala, Kec. Bungku Tengah, Kabupaten Morowali, Sulawesi Tengah 94973",,,OK_GEO
ChIJPaheHMXroi0RD2KkpezBa6E,Water bom (Tom bung putra tunggal),Kabupaten Bombana,Sulawesi Tenggara,Kabupaten Bombana,Sulawesi Tenggara,,"92M3+W4, Anugerah, Kec. Lantari Jaya, Kabupaten Bombana, Sulawesi Tenggara 93774",,,OK_GEO
ChIJbZf2X9tjky0RVxCjVYGjde0,Kebun Raya Bulo-KRB Bukit Merdeka,Kabupaten Polewali Mandar,Sulawesi Barat,Kabupaten Polewali Mandar,Sulawesi Barat,,"Q4HX+8MQ, Bulo, Kec. Bulo, Kabupaten Polewali Mandar, Sulawesi Barat 91353",,,OK_GEO
ChIJ7_tIixhHeTIRN-qrsfJJy6c,Air Terjun Botuwombato,Kabupaten Gorontalo Utara,Gorontalo,Kabupaten Gorontalo Utara,Gorontalo,,"QVFH+6M, Molingkapoto, Kec. Kwandang, Kabupaten Gorontalo Utara, Gorontalo 96252",,,OK_GEO
ChIJ8cbnO6ANeTIRGTWqK699I2g,Pura Agung Mandala Giri,Kabupaten Boalemo,Gorontalo,Kabupaten Boalemo,Gorontalo,,"PFG5+88Q, Tri Rukun, Kec. Wonosari, Kabupaten Boalemo, Gorontalo 96262",,,OK_GEO
ChIJh6RgB6_-vi0RF1vz81VDHkc,bukit patene,Kabupaten Maros,Sulawesi Selatan,Kabupaten Maros,Sulawesi Selatan,,"WGR2+WJ5, Pabentengang, Kec. Marusu, Kabupaten Maros, Sulawesi Selatan 90552",,,OK_GEO
ChIJDX3_2T6vvi0Rwq7iy665oA0,Erbol,Kabupaten Bantaeng,Sulawesi Selatan,Kabupaten Bantaeng,Sulawesi Selatan,,"G2PC+VQQ, Campaga, Kec. Tompobulu, Kabupaten Bantaeng, Sulawesi Selatan 92461",,,OK_GEO
ChIJKyDA_jEdjC0RxsDbMHpdzPM,Air Panas Kadidia,Kabupaten Sigi,Sulawesi Tengah,Kabupaten Sigi,Sulawesi Tengah,,"R46C+685, Kadidia, Kec. Nokilalaki, Kabupaten Sigi, Sulawesi Tengah 94364",,,OK_TEXT
ChIJIQEpAQAPoi0RDKiRJlX78fs,Pantai Namu,Kabupaten Konawe Selatan,Sulawesi Tenggara,Kabupaten Konawe Selatan,Sulawesi Tenggara,,"JVJW+297, Namu, Laonti, Kabupaten Konawe Selatan, Sulawesi Tenggara 93892",,,OK_GEO
ChIJ7ZfmcUYFly0RmH4W_IsYcVk,Pantai Pelangi,Kabupaten Kolaka Utara,Sulawesi Tenggara,Kabupaten Kolaka Utara,Sulawesi Tenggara,,"8XRW+RCQ, Pohu, Kecamatan Rante Angin, Kabupaten Kolaka Utara, Sulawesi Tenggara 93956",,,OK_GEO
ChIJuZ4axClCoy0R6Lm6ylqxbzI,Goa Batuburi,Kabupaten Bombana,Sulawesi Tenggara,Kabupaten Bombana,Sulawesi Tenggara,,"Lengora, Kec. Kabaena Tengah, Kabupaten Bombana, Sulawesi Tenggara 93781",,,OK_GEO
ChIJHShqwleRoy0RSnWEWCgUrdU,Pantai Tanjung,Kabupaten Muna,Sulawesi Tenggara,Kabupaten Muna,Sulawesi Tenggara,,"RJ3G+RMH, Pulau, Kec. Tiworo Kepulauan, Kabupaten Muna, Sulawesi Tenggara 93761",,,OK_GEO
ChIJ5dVeQKkNpC0RwQMXwug5L9M,Bukit Langira,Kabupaten Buton,Sulawesi Tenggara,Kabupaten Buton,Sulawesi Tenggara,Kabupaten Buton Selatan,"GQ2C+X3Q, Wakaokili, Kec. Sampolawa, Kabupaten Buton, Sulawesi Tenggara 93753",,,TEXT_WIN
ChIJR0ykVCQFjS0RdIkTLTYc-OI,Rest area pantai sarudu,Kabupaten Pasangkayu,Sulawesi Barat,Kabupaten Pasangkayu,Sulawesi Barat,,"874P+WRV, Jl. Poros Majene - Mamuju, Sarudu, Kec. Sarudu, Kab. Pasangkayu, Sulawesi Barat 91573",,,OK_GEO
ChIJRygWPwD_vi0RZZjciS5UWnc,Pantai desnel,Kota Makassar,Sulawesi Selatan,Kota Makassar,Sulawesi Selatan,,"WFP9+PMM, Jl. Salodong, Untia, Kec. Biringkanaya, Kota Makassar, Sulawesi Selatan",,,OK_GEO
ChIJH83GNNqTky0Rjy36mmkUvi8,Air Terjun Tolondo Tallu,Kabupaten Tana Toraja,Sulawesi Selatan,Kabupaten Tana Toraja,Sulawesi Selatan,,"WPM3+Q8C, Burasia, Kec. Bittuang, Kabupaten Tana Toraja, Sulawesi Selatan 91856",,,OK_TEXT
ChIJq2jdonHFky0RThzqn7oITDY,Air Terjun Pong Rayun,Kabupaten Toraja Utara,Sulawesi Selatan,Kabupaten Toraja Utara,Sulawesi Selatan,,"4WW6+3H Saludambu, Likulambe, Kec. Sa'dan, Kabupaten Toraja Utara, Sulawesi Selatan 91853",,,OK_GEO
ChIJh0uXyTGfhzIRqo0xp7bbD7E,Bongkone Kenari,Kota Manado,Sulawesi Utara,Kota Manado,Sulawesi Utara,,"Tongkeina, Kec. Bunaken, Kota Manado, Sulawesi Utara",,,OK_GEO
ChIJ1UOzagXvmC0Rzxk9DyCwYdE,Teluk Soropia,Kabupaten Konawe,Sulawesi Tenggara,Kabupaten Konawe,Sulawesi Tenggara,,"4H2P+CXJ, Jalan Poros Kendari, Soropia, Konawe Regency, South East Sulawesi 93464",,,OK_TEXT
ChIJpQuQamcleTIRM56OtKPnUzg,Bukit Kayangan,Kabupaten Gorontalo,Gorontalo,Kabupaten Gorontalo,Gorontalo,,"HVV7+WWP, Huntulohulawa, Kec. Bongomeme, Kabupaten Gorontalo, Gorontalo 96271",,,OK_GEO
ChIJp6qx3_jxvS0RKptHWY2XoJM,Wisata Tanjung Pallette,Kabupaten Bone,Sulawesi Selatan,Kabupaten Bone,Sulawesi Selatan,,"G95X+M49, Unnamed Road, Pallette, Kec. Tanete Riattang Tim., Kabupaten Bone, Sulawesi Selatan",,,OK_GEO
ChIJ-eXhqknzky0RXNmtcXTkH7I,Gunung Baba Kanaan,Kabupaten Tana Toraja,Sulawesi Selatan,Kabupaten Tana Toraja,Sulawesi Selatan,,"VV9C+FGP, Palipu, Kec. Mengkendek, Kabupaten Tana Toraja, Sulawesi Selatan 91814",,,OK_TEXT
ChIJM-sMYuwXlC0RLKNIfUYOZv8,Taman wisata stroberi,Kabupaten Enrekang,Sulawesi Selatan,Kabupaten Enrekang,Sulawesi Selatan,,"GWM4+482, Dusun Dadeko Desa, Eran Batu, Kec. Buntu Batu, Kabupaten Enrekang, Sulawesi Selatan 91753",,,OK_GEO
ChIJq8Jq2Mbkoy0RFpyoidDJ0H0,Air Terjun Bembe,Kabupaten Buton,Sulawesi Tenggara,Kabupaten Buton,Sulawesi Tenggara,,"QXF7+79J, La Gunturu, Kec. Lasalimu, Kabupaten Buton, Sulawesi Tenggara 93756",,,OK_GEO
ChIJv3yjPYWhli0RSCWj6r4UfjY,Air Terjun Sarambu Masiang,Kabupaten Luwu,Sulawesi Selatan,Kabupaten Luwu,Sulawesi Selatan,,"G66R+8C4, Kaladi Darussalam, Kec. Suli Bar., Kabupaten Luwu, Sulawesi Selatan 91996",,,OK_TEXT
ChIJkc5QwScNpC0RmitCyM1BnA0,Wisata kaongkea,Kabupaten Buton,Sulawesi Tenggara,Kabupaten Buton,Sulawesi Tenggara,,"Kaongkea, Kec. Ps. Wajo, Kabupaten Buton, Sulawesi Tenggara 93757",,,OK_GEO
ChIJuUFrr4utfjIRivQ3tVlS73w,Gapura Wisata Pantai Minanga,Kabupaten Gorontalo Utara,Gorontalo,Kabupaten Gorontalo Utara,Gorontalo,,"Jl. Trans Sulawesi No.70, Utara, Kota Jin, Kec. Atinggola, Kabupaten Gorontalo Utara, Gorontalo 96253",,,OK_GEO
ChIJIYLxfS0PpC0RFYk-lBf9IKs,"Pantai Kacinaan, Kab. Buton.",Kabupaten Buton Selatan,Sulawesi Tenggara,Kabupaten Buton,Sulawesi Tenggara,,"93754, Wasaga, Pasar Wajo, Buton Regency, South East Sulawesi 93754",,,OK_GEO
ChIJb2QWKb_ymC0RVJAQLzIuCnI,Menara Kendari,Kota Kendari,Sulawesi Tenggara,Kota Kendari,Sulawesi Tenggara,,"2GF8+PV8, Korumba, Kec. Mandonga, Kota Kendari, Sulawesi Tenggara 93111",,,OK_GEO
ChIJaWEc1PjwvS0Re3GcTzqPM8Y,Obyek Wisata Sumur Lawello,Kabupaten Bone,Sulawesi Selatan,Kabupaten Bone,Sulawesi Selatan,,"G9GM+CCM, Pallette, Kec. Tanete Riattang Tim., Kabupaten Bone, Sulawesi Selatan 92719",,,OK_GEO
ChIJP1cQWgCtmS0RjF_eJ01Xx1c,Air terjun matapila,Kabupaten Konawe Utara,Sulawesi Tenggara,Kabupaten Konawe Utara,Sulawesi Tenggara,,"76MH+J2, Abola, Kec. Lasolo, Kabupaten Konawe Utara, Sulawesi Tenggara 93352",,,OK_GEO
ChIJn5eg3odPvi0RCJ89KoD2Tzc,Leang Kassi,Kabupaten Pangkajene Dan Kepulauan,Sulawesi Selatan,Kabupaten Pangkajene Dan Kepulauan,Sulawesi Selatan,,"5H7V+62C, Jl. Leangkassi, Biraeng, Kec. Minasatene, Kabupaten Pangkajene Dan Kepulauan, Sulawesi Selatan 90614",,,OK_GEO
ChIJYf5s8sDlvS0RoT8LM5Ms5T8,TUGU NOL KILOMETER BONE,Kabupaten Bone,Sulawesi Selatan,Kabupaten Bone,Sulawesi Selatan,,"F86G+JXW, Jl. Jend. Ahmad Yani, Manurunge, Kec. Tanete Riattang, Kabupaten Bone, Sulawesi Selatan 92712",,,OK_GEO
ChIJRRH4SgCjvi0RAhrPxdDcH2A,Danau Lurayya Kahayya,Kabupaten Bulukumba,Sulawesi Selatan,Kabupaten Bulukumba,Sulawesi Selatan,,"Kindang, Kec. Kindang, Kabupaten Bulukumba, Sulawesi Selatan 92662",,,OK_GEO
ChIJ8bHPxYzxky0Ri5Bf-skOKmU,Buntu Kandora,Kabupaten Tana Toraja,Sulawesi Selatan,Kabupaten Tana Toraja,Sulawesi Selatan,,"Tengan, Kec. Mengkendek, Kabupaten Tana Toraja, Sulawesi Selatan",,,OK_TEXT
ChIJm36JCDFVhjIR_MJFhSB9Urw,Wisata Lirang,Kota Bitung,Sulawesi Utara,Kota Bitung,Sulawesi Utara,,"G7RV+H79, Lirang, Kec. Lembeh Utara, Kota Bitung, Sulawesi Utara",,,OK_GEO
ChIJLywPmLJ_oy0RxyND7LjAgDo,Monumen MUTIARA,Kabupaten Buton,Sulawesi Tenggara,Kabupaten Buton,Sulawesi Tenggara,Kabupaten Buton Tengah,"J837+JV4 Desa Gumanano, Gumamano, Kec. Mawasangka, Kabupaten Buton, Sulawesi Tenggara",,,TEXT_WIN
ChIJhQnh6vsHlC0RAH4jzT6N4hg,Buntu Sinaji,Kabupaten Tana Toraja,Sulawesi Selatan,Kabupaten Tana Toraja,Sulawesi Selatan,,"Uluway Bar., Kec. Mengkendek, Kabupaten Tana Toraja, Sulawesi Selatan",,,OK_TEXT
ChIJ8wzbtY-kfjIRKtPVJky2lvE,Pantai Tanjung Buaya,Kabupaten Bolaang Mongondow Utara,Sulawesi Utara,Kabupaten Bolaang Mongondow Utara,Sulawesi Utara,,"W85M+RXC, Iyok, Kec. Bolang Itang Bar., Kabupaten Bolaang Mongondow Utara, Sulawesi Utara",,,OK_GEO
ChIJGwnF1YG5hi0RYhvSc6KSkFc,Kampung Wisata Alam Bolopaniki,Kabupaten Banggai,Sulawesi Tengah,Kabupaten Banggai,Sulawesi Tengah,,"5VMF+9R6, Unnamed Road, Toipan, Pagimana, Kabupaten Banggai, Sulawesi Tengah 94752",,,OK_TEXT
ChIJhS8Um6YNmS0RQ81a6CTsmFo,Pantai Labengki Kecil,Kabupaten Konawe Utara,Sulawesi Tenggara,Kabupaten Konawe Utara,Sulawesi Tenggara,,"GF7P+WRP, Labengi, Kec. Lasolo, Kabupaten Konawe Utara, Sulawesi Tenggara 93352",,,OK_GEO
ChIJ878nJjbPoy0RjO989Z-rvC0,Pasir panjang bakealu,Kabupaten Muna,Sulawesi Tenggara,Kabupaten Muna,Sulawesi Tenggara,,"3RQ8+WQG, Unnamed Road, Bakealu, Kec. Wakorumba Sel., Kabupaten Muna, Sulawesi Tenggara",,,OK_GEO
ChIJifRJ_c6reTIRzZvL1-TiR-w,Air Terjun Ayuhulalo,Kabupaten Boalemo,Gorontalo,Kabupaten Boalemo,Gorontalo,,"H862+QWW, Ayuhulalo, Kec. Tilamuta, Kabupaten Boalemo, Gorontalo 96263",,,OK_GEO
ChIJ9_51S8_vjy0RtvAsJB6aiUw,Teluk Tomori,Kabupaten Morowali,Sulawesi Tengah,Kabupaten Morowali,Sulawesi Tengah,Kabupaten Morowali Utara,"3926+M96, Gililana, Kec. Petasia, Kabupaten Morowali, Sulawesi Tengah",,,TEXT_WIN
ChIJoZNgEpgfvy0RvpciOxY9Oko,Galesong Beach,Kabupaten Takalar,Sulawesi Selatan,Kabupaten Takalar,Sulawesi Selatan,,"Q95J+63P Wisata Pantai Galesong, Tamalate, Kec. Tamalate, Kabupaten Takalar, Sulawesi Selatan",,,OK_GEO
ChIJO8Cbt3-xvi0R5og5Ur4uKgU,Wisata Pinus Rombeng 1,Kabupaten Bantaeng,Sulawesi Selatan,Kabupaten Bantaeng,Sulawesi Selatan,Kabupaten Jeneponto,"HW9G+GXX, Unnamed Road, Bonto Lojong, Kec. Uluere, Kabupaten Bantaeng, Sulawesi Selatan 92451",,,TEXT_WIN
ChIJR6HbBC6TmC0RU94IXjbfhC8,Nambo Beach,Kota Kendari,Sulawesi Tenggara,Kota Kendari,Sulawesi Tenggara,,"Nambo, Kec. Abeli, Kota Kendari, Sulawesi Tenggara 93238",,,OK_GEO
ChIJfX2C--69oy0RE1Qk6DOLExc,Tanjung Labora,Kabupaten Muna,Sulawesi Tenggara,Kabupaten Muna,Sulawesi Tenggara,,"pantai tanjung kabupten, Lamorende, Kec. Tongkuno, Kabupaten Muna, Sulawesi Tenggara 93662",,,OK_TEXT
ChIJ2SrXwyB5jS0RTEa_UNJuLKc,Air terjun Kalando,Kabupaten Mamuju Tengah,Sulawesi Barat,Kabupaten Mamuju Tengah,Sulawesi Barat,,"W9RF+4RH, Salulekbo, Kec. Topoyo, Kabupaten Mamuju Tengah, Sulawesi Barat 91563",,,OK_GEO
ChIJ1ShG9Rbriy0Rfuv0RqB_xJE,Pantai Duva,Kota Palu,Sulawesi Tengah,Kota Palu,Sulawesi Tengah,,"5VJH+MM6, Jl. Trans Sulawesi, Mamboro, Kec. Palu Utara, Kota Palu, Sulawesi Tengah 94147",,,OK_GEO
ChIJsTqwbQDpiy0Rs-CMWzDYi04,Benkmor camp Beringin,Kabupaten Donggala,Sulawesi Tengah,Kabupaten Donggala,Sulawesi Tengah,,"6W4R+3X, Bale, Kec. Tanantovea, Kabupaten Donggala, Sulawesi Tengah 94352",,,OK_GEO
ChIJYVmsPmtDoy0RbXjDGjnrfVI,Anjungan Wisata Tangkeno,Kabupaten Bombana,Sulawesi Tenggara,Kabupaten Bombana,Sulawesi Tenggara,,"PWCF+F9H, Enano, Kec. Kabaena Tengah, Kabupaten Bombana, Sulawesi Tenggara 93781",,,OK_GEO
ChIJAb2cHfuVvi0Rc1aYTuLmSMQ,Air Terjun Bahagia,Kabupaten Gowa,Sulawesi Selatan,Kabupaten Gowa,Sulawesi Selatan,,"PVRF+C5C, Bulutana, Kec. Tinggimoncong, Kabupaten Gowa, Sulawesi Selatan 92174",,,OK_GEO
ChIJ04KSeQCRli0R357TrDxEthI,Pantai Pasir Putih,Kabupaten Luwu,Sulawesi Selatan,Kabupaten Luwu,Sulawesi Selatan,,"9C88+PH, Bone Pute, Kec. Larompong Sel., Kabupaten Luwu, Sulawesi Selatan 91998",,,OK_GEO
ChIJJ1A0k4mzvi0RQ2sL-9kCbU0,Pantai Lamalaka,Kabupaten Bantaeng,Sulawesi Selatan,Kabupaten Bantaeng,Sulawesi Selatan,,"CXW8+93J, Lembang, Kec. Bantaeng, Kabupaten Bantaeng, Sulawesi Selatan 92415",,,OK_GEO
ChIJ2x88kg2Tky0RWy66n5d1wV8,Objek Wisata Tulaklangi Talion,Kabupaten Tana Toraja,Sulawesi Selatan,Kabupaten Tana Toraja,Sulawesi Selatan,,"VQR6+H9J, Sarapeang, Kec. Rembon, Kabupaten Tana Toraja, Sulawesi Selatan 91861",,,OK_TEXT
ChIJmZ2pxY_KgDIRH9q8P2_0XWE,Pantai Tumbak,Kabupaten Minahasa Tenggara,Sulawesi Utara,Kabupaten Minahasa Tenggara,Sulawesi Utara,,"XVCG+34Q, Unnamed Road, Tumbak Madani, Pusomaen, Kabupaten Minahasa Tenggara, Sulawesi Utara 95997",,,OK_GEO
ChIJ556pnINzfjIRKdOsDhPf1lk,Air Terjun Ambang II,Kabupaten Bolaang Mongondow,Sulawesi Utara,Kabupaten Bolaang Mongondow,Sulawesi Utara,,"W44H+HGP, Ambang II, Kec. Bolaang Tim., Kabupaten Bolaang Mongondow, Sulawesi Utara",,,OK_GEO
ChIJBwhppL2hiC0RwOfVxMjDrWQ,Wisata Tanjung api,Kabupaten Tojo Una-Una,Sulawesi Tengah,Kabupaten Tojo Una-Una,Sulawesi Tengah,,"5JPC+VW, Labuan, Kabupaten Tojo Una-Una, Sulawesi Tengah",,,OK_GEO
ChIJXxG0dgAVlC0R0WdAqWRrmfM,Kolam Renang Mendatte Park,Kabupaten Enrekang,Sulawesi Selatan,Kabupaten Enrekang,Sulawesi Selatan,,"GQGX+F8H, Mandatte, Kec. Anggeraja, Kabupaten Enrekang, Sulawesi Selatan 91752",,,OK_GEO
ChIJ87BDIwYclC0RVzZ0eV9NwFQ,Pegunungan Latimojong,Kabupaten Luwu,Sulawesi Selatan,Kabupaten Luwu,Sulawesi Selatan,,"Pajang, Kec. Latimojong, Kabupaten Luwu, Sulawesi Selatan",,,OK_TEXT
ChIJhZUKC4YhejIRwUD9X-bu9k0,Pantai Lilito,Kabupaten Buol,Sulawesi Tengah,Kabupaten Buol,Sulawesi Tengah,,"3377+F76, Lilito, Paleleh, Kabupaten Buol, Sulawesi Tengah",,,OK_TEXT
ChIJ6azHhxdpmC0RDxilrGpVz0w,TAMAN PUNCAK AHUAWALI,Kabupaten Konawe,Sulawesi Tenggara,Kabupaten Konawe,Sulawesi Tenggara,,"X442+G62, Ahuawali, Kec. Puriala, Kabupaten Konawe, Sulawesi Tenggara",,,OK_GEO
ChIJnfTQ5TaJmC0RJjXtJATcIAQ,Permandian Iwoi Wanggu,Kabupaten Konawe Selatan,Sulawesi Tenggara,Kabupaten Konawe Selatan,Sulawesi Tenggara,,"WCMR+7V7, Konda Satu, Kec. Ranomeeto, Kabupaten Konawe Selatan, Sulawesi Tenggara 93871",,,OK_GEO
ChIJ9c-vVQBZkS0RMgsbuid2ESg,Wisata Buntu Pasang Palopo,Kota Palopo,Sulawesi Selatan,Kota Palopo,Sulawesi Selatan,,"X596+8HM, Peta, Kec. Sendana, Kota Palopo, Sulawesi Selatan 91959",,,OK_GEO
ChIJ2dMrdviZfjIRvGzfxrOrIdo,Wisata Pantai Biontong,Kabupaten Bolaang Mongondow Utara,Sulawesi Utara,Kabupaten Bolaang Mongondow Utara,Sulawesi Utara,,"Biontong I, Kec. Bolang Itang Tim., Kabupaten Bolaang Mongondow Utara, Sulawesi Utara",,,OK_GEO
ChIJ8zJvKBrhki0RCnr7ZrPGvrs,Negri Atas Awan MARANO,Kabupaten Mamuju,Sulawesi Barat,Kabupaten Mamuju,Sulawesi Barat,,"827X+4X4, Sinyonyoi, Kec. Kalukku, Kabupaten Mamuju, Sulawesi Barat 91511",,,OK_GEO
ChIJZRA9uN3tiy0R9_ehx43Ly38,Rekreasi Pantai Palu,Kota Palu,Sulawesi Tengah,Kota Palu,Sulawesi Tengah,,"4VFC+PG2, Talise, Kota Palu, Sulawesi Tengah",,,OK_TEXT
ChIJ4_aNGzUxuS0RX2zxw3vcz3A,Pantai Pasir putih,Kabupaten Jeneponto,Sulawesi Selatan,Kabupaten Jeneponto,Sulawesi Selatan,,"8M93+2CW, Bonto Sunggu, Kec. Tamalatea, Kabupaten Jeneponto, Sulawesi Selatan",,,OK_GEO
ChIJR0AzsgLioy0RuPJKPiHCDe8,Pantai Komearate,Kabupaten Buton,Sulawesi Tenggara,Kabupaten Buton,Sulawesi Tenggara,,"Kamaru, Kec. Lasalimu, Kabupaten Buton, Sulawesi Tenggara 93756",,,OK_GEO
ChIJka3uFG7nvi0RBznXjsHfktA,Kopdargab Foi#sulselbar,Kota Makassar,Sulawesi Selatan,Kabupaten Gowa,Sulawesi Selatan,,"QH93+2XV, Jl. Poros Bollangi, Timbuseng, Kec. Pattallassang, Kabupaten Gowa, Sulawesi Selatan 92175",,,OK_GEO
ChIJ3V5c9nYxhC0Rdp4jsVjI-ms,Air terjun pesa 1001 tangga ondo ondolu,Kabupaten Banggai,Sulawesi Tengah,Kabupaten Banggai,Sulawesi Tengah,,"QFW8+MC, Tolando, Kec. Batui, Kabupaten Banggai, Sulawesi Tengah 94761",,,OK_TEXT
ChIJhe96wUyDoS0R8KTq_nogvrE,Benteng Lipu Kulisusu,Kabupaten Buton Utara,Sulawesi Tenggara,Kabupaten Buton Utara,Sulawesi Tenggara,,"658H+JRF, Jl. Keraton, Bangkudu, Kec. Kulisusu, Kabupaten Buton Utara, Sulawesi Tenggara 93672",,,OK_GEO
ChIJiR6RQQCjvi0RDmogRDfXmOw,Lego Lego Sarrea,Kabupaten Bulukumba,Sulawesi Selatan,Kabupaten Bulukumba,Sulawesi Selatan,,"TABBUAKANG DESA KAHAYYA, Kindang, Kec. Kindang, Kabupaten Bulukumba, Sulawesi Selatan 92517",,,OK_GEO
ChIJGdlAOG__hjIR99n9nZogDW8,"Pantai Salise ,Lembeh Utara Kota Bitung",Kota Bitung,Sulawesi Utara,Kota Bitung,Sulawesi Utara,,"Motto, Kec. Lembeh Utara, Kota Bitung, Sulawesi Utara",,,OK_GEO
ChIJGcHg65h5jS0RCsJ78uJuu_E,Rea Camping Ground,Kabupaten Mamuju,Sulawesi Barat,Kabupaten Mamuju Tengah,Sulawesi Barat,,,,,OK_GEO
ChIJebL_2-pjky0R9UWRyevuPDM,PUNCAK UHAI SIBALI Bulo,Kabupaten Polewali Mandar,Sulawesi Barat,Kabupaten Polewali Mandar,Sulawesi Barat,,"Q5C7+WV9, Bulo, Kec. Bulo, Kabupaten Polewali Mandar, Sulawesi Barat 91353",,,OK_GEO
ChIJjSWhyrinkS0RRz7VIhDEz_c,Dusun Burau Pantai,Kabupaten Luwu Timur,Sulawesi Selatan,Kabupaten Luwu Timur,Sulawesi Selatan,,"9M4Q+R27, Burau Pantai, Kec. Burau, Kabupaten Luwu Timur, Sulawesi Selatan",,,OK_GEO
ChIJGxdxXr4LpC0RVs_LMIGSRKE,Air Terjun Kaongkeongkea,Kabupaten Buton,Sulawesi Tenggara,Kabupaten Buton,Sulawesi Tenggara,,"GPPX+QCV, Bau-Bau - Ambon, Wakaokili, Kec. Ps. Wajo, Kabupaten Buton, Sulawesi Tenggara 93757",,,OK_GEO
ChIJS-lavxoLky0RYA78m6Dxcxc,Puncak Timbu Dama',Kabupaten Mamasa,Sulawesi Barat,Kabupaten Mamasa,Sulawesi Barat,,"39P8+MM, Mambuliling, Kec. Mamasa, Kabupaten Mamasa, Sulawesi Barat 91362",,,OK_GEO
ChIJHe5Hfm8nvC0RSAkUnkaj6ak,AIR TERJUN & PANDAI BESI BARUTTUNG,Kabupaten Sinjai,Sulawesi Selatan,Kabupaten Sinjai,Sulawesi Selatan,,"V6P4+2JC, Alehanuae, Kec. Sinjai Utara, Kabupaten Sinjai, Sulawesi Selatan 92613",,,OK_GEO
ChIJu1k3IQDLuy0RKSvqu67gNHE,Skyland Bolonglangi',Kabupaten Kepulauan Selayar,Sulawesi Selatan,Kabupaten Kepulauan Selayar,Sulawesi Selatan,,"WGR8+29, Bontomarannu, Kec. Bontomanai, Kab. Kepulauan Selayar, Sulawesi Selatan 92851",,,OK_GEO
ChIJu9WNfwAVhzIRgI7w45n2F_Q,Puncak Buah D'88,Kabupaten Minahasa,Sulawesi Utara,Kabupaten Minahasa,Sulawesi Utara,,"7VP7+7M3 Perkebunan Patuwa, Tataaran Dua, Kec. Tondano Sel., Kabupaten Minahasa, Sulawesi Utara",,,OK_TEXT
ChIJzeeUbQDvmC0ReEOjF27Fz0c,Tompa One Hidden Beach,Kabupaten Konawe,Sulawesi Tenggara,Kabupaten Konawe,Sulawesi Tenggara,,"4H3M+RM, Soropia, Kabupaten Konawe, Sulawesi Tenggara",,,OK_GEO
ChIJX4QA3Oytoy0ROh79uyAHq38,Wisata Permandian Koke,Kabupaten Muna,Sulawesi Tenggara,Kabupaten Muna,Sulawesi Tenggara,Kabupaten Muna Barat,"4GRM+MP8, Latugho, Kec. Lawa, Kabupaten Muna, Sulawesi Tenggara 93652",,,TEXT_WIN
ChIJ08jAK3orfzIRjUh--AznFHQ,Pantai Botubarani,Kabupaten Bone Bolango,Gorontalo,Kabupaten Bone Bolango,Gorontalo,,"F3JP+QG8, Botubarani, Kec. Kabila Bone, Kabupaten Bone Bolango, Gorontalo 96111",,,OK_GEO
ChIJh145mhwfvy0RALB7xYwKrlE,New Sampulungan Beach,Kabupaten Takalar,Sulawesi Selatan,Kabupaten Takalar,Sulawesi Selatan,,"Q92H+2X8, Jl. Nelayan, Sampulungan Ca, di, Tamalate, Kec. Galesong Utara, Kabupaten Takalar, Sulawesi Selatan 92255",,,OK_GEO
ChIJqb_Yhikhvy0RpLjwZb-WHuM,TAMAN WISATA BUMDES BERKAH BERSAMA,Kabupaten Gowa,Sulawesi Selatan,Kabupaten Gowa,Sulawesi Selatan,,"Bontobaddo, Kalebarembeng, Kec. Bontonompo, Kabupaten Gowa, Sulawesi Selatan 92153",,,OK_GEO
ChIJcRgkn9jxdjIRIAaCXOmXwrM,Rest Area Puncak Tikungan,Kabupaten Parigi Moutong,Sulawesi Tengah,Kabupaten Parigi Moutong,Sulawesi Tengah,,"HMWJ+JJQ, Unnamed Road, Ogobayas, Mepanga, Kabupaten Parigi Moutong, Sulawesi Tengah 94552",,,OK_GEO
ChIJATf2_OVJmi0ROmR0J2nUYRk,Bahomoumpa waterfall,Kabupaten Morowali,Sulawesi Tengah,Kabupaten Morowali,Sulawesi Tengah,,"4773+68C, Puungkeu, Kec. Bungku Sel., Kabupaten Morowali, Sulawesi Tengah 94974",,,OK_GEO
ChIJ_____z-Boy0RXeSzij4bZUg,Wantopi Beach,Kabupaten Buton Tengah,Sulawesi Tenggara,Kabupaten Buton,Sulawesi Tenggara,Kabupaten Buton Tengah,"Wantopi, Mawasangka Tim., Kabupaten Buton, Sulawesi Tenggara 93762",,,TEXT_WIN
ChIJUX4KsUdqvi0RPbhqG4dL0K8,Bulu Tondongkarambu,Kabupaten Barru,Sulawesi Selatan,Kabupaten Barru,Sulawesi Selatan,,"Gattareng, Kec. Pujananting, Kabupaten Barru, Sulawesi Selatan",,,OK_GEO
ChIJuwTjfnMtlC0RG8KpgHfG3_w,Wisata Pemandian Alam Barukku,Kabupaten Sidenreng Rappang,Sulawesi Selatan,Kabupaten Sidenreng Rappang,Sulawesi Selatan,,"63R5+5VF, Batu, Kec. Pitu Riase, Kabupaten Sidenreng Rappang, Sulawesi Selatan 91691",,,OK_GEO
ChIJH15qDARDkC0RS6wKq356H4I,"Mata air Bura-bura, Matano",Kabupaten Luwu Timur,Sulawesi Selatan,Kabupaten Luwu Timur,Sulawesi Selatan,,"G6V8+F9Q, Danau, Kec. Nuha, Kabupaten Luwu Timur, Sulawesi Selatan 92983",,,OK_GEO
ChIJQb3QP5yjfjIRI6wprX9R8iQ,Binuanga Tracking Mangrove,Kabupaten Bolaang Mongondow Utara,Sulawesi Utara,Kabupaten Bolaang Mongondow Utara,Sulawesi Utara,,"VCWG+25R, Unnamed Road, Binuanga, Kec. Bolang Itang Tim., Kabupaten Bolaang Mongondow Utara, Sulawesi Utara",,,OK_GEO
ChIJLckBgaILizIRcMEqg1TFO4o,Pantai Apes,Kabupaten Kepulauan Sangihe,Sulawesi Utara,Kabupaten Kepulauan Sangihe,Sulawesi Utara,,"JF4J+74C, Apeng Sembeka, Kec. Tahuna, Kabupaten Kepulauan Sangihe, Sulawesi Utara",,,OK_TEXT
ChIJ61CuIln3iy0RSa0x_D-htJY,Bukit Kelor,Kabupaten Sigi,Sulawesi Tengah,Kabupaten Sigi,Sulawesi Tengah,,"XWXR+QFC, Upt Lembah Palu, Kec. Sigi Biromaru, Kabupaten Sigi, Sulawesi Tengah 94364",,,OK_TEXT
ChIJQ1riMQDtmC0R7_wbh1klPZ8,Permandian Baru,Kota Kendari,Sulawesi Tenggara,Kota Kendari,Sulawesi Tenggara,,"2JC8+28, Bungkutoko, Kota Kendari, Sulawesi Tenggara 93234",,,OK_GEO
ChIJ0XN7J415oS0RC7mR2XOWx_Q,Pantai Wanua Ndoke,Kabupaten Buton Utara,Sulawesi Tenggara,Kabupaten Buton Utara,Sulawesi Tenggara,,"46Q6+3M4, Unnamed Road, Bonelipu, Kec. Kulisusu, Kabupaten Buton Utara, Sulawesi Tenggara 93672",,,OK_TEXT
ChIJkftXuJIFpy0RGDxj3mYArCM,Benteng Nata,Kabupaten Wakatobi,Sulawesi Tenggara,Kabupaten Wakatobi,Sulawesi Tenggara,,"6WWX+8MW, Jl. Encik Sulaiman, Kahiyanga, Kec. Tomia Tim., Kabupaten Wakatobi, Sulawesi Tenggara 93797",,,OK_GEO
ChIJk0Mwf49Xvi0RGHH7AMIkePw,Desa Wisata Rammang-rammang,Kabupaten Maros,Sulawesi Selatan,Kabupaten Maros,Sulawesi Selatan,,"Salenrang, Rammang-rammang, Kabupaten Maros, Sulawesi Selatan 90554",,,OK_GEO
ChIJb5tN3PIlvC0RKNeMOAbIOig,Kabupaten sinjai,Kabupaten Sinjai,Sulawesi Selatan,Kabupaten Sinjai,Sulawesi Selatan,,"V7H4+22G, Balangnipa, Kec. Sinjai Utara, Kabupaten Sinjai, Sulawesi Selatan 92614",,,OK_GEO
ChIJ-aCv5Oiiky0R6_RIHywUKw0,Wisata Alam Pa' Baladoan,Kabupaten Tana Toraja,Sulawesi Selatan,Kabupaten Tana Toraja,Sulawesi Selatan,,"2HXG+RMW, Kadundung, Kec. Masanda, Kabupaten Tana Toraja, Sulawesi Selatan 91856",,,OK_TEXT
ChIJd42TioAJlC0R9DwV3ntXcZA,Desa Wisata Pinus Pa'tengko,Kabupaten Tana Toraja,Sulawesi Selatan,Kabupaten Tana Toraja,Sulawesi Selatan,,"QV2W+7W, Patengko, Kec. Mengkendek, Kabupaten Tana Toraja, Sulawesi Selatan 91871",,,OK_TEXT
ChIJXxv_GNq3kS0RZlRESl1xAmc,LORONG PERMANDIAN UELANTI,Kabupaten Luwu Timur,Sulawesi Selatan,Kabupaten Luwu Timur,Sulawesi Selatan,,"HQWW+MJ3, Jl. Trans Sulawesi, Kasintuwu, Kec. Mangkutana, Kabupaten Luwu Timur, Sulawesi Selatan 92973",,,OK_GEO
ChIJsZZB5wD5fTIRRhzAqBnyUrg,Air Terjun Wolinow,Kabupaten Minahasa Selatan,Sulawesi Utara,Kabupaten Minahasa Selatan,Sulawesi Utara,,"3FW5+GMV, Makasili, Kec. Kumelembuai, Kabupaten Minahasa Selatan, Sulawesi Utara",,,OK_GEO
ChIJV1EhBvL7fTIRU2DzvHM-kUE,Desa Boyong Pante,Kabupaten Minahasa Selatan,Sulawesi Utara,Kabupaten Minahasa Selatan,Sulawesi Utara,,"485V+XH6, Jl. Trans Sulawesi, Boyonpante, Kec. Sinonsayang, Kabupaten Minahasa Selatan, Sulawesi Utara",,,OK_GEO
ChIJGRx2LBilfjIR2egUfA8sgGs,Teratai Putih,Kabupaten Bolaang Mongondow Utara,Sulawesi Utara,Kabupaten Bolaang Mongondow Utara,Sulawesi Utara,,"W73V+34W, Talaga Tomoagu, Kec. Bolang Itang Bar., Kabupaten Bolaang Mongondow Utara, Sulawesi Utara",,,OK_GEO
ChIJKwZOU3eFiy0R9-Opyc-twzo,Pantai Wisata Maponu,Kabupaten Pasangkayu,Sulawesi Barat,Kabupaten Pasangkayu,Sulawesi Barat,,"3GFF+4CR, Maponu, Kec. Sarjo, Kab. Pasangkayu, Sulawesi Barat 91574",,,OK_GEO
ChIJse172NKLmi0R5w2Hz1R9IDQ,Wisata Mangrove Tofuti,Kabupaten Morowali,Sulawesi Tengah,Kabupaten Morowali,Sulawesi Tengah,,"CXQH+G55, Tofuti, Kec. Bungku Tengah, Kabupaten Morowali, Sulawesi Tengah 94973",,,OK_GEO
ChIJQWxMUzAply0R3ZDJV6_n7Zg,Dermaga Lawadia,Kabupaten Kolaka Utara,Sulawesi Tenggara,Kabupaten Kolaka Utara,Sulawesi Tenggara,,"MX93+WM7, Lawadia, Kec. Tiwu, Kabupaten Kolaka Utara, Sulawesi Tenggara",,,OK_GEO
ChIJkUkiaAAtfzIRVKs_RfKo6-A,Pantai Karang tajam,Kabupaten Bone Bolango,Gorontalo,Kabupaten Bone Bolango,Gorontalo,,"C4GQ+C2F, Taludaa - Pelabuhan Gorontalo, Bintalahe, Kec. Kabila Bone, Kabupaten Bone Bolango, Gorontalo",,,OK_GEO
ChIJzZc0DotBlC0Rjjsuxn1pNWA,Anjungan Sungai Mata Allo,Kabupaten Enrekang,Sulawesi Selatan,Kabupaten Enrekang,Sulawesi Selatan,,"Anjungan Sungai Mata Allo, Galonta, Kec. Enrekang, Kabupaten Enrekang, Sulawesi Selatan 91711",,,OK_GEO
ChIJw1gYcwARgy0R7T5l1uAeAN4,Wisata Bahari Kapelak,Kabupaten Banggai,Sulawesi Tengah,Kabupaten Banggai Laut,Sulawesi Tengah,,"7HPH+6C, Matanga, Kab. Banggai Laut, Sulawesi Tengah 94891",,,OK_GEO
ChIJ36ihWgAPoi0R29B_dkaHVZY,Air Terjun Malaringgi,Kabupaten Konawe Selatan,Sulawesi Tenggara,Kabupaten Konawe Selatan,Sulawesi Tenggara,,"MV7G+P2C, Malaringgi, Laonti, Kabupaten Konawe Selatan, Sulawesi Tenggara 93892",,,OK_GEO
ChIJVTEjfpqBoy0RVlaDZuBCKsM,Tanjung Buaya,Kabupaten Buton,Sulawesi Tenggara,Kabupaten Buton,Sulawesi Tenggara,Kabupaten Buton Tengah,"HCXP+928, Tanjung Buaya, Mawasangka Tim., Kabupaten Buton, Sulawesi Tenggara 93762",,,TEXT_WIN
ChIJhXlPjaY1eDIR8NMQ3a_eY5M,Taman Segitiga,Kabupaten Pohuwato,Gorontalo,Kabupaten Pohuwato,Gorontalo,,"FXG6+3V3, Palopo, Kec. Marisa, Kabupaten Pohuwato, Gorontalo 96265",,,OK_GEO
ChIJJf5N1Hj_eDIRb7fTUPmp6xE,Pulau Idaman Boalemo (Eks Pulo Mohupomba),Kabupaten Boalemo,Gorontalo,Kabupaten Boalemo,Gorontalo,,"F9F6+MQQ, Bajo, Kec. Tilamuta, Kabupaten Boalemo, Gorontalo 96263",,,OK_GEO
ChIJkd82qQe7gDIR_vuydYcbeLs,Pantai Tanjung Bubuan,Kabupaten Bolaang Mongondow Timur,Sulawesi Utara,Kabupaten Bolaang Mongondow Timur,Sulawesi Utara,,"RMVX+5C9, Unnamed Road, Buyat I, Kotabunan, Kabupaten Bolaang Mongondow Timur, Sulawesi Utara 95997",,,OK_GEO
ChIJ35kASB3rmC0RYhPaheHX2Bw,Bokori Beach,Kabupaten Konawe,Sulawesi Tenggara,Kabupaten Konawe,Sulawesi Tenggara,,"3M55+XWR Pulau Wisata Bokori, Tapulaga, Soropia, Kabupaten Konawe, Sulawesi Tenggara",,,OK_GEO
ChIJM5HUm0t2pC0RZZd7soepICY,Pantai One Wanta,Kabupaten Buton Tengah,Sulawesi Tenggara,Kabupaten Buton,Sulawesi Tenggara,Kabupaten Buton Tengah,"One Waara, Kec. Lakudo, Kabupaten Buton, Sulawesi Tenggara 93763",,,TEXT_WIN
ChIJixfwi19fky0ROx2T9mKVda4,Air Terjun Kona Rattekallang,Kabupaten Polewali Mandar,Sulawesi Barat,Kabupaten Polewali Mandar,Sulawesi Barat,,"Q2HH+M2X, Unnamed Road, Pollewani, Kec. Tutar, Kabupaten Polewali Mandar, Sulawesi Barat 91355",,,OK_GEO
ChIJPydIRD0Lky0R9DqG_BaP9u0,"Kebun Strawberry ""Dunia Berry""",Kabupaten Mamasa,Sulawesi Barat,Kabupaten Mamasa,Sulawesi Barat,,"394M+JQ7, Mamasa, Kec. Mamasa, Kabupaten Mamasa, Sulawesi Barat 91365",,,OK_GEO
ChIJ9X2DAopzhzIRHcKWIEEffy0,Batu Kuangang Wisata,Kota Manado,Sulawesi Utara,Kota Manado,Sulawesi Utara,,"Jalan Batu Kuangang, Lingkungan VII, Malalayang Satu Barat, Malalayang, Manado City, North Sulawesi",,,OK_GEO
ChIJndeIq-CdgDIRvMLbgFsWrqU,Pantai biskam,Kabupaten Bolaang Mongondow Timur,Sulawesi Utara,Kabupaten Bolaang Mongondow Timur,Sulawesi Utara,,"MH57+Q6P, Motongkad, Kec. Nuangan, Kabupaten Bolaang Mongondow Timur, Sulawesi Utara",,,OK_GEO
ChIJuX1W242tcDIRCEUw0XBbCMo,Pantai Maninang Buol,Kabupaten Buol,Sulawesi Tengah,Kabupaten Buol,Sulawesi Tengah,,"4FQ3+3W6, Jl. Buol - Gorontalo, Bokat, Kec. Bokat, Kabupaten Buol, Sulawesi Tengah 94564",,,OK_TEXT
ChIJYeVmBqwmvC0Ri8FvAGjdZzI,Bukit TRL,Kabupaten Sinjai,Sulawesi Selatan,Kabupaten Sinjai,Sulawesi Selatan,,"R6JW+63H, Tim., Saukang, Kec. Sinjai Tim., Kabupaten Sinjai, Sulawesi Selatan 92671",,,OK_GEO
ChIJ74piqPzvky0R5beZYHmM9Pc,Objek Wisata Danau Assa,Kabupaten Tana Toraja,Sulawesi Selatan,Kabupaten Tana Toraja,Sulawesi Selatan,,"VVWJ+PV9 Kalembang, Lea, Kec. Sangalla, Kabupaten Tana Toraja, Sulawesi Selatan 91817",,,OK_TEXT
ChIJDdSAn5ZfkS0RjgB_N49DFi0,Gunung Kambing Sea & City View Palopo,Kota Palopo,Sulawesi Selatan,Kota Palopo,Sulawesi Selatan,,"25CH+C3G, Salobulo, Kec. Wara Utara, Kota Palopo, Sulawesi Selatan 91911",,,OK_GEO
ChIJldYEoBu7mi0R_dRpLcULGrw,Pulau Karang Pasir Putih,Kabupaten Morowali,Sulawesi Tengah,Kabupaten Morowali,Sulawesi Tengah,,"PRF7+4PF, Desa, Umpanga, Kabupaten Morowali",,,OK_TEXT
ChIJt7xHiJ_pky0R6E7kA750wsg,Objek wisata kolam tilanga',Kabupaten Tana Toraja,Sulawesi Selatan,Kabupaten Tana Toraja,Sulawesi Selatan,,"XV7P+RP6, jln.objek wisata tilanga, Sarira, Kec. Makale Utara, Kabupaten Tana Toraja, Sulawesi Selatan 91852",,,OK_TEXT
ChIJTYpd-4l8kC0RAlK680IxXhE,Danau Mahalona,Kabupaten Luwu Timur,Sulawesi Selatan,Kabupaten Luwu Timur,Sulawesi Selatan,,"Kec. Towuti, Kabupaten Luwu Timur, Sulawesi Selatan",,,OK_GEO
ChIJowuhlU4mvy0R6FBp-e3ecPc,Pantai MANGNGESU Desa Salajangki,Kabupaten Gowa,Sulawesi Selatan,Kabupaten Gowa,Sulawesi Selatan,,"H9M7+6QV, Salajangki, Kec. Bontonompo Sel., Kabupaten Gowa, Sulawesi Selatan 92153",,,OK_GEO
ChIJ-WVXT2XCki0RrSCWry8xaZk,Wisata Pantai Galung,Kabupaten Mamuju,Sulawesi Barat,Kabupaten Mamuju,Sulawesi Barat,,"F2FM+HFV, Kalukku Bar., Kec. Kalukku, Kabupaten Mamuju, Sulawesi Barat",,,OK_GEO
ChIJU6Pr5uw7hzIRREG2daCCTY4,Pantai Tanjung Atep Oki,Kabupaten Minahasa,Sulawesi Utara,Kabupaten Minahasa,Sulawesi Utara,,"42WF+FG8, Parentek, Kec. Lembean Tim., Kabupaten Minahasa, Sulawesi Utara",,,OK_TEXT
ChIJY0CU4bm9izIR1bcPsG89cXY,Bio Hill (Puncak Bio Pemandangan Alam),Kabupaten Kepulauan Sangihe,Sulawesi Utara,Kabupaten Kepulauan Sangihe,Sulawesi Utara,,"CGJQ+HC, Makalekuhe, Tamako, Kabupaten Kepulauan Sangihe, Sulawesi Utara",,,OK_TEXT
ChIJM2kOVQDPmS0R_GGE3bfB0Wo,Air terjun garuda,Kabupaten Konawe,Sulawesi Tenggara,Kabupaten Konawe,Sulawesi Tenggara,,"9VHP+WQ2, Garuda, Kec. Abuki, Kabupaten Konawe, Sulawesi Tenggara 93452",,,OK_GEO
ChIJh4OguIv_vi0R-LRrPcMk4is,Pantai,Kota Makassar,Sulawesi Selatan,Kota Makassar,Sulawesi Selatan,,"WFR8+HMC, Jl. Salodong, Untia, Kec. Biringkanaya, Sulawesi Selatan",,,OK_GEO
ChIJc6RcKibRvi0Rgej6r7vhdFI,Taman Buru Ko'mara,Kabupaten Takalar,Sulawesi Selatan,Kabupaten Takalar,Sulawesi Selatan,,"HH84+29H, Cakura, Kec. Polombangkeng Sel., Kabupaten Takalar, Sulawesi Selatan 92252",,,OK_TEXT
ChIJr1LISgBVkS0RTznh7Qhy9fA,Permandian Alam Tampa,Kabupaten Luwu,Sulawesi Selatan,Kabupaten Luwu,Sulawesi Selatan,,"R66G+QC, Tampa, Kec. Ponrang, Kabupaten Luwu, Sulawesi Selatan 91991",,,OK_GEO
ChIJd5pqGZkdjy0Rr5rAt4sY1mI,Air terjun Toerama Toliba,Kabupaten Tojo Una-Una,Sulawesi Tengah,Kabupaten Tojo Una-Una,Sulawesi Tengah,,"HXJ5+G5Q, Toliba, Kec. Tojo Bar., Kabupaten Tojo Una-Una, Sulawesi Tengah 94681",,,OK_GEO
ChIJv6WXqYZrhC0RjFMzh2tMD38,PULAU TIKUS,Kabupaten Banggai Kepulauan,Sulawesi Tengah,Kabupaten Banggai Kepulauan,Sulawesi Tengah,,"MP8X+6RH, Paisubatu, Kec. Buko, Kabupaten Banggai Kepulauan, Sulawesi Tengah",,,OK_TEXT
ChIJX7VfSQD9vi0RSGtfBju-FDg,Ecoeduwisata Mangrove Parangloe,Kota Makassar,Sulawesi Selatan,Kota Makassar,Sulawesi Selatan,,"VCRV+P67, Kasorokang, Parang Loe, Kec. Tamalanrea, Kota Makassar, Sulawesi Selatan 90245",,,OK_GEO
ChIJkyAzyDBMlC0RdkMwBNq0ILw,Bulu Paleteang,Kabupaten Pinrang,Sulawesi Selatan,Kabupaten Pinrang,Sulawesi Selatan,,"Temmassarangnge, Kec. Paleteang, Kabupaten Pinrang, Sulawesi Selatan",,,OK_GEO
ChIJwdKqTx3_hjIRcscH-CtNxVE,Pante Woka,Kota Bitung,Sulawesi Utara,Kota Bitung,Sulawesi Utara,,"F77C+R43, Gn. Woka, Kota Bitung, Sulawesi Utara",,,OK_GEO
ChIJDfBpYPcTiTIRbQIhDZeu8to,TUGU I LOVE SITARO,Kabupaten Kepulauan Siau Tagulandang Biaro,Sulawesi Utara,,,,"PCJ7+P9P, Unnamed Road, Tatahadeng, Kec. Siau Tim., Sulawesi Utara 95861",,,NO_MATCH
ChIJy7DQkwjJiy0RUZqXfvEUo5M,Wisata Uwe Tombu,Kabupaten Donggala,Sulawesi Tengah,Kabupaten Donggala,Sulawesi Tengah,,"CQ2Q+GV, Toaya, Kec. Sindue, Kabupaten Donggala, Sulawesi Tengah 94353",,,OK_GEO
ChIJNw0x99rfiy0RkgaUXzctHKA,"Pantai Bamba Taipa, Pelawa Baru, Parigi Tengah, Sulawesi Tengah",Kabupaten Parigi Moutong,Sulawesi Tengah,Kabupaten Parigi Moutong,Sulawesi Tengah,,"742C+8F8, Jl. Trans Sulawesi, Pelawa Baru, Kec. Parigi Tengah, Kabupaten Parigi Moutong, Sulawesi Tengah 94471",,,OK_GEO
ChIJLYaOxgt1pC0RmfiX6URb-to,Muara Lakologou,Kota Baubau,Sulawesi Tenggara,Kota Baubau,Sulawesi Tenggara,,"HJPW+H43, Lakologou, Kec. Kokalukuna, Kota Bau-Bau, Sulawesi Tenggara 93758",,,OK_GEO
ChIJzQymJKaDmC0RW3m0xsYSJKU,Anduna Camping Ground,Kabupaten Konawe Selatan,Sulawesi Tenggara,Kabupaten Konawe Selatan,Sulawesi Tenggara,,"Anduna, Kec. Laeya, Kabupaten Konawe Selatan, Sulawesi Tenggara 93880",,,OK_GEO
ChIJdzqu2JOBlC0RdLiWtf3cDG8,Permandian Air Panas Alam Malimbong,Kabupaten Mamasa,Sulawesi Barat,Kabupaten Mamasa,Sulawesi Barat,,"P9GJ+M4M, Malimbong, Kec. Messawa, Kabupaten Mamasa, Sulawesi Barat 91361",,,OK_GEO
ChIJOWVbGYnJfjIR8RmwK6l_dW4,Ilomata River Camp,Kabupaten Bone Bolango,Gorontalo,Kabupaten Bone Bolango,Gorontalo,,"Jalan Pilomatea, Dusun 3 Pilomatea, Ilomata, Kec. Bulango Ulu, Kabupaten Bone Bolango, Gorontalo 96545",,,OK_GEO
ChIJpUcDLPP_uy0RblL7e8fguek,Kolam renang Roni Cell,Kabupaten Bulukumba,Sulawesi Selatan,Kabupaten Bulukumba,Sulawesi Selatan,,"Jln.menara, Tanah Kongkong, Kec. Ujung Bulu, Kabupaten Bulukumba, Sulawesi Selatan 92513",,,OK_GEO
ChIJP76UgldLhzIRG9CjyJ-07r0,Danau Lumpias Ratahan,Kabupaten Minahasa Tenggara,Sulawesi Utara,Kabupaten Minahasa Tenggara,Sulawesi Utara,,"2Q3G+7P2, Jl. Ratahan - Kotamobagu, Wawali, Kec. Ratahan, Kabupaten Minahasa Tenggara, Sulawesi Utara",,,OK_GEO
ChIJyWY5sOu3fzIRUnPlyN878Ms,Pantai Modisi,Kabupaten Bolaang Mongondow Selatan,Sulawesi Utara,Kabupaten Bolaang Mongondow Selatan,Sulawesi Utara,,"93MG+W6, Linawan, Kec. Pinolosian, Kabupaten Bolaang Mongondow Selatan, Sulawesi Utara",,,OK_GEO
ChIJCXqno1TtmC0RQ6aDoC293rw,Pantai maya ria kasilampe,Kota Kendari,Sulawesi Tenggara,Kota Kendari,Sulawesi Tenggara,,"2JG2+HV6, Jl. R. E. Martadinata, Kessilampe, Kota Kendari, Sulawesi Tenggara 93121",,,OK_GEO
ChIJD9mYCoXTkC0RUe2sALClqpQ,PANTAI DELON,Kabupaten Kolaka Utara,Sulawesi Tenggara,Kabupaten Kolaka Utara,Sulawesi Tenggara,,"Q2VP+XV4, Olo Oloho, Kec. Pakue, Kabupaten Kolaka Utara, Sulawesi Tenggara",,,OK_GEO
ChIJkbnLnjKjoy0Rjdx9jsthtnQ,Masjid Al-Husein,Kabupaten Muna,Sulawesi Tenggara,Kabupaten Muna,Sulawesi Tenggara,,"WGC2+2HV, Wakumoro, Kec. Parigi, Kabupaten Muna, Sulawesi Tenggara 93661",,,OK_GEO
ChIJLYncT5fnvi0RG-Jw7O61-ck,Lembah Titung (Bukit Teletubbies),Kabupaten Gowa,Sulawesi Selatan,Kabupaten Gowa,Sulawesi Selatan,,"QG4C+J4P, Bontomanai, Kec. Bontomarannu, Kabupaten Gowa, Sulawesi Selatan 92171",,,OK_GEO
ChIJ0cWMbyblvi0R9_VdOIanFh4,Dusun Sawagi Desa Pattallassang Kabupaten Gowa,Kabupaten Gowa,Sulawesi Selatan,Kabupaten Gowa,Sulawesi Selatan,,"RH27+99C, Jl. Danau Sawagi, Pattallasang, Kec. Pattallassang, Kabupaten Gowa, Sulawesi Selatan 92171",,,OK_GEO
ChIJW_7cxPIAhzIR8bQMT7WzxXI,Gunung Dua Saudara,Kota Bitung,Sulawesi Utara,Kota Bitung,Sulawesi Utara,,"Kadoodan, Kec. Madidir, Kota Bitung, Sulawesi Utara",,,OK_GEO
ChIJta5tgh8JjC0RsXD3CtKL5uw,Kebun Buah Sigi,Kabupaten Sigi,Sulawesi Tengah,Kabupaten Sigi,Sulawesi Tengah,,"WWQ4+RWX, Sidondo IV, Kec. Sigi Biromaru, Kabupaten Sigi, Sulawesi Tengah 94362",,,OK_TEXT
ChIJFwUs-r2Loy0ReY-R8vUT4tw,Bukit Alam Kolagana,Kota Baubau,Sulawesi Tenggara,Kota Baubau,Sulawesi Tenggara,,"MM32+FVF, Jl. Kolagana, Palabusa, Kec. Bungi, Kota Bau-Bau, Sulawesi Tenggara 93758",,,OK_GEO
ChIJXcAXXLRrpC0RYxvLQkW4okw,Pantai Jodoh,Kabupaten Buton,Sulawesi Tenggara,Kabupaten Buton,Sulawesi Tenggara,Kabupaten Buton Selatan,"8J5M+R36, Desa, Lampanairi, Batauga, Kabupaten Buton, Sulawesi Tenggara 93752",,,TEXT_WIN
ChIJsdDgjA7MeTIRa7am1X7Wdn0,Embung Iloheluma,Kabupaten Pohuwato,Gorontalo,Kabupaten Pohuwato,Gorontalo,,"Dudepo, Kec. Patilanggio, Kabupaten Pohuwato, Gorontalo 96266",,,OK_GEO
ChIJ2R-cL-bbky0RgJGIVnTxjdI,Sungai simbuang,Kabupaten Luwu,Sulawesi Selatan,Kabupaten Luwu,Sulawesi Selatan,,"43W6+V83, Ilan Batu, Kec. Walenrang Bar., Kabupaten Luwu, Sulawesi Selatan 91951",,,OK_GEO
ChIJd8Y7wy_noi0RdpKBaOHCuCs,Permandian Air Terjun Sangkona,Kabupaten Bombana,Sulawesi Tenggara,Kabupaten Bombana,Sulawesi Tenggara,,"628H+P3F, Unnamed Road,, Doule, Kec. Rumbia, Kabupaten Bombana, Sulawesi Tenggara 93771",,,OK_GEO
ChIJA5YyKCulhi0RtAUtLFjLja0,Pantai Kilongan,Kabupaten Banggai,Sulawesi Tengah,Kabupaten Banggai,Sulawesi Tengah,,"Kilongan, Luwuk, Kabupaten Banggai, Sulawesi Tengah 94711",,,OK_TEXT
ChIJ0SkOdobtmC0RtZLFA9tBw08,"Dermaga Desa Sorue Jaya, penyeberangan pertama menuju wisata pulau bokori",Kabupaten Konawe,Sulawesi Tenggara,Kabupaten Konawe,Sulawesi Tenggara,,"Sorue Jaya, Kabupaten Konawe, Sulawesi Tenggara 93351",,,OK_GEO
ChIJ8dSTFPAfoy0RcBi-O25Xi74,Pantai Alo Alo,Kabupaten Bombana,Sulawesi Tenggara,Kabupaten Bombana,Sulawesi Tenggara,,"42GQ+MP, Pulau Tambako, Mata Oleo, Kabupaten Bombana, Sulawesi Tenggara",,,OK_GEO
ChIJt-9mXcEdvy0RD11FZoJeBfo,Pantai Tarawat,Kota Makassar,Sulawesi Selatan,Kota Makassar,Sulawesi Selatan,,"Q9WJ+MC7, Barombong, Kota Makassar, Sulawesi Selatan",,,OK_GEO
ChIJNblugIjXvi0R1bbpa5CCAbM,Wisata Topejawa,Kabupaten Takalar,Sulawesi Selatan,Kabupaten Takalar,Sulawesi Selatan,,"FCRJ+CCX, Topejawa, Kec. Mangarabombang, Kabupaten Takalar, Sulawesi Selatan 92261",,,OK_GEO
ChIJl5T4t2tFvi0RrciJJPM9Kew,Danau Aneka Tama Siloro Pangkep,Kabupaten Pangkajene Dan Kepulauan,Sulawesi Selatan,Kabupaten Pangkajene Dan Kepulauan,Sulawesi Selatan,,"6J2H+442 Jalan poros siloro, Jalan Poros, Bontoa, Kec. Minasatene, Kabupaten Pangkajene Dan Kepulauan, Sulawesi Selatan 90615",,,OK_GEO
ChIJlccGEhyxvi0R9EO5zA3ytvg,Air Terjun Garuntungan Kassi,Kabupaten Jeneponto,Sulawesi Selatan,Kabupaten Jeneponto,Sulawesi Selatan,,"HV2M+CRF, Kassi, Kec. Rumbia, Kabupaten Jeneponto, Sulawesi Selatan 92314",,,OK_GEO
ChIJayfybqihhzIRK6jJPohyJ88,Sultan Birding Tours Indonesia,Kota Palu,Sulawesi Tengah,Kota Palu,Sulawesi Tengah,Kota Manado,"Perumahan Griya Paniki Indah Jalan Anggrek K No. 24 Mapanget, Besusu Bar., Kec. Palu Tim., Manado, Sulawesi Utara 94118",,,GEO_WIN
ChIJb9ImS2LVeDIRclAkEC7lvk8,Pantai Indah,Kota Gorontalo,Gorontalo,Kota Gorontalo,Gorontalo,Kabupaten Gorontalo,"Pohe, Kec. Hulonthalangi, Kota Gorontalo, Gorontalo",,,TEXT_WIN
ChIJscl29fC3kS0RQwYmHxjazdQ,Sungai Malela,Kabupaten Luwu Timur,Sulawesi Selatan,Kabupaten Luwu Timur,Sulawesi Selatan,,"Margolembo, Kec. Mangkutana, Kabupaten Luwu Timur, Sulawesi Selatan 92973",,,OK_TEXT
ChIJ1dggWQAFii0R9HPhU-2VLLE,Pantai OGO BUAYA,Kabupaten Parigi Moutong,Sulawesi Tengah,Kabupaten Parigi Moutong,Sulawesi Tengah,,"V2QR+742, Silampayang, Kec. Kasimbar, Kabupaten Parigi Moutong, Sulawesi Tengah",,,OK_GEO
ChIJ4zqy2lDqgy0R0pRqi-wxtMM,Wisata Pasir Putih Pompon,Kabupaten Banggai Kepulauan,Sulawesi Tengah,Kabupaten Banggai Kepulauan,Sulawesi Tengah,,"QC83+V28, Lalong, Kec. Tinangkung Utara, Kabupaten Banggai Kepulauan, Sulawesi Tengah 94885",,,OK_TEXT
ChIJo_fo78yzvi0RFEEF9uSUwH8,Air Terjun Parampangi,Kabupaten Bantaeng,Sulawesi Selatan,Kabupaten Bantaeng,Sulawesi Selatan,,"FWR8+QVP, Bonto Maccini, Kec. Sinoa, Kabupaten Bantaeng, Sulawesi Selatan 92451",,,OK_GEO
ChIJFx6W-YtVhjIRTR7ccnRnlws,Pantai Salise Lembeh Utara Kota Bitung,Kota Bitung,Sulawesi Utara,Kota Bitung,Sulawesi Utara,,"Motto, Kec. Lembeh Utara, Kota Bitung, Sulawesi Utara",,,OK_GEO
ChIJpdAj2c7Ooy0ROE9THK6jb9s,Danau Bakealu,Kabupaten Muna,Sulawesi Tenggara,Kabupaten Muna,Sulawesi Tenggara,,"3RP8+7MG, Bakealu, Kec. Wakorumba Sel., Kabupaten Muna, Sulawesi Tenggara",,,OK_GEO
ChIJT3LC34K2vi0R7Hfk9VDvxDc,Air Terjun Lembah Impian,Kabupaten Jeneponto,Sulawesi Selatan,Kabupaten Jeneponto,Sulawesi Selatan,,"GR7W+35F, Bontomanai, Kec. Rumbia, Kabupaten Jeneponto, Sulawesi Selatan 92572",,,OK_GEO
ChIJCSkoNgABvC0Rvb9fB-2Tu4E,Nila Fishing Fun,Kabupaten Bulukumba,Sulawesi Selatan,Kabupaten Bulukumba,Sulawesi Selatan,,"G6C7+P8R, Bijawang, Kec. Ujung Loe, Kabupaten Bulukumba, Sulawesi Selatan 92552",,,OK_GEO
ChIJjwicphltlC0RcrZ9XbEB9Ww,Bukit wisata Miallo,Kabupaten Enrekang,Sulawesi Selatan,Kabupaten Enrekang,Sulawesi Selatan,,"Bukit Miallo Panassang, Tallu Bamba, Kec. Enrekang, Kabupaten Enrekang, Sulawesi Selatan 91711",,,OK_GEO
ChIJi-SaewALgy0RH9fhTJ6dmWA,Keraton Banggai,Kabupaten Banggai,Sulawesi Tengah,Kabupaten Banggai Laut,Sulawesi Tengah,,"CG53+52J, Lompio, Kec. Banggai, Kab. Banggai Laut, Sulawesi Tengah 94891",,,OK_GEO
ChIJdQuwEgADmi0RKsZqt1vWnPM,Danau Hiuka,Kabupaten Konawe,Sulawesi Tenggara,Kabupaten Konawe,Sulawesi Tenggara,,"RPHW+FHR, Walandawe, Routa, Kabupaten Konawe, Sulawesi Tenggara 93353",,,OK_GEO
ChIJlWlnua3nlS0ROmCLi9fcJLk,Rumah Apung,Kabupaten Wajo,Sulawesi Selatan,Kabupaten Wajo,Sulawesi Selatan,,"V2C7+35, Salomenraleng, Kec. Tempe, Kabupaten Wajo, Sulawesi Selatan 90917",,,OK_GEO
ChIJw-5MUpsDvi0RSLP0M65yKCY,Permandian JOMPI PITUE,Kabupaten Soppeng,Sulawesi Selatan,Kabupaten Soppeng,Sulawesi Selatan,,"H27H+595, Citta, Kec. Citta, Kabupaten Soppeng, Sulawesi Selatan 90861",,,OK_GEO
ChIJfbUZCHs3ui0R7ytPm3Tdog8,Village Cantik Selayar,Kabupaten Kepulauan Selayar,Sulawesi Selatan,Kabupaten Kepulauan Selayar,Sulawesi Selatan,,"Jl. Kota Benteng-Tongketongke, Harapan, Bontosikuyu, Kab. Kepulauan Selayar, Sulawesi Selatan 92855",,,OK_GEO
ChIJ-bvhE5_Iky0R_sFe-pC82O8,Sesean,Kabupaten Toraja Utara,Sulawesi Selatan,Kabupaten Toraja Utara,Sulawesi Selatan,,"Pangkung Batu, Kec. Buntu Pepasan, Kabupaten Toraja Utara, Sulawesi Selatan",,,OK_GEO
ChIJPXl4dQDhky0RoupcXBcv9yI,U (you) BUKIT KAMBO,Kota Palopo,Sulawesi Selatan,Kota Palopo,Sulawesi Selatan,,"Kambo, Kec. Mungkajang, Kota Palopo, Sulawesi Selatan 91924",,,OK_GEO
ChIJO7634jzpoy0R0qF3nCdkBdg,Air Terjun Lapangan,Kabupaten Buton,Sulawesi Tenggara,Kabupaten Buton,Sulawesi Tenggara,,"RRRR+43H, Wambulu, Kec. Kapontori, Kabupaten Buton, Sulawesi Tenggara 93755",,,OK_GEO
ChIJ186hQ26djS0RVmGI2QQVAys,"Air Terjun Butang, Mario Pulana, Salulekbo, Topoyo, Mateng",Kabupaten Mamuju Tengah,Sulawesi Barat,Kabupaten Mamuju Tengah,Sulawesi Barat,,"Kambunong, Kec. Karossa, Kabupaten Mamuju Tengah, Sulawesi Barat 91563",,,OK_GEO
ChIJo6D06qkHhzIRyM88udpsKVA,GMIM Bukit Kasih Girian Permai,Kota Bitung,Sulawesi Utara,Kota Bitung,Sulawesi Utara,,"F42G+4CV, Girian Indah, Kec. Girian, Kota Bitung, Sulawesi Utara",,,OK_GEO
ChIJs4kSQGTVfzIRCQXKPvKrZp4,Modisi Beach,Kabupaten Bolaang Mongondow Selatan,Sulawesi Utara,Kabupaten Bolaang Mongondow Selatan,Sulawesi Utara,,"Modisi, Kec. Pinolosian Tim., Kabupaten Bolaang Mongondow Selatan, Sulawesi Utara",,,OK_GEO
ChIJW0wTDvHjji0RxIBxW1KaIDM,Pantai Tamimbo,Kabupaten Poso,Sulawesi Tengah,Kabupaten Poso,Sulawesi Tengah,,"HVPC+643, Malei, Kec. Lage, Kabupaten Poso, Sulawesi Tengah",,,OK_TEXT
ChIJVY8BInEBkC0R7WVukznw3oo,TAMAN WISATA UNGKEYA BEACH,Kabupaten Morowali,Sulawesi Tengah,Kabupaten Morowali,Sulawesi Tengah,Kabupaten Morowali Utara,"VGJR+45G, Mohoni, Kec. Petasia, Kabupaten Morowali, Sulawesi Tengah",,,TEXT_WIN
ChIJORVGVs5xpC0Ryjgpw75nND8,Batu Buti,Kota Baubau,Sulawesi Tenggara,Kota Baubau,Sulawesi Tenggara,,"GH87+JGH, Katobengke, Kec. Betoambari, Kota Bau-Bau, Sulawesi Tenggara 93724",,,OK_GEO
ChIJYTXLcfkOpC0RwjOP4PzExCA,Pantai Lingge-lingge,Kabupaten Buton,Sulawesi Tenggara,Kabupaten Buton,Sulawesi Tenggara,,"Jl. Protokol, Kambula Mbulana, Kec. Ps. Wajo, Kabupaten Buton, Sulawesi Tenggara 93754",,,OK_GEO
ChIJXc5D7irnvi0Rcf6L8Ypy7W8,Wisata Bukti Bollangi Kabupaten Gowa,Kabupaten Gowa,Sulawesi Selatan,Kabupaten Gowa,Sulawesi Selatan,,"QH5R+5GC, Jl. Malino, Bontoparang, Kec. Parangloe, Kabupaten Gowa, Sulawesi Selatan 92173",,,OK_GEO
ChIJlffe67whfjIRwgwgUIQx7rQ,Danow Tondok,Kabupaten Bolaang Mongondow Timur,Sulawesi Utara,Kabupaten Bolaang Mongondow Timur,Sulawesi Utara,,"Moat, Kec. Modayag, Kabupaten Bolaang Mongondow Timur, Sulawesi Utara",,,OK_GEO
ChIJ43j-44dZgy0Rk1f1UPZGkCE,Desa Kalupapi,Kabupaten Banggai Kepulauan,Sulawesi Tengah,Kabupaten Banggai Kepulauan,Sulawesi Tengah,Kabupaten Banggai Laut,"438X+5VQ, Bone-Bone, Bangkurung, Kabupaten Banggai Kepulauan, Sulawesi Tengah 94892",,,TEXT_WIN
ChIJ6aXhgc85vi0RGO87fO2xnhk,Telaga Biru Segeri,Kabupaten Pangkajene Dan Kepulauan,Sulawesi Selatan,Kabupaten Pangkajene Dan Kepulauan,Sulawesi Selatan,,"8JR9+9F5, Baring, Kec. Segeri, Kabupaten Pangkajene Dan Kepulauan, Sulawesi Selatan 90655",,,OK_GEO
ChIJA7kfS_v_uy0Rx7KdTcvwi50,Monumen Pejuang Kemerdekaan,Kabupaten Bulukumba,Sulawesi Selatan,Kabupaten Bulukumba,Sulawesi Selatan,,"Jl. Imam Bonjol No.50, Terang-Terang, Kec. Ujung Bulu, Kabupaten Bulukumba, Sulawesi Selatan",,,OK_GEO
ChIJx2lihSgqfjIRnc56cSFYw8I,Air Terjun Dodandian,Kabupaten Bolaang Mongondow Timur,Sulawesi Utara,Kabupaten Bolaang Mongondow Timur,Sulawesi Utara,,"HF4F+CR4, Matabulu, Kec. Nuangan, Kabupaten Bolaang Mongondow Timur, Sulawesi Utara",,,OK_GEO
ChIJzSpu7Ufziy0RtYWGKyL6xbk,Gunung Bulu Tanda,Kabupaten Sigi,Sulawesi Tengah,Kabupaten Sigi,Sulawesi Tengah,,"2RHX+QMX, Sibedi, Kec. Marawola, Kabupaten Sigi, Sulawesi Tengah 94238",,,OK_TEXT
ChIJgZ1L8dLljy0RU7puAob2S0w,Hutan Bakau Desa Koya Kabupaten Morowali Utara,Kabupaten Morowali,Sulawesi Tengah,Kabupaten Morowali,Sulawesi Tengah,,"29CH+PHX, Koya, Kec. Petasia, Kabupaten Morowali, Sulawesi Tengah",,,OK_TEXT
ChIJiTOKDJ3NfjIR8b-vKmvVvIk,Air Terjun Tulo'a,Kabupaten Bone Bolango,Gorontalo,Kabupaten Bone Bolango,Gorontalo,,"M39R+739, Bunuo, Kec. Bulango Utara, Kabupaten Bone Bolango, Gorontalo 96582",,,OK_GEO
ChIJo8UtO6Bpvi0Rk2_vCPFSmaU,Air Terjun Samaenre,Kabupaten Maros,Sulawesi Selatan,Kabupaten Maros,Sulawesi Selatan,,"6RGM+78R, Samaenre, Kec. Mallawa, Kabupaten Maros, Sulawesi Selatan 90563",,,OK_TEXT
ChIJ9f7vmyVthzIRraqbJF0y5bo,"Bukit Mahawu, Tomohon, Sulawesi Utara",Kota Tomohon,Sulawesi Utara,Kota Tomohon,Sulawesi Utara,,"8VX2+Q52, Jl. Mahawu, Kakaskasen Dua, Kec. Tomohon Utara, Kota Tomohon, Sulawesi Utara",,,OK_GEO
ChIJMQ76nBk_hzIR0r0PhlzviIc,"Danau Tondano, Minahasa, Sulawesi Utara",Kabupaten Minahasa,Sulawesi Utara,Kabupaten Minahasa,Sulawesi Utara,,"6WM2+992, Kembuan, Kec. Tondano Utara, Kabupaten Minahasa, Sulawesi Utara",,,OK_TEXT
ChIJZdF6sLKZfjIRb0HVKueR06c,Pantai Binjeita,Kabupaten Bolaang Mongondow Utara,Sulawesi Utara,Kabupaten Bolaang Mongondow Utara,Sulawesi Utara,,"VFRF+M72, Binjeita II, Kec. Bolang Itang Tim., Kabupaten Bolaang Mongondow Utara, Sulawesi Utara",,,OK_GEO
ChIJYWaIXHxfdjIREahuehPLN10,Abrasi Pantai Tingkulang,Kabupaten Parigi Moutong,Sulawesi Tengah,Kabupaten Parigi Moutong,Sulawesi Tengah,,"GG8J+GQ2, Jl. Trans Sulawesi, Tingkulang, Kec. Tomini, Kabupaten Parigi Moutong, Sulawesi Tengah 94476",,,OK_GEO
ChIJZxbd5tgPjy0R5QIabwubHXc,Air terjun Tayawa,Kabupaten Tojo Una-Una,Sulawesi Tengah,Kabupaten Tojo Una-Una,Sulawesi Tengah,,"G4M6+26, Tayawa, Kec. Tojo, Kabupaten Tojo Una-Una, Sulawesi Tengah 94681",,,OK_GEO
ChIJvYpkyPaniC0RGf72PNyF_gY,Wisata kuliner Ampana kota,Kabupaten Tojo Una-Una,Sulawesi Tengah,Kabupaten Tojo Una-Una,Sulawesi Tengah,,"4HMG+8C8, Jl. Yos Sudarso, Kec. Ampana Kota, Kabupaten Tojo Una-Una, Sulawesi Tengah 94683",,,OK_GEO
ChIJ47mJL58Lgy0RhdzjE3lSCas,Pantai Salatiga,Kabupaten Banggai Laut,Sulawesi Tengah,Kabupaten Banggai Laut,Sulawesi Tengah,,"Kab. Banggai Laut, Sulawesi Tengah",,,OK_GEO
ChIJReWWCmU_mC0R_12F7WFFg0s,AIR TERJUN KAREMOTINGGE,Kabupaten Kolaka Timur,Sulawesi Tenggara,Kabupaten Kolaka Timur,Sulawesi Tenggara,,"2WMR+HJ5, Tawainalu, Kec. Tirawuta, Kabupaten Kolaka Timur, Sulawesi Tenggara 93572",,,OK_GEO
ChIJy790RCbNvi0RilqPva3k6RM,Air Terjun Kapita ( Je'ne Ri'baka ),Kabupaten Jeneponto,Sulawesi Selatan,Kabupaten Jeneponto,Sulawesi Selatan,,,,,OK_GEO
ChIJ6_HMt44jvC0R9pZH-T0YP9U,Pantai Muhajirin,Kabupaten Sinjai,Sulawesi Selatan,Kabupaten Sinjai,Sulawesi Selatan,,"Unnamed Road, Pasimarannu, 92671, Panaikang, Kec. Sinjai Tim., Kabupaten Sinjai, Sulawesi Selatan",,,OK_GEO
ChIJiwUf_83BdTIRPpc4XqlxVKI,Pantai Nelayan Desa Long,Kabupaten Donggala,Sulawesi Tengah,Kabupaten Donggala,Sulawesi Tengah,,"8VC5+GM2, Rerang, Kec. Damsol, Kabupaten Donggala, Sulawesi Tengah 94356",,,OK_GEO
ChIJpfcF1Kvpji0Rce6H1sQoNCs,Pantai Seribu Bintang,Kabupaten Poso,Sulawesi Tengah,Kabupaten Poso,Sulawesi Tengah,,"JMH2+44Q, Unnamed Road, Masani, Kec. Poso Pesisir, Kabupaten Poso, Sulawesi Tengah 94652",,,OK_TEXT
ChIJ6bZO29NljS0ROg8X_LDroes,Pantai BTM,Kabupaten Mamuju,Sulawesi Barat,Kabupaten Mamuju,Sulawesi Barat,Kabupaten Mamuju Tengah,"X6G7+3F, Tumbu, Kec. Topoyo, Kabupaten Mamuju, Sulawesi Barat 91563",,,TEXT_WIN
ChIJ2UADdNJLuS0Rtlll-s_FCsI,WISATA BUNGUNG SALAPANG,Kabupaten Jeneponto,Sulawesi Selatan,Kabupaten Jeneponto,Sulawesi Selatan,,"9RXR+Q5F, Bontorappo, Kec. Tarowang, Kabupaten Jeneponto, Sulawesi Selatan 92361",,,OK_GEO
ChIJVZsNcZm1vi0RZGfAC89gNCg,Jembatan pelangi pannyawakkang,Kabupaten Jeneponto,Sulawesi Selatan,Kabupaten Gowa,Sulawesi Selatan,Kabupaten Jeneponto,"CQVW+J7X, Taring, Kec. Biringbulu, Kabupaten Gowa, Sulawesi Selatan 90244",,,TEXT_WIN
ChIJA8jAdtBdhzIRU2Tg-XQ9RDs,Pantai Lopana,Kabupaten Minahasa Selatan,Sulawesi Utara,Kabupaten Minahasa Selatan,Sulawesi Utara,,"6JH4+4H2, Lopana, Kec. Amurang Tim., Kabupaten Minahasa Selatan, Sulawesi Utara",,,OK_GEO
ChIJXehqDcLDiy0R30jcRED4aaw,Air Terjun Tamanggu Indah,Kabupaten Donggala,Sulawesi Tengah,Kabupaten Donggala,Sulawesi Tengah,,"7W3F+VCW, Nupa Bomba, Kec. Tanantovea, Kabupaten Donggala, Sulawesi Tengah 94142",,,OK_GEO
ChIJ6XQEXa83vS0RBZ63rc1XtoM,Pantai Timbala,Kabupaten Bombana,Sulawesi Tenggara,Kabupaten Bombana,Sulawesi Tenggara,,"Bar., Timbala, Kec. Poleang Bar., Kabupaten Bombana, Sulawesi Tenggara 93772",,,OK_GEO
ChIJ7Tk7OAAreTIRu48OSgIqZ8Q,Pintu Air Danau Limboto,Kabupaten Gorontalo,Gorontalo,Kabupaten Gorontalo,Gorontalo,,"H237+5XG, Tabumela, Kec. Tilango, Kabupaten Gorontalo, Gorontalo 96181",,,OK_GEO
ChIJFe8smULivi0ReFKbeJmktGw,Gerbang Batas Kota Makassar - Kabupaten Gowa,Kota Makassar,Sulawesi Selatan,Kota Makassar,Sulawesi Selatan,,"RC6R+HHG, Gn. Sari, Kec. Rappocini, Kota Makassar, Sulawesi Selatan 90221",,,OK_GEO
ChIJSeIzOFTIoy0Rl8H_BmN_Gyw,Danau Moko Kawu-kawu,Kabupaten Muna,Sulawesi Tenggara,Kabupaten Muna,Sulawesi Tenggara,,"3Q85+JV4, Lakarinta, Kec. Lohia, Kabupaten Muna, Sulawesi Tenggara 93658",,,OK_GEO
ChIJQ0uAYxdVhjIRELwWv-1iU3A,Pantai Walet Kasawari,Kota Bitung,Sulawesi Utara,Kota Bitung,Sulawesi Utara,,"G63R+57V, Makawidey, Aertembaga, Kota Bitung, Sulawesi Utara",,,OK_GEO
ChIJfW9dVsLtiy0RzCs8msBhnzQ,Lalove Land,Kota Palu,Sulawesi Tengah,Kota Palu,Sulawesi Tengah,,"Jl. Lalove, Nunu, Kec. Tatanga, Kota Palu, Sulawesi Tengah 94222",,,OK_TEXT
ChIJm4iuKb4ThzIRHzaLswG1l94,Objek Wisata Doud Ne Mukop,Kabupaten Minahasa,Sulawesi Utara,Kabupaten Minahasa,Sulawesi Utara,,"8WGG+M2X, Jl. P. Diponegoro, Hutan, Kec. Hutan, Kabupaten Minahasa, Sulawesi Utara",,,OK_TEXT
ChIJDUw8ek5biS0RhLdVC4BQqAg,Pantai Tueni,Kabupaten Parigi Moutong,Sulawesi Tengah,Kabupaten Parigi Moutong,Sulawesi Tengah,,"37V9+R28, Nambaru, Kec. Parigi Sel., Kabupaten Parigi Moutong, Sulawesi Tengah",,,OK_GEO
ChIJ-ezQAADnlS0R6x_ljTGsc3I,Sirkuit Atakkae Sengkang - Wajo,Kabupaten Soppeng,Sulawesi Selatan,Kabupaten Wajo,Sulawesi Selatan,,"R3X4+RH2 Landing Side, Attakkae, Kec. Tempe, Kabupaten Wajo, Sulawesi Selatan 90918",,,OK_GEO
ChIJKx8YElsKky0RsGe5pbFdJkk,Waduk Tamariri,Kabupaten Mamasa,Sulawesi Barat,Kabupaten Mamasa,Sulawesi Barat,,"396P+RV2, Tondok Bakaru, Kec. Mamasa, Kabupaten Mamasa, Sulawesi Barat 91365",,,OK_GEO
ChIJWa9w5duDvi0R3hTsBjANG1o,Air Terjun Baruttung Padang,Kabupaten Bone,Sulawesi Selatan,Kabupaten Bone,Sulawesi Selatan,,"X36W+2GV, Pammusureng, Kec. Bontocani, Kabupaten Bone, Sulawesi Selatan 92768",,,OK_GEO
ChIJ5w_iafu9lS0RB5Dwe3yWmeE,Wisata Alam Mannessa Camp Baths and Fishing,Kota Parepare,Sulawesi Selatan,Kota Parepare,Sulawesi Selatan,,"Jl. Lappa anging, WT. Bacukiki, Kec. Bacukiki, Kota Parepare, Sulawesi Selatan 91121",,,OK_GEO
ChIJ62IMHWTlvS0R66_9i3rYhKY,Situs Bersejarah Manurung E ri Matajang,Kabupaten Bone,Sulawesi Selatan,Kabupaten Bone,Sulawesi Selatan,,"F84J+WFJ, Manurunge, Kec. Tanete Riattang, Kabupaten Bone, Sulawesi Selatan 92712",,,OK_GEO
ChIJ_1oq-FELvC0RNeN1y0fRBJ0,Goa Purbakala Passea,Kabupaten Bulukumba,Sulawesi Selatan,Kabupaten Bulukumba,Sulawesi Selatan,,"Lembanna, Kec. Bonto Bahari, Kabupaten Bulukumba, Sulawesi Selatan",,,OK_GEO
ChIJP-fWm_YXui0R-P307WcWZt8,Pantai Bahuluang,Kabupaten Kepulauan Selayar,Sulawesi Selatan,Kabupaten Kepulauan Selayar,Sulawesi Selatan,,"Pulau bahuluang, Appatanah, Bontosikuyu, Kab. Kepulauan Selayar, Sulawesi Selatan",,,OK_GEO
ChIJrf7bgPTxky0R8FRl3MrJ_6M,Gunung Kandora,Kabupaten Tana Toraja,Sulawesi Selatan,Kabupaten Tana Toraja,Sulawesi Selatan,,"VVFP+HW9, Tengan, Kec. Mengkendek, Kabupaten Tana Toraja, Sulawesi Selatan 91817",,,OK_TEXT
ChIJh63QTwBthzIRmzyGpr7w0a4,Talaga Lotus woloan tomohon,Kota Tomohon,Sulawesi Utara,Kota Tomohon,Sulawesi Utara,,"8RG9+X77, Jl. Larus Rambing, Woloan Satu Utara, Kec. Tomohon Bar., Kota Tomohon, Sulawesi Utara",,,OK_GEO
ChIJzdXPBFO5hzIRDNGvqr2cutE,Dermaga Nelayan Desa Tanah Putih,Kabupaten Minahasa Utara,Sulawesi Utara,Kabupaten Minahasa Utara,Sulawesi Utara,,"PXCJ+237, Tanah Putih, Kec. Likupang Bar., Kabupaten Minahasa Utara, Sulawesi Utara",,,OK_GEO
ChIJTdQzvHn1oS0RvgfeSUH4uCQ,Air Terjun Lamoahi,Kabupaten Buton Utara,Sulawesi Tenggara,Kabupaten Buton Utara,Sulawesi Tenggara,,"G3QV+27J, Tombia, Kec. Kulisusu Utara, Kabupaten Buton Utara, Sulawesi Tenggara 93672",,,OK_GEO
ChIJRZLXnXD9jC0RXTRJgF2tkA8,Wisata Pantai Kuliner Salukaili,Kabupaten Pasangkayu,Sulawesi Barat,Kabupaten Pasangkayu,Sulawesi Barat,,"C8MF+HM7, Kasano, Kab. Pasangkayu, Sulawesi Barat",,,OK_GEO
ChIJTaiytwxjlC0RV0Yp3gYNIM4,Air Terjun Sarambu Paremba,Kabupaten Pinrang,Sulawesi Selatan,Kabupaten Pinrang,Sulawesi Selatan,,"GGJ2+JMR, Unnamed Road, Benteng Paremba, Kec. Lembang, Kabupaten Pinrang, Sulawesi Selatan 91254",,,OK_GEO
ChIJAcKrnk7VlS0RNRcqycLt5TY,Air Terjun Minangatellue,Kabupaten Wajo,Sulawesi Selatan,Kabupaten Wajo,Sulawesi Selatan,,"54RV+59J, Minangatellue, Desa Minangatellue, Lagading, Kec. Maniang Pajo, Kabupaten Wajo, Sulawesi Selatan 90954",,,OK_GEO
ChIJF_h6UwCvvi0RVRUqg_N7RZY,Agro Wisata Bonto Jonga,Kabupaten Bantaeng,Sulawesi Selatan,Kabupaten Bantaeng,Sulawesi Selatan,,"Desa Pa'bumbungang, Dusun Bonto Jonga, Pabumbungang, Kec. Eremerasa, Kabupaten Bantaeng, Sulawesi Selatan 92415",,,OK_GEO
ChIJAWGXKACZhzIRqrG4We2f8_A,Wisata Dermaga WORI,Kabupaten Minahasa Utara,Sulawesi Utara,Kabupaten Minahasa Utara,Sulawesi Utara,,"JV26+6PX, Wori, Kabupaten Minahasa Utara, Sulawesi Utara",,,OK_GEO
ChIJIb--D4EJ8TIRkZr8KMueIAk,Pantai Racuna,Kabupaten Kepulauan Talaud,Sulawesi Utara,Kabupaten Kepulauan Talaud,Sulawesi Utara,,"HH2H+26C, Miangas, Kabupaten Kepulauan Talaud, Sulawesi Utara",,,OK_TEXT
ChIJJ2UBX215mS0RqK57rSA4txI,Goa Allo,Kabupaten Morowali,Sulawesi Tengah,Kabupaten Morowali,Sulawesi Tengah,,"PCVJ+4PP, Matano, Menui Kepulauan, Kabupaten Morowali, Sulawesi Tengah 94975",,,OK_GEO
ChIJQ8-va8wMky0Rg01FXIOBJhg,Buntu Mussa',Kabupaten Mamasa,Sulawesi Barat,Kabupaten Mamasa,Sulawesi Barat,,"27CV+2W6, Balla Tumuka, Kec. Balla, Kabupaten Mamasa, Sulawesi Barat 91366",,,OK_GEO
ChIJGZ6krWBzky0RSCXleyMG284,Tedong-tedong Minanga,Kabupaten Mamasa,Sulawesi Barat,Kabupaten Mamasa,Sulawesi Barat,,"X8XC+Q5Q, Minanga,, Balla Bar., Kec. Balla, Kabupaten Mamasa, Sulawesi Barat 91366",,,OK_GEO
ChIJqWp5pRIpfzIRo0tFUEQktHs,Waolo,Kabupaten Bone Bolango,Gorontalo,Kabupaten Bone Bolango,Gorontalo,,"F529+FJ5, Oluhuta, Kec. Kabila Bone, Kabupaten Bone Bolango, Gorontalo 96119",,,OK_GEO
ChIJO2x4OkP1lS0ReSwR0GFyGqY,Tuang Uddungeng (KM Syekh Abdul Madjid),Kabupaten Soppeng,Sulawesi Selatan,Kabupaten Soppeng,Sulawesi Selatan,,"MV44+PQM, Bila, Kec. Lalabata, Kabupaten Soppeng, Sulawesi Selatan 90811",,,OK_GEO
ChIJ2Y8R83QkvC0Rrcei1WaQEik,Pantai Karosi,Kabupaten Sinjai,Sulawesi Selatan,Kabupaten Sinjai,Sulawesi Selatan,,"Panaikang, Kec. Sinjai Tim., Kabupaten Sinjai, Sulawesi Selatan",,,OK_GEO
ChIJ4ddFiZkXlC0RYPUIS-dTsa4,MANDUK PATINNA,Kabupaten Enrekang,Sulawesi Selatan,Kabupaten Enrekang,Sulawesi Selatan,,"FVWW+PPR, Kadingeh, Kec. Baraka, Kabupaten Enrekang, Sulawesi Selatan 91753",,,OK_GEO
ChIJ5yAy46YHhzIRTJpUADR9L7s,aer ujang,Kota Bitung,Sulawesi Utara,Kota Bitung,Sulawesi Utara,,"F45G+368, Jl. Tol Manado - Bitung, Girian Indah, Kec. Girian, Kota Bitung, Sulawesi Utara",,,OK_GEO
ChIJT3QlUGM7hzIRbSjnmLrzVRY,Bukit Teletabis Pantai Tulap,Kabupaten Minahasa,Sulawesi Utara,Kabupaten Minahasa,Sulawesi Utara,,"52HJ+46G, Tulap, Kecamatan Kombi, Kabupaten Minahasa, Sulawesi Utara",,,OK_TEXT
ChIJ6ffnIULLgDIRdcrQgiO9p0g,Pulau Pontein Tumbak,Kabupaten Minahasa Tenggara,Sulawesi Utara,Kabupaten Minahasa Tenggara,Sulawesi Utara,,"XV3H+FV6, Tumbak, Pusomaen, Kabupaten Minahasa Tenggara, Sulawesi Utara 95997",,,OK_GEO
ChIJ6bYBIgDnoi0RtR4jiNP4bLU,Wisata Bahari LantowuaBeach,Kabupaten Bombana,Sulawesi Tenggara,Kabupaten Bombana,Sulawesi Tenggara,,"Lantowua, Kec. Rarowatu Utara, Kabupaten Bombana, Sulawesi Tenggara 93771",,,OK_GEO
ChIJ_eCz4_JXeTIRJsRIAYqAlcU,Pantai Bengel,Kabupaten Gorontalo Utara,Gorontalo,Kabupaten Gorontalo Utara,Gorontalo,,"XX72+P75, Desa Mutiara Laut, Tanjung Karang, Kel. Tomilito, Tj. Karang, Kec. Kwandang, Kabupaten Gorontalo Utara, Gorontalo 96252",,,OK_GEO
ChIJWa2D_SpZkS0RZnR7EljoYtM,Wisata Modern Sampoddo,Kabupaten Luwu,Sulawesi Selatan,Kabupaten Luwu,Sulawesi Selatan,Kota Palopo,"W6VG+FJ3, Padang Kalua, Kec. Bua, Kabupaten Luwu, Sulawesi Selatan 91959",,,TEXT_WIN
ChIJudTdvj6nhzIRXIb1LpTVOV0,maymaR kavling,Kabupaten Minahasa Utara,Sulawesi Utara,Kabupaten Minahasa Utara,Sulawesi Utara,,"Tetey, Kec. Dimembe, Kabupaten Minahasa Utara, Sulawesi Utara",,,OK_GEO
ChIJ95EcGQApeTIRz7SqkVmm-cU,Lokawisata Tepi Desa,Kabupaten Gorontalo,Gorontalo,Kabupaten Gorontalo,Gorontalo,,"HX77+3CW, Pilobuhuta, Kec. Batudaa, Kabupaten Gorontalo, Gorontalo 96271",,,OK_GEO
ChIJtf8XK-11vi0RSlp4nGhXUho,Bulu Ponre,Kabupaten Bone,Sulawesi Selatan,Kabupaten Bone,Sulawesi Selatan,,"Salebba, Kec. Ponre, Kabupaten Bone, Sulawesi Selatan",,,OK_GEO
ChIJt6tjdgD_uy0RNshF7zz1sOc,Kolam labuh bentengnge,Kabupaten Bulukumba,Sulawesi Selatan,Kabupaten Bulukumba,Sulawesi Selatan,,"C5QW+M5J, Bentengnge, Kec. Ujung Bulu, Kabupaten Bulukumba, Sulawesi Selatan",,,OK_GEO
ChIJa_5R0BVrhzIRtmq-hkofKy4,Puncak lengkoan,Kabupaten Minahasa,Sulawesi Utara,Kabupaten Minahasa,Sulawesi Utara,,"6RM4+QRG, Jl. Albert, Leilem Dua, Kec. Sonder, Kabupaten Minahasa, Sulawesi Utara",,,OK_TEXT
ChIJ-xS06ldbiS0RKyourUkR1_s,Pantai toweni,Kabupaten Parigi Moutong,Sulawesi Tengah,Kabupaten Parigi Moutong,Sulawesi Tengah,,"37X6+7PP, Nambaru, Kec. Parigi Sel., Kabupaten Parigi Moutong, Sulawesi Tengah",,,OK_GEO
ChIJH9ebhb7dkC0RPYSnhCAbjN8,Pasir Putih Tolala,Kabupaten Kolaka Utara,Sulawesi Tenggara,Kabupaten Kolaka Utara,Sulawesi Tenggara,,"23R7+CMF, Bahari, Kec. Tolala, Kabupaten Kolaka Utara, Sulawesi Tenggara 93955",,,OK_GEO
ChIJY7VGk0pxjS0RuGbnpAeXciU,Pantai Wisata Kambunong,Kabupaten Mamuju,Sulawesi Barat,Kabupaten Mamuju,Sulawesi Barat,Kabupaten Mamuju Tengah,"28V7+PF6, Kambunong, Kec. Karossa, Kabupaten Mamuju, Sulawesi Barat 91563",,,TEXT_WIN
ChIJaV-dIwCVlC0RevnklJa5s2M,Pantai Babatoa Lapeo Campalagian,Kabupaten Polewali Mandar,Sulawesi Barat,Kabupaten Polewali Mandar,Sulawesi Barat,,"G44M+7V7, Lapeo, Kec. Campalagian, Kabupaten Polewali Mandar, Sulawesi Barat",,,OK_GEO
ChIJ2VeiLoRTeDIRe5nTrdhp3Es,"Tambatan Perahu Dulangeya, Kec. Botumoito",Kabupaten Boalemo,Gorontalo,Kabupaten Boalemo,Gorontalo,,"F6PM+V7H, Dulangeya, Kec. Botumoito, Kabupaten Boalemo, Gorontalo 96264",,,OK_GEO
ChIJ24g51h1leTIR1wkaCm96jAs,Pantai idaman,Kabupaten Gorontalo Utara,Gorontalo,Kabupaten Gorontalo Utara,Gorontalo,,"WHC8+56M, Dulukapa, Kec. Sumalata, Kabupaten Gorontalo Utara, Gorontalo 96254",,,OK_GEO
ChIJmQas9q-nvi0RYEleiEdzh7s,Kampung Wisata Cilallang,Kabupaten Bulukumba,Sulawesi Selatan,Kabupaten Bulukumba,Sulawesi Selatan,,"Balang Taroang, Kec. Bulukumpa, Kabupaten Bulukumba, Sulawesi Selatan 92552",,,OK_GEO
ChIJvakTTgDCky0RhRK74-oU_6g,Buntu Singki,Kabupaten Toraja Utara,Sulawesi Selatan,Kabupaten Toraja Utara,Sulawesi Selatan,,"Mentirotiku, Kec. Rantepao, Kabupaten Toraja Utara, Sulawesi Selatan",,,OK_GEO
ChIJja5sRQDJky0R9NDARcgmIUI,Air terjun fire keeper,Kabupaten Toraja Utara,Sulawesi Selatan,Kabupaten Toraja Utara,Sulawesi Selatan,,"6R56+5MP, Sarambu, Kec. Buntu Pepasan, Kabupaten Toraja Utara, Sulawesi Selatan 91854",,,OK_GEO
ChIJl2ghSLdZkS0RmxEpIHFpkOQ,Wisata alam desa tiromanda,Kabupaten Luwu,Sulawesi Selatan,Kabupaten Luwu,Sulawesi Selatan,,"Tiromanda, Kec. Bua, Kabupaten Luwu, Sulawesi Selatan 91991",,,OK_GEO
ChIJ89XM40ilkS0R1667gMR0EZI,Wisata Alam Gua Batu Putih,Kabupaten Luwu Utara,Sulawesi Selatan,Kabupaten Luwu Timur,Sulawesi Selatan,,"CJHW+Q7F, Unnamed Road, Lagego, Kec. Burau, Kabupaten Luwu Timur, Sulawesi Selatan 92975",,,OK_TEXT
ChIJJVrDGZhpkC0RE2kYV5hrRFc,Pantai taipa,Kabupaten Luwu Timur,Sulawesi Selatan,Kabupaten Luwu Timur,Sulawesi Selatan,,"G78P+V5F, Magani, Kec. Nuha, Kabupaten Luwu Timur, Sulawesi Selatan 92983",,,OK_GEO
ChIJAbXaOAAJhzIRZfy8Hrm933g,Danau Gunung Klabat,Kabupaten Minahasa Utara,Sulawesi Utara,Kabupaten Minahasa Utara,Sulawesi Utara,,"F23H+HR, Airmadidi Atas, Kec. Airmadidi, Kabupaten Minahasa Utara, Sulawesi Utara",,,OK_GEO
ChIJ-1Y1SzoBhzIRXuz_s_g2Ryk,GPdI Bukit Hermon,Kota Bitung,Sulawesi Utara,Kota Bitung,Sulawesi Utara,,"F44R+65P, Girian Indah, Kec. Girian, Kota Bitung, Sulawesi Utara",,,OK_GEO
ChIJxa3xEgDziy0RDa42QMwobQU,Pemancingan Binangga Tirta Alam,Kabupaten Sigi,Sulawesi Tengah,Kabupaten Sigi,Sulawesi Tengah,,"Jl. Tadulako, Padende, Kec. Marawola, Kabupaten Sigi, Sulawesi Tengah 94222",,,OK_TEXT
ChIJMdVErfnlji0ReBDxWaiKQ1w,Pantai Penghibur Kota Poso,Kabupaten Poso,Sulawesi Tengah,Kabupaten Poso,Sulawesi Tengah,,"JQ94+XCG, Jl. Pattimura, Lawanga, Kec. Poso Kota Utara, Kabupaten Poso, Sulawesi Tengah 94615",,,OK_GEO
ChIJZ8pHCgCnmi0Rt6BM6aoWFFE,Pesona Bali,Kabupaten Morowali,Sulawesi Tengah,Kabupaten Morowali,Sulawesi Tengah,,"QM8R+495, Lambelu, Kec. Bumi Raya, Kabupaten Morowali, Sulawesi Tengah 94976",,,OK_GEO
ChIJ5yTHjIPujy0Raj0R6Ju7yoA,Batu Payung,Kabupaten Morowali Utara,Sulawesi Tengah,Kabupaten Morowali Utara,Sulawesi Tengah,,"39XV+33P, Kec. Petasia, Kabupaten Morowali Utara, Sulawesi Tengah 12230",,,OK_GEO
ChIJP5Zg20RTgS0RSCNb-J8P5sM,Wisata Mangrove Desa Lomba,Kabupaten Banggai,Sulawesi Tengah,Kabupaten Banggai,Sulawesi Tengah,,"35W2+WJP, Bahari Makmur, Kec. Lamala, Kabupaten Banggai, Sulawesi Tengah 94771",,,OK_TEXT
ChIJH-pXk1nvmC0Rn5cuO42JS_o,Pantai Puuloro,Kabupaten Konawe,Sulawesi Tenggara,Kabupaten Konawe,Sulawesi Tenggara,,"4H2H+5MR, Waworaha, Soropia, Kabupaten Konawe, Sulawesi Tenggara",,,OK_GEO
ChIJM6coTgpFoy0RMOYFXKvepYs,Gunung BATU SANGIA,Kabupaten Bombana,Sulawesi Tenggara,Kabupaten Bombana,Sulawesi Tenggara,,"PVWJ+534, Rahadopi, Kec. Kabaena, Kabupaten Bombana, Sulawesi Tenggara 93781",,,OK_GEO
ChIJ3ePiUcnLoy0RrMrQTBP5S1w,Museum Bharugano Wuna,Kabupaten Muna,Sulawesi Tenggara,Kabupaten Muna,Sulawesi Tenggara,,"5P8H+X29, Jl. By Pass Raha, Kabupaten Muna, Sulawesi Tenggara 93611",,,OK_GEO
ChIJgYxowmfbeTIRG3GEUf2VROo,Air terjun taluditi,Kabupaten Pohuwato,Gorontalo,Kabupaten Pohuwato,Gorontalo,,"JQXX+97F, Mekarti Jaya, Kec. Taluditi, Kabupaten Pohuwato, Gorontalo 96469",,,OK_GEO
ChIJ_SpHgjBllC0REwtuMOpBsIQ,Pasir Hijau Batara Malong,Kabupaten Pinrang,Sulawesi Selatan,Kabupaten Pinrang,Sulawesi Selatan,,"Jln poros, Kabupaten Pinrang, Sulawesi Selatan 95134",,,OK_GEO
ChIJMRfvi0Opvi0RvettpYzS1OM,Bendungan Bokong,Kabupaten Bulukumba,Sulawesi Selatan,Kabupaten Bulukumba,Sulawesi Selatan,,"G3JV+6PH, Gattareng, Kec. Gantarang, Kabupaten Bulukumba, Sulawesi Selatan 92517",,,OK_GEO
ChIJxeVKHkgFhzIR5YVbLB8xUnY,PANTAI TANJUNG RIA,Kota Bitung,Sulawesi Utara,Kota Bitung,Sulawesi Utara,,"C439+3RW, Manembo-Nembo, Kec. Matuari, Kota Bitung, Sulawesi Utara",,,OK_GEO
ChIJpYI-JwCvcDIRtq2WdKb_FKc,Pantai Vaname,Kabupaten Buol,Sulawesi Tengah,Kabupaten Buol,Sulawesi Tengah,,"4CWX+9V, Bugis, Kabupaten Buol, Sulawesi Tengah",,,OK_TEXT
ChIJaSbAsPcOpC0RkfhyqWX7Y58,Permandian Gua Wandigi,Kabupaten Buton,Sulawesi Tenggara,Kabupaten Buton,Sulawesi Tenggara,,"GR3R+82G, Kambula Mbulana, Kec. Ps. Wajo, Kabupaten Buton, Sulawesi Tenggara 93754",,,OK_GEO
ChIJJctq7gYpvi0RG11hgM-3oG0,Pantai MHG,Kabupaten Barru,Sulawesi Selatan,Kabupaten Barru,Sulawesi Selatan,,"GJH2+93F, Lalolang, Kec. Tanete Rilau, Kabupaten Barru, Sulawesi Selatan 90761",,,OK_GEO
ChIJv_ByS7RdhzIRe0q-Idm3mmA,Tugu Perdamaian PERMESTA Dan Pusat,Kabupaten Minahasa Selatan,Sulawesi Utara,Kabupaten Minahasa Selatan,Sulawesi Utara,,"6JFC+3V2, Malenos Baru, Kec. Amurang Tim., Kabupaten Minahasa Selatan, Sulawesi Utara",,,OK_GEO
ChIJ71t9rcgljTIRfREnA5_IDP0,Objek Wisata Telaga Lotta Indah,Kabupaten Kepulauan Talaud,Sulawesi Utara,Kabupaten Kepulauan Talaud,Sulawesi Utara,,"WP28+8H6, Moronge Sel. I, Kec. Moronge, Kabupaten Kepulauan Talaud, Sulawesi Utara",,,OK_TEXT
ChIJu7Gm7RV3pC0RyKY9Ydryk7E,Permandian Tanjung Kaobula Kotamara,Kota Baubau,Sulawesi Tenggara,Kabupaten Buton Selatan,Sulawesi Tenggara,,"Waborobo, Kec. Batupoaro, Kota Bau-Bau, Sulawesi Tenggara 93721",,,OK_GEO
ChIJ59b7OVEvly0RYIScER7Ipsw,Gua Tengkorak / Gua Lawolatu,Kabupaten Kolaka Utara,Sulawesi Tenggara,Kabupaten Kolaka Utara,Sulawesi Tenggara,,"P22Q+G56, Lapai, Kec. Ngapa, Kabupaten Kolaka Utara, Sulawesi Tenggara 93958",,,OK_GEO
ChIJUU1kge09fjIRl0FH1Xmev2w,Taman Pobundayan,Kota Kotamobagu,Sulawesi Utara,Kota Kotamobagu,Sulawesi Utara,,"P873+78J, Jl. DC. Manoppo, Pobundayan, Kec. Kotamobagu Sel., Kota Kotamobagu, Sulawesi Utara",,,OK_GEO
ChIJPXe_ESsblC0Rgulxb4w9Oow,Gunung Rantemario,Kabupaten Luwu,Sulawesi Selatan,Kabupaten Luwu,Sulawesi Selatan,Kabupaten Enrekang,"To'lajuk, Kec. Latimojong, Kabupaten Luwu, Sulawesi Selatan",,,TEXT_WIN
ChIJ5UsOE9LxdjIRHGbphFtVXEw,Cagar Alam Gunung Tinombala,Kabupaten Parigi Moutong,Sulawesi Tengah,Kabupaten Parigi Moutong,Sulawesi Tengah,,"HMRM+X3R, Unnamed Road, Ogobayas, Mepanga, Parigi Moutong Regency, Central Sulawesi 94552",,,OK_GEO
ChIJNTiT6Vxfmi0RnS83gAzeEnY,"FATUTOKO,GERESA,BUNGKU TIMUR,MOROWALI",Kabupaten Morowali,Sulawesi Tengah,Kabupaten Morowali,Sulawesi Tengah,,"82HM+6C2, Geresa, Kec. Bungku Tengah, Kabupaten Morowali, Sulawesi Tengah",,,OK_GEO
ChIJZ6A6Est_mC0RRoNyEANz-2M,PERMANDIAN MULTI BAITO,Kabupaten Konawe Selatan,Sulawesi Tenggara,Kabupaten Konawe Selatan,Sulawesi Tenggara,,"Q8RC+5XQ, Baito, Kec. Baito, Kabupaten Konawe Selatan, Sulawesi Tenggara 93883",,,OK_GEO
ChIJKVrYFbLJoy0RlYJTrmzBNIo,Mata Air Wolio,Kabupaten Muna,Sulawesi Tenggara,Kabupaten Muna,Sulawesi Tenggara,,"3QF2+67Q, Lakarinta, Kec. Lohia, Kabupaten Muna, Sulawesi Tenggara 93658",,,OK_GEO
ChIJLx-CpS8xoS0RZE5Gm2Mtu8Y,Pantai Onowa,Kabupaten Wakatobi,Sulawesi Tenggara,Kabupaten Wakatobi,Sulawesi Tenggara,,"QG2P+QV2, Waha, Wangi-Wangi Sel., Kabupaten Wakatobi, Sulawesi Tenggara",,,OK_GEO
ChIJXe8dZbtSkC0RFUQbPxQOBlM,JEMBATAN GANTUNG CENDANA HITAM,Kabupaten Luwu Timur,Sulawesi Selatan,Kabupaten Luwu Timur,Sulawesi Selatan,,"Cendana Hitam Tim., Kec. Tomoni Tim., Kabupaten Luwu Timur, Sulawesi Selatan 92985",,,OK_GEO
ChIJxxwaKs2egDIR-AC6L5daN38,Pantai Dodap,Kabupaten Bolaang Mongondow Timur,Sulawesi Utara,Kabupaten Bolaang Mongondow Timur,Sulawesi Utara,,"Bolaamongondow, Dodap Pantai, Kec. Tutuyan, Kabupaten Bolaang Mongondow Timur, Sulawesi Utara",,,OK_GEO
ChIJn0IwsjwRjC0R-oYfqNGV7uI,Situs Cagar Budaya Lumpang Batu Desa Bangga,Kabupaten Sigi,Sulawesi Tengah,Kabupaten Sigi,Sulawesi Tengah,,"QW4G+H55, Desa, Bangga, Kec. Dolo Sel., Kabupaten Sigi, Sulawesi Tengah 94361",,,OK_TEXT
ChIJTWXuJEqDgy0R5wp4bkaqmV8,Permandian Desa Balayon,Kabupaten Banggai Kepulauan,Sulawesi Tengah,Kabupaten Banggai Kepulauan,Sulawesi Tengah,,"F6PX+37P, Balayon, Kec. Liang, Kabupaten Banggai Kepulauan, Sulawesi Tengah 94883",,,OK_TEXT
ChIJsbF3bfaThi0RvJ6OiMudJ18,Wisata Pantai Ompotian,Kabupaten Banggai,Sulawesi Tengah,Kabupaten Banggai,Sulawesi Tengah,,"6H88+J97, Jl. Trans Sulawesi, Pakowa, Pagimana, Kabupaten Banggai, Sulawesi Tengah 94752",,,OK_TEXT
ChIJfY-ZR--vmS0RU6Bm52bgSLY,Pantai BMW,Kabupaten Konawe Utara,Sulawesi Tenggara,Kabupaten Konawe Utara,Sulawesi Tenggara,,"96H3+FWG, Bandaeha, Kec. Molawe, Kabupaten Konawe Utara, Sulawesi Tenggara",,,OK_GEO
ChIJkRfYonjooi0R8zgCEi7l2aw,pantai langkowala,Kabupaten Bombana,Sulawesi Tenggara,Kabupaten Bombana,Sulawesi Tenggara,,"Unnamed Road, Lantowua, Kec. Rarowatu Utara, Kabupaten Bombana, Sulawesi Tenggara 93771",,,OK_GEO
ChIJt_Oa0Pixoy0RcUGcZS9J-pA,Benteng Kotano Wuna,Kabupaten Muna,Sulawesi Tenggara,Kabupaten Muna,Sulawesi Tenggara,,"Lakologou, Kec. Tongkuno, Kabupaten Muna, Sulawesi Tenggara 93352",,,OK_GEO
ChIJScynhqu5lC0RxenwUlETCuw,AGROWISATA BUKIT MOLOKU,Kabupaten Majene,Sulawesi Barat,Kabupaten Majene,Sulawesi Barat,,"CWXR+R7M, Totoli, Kec. Banggae, Kabupaten Majene, Sulawesi Barat 91415",,,OK_TEXT
ChIJp9hvSMT0ly0RCrolpH2bR00,Pantai Burung-Burung (PBB),Kabupaten Kolaka,Sulawesi Tenggara,Kabupaten Kolaka,Sulawesi Tenggara,,"Kolakaasi, Kec. Latambaga, Kabupaten Kolaka, Sulawesi Tenggara 93511",,,OK_GEO
ChIJWS_6VIK_vi0Rxhtoz7B85Fw,Kampung Wisata Bulo,Kabupaten Gowa,Sulawesi Selatan,Kabupaten Gowa,Sulawesi Selatan,,"PRFM+HFM, Parigi, Kec. Tinggimoncong, Kabupaten Gowa, Sulawesi Selatan 92174",,,OK_GEO
ChIJXXaEewALhzIRu15cjq_XXXg,"Mini Zoo, Rumah Alam Manado",Kota Manado,Sulawesi Utara,Kota Manado,Sulawesi Utara,,"FVHQ+WJ, Kairagi Weru, Kec. Paal Dua, Kota Manado, Sulawesi Utara",,,OK_GEO
ChIJiegx5xNrizIRGzeWMJUGqTk,Pantai Poa,Kabupaten Kepulauan Sangihe,Sulawesi Utara,Kabupaten Kepulauan Sangihe,Sulawesi Utara,,"Nanusa, Nusa Tabukan, Kabupaten Kepulauan Sangihe, Sulawesi Utara",,,OK_TEXT
ChIJ9Ui3dgALizIReDhr3S2eSGQ,TASUMARO,Kabupaten Kepulauan Sangihe,Sulawesi Utara,Kabupaten Kepulauan Sangihe,Sulawesi Utara,,"JGHC+GVJ, Tola, Kec. Tabukan Utara, Kabupaten Kepulauan Sangihe, Sulawesi Utara",,,OK_TEXT
ChIJf69EWvAPgy0RZlLnyIZtfwo,Teluk Lalong,Kabupaten Banggai Kepulauan,Sulawesi Tengah,Kabupaten Banggai Kepulauan,Sulawesi Tengah,Kabupaten Banggai Laut,"CH2R+4M, Pasir Putih, Kec. Banggai, Kabupaten Banggai Kepulauan, Sulawesi Tengah 94891",,,TEXT_WIN
ChIJm3pqW2u_mS0RlhO_HPVbceg,Danau Rano Iwoi Tekonda,Kabupaten Konawe Utara,Sulawesi Tenggara,Kabupaten Konawe Utara,Sulawesi Tenggara,,"F3Q9+XR6, Wanggudu, Kec. Asera, Kabupaten Konawe Utara, Sulawesi Tenggara 93353",,,OK_GEO
ChIJFcHGGOB5pC0RKkjLl7utZoI,Bone Marangi,Kabupaten Buton,Sulawesi Tenggara,Kabupaten Buton,Sulawesi Tenggara,Kabupaten Buton Tengah,"HG6M+87, Wara, Kabupaten Buton, Sulawesi Tenggara",,,TEXT_WIN
ChIJ66Abhxf1ly0RBV74HPErL2U,GPdI Bukit Hermon Kolaka,Kabupaten Kolaka,Sulawesi Tenggara,Kabupaten Kolaka,Sulawesi Tenggara,,"XH2V+9MF, Sakuli, Kec. Latambaga, Kabupaten Kolaka, Sulawesi Tenggara 93511",,,OK_GEO
ChIJHf0ptVzzoy0RtKA6AJE4wxM,Bendungan Loko,Kabupaten Buton,Sulawesi Tenggara,Kabupaten Buton,Sulawesi Tenggara,,"MPGR+G6, Kamelanta, Kec. Kapontori, Kabupaten Buton, Sulawesi Tenggara 93755",,,OK_GEO
ChIJoVjdSwCHlC0R1EFWUl8yhbU,Wisata alam tangga 1000,Kabupaten Polewali Mandar,Sulawesi Barat,Kabupaten Polewali Mandar,Sulawesi Barat,,"JC33+M45, Dusun Kaola, Batetangnga, Kec. Binuang, Kabupaten Polewali Mandar, Sulawesi Barat 91312",,,OK_GEO
ChIJ-4YvyU4teTIRieyNRO-Zpy0,BUKIT GORESAN TIMUATO,Kabupaten Gorontalo,Gorontalo,Kabupaten Gorontalo,Gorontalo,,"J2FG+JWM, Jl. Gorontalo Outer Ring Road, Timuato, Kec. Telaga Biru, Kabupaten Gorontalo, Gorontalo 96181",,,OK_GEO
ChIJqajooB6_ky0R5f509uLwcRg,Sarambu Sikore,Kabupaten Toraja Utara,Sulawesi Selatan,Kabupaten Toraja Utara,Sulawesi Selatan,,"3PQ5+CGG, Awan, Kec. Awan Rante Karua, Kabupaten Toraja Utara, Sulawesi Selatan 91856",,,OK_GEO
ChIJx3Faf8yXkS0R5lk8lH_CJ_s,AIR TERJUN REMA TAMBOKE,Kabupaten Luwu Utara,Sulawesi Selatan,Kabupaten Luwu Utara,Sulawesi Selatan,,"FFFC+F33, DESA, Tamboke, Kec. Sukamaju, Kabupaten Luwu Utara, Sulawesi Selatan 92963",,,OK_TEXT
ChIJ8eDwt9mrcDIR7V0i8b2oIKE,Pantai Desa Tamit (Tamit Paradise),Kabupaten Buol,Sulawesi Tengah,Kabupaten Buol,Sulawesi Tengah,,"3H5H+HC, Tamit, Kec. Bunobogu, Kabupaten Buol, Sulawesi Tengah",,,OK_TEXT
ChIJSzjbFHX_mC0RQ6hfKPxlnBw,Pantai One-One,Kabupaten Konawe Utara,Sulawesi Tenggara,Kabupaten Konawe Utara,Sulawesi Tenggara,,"79FR+9R, Taipa, Kabupaten Konawe Utara, Sulawesi Tenggara",,,OK_GEO
ChIJAQZiBoZrpC0Rq5iSJgFnVr8,Pantai watiginanda,Kabupaten Buton,Sulawesi Tenggara,Kabupaten Buton,Sulawesi Tenggara,Kabupaten Buton Selatan,"8MHJ+Q5X, Jl. Gajah Mada, Bangun, Kec. Sampolawa, Kabupaten Buton, Sulawesi Tenggara",,,TEXT_WIN
ChIJ5ZpvfURBvi0RyLaVpusgyu0,Bukit Bonto Payung,Kabupaten Barru,Sulawesi Selatan,Kabupaten Barru,Sulawesi Selatan,,"7P67+XQR, Pujananting, Kec. Pujananting, Kabupaten Barru, Sulawesi Selatan 90762",,,OK_GEO
ChIJB_SBEZnzlS0R95mfsXPUb4Q,Wisata Alam Chaputo,Kabupaten Soppeng,Sulawesi Selatan,Kabupaten Soppeng,Sulawesi Selatan,,"MRMG+RG4, Pesse, Kec. Donri Donri, Kabupaten Soppeng, Sulawesi Selatan 90853",,,OK_GEO
ChIJjR40tXgTui0RKm3gsw0NyNk,Pantai Appatanah,Kabupaten Kepulauan Selayar,Sulawesi Selatan,Kabupaten Kepulauan Selayar,Sulawesi Selatan,,"Appatanah, Bontosikuyu, Kab. Kepulauan Selayar, Sulawesi Selatan",,,OK_GEO
ChIJcdEnilCZiy0RJmcA9JD3UAM,Pantai Seribu Kelapa,Kabupaten Pasangkayu,Sulawesi Barat,Kabupaten Pasangkayu,Sulawesi Barat,,"Sarude, Kec. Sarjo, Kab. Pasangkayu, Sulawesi Barat 91591",,,OK_GEO
ChIJY_Fw9zb1mi0RK3H-K0y13ls,Poentjak Unsongi Indah,Kabupaten Morowali,Sulawesi Tengah,Kabupaten Morowali,Sulawesi Tengah,,"92H3+56, Unsongi, Kec. Bungku Timur, Kabupaten Morowali, Sulawesi Tengah",,,OK_GEO
ChIJnVT6SLLVlS0RwKqzBu5b_pg,Wisata Cekdam Lagading,Kabupaten Sidenreng Rappang,Sulawesi Selatan,Kabupaten Sidenreng Rappang,Sulawesi Selatan,,"538G+5MJ, Unnamed Road, Lagading, Pitu Riase, Sidenreng Rappang Regency, South Sulawesi 91691",,,OK_GEO
ChIJ587eUXYnmC0RjIAmdVFDaDA,Air Terjun Batu Lukis,Kabupaten Kolaka Timur,Sulawesi Tenggara,Kabupaten Kolaka Timur,Sulawesi Tenggara,,"3PJ4+47C, Ulu Mowewe, Mowewe, Kabupaten Kolaka Timur, Sulawesi Tenggara 93517",,,OK_GEO
ChIJ42qeMW_pvi0ReEM01REBP7M,Air Terjun Borisallo,Kabupaten Gowa,Sulawesi Selatan,Kabupaten Gowa,Sulawesi Selatan,,"QMG8+32, Belapunranga, Kec. Parangloe, Kabupaten Gowa, Sulawesi Selatan 92173",,,OK_GEO
ChIJkyYH0tL1vi0RlMoo1EQrRoM,Bulu tombolo,Kabupaten Maros,Sulawesi Selatan,Kabupaten Maros,Sulawesi Selatan,,"2P2Q+CVH, Unnamed Road, Labuaja, Kec. Cenrana, Kabupaten Maros, Sulawesi Selatan 90561",,,OK_GEO
ChIJt2k0dfJRvi0RTFingrXH33o,"Lamperangan, Desa Kabba, Kec. Minasatene",Kabupaten Pangkajene Dan Kepulauan,Sulawesi Selatan,Kabupaten Pangkajene Dan Kepulauan,Sulawesi Selatan,,"4HQV+F9M, Kabba, Kec. Minasatene, Kabupaten Pangkajene Dan Kepulauan, Sulawesi Selatan 90614",,,OK_GEO
ChIJM03dz7ntuy0Rp9GxEu0hXR8,SUAR MENARA INDAH,Kabupaten Kepulauan Selayar,Sulawesi Selatan,Kabupaten Kepulauan Selayar,Sulawesi Selatan,,"7F6P+38Q, Menara Indah, Kec. Bontomatene, Kab. Kepulauan Selayar, Sulawesi Selatan",,,OK_GEO
ChIJSbXz60Clli0R7m1gW7aW-eg,Wisata Sawah Kurusumanga,Kabupaten Luwu,Sulawesi Selatan,Kabupaten Luwu,Sulawesi Selatan,,"J88M+FW6, Kurusumanga, Kec. Belopa, Kabupaten Luwu, Sulawesi Selatan 91994",,,OK_GEO
ChIJ7SgFRB4LizIRa3syX5RJRbY,DERMAGA APUNG TAHUNA,Kabupaten Kepulauan Sangihe,Sulawesi Utara,Kabupaten Kepulauan Sangihe,Sulawesi Utara,,"JF5R+5G7, pelabuhan tua, Kec. Tahuna, Kabupaten Kepulauan Sangihe, Sulawesi Utara",,,OK_TEXT
ChIJ45QF1EIPgy0RxU-85zBvUMQ,Pantai Bone Moute,Kabupaten Banggai,Sulawesi Tengah,Kabupaten Banggai Laut,Sulawesi Tengah,,"9HRH+228, Pasir Putih, Kec. Banggai, Kab. Banggai Laut, Sulawesi Tengah 94891",,,OK_GEO
ChIJB8yK5mHtmC0RyBV7LRDc5c8,Wisata papalimbang Kendari,Kota Kendari,Sulawesi Tenggara,Kota Kendari,Sulawesi Tenggara,,"2HCM+5Q7, Unnamed Road, Lapulu, Kota Kendari, Sulawesi Tenggara",,,OK_GEO
ChIJ5SjLbr87oy0RkLnhGTQ3Fg8,Pantai Pising,Kabupaten Bombana,Sulawesi Tenggara,Kabupaten Bombana,Sulawesi Tenggara,,"Mapila, Kabaena Utara, Kabupaten Bombana, Sulawesi Tenggara 93781",,,OK_GEO
ChIJOU9753iDoy0RJqH9h0PJuWo,Goa maobu,Kabupaten Buton,Sulawesi Tenggara,Kabupaten Buton,Sulawesi Tenggara,Kabupaten Buton Tengah,"M9PW+HFH, Lalibo, Kec. Mawasangka Tengah, Kabupaten Buton, Sulawesi Tenggara",,,TEXT_WIN
ChIJO2fARwZHhzIRJXKtumZrmLU,Telaga Sendow,Kabupaten Minahasa,Sulawesi Utara,Kabupaten Minahasa,Sulawesi Utara,,"Kopiwangker, Kec. Langowan Bar., Kabupaten Minahasa, Sulawesi Utara",,,OK_TEXT
ChIJd2f8FcFlfjIRf9_t-7KirJQ,Air Terjun Desa Sauk,Kabupaten Bolaang Mongondow,Sulawesi Utara,Kabupaten Bolaang Mongondow,Sulawesi Utara,,"RX84+G3F, Sauk, Kec. Lolak, Kabupaten Bolaang Mongondow, Sulawesi Utara",,,OK_GEO
ChIJ_9OZgb-hhi0RBcJV4dIQNvc,Uwe Molino,Kabupaten Luwu,Sulawesi Selatan,Kabupaten Banggai,Sulawesi Tengah,,"2QRJ+V5P, Tontouan, Luwuk, Kabupaten Banggai, Sulawesi Tengah 94713",,,OK_TEXT
ChIJo6rv5FRpgy0RREoR7lealD8,Binotik,Kabupaten Banggai,Sulawesi Tengah,Kabupaten Banggai Laut,Sulawesi Tengah,,"68PF+QWH, Lipulalongo, Labobo, Kab. Banggai Laut, Sulawesi Tengah",,,OK_TEXT
ChIJLbXd28sJhC0R7Kks0l60v0o,Labotan Bone,Kabupaten Banggai Kepulauan,Sulawesi Tengah,Kabupaten Banggai Kepulauan,Sulawesi Tengah,,"R256+GMH, Ombuli, Kec. Bulagi Utara, Kabupaten Banggai Kepulauan, Sulawesi Tengah",,,OK_TEXT
ChIJW_b-jH9ppC0RuOtG1N53IPc,Pantai Majapahit,Kabupaten Buton,Sulawesi Tenggara,Kabupaten Buton,Sulawesi Tenggara,Kabupaten Buton Selatan,"8JM9+VJW, Jl. Poros Batauga, Katilombu, Kec. Sampolawa, Kabupaten Buton, Sulawesi Tenggara 93752",,,TEXT_WIN
ChIJxx2tDpjToy0R1qqmsCgvhM4,Wisata KAREDE (Permandian Air Hangat),Kabupaten Buton Utara,Sulawesi Tenggara,Kabupaten Buton Utara,Sulawesi Tenggara,,"5XPJ+4GC, Jl. Ronta-Buranga, Een Sumala, Kec. Bonegunu, Kabupaten Buton Utara, Sulawesi Tenggara 93673",,,OK_GEO
ChIJi3MkYkillC0R4sPd9zCaJYw,Bahari Nusantara Mosso Mario,Kabupaten Majene,Sulawesi Barat,Kabupaten Majene,Sulawesi Barat,,"HVP9+94G, Mosso Dhua, Kec. Sendana, Kabupaten Majene, Sulawesi Barat 91452",,,OK_TEXT
ChIJU3_B-H83uS0RWr8XEy83D_Y,Pantai Indah Pannara,Kabupaten Jeneponto,Sulawesi Selatan,Kabupaten Jeneponto,Sulawesi Selatan,,"7QXC+82X, Empoang Sel., Kec. Binamu, Kabupaten Jeneponto, Sulawesi Selatan 92311",,,OK_GEO
ChIJ83I0Asc3ui0RfH3Ke6MAGp8,Tanjung Baloiya,Kabupaten Kepulauan Selayar,Sulawesi Selatan,Kabupaten Kepulauan Selayar,Sulawesi Selatan,,"QCRW+R4W, Bontotangnga, Kec. Bontoharu, Kab. Kepulauan Selayar, Sulawesi Selatan",,,OK_GEO
ChIJHQryAORrlC0Ro0_HHSAGfUA,Air Terjun Lagandang,Kabupaten Enrekang,Sulawesi Selatan,Kabupaten Enrekang,Sulawesi Selatan,,"GQ2G+27X, Unnamed Road, Bamba Puang, Kec. Anggeraja, Kabupaten Enrekang, Sulawesi Selatan 91752",,,OK_GEO
ChIJ5T_BYHgPizIRKQAMWoBA-FI,Pantai Wisata Kendahe,Kabupaten Kepulauan Sangihe,Sulawesi Utara,Kabupaten Kepulauan Sangihe,Sulawesi Utara,,"Kendahe I, Kendahe, Kabupaten Kepulauan Sangihe, Sulawesi Utara",,,OK_TEXT
ChIJ_1DGcwAJ8TIRFsejSd3kGL8,Pulau Terluar Indonesia,Kabupaten Kepulauan Talaud,Sulawesi Utara,Kabupaten Kepulauan Talaud,Sulawesi Utara,,"HH5M+VJ, Miangas, Kabupaten Kepulauan Talaud, Sulawesi Utara",,,OK_TEXT
ChIJnyRw99G7oi0R2VIXGLEYqC8,Bukit Tinabitte,Kabupaten Bombana,Sulawesi Tenggara,Kabupaten Bombana,Sulawesi Tenggara,,"FVRC+MFW, Tinabite, Kec. Lantari Jaya, Kabupaten Bombana, Sulawesi Tenggara 93774",,,OK_GEO
ChIJ29qWc-HZki0RIec9DJAyMMc,Tepi Laut Mamuju,Kabupaten Mamuju,Sulawesi Barat,Kabupaten Mamuju,Sulawesi Barat,,"8VCJ+V52, Rimuku, Kabupaten Mamuju, Sulawesi Barat",,,OK_TEXT
ChIJEXG5wyzljy0Rf9O8daWq4-8,Air Terjun MATARUTUNG,Kabupaten Morowali Utara,Sulawesi Tengah,Kabupaten Morowali Utara,Sulawesi Tengah,,"Jalan Trans Sulawesi, Trans bunta, Kec. Petasia, Kabupaten Morowali Utara, Sulawesi Tengah 94971",,,OK_GEO
ChIJ7zFmNNJZjC0RQQP2s_RMrj8,KOLAM RENANG TIRTABARAS,Kabupaten Pasangkayu,Sulawesi Barat,Kabupaten Pasangkayu,Sulawesi Barat,,"HC6G+F79, Jln. Nusalontar, Lelejae, Kec. Bulu Taba, Kab. Pasangkayu, Sulawesi Barat 91571",,,OK_GEO
ChIJS1rPfLDHlC0RgnTilKAeJt4,pantai pasir putih rangas,Kabupaten Majene,Sulawesi Barat,Kabupaten Majene,Sulawesi Barat,,"CWJP+X35, Rangas Bar., Totoli, Kec. Banggae, Kabupaten Majene, Sulawesi Barat 91415",,,OK_TEXT
ChIJ6RO42nUJky0R2D63Zfsp258,Destinasi digital Kampung Natal,Kabupaten Mamasa,Sulawesi Barat,Kabupaten Mamasa,Sulawesi Barat,,"39HP+9QC, Tondok Bakaru, Kec. Mamasa, Kabupaten Mamasa, Sulawesi Barat 91362",,,OK_GEO
ChIJQ1w3NAAFeTIRGg97MULwKjI,WISATA BUNGA BUKIT CINTA,Kabupaten Boalemo,Gorontalo,Kabupaten Boalemo,Gorontalo,,"JGJM+3X3, Tenilo, Kec. Paguyaman, Kabupaten Boalemo, Gorontalo 96261",,,OK_GEO
ChIJffm-DS9Ovi0REDiUB7CTne4,Monumen Tantangan Ewako,Kabupaten Pangkajene Dan Kepulauan,Sulawesi Selatan,Kabupaten Pangkajene Dan Kepulauan,Sulawesi Selatan,,"Jl. Poros Tonasa No.2, Padoang Doangan, Kec. Pangkajene, Kabupaten Pangkajene Dan Kepulauan, Sulawesi Selatan 90614",,,OK_GEO
ChIJ3Yr0RIMrky0R_h2K_KHfgwc,Wisata pantai Losa,Kabupaten Mamuju,Sulawesi Barat,Kabupaten Mamuju,Sulawesi Barat,,"Lebani, Kec. Tapalang Bar., Kabupaten Mamuju, Sulawesi Barat 91513",,,OK_TEXT
ChIJM9JH9NVhlC0RpjWs_cSPsmQ,Wisata Pasir Putih Makkerre,Kabupaten Polewali Mandar,Sulawesi Barat,Kabupaten Polewali Mandar,Sulawesi Barat,,"GCFM+W5R, Jl. Poros Pinrang - Polman, Mirring, Kec. Binuang, Kabupaten Polewali Mandar, Sulawesi Barat 91312",,,OK_GEO
ChIJOXBzrqsxvi0RR-p3WK_uxHY,Wisata Bahari Politani,Kabupaten Pangkajene Dan Kepulauan,Sulawesi Selatan,Kabupaten Pangkajene Dan Kepulauan,Sulawesi Selatan,,"Mandalle, Kec. Mandalle, Kabupaten Pangkajene Dan Kepulauan, Sulawesi Selatan 90655",,,OK_GEO
ChIJxTSyOcpxfjIR3jqubxpRMY8,Pantai Pondok Cinta,Kabupaten Bolaang Mongondow,Sulawesi Utara,Kabupaten Bolaang Mongondow,Sulawesi Utara,,"V2P4+W27, Jalan, Motabang, Lolak, Bolaang Mongondow Regency, North Sulawesi",,,OK_GEO
ChIJabgm2uBFji0Rmz-KueIR7Tc,Goa Latea,Kabupaten Poso,Sulawesi Tengah,Kabupaten Poso,Sulawesi Tengah,,"6MV4+QR2, Tentena, Pamona Pusalemba, Kabupaten Poso, Sulawesi Tengah 94663",,,OK_TEXT
ChIJ-Zvv3c3VfjIRZH-5F6QIi3Q,Agrowisata Mekar Jaya Farm,Kabupaten Bone Bolango,Gorontalo,Kabupaten Bone Bolango,Gorontalo,,"G5X7+F38, Unnamed Road, Duano, Kecamatan Suwawa Tengah, Kabupaten Bone Bolango, Gorontalo 96121",,,OK_GEO
ChIJx4Na-c3poy0RPDZ6fkAFVic,Gunu Lambelu,Kabupaten Buton Utara,Sulawesi Tenggara,Kabupaten Buton Utara,Sulawesi Tenggara,Kabupaten Buton,"Konde, Kec. Kambowa, Kabupaten Buton Utara, Sulawesi Tenggara",,,TEXT_WIN
ChIJGZFcXiGblC0RtpFq8kVFOMo,Buttu Dakka,Kabupaten Polewali Mandar,Sulawesi Barat,Kabupaten Polewali Mandar,Sulawesi Barat,,"Dakka, Kec. Tapango, Kabupaten Polewali Mandar, Sulawesi Barat",,,OK_GEO
ChIJX8OOJV0wki0R-vEBNLbdmjk,Buntu Tabuan,Kabupaten Luwu Utara,Sulawesi Selatan,Kabupaten Luwu Utara,Sulawesi Selatan,,"Rinding Allo, Kec. Limbong, Kabupaten Luwu Utara, Sulawesi Selatan",,,OK_GEO
ChIJn7esqqpKiS0RIt-w4FcJW7o,Pantai Melasti Rayon Tambu,Kabupaten Parigi Moutong,Sulawesi Tengah,Kabupaten Parigi Moutong,Sulawesi Tengah,,"jl. pantai, tambu, Kec. Sausu, Kabupaten Parigi Moutong, Sulawesi Tengah 94473",,,OK_GEO
ChIJU1WO6pnWfjIRZFYXw2pCUHU,Wisata Pemandian Air Panas Lombongo,Kabupaten Bone Bolango,Gorontalo,Kabupaten Bone Bolango,Gorontalo,,"Jl. Taman Wisata, Lombongo, Kecamatan Suwawa Tengah, Kabupaten Bone Bolango, Gorontalo 96583",,,OK_GEO
ChIJHXh7Mhk9fjIRz-Wsft0QRAY,KOTAMOBAGU,Kota Kotamobagu,Sulawesi Utara,Kota Kotamobagu,Sulawesi Utara,,"Jl. Gatot Subroto, mongkonai induk, Kec. Kotamobagu Bar., Kota Kotamobagu, Sulawesi Utara",,,OK_GEO
ChIJsx1-Wbsvly0R6P83iBeMCg8,Permandian Sulembe,Kabupaten Kolaka Utara,Sulawesi Tenggara,Kabupaten Kolaka Utara,Sulawesi Tenggara,,"M2MJ+CMM, Unnamed Road, Watu Mutaha, Kec. Ngapa, Kabupaten Kolaka Utara, Sulawesi Tenggara 93958",,,OK_GEO
ChIJwdEhCgDxmC0RPe-zb1d1_wY,Wisata Pantai Konawe Timur Tanjung Lalimbue,Kabupaten Konawe,Sulawesi Tenggara,Kabupaten Konawe,Sulawesi Tenggara,,"4GJ5+967, Lalimbue, Kec. Kapoiala, Kabupaten Konawe, Sulawesi Tenggara 93354",,,OK_GEO
ChIJsdlhfr1hvi0RKi_NFhTKIs8,Air Terjun Bantimurungnge,Kabupaten Maros,Sulawesi Selatan,Kabupaten Maros,Sulawesi Selatan,Kabupaten Pangkajene Dan Kepulauan,"3RM9+8X5, Pattiro Deceng, Kec. Camba, Kabupaten Maros, Sulawesi Selatan 90562",,,TEXT_WIN
ChIJ39sTxJcpvi0R3J_0EDTrB0I,Pantai atapange,Kabupaten Barru,Sulawesi Selatan,Kabupaten Barru,Sulawesi Selatan,,"GHGX+PP2, Lalolang, Kec. Tanete Rilau, Kabupaten Barru, Sulawesi Selatan 90761",,,OK_GEO
ChIJx2TVkDQ7vi0R2LOBpEm5FuQ,Bukit Nanas Bette,Kabupaten Barru,Sulawesi Selatan,Kabupaten Barru,Sulawesi Selatan,,"CM2W+47, Jangan-Jangan, Kec. Pujananting, Kabupaten Barru, Sulawesi Selatan 90762",,,OK_GEO
ChIJNX5e9UhFkC0RS81bFvNFNDc,Tugu tongku Tambee desa Landangi,Kabupaten Luwu Timur,Sulawesi Selatan,Kabupaten Luwu Timur,Sulawesi Selatan,,"G4HG+HR, Matano, Kec. Nuha, Kabupaten Luwu Timur, Sulawesi Selatan 92983",,,OK_GEO
ChIJ0Z3gH9SfizIRPXhi9E66mUU,Humusu Beach,Kabupaten Kepulauan Sangihe,Sulawesi Utara,Kabupaten Kepulauan Sangihe,Sulawesi Utara,,"GJW5+2WP, Kulur II, Kec. Tabukan Tengah, Kabupaten Kepulauan Sangihe, Sulawesi Utara",,,OK_TEXT
ChIJK4LnscOjizIRU8bgcDOGhg8,BATU SENGGELOHE,Kabupaten Kepulauan Sangihe,Sulawesi Utara,Kabupaten Kepulauan Sangihe,Sulawesi Utara,,"GF2P+R7R, Unnamed Road, Kec. Manganitu, Kabupaten Kepulauan Sangihe, Sulawesi Utara",,,OK_TEXT
ChIJ4YORGwC9iy0RMxbhyqoPe0A,Desa Wisata Towale 2019,Kabupaten Donggala,Sulawesi Tengah,Kabupaten Donggala,Sulawesi Tengah,,"7MFJ+H59, Ampera - Surumana, Towale, Kec. Banawa Tengah, Kabupaten Donggala, Sulawesi Tengah 94351",,,OK_GEO
ChIJcSSqPQATii0RBkUY3-Cd0k4,Pasir putih/ Sivalenta bose,Kabupaten Donggala,Sulawesi Tengah,Kabupaten Donggala,Sulawesi Tengah,,"RRM3+9G5, Lende, Kec. Sirenja, Kabupaten Donggala, Sulawesi Tengah 94355",,,OK_GEO
ChIJdVvzP6uNmi0RqXA76Rolatw,Pantai Matano,Kabupaten Morowali,Sulawesi Tengah,Kabupaten Morowali,Sulawesi Tengah,,"FX7C+27, Matano, Kec. Bungku Tengah, Kabupaten Morowali, Sulawesi Tengah",,,OK_GEO
ChIJWxpFSuhthC0Rd9YWd_-XoKE,Air Terjun Lalengan,Kabupaten Banggai Kepulauan,Sulawesi Tengah,Kabupaten Banggai Kepulauan,Sulawesi Tengah,,"MR6R+7PX, Lalengan, Kec. Buko, Kabupaten Banggai Kepulauan, Sulawesi Tengah 94881",,,OK_TEXT
ChIJwas1fHOTgy0RkIeapl9tmpM,Tebingkai,Kabupaten Banggai Kepulauan,Sulawesi Tengah,Kabupaten Banggai Kepulauan,Sulawesi Tengah,,"M7GR+HH8, Jl. Bukit Trikora, Tompudau, Tinangkung, Kabupaten Banggai Kepulauan, Sulawesi Tengah 94885",,,OK_TEXT
ChIJhZyP1w1rpC0RdHoCZ5fpNv4,Pantai Desa Bahari,Kabupaten Buton,Sulawesi Tenggara,Kabupaten Buton,Sulawesi Tenggara,Kabupaten Buton Selatan,"8P97+W4, Bahari, Kabupaten Buton, Sulawesi Tenggara",,,TEXT_WIN
ChIJlS0AIgDdoi0RAS8Ts-578Bc,Permandian Lowi Malo,Kabupaten Bombana,Sulawesi Tenggara,Kabupaten Bombana,Sulawesi Tenggara,,"7W8P+M44, Taubonto, Kec. Rarowatu, Kabupaten Bombana, Sulawesi Tenggara 93774",,,OK_GEO
ChIJ89-sF415oy0RhRYRGHQxlBM,PANTAI LA DADO,Kabupaten Buton,Sulawesi Tenggara,Kabupaten Buton,Sulawesi Tenggara,Kabupaten Buton Tengah,"P73G+JC, Balobone, Kec. Mawasangka, Kabupaten Buton, Sulawesi Tenggara 93762",,,TEXT_WIN
ChIJCUI9YKsJpy0R6ND0UsmVcWM,Pantai Palahidu,Kabupaten Wakatobi,Sulawesi Tenggara,Kabupaten Wakatobi,Sulawesi Tenggara,,"4265+C3G, Palahidu, Binongko, Kabupaten Wakatobi, Sulawesi Tenggara 93794",,,OK_GEO
ChIJ03nDOgDRki0Rm6sCN5vyvvc,Bukit tinggi TARANGGADING,Kabupaten Mamuju,Sulawesi Barat,Kabupaten Mamuju,Sulawesi Barat,,"9R6G+Q2, Rangas, Kec. Simboro Dan Kepulauan, Kabupaten Mamuju, Sulawesi Barat 91512",,,OK_TEXT
ChIJW9AIfWLbki0RrW_paR22KlQ,Karampuang Island,Kabupaten Mamuju Tengah,Sulawesi Barat,Kabupaten Mamuju,Sulawesi Barat,,"9V8H+9J7, Unnamed Road, Pulau, Karampuang, Kec. Mamuju, Kabupaten Mamuju, Sulawesi Barat 91515",,,OK_TEXT
ChIJufdzPLIreTIRWyMNphhJdN4,Bukit Layang,Kabupaten Gorontalo,Gorontalo,Kabupaten Gorontalo,Gorontalo,,"G3F4+3GR, Tenda, Kec. Hulonthalangi, Kabupaten Gorontalo, Gorontalo 96133",,,OK_GEO
ChIJFUtmBgDTfjIRjVJwNUbiL7s,Air Terjun Milango Lo Jini,Kabupaten Bone Bolango,Gorontalo,Kabupaten Bone Bolango,Gorontalo,,"J49P+75, Lonuo, Kec. Tilongkabila, Kabupaten Bone Bolango, Gorontalo 96123",,,OK_GEO
ChIJGXdQDQAdvy0Rbb-QYW8yZ0c,Wisata Kapal Pinisi Makassar,Kota Makassar,Sulawesi Selatan,Kota Makassar,Sulawesi Selatan,,"VC44+FR7 Sewa Kapal Pinisi, Maloku, Kec. Ujung Pandang, Kota Makassar, Sulawesi Selatan 90111",,,OK_GEO
ChIJo_TheABXvi0RaxmukORzaEw,Istana KARST,Kabupaten Maros,Sulawesi Selatan,Kabupaten Maros,Sulawesi Selatan,,"3JM2+V2F, Bontonlempangan, Kec. Bontoa, Kabupaten Maros, Sulawesi Selatan 90554",,,OK_GEO
ChIJMUr892h9lC0RE8Q1SKsPFs0,Air Terjun Sali Sali,Kabupaten Pinrang,Sulawesi Selatan,Kabupaten Pinrang,Sulawesi Selatan,,"JF59+GF9, Unnamed Road, Sali Sali, Kec. Lembang, Kabupaten Pinrang, Sulawesi Selatan 91254",,,OK_GEO
ChIJ4SuVhXgBli0Rg5BsX8ofdag,Wisata Alam Panyili,Kabupaten Bone,Sulawesi Selatan,Kabupaten Bone,Sulawesi Selatan,,"J5WP+RQ5, Panyili, Kec. Dua Boccoe, Kabupaten Bone, Sulawesi Selatan 92753",,,OK_GEO
ChIJ0y2gy34Fvi0RCFvpEvAC58Y,"Walimpong, Desa Barae",Kabupaten Soppeng,Sulawesi Selatan,Kabupaten Soppeng,Sulawesi Selatan,,"G24G+F68, Barae, Kec. Mario Riwawo, Kabupaten Soppeng, Sulawesi Selatan 90862",,,OK_GEO
ChIJwR4AN-tzlC0RHI9NkSeyiNA,Wisata Goa Batu Maupa,Kabupaten Enrekang,Sulawesi Selatan,Kabupaten Enrekang,Sulawesi Selatan,,"MQ2P+725, Salu Dewata, Kec. Anggeraja, Kabupaten Enrekang, Sulawesi Selatan 91754",,,OK_GEO
ChIJC6JA9R1DhzIRS-Px19AqNF4,Air terjun Kulung-Kulung,Kabupaten Minahasa Selatan,Sulawesi Utara,Kabupaten Minahasa Selatan,Sulawesi Utara,,"6PVV+JJ, Wiau Lapi, Kec. Tareran, Kabupaten Minahasa Selatan, Sulawesi Utara",,,OK_GEO
ChIJf9TpSkxnhzIRa1kf9iqk95o,Air Terjun Tolei,Kabupaten Minahasa Selatan,Sulawesi Utara,Kabupaten Minahasa Selatan,Sulawesi Utara,,"7J3M+96Q, Desa, Tumpaan Baru, Kec. Tumpaan, Kabupaten Minahasa Selatan, Sulawesi Utara",,,OK_GEO
ChIJDT3CZwABdzIRjYD8QNQO6dE,Wisata Gunung Kulon KotaNagaya,Kabupaten Parigi Moutong,Sulawesi Tengah,Kabupaten Parigi Moutong,Sulawesi Tengah,,"Wisata Gunung Kulon, Kotanagaya, Kec. Bolano Lambunu, Kabupaten Parigi Moutong, Sulawesi Tengah 94479",,,OK_GEO
ChIJv_YnuCOJly0Rbghca40smHk,Telaga Liku mebubu,Kabupaten Kolaka,Sulawesi Tenggara,Kabupaten Kolaka,Sulawesi Tenggara,,"2HWW+H7, Ulunggolaka, Kec. Latambaga, Kabupaten Kolaka, Sulawesi Tenggara 93514",,,OK_GEO
ChIJXUGgvT3Loy0RW5Dmshry3dU,Wuna Waterfront City (WWC),Kabupaten Muna,Sulawesi Tenggara,Kabupaten Muna,Sulawesi Tenggara,,"5P7J+F5, Raha I, Kabupaten Muna, Sulawesi Tenggara",,,OK_GEO
ChIJv0LnDQCzoy0RMPM72xuVcXc,Kebun bapa ijo,Kabupaten Muna,Sulawesi Tenggara,Kabupaten Muna,Sulawesi Tenggara,,"4JJG+4FC, Liabalano, Kec. Lawa, Kabupaten Muna, Sulawesi Tenggara 93658",,,OK_GEO
ChIJwceiuGi5vi0RBjafCzO5ADQ,Air Terjun Barrasa,Kabupaten Gowa,Sulawesi Selatan,Kabupaten Gowa,Sulawesi Selatan,,"HRQM+5H7, Unnamed Road, Rappoala, Kec. Tompobulu, Kabupaten Gowa, Sulawesi Selatan 92175",,,OK_GEO
ChIJDQ-zp10nvi0RXsbCjgkYtiU,MAROLAND,Kabupaten Barru,Sulawesi Selatan,Kabupaten Barru,Sulawesi Selatan,,"HJQW+FR, Sepee, Kec. Barru, Kabupaten Barru, Sulawesi Selatan 90711",,,OK_GEO
ChIJRdYTCvcdvi0R9KhtegR9tVM,Patung Arung Palakka di situs Kelahiran,Kabupaten Soppeng,Sulawesi Selatan,Kabupaten Soppeng,Sulawesi Selatan,,"Jalan Tetti Kenrare, Jl. Soppeng-Takalala, Labessi, Kec. Mario Riwawo, Kabupaten Soppeng, Sulawesi Selatan 90862",,,OK_GEO
ChIJNxASrHalvi0RcgzNeoFv15A,Air Terjun Gamaccayya,Kabupaten Bulukumba,Sulawesi Selatan,Kabupaten Bulukumba,Sulawesi Selatan,,"M246+VQ2, Unnamed Road, Kindang, Kec. Kindang, Kabupaten Bulukumba, Sulawesi Selatan 92662",,,OK_GEO
ChIJZ4G1H8HLvi0Rjm-4hRXXNdQ,Air terjun Tuangloe,Kabupaten Jeneponto,Sulawesi Selatan,Kabupaten Jeneponto,Sulawesi Selatan,,"CPRH+VJ, Datara, Kec. Bontoramba, Kabupaten Jeneponto, Sulawesi Selatan 90244",,,OK_GEO
ChIJQWOrcgABhzIRp2FjGdu06CY,Eduwisata Bahari BPPP Bitung,Kota Bitung,Sulawesi Utara,Kota Bitung,Sulawesi Utara,,"F657+498, Jl. Tandurusa, Tandurusa, Aertembaga, Kota Bitung, Sulawesi Utara",,,OK_GEO
ChIJW-aETUkThzIRu_EVaq5fIYw,Air Terjun Tonsealama,Kabupaten Minahasa,Sulawesi Utara,Kabupaten Minahasa,Sulawesi Utara,,"8WGC+CQG, Jl. Tondano - Airmadidi, Tonsea Lama, Kec. Tondano Utara, Kabupaten Minahasa, Sulawesi Utara",,,OK_TEXT
ChIJnxxR4wOvfzIRT-3IvXhcyyg,Air terjun Soguo,Kabupaten Bolaang Mongondow Selatan,Sulawesi Utara,Kabupaten Bolaang Mongondow Selatan,Sulawesi Utara,,"9XW8+75F, Salongo Tim., Kec. Bolaang Uki, Kabupaten Bolaang Mongondow Selatan, Sulawesi Utara",,,OK_GEO
ChIJTf66uL6Lmi0RyNbvM6b6N48,Kolongko Beach,Kabupaten Morowali,Sulawesi Tengah,Kabupaten Morowali,Sulawesi Tengah,,"CX8P+C4, Tudua, Kec. Bungku Tengah, Kabupaten Morowali, Sulawesi Tengah",,,OK_GEO
ChIJ1zLnfEtjhC0R2XXxcDUDYu4,Danau Alani,Kabupaten Banggai Kepulauan,Sulawesi Tengah,Kabupaten Banggai,Sulawesi Tengah,,"GV64+3JW, Desa, Alani, Buko Selatan, Banggai Islands Regency, Central Sulawesi 94881",,,OK_TEXT
ChIJD2_nyfChhi0RYF9PK3uxaeI,Monumen Teluk Lalong,Kabupaten Luwu,Sulawesi Selatan,,,,KH. Samanhudi,,,NO_MATCH
ChIJG86nrn5lhC0RZXJpDr6noHU,Danau Lemelu,Kabupaten Banggai Kepulauan,Sulawesi Tengah,Kabupaten Banggai Kepulauan,Sulawesi Tengah,,"Desa Emelu, Kec. Buko Selatan, Kabupaten Banggai Kepulauan, Sulawesi Tengah 94881",,,OK_TEXT
ChIJaeAANACPlC0RKEq1Q0h7KDw,Balai Kesenian Desa Campurjo,Kabupaten Polewali Mandar,Sulawesi Barat,Kabupaten Polewali Mandar,Sulawesi Barat,,"Balai Kesenian, Campurjo, Kec. Wonomulyo, Kabupaten Polewali Mandar, Sulawesi Barat 91352",,,OK_GEO
ChIJrxkbYGPTfjIRKMjBgdYbPp8,Kolam Pancing Firtia Desa Lomaya,Kabupaten Bone Bolango,Gorontalo,Kabupaten Bone Bolango,Gorontalo,,"J3GM+2Q2, Lomaya, Kec. Bulango Utara, Kabupaten Bone Bolango, Gorontalo 96181",,,OK_GEO
ChIJlyEb15mWlS0Rz61R1dLt2NQ,Danau Paku'E,Kabupaten Barru,Sulawesi Selatan,Kabupaten Barru,Sulawesi Selatan,,"RMQM+JXF, Nepo, Kec. Mallusetasi, Kabupaten Barru, Sulawesi Selatan 90753",,,OK_GEO
ChIJiWvN-sszui0RUxBBMWIqYDw,Liang Tarrusu,Kabupaten Kepulauan Selayar,Sulawesi Selatan,,,,"92855, Bontoborusu, Bontoharu, Selayar Islands Regency, South Sulawesi",,,NO_MATCH
ChIJk9cgL1p0lC0R2VUaVM6LO9U,Air Terjun Bulu Langi,Kabupaten Enrekang,Sulawesi Selatan,Kabupaten Enrekang,Sulawesi Selatan,,"PP2P+WHR, Mundan, Kec. Masalle, Kabupaten Enrekang, Sulawesi Selatan 91754",,,OK_TEXT
ChIJJz2gZ19xfjIR8pRllUU_pPs,"Pantai COCONUT BEACH, lolak,Bolaang Mongondow Induk, Sulawesi Utara",Kabupaten Bolaang Mongondow,Sulawesi Utara,Kabupaten Bolaang Mongondow,Sulawesi Utara,,"V2Q6+R23, Lolak, Kec. Lolak, Kabupaten Bolaang Mongondow, Sulawesi Utara",,,OK_GEO
ChIJZYrX-_ixfzIRcv4OrADUSog,Wonderfull Bolsel,Kabupaten Bolaang Mongondow Selatan,Sulawesi Utara,Kabupaten Bolaang Mongondow Selatan,Sulawesi Utara,,"92G2+F8W, Sondana, Kec. Bolaang Uki, Kabupaten Bolaang Mongondow Selatan, Sulawesi Utara",,,OK_GEO
ChIJxR571GgRjC0RNguFkERBp7A,SABODAM BANGGA 1,Kabupaten Sigi,Sulawesi Tengah,Kabupaten Sigi,Sulawesi Tengah,,"Bangga, Kec. Dolo Sel., Kabupaten Sigi, Sulawesi Tengah 94361",,,OK_TEXT
ChIJQXtLZXbZmy0Rj-PLs0LyUg4,Desa Bungintende,Kabupaten Morowali,Sulawesi Tengah,Kabupaten Morowali,Sulawesi Tengah,,"VH3R+PV9, Bungintende, Kec. Bungku Sel., Kabupaten Morowali, Sulawesi Tengah",,,OK_GEO
ChIJr9r7k2iSmi0RcnmJ9LWcDZw,Pantai FONUASINGKO,Kabupaten Morowali,Sulawesi Tengah,Kabupaten Morowali,Sulawesi Tengah,,"GWCQ+Q5V, Jl. Trans Sulawesi, Bente, Kec. Bungku Tengah, Kabupaten Morowali, Sulawesi Tengah 94973",,,OK_GEO
ChIJk58aLEGjhi0RAtxTtR_1lfg,Air terjun 801,Kabupaten Banggai,Sulawesi Tengah,Kabupaten Banggai,Sulawesi Tengah,,"3P7W+PC, Hanga-Hanga, Kec. Luwuk Selatan, Kabupaten Banggai, Sulawesi Tengah 94711",,,OK_TEXT
ChIJBXlZ85NHhC0RC5Q3Y0IuLWE,Makakata Beach,Kabupaten Banggai,Sulawesi Tengah,Kabupaten Banggai,Sulawesi Tengah,,"PH48+837, Sisipan, Kec. Batui, Kabupaten Banggai, Sulawesi Tengah",,,OK_TEXT
ChIJl8lCOXZ5hC0Rzr3ZDSM6yog,Makam Imam Syaban dan Lipuadino Lolantang,Kabupaten Banggai Kepulauan,Sulawesi Tengah,Kabupaten Banggai Kepulauan,Sulawesi Tengah,,"G2P9+WRQ, Toi-Toi, Kec. Bulagi Sel., Kabupaten Banggai Kepulauan, Sulawesi Tengah 94882",,,OK_TEXT
ChIJ6a-SO89hlC0RAXQ1i602g1E,Pantai silopo,Kabupaten Polewali Mandar,Sulawesi Barat,Kabupaten Polewali Mandar,Sulawesi Barat,,"GCFW+F6M, Mirring, Kec. Binuang, Kabupaten Polewali Mandar, Sulawesi Barat",,,OK_GEO
ChIJH7M52HAreTIR5vIQfqWYn1A,Bendungan desa tabumela,Kabupaten Gorontalo,Gorontalo,Kabupaten Gorontalo,Gorontalo,,"H237+5XG, Tabumela, Kec. Tilango, Kabupaten Gorontalo, Gorontalo 96181",,,OK_GEO
ChIJ1ZIiRGxPvi0R7l6NN4KkeN4,Leang Cina,Kabupaten Pangkajene Dan Kepulauan,Sulawesi Selatan,Kabupaten Pangkajene Dan Kepulauan,Sulawesi Selatan,,"Bowong Cindea, Kec. Bungoro, Kabupaten Pangkajene Dan Kepulauan, Sulawesi Selatan 90617",,,OK_GEO
ChIJyf1sBaqvvi0RGCgFzB5ZFxI,Wisata Manyu-Manyu Campaga,Kabupaten Bantaeng,Sulawesi Selatan,Kabupaten Bantaeng,Sulawesi Selatan,,"G2QF+6FF, Campaga, Kec. Tompobulu, Kabupaten Bantaeng, Sulawesi Selatan 92461",,,OK_GEO
ChIJ2yAJU5hLuS0RW177TWlXzDQ,hutan mangrove arungkeke,Kabupaten Jeneponto,Sulawesi Selatan,Kabupaten Jeneponto,Sulawesi Selatan,,"9R7Q+XX, Arungkeke Pallantikang, Kabupaten Jeneponto, Sulawesi Selatan",,,OK_GEO
ChIJGehE4m-Xky0Rdu2PCE1vsGM,Wisata Alam To'pinus Burasia,Kabupaten Tana Toraja,Sulawesi Selatan,Kabupaten Tana Toraja,Sulawesi Selatan,,"XM8R+JX9, Burasia, Kec. Bittuang, Kabupaten Tana Toraja, Sulawesi Selatan 91856",,,OK_TEXT
ChIJG4XWP43Dky0RYBKEPz1tMgU,Tongkonan Layuk Ma'dika Bori',Kabupaten Toraja Utara,Sulawesi Selatan,Kabupaten Toraja Utara,Sulawesi Selatan,,"Jl. Poros Parinding - Bori, Bori, Kec. Sesean, Kabupaten Toraja Utara, Sulawesi Selatan 91853",,,OK_GEO
ChIJyc5__6lfkS0RGj3WC-rrFd8,Pantai Benteng,Kota Palopo,Sulawesi Selatan,Kota Palopo,Sulawesi Selatan,,"X6Q9+9XF, Benteng, Kec. Wara Tim., Kota Palopo, Sulawesi Selatan 91922",,,OK_GEO
ChIJrSHe3IYjfjIREYq4-bfJWwQ,Air terjun Liberia timur,Kabupaten Bolaang Mongondow Timur,Sulawesi Utara,Kabupaten Bolaang Mongondow Timur,Sulawesi Utara,,"Air terjun, Liberia Tim., Kec. Modayag, Kabupaten Bolaang Mongondow Timur, Sulawesi Utara",,,OK_GEO
ChIJu2_tQ7U3mi0RNgwZYaQbdgU,Wisata mangrove bete-bete,Kabupaten Morowali,Sulawesi Tengah,Kabupaten Morowali,Sulawesi Tengah,,"462J+X6, Puungkeu, Kec. Bungku Pesisir, Kabupaten Morowali, Sulawesi Tengah 94974",,,OK_GEO
ChIJl3MaPQBDmi0Re2sIej5Lq28,Bukit CNGR,Kabupaten Morowali,Sulawesi Tengah,Kabupaten Morowali,Sulawesi Tengah,,"62FF+68, Dampala, Kec. Bahodopi, Kabupaten Morowali, Sulawesi Tengah 94973",,,OK_GEO
ChIJ485n8Ee7cDIRVek3uggbm9s,"Batu Tiga, Tanjung Leok",Kabupaten Buol,Sulawesi Tengah,Kabupaten Buol,Sulawesi Tengah,,"6C8M+792, Tiga, Jl. Buol - Gorontalo, Batu Rata, Paleleh, Kabupaten Buol, Sulawesi Tengah 94568",,,OK_TEXT
ChIJbyC8jqfhvi0RF66yusuiB8w,Wisata Sawah Bapak Tompo,Kota Makassar,Sulawesi Selatan,Kota Makassar,Sulawesi Selatan,,"Jl. Monginsidi No.30, Mangkura, Kec. Ujung Pandang, Kota Makassar, Sulawesi Selatan 90114",,,OK_GEO
ChIJ6fGf73ytfjIRdmOiNN_FP9Q,Pantai Mootame Dalapuli,Kabupaten Bolaang Mongondow Utara,Sulawesi Utara,Kabupaten Bolaang Mongondow Utara,Sulawesi Utara,Kabupaten Bolaang Mongondow,"W562+6HW, Unnamed Road, Dalapuli, Pinogaluman, North Bolaang Mongondow Regency, North Sulawesi",,,GEO_WIN
ChIJUQC8HADBiy0RGFW9QdcHlC8,Pantai Popa,Kota Palu,Sulawesi Tengah,Kota Palu,Sulawesi Tengah,,"6VX5+6X6, Kayumalue Pajeko, Kec. Palu Utara, Kota Palu, Sulawesi Tengah 94142",,,OK_GEO
ChIJs4hAFPfHkC0RmvDACFB3iHw,Air Terjun Sarambu,Kabupaten Kolaka Utara,Sulawesi Tenggara,Kabupaten Kolaka Utara,Sulawesi Tenggara,,"X6JV+J67, Sarambu, Kec. Porehu, Kabupaten Kolaka Utara, Sulawesi Tenggara 92981",,,OK_GEO
ChIJLQrsX0TBoi0RPTzch__AlOI,Bukit Bersantai,Kabupaten Bombana,Sulawesi Tenggara,Kabupaten Bombana,Sulawesi Tenggara,,"9W58+3W5, Wumbubangka, Kec. Rarowatu Utara, Kabupaten Bombana, Sulawesi Tenggara 93774",,,OK_GEO
ChIJV8r9f0fUfjIRe4zp4-5hbvk,Bulano Perintis,Kabupaten Bone Bolango,Gorontalo,Kabupaten Bone Bolango,Gorontalo,,"Boludawa, Kec. Suwawa, Kabupaten Bone Bolango, Gorontalo",,,OK_GEO
ChIJJby9wQy0vi0RyLrJeyLtjWI,Air Terjun Kembar Kara'ngasa,Kabupaten Bantaeng,Sulawesi Selatan,Kabupaten Bantaeng,Sulawesi Selatan,Kabupaten Jeneponto,"FVWF+3P4, Bonto Rannu, Kec. Uluere, Kabupaten Bantaeng, Sulawesi Selatan 92451",,,TEXT_WIN
ChIJxc-BipXfiy0R_kOA4i9fAsg,Pantai Kayu Bura,Kabupaten Parigi Moutong,Sulawesi Tengah,Kabupaten Parigi Moutong,Sulawesi Tengah,,"7465+RXM, Pelawa Baru, Kec. Parigi Tengah, Kabupaten Parigi Moutong, Sulawesi Tengah",,,OK_GEO
ChIJzexS47KnhC0ROwvwX3E8S2Q,Teluk Indah Desa Lalong,Kabupaten Banggai Kepulauan,Sulawesi Tengah,Kabupaten Banggai Kepulauan,Sulawesi Tengah,,"4368+MXJ, Lalong, Bangkurung, Kabupaten Banggai Kepulauan, Sulawesi Tengah 94892",,,OK_TEXT
ChIJ4UBLetUWeTIRFwpCyt0pGVY,Bukit Kromo Leksono,Kabupaten Gorontalo,Gorontalo,Kabupaten Gorontalo,Gorontalo,,"MJ8J+P2H, Sidodadi, Kec. Boliyohuto, Kabupaten Gorontalo, Gorontalo 96127",,,OK_GEO
ChIJg34tg1U1eDIRHLkbQ3EyRfo,Agrowisata Pangimba Bumdesa Taluduyunu,Kabupaten Pohuwato,Gorontalo,Kabupaten Pohuwato,Gorontalo,,"Jl. Gn. Pani, Taluduyunu, Kec. Buntulia, Kabupaten Pohuwato, Gorontalo 96266",,,OK_GEO
ChIJLf1uCebpiy0R-zLcVjrSQU8,"Pantai uwe buro, Palu",Kota Palu,Sulawesi Tengah,Kota Palu,Sulawesi Tengah,,"5V7J+93W, Jl. Uwe Buro, Tondo, Kec. Mantikulore, Kota Palu, Sulawesi Tengah 94148",,,OK_TEXT
ChIJXwy4oZbffjIRNzuVHPZIqkQ,Desa Pinogu,Kabupaten Bone Bolango,Gorontalo,Kabupaten Bone Bolango,Gorontalo,,"GC3J+G3J, Pinogu, Kec. Pinogu, Kabupaten Bone Bolango, Gorontalo 96584",,,OK_GEO
ChIJ580uuqgLky0R2-GavdQqK6U,Wisata Sawah Golden Bridge,Kabupaten Mamasa,Sulawesi Barat,Kabupaten Mamasa,Sulawesi Barat,,"Jalan Rantepongko, Tondok Bakaru, Kec. Mamasa, Kabupaten Mamasa, Sulawesi Barat 91365",,,OK_GEO
ChIJm-a_PgV8dzIR91ae4RXbczs,Wisata Air Terjun,Kabupaten Pohuwato,Gorontalo,Kabupaten Pohuwato,Gorontalo,,"HGMW+JX3, Lomuli, Kec. Lemito, Kabupaten Pohuwato, Gorontalo 96468",,,OK_GEO
ChIJRTaHq_e3vi0RMhC_T4OnCC4,Lembah wisata TMI,Kabupaten Gowa,Sulawesi Selatan,Kabupaten Gowa,Sulawesi Selatan,Kabupaten Jeneponto,"HV99+J37, Tanete, Kec. Tompobulu, Kabupaten Gowa, Sulawesi Selatan 92175",,,TEXT_WIN
ChIJvTSui56Rli0Rr-zRiNhCG2I,Pantai Babana,Kabupaten Luwu,Sulawesi Selatan,Kabupaten Luwu,Sulawesi Selatan,,"9CJ8+7W6, Jl. Andi Jaja, Temboe, Kabupaten Luwu, Sulawesi Selatan 91998",,,OK_TEXT
ChIJNz3k0JW9li0RNeIhL2g8d7M,Pantai Polongasa-Ds.Towondu,Kabupaten Luwu,Sulawesi Selatan,Kabupaten Luwu,Sulawesi Selatan,,"G94P+GC5, Towondo, Kec. Suli, Kabupaten Luwu, Sulawesi Selatan 91996",,,OK_GEO
ChIJI8rmaqGJkC0RJzY1m-pJ2dU,Taman Wisata Alam Danau Towuti,Kabupaten Luwu Timur,Sulawesi Selatan,Kabupaten Luwu Timur,Sulawesi Selatan,,"8CQM+M8X, Danau, Kabupaten Luwu Timur, Sulawesi Selatan 92982",,,OK_GEO
ChIJtbTClX7riy0Rkf6u8Cqxu20,Pantai Wisata Citraland Palu,Kota Palu,Sulawesi Tengah,Kota Palu,Sulawesi Tengah,,"5V9J+63P, Perumahan Citraland Palu, Tondo, Kec. Mantikulore, Kota Palu, Sulawesi Tengah 94148",,,OK_TEXT
ChIJv9SGyjLjvi0RbLNVpjNG-QE,LORONG WISATA SILVES,Kota Makassar,Sulawesi Selatan,Kota Makassar,Sulawesi Selatan,,"RCXM+XQQ, Lorong 2, Balla Parang, Kec. Rappocini, Kota Makassar, Sulawesi Selatan 90231",,,OK_GEO
ChIJy_4Mc0fxky0RUHUYxuoiJD8,Tongkonan Mebali,Kabupaten Tana Toraja,Sulawesi Selatan,Kabupaten Tana Toraja,Sulawesi Selatan,,"VW54+RH2, Unnamed Road, Lemo, Kec. Mengkendek, Kabupaten Tana Toraja, Sulawesi Selatan 91871",,,OK_TEXT
ChIJfS0LQ3JbkS0RNl2TGbjV9yY,Monumen Pendaratan Islam Lapandoso,Kabupaten Luwu,Sulawesi Selatan,Kabupaten Luwu,Sulawesi Selatan,,"W7R3+7RP, Jl. Datuk Sulaiman, Pabbaresseng, Kec. Bua, Kabupaten Luwu, Sulawesi Selatan 91991",,,OK_GEO
ChIJQ_Ju55qhhzIRw9L5JO54G-w,Bukit Doa APKB,Kabupaten Minahasa Utara,Sulawesi Utara,Kabupaten Minahasa Utara,Sulawesi Utara,,"Kolongan, Kec. Talawaan, Kabupaten Minahasa Utara, Sulawesi Utara",,,OK_GEO
ChIJ99jN1ycLjC0RYUNcjEEVKZE,Bulu Nti,Kabupaten Sigi,Sulawesi Tengah,Kabupaten Sigi,Sulawesi Tengah,,"Balomoa, Kec. Dolo Bar., Kabupaten Sigi, Sulawesi Tengah",,,OK_TEXT
ChIJw-uwPa7nji0Rpf1n41OeeX8,Bahamast Cottage,Kabupaten Poso,Sulawesi Tengah,Kabupaten Poso,Sulawesi Tengah,,"JQQV+63G, Jl. Trans Sulawesi, Madale, Kec. Poso Kota Utara, Kabupaten Poso, Sulawesi Tengah 94615",,,OK_TEXT
ChIJ61Pu1cSniC0RcjrW9S1tiFY,Pantai Marina Ampana,Kabupaten Tojo Una-Una,Sulawesi Tengah,Kabupaten Tojo Una-Una,Sulawesi Tengah,,"Jl. Tj. Api No.33, Labuan, Kec. Ampana Kota, Kabupaten Tojo Una-Una, Sulawesi Tengah 94683",,,OK_GEO
ChIJFfw_0xV5hi0RBa6enRH0Jio,Air Terjun Raptors,Kabupaten Banggai,Sulawesi Tengah,Kabupaten Banggai,Sulawesi Tengah,,"Jaya Makmur, Kec. Nuhon, Kabupaten Banggai, Sulawesi Tengah 94753",,,OK_TEXT
ChIJl9R5X2Knoi0RlOY-PlcKeFc,Air terjun penanggootu,Kabupaten Kolaka Timur,Sulawesi Tenggara,Kabupaten Kolaka Timur,Sulawesi Tenggara,,"JVWM+MMQ, Penanggootu, Kec. Lambandia, Kabupaten Kolaka Timur, Sulawesi Tenggara 93573",,,OK_GEO
ChIJGV6OnI_Zoi0RtNUsZxeCNPs,Pantai poltra,Kabupaten Bombana,Sulawesi Tenggara,Kabupaten Bombana,Sulawesi Tenggara,,"4VP4+FFQ, Marampuka, Kec. Poleang Tenggara, Kabupaten Bombana, Sulawesi Tenggara 93773",,,OK_GEO
ChIJWdKBXNinpy0R87sANLVkgRs,Pantai Yella,Kabupaten Wakatobi,Sulawesi Tenggara,Kabupaten Wakatobi,Sulawesi Tenggara,,"32RR+HHR, Unnamed Road, Kampo-Kampo, Binongko, Kabupaten Wakatobi, Sulawesi Tenggara 93794",,,OK_GEO
ChIJEztGWAqzvi0R1EHsGZdvPjI,SELFIE JEMBATAN AIR TERJUN,Kabupaten Bantaeng,Sulawesi Selatan,Kabupaten Bantaeng,Sulawesi Selatan,,"FWP6+WG, Bonto Salluang, Kec. Bissappu, Kabupaten Bantaeng, Sulawesi Selatan 92451",,,OK_GEO
ChIJ0wtrPrY5lC0Ry56SeCp7MRs,Air Terjun Salassang,Kabupaten Enrekang,Sulawesi Selatan,Kabupaten Enrekang,Sulawesi Selatan,,"9R8M+3M6, Palakka, Kec. Maiwa, Kabupaten Enrekang, Sulawesi Selatan 91761",,,OK_GEO
ChIJxbaasiJXkS0RWCyif_5oVuU,Pemandian Batu Kodok,Kabupaten Luwu,Sulawesi Selatan,Kabupaten Luwu,Sulawesi Selatan,,"V672+9M8, desa harapan, Kec. Bua, Kabupaten Luwu, Sulawesi Selatan 91991",,,OK_GEO
ChIJF-893jIPhzIRgEir0cntytU,Air Terjun LENSO,Kabupaten Minahasa Utara,Sulawesi Utara,Kabupaten Minahasa Utara,Sulawesi Utara,,"Treman, Kec. Kauditan, Kabupaten Minahasa Utara, Sulawesi Utara",,,OK_GEO
ChIJVdK5L3xRhzIRJ1qff83gFCA,TERMINAL TRANSIT GUNUNG SOPUTAN,Kabupaten Minahasa Tenggara,Sulawesi Utara,Kabupaten Minahasa Tenggara,Sulawesi Utara,Kabupaten Minahasa,"4M3J+XW2, Silian, Tombatu, Southeast Minahasa Regency, North Sulawesi",,,GEO_WIN
ChIJK28XsHlRhzIRxf5x_e_XT-w,Air panas kelewaha,Kabupaten Minahasa Tenggara,Sulawesi Utara,Kabupaten Minahasa Tenggara,Sulawesi Utara,,"3JPR+V8Q, Lobu Dua, Kec. Silian Raya, Kabupaten Minahasa Tenggara, Sulawesi Utara",,,OK_GEO
ChIJkU2o78-jizIRFrrcVwi2uUo,Tanjung Lelapide,Kabupaten Kepulauan Sangihe,Sulawesi Utara,Kabupaten Kepulauan Sangihe,Sulawesi Utara,,"FF9P+224, Nagha II, Tamako, Kabupaten Kepulauan Sangihe, Sulawesi Utara",,,OK_TEXT
ChIJkTV3c1Qdjy0RXGCqUG8jvWI,Pantai pasir putih,Kabupaten Tojo Una-Una,Sulawesi Tengah,Kabupaten Tojo Una-Una,Sulawesi Tengah,,"HWM4+HQV, Unnamed Road, Matako, Kec. Tojo Bar., Kabupaten Tojo Una-Una, Sulawesi Tengah 94681",,,OK_GEO
ChIJlcgnMYsvcTIRlTkEV9_IeXw,Lalos,Kabupaten Tolitoli,Sulawesi Tengah,Kabupaten Tolitoli,Sulawesi Tengah,,"4QHP+CMQ, Pantai Lalos, Lalos, Kec. Galang, Kabupaten Toli-Toli, Sulawesi Tengah 94561",,,OK_GEO
ChIJKwAirg_tmC0R-7O02sDbbw4,AIR TERJUN WONUA MOMAHE,Kabupaten Konawe,Sulawesi Tenggara,Kabupaten Konawe,Sulawesi Tenggara,,"3HHH+J5, Waworaha, Soropia, Kabupaten Konawe, Sulawesi Tenggara 93783",,,OK_GEO
ChIJlc8euicPpC0RrsPm-An4LrM,Wisata Pantai Swis,Kabupaten Buton,Sulawesi Tenggara,Kabupaten Buton,Sulawesi Tenggara,,"Jl. Protokol, Saragi, Kec. Ps. Wajo, Kabupaten Buton, Sulawesi Tenggara",,,OK_GEO
ChIJYaXQpx2HoS0Rark471hKX9Y,Wisata Permandian Mata Rombia91,Kabupaten Buton Utara,Sulawesi Tenggara,Kabupaten Buton Utara,Sulawesi Tenggara,,"Jl. Poros Ereke - Buranga, Waculaea, Kec. Kulisusu, Kabupaten Buton Utara, Sulawesi Tenggara 93672",,,OK_GEO
ChIJsUo3Bozfki0R37FlE_TIpY8,Wisata Mancing Karang Lamotu,Kabupaten Mamuju,Sulawesi Barat,Kabupaten Mamuju,Sulawesi Barat,,"9X55+5PC, Tadui, Kec. Mamuju, Kabupaten Mamuju, Sulawesi Barat 91514",,,OK_TEXT
ChIJZ6YNXO8fvy0Rhw2Vjwa9_N8,Pantai Surya Galesong,Kabupaten Takalar,Sulawesi Selatan,Kabupaten Takalar,Sulawesi Selatan,,"Q9GM+RMP, Aeng Batu-Batu, Kec. Galesong Utara, Kabupaten Takalar, Sulawesi Selatan 92255",,,OK_GEO
ChIJS98C7UAnvi0RnvpocP-vR70,Camming,Kabupaten Barru,Sulawesi Selatan,Kabupaten Barru,Sulawesi Selatan,,"HMHV+735, Palakka, Kec. Barru, Kabupaten Barru, Sulawesi Selatan 90711",,,OK_GEO
ChIJQ9PzIuTBvS0RSPPP2pTNY1M,tempat mangcing ikan,Kabupaten Bone,Sulawesi Selatan,Kabupaten Bone,Sulawesi Selatan,,"8FR6+Q6, Pattiro Sompe, Kabupaten Bone, Sulawesi Selatan",,,OK_TEXT
ChIJsQ597sg1uS0Rj7geSBQ81VY,Munte desa Bontomatene,Kabupaten Jeneponto,Sulawesi Selatan,Kabupaten Jeneponto,Sulawesi Selatan,,"9QR5+76V, Jl. Munte No.30, Bontomatene, Kec. Turatea, Kabupaten Jeneponto, Sulawesi Selatan 92313",,,OK_GEO
ChIJ75FXE_IjvC0R-CbcGfCJhYQ,Baku Bodo,Kabupaten Sinjai,Sulawesi Selatan,Kabupaten Sinjai,Sulawesi Selatan,,"R799+QX9, Tim., Panaikang, Kec. Sinjai Tim., Kabupaten Sinjai, Sulawesi Selatan",,,OK_GEO
ChIJSQT2po4ZhzIR-x3KJkda8VY,Pantai Pasir Putih MANGKET,Kabupaten Minahasa Utara,Sulawesi Utara,Kabupaten Minahasa Utara,Sulawesi Utara,,"73R8+WGP, Unnamed Road, Makalisung, Kec. Kema, Kabupaten Minahasa Utara, Sulawesi Utara",,,OK_GEO
ChIJzwSzMTGlhzIREWOe3OGCUSE,Air Terjun KINAAPIAN,Kabupaten Minahasa Utara,Sulawesi Utara,Kabupaten Minahasa Utara,Sulawesi Utara,,"J2F6+786, Batu, Kec. Likupang Sel., Kabupaten Minahasa Utara, Sulawesi Utara",,,OK_GEO
ChIJZcC4iRAZhzIRX-ypVS9HZ2I,Bukit Teletubbies Rerer,Kabupaten Minahasa Utara,Sulawesi Utara,Kabupaten Minahasa Utara,Sulawesi Utara,,"73R4+39P, Hutan, Kec. Hutan, Kabupaten Minahasa Utara, Sulawesi Utara",,,OK_GEO
ChIJ_____4scfjIR5zgL48-0wgk,Pingiran Danau Mokobang,Kabupaten Minahasa Selatan,Sulawesi Utara,Kabupaten Minahasa Selatan,Sulawesi Utara,,"RCWP+5HW, Mokobang, Kec. Modoinding, Kabupaten Minahasa Selatan, Sulawesi Utara",,,OK_GEO
ChIJaVUgbGK1gDIRMRmfymDEuXE,Air Terjun Desa Poniki,Kabupaten Minahasa Tenggara,Sulawesi Utara,Kabupaten Minahasa Tenggara,Sulawesi Utara,,"XQVH+FW, Poniki, Kec. Pasan, Kabupaten Minahasa Tenggara, Sulawesi Utara",,,OK_GEO
ChIJjRrvKQANiTIR8evujJnMMes,Wisata Puncak Laine,Kabupaten Kepulauan Siau Tagulandang Biaro,Sulawesi Utara,,,,"P9HM+M8, Lai, Kec. Siau Tengah, Kabupaten Siau Tagulandang Biaro, Sulawesi Utara",,,NO_MATCH
ChIJ_QCcE4338jIREoMVVnDAGLs,Tanjung Saroco,Kabupaten Kepulauan Talaud,Sulawesi Utara,Kabupaten Kepulauan Talaud,Sulawesi Utara,,"Taturan, Kec. Gemeh, Kabupaten Kepulauan Talaud, Sulawesi Utara",,,OK_TEXT
ChIJCSKut0yLmi0Rj5ANY8j6UT8,Tangga Pelangi Desa Puungkoilu,Kabupaten Morowali,Sulawesi Tengah,Kabupaten Morowali,Sulawesi Tengah,,"Tangga Pelangi, Puungkoilu, Kec. Bungku Tengah, Kabupaten Morowali, Sulawesi Tengah 94973",,,OK_GEO
ChIJmy3MsAN_gy0RC2rnbH0aXGQ,Bungko Mbembang,Kabupaten Banggai Kepulauan,Sulawesi Tengah,Kabupaten Banggai,Sulawesi Tengah,,"C49R+Q44, Unnamed Road, Tolulos, Peling Tengah, Banggai Islands Regency, Central Sulawesi 94883",,,OK_TEXT
ChIJC0zx7uvvgy0Rok3RDWYlCic,Pantai Malanggong (Matatas),Kabupaten Banggai Kepulauan,Sulawesi Tengah,Kabupaten Banggai Kepulauan,Sulawesi Tengah,,"R86F+QV9, Bakalan, Tinangkung, Kabupaten Banggai Kepulauan, Sulawesi Tengah",,,OK_TEXT
ChIJRwr9IwCTly0RVg7YI-gDspE,Pantai Shaka,Kabupaten Kolaka,Sulawesi Tenggara,Kabupaten Kolaka,Sulawesi Tenggara,,"XCWF+P6P, Sani Sani, Kec. Samaturu, Kabupaten Kolaka, Sulawesi Tenggara 93915",,,OK_GEO
ChIJAw7RnS_Koy0R4LY8Ek7q2UA,Bukit Mangkeluno,Kabupaten Muna,Sulawesi Tenggara,Kabupaten Muna,Sulawesi Tenggara,,"4P7V+C8X, Wabintingi, Kec. Lohia, Kabupaten Muna, Sulawesi Tenggara 93658",,,OK_GEO
ChIJkccTQmV3oy0RBae1L2bQ0Vg,Pantai Moluno,Kabupaten Buton,Sulawesi Tenggara,Kabupaten Buton,Sulawesi Tenggara,Kabupaten Buton Tengah,"Oengkolaki, Kec. Mawasangka, Kabupaten Buton, Sulawesi Tenggara 93762",,,TEXT_WIN
ChIJBRfCo5GNki0RiR1eEeVYiJA,Air terjun batu karoppa,Kabupaten Mamuju,Sulawesi Barat,Kabupaten Mamuju,Sulawesi Barat,,"J766+7G, Kalonding, Kec. Sampaga, Kabupaten Mamuju, Sulawesi Barat 91563",,,OK_GEO
ChIJSavPU-G5lC0RfgtZBnyTeUQ,Bukit Pamboang,Kabupaten Majene,Sulawesi Barat,Kabupaten Majene,Sulawesi Barat,,"FWX4+66V, Bababulo, Kec. Pamboang, Kabupaten Majene, Sulawesi Barat 91451",,,OK_TEXT
ChIJ60FDH_eHlC0R5mXF-5syOCE,Air Terjun Eran Batu,Kabupaten Polewali Mandar,Sulawesi Barat,Kabupaten Polewali Mandar,Sulawesi Barat,,"JC47+PFR, Batetangnga, Kec. Binuang, Kabupaten Polewali Mandar, Sulawesi Barat 91312",,,OK_GEO
ChIJbSKJon9Xvi0RGc7f4Sx7MkY,Bonto Rea Village,Kabupaten Maros,Sulawesi Selatan,Kabupaten Maros,Sulawesi Selatan,,"Bonto Rea, Maccini Baji, Kec. Lau, Kabupaten Maros, Sulawesi Selatan 90513",,,OK_GEO
ChIJdWcf2TCQvi0R1Fx-FGuPCWM,Bulu Bohonglangi,Kabupaten Bone,Sulawesi Selatan,Kabupaten Bone,Sulawesi Selatan,,"Pattuku, Kec. Bontocani, Kabupaten Bone, Sulawesi Selatan",,,OK_TEXT
ChIJu3I9m6flvS0R4DyZpSR-vOc,Tugu Jam Watampone,Kabupaten Bone,Sulawesi Selatan,Kabupaten Bone,Sulawesi Selatan,,"F86H+X4W, Jl. Jend. Ahmad Yani, Watampone, Kec. Tanete Riattang Bar., Kabupaten Bone, Sulawesi Selatan 92712",,,OK_GEO
ChIJ_TTeDKTLuy0Ra6SgsCiRUfo,Selayar Island,Kabupaten Kepulauan Selayar,Sulawesi Selatan,Kabupaten Kepulauan Selayar,Sulawesi Selatan,,"WG33+PJ8, Putabangung, Pulau Selayar, Kab. Kepulauan Selayar, Sulawesi Selatan 92851",,,OK_GEO
ChIJJeltbZP_hjIRhchNFLJcDXw,Pantai Motto,Kota Bitung,Sulawesi Utara,Kota Bitung,Sulawesi Utara,,"F7VG+RM8, Motto, Kec. Lembeh Utara, Kota Bitung, Sulawesi Utara",,,OK_GEO
ChIJN6rGXZ8BhzIRdTJucdIhpOk,Gereja Bukit Moria,Kota Bitung,Sulawesi Utara,Kota Bitung,Sulawesi Utara,,"C5XG+P2W, Jl. Sh Sarundajang, Pakadoodan, Kec. Maesa, Kota Bitung, Sulawesi Utara",,,OK_GEO
ChIJC4Wn2x2wgDIR2v5Z8YWSvXY,Gunung Potong,Kabupaten Minahasa Tenggara,Sulawesi Utara,Kabupaten Minahasa Tenggara,Sulawesi Utara,,"Ratatotok Sel., Kec. Ratatotok, Kabupaten Minahasa Tenggara, Sulawesi Utara",,,OK_GEO
ChIJERIhBNXviy0RbJNhlbh6lG8,Bukit Sofa,Kota Palu,Sulawesi Tengah,Kota Palu,Sulawesi Tengah,,"4VWV+569, Tondo, Kec. Palu Tim., Kota Palu, Sulawesi Tengah 94119",,,OK_TEXT
ChIJrfVF7iy7iy0RcEZDPTYxMu8,Wisata Tebing Livutona,Kabupaten Donggala,Sulawesi Tengah,Kabupaten Donggala,Sulawesi Tengah,,"7MW9+4QV, Towale, Kec. Banawa Tengah, Kabupaten Donggala, Sulawesi Tengah 94351",,,OK_GEO
ChIJ3dA8ZYmbjy0RkRbdYBKPoro,Gunung Tambusisi,Kabupaten Morowali Utara,Sulawesi Tengah,Kabupaten Morowali Utara,Sulawesi Tengah,,"Matube, Kec. Bungku Utara, Kabupaten Morowali Utara, Sulawesi Tengah",,,OK_GEO
ChIJiS5Ljw0Lgy0RNpd3JEnqklU,Pasir Timbul,Kabupaten Banggai Laut,Sulawesi Tengah,Kabupaten Banggai Laut,Sulawesi Tengah,,"CFGC+6WG, Laut Banda, RW.11, Cipulir, Kby. Lama, Kota Jakarta Selatan, Daerah Khusus Ibukota Jakarta 12230",,,OK_GEO
ChIJYbjv1VMrcTIRlAelHrYLpes,Kampung Pelangi Tolitoli,Kabupaten Tolitoli,Sulawesi Tengah,Kabupaten Tolitoli,Sulawesi Tengah,,"3R25+QJ2, Sidoarjo, Kec. Baolan, Kabupaten Toli-Toli, Sulawesi Tengah",,,OK_GEO
ChIJJ08qgH1_eTIRzWsgjzGyztw,PANTAI HUTAKALO,Kabupaten Gorontalo Utara,Gorontalo,Kabupaten Gorontalo Utara,Gorontalo,,"Jl. Buol - Gorontalo, Bulontio Tim., Kec. Sumalata, Kabupaten Gorontalo Utara, Gorontalo 96254",,,OK_GEO
ChIJTQbZfsJneTIRNbau39nYQW0,Bukit ceria desa dunu,Kabupaten Gorontalo Utara,Gorontalo,Kabupaten Gorontalo Utara,Gorontalo,,"WJQW+8R8, Dunu, Kec. Anggrek, Kabupaten Gorontalo Utara, Gorontalo 96525",,,OK_GEO
ChIJETYHagDVlS0RA2q_kEy16K8,Kawasan wisata Yakkima arung kalola,Kabupaten Wajo,Sulawesi Selatan,Kabupaten Wajo,Sulawesi Selatan,,"43HV+J3, Sogi, Kec. Maniang Pajo, Kabupaten Wajo, Sulawesi Selatan 90952",,,OK_GEO
ChIJgaDi1fb1lS0RW1uEAimDc8I,Puncak cinta kita,Kabupaten Soppeng,Sulawesi Selatan,Kabupaten Soppeng,Sulawesi Selatan,,"JVCF+8M, Lalabata Rilau, Kec. Lalabata, Kabupaten Soppeng, Sulawesi Selatan 90812",,,OK_GEO
ChIJ9T7Bmk_tlS0RMZZCHdqvR3A,Pemandian Air Panas Bebba'e,Kabupaten Soppeng,Sulawesi Selatan,Kabupaten Soppeng,Sulawesi Selatan,,"RV54+963, Unnamed Road, Patampanua, Kec. Marioriawa, Kabupaten Soppeng, Sulawesi Selatan 90852",,,OK_GEO
ChIJm1NkFSc2ui0R8y6lDKYFWbE,Pantai Timur Ngapaloka,Kabupaten Kepulauan Selayar,Sulawesi Selatan,Kabupaten Kepulauan Selayar,Sulawesi Selatan,,"QGMG+7GH, Patilereng, Bontosikuyu, Kab. Kepulauan Selayar, Sulawesi Selatan 92855",,,OK_GEO
ChIJs1m0jOJnkC0R1fuuoqBY7EA,Gunung landaka,Kabupaten Luwu Timur,Sulawesi Selatan,Kabupaten Luwu Timur,Sulawesi Selatan,,"C7PR+V39, Unnamed Road, Ledu-Ledu, Kec. Wasuponda, Kabupaten Luwu Timur, Sulawesi Selatan 92983",,,OK_TEXT
ChIJ-9iykjMHhzIRvbE74na9UuE,"GPKDI ""Bukit Sion"" Girian",Kota Bitung,Sulawesi Utara,Kota Bitung,Sulawesi Utara,,"C4RG+RWX, Teling, Kec. Girian, Kota Bitung, Sulawesi Utara 95544",,,OK_GEO
ChIJWZCkdgSXfjIRMW12S3VPlAw,Air terjun binjeita,Kabupaten Bolaang Mongondow Utara,Sulawesi Utara,Kabupaten Bolaang Mongondow Utara,Sulawesi Utara,,"RFJ9+8XP, Binjeita, Kec. Bolang Itang Tim., Kabupaten Bolaang Mongondow Utara, Sulawesi Utara",,,OK_GEO
ChIJN1pWwiUqfjIRyUUPEd2LNfM,Air Terjun Matabulu,Kabupaten Bolaang Mongondow Timur,Sulawesi Utara,Kabupaten Bolaang Mongondow Timur,Sulawesi Utara,,"HF4F+9VW, Matabulu, Kec. Nuangan, Kabupaten Bolaang Mongondow Timur, Sulawesi Utara",,,OK_GEO
ChIJ92n4S49_gDIRkc8rsdHe3PI,"Pantai Timur, Jiko Belanga - Boltim",Kabupaten Bolaang Mongondow Timur,Sulawesi Utara,Kabupaten Bolaang Mongondow Timur,Sulawesi Utara,,"FGH5+GQ, Jiko Belanga, Kec. Nuangan, Kabupaten Bolaang Mongondow Timur, Sulawesi Utara",,,OK_GEO
ChIJwxJnGVGvgDIRLvO0f6_W1Bs,Air Terjun Bidadari Kayaton Desa Bukaka,Kabupaten Bolaang Mongondow Timur,Sulawesi Utara,Kabupaten Bolaang Mongondow Timur,Sulawesi Utara,,"VJG3+JX5, Bukaka, Kotabunan, Kabupaten Bolaang Mongondow Timur, Sulawesi Utara",,,OK_GEO
ChIJ_ywXlAQPizIRlx7c64cJy4M,Air Terjun Sura,Kabupaten Kepulauan Sangihe,Sulawesi Utara,Kabupaten Kepulauan Sangihe,Sulawesi Utara,,"MCHH+Q4V, Kendahe II, Kendahe, Kabupaten Kepulauan Sangihe, Sulawesi Utara",,,OK_TEXT
ChIJI1mEiZ_PdTIR38SeCb3filo,Air Terjun Ogololo,Kabupaten Donggala,Sulawesi Tengah,Kabupaten Donggala,Sulawesi Tengah,,"FW28+HWW, Bukit Harapan, Kec. Sojol, Kabupaten Donggala, Sulawesi Tengah 94356",,,OK_GEO
ChIJn91E7EwldDIRJv_hedD-SyI,Bukit Sunset Bou,Kabupaten Donggala,Sulawesi Tengah,Kabupaten Donggala,Sulawesi Tengah,,"M2MM+94W, Jl. Tolitoli - Palu, Bou, Kec. Sojol, Kabupaten Donggala, Sulawesi Tengah 94356",,,OK_GEO
ChIJcVgMBQCjhi0RsfU_B5BOXRs,Air Terjun Ayus,Kabupaten Banggai,Sulawesi Tengah,Kabupaten Banggai,Sulawesi Tengah,,"3Q67+66, Hanga-Hanga, Luwuk, Kabupaten Banggai, Sulawesi Tengah 94713",,,OK_TEXT
ChIJIx1l0HHygy0RA7IvvAeQV5M,Pantai Labuan,Kabupaten Banggai Kepulauan,Sulawesi Tengah,Kabupaten Banggai Kepulauan,Sulawesi Tengah,,"Q6CX+96Q, Montop, Kec. Bulagi Utara, Kabupaten Banggai Kepulauan, Sulawesi Tengah",,,OK_TEXT
ChIJx5AiARgrcTIRAJzr8wcaU2c,Wisata Pemandian Tuweley,Kabupaten Tolitoli,Sulawesi Tengah,Kabupaten Tolitoli,Sulawesi Tengah,,"2RWR+Q9, Tuweley, Kec. Baolan, Kabupaten Toli-Toli, Sulawesi Tengah 94512",,,OK_GEO
ChIJEYoaxHENmS0RMEe_x1uTwd4,Goa Kolam Renang,Kabupaten Konawe Utara,Sulawesi Tenggara,Kabupaten Konawe Utara,Sulawesi Tenggara,,"GF9M+2MV, Labengi, Kec. Lasolo, Kabupaten Konawe Utara, Sulawesi Tenggara",,,OK_GEO
ChIJc1N3VMHfeDIRIo2yAJ9MCSY,Pantai Miringan Desa Biluhu Barat,Kabupaten Gorontalo,Gorontalo,Kabupaten Gorontalo,Gorontalo,,"FPPP+F5F, Biluhu Bar., Kec. Biluhu, Kabupaten Gorontalo, Gorontalo 96272",,,OK_GEO
ChIJdSqNapzdvi0RdiYojVwP508,Wisata Puncak Desa Towata (paralayang),Kabupaten Takalar,Sulawesi Selatan,Kabupaten Takalar,Sulawesi Selatan,,"Unnamed Road Towata Polombangkeng Utara, Saluka/lammasa, bukit golinga, Kabupaten Takalar, Sulawesi Selatan 92173",,,OK_GEO
ChIJtZTpsVQxvi0RC690pdMk0QY,Wisata Bahari Politani Pangkep,Kabupaten Pangkajene Dan Kepulauan,Sulawesi Selatan,Kabupaten Pangkajene Dan Kepulauan,Sulawesi Selatan,,"Mandalle, Kec. Mandalle, Kabupaten Pangkajene Dan Kepulauan, Sulawesi Selatan 90655",,,OK_GEO
ChIJBSTlnU8JvC0RzfmL0xhmgvA,Galangan kapal phinisi Haji Abdullah Hassan,Kabupaten Bulukumba,Sulawesi Selatan,Kabupaten Bulukumba,Sulawesi Selatan,,"F9G5+28J, Tanah Beru, Kec. Bonto Bahari, Kabupaten Bulukumba, Sulawesi Selatan 92571",,,OK_GEO
ChIJxYxx8VTFky0RXR2rQtBmJ6A,Air Terjun To'dama Sangkaropi,Kabupaten Toraja Utara,Sulawesi Selatan,Kabupaten Toraja Utara,Sulawesi Selatan,,"4XR5+WP5, Sangkaropi, Kec. Sa'dan, Kabupaten Toraja Utara, Sulawesi Selatan 91853",,,OK_GEO
ChIJ1_STcXfYfjIR93zmCskIs10,Wisata Hungayono,Kabupaten Bone Bolango,Gorontalo,Kabupaten Bone Bolango,Gorontalo,,"G74R+3H9, Tulabolo, Kec. Suwawa Tim., Kabupaten Bone Bolango, Gorontalo 96584",,,OK_GEO
ChIJ-xHD3-K7lS0RPuZvMWeMiTU,Pantai Cempae,Kota Parepare,Sulawesi Selatan,Kota Parepare,Sulawesi Selatan,,"Unga Jalan Petta Unga, Watang Soreang, Kec. Soreang, Kota Parepare, Sulawesi Selatan 91132",,,OK_GEO
ChIJ63fr5ydDlC0RC2fY5mobAGo,Air Terjun Kaba Kaba,Kabupaten Pinrang,Sulawesi Selatan,Kabupaten Pinrang,Sulawesi Selatan,,"CJWV+5FP, Rajang, Kec. Lembang, Kabupaten Pinrang, Sulawesi Selatan 91254",,,OK_GEO
ChIJiV06EH5rhzIRv2bhk6IiL5c,Air terjun mawulelen pinaras,Kota Tomohon,Sulawesi Utara,Kota Tomohon,Sulawesi Utara,,"7QWW+GJP, Jalan krois, Pinaras, Kec. Tomohon Sel., Kota Tomohon, Sulawesi Utara",,,OK_GEO
ChIJkfmx4xNphzIRDyEO4oqFc0I,Air terjun Timbukar (Sapa),Kabupaten Minahasa,Sulawesi Utara,Kabupaten Minahasa,Sulawesi Utara,,"7PVC+6RH, Timbukar, Kec. Sonder, Kabupaten Minahasa, Sulawesi Utara",,,OK_TEXT
ChIJeU8pX0GzfjIRScQn_ChjiDo,Bendungan desa busato,Kabupaten Bolaang Mongondow Utara,Sulawesi Utara,Kabupaten Bolaang Mongondow Utara,Sulawesi Utara,,"V5F7+Q9V, Busato, Kec. Pinogaluman, Kabupaten Bolaang Mongondow Utara, Sulawesi Utara 96253",,,OK_GEO
ChIJRYxAyCztiy0RXWmBPGHe3B0,Patung Buaya Palu,Kota Palu,Sulawesi Tengah,Kota Palu,Sulawesi Tengah,,"Jl. Kp. Nelayan No.99, Talise, Kec. Mantikulore, Kota Palu, Sulawesi Tengah 94118",,,OK_TEXT
ChIJI1rNLXrziy0Rzv5hBDzWUHs,Menara Pandang Paralayang Wayu,Kabupaten Sigi,Sulawesi Tengah,Kabupaten Sigi,Sulawesi Tengah,,"3R28+32P, Wayu, Kec. Marawola Barat, Kabupaten Sigi, Sulawesi Tengah 94632",,,OK_TEXT
ChIJjzCxpH2JmS0Rd73cVSAQP1I,PADANG MOLARA,Kabupaten Konawe Utara,Sulawesi Tenggara,Kabupaten Konawe Utara,Sulawesi Tenggara,,"Q488+79, Lalomerui, Kec. Wiwirano, Kabupaten Konawe Utara, Sulawesi Tenggara 93353",,,OK_GEO
ChIJ5cOo56lPhzIRE7XiyxOvpMI,Wisata Gn. Soputan,Kabupaten Minahasa Tenggara,Sulawesi Utara,Kabupaten Minahasa Tenggara,Sulawesi Utara,,"4P66+H73, Kota Menara, Kec. Silian Raya, Kabupaten Minahasa Tenggara, Sulawesi Utara",,,OK_GEO
ChIJPZGOjgK5iy0RO_rOi5W-sUE,Pattiro Lappaloang,Kabupaten Donggala,Sulawesi Tengah,Kabupaten Donggala,Sulawesi Tengah,,"Maleni, Kec. Banawa, Kabupaten Donggala, Sulawesi Tengah 94351",,,OK_GEO
ChIJ4zOkGir3fTIRCtrr1JqBRDs,Pantai Tanjung Molinow,Kabupaten Minahasa Selatan,Sulawesi Utara,Kabupaten Minahasa Selatan,Sulawesi Utara,,"5FP3+FQ8, Molinow, Kec. Tenga, Kabupaten Minahasa Selatan, Sulawesi Utara",,,OK_GEO
ChIJTc7LmhDRiy0RjXqy5hVFCnU,Air Terjun Likunggavali,Kabupaten Parigi Moutong,Sulawesi Tengah,Kabupaten Parigi Moutong,Sulawesi Tengah,,"9374+979, Uevolo, Kec. Siniu, Kabupaten Parigi Moutong, Sulawesi Tengah 94474",,,OK_GEO
ChIJgfyB44PLji0RiTtYLX-2myg,Pantai Karosondaya,Kabupaten Parigi Moutong,Sulawesi Tengah,Kabupaten Parigi Moutong,Sulawesi Tengah,,"XG4M+77W, Tambu, Kec. Sausu, Kabupaten Parigi Moutong, Provinsi Sulawesi Tengah",,,OK_GEO
ChIJw6YGlsBfiS0R82oyFokenR8,Pelabuhan loji,Kabupaten Parigi Moutong,Sulawesi Tengah,Kabupaten Parigi Moutong,Sulawesi Tengah,,"55QH+6R, Loji, Kabupaten Parigi Moutong, Sulawesi Tengah",,,OK_GEO
ChIJfeVWyDY1ji0Ro34kzz4-93w,Bukit Amdn Poso,Kabupaten Poso,Sulawesi Tengah,Kabupaten Poso,Sulawesi Tengah,,"4R2Q+8M7, Jl. Trans Sulawesi, Petiro, Kec. Pamona Tim., Kabupaten Poso, Sulawesi Tengah 94664",,,OK_TEXT
ChIJP2CL3YkKgy0R889XH6enyJo,Pantai Bongo,Kabupaten Banggai,Sulawesi Tengah,Kabupaten Banggai Laut,Sulawesi Tengah,,"FF6M+83H, Bone Baru, Banggai Utara, Kab. Banggai Laut, Sulawesi Tengah 94891",,,OK_GEO
ChIJE07PXNvWdjIRtYaDieYwQ4g,"Bukit ASA, Babo Anjam, Tolitoli, Sulteng",Kabupaten Tolitoli,Sulawesi Tengah,Kabupaten Tolitoli,Sulawesi Tengah,,"WRXC+Q6C, Tinading, Kec. Lampasio, Kabupaten Toli-Toli, Sulawesi Tengah 94517",,,OK_GEO
ChIJ92eACwB5oy0RwRHa5ZtvDWI,Pantai Sausumangka,Kabupaten Buton,Sulawesi Tenggara,Kabupaten Buton,Sulawesi Tenggara,Kabupaten Buton Tengah,"P73G+JC, Balobone, Kec. Mawasangka, Kabupaten Buton, Sulawesi Tenggara 93762",,,TEXT_WIN
ChIJzQNccOQrky0RciAsQyOTN3k,Tanjung Losa (Bikini Bottom),Kabupaten Mamuju,Sulawesi Barat,Kabupaten Mamuju,Sulawesi Barat,,"8Q2H+FGQ, Labuang Rano, Kec. Tapalang Bar., Kabupaten Mamuju, Sulawesi Barat 91352",,,OK_TEXT
ChIJT67vmB2Hiy0RM7y_gZUyP9Q,Wisata air terjun Bambatunu Kalukunangka,Kabupaten Pasangkayu,Sulawesi Barat,Kabupaten Pasangkayu,Sulawesi Barat,,"2G2Q+GW, Kaluku Nangka, Kec. Bambaira, Kab. Pasangkayu, Sulawesi Barat 91574",,,OK_GEO
ChIJqxY_tHTBky0R9-AGasCnk1U,Air Terjun To' Sarambu,Kabupaten Toraja Utara,Sulawesi Selatan,Kabupaten Toraja Utara,Sulawesi Selatan,,"3VC5+QFR, Sumpia, Embatau, Kec. Tikala, Kabupaten Toraja Utara, Sulawesi Selatan 91854",,,OK_GEO
ChIJ2QoVo2tShzIRF2NFnSvKN6M,Situs Sejarah Ratu Oki,Kabupaten Minahasa Tenggara,Sulawesi Utara,Kabupaten Minahasa Tenggara,Sulawesi Utara,,"2MR8+RXF, Kali, Kec. Tombatu, Kabupaten Minahasa Tenggara, Sulawesi Utara",,,OK_GEO
ChIJzZWJDQQdhi0RlsDvficLcyo,Pasir Putih,Kabupaten Tojo Una-Una,Sulawesi Tengah,Kabupaten Tojo Una-Una,Sulawesi Tengah,,"4MG9+M22, Tete B, Kec. Ampana Tete, Kabupaten Tojo Una-Una, Sulawesi Tengah",,,OK_GEO
ChIJD5fcF9FxpC0RC_ryqvna4lA,Goa moko,Kota Baubau,Sulawesi Tenggara,Kota Baubau,Sulawesi Tenggara,,"FHCC+WHF, Sulaa, Kec. Betoambari, Kota Bau-Bau, Sulawesi Tenggara 93721",,,OK_GEO
ChIJQ1yIaZb_mC0R2hCWWDRcy2g,Pantai Panggulawu,Kabupaten Konawe Utara,Sulawesi Tenggara,Kabupaten Konawe Utara,Sulawesi Tenggara,,"6CQW+J26, Panggulawu, Kec. Sawa, Kabupaten Konawe Utara, Sulawesi Tenggara 93352",,,OK_GEO
ChIJTVYhKwDRki0RlWt2k1AZU1s,Bukit Sukun Bhayangkara 78,Kabupaten Mamuju Tengah,Sulawesi Barat,Kabupaten Mamuju,Sulawesi Barat,,"9R7J+67, Bulutakkang, Rangas, Simboro Dan Kepulauan, Mamuju Regency, West Sulawesi 91512",,,OK_TEXT
ChIJ5QnTtWAdvC0RR5dsrmOuW6w,Wisata Alam & Kolam Renang WAE TUO TEMBO'E,Kabupaten Bulukumba,Sulawesi Selatan,Kabupaten Bulukumba,Sulawesi Selatan,,"Unnamed Road, 92552, Bonto Minasa, Kec. Bulukumpa, Kabupaten Bulukumba, Sulawesi Selatan 92552",,,OK_GEO
ChIJ3fq_8-GjgDIRRwn1kUsIpRk,Luak Hutan Mangrove Kotabunan Selatan,Kabupaten Bolaang Mongondow Timur,Sulawesi Utara,Kabupaten Bolaang Mongondow Timur,Sulawesi Utara,,"Kotabunan, Kabupaten Bolaang Mongondow Timur, Sulawesi Utara",,,OK_GEO
ChIJDRTHU0S7iy0Reqe0p2CYZ_0,Pantai To Bolo Lia,Kabupaten Donggala,Sulawesi Tengah,Kabupaten Donggala,Sulawesi Tengah,,"7MR9+M4V, Towale, Kec. Banawa Tengah, Kabupaten Donggala, Sulawesi Tengah 94351",,,OK_GEO
ChIJl5VF5Qi1oy0R0XWYL4928DM,Puncak lakampufu,Kabupaten Muna,Sulawesi Tenggara,Kabupaten Muna,Sulawesi Tenggara,,"Kondongia, Kec. Lohia, Kabupaten Muna, Sulawesi Tenggara 93659",,,OK_GEO
ChIJ37k1hryzoy0RgAnjH10a76M,Wisata kasiono oe,Kabupaten Muna,Sulawesi Tenggara,Kabupaten Muna,Sulawesi Tenggara,Kabupaten Muna Barat,"4HG5+6HH, Lapadaku, Kec. Lawa, Kabupaten Muna, Sulawesi Tenggara 93652",,,TEXT_WIN
ChIJC05wUGOZvi0RTMgYD0GvE3o,Air Terjun Salo Rumpala,Kabupaten Sinjai,Sulawesi Selatan,Kabupaten Sinjai,Sulawesi Selatan,,"R26M+F2M, Bar.,, Bonto Salama, Kec. Sinjai Bar., Kabupaten Sinjai, Sulawesi Selatan 92653",,,OK_GEO
ChIJxdc2p1sxhzIRdo-877QtW1c,"Bukit Tinggi Beach (Kakas,Minahasa)",Kabupaten Minahasa,Sulawesi Utara,Kabupaten Minahasa,Sulawesi Utara,,"3X75+XV9, Barat, Bukit Tinggi, Kec. Kakas, Kabupaten Minahasa, Sulawesi Utara",,,OK_TEXT
ChIJR-MHMciYgDIRONhAdnWgXgY,Danau Bunong,Kabupaten Bolaang Mongondow Timur,Sulawesi Utara,Kabupaten Bolaang Mongondow Timur,Sulawesi Utara,,"PJH4+M93, Togid, Kec. Tutuyan, Kabupaten Bolaang Mongondow Timur, Sulawesi Utara",,,OK_GEO
ChIJrTUoWJt3pC0Ra1zJ7M00vQ0,Taman Bukit Kaluku,Kota Baubau,Sulawesi Tenggara,Kota Baubau,Sulawesi Tenggara,Kabupaten Bone,"GHMP+CRJ, Bone-Bone, Batupoara, Kota Bau-Bau, Sulawesi Tenggara 93712",,,GEO_WIN
ChIJUSuwG2K1oy0Ru7hPloO3hYQ,Masalili Hilltop,Kabupaten Muna,Sulawesi Tenggara,Kabupaten Muna,Sulawesi Tenggara,,"4MJJ+W2C, Masalili, Kec. Kontunaga, Kabupaten Muna, Sulawesi Tenggara 93658",,,OK_GEO
ChIJNa6Iw4eboi0Rx5Z0DBblWzU,WAM(wisata Air Meronga),Kabupaten Konawe Selatan,Sulawesi Tenggara,Kabupaten Konawe Selatan,Sulawesi Tenggara,,"J49V+MVF, Meronga Raya, Lalembuu, Kabupaten Konawe Selatan, Sulawesi Tenggara 93885",,,OK_GEO
ChIJB5VcgI2YkS0RkRY8St_iJG4,Wisata Batu Kembar,Kabupaten Luwu Utara,Sulawesi Selatan,Kabupaten Luwu Utara,Sulawesi Selatan,,"CGG5+652, Patoloan, Kec. Bone-Bone, Kabupaten Luwu Utara, Sulawesi Selatan 91966",,,OK_TEXT
ChIJawR7gJhroi0RX65ODCLQfFU,Wisata Bahari Batu Beranak,Kabupaten Konawe Selatan,Sulawesi Tenggara,Kabupaten Konawe Selatan,Sulawesi Tenggara,,"GM57+8RJ, Polewali, Kec. Lainea, Kabupaten Konawe Selatan, Sulawesi Tenggara 93881",,,OK_GEO
ChIJG0mhJ79rlC0RekDKWcIqk5U,Dusun Londa,Kabupaten Enrekang,Sulawesi Selatan,Kabupaten Enrekang,Sulawesi Selatan,,"FPVP+7VV, Temban, Kec. Enrekang, Kabupaten Enrekang, Sulawesi Selatan 91711",,,OK_GEO
ChIJl7yjLzN1kS0R0QOgJplABA4,Pasabbeng,Kabupaten Luwu Utara,Sulawesi Selatan,Kabupaten Luwu Utara,Sulawesi Selatan,,"Ladongi, Kec. Malangke, Kabupaten Luwu Utara, Sulawesi Selatan 92963",,,OK_GEO
ChIJCxXBcS9hkC0R1iBIGvS-8_k,Bukit Awan Wasuponda,Kabupaten Luwu Timur,Sulawesi Selatan,Kabupaten Luwu Timur,Sulawesi Selatan,,"97XM+49, Tabarano, Kec. Wasuponda, Kabupaten Luwu Timur, Sulawesi Selatan 92983",,,OK_GEO
ChIJKwgkONcDfjIRUgq2LxgYdso,Watu Tiwa Toar Lumimuut,Kabupaten Minahasa Selatan,Sulawesi Utara,Kabupaten Minahasa Selatan,Sulawesi Utara,,"WFM3+3RW, Pinaesaan, Kec. Tompaso Baru, Kabupaten Minahasa Selatan, Sulawesi Utara",,,OK_GEO
ChIJXSX1_xCxfzIROhqxBEcigQs,Tracking Mangrove Bumdes Mandiri Tabilaa,Kabupaten Bolaang Mongondow Selatan,Sulawesi Utara,Kabupaten Bolaang Mongondow Selatan,Sulawesi Utara,,"92GW+V68, Tabilaa, Kec. Bolaang Uki, Kabupaten Bolaang Mongondow Selatan, Sulawesi Utara",,,OK_GEO
ChIJyyt97eYLizIRYDSCbHvTBpA,GMIST BUKIT KASIH,Kabupaten Kepulauan Sangihe,Sulawesi Utara,Kabupaten Kepulauan Sangihe,Sulawesi Utara,,"JG76+5JM, Tona II, Kec. Tahuna Tim., Kabupaten Kepulauan Sangihe, Sulawesi Utara",,,OK_TEXT
ChIJcz-UPbvviy0RdymaBUsTm8Y,Bukit Punggung Kuda Talise,Kota Palu,Sulawesi Tengah,Kota Palu,Sulawesi Tengah,,"4VMW+V2, Talise, Kec. Mantikulore, Kota Palu, Sulawesi Tengah 94118",,,OK_TEXT
ChIJa6C7bcZfmi0RNM14anm5OZc,Wisata Alam Goa Lembono Mata,Kabupaten Morowali,Sulawesi Tengah,Kabupaten Morowali,Sulawesi Tengah,,"82VH+29V, Laroue, Kec. Bungku Tengah, Kabupaten Morowali, Sulawesi Tengah 94973",,,OK_GEO
ChIJ05Peh8Hmoi0RbasGtkitBT8,Bombana's Beach Garden,Kabupaten Bombana,Sulawesi Tenggara,Kabupaten Bombana,Sulawesi Tenggara,,93771,,,OK_GEO
ChIJ78xYznWtoy0RKE6JBDTCUWc,Permandian kaaghi,Kabupaten Muna Barat,Sulawesi Tenggara,Kabupaten Muna,Sulawesi Tenggara,Kabupaten Muna Barat,"4GM2+JFW, Jl. Poros, Lakanaha, Kec. Wadaga, Kabupaten Muna, Sulawesi Tenggara 93657",,,TEXT_WIN
ChIJtV7-IQDRoy0ROecAIh1aR0s,kioko beach,Kabupaten Buton Utara,Sulawesi Tenggara,Kabupaten Buton Utara,Sulawesi Tenggara,,"3X4M+PQ2, Kec. Bonegunu, Kabupaten Buton Utara, Sulawesi Tenggara 93673",,,OK_GEO
ChIJj0QRA0P_jC0RO5AQn5Tl5Ik,WISATA SALUKAILI,Kabupaten Pasangkayu,Sulawesi Barat,Kabupaten Pasangkayu,Sulawesi Barat,,"C8HG+QV6, Jl. Poros Palu - Mamuju, Baras, Kec. Baras, Kab. Pasangkayu, Sulawesi Barat 91572",,,OK_GEO
ChIJ4YqQIQC_lC0RAfts183M5PU,Pantai Barane Kiri,Kabupaten Majene,Sulawesi Barat,Kabupaten Majene,Sulawesi Barat,,"F273+QGH, Labuang, Kabupaten Majene",,,OK_GEO
ChIJGWtnTwDTfjIRSFdTURskKCc,Bukit Ceria,Kabupaten Bone Bolango,Gorontalo,Kabupaten Bone Bolango,Gorontalo,,"J443+5P8, Bulotalangi, Kec. Bulango Tim., Kabupaten Bone Bolango, Gorontalo 96126",,,OK_GEO
ChIJnTwMAu7lvS0RWgwoQv-Z344,Alun-Alun Kab. Bone,Kabupaten Bone,Sulawesi Selatan,Kabupaten Bone,Sulawesi Selatan,,"F83C+VJ9, Macege, Kec. Tanete Riattang Bar., Kabupaten Bone, Sulawesi Selatan 92712",,,OK_GEO
ChIJS1ANWO0xuS0RLUFKa7YXddo,Pantai berjodoh,Kabupaten Jeneponto,Sulawesi Selatan,Kabupaten Jeneponto,Sulawesi Selatan,,"8J9W+GC4, Bonto Sunggu, Kec. Tamalatea, Kabupaten Jeneponto, Sulawesi Selatan 92811",,,OK_GEO
ChIJEc5trPA3ui0RtZ81OWMzEUE,Pantai Baloyya,Kabupaten Kepulauan Selayar,Sulawesi Selatan,Kabupaten Kepulauan Selayar,Sulawesi Selatan,,"QCVW+774, Patikarya, Kec. Bontoharu, Kab. Kepulauan Selayar, Sulawesi Selatan 92855",,,OK_GEO
ChIJBWoKFr1ZkC0Rd14n2mUnBRE,Permandian Alam Lorong 2 Trans,Kabupaten Luwu Timur,Sulawesi Selatan,Kabupaten Luwu Timur,Sulawesi Selatan,,"C425+CGH, Ussu, Kec. Malili, Kabupaten Luwu Timur, Sulawesi Selatan 92937",,,OK_GEO
ChIJbSgTAwBrhzIRmOOK4mlgJeA,Wisata Alam Rano Reindang Desa Leilem,Kabupaten Minahasa,Sulawesi Utara,Kabupaten Minahasa,Sulawesi Utara,,"7R88+9WH, Leilem, Kec. Sonder, Kabupaten Minahasa, Sulawesi Utara",,,OK_TEXT
ChIJT8Y6UwDtmC0R-3zfBRVEkfM,Pantai Pulau Kelapa Bungkutoko,Kota Kendari,Sulawesi Tenggara,Kota Kendari,Sulawesi Tenggara,,"2JF3+HV6, Kec. Kendari, Kota Kendari, Sulawesi Tenggara",,,OK_GEO
ChIJkSuM_4Wvoy0RbPU_1On8jMQ,TUGU KUDA DESA LAILANGGA,Kabupaten Muna,Sulawesi Tenggara,Kabupaten Muna,Sulawesi Tenggara,Kabupaten Muna Barat,"3GMJ+R45, Jl. Poros, Lailangga, Kec. Wadaga, Kabupaten Muna, Sulawesi Tenggara 93652",,,TEXT_WIN
ChIJa4i0LUkRpC0Rdgh0Uf3wHEs,Pantai Wasampela,Kabupaten Buton,Sulawesi Tenggara,Kabupaten Buton,Sulawesi Tenggara,,"Wasampela, Kec. Wabula, Kabupaten Buton, Sulawesi Tenggara",,,OK_GEO
ChIJmzu0QkoqfzIRWLUBumadhww,Bukit tangga bali botutonuo,Kabupaten Bone Bolango,Gorontalo,Kabupaten Bone Bolango,Gorontalo,,"F4FV+QX3, Botutonuo, Kec. Kabila Bone, Kabupaten Bone Bolango, Gorontalo 96119",,,OK_GEO
ChIJMbO0Os8veTIRxfDMemx8NgQ,Limboto Lake,Kabupaten Gorontalo,Gorontalo,Kabupaten Gorontalo,Gorontalo,,"HXJM+27P, Danau Limboto, Kec. Batudaa, Kabupaten Gorontalo, Gorontalo 96271",,,OK_GEO
ChIJRfidOsgJfzIRSJdzTuKChw4,Pantai Botuliodu,Kabupaten Bolaang Mongondow Selatan,Sulawesi Utara,Kabupaten Bolaang Mongondow Selatan,Sulawesi Utara,,"8Q95+7F5, Botuliodu, kec Tomin, Kabupaten Bolaang Mongondow Selatan, Sulawesi Utara",,,OK_GEO
ChIJBSv-NflZiS0Rei5wRCWpG5Y,Wisata Air Terjun Desa Gangga,Kabupaten Parigi Moutong,Sulawesi Tengah,Kabupaten Parigi Moutong,Sulawesi Tengah,,"35PC+GW, Lemusa, Kec. Parigi Sel., Kabupaten Parigi Moutong, Sulawesi Tengah 94471",,,OK_GEO
ChIJidJl8xkTgy0RQU8Ns6ebXbM,Goa Tokubet,Kabupaten Banggai,Sulawesi Tengah,Kabupaten Banggai Laut,Sulawesi Tengah,,"7GX9+W46, Tolokibit, Kec. Banggai Sel., Kab. Banggai Laut, Sulawesi Tengah 94891",,,OK_GEO
ChIJJz_2hm-Hgy0RlCE85vC4jd0,KOYO BEACH,Kabupaten Banggai Kepulauan,Sulawesi Tengah,Kabupaten Banggai Kepulauan,Sulawesi Tengah,,"H5R5+2X7, Koyobunga, Kec. Peling Tengah, Kabupaten Banggai Kepulauan, Sulawesi Tengah",,,OK_TEXT
ChIJE1vGQfQUlC0RwRN0CVN-f1E,Air Terjun Sarassa,Kabupaten Enrekang,Sulawesi Selatan,Kabupaten Enrekang,Sulawesi Selatan,,"GR9J+89G, Rosoan, Kec. Enrekang, Kabupaten Enrekang, Sulawesi Selatan 91711",,,OK_GEO
ChIJ6WBw9eh_eTIRrB9KIAEy4-E,Pantai Sukamaju,Kabupaten Gorontalo Utara,Gorontalo,Kabupaten Gorontalo Utara,Gorontalo,,"XCR9+FH7, Jl. Biso, Bulontio Tim., Kec. Sumalata, Kabupaten Gorontalo Utara, Gorontalo 96254",,,OK_GEO
ChIJI1SNBdIpeTIR2gUpfaCzJRc,Wisata JatiLodungga,Kabupaten Gorontalo,Gorontalo,Kabupaten Gorontalo,Gorontalo,,"HW7M+739, Unnamed Road, Tabongo Tim., Kec. Tabongo, Kabupaten Gorontalo, Gorontalo 96271",,,OK_GEO
ChIJPcdnjvxjeTIRfxDC_adZGuY,Pantai Motihelumo,Kabupaten Gorontalo Utara,Gorontalo,Kabupaten Gorontalo Utara,Gorontalo,,"XH56+VGC, Unnamed Road, Dulukapa, Kec. Sumalata, Kabupaten Gorontalo Utara, Gorontalo 96254",,,OK_GEO
ChIJLbjaZVAJfzIRkfQtMMAuE4o,Wisata Air Terjun Botuliodu,Kabupaten Bolaang Mongondow Selatan,Sulawesi Utara,Kabupaten Bolaang Mongondow Selatan,Sulawesi Utara,,"8QF2+2RW, Botuliodu, Kec. Posigadan, Kabupaten Bolaang Mongondow Selatan, Sulawesi Utara",,,OK_GEO
ChIJq9uK-YNJhC0RuMKBg-J6RyY,Wisata Pantai Nonong,Kabupaten Banggai,Sulawesi Tengah,Kabupaten Banggai,Sulawesi Tengah,,"MG49+JCQ, Nonong, Kec. Batui, Kabupaten Banggai, Sulawesi Tengah",,,OK_TEXT
ChIJtefVs0bXdjIRPtDWatRSmZ0,PUNCAK BABO ANJAM,Kabupaten Tolitoli,Sulawesi Tengah,Kabupaten Tolitoli,Sulawesi Tengah,,"XR38+9VG, Tinading, Kec. Lampasio, Kabupaten Toli-Toli, Sulawesi Tengah 94517",,,OK_GEO
ChIJJ8gBcJTpmC0RQ8q5rsvzgDs,permandian toronipa,Kabupaten Konawe,Sulawesi Tenggara,Kabupaten Konawe,Sulawesi Tenggara,,"4M38+535, Toronipa, Soropia, Kabupaten Konawe, Sulawesi Tenggara 93351",,,OK_GEO
ChIJQbuJx75Fvi0RK_urXxxuDII,Desa Wisata Biring Ere,Kabupaten Pangkajene Dan Kepulauan,Sulawesi Selatan,Kabupaten Pangkajene Dan Kepulauan,Sulawesi Selatan,,"6J85+X7X, Biring Ere, Kec. Bungoro, Kabupaten Pangkajene Dan Kepulauan, Sulawesi Selatan 90651",,,OK_GEO
ChIJl0bKPC69lS0R_dtt1dc5t3w,Rise and Shine,Kota Parepare,Sulawesi Selatan,Kota Parepare,Sulawesi Selatan,,"XJ2V+XW5, Bumi Harapan, Kec. Bacukiki Bar., Kota Parepare, Sulawesi Selatan",,,OK_GEO
ChIJ0xggLzSzlS0RILYIDlDBf58,Bukit Alitta Madani,Kabupaten Pinrang,Sulawesi Selatan,Kabupaten Pinrang,Sulawesi Selatan,,"Desa, Alitta, Kec. Mattiro Bulu, Kabupaten Pinrang, Sulawesi Selatan 91271",,,OK_GEO
ChIJTT0A2gyzvi0RwGeJifgmTbA,Air terjun Talise,Kabupaten Bantaeng,Sulawesi Selatan,Kabupaten Bantaeng,Sulawesi Selatan,,"FVMP+W79, Bonto Rannu, Kec. Uluere, Kabupaten Bantaeng, Sulawesi Selatan 92451",,,OK_GEO
ChIJpTbWSADpky0RkNnYw1NgeGc,Kuburan Alam Alla',Kabupaten Toraja Utara,Sulawesi Selatan,Kabupaten Toraja Utara,Sulawesi Selatan,,"2V2V+J2, Angin-Angin, Kec. Kesu, Kabupaten Toraja Utara, Sulawesi Selatan 91834",,,OK_GEO
ChIJefY1kNR1hzIRlAjW1fLFfXg,Tugu Perang Dunia II,Kota Manado,Sulawesi Utara,Kota Manado,Sulawesi Utara,,"FRQR+W9W, Lawangirung, Kec. Wenang, Kota Manado, Sulawesi Utara",,,OK_GEO
ChIJCch5FvkXfjIRxFjEznK1CHI,Makam Raja Tadohe,Kota Kotamobagu,Sulawesi Utara,Kota Kotamobagu,Sulawesi Utara,,"Q83G+5VQ, Upai, Kec. Kotamobagu Utara, Kota Kotamobagu, Sulawesi Utara",,,OK_GEO
ChIJHcVRNAAVfjIRou_0OKuahO0,Air terjun muntoi( DAKOL ),Kabupaten Bolaang Mongondow,Sulawesi Utara,Kabupaten Bolaang Mongondow,Sulawesi Utara,,"Q6PH+2MW, Muntoi, Kec. Passi Bar., Kabupaten Bolaang Mongondow, Sulawesi Utara",,,OK_GEO
ChIJK9OxdnMbfjIR9lIc3c4y16c,Air Terjun Tudu Aog,Kabupaten Bolaang Mongondow Selatan,Sulawesi Utara,Kabupaten Bolaang Mongondow,Sulawesi Utara,,"Jl Poros Tuduaog-Kolingangaan, Manembo, Passi Timur, Bolaang Mongondow Regency, North Sulawesi 95372",,,OK_GEO
ChIJUXW0ahXfizIRp9Qcl7DF_S0,Wisata PULAU PARA,Kabupaten Kepulauan Sangihe,Sulawesi Utara,Kabupaten Kepulauan Sangihe,Sulawesi Utara,,"3G82+MHP, Para, Kec. Tatoareng, Kabupaten Kepulauan Sangihe, Sulawesi Utara",,,OK_TEXT
ChIJoVkpfwDHiy0RgYrhJ2EQLdo,Wisata Kebun Bunga OVA,Kota Palu,Sulawesi Tengah,Kota Palu,Sulawesi Tengah,,"8V25+MH7, Jl. H. Patila, Pantoloan, Kec. Palu Utara, Kota Palu, Sulawesi Tengah 94352",,,OK_TEXT
ChIJQdEhWzBtgy0RreJWUULTNtI,Pantai Batu Kapal,Kabupaten Banggai Kepulauan,Sulawesi Tengah,Kabupaten Banggai Kepulauan,Sulawesi Tengah,,"79QP+CF6, Unnamed Road, Lalong, Labobo, Kabupaten Banggai Kepulauan, Sulawesi Tengah 94892",,,OK_TEXT
ChIJ24-Wb-KxcDIRh1xgeMDwQJA,BOLRE ATO BVULYUD,Kabupaten Buol,Sulawesi Tengah,Kabupaten Buol,Sulawesi Tengah,,"593W+MG, Kulango, Kec. Biau, Kabupaten Buol, Sulawesi Tengah 94565",,,OK_TEXT
ChIJBUtS0CPzmC0Rkjeaa7AcoKQ,Gerbang utama Masjid Al alam,Kota Kendari,Sulawesi Tenggara,Kota Kendari,Sulawesi Tenggara,,"2GCJ+2PG, Jl. Masjid Al Alam, Lalolara, Kec. Kambu, Kota Kendari, Sulawesi Tenggara 93231",,,OK_GEO
ChIJmQfvkXgLmS0RiCUaiTKPu5E,Desa labengki,Kabupaten Konawe Utara,Sulawesi Tenggara,Kabupaten Konawe Utara,Sulawesi Tenggara,,"HC2F+2X6, Labengi, Kec. Lasolo, Kabupaten Konawe Utara, Sulawesi Tenggara 93352",,,OK_GEO
ChIJs4PCPdAhmi0R15IAOM0lFjU,Air Terjun Paralahune,Kabupaten Konawe Utara,Sulawesi Tenggara,Kabupaten Konawe Utara,Sulawesi Tenggara,,"V342+M66, Pondoa, Kec. Wiwirano, Kabupaten Konawe Utara, Sulawesi Tenggara 93464",,,OK_GEO
ChIJ2-kiAADDoy0RMorwpB-qfeM,air terjun lantangahi desa todanga,Kabupaten Buton,Sulawesi Tenggara,Kabupaten Buton,Sulawesi Tenggara,,"WR94+CX, Tuangila, Kec. Kapontori, Kabupaten Buton, Sulawesi Tenggara 93674",,,OK_GEO
ChIJgUD0rE6JoS0R9mGeXzMND9E,Air Terjun Doule,Kabupaten Buton Utara,Sulawesi Tenggara,Kabupaten Buton Utara,Sulawesi Tenggara,,"85V7+XQ, Petetea, Kec. Kulisusu Utara, Kabupaten Buton Utara, Sulawesi Tenggara",,,OK_GEO
ChIJMyULJwArfzIRBst085_twcA,Wisata Bahari Leato,Kota Gorontalo,Gorontalo,Kota Gorontalo,Gorontalo,Kabupaten Bone Bolango,"F3PM+W6M, Leato Sel., Kec. Dumbo Raya, Kota Gorontalo, Gorontalo 96116",,,TEXT_WIN
ChIJq6a1MvRweTIRXROGsHXenNc,Huidu Boliyohuto,Kabupaten Gorontalo,Gorontalo,Kabupaten Gorontalo,Gorontalo,Kabupaten Gorontalo Utara,"Bululi, Kec. Asparaga, Kabupaten Gorontalo, Gorontalo",,,TEXT_WIN
ChIJDXnvRwG_vi0Rm5XMWcJRPJg,Air terjun mata tumpang,Kabupaten Gowa,Sulawesi Selatan,Kabupaten Gowa,Sulawesi Selatan,,"Jonjo, Kec. Parigi, Kabupaten Gowa, Sulawesi Selatan 92174",,,OK_GEO
ChIJPxa35N0nvy0RjJgQomua9bA,Makam Raja-Raja Sanrobone,Kabupaten Takalar,Sulawesi Selatan,Kabupaten Takalar,Sulawesi Selatan,,"H99R+637, Unnamed Road, Sanrobone, Kec. Sanrobone, Kabupaten Takalar, Sulawesi Selatan 92231",,,OK_GEO
ChIJvSGvp9a5lS0RGOt80tY1EWg,Bulu Mallocie,Kabupaten Sidenreng Rappang,Sulawesi Selatan,Kabupaten Sidenreng Rappang,Sulawesi Selatan,,"Lainungan, Kec. Watang Pulu, Kabupaten Sidenreng Rappang, Sulawesi Selatan",,,OK_TEXT
ChIJEQPpuPZXkS0RjXNTZga0JBY,Gunung Labokke,Kabupaten Luwu,Sulawesi Selatan,Kabupaten Luwu,Sulawesi Selatan,,"V6V8+RJM, Unnamed Road, Puty, Kec. Bua, Kabupaten Luwu, Sulawesi Selatan 91991",,,OK_GEO
ChIJ_WdV6YwHhzIRmGT9G158Uko,Kebun Tundo Wudan,Kota Bitung,Sulawesi Utara,Kota Bitung,Sulawesi Utara,,"F4WC+RP, Duasadara, Kec. Ranowulu, Kota Bitung, Sulawesi Utara",,,OK_GEO
ChIJG43n2XwDfjIRvb-Tzk2h-R8,Wisata Pemandian Air Panas Desa Lowian,Kabupaten Minahasa Selatan,Sulawesi Utara,Kabupaten Minahasa Selatan,Sulawesi Utara,,"VCPX+983, Lowian, Kec. Maesaan, Kabupaten Minahasa Selatan, Sulawesi Utara",,,OK_GEO
ChIJ09jI-8w5hC0R4s_piVOnQvI,Air terjun bontoa,Kabupaten Banggai,Sulawesi Tengah,Kabupaten Banggai,Sulawesi Tengah,,"QG5Q+9C, Lamo, Kec. Batui, Kabupaten Banggai, Sulawesi Tengah 94761",,,OK_TEXT
ChIJ_VUEawAvly0Rk7jjx9BlQPY,Wisata permandian Purau,Kabupaten Kolaka Utara,Sulawesi Tenggara,Kabupaten Kolaka Utara,Sulawesi Tenggara,,"P362+H9, Mataiwoi, Kec. Ngapa, Kabupaten Kolaka Utara, Sulawesi Tenggara 93954",,,OK_GEO
ChIJhWjrNiwpky0RblfOzEQOe5s,BUKIT NIZAM,Kabupaten Mamuju,Sulawesi Barat,Kabupaten Mamuju,Sulawesi Barat,,"Jl. Poros Majene - Mamuju, Botteng, Kec. Simboro Dan Kepulauan, Kabupaten Mamuju, Sulawesi Barat 91512",,,OK_TEXT
ChIJX-KjHNe5lC0Rpi8WwIkX5v0,Pantai Pasir Putih Palipi Soreang,Kabupaten Majene,Sulawesi Barat,Kabupaten Majene,Sulawesi Barat,,"CWRH+V3Q, Jl. Poros Majene - Mamuju, Totoli, Kec. Banggae, Kabupaten Majene, Sulawesi Barat 91415",,,OK_TEXT
ChIJ6ydaGQC_lC0R0y04fTmZ_nw,Pohon Keramat Baurung,Kabupaten Majene,Sulawesi Barat,Kabupaten Majene,Sulawesi Barat,,"CXRX+5JH, Baurung, Kec. Banggae Tim., Kabupaten Majene, Sulawesi Barat",,,OK_TEXT
ChIJC-MffOQsuS0Ra09Tp7uF0Bs,Development Wisata Bahari Punagaya,Kabupaten Jeneponto,Sulawesi Selatan,Kabupaten Jeneponto,Sulawesi Selatan,,"9HV2+WCC, Pantai Bahari, Bangkala, Kabupaten Jeneponto, Sulawesi Selatan",,,OK_GEO
ChIJmSD751Dpky0RugLi0OmYBic,Kawasan Wisata Buntu Sarira,Kabupaten Tana Toraja,Sulawesi Selatan,Kabupaten Tana Toraja,Sulawesi Selatan,,"XV9Q+8WQ, Unnamed Road, Sarira, Kec. Makale Utara, Kabupaten Tana Toraja, Sulawesi Selatan 91852",,,OK_TEXT
ChIJOxjvl-8RhzIROCUKc27e0zA,TANJUNG TAYAPU,Kabupaten Minahasa Utara,Sulawesi Utara,Kabupaten Minahasa Utara,Sulawesi Utara,,"926J+5X8, Lansot, Kec. Kema, Kabupaten Minahasa Utara, Sulawesi Utara",,,OK_GEO
ChIJbVwmdOVv8jIRSMc61FDcq4g,Pantai Talowara,Kabupaten Kepulauan Talaud,Sulawesi Utara,Kabupaten Kepulauan Talaud,Sulawesi Utara,,"P3PM+696, Karatung, Kec. Nanusa, Kabupaten Kepulauan Talaud, Sulawesi Utara",,,OK_TEXT
ChIJYU0AXN7ziy0RwihXVpJXInU,Agrowisata Bunti Ede Padende,Kabupaten Sigi,Sulawesi Tengah,Kabupaten Sigi,Sulawesi Tengah,,"Padende, Kec. Marawola, Kabupaten Sigi, Sulawesi Tengah 94362",,,OK_TEXT
ChIJKYGcoBm5iy0ReehPPDyJWxA,Pantai Sunset,Kabupaten Donggala,Sulawesi Tengah,Kabupaten Donggala,Sulawesi Tengah,,"8PG9+G3Q, Boneoge, Kec. Banawa, Kabupaten Donggala, Sulawesi Tengah 94351",,,OK_GEO
ChIJw4ZchNf5djIRn14-0hWLW0A,Desa Bosagon jaya,Kabupaten Parigi Moutong,Sulawesi Tengah,Kabupaten Parigi Moutong,Sulawesi Tengah,,"HQ44+X33, RT.Buluye/RW.Bosagon, Kayu Agung, Kec. Ongka Malino, Kabupaten Parigi Moutong, Sulawesi Tengah 94479",,,OK_GEO
ChIJGz9E0j-Nmi0R4x3N9kDzmB8,Aula Wisata Mangrove Matansala,Kabupaten Morowali,Sulawesi Tengah,Kabupaten Morowali,Sulawesi Tengah,,"FXG6+WHR, Matansala, Kec. Bungku Tengah, Kabupaten Morowali, Sulawesi Tengah",,,OK_GEO
ChIJeXQKAMujhi0Re4y-V7kVaIg,Air Terjun Akar Darah,Kabupaten Banggai,Sulawesi Tengah,Kabupaten Banggai,Sulawesi Tengah,,"3P7X+8M8, Hanga-Hanga, Kec. Luwuk Selatan, Kabupaten Banggai, Sulawesi Tengah 94713",,,OK_TEXT
ChIJwzaEVSTXki0RNvTdDyeBhE0,Pantai Asmara Tapandulu,Kabupaten Mamuju,Sulawesi Barat,Kabupaten Mamuju,Sulawesi Barat,,"8Q3J+P2M, Lebani, Kec. Tapalang Bar., Kabupaten Mamuju, Sulawesi Barat 91513",,,OK_TEXT
ChIJKcc3jZiXki0RWwXVpTdyR_k,Pantai Sampaga,Kabupaten Mamuju,Sulawesi Barat,Kabupaten Mamuju,Sulawesi Barat,,"M4QG+CC8, Sampaga, Kec. Sampaga, Kabupaten Mamuju, Sulawesi Barat",,,OK_GEO
ChIJ5XlEhba_lC0Re1ruNY_Waa4,Wisata Alam Bukit Kappung Mammesa,Kabupaten Majene,Sulawesi Barat,Kabupaten Majene,Sulawesi Barat,,"FX75+9VV, Lingkungan Panggalo Salabose, Pangali-Ali, Kec. Banggae, Kabupaten Majene, Sulawesi Barat 91411",,,OK_TEXT
ChIJ08zN26pLuS0RsjNo-jDLNvE,Pantai Kassi' Bumbung,Kabupaten Jeneponto,Sulawesi Selatan,Kabupaten Jeneponto,Sulawesi Selatan,,"9VC3+87Q, Bungeng, Kec. Batang, Kabupaten Jeneponto, Sulawesi Selatan",,,OK_GEO
ChIJxweZ6L5XkS0RZ5LawzdiiGY,Padang Savana Gunung labokke,Kabupaten Luwu,Sulawesi Selatan,Kabupaten Luwu,Sulawesi Selatan,,"Puty, Kec. Bua, Kabupaten Luwu, Sulawesi Selatan 91991",,,OK_GEO
ChIJB15p_9cHfjIRpYmqTwJNXO0,"Air Terjun Pomoman, (Pomoman Waterfall)",Kabupaten Bolaang Mongondow,Sulawesi Utara,Kabupaten Bolaang Mongondow,Sulawesi Utara,,"W9X5+H6F, Pomoman, Kec. Poigar, Kabupaten Bolaang Mongondow, Sulawesi Utara",,,OK_GEO
ChIJ0Rh-oj0ZjTIRtxIbWzuWW7M,Air Terjun Desa Pannulan,Kabupaten Kepulauan Talaud,Sulawesi Utara,Kabupaten Kepulauan Talaud,Sulawesi Utara,,"QQ7H+69X, Laut Filipina, Peret, Kabupaten Kepulauan Talaud, Sulawesi Utara",,,OK_TEXT
ChIJWSBdBACXmi0RRO6ffNjesIw,Pantai Bahotonsu,Kabupaten Morowali,Sulawesi Tengah,Kabupaten Morowali,Sulawesi Tengah,,"HVXF+GJ4, Bahoea Reko Reko, Kec. Bungku Bar., Kabupaten Morowali, Sulawesi Tengah 94976",,,OK_TEXT
ChIJn3fPVQCPmS0Rqkjk3K9h92s,Danau Lapada,Kabupaten Konawe Utara,Sulawesi Tenggara,Kabupaten Konawe Utara,Sulawesi Tenggara,,"Q33W+6R2, Lamonae Utama, Kec. Wiwirano, Kabupaten Konawe Utara, Sulawesi Tenggara 93353",,,OK_TEXT
ChIJ8QZ2DADrmC0Rd7qed_RY9Bk,Pulau Bokori,Kabupaten Konawe,Sulawesi Tenggara,Kabupaten Konawe,Sulawesi Tenggara,,"3M65+4JP, Sorue Jaya, Soropia, Kabupaten Konawe, Sulawesi Tenggara",,,OK_TEXT
ChIJw_gupOJ_jS0RG2tXC8Pgzl0,Puncak sunrise saloadak,Kabupaten Mamuju Tengah,Sulawesi Barat,Kabupaten Mamuju Tengah,Sulawesi Barat,,"V99W+3H5, Saloadak, Kec. Tobadak, Kabupaten Mamuju Tengah, Sulawesi Barat 91563",,,OK_TEXT
ChIJKy9Z6smzvi0RhWD7Hzif9yU,air terjun tiga lantai,Kabupaten Bantaeng,Sulawesi Selatan,Kabupaten Bantaeng,Sulawesi Selatan,,"FVRR+88P, RW.pammelangan desa, Bonto Rannu, Kec. Sinoa, Kabupaten Bantaeng, Sulawesi Selatan 92451",,,OK_TEXT
ChIJrxi7qHXpky0RGF_mLq0EmBs,Gunung parimata,Kabupaten Toraja Utara,Sulawesi Selatan,Kabupaten Toraja Utara,Sulawesi Selatan,,"XW93+MX3, Unnamed Road, Tallung Penanian, Kec. Sanggalangi, Kabupaten Toraja Utara, Sulawesi Selatan 91852",,,OK_TEXT
ChIJAeftU7f2ky0R59d7dKswbOU,Buntu Tampo,Kabupaten Tana Toraja,Sulawesi Selatan,Kabupaten Tana Toraja,Sulawesi Selatan,,"Marinding, Kec. Mengkendek, Kabupaten Tana Toraja, Sulawesi Selatan",,,OK_TEXT
ChIJrUQ4ZABfkS0RgmtAZXFVVY4,Puncak Bora Palopo,Kota Palopo,Sulawesi Selatan,Kota Palopo,Sulawesi Selatan,,"Murante, Kec. Mungkajang, Kota Palopo, Sulawesi Selatan 91921",,,OK_TEXT
ChIJ7QFm2yBrfjIR5OfOUknVto0,Menara Pandang Bendungan Lolak,Kabupaten Bolaang Mongondow,Sulawesi Utara,Kabupaten Bolaang Mongondow,Sulawesi Utara,,"R33F+JX, Totabuan, Kec. Lolak, Kabupaten Bolaang Mongondow, Sulawesi Utara",,,OK_TEXT
ChIJM7cm0t0hfjIRVWw466FNZhE,Puncak moat,Kabupaten Bolaang Mongondow Timur,Sulawesi Utara,Kabupaten Bolaang Mongondow Timur,Sulawesi Utara,,"PFC3+HGV, Moat, Kec. Modayag, Kabupaten Bolaang Mongondow Timur, Sulawesi Utara",,,OK_TEXT
ChIJr06qKQDVfzIRpat4d15utgk,PULAU LAMPU,Kabupaten Bolaang Mongondow Selatan,Sulawesi Utara,Kabupaten Bolaang Mongondow Selatan,Sulawesi Utara,,"CFXH+46, Posilagon, Kec. Pinolosian Tim., Kabupaten Bolaang Mongondow Selatan, Sulawesi Utara",,,OK_TEXT
ChIJAVH508efizIRpmTNRIHZOnA,Beach The Kalama Big,Kabupaten Kepulauan Sangihe,Sulawesi Utara,Kabupaten Kepulauan Sangihe,Sulawesi Utara,,"HJ2Q+H49, Laotongan, Kec. Tabukan Sel., Kabupaten Kepulauan Sangihe, Sulawesi Utara",,,OK_TEXT
ChIJ2SYvUgfP8jIRWM_dJHvqDAo,Objek Wisata Pantai Mangaramba Beach,Kabupaten Kepulauan Talaud,Sulawesi Utara,Kabupaten Kepulauan Talaud,Sulawesi Utara,,"4RG2+M79, Pulutan Sel., Kec. Pulutan, Kabupaten Kepulauan Talaud, Sulawesi Utara",,,OK_TEXT
ChIJJZpNf9cFjy0RbHKf6xu7YaI,Goa Tu'a Molangke Tombiano,Kabupaten Tojo Una-Una,Sulawesi Tengah,Kabupaten Tojo Una-Una,Sulawesi Tengah,,"H25F+6X2, Tombiano, Kec. Tojo Bar., Kabupaten Tojo Una-Una, Sulawesi Tengah 94681",,,OK_TEXT
ChIJC7-9GPVRjy0RVMu1YHDX3Jk,Air Terjun Pandakes,Kabupaten Tojo Una-Una,Sulawesi Tengah,Kabupaten Tojo Una-Una,Sulawesi Tengah,,"VG73+WJF, Unnamed Road, Paranonge, Kec. Ulubongka, Kabupaten Tojo Una-Una, Sulawesi Tengah 94682",,,OK_TEXT
ChIJxbwArpaXmi0R1okg3wN7MQ4,Pantai Kacili Surabi,Kabupaten Morowali,Sulawesi Tengah,Kabupaten Morowali,Sulawesi Tengah,,"JVC9+MC, Wosu, Kabupaten Morowali, Sulawesi Tengah",,,OK_TEXT
ChIJS-u63MEFkC0RmWEccuilIm8,Wisata Alam Gua Pehabala,Kabupaten Morowali,Sulawesi Tengah,Kabupaten Morowali,Sulawesi Tengah,,"RGCF+G52, Jl. Trans Sulawesi, Solonsa, Kec. Wita Ponda, Kabupaten Morowali, Sulawesi Tengah 94976",,,OK_TEXT
ChIJ2ZZAAm_tmC0RGc9h7PSUW6g,Masjid ldii gunung jati kendari,Kota Kendari,Sulawesi Tenggara,Kota Kendari,Sulawesi Tenggara,,"2HMQ+PQ5, Lorong timur, RT.01/RW.03, Gn. Jati, Kec. Kendari, Kota Kendari, Sulawesi Tenggara 93116",,,OK_TEXT
ChIJ_WrZjlVtpC0RD9CZUFu-5xg,BUKIT BUSEL,Kabupaten Buton,Sulawesi Tenggara,Kabupaten Buton,Sulawesi Tenggara,,"9JXH+P9, Masiri, Batauga, Kabupaten Buton, Sulawesi Tenggara",,,OK_TEXT
ChIJRX4aNr-_lC0RYUWmFwobQfw,Pembuat minyak kelapa mandar,Kabupaten Majene,Sulawesi Barat,Kabupaten Majene,Sulawesi Barat,,"FX7F+2RG, Jl. Pettaroni, Labuang, Kec. Banggae Tim., Kabupaten Majene, Sulawesi Barat 91412",,,OK_TEXT
ChIJR1uHXdTVeDIRqKz40Z1lJKc,Wisata Pantai leato utara,Kota Gorontalo,Gorontalo,Kota Gorontalo,Gorontalo,,"G329+24G, Jl. R. Atje Slamet, Leato Utara, Kec. Dumbo Raya, Kota Gorontalo, Gorontalo 96119",,,OK_TEXT
ChIJYQZHXuAqeTIRYEUqjKcinBk,Serambi Madinah,Kota Gorontalo,Gorontalo,Kota Gorontalo,Gorontalo,,"G3M3+HWQ, Biawu, Kec. Hulonthalangi, Kota Gorontalo, Gorontalo 96133",,,OK_TEXT
ChIJ_zoVA03XeTIRm87MNpNbZ4E,Air terjun Batu Kapal,Kabupaten Pohuwato,Gorontalo,Kabupaten Pohuwato,Gorontalo,,"JM7P+74, Wonggarasi Tim., Kec. Wanggarasi, Kabupaten Pohuwato, Gorontalo 96468",,,OK_TEXT
ChIJI6TSD1F-dzIRQQi1OcYO1J0,BUKIT KEMBAR,Kabupaten Pohuwato,Gorontalo,Kabupaten Pohuwato,Gorontalo,,"HH2R+46X, Lemito Utara, Kec. Lemito, Kabupaten Pohuwato, Gorontalo 96468",,,OK_TEXT
ChIJ061kwP_bvi0RGLwfzDK0-e0,Wisata Alam Tombalan Desa Komara,Kabupaten Takalar,Sulawesi Selatan,Kabupaten Takalar,Sulawesi Selatan,,"JH2C+V3, Ko'mara, Kec. Polombangkeng Utara, Kabupaten Takalar, Sulawesi Selatan 92221",,,OK_GEO
ChIJKU4dbn-RlS0RhO_vvDzVT8I,Air Terjun Nepo,Kabupaten Barru,Sulawesi Selatan,Kabupaten Barru,Sulawesi Selatan,,"RM9R+3F7, Nepo, Kec. Mallusetasi, Kabupaten Barru, Sulawesi Selatan 90753",,,OK_GEO
ChIJWfUnhTrhky0RjKWuWndsQ4E,Wisata Buntu Dengen Kambo,Kota Palopo,Sulawesi Selatan,Kota Palopo,Sulawesi Selatan,,"Kambo, Kec. Mungkajang, Kota Palopo, Sulawesi Selatan 91925",,,OK_GEO
ChIJYymOxBqfhzIRINEsvnfItUk,BUKIT DOA MERAS,Kota Manado,Sulawesi Utara,Kota Manado,Sulawesi Utara,,"HR6J+PJ9, Jl. Raya Meras, Meras, Kec. Bunaken, Kota Manado, Sulawesi Utara",,,OK_GEO
ChIJfXUelhUljTIRzN4ixgM6RGk,Saliran Beach,Kabupaten Kepulauan Talaud,Sulawesi Utara,Kabupaten Kepulauan Talaud,Sulawesi Utara,,"Moronge II, Kec. Moronge, Kabupaten Kepulauan Talaud, Sulawesi Utara",,,OK_TEXT
ChIJd3cx1hK_iy0Ry3tPtHrxsdg,Air Terjun Pangasintoli,Kabupaten Donggala,Sulawesi Tengah,Kabupaten Donggala,Sulawesi Tengah,,"6PQH+9VQ, Lumbudolo, Kec. Banawa Tengah, Kabupaten Donggala, Sulawesi Tengah 94351",,,OK_GEO
ChIJtUTeN9-pmi0R9ZStfz39CMI,Wisata Pantai Bahumbelu,Kabupaten Morowali,Sulawesi Tengah,Kabupaten Morowali,Sulawesi Tengah,,"RM8M+6RV, Umbele, Kec. Bumi Raya, Kabupaten Morowali, Sulawesi Tengah",,,OK_GEO
ChIJNxoiRq2rmC0RcG1l5bMyyo8,Pantai bobolio,Kabupaten Konawe Kepulauan,Sulawesi Tenggara,Kabupaten Konawe Kepulauan,Sulawesi Tenggara,,"Q2W5+J87, Jl. Sawaea, Bobolio, Kec. Wawonii Sel., Konawe Kepulauan, Sulawesi Tenggara 93393",,,OK_GEO
ChIJlSPrAJH1ly0RTcVIVTaB6iA,PUNCAK BAYY,Kabupaten Kolaka,Sulawesi Tenggara,Kabupaten Kolaka,Sulawesi Tenggara,,"WJQF+H84, Unnamed Road, Balandete, Kec. Kolaka, Kabupaten Kolaka, Sulawesi Tenggara 93561",,,OK_GEO
ChIJkY4RNADNoi0Rd3Z2noPC4rk,Destinasi wisata Pemandian alam Telaga biru,Kabupaten Bombana,Sulawesi Tenggara,Kabupaten Bombana,Sulawesi Tenggara,,"7MXQ+F7C, Tete Haka, Kec. Tontonunu, Kabupaten Bombana, Sulawesi Tenggara 93772",,,OK_GEO
ChIJxWwIOGlljS0RaRV2RCnmY3Y,Pantai Ambabe,Kabupaten Mamuju Tengah,Sulawesi Barat,Kabupaten Mamuju Tengah,Sulawesi Barat,,"Babana, Kec. Budong-Budong, Kabupaten Mamuju Tengah, Sulawesi Barat 91563",,,OK_GEO
ChIJjT4Btnujvi0RVCMu5Y-Cc2s,Kolam pattirotiroang,Kabupaten Sinjai,Sulawesi Selatan,Kabupaten Sinjai,Sulawesi Selatan,,"M2J6+5VX, Bonto Tengnga, Kec. Sinjai Borong, Kabupaten Sinjai, Sulawesi Selatan 92662",,,OK_GEO
ChIJD20WLgCfhzIR_Z8MdZJY7k0,Taman Wisata Karangria,Kota Manado,Sulawesi Utara,Kota Manado,Sulawesi Utara,,"GR6V+PMJ, Bitung Karangria, Kec. Tuminting, Kota Manado, Sulawesi Utara",,,OK_GEO
ChIJkSAG2G2tfjIRVREH0sqj-dg,Otalojin (Batu jin),Kabupaten Gorontalo Utara,Gorontalo,Kabupaten Gorontalo Utara,Gorontalo,,"W476+H9F, Kota Jin, Kec. Atinggola, Kabupaten Gorontalo Utara, Gorontalo 96253",,,OK_GEO
ChIJz_qYGhObgy0RMct5llcpMoc,Pemandian Lomboan (Nonulo Bahari),Kabupaten Banggai Kepulauan,Sulawesi Tengah,Kabupaten Banggai Kepulauan,Sulawesi Tengah,,"Lomboan, Gansal, Kec. Tinangkung Sel., Kabupaten Banggai Kepulauan, Sulawesi Tengah 94885",,,OK_TEXT
ChIJHSbcRm0Ioi0RFSsTIaa4P4c,PANTAI BONDU BONDU,Kabupaten Konawe Selatan,Sulawesi Tenggara,Kabupaten Konawe Selatan,Sulawesi Tenggara,,"PVHP+QFG, Tue Tue, Laonti, Kabupaten Konawe Selatan, Sulawesi Tenggara 93892",,,OK_GEO
ChIJOyYuJABXny0RxuzM7e0CUTM,Pantai naina desa waturai,Kabupaten Konawe Kepulauan,Sulawesi Tenggara,Kabupaten Konawe Kepulauan,Sulawesi Tenggara,,"R58P+FR, Waturai, Konawe Kepulauan, Sulawesi Tenggara 93393",,,OK_GEO
ChIJ0d3Yh3O5lC0RO5ldu6JLKWw,Buttu Pamboang,Kabupaten Majene,Sulawesi Barat,Kabupaten Majene,Sulawesi Barat,,"Bababulo, Kec. Pamboang, Kabupaten Majene, Sulawesi Barat",,,OK_TEXT
ChIJmXCp-tBZkC0RG5UR8MDLMyo,Bukit Safari Luwu Timur,Kabupaten Luwu Timur,Sulawesi Selatan,Kabupaten Luwu Timur,Sulawesi Selatan,,"Puncak Indah, Kec. Malili, Kabupaten Luwu Timur, Sulawesi Selatan 92936",,,OK_TEXT
ChIJH_lvXj71iy0Rr5yLjWhwuj4,Wisata Bukit Asam sibedi,Kabupaten Sigi,Sulawesi Tengah,Kabupaten Sigi,Sulawesi Tengah,,"2V72+42W, Sibedi, Kec. Marawola, Kabupaten Sigi, Sulawesi Tengah 94238",,,OK_TEXT
ChIJtV8zgpwwfzIRPE-O-JGnl0w,Pantai Ombuo,Kabupaten Bone Bolango,Gorontalo,Kabupaten Bone Bolango,Gorontalo,,"Nyiur Hijau, Kec. Bulawa, Kabupaten Bone Bolango, Gorontalo",,,OK_GEO
ChIJA1IPx0v9vi0Rw05AtJEHGTg,A.M.R Shop,Kota Makassar,Sulawesi Selatan,Kota Makassar,Sulawesi Selatan,,"Jl. Maccini Raya Blok A 7, Pondok Indah, Makassar, Makassar City, South Sulawesi 90223",,,OK_GEO
ChIJ0ZCOCcizlS0Rrb8PeIvAfFQ,Bulu Lompongan,Kabupaten Pinrang,Sulawesi Selatan,Kabupaten Pinrang,Sulawesi Selatan,,"Alitta, Kec. Mattiro Bulu, Kabupaten Pinrang, Sulawesi Selatan",,,OK_GEO
ChIJo6wQrdnTvi0RQsEPLNNdi3c,Puncak Gunung silanu,Kabupaten Jeneponto,Sulawesi Selatan,Kabupaten Jeneponto,Sulawesi Selatan,,"FH4P+VGQ, Gn. Silanu, Bangkala, Kabupaten Jeneponto, Sulawesi Selatan 92352",,,OK_GEO
ChIJqcTE9ROjfjIR_WWnfdgwC6Y,Nagara Swimming Pool Bolmut,Kabupaten Bolaang Mongondow Utara,Sulawesi Utara,Kabupaten Bolaang Mongondow Utara,Sulawesi Utara,,"Jl. Trans Sulawesi, Mokoditek I, Kec. Bolang Itang Tim., Kabupaten Bolaang Mongondow Utara, Sulawesi Utara",,,OK_GEO
ChIJXfNSrj6XmC0RSKyj97kk-ks,Pantai dewi,Kabupaten Konawe Selatan,Sulawesi Tenggara,Kabupaten Konawe Selatan,Sulawesi Tenggara,,"WM96+3F, Wawatu, Kec. Moramo Utara, Kabupaten Konawe Selatan, Sulawesi Tenggara",,,OK_GEO
ChIJN4GrmnkLkS0RcHC0ZY7MqSg,Pantai Pasir Putih,Kabupaten Luwu Utara,Sulawesi Selatan,Kabupaten Luwu Utara,Sulawesi Selatan,,"7HWF+459, Tamuku, Kec. Bone-Bone, Kabupaten Luwu Utara, Sulawesi Selatan",,,OK_TEXT
ChIJK11SIx1TmC0RO1SBpLmnkv8,Air Terjun Larowiu Meluhu Konawe,Kabupaten Konawe,Sulawesi Tenggara,Kabupaten Konawe,Sulawesi Tenggara,Kabupaten Konawe Utara,"762C+WV2, Jl. Poros Wawotobi - Lasolo, Meluhu, Kec. Meluhu, Kabupaten Konawe, Sulawesi Tenggara 93352",,,TEXT_WIN
ChIJbQsXlMZVuS0R5eYdgcxnjzw,Empang Pariwisata Isma putra,Kabupaten Bulukumba,Sulawesi Selatan,Kabupaten Bulukumba,Sulawesi Selatan,,"C5J3+J89, Unnamed Road, Jalanjang, Kec. Gantarang, Kabupaten Bulukumba, Sulawesi Selatan 92514",,,OK_GEO
ChIJe9U6JxShli0Rso0g5Odl0ZM,Air Terjun Sarambu,Kabupaten Luwu,Sulawesi Selatan,Kabupaten Luwu,Sulawesi Selatan,,"G679+RP6, Kaladi Darussalam, Kec. Suli Bar., Kabupaten Luwu, Sulawesi Selatan 91996",,,OK_TEXT
ChIJU2tKPg5ihzIRQSS7v2QK9Cs,Wisata Pantai Pasir Putih Wawontulap,Kabupaten Minahasa Selatan,Sulawesi Utara,Kabupaten Minahasa Selatan,Sulawesi Utara,,"Pungkol, Kec. Tatapaan, Kabupaten Minahasa Selatan, Sulawesi Utara",,,OK_GEO
ChIJKxQJf4p5gy0Rpf_rQCR_96U,Danau Salendang Popidolon,Kabupaten Banggai Kepulauan,Sulawesi Tengah,Kabupaten Banggai Kepulauan,Sulawesi Tengah,,"C62M+W8W, Popidolon, Kec. Liang, Kabupaten Banggai Kepulauan, Sulawesi Tengah 94883",,,OK_TEXT
ChIJA3JeyMDtmC0Rv8wItAW2pmw,Sepeda air kendari,Kota Kendari,Sulawesi Tenggara,Kota Kendari,Sulawesi Tenggara,,"2GCV+6WR, Kec. Kendari, Kota Kendari, Sulawesi Tenggara",,,OK_GEO
ChIJOwU-5FeFlC0R_8HS106dVOQ,Pantun Ikan Wisata Pemancingan,Kabupaten Polewali Mandar,Sulawesi Barat,Kabupaten Polewali Mandar,Sulawesi Barat,,"H6RV+733, Unnamed Road, Tumpiling, Kec. Wonomulyo, Kabupaten Polewali Mandar, Sulawesi Barat 91352",,,OK_GEO
ChIJ1y0Fz5CViy0RM0F8oE0WoQA,Air terjun Saluntere,Kabupaten Donggala,Sulawesi Tengah,Kabupaten Donggala,Sulawesi Tengah,,"6P3V+V5, Powelua, Kec. Banawa Tengah, Kabupaten Donggala, Sulawesi Tengah 94351",,,OK_GEO
ChIJP98n5nRXvi0RuIl2pgTQrcY,P3A Turikale Soreang Maros,Kabupaten Maros,Sulawesi Selatan,Kabupaten Maros,Sulawesi Selatan,,"Jalan masjid Raya Barandasi No 1, Allepolea, Kec. Lau, Kabupaten Maros, Sulawesi Selatan",,,OK_GEO
ChIJU6pRGrGRlS0Rz55Ykabe898,Wisata Bujung Mattimboe,Kabupaten Barru,Sulawesi Selatan,Kabupaten Barru,Sulawesi Selatan,,"Nepo, Kec. Mallusetasi, Kabupaten Barru, Sulawesi Selatan 90753",,,OK_GEO
ChIJFVZIWawjvi0Rmg5uneCslEU,Wisata Gua Panincong,Kabupaten Barru,Sulawesi Selatan,Kabupaten Barru,Sulawesi Selatan,,"FPP9+46J, Panincong, Libureng, Kec. Tanete Riaja, Kabupaten Barru, Sulawesi Selatan 90762",,,OK_GEO
ChIJwSQJHgAllC0RK9S-hHFb6fI,Sungai Pulau Bongi,Kabupaten Sidenreng Rappang,Sulawesi Selatan,Kabupaten Sidenreng Rappang,Sulawesi Selatan,,"82P7+C77, Tanatoro, Kec. Pitu Riase, Kabupaten Sidenreng Rappang, Sulawesi Selatan 91691",,,OK_GEO
ChIJFekVA9yRli0RTeB4km0svt4,Pantai Desa Babana,Kabupaten Luwu,Sulawesi Selatan,Kabupaten Luwu,Sulawesi Selatan,,"Pantai desa babana, Babang, Kec. Larompong Sel., Kabupaten Luwu, Sulawesi Selatan 91998",,,OK_TEXT
ChIJQ2gGfADJlS0RvMp0rT03kmk,Kolam pemancingan keluarga H. Jafar,Kabupaten Sidenreng Rappang,Sulawesi Selatan,Kabupaten Sidenreng Rappang,Sulawesi Selatan,,"3V63+MF, Empagae, Kec. W T. Sidenreng, Kabupaten Sidenreng Rappang, Sulawesi Selatan 91682",,,OK_GEO
ChIJXTkqhsDvvS0Rdgl4lF8WBzQ,Bubung Cellu,Kabupaten Bone,Sulawesi Selatan,Kabupaten Bone,Sulawesi Selatan,,"Jl. KH. Syamsuddin No.63, Toro, Kec. Tanete Riattang Tim., Kabupaten Bone, Sulawesi Selatan 92716",,,OK_TEXT
ChIJY6SE2J4zui0RvrWlGxrjht8,Pantai Ujung Kelapa,Kabupaten Kepulauan Selayar,Sulawesi Selatan,Kabupaten Kepulauan Selayar,Sulawesi Selatan,,"RC4G+W6Q, Bontoborusu, Kec. Bontoharu, Kab. Kepulauan Selayar, Sulawesi Selatan",,,OK_GEO
ChIJ1Y0nyfPNuy0RKnyMAn50kDc,Hutan Mangrove Gusung,Kabupaten Kepulauan Selayar,Sulawesi Selatan,Kabupaten Kepulauan Selayar,Sulawesi Selatan,,"VCMG+499, Bontolebang, Kec. Bontoharu, Kab. Kepulauan Selayar, Sulawesi Selatan",,,OK_GEO
ChIJR5PLFwBzlC0RtGI2M5QQHew,Bukit penantian,Kabupaten Tana Toraja,Sulawesi Selatan,Kabupaten Tana Toraja,Sulawesi Selatan,,"MP75+W3, Bau Selatan, Kec. Bonggakaradeng, Kabupaten Tana Toraja, Sulawesi Selatan 91873",,,OK_TEXT
ChIJ1eSvL-Prky0R_urdLKMcoGk,GUA KAMBUNO,Kabupaten Tana Toraja,Sulawesi Selatan,Kabupaten Tana Toraja,Sulawesi Selatan,,"XVFH+767, Sarira, Kec. Makale Utara, Kabupaten Tana Toraja, Sulawesi Selatan 91852",,,OK_TEXT
ChIJceVpv7Ppky0RC5lJW_I7JIw,"Tongkonan Banua Sura', Limbong Ba'lele",Kabupaten Toraja Utara,Sulawesi Selatan,Kabupaten Toraja Utara,Sulawesi Selatan,,"2.969724, 119.891231, Mentirotiku, Kec. Rantepao, Kabupaten Toraja Utara, Sulawesi Selatan 91831",,,OK_GEO
ChIJ3aVxdL1rlC0R4TzoD6NeFc8,Buttu Saletta,Kabupaten Enrekang,Sulawesi Selatan,Kabupaten Enrekang,Sulawesi Selatan,,"Buttu Saletta, Tindallun, Kec. Enrekang, Kabupaten Enrekang, Sulawesi Selatan 91711",,,OK_GEO
ChIJx9Si0RQTlC0RFEN5E1gQyTQ,Kebun wisata strobery naylan,Kabupaten Enrekang,Sulawesi Selatan,Kabupaten Enrekang,Sulawesi Selatan,,"HV55+2F, Parinding, Kec. Baraka, Kabupaten Enrekang, Sulawesi Selatan 91753",,,OK_TEXT
ChIJY0HAbgVhkC0R39sktTlPNKc,Gunung Tabor,Kabupaten Luwu Timur,Sulawesi Selatan,Kabupaten Luwu Timur,Sulawesi Selatan,,"C75P+W74, Tabarano, Kec. Wasuponda, Kabupaten Luwu Timur, Sulawesi Selatan 92983",,,OK_GEO
ChIJQcXaKABhkC0RrfHYlw1O_oI,Agrowisata Kebun Nanas Ponda'ta,Kabupaten Luwu Timur,Sulawesi Selatan,Kabupaten Luwu Timur,Sulawesi Selatan,,"C75P+49, Tabarano, Kec. Wasuponda, Kabupaten Luwu Timur, Sulawesi Selatan 92983",,,OK_GEO
ChIJoUBgV9B1hzIRR0HqVOo0mbY,"Pulau Paniki, Desa Kulu Kec. Wori Kota Manado",Kabupaten Minahasa Utara,Sulawesi Utara,Kabupaten Minahasa Utara,Sulawesi Utara,,"MXJ2+C4C, Kulu, Kec. Wanea, Kabupaten Minahasa Utara, Sulawesi Utara",,,OK_GEO
ChIJ4bn4ARE9fjIRFl70Be60d4g,Confident Shop,Kota Kotamobagu,Sulawesi Utara,Kota Kotamobagu,Sulawesi Utara,,"Jl. Teuku Umar, Motoboi Besar, Kec. Kotamobagu Tim., Kota Kotamobagu, Sulawesi Utara",,,OK_GEO
ChIJnXKV9oYVfjIRH5JsKszSb_o,Inuai park,Kabupaten Bolaang Mongondow,Sulawesi Utara,Kabupaten Bolaang Mongondow,Sulawesi Utara,,"R62C+HRR, Inuai, Kec. Passi Bar., Kabupaten Bolaang Mongondow, Sulawesi Utara",,,OK_GEO
ChIJxy5FWw0PhzIRVwp4qognjek,Tumatenden,Kabupaten Minahasa Utara,Sulawesi Utara,Kabupaten Minahasa Utara,Sulawesi Utara,,"CX9G+W5R, Jl. Airmadidi Atas, Rap-Rap, Kec. Airmadidi, Kabupaten Minahasa Utara, Sulawesi Utara",,,OK_GEO
ChIJr0amONdThzIRPqc54uQRiiY,Puncak Rumochoy,Kabupaten Minahasa Tenggara,Sulawesi Utara,Kabupaten Minahasa Tenggara,Sulawesi Utara,,"2MVG+6RQ, Betelan Satu, Kec. Tombatu, Kabupaten Minahasa Tenggara, Sulawesi Utara",,,OK_GEO
ChIJ51wy2LejizIR0_CD0DEoV7s,Gunung Sahendaruman,Kabupaten Kepulauan Sangihe,Sulawesi Utara,Kabupaten Kepulauan Sangihe,Sulawesi Utara,,"Lebo, Kec. Manganitu, Kabupaten Kepulauan Sangihe, Sulawesi Utara",,,OK_TEXT
ChIJUaDIz8afizIRRgPIsM4c6GE,Bira Beach,Kabupaten Kepulauan Sangihe,Sulawesi Utara,Kabupaten Kepulauan Sangihe,Sulawesi Utara,,"HH7Q+J95, Bira, Kabupaten Kepulauan Sangihe, Sulawesi Utara",,,OK_TEXT
ChIJVXqhFr_l8jIRmELa0RXgI_w,Kuma Beach,Kabupaten Kepulauan Talaud,Sulawesi Utara,Kabupaten Kepulauan Talaud,Sulawesi Utara,,"CPF4+696, Kuma, Kec. Essang Sel., Kabupaten Kepulauan Talaud, Sulawesi Utara",,,OK_TEXT
ChIJC1IkKW8Vjy0RZgYzJIWGoKc,Air Terjun Uedele,Kabupaten Tojo Una-Una,Sulawesi Tengah,Kabupaten Tojo Una-Una,Sulawesi Tengah,,"J6Q9+7HX, Uedele, Kec. Tojo, Kabupaten Tojo Una-Una, Sulawesi Tengah 94681",,,OK_GEO
ChIJITOxdQAzhC0RJ4QcZtLbj2w,Air Terjun Pesak,Kabupaten Banggai,Sulawesi Tengah,Kabupaten Banggai,Sulawesi Tengah,,"R9RF+Q6X, Ondo Ondolu, Kec. Batui, Kabupaten Banggai, Sulawesi Tengah 94761",,,OK_TEXT
ChIJ_U39PwCjhi0RM7unpcSAqPs,Speed Paisupok - Azzahra Tour & Travel,Kabupaten Luwu,Sulawesi Selatan,Kabupaten Banggai,Sulawesi Tengah,,"2QWR+VFG, Luwuk, Kabupaten Banggai, Sulawesi Tengah",,,OK_TEXT
ChIJZR67gTAfhC0REU2gs7XheFA,Pantai Bandara,Kabupaten Banggai,Sulawesi Tengah,Kabupaten Banggai,Sulawesi Tengah,,"Jl. Dr. Moh. Hatta No.2-4, Bubung, Kabupaten Banggai, Sulawesi Tengah",,,OK_TEXT
ChIJl5T3LaMRgy0RCLoEj2gAYws,Pantai Melambai,Kabupaten Banggai,Sulawesi Tengah,Kabupaten Banggai Laut,Sulawesi Tengah,,"7JW3+69, Matanga, Kab. Banggai Laut, Sulawesi Tengah",,,OK_GEO
ChIJ6W41CdiNmC0RueluhStOSyg,Makam Raja Sao Sao,Kota Kendari,Sulawesi Tenggara,Kota Kendari,Sulawesi Tenggara,,"XFCX+JX8, Jl. Poros Bandara Haluoleo, Lepo-Lepo, Kec. Baruga, Kota Kendari, Sulawesi Tenggara 93116",,,OK_GEO
ChIJz8NlNqixmS0RQVKlqXyASv8,Air Terjun Wawondiku,Kabupaten Konawe Utara,Sulawesi Tenggara,Kabupaten Konawe Utara,Sulawesi Tenggara,,"945Q+PXR, Bandaeha, Kec. Molawe, Kabupaten Konawe Utara, Sulawesi Tenggara 93572",,,OK_GEO
ChIJz8h-UQD1mC0RRKSIAoqFVpM,WISATA HUTAN PINUS BAINI (HPB),Kabupaten Konawe,Sulawesi Tenggara,Kabupaten Konawe,Sulawesi Tenggara,,"29GH+5VQ, Baini, Kec. Sampara, Kabupaten Konawe, Sulawesi Tenggara 93354",,,OK_GEO
ChIJNUENWACjmC0RfsV3UVzU2pE,Tambolosu Waterfall,Kabupaten Konawe Selatan,Sulawesi Tenggara,Kabupaten Konawe Selatan,Sulawesi Tenggara,,"RQPR+RJ, Tambolosu, Laonti, Kabupaten Konawe Selatan, Sulawesi Tenggara 93892",,,OK_GEO
ChIJ2cdaX57Joy0Rqz67P_1hhA4,Danau Meleura,Kabupaten Muna,Sulawesi Tenggara,Kabupaten Muna,Sulawesi Tenggara,,"3QC3+JGR, Lakarinta, Kec. Lohia, Kabupaten Muna, Sulawesi Tenggara 93658",,,OK_GEO
ChIJceVMzlNtpC0RwfRrw2wlsoE,Gunung Ombo 1200 MDPL,Kabupaten Buton,Sulawesi Tenggara,Kabupaten Buton,Sulawesi Tenggara,Kabupaten Buton Selatan,"9MCM+WQM, waopini kec.sampolawa, Jaya Bakti, Batauga, Kabupaten Buton, Sulawesi Tenggara 93753",,,TEXT_WIN
ChIJA3lYIwCHlC0Rxn4XYBhVuow,Wisata alam lembah kunyi,Kabupaten Polewali Mandar,Sulawesi Barat,Kabupaten Polewali Mandar,Sulawesi Barat,,"J9PJ+5J, Kunyi, Kec. Anreapi, Kabupaten Polewali Mandar, Sulawesi Barat 91315",,,OK_GEO
ChIJYcokaDeDky0Rokv0DaQPl4k,"Wisata Alam Nosu, Mamasa Regency, West Sulawesi",Kabupaten Mamasa,Sulawesi Barat,Kabupaten Mamasa,Sulawesi Barat,,"Nosu, Kec. Nosu, Kabupaten Mamasa, Sulawesi Barat 91363",,,OK_GEO
ChIJ4dlfFwDXeDIR-R26pRCY8nU,Desa Cahaya Biluhu Timur,Kabupaten Gorontalo,Gorontalo,Kabupaten Gorontalo,Gorontalo,,"FXV7+P95, Biluhu Tim., Kec. Batudaa Pantai, Kabupaten Gorontalo, Gorontalo 96272",,,OK_GEO
ChIJTRrhcADnvi0R2mTPs84EM8g,Sunset Bollangi,Kota Makassar,Sulawesi Selatan,Kabupaten Gowa,Sulawesi Selatan,,"QH94+G89, Timbuseng, Kec. Pattallassang, Kabupaten Gowa, Sulawesi Selatan 92175",,,OK_GEO
ChIJhXz5PwpMvi0Roc_GEz8QD04,Pantai Pelelangan Ikan Maccini Baji,Kabupaten Pangkajene Dan Kepulauan,Sulawesi Selatan,Kabupaten Pangkajene Dan Kepulauan,Sulawesi Selatan,,"6FGR+WRC Lelong Ikan, Kabupaten Pangkajene Dan Kepulauan, Sulawesi Selatan 90651",,,OK_GEO
ChIJBTC7wGHvlS0RKWnBphyyIQU,Rumah simpang tiga Petta worongnge,Kabupaten Wajo,Sulawesi Selatan,Kabupaten Wajo,Sulawesi Selatan,,"RX54+3MR, Worongnge, Sabbang Paru, Kabupaten Wajo, Sulawesi Selatan 90961",,,OK_TEXT
ChIJ5123Yv6wvi0RM_qKc42EgfU,Moncong Loka,Kabupaten Bantaeng,Sulawesi Selatan,Kabupaten Bantaeng,Sulawesi Selatan,,"Bonto Tangnga, Kec. Uluere, Kabupaten Bantaeng, Sulawesi Selatan",,,OK_GEO
ChIJ5QcjVsGvvi0RFc0raGr4xD0,Hutan Campaga,Kabupaten Bantaeng,Sulawesi Selatan,Kabupaten Bantaeng,Sulawesi Selatan,,"G2QG+C7M, Campaga, Kec. Tompobulu, Kabupaten Bantaeng, Sulawesi Selatan 92461",,,OK_GEO
ChIJb9im8IIjvC0RAZBYzyMeYEc,Bukit Arung Bua,Kabupaten Sinjai,Sulawesi Selatan,Kabupaten Sinjai,Sulawesi Selatan,,"Q8C6+C3H, Bua, Kec. Tellu Limpoe, Kabupaten Sinjai, Sulawesi Selatan",,,OK_GEO
ChIJ00NSnNK5uy0R3vpBSqQrsmM,Balara Beach,Kabupaten Kepulauan Selayar,Sulawesi Selatan,Kabupaten Kepulauan Selayar,Sulawesi Selatan,,"3G9Q+H7H, Desa, Balang Butung, Kec. Buki, Kab. Kepulauan Selayar, Sulawesi Selatan",,,OK_GEO
ChIJw8MGp9kVlC0REU1Nq9B-FHE,Enrekang Mountain Viewpoint,Kabupaten Enrekang,Sulawesi Selatan,Kabupaten Enrekang,Sulawesi Selatan,,"GQ9V+HQF, Jl. Poros Enrekang-Makale, Bamba Puang, Kec. Anggeraja, Kabupaten Enrekang, Sulawesi Selatan 91752",,,OK_GEO
ChIJmx1U52VjkC0RxF1GQ5EHoLU,Pegunungan Verbeek,Kabupaten Luwu Timur,Sulawesi Selatan,Kabupaten Luwu Timur,Sulawesi Selatan,,"Sorowako, Kec. Nuha, Kabupaten Luwu Timur, Sulawesi Selatan",,,OK_TEXT
ChIJe67IhnN1hzIRBjzpNFiIVpI,Paket Wisata Manado- Manggis Travel,Kota Manado,Sulawesi Utara,Kota Manado,Sulawesi Utara,,"Kasawasan Megamas, Kota Manado, Sulawesi Utara 95111",,,OK_GEO
ChIJz1sThlYChzIRysDiXh-QKwY,Teluk Walenekoko,Kota Bitung,Sulawesi Utara,Kota Bitung,Sulawesi Utara,,"C53G+JQQ, Pasirpanjang, Lembeh Sel., Kota Bitung, Sulawesi Utara",,,OK_GEO
ChIJb5jLQ3FZhzIR5kerTB7B47k,Boulevart amurang,Kabupaten Minahasa Selatan,Sulawesi Utara,Kabupaten Minahasa Selatan,Sulawesi Utara,,"Jl. Pasar No.15, Ranoyapo, Kec. Amurang, Kabupaten Minahasa Selatan, Sulawesi Utara",,,OK_GEO
ChIJA3gb0_3jfTIRH3xS7J7Br9k,Pante Kalou,Kabupaten Minahasa Selatan,Sulawesi Utara,Kabupaten Minahasa Selatan,Sulawesi Utara,,"Aergale, Kec. Sinonsayang, Kabupaten Minahasa Selatan, Sulawesi Utara",,,OK_GEO
ChIJjQPieJ6jgDIROhuphKCiDwA,Hutan Mangrove,Kabupaten Bolaang Mongondow Timur,Sulawesi Utara,Kabupaten Bolaang Mongondow Timur,Sulawesi Utara,,"QJWQ+CJW, Paret, Kotabunan, Kabupaten Bolaang Mongondow Timur, Sulawesi Utara",,,OK_GEO
ChIJp-csyGELizIRjEUFpkQ_3ow,Gereja Bukit Zaitun Tola,Kabupaten Kepulauan Sangihe,Sulawesi Utara,Kabupaten Kepulauan Sangihe,Sulawesi Utara,,"JGWR+P7R, Tola, Kec. Tabukan Utara, Kabupaten Kepulauan Sangihe, Sulawesi Utara",,,OK_TEXT
ChIJu9dFA1jwjy0RGlyJj4cls6Y,Pantai Nanaka,Kabupaten Morowali,Sulawesi Tengah,Kabupaten Morowali,Sulawesi Tengah,,"3F8P+WJR Pantai Nanaka, Kec. Bungku Utara, Kabupaten Morowali, Sulawesi Tengah",,,OK_TEXT
ChIJRcMsNXq5hi0Rgcr7_acCqj0,Bukit Ceria Toipan,Kabupaten Banggai,Sulawesi Tengah,Kabupaten Banggai,Sulawesi Tengah,,"Bukit Ceria, Toipan, Pagimana, Kabupaten Banggai, Sulawesi Tengah 94752",,,OK_TEXT
ChIJgbggoVGhhi0R5WXHzHbzOW8,Pondok Budaya Ayus Piala,Kabupaten Luwu,Sulawesi Selatan,Kabupaten Banggai,Sulawesi Tengah,,"Jln.Plamboyan No.17,Kel, Hanga-Hanga, Kec. Luwuk Selatan, Kabupaten Banggai, Sulawesi Tengah 94717",,,OK_TEXT
ChIJWTJO_vPrgy0RqD3qAWYEyzs,AIR TERJUN TETENU,Kabupaten Banggai Kepulauan,Sulawesi Tengah,Kabupaten Banggai Kepulauan,Sulawesi Tengah,,"Lalong, Salakan, Kabupaten Banggai Kepulauan, Sulawesi Tengah 94885",,,OK_TEXT
ChIJQXhIQQDxmC0RdO2EZoE_b9Y,Pantai Batugong,Kabupaten Konawe,Sulawesi Tenggara,Kabupaten Konawe,Sulawesi Tenggara,,"4GH5+Q2, Tombawatu, Kec. Kapoiala, Kabupaten Konawe, Sulawesi Tenggara 93354",,,OK_GEO
ChIJE7XbSecRoi0RtBgMobRIWJI,Pantai Tanjung Tawatawaro,Kabupaten Konawe Selatan,Sulawesi Tenggara,Kabupaten Konawe Selatan,Sulawesi Tenggara,,"HVJG+X3, Langgapulu, Kec. Kolono, Kabupaten Konawe Selatan, Sulawesi Tenggara",,,OK_GEO
ChIJ37CRcm2vmC0RhYxWsH_oieY,"Wungkolo, Sulawesi Tenggara-Indonesia",Kabupaten Konawe Kepulauan,Sulawesi Tenggara,Kabupaten Konawe Kepulauan,Sulawesi Tenggara,,"VX3M+95W, Unnamed Road, Wungkolo, Kec. Wawonii Sel., Konawe Kepulauan, Sulawesi Tenggara 93393",,,OK_GEO
ChIJd1N0KMh_jS0RMBV0tBr_AU4,PUNCAK SATIRA,Kabupaten Mamuju Tengah,Sulawesi Barat,Kabupaten Mamuju Tengah,Sulawesi Barat,,"W95H+3J5, Unnamed Road, Palongaan, Kec. Tobadak, Kabupaten Mamuju Tengah, Sulawesi Barat 91563",,,OK_GEO
ChIJB_eSlP1jky0R7zaH3c9iRBY,Bukit Garuda Negeri Diatas Awan BULO,Kabupaten Polewali Mandar,Sulawesi Barat,Kabupaten Polewali Mandar,Sulawesi Barat,,"Q5H7+XXH, Bulo, Kec. Bulo, Kabupaten Polewali Mandar, Sulawesi Barat 91353",,,OK_GEO
ChIJt9zjRQCHlC0R2K0NWtVfxZM,"Wisata Alam Alla, Alla",Kabupaten Polewali Mandar,Sulawesi Barat,Kabupaten Polewali Mandar,Sulawesi Barat,,"J9HF+XMW, Kunyi, Kec. Anreapi, Kabupaten Polewali Mandar, Sulawesi Barat 91315",,,OK_GEO
ChIJN4tlRGHXeDIRCyZPVmN2e_8,Air Terjun Bongoda'a,Kabupaten Gorontalo,Gorontalo,Kabupaten Gorontalo,Gorontalo,,"GX27+CC2, Biluhu Tim., Kec. Batudaa Pantai, Kabupaten Gorontalo, Gorontalo 96272",,,OK_GEO
ChIJKdUz0frfeDIRckfciVdDZW4,"Wisata Maleu, DesaLobuto, Kec. Biluhu",Kabupaten Gorontalo,Gorontalo,Kabupaten Gorontalo,Gorontalo,,"FQPC+4J, Lobuto, Kec. Biluhu, Kabupaten Gorontalo, Gorontalo 96272",,,OK_GEO
ChIJF2PSMQDTfjIR983rblElui8,Bukit Pinus (bupin),Kabupaten Bone Bolango,Gorontalo,Kabupaten Bone Bolango,Gorontalo,,"H4FX+36R, Butu, Kec. Tilongkabila, Kabupaten Bone Bolango, Gorontalo 96122",,,OK_GEO
ChIJKfjRagALeTIRyE1BEitdI18,Kolam renang vila desa,Kabupaten Boalemo,Gorontalo,Kabupaten Boalemo,Gorontalo,,"Suka Mulia, Kec. Wonosari, Kabupaten Boalemo, Gorontalo 96263",,,OK_GEO
ChIJQVFDLgAdvy0RhDI9sAQIOOM,Pantai Tengah Barombong,Kota Makassar,Sulawesi Selatan,Kota Makassar,Sulawesi Selatan,,"R93J+W2, Barombong, Kec. Tamalate, Kota Makassar, Sulawesi Selatan",,,OK_GEO
ChIJxcazNQTdlS0RI0wF5Ip1tpI,Bulu Cepo,Kabupaten Wajo,Sulawesi Selatan,Kabupaten Wajo,Sulawesi Selatan,,"W26R+2H, Ujung Baru, Kec. Tana Sitolo, Kabupaten Wajo, Sulawesi Selatan 90951",,,OK_GEO
ChIJlzLoOgCPli0RDP8Kqs1H1LU,Kawasan Wisata Bangsalae,Kabupaten Wajo,Sulawesi Selatan,Kabupaten Wajo,Sulawesi Selatan,,"8CCH+2C5, Jalan Bangsalae, Siwa, Kabupaten Wajo, Sulawesi Selatan",,,OK_GEO
ChIJdcPK49jzuy0R1y7eh-TnRwg,Pantai pasir putih Malboro,Kabupaten Bulukumba,Sulawesi Selatan,Kabupaten Bulukumba,Sulawesi Selatan,,"9FQ3+H5G, Bira, Kec. Bonto Bahari, Kabupaten Bulukumba, Sulawesi Selatan 92571",,,OK_GEO
ChIJeRj-c--pvi0RAqxGhqy7s5w,Wisata Permandian Desa Pattallassang,Kabupaten Bantaeng,Sulawesi Selatan,Kabupaten Bantaeng,Sulawesi Selatan,,"G3J9+Q6, Pattalassang, Kec. Tompobulu, Kabupaten Bantaeng, Sulawesi Selatan 92561",,,OK_GEO
ChIJ18aT75Czvi0REw12NDUpgNs,Bantaeng,Kabupaten Bantaeng,Sulawesi Selatan,Kabupaten Bantaeng,Sulawesi Selatan,,"FX25+HPM, Mallilingi, Kec. Bantaeng, Kabupaten Bantaeng, Sulawesi Selatan 92411",,,OK_GEO
ChIJSy1HNrUzuS0RFgbvbtr6LFU,Kompleks Makam Raja Raja Binamu,Kabupaten Jeneponto,Sulawesi Selatan,Kabupaten Jeneponto,Sulawesi Selatan,,"CM2Q+897, Unnamed Road, Bontoramba, Kec. Bontoramba, Kabupaten Jeneponto, Sulawesi Selatan 92351",,,OK_GEO
ChIJ-7FpRzyRkS0RPmxC07uKYdQ,Desa Sepakat,Kabupaten Luwu Utara,Sulawesi Selatan,Kabupaten Luwu Utara,Sulawesi Selatan,,"G94F+86F, Mappedeceng, Kec. Mappedeceng, Kabupaten Luwu Utara, Sulawesi Selatan 92917",,,OK_GEO
ChIJtwn02_0VhzIRKOG_24L8pWU,"Rumah Brando Di Film ""Senjakala di Manado""",Kabupaten Minahasa,Sulawesi Utara,Kabupaten Minahasa,Sulawesi Utara,,"7WH2+5MW, Jl. Langowan - Tondano, Masarang, Kec. Tondano Bar., Kabupaten Minahasa, Sulawesi Utara",,,OK_TEXT
ChIJxahOEDUPhzIRxUaHEA01ltw,Bukit Jalan Tol Tumaluntung,Kabupaten Minahasa Utara,Sulawesi Utara,Kabupaten Minahasa Utara,Sulawesi Utara,,"CX5P+HG, Airmadidi Bawah, Kec. Airmadidi, Kabupaten Minahasa Utara, Sulawesi Utara",,,OK_GEO
ChIJ_____ya7fjIRq2ZVr9sTivQ,Puncak Pilos,Kabupaten Bolaang Mongondow Utara,Sulawesi Utara,Kabupaten Bolaang Mongondow Utara,Sulawesi Utara,,"V8QC+QWG, Sonuo, Kec. Bolang Itang Bar., Kabupaten Bolaang Mongondow Utara, Sulawesi Utara",,,OK_GEO
ChIJU8ZpBUR3pC0RZtcVKNpZK7Y,Pantai Batuajara,Kota Baubau,Sulawesi Tenggara,Kota Baubau,Sulawesi Tenggara,Kabupaten Bone,"Jl. Hayam Wuruk No.224, Bone-Bone, Batupoara, Kota Bau-Bau, Sulawesi Tenggara 93712",,,GEO_WIN
ChIJD6IRpU9RvS0RGAGPfrPWnn8,Pantai Tondowolio,Kabupaten Kolaka,Sulawesi Tenggara,Kabupaten Kolaka,Sulawesi Tenggara,,"HGRC+WJ4, Tondowolio, Tanggetada, Kabupaten Kolaka, Sulawesi Tenggara 93563",,,OK_GEO
ChIJ13mj9L7Rpi0Rf8CaB09IkT4,Ekowisata Taduno,Kabupaten Wakatobi,Sulawesi Tenggara,Kabupaten Wakatobi,Sulawesi Tenggara,,"Sombano, Kabupaten Wakatobi, Sulawesi Tenggara 93792",,,OK_GEO
ChIJRwDVOs4fvy0RXNyYWEx2HLE,Kolam Renang Tepi Sawah,Kabupaten Takalar,Sulawesi Selatan,Kabupaten Takalar,Sulawesi Selatan,,"DUSUN CAMPAGAYA TIMUR, Tamasaju, Kec. Galesong Utara, Kabupaten Takalar, Sulawesi Selatan 90225",,,OK_GEO
ChIJvwMhKVuLky0RzDALPKiLHjQ,Buntu Sisong,Kabupaten Tana Toraja,Sulawesi Selatan,Kabupaten Tana Toraja,Sulawesi Selatan,,"Pateke, Kec. Makale Sel., Kabupaten Tana Toraja, Sulawesi Selatan",,,OK_TEXT
ChIJ9dN-CXbvky0Rg0EUgOyOyS4,Bukit Jokowi,Kabupaten Tana Toraja,Sulawesi Selatan,Kabupaten Tana Toraja,Sulawesi Selatan,,"WVGQ+38X, Turunan, Kec. Sangalla, Kabupaten Tana Toraja, Sulawesi Selatan 91817",,,OK_TEXT
ChIJ8ba27L3Zky0RSXmbXIFJpzQ,Permandian Alam Makawa,Kabupaten Luwu,Sulawesi Selatan,Kabupaten Luwu,Sulawesi Selatan,,"54G7+V3W, Bosso, Kec. Walenrang Utara, Kabupaten Luwu, Sulawesi Selatan 91952",,,OK_GEO
ChIJVVVVFQ2igDIR-l6-BU6VkME,Hutan Kota Tutuyan,Kabupaten Bolaang Mongondow Timur,Sulawesi Utara,Kabupaten Bolaang Mongondow Timur,Sulawesi Utara,,"QJ95+CCC, Tutuyan II, Kec. Tutuyan, Kabupaten Bolaang Mongondow Timur, Sulawesi Utara",,,OK_GEO
ChIJfbqSEG7F8jIRHPtnbczL7G8,Air Terjun Ampa Doap,Kabupaten Kepulauan Talaud,Sulawesi Utara,Kabupaten Kepulauan Talaud,Sulawesi Utara,,"6RW7+WP2, Bengel, Kec. Beo, Kabupaten Kepulauan Talaud, Sulawesi Utara",,,OK_TEXT
ChIJCaNB8qt7djIRT5pwHJ358N8,Pantai PELANGI,Kabupaten Parigi Moutong,Sulawesi Tengah,Kabupaten Parigi Moutong,Sulawesi Tengah,,"Tinombo, Kec. Tinombo, Kabupaten Parigi Moutong, Sulawesi Tengah 94476",,,OK_GEO
ChIJR6pu0C6Tgy0R_4-84jseZ18,Benteng Bebengketan,Kabupaten Banggai Kepulauan,Sulawesi Tengah,Kabupaten Banggai Kepulauan,Sulawesi Tengah,,"M7FW+X7M, Salakan, Tinangkung, Kabupaten Banggai Kepulauan, Sulawesi Tengah 94885",,,OK_TEXT
ChIJPavxeQApcTIRgy52cuWVr_Y,River Tubing Desa Wisata Malangga,Kabupaten Tolitoli,Sulawesi Tengah,Kabupaten Tolitoli,Sulawesi Tengah,,"4V77+WH, Malangga, Kabupate, Kabupaten Toli-Toli, Sulawesi Tengah 94561",,,OK_GEO
ChIJbRwho24fmC0R41HgmYVxb0w,Pirsah,Kabupaten Kolaka,Sulawesi Tenggara,Kabupaten Kolaka,Sulawesi Tenggara,,"WJ2W+VM, 19 Nopember, Kec. Wundulako, Kabupaten Kolaka, Sulawesi Tenggara 93561",,,OK_GEO
ChIJNXf9ieI1oi0RJzEpZFKZz7Y,Bat-Bat Kota Raha,Kabupaten Muna Barat,Sulawesi Tenggara,Kabupaten Muna,Sulawesi Tenggara,,"5PVV+CJ, Laiworu, Kabupaten Muna, Sulawesi Tenggara",,,OK_GEO
ChIJM8D5ae4lvi0RTGpMmFK17bo,Bukit Paralayang Maddo,Kabupaten Barru,Sulawesi Selatan,Kabupaten Barru,Sulawesi Selatan,,"Tellumpanua, Kec. Tanete Rilau, Kabupaten Barru, Sulawesi Selatan 90761",,,OK_GEO
ChIJY2yTnszxlS0R5IkVm-EfbTM,Wisata Alam Labempa,Kabupaten Soppeng,Sulawesi Selatan,Kabupaten Soppeng,Sulawesi Selatan,Kabupaten Wajo,"QW3R+C4H, Jl. Labempa, Dusun Maniangpatu, Lompulle, Kec. Ganra, Kabupaten Soppeng, Sulawesi Selatan 90961",,,TEXT_WIN
ChIJwf1QyN1Jui0RQuGVBApOB8Y,Air Terjun Jammeng,Kabupaten Kepulauan Selayar,Sulawesi Selatan,Kabupaten Kepulauan Selayar,Sulawesi Selatan,,"PGQJ+3JJ, Laiyolo Baru, Bontosikuyu, Kab. Kepulauan Selayar, Sulawesi Selatan",,,OK_GEO
ChIJzyUYPQuLky0Rtvz2nf0u9DM,Bukit Teletubies Tappion Buakayu,Kabupaten Tana Toraja,Sulawesi Selatan,Kabupaten Tana Toraja,Sulawesi Selatan,,"RP8J+7MR, Buakayu, Kec. Bonggakaradeng, Kabupaten Tana Toraja, Sulawesi Selatan 91872",,,OK_TEXT
ChIJ-y8aISGnkS0Rx-hdlUqOUTA,Dermaga Burau Pantai,Kabupaten Luwu Timur,Sulawesi Selatan,Kabupaten Luwu Timur,Sulawesi Selatan,,"9M4P+JQ9, Burau Pantai, Kec. Burau, Kabupaten Luwu Timur, Sulawesi Selatan",,,OK_GEO
ChIJLXjhov5hkC0RTTmc7dXLDpM,Permandian Alam Silika Garden,Kabupaten Luwu Timur,Sulawesi Selatan,Kabupaten Luwu Timur,Sulawesi Selatan,,"987W+6MP, Jl. Ahmad Yani, Lioka, Kec. Towuti, Kabupaten Luwu Timur, Sulawesi Selatan 92982",,,OK_GEO
ChIJdWcPSWUdjy0RLYw2_SzlJ0Q,Pantai Wisata Karang Lestari,Kabupaten Tojo Una-Una,Sulawesi Tengah,Kabupaten Tojo Una-Una,Sulawesi Tengah,,"HVPX+8PQ, Unnamed Road, Malei Tojo, Kec. Tojo Bar., Kabupaten Tojo Una-Una, Sulawesi Tengah 94681",,,OK_GEO
ChIJHQUNoJyXmi0RXa1NeLK48IM,Bukit ilham Wosu,Kabupaten Morowali,Sulawesi Tengah,Kabupaten Morowali,Sulawesi Tengah,,"Wosu, Kec. Bungku Bar., Kabupaten Morowali, Sulawesi Tengah 94976",,,OK_GEO
ChIJy3WZNAChhi0Rig54zibwqOg,Air Terjun Hanga-Hanga,Kabupaten Banggai,Sulawesi Tengah,Kabupaten Banggai,Sulawesi Tengah,,"2QRF+J4W, Hanga-Hanga, Luwuk, Kabupaten Banggai, Sulawesi Tengah 94713",,,OK_TEXT
ChIJKelOXSahhi0RRlYoGRU4nUg,Danau Dowiwi,Kabupaten Banggai,Sulawesi Tengah,Kabupaten Banggai,Sulawesi Tengah,,"XPJC+MH9, Koyoan, Luwuk, Kabupaten Banggai, Sulawesi Tengah 94716",,,OK_TEXT
ChIJkbSuzPO7hi0R6N7f6zAqm3o,Wisata Permandian SINTOMU,Kabupaten Banggai,Sulawesi Tengah,Kabupaten Banggai,Sulawesi Tengah,,"5V6F+4GQ, Salodik, Luwuk, Kabupaten Banggai, Sulawesi Tengah 94716",,,OK_TEXT
ChIJy3HT40krnS0RJkkZgt-G-Bw,Pantai Pasir Panjang Mbuang-Mbuang,Kabupaten Banggai Kepulauan,Sulawesi Tengah,Kabupaten Banggai Kepulauan,Sulawesi Tengah,Kabupaten Banggai Laut,"WVJ3+G95, Mbuang-Mbuang, Kec. Bokan Kepulauan, Kabupaten Banggai Kepulauan, Sulawesi Tengah",,,TEXT_WIN
ChIJiVexh8nqgy0RmVXAHp_ftRQ,Paisu Matano Tatakalai,Kabupaten Banggai Kepulauan,Sulawesi Tengah,Kabupaten Banggai Kepulauan,Sulawesi Tengah,,"Tatakalai, Kec. Tinangkung Utara, Kabupaten Banggai Kepulauan, Sulawesi Tengah 94885",,,OK_TEXT
ChIJj3HOafe5cDIRRl8D_--Fg4Q,Batu Susun,Kabupaten Buol,Sulawesi Tengah,Kabupaten Buol,Sulawesi Tengah,,"67J7+QM, Lakea II, Kec. Lakea, Kabupaten Buol, Sulawesi Tengah 94563",,,OK_TEXT
ChIJodRf7ZwVpC0ROnpwqliZHsk,Wisata Manggrove,Kabupaten Buton Selatan,Sulawesi Tenggara,Kabupaten Buton,Sulawesi Tenggara,Kabupaten Buton Selatan,"9P3W+X4H, Makmur, Kec. Lapandewa, Kabupaten Buton, Sulawesi Tenggara",,,TEXT_WIN
ChIJETWiHwC7lS0RvAklrQQI_9Y,Wisata kolamku perumahan Ruby zamzam,Kota Parepare,Sulawesi Selatan,Kota Parepare,Sulawesi Selatan,,"XMQ6+QJQ Wisata kolamku Di BTN, Ruby zamzam, Lompoe, Kec. Bacukiki, Kota Parepare, Sulawesi Selatan 91125",,,OK_GEO
ChIJq6qqqhrUlS0R3dT2VAe-Z-g,Permandian Kalola,Kabupaten Wajo,Sulawesi Selatan,Kabupaten Wajo,Sulawesi Selatan,,"439J+H7P, Sogi, Kec. Maniang Pajo, Kabupaten Wajo, Sulawesi Selatan 90952",,,OK_GEO
ChIJSeVXDvNqlC0Rm-G8ccShqVw,Bukit Saletta,Kabupaten Enrekang,Sulawesi Selatan,Kabupaten Enrekang,Sulawesi Selatan,,"GQ58+889 Saletta, Tindallun, Kec. Anggeraja, Kabupaten Enrekang, Sulawesi Selatan 91711",,,OK_TEXT
ChIJ26HqXoVDhzIRNM4euv4s5Ls,Air Terjun Desa WiauLapi,Kabupaten Minahasa Selatan,Sulawesi Utara,Kabupaten Minahasa Selatan,Sulawesi Utara,,"6PVW+QF, Wiau Lapi, Kec. Tareran, Kabupaten Minahasa Selatan, Sulawesi Utara",,,OK_GEO
ChIJfRfIXKLniy0RuyR-z88NdLM,Air Terjun Bale,Kabupaten Donggala,Sulawesi Tengah,Kabupaten Donggala,Sulawesi Tengah,,"6X3G+HQ, Bale, Kec. Tanantovea, Kabupaten Donggala, Sulawesi Tengah 94352",,,OK_GEO
ChIJG9E9tRwhjC0RxAcU-hJGHYE,Situs Cagar Budaya Makam Maradindo,Kabupaten Sigi,Sulawesi Tengah,Kabupaten Sigi,Sulawesi Tengah,,"M338+7W5, Langko, Kec. Lindu, Kabupaten Sigi, Sulawesi Tengah 94363",,,OK_TEXT
ChIJY6UYhtFbiS0RVaqTnpI7qMw,Pantai Masi,Kabupaten Parigi Moutong,Sulawesi Tengah,Kabupaten Parigi Moutong,Sulawesi Tengah,,"37QF+HR6, Unnamed Road, Nambaru, Kec. Parigi Sel., Kabupaten Parigi Moutong, Sulawesi Tengah 94471",,,OK_GEO
ChIJNTV3lVINjy0R0Ez0Amtf6as,Air terjun MARONDO (Waterfall),Kabupaten Tojo Una-Una,Sulawesi Tengah,Kabupaten Tojo Una-Una,Sulawesi Tengah,,"G54X+FJ, Kalmeba II, Kec. Tojo, Kabupaten Tojo Una-Una, Sulawesi Tengah 94681",,,OK_GEO
ChIJg-kFTvGthi0RQfvyxSHkBKg,Wisata Bahari Karamba Tarantula Uwedikan,Kabupaten Banggai,Sulawesi Tengah,Kabupaten Banggai,Sulawesi Tengah,,"Unnamed Road, Uwedikan, Luwuk Tim., Kabupaten Banggai, Sulawesi Tengah 94723",,,OK_TEXT
ChIJSWKITQCHlC0RUUFg9g13dBA,Wisata karo-karo,Kabupaten Polewali Mandar,Sulawesi Barat,Kabupaten Polewali Mandar,Sulawesi Barat,,"H9X4+HGW, Sulewatang, Kec. Binuang, Kabupaten Polewali Mandar, Sulawesi Barat 91315",,,OK_GEO
ChIJc74mCACxeTIRwMFfFBaWYWU,Wisata Alam sungai Karya Bone,Kabupaten Pohuwato,Gorontalo,Kabupaten Pohuwato,Gorontalo,,"H4G2+QH, Karya Baru, Kec. Dengilo, Kabupaten Pohuwato, Gorontalo 96265",,,OK_GEO
ChIJWx12mkE4hzIRluyLMmGh6pI,Air Terjun Kandera,Kabupaten Minahasa,Sulawesi Utara,Kabupaten Minahasa,Sulawesi Utara,,"4VQP+XJ3, Touliang, Kec. Kakas, Kabupaten Minahasa, Sulawesi Utara",,,OK_TEXT
ChIJMyJr6NRHhzIRGqOsmDP5mxs,Wale Manguni,Kabupaten Minahasa,Sulawesi Utara,Kabupaten Minahasa,Sulawesi Utara,,"Jl. Pinabetengan, Talikuran, Kec. Tompaso, Kabupaten Minahasa, Sulawesi Utara",,,OK_TEXT
ChIJD44d1rEmjTIRa56qMHiLgpc,Wisata Pantai,Kabupaten Kepulauan Talaud,Sulawesi Utara,Kabupaten Kepulauan Talaud,Sulawesi Utara,,"VM8M+QXM, Dalum, Salibabu, Kabupaten Kepulauan Talaud, Sulawesi Utara",,,OK_TEXT
ChIJI5LV2gfTni0RmKE0rMHtuyo,Bintang bahari,Kabupaten Morowali,Sulawesi Tengah,Kabupaten Morowali,Sulawesi Tengah,,"C4MH+7H, Ulunambo, Menui Kepulauan, Kabupaten Morowali, Sulawesi Tengah",,,OK_GEO
ChIJM53XOwBjlC0R5G86LmjjnCk,Air terjun STB Kaleok,Kabupaten Polewali Mandar,Sulawesi Barat,Kabupaten Polewali Mandar,Sulawesi Barat,,"HFV5+FG, Kaleok, Kec. Binuang, Kabupaten Polewali Mandar, Sulawesi Barat 91312",,,OK_GEO
ChIJsWKYIdgpvy0RJ28IPywIFpw,Wisata Muara Desa Mappakassunggu,Kabupaten Takalar,Sulawesi Selatan,Kabupaten Takalar,Sulawesi Selatan,,"GC78+WG8, Takalar, Kec. Mappakasunggu, Kabupaten Takalar, Sulawesi Selatan 92232",,,OK_GEO
ChIJSUYgr1YplC0RJygBss2O3Vo,Air Terjun Sarmasi Leppangeng,Kabupaten Sidenreng Rappang,Sulawesi Selatan,Kabupaten Sidenreng Rappang,Sulawesi Selatan,,"85F2+6C4, Unnamed Road, Lepangeng, Kec. Pitu Riase, Kabupaten Sidenreng Rappang, Sulawesi Selatan 91691",,,OK_GEO
ChIJ4cnLeGYPlC0Rg04SQBMc_Ss,Air Terjun Sitodon,Kabupaten Enrekang,Sulawesi Selatan,Kabupaten Enrekang,Sulawesi Selatan,,"Sanglepongan, Kec. Curio, Kabupaten Enrekang, Sulawesi Selatan 91754",,,OK_TEXT
ChIJm8aZi0B8hS0R75oluGbdeFE,Pegunungan Tokala,Kabupaten Morowali Utara,Sulawesi Tengah,Kabupaten Morowali Utara,Sulawesi Tengah,,"Salubiro, Kec. Bungku Utara, Kabupaten Morowali Utara, Sulawesi Tengah",,,OK_GEO
ChIJtylgE48seTIRpdfdE3U4Dzg,Sewa Mobil Gorontalo Zahra,Kabupaten Gorontalo Utara,Gorontalo,Kabupaten Gorontalo,Gorontalo,,"H2GR+PG6, Jl. Potanga, Bulila, Kec. Telaga, Kabupaten Gorontalo, Gorontalo 96138",,,OK_GEO
ChIJweVEHuKPli0RRQXSeFBwRjc,Objek Wisata Mangrove Desa Buriko,Kabupaten Wajo,Sulawesi Selatan,Kabupaten Wajo,Sulawesi Selatan,,"8CG8+Q8H Desa Buriko, Tellesang, Kec. Pitumpanua, Kabupaten Wajo, Sulawesi Selatan 91998",,,OK_TEXT
ChIJm5WJlsvLhzIRcUwJKXOkGBY,LIHUNU,Kabupaten Minahasa Utara,Sulawesi Utara,Kabupaten Minahasa Utara,Sulawesi Utara,,"Q45X+X6X, Lihunu, Kec. Likupang Tim., Kabupaten Minahasa Utara, Sulawesi Utara",,,OK_GEO
ChIJxcNfKGRNiS0R4pV3s_hIuOE,Air Terjun Pelangi,Kabupaten Parigi Moutong,Sulawesi Tengah,Kabupaten Parigi Moutong,Sulawesi Tengah,,"X9F2+WJG, Balinggi, Kec. Balinggi, Kabupaten Parigi Moutong, Sulawesi Tengah 94473",,,OK_GEO
ChIJtUmQHJLnvi0R18AvmvRRXpU,Bukit Moncong-Moncong (Bulser),Kabupaten Gowa,Sulawesi Selatan,Kabupaten Gowa,Sulawesi Selatan,,"PGV9+W98, Sokkolia, Kec. Bontomarannu, Kabupaten Gowa, Sulawesi Selatan 92171",,,OK_GEO
ChIJLZxux6jZvi0Rk_efUIuRnsQ,Wisata Danau Satria Panrannuangku,Kabupaten Takalar,Sulawesi Selatan,Kabupaten Takalar,Sulawesi Selatan,,"JF92+3JV, Panrannuangku, Kec. Polombangkeng Utara, Kabupaten Takalar, Sulawesi Selatan 92211",,,OK_GEO
ChIJF16IIAA7vi0RyD5hUAOKoZQ,Air terjun baruttung,Kabupaten Barru,Sulawesi Selatan,Kabupaten Barru,Sulawesi Selatan,,"CM2F+5WJ, Jangan-Jangan, Kec. Pujananting, Kabupaten Barru, Sulawesi Selatan 90762",,,OK_GEO
ChIJ5T-ntMg5vi0RDQjDSViCoyo,Gunung Lantiangoro,Kabupaten Barru,Sulawesi Selatan,Kabupaten Barru,Sulawesi Selatan,,"9M53+HMR, Jangan-Jangan, Kec. Pujananting, Kabupaten Barru, Sulawesi Selatan 90762",,,OK_GEO
ChIJa5wTr1dplC0RjFCwcrHF-rs,Air Terjun Itto Sarasa,Kabupaten Pinrang,Sulawesi Selatan,Kabupaten Pinrang,Sulawesi Selatan,,"FM9G+FCW, Unnamed Road, Kaseralau, Kec. Batu Lappa, Kabupaten Pinrang, Sulawesi Selatan 91254",,,OK_GEO
ChIJGw8nDQAtlC0R-A4kiDfuQpE,Wisata Batu Tangnga,Kabupaten Sidenreng Rappang,Sulawesi Selatan,Kabupaten Sidenreng Rappang,Sulawesi Selatan,,"7333+2GM, Batu, Kec. Pitu Riase, Kabupaten Sidenreng Rappang, Sulawesi Selatan 91691",,,OK_GEO
ChIJ3wpXLwDLlS0RneXn4f9w2Yg,Cahaya Berkah Abadi,Kabupaten Sidenreng Rappang,Sulawesi Selatan,Kabupaten Sidenreng Rappang,Sulawesi Selatan,,"4VPJ+PQX, Damai, Kec. W T. Sidenreng, Kabupaten Sidenreng Rappang, Sulawesi Selatan 91616",,,OK_GEO
ChIJ9yOWc_vxvS0RXA13ovr87tA,Eduwisata Mangrove PKP Bone,Kabupaten Bone,Sulawesi Selatan,Kabupaten Bone,Sulawesi Selatan,,"G9CJ+62, Waetuo, Kec. Tanete Riattang Tim., Kabupaten Bone, Sulawesi Selatan 92719",,,OK_GEO
ChIJtR25YQHtlS0RLHPE6d5tLcQ,Minawo 2,Kabupaten Soppeng,Sulawesi Selatan,Kabupaten Soppeng,Sulawesi Selatan,,"RR9G+65, Tellulimpoe, Kec. Marioriawa, Kabupaten Soppeng, Sulawesi Selatan 90852",,,OK_TEXT
ChIJZ7rudPqzvi0R0-dH_waMZhg,KOLAM PERMANDIAN BUKIT PELANGI,Kabupaten Bantaeng,Sulawesi Selatan,Kabupaten Bantaeng,Sulawesi Selatan,,"FV4V+P5W, Bonto Langkasa, Kec. Bissappu, Kabupaten Bantaeng, Sulawesi Selatan 92451",,,OK_GEO
ChIJ0wASNQBNuS0ROlpaYUNlgrA,Pantai Tinonnong,Kabupaten Jeneponto,Sulawesi Selatan,Kabupaten Jeneponto,Sulawesi Selatan,,"CW72+XVW, Jl. Poros Jeneponto Bantaeng, Tino, Kec. Tarowang, Kabupaten Jeneponto, Sulawesi Selatan",,,OK_GEO
ChIJmR2Tf-PNuy0RS2hu3ImZh5Q,Pasi Gusung Ecotourism,Kabupaten Kepulauan Selayar,Sulawesi Selatan,Kabupaten Kepulauan Selayar,Sulawesi Selatan,,"Bontolebang, Kec. Bontoharu, Kab. Kepulauan Selayar, Sulawesi Selatan 92812",,,OK_GEO
ChIJyQ6DRbPNuy0RDsO4hnSsDXU,Sunset View Mangrove Selayar,Kabupaten Kepulauan Selayar,Sulawesi Selatan,Kabupaten Kepulauan Selayar,Sulawesi Selatan,,"Bontolebang, Kec. Bontoharu, Kab. Kepulauan Selayar, Sulawesi Selatan 92851",,,OK_GEO
ChIJmy3UFjU1ui0ROzx4qa-sjeM,Attalia Waterpool,Kabupaten Kepulauan Selayar,Sulawesi Selatan,Kabupaten Kepulauan Selayar,Sulawesi Selatan,,"Attalia Waterpool, Bontobangung, Kec. Bontoharu, Kab. Kepulauan Selayar, Sulawesi Selatan",,,OK_GEO
ChIJyfpFUgtzlC0Rm4wdarS_bb8,Bukit bau selatan,Kabupaten Tana Toraja,Sulawesi Selatan,Kabupaten Tana Toraja,Sulawesi Selatan,,"MP75+97, Bau Selatan, Kec. Bonggakaradeng, Kabupaten Tana Toraja, Sulawesi Selatan 91873",,,OK_TEXT
ChIJFVJu8-wLlC0R6wgCbK3oC1U,Permandia Matua Baru,Kabupaten Enrekang,Sulawesi Selatan,Kabupaten Enrekang,Sulawesi Selatan,,"MRVF+5X4, Buntu Sugi, Kec. Alla, Kabupaten Enrekang, Sulawesi Selatan 91754",,,OK_GEO
ChIJbSM7BQArki0RXp3h8kRkBgA,Air Terjun Lena,Kabupaten Luwu Utara,Sulawesi Selatan,Kabupaten Luwu Utara,Sulawesi Selatan,,"948C+JX, Tandung, Kec. Sabbang, Kabupaten Luwu Utara, Sulawesi Selatan 92955",,,OK_GEO
ChIJ-b3EhdZDkC0ReMhb-DT54iY,Desa Matano,Kabupaten Luwu Timur,Sulawesi Selatan,Kabupaten Luwu Timur,Sulawesi Selatan,,"H626+CWV, Matano, Kec. Nuha, Kabupaten Luwu Timur, Sulawesi Selatan 92983",,,OK_GEO
ChIJQe8S0zpphzIRFo_pljuJqDE,Air Terjun Tutuasan Desa Kauneran,Kabupaten Minahasa,Sulawesi Utara,Kabupaten Minahasa,Sulawesi Utara,,"7Q26+68C, Kiawa Satu Utara, Kec. Kawangkoan Utara, Kabupaten Minahasa, Sulawesi Utara",,,OK_TEXT
ChIJgQ_qFwdphzIRxrYwasPbvpM,Air Terjun Teka'an Tincep,Kabupaten Minahasa,Sulawesi Utara,Kabupaten Minahasa,Sulawesi Utara,,"7PGV+Q5F, Jalan, Tincep, Sonder, Minahasa Regency, North Sulawesi",,,OK_TEXT
ChIJGV11bEK5hzIRTealB2C5J-E,Ekowisata Mangrove Desa Bahoi,Kabupaten Minahasa Utara,Sulawesi Utara,Kabupaten Minahasa Utara,Sulawesi Utara,,"P299+6XQ, Bahoi, Kec. Likupang Bar., Kabupaten Minahasa Utara, Sulawesi Utara",,,OK_GEO
ChIJo64ineyhhzIR0kPlvlZptnM,Paket Wisata Likupang,Kabupaten Minahasa Utara,Sulawesi Utara,Kabupaten Minahasa Utara,Sulawesi Utara,,"Jl. Mapanget Barat, Mapanget, Teterusan, Kabupaten Minahasa Utara, Sulawesi Utara 95373",,,OK_GEO
ChIJPyMKagBPhzIR8c8BBGIdP5k,LOKASI PENGHIJAUAN PEMKAB MITRA,Kabupaten Minahasa Selatan,Sulawesi Utara,Kabupaten Minahasa Selatan,Sulawesi Utara,Kabupaten Minahasa Tenggara,"4M5Q+XP kebakaran pasca hutan rehabilitasi penanaman Lokasi, Ranomea, Kec. Amurang Tim., Kabupaten Minahasa Selatan, Sulawesi Utara",,,TEXT_WIN
ChIJEQI_L_-TfjIRyhnGv3zCQV4,Air terjun pinosaula,Kabupaten Bolaang Mongondow Utara,Sulawesi Utara,Kabupaten Bolaang Mongondow Utara,Sulawesi Utara,,"RH2H+X5G, Huntuk, Kec. Bintauna, Kabupaten Bolaang Mongondow Utara, Sulawesi Utara",,,OK_GEO
ChIJMaWjxG-9izIReQ9baDIUyMs,Taman Wisata Pantai Hesang,Kabupaten Kepulauan Sangihe,Sulawesi Utara,Kabupaten Kepulauan Sangihe,Sulawesi Utara,,"CGV3+95Q, Hesang, Tamako, Kabupaten Kepulauan Sangihe, Sulawesi Utara",,,OK_TEXT
ChIJW3KFDtMNiTIRxAxAxMDenY0,Temboko Mini Wisata Siau,Kabupaten Kepulauan Siau Tagulandang Biaro,Sulawesi Utara,,,,"Q999+HVX, Hiung, Kec. Siau Bar. Utara, Kabupaten Siau Tagulandang Biaro, Sulawesi Utara",,,NO_MATCH
ChIJRxwBdpvP8jIRmgPgoI9qFjk,Burias,Kabupaten Kepulauan Talaud,Sulawesi Utara,Kabupaten Kepulauan Talaud,Sulawesi Utara,,"5RMJ+J97, Desa Alo, Kabupaten Kepulauan Talaud, Sulawesi Utara",,,OK_TEXT
ChIJ-Yz6HYXviy0RlhHrZyG-ggc,TAMAN WISATA 9 MATA AIR MEBERE,Kota Palu,Sulawesi Tengah,Kota Palu,Sulawesi Tengah,,"Jl. Tekukur No.8, Lasoani, Kec. Palu Tim., Kota Palu, Sulawesi Tengah 94111",,,OK_TEXT
ChIJ84Fr6Z7Biy0RXivB_eA43tY,Pantai Bamba,Kota Palu,Sulawesi Tengah,Kota Palu,Sulawesi Tengah,,"7V63+RFC, Panau, Kec. Palu Utara, Kota Palu, Sulawesi Tengah 94352",,,OK_TEXT
ChIJ9RlErBa7iy0RfPinmwBRxAI,tebing sunset bonebula lifutona,Kabupaten Donggala,Sulawesi Tengah,Kabupaten Donggala,Sulawesi Tengah,,"7MR8+4QW, Wisata, tebing sunset libutona, Towale, Kec. Banawa Tengah, Kabupaten Donggala, Sulawesi Tengah 94351",,,OK_GEO
ChIJQ-BSGfALgy0R-IuKDtGAk8s,Paisupuso Jaya,Kabupaten Banggai Laut,Sulawesi Tengah,Kabupaten Banggai Kepulauan,Sulawesi Tengah,Kabupaten Banggai Laut,"CG54+7MH, Lompio, Kec. Banggai, Kabupaten Banggai Kepulauan, Sulawesi Tengah 94891",,,TEXT_WIN
ChIJGVjTSACngy0Re9SFpHcwJw0,Pantai Amine wa Myriem,Kabupaten Banggai,Sulawesi Tengah,Kabupaten Banggai Laut,Sulawesi Tengah,,"GH56+63, Lokotoy, Kab. Banggai Laut, Sulawesi Tengah 94891",,,OK_TEXT
ChIJww1hZgD7mC0RvNzwwNfpVho,Pantai Batharagala,Kabupaten Konawe Utara,Sulawesi Tenggara,Kabupaten Konawe Utara,Sulawesi Tenggara,,"5FW8+C9P, Motui, Kabupaten Konawe Utara, Sulawesi Tenggara 93352",,,OK_GEO
ChIJQ54YEwD1ly0Ri7YqyQNUCQ4,wisata mini kolong jembatan,Kabupaten Kolaka,Sulawesi Tenggara,Kabupaten Kolaka,Sulawesi Tenggara,,"XH8V+8HR, Sakuli, Kec. Latambaga, Kabupaten Kolaka, Sulawesi Tenggara 93511",,,OK_GEO
ChIJcXpbYKbnoi0R895awBGeV24,Pantai Lantowua (small beach public),Kabupaten Bombana,Sulawesi Tenggara,Kabupaten Bombana,Sulawesi Tenggara,,"72FM+5PX, Lantowua, Kabupaten Bombana, Sulawesi Tenggara 93771",,,OK_GEO
ChIJE-GdC4BFoy0RIHL_01mKdyY,Pemandian Vatu Meleve Lakambula,Kabupaten Bombana,Sulawesi Tenggara,Kabupaten Bombana,Sulawesi Tenggara,,"PRFR+WX4, Teomokole, Kec. Kabaena, Kabupaten Bombana, Sulawesi Tenggara 93781",,,OK_GEO
ChIJK5ZgtBtVoi0RS_lKrSwMReI,Danau Cut Nyak Dien,Kabupaten Muna,Sulawesi Tenggara,Kabupaten Muna,Sulawesi Tenggara,Kabupaten Muna Barat,"59JV+765, Mekar Jaya, Tiworo Tengah, Kabupaten Muna, Sulawesi Tenggara 93653",,,TEXT_WIN
ChIJv6ROLQCXoy0R8klU65zxw3c,Danau Moko 4,Kabupaten Muna,Sulawesi Tenggara,Kabupaten Muna,Sulawesi Tenggara,,"RHPM+GH, Fongkaniwa, Kec. Tongkuno, Kabupaten Muna, Sulawesi Tenggara 93662",,,OK_GEO
ChIJn1O8_p27oy0RX2vXZfPRSb0,Keraton Kerajaan Muna,Kabupaten Muna,Sulawesi Tenggara,Kabupaten Muna,Sulawesi Tenggara,,"2JF5+X6W, Lakologou, Kec. Tongkuno, Kabupaten Muna, Sulawesi Tenggara 93352",,,OK_GEO
ChIJr1YoTci9oy0RcVku8rD2yJM,Benteng Liamokute,Kabupaten Muna,Sulawesi Tenggara,Kabupaten Muna,Sulawesi Tenggara,,"VHMJ+4WV, Unnamed Road, Lamorende, Kec. Tongkuno, Kabupaten Muna, Sulawesi Tenggara 93662",,,OK_GEO
ChIJN4ZeCc6Hoy0RJB-6qOPkaW8,Danau Pasi Bungi,Kabupaten Buton,Sulawesi Tenggara,Kabupaten Buton,Sulawesi Tenggara,Kabupaten Buton Tengah,"JFF5+XP, Wantopi, Mawasangka Tim., Kabupaten Buton, Sulawesi Tenggara 93762",,,TEXT_WIN
ChIJb60SJUoVpC0RjPeBC7QpucU,"Bukit Lambaulele, Desa Lapandewa, Kec. Lapandewa, Kab. Buton Selatan",Kabupaten Buton,Sulawesi Tenggara,Kabupaten Buton,Sulawesi Tenggara,Kabupaten Buton Selatan,"8QVC+9QQ, Gaya Baru, Kec. Lapandewa, Kabupaten Buton, Sulawesi Tenggara 93753",,,TEXT_WIN
ChIJL5vZkBoPpy0R6lihlcZiPrI,Pantai Hongaha,Kabupaten Wakatobi,Sulawesi Tenggara,Kabupaten Wakatobi,Sulawesi Tenggara,,"Kulati, Kec. Tomia Tim., Kabupaten Wakatobi, Sulawesi Tenggara 93797",,,OK_GEO
ChIJaUtX4uB_jS0R-w4JjNzS_F0,Waduk Bukit Cinta,Kabupaten Mamuju Tengah,Sulawesi Barat,Kabupaten Mamuju Tengah,Sulawesi Barat,,"3, Tobadak, Kec. Tobadak, Kabupaten Mamuju Tengah, Sulawesi Barat 91461",,,OK_GEO
ChIJJ5-ls1NjjS0Rl_meRDXoCx4,Pantai Kire,Kabupaten Mamuju,Sulawesi Barat,Kabupaten Mamuju,Sulawesi Barat,Kabupaten Mamuju Tengah,"V59R+MR, Kire, Kec. Budong-Budong, Kabupaten Mamuju, Sulawesi Barat 91563",,,TEXT_WIN
ChIJ5cIZTQC9lC0Rz2F4mGV9to0,Lorong Lembang Bunga,Kabupaten Polewali Mandar,Sulawesi Barat,Kabupaten Polewali Mandar,Sulawesi Barat,,"GXXX+62Q, Lembang Lembang, Kec. Limboro, Kabupaten Polewali Mandar, Sulawesi Barat 91413",,,OK_TEXT
ChIJR_mlZqfjeDIRUddXIAJCJDU,Wisata Bahari Bakiyaluli,Kabupaten Boalemo,Gorontalo,Kabupaten Boalemo,Gorontalo,,"FHX4+6J4, Bangga, Kec. Paguyaman Pantai, Kabupaten Boalemo, Gorontalo",,,OK_GEO
ChIJLytlIIWddzIRZ1lzDpqREpA,Home Stay Mutiara Laut,Kabupaten Pohuwato,Gorontalo,Kabupaten Pohuwato,Gorontalo,,"Desa wisata, Torosiaje, Popayato, Kabupaten Pohuwato, Gorontalo",,,OK_TEXT
ChIJ5z2Pz4-MlS0Rd_yrHUBIyYc,Coppo Tille,Kabupaten Barru,Sulawesi Selatan,Kabupaten Barru,Sulawesi Selatan,,"Kamiri, Kec. Balusu, Kabupaten Barru, Sulawesi Selatan",,,OK_GEO
ChIJ28vG-xzVlS0RSnNNlWU0Gl0,Desa Wisata Jembatan Pelangi Lagading Kab. Sidenreng Rappang,Kabupaten Sidenreng Rappang,Sulawesi Selatan,Kabupaten Sidenreng Rappang,Sulawesi Selatan,,"Lagading, Kec. Pitu Riase, Kabupaten Sidenreng Rappang, Sulawesi Selatan 91691",,,OK_GEO
ChIJ3zjZuf_1lS0Rli7R7JPgOzQ,Puncak bitung,Kabupaten Soppeng,Sulawesi Selatan,Kabupaten Soppeng,Sulawesi Selatan,,"JVCF+8M, Lalabata Rilau, Kec. Lalabata, Kabupaten Soppeng, Sulawesi Selatan 90812",,,OK_GEO
ChIJkZ9cYywbhzIReYmRs4g_lzo,Lake Seper,Kabupaten Minahasa Utara,Sulawesi Utara,Kabupaten Minahasa Utara,Sulawesi Utara,,"928W+F2G, Kawiley, Kec. Kauditan, Kabupaten Minahasa Utara, Sulawesi Utara",,,OK_GEO
ChIJl7TsXUoXfjIRju-S-XZq6us,Pomantowan Passi,Kabupaten Bolaang Mongondow,Sulawesi Utara,Kabupaten Bolaang Mongondow,Sulawesi Utara,,"Passi No.2, Lobong, Kec. Passi Bar., Kabupaten Bolaang Mongondow, Sulawesi Utara",,,OK_GEO
ChIJKWFdLRS9hzIRtUxCqJwt52s,Wisata Mangrove Park Desa Bulo,Kabupaten Minahasa Utara,Sulawesi Utara,Kabupaten Minahasa Utara,Sulawesi Utara,,"JWX6+RP3, Bulo, Wori, Kabupaten Minahasa Utara, Sulawesi Utara",,,OK_GEO
ChIJiSomVwBjfjIR7NMJnX3AJGI,Pantai El-Shaddai,Kabupaten Bolaang Mongondow,Sulawesi Utara,Kabupaten Bolaang Mongondow,Sulawesi Utara,,"RVQJ+C2R, Jl. Trans Sulawesi, Babo, Kec. Sangtombolang, Kabupaten Bolaang Mongondow, Sulawesi Utara",,,OK_GEO
ChIJ13r9lUWDgDIRIsmBUjquFZM,PuLau Laga,Kabupaten Bolaang Mongondow Timur,Sulawesi Utara,Kabupaten Bolaang Mongondow Timur,Sulawesi Utara,,"HHF8+G9X, Iyok, Kec. Nuangan, Kabupaten Bolaang Mongondow Timur, Sulawesi Utara",,,OK_GEO
ChIJyfZ9GgB1izIRR6rRHSBwFbQ,Pantai pemamengketang,Kabupaten Kepulauan Sangihe,Sulawesi Utara,Kabupaten Kepulauan Sangihe,Sulawesi Utara,,"JH6Q+JJ4, Rendingan, Kec. Tabukan Tengah, Kabupaten Kepulauan Sangihe, Sulawesi Utara",,,OK_TEXT
ChIJDTB8NVRzizIRzH3RDsRzd6Q,Bado White Sand Beach,Kabupaten Kepulauan Sangihe,Sulawesi Utara,Kabupaten Kepulauan Sangihe,Sulawesi Utara,,"Petta Sel., Kec. Tabukan Utara, Kabupaten Kepulauan Sangihe, Sulawesi Utara",,,OK_TEXT
ChIJK_wLAg3d8jIRhhyLEGIVGL4,Nusa dolong,Kabupaten Kepulauan Talaud,Sulawesi Utara,,,,Nusa Dolong,,,NO_MATCH
ChIJgxSMQla7iy0Ru9iX97PuQRY,Bolo lia 1,Kabupaten Donggala,Sulawesi Tengah,Kabupaten Donggala,Sulawesi Tengah,,"7MV9+GQ, Towale, Kec. Banawa Tengah, Kabupaten Donggala, Sulawesi Tengah 94351",,,OK_GEO
ChIJd-uKwBdMiS0R72YC2T-r4XQ,Objek Wisata Gunung Batu Kapal,Kabupaten Parigi Moutong,Sulawesi Tengah,Kabupaten Parigi Moutong,Sulawesi Tengah,,"2C67+HJG, Suli, Kec. Balinggi, Kabupaten Parigi Moutong, Sulawesi Tengah 94473",,,OK_GEO
ChIJg-T0ndVfmi0RoLUG-0k0pC0,Bukit Matean Tina,Kabupaten Morowali,Sulawesi Tengah,Kabupaten Morowali,Sulawesi Tengah,,"82J4+99Q, Geresa, Kec. Bungku Tengah, Kabupaten Morowali, Sulawesi Tengah 94973",,,OK_GEO
ChIJrXWBA6ehhi0RLX0Qx3wD5I4,Bukit Langit Kota Luwuk,Kabupaten Banggai,Sulawesi Tengah,Kabupaten Banggai,Sulawesi Tengah,,"2QWJ+55, Kompo, Kec. Luwuk Selatan, Kabupaten Banggai, Sulawesi Tengah 94712",,,OK_TEXT
ChIJgUqTs2W_cDIRRcHW4_fbQsY,Kelapa Cabang,Kabupaten Buol,Sulawesi Tengah,Kabupaten Buol,Sulawesi Tengah,,"7848+C3W, Jl. Buol - Tolitoli, Tuinan, Kec. Lakea, Kabupaten Buol, Sulawesi Tengah 94563",,,OK_TEXT
ChIJ6SjWCACNmC0Ry0XPhvujGkA,POCI,Kota Kendari,Sulawesi Tenggara,Kota Kendari,Sulawesi Tenggara,,"XGF8+XV4, Lepo-Lepo, Kec. Baruga, Kota Kendari, Sulawesi Tenggara 93118",,,OK_GEO
ChIJe9SgYANxpC0R56OpvWJ67P8,Pantai Topa Sulaa,Kota Baubau,Sulawesi Tenggara,Kota Baubau,Sulawesi Tenggara,,"FHW5+4MW, Sulaa, Kec. Betoambari, Kota Bau-Bau, Sulawesi Tenggara 93721",,,OK_GEO
ChIJ-UlF3FRxpC0R5kE3qpnRKV4,Tebing ujung kota,Kota Baubau,Sulawesi Tenggara,Kota Baubau,Sulawesi Tenggara,,"FHH7+C9V, Sulaa, Kec. Betoambari, Kota Bau-Bau, Sulawesi Tenggara",,,OK_GEO
ChIJfckLVxopvS0RSdm5qwfcwUc,Basa island - Bombana,Kabupaten Bombana,Sulawesi Tenggara,Kabupaten Bombana,Sulawesi Tenggara,,"5G65+VQC, Kec. Poleang, Kabupaten Bombana, Sulawesi Tenggara",,,OK_GEO
ChIJh4ewGgDhoi0RavisnN-txpo,Pantai Toromaginti,Kabupaten Bombana,Sulawesi Tenggara,Kabupaten Bombana,Sulawesi Tenggara,,"43XF+GP, Mawar, Mata Oleo, Kabupaten Bombana, Sulawesi Tenggara",,,OK_GEO
ChIJq4BZegA5oy0RS6CZqdhUeGw,Landuli,Kabupaten Bombana,Sulawesi Tenggara,Kabupaten Bombana,Sulawesi Tenggara,,"RVXG+X7, Tedubara, Kabupaten Bombana, Sulawesi Tenggara 93781",,,OK_TEXT
ChIJ0f09HQDJoy0RyR-mX5NQbQc,Danau Ubur-ubur,Kabupaten Muna,Sulawesi Tenggara,Kabupaten Muna,Sulawesi Tenggara,,"4Q26+9J, Lohia, Kec. Lohia, Kabupaten Muna, Sulawesi Tenggara 93658",,,OK_GEO
ChIJvSvBGwc1oi0RhVCOI8FIess,BAT-BAT RAHA (Motewe),Kabupaten Muna Barat,Sulawesi Tenggara,Kabupaten Muna,Sulawesi Tenggara,,"5PWQ+4RC, Motewe, Kec. Lasalepa, 93614",,,OK_GEO
ChIJDc89QXINpC0R36MB97gwVVI,Perahu diatas batu,Kabupaten Buton,Sulawesi Tenggara,Kabupaten Buton,Sulawesi Tenggara,Kabupaten Buton Selatan,"8P7C+C9M, Kec. Sampolawa, Kabupaten Buton, Sulawesi Tenggara 93753",,,TEXT_WIN
ChIJC0WJ3wMVpC0RhY2HK0hemzM,Waburi Park Gazebo,Kabupaten Buton,Sulawesi Tenggara,Kabupaten Buton,Sulawesi Tenggara,Kabupaten Buton Selatan,"8QP7+MVC, Gaya Baru, Kec. Lapandewa, Kabupaten Buton, Sulawesi Tenggara 93753",,,TEXT_WIN
ChIJh8iiDAWDoS0ROMWTxqQjmBM,Matantahi,Kabupaten Buton Utara,Sulawesi Tenggara,Kabupaten Buton Utara,Sulawesi Tenggara,,"757C+2M, Eelahaji, Kec. Kulisusu, Kabupaten Buton Utara, Sulawesi Tenggara",,,OK_GEO
ChIJz5afYJ8bpy0RVuHPy6pDX1c,Benteng Patua Tomia,Kabupaten Wakatobi,Sulawesi Tenggara,Kabupaten Wakatobi,Sulawesi Tenggara,,"7W9H+Q8P, Patua, Tomia, Kabupaten Wakatobi, Sulawesi Tenggara 93793",,,OK_GEO
ChIJIW4zbqsLky0RBMZvN6yActo,Hutan Pinus Lenong,Kabupaten Mamasa,Sulawesi Barat,Kabupaten Mamasa,Sulawesi Barat,,"39HP+GMH, Unnamed Road, Rambusaratu, Kec. Mamasa, Kabupaten Mamasa, Sulawesi Barat 91362",,,OK_GEO
ChIJGWRmMP8Lky0R5M72X9CRwGo,Kampung Wisata KBS,Kabupaten Mamasa,Sulawesi Barat,Kabupaten Mamasa,Sulawesi Barat,,"Dusun burri, Pebassian, Kec. Mamasa, Kabupaten Mamasa, Sulawesi Barat 91362",,,OK_GEO
ChIJF208k4HVvi0RT3_Og0nTZek,Green Topejawa Coastal,Kabupaten Takalar,Sulawesi Selatan,Kabupaten Takalar,Sulawesi Selatan,,"FCPM+488, Topejawa, Kec. Mangarabombang, Kabupaten Takalar, Sulawesi Selatan 92261",,,OK_GEO
ChIJtQxpIjhPvi0R9mv0kGGTet4,gunung Nusantara,Kabupaten Pangkajene Dan Kepulauan,Sulawesi Selatan,Kabupaten Pangkajene Dan Kepulauan,Sulawesi Selatan,,"5HR8+WM4, Sapanang, Kec. Bungoro, Kabupaten Pangkajene Dan Kepulauan, Sulawesi Selatan 90615",,,OK_GEO
ChIJT7FZ1FKylS0RrBagZrSTLTo,Bulu Manarang,Kabupaten Pinrang,Sulawesi Selatan,Kabupaten Pinrang,Sulawesi Selatan,,"Padaidi, Kec. Mattiro Bulu, Kabupaten Pinrang, Sulawesi Selatan",,,OK_GEO
ChIJA5V-_LK1vi0R1GVeJ-pFF68,Lembah Impian Poti’tanayya,Kabupaten Jeneponto,Sulawesi Selatan,Kabupaten Jeneponto,Sulawesi Selatan,,"Bontomanai, Kec. Rumbia, Kabupaten Jeneponto, Sulawesi Selatan 92572",,,OK_GEO
ChIJvd_DB-fdky0RpPsjrIix5a4,Gunung Tibembeng,Kabupaten Toraja Utara,Sulawesi Selatan,Kabupaten Toraja Utara,Sulawesi Selatan,,"4244+2G8, Ilan Batu, Kec. Balusu, Kabupaten Toraja Utara, Sulawesi Selatan 91951",,,OK_GEO
ChIJ3UEZT1sVlC0Rq9zzjtwvcqQ,Permandian Likubassi,Kabupaten Enrekang,Sulawesi Selatan,Kabupaten Enrekang,Sulawesi Selatan,,"FRF6+J9, Tokkonan, Kec. Enrekang, Kabupaten Enrekang, Sulawesi Selatan 91711",,,OK_GEO
ChIJr37CY5mzli0R4sbe7wWJYiU,Pantai Wisata Desa To'bia,Kabupaten Luwu,Sulawesi Selatan,Kabupaten Luwu,Sulawesi Selatan,,"PCF6+V7R, Pantai, To'bia, Kec. Ponrang Sel., Kabupaten Luwu, Sulawesi Selatan",,,OK_GEO
ChIJuYVp92ybli0R0m11D_C3sp0,Air Terjun Bilatu,Kabupaten Luwu,Sulawesi Selatan,Kabupaten Luwu,Sulawesi Selatan,,"98C4+HFG, Palakka, Kec. Larompong Sel., Kabupaten Luwu, Sulawesi Selatan 91998",,,OK_TEXT
ChIJm-qrh-ifhzIRAqG-FN8a1bA,Teluk Manado,Kota Manado,Sulawesi Utara,Kota Manado,Sulawesi Utara,,,,,OK_GEO
ChIJc8XmCnibvi0Rffz8UTZhj5k,air terjun taddolli,Kabupaten Sinjai,Sulawesi Selatan,Kabupaten Sinjai,Sulawesi Selatan,,"V334+9G3, Bar., Turungan Baji, Kec. Sinjai Bar., Kabupaten Sinjai, Sulawesi Selatan 92653",,,OK_GEO
ChIJi4kYmGpBlC0R1a6kYDALuPc,Buttu Lanjanan,Kabupaten Enrekang,Sulawesi Selatan,Kabupaten Enrekang,Sulawesi Selatan,,"FQ34+VPJ, Karueng, Kec. Enrekang, Kabupaten Enrekang, Sulawesi Selatan 91711",,,OK_GEO
ChIJgxkBeUJvkS0RlpFaR6QjkRk,Lante-lante,Kabupaten Luwu Utara,Sulawesi Selatan,Kabupaten Luwu Utara,Sulawesi Selatan,,"Bar, Pao, Kec. Malangke Bar., Kabupaten Luwu Utara, Sulawesi Selatan",,,OK_TEXT
ChIJe_65uPE9fjIRF-OEbvUkPdM,UD. divo sejaterah🌽,Kota Kotamobagu,Sulawesi Utara,Kota Kotamobagu,Sulawesi Utara,,"Matali, Kec. Kotamobagu Tim., Kota Kotamobagu, Sulawesi Utara",,,OK_GEO
ChIJn03_L9YJizIRGjMW6beSCC8,Pantai Ria Kolongan Beha,Kabupaten Kepulauan Sangihe,Sulawesi Utara,Kabupaten Kepulauan Sangihe,Sulawesi Utara,,"JCPG+7WX, Kolongan Beha, Kec. Tahuna Bar., Kabupaten Kepulauan Sangihe, Sulawesi Utara",,,OK_TEXT
ChIJM63vxJwhkC0RVSPAnd73aXo,Wisata alam panapa,Kabupaten Morowali Utara,Sulawesi Tengah,Kabupaten Morowali Utara,Sulawesi Tengah,,"R6V2+P7P, Unnamed Road, Wawopada, Kec. Lembo, Kabupaten Morowali Utara, Sulawesi Tengah 94966",,,OK_GEO
ChIJ1YnolKIPpC0RqDbTezlqGhU,Pantai kasosona,Kabupaten Buton,Sulawesi Tenggara,Kabupaten Buton,Sulawesi Tenggara,,"FVH7+PQV, Wagola, Kec. Ps. Wajo, Kabupaten Buton, Sulawesi Tenggara 93754",,,OK_GEO
ChIJ8Y79eFlppC0Rrt1_kzTtxrE,Bukit Emot,Kabupaten Buton,Sulawesi Tenggara,Kabupaten Buton,Sulawesi Tenggara,Kabupaten Buton Selatan,"9G8W+P6, Karae, Kec. Siompu, Kabupaten Buton, Sulawesi Tenggara 93752",,,TEXT_WIN
ChIJYxH-Iw_jki0RKxFZgDRBa5I,Bukit Peca,Kabupaten Mamuju,Sulawesi Barat,Kabupaten Mamuju,Sulawesi Barat,,"9534+MG5, Jl. Poros Mamuju-Mamasa, Keang, Kec. Kalukku, Kabupaten Mamuju, Sulawesi Barat 91561",,,OK_GEO
ChIJbyK3VL1PeTIRmPCtqULfFDM,Pantai Gudang Arang,Kabupaten Gorontalo Utara,Gorontalo,Kabupaten Gorontalo Utara,Gorontalo,,"VW59+M9F, Jl. Gudang Arang, Dambalo, Kec. Kwandang, Kabupaten Gorontalo Utara, Gorontalo",,,OK_GEO
ChIJAWVKF3K9lS0RhTWjveEdSfI,Gunung bacukiki,Kota Parepare,Sulawesi Selatan,Kota Parepare,Sulawesi Selatan,,"WMR9+9Q, WT. Bacukiki, Kec. Bacukiki, Kota Parepare, Sulawesi Selatan 91121",,,OK_GEO
ChIJ29vuifMlvC0RPUTJAmXvzUw,Bukit Tongke Tongke ( Camping),Kabupaten Sinjai,Sulawesi Selatan,Kabupaten Sinjai,Sulawesi Selatan,,"R7V7+M44 Tim, Tongke-Tongke, Kec. Sinjai Tim., Kabupaten Sinjai, Sulawesi Selatan",,,OK_GEO
ChIJKZvuEQBzhzIR3_O_dvck6A8,Air Terjun Regesan Tinoor,Kota Tomohon,Sulawesi Utara,Kota Tomohon,Sulawesi Utara,,"9RHJ+76J, Tinoor Satu, Kec. Tomohon Utara, Kota Tomohon, Sulawesi Utara",,,OK_GEO
ChIJa-LXDTSjizIRQBam-7YmngM,GPDI Bukit Zaitun Hesang,Kabupaten Kepulauan Sangihe,Sulawesi Utara,Kabupaten Kepulauan Sangihe,Sulawesi Utara,,"CGX6+GF2, Hesang, Tamako, Kabupaten Kepulauan Sangihe, Sulawesi Utara",,,OK_TEXT
ChIJaQ1S2DXB8jIRH8d81wtKZbc,Pantai paranti Tabang,Kabupaten Kepulauan Talaud,Sulawesi Utara,Kabupaten Kepulauan Talaud,Sulawesi Utara,,"7V6X+R7P, Kabupaten Kepulauan Talaud, Sulawesi Utara",,,OK_TEXT
ChIJD1iqDEq9iy0ROX1XgTdmqQM,Pantai Pompole Tosale,Kabupaten Donggala,Sulawesi Tengah,Kabupaten Donggala,Sulawesi Tengah,,"6MM9+JWQ, Tosale, Kec. Banawa Sel., Kabupaten Donggala, Sulawesi Tengah 94351",,,OK_GEO
ChIJyanaEADfiy0RqQTBi7_7KAI,Bukit Eksis Matolele,Kabupaten Parigi Moutong,Sulawesi Tengah,Kabupaten Parigi Moutong,Sulawesi Tengah,,"63RW+H4G, Matolele, Kec. Parigi Tengah, Kabupaten Parigi Moutong, Sulawesi Tengah 94471",,,OK_GEO
ChIJ52Wj0Gpfmi0RHfaEVUQjzTc,Tempat santai,Kabupaten Morowali,Sulawesi Tengah,Kabupaten Morowali,Sulawesi Tengah,,"8274+9QF, Unnamed Road, Kolono, Kec. Bungku Tengah, Kabupaten Morowali, Sulawesi Tengah 94973",,,OK_GEO
ChIJnRr4CQSlmi0R6yKMXN0BtJ8,Goa desa topogaro,Kabupaten Morowali,Sulawesi Tengah,Kabupaten Morowali,Sulawesi Tengah,,"Tofogaro, Kec. Bungku Bar., Kabupaten Morowali, Sulawesi Tengah 94976",,,OK_GEO
ChIJBaBbYgC1mC0RQ0l57J3TcmU,Tugu Lingkaran Hati Emas,Kabupaten Konawe Kepulauan,Sulawesi Tenggara,Kabupaten Konawe Kepulauan,Sulawesi Tenggara,,"XXGR+6PV, Langara Laut, Wawonii Bar., Konawe Kepulauan, Sulawesi Tenggara",,,OK_GEO
ChIJX6aDJSRHeTIRs4m59jmq3jI,Pantai Ilodulunga,Kabupaten Gorontalo Utara,Gorontalo,Kabupaten Gorontalo Utara,Gorontalo,,"RR9J+H82, Tolongio, Kec. Anggrek, Kabupaten Gorontalo Utara, Gorontalo 96525",,,OK_GEO
ChIJU0mBSkyxvi0RIyXEjY30W6k,Wisata Paccumikang,Kabupaten Jeneponto,Sulawesi Selatan,Kabupaten Jeneponto,Sulawesi Selatan,,"HW99+4WG, Paccumikang Desa, Jenetallasa, Kec. Rumbia, Kabupaten Jeneponto, Sulawesi Selatan 92451",,,OK_GEO
ChIJ07stpFK3vi0Rtqa6Ce9u-vQ,Air Terjun Galung Paleng,Kabupaten Jeneponto,Sulawesi Selatan,Kabupaten Jeneponto,Sulawesi Selatan,,"GVC3+6MP, Pallantikang, Kec. Rumbia, Kabupaten Jeneponto, Sulawesi Selatan 92371",,,OK_GEO
ChIJTcqFh6ALjC0RP-nR4tsyHAA,Air terjun salubi,Kabupaten Sigi,Sulawesi Tengah,Kabupaten Sigi,Sulawesi Tengah,,"VVV7+Q6G, Jono, Kec. Dolo Sel., Kabupaten Sigi, Sulawesi Tengah 94362",,,OK_TEXT
ChIJM-XFZwCJki0RFEcZ0owlQp0,Air terjun penonoan,Kabupaten Mamuju,Sulawesi Barat,Kabupaten Mamuju,Sulawesi Barat,,"PC25+46C, Leling Bar., Kec. Tommo, Kabupaten Mamuju, Sulawesi Barat 91562",,,OK_GEO
ChIJ6ad9rL6FlC0RQkQe8LonYqg,Buttu Lamba,Kabupaten Polewali Mandar,Sulawesi Barat,Kabupaten Polewali Mandar,Sulawesi Barat,,"Bunga-Bunga, Kec. Matakali, Kabupaten Polewali Mandar, Sulawesi Barat",,,OK_GEO
ChIJA7fJCeELii0R2yoDJbm7EHo,Pantai Tambu,Kabupaten Donggala,Sulawesi Tengah,Kabupaten Donggala,Sulawesi Tengah,,"Tambu, Balaesang, Mapane Tambu, Kec. Balaesang, Kabupaten Donggala, Sulawesi Tengah 94355",,,OK_GEO
ChIJVfpzbLN1hzIRWEYg5Qz6mwY,Gua Jepang Tikala Kumaraka,Kota Manado,Sulawesi Utara,Kota Manado,Sulawesi Utara,,"FRPW+FMH, Lawangirung, Kec. Wenang, Kota Manado, Sulawesi Utara",,,OK_GEO
ChIJbVROo709fjIRsMrshMUfcmo,Hutan Kota Bonawang Kotamobagu,Kota Kotamobagu,Sulawesi Utara,Kota Kotamobagu,Sulawesi Utara,,"Mongkonai Bar., Kec. Kotamobagu Bar., Kota Kotamobagu, Sulawesi Utara 95716",,,OK_GEO
ChIJ27_Aqsh6hzIR4FmJqPWHwbo,Air Terjun Mangatasik,Kabupaten Minahasa,Sulawesi Utara,Kabupaten Minahasa,Sulawesi Utara,,"9MP5+M6W, Ranowangko, Kec. Tombariri, Kabupaten Minahasa, Sulawesi Utara",,,OK_TEXT
ChIJSSe05taegDIRjOy9G3hG6lU,"Gereja GMIBM Bukit Sion Dodap, Bersatu",Kabupaten Bolaang Mongondow Timur,Sulawesi Utara,Kabupaten Bolaang Mongondow Timur,Sulawesi Utara,,"PH6Q+HMP, Dodap, Kec. Tutuyan, Kabupaten Bolaang Mongondow Timur, Sulawesi Utara",,,OK_GEO
ChIJgywosZEJizIR6XTzJKIWqj8,Tahuna Waterpark & Sport Center,Kabupaten Kepulauan Sangihe,Sulawesi Utara,Kabupaten Kepulauan Sangihe,Sulawesi Utara,,"Santiago, Kec. Tahuna, Kabupaten Kepulauan Sangihe, Sulawesi Utara",,,OK_TEXT
ChIJ__KKOADtiy0RCnwVWNKnjEk,Wisata Pantai Talise Palu,Kota Palu,Sulawesi Tengah,Kota Palu,Sulawesi Tengah,,"4VPH+97P, Jl. Kp. Nelayan, Talise, Kec. Mantikulore, Kota Palu, Sulawesi Tengah 94118",,,OK_TEXT
ChIJbwIrzXbDdTIR5Bm916EG4hs,Bendungan Desa Malonas Kec. Dampelas Kab. Donggala,Kabupaten Donggala,Sulawesi Tengah,Kabupaten Donggala,Sulawesi Tengah,,"7WCV+F9, Malonas, Kec. Damsol, Kabupaten Donggala, Sulawesi Tengah 94356",,,OK_GEO
ChIJ8crCUPpFji0RfzGmNHuXiPQ,Goa tangkaboba,Kabupaten Poso,Sulawesi Tengah,Kabupaten Poso,Sulawesi Tengah,,"6JQW+9W4, Tentena, Pamona Pusalemba, Kabupaten Poso, Sulawesi Tengah 94663",,,OK_TEXT
ChIJt8As-G7Dji0RVtvibKsCH1M,Tonomini wisata,Kabupaten Poso,Sulawesi Tengah,Kabupaten Poso,Sulawesi Tengah,,"MJWH+GWH, Jl. Trans Sulawesi, Tokorondo, Kec. Poso Pesisir, Kabupaten Poso, Sulawesi Tengah 94652",,,OK_TEXT
ChIJr2zM95Trjy0RsznvWMzNacU,Pantai Nikel Laterit,Kabupaten Morowali,Sulawesi Tengah,Kabupaten Morowali,Sulawesi Tengah,Kabupaten Morowali Utara,"489P+P26, Ganda Ganda, Kabupaten Morowali, Sulawesi Tengah",,,TEXT_WIN
ChIJQ9cGwD53pC0RL8WZrovH9Hk,Tanggul Khayal,Kota Baubau,Sulawesi Tenggara,Kota Baubau,Sulawesi Tenggara,,"Alun-Alun KOTAMARA, 93717",,,OK_GEO
ChIJp8UjD--foi0RocSpFhU8xR0,Wisata Alam Lambandia,Kabupaten Konawe Selatan,Sulawesi Tenggara,Kabupaten Konawe Selatan,Sulawesi Tenggara,,"J2Q7+9H6, Unnamed Road, Lambandia, Lalembuu, Kabupaten Konawe Selatan, Sulawesi Tenggara 93885",,,OK_GEO
ChIJJcfDIOQNmS0R5lNOjuzDJqU,Twin Lagoon,Kabupaten Konawe Utara,Sulawesi Tenggara,Kabupaten Konawe Utara,Sulawesi Tenggara,,"FCWW+JPH, Labengi, Kec. Lasolo, Kabupaten Konawe Utara, Sulawesi Tenggara 93352",,,OK_GEO
ChIJZdf3RiiTly0RzNpDDiMBzcI,PANTAI KEI-KEI,Kabupaten Kolaka,Sulawesi Tenggara,Kabupaten Kolaka,Sulawesi Tenggara,,"Kaloloa, Kec. Samaturu, Kabupaten Kolaka, Sulawesi Tenggara",,,OK_GEO
ChIJRWmI1_rBoy0RYTVU0B3LI_4,Pantai Tampunabale,Kabupaten Muna,Sulawesi Tenggara,Kabupaten Muna,Sulawesi Tenggara,,"XQ65+WF3, Tampunabale, Kec. Pasi Kolaga, Kabupaten Muna, Sulawesi Tenggara 93674",,,OK_GEO
ChIJgWldj1WJoy0RAxEWA62mkUg,Cliff One Waara,Kabupaten Buton,Sulawesi Tenggara,Kabupaten Buton,Sulawesi Tenggara,Kabupaten Buton Tengah,"JHFV+447, One Waara, Kec. Lakudo, Kabupaten Buton, Sulawesi Tenggara",,,TEXT_WIN
ChIJM0L3flHZki0RozZgHB22YNM,Gong Perdamaian Nusantara - Mamuju,Kabupaten Mamuju Tengah,Sulawesi Barat,Kabupaten Mamuju,Sulawesi Barat,,"Jl. Yos Sudarso No.13, Kabupaten Mamuju, 91511",,,OK_TEXT
ChIJ1WBI7NqJlC0RAr7RBuwSOvs,Anjungan Pantai Kota Polewali,Kabupaten Polewali Mandar,Sulawesi Barat,Kabupaten Polewali Mandar,Sulawesi Barat,,"H86X+9P8, Polewali, Kec. Polewali, Kabupaten Polewali Mandar, Sulawesi Barat",,,OK_GEO
ChIJu8ReMQCFeTIRtIdn07In98k,Air Terjun Didingga,Kabupaten Gorontalo Utara,Gorontalo,Kabupaten Gorontalo Utara,Gorontalo,,"W6QV+PMR, Potanga, Kec. Tolinggula, Kabupaten Gorontalo Utara, Gorontalo 96524",,,OK_GEO
ChIJySjZ2-dFlC0RwxJJ_Q3M5eE,Permainan alam bainang,Kabupaten Pinrang,Sulawesi Selatan,Kabupaten Pinrang,Sulawesi Selatan,,"8JW3+4R, Katomporang, Kec. Duampanua, Kabupaten Pinrang, Sulawesi Selatan 91253",,,OK_GEO
ChIJrc9sV833lS0RBuabe956T3c,Spot foto ladang jagung Bukit Jati,Kabupaten Soppeng,Sulawesi Selatan,Kabupaten Soppeng,Sulawesi Selatan,,"JVFQ+V7, Lalabata Rilau, Kec. Lalabata, Kabupaten Soppeng, Sulawesi Selatan 90812",,,OK_GEO
ChIJk7WKhZKPkS0RjO5BkDhTZrk,Buntu Balebo,Kabupaten Luwu Utara,Sulawesi Selatan,Kabupaten Luwu Utara,Sulawesi Selatan,,"Kamiri, Kec. Masamba, Kabupaten Luwu Utara, Sulawesi Selatan",,,OK_GEO
ChIJx4GqHmzhky0R00Vvy7DnHcM,WISATA GOA KALO DEWATA,Kota Palopo,Sulawesi Selatan,Kota Palopo,Sulawesi Selatan,,"24MW+3FP, Battang, Kec. Wara Bar., Kota Palopo, Sulawesi Selatan 91914",,,OK_GEO
ChIJfbHFoTv3fTIRnOgkSeWpD5Q,PANTAI SIDATE PAKUWERU,Kabupaten Minahasa Selatan,Sulawesi Utara,Kabupaten Minahasa Selatan,Sulawesi Utara,,"5CQG+FV, Pakuweru, Kabupaten Minahasa Selatan, Sulawesi Utara",,,OK_GEO
ChIJdfDCEQBNhzIRQBPNLuQqopo,Puncak Keletambal,Kabupaten Minahasa Tenggara,Sulawesi Utara,Kabupaten Minahasa Tenggara,Sulawesi Utara,,"Kuyanga, Kec. Tombatu Utara, Kabupaten Minahasa Tenggara, Sulawesi Utara",,,OK_GEO
ChIJG0mn5zP1iy0RkqiSFZ8WitM,Kawasan Wisata Sou Bauta,Kabupaten Sigi,Sulawesi Tengah,Kabupaten Sigi,Sulawesi Tengah,,"XV7F+MR8, Kawasan Wisata, Kaleke, Kec. Dolo Bar., Kabupaten Sigi, Sulawesi Tengah 94362",,,OK_TEXT
ChIJF5Mo7y-Pgy0RpHQzBU5Agvk,Mangrove Ambelang,Kabupaten Banggai Kepulauan,Sulawesi Tengah,Kabupaten Banggai Kepulauan,Sulawesi Tengah,,"Desa, Ambelang, Tinangkung, Kabupaten Banggai Kepulauan, Sulawesi Tengah 94885",,,OK_TEXT
ChIJV_bX9LoFly0RxRkd6TZJjf8,Air Terjun Torotuo,Kabupaten Kolaka Utara,Sulawesi Tenggara,Kabupaten Kolaka Utara,Sulawesi Tenggara,,"924F+FVF, Torotuo, Kecamatan Rante Angin, Kabupaten Kolaka Utara, Sulawesi Tenggara 93956",,,OK_GEO
ChIJQ2SCG4PJoy0RkAE81fSK39I,Danau Moko Putih,Kabupaten Muna,Sulawesi Tenggara,Kabupaten Muna,Sulawesi Tenggara,,"3QX6+72X, Lohia, Kec. Lohia, Kabupaten Muna, Sulawesi Tenggara 93658",,,OK_GEO
ChIJW4EtBACVlC0RkvC1fz398fE,Pantai Galetto,Kabupaten Polewali Mandar,Sulawesi Barat,Kabupaten Polewali Mandar,Sulawesi Barat,,"F2RX+5W, Karama, Kec. Tinambung, Kabupaten Polewali Mandar, Sulawesi Barat",,,OK_GEO
ChIJFZ6KqVxRvi0RTsYMfZRP8kE,Dermaga Padaria,Kabupaten Maros,Sulawesi Selatan,Kabupaten Maros,Sulawesi Selatan,,"3GW9+PJ6, Ampekale, Kec. Bontoa, Kabupaten Maros, Sulawesi Selatan",,,OK_GEO
ChIJf4iAKCTXvi0R-mmoSfTS92o,Moncong Peda,Kabupaten Takalar,Sulawesi Selatan,Kabupaten Takalar,Sulawesi Selatan,,"Bontokadatto, Kec. Polombangkeng Sel., Kabupaten Takalar, Sulawesi Selatan",,,OK_GEO
ChIJD1dWpSyjvi0RQEnjpOZHOko,Puncak lurayya,Kabupaten Bulukumba,Sulawesi Selatan,Kabupaten Bulukumba,Sulawesi Selatan,,"M2C5+WJM, Unnamed Road, Kindang, Kec. Kindang, Kabupaten Bulukumba, Sulawesi Selatan 92662",,,OK_GEO
ChIJGURbBR_rky0RgeX5XqJVsgI,Air Terjun Salu Kata,Kabupaten Toraja Utara,Sulawesi Selatan,Kabupaten Toraja Utara,Sulawesi Selatan,,"XRV7+QP7, Piongan, Kec. Dende' Piongan Napo, Kabupaten Toraja Utara, Sulawesi Selatan 91862",,,OK_GEO
ChIJ5e4if5JZkC0R_yokFhjhKmM,Wisata Kapal Karam Balantang,Kabupaten Luwu Timur,Sulawesi Selatan,Kabupaten Luwu Timur,Sulawesi Selatan,Kabupaten Luwu,"935J+HV7, Jl. Lure, Balantang, Malili, East Luwu Regency, South Sulawesi 92933",,,GEO_WIN
ChIJrQaTPF29iy0RwNU27SB23a4,KTM Landevaso,Kabupaten Donggala,Sulawesi Tengah,Kabupaten Donggala,Sulawesi Tengah,,"Jln. Trans Sulawesi, Tosale, Kec. Banawa Sel., Kabupaten Donggala, Sulawesi Tengah 94351",,,OK_GEO
ChIJV7PHQTjfiy0RokVmLDPdTUA,"Pantai Bolinaso, Desa Pelawa Baru",Kabupaten Parigi Moutong,Sulawesi Tengah,Kabupaten Parigi Moutong,Sulawesi Tengah,,"7439+FFM, Jl. Trans Sulawesi, Pelawa, Kec. Parigi Tengah, Kabupaten Parigi Moutong, Sulawesi Tengah",,,OK_GEO
ChIJMftu-PZhmi0Rp3IzA231r9A,Hutan Pinus Lantongke,Kabupaten Morowali,Sulawesi Tengah,Kabupaten Morowali,Sulawesi Tengah,,"8W8Q+RF5, Ululere, Kec. Bungku Timur, Kabupaten Morowali, Sulawesi Tengah 94973",,,OK_GEO
ChIJ56DFHgChmC0R_GBg3hqG39k,DANAU HITAM,Kabupaten Konawe Selatan,Sulawesi Tenggara,Kabupaten Konawe Selatan,Sulawesi Tenggara,,"QQ96+96, Ulusena Jaya, Kec. Kolono, Kabupaten Konawe Selatan, Sulawesi Tenggara 93395",,,OK_GEO
ChIJy93kO24llC0Rw1B3Z-LnR6Y,Wisata Alam Air Terjun Teppok,Kabupaten Sidenreng Rappang,Sulawesi Selatan,Kabupaten Sidenreng Rappang,Sulawesi Selatan,,"92CH+776, Tanatoro, Kec. Pitu Riase, Kabupaten Sidenreng Rappang, Sulawesi Selatan 91691",,,OK_GEO
ChIJ__JTIADvlS0R1dzHETn_4KQ,Floating Houses Tempe Lake,Kabupaten Soppeng,Sulawesi Selatan,Kabupaten Wajo,Sulawesi Selatan,,"RXCF+W5W, Siengkang, Sabbang Paru, Kabupaten Wajo, Sulawesi Selatan 90961",,,OK_TEXT
