2026-04-22 16:02:14 | INFO     | =================================================================
2026-04-22 16:02:14 | INFO     |   SCRAPE HARGA WISATA SULAWESI  –  v5.1 (geolokasi + aman Ctrl+C)
2026-04-22 16:02:14 | INFO     | =================================================================
2026-04-22 16:02:14 | INFO     | Input            : D:\semester6\mc_learning\scrapt_wisata\harga\..\hasil_scrap\wisata_sulawesi_cleaned_final.csv
2026-04-22 16:02:14 | INFO     | Output           : D:\semester6\mc_learning\scrapt_wisata\harga\scrap_harga_wisata.csv
2026-04-22 16:02:14 | INFO     | Log              : D:\semester6\mc_learning\scrapt_wisata\harga\logs\scrape_harga_20260422_160214.log
2026-04-22 16:02:14 | INFO     | Delay            : 2d/baris | L2=1d/link
2026-04-22 16:02:14 | INFO     | Auto-save setiap : 50 baris
2026-04-22 16:02:14 | INFO     | Konteks window   : ±220 karakter
2026-04-22 16:02:14 | INFO     | DDGS region      : id-id
2026-04-22 16:02:14 | INFO     | Playwright       : aktif (1 browser/run)
2026-04-22 16:02:14 | INFO     | =================================================================
2026-04-22 16:02:14 | INFO     | Membaca dataset induk dari: wisata_sulawesi_cleaned_final.csv ...
2026-04-22 16:02:14 | INFO     | >>> MENGAKTIFKAN MODE RESUME (Berdasarkan scrap_harga_wisata.csv)
2026-04-22 16:02:14 | INFO     | Total baris: 2708
2026-04-22 16:02:14 | INFO     | Distribusi kategori wisata:
2026-04-22 16:02:14 | INFO     |   Wisata Alam                        :  1725 baris | batas harga Rp 75,000
2026-04-22 16:02:14 | INFO     |   Wisata Kota / Landmark             :   808 baris | batas harga Rp 100,000
2026-04-22 16:02:14 | INFO     |   Wisata Budaya & Sejarah            :   128 baris | batas harga Rp 50,000
2026-04-22 16:02:14 | INFO     |   Wisata Religi                      :    38 baris | batas harga Rp 25,000
2026-04-22 16:02:14 | INFO     |   Wisata Hiburan                     :     9 baris | batas harga Rp 350,000
2026-04-22 16:02:14 | INFO     | -----------------------------------------------------------------
2026-04-22 16:02:14 | INFO     | Memulai proses pencarian harga ...
2026-04-22 16:02:14 | INFO     | -----------------------------------------------------------------
2026-04-22 16:02:40 | INFO     | [    1/2708] [SKIP]  'Losari Beach Platform' -> Rp 3000.0
2026-04-22 16:02:40 | INFO     | [    2/2708] [SKIP]  'Benteng Rotterdam' -> Rp 5000.0
2026-04-22 16:02:40 | INFO     | [    3/2708] [SKIP]  'Taman Nasional Bantimurung Bulusaraung' -> Rp 5000.0
2026-04-22 16:02:40 | INFO     | [    4/2708] [SKIP]  'Pantai Tak Berombak, PTB Maros' -> Rp 15000.0
2026-04-22 16:02:40 | INFO     | [    5/2708] [SKIP]  'Tongkonan Ke'te' Kesu'' -> Rp 15000.0
2026-04-22 16:02:40 | INFO     | [    6/2708] [SKIP]  'Menara Keagungan Limboto' -> Rp 5000.0
2026-04-22 16:02:40 | INFO     | [    7/2708] [SKIP]  'Taman Pakui Sayang' -> Rp 0.0
2026-04-22 16:02:40 | INFO     | [    8/2708] [SKIP]  'Masjid Raya Makassar' -> Rp 5000.0
2026-04-22 16:02:40 | INFO     | [    9/2708] [CARI]  'Taman Vatulemo' (Wisata Alam)
2026-04-22 16:02:40 | DEBUG    |   Lokasi: 'Kota Timur Tanamodindi Mantikulore' | 'Sulawesi Tengah'
2026-04-22 16:02:40 | DEBUG    |   Jarum geolokasi: ['sulawesi tengah', 'kota timur tanamodindi mantikulore', 'timur tanamodindi mantikulore', 'palu']
2026-04-22 16:02:40 | DEBUG    |   Batas harga (Wisata Alam): Rp 75,000
2026-04-22 16:02:40 | DEBUG    |   [L1] Query: "Taman Vatulemo ChIJg6bbPXPuiy0RHBVJC81ykoU harga tiket masuk"
2026-04-22 16:02:46 | DEBUG    |   [L1] Jumlah snippet: 5
2026-04-22 16:02:46 | DEBUG    |     Posisi kata tiket: []
2026-04-22 16:02:46 | DEBUG    |     Tidak ada kata tiket, fallback ke pencarian global.
2026-04-22 16:02:46 | DEBUG    |     Posisi kata tiket: []
2026-04-22 16:02:46 | DEBUG    |     Tidak ada kata tiket, fallback ke pencarian global.
2026-04-22 16:02:46 | DEBUG    |     [Lokasi] Tidak cocok — butuh salah satu dari: ['sulawesi tengah', 'kota timur tanamodindi mantikulore', 'timur tanamodindi mantikulore', 'palu']...
2026-04-22 16:02:46 | DEBUG    |   [L1] snippet 5: buang — tidak cocok lokasi alamat
2026-04-22 16:02:46 | DEBUG    |   [L1] Tidak ada harga di snippet | 4 URL untuk L2
2026-04-22 16:02:46 | DEBUG    |   [L1] Query: "Taman Vatulemo Kota Timur Tanamodindi Mantikulore Sulawesi Tengah harga tiket masuk"
2026-04-22 16:02:54 | DEBUG    |   [L1] DDGS percobaan 1/2: ConnectError: ConnectError('error sending request for url (https://html.duckduckgo.com/html/)', 'https://html.duckduckgo.com/html/')
2026-04-22 16:03:03 | DEBUG    |   [L1] DDGS percobaan 2/2: ConnectError: ConnectError('error sending request for url (https://html.duckduckgo.com/html/)', 'https://html.duckduckgo.com/html/')
2026-04-22 16:03:03 | ERROR    |   [L1] Error DDGS setelah retry: ConnectError: ConnectError('error sending request for url (https://html.duckduckgo.com/html/)', 'https://html.duckduckgo.com/html/')
2026-04-22 16:03:03 | DEBUG    |   [L1] Query: "Taman Vatulemo Kota Timur Tanamodindi Mantikulore Sulawesi Tengah HTM retribusi tiket masuk wisata"
2026-04-22 16:03:09 | DEBUG    |   [L1] DDGS percobaan 1/2: ConnectError: ConnectError('error sending request for url (https://html.duckduckgo.com/html/)', 'https://html.duckduckgo.com/html/')
2026-04-22 16:03:16 | DEBUG    |   [L1] DDGS percobaan 2/2: ConnectError: ConnectError('error sending request for url (https://html.duckduckgo.com/html/)', 'https://html.duckduckgo.com/html/')
2026-04-22 16:03:16 | ERROR    |   [L1] Error DDGS setelah retry: ConnectError: ConnectError('error sending request for url (https://html.duckduckgo.com/html/)', 'https://html.duckduckgo.com/html/')
2026-04-22 16:03:16 | DEBUG    |   [L2] Membuka: https://www.metrotvnews.com/read/bJECj2m6-tiket-masuk-tmii-diskon-51-ini-syaratnya
2026-04-22 16:03:17 | DEBUG    |     [Lokasi] Tidak cocok — butuh salah satu dari: ['sulawesi tengah', 'kota timur tanamodindi mantikulore', 'timur tanamodindi mantikulore', 'palu']...
2026-04-22 16:03:17 | DEBUG    |   [L2] Tolak isi halaman — tidak ada bukti lokasi alamat: https://www.metrotvnews.com/read/bJECj2m6-tiket-masuk-tmii-diskon-51-ini-syaratnya
2026-04-22 16:03:17 | DEBUG    |   [L2] Membuka: https://us.trip.com/travel-guide/attraction/south-palu/vatulemo-park-144407162/
2026-04-22 16:03:24 | DEBUG    |     Posisi kata tiket: []
2026-04-22 16:03:24 | DEBUG    |     Tidak ada kata tiket, fallback ke pencarian global.
2026-04-22 16:03:25 | DEBUG    |   [L2] Membuka: https://lelungan.net/aktifitas/taman
2026-04-22 16:03:27 | DEBUG    |   [L2] Status 403, lewati.
2026-04-22 16:03:27 | DEBUG    |   [L2] Membuka: https://www.indonesia.travel/gb/en/destination/sulawesi/central-sulawesi/taman-vatulemo/
2026-04-22 16:03:28 | DEBUG    |     Posisi kata tiket: []
2026-04-22 16:03:28 | DEBUG    |     Tidak ada kata tiket, fallback ke pencarian global.
2026-04-22 16:03:29 | DEBUG    |   [L3] Playwright coba 4 URL ...
2026-04-22 16:03:29 | DEBUG    |   [L3] Navigasi ke: https://www.metrotvnews.com/read/bJECj2m6-tiket-masuk-tmii-diskon-51-ini-syaratnya
2026-04-22 16:03:34 | DEBUG    |     [Lokasi] Tidak cocok — butuh salah satu dari: ['sulawesi tengah', 'kota timur tanamodindi mantikulore', 'timur tanamodindi mantikulore', 'palu']...
2026-04-22 16:03:34 | DEBUG    |   [L3] Tolak — tidak ada bukti lokasi alamat: https://www.metrotvnews.com/read/bJECj2m6-tiket-masuk-tmii-diskon-51-ini-syaratnya
2026-04-22 16:03:34 | DEBUG    |   [L3] Navigasi ke: https://us.trip.com/travel-guide/attraction/south-palu/vatulemo-park-144407162/
2026-04-22 16:03:54 | DEBUG    |   [L3] Error (https://us.trip.com/travel-guide/attraction/south-palu/vatulemo-park-144407162/): Page.goto: Timeout 20000ms exceeded.
Call log:
  - navigating to "https://us.trip.com/travel-guide/attraction/south-palu/vatulemo-park-144407162/", waiting until "domcontentloaded"

2026-04-22 16:03:54 | DEBUG    |   [L3] Navigasi ke: https://lelungan.net/aktifitas/taman
2026-04-22 16:03:55 | DEBUG    |     [Lokasi] Tidak cocok — butuh salah satu dari: ['sulawesi tengah', 'kota timur tanamodindi mantikulore', 'timur tanamodindi mantikulore', 'palu']...
2026-04-22 16:03:55 | DEBUG    |   [L3] Tolak — tidak ada bukti lokasi alamat: https://lelungan.net/aktifitas/taman
2026-04-22 16:03:55 | DEBUG    |   [L3] Navigasi ke: https://www.indonesia.travel/gb/en/destination/sulawesi/central-sulawesi/taman-vatulemo/
2026-04-22 16:04:00 | DEBUG    |     Posisi kata tiket: []
2026-04-22 16:04:00 | DEBUG    |     Tidak ada kata tiket, fallback ke pencarian global.
2026-04-22 16:04:00 | DEBUG    |   >> Semua level gagal — NULL.
2026-04-22 16:04:00 | INFO     | [    9/2708] [NULL]  'Taman Vatulemo' -> tidak ditemukan (diset '-')
2026-04-22 16:04:02 | INFO     | [   10/2708] [SKIP]  'Monumen Cinta Sejati Habibie-Ainun' -> Rp 1500.0
2026-04-22 16:04:02 | INFO     | [   11/2708] [SKIP]  'Pantai Losari' -> Rp 0.0
2026-04-22 16:04:02 | INFO     | [   12/2708] [SKIP]  'Tribun Pantai Seruni' -> Rp 15000.0
2026-04-22 16:04:02 | INFO     | [   13/2708] [SKIP]  'Bugis Waterpark Adventure' -> Rp 75000.0
2026-04-22 16:04:02 | INFO     | [   14/2708] [SKIP]  'Taman Kalong Watansoppeng' -> Rp 3000.0
2026-04-22 16:04:02 | INFO     | [   15/2708] [SKIP]  'Patung Tuhan Yesus Memberkati' -> Rp 10000.0
2026-04-22 16:04:02 | INFO     | [   16/2708] [SKIP]  'Pantai Losari' -> Rp 0.0
2026-04-22 16:04:02 | INFO     | [   17/2708] [SKIP]  'Tugu Zero Point' -> Rp 2500.0
2026-04-22 16:04:02 | INFO     | [   18/2708] [SKIP]  'Cinta Souvenir Bantimurung' -> Rp 5000.0
2026-04-22 16:04:02 | INFO     | [   19/2708] [SKIP]  'Lolai - To' Tombi, Negeri di atas awan' -> Rp 1500.0
2026-04-22 16:04:02 | INFO     | [   20/2708] [SKIP]  'Pantai Bira Pasir Putih' -> Rp 5000.0
2026-04-22 16:04:02 | INFO     | [   21/2708] [SKIP]  'Taman Gor' -> Rp 5000.0
2026-04-22 16:04:02 | INFO     | [   22/2708] [SKIP]  'Lolai Tongkonan Lempe' -> Rp 15000.0
2026-04-22 16:04:02 | INFO     | [   23/2708] [SKIP]  'Monumen Yesus Memberkati' -> Rp 15000.0
2026-04-22 16:04:02 | INFO     | [   24/2708] [SKIP]  'Wisata Kebun Gowa' -> Rp 15000.0
2026-04-22 16:04:02 | INFO     | [   25/2708] [SKIP]  'Taman Nasional Bunaken' -> Rp 5000.0
2026-04-22 16:04:02 | INFO     | [   26/2708] [SKIP]  'Taman Kota Kendari' -> Rp 0.0
2026-04-22 16:04:02 | INFO     | [   27/2708] [SKIP]  'Malino highlands' -> Rp 50000.0
2026-04-22 16:04:02 | INFO     | [   28/2708] [SKIP]  'Pantai Akkarena' -> Rp 1500.0
2026-04-22 16:04:02 | INFO     | [   29/2708] [SKIP]  'Taman Macan' -> Rp 0.0
2026-04-22 16:04:02 | INFO     | [   30/2708] [SKIP]  'Kampoeng Karst Rammang Rammang' -> Rp 15000.0
2026-04-22 16:04:02 | INFO     | [   31/2708] [SKIP]  'Lasinrang Park' -> Rp 10000.0
2026-04-22 16:04:02 | INFO     | [   32/2708] [SKIP]  'Tebing Apparalang' -> Rp 10000.0
2026-04-22 16:04:02 | INFO     | [   33/2708] [SKIP]  'Taman Nasional Bantimurung Bulusaraung' -> Rp 5000.0
2026-04-22 16:04:02 | INFO     | [   34/2708] [SKIP]  'Masjid Kubah 99' -> Rp 0.0
2026-04-22 16:04:02 | INFO     | [   35/2708] [CARI]  'Taman Musafir' (Wisata Alam)
2026-04-22 16:04:02 | DEBUG    |   Lokasi: 'Kabupaten Pangkajene Dan Kepulauan' | 'Sulawesi Selatan'
2026-04-22 16:04:02 | DEBUG    |   Jarum geolokasi: ['sulawesi selatan', 'kabupaten pangkajene dan kepulauan', 'pangkajene dan kepulauan']
2026-04-22 16:04:02 | DEBUG    |   Batas harga (Wisata Alam): Rp 75,000
2026-04-22 16:04:02 | DEBUG    |   [L1] Query: "Taman Musafir ChIJLQWTYilOvi0RBLtq01mDiSs harga tiket masuk"
2026-04-22 16:04:09 | DEBUG    |   [L1] DDGS percobaan 1/2: ConnectError: ConnectError('error sending request for url (https://html.duckduckgo.com/html/)', 'https://html.duckduckgo.com/html/')
2026-04-22 16:04:17 | DEBUG    |   [L1] DDGS percobaan 2/2: ConnectError: ConnectError('error sending request for url (https://html.duckduckgo.com/html/)', 'https://html.duckduckgo.com/html/')
2026-04-22 16:04:17 | ERROR    |   [L1] Error DDGS setelah retry: ConnectError: ConnectError('error sending request for url (https://html.duckduckgo.com/html/)', 'https://html.duckduckgo.com/html/')
2026-04-22 16:04:17 | DEBUG    |   [L1] Query: "Taman Musafir Kabupaten Pangkajene Dan Kepulauan Sulawesi Selatan harga tiket masuk"
2026-04-22 16:04:20 | DEBUG    |   [L1] Jumlah snippet: 5
2026-04-22 16:04:20 | DEBUG    |     Posisi kata tiket: []
2026-04-22 16:04:20 | DEBUG    |     Tidak ada kata tiket, fallback ke pencarian global.
2026-04-22 16:04:20 | DEBUG    |     [Lokasi] Tidak cocok — butuh salah satu dari: ['sulawesi selatan', 'kabupaten pangkajene dan kepulauan', 'pangkajene dan kepulauan']...
2026-04-22 16:04:20 | DEBUG    |   [L1] snippet 3: buang — tidak cocok lokasi alamat
2026-04-22 16:04:20 | DEBUG    |   [L1] Tidak ada harga di snippet | 4 URL untuk L2
2026-04-22 16:04:20 | DEBUG    |   [L1] Query: "Taman Musafir Kabupaten Pangkajene Dan Kepulauan Sulawesi Selatan HTM retribusi tiket masuk wisata"
2026-04-22 16:04:27 | DEBUG    |   [L1] DDGS percobaan 1/2: ConnectError: ConnectError('error sending request for url (https://html.duckduckgo.com/html/)', 'https://html.duckduckgo.com/html/')
2026-04-22 16:04:35 | DEBUG    |   [L1] DDGS percobaan 2/2: ConnectError: ConnectError('error sending request for url (https://html.duckduckgo.com/html/)', 'https://html.duckduckgo.com/html/')
2026-04-22 16:04:35 | ERROR    |   [L1] Error DDGS setelah retry: ConnectError: ConnectError('error sending request for url (https://html.duckduckgo.com/html/)', 'https://html.duckduckgo.com/html/')
2026-04-22 16:04:35 | DEBUG    |   [L2] Membuka: https://www.detik.com/sulsel/wisata/d-6447974/11-objek-wisata-pangkep-yang-cocok-untuk-mengisi-liburan
2026-04-22 16:04:40 | DEBUG    |     [Gratis] 'gratis' dekat kata false positive, dilewati.
2026-04-22 16:04:40 | DEBUG    |     [Gratis] 'gratis' valid — dekat kata tiket/masuk.
2026-04-22 16:04:40 | DEBUG    |   [L2] Gratis terdeteksi di https://www.detik.com/sulsel/wisata/d-6447974/11-objek-wisata-pangkep-yang-cocok-untuk-mengisi-liburan
2026-04-22 16:04:40 | DEBUG    |   >> Ditemukan di L2: Rp 0
2026-04-22 16:04:40 | INFO     | [   35/2708] [OK]    'Taman Musafir' -> Rp 0 (Gratis) [L2] https://www.detik.com/sulsel/wisata/d-6447974/11-objek-wisata-pangkep-
2026-04-22 16:04:42 | INFO     | [   36/2708] [SKIP]  'Taman Arkeologi Leang Leang' -> Rp 15000.0
2026-04-22 16:04:42 | INFO     | [   37/2708] [SKIP]  'Tonrangeng Riverside' -> Rp 1500.0
2026-04-22 16:04:42 | INFO     | [   38/2708] [SKIP]  'Taman Wisata Alam Lejja' -> Rp 3000.0
2026-04-22 16:04:42 | INFO     | [   39/2708] [SKIP]  'Space iklan 5x10. Anjungan Pantai Manakarra' -> Rp 0.0
2026-04-22 16:04:42 | INFO     | [   40/2708] [SKIP]  'Pantai Paal' -> Rp 10000.0
2026-04-22 16:04:42 | INFO     | [   41/2708] [SKIP]  'Masjid Al Markaz Al Islami Maros' -> Rp 15000.0
2026-04-22 16:04:42 | INFO     | [   42/2708] [SKIP]  'Museum Balla Lompoa' -> Rp 5000.0
2026-04-22 16:04:42 | INFO     | [   43/2708] [SKIP]  'Londa Ancient Graveyard' -> Rp 10000.0
2026-04-22 16:04:42 | INFO     | [   44/2708] [SKIP]  'Taman Nasional Wakatobi' -> Rp 0.0
2026-04-22 16:04:42 | INFO     | [   45/2708] [SKIP]  'Pelabuhan Paotere' -> Rp 3000.0
2026-04-22 16:04:42 | INFO     | [   46/2708] [SKIP]  'Pantai Tanjung Bira' -> Rp 2500.0
2026-04-22 16:04:42 | INFO     | [   47/2708] [SKIP]  'Air Terjun Takapala' -> Rp 5000.0
2026-04-22 16:04:42 | INFO     | [   48/2708] [SKIP]  'Benteng Otanaha' -> Rp 5000.0
2026-04-22 16:04:42 | INFO     | [   49/2708] [SKIP]  'Taman Mattirotasi' -> Rp 1500.0
2026-04-22 16:04:42 | INFO     | [   50/2708] [CARI]  'Wisata Bahari Seafood Restaurant' (Wisata Alam)
2026-04-22 16:04:42 | DEBUG    |   Lokasi: '' | 'Sulawesi Utara'
2026-04-22 16:04:42 | DEBUG    |   Jarum geolokasi: ['sulawesi utara']
2026-04-22 16:04:42 | DEBUG    |   Batas harga (Wisata Alam): Rp 75,000
2026-04-22 16:04:42 | DEBUG    |   [L1] Query: "Wisata Bahari Seafood Restaurant ChIJ2coc8PB0hzIR_XoswVHfP9I harga tiket masuk"
2026-04-22 16:04:47 | DEBUG    |   [L1] DDGS percobaan 1/2: RequestError: RequestError('error sending request for url (https://search.yahoo.com/search;_ylt=MrQA25IhYu_3Sc2cSBwyxtLe;_ylu=iKpZksqlVgvPeOn1Sa1n3xA5hsNwsMupYuLXDqEKMIn1_lw?p=Wisata+Bahari+Seafood+Restaurant+ChIJ2coc8PB0hzIR_XoswVHfP9I+harga+tiket+masuk)', 'https://search.yahoo.com/search;_ylt=MrQA25IhYu_3Sc2cSBwyxtLe;_ylu=iKpZksqlVgvPeOn1Sa1n3xA5hsNwsMupYuLXDqEKMIn1_lw?p=Wisata+Bahari+Seafood+Restaurant+ChIJ2coc8PB0hzIR_XoswVHfP9I+harga+tiket+masuk')
2026-04-22 16:04:54 | DEBUG    |   [L1] DDGS percobaan 2/2: RequestError: RequestError('error sending request for url (https://search.yahoo.com/search;_ylt=iKjWBDqT9EitK3HA1XcIyAd1;_ylu=V5mmYR1sASfjxnyr_GAj-LEW717lpSOAA2Lc5sSlmxZsxlI?p=Wisata+Bahari+Seafood+Restaurant+ChIJ2coc8PB0hzIR_XoswVHfP9I+harga+tiket+masuk)', 'https://search.yahoo.com/search;_ylt=iKjWBDqT9EitK3HA1XcIyAd1;_ylu=V5mmYR1sASfjxnyr_GAj-LEW717lpSOAA2Lc5sSlmxZsxlI?p=Wisata+Bahari+Seafood+Restaurant+ChIJ2coc8PB0hzIR_XoswVHfP9I+harga+tiket+masuk')
2026-04-22 16:04:54 | ERROR    |   [L1] Error DDGS setelah retry: RequestError: RequestError('error sending request for url (https://search.yahoo.com/search;_ylt=iKjWBDqT9EitK3HA1XcIyAd1;_ylu=V5mmYR1sASfjxnyr_GAj-LEW717lpSOAA2Lc5sSlmxZsxlI?p=Wisata+Bahari+Seafood+Restaurant+ChIJ2coc8PB0hzIR_XoswVHfP9I+harga+tiket+masuk)', 'https://search.yahoo.com/search;_ylt=iKjWBDqT9EitK3HA1XcIyAd1;_ylu=V5mmYR1sASfjxnyr_GAj-LEW717lpSOAA2Lc5sSlmxZsxlI?p=Wisata+Bahari+Seafood+Restaurant+ChIJ2coc8PB0hzIR_XoswVHfP9I+harga+tiket+masuk')
2026-04-22 16:04:54 | DEBUG    |   [L1] Query: "Wisata Bahari Seafood Restaurant Sulawesi Utara harga tiket masuk"
2026-04-22 16:05:00 | DEBUG    |   [L1] Jumlah snippet: 5
2026-04-22 16:05:00 | DEBUG    |     [Lokasi] Tidak cocok — butuh salah satu dari: ['sulawesi utara']...
2026-04-22 16:05:00 | DEBUG    |   [L1] snippet 2: buang — tidak cocok lokasi alamat
2026-04-22 16:05:00 | DEBUG    |   [L1] Tidak ada harga di snippet | 5 URL untuk L2
2026-04-22 16:05:00 | DEBUG    |   [L1] Query: "Wisata Bahari Seafood Restaurant Sulawesi Utara HTM retribusi tiket masuk wisata"
2026-04-22 16:05:09 | DEBUG    |   [L1] Jumlah snippet: 1
2026-04-22 16:05:09 | DEBUG    |   [L1] Tidak ada harga di snippet | 1 URL untuk L2
2026-04-22 16:05:09 | DEBUG    |   [L2] Membuka: https://www.tiketmasuk.com/museum-bahari/
2026-04-22 16:05:12 | DEBUG    |     [Lokasi] Tidak cocok — butuh salah satu dari: ['sulawesi utara']...
2026-04-22 16:05:12 | DEBUG    |   [L2] Tolak isi halaman — tidak ada bukti lokasi alamat: https://www.tiketmasuk.com/museum-bahari/
2026-04-22 16:05:12 | DEBUG    |   [L2] Membuka: https://wisatalova.com/seafood-terdekat-dari-lokasi-saya/
2026-04-22 16:05:14 | DEBUG    |     [Lokasi] Tidak cocok — butuh salah satu dari: ['sulawesi utara']...
2026-04-22 16:05:14 | DEBUG    |   [L2] Tolak isi halaman — tidak ada bukti lokasi alamat: https://wisatalova.com/seafood-terdekat-dari-lokasi-saya/
2026-04-22 16:05:14 | DEBUG    |   [L2] Membuka: https://tempatwisataseru.com/tempat-wisata-di-gorontalo/
2026-04-22 16:05:16 | DEBUG    |     [Gratis] 'free' valid — dekat kata tiket/masuk.
2026-04-22 16:05:16 | DEBUG    |   [L2] Gratis terdeteksi di https://tempatwisataseru.com/tempat-wisata-di-gorontalo/
2026-04-22 16:05:16 | DEBUG    |   >> Ditemukan di L2: Rp 0
2026-04-22 16:05:16 | INFO     | [   50/2708] [OK]    'Wisata Bahari Seafood Restaurant' -> Rp 0 (Gratis) [L2] https://tempatwisataseru.com/tempat-wisata-di-gorontalo/
2026-04-22 16:05:18 | INFO     | [   51/2708] [SKIP]  'Rumah Alam Manado Adventure Park' -> Rp 5000.0
2026-04-22 16:05:18 | INFO     | [   52/2708] [SKIP]  'Alun Alun Kota Polewali' -> Rp 5000.0
2026-04-22 16:05:18 | INFO     | [   53/2708] [SKIP]  'Wisata Pantai Topejawa' -> Rp 10000.0
2026-04-22 16:05:18 | INFO     | [   54/2708] [CARI]  'Masjid Agung Baiturrahim Gorontalo' (Wisata Religi)
2026-04-22 16:05:18 | DEBUG    |   Lokasi: 'Kota Gorontalo' | 'Gorontalo'
2026-04-22 16:05:18 | DEBUG    |   Jarum geolokasi: ['gorontalo', 'kota gorontalo']
2026-04-22 16:05:18 | DEBUG    |   Batas harga (Wisata Religi): Rp 25,000
2026-04-22 16:05:18 | DEBUG    |   [L1] Query: "Masjid Agung Baiturrahim Gorontalo ChIJE8ll5iAreTIReO_8uq1fdB4 harga tiket masuk"
2026-04-22 16:05:25 | DEBUG    |   [L1] DDGS percobaan 1/2: ConnectError: ConnectError('error sending request for url (https://html.duckduckgo.com/html/)', 'https://html.duckduckgo.com/html/')
2026-04-22 16:05:32 | DEBUG    |   [L1] DDGS percobaan 2/2: ConnectError: ConnectError('error sending request for url (https://html.duckduckgo.com/html/)', 'https://html.duckduckgo.com/html/')
2026-04-22 16:05:32 | ERROR    |   [L1] Error DDGS setelah retry: ConnectError: ConnectError('error sending request for url (https://html.duckduckgo.com/html/)', 'https://html.duckduckgo.com/html/')
2026-04-22 16:05:32 | DEBUG    |   [L1] Query: "Masjid Agung Baiturrahim Gorontalo Kota Gorontalo Gorontalo harga tiket masuk"
2026-04-22 16:05:37 | DEBUG    |   [L1] Jumlah snippet: 5
2026-04-22 16:05:37 | DEBUG    |     Posisi kata tiket: []
2026-04-22 16:05:37 | DEBUG    |     Tidak ada kata tiket, fallback ke pencarian global.
2026-04-22 16:05:37 | DEBUG    |     Posisi kata tiket: []
2026-04-22 16:05:37 | DEBUG    |     Tidak ada kata tiket, fallback ke pencarian global.
2026-04-22 16:05:37 | DEBUG    |     Posisi kata tiket: []
2026-04-22 16:05:37 | DEBUG    |     Tidak ada kata tiket, fallback ke pencarian global.
2026-04-22 16:05:37 | DEBUG    |   [L1] Tidak ada harga di snippet | 4 URL untuk L2
2026-04-22 16:05:37 | DEBUG    |   [L1] Query: "Masjid Agung Baiturrahim Gorontalo Kota Gorontalo Gorontalo HTM retribusi tiket masuk wisata"
2026-04-22 16:05:44 | DEBUG    |   [L1] DDGS percobaan 1/2: RequestError: RequestError('error sending request for url (https://search.yahoo.com/search;_ylt=m-2RjqvkvGfGdxK0hBB287rr;_ylu=1e_z7YzgaU8-3HrtWrWZycdOxCDpRn87pV6G4MFUawfPnqc?p=Masjid+Agung+Baiturrahim+Gorontalo+Kota+Gorontalo+Gorontalo+HTM+retribusi+tiket+masuk+wisata)', 'https://search.yahoo.com/search;_ylt=m-2RjqvkvGfGdxK0hBB287rr;_ylu=1e_z7YzgaU8-3HrtWrWZycdOxCDpRn87pV6G4MFUawfPnqc?p=Masjid+Agung+Baiturrahim+Gorontalo+Kota+Gorontalo+Gorontalo+HTM+retribusi+tiket+masuk+wisata')
2026-04-22 16:05:50 | DEBUG    |   [L1] DDGS percobaan 2/2: ConnectError: ConnectError('error sending request for url (https://html.duckduckgo.com/html/)', 'https://html.duckduckgo.com/html/')
2026-04-22 16:05:50 | ERROR    |   [L1] Error DDGS setelah retry: ConnectError: ConnectError('error sending request for url (https://html.duckduckgo.com/html/)', 'https://html.duckduckgo.com/html/')
2026-04-22 16:05:50 | DEBUG    |   [L2] Membuka: https://mollyrentcar.com/gorontalo/rental-mobil-gorontalo/
2026-04-22 16:05:53 | DEBUG    |     Posisi kata tiket: []
2026-04-22 16:05:53 | DEBUG    |     Tidak ada kata tiket, fallback ke pencarian global.
2026-04-22 16:05:54 | DEBUG    |   [L2] Membuka: https://ketikmedia.com/penginapan/hotel/hotel-murah-gorontalo
2026-04-22 16:05:58 | DEBUG    |     [Gratis] 'gratis' dekat kata false positive, dilewati.
2026-04-22 16:05:58 | DEBUG    |     [Gratis] 'gratis' dekat kata false positive, dilewati.
2026-04-22 16:05:58 | DEBUG    |     [Gratis] 'gratis' dekat kata false positive, dilewati.
2026-04-22 16:05:58 | DEBUG    |     [Gratis] 'gratis' dekat kata false positive, dilewati.
2026-04-22 16:05:58 | DEBUG    |     [Gratis] 'gratis' dekat kata false positive, dilewati.
2026-04-22 16:05:58 | DEBUG    |     [Gratis] 'gratis' dekat kata false positive, dilewati.
2026-04-22 16:05:58 | DEBUG    |     [Gratis] 'gratis' dekat kata false positive, dilewati.
2026-04-22 16:05:58 | DEBUG    |     [Gratis] 'gratis' dekat kata false positive, dilewati.
2026-04-22 16:05:58 | DEBUG    |     [Gratis] 'gratis' dekat kata false positive, dilewati.
2026-04-22 16:05:58 | DEBUG    |     [Gratis] 'gratis' dekat kata false positive, dilewati.
2026-04-22 16:05:58 | DEBUG    |     [Gratis] 'gratis' dekat kata false positive, dilewati.
2026-04-22 16:05:58 | DEBUG    |     [Gratis] 'gratis' dekat kata false positive, dilewati.
2026-04-22 16:05:58 | DEBUG    |     Posisi kata tiket: []
2026-04-22 16:05:58 | DEBUG    |     Tidak ada kata tiket, fallback ke pencarian global.
2026-04-22 16:05:58 | DEBUG    |     Rp 190,000 dekat kata akomodasi, dilewati.
2026-04-22 16:05:58 | DEBUG    |     Rp 220,000 dekat kata akomodasi, dilewati.
2026-04-22 16:05:58 | DEBUG    |     Rp 140,000 dekat kata akomodasi, dilewati.
2026-04-22 16:05:58 | DEBUG    |     Rp 149,000 dekat kata akomodasi, dilewati.
2026-04-22 16:05:58 | DEBUG    |     Rp 220,000 dekat kata akomodasi, dilewati.
2026-04-22 16:05:58 | DEBUG    |     Rp 200,000 dekat kata akomodasi, dilewati.
2026-04-22 16:05:58 | DEBUG    |     Rp 175,000 dekat kata akomodasi, dilewati.
2026-04-22 16:05:58 | DEBUG    |     Rp 50,000 dekat kata akomodasi, dilewati.
2026-04-22 16:05:58 | DEBUG    |     Rp 50,000 dekat kata akomodasi, dilewati.
2026-04-22 16:05:59 | DEBUG    |   [L2] Membuka: https://www.trackpacking.com/blog/6-kota-di-indonesia-yang-jarang-dikunjungi-wisatawan/
2026-04-22 16:06:00 | DEBUG    |     Posisi kata tiket: [7063]
2026-04-22 16:06:01 | DEBUG    |   [L2] Membuka: https://kataomed.com/blog/daftar-provinsi-dengan-persentase-muslim-terbesar-di-indonesia
2026-04-22 16:06:04 | DEBUG    |     Posisi kata tiket: []
2026-04-22 16:06:04 | DEBUG    |     Tidak ada kata tiket, fallback ke pencarian global.
2026-04-22 16:06:05 | DEBUG    |   [L3] Playwright coba 4 URL ...
2026-04-22 16:06:05 | DEBUG    |   [L3] Navigasi ke: https://mollyrentcar.com/gorontalo/rental-mobil-gorontalo/
2026-04-22 16:06:08 | DEBUG    |     Posisi kata tiket: []
2026-04-22 16:06:08 | DEBUG    |     Tidak ada kata tiket, fallback ke pencarian global.
2026-04-22 16:06:08 | DEBUG    |   [L3] Navigasi ke: https://ketikmedia.com/penginapan/hotel/hotel-murah-gorontalo
2026-04-22 16:06:09 | DEBUG    |   [L3] Error (https://ketikmedia.com/penginapan/hotel/hotel-murah-gorontalo): Page.goto: net::ERR_ABORTED at https://ketikmedia.com/penginapan/hotel/hotel-murah-gorontalo
Call log:
  - navigating to "https://ketikmedia.com/penginapan/hotel/hotel-murah-gorontalo", waiting until "domcontentloaded"

2026-04-22 16:06:09 | DEBUG    |   [L3] Navigasi ke: https://www.trackpacking.com/blog/6-kota-di-indonesia-yang-jarang-dikunjungi-wisatawan/
2026-04-22 16:06:15 | DEBUG    |     Posisi kata tiket: [7315]
2026-04-22 16:06:15 | DEBUG    |   [L3] Navigasi ke: https://kataomed.com/blog/daftar-provinsi-dengan-persentase-muslim-terbesar-di-indonesia
2026-04-22 16:06:26 | DEBUG    |     Posisi kata tiket: [8902]
2026-04-22 16:06:26 | DEBUG    |     Jendela mengandung kata akomodasi, dilewati.
2026-04-22 16:06:26 | DEBUG    |   >> Semua level gagal — NULL.
2026-04-22 16:06:26 | INFO     | [   54/2708] [NULL]  'Masjid Agung Baiturrahim Gorontalo' -> tidak ditemukan (diset '-')
2026-04-22 16:06:28 | INFO     | [   55/2708] [SKIP]  'Titik Nol KM Sulsel' -> Rp 5000.0
2026-04-22 16:06:28 | INFO     | [   56/2708] [SKIP]  'Pantai Pohon Cinta' -> Rp 5000.0
2026-04-22 16:06:28 | INFO     | [   57/2708] [SKIP]  'Benteng Keraton Kesultanan Buton (Negeri Khalifatul Khamis)' -> Rp 15000.0
2026-04-22 16:06:28 | INFO     | [   58/2708] [SKIP]  'Taman Berkat (GODBLESS PARK) Manado' -> Rp 0.0
2026-04-22 16:06:28 | INFO     | [   59/2708] [SKIP]  'Pantai Kilo 5' -> Rp 10000.0
2026-04-22 16:06:28 | INFO     | [   60/2708] [SKIP]  'Wisata Pantai Bintang Galesong' -> Rp 15000.0
2026-04-22 16:06:28 | INFO     | [   61/2708] [SKIP]  'Bukit Kasih Kanonang' -> Rp 10000.0
2026-04-22 16:06:28 | INFO     | [   62/2708] [SKIP]  'Kurenai Beach Resort' -> Rp 0.0
2026-04-22 16:06:28 | INFO     | [   63/2708] [SKIP]  'Paputo Beach' -> Rp 0.0
2026-04-22 16:06:28 | INFO     | [   64/2708] [SKIP]  'Danau Perintis' -> Rp 5000.0
2026-04-22 16:06:28 | INFO     | [   65/2708] [SKIP]  'Pantai Malalayang' -> Rp 0.0
2026-04-22 16:06:28 | INFO     | [   66/2708] [SKIP]  'Kendari Beach' -> Rp 0.0
2026-04-22 16:06:28 | INFO     | [   67/2708] [SKIP]  'Makatete Hills' -> Rp 15000.0
2026-04-22 16:06:28 | INFO     | [   68/2708] [SKIP]  'Pantai Kilo Lima' -> Rp 10000.0
2026-04-22 16:06:28 | INFO     | [   69/2708] [SKIP]  'Dermaga I Rammang-Rammang' -> Rp 25000.0
2026-04-22 16:06:28 | INFO     | [   70/2708] [SKIP]  'Taman Wisata Puncak Bila Sidrap' -> Rp 25000.0
2026-04-22 16:06:28 | INFO     | [   71/2708] [SKIP]  'Pantai Tanjung Karang' -> Rp 10000.0
2026-04-22 16:06:28 | INFO     | [   72/2708] [SKIP]  'Dermaga Dua Rammang Rammang' -> Rp 25000.0
2026-04-22 16:06:28 | INFO     | [   73/2708] [SKIP]  'pantai kamali' -> Rp 10000.0
2026-04-22 16:06:28 | INFO     | [   74/2708] [SKIP]  'Taman Hutan Kota Palu' -> Rp 0.0
2026-04-22 16:06:28 | INFO     | [   75/2708] [SKIP]  'Sierra Sky View' -> Rp 15000.0
2026-04-22 16:06:28 | INFO     | [   76/2708] [SKIP]  'Wisata Hiu Paus Botubarani Gorontalo' -> Rp 5000.0
2026-04-22 16:06:28 | INFO     | [   77/2708] [SKIP]  'Pulau Wisata Bokori' -> Rp 0.0
2026-04-22 16:06:28 | INFO     | [   78/2708] [SKIP]  'Pantai Ide' -> Rp 15000.0
2026-04-22 16:06:28 | INFO     | [   79/2708] [SKIP]  'Pantai Biru' -> Rp 5000.0
2026-04-22 16:06:28 | INFO     | [   80/2708] [SKIP]  'Taman dan Pantai Bahari Polewali' -> Rp 0.0
2026-04-22 16:06:28 | INFO     | [   81/2708] [SKIP]  'Samalona island' -> Rp 5000.0
2026-04-22 16:06:28 | INFO     | [   82/2708] [SKIP]  'Kebun Raya Kendari' -> Rp 3000.0
2026-04-22 16:06:28 | INFO     | [   83/2708] [SKIP]  'Kebun Denassa (Denassa Botanical Garden)' -> Rp 10000.0
2026-04-22 16:06:28 | INFO     | [   84/2708] [SKIP]  'Pantai Nirwana' -> Rp 10000.0
2026-04-22 16:06:28 | INFO     | [   85/2708] [SKIP]  'Danau Biru Kolaka Utara' -> Rp 5000.0
2026-04-22 16:06:28 | INFO     | [   86/2708] [SKIP]  'Objek Wisata Rante Kalimbuang Bori'' -> Rp 15000.0
2026-04-22 16:06:28 | INFO     | [   87/2708] [SKIP]  'Pantai Tanjung Bira' -> Rp 10000.0
2026-04-22 16:06:28 | INFO     | [   88/2708] [SKIP]  'Masjid Jami Tua Palopo' -> Rp 0.0
2026-04-22 16:06:28 | INFO     | [   89/2708] [SKIP]  'Tuur Ma'asering Kumelembuai Tomohon' -> Rp 15000.0
2026-04-22 16:06:28 | INFO     | [   90/2708] [SKIP]  'Benteng Ulanta' -> Rp 0.0
2026-04-22 16:06:28 | INFO     | [   91/2708] [SKIP]  'Gong Perdamaian' -> Rp 5000.0
2026-04-22 16:06:28 | INFO     | [   92/2708] [SKIP]  'Taman Bambu Runcing' -> Rp 0.0
2026-04-22 16:06:28 | INFO     | [   93/2708] [SKIP]  'Pantai Tamborasi' -> Rp 0.0
2026-04-22 16:06:28 | INFO     | [   94/2708] [SKIP]  'Pantai Dato Majene' -> Rp 5000.0
2026-04-22 16:06:28 | INFO     | [   95/2708] [SKIP]  'Hutan Mangrove Tongke-tongke' -> Rp 10000.0
2026-04-22 16:06:28 | INFO     | [   96/2708] [SKIP]  'GPI Waterpark' -> Rp 20000.0
2026-04-22 16:06:28 | INFO     | [   97/2708] [SKIP]  'Kebun Raya Jompie Kota Parepare' -> Rp 0.0
2026-04-22 16:06:28 | INFO     | [   98/2708] [SKIP]  'Taman Wisata Tangga 2000' -> Rp 5000.0
2026-04-22 16:06:28 | INFO     | [   99/2708] [SKIP]  'Wisata Kuliner Kab.Kolaka' -> Rp 74000.0
2026-04-22 16:06:28 | INFO     | [  100/2708] [SKIP]  'Menara Alfa Omega' -> Rp 5000.0
2026-04-22 16:06:28 | INFO     | [  101/2708] [SKIP]  'Pantai Harapan Ammani' -> Rp 10000.0
2026-04-22 16:06:28 | INFO     | [  102/2708] [SKIP]  'CitraLand WaterPark Manado' -> Rp 20000.0
2026-04-22 16:06:28 | INFO     | [  103/2708] [SKIP]  'Pango-Pango Makale' -> Rp 10000.0
2026-04-22 16:06:28 | INFO     | [  104/2708] [SKIP]  'Dante Pine' -> Rp 10000.0
2026-04-22 16:06:28 | INFO     | [  105/2708] [SKIP]  'Bukit Keles' -> Rp 0.0
2026-04-22 16:06:28 | INFO     | [  106/2708] [SKIP]  'CitraLand Waterpark' -> Rp 50000.0
2026-04-22 16:06:28 | INFO     | [  107/2708] [SKIP]  'Bukit Doa Mahawu' -> Rp 5000.0
2026-04-22 16:06:28 | INFO     | [  108/2708] [SKIP]  'Tugu Adipura' -> Rp 0.0
2026-04-22 16:06:28 | INFO     | [  109/2708] [SKIP]  'Tanjung Pallette' -> Rp 20000.0
2026-04-22 16:06:28 | INFO     | [  110/2708] [SKIP]  'Benteng Somba Opu' -> Rp 0.0
2026-04-22 16:06:28 | INFO     | [  111/2708] [SKIP]  'Monumen Patung Lakipadada' -> Rp 10000.0
2026-04-22 16:06:28 | INFO     | [  112/2708] [SKIP]  'Pantai Kampung Nelayan' -> Rp 15000.0
2026-04-22 16:06:28 | INFO     | [  113/2708] [CARI]  'Monumen B.J. Habibie' (Wisata Budaya & Sejarah)
2026-04-22 16:06:28 | DEBUG    |   Lokasi: 'Kabupaten Gorontalo' | 'Gorontalo'
2026-04-22 16:06:28 | DEBUG    |   Jarum geolokasi: ['gorontalo', 'kabupaten gorontalo']
2026-04-22 16:06:28 | DEBUG    |   Batas harga (Wisata Budaya & Sejarah): Rp 50,000
2026-04-22 16:06:28 | DEBUG    |   [L1] Query: "Monumen B.J. Habibie ChIJlZej4947eTIR-jg3ec6DR9E harga tiket masuk"
2026-04-22 16:06:35 | DEBUG    |   [L1] DDGS percobaan 1/2: ConnectError: ConnectError('error sending request for url (https://html.duckduckgo.com/html/)', 'https://html.duckduckgo.com/html/')
2026-04-22 16:06:46 | DEBUG    |   [L1] DDGS percobaan 2/2: ConnectError: ConnectError('error sending request for url (https://html.duckduckgo.com/html/)', 'https://html.duckduckgo.com/html/')
2026-04-22 16:06:46 | ERROR    |   [L1] Error DDGS setelah retry: ConnectError: ConnectError('error sending request for url (https://html.duckduckgo.com/html/)', 'https://html.duckduckgo.com/html/')
2026-04-22 16:06:46 | DEBUG    |   [L1] Query: "Monumen B.J. Habibie Kabupaten Gorontalo Gorontalo harga tiket masuk"
2026-04-22 16:06:48 | DEBUG    |   [L1] Jumlah snippet: 5
2026-04-22 16:06:48 | DEBUG    |     Posisi kata tiket: []
2026-04-22 16:06:48 | DEBUG    |     Tidak ada kata tiket, fallback ke pencarian global.
2026-04-22 16:06:48 | DEBUG    |     Posisi kata tiket: []
2026-04-22 16:06:48 | DEBUG    |     Tidak ada kata tiket, fallback ke pencarian global.
2026-04-22 16:06:48 | DEBUG    |     Posisi kata tiket: []
2026-04-22 16:06:48 | DEBUG    |     Tidak ada kata tiket, fallback ke pencarian global.
2026-04-22 16:06:48 | DEBUG    |     Posisi kata tiket: []
2026-04-22 16:06:48 | DEBUG    |     Tidak ada kata tiket, fallback ke pencarian global.
2026-04-22 16:06:48 | DEBUG    |     Posisi kata tiket: []
2026-04-22 16:06:48 | DEBUG    |     Tidak ada kata tiket, fallback ke pencarian global.
2026-04-22 16:06:48 | DEBUG    |   [L1] Tidak ada harga di snippet | 5 URL untuk L2
2026-04-22 16:06:48 | DEBUG    |   [L1] Query: "Monumen B.J. Habibie Kabupaten Gorontalo Gorontalo HTM retribusi tiket masuk wisata"
2026-04-22 16:06:56 | DEBUG    |   [L1] DDGS percobaan 1/2: ConnectError: ConnectError('error sending request for url (https://html.duckduckgo.com/html/)', 'https://html.duckduckgo.com/html/')
2026-04-22 16:07:05 | DEBUG    |   [L1] DDGS percobaan 2/2: ConnectError: ConnectError('error sending request for url (https://html.duckduckgo.com/html/)', 'https://html.duckduckgo.com/html/')
2026-04-22 16:07:05 | ERROR    |   [L1] Error DDGS setelah retry: ConnectError: ConnectError('error sending request for url (https://html.duckduckgo.com/html/)', 'https://html.duckduckgo.com/html/')
2026-04-22 16:07:05 | DEBUG    |   [L2] Membuka: https://gorontalo.tribunnews.com/2024/08/08/berita-foto-monumen-patung-bj-habibie-di-gorontalo
2026-04-22 16:07:06 | DEBUG    |     Posisi kata tiket: []
2026-04-22 16:07:06 | DEBUG    |     Tidak ada kata tiket, fallback ke pencarian global.
2026-04-22 16:07:07 | DEBUG    |   [L2] Membuka: https://id.wikipedia.org/wiki/Monumen_B.J._Habibie
2026-04-22 16:07:09 | DEBUG    |     Posisi kata tiket: []
2026-04-22 16:07:09 | DEBUG    |     Tidak ada kata tiket, fallback ke pencarian global.
2026-04-22 16:07:10 | DEBUG    |   [L2] Membuka: https://www.indonesia.travel/id/en/destination/sulawesi/gorontalo/monumen-bj-habibie
2026-04-22 16:07:11 | DEBUG    |     Posisi kata tiket: []
2026-04-22 16:07:11 | DEBUG    |     Tidak ada kata tiket, fallback ke pencarian global.
2026-04-22 16:07:12 | DEBUG    |   [L2] Membuka: https://idalamat.com/alamat/493597/monumen-bj-habibie-gorontalo-gorontalo
2026-04-22 16:07:14 | DEBUG    |     Posisi kata tiket: []
2026-04-22 16:07:14 | DEBUG    |     Tidak ada kata tiket, fallback ke pencarian global.
2026-04-22 16:07:15 | DEBUG    |   [L2] Membuka: https://p2k.stekom.ac.id/ensiklopedia/Monumen_B.J._Habibie
2026-04-22 16:07:16 | DEBUG    |   [L2] Status 403, lewati.
2026-04-22 16:07:16 | DEBUG    |   [L3] Playwright coba 5 URL ...
2026-04-22 16:07:16 | DEBUG    |   [L3] Navigasi ke: https://gorontalo.tribunnews.com/2024/08/08/berita-foto-monumen-patung-bj-habibie-di-gorontalo
2026-04-22 16:07:18 | DEBUG    |     Posisi kata tiket: []
2026-04-22 16:07:18 | DEBUG    |     Tidak ada kata tiket, fallback ke pencarian global.
2026-04-22 16:07:18 | DEBUG    |   [L3] Navigasi ke: https://id.wikipedia.org/wiki/Monumen_B.J._Habibie
2026-04-22 16:07:22 | DEBUG    |     Posisi kata tiket: []
2026-04-22 16:07:22 | DEBUG    |     Tidak ada kata tiket, fallback ke pencarian global.
2026-04-22 16:07:22 | DEBUG    |   [L3] Navigasi ke: https://www.indonesia.travel/id/en/destination/sulawesi/gorontalo/monumen-bj-habibie
2026-04-22 16:07:24 | DEBUG    |     Posisi kata tiket: []
2026-04-22 16:07:24 | DEBUG    |     Tidak ada kata tiket, fallback ke pencarian global.
2026-04-22 16:07:24 | DEBUG    |   [L3] Navigasi ke: https://idalamat.com/alamat/493597/monumen-bj-habibie-gorontalo-gorontalo
2026-04-22 16:07:30 | DEBUG    |     Posisi kata tiket: []
2026-04-22 16:07:30 | DEBUG    |     Tidak ada kata tiket, fallback ke pencarian global.
2026-04-22 16:07:30 | DEBUG    |   [L3] Navigasi ke: https://p2k.stekom.ac.id/ensiklopedia/Monumen_B.J._Habibie
2026-04-22 16:07:31 | DEBUG    |     [Lokasi] Tidak cocok — butuh salah satu dari: ['gorontalo', 'kabupaten gorontalo']...
2026-04-22 16:07:31 | DEBUG    |   [L3] Tolak — tidak ada bukti lokasi alamat: https://p2k.stekom.ac.id/ensiklopedia/Monumen_B.J._Habibie
2026-04-22 16:07:31 | DEBUG    |   >> Semua level gagal — NULL.
2026-04-22 16:07:31 | INFO     | [  113/2708] [NULL]  'Monumen B.J. Habibie' -> tidak ditemukan (diset '-')
2026-04-22 16:07:33 | INFO     | [  114/2708] [SKIP]  'Monumen Mandala Pembebasan Irian Barat' -> Rp 10000.0
2026-04-22 16:07:33 | INFO     | [  115/2708] [SKIP]  'Lappa Laona' -> Rp 5000.0
2026-04-22 16:07:33 | INFO     | [  116/2708] [SKIP]  'Danau Linow' -> Rp 0.0
2026-04-22 16:07:33 | INFO     | [  117/2708] [SKIP]  'Pantai Topejawa Takalar' -> Rp 50000.0
2026-04-22 16:07:33 | INFO     | [  118/2708] [SKIP]  'Wisata Bahari Kawasan Megamas' -> Rp 0.0
2026-04-22 16:07:33 | INFO     | [  119/2708] [SKIP]  'Pantai Lumpue' -> Rp 1500.0
2026-04-22 16:07:33 | INFO     | [  120/2708] [SKIP]  'Taman Laut Olele' -> Rp 0.0
2026-04-22 16:07:33 | INFO     | [  121/2708] [CARI]  'WISATA TAMENDAO BEACH' (Wisata Alam)
2026-04-22 16:07:33 | DEBUG    |   Lokasi: 'Kota Gorontalo' | 'Gorontalo'
2026-04-22 16:07:33 | DEBUG    |   Jarum geolokasi: ['gorontalo', 'kota gorontalo']
2026-04-22 16:07:33 | DEBUG    |   Batas harga (Wisata Alam): Rp 75,000
2026-04-22 16:07:33 | DEBUG    |   [L1] Query: "WISATA TAMENDAO BEACH ChIJQyUDZ53VeDIRm2mp-Ohmsuo harga tiket masuk"
2026-04-22 16:07:52 | DEBUG    |   [L1] DDGS percobaan 1/2: ('error sending request for url (https://html.duckduckgo.com/html/)', 'https://html.duckduckgo.com/html/')
2026-04-22 16:08:00 | DEBUG    |   [L1] DDGS percobaan 2/2: ConnectError: ConnectError('error sending request for url (https://html.duckduckgo.com/html/)', 'https://html.duckduckgo.com/html/')
2026-04-22 16:08:00 | ERROR    |   [L1] Error DDGS setelah retry: ConnectError: ConnectError('error sending request for url (https://html.duckduckgo.com/html/)', 'https://html.duckduckgo.com/html/')
2026-04-22 16:08:00 | DEBUG    |   [L1] Query: "WISATA TAMENDAO BEACH Kota Gorontalo Gorontalo harga tiket masuk"
2026-04-22 16:08:06 | DEBUG    |   [L1] Jumlah snippet: 5
2026-04-22 16:08:06 | DEBUG    |     [Gratis] 'gratis' dekat kata false positive, dilewati.
2026-04-22 16:08:06 | DEBUG    |     [Gratis] 'gratis' dekat kata false positive, dilewati.
2026-04-22 16:08:06 | DEBUG    |     Posisi kata tiket: []
2026-04-22 16:08:06 | DEBUG    |     Tidak ada kata tiket, fallback ke pencarian global.
2026-04-22 16:08:06 | DEBUG    |     Rp 5,000 dekat kata akomodasi, dilewati.
2026-04-22 16:08:06 | DEBUG    |     Posisi kata tiket: [127]
2026-04-22 16:08:06 | DEBUG    |     Jendela mengandung kata akomodasi, dilewati.
2026-04-22 16:08:06 | DEBUG    |     Posisi kata tiket: []
2026-04-22 16:08:06 | DEBUG    |     Tidak ada kata tiket, fallback ke pencarian global.
2026-04-22 16:08:06 | DEBUG    |   [L1] Tidak ada harga di snippet | 3 URL untuk L2
2026-04-22 16:08:06 | DEBUG    |   [L1] Query: "WISATA TAMENDAO BEACH Kota Gorontalo Gorontalo HTM retribusi tiket masuk wisata"
2026-04-22 16:08:14 | DEBUG    |   [L1] DDGS percobaan 1/2: ConnectError: ConnectError('error sending request for url (https://html.duckduckgo.com/html/)', 'https://html.duckduckgo.com/html/')
2026-04-22 16:08:21 | DEBUG    |   [L1] Jumlah snippet: 1
2026-04-22 16:08:21 | DEBUG    |   [L1] Tidak ada harga di snippet | 1 URL untuk L2
2026-04-22 16:08:21 | DEBUG    |   [L2] Membuka: https://tempatwisataseru.com/tempat-wisata-di-gorontalo/
2026-04-22 16:08:24 | DEBUG    |     [Gratis] 'free' valid — dekat kata tiket/masuk.
2026-04-22 16:08:24 | DEBUG    |   [L2] Gratis terdeteksi di https://tempatwisataseru.com/tempat-wisata-di-gorontalo/
2026-04-22 16:08:24 | DEBUG    |   >> Ditemukan di L2: Rp 0
2026-04-22 16:08:24 | INFO     | [  121/2708] [OK]    'WISATA TAMENDAO BEACH' -> Rp 0 (Gratis) [L2] https://tempatwisataseru.com/tempat-wisata-di-gorontalo/
2026-04-22 16:08:26 | INFO     | [  122/2708] [SKIP]  'Permandian Lereng Hijau Bulu Dua' -> Rp 0.0
2026-04-22 16:08:26 | INFO     | [  123/2708] [SKIP]  'Danau Paisu Pok Luk Panenteng' -> Rp 2000.0
2026-04-22 16:08:26 | INFO     | [  124/2708] [SKIP]  'Puncak Tetetana Suluan' -> Rp 10000.0
2026-04-22 16:08:26 | INFO     | [  125/2708] [SKIP]  'Pantai Toronipa' -> Rp 5000.0
2026-04-22 16:08:26 | INFO     | [  126/2708] [SKIP]  'Taman Purbakala Sumpang Bita' -> Rp 10000.0
2026-04-22 16:08:26 | INFO     | [  127/2708] [SKIP]  'Air Terjun Saluopa' -> Rp 1000.0
2026-04-22 16:08:26 | INFO     | [  128/2708] [SKIP]  'Taman Teratai' -> Rp 0.0
2026-04-22 16:08:26 | INFO     | [  129/2708] [SKIP]  'RM Bahari' -> Rp 2000.0
2026-04-22 16:08:26 | INFO     | [  130/2708] [SKIP]  'Pantai Indah Bosowa' -> Rp 10000.0
2026-04-22 16:08:26 | INFO     | [  131/2708] [SKIP]  'Pantai Botutonuo' -> Rp 5000.0
2026-04-22 16:08:26 | INFO     | [  132/2708] [SKIP]  'Wisata Malino' -> Rp 15000.0
2026-04-22 16:08:26 | INFO     | [  133/2708] [SKIP]  'Permandian Alam Ompo' -> Rp 3000.0
2026-04-22 16:08:26 | INFO     | [  134/2708] [SKIP]  'Tokong Ban Hin Kiong' -> Rp 0.0
2026-04-22 16:08:26 | INFO     | [  135/2708] [SKIP]  'Danau Tambing' -> Rp 10000.0
2026-04-22 16:08:26 | INFO     | [  136/2708] [SKIP]  'Taman Wisata Puncak Rurukan Tomohon' -> Rp 40000.0
2026-04-22 16:08:26 | INFO     | [  137/2708] [SKIP]  'Apparallang' -> Rp 5000.0
2026-04-22 16:08:26 | INFO     | [  138/2708] [SKIP]  'Pantai Mandra Kolaka' -> Rp 5000.0
2026-04-22 16:08:26 | INFO     | [  139/2708] [SKIP]  'Permandian Eremerasa Ermes bantaeng' -> Rp 3000.0
2026-04-22 16:08:26 | INFO     | [  140/2708] [SKIP]  'Air Terjun Moramo' -> Rp 10000.0
2026-04-22 16:08:26 | INFO     | [  141/2708] [SKIP]  'Pantai Marina Bantaeng' -> Rp 5000.0
2026-04-22 16:08:26 | INFO     | [  142/2708] [SKIP]  'Taman Kota Tomohon' -> Rp 20000.0
2026-04-22 16:08:26 | INFO     | [  143/2708] [SKIP]  'Masjid Tua Al-Hilal Katangka' -> Rp 0.0
2026-04-22 16:08:26 | INFO     | [  144/2708] [SKIP]  'Benteng Balangnipa' -> Rp 10000.0
2026-04-22 16:08:26 | INFO     | [  145/2708] [SKIP]  'Bukit Samata' -> Rp 20000.0
2026-04-22 16:08:26 | INFO     | [  146/2708] [CARI]  'Rumah Hijau Denassa' (Wisata Alam)
2026-04-22 16:08:26 | DEBUG    |   Lokasi: 'Kabupaten Gowa' | 'Sulawesi Selatan'
2026-04-22 16:08:26 | DEBUG    |   Jarum geolokasi: ['sulawesi selatan', 'kabupaten gowa', 'gowa']
2026-04-22 16:08:26 | DEBUG    |   Batas harga (Wisata Alam): Rp 75,000
2026-04-22 16:08:26 | DEBUG    |   [L1] Query: "Rumah Hijau Denassa ChIJcUTohz_fvi0RO8LpKcUmkGE harga tiket masuk"
2026-04-22 16:08:43 | DEBUG    |   [L1] DDGS percobaan 1/2: ConnectError: ConnectError('error sending request for url (https://html.duckduckgo.com/html/)', 'https://html.duckduckgo.com/html/')
2026-04-22 16:08:50 | DEBUG    |   [L1] Jumlah snippet: 5
2026-04-22 16:08:50 | DEBUG    |     Posisi kata tiket: [76, 149]
2026-04-22 16:08:50 | DEBUG    |     [Lokasi] Tidak cocok — butuh salah satu dari: ['sulawesi selatan', 'kabupaten gowa', 'gowa']...
2026-04-22 16:08:50 | DEBUG    |   [L1] snippet 2: buang — tidak cocok lokasi alamat
2026-04-22 16:08:50 | DEBUG    |     Posisi kata tiket: []
2026-04-22 16:08:50 | DEBUG    |     Tidak ada kata tiket, fallback ke pencarian global.
2026-04-22 16:08:50 | DEBUG    |     [Lokasi] Tidak cocok — butuh salah satu dari: ['sulawesi selatan', 'kabupaten gowa', 'gowa']...
2026-04-22 16:08:50 | DEBUG    |   [L1] snippet 4: buang — tidak cocok lokasi alamat
2026-04-22 16:08:50 | DEBUG    |     Posisi kata tiket: [401]
2026-04-22 16:08:50 | DEBUG    |   [L1] Tidak ada harga di snippet | 4 URL untuk L2
2026-04-22 16:08:50 | DEBUG    |   [L1] Query: "Rumah Hijau Denassa Kabupaten Gowa Sulawesi Selatan harga tiket masuk"
2026-04-22 16:08:54 | DEBUG    |   [L1] Jumlah snippet: 5
2026-04-22 16:08:54 | DEBUG    |     [Lokasi] Tidak cocok — butuh salah satu dari: ['sulawesi selatan', 'kabupaten gowa', 'gowa']...
2026-04-22 16:08:54 | DEBUG    |   [L1] snippet 1: buang — tidak cocok lokasi alamat
2026-04-22 16:08:54 | DEBUG    |     Posisi kata tiket: [4340, 4413]
2026-04-22 16:08:54 | DEBUG    |     Posisi kata tiket: [76, 149]
2026-04-22 16:08:54 | DEBUG    |     [Lokasi] Tidak cocok — butuh salah satu dari: ['sulawesi selatan', 'kabupaten gowa', 'gowa']...
2026-04-22 16:08:54 | DEBUG    |   [L1] snippet 4: buang — tidak cocok lokasi alamat
2026-04-22 16:08:54 | DEBUG    |     [Lokasi] Tidak cocok — butuh salah satu dari: ['sulawesi selatan', 'kabupaten gowa', 'gowa']...
2026-04-22 16:08:54 | DEBUG    |   [L1] snippet 5: buang — tidak cocok lokasi alamat
2026-04-22 16:08:54 | DEBUG    |   [L1] Tidak ada harga di snippet | 5 URL untuk L2
2026-04-22 16:08:54 | DEBUG    |   [L1] Query: "Rumah Hijau Denassa Kabupaten Gowa Sulawesi Selatan HTM retribusi tiket masuk wisata"
2026-04-22 16:09:05 | DEBUG    |   [L1] DDGS percobaan 1/2: ConnectError: ConnectError('error sending request for url (https://html.duckduckgo.com/html/)', 'https://html.duckduckgo.com/html/')
2026-04-22 16:09:12 | DEBUG    |   [L1] DDGS percobaan 2/2: RequestError: RequestError('error sending request for url (https://search.yahoo.com/search;_ylt=SwsgHk8rNTCrYo7F7MvJBkfh;_ylu=tMQKJbukbb4db3AYAYtCRqcGe3T2Gr2uFv9Pvq11_hIL4yw?p=Rumah+Hijau+Denassa+Kabupaten+Gowa+Sulawesi+Selatan+HTM+retribusi+tiket+masuk+wisata)', 'https://search.yahoo.com/search;_ylt=SwsgHk8rNTCrYo7F7MvJBkfh;_ylu=tMQKJbukbb4db3AYAYtCRqcGe3T2Gr2uFv9Pvq11_hIL4yw?p=Rumah+Hijau+Denassa+Kabupaten+Gowa+Sulawesi+Selatan+HTM+retribusi+tiket+masuk+wisata')
2026-04-22 16:09:12 | ERROR    |   [L1] Error DDGS setelah retry: RequestError: RequestError('error sending request for url (https://search.yahoo.com/search;_ylt=SwsgHk8rNTCrYo7F7MvJBkfh;_ylu=tMQKJbukbb4db3AYAYtCRqcGe3T2Gr2uFv9Pvq11_hIL4yw?p=Rumah+Hijau+Denassa+Kabupaten+Gowa+Sulawesi+Selatan+HTM+retribusi+tiket+masuk+wisata)', 'https://search.yahoo.com/search;_ylt=SwsgHk8rNTCrYo7F7MvJBkfh;_ylu=tMQKJbukbb4db3AYAYtCRqcGe3T2Gr2uFv9Pvq11_hIL4yw?p=Rumah+Hijau+Denassa+Kabupaten+Gowa+Sulawesi+Selatan+HTM+retribusi+tiket+masuk+wisata')
2026-04-22 16:09:12 | DEBUG    |   [L2] Membuka: https://jadesta.kemenpar.go.id/desa/rumah_hijau_denassa
2026-04-22 16:09:13 | DEBUG    |     Posisi kata tiket: []
2026-04-22 16:09:13 | DEBUG    |     Tidak ada kata tiket, fallback ke pencarian global.
2026-04-22 16:09:13 | DEBUG    |     Rp 20,000 dekat kata akomodasi, dilewati.
2026-04-22 16:09:13 | DEBUG    |     Rp 35,000 dekat kata akomodasi, dilewati.
2026-04-22 16:09:13 | DEBUG    |     Rp 250,000 dekat kata akomodasi, dilewati.
2026-04-22 16:09:13 | DEBUG    |     Rp 250,000 dekat kata akomodasi, dilewati.
2026-04-22 16:09:13 | DEBUG    |     Rp 35,000 dekat kata akomodasi, dilewati.
2026-04-22 16:09:13 | DEBUG    |     Rp 35,000 dekat kata akomodasi, dilewati.
2026-04-22 16:09:13 | DEBUG    |     Rp 50,000 dekat kata akomodasi, dilewati.
2026-04-22 16:09:13 | DEBUG    |     Rp 35,000 dekat kata akomodasi, dilewati.
2026-04-22 16:09:13 | DEBUG    |     Rp 100,000 dekat kata akomodasi, dilewati.
2026-04-22 16:09:13 | DEBUG    |     Kandidat valid: [25000], dipilih: Rp 25,000
2026-04-22 16:09:13 | DEBUG    |   [L2] Harga Rp 25,000 dari https://jadesta.kemenpar.go.id/desa/rumah_hijau_denassa
2026-04-22 16:09:13 | DEBUG    |   >> Ditemukan di L2: Rp 25,000
2026-04-22 16:09:13 | INFO     | [  146/2708] [OK]    'Rumah Hijau Denassa' -> Rp 25,000 (Mahal) [L2] https://jadesta.kemenpar.go.id/desa/rumah_hijau_denassa
2026-04-22 16:09:15 | INFO     | [  147/2708] [SKIP]  'Pantai Pulisan Sulawesi Utara' -> Rp 5000.0
2026-04-22 16:09:15 | INFO     | [  148/2708] [SKIP]  'Planet Waterboom' -> Rp 38500.0
2026-04-22 16:09:15 | INFO     | [  149/2708] [SKIP]  'Pantai Labombo' -> Rp 15000.0
2026-04-22 16:09:15 | INFO     | [  150/2708] [SKIP]  'Anjungan Cempae' -> Rp 1500.0
2026-04-22 16:09:15 | INFO     | [  151/2708] [SKIP]  'Air Terjun Salodik' -> Rp 15000.0
2026-04-22 16:09:15 | INFO     | [  152/2708] [SKIP]  'Pantai Jiko / Patokan' -> Rp 2000.0
2026-04-22 16:09:15 | INFO     | [  153/2708] [SKIP]  'Permandian Malotong' -> Rp 0.0
2026-04-22 16:09:15 | INFO     | [  154/2708] [SKIP]  'Pinrang Waterboom' -> Rp 10000.0
2026-04-22 16:09:15 | INFO     | [  155/2708] [SKIP]  'Pantai Laguna' -> Rp 0.0
2026-04-22 16:09:15 | INFO     | [  156/2708] [SKIP]  'Hutan Kota Bulukumba' -> Rp 10000.0
2026-04-22 16:09:15 | INFO     | [  157/2708] [SKIP]  'Goa Air Kontamale' -> Rp 0.0
2026-04-22 16:09:15 | INFO     | [  158/2708] [SKIP]  'Pantai Bonebula' -> Rp 1000.0
2026-04-22 16:09:15 | INFO     | [  159/2708] [SKIP]  'Pantai Bambahano' -> Rp 29000.0
2026-04-22 16:09:15 | INFO     | [  160/2708] [SKIP]  'Wisata Kali Biru' -> Rp 10000.0
2026-04-22 16:09:15 | INFO     | [  161/2708] [SKIP]  'Wisata Mangrove Lantebung' -> Rp 0.0
2026-04-22 16:09:15 | INFO     | [  162/2708] [SKIP]  'Anjungan Pantai Losari' -> Rp 0.0
2026-04-22 16:09:15 | INFO     | [  163/2708] [SKIP]  'Kai'santi Garden' -> Rp 25000.0
2026-04-22 16:09:15 | INFO     | [  164/2708] [SKIP]  'Benteng Moraya' -> Rp 5000.0
2026-04-22 16:09:15 | INFO     | [  165/2708] [SKIP]  'Museum Ne' Gandeng' -> Rp 10000.0
2026-04-22 16:09:15 | INFO     | [  166/2708] [SKIP]  'Bendung Benteng' -> Rp 5000.0
2026-04-22 16:09:15 | INFO     | [  167/2708] [SKIP]  'Monumen Korban 40.000 Jiwa' -> Rp 10000.0
2026-04-22 16:09:15 | INFO     | [  168/2708] [SKIP]  'Maros Highland' -> Rp 15000.0
2026-04-22 16:09:15 | INFO     | [  169/2708] [SKIP]  'Air Terjun Pialaa' -> Rp 1000.0
2026-04-22 16:09:15 | INFO     | [  170/2708] [SKIP]  'Narwastu Hills Resort' -> Rp 0.0
2026-04-22 16:09:15 | INFO     | [  171/2708] [SKIP]  'Pantai Bara, Bulukumba' -> Rp 15000.0
2026-04-22 16:09:15 | INFO     | [  172/2708] [SKIP]  'Pusat Laut Donggala' -> Rp 2500.0
2026-04-22 16:09:15 | INFO     | [  173/2708] [SKIP]  'Pulau Sangihe' -> Rp 15000.0
2026-04-22 16:09:15 | INFO     | [  174/2708] [SKIP]  'Wisata Hutan Pinus Dan Pemandian Air Panas' -> Rp 20000.0
2026-04-22 16:09:15 | INFO     | [  175/2708] [SKIP]  'Pongtorra - Puncak Tertinggi Lolai' -> Rp 15000.0
2026-04-22 16:09:15 | INFO     | [  176/2708] [CARI]  'Taman JH Ampana' (Wisata Alam)
2026-04-22 16:09:15 | DEBUG    |   Lokasi: '' | 'Sulawesi Tengah'
2026-04-22 16:09:15 | DEBUG    |   Jarum geolokasi: ['sulawesi tengah']
2026-04-22 16:09:15 | DEBUG    |   Batas harga (Wisata Alam): Rp 75,000
2026-04-22 16:09:15 | DEBUG    |   [L1] Query: "Taman JH Ampana ChIJy5feM_mmiC0RgL92kGk4XZg harga tiket masuk"
2026-04-22 16:09:19 | DEBUG    |   [L1] DDGS percobaan 1/2: RequestError: RequestError('error sending request for url (https://search.yahoo.com/search;_ylt=xtuSHs2iKYEturzPx3a7bORD;_ylu=2hRPpvUJ85ivonwJPfsI8Mcvmt70vVMoG7TX0N1NeOxVC5Q?p=Taman+JH+Ampana+ChIJy5feM_mmiC0RgL92kGk4XZg+harga+tiket+masuk)', 'https://search.yahoo.com/search;_ylt=xtuSHs2iKYEturzPx3a7bORD;_ylu=2hRPpvUJ85ivonwJPfsI8Mcvmt70vVMoG7TX0N1NeOxVC5Q?p=Taman+JH+Ampana+ChIJy5feM_mmiC0RgL92kGk4XZg+harga+tiket+masuk')
2026-04-22 16:09:24 | DEBUG    |   [L1] Jumlah snippet: 5
2026-04-22 16:09:24 | DEBUG    |     [Lokasi] Tidak cocok — butuh salah satu dari: ['sulawesi tengah']...
2026-04-22 16:09:24 | DEBUG    |   [L1] snippet 1: buang — tidak cocok lokasi alamat
2026-04-22 16:09:24 | DEBUG    |     [Lokasi] Tidak cocok — butuh salah satu dari: ['sulawesi tengah']...
2026-04-22 16:09:24 | DEBUG    |   [L1] snippet 2: buang — tidak cocok lokasi alamat
2026-04-22 16:09:24 | DEBUG    |     [Lokasi] Tidak cocok — butuh salah satu dari: ['sulawesi tengah']...
2026-04-22 16:09:24 | DEBUG    |   [L1] snippet 3: buang — tidak cocok lokasi alamat
2026-04-22 16:09:24 | DEBUG    |     [Lokasi] Tidak cocok — butuh salah satu dari: ['sulawesi tengah']...
2026-04-22 16:09:24 | DEBUG    |   [L1] snippet 4: buang — tidak cocok lokasi alamat
2026-04-22 16:09:24 | DEBUG    |     [Lokasi] Tidak cocok — butuh salah satu dari: ['sulawesi tengah']...
2026-04-22 16:09:24 | DEBUG    |   [L1] snippet 5: buang — tidak cocok lokasi alamat
2026-04-22 16:09:24 | DEBUG    |   [L1] Tidak ada harga di snippet | 4 URL untuk L2
2026-04-22 16:09:24 | DEBUG    |   [L1] Query: "Taman JH Ampana Sulawesi Tengah harga tiket masuk"
2026-04-22 16:09:25 | DEBUG    |   [L1] Jumlah snippet: 5
2026-04-22 16:09:25 | DEBUG    |     [Lokasi] Tidak cocok — butuh salah satu dari: ['sulawesi tengah']...
2026-04-22 16:09:25 | DEBUG    |   [L1] snippet 1: buang — tidak cocok lokasi alamat
2026-04-22 16:09:25 | DEBUG    |     [Lokasi] Tidak cocok — butuh salah satu dari: ['sulawesi tengah']...
2026-04-22 16:09:25 | DEBUG    |   [L1] snippet 2: buang — tidak cocok lokasi alamat
2026-04-22 16:09:25 | DEBUG    |     [Lokasi] Tidak cocok — butuh salah satu dari: ['sulawesi tengah']...
2026-04-22 16:09:25 | DEBUG    |   [L1] snippet 4: buang — tidak cocok lokasi alamat
2026-04-22 16:09:25 | DEBUG    |   [L1] Tidak ada harga di snippet | 5 URL untuk L2
2026-04-22 16:09:25 | DEBUG    |   [L1] Query: "Taman JH Ampana Sulawesi Tengah HTM retribusi tiket masuk wisata"
2026-04-22 16:09:31 | DEBUG    |   [L1] Jumlah snippet: 5
2026-04-22 16:09:31 | DEBUG    |     [Lokasi] Tidak cocok — butuh salah satu dari: ['sulawesi tengah']...
2026-04-22 16:09:31 | DEBUG    |   [L1] snippet 1: buang — tidak cocok lokasi alamat
2026-04-22 16:09:31 | DEBUG    |     [Lokasi] Tidak cocok — butuh salah satu dari: ['sulawesi tengah']...
2026-04-22 16:09:31 | DEBUG    |   [L1] snippet 4: buang — tidak cocok lokasi alamat
2026-04-22 16:09:31 | DEBUG    |     [Lokasi] Tidak cocok — butuh salah satu dari: ['sulawesi tengah']...
2026-04-22 16:09:31 | DEBUG    |   [L1] snippet 5: buang — tidak cocok lokasi alamat
2026-04-22 16:09:31 | DEBUG    |   [L1] Tidak ada harga di snippet | 5 URL untuk L2
2026-04-22 16:09:31 | DEBUG    |   [L2] Membuka: https://www.trip.com/travel-guide/attraction/tojo-una-una-regency/jh-parks-ampana-142689833/
2026-04-22 16:09:54 | DEBUG    |   [L2] Timeout: https://www.trip.com/travel-guide/attraction/tojo-una-una-regency/jh-parks-ampana-142689833/
2026-04-22 16:09:54 | DEBUG    |   [L2] Membuka: https://www.skyscanner.com/hotels/indonesia/ampana-hotels/near-taman-jh-ampana/pl-207139140
2026-04-22 16:09:55 | DEBUG    |     [Lokasi] Tidak cocok — butuh salah satu dari: ['sulawesi tengah']...
2026-04-22 16:09:55 | DEBUG    |   [L2] Tolak isi halaman — tidak ada bukti lokasi alamat: https://www.skyscanner.com/hotels/indonesia/ampana-hotels/near-taman-jh-ampana/pl-207139140
2026-04-22 16:09:55 | DEBUG    |   [L2] Membuka: https://www.skyscanner.net/hotels/indonesia/ampana-hotels/near-taman-jh-ampana/pl-207139140
2026-04-22 16:09:58 | DEBUG    |     [Lokasi] Tidak cocok — butuh salah satu dari: ['sulawesi tengah']...
2026-04-22 16:09:58 | DEBUG    |   [L2] Tolak isi halaman — tidak ada bukti lokasi alamat: https://www.skyscanner.net/hotels/indonesia/ampana-hotels/near-taman-jh-ampana/pl-207139140
2026-04-22 16:09:58 | DEBUG    |   [L2] Membuka: https://www.travelfish.org/transport/indonesia/sulawesi/central_sulawesi/ampana/all
2026-04-22 16:09:59 | DEBUG    |   [L2] Status 403, lewati.
2026-04-22 16:09:59 | DEBUG    |   [L2] Membuka: https://www.dalchaebi.me/wisata-ampana/
2026-04-22 16:10:02 | DEBUG    |     Posisi kata tiket: [1528, 3398]
2026-04-22 16:10:02 | DEBUG    |     Jendela mengandung kata akomodasi, dilewati.
2026-04-22 16:10:02 | DEBUG    |     Jendela mengandung kata akomodasi, dilewati.
2026-04-22 16:10:03 | DEBUG    |   [L2] Membuka: https://tourismtojounauna.com/detail_atraksi/wisata-kuliner-taman-jh
2026-04-22 16:10:05 | DEBUG    |     Posisi kata tiket: []
2026-04-22 16:10:05 | DEBUG    |     Tidak ada kata tiket, fallback ke pencarian global.
2026-04-22 16:10:06 | DEBUG    |   [L3] Playwright coba 6 URL ...
2026-04-22 16:10:06 | DEBUG    |   [L3] Navigasi ke: https://www.trip.com/travel-guide/attraction/tojo-una-una-regency/jh-parks-ampana-142689833/
2026-04-22 16:10:26 | DEBUG    |   [L3] Error (https://www.trip.com/travel-guide/attraction/tojo-una-una-regency/jh-parks-ampana-142689833/): Page.goto: Timeout 20000ms exceeded.
Call log:
  - navigating to "https://www.trip.com/travel-guide/attraction/tojo-una-una-regency/jh-parks-ampana-142689833/", waiting until "domcontentloaded"

2026-04-22 16:10:26 | DEBUG    |   [L3] Navigasi ke: https://www.skyscanner.com/hotels/indonesia/ampana-hotels/near-taman-jh-ampana/pl-207139140
2026-04-22 16:10:27 | DEBUG    |     [Lokasi] Tidak cocok — butuh salah satu dari: ['sulawesi tengah']...
2026-04-22 16:10:27 | DEBUG    |   [L3] Tolak — tidak ada bukti lokasi alamat: https://www.skyscanner.com/hotels/indonesia/ampana-hotels/near-taman-jh-ampana/pl-207139140
2026-04-22 16:10:27 | DEBUG    |   [L3] Navigasi ke: https://www.skyscanner.net/hotels/indonesia/ampana-hotels/near-taman-jh-ampana/pl-207139140
2026-04-22 16:10:29 | DEBUG    |     [Lokasi] Tidak cocok — butuh salah satu dari: ['sulawesi tengah']...
2026-04-22 16:10:29 | DEBUG    |   [L3] Tolak — tidak ada bukti lokasi alamat: https://www.skyscanner.net/hotels/indonesia/ampana-hotels/near-taman-jh-ampana/pl-207139140
2026-04-22 16:10:29 | DEBUG    |   [L3] Navigasi ke: https://www.travelfish.org/transport/indonesia/sulawesi/central_sulawesi/ampana/all
2026-04-22 16:10:31 | DEBUG    |     [Lokasi] Tidak cocok — butuh salah satu dari: ['sulawesi tengah']...
2026-04-22 16:10:31 | DEBUG    |   [L3] Tolak — tidak ada bukti lokasi alamat: https://www.travelfish.org/transport/indonesia/sulawesi/central_sulawesi/ampana/all
2026-04-22 16:10:31 | DEBUG    |   [L3] Navigasi ke: https://www.dalchaebi.me/wisata-ampana/
2026-04-22 16:10:34 | DEBUG    |     Posisi kata tiket: [2050, 3932]
2026-04-22 16:10:34 | DEBUG    |     Jendela mengandung kata akomodasi, dilewati.
2026-04-22 16:10:34 | DEBUG    |     Jendela mengandung kata akomodasi, dilewati.
2026-04-22 16:10:34 | DEBUG    |   [L3] Navigasi ke: https://tourismtojounauna.com/detail_atraksi/wisata-kuliner-taman-jh
2026-04-22 16:10:37 | DEBUG    |     Posisi kata tiket: []
2026-04-22 16:10:37 | DEBUG    |     Tidak ada kata tiket, fallback ke pencarian global.
2026-04-22 16:10:37 | DEBUG    |   >> Semua level gagal — NULL.
2026-04-22 16:10:37 | INFO     | [  176/2708] [NULL]  'Taman JH Ampana' -> tidak ditemukan (diset '-')
2026-04-22 16:10:39 | INFO     | [  177/2708] [SKIP]  'Rumah Adat Sao Mario' -> Rp 5000.0
2026-04-22 16:10:39 | INFO     | [  178/2708] [SKIP]  'Hutan Taman kota' -> Rp 0.0
2026-04-22 16:10:39 | INFO     | [  179/2708] [SKIP]  'Air Terjun Bantimurung Gallang' -> Rp 2500.0
2026-04-22 16:10:39 | INFO     | [  180/2708] [CARI]  'Lapangan Pancasila palopo' (Wisata Alam)
2026-04-22 16:10:39 | DEBUG    |   Lokasi: 'Kota Palopo' | 'Sulawesi Selatan'
2026-04-22 16:10:39 | DEBUG    |   Jarum geolokasi: ['sulawesi selatan', 'kota palopo', 'palopo']
2026-04-22 16:10:39 | DEBUG    |   Batas harga (Wisata Alam): Rp 75,000
2026-04-22 16:10:39 | DEBUG    |   [L1] Query: "Lapangan Pancasila palopo ChIJGX4zuJxfkS0R8U-CRGObz5Q harga tiket masuk"
2026-04-22 16:10:47 | DEBUG    |   [L1] DDGS percobaan 1/2: ConnectError: ConnectError('error sending request for url (https://html.duckduckgo.com/html/)', 'https://html.duckduckgo.com/html/')
2026-04-22 16:10:56 | DEBUG    |   [L1] DDGS percobaan 2/2: ConnectError: ConnectError('error sending request for url (https://html.duckduckgo.com/html/)', 'https://html.duckduckgo.com/html/')
2026-04-22 16:10:56 | ERROR    |   [L1] Error DDGS setelah retry: ConnectError: ConnectError('error sending request for url (https://html.duckduckgo.com/html/)', 'https://html.duckduckgo.com/html/')
2026-04-22 16:10:56 | DEBUG    |   [L1] Query: "Lapangan Pancasila palopo Kota Palopo Sulawesi Selatan harga tiket masuk"
2026-04-22 16:10:59 | DEBUG    |   [L1] Jumlah snippet: 5
2026-04-22 16:10:59 | DEBUG    |     Posisi kata tiket: []
2026-04-22 16:10:59 | DEBUG    |     Tidak ada kata tiket, fallback ke pencarian global.
2026-04-22 16:10:59 | DEBUG    |     Posisi kata tiket: []
2026-04-22 16:10:59 | DEBUG    |     Tidak ada kata tiket, fallback ke pencarian global.
2026-04-22 16:10:59 | DEBUG    |     Posisi kata tiket: []
2026-04-22 16:10:59 | DEBUG    |     Tidak ada kata tiket, fallback ke pencarian global.
2026-04-22 16:10:59 | DEBUG    |   [L1] Tidak ada harga di snippet | 5 URL untuk L2
2026-04-22 16:10:59 | DEBUG    |   [L1] Query: "Lapangan Pancasila palopo Kota Palopo Sulawesi Selatan HTM retribusi tiket masuk wisata"
2026-04-22 16:11:04 | DEBUG    |   [L1] DDGS percobaan 1/2: RequestError: RequestError('error sending request for url (https://search.yahoo.com/search;_ylt=_Om7KCjqJL7fZm6l3PHrSGvD;_ylu=W3zb6thFUxGxFAKdMXYsZxxCTGnOsvKSik5hSZFcB76MkB8?p=Lapangan+Pancasila+palopo+Kota+Palopo+Sulawesi+Selatan+HTM+retribusi+tiket+masuk+wisata)', 'https://search.yahoo.com/search;_ylt=_Om7KCjqJL7fZm6l3PHrSGvD;_ylu=W3zb6thFUxGxFAKdMXYsZxxCTGnOsvKSik5hSZFcB76MkB8?p=Lapangan+Pancasila+palopo+Kota+Palopo+Sulawesi+Selatan+HTM+retribusi+tiket+masuk+wisata')
2026-04-22 16:11:15 | DEBUG    |   [L1] DDGS percobaan 2/2: ConnectError: ConnectError('error sending request for url (https://html.duckduckgo.com/html/)', 'https://html.duckduckgo.com/html/')
2026-04-22 16:11:15 | ERROR    |   [L1] Error DDGS setelah retry: ConnectError: ConnectError('error sending request for url (https://html.duckduckgo.com/html/)', 'https://html.duckduckgo.com/html/')
2026-04-22 16:11:15 | DEBUG    |   [L2] Membuka: https://www.senangrekreasi.com/wisata-palopo/
2026-04-22 16:11:17 | DEBUG    |   [L2] Status 404, lewati.
2026-04-22 16:11:17 | DEBUG    |   [L2] Membuka: https://www.yusriahismail.com/2023/04/wisata-palopo.html
2026-04-22 16:11:19 | DEBUG    |     [Gratis] 'gratis' tidak dekat kata tiket, dilewati.
2026-04-22 16:11:19 | DEBUG    |     [Gratis] 'gratis' tidak dekat kata tiket, dilewati.
2026-04-22 16:11:19 | DEBUG    |     [Gratis] 'gratis' tidak dekat kata tiket, dilewati.
2026-04-22 16:11:19 | DEBUG    |     [Gratis] 'gratis' tidak dekat kata tiket, dilewati.
2026-04-22 16:11:19 | DEBUG    |     [Gratis] 'gratis' tidak dekat kata tiket, dilewati.
2026-04-22 16:11:19 | DEBUG    |     [Gratis] 'gratis' tidak dekat kata tiket, dilewati.
2026-04-22 16:11:19 | DEBUG    |     Posisi kata tiket: [1873, 2116, 2285, 5587]
2026-04-22 16:11:19 | DEBUG    |     Kandidat dari jendela tiket: Rp 25,000
2026-04-22 16:11:19 | DEBUG    |     Kandidat dari jendela tiket: Rp 25,000
2026-04-22 16:11:19 | DEBUG    |     Jendela mengandung kata akomodasi, dilewati.
2026-04-22 16:11:19 | DEBUG    |     Jendela mengandung kata akomodasi, dilewati.
2026-04-22 16:11:19 | DEBUG    |     Kandidat valid: [25000], dipilih: Rp 25,000
2026-04-22 16:11:19 | DEBUG    |   [L2] Harga Rp 25,000 dari https://www.yusriahismail.com/2023/04/wisata-palopo.html
2026-04-22 16:11:19 | DEBUG    |   >> Ditemukan di L2: Rp 25,000
2026-04-22 16:11:19 | INFO     | [  180/2708] [OK]    'Lapangan Pancasila palopo' -> Rp 25,000 (Mahal) [L2] https://www.yusriahismail.com/2023/04/wisata-palopo.html
2026-04-22 16:11:21 | INFO     | [  181/2708] [SKIP]  'Taman Usman Isa' -> Rp 20000.0
2026-04-22 16:11:21 | INFO     | [  182/2708] [SKIP]  'Wisata Alam Salu Pajaan' -> Rp 5000.0
2026-04-22 16:11:21 | INFO     | [  183/2708] [SKIP]  'Museum Kota Makassar' -> Rp 1000.0
2026-04-22 16:11:21 | INFO     | [  184/2708] [SKIP]  'Patung Cakalang Bitung' -> Rp 1500.0
2026-04-22 16:11:21 | INFO     | [  185/2708] [SKIP]  'Wisata Anjungan Teluk Kendari' -> Rp 10000.0
2026-04-22 16:11:21 | INFO     | [  186/2708] [SKIP]  'Kebun Binatang Tandurusa' -> Rp 5000.0
2026-04-22 16:11:21 | INFO     | [  187/2708] [SKIP]  'Masjid Arqam Baburahman' -> Rp 10000.0
2026-04-22 16:11:21 | INFO     | [  188/2708] [SKIP]  'Menralo Beach & Resort' -> Rp 5000.0
2026-04-22 16:11:21 | INFO     | [  189/2708] [SKIP]  'Permandian Taman Wisata Rita' -> Rp 0.0
2026-04-22 16:11:21 | INFO     | [  190/2708] [SKIP]  'Sou Raja Cagar Budaya Banua Oge' -> Rp 5000.0
2026-04-22 16:11:21 | INFO     | [  191/2708] [SKIP]  'Taman Nasional Kepulauan Togean' -> Rp 5000.0
2026-04-22 16:11:21 | INFO     | [  192/2708] [CARI]  'Pantai Tanjung Layar Putih' (Wisata Alam)
2026-04-22 16:11:21 | DEBUG    |   Lokasi: '' | ''
2026-04-22 16:11:21 | DEBUG    |   Jarum geolokasi: ['makassar']
2026-04-22 16:11:21 | DEBUG    |   Batas harga (Wisata Alam): Rp 75,000
2026-04-22 16:11:21 | DEBUG    |   [L1] Query: "Pantai Tanjung Layar Putih ChIJN6HdDbAdvy0RfgRh2_kWt5g harga tiket masuk"
2026-04-22 16:11:28 | DEBUG    |   [L1] DDGS percobaan 1/2: RequestError: RequestError('error sending request for url (https://search.yahoo.com/search;_ylt=EK1bfhAbqviUdSUZ0NH6C95r;_ylu=KDqIo4Son8XVOvF68zOK4M2S1w8aHC4fOxTIjCN8d9o2_bY?p=Pantai+Tanjung+Layar+Putih+ChIJN6HdDbAdvy0RfgRh2_kWt5g+harga+tiket+masuk)', 'https://search.yahoo.com/search;_ylt=EK1bfhAbqviUdSUZ0NH6C95r;_ylu=KDqIo4Son8XVOvF68zOK4M2S1w8aHC4fOxTIjCN8d9o2_bY?p=Pantai+Tanjung+Layar+Putih+ChIJN6HdDbAdvy0RfgRh2_kWt5g+harga+tiket+masuk')
2026-04-22 16:11:37 | DEBUG    |   [L1] DDGS percobaan 2/2: ConnectError: ConnectError('error sending request for url (https://html.duckduckgo.com/html/)', 'https://html.duckduckgo.com/html/')
2026-04-22 16:11:37 | ERROR    |   [L1] Error DDGS setelah retry: ConnectError: ConnectError('error sending request for url (https://html.duckduckgo.com/html/)', 'https://html.duckduckgo.com/html/')
2026-04-22 16:11:37 | DEBUG    |   [L1] Query: "Pantai Tanjung Layar Putih harga tiket masuk"
2026-04-22 16:11:39 | DEBUG    |   [L1] Jumlah snippet: 5
2026-04-22 16:11:39 | DEBUG    |     [Lokasi] Tidak cocok — butuh salah satu dari: ['makassar']...
2026-04-22 16:11:39 | DEBUG    |   [L1] snippet 1: buang — tidak cocok lokasi alamat
2026-04-22 16:11:39 | DEBUG    |     [Lokasi] Tidak cocok — butuh salah satu dari: ['makassar']...
2026-04-22 16:11:39 | DEBUG    |   [L1] snippet 2: buang — tidak cocok lokasi alamat
2026-04-22 16:11:39 | DEBUG    |     [Lokasi] Tidak cocok — butuh salah satu dari: ['makassar']...
2026-04-22 16:11:39 | DEBUG    |   [L1] snippet 3: buang — tidak cocok lokasi alamat
2026-04-22 16:11:39 | DEBUG    |     [Lokasi] Tidak cocok — butuh salah satu dari: ['makassar']...
2026-04-22 16:11:39 | DEBUG    |   [L1] snippet 4: buang — tidak cocok lokasi alamat
2026-04-22 16:11:39 | DEBUG    |     [Lokasi] Tidak cocok — butuh salah satu dari: ['makassar']...
2026-04-22 16:11:39 | DEBUG    |   [L1] snippet 5: buang — tidak cocok lokasi alamat
2026-04-22 16:11:39 | DEBUG    |   [L1] Tidak ada harga di snippet | 5 URL untuk L2
2026-04-22 16:11:39 | DEBUG    |   [L1] Query: "Pantai Tanjung Layar Putih HTM tiket masuk wisata"
2026-04-22 16:11:43 | DEBUG    |   [L1] Jumlah snippet: 5
2026-04-22 16:11:43 | DEBUG    |     Posisi kata tiket: [0]
2026-04-22 16:11:43 | DEBUG    |     [Lokasi] Tidak cocok — butuh salah satu dari: ['makassar']...
2026-04-22 16:11:43 | DEBUG    |   [L1] snippet 2: buang — tidak cocok lokasi alamat
2026-04-22 16:11:43 | DEBUG    |     [Lokasi] Tidak cocok — butuh salah satu dari: ['makassar']...
2026-04-22 16:11:43 | DEBUG    |   [L1] snippet 3: buang — tidak cocok lokasi alamat
2026-04-22 16:11:43 | DEBUG    |     [Lokasi] Tidak cocok — butuh salah satu dari: ['makassar']...
2026-04-22 16:11:43 | DEBUG    |   [L1] snippet 4: buang — tidak cocok lokasi alamat
2026-04-22 16:11:43 | DEBUG    |     [Lokasi] Tidak cocok — butuh salah satu dari: ['makassar']...
2026-04-22 16:11:43 | DEBUG    |   [L1] snippet 5: buang — tidak cocok lokasi alamat
2026-04-22 16:11:43 | DEBUG    |   [L1] Tidak ada harga di snippet | 5 URL untuk L2
2026-04-22 16:11:43 | DEBUG    |   [L2] Membuka: https://www.mawarnada.com/2019/08/terbaru-pantai-sawarna-tanjung-layar.html
2026-04-22 16:11:46 | DEBUG    |     [Lokasi] Tidak cocok — butuh salah satu dari: ['makassar']...
2026-04-22 16:11:46 | DEBUG    |   [L2] Tolak isi halaman — tidak ada bukti lokasi alamat: https://www.mawarnada.com/2019/08/terbaru-pantai-sawarna-tanjung-layar.html
2026-04-22 16:11:46 | DEBUG    |   [L2] Membuka: https://www.tempatwisata.pro/wisata/Pantai-Tanjung-Layar
2026-04-22 16:11:48 | DEBUG    |     [Lokasi] Tidak cocok — butuh salah satu dari: ['makassar']...
2026-04-22 16:11:48 | DEBUG    |   [L2] Tolak isi halaman — tidak ada bukti lokasi alamat: https://www.tempatwisata.pro/wisata/Pantai-Tanjung-Layar
2026-04-22 16:11:48 | DEBUG    |   [L2] Membuka: https://jadwaltravel.com/tiket-masuk-pantai-tanjung-layar/
2026-04-22 16:11:50 | DEBUG    |     [Lokasi] Tidak cocok — butuh salah satu dari: ['makassar']...
2026-04-22 16:11:50 | DEBUG    |   [L2] Tolak isi halaman — tidak ada bukti lokasi alamat: https://jadwaltravel.com/tiket-masuk-pantai-tanjung-layar/
2026-04-22 16:11:50 | DEBUG    |   [L2] Membuka: https://hargacampur.com/harga-tiket-masuk-pantai-tanjung-bira/
2026-04-22 16:11:52 | DEBUG    |     Posisi kata tiket: [0, 288, 633, 645, 702]
2026-04-22 16:11:52 | DEBUG    |     Kandidat dari jendela tiket: Rp 10,000
2026-04-22 16:11:52 | DEBUG    |     Kandidat dari jendela tiket: Rp 55,000
2026-04-22 16:11:52 | DEBUG    |     Kandidat dari jendela tiket: Rp 10,000
2026-04-22 16:11:52 | DEBUG    |     Kandidat dari jendela tiket: Rp 55,000
2026-04-22 16:11:52 | DEBUG    |     Kandidat dari jendela tiket: Rp 10,000
2026-04-22 16:11:52 | DEBUG    |     Kandidat dari jendela tiket: Rp 55,000
2026-04-22 16:11:52 | DEBUG    |     Kandidat dari jendela tiket: Rp 10,000
2026-04-22 16:11:52 | DEBUG    |     Kandidat dari jendela tiket: Rp 55,000
2026-04-22 16:11:52 | DEBUG    |     Kandidat dari jendela tiket: Rp 10,000
2026-04-22 16:11:52 | DEBUG    |     Kandidat dari jendela tiket: Rp 20,000
2026-04-22 16:11:52 | DEBUG    |     Kandidat dari jendela tiket: Rp 10,000
2026-04-22 16:11:52 | DEBUG    |     Kandidat dari jendela tiket: Rp 20,000
2026-04-22 16:11:52 | DEBUG    |     Kandidat dari jendela tiket: Rp 55,000
2026-04-22 16:11:52 | DEBUG    |     Kandidat dari jendela tiket: Rp 10,000
2026-04-22 16:11:52 | DEBUG    |     Kandidat dari jendela tiket: Rp 20,000
2026-04-22 16:11:52 | DEBUG    |     Kandidat dari jendela tiket: Rp 55,000
2026-04-22 16:11:52 | DEBUG    |     Kandidat dari jendela tiket: Rp 10,000
2026-04-22 16:11:52 | DEBUG    |     Kandidat dari jendela tiket: Rp 20,000
2026-04-22 16:11:52 | DEBUG    |     Kandidat dari jendela tiket: Rp 55,000
2026-04-22 16:11:52 | DEBUG    |     Kandidat dari jendela tiket: Rp 10,000
2026-04-22 16:11:52 | DEBUG    |     Kandidat dari jendela tiket: Rp 20,000
2026-04-22 16:11:52 | DEBUG    |     Kandidat dari jendela tiket: Rp 55,000
2026-04-22 16:11:52 | DEBUG    |     Kandidat dari jendela tiket: Rp 10,000
2026-04-22 16:11:52 | DEBUG    |     Kandidat dari jendela tiket: Rp 20,000
2026-04-22 16:11:52 | DEBUG    |     Kandidat dari jendela tiket: Rp 55,000
2026-04-22 16:11:52 | DEBUG    |     Kandidat dari jendela tiket: Rp 10,000
2026-04-22 16:11:52 | DEBUG    |     Kandidat dari jendela tiket: Rp 20,000
2026-04-22 16:11:52 | DEBUG    |     Kandidat dari jendela tiket: Rp 55,000
2026-04-22 16:11:52 | DEBUG    |     Kandidat valid: [10000, 20000, 55000], dipilih: Rp 10,000
2026-04-22 16:11:52 | DEBUG    |   [L2] Harga Rp 10,000 dari https://hargacampur.com/harga-tiket-masuk-pantai-tanjung-bira/
2026-04-22 16:11:52 | DEBUG    |   >> Ditemukan di L2: Rp 10,000
2026-04-22 16:11:52 | INFO     | [  192/2708] [OK]    'Pantai Tanjung Layar Putih' -> Rp 10,000 (Sedang) [L2] https://hargacampur.com/harga-tiket-masuk-pantai-tanjung-bira/
2026-04-22 16:11:54 | INFO     | [  193/2708] [SKIP]  'Desa Wisata Budo' -> Rp 10000.0
2026-04-22 16:11:54 | INFO     | [  194/2708] [SKIP]  'Gunung Latimojong' -> Rp 15000.0
2026-04-22 16:11:54 | INFO     | [  195/2708] [SKIP]  'Donggala Tanjung Karang Beach' -> Rp 1000.0
2026-04-22 16:11:54 | INFO     | [  196/2708] [SKIP]  'Kuburan Batu Lemo' -> Rp 15000.0
2026-04-22 16:11:54 | INFO     | [  197/2708] [SKIP]  'Kebun Raya Massenrempulu' -> Rp 3000.0
2026-04-22 16:11:54 | INFO     | [  198/2708] [SKIP]  'Pantai Marumasa' -> Rp 3000.0
2026-04-22 16:11:54 | INFO     | [  199/2708] [SKIP]  'Patung Bogani' -> Rp 1500.0
2026-04-22 16:11:54 | INFO     | [  200/2708] [SKIP]  'Pantai Bolihutuo' -> Rp 5000.0
2026-04-22 16:11:54 | INFO     | [  201/2708] [SKIP]  'Taman Cekkeng Bulukumba' -> Rp 0.0
2026-04-22 16:11:54 | INFO     | [  202/2708] [SKIP]  'Tanjung Bira' -> Rp 2500.0
2026-04-22 16:11:54 | INFO     | [  203/2708] [SKIP]  'Pantai Ujung Batu' -> Rp 3000.0
2026-04-22 16:11:54 | INFO     | [  204/2708] [SKIP]  'Taman Cinta Palleko' -> Rp 0.0
2026-04-22 16:11:54 | INFO     | [  205/2708] [SKIP]  'Parangloe Waterfall' -> Rp 3000.0
2026-04-22 16:11:54 | INFO     | [  206/2708] [SKIP]  'Celebes Canyon' -> Rp 5000.0
2026-04-22 16:11:54 | INFO     | [  207/2708] [CARI]  'Monumen Bambu Runcing Rappang' (Wisata Budaya & Sejarah)
2026-04-22 16:11:54 | DEBUG    |   Lokasi: 'Kabupaten Sidenreng Rappang' | 'Sulawesi Selatan'
2026-04-22 16:11:54 | DEBUG    |   Jarum geolokasi: ['sulawesi selatan', 'kabupaten sidenreng rappang', 'sidenreng rappang']
2026-04-22 16:11:54 | DEBUG    |   Batas harga (Wisata Budaya & Sejarah): Rp 50,000
2026-04-22 16:11:54 | DEBUG    |   [L1] Query: "Monumen Bambu Runcing Rappang ChIJw5_ui-3KlS0RIE1CODcIa5g harga tiket masuk"
2026-04-22 16:12:06 | DEBUG    |   [L1] DDGS percobaan 1/2: ConnectError: ConnectError('error sending request for url (https://html.duckduckgo.com/html/)', 'https://html.duckduckgo.com/html/')
2026-04-22 16:12:22 | DEBUG    |   [L1] DDGS percobaan 2/2: DecodeError: DecodeError('Body collection error: error decoding response body')
2026-04-22 16:12:22 | ERROR    |   [L1] Error DDGS setelah retry: DecodeError: DecodeError('Body collection error: error decoding response body')
2026-04-22 16:12:22 | DEBUG    |   [L1] Query: "Monumen Bambu Runcing Rappang Kabupaten Sidenreng Rappang Sulawesi Selatan harga tiket masuk"
2026-04-22 16:12:31 | DEBUG    |   [L1] Jumlah snippet: 2
2026-04-22 16:12:31 | DEBUG    |     Posisi kata tiket: []
2026-04-22 16:12:31 | DEBUG    |     Tidak ada kata tiket, fallback ke pencarian global.
2026-04-22 16:12:31 | DEBUG    |     Posisi kata tiket: []
2026-04-22 16:12:31 | DEBUG    |     Tidak ada kata tiket, fallback ke pencarian global.
2026-04-22 16:12:31 | DEBUG    |   [L1] Tidak ada harga di snippet | 2 URL untuk L2
2026-04-22 16:12:31 | DEBUG    |   [L1] Query: "Monumen Bambu Runcing Rappang Kabupaten Sidenreng Rappang Sulawesi Selatan HTM retribusi tiket masuk wisata"
2026-04-22 16:12:37 | DEBUG    |   [L1] DDGS percobaan 1/2: ConnectError: ConnectError('error sending request for url (https://html.duckduckgo.com/html/)', 'https://html.duckduckgo.com/html/')
2026-04-22 16:12:43 | DEBUG    |   [L1] DDGS percobaan 2/2: ConnectError: ConnectError('error sending request for url (https://html.duckduckgo.com/html/)', 'https://html.duckduckgo.com/html/')
2026-04-22 16:12:43 | ERROR    |   [L1] Error DDGS setelah retry: ConnectError: ConnectError('error sending request for url (https://html.duckduckgo.com/html/)', 'https://html.duckduckgo.com/html/')
2026-04-22 16:12:43 | DEBUG    |   [L2] Membuka: https://www.celebes.co/monumen-bambu-runcing-rappang
2026-04-22 16:12:44 | DEBUG    |     [Gratis] 'gratis' valid — dekat kata tiket/masuk.
2026-04-22 16:12:44 | DEBUG    |   [L2] Gratis terdeteksi di https://www.celebes.co/monumen-bambu-runcing-rappang
2026-04-22 16:12:44 | DEBUG    |   >> Ditemukan di L2: Rp 0
2026-04-22 16:12:44 | INFO     | [  207/2708] [OK]    'Monumen Bambu Runcing Rappang' -> Rp 0 (Gratis) [L2] https://www.celebes.co/monumen-bambu-runcing-rappang
2026-04-22 16:12:46 | INFO     | [  208/2708] [SKIP]  'Pantai Nambo' -> Rp 4000.0
2026-04-22 16:12:46 | INFO     | [  209/2708] [SKIP]  'Pantai Batuangus' -> Rp 70000.0
2026-04-22 16:12:46 | INFO     | [  210/2708] [SKIP]  'Taman Purbakala Batu Pake Gojeng' -> Rp 2500.0
2026-04-22 16:12:46 | INFO     | [  211/2708] [SKIP]  'Pantai Lumintang Bentenan Ratahan' -> Rp 5000.0
2026-04-22 16:12:46 | INFO     | [  212/2708] [CARI]  'Taman Budaya Hasan Bahasyuan Masigi' (Wisata Alam)
2026-04-22 16:12:46 | DEBUG    |   Lokasi: 'Kabupaten Parigi Moutong' | 'Sulawesi Tengah'
2026-04-22 16:12:46 | DEBUG    |   Jarum geolokasi: ['sulawesi tengah', 'kabupaten parigi moutong', 'parigi moutong', 'parigi']
2026-04-22 16:12:46 | DEBUG    |   Batas harga (Wisata Alam): Rp 75,000
2026-04-22 16:12:46 | DEBUG    |   [L1] Query: "Taman Budaya Hasan Bahasyuan Masigi ChIJazcVbYRfiS0R4xedH42NQvY harga tiket masuk"
2026-04-22 16:12:52 | DEBUG    |   [L1] DDGS percobaan 1/2: RequestError: RequestError('error sending request for url (https://search.yahoo.com/search;_ylt=ZMiK-zMCADGffvjLS8vBN_WP;_ylu=BvYeXOXxHTWGnWkh4jS-b2oqi2OvFEQ4qHk29u9ycjVuZoE?p=Taman+Budaya+Hasan+Bahasyuan+Masigi+ChIJazcVbYRfiS0R4xedH42NQvY+harga+tiket+masuk)', 'https://search.yahoo.com/search;_ylt=ZMiK-zMCADGffvjLS8vBN_WP;_ylu=BvYeXOXxHTWGnWkh4jS-b2oqi2OvFEQ4qHk29u9ycjVuZoE?p=Taman+Budaya+Hasan+Bahasyuan+Masigi+ChIJazcVbYRfiS0R4xedH42NQvY+harga+tiket+masuk')
2026-04-22 16:12:58 | DEBUG    |   [L1] DDGS percobaan 2/2: ConnectError: ConnectError('error sending request for url (https://html.duckduckgo.com/html/)', 'https://html.duckduckgo.com/html/')
2026-04-22 16:12:58 | ERROR    |   [L1] Error DDGS setelah retry: ConnectError: ConnectError('error sending request for url (https://html.duckduckgo.com/html/)', 'https://html.duckduckgo.com/html/')
2026-04-22 16:12:58 | DEBUG    |   [L1] Query: "Taman Budaya Hasan Bahasyuan Masigi Kabupaten Parigi Moutong Sulawesi Tengah harga tiket masuk"
2026-04-22 16:13:06 | DEBUG    |   [L1] DDGS percobaan 1/2: RequestError: RequestError('error sending request for url (https://search.yahoo.com/search;_ylt=Ic4lJcAlnJ_0wa2CVo3zuX4l;_ylu=VfRq5eF2aWKZ2uxNWpVER3haAC6JMrymwW7lJkGvDXeonl0?p=Taman+Budaya+Hasan+Bahasyuan+Masigi+Kabupaten+Parigi+Moutong+Sulawesi+Tengah+harga+tiket+masuk)', 'https://search.yahoo.com/search;_ylt=Ic4lJcAlnJ_0wa2CVo3zuX4l;_ylu=VfRq5eF2aWKZ2uxNWpVER3haAC6JMrymwW7lJkGvDXeonl0?p=Taman+Budaya+Hasan+Bahasyuan+Masigi+Kabupaten+Parigi+Moutong+Sulawesi+Tengah+harga+tiket+masuk')
2026-04-22 16:13:12 | DEBUG    |   [L1] DDGS percobaan 2/2: ConnectError: ConnectError('error sending request for url (https://html.duckduckgo.com/html/)', 'https://html.duckduckgo.com/html/')
2026-04-22 16:13:12 | ERROR    |   [L1] Error DDGS setelah retry: ConnectError: ConnectError('error sending request for url (https://html.duckduckgo.com/html/)', 'https://html.duckduckgo.com/html/')
2026-04-22 16:13:12 | DEBUG    |   [L1] Query: "Taman Budaya Hasan Bahasyuan Masigi Kabupaten Parigi Moutong Sulawesi Tengah HTM retribusi tiket masuk wisata"
2026-04-22 16:13:18 | DEBUG    |   [L1] DDGS percobaan 1/2: ConnectError: ConnectError('error sending request for url (https://html.duckduckgo.com/html/)', 'https://html.duckduckgo.com/html/')
2026-04-22 16:13:21 | DEBUG    |   [L1] Jumlah snippet: 5
2026-04-22 16:13:21 | DEBUG    |     [Lokasi] Tidak cocok — butuh salah satu dari: ['sulawesi tengah', 'kabupaten parigi moutong', 'parigi moutong', 'parigi']...
2026-04-22 16:13:21 | DEBUG    |   [L1] snippet 1: buang — tidak cocok lokasi alamat
2026-04-22 16:13:21 | DEBUG    |     Posisi kata tiket: []
2026-04-22 16:13:21 | DEBUG    |     Tidak ada kata tiket, fallback ke pencarian global.
2026-04-22 16:13:21 | DEBUG    |     Posisi kata tiket: []
2026-04-22 16:13:21 | DEBUG    |     Tidak ada kata tiket, fallback ke pencarian global.
2026-04-22 16:13:21 | DEBUG    |     Posisi kata tiket: []
2026-04-22 16:13:21 | DEBUG    |     Tidak ada kata tiket, fallback ke pencarian global.
2026-04-22 16:13:21 | DEBUG    |     Posisi kata tiket: []
2026-04-22 16:13:21 | DEBUG    |     Tidak ada kata tiket, fallback ke pencarian global.
2026-04-22 16:13:21 | DEBUG    |   [L1] Tidak ada harga di snippet | 5 URL untuk L2
2026-04-22 16:13:21 | DEBUG    |   [L2] Membuka: https://parimoaktual.com/2023/04/11/taman-masigi-hasan-m-bahasyuan-diresmikan/
2026-04-22 16:13:23 | DEBUG    |     Posisi kata tiket: []
2026-04-22 16:13:23 | DEBUG    |     Tidak ada kata tiket, fallback ke pencarian global.
2026-04-22 16:13:24 | DEBUG    |   [L2] Membuka: https://hariansulawesi.com/2023/04/11/bupati-samsurizal-resmikan-taman-budaya-tugu-hasan-m-bahasyuan/
2026-04-22 16:13:36 | DEBUG    |     Posisi kata tiket: []
2026-04-22 16:13:36 | DEBUG    |     Tidak ada kata tiket, fallback ke pencarian global.
2026-04-22 16:13:37 | DEBUG    |   [L2] Membuka: https://www.kabarsulteng.id/2023/04/10/taman-budaya-pahlawan-kesenian-nasional-hasan-m-bahasyuan-diresmikan/
2026-04-22 16:13:40 | DEBUG    |     Posisi kata tiket: []
2026-04-22 16:13:40 | DEBUG    |     Tidak ada kata tiket, fallback ke pencarian global.
2026-04-22 16:13:41 | DEBUG    |   [L2] Membuka: https://theopini.id/2023/04/10/rth-masigi-resmi-berganti-jadi-taman-hasan-m-bahasyuan/
2026-04-22 16:13:44 | DEBUG    |     Posisi kata tiket: []
2026-04-22 16:13:44 | DEBUG    |     Tidak ada kata tiket, fallback ke pencarian global.
2026-04-22 16:13:45 | DEBUG    |   [L2] Membuka: https://kutora.id/sosial-budaya/peresmian-taman-hasan-bahasyuan-bertepatan-hut-ke-21-parigi-moutong/1546/
2026-04-22 16:13:50 | DEBUG    |     Posisi kata tiket: []
2026-04-22 16:13:50 | DEBUG    |     Tidak ada kata tiket, fallback ke pencarian global.
2026-04-22 16:13:51 | DEBUG    |   [L3] Playwright coba 5 URL ...
2026-04-22 16:13:51 | DEBUG    |   [L3] Navigasi ke: https://parimoaktual.com/2023/04/11/taman-masigi-hasan-m-bahasyuan-diresmikan/
2026-04-22 16:13:53 | DEBUG    |     Posisi kata tiket: []
2026-04-22 16:13:53 | DEBUG    |     Tidak ada kata tiket, fallback ke pencarian global.
2026-04-22 16:13:53 | DEBUG    |   [L3] Navigasi ke: https://hariansulawesi.com/2023/04/11/bupati-samsurizal-resmikan-taman-budaya-tugu-hasan-m-bahasyuan/
2026-04-22 16:14:07 | DEBUG    |     Posisi kata tiket: []
2026-04-22 16:14:07 | DEBUG    |     Tidak ada kata tiket, fallback ke pencarian global.
2026-04-22 16:14:07 | DEBUG    |   [L3] Navigasi ke: https://www.kabarsulteng.id/2023/04/10/taman-budaya-pahlawan-kesenian-nasional-hasan-m-bahasyuan-diresmikan/
2026-04-22 16:14:19 | DEBUG    |     Posisi kata tiket: []
2026-04-22 16:14:19 | DEBUG    |     Tidak ada kata tiket, fallback ke pencarian global.
2026-04-22 16:14:19 | DEBUG    |   [L3] Navigasi ke: https://theopini.id/2023/04/10/rth-masigi-resmi-berganti-jadi-taman-hasan-m-bahasyuan/
2026-04-22 16:14:25 | DEBUG    |     Posisi kata tiket: []
2026-04-22 16:14:25 | DEBUG    |     Tidak ada kata tiket, fallback ke pencarian global.
2026-04-22 16:14:25 | DEBUG    |   [L3] Navigasi ke: https://kutora.id/sosial-budaya/peresmian-taman-hasan-bahasyuan-bertepatan-hut-ke-21-parigi-moutong/1546/
2026-04-22 16:14:31 | DEBUG    |     [Gratis] 'gratis' tidak dekat kata tiket, dilewati.
2026-04-22 16:14:31 | DEBUG    |     [Gratis] 'gratis' tidak dekat kata tiket, dilewati.
2026-04-22 16:14:31 | DEBUG    |     [Gratis] 'gratis' tidak dekat kata tiket, dilewati.
2026-04-22 16:14:31 | DEBUG    |     [Gratis] 'gratis' tidak dekat kata tiket, dilewati.
2026-04-22 16:14:31 | DEBUG    |     [Gratis] 'gratis' tidak dekat kata tiket, dilewati.
2026-04-22 16:14:31 | DEBUG    |     [Gratis] 'gratis' tidak dekat kata tiket, dilewati.
2026-04-22 16:14:31 | DEBUG    |     [Gratis] 'gratis' tidak dekat kata tiket, dilewati.
2026-04-22 16:14:31 | DEBUG    |     [Gratis] 'gratis' tidak dekat kata tiket, dilewati.
2026-04-22 16:14:31 | DEBUG    |     Posisi kata tiket: [4511]
2026-04-22 16:14:31 | DEBUG    |   >> Semua level gagal — NULL.
2026-04-22 16:14:31 | INFO     | [  212/2708] [NULL]  'Taman Budaya Hasan Bahasyuan Masigi' -> tidak ditemukan (diset '-')
2026-04-22 16:14:33 | INFO     | [  213/2708] [SKIP]  'Pantai Molino Tapuondau' -> Rp 5000.0
2026-04-22 16:14:33 | INFO     | [  214/2708] [SKIP]  'Taipa Beach' -> Rp 30000.0
2026-04-22 16:14:33 | INFO     | [  215/2708] [SKIP]  'Museum Negeri Provinsi Sulawesi Tengah - Palu' -> Rp 3000.0
2026-04-22 16:14:33 | INFO     | [  216/2708] [SKIP]  'Pantai Lemo' -> Rp 5000.0
2026-04-22 16:14:33 | INFO     | [  217/2708] [SKIP]  'Pantai Cemara' -> Rp 10000.0
2026-04-22 16:14:33 | INFO     | [  218/2708] [SKIP]  'Dulanga Beach' -> Rp 5000.0
2026-04-22 16:14:33 | INFO     | [  219/2708] [SKIP]  'Wisata Pantai Lowita' -> Rp 5000.0
2026-04-22 16:14:33 | INFO     | [  220/2708] [SKIP]  'Air Terjun Pung Bunga Bonto Manurung' -> Rp 10000
2026-04-22 16:14:33 | INFO     | [  221/2708] [SKIP]  'Pantai Mutiara' -> Rp 10000.0
2026-04-22 16:14:33 | INFO     | [  222/2708] [SKIP]  'Whale Shark Gorontalo' -> Rp 5000.0
2026-04-22 16:14:33 | INFO     | [  223/2708] [SKIP]  'Cekkeng Nursery' -> Rp 5000.0
2026-04-22 16:14:33 | INFO     | [  224/2708] [SKIP]  'Wisata Batu Sori' -> Rp 0.0
2026-04-22 16:14:33 | INFO     | [  225/2708] [SKIP]  'Taman Batu Rammang-Rammang' -> Rp 2500.0
2026-04-22 16:14:33 | INFO     | [  226/2708] [SKIP]  'Wisata Alam Wai Tiddo' -> Rp 3000.0
2026-04-22 16:14:33 | INFO     | [  227/2708] [SKIP]  'Pantai Lakban Ratatotok' -> Rp 5000.0
2026-04-22 16:14:33 | INFO     | [  228/2708] [SKIP]  'Alun Alun Tilamuta' -> Rp 30000.0
2026-04-22 16:14:33 | INFO     | [  229/2708] [SKIP]  'Lembah Hijau Rumbia Resort' -> Rp 10000.0
2026-04-22 16:14:33 | INFO     | [  230/2708] [CARI]  'Tanggul Bantaran Sungai Malili' (Wisata Alam)
2026-04-22 16:14:33 | DEBUG    |   Lokasi: 'Kabupaten Luwu Timur' | 'Sulawesi Selatan'
2026-04-22 16:14:33 | DEBUG    |   Jarum geolokasi: ['sulawesi selatan', 'kabupaten luwu timur', 'luwu timur']
2026-04-22 16:14:33 | DEBUG    |   Batas harga (Wisata Alam): Rp 75,000
2026-04-22 16:14:33 | DEBUG    |   [L1] Query: "Tanggul Bantaran Sungai Malili ChIJbVySAz5YkC0Re3ltEhqjm0Q harga tiket masuk"
2026-04-22 16:14:44 | DEBUG    |   [L1] DDGS percobaan 1/2: ConnectError: ConnectError('error sending request for url (https://html.duckduckgo.com/html/)', 'https://html.duckduckgo.com/html/')
2026-04-22 16:14:50 | DEBUG    |   [L1] DDGS percobaan 2/2: ConnectError: ConnectError('error sending request for url (https://html.duckduckgo.com/html/)', 'https://html.duckduckgo.com/html/')
2026-04-22 16:14:50 | ERROR    |   [L1] Error DDGS setelah retry: ConnectError: ConnectError('error sending request for url (https://html.duckduckgo.com/html/)', 'https://html.duckduckgo.com/html/')
2026-04-22 16:14:50 | DEBUG    |   [L1] Query: "Tanggul Bantaran Sungai Malili Kabupaten Luwu Timur Sulawesi Selatan harga tiket masuk"
2026-04-22 16:14:55 | DEBUG    |   [L1] DDGS percobaan 1/2: ConnectError: ConnectError('error sending request for url (https://html.duckduckgo.com/html/)', 'https://html.duckduckgo.com/html/')
2026-04-22 16:15:03 | DEBUG    |   [L1] DDGS percobaan 2/2: ConnectError: ConnectError('error sending request for url (https://html.duckduckgo.com/html/)', 'https://html.duckduckgo.com/html/')
2026-04-22 16:15:03 | ERROR    |   [L1] Error DDGS setelah retry: ConnectError: ConnectError('error sending request for url (https://html.duckduckgo.com/html/)', 'https://html.duckduckgo.com/html/')
2026-04-22 16:15:03 | DEBUG    |   [L1] Query: "Tanggul Bantaran Sungai Malili Kabupaten Luwu Timur Sulawesi Selatan HTM retribusi tiket masuk wisata"
2026-04-22 16:15:09 | DEBUG    |   [L1] DDGS percobaan 1/2: ConnectError: ConnectError('error sending request for url (https://html.duckduckgo.com/html/)', 'https://html.duckduckgo.com/html/')
2026-04-22 16:15:13 | DEBUG    |   [L1] Jumlah snippet: 5
2026-04-22 16:15:13 | DEBUG    |     Posisi kata tiket: []
2026-04-22 16:15:13 | DEBUG    |     Tidak ada kata tiket, fallback ke pencarian global.
2026-04-22 16:15:13 | DEBUG    |     [Gratis] 'gratis' tidak dekat kata tiket, dilewati.
2026-04-22 16:15:13 | DEBUG    |     [Gratis] 'gratis' tidak dekat kata tiket, dilewati.
2026-04-22 16:15:13 | DEBUG    |     Posisi kata tiket: []
2026-04-22 16:15:13 | DEBUG    |     Tidak ada kata tiket, fallback ke pencarian global.
2026-04-22 16:15:13 | DEBUG    |     Posisi kata tiket: []
2026-04-22 16:15:13 | DEBUG    |     Tidak ada kata tiket, fallback ke pencarian global.
2026-04-22 16:15:13 | DEBUG    |     Posisi kata tiket: []
2026-04-22 16:15:13 | DEBUG    |     Tidak ada kata tiket, fallback ke pencarian global.
2026-04-22 16:15:13 | DEBUG    |   [L1] Tidak ada harga di snippet | 5 URL untuk L2
2026-04-22 16:15:13 | DEBUG    |   [L2] Membuka: https://disbudpar.sulselprov.go.id/page/wisata/296/sungai-malili
2026-04-22 16:15:30 | DEBUG    |     Posisi kata tiket: []
2026-04-22 16:15:30 | DEBUG    |     Tidak ada kata tiket, fallback ke pencarian global.
2026-04-22 16:15:31 | DEBUG    |   [L2] Membuka: https://jadesta.kemenpar.go.id/desa/anjungan_sungai_malili
2026-04-22 16:15:33 | DEBUG    |     Posisi kata tiket: []
2026-04-22 16:15:33 | DEBUG    |     Tidak ada kata tiket, fallback ke pencarian global.
2026-04-22 16:15:34 | DEBUG    |   [L2] Membuka: https://makassar.tribunnews.com/2023/02/07/asiknya-anjungan-sungai-malili-luwu-timur-tempat-santai-di-sore-hari
2026-04-22 16:15:35 | DEBUG    |     [Gratis] 'gratis' tidak dekat kata tiket, dilewati.
2026-04-22 16:15:35 | DEBUG    |     [Gratis] 'gratis' tidak dekat kata tiket, dilewati.
2026-04-22 16:15:35 | DEBUG    |     Posisi kata tiket: []
2026-04-22 16:15:35 | DEBUG    |     Tidak ada kata tiket, fallback ke pencarian global.
2026-04-22 16:15:36 | DEBUG    |   [L2] Membuka: https://id.wikipedia.org/wiki/Malili,_Luwu_Timur
2026-04-22 16:15:40 | DEBUG    |     Posisi kata tiket: []
2026-04-22 16:15:40 | DEBUG    |     Tidak ada kata tiket, fallback ke pencarian global.
2026-04-22 16:15:41 | DEBUG    |   [L2] Membuka: https://id.scribd.com/document/828371071/Skripsi-Budiman-Isi-Fix
2026-04-22 16:15:42 | DEBUG    |     [Lokasi] Tidak cocok — butuh salah satu dari: ['sulawesi selatan', 'kabupaten luwu timur', 'luwu timur']...
2026-04-22 16:15:42 | DEBUG    |   [L2] Tolak isi halaman — tidak ada bukti lokasi alamat: https://id.scribd.com/document/828371071/Skripsi-Budiman-Isi-Fix
2026-04-22 16:15:42 | DEBUG    |   [L3] Playwright coba 5 URL ...
2026-04-22 16:15:42 | DEBUG    |   [L3] Navigasi ke: https://disbudpar.sulselprov.go.id/page/wisata/296/sungai-malili
2026-04-22 16:16:02 | DEBUG    |   [L3] Error (https://disbudpar.sulselprov.go.id/page/wisata/296/sungai-malili): Page.goto: Timeout 20000ms exceeded.
Call log:
  - navigating to "https://disbudpar.sulselprov.go.id/page/wisata/296/sungai-malili", waiting until "domcontentloaded"

2026-04-22 16:16:02 | DEBUG    |   [L3] Navigasi ke: https://jadesta.kemenpar.go.id/desa/anjungan_sungai_malili
2026-04-22 16:16:08 | DEBUG    |     Posisi kata tiket: []
2026-04-22 16:16:08 | DEBUG    |     Tidak ada kata tiket, fallback ke pencarian global.
2026-04-22 16:16:08 | DEBUG    |   [L3] Navigasi ke: https://makassar.tribunnews.com/2023/02/07/asiknya-anjungan-sungai-malili-luwu-timur-tempat-santai-di-sore-hari
2026-04-22 16:16:13 | DEBUG    |     [Gratis] 'gratis' tidak dekat kata tiket, dilewati.
2026-04-22 16:16:13 | DEBUG    |     [Gratis] 'gratis' tidak dekat kata tiket, dilewati.
2026-04-22 16:16:13 | DEBUG    |     Posisi kata tiket: []
2026-04-22 16:16:13 | DEBUG    |     Tidak ada kata tiket, fallback ke pencarian global.
2026-04-22 16:16:13 | DEBUG    |   [L3] Navigasi ke: https://id.wikipedia.org/wiki/Malili,_Luwu_Timur
2026-04-22 16:16:15 | DEBUG    |     Posisi kata tiket: []
2026-04-22 16:16:15 | DEBUG    |     Tidak ada kata tiket, fallback ke pencarian global.
2026-04-22 16:16:15 | DEBUG    |   [L3] Navigasi ke: https://id.scribd.com/document/828371071/Skripsi-Budiman-Isi-Fix
2026-04-22 16:16:31 | DEBUG    |     [Gratis] 'gratis' dekat kata false positive, dilewati.
2026-04-22 16:16:31 | DEBUG    |     [Gratis] 'gratis' tidak dekat kata tiket, dilewati.
2026-04-22 16:16:31 | DEBUG    |     [Gratis] 'gratis' dekat kata false positive, dilewati.
2026-04-22 16:16:31 | DEBUG    |     [Gratis] 'gratis' tidak dekat kata tiket, dilewati.
2026-04-22 16:16:31 | DEBUG    |     Posisi kata tiket: []
2026-04-22 16:16:31 | DEBUG    |     Tidak ada kata tiket, fallback ke pencarian global.
2026-04-22 16:16:31 | DEBUG    |   >> Semua level gagal — NULL.
2026-04-22 16:16:31 | INFO     | [  230/2708] [NULL]  'Tanggul Bantaran Sungai Malili' -> tidak ditemukan (diset '-')
2026-04-22 16:16:33 | INFO     | [  231/2708] [SKIP]  'Taman Pantai mahaas' -> Rp 29000
2026-04-22 16:16:33 | INFO     | [  232/2708] [SKIP]  'Air Terjun Kali' -> Rp 5000.0
2026-04-22 16:16:33 | INFO     | [  233/2708] [SKIP]  'Tugu Adibahasa' -> Rp 0.0
2026-04-22 16:16:33 | INFO     | [  234/2708] [SKIP]  'Malalayang Beach Walk' -> Rp 0.0
2026-04-22 16:16:33 | INFO     | [  235/2708] [SKIP]  'Tonasa Park' -> Rp 15000.0
2026-04-22 16:16:33 | INFO     | [  236/2708] [SKIP]  'Taman Segitiga Binturu Palopo (I Love Palopo)' -> Rp 0.0
2026-04-22 16:16:33 | INFO     | [  237/2708] [SKIP]  'BENDUNGAN KUWIL KAWANGKOAN' -> Rp 5000.0
2026-04-22 16:16:33 | INFO     | [  238/2708] [SKIP]  'Pantai Barugaya Punaga' -> Rp 0.0
2026-04-22 16:16:33 | INFO     | [  239/2708] [SKIP]  'Pantai Mangatasik' -> Rp 5000
2026-04-22 16:16:33 | INFO     | [  240/2708] [CARI]  'Parkiran Sederhana (POS 1 menuju Puncak Victo & Air Terjun Amarilis)' (Wisata Alam)
2026-04-22 16:16:33 | DEBUG    |   Lokasi: 'Kota Kendari' | 'Sulawesi Tenggara'
2026-04-22 16:16:33 | DEBUG    |   Jarum geolokasi: ['sulawesi tenggara', 'kota kendari', 'kendari']
2026-04-22 16:16:33 | DEBUG    |   Batas harga (Wisata Alam): Rp 75,000
2026-04-22 16:16:33 | DEBUG    |   [L1] Query: "Parkiran Sederhana (POS 1 menuju Puncak Victo & Air Terjun Amarilis) ChIJWx4rk1TtmC0R3Gy2qxNcK5s harga tiket masuk"
2026-04-22 16:16:41 | DEBUG    |   [L1] DDGS percobaan 1/2: ConnectError: ConnectError('error sending request for url (https://html.duckduckgo.com/html/)', 'https://html.duckduckgo.com/html/')
2026-04-22 16:16:49 | DEBUG    |   [L1] DDGS percobaan 2/2: ConnectError: ConnectError('error sending request for url (https://html.duckduckgo.com/html/)', 'https://html.duckduckgo.com/html/')
2026-04-22 16:16:49 | ERROR    |   [L1] Error DDGS setelah retry: ConnectError: ConnectError('error sending request for url (https://html.duckduckgo.com/html/)', 'https://html.duckduckgo.com/html/')
2026-04-22 16:16:49 | DEBUG    |   [L1] Query: "Parkiran Sederhana (POS 1 menuju Puncak Victo & Air Terjun Amarilis) Kota Kendari Sulawesi Tenggara harga tiket masuk"
2026-04-22 16:16:55 | DEBUG    |   [L1] DDGS percobaan 1/2: ConnectError: ConnectError('error sending request for url (https://html.duckduckgo.com/html/)', 'https://html.duckduckgo.com/html/')
2026-04-22 16:17:01 | DEBUG    |   [L1] DDGS percobaan 2/2: ConnectError: ConnectError('error sending request for url (https://html.duckduckgo.com/html/)', 'https://html.duckduckgo.com/html/')
2026-04-22 16:17:01 | ERROR    |   [L1] Error DDGS setelah retry: ConnectError: ConnectError('error sending request for url (https://html.duckduckgo.com/html/)', 'https://html.duckduckgo.com/html/')
2026-04-22 16:17:01 | DEBUG    |   [L1] Query: "Parkiran Sederhana (POS 1 menuju Puncak Victo & Air Terjun Amarilis) Kota Kendari Sulawesi Tenggara HTM retribusi tiket masuk wisata"
2026-04-22 16:17:07 | DEBUG    |   [L1] DDGS percobaan 1/2: ConnectError: ConnectError('error sending request for url (https://html.duckduckgo.com/html/)', 'https://html.duckduckgo.com/html/')
2026-04-22 16:17:16 | DEBUG    |   [L1] DDGS percobaan 2/2: ConnectError: ConnectError('error sending request for url (https://html.duckduckgo.com/html/)', 'https://html.duckduckgo.com/html/')
2026-04-22 16:17:16 | ERROR    |   [L1] Error DDGS setelah retry: ConnectError: ConnectError('error sending request for url (https://html.duckduckgo.com/html/)', 'https://html.duckduckgo.com/html/')
2026-04-22 16:17:16 | DEBUG    |   >> Semua level gagal — NULL.
2026-04-22 16:17:16 | INFO     | [  240/2708] [NULL]  'Parkiran Sederhana (POS 1 menuju Puncak Victo & Air Terjun Amarilis)' -> tidak ditemukan (diset '-')
2026-04-22 16:17:18 | INFO     | [  241/2708] [SKIP]  'Puncak Temboan Rurukan' -> Rp 5000.0
2026-04-22 16:17:18 | INFO     | [  242/2708] [SKIP]  'Monumen Kaki Dian Minahasa Utara' -> Rp 10000.0
2026-04-22 16:17:18 | INFO     | [  243/2708] [SKIP]  'Vihara Girinaga' -> Rp 0.0
2026-04-22 16:17:18 | INFO     | [  244/2708] [SKIP]  'Wisata Dolli Bungaeja' -> Rp 3000.0
2026-04-22 16:17:18 | INFO     | [  245/2708] [SKIP]  'Pantai Ratu' -> Rp 5000.0
2026-04-22 16:17:18 | INFO     | [  246/2708] [SKIP]  'Air Terjun Ketemu Jodoh' -> Rp 3000.0
2026-04-22 16:17:18 | INFO     | [  247/2708] [SKIP]  'Rainbow Garden Gowa' -> Rp 10000.0
2026-04-22 16:17:18 | INFO     | [  248/2708] [SKIP]  'Danau Tondano' -> Rp 5000.0
2026-04-22 16:17:18 | INFO     | [  249/2708] [SKIP]  'Ekowisata Butta Gowa Resort - Wisata Alam Bili-Bili' -> Rp 5000.0
2026-04-22 16:17:18 | INFO     | [  250/2708] [SKIP]  'Pantai Al Fath Stira Paradise' -> Rp 3000.0
2026-04-22 16:17:18 | INFO     | [  251/2708] [SKIP]  'Takae Highland' -> Rp 10000.0
2026-04-22 16:17:18 | INFO     | [  252/2708] [SKIP]  'Taman Wisata Pelangi' -> Rp 3000.0
2026-04-22 16:17:18 | INFO     | [  253/2708] [SKIP]  'Polman Waterboom' -> Rp 20000.0
2026-04-22 16:17:18 | INFO     | [  254/2708] [SKIP]  'Tugu Khatulistiwa Sulawesi Tengah' -> Rp 0.0
2026-04-22 16:17:18 | INFO     | [  255/2708] [SKIP]  'Taman Kota Fonuasingko' -> Rp 29000.0
2026-04-22 16:17:18 | INFO     | [  256/2708] [SKIP]  'Pantai Lemo-Lemo' -> Rp 0.0
2026-04-22 16:17:18 | INFO     | [  257/2708] [SKIP]  'Puncak Mamuju(Kelapa Tujuh)' -> Rp 0.0
2026-04-22 16:17:18 | INFO     | [  258/2708] [SKIP]  'Taman Nasional Rawa Aopa Watumohai' -> Rp 5000.0
2026-04-22 16:17:18 | INFO     | [  259/2708] [SKIP]  'Jeneponto Waterpark' -> Rp 15000.0
2026-04-22 16:17:18 | INFO     | [  260/2708] [SKIP]  'Rumah Makan Tepi Pantai' -> Rp 15000.0
2026-04-22 16:17:18 | INFO     | [  261/2708] [SKIP]  'Kilapong hills' -> Rp 20000.0
2026-04-22 16:17:18 | INFO     | [  262/2708] [SKIP]  'Pantai Enu' -> Rp 5000.0
2026-04-22 16:17:18 | INFO     | [  263/2708] [SKIP]  'Taman Hutan Raya Gunung Tumpa H. V. Worang' -> Rp 10000.0
2026-04-22 16:17:18 | INFO     | [  264/2708] [SKIP]  'Taman Wisata Toar Lumimuut' -> Rp 3000.0
2026-04-22 16:17:18 | INFO     | [  265/2708] [CARI]  'Taman Malahasa Kota Tahuna' (Wisata Alam)
2026-04-22 16:17:18 | DEBUG    |   Lokasi: 'Kabupaten Kepulauan Sangihe' | 'Sulawesi Utara'
2026-04-22 16:17:18 | DEBUG    |   Jarum geolokasi: ['sulawesi utara', 'kabupaten kepulauan sangihe', 'kepulauan sangihe']
2026-04-22 16:17:18 | DEBUG    |   Batas harga (Wisata Alam): Rp 75,000
2026-04-22 16:17:18 | DEBUG    |   [L1] Query: "Taman Malahasa Kota Tahuna ChIJGTJCx04KizIRUZhRYRwlIus harga tiket masuk"
2026-04-22 16:17:28 | DEBUG    |   [L1] DDGS percobaan 1/2: ConnectError: ConnectError('error sending request for url (https://html.duckduckgo.com/html/)', 'https://html.duckduckgo.com/html/')
2026-04-22 16:17:37 | DEBUG    |   [L1] Jumlah snippet: 5
2026-04-22 16:17:37 | DEBUG    |     [Lokasi] Tidak cocok — butuh salah satu dari: ['sulawesi utara', 'kabupaten kepulauan sangihe', 'kepulauan sangihe']...
2026-04-22 16:17:37 | DEBUG    |   [L1] snippet 1: buang — tidak cocok lokasi alamat
2026-04-22 16:17:37 | DEBUG    |     [Lokasi] Tidak cocok — butuh salah satu dari: ['sulawesi utara', 'kabupaten kepulauan sangihe', 'kepulauan sangihe']...
2026-04-22 16:17:37 | DEBUG    |   [L1] snippet 2: buang — tidak cocok lokasi alamat
2026-04-22 16:17:37 | DEBUG    |     [Lokasi] Tidak cocok — butuh salah satu dari: ['sulawesi utara', 'kabupaten kepulauan sangihe', 'kepulauan sangihe']...
2026-04-22 16:17:37 | DEBUG    |   [L1] snippet 3: buang — tidak cocok lokasi alamat
2026-04-22 16:17:37 | DEBUG    |     [Lokasi] Tidak cocok — butuh salah satu dari: ['sulawesi utara', 'kabupaten kepulauan sangihe', 'kepulauan sangihe']...
2026-04-22 16:17:37 | DEBUG    |   [L1] snippet 4: buang — tidak cocok lokasi alamat
2026-04-22 16:17:37 | DEBUG    |     [Lokasi] Tidak cocok — butuh salah satu dari: ['sulawesi utara', 'kabupaten kepulauan sangihe', 'kepulauan sangihe']...
2026-04-22 16:17:37 | DEBUG    |   [L1] snippet 5: buang — tidak cocok lokasi alamat
2026-04-22 16:17:37 | DEBUG    |   [L1] Tidak ada harga di snippet | 4 URL untuk L2
2026-04-22 16:17:37 | DEBUG    |   [L1] Query: "Taman Malahasa Kota Tahuna Kabupaten Kepulauan Sangihe Sulawesi Utara harga tiket masuk"
2026-04-22 16:17:45 | DEBUG    |   [L1] DDGS percobaan 1/2: RequestError: RequestError('error sending request for url (https://search.yahoo.com/search;_ylt=3hEABEsmQrR03sH1NkVL9gtc;_ylu=-zKCuMQRVmo6qnfTNXwMn8VPnDPEa5w4xOVTZxC6-pvJc10?p=Taman+Malahasa+Kota+Tahuna+Kabupaten+Kepulauan+Sangihe+Sulawesi+Utara+harga+tiket+masuk)', 'https://search.yahoo.com/search;_ylt=3hEABEsmQrR03sH1NkVL9gtc;_ylu=-zKCuMQRVmo6qnfTNXwMn8VPnDPEa5w4xOVTZxC6-pvJc10?p=Taman+Malahasa+Kota+Tahuna+Kabupaten+Kepulauan+Sangihe+Sulawesi+Utara+harga+tiket+masuk')
2026-04-22 16:17:52 | DEBUG    |   [L1] DDGS percobaan 2/2: RequestError: RequestError('error sending request for url (https://search.yahoo.com/search;_ylt=cMzYZdxFzsaEr-6waHZouX7l;_ylu=lcqA6MBsYEbOFJe3sSRXEhVraIb6UTreXaqKXZxSnCoxSs4?p=Taman+Malahasa+Kota+Tahuna+Kabupaten+Kepulauan+Sangihe+Sulawesi+Utara+harga+tiket+masuk)', 'https://search.yahoo.com/search;_ylt=cMzYZdxFzsaEr-6waHZouX7l;_ylu=lcqA6MBsYEbOFJe3sSRXEhVraIb6UTreXaqKXZxSnCoxSs4?p=Taman+Malahasa+Kota+Tahuna+Kabupaten+Kepulauan+Sangihe+Sulawesi+Utara+harga+tiket+masuk')
2026-04-22 16:17:52 | ERROR    |   [L1] Error DDGS setelah retry: RequestError: RequestError('error sending request for url (https://search.yahoo.com/search;_ylt=cMzYZdxFzsaEr-6waHZouX7l;_ylu=lcqA6MBsYEbOFJe3sSRXEhVraIb6UTreXaqKXZxSnCoxSs4?p=Taman+Malahasa+Kota+Tahuna+Kabupaten+Kepulauan+Sangihe+Sulawesi+Utara+harga+tiket+masuk)', 'https://search.yahoo.com/search;_ylt=cMzYZdxFzsaEr-6waHZouX7l;_ylu=lcqA6MBsYEbOFJe3sSRXEhVraIb6UTreXaqKXZxSnCoxSs4?p=Taman+Malahasa+Kota+Tahuna+Kabupaten+Kepulauan+Sangihe+Sulawesi+Utara+harga+tiket+masuk')
2026-04-22 16:17:52 | DEBUG    |   [L1] Query: "Taman Malahasa Kota Tahuna Kabupaten Kepulauan Sangihe Sulawesi Utara HTM retribusi tiket masuk wisata"
2026-04-22 16:17:59 | DEBUG    |   [L1] DDGS percobaan 1/2: RequestError: RequestError('error sending request for url (https://search.yahoo.com/search;_ylt=0Lv7zpsNz3PYXgUpayZhik5q;_ylu=1KXcUvBUJpQ51XUqVQ-TSuHr5V6B8lXsjq26MpMT3CAOxtA?p=Taman+Malahasa+Kota+Tahuna+Kabupaten+Kepulauan+Sangihe+Sulawesi+Utara+HTM+retribusi+tiket+masuk+wisata)', 'https://search.yahoo.com/search;_ylt=0Lv7zpsNz3PYXgUpayZhik5q;_ylu=1KXcUvBUJpQ51XUqVQ-TSuHr5V6B8lXsjq26MpMT3CAOxtA?p=Taman+Malahasa+Kota+Tahuna+Kabupaten+Kepulauan+Sangihe+Sulawesi+Utara+HTM+retribusi+tiket+masuk+wisata')
2026-04-22 16:18:06 | DEBUG    |   [L1] DDGS percobaan 2/2: ConnectError: ConnectError('error sending request for url (https://html.duckduckgo.com/html/)', 'https://html.duckduckgo.com/html/')
2026-04-22 16:18:06 | ERROR    |   [L1] Error DDGS setelah retry: ConnectError: ConnectError('error sending request for url (https://html.duckduckgo.com/html/)', 'https://html.duckduckgo.com/html/')
2026-04-22 16:18:06 | DEBUG    |   [L2] Membuka: https://manado.tribunnews.com/sangihe/1859783/tugu-malahasa-dan-tinggalan-bawah-air-tahuna-sangihe-dinilai-miliki-nilai-budaya-dan-ekonomi-tinggi
2026-04-22 16:18:08 | DEBUG    |     Posisi kata tiket: []
2026-04-22 16:18:08 | DEBUG    |     Tidak ada kata tiket, fallback ke pencarian global.
2026-04-22 16:18:09 | DEBUG    |   [L2] Membuka: https://www.klook.com/ms-MY/activity/12016-a-famosa-water-theme-park-melaka/
2026-04-22 16:18:10 | DEBUG    |   [L2] Status 403, lewati.
2026-04-22 16:18:10 | DEBUG    |   [L2] Membuka: https://dinews.id/tugu-malahasa-saksi-bisu-kejayaan-kopra-dari-ujung-utara-nusantara/
2026-04-22 16:18:11 | DEBUG    |     [Lokasi] Tidak cocok — butuh salah satu dari: ['sulawesi utara', 'kabupaten kepulauan sangihe', 'kepulauan sangihe']...
2026-04-22 16:18:11 | DEBUG    |   [L2] Tolak isi halaman — tidak ada bukti lokasi alamat: https://dinews.id/tugu-malahasa-saksi-bisu-kejayaan-kopra-dari-ujung-utara-nusantara/
2026-04-22 16:18:11 | DEBUG    |   [L2] Membuka: https://xcloud.id/tugu-malahasa-saksi-sejarah-kejayaan-dagang-di-kota-tahuna/
2026-04-22 16:18:12 | DEBUG    |   [L2] Error (https://xcloud.id/tugu-malahasa-saksi-sejarah-kejayaan-dagang-di-kota-tahuna/): HTTPSConnectionPool(host='xcloud.id', port=443): Max retries exceeded with url: /tugu-malahasa-saksi-sejarah-kejayaan-dagang-di-kota-tahuna/ (Caused by SSLError(SSLCertVerificationError(1, '[SSL: CERTIFICATE_VERIFY_FAILED] certificate verify failed: self-signed certificate (_ssl.c:1081)')))
2026-04-22 16:18:12 | DEBUG    |   [L3] Playwright coba 4 URL ...
2026-04-22 16:18:12 | DEBUG    |   [L3] Navigasi ke: https://manado.tribunnews.com/sangihe/1859783/tugu-malahasa-dan-tinggalan-bawah-air-tahuna-sangihe-dinilai-miliki-nilai-budaya-dan-ekonomi-tinggi
2026-04-22 16:18:14 | DEBUG    |     Posisi kata tiket: []
2026-04-22 16:18:14 | DEBUG    |     Tidak ada kata tiket, fallback ke pencarian global.
2026-04-22 16:18:14 | DEBUG    |   [L3] Navigasi ke: https://www.klook.com/ms-MY/activity/12016-a-famosa-water-theme-park-melaka/
2026-04-22 16:18:15 | DEBUG    |     [Lokasi] Tidak cocok — butuh salah satu dari: ['sulawesi utara', 'kabupaten kepulauan sangihe', 'kepulauan sangihe']...
2026-04-22 16:18:15 | DEBUG    |   [L3] Tolak — tidak ada bukti lokasi alamat: https://www.klook.com/ms-MY/activity/12016-a-famosa-water-theme-park-melaka/
2026-04-22 16:18:15 | DEBUG    |   [L3] Navigasi ke: https://dinews.id/tugu-malahasa-saksi-bisu-kejayaan-kopra-dari-ujung-utara-nusantara/
2026-04-22 16:18:17 | DEBUG    |     [Lokasi] Tidak cocok — butuh salah satu dari: ['sulawesi utara', 'kabupaten kepulauan sangihe', 'kepulauan sangihe']...
2026-04-22 16:18:17 | DEBUG    |   [L3] Tolak — tidak ada bukti lokasi alamat: https://dinews.id/tugu-malahasa-saksi-bisu-kejayaan-kopra-dari-ujung-utara-nusantara/
2026-04-22 16:18:17 | DEBUG    |   [L3] Navigasi ke: https://xcloud.id/tugu-malahasa-saksi-sejarah-kejayaan-dagang-di-kota-tahuna/
2026-04-22 16:18:20 | DEBUG    |   [L3] Error (https://xcloud.id/tugu-malahasa-saksi-sejarah-kejayaan-dagang-di-kota-tahuna/): Page.goto: net::ERR_CERT_AUTHORITY_INVALID at https://xcloud.id/tugu-malahasa-saksi-sejarah-kejayaan-dagang-di-kota-tahuna/
Call log:
  - navigating to "https://xcloud.id/tugu-malahasa-saksi-sejarah-kejayaan-dagang-di-kota-tahuna/", waiting until "domcontentloaded"

2026-04-22 16:18:20 | DEBUG    |   >> Semua level gagal — NULL.
2026-04-22 16:18:20 | INFO     | [  265/2708] [NULL]  'Taman Malahasa Kota Tahuna' -> tidak ditemukan (diset '-')
2026-04-22 16:18:22 | INFO     | [  266/2708] [SKIP]  'Pantai Tete' -> Rp 10000.0
2026-04-22 16:18:22 | INFO     | [  267/2708] [CARI]  'Taman Andi Benni Belopa' (Wisata Alam)
2026-04-22 16:18:22 | DEBUG    |   Lokasi: 'Kabupaten Luwu' | 'Sulawesi Selatan'
2026-04-22 16:18:22 | DEBUG    |   Jarum geolokasi: ['sulawesi selatan', 'kabupaten luwu', 'luwu']
2026-04-22 16:18:22 | DEBUG    |   Batas harga (Wisata Alam): Rp 75,000
2026-04-22 16:18:22 | DEBUG    |   [L1] Query: "Taman Andi Benni Belopa ChIJxULGNOi6li0RRB3IXaujkco harga tiket masuk"
2026-04-22 16:18:28 | DEBUG    |   [L1] DDGS percobaan 1/2: ConnectError: ConnectError('error sending request for url (https://html.duckduckgo.com/html/)', 'https://html.duckduckgo.com/html/')
2026-04-22 16:18:35 | DEBUG    |   [L1] DDGS percobaan 2/2: ConnectError: ConnectError('error sending request for url (https://html.duckduckgo.com/html/)', 'https://html.duckduckgo.com/html/')
2026-04-22 16:18:35 | ERROR    |   [L1] Error DDGS setelah retry: ConnectError: ConnectError('error sending request for url (https://html.duckduckgo.com/html/)', 'https://html.duckduckgo.com/html/')
2026-04-22 16:18:35 | DEBUG    |   [L1] Query: "Taman Andi Benni Belopa Kabupaten Luwu Sulawesi Selatan harga tiket masuk"
2026-04-22 16:18:39 | DEBUG    |   [L1] DDGS percobaan 1/2: ConnectError: ConnectError('error sending request for url (https://html.duckduckgo.com/html/)', 'https://html.duckduckgo.com/html/')
2026-04-22 16:18:47 | DEBUG    |   [L1] Jumlah snippet: 5
2026-04-22 16:18:47 | DEBUG    |     [Lokasi] Tidak cocok — butuh salah satu dari: ['sulawesi selatan', 'kabupaten luwu', 'luwu']...
2026-04-22 16:18:47 | DEBUG    |   [L1] snippet 2: buang — tidak cocok lokasi alamat
2026-04-22 16:18:47 | DEBUG    |     Posisi kata tiket: []
2026-04-22 16:18:47 | DEBUG    |     Tidak ada kata tiket, fallback ke pencarian global.
2026-04-22 16:18:47 | DEBUG    |   [L1] Tidak ada harga di snippet | 5 URL untuk L2
2026-04-22 16:18:47 | DEBUG    |   [L1] Query: "Taman Andi Benni Belopa Kabupaten Luwu Sulawesi Selatan HTM retribusi tiket masuk wisata"
2026-04-22 16:18:53 | DEBUG    |   [L1] DDGS percobaan 1/2: ConnectError: ConnectError('error sending request for url (https://html.duckduckgo.com/html/)', 'https://html.duckduckgo.com/html/')
2026-04-22 16:19:00 | DEBUG    |   [L1] DDGS percobaan 2/2: ConnectError: ConnectError('error sending request for url (https://html.duckduckgo.com/html/)', 'https://html.duckduckgo.com/html/')
2026-04-22 16:19:00 | ERROR    |   [L1] Error DDGS setelah retry: ConnectError: ConnectError('error sending request for url (https://html.duckduckgo.com/html/)', 'https://html.duckduckgo.com/html/')
2026-04-22 16:19:00 | DEBUG    |   [L2] Membuka: https://direktoripariwisata.id/unit/5961
2026-04-22 16:19:01 | DEBUG    |   [L2] Error (https://direktoripariwisata.id/unit/5961): HTTPSConnectionPool(host='direktoripariwisata.id', port=443): Max retries exceeded with url: /unit/5961 (Caused by NameResolutionError("HTTPSConnection(host='direktoripariwisata.id', port=443): Failed to resolve 'direktoripariwisata.id' ([Errno 11001] getaddrinfo failed)"))
2026-04-22 16:19:01 | DEBUG    |   [L2] Membuka: https://www.gubukinspirasi.id/2025/10/3-destinasi-wisata-menarik-kabupaten.html
2026-04-22 16:19:03 | DEBUG    |     Posisi kata tiket: [4180]
2026-04-22 16:19:04 | DEBUG    |   [L2] Membuka: https://id.alongwalker.co/top-6-tempat-wisata-di-kabupaten-luwu-sulawesi-selatan-s22416.html
2026-04-22 16:19:05 | DEBUG    |     [Gratis] 'gratis' dekat kata false positive, dilewati.
2026-04-22 16:19:05 | DEBUG    |     [Gratis] 'gratis' dekat kata false positive, dilewati.
2026-04-22 16:19:05 | DEBUG    |     [Gratis] 'gratis' dekat kata false positive, dilewati.
2026-04-22 16:19:05 | DEBUG    |     [Gratis] 'gratis' tidak dekat kata tiket, dilewati.
2026-04-22 16:19:05 | DEBUG    |     [Gratis] 'gratis' dekat kata false positive, dilewati.
2026-04-22 16:19:05 | DEBUG    |     [Gratis] 'gratis' dekat kata false positive, dilewati.
2026-04-22 16:19:05 | DEBUG    |     [Gratis] 'gratis' dekat kata false positive, dilewati.
2026-04-22 16:19:05 | DEBUG    |     [Gratis] 'gratis' tidak dekat kata tiket, dilewati.
2026-04-22 16:19:05 | DEBUG    |     Posisi kata tiket: [4030, 4180, 4547, 6673, 7806]
2026-04-22 16:19:05 | DEBUG    |     Jendela mengandung kata akomodasi, dilewati.
2026-04-22 16:19:05 | DEBUG    |     Jendela mengandung kata akomodasi, dilewati.
2026-04-22 16:19:05 | DEBUG    |     Jendela mengandung kata akomodasi, dilewati.
2026-04-22 16:19:06 | DEBUG    |   [L2] Membuka: https://id.trip.com/travel-guide/attraction/luwu-regency-1456691/tourist-attractions/
2026-04-22 16:19:29 | DEBUG    |   [L2] Timeout: https://id.trip.com/travel-guide/attraction/luwu-regency-1456691/tourist-attractions/
2026-04-22 16:19:29 | DEBUG    |   [L2] Membuka: https://musianapedia.pikiran-rakyat.com/wisata/pr-2267359983/destinasi-wisata-indah-di-kabupaten-luwu-memiliki-fasilitas-yang-cukup-dan-pemandangan-yang-bagus?page=all
2026-04-22 16:19:30 | DEBUG    |   [L2] Status 403, lewati.
2026-04-22 16:19:30 | DEBUG    |   [L3] Playwright coba 5 URL ...
2026-04-22 16:19:30 | DEBUG    |   [L3] Navigasi ke: https://direktoripariwisata.id/unit/5961
2026-04-22 16:19:30 | DEBUG    |   [L3] Error (https://direktoripariwisata.id/unit/5961): Page.goto: net::ERR_NAME_NOT_RESOLVED at https://direktoripariwisata.id/unit/5961
Call log:
  - navigating to "https://direktoripariwisata.id/unit/5961", waiting until "domcontentloaded"

2026-04-22 16:19:30 | DEBUG    |   [L3] Navigasi ke: https://www.gubukinspirasi.id/2025/10/3-destinasi-wisata-menarik-kabupaten.html
2026-04-22 16:19:32 | DEBUG    |     Posisi kata tiket: [4549]
2026-04-22 16:19:32 | DEBUG    |   [L3] Navigasi ke: https://id.alongwalker.co/top-6-tempat-wisata-di-kabupaten-luwu-sulawesi-selatan-s22416.html
2026-04-22 16:19:36 | DEBUG    |     [Gratis] 'gratis' dekat kata false positive, dilewati.
2026-04-22 16:19:36 | DEBUG    |     [Gratis] 'gratis' dekat kata false positive, dilewati.
2026-04-22 16:19:36 | DEBUG    |     [Gratis] 'gratis' tidak dekat kata tiket, dilewati.
2026-04-22 16:19:36 | DEBUG    |     [Gratis] 'gratis' dekat kata false positive, dilewati.
2026-04-22 16:19:36 | DEBUG    |     [Gratis] 'gratis' tidak dekat kata tiket, dilewati.
2026-04-22 16:19:36 | DEBUG    |     [Gratis] 'free' tidak dekat kata tiket, dilewati.
2026-04-22 16:19:36 | DEBUG    |     [Gratis] 'gratis' dekat kata false positive, dilewati.
2026-04-22 16:19:36 | DEBUG    |     [Gratis] 'gratis' dekat kata false positive, dilewati.
2026-04-22 16:19:36 | DEBUG    |     [Gratis] 'gratis' tidak dekat kata tiket, dilewati.
2026-04-22 16:19:36 | DEBUG    |     [Gratis] 'gratis' dekat kata false positive, dilewati.
2026-04-22 16:19:36 | DEBUG    |     [Gratis] 'gratis' tidak dekat kata tiket, dilewati.
2026-04-22 16:19:36 | DEBUG    |     [Gratis] 'free' tidak dekat kata tiket, dilewati.
2026-04-22 16:19:36 | DEBUG    |     Posisi kata tiket: [4128, 4278, 4645, 7853, 8986]
2026-04-22 16:19:36 | DEBUG    |     Jendela mengandung kata akomodasi, dilewati.
2026-04-22 16:19:36 | DEBUG    |     Jendela mengandung kata akomodasi, dilewati.
2026-04-22 16:19:36 | DEBUG    |     Jendela mengandung kata akomodasi, dilewati.
2026-04-22 16:19:36 | DEBUG    |   [L3] Navigasi ke: https://id.trip.com/travel-guide/attraction/luwu-regency-1456691/tourist-attractions/
2026-04-22 16:19:40 | DEBUG    |     [Gratis] 'gratis' valid — dekat kata tiket/masuk.
2026-04-22 16:19:40 | DEBUG    |   [L3] Gratis terdeteksi di https://id.trip.com/travel-guide/attraction/luwu-regency-1456691/tourist-attractions/
2026-04-22 16:19:40 | DEBUG    |   >> Ditemukan di L3: Rp 0
2026-04-22 16:19:40 | INFO     | [  267/2708] [OK]    'Taman Andi Benni Belopa' -> Rp 0 (Gratis) [L3] https://id.trip.com/travel-guide/attraction/luwu-regency-1456691/touri
2026-04-22 16:19:42 | INFO     | [  268/2708] [SKIP]  'Lembah Ramma' -> Rp 0.0
2026-04-22 16:19:42 | INFO     | [  269/2708] [SKIP]  'Mantara Waterpark Kendari' -> Rp 5000.0
2026-04-22 16:19:42 | INFO     | [  270/2708] [SKIP]  'Ketama Adventure Park' -> Rp 15000.0
2026-04-22 16:19:42 | INFO     | [  271/2708] [SKIP]  'RTH Bombana' -> Rp 0.0
2026-04-22 16:19:42 | INFO     | [  272/2708] [SKIP]  'Taman Wisata Religius Bubohu' -> Rp 0.0
2026-04-22 16:19:42 | INFO     | [  273/2708] [SKIP]  'Air Terjun Bissappu' -> Rp 5000.0
2026-04-22 16:19:42 | INFO     | [  274/2708] [SKIP]  'Danau Hijau Balocci' -> Rp 0.0
2026-04-22 16:19:42 | INFO     | [  275/2708] [SKIP]  'Pantai Ponnori' -> Rp 10000.0
2026-04-22 16:19:42 | INFO     | [  276/2708] [SKIP]  'Masjid Terapung B.J. Habibie' -> Rp 0
2026-04-22 16:19:42 | INFO     | [  277/2708] [SKIP]  'Tugu Trikora' -> Rp 0
2026-04-22 16:19:42 | INFO     | [  278/2708] [SKIP]  'Pantai Imbo' -> Rp 5000.0
2026-04-22 16:19:42 | INFO     | [  279/2708] [SKIP]  'Kolam Renang Alam Tilanga' -> Rp 10000.0
2026-04-22 16:19:42 | INFO     | [  280/2708] [SKIP]  'Pantai Libuo' -> Rp 3000.0
2026-04-22 16:19:42 | INFO     | [  281/2708] [SKIP]  'Pantai Panrangluhu' -> Rp 5000.0
2026-04-22 16:19:42 | INFO     | [  282/2708] [SKIP]  'Pantai Ujung Suso' -> Rp 4000.0
2026-04-22 16:19:42 | INFO     | [  283/2708] [SKIP]  'Mah'watu' -> Rp 20000.0
2026-04-22 16:19:42 | INFO     | [  284/2708] [SKIP]  'Hutan Pinus Samparona' -> Rp 5000.0
2026-04-22 16:19:42 | INFO     | [  285/2708] [SKIP]  'Air Panas Wawolesea' -> Rp 0.0
2026-04-22 16:19:42 | INFO     | [  286/2708] [SKIP]  'Kompleks Makam Raja-Raja Tallo' -> Rp 0.0
2026-04-22 16:19:42 | INFO     | [  287/2708] [SKIP]  'Taman Pelangi' -> Rp 0.0
2026-04-22 16:19:42 | INFO     | [  288/2708] [SKIP]  'Pantai Wisata Pangi Masaingi' -> Rp 5000.0
2026-04-22 16:19:42 | INFO     | [  289/2708] [SKIP]  'Takalar Beach Waterboom' -> Rp 30000.0
2026-04-22 16:19:42 | INFO     | [  290/2708] [SKIP]  'Kawasan Adat Kajang Ammatoa' -> Rp 5000.0
2026-04-22 16:19:42 | INFO     | [  291/2708] [SKIP]  'Kura-kura beach' -> Rp 0.0
2026-04-22 16:19:42 | INFO     | [  292/2708] [SKIP]  'Permandian Alam Limbua' -> Rp 5000.0
2026-04-22 16:19:42 | INFO     | [  293/2708] [SKIP]  'Museum La Galigo' -> Rp 3000.0
2026-04-22 16:19:42 | INFO     | [  294/2708] [SKIP]  'Kawasan ekowisata eduwisata mangrove GONENGATI JAYA kabonga besar Donggala' -> Rp 5000.0
2026-04-22 16:19:42 | INFO     | [  295/2708] [SKIP]  'Taman Lahilote' -> Rp 0.0
2026-04-22 16:19:42 | INFO     | [  296/2708] [SKIP]  'Taman Jet Tempur' -> Rp 1000.0
2026-04-22 16:19:42 | INFO     | [  297/2708] [SKIP]  'Danau Limbong' -> Rp 10000.0
2026-04-22 16:19:42 | INFO     | [  298/2708] [SKIP]  'Objek Wisata Ollon Toraja' -> Rp 5000.0
2026-04-22 16:19:42 | INFO     | [  299/2708] [SKIP]  'Pantai Mandala Ria' -> Rp 5000.0
2026-04-22 16:19:42 | INFO     | [  300/2708] [SKIP]  'Air Terjun Wera' -> Rp 0.0
2026-04-22 16:19:42 | INFO     | [  301/2708] [SKIP]  'Hutan Pinus Bulu Tanah' -> Rp 5000.0
2026-04-22 16:19:42 | INFO     | [  302/2708] [SKIP]  'Pantai Minahaki' -> Rp 0.0
2026-04-22 16:19:42 | INFO     | [  303/2708] [SKIP]  'Pantai Bulo' -> Rp 0.0
2026-04-22 16:19:42 | INFO     | [  304/2708] [SKIP]  'Pantai Barane Majene' -> Rp 5000.0
2026-04-22 16:19:42 | INFO     | [  305/2708] [CARI]  'Parigi Toraranga Park' (Wisata Alam)
2026-04-22 16:19:42 | DEBUG    |   Lokasi: 'Kabupaten Parigi Moutong' | 'Sulawesi Tengah'
2026-04-22 16:19:42 | DEBUG    |   Jarum geolokasi: ['sulawesi tengah', 'kabupaten parigi moutong', 'parigi moutong', 'parigi']
2026-04-22 16:19:42 | DEBUG    |   Batas harga (Wisata Alam): Rp 75,000
2026-04-22 16:19:42 | DEBUG    |   [L1] Query: "Parigi Toraranga Park ChIJQ_9ucZ5fiS0R7VsPswcJb4U harga tiket masuk"
2026-04-22 16:19:50 | DEBUG    |   [L1] DDGS percobaan 1/2: ConnectError: ConnectError('error sending request for url (https://html.duckduckgo.com/html/)', 'https://html.duckduckgo.com/html/')
2026-04-22 16:19:57 | DEBUG    |   [L1] DDGS percobaan 2/2: ConnectError: ConnectError('error sending request for url (https://html.duckduckgo.com/html/)', 'https://html.duckduckgo.com/html/')
2026-04-22 16:19:57 | ERROR    |   [L1] Error DDGS setelah retry: ConnectError: ConnectError('error sending request for url (https://html.duckduckgo.com/html/)', 'https://html.duckduckgo.com/html/')
2026-04-22 16:19:57 | DEBUG    |   [L1] Query: "Parigi Toraranga Park Kabupaten Parigi Moutong Sulawesi Tengah harga tiket masuk"
2026-04-22 16:20:02 | DEBUG    |   [L1] DDGS percobaan 1/2: RequestError: RequestError('error sending request for url (https://search.yahoo.com/search;_ylt=K0Z7I2yPv2Krwy2KtBXBcgLJ;_ylu=IJUUikzzgQQ8VbqxxqGPdfpU-Xpy1xESi4uGRC082tzyRb8?p=Parigi+Toraranga+Park+Kabupaten+Parigi+Moutong+Sulawesi+Tengah+harga+tiket+masuk)', 'https://search.yahoo.com/search;_ylt=K0Z7I2yPv2Krwy2KtBXBcgLJ;_ylu=IJUUikzzgQQ8VbqxxqGPdfpU-Xpy1xESi4uGRC082tzyRb8?p=Parigi+Toraranga+Park+Kabupaten+Parigi+Moutong+Sulawesi+Tengah+harga+tiket+masuk')
2026-04-22 16:20:10 | DEBUG    |   [L1] DDGS percobaan 2/2: ConnectError: ConnectError('error sending request for url (https://html.duckduckgo.com/html/)', 'https://html.duckduckgo.com/html/')
2026-04-22 16:20:10 | ERROR    |   [L1] Error DDGS setelah retry: ConnectError: ConnectError('error sending request for url (https://html.duckduckgo.com/html/)', 'https://html.duckduckgo.com/html/')
2026-04-22 16:20:10 | DEBUG    |   [L1] Query: "Parigi Toraranga Park Kabupaten Parigi Moutong Sulawesi Tengah HTM retribusi tiket masuk wisata"
2026-04-22 16:20:12 | DEBUG    |   [L1] Jumlah snippet: 5
2026-04-22 16:20:12 | DEBUG    |     Posisi kata tiket: []
2026-04-22 16:20:12 | DEBUG    |     Tidak ada kata tiket, fallback ke pencarian global.
2026-04-22 16:20:12 | DEBUG    |   [L1] Tidak ada harga di snippet | 4 URL untuk L2
2026-04-22 16:20:12 | DEBUG    |   [L2] Membuka: https://www.parigimoutongkab.go.id/
2026-04-22 16:20:13 | DEBUG    |     Posisi kata tiket: []
2026-04-22 16:20:13 | DEBUG    |     Tidak ada kata tiket, fallback ke pencarian global.
2026-04-22 16:20:14 | DEBUG    |   [L2] Membuka: https://sisparnas.kemenpar.go.id/p/113714
2026-04-22 16:20:16 | DEBUG    |     Posisi kata tiket: [804]
2026-04-22 16:20:17 | DEBUG    |   [L2] Membuka: https://www.visitsulteng.id/destinasi/parigi-moutong
2026-04-22 16:20:19 | DEBUG    |     Posisi kata tiket: []
2026-04-22 16:20:19 | DEBUG    |     Tidak ada kata tiket, fallback ke pencarian global.
2026-04-22 16:20:20 | DEBUG    |   [L2] Membuka: https://waktu.news/tempat-wisata-parigi-moutong/
2026-04-22 16:20:22 | DEBUG    |     Posisi kata tiket: [2241]
2026-04-22 16:20:23 | DEBUG    |   [L3] Playwright coba 4 URL ...
2026-04-22 16:20:23 | DEBUG    |   [L3] Navigasi ke: https://www.parigimoutongkab.go.id/
2026-04-22 16:20:28 | DEBUG    |     Posisi kata tiket: []
2026-04-22 16:20:28 | DEBUG    |     Tidak ada kata tiket, fallback ke pencarian global.
2026-04-22 16:20:28 | DEBUG    |   [L3] Navigasi ke: https://sisparnas.kemenpar.go.id/p/113714
2026-04-22 16:20:32 | DEBUG    |     [Lokasi] Tidak cocok — butuh salah satu dari: ['sulawesi tengah', 'kabupaten parigi moutong', 'parigi moutong', 'parigi']...
2026-04-22 16:20:32 | DEBUG    |   [L3] Tolak — tidak ada bukti lokasi alamat: https://sisparnas.kemenpar.go.id/p/113714
2026-04-22 16:20:32 | DEBUG    |   [L3] Navigasi ke: https://www.visitsulteng.id/destinasi/parigi-moutong
2026-04-22 16:20:46 | DEBUG    |     Posisi kata tiket: []
2026-04-22 16:20:46 | DEBUG    |     Tidak ada kata tiket, fallback ke pencarian global.
2026-04-22 16:20:46 | DEBUG    |   [L3] Navigasi ke: https://waktu.news/tempat-wisata-parigi-moutong/
2026-04-22 16:20:48 | DEBUG    |     Posisi kata tiket: [2564]
2026-04-22 16:20:48 | DEBUG    |   >> Semua level gagal — NULL.
2026-04-22 16:20:48 | INFO     | [  305/2708] [NULL]  'Parigi Toraranga Park' -> tidak ditemukan (diset '-')
2026-04-22 16:20:50 | INFO     | [  306/2708] [SKIP]  'Masjid Agung Ummul Quraa' -> Rp 1000.0
2026-04-22 16:20:50 | INFO     | [  307/2708] [CARI]  'Masjid Agung Kolaka Utara' (Wisata Religi)
2026-04-22 16:20:50 | DEBUG    |   Lokasi: 'Kabupaten Kolaka Utara' | ''
2026-04-22 16:20:50 | DEBUG    |   Jarum geolokasi: ['kabupaten kolaka utara', 'kolaka utara', 'kolaka']
2026-04-22 16:20:50 | DEBUG    |   Batas harga (Wisata Religi): Rp 25,000
2026-04-22 16:20:50 | DEBUG    |   [L1] Query: "Masjid Agung Kolaka Utara ChIJj1uMmPPhli0RhCXnkWHNdjI harga tiket masuk"
2026-04-22 16:21:00 | DEBUG    |   [L1] DDGS percobaan 1/2: ConnectError: ConnectError('error sending request for url (https://html.duckduckgo.com/html/)', 'https://html.duckduckgo.com/html/')
2026-04-22 16:21:07 | DEBUG    |   [L1] DDGS percobaan 2/2: ConnectError: ConnectError('error sending request for url (https://html.duckduckgo.com/html/)', 'https://html.duckduckgo.com/html/')
2026-04-22 16:21:07 | ERROR    |   [L1] Error DDGS setelah retry: ConnectError: ConnectError('error sending request for url (https://html.duckduckgo.com/html/)', 'https://html.duckduckgo.com/html/')
2026-04-22 16:21:07 | DEBUG    |   [L1] Query: "Masjid Agung Kolaka Utara Kabupaten Kolaka Utara harga tiket masuk"
2026-04-22 16:21:13 | DEBUG    |   [L1] Jumlah snippet: 5
2026-04-22 16:21:13 | DEBUG    |     Posisi kata tiket: []
2026-04-22 16:21:13 | DEBUG    |     Tidak ada kata tiket, fallback ke pencarian global.
2026-04-22 16:21:13 | DEBUG    |     Posisi kata tiket: [93]
2026-04-22 16:21:13 | DEBUG    |     Posisi kata tiket: []
2026-04-22 16:21:13 | DEBUG    |     Tidak ada kata tiket, fallback ke pencarian global.
2026-04-22 16:21:13 | DEBUG    |     Posisi kata tiket: []
2026-04-22 16:21:13 | DEBUG    |     Tidak ada kata tiket, fallback ke pencarian global.
2026-04-22 16:21:13 | DEBUG    |     Posisi kata tiket: []
2026-04-22 16:21:13 | DEBUG    |     Tidak ada kata tiket, fallback ke pencarian global.
2026-04-22 16:21:13 | DEBUG    |   [L1] Tidak ada harga di snippet | 4 URL untuk L2
2026-04-22 16:21:13 | DEBUG    |   [L1] Query: "Masjid Agung Kolaka Utara Kabupaten Kolaka Utara HTM retribusi tiket masuk wisata"
2026-04-22 16:21:19 | DEBUG    |   [L1] DDGS percobaan 1/2: ConnectError: ConnectError('error sending request for url (https://html.duckduckgo.com/html/)', 'https://html.duckduckgo.com/html/')
2026-04-22 16:21:26 | DEBUG    |   [L1] DDGS percobaan 2/2: ConnectError: ConnectError('error sending request for url (https://html.duckduckgo.com/html/)', 'https://html.duckduckgo.com/html/')
2026-04-22 16:21:26 | ERROR    |   [L1] Error DDGS setelah retry: ConnectError: ConnectError('error sending request for url (https://html.duckduckgo.com/html/)', 'https://html.duckduckgo.com/html/')
2026-04-22 16:21:26 | DEBUG    |   [L2] Membuka: https://us.trip.com/travel-guide/attraction/lasusua/masjid-agung-kolaka-utara-150654955/
2026-04-22 16:21:50 | DEBUG    |   [L2] Timeout: https://us.trip.com/travel-guide/attraction/lasusua/masjid-agung-kolaka-utara-150654955/
2026-04-22 16:21:50 | DEBUG    |   [L2] Membuka: https://sisparnas.com/p/91426
2026-04-22 16:21:52 | DEBUG    |     Posisi kata tiket: [1004]
2026-04-22 16:21:53 | DEBUG    |   [L2] Membuka: https://tarengga.digitaldesa.id/wisata/masjid-agung-ibu-kota-kolaka-utara
2026-04-22 16:21:54 | DEBUG    |     Posisi kata tiket: []
2026-04-22 16:21:54 | DEBUG    |     Tidak ada kata tiket, fallback ke pencarian global.
2026-04-22 16:21:55 | DEBUG    |   [L2] Membuka: https://www.anugerahkubah.com/masjid-agung-lasusua-kolaka-utara/
2026-04-22 16:21:59 | DEBUG    |     Posisi kata tiket: []
2026-04-22 16:21:59 | DEBUG    |     Tidak ada kata tiket, fallback ke pencarian global.
2026-04-22 16:22:00 | DEBUG    |   [L3] Playwright coba 4 URL ...
2026-04-22 16:22:00 | DEBUG    |   [L3] Navigasi ke: https://us.trip.com/travel-guide/attraction/lasusua/masjid-agung-kolaka-utara-150654955/
2026-04-22 16:22:20 | DEBUG    |   [L3] Error (https://us.trip.com/travel-guide/attraction/lasusua/masjid-agung-kolaka-utara-150654955/): Page.goto: Timeout 20000ms exceeded.
Call log:
  - navigating to "https://us.trip.com/travel-guide/attraction/lasusua/masjid-agung-kolaka-utara-150654955/", waiting until "domcontentloaded"

2026-04-22 16:22:20 | DEBUG    |   [L3] Navigasi ke: https://sisparnas.com/p/91426
2026-04-22 16:22:23 | DEBUG    |     [Lokasi] Tidak cocok — butuh salah satu dari: ['kabupaten kolaka utara', 'kolaka utara', 'kolaka']...
2026-04-22 16:22:23 | DEBUG    |   [L3] Tolak — tidak ada bukti lokasi alamat: https://sisparnas.com/p/91426
2026-04-22 16:22:23 | DEBUG    |   [L3] Navigasi ke: https://tarengga.digitaldesa.id/wisata/masjid-agung-ibu-kota-kolaka-utara
2026-04-22 16:22:26 | DEBUG    |     Posisi kata tiket: []
2026-04-22 16:22:26 | DEBUG    |     Tidak ada kata tiket, fallback ke pencarian global.
2026-04-22 16:22:26 | DEBUG    |   [L3] Navigasi ke: https://www.anugerahkubah.com/masjid-agung-lasusua-kolaka-utara/
2026-04-22 16:22:31 | DEBUG    |     Posisi kata tiket: []
2026-04-22 16:22:31 | DEBUG    |     Tidak ada kata tiket, fallback ke pencarian global.
2026-04-22 16:22:31 | DEBUG    |   >> Semua level gagal — NULL.
2026-04-22 16:22:31 | INFO     | [  307/2708] [NULL]  'Masjid Agung Kolaka Utara' -> tidak ditemukan (diset '-')
2026-04-22 16:22:33 | INFO     | [  308/2708] [SKIP]  'Wisata Leang Lonrong' -> Rp 0.0
2026-04-22 16:22:33 | INFO     | [  309/2708] [SKIP]  'Ranowangko Beach Resort' -> Rp 0.0
2026-04-22 16:22:33 | INFO     | [  310/2708] [SKIP]  'Kawasan Wisata Pantai Surabaya' -> Rp 20000.0
2026-04-22 16:22:33 | INFO     | [  311/2708] [SKIP]  'Tapandullu Beach' -> Rp 0.0
2026-04-22 16:22:33 | INFO     | [  312/2708] [SKIP]  'Puncak Dipomelo Pindan' -> Rp 0.0
2026-04-22 16:22:33 | INFO     | [  313/2708] [SKIP]  'Taman Syariah' -> Rp 5000.0
2026-04-22 16:22:33 | INFO     | [  314/2708] [SKIP]  'Saoraja La Tenri Bali' -> Rp 10000.0
2026-04-22 16:22:33 | INFO     | [  315/2708] [SKIP]  'Mangrove Eco Resort' -> Rp 16000
2026-04-22 16:22:33 | INFO     | [  316/2708] [SKIP]  'Museum Balla Lompoa Bantaeng' -> Rp 15000.0
2026-04-22 16:22:33 | INFO     | [  317/2708] [SKIP]  'Amphitheater Woloan' -> Rp 10000.0
2026-04-22 16:22:33 | INFO     | [  318/2708] [SKIP]  'Pantai Wisata Botutonuo' -> Rp 0.0
2026-04-22 16:22:33 | INFO     | [  319/2708] [SKIP]  'Kawasan Wisata Tahura Kapopo Ngatabaru' -> Rp 48000.0
2026-04-22 16:22:33 | INFO     | [  320/2708] [SKIP]  'Pantai Lombang Lombang' -> Rp 0.0
2026-04-22 16:22:33 | INFO     | [  321/2708] [SKIP]  'Pantai Samboang' -> Rp 1500.0
2026-04-22 16:22:33 | INFO     | [  322/2708] [SKIP]  'Permandian alam citta' -> Rp 3000.0
2026-04-22 16:22:33 | INFO     | [  323/2708] [SKIP]  'Istana Langkanae Luwu' -> Rp 0.0
2026-04-22 16:22:33 | INFO     | [  324/2708] [SKIP]  'Danau Matano' -> Rp 0.0
2026-04-22 16:22:33 | INFO     | [  325/2708] [SKIP]  'Air Terjun Tumimperas' -> Rp 0.0
2026-04-22 16:22:33 | INFO     | [  326/2708] [SKIP]  'Puncak Salena' -> Rp 0.0
2026-04-22 16:22:33 | INFO     | [  327/2708] [SKIP]  'Air Terjun Lacolla' -> Rp 5000.0
2026-04-22 16:22:33 | INFO     | [  328/2708] [SKIP]  'Pantai seruni' -> Rp 5000.0
2026-04-22 16:22:33 | INFO     | [  329/2708] [SKIP]  'Adilah Garden' -> Rp 5000.0
2026-04-22 16:22:33 | INFO     | [  330/2708] [SKIP]  'Taman Literasi dan Adipura Kolaka Utara' -> Rp 0
2026-04-22 16:22:33 | INFO     | [  331/2708] [SKIP]  'Gunung Klabat' -> Rp 5000.0
2026-04-22 16:22:33 | INFO     | [  332/2708] [SKIP]  'Pantai Mahembang' -> Rp 10000.0
2026-04-22 16:22:33 | INFO     | [  333/2708] [SKIP]  'Taman Turatea' -> Rp 5000.0
2026-04-22 16:22:33 | INFO     | [  334/2708] [SKIP]  'Raja Ampat Bollangi Gowa' -> Rp 10000.0
2026-04-22 16:22:33 | INFO     | [  335/2708] [SKIP]  'Air Terjun Lembanna' -> Rp 0.0
2026-04-22 16:22:33 | INFO     | [  336/2708] [SKIP]  'Kebun Raya UHO' -> Rp 5000.0
2026-04-22 16:22:33 | INFO     | [  337/2708] [SKIP]  'TAMAN CALLACCU' -> Rp 1000.0
2026-04-22 16:22:33 | INFO     | [  338/2708] [SKIP]  'Aer Konde Ratahan' -> Rp 0.0
2026-04-22 16:22:33 | INFO     | [  339/2708] [SKIP]  'Pantai Tanjung Barat Barombong' -> Rp 5000.0
2026-04-22 16:22:33 | INFO     | [  340/2708] [SKIP]  'Mini Showfarm Bantaeng' -> Rp 3000.0
2026-04-22 16:22:33 | INFO     | [  341/2708] [SKIP]  'Wisata Tanjung Cemara Batu Buaya' -> Rp 5000.0
2026-04-22 16:22:33 | INFO     | [  342/2708] [SKIP]  'TAMAN KOTA' -> Rp 10000.0
2026-04-22 16:22:33 | INFO     | [  343/2708] [SKIP]  'Festival Sungai Mandar' -> Rp 70000.0
2026-04-22 16:22:33 | INFO     | [  344/2708] [SKIP]  'Diana Waterpark' -> Rp 25000.0
2026-04-22 16:22:33 | INFO     | [  345/2708] [SKIP]  'Batu Goro'e (Sumpang Labbu)' -> Rp 5000.0
2026-04-22 16:22:33 | INFO     | [  346/2708] [CARI]  'TAHURA Abdul Latief' (Wisata Alam)
2026-04-22 16:22:33 | DEBUG    |   Lokasi: 'Kabupaten Sinjai' | 'Sulawesi Selatan'
2026-04-22 16:22:33 | DEBUG    |   Jarum geolokasi: ['sulawesi selatan', 'kabupaten sinjai', 'sinjai']
2026-04-22 16:22:33 | DEBUG    |   Batas harga (Wisata Alam): Rp 75,000
2026-04-22 16:22:33 | DEBUG    |   [L1] Query: "TAHURA Abdul Latief ChIJJaJBjA2jvi0RoUb5buYXrxE harga tiket masuk"
2026-04-22 16:22:39 | DEBUG    |   [L1] DDGS percobaan 1/2: ConnectError: ConnectError('error sending request for url (https://html.duckduckgo.com/html/)', 'https://html.duckduckgo.com/html/')
2026-04-22 16:22:46 | DEBUG    |   [L1] DDGS percobaan 2/2: ConnectError: ConnectError('error sending request for url (https://html.duckduckgo.com/html/)', 'https://html.duckduckgo.com/html/')
2026-04-22 16:22:46 | ERROR    |   [L1] Error DDGS setelah retry: ConnectError: ConnectError('error sending request for url (https://html.duckduckgo.com/html/)', 'https://html.duckduckgo.com/html/')
2026-04-22 16:22:46 | DEBUG    |   [L1] Query: "TAHURA Abdul Latief Kabupaten Sinjai Sulawesi Selatan harga tiket masuk"
2026-04-22 16:22:51 | DEBUG    |   [L1] Jumlah snippet: 1
2026-04-22 16:22:51 | DEBUG    |     Posisi kata tiket: []
2026-04-22 16:22:51 | DEBUG    |     Tidak ada kata tiket, fallback ke pencarian global.
2026-04-22 16:22:51 | DEBUG    |   [L1] Tidak ada harga di snippet | 1 URL untuk L2
2026-04-22 16:22:51 | DEBUG    |   [L1] Query: "TAHURA Abdul Latief Kabupaten Sinjai Sulawesi Selatan HTM retribusi tiket masuk wisata"
2026-04-22 16:22:58 | DEBUG    |   [L1] DDGS percobaan 1/2: ConnectError: ConnectError('error sending request for url (https://html.duckduckgo.com/html/)', 'https://html.duckduckgo.com/html/')
2026-04-22 16:23:08 | DEBUG    |   [L1] DDGS percobaan 2/2: ConnectError: ConnectError('error sending request for url (https://html.duckduckgo.com/html/)', 'https://html.duckduckgo.com/html/')
2026-04-22 16:23:08 | ERROR    |   [L1] Error DDGS setelah retry: ConnectError: ConnectError('error sending request for url (https://html.duckduckgo.com/html/)', 'https://html.duckduckgo.com/html/')
2026-04-22 16:23:08 | DEBUG    |   [L2] Membuka: https://jejakpiknik.com/taman-hutan-raya/
2026-04-22 16:23:10 | DEBUG    |     Posisi kata tiket: [35, 304, 5441, 5642, 5705]
2026-04-22 16:23:10 | DEBUG    |     Kandidat dari jendela tiket: Rp 15,000
2026-04-22 16:23:10 | DEBUG    |     Jendela mengandung kata akomodasi, dilewati.
2026-04-22 16:23:10 | DEBUG    |     Jendela mengandung kata akomodasi, dilewati.
2026-04-22 16:23:10 | DEBUG    |     Kandidat valid: [15000], dipilih: Rp 15,000
2026-04-22 16:23:10 | DEBUG    |   [L2] Harga Rp 15,000 dari https://jejakpiknik.com/taman-hutan-raya/
2026-04-22 16:23:10 | DEBUG    |   >> Ditemukan di L2: Rp 15,000
2026-04-22 16:23:10 | INFO     | [  346/2708] [OK]    'TAHURA Abdul Latief' -> Rp 15,000 (Sedang) [L2] https://jejakpiknik.com/taman-hutan-raya/
2026-04-22 16:23:12 | INFO     | [  347/2708] [SKIP]  'Danau Tanralili' -> Rp 5000.0
2026-04-22 16:23:12 | INFO     | [  348/2708] [SKIP]  'Manado Skyline Tetempangan Hill' -> Rp 25000.0
2026-04-22 16:23:12 | INFO     | [  349/2708] [SKIP]  'Tunan Waterfalls' -> Rp 2500.0
2026-04-22 16:23:12 | INFO     | [  350/2708] [SKIP]  'Taman Kota Donggala' -> Rp 1000.0
2026-04-22 16:23:12 | INFO     | [  351/2708] [CARI]  'Monumen Ganggawa' (Wisata Alam)
2026-04-22 16:23:12 | DEBUG    |   Lokasi: 'Kabupaten Sidenreng Rappang' | 'Sulawesi Selatan'
2026-04-22 16:23:12 | DEBUG    |   Jarum geolokasi: ['sulawesi selatan', 'kabupaten sidenreng rappang', 'sidenreng rappang']
2026-04-22 16:23:12 | DEBUG    |   Batas harga (Wisata Alam): Rp 75,000
2026-04-22 16:23:12 | DEBUG    |   [L1] Query: "Monumen Ganggawa ChIJTbbeAyq2lS0R6zUYhi9Qlb0 harga tiket masuk"
2026-04-22 16:23:17 | DEBUG    |   [L1] DDGS percobaan 1/2: RequestError: RequestError('error sending request for url (https://search.yahoo.com/search;_ylt=iR7WIFBg2db5vRZvmL20KIco;_ylu=Q0QXaRhJ-VCfwOqC4APL_02H2uWUeWdKNLbraLoefveaAJI?p=Monumen+Ganggawa+ChIJTbbeAyq2lS0R6zUYhi9Qlb0+harga+tiket+masuk)', 'https://search.yahoo.com/search;_ylt=iR7WIFBg2db5vRZvmL20KIco;_ylu=Q0QXaRhJ-VCfwOqC4APL_02H2uWUeWdKNLbraLoefveaAJI?p=Monumen+Ganggawa+ChIJTbbeAyq2lS0R6zUYhi9Qlb0+harga+tiket+masuk')
2026-04-22 16:23:26 | DEBUG    |   [L1] DDGS percobaan 2/2: ConnectError: ConnectError('error sending request for url (https://html.duckduckgo.com/html/)', 'https://html.duckduckgo.com/html/')
2026-04-22 16:23:26 | ERROR    |   [L1] Error DDGS setelah retry: ConnectError: ConnectError('error sending request for url (https://html.duckduckgo.com/html/)', 'https://html.duckduckgo.com/html/')
2026-04-22 16:23:26 | DEBUG    |   [L1] Query: "Monumen Ganggawa Kabupaten Sidenreng Rappang Sulawesi Selatan harga tiket masuk"
2026-04-22 16:23:34 | DEBUG    |   [L1] DDGS percobaan 1/2: ConnectError: ConnectError('error sending request for url (https://html.duckduckgo.com/html/)', 'https://html.duckduckgo.com/html/')
2026-04-22 16:23:42 | DEBUG    |   [L1] DDGS percobaan 2/2: ConnectError: ConnectError('error sending request for url (https://html.duckduckgo.com/html/)', 'https://html.duckduckgo.com/html/')
2026-04-22 16:23:42 | ERROR    |   [L1] Error DDGS setelah retry: ConnectError: ConnectError('error sending request for url (https://html.duckduckgo.com/html/)', 'https://html.duckduckgo.com/html/')
2026-04-22 16:23:42 | DEBUG    |   [L1] Query: "Monumen Ganggawa Kabupaten Sidenreng Rappang Sulawesi Selatan HTM retribusi tiket masuk wisata"
2026-04-22 16:23:48 | DEBUG    |   [L1] DDGS percobaan 1/2: ConnectError: ConnectError('error sending request for url (https://html.duckduckgo.com/html/)', 'https://html.duckduckgo.com/html/')
2026-04-22 16:23:55 | DEBUG    |   [L1] DDGS percobaan 2/2: RequestError: RequestError('error sending request for url (https://search.yahoo.com/search;_ylt=uAz65KNW2FD6U7WoFCSRqXj0;_ylu=B1xqnVL0Bhxfa1ZXnq4owAPL7Sr8PtraraNmHhkhkxV1LFk?p=Monumen+Ganggawa+Kabupaten+Sidenreng+Rappang+Sulawesi+Selatan+HTM+retribusi+tiket+masuk+wisata)', 'https://search.yahoo.com/search;_ylt=uAz65KNW2FD6U7WoFCSRqXj0;_ylu=B1xqnVL0Bhxfa1ZXnq4owAPL7Sr8PtraraNmHhkhkxV1LFk?p=Monumen+Ganggawa+Kabupaten+Sidenreng+Rappang+Sulawesi+Selatan+HTM+retribusi+tiket+masuk+wisata')
2026-04-22 16:23:55 | ERROR    |   [L1] Error DDGS setelah retry: RequestError: RequestError('error sending request for url (https://search.yahoo.com/search;_ylt=uAz65KNW2FD6U7WoFCSRqXj0;_ylu=B1xqnVL0Bhxfa1ZXnq4owAPL7Sr8PtraraNmHhkhkxV1LFk?p=Monumen+Ganggawa+Kabupaten+Sidenreng+Rappang+Sulawesi+Selatan+HTM+retribusi+tiket+masuk+wisata)', 'https://search.yahoo.com/search;_ylt=uAz65KNW2FD6U7WoFCSRqXj0;_ylu=B1xqnVL0Bhxfa1ZXnq4owAPL7Sr8PtraraNmHhkhkxV1LFk?p=Monumen+Ganggawa+Kabupaten+Sidenreng+Rappang+Sulawesi+Selatan+HTM+retribusi+tiket+masuk+wisata')
2026-04-22 16:23:55 | DEBUG    |   >> Semua level gagal — NULL.
2026-04-22 16:23:55 | INFO     | [  351/2708] [NULL]  'Monumen Ganggawa' -> tidak ditemukan (diset '-')
2026-04-22 16:23:57 | INFO     | [  352/2708] [SKIP]  'Air Terjun Tunan Talawaan' -> Rp 10000.0
2026-04-22 16:23:57 | INFO     | [  353/2708] [SKIP]  'Taman Wisata Danau Linow' -> Rp 40000.0
2026-04-22 16:23:57 | INFO     | [  354/2708] [SKIP]  'Air Terjun Tama'lulua' -> Rp 5000.0
2026-04-22 16:23:57 | INFO     | [  355/2708] [SKIP]  'Monumen Trikora Salakan' -> Rp 0.0
2026-04-22 16:23:57 | INFO     | [  356/2708] [SKIP]  'Sa'pak Bayobayo Sangalla Tana Toraja' -> Rp 25000.0
2026-04-22 16:23:57 | INFO     | [  357/2708] [CARI]  'Tugu Kakao' (Wisata Alam)
2026-04-22 16:23:57 | DEBUG    |   Lokasi: 'Kabupaten Kolaka' | 'Sulawesi Tenggara'
2026-04-22 16:23:57 | DEBUG    |   Jarum geolokasi: ['sulawesi tenggara', 'kabupaten kolaka', 'kolaka']
2026-04-22 16:23:57 | DEBUG    |   Batas harga (Wisata Alam): Rp 75,000
2026-04-22 16:23:57 | DEBUG    |   [L1] Query: "Tugu Kakao ChIJb3csZRv1ly0Rk8wLqqtCWOc harga tiket masuk"
2026-04-22 16:24:01 | DEBUG    |   [L1] DDGS percobaan 1/2: ConnectError: ConnectError('error sending request for url (https://html.duckduckgo.com/html/)', 'https://html.duckduckgo.com/html/')
2026-04-22 16:24:07 | DEBUG    |   [L1] DDGS percobaan 2/2: RequestError: RequestError('error sending request for url (https://search.yahoo.com/search;_ylt=fU4VTNFC2pCYF7jWx9ux9rc0;_ylu=uJzqLRbk4xg0tji0pyPr1hy5CKtHmIG_wsCjO7hYBqc6ros?p=Tugu+Kakao+ChIJb3csZRv1ly0Rk8wLqqtCWOc+harga+tiket+masuk)', 'https://search.yahoo.com/search;_ylt=fU4VTNFC2pCYF7jWx9ux9rc0;_ylu=uJzqLRbk4xg0tji0pyPr1hy5CKtHmIG_wsCjO7hYBqc6ros?p=Tugu+Kakao+ChIJb3csZRv1ly0Rk8wLqqtCWOc+harga+tiket+masuk')
2026-04-22 16:24:07 | ERROR    |   [L1] Error DDGS setelah retry: RequestError: RequestError('error sending request for url (https://search.yahoo.com/search;_ylt=fU4VTNFC2pCYF7jWx9ux9rc0;_ylu=uJzqLRbk4xg0tji0pyPr1hy5CKtHmIG_wsCjO7hYBqc6ros?p=Tugu+Kakao+ChIJb3csZRv1ly0Rk8wLqqtCWOc+harga+tiket+masuk)', 'https://search.yahoo.com/search;_ylt=fU4VTNFC2pCYF7jWx9ux9rc0;_ylu=uJzqLRbk4xg0tji0pyPr1hy5CKtHmIG_wsCjO7hYBqc6ros?p=Tugu+Kakao+ChIJb3csZRv1ly0Rk8wLqqtCWOc+harga+tiket+masuk')
2026-04-22 16:24:07 | DEBUG    |   [L1] Query: "Tugu Kakao Kabupaten Kolaka Sulawesi Tenggara harga tiket masuk"
2026-04-22 16:24:15 | DEBUG    |   [L1] DDGS percobaan 1/2: ConnectError: ConnectError('error sending request for url (https://html.duckduckgo.com/html/)', 'https://html.duckduckgo.com/html/')
2026-04-22 16:24:19 | DEBUG    |   [L1] Jumlah snippet: 5
2026-04-22 16:24:19 | DEBUG    |     Posisi kata tiket: [162]
2026-04-22 16:24:19 | DEBUG    |     Posisi kata tiket: [75, 983, 1077, 1294, 1562]
2026-04-22 16:24:19 | DEBUG    |     Kandidat dari jendela tiket: Rp 50,000
2026-04-22 16:24:19 | DEBUG    |     Kandidat dari jendela tiket: Rp 50,000
2026-04-22 16:24:19 | DEBUG    |     Kandidat dari jendela tiket: Rp 50,000
2026-04-22 16:24:19 | DEBUG    |     Kandidat dari jendela tiket: Rp 50,000
2026-04-22 16:24:19 | DEBUG    |     Kandidat valid: [50000], dipilih: Rp 50,000
2026-04-22 16:24:19 | DEBUG    |   [L1] snippet 3: kandidat Rp 50,000
2026-04-22 16:24:19 | DEBUG    |     Posisi kata tiket: [14, 365, 633, 663, 725]
2026-04-22 16:24:19 | DEBUG    |     Kandidat dari jendela tiket: Rp 50,000
2026-04-22 16:24:19 | DEBUG    |     Kandidat dari jendela tiket: Rp 50,000
2026-04-22 16:24:19 | DEBUG    |     Kandidat dari jendela tiket: Rp 50,000
2026-04-22 16:24:19 | DEBUG    |     Kandidat dari jendela tiket: Rp 50,000
2026-04-22 16:24:19 | DEBUG    |     Kandidat valid: [50000], dipilih: Rp 50,000
2026-04-22 16:24:19 | DEBUG    |   [L1] snippet 4: kandidat Rp 50,000
2026-04-22 16:24:19 | DEBUG    |   [L1] Harga terpilih: 50000 | sumber: https://www.detik.com/sulsel/berita/d-6672203/jadwal-kapal-ferry-dan-fiber-di-pelabuhan-siwa-wajo-serta-harga-tiketnya | 3 URL relevan
2026-04-22 16:24:19 | DEBUG    |   >> Ditemukan di L1: Rp 50,000
2026-04-22 16:24:19 | INFO     | [  357/2708] [OK]    'Tugu Kakao' -> Rp 50,000 (Mahal) [L1] https://www.detik.com/sulsel/berita/d-6672203/jadwal-kapal-ferry-dan-f
2026-04-22 16:24:21 | INFO     | [  358/2708] [SKIP]  'Pantai Batu Pinagut' -> Rp 5000.0
2026-04-22 16:24:21 | INFO     | [  359/2708] [SKIP]  'Pemandian Uwelera Porame' -> Rp 0.0
2026-04-22 16:24:21 | INFO     | [  360/2708] [SKIP]  'Pantai Minanga' -> Rp 10000.0
2026-04-22 16:24:21 | INFO     | [  361/2708] [SKIP]  'Pantai Taipa' -> Rp 5000.0
2026-04-22 16:24:21 | INFO     | [  362/2708] [SKIP]  'Dusun touba' -> Rp 1000.0
2026-04-22 16:24:21 | INFO     | [  363/2708] [SKIP]  'Kolam Renang Lombongo, Bone Bolango' -> Rp 5000.0
2026-04-22 16:24:21 | INFO     | [  364/2708] [SKIP]  'Pantai Kaluku' -> Rp 10000.0
2026-04-22 16:24:21 | INFO     | [  365/2708] [SKIP]  'Objek Wisata Palawa'' -> Rp 10000.0
2026-04-22 16:24:21 | INFO     | [  366/2708] [SKIP]  'Pantai Pulau Liukang Loe' -> Rp 5000.0
2026-04-22 16:24:21 | INFO     | [  367/2708] [SKIP]  'Wisata Mangambang' -> Rp 5000.0
2026-04-22 16:24:21 | INFO     | [  368/2708] [CARI]  'LAPANGAN BUA' HONTINIMBANG MANOPPO' (Wisata Kota / Landmark)
2026-04-22 16:24:21 | DEBUG    |   Lokasi: 'Kota Kotamobagu' | 'Sulawesi Utara'
2026-04-22 16:24:21 | DEBUG    |   Jarum geolokasi: ['sulawesi utara', 'kota kotamobagu', 'kotamobagu']
2026-04-22 16:24:21 | DEBUG    |   Batas harga (Wisata Kota / Landmark): Rp 100,000
2026-04-22 16:24:21 | DEBUG    |   [L1] Query: "LAPANGAN BUA' HONTINIMBANG MANOPPO ChIJP25jElw9fjIRfM3v7A8Ivys harga tiket masuk"
2026-04-22 16:24:29 | DEBUG    |   [L1] DDGS percobaan 1/2: ConnectError: ConnectError('error sending request for url (https://html.duckduckgo.com/html/)', 'https://html.duckduckgo.com/html/')
2026-04-22 16:24:37 | DEBUG    |   [L1] DDGS percobaan 2/2: ConnectError: ConnectError('error sending request for url (https://html.duckduckgo.com/html/)', 'https://html.duckduckgo.com/html/')
2026-04-22 16:24:37 | ERROR    |   [L1] Error DDGS setelah retry: ConnectError: ConnectError('error sending request for url (https://html.duckduckgo.com/html/)', 'https://html.duckduckgo.com/html/')
2026-04-22 16:24:37 | DEBUG    |   [L1] Query: "LAPANGAN BUA' HONTINIMBANG MANOPPO Kota Kotamobagu Sulawesi Utara harga tiket masuk"
2026-04-22 16:24:43 | DEBUG    |   [L1] DDGS percobaan 1/2: ConnectError: ConnectError('error sending request for url (https://html.duckduckgo.com/html/)', 'https://html.duckduckgo.com/html/')
2026-04-22 16:24:52 | DEBUG    |   [L1] DDGS percobaan 2/2: ConnectError: ConnectError('error sending request for url (https://html.duckduckgo.com/html/)', 'https://html.duckduckgo.com/html/')
2026-04-22 16:24:52 | ERROR    |   [L1] Error DDGS setelah retry: ConnectError: ConnectError('error sending request for url (https://html.duckduckgo.com/html/)', 'https://html.duckduckgo.com/html/')
2026-04-22 16:24:52 | DEBUG    |   [L1] Query: "LAPANGAN BUA' HONTINIMBANG MANOPPO Kota Kotamobagu Sulawesi Utara HTM retribusi tiket masuk wisata"
2026-04-22 16:24:57 | DEBUG    |   [L1] DDGS percobaan 1/2: ConnectError: ConnectError('error sending request for url (https://html.duckduckgo.com/html/)', 'https://html.duckduckgo.com/html/')
2026-04-22 16:25:05 | DEBUG    |   [L1] DDGS percobaan 2/2: ConnectError: ConnectError('error sending request for url (https://html.duckduckgo.com/html/)', 'https://html.duckduckgo.com/html/')
2026-04-22 16:25:05 | ERROR    |   [L1] Error DDGS setelah retry: ConnectError: ConnectError('error sending request for url (https://html.duckduckgo.com/html/)', 'https://html.duckduckgo.com/html/')
2026-04-22 16:25:05 | DEBUG    |   >> Semua level gagal — NULL.
2026-04-22 16:25:05 | INFO     | [  368/2708] [NULL]  'LAPANGAN BUA' HONTINIMBANG MANOPPO' -> tidak ditemukan (diset '-')
2026-04-22 16:25:07 | INFO     | [  369/2708] [SKIP]  'Pantai Maesa' -> Rp 2500.0
2026-04-22 16:25:07 | INFO     | [  370/2708] [SKIP]  'Buttu Macca' -> Rp 15000.0
2026-04-22 16:25:07 | INFO     | [  371/2708] [SKIP]  'Permandian Topa' -> Rp 10000.0
2026-04-22 16:25:07 | INFO     | [  372/2708] [SKIP]  'Wisata Air Panas Bora' -> Rp 0.0
2026-04-22 16:25:07 | INFO     | [  373/2708] [SKIP]  'Gunung Lokon' -> Rp 20000.0
2026-04-22 16:25:07 | INFO     | [  374/2708] [SKIP]  'Wisata Hutan Pinus Rombeng' -> Rp 5000.0
2026-04-22 16:25:07 | INFO     | [  375/2708] [SKIP]  'Pantai Ria Kolaka Cocoa City' -> Rp 50000.0
2026-04-22 16:25:07 | INFO     | [  376/2708] [SKIP]  'Taman Wisata Mahoni' -> Rp 20000.0
2026-04-22 16:25:07 | INFO     | [  377/2708] [CARI]  'Puncak Amarilis Kota Kendari' (Wisata Kota / Landmark)
2026-04-22 16:25:07 | DEBUG    |   Lokasi: 'Kota Kendari' | 'Sulawesi Tenggara'
2026-04-22 16:25:07 | DEBUG    |   Jarum geolokasi: ['sulawesi tenggara', 'kota kendari', 'kendari']
2026-04-22 16:25:07 | DEBUG    |   Batas harga (Wisata Kota / Landmark): Rp 100,000
2026-04-22 16:25:07 | DEBUG    |   [L1] Query: "Puncak Amarilis Kota Kendari ChIJk4hRContmC0RWl9D68eMkr4 harga tiket masuk"
2026-04-22 16:25:13 | DEBUG    |   [L1] DDGS percobaan 1/2: ConnectError: ConnectError('error sending request for url (https://html.duckduckgo.com/html/)', 'https://html.duckduckgo.com/html/')
2026-04-22 16:25:21 | DEBUG    |   [L1] DDGS percobaan 2/2: ConnectError: ConnectError('error sending request for url (https://html.duckduckgo.com/html/)', 'https://html.duckduckgo.com/html/')
2026-04-22 16:25:21 | ERROR    |   [L1] Error DDGS setelah retry: ConnectError: ConnectError('error sending request for url (https://html.duckduckgo.com/html/)', 'https://html.duckduckgo.com/html/')
2026-04-22 16:25:21 | DEBUG    |   [L1] Query: "Puncak Amarilis Kota Kendari Kota Kendari Sulawesi Tenggara harga tiket masuk"
2026-04-22 16:25:27 | DEBUG    |   [L1] Jumlah snippet: 3
2026-04-22 16:25:27 | DEBUG    |     Posisi kata tiket: []
2026-04-22 16:25:27 | DEBUG    |     Tidak ada kata tiket, fallback ke pencarian global.
2026-04-22 16:25:27 | DEBUG    |   [L1] Tidak ada harga di snippet | 1 URL untuk L2
2026-04-22 16:25:27 | DEBUG    |   [L1] Query: "Puncak Amarilis Kota Kendari Kota Kendari Sulawesi Tenggara HTM retribusi tiket masuk wisata"
2026-04-22 16:25:32 | DEBUG    |   [L1] DDGS percobaan 1/2: ConnectError: ConnectError('error sending request for url (https://html.duckduckgo.com/html/)', 'https://html.duckduckgo.com/html/')
2026-04-22 16:25:39 | DEBUG    |   [L1] DDGS percobaan 2/2: ConnectError: ConnectError('error sending request for url (https://html.duckduckgo.com/html/)', 'https://html.duckduckgo.com/html/')
2026-04-22 16:25:39 | ERROR    |   [L1] Error DDGS setelah retry: ConnectError: ConnectError('error sending request for url (https://html.duckduckgo.com/html/)', 'https://html.duckduckgo.com/html/')
2026-04-22 16:25:39 | DEBUG    |   [L2] Membuka: https://www.celebes.co/puncak-amarilis-kendari
2026-04-22 16:25:41 | DEBUG    |     [Gratis] 'gratis' valid — dekat kata tiket/masuk.
2026-04-22 16:25:41 | DEBUG    |   [L2] Gratis terdeteksi di https://www.celebes.co/puncak-amarilis-kendari
2026-04-22 16:25:41 | DEBUG    |   >> Ditemukan di L2: Rp 0
2026-04-22 16:25:41 | INFO     | [  377/2708] [OK]    'Puncak Amarilis Kota Kendari' -> Rp 0 (Gratis) [L2] https://www.celebes.co/puncak-amarilis-kendari
2026-04-22 16:25:43 | INFO     | [  378/2708] [SKIP]  'SAUNG REWAKO' -> Rp 0.0
2026-04-22 16:25:43 | INFO     | [  379/2708] [SKIP]  'PUNCAK SOROMBIPI' -> Rp 10000.0
2026-04-22 16:25:43 | INFO     | [  380/2708] [CARI]  'Tanggul Reklamasi Kolonodale' (Wisata Kota / Landmark)
2026-04-22 16:25:43 | DEBUG    |   Lokasi: 'Kabupaten Morowali Utara' | 'Sulawesi Tengah'
2026-04-22 16:25:43 | DEBUG    |   Jarum geolokasi: ['sulawesi tengah', 'kabupaten morowali utara', 'morowali utara', 'morowali']
2026-04-22 16:25:43 | DEBUG    |   Batas harga (Wisata Kota / Landmark): Rp 100,000
2026-04-22 16:25:43 | DEBUG    |   [L1] Query: "Tanggul Reklamasi Kolonodale ChIJUZavmTnnjy0RLGEq5hW9pw8 harga tiket masuk"
2026-04-22 16:25:48 | DEBUG    |   [L1] DDGS percobaan 1/2: ConnectError: ConnectError('error sending request for url (https://html.duckduckgo.com/html/)', 'https://html.duckduckgo.com/html/')
2026-04-22 16:25:54 | DEBUG    |   [L1] DDGS percobaan 2/2: ConnectError: ConnectError('error sending request for url (https://html.duckduckgo.com/html/)', 'https://html.duckduckgo.com/html/')
2026-04-22 16:25:54 | ERROR    |   [L1] Error DDGS setelah retry: ConnectError: ConnectError('error sending request for url (https://html.duckduckgo.com/html/)', 'https://html.duckduckgo.com/html/')
2026-04-22 16:25:54 | DEBUG    |   [L1] Query: "Tanggul Reklamasi Kolonodale Kabupaten Morowali Utara Sulawesi Tengah harga tiket masuk"
2026-04-22 16:26:00 | DEBUG    |   [L1] DDGS percobaan 1/2: ConnectError: ConnectError('error sending request for url (https://html.duckduckgo.com/html/)', 'https://html.duckduckgo.com/html/')
2026-04-22 16:26:08 | DEBUG    |   [L1] DDGS percobaan 2/2: ConnectError: ConnectError('error sending request for url (https://html.duckduckgo.com/html/)', 'https://html.duckduckgo.com/html/')
2026-04-22 16:26:08 | ERROR    |   [L1] Error DDGS setelah retry: ConnectError: ConnectError('error sending request for url (https://html.duckduckgo.com/html/)', 'https://html.duckduckgo.com/html/')
2026-04-22 16:26:08 | DEBUG    |   [L1] Query: "Tanggul Reklamasi Kolonodale Kabupaten Morowali Utara Sulawesi Tengah HTM retribusi tiket masuk wisata"
2026-04-22 16:26:15 | DEBUG    |   [L1] DDGS percobaan 1/2: ConnectError: ConnectError('error sending request for url (https://html.duckduckgo.com/html/)', 'https://html.duckduckgo.com/html/')
2026-04-22 16:26:23 | DEBUG    |   [L1] DDGS percobaan 2/2: ConnectError: ConnectError('error sending request for url (https://html.duckduckgo.com/html/)', 'https://html.duckduckgo.com/html/')
2026-04-22 16:26:23 | ERROR    |   [L1] Error DDGS setelah retry: ConnectError: ConnectError('error sending request for url (https://html.duckduckgo.com/html/)', 'https://html.duckduckgo.com/html/')
2026-04-22 16:26:23 | DEBUG    |   >> Semua level gagal — NULL.
2026-04-22 16:26:23 | INFO     | [  380/2708] [NULL]  'Tanggul Reklamasi Kolonodale' -> tidak ditemukan (diset '-')
2026-04-22 16:26:25 | INFO     | [  381/2708] [SKIP]  'Lasonrai Beach' -> Rp 5000.0
2026-04-22 16:26:25 | INFO     | [  382/2708] [SKIP]  'Monumen Lasinrang' -> Rp 10000.0
2026-04-22 16:26:25 | INFO     | [  383/2708] [SKIP]  'Pantai Pandan Wangi' -> Rp 5000.0
2026-04-22 16:26:25 | INFO     | [  384/2708] [SKIP]  'Pulisan Beach' -> Rp 5000.0
2026-04-22 16:26:25 | INFO     | [  385/2708] [SKIP]  'Gunung Tumpa' -> Rp 5000.0
2026-04-22 16:26:25 | INFO     | [  386/2708] [SKIP]  'RANOLEWO' -> Rp 5000.0
2026-04-22 16:26:25 | INFO     | [  387/2708] [SKIP]  'Air Terjun Loli Tasiburi' -> Rp 2000.0
2026-04-22 16:26:25 | INFO     | [  388/2708] [SKIP]  'Pantai Kuri Maros' -> Rp 0.0
2026-04-22 16:26:25 | INFO     | [  389/2708] [SKIP]  'PPLH Puntondo' -> Rp 15000.0
2026-04-22 16:26:25 | INFO     | [  390/2708] [SKIP]  'Baruga Somba Opu' -> Rp 2000.0
2026-04-22 16:26:25 | INFO     | [  391/2708] [CARI]  'Pantai Wambuliga' (Wisata Alam)
2026-04-22 16:26:25 | DEBUG    |   Lokasi: 'Kabupaten Wakatobi' | 'Sulawesi Tenggara'
2026-04-22 16:26:25 | DEBUG    |   Jarum geolokasi: ['sulawesi tenggara', 'kabupaten wakatobi', 'wakatobi']
2026-04-22 16:26:25 | DEBUG    |   Batas harga (Wisata Alam): Rp 75,000
2026-04-22 16:26:25 | DEBUG    |   [L1] Query: "Pantai Wambuliga ChIJQciY2ys3oS0RMq3AUgkwZLE harga tiket masuk"
2026-04-22 16:26:31 | DEBUG    |   [L1] DDGS percobaan 1/2: RequestError: RequestError('error sending request for url (https://search.yahoo.com/search;_ylt=pkjHkd5fu_NLXRTrUGzL8Jlj;_ylu=wRnjpR0jijwUnG0lxMrQ0Hni3lXnG-GeD-68RnG3oB12Whc?p=Pantai+Wambuliga+ChIJQciY2ys3oS0RMq3AUgkwZLE+harga+tiket+masuk)', 'https://search.yahoo.com/search;_ylt=pkjHkd5fu_NLXRTrUGzL8Jlj;_ylu=wRnjpR0jijwUnG0lxMrQ0Hni3lXnG-GeD-68RnG3oB12Whc?p=Pantai+Wambuliga+ChIJQciY2ys3oS0RMq3AUgkwZLE+harga+tiket+masuk')
2026-04-22 16:26:38 | DEBUG    |   [L1] DDGS percobaan 2/2: ConnectError: ConnectError('error sending request for url (https://html.duckduckgo.com/html/)', 'https://html.duckduckgo.com/html/')
2026-04-22 16:26:38 | ERROR    |   [L1] Error DDGS setelah retry: ConnectError: ConnectError('error sending request for url (https://html.duckduckgo.com/html/)', 'https://html.duckduckgo.com/html/')
2026-04-22 16:26:38 | DEBUG    |   [L1] Query: "Pantai Wambuliga Kabupaten Wakatobi Sulawesi Tenggara harga tiket masuk"
2026-04-22 16:26:45 | DEBUG    |   [L1] Jumlah snippet: 5
2026-04-22 16:26:45 | DEBUG    |     Posisi kata tiket: [126]
2026-04-22 16:26:45 | DEBUG    |     Posisi kata tiket: []
2026-04-22 16:26:45 | DEBUG    |     Tidak ada kata tiket, fallback ke pencarian global.
2026-04-22 16:26:45 | DEBUG    |     Posisi kata tiket: []
2026-04-22 16:26:45 | DEBUG    |     Tidak ada kata tiket, fallback ke pencarian global.
2026-04-22 16:26:45 | DEBUG    |     [Gratis] Frasa eksplisit ditemukan.
2026-04-22 16:26:45 | DEBUG    |   [L1] snippet 5: gratis (cocok nama + lokasi)
2026-04-22 16:26:45 | DEBUG    |   >> Ditemukan di L1 (gratis)
2026-04-22 16:26:45 | INFO     | [  391/2708] [OK]    'Pantai Wambuliga' -> Rp 0 (Gratis) [L1] https://www.tournesia.com/open-trip-wakatobi/
2026-04-22 16:26:47 | INFO     | [  392/2708] [SKIP]  'Rumah Adat Mamuju' -> Rp 30000.0
2026-04-22 16:26:47 | INFO     | [  393/2708] [SKIP]  'Pantai palippis' -> Rp 5000.0
2026-04-22 16:26:47 | INFO     | [  394/2708] [SKIP]  'Hutan Pinus RITA MALOMPOA BISSOLORO' -> Rp 8000.0
2026-04-22 16:26:47 | INFO     | [  395/2708] [SKIP]  'Lembah Lohe' -> Rp 5000.0
2026-04-22 16:26:47 | INFO     | [  396/2708] [SKIP]  'Pantai Katembe' -> Rp 20000.0
2026-04-22 16:26:47 | INFO     | [  397/2708] [SKIP]  'Pantai Sabang Toli toli' -> Rp 10000.0
2026-04-22 16:26:47 | INFO     | [  398/2708] [SKIP]  'Taman Rekreasi Puncak Mowewe' -> Rp 0.0
2026-04-22 16:26:47 | INFO     | [  399/2708] [SKIP]  'Mampie' -> Rp 3000.0
2026-04-22 16:26:47 | INFO     | [  400/2708] [SKIP]  'Air Terjun Vera' -> Rp 5000.0
2026-04-22 16:26:47 | INFO     | [  401/2708] [SKIP]  'Danau Napabale' -> Rp 10000.0
2026-04-22 16:26:47 | INFO     | [  402/2708] [SKIP]  'Monumen Tuhan Yesus Raja Memberkati' -> Rp 0.0
2026-04-22 16:26:47 | INFO     | [  403/2708] [SKIP]  'Wisata Tugu Perdamaian' -> Rp 5000.0
2026-04-22 16:26:47 | INFO     | [  404/2708] [SKIP]  'Pantai Pasangkayu Mamuju Utara' -> Rp 0
2026-04-22 16:26:47 | INFO     | [  405/2708] [SKIP]  'Teluk Lalong' -> Rp 23000.0
2026-04-22 16:26:47 | INFO     | [  406/2708] [CARI]  'Taman Wisata Bola Pitue' (Wisata Alam)
2026-04-22 16:26:47 | DEBUG    |   Lokasi: 'Kabupaten Barru' | 'Sulawesi Selatan'
2026-04-22 16:26:47 | DEBUG    |   Jarum geolokasi: ['sulawesi selatan', 'kabupaten barru', 'barru']
2026-04-22 16:26:47 | DEBUG    |   Batas harga (Wisata Alam): Rp 75,000
2026-04-22 16:26:47 | DEBUG    |   [L1] Query: "Taman Wisata Bola Pitue ChIJvVMaCAeIlS0R28QvQ9GcDyI harga tiket masuk"
2026-04-22 16:26:53 | DEBUG    |   [L1] DDGS percobaan 1/2: ConnectError: ConnectError('error sending request for url (https://html.duckduckgo.com/html/)', 'https://html.duckduckgo.com/html/')
2026-04-22 16:26:59 | DEBUG    |   [L1] DDGS percobaan 2/2: ConnectError: ConnectError('error sending request for url (https://html.duckduckgo.com/html/)', 'https://html.duckduckgo.com/html/')
2026-04-22 16:26:59 | ERROR    |   [L1] Error DDGS setelah retry: ConnectError: ConnectError('error sending request for url (https://html.duckduckgo.com/html/)', 'https://html.duckduckgo.com/html/')
2026-04-22 16:26:59 | DEBUG    |   [L1] Query: "Taman Wisata Bola Pitue Kabupaten Barru Sulawesi Selatan harga tiket masuk"
2026-04-22 16:27:04 | DEBUG    |   [L1] Jumlah snippet: 1
2026-04-22 16:27:04 | DEBUG    |   [L1] Tidak ada harga di snippet | 1 URL untuk L2
2026-04-22 16:27:04 | DEBUG    |   [L1] Query: "Taman Wisata Bola Pitue Kabupaten Barru Sulawesi Selatan HTM retribusi tiket masuk wisata"
2026-04-22 16:27:10 | DEBUG    |   [L1] DDGS percobaan 1/2: ConnectError: ConnectError('error sending request for url (https://html.duckduckgo.com/html/)', 'https://html.duckduckgo.com/html/')
2026-04-22 16:27:17 | DEBUG    |   [L1] Jumlah snippet: 5
2026-04-22 16:27:17 | DEBUG    |     [Lokasi] Tidak cocok — butuh salah satu dari: ['sulawesi selatan', 'kabupaten barru', 'barru']...
2026-04-22 16:27:17 | DEBUG    |   [L1] snippet 1: buang — tidak cocok lokasi alamat
2026-04-22 16:27:17 | DEBUG    |     Posisi kata tiket: []
2026-04-22 16:27:17 | DEBUG    |     Tidak ada kata tiket, fallback ke pencarian global.
2026-04-22 16:27:17 | DEBUG    |     Posisi kata tiket: []
2026-04-22 16:27:17 | DEBUG    |     Tidak ada kata tiket, fallback ke pencarian global.
2026-04-22 16:27:17 | DEBUG    |     Posisi kata tiket: []
2026-04-22 16:27:17 | DEBUG    |     Tidak ada kata tiket, fallback ke pencarian global.
2026-04-22 16:27:17 | DEBUG    |   [L1] Tidak ada harga di snippet | 5 URL untuk L2
2026-04-22 16:27:17 | DEBUG    |   [L2] Membuka: https://singgah.barrukab.go.id/
2026-04-22 16:27:18 | DEBUG    |   [L2] Status 403, lewati.
2026-04-22 16:27:18 | DEBUG    |   [L2] Membuka: https://makassar.tribunnews.com/2021/11/02/taman-wisata-bola-pitue-tempat-alternatif-berakhir-pekan-di-barru-hanya-3-km-dari-pusat-kota
2026-04-22 16:27:19 | DEBUG    |     Posisi kata tiket: []
2026-04-22 16:27:19 | DEBUG    |     Tidak ada kata tiket, fallback ke pencarian global.
2026-04-22 16:27:20 | DEBUG    |   [L2] Membuka: https://blog.pigijo.com/cirebon-rasa-bali-cobain-wisata-kampung-sabin/
2026-04-22 16:27:27 | DEBUG    |     [Lokasi] Tidak cocok — butuh salah satu dari: ['sulawesi selatan', 'kabupaten barru', 'barru']...
2026-04-22 16:27:27 | DEBUG    |   [L2] Tolak isi halaman — tidak ada bukti lokasi alamat: https://blog.pigijo.com/cirebon-rasa-bali-cobain-wisata-kampung-sabin/
2026-04-22 16:27:27 | DEBUG    |   [L2] Membuka: https://fqsinternational.com/taman-wisata-bola-pitue-tempat-wisata-menarik-di-sulawesi-selatan/
2026-04-22 16:27:29 | DEBUG    |     Posisi kata tiket: [395, 2262, 2304, 2479]
2026-04-22 16:27:30 | DEBUG    |   [L2] Membuka: https://blog.pigijo.com/belajar-sejarah-di-taman-wisata-bola-pitue-barru-sulawesi-selatan/
2026-04-22 16:27:31 | DEBUG    |     Posisi kata tiket: []
2026-04-22 16:27:31 | DEBUG    |     Tidak ada kata tiket, fallback ke pencarian global.
2026-04-22 16:27:32 | DEBUG    |   [L2] Membuka: https://wanderboat.ai/attractions/indonesia/south-sulawesi/taman-wisata-bola-pitue/D7CwmJ6lSPKaWST-bcZoow
2026-04-22 16:27:35 | DEBUG    |     Posisi kata tiket: []
2026-04-22 16:27:35 | DEBUG    |     Tidak ada kata tiket, fallback ke pencarian global.
2026-04-22 16:27:36 | DEBUG    |   [L3] Playwright coba 6 URL ...
2026-04-22 16:27:36 | DEBUG    |   [L3] Navigasi ke: https://singgah.barrukab.go.id/
2026-04-22 16:27:36 | DEBUG    |   [L3] Navigasi ke: https://makassar.tribunnews.com/2021/11/02/taman-wisata-bola-pitue-tempat-alternatif-berakhir-pekan-di-barru-hanya-3-km-dari-pusat-kota
2026-04-22 16:27:37 | DEBUG    |     Posisi kata tiket: []
2026-04-22 16:27:37 | DEBUG    |     Tidak ada kata tiket, fallback ke pencarian global.
2026-04-22 16:27:37 | DEBUG    |   [L3] Navigasi ke: https://blog.pigijo.com/cirebon-rasa-bali-cobain-wisata-kampung-sabin/
2026-04-22 16:27:41 | DEBUG    |     [Lokasi] Tidak cocok — butuh salah satu dari: ['sulawesi selatan', 'kabupaten barru', 'barru']...
2026-04-22 16:27:41 | DEBUG    |   [L3] Tolak — tidak ada bukti lokasi alamat: https://blog.pigijo.com/cirebon-rasa-bali-cobain-wisata-kampung-sabin/
2026-04-22 16:27:41 | DEBUG    |   [L3] Navigasi ke: https://fqsinternational.com/taman-wisata-bola-pitue-tempat-wisata-menarik-di-sulawesi-selatan/
2026-04-22 16:27:44 | DEBUG    |     Posisi kata tiket: [557, 2449, 2492, 2667]
2026-04-22 16:27:44 | DEBUG    |   [L3] Navigasi ke: https://blog.pigijo.com/belajar-sejarah-di-taman-wisata-bola-pitue-barru-sulawesi-selatan/
2026-04-22 16:27:46 | DEBUG    |     Posisi kata tiket: []
2026-04-22 16:27:46 | DEBUG    |     Tidak ada kata tiket, fallback ke pencarian global.
2026-04-22 16:27:46 | DEBUG    |   [L3] Navigasi ke: https://wanderboat.ai/attractions/indonesia/south-sulawesi/taman-wisata-bola-pitue/D7CwmJ6lSPKaWST-bcZoow
2026-04-22 16:27:49 | DEBUG    |     Posisi kata tiket: []
2026-04-22 16:27:49 | DEBUG    |     Tidak ada kata tiket, fallback ke pencarian global.
2026-04-22 16:27:49 | DEBUG    |   >> Semua level gagal — NULL.
2026-04-22 16:27:49 | INFO     | [  406/2708] [NULL]  'Taman Wisata Bola Pitue' -> tidak ditemukan (diset '-')
2026-04-22 16:27:51 | INFO     | [  407/2708] [SKIP]  'Pantai Salopi' -> Rp 5000.0
2026-04-22 16:27:51 | INFO     | [  408/2708] [SKIP]  'Pantai Punagaan' -> Rp 29000.0
2026-04-22 16:27:51 | INFO     | [  409/2708] [SKIP]  'Wakatobi Dive Adventure' -> Rp 50000.0
2026-04-22 16:27:51 | INFO     | [  410/2708] [SKIP]  'Pantai Boneoge' -> Rp 0.0
2026-04-22 16:27:51 | INFO     | [  411/2708] [SKIP]  'Pantai Poganda' -> Rp 2000.0
2026-04-22 16:27:51 | INFO     | [  412/2708] [SKIP]  'Lawere Beach Bonging Ponging' -> Rp 5000.0
2026-04-22 16:27:51 | INFO     | [  413/2708] [SKIP]  'Pantai INDO BEACH LALUMPE' -> Rp 10000.0
2026-04-22 16:27:51 | INFO     | [  414/2708] [CARI]  'Buntu Pune' (Wisata Kota / Landmark)
2026-04-22 16:27:51 | DEBUG    |   Lokasi: 'Kabupaten Toraja Utara' | 'Sulawesi Selatan'
2026-04-22 16:27:51 | DEBUG    |   Jarum geolokasi: ['sulawesi selatan', 'kabupaten toraja utara', 'toraja utara']
2026-04-22 16:27:51 | DEBUG    |   Batas harga (Wisata Kota / Landmark): Rp 100,000
2026-04-22 16:27:51 | DEBUG    |   [L1] Query: "Buntu Pune ChIJ3-maY5Hpky0RGWcTAoGORHw harga tiket masuk"
2026-04-22 16:27:55 | DEBUG    |   [L1] Jumlah snippet: 5
2026-04-22 16:27:55 | DEBUG    |     [Lokasi] Tidak cocok — butuh salah satu dari: ['sulawesi selatan', 'kabupaten toraja utara', 'toraja utara']...
2026-04-22 16:27:55 | DEBUG    |   [L1] snippet 1: buang — tidak cocok lokasi alamat
2026-04-22 16:27:55 | DEBUG    |     [Lokasi] Tidak cocok — butuh salah satu dari: ['sulawesi selatan', 'kabupaten toraja utara', 'toraja utara']...
2026-04-22 16:27:55 | DEBUG    |   [L1] snippet 2: buang — tidak cocok lokasi alamat
2026-04-22 16:27:55 | DEBUG    |     [Lokasi] Tidak cocok — butuh salah satu dari: ['sulawesi selatan', 'kabupaten toraja utara', 'toraja utara']...
2026-04-22 16:27:55 | DEBUG    |   [L1] snippet 3: buang — tidak cocok lokasi alamat
2026-04-22 16:27:55 | DEBUG    |     [Lokasi] Tidak cocok — butuh salah satu dari: ['sulawesi selatan', 'kabupaten toraja utara', 'toraja utara']...
2026-04-22 16:27:55 | DEBUG    |   [L1] snippet 4: buang — tidak cocok lokasi alamat
2026-04-22 16:27:55 | DEBUG    |     [Lokasi] Tidak cocok — butuh salah satu dari: ['sulawesi selatan', 'kabupaten toraja utara', 'toraja utara']...
2026-04-22 16:27:55 | DEBUG    |   [L1] snippet 5: buang — tidak cocok lokasi alamat
2026-04-22 16:27:55 | DEBUG    |   [L1] Tidak ada harga di snippet | 4 URL untuk L2
2026-04-22 16:27:55 | DEBUG    |   [L1] Query: "Buntu Pune Kabupaten Toraja Utara Sulawesi Selatan harga tiket masuk"
2026-04-22 16:28:03 | DEBUG    |   [L1] Jumlah snippet: 2
2026-04-22 16:28:03 | DEBUG    |   [L1] Tidak ada harga di snippet | 2 URL untuk L2
2026-04-22 16:28:03 | DEBUG    |   [L1] Query: "Buntu Pune Kabupaten Toraja Utara Sulawesi Selatan HTM retribusi tiket masuk wisata"
2026-04-22 16:28:09 | DEBUG    |   [L1] DDGS percobaan 1/2: ConnectError: ConnectError('error sending request for url (https://html.duckduckgo.com/html/)', 'https://html.duckduckgo.com/html/')
2026-04-22 16:28:16 | DEBUG    |   [L1] DDGS percobaan 2/2: ConnectError: ConnectError('error sending request for url (https://html.duckduckgo.com/html/)', 'https://html.duckduckgo.com/html/')
2026-04-22 16:28:16 | ERROR    |   [L1] Error DDGS setelah retry: ConnectError: ConnectError('error sending request for url (https://html.duckduckgo.com/html/)', 'https://html.duckduckgo.com/html/')
2026-04-22 16:28:16 | DEBUG    |   [L2] Membuka: https://ubuntu.com/download
2026-04-22 16:28:17 | DEBUG    |     [Lokasi] Tidak cocok — butuh salah satu dari: ['sulawesi selatan', 'kabupaten toraja utara', 'toraja utara']...
2026-04-22 16:28:17 | DEBUG    |   [L2] Tolak isi halaman — tidak ada bukti lokasi alamat: https://ubuntu.com/download
2026-04-22 16:28:17 | DEBUG    |   [L2] Membuka: https://ubuntu.com/download/desktop
2026-04-22 16:28:18 | DEBUG    |     [Lokasi] Tidak cocok — butuh salah satu dari: ['sulawesi selatan', 'kabupaten toraja utara', 'toraja utara']...
2026-04-22 16:28:18 | DEBUG    |   [L2] Tolak isi halaman — tidak ada bukti lokasi alamat: https://ubuntu.com/download/desktop
2026-04-22 16:28:18 | DEBUG    |   [L2] Membuka: https://www.visittoraja.com/destination/toraja/buntu-pune/
2026-04-22 16:28:22 | DEBUG    |     [Lokasi] Tidak cocok — butuh salah satu dari: ['sulawesi selatan', 'kabupaten toraja utara', 'toraja utara']...
2026-04-22 16:28:22 | DEBUG    |   [L2] Tolak isi halaman — tidak ada bukti lokasi alamat: https://www.visittoraja.com/destination/toraja/buntu-pune/
2026-04-22 16:28:22 | DEBUG    |   [L2] Membuka: https://wanderlog.com/place/details/9448751/buntu-pune
2026-04-22 16:28:24 | DEBUG    |     [Lokasi] Tidak cocok — butuh salah satu dari: ['sulawesi selatan', 'kabupaten toraja utara', 'toraja utara']...
2026-04-22 16:28:24 | DEBUG    |   [L2] Tolak isi halaman — tidak ada bukti lokasi alamat: https://wanderlog.com/place/details/9448751/buntu-pune
2026-04-22 16:28:24 | DEBUG    |   [L2] Membuka: https://ketikmedia.com/wisata/wisata-di-sulawesi/tongkonan-pallawa
2026-04-22 16:28:26 | DEBUG    |     [Gratis] 'gratis' dekat kata false positive, dilewati.
2026-04-22 16:28:26 | DEBUG    |     [Gratis] 'gratis' dekat kata false positive, dilewati.
2026-04-22 16:28:26 | DEBUG    |     Posisi kata tiket: [6678, 7447, 7521]
2026-04-22 16:28:27 | DEBUG    |   [L2] Membuka: https://www.pinterpandai.com/terima-kasih-fans-pinter-pandai-dimanakah-tempat-ini-rumah-adat-tongkonan-sulawesi/
2026-04-22 16:28:30 | DEBUG    |     Posisi kata tiket: [4263, 5604, 5788, 10536]
2026-04-22 16:28:30 | DEBUG    |     Kandidat dari jendela tiket: Rp 20,000
2026-04-22 16:28:30 | DEBUG    |     Kandidat dari jendela tiket: Rp 10,000
2026-04-22 16:28:30 | DEBUG    |     Kandidat valid: [10000, 20000], dipilih: Rp 10,000
2026-04-22 16:28:30 | DEBUG    |   [L2] Harga Rp 10,000 dari https://www.pinterpandai.com/terima-kasih-fans-pinter-pandai-dimanakah-tempat-ini-rumah-adat-tongkonan-sulawesi/
2026-04-22 16:28:30 | DEBUG    |   >> Ditemukan di L2: Rp 10,000
2026-04-22 16:28:30 | INFO     | [  414/2708] [OK]    'Buntu Pune' -> Rp 10,000 (Sedang) [L2] https://www.pinterpandai.com/terima-kasih-fans-pinter-pandai-dimanakah
2026-04-22 16:28:32 | INFO     | [  415/2708] [SKIP]  'Pemandian Air Panas Pincara' -> Rp 25000.0
2026-04-22 16:28:32 | INFO     | [  416/2708] [SKIP]  'Padang Indah Allepperengnge' -> Rp 10000.0
2026-04-22 16:28:32 | INFO     | [  417/2708] [SKIP]  'Masjid Besar DARUSSALAM Belawa' -> Rp 0.0
2026-04-22 16:28:32 | INFO     | [  418/2708] [SKIP]  'BUKIT NATO,Lolai negri diatas awan' -> Rp 15000.0
2026-04-22 16:28:32 | INFO     | [  419/2708] [SKIP]  'Tugu Panua' -> Rp 5000.0
2026-04-22 16:28:32 | INFO     | [  420/2708] [SKIP]  'Pantai Cinta' -> Rp 20000.0
2026-04-22 16:28:32 | INFO     | [  421/2708] [SKIP]  'Masjid Agung Baiturrahim Pohuwato' -> Rp 0.0
2026-04-22 16:28:32 | INFO     | [  422/2708] [SKIP]  'Taman Purbakala Waruga' -> Rp 29000.0
2026-04-22 16:28:32 | INFO     | [  423/2708] [SKIP]  'Kasuso' -> Rp 0.0
2026-04-22 16:28:32 | INFO     | [  424/2708] [SKIP]  'Taman Bakau Kendari' -> Rp 25000.0
2026-04-22 16:28:32 | INFO     | [  425/2708] [SKIP]  'Kasawari Beach' -> Rp 4000.0
2026-04-22 16:28:32 | INFO     | [  426/2708] [SKIP]  'Pantai Wisata Molotabu' -> Rp 5000
2026-04-22 16:28:32 | INFO     | [  427/2708] [SKIP]  'Cartens Hills Wawo' -> Rp 30000.0
2026-04-22 16:28:32 | INFO     | [  428/2708] [SKIP]  'Pantai Kalomang' -> Rp 5000.0
2026-04-22 16:28:32 | INFO     | [  429/2708] [SKIP]  'Tebing Romantis Ollon' -> Rp 10000.0
2026-04-22 16:28:32 | INFO     | [  430/2708] [SKIP]  'Watu Pinawetengan' -> Rp 0.0
2026-04-22 16:28:32 | INFO     | [  431/2708] [SKIP]  'Kawah Gunung Lokon' -> Rp 10000.0
2026-04-22 16:28:32 | INFO     | [  432/2708] [SKIP]  'Monumen Patung Ir. Soekarno' -> Rp 1000.0
2026-04-22 16:28:32 | INFO     | [  433/2708] [SKIP]  'Wisata Sungai Longalo Botu Motoli'oluwo' -> Rp 5000.0
2026-04-22 16:28:32 | INFO     | [  434/2708] [SKIP]  'PANTAI MANAKARRA' -> Rp 0.0
2026-04-22 16:28:32 | INFO     | [  435/2708] [SKIP]  'Pantai Parangluhu Bira' -> Rp 10000.0
2026-04-22 16:28:32 | INFO     | [  436/2708] [SKIP]  'Tuturuga Beach' -> Rp 20000.0
2026-04-22 16:28:32 | INFO     | [  437/2708] [SKIP]  'Tracking Mangrove Bungkutoko' -> Rp 35000.0
2026-04-22 16:28:32 | INFO     | [  438/2708] [CARI]  'Kolam Renang Air Panas "Zanoleos"' (Wisata Kota / Landmark)
2026-04-22 16:28:32 | DEBUG    |   Lokasi: 'Kota Tomohon' | 'Sulawesi Utara'
2026-04-22 16:28:32 | DEBUG    |   Jarum geolokasi: ['sulawesi utara', 'kota tomohon', 'tomohon']
2026-04-22 16:28:32 | DEBUG    |   Batas harga (Wisata Kota / Landmark): Rp 100,000
2026-04-22 16:28:32 | DEBUG    |   [L1] Query: "Kolam Renang Air Panas "Zanoleos" ChIJ92zUH7BthzIRjxizdOGp3pM harga tiket masuk"
2026-04-22 16:28:38 | DEBUG    |   [L1] DDGS percobaan 1/2: ConnectError: ConnectError('error sending request for url (https://html.duckduckgo.com/html/)', 'https://html.duckduckgo.com/html/')
2026-04-22 16:28:46 | DEBUG    |   [L1] DDGS percobaan 2/2: ConnectError: ConnectError('error sending request for url (https://html.duckduckgo.com/html/)', 'https://html.duckduckgo.com/html/')
2026-04-22 16:28:46 | ERROR    |   [L1] Error DDGS setelah retry: ConnectError: ConnectError('error sending request for url (https://html.duckduckgo.com/html/)', 'https://html.duckduckgo.com/html/')
2026-04-22 16:28:46 | DEBUG    |   [L1] Query: "Kolam Renang Air Panas "Zanoleos" Kota Tomohon Sulawesi Utara harga tiket masuk"
2026-04-22 16:28:52 | DEBUG    |   [L1] DDGS percobaan 1/2: ConnectError: ConnectError('error sending request for url (https://html.duckduckgo.com/html/)', 'https://html.duckduckgo.com/html/')
2026-04-22 16:28:59 | DEBUG    |   [L1] DDGS percobaan 2/2: RequestError: RequestError('error sending request for url (https://search.yahoo.com/search;_ylt=jTD8fpJRxe9xDulLIUeYDc0t;_ylu=6vhWagl2rE4pRzHa4d11OUUoFM71roBzBOh8mzdnj8k2t60?p=Kolam+Renang+Air+Panas+%22Zanoleos%22+Kota+Tomohon+Sulawesi+Utara+harga+tiket+masuk)', 'https://search.yahoo.com/search;_ylt=jTD8fpJRxe9xDulLIUeYDc0t;_ylu=6vhWagl2rE4pRzHa4d11OUUoFM71roBzBOh8mzdnj8k2t60?p=Kolam+Renang+Air+Panas+%22Zanoleos%22+Kota+Tomohon+Sulawesi+Utara+harga+tiket+masuk')
2026-04-22 16:28:59 | ERROR    |   [L1] Error DDGS setelah retry: RequestError: RequestError('error sending request for url (https://search.yahoo.com/search;_ylt=jTD8fpJRxe9xDulLIUeYDc0t;_ylu=6vhWagl2rE4pRzHa4d11OUUoFM71roBzBOh8mzdnj8k2t60?p=Kolam+Renang+Air+Panas+%22Zanoleos%22+Kota+Tomohon+Sulawesi+Utara+harga+tiket+masuk)', 'https://search.yahoo.com/search;_ylt=jTD8fpJRxe9xDulLIUeYDc0t;_ylu=6vhWagl2rE4pRzHa4d11OUUoFM71roBzBOh8mzdnj8k2t60?p=Kolam+Renang+Air+Panas+%22Zanoleos%22+Kota+Tomohon+Sulawesi+Utara+harga+tiket+masuk')
2026-04-22 16:28:59 | DEBUG    |   [L1] Query: "Kolam Renang Air Panas "Zanoleos" Kota Tomohon Sulawesi Utara HTM retribusi tiket masuk wisata"
2026-04-22 16:29:04 | DEBUG    |   [L1] DDGS percobaan 1/2: RequestError: RequestError('error sending request for url (https://search.yahoo.com/search;_ylt=vm6n314QRyKMykRS1gTBn2Ph;_ylu=7v9zspgDSLOlDSwH0zvMmiSjPkkEDkgc6n9cRz3BSn3B8XA?p=Kolam+Renang+Air+Panas+%22Zanoleos%22+Kota+Tomohon+Sulawesi+Utara+HTM+retribusi+tiket+masuk+wisata)', 'https://search.yahoo.com/search;_ylt=vm6n314QRyKMykRS1gTBn2Ph;_ylu=7v9zspgDSLOlDSwH0zvMmiSjPkkEDkgc6n9cRz3BSn3B8XA?p=Kolam+Renang+Air+Panas+%22Zanoleos%22+Kota+Tomohon+Sulawesi+Utara+HTM+retribusi+tiket+masuk+wisata')
2026-04-22 16:29:12 | DEBUG    |   [L1] DDGS percobaan 2/2: ConnectError: ConnectError('error sending request for url (https://html.duckduckgo.com/html/)', 'https://html.duckduckgo.com/html/')
2026-04-22 16:29:12 | ERROR    |   [L1] Error DDGS setelah retry: ConnectError: ConnectError('error sending request for url (https://html.duckduckgo.com/html/)', 'https://html.duckduckgo.com/html/')
2026-04-22 16:29:12 | DEBUG    |   >> Semua level gagal — NULL.
2026-04-22 16:29:12 | INFO     | [  438/2708] [NULL]  'Kolam Renang Air Panas "Zanoleos"' -> tidak ditemukan (diset '-')
2026-04-22 16:29:14 | INFO     | [  439/2708] [SKIP]  'Gua Mampu' -> Rp 6000.0
2026-04-22 16:29:14 | INFO     | [  440/2708] [SKIP]  'Air Terjun Kali Dingin' -> Rp 5000.0
2026-04-22 16:29:14 | INFO     | [  441/2708] [CARI]  'Taman Air Kelapa Gading' (Wisata Alam)
2026-04-22 16:29:14 | DEBUG    |   Lokasi: '' | 'Sulawesi Tenggara'
2026-04-22 16:29:14 | DEBUG    |   Jarum geolokasi: ['sulawesi tenggara']
2026-04-22 16:29:14 | DEBUG    |   Batas harga (Wisata Alam): Rp 75,000
2026-04-22 16:29:14 | DEBUG    |   [L1] Query: "Taman Air Kelapa Gading ChIJ11wr4cKKoy0RuMN6A-ERass harga tiket masuk"
2026-04-22 16:29:20 | DEBUG    |   [L1] DDGS percobaan 1/2: ConnectError: ConnectError('error sending request for url (https://html.duckduckgo.com/html/)', 'https://html.duckduckgo.com/html/')
2026-04-22 16:29:23 | DEBUG    |   [L1] Jumlah snippet: 5
2026-04-22 16:29:23 | DEBUG    |     [Lokasi] Tidak cocok — butuh salah satu dari: ['sulawesi tenggara']...
2026-04-22 16:29:23 | DEBUG    |   [L1] snippet 1: buang — tidak cocok lokasi alamat
2026-04-22 16:29:23 | DEBUG    |   [L1] Tidak ada harga di snippet | 5 URL untuk L2
2026-04-22 16:29:23 | DEBUG    |   [L1] Query: "Taman Air Kelapa Gading Sulawesi Tenggara harga tiket masuk"
2026-04-22 16:29:29 | DEBUG    |   [L1] Jumlah snippet: 5
2026-04-22 16:29:29 | DEBUG    |     [Lokasi] Tidak cocok — butuh salah satu dari: ['sulawesi tenggara']...
2026-04-22 16:29:29 | DEBUG    |   [L1] snippet 1: buang — tidak cocok lokasi alamat
2026-04-22 16:29:29 | DEBUG    |     [Lokasi] Tidak cocok — butuh salah satu dari: ['sulawesi tenggara']...
2026-04-22 16:29:29 | DEBUG    |   [L1] snippet 5: buang — tidak cocok lokasi alamat
2026-04-22 16:29:29 | DEBUG    |   [L1] Tidak ada harga di snippet | 5 URL untuk L2
2026-04-22 16:29:29 | DEBUG    |   [L1] Query: "Taman Air Kelapa Gading Sulawesi Tenggara HTM retribusi tiket masuk wisata"
2026-04-22 16:29:33 | DEBUG    |   [L1] DDGS percobaan 1/2: RequestError: RequestError('error sending request for url (https://search.yahoo.com/search;_ylt=PJBh-R2dA4EyKluBp5y33aPF;_ylu=NOHu5gYrGyY_qDioGJrbbUpGBleF2l_bfHOTu9ZibFaJlHI?p=Taman+Air+Kelapa+Gading+Sulawesi+Tenggara+HTM+retribusi+tiket+masuk+wisata)', 'https://search.yahoo.com/search;_ylt=PJBh-R2dA4EyKluBp5y33aPF;_ylu=NOHu5gYrGyY_qDioGJrbbUpGBleF2l_bfHOTu9ZibFaJlHI?p=Taman+Air+Kelapa+Gading+Sulawesi+Tenggara+HTM+retribusi+tiket+masuk+wisata')
2026-04-22 16:29:38 | DEBUG    |   [L1] Jumlah snippet: 5
2026-04-22 16:29:38 | DEBUG    |   [L1] Tidak ada harga di snippet | 5 URL untuk L2
2026-04-22 16:29:38 | DEBUG    |   [L2] Membuka: https://peraturan.bpk.go.id/Details/288408/perda-prov-sulawesi-tenggara-no-2-tahun-2024
2026-04-22 16:29:39 | DEBUG    |     Posisi kata tiket: [197, 289, 365, 481, 585]
2026-04-22 16:29:40 | DEBUG    |   [L2] Membuka: https://www.travelingmedan.com/2020/04/danau-kelapa-gading.html
2026-04-22 16:30:00 | DEBUG    |   [L2] Timeout: https://www.travelingmedan.com/2020/04/danau-kelapa-gading.html
2026-04-22 16:30:00 | DEBUG    |   [L2] Membuka: https://pesonakota.com/palm-bay-water-park/
2026-04-22 16:30:02 | DEBUG    |     [Lokasi] Tidak cocok — butuh salah satu dari: ['sulawesi tenggara']...
2026-04-22 16:30:02 | DEBUG    |   [L2] Tolak isi halaman — tidak ada bukti lokasi alamat: https://pesonakota.com/palm-bay-water-park/
2026-04-22 16:30:02 | DEBUG    |   [L2] Membuka: https://www.scientiasquarepark.com/
2026-04-22 16:30:03 | DEBUG    |     [Lokasi] Tidak cocok — butuh salah satu dari: ['sulawesi tenggara']...
2026-04-22 16:30:03 | DEBUG    |   [L2] Tolak isi halaman — tidak ada bukti lokasi alamat: https://www.scientiasquarepark.com/
2026-04-22 16:30:03 | DEBUG    |   [L2] Membuka: https://travelspromo.com/htm-wisata/kolam-renang-palem-jakarta-timur/
2026-04-22 16:30:05 | DEBUG    |     [Lokasi] Tidak cocok — butuh salah satu dari: ['sulawesi tenggara']...
2026-04-22 16:30:05 | DEBUG    |   [L2] Tolak isi halaman — tidak ada bukti lokasi alamat: https://travelspromo.com/htm-wisata/kolam-renang-palem-jakarta-timur/
2026-04-22 16:30:05 | DEBUG    |   [L2] Membuka: https://www.rumah123.com/explore/kota-jakarta-timur/kolam-renang-palem/
2026-04-22 16:30:06 | DEBUG    |     [Lokasi] Tidak cocok — butuh salah satu dari: ['sulawesi tenggara']...
2026-04-22 16:30:06 | DEBUG    |   [L2] Tolak isi halaman — tidak ada bukti lokasi alamat: https://www.rumah123.com/explore/kota-jakarta-timur/kolam-renang-palem/
2026-04-22 16:30:06 | DEBUG    |   [L3] Playwright coba 6 URL ...
2026-04-22 16:30:06 | DEBUG    |   [L3] Navigasi ke: https://peraturan.bpk.go.id/Details/288408/perda-prov-sulawesi-tenggara-no-2-tahun-2024
2026-04-22 16:30:10 | DEBUG    |     Posisi kata tiket: [150, 243, 319, 435, 539]
2026-04-22 16:30:10 | DEBUG    |   [L3] Navigasi ke: https://www.travelingmedan.com/2020/04/danau-kelapa-gading.html
2026-04-22 16:30:30 | DEBUG    |   [L3] Error (https://www.travelingmedan.com/2020/04/danau-kelapa-gading.html): Page.goto: Timeout 20000ms exceeded.
Call log:
  - navigating to "https://www.travelingmedan.com/2020/04/danau-kelapa-gading.html", waiting until "domcontentloaded"

2026-04-22 16:30:30 | DEBUG    |   [L3] Navigasi ke: https://pesonakota.com/palm-bay-water-park/
2026-04-22 16:30:31 | DEBUG    |     [Lokasi] Tidak cocok — butuh salah satu dari: ['sulawesi tenggara']...
2026-04-22 16:30:31 | DEBUG    |   [L3] Tolak — tidak ada bukti lokasi alamat: https://pesonakota.com/palm-bay-water-park/
2026-04-22 16:30:31 | DEBUG    |   [L3] Navigasi ke: https://www.scientiasquarepark.com/
2026-04-22 16:30:36 | DEBUG    |     [Lokasi] Tidak cocok — butuh salah satu dari: ['sulawesi tenggara']...
2026-04-22 16:30:36 | DEBUG    |   [L3] Tolak — tidak ada bukti lokasi alamat: https://www.scientiasquarepark.com/
2026-04-22 16:30:36 | DEBUG    |   [L3] Navigasi ke: https://travelspromo.com/htm-wisata/kolam-renang-palem-jakarta-timur/
2026-04-22 16:30:38 | DEBUG    |     [Lokasi] Tidak cocok — butuh salah satu dari: ['sulawesi tenggara']...
2026-04-22 16:30:38 | DEBUG    |   [L3] Tolak — tidak ada bukti lokasi alamat: https://travelspromo.com/htm-wisata/kolam-renang-palem-jakarta-timur/
2026-04-22 16:30:38 | DEBUG    |   [L3] Navigasi ke: https://www.rumah123.com/explore/kota-jakarta-timur/kolam-renang-palem/
2026-04-22 16:30:44 | DEBUG    |     Posisi kata tiket: [6739, 8660, 8724, 8794, 8955]
2026-04-22 16:30:44 | DEBUG    |     Jendela mengandung kata akomodasi, dilewati.
2026-04-22 16:30:44 | DEBUG    |     Jendela mengandung kata akomodasi, dilewati.
2026-04-22 16:30:44 | DEBUG    |     Jendela mengandung kata akomodasi, dilewati.
2026-04-22 16:30:44 | DEBUG    |     Jendela mengandung kata akomodasi, dilewati.
2026-04-22 16:30:44 | DEBUG    |   >> Semua level gagal — NULL.
2026-04-22 16:30:44 | INFO     | [  441/2708] [NULL]  'Taman Air Kelapa Gading' -> tidak ditemukan (diset '-')
2026-04-22 16:30:46 | INFO     | [  442/2708] [SKIP]  'Air Terjun Karawa' -> Rp 5000.0
2026-04-22 16:30:46 | INFO     | [  443/2708] [SKIP]  'Air Terjun Desa Tincep (Tekaan Rangka Kengkang)' -> Rp 10000.0
2026-04-22 16:30:46 | INFO     | [  444/2708] [SKIP]  'Pantai Bahari, Buton Selatan' -> Rp 0.0
2026-04-22 16:30:46 | INFO     | [  445/2708] [SKIP]  'Air Terjun Tirta Rimba' -> Rp 5000.0
2026-04-22 16:30:46 | INFO     | [  446/2708] [SKIP]  'Bukit Bossolo' -> Rp 8000.0
2026-04-22 16:30:46 | INFO     | [  447/2708] [SKIP]  'Pantai Indah Kalasey' -> Rp 0.0
2026-04-22 16:30:46 | INFO     | [  448/2708] [CARI]  'Taman Bambu Runcing' (Wisata Alam)
2026-04-22 16:30:46 | DEBUG    |   Lokasi: 'Kabupaten Polewali Mandar' | 'Sulawesi Barat'
2026-04-22 16:30:46 | DEBUG    |   Jarum geolokasi: ['sulawesi barat', 'kabupaten polewali mandar', 'polewali mandar', 'polewali']
2026-04-22 16:30:46 | DEBUG    |   Batas harga (Wisata Alam): Rp 75,000
2026-04-22 16:30:46 | DEBUG    |   [L1] Query: "Taman Bambu Runcing ChIJgwlKdOeIlC0RU7Wa8pbjYzA harga tiket masuk"
2026-04-22 16:30:51 | DEBUG    |   [L1] Jumlah snippet: 5
2026-04-22 16:30:51 | DEBUG    |     [Lokasi] Tidak cocok — butuh salah satu dari: ['sulawesi barat', 'kabupaten polewali mandar', 'polewali mandar', 'polewali']...
2026-04-22 16:30:51 | DEBUG    |   [L1] snippet 1: buang — tidak cocok lokasi alamat
2026-04-22 16:30:51 | DEBUG    |     [Lokasi] Tidak cocok — butuh salah satu dari: ['sulawesi barat', 'kabupaten polewali mandar', 'polewali mandar', 'polewali']...
2026-04-22 16:30:51 | DEBUG    |   [L1] snippet 2: buang — tidak cocok lokasi alamat
2026-04-22 16:30:51 | DEBUG    |     [Lokasi] Tidak cocok — butuh salah satu dari: ['sulawesi barat', 'kabupaten polewali mandar', 'polewali mandar', 'polewali']...
2026-04-22 16:30:51 | DEBUG    |   [L1] snippet 3: buang — tidak cocok lokasi alamat
2026-04-22 16:30:51 | DEBUG    |     [Lokasi] Tidak cocok — butuh salah satu dari: ['sulawesi barat', 'kabupaten polewali mandar', 'polewali mandar', 'polewali']...
2026-04-22 16:30:51 | DEBUG    |   [L1] snippet 4: buang — tidak cocok lokasi alamat
2026-04-22 16:30:51 | DEBUG    |     [Lokasi] Tidak cocok — butuh salah satu dari: ['sulawesi barat', 'kabupaten polewali mandar', 'polewali mandar', 'polewali']...
2026-04-22 16:30:51 | DEBUG    |   [L1] snippet 5: buang — tidak cocok lokasi alamat
2026-04-22 16:30:51 | DEBUG    |   [L1] Tidak ada harga di snippet | 5 URL untuk L2
2026-04-22 16:30:51 | DEBUG    |   [L1] Query: "Taman Bambu Runcing Kabupaten Polewali Mandar Sulawesi Barat harga tiket masuk"
2026-04-22 16:30:58 | DEBUG    |   [L1] Jumlah snippet: 5
2026-04-22 16:30:58 | DEBUG    |     Posisi kata tiket: []
2026-04-22 16:30:58 | DEBUG    |     Tidak ada kata tiket, fallback ke pencarian global.
2026-04-22 16:30:58 | DEBUG    |     Posisi kata tiket: []
2026-04-22 16:30:58 | DEBUG    |     Tidak ada kata tiket, fallback ke pencarian global.
2026-04-22 16:30:58 | DEBUG    |     Posisi kata tiket: []
2026-04-22 16:30:58 | DEBUG    |     Tidak ada kata tiket, fallback ke pencarian global.
2026-04-22 16:30:58 | DEBUG    |   [L1] Tidak ada harga di snippet | 3 URL untuk L2
2026-04-22 16:30:58 | DEBUG    |   [L1] Query: "Taman Bambu Runcing Kabupaten Polewali Mandar Sulawesi Barat HTM retribusi tiket masuk wisata"
2026-04-22 16:31:04 | DEBUG    |   [L1] DDGS percobaan 1/2: ConnectError: ConnectError('error sending request for url (https://html.duckduckgo.com/html/)', 'https://html.duckduckgo.com/html/')
2026-04-22 16:31:11 | DEBUG    |   [L1] DDGS percobaan 2/2: RequestError: RequestError('error sending request for url (https://search.yahoo.com/search;_ylt=eh0hETPcc-LbfoVpABZonGhz;_ylu=rSo9h-UiXLjHe4or_Yi3Zy6u4rvo1yTi84Pme6uK4WpvAZk?p=Taman+Bambu+Runcing+Kabupaten+Polewali+Mandar+Sulawesi+Barat+HTM+retribusi+tiket+masuk+wisata)', 'https://search.yahoo.com/search;_ylt=eh0hETPcc-LbfoVpABZonGhz;_ylu=rSo9h-UiXLjHe4or_Yi3Zy6u4rvo1yTi84Pme6uK4WpvAZk?p=Taman+Bambu+Runcing+Kabupaten+Polewali+Mandar+Sulawesi+Barat+HTM+retribusi+tiket+masuk+wisata')
2026-04-22 16:31:11 | ERROR    |   [L1] Error DDGS setelah retry: RequestError: RequestError('error sending request for url (https://search.yahoo.com/search;_ylt=eh0hETPcc-LbfoVpABZonGhz;_ylu=rSo9h-UiXLjHe4or_Yi3Zy6u4rvo1yTi84Pme6uK4WpvAZk?p=Taman+Bambu+Runcing+Kabupaten+Polewali+Mandar+Sulawesi+Barat+HTM+retribusi+tiket+masuk+wisata)', 'https://search.yahoo.com/search;_ylt=eh0hETPcc-LbfoVpABZonGhz;_ylu=rSo9h-UiXLjHe4or_Yi3Zy6u4rvo1yTi84Pme6uK4WpvAZk?p=Taman+Bambu+Runcing+Kabupaten+Polewali+Mandar+Sulawesi+Barat+HTM+retribusi+tiket+masuk+wisata')
2026-04-22 16:31:11 | DEBUG    |   [L2] Membuka: https://sisparnas.kemenparekraf.go.id/p/184
2026-04-22 16:31:19 | DEBUG    |   [L2] Error (https://sisparnas.kemenparekraf.go.id/p/184): HTTPSConnectionPool(host='sisparnas.kemenparekraf.go.id', port=443): Max retries exceeded with url: /p/184 (Caused by NameResolutionError("HTTPSConnection(host='sisparnas.kemenparekraf.go.id', port=443): Failed to resolve 'sisparnas.kemenparekraf.go.id' ([Errno 11002] getaddrinfo failed)"))
2026-04-22 16:31:19 | DEBUG    |   [L2] Membuka: https://wisatago.com/taman-bambu-runcing/
2026-04-22 16:31:21 | DEBUG    |     [Lokasi] Tidak cocok — butuh salah satu dari: ['sulawesi barat', 'kabupaten polewali mandar', 'polewali mandar', 'polewali']...
2026-04-22 16:31:21 | DEBUG    |   [L2] Tolak isi halaman — tidak ada bukti lokasi alamat: https://wisatago.com/taman-bambu-runcing/
2026-04-22 16:31:21 | DEBUG    |   [L2] Membuka: https://www.andalas.net/taman-bambu-runcing-langsa
2026-04-22 16:31:24 | DEBUG    |     [Lokasi] Tidak cocok — butuh salah satu dari: ['sulawesi barat', 'kabupaten polewali mandar', 'polewali mandar', 'polewali']...
2026-04-22 16:31:24 | DEBUG    |   [L2] Tolak isi halaman — tidak ada bukti lokasi alamat: https://www.andalas.net/taman-bambu-runcing-langsa
2026-04-22 16:31:24 | DEBUG    |   [L2] Membuka: https://kabarnanggroe.com/08/12/2025/taman-bambu-runcing-destinasi-wisata-sejarah-kota-langsa/
2026-04-22 16:31:25 | DEBUG    |     [Lokasi] Tidak cocok — butuh salah satu dari: ['sulawesi barat', 'kabupaten polewali mandar', 'polewali mandar', 'polewali']...
2026-04-22 16:31:25 | DEBUG    |   [L2] Tolak isi halaman — tidak ada bukti lokasi alamat: https://kabarnanggroe.com/08/12/2025/taman-bambu-runcing-destinasi-wisata-sejarah-kota-langsa/
2026-04-22 16:31:25 | DEBUG    |   [L2] Membuka: https://www.tempatwisata.pro/wisata/Taman-Bambu-Runcing
2026-04-22 16:31:27 | DEBUG    |     [Lokasi] Tidak cocok — butuh salah satu dari: ['sulawesi barat', 'kabupaten polewali mandar', 'polewali mandar', 'polewali']...
2026-04-22 16:31:27 | DEBUG    |   [L2] Tolak isi halaman — tidak ada bukti lokasi alamat: https://www.tempatwisata.pro/wisata/Taman-Bambu-Runcing
2026-04-22 16:31:27 | DEBUG    |   [L2] Membuka: https://wanderboat.ai/attractions/indonesia/langsa/taman-bambu-runcing/tDUsR4BeQaGSwE553LiK1Q
2026-04-22 16:31:30 | DEBUG    |     [Lokasi] Tidak cocok — butuh salah satu dari: ['sulawesi barat', 'kabupaten polewali mandar', 'polewali mandar', 'polewali']...
2026-04-22 16:31:30 | DEBUG    |   [L2] Tolak isi halaman — tidak ada bukti lokasi alamat: https://wanderboat.ai/attractions/indonesia/langsa/taman-bambu-runcing/tDUsR4BeQaGSwE553LiK1Q
2026-04-22 16:31:30 | DEBUG    |   [L3] Playwright coba 6 URL ...
2026-04-22 16:31:30 | DEBUG    |   [L3] Navigasi ke: https://sisparnas.kemenparekraf.go.id/p/184
2026-04-22 16:31:40 | DEBUG    |   [L3] Error (https://sisparnas.kemenparekraf.go.id/p/184): Page.goto: net::ERR_NAME_NOT_RESOLVED at https://sisparnas.kemenparekraf.go.id/p/184
Call log:
  - navigating to "https://sisparnas.kemenparekraf.go.id/p/184", waiting until "domcontentloaded"

2026-04-22 16:31:40 | DEBUG    |   [L3] Navigasi ke: https://wisatago.com/taman-bambu-runcing/
2026-04-22 16:31:41 | DEBUG    |   [L3] Error (https://wisatago.com/taman-bambu-runcing/): Page.goto: Navigation to "https://wisatago.com/taman-bambu-runcing/" is interrupted by another navigation to "chrome-error://chromewebdata/"
Call log:
  - navigating to "https://wisatago.com/taman-bambu-runcing/", waiting until "domcontentloaded"

2026-04-22 16:31:41 | DEBUG    |   [L3] Navigasi ke: https://www.andalas.net/taman-bambu-runcing-langsa
2026-04-22 16:31:45 | DEBUG    |   [L3] Error (https://www.andalas.net/taman-bambu-runcing-langsa): Page.goto: Navigation to "https://www.andalas.net/taman-bambu-runcing-langsa" is interrupted by another navigation to "https://wisatago.com/taman-bambu-runcing/"
Call log:
  - navigating to "https://www.andalas.net/taman-bambu-runcing-langsa", waiting until "domcontentloaded"

2026-04-22 16:31:45 | DEBUG    |   [L3] Navigasi ke: https://kabarnanggroe.com/08/12/2025/taman-bambu-runcing-destinasi-wisata-sejarah-kota-langsa/
2026-04-22 16:31:46 | DEBUG    |   [L3] Error (https://kabarnanggroe.com/08/12/2025/taman-bambu-runcing-destinasi-wisata-sejarah-kota-langsa/): Page.goto: Navigation to "https://kabarnanggroe.com/08/12/2025/taman-bambu-runcing-destinasi-wisata-sejarah-kota-langsa/" is interrupted by another navigation to "https://www.andalas.net/taman-bambu-runcing-langsa"
Call log:
  - navigating to "https://kabarnanggroe.com/08/12/2025/taman-bambu-runcing-destinasi-wisata-sejarah-kota-langsa/", waiting until "domcontentloaded"

2026-04-22 16:31:46 | DEBUG    |   [L3] Navigasi ke: https://www.tempatwisata.pro/wisata/Taman-Bambu-Runcing
2026-04-22 16:31:47 | DEBUG    |   [L3] Error (https://www.tempatwisata.pro/wisata/Taman-Bambu-Runcing): Page.goto: Navigation to "https://www.tempatwisata.pro/wisata/Taman-Bambu-Runcing" is interrupted by another navigation to "https://kabarnanggroe.com/08/12/2025/taman-bambu-runcing-destinasi-wisata-sejarah-kota-langsa/"
Call log:
  - navigating to "https://www.tempatwisata.pro/wisata/Taman-Bambu-Runcing", waiting until "domcontentloaded"

2026-04-22 16:31:47 | DEBUG    |   [L3] Navigasi ke: https://wanderboat.ai/attractions/indonesia/langsa/taman-bambu-runcing/tDUsR4BeQaGSwE553LiK1Q
2026-04-22 16:31:48 | DEBUG    |   [L3] Error (https://wanderboat.ai/attractions/indonesia/langsa/taman-bambu-runcing/tDUsR4BeQaGSwE553LiK1Q): Page.goto: Navigation to "https://wanderboat.ai/attractions/indonesia/langsa/taman-bambu-runcing/tDUsR4BeQaGSwE553LiK1Q" is interrupted by another navigation to "https://www.tempatwisata.pro/wisata/Taman-Bambu-Runcing"
Call log:
  - navigating to "https://wanderboat.ai/attractions/indonesia/langsa/taman-bambu-runcing/tDUsR4BeQaGSwE553LiK1Q", waiting until "domcontentloaded"

2026-04-22 16:31:48 | DEBUG    |   >> Semua level gagal — NULL.
2026-04-22 16:31:48 | INFO     | [  448/2708] [NULL]  'Taman Bambu Runcing' -> tidak ditemukan (diset '-')
2026-04-22 16:31:50 | INFO     | [  449/2708] [SKIP]  'Muntea Camping Ground' -> Rp 10000
2026-04-22 16:31:50 | INFO     | [  450/2708] [SKIP]  'Pantai Munu' -> Rp 3000.0
2026-04-22 16:31:50 | INFO     | [  451/2708] [CARI]  'Tugu Salib Buntu Singki' (Wisata Kota / Landmark)
2026-04-22 16:31:50 | DEBUG    |   Lokasi: 'Kabupaten Toraja Utara' | 'Sulawesi Selatan'
2026-04-22 16:31:50 | DEBUG    |   Jarum geolokasi: ['sulawesi selatan', 'kabupaten toraja utara', 'toraja utara', 'rantepao']
2026-04-22 16:31:50 | DEBUG    |   Batas harga (Wisata Kota / Landmark): Rp 100,000
2026-04-22 16:31:50 | DEBUG    |   [L1] Query: "Tugu Salib Buntu Singki ChIJp6A3xvrpky0RKQivnJG6CI4 harga tiket masuk"
2026-04-22 16:31:56 | DEBUG    |   [L1] DDGS percobaan 1/2: ConnectError: ConnectError('error sending request for url (https://html.duckduckgo.com/html/)', 'https://html.duckduckgo.com/html/')
2026-04-22 16:32:04 | DEBUG    |   [L1] DDGS percobaan 2/2: ConnectError: ConnectError('error sending request for url (https://html.duckduckgo.com/html/)', 'https://html.duckduckgo.com/html/')
2026-04-22 16:32:04 | ERROR    |   [L1] Error DDGS setelah retry: ConnectError: ConnectError('error sending request for url (https://html.duckduckgo.com/html/)', 'https://html.duckduckgo.com/html/')
2026-04-22 16:32:04 | DEBUG    |   [L1] Query: "Tugu Salib Buntu Singki Kabupaten Toraja Utara Sulawesi Selatan harga tiket masuk"
2026-04-22 16:32:11 | DEBUG    |   [L1] DDGS percobaan 1/2: ConnectError: ConnectError('error sending request for url (https://html.duckduckgo.com/html/)', 'https://html.duckduckgo.com/html/')
2026-04-22 16:32:18 | DEBUG    |   [L1] DDGS percobaan 2/2: ConnectError: ConnectError('error sending request for url (https://html.duckduckgo.com/html/)', 'https://html.duckduckgo.com/html/')
2026-04-22 16:32:18 | ERROR    |   [L1] Error DDGS setelah retry: ConnectError: ConnectError('error sending request for url (https://html.duckduckgo.com/html/)', 'https://html.duckduckgo.com/html/')
2026-04-22 16:32:18 | DEBUG    |   [L1] Query: "Tugu Salib Buntu Singki Kabupaten Toraja Utara Sulawesi Selatan HTM retribusi tiket masuk wisata"
2026-04-22 16:32:29 | DEBUG    |   [L1] DDGS percobaan 1/2: ConnectError: ConnectError('error sending request for url (https://html.duckduckgo.com/html/)', 'https://html.duckduckgo.com/html/')
2026-04-22 16:32:39 | DEBUG    |   [L1] DDGS percobaan 2/2: ConnectError: ConnectError('error sending request for url (https://html.duckduckgo.com/html/)', 'https://html.duckduckgo.com/html/')
2026-04-22 16:32:39 | ERROR    |   [L1] Error DDGS setelah retry: ConnectError: ConnectError('error sending request for url (https://html.duckduckgo.com/html/)', 'https://html.duckduckgo.com/html/')
2026-04-22 16:32:39 | DEBUG    |   >> Semua level gagal — NULL.
2026-04-22 16:32:39 | INFO     | [  451/2708] [NULL]  'Tugu Salib Buntu Singki' -> tidak ditemukan (diset '-')
2026-04-22 16:32:41 | INFO     | [  452/2708] [SKIP]  'Permandian Air Panas Mantikole' -> Rp 0.0
2026-04-22 16:32:41 | INFO     | [  453/2708] [SKIP]  'Wisata Pinus Panorama Tentena' -> Rp 5000.0
2026-04-22 16:32:41 | INFO     | [  454/2708] [SKIP]  'Pantai Tanjung Merah' -> Rp 10000.0
2026-04-22 16:32:41 | INFO     | [  455/2708] [SKIP]  'Wisata Alam Kalibiru Kanang' -> Rp 5000.0
2026-04-22 16:32:41 | INFO     | [  456/2708] [SKIP]  'Dungusan Soputan' -> Rp 15000
2026-04-22 16:32:41 | INFO     | [  457/2708] [SKIP]  'Wisata Air Terjun Latuppa' -> Rp 2000.0
2026-04-22 16:32:41 | INFO     | [  458/2708] [SKIP]  'Patung Yesus Penebus' -> Rp 0.0
2026-04-22 16:32:41 | INFO     | [  459/2708] [SKIP]  'Taman Maccini Sombala' -> Rp 0.0
2026-04-22 16:32:41 | INFO     | [  460/2708] [SKIP]  'Bukit Maddo' -> Rp 10000.0
2026-04-22 16:32:41 | INFO     | [  461/2708] [SKIP]  'Puncak Pua' Janggo'' -> Rp 3000.0
2026-04-22 16:32:41 | INFO     | [  462/2708] [SKIP]  'Permandian Kolam Toddang Jompi'e' -> Rp 0.0
2026-04-22 16:32:41 | INFO     | [  463/2708] [SKIP]  'Monumen Nani Wartabone' -> Rp 1500.0
2026-04-22 16:32:41 | INFO     | [  464/2708] [SKIP]  'Kolam Renang Alami Water Blessing danowudu' -> Rp 15000.0
2026-04-22 16:32:41 | INFO     | [  465/2708] [SKIP]  'Mangrove Park Bahowo' -> Rp 0.0
2026-04-22 16:32:41 | INFO     | [  466/2708] [SKIP]  'Pohon Kasih' -> Rp 12000.0
2026-04-22 16:32:41 | INFO     | [  467/2708] [SKIP]  'Kabesaran Beach' -> Rp 25000.0
2026-04-22 16:32:41 | INFO     | [  468/2708] [SKIP]  'Bendungan Misterius' -> Rp 2500.0
2026-04-22 16:32:41 | INFO     | [  469/2708] [SKIP]  'TEMPAT PERMANDIAN SANDAKAN BIAK' -> Rp 3000.0
2026-04-22 16:32:41 | INFO     | [  470/2708] [SKIP]  'Puncak Lima Jari' -> Rp 10000.0
2026-04-22 16:32:41 | INFO     | [  471/2708] [SKIP]  'Pelabuhan Ulu Siau' -> Rp 1500.0
2026-04-22 16:32:41 | INFO     | [  472/2708] [SKIP]  'Pantai La Poili' -> Rp 0.0
2026-04-22 16:32:41 | INFO     | [  473/2708] [SKIP]  'Lutim Landmark' -> Rp 5000.0
2026-04-22 16:32:41 | INFO     | [  474/2708] [SKIP]  'Pantai Mallenreng' -> Rp 3000.0
2026-04-22 16:32:41 | INFO     | [  475/2708] [SKIP]  'Pemandian Air Terjun Meranti' -> Rp 10000.0
2026-04-22 16:32:41 | INFO     | [  476/2708] [SKIP]  'Pantai Tanjung Babia Pasangkayu' -> Rp 0.0
2026-04-22 16:32:41 | INFO     | [  477/2708] [SKIP]  'Pulau Wisata Lakkang' -> Rp 0.0
2026-04-22 16:32:41 | INFO     | [  478/2708] [SKIP]  'Danau Moat' -> Rp 5000.0
2026-04-22 16:32:41 | INFO     | [  479/2708] [SKIP]  'Puncak Pontolo Indah' -> Rp 3000.0
2026-04-22 16:32:41 | INFO     | [  480/2708] [SKIP]  'Pantai Lakeba' -> Rp 0.0
2026-04-22 16:32:41 | INFO     | [  481/2708] [SKIP]  'Permandian Bahoruru' -> Rp 10000.0
2026-04-22 16:32:41 | INFO     | [  482/2708] [SKIP]  'Ujung Lero Beach' -> Rp 5000.0
2026-04-22 16:32:41 | INFO     | [  483/2708] [SKIP]  'Puncak bollangi' -> Rp 5000.0
2026-04-22 16:32:41 | INFO     | [  484/2708] [SKIP]  'Ombro' -> Rp 0.0
2026-04-22 16:32:41 | INFO     | [  485/2708] [SKIP]  'Pantai Abadi' -> Rp 0.0
2026-04-22 16:32:41 | INFO     | [  486/2708] [SKIP]  'Pantai Talawaan Bajo' -> Rp 5000.0
2026-04-22 16:32:41 | INFO     | [  487/2708] [SKIP]  'Taman Rekreasi Datae' -> Rp 5000.0
2026-04-22 16:32:41 | INFO     | [  488/2708] [SKIP]  'Forte Português do Século XVI em Amurang , Portugis' -> Rp 0.0
2026-04-22 16:32:41 | INFO     | [  489/2708] [SKIP]  'Wisata Marmer Bulo Tara Leang-Leang' -> Rp 7000.0
2026-04-22 16:32:41 | INFO     | [  490/2708] [SKIP]  'Taman Wisata Holyland Malino (Bili Park)' -> Rp 50000.0
2026-04-22 16:32:41 | INFO     | [  491/2708] [SKIP]  'Rante Karassik' -> Rp 0.0
2026-04-22 16:32:41 | INFO     | [  492/2708] [SKIP]  'Museum La Pawawoi' -> Rp 0.0
2026-04-22 16:32:41 | INFO     | [  493/2708] [SKIP]  'Wisata Sungai So'do' -> Rp 0.0
2026-04-22 16:32:41 | INFO     | [  494/2708] [SKIP]  'Anjungan MARISA CITY' -> Rp 0.0
2026-04-22 16:32:41 | INFO     | [  495/2708] [SKIP]  'Patung Naga Kamali' -> Rp 0.0
2026-04-22 16:32:41 | INFO     | [  496/2708] [SKIP]  'Pantai Labuana' -> Rp 10000.0
2026-04-22 16:32:41 | INFO     | [  497/2708] [SKIP]  'Padang Savana Ongkoa Takalar' -> Rp 5000.0
2026-04-22 16:32:41 | INFO     | [  498/2708] [SKIP]  'Pantai Teduang' -> Rp 5000.0
2026-04-22 16:32:41 | INFO     | [  499/2708] [SKIP]  'Taman Teras Unhas' -> Rp 15000.0
2026-04-22 16:32:41 | INFO     | [  500/2708] [SKIP]  'Danau Tempe' -> Rp 0.0
2026-04-22 16:32:41 | INFO     | [  501/2708] [SKIP]  'Bulu Saraung' -> Rp 5000.0
2026-04-22 16:32:41 | INFO     | [  502/2708] [SKIP]  'Museum Balla Lompoa Bajeng' -> Rp 2000.0
2026-04-22 16:32:41 | INFO     | [  503/2708] [SKIP]  'Goa Pamona' -> Rp 10000
2026-04-22 16:32:41 | INFO     | [  504/2708] [SKIP]  'Bukit Larata, Desa Kinunang' -> Rp 10000.0
2026-04-22 16:32:41 | INFO     | [  505/2708] [SKIP]  'Wisata Pantai Tapandullu' -> Rp 0.0
2026-04-22 16:32:41 | INFO     | [  506/2708] [SKIP]  'Tebing Marumasa Kalibata' -> Rp 10000
2026-04-22 16:32:41 | INFO     | [  507/2708] [SKIP]  'Pantai Pasir Putih Pitulua' -> Rp 5000.0
2026-04-22 16:32:41 | INFO     | [  508/2708] [SKIP]  'Taman Wisata Danau Sidenreng' -> Rp 15000.0
2026-04-22 16:32:41 | INFO     | [  509/2708] [SKIP]  'Pemandian Air Panas Makula' -> Rp 7000.0
2026-04-22 16:32:41 | INFO     | [  510/2708] [SKIP]  'Taipa Beach' -> Rp 14000.0
2026-04-22 16:32:41 | INFO     | [  511/2708] [CARI]  'Taman Kota I Love Palopo' (Wisata Alam)
2026-04-22 16:32:41 | DEBUG    |   Lokasi: 'Kota Palopo' | 'Sulawesi Selatan'
2026-04-22 16:32:41 | DEBUG    |   Jarum geolokasi: ['sulawesi selatan', 'kota palopo', 'palopo']
2026-04-22 16:32:41 | DEBUG    |   Batas harga (Wisata Alam): Rp 75,000
2026-04-22 16:32:41 | DEBUG    |   [L1] Query: "Taman Kota I Love Palopo ChIJjSypJHFfkS0RkMkn7j2fIs0 harga tiket masuk"
2026-04-22 16:32:49 | DEBUG    |   [L1] DDGS percobaan 1/2: RequestError: RequestError('error sending request for url (https://search.yahoo.com/search;_ylt=JJLNqlVWBNPUXDu0GI4VkqUn;_ylu=Oz21ohL1ab4dlWeG1guqDxa2VeU4BxyAc9XJxAQp__pYglU?p=Taman+Kota+I+Love+Palopo+ChIJjSypJHFfkS0RkMkn7j2fIs0+harga+tiket+masuk)', 'https://search.yahoo.com/search;_ylt=JJLNqlVWBNPUXDu0GI4VkqUn;_ylu=Oz21ohL1ab4dlWeG1guqDxa2VeU4BxyAc9XJxAQp__pYglU?p=Taman+Kota+I+Love+Palopo+ChIJjSypJHFfkS0RkMkn7j2fIs0+harga+tiket+masuk')
2026-04-22 16:33:05 | DEBUG    |   [L1] DDGS percobaan 2/2: ConnectError: ConnectError('error sending request for url (https://html.duckduckgo.com/html/)', 'https://html.duckduckgo.com/html/')
2026-04-22 16:33:05 | ERROR    |   [L1] Error DDGS setelah retry: ConnectError: ConnectError('error sending request for url (https://html.duckduckgo.com/html/)', 'https://html.duckduckgo.com/html/')
2026-04-22 16:33:05 | DEBUG    |   [L1] Query: "Taman Kota I Love Palopo Kota Palopo Sulawesi Selatan harga tiket masuk"
2026-04-22 16:33:08 | DEBUG    |   [L1] Jumlah snippet: 5
2026-04-22 16:33:08 | DEBUG    |     [Gratis] 'gratis' valid — dekat kata tiket/masuk.
2026-04-22 16:33:08 | DEBUG    |   [L1] snippet 1: gratis (cocok nama + lokasi)
2026-04-22 16:33:08 | DEBUG    |   >> Ditemukan di L1 (gratis)
2026-04-22 16:33:08 | INFO     | [  511/2708] [OK]    'Taman Kota I Love Palopo' -> Rp 0 (Gratis) [L1] https://www.celebes.co/tempat-wisata-palopo
2026-04-22 16:33:10 | INFO     | [  512/2708] [SKIP]  'Vihara Buddhayana' -> Rp 10000.0
2026-04-22 16:33:10 | INFO     | [  513/2708] [SKIP]  'Pantai Biluhu Timur' -> Rp 0.0
2026-04-22 16:33:10 | INFO     | [  514/2708] [SKIP]  'Air Terjun Parang Bugisi' -> Rp 2000.0
2026-04-22 16:33:10 | INFO     | [  515/2708] [SKIP]  'Wisata Pemancingan & Kuliner AjengMart' -> Rp 5000.0
2026-04-22 16:33:10 | INFO     | [  516/2708] [SKIP]  'Suaya' -> Rp 20000.0
2026-04-22 16:33:10 | INFO     | [  517/2708] [SKIP]  'Pantai Walengkabola' -> Rp 10000.0
2026-04-22 16:33:10 | INFO     | [  518/2708] [SKIP]  'Pantai Kucing Parigi Moutong' -> Rp 0.0
2026-04-22 16:33:10 | INFO     | [  519/2708] [SKIP]  'I Love Minsel' -> Rp 5000.0
2026-04-22 16:33:10 | INFO     | [  520/2708] [SKIP]  'BAROS FARM HOUSE' -> Rp 20000.0
2026-04-22 16:33:10 | INFO     | [  521/2708] [SKIP]  'Air Terjun Salewangang Malino' -> Rp 0.0
2026-04-22 16:33:10 | INFO     | [  522/2708] [SKIP]  'Pantai Lowita - MUTIARA' -> Rp 0.0
2026-04-22 16:33:10 | INFO     | [  523/2708] [SKIP]  'Puncak Melby'Ls' -> Rp 25000.0
2026-04-22 16:33:10 | INFO     | [  524/2708] [SKIP]  'Pantai Pusahelu' -> Rp 0.0
2026-04-22 16:33:10 | INFO     | [  525/2708] [SKIP]  'Pantai Tanjung Tumpaan' -> Rp 5000.0
2026-04-22 16:33:10 | INFO     | [  526/2708] [SKIP]  'RTH Papalimba Puday' -> Rp 0.0
2026-04-22 16:33:10 | INFO     | [  527/2708] [SKIP]  'Rumah Alam Dunggala' -> Rp 5000.0
2026-04-22 16:33:10 | INFO     | [  528/2708] [SKIP]  'Pasangkayu Beach' -> Rp 0.0
2026-04-22 16:33:10 | INFO     | [  529/2708] [SKIP]  'Kahayya' -> Rp 10000.0
2026-04-22 16:33:10 | INFO     | [  530/2708] [SKIP]  'Danau Towuti' -> Rp 0.0
2026-04-22 16:33:10 | INFO     | [  531/2708] [SKIP]  'Pantai Embuhanga' -> Rp 10000.0
2026-04-22 16:33:10 | INFO     | [  532/2708] [SKIP]  'Pananualeng Beach' -> Rp 10000.0
2026-04-22 16:33:10 | INFO     | [  533/2708] [SKIP]  'Bukit Raga' -> Rp 5000.0
2026-04-22 16:33:10 | INFO     | [  534/2708] [CARI]  'Alun-alun Kirambu' (Wisata Alam)
2026-04-22 16:33:10 | DEBUG    |   Lokasi: 'Kabupaten Kolaka Utara' | 'Sulawesi Tenggara'
2026-04-22 16:33:10 | DEBUG    |   Jarum geolokasi: ['sulawesi tenggara', 'kabupaten kolaka utara', 'kolaka utara', 'kolaka']
2026-04-22 16:33:10 | DEBUG    |   Batas harga (Wisata Alam): Rp 75,000
2026-04-22 16:33:10 | DEBUG    |   [L1] Query: "Alun-alun Kirambu ChIJqzeyncLfli0RaLZ_5T2IFP0 harga tiket masuk"
2026-04-22 16:33:25 | DEBUG    |   [L1] DDGS percobaan 1/2: ConnectError: ConnectError('error sending request for url (https://html.duckduckgo.com/html/)', 'https://html.duckduckgo.com/html/')
2026-04-22 16:33:37 | DEBUG    |   [L1] DDGS percobaan 2/2: ConnectError: ConnectError('error sending request for url (https://html.duckduckgo.com/html/)', 'https://html.duckduckgo.com/html/')
2026-04-22 16:33:37 | ERROR    |   [L1] Error DDGS setelah retry: ConnectError: ConnectError('error sending request for url (https://html.duckduckgo.com/html/)', 'https://html.duckduckgo.com/html/')
2026-04-22 16:33:37 | DEBUG    |   [L1] Query: "Alun-alun Kirambu Kabupaten Kolaka Utara Sulawesi Tenggara harga tiket masuk"
2026-04-22 16:33:47 | DEBUG    |   [L1] DDGS percobaan 1/2: ConnectError: ConnectError('error sending request for url (https://html.duckduckgo.com/html/)', 'https://html.duckduckgo.com/html/')
2026-04-22 16:34:04 | DEBUG    |   [L1] DDGS percobaan 2/2: ConnectError: ConnectError('error sending request for url (https://html.duckduckgo.com/html/)', 'https://html.duckduckgo.com/html/')
2026-04-22 16:34:04 | ERROR    |   [L1] Error DDGS setelah retry: ConnectError: ConnectError('error sending request for url (https://html.duckduckgo.com/html/)', 'https://html.duckduckgo.com/html/')
2026-04-22 16:34:04 | DEBUG    |   [L1] Query: "Alun-alun Kirambu Kabupaten Kolaka Utara Sulawesi Tenggara HTM retribusi tiket masuk wisata"
2026-04-22 16:34:07 | DEBUG    |   [L1] Jumlah snippet: 5
2026-04-22 16:34:07 | DEBUG    |     Posisi kata tiket: [152, 429]
2026-04-22 16:34:07 | DEBUG    |   [L1] Tidak ada harga di snippet | 5 URL untuk L2
2026-04-22 16:34:07 | DEBUG    |   [L2] Membuka: https://kolutkab.go.id/
2026-04-22 16:34:09 | DEBUG    |     Posisi kata tiket: []
2026-04-22 16:34:09 | DEBUG    |     Tidak ada kata tiket, fallback ke pencarian global.
2026-04-22 16:34:10 | DEBUG    |   [L2] Membuka: https://sisparnas.kemenparekraf.go.id/p/91395
2026-04-22 16:34:21 | DEBUG    |   [L2] Error (https://sisparnas.kemenparekraf.go.id/p/91395): HTTPSConnectionPool(host='sisparnas.kemenparekraf.go.id', port=443): Max retries exceeded with url: /p/91395 (Caused by NameResolutionError("HTTPSConnection(host='sisparnas.kemenparekraf.go.id', port=443): Failed to resolve 'sisparnas.kemenparekraf.go.id' ([Errno 11001] getaddrinfo failed)"))
2026-04-22 16:34:21 | DEBUG    |   [L2] Membuka: https://kolakakab.go.id/
2026-04-22 16:34:39 | DEBUG    |     Posisi kata tiket: []
2026-04-22 16:34:39 | DEBUG    |     Tidak ada kata tiket, fallback ke pencarian global.
2026-04-22 16:34:40 | DEBUG    |   [L2] Membuka: https://idalamat.com/alamat/727381/alunalun-kirambu-kolaka-sulawesi-tenggara
2026-04-22 16:34:43 | DEBUG    |     Posisi kata tiket: []
2026-04-22 16:34:43 | DEBUG    |     Tidak ada kata tiket, fallback ke pencarian global.
2026-04-22 16:34:44 | DEBUG    |   [L2] Membuka: https://syakirawisata.com/tempat-wisata-di-kolaka/
2026-04-22 16:34:46 | DEBUG    |     Posisi kata tiket: [48]
2026-04-22 16:34:47 | DEBUG    |   [L3] Playwright coba 5 URL ...
2026-04-22 16:34:47 | DEBUG    |   [L3] Navigasi ke: https://kolutkab.go.id/
2026-04-22 16:34:48 | DEBUG    |     Posisi kata tiket: []
2026-04-22 16:34:48 | DEBUG    |     Tidak ada kata tiket, fallback ke pencarian global.
2026-04-22 16:34:48 | DEBUG    |   [L3] Navigasi ke: https://sisparnas.kemenparekraf.go.id/p/91395
2026-04-22 16:34:59 | DEBUG    |   [L3] Error (https://sisparnas.kemenparekraf.go.id/p/91395): Page.goto: net::ERR_NAME_NOT_RESOLVED at https://sisparnas.kemenparekraf.go.id/p/91395
Call log:
  - navigating to "https://sisparnas.kemenparekraf.go.id/p/91395", waiting until "domcontentloaded"

2026-04-22 16:34:59 | DEBUG    |   [L3] Navigasi ke: https://kolakakab.go.id/
2026-04-22 16:34:59 | DEBUG    |   [L3] Error (https://kolakakab.go.id/): Page.goto: Navigation to "https://kolakakab.go.id/" is interrupted by another navigation to "chrome-error://chromewebdata/"
Call log:
  - navigating to "https://kolakakab.go.id/", waiting until "domcontentloaded"

2026-04-22 16:34:59 | DEBUG    |   [L3] Navigasi ke: https://idalamat.com/alamat/727381/alunalun-kirambu-kolaka-sulawesi-tenggara
2026-04-22 16:35:00 | DEBUG    |   [L3] Error (https://idalamat.com/alamat/727381/alunalun-kirambu-kolaka-sulawesi-tenggara): Page.goto: Navigation to "https://idalamat.com/alamat/727381/alunalun-kirambu-kolaka-sulawesi-tenggara" is interrupted by another navigation to "https://kolakakab.go.id/"
Call log:
  - navigating to "https://idalamat.com/alamat/727381/alunalun-kirambu-kolaka-sulawesi-tenggara", waiting until "domcontentloaded"

2026-04-22 16:35:00 | DEBUG    |   [L3] Navigasi ke: https://syakirawisata.com/tempat-wisata-di-kolaka/
2026-04-22 16:35:01 | DEBUG    |   [L3] Error (https://syakirawisata.com/tempat-wisata-di-kolaka/): Page.goto: Navigation to "https://syakirawisata.com/tempat-wisata-di-kolaka/" is interrupted by another navigation to "https://idalamat.com/alamat/727381/alunalun-kirambu-kolaka-sulawesi-tenggara"
Call log:
  - navigating to "https://syakirawisata.com/tempat-wisata-di-kolaka/", waiting until "domcontentloaded"

2026-04-22 16:35:01 | DEBUG    |   >> Semua level gagal — NULL.
2026-04-22 16:35:01 | INFO     | [  534/2708] [NULL]  'Alun-alun Kirambu' -> tidak ditemukan (diset '-')
2026-04-22 16:35:03 | INFO     | [  535/2708] [SKIP]  'Golden Kolam golden jumbo' -> Rp 15000.0
2026-04-22 16:35:03 | INFO     | [  536/2708] [SKIP]  'Pagoda Ekayana' -> Rp 5000.0
2026-04-22 16:35:03 | INFO     | [  537/2708] [SKIP]  'Tugu Ampana' -> Rp 29000
2026-04-22 16:35:03 | INFO     | [  538/2708] [SKIP]  'Taman Taiganja Kalukubula' -> Rp 10000.0
2026-04-22 16:35:03 | INFO     | [  539/2708] [SKIP]  'Tilalohe Beach Resort' -> Rp 2000.0
2026-04-22 16:35:03 | INFO     | [  540/2708] [SKIP]  'Bukit Sibedi' -> Rp 5000.0
2026-04-22 16:35:03 | INFO     | [  541/2708] [SKIP]  'Danau Tempe Kab.Wajo' -> Rp 0.0
2026-04-22 16:35:03 | INFO     | [  542/2708] [SKIP]  'Tracking Mangrove Lahundape' -> Rp 5000.0
2026-04-22 16:35:03 | INFO     | [  543/2708] [SKIP]  'Lembah Ollon' -> Rp 10000.0
2026-04-22 16:35:03 | INFO     | [  544/2708] [CARI]  'Desa wisata karangan latimojong ,Sivin camp, kampong kopi Latimojong' (Wisata Kota / Landmark)
2026-04-22 16:35:03 | DEBUG    |   Lokasi: 'Kabupaten Enrekang' | 'Sulawesi Selatan'
2026-04-22 16:35:03 | DEBUG    |   Jarum geolokasi: ['sulawesi selatan', 'kabupaten enrekang', 'enrekang']
2026-04-22 16:35:03 | DEBUG    |   Batas harga (Wisata Kota / Landmark): Rp 100,000
2026-04-22 16:35:03 | DEBUG    |   [L1] Query: "Desa wisata karangan latimojong ,Sivin camp, kampong kopi Latimojong ChIJ1bdnxpYblC0RY9xKQnMklEA harga tiket masuk"
2026-04-22 16:35:14 | DEBUG    |   [L1] DDGS percobaan 1/2: RequestError: RequestError('error sending request for url (https://search.yahoo.com/search;_ylt=hcasrm8CvZ-7nNm0Sgyq4Znj;_ylu=jnnAbieYl34b_SMJd44zesjyJkkZjlgD8CBpxJe2GhuED5M?p=Desa+wisata+karangan+latimojong+%2CSivin+camp%2C+kampong+kopi+Latimojong+ChIJ1bdnxpYblC0RY9xKQnMklEA+harga+tiket+masuk)', 'https://search.yahoo.com/search;_ylt=hcasrm8CvZ-7nNm0Sgyq4Znj;_ylu=jnnAbieYl34b_SMJd44zesjyJkkZjlgD8CBpxJe2GhuED5M?p=Desa+wisata+karangan+latimojong+%2CSivin+camp%2C+kampong+kopi+Latimojong+ChIJ1bdnxpYblC0RY9xKQnMklEA+harga+tiket+masuk')
2026-04-22 16:35:27 | DEBUG    |   [L1] DDGS percobaan 2/2: ConnectError: ConnectError('error sending request for url (https://html.duckduckgo.com/html/)', 'https://html.duckduckgo.com/html/')
2026-04-22 16:35:27 | ERROR    |   [L1] Error DDGS setelah retry: ConnectError: ConnectError('error sending request for url (https://html.duckduckgo.com/html/)', 'https://html.duckduckgo.com/html/')
2026-04-22 16:35:27 | DEBUG    |   [L1] Query: "Desa wisata karangan latimojong ,Sivin camp, kampong kopi Latimojong Kabupaten Enrekang Sulawesi Selatan harga tiket masuk"
2026-04-22 16:35:42 | DEBUG    |   [L1] DDGS percobaan 1/2: ConnectError: ConnectError('error sending request for url (https://html.duckduckgo.com/html/)', 'https://html.duckduckgo.com/html/')
2026-04-22 16:35:55 | DEBUG    |   [L1] DDGS percobaan 2/2: ConnectError: ConnectError('error sending request for url (https://html.duckduckgo.com/html/)', 'https://html.duckduckgo.com/html/')
2026-04-22 16:35:55 | ERROR    |   [L1] Error DDGS setelah retry: ConnectError: ConnectError('error sending request for url (https://html.duckduckgo.com/html/)', 'https://html.duckduckgo.com/html/')
2026-04-22 16:35:55 | DEBUG    |   [L1] Query: "Desa wisata karangan latimojong ,Sivin camp, kampong kopi Latimojong Kabupaten Enrekang Sulawesi Selatan HTM retribusi tiket masuk wisata"
2026-04-22 16:36:19 | DEBUG    |   [L1] DDGS percobaan 1/2: ConnectError: ConnectError('error sending request for url (https://html.duckduckgo.com/html/)', 'https://html.duckduckgo.com/html/')
2026-04-22 16:36:37 | DEBUG    |   [L1] DDGS percobaan 2/2: ('error sending request for url (https://www.mojeek.com/search?q=Desa+wisata+karangan+latimojong+%2CSivin+camp%2C+kampong+kopi+Latimojong+Kabupaten+Enrekang+Sulawesi+Selatan+HTM+retribusi+tiket+masuk+wisata)', 'https://www.mojeek.com/search?q=Desa+wisata+karangan+latimojong+%2CSivin+camp%2C+kampong+kopi+Latimojong+Kabupaten+Enrekang+Sulawesi+Selatan+HTM+retribusi+tiket+masuk+wisata')
2026-04-22 16:36:37 | ERROR    |   [L1] Error DDGS setelah retry: ('error sending request for url (https://www.mojeek.com/search?q=Desa+wisata+karangan+latimojong+%2CSivin+camp%2C+kampong+kopi+Latimojong+Kabupaten+Enrekang+Sulawesi+Selatan+HTM+retribusi+tiket+masuk+wisata)', 'https://www.mojeek.com/search?q=Desa+wisata+karangan+latimojong+%2CSivin+camp%2C+kampong+kopi+Latimojong+Kabupaten+Enrekang+Sulawesi+Selatan+HTM+retribusi+tiket+masuk+wisata')
2026-04-22 16:36:37 | DEBUG    |   >> Semua level gagal — NULL.
2026-04-22 16:36:37 | INFO     | [  544/2708] [NULL]  'Desa wisata karangan latimojong ,Sivin camp, kampong kopi Latimojong' -> tidak ditemukan (diset '-')
2026-04-22 16:36:39 | INFO     | [  545/2708] [SKIP]  'Permandian Air Tawar Desa Kautu' -> Rp 3000.0
2026-04-22 16:36:39 | INFO     | [  546/2708] [SKIP]  'Koguna Beach' -> Rp 10000.0
2026-04-22 16:36:39 | INFO     | [  547/2708] [SKIP]  'Pulau Pasir Putih' -> Rp 5000.0
2026-04-22 16:36:39 | INFO     | [  548/2708] [SKIP]  'Rumah Adat Sao Raja Sawitto' -> Rp 5000.0
2026-04-22 16:36:39 | INFO     | [  549/2708] [SKIP]  'Puncak Wakila' -> Rp 5000.0
2026-04-22 16:36:39 | INFO     | [  550/2708] [SKIP]  'Wisata Pohon Cinta' -> Rp 0.0
2026-04-22 16:36:39 | INFO     | [  551/2708] [SKIP]  'Tanah Bangkala Bone 1' -> Rp 0.0
2026-04-22 16:36:39 | INFO     | [  552/2708] [CARI]  'Pantai Banano' (Wisata Alam)
2026-04-22 16:36:39 | DEBUG    |   Lokasi: '' | 'Sulawesi Tengah'
2026-04-22 16:36:39 | DEBUG    |   Jarum geolokasi: ['sulawesi tengah']
2026-04-22 16:36:39 | DEBUG    |   Batas harga (Wisata Alam): Rp 75,000
2026-04-22 16:36:39 | DEBUG    |   [L1] Query: "Pantai Banano ChIJhccWMqwWjy0RE_eBFyNgZXc harga tiket masuk"
2026-04-22 16:36:55 | DEBUG    |   [L1] DDGS percobaan 1/2: ConnectError: ConnectError('error sending request for url (https://html.duckduckgo.com/html/)', 'https://html.duckduckgo.com/html/')
2026-04-22 16:37:04 | DEBUG    |   [L1] DDGS percobaan 2/2: ConnectError: ConnectError('error sending request for url (https://html.duckduckgo.com/html/)', 'https://html.duckduckgo.com/html/')
2026-04-22 16:37:04 | ERROR    |   [L1] Error DDGS setelah retry: ConnectError: ConnectError('error sending request for url (https://html.duckduckgo.com/html/)', 'https://html.duckduckgo.com/html/')
2026-04-22 16:37:04 | DEBUG    |   [L1] Query: "Pantai Banano Sulawesi Tengah harga tiket masuk"
2026-04-22 16:37:23 | DEBUG    |   [L1] DDGS percobaan 1/2: ('error sending request for url (https://www.google.com/search?q=Pantai+Banano+Sulawesi+Tengah+harga+tiket+masuk&filter=1&start=0&hl=id-ID&lr=lang_id&cr=countryID)', 'https://www.google.com/search?q=Pantai+Banano+Sulawesi+Tengah+harga+tiket+masuk&filter=1&start=0&hl=id-ID&lr=lang_id&cr=countryID')
2026-04-22 16:37:41 | DEBUG    |   [L1] DDGS percobaan 2/2: RequestError: RequestError('error sending request for url (https://search.yahoo.com/search;_ylt=VYWWcFxuQRKcL7cOjMNSUcGI;_ylu=lvO-TRbFJykaDidX30qnHgLyzVlcL24f-t84kRfvxrrxblg?p=Pantai+Banano+Sulawesi+Tengah+harga+tiket+masuk)', 'https://search.yahoo.com/search;_ylt=VYWWcFxuQRKcL7cOjMNSUcGI;_ylu=lvO-TRbFJykaDidX30qnHgLyzVlcL24f-t84kRfvxrrxblg?p=Pantai+Banano+Sulawesi+Tengah+harga+tiket+masuk')
2026-04-22 16:37:41 | ERROR    |   [L1] Error DDGS setelah retry: RequestError: RequestError('error sending request for url (https://search.yahoo.com/search;_ylt=VYWWcFxuQRKcL7cOjMNSUcGI;_ylu=lvO-TRbFJykaDidX30qnHgLyzVlcL24f-t84kRfvxrrxblg?p=Pantai+Banano+Sulawesi+Tengah+harga+tiket+masuk)', 'https://search.yahoo.com/search;_ylt=VYWWcFxuQRKcL7cOjMNSUcGI;_ylu=lvO-TRbFJykaDidX30qnHgLyzVlcL24f-t84kRfvxrrxblg?p=Pantai+Banano+Sulawesi+Tengah+harga+tiket+masuk')
2026-04-22 16:37:41 | DEBUG    |   [L1] Query: "Pantai Banano Sulawesi Tengah HTM retribusi tiket masuk wisata"
2026-04-22 16:37:45 | DEBUG    |   [L1] Jumlah snippet: 5
2026-04-22 16:37:45 | DEBUG    |   [L1] Tidak ada harga di snippet | 5 URL untuk L2
2026-04-22 16:37:45 | DEBUG    |   [L2] Membuka: https://sulsel.bpk.go.id/wp-content/uploads/2024/12/181.-Pendapatan-Retribusi-Daerah-Harga-Tiket-Bantimurung-untuk-Turis-Mancanegara-Dianggap-Mahal-Ini-Klarifikasi-Balai-Taman-Nasional.pdf
2026-04-22 16:37:48 | DEBUG    |     [Lokasi] Tidak cocok — butuh salah satu dari: ['sulawesi tengah']...
2026-04-22 16:37:48 | DEBUG    |   [L2] Tolak isi halaman — tidak ada bukti lokasi alamat: https://sulsel.bpk.go.id/wp-content/uploads/2024/12/181.-Pendapatan-Retribusi-Daerah-Harga-Tiket-Bantimurung-untuk-Turis-Mancanegara-Dianggap-Mahal-Ini-Klarifikasi-Balai-Taman-Nasional.pdf
2026-04-22 16:37:48 | DEBUG    |   [L2] Membuka: https://www.pajak.go.id/id/peraturan/pajak-daerah-dan-retribusi-daerah-0
2026-04-22 16:38:22 | DEBUG    |     [Lokasi] Tidak cocok — butuh salah satu dari: ['sulawesi tengah']...
2026-04-22 16:38:22 | DEBUG    |   [L2] Tolak isi halaman — tidak ada bukti lokasi alamat: https://www.pajak.go.id/id/peraturan/pajak-daerah-dan-retribusi-daerah-0
2026-04-22 16:38:22 | DEBUG    |   [L2] Membuka: https://www.bantimurungbulusaraung.id/siaran-pers/
2026-04-22 16:38:30 | DEBUG    |     [Lokasi] Tidak cocok — butuh salah satu dari: ['sulawesi tengah']...
2026-04-22 16:38:30 | DEBUG    |   [L2] Tolak isi halaman — tidak ada bukti lokasi alamat: https://www.bantimurungbulusaraung.id/siaran-pers/
2026-04-22 16:38:30 | DEBUG    |   [L2] Membuka: https://www.harianpangandaran.com/2026/01/harga-tiket-masuk-wisata-pangandaran-tarif-parkir-retribusi-resmi-pemkab.html
2026-04-22 16:38:31 | DEBUG    |     [Lokasi] Tidak cocok — butuh salah satu dari: ['sulawesi tengah']...
2026-04-22 16:38:31 | DEBUG    |   [L2] Tolak isi halaman — tidak ada bukti lokasi alamat: https://www.harianpangandaran.com/2026/01/harga-tiket-masuk-wisata-pangandaran-tarif-parkir-retribusi-resmi-pemkab.html
2026-04-22 16:38:31 | DEBUG    |   [L2] Membuka: https://www.hukumonline.com/klinik/a/mengapa-berwisata-ke-pantai-harus-membayar-lt5326366ae990e/
2026-04-22 16:38:32 | DEBUG    |   [L2] Status 403, lewati.
2026-04-22 16:38:32 | DEBUG    |   [L3] Playwright coba 5 URL ...
2026-04-22 16:38:32 | DEBUG    |   [L3] Navigasi ke: https://sulsel.bpk.go.id/wp-content/uploads/2024/12/181.-Pendapatan-Retribusi-Daerah-Harga-Tiket-Bantimurung-untuk-Turis-Mancanegara-Dianggap-Mahal-Ini-Klarifikasi-Balai-Taman-Nasional.pdf
2026-04-22 16:38:33 | DEBUG    |   [L3] Error (https://sulsel.bpk.go.id/wp-content/uploads/2024/12/181.-Pendapatan-Retribusi-Daerah-Harga-Tiket-Bantimurung-untuk-Turis-Mancanegara-Dianggap-Mahal-Ini-Klarifikasi-Balai-Taman-Nasional.pdf): Page.goto: Download is starting
Call log:
  - navigating to "https://sulsel.bpk.go.id/wp-content/uploads/2024/12/181.-Pendapatan-Retribusi-Daerah-Harga-Tiket-Bantimurung-untuk-Turis-Mancanegara-Dianggap-Mahal-Ini-Klarifikasi-Balai-Taman-Nasional.pdf", waiting until "domcontentloaded"

2026-04-22 16:38:33 | DEBUG    |   [L3] Navigasi ke: https://www.pajak.go.id/id/peraturan/pajak-daerah-dan-retribusi-daerah-0
2026-04-22 16:38:53 | DEBUG    |   [L3] Error (https://www.pajak.go.id/id/peraturan/pajak-daerah-dan-retribusi-daerah-0): Page.goto: Timeout 20000ms exceeded.
Call log:
  - navigating to "https://www.pajak.go.id/id/peraturan/pajak-daerah-dan-retribusi-daerah-0", waiting until "domcontentloaded"

2026-04-22 16:38:53 | DEBUG    |   [L3] Navigasi ke: https://www.bantimurungbulusaraung.id/siaran-pers/
2026-04-22 16:38:56 | WARNING  | >>> SINYAL HENTI DITEKAN! Memaksa berhenti instan & save...
2026-04-22 16:38:56 | INFO     | [EMERGENCY-SAVE] Simpan -> scrap_harga_wisata.csv | 2159/2708 baris terisi
