2026-04-20 04:38:40 | INFO     | =================================================================
2026-04-20 04:38:40 | INFO     |   SCRAPE HARGA WISATA SULAWESI  –  v5.1 (geolokasi + aman Ctrl+C)
2026-04-20 04:38:40 | INFO     | =================================================================
2026-04-20 04:38:40 | INFO     | Input            : D:\semester6\mc_learning\scrapt_wisata\harga\..\hasil_scrap\wisata_sulawesi_cleaned_final.csv
2026-04-20 04:38:40 | INFO     | Output           : D:\semester6\mc_learning\scrapt_wisata\harga\scrap_harga_wisata.csv
2026-04-20 04:38:40 | INFO     | Log              : D:\semester6\mc_learning\scrapt_wisata\harga\logs\scrape_harga_20260420_043840.log
2026-04-20 04:38:40 | INFO     | Delay            : 2d/baris | L2=1d/link
2026-04-20 04:38:40 | INFO     | Auto-save setiap : 50 baris
2026-04-20 04:38:40 | INFO     | Konteks window   : ±220 karakter
2026-04-20 04:38:40 | INFO     | DDGS region      : id-id
2026-04-20 04:38:40 | INFO     | Playwright       : aktif (1 browser/run)
2026-04-20 04:38:40 | INFO     | =================================================================
2026-04-20 04:38:40 | INFO     | Membaca dataset induk dari: wisata_sulawesi_cleaned_final.csv ...
2026-04-20 04:38:40 | INFO     | >>> MENGAKTIFKAN MODE RESUME (Berdasarkan scrap_harga_wisata.csv)
2026-04-20 04:38:40 | INFO     | Total baris: 2708
2026-04-20 04:38:40 | INFO     | Distribusi kategori wisata:
2026-04-20 04:38:40 | INFO     |   Wisata Alam                        :  1725 baris | batas harga Rp 75,000
2026-04-20 04:38:40 | INFO     |   Wisata Kota / Landmark             :   808 baris | batas harga Rp 100,000
2026-04-20 04:38:40 | INFO     |   Wisata Budaya & Sejarah            :   128 baris | batas harga Rp 50,000
2026-04-20 04:38:40 | INFO     |   Wisata Religi                      :    38 baris | batas harga Rp 25,000
2026-04-20 04:38:40 | INFO     |   Wisata Hiburan                     :     9 baris | batas harga Rp 350,000
2026-04-20 04:38:40 | INFO     | -----------------------------------------------------------------
2026-04-20 04:38:40 | INFO     | Memulai proses pencarian harga ...
2026-04-20 04:38:40 | INFO     | -----------------------------------------------------------------
2026-04-20 04:38:40 | INFO     | [    1/2708] [SKIP]  'Losari Beach Platform' -> Rp 3,000
2026-04-20 04:38:40 | INFO     | [    2/2708] [SKIP]  'Benteng Rotterdam' -> Rp 5,000
2026-04-20 04:38:40 | INFO     | [    3/2708] [SKIP]  'Taman Nasional Bantimurung Bulusaraung' -> Rp 5,000
2026-04-20 04:38:40 | INFO     | [    4/2708] [SKIP]  'Pantai Tak Berombak, PTB Maros' -> Rp 15,000
2026-04-20 04:38:40 | INFO     | [    5/2708] [SKIP]  'Tongkonan Ke'te' Kesu'' -> Rp 15,000
2026-04-20 04:38:40 | INFO     | [    6/2708] [SKIP]  'Menara Keagungan Limboto' -> Rp 5,000
2026-04-20 04:38:40 | INFO     | [    7/2708] [CARI]  'Taman Pakui Sayang' (Wisata Alam)
2026-04-20 04:38:40 | DEBUG    |   Lokasi: 'Kota Makassar' | 'Sulawesi Selatan'
2026-04-20 04:38:40 | DEBUG    |   Jarum geolokasi: ['sulawesi selatan', 'kota makassar', 'makassar']
2026-04-20 04:38:40 | DEBUG    |   Batas harga (Wisata Alam): Rp 75,000
2026-04-20 04:38:40 | DEBUG    |   [L1] Query: "Taman Pakui Sayang ChIJk0JLwrnivi0R-CtMG-aENT8 harga tiket masuk"
2026-04-20 04:38:43 | DEBUG    |   [L1] Jumlah snippet: 5
2026-04-20 04:38:43 | DEBUG    |     Posisi kata tiket: []
2026-04-20 04:38:43 | DEBUG    |     Tidak ada kata tiket, fallback ke pencarian global.
2026-04-20 04:38:43 | DEBUG    |     Posisi kata tiket: []
2026-04-20 04:38:43 | DEBUG    |     Tidak ada kata tiket, fallback ke pencarian global.
2026-04-20 04:38:43 | DEBUG    |     Posisi kata tiket: []
2026-04-20 04:38:43 | DEBUG    |     Tidak ada kata tiket, fallback ke pencarian global.
2026-04-20 04:38:43 | DEBUG    |   [L1] Tidak ada harga di snippet | 4 URL untuk L2
2026-04-20 04:38:43 | DEBUG    |   [L1] Query: "Taman Pakui Sayang Kota Makassar Sulawesi Selatan harga tiket masuk"
2026-04-20 04:38:50 | DEBUG    |   [L1] Jumlah snippet: 5
2026-04-20 04:38:50 | DEBUG    |     Posisi kata tiket: []
2026-04-20 04:38:50 | DEBUG    |     Tidak ada kata tiket, fallback ke pencarian global.
2026-04-20 04:38:50 | DEBUG    |     Posisi kata tiket: []
2026-04-20 04:38:50 | DEBUG    |     Tidak ada kata tiket, fallback ke pencarian global.
2026-04-20 04:38:50 | DEBUG    |     Posisi kata tiket: []
2026-04-20 04:38:50 | DEBUG    |     Tidak ada kata tiket, fallback ke pencarian global.
2026-04-20 04:38:50 | DEBUG    |     [Gratis] 'gratis' tidak dekat kata tiket, dilewati.
2026-04-20 04:38:50 | DEBUG    |     [Gratis] 'gratis' tidak dekat kata tiket, dilewati.
2026-04-20 04:38:50 | DEBUG    |     Posisi kata tiket: []
2026-04-20 04:38:50 | DEBUG    |     Tidak ada kata tiket, fallback ke pencarian global.
2026-04-20 04:38:50 | DEBUG    |     Posisi kata tiket: []
2026-04-20 04:38:50 | DEBUG    |     Tidak ada kata tiket, fallback ke pencarian global.
2026-04-20 04:38:50 | DEBUG    |   [L1] Tidak ada harga di snippet | 5 URL untuk L2
2026-04-20 04:38:50 | DEBUG    |   [L1] Query: "Taman Pakui Sayang Kota Makassar Sulawesi Selatan HTM retribusi tiket masuk wisata"
2026-04-20 04:38:52 | DEBUG    |   [L1] Jumlah snippet: 5
2026-04-20 04:38:52 | DEBUG    |     [Gratis] 'gratis' valid — dekat kata tiket/masuk.
2026-04-20 04:38:52 | DEBUG    |   [L1] snippet 2: gratis (cocok nama + lokasi)
2026-04-20 04:38:52 | DEBUG    |   >> Ditemukan di L1 (gratis)
2026-04-20 04:38:52 | INFO     | [    7/2708] [OK]    'Taman Pakui Sayang' -> Rp 0 (Gratis) [L1] https://www.celebes.co/taman-pakui-sayang-makassar
2026-04-20 04:38:54 | INFO     | [    8/2708] [SKIP]  'Masjid Raya Makassar' -> Rp 5,000
2026-04-20 04:38:54 | INFO     | [    9/2708] [CARI]  'Taman Vatulemo' (Wisata Alam)
2026-04-20 04:38:54 | DEBUG    |   Lokasi: 'Kota Timur Tanamodindi Mantikulore' | 'Sulawesi Tengah'
2026-04-20 04:38:54 | DEBUG    |   Jarum geolokasi: ['sulawesi tengah', 'kota timur tanamodindi mantikulore', 'timur tanamodindi mantikulore', 'palu']
2026-04-20 04:38:54 | DEBUG    |   Batas harga (Wisata Alam): Rp 75,000
2026-04-20 04:38:54 | DEBUG    |   [L1] Query: "Taman Vatulemo ChIJg6bbPXPuiy0RHBVJC81ykoU harga tiket masuk"
2026-04-20 04:38:58 | DEBUG    |   [L1] Jumlah snippet: 5
2026-04-20 04:38:58 | DEBUG    |     Posisi kata tiket: []
2026-04-20 04:38:58 | DEBUG    |     Tidak ada kata tiket, fallback ke pencarian global.
2026-04-20 04:38:58 | DEBUG    |     [Lokasi] Tidak cocok — butuh salah satu dari: ['sulawesi tengah', 'kota timur tanamodindi mantikulore', 'timur tanamodindi mantikulore', 'palu']...
2026-04-20 04:38:58 | DEBUG    |   [L1] snippet 3: buang — tidak cocok lokasi alamat
2026-04-20 04:38:58 | DEBUG    |     Posisi kata tiket: []
2026-04-20 04:38:58 | DEBUG    |     Tidak ada kata tiket, fallback ke pencarian global.
2026-04-20 04:38:58 | DEBUG    |   [L1] Tidak ada harga di snippet | 3 URL untuk L2
2026-04-20 04:38:58 | DEBUG    |   [L1] Query: "Taman Vatulemo Kota Timur Tanamodindi Mantikulore Sulawesi Tengah harga tiket masuk"
2026-04-20 04:39:02 | DEBUG    |   [L1] Jumlah snippet: 5
2026-04-20 04:39:02 | DEBUG    |     Posisi kata tiket: []
2026-04-20 04:39:02 | DEBUG    |     Tidak ada kata tiket, fallback ke pencarian global.
2026-04-20 04:39:02 | DEBUG    |     Posisi kata tiket: []
2026-04-20 04:39:02 | DEBUG    |     Tidak ada kata tiket, fallback ke pencarian global.
2026-04-20 04:39:02 | DEBUG    |     Posisi kata tiket: []
2026-04-20 04:39:02 | DEBUG    |     Tidak ada kata tiket, fallback ke pencarian global.
2026-04-20 04:39:02 | DEBUG    |     Posisi kata tiket: []
2026-04-20 04:39:02 | DEBUG    |     Tidak ada kata tiket, fallback ke pencarian global.
2026-04-20 04:39:02 | DEBUG    |   [L1] Tidak ada harga di snippet | 5 URL untuk L2
2026-04-20 04:39:02 | DEBUG    |   [L1] Query: "Taman Vatulemo Kota Timur Tanamodindi Mantikulore Sulawesi Tengah HTM retribusi tiket masuk wisata"
2026-04-20 04:39:05 | DEBUG    |   [L1] Jumlah snippet: 5
2026-04-20 04:39:05 | DEBUG    |     Posisi kata tiket: []
2026-04-20 04:39:05 | DEBUG    |     Tidak ada kata tiket, fallback ke pencarian global.
2026-04-20 04:39:05 | DEBUG    |     [Gratis] 'free' dekat kata false positive, dilewati.
2026-04-20 04:39:05 | DEBUG    |     [Gratis] 'free' dekat kata false positive, dilewati.
2026-04-20 04:39:05 | DEBUG    |     Posisi kata tiket: []
2026-04-20 04:39:05 | DEBUG    |     Tidak ada kata tiket, fallback ke pencarian global.
2026-04-20 04:39:05 | DEBUG    |     Posisi kata tiket: []
2026-04-20 04:39:05 | DEBUG    |     Tidak ada kata tiket, fallback ke pencarian global.
2026-04-20 04:39:05 | DEBUG    |   [L1] Tidak ada harga di snippet | 4 URL untuk L2
2026-04-20 04:39:05 | DEBUG    |   [L2] Membuka: https://palukota.go.id/tag/vatulemo/
2026-04-20 04:39:07 | DEBUG    |     Posisi kata tiket: []
2026-04-20 04:39:07 | DEBUG    |     Tidak ada kata tiket, fallback ke pencarian global.
2026-04-20 04:39:08 | DEBUG    |   [L2] Membuka: https://id.wikipedia.org/wiki/Tanamodindi,_Mantikulore,_Palu
2026-04-20 04:39:09 | DEBUG    |     Posisi kata tiket: []
2026-04-20 04:39:09 | DEBUG    |     Tidak ada kata tiket, fallback ke pencarian global.
2026-04-20 04:39:10 | DEBUG    |   [L2] Membuka: https://us.trip.com/travel-guide/attraction/south-palu/vatulemo-park-144407162/
2026-04-20 04:39:11 | DEBUG    |     Posisi kata tiket: []
2026-04-20 04:39:11 | DEBUG    |     Tidak ada kata tiket, fallback ke pencarian global.
2026-04-20 04:39:12 | DEBUG    |   [L2] Membuka: https://lelungan.net/aktifitas/taman
2026-04-20 04:39:14 | DEBUG    |   [L2] Status 403, lewati.
2026-04-20 04:39:14 | DEBUG    |   [L2] Membuka: https://www.indonesia.travel/gb/en/destination/sulawesi/central-sulawesi/taman-vatulemo/
2026-04-20 04:39:15 | DEBUG    |     Posisi kata tiket: []
2026-04-20 04:39:15 | DEBUG    |     Tidak ada kata tiket, fallback ke pencarian global.
2026-04-20 04:39:16 | DEBUG    |   [L2] Membuka: https://soalpalu.com/2023/02/23/lapangan-vatulemo-tempat-favorit-berolahraga/
2026-04-20 04:39:17 | DEBUG    |     Posisi kata tiket: []
2026-04-20 04:39:17 | DEBUG    |     Tidak ada kata tiket, fallback ke pencarian global.
2026-04-20 04:39:18 | DEBUG    |   [L3] Playwright coba 6 URL ...
2026-04-20 04:39:18 | DEBUG    |   [L3] Navigasi ke: https://palukota.go.id/tag/vatulemo/
2026-04-20 04:39:23 | DEBUG    |     Posisi kata tiket: []
2026-04-20 04:39:23 | DEBUG    |     Tidak ada kata tiket, fallback ke pencarian global.
2026-04-20 04:39:23 | DEBUG    |   [L3] Navigasi ke: https://id.wikipedia.org/wiki/Tanamodindi,_Mantikulore,_Palu
2026-04-20 04:39:25 | DEBUG    |     Posisi kata tiket: []
2026-04-20 04:39:25 | DEBUG    |     Tidak ada kata tiket, fallback ke pencarian global.
2026-04-20 04:39:25 | DEBUG    |   [L3] Navigasi ke: https://us.trip.com/travel-guide/attraction/south-palu/vatulemo-park-144407162/
2026-04-20 04:39:29 | DEBUG    |     Posisi kata tiket: []
2026-04-20 04:39:29 | DEBUG    |     Tidak ada kata tiket, fallback ke pencarian global.
2026-04-20 04:39:29 | DEBUG    |   [L3] Navigasi ke: https://lelungan.net/aktifitas/taman
2026-04-20 04:39:31 | DEBUG    |     [Lokasi] Tidak cocok — butuh salah satu dari: ['sulawesi tengah', 'kota timur tanamodindi mantikulore', 'timur tanamodindi mantikulore', 'palu']...
2026-04-20 04:39:31 | DEBUG    |   [L3] Tolak — tidak ada bukti lokasi alamat: https://lelungan.net/aktifitas/taman
2026-04-20 04:39:31 | DEBUG    |   [L3] Navigasi ke: https://www.indonesia.travel/gb/en/destination/sulawesi/central-sulawesi/taman-vatulemo/
2026-04-20 04:39:32 | DEBUG    |     Posisi kata tiket: []
2026-04-20 04:39:32 | DEBUG    |     Tidak ada kata tiket, fallback ke pencarian global.
2026-04-20 04:39:32 | DEBUG    |   [L3] Navigasi ke: https://soalpalu.com/2023/02/23/lapangan-vatulemo-tempat-favorit-berolahraga/
2026-04-20 04:39:36 | DEBUG    |     Posisi kata tiket: []
2026-04-20 04:39:36 | DEBUG    |     Tidak ada kata tiket, fallback ke pencarian global.
2026-04-20 04:39:36 | DEBUG    |   >> Semua level gagal — NULL.
2026-04-20 04:39:36 | INFO     | [    9/2708] [NULL]  'Taman Vatulemo' -> tidak ditemukan
2026-04-20 04:39:38 | INFO     | [   10/2708] [SKIP]  'Monumen Cinta Sejati Habibie-Ainun' -> Rp 1,500
2026-04-20 04:39:38 | INFO     | [   11/2708] [SKIP]  'Pantai Losari' -> Rp 0
2026-04-20 04:39:38 | INFO     | [   12/2708] [SKIP]  'Tribun Pantai Seruni' -> Rp 15,000
2026-04-20 04:39:38 | INFO     | [   13/2708] [SKIP]  'Bugis Waterpark Adventure' -> Rp 75,000
2026-04-20 04:39:38 | INFO     | [   14/2708] [SKIP]  'Taman Kalong Watansoppeng' -> Rp 3,000
2026-04-20 04:39:38 | INFO     | [   15/2708] [SKIP]  'Patung Tuhan Yesus Memberkati' -> Rp 10,000
2026-04-20 04:39:38 | INFO     | [   16/2708] [SKIP]  'Pantai Losari' -> Rp 0
2026-04-20 04:39:38 | INFO     | [   17/2708] [SKIP]  'Tugu Zero Point' -> Rp 2,500
2026-04-20 04:39:38 | INFO     | [   18/2708] [SKIP]  'Cinta Souvenir Bantimurung' -> Rp 5,000
2026-04-20 04:39:38 | INFO     | [   19/2708] [SKIP]  'Lolai - To' Tombi, Negeri di atas awan' -> Rp 1,500
2026-04-20 04:39:38 | INFO     | [   20/2708] [SKIP]  'Pantai Bira Pasir Putih' -> Rp 5,000
2026-04-20 04:39:38 | INFO     | [   21/2708] [CARI]  'Taman Gor' (Wisata Alam)
2026-04-20 04:39:38 | DEBUG    |   Lokasi: 'Kota Palu' | 'Sulawesi Tengah'
2026-04-20 04:39:38 | DEBUG    |   Jarum geolokasi: ['sulawesi tengah', 'kota palu', 'palu']
2026-04-20 04:39:38 | DEBUG    |   Batas harga (Wisata Alam): Rp 75,000
2026-04-20 04:39:38 | DEBUG    |   [L1] Query: "Taman Gor ChIJN1blDtvtiy0R_CxnmF5s5Kg harga tiket masuk"
2026-04-20 04:39:41 | DEBUG    |   [L1] Jumlah snippet: 5
2026-04-20 04:39:41 | DEBUG    |   [L1] Tidak ada harga di snippet | 2 URL untuk L2
2026-04-20 04:39:41 | DEBUG    |   [L1] Query: "Taman Gor Kota Palu Sulawesi Tengah harga tiket masuk"
2026-04-20 04:39:44 | DEBUG    |   [L1] Jumlah snippet: 5
2026-04-20 04:39:44 | DEBUG    |     Posisi kata tiket: []
2026-04-20 04:39:44 | DEBUG    |     Tidak ada kata tiket, fallback ke pencarian global.
2026-04-20 04:39:44 | DEBUG    |     Posisi kata tiket: []
2026-04-20 04:39:44 | DEBUG    |     Tidak ada kata tiket, fallback ke pencarian global.
2026-04-20 04:39:44 | DEBUG    |     Posisi kata tiket: [88]
2026-04-20 04:39:44 | DEBUG    |     Posisi kata tiket: []
2026-04-20 04:39:44 | DEBUG    |     Tidak ada kata tiket, fallback ke pencarian global.
2026-04-20 04:39:44 | DEBUG    |   [L1] Tidak ada harga di snippet | 5 URL untuk L2
2026-04-20 04:39:44 | DEBUG    |   [L1] Query: "Taman Gor Kota Palu Sulawesi Tengah HTM retribusi tiket masuk wisata"
2026-04-20 04:39:48 | DEBUG    |   [L1] Jumlah snippet: 5
2026-04-20 04:39:48 | DEBUG    |     Posisi kata tiket: [219]
2026-04-20 04:39:48 | DEBUG    |     Posisi kata tiket: []
2026-04-20 04:39:48 | DEBUG    |     Tidak ada kata tiket, fallback ke pencarian global.
2026-04-20 04:39:48 | DEBUG    |   [L1] Tidak ada harga di snippet | 5 URL untuk L2
2026-04-20 04:39:48 | DEBUG    |   [L2] Membuka: https://pariwisata.sultengprov.go.id/data-pariwisata/destinasi-pariwisata/daya-tarik-wisata/dtw-kota-palu/218-sejarah-taman-gor-yang-pernah-dikunjungi-presiden-soekarno-saat-ke-kota-palu.html
2026-04-20 04:39:52 | DEBUG    |     Posisi kata tiket: []
2026-04-20 04:39:52 | DEBUG    |     Tidak ada kata tiket, fallback ke pencarian global.
2026-04-20 04:39:53 | DEBUG    |   [L2] Membuka: https://dzen.ru/shorts/64fdc2d2dd27200ea96500ec
2026-04-20 04:39:57 | DEBUG    |     [Lokasi] Tidak cocok — butuh salah satu dari: ['sulawesi tengah', 'kota palu', 'palu']...
2026-04-20 04:39:57 | DEBUG    |   [L2] Tolak isi halaman — tidak ada bukti lokasi alamat: https://dzen.ru/shorts/64fdc2d2dd27200ea96500ec
2026-04-20 04:39:57 | DEBUG    |   [L2] Membuka: https://reshak.ru/otvet/reshebniki.php?otvet=5-61&predmet=vilenkin6_prosv
2026-04-20 04:40:01 | DEBUG    |     [Lokasi] Tidak cocok — butuh salah satu dari: ['sulawesi tengah', 'kota palu', 'palu']...
2026-04-20 04:40:01 | DEBUG    |   [L2] Tolak isi halaman — tidak ada bukti lokasi alamat: https://reshak.ru/otvet/reshebniki.php?otvet=5-61&predmet=vilenkin6_prosv
2026-04-20 04:40:01 | DEBUG    |   [L2] Membuka: https://www.oyorooms.com/travel-guide/id/tempat-wisata-palu/
2026-04-20 04:40:03 | DEBUG    |     [Gratis] 'gratis' dekat kata false positive, dilewati.
2026-04-20 04:40:03 | DEBUG    |     [Gratis] 'gratis' dekat kata false positive, dilewati.
2026-04-20 04:40:03 | DEBUG    |     Posisi kata tiket: [1535, 2449, 3312, 4092, 4607]
2026-04-20 04:40:03 | DEBUG    |     Kandidat dari jendela tiket: Rp 5,000
2026-04-20 04:40:03 | DEBUG    |     Kandidat dari jendela tiket: Rp 10,000
2026-04-20 04:40:03 | DEBUG    |     Kandidat dari jendela tiket: Rp 5,000
2026-04-20 04:40:03 | DEBUG    |     Kandidat dari jendela tiket: Rp 10,000
2026-04-20 04:40:03 | DEBUG    |     Jendela mengandung kata akomodasi, dilewati.
2026-04-20 04:40:03 | DEBUG    |     Jendela mengandung kata akomodasi, dilewati.
2026-04-20 04:40:03 | DEBUG    |     Jendela mengandung kata akomodasi, dilewati.
2026-04-20 04:40:03 | DEBUG    |     Kandidat valid: [5000, 10000], dipilih: Rp 5,000
2026-04-20 04:40:03 | DEBUG    |   [L2] Harga Rp 5,000 dari https://www.oyorooms.com/travel-guide/id/tempat-wisata-palu/
2026-04-20 04:40:03 | DEBUG    |   >> Ditemukan di L2: Rp 5,000
2026-04-20 04:40:03 | INFO     | [   21/2708] [OK]    'Taman Gor' -> Rp 5,000 (Murah) [L2] https://www.oyorooms.com/travel-guide/id/tempat-wisata-palu/
2026-04-20 04:40:05 | INFO     | [   22/2708] [SKIP]  'Lolai Tongkonan Lempe' -> Rp 15,000
2026-04-20 04:40:05 | INFO     | [   23/2708] [SKIP]  'Monumen Yesus Memberkati' -> Rp 15,000
2026-04-20 04:40:05 | INFO     | [   24/2708] [SKIP]  'Wisata Kebun Gowa' -> Rp 15,000
2026-04-20 04:40:05 | INFO     | [   25/2708] [SKIP]  'Taman Nasional Bunaken' -> Rp 5,000
2026-04-20 04:40:05 | INFO     | [   26/2708] [SKIP]  'Taman Kota Kendari' -> Rp 0
2026-04-20 04:40:05 | INFO     | [   27/2708] [SKIP]  'Malino highlands' -> Rp 50,000
2026-04-20 04:40:05 | INFO     | [   28/2708] [SKIP]  'Pantai Akkarena' -> Rp 1,500
2026-04-20 04:40:05 | INFO     | [   29/2708] [SKIP]  'Taman Macan' -> Rp 0
2026-04-20 04:40:05 | INFO     | [   30/2708] [SKIP]  'Kampoeng Karst Rammang Rammang' -> Rp 15,000
2026-04-20 04:40:05 | INFO     | [   31/2708] [SKIP]  'Lasinrang Park' -> Rp 10,000
2026-04-20 04:40:05 | INFO     | [   32/2708] [SKIP]  'Tebing Apparalang' -> Rp 10,000
2026-04-20 04:40:05 | INFO     | [   33/2708] [SKIP]  'Taman Nasional Bantimurung Bulusaraung' -> Rp 5,000
2026-04-20 04:40:05 | INFO     | [   34/2708] [SKIP]  'Masjid Kubah 99' -> Rp 0
2026-04-20 04:40:05 | INFO     | [   35/2708] [CARI]  'Taman Musafir' (Wisata Alam)
2026-04-20 04:40:05 | DEBUG    |   Lokasi: 'Kabupaten Pangkajene Dan Kepulauan' | 'Sulawesi Selatan'
2026-04-20 04:40:05 | DEBUG    |   Jarum geolokasi: ['sulawesi selatan', 'kabupaten pangkajene dan kepulauan', 'pangkajene dan kepulauan']
2026-04-20 04:40:05 | DEBUG    |   Batas harga (Wisata Alam): Rp 75,000
2026-04-20 04:40:05 | DEBUG    |   [L1] Query: "Taman Musafir ChIJLQWTYilOvi0RBLtq01mDiSs harga tiket masuk"
2026-04-20 04:40:08 | DEBUG    |   [L1] Jumlah snippet: 5
2026-04-20 04:40:08 | DEBUG    |     [Lokasi] Tidak cocok — butuh salah satu dari: ['sulawesi selatan', 'kabupaten pangkajene dan kepulauan', 'pangkajene dan kepulauan']...
2026-04-20 04:40:08 | DEBUG    |   [L1] snippet 1: buang — tidak cocok lokasi alamat
2026-04-20 04:40:08 | DEBUG    |   [L1] Tidak ada harga di snippet | 4 URL untuk L2
2026-04-20 04:40:08 | DEBUG    |   [L1] Query: "Taman Musafir Kabupaten Pangkajene Dan Kepulauan Sulawesi Selatan harga tiket masuk"
2026-04-20 04:40:10 | DEBUG    |   [L1] Jumlah snippet: 5
2026-04-20 04:40:10 | DEBUG    |     [Lokasi] Tidak cocok — butuh salah satu dari: ['sulawesi selatan', 'kabupaten pangkajene dan kepulauan', 'pangkajene dan kepulauan']...
2026-04-20 04:40:10 | DEBUG    |   [L1] snippet 1: buang — tidak cocok lokasi alamat
2026-04-20 04:40:10 | DEBUG    |     Posisi kata tiket: []
2026-04-20 04:40:10 | DEBUG    |     Tidak ada kata tiket, fallback ke pencarian global.
2026-04-20 04:40:10 | DEBUG    |   [L1] Tidak ada harga di snippet | 5 URL untuk L2
2026-04-20 04:40:10 | DEBUG    |   [L1] Query: "Taman Musafir Kabupaten Pangkajene Dan Kepulauan Sulawesi Selatan HTM retribusi tiket masuk wisata"
2026-04-20 04:40:16 | DEBUG    |   [L1] Jumlah snippet: 5
2026-04-20 04:40:16 | DEBUG    |   [L1] Tidak ada harga di snippet | 4 URL untuk L2
2026-04-20 04:40:16 | DEBUG    |   [L2] Membuka: https://sisparnas.kemenpar.go.id/p/52954
2026-04-20 04:40:36 | DEBUG    |   [L2] Timeout: https://sisparnas.kemenpar.go.id/p/52954
2026-04-20 04:40:36 | DEBUG    |   [L2] Membuka: https://sisparnas.kemenparekraf.go.id/p/52954
2026-04-20 04:40:39 | DEBUG    |   [L2] Error (https://sisparnas.kemenparekraf.go.id/p/52954): HTTPSConnectionPool(host='sisparnas.kemenparekraf.go.id', port=443): Max retries exceeded with url: /p/52954 (Caused by NameResolutionError("HTTPSConnection(host='sisparnas.kemenparekraf.go.id', port=443): Failed to resolve 'sisparnas.kemenparekraf.go.id' ([Errno 11002] getaddrinfo failed)"))
2026-04-20 04:40:39 | DEBUG    |   [L2] Membuka: https://pangkepkab.go.id/
2026-04-20 04:40:42 | DEBUG    |     Posisi kata tiket: []
2026-04-20 04:40:42 | DEBUG    |     Tidak ada kata tiket, fallback ke pencarian global.
2026-04-20 04:40:43 | DEBUG    |   [L2] Membuka: https://akhmuhammadarifin.blogspot.com/2014/01/pariwisata-di-kabupaten-pangkajene-dan.html
2026-04-20 04:40:44 | DEBUG    |     Posisi kata tiket: []
2026-04-20 04:40:44 | DEBUG    |     Tidak ada kata tiket, fallback ke pencarian global.
2026-04-20 04:40:45 | DEBUG    |   [L2] Membuka: https://id.wikipedia.org/wiki/Daftar_kecamatan_dan_kelurahan_di_Kabupaten_Pangkajene_dan_Kepulauan
2026-04-20 04:40:46 | DEBUG    |     Posisi kata tiket: []
2026-04-20 04:40:46 | DEBUG    |     Tidak ada kata tiket, fallback ke pencarian global.
2026-04-20 04:40:47 | DEBUG    |   [L2] Membuka: https://id.trip.com/travel-guide/attraction/pangkajene/taman-musafir-144394779/
2026-04-20 04:40:48 | DEBUG    |     Posisi kata tiket: [0]
2026-04-20 04:40:49 | DEBUG    |   [L3] Playwright coba 6 URL ...
2026-04-20 04:40:49 | DEBUG    |   [L3] Navigasi ke: https://sisparnas.kemenpar.go.id/p/52954
2026-04-20 04:41:09 | DEBUG    |   [L3] Error (https://sisparnas.kemenpar.go.id/p/52954): Page.goto: Timeout 20000ms exceeded.
Call log:
  - navigating to "https://sisparnas.kemenpar.go.id/p/52954", waiting until "domcontentloaded"

2026-04-20 04:41:09 | DEBUG    |   [L3] Navigasi ke: https://sisparnas.kemenparekraf.go.id/p/52954
2026-04-20 04:41:12 | DEBUG    |   [L3] Error (https://sisparnas.kemenparekraf.go.id/p/52954): Page.goto: net::ERR_NAME_NOT_RESOLVED at https://sisparnas.kemenparekraf.go.id/p/52954
Call log:
  - navigating to "https://sisparnas.kemenparekraf.go.id/p/52954", waiting until "domcontentloaded"

2026-04-20 04:41:12 | DEBUG    |   [L3] Navigasi ke: https://pangkepkab.go.id/
2026-04-20 04:41:13 | DEBUG    |   [L3] Error (https://pangkepkab.go.id/): Page.goto: Navigation to "https://pangkepkab.go.id/" is interrupted by another navigation to "chrome-error://chromewebdata/"
Call log:
  - navigating to "https://pangkepkab.go.id/", waiting until "domcontentloaded"

2026-04-20 04:41:13 | DEBUG    |   [L3] Navigasi ke: https://akhmuhammadarifin.blogspot.com/2014/01/pariwisata-di-kabupaten-pangkajene-dan.html
2026-04-20 04:41:13 | DEBUG    |   [L3] Error (https://akhmuhammadarifin.blogspot.com/2014/01/pariwisata-di-kabupaten-pangkajene-dan.html): Page.goto: Navigation to "https://akhmuhammadarifin.blogspot.com/2014/01/pariwisata-di-kabupaten-pangkajene-dan.html" is interrupted by another navigation to "https://pangkepkab.go.id/"
Call log:
  - navigating to "https://akhmuhammadarifin.blogspot.com/2014/01/pariwisata-di-kabupaten-pangkajene-dan.html", waiting until "domcontentloaded"

2026-04-20 04:41:13 | DEBUG    |   [L3] Navigasi ke: https://id.wikipedia.org/wiki/Daftar_kecamatan_dan_kelurahan_di_Kabupaten_Pangkajene_dan_Kepulauan
2026-04-20 04:41:14 | DEBUG    |   [L3] Error (https://id.wikipedia.org/wiki/Daftar_kecamatan_dan_kelurahan_di_Kabupaten_Pangkajene_dan_Kepulauan): Page.goto: Navigation to "https://id.wikipedia.org/wiki/Daftar_kecamatan_dan_kelurahan_di_Kabupaten_Pangkajene_dan_Kepulauan" is interrupted by another navigation to "https://akhmuhammadarifin.blogspot.com/2014/01/pariwisata-di-kabupaten-pangkajene-dan.html"
Call log:
  - navigating to "https://id.wikipedia.org/wiki/Daftar_kecamatan_dan_kelurahan_di_Kabupaten_Pangkajene_dan_Kepulauan", waiting until "domcontentloaded"

2026-04-20 04:41:14 | DEBUG    |   [L3] Navigasi ke: https://id.trip.com/travel-guide/attraction/pangkajene/taman-musafir-144394779/
2026-04-20 04:41:15 | DEBUG    |   [L3] Error (https://id.trip.com/travel-guide/attraction/pangkajene/taman-musafir-144394779/): Page.goto: Navigation to "https://id.trip.com/travel-guide/attraction/pangkajene/taman-musafir-144394779/" is interrupted by another navigation to "https://id.wikipedia.org/wiki/Daftar_kecamatan_dan_kelurahan_di_Kabupaten_Pangkajene_dan_Kepulauan"
Call log:
  - navigating to "https://id.trip.com/travel-guide/attraction/pangkajene/taman-musafir-144394779/", waiting until "domcontentloaded"

2026-04-20 04:41:15 | DEBUG    |   >> Semua level gagal — NULL.
2026-04-20 04:41:15 | INFO     | [   35/2708] [NULL]  'Taman Musafir' -> tidak ditemukan
2026-04-20 04:41:17 | INFO     | [   36/2708] [SKIP]  'Taman Arkeologi Leang Leang' -> Rp 15,000
2026-04-20 04:41:17 | INFO     | [   37/2708] [SKIP]  'Tonrangeng Riverside' -> Rp 1,500
2026-04-20 04:41:17 | INFO     | [   38/2708] [CARI]  'Taman Wisata Alam Lejja' (Wisata Kota / Landmark)
2026-04-20 04:41:17 | DEBUG    |   Lokasi: 'Kabupaten Soppeng' | 'Sulawesi Selatan'
2026-04-20 04:41:17 | DEBUG    |   Jarum geolokasi: ['sulawesi selatan', 'kabupaten soppeng', 'soppeng']
2026-04-20 04:41:17 | DEBUG    |   Batas harga (Wisata Kota / Landmark): Rp 100,000
2026-04-20 04:41:17 | DEBUG    |   [L1] Query: "Taman Wisata Alam Lejja ChIJ5wCm0jLrlS0RhWiqacsMd6Y harga tiket masuk"
2026-04-20 04:41:33 | DEBUG    |   [L1] Jumlah snippet: 5
2026-04-20 04:41:33 | DEBUG    |     Posisi kata tiket: [238]
2026-04-20 04:41:33 | DEBUG    |     Posisi kata tiket: []
2026-04-20 04:41:33 | DEBUG    |     Tidak ada kata tiket, fallback ke pencarian global.
2026-04-20 04:41:33 | DEBUG    |     [Lokasi] Tidak cocok — butuh salah satu dari: ['sulawesi selatan', 'kabupaten soppeng', 'soppeng']...
2026-04-20 04:41:33 | DEBUG    |   [L1] snippet 3: buang — tidak cocok lokasi alamat
2026-04-20 04:41:33 | DEBUG    |     [Lokasi] Tidak cocok — butuh salah satu dari: ['sulawesi selatan', 'kabupaten soppeng', 'soppeng']...
2026-04-20 04:41:33 | DEBUG    |   [L1] snippet 5: buang — tidak cocok lokasi alamat
2026-04-20 04:41:33 | DEBUG    |   [L1] Tidak ada harga di snippet | 4 URL untuk L2
2026-04-20 04:41:33 | DEBUG    |   [L1] Query: "Taman Wisata Alam Lejja Kabupaten Soppeng Sulawesi Selatan harga tiket masuk"
2026-04-20 04:41:40 | DEBUG    |   [L1] Jumlah snippet: 5
2026-04-20 04:41:40 | DEBUG    |     Posisi kata tiket: [188, 227]
2026-04-20 04:41:40 | DEBUG    |     Posisi kata tiket: [43, 64]
2026-04-20 04:41:40 | DEBUG    |     Posisi kata tiket: [39]
2026-04-20 04:41:40 | DEBUG    |     Posisi kata tiket: []
2026-04-20 04:41:40 | DEBUG    |     Tidak ada kata tiket, fallback ke pencarian global.
2026-04-20 04:41:40 | DEBUG    |     [Lokasi] Tidak cocok — butuh salah satu dari: ['sulawesi selatan', 'kabupaten soppeng', 'soppeng']...
2026-04-20 04:41:40 | DEBUG    |   [L1] snippet 5: buang — tidak cocok lokasi alamat
2026-04-20 04:41:40 | DEBUG    |   [L1] Tidak ada harga di snippet | 5 URL untuk L2
2026-04-20 04:41:40 | DEBUG    |   [L1] Query: "Taman Wisata Alam Lejja Kabupaten Soppeng Sulawesi Selatan HTM retribusi tiket masuk wisata"
2026-04-20 04:41:43 | DEBUG    |   [L1] Jumlah snippet: 5
2026-04-20 04:41:43 | DEBUG    |     Posisi kata tiket: []
2026-04-20 04:41:43 | DEBUG    |     Tidak ada kata tiket, fallback ke pencarian global.
2026-04-20 04:41:43 | DEBUG    |     Posisi kata tiket: []
2026-04-20 04:41:43 | DEBUG    |     Tidak ada kata tiket, fallback ke pencarian global.
2026-04-20 04:41:43 | DEBUG    |     Posisi kata tiket: []
2026-04-20 04:41:43 | DEBUG    |     Tidak ada kata tiket, fallback ke pencarian global.
2026-04-20 04:41:43 | DEBUG    |     Posisi kata tiket: []
2026-04-20 04:41:43 | DEBUG    |     Tidak ada kata tiket, fallback ke pencarian global.
2026-04-20 04:41:43 | DEBUG    |     Posisi kata tiket: [43, 78]
2026-04-20 04:41:43 | DEBUG    |   [L1] Tidak ada harga di snippet | 5 URL untuk L2
2026-04-20 04:41:43 | DEBUG    |   [L2] Membuka: https://www.detik.com/sulsel/wisata/d-8045997/taman-wisata-alam-lejja-soppeng-hadirkan-agam-rinjani-untuk-berbagi-inspirasi
2026-04-20 04:41:44 | DEBUG    |     Posisi kata tiket: [3207]
2026-04-20 04:41:45 | DEBUG    |   [L2] Membuka: https://travel.kompas.com/read/2021/06/13/220623027/taman-langit-malang-wisata-spot-foto-kekinian-berlatar-gunung-banyak?page=all
2026-04-20 04:41:46 | DEBUG    |     [Lokasi] Tidak cocok — butuh salah satu dari: ['sulawesi selatan', 'kabupaten soppeng', 'soppeng']...
2026-04-20 04:41:46 | DEBUG    |   [L2] Tolak isi halaman — tidak ada bukti lokasi alamat: https://travel.kompas.com/read/2021/06/13/220623027/taman-langit-malang-wisata-spot-foto-kekinian-berlatar-gunung-banyak?page=all
2026-04-20 04:41:46 | DEBUG    |   [L2] Membuka: https://www.detik.com/sulsel/wisata/d-6688125/pemandian-air-panas-lejja-soppeng-sejarah-spot-wisata-hingga-harga-tiket
2026-04-20 04:41:46 | DEBUG    |     Posisi kata tiket: [63, 138, 1166, 1391, 4962]
2026-04-20 04:41:46 | DEBUG    |     Jendela mengandung kata akomodasi, dilewati.
2026-04-20 04:41:46 | DEBUG    |     Jendela mengandung kata akomodasi, dilewati.
2026-04-20 04:41:47 | DEBUG    |   [L2] Membuka: https://travel.kompas.com/read/2024/06/12/212541627/pemandian-air-panas-lejja-daya-tarik-harga-tiket-dan-jam-buka-2024
2026-04-20 04:41:48 | DEBUG    |     Posisi kata tiket: [39, 2294, 2448, 4405, 4585]
2026-04-20 04:41:48 | DEBUG    |     Jendela mengandung kata akomodasi, dilewati.
2026-04-20 04:41:49 | DEBUG    |   [L2] Membuka: https://travel.tribunnews.com/2025/06/11/nikmati-air-panas-alami-lejja-soppeng-cek-harga-tiket-masuk-lokasinya-di-sulawesi-selatan
2026-04-20 04:41:50 | DEBUG    |     Posisi kata tiket: [43, 1543, 1607, 3192, 4524]
2026-04-20 04:41:50 | DEBUG    |     Jendela mengandung kata akomodasi, dilewati.
2026-04-20 04:41:50 | DEBUG    |     Jendela mengandung kata akomodasi, dilewati.
2026-04-20 04:41:51 | DEBUG    |   [L2] Membuka: https://htmwisata.blogspot.com/2019/02/taman-wisata-alam-linggarjati.html
2026-04-20 04:41:53 | DEBUG    |     [Lokasi] Tidak cocok — butuh salah satu dari: ['sulawesi selatan', 'kabupaten soppeng', 'soppeng']...
2026-04-20 04:41:53 | DEBUG    |   [L2] Tolak isi halaman — tidak ada bukti lokasi alamat: https://htmwisata.blogspot.com/2019/02/taman-wisata-alam-linggarjati.html
2026-04-20 04:41:53 | DEBUG    |   [L3] Playwright coba 6 URL ...
2026-04-20 04:41:53 | DEBUG    |   [L3] Navigasi ke: https://www.detik.com/sulsel/wisata/d-8045997/taman-wisata-alam-lejja-soppeng-hadirkan-agam-rinjani-untuk-berbagi-inspirasi
2026-04-20 04:41:55 | DEBUG    |     Posisi kata tiket: [3182]
2026-04-20 04:41:55 | DEBUG    |   [L3] Navigasi ke: https://travel.kompas.com/read/2021/06/13/220623027/taman-langit-malang-wisata-spot-foto-kekinian-berlatar-gunung-banyak?page=all
2026-04-20 04:41:58 | DEBUG    |     [Lokasi] Tidak cocok — butuh salah satu dari: ['sulawesi selatan', 'kabupaten soppeng', 'soppeng']...
2026-04-20 04:41:58 | DEBUG    |   [L3] Tolak — tidak ada bukti lokasi alamat: https://travel.kompas.com/read/2021/06/13/220623027/taman-langit-malang-wisata-spot-foto-kekinian-berlatar-gunung-banyak?page=all
2026-04-20 04:41:58 | DEBUG    |   [L3] Navigasi ke: https://www.detik.com/sulsel/wisata/d-6688125/pemandian-air-panas-lejja-soppeng-sejarah-spot-wisata-hingga-harga-tiket
2026-04-20 04:41:59 | DEBUG    |     Posisi kata tiket: [1137, 1362, 4956, 4995]
2026-04-20 04:41:59 | DEBUG    |     Jendela mengandung kata akomodasi, dilewati.
2026-04-20 04:41:59 | DEBUG    |     Jendela mengandung kata akomodasi, dilewati.
2026-04-20 04:41:59 | DEBUG    |   [L3] Navigasi ke: https://travel.kompas.com/read/2024/06/12/212541627/pemandian-air-panas-lejja-daya-tarik-harga-tiket-dan-jam-buka-2024
2026-04-20 04:42:00 | DEBUG    |     Posisi kata tiket: [231, 2409, 2602, 2774, 2881]
2026-04-20 04:42:00 | DEBUG    |   [L3] Navigasi ke: https://travel.tribunnews.com/2025/06/11/nikmati-air-panas-alami-lejja-soppeng-cek-harga-tiket-masuk-lokasinya-di-sulawesi-selatan
2026-04-20 04:42:01 | DEBUG    |     Posisi kata tiket: [587, 2151, 2746, 2933]
2026-04-20 04:42:01 | DEBUG    |     Jendela mengandung kata akomodasi, dilewati.
2026-04-20 04:42:01 | DEBUG    |   [L3] Navigasi ke: https://htmwisata.blogspot.com/2019/02/taman-wisata-alam-linggarjati.html
2026-04-20 04:42:03 | DEBUG    |     [Lokasi] Tidak cocok — butuh salah satu dari: ['sulawesi selatan', 'kabupaten soppeng', 'soppeng']...
2026-04-20 04:42:03 | DEBUG    |   [L3] Tolak — tidak ada bukti lokasi alamat: https://htmwisata.blogspot.com/2019/02/taman-wisata-alam-linggarjati.html
2026-04-20 04:42:03 | DEBUG    |   >> Semua level gagal — NULL.
2026-04-20 04:42:03 | INFO     | [   38/2708] [NULL]  'Taman Wisata Alam Lejja' -> tidak ditemukan
2026-04-20 04:42:05 | INFO     | [   39/2708] [SKIP]  'Space iklan 5x10. Anjungan Pantai Manakarra' -> Rp 0
2026-04-20 04:42:05 | INFO     | [   40/2708] [SKIP]  'Pantai Paal' -> Rp 10,000
2026-04-20 04:42:05 | INFO     | [   41/2708] [SKIP]  'Masjid Al Markaz Al Islami Maros' -> Rp 15,000
2026-04-20 04:42:05 | INFO     | [   42/2708] [SKIP]  'Museum Balla Lompoa' -> Rp 5,000
2026-04-20 04:42:05 | INFO     | [   43/2708] [CARI]  'Londa Ancient Graveyard' (Wisata Kota / Landmark)
2026-04-20 04:42:05 | DEBUG    |   Lokasi: 'Kabupaten Toraja Utara' | 'Sulawesi Selatan'
2026-04-20 04:42:05 | DEBUG    |   Jarum geolokasi: ['sulawesi selatan', 'kabupaten toraja utara', 'toraja utara']
2026-04-20 04:42:05 | DEBUG    |   Batas harga (Wisata Kota / Landmark): Rp 100,000
2026-04-20 04:42:05 | DEBUG    |   [L1] Query: "Londa Ancient Graveyard ChIJy9LFmt7rky0RU-2zFqy9ZqE harga tiket masuk"
2026-04-20 04:42:11 | DEBUG    |   [L1] Jumlah snippet: 5
2026-04-20 04:42:11 | DEBUG    |   [L1] Tidak ada harga di snippet | 3 URL untuk L2
2026-04-20 04:42:11 | DEBUG    |   [L1] Query: "Londa Ancient Graveyard Kabupaten Toraja Utara Sulawesi Selatan harga tiket masuk"
2026-04-20 04:42:16 | DEBUG    |   [L1] Jumlah snippet: 5
2026-04-20 04:42:16 | DEBUG    |     [Lokasi] Tidak cocok — butuh salah satu dari: ['sulawesi selatan', 'kabupaten toraja utara', 'toraja utara']...
2026-04-20 04:42:16 | DEBUG    |   [L1] snippet 2: buang — tidak cocok lokasi alamat
2026-04-20 04:42:16 | DEBUG    |   [L1] Tidak ada harga di snippet | 4 URL untuk L2
2026-04-20 04:42:16 | DEBUG    |   [L1] Query: "Londa Ancient Graveyard Kabupaten Toraja Utara Sulawesi Selatan HTM retribusi tiket masuk wisata"
2026-04-20 04:42:22 | DEBUG    |   [L1] Jumlah snippet: 5
2026-04-20 04:42:22 | DEBUG    |     Posisi kata tiket: [39, 63]
2026-04-20 04:42:22 | DEBUG    |   [L1] Tidak ada harga di snippet | 5 URL untuk L2
2026-04-20 04:42:22 | DEBUG    |   [L2] Membuka: https://torajautarakab.go.id/detail/Wisata+Kuburan+Londa
2026-04-20 04:42:33 | DEBUG    |     Posisi kata tiket: []
2026-04-20 04:42:33 | DEBUG    |     Tidak ada kata tiket, fallback ke pencarian global.
2026-04-20 04:42:33 | DEBUG    |     Kandidat valid: [10000, 25000, 50000], dipilih: Rp 10,000
2026-04-20 04:42:33 | DEBUG    |   [L2] Harga Rp 10,000 dari https://torajautarakab.go.id/detail/Wisata+Kuburan+Londa
2026-04-20 04:42:33 | DEBUG    |   >> Ditemukan di L2: Rp 10,000
2026-04-20 04:42:33 | INFO     | [   43/2708] [OK]    'Londa Ancient Graveyard' -> Rp 10,000 (Sedang) [L2] https://torajautarakab.go.id/detail/Wisata+Kuburan+Londa
2026-04-20 04:42:35 | INFO     | [   44/2708] [CARI]  'Taman Nasional Wakatobi' (Wisata Alam)
2026-04-20 04:42:35 | DEBUG    |   Lokasi: '' | 'Sulawesi Tenggara'
2026-04-20 04:42:35 | DEBUG    |   Jarum geolokasi: ['sulawesi tenggara']
2026-04-20 04:42:35 | DEBUG    |   Batas harga (Wisata Alam): Rp 75,000
2026-04-20 04:42:35 | DEBUG    |   [L1] Query: "Taman Nasional Wakatobi ChIJt92KUDIEpy0RlGfICd6iJl0 harga tiket masuk"
2026-04-20 04:42:39 | DEBUG    |   [L1] Jumlah snippet: 5
2026-04-20 04:42:39 | DEBUG    |     [Lokasi] Tidak cocok — butuh salah satu dari: ['sulawesi tenggara']...
2026-04-20 04:42:39 | DEBUG    |   [L1] snippet 1: buang — tidak cocok lokasi alamat
2026-04-20 04:42:39 | DEBUG    |     [Lokasi] Tidak cocok — butuh salah satu dari: ['sulawesi tenggara']...
2026-04-20 04:42:39 | DEBUG    |   [L1] snippet 2: buang — tidak cocok lokasi alamat
2026-04-20 04:42:39 | DEBUG    |     [Lokasi] Tidak cocok — butuh salah satu dari: ['sulawesi tenggara']...
2026-04-20 04:42:39 | DEBUG    |   [L1] snippet 3: buang — tidak cocok lokasi alamat
2026-04-20 04:42:39 | DEBUG    |     [Lokasi] Tidak cocok — butuh salah satu dari: ['sulawesi tenggara']...
2026-04-20 04:42:39 | DEBUG    |   [L1] snippet 4: buang — tidak cocok lokasi alamat
2026-04-20 04:42:39 | DEBUG    |   [L1] Tidak ada harga di snippet | 4 URL untuk L2
2026-04-20 04:42:39 | DEBUG    |   [L1] Query: "Taman Nasional Wakatobi Sulawesi Tenggara harga tiket masuk"
2026-04-20 04:42:43 | DEBUG    |   [L1] Jumlah snippet: 5
2026-04-20 04:42:43 | DEBUG    |     Posisi kata tiket: [24, 51, 87]
2026-04-20 04:42:43 | DEBUG    |     Posisi kata tiket: [147]
2026-04-20 04:42:43 | DEBUG    |     [Gratis] Frasa eksplisit ditemukan.
2026-04-20 04:42:43 | DEBUG    |   [L1] snippet 3: gratis (cocok nama + lokasi)
2026-04-20 04:42:43 | DEBUG    |   >> Ditemukan di L1 (gratis)
2026-04-20 04:42:43 | INFO     | [   44/2708] [OK]    'Taman Nasional Wakatobi' -> Rp 0 (Gratis) [L1] https://www.acc.co.id/info-terkini/7-wisata-bahari-di-sulawesi-tenggar
2026-04-20 04:42:45 | INFO     | [   45/2708] [SKIP]  'Pelabuhan Paotere' -> Rp 3,000
2026-04-20 04:42:45 | INFO     | [   46/2708] [SKIP]  'Pantai Tanjung Bira' -> Rp 2,500
2026-04-20 04:42:45 | INFO     | [   47/2708] [SKIP]  'Air Terjun Takapala' -> Rp 5,000
2026-04-20 04:42:45 | INFO     | [   48/2708] [SKIP]  'Benteng Otanaha' -> Rp 5,000
2026-04-20 04:42:45 | INFO     | [   49/2708] [SKIP]  'Taman Mattirotasi' -> Rp 1,500
2026-04-20 04:42:45 | INFO     | [   50/2708] [CARI]  'Wisata Bahari Seafood Restaurant' (Wisata Alam)
2026-04-20 04:42:45 | DEBUG    |   Lokasi: '' | 'Sulawesi Utara'
2026-04-20 04:42:45 | DEBUG    |   Jarum geolokasi: ['sulawesi utara']
2026-04-20 04:42:45 | DEBUG    |   Batas harga (Wisata Alam): Rp 75,000
2026-04-20 04:42:45 | DEBUG    |   [L1] Query: "Wisata Bahari Seafood Restaurant ChIJ2coc8PB0hzIR_XoswVHfP9I harga tiket masuk"
2026-04-20 04:42:51 | DEBUG    |   [L1] Jumlah snippet: 5
2026-04-20 04:42:51 | DEBUG    |     [Lokasi] Tidak cocok — butuh salah satu dari: ['sulawesi utara']...
2026-04-20 04:42:51 | DEBUG    |   [L1] snippet 1: buang — tidak cocok lokasi alamat
2026-04-20 04:42:51 | DEBUG    |     [Lokasi] Tidak cocok — butuh salah satu dari: ['sulawesi utara']...
2026-04-20 04:42:51 | DEBUG    |   [L1] snippet 2: buang — tidak cocok lokasi alamat
2026-04-20 04:42:51 | DEBUG    |     [Lokasi] Tidak cocok — butuh salah satu dari: ['sulawesi utara']...
2026-04-20 04:42:51 | DEBUG    |   [L1] snippet 3: buang — tidak cocok lokasi alamat
2026-04-20 04:42:51 | DEBUG    |     Posisi kata tiket: []
2026-04-20 04:42:51 | DEBUG    |     Tidak ada kata tiket, fallback ke pencarian global.
2026-04-20 04:42:51 | DEBUG    |     [Lokasi] Tidak cocok — butuh salah satu dari: ['sulawesi utara']...
2026-04-20 04:42:51 | DEBUG    |   [L1] snippet 5: buang — tidak cocok lokasi alamat
2026-04-20 04:42:51 | DEBUG    |   [L1] Tidak ada harga di snippet | 5 URL untuk L2
2026-04-20 04:42:51 | DEBUG    |   [L1] Query: "Wisata Bahari Seafood Restaurant Sulawesi Utara harga tiket masuk"
2026-04-20 04:42:56 | DEBUG    |   [L1] Jumlah snippet: 5
2026-04-20 04:42:56 | DEBUG    |     [Lokasi] Tidak cocok — butuh salah satu dari: ['sulawesi utara']...
2026-04-20 04:42:56 | DEBUG    |   [L1] snippet 1: buang — tidak cocok lokasi alamat
2026-04-20 04:42:56 | DEBUG    |     Posisi kata tiket: []
2026-04-20 04:42:56 | DEBUG    |     Tidak ada kata tiket, fallback ke pencarian global.
2026-04-20 04:42:56 | DEBUG    |     [Lokasi] Tidak cocok — butuh salah satu dari: ['sulawesi utara']...
2026-04-20 04:42:56 | DEBUG    |   [L1] snippet 3: buang — tidak cocok lokasi alamat
2026-04-20 04:42:56 | DEBUG    |     Posisi kata tiket: []
2026-04-20 04:42:56 | DEBUG    |     Tidak ada kata tiket, fallback ke pencarian global.
2026-04-20 04:42:56 | DEBUG    |     [Lokasi] Tidak cocok — butuh salah satu dari: ['sulawesi utara']...
2026-04-20 04:42:56 | DEBUG    |   [L1] snippet 5: buang — tidak cocok lokasi alamat
2026-04-20 04:42:56 | DEBUG    |   [L1] Tidak ada harga di snippet | 5 URL untuk L2
2026-04-20 04:42:56 | DEBUG    |   [L1] Query: "Wisata Bahari Seafood Restaurant Sulawesi Utara HTM retribusi tiket masuk wisata"
2026-04-20 04:43:02 | DEBUG    |   [L1] Jumlah snippet: 5
2026-04-20 04:43:02 | DEBUG    |     [Lokasi] Tidak cocok — butuh salah satu dari: ['sulawesi utara']...
2026-04-20 04:43:02 | DEBUG    |   [L1] snippet 2: buang — tidak cocok lokasi alamat
2026-04-20 04:43:02 | DEBUG    |     [Lokasi] Tidak cocok — butuh salah satu dari: ['sulawesi utara']...
2026-04-20 04:43:02 | DEBUG    |   [L1] snippet 3: buang — tidak cocok lokasi alamat
2026-04-20 04:43:02 | DEBUG    |     Posisi kata tiket: []
2026-04-20 04:43:02 | DEBUG    |     Tidak ada kata tiket, fallback ke pencarian global.
2026-04-20 04:43:02 | DEBUG    |     [Lokasi] Tidak cocok — butuh salah satu dari: ['sulawesi utara']...
2026-04-20 04:43:02 | DEBUG    |   [L1] snippet 5: buang — tidak cocok lokasi alamat
2026-04-20 04:43:02 | DEBUG    |   [L1] Tidak ada harga di snippet | 5 URL untuk L2
2026-04-20 04:43:02 | DEBUG    |   [L2] Membuka: https://www.tripadvisor.co.id/Restaurant_Review-g297721-d1190004-Reviews-Wisata_Bahari_Seafood_Restaurant-Manado_North_Sulawesi_Sulawesi.html
2026-04-20 04:43:03 | DEBUG    |   [L2] Status 403, lewati.
2026-04-20 04:43:03 | DEBUG    |   [L2] Membuka: https://resort.co.id/wisata-bahari-seafood-restaurant/
2026-04-20 04:43:04 | DEBUG    |     [Lokasi] Tidak cocok — butuh salah satu dari: ['sulawesi utara']...
2026-04-20 04:43:04 | DEBUG    |   [L2] Tolak isi halaman — tidak ada bukti lokasi alamat: https://resort.co.id/wisata-bahari-seafood-restaurant/
2026-04-20 04:43:04 | DEBUG    |   [L2] Membuka: https://id.polomap.com/manado/8365
2026-04-20 04:43:06 | DEBUG    |     [Lokasi] Tidak cocok — butuh salah satu dari: ['sulawesi utara']...
2026-04-20 04:43:06 | DEBUG    |   [L2] Tolak isi halaman — tidak ada bukti lokasi alamat: https://id.polomap.com/manado/8365
2026-04-20 04:43:06 | DEBUG    |   [L2] Membuka: https://restaurants.nearmei.id/wisata-bahari-seafood-restaurant/
2026-04-20 04:43:06 | DEBUG    |   [L2] Error (https://restaurants.nearmei.id/wisata-bahari-seafood-restaurant/): HTTPSConnectionPool(host='restaurants.nearmei.id', port=443): Max retries exceeded with url: /wisata-bahari-seafood-restaurant/ (Caused by NameResolutionError("HTTPSConnection(host='restaurants.nearmei.id', port=443): Failed to resolve 'restaurants.nearmei.id' ([Errno 11001] getaddrinfo failed)"))
2026-04-20 04:43:06 | DEBUG    |   [L2] Membuka: https://id.readymap.info/258856/6692
2026-04-20 04:43:07 | DEBUG    |     Posisi kata tiket: []
2026-04-20 04:43:07 | DEBUG    |     Tidak ada kata tiket, fallback ke pencarian global.
2026-04-20 04:43:08 | DEBUG    |   [L2] Membuka: https://bobobox-optmz-dev.oxinos.id/blog/id/rumah-makan-seafood-di-manado/
2026-04-20 04:43:09 | DEBUG    |   [L2] Status 502, lewati.
2026-04-20 04:43:09 | DEBUG    |   [L3] Playwright coba 6 URL ...
2026-04-20 04:43:09 | DEBUG    |   [L3] Navigasi ke: https://www.tripadvisor.co.id/Restaurant_Review-g297721-d1190004-Reviews-Wisata_Bahari_Seafood_Restaurant-Manado_North_Sulawesi_Sulawesi.html
2026-04-20 04:43:11 | DEBUG    |     [Lokasi] Tidak cocok — butuh salah satu dari: ['sulawesi utara']...
2026-04-20 04:43:11 | DEBUG    |   [L3] Tolak — tidak ada bukti lokasi alamat: https://www.tripadvisor.co.id/Restaurant_Review-g297721-d1190004-Reviews-Wisata_Bahari_Seafood_Restaurant-Manado_North_Sulawesi_Sulawesi.html
2026-04-20 04:43:11 | DEBUG    |   [L3] Navigasi ke: https://resort.co.id/wisata-bahari-seafood-restaurant/
2026-04-20 04:43:13 | DEBUG    |     [Lokasi] Tidak cocok — butuh salah satu dari: ['sulawesi utara']...
2026-04-20 04:43:13 | DEBUG    |   [L3] Tolak — tidak ada bukti lokasi alamat: https://resort.co.id/wisata-bahari-seafood-restaurant/
2026-04-20 04:43:13 | DEBUG    |   [L3] Navigasi ke: https://id.polomap.com/manado/8365
2026-04-20 04:43:15 | DEBUG    |     [Lokasi] Tidak cocok — butuh salah satu dari: ['sulawesi utara']...
2026-04-20 04:43:15 | DEBUG    |   [L3] Tolak — tidak ada bukti lokasi alamat: https://id.polomap.com/manado/8365
2026-04-20 04:43:15 | DEBUG    |   [L3] Navigasi ke: https://restaurants.nearmei.id/wisata-bahari-seafood-restaurant/
2026-04-20 04:43:15 | DEBUG    |   [L3] Error (https://restaurants.nearmei.id/wisata-bahari-seafood-restaurant/): Page.goto: net::ERR_NAME_NOT_RESOLVED at https://restaurants.nearmei.id/wisata-bahari-seafood-restaurant/
Call log:
  - navigating to "https://restaurants.nearmei.id/wisata-bahari-seafood-restaurant/", waiting until "domcontentloaded"

2026-04-20 04:43:15 | DEBUG    |   [L3] Navigasi ke: https://id.readymap.info/258856/6692
2026-04-20 04:43:16 | DEBUG    |   [L3] Error (https://id.readymap.info/258856/6692): Page.goto: Navigation to "https://id.readymap.info/258856/6692" is interrupted by another navigation to "chrome-error://chromewebdata/"
Call log:
  - navigating to "https://id.readymap.info/258856/6692", waiting until "domcontentloaded"

2026-04-20 04:43:16 | DEBUG    |   [L3] Navigasi ke: https://bobobox-optmz-dev.oxinos.id/blog/id/rumah-makan-seafood-di-manado/
2026-04-20 04:43:16 | DEBUG    |   [L3] Error (https://bobobox-optmz-dev.oxinos.id/blog/id/rumah-makan-seafood-di-manado/): Page.goto: Navigation to "https://bobobox-optmz-dev.oxinos.id/blog/id/rumah-makan-seafood-di-manado/" is interrupted by another navigation to "https://id.readymap.info/258856/6692"
Call log:
  - navigating to "https://bobobox-optmz-dev.oxinos.id/blog/id/rumah-makan-seafood-di-manado/", waiting until "domcontentloaded"

2026-04-20 04:43:16 | DEBUG    |   >> Semua level gagal — NULL.
2026-04-20 04:43:16 | INFO     | [   50/2708] [NULL]  'Wisata Bahari Seafood Restaurant' -> tidak ditemukan
2026-04-20 04:43:18 | INFO     | [   51/2708] [SKIP]  'Rumah Alam Manado Adventure Park' -> Rp 5,000
2026-04-20 04:43:18 | INFO     | [   52/2708] [SKIP]  'Alun Alun Kota Polewali' -> Rp 5,000
2026-04-20 04:43:18 | INFO     | [   53/2708] [SKIP]  'Wisata Pantai Topejawa' -> Rp 10,000
2026-04-20 04:43:18 | INFO     | [   54/2708] [CARI]  'Masjid Agung Baiturrahim Gorontalo' (Wisata Religi)
2026-04-20 04:43:18 | DEBUG    |   Lokasi: 'Kota Gorontalo' | 'Gorontalo'
2026-04-20 04:43:18 | DEBUG    |   Jarum geolokasi: ['gorontalo', 'kota gorontalo']
2026-04-20 04:43:18 | DEBUG    |   Batas harga (Wisata Religi): Rp 25,000
2026-04-20 04:43:18 | DEBUG    |   [L1] Query: "Masjid Agung Baiturrahim Gorontalo ChIJE8ll5iAreTIReO_8uq1fdB4 harga tiket masuk"
2026-04-20 04:43:21 | DEBUG    |   [L1] Jumlah snippet: 5
2026-04-20 04:43:21 | DEBUG    |     Posisi kata tiket: []
2026-04-20 04:43:21 | DEBUG    |     Tidak ada kata tiket, fallback ke pencarian global.
2026-04-20 04:43:21 | DEBUG    |     Posisi kata tiket: []
2026-04-20 04:43:21 | DEBUG    |     Tidak ada kata tiket, fallback ke pencarian global.
2026-04-20 04:43:21 | DEBUG    |     Posisi kata tiket: []
2026-04-20 04:43:21 | DEBUG    |     Tidak ada kata tiket, fallback ke pencarian global.
2026-04-20 04:43:21 | DEBUG    |     Posisi kata tiket: []
2026-04-20 04:43:21 | DEBUG    |     Tidak ada kata tiket, fallback ke pencarian global.
2026-04-20 04:43:21 | DEBUG    |     Posisi kata tiket: []
2026-04-20 04:43:21 | DEBUG    |     Tidak ada kata tiket, fallback ke pencarian global.
2026-04-20 04:43:21 | DEBUG    |   [L1] Tidak ada harga di snippet | 3 URL untuk L2
2026-04-20 04:43:21 | DEBUG    |   [L1] Query: "Masjid Agung Baiturrahim Gorontalo Kota Gorontalo Gorontalo harga tiket masuk"
2026-04-20 04:43:25 | DEBUG    |   [L1] Jumlah snippet: 5
2026-04-20 04:43:25 | DEBUG    |     Posisi kata tiket: []
2026-04-20 04:43:25 | DEBUG    |     Tidak ada kata tiket, fallback ke pencarian global.
2026-04-20 04:43:25 | DEBUG    |     Posisi kata tiket: []
2026-04-20 04:43:25 | DEBUG    |     Tidak ada kata tiket, fallback ke pencarian global.
2026-04-20 04:43:25 | DEBUG    |     Posisi kata tiket: [280]
2026-04-20 04:43:25 | DEBUG    |     Posisi kata tiket: []
2026-04-20 04:43:25 | DEBUG    |     Tidak ada kata tiket, fallback ke pencarian global.
2026-04-20 04:43:25 | DEBUG    |   [L1] Tidak ada harga di snippet | 5 URL untuk L2
2026-04-20 04:43:25 | DEBUG    |   [L1] Query: "Masjid Agung Baiturrahim Gorontalo Kota Gorontalo Gorontalo HTM retribusi tiket masuk wisata"
2026-04-20 04:43:29 | DEBUG    |   [L1] Jumlah snippet: 5
2026-04-20 04:43:29 | DEBUG    |     Posisi kata tiket: []
2026-04-20 04:43:29 | DEBUG    |     Tidak ada kata tiket, fallback ke pencarian global.
2026-04-20 04:43:29 | DEBUG    |     Posisi kata tiket: []
2026-04-20 04:43:29 | DEBUG    |     Tidak ada kata tiket, fallback ke pencarian global.
2026-04-20 04:43:29 | DEBUG    |     Posisi kata tiket: []
2026-04-20 04:43:29 | DEBUG    |     Tidak ada kata tiket, fallback ke pencarian global.
2026-04-20 04:43:29 | DEBUG    |     Posisi kata tiket: []
2026-04-20 04:43:29 | DEBUG    |     Tidak ada kata tiket, fallback ke pencarian global.
2026-04-20 04:43:29 | DEBUG    |     Posisi kata tiket: []
2026-04-20 04:43:29 | DEBUG    |     Tidak ada kata tiket, fallback ke pencarian global.
2026-04-20 04:43:29 | DEBUG    |   [L1] Tidak ada harga di snippet | 5 URL untuk L2
2026-04-20 04:43:29 | DEBUG    |   [L2] Membuka: https://id.wikipedia.org/wiki/Masjid_Baiturrahim_Gorontalo
2026-04-20 04:43:30 | DEBUG    |     Posisi kata tiket: []
2026-04-20 04:43:30 | DEBUG    |     Tidak ada kata tiket, fallback ke pencarian global.
2026-04-20 04:43:31 | DEBUG    |   [L2] Membuka: https://www.travelio.com/gorontalo/masjid-agung-baiturrahim
2026-04-20 04:43:32 | DEBUG    |     Posisi kata tiket: []
2026-04-20 04:43:32 | DEBUG    |     Tidak ada kata tiket, fallback ke pencarian global.
2026-04-20 04:43:33 | DEBUG    |   [L2] Membuka: https://fotodedi.wordpress.com/2015/02/04/masjid-agung-baiturrahim-gorontalo/
2026-04-20 04:43:35 | DEBUG    |     Posisi kata tiket: []
2026-04-20 04:43:35 | DEBUG    |     Tidak ada kata tiket, fallback ke pencarian global.
2026-04-20 04:43:36 | DEBUG    |   [L2] Membuka: https://web.archive.org/web/20210729071021/https://pakarkubahmasjid.com/masjid-agung-baiturrahim-gorontalo-kebanggan-warga-lokal/
2026-04-20 04:43:39 | DEBUG    |     [Gratis] 'gratis' tidak dekat kata tiket, dilewati.
2026-04-20 04:43:39 | DEBUG    |     [Gratis] 'gratis' tidak dekat kata tiket, dilewati.
2026-04-20 04:43:39 | DEBUG    |     Posisi kata tiket: []
2026-04-20 04:43:39 | DEBUG    |     Tidak ada kata tiket, fallback ke pencarian global.
2026-04-20 04:43:40 | DEBUG    |   [L2] Membuka: https://cakraloka.co.id/tour/trip-gorontalo-4-hari-3-malam/
2026-04-20 04:43:42 | DEBUG    |     Posisi kata tiket: [1870, 1901, 2178]
2026-04-20 04:43:42 | DEBUG    |     Jendela mengandung kata akomodasi, dilewati.
2026-04-20 04:43:42 | DEBUG    |     Jendela mengandung kata akomodasi, dilewati.
2026-04-20 04:43:42 | DEBUG    |     Jendela mengandung kata akomodasi, dilewati.
2026-04-20 04:43:43 | DEBUG    |   [L2] Membuka: https://mahasiswa.ung.ac.id/321412147/home?page=1
2026-04-20 04:43:44 | DEBUG    |     Posisi kata tiket: [3924]
2026-04-20 04:43:45 | DEBUG    |   [L3] Playwright coba 6 URL ...
2026-04-20 04:43:45 | DEBUG    |   [L3] Navigasi ke: https://id.wikipedia.org/wiki/Masjid_Baiturrahim_Gorontalo
2026-04-20 04:43:47 | DEBUG    |     Posisi kata tiket: []
2026-04-20 04:43:47 | DEBUG    |     Tidak ada kata tiket, fallback ke pencarian global.
2026-04-20 04:43:47 | DEBUG    |   [L3] Navigasi ke: https://www.travelio.com/gorontalo/masjid-agung-baiturrahim
2026-04-20 04:43:51 | DEBUG    |     Posisi kata tiket: []
2026-04-20 04:43:51 | DEBUG    |     Tidak ada kata tiket, fallback ke pencarian global.
2026-04-20 04:43:51 | DEBUG    |   [L3] Navigasi ke: https://fotodedi.wordpress.com/2015/02/04/masjid-agung-baiturrahim-gorontalo/
2026-04-20 04:43:53 | DEBUG    |     Posisi kata tiket: []
2026-04-20 04:43:53 | DEBUG    |     Tidak ada kata tiket, fallback ke pencarian global.
2026-04-20 04:43:53 | DEBUG    |   [L3] Navigasi ke: https://web.archive.org/web/20210729071021/https://pakarkubahmasjid.com/masjid-agung-baiturrahim-gorontalo-kebanggan-warga-lokal/
2026-04-20 04:43:59 | DEBUG    |     [Gratis] 'gratis' tidak dekat kata tiket, dilewati.
2026-04-20 04:43:59 | DEBUG    |     [Gratis] 'gratis' tidak dekat kata tiket, dilewati.
2026-04-20 04:43:59 | DEBUG    |     Posisi kata tiket: []
2026-04-20 04:43:59 | DEBUG    |     Tidak ada kata tiket, fallback ke pencarian global.
2026-04-20 04:43:59 | DEBUG    |   [L3] Navigasi ke: https://cakraloka.co.id/tour/trip-gorontalo-4-hari-3-malam/
2026-04-20 04:44:01 | DEBUG    |     Posisi kata tiket: [2023, 2054, 2339]
2026-04-20 04:44:01 | DEBUG    |     Jendela mengandung kata akomodasi, dilewati.
2026-04-20 04:44:01 | DEBUG    |     Jendela mengandung kata akomodasi, dilewati.
2026-04-20 04:44:01 | DEBUG    |     Jendela mengandung kata akomodasi, dilewati.
2026-04-20 04:44:01 | DEBUG    |   [L3] Navigasi ke: https://mahasiswa.ung.ac.id/321412147/home?page=1
2026-04-20 04:44:02 | DEBUG    |     Posisi kata tiket: [3958]
2026-04-20 04:44:02 | DEBUG    |   >> Semua level gagal — NULL.
2026-04-20 04:44:02 | INFO     | [   54/2708] [NULL]  'Masjid Agung Baiturrahim Gorontalo' -> tidak ditemukan
2026-04-20 04:44:04 | INFO     | [   55/2708] [SKIP]  'Titik Nol KM Sulsel' -> Rp 5,000
2026-04-20 04:44:04 | INFO     | [   56/2708] [SKIP]  'Pantai Pohon Cinta' -> Rp 5,000
2026-04-20 04:44:04 | INFO     | [   57/2708] [SKIP]  'Benteng Keraton Kesultanan Buton (Negeri Khalifatul Khamis)' -> Rp 15,000
2026-04-20 04:44:04 | INFO     | [   58/2708] [SKIP]  'Taman Berkat (GODBLESS PARK) Manado' -> Rp 0
2026-04-20 04:44:04 | INFO     | [   59/2708] [SKIP]  'Pantai Kilo 5' -> Rp 10,000
2026-04-20 04:44:04 | INFO     | [   60/2708] [SKIP]  'Wisata Pantai Bintang Galesong' -> Rp 15,000
2026-04-20 04:44:04 | INFO     | [   61/2708] [SKIP]  'Bukit Kasih Kanonang' -> Rp 10,000
2026-04-20 04:44:04 | INFO     | [   62/2708] [CARI]  'Kurenai Beach Resort' (Wisata Alam)
2026-04-20 04:44:04 | DEBUG    |   Lokasi: 'Kabupaten Bone Bolango' | 'Gorontalo'
2026-04-20 04:44:04 | DEBUG    |   Jarum geolokasi: ['gorontalo', 'kabupaten bone bolango', 'bone bolango', 'bone']
2026-04-20 04:44:04 | DEBUG    |   Batas harga (Wisata Alam): Rp 75,000
2026-04-20 04:44:04 | DEBUG    |   [L1] Query: "Kurenai Beach Resort ChIJAYhjftAqfzIRQW65iMl5F0A harga tiket masuk"
2026-04-20 04:44:07 | DEBUG    |   [L1] Jumlah snippet: 5
2026-04-20 04:44:07 | DEBUG    |     [Lokasi] Tidak cocok — butuh salah satu dari: ['gorontalo', 'kabupaten bone bolango', 'bone bolango', 'bone']...
2026-04-20 04:44:07 | DEBUG    |   [L1] snippet 2: buang — tidak cocok lokasi alamat
2026-04-20 04:44:07 | DEBUG    |   [L1] Tidak ada harga di snippet | 2 URL untuk L2
2026-04-20 04:44:07 | DEBUG    |   [L1] Query: "Kurenai Beach Resort Kabupaten Bone Bolango Gorontalo harga tiket masuk"
2026-04-20 04:44:11 | DEBUG    |   [L1] Jumlah snippet: 5
2026-04-20 04:44:11 | DEBUG    |     Posisi kata tiket: []
2026-04-20 04:44:11 | DEBUG    |     Tidak ada kata tiket, fallback ke pencarian global.
2026-04-20 04:44:11 | DEBUG    |     [Lokasi] Tidak cocok — butuh salah satu dari: ['gorontalo', 'kabupaten bone bolango', 'bone bolango', 'bone']...
2026-04-20 04:44:11 | DEBUG    |   [L1] snippet 5: buang — tidak cocok lokasi alamat
2026-04-20 04:44:11 | DEBUG    |   [L1] Tidak ada harga di snippet | 3 URL untuk L2
2026-04-20 04:44:11 | DEBUG    |   [L1] Query: "Kurenai Beach Resort Kabupaten Bone Bolango Gorontalo HTM retribusi tiket masuk wisata"
2026-04-20 04:44:17 | DEBUG    |   [L1] Jumlah snippet: 5
2026-04-20 04:44:17 | DEBUG    |     [Lokasi] Tidak cocok — butuh salah satu dari: ['gorontalo', 'kabupaten bone bolango', 'bone bolango', 'bone']...
2026-04-20 04:44:17 | DEBUG    |   [L1] snippet 4: buang — tidak cocok lokasi alamat
2026-04-20 04:44:17 | DEBUG    |     [Lokasi] Tidak cocok — butuh salah satu dari: ['gorontalo', 'kabupaten bone bolango', 'bone bolango', 'bone']...
2026-04-20 04:44:17 | DEBUG    |   [L1] snippet 5: buang — tidak cocok lokasi alamat
2026-04-20 04:44:17 | DEBUG    |   [L1] Tidak ada harga di snippet | 3 URL untuk L2
2026-04-20 04:44:17 | DEBUG    |   [L2] Membuka: https://travel.detik.com/fototravel/d-6589862/wisata-bahari-unggulan-di-gorontalo-itu-bernama-pantai-kurenai
2026-04-20 04:44:18 | DEBUG    |     Posisi kata tiket: []
2026-04-20 04:44:18 | DEBUG    |     Tidak ada kata tiket, fallback ke pencarian global.
2026-04-20 04:44:19 | DEBUG    |   [L2] Membuka: https://www.google.com/
2026-04-20 04:44:25 | DEBUG    |     [Lokasi] Tidak cocok — butuh salah satu dari: ['gorontalo', 'kabupaten bone bolango', 'bone bolango', 'bone']...
2026-04-20 04:44:25 | DEBUG    |   [L2] Tolak isi halaman — tidak ada bukti lokasi alamat: https://www.google.com/
2026-04-20 04:44:25 | DEBUG    |   [L2] Membuka: https://t.me/s/OmekTeve
2026-04-20 04:44:26 | DEBUG    |     [Lokasi] Tidak cocok — butuh salah satu dari: ['gorontalo', 'kabupaten bone bolango', 'bone bolango', 'bone']...
2026-04-20 04:44:26 | DEBUG    |   [L2] Tolak isi halaman — tidak ada bukti lokasi alamat: https://t.me/s/OmekTeve
2026-04-20 04:44:26 | DEBUG    |   [L2] Membuka: https://wisata.app/diary/339894
2026-04-20 04:44:27 | DEBUG    |     [Lokasi] Tidak cocok — butuh salah satu dari: ['gorontalo', 'kabupaten bone bolango', 'bone bolango', 'bone']...
2026-04-20 04:44:27 | DEBUG    |   [L2] Tolak isi halaman — tidak ada bukti lokasi alamat: https://wisata.app/diary/339894
2026-04-20 04:44:27 | DEBUG    |   [L2] Membuka: https://www.zonajakarta.com/lifestyle/6737592073/wisata-gorontalo-pantai-kurenai-yang-indah-tawarkan-pasir-putih-nan-mempesona-hanya-20-menit-dari-kota
2026-04-20 04:44:29 | DEBUG    |     [Gratis] Frasa eksplisit ditemukan.
2026-04-20 04:44:29 | DEBUG    |   [L2] Gratis terdeteksi di https://www.zonajakarta.com/lifestyle/6737592073/wisata-gorontalo-pantai-kurenai-yang-indah-tawarkan-pasir-putih-nan-mempesona-hanya-20-menit-dari-kota
2026-04-20 04:44:29 | DEBUG    |   >> Ditemukan di L2: Rp 0
2026-04-20 04:44:29 | INFO     | [   62/2708] [OK]    'Kurenai Beach Resort' -> Rp 0 (Gratis) [L2] https://www.zonajakarta.com/lifestyle/6737592073/wisata-gorontalo-pant
2026-04-20 04:44:31 | INFO     | [   63/2708] [SKIP]  'Paputo Beach' -> Rp 0
2026-04-20 04:44:31 | INFO     | [   64/2708] [SKIP]  'Danau Perintis' -> Rp 5,000
2026-04-20 04:44:31 | INFO     | [   65/2708] [SKIP]  'Pantai Malalayang' -> Rp 0
2026-04-20 04:44:31 | INFO     | [   66/2708] [SKIP]  'Kendari Beach' -> Rp 0
2026-04-20 04:44:31 | INFO     | [   67/2708] [SKIP]  'Makatete Hills' -> Rp 15,000
2026-04-20 04:44:31 | INFO     | [   68/2708] [CARI]  'Pantai Kilo Lima' (Wisata Alam)
2026-04-20 04:44:31 | DEBUG    |   Lokasi: 'Kabupaten Banggai' | 'Sulawesi Tengah'
2026-04-20 04:44:31 | DEBUG    |   Jarum geolokasi: ['sulawesi tengah', 'kabupaten banggai', 'banggai', 'luwuk']
2026-04-20 04:44:31 | DEBUG    |   Batas harga (Wisata Alam): Rp 75,000
2026-04-20 04:44:31 | DEBUG    |   [L1] Query: "Pantai Kilo Lima ChIJ7xd7RSehhi0RWv0T2RpeokA harga tiket masuk"
2026-04-20 04:44:39 | DEBUG    |   [L1] Jumlah snippet: 5
2026-04-20 04:44:39 | DEBUG    |     [Lokasi] Tidak cocok — butuh salah satu dari: ['sulawesi tengah', 'kabupaten banggai', 'banggai', 'luwuk']...
2026-04-20 04:44:39 | DEBUG    |   [L1] snippet 5: buang — tidak cocok lokasi alamat
2026-04-20 04:44:39 | DEBUG    |   [L1] Tidak ada harga di snippet | 5 URL untuk L2
2026-04-20 04:44:39 | DEBUG    |   [L1] Query: "Pantai Kilo Lima Kabupaten Banggai Sulawesi Tengah harga tiket masuk"
2026-04-20 04:44:40 | DEBUG    |   [L1] Jumlah snippet: 5
2026-04-20 04:44:40 | DEBUG    |     Posisi kata tiket: [73, 193]
2026-04-20 04:44:40 | DEBUG    |     Kandidat dari jendela tiket: Rp 10,000
2026-04-20 04:44:40 | DEBUG    |     Kandidat dari jendela tiket: Rp 10,000
2026-04-20 04:44:40 | DEBUG    |     Kandidat valid: [10000], dipilih: Rp 10,000
2026-04-20 04:44:40 | DEBUG    |   [L1] snippet 1: kandidat Rp 10,000
2026-04-20 04:44:40 | DEBUG    |     Posisi kata tiket: [198]
2026-04-20 04:44:40 | DEBUG    |     Kandidat dari jendela tiket: Rp 10,000
2026-04-20 04:44:40 | DEBUG    |     Kandidat valid: [10000], dipilih: Rp 10,000
2026-04-20 04:44:40 | DEBUG    |   [L1] snippet 2: kandidat Rp 10,000
2026-04-20 04:44:40 | DEBUG    |     Posisi kata tiket: [262]
2026-04-20 04:44:40 | DEBUG    |     Kandidat dari jendela tiket: Rp 10,000
2026-04-20 04:44:40 | DEBUG    |     Kandidat valid: [10000], dipilih: Rp 10,000
2026-04-20 04:44:40 | DEBUG    |   [L1] snippet 3: kandidat Rp 10,000
2026-04-20 04:44:40 | DEBUG    |     Posisi kata tiket: [60]
2026-04-20 04:44:40 | DEBUG    |     Kandidat dari jendela tiket: Rp 10,000
2026-04-20 04:44:40 | DEBUG    |     Kandidat valid: [10000], dipilih: Rp 10,000
2026-04-20 04:44:40 | DEBUG    |   [L1] snippet 4: kandidat Rp 10,000
2026-04-20 04:44:40 | DEBUG    |     Posisi kata tiket: []
2026-04-20 04:44:40 | DEBUG    |     Tidak ada kata tiket, fallback ke pencarian global.
2026-04-20 04:44:40 | DEBUG    |   [L1] Harga terpilih: 10000 | sumber: https://www.pesisir.net/pantai-kilo-lima-luwuk | 4 URL relevan
2026-04-20 04:44:40 | DEBUG    |   >> Ditemukan di L1: Rp 10,000
2026-04-20 04:44:40 | INFO     | [   68/2708] [OK]    'Pantai Kilo Lima' -> Rp 10,000 (Sedang) [L1] https://www.pesisir.net/pantai-kilo-lima-luwuk
2026-04-20 04:44:42 | INFO     | [   69/2708] [SKIP]  'Dermaga I Rammang-Rammang' -> Rp 25,000
2026-04-20 04:44:42 | INFO     | [   70/2708] [SKIP]  'Taman Wisata Puncak Bila Sidrap' -> Rp 25,000
2026-04-20 04:44:42 | INFO     | [   71/2708] [SKIP]  'Pantai Tanjung Karang' -> Rp 10,000
2026-04-20 04:44:42 | INFO     | [   72/2708] [SKIP]  'Dermaga Dua Rammang Rammang' -> Rp 25,000
2026-04-20 04:44:42 | INFO     | [   73/2708] [SKIP]  'pantai kamali' -> Rp 10,000
2026-04-20 04:44:42 | INFO     | [   74/2708] [SKIP]  'Taman Hutan Kota Palu' -> Rp 0
2026-04-20 04:44:42 | INFO     | [   75/2708] [SKIP]  'Sierra Sky View' -> Rp 15,000
2026-04-20 04:44:42 | INFO     | [   76/2708] [SKIP]  'Wisata Hiu Paus Botubarani Gorontalo' -> Rp 5,000
2026-04-20 04:44:42 | INFO     | [   77/2708] [SKIP]  'Pulau Wisata Bokori' -> Rp 0
2026-04-20 04:44:42 | INFO     | [   78/2708] [SKIP]  'Pantai Ide' -> Rp 15,000
2026-04-20 04:44:42 | INFO     | [   79/2708] [CARI]  'Pantai Biru' (Wisata Alam)
2026-04-20 04:44:42 | DEBUG    |   Lokasi: 'Kota Makassar' | 'Sulawesi Selatan'
2026-04-20 04:44:42 | DEBUG    |   Jarum geolokasi: ['sulawesi selatan', 'kota makassar', 'makassar']
2026-04-20 04:44:42 | DEBUG    |   Batas harga (Wisata Alam): Rp 75,000
2026-04-20 04:44:42 | DEBUG    |   [L1] Query: "Pantai Biru ChIJyXFuaaYdvy0Rhxrc_82jOog harga tiket masuk"
2026-04-20 04:44:54 | DEBUG    |   [L1] DDGS percobaan 1/2: ConnectError: ConnectError('error sending request for url (https://html.duckduckgo.com/html/)', 'https://html.duckduckgo.com/html/')
2026-04-20 04:44:59 | DEBUG    |   [L1] Jumlah snippet: 5
2026-04-20 04:44:59 | DEBUG    |     [Lokasi] Tidak cocok — butuh salah satu dari: ['sulawesi selatan', 'kota makassar', 'makassar']...
2026-04-20 04:44:59 | DEBUG    |   [L1] snippet 1: buang — tidak cocok lokasi alamat
2026-04-20 04:44:59 | DEBUG    |   [L1] Tidak ada harga di snippet | 5 URL untuk L2
2026-04-20 04:44:59 | DEBUG    |   [L1] Query: "Pantai Biru Kota Makassar Sulawesi Selatan harga tiket masuk"
2026-04-20 04:45:01 | DEBUG    |   [L1] Jumlah snippet: 5
2026-04-20 04:45:01 | DEBUG    |     Posisi kata tiket: [143]
2026-04-20 04:45:01 | DEBUG    |     [Lokasi] Tidak cocok — butuh salah satu dari: ['sulawesi selatan', 'kota makassar', 'makassar']...
2026-04-20 04:45:01 | DEBUG    |   [L1] snippet 2: buang — tidak cocok lokasi alamat
2026-04-20 04:45:01 | DEBUG    |     Posisi kata tiket: []
2026-04-20 04:45:01 | DEBUG    |     Tidak ada kata tiket, fallback ke pencarian global.
2026-04-20 04:45:01 | DEBUG    |     [Lokasi] Tidak cocok — butuh salah satu dari: ['sulawesi selatan', 'kota makassar', 'makassar']...
2026-04-20 04:45:01 | DEBUG    |   [L1] snippet 5: buang — tidak cocok lokasi alamat
2026-04-20 04:45:01 | DEBUG    |   [L1] Tidak ada harga di snippet | 5 URL untuk L2
2026-04-20 04:45:01 | DEBUG    |   [L1] Query: "Pantai Biru Kota Makassar Sulawesi Selatan HTM retribusi tiket masuk wisata"
2026-04-20 04:45:05 | DEBUG    |   [L1] Jumlah snippet: 5
2026-04-20 04:45:05 | DEBUG    |     Posisi kata tiket: []
2026-04-20 04:45:05 | DEBUG    |     Tidak ada kata tiket, fallback ke pencarian global.
2026-04-20 04:45:05 | DEBUG    |     Posisi kata tiket: []
2026-04-20 04:45:05 | DEBUG    |     Tidak ada kata tiket, fallback ke pencarian global.
2026-04-20 04:45:05 | DEBUG    |     Posisi kata tiket: [175]
2026-04-20 04:45:05 | DEBUG    |     Kandidat dari jendela tiket: Rp 5,000
2026-04-20 04:45:05 | DEBUG    |     Kandidat valid: [5000], dipilih: Rp 5,000
2026-04-20 04:45:05 | DEBUG    |   [L1] snippet 3: kandidat Rp 5,000
2026-04-20 04:45:05 | DEBUG    |   [L1] Harga terpilih: 5000 | sumber: https://www.senangrekreasi.com/pantai-biru-makassar/ | 5 URL relevan
2026-04-20 04:45:05 | DEBUG    |   >> Ditemukan di L1: Rp 5,000
2026-04-20 04:45:05 | INFO     | [   79/2708] [OK]    'Pantai Biru' -> Rp 5,000 (Murah) [L1] https://www.senangrekreasi.com/pantai-biru-makassar/
2026-04-20 04:45:07 | INFO     | [   80/2708] [CARI]  'Taman dan Pantai Bahari Polewali' (Wisata Alam)
2026-04-20 04:45:07 | DEBUG    |   Lokasi: 'Kabupaten Polewali Mandar' | 'Sulawesi Barat'
2026-04-20 04:45:07 | DEBUG    |   Jarum geolokasi: ['sulawesi barat', 'kabupaten polewali mandar', 'polewali mandar', 'polewali']
2026-04-20 04:45:07 | DEBUG    |   Batas harga (Wisata Alam): Rp 75,000
2026-04-20 04:45:07 | DEBUG    |   [L1] Query: "Taman dan Pantai Bahari Polewali ChIJOcIPkuCIlC0RshPQWNrUZpU harga tiket masuk"
2026-04-20 04:45:14 | DEBUG    |   [L1] Jumlah snippet: 5
2026-04-20 04:45:14 | DEBUG    |     Posisi kata tiket: []
2026-04-20 04:45:14 | DEBUG    |     Tidak ada kata tiket, fallback ke pencarian global.
2026-04-20 04:45:14 | DEBUG    |     [Gratis] 'gratis' valid — dekat kata tiket/masuk.
2026-04-20 04:45:14 | DEBUG    |   [L1] snippet 2: gratis (cocok nama + lokasi)
2026-04-20 04:45:14 | DEBUG    |   >> Ditemukan di L1 (gratis)
2026-04-20 04:45:14 | INFO     | [   80/2708] [OK]    'Taman dan Pantai Bahari Polewali' -> Rp 0 (Gratis) [L1] https://www.celebes.co/pantai-bahari-polewali-mandar
2026-04-20 04:45:16 | INFO     | [   81/2708] [SKIP]  'Samalona island' -> Rp 5,000
2026-04-20 04:45:16 | INFO     | [   82/2708] [SKIP]  'Kebun Raya Kendari' -> Rp 3,000
2026-04-20 04:45:16 | INFO     | [   83/2708] [SKIP]  'Kebun Denassa (Denassa Botanical Garden)' -> Rp 10,000
2026-04-20 04:45:16 | INFO     | [   84/2708] [SKIP]  'Pantai Nirwana' -> Rp 10,000
2026-04-20 04:45:16 | INFO     | [   85/2708] [SKIP]  'Danau Biru Kolaka Utara' -> Rp 5,000
2026-04-20 04:45:16 | INFO     | [   86/2708] [SKIP]  'Objek Wisata Rante Kalimbuang Bori'' -> Rp 15,000
2026-04-20 04:45:16 | INFO     | [   87/2708] [SKIP]  'Pantai Tanjung Bira' -> Rp 10,000
2026-04-20 04:45:16 | INFO     | [   88/2708] [SKIP]  'Masjid Jami Tua Palopo' -> Rp 0
2026-04-20 04:45:16 | INFO     | [   89/2708] [SKIP]  'Tuur Ma'asering Kumelembuai Tomohon' -> Rp 15,000
2026-04-20 04:45:16 | INFO     | [   90/2708] [SKIP]  'Benteng Ulanta' -> Rp 0
2026-04-20 04:45:16 | INFO     | [   91/2708] [SKIP]  'Gong Perdamaian' -> Rp 5,000
2026-04-20 04:45:16 | INFO     | [   92/2708] [SKIP]  'Taman Bambu Runcing' -> Rp 0
2026-04-20 04:45:16 | INFO     | [   93/2708] [SKIP]  'Pantai Tamborasi' -> Rp 0
2026-04-20 04:45:16 | INFO     | [   94/2708] [SKIP]  'Pantai Dato Majene' -> Rp 5,000
2026-04-20 04:45:16 | INFO     | [   95/2708] [SKIP]  'Hutan Mangrove Tongke-tongke' -> Rp 10,000
2026-04-20 04:45:16 | INFO     | [   96/2708] [SKIP]  'GPI Waterpark' -> Rp 20,000
2026-04-20 04:45:16 | INFO     | [   97/2708] [SKIP]  'Kebun Raya Jompie Kota Parepare' -> Rp 0
2026-04-20 04:45:16 | INFO     | [   98/2708] [SKIP]  'Taman Wisata Tangga 2000' -> Rp 5,000
2026-04-20 04:45:16 | INFO     | [   99/2708] [CARI]  'Wisata Kuliner Kab.Kolaka' (Wisata Kota / Landmark)
2026-04-20 04:45:16 | DEBUG    |   Lokasi: '' | 'Sulawesi Tenggara'
2026-04-20 04:45:16 | DEBUG    |   Jarum geolokasi: ['sulawesi tenggara', 'kolaka']
2026-04-20 04:45:16 | DEBUG    |   Batas harga (Wisata Kota / Landmark): Rp 100,000
2026-04-20 04:45:16 | DEBUG    |   [L1] Query: "Wisata Kuliner Kab.Kolaka ChIJnfyr65_1ly0RzFB-XZlzBnc harga tiket masuk"
2026-04-20 04:45:22 | DEBUG    |   [L1] DDGS percobaan 1/2: ConnectError: ConnectError('error sending request for url (https://html.duckduckgo.com/html/)', 'https://html.duckduckgo.com/html/')
2026-04-20 04:45:29 | DEBUG    |   [L1] Jumlah snippet: 5
2026-04-20 04:45:29 | DEBUG    |     [Lokasi] Tidak cocok — butuh salah satu dari: ['sulawesi tenggara', 'kolaka']...
2026-04-20 04:45:29 | DEBUG    |   [L1] snippet 3: buang — tidak cocok lokasi alamat
2026-04-20 04:45:29 | DEBUG    |   [L1] Tidak ada harga di snippet | 4 URL untuk L2
2026-04-20 04:45:29 | DEBUG    |   [L1] Query: "Wisata Kuliner Kab.Kolaka Sulawesi Tenggara harga tiket masuk"
2026-04-20 04:45:32 | DEBUG    |   [L1] Jumlah snippet: 5
2026-04-20 04:45:32 | DEBUG    |     Posisi kata tiket: []
2026-04-20 04:45:32 | DEBUG    |     Tidak ada kata tiket, fallback ke pencarian global.
2026-04-20 04:45:32 | DEBUG    |     Posisi kata tiket: [137]
2026-04-20 04:45:32 | DEBUG    |     Kandidat dari jendela tiket: Rp 74,000
2026-04-20 04:45:32 | DEBUG    |     Kandidat valid: [74000], dipilih: Rp 74,000
2026-04-20 04:45:32 | DEBUG    |   [L1] snippet 2: kandidat Rp 74,000
2026-04-20 04:45:32 | DEBUG    |     Posisi kata tiket: []
2026-04-20 04:45:32 | DEBUG    |     Tidak ada kata tiket, fallback ke pencarian global.
2026-04-20 04:45:32 | DEBUG    |   [L1] Harga terpilih: 74000 | sumber: https://www.idntimes.com/travel/destination/wisata-terbaru-di-kolaka-sulawesi-utara-00-j73nz-0d0d13 | 4 URL relevan
2026-04-20 04:45:32 | DEBUG    |   >> Ditemukan di L1: Rp 74,000
2026-04-20 04:45:32 | INFO     | [   99/2708] [OK]    'Wisata Kuliner Kab.Kolaka' -> Rp 74,000 (Mahal) [L1] https://www.idntimes.com/travel/destination/wisata-terbaru-di-kolaka-s
2026-04-20 04:45:34 | INFO     | [  100/2708] [SKIP]  'Menara Alfa Omega' -> Rp 5,000
2026-04-20 04:45:34 | INFO     | [  101/2708] [SKIP]  'Pantai Harapan Ammani' -> Rp 10,000
2026-04-20 04:45:34 | INFO     | [  102/2708] [SKIP]  'CitraLand WaterPark Manado' -> Rp 20,000
2026-04-20 04:45:34 | INFO     | [  103/2708] [SKIP]  'Pango-Pango Makale' -> Rp 10,000
2026-04-20 04:45:34 | INFO     | [  104/2708] [SKIP]  'Dante Pine' -> Rp 10,000
2026-04-20 04:45:34 | INFO     | [  105/2708] [CARI]  'Bukit Keles' (Wisata Alam)
2026-04-20 04:45:34 | DEBUG    |   Lokasi: 'Kabupaten Banggai' | 'Sulawesi Tengah'
2026-04-20 04:45:34 | DEBUG    |   Jarum geolokasi: ['sulawesi tengah', 'kabupaten banggai', 'banggai', 'luwuk']
2026-04-20 04:45:34 | DEBUG    |   Batas harga (Wisata Alam): Rp 75,000
2026-04-20 04:45:34 | DEBUG    |   [L1] Query: "Bukit Keles ChIJu0mhuPKjhi0RLWlEswKsITw harga tiket masuk"
2026-04-20 04:45:39 | DEBUG    |   [L1] Jumlah snippet: 5
2026-04-20 04:45:39 | DEBUG    |   [L1] Tidak ada harga di snippet | 4 URL untuk L2
2026-04-20 04:45:39 | DEBUG    |   [L1] Query: "Bukit Keles Kabupaten Banggai Sulawesi Tengah harga tiket masuk"
2026-04-20 04:45:43 | DEBUG    |   [L1] Jumlah snippet: 5
2026-04-20 04:45:43 | DEBUG    |     Posisi kata tiket: []
2026-04-20 04:45:43 | DEBUG    |     Tidak ada kata tiket, fallback ke pencarian global.
2026-04-20 04:45:43 | DEBUG    |     Posisi kata tiket: [263]
2026-04-20 04:45:43 | DEBUG    |   [L1] Tidak ada harga di snippet | 4 URL untuk L2
2026-04-20 04:45:43 | DEBUG    |   [L1] Query: "Bukit Keles Kabupaten Banggai Sulawesi Tengah HTM retribusi tiket masuk wisata"
2026-04-20 04:45:47 | DEBUG    |   [L1] Jumlah snippet: 5
2026-04-20 04:45:47 | DEBUG    |   [L1] Tidak ada harga di snippet | 5 URL untuk L2
2026-04-20 04:45:47 | DEBUG    |   [L2] Membuka: https://travel.kompas.com/read/2025/05/23/082000927/harga-tiket-masuk-tn-baluran-terkini-hari-kerja-dan-libur-beda
2026-04-20 04:45:48 | DEBUG    |     [Lokasi] Tidak cocok — butuh salah satu dari: ['sulawesi tengah', 'kabupaten banggai', 'banggai', 'luwuk']...
2026-04-20 04:45:48 | DEBUG    |   [L2] Tolak isi halaman — tidak ada bukti lokasi alamat: https://travel.kompas.com/read/2025/05/23/082000927/harga-tiket-masuk-tn-baluran-terkini-hari-kerja-dan-libur-beda
2026-04-20 04:45:48 | DEBUG    |   [L2] Membuka: https://travel.detik.com/domestic-destination/d-8038755/wisata-terkenal-dieng-jam-buka-harga-tiket-daya-tariknya
2026-04-20 04:45:50 | DEBUG    |     [Lokasi] Tidak cocok — butuh salah satu dari: ['sulawesi tengah', 'kabupaten banggai', 'banggai', 'luwuk']...
2026-04-20 04:45:50 | DEBUG    |   [L2] Tolak isi halaman — tidak ada bukti lokasi alamat: https://travel.detik.com/domestic-destination/d-8038755/wisata-terkenal-dieng-jam-buka-harga-tiket-daya-tariknya
2026-04-20 04:45:50 | DEBUG    |   [L2] Membuka: https://travel.tribunnews.com/2022/01/06/harga-tiket-masuk-de-mangol-dan-4-tempat-wisata-instagramable-di-gunungkidul
2026-04-20 04:45:51 | DEBUG    |     [Lokasi] Tidak cocok — butuh salah satu dari: ['sulawesi tengah', 'kabupaten banggai', 'banggai', 'luwuk']...
2026-04-20 04:45:51 | DEBUG    |   [L2] Tolak isi halaman — tidak ada bukti lokasi alamat: https://travel.tribunnews.com/2022/01/06/harga-tiket-masuk-de-mangol-dan-4-tempat-wisata-instagramable-di-gunungkidul
2026-04-20 04:45:51 | DEBUG    |   [L2] Membuka: https://id.wikipedia.org/wiki/Daftar_tempat_wisata_di_Indonesia
2026-04-20 04:45:53 | DEBUG    |     [Lokasi] Tidak cocok — butuh salah satu dari: ['sulawesi tengah', 'kabupaten banggai', 'banggai', 'luwuk']...
2026-04-20 04:45:53 | DEBUG    |   [L2] Tolak isi halaman — tidak ada bukti lokasi alamat: https://id.wikipedia.org/wiki/Daftar_tempat_wisata_di_Indonesia
2026-04-20 04:45:53 | DEBUG    |   [L2] Membuka: https://www.wisatakaka.com/harga-tiket-masuk-floating-market-lembang/
2026-04-20 04:45:53 | DEBUG    |   [L2] Error (https://www.wisatakaka.com/harga-tiket-masuk-floating-market-lembang/): HTTPSConnectionPool(host='www.wisatakaka.com', port=443): Max retries exceeded with url: /harga-tiket-masuk-floating-market-lembang/ (Caused by SSLError(SSLCertVerificationError(1, "[SSL: CERTIFICATE_VERIFY_FAILED] certificate verify failed: Hostname mismatch, certificate is not valid for 'www.wisatakaka.com'. (_ssl.c:1081)")))
2026-04-20 04:45:53 | DEBUG    |   [L2] Membuka: https://www.idntimes.com/travel/destination/5-spot-wisata-teranyar-di-luwuk-banggai-traveler-wajib-ke-sini-01-3w2gg-qy6gh9
2026-04-20 04:45:54 | DEBUG    |     Posisi kata tiket: []
2026-04-20 04:45:54 | DEBUG    |     Tidak ada kata tiket, fallback ke pencarian global.
2026-04-20 04:45:55 | DEBUG    |   [L3] Playwright coba 6 URL ...
2026-04-20 04:45:55 | DEBUG    |   [L3] Navigasi ke: https://travel.kompas.com/read/2025/05/23/082000927/harga-tiket-masuk-tn-baluran-terkini-hari-kerja-dan-libur-beda
2026-04-20 04:45:56 | DEBUG    |     [Lokasi] Tidak cocok — butuh salah satu dari: ['sulawesi tengah', 'kabupaten banggai', 'banggai', 'luwuk']...
2026-04-20 04:45:56 | DEBUG    |   [L3] Tolak — tidak ada bukti lokasi alamat: https://travel.kompas.com/read/2025/05/23/082000927/harga-tiket-masuk-tn-baluran-terkini-hari-kerja-dan-libur-beda
2026-04-20 04:45:56 | DEBUG    |   [L3] Navigasi ke: https://travel.detik.com/domestic-destination/d-8038755/wisata-terkenal-dieng-jam-buka-harga-tiket-daya-tariknya
2026-04-20 04:45:58 | DEBUG    |     [Lokasi] Tidak cocok — butuh salah satu dari: ['sulawesi tengah', 'kabupaten banggai', 'banggai', 'luwuk']...
2026-04-20 04:45:58 | DEBUG    |   [L3] Tolak — tidak ada bukti lokasi alamat: https://travel.detik.com/domestic-destination/d-8038755/wisata-terkenal-dieng-jam-buka-harga-tiket-daya-tariknya
2026-04-20 04:45:58 | DEBUG    |   [L3] Navigasi ke: https://travel.tribunnews.com/2022/01/06/harga-tiket-masuk-de-mangol-dan-4-tempat-wisata-instagramable-di-gunungkidul
2026-04-20 04:45:59 | DEBUG    |     [Lokasi] Tidak cocok — butuh salah satu dari: ['sulawesi tengah', 'kabupaten banggai', 'banggai', 'luwuk']...
2026-04-20 04:45:59 | DEBUG    |   [L3] Tolak — tidak ada bukti lokasi alamat: https://travel.tribunnews.com/2022/01/06/harga-tiket-masuk-de-mangol-dan-4-tempat-wisata-instagramable-di-gunungkidul
2026-04-20 04:45:59 | DEBUG    |   [L3] Navigasi ke: https://id.wikipedia.org/wiki/Daftar_tempat_wisata_di_Indonesia
2026-04-20 04:46:01 | DEBUG    |     Posisi kata tiket: []
2026-04-20 04:46:01 | DEBUG    |     Tidak ada kata tiket, fallback ke pencarian global.
2026-04-20 04:46:01 | DEBUG    |   [L3] Navigasi ke: https://www.wisatakaka.com/harga-tiket-masuk-floating-market-lembang/
2026-04-20 04:46:01 | DEBUG    |   [L3] Error (https://www.wisatakaka.com/harga-tiket-masuk-floating-market-lembang/): Page.goto: net::ERR_CERT_COMMON_NAME_INVALID at https://www.wisatakaka.com/harga-tiket-masuk-floating-market-lembang/
Call log:
  - navigating to "https://www.wisatakaka.com/harga-tiket-masuk-floating-market-lembang/", waiting until "domcontentloaded"

2026-04-20 04:46:01 | DEBUG    |   [L3] Navigasi ke: https://www.idntimes.com/travel/destination/5-spot-wisata-teranyar-di-luwuk-banggai-traveler-wajib-ke-sini-01-3w2gg-qy6gh9
2026-04-20 04:46:01 | DEBUG    |   [L3] Error (https://www.idntimes.com/travel/destination/5-spot-wisata-teranyar-di-luwuk-banggai-traveler-wajib-ke-sini-01-3w2gg-qy6gh9): Page.goto: Navigation to "https://www.idntimes.com/travel/destination/5-spot-wisata-teranyar-di-luwuk-banggai-traveler-wajib-ke-sini-01-3w2gg-qy6gh9" is interrupted by another navigation to "chrome-error://chromewebdata/"
Call log:
  - navigating to "https://www.idntimes.com/travel/destination/5-spot-wisata-teranyar-di-luwuk-banggai-traveler-wajib-ke-sini-01-3w2gg-qy6gh9", waiting until "domcontentloaded"

2026-04-20 04:46:01 | DEBUG    |   >> Semua level gagal — NULL.
2026-04-20 04:46:01 | INFO     | [  105/2708] [NULL]  'Bukit Keles' -> tidak ditemukan
2026-04-20 04:46:03 | INFO     | [  106/2708] [SKIP]  'CitraLand Waterpark' -> Rp 50,000
2026-04-20 04:46:03 | INFO     | [  107/2708] [SKIP]  'Bukit Doa Mahawu' -> Rp 5,000
2026-04-20 04:46:03 | INFO     | [  108/2708] [SKIP]  'Tugu Adipura' -> Rp 0
2026-04-20 04:46:03 | INFO     | [  109/2708] [SKIP]  'Tanjung Pallette' -> Rp 20,000
2026-04-20 04:46:03 | INFO     | [  110/2708] [SKIP]  'Benteng Somba Opu' -> Rp 0
2026-04-20 04:46:03 | INFO     | [  111/2708] [SKIP]  'Monumen Patung Lakipadada' -> Rp 10,000
2026-04-20 04:46:03 | INFO     | [  112/2708] [SKIP]  'Pantai Kampung Nelayan' -> Rp 15,000
2026-04-20 04:46:03 | INFO     | [  113/2708] [CARI]  'Monumen B.J. Habibie' (Wisata Budaya & Sejarah)
2026-04-20 04:46:03 | DEBUG    |   Lokasi: 'Kabupaten Gorontalo' | 'Gorontalo'
2026-04-20 04:46:03 | DEBUG    |   Jarum geolokasi: ['gorontalo', 'kabupaten gorontalo']
2026-04-20 04:46:03 | DEBUG    |   Batas harga (Wisata Budaya & Sejarah): Rp 50,000
2026-04-20 04:46:03 | DEBUG    |   [L1] Query: "Monumen B.J. Habibie ChIJlZej4947eTIR-jg3ec6DR9E harga tiket masuk"
2026-04-20 04:46:08 | DEBUG    |   [L1] Jumlah snippet: 5
2026-04-20 04:46:08 | DEBUG    |     Posisi kata tiket: []
2026-04-20 04:46:08 | DEBUG    |     Tidak ada kata tiket, fallback ke pencarian global.
2026-04-20 04:46:08 | DEBUG    |   [L1] Tidak ada harga di snippet | 4 URL untuk L2
2026-04-20 04:46:08 | DEBUG    |   [L1] Query: "Monumen B.J. Habibie Kabupaten Gorontalo Gorontalo harga tiket masuk"
2026-04-20 04:46:13 | DEBUG    |   [L1] Jumlah snippet: 5
2026-04-20 04:46:13 | DEBUG    |     Posisi kata tiket: []
2026-04-20 04:46:13 | DEBUG    |     Tidak ada kata tiket, fallback ke pencarian global.
2026-04-20 04:46:13 | DEBUG    |     Posisi kata tiket: []
2026-04-20 04:46:13 | DEBUG    |     Tidak ada kata tiket, fallback ke pencarian global.
2026-04-20 04:46:13 | DEBUG    |     Posisi kata tiket: []
2026-04-20 04:46:13 | DEBUG    |     Tidak ada kata tiket, fallback ke pencarian global.
2026-04-20 04:46:13 | DEBUG    |     Posisi kata tiket: []
2026-04-20 04:46:13 | DEBUG    |     Tidak ada kata tiket, fallback ke pencarian global.
2026-04-20 04:46:13 | DEBUG    |     Posisi kata tiket: []
2026-04-20 04:46:13 | DEBUG    |     Tidak ada kata tiket, fallback ke pencarian global.
2026-04-20 04:46:13 | DEBUG    |   [L1] Tidak ada harga di snippet | 5 URL untuk L2
2026-04-20 04:46:13 | DEBUG    |   [L1] Query: "Monumen B.J. Habibie Kabupaten Gorontalo Gorontalo HTM retribusi tiket masuk wisata"
2026-04-20 04:46:15 | DEBUG    |   [L1] Jumlah snippet: 5
2026-04-20 04:46:15 | DEBUG    |     Posisi kata tiket: []
2026-04-20 04:46:15 | DEBUG    |     Tidak ada kata tiket, fallback ke pencarian global.
2026-04-20 04:46:15 | DEBUG    |     Posisi kata tiket: []
2026-04-20 04:46:15 | DEBUG    |     Tidak ada kata tiket, fallback ke pencarian global.
2026-04-20 04:46:15 | DEBUG    |     Posisi kata tiket: []
2026-04-20 04:46:15 | DEBUG    |     Tidak ada kata tiket, fallback ke pencarian global.
2026-04-20 04:46:15 | DEBUG    |   [L1] Tidak ada harga di snippet | 5 URL untuk L2
2026-04-20 04:46:15 | DEBUG    |   [L2] Membuka: https://djponline.pajak.go.id/
2026-04-20 04:46:22 | DEBUG    |     [Lokasi] Tidak cocok — butuh salah satu dari: ['gorontalo', 'kabupaten gorontalo']...
2026-04-20 04:46:22 | DEBUG    |   [L2] Tolak isi halaman — tidak ada bukti lokasi alamat: https://djponline.pajak.go.id/
2026-04-20 04:46:22 | DEBUG    |   [L2] Membuka: https://travel.detik.com/travel-news/d-8001653/penarik-retribusi-tiket-masuk-di-pangandaran-kena-ott-diduga-lakukan-pungli
2026-04-20 04:46:24 | DEBUG    |     [Lokasi] Tidak cocok — butuh salah satu dari: ['gorontalo', 'kabupaten gorontalo']...
2026-04-20 04:46:24 | DEBUG    |   [L2] Tolak isi halaman — tidak ada bukti lokasi alamat: https://travel.detik.com/travel-news/d-8001653/penarik-retribusi-tiket-masuk-di-pangandaran-kena-ott-diduga-lakukan-pungli
2026-04-20 04:46:24 | DEBUG    |   [L2] Membuka: https://gorontalo.tribunnews.com/2024/08/08/berita-foto-monumen-patung-bj-habibie-di-gorontalo
2026-04-20 04:46:27 | DEBUG    |     Posisi kata tiket: []
2026-04-20 04:46:27 | DEBUG    |     Tidak ada kata tiket, fallback ke pencarian global.
2026-04-20 04:46:28 | DEBUG    |   [L2] Membuka: https://id.wikipedia.org/wiki/Monumen_B.J._Habibie
2026-04-20 04:46:28 | DEBUG    |     Posisi kata tiket: []
2026-04-20 04:46:28 | DEBUG    |     Tidak ada kata tiket, fallback ke pencarian global.
2026-04-20 04:46:29 | DEBUG    |   [L2] Membuka: https://dzen.ru/shorts/64fdc2d2dd27200ea96500ec
2026-04-20 04:46:35 | DEBUG    |     [Lokasi] Tidak cocok — butuh salah satu dari: ['gorontalo', 'kabupaten gorontalo']...
2026-04-20 04:46:35 | DEBUG    |   [L2] Tolak isi halaman — tidak ada bukti lokasi alamat: https://dzen.ru/shorts/64fdc2d2dd27200ea96500ec
2026-04-20 04:46:35 | DEBUG    |   [L2] Membuka: https://www.google.com/
2026-04-20 04:46:37 | DEBUG    |     [Lokasi] Tidak cocok — butuh salah satu dari: ['gorontalo', 'kabupaten gorontalo']...
2026-04-20 04:46:37 | DEBUG    |   [L2] Tolak isi halaman — tidak ada bukti lokasi alamat: https://www.google.com/
2026-04-20 04:46:37 | DEBUG    |   [L3] Playwright coba 6 URL ...
2026-04-20 04:46:37 | DEBUG    |   [L3] Navigasi ke: https://djponline.pajak.go.id/
2026-04-20 04:46:39 | DEBUG    |     [Lokasi] Tidak cocok — butuh salah satu dari: ['gorontalo', 'kabupaten gorontalo']...
2026-04-20 04:46:39 | DEBUG    |   [L3] Tolak — tidak ada bukti lokasi alamat: https://djponline.pajak.go.id/
2026-04-20 04:46:39 | DEBUG    |   [L3] Navigasi ke: https://travel.detik.com/travel-news/d-8001653/penarik-retribusi-tiket-masuk-di-pangandaran-kena-ott-diduga-lakukan-pungli
2026-04-20 04:46:41 | DEBUG    |     [Lokasi] Tidak cocok — butuh salah satu dari: ['gorontalo', 'kabupaten gorontalo']...
2026-04-20 04:46:41 | DEBUG    |   [L3] Tolak — tidak ada bukti lokasi alamat: https://travel.detik.com/travel-news/d-8001653/penarik-retribusi-tiket-masuk-di-pangandaran-kena-ott-diduga-lakukan-pungli
2026-04-20 04:46:41 | DEBUG    |   [L3] Navigasi ke: https://gorontalo.tribunnews.com/2024/08/08/berita-foto-monumen-patung-bj-habibie-di-gorontalo
2026-04-20 04:46:42 | DEBUG    |     Posisi kata tiket: []
2026-04-20 04:46:42 | DEBUG    |     Tidak ada kata tiket, fallback ke pencarian global.
2026-04-20 04:46:42 | DEBUG    |   [L3] Navigasi ke: https://id.wikipedia.org/wiki/Monumen_B.J._Habibie
2026-04-20 04:46:43 | DEBUG    |     Posisi kata tiket: []
2026-04-20 04:46:43 | DEBUG    |     Tidak ada kata tiket, fallback ke pencarian global.
2026-04-20 04:46:43 | DEBUG    |   [L3] Navigasi ke: https://dzen.ru/shorts/64fdc2d2dd27200ea96500ec
2026-04-20 04:46:56 | DEBUG    |     [Lokasi] Tidak cocok — butuh salah satu dari: ['gorontalo', 'kabupaten gorontalo']...
2026-04-20 04:46:56 | DEBUG    |   [L3] Tolak — tidak ada bukti lokasi alamat: https://dzen.ru/shorts/64fdc2d2dd27200ea96500ec
2026-04-20 04:46:56 | DEBUG    |   [L3] Navigasi ke: https://www.google.com/
2026-04-20 04:46:57 | DEBUG    |     [Lokasi] Tidak cocok — butuh salah satu dari: ['gorontalo', 'kabupaten gorontalo']...
2026-04-20 04:46:57 | DEBUG    |   [L3] Tolak — tidak ada bukti lokasi alamat: https://www.google.com/
2026-04-20 04:46:57 | DEBUG    |   >> Semua level gagal — NULL.
2026-04-20 04:46:57 | INFO     | [  113/2708] [NULL]  'Monumen B.J. Habibie' -> tidak ditemukan
2026-04-20 04:46:59 | INFO     | [  114/2708] [SKIP]  'Monumen Mandala Pembebasan Irian Barat' -> Rp 10,000
2026-04-20 04:46:59 | INFO     | [  115/2708] [SKIP]  'Lappa Laona' -> Rp 5,000
2026-04-20 04:46:59 | INFO     | [  116/2708] [SKIP]  'Danau Linow' -> Rp 0
2026-04-20 04:46:59 | INFO     | [  117/2708] [SKIP]  'Pantai Topejawa Takalar' -> Rp 50,000
2026-04-20 04:46:59 | INFO     | [  118/2708] [SKIP]  'Wisata Bahari Kawasan Megamas' -> Rp 0
2026-04-20 04:46:59 | INFO     | [  119/2708] [SKIP]  'Pantai Lumpue' -> Rp 1,500
2026-04-20 04:46:59 | INFO     | [  120/2708] [SKIP]  'Taman Laut Olele' -> Rp 0
2026-04-20 04:46:59 | INFO     | [  121/2708] [CARI]  'WISATA TAMENDAO BEACH' (Wisata Alam)
2026-04-20 04:46:59 | DEBUG    |   Lokasi: 'Kota Gorontalo' | 'Gorontalo'
2026-04-20 04:46:59 | DEBUG    |   Jarum geolokasi: ['gorontalo', 'kota gorontalo']
2026-04-20 04:46:59 | DEBUG    |   Batas harga (Wisata Alam): Rp 75,000
2026-04-20 04:46:59 | DEBUG    |   [L1] Query: "WISATA TAMENDAO BEACH ChIJQyUDZ53VeDIRm2mp-Ohmsuo harga tiket masuk"
2026-04-20 04:47:01 | DEBUG    |   [L1] Jumlah snippet: 5
2026-04-20 04:47:01 | DEBUG    |     Posisi kata tiket: []
2026-04-20 04:47:01 | DEBUG    |     Tidak ada kata tiket, fallback ke pencarian global.
2026-04-20 04:47:01 | DEBUG    |     [Lokasi] Tidak cocok — butuh salah satu dari: ['gorontalo', 'kota gorontalo']...
2026-04-20 04:47:01 | DEBUG    |   [L1] snippet 4: buang — tidak cocok lokasi alamat
2026-04-20 04:47:01 | DEBUG    |     Posisi kata tiket: []
2026-04-20 04:47:01 | DEBUG    |     Tidak ada kata tiket, fallback ke pencarian global.
2026-04-20 04:47:01 | DEBUG    |   [L1] Tidak ada harga di snippet | 4 URL untuk L2
2026-04-20 04:47:01 | DEBUG    |   [L1] Query: "WISATA TAMENDAO BEACH Kota Gorontalo Gorontalo harga tiket masuk"
2026-04-20 04:47:06 | DEBUG    |   [L1] Jumlah snippet: 5
2026-04-20 04:47:06 | DEBUG    |     Posisi kata tiket: []
2026-04-20 04:47:06 | DEBUG    |     Tidak ada kata tiket, fallback ke pencarian global.
2026-04-20 04:47:06 | DEBUG    |     Posisi kata tiket: []
2026-04-20 04:47:06 | DEBUG    |     Tidak ada kata tiket, fallback ke pencarian global.
2026-04-20 04:47:06 | DEBUG    |     Posisi kata tiket: []
2026-04-20 04:47:06 | DEBUG    |     Tidak ada kata tiket, fallback ke pencarian global.
2026-04-20 04:47:06 | DEBUG    |     Posisi kata tiket: []
2026-04-20 04:47:06 | DEBUG    |     Tidak ada kata tiket, fallback ke pencarian global.
2026-04-20 04:47:06 | DEBUG    |     Posisi kata tiket: []
2026-04-20 04:47:06 | DEBUG    |     Tidak ada kata tiket, fallback ke pencarian global.
2026-04-20 04:47:06 | DEBUG    |   [L1] Tidak ada harga di snippet | 5 URL untuk L2
2026-04-20 04:47:06 | DEBUG    |   [L1] Query: "WISATA TAMENDAO BEACH Kota Gorontalo Gorontalo HTM retribusi tiket masuk wisata"
2026-04-20 04:47:09 | DEBUG    |   [L1] Jumlah snippet: 5
2026-04-20 04:47:09 | DEBUG    |     Posisi kata tiket: [172]
2026-04-20 04:47:09 | DEBUG    |     Jendela mengandung kata akomodasi, dilewati.
2026-04-20 04:47:09 | DEBUG    |     Posisi kata tiket: []
2026-04-20 04:47:09 | DEBUG    |     Tidak ada kata tiket, fallback ke pencarian global.
2026-04-20 04:47:09 | DEBUG    |     Posisi kata tiket: []
2026-04-20 04:47:09 | DEBUG    |     Tidak ada kata tiket, fallback ke pencarian global.
2026-04-20 04:47:09 | DEBUG    |     Posisi kata tiket: []
2026-04-20 04:47:09 | DEBUG    |     Tidak ada kata tiket, fallback ke pencarian global.
2026-04-20 04:47:09 | DEBUG    |     Posisi kata tiket: []
2026-04-20 04:47:09 | DEBUG    |     Tidak ada kata tiket, fallback ke pencarian global.
2026-04-20 04:47:09 | DEBUG    |   [L1] Tidak ada harga di snippet | 5 URL untuk L2
2026-04-20 04:47:09 | DEBUG    |   [L2] Membuka: https://dpmptsp.gorontalokota.go.id/page/objek-wisata-kota-gorontalo
2026-04-20 04:47:19 | DEBUG    |     Posisi kata tiket: [2901, 6596]
2026-04-20 04:47:19 | DEBUG    |     Jendela mengandung kata akomodasi, dilewati.
2026-04-20 04:47:19 | DEBUG    |     Jendela mengandung kata akomodasi, dilewati.
2026-04-20 04:47:20 | DEBUG    |   [L2] Membuka: https://travel.detik.com/cerita-perjalanan/d-5958481/cantiknya-pantai-tamendao-objek-wisata-baru-di-kota-gorontalo
2026-04-20 04:47:21 | DEBUG    |     Posisi kata tiket: []
2026-04-20 04:47:21 | DEBUG    |     Tidak ada kata tiket, fallback ke pencarian global.
2026-04-20 04:47:22 | DEBUG    |   [L2] Membuka: https://travel.tribunnews.com/2025/02/12/harga-tiket-masuk-taman-anggrek-sri-soedewi-tempat-wisata-yang-lagi-populer-di-jambi
2026-04-20 04:47:23 | DEBUG    |     [Lokasi] Tidak cocok — butuh salah satu dari: ['gorontalo', 'kota gorontalo']...
2026-04-20 04:47:23 | DEBUG    |   [L2] Tolak isi halaman — tidak ada bukti lokasi alamat: https://travel.tribunnews.com/2025/02/12/harga-tiket-masuk-taman-anggrek-sri-soedewi-tempat-wisata-yang-lagi-populer-di-jambi
2026-04-20 04:47:23 | DEBUG    |   [L2] Membuka: https://gopos.id/tamendao-beach-pilihan-nongkrong-asyik-di-pinggir-pantai/
2026-04-20 04:47:24 | DEBUG    |     Posisi kata tiket: [1523]
2026-04-20 04:47:24 | DEBUG    |     Jendela mengandung kata akomodasi, dilewati.
2026-04-20 04:47:25 | DEBUG    |   [L2] Membuka: https://j-innovative.org/index.php/Innovative/article/view/74
2026-04-20 04:47:39 | DEBUG    |     Posisi kata tiket: []
2026-04-20 04:47:39 | DEBUG    |     Tidak ada kata tiket, fallback ke pencarian global.
2026-04-20 04:47:40 | DEBUG    |   [L2] Membuka: https://tirto.id/rekomendasi-tempat-wisata-di-kota-gorontalo-untuk-liburan-gBq3
2026-04-20 04:47:42 | DEBUG    |   [L2] Status 403, lewati.
2026-04-20 04:47:42 | DEBUG    |   [L3] Playwright coba 6 URL ...
2026-04-20 04:47:42 | DEBUG    |   [L3] Navigasi ke: https://dpmptsp.gorontalokota.go.id/page/objek-wisata-kota-gorontalo
2026-04-20 04:47:52 | DEBUG    |     Posisi kata tiket: [2991, 6692]
2026-04-20 04:47:52 | DEBUG    |     Jendela mengandung kata akomodasi, dilewati.
2026-04-20 04:47:52 | DEBUG    |     Jendela mengandung kata akomodasi, dilewati.
2026-04-20 04:47:52 | DEBUG    |   [L3] Navigasi ke: https://travel.detik.com/cerita-perjalanan/d-5958481/cantiknya-pantai-tamendao-objek-wisata-baru-di-kota-gorontalo
2026-04-20 04:47:53 | DEBUG    |     Posisi kata tiket: []
2026-04-20 04:47:53 | DEBUG    |     Tidak ada kata tiket, fallback ke pencarian global.
2026-04-20 04:47:53 | DEBUG    |   [L3] Navigasi ke: https://travel.tribunnews.com/2025/02/12/harga-tiket-masuk-taman-anggrek-sri-soedewi-tempat-wisata-yang-lagi-populer-di-jambi
2026-04-20 04:47:54 | DEBUG    |     [Lokasi] Tidak cocok — butuh salah satu dari: ['gorontalo', 'kota gorontalo']...
2026-04-20 04:47:54 | DEBUG    |   [L3] Tolak — tidak ada bukti lokasi alamat: https://travel.tribunnews.com/2025/02/12/harga-tiket-masuk-taman-anggrek-sri-soedewi-tempat-wisata-yang-lagi-populer-di-jambi
2026-04-20 04:47:54 | DEBUG    |   [L3] Navigasi ke: https://gopos.id/tamendao-beach-pilihan-nongkrong-asyik-di-pinggir-pantai/
2026-04-20 04:47:56 | DEBUG    |     Posisi kata tiket: [840]
2026-04-20 04:47:56 | DEBUG    |     Jendela mengandung kata akomodasi, dilewati.
2026-04-20 04:47:56 | DEBUG    |   [L3] Navigasi ke: https://j-innovative.org/index.php/Innovative/article/view/74
2026-04-20 04:48:00 | DEBUG    |     Posisi kata tiket: []
2026-04-20 04:48:00 | DEBUG    |     Tidak ada kata tiket, fallback ke pencarian global.
2026-04-20 04:48:00 | DEBUG    |   [L3] Navigasi ke: https://tirto.id/rekomendasi-tempat-wisata-di-kota-gorontalo-untuk-liburan-gBq3
2026-04-20 04:48:02 | DEBUG    |     [Gratis] 'gratis' dekat kata false positive, dilewati.
2026-04-20 04:48:02 | DEBUG    |     [Gratis] 'gratis' dekat kata false positive, dilewati.
2026-04-20 04:48:02 | DEBUG    |     Posisi kata tiket: [1274, 5085]
2026-04-20 04:48:02 | DEBUG    |     Jendela mengandung kata akomodasi, dilewati.
2026-04-20 04:48:02 | DEBUG    |   >> Semua level gagal — NULL.
2026-04-20 04:48:02 | INFO     | [  121/2708] [NULL]  'WISATA TAMENDAO BEACH' -> tidak ditemukan
2026-04-20 04:48:04 | INFO     | [  122/2708] [SKIP]  'Permandian Lereng Hijau Bulu Dua' -> Rp 0
2026-04-20 04:48:04 | INFO     | [  123/2708] [SKIP]  'Danau Paisu Pok Luk Panenteng' -> Rp 2,000
2026-04-20 04:48:04 | INFO     | [  124/2708] [SKIP]  'Puncak Tetetana Suluan' -> Rp 10,000
2026-04-20 04:48:04 | INFO     | [  125/2708] [SKIP]  'Pantai Toronipa' -> Rp 5,000
2026-04-20 04:48:04 | INFO     | [  126/2708] [SKIP]  'Taman Purbakala Sumpang Bita' -> Rp 10,000
2026-04-20 04:48:04 | INFO     | [  127/2708] [SKIP]  'Air Terjun Saluopa' -> Rp 1,000
2026-04-20 04:48:04 | INFO     | [  128/2708] [SKIP]  'Taman Teratai' -> Rp 0
2026-04-20 04:48:04 | INFO     | [  129/2708] [SKIP]  'RM Bahari' -> Rp 2,000
2026-04-20 04:48:04 | INFO     | [  130/2708] [SKIP]  'Pantai Indah Bosowa' -> Rp 10,000
2026-04-20 04:48:04 | INFO     | [  131/2708] [SKIP]  'Pantai Botutonuo' -> Rp 5,000
2026-04-20 04:48:04 | INFO     | [  132/2708] [SKIP]  'Wisata Malino' -> Rp 15,000
2026-04-20 04:48:04 | INFO     | [  133/2708] [SKIP]  'Permandian Alam Ompo' -> Rp 3,000
2026-04-20 04:48:04 | INFO     | [  134/2708] [CARI]  'Tokong Ban Hin Kiong' (Wisata Religi)
2026-04-20 04:48:04 | DEBUG    |   Lokasi: 'Kota Manado' | 'Sulawesi Utara'
2026-04-20 04:48:04 | DEBUG    |   Jarum geolokasi: ['sulawesi utara', 'kota manado', 'manado']
2026-04-20 04:48:04 | DEBUG    |   Batas harga (Wisata Religi): Rp 25,000
2026-04-20 04:48:04 | DEBUG    |   [L1] Query: "Tokong Ban Hin Kiong ChIJq-X_cEN1hzIR79-BTLPE6go harga tiket masuk"
2026-04-20 04:48:08 | DEBUG    |   [L1] Jumlah snippet: 5
2026-04-20 04:48:08 | DEBUG    |     Posisi kata tiket: []
2026-04-20 04:48:08 | DEBUG    |     Tidak ada kata tiket, fallback ke pencarian global.
2026-04-20 04:48:08 | DEBUG    |     Posisi kata tiket: []
2026-04-20 04:48:08 | DEBUG    |     Tidak ada kata tiket, fallback ke pencarian global.
2026-04-20 04:48:08 | DEBUG    |     Posisi kata tiket: []
2026-04-20 04:48:08 | DEBUG    |     Tidak ada kata tiket, fallback ke pencarian global.
2026-04-20 04:48:08 | DEBUG    |     [Gratis] 'free' dekat kata false positive, dilewati.
2026-04-20 04:48:08 | DEBUG    |     [Gratis] 'free' dekat kata false positive, dilewati.
2026-04-20 04:48:08 | DEBUG    |     Posisi kata tiket: []
2026-04-20 04:48:08 | DEBUG    |     Tidak ada kata tiket, fallback ke pencarian global.
2026-04-20 04:48:08 | DEBUG    |     Posisi kata tiket: []
2026-04-20 04:48:08 | DEBUG    |     Tidak ada kata tiket, fallback ke pencarian global.
2026-04-20 04:48:08 | DEBUG    |   [L1] Tidak ada harga di snippet | 4 URL untuk L2
2026-04-20 04:48:08 | DEBUG    |   [L1] Query: "Tokong Ban Hin Kiong Kota Manado Sulawesi Utara harga tiket masuk"
2026-04-20 04:48:12 | DEBUG    |   [L1] Jumlah snippet: 5
2026-04-20 04:48:12 | DEBUG    |     Posisi kata tiket: []
2026-04-20 04:48:12 | DEBUG    |     Tidak ada kata tiket, fallback ke pencarian global.
2026-04-20 04:48:12 | DEBUG    |     Posisi kata tiket: []
2026-04-20 04:48:12 | DEBUG    |     Tidak ada kata tiket, fallback ke pencarian global.
2026-04-20 04:48:12 | DEBUG    |     Posisi kata tiket: [4544]
2026-04-20 04:48:12 | DEBUG    |     Posisi kata tiket: [178]
2026-04-20 04:48:12 | DEBUG    |     Posisi kata tiket: []
2026-04-20 04:48:12 | DEBUG    |     Tidak ada kata tiket, fallback ke pencarian global.
2026-04-20 04:48:12 | DEBUG    |   [L1] Tidak ada harga di snippet | 3 URL untuk L2
2026-04-20 04:48:12 | DEBUG    |   [L1] Query: "Tokong Ban Hin Kiong Kota Manado Sulawesi Utara HTM retribusi tiket masuk wisata"
2026-04-20 04:48:21 | DEBUG    |   [L1] Jumlah snippet: 5
2026-04-20 04:48:21 | DEBUG    |     Posisi kata tiket: []
2026-04-20 04:48:21 | DEBUG    |     Tidak ada kata tiket, fallback ke pencarian global.
2026-04-20 04:48:21 | DEBUG    |     Posisi kata tiket: []
2026-04-20 04:48:21 | DEBUG    |     Tidak ada kata tiket, fallback ke pencarian global.
2026-04-20 04:48:21 | DEBUG    |     Posisi kata tiket: []
2026-04-20 04:48:21 | DEBUG    |     Tidak ada kata tiket, fallback ke pencarian global.
2026-04-20 04:48:21 | DEBUG    |     Posisi kata tiket: []
2026-04-20 04:48:21 | DEBUG    |     Tidak ada kata tiket, fallback ke pencarian global.
2026-04-20 04:48:21 | DEBUG    |     Posisi kata tiket: []
2026-04-20 04:48:21 | DEBUG    |     Tidak ada kata tiket, fallback ke pencarian global.
2026-04-20 04:48:21 | DEBUG    |   [L1] Tidak ada harga di snippet | 4 URL untuk L2
2026-04-20 04:48:21 | DEBUG    |   [L2] Membuka: https://jadesta.kemenparekraf.go.id/atraksi/klenteng_ban_hin_kiong
2026-04-20 04:48:24 | DEBUG    |   [L2] Error (https://jadesta.kemenparekraf.go.id/atraksi/klenteng_ban_hin_kiong): HTTPSConnectionPool(host='jadesta.kemenparekraf.go.id', port=443): Max retries exceeded with url: /atraksi/klenteng_ban_hin_kiong (Caused by NameResolutionError("HTTPSConnection(host='jadesta.kemenparekraf.go.id', port=443): Failed to resolve 'jadesta.kemenparekraf.go.id' ([Errno 11002] getaddrinfo failed)"))
2026-04-20 04:48:24 | DEBUG    |   [L2] Membuka: https://travel.detik.com/domestic-destination/d-2400992/ban-hin-kiong-kelenteng-4-abad-dari-manado
2026-04-20 04:48:25 | DEBUG    |     Posisi kata tiket: []
2026-04-20 04:48:25 | DEBUG    |     Tidak ada kata tiket, fallback ke pencarian global.
2026-04-20 04:48:26 | DEBUG    |   [L2] Membuka: https://id.wikipedia.org/wiki/Kelenteng_Ban_Hin_Kiong
2026-04-20 04:48:27 | DEBUG    |     Posisi kata tiket: []
2026-04-20 04:48:27 | DEBUG    |     Tidak ada kata tiket, fallback ke pencarian global.
2026-04-20 04:48:28 | DEBUG    |   [L2] Membuka: https://www.tripadvisor.co.id/Attraction_Review-g297721-d10532657-Reviews-Ban_Hin_Kiong_Temple-Manado_North_Sulawesi_Sulawesi.html
2026-04-20 04:48:29 | DEBUG    |   [L2] Status 403, lewati.
2026-04-20 04:48:29 | DEBUG    |   [L2] Membuka: https://www.triphobo.com/places/manado-indonesia/klenteng-ban-hin-kiong-manado
2026-04-20 04:48:30 | DEBUG    |   [L2] Error (https://www.triphobo.com/places/manado-indonesia/klenteng-ban-hin-kiong-manado): HTTPSConnectionPool(host='www.triphobo.com', port=443): Max retries exceeded with url: /places/manado-indonesia/klenteng-ban-hin-kiong-manado (Caused by SSLError(SSLCertVerificationError(1, '[SSL: CERTIFICATE_VERIFY_FAILED] certificate verify failed: unable to get local issuer certificate (_ssl.c:1081)')))
2026-04-20 04:48:30 | DEBUG    |   [L2] Membuka: https://www.celebes.co/klenteng-ban-hin-kiong
2026-04-20 04:48:31 | DEBUG    |     [Gratis] 'gratis' valid — dekat kata tiket/masuk.
2026-04-20 04:48:31 | DEBUG    |   [L2] Gratis terdeteksi di https://www.celebes.co/klenteng-ban-hin-kiong
2026-04-20 04:48:31 | DEBUG    |   >> Ditemukan di L2: Rp 0
2026-04-20 04:48:31 | INFO     | [  134/2708] [OK]    'Tokong Ban Hin Kiong' -> Rp 0 (Gratis) [L2] https://www.celebes.co/klenteng-ban-hin-kiong
2026-04-20 04:48:33 | INFO     | [  135/2708] [CARI]  'Danau Tambing' (Wisata Alam)
2026-04-20 04:48:33 | DEBUG    |   Lokasi: 'Kota Pulu' | 'Sulawesi Tengah'
2026-04-20 04:48:33 | DEBUG    |   Jarum geolokasi: ['sulawesi tengah', 'kota pulu', 'pulu', 'palu']
2026-04-20 04:48:33 | DEBUG    |   Batas harga (Wisata Alam): Rp 75,000
2026-04-20 04:48:33 | DEBUG    |   [L1] Query: "Danau Tambing ChIJGz8OBM71iy0Rfj06_F5bFoo harga tiket masuk"
2026-04-20 04:48:38 | DEBUG    |   [L1] Jumlah snippet: 5
2026-04-20 04:48:38 | DEBUG    |     [Lokasi] Tidak cocok — butuh salah satu dari: ['sulawesi tengah', 'kota pulu', 'pulu', 'palu']...
2026-04-20 04:48:38 | DEBUG    |   [L1] snippet 1: buang — tidak cocok lokasi alamat
2026-04-20 04:48:38 | DEBUG    |     Posisi kata tiket: [71, 167]
2026-04-20 04:48:38 | DEBUG    |     Kandidat dari jendela tiket: Rp 10,000
2026-04-20 04:48:38 | DEBUG    |     Kandidat dari jendela tiket: Rp 15,000
2026-04-20 04:48:38 | DEBUG    |     Kandidat dari jendela tiket: Rp 10,000
2026-04-20 04:48:38 | DEBUG    |     Kandidat dari jendela tiket: Rp 15,000
2026-04-20 04:48:38 | DEBUG    |     Kandidat valid: [10000, 15000], dipilih: Rp 10,000
2026-04-20 04:48:38 | DEBUG    |   [L1] snippet 2: kandidat Rp 10,000
2026-04-20 04:48:38 | DEBUG    |     [Lokasi] Tidak cocok — butuh salah satu dari: ['sulawesi tengah', 'kota pulu', 'pulu', 'palu']...
2026-04-20 04:48:38 | DEBUG    |   [L1] snippet 3: buang — tidak cocok lokasi alamat
2026-04-20 04:48:38 | DEBUG    |     [Lokasi] Tidak cocok — butuh salah satu dari: ['sulawesi tengah', 'kota pulu', 'pulu', 'palu']...
2026-04-20 04:48:38 | DEBUG    |   [L1] snippet 4: buang — tidak cocok lokasi alamat
2026-04-20 04:48:38 | DEBUG    |     [Lokasi] Tidak cocok — butuh salah satu dari: ['sulawesi tengah', 'kota pulu', 'pulu', 'palu']...
2026-04-20 04:48:38 | DEBUG    |   [L1] snippet 5: buang — tidak cocok lokasi alamat
2026-04-20 04:48:38 | DEBUG    |   [L1] Harga terpilih: 10000 | sumber: https://www.msn.com/id-id/travel/taman/wisata-alam-danau-tambing-sigi-surga-tersembunyi-untuk-pecinta-alam/ar-AA1QZbKq | 4 URL relevan
2026-04-20 04:48:38 | DEBUG    |   >> Ditemukan di L1: Rp 10,000
2026-04-20 04:48:38 | INFO     | [  135/2708] [OK]    'Danau Tambing' -> Rp 10,000 (Sedang) [L1] https://www.msn.com/id-id/travel/taman/wisata-alam-danau-tambing-sigi-
2026-04-20 04:48:40 | INFO     | [  136/2708] [SKIP]  'Taman Wisata Puncak Rurukan Tomohon' -> Rp 40,000
2026-04-20 04:48:40 | INFO     | [  137/2708] [SKIP]  'Apparallang' -> Rp 5,000
2026-04-20 04:48:40 | INFO     | [  138/2708] [SKIP]  'Pantai Mandra Kolaka' -> Rp 5,000
2026-04-20 04:48:40 | INFO     | [  139/2708] [SKIP]  'Permandian Eremerasa Ermes bantaeng' -> Rp 3,000
2026-04-20 04:48:40 | INFO     | [  140/2708] [SKIP]  'Air Terjun Moramo' -> Rp 10,000
2026-04-20 04:48:40 | INFO     | [  141/2708] [SKIP]  'Pantai Marina Bantaeng' -> Rp 5,000
2026-04-20 04:48:40 | INFO     | [  142/2708] [SKIP]  'Taman Kota Tomohon' -> Rp 20,000
2026-04-20 04:48:40 | INFO     | [  143/2708] [SKIP]  'Masjid Tua Al-Hilal Katangka' -> Rp 0
2026-04-20 04:48:40 | INFO     | [  144/2708] [SKIP]  'Benteng Balangnipa' -> Rp 10,000
2026-04-20 04:48:40 | INFO     | [  145/2708] [SKIP]  'Bukit Samata' -> Rp 20,000
2026-04-20 04:48:40 | INFO     | [  146/2708] [CARI]  'Rumah Hijau Denassa' (Wisata Alam)
2026-04-20 04:48:40 | DEBUG    |   Lokasi: 'Kabupaten Gowa' | 'Sulawesi Selatan'
2026-04-20 04:48:40 | DEBUG    |   Jarum geolokasi: ['sulawesi selatan', 'kabupaten gowa', 'gowa']
2026-04-20 04:48:40 | DEBUG    |   Batas harga (Wisata Alam): Rp 75,000
2026-04-20 04:48:40 | DEBUG    |   [L1] Query: "Rumah Hijau Denassa ChIJcUTohz_fvi0RO8LpKcUmkGE harga tiket masuk"
2026-04-20 04:48:48 | DEBUG    |   [L1] Jumlah snippet: 5
2026-04-20 04:48:48 | DEBUG    |     Posisi kata tiket: []
2026-04-20 04:48:48 | DEBUG    |     Tidak ada kata tiket, fallback ke pencarian global.
2026-04-20 04:48:48 | DEBUG    |     [Lokasi] Tidak cocok — butuh salah satu dari: ['sulawesi selatan', 'kabupaten gowa', 'gowa']...
2026-04-20 04:48:48 | DEBUG    |   [L1] snippet 2: buang — tidak cocok lokasi alamat
2026-04-20 04:48:48 | DEBUG    |     [Lokasi] Tidak cocok — butuh salah satu dari: ['sulawesi selatan', 'kabupaten gowa', 'gowa']...
2026-04-20 04:48:48 | DEBUG    |   [L1] snippet 3: buang — tidak cocok lokasi alamat
2026-04-20 04:48:48 | DEBUG    |   [L1] Tidak ada harga di snippet | 4 URL untuk L2
2026-04-20 04:48:48 | DEBUG    |   [L1] Query: "Rumah Hijau Denassa Kabupaten Gowa Sulawesi Selatan harga tiket masuk"
2026-04-20 04:48:52 | DEBUG    |   [L1] Jumlah snippet: 5
2026-04-20 04:48:52 | DEBUG    |     Posisi kata tiket: [4378, 4451]
2026-04-20 04:48:52 | DEBUG    |     [Lokasi] Tidak cocok — butuh salah satu dari: ['sulawesi selatan', 'kabupaten gowa', 'gowa']...
2026-04-20 04:48:52 | DEBUG    |   [L1] snippet 2: buang — tidak cocok lokasi alamat
2026-04-20 04:48:52 | DEBUG    |     Posisi kata tiket: [76, 149]
2026-04-20 04:48:52 | DEBUG    |     Posisi kata tiket: []
2026-04-20 04:48:52 | DEBUG    |     Tidak ada kata tiket, fallback ke pencarian global.
2026-04-20 04:48:52 | DEBUG    |     [Lokasi] Tidak cocok — butuh salah satu dari: ['sulawesi selatan', 'kabupaten gowa', 'gowa']...
2026-04-20 04:48:52 | DEBUG    |   [L1] snippet 5: buang — tidak cocok lokasi alamat
2026-04-20 04:48:52 | DEBUG    |   [L1] Tidak ada harga di snippet | 5 URL untuk L2
2026-04-20 04:48:52 | DEBUG    |   [L1] Query: "Rumah Hijau Denassa Kabupaten Gowa Sulawesi Selatan HTM retribusi tiket masuk wisata"
2026-04-20 04:48:56 | DEBUG    |   [L1] Jumlah snippet: 5
2026-04-20 04:48:56 | DEBUG    |     Posisi kata tiket: []
2026-04-20 04:48:56 | DEBUG    |     Tidak ada kata tiket, fallback ke pencarian global.
2026-04-20 04:48:56 | DEBUG    |     Posisi kata tiket: [88]
2026-04-20 04:48:56 | DEBUG    |     Posisi kata tiket: []
2026-04-20 04:48:56 | DEBUG    |     Tidak ada kata tiket, fallback ke pencarian global.
2026-04-20 04:48:56 | DEBUG    |     Posisi kata tiket: []
2026-04-20 04:48:56 | DEBUG    |     Tidak ada kata tiket, fallback ke pencarian global.
2026-04-20 04:48:56 | DEBUG    |     Posisi kata tiket: []
2026-04-20 04:48:56 | DEBUG    |     Tidak ada kata tiket, fallback ke pencarian global.
2026-04-20 04:48:56 | DEBUG    |   [L1] Tidak ada harga di snippet | 5 URL untuk L2
2026-04-20 04:48:56 | DEBUG    |   [L2] Membuka: https://jadesta.kemenpar.go.id/desa/rumah_hijau_denassa
2026-04-20 04:49:16 | DEBUG    |   [L2] Timeout: https://jadesta.kemenpar.go.id/desa/rumah_hijau_denassa
2026-04-20 04:49:16 | DEBUG    |   [L2] Membuka: https://id.wikipedia.org/wiki/Rumah_Hijau_Denassa
2026-04-20 04:49:17 | DEBUG    |     Posisi kata tiket: []
2026-04-20 04:49:17 | DEBUG    |     Tidak ada kata tiket, fallback ke pencarian global.
2026-04-20 04:49:18 | DEBUG    |   [L2] Membuka: https://rumahhijaudenassa.org/
2026-04-20 04:49:20 | DEBUG    |     Posisi kata tiket: []
2026-04-20 04:49:20 | DEBUG    |     Tidak ada kata tiket, fallback ke pencarian global.
2026-04-20 04:49:21 | DEBUG    |   [L2] Membuka: https://www.kompasiana.com/kompaktawwa/58fbf054799773ed048b4569/memaknai-hari-bumi-di-rumah-hijau-denassa
2026-04-20 04:49:24 | DEBUG    |     [Lokasi] Tidak cocok — butuh salah satu dari: ['sulawesi selatan', 'kabupaten gowa', 'gowa']...
2026-04-20 04:49:24 | DEBUG    |   [L2] Tolak isi halaman — tidak ada bukti lokasi alamat: https://www.kompasiana.com/kompaktawwa/58fbf054799773ed048b4569/memaknai-hari-bumi-di-rumah-hijau-denassa
2026-04-20 04:49:24 | DEBUG    |   [L2] Membuka: https://hargacampur.com/harga-tiket-masuk-taman-topi-bogor/
2026-04-20 04:49:26 | DEBUG    |     [Lokasi] Tidak cocok — butuh salah satu dari: ['sulawesi selatan', 'kabupaten gowa', 'gowa']...
2026-04-20 04:49:26 | DEBUG    |   [L2] Tolak isi halaman — tidak ada bukti lokasi alamat: https://hargacampur.com/harga-tiket-masuk-taman-topi-bogor/
2026-04-20 04:49:26 | DEBUG    |   [L2] Membuka: https://www.celebes.co/rumah-hijau-denassa-gowa
2026-04-20 04:49:29 | DEBUG    |     Posisi kata tiket: [368, 3336, 4503]
2026-04-20 04:49:30 | DEBUG    |   [L3] Playwright coba 6 URL ...
2026-04-20 04:49:30 | DEBUG    |   [L3] Navigasi ke: https://jadesta.kemenpar.go.id/desa/rumah_hijau_denassa
2026-04-20 04:49:50 | DEBUG    |   [L3] Error (https://jadesta.kemenpar.go.id/desa/rumah_hijau_denassa): Page.goto: Timeout 20000ms exceeded.
Call log:
  - navigating to "https://jadesta.kemenpar.go.id/desa/rumah_hijau_denassa", waiting until "domcontentloaded"

2026-04-20 04:49:50 | DEBUG    |   [L3] Navigasi ke: https://id.wikipedia.org/wiki/Rumah_Hijau_Denassa
2026-04-20 04:49:51 | DEBUG    |     Posisi kata tiket: []
2026-04-20 04:49:51 | DEBUG    |     Tidak ada kata tiket, fallback ke pencarian global.
2026-04-20 04:49:51 | DEBUG    |   [L3] Navigasi ke: https://rumahhijaudenassa.org/
2026-04-20 04:49:55 | DEBUG    |     Posisi kata tiket: []
2026-04-20 04:49:55 | DEBUG    |     Tidak ada kata tiket, fallback ke pencarian global.
2026-04-20 04:49:55 | DEBUG    |   [L3] Navigasi ke: https://www.kompasiana.com/kompaktawwa/58fbf054799773ed048b4569/memaknai-hari-bumi-di-rumah-hijau-denassa
2026-04-20 04:49:58 | DEBUG    |     [Lokasi] Tidak cocok — butuh salah satu dari: ['sulawesi selatan', 'kabupaten gowa', 'gowa']...
2026-04-20 04:49:58 | DEBUG    |   [L3] Tolak — tidak ada bukti lokasi alamat: https://www.kompasiana.com/kompaktawwa/58fbf054799773ed048b4569/memaknai-hari-bumi-di-rumah-hijau-denassa
2026-04-20 04:49:58 | DEBUG    |   [L3] Navigasi ke: https://hargacampur.com/harga-tiket-masuk-taman-topi-bogor/
2026-04-20 04:49:58 | DEBUG    |     [Lokasi] Tidak cocok — butuh salah satu dari: ['sulawesi selatan', 'kabupaten gowa', 'gowa']...
2026-04-20 04:49:58 | DEBUG    |   [L3] Tolak — tidak ada bukti lokasi alamat: https://hargacampur.com/harga-tiket-masuk-taman-topi-bogor/
2026-04-20 04:49:58 | DEBUG    |   [L3] Navigasi ke: https://www.celebes.co/rumah-hijau-denassa-gowa
2026-04-20 04:50:01 | DEBUG    |     Posisi kata tiket: [521, 1753, 3635, 4816]
2026-04-20 04:50:01 | DEBUG    |   >> Semua level gagal — NULL.
2026-04-20 04:50:01 | INFO     | [  146/2708] [NULL]  'Rumah Hijau Denassa' -> tidak ditemukan
2026-04-20 04:50:03 | INFO     | [  147/2708] [SKIP]  'Pantai Pulisan Sulawesi Utara' -> Rp 5,000
2026-04-20 04:50:03 | INFO     | [  148/2708] [SKIP]  'Planet Waterboom' -> Rp 38,500
2026-04-20 04:50:03 | INFO     | [  149/2708] [SKIP]  'Pantai Labombo' -> Rp 15,000
2026-04-20 04:50:03 | INFO     | [  150/2708] [SKIP]  'Anjungan Cempae' -> Rp 1,500
2026-04-20 04:50:03 | INFO     | [  151/2708] [SKIP]  'Air Terjun Salodik' -> Rp 15,000
2026-04-20 04:50:03 | INFO     | [  152/2708] [SKIP]  'Pantai Jiko / Patokan' -> Rp 2,000
2026-04-20 04:50:03 | INFO     | [  153/2708] [CARI]  'Permandian Malotong' (Wisata Alam)
2026-04-20 04:50:03 | DEBUG    |   Lokasi: '' | 'Sulawesi Tengah'
2026-04-20 04:50:03 | DEBUG    |   Jarum geolokasi: ['sulawesi tengah']
2026-04-20 04:50:03 | DEBUG    |   Batas harga (Wisata Alam): Rp 75,000
2026-04-20 04:50:03 | DEBUG    |   [L1] Query: "Permandian Malotong ChIJ1TbgjsKliC0RdM5c5qajz8k harga tiket masuk"
2026-04-20 04:50:07 | DEBUG    |   [L1] Jumlah snippet: 5
2026-04-20 04:50:07 | DEBUG    |   [L1] Tidak ada harga di snippet | 4 URL untuk L2
2026-04-20 04:50:07 | DEBUG    |   [L1] Query: "Permandian Malotong Sulawesi Tengah harga tiket masuk"
2026-04-20 04:50:14 | DEBUG    |   [L1] Jumlah snippet: 5
2026-04-20 04:50:14 | DEBUG    |     Posisi kata tiket: []
2026-04-20 04:50:14 | DEBUG    |     Tidak ada kata tiket, fallback ke pencarian global.
2026-04-20 04:50:14 | DEBUG    |     Posisi kata tiket: []
2026-04-20 04:50:14 | DEBUG    |     Tidak ada kata tiket, fallback ke pencarian global.
2026-04-20 04:50:14 | DEBUG    |     Posisi kata tiket: []
2026-04-20 04:50:14 | DEBUG    |     Tidak ada kata tiket, fallback ke pencarian global.
2026-04-20 04:50:14 | DEBUG    |     Posisi kata tiket: []
2026-04-20 04:50:14 | DEBUG    |     Tidak ada kata tiket, fallback ke pencarian global.
2026-04-20 04:50:14 | DEBUG    |     Posisi kata tiket: [0, 235, 252]
2026-04-20 04:50:14 | DEBUG    |   [L1] Tidak ada harga di snippet | 5 URL untuk L2
2026-04-20 04:50:14 | DEBUG    |   [L1] Query: "Permandian Malotong Sulawesi Tengah HTM retribusi tiket masuk wisata"
2026-04-20 04:50:18 | DEBUG    |   [L1] Jumlah snippet: 5
2026-04-20 04:50:18 | DEBUG    |     Posisi kata tiket: []
2026-04-20 04:50:18 | DEBUG    |     Tidak ada kata tiket, fallback ke pencarian global.
2026-04-20 04:50:18 | DEBUG    |     Posisi kata tiket: []
2026-04-20 04:50:18 | DEBUG    |     Tidak ada kata tiket, fallback ke pencarian global.
2026-04-20 04:50:18 | DEBUG    |     Posisi kata tiket: []
2026-04-20 04:50:18 | DEBUG    |     Tidak ada kata tiket, fallback ke pencarian global.
2026-04-20 04:50:18 | DEBUG    |     Posisi kata tiket: []
2026-04-20 04:50:18 | DEBUG    |     Tidak ada kata tiket, fallback ke pencarian global.
2026-04-20 04:50:18 | DEBUG    |     [Lokasi] Tidak cocok — butuh salah satu dari: ['sulawesi tengah']...
2026-04-20 04:50:18 | DEBUG    |   [L1] snippet 5: buang — tidak cocok lokasi alamat
2026-04-20 04:50:18 | DEBUG    |   [L1] Tidak ada harga di snippet | 5 URL untuk L2
2026-04-20 04:50:18 | DEBUG    |   [L2] Membuka: https://jadesta.kemenparekraf.go.id/desa/permandian_alami_malotong
2026-04-20 04:50:21 | DEBUG    |   [L2] Error (https://jadesta.kemenparekraf.go.id/desa/permandian_alami_malotong): HTTPSConnectionPool(host='jadesta.kemenparekraf.go.id', port=443): Max retries exceeded with url: /desa/permandian_alami_malotong (Caused by NameResolutionError("HTTPSConnection(host='jadesta.kemenparekraf.go.id', port=443): Failed to resolve 'jadesta.kemenparekraf.go.id' ([Errno 11002] getaddrinfo failed)"))
2026-04-20 04:50:21 | DEBUG    |   [L2] Membuka: https://pariwisata.sultengprov.go.id/data-pariwisata/destinasi-pariwisata/daya-tarik-wisata/dtw-kabupaten-tojo-una-una/98-permandian-malotong.html
2026-04-20 04:50:22 | DEBUG    |     Posisi kata tiket: []
2026-04-20 04:50:22 | DEBUG    |     Tidak ada kata tiket, fallback ke pencarian global.
2026-04-20 04:50:23 | DEBUG    |   [L2] Membuka: https://pomogalka.me/6-klass/matematika/vilenkin-prosveshchenie/nomer-5-124/
2026-04-20 04:50:25 | DEBUG    |     [Lokasi] Tidak cocok — butuh salah satu dari: ['sulawesi tengah']...
2026-04-20 04:50:25 | DEBUG    |   [L2] Tolak isi halaman — tidak ada bukti lokasi alamat: https://pomogalka.me/6-klass/matematika/vilenkin-prosveshchenie/nomer-5-124/
2026-04-20 04:50:25 | DEBUG    |   [L2] Membuka: https://5play.cloud/car-parking-multiplayer-2/
2026-04-20 04:50:26 | DEBUG    |     [Lokasi] Tidak cocok — butuh salah satu dari: ['sulawesi tengah']...
2026-04-20 04:50:26 | DEBUG    |   [L2] Tolak isi halaman — tidak ada bukti lokasi alamat: https://5play.cloud/car-parking-multiplayer-2/
2026-04-20 04:50:26 | DEBUG    |   [L2] Membuka: https://www.google.com/
2026-04-20 04:50:27 | DEBUG    |     [Lokasi] Tidak cocok — butuh salah satu dari: ['sulawesi tengah']...
2026-04-20 04:50:27 | DEBUG    |   [L2] Tolak isi halaman — tidak ada bukti lokasi alamat: https://www.google.com/
2026-04-20 04:50:27 | DEBUG    |   [L2] Membuka: https://rutube.ru/video/f13cc64ce3395703770b553b6c8eb9b8/
2026-04-20 04:50:30 | DEBUG    |     [Lokasi] Tidak cocok — butuh salah satu dari: ['sulawesi tengah']...
2026-04-20 04:50:30 | DEBUG    |   [L2] Tolak isi halaman — tidak ada bukti lokasi alamat: https://rutube.ru/video/f13cc64ce3395703770b553b6c8eb9b8/
2026-04-20 04:50:30 | DEBUG    |   [L3] Playwright coba 6 URL ...
2026-04-20 04:50:30 | DEBUG    |   [L3] Navigasi ke: https://jadesta.kemenparekraf.go.id/desa/permandian_alami_malotong
2026-04-20 04:50:33 | DEBUG    |   [L3] Error (https://jadesta.kemenparekraf.go.id/desa/permandian_alami_malotong): Page.goto: net::ERR_NAME_NOT_RESOLVED at https://jadesta.kemenparekraf.go.id/desa/permandian_alami_malotong
Call log:
  - navigating to "https://jadesta.kemenparekraf.go.id/desa/permandian_alami_malotong", waiting until "domcontentloaded"

2026-04-20 04:50:33 | DEBUG    |   [L3] Navigasi ke: https://pariwisata.sultengprov.go.id/data-pariwisata/destinasi-pariwisata/daya-tarik-wisata/dtw-kabupaten-tojo-una-una/98-permandian-malotong.html
2026-04-20 04:50:34 | DEBUG    |   [L3] Error (https://pariwisata.sultengprov.go.id/data-pariwisata/destinasi-pariwisata/daya-tarik-wisata/dtw-kabupaten-tojo-una-una/98-permandian-malotong.html): Page.goto: Navigation to "https://pariwisata.sultengprov.go.id/data-pariwisata/destinasi-pariwisata/daya-tarik-wisata/dtw-kabupaten-tojo-una-una/98-permandian-malotong.html" is interrupted by another navigation to "chrome-error://chromewebdata/"
Call log:
  - navigating to "https://pariwisata.sultengprov.go.id/data-pariwisata/destinasi-pariwisata/daya-tarik-wisata/dtw-kabupaten-tojo-una-una/98-permandian-malotong.html", waiting until "domcontentloaded"

2026-04-20 04:50:34 | DEBUG    |   [L3] Navigasi ke: https://pomogalka.me/6-klass/matematika/vilenkin-prosveshchenie/nomer-5-124/
2026-04-20 04:50:35 | DEBUG    |   [L3] Error (https://pomogalka.me/6-klass/matematika/vilenkin-prosveshchenie/nomer-5-124/): Page.goto: Navigation to "https://pomogalka.me/6-klass/matematika/vilenkin-prosveshchenie/nomer-5-124/" is interrupted by another navigation to "https://pariwisata.sultengprov.go.id/data-pariwisata/destinasi-pariwisata/daya-tarik-wisata/dtw-kabupaten-tojo-una-una/98-permandian-malotong.html"
Call log:
  - navigating to "https://pomogalka.me/6-klass/matematika/vilenkin-prosveshchenie/nomer-5-124/", waiting until "domcontentloaded"

2026-04-20 04:50:35 | DEBUG    |   [L3] Navigasi ke: https://5play.cloud/car-parking-multiplayer-2/
2026-04-20 04:50:36 | DEBUG    |   [L3] Error (https://5play.cloud/car-parking-multiplayer-2/): Page.goto: Navigation to "https://5play.cloud/car-parking-multiplayer-2/" is interrupted by another navigation to "https://pomogalka.me/6-klass/matematika/vilenkin-prosveshchenie/nomer-5-124/"
Call log:
  - navigating to "https://5play.cloud/car-parking-multiplayer-2/", waiting until "domcontentloaded"

2026-04-20 04:50:36 | DEBUG    |   [L3] Navigasi ke: https://www.google.com/
2026-04-20 04:50:36 | DEBUG    |   [L3] Error (https://www.google.com/): Page.goto: Navigation to "https://www.google.com/" is interrupted by another navigation to "https://5play.cloud/car-parking-multiplayer-2/"
Call log:
  - navigating to "https://www.google.com/", waiting until "domcontentloaded"

2026-04-20 04:50:36 | DEBUG    |   [L3] Navigasi ke: https://rutube.ru/video/f13cc64ce3395703770b553b6c8eb9b8/
2026-04-20 04:50:38 | DEBUG    |   [L3] Error (https://rutube.ru/video/f13cc64ce3395703770b553b6c8eb9b8/): Page.goto: Navigation to "https://rutube.ru/video/f13cc64ce3395703770b553b6c8eb9b8/" is interrupted by another navigation to "https://www.google.com/"
Call log:
  - navigating to "https://rutube.ru/video/f13cc64ce3395703770b553b6c8eb9b8/", waiting until "domcontentloaded"

2026-04-20 04:50:38 | DEBUG    |   >> Semua level gagal — NULL.
2026-04-20 04:50:38 | INFO     | [  153/2708] [NULL]  'Permandian Malotong' -> tidak ditemukan
2026-04-20 04:50:40 | INFO     | [  154/2708] [SKIP]  'Pinrang Waterboom' -> Rp 10,000
2026-04-20 04:50:40 | INFO     | [  155/2708] [SKIP]  'Pantai Laguna' -> Rp 0
2026-04-20 04:50:40 | INFO     | [  156/2708] [SKIP]  'Hutan Kota Bulukumba' -> Rp 10,000
2026-04-20 04:50:40 | INFO     | [  157/2708] [CARI]  'Goa Air Kontamale' (Wisata Kota / Landmark)
2026-04-20 04:50:40 | DEBUG    |   Lokasi: 'Kabupaten Wakatobi' | 'Sulawesi Tenggara'
2026-04-20 04:50:40 | DEBUG    |   Jarum geolokasi: ['sulawesi tenggara', 'kabupaten wakatobi', 'wakatobi']
2026-04-20 04:50:40 | DEBUG    |   Batas harga (Wisata Kota / Landmark): Rp 100,000
2026-04-20 04:50:40 | DEBUG    |   [L1] Query: "Goa Air Kontamale ChIJoefGjHszoS0RRZbKItzZJ2k harga tiket masuk"
2026-04-20 04:50:49 | DEBUG    |   [L1] DDGS percobaan 1/2: ConnectError: ConnectError('error sending request for url (https://html.duckduckgo.com/html/)', 'https://html.duckduckgo.com/html/')
2026-04-20 04:50:57 | DEBUG    |   [L1] Jumlah snippet: 5
2026-04-20 04:50:57 | DEBUG    |     Posisi kata tiket: []
2026-04-20 04:50:57 | DEBUG    |     Tidak ada kata tiket, fallback ke pencarian global.
2026-04-20 04:50:57 | DEBUG    |     [Lokasi] Tidak cocok — butuh salah satu dari: ['sulawesi tenggara', 'kabupaten wakatobi', 'wakatobi']...
2026-04-20 04:50:57 | DEBUG    |   [L1] snippet 2: buang — tidak cocok lokasi alamat
2026-04-20 04:50:57 | DEBUG    |     Posisi kata tiket: []
2026-04-20 04:50:57 | DEBUG    |     Tidak ada kata tiket, fallback ke pencarian global.
2026-04-20 04:50:57 | DEBUG    |     Posisi kata tiket: []
2026-04-20 04:50:57 | DEBUG    |     Tidak ada kata tiket, fallback ke pencarian global.
2026-04-20 04:50:57 | DEBUG    |   [L1] Tidak ada harga di snippet | 4 URL untuk L2
2026-04-20 04:50:57 | DEBUG    |   [L1] Query: "Goa Air Kontamale Kabupaten Wakatobi Sulawesi Tenggara harga tiket masuk"
2026-04-20 04:51:01 | DEBUG    |   [L1] Jumlah snippet: 5
2026-04-20 04:51:01 | DEBUG    |     Posisi kata tiket: []
2026-04-20 04:51:01 | DEBUG    |     Tidak ada kata tiket, fallback ke pencarian global.
2026-04-20 04:51:01 | DEBUG    |     [Lokasi] Tidak cocok — butuh salah satu dari: ['sulawesi tenggara', 'kabupaten wakatobi', 'wakatobi']...
2026-04-20 04:51:01 | DEBUG    |   [L1] snippet 2: buang — tidak cocok lokasi alamat
2026-04-20 04:51:01 | DEBUG    |     Posisi kata tiket: []
2026-04-20 04:51:01 | DEBUG    |     Tidak ada kata tiket, fallback ke pencarian global.
2026-04-20 04:51:01 | DEBUG    |     Posisi kata tiket: []
2026-04-20 04:51:01 | DEBUG    |     Tidak ada kata tiket, fallback ke pencarian global.
2026-04-20 04:51:01 | DEBUG    |     Posisi kata tiket: []
2026-04-20 04:51:01 | DEBUG    |     Tidak ada kata tiket, fallback ke pencarian global.
2026-04-20 04:51:01 | DEBUG    |   [L1] Tidak ada harga di snippet | 5 URL untuk L2
2026-04-20 04:51:01 | DEBUG    |   [L1] Query: "Goa Air Kontamale Kabupaten Wakatobi Sulawesi Tenggara HTM retribusi tiket masuk wisata"
2026-04-20 04:51:07 | DEBUG    |   [L1] Jumlah snippet: 5
2026-04-20 04:51:07 | DEBUG    |     [Lokasi] Tidak cocok — butuh salah satu dari: ['sulawesi tenggara', 'kabupaten wakatobi', 'wakatobi']...
2026-04-20 04:51:07 | DEBUG    |   [L1] snippet 1: buang — tidak cocok lokasi alamat
2026-04-20 04:51:07 | DEBUG    |     Posisi kata tiket: []
2026-04-20 04:51:07 | DEBUG    |     Tidak ada kata tiket, fallback ke pencarian global.
2026-04-20 04:51:07 | DEBUG    |     Posisi kata tiket: []
2026-04-20 04:51:07 | DEBUG    |     Tidak ada kata tiket, fallback ke pencarian global.
2026-04-20 04:51:07 | DEBUG    |     Posisi kata tiket: []
2026-04-20 04:51:07 | DEBUG    |     Tidak ada kata tiket, fallback ke pencarian global.
2026-04-20 04:51:07 | DEBUG    |     Posisi kata tiket: []
2026-04-20 04:51:07 | DEBUG    |     Tidak ada kata tiket, fallback ke pencarian global.
2026-04-20 04:51:07 | DEBUG    |   [L1] Tidak ada harga di snippet | 5 URL untuk L2
2026-04-20 04:51:07 | DEBUG    |   [L2] Membuka: https://20.detik.com/spot-wisata/20250802-250802084/menikmati-spot-healing-alam-di-mata-air-goa-kontamale-sulawesi-tenggara
2026-04-20 04:51:08 | DEBUG    |     Posisi kata tiket: []
2026-04-20 04:51:08 | DEBUG    |     Tidak ada kata tiket, fallback ke pencarian global.
2026-04-20 04:51:09 | DEBUG    |   [L2] Membuka: https://travel.kompas.com/read/2017/11/11/183000327/kaum-jomblo-coba-liburan-ke-goa-kontamale-konon-bikin-enteng-jodoh
2026-04-20 04:51:10 | DEBUG    |     Posisi kata tiket: [5776]
2026-04-20 04:51:11 | DEBUG    |   [L2] Membuka: https://20.detik.com/spot-wisata/20250726-250726022/menjelajahi-goa-mata-air-kontamale-yang-menarik-di-sulawesi-tenggara
2026-04-20 04:51:11 | DEBUG    |     Posisi kata tiket: []
2026-04-20 04:51:11 | DEBUG    |     Tidak ada kata tiket, fallback ke pencarian global.
2026-04-20 04:51:12 | DEBUG    |   [L2] Membuka: https://radarmadura.jawapos.com/food-travel/745925014/wisata-goa-kontamale-di-wangi-wangi-surga-alam-yang-mengagumkan
2026-04-20 04:51:14 | DEBUG    |     [Lokasi] Tidak cocok — butuh salah satu dari: ['sulawesi tenggara', 'kabupaten wakatobi', 'wakatobi']...
2026-04-20 04:51:14 | DEBUG    |   [L2] Tolak isi halaman — tidak ada bukti lokasi alamat: https://radarmadura.jawapos.com/food-travel/745925014/wisata-goa-kontamale-di-wangi-wangi-surga-alam-yang-mengagumkan
2026-04-20 04:51:14 | DEBUG    |   [L2] Membuka: https://evendo.com/locations/indonesia/pulau-wakatobi/attraction/goa-air-kontamale
2026-04-20 04:51:15 | DEBUG    |     Posisi kata tiket: []
2026-04-20 04:51:15 | DEBUG    |     Tidak ada kata tiket, fallback ke pencarian global.
2026-04-20 04:51:16 | DEBUG    |   [L2] Membuka: https://www.jawapos.com/travelling/2301190004/5-tempat-wisata-alam-wakatobi-ideal-untuk-kegiatan-diving
2026-04-20 04:51:18 | DEBUG    |     [Gratis] Frasa eksplisit ditemukan.
2026-04-20 04:51:18 | DEBUG    |   [L2] Gratis terdeteksi di https://www.jawapos.com/travelling/2301190004/5-tempat-wisata-alam-wakatobi-ideal-untuk-kegiatan-diving
2026-04-20 04:51:18 | DEBUG    |   >> Ditemukan di L2: Rp 0
2026-04-20 04:51:18 | INFO     | [  157/2708] [OK]    'Goa Air Kontamale' -> Rp 0 (Gratis) [L2] https://www.jawapos.com/travelling/2301190004/5-tempat-wisata-alam-wak
2026-04-20 04:51:20 | INFO     | [  158/2708] [SKIP]  'Pantai Bonebula' -> Rp 1,000
2026-04-20 04:51:20 | INFO     | [  159/2708] [CARI]  'Pantai Bambahano' (Wisata Alam)
2026-04-20 04:51:20 | DEBUG    |   Lokasi: 'Kabupaten Donggala' | 'Sulawesi Tengah'
2026-04-20 04:51:20 | DEBUG    |   Jarum geolokasi: ['sulawesi tengah', 'kabupaten donggala', 'donggala']
2026-04-20 04:51:20 | DEBUG    |   Batas harga (Wisata Alam): Rp 75,000
2026-04-20 04:51:20 | DEBUG    |   [L1] Query: "Pantai Bambahano ChIJga-116_rdTIRWxyR3FGPBO0 harga tiket masuk"
2026-04-20 04:51:23 | DEBUG    |   [L1] Jumlah snippet: 5
2026-04-20 04:51:23 | DEBUG    |     Posisi kata tiket: []
2026-04-20 04:51:23 | DEBUG    |     Tidak ada kata tiket, fallback ke pencarian global.
2026-04-20 04:51:23 | DEBUG    |     Posisi kata tiket: [136]
2026-04-20 04:51:23 | DEBUG    |   [L1] Tidak ada harga di snippet | 5 URL untuk L2
2026-04-20 04:51:23 | DEBUG    |   [L1] Query: "Pantai Bambahano Kabupaten Donggala Sulawesi Tengah harga tiket masuk"
2026-04-20 04:51:25 | DEBUG    |   [L1] Jumlah snippet: 5
2026-04-20 04:51:25 | DEBUG    |     Posisi kata tiket: [229]
2026-04-20 04:51:25 | DEBUG    |     Jendela mengandung kata akomodasi, dilewati.
2026-04-20 04:51:25 | DEBUG    |     Posisi kata tiket: [136]
2026-04-20 04:51:25 | DEBUG    |     Posisi kata tiket: []
2026-04-20 04:51:25 | DEBUG    |     Tidak ada kata tiket, fallback ke pencarian global.
2026-04-20 04:51:25 | DEBUG    |   [L1] Tidak ada harga di snippet | 3 URL untuk L2
2026-04-20 04:51:25 | DEBUG    |   [L1] Query: "Pantai Bambahano Kabupaten Donggala Sulawesi Tengah HTM retribusi tiket masuk wisata"
2026-04-20 04:51:30 | DEBUG    |   [L1] Jumlah snippet: 5
2026-04-20 04:51:30 | DEBUG    |     Posisi kata tiket: []
2026-04-20 04:51:30 | DEBUG    |     Tidak ada kata tiket, fallback ke pencarian global.
2026-04-20 04:51:30 | DEBUG    |     Posisi kata tiket: []
2026-04-20 04:51:30 | DEBUG    |     Tidak ada kata tiket, fallback ke pencarian global.
2026-04-20 04:51:30 | DEBUG    |     Posisi kata tiket: []
2026-04-20 04:51:30 | DEBUG    |     Tidak ada kata tiket, fallback ke pencarian global.
2026-04-20 04:51:30 | DEBUG    |     Posisi kata tiket: []
2026-04-20 04:51:30 | DEBUG    |     Tidak ada kata tiket, fallback ke pencarian global.
2026-04-20 04:51:30 | DEBUG    |     Posisi kata tiket: []
2026-04-20 04:51:30 | DEBUG    |     Tidak ada kata tiket, fallback ke pencarian global.
2026-04-20 04:51:30 | DEBUG    |   [L1] Tidak ada harga di snippet | 4 URL untuk L2
2026-04-20 04:51:30 | DEBUG    |   [L2] Membuka: https://pariwisata.sultengprov.go.id/data-pariwisata/daya-tarik-wisata/dtw-kabupaten-donggala/74-pantai-bambahano-bambarano.html
2026-04-20 04:51:31 | DEBUG    |     Posisi kata tiket: [1663]
2026-04-20 04:51:31 | DEBUG    |     Jendela mengandung kata akomodasi, dilewati.
2026-04-20 04:51:32 | DEBUG    |   [L2] Membuka: https://www.detik.com/bali/nusra/d-8430223/pantai-mbawana-sumba-rute-tiket-masuk-dan-daya-tariknya
2026-04-20 04:51:34 | DEBUG    |     [Lokasi] Tidak cocok — butuh salah satu dari: ['sulawesi tengah', 'kabupaten donggala', 'donggala']...
2026-04-20 04:51:34 | DEBUG    |   [L2] Tolak isi halaman — tidak ada bukti lokasi alamat: https://www.detik.com/bali/nusra/d-8430223/pantai-mbawana-sumba-rute-tiket-masuk-dan-daya-tariknya
2026-04-20 04:51:34 | DEBUG    |   [L2] Membuka: https://travel.kompas.com/read/2026/04/19/193536527/panduan-wisata-ke-pantai-pandawa-bali-cek-tiket-masuk-2026-dan-fasilitasnya
2026-04-20 04:51:34 | DEBUG    |     [Lokasi] Tidak cocok — butuh salah satu dari: ['sulawesi tengah', 'kabupaten donggala', 'donggala']...
2026-04-20 04:51:34 | DEBUG    |   [L2] Tolak isi halaman — tidak ada bukti lokasi alamat: https://travel.kompas.com/read/2026/04/19/193536527/panduan-wisata-ke-pantai-pandawa-bali-cek-tiket-masuk-2026-dan-fasilitasnya
2026-04-20 04:51:34 | DEBUG    |   [L2] Membuka: https://superapps.kompas.com/read/2758678/travel-update-jelajah-pantai-bambahano-tempat-wisata-di-sulawesi-tengah-untuk-liburan-akhir-pekan
2026-04-20 04:51:35 | DEBUG    |     Posisi kata tiket: []
2026-04-20 04:51:35 | DEBUG    |     Tidak ada kata tiket, fallback ke pencarian global.
2026-04-20 04:51:36 | DEBUG    |   [L2] Membuka: https://sabang.digitaldesa.id/wisata/pantai-bambahano
2026-04-20 04:51:37 | DEBUG    |     Posisi kata tiket: []
2026-04-20 04:51:37 | DEBUG    |     Tidak ada kata tiket, fallback ke pencarian global.
2026-04-20 04:51:38 | DEBUG    |   [L2] Membuka: https://radartulungagung.jawapos.com/wisata/2601280004/update-pantai-pandawa-bali-terkini-harga-tiket-masuk-jalur-baru-tebing-ikonik-hingga-suasana-sore-hari-yang-kian-ramai-wisatawan
2026-04-20 04:51:39 | DEBUG    |     [Lokasi] Tidak cocok — butuh salah satu dari: ['sulawesi tengah', 'kabupaten donggala', 'donggala']...
2026-04-20 04:51:39 | DEBUG    |   [L2] Tolak isi halaman — tidak ada bukti lokasi alamat: https://radartulungagung.jawapos.com/wisata/2601280004/update-pantai-pandawa-bali-terkini-harga-tiket-masuk-jalur-baru-tebing-ikonik-hingga-suasana-sore-hari-yang-kian-ramai-wisatawan
2026-04-20 04:51:39 | DEBUG    |   [L3] Playwright coba 6 URL ...
2026-04-20 04:51:39 | DEBUG    |   [L3] Navigasi ke: https://pariwisata.sultengprov.go.id/data-pariwisata/daya-tarik-wisata/dtw-kabupaten-donggala/74-pantai-bambahano-bambarano.html
2026-04-20 04:51:40 | DEBUG    |     Posisi kata tiket: [1689]
2026-04-20 04:51:40 | DEBUG    |     Jendela mengandung kata akomodasi, dilewati.
2026-04-20 04:51:40 | DEBUG    |   [L3] Navigasi ke: https://www.detik.com/bali/nusra/d-8430223/pantai-mbawana-sumba-rute-tiket-masuk-dan-daya-tariknya
2026-04-20 04:51:41 | DEBUG    |     [Lokasi] Tidak cocok — butuh salah satu dari: ['sulawesi tengah', 'kabupaten donggala', 'donggala']...
2026-04-20 04:51:41 | DEBUG    |   [L3] Tolak — tidak ada bukti lokasi alamat: https://www.detik.com/bali/nusra/d-8430223/pantai-mbawana-sumba-rute-tiket-masuk-dan-daya-tariknya
2026-04-20 04:51:41 | DEBUG    |   [L3] Navigasi ke: https://travel.kompas.com/read/2026/04/19/193536527/panduan-wisata-ke-pantai-pandawa-bali-cek-tiket-masuk-2026-dan-fasilitasnya
2026-04-20 04:51:42 | DEBUG    |     [Lokasi] Tidak cocok — butuh salah satu dari: ['sulawesi tengah', 'kabupaten donggala', 'donggala']...
2026-04-20 04:51:42 | DEBUG    |   [L3] Tolak — tidak ada bukti lokasi alamat: https://travel.kompas.com/read/2026/04/19/193536527/panduan-wisata-ke-pantai-pandawa-bali-cek-tiket-masuk-2026-dan-fasilitasnya
2026-04-20 04:51:42 | DEBUG    |   [L3] Navigasi ke: https://superapps.kompas.com/read/2758678/travel-update-jelajah-pantai-bambahano-tempat-wisata-di-sulawesi-tengah-untuk-liburan-akhir-pekan
2026-04-20 04:51:44 | DEBUG    |     Posisi kata tiket: []
2026-04-20 04:51:44 | DEBUG    |     Tidak ada kata tiket, fallback ke pencarian global.
2026-04-20 04:51:44 | DEBUG    |   [L3] Navigasi ke: https://sabang.digitaldesa.id/wisata/pantai-bambahano
2026-04-20 04:51:46 | DEBUG    |     Posisi kata tiket: []
2026-04-20 04:51:46 | DEBUG    |     Tidak ada kata tiket, fallback ke pencarian global.
2026-04-20 04:51:46 | DEBUG    |   [L3] Navigasi ke: https://radartulungagung.jawapos.com/wisata/2601280004/update-pantai-pandawa-bali-terkini-harga-tiket-masuk-jalur-baru-tebing-ikonik-hingga-suasana-sore-hari-yang-kian-ramai-wisatawan
2026-04-20 04:51:48 | DEBUG    |     [Lokasi] Tidak cocok — butuh salah satu dari: ['sulawesi tengah', 'kabupaten donggala', 'donggala']...
2026-04-20 04:51:48 | DEBUG    |   [L3] Tolak — tidak ada bukti lokasi alamat: https://radartulungagung.jawapos.com/wisata/2601280004/update-pantai-pandawa-bali-terkini-harga-tiket-masuk-jalur-baru-tebing-ikonik-hingga-suasana-sore-hari-yang-kian-ramai-wisatawan
2026-04-20 04:51:48 | DEBUG    |   >> Semua level gagal — NULL.
2026-04-20 04:51:48 | INFO     | [  159/2708] [NULL]  'Pantai Bambahano' -> tidak ditemukan
2026-04-20 04:51:50 | INFO     | [  160/2708] [CARI]  'Wisata Kali Biru' (Wisata Kota / Landmark)
2026-04-20 04:51:50 | DEBUG    |   Lokasi: 'Kabupaten Buton' | 'Sulawesi Tenggara'
2026-04-20 04:51:50 | DEBUG    |   Jarum geolokasi: ['sulawesi tenggara', 'kabupaten buton', 'buton']
2026-04-20 04:51:50 | DEBUG    |   Batas harga (Wisata Kota / Landmark): Rp 100,000
2026-04-20 04:51:50 | DEBUG    |   [L1] Query: "Wisata Kali Biru ChIJsZOU3EcOpC0RPSmqo-GnCkU harga tiket masuk"
2026-04-20 04:51:52 | DEBUG    |   [L1] Jumlah snippet: 5
2026-04-20 04:51:52 | DEBUG    |     [Lokasi] Tidak cocok — butuh salah satu dari: ['sulawesi tenggara', 'kabupaten buton', 'buton']...
2026-04-20 04:51:52 | DEBUG    |   [L1] snippet 1: buang — tidak cocok lokasi alamat
2026-04-20 04:51:52 | DEBUG    |     Posisi kata tiket: []
2026-04-20 04:51:52 | DEBUG    |     Tidak ada kata tiket, fallback ke pencarian global.
2026-04-20 04:51:52 | DEBUG    |     [Lokasi] Tidak cocok — butuh salah satu dari: ['sulawesi tenggara', 'kabupaten buton', 'buton']...
2026-04-20 04:51:52 | DEBUG    |   [L1] snippet 3: buang — tidak cocok lokasi alamat
2026-04-20 04:51:52 | DEBUG    |   [L1] Tidak ada harga di snippet | 4 URL untuk L2
2026-04-20 04:51:52 | DEBUG    |   [L1] Query: "Wisata Kali Biru Kabupaten Buton Sulawesi Tenggara harga tiket masuk"
2026-04-20 04:51:56 | DEBUG    |   [L1] Jumlah snippet: 5
2026-04-20 04:51:56 | DEBUG    |     [Lokasi] Tidak cocok — butuh salah satu dari: ['sulawesi tenggara', 'kabupaten buton', 'buton']...
2026-04-20 04:51:56 | DEBUG    |   [L1] snippet 1: buang — tidak cocok lokasi alamat
2026-04-20 04:51:56 | DEBUG    |     Posisi kata tiket: []
2026-04-20 04:51:56 | DEBUG    |     Tidak ada kata tiket, fallback ke pencarian global.
2026-04-20 04:51:56 | DEBUG    |     Posisi kata tiket: []
2026-04-20 04:51:56 | DEBUG    |     Tidak ada kata tiket, fallback ke pencarian global.
2026-04-20 04:51:56 | DEBUG    |     Kandidat valid: [10000], dipilih: Rp 10,000
2026-04-20 04:51:56 | DEBUG    |   [L1] snippet 3: kandidat Rp 10,000
2026-04-20 04:51:56 | DEBUG    |   [L1] Harga terpilih: 10000 | sumber: https://www.saburomedia.com/2020/07/15/kali-biru-jadi-ikon-wisata-di-buton/ | 5 URL relevan
2026-04-20 04:51:56 | DEBUG    |   >> Ditemukan di L1: Rp 10,000
2026-04-20 04:51:56 | INFO     | [  160/2708] [OK]    'Wisata Kali Biru' -> Rp 10,000 (Sedang) [L1] https://www.saburomedia.com/2020/07/15/kali-biru-jadi-ikon-wisata-di-b
2026-04-20 04:51:58 | INFO     | [  161/2708] [SKIP]  'Wisata Mangrove Lantebung' -> Rp 0
2026-04-20 04:51:58 | INFO     | [  162/2708] [SKIP]  'Anjungan Pantai Losari' -> Rp 0
2026-04-20 04:51:58 | INFO     | [  163/2708] [SKIP]  'Kai'santi Garden' -> Rp 25,000
2026-04-20 04:51:58 | INFO     | [  164/2708] [SKIP]  'Benteng Moraya' -> Rp 5,000
2026-04-20 04:51:58 | INFO     | [  165/2708] [SKIP]  'Museum Ne' Gandeng' -> Rp 10,000
2026-04-20 04:51:58 | INFO     | [  166/2708] [SKIP]  'Bendung Benteng' -> Rp 5,000
2026-04-20 04:51:58 | INFO     | [  167/2708] [SKIP]  'Monumen Korban 40.000 Jiwa' -> Rp 10,000
2026-04-20 04:51:58 | INFO     | [  168/2708] [SKIP]  'Maros Highland' -> Rp 15,000
2026-04-20 04:51:58 | INFO     | [  169/2708] [SKIP]  'Air Terjun Pialaa' -> Rp 1,000
2026-04-20 04:51:58 | INFO     | [  170/2708] [SKIP]  'Narwastu Hills Resort' -> Rp 0
2026-04-20 04:51:58 | INFO     | [  171/2708] [SKIP]  'Pantai Bara, Bulukumba' -> Rp 15,000
2026-04-20 04:51:58 | INFO     | [  172/2708] [SKIP]  'Pusat Laut Donggala' -> Rp 2,500
2026-04-20 04:51:58 | INFO     | [  173/2708] [SKIP]  'Pulau Sangihe' -> Rp 15,000
2026-04-20 04:51:58 | INFO     | [  174/2708] [SKIP]  'Wisata Hutan Pinus Dan Pemandian Air Panas' -> Rp 20,000
2026-04-20 04:51:58 | INFO     | [  175/2708] [SKIP]  'Pongtorra - Puncak Tertinggi Lolai' -> Rp 15,000
2026-04-20 04:51:58 | INFO     | [  176/2708] [CARI]  'Taman JH Ampana' (Wisata Alam)
2026-04-20 04:51:58 | DEBUG    |   Lokasi: '' | 'Sulawesi Tengah'
2026-04-20 04:51:58 | DEBUG    |   Jarum geolokasi: ['sulawesi tengah']
2026-04-20 04:51:58 | DEBUG    |   Batas harga (Wisata Alam): Rp 75,000
2026-04-20 04:51:58 | DEBUG    |   [L1] Query: "Taman JH Ampana ChIJy5feM_mmiC0RgL92kGk4XZg harga tiket masuk"
2026-04-20 04:52:01 | DEBUG    |   [L1] Jumlah snippet: 5
2026-04-20 04:52:01 | DEBUG    |   [L1] Tidak ada harga di snippet | 5 URL untuk L2
2026-04-20 04:52:01 | DEBUG    |   [L1] Query: "Taman JH Ampana Sulawesi Tengah harga tiket masuk"
2026-04-20 04:52:06 | DEBUG    |   [L1] Jumlah snippet: 5
2026-04-20 04:52:06 | DEBUG    |   [L1] Tidak ada harga di snippet | 5 URL untuk L2
2026-04-20 04:52:06 | DEBUG    |   [L1] Query: "Taman JH Ampana Sulawesi Tengah HTM retribusi tiket masuk wisata"
2026-04-20 04:52:16 | DEBUG    |   [L1] Jumlah snippet: 5
2026-04-20 04:52:16 | DEBUG    |   [L1] Tidak ada harga di snippet | 5 URL untuk L2
2026-04-20 04:52:16 | DEBUG    |   [L2] Membuka: https://travel.kompas.com/read/2026/03/14/171108927/harga-tiket-masuk-taman-safari-bogor-selama-libur-lebaran-2026
2026-04-20 04:52:16 | DEBUG    |     [Lokasi] Tidak cocok — butuh salah satu dari: ['sulawesi tengah']...
2026-04-20 04:52:16 | DEBUG    |   [L2] Tolak isi halaman — tidak ada bukti lokasi alamat: https://travel.kompas.com/read/2026/03/14/171108927/harga-tiket-masuk-taman-safari-bogor-selama-libur-lebaran-2026
2026-04-20 04:52:16 | DEBUG    |   [L2] Membuka: https://travel.detik.com/domestic-destination/d-8299056/wisata-ramah-kantong-di-depok-taman-lembah-gurame-bebas-tiket-masuk-tanpa-pungli
2026-04-20 04:52:18 | DEBUG    |     [Lokasi] Tidak cocok — butuh salah satu dari: ['sulawesi tengah']...
2026-04-20 04:52:18 | DEBUG    |   [L2] Tolak isi halaman — tidak ada bukti lokasi alamat: https://travel.detik.com/domestic-destination/d-8299056/wisata-ramah-kantong-di-depok-taman-lembah-gurame-bebas-tiket-masuk-tanpa-pungli
2026-04-20 04:52:18 | DEBUG    |   [L2] Membuka: https://travel.detik.com/domestic-destination/d-7486747/wisata-taman-langit-pangalengan-harga-tiket-daya-tarik-dan-jam-bukanya
2026-04-20 04:52:19 | DEBUG    |     [Lokasi] Tidak cocok — butuh salah satu dari: ['sulawesi tengah']...
2026-04-20 04:52:19 | DEBUG    |   [L2] Tolak isi halaman — tidak ada bukti lokasi alamat: https://travel.detik.com/domestic-destination/d-7486747/wisata-taman-langit-pangalengan-harga-tiket-daya-tarik-dan-jam-bukanya
2026-04-20 04:52:19 | DEBUG    |   [L2] Membuka: https://travel.detik.com/domestic-destination/d-6690713/tiket-masuk-dan-jalan-ke-taman-langit-pangalengan-lokasi-cocok-untuk-healing
2026-04-20 04:52:21 | DEBUG    |     [Lokasi] Tidak cocok — butuh salah satu dari: ['sulawesi tengah']...
2026-04-20 04:52:21 | DEBUG    |   [L2] Tolak isi halaman — tidak ada bukti lokasi alamat: https://travel.detik.com/domestic-destination/d-6690713/tiket-masuk-dan-jalan-ke-taman-langit-pangalengan-lokasi-cocok-untuk-healing
2026-04-20 04:52:21 | DEBUG    |   [L2] Membuka: https://travel.kompas.com/read/2022/10/09/163100627/harga-tiket-masuk-wisata-ke-sembungan-desa-tertinggi-pulau-jawa
2026-04-20 04:52:21 | DEBUG    |     [Lokasi] Tidak cocok — butuh salah satu dari: ['sulawesi tengah']...
2026-04-20 04:52:21 | DEBUG    |   [L2] Tolak isi halaman — tidak ada bukti lokasi alamat: https://travel.kompas.com/read/2022/10/09/163100627/harga-tiket-masuk-wisata-ke-sembungan-desa-tertinggi-pulau-jawa
2026-04-20 04:52:21 | DEBUG    |   [L2] Membuka: https://travel.tribunnews.com/2021/11/04/harga-tiket-masuk-taman-safari-prigen-november-2021-ada-diskon-25-via-blibli
2026-04-20 04:52:22 | DEBUG    |     [Lokasi] Tidak cocok — butuh salah satu dari: ['sulawesi tengah']...
2026-04-20 04:52:22 | DEBUG    |   [L2] Tolak isi halaman — tidak ada bukti lokasi alamat: https://travel.tribunnews.com/2021/11/04/harga-tiket-masuk-taman-safari-prigen-november-2021-ada-diskon-25-via-blibli
2026-04-20 04:52:22 | DEBUG    |   [L3] Playwright coba 6 URL ...
2026-04-20 04:52:22 | DEBUG    |   [L3] Navigasi ke: https://travel.kompas.com/read/2026/03/14/171108927/harga-tiket-masuk-taman-safari-bogor-selama-libur-lebaran-2026
2026-04-20 04:52:23 | DEBUG    |     [Lokasi] Tidak cocok — butuh salah satu dari: ['sulawesi tengah']...
2026-04-20 04:52:23 | DEBUG    |   [L3] Tolak — tidak ada bukti lokasi alamat: https://travel.kompas.com/read/2026/03/14/171108927/harga-tiket-masuk-taman-safari-bogor-selama-libur-lebaran-2026
2026-04-20 04:52:23 | DEBUG    |   [L3] Navigasi ke: https://travel.detik.com/domestic-destination/d-8299056/wisata-ramah-kantong-di-depok-taman-lembah-gurame-bebas-tiket-masuk-tanpa-pungli
2026-04-20 04:52:25 | DEBUG    |     [Lokasi] Tidak cocok — butuh salah satu dari: ['sulawesi tengah']...
2026-04-20 04:52:25 | DEBUG    |   [L3] Tolak — tidak ada bukti lokasi alamat: https://travel.detik.com/domestic-destination/d-8299056/wisata-ramah-kantong-di-depok-taman-lembah-gurame-bebas-tiket-masuk-tanpa-pungli
2026-04-20 04:52:25 | DEBUG    |   [L3] Navigasi ke: https://travel.detik.com/domestic-destination/d-7486747/wisata-taman-langit-pangalengan-harga-tiket-daya-tarik-dan-jam-bukanya
2026-04-20 04:52:26 | DEBUG    |     [Lokasi] Tidak cocok — butuh salah satu dari: ['sulawesi tengah']...
2026-04-20 04:52:26 | DEBUG    |   [L3] Tolak — tidak ada bukti lokasi alamat: https://travel.detik.com/domestic-destination/d-7486747/wisata-taman-langit-pangalengan-harga-tiket-daya-tarik-dan-jam-bukanya
2026-04-20 04:52:26 | DEBUG    |   [L3] Navigasi ke: https://travel.detik.com/domestic-destination/d-6690713/tiket-masuk-dan-jalan-ke-taman-langit-pangalengan-lokasi-cocok-untuk-healing
2026-04-20 04:52:27 | DEBUG    |     [Lokasi] Tidak cocok — butuh salah satu dari: ['sulawesi tengah']...
2026-04-20 04:52:27 | DEBUG    |   [L3] Tolak — tidak ada bukti lokasi alamat: https://travel.detik.com/domestic-destination/d-6690713/tiket-masuk-dan-jalan-ke-taman-langit-pangalengan-lokasi-cocok-untuk-healing
2026-04-20 04:52:27 | DEBUG    |   [L3] Navigasi ke: https://travel.kompas.com/read/2022/10/09/163100627/harga-tiket-masuk-wisata-ke-sembungan-desa-tertinggi-pulau-jawa
2026-04-20 04:52:28 | DEBUG    |     [Lokasi] Tidak cocok — butuh salah satu dari: ['sulawesi tengah']...
2026-04-20 04:52:28 | DEBUG    |   [L3] Tolak — tidak ada bukti lokasi alamat: https://travel.kompas.com/read/2022/10/09/163100627/harga-tiket-masuk-wisata-ke-sembungan-desa-tertinggi-pulau-jawa
2026-04-20 04:52:28 | DEBUG    |   [L3] Navigasi ke: https://travel.tribunnews.com/2021/11/04/harga-tiket-masuk-taman-safari-prigen-november-2021-ada-diskon-25-via-blibli
2026-04-20 04:52:28 | DEBUG    |     [Lokasi] Tidak cocok — butuh salah satu dari: ['sulawesi tengah']...
2026-04-20 04:52:28 | DEBUG    |   [L3] Tolak — tidak ada bukti lokasi alamat: https://travel.tribunnews.com/2021/11/04/harga-tiket-masuk-taman-safari-prigen-november-2021-ada-diskon-25-via-blibli
2026-04-20 04:52:28 | DEBUG    |   >> Semua level gagal — NULL.
2026-04-20 04:52:28 | INFO     | [  176/2708] [NULL]  'Taman JH Ampana' -> tidak ditemukan
2026-04-20 04:52:30 | INFO     | [  177/2708] [SKIP]  'Rumah Adat Sao Mario' -> Rp 5,000
2026-04-20 04:52:30 | INFO     | [  178/2708] [SKIP]  'Hutan Taman kota' -> Rp 0
2026-04-20 04:52:30 | INFO     | [  179/2708] [SKIP]  'Air Terjun Bantimurung Gallang' -> Rp 2,500
2026-04-20 04:52:30 | INFO     | [  180/2708] [CARI]  'Lapangan Pancasila palopo' (Wisata Alam)
2026-04-20 04:52:30 | DEBUG    |   Lokasi: 'Kota Palopo' | 'Sulawesi Selatan'
2026-04-20 04:52:30 | DEBUG    |   Jarum geolokasi: ['sulawesi selatan', 'kota palopo', 'palopo']
2026-04-20 04:52:30 | DEBUG    |   Batas harga (Wisata Alam): Rp 75,000
2026-04-20 04:52:30 | DEBUG    |   [L1] Query: "Lapangan Pancasila palopo ChIJGX4zuJxfkS0R8U-CRGObz5Q harga tiket masuk"
2026-04-20 04:52:34 | DEBUG    |   [L1] Jumlah snippet: 5
2026-04-20 04:52:34 | DEBUG    |   [L1] Tidak ada harga di snippet | 4 URL untuk L2
2026-04-20 04:52:34 | DEBUG    |   [L1] Query: "Lapangan Pancasila palopo Kota Palopo Sulawesi Selatan harga tiket masuk"
2026-04-20 04:52:46 | DEBUG    |   [L1] Jumlah snippet: 5
2026-04-20 04:52:46 | DEBUG    |     Posisi kata tiket: []
2026-04-20 04:52:46 | DEBUG    |     Tidak ada kata tiket, fallback ke pencarian global.
2026-04-20 04:52:46 | DEBUG    |     Posisi kata tiket: []
2026-04-20 04:52:46 | DEBUG    |     Tidak ada kata tiket, fallback ke pencarian global.
2026-04-20 04:52:46 | DEBUG    |     Posisi kata tiket: []
2026-04-20 04:52:46 | DEBUG    |     Tidak ada kata tiket, fallback ke pencarian global.
2026-04-20 04:52:46 | DEBUG    |   [L1] Tidak ada harga di snippet | 4 URL untuk L2
2026-04-20 04:52:46 | DEBUG    |   [L1] Query: "Lapangan Pancasila palopo Kota Palopo Sulawesi Selatan HTM retribusi tiket masuk wisata"
2026-04-20 04:52:49 | DEBUG    |   [L1] Jumlah snippet: 5
2026-04-20 04:52:49 | DEBUG    |     Posisi kata tiket: []
2026-04-20 04:52:49 | DEBUG    |     Tidak ada kata tiket, fallback ke pencarian global.
2026-04-20 04:52:49 | DEBUG    |     Posisi kata tiket: []
2026-04-20 04:52:49 | DEBUG    |     Tidak ada kata tiket, fallback ke pencarian global.
2026-04-20 04:52:49 | DEBUG    |     Posisi kata tiket: []
2026-04-20 04:52:49 | DEBUG    |     Tidak ada kata tiket, fallback ke pencarian global.
2026-04-20 04:52:49 | DEBUG    |   [L1] Tidak ada harga di snippet | 4 URL untuk L2
2026-04-20 04:52:49 | DEBUG    |   [L2] Membuka: https://sisparnas.kemenparekraf.go.id/p/7265
2026-04-20 04:52:52 | DEBUG    |   [L2] Error (https://sisparnas.kemenparekraf.go.id/p/7265): HTTPSConnectionPool(host='sisparnas.kemenparekraf.go.id', port=443): Max retries exceeded with url: /p/7265 (Caused by NameResolutionError("HTTPSConnection(host='sisparnas.kemenparekraf.go.id', port=443): Failed to resolve 'sisparnas.kemenparekraf.go.id' ([Errno 11002] getaddrinfo failed)"))
2026-04-20 04:52:52 | DEBUG    |   [L2] Membuka: https://palopokota.go.id/
2026-04-20 04:52:53 | DEBUG    |     Posisi kata tiket: []
2026-04-20 04:52:53 | DEBUG    |     Tidak ada kata tiket, fallback ke pencarian global.
2026-04-20 04:52:54 | DEBUG    |   [L2] Membuka: https://id.wikipedia.org/wiki/Kota_Palopo
2026-04-20 04:52:55 | DEBUG    |     Posisi kata tiket: []
2026-04-20 04:52:55 | DEBUG    |     Tidak ada kata tiket, fallback ke pencarian global.
2026-04-20 04:52:56 | DEBUG    |   [L2] Membuka: https://infoabgviral.baby/latest-jepang-viral-tante-pasutri-tutorial-wiwik-ganas-di-kontrakan-new-trending-global-one-for-all-indonesia-2025-top-7/
2026-04-20 04:52:57 | DEBUG    |     [Lokasi] Tidak cocok — butuh salah satu dari: ['sulawesi selatan', 'kota palopo', 'palopo']...
2026-04-20 04:52:57 | DEBUG    |   [L2] Tolak isi halaman — tidak ada bukti lokasi alamat: https://infoabgviral.baby/latest-jepang-viral-tante-pasutri-tutorial-wiwik-ganas-di-kontrakan-new-trending-global-one-for-all-indonesia-2025-top-7/
2026-04-20 04:52:57 | DEBUG    |   [L2] Membuka: https://www.google.com/?hl=id
2026-04-20 04:52:58 | DEBUG    |     [Lokasi] Tidak cocok — butuh salah satu dari: ['sulawesi selatan', 'kota palopo', 'palopo']...
2026-04-20 04:52:58 | DEBUG    |   [L2] Tolak isi halaman — tidak ada bukti lokasi alamat: https://www.google.com/?hl=id
2026-04-20 04:52:58 | DEBUG    |   [L2] Membuka: https://dzen.ru/shorts/64fdc2d2dd27200ea96500ec
2026-04-20 04:53:01 | DEBUG    |     [Lokasi] Tidak cocok — butuh salah satu dari: ['sulawesi selatan', 'kota palopo', 'palopo']...
2026-04-20 04:53:01 | DEBUG    |   [L2] Tolak isi halaman — tidak ada bukti lokasi alamat: https://dzen.ru/shorts/64fdc2d2dd27200ea96500ec
2026-04-20 04:53:01 | DEBUG    |   [L3] Playwright coba 6 URL ...
2026-04-20 04:53:01 | DEBUG    |   [L3] Navigasi ke: https://sisparnas.kemenparekraf.go.id/p/7265
2026-04-20 04:53:04 | DEBUG    |   [L3] Error (https://sisparnas.kemenparekraf.go.id/p/7265): Page.goto: net::ERR_NAME_NOT_RESOLVED at https://sisparnas.kemenparekraf.go.id/p/7265
Call log:
  - navigating to "https://sisparnas.kemenparekraf.go.id/p/7265", waiting until "domcontentloaded"

2026-04-20 04:53:04 | DEBUG    |   [L3] Navigasi ke: https://palopokota.go.id/
2026-04-20 04:53:04 | DEBUG    |   [L3] Error (https://palopokota.go.id/): Page.goto: Navigation to "https://palopokota.go.id/" is interrupted by another navigation to "chrome-error://chromewebdata/"
Call log:
  - navigating to "https://palopokota.go.id/", waiting until "domcontentloaded"

2026-04-20 04:53:04 | DEBUG    |   [L3] Navigasi ke: https://id.wikipedia.org/wiki/Kota_Palopo
2026-04-20 04:53:05 | DEBUG    |   [L3] Error (https://id.wikipedia.org/wiki/Kota_Palopo): Page.goto: Navigation to "https://id.wikipedia.org/wiki/Kota_Palopo" is interrupted by another navigation to "https://palopokota.go.id/"
Call log:
  - navigating to "https://id.wikipedia.org/wiki/Kota_Palopo", waiting until "domcontentloaded"

2026-04-20 04:53:05 | DEBUG    |   [L3] Navigasi ke: https://infoabgviral.baby/latest-jepang-viral-tante-pasutri-tutorial-wiwik-ganas-di-kontrakan-new-trending-global-one-for-all-indonesia-2025-top-7/
2026-04-20 04:53:05 | DEBUG    |   [L3] Error (https://infoabgviral.baby/latest-jepang-viral-tante-pasutri-tutorial-wiwik-ganas-di-kontrakan-new-trending-global-one-for-all-indonesia-2025-top-7/): Page.goto: Navigation to "https://infoabgviral.baby/latest-jepang-viral-tante-pasutri-tutorial-wiwik-ganas-di-kontrakan-new-trending-global-one-for-all-indonesia-2025-top-7/" is interrupted by another navigation to "https://id.wikipedia.org/wiki/Kota_Palopo"
Call log:
  - navigating to "https://infoabgviral.baby/latest-jepang-viral-tante-pasutri-tutorial-wiwik-ganas-di-kontrakan-new-trending-global-one-for-all-indonesia-2025-top-7/", waiting until "domcontentloaded"

2026-04-20 04:53:05 | DEBUG    |   [L3] Navigasi ke: https://www.google.com/?hl=id
2026-04-20 04:53:05 | DEBUG    |   [L3] Error (https://www.google.com/?hl=id): Page.goto: Navigation to "https://www.google.com/?hl=id" is interrupted by another navigation to "https://infoabgviral.baby/latest-jepang-viral-tante-pasutri-tutorial-wiwik-ganas-di-kontrakan-new-trending-global-one-for-all-indonesia-2025-top-7/"
Call log:
  - navigating to "https://www.google.com/?hl=id", waiting until "domcontentloaded"

2026-04-20 04:53:05 | DEBUG    |   [L3] Navigasi ke: https://dzen.ru/shorts/64fdc2d2dd27200ea96500ec
2026-04-20 04:53:06 | DEBUG    |   [L3] Error (https://dzen.ru/shorts/64fdc2d2dd27200ea96500ec): Page.goto: Navigation to "https://dzen.ru/shorts/64fdc2d2dd27200ea96500ec" is interrupted by another navigation to "https://www.google.com/?hl=id"
Call log:
  - navigating to "https://dzen.ru/shorts/64fdc2d2dd27200ea96500ec", waiting until "domcontentloaded"

2026-04-20 04:53:06 | DEBUG    |   >> Semua level gagal — NULL.
2026-04-20 04:53:06 | INFO     | [  180/2708] [NULL]  'Lapangan Pancasila palopo' -> tidak ditemukan
2026-04-20 04:53:08 | INFO     | [  181/2708] [SKIP]  'Taman Usman Isa' -> Rp 20,000
2026-04-20 04:53:08 | INFO     | [  182/2708] [SKIP]  'Wisata Alam Salu Pajaan' -> Rp 5,000
2026-04-20 04:53:08 | INFO     | [  183/2708] [SKIP]  'Museum Kota Makassar' -> Rp 1,000
2026-04-20 04:53:08 | INFO     | [  184/2708] [CARI]  'Patung Cakalang Bitung' (Wisata Alam)
2026-04-20 04:53:08 | DEBUG    |   Lokasi: 'Kota Bitung' | 'Sulawesi Utara'
2026-04-20 04:53:08 | DEBUG    |   Jarum geolokasi: ['sulawesi utara', 'kota bitung', 'bitung']
2026-04-20 04:53:08 | DEBUG    |   Batas harga (Wisata Alam): Rp 75,000
2026-04-20 04:53:08 | DEBUG    |   [L1] Query: "Patung Cakalang Bitung ChIJrVwCBpwBhzIRd1XNAVltn-M harga tiket masuk"
2026-04-20 04:53:11 | DEBUG    |   [L1] Jumlah snippet: 5
2026-04-20 04:53:11 | DEBUG    |     Posisi kata tiket: []
2026-04-20 04:53:11 | DEBUG    |     Tidak ada kata tiket, fallback ke pencarian global.
2026-04-20 04:53:11 | DEBUG    |     [Gratis] 'free' dekat kata false positive, dilewati.
2026-04-20 04:53:11 | DEBUG    |     [Gratis] 'free' dekat kata false positive, dilewati.
2026-04-20 04:53:11 | DEBUG    |     Posisi kata tiket: []
2026-04-20 04:53:11 | DEBUG    |     Tidak ada kata tiket, fallback ke pencarian global.
2026-04-20 04:53:11 | DEBUG    |     Posisi kata tiket: []
2026-04-20 04:53:11 | DEBUG    |     Tidak ada kata tiket, fallback ke pencarian global.
2026-04-20 04:53:11 | DEBUG    |     Posisi kata tiket: []
2026-04-20 04:53:11 | DEBUG    |     Tidak ada kata tiket, fallback ke pencarian global.
2026-04-20 04:53:11 | DEBUG    |     Posisi kata tiket: []
2026-04-20 04:53:11 | DEBUG    |     Tidak ada kata tiket, fallback ke pencarian global.
2026-04-20 04:53:11 | DEBUG    |   [L1] Tidak ada harga di snippet | 4 URL untuk L2
2026-04-20 04:53:11 | DEBUG    |   [L1] Query: "Patung Cakalang Bitung Kota Bitung Sulawesi Utara harga tiket masuk"
2026-04-20 04:53:15 | DEBUG    |   [L1] Jumlah snippet: 5
2026-04-20 04:53:15 | DEBUG    |     Posisi kata tiket: []
2026-04-20 04:53:15 | DEBUG    |     Tidak ada kata tiket, fallback ke pencarian global.
2026-04-20 04:53:15 | DEBUG    |     [Gratis] 'gratis' dekat kata false positive, dilewati.
2026-04-20 04:53:15 | DEBUG    |     [Gratis] 'gratis' dekat kata false positive, dilewati.
2026-04-20 04:53:15 | DEBUG    |     Posisi kata tiket: []
2026-04-20 04:53:15 | DEBUG    |     Tidak ada kata tiket, fallback ke pencarian global.
2026-04-20 04:53:15 | DEBUG    |     Posisi kata tiket: []
2026-04-20 04:53:15 | DEBUG    |     Tidak ada kata tiket, fallback ke pencarian global.
2026-04-20 04:53:15 | DEBUG    |   [L1] Tidak ada harga di snippet | 3 URL untuk L2
2026-04-20 04:53:15 | DEBUG    |   [L1] Query: "Patung Cakalang Bitung Kota Bitung Sulawesi Utara HTM retribusi tiket masuk wisata"
2026-04-20 04:53:21 | DEBUG    |   [L1] Jumlah snippet: 5
2026-04-20 04:53:21 | DEBUG    |     Posisi kata tiket: []
2026-04-20 04:53:21 | DEBUG    |     Tidak ada kata tiket, fallback ke pencarian global.
2026-04-20 04:53:21 | DEBUG    |     [Gratis] 'gratis' dekat kata false positive, dilewati.
2026-04-20 04:53:21 | DEBUG    |     [Gratis] 'gratis' dekat kata false positive, dilewati.
2026-04-20 04:53:21 | DEBUG    |     Posisi kata tiket: []
2026-04-20 04:53:21 | DEBUG    |     Tidak ada kata tiket, fallback ke pencarian global.
2026-04-20 04:53:21 | DEBUG    |     Posisi kata tiket: []
2026-04-20 04:53:21 | DEBUG    |     Tidak ada kata tiket, fallback ke pencarian global.
2026-04-20 04:53:21 | DEBUG    |   [L1] Tidak ada harga di snippet | 3 URL untuk L2
2026-04-20 04:53:21 | DEBUG    |   [L2] Membuka: https://travel.kompas.com/read/2013/01/06/09485191/inilah-10-destinasi-wisata-utama-di-kota-bitung
2026-04-20 04:53:22 | DEBUG    |     Posisi kata tiket: [4861]
2026-04-20 04:53:23 | DEBUG    |   [L2] Membuka: https://id.wikipedia.org/wiki/Kota_Bitung
2026-04-20 04:53:23 | DEBUG    |     Posisi kata tiket: [24111]
2026-04-20 04:53:24 | DEBUG    |   [L2] Membuka: https://www.tripadvisor.co.id/Attraction_Review-g680020-d13614945-Reviews-Cakalang_Statue-Bitung_North_Sulawesi_Sulawesi.html
2026-04-20 04:53:25 | DEBUG    |   [L2] Status 403, lewati.
2026-04-20 04:53:25 | DEBUG    |   [L2] Membuka: https://menukuliner.net/tempat/15528/patung-cakalang-bitung
2026-04-20 04:53:27 | DEBUG    |     Posisi kata tiket: []
2026-04-20 04:53:27 | DEBUG    |     Tidak ada kata tiket, fallback ke pencarian global.
2026-04-20 04:53:27 | DEBUG    |     Kandidat valid: [1500, 2500, 3000, 5000, 5500, 6000, 8000, 12000, 12500, 15000, 18000, 20000, 21000, 22000, 22500, 23000, 25000, 28000, 30000, 31500, 36000, 37000, 39000, 40000, 42000, 65000, 75000], dipilih: Rp 1,500
2026-04-20 04:53:27 | DEBUG    |   [L2] Harga Rp 1,500 dari https://menukuliner.net/tempat/15528/patung-cakalang-bitung
2026-04-20 04:53:27 | DEBUG    |   >> Ditemukan di L2: Rp 1,500
2026-04-20 04:53:27 | INFO     | [  184/2708] [OK]    'Patung Cakalang Bitung' -> Rp 1,500 (Murah) [L2] https://menukuliner.net/tempat/15528/patung-cakalang-bitung
2026-04-20 04:53:29 | INFO     | [  185/2708] [SKIP]  'Wisata Anjungan Teluk Kendari' -> Rp 10,000
2026-04-20 04:53:29 | INFO     | [  186/2708] [SKIP]  'Kebun Binatang Tandurusa' -> Rp 5,000
2026-04-20 04:53:29 | INFO     | [  187/2708] [CARI]  'Masjid Arqam Baburahman' (Wisata Religi)
2026-04-20 04:53:29 | DEBUG    |   Lokasi: 'Kota Palu' | 'Sulawesi Tengah'
2026-04-20 04:53:29 | DEBUG    |   Jarum geolokasi: ['sulawesi tengah', 'kota palu', 'palu']
2026-04-20 04:53:29 | DEBUG    |   Batas harga (Wisata Religi): Rp 25,000
2026-04-20 04:53:29 | DEBUG    |   [L1] Query: "Masjid Arqam Baburahman ChIJyVJOTUvsiy0R8NtZ82L9eR4 harga tiket masuk"
2026-04-20 04:53:32 | DEBUG    |   [L1] Jumlah snippet: 5
2026-04-20 04:53:32 | DEBUG    |     Posisi kata tiket: []
2026-04-20 04:53:32 | DEBUG    |     Tidak ada kata tiket, fallback ke pencarian global.
2026-04-20 04:53:32 | DEBUG    |     Posisi kata tiket: []
2026-04-20 04:53:32 | DEBUG    |     Tidak ada kata tiket, fallback ke pencarian global.
2026-04-20 04:53:32 | DEBUG    |     Posisi kata tiket: []
2026-04-20 04:53:32 | DEBUG    |     Tidak ada kata tiket, fallback ke pencarian global.
2026-04-20 04:53:32 | DEBUG    |     Posisi kata tiket: []
2026-04-20 04:53:32 | DEBUG    |     Tidak ada kata tiket, fallback ke pencarian global.
2026-04-20 04:53:32 | DEBUG    |     Posisi kata tiket: []
2026-04-20 04:53:32 | DEBUG    |     Tidak ada kata tiket, fallback ke pencarian global.
2026-04-20 04:53:32 | DEBUG    |   [L1] Tidak ada harga di snippet | 4 URL untuk L2
2026-04-20 04:53:32 | DEBUG    |   [L1] Query: "Masjid Arqam Baburahman Kota Palu Sulawesi Tengah harga tiket masuk"
2026-04-20 04:53:37 | DEBUG    |   [L1] Jumlah snippet: 5
2026-04-20 04:53:37 | DEBUG    |     Posisi kata tiket: []
2026-04-20 04:53:37 | DEBUG    |     Tidak ada kata tiket, fallback ke pencarian global.
2026-04-20 04:53:37 | DEBUG    |     Posisi kata tiket: []
2026-04-20 04:53:37 | DEBUG    |     Tidak ada kata tiket, fallback ke pencarian global.
2026-04-20 04:53:37 | DEBUG    |     Posisi kata tiket: []
2026-04-20 04:53:37 | DEBUG    |     Tidak ada kata tiket, fallback ke pencarian global.
2026-04-20 04:53:37 | DEBUG    |     Posisi kata tiket: [168]
2026-04-20 04:53:37 | DEBUG    |     Kandidat dari jendela tiket: Rp 10,000
2026-04-20 04:53:37 | DEBUG    |     Kandidat valid: [10000], dipilih: Rp 10,000
2026-04-20 04:53:37 | DEBUG    |   [L1] snippet 5: kandidat Rp 10,000
2026-04-20 04:53:37 | DEBUG    |   [L1] Harga terpilih: 10000 | sumber: https://travellingindonesia.com/pilihan-destinasi-wisata-di-palu-punya-unsur-sejarah-dan-sisa-tragedi-tsunami | 5 URL relevan
2026-04-20 04:53:37 | DEBUG    |   >> Ditemukan di L1: Rp 10,000
2026-04-20 04:53:37 | INFO     | [  187/2708] [OK]    'Masjid Arqam Baburahman' -> Rp 10,000 (Sedang) [L1] https://travellingindonesia.com/pilihan-destinasi-wisata-di-palu-punya
2026-04-20 04:53:39 | INFO     | [  188/2708] [SKIP]  'Menralo Beach & Resort' -> Rp 5,000
2026-04-20 04:53:39 | INFO     | [  189/2708] [SKIP]  'Permandian Taman Wisata Rita' -> Rp 0
2026-04-20 04:53:39 | INFO     | [  190/2708] [CARI]  'Sou Raja Cagar Budaya Banua Oge' (Wisata Budaya & Sejarah)
2026-04-20 04:53:39 | DEBUG    |   Lokasi: 'Kota Palu' | 'Sulawesi Tengah'
2026-04-20 04:53:39 | DEBUG    |   Jarum geolokasi: ['sulawesi tengah', 'kota palu', 'palu']
2026-04-20 04:53:39 | DEBUG    |   Batas harga (Wisata Budaya & Sejarah): Rp 50,000
2026-04-20 04:53:39 | DEBUG    |   [L1] Query: "Sou Raja Cagar Budaya Banua Oge ChIJFVxc1rXtiy0RlRQTQ9JP0pE harga tiket masuk"
2026-04-20 04:53:44 | DEBUG    |   [L1] Jumlah snippet: 5
2026-04-20 04:53:44 | DEBUG    |     Posisi kata tiket: []
2026-04-20 04:53:44 | DEBUG    |     Tidak ada kata tiket, fallback ke pencarian global.
2026-04-20 04:53:44 | DEBUG    |     Posisi kata tiket: []
2026-04-20 04:53:44 | DEBUG    |     Tidak ada kata tiket, fallback ke pencarian global.
2026-04-20 04:53:44 | DEBUG    |     Posisi kata tiket: []
2026-04-20 04:53:44 | DEBUG    |     Tidak ada kata tiket, fallback ke pencarian global.
2026-04-20 04:53:44 | DEBUG    |     [Lokasi] Tidak cocok — butuh salah satu dari: ['sulawesi tengah', 'kota palu', 'palu']...
2026-04-20 04:53:44 | DEBUG    |   [L1] snippet 4: buang — tidak cocok lokasi alamat
2026-04-20 04:53:44 | DEBUG    |     Posisi kata tiket: []
2026-04-20 04:53:44 | DEBUG    |     Tidak ada kata tiket, fallback ke pencarian global.
2026-04-20 04:53:44 | DEBUG    |   [L1] Tidak ada harga di snippet | 5 URL untuk L2
2026-04-20 04:53:44 | DEBUG    |   [L1] Query: "Sou Raja Cagar Budaya Banua Oge Kota Palu Sulawesi Tengah harga tiket masuk"
2026-04-20 04:53:51 | DEBUG    |   [L1] Jumlah snippet: 5
2026-04-20 04:53:51 | DEBUG    |     Posisi kata tiket: []
2026-04-20 04:53:51 | DEBUG    |     Tidak ada kata tiket, fallback ke pencarian global.
2026-04-20 04:53:51 | DEBUG    |     Posisi kata tiket: [284]
2026-04-20 04:53:51 | DEBUG    |     Posisi kata tiket: []
2026-04-20 04:53:51 | DEBUG    |     Tidak ada kata tiket, fallback ke pencarian global.
2026-04-20 04:53:51 | DEBUG    |   [L1] Tidak ada harga di snippet | 4 URL untuk L2
2026-04-20 04:53:51 | DEBUG    |   [L1] Query: "Sou Raja Cagar Budaya Banua Oge Kota Palu Sulawesi Tengah HTM retribusi tiket masuk wisata"
2026-04-20 04:53:54 | DEBUG    |   [L1] Jumlah snippet: 5
2026-04-20 04:53:54 | DEBUG    |     Posisi kata tiket: []
2026-04-20 04:53:54 | DEBUG    |     Tidak ada kata tiket, fallback ke pencarian global.
2026-04-20 04:53:54 | DEBUG    |     Posisi kata tiket: []
2026-04-20 04:53:54 | DEBUG    |     Tidak ada kata tiket, fallback ke pencarian global.
2026-04-20 04:53:54 | DEBUG    |     Posisi kata tiket: []
2026-04-20 04:53:54 | DEBUG    |     Tidak ada kata tiket, fallback ke pencarian global.
2026-04-20 04:53:54 | DEBUG    |   [L1] Tidak ada harga di snippet | 5 URL untuk L2
2026-04-20 04:53:54 | DEBUG    |   [L2] Membuka: https://palukota.go.id/sou-raja-banua-oge-istana-raja-palu/
2026-04-20 04:54:17 | DEBUG    |     Posisi kata tiket: []
2026-04-20 04:54:17 | DEBUG    |     Tidak ada kata tiket, fallback ke pencarian global.
2026-04-20 04:54:18 | DEBUG    |   [L2] Membuka: https://web.archive.org/web/20210917231231/https://pesonawisata.sultengprov.go.id/index.php/zh/kota-palu/rumah-adat-souraja-palu.html
2026-04-20 04:54:20 | DEBUG    |     Posisi kata tiket: []
2026-04-20 04:54:20 | DEBUG    |     Tidak ada kata tiket, fallback ke pencarian global.
2026-04-20 04:54:21 | DEBUG    |   [L2] Membuka: https://dunia-kesenian.blogspot.com/2014/10/rumah-adat-souraja-banua-oge-asal-palu.html
2026-04-20 04:54:22 | DEBUG    |     Posisi kata tiket: [2570]
2026-04-20 04:54:23 | DEBUG    |   [L2] Membuka: https://www.antaranews.com/berita/549335/ratusan-wisman-kunjungi-rumat-adat-sou-raja
2026-04-20 04:54:24 | DEBUG    |     Posisi kata tiket: []
2026-04-20 04:54:24 | DEBUG    |     Tidak ada kata tiket, fallback ke pencarian global.
2026-04-20 04:54:25 | DEBUG    |   [L2] Membuka: https://mercusuar.web.id/label/brigjen-tni-farid-makruf-berkunjung-ke-cagar-budaya-sou-raja-atau-banua-oge-di-kelurahan-lere/
2026-04-20 04:54:26 | DEBUG    |     Posisi kata tiket: [151]
2026-04-20 04:54:27 | DEBUG    |   [L2] Membuka: https://commons.wikimedia.org/wiki/File:Sou_Raja_or_Banua_Oge,_Palu,_Central_Sulawesi_2018-09-17_01.jpg
2026-04-20 04:54:28 | DEBUG    |     [Gratis] 'free' tidak dekat kata tiket, dilewati.
2026-04-20 04:54:28 | DEBUG    |     [Gratis] 'free' tidak dekat kata tiket, dilewati.
2026-04-20 04:54:28 | DEBUG    |     [Gratis] 'free' tidak dekat kata tiket, dilewati.
2026-04-20 04:54:28 | DEBUG    |     [Gratis] 'free' tidak dekat kata tiket, dilewati.
2026-04-20 04:54:28 | DEBUG    |     Posisi kata tiket: []
2026-04-20 04:54:28 | DEBUG    |     Tidak ada kata tiket, fallback ke pencarian global.
2026-04-20 04:54:29 | DEBUG    |   [L3] Playwright coba 6 URL ...
2026-04-20 04:54:29 | DEBUG    |   [L3] Navigasi ke: https://palukota.go.id/sou-raja-banua-oge-istana-raja-palu/
2026-04-20 04:54:34 | DEBUG    |     Posisi kata tiket: []
2026-04-20 04:54:34 | DEBUG    |     Tidak ada kata tiket, fallback ke pencarian global.
2026-04-20 04:54:34 | DEBUG    |   [L3] Navigasi ke: https://web.archive.org/web/20210917231231/https://pesonawisata.sultengprov.go.id/index.php/zh/kota-palu/rumah-adat-souraja-palu.html
2026-04-20 04:54:42 | DEBUG    |     Posisi kata tiket: []
2026-04-20 04:54:42 | DEBUG    |     Tidak ada kata tiket, fallback ke pencarian global.
2026-04-20 04:54:42 | DEBUG    |   [L3] Navigasi ke: https://dunia-kesenian.blogspot.com/2014/10/rumah-adat-souraja-banua-oge-asal-palu.html
2026-04-20 04:54:44 | DEBUG    |     Posisi kata tiket: [2929]
2026-04-20 04:54:44 | DEBUG    |   [L3] Navigasi ke: https://www.antaranews.com/berita/549335/ratusan-wisman-kunjungi-rumat-adat-sou-raja
2026-04-20 04:54:46 | DEBUG    |     Posisi kata tiket: []
2026-04-20 04:54:46 | DEBUG    |     Tidak ada kata tiket, fallback ke pencarian global.
2026-04-20 04:54:46 | DEBUG    |   [L3] Navigasi ke: https://mercusuar.web.id/label/brigjen-tni-farid-makruf-berkunjung-ke-cagar-budaya-sou-raja-atau-banua-oge-di-kelurahan-lere/
2026-04-20 04:54:47 | DEBUG    |     Posisi kata tiket: [148]
2026-04-20 04:54:47 | DEBUG    |   [L3] Navigasi ke: https://commons.wikimedia.org/wiki/File:Sou_Raja_or_Banua_Oge,_Palu,_Central_Sulawesi_2018-09-17_01.jpg
2026-04-20 04:54:47 | DEBUG    |     [Gratis] 'free' tidak dekat kata tiket, dilewati.
2026-04-20 04:54:47 | DEBUG    |     [Gratis] 'free' tidak dekat kata tiket, dilewati.
2026-04-20 04:54:47 | DEBUG    |     Posisi kata tiket: []
2026-04-20 04:54:47 | DEBUG    |     Tidak ada kata tiket, fallback ke pencarian global.
2026-04-20 04:54:47 | DEBUG    |   >> Semua level gagal — NULL.
2026-04-20 04:54:47 | INFO     | [  190/2708] [NULL]  'Sou Raja Cagar Budaya Banua Oge' -> tidak ditemukan
2026-04-20 04:54:49 | INFO     | [  191/2708] [SKIP]  'Taman Nasional Kepulauan Togean' -> Rp 5,000
2026-04-20 04:54:49 | INFO     | [  192/2708] [CARI]  'Pantai Tanjung Layar Putih' (Wisata Alam)
2026-04-20 04:54:49 | DEBUG    |   Lokasi: '' | ''
2026-04-20 04:54:49 | DEBUG    |   Jarum geolokasi: ['makassar']
2026-04-20 04:54:49 | DEBUG    |   Batas harga (Wisata Alam): Rp 75,000
2026-04-20 04:54:49 | DEBUG    |   [L1] Query: "Pantai Tanjung Layar Putih ChIJN6HdDbAdvy0RfgRh2_kWt5g harga tiket masuk"
2026-04-20 04:54:53 | DEBUG    |   [L1] Jumlah snippet: 5
2026-04-20 04:54:53 | DEBUG    |   [L1] Tidak ada harga di snippet | 4 URL untuk L2
2026-04-20 04:54:53 | DEBUG    |   [L1] Query: "Pantai Tanjung Layar Putih harga tiket masuk"
2026-04-20 04:54:56 | DEBUG    |   [L1] Jumlah snippet: 5
2026-04-20 04:54:56 | DEBUG    |     [Lokasi] Tidak cocok — butuh salah satu dari: ['makassar']...
2026-04-20 04:54:56 | DEBUG    |   [L1] snippet 1: buang — tidak cocok lokasi alamat
2026-04-20 04:54:56 | DEBUG    |     [Lokasi] Tidak cocok — butuh salah satu dari: ['makassar']...
2026-04-20 04:54:56 | DEBUG    |   [L1] snippet 2: buang — tidak cocok lokasi alamat
2026-04-20 04:54:56 | DEBUG    |     [Lokasi] Tidak cocok — butuh salah satu dari: ['makassar']...
2026-04-20 04:54:56 | DEBUG    |   [L1] snippet 3: buang — tidak cocok lokasi alamat
2026-04-20 04:54:56 | DEBUG    |     [Lokasi] Tidak cocok — butuh salah satu dari: ['makassar']...
2026-04-20 04:54:56 | DEBUG    |   [L1] snippet 4: buang — tidak cocok lokasi alamat
2026-04-20 04:54:56 | DEBUG    |     [Lokasi] Tidak cocok — butuh salah satu dari: ['makassar']...
2026-04-20 04:54:56 | DEBUG    |   [L1] snippet 5: buang — tidak cocok lokasi alamat
2026-04-20 04:54:56 | DEBUG    |   [L1] Tidak ada harga di snippet | 5 URL untuk L2
2026-04-20 04:54:56 | DEBUG    |   [L1] Query: "Pantai Tanjung Layar Putih HTM tiket masuk wisata"
2026-04-20 04:54:58 | DEBUG    |   [L1] Jumlah snippet: 5
2026-04-20 04:54:58 | DEBUG    |     [Lokasi] Tidak cocok — butuh salah satu dari: ['makassar']...
2026-04-20 04:54:58 | DEBUG    |   [L1] snippet 1: buang — tidak cocok lokasi alamat
2026-04-20 04:54:58 | DEBUG    |     [Lokasi] Tidak cocok — butuh salah satu dari: ['makassar']...
2026-04-20 04:54:58 | DEBUG    |   [L1] snippet 2: buang — tidak cocok lokasi alamat
2026-04-20 04:54:58 | DEBUG    |     [Lokasi] Tidak cocok — butuh salah satu dari: ['makassar']...
2026-04-20 04:54:58 | DEBUG    |   [L1] snippet 3: buang — tidak cocok lokasi alamat
2026-04-20 04:54:58 | DEBUG    |     [Lokasi] Tidak cocok — butuh salah satu dari: ['makassar']...
2026-04-20 04:54:58 | DEBUG    |   [L1] snippet 4: buang — tidak cocok lokasi alamat
2026-04-20 04:54:58 | DEBUG    |     [Lokasi] Tidak cocok — butuh salah satu dari: ['makassar']...
2026-04-20 04:54:58 | DEBUG    |   [L1] snippet 5: buang — tidak cocok lokasi alamat
2026-04-20 04:54:58 | DEBUG    |   [L1] Tidak ada harga di snippet | 3 URL untuk L2
2026-04-20 04:54:58 | DEBUG    |   [L2] Membuka: https://hai.kemenkeu.go.id/login
2026-04-20 04:54:59 | DEBUG    |     [Lokasi] Tidak cocok — butuh salah satu dari: ['makassar']...
2026-04-20 04:54:59 | DEBUG    |   [L2] Tolak isi halaman — tidak ada bukti lokasi alamat: https://hai.kemenkeu.go.id/login
2026-04-20 04:54:59 | DEBUG    |   [L2] Membuka: https://www.rmolsumut.id/
2026-04-20 04:55:00 | DEBUG    |     [Lokasi] Tidak cocok — butuh salah satu dari: ['makassar']...
2026-04-20 04:55:00 | DEBUG    |   [L2] Tolak isi halaman — tidak ada bukti lokasi alamat: https://www.rmolsumut.id/
2026-04-20 04:55:00 | DEBUG    |   [L2] Membuka: https://www.mvideo.ru/products/smartfon-tecno-phantom-v-fold2-5g-12-512gb-karst-green-400366076
2026-04-20 04:55:03 | DEBUG    |     [Lokasi] Tidak cocok — butuh salah satu dari: ['makassar']...
2026-04-20 04:55:03 | DEBUG    |   [L2] Tolak isi halaman — tidak ada bukti lokasi alamat: https://www.mvideo.ru/products/smartfon-tecno-phantom-v-fold2-5g-12-512gb-karst-green-400366076
2026-04-20 04:55:03 | DEBUG    |   [L2] Membuka: https://vk.com/video-96219277_456240737
2026-04-20 04:55:05 | DEBUG    |     [Lokasi] Tidak cocok — butuh salah satu dari: ['makassar']...
2026-04-20 04:55:05 | DEBUG    |   [L2] Tolak isi halaman — tidak ada bukti lokasi alamat: https://vk.com/video-96219277_456240737
2026-04-20 04:55:05 | DEBUG    |   [L2] Membuka: https://www.mawarnada.com/2019/08/terbaru-pantai-sawarna-tanjung-layar.html
2026-04-20 04:55:07 | DEBUG    |     [Lokasi] Tidak cocok — butuh salah satu dari: ['makassar']...
2026-04-20 04:55:07 | DEBUG    |   [L2] Tolak isi halaman — tidak ada bukti lokasi alamat: https://www.mawarnada.com/2019/08/terbaru-pantai-sawarna-tanjung-layar.html
2026-04-20 04:55:07 | DEBUG    |   [L2] Membuka: https://www.tempatwisata.pro/wisata/Pantai-Tanjung-Layar
2026-04-20 04:55:09 | DEBUG    |     [Lokasi] Tidak cocok — butuh salah satu dari: ['makassar']...
2026-04-20 04:55:09 | DEBUG    |   [L2] Tolak isi halaman — tidak ada bukti lokasi alamat: https://www.tempatwisata.pro/wisata/Pantai-Tanjung-Layar
2026-04-20 04:55:09 | DEBUG    |   [L3] Playwright coba 6 URL ...
2026-04-20 04:55:09 | DEBUG    |   [L3] Navigasi ke: https://hai.kemenkeu.go.id/login
2026-04-20 04:55:10 | DEBUG    |     [Lokasi] Tidak cocok — butuh salah satu dari: ['makassar']...
2026-04-20 04:55:10 | DEBUG    |   [L3] Tolak — tidak ada bukti lokasi alamat: https://hai.kemenkeu.go.id/login
2026-04-20 04:55:10 | DEBUG    |   [L3] Navigasi ke: https://www.rmolsumut.id/
2026-04-20 04:55:11 | DEBUG    |     [Lokasi] Tidak cocok — butuh salah satu dari: ['makassar']...
2026-04-20 04:55:11 | DEBUG    |   [L3] Tolak — tidak ada bukti lokasi alamat: https://www.rmolsumut.id/
2026-04-20 04:55:11 | DEBUG    |   [L3] Navigasi ke: https://www.mvideo.ru/products/smartfon-tecno-phantom-v-fold2-5g-12-512gb-karst-green-400366076
2026-04-20 04:55:13 | DEBUG    |     [Lokasi] Tidak cocok — butuh salah satu dari: ['makassar']...
2026-04-20 04:55:13 | DEBUG    |   [L3] Tolak — tidak ada bukti lokasi alamat: https://www.mvideo.ru/products/smartfon-tecno-phantom-v-fold2-5g-12-512gb-karst-green-400366076
2026-04-20 04:55:13 | DEBUG    |   [L3] Navigasi ke: https://vk.com/video-96219277_456240737
2026-04-20 04:55:15 | DEBUG    |     [Lokasi] Tidak cocok — butuh salah satu dari: ['makassar']...
2026-04-20 04:55:15 | DEBUG    |   [L3] Tolak — tidak ada bukti lokasi alamat: https://vk.com/video-96219277_456240737
2026-04-20 04:55:15 | DEBUG    |   [L3] Navigasi ke: https://www.mawarnada.com/2019/08/terbaru-pantai-sawarna-tanjung-layar.html
2026-04-20 04:55:17 | DEBUG    |     [Lokasi] Tidak cocok — butuh salah satu dari: ['makassar']...
2026-04-20 04:55:17 | DEBUG    |   [L3] Tolak — tidak ada bukti lokasi alamat: https://www.mawarnada.com/2019/08/terbaru-pantai-sawarna-tanjung-layar.html
2026-04-20 04:55:17 | DEBUG    |   [L3] Navigasi ke: https://www.tempatwisata.pro/wisata/Pantai-Tanjung-Layar
2026-04-20 04:55:20 | DEBUG    |     [Lokasi] Tidak cocok — butuh salah satu dari: ['makassar']...
2026-04-20 04:55:20 | DEBUG    |   [L3] Tolak — tidak ada bukti lokasi alamat: https://www.tempatwisata.pro/wisata/Pantai-Tanjung-Layar
2026-04-20 04:55:20 | DEBUG    |   >> Semua level gagal — NULL.
2026-04-20 04:55:20 | INFO     | [  192/2708] [NULL]  'Pantai Tanjung Layar Putih' -> tidak ditemukan
2026-04-20 04:55:22 | INFO     | [  193/2708] [CARI]  'Desa Wisata Budo' (Wisata Kota / Landmark)
2026-04-20 04:55:22 | DEBUG    |   Lokasi: 'Kabupaten Minahasa Utara' | 'Sulawesi Utara'
2026-04-20 04:55:22 | DEBUG    |   Jarum geolokasi: ['sulawesi utara', 'kabupaten minahasa utara', 'minahasa utara']
2026-04-20 04:55:22 | DEBUG    |   Batas harga (Wisata Kota / Landmark): Rp 100,000
2026-04-20 04:55:22 | DEBUG    |   [L1] Query: "Desa Wisata Budo ChIJU4SwWwijhzIRLgwB9H4u6VM harga tiket masuk"
2026-04-20 04:55:28 | DEBUG    |   [L1] Jumlah snippet: 5
2026-04-20 04:55:28 | DEBUG    |     Posisi kata tiket: []
2026-04-20 04:55:28 | DEBUG    |     Tidak ada kata tiket, fallback ke pencarian global.
2026-04-20 04:55:28 | DEBUG    |   [L1] Tidak ada harga di snippet | 5 URL untuk L2
2026-04-20 04:55:28 | DEBUG    |   [L1] Query: "Desa Wisata Budo Kabupaten Minahasa Utara Sulawesi Utara harga tiket masuk"
2026-04-20 04:55:32 | DEBUG    |   [L1] Jumlah snippet: 5
2026-04-20 04:55:32 | DEBUG    |     [Lokasi] Tidak cocok — butuh salah satu dari: ['sulawesi utara', 'kabupaten minahasa utara', 'minahasa utara']...
2026-04-20 04:55:32 | DEBUG    |   [L1] snippet 1: buang — tidak cocok lokasi alamat
2026-04-20 04:55:32 | DEBUG    |     Posisi kata tiket: []
2026-04-20 04:55:32 | DEBUG    |     Tidak ada kata tiket, fallback ke pencarian global.
2026-04-20 04:55:32 | DEBUG    |     Posisi kata tiket: [269]
2026-04-20 04:55:32 | DEBUG    |     Kandidat dari jendela tiket: Rp 10,000
2026-04-20 04:55:32 | DEBUG    |     Kandidat valid: [10000], dipilih: Rp 10,000
2026-04-20 04:55:32 | DEBUG    |   [L1] snippet 5: kandidat Rp 10,000
2026-04-20 04:55:32 | DEBUG    |   [L1] Harga terpilih: 10000 | sumber: https://www.celebes.co/hutan-mangrove-desa-budo-minahasa | 5 URL relevan
2026-04-20 04:55:32 | DEBUG    |   >> Ditemukan di L1: Rp 10,000
2026-04-20 04:55:32 | INFO     | [  193/2708] [OK]    'Desa Wisata Budo' -> Rp 10,000 (Sedang) [L1] https://www.celebes.co/hutan-mangrove-desa-budo-minahasa
2026-04-20 04:55:34 | INFO     | [  194/2708] [SKIP]  'Gunung Latimojong' -> Rp 15,000
2026-04-20 04:55:34 | INFO     | [  195/2708] [SKIP]  'Donggala Tanjung Karang Beach' -> Rp 1,000
2026-04-20 04:55:34 | INFO     | [  196/2708] [SKIP]  'Kuburan Batu Lemo' -> Rp 15,000
2026-04-20 04:55:34 | INFO     | [  197/2708] [SKIP]  'Kebun Raya Massenrempulu' -> Rp 3,000
2026-04-20 04:55:34 | INFO     | [  198/2708] [SKIP]  'Pantai Marumasa' -> Rp 3,000
2026-04-20 04:55:34 | INFO     | [  199/2708] [CARI]  'Patung Bogani' (Wisata Kota / Landmark)
2026-04-20 04:55:34 | DEBUG    |   Lokasi: 'Kota Kotamobagu' | 'Sulawesi Utara'
2026-04-20 04:55:34 | DEBUG    |   Jarum geolokasi: ['sulawesi utara', 'kota kotamobagu', 'kotamobagu']
2026-04-20 04:55:34 | DEBUG    |   Batas harga (Wisata Kota / Landmark): Rp 100,000
2026-04-20 04:55:34 | DEBUG    |   [L1] Query: "Patung Bogani ChIJh8W8LUU9fjIRKqdcL7Fo7WY harga tiket masuk"
2026-04-20 04:55:36 | DEBUG    |   [L1] Jumlah snippet: 5
2026-04-20 04:55:36 | DEBUG    |   [L1] Tidak ada harga di snippet | 3 URL untuk L2
2026-04-20 04:55:36 | DEBUG    |   [L1] Query: "Patung Bogani Kota Kotamobagu Sulawesi Utara harga tiket masuk"
2026-04-20 04:55:42 | DEBUG    |   [L1] Jumlah snippet: 5
2026-04-20 04:55:42 | DEBUG    |     Posisi kata tiket: []
2026-04-20 04:55:42 | DEBUG    |     Tidak ada kata tiket, fallback ke pencarian global.
2026-04-20 04:55:42 | DEBUG    |     [Lokasi] Tidak cocok — butuh salah satu dari: ['sulawesi utara', 'kota kotamobagu', 'kotamobagu']...
2026-04-20 04:55:42 | DEBUG    |   [L1] snippet 2: buang — tidak cocok lokasi alamat
2026-04-20 04:55:42 | DEBUG    |     Posisi kata tiket: []
2026-04-20 04:55:42 | DEBUG    |     Tidak ada kata tiket, fallback ke pencarian global.
2026-04-20 04:55:42 | DEBUG    |     Posisi kata tiket: []
2026-04-20 04:55:42 | DEBUG    |     Tidak ada kata tiket, fallback ke pencarian global.
2026-04-20 04:55:42 | DEBUG    |     [Lokasi] Tidak cocok — butuh salah satu dari: ['sulawesi utara', 'kota kotamobagu', 'kotamobagu']...
2026-04-20 04:55:42 | DEBUG    |   [L1] snippet 5: buang — tidak cocok lokasi alamat
2026-04-20 04:55:42 | DEBUG    |   [L1] Tidak ada harga di snippet | 5 URL untuk L2
2026-04-20 04:55:42 | DEBUG    |   [L1] Query: "Patung Bogani Kota Kotamobagu Sulawesi Utara HTM retribusi tiket masuk wisata"
2026-04-20 04:55:45 | DEBUG    |   [L1] Jumlah snippet: 5
2026-04-20 04:55:45 | DEBUG    |     Posisi kata tiket: []
2026-04-20 04:55:45 | DEBUG    |     Tidak ada kata tiket, fallback ke pencarian global.
2026-04-20 04:55:45 | DEBUG    |     Posisi kata tiket: []
2026-04-20 04:55:45 | DEBUG    |     Tidak ada kata tiket, fallback ke pencarian global.
2026-04-20 04:55:45 | DEBUG    |     Posisi kata tiket: []
2026-04-20 04:55:45 | DEBUG    |     Tidak ada kata tiket, fallback ke pencarian global.
2026-04-20 04:55:45 | DEBUG    |     Posisi kata tiket: []
2026-04-20 04:55:45 | DEBUG    |     Tidak ada kata tiket, fallback ke pencarian global.
2026-04-20 04:55:45 | DEBUG    |   [L1] Tidak ada harga di snippet | 4 URL untuk L2
2026-04-20 04:55:45 | DEBUG    |   [L2] Membuka: https://travel.kompas.com/read/2024/11/01/080200927/tn-bogani-nani-wartabone--tarif-masuk-hingga-biaya-berkemah-
2026-04-20 04:55:46 | DEBUG    |     Posisi kata tiket: [26, 2271, 2415, 2874, 3275]
2026-04-20 04:55:46 | DEBUG    |     Kandidat dari jendela tiket: Rp 10,000
2026-04-20 04:55:46 | DEBUG    |     Kandidat dari jendela tiket: Rp 10,000
2026-04-20 04:55:46 | DEBUG    |     Kandidat dari jendela tiket: Rp 5,000
2026-04-20 04:55:46 | DEBUG    |     Kandidat dari jendela tiket: Rp 10,000
2026-04-20 04:55:46 | DEBUG    |     Kandidat dari jendela tiket: Rp 5,000
2026-04-20 04:55:46 | DEBUG    |     Kandidat dari jendela tiket: Rp 5,000
2026-04-20 04:55:46 | DEBUG    |     Kandidat dari jendela tiket: Rp 3,000
2026-04-20 04:55:46 | DEBUG    |     Kandidat dari jendela tiket: Rp 20,000
2026-04-20 04:55:46 | DEBUG    |     Kandidat dari jendela tiket: Rp 15,000
2026-04-20 04:55:46 | DEBUG    |     Kandidat dari jendela tiket: Rp 20,000
2026-04-20 04:55:46 | DEBUG    |     Kandidat dari jendela tiket: Rp 15,000
2026-04-20 04:55:46 | DEBUG    |     Kandidat dari jendela tiket: Rp 1,500
2026-04-20 04:55:46 | DEBUG    |     Kandidat dari jendela tiket: Rp 2,000
2026-04-20 04:55:46 | DEBUG    |     Kandidat dari jendela tiket: Rp 5,000
2026-04-20 04:55:46 | DEBUG    |     Kandidat dari jendela tiket: Rp 10,000
2026-04-20 04:55:46 | DEBUG    |     Kandidat dari jendela tiket: Rp 50,000
2026-04-20 04:55:46 | DEBUG    |     Kandidat dari jendela tiket: Rp 2,000
2026-04-20 04:55:46 | DEBUG    |     Kandidat dari jendela tiket: Rp 5,000
2026-04-20 04:55:46 | DEBUG    |     Kandidat dari jendela tiket: Rp 10,000
2026-04-20 04:55:46 | DEBUG    |     Kandidat dari jendela tiket: Rp 50,000
2026-04-20 04:55:46 | DEBUG    |     Kandidat dari jendela tiket: Rp 5,000
2026-04-20 04:55:46 | DEBUG    |     Kandidat dari jendela tiket: Rp 50,000
2026-04-20 04:55:46 | DEBUG    |     Kandidat dari jendela tiket: Rp 5,000
2026-04-20 04:55:46 | DEBUG    |     Kandidat dari jendela tiket: Rp 5,000
2026-04-20 04:55:46 | DEBUG    |     Kandidat dari jendela tiket: Rp 5,000
2026-04-20 04:55:46 | DEBUG    |     Kandidat dari jendela tiket: Rp 10,000
2026-04-20 04:55:46 | DEBUG    |     Kandidat dari jendela tiket: Rp 10,000
2026-04-20 04:55:46 | DEBUG    |     Kandidat dari jendela tiket: Rp 10,000
2026-04-20 04:55:46 | DEBUG    |     Kandidat dari jendela tiket: Rp 50,000
2026-04-20 04:55:46 | DEBUG    |     Kandidat dari jendela tiket: Rp 50,000
2026-04-20 04:55:46 | DEBUG    |     Kandidat dari jendela tiket: Rp 50,000
2026-04-20 04:55:46 | DEBUG    |     Kandidat dari jendela tiket: Rp 50,000
2026-04-20 04:55:46 | DEBUG    |     Kandidat dari jendela tiket: Rp 20,000
2026-04-20 04:55:46 | DEBUG    |     Kandidat dari jendela tiket: Rp 10,000
2026-04-20 04:55:46 | DEBUG    |     Kandidat dari jendela tiket: Rp 50,000
2026-04-20 04:55:46 | DEBUG    |     Kandidat dari jendela tiket: Rp 20,000
2026-04-20 04:55:46 | DEBUG    |     Kandidat dari jendela tiket: Rp 10,000
2026-04-20 04:55:46 | DEBUG    |     Kandidat valid: [1500, 2000, 3000, 5000, 10000, 15000, 20000, 50000], dipilih: Rp 1,500
2026-04-20 04:55:46 | DEBUG    |   [L2] Harga Rp 1,500 dari https://travel.kompas.com/read/2024/11/01/080200927/tn-bogani-nani-wartabone--tarif-masuk-hingga-biaya-berkemah-
2026-04-20 04:55:46 | DEBUG    |   >> Ditemukan di L2: Rp 1,500
2026-04-20 04:55:46 | INFO     | [  199/2708] [OK]    'Patung Bogani' -> Rp 1,500 (Murah) [L2] https://travel.kompas.com/read/2024/11/01/080200927/tn-bogani-nani-war
2026-04-20 04:55:48 | INFO     | [  200/2708] [SKIP]  'Pantai Bolihutuo' -> Rp 5,000
2026-04-20 04:55:48 | INFO     | [  201/2708] [SKIP]  'Taman Cekkeng Bulukumba' -> Rp 0
2026-04-20 04:55:48 | INFO     | [  202/2708] [SKIP]  'Tanjung Bira' -> Rp 2,500
2026-04-20 04:55:48 | INFO     | [  203/2708] [SKIP]  'Pantai Ujung Batu' -> Rp 3,000
2026-04-20 04:55:48 | INFO     | [  204/2708] [SKIP]  'Taman Cinta Palleko' -> Rp 0
2026-04-20 04:55:48 | INFO     | [  205/2708] [CARI]  'Parangloe Waterfall' (Wisata Alam)
2026-04-20 04:55:48 | DEBUG    |   Lokasi: 'Kabupaten Gowa' | 'Sulawesi Selatan'
2026-04-20 04:55:48 | DEBUG    |   Jarum geolokasi: ['sulawesi selatan', 'kabupaten gowa', 'gowa']
2026-04-20 04:55:48 | DEBUG    |   Batas harga (Wisata Alam): Rp 75,000
2026-04-20 04:55:48 | DEBUG    |   [L1] Query: "Parangloe Waterfall ChIJ73KT8xDpvi0Rl1YJO8thhPo harga tiket masuk"
2026-04-20 04:55:50 | DEBUG    |   [L1] Jumlah snippet: 5
2026-04-20 04:55:50 | DEBUG    |   [L1] Tidak ada harga di snippet | 3 URL untuk L2
2026-04-20 04:55:50 | DEBUG    |   [L1] Query: "Parangloe Waterfall Kabupaten Gowa Sulawesi Selatan harga tiket masuk"
2026-04-20 04:55:56 | DEBUG    |   [L1] Jumlah snippet: 5
2026-04-20 04:55:56 | DEBUG    |     Posisi kata tiket: []
2026-04-20 04:55:56 | DEBUG    |     Tidak ada kata tiket, fallback ke pencarian global.
2026-04-20 04:55:56 | DEBUG    |     [Lokasi] Tidak cocok — butuh salah satu dari: ['sulawesi selatan', 'kabupaten gowa', 'gowa']...
2026-04-20 04:55:56 | DEBUG    |   [L1] snippet 2: buang — tidak cocok lokasi alamat
2026-04-20 04:55:56 | DEBUG    |     Posisi kata tiket: []
2026-04-20 04:55:56 | DEBUG    |     Tidak ada kata tiket, fallback ke pencarian global.
2026-04-20 04:55:56 | DEBUG    |     Posisi kata tiket: []
2026-04-20 04:55:56 | DEBUG    |     Tidak ada kata tiket, fallback ke pencarian global.
2026-04-20 04:55:56 | DEBUG    |     Posisi kata tiket: [197]
2026-04-20 04:55:56 | DEBUG    |   [L1] Tidak ada harga di snippet | 4 URL untuk L2
2026-04-20 04:55:56 | DEBUG    |   [L1] Query: "Parangloe Waterfall Kabupaten Gowa Sulawesi Selatan HTM retribusi tiket masuk wisata"
2026-04-20 04:55:59 | DEBUG    |   [L1] Jumlah snippet: 5
2026-04-20 04:55:59 | DEBUG    |     Posisi kata tiket: []
2026-04-20 04:55:59 | DEBUG    |     Tidak ada kata tiket, fallback ke pencarian global.
2026-04-20 04:55:59 | DEBUG    |     Posisi kata tiket: []
2026-04-20 04:55:59 | DEBUG    |     Tidak ada kata tiket, fallback ke pencarian global.
2026-04-20 04:55:59 | DEBUG    |     Posisi kata tiket: []
2026-04-20 04:55:59 | DEBUG    |     Tidak ada kata tiket, fallback ke pencarian global.
2026-04-20 04:55:59 | DEBUG    |     Posisi kata tiket: []
2026-04-20 04:55:59 | DEBUG    |     Tidak ada kata tiket, fallback ke pencarian global.
2026-04-20 04:55:59 | DEBUG    |     Posisi kata tiket: []
2026-04-20 04:55:59 | DEBUG    |     Tidak ada kata tiket, fallback ke pencarian global.
2026-04-20 04:55:59 | DEBUG    |   [L1] Tidak ada harga di snippet | 5 URL untuk L2
2026-04-20 04:55:59 | DEBUG    |   [L2] Membuka: https://smartcity.gowakab.go.id/wisata_alam/air-terjun-parangloe/16
2026-04-20 04:55:59 | DEBUG    |     Posisi kata tiket: []
2026-04-20 04:55:59 | DEBUG    |     Tidak ada kata tiket, fallback ke pencarian global.
2026-04-20 04:56:00 | DEBUG    |   [L2] Membuka: https://www.detik.com/sulsel/wisata/d-6581847/air-terjun-parangloe-gowa-wisata-eksotis-di-tengah-hutan-belantara
2026-04-20 04:56:02 | DEBUG    |     Posisi kata tiket: [5467, 5640, 5653, 5732]
2026-04-20 04:56:02 | DEBUG    |     Kandidat dari jendela tiket: Rp 5,000
2026-04-20 04:56:02 | DEBUG    |     Kandidat dari jendela tiket: Rp 3,000
2026-04-20 04:56:02 | DEBUG    |     Kandidat dari jendela tiket: Rp 5,000
2026-04-20 04:56:02 | DEBUG    |     Kandidat dari jendela tiket: Rp 3,000
2026-04-20 04:56:02 | DEBUG    |     Kandidat dari jendela tiket: Rp 5,000
2026-04-20 04:56:02 | DEBUG    |     Kandidat dari jendela tiket: Rp 3,000
2026-04-20 04:56:02 | DEBUG    |     Kandidat valid: [3000, 5000], dipilih: Rp 3,000
2026-04-20 04:56:02 | DEBUG    |   [L2] Harga Rp 3,000 dari https://www.detik.com/sulsel/wisata/d-6581847/air-terjun-parangloe-gowa-wisata-eksotis-di-tengah-hutan-belantara
2026-04-20 04:56:02 | DEBUG    |   >> Ditemukan di L2: Rp 3,000
2026-04-20 04:56:02 | INFO     | [  205/2708] [OK]    'Parangloe Waterfall' -> Rp 3,000 (Murah) [L2] https://www.detik.com/sulsel/wisata/d-6581847/air-terjun-parangloe-gow
2026-04-20 04:56:04 | INFO     | [  206/2708] [SKIP]  'Celebes Canyon' -> Rp 5,000
2026-04-20 04:56:04 | INFO     | [  207/2708] [CARI]  'Monumen Bambu Runcing Rappang' (Wisata Budaya & Sejarah)
2026-04-20 04:56:04 | DEBUG    |   Lokasi: 'Kabupaten Sidenreng Rappang' | 'Sulawesi Selatan'
2026-04-20 04:56:04 | DEBUG    |   Jarum geolokasi: ['sulawesi selatan', 'kabupaten sidenreng rappang', 'sidenreng rappang']
2026-04-20 04:56:04 | DEBUG    |   Batas harga (Wisata Budaya & Sejarah): Rp 50,000
2026-04-20 04:56:04 | DEBUG    |   [L1] Query: "Monumen Bambu Runcing Rappang ChIJw5_ui-3KlS0RIE1CODcIa5g harga tiket masuk"
2026-04-20 04:56:12 | DEBUG    |   [L1] DDGS percobaan 1/2: ConnectError: ConnectError('error sending request for url (https://html.duckduckgo.com/html/)', 'https://html.duckduckgo.com/html/')
2026-04-20 04:56:16 | DEBUG    |   [L1] Jumlah snippet: 5
2026-04-20 04:56:16 | DEBUG    |     [Lokasi] Tidak cocok — butuh salah satu dari: ['sulawesi selatan', 'kabupaten sidenreng rappang', 'sidenreng rappang']...
2026-04-20 04:56:16 | DEBUG    |   [L1] snippet 1: buang — tidak cocok lokasi alamat
2026-04-20 04:56:16 | DEBUG    |     [Lokasi] Tidak cocok — butuh salah satu dari: ['sulawesi selatan', 'kabupaten sidenreng rappang', 'sidenreng rappang']...
2026-04-20 04:56:16 | DEBUG    |   [L1] snippet 2: buang — tidak cocok lokasi alamat
2026-04-20 04:56:16 | DEBUG    |   [L1] Tidak ada harga di snippet | 5 URL untuk L2
2026-04-20 04:56:16 | DEBUG    |   [L1] Query: "Monumen Bambu Runcing Rappang Kabupaten Sidenreng Rappang Sulawesi Selatan harga tiket masuk"
2026-04-20 04:56:22 | DEBUG    |   [L1] Jumlah snippet: 5
2026-04-20 04:56:22 | DEBUG    |     Posisi kata tiket: []
2026-04-20 04:56:22 | DEBUG    |     Tidak ada kata tiket, fallback ke pencarian global.
2026-04-20 04:56:22 | DEBUG    |     [Lokasi] Tidak cocok — butuh salah satu dari: ['sulawesi selatan', 'kabupaten sidenreng rappang', 'sidenreng rappang']...
2026-04-20 04:56:22 | DEBUG    |   [L1] snippet 3: buang — tidak cocok lokasi alamat
2026-04-20 04:56:22 | DEBUG    |     Posisi kata tiket: []
2026-04-20 04:56:22 | DEBUG    |     Tidak ada kata tiket, fallback ke pencarian global.
2026-04-20 04:56:22 | DEBUG    |   [L1] Tidak ada harga di snippet | 5 URL untuk L2
2026-04-20 04:56:22 | DEBUG    |   [L1] Query: "Monumen Bambu Runcing Rappang Kabupaten Sidenreng Rappang Sulawesi Selatan HTM retribusi tiket masuk wisata"
2026-04-20 04:56:28 | DEBUG    |   [L1] Jumlah snippet: 5
2026-04-20 04:56:28 | DEBUG    |     Posisi kata tiket: []
2026-04-20 04:56:28 | DEBUG    |     Tidak ada kata tiket, fallback ke pencarian global.
2026-04-20 04:56:28 | DEBUG    |     Posisi kata tiket: []
2026-04-20 04:56:28 | DEBUG    |     Tidak ada kata tiket, fallback ke pencarian global.
2026-04-20 04:56:28 | DEBUG    |   [L1] Tidak ada harga di snippet | 5 URL untuk L2
2026-04-20 04:56:28 | DEBUG    |   [L2] Membuka: https://hai.kemenkeu.go.id/login
2026-04-20 04:56:29 | DEBUG    |     [Lokasi] Tidak cocok — butuh salah satu dari: ['sulawesi selatan', 'kabupaten sidenreng rappang', 'sidenreng rappang']...
2026-04-20 04:56:29 | DEBUG    |   [L2] Tolak isi halaman — tidak ada bukti lokasi alamat: https://hai.kemenkeu.go.id/login
2026-04-20 04:56:29 | DEBUG    |   [L2] Membuka: https://id.wikipedia.org/wiki/Kabupaten_Sidenreng_Rappang
2026-04-20 04:56:30 | DEBUG    |     Posisi kata tiket: []
2026-04-20 04:56:30 | DEBUG    |     Tidak ada kata tiket, fallback ke pencarian global.
2026-04-20 04:56:31 | DEBUG    |   [L2] Membuka: https://www.travelio.com/surabaya/monumen-bambu-runcing
2026-04-20 04:56:33 | DEBUG    |     [Lokasi] Tidak cocok — butuh salah satu dari: ['sulawesi selatan', 'kabupaten sidenreng rappang', 'sidenreng rappang']...
2026-04-20 04:56:33 | DEBUG    |   [L2] Tolak isi halaman — tidak ada bukti lokasi alamat: https://www.travelio.com/surabaya/monumen-bambu-runcing
2026-04-20 04:56:33 | DEBUG    |   [L2] Membuka: https://foursquare.com/v/monumen-bambu-runcing/5032d1e5e4b02f2b3d78e514
2026-04-20 04:56:37 | DEBUG    |     [Lokasi] Tidak cocok — butuh salah satu dari: ['sulawesi selatan', 'kabupaten sidenreng rappang', 'sidenreng rappang']...
2026-04-20 04:56:37 | DEBUG    |   [L2] Tolak isi halaman — tidak ada bukti lokasi alamat: https://foursquare.com/v/monumen-bambu-runcing/5032d1e5e4b02f2b3d78e514
2026-04-20 04:56:37 | DEBUG    |   [L2] Membuka: https://www.rmolsumut.id/
2026-04-20 04:56:38 | DEBUG    |     [Lokasi] Tidak cocok — butuh salah satu dari: ['sulawesi selatan', 'kabupaten sidenreng rappang', 'sidenreng rappang']...
2026-04-20 04:56:38 | DEBUG    |   [L2] Tolak isi halaman — tidak ada bukti lokasi alamat: https://www.rmolsumut.id/
2026-04-20 04:56:38 | DEBUG    |   [L2] Membuka: https://www.google.com/?hl=id
2026-04-20 04:56:39 | DEBUG    |     [Lokasi] Tidak cocok — butuh salah satu dari: ['sulawesi selatan', 'kabupaten sidenreng rappang', 'sidenreng rappang']...
2026-04-20 04:56:39 | DEBUG    |   [L2] Tolak isi halaman — tidak ada bukti lokasi alamat: https://www.google.com/?hl=id
2026-04-20 04:56:39 | DEBUG    |   [L3] Playwright coba 6 URL ...
2026-04-20 04:56:39 | DEBUG    |   [L3] Navigasi ke: https://hai.kemenkeu.go.id/login
2026-04-20 04:56:41 | DEBUG    |     [Lokasi] Tidak cocok — butuh salah satu dari: ['sulawesi selatan', 'kabupaten sidenreng rappang', 'sidenreng rappang']...
2026-04-20 04:56:41 | DEBUG    |   [L3] Tolak — tidak ada bukti lokasi alamat: https://hai.kemenkeu.go.id/login
2026-04-20 04:56:41 | DEBUG    |   [L3] Navigasi ke: https://id.wikipedia.org/wiki/Kabupaten_Sidenreng_Rappang
2026-04-20 04:56:43 | DEBUG    |     Posisi kata tiket: []
2026-04-20 04:56:43 | DEBUG    |     Tidak ada kata tiket, fallback ke pencarian global.
2026-04-20 04:56:43 | DEBUG    |   [L3] Navigasi ke: https://www.travelio.com/surabaya/monumen-bambu-runcing
2026-04-20 04:56:45 | DEBUG    |     [Lokasi] Tidak cocok — butuh salah satu dari: ['sulawesi selatan', 'kabupaten sidenreng rappang', 'sidenreng rappang']...
2026-04-20 04:56:45 | DEBUG    |   [L3] Tolak — tidak ada bukti lokasi alamat: https://www.travelio.com/surabaya/monumen-bambu-runcing
2026-04-20 04:56:45 | DEBUG    |   [L3] Navigasi ke: https://foursquare.com/v/monumen-bambu-runcing/5032d1e5e4b02f2b3d78e514
2026-04-20 04:56:49 | DEBUG    |     [Lokasi] Tidak cocok — butuh salah satu dari: ['sulawesi selatan', 'kabupaten sidenreng rappang', 'sidenreng rappang']...
2026-04-20 04:56:49 | DEBUG    |   [L3] Tolak — tidak ada bukti lokasi alamat: https://foursquare.com/v/monumen-bambu-runcing/5032d1e5e4b02f2b3d78e514
2026-04-20 04:56:49 | DEBUG    |   [L3] Navigasi ke: https://www.rmolsumut.id/
2026-04-20 04:56:50 | DEBUG    |     [Lokasi] Tidak cocok — butuh salah satu dari: ['sulawesi selatan', 'kabupaten sidenreng rappang', 'sidenreng rappang']...
2026-04-20 04:56:50 | DEBUG    |   [L3] Tolak — tidak ada bukti lokasi alamat: https://www.rmolsumut.id/
2026-04-20 04:56:50 | DEBUG    |   [L3] Navigasi ke: https://www.google.com/?hl=id
2026-04-20 04:56:51 | DEBUG    |     [Lokasi] Tidak cocok — butuh salah satu dari: ['sulawesi selatan', 'kabupaten sidenreng rappang', 'sidenreng rappang']...
2026-04-20 04:56:51 | DEBUG    |   [L3] Tolak — tidak ada bukti lokasi alamat: https://www.google.com/?hl=id
2026-04-20 04:56:51 | DEBUG    |   >> Semua level gagal — NULL.
2026-04-20 04:56:51 | INFO     | [  207/2708] [NULL]  'Monumen Bambu Runcing Rappang' -> tidak ditemukan
2026-04-20 04:56:53 | INFO     | [  208/2708] [SKIP]  'Pantai Nambo' -> Rp 4,000
2026-04-20 04:56:53 | INFO     | [  209/2708] [SKIP]  'Pantai Batuangus' -> Rp 70,000
2026-04-20 04:56:53 | INFO     | [  210/2708] [SKIP]  'Taman Purbakala Batu Pake Gojeng' -> Rp 2,500
2026-04-20 04:56:53 | INFO     | [  211/2708] [SKIP]  'Pantai Lumintang Bentenan Ratahan' -> Rp 5,000
2026-04-20 04:56:53 | INFO     | [  212/2708] [CARI]  'Taman Budaya Hasan Bahasyuan Masigi' (Wisata Alam)
2026-04-20 04:56:53 | DEBUG    |   Lokasi: 'Kabupaten Parigi Moutong' | 'Sulawesi Tengah'
2026-04-20 04:56:53 | DEBUG    |   Jarum geolokasi: ['sulawesi tengah', 'kabupaten parigi moutong', 'parigi moutong', 'parigi']
2026-04-20 04:56:53 | DEBUG    |   Batas harga (Wisata Alam): Rp 75,000
2026-04-20 04:56:53 | DEBUG    |   [L1] Query: "Taman Budaya Hasan Bahasyuan Masigi ChIJazcVbYRfiS0R4xedH42NQvY harga tiket masuk"
2026-04-20 04:56:57 | DEBUG    |   [L1] Jumlah snippet: 5
2026-04-20 04:56:57 | DEBUG    |     Posisi kata tiket: []
2026-04-20 04:56:57 | DEBUG    |     Tidak ada kata tiket, fallback ke pencarian global.
2026-04-20 04:56:57 | DEBUG    |     Posisi kata tiket: []
2026-04-20 04:56:57 | DEBUG    |     Tidak ada kata tiket, fallback ke pencarian global.
2026-04-20 04:56:57 | DEBUG    |     Posisi kata tiket: []
2026-04-20 04:56:57 | DEBUG    |     Tidak ada kata tiket, fallback ke pencarian global.
2026-04-20 04:56:57 | DEBUG    |     [Lokasi] Tidak cocok — butuh salah satu dari: ['sulawesi tengah', 'kabupaten parigi moutong', 'parigi moutong', 'parigi']...
2026-04-20 04:56:57 | DEBUG    |   [L1] snippet 5: buang — tidak cocok lokasi alamat
2026-04-20 04:56:57 | DEBUG    |   [L1] Tidak ada harga di snippet | 5 URL untuk L2
2026-04-20 04:56:57 | DEBUG    |   [L1] Query: "Taman Budaya Hasan Bahasyuan Masigi Kabupaten Parigi Moutong Sulawesi Tengah harga tiket masuk"
2026-04-20 04:57:02 | DEBUG    |   [L1] Jumlah snippet: 5
2026-04-20 04:57:02 | DEBUG    |     Posisi kata tiket: []
2026-04-20 04:57:02 | DEBUG    |     Tidak ada kata tiket, fallback ke pencarian global.
2026-04-20 04:57:02 | DEBUG    |     Posisi kata tiket: []
2026-04-20 04:57:02 | DEBUG    |     Tidak ada kata tiket, fallback ke pencarian global.
2026-04-20 04:57:02 | DEBUG    |   [L1] Tidak ada harga di snippet | 5 URL untuk L2
2026-04-20 04:57:02 | DEBUG    |   [L1] Query: "Taman Budaya Hasan Bahasyuan Masigi Kabupaten Parigi Moutong Sulawesi Tengah HTM retribusi tiket masuk wisata"
2026-04-20 04:57:10 | DEBUG    |   [L1] Jumlah snippet: 5
2026-04-20 04:57:10 | DEBUG    |     Posisi kata tiket: []
2026-04-20 04:57:10 | DEBUG    |     Tidak ada kata tiket, fallback ke pencarian global.
2026-04-20 04:57:10 | DEBUG    |     Posisi kata tiket: []
2026-04-20 04:57:10 | DEBUG    |     Tidak ada kata tiket, fallback ke pencarian global.
2026-04-20 04:57:10 | DEBUG    |   [L1] Tidak ada harga di snippet | 5 URL untuk L2
2026-04-20 04:57:10 | DEBUG    |   [L2] Membuka: https://www.seperdetik.com/peringatan-hari-lanjut-usia-di-kabupaten-parigi-moutong/
2026-04-20 04:57:14 | DEBUG    |     [Gratis] 'gratis' dekat kata false positive, dilewati.
2026-04-20 04:57:14 | DEBUG    |     [Gratis] 'gratis' dekat kata false positive, dilewati.
2026-04-20 04:57:14 | DEBUG    |     [Gratis] 'gratis' dekat kata false positive, dilewati.
2026-04-20 04:57:14 | DEBUG    |     [Gratis] 'gratis' dekat kata false positive, dilewati.
2026-04-20 04:57:14 | DEBUG    |     [Gratis] 'gratis' dekat kata false positive, dilewati.
2026-04-20 04:57:14 | DEBUG    |     [Gratis] 'gratis' dekat kata false positive, dilewati.
2026-04-20 04:57:14 | DEBUG    |     Posisi kata tiket: []
2026-04-20 04:57:14 | DEBUG    |     Tidak ada kata tiket, fallback ke pencarian global.
2026-04-20 04:57:15 | DEBUG    |   [L2] Membuka: https://id.wikipedia.org/wiki/Kabupaten_Parigi_Moutong
2026-04-20 04:57:17 | DEBUG    |     Posisi kata tiket: []
2026-04-20 04:57:17 | DEBUG    |     Tidak ada kata tiket, fallback ke pencarian global.
2026-04-20 04:57:18 | DEBUG    |   [L2] Membuka: https://id.wikipedia.org/wiki/Daftar_kecamatan_dan_kelurahan_di_Kabupaten_Parigi_Moutong
2026-04-20 04:57:19 | DEBUG    |     Posisi kata tiket: []
2026-04-20 04:57:19 | DEBUG    |     Tidak ada kata tiket, fallback ke pencarian global.
2026-04-20 04:57:20 | DEBUG    |   [L2] Membuka: https://kalammedia.net/2023/04/11/taman-budaya-tugu-hasan-m-bahasyuan-diresmikan-bupati-samsurizal-pada-peringatan-hut-kabupaten-parimo-ke-21/
2026-04-20 04:57:53 | DEBUG    |   [L2] Error (https://kalammedia.net/2023/04/11/taman-budaya-tugu-hasan-m-bahasyuan-diresmikan-bupati-samsurizal-pada-peringatan-hut-kabupaten-parimo-ke-21/): HTTPSConnectionPool(host='kalammedia.net', port=443): Read timed out.
2026-04-20 04:57:53 | DEBUG    |   [L2] Membuka: https://kutora.id/sosial-budaya/peresmian-taman-hasan-bahasyuan-bertepatan-hut-ke-21-parigi-moutong/1546/
2026-04-20 04:57:55 | DEBUG    |     Posisi kata tiket: []
2026-04-20 04:57:55 | DEBUG    |     Tidak ada kata tiket, fallback ke pencarian global.
2026-04-20 04:57:56 | DEBUG    |   [L2] Membuka: https://tamanbudaya.co.id/
2026-04-20 04:57:57 | DEBUG    |     [Lokasi] Tidak cocok — butuh salah satu dari: ['sulawesi tengah', 'kabupaten parigi moutong', 'parigi moutong', 'parigi']...
2026-04-20 04:57:57 | DEBUG    |   [L2] Tolak isi halaman — tidak ada bukti lokasi alamat: https://tamanbudaya.co.id/
2026-04-20 04:57:57 | DEBUG    |   [L3] Playwright coba 6 URL ...
2026-04-20 04:57:57 | DEBUG    |   [L3] Navigasi ke: https://www.seperdetik.com/peringatan-hari-lanjut-usia-di-kabupaten-parigi-moutong/
2026-04-20 04:57:59 | DEBUG    |     [Gratis] 'gratis' dekat kata false positive, dilewati.
2026-04-20 04:57:59 | DEBUG    |     [Gratis] 'gratis' dekat kata false positive, dilewati.
2026-04-20 04:57:59 | DEBUG    |     [Gratis] 'gratis' dekat kata false positive, dilewati.
2026-04-20 04:57:59 | DEBUG    |     [Gratis] 'gratis' dekat kata false positive, dilewati.
2026-04-20 04:57:59 | DEBUG    |     [Gratis] 'gratis' dekat kata false positive, dilewati.
2026-04-20 04:57:59 | DEBUG    |     [Gratis] 'gratis' dekat kata false positive, dilewati.
2026-04-20 04:57:59 | DEBUG    |     Posisi kata tiket: []
2026-04-20 04:57:59 | DEBUG    |     Tidak ada kata tiket, fallback ke pencarian global.
2026-04-20 04:57:59 | DEBUG    |   [L3] Navigasi ke: https://id.wikipedia.org/wiki/Kabupaten_Parigi_Moutong
2026-04-20 04:58:00 | DEBUG    |     Posisi kata tiket: []
2026-04-20 04:58:00 | DEBUG    |     Tidak ada kata tiket, fallback ke pencarian global.
2026-04-20 04:58:00 | DEBUG    |   [L3] Navigasi ke: https://id.wikipedia.org/wiki/Daftar_kecamatan_dan_kelurahan_di_Kabupaten_Parigi_Moutong
2026-04-20 04:58:01 | DEBUG    |     Posisi kata tiket: []
2026-04-20 04:58:01 | DEBUG    |     Tidak ada kata tiket, fallback ke pencarian global.
2026-04-20 04:58:01 | DEBUG    |   [L3] Navigasi ke: https://kalammedia.net/2023/04/11/taman-budaya-tugu-hasan-m-bahasyuan-diresmikan-bupati-samsurizal-pada-peringatan-hut-kabupaten-parimo-ke-21/
2026-04-20 04:58:04 | DEBUG    |     Posisi kata tiket: [4944]
2026-04-20 04:58:04 | DEBUG    |   [L3] Navigasi ke: https://kutora.id/sosial-budaya/peresmian-taman-hasan-bahasyuan-bertepatan-hut-ke-21-parigi-moutong/1546/
2026-04-20 04:58:05 | DEBUG    |     [Gratis] 'gratis' tidak dekat kata tiket, dilewati.
2026-04-20 04:58:05 | DEBUG    |     [Gratis] 'gratis' tidak dekat kata tiket, dilewati.
2026-04-20 04:58:05 | DEBUG    |     [Gratis] 'gratis' tidak dekat kata tiket, dilewati.
2026-04-20 04:58:05 | DEBUG    |     [Gratis] 'gratis' tidak dekat kata tiket, dilewati.
2026-04-20 04:58:05 | DEBUG    |     Posisi kata tiket: [4514]
2026-04-20 04:58:05 | DEBUG    |   [L3] Navigasi ke: https://tamanbudaya.co.id/
2026-04-20 04:58:06 | DEBUG    |     [Lokasi] Tidak cocok — butuh salah satu dari: ['sulawesi tengah', 'kabupaten parigi moutong', 'parigi moutong', 'parigi']...
2026-04-20 04:58:06 | DEBUG    |   [L3] Tolak — tidak ada bukti lokasi alamat: https://tamanbudaya.co.id/
2026-04-20 04:58:06 | DEBUG    |   >> Semua level gagal — NULL.
2026-04-20 04:58:06 | INFO     | [  212/2708] [NULL]  'Taman Budaya Hasan Bahasyuan Masigi' -> tidak ditemukan
2026-04-20 04:58:08 | INFO     | [  213/2708] [CARI]  'Pantai Molino Tapuondau' (Wisata Alam)
2026-04-20 04:58:08 | DEBUG    |   Lokasi: 'Kabupaten Luwu Timur' | 'Sulawesi Selatan'
2026-04-20 04:58:08 | DEBUG    |   Jarum geolokasi: ['sulawesi selatan', 'kabupaten luwu timur', 'luwu timur']
2026-04-20 04:58:08 | DEBUG    |   Batas harga (Wisata Alam): Rp 75,000
2026-04-20 04:58:08 | DEBUG    |   [L1] Query: "Pantai Molino Tapuondau ChIJd29aXN5lkC0RHeYUneEM2JY harga tiket masuk"
2026-04-20 04:58:13 | DEBUG    |   [L1] Jumlah snippet: 5
2026-04-20 04:58:13 | DEBUG    |   [L1] Tidak ada harga di snippet | 4 URL untuk L2
2026-04-20 04:58:13 | DEBUG    |   [L1] Query: "Pantai Molino Tapuondau Kabupaten Luwu Timur Sulawesi Selatan harga tiket masuk"
2026-04-20 04:58:17 | DEBUG    |   [L1] Jumlah snippet: 5
2026-04-20 04:58:17 | DEBUG    |     Posisi kata tiket: []
2026-04-20 04:58:17 | DEBUG    |     Tidak ada kata tiket, fallback ke pencarian global.
2026-04-20 04:58:17 | DEBUG    |     Posisi kata tiket: []
2026-04-20 04:58:17 | DEBUG    |     Tidak ada kata tiket, fallback ke pencarian global.
2026-04-20 04:58:17 | DEBUG    |   [L1] Tidak ada harga di snippet | 5 URL untuk L2
2026-04-20 04:58:17 | DEBUG    |   [L1] Query: "Pantai Molino Tapuondau Kabupaten Luwu Timur Sulawesi Selatan HTM retribusi tiket masuk wisata"
2026-04-20 04:58:20 | DEBUG    |   [L1] Jumlah snippet: 5
2026-04-20 04:58:20 | DEBUG    |     Posisi kata tiket: []
2026-04-20 04:58:20 | DEBUG    |     Tidak ada kata tiket, fallback ke pencarian global.
2026-04-20 04:58:20 | DEBUG    |   [L1] Tidak ada harga di snippet | 5 URL untuk L2
2026-04-20 04:58:20 | DEBUG    |   [L2] Membuka: https://jadesta.kemenpar.go.id/atraksi/pantai_molino
2026-04-20 04:58:40 | DEBUG    |   [L2] Timeout: https://jadesta.kemenpar.go.id/atraksi/pantai_molino
2026-04-20 04:58:40 | DEBUG    |   [L2] Membuka: https://travel.kompas.com/read/2025/05/23/082000927/harga-tiket-masuk-tn-baluran-terkini-hari-kerja-dan-libur-beda
2026-04-20 04:58:41 | DEBUG    |     [Lokasi] Tidak cocok — butuh salah satu dari: ['sulawesi selatan', 'kabupaten luwu timur', 'luwu timur']...
2026-04-20 04:58:41 | DEBUG    |   [L2] Tolak isi halaman — tidak ada bukti lokasi alamat: https://travel.kompas.com/read/2025/05/23/082000927/harga-tiket-masuk-tn-baluran-terkini-hari-kerja-dan-libur-beda
2026-04-20 04:58:41 | DEBUG    |   [L2] Membuka: https://travel.kompas.com/read/2024/02/04/170500927/harga-tiket-masuk-terkini-pantai-glagah-di-kulon-progo
2026-04-20 04:58:41 | DEBUG    |     [Lokasi] Tidak cocok — butuh salah satu dari: ['sulawesi selatan', 'kabupaten luwu timur', 'luwu timur']...
2026-04-20 04:58:41 | DEBUG    |   [L2] Tolak isi halaman — tidak ada bukti lokasi alamat: https://travel.kompas.com/read/2024/02/04/170500927/harga-tiket-masuk-terkini-pantai-glagah-di-kulon-progo
2026-04-20 04:58:41 | DEBUG    |   [L2] Membuka: https://travel.detik.com/travel-news/d-8001653/penarik-retribusi-tiket-masuk-di-pangandaran-kena-ott-diduga-lakukan-pungli
2026-04-20 04:58:43 | DEBUG    |     [Lokasi] Tidak cocok — butuh salah satu dari: ['sulawesi selatan', 'kabupaten luwu timur', 'luwu timur']...
2026-04-20 04:58:43 | DEBUG    |   [L2] Tolak isi halaman — tidak ada bukti lokasi alamat: https://travel.detik.com/travel-news/d-8001653/penarik-retribusi-tiket-masuk-di-pangandaran-kena-ott-diduga-lakukan-pungli
2026-04-20 04:58:43 | DEBUG    |   [L2] Membuka: https://travel.tribunnews.com/destinasi/140539/pantai-togeo-bone-sulawesi-selatan-tiket-masuk-lokasi-panduan-rute
2026-04-20 04:58:44 | DEBUG    |     Posisi kata tiket: [37, 1516, 1621, 3275, 3412]
2026-04-20 04:58:44 | DEBUG    |     Jendela mengandung kata akomodasi, dilewati.
2026-04-20 04:58:44 | DEBUG    |     Jendela mengandung kata akomodasi, dilewati.
2026-04-20 04:58:44 | DEBUG    |     Kandidat dari jendela tiket: Rp 5,000
2026-04-20 04:58:44 | DEBUG    |     Kandidat dari jendela tiket: Rp 10,000
2026-04-20 04:58:44 | DEBUG    |     Kandidat valid: [5000, 10000], dipilih: Rp 5,000
2026-04-20 04:58:44 | DEBUG    |   [L2] Harga Rp 5,000 dari https://travel.tribunnews.com/destinasi/140539/pantai-togeo-bone-sulawesi-selatan-tiket-masuk-lokasi-panduan-rute
2026-04-20 04:58:44 | DEBUG    |   >> Ditemukan di L2: Rp 5,000
2026-04-20 04:58:44 | INFO     | [  213/2708] [OK]    'Pantai Molino Tapuondau' -> Rp 5,000 (Murah) [L2] https://travel.tribunnews.com/destinasi/140539/pantai-togeo-bone-sulaw
2026-04-20 04:58:46 | INFO     | [  214/2708] [SKIP]  'Taipa Beach' -> Rp 30,000
2026-04-20 04:58:46 | INFO     | [  215/2708] [SKIP]  'Museum Negeri Provinsi Sulawesi Tengah - Palu' -> Rp 3,000
2026-04-20 04:58:46 | INFO     | [  216/2708] [SKIP]  'Pantai Lemo' -> Rp 5,000
2026-04-20 04:58:46 | INFO     | [  217/2708] [SKIP]  'Pantai Cemara' -> Rp 10,000
2026-04-20 04:58:46 | INFO     | [  218/2708] [SKIP]  'Dulanga Beach' -> Rp 5,000
2026-04-20 04:58:46 | INFO     | [  219/2708] [SKIP]  'Wisata Pantai Lowita' -> Rp 5,000
2026-04-20 04:58:46 | INFO     | [  220/2708] [CARI]  'Air Terjun Pung Bunga Bonto Manurung' (Wisata Alam)
2026-04-20 04:58:46 | DEBUG    |   Lokasi: 'Kabupaten Maros' | 'Sulawesi Selatan'
2026-04-20 04:58:46 | DEBUG    |   Jarum geolokasi: ['sulawesi selatan', 'kabupaten maros', 'maros']
2026-04-20 04:58:46 | DEBUG    |   Batas harga (Wisata Alam): Rp 75,000
2026-04-20 04:58:46 | DEBUG    |   [L1] Query: "Air Terjun Pung Bunga Bonto Manurung ChIJFzIoZMWSvi0RygyTpu9NweY harga tiket masuk"
2026-04-20 04:58:54 | DEBUG    |   [L1] Jumlah snippet: 5
2026-04-20 04:58:54 | DEBUG    |     [Lokasi] Tidak cocok — butuh salah satu dari: ['sulawesi selatan', 'kabupaten maros', 'maros']...
2026-04-20 04:58:54 | DEBUG    |   [L1] snippet 1: buang — tidak cocok lokasi alamat
2026-04-20 04:58:54 | DEBUG    |     Posisi kata tiket: []
2026-04-20 04:58:54 | DEBUG    |     Tidak ada kata tiket, fallback ke pencarian global.
2026-04-20 04:58:54 | DEBUG    |     Posisi kata tiket: []
2026-04-20 04:58:54 | DEBUG    |     Tidak ada kata tiket, fallback ke pencarian global.
2026-04-20 04:58:54 | DEBUG    |     Posisi kata tiket: []
2026-04-20 04:58:54 | DEBUG    |     Tidak ada kata tiket, fallback ke pencarian global.
2026-04-20 04:58:54 | DEBUG    |     Posisi kata tiket: []
2026-04-20 04:58:54 | DEBUG    |     Tidak ada kata tiket, fallback ke pencarian global.
2026-04-20 04:58:54 | DEBUG    |   [L1] Tidak ada harga di snippet | 5 URL untuk L2
2026-04-20 04:58:54 | DEBUG    |   [L1] Query: "Air Terjun Pung Bunga Bonto Manurung Kabupaten Maros Sulawesi Selatan harga tiket masuk"
2026-04-20 04:59:01 | DEBUG    |   [L1] Jumlah snippet: 5
2026-04-20 04:59:01 | DEBUG    |     Posisi kata tiket: []
2026-04-20 04:59:01 | DEBUG    |     Tidak ada kata tiket, fallback ke pencarian global.
2026-04-20 04:59:01 | DEBUG    |     Posisi kata tiket: []
2026-04-20 04:59:01 | DEBUG    |     Tidak ada kata tiket, fallback ke pencarian global.
2026-04-20 04:59:01 | DEBUG    |     Posisi kata tiket: []
2026-04-20 04:59:01 | DEBUG    |     Tidak ada kata tiket, fallback ke pencarian global.
2026-04-20 04:59:01 | DEBUG    |     Posisi kata tiket: []
2026-04-20 04:59:01 | DEBUG    |     Tidak ada kata tiket, fallback ke pencarian global.
2026-04-20 04:59:01 | DEBUG    |     Posisi kata tiket: []
2026-04-20 04:59:01 | DEBUG    |     Tidak ada kata tiket, fallback ke pencarian global.
2026-04-20 04:59:01 | DEBUG    |   [L1] Tidak ada harga di snippet | 5 URL untuk L2
2026-04-20 04:59:01 | DEBUG    |   [L1] Query: "Air Terjun Pung Bunga Bonto Manurung Kabupaten Maros Sulawesi Selatan HTM retribusi tiket masuk wisata"
2026-04-20 04:59:05 | DEBUG    |   [L1] Jumlah snippet: 5
2026-04-20 04:59:05 | DEBUG    |     Posisi kata tiket: []
2026-04-20 04:59:05 | DEBUG    |     Tidak ada kata tiket, fallback ke pencarian global.
2026-04-20 04:59:05 | DEBUG    |     Posisi kata tiket: []
2026-04-20 04:59:05 | DEBUG    |     Tidak ada kata tiket, fallback ke pencarian global.
2026-04-20 04:59:05 | DEBUG    |     Posisi kata tiket: []
2026-04-20 04:59:05 | DEBUG    |     Tidak ada kata tiket, fallback ke pencarian global.
2026-04-20 04:59:05 | DEBUG    |     Posisi kata tiket: []
2026-04-20 04:59:05 | DEBUG    |     Tidak ada kata tiket, fallback ke pencarian global.
2026-04-20 04:59:05 | DEBUG    |     Posisi kata tiket: []
2026-04-20 04:59:05 | DEBUG    |     Tidak ada kata tiket, fallback ke pencarian global.
2026-04-20 04:59:05 | DEBUG    |   [L1] Tidak ada harga di snippet | 4 URL untuk L2
2026-04-20 04:59:05 | DEBUG    |   [L2] Membuka: https://jadesta.kemenparekraf.go.id/desa/bonto_manurung
2026-04-20 04:59:08 | DEBUG    |   [L2] Error (https://jadesta.kemenparekraf.go.id/desa/bonto_manurung): HTTPSConnectionPool(host='jadesta.kemenparekraf.go.id', port=443): Max retries exceeded with url: /desa/bonto_manurung (Caused by NameResolutionError("HTTPSConnection(host='jadesta.kemenparekraf.go.id', port=443): Failed to resolve 'jadesta.kemenparekraf.go.id' ([Errno 11002] getaddrinfo failed)"))
2026-04-20 04:59:08 | DEBUG    |   [L2] Membuka: https://makassar.kompas.com/read/2024/07/14/233658278/mengenal-air-terjun-jami-di-maros-wisatawan-yang-datang-diminta-berhati
2026-04-20 04:59:09 | DEBUG    |     Posisi kata tiket: [5019, 5086, 5156, 5283]
2026-04-20 04:59:10 | DEBUG    |   [L2] Membuka: https://travel.detik.com/domestic-destination/d-5222521/asyiknya-wisata-dengan-mobil-offroad-di-sulsel
2026-04-20 04:59:11 | DEBUG    |     Posisi kata tiket: []
2026-04-20 04:59:11 | DEBUG    |     Tidak ada kata tiket, fallback ke pencarian global.
2026-04-20 04:59:12 | DEBUG    |   [L2] Membuka: https://id.wikipedia.org/wiki/Air_terjun_Pung_Bunga
2026-04-20 04:59:13 | DEBUG    |     Posisi kata tiket: [5648]
2026-04-20 04:59:14 | DEBUG    |   [L2] Membuka: https://www.idntimes.com/travel/destination/pesona-air-terjun-pung-bunga-di-maros-c1c2-01-5ltmv-0csp2b
2026-04-20 04:59:15 | DEBUG    |     Posisi kata tiket: []
2026-04-20 04:59:15 | DEBUG    |     Tidak ada kata tiket, fallback ke pencarian global.
2026-04-20 04:59:16 | DEBUG    |   [L2] Membuka: https://www.berakhirpekan.com/2020/05/air-terjun-pung-bunga.html
2026-04-20 04:59:18 | DEBUG    |     Posisi kata tiket: []
2026-04-20 04:59:18 | DEBUG    |     Tidak ada kata tiket, fallback ke pencarian global.
2026-04-20 04:59:18 | DEBUG    |     Rp 2,000 dekat kata akomodasi, dilewati.
2026-04-20 04:59:19 | DEBUG    |   [L3] Playwright coba 6 URL ...
2026-04-20 04:59:19 | DEBUG    |   [L3] Navigasi ke: https://jadesta.kemenparekraf.go.id/desa/bonto_manurung
2026-04-20 04:59:21 | DEBUG    |   [L3] Error (https://jadesta.kemenparekraf.go.id/desa/bonto_manurung): Page.goto: net::ERR_NAME_NOT_RESOLVED at https://jadesta.kemenparekraf.go.id/desa/bonto_manurung
Call log:
  - navigating to "https://jadesta.kemenparekraf.go.id/desa/bonto_manurung", waiting until "domcontentloaded"

2026-04-20 04:59:21 | DEBUG    |   [L3] Navigasi ke: https://makassar.kompas.com/read/2024/07/14/233658278/mengenal-air-terjun-jami-di-maros-wisatawan-yang-datang-diminta-berhati
2026-04-20 04:59:22 | DEBUG    |   [L3] Error (https://makassar.kompas.com/read/2024/07/14/233658278/mengenal-air-terjun-jami-di-maros-wisatawan-yang-datang-diminta-berhati): Page.goto: Navigation to "https://makassar.kompas.com/read/2024/07/14/233658278/mengenal-air-terjun-jami-di-maros-wisatawan-yang-datang-diminta-berhati" is interrupted by another navigation to "chrome-error://chromewebdata/"
Call log:
  - navigating to "https://makassar.kompas.com/read/2024/07/14/233658278/mengenal-air-terjun-jami-di-maros-wisatawan-yang-datang-diminta-berhati", waiting until "domcontentloaded"

2026-04-20 04:59:22 | DEBUG    |   [L3] Navigasi ke: https://travel.detik.com/domestic-destination/d-5222521/asyiknya-wisata-dengan-mobil-offroad-di-sulsel
2026-04-20 04:59:23 | DEBUG    |   [L3] Error (https://travel.detik.com/domestic-destination/d-5222521/asyiknya-wisata-dengan-mobil-offroad-di-sulsel): Page.goto: Navigation to "https://travel.detik.com/domestic-destination/d-5222521/asyiknya-wisata-dengan-mobil-offroad-di-sulsel" is interrupted by another navigation to "https://makassar.kompas.com/read/2024/07/14/233658278/mengenal-air-terjun-jami-di-maros-wisatawan-yang-datang-diminta-berhati"
Call log:
  - navigating to "https://travel.detik.com/domestic-destination/d-5222521/asyiknya-wisata-dengan-mobil-offroad-di-sulsel", waiting until "domcontentloaded"

2026-04-20 04:59:23 | DEBUG    |   [L3] Navigasi ke: https://id.wikipedia.org/wiki/Air_terjun_Pung_Bunga
2026-04-20 04:59:23 | DEBUG    |   [L3] Error (https://id.wikipedia.org/wiki/Air_terjun_Pung_Bunga): Page.goto: Navigation to "https://id.wikipedia.org/wiki/Air_terjun_Pung_Bunga" is interrupted by another navigation to "https://travel.detik.com/domestic-destination/d-5222521/asyiknya-wisata-dengan-mobil-offroad-di-sulsel"
Call log:
  - navigating to "https://id.wikipedia.org/wiki/Air_terjun_Pung_Bunga", waiting until "domcontentloaded"

2026-04-20 04:59:23 | DEBUG    |   [L3] Navigasi ke: https://www.idntimes.com/travel/destination/pesona-air-terjun-pung-bunga-di-maros-c1c2-01-5ltmv-0csp2b
2026-04-20 04:59:23 | DEBUG    |   [L3] Error (https://www.idntimes.com/travel/destination/pesona-air-terjun-pung-bunga-di-maros-c1c2-01-5ltmv-0csp2b): Page.goto: Navigation to "https://www.idntimes.com/travel/destination/pesona-air-terjun-pung-bunga-di-maros-c1c2-01-5ltmv-0csp2b" is interrupted by another navigation to "https://id.wikipedia.org/wiki/Air_terjun_Pung_Bunga"
Call log:
  - navigating to "https://www.idntimes.com/travel/destination/pesona-air-terjun-pung-bunga-di-maros-c1c2-01-5ltmv-0csp2b", waiting until "domcontentloaded"

2026-04-20 04:59:23 | DEBUG    |   [L3] Navigasi ke: https://www.berakhirpekan.com/2020/05/air-terjun-pung-bunga.html
2026-04-20 04:59:24 | DEBUG    |   [L3] Error (https://www.berakhirpekan.com/2020/05/air-terjun-pung-bunga.html): Page.goto: Navigation to "https://www.berakhirpekan.com/2020/05/air-terjun-pung-bunga.html" is interrupted by another navigation to "https://www.idntimes.com/travel/destination/pesona-air-terjun-pung-bunga-di-maros-c1c2-01-5ltmv-0csp2b"
Call log:
  - navigating to "https://www.berakhirpekan.com/2020/05/air-terjun-pung-bunga.html", waiting until "domcontentloaded"

2026-04-20 04:59:24 | DEBUG    |   >> Semua level gagal — NULL.
2026-04-20 04:59:24 | INFO     | [  220/2708] [NULL]  'Air Terjun Pung Bunga Bonto Manurung' -> tidak ditemukan
2026-04-20 04:59:26 | INFO     | [  221/2708] [CARI]  'Pantai Mutiara' (Wisata Alam)
2026-04-20 04:59:26 | DEBUG    |   Lokasi: 'Kabupaten Buton' | 'Sulawesi Tenggara'
2026-04-20 04:59:26 | DEBUG    |   Jarum geolokasi: ['sulawesi tenggara', 'kabupaten buton', 'buton']
2026-04-20 04:59:26 | DEBUG    |   Batas harga (Wisata Alam): Rp 75,000
2026-04-20 04:59:26 | DEBUG    |   [L1] Query: "Pantai Mutiara ChIJ8ZlGULB_oy0RZS4Sd1H7z_4 harga tiket masuk"
2026-04-20 04:59:36 | DEBUG    |   [L1] Jumlah snippet: 5
2026-04-20 04:59:36 | DEBUG    |   [L1] Tidak ada harga di snippet | 4 URL untuk L2
2026-04-20 04:59:36 | DEBUG    |   [L1] Query: "Pantai Mutiara Kabupaten Buton Sulawesi Tenggara harga tiket masuk"
2026-04-20 04:59:39 | DEBUG    |   [L1] Jumlah snippet: 5
2026-04-20 04:59:39 | DEBUG    |     [Lokasi] Tidak cocok — butuh salah satu dari: ['sulawesi tenggara', 'kabupaten buton', 'buton']...
2026-04-20 04:59:39 | DEBUG    |   [L1] snippet 4: buang — tidak cocok lokasi alamat
2026-04-20 04:59:39 | DEBUG    |   [L1] Tidak ada harga di snippet | 5 URL untuk L2
2026-04-20 04:59:39 | DEBUG    |   [L1] Query: "Pantai Mutiara Kabupaten Buton Sulawesi Tenggara HTM retribusi tiket masuk wisata"
2026-04-20 04:59:43 | DEBUG    |   [L1] Jumlah snippet: 5
2026-04-20 04:59:43 | DEBUG    |     Posisi kata tiket: []
2026-04-20 04:59:43 | DEBUG    |     Tidak ada kata tiket, fallback ke pencarian global.
2026-04-20 04:59:43 | DEBUG    |     Posisi kata tiket: []
2026-04-20 04:59:43 | DEBUG    |     Tidak ada kata tiket, fallback ke pencarian global.
2026-04-20 04:59:43 | DEBUG    |   [L1] Tidak ada harga di snippet | 5 URL untuk L2
2026-04-20 04:59:43 | DEBUG    |   [L2] Membuka: https://travel.kompas.com/read/2016/08/16/101800027/Indahnya.Pasir.Putih.Pantai.Mutiara.di.Buton
2026-04-20 04:59:43 | DEBUG    |     Posisi kata tiket: [5731]
2026-04-20 04:59:44 | DEBUG    |   [L2] Membuka: https://travel.detik.com/travel-news/d-8001653/penarik-retribusi-tiket-masuk-di-pangandaran-kena-ott-diduga-lakukan-pungli
2026-04-20 04:59:45 | DEBUG    |     [Lokasi] Tidak cocok — butuh salah satu dari: ['sulawesi tenggara', 'kabupaten buton', 'buton']...
2026-04-20 04:59:45 | DEBUG    |   [L2] Tolak isi halaman — tidak ada bukti lokasi alamat: https://travel.detik.com/travel-news/d-8001653/penarik-retribusi-tiket-masuk-di-pangandaran-kena-ott-diduga-lakukan-pungli
2026-04-20 04:59:45 | DEBUG    |   [L2] Membuka: https://travel.tribunnews.com/2025/05/11/harga-tiket-kapal-wisata-di-pantai-mali-alor-ntt-untuk-melihat-duyung
2026-04-20 04:59:46 | DEBUG    |     [Lokasi] Tidak cocok — butuh salah satu dari: ['sulawesi tenggara', 'kabupaten buton', 'buton']...
2026-04-20 04:59:46 | DEBUG    |   [L2] Tolak isi halaman — tidak ada bukti lokasi alamat: https://travel.tribunnews.com/2025/05/11/harga-tiket-kapal-wisata-di-pantai-mali-alor-ntt-untuk-melihat-duyung
2026-04-20 04:59:46 | DEBUG    |   [L2] Membuka: https://id.wikipedia.org/wiki/Kabupaten_Administrasi_Kepulauan_Seribu
2026-04-20 04:59:46 | DEBUG    |     [Lokasi] Tidak cocok — butuh salah satu dari: ['sulawesi tenggara', 'kabupaten buton', 'buton']...
2026-04-20 04:59:46 | DEBUG    |   [L2] Tolak isi halaman — tidak ada bukti lokasi alamat: https://id.wikipedia.org/wiki/Kabupaten_Administrasi_Kepulauan_Seribu
2026-04-20 04:59:46 | DEBUG    |   [L2] Membuka: https://www.bbc.com/indonesia/articles/c4g4gp10qdko
2026-04-20 04:59:47 | DEBUG    |     [Lokasi] Tidak cocok — butuh salah satu dari: ['sulawesi tenggara', 'kabupaten buton', 'buton']...
2026-04-20 04:59:47 | DEBUG    |   [L2] Tolak isi halaman — tidak ada bukti lokasi alamat: https://www.bbc.com/indonesia/articles/c4g4gp10qdko
2026-04-20 04:59:47 | DEBUG    |   [L2] Membuka: https://id.pinterest.com/
2026-04-20 04:59:48 | DEBUG    |     [Lokasi] Tidak cocok — butuh salah satu dari: ['sulawesi tenggara', 'kabupaten buton', 'buton']...
2026-04-20 04:59:48 | DEBUG    |   [L2] Tolak isi halaman — tidak ada bukti lokasi alamat: https://id.pinterest.com/
2026-04-20 04:59:48 | DEBUG    |   [L3] Playwright coba 6 URL ...
2026-04-20 04:59:48 | DEBUG    |   [L3] Navigasi ke: https://travel.kompas.com/read/2016/08/16/101800027/Indahnya.Pasir.Putih.Pantai.Mutiara.di.Buton
2026-04-20 04:59:50 | DEBUG    |     Posisi kata tiket: [3803]
2026-04-20 04:59:50 | DEBUG    |   [L3] Navigasi ke: https://travel.detik.com/travel-news/d-8001653/penarik-retribusi-tiket-masuk-di-pangandaran-kena-ott-diduga-lakukan-pungli
2026-04-20 04:59:51 | DEBUG    |     [Lokasi] Tidak cocok — butuh salah satu dari: ['sulawesi tenggara', 'kabupaten buton', 'buton']...
2026-04-20 04:59:51 | DEBUG    |   [L3] Tolak — tidak ada bukti lokasi alamat: https://travel.detik.com/travel-news/d-8001653/penarik-retribusi-tiket-masuk-di-pangandaran-kena-ott-diduga-lakukan-pungli
2026-04-20 04:59:51 | DEBUG    |   [L3] Navigasi ke: https://travel.tribunnews.com/2025/05/11/harga-tiket-kapal-wisata-di-pantai-mali-alor-ntt-untuk-melihat-duyung
2026-04-20 04:59:53 | DEBUG    |     [Lokasi] Tidak cocok — butuh salah satu dari: ['sulawesi tenggara', 'kabupaten buton', 'buton']...
2026-04-20 04:59:53 | DEBUG    |   [L3] Tolak — tidak ada bukti lokasi alamat: https://travel.tribunnews.com/2025/05/11/harga-tiket-kapal-wisata-di-pantai-mali-alor-ntt-untuk-melihat-duyung
2026-04-20 04:59:53 | DEBUG    |   [L3] Navigasi ke: https://id.wikipedia.org/wiki/Kabupaten_Administrasi_Kepulauan_Seribu
2026-04-20 04:59:54 | DEBUG    |     [Lokasi] Tidak cocok — butuh salah satu dari: ['sulawesi tenggara', 'kabupaten buton', 'buton']...
2026-04-20 04:59:54 | DEBUG    |   [L3] Tolak — tidak ada bukti lokasi alamat: https://id.wikipedia.org/wiki/Kabupaten_Administrasi_Kepulauan_Seribu
2026-04-20 04:59:54 | DEBUG    |   [L3] Navigasi ke: https://www.bbc.com/indonesia/articles/c4g4gp10qdko
2026-04-20 04:59:56 | DEBUG    |     [Lokasi] Tidak cocok — butuh salah satu dari: ['sulawesi tenggara', 'kabupaten buton', 'buton']...
2026-04-20 04:59:56 | DEBUG    |   [L3] Tolak — tidak ada bukti lokasi alamat: https://www.bbc.com/indonesia/articles/c4g4gp10qdko
2026-04-20 04:59:56 | DEBUG    |   [L3] Navigasi ke: https://id.pinterest.com/
2026-04-20 04:59:56 | DEBUG    |     [Lokasi] Tidak cocok — butuh salah satu dari: ['sulawesi tenggara', 'kabupaten buton', 'buton']...
2026-04-20 04:59:56 | DEBUG    |   [L3] Tolak — tidak ada bukti lokasi alamat: https://id.pinterest.com/
2026-04-20 04:59:56 | DEBUG    |   >> Semua level gagal — NULL.
2026-04-20 04:59:56 | INFO     | [  221/2708] [NULL]  'Pantai Mutiara' -> tidak ditemukan
2026-04-20 04:59:58 | INFO     | [  222/2708] [SKIP]  'Whale Shark Gorontalo' -> Rp 5,000
2026-04-20 04:59:58 | INFO     | [  223/2708] [SKIP]  'Cekkeng Nursery' -> Rp 5,000
2026-04-20 04:59:58 | INFO     | [  224/2708] [SKIP]  'Wisata Batu Sori' -> Rp 0
2026-04-20 04:59:58 | INFO     | [  225/2708] [SKIP]  'Taman Batu Rammang-Rammang' -> Rp 2,500
2026-04-20 04:59:58 | INFO     | [  226/2708] [SKIP]  'Wisata Alam Wai Tiddo' -> Rp 3,000
2026-04-20 04:59:58 | INFO     | [  227/2708] [SKIP]  'Pantai Lakban Ratatotok' -> Rp 5,000
2026-04-20 04:59:58 | INFO     | [  228/2708] [SKIP]  'Alun Alun Tilamuta' -> Rp 30,000
2026-04-20 04:59:58 | INFO     | [  229/2708] [SKIP]  'Lembah Hijau Rumbia Resort' -> Rp 10,000
2026-04-20 04:59:58 | INFO     | [  230/2708] [CARI]  'Tanggul Bantaran Sungai Malili' (Wisata Alam)
2026-04-20 04:59:58 | DEBUG    |   Lokasi: 'Kabupaten Luwu Timur' | 'Sulawesi Selatan'
2026-04-20 04:59:58 | DEBUG    |   Jarum geolokasi: ['sulawesi selatan', 'kabupaten luwu timur', 'luwu timur']
2026-04-20 04:59:58 | DEBUG    |   Batas harga (Wisata Alam): Rp 75,000
2026-04-20 04:59:58 | DEBUG    |   [L1] Query: "Tanggul Bantaran Sungai Malili ChIJbVySAz5YkC0Re3ltEhqjm0Q harga tiket masuk"
2026-04-20 05:00:03 | DEBUG    |   [L1] Jumlah snippet: 5
2026-04-20 05:00:03 | DEBUG    |     [Lokasi] Tidak cocok — butuh salah satu dari: ['sulawesi selatan', 'kabupaten luwu timur', 'luwu timur']...
2026-04-20 05:00:03 | DEBUG    |   [L1] snippet 1: buang — tidak cocok lokasi alamat
2026-04-20 05:00:03 | DEBUG    |     [Lokasi] Tidak cocok — butuh salah satu dari: ['sulawesi selatan', 'kabupaten luwu timur', 'luwu timur']...
2026-04-20 05:00:03 | DEBUG    |   [L1] snippet 5: buang — tidak cocok lokasi alamat
2026-04-20 05:00:03 | DEBUG    |   [L1] Tidak ada harga di snippet | 3 URL untuk L2
2026-04-20 05:00:03 | DEBUG    |   [L1] Query: "Tanggul Bantaran Sungai Malili Kabupaten Luwu Timur Sulawesi Selatan harga tiket masuk"
2026-04-20 05:00:09 | DEBUG    |   [L1] Jumlah snippet: 5
2026-04-20 05:00:09 | DEBUG    |     Posisi kata tiket: []
2026-04-20 05:00:09 | DEBUG    |     Tidak ada kata tiket, fallback ke pencarian global.
2026-04-20 05:00:09 | DEBUG    |     [Lokasi] Tidak cocok — butuh salah satu dari: ['sulawesi selatan', 'kabupaten luwu timur', 'luwu timur']...
2026-04-20 05:00:09 | DEBUG    |   [L1] snippet 2: buang — tidak cocok lokasi alamat
2026-04-20 05:00:09 | DEBUG    |     Posisi kata tiket: []
2026-04-20 05:00:09 | DEBUG    |     Tidak ada kata tiket, fallback ke pencarian global.
2026-04-20 05:00:09 | DEBUG    |     Posisi kata tiket: []
2026-04-20 05:00:09 | DEBUG    |     Tidak ada kata tiket, fallback ke pencarian global.
2026-04-20 05:00:09 | DEBUG    |     [Lokasi] Tidak cocok — butuh salah satu dari: ['sulawesi selatan', 'kabupaten luwu timur', 'luwu timur']...
2026-04-20 05:00:09 | DEBUG    |   [L1] snippet 5: buang — tidak cocok lokasi alamat
2026-04-20 05:00:09 | DEBUG    |   [L1] Tidak ada harga di snippet | 5 URL untuk L2
2026-04-20 05:00:09 | DEBUG    |   [L1] Query: "Tanggul Bantaran Sungai Malili Kabupaten Luwu Timur Sulawesi Selatan HTM retribusi tiket masuk wisata"
2026-04-20 05:00:09 | WARNING  | >>> SINYAL HENTI DITEKAN! Memaksa berhenti instan & save...
2026-04-20 05:00:09 | INFO     | [EMERGENCY-SAVE] Simpan -> scrap_harga_wisata.csv | 767/2708 baris terisi
