nama_wisata,kabupaten,provinsi,label_rekomendasi
Losari Beach Platform,Kota Makassar,Sulawesi Selatan,Terbaik
Benteng Rotterdam,Kota Makassar,Sulawesi Selatan,Terbaik
Taman Nasional Bantimurung Bulusaraung,Kabupaten Maros,Sulawesi Selatan,Terbaik
"Pantai Tak Berombak, PTB Maros",Kabupaten Maros,Sulawesi Selatan,Terbaik
Tongkonan Ke'te' Kesu',Kabupaten Toraja Utara,Sulawesi Selatan,Terbaik
Menara Keagungan Limboto,Kabupaten Gorontalo,Gorontalo,Terbaik
Taman Pakui Sayang,Kota Makassar,Sulawesi Selatan,Terbaik
Masjid Raya Makassar,Kota Makassar,Sulawesi Selatan,Terbaik
Taman Vatulemo,Kota Palu,Sulawesi Tengah,Terbaik
Monumen Cinta Sejati Habibie-Ainun,Kota Parepare,Sulawesi Selatan,Terbaik
Pantai Losari,Kota Makassar,Sulawesi Selatan,Terbaik
Tribun Pantai Seruni,Kabupaten Bantaeng,Sulawesi Selatan,Baik
Bugis Waterpark Adventure,Kota Makassar,Sulawesi Selatan,Sedang
Taman Kalong Watansoppeng,Kabupaten Soppeng,Sulawesi Selatan,Terbaik
Patung Tuhan Yesus Memberkati,Kabupaten Tana Toraja,Sulawesi Selatan,Terbaik
Pantai Losari,Kota Makassar,Sulawesi Selatan,Terbaik
Tugu Zero Point,Kota Manado,Sulawesi Utara,Baik
Cinta Souvenir Bantimurung,Kabupaten Maros,Sulawesi Selatan,Terbaik
"Lolai - To' Tombi, Negeri di atas awan",Kabupaten Toraja Utara,Sulawesi Selatan,Terbaik
Pantai Bira Pasir Putih,Kabupaten Bulukumba,Sulawesi Selatan,Terbaik
Taman Gor,Kota Palu,Sulawesi Tengah,Terbaik
Lolai Tongkonan Lempe,Kabupaten Toraja Utara,Sulawesi Selatan,Terbaik
Monumen Yesus Memberkati,Kota Manado,Sulawesi Utara,Sedang
Wisata Kebun Gowa,Kabupaten Gowa,Sulawesi Selatan,Terbaik
Taman Nasional Bunaken,Kota Manado,Sulawesi Utara,Baik
Taman Kota Kendari,Kota Kendari,Sulawesi Tenggara,Terbaik
Malino highlands,Kabupaten Gowa,Sulawesi Selatan,Baik
Pantai Akkarena,Kota Makassar,Sulawesi Selatan,Terbaik
Taman Macan,Kota Makassar,Sulawesi Selatan,Terbaik
Kampoeng Karst Rammang Rammang,Kabupaten Maros,Sulawesi Selatan,Terbaik
Lasinrang Park,Kabupaten Pinrang,Sulawesi Selatan,Terbaik
Tebing Apparalang,Kabupaten Bulukumba,Sulawesi Selatan,Terbaik
Taman Nasional Bantimurung Bulusaraung,Kabupaten Maros,Sulawesi Selatan,Terbaik
Masjid Kubah 99,Kota Makassar,Sulawesi Selatan,Terbaik
Taman Musafir,Kabupaten Pangkajene Dan Kepulauan,Sulawesi Selatan,Terbaik
Taman Arkeologi Leang Leang,Kabupaten Maros,Sulawesi Selatan,Terbaik
Tonrangeng Riverside,Kota Parepare,Sulawesi Selatan,Terbaik
Taman Wisata Alam Lejja,Kabupaten Soppeng,Sulawesi Selatan,Terbaik
Space iklan 5x10. Anjungan Pantai Manakarra,Kabupaten Mamuju,Sulawesi Barat,Terbaik
Pantai Paal,Kabupaten Minahasa Utara,Sulawesi Utara,Sedang
Masjid Al Markaz Al Islami Maros,Kabupaten Maros,Sulawesi Selatan,Terbaik
Museum Balla Lompoa,Kabupaten Gowa,Sulawesi Selatan,Terbaik
Londa Ancient Graveyard,Kabupaten Toraja Utara,Sulawesi Selatan,Terbaik
Taman Nasional Wakatobi,Kabupaten Wakatobi,Sulawesi Tenggara,Terbaik
Pelabuhan Paotere,Kota Makassar,Sulawesi Selatan,Terbaik
Pantai Tanjung Bira,Kabupaten Bulukumba,Sulawesi Selatan,Terbaik
Air Terjun Takapala,Kabupaten Gowa,Sulawesi Selatan,Terbaik
Benteng Otanaha,Kota Gorontalo,Gorontalo,Terbaik
Taman Mattirotasi,Kota Parepare,Sulawesi Selatan,Terbaik
Wisata Bahari Seafood Restaurant,Kota Manado,Sulawesi Utara,Terbaik
Rumah Alam Manado Adventure Park,Kabupaten Minahasa Utara,Sulawesi Utara,Sedang
Alun Alun Kota Polewali,Kabupaten Polewali Mandar,Sulawesi Barat,Terbaik
Wisata Pantai Topejawa,Kabupaten Takalar,Sulawesi Selatan,Baik
Masjid Agung Baiturrahim Gorontalo,Kota Gorontalo,Gorontalo,Terbaik
Titik Nol KM Sulsel,Kabupaten Bulukumba,Sulawesi Selatan,Terbaik
Pantai Pohon Cinta,Kabupaten Pohuwato,Gorontalo,Terbaik
Benteng Keraton Kesultanan Buton (Negeri Khalifatul Khamis),Kota Baubau,Sulawesi Tenggara,Baik
Taman Berkat (GODBLESS PARK) Manado,Kota Manado,Sulawesi Utara,Terbaik
Pantai Kilo 5,Kabupaten Banggai,Sulawesi Tengah,Baik
Wisata Pantai Bintang Galesong,Kabupaten Takalar,Sulawesi Selatan,Sedang
Bukit Kasih Kanonang,Kabupaten Minahasa,Sulawesi Utara,Sedang
Kurenai Beach Resort,Kabupaten Bone Bolango,Gorontalo,Terbaik
Paputo Beach,Kota Parepare,Sulawesi Selatan,Terbaik
Danau Perintis,Kabupaten Bone Bolango,Gorontalo,Baik
Pantai Malalayang,Kota Manado,Sulawesi Utara,Terbaik
Kendari Beach,Kota Kendari,Sulawesi Tenggara,Terbaik
Makatete Hills,Kabupaten Minahasa,Sulawesi Utara,Sedang
Pantai Kilo Lima,Kabupaten Banggai,Sulawesi Tengah,Baik
Dermaga I Rammang-Rammang,Kabupaten Maros,Sulawesi Selatan,Baik
Taman Wisata Puncak Bila Sidrap,Kabupaten Sidenreng Rappang,Sulawesi Selatan,Baik
Pantai Tanjung Karang,Kabupaten Donggala,Sulawesi Tengah,Baik
Dermaga Dua Rammang Rammang,Kabupaten Maros,Sulawesi Selatan,Baik
pantai kamali,Kota Baubau,Sulawesi Tenggara,Baik
Taman Hutan Kota Palu,Kota Palu,Sulawesi Tengah,Terbaik
Sierra Sky View,Kabupaten Gowa,Sulawesi Selatan,Terbaik
Wisata Hiu Paus Botubarani Gorontalo,Kabupaten Bone Bolango,Gorontalo,Terbaik
Pulau Wisata Bokori,Kabupaten Konawe,Sulawesi Tenggara,Terbaik
Pantai Ide,Kabupaten Luwu Timur,Sulawesi Selatan,Terbaik
Pantai Biru,Kota Makassar,Sulawesi Selatan,Terbaik
Taman dan Pantai Bahari Polewali,Kabupaten Polewali Mandar,Sulawesi Barat,Terbaik
Samalona island,Kota Makassar,Sulawesi Selatan,Terbaik
Kebun Raya Kendari,Kota Kendari,Sulawesi Tenggara,Terbaik
Kebun Denassa (Denassa Botanical Garden),Kabupaten Gowa,Sulawesi Selatan,Terbaik
Pantai Nirwana,Kota Baubau,Sulawesi Tenggara,Baik
Danau Biru Kolaka Utara,Kabupaten Kolaka Utara,Sulawesi Tenggara,Terbaik
Objek Wisata Rante Kalimbuang Bori',Kabupaten Toraja Utara,Sulawesi Selatan,Terbaik
Pantai Tanjung Bira,Kabupaten Bulukumba,Sulawesi Selatan,Baik
Masjid Jami Tua Palopo,Kota Palopo,Sulawesi Selatan,Terbaik
Tuur Ma'asering Kumelembuai Tomohon,Kota Tomohon,Sulawesi Utara,Sedang
Benteng Ulanta,Kabupaten Bone Bolango,Gorontalo,Terbaik
Gong Perdamaian,Kota Palu,Sulawesi Tengah,Terbaik
Taman Bambu Runcing,Kabupaten Pangkajene Dan Kepulauan,Sulawesi Selatan,Terbaik
Pantai Tamborasi,Kabupaten Kolaka,Sulawesi Tenggara,Terbaik
Pantai Dato Majene,Kabupaten Majene,Sulawesi Barat,Terbaik
Hutan Mangrove Tongke-tongke,Kabupaten Sinjai,Sulawesi Selatan,Baik
GPI Waterpark,Kota Manado,Sulawesi Utara,Buruk
Kebun Raya Jompie Kota Parepare,Kota Parepare,Sulawesi Selatan,Terbaik
Taman Wisata Tangga 2000,Kabupaten Gorontalo,Gorontalo,Baik
Wisata Kuliner Kab.Kolaka,Kabupaten Kolaka,Sulawesi Tenggara,Sedang
Menara Alfa Omega,Kota Tomohon,Sulawesi Utara,Baik
Pantai Harapan Ammani,Kabupaten Pinrang,Sulawesi Selatan,Baik
CitraLand WaterPark Manado,Kota Manado,Sulawesi Utara,Buruk
Pango-Pango Makale,Kabupaten Tana Toraja,Sulawesi Selatan,Terbaik
Dante Pine,Kabupaten Enrekang,Sulawesi Selatan,Baik
Bukit Keles,Kabupaten Banggai,Sulawesi Tengah,Terbaik
CitraLand Waterpark,Kota Kendari,Sulawesi Tenggara,Buruk
Bukit Doa Mahawu,Kota Tomohon,Sulawesi Utara,Baik
Tugu Adipura,Kabupaten Konawe,Sulawesi Tenggara,Terbaik
Tanjung Pallette,Kabupaten Bone,Sulawesi Selatan,Sedang
Benteng Somba Opu,Kota Makassar,Sulawesi Selatan,Terbaik
Monumen Patung Lakipadada,Kabupaten Tana Toraja,Sulawesi Selatan,Terbaik
Pantai Kampung Nelayan,Kota Palu,Sulawesi Tengah,Baik
Monumen B.J. Habibie,Kabupaten Gorontalo,Gorontalo,Terbaik
Monumen Mandala Pembebasan Irian Barat,Kota Makassar,Sulawesi Selatan,Baik
Lappa Laona,Kabupaten Barru,Sulawesi Selatan,Terbaik
Danau Linow,Kota Tomohon,Sulawesi Utara,Terbaik
Pantai Topejawa Takalar,Kabupaten Takalar,Sulawesi Selatan,Buruk
Wisata Bahari Kawasan Megamas,Kota Manado,Sulawesi Utara,Terbaik
Pantai Lumpue,Kota Parepare,Sulawesi Selatan,Terbaik
Taman Laut Olele,Kabupaten Bone Bolango,Gorontalo,Terbaik
WISATA TAMENDAO BEACH,Kota Gorontalo,Gorontalo,Terbaik
Permandian Lereng Hijau Bulu Dua,Kabupaten Soppeng,Sulawesi Selatan,Terbaik
Danau Paisu Pok Luk Panenteng,Kabupaten Banggai Kepulauan,Sulawesi Tengah,Terbaik
Puncak Tetetana Suluan,Kabupaten Minahasa,Sulawesi Utara,Sedang
Pantai Toronipa,Kabupaten Konawe,Sulawesi Tenggara,Baik
Taman Purbakala Sumpang Bita,Kabupaten Pangkajene Dan Kepulauan,Sulawesi Selatan,Baik
Air Terjun Saluopa,Kabupaten Poso,Sulawesi Tengah,Terbaik
Taman Teratai,Kota Kendari,Sulawesi Tenggara,Terbaik
RM Bahari,Kota Makassar,Sulawesi Selatan,Terbaik
Pantai Indah Bosowa,Kota Makassar,Sulawesi Selatan,Sedang
Pantai Botutonuo,Kabupaten Bone Bolango,Gorontalo,Baik
Wisata Malino,Kabupaten Gowa,Sulawesi Selatan,Baik
Permandian Alam Ompo,Kabupaten Soppeng,Sulawesi Selatan,Terbaik
Tokong Ban Hin Kiong,Kota Manado,Sulawesi Utara,Terbaik
Danau Tambing,Kabupaten Sigi,Sulawesi Tengah,Baik
Taman Wisata Puncak Rurukan Tomohon,Kota Tomohon,Sulawesi Utara,Buruk
Apparallang,Kabupaten Bulukumba,Sulawesi Selatan,Terbaik
Pantai Mandra Kolaka,Kabupaten Kolaka,Sulawesi Tenggara,Terbaik
Permandian Eremerasa Ermes bantaeng,Kabupaten Bantaeng,Sulawesi Selatan,Terbaik
Air Terjun Moramo,Kabupaten Konawe Selatan,Sulawesi Tenggara,Baik
Pantai Marina Bantaeng,Kabupaten Bantaeng,Sulawesi Selatan,Baik
Taman Kota Tomohon,Kota Tomohon,Sulawesi Utara,Buruk
Masjid Tua Al-Hilal Katangka,Kabupaten Gowa,Sulawesi Selatan,Terbaik
Benteng Balangnipa,Kabupaten Sinjai,Sulawesi Selatan,Baik
Bukit Samata,Kabupaten Gowa,Sulawesi Selatan,Sedang
Rumah Hijau Denassa,Kabupaten Gowa,Sulawesi Selatan,Sedang
Pantai Pulisan Sulawesi Utara,Kabupaten Minahasa Utara,Sulawesi Utara,Sedang
Planet Waterboom,Kota Gorontalo,Gorontalo,Buruk
Pantai Labombo,Kota Palopo,Sulawesi Selatan,Sedang
Anjungan Cempae,Kota Parepare,Sulawesi Selatan,Terbaik
Air Terjun Salodik,Kabupaten Banggai,Sulawesi Tengah,Baik
Pantai Jiko / Patokan,Kabupaten Bolaang Mongondow Timur,Sulawesi Utara,Baik
Permandian Malotong,Kabupaten Tojo Una-Una,Sulawesi Tengah,Terbaik
Pinrang Waterboom,Kabupaten Pinrang,Sulawesi Selatan,Sedang
Pantai Laguna,Kabupaten Barru,Sulawesi Selatan,Terbaik
Hutan Kota Bulukumba,Kabupaten Bulukumba,Sulawesi Selatan,Sedang
Goa Air Kontamale,Kabupaten Wakatobi,Sulawesi Tenggara,Terbaik
Pantai Bonebula,Kabupaten Donggala,Sulawesi Tengah,Terbaik
Pantai Bambahano,Kabupaten Donggala,Sulawesi Tengah,Buruk
Wisata Kali Biru,Kabupaten Buton,Sulawesi Tenggara,Buruk
Wisata Mangrove Lantebung,Kota Makassar,Sulawesi Selatan,Terbaik
Anjungan Pantai Losari,Kota Makassar,Sulawesi Selatan,Terbaik
Kai'santi Garden,Kota Tomohon,Sulawesi Utara,Buruk
Benteng Moraya,Kabupaten Minahasa,Sulawesi Utara,Sedang
Museum Ne' Gandeng,Kabupaten Toraja Utara,Sulawesi Selatan,Baik
Bendung Benteng,Kabupaten Pinrang,Sulawesi Selatan,Terbaik
Monumen Korban 40.000 Jiwa,Kota Makassar,Sulawesi Selatan,Baik
Maros Highland,Kabupaten Maros,Sulawesi Selatan,Sedang
Air Terjun Pialaa,Kabupaten Banggai,Sulawesi Tengah,Terbaik
Narwastu Hills Resort,Kota Tomohon,Sulawesi Utara,Terbaik
"Pantai Bara, Bulukumba",Kabupaten Bulukumba,Sulawesi Selatan,Baik
Pusat Laut Donggala,Kabupaten Donggala,Sulawesi Tengah,Baik
Pulau Sangihe,Kabupaten Kepulauan Sangihe,Sulawesi Utara,Buruk
Wisata Hutan Pinus Dan Pemandian Air Panas,Kota Tomohon,Sulawesi Utara,Buruk
Pongtorra - Puncak Tertinggi Lolai,Kabupaten Toraja Utara,Sulawesi Selatan,Baik
Taman JH Ampana,Kabupaten Tojo Una-Una,Sulawesi Tengah,Terbaik
Rumah Adat Sao Mario,Kabupaten Soppeng,Sulawesi Selatan,Terbaik
Hutan Taman kota,Kota Palu,Sulawesi Tengah,Terbaik
Air Terjun Bantimurung Gallang,Kabupaten Gowa,Sulawesi Selatan,Terbaik
Lapangan Pancasila palopo,Kota Palopo,Sulawesi Selatan,Baik
Taman Usman Isa,Kabupaten Sidenreng Rappang,Sulawesi Selatan,Sedang
Wisata Alam Salu Pajaan,Kabupaten Polewali Mandar,Sulawesi Barat,Terbaik
Museum Kota Makassar,Kota Makassar,Sulawesi Selatan,Terbaik
Patung Cakalang Bitung,Kota Bitung,Sulawesi Utara,Sedang
Wisata Anjungan Teluk Kendari,Kota Kendari,Sulawesi Tenggara,Sedang
Kebun Binatang Tandurusa,Kota Bitung,Sulawesi Utara,Buruk
Masjid Arqam Baburahman,Kota Palu,Sulawesi Tengah,Baik
Menralo Beach & Resort,Kabupaten Pinrang,Sulawesi Selatan,Baik
Permandian Taman Wisata Rita,Kabupaten Takalar,Sulawesi Selatan,Terbaik
Sou Raja Cagar Budaya Banua Oge,Kota Palu,Sulawesi Tengah,Baik
Taman Nasional Kepulauan Togean,Kabupaten Tojo Una-Una,Sulawesi Tengah,Terbaik
Pantai Tanjung Layar Putih,Kota Makassar,Sulawesi Selatan,Sedang
Desa Wisata Budo,Kabupaten Minahasa Utara,Sulawesi Utara,Sedang
Gunung Latimojong,Kabupaten Luwu,Sulawesi Selatan,Baik
Donggala Tanjung Karang Beach,Kabupaten Donggala,Sulawesi Tengah,Terbaik
Kuburan Batu Lemo,Kabupaten Tana Toraja,Sulawesi Selatan,Baik
Kebun Raya Massenrempulu,Kabupaten Enrekang,Sulawesi Selatan,Terbaik
Pantai Marumasa,Kabupaten Bulukumba,Sulawesi Selatan,Terbaik
Patung Bogani,Kota Kotamobagu,Sulawesi Utara,Baik
Pantai Bolihutuo,Kabupaten Boalemo,Gorontalo,Baik
Taman Cekkeng Bulukumba,Kabupaten Bulukumba,Sulawesi Selatan,Terbaik
Tanjung Bira,Kabupaten Bulukumba,Sulawesi Selatan,Terbaik
Pantai Ujung Batu,Kabupaten Barru,Sulawesi Selatan,Baik
Taman Cinta Palleko,Kabupaten Takalar,Sulawesi Selatan,Terbaik
Parangloe Waterfall,Kabupaten Gowa,Sulawesi Selatan,Terbaik
Celebes Canyon,Kabupaten Barru,Sulawesi Selatan,Terbaik
Monumen Bambu Runcing Rappang,Kabupaten Sidenreng Rappang,Sulawesi Selatan,Terbaik
Pantai Nambo,Kota Kendari,Sulawesi Tenggara,Sedang
Pantai Batuangus,Kota Bitung,Sulawesi Utara,Buruk
Taman Purbakala Batu Pake Gojeng,Kabupaten Sinjai,Sulawesi Selatan,Terbaik
Pantai Lumintang Bentenan Ratahan,Kabupaten Minahasa Tenggara,Sulawesi Utara,Sedang
Taman Budaya Hasan Bahasyuan Masigi,Kabupaten Parigi Moutong,Sulawesi Tengah,Terbaik
Pantai Molino Tapuondau,Kabupaten Luwu Timur,Sulawesi Selatan,Terbaik
Taipa Beach,Kota Palu,Sulawesi Tengah,Buruk
Museum Negeri Provinsi Sulawesi Tengah - Palu,Kota Palu,Sulawesi Tengah,Baik
Pantai Lemo,Kabupaten Luwu Timur,Sulawesi Selatan,Baik
Pantai Cemara,Kabupaten Wakatobi,Sulawesi Tenggara,Sedang
Dulanga Beach,Kabupaten Gorontalo,Gorontalo,Sedang
Wisata Pantai Lowita,Kabupaten Pinrang,Sulawesi Selatan,Baik
Air Terjun Pung Bunga Bonto Manurung,Kabupaten Maros,Sulawesi Selatan,Baik
Pantai Mutiara,Kabupaten Buton,Sulawesi Tenggara,Sedang
Whale Shark Gorontalo,Kabupaten Bone Bolango,Gorontalo,Baik
Cekkeng Nursery,Kabupaten Bulukumba,Sulawesi Selatan,Baik
Wisata Batu Sori,Kota Baubau,Sulawesi Tenggara,Terbaik
Taman Batu Rammang-Rammang,Kabupaten Maros,Sulawesi Selatan,Terbaik
Wisata Alam Wai Tiddo,Kabupaten Luwu,Sulawesi Selatan,Terbaik
Pantai Lakban Ratatotok,Kabupaten Minahasa Tenggara,Sulawesi Utara,Sedang
Alun Alun Tilamuta,Kabupaten Boalemo,Gorontalo,Buruk
Lembah Hijau Rumbia Resort,Kabupaten Jeneponto,Sulawesi Selatan,Sedang
Tanggul Bantaran Sungai Malili,Kabupaten Luwu Timur,Sulawesi Selatan,Terbaik
Taman Pantai mahaas,Kabupaten Banggai,Sulawesi Tengah,Buruk
Air Terjun Kali,Kota Tomohon,Sulawesi Utara,Sedang
Tugu Adibahasa,Kota Kendari,Sulawesi Tenggara,Terbaik
Malalayang Beach Walk,Kota Manado,Sulawesi Utara,Terbaik
Tonasa Park,Kabupaten Pangkajene Dan Kepulauan,Sulawesi Selatan,Sedang
Taman Segitiga Binturu Palopo (I Love Palopo),Kota Palopo,Sulawesi Selatan,Terbaik
BENDUNGAN KUWIL KAWANGKOAN,Kabupaten Minahasa Utara,Sulawesi Utara,Sedang
Pantai Barugaya Punaga,Kabupaten Takalar,Sulawesi Selatan,Terbaik
Pantai Mangatasik,Kabupaten Minahasa Selatan,Sulawesi Utara,Buruk
Parkiran Sederhana (POS 1 menuju Puncak Victo & Air Terjun Amarilis),Kota Kendari,Sulawesi Tenggara,Terbaik
Puncak Temboan Rurukan,Kabupaten Minahasa,Sulawesi Utara,Sedang
Monumen Kaki Dian Minahasa Utara,Kabupaten Minahasa Utara,Sulawesi Utara,Buruk
Vihara Girinaga,Kota Makassar,Sulawesi Selatan,Terbaik
Wisata Dolli Bungaeja,Kabupaten Maros,Sulawesi Selatan,Terbaik
Pantai Ratu,Kabupaten Boalemo,Gorontalo,Baik
Air Terjun Ketemu Jodoh,Kabupaten Gowa,Sulawesi Selatan,Terbaik
Rainbow Garden Gowa,Kabupaten Gowa,Sulawesi Selatan,Sedang
Danau Tondano,Kabupaten Minahasa,Sulawesi Utara,Sedang
Ekowisata Butta Gowa Resort - Wisata Alam Bili-Bili,Kabupaten Gowa,Sulawesi Selatan,Baik
Pantai Al Fath Stira Paradise,Kabupaten Pinrang,Sulawesi Selatan,Terbaik
Takae Highland,Kabupaten Soppeng,Sulawesi Selatan,Baik
Taman Wisata Pelangi,Kota Tomohon,Sulawesi Utara,Sedang
Polman Waterboom,Kabupaten Polewali Mandar,Sulawesi Barat,Buruk
Tugu Khatulistiwa Sulawesi Tengah,Kabupaten Parigi Moutong,Sulawesi Tengah,Terbaik
Taman Kota Fonuasingko,Kabupaten Morowali,Sulawesi Tengah,Sedang
Pantai Lemo-Lemo,Kabupaten Bulukumba,Sulawesi Selatan,Terbaik
Puncak Mamuju(Kelapa Tujuh),Kabupaten Mamuju,Sulawesi Barat,Terbaik
Taman Nasional Rawa Aopa Watumohai,Kabupaten Konawe Selatan,Sulawesi Tenggara,Terbaik
Jeneponto Waterpark,Kabupaten Jeneponto,Sulawesi Selatan,Sedang
Rumah Makan Tepi Pantai,Kota Manado,Sulawesi Utara,Buruk
Kilapong hills,Kota Tomohon,Sulawesi Utara,Buruk
Pantai Enu,Kabupaten Donggala,Sulawesi Tengah,Sedang
Taman Hutan Raya Gunung Tumpa H. V. Worang,Kota Manado,Sulawesi Utara,Buruk
Taman Wisata Toar Lumimuut,Kabupaten Minahasa,Sulawesi Utara,Sedang
Taman Malahasa Kota Tahuna,Kabupaten Kepulauan Sangihe,Sulawesi Utara,Buruk
Pantai Tete,Kabupaten Bone,Sulawesi Selatan,Sedang
Taman Andi Benni Belopa,Kabupaten Luwu,Sulawesi Selatan,Terbaik
Lembah Ramma,Kabupaten Gowa,Sulawesi Selatan,Terbaik
Mantara Waterpark Kendari,Kota Kendari,Sulawesi Tenggara,Baik
Ketama Adventure Park,Kabupaten Minahasa,Sulawesi Utara,Buruk
RTH Bombana,Kabupaten Bombana,Sulawesi Tenggara,Terbaik
Taman Wisata Religius Bubohu,Kabupaten Gorontalo,Gorontalo,Terbaik
Air Terjun Bissappu,Kabupaten Bantaeng,Sulawesi Selatan,Baik
Danau Hijau Balocci,Kabupaten Pangkajene Dan Kepulauan,Sulawesi Selatan,Terbaik
Pantai Ponnori,Kabupaten Luwu,Sulawesi Selatan,Sedang
Masjid Terapung B.J. Habibie,Kota Parepare,Sulawesi Selatan,Terbaik
Tugu Trikora,Kota Bitung,Sulawesi Utara,Terbaik
Pantai Imbo,Kabupaten Poso,Sulawesi Tengah,Baik
Kolam Renang Alam Tilanga,Kabupaten Tana Toraja,Sulawesi Selatan,Baik
Pantai Libuo,Kabupaten Pohuwato,Gorontalo,Sedang
Pantai Panrangluhu,Kabupaten Bulukumba,Sulawesi Selatan,Terbaik
Pantai Ujung Suso,Kabupaten Luwu Timur,Sulawesi Selatan,Terbaik
Mah'watu,Kota Tomohon,Sulawesi Utara,Buruk
Hutan Pinus Samparona,Kota Baubau,Sulawesi Tenggara,Sedang
Air Panas Wawolesea,Kabupaten Konawe Utara,Sulawesi Tenggara,Terbaik
Kompleks Makam Raja-Raja Tallo,Kota Makassar,Sulawesi Selatan,Terbaik
Taman Pelangi,Kabupaten Kepulauan Selayar,Sulawesi Selatan,Terbaik
Pantai Wisata Pangi Masaingi,Kabupaten Donggala,Sulawesi Tengah,Sedang
Takalar Beach Waterboom,Kabupaten Takalar,Sulawesi Selatan,Buruk
Kawasan Adat Kajang Ammatoa,Kabupaten Bulukumba,Sulawesi Selatan,Terbaik
Kura-kura beach,Kabupaten Donggala,Sulawesi Tengah,Terbaik
Permandian Alam Limbua,Kabupaten Bulukumba,Sulawesi Selatan,Baik
Museum La Galigo,Kota Makassar,Sulawesi Selatan,Terbaik
Kawasan ekowisata eduwisata mangrove GONENGATI JAYA kabonga besar Donggala,Kabupaten Donggala,Sulawesi Tengah,Baik
Taman Lahilote,Kota Gorontalo,Gorontalo,Terbaik
Taman Jet Tempur,Kabupaten Wajo,Sulawesi Selatan,Terbaik
Danau Limbong,Kabupaten Toraja Utara,Sulawesi Selatan,Baik
Objek Wisata Ollon Toraja,Kabupaten Tana Toraja,Sulawesi Selatan,Terbaik
Pantai Mandala Ria,Kabupaten Bulukumba,Sulawesi Selatan,Baik
Air Terjun Wera,Kabupaten Sigi,Sulawesi Tengah,Terbaik
Hutan Pinus Bulu Tanah,Kabupaten Bone,Sulawesi Selatan,Terbaik
Pantai Minahaki,Kabupaten Banggai,Sulawesi Tengah,Terbaik
Pantai Bulo,Kabupaten Minahasa,Sulawesi Utara,Terbaik
Pantai Barane Majene,Kabupaten Majene,Sulawesi Barat,Sedang
Parigi Toraranga Park,Kabupaten Parigi Moutong,Sulawesi Tengah,Terbaik
Masjid Agung Ummul Quraa,Kabupaten Wajo,Sulawesi Selatan,Terbaik
Masjid Agung Kolaka Utara,Kabupaten Kolaka Utara,Sulawesi Tenggara,Terbaik
Wisata Leang Lonrong,Kabupaten Pangkajene Dan Kepulauan,Sulawesi Selatan,Terbaik
Ranowangko Beach Resort,Kabupaten Minahasa,Sulawesi Utara,Terbaik
Kawasan Wisata Pantai Surabaya,Kabupaten Minahasa Utara,Sulawesi Utara,Buruk
Tapandullu Beach,Kabupaten Mamuju,Sulawesi Barat,Terbaik
Puncak Dipomelo Pindan,Kabupaten Toraja Utara,Sulawesi Selatan,Terbaik
Taman Syariah,Kota Parepare,Sulawesi Selatan,Baik
Saoraja La Tenri Bali,Kabupaten Wajo,Sulawesi Selatan,Baik
Mangrove Eco Resort,Kabupaten Pohuwato,Gorontalo,Sedang
Museum Balla Lompoa Bantaeng,Kabupaten Bantaeng,Sulawesi Selatan,Sedang
Amphitheater Woloan,Kota Tomohon,Sulawesi Utara,Buruk
Pantai Wisata Botutonuo,Kabupaten Bone Bolango,Gorontalo,Terbaik
Kawasan Wisata Tahura Kapopo Ngatabaru,Kabupaten Sigi,Sulawesi Tengah,Buruk
Pantai Lombang Lombang,Kabupaten Mamuju,Sulawesi Barat,Terbaik
Pantai Samboang,Kabupaten Bulukumba,Sulawesi Selatan,Baik
Permandian alam citta,Kabupaten Soppeng,Sulawesi Selatan,Terbaik
Istana Langkanae Luwu,Kota Palopo,Sulawesi Selatan,Terbaik
Danau Matano,Kabupaten Luwu Timur,Sulawesi Selatan,Terbaik
Air Terjun Tumimperas,Kota Tomohon,Sulawesi Utara,Terbaik
Puncak Salena,Kota Palu,Sulawesi Tengah,Terbaik
Air Terjun Lacolla,Kabupaten Maros,Sulawesi Selatan,Baik
Pantai seruni,Kabupaten Bantaeng,Sulawesi Selatan,Terbaik
Adilah Garden,Kota Palu,Sulawesi Tengah,Baik
Taman Literasi dan Adipura Kolaka Utara,Kabupaten Kolaka Utara,Sulawesi Tenggara,Terbaik
Gunung Klabat,Kabupaten Minahasa Utara,Sulawesi Utara,Sedang
Pantai Mahembang,Kabupaten Minahasa,Sulawesi Utara,Buruk
Taman Turatea,Kabupaten Jeneponto,Sulawesi Selatan,Baik
Raja Ampat Bollangi Gowa,Kabupaten Gowa,Sulawesi Selatan,Baik
Air Terjun Lembanna,Kabupaten Gowa,Sulawesi Selatan,Terbaik
Kebun Raya UHO,Kota Kendari,Sulawesi Tenggara,Baik
TAMAN CALLACCU,Kabupaten Wajo,Sulawesi Selatan,Terbaik
Aer Konde Ratahan,Kabupaten Minahasa Tenggara,Sulawesi Utara,Terbaik
Pantai Tanjung Barat Barombong,Kota Makassar,Sulawesi Selatan,Baik
Mini Showfarm Bantaeng,Kabupaten Bantaeng,Sulawesi Selatan,Baik
Wisata Tanjung Cemara Batu Buaya,Kabupaten Bolaang Mongondow Timur,Sulawesi Utara,Buruk
TAMAN KOTA,Kota Kotamobagu,Sulawesi Utara,Buruk
Festival Sungai Mandar,Kabupaten Polewali Mandar,Sulawesi Barat,Buruk
Diana Waterpark,Kabupaten Barru,Sulawesi Selatan,Sedang
Batu Goro'e (Sumpang Labbu),Kabupaten Bone,Sulawesi Selatan,Terbaik
TAHURA Abdul Latief,Kabupaten Sinjai,Sulawesi Selatan,Sedang
Danau Tanralili,Kabupaten Gowa,Sulawesi Selatan,Terbaik
Manado Skyline Tetempangan Hill,Kabupaten Minahasa,Sulawesi Utara,Buruk
Tunan Waterfalls,Kabupaten Minahasa Utara,Sulawesi Utara,Sedang
Taman Kota Donggala,Kabupaten Donggala,Sulawesi Tengah,Sedang
Monumen Ganggawa,Kabupaten Sidenreng Rappang,Sulawesi Selatan,Terbaik
Air Terjun Tunan Talawaan,Kabupaten Minahasa Utara,Sulawesi Utara,Buruk
Taman Wisata Danau Linow,Kota Tomohon,Sulawesi Utara,Buruk
Air Terjun Tama'lulua,Kabupaten Jeneponto,Sulawesi Selatan,Baik
Monumen Trikora Salakan,Kabupaten Banggai Kepulauan,Sulawesi Tengah,Terbaik
Sa'pak Bayobayo Sangalla Tana Toraja,Kabupaten Tana Toraja,Sulawesi Selatan,Sedang
Tugu Kakao,Kabupaten Kolaka,Sulawesi Tenggara,Buruk
Pantai Batu Pinagut,Kabupaten Bolaang Mongondow Utara,Sulawesi Utara,Sedang
Pemandian Uwelera Porame,Kabupaten Sigi,Sulawesi Tengah,Terbaik
Pantai Minanga,Kabupaten Gorontalo Utara,Gorontalo,Buruk
Pantai Taipa,Kabupaten Konawe Utara,Sulawesi Tenggara,Baik
Dusun touba,Kabupaten Luwu Utara,Sulawesi Selatan,Terbaik
"Kolam Renang Lombongo, Bone Bolango",Kabupaten Bone Bolango,Gorontalo,Sedang
Pantai Kaluku,Kabupaten Donggala,Sulawesi Tengah,Sedang
Objek Wisata Palawa',Kabupaten Toraja Utara,Sulawesi Selatan,Baik
Pantai Pulau Liukang Loe,Kabupaten Bulukumba,Sulawesi Selatan,Terbaik
Wisata Mangambang,Kabupaten Maros,Sulawesi Selatan,Baik
LAPANGAN BUA' HONTINIMBANG MANOPPO,Kota Kotamobagu,Sulawesi Utara,Baik
Pantai Maesa,Kabupaten Parigi Moutong,Sulawesi Tengah,Sedang
Buttu Macca,Kabupaten Enrekang,Sulawesi Selatan,Baik
Permandian Topa,Kabupaten Muna,Sulawesi Tenggara,Sedang
Wisata Air Panas Bora,Kabupaten Sigi,Sulawesi Tengah,Terbaik
Gunung Lokon,Kota Tomohon,Sulawesi Utara,Buruk
Wisata Hutan Pinus Rombeng,Kabupaten Bantaeng,Sulawesi Selatan,Baik
Pantai Ria Kolaka Cocoa City,Kabupaten Kolaka,Sulawesi Tenggara,Sedang
Taman Wisata Mahoni,Kota Tomohon,Sulawesi Utara,Buruk
Puncak Amarilis Kota Kendari,Kota Kendari,Sulawesi Tenggara,Terbaik
SAUNG REWAKO,Kabupaten Gowa,Sulawesi Selatan,Terbaik
PUNCAK SOROMBIPI,Kabupaten Kolaka,Sulawesi Tenggara,Sedang
Tanggul Reklamasi Kolonodale,Kabupaten Morowali Utara,Sulawesi Tengah,Terbaik
Lasonrai Beach,Kabupaten Barru,Sulawesi Selatan,Baik
Monumen Lasinrang,Kabupaten Pinrang,Sulawesi Selatan,Baik
Pantai Pandan Wangi,Kabupaten Banggai,Sulawesi Tengah,Baik
Pulisan Beach,Kabupaten Minahasa Utara,Sulawesi Utara,Sedang
Gunung Tumpa,Kabupaten Minahasa Utara,Sulawesi Utara,Sedang
RANOLEWO,Kabupaten Minahasa,Sulawesi Utara,Sedang
Air Terjun Loli Tasiburi,Kabupaten Donggala,Sulawesi Tengah,Baik
Pantai Kuri Maros,Kabupaten Maros,Sulawesi Selatan,Terbaik
PPLH Puntondo,Kabupaten Takalar,Sulawesi Selatan,Sedang
Baruga Somba Opu,Kabupaten Gowa,Sulawesi Selatan,Terbaik
Pantai Wambuliga,Kabupaten Wakatobi,Sulawesi Tenggara,Terbaik
Rumah Adat Mamuju,Kabupaten Mamuju,Sulawesi Barat,Buruk
Pantai palippis,Kabupaten Polewali Mandar,Sulawesi Barat,Baik
Hutan Pinus RITA MALOMPOA BISSOLORO,Kabupaten Gowa,Sulawesi Selatan,Baik
Lembah Lohe,Kabupaten Gowa,Sulawesi Selatan,Terbaik
Pantai Katembe,Kabupaten Buton,Sulawesi Tenggara,Buruk
Pantai Sabang Toli toli,Kabupaten Tolitoli,Sulawesi Tengah,Buruk
Taman Rekreasi Puncak Mowewe,Kabupaten Kolaka Timur,Sulawesi Tenggara,Terbaik
Mampie,Kabupaten Polewali Mandar,Sulawesi Barat,Baik
Air Terjun Vera,Kabupaten Morowali,Sulawesi Tengah,Terbaik
Danau Napabale,Kabupaten Muna,Sulawesi Tenggara,Sedang
Monumen Tuhan Yesus Raja Memberkati,Kabupaten Kepulauan Talaud,Sulawesi Utara,Baik
Wisata Tugu Perdamaian,Kota Palu,Sulawesi Tengah,Baik
Pantai Pasangkayu Mamuju Utara,Kabupaten Pasangkayu,Sulawesi Barat,Terbaik
Teluk Lalong,Kabupaten Banggai,Sulawesi Tengah,Buruk
Taman Wisata Bola Pitue,Kabupaten Barru,Sulawesi Selatan,Terbaik
Pantai Salopi,Kabupaten Pinrang,Sulawesi Selatan,Baik
Pantai Punagaan,Kabupaten Kepulauan Selayar,Sulawesi Selatan,Buruk
Wakatobi Dive Adventure,Kabupaten Wakatobi,Sulawesi Tenggara,Buruk
Pantai Boneoge,Kabupaten Donggala,Sulawesi Tengah,Terbaik
Pantai Poganda,Kabupaten Banggai Kepulauan,Sulawesi Tengah,Terbaik
Lawere Beach Bonging Ponging,Kabupaten Pinrang,Sulawesi Selatan,Baik
Pantai INDO BEACH LALUMPE,Kabupaten Minahasa,Sulawesi Utara,Buruk
Buntu Pune,Kabupaten Toraja Utara,Sulawesi Selatan,Baik
Pemandian Air Panas Pincara,Kabupaten Luwu Utara,Sulawesi Selatan,Buruk
Padang Indah Allepperengnge,Kabupaten Barru,Sulawesi Selatan,Baik
Masjid Besar DARUSSALAM Belawa,Kabupaten Wajo,Sulawesi Selatan,Terbaik
"BUKIT NATO,Lolai negri diatas awan",Kabupaten Toraja Utara,Sulawesi Selatan,Baik
Tugu Panua,Kabupaten Pohuwato,Gorontalo,Sedang
Pantai Cinta,Kabupaten Takalar,Sulawesi Selatan,Buruk
Masjid Agung Baiturrahim Pohuwato,Kabupaten Pohuwato,Gorontalo,Terbaik
Taman Purbakala Waruga,Kabupaten Minahasa Utara,Sulawesi Utara,Buruk
Kasuso,Kabupaten Bulukumba,Sulawesi Selatan,Terbaik
Taman Bakau Kendari,Kota Kendari,Sulawesi Tenggara,Buruk
Kasawari Beach,Kota Bitung,Sulawesi Utara,Buruk
Pantai Wisata Molotabu,Kabupaten Bone Bolango,Gorontalo,Sedang
Cartens Hills Wawo,Kota Tomohon,Sulawesi Utara,Buruk
Pantai Kalomang,Kabupaten Kolaka,Sulawesi Tenggara,Baik
Tebing Romantis Ollon,Kabupaten Tana Toraja,Sulawesi Selatan,Baik
Watu Pinawetengan,Kabupaten Minahasa,Sulawesi Utara,Terbaik
Kawah Gunung Lokon,Kabupaten Minahasa,Sulawesi Utara,Buruk
Monumen Patung Ir. Soekarno,Kabupaten Minahasa Utara,Sulawesi Utara,Sedang
Wisata Sungai Longalo Botu Motoli'oluwo,Kabupaten Bone Bolango,Gorontalo,Sedang
PANTAI MANAKARRA,Kabupaten Mamuju,Sulawesi Barat,Terbaik
Pantai Parangluhu Bira,Kabupaten Bulukumba,Sulawesi Selatan,Sedang
Tuturuga Beach,Kabupaten Minahasa,Sulawesi Utara,Buruk
Tracking Mangrove Bungkutoko,Kota Kendari,Sulawesi Tenggara,Buruk
"Kolam Renang Air Panas ""Zanoleos""",Kota Tomohon,Sulawesi Utara,Baik
Gua Mampu,Kabupaten Bone,Sulawesi Selatan,Baik
Air Terjun Kali Dingin,Kabupaten Luwu Timur,Sulawesi Selatan,Terbaik
Taman Air Kelapa Gading,Kota Baubau,Sulawesi Tenggara,Terbaik
Air Terjun Karawa,Kabupaten Pinrang,Sulawesi Selatan,Terbaik
Air Terjun Desa Tincep (Tekaan Rangka Kengkang),Kabupaten Minahasa,Sulawesi Utara,Buruk
"Pantai Bahari, Buton Selatan",Kabupaten Buton,Sulawesi Tenggara,Terbaik
Air Terjun Tirta Rimba,Kota Baubau,Sulawesi Tenggara,Sedang
Bukit Bossolo,Kabupaten Jeneponto,Sulawesi Selatan,Baik
Pantai Indah Kalasey,Kabupaten Minahasa,Sulawesi Utara,Terbaik
Taman Bambu Runcing,Kabupaten Polewali Mandar,Sulawesi Barat,Terbaik
Muntea Camping Ground,Kabupaten Bantaeng,Sulawesi Selatan,Sedang
Pantai Munu,Kabupaten Majene,Sulawesi Barat,Baik
Tugu Salib Buntu Singki,Kabupaten Toraja Utara,Sulawesi Selatan,Terbaik
Permandian Air Panas Mantikole,Kabupaten Sigi,Sulawesi Tengah,Terbaik
Wisata Pinus Panorama Tentena,Kabupaten Poso,Sulawesi Tengah,Terbaik
Pantai Tanjung Merah,Kota Bitung,Sulawesi Utara,Buruk
Wisata Alam Kalibiru Kanang,Kabupaten Polewali Mandar,Sulawesi Barat,Terbaik
Dungusan Soputan,Kabupaten Minahasa,Sulawesi Utara,Buruk
Wisata Air Terjun Latuppa,Kota Palopo,Sulawesi Selatan,Terbaik
Patung Yesus Penebus,Kota Bitung,Sulawesi Utara,Terbaik
Taman Maccini Sombala,Kota Makassar,Sulawesi Selatan,Terbaik
Bukit Maddo,Kabupaten Barru,Sulawesi Selatan,Baik
Puncak Pua' Janggo',Kabupaten Bulukumba,Sulawesi Selatan,Baik
Permandian Kolam Toddang Jompi'e,Kabupaten Bone,Sulawesi Selatan,Terbaik
Monumen Nani Wartabone,Kabupaten Gorontalo,Gorontalo,Baik
Kolam Renang Alami Water Blessing danowudu,Kota Bitung,Sulawesi Utara,Buruk
Mangrove Park Bahowo,Kota Manado,Sulawesi Utara,Terbaik
Pohon Kasih,Kota Manado,Sulawesi Utara,Buruk
Kabesaran Beach,Kabupaten Minahasa,Sulawesi Utara,Buruk
Bendungan Misterius,Kabupaten Sigi,Sulawesi Tengah,Baik
TEMPAT PERMANDIAN SANDAKAN BIAK,Kabupaten Banggai,Sulawesi Tengah,Baik
Puncak Lima Jari,Kabupaten Bone,Sulawesi Selatan,Sedang
Pelabuhan Ulu Siau,Kabupaten Kepulauan Siau Tagulandang Biaro,Sulawesi Utara,Buruk
Pantai La Poili,Kabupaten Buton,Sulawesi Tenggara,Terbaik
Lutim Landmark,Kabupaten Luwu Timur,Sulawesi Selatan,Terbaik
Pantai Mallenreng,Kabupaten Sinjai,Sulawesi Selatan,Baik
Pemandian Air Terjun Meranti,Kabupaten Bone Bolango,Gorontalo,Buruk
Pantai Tanjung Babia Pasangkayu,Kabupaten Pasangkayu,Sulawesi Barat,Terbaik
Pulau Wisata Lakkang,Kota Makassar,Sulawesi Selatan,Terbaik
Danau Moat,Kabupaten Bolaang Mongondow Timur,Sulawesi Utara,Sedang
Puncak Pontolo Indah,Kabupaten Gorontalo Utara,Gorontalo,Sedang
Pantai Lakeba,Kota Baubau,Sulawesi Tenggara,Terbaik
Permandian Bahoruru,Kabupaten Morowali,Sulawesi Tengah,Sedang
Ujung Lero Beach,Kabupaten Pinrang,Sulawesi Selatan,Baik
Puncak bollangi,Kabupaten Gowa,Sulawesi Selatan,Terbaik
Ombro,Kabupaten Kolaka Utara,Sulawesi Tenggara,Terbaik
Pantai Abadi,Kabupaten Bolaang Mongondow Timur,Sulawesi Utara,Terbaik
Pantai Talawaan Bajo,Kabupaten Minahasa Utara,Sulawesi Utara,Buruk
Taman Rekreasi Datae,Kabupaten Sidenreng Rappang,Sulawesi Selatan,Baik
"Forte Português do Século XVI em Amurang , Portugis",Kabupaten Minahasa Selatan,Sulawesi Utara,Terbaik
Wisata Marmer Bulo Tara Leang-Leang,Kabupaten Maros,Sulawesi Selatan,Baik
Taman Wisata Holyland Malino (Bili Park),Kabupaten Gowa,Sulawesi Selatan,Buruk
Rante Karassik,Kabupaten Toraja Utara,Sulawesi Selatan,Terbaik
Museum La Pawawoi,Kabupaten Bone,Sulawesi Selatan,Terbaik
Wisata Sungai So'do,Kabupaten Mamuju,Sulawesi Barat,Terbaik
Anjungan MARISA CITY,Kabupaten Pohuwato,Gorontalo,Terbaik
Patung Naga Kamali,Kota Baubau,Sulawesi Tenggara,Terbaik
Pantai Labuana,Kabupaten Donggala,Sulawesi Tengah,Sedang
Padang Savana Ongkoa Takalar,Kabupaten Takalar,Sulawesi Selatan,Baik
Pantai Teduang,Kabupaten Banggai Kepulauan,Sulawesi Tengah,Sedang
Taman Teras Unhas,Kota Makassar,Sulawesi Selatan,Baik
Danau Tempe,Kabupaten Wajo,Sulawesi Selatan,Terbaik
Bulu Saraung,Kabupaten Pangkajene Dan Kepulauan,Sulawesi Selatan,Terbaik
Museum Balla Lompoa Bajeng,Kabupaten Gowa,Sulawesi Selatan,Terbaik
Goa Pamona,Kabupaten Poso,Sulawesi Tengah,Sedang
"Bukit Larata, Desa Kinunang",Kabupaten Minahasa Utara,Sulawesi Utara,Buruk
Wisata Pantai Tapandullu,Kabupaten Mamuju,Sulawesi Barat,Terbaik
Tebing Marumasa Kalibata,Kabupaten Bulukumba,Sulawesi Selatan,Sedang
Pantai Pasir Putih Pitulua,Kabupaten Kolaka Utara,Sulawesi Tenggara,Terbaik
Taman Wisata Danau Sidenreng,Kabupaten Sidenreng Rappang,Sulawesi Selatan,Sedang
Pemandian Air Panas Makula,Kabupaten Tana Toraja,Sulawesi Selatan,Sedang
Taipa Beach,Kabupaten Konawe Utara,Sulawesi Tenggara,Baik
Taman Kota I Love Palopo,Kota Palopo,Sulawesi Selatan,Terbaik
Vihara Buddhayana,Kota Tomohon,Sulawesi Utara,Buruk
Pantai Biluhu Timur,Kabupaten Gorontalo,Gorontalo,Terbaik
Air Terjun Parang Bugisi,Kabupaten Gowa,Sulawesi Selatan,Baik
Wisata Pemancingan & Kuliner AjengMart,Kabupaten Konawe Selatan,Sulawesi Tenggara,Baik
Suaya,Kabupaten Tana Toraja,Sulawesi Selatan,Buruk
Pantai Walengkabola,Kabupaten Muna,Sulawesi Tenggara,Buruk
Pantai Kucing Parigi Moutong,Kabupaten Parigi Moutong,Sulawesi Tengah,Terbaik
I Love Minsel,Kabupaten Minahasa Selatan,Sulawesi Utara,Buruk
BAROS FARM HOUSE,Kabupaten Kolaka,Sulawesi Tenggara,Buruk
Air Terjun Salewangang Malino,Kabupaten Gowa,Sulawesi Selatan,Terbaik
Pantai Lowita - MUTIARA,Kabupaten Pinrang,Sulawesi Selatan,Terbaik
Puncak Melby'Ls,Kota Tomohon,Sulawesi Utara,Buruk
Pantai Pusahelu,Kabupaten Bulukumba,Sulawesi Selatan,Terbaik
Pantai Tanjung Tumpaan,Kabupaten Minahasa,Sulawesi Utara,Sedang
RTH Papalimba Puday,Kota Kendari,Sulawesi Tenggara,Terbaik
Rumah Alam Dunggala,Kabupaten Bone Bolango,Gorontalo,Baik
Pasangkayu Beach,Kabupaten Pasangkayu,Sulawesi Barat,Terbaik
Kahayya,Kabupaten Sinjai,Sulawesi Selatan,Sedang
Danau Towuti,Kabupaten Luwu Timur,Sulawesi Selatan,Terbaik
Pantai Embuhanga,Kabupaten Kepulauan Sangihe,Sulawesi Utara,Buruk
Pananualeng Beach,Kabupaten Kepulauan Sangihe,Sulawesi Utara,Buruk
Bukit Raga,Kabupaten Gorontalo,Gorontalo,Sedang
Alun-alun Kirambu,Kabupaten Kolaka Utara,Sulawesi Tenggara,Baik
Golden Kolam golden jumbo,Kota Manado,Sulawesi Utara,Buruk
Pagoda Ekayana,Kota Tomohon,Sulawesi Utara,Sedang
Tugu Ampana,Kabupaten Tojo Una-Una,Sulawesi Tengah,Buruk
Taman Taiganja Kalukubula,Kabupaten Sigi,Sulawesi Tengah,Sedang
Tilalohe Beach Resort,Kabupaten Gorontalo,Gorontalo,Baik
Bukit Sibedi,Kabupaten Sigi,Sulawesi Tengah,Baik
Danau Tempe Kab.Wajo,Kabupaten Wajo,Sulawesi Selatan,Terbaik
Tracking Mangrove Lahundape,Kota Kendari,Sulawesi Tenggara,Sedang
Lembah Ollon,Kabupaten Tana Toraja,Sulawesi Selatan,Baik
"Desa wisata karangan latimojong ,Sivin camp, kampong kopi Latimojong",Kabupaten Enrekang,Sulawesi Selatan,Terbaik
Permandian Air Tawar Desa Kautu,Kabupaten Banggai Kepulauan,Sulawesi Tengah,Baik
Koguna Beach,Kabupaten Buton,Sulawesi Tenggara,Buruk
Pulau Pasir Putih,Kabupaten Polewali Mandar,Sulawesi Barat,Baik
Rumah Adat Sao Raja Sawitto,Kabupaten Pinrang,Sulawesi Selatan,Baik
Puncak Wakila,Kabupaten Muna,Sulawesi Tenggara,Baik
Wisata Pohon Cinta,Kabupaten Pohuwato,Gorontalo,Terbaik
Tanah Bangkala Bone 1,Kabupaten Bone,Sulawesi Selatan,Terbaik
Pantai Banano,Kabupaten Tojo Una-Una,Sulawesi Tengah,Terbaik
Wisata Puncak Raja Bunga,Kabupaten Majene,Sulawesi Barat,Sedang
Pantai Kahona,Kota Bitung,Sulawesi Utara,Buruk
Wisata Alam Geologi Boro Boro,Kabupaten Konawe Selatan,Sulawesi Tenggara,Sedang
Taman Batu Balloci,Kabupaten Pangkajene Dan Kepulauan,Sulawesi Selatan,Buruk
Bukit Teletubbies,Kabupaten Banggai,Sulawesi Tengah,Terbaik
Wisata pemandian Air Panas Bakan,Kabupaten Bolaang Mongondow,Sulawesi Utara,Buruk
Wisata Gunung Kekewang Desa Tetey,Kabupaten Minahasa Utara,Sulawesi Utara,Buruk
Padang Pajjongang,Kabupaten Bombana,Sulawesi Tenggara,Terbaik
Tanggul Batu Cincin,Kabupaten Majene,Sulawesi Barat,Baik
Taman Wisata NewMahoni Tomohon,Kota Tomohon,Sulawesi Utara,Buruk
Air Terjun Bantimurung Bone-Bone,Kabupaten Luwu Utara,Sulawesi Selatan,Baik
Pantai Tasik Ria,Kabupaten Minahasa,Sulawesi Utara,Sedang
Pantai Wantopi,Kabupaten Buton Tengah,Sulawesi Tenggara,Terbaik
Objek Wisata Gunung Tambolang,Kabupaten Toraja Utara,Sulawesi Selatan,Terbaik
Hidden gem - taman wisata & camping,Kota Tomohon,Sulawesi Utara,Terbaik
Permandian Bukit Kasih,Kabupaten Luwu Timur,Sulawesi Selatan,Baik
Danau Tambing,Kabupaten Poso,Sulawesi Tengah,Baik
Wisata Alam Pakalolo,Kabupaten Luwu,Sulawesi Selatan,Terbaik
Air Terjun Biroro,Kabupaten Gowa,Sulawesi Selatan,Baik
Tapahan Telu Waterfall,Kota Tomohon,Sulawesi Utara,Sedang
Tongkonan To'Barana,Kabupaten Toraja Utara,Sulawesi Selatan,Sedang
Air Terjun Lengan,Kabupaten Maros,Sulawesi Selatan,Baik
Pusentasi,Kabupaten Donggala,Sulawesi Tengah,Sedang
Pantai Malauwa,Kabupaten Mamuju,Sulawesi Barat,Terbaik
Situs Megalitik Pokekea,Kabupaten Poso,Sulawesi Tengah,Terbaik
Uluna Tondano,Kabupaten Minahasa,Sulawesi Utara,Terbaik
Air Terjun Sarang Burung,Kabupaten Barru,Sulawesi Selatan,Terbaik
BUKIT DOA WAREMBUNGAN,Kabupaten Minahasa,Sulawesi Utara,Buruk
ZULU PARK,Kabupaten Pangkajene Dan Kepulauan,Sulawesi Selatan,Terbaik
Pantai Beringin Cinta,Kabupaten Mamuju,Sulawesi Barat,Buruk
Pantai Wale,Kabupaten Konawe Utara,Sulawesi Tenggara,Sedang
Napabale Beach,Kabupaten Muna,Sulawesi Tenggara,Buruk
Marina Togo Wakatobi,Kabupaten Wakatobi,Sulawesi Tenggara,Terbaik
Air Terjun Parom,Kota Bitung,Sulawesi Utara,Sedang
Bulu Dua,Kabupaten Soppeng,Sulawesi Selatan,Buruk
Pantai Alar Pondang,Kabupaten Minahasa Selatan,Sulawesi Utara,Buruk
Minanga Beach,Kabupaten Gorontalo Utara,Gorontalo,Terbaik
Taman Wisata Fafaliang,Kabupaten Sinjai,Sulawesi Selatan,Baik
Pantai Kelapa Ujung,Kabupaten Jeneponto,Sulawesi Selatan,Baik
HARLAND WISATA KEBUN,Kabupaten Gowa,Sulawesi Selatan,Sedang
Wisata Alam Buhung Tie Lotong-lotong,Kabupaten Bulukumba,Sulawesi Selatan,Terbaik
Monumen Juang Lesangi,Kabupaten Luwu Utara,Sulawesi Selatan,Terbaik
Wisata Polewali Mandar - Rawa Bangun,Kabupaten Polewali Mandar,Sulawesi Barat,Baik
Wisata alam & rekreasi borkal,Kabupaten Bulukumba,Sulawesi Selatan,Buruk
Wale Ne Reideen Rumah Miring Tomohon,Kota Tomohon,Sulawesi Utara,Buruk
Museum Karaeng Pattingalloang,Kabupaten Gowa,Sulawesi Selatan,Terbaik
Permandian Alam Waetuwo,Kabupaten Bone,Sulawesi Selatan,Terbaik
Klenteng Ibu Agung Bahari,Kota Makassar,Sulawesi Selatan,Terbaik
Bukit Savana Pulisan,Kabupaten Minahasa Utara,Sulawesi Utara,Sedang
Masjid Taqwa Tompong,Kabupaten Bantaeng,Sulawesi Selatan,Sedang
Kolam Renang Banua Wisata,Kota Palopo,Sulawesi Selatan,Terbaik
Bulu Saukang,Kabupaten Maros,Sulawesi Selatan,Terbaik
Pantai Batu Gong Kendari,Kabupaten Konawe,Sulawesi Tenggara,Sedang
Danau Limboto,Kabupaten Gorontalo,Gorontalo,Buruk
Togeo Beach,Kabupaten Bone,Sulawesi Selatan,Buruk
Rumah Adat Jeneponto,Kabupaten Gowa,Sulawesi Selatan,Terbaik
Wisata Rumah Hobbit Bolangi 4,Kabupaten Gowa,Sulawesi Selatan,Sedang
Permandian Moko,Kabupaten Muna,Sulawesi Tenggara,Baik
PANTAI PUDONGGALA,Kabupaten Konawe Utara,Sulawesi Tenggara,Terbaik
Bukit Alebo,Kabupaten Konawe Selatan,Sulawesi Tenggara,Buruk
Taman Nasional Taka Bonerate,Kabupaten Kepulauan Selayar,Sulawesi Selatan,Baik
Rano Kalimpaa,Kabupaten Poso,Sulawesi Tengah,Baik
"Embung Hutadaa, Talaga Jaya",Kabupaten Gorontalo,Gorontalo,Terbaik
Wisata Pemancingan dan Kuliner Lembah Sigi,Kabupaten Sigi,Sulawesi Tengah,Terbaik
Puncak Pusunge Tahuna,Kabupaten Kepulauan Sangihe,Sulawesi Utara,Buruk
Museum Keraton Buton,Kabupaten Buton Selatan,Sulawesi Tenggara,Terbaik
Pantai Moinit,Kabupaten Minahasa Selatan,Sulawesi Utara,Buruk
Pantai Tae Manu Belang-Belang,Kabupaten Mamuju,Sulawesi Barat,Terbaik
Bukit Jati Gentungan Mamuju,Kabupaten Mamuju,Sulawesi Barat,Sedang
Tumbak Island Cottage Ratahan,Kabupaten Minahasa Tenggara,Sulawesi Utara,Buruk
Bukit Teletubbies,Kabupaten Bombana,Sulawesi Tenggara,Sedang
Lambangan Pauno,Kabupaten Banggai Laut,Sulawesi Tengah,Baik
Mimpi pool club manado,Kabupaten Minahasa Utara,Sulawesi Utara,Buruk
RTH Suwawa,Kabupaten Bone Bolango,Gorontalo,Terbaik
Pantai Tanjung Tabako,Kabupaten Bombana,Sulawesi Tenggara,Buruk
Air terjun Timurung,Kabupaten Gowa,Sulawesi Selatan,Terbaik
AIR TERJUN TALOKAN,Kabupaten Buol,Sulawesi Tengah,Terbaik
Air Terjun Manuba,Kabupaten Barru,Sulawesi Selatan,Terbaik
Sungai Jodoh,Kota Palopo,Sulawesi Selatan,Baik
Situs To'pao Pusat Sejarah Kondosapata',Kabupaten Mamasa,Sulawesi Barat,Terbaik
Puncak Botubarani,Kabupaten Bone Bolango,Gorontalo,Terbaik
Mata Air Paisu Batango Desa Luk Panenteng,Kabupaten Banggai Kepulauan,Sulawesi Tengah,Terbaik
Wisata pantai kaisomaru,Kota Gorontalo,Gorontalo,Sedang
Permandian Lambiria,Kabupaten Gowa,Sulawesi Selatan,Buruk
Buntu Burake,Kabupaten Tana Toraja,Sulawesi Selatan,Sedang
Wisata Air Terjun Mantikole,Kabupaten Sigi,Sulawesi Tengah,Terbaik
Wisata Cekong,Kabupaten Enrekang,Sulawesi Selatan,Baik
Wale Ti Siri Puncak Rurukan Sulawesi Utara,Kota Tomohon,Sulawesi Utara,Buruk
Kawasan Benteng Sanrobone,Kabupaten Takalar,Sulawesi Selatan,Terbaik
Pantai Hayalan Donggala,Kabupaten Donggala,Sulawesi Tengah,Baik
Pantai Senja,Kabupaten Konawe Selatan,Sulawesi Tenggara,Terbaik
Air Terjun Lembah Karaeng,Kabupaten Gowa,Sulawesi Selatan,Terbaik
Permandian Alam Air Panas Lemo Susu,Kabupaten Pinrang,Sulawesi Selatan,Baik
Casa de Lotus,Kabupaten Minahasa Utara,Sulawesi Utara,Sedang
Taman patung kuda bumi bahari,Kota Palu,Sulawesi Tengah,Sedang
Telaga Sibili Pantoloan,Kota Palu,Sulawesi Tengah,Buruk
Penangkaran RUSA Desa Wosu,Kabupaten Morowali,Sulawesi Tengah,Terbaik
Desa Wisata Untia,Kabupaten Maros,Sulawesi Selatan,Baik
Pulau Binongko,Kabupaten Wakatobi,Sulawesi Tenggara,Buruk
Pantai Lolan,Kabupaten Bolaang Mongondow,Sulawesi Utara,Buruk
Museum - Ziekenhuis - Mandar Majene,Kabupaten Majene,Sulawesi Barat,Baik
Taman Wisata Alam Kota Tomohon,Kota Tomohon,Sulawesi Utara,Buruk
Gelora Wisata Desa Nepo,Kabupaten Wajo,Sulawesi Selatan,Buruk
Pijar Beach Cottages,Kabupaten Tolitoli,Sulawesi Tengah,Baik
Wisata Hutan Mangrove Dewi Biringkassi,Kabupaten Pangkajene Dan Kepulauan,Sulawesi Selatan,Sedang
Air Terjun Kima Atas,Kota Manado,Sulawesi Utara,Buruk
Air Terjun Tumburano,Kabupaten Konawe Kepulauan,Sulawesi Tenggara,Terbaik
Tanggul Topejawa,Kabupaten Takalar,Sulawesi Selatan,Terbaik
Air Terjun Kembar Desa Barambang,Kabupaten Sinjai,Sulawesi Selatan,Baik
Donggia Kahayya,Kabupaten Bulukumba,Sulawesi Selatan,Terbaik
labengki Pasir Panjang,Kabupaten Konawe Utara,Sulawesi Tenggara,Terbaik
Rangas Beach,Kabupaten Mamuju,Sulawesi Barat,Baik
AGRA Wisata,Kabupaten Konawe,Sulawesi Tenggara,Terbaik
Puncak Tiriondahi,Kabupaten Konawe Selatan,Sulawesi Tenggara,Sedang
Air Terjun Tammasapi,Kabupaten Mamuju,Sulawesi Barat,Sedang
Air Terjun To Magelli,Kabupaten Barru,Sulawesi Selatan,Baik
Danau Tombakar (Ranowangko),Kabupaten Minahasa,Sulawesi Utara,Terbaik
Kelapa Tujuh,Kabupaten Mamuju,Sulawesi Barat,Terbaik
Pantai Exotic,Kabupaten Bone Bolango,Gorontalo,Baik
Museum Nekara,Kabupaten Kepulauan Selayar,Sulawesi Selatan,Terbaik
Pantai Impian,Kabupaten Luwu Timur,Sulawesi Selatan,Buruk
Tugu Lilin,Kota Manado,Sulawesi Utara,Buruk
Pesisir Pantai Pamboang,Kabupaten Majene,Sulawesi Barat,Baik
Pantai Talise,Kota Palu,Sulawesi Tengah,Terbaik
Wisata Vatu Nonju,Kabupaten Sigi,Sulawesi Tengah,Terbaik
Bumi Perkemahan Ulunggolaka,Kabupaten Kolaka,Sulawesi Tenggara,Baik
Balai Taman Nasional Wakatobi,Kabupaten Wakatobi,Sulawesi Tenggara,Sedang
Pantai Mowuru,Kabupaten Buton Utara,Sulawesi Tenggara,Terbaik
Pantai Nipa Nipa,Kabupaten Konawe,Sulawesi Tenggara,Buruk
Pantai Jampue,Kabupaten Pinrang,Sulawesi Selatan,Sedang
Pantai Sarena,Kota Bitung,Sulawesi Utara,Buruk
Pantai Negeri Lama (Nelam),Kabupaten Buol,Sulawesi Tengah,Buruk
Pangngalleang toppa',Kabupaten Gowa,Sulawesi Selatan,Baik
Mendatte Park,Kabupaten Enrekang,Sulawesi Selatan,Terbaik
Pantai marana,Kabupaten Sinjai,Sulawesi Selatan,Baik
Pulau Lahe,Kabupaten Pohuwato,Gorontalo,Terbaik
Pantai Kambahu,Kota Bitung,Sulawesi Utara,Buruk
Taman Makam Pahlawan,Kabupaten Majene,Sulawesi Barat,Baik
Pantai Sumpang Binangae,Kabupaten Barru,Sulawesi Selatan,Baik
DESA Wisata Namu,Kabupaten Konawe Selatan,Sulawesi Tenggara,Sedang
Taman Marannu,Kabupaten Pinrang,Sulawesi Selatan,Baik
Pantai Babo Moonow,Kabupaten Bolaang Mongondow,Sulawesi Utara,Buruk
Pantai Indah Kapu,Kabupaten Kolaka,Sulawesi Tenggara,Baik
Permandian Matakidi,Kabupaten Muna,Sulawesi Tenggara,Terbaik
"Negeri Seribu Batu (NeBuBa) ""Pondok Mahari""",Kota Palopo,Sulawesi Selatan,Baik
Khenjiro Beach,Kabupaten Minahasa Utara,Sulawesi Utara,Terbaik
Mata Air Sangia,Kabupaten Muna,Sulawesi Tenggara,Sedang
Maccahaya Waterboom,Kabupaten Soppeng,Sulawesi Selatan,Buruk
Obyek Wisata Pantai Vatu Mapida,Kabupaten Donggala,Sulawesi Tengah,Sedang
Pantai Tumbu,Kabupaten Mamuju,Sulawesi Barat,Terbaik
Gunung Ambang,Kabupaten Bolaang Mongondow Timur,Sulawesi Utara,Baik
Rote Park Sawangan,Kabupaten Minahasa Utara,Sulawesi Utara,Buruk
Puncak Kelor Ta Wanua Tonra,Kabupaten Bone,Sulawesi Selatan,Baik
Pasir Panjang,Kabupaten Morowali,Sulawesi Tengah,Baik
Tongkonan Karuaya,Kabupaten Tana Toraja,Sulawesi Selatan,Baik
Pantai Ujung Tiro,Kabupaten Bulukumba,Sulawesi Selatan,Terbaik
Permandian Rindu Alam Apala,Kabupaten Bone,Sulawesi Selatan,Baik
Gunung Mekongga,Kabupaten Kolaka Utara,Sulawesi Tenggara,Terbaik
Tanete Gandangdewata,Kabupaten Mamasa,Sulawesi Barat,Terbaik
Bira Point Of View(one piece),Kabupaten Bulukumba,Sulawesi Selatan,Baik
Gunung Nona,Kabupaten Enrekang,Sulawesi Selatan,Baik
Gunung Batuangus,Kota Bitung,Sulawesi Utara,Baik
Wisata Jembatan Lingkar,Kabupaten Buton,Sulawesi Tenggara,Buruk
Pantai tihu,Kabupaten Bone Bolango,Gorontalo,Sedang
PANTAI WAIKESA,Kabupaten Wakatobi,Sulawesi Tenggara,Terbaik
Wisata Pemandian Potanga,Kabupaten Gorontalo,Gorontalo,Baik
Benteng Oranje,Kabupaten Gorontalo Utara,Gorontalo,Buruk
Danau Balang Tonjong,Kota Makassar,Sulawesi Selatan,Terbaik
Istana Malige,Kota Baubau,Sulawesi Tenggara,Terbaik
Danau Mawang,Kabupaten Gowa,Sulawesi Selatan,Sedang
Museum Negeri Provinsi Sulawesi Tenggara,Kota Kendari,Sulawesi Tenggara,Baik
pulau bintang tolala,Kabupaten Kolaka Utara,Sulawesi Tenggara,Buruk
Goa Jepang Kawangkoan,Kabupaten Minahasa,Sulawesi Utara,Buruk
Pantai Pasir Putih,Kabupaten Banggai Laut,Sulawesi Tengah,Baik
Bukit Marezo,Kota Parepare,Sulawesi Selatan,Baik
Tomohon Show Window,Kota Tomohon,Sulawesi Utara,Buruk
Pantai Lilang,Kabupaten Minahasa Utara,Sulawesi Utara,Terbaik
Taraujung Pamboang,Kabupaten Majene,Sulawesi Barat,Terbaik
PANTAI KARANG EMPAT,Kabupaten Bombana,Sulawesi Tenggara,Baik
Air Terjun Sungai Anuang,Kabupaten Luwu Timur,Sulawesi Selatan,Sedang
Wisata Alam Lewaja,Kabupaten Enrekang,Sulawesi Selatan,Sedang
Pantai Galau,Kabupaten Sinjai,Sulawesi Selatan,Sedang
Pantai RCTI,Kota Bitung,Sulawesi Utara,Buruk
Pantai Kinunang,Kabupaten Minahasa Utara,Sulawesi Utara,Buruk
Air Terjun Waesai,Kabupaten Barru,Sulawesi Selatan,Sedang
Destinasi Wisata Bukit Sasayaban,Kabupaten Minahasa Selatan,Sulawesi Utara,Buruk
Air Terjun Ladenring,Kabupaten Bone,Sulawesi Selatan,Baik
Pantai Gubahi,Kabupaten Buton,Sulawesi Tenggara,Sedang
Klenteng KWAN KONG Manado,Kota Manado,Sulawesi Utara,Buruk
Pantai Pulisan,Kabupaten Minahasa Utara,Sulawesi Utara,Buruk
Monumen Perjuangan Rakyat Pangkep,Kabupaten Pangkajene Dan Kepulauan,Sulawesi Selatan,Terbaik
Wisata Bukit Arang Gorontalo,Kabupaten Bone Bolango,Gorontalo,Terbaik
Tanjung Ngalo Mamuju,Kabupaten Mamuju Tengah,Sulawesi Barat,Buruk
Kebun Anggur DUYU BANGKIT 02/04,Kota Palu,Sulawesi Tengah,Terbaik
Mattirotasi beach,Kota Parepare,Sulawesi Selatan,Baik
Tugu Kandean Dulang,Kabupaten Toraja Utara,Sulawesi Selatan,Terbaik
Pantai BBC,Kabupaten Kepulauan Talaud,Sulawesi Utara,Buruk
Mokokawa,Kabupaten Banggai,Sulawesi Tengah,Sedang
Masjid Keraton Liya,Kabupaten Wakatobi,Sulawesi Tenggara,Terbaik
Pemandian Ma'obu,Kabupaten Buton,Sulawesi Tenggara,Sedang
Pantai Bungin,Kabupaten Bolaang Mongondow,Sulawesi Utara,Buruk
Hubat Sanjai,Kabupaten Sinjai,Sulawesi Selatan,Buruk
Ungkea Beach,Kabupaten Morowali Utara,Sulawesi Tengah,Buruk
Taman Kota Majene,Kabupaten Majene,Sulawesi Barat,Sedang
Pantai Padongko,Kabupaten Barru,Sulawesi Selatan,Sedang
Air Terjun Baturiti,Kabupaten Parigi Moutong,Sulawesi Tengah,Baik
Pantai Malaha,Kabupaten Kolaka,Sulawesi Tenggara,Baik
Pantai Panorama,Kabupaten Mamuju Tengah,Sulawesi Barat,Baik
Taman Kota Keydupa,Kabupaten Bolaang Mongondow Utara,Sulawesi Utara,Buruk
TODDOPULI GREENLAND,Kabupaten Bulukumba,Sulawesi Selatan,Buruk
Gelora ambang,Kota Kotamobagu,Sulawesi Utara,Buruk
Pantai Kanaan,Kabupaten Minahasa,Sulawesi Utara,Sedang
Wisata Alam Bukit Peyapata,Kabupaten Bone Bolango,Gorontalo,Terbaik
Tongkonan Ranteallo,Kabupaten Toraja Utara,Sulawesi Selatan,Sedang
Pantai Kampa,Kabupaten Konawe Kepulauan,Sulawesi Tenggara,Sedang
Pantai Meleura,Kabupaten Muna,Sulawesi Tenggara,Terbaik
Dermaga Harapan,Kabupaten Jeneponto,Sulawesi Selatan,Terbaik
Pantai Pajala,Kabupaten Muna,Sulawesi Tenggara,Terbaik
LYWANZA HILLS,Kabupaten Mamuju,Sulawesi Barat,Buruk
Pantai Gusung Indah,Kabupaten Takalar,Sulawesi Selatan,Sedang
Taman Pintar,Kabupaten Pinrang,Sulawesi Selatan,Baik
Lolai Tongkonan Tangke Honai Rangga,Kabupaten Toraja Utara,Sulawesi Selatan,Baik
Pantai Pa'badilang,Kabupaten Kepulauan Selayar,Sulawesi Selatan,Baik
Pantai mosing,Kabupaten Parigi Moutong,Sulawesi Tengah,Baik
Bendungan Kalola,Kabupaten Wajo,Sulawesi Selatan,Sedang
Pinus 2 Soputan,Kabupaten Minahasa,Sulawesi Utara,Sedang
Hutan Kota Tomohon,Kota Tomohon,Sulawesi Utara,Terbaik
Objek Wisata Danau Seper,Kabupaten Minahasa Utara,Sulawesi Utara,Baik
Taman Wisata Alam Batu Angus,Kota Bitung,Sulawesi Utara,Buruk
Permandian air terjun Moramo,Kabupaten Konawe Selatan,Sulawesi Tenggara,Sedang
Citol Hill TONDOK BAKARU,Kabupaten Mamasa,Sulawesi Barat,Baik
Permandian Alam Uelanti,Kabupaten Luwu Timur,Sulawesi Selatan,Baik
BUKIT SENAYAN DESA BULO KEC. BULO (NEGERI ATAS AWAN),Kabupaten Polewali Mandar,Sulawesi Barat,Sedang
Taman Nirwana Park (Tilung),Kabupaten Luwu Timur,Sulawesi Selatan,Buruk
Pantai Wisata Lapeo,Kabupaten Polewali Mandar,Sulawesi Barat,Baik
Pantai Panjang Toronipa,Kabupaten Konawe,Sulawesi Tenggara,Terbaik
Permandian Bahopombine,Kabupaten Morowali,Sulawesi Tengah,Buruk
Wisata Permandian Agro Palopo,Kota Palopo,Sulawesi Selatan,Buruk
Parigi Moutong Mutiara Khatulistiwa,Kabupaten Parigi Moutong,Sulawesi Tengah,Terbaik
Tirta Ria,Kabupaten Buol,Sulawesi Tengah,Sedang
Batu Tongkarayya,Kabupaten Bulukumba,Sulawesi Selatan,Terbaik
Wisata Hutan Pinus Buntudatu,Kabupaten Tana Toraja,Sulawesi Selatan,Baik
Chimoki Beach,Kabupaten Bolaang Mongondow Timur,Sulawesi Utara,Buruk
Pantai Balo Balo,Kabupaten Luwu Timur,Sulawesi Selatan,Buruk
Kampung Literasi Borongtala,Kabupaten Gowa,Sulawesi Selatan,Baik
Jelly Fish Lake (Mariona Lake),Kabupaten Tojo Una-Una,Sulawesi Tengah,Sedang
AIR TERJUN HUILA,Kabupaten Bone Bolango,Gorontalo,Terbaik
Pasambaya river side,Kabupaten Gorontalo,Gorontalo,Sedang
Agrowisata Qurratu'ain,Kota Kendari,Sulawesi Tenggara,Terbaik
Asinua Water Park Konawe,Kabupaten Konawe,Sulawesi Tenggara,Terbaik
Tanjung Silar,Kabupaten Bolaang Mongondow Timur,Sulawesi Utara,Terbaik
Monumen Paccekke,Kabupaten Barru,Sulawesi Selatan,Terbaik
PULAU SABANG TENDE,Kabupaten Tolitoli,Sulawesi Tengah,Buruk
Wisata alam puncak kunyi,Kabupaten Polewali Mandar,Sulawesi Barat,Terbaik
Puncak Buntu Sarira Negri Di Atas Awan,Kabupaten Tana Toraja,Sulawesi Selatan,Terbaik
Pantai Oyama,Kabupaten Banggai Laut,Sulawesi Tengah,Buruk
Agrowisata California Cialam,Kabupaten Konawe Selatan,Sulawesi Tenggara,Terbaik
Taman Wisata Hutan Pinus Sorombipi,Kabupaten Kolaka Timur,Sulawesi Tenggara,Buruk
Taman BUTENG,Kabupaten Buton,Sulawesi Tenggara,Baik
To' Pinus Salu Kodo,Kabupaten Mamasa,Sulawesi Barat,Sedang
Ikha cell,Kota Kotamobagu,Sulawesi Utara,Buruk
Tinambung Highland,Kabupaten Gowa,Sulawesi Selatan,Buruk
Museum Pinawetengan,Kabupaten Minahasa,Sulawesi Utara,Buruk
Torosiaje,Kabupaten Pohuwato,Gorontalo,Terbaik
Air Terjun Kandawu Ndawuna,Kabupaten Buton,Sulawesi Tenggara,Sedang
D'Marantale,Kabupaten Parigi Moutong,Sulawesi Tengah,Sedang
Air Terjun Sarambu Salu,Kabupaten Toraja Utara,Sulawesi Selatan,Sedang
Objek Wisata Galugu Dua Sa'dan Sangkombong,Kabupaten Toraja Utara,Sulawesi Selatan,Buruk
Taman Kota Buol,Kabupaten Buol,Sulawesi Tengah,Sedang
Pantai Kuri Indah,Kabupaten Maros,Sulawesi Selatan,Buruk
Air Terjun Merdeka,Kabupaten Maros,Sulawesi Selatan,Sedang
Taman Motika,Kabupaten Wakatobi,Sulawesi Tenggara,Buruk
Puncak Kayangan 1 Sombori,Kabupaten Morowali,Sulawesi Tengah,Terbaik
Tanjung biru,Kota Makassar,Sulawesi Selatan,Sedang
Wisata Kebun Jati Gelebug Chandra,Kabupaten Bolaang Mongondow,Sulawesi Utara,Buruk
Air TERJUN NANGA NANGA,Kota Kendari,Sulawesi Tenggara,Terbaik
Water Sport Objek Wisata Pantai Molotabu,Kabupaten Bone Bolango,Gorontalo,Baik
Kawasan Wisata LEANG LONDRONG,Kabupaten Pangkajene Dan Kepulauan,Sulawesi Selatan,Terbaik
Pantai Wisata Moian,Kabupaten Parigi Moutong,Sulawesi Tengah,Buruk
Tumpaan Park,Kabupaten Minahasa Selatan,Sulawesi Utara,Buruk
Pantai Pulau Kondo,Kabupaten Bombana,Sulawesi Tenggara,Baik
Batu Ejayya,Kabupaten Bantaeng,Sulawesi Selatan,Terbaik
Jembatan Muara Sungai Palopo,Kota Palopo,Sulawesi Selatan,Sedang
Pantai Lolak,Kabupaten Bolaang Mongondow,Sulawesi Utara,Buruk
RAQa River Camp,Kabupaten Donggala,Sulawesi Tengah,Sedang
Air Terjun Simoko,Kabupaten Bantaeng,Sulawesi Selatan,Baik
Air Terjun Dendengan,Kabupaten Banggai,Sulawesi Tengah,Buruk
Pulau Karampuang,Kabupaten Mamuju,Sulawesi Barat,Terbaik
Black Sand Beach(pantai pasir hitam),Kabupaten Buton,Sulawesi Tenggara,Buruk
Pantai Baluno,Kabupaten Majene,Sulawesi Barat,Sedang
Bundaran Bahomohoni,Kabupaten Morowali,Sulawesi Tengah,Terbaik
Ujung Tape,Kabupaten Pinrang,Sulawesi Selatan,Baik
Taman Puspa Pesona,Kabupaten Barru,Sulawesi Selatan,Sedang
Liawan,Kabupaten Mamasa,Sulawesi Barat,Buruk
Permandian Wakantee,Kabupaten Muna,Sulawesi Tenggara,Terbaik
Air Terjun Kamumu,Kabupaten Banggai,Sulawesi Tengah,Baik
MONUMEN LAPRIS,Kabupaten Takalar,Sulawesi Selatan,Terbaik
MANGROVE SALUBIRO KAROSSA,Kabupaten Mamuju Tengah,Sulawesi Barat,Sedang
Taman Margasatwa Tandurusa,Kota Bitung,Sulawesi Utara,Buruk
Masjid Tua Jara'e,Kabupaten Sidenreng Rappang,Sulawesi Selatan,Baik
Pantai Bulo Rerer,Kabupaten Minahasa,Sulawesi Utara,Terbaik
Puncak Bulusaraung,Kabupaten Pangkajene Dan Kepulauan,Sulawesi Selatan,Baik
WATERPARK AMANAH TANI,Kabupaten Luwu Utara,Sulawesi Selatan,Terbaik
Pantai Pasir Putih,Kabupaten Bolaang Mongondow,Sulawesi Utara,Sedang
Air Terjun Cinta,Kabupaten Gowa,Sulawesi Selatan,Buruk
Pemandian Air Panas Rantekatoan,Kabupaten Mamasa,Sulawesi Barat,Buruk
OBJEB WISATA PANTAI SALUKAILI,Kabupaten Pasangkayu,Sulawesi Barat,Terbaik
Mangrove Park Tiwoho,Kabupaten Minahasa Utara,Sulawesi Utara,Sedang
Camping ground kendari,Kota Kendari,Sulawesi Tenggara,Sedang
Wisata Banua Pangka Wotu,Kabupaten Luwu Timur,Sulawesi Selatan,Terbaik
Bendungan Bantimurung Bone-Bone Luwu utara,Kabupaten Luwu Utara,Sulawesi Selatan,Terbaik
Bukit Bumi Cerah,Kabupaten Bone Bolango,Gorontalo,Buruk
Pantai Marboro,Kabupaten Buton,Sulawesi Tenggara,Baik
Air Terjun Danggang,Kabupaten Gowa,Sulawesi Selatan,Terbaik
Cagar Alam Karaengta Maros,Kabupaten Maros,Sulawesi Selatan,Sedang
Pantai Labobo,Kabupaten Buton,Sulawesi Tenggara,Baik
Bukit Indah Camp,Kabupaten Gowa,Sulawesi Selatan,Terbaik
Gelora Permata Hijau Waetuwo,Kabupaten Wajo,Sulawesi Selatan,Sedang
Kampoeng Mangrove Ra'ra,Kabupaten Jeneponto,Sulawesi Selatan,Baik
Air Terjun Kogawuna,Kota Baubau,Sulawesi Tenggara,Sedang
Muara Maros Baru,Kabupaten Maros,Sulawesi Selatan,Buruk
Kamali Boneaka,Kabupaten Banggai Laut,Sulawesi Tengah,Sedang
Bendungan Bettu,Kabupaten Bulukumba,Sulawesi Selatan,Sedang
Pantai Enu,Kabupaten Donggala,Sulawesi Tengah,Terbaik
Lereng CInta,Kota Palopo,Sulawesi Selatan,Sedang
Alun-Alun Pantai Seruni,Kabupaten Bantaeng,Sulawesi Selatan,Terbaik
Air Terjun Depa',Kabupaten Gowa,Sulawesi Selatan,Buruk
Buntu Gallang,Kabupaten Enrekang,Sulawesi Selatan,Baik
Telaga Biru Ere Merasa,Kabupaten Bulukumba,Sulawesi Selatan,Baik
Pantai Membuku,Kabupaten Buton Utara,Sulawesi Tenggara,Terbaik
Pantai Salokaili,Kabupaten Pasangkayu,Sulawesi Barat,Sedang
Taman Kota Sengkang Kabupaten Wajo,Kabupaten Wajo,Sulawesi Selatan,Terbaik
Taman Gazebo Pangkep,Kabupaten Pangkajene Dan Kepulauan,Sulawesi Selatan,Buruk
Kampung Kreasi Lowita,Kabupaten Pinrang,Sulawesi Selatan,Baik
Pantai Tumpaan Sawangan,Kabupaten Minahasa,Sulawesi Utara,Buruk
Pariwisata Riverside Dinamunen,Kabupaten Minahasa Utara,Sulawesi Utara,Buruk
Morowali Sampoddo,Kota Palopo,Sulawesi Selatan,Terbaik
Permandian Zahara Wisata Papandangan,Kabupaten Polewali Mandar,Sulawesi Barat,Baik
Batu Miana,Kabupaten Mamuju Tengah,Sulawesi Barat,Buruk
Buyu Balease,Kabupaten Luwu Utara,Sulawesi Selatan,Terbaik
Gunung Empung,Kabupaten Minahasa,Sulawesi Utara,Buruk
Bukit Rongi,Kabupaten Buton,Sulawesi Tenggara,Buruk
Bendungan Ponre Ponre,Kabupaten Bone,Sulawesi Selatan,Sedang
Pantai Teletabis,Kabupaten Minahasa Selatan,Sulawesi Utara,Buruk
Museum Buntu Kalando,Kabupaten Tana Toraja,Sulawesi Selatan,Baik
Pantai Raha Morowali,Kabupaten Morowali,Sulawesi Tengah,Sedang
Air Terjun Saliu,Kabupaten Maros,Sulawesi Selatan,Terbaik
Siuri beach,Kabupaten Poso,Sulawesi Tengah,Baik
Rental Mobil Gorontalo Talani,Kabupaten Gorontalo Utara,Gorontalo,Terbaik
Air Terjun Sarambu Bittuang,Kabupaten Tana Toraja,Sulawesi Selatan,Sedang
Puncak Lestari,Kabupaten Gorontalo,Gorontalo,Terbaik
Wisata Kelapa Muda Sabda Alam,Kabupaten Jeneponto,Sulawesi Selatan,Baik
Boulevard Pantai Kambiow,Kabupaten Minahasa Selatan,Sulawesi Utara,Buruk
Wisata Istana Karst Ujung Bulu,Kabupaten Maros,Sulawesi Selatan,Terbaik
Jl taman gunung tumpa,Kota Manado,Sulawesi Utara,Buruk
Tempat Ziarah Bukit Pena',Kabupaten Mamasa,Sulawesi Barat,Terbaik
Pantai Harapan Pajalele,Kabupaten Pinrang,Sulawesi Selatan,Baik
Kawasan agro wisata desa Kassi,Kabupaten Jeneponto,Sulawesi Selatan,Sedang
Pantai Seta - Seta,Kabupaten Luwu Utara,Sulawesi Selatan,Baik
Wisata Pemandian Barakati,Kabupaten Gorontalo,Gorontalo,Buruk
Air Terjun Laumarang,Kabupaten Banggai,Sulawesi Tengah,Buruk
Wisata Buntu Kepa',Kabupaten Mamasa,Sulawesi Barat,Baik
Pantai Jodoh,Kabupaten Bone,Sulawesi Selatan,Baik
Wisata Panjat Tebing Batu Dinding Kilo Tiga,Kabupaten Minahasa Selatan,Sulawesi Utara,Buruk
"Air Konde, Pasan Wawali Minahasa Tenggara (Jalan menuju Air Konde)",Kabupaten Minahasa Tenggara,Sulawesi Utara,Terbaik
Objek Wisata Rante Sirrin,Kabupaten Toraja Utara,Sulawesi Selatan,Sedang
Pantai Kayuangin,Kabupaten Kolaka,Sulawesi Tenggara,Baik
Birtaria Kassi,Kabupaten Jeneponto,Sulawesi Selatan,Sedang
Lakadao Beach,Kabupaten Buton,Sulawesi Tenggara,Sedang
Air Terjun Taipa,Kabupaten Maros,Sulawesi Selatan,Terbaik
Wisata Pondok Kelapa,Kabupaten Bone,Sulawesi Selatan,Baik
Pantai Kayubulan,Kabupaten Gorontalo,Gorontalo,Sedang
Bola Seratu,Kabupaten Wajo,Sulawesi Selatan,Baik
Wisata Pantai Tanjung Dulang,Kabupaten Bolaang Mongondow Utara,Sulawesi Utara,Buruk
Obyek Wisata Permandian Air Terjun Sakita,Kabupaten Morowali,Sulawesi Tengah,Baik
Telaga Biru Ere Manerang,Kabupaten Bulukumba,Sulawesi Selatan,Baik
Dermaga Tua Sapoiha,Kabupaten Kolaka Utara,Sulawesi Tenggara,Terbaik
Kawasan Wisata Attakae Kabupaten Wajo,Kabupaten Wajo,Sulawesi Selatan,Buruk
Bukit Wisata Bulupadido,Kabupaten Bulukumba,Sulawesi Selatan,Buruk
Mata Air Pocuncui,Kabupaten Buton,Sulawesi Tenggara,Terbaik
Bukit Tangga Baly,Kabupaten Bone Bolango,Gorontalo,Buruk
Pantai Merpati,Kabupaten Bulukumba,Sulawesi Selatan,Terbaik
To'barana - Sa'dan,Kabupaten Toraja Utara,Sulawesi Selatan,Baik
Atalambu Hill,Kabupaten Poso,Sulawesi Tengah,Terbaik
Air Terjun Sambabo,Kabupaten Mamasa,Sulawesi Barat,Buruk
Wisata Alam Tamboke,Kabupaten Luwu Utara,Sulawesi Selatan,Terbaik
Monas,Kabupaten Minahasa,Sulawesi Utara,Terbaik
Permandian Wisata Istana Mappala,Kabupaten Gowa,Sulawesi Selatan,Buruk
Pantai Sappoang Polewali,Kabupaten Polewali Mandar,Sulawesi Barat,Baik
Pemandian Air Panas Marowo,Kabupaten Tojo Una-Una,Sulawesi Tengah,Buruk
Objek Wisata Air Toino Desa Talulobutu,Kabupaten Bone Bolango,Gorontalo,Buruk
Tanjung Karang,Kabupaten Donggala,Sulawesi Tengah,Buruk
Wisata Alam Lembah Cinta,Kabupaten Soppeng,Sulawesi Selatan,Terbaik
Pantai hiu paus,Kabupaten Bone Bolango,Gorontalo,Terbaik
Permandian Air Panas Timba' Ko Kamp. Mini,Kabupaten Kepulauan Siau Tagulandang Biaro,Sulawesi Utara,Buruk
Permandian Air Terjun POFUA 'A,Kabupaten Morowali,Sulawesi Tengah,Buruk
Mangrove Park,Kabupaten Majene,Sulawesi Barat,Baik
ANJUNGAN 533 BEACH & RESORT,Kabupaten Luwu Timur,Sulawesi Selatan,Baik
Puncak Bajo,Kabupaten Boalemo,Gorontalo,Sedang
"Masjid Tua Kerajaan Muna, Raha, Sulawesi Tenggara",Kabupaten Muna,Sulawesi Tenggara,Terbaik
Wisata Kali Biru,Kota Kendari,Sulawesi Tenggara,Sedang
Pantai Singku Desa Lowu-Lowu,Kabupaten Buton,Sulawesi Tenggara,Terbaik
Pantai Batauga,Kabupaten Buton,Sulawesi Tenggara,Terbaik
Pantai Tatiala,Kota Manado,Sulawesi Utara,Terbaik
Wisata Alam Taretta,Kabupaten Bone,Sulawesi Selatan,Terbaik
pantai Bara' UjungLero,Kabupaten Pinrang,Sulawesi Selatan,Baik
Boneoge Beach,Kabupaten Donggala,Sulawesi Tengah,Terbaik
Taman Uebone,Kabupaten Tojo Una-Una,Sulawesi Tengah,Terbaik
Wisata Pantai Desa Pasir Putih,Kabupaten Bolaang Mongondow,Sulawesi Utara,Sedang
Pemandian Alam Limbong Lopi,Kabupaten Polewali Mandar,Sulawesi Barat,Terbaik
Pantai Tanjung Kramat,Kota Gorontalo,Gorontalo,Sedang
Pantai Leato Selatan,Kota Gorontalo,Gorontalo,Sedang
Makam Jera Lompoe,Kabupaten Soppeng,Sulawesi Selatan,Baik
WISATA BATU PANDANG,Kabupaten Bone Bolango,Gorontalo,Buruk
Pantai Tanjong Buku,Kabupaten Polewali Mandar,Sulawesi Barat,Sedang
Bukit Sarassang,Kabupaten Enrekang,Sulawesi Selatan,Baik
Air Terjun Tanjung Asap,Kabupaten Barru,Sulawesi Selatan,Baik
Embung Dumati,Kabupaten Gorontalo,Gorontalo,Sedang
Air Terjun Sarambualla,Kabupaten Luwu Utara,Sulawesi Selatan,Terbaik
Mandel Beach,Kabupaten Banggai Kepulauan,Sulawesi Tengah,Buruk
Lombongo Waterfall,Kabupaten Bone Bolango,Gorontalo,Buruk
Ekowisata Mangrove,Kota Bitung,Sulawesi Utara,Buruk
Porame Paradise Resort,Kabupaten Sigi,Sulawesi Tengah,Buruk
WISATA KULINER 3 DIMENSI TAKALAR,Kabupaten Takalar,Sulawesi Selatan,Buruk
Danau Randano Ghaghe,Kabupaten Muna,Sulawesi Tenggara,Buruk
AIR TERJUN LIMBONG KAMANDANG,Kabupaten Polewali Mandar,Sulawesi Barat,Sedang
Monumen Misionaris Johann G Schwarz Langowan,Kabupaten Minahasa,Sulawesi Utara,Baik
LOSARI BEACH,Kabupaten Bolaang Mongondow,Sulawesi Utara,Terbaik
Gunung Sambapolulu,Kabupaten Bombana,Sulawesi Tenggara,Terbaik
Pantai Tinggian,Kabupaten Minahasa,Sulawesi Utara,Buruk
Wisata Pantai Galesong,Kabupaten Takalar,Sulawesi Selatan,Terbaik
WISATA PANTAI BULOKKONG,Kabupaten Sinjai,Sulawesi Selatan,Sedang
Air Terjun Ogomojolo,Kabupaten Parigi Moutong,Sulawesi Tengah,Buruk
Bulili Park,Kota Palu,Sulawesi Tengah,Buruk
Pantai Songkur AMURANG,Kabupaten Minahasa Selatan,Sulawesi Utara,Buruk
Masjid Tua Tosora,Kabupaten Wajo,Sulawesi Selatan,Terbaik
Pantai Sunrise,Kabupaten Minahasa,Sulawesi Utara,Buruk
Anggalo Beach Waworaha,Kabupaten Konawe,Sulawesi Tenggara,Terbaik
Gua Laumehe,Kabupaten Buton,Sulawesi Tenggara,Sedang
Pantai ROR,Kabupaten Minahasa,Sulawesi Utara,Buruk
Taman Likuifaksi,Kabupaten Sigi,Sulawesi Tengah,Sedang
puncak padel,Kabupaten Bone,Sulawesi Selatan,Sedang
Teluk Ceri,Kabupaten Konawe,Sulawesi Tenggara,Buruk
Kreasi Bahari Toronipa,Kabupaten Konawe,Sulawesi Tenggara,Buruk
Bulu Torompupu,Kabupaten Sigi,Sulawesi Tengah,Baik
Rumah Adat Sinjai,Kota Makassar,Sulawesi Selatan,Baik
Danau cinta tonasa1,Kabupaten Pangkajene Dan Kepulauan,Sulawesi Selatan,Sedang
Air Terjun Mengkendek,Kabupaten Tana Toraja,Sulawesi Selatan,Terbaik
Pantai Batu Buaya,Kabupaten Boalemo,Gorontalo,Buruk
Pantai Batu Oge,Kabupaten Pasangkayu,Sulawesi Barat,Baik
Air Terjun Lewaja,Kabupaten Enrekang,Sulawesi Selatan,Buruk
Tamalaté Paleis van het Gowa Sultanaat - Istana Tamalate,Kabupaten Gowa,Sulawesi Selatan,Buruk
Pantai Galumbaya,Kabupaten Takalar,Sulawesi Selatan,Baik
Pantai Nalera,Kabupaten Parigi Moutong,Sulawesi Tengah,Baik
Pantai Sicini,Kabupaten Gowa,Sulawesi Selatan,Buruk
Mooi Lake,Kabupaten Gorontalo,Gorontalo,Buruk
Pantai Salopi,Kabupaten Pinrang,Sulawesi Selatan,Baik
Pantai karampuang,Kabupaten Sinjai,Sulawesi Selatan,Terbaik
Dermaga Bone,Kabupaten Buton Utara,Sulawesi Tenggara,Buruk
Pulau Hoga,Kabupaten Wakatobi,Sulawesi Tenggara,Baik
Wisata Alam Wai Batu,Kabupaten Polewali Mandar,Sulawesi Barat,Baik
Penjara Tua Kema,Kabupaten Minahasa Utara,Sulawesi Utara,Baik
Miniatur MONUMEN LAPRIS,Kabupaten Takalar,Sulawesi Selatan,Terbaik
Masjid Bukit Nirwana Permai 1.Moncongloe Lappara,Kabupaten Maros,Sulawesi Selatan,Terbaik
Wisata Goa Kotaeono,Kabupaten Buton Tengah,Sulawesi Tenggara,Baik
Air Terjun Bantimurung,Kabupaten Maros,Sulawesi Selatan,Buruk
BANYU ANGET SWIMMINGPOOL,Kota Kotamobagu,Sulawesi Utara,Buruk
Wisata Bone Pompon,Kabupaten Banggai Kepulauan,Sulawesi Tengah,Buruk
BUMDes TORJA,Kabupaten Pohuwato,Gorontalo,Baik
Gunung Awu,Kabupaten Kepulauan Sangihe,Sulawesi Utara,Buruk
Pantai Monosan,Kabupaten Banggai Laut,Sulawesi Tengah,Sedang
Pantai Cappa Ujung,Kabupaten Bone,Sulawesi Selatan,Terbaik
Wisata Pantai Botudidingga,Kabupaten Gorontalo Utara,Gorontalo,Buruk
"Air Terjun Kalata, Buton",Kabupaten Buton,Sulawesi Tenggara,Terbaik
Wisata Gunung Layang,Kota Gorontalo,Gorontalo,Buruk
Argawana camp,Kabupaten Konawe,Sulawesi Tenggara,Terbaik
Wisata Air Terjun Matube desa lampa,Kabupaten Banggai Laut,Sulawesi Tengah,Terbaik
Papalimba Water Tourism Lapulu,Kota Kendari,Sulawesi Tenggara,Terbaik
Pantai Wisata Labuang,Kabupaten Polewali Mandar,Sulawesi Barat,Baik
Kampung pelangi,Kota Kendari,Sulawesi Tenggara,Buruk
Pantai Ujung Indah,Kabupaten Barru,Sulawesi Selatan,Baik
"Pantai Tanjung Pero, Ujunge",Kabupaten Bone,Sulawesi Selatan,Baik
Wisata Kuliner Sondana,Kabupaten Bolaang Mongondow Selatan,Sulawesi Utara,Terbaik
WISATA TAMAN CIBUTU,Kabupaten Bone Bolango,Gorontalo,Buruk
Pantai Kappe,Kabupaten Pinrang,Sulawesi Selatan,Terbaik
Kuntung Tampusu,Kabupaten Minahasa,Sulawesi Utara,Buruk
Gunung Mahawu,Kota Tomohon,Sulawesi Utara,Buruk
Masjid Nurul Azizil Hakim,Kabupaten Majene,Sulawesi Barat,Terbaik
WISATA DANAU MOAT,Kabupaten Bolaang Mongondow Timur,Sulawesi Utara,Sedang
Danau Sanusi,Kabupaten Maros,Sulawesi Selatan,Sedang
Cokopacu Rental Mobil & Motor,Kabupaten Toraja Utara,Sulawesi Selatan,Buruk
Permandian Boro- Boro,Kabupaten Konawe Selatan,Sulawesi Tenggara,Buruk
Pantai Cimpu Selatan,Kabupaten Luwu,Sulawesi Selatan,Buruk
Pantai Pasir Putih Batu Putih,Kabupaten Konawe Selatan,Sulawesi Tenggara,Buruk
Kompleks Rumah Adat Labakkang,Kabupaten Pangkajene Dan Kepulauan,Sulawesi Selatan,Baik
Danau Tampusu,Kota Tomohon,Sulawesi Utara,Buruk
Darunu Mangrove Park,Kabupaten Minahasa Utara,Sulawesi Utara,Buruk
Danau Sidenreng,Kabupaten Sidenreng Rappang,Sulawesi Selatan,Sedang
Air Terjun Samparona,Kabupaten Buton,Sulawesi Tenggara,Buruk
Pantai Makakata,Kabupaten Banggai,Sulawesi Tengah,Terbaik
Pantai Mato,Kabupaten Banggai Laut,Sulawesi Tengah,Sedang
Permandian Ziling,Kabupaten Mamuju,Sulawesi Barat,Terbaik
Pantai LOGPON,Kabupaten Gorontalo Utara,Gorontalo,Buruk
Wisata Bahari Resto Transmart Carrefour,Kota Manado,Sulawesi Utara,Buruk
Pulau Sanrobengi,Kabupaten Takalar,Sulawesi Selatan,Sedang
Air Terjun Baruttungnge,Kabupaten Sinjai,Sulawesi Selatan,Baik
Gunung Batu Puulemo,Kabupaten Kolaka,Sulawesi Tenggara,Baik
Jangkar Raksasa Selayar,Kabupaten Kepulauan Selayar,Sulawesi Selatan,Sedang
Pemandian Air Panas Beteleme,Kabupaten Morowali Utara,Sulawesi Tengah,Buruk
Permandian Kapontori,Kabupaten Buton,Sulawesi Tenggara,Buruk
Pantai Anita,Kabupaten Minahasa Tenggara,Sulawesi Utara,Buruk
Waruga TOAR - LUMIMUUT Palamba,Kabupaten Minahasa,Sulawesi Utara,Buruk
Sara Island,Kabupaten Kepulauan Talaud,Sulawesi Utara,Sedang
Pantai Mangket,Kabupaten Minahasa Utara,Sulawesi Utara,Buruk
Zalza Beach,Kabupaten Tolitoli,Sulawesi Tengah,Baik
PANTAI BOULEVARD MANADO,Kota Manado,Sulawesi Utara,Buruk
Towea Beach,Kabupaten Muna,Sulawesi Tenggara,Buruk
Kampoeng Wisata Alam Baturapa,Kabupaten Bulukumba,Sulawesi Selatan,Buruk
Swedy Beach Tambea,Kabupaten Kolaka,Sulawesi Tenggara,Sedang
Pantai Batam Mataiwoi,Kabupaten Konawe Utara,Sulawesi Tenggara,Buruk
Permandian Air Terjun Maremare,Kabupaten Barru,Sulawesi Selatan,Baik
"Cagar Alam Batu Angus, Bitung",Kota Bitung,Sulawesi Utara,Buruk
Tambun Maleo Sanctuary,Kabupaten Bolaang Mongondow,Sulawesi Utara,Buruk
Sarambu Ratte Balla,Kabupaten Tana Toraja,Sulawesi Selatan,Sedang
Puncak Kota Kolonodale,Kabupaten Morowali Utara,Sulawesi Tengah,Terbaik
GOA TAPPARANG kolaka Utara,Kabupaten Kolaka Utara,Sulawesi Tenggara,Terbaik
Wisata Panaikang Birayya #DarubiahKeren,Kabupaten Bulukumba,Sulawesi Selatan,Sedang
Telaga Biru Bungkutoko,Kota Kendari,Sulawesi Tenggara,Buruk
Wisata Permandian Air Loka,Kabupaten Buton,Sulawesi Tenggara,Sedang
Bukit Palipi Sendana Kab. Majene.,Kabupaten Majene,Sulawesi Barat,Sedang
Kawasan Wisata Alam Citta,Kabupaten Soppeng,Sulawesi Selatan,Sedang
Taman Marlina,Kota Kotamobagu,Sulawesi Utara,Buruk
Benteng TIWORO,Kabupaten Muna,Sulawesi Tenggara,Baik
Lembah kendenan,Kabupaten Tana Toraja,Sulawesi Selatan,Baik
Pantai Kupu-kupu,Kabupaten Luwu Timur,Sulawesi Selatan,Sedang
Laguna Mahumalalang,Kabupaten Konawe Utara,Sulawesi Tenggara,Buruk
Al Azhar Beach Camp,Kabupaten Donggala,Sulawesi Tengah,Terbaik
Vila Purirano,Kota Kendari,Sulawesi Tenggara,Buruk
Parepare Kota Cinta Habibie Ainun,Kota Parepare,Sulawesi Selatan,Terbaik
kawasan wisata Bantimurung,Kabupaten Maros,Sulawesi Selatan,Buruk
Wisata Mangrove Trans Pato'a,Kabupaten Bolaang Mongondow Selatan,Sulawesi Utara,Sedang
Wisata Pantai Poigar,Kabupaten Minahasa Selatan,Sulawesi Utara,Terbaik
Wisata Taman mangrove BUMDesa Totobo,Kabupaten Kolaka,Sulawesi Tenggara,Terbaik
Danau Motonuno,Kabupaten Muna,Sulawesi Tenggara,Terbaik
Pantai BatuMeja Sangkub (TableStone Beach),Kabupaten Bolaang Mongondow Utara,Sulawesi Utara,Buruk
Pantai Parentek,Kabupaten Minahasa,Sulawesi Utara,Buruk
Air Terjun Pincuni,Kabupaten Sinjai,Sulawesi Selatan,Baik
Puncak Donggala,Kabupaten Donggala,Sulawesi Tengah,Baik
Negeri Diatas Awan Buntu Liarra,Kabupaten Mamasa,Sulawesi Barat,Terbaik
Tanarajae,Kabupaten Pangkajene Dan Kepulauan,Sulawesi Selatan,Terbaik
Wisata Pesona Tanjung Tihu,Kabupaten Bone Bolango,Gorontalo,Buruk
Air Terjun Latta Pitu,Kabupaten Pinrang,Sulawesi Selatan,Baik
pantai talise,Kota Palu,Sulawesi Tengah,Sedang
Air Terjun Pelangi Jonjo Parigi,Kabupaten Gowa,Sulawesi Selatan,Sedang
Pantai batu meja tongkaina,Kota Manado,Sulawesi Utara,Buruk
Spot Foto Pantai Kuri,Kabupaten Maros,Sulawesi Selatan,Terbaik
Air Terjun Kajejen,Kabupaten Enrekang,Sulawesi Selatan,Buruk
PERMANDIAN ALAM TOMPOTIKKA SALO MANGORRO,Kabupaten Luwu Timur,Sulawesi Selatan,Terbaik
Dermaga Dulupi,Kabupaten Boalemo,Gorontalo,Buruk
Panker ( Pantai Kering ),Kabupaten Soppeng,Sulawesi Selatan,Buruk
Pantai Buol,Kabupaten Buol,Sulawesi Tengah,Buruk
Lannying 3,Kabupaten Bantaeng,Sulawesi Selatan,Terbaik
Pantai Molas,Kota Manado,Sulawesi Utara,Buruk
Pulau Kodingareng Keke,Kota Makassar,Sulawesi Selatan,Buruk
Leang Surukang,Kabupaten Pangkajene Dan Kepulauan,Sulawesi Selatan,Buruk
Pantai Woka,Kabupaten Bolaang Mongondow Timur,Sulawesi Utara,Buruk
Anjungan Danau Talaga,Kabupaten Donggala,Sulawesi Tengah,Buruk
Wisata Kuliner Lambe-Lambe Maros,Kabupaten Maros,Sulawesi Selatan,Buruk
Halona waterboom,Kabupaten Kepulauan Selayar,Sulawesi Selatan,Buruk
Pantai Bunaken Luwu Timur (YOSUA),Kabupaten Luwu Timur,Sulawesi Selatan,Sedang
Objek wisata hutan pinus,Kabupaten Polewali Mandar,Sulawesi Barat,Terbaik
Kharisma Agrowisata,Kabupaten Sigi,Sulawesi Tengah,Terbaik
Pantai Pasir Putih,Kabupaten Konawe Selatan,Sulawesi Tenggara,Terbaik
Ekowisata Mangrove Tatakalai,Kabupaten Banggai Kepulauan,Sulawesi Tengah,Buruk
Pantai Harapan Pomalaa,Kabupaten Kolaka,Sulawesi Tenggara,Sedang
Kampong Batulelleng,Kabupaten Toraja Utara,Sulawesi Selatan,Terbaik
Jembatan Kuning Palu,Kota Palu,Sulawesi Tengah,Buruk
Sungai Lajjoro,Kabupaten Bone,Sulawesi Selatan,Terbaik
Laburang Gallang,Kabupaten Enrekang,Sulawesi Selatan,Terbaik
Pantai Kawasan Mega Mas,Kota Manado,Sulawesi Utara,Buruk
Air Terjun Barassang,Kabupaten Gowa,Sulawesi Selatan,Terbaik
Mangrove Park Desa Wori,Kabupaten Minahasa Utara,Sulawesi Utara,Buruk
Koloolaro,Kabupaten Morowali,Sulawesi Tengah,Buruk
Air Terjun Salu Birayya Barania,Kabupaten Sinjai,Sulawesi Selatan,Baik
Pantai puluty,Kabupaten Morowali,Sulawesi Tengah,Terbaik
Batu Batu,Kota Kendari,Sulawesi Tenggara,Terbaik
Pantai Babatoa Lapeo,Kabupaten Polewali Mandar,Sulawesi Barat,Terbaik
Wisata Alam Sulapa Angin Punjabu,Kabupaten Sidenreng Rappang,Sulawesi Selatan,Baik
Wisata Bintauna Beach,Kabupaten Bolaang Mongondow Utara,Sulawesi Utara,Buruk
PUNCAK OSTAR,Kabupaten Kolaka Timur,Sulawesi Tenggara,Buruk
Pantai Cendrawasih Polewali,Kabupaten Polewali Mandar,Sulawesi Barat,Terbaik
Bukit Bulu Jaya,Kabupaten Jeneponto,Sulawesi Selatan,Sedang
CAMPING WISATA KARANGAN,Kabupaten Enrekang,Sulawesi Selatan,Sedang
Wisata Tangga Seribu,Kabupaten Sigi,Sulawesi Tengah,Buruk
Pantai Arjuna,Kabupaten Parigi Moutong,Sulawesi Tengah,Terbaik
Wisata sawit ceria,Kabupaten Banggai,Sulawesi Tengah,Sedang
Museum - Palais Saoraja,Kabupaten Bone,Sulawesi Selatan,Baik
Air Terjun Sarambu,Kabupaten Tana Toraja,Sulawesi Selatan,Sedang
Pantai Potanga,Kabupaten Boalemo,Gorontalo,Buruk
Wisata Ere Bambang Pencong,Kabupaten Gowa,Sulawesi Selatan,Sedang
Bukit pasir,Kabupaten Toraja Utara,Sulawesi Selatan,Terbaik
Pantai Popakuni,Kabupaten Poso,Sulawesi Tengah,Sedang
Permandian Batu Doli,Kabupaten Bantaeng,Sulawesi Selatan,Sedang
Pegunungan Pompangeo,Kabupaten Morowali Utara,Sulawesi Tengah,Terbaik
Rest Area Jeneponto,Kabupaten Jeneponto,Sulawesi Selatan,Buruk
Wisata Alam Hiru'ta Park,Kabupaten Sinjai,Sulawesi Selatan,Buruk
CAMPING GROUND SELET,Kabupaten Minahasa Tenggara,Sulawesi Utara,Buruk
Alun Alun Molibagu,Kabupaten Bolaang Mongondow Selatan,Sulawesi Utara,Sedang
Menara Mercusuar Pulau Miangas Indonesia,Kabupaten Kepulauan Talaud,Sulawesi Utara,Buruk
Istana Kedatuan Luwu Palopo,Kota Palopo,Sulawesi Selatan,Sedang
Air Terjun Bahomumpa,Kabupaten Morowali,Sulawesi Tengah,Buruk
"Leon, Kabupaten Enrekang",Kabupaten Enrekang,Sulawesi Selatan,Sedang
Lapangan Mekar Modelomo,Kabupaten Boalemo,Gorontalo,Sedang
Taman Lasangkuru,Kabupaten Wajo,Sulawesi Selatan,Sedang
Pantai Songka,Kota Palopo,Sulawesi Selatan,Buruk
SUN BAE MANADO,Kota Manado,Sulawesi Utara,Terbaik
Pantai Batu Besar Losari,Kota Makassar,Sulawesi Selatan,Terbaik
Kastanye Riverside,Kabupaten Sigi,Sulawesi Tengah,Terbaik
Danau Panjang Tanjung Bunga,Kota Makassar,Sulawesi Selatan,Terbaik
Puncak Ilongkow,Kota Kotamobagu,Sulawesi Utara,Buruk
Puncak Meluhu,Kabupaten Konawe,Sulawesi Tenggara,Sedang
Pantai Abadi,Kabupaten Sinjai,Sulawesi Selatan,Baik
Air Terjun Lasolo,Kota Kendari,Sulawesi Tenggara,Sedang
Pantai Pasi Marannu,Kabupaten Sinjai,Sulawesi Selatan,Sedang
Bukit Vandiam,Kabupaten Sinjai,Sulawesi Selatan,Sedang
Pantai Boalemo,Kabupaten Boalemo,Gorontalo,Buruk
Sallo Waterpark,Kabupaten Wajo,Sulawesi Selatan,Buruk
Rumah Penyu Lowita,Kabupaten Pinrang,Sulawesi Selatan,Terbaik
"Air Terjun Kadadima, Laine",Kabupaten Kepulauan Sangihe,Sulawesi Utara,Terbaik
Wisata Modoinding,Kabupaten Minahasa Selatan,Sulawesi Utara,Buruk
Kampoeng Koi,Kabupaten Morowali,Sulawesi Tengah,Buruk
Pantai Oluhuta,Kabupaten Bone Bolango,Gorontalo,Sedang
taman pattiro tiroang,Kabupaten Sinjai,Sulawesi Selatan,Baik
Pulau Pannikiang 1,Kabupaten Barru,Sulawesi Selatan,Terbaik
Agrowisata Ulu Ere Bantaeng,Kabupaten Bantaeng,Sulawesi Selatan,Buruk
BLESSING HILL KOTA BITUNG,Kota Bitung,Sulawesi Utara,Terbaik
Pantai Waleinsorit,Kabupaten Minahasa,Sulawesi Utara,Buruk
DANAU LAPONU-PONU,Kabupaten Bombana,Sulawesi Tenggara,Terbaik
Desa Wisata Kahianga (Dewi Kahyangan),Kabupaten Wakatobi,Sulawesi Tenggara,Buruk
Buttu Sigitung,Kabupaten Majene,Sulawesi Barat,Sedang
Hutan Mangrove Monro-Monro,Kabupaten Jeneponto,Sulawesi Selatan,Baik
Djoeang coffee kolaka,Kabupaten Kolaka,Sulawesi Tenggara,Sedang
Air terjun Laliako,Kabupaten Sinjai,Sulawesi Selatan,Baik
Pantai bahari Buton selatan,Kabupaten Buton,Sulawesi Tenggara,Terbaik
Wisata Vovasanggayu,Kabupaten Pasangkayu,Sulawesi Barat,Terbaik
Pantai siw’one,Kabupaten Morowali,Sulawesi Tengah,Buruk
Bukit Teletubies Buton,Kabupaten Buton,Sulawesi Tenggara,Terbaik
Pantai Sampulungan,Kabupaten Takalar,Sulawesi Selatan,Buruk
Puncak Passi,Kota Kotamobagu,Sulawesi Utara,Terbaik
Pulau Langala,Kabupaten Morowali,Sulawesi Tengah,Buruk
Pantai Pasir Putih,Kabupaten Gorontalo,Gorontalo,Buruk
Telaga Biru Oheo Konawe Utara,Kabupaten Konawe Utara,Sulawesi Tenggara,Buruk
Gunung Bambapuang,Kabupaten Enrekang,Sulawesi Selatan,Baik
Pantai Makalisung,Kabupaten Minahasa,Sulawesi Utara,Buruk
Pantai Tongko,Kabupaten Poso,Sulawesi Tengah,Baik
Pantai Kulolu,Kabupaten Donggala,Sulawesi Tengah,Sedang
Pantai Lalos,Kabupaten Tolitoli,Sulawesi Tengah,Baik
WHITE CASTLE GORONTALO,Kabupaten Gorontalo,Gorontalo,Sedang
Bukit Tokka Moncongloe,Kabupaten Maros,Sulawesi Selatan,Sedang
Taman Yuhyi (Kehidupan),Kabupaten Bantaeng,Sulawesi Selatan,Baik
Objek Wisata Papa Batu,Kabupaten Tana Toraja,Sulawesi Selatan,Sedang
Makam Sultan Murhum,Kota Baubau,Sulawesi Tenggara,Sedang
Tondok Bakaru,Kabupaten Mamasa,Sulawesi Barat,Baik
Tebing Mandu Tontonan,Kabupaten Enrekang,Sulawesi Selatan,Sedang
Wisata Alam Tapubungi Pebotoa,Kabupaten Morowali,Sulawesi Tengah,Baik
Pantai Bahari Doulan,Kabupaten Buol,Sulawesi Tengah,Sedang
Pantai Molobog,Kabupaten Bolaang Mongondow Timur,Sulawesi Utara,Buruk
Air Terjun Pangasi Loto,Kabupaten Donggala,Sulawesi Tengah,Buruk
Pantai Black Orange,Kabupaten Pinrang,Sulawesi Selatan,Sedang
Taman Ganggawa,Kabupaten Sidenreng Rappang,Sulawesi Selatan,Sedang
PANTAI TOMBAWATU,Kabupaten Konawe,Sulawesi Tenggara,Terbaik
Puncak Pakoba,Kabupaten Bolaang Mongondow Selatan,Sulawesi Utara,Sedang
Air Terjun Purapasuan,Kabupaten Luwu,Sulawesi Selatan,Sedang
Wisata Alam baruttungnge,Kabupaten Barru,Sulawesi Selatan,Baik
Dermaga Pulo CINTA,Kabupaten Boalemo,Gorontalo,Terbaik
Kolam Renang Yeh Anget,Kabupaten Bolaang Mongondow,Sulawesi Utara,Buruk
Pemandian Sungai Paneki,Kabupaten Sigi,Sulawesi Tengah,Terbaik
Air Terjun Buleleng Trans 2,Kabupaten Morowali,Sulawesi Tengah,Terbaik
Benteng Takimpo,Kabupaten Buton,Sulawesi Tenggara,Baik
Obyek wisata batu payung,Kabupaten Pangkajene Dan Kepulauan,Sulawesi Selatan,Sedang
Pantai Kelapa Lima,Kabupaten Banggai Laut,Sulawesi Tengah,Sedang
Makam Raja Lakidende,Kabupaten Konawe,Sulawesi Tenggara,Baik
TUGU BUTON SELATAN,Kabupaten Buton,Sulawesi Tenggara,Buruk
Bukit Doa Pinaling,Kabupaten Minahasa Selatan,Sulawesi Utara,Buruk
Puncak La Kude,Kabupaten Muna,Sulawesi Tenggara,Buruk
Gunung Katabha Dana,Kabupaten Muna,Sulawesi Tenggara,Sedang
Batu Karst Pundo Siping,Kabupaten Jeneponto,Sulawesi Selatan,Buruk
Kendari water front city,Kota Kendari,Sulawesi Tenggara,Sedang
Danau Moko 1,Kabupaten Muna,Sulawesi Tenggara,Terbaik
"sampolawa,kabupaten Buton Selatan, Sulawesi Tenggara",Kabupaten Buton Selatan,Sulawesi Tenggara,Terbaik
Monumen Korban 40.000 Jiwa,Kabupaten Polewali Mandar,Sulawesi Barat,Buruk
PANTAI TAMARUNANG,Kabupaten Jeneponto,Sulawesi Selatan,Buruk
Pantai Buntu Matabing,Kabupaten Luwu,Sulawesi Selatan,Buruk
"Kawasan wisata Alam ""Manguni Sapalalum"" Lelema, Minahasa Selatan",Kabupaten Minahasa Selatan,Sulawesi Utara,Sedang
Laa Waa River Park,Kabupaten Luwu Timur,Sulawesi Selatan,Terbaik
Pantai Batunggulung,Kabupaten Bulukumba,Sulawesi Selatan,Terbaik
Air Terjun Tetewa,Kabupaten Kolaka Timur,Sulawesi Tenggara,Terbaik
Wisata Tebing Mattoanging,Kabupaten Bulukumba,Sulawesi Selatan,Buruk
Bukit Teletubbies,Kabupaten Morowali Utara,Sulawesi Tengah,Buruk
Gereja Toraja Mamasa Jemaat Bukit Batu,Kota Makassar,Sulawesi Selatan,Terbaik
Tanjung Kartika,Kabupaten Konawe Selatan,Sulawesi Tenggara,Sedang
PANTAI INDAH BATU-BATU GALESONG,Kabupaten Takalar,Sulawesi Selatan,Buruk
Dermaga Kayu Biringkassi,Kabupaten Pangkajene Dan Kepulauan,Sulawesi Selatan,Baik
Pantai TOLUNDADU BOLAANG MONGONDOW SELATAN,Kabupaten Bolaang Mongondow Selatan,Sulawesi Utara,Buruk
Sungai Batu Mallopie,Kabupaten Barru,Sulawesi Selatan,Sedang
Air Terjun Biru Seruni,Kabupaten Kolaka Utara,Sulawesi Tenggara,Buruk
Bulu Nokilelaki,Kabupaten Sigi,Sulawesi Tengah,Terbaik
BENTENG WAPALA,Kabupaten Buton Utara,Sulawesi Tenggara,Terbaik
Permandian Putri Wambona,Kabupaten Muna,Sulawesi Tenggara,Terbaik
Puncak Totongkoran,Kabupaten Minahasa,Sulawesi Utara,Terbaik
Embung laduyu desa talata,Kabupaten Kolaka Timur,Sulawesi Tenggara,Terbaik
WISATA ALAM BUKIT BAHAGIA,Kabupaten Maros,Sulawesi Selatan,Sedang
Wisata Kampung Galung,Kabupaten Sinjai,Sulawesi Selatan,Baik
Puncak Gunung Nona,Kabupaten Enrekang,Sulawesi Selatan,Sedang
Air Terjun Tiku Wuarau ulunggolaka,Kabupaten Kolaka,Sulawesi Tenggara,Sedang
Wisata Bukit Soe,Kabupaten Majene,Sulawesi Barat,Baik
Goa Janji,Kabupaten Bone,Sulawesi Selatan,Baik
Teluk H2M - Motandoi,Kabupaten Bolaang Mongondow Selatan,Sulawesi Utara,Buruk
Buttu Pattumea Betteng,Kabupaten Majene,Sulawesi Barat,Sedang
Lorong 3 Wisata Pantai Botutonuo,Kabupaten Bone Bolango,Gorontalo,Buruk
Wisata Alam Biseang Labboro',Kabupaten Maros,Sulawesi Selatan,Buruk
Taman Religius Nona-nonaE,Kabupaten Sidenreng Rappang,Sulawesi Selatan,Baik
Taman Reformasi,Kota Parepare,Sulawesi Selatan,Sedang
Air Terjun Sarambu Ponglu,Kabupaten Toraja Utara,Sulawesi Selatan,Buruk
Hutan Lambusango,Kabupaten Buton,Sulawesi Tenggara,Buruk
Wisata Bukit 513,Kota Palopo,Sulawesi Selatan,Sedang
BULALOVE,Kabupaten Boalemo,Gorontalo,Buruk
FlyingGear paragliding manado,Kabupaten Minahasa Utara,Sulawesi Utara,Sedang
Qafwan Resort,Kabupaten Pangkajene Dan Kepulauan,Sulawesi Selatan,Baik
Ruang Bernafas,Kabupaten Bantaeng,Sulawesi Selatan,Baik
Permandian Komando Water Park Jeneponto,Kabupaten Jeneponto,Sulawesi Selatan,Sedang
PANRITA HILL,Kabupaten Sinjai,Sulawesi Selatan,Baik
Tiro Soe,Kabupaten Luwu Utara,Sulawesi Selatan,Terbaik
Wisata Pantai Maleo,Kabupaten Pohuwato,Gorontalo,Terbaik
Permandian Alam Batupapan,Kota Palopo,Sulawesi Selatan,Terbaik
Padang Laya,Kabupaten Banggai Laut,Sulawesi Tengah,Buruk
Air Terjun Sondoang,Kabupaten Mamuju,Sulawesi Barat,Terbaik
Bangkeng Buki,Kabupaten Bulukumba,Sulawesi Selatan,Buruk
Wisata Jembatan Pantai Posan Paconne,Kabupaten Luwu,Sulawesi Selatan,Baik
Bukit Salib Sumarayar,Kabupaten Minahasa,Sulawesi Utara,Buruk
Pantai Taman Ria,Kota Palu,Sulawesi Tengah,Buruk
Pantai Siuone pekaloa Towuti,Kabupaten Luwu Timur,Sulawesi Selatan,Sedang
Yuranata garden,Kota Baubau,Sulawesi Tenggara,Buruk
Makam Megalitik Sumpang Ralla,Kabupaten Barru,Sulawesi Selatan,Terbaik
Pantai Lembo,Kabupaten Buton,Sulawesi Tenggara,Buruk
Pantai Rahwana (Keindahan Pantai Dekat Danau),Kabupaten Bombana,Sulawesi Tenggara,Terbaik
Bukit Lakeppo,Kabupaten Barru,Sulawesi Selatan,Baik
Kolam Renang Landmark LUWU TIMUR,Kabupaten Luwu Timur,Sulawesi Selatan,Baik
Destinasi wisata sejarah LIKUIFAKSI PETOBO,Kota Palu,Sulawesi Tengah,Sedang
Pantai Barat Sarudu,Kabupaten Pasangkayu,Sulawesi Barat,Sedang
Air Terjun Kokungan,Kabupaten Banggai Laut,Sulawesi Tengah,Buruk
Wai Turan Pamboborang,Kabupaten Majene,Sulawesi Barat,Terbaik
Air Terjun Takaan,Kabupaten Minahasa Selatan,Sulawesi Utara,Buruk
Pantai Rumbia,Kabupaten Minahasa,Sulawesi Utara,Terbaik
Wisata garung kayu bado,Kabupaten Tolitoli,Sulawesi Tengah,Buruk
Pantai Wisata DAMI Beach,Kabupaten Bolaang Mongondow Selatan,Sulawesi Utara,Buruk
Pantai Juanda Lestari,Kabupaten Kolaka,Sulawesi Tenggara,Terbaik
Taman Lamario (Monumen Perahu Phinisi),Kota Parepare,Sulawesi Selatan,Sedang
Bunker Jepang,Kota Kendari,Sulawesi Tenggara,Buruk
Pantai Batu Baru,Kota Makassar,Sulawesi Selatan,Buruk
Wisata Jembatan Jodoh,Kabupaten Sinjai,Sulawesi Selatan,Buruk
Kolam Ambepua FIshing,Kabupaten Konawe Selatan,Sulawesi Tenggara,Baik
Pantai Batam Desa Mataiwoi Kec Molawe Kab Konawe Utara,Kabupaten Konawe Utara,Sulawesi Tenggara,Buruk
ASMARA GARDEN,Kabupaten Bone Bolango,Gorontalo,Buruk
Pantai Koa-Koa,Kabupaten Pasangkayu,Sulawesi Barat,Buruk
Pantai Wisata Pantoloan,Kabupaten Donggala,Sulawesi Tengah,Baik
pemancingan riboko balla,Kabupaten Gowa,Sulawesi Selatan,Sedang
Rental mobil poso kota,Kabupaten Poso,Sulawesi Tengah,Baik
JG Mangrove Park Desa Palaes,Kabupaten Minahasa Utara,Sulawesi Utara,Baik
Air Terjun Lamesou,Kabupaten Konawe Utara,Sulawesi Tenggara,Terbaik
WISATA HUTAN PINUS TANGKALAKA,Kabupaten Gowa,Sulawesi Selatan,Buruk
Air Terjun Amarilis,Kabupaten Konawe,Sulawesi Tenggara,Sedang
TELAGA PURI INDAH (TERINDAH),Kabupaten Konawe,Sulawesi Tenggara,Terbaik
Pantai Pembuatan perahu phinisi,Kabupaten Bulukumba,Sulawesi Selatan,Buruk
Batulohe Beach,Kabupaten Kepulauan Selayar,Sulawesi Selatan,Sedang
Air Terjun Tattungo,Kabupaten Enrekang,Sulawesi Selatan,Baik
Taman wisata Bulu Tanda Sibedi,Kabupaten Sigi,Sulawesi Tengah,Sedang
pantai oyama,Kabupaten Banggai Laut,Sulawesi Tengah,Buruk
JOJO GARDEN KONDA,Kabupaten Konawe Selatan,Sulawesi Tenggara,Terbaik
Puncak Padamarang,Kabupaten Kolaka,Sulawesi Tenggara,Buruk
Wisata Matawoi Puubenua,Kabupaten Kolaka,Sulawesi Tenggara,Terbaik
Pantai Bone Buton Utara,Kabupaten Buton Utara,Sulawesi Tenggara,Terbaik
Bonto Massailea,Kabupaten Bulukumba,Sulawesi Selatan,Sedang
Wisata Alam Air Panas,Kabupaten Bone Bolango,Gorontalo,Terbaik
Hutan Mangrove,Kota Makassar,Sulawesi Selatan,Sedang
Makam Dato Karama,Kota Palu,Sulawesi Tengah,Terbaik
Pantai One Mopute,Kabupaten Buton,Sulawesi Tenggara,Sedang
PINTU GERBANG PERMANDIAN AIR PANAS LEJJA,Kabupaten Soppeng,Sulawesi Selatan,Sedang
Benteng Fafontofure,Kabupaten Morowali,Sulawesi Tengah,Terbaik
Goa Lanto,Kota Baubau,Sulawesi Tenggara,Buruk
Pantai Babana,Kabupaten Mamuju Tengah,Sulawesi Barat,Buruk
"Danau ""Cinta"" Makalehi",Kabupaten Kepulauan Siau Tagulandang Biaro,Sulawesi Utara,Sedang
Bukit Cinta,Kabupaten Poso,Sulawesi Tengah,Baik
Tongkonan Buntu,Kabupaten Toraja Utara,Sulawesi Selatan,Buruk
Pantai Polindolara Pelawa,Kabupaten Parigi Moutong,Sulawesi Tengah,Sedang
Goa Liang Kamoi,Kabupaten Buton,Sulawesi Tenggara,Terbaik
Gua Balojaha,Kabupaten Kepulauan Selayar,Sulawesi Selatan,Baik
Desa Wisata Bontolempangan,Kabupaten Maros,Sulawesi Selatan,Baik
Wisata Embung Paccekke,Kabupaten Barru,Sulawesi Selatan,Baik
Gunung Rantekombola,Kabupaten Tana Toraja,Sulawesi Selatan,Sedang
pantai nyiur hijau babo,Kabupaten Bolaang Mongondow,Sulawesi Utara,Sedang
Gunung Popalia,Kabupaten Konawe Selatan,Sulawesi Tenggara,Terbaik
Pantai Huntete,Kabupaten Wakatobi,Sulawesi Tenggara,Terbaik
Wisata Batu Lombeng Desa Lebani,Kabupaten Mamuju,Sulawesi Barat,Buruk
Kawasan Ekonomi Khusus Likupang,Kabupaten Minahasa Utara,Sulawesi Utara,Buruk
Pantai Indah Batutajam,Kabupaten Bolaang Mongondow Utara,Sulawesi Utara,Buruk
Pantai Pasir Putih Tete B Ampana,Kabupaten Tojo Una-Una,Sulawesi Tengah,Terbaik
Air Terjun Baruttunge,Kabupaten Bone,Sulawesi Selatan,Baik
Kolam renang kampoeng galung,Kabupaten Sinjai,Sulawesi Selatan,Sedang
Pantai Mega Minanga,Kabupaten Minahasa Tenggara,Sulawesi Utara,Buruk
Wisata Pantai dan Kuliner Loli Tasiburi,Kabupaten Donggala,Sulawesi Tengah,Terbaik
UWENTUMBU BAIYA,Kota Palu,Sulawesi Tengah,Terbaik
Pulau Busak,Kabupaten Buol,Sulawesi Tengah,Buruk
Pantai Wakarumende,Kabupaten Wakatobi,Sulawesi Tenggara,Baik
Pantai Tanjung Toima,Kabupaten Banggai,Sulawesi Tengah,Buruk
Pantai Baurung,Kabupaten Polewali Mandar,Sulawesi Barat,Sedang
Wisata Sawah Kalimbuang,Kabupaten Toraja Utara,Sulawesi Selatan,Buruk
Bendungan Tampabulu,Kabupaten Bombana,Sulawesi Tenggara,Baik
Limbong Sitodo,Kabupaten Polewali Mandar,Sulawesi Barat,Terbaik
Pemancingan Wisata Alam,Kabupaten Konawe Selatan,Sulawesi Tenggara,Terbaik
Air Terjun Pangorea Desa Sepakat,Kabupaten Luwu Utara,Sulawesi Selatan,Terbaik
Puncak Gunung Awu,Kabupaten Kepulauan Sangihe,Sulawesi Utara,Buruk
Kawah Belerang Gunung Ambang,Kabupaten Bolaang Mongondow Timur,Sulawesi Utara,Sedang
Goa Berlian,Kabupaten Morowali,Sulawesi Tengah,Buruk
Lorong warna warni makassar,Kota Makassar,Sulawesi Selatan,Buruk
Wisata Balla-Ballayya Desa Bira,Kabupaten Bulukumba,Sulawesi Selatan,Baik
Toulangkow Hills (TOMOHON SKYLINE),Kota Tomohon,Sulawesi Utara,Buruk
Pantai Kelapa Lima Desa Paputungan,Kabupaten Minahasa Utara,Sulawesi Utara,Buruk
"Puncak Tonsile, Sulawesi Utara",Kabupaten Bolaang Mongondow Selatan,Sulawesi Utara,Sedang
Pantai Pinolosian Selatan,Kabupaten Bolaang Mongondow Selatan,Sulawesi Utara,Sedang
Pantai Mandel,Kabupaten Banggai Kepulauan,Sulawesi Tengah,Buruk
Wisata Anteleng,Kabupaten Banggai,Sulawesi Tengah,Terbaik
Bukit Bulotalangi,Kabupaten Bone Bolango,Gorontalo,Buruk
Wisata Tanjung Lawaka Ampana,Kabupaten Tojo Una-Una,Sulawesi Tengah,Terbaik
Danau Gumanano,Kabupaten Buton,Sulawesi Tenggara,Sedang
Pantai Dato,Kabupaten Majene,Sulawesi Barat,Baik
Bulu Gawalise,Kabupaten Donggala,Sulawesi Tengah,Buruk
Bukit Teletubies Bajo Indah,Kabupaten Konawe,Sulawesi Tenggara,Terbaik
Wisata Bukit teletubbies,Kabupaten Jeneponto,Sulawesi Selatan,Buruk
Pantai Garassi Desa Nepo,Kabupaten Polewali Mandar,Sulawesi Barat,Baik
Wisata Alam Djagaan,Kabupaten Banggai,Sulawesi Tengah,Buruk
Permandian Baruttung'e,Kabupaten Barru,Sulawesi Selatan,Buruk
Padang Tobelo,Kabupaten Sidenreng Rappang,Sulawesi Selatan,Terbaik
Kampung Wisata Ta'bua,Kabupaten Maros,Sulawesi Selatan,Baik
"Pusat Informasi Geologi, Maros - Pangkep",Kabupaten Pangkajene Dan Kepulauan,Sulawesi Selatan,Terbaik
Museum BJ Habibie,Kota Parepare,Sulawesi Selatan,Terbaik
Pantai Bukit Tinggi,Kabupaten Minahasa,Sulawesi Utara,Buruk
Bukit Tamboke,Kabupaten Luwu Utara,Sulawesi Selatan,Baik
Palopo City,Kota Palopo,Sulawesi Selatan,Sedang
Karina Beach,Kabupaten Tojo Una-Una,Sulawesi Tengah,Buruk
Jaringan EKOwisata MAngrove LAntebung,Kota Makassar,Sulawesi Selatan,Buruk
Obyek Wisata Goa Jodoh,Kabupaten Bone,Sulawesi Selatan,Sedang
Permandian batu lapis,Kabupaten Konawe,Sulawesi Tenggara,Sedang
Air Terjun Permai Taludaa,Kabupaten Bone Bolango,Gorontalo,Baik
Air Terjun Baruttung,Kabupaten Bone,Sulawesi Selatan,Buruk
Wisata Alam Tirotiku lolai,Kabupaten Toraja Utara,Sulawesi Selatan,Buruk
Bukit Doa,Kabupaten Minahasa Selatan,Sulawesi Utara,Buruk
Wisata Puncak Maradadi,Kota Baubau,Sulawesi Tenggara,Buruk
Pantai Toola,Kabupaten Konawe,Sulawesi Tenggara,Terbaik
GPdI Bukit Zaitun Parepare,Kota Parepare,Sulawesi Selatan,Terbaik
Pantai Kalinaun,Kabupaten Minahasa Utara,Sulawesi Utara,Terbaik
Pulau Bongkil,Kabupaten Bolaang Mongondow Utara,Sulawesi Utara,Terbaik
Air Terjun Indo Rannuang,Kabupaten Polewali Mandar,Sulawesi Barat,Terbaik
Air Terjun Tu'nan,Kabupaten Minahasa Selatan,Sulawesi Utara,Terbaik
Tugu Selamat Datang Kabupaten Bolaang Mongondow Selatan,Kabupaten Bolaang Mongondow,Sulawesi Utara,Sedang
Pulau Dea-dea,Kabupaten Polewali Mandar,Sulawesi Barat,Baik
Pantai Tanjung Bunga,Kota Makassar,Sulawesi Selatan,Sedang
Wisata pannampu,Kabupaten Maros,Sulawesi Selatan,Terbaik
Air Terjun Batualambung Kambani,Kabupaten Banggai Kepulauan,Sulawesi Tengah,Terbaik
RTH Masjid Agung Pohuwato,Kabupaten Pohuwato,Gorontalo,Buruk
P4S WANUA LAMPOKO,Kabupaten Bone,Sulawesi Selatan,Terbaik
Kincir Angin PLTB,Kabupaten Jeneponto,Sulawesi Selatan,Sedang
Colo,Kabupaten Tojo Una-Una,Sulawesi Tengah,Buruk
Buntu Cekong,Kabupaten Enrekang,Sulawesi Selatan,Terbaik
Pantai Kapitu,Kabupaten Minahasa Selatan,Sulawesi Utara,Buruk
Puncak panenteng tola,Kabupaten Kepulauan Sangihe,Sulawesi Utara,Buruk
Wisata Tracking mangrove,Kabupaten Gorontalo Utara,Gorontalo,Sedang
Wisata Mannessa Lappa Angin,Kota Parepare,Sulawesi Selatan,Sedang
Pantai Sangganipa,Kabupaten Donggala,Sulawesi Tengah,Buruk
Pantai Bahari,Kabupaten Poso,Sulawesi Tengah,Baik
Lakasa Cave,Kota Baubau,Sulawesi Tenggara,Buruk
Permandian Lakakuloto,Kabupaten Buton Tengah,Sulawesi Tenggara,Buruk
Waterboom Agro Wisata Palopo,Kota Palopo,Sulawesi Selatan,Buruk
Monumen Gerhana Matahari Total 2016,Kabupaten Sigi,Sulawesi Tengah,Baik
Air Terjun Kona,Kabupaten Polewali Mandar,Sulawesi Barat,Baik
Museum Perjuangan Rakyat Sulut,Kota Manado,Sulawesi Utara,Buruk
Pantai Napa,Kabupaten Buton,Sulawesi Tenggara,Buruk
Pantai Pinang,Kabupaten Kepulauan Selayar,Sulawesi Selatan,Sedang
Wisata Alam Sulili Baebunta,Kabupaten Luwu Utara,Sulawesi Selatan,Terbaik
Situs Megalitik Watunongko,Kabupaten Poso,Sulawesi Tengah,Baik
Gunung Sesean Toraja Utara,Kabupaten Toraja Utara,Sulawesi Selatan,Sedang
TONGKONAN SASSA',Kabupaten Tana Toraja,Sulawesi Selatan,Sedang
C-Beach (Pantai C-Salonsa),Kabupaten Luwu Timur,Sulawesi Selatan,Terbaik
wisata alam pattipo,Kabupaten Polewali Mandar,Sulawesi Barat,Terbaik
Air Terjun Kelimbun Tumbohon,Kabupaten Minahasa Utara,Sulawesi Utara,Buruk
Weer Molino,Kabupaten Banggai,Sulawesi Tengah,Buruk
Kali Biru Mosolo,Kabupaten Konawe,Sulawesi Tenggara,Terbaik
Monumen Korban 40.000 jiwa,Kota Parepare,Sulawesi Selatan,Baik
Wisata Alam Bonto Kalihara (Bukit Semut) Selayar,Kabupaten Kepulauan Selayar,Sulawesi Selatan,Terbaik
Banua Wuhu,Kabupaten Kepulauan Sangihe,Sulawesi Utara,Sedang
"Desa Bokori, Kabupaten Konawe, Sulawesi Tenggara",Kabupaten Konawe,Sulawesi Tenggara,Sedang
Air terjun Rouda,Kabupaten Kolaka Utara,Sulawesi Tenggara,Terbaik
Pantai Morano,Kabupaten Muna,Sulawesi Tenggara,Buruk
Benteng Bombonawulu,Kabupaten Buton,Sulawesi Tenggara,Terbaik
DESWITA ( DESTINASI WISATA ) SEJAHTERA,Kabupaten Bone Bolango,Gorontalo,Sedang
Pantai Pulisan,Kabupaten Minahasa Utara,Sulawesi Utara,Buruk
Rakata Beach,Kabupaten Parigi Moutong,Sulawesi Tengah,Baik
Goa Bidadari,Kabupaten Buton Tengah,Sulawesi Tenggara,Terbaik
Air Terjun Tenilo,Kabupaten Boalemo,Gorontalo,Terbaik
Pulau Sara-besar,Kabupaten Kepulauan Talaud,Sulawesi Utara,Buruk
Pantai Pasir Putih Pinomontiga,Kabupaten Bone Bolango,Gorontalo,Buruk
Wisata Mancing Desa BuluCindea,Kabupaten Pangkajene Dan Kepulauan,Sulawesi Selatan,Baik
Gedung PIKAT,Kota Manado,Sulawesi Utara,Baik
PANTAI WISATA LOGPON,Kabupaten Parigi Moutong,Sulawesi Tengah,Buruk
LASA Nature Tourism,Kabupaten Banggai Kepulauan,Sulawesi Tengah,Buruk
LYWANZA POOL & RESTO,Kabupaten Mamuju Tengah,Sulawesi Barat,Buruk
Ekowisata Mangrove Lirang,Kota Bitung,Sulawesi Utara,Buruk
Hutan Mangrove Tofuti,Kabupaten Morowali,Sulawesi Tengah,Buruk
Pantai Puuesa,Kabupaten Konawe,Sulawesi Tenggara,Terbaik
Air Terjun Sarambu,Kabupaten Luwu Utara,Sulawesi Selatan,Sedang
Pantai Wisata Maroneng,Kabupaten Pinrang,Sulawesi Selatan,Buruk
Puncak Battoa,Kabupaten Bone,Sulawesi Selatan,Sedang
Gunung Tumpu,Kabupaten Banggai,Sulawesi Tengah,Buruk
Air Terjun Kalimalima,Kabupaten Muna,Sulawesi Tenggara,Terbaik
Wisata Matabuntu,Kabupaten Luwu Timur,Sulawesi Selatan,Baik
Pantai tupa,Kabupaten Donggala,Sulawesi Tengah,Baik
Puncak dunu,Kabupaten Gorontalo Utara,Gorontalo,Terbaik
Permandian TompoE,Kabupaten Bone,Sulawesi Selatan,Baik
Hidden Paradise Minahasa,Kabupaten Minahasa,Sulawesi Utara,Terbaik
Sapaeng Beach,Kabupaten Kepulauan Sangihe,Sulawesi Utara,Sedang
Pantai Sapelang,Kabupaten Banggai Kepulauan,Sulawesi Tengah,Terbaik
Lembah Lambusango,Kabupaten Buton,Sulawesi Tenggara,Buruk
Sumber Mata Air Kab. Bulukumba,Kabupaten Bulukumba,Sulawesi Selatan,Sedang
Air Terjun Andulan,Kabupaten Luwu,Sulawesi Selatan,Buruk
Air Terjun kumapo dahu,Kabupaten Konawe,Sulawesi Tenggara,Terbaik
Limbong Kambellun,Kabupaten Polewali Mandar,Sulawesi Barat,Terbaik
Exotic Beach,Kabupaten Bone Bolango,Gorontalo,Sedang
Air Terjun Salbir,Kabupaten Sidenreng Rappang,Sulawesi Selatan,Sedang
ANDI NYIWI PARK LUWU TIMUR,Kabupaten Luwu Timur,Sulawesi Selatan,Terbaik
Air Terjun Popontolen,Kabupaten Minahasa Selatan,Sulawesi Utara,Buruk
Permandian Bendungan Kandang,Kabupaten Polewali Mandar,Sulawesi Barat,Baik
Wisata Bahari Pantai Seta Seta,Kabupaten Luwu Utara,Sulawesi Selatan,Baik
Pantai Wisata Pandanwangi,Kabupaten Banggai,Sulawesi Tengah,Terbaik
KJA Latoma,Kabupaten Konawe,Sulawesi Tenggara,Terbaik
Gunung Bahonglangi,Kabupaten Bone,Sulawesi Selatan,Sedang
Objek Wisata Lamperangan,Kabupaten Pangkajene Dan Kepulauan,Sulawesi Selatan,Buruk
Wisata Salo Rumpiae,Kabupaten Barru,Sulawesi Selatan,Sedang
Pantai Saleo,Kabupaten Bolaang Mongondow Utara,Sulawesi Utara,Buruk
Objek Wisata Hutan Bambu To' Kumila',Kabupaten Toraja Utara,Sulawesi Selatan,Sedang
Air Terjun,Kabupaten Morowali,Sulawesi Tengah,Buruk
Wisata Bukit Harapan Gowa,Kabupaten Gowa,Sulawesi Selatan,Terbaik
Objek wisata terumbu karang Adhyaksa dan hutan bakau Adhyaksa,Kabupaten Banggai Laut,Sulawesi Tengah,Terbaik
Blue Lagoon Labengki,Kabupaten Konawe Utara,Sulawesi Tenggara,Buruk
Senja Beloka,Kabupaten Buton Selatan,Sulawesi Tenggara,Terbaik
Air Terjun Kembes,Kabupaten Minahasa,Sulawesi Utara,Buruk
Air Terjun Bobaa,Kabupaten Morowali Utara,Sulawesi Tengah,Baik
Puncak Savana Puuhopa,Kabupaten Konawe,Sulawesi Tenggara,Sedang
Gua Koo,Kabupaten Buton,Sulawesi Tenggara,Terbaik
Air Terjun Maccading,Kabupaten Bone,Sulawesi Selatan,Baik
Parkiran Air Terjun (Kali),Kabupaten Minahasa,Sulawesi Utara,Buruk
Taman Pantai Bone Baru,Kabupaten Banggai Laut,Sulawesi Tengah,Baik
Permandian sungai jernih,Kabupaten Bone,Sulawesi Selatan,Baik
Wisata Buntu Nangka (Palopo),Kota Palopo,Sulawesi Selatan,Baik
Gua Susundeng,Kabupaten Banggai Kepulauan,Sulawesi Tengah,Terbaik
air terjun wambalamba,Kabupaten Buton,Sulawesi Tenggara,Buruk
Pantai Kasambang,Kabupaten Mamuju,Sulawesi Barat,Terbaik
Air Terjun Tembang Luk Sagu,Kabupaten Banggai Kepulauan,Sulawesi Tengah,Baik
Museum Daerah Kab Banggai _Bekas Rumah Capitan,Kabupaten Banggai,Sulawesi Tengah,Terbaik
Bukit Kaju Angin,Kota Palopo,Sulawesi Selatan,Sedang
Pantai Monano ( Gorontalo Utara ),Kabupaten Gorontalo Utara,Gorontalo,Buruk
Pantai Batukarapu,Kabupaten Kepulauan Selayar,Sulawesi Selatan,Buruk
Pango Pango Eco Green Park,Kabupaten Tana Toraja,Sulawesi Selatan,Sedang
Pantai Tasik Oki,Kota Bitung,Sulawesi Utara,Sedang
Pantai Kapuk Toboli,Kabupaten Parigi Moutong,Sulawesi Tengah,Buruk
Makam Raja Todilaling,Kabupaten Polewali Mandar,Sulawesi Barat,Terbaik
Pantai Lito Mohinggito,Kabupaten Gorontalo Utara,Gorontalo,Buruk
Obyek Wisata Telaga Tambing,Kabupaten Poso,Sulawesi Tengah,Buruk
Pantai Widodo,Kabupaten Bombana,Sulawesi Tenggara,Terbaik
Wisata Pantai Mangrove Ampallas,Kabupaten Mamuju,Sulawesi Barat,Sedang
Kolam renang lambe lambe,Kabupaten Majene,Sulawesi Barat,Sedang
Loko' Nippon,Kabupaten Enrekang,Sulawesi Selatan,Buruk
Bendungan Ladongi,Kabupaten Kolaka Timur,Sulawesi Tenggara,Baik
Wisata Alam Batu Poopi,Kota Baubau,Sulawesi Tenggara,Buruk
Pantai wasaga,Kabupaten Buton,Sulawesi Tenggara,Buruk
OBYEK WISATA BATU PIAK,Kabupaten Luwu,Sulawesi Selatan,Buruk
Bulu Masomba,Kota Palu,Sulawesi Tengah,Buruk
Gunung Tondano,Kabupaten Minahasa,Sulawesi Utara,Buruk
GPPS Gunung Moria - Kota Gorontalo,Kota Gorontalo,Gorontalo,Sedang
Bukit Belum Ada Nama,Kabupaten Luwu Utara,Sulawesi Selatan,Terbaik
Air Terjun Tekaan Telu,Kota Tomohon,Sulawesi Utara,Buruk
Bulu Ballea,Kabupaten Gowa,Sulawesi Selatan,Sedang
Pantai ku,Kota Parepare,Sulawesi Selatan,Baik
Danau Tendetung,Kabupaten Banggai Kepulauan,Sulawesi Tengah,Terbaik
Pantai kelapa kuning,Kabupaten Konawe,Sulawesi Tenggara,Terbaik
Pantai Bungin Pinungan,Kabupaten Muna,Sulawesi Tenggara,Terbaik
Bulu Sorongan,Kabupaten Barru,Sulawesi Selatan,Terbaik
Lembah Piokang,Kabupaten Pangkajene Dan Kepulauan,Sulawesi Selatan,Terbaik
Negeri Berselimut Awan,Kabupaten Sinjai,Sulawesi Selatan,Sedang
GMIM Bukit Kalvari Aer Ujang,Kota Bitung,Sulawesi Utara,Sedang
Kolam Renang Lembah Kenari Manganitu,Kabupaten Kepulauan Sangihe,Sulawesi Utara,Buruk
Batu Tikar Luwuk Kab. Banggai,Kabupaten Banggai,Sulawesi Tengah,Buruk
PUNCAK OGOMOLI,Kabupaten Tolitoli,Sulawesi Tengah,Terbaik
Air Terjun Andawe,Kabupaten Konawe,Sulawesi Tenggara,Baik
PANTAI BAHARI,Kabupaten Polewali Mandar,Sulawesi Barat,Terbaik
Pantai Bahari Kanipang,Kabupaten Pinrang,Sulawesi Selatan,Baik
Pantai Harapan Indah Ammani,Kabupaten Pinrang,Sulawesi Selatan,Baik
Wisata Alam Waempubbu,Kabupaten Bone,Sulawesi Selatan,Baik
Pantai Kappe,Kabupaten Pinrang,Sulawesi Selatan,Terbaik
Air Terjun Sendowan,Kabupaten Minahasa Selatan,Sulawesi Utara,Terbaik
Bulud Init,Kabupaten Bolaang Mongondow Selatan,Sulawesi Utara,Buruk
"Bila Tungke, Jalur viral Soppeng",Kabupaten Soppeng,Sulawesi Selatan,Terbaik
Tugu Jepang,Kota Bitung,Sulawesi Utara,Baik
Air Terjun Kanari,Kota Baubau,Sulawesi Tenggara,Terbaik
Taman Sarung Allo,Kabupaten Polewali Mandar,Sulawesi Barat,Baik
Bukit Ja'bonga,Kabupaten Gowa,Sulawesi Selatan,Terbaik
Pantai andewa,Kabupaten Morowali,Sulawesi Tengah,Sedang
Bone Pololoba Lopito,Kabupaten Banggai Kepulauan,Sulawesi Tengah,Sedang
Wisata Taman Bunga R.A,Kabupaten Boalemo,Gorontalo,Buruk
Pantai Bahari Pakue,Kabupaten Kolaka Utara,Sulawesi Tenggara,Buruk
Simpang Tiga Dekko,Kabupaten Bone,Sulawesi Selatan,Buruk
Rimba Bitti Pandala,Kabupaten Takalar,Sulawesi Selatan,Baik
Afand Place,Kabupaten Donggala,Sulawesi Tengah,Terbaik
Buyu Katapasa,Kabupaten Tojo Una-Una,Sulawesi Tengah,Terbaik
Pantai Air Kiri,Kabupaten Morowali,Sulawesi Tengah,Sedang
PARE PARE BEACH,Kota Parepare,Sulawesi Selatan,Baik
Air Terjun Pattumba,Kabupaten Sidenreng Rappang,Sulawesi Selatan,Terbaik
autarkeia,Kabupaten Minahasa,Sulawesi Utara,Buruk
Situs wisata alam,Kabupaten Gorontalo Utara,Gorontalo,Sedang
Malahi Beach,Kabupaten Kepulauan Sangihe,Sulawesi Utara,Baik
Pantai Sesiwung,Kabupaten Kepulauan Sangihe,Sulawesi Utara,Sedang
Eduwisata Aqualife UNHAS,Kabupaten Barru,Sulawesi Selatan,Baik
Pattiroang Highland Desa Barania,Kabupaten Sinjai,Sulawesi Selatan,Sedang
Sungai Galaggara Pangkep,Kabupaten Pangkajene Dan Kepulauan,Sulawesi Selatan,Buruk
Embung Marilaleng,Kota Parepare,Sulawesi Selatan,Baik
Sumur Waranie Palakka,Kabupaten Bone,Sulawesi Selatan,Sedang
"Agrowisata Bonto Lojong,Ujung Bulu",Kabupaten Jeneponto,Sulawesi Selatan,Buruk
Pantai Ujung Bantaeng,Kabupaten Jeneponto,Sulawesi Selatan,Buruk
Pantai Beau Sauk,Kabupaten Bolaang Mongondow,Sulawesi Utara,Buruk
Paneki Tepi Teduh,Kabupaten Sigi,Sulawesi Tengah,Terbaik
"Pantai Wisata Pompon, Banggai Laut",Kabupaten Banggai Laut,Sulawesi Tengah,Sedang
Moli'i Sahatu beach,Kabupaten Wakatobi,Sulawesi Tenggara,Terbaik
Air Terjun Bantimurung Salluang,Kabupaten Bantaeng,Sulawesi Selatan,Buruk
KAPA Kawasan Agrowisata Pondok Amelia,Kabupaten Luwu Timur,Sulawesi Selatan,Terbaik
Air Terjun Tetewatu,Kabupaten Konawe Utara,Sulawesi Tenggara,Baik
Wisata Alam Lembah Tottong,Kabupaten Polewali Mandar,Sulawesi Barat,Buruk
Bukit Pusera,Kabupaten Kepulauan Selayar,Sulawesi Selatan,Sedang
Air Terjun Bumbun,Kabupaten Tana Toraja,Sulawesi Selatan,Buruk
Pantai Tebeabul Bakalan,Kabupaten Banggai Kepulauan,Sulawesi Tengah,Sedang
Puri Kahyangan Tomia,Kabupaten Wakatobi,Sulawesi Tenggara,Sedang
Bukit Kanari Dan Bukit MattiroWalie,Kabupaten Maros,Sulawesi Selatan,Buruk
Museum Daerah Maros,Kabupaten Maros,Sulawesi Selatan,Terbaik
LABUNGNGE BEACH,Kabupaten Barru,Sulawesi Selatan,Terbaik
Pantai Tanjung,Kabupaten Bolaang Mongondow Timur,Sulawesi Utara,Buruk
Pantai torobulu,Kabupaten Konawe Selatan,Sulawesi Tenggara,Buruk
Tugu BRI Kolaka,Kabupaten Kolaka,Sulawesi Tenggara,Buruk
Taman Wisata Alam Kea Kea,Kabupaten Kolaka,Sulawesi Tenggara,Sedang
Pantai Pasir Putih Uebutung,Kabupaten Tojo Una-Una,Sulawesi Tengah,Sedang
Wae pella'e,Kabupaten Sinjai,Sulawesi Selatan,Baik
Hidden Valley,Kabupaten Bolaang Mongondow Timur,Sulawesi Utara,Buruk
Pantai lalape,Kabupaten Pohuwato,Gorontalo,Sedang
Pantai moian,Kabupaten Parigi Moutong,Sulawesi Tengah,Buruk
Wisata Pemandian Bukit Meranti,Kabupaten Bone Bolango,Gorontalo,Buruk
Wisata Pantai Tersakiti,Kabupaten Bolaang Mongondow Selatan,Sulawesi Utara,Buruk
Samalona Travel,Kota Makassar,Sulawesi Selatan,Terbaik
SAMUDERA DIVE OPERATOR,Kabupaten Banggai,Sulawesi Tengah,Baik
Air Terjun Pandawa,Kabupaten Gowa,Sulawesi Selatan,Baik
Pantai Wajo,Kabupaten Buton,Sulawesi Tenggara,Terbaik
Bukit nane polassi,Kabupaten Kepulauan Selayar,Sulawesi Selatan,Baik
Mt. Soputan,Kabupaten Minahasa,Sulawesi Utara,Buruk
Bukit Savana desa lenyek,Kabupaten Banggai,Sulawesi Tengah,Terbaik
WISATAKAUDUMA,Kabupaten Muna,Sulawesi Tenggara,Terbaik
BUKIT ANUGERAH BULO,Kabupaten Polewali Mandar,Sulawesi Barat,Sedang
Air Terjun Lamassua,Kabupaten Barru,Sulawesi Selatan,Baik
Pantai Ujung Kupang,Kabupaten Sinjai,Sulawesi Selatan,Baik
Objek wisata Buntu Sarira,Kabupaten Tana Toraja,Sulawesi Selatan,Baik
Air Terjun Tapahan Telu,Kota Tomohon,Sulawesi Utara,Buruk
Kuntung Prof Kawung (Koreng) Minahasa Selatan,Kabupaten Minahasa Selatan,Sulawesi Utara,Baik
Pantai kapehetang,Kabupaten Kepulauan Sangihe,Sulawesi Utara,Sedang
Lindu Lake,Kabupaten Sigi,Sulawesi Tengah,Sedang
Tanjung Gundul,Kabupaten Banggai Laut,Sulawesi Tengah,Buruk
Pantai Sulaa,Kota Baubau,Sulawesi Tenggara,Sedang
Gerbang Desa Wisata Tangkeno,Kabupaten Bombana,Sulawesi Tenggara,Terbaik
Geopark Maros Pangkep,Kabupaten Maros,Sulawesi Selatan,Buruk
WAWONTULAP BEACH RESORT (WBR),Kabupaten Minahasa Selatan,Sulawesi Utara,Buruk
Air Terjun Maima,Kabupaten Sigi,Sulawesi Tengah,Buruk
Air Terjun Kembar Morowali,Kabupaten Morowali,Sulawesi Tengah,Buruk
Wisata Alam Desa Poni-Poniki,Kabupaten Kolaka Timur,Sulawesi Tenggara,Terbaik
WISATA BUKIT WAKOEA,Kabupaten Buton Selatan,Sulawesi Tenggara,Buruk
Pantai Kampa,Kabupaten Buton Utara,Sulawesi Tenggara,Baik
Diva Bahari,Kabupaten Konawe,Sulawesi Tenggara,Sedang
Pantai Ujung Batuatas,Kabupaten Buton,Sulawesi Tenggara,Sedang
Pantai Hijau Simboro,Kabupaten Mamuju,Sulawesi Barat,Terbaik
"Bukit WALEPOSAN, Lembean",Kabupaten Minahasa Utara,Sulawesi Utara,Baik
D'MOANGA RESORT,Kabupaten Buol,Sulawesi Tengah,Sedang
"Air Terjun Tondopi, Tongkoseng",Kabupaten Bombana,Sulawesi Tenggara,Sedang
Air Terjun Rok Rok / Rayouw Kembes,Kabupaten Minahasa,Sulawesi Utara,Buruk
Air terjun Sararudi,Kabupaten Sigi,Sulawesi Tengah,Terbaik
Air terjun pelangi desa tinuna,Kabupaten Kolaka Utara,Sulawesi Tenggara,Sedang
Tampaure Beach,Kabupaten Pasangkayu,Sulawesi Barat,Sedang
Taman Laut Kolaka,Kabupaten Kolaka,Sulawesi Tenggara,Buruk
Pemandian Kumaligon,Kabupaten Buol,Sulawesi Tengah,Buruk
Huidu Matabulawa,Kabupaten Bolaang Mongondow Selatan,Sulawesi Utara,Buruk
Tempat Wisata LOS ( Lorong Orang Sanger ),Kota Manado,Sulawesi Utara,Buruk
Puncak Nondooto,Kabupaten Konawe Utara,Sulawesi Tenggara,Terbaik
STABILO CONSULTAINMENT,Kota Makassar,Sulawesi Selatan,Baik
Air Terjun Tujua,Kabupaten Maros,Sulawesi Selatan,Terbaik
Masolo Perbatasan,Kabupaten Pinrang,Sulawesi Selatan,Sedang
"Wisata Religi BUKIT DOA ""DOMADATU"" Toraja Utara",Kabupaten Toraja Utara,Sulawesi Selatan,Terbaik
Dermaga puungkoilu,Kabupaten Morowali,Sulawesi Tengah,Terbaik
Air Terjun Bondula,Kabupaten Gorontalo,Gorontalo,Baik
Kincir Highlad Sidenreng Bersinar,Kabupaten Sidenreng Rappang,Sulawesi Selatan,Terbaik
Hesan Lowita,Kabupaten Pinrang,Sulawesi Selatan,Baik
Pantai Balojaha,Kabupaten Kepulauan Selayar,Sulawesi Selatan,Sedang
DESA DEAGA,Kabupaten Bolaang Mongondow Selatan,Sulawesi Utara,Sedang
Pulau Kawaluso,Kabupaten Kepulauan Sangihe,Sulawesi Utara,Baik
Bukit Countri,Kabupaten Banggai,Sulawesi Tengah,Terbaik
Kepala Naga,Kota Baubau,Sulawesi Tenggara,Buruk
Puncak ghonsume,Kabupaten Muna,Sulawesi Tenggara,Sedang
Dermaga Cinoki Nunu,Kabupaten Pasangkayu,Sulawesi Barat,Terbaik
Bukit Attirong,Kabupaten Wajo,Sulawesi Selatan,Sedang
Kolam Alam Limbong,Kabupaten Toraja Utara,Sulawesi Selatan,Sedang
Puncak 'Patulian' Tonsewer,Kabupaten Minahasa,Sulawesi Utara,Buruk
Wisata Alam Minahasa Sulut - Hollywood Hills Lengkoan,Kabupaten Minahasa,Sulawesi Utara,Terbaik
Air Terjun Pong Toding,Kabupaten Tana Toraja,Sulawesi Selatan,Terbaik
Pantai Terapi Butugolu,Kabupaten Buol,Sulawesi Tengah,Baik
SANTORINI (Kawasan Talumolo Rindang & Indah),Kabupaten Gorontalo Utara,Gorontalo,Buruk
Jembatan Kaca Bira,Kabupaten Bulukumba,Sulawesi Selatan,Buruk
Wisata Susur Sungai & Mancing Desa Talawaan Bajo,Kabupaten Minahasa Utara,Sulawesi Utara,Buruk
PANTAI INDAH MELONGUANE,Kabupaten Kepulauan Talaud,Sulawesi Utara,Buruk
Tanjung Avanza,Kabupaten Parigi Moutong,Sulawesi Tengah,Baik
Hutan Mangrove,Kabupaten Morowali,Sulawesi Tengah,Buruk
Water bom (Tom bung putra tunggal),Kabupaten Bombana,Sulawesi Tenggara,Terbaik
Kebun Raya Bulo-KRB Bukit Merdeka,Kabupaten Polewali Mandar,Sulawesi Barat,Buruk
Air Terjun Botuwombato,Kabupaten Gorontalo Utara,Gorontalo,Buruk
Pura Agung Mandala Giri,Kabupaten Boalemo,Gorontalo,Buruk
bukit patene,Kabupaten Maros,Sulawesi Selatan,Sedang
Erbol,Kabupaten Bantaeng,Sulawesi Selatan,Sedang
Air Panas Kadidia,Kabupaten Sigi,Sulawesi Tengah,Sedang
Pantai Namu,Kabupaten Konawe Selatan,Sulawesi Tenggara,Buruk
Pantai Pelangi,Kabupaten Kolaka Utara,Sulawesi Tenggara,Terbaik
Goa Batuburi,Kabupaten Bombana,Sulawesi Tenggara,Buruk
Pantai Tanjung,Kabupaten Muna,Sulawesi Tenggara,Buruk
Bukit Langira,Kabupaten Buton,Sulawesi Tenggara,Buruk
Rest area pantai sarudu,Kabupaten Pasangkayu,Sulawesi Barat,Terbaik
Pantai desnel,Kota Makassar,Sulawesi Selatan,Sedang
Air Terjun Tolondo Tallu,Kabupaten Tana Toraja,Sulawesi Selatan,Buruk
Air Terjun Pong Rayun,Kabupaten Toraja Utara,Sulawesi Selatan,Buruk
Bongkone Kenari,Kota Manado,Sulawesi Utara,Buruk
Teluk Soropia,Kabupaten Konawe,Sulawesi Tenggara,Terbaik
Bukit Kayangan,Kabupaten Gorontalo,Gorontalo,Buruk
Wisata Tanjung Pallette,Kabupaten Bone,Sulawesi Selatan,Sedang
Gunung Baba Kanaan,Kabupaten Tana Toraja,Sulawesi Selatan,Buruk
Taman wisata stroberi,Kabupaten Enrekang,Sulawesi Selatan,Sedang
Air Terjun Bembe,Kabupaten Buton,Sulawesi Tenggara,Buruk
Air Terjun Sarambu Masiang,Kabupaten Luwu,Sulawesi Selatan,Terbaik
Wisata kaongkea,Kabupaten Buton,Sulawesi Tenggara,Buruk
Gapura Wisata Pantai Minanga,Kabupaten Gorontalo Utara,Gorontalo,Buruk
"Pantai Kacinaan, Kab. Buton.",Kabupaten Buton,Sulawesi Tenggara,Baik
Menara Kendari,Kota Kendari,Sulawesi Tenggara,Buruk
Obyek Wisata Sumur Lawello,Kabupaten Bone,Sulawesi Selatan,Buruk
Air terjun matapila,Kabupaten Konawe Utara,Sulawesi Tenggara,Terbaik
Leang Kassi,Kabupaten Pangkajene Dan Kepulauan,Sulawesi Selatan,Terbaik
TUGU NOL KILOMETER BONE,Kabupaten Bone,Sulawesi Selatan,Terbaik
Danau Lurayya Kahayya,Kabupaten Bulukumba,Sulawesi Selatan,Baik
Buntu Kandora,Kabupaten Tana Toraja,Sulawesi Selatan,Baik
Wisata Lirang,Kota Bitung,Sulawesi Utara,Buruk
Monumen MUTIARA,Kabupaten Buton,Sulawesi Tenggara,Baik
Buntu Sinaji,Kabupaten Tana Toraja,Sulawesi Selatan,Terbaik
Pantai Tanjung Buaya,Kabupaten Bolaang Mongondow Utara,Sulawesi Utara,Sedang
Kampung Wisata Alam Bolopaniki,Kabupaten Banggai,Sulawesi Tengah,Terbaik
Pantai Labengki Kecil,Kabupaten Konawe Utara,Sulawesi Tenggara,Buruk
Pasir panjang bakealu,Kabupaten Muna,Sulawesi Tenggara,Sedang
Air Terjun Ayuhulalo,Kabupaten Boalemo,Gorontalo,Sedang
Teluk Tomori,Kabupaten Morowali Utara,Sulawesi Tengah,Terbaik
Galesong Beach,Kabupaten Takalar,Sulawesi Selatan,Buruk
Wisata Pinus Rombeng 1,Kabupaten Bantaeng,Sulawesi Selatan,Sedang
Nambo Beach,Kota Kendari,Sulawesi Tenggara,Sedang
Tanjung Labora,Kabupaten Muna,Sulawesi Tenggara,Terbaik
Air terjun Kalando,Kabupaten Mamuju Tengah,Sulawesi Barat,Terbaik
Pantai Duva,Kota Palu,Sulawesi Tengah,Baik
Benkmor camp Beringin,Kabupaten Donggala,Sulawesi Tengah,Baik
Anjungan Wisata Tangkeno,Kabupaten Bombana,Sulawesi Tenggara,Baik
Air Terjun Bahagia,Kabupaten Gowa,Sulawesi Selatan,Terbaik
Pantai Pasir Putih,Kabupaten Luwu,Sulawesi Selatan,Baik
Pantai Lamalaka,Kabupaten Bantaeng,Sulawesi Selatan,Buruk
Objek Wisata Tulaklangi Talion,Kabupaten Tana Toraja,Sulawesi Selatan,Buruk
Pantai Tumbak,Kabupaten Minahasa Tenggara,Sulawesi Utara,Buruk
Air Terjun Ambang II,Kabupaten Bolaang Mongondow,Sulawesi Utara,Buruk
Wisata Tanjung api,Kabupaten Tojo Una-Una,Sulawesi Tengah,Buruk
Kolam Renang Mendatte Park,Kabupaten Enrekang,Sulawesi Selatan,Sedang
Pegunungan Latimojong,Kabupaten Luwu,Sulawesi Selatan,Buruk
Pantai Lilito,Kabupaten Buol,Sulawesi Tengah,Buruk
TAMAN PUNCAK AHUAWALI,Kabupaten Konawe,Sulawesi Tenggara,Buruk
Permandian Iwoi Wanggu,Kabupaten Konawe Selatan,Sulawesi Tenggara,Sedang
Wisata Buntu Pasang Palopo,Kota Palopo,Sulawesi Selatan,Sedang
Wisata Pantai Biontong,Kabupaten Bolaang Mongondow Utara,Sulawesi Utara,Buruk
Negri Atas Awan MARANO,Kabupaten Mamuju,Sulawesi Barat,Baik
Rekreasi Pantai Palu,Kota Palu,Sulawesi Tengah,Buruk
Pantai Pasir putih,Kabupaten Jeneponto,Sulawesi Selatan,Baik
Pantai Komearate,Kabupaten Buton,Sulawesi Tenggara,Buruk
Kopdargab Foi#sulselbar,Kabupaten Gowa,Sulawesi Selatan,Terbaik
Air terjun pesa 1001 tangga ondo ondolu,Kabupaten Banggai,Sulawesi Tengah,Terbaik
Benteng Lipu Kulisusu,Kabupaten Buton Utara,Sulawesi Tenggara,Terbaik
Lego Lego Sarrea,Kabupaten Bulukumba,Sulawesi Selatan,Terbaik
"Pantai Salise ,Lembeh Utara Kota Bitung",Kota Bitung,Sulawesi Utara,Buruk
Rea Camping Ground,Kabupaten Mamuju Tengah,Sulawesi Barat,Terbaik
PUNCAK UHAI SIBALI Bulo,Kabupaten Polewali Mandar,Sulawesi Barat,Buruk
Dusun Burau Pantai,Kabupaten Luwu Timur,Sulawesi Selatan,Buruk
Air Terjun Kaongkeongkea,Kabupaten Buton,Sulawesi Tenggara,Buruk
Puncak Timbu Dama',Kabupaten Mamasa,Sulawesi Barat,Terbaik
AIR TERJUN & PANDAI BESI BARUTTUNG,Kabupaten Sinjai,Sulawesi Selatan,Baik
Skyland Bolonglangi',Kabupaten Kepulauan Selayar,Sulawesi Selatan,Buruk
Puncak Buah D'88,Kabupaten Minahasa,Sulawesi Utara,Terbaik
Tompa One Hidden Beach,Kabupaten Konawe,Sulawesi Tenggara,Sedang
Wisata Permandian Koke,Kabupaten Muna,Sulawesi Tenggara,Sedang
Pantai Botubarani,Kabupaten Bone Bolango,Gorontalo,Sedang
New Sampulungan Beach,Kabupaten Takalar,Sulawesi Selatan,Terbaik
TAMAN WISATA BUMDES BERKAH BERSAMA,Kabupaten Gowa,Sulawesi Selatan,Buruk
Rest Area Puncak Tikungan,Kabupaten Parigi Moutong,Sulawesi Tengah,Baik
Bahomoumpa waterfall,Kabupaten Morowali,Sulawesi Tengah,Sedang
Wantopi Beach,Kabupaten Buton Tengah,Sulawesi Tenggara,Terbaik
Bulu Tondongkarambu,Kabupaten Barru,Sulawesi Selatan,Buruk
Wisata Pemandian Alam Barukku,Kabupaten Sidenreng Rappang,Sulawesi Selatan,Terbaik
"Mata air Bura-bura, Matano",Kabupaten Luwu Timur,Sulawesi Selatan,Sedang
Binuanga Tracking Mangrove,Kabupaten Bolaang Mongondow Utara,Sulawesi Utara,Buruk
Pantai Apes,Kabupaten Kepulauan Sangihe,Sulawesi Utara,Buruk
Bukit Kelor,Kabupaten Sigi,Sulawesi Tengah,Terbaik
Permandian Baru,Kota Kendari,Sulawesi Tenggara,Buruk
Pantai Wanua Ndoke,Kabupaten Buton Utara,Sulawesi Tenggara,Buruk
Benteng Nata,Kabupaten Wakatobi,Sulawesi Tenggara,Buruk
Desa Wisata Rammang-rammang,Kabupaten Maros,Sulawesi Selatan,Baik
Kabupaten sinjai,Kabupaten Sinjai,Sulawesi Selatan,Sedang
Wisata Alam Pa' Baladoan,Kabupaten Tana Toraja,Sulawesi Selatan,Buruk
Desa Wisata Pinus Pa'tengko,Kabupaten Tana Toraja,Sulawesi Selatan,Baik
LORONG PERMANDIAN UELANTI,Kabupaten Luwu Timur,Sulawesi Selatan,Baik
Air Terjun Wolinow,Kabupaten Minahasa Selatan,Sulawesi Utara,Sedang
Desa Boyong Pante,Kabupaten Minahasa Selatan,Sulawesi Utara,Terbaik
Teratai Putih,Kabupaten Bolaang Mongondow Utara,Sulawesi Utara,Buruk
Pantai Wisata Maponu,Kabupaten Pasangkayu,Sulawesi Barat,Terbaik
Wisata Mangrove Tofuti,Kabupaten Morowali,Sulawesi Tengah,Buruk
Dermaga Lawadia,Kabupaten Kolaka Utara,Sulawesi Tenggara,Buruk
Pantai Karang tajam,Kabupaten Bone Bolango,Gorontalo,Terbaik
Anjungan Sungai Mata Allo,Kabupaten Enrekang,Sulawesi Selatan,Sedang
Wisata Bahari Kapelak,Kabupaten Banggai Laut,Sulawesi Tengah,Baik
Air Terjun Malaringgi,Kabupaten Konawe Selatan,Sulawesi Tenggara,Buruk
Tanjung Buaya,Kabupaten Buton,Sulawesi Tenggara,Baik
Taman Segitiga,Kabupaten Pohuwato,Gorontalo,Terbaik
Pulau Idaman Boalemo (Eks Pulo Mohupomba),Kabupaten Boalemo,Gorontalo,Buruk
Pantai Tanjung Bubuan,Kabupaten Bolaang Mongondow Timur,Sulawesi Utara,Buruk
Bokori Beach,Kabupaten Konawe,Sulawesi Tenggara,Buruk
Pantai One Wanta,Kabupaten Buton Tengah,Sulawesi Tenggara,Terbaik
Air Terjun Kona Rattekallang,Kabupaten Polewali Mandar,Sulawesi Barat,Baik
"Kebun Strawberry ""Dunia Berry""",Kabupaten Mamasa,Sulawesi Barat,Baik
Batu Kuangang Wisata,Kota Manado,Sulawesi Utara,Buruk
Pantai biskam,Kabupaten Bolaang Mongondow Timur,Sulawesi Utara,Buruk
Pantai Maninang Buol,Kabupaten Buol,Sulawesi Tengah,Sedang
Bukit TRL,Kabupaten Sinjai,Sulawesi Selatan,Buruk
Objek Wisata Danau Assa,Kabupaten Tana Toraja,Sulawesi Selatan,Buruk
Gunung Kambing Sea & City View Palopo,Kota Palopo,Sulawesi Selatan,Terbaik
Pulau Karang Pasir Putih,Kabupaten Morowali,Sulawesi Tengah,Buruk
Objek wisata kolam tilanga',Kabupaten Tana Toraja,Sulawesi Selatan,Buruk
Danau Mahalona,Kabupaten Luwu Timur,Sulawesi Selatan,Terbaik
Pantai MANGNGESU Desa Salajangki,Kabupaten Gowa,Sulawesi Selatan,Buruk
Wisata Pantai Galung,Kabupaten Mamuju,Sulawesi Barat,Sedang
Pantai Tanjung Atep Oki,Kabupaten Minahasa,Sulawesi Utara,Sedang
Bio Hill (Puncak Bio Pemandangan Alam),Kabupaten Kepulauan Sangihe,Sulawesi Utara,Sedang
Air terjun garuda,Kabupaten Konawe,Sulawesi Tenggara,Terbaik
Pantai,Kota Makassar,Sulawesi Selatan,Baik
Taman Buru Ko'mara,Kabupaten Takalar,Sulawesi Selatan,Sedang
Permandian Alam Tampa,Kabupaten Luwu,Sulawesi Selatan,Terbaik
Air terjun Toerama Toliba,Kabupaten Tojo Una-Una,Sulawesi Tengah,Terbaik
PULAU TIKUS,Kabupaten Banggai Kepulauan,Sulawesi Tengah,Terbaik
Ecoeduwisata Mangrove Parangloe,Kota Makassar,Sulawesi Selatan,Baik
Bulu Paleteang,Kabupaten Pinrang,Sulawesi Selatan,Sedang
Pante Woka,Kota Bitung,Sulawesi Utara,Sedang
TUGU I LOVE SITARO,Kabupaten Kepulauan Siau Tagulandang Biaro,Sulawesi Utara,Buruk
Wisata Uwe Tombu,Kabupaten Donggala,Sulawesi Tengah,Sedang
"Pantai Bamba Taipa, Pelawa Baru, Parigi Tengah, Sulawesi Tengah",Kabupaten Parigi Moutong,Sulawesi Tengah,Terbaik
Muara Lakologou,Kota Baubau,Sulawesi Tenggara,Buruk
Anduna Camping Ground,Kabupaten Konawe Selatan,Sulawesi Tenggara,Buruk
Permandian Air Panas Alam Malimbong,Kabupaten Mamasa,Sulawesi Barat,Baik
Ilomata River Camp,Kabupaten Bone Bolango,Gorontalo,Sedang
Kolam renang Roni Cell,Kabupaten Bulukumba,Sulawesi Selatan,Terbaik
Danau Lumpias Ratahan,Kabupaten Minahasa Tenggara,Sulawesi Utara,Terbaik
Pantai Modisi,Kabupaten Bolaang Mongondow Selatan,Sulawesi Utara,Buruk
Pantai maya ria kasilampe,Kota Kendari,Sulawesi Tenggara,Terbaik
PANTAI DELON,Kabupaten Kolaka Utara,Sulawesi Tenggara,Terbaik
Masjid Al-Husein,Kabupaten Muna,Sulawesi Tenggara,Sedang
Lembah Titung (Bukit Teletubbies),Kabupaten Gowa,Sulawesi Selatan,Baik
Dusun Sawagi Desa Pattallassang Kabupaten Gowa,Kabupaten Gowa,Sulawesi Selatan,Sedang
Gunung Dua Saudara,Kota Bitung,Sulawesi Utara,Buruk
Kebun Buah Sigi,Kabupaten Sigi,Sulawesi Tengah,Terbaik
Bukit Alam Kolagana,Kota Baubau,Sulawesi Tenggara,Terbaik
Pantai Jodoh,Kabupaten Buton,Sulawesi Tenggara,Buruk
Embung Iloheluma,Kabupaten Pohuwato,Gorontalo,Baik
Sungai simbuang,Kabupaten Luwu,Sulawesi Selatan,Terbaik
Permandian Air Terjun Sangkona,Kabupaten Bombana,Sulawesi Tenggara,Buruk
Pantai Kilongan,Kabupaten Banggai,Sulawesi Tengah,Baik
"Dermaga Desa Sorue Jaya, penyeberangan pertama menuju wisata pulau bokori",Kabupaten Konawe,Sulawesi Tenggara,Buruk
Pantai Alo Alo,Kabupaten Bombana,Sulawesi Tenggara,Baik
Pantai Tarawat,Kota Makassar,Sulawesi Selatan,Buruk
Wisata Topejawa,Kabupaten Takalar,Sulawesi Selatan,Buruk
Danau Aneka Tama Siloro Pangkep,Kabupaten Pangkajene Dan Kepulauan,Sulawesi Selatan,Baik
Air Terjun Garuntungan Kassi,Kabupaten Jeneponto,Sulawesi Selatan,Terbaik
Sultan Birding Tours Indonesia,Kota Palu,Sulawesi Tengah,Buruk
Pantai Indah,Kota Gorontalo,Gorontalo,Buruk
Sungai Malela,Kabupaten Luwu Timur,Sulawesi Selatan,Buruk
Pantai OGO BUAYA,Kabupaten Parigi Moutong,Sulawesi Tengah,Baik
Wisata Pasir Putih Pompon,Kabupaten Banggai Kepulauan,Sulawesi Tengah,Baik
Air Terjun Parampangi,Kabupaten Bantaeng,Sulawesi Selatan,Buruk
Pantai Salise Lembeh Utara Kota Bitung,Kota Bitung,Sulawesi Utara,Buruk
Danau Bakealu,Kabupaten Muna,Sulawesi Tenggara,Buruk
Air Terjun Lembah Impian,Kabupaten Jeneponto,Sulawesi Selatan,Baik
Nila Fishing Fun,Kabupaten Bulukumba,Sulawesi Selatan,Terbaik
Bukit wisata Miallo,Kabupaten Enrekang,Sulawesi Selatan,Baik
Keraton Banggai,Kabupaten Banggai Laut,Sulawesi Tengah,Baik
Danau Hiuka,Kabupaten Konawe,Sulawesi Tenggara,Terbaik
Rumah Apung,Kabupaten Wajo,Sulawesi Selatan,Buruk
Permandian JOMPI PITUE,Kabupaten Soppeng,Sulawesi Selatan,Baik
Village Cantik Selayar,Kabupaten Kepulauan Selayar,Sulawesi Selatan,Sedang
Sesean,Kabupaten Toraja Utara,Sulawesi Selatan,Baik
U (you) BUKIT KAMBO,Kota Palopo,Sulawesi Selatan,Buruk
Air Terjun Lapangan,Kabupaten Buton,Sulawesi Tenggara,Terbaik
"Air Terjun Butang, Mario Pulana, Salulekbo, Topoyo, Mateng",Kabupaten Mamuju Tengah,Sulawesi Barat,Terbaik
GMIM Bukit Kasih Girian Permai,Kota Bitung,Sulawesi Utara,Sedang
Modisi Beach,Kabupaten Bolaang Mongondow Selatan,Sulawesi Utara,Buruk
Pantai Tamimbo,Kabupaten Poso,Sulawesi Tengah,Sedang
TAMAN WISATA UNGKEYA BEACH,Kabupaten Morowali,Sulawesi Tengah,Baik
Batu Buti,Kota Baubau,Sulawesi Tenggara,Terbaik
Pantai Lingge-lingge,Kabupaten Buton,Sulawesi Tenggara,Terbaik
Wisata Bukti Bollangi Kabupaten Gowa,Kabupaten Gowa,Sulawesi Selatan,Sedang
Danow Tondok,Kabupaten Bolaang Mongondow Timur,Sulawesi Utara,Buruk
Desa Kalupapi,Kabupaten Banggai Laut,Sulawesi Tengah,Terbaik
Telaga Biru Segeri,Kabupaten Pangkajene Dan Kepulauan,Sulawesi Selatan,Sedang
Monumen Pejuang Kemerdekaan,Kabupaten Bulukumba,Sulawesi Selatan,Terbaik
Air Terjun Dodandian,Kabupaten Bolaang Mongondow Timur,Sulawesi Utara,Terbaik
Gunung Bulu Tanda,Kabupaten Sigi,Sulawesi Tengah,Terbaik
Hutan Bakau Desa Koya Kabupaten Morowali Utara,Kabupaten Morowali Utara,Sulawesi Tengah,Sedang
Air Terjun Tulo'a,Kabupaten Bone Bolango,Gorontalo,Buruk
Air Terjun Samaenre,Kabupaten Maros,Sulawesi Selatan,Terbaik
"Bukit Mahawu, Tomohon, Sulawesi Utara",Kota Tomohon,Sulawesi Utara,Buruk
"Danau Tondano, Minahasa, Sulawesi Utara",Kabupaten Minahasa,Sulawesi Utara,Buruk
Pantai Binjeita,Kabupaten Bolaang Mongondow Utara,Sulawesi Utara,Buruk
Abrasi Pantai Tingkulang,Kabupaten Parigi Moutong,Sulawesi Tengah,Terbaik
Air terjun Tayawa,Kabupaten Tojo Una-Una,Sulawesi Tengah,Buruk
Wisata kuliner Ampana kota,Kabupaten Tojo Una-Una,Sulawesi Tengah,Baik
Pantai Salatiga,Kabupaten Banggai Laut,Sulawesi Tengah,Baik
AIR TERJUN KAREMOTINGGE,Kabupaten Kolaka Timur,Sulawesi Tenggara,Sedang
Air Terjun Kapita ( Je'ne Ri'baka ),Kabupaten Jeneponto,Sulawesi Selatan,Terbaik
Pantai Muhajirin,Kabupaten Sinjai,Sulawesi Selatan,Buruk
Pantai Nelayan Desa Long,Kabupaten Donggala,Sulawesi Tengah,Buruk
Pantai Seribu Bintang,Kabupaten Poso,Sulawesi Tengah,Baik
Pantai BTM,Kabupaten Mamuju,Sulawesi Barat,Sedang
WISATA BUNGUNG SALAPANG,Kabupaten Jeneponto,Sulawesi Selatan,Sedang
Jembatan pelangi pannyawakkang,Kabupaten Jeneponto,Sulawesi Selatan,Sedang
Pantai Lopana,Kabupaten Minahasa Selatan,Sulawesi Utara,Buruk
Air Terjun Tamanggu Indah,Kabupaten Donggala,Sulawesi Tengah,Buruk
Pantai Timbala,Kabupaten Bombana,Sulawesi Tenggara,Terbaik
Pintu Air Danau Limboto,Kabupaten Gorontalo,Gorontalo,Buruk
Gerbang Batas Kota Makassar - Kabupaten Gowa,Kota Makassar,Sulawesi Selatan,Buruk
Danau Moko Kawu-kawu,Kabupaten Muna,Sulawesi Tenggara,Terbaik
Pantai Walet Kasawari,Kota Bitung,Sulawesi Utara,Buruk
Lalove Land,Kota Palu,Sulawesi Tengah,Baik
Objek Wisata Doud Ne Mukop,Kabupaten Minahasa,Sulawesi Utara,Sedang
Pantai Tueni,Kabupaten Parigi Moutong,Sulawesi Tengah,Sedang
Sirkuit Atakkae Sengkang - Wajo,Kabupaten Wajo,Sulawesi Selatan,Buruk
Waduk Tamariri,Kabupaten Mamasa,Sulawesi Barat,Sedang
Air Terjun Baruttung Padang,Kabupaten Bone,Sulawesi Selatan,Buruk
Wisata Alam Mannessa Camp Baths and Fishing,Kota Parepare,Sulawesi Selatan,Baik
Situs Bersejarah Manurung E ri Matajang,Kabupaten Bone,Sulawesi Selatan,Terbaik
Goa Purbakala Passea,Kabupaten Bulukumba,Sulawesi Selatan,Buruk
Pantai Bahuluang,Kabupaten Kepulauan Selayar,Sulawesi Selatan,Sedang
Gunung Kandora,Kabupaten Tana Toraja,Sulawesi Selatan,Buruk
Talaga Lotus woloan tomohon,Kota Tomohon,Sulawesi Utara,Buruk
Dermaga Nelayan Desa Tanah Putih,Kabupaten Minahasa Utara,Sulawesi Utara,Buruk
Air Terjun Lamoahi,Kabupaten Buton Utara,Sulawesi Tenggara,Baik
Wisata Pantai Kuliner Salukaili,Kabupaten Pasangkayu,Sulawesi Barat,Terbaik
Air Terjun Sarambu Paremba,Kabupaten Pinrang,Sulawesi Selatan,Baik
Air Terjun Minangatellue,Kabupaten Wajo,Sulawesi Selatan,Terbaik
Agro Wisata Bonto Jonga,Kabupaten Bantaeng,Sulawesi Selatan,Baik
Wisata Dermaga WORI,Kabupaten Minahasa Utara,Sulawesi Utara,Terbaik
Pantai Racuna,Kabupaten Kepulauan Talaud,Sulawesi Utara,Buruk
Goa Allo,Kabupaten Morowali,Sulawesi Tengah,Baik
Buntu Mussa',Kabupaten Mamasa,Sulawesi Barat,Terbaik
Tedong-tedong Minanga,Kabupaten Mamasa,Sulawesi Barat,Sedang
Waolo,Kabupaten Bone Bolango,Gorontalo,Terbaik
Tuang Uddungeng (KM Syekh Abdul Madjid),Kabupaten Soppeng,Sulawesi Selatan,Terbaik
Pantai Karosi,Kabupaten Sinjai,Sulawesi Selatan,Baik
MANDUK PATINNA,Kabupaten Enrekang,Sulawesi Selatan,Buruk
aer ujang,Kota Bitung,Sulawesi Utara,Terbaik
Bukit Teletabis Pantai Tulap,Kabupaten Minahasa,Sulawesi Utara,Terbaik
Pulau Pontein Tumbak,Kabupaten Minahasa Tenggara,Sulawesi Utara,Buruk
Wisata Bahari LantowuaBeach,Kabupaten Bombana,Sulawesi Tenggara,Terbaik
Pantai Bengel,Kabupaten Gorontalo Utara,Gorontalo,Sedang
Wisata Modern Sampoddo,Kabupaten Luwu,Sulawesi Selatan,Sedang
maymaR kavling,Kabupaten Minahasa Utara,Sulawesi Utara,Buruk
Lokawisata Tepi Desa,Kabupaten Gorontalo,Gorontalo,Terbaik
Bulu Ponre,Kabupaten Bone,Sulawesi Selatan,Sedang
Kolam labuh bentengnge,Kabupaten Bulukumba,Sulawesi Selatan,Sedang
Puncak lengkoan,Kabupaten Minahasa,Sulawesi Utara,Baik
Pantai toweni,Kabupaten Parigi Moutong,Sulawesi Tengah,Baik
Pasir Putih Tolala,Kabupaten Kolaka Utara,Sulawesi Tenggara,Terbaik
Pantai Wisata Kambunong,Kabupaten Mamuju,Sulawesi Barat,Terbaik
Pantai Babatoa Lapeo Campalagian,Kabupaten Polewali Mandar,Sulawesi Barat,Terbaik
"Tambatan Perahu Dulangeya, Kec. Botumoito",Kabupaten Boalemo,Gorontalo,Baik
Pantai idaman,Kabupaten Gorontalo Utara,Gorontalo,Buruk
Kampung Wisata Cilallang,Kabupaten Bulukumba,Sulawesi Selatan,Sedang
Buntu Singki,Kabupaten Toraja Utara,Sulawesi Selatan,Buruk
Air terjun fire keeper,Kabupaten Toraja Utara,Sulawesi Selatan,Buruk
Wisata alam desa tiromanda,Kabupaten Luwu,Sulawesi Selatan,Baik
Wisata Alam Gua Batu Putih,Kabupaten Luwu Utara,Sulawesi Selatan,Baik
Pantai taipa,Kabupaten Luwu Timur,Sulawesi Selatan,Sedang
Danau Gunung Klabat,Kabupaten Minahasa Utara,Sulawesi Utara,Buruk
GPdI Bukit Hermon,Kota Bitung,Sulawesi Utara,Sedang
Pemancingan Binangga Tirta Alam,Kabupaten Sigi,Sulawesi Tengah,Baik
Pantai Penghibur Kota Poso,Kabupaten Poso,Sulawesi Tengah,Terbaik
Pesona Bali,Kabupaten Morowali,Sulawesi Tengah,Terbaik
Batu Payung,Kabupaten Morowali Utara,Sulawesi Tengah,Terbaik
Wisata Mangrove Desa Lomba,Kabupaten Banggai,Sulawesi Tengah,Buruk
Pantai Puuloro,Kabupaten Konawe,Sulawesi Tenggara,Terbaik
Gunung BATU SANGIA,Kabupaten Bombana,Sulawesi Tenggara,Terbaik
Museum Bharugano Wuna,Kabupaten Muna,Sulawesi Tenggara,Terbaik
Air terjun taluditi,Kabupaten Pohuwato,Gorontalo,Terbaik
Pasir Hijau Batara Malong,Kabupaten Pinrang,Sulawesi Selatan,Sedang
Bendungan Bokong,Kabupaten Bulukumba,Sulawesi Selatan,Buruk
PANTAI TANJUNG RIA,Kota Bitung,Sulawesi Utara,Buruk
Pantai Vaname,Kabupaten Buol,Sulawesi Tengah,Sedang
Permandian Gua Wandigi,Kabupaten Buton,Sulawesi Tenggara,Sedang
Pantai MHG,Kabupaten Barru,Sulawesi Selatan,Terbaik
Tugu Perdamaian PERMESTA Dan Pusat,Kabupaten Minahasa Selatan,Sulawesi Utara,Buruk
Objek Wisata Telaga Lotta Indah,Kabupaten Kepulauan Talaud,Sulawesi Utara,Buruk
Permandian Tanjung Kaobula Kotamara,Kabupaten Buton Selatan,Sulawesi Tenggara,Buruk
Gua Tengkorak / Gua Lawolatu,Kabupaten Kolaka Utara,Sulawesi Tenggara,Sedang
Taman Pobundayan,Kota Kotamobagu,Sulawesi Utara,Buruk
Gunung Rantemario,Kabupaten Luwu,Sulawesi Selatan,Buruk
Cagar Alam Gunung Tinombala,Kabupaten Parigi Moutong,Sulawesi Tengah,Buruk
"FATUTOKO,GERESA,BUNGKU TIMUR,MOROWALI",Kabupaten Morowali,Sulawesi Tengah,Buruk
PERMANDIAN MULTI BAITO,Kabupaten Konawe Selatan,Sulawesi Tenggara,Buruk
Mata Air Wolio,Kabupaten Muna,Sulawesi Tenggara,Buruk
Pantai Onowa,Kabupaten Wakatobi,Sulawesi Tenggara,Buruk
JEMBATAN GANTUNG CENDANA HITAM,Kabupaten Luwu Timur,Sulawesi Selatan,Buruk
Pantai Dodap,Kabupaten Bolaang Mongondow Timur,Sulawesi Utara,Buruk
Situs Cagar Budaya Lumpang Batu Desa Bangga,Kabupaten Sigi,Sulawesi Tengah,Sedang
Permandian Desa Balayon,Kabupaten Banggai Kepulauan,Sulawesi Tengah,Sedang
Wisata Pantai Ompotian,Kabupaten Banggai,Sulawesi Tengah,Buruk
Pantai BMW,Kabupaten Konawe Utara,Sulawesi Tenggara,Sedang
pantai langkowala,Kabupaten Bombana,Sulawesi Tenggara,Baik
Benteng Kotano Wuna,Kabupaten Muna,Sulawesi Tenggara,Buruk
AGROWISATA BUKIT MOLOKU,Kabupaten Majene,Sulawesi Barat,Sedang
Pantai Burung-Burung (PBB),Kabupaten Kolaka,Sulawesi Tenggara,Baik
Kampung Wisata Bulo,Kabupaten Gowa,Sulawesi Selatan,Terbaik
"Mini Zoo, Rumah Alam Manado",Kota Manado,Sulawesi Utara,Buruk
Pantai Poa,Kabupaten Kepulauan Sangihe,Sulawesi Utara,Buruk
TASUMARO,Kabupaten Kepulauan Sangihe,Sulawesi Utara,Sedang
Teluk Lalong,Kabupaten Banggai Laut,Sulawesi Tengah,Buruk
Danau Rano Iwoi Tekonda,Kabupaten Konawe Utara,Sulawesi Tenggara,Terbaik
Bone Marangi,Kabupaten Buton,Sulawesi Tenggara,Terbaik
GPdI Bukit Hermon Kolaka,Kabupaten Kolaka,Sulawesi Tenggara,Terbaik
Bendungan Loko,Kabupaten Buton,Sulawesi Tenggara,Sedang
Wisata alam tangga 1000,Kabupaten Polewali Mandar,Sulawesi Barat,Terbaik
BUKIT GORESAN TIMUATO,Kabupaten Gorontalo,Gorontalo,Terbaik
Sarambu Sikore,Kabupaten Toraja Utara,Sulawesi Selatan,Sedang
AIR TERJUN REMA TAMBOKE,Kabupaten Luwu Utara,Sulawesi Selatan,Terbaik
Pantai Desa Tamit (Tamit Paradise),Kabupaten Buol,Sulawesi Tengah,Baik
Pantai One-One,Kabupaten Konawe Utara,Sulawesi Tenggara,Terbaik
Pantai watiginanda,Kabupaten Buton,Sulawesi Tenggara,Baik
Bukit Bonto Payung,Kabupaten Barru,Sulawesi Selatan,Terbaik
Wisata Alam Chaputo,Kabupaten Soppeng,Sulawesi Selatan,Baik
Pantai Appatanah,Kabupaten Kepulauan Selayar,Sulawesi Selatan,Sedang
Pantai Seribu Kelapa,Kabupaten Pasangkayu,Sulawesi Barat,Baik
Poentjak Unsongi Indah,Kabupaten Morowali,Sulawesi Tengah,Terbaik
Wisata Cekdam Lagading,Kabupaten Sidenreng Rappang,Sulawesi Selatan,Terbaik
Air Terjun Batu Lukis,Kabupaten Kolaka Timur,Sulawesi Tenggara,Baik
Air Terjun Borisallo,Kabupaten Gowa,Sulawesi Selatan,Sedang
Bulu tombolo,Kabupaten Maros,Sulawesi Selatan,Buruk
"Lamperangan, Desa Kabba, Kec. Minasatene",Kabupaten Pangkajene Dan Kepulauan,Sulawesi Selatan,Buruk
SUAR MENARA INDAH,Kabupaten Kepulauan Selayar,Sulawesi Selatan,Sedang
Wisata Sawah Kurusumanga,Kabupaten Luwu,Sulawesi Selatan,Baik
DERMAGA APUNG TAHUNA,Kabupaten Kepulauan Sangihe,Sulawesi Utara,Buruk
Pantai Bone Moute,Kabupaten Banggai Laut,Sulawesi Tengah,Baik
Wisata papalimbang Kendari,Kota Kendari,Sulawesi Tenggara,Sedang
Pantai Pising,Kabupaten Bombana,Sulawesi Tenggara,Terbaik
Goa maobu,Kabupaten Buton,Sulawesi Tenggara,Sedang
Telaga Sendow,Kabupaten Minahasa,Sulawesi Utara,Buruk
Air Terjun Desa Sauk,Kabupaten Bolaang Mongondow,Sulawesi Utara,Terbaik
Uwe Molino,Kabupaten Banggai,Sulawesi Tengah,Terbaik
Binotik,Kabupaten Banggai Laut,Sulawesi Tengah,Baik
Labotan Bone,Kabupaten Banggai Kepulauan,Sulawesi Tengah,Buruk
Pantai Majapahit,Kabupaten Buton,Sulawesi Tenggara,Buruk
Wisata KAREDE (Permandian Air Hangat),Kabupaten Buton Utara,Sulawesi Tenggara,Buruk
Bahari Nusantara Mosso Mario,Kabupaten Majene,Sulawesi Barat,Sedang
Pantai Indah Pannara,Kabupaten Jeneponto,Sulawesi Selatan,Buruk
Tanjung Baloiya,Kabupaten Kepulauan Selayar,Sulawesi Selatan,Buruk
Air Terjun Lagandang,Kabupaten Enrekang,Sulawesi Selatan,Terbaik
Pantai Wisata Kendahe,Kabupaten Kepulauan Sangihe,Sulawesi Utara,Buruk
Pulau Terluar Indonesia,Kabupaten Kepulauan Talaud,Sulawesi Utara,Buruk
Bukit Tinabitte,Kabupaten Bombana,Sulawesi Tenggara,Baik
Tepi Laut Mamuju,Kabupaten Mamuju,Sulawesi Barat,Terbaik
Air Terjun MATARUTUNG,Kabupaten Morowali Utara,Sulawesi Tengah,Sedang
KOLAM RENANG TIRTABARAS,Kabupaten Pasangkayu,Sulawesi Barat,Buruk
pantai pasir putih rangas,Kabupaten Majene,Sulawesi Barat,Buruk
Destinasi digital Kampung Natal,Kabupaten Mamasa,Sulawesi Barat,Sedang
WISATA BUNGA BUKIT CINTA,Kabupaten Boalemo,Gorontalo,Buruk
Monumen Tantangan Ewako,Kabupaten Pangkajene Dan Kepulauan,Sulawesi Selatan,Buruk
Wisata pantai Losa,Kabupaten Mamuju,Sulawesi Barat,Terbaik
Wisata Pasir Putih Makkerre,Kabupaten Polewali Mandar,Sulawesi Barat,Sedang
Wisata Bahari Politani,Kabupaten Pangkajene Dan Kepulauan,Sulawesi Selatan,Buruk
Pantai Pondok Cinta,Kabupaten Bolaang Mongondow,Sulawesi Utara,Buruk
Goa Latea,Kabupaten Poso,Sulawesi Tengah,Buruk
Agrowisata Mekar Jaya Farm,Kabupaten Bone Bolango,Gorontalo,Buruk
Gunu Lambelu,Kabupaten Buton Utara,Sulawesi Tenggara,Sedang
Buttu Dakka,Kabupaten Polewali Mandar,Sulawesi Barat,Buruk
Buntu Tabuan,Kabupaten Luwu Utara,Sulawesi Selatan,Terbaik
Pantai Melasti Rayon Tambu,Kabupaten Parigi Moutong,Sulawesi Tengah,Sedang
Wisata Pemandian Air Panas Lombongo,Kabupaten Bone Bolango,Gorontalo,Buruk
KOTAMOBAGU,Kota Kotamobagu,Sulawesi Utara,Sedang
Permandian Sulembe,Kabupaten Kolaka Utara,Sulawesi Tenggara,Buruk
Wisata Pantai Konawe Timur Tanjung Lalimbue,Kabupaten Konawe,Sulawesi Tenggara,Buruk
Air Terjun Bantimurungnge,Kabupaten Maros,Sulawesi Selatan,Buruk
Pantai atapange,Kabupaten Barru,Sulawesi Selatan,Baik
Bukit Nanas Bette,Kabupaten Barru,Sulawesi Selatan,Terbaik
Tugu tongku Tambee desa Landangi,Kabupaten Luwu Timur,Sulawesi Selatan,Terbaik
Humusu Beach,Kabupaten Kepulauan Sangihe,Sulawesi Utara,Buruk
BATU SENGGELOHE,Kabupaten Kepulauan Sangihe,Sulawesi Utara,Sedang
Desa Wisata Towale 2019,Kabupaten Donggala,Sulawesi Tengah,Terbaik
Pasir putih/ Sivalenta bose,Kabupaten Donggala,Sulawesi Tengah,Sedang
Pantai Matano,Kabupaten Morowali,Sulawesi Tengah,Terbaik
Air Terjun Lalengan,Kabupaten Banggai Kepulauan,Sulawesi Tengah,Buruk
Tebingkai,Kabupaten Banggai Kepulauan,Sulawesi Tengah,Buruk
Pantai Desa Bahari,Kabupaten Buton,Sulawesi Tenggara,Terbaik
Permandian Lowi Malo,Kabupaten Bombana,Sulawesi Tenggara,Terbaik
PANTAI LA DADO,Kabupaten Buton,Sulawesi Tenggara,Terbaik
Pantai Palahidu,Kabupaten Wakatobi,Sulawesi Tenggara,Buruk
Bukit tinggi TARANGGADING,Kabupaten Mamuju,Sulawesi Barat,Terbaik
Karampuang Island,Kabupaten Mamuju Tengah,Sulawesi Barat,Buruk
Bukit Layang,Kabupaten Gorontalo,Gorontalo,Terbaik
Air Terjun Milango Lo Jini,Kabupaten Bone Bolango,Gorontalo,Buruk
Wisata Kapal Pinisi Makassar,Kota Makassar,Sulawesi Selatan,Terbaik
Istana KARST,Kabupaten Maros,Sulawesi Selatan,Baik
Air Terjun Sali Sali,Kabupaten Pinrang,Sulawesi Selatan,Terbaik
Wisata Alam Panyili,Kabupaten Bone,Sulawesi Selatan,Baik
"Walimpong, Desa Barae",Kabupaten Soppeng,Sulawesi Selatan,Baik
Wisata Goa Batu Maupa,Kabupaten Enrekang,Sulawesi Selatan,Sedang
Air terjun Kulung-Kulung,Kabupaten Minahasa Selatan,Sulawesi Utara,Buruk
Air Terjun Tolei,Kabupaten Minahasa Selatan,Sulawesi Utara,Buruk
Wisata Gunung Kulon KotaNagaya,Kabupaten Parigi Moutong,Sulawesi Tengah,Baik
Telaga Liku mebubu,Kabupaten Kolaka,Sulawesi Tenggara,Terbaik
Wuna Waterfront City (WWC),Kabupaten Muna,Sulawesi Tenggara,Terbaik
Kebun bapa ijo,Kabupaten Muna,Sulawesi Tenggara,Buruk
Air Terjun Barrasa,Kabupaten Gowa,Sulawesi Selatan,Terbaik
MAROLAND,Kabupaten Barru,Sulawesi Selatan,Sedang
Patung Arung Palakka di situs Kelahiran,Kabupaten Soppeng,Sulawesi Selatan,Baik
Air Terjun Gamaccayya,Kabupaten Bulukumba,Sulawesi Selatan,Baik
Air terjun Tuangloe,Kabupaten Jeneponto,Sulawesi Selatan,Terbaik
Eduwisata Bahari BPPP Bitung,Kota Bitung,Sulawesi Utara,Sedang
Air Terjun Tonsealama,Kabupaten Minahasa,Sulawesi Utara,Buruk
Air terjun Soguo,Kabupaten Bolaang Mongondow Selatan,Sulawesi Utara,Buruk
Kolongko Beach,Kabupaten Morowali,Sulawesi Tengah,Terbaik
Danau Alani,Kabupaten Banggai Kepulauan,Sulawesi Tengah,Buruk
Monumen Teluk Lalong,Kabupaten Luwu,Sulawesi Selatan,Sedang
Danau Lemelu,Kabupaten Banggai Kepulauan,Sulawesi Tengah,Terbaik
Balai Kesenian Desa Campurjo,Kabupaten Polewali Mandar,Sulawesi Barat,Terbaik
Kolam Pancing Firtia Desa Lomaya,Kabupaten Bone Bolango,Gorontalo,Buruk
Danau Paku'E,Kabupaten Barru,Sulawesi Selatan,Sedang
Liang Tarrusu,Kabupaten Kepulauan Selayar,Sulawesi Selatan,Sedang
Air Terjun Bulu Langi,Kabupaten Enrekang,Sulawesi Selatan,Sedang
"Pantai COCONUT BEACH, lolak,Bolaang Mongondow Induk, Sulawesi Utara",Kabupaten Bolaang Mongondow,Sulawesi Utara,Buruk
Wonderfull Bolsel,Kabupaten Bolaang Mongondow Selatan,Sulawesi Utara,Buruk
SABODAM BANGGA 1,Kabupaten Sigi,Sulawesi Tengah,Terbaik
Desa Bungintende,Kabupaten Morowali,Sulawesi Tengah,Terbaik
Pantai FONUASINGKO,Kabupaten Morowali,Sulawesi Tengah,Buruk
Air terjun 801,Kabupaten Banggai,Sulawesi Tengah,Buruk
Makakata Beach,Kabupaten Banggai,Sulawesi Tengah,Terbaik
Makam Imam Syaban dan Lipuadino Lolantang,Kabupaten Banggai Kepulauan,Sulawesi Tengah,Baik
Pantai silopo,Kabupaten Polewali Mandar,Sulawesi Barat,Terbaik
Bendungan desa tabumela,Kabupaten Gorontalo,Gorontalo,Buruk
Leang Cina,Kabupaten Pangkajene Dan Kepulauan,Sulawesi Selatan,Buruk
Wisata Manyu-Manyu Campaga,Kabupaten Bantaeng,Sulawesi Selatan,Baik
hutan mangrove arungkeke,Kabupaten Jeneponto,Sulawesi Selatan,Sedang
Wisata Alam To'pinus Burasia,Kabupaten Tana Toraja,Sulawesi Selatan,Sedang
Tongkonan Layuk Ma'dika Bori',Kabupaten Toraja Utara,Sulawesi Selatan,Sedang
Pantai Benteng,Kota Palopo,Sulawesi Selatan,Sedang
Air terjun Liberia timur,Kabupaten Bolaang Mongondow Timur,Sulawesi Utara,Buruk
Wisata mangrove bete-bete,Kabupaten Morowali,Sulawesi Tengah,Buruk
Bukit CNGR,Kabupaten Morowali,Sulawesi Tengah,Buruk
"Batu Tiga, Tanjung Leok",Kabupaten Buol,Sulawesi Tengah,Sedang
Wisata Sawah Bapak Tompo,Kota Makassar,Sulawesi Selatan,Buruk
Pantai Mootame Dalapuli,Kabupaten Bolaang Mongondow Utara,Sulawesi Utara,Buruk
Pantai Popa,Kota Palu,Sulawesi Tengah,Buruk
Air Terjun Sarambu,Kabupaten Kolaka Utara,Sulawesi Tenggara,Terbaik
Bukit Bersantai,Kabupaten Bombana,Sulawesi Tenggara,Buruk
Bulano Perintis,Kabupaten Bone Bolango,Gorontalo,Baik
Air Terjun Kembar Kara'ngasa,Kabupaten Bantaeng,Sulawesi Selatan,Buruk
Pantai Kayu Bura,Kabupaten Parigi Moutong,Sulawesi Tengah,Buruk
Teluk Indah Desa Lalong,Kabupaten Banggai Kepulauan,Sulawesi Tengah,Sedang
Bukit Kromo Leksono,Kabupaten Gorontalo,Gorontalo,Buruk
Agrowisata Pangimba Bumdesa Taluduyunu,Kabupaten Pohuwato,Gorontalo,Sedang
"Pantai uwe buro, Palu",Kota Palu,Sulawesi Tengah,Buruk
Desa Pinogu,Kabupaten Bone Bolango,Gorontalo,Buruk
Wisata Sawah Golden Bridge,Kabupaten Mamasa,Sulawesi Barat,Buruk
Wisata Air Terjun,Kabupaten Pohuwato,Gorontalo,Sedang
Lembah wisata TMI,Kabupaten Gowa,Sulawesi Selatan,Baik
Pantai Babana,Kabupaten Luwu,Sulawesi Selatan,Buruk
Pantai Polongasa-Ds.Towondu,Kabupaten Luwu,Sulawesi Selatan,Buruk
Taman Wisata Alam Danau Towuti,Kabupaten Luwu Timur,Sulawesi Selatan,Baik
Pantai Wisata Citraland Palu,Kota Palu,Sulawesi Tengah,Buruk
LORONG WISATA SILVES,Kota Makassar,Sulawesi Selatan,Sedang
Tongkonan Mebali,Kabupaten Tana Toraja,Sulawesi Selatan,Sedang
Monumen Pendaratan Islam Lapandoso,Kabupaten Luwu,Sulawesi Selatan,Terbaik
Bukit Doa APKB,Kabupaten Minahasa Utara,Sulawesi Utara,Buruk
Bulu Nti,Kabupaten Sigi,Sulawesi Tengah,Terbaik
Bahamast Cottage,Kabupaten Poso,Sulawesi Tengah,Terbaik
Pantai Marina Ampana,Kabupaten Tojo Una-Una,Sulawesi Tengah,Buruk
Air Terjun Raptors,Kabupaten Banggai,Sulawesi Tengah,Terbaik
Air terjun penanggootu,Kabupaten Kolaka Timur,Sulawesi Tenggara,Baik
Pantai poltra,Kabupaten Bombana,Sulawesi Tenggara,Buruk
Pantai Yella,Kabupaten Wakatobi,Sulawesi Tenggara,Baik
SELFIE JEMBATAN AIR TERJUN,Kabupaten Bantaeng,Sulawesi Selatan,Sedang
Air Terjun Salassang,Kabupaten Enrekang,Sulawesi Selatan,Sedang
Pemandian Batu Kodok,Kabupaten Luwu,Sulawesi Selatan,Terbaik
Air Terjun LENSO,Kabupaten Minahasa Utara,Sulawesi Utara,Buruk
TERMINAL TRANSIT GUNUNG SOPUTAN,Kabupaten Minahasa Tenggara,Sulawesi Utara,Buruk
Air panas kelewaha,Kabupaten Minahasa Tenggara,Sulawesi Utara,Buruk
Tanjung Lelapide,Kabupaten Kepulauan Sangihe,Sulawesi Utara,Sedang
Pantai pasir putih,Kabupaten Tojo Una-Una,Sulawesi Tengah,Terbaik
Lalos,Kabupaten Tolitoli,Sulawesi Tengah,Baik
AIR TERJUN WONUA MOMAHE,Kabupaten Konawe,Sulawesi Tenggara,Terbaik
Wisata Pantai Swis,Kabupaten Buton,Sulawesi Tenggara,Sedang
Wisata Permandian Mata Rombia91,Kabupaten Buton Utara,Sulawesi Tenggara,Sedang
Wisata Mancing Karang Lamotu,Kabupaten Mamuju,Sulawesi Barat,Terbaik
Pantai Surya Galesong,Kabupaten Takalar,Sulawesi Selatan,Buruk
Camming,Kabupaten Barru,Sulawesi Selatan,Sedang
tempat mangcing ikan,Kabupaten Bone,Sulawesi Selatan,Baik
Munte desa Bontomatene,Kabupaten Jeneponto,Sulawesi Selatan,Sedang
Baku Bodo,Kabupaten Sinjai,Sulawesi Selatan,Baik
Pantai Pasir Putih MANGKET,Kabupaten Minahasa Utara,Sulawesi Utara,Buruk
Air Terjun KINAAPIAN,Kabupaten Minahasa Utara,Sulawesi Utara,Buruk
Bukit Teletubbies Rerer,Kabupaten Minahasa Utara,Sulawesi Utara,Buruk
Pingiran Danau Mokobang,Kabupaten Minahasa Selatan,Sulawesi Utara,Baik
Air Terjun Desa Poniki,Kabupaten Minahasa Tenggara,Sulawesi Utara,Sedang
Wisata Puncak Laine,Kabupaten Kepulauan Siau Tagulandang Biaro,Sulawesi Utara,Buruk
Tanjung Saroco,Kabupaten Kepulauan Talaud,Sulawesi Utara,Buruk
Tangga Pelangi Desa Puungkoilu,Kabupaten Morowali,Sulawesi Tengah,Buruk
Bungko Mbembang,Kabupaten Banggai Kepulauan,Sulawesi Tengah,Buruk
Pantai Malanggong (Matatas),Kabupaten Banggai Kepulauan,Sulawesi Tengah,Baik
Pantai Shaka,Kabupaten Kolaka,Sulawesi Tenggara,Terbaik
Bukit Mangkeluno,Kabupaten Muna,Sulawesi Tenggara,Buruk
Pantai Moluno,Kabupaten Buton,Sulawesi Tenggara,Buruk
Air terjun batu karoppa,Kabupaten Mamuju,Sulawesi Barat,Terbaik
Bukit Pamboang,Kabupaten Majene,Sulawesi Barat,Terbaik
Air Terjun Eran Batu,Kabupaten Polewali Mandar,Sulawesi Barat,Terbaik
Bonto Rea Village,Kabupaten Maros,Sulawesi Selatan,Buruk
Bulu Bohonglangi,Kabupaten Bone,Sulawesi Selatan,Sedang
Tugu Jam Watampone,Kabupaten Bone,Sulawesi Selatan,Buruk
Selayar Island,Kabupaten Kepulauan Selayar,Sulawesi Selatan,Buruk
Pantai Motto,Kota Bitung,Sulawesi Utara,Buruk
Gereja Bukit Moria,Kota Bitung,Sulawesi Utara,Sedang
Gunung Potong,Kabupaten Minahasa Tenggara,Sulawesi Utara,Buruk
Bukit Sofa,Kota Palu,Sulawesi Tengah,Buruk
Wisata Tebing Livutona,Kabupaten Donggala,Sulawesi Tengah,Baik
Gunung Tambusisi,Kabupaten Morowali Utara,Sulawesi Tengah,Terbaik
Pasir Timbul,Kabupaten Banggai Laut,Sulawesi Tengah,Buruk
Kampung Pelangi Tolitoli,Kabupaten Tolitoli,Sulawesi Tengah,Terbaik
PANTAI HUTAKALO,Kabupaten Gorontalo Utara,Gorontalo,Terbaik
Bukit ceria desa dunu,Kabupaten Gorontalo Utara,Gorontalo,Buruk
Kawasan wisata Yakkima arung kalola,Kabupaten Wajo,Sulawesi Selatan,Buruk
Puncak cinta kita,Kabupaten Soppeng,Sulawesi Selatan,Buruk
Pemandian Air Panas Bebba'e,Kabupaten Soppeng,Sulawesi Selatan,Buruk
Pantai Timur Ngapaloka,Kabupaten Kepulauan Selayar,Sulawesi Selatan,Buruk
Gunung landaka,Kabupaten Luwu Timur,Sulawesi Selatan,Sedang
"GPKDI ""Bukit Sion"" Girian",Kota Bitung,Sulawesi Utara,Buruk
Air terjun binjeita,Kabupaten Bolaang Mongondow Utara,Sulawesi Utara,Buruk
Air Terjun Matabulu,Kabupaten Bolaang Mongondow Timur,Sulawesi Utara,Buruk
"Pantai Timur, Jiko Belanga - Boltim",Kabupaten Bolaang Mongondow Timur,Sulawesi Utara,Buruk
Air Terjun Bidadari Kayaton Desa Bukaka,Kabupaten Bolaang Mongondow Timur,Sulawesi Utara,Buruk
Air Terjun Sura,Kabupaten Kepulauan Sangihe,Sulawesi Utara,Buruk
Air Terjun Ogololo,Kabupaten Donggala,Sulawesi Tengah,Buruk
Bukit Sunset Bou,Kabupaten Donggala,Sulawesi Tengah,Buruk
Air Terjun Ayus,Kabupaten Banggai,Sulawesi Tengah,Buruk
Pantai Labuan,Kabupaten Banggai Kepulauan,Sulawesi Tengah,Sedang
Wisata Pemandian Tuweley,Kabupaten Tolitoli,Sulawesi Tengah,Buruk
Goa Kolam Renang,Kabupaten Konawe Utara,Sulawesi Tenggara,Buruk
Pantai Miringan Desa Biluhu Barat,Kabupaten Gorontalo,Gorontalo,Buruk
Wisata Puncak Desa Towata (paralayang),Kabupaten Takalar,Sulawesi Selatan,Buruk
Wisata Bahari Politani Pangkep,Kabupaten Pangkajene Dan Kepulauan,Sulawesi Selatan,Baik
Galangan kapal phinisi Haji Abdullah Hassan,Kabupaten Bulukumba,Sulawesi Selatan,Buruk
Air Terjun To'dama Sangkaropi,Kabupaten Toraja Utara,Sulawesi Selatan,Buruk
Wisata Hungayono,Kabupaten Bone Bolango,Gorontalo,Sedang
Pantai Cempae,Kota Parepare,Sulawesi Selatan,Baik
Air Terjun Kaba Kaba,Kabupaten Pinrang,Sulawesi Selatan,Baik
Air terjun mawulelen pinaras,Kota Tomohon,Sulawesi Utara,Buruk
Air terjun Timbukar (Sapa),Kabupaten Minahasa,Sulawesi Utara,Sedang
Bendungan desa busato,Kabupaten Bolaang Mongondow Utara,Sulawesi Utara,Baik
Patung Buaya Palu,Kota Palu,Sulawesi Tengah,Buruk
Menara Pandang Paralayang Wayu,Kabupaten Sigi,Sulawesi Tengah,Sedang
PADANG MOLARA,Kabupaten Konawe Utara,Sulawesi Tenggara,Terbaik
Wisata Gn. Soputan,Kabupaten Minahasa Tenggara,Sulawesi Utara,Buruk
Pattiro Lappaloang,Kabupaten Donggala,Sulawesi Tengah,Buruk
Pantai Tanjung Molinow,Kabupaten Minahasa Selatan,Sulawesi Utara,Buruk
Air Terjun Likunggavali,Kabupaten Parigi Moutong,Sulawesi Tengah,Sedang
Pantai Karosondaya,Kabupaten Parigi Moutong,Sulawesi Tengah,Buruk
Pelabuhan loji,Kabupaten Parigi Moutong,Sulawesi Tengah,Sedang
Bukit Amdn Poso,Kabupaten Poso,Sulawesi Tengah,Baik
Pantai Bongo,Kabupaten Banggai Laut,Sulawesi Tengah,Terbaik
"Bukit ASA, Babo Anjam, Tolitoli, Sulteng",Kabupaten Tolitoli,Sulawesi Tengah,Sedang
Pantai Sausumangka,Kabupaten Buton,Sulawesi Tenggara,Sedang
Tanjung Losa (Bikini Bottom),Kabupaten Mamuju,Sulawesi Barat,Buruk
Wisata air terjun Bambatunu Kalukunangka,Kabupaten Pasangkayu,Sulawesi Barat,Baik
Air Terjun To' Sarambu,Kabupaten Toraja Utara,Sulawesi Selatan,Buruk
Situs Sejarah Ratu Oki,Kabupaten Minahasa Tenggara,Sulawesi Utara,Buruk
Pasir Putih,Kabupaten Tojo Una-Una,Sulawesi Tengah,Terbaik
Goa moko,Kota Baubau,Sulawesi Tenggara,Buruk
Pantai Panggulawu,Kabupaten Konawe Utara,Sulawesi Tenggara,Sedang
Bukit Sukun Bhayangkara 78,Kabupaten Mamuju Tengah,Sulawesi Barat,Baik
Wisata Alam & Kolam Renang WAE TUO TEMBO'E,Kabupaten Bulukumba,Sulawesi Selatan,Sedang
Luak Hutan Mangrove Kotabunan Selatan,Kabupaten Bolaang Mongondow Timur,Sulawesi Utara,Buruk
Pantai To Bolo Lia,Kabupaten Donggala,Sulawesi Tengah,Buruk
Puncak lakampufu,Kabupaten Muna,Sulawesi Tenggara,Buruk
Wisata kasiono oe,Kabupaten Muna,Sulawesi Tenggara,Buruk
Air Terjun Salo Rumpala,Kabupaten Sinjai,Sulawesi Selatan,Terbaik
"Bukit Tinggi Beach (Kakas,Minahasa)",Kabupaten Minahasa,Sulawesi Utara,Buruk
Danau Bunong,Kabupaten Bolaang Mongondow Timur,Sulawesi Utara,Buruk
Taman Bukit Kaluku,Kota Baubau,Sulawesi Tenggara,Baik
Masalili Hilltop,Kabupaten Muna,Sulawesi Tenggara,Buruk
WAM(wisata Air Meronga),Kabupaten Konawe Selatan,Sulawesi Tenggara,Buruk
Wisata Batu Kembar,Kabupaten Luwu Utara,Sulawesi Selatan,Terbaik
Wisata Bahari Batu Beranak,Kabupaten Konawe Selatan,Sulawesi Tenggara,Buruk
Dusun Londa,Kabupaten Enrekang,Sulawesi Selatan,Buruk
Pasabbeng,Kabupaten Luwu Utara,Sulawesi Selatan,Terbaik
Bukit Awan Wasuponda,Kabupaten Luwu Timur,Sulawesi Selatan,Buruk
Watu Tiwa Toar Lumimuut,Kabupaten Minahasa Selatan,Sulawesi Utara,Buruk
Tracking Mangrove Bumdes Mandiri Tabilaa,Kabupaten Bolaang Mongondow Selatan,Sulawesi Utara,Buruk
GMIST BUKIT KASIH,Kabupaten Kepulauan Sangihe,Sulawesi Utara,Buruk
Bukit Punggung Kuda Talise,Kota Palu,Sulawesi Tengah,Terbaik
Wisata Alam Goa Lembono Mata,Kabupaten Morowali,Sulawesi Tengah,Buruk
Bombana's Beach Garden,Kabupaten Bombana,Sulawesi Tenggara,Terbaik
Permandian kaaghi,Kabupaten Muna Barat,Sulawesi Tenggara,Buruk
kioko beach,Kabupaten Buton Utara,Sulawesi Tenggara,Terbaik
WISATA SALUKAILI,Kabupaten Pasangkayu,Sulawesi Barat,Terbaik
Pantai Barane Kiri,Kabupaten Majene,Sulawesi Barat,Sedang
Bukit Ceria,Kabupaten Bone Bolango,Gorontalo,Buruk
Alun-Alun Kab. Bone,Kabupaten Bone,Sulawesi Selatan,Terbaik
Pantai berjodoh,Kabupaten Jeneponto,Sulawesi Selatan,Buruk
Pantai Baloyya,Kabupaten Kepulauan Selayar,Sulawesi Selatan,Terbaik
Permandian Alam Lorong 2 Trans,Kabupaten Luwu Timur,Sulawesi Selatan,Sedang
Wisata Alam Rano Reindang Desa Leilem,Kabupaten Minahasa,Sulawesi Utara,Buruk
Pantai Pulau Kelapa Bungkutoko,Kota Kendari,Sulawesi Tenggara,Buruk
TUGU KUDA DESA LAILANGGA,Kabupaten Muna,Sulawesi Tenggara,Sedang
Pantai Wasampela,Kabupaten Buton,Sulawesi Tenggara,Sedang
Bukit tangga bali botutonuo,Kabupaten Bone Bolango,Gorontalo,Baik
Limboto Lake,Kabupaten Gorontalo,Gorontalo,Baik
Pantai Botuliodu,Kabupaten Bolaang Mongondow Selatan,Sulawesi Utara,Buruk
Wisata Air Terjun Desa Gangga,Kabupaten Parigi Moutong,Sulawesi Tengah,Buruk
Goa Tokubet,Kabupaten Banggai Laut,Sulawesi Tengah,Buruk
KOYO BEACH,Kabupaten Banggai Kepulauan,Sulawesi Tengah,Buruk
Air Terjun Sarassa,Kabupaten Enrekang,Sulawesi Selatan,Buruk
Pantai Sukamaju,Kabupaten Gorontalo Utara,Gorontalo,Buruk
Wisata JatiLodungga,Kabupaten Gorontalo,Gorontalo,Buruk
Pantai Motihelumo,Kabupaten Gorontalo Utara,Gorontalo,Buruk
Wisata Air Terjun Botuliodu,Kabupaten Bolaang Mongondow Selatan,Sulawesi Utara,Buruk
Wisata Pantai Nonong,Kabupaten Banggai,Sulawesi Tengah,Buruk
PUNCAK BABO ANJAM,Kabupaten Tolitoli,Sulawesi Tengah,Buruk
permandian toronipa,Kabupaten Konawe,Sulawesi Tenggara,Buruk
Desa Wisata Biring Ere,Kabupaten Pangkajene Dan Kepulauan,Sulawesi Selatan,Terbaik
Rise and Shine,Kota Parepare,Sulawesi Selatan,Terbaik
Bukit Alitta Madani,Kabupaten Pinrang,Sulawesi Selatan,Baik
Air terjun Talise,Kabupaten Bantaeng,Sulawesi Selatan,Buruk
Kuburan Alam Alla',Kabupaten Toraja Utara,Sulawesi Selatan,Sedang
Tugu Perang Dunia II,Kota Manado,Sulawesi Utara,Baik
Makam Raja Tadohe,Kota Kotamobagu,Sulawesi Utara,Baik
Air terjun muntoi( DAKOL ),Kabupaten Bolaang Mongondow,Sulawesi Utara,Buruk
Air Terjun Tudu Aog,Kabupaten Bolaang Mongondow,Sulawesi Utara,Buruk
Wisata PULAU PARA,Kabupaten Kepulauan Sangihe,Sulawesi Utara,Buruk
Wisata Kebun Bunga OVA,Kota Palu,Sulawesi Tengah,Terbaik
Pantai Batu Kapal,Kabupaten Banggai Kepulauan,Sulawesi Tengah,Sedang
BOLRE ATO BVULYUD,Kabupaten Buol,Sulawesi Tengah,Baik
Gerbang utama Masjid Al alam,Kota Kendari,Sulawesi Tenggara,Baik
Desa labengki,Kabupaten Konawe Utara,Sulawesi Tenggara,Sedang
Air Terjun Paralahune,Kabupaten Konawe Utara,Sulawesi Tenggara,Baik
air terjun lantangahi desa todanga,Kabupaten Buton,Sulawesi Tenggara,Baik
Air Terjun Doule,Kabupaten Buton Utara,Sulawesi Tenggara,Sedang
Wisata Bahari Leato,Kota Gorontalo,Gorontalo,Sedang
Huidu Boliyohuto,Kabupaten Gorontalo,Gorontalo,Baik
Air terjun mata tumpang,Kabupaten Gowa,Sulawesi Selatan,Sedang
Makam Raja-Raja Sanrobone,Kabupaten Takalar,Sulawesi Selatan,Buruk
Bulu Mallocie,Kabupaten Sidenreng Rappang,Sulawesi Selatan,Baik
Gunung Labokke,Kabupaten Luwu,Sulawesi Selatan,Baik
Kebun Tundo Wudan,Kota Bitung,Sulawesi Utara,Sedang
Wisata Pemandian Air Panas Desa Lowian,Kabupaten Minahasa Selatan,Sulawesi Utara,Baik
Air terjun bontoa,Kabupaten Banggai,Sulawesi Tengah,Buruk
Wisata permandian Purau,Kabupaten Kolaka Utara,Sulawesi Tenggara,Terbaik
BUKIT NIZAM,Kabupaten Mamuju,Sulawesi Barat,Terbaik
Pantai Pasir Putih Palipi Soreang,Kabupaten Majene,Sulawesi Barat,Terbaik
Pohon Keramat Baurung,Kabupaten Majene,Sulawesi Barat,Terbaik
Development Wisata Bahari Punagaya,Kabupaten Jeneponto,Sulawesi Selatan,Terbaik
Kawasan Wisata Buntu Sarira,Kabupaten Tana Toraja,Sulawesi Selatan,Terbaik
TANJUNG TAYAPU,Kabupaten Minahasa Utara,Sulawesi Utara,Buruk
Pantai Talowara,Kabupaten Kepulauan Talaud,Sulawesi Utara,Buruk
Agrowisata Bunti Ede Padende,Kabupaten Sigi,Sulawesi Tengah,Sedang
Pantai Sunset,Kabupaten Donggala,Sulawesi Tengah,Sedang
Desa Bosagon jaya,Kabupaten Parigi Moutong,Sulawesi Tengah,Terbaik
Aula Wisata Mangrove Matansala,Kabupaten Morowali,Sulawesi Tengah,Buruk
Air Terjun Akar Darah,Kabupaten Banggai,Sulawesi Tengah,Buruk
Pantai Asmara Tapandulu,Kabupaten Mamuju,Sulawesi Barat,Buruk
Pantai Sampaga,Kabupaten Mamuju,Sulawesi Barat,Terbaik
Wisata Alam Bukit Kappung Mammesa,Kabupaten Majene,Sulawesi Barat,Terbaik
Pantai Kassi' Bumbung,Kabupaten Jeneponto,Sulawesi Selatan,Sedang
Padang Savana Gunung labokke,Kabupaten Luwu,Sulawesi Selatan,Terbaik
"Air Terjun Pomoman, (Pomoman Waterfall)",Kabupaten Bolaang Mongondow,Sulawesi Utara,Terbaik
Air Terjun Desa Pannulan,Kabupaten Kepulauan Talaud,Sulawesi Utara,Sedang
Pantai Bahotonsu,Kabupaten Morowali,Sulawesi Tengah,Buruk
Danau Lapada,Kabupaten Konawe Utara,Sulawesi Tenggara,Terbaik
Pulau Bokori,Kabupaten Konawe,Sulawesi Tenggara,Buruk
Puncak sunrise saloadak,Kabupaten Mamuju Tengah,Sulawesi Barat,Baik
air terjun tiga lantai,Kabupaten Bantaeng,Sulawesi Selatan,Buruk
Gunung parimata,Kabupaten Toraja Utara,Sulawesi Selatan,Buruk
Buntu Tampo,Kabupaten Tana Toraja,Sulawesi Selatan,Buruk
Puncak Bora Palopo,Kota Palopo,Sulawesi Selatan,Buruk
Menara Pandang Bendungan Lolak,Kabupaten Bolaang Mongondow,Sulawesi Utara,Sedang
Puncak moat,Kabupaten Bolaang Mongondow Timur,Sulawesi Utara,Baik
PULAU LAMPU,Kabupaten Bolaang Mongondow Selatan,Sulawesi Utara,Buruk
Beach The Kalama Big,Kabupaten Kepulauan Sangihe,Sulawesi Utara,Sedang
Objek Wisata Pantai Mangaramba Beach,Kabupaten Kepulauan Talaud,Sulawesi Utara,Buruk
Goa Tu'a Molangke Tombiano,Kabupaten Tojo Una-Una,Sulawesi Tengah,Buruk
Air Terjun Pandakes,Kabupaten Tojo Una-Una,Sulawesi Tengah,Sedang
Pantai Kacili Surabi,Kabupaten Morowali,Sulawesi Tengah,Buruk
Wisata Alam Gua Pehabala,Kabupaten Morowali,Sulawesi Tengah,Buruk
Masjid ldii gunung jati kendari,Kota Kendari,Sulawesi Tenggara,Terbaik
BUKIT BUSEL,Kabupaten Buton,Sulawesi Tenggara,Buruk
Pembuat minyak kelapa mandar,Kabupaten Majene,Sulawesi Barat,Sedang
Wisata Pantai leato utara,Kota Gorontalo,Gorontalo,Buruk
Serambi Madinah,Kota Gorontalo,Gorontalo,Terbaik
Air terjun Batu Kapal,Kabupaten Pohuwato,Gorontalo,Sedang
BUKIT KEMBAR,Kabupaten Pohuwato,Gorontalo,Buruk
Wisata Alam Tombalan Desa Komara,Kabupaten Takalar,Sulawesi Selatan,Buruk
Air Terjun Nepo,Kabupaten Barru,Sulawesi Selatan,Terbaik
Wisata Buntu Dengen Kambo,Kota Palopo,Sulawesi Selatan,Sedang
BUKIT DOA MERAS,Kota Manado,Sulawesi Utara,Buruk
Saliran Beach,Kabupaten Kepulauan Talaud,Sulawesi Utara,Buruk
Air Terjun Pangasintoli,Kabupaten Donggala,Sulawesi Tengah,Buruk
Wisata Pantai Bahumbelu,Kabupaten Morowali,Sulawesi Tengah,Baik
Pantai bobolio,Kabupaten Konawe Kepulauan,Sulawesi Tenggara,Buruk
PUNCAK BAYY,Kabupaten Kolaka,Sulawesi Tenggara,Terbaik
Destinasi wisata Pemandian alam Telaga biru,Kabupaten Bombana,Sulawesi Tenggara,Baik
Pantai Ambabe,Kabupaten Mamuju Tengah,Sulawesi Barat,Terbaik
Kolam pattirotiroang,Kabupaten Sinjai,Sulawesi Selatan,Buruk
Taman Wisata Karangria,Kota Manado,Sulawesi Utara,Buruk
Otalojin (Batu jin),Kabupaten Gorontalo Utara,Gorontalo,Buruk
Pemandian Lomboan (Nonulo Bahari),Kabupaten Banggai Kepulauan,Sulawesi Tengah,Sedang
PANTAI BONDU BONDU,Kabupaten Konawe Selatan,Sulawesi Tenggara,Buruk
Pantai naina desa waturai,Kabupaten Konawe Kepulauan,Sulawesi Tenggara,Sedang
Buttu Pamboang,Kabupaten Majene,Sulawesi Barat,Sedang
Bukit Safari Luwu Timur,Kabupaten Luwu Timur,Sulawesi Selatan,Buruk
Wisata Bukit Asam sibedi,Kabupaten Sigi,Sulawesi Tengah,Buruk
Pantai Ombuo,Kabupaten Bone Bolango,Gorontalo,Buruk
A.M.R Shop,Kota Makassar,Sulawesi Selatan,Buruk
Bulu Lompongan,Kabupaten Pinrang,Sulawesi Selatan,Buruk
Puncak Gunung silanu,Kabupaten Jeneponto,Sulawesi Selatan,Buruk
Nagara Swimming Pool Bolmut,Kabupaten Bolaang Mongondow Utara,Sulawesi Utara,Buruk
Pantai dewi,Kabupaten Konawe Selatan,Sulawesi Tenggara,Sedang
Pantai Pasir Putih,Kabupaten Luwu Utara,Sulawesi Selatan,Buruk
Air Terjun Larowiu Meluhu Konawe,Kabupaten Konawe,Sulawesi Tenggara,Buruk
Empang Pariwisata Isma putra,Kabupaten Bulukumba,Sulawesi Selatan,Buruk
Air Terjun Sarambu,Kabupaten Luwu,Sulawesi Selatan,Buruk
Wisata Pantai Pasir Putih Wawontulap,Kabupaten Minahasa Selatan,Sulawesi Utara,Buruk
Danau Salendang Popidolon,Kabupaten Banggai Kepulauan,Sulawesi Tengah,Buruk
Sepeda air kendari,Kota Kendari,Sulawesi Tenggara,Buruk
Pantun Ikan Wisata Pemancingan,Kabupaten Polewali Mandar,Sulawesi Barat,Sedang
Air terjun Saluntere,Kabupaten Donggala,Sulawesi Tengah,Buruk
P3A Turikale Soreang Maros,Kabupaten Maros,Sulawesi Selatan,Terbaik
Wisata Bujung Mattimboe,Kabupaten Barru,Sulawesi Selatan,Terbaik
Wisata Gua Panincong,Kabupaten Barru,Sulawesi Selatan,Baik
Sungai Pulau Bongi,Kabupaten Sidenreng Rappang,Sulawesi Selatan,Terbaik
Pantai Desa Babana,Kabupaten Luwu,Sulawesi Selatan,Baik
Kolam pemancingan keluarga H. Jafar,Kabupaten Sidenreng Rappang,Sulawesi Selatan,Buruk
Bubung Cellu,Kabupaten Bone,Sulawesi Selatan,Terbaik
Pantai Ujung Kelapa,Kabupaten Kepulauan Selayar,Sulawesi Selatan,Buruk
Hutan Mangrove Gusung,Kabupaten Kepulauan Selayar,Sulawesi Selatan,Sedang
Bukit penantian,Kabupaten Tana Toraja,Sulawesi Selatan,Sedang
GUA KAMBUNO,Kabupaten Tana Toraja,Sulawesi Selatan,Baik
"Tongkonan Banua Sura', Limbong Ba'lele",Kabupaten Toraja Utara,Sulawesi Selatan,Terbaik
Buttu Saletta,Kabupaten Enrekang,Sulawesi Selatan,Baik
Kebun wisata strobery naylan,Kabupaten Enrekang,Sulawesi Selatan,Terbaik
Gunung Tabor,Kabupaten Luwu Timur,Sulawesi Selatan,Sedang
Agrowisata Kebun Nanas Ponda'ta,Kabupaten Luwu Timur,Sulawesi Selatan,Buruk
"Pulau Paniki, Desa Kulu Kec. Wori Kota Manado",Kabupaten Minahasa Utara,Sulawesi Utara,Sedang
Confident Shop,Kota Kotamobagu,Sulawesi Utara,Buruk
Inuai park,Kabupaten Bolaang Mongondow,Sulawesi Utara,Baik
Tumatenden,Kabupaten Minahasa Utara,Sulawesi Utara,Buruk
Puncak Rumochoy,Kabupaten Minahasa Tenggara,Sulawesi Utara,Sedang
Gunung Sahendaruman,Kabupaten Kepulauan Sangihe,Sulawesi Utara,Buruk
Bira Beach,Kabupaten Kepulauan Sangihe,Sulawesi Utara,Sedang
Kuma Beach,Kabupaten Kepulauan Talaud,Sulawesi Utara,Buruk
Air Terjun Uedele,Kabupaten Tojo Una-Una,Sulawesi Tengah,Buruk
Air Terjun Pesak,Kabupaten Banggai,Sulawesi Tengah,Baik
Speed Paisupok - Azzahra Tour & Travel,Kabupaten Luwu,Sulawesi Selatan,Baik
Pantai Bandara,Kabupaten Banggai,Sulawesi Tengah,Terbaik
Pantai Melambai,Kabupaten Banggai Laut,Sulawesi Tengah,Buruk
Makam Raja Sao Sao,Kota Kendari,Sulawesi Tenggara,Terbaik
Air Terjun Wawondiku,Kabupaten Konawe Utara,Sulawesi Tenggara,Terbaik
WISATA HUTAN PINUS BAINI (HPB),Kabupaten Konawe,Sulawesi Tenggara,Terbaik
Tambolosu Waterfall,Kabupaten Konawe Selatan,Sulawesi Tenggara,Terbaik
Danau Meleura,Kabupaten Muna,Sulawesi Tenggara,Terbaik
Gunung Ombo 1200 MDPL,Kabupaten Buton,Sulawesi Tenggara,Baik
Wisata alam lembah kunyi,Kabupaten Polewali Mandar,Sulawesi Barat,Baik
"Wisata Alam Nosu, Mamasa Regency, West Sulawesi",Kabupaten Mamasa,Sulawesi Barat,Terbaik
Desa Cahaya Biluhu Timur,Kabupaten Gorontalo,Gorontalo,Baik
Sunset Bollangi,Kabupaten Gowa,Sulawesi Selatan,Sedang
Pantai Pelelangan Ikan Maccini Baji,Kabupaten Pangkajene Dan Kepulauan,Sulawesi Selatan,Terbaik
Rumah simpang tiga Petta worongnge,Kabupaten Wajo,Sulawesi Selatan,Terbaik
Moncong Loka,Kabupaten Bantaeng,Sulawesi Selatan,Sedang
Hutan Campaga,Kabupaten Bantaeng,Sulawesi Selatan,Terbaik
Bukit Arung Bua,Kabupaten Sinjai,Sulawesi Selatan,Sedang
Balara Beach,Kabupaten Kepulauan Selayar,Sulawesi Selatan,Sedang
Enrekang Mountain Viewpoint,Kabupaten Enrekang,Sulawesi Selatan,Sedang
Pegunungan Verbeek,Kabupaten Luwu Timur,Sulawesi Selatan,Sedang
Paket Wisata Manado- Manggis Travel,Kota Manado,Sulawesi Utara,Sedang
Teluk Walenekoko,Kota Bitung,Sulawesi Utara,Sedang
Boulevart amurang,Kabupaten Minahasa Selatan,Sulawesi Utara,Sedang
Pante Kalou,Kabupaten Minahasa Selatan,Sulawesi Utara,Buruk
Hutan Mangrove,Kabupaten Bolaang Mongondow Timur,Sulawesi Utara,Buruk
Gereja Bukit Zaitun Tola,Kabupaten Kepulauan Sangihe,Sulawesi Utara,Buruk
Pantai Nanaka,Kabupaten Morowali,Sulawesi Tengah,Baik
Bukit Ceria Toipan,Kabupaten Banggai,Sulawesi Tengah,Baik
Pondok Budaya Ayus Piala,Kabupaten Luwu,Sulawesi Selatan,Sedang
AIR TERJUN TETENU,Kabupaten Banggai Kepulauan,Sulawesi Tengah,Sedang
Pantai Batugong,Kabupaten Konawe,Sulawesi Tenggara,Terbaik
Pantai Tanjung Tawatawaro,Kabupaten Konawe Selatan,Sulawesi Tenggara,Terbaik
"Wungkolo, Sulawesi Tenggara-Indonesia",Kabupaten Konawe Kepulauan,Sulawesi Tenggara,Baik
PUNCAK SATIRA,Kabupaten Mamuju Tengah,Sulawesi Barat,Terbaik
Bukit Garuda Negeri Diatas Awan BULO,Kabupaten Polewali Mandar,Sulawesi Barat,Sedang
"Wisata Alam Alla, Alla",Kabupaten Polewali Mandar,Sulawesi Barat,Baik
Air Terjun Bongoda'a,Kabupaten Gorontalo,Gorontalo,Buruk
"Wisata Maleu, DesaLobuto, Kec. Biluhu",Kabupaten Gorontalo,Gorontalo,Baik
Bukit Pinus (bupin),Kabupaten Bone Bolango,Gorontalo,Baik
Kolam renang vila desa,Kabupaten Boalemo,Gorontalo,Baik
Pantai Tengah Barombong,Kota Makassar,Sulawesi Selatan,Baik
Bulu Cepo,Kabupaten Wajo,Sulawesi Selatan,Buruk
Kawasan Wisata Bangsalae,Kabupaten Wajo,Sulawesi Selatan,Buruk
Pantai pasir putih Malboro,Kabupaten Bulukumba,Sulawesi Selatan,Sedang
Wisata Permandian Desa Pattallassang,Kabupaten Bantaeng,Sulawesi Selatan,Sedang
Bantaeng,Kabupaten Bantaeng,Sulawesi Selatan,Sedang
Kompleks Makam Raja Raja Binamu,Kabupaten Jeneponto,Sulawesi Selatan,Sedang
Desa Sepakat,Kabupaten Luwu Utara,Sulawesi Selatan,Terbaik
"Rumah Brando Di Film ""Senjakala di Manado""",Kabupaten Minahasa,Sulawesi Utara,Sedang
Bukit Jalan Tol Tumaluntung,Kabupaten Minahasa Utara,Sulawesi Utara,Sedang
Puncak Pilos,Kabupaten Bolaang Mongondow Utara,Sulawesi Utara,Buruk
Pantai Batuajara,Kota Baubau,Sulawesi Tenggara,Baik
Pantai Tondowolio,Kabupaten Kolaka,Sulawesi Tenggara,Terbaik
Ekowisata Taduno,Kabupaten Wakatobi,Sulawesi Tenggara,Buruk
Kolam Renang Tepi Sawah,Kabupaten Takalar,Sulawesi Selatan,Buruk
Buntu Sisong,Kabupaten Tana Toraja,Sulawesi Selatan,Buruk
Bukit Jokowi,Kabupaten Tana Toraja,Sulawesi Selatan,Buruk
Permandian Alam Makawa,Kabupaten Luwu,Sulawesi Selatan,Sedang
Hutan Kota Tutuyan,Kabupaten Bolaang Mongondow Timur,Sulawesi Utara,Baik
Air Terjun Ampa Doap,Kabupaten Kepulauan Talaud,Sulawesi Utara,Buruk
Pantai PELANGI,Kabupaten Parigi Moutong,Sulawesi Tengah,Buruk
Benteng Bebengketan,Kabupaten Banggai Kepulauan,Sulawesi Tengah,Baik
River Tubing Desa Wisata Malangga,Kabupaten Tolitoli,Sulawesi Tengah,Sedang
Pirsah,Kabupaten Kolaka,Sulawesi Tenggara,Terbaik
Bat-Bat Kota Raha,Kabupaten Muna,Sulawesi Tenggara,Terbaik
Bukit Paralayang Maddo,Kabupaten Barru,Sulawesi Selatan,Terbaik
Wisata Alam Labempa,Kabupaten Soppeng,Sulawesi Selatan,Buruk
Air Terjun Jammeng,Kabupaten Kepulauan Selayar,Sulawesi Selatan,Buruk
Bukit Teletubies Tappion Buakayu,Kabupaten Tana Toraja,Sulawesi Selatan,Terbaik
Dermaga Burau Pantai,Kabupaten Luwu Timur,Sulawesi Selatan,Buruk
Permandian Alam Silika Garden,Kabupaten Luwu Timur,Sulawesi Selatan,Sedang
Pantai Wisata Karang Lestari,Kabupaten Tojo Una-Una,Sulawesi Tengah,Buruk
Bukit ilham Wosu,Kabupaten Morowali,Sulawesi Tengah,Buruk
Air Terjun Hanga-Hanga,Kabupaten Banggai,Sulawesi Tengah,Buruk
Danau Dowiwi,Kabupaten Banggai,Sulawesi Tengah,Buruk
Wisata Permandian SINTOMU,Kabupaten Banggai,Sulawesi Tengah,Sedang
Pantai Pasir Panjang Mbuang-Mbuang,Kabupaten Banggai Kepulauan,Sulawesi Tengah,Buruk
Paisu Matano Tatakalai,Kabupaten Banggai Kepulauan,Sulawesi Tengah,Sedang
Batu Susun,Kabupaten Buol,Sulawesi Tengah,Buruk
Wisata Manggrove,Kabupaten Buton Selatan,Sulawesi Tenggara,Buruk
Wisata kolamku perumahan Ruby zamzam,Kota Parepare,Sulawesi Selatan,Baik
Permandian Kalola,Kabupaten Wajo,Sulawesi Selatan,Buruk
Bukit Saletta,Kabupaten Enrekang,Sulawesi Selatan,Buruk
Air Terjun Desa WiauLapi,Kabupaten Minahasa Selatan,Sulawesi Utara,Buruk
Air Terjun Bale,Kabupaten Donggala,Sulawesi Tengah,Buruk
Situs Cagar Budaya Makam Maradindo,Kabupaten Sigi,Sulawesi Tengah,Sedang
Pantai Masi,Kabupaten Parigi Moutong,Sulawesi Tengah,Buruk
Air terjun MARONDO (Waterfall),Kabupaten Tojo Una-Una,Sulawesi Tengah,Buruk
Wisata Bahari Karamba Tarantula Uwedikan,Kabupaten Banggai,Sulawesi Tengah,Sedang
Wisata karo-karo,Kabupaten Polewali Mandar,Sulawesi Barat,Terbaik
Wisata Alam sungai Karya Bone,Kabupaten Pohuwato,Gorontalo,Buruk
Air Terjun Kandera,Kabupaten Minahasa,Sulawesi Utara,Buruk
Wale Manguni,Kabupaten Minahasa,Sulawesi Utara,Buruk
Wisata Pantai,Kabupaten Kepulauan Talaud,Sulawesi Utara,Buruk
Bintang bahari,Kabupaten Morowali,Sulawesi Tengah,Buruk
Air terjun STB Kaleok,Kabupaten Polewali Mandar,Sulawesi Barat,Terbaik
Wisata Muara Desa Mappakassunggu,Kabupaten Takalar,Sulawesi Selatan,Baik
Air Terjun Sarmasi Leppangeng,Kabupaten Sidenreng Rappang,Sulawesi Selatan,Buruk
Air Terjun Sitodon,Kabupaten Enrekang,Sulawesi Selatan,Sedang
Pegunungan Tokala,Kabupaten Morowali Utara,Sulawesi Tengah,Sedang
Sewa Mobil Gorontalo Zahra,Kabupaten Gorontalo,Gorontalo,Buruk
Objek Wisata Mangrove Desa Buriko,Kabupaten Wajo,Sulawesi Selatan,Buruk
LIHUNU,Kabupaten Minahasa Utara,Sulawesi Utara,Buruk
Air Terjun Pelangi,Kabupaten Parigi Moutong,Sulawesi Tengah,Buruk
Bukit Moncong-Moncong (Bulser),Kabupaten Gowa,Sulawesi Selatan,Terbaik
Wisata Danau Satria Panrannuangku,Kabupaten Takalar,Sulawesi Selatan,Terbaik
Air terjun baruttung,Kabupaten Barru,Sulawesi Selatan,Terbaik
Gunung Lantiangoro,Kabupaten Barru,Sulawesi Selatan,Terbaik
Air Terjun Itto Sarasa,Kabupaten Pinrang,Sulawesi Selatan,Baik
Wisata Batu Tangnga,Kabupaten Sidenreng Rappang,Sulawesi Selatan,Buruk
Cahaya Berkah Abadi,Kabupaten Sidenreng Rappang,Sulawesi Selatan,Terbaik
Eduwisata Mangrove PKP Bone,Kabupaten Bone,Sulawesi Selatan,Baik
Minawo 2,Kabupaten Soppeng,Sulawesi Selatan,Terbaik
KOLAM PERMANDIAN BUKIT PELANGI,Kabupaten Bantaeng,Sulawesi Selatan,Baik
Pantai Tinonnong,Kabupaten Jeneponto,Sulawesi Selatan,Baik
Pasi Gusung Ecotourism,Kabupaten Kepulauan Selayar,Sulawesi Selatan,Buruk
Sunset View Mangrove Selayar,Kabupaten Kepulauan Selayar,Sulawesi Selatan,Sedang
Attalia Waterpool,Kabupaten Kepulauan Selayar,Sulawesi Selatan,Buruk
Bukit bau selatan,Kabupaten Tana Toraja,Sulawesi Selatan,Buruk
Permandia Matua Baru,Kabupaten Enrekang,Sulawesi Selatan,Sedang
Air Terjun Lena,Kabupaten Luwu Utara,Sulawesi Selatan,Terbaik
Desa Matano,Kabupaten Luwu Timur,Sulawesi Selatan,Terbaik
Air Terjun Tutuasan Desa Kauneran,Kabupaten Minahasa,Sulawesi Utara,Buruk
Air Terjun Teka'an Tincep,Kabupaten Minahasa,Sulawesi Utara,Buruk
Ekowisata Mangrove Desa Bahoi,Kabupaten Minahasa Utara,Sulawesi Utara,Sedang
Paket Wisata Likupang,Kabupaten Minahasa Utara,Sulawesi Utara,Buruk
LOKASI PENGHIJAUAN PEMKAB MITRA,Kabupaten Minahasa Selatan,Sulawesi Utara,Buruk
Air terjun pinosaula,Kabupaten Bolaang Mongondow Utara,Sulawesi Utara,Buruk
Taman Wisata Pantai Hesang,Kabupaten Kepulauan Sangihe,Sulawesi Utara,Sedang
Temboko Mini Wisata Siau,Kabupaten Kepulauan Siau Tagulandang Biaro,Sulawesi Utara,Buruk
Burias,Kabupaten Kepulauan Talaud,Sulawesi Utara,Buruk
TAMAN WISATA 9 MATA AIR MEBERE,Kota Palu,Sulawesi Tengah,Terbaik
Pantai Bamba,Kota Palu,Sulawesi Tengah,Terbaik
tebing sunset bonebula lifutona,Kabupaten Donggala,Sulawesi Tengah,Terbaik
Paisupuso Jaya,Kabupaten Banggai Laut,Sulawesi Tengah,Buruk
Pantai Amine wa Myriem,Kabupaten Banggai,Sulawesi Tengah,Terbaik
Pantai Batharagala,Kabupaten Konawe Utara,Sulawesi Tenggara,Terbaik
wisata mini kolong jembatan,Kabupaten Kolaka,Sulawesi Tenggara,Terbaik
Pantai Lantowua (small beach public),Kabupaten Bombana,Sulawesi Tenggara,Terbaik
Pemandian Vatu Meleve Lakambula,Kabupaten Bombana,Sulawesi Tenggara,Terbaik
Danau Cut Nyak Dien,Kabupaten Muna,Sulawesi Tenggara,Terbaik
Danau Moko 4,Kabupaten Muna,Sulawesi Tenggara,Terbaik
Keraton Kerajaan Muna,Kabupaten Muna,Sulawesi Tenggara,Terbaik
Benteng Liamokute,Kabupaten Muna,Sulawesi Tenggara,Terbaik
Danau Pasi Bungi,Kabupaten Buton,Sulawesi Tenggara,Terbaik
"Bukit Lambaulele, Desa Lapandewa, Kec. Lapandewa, Kab. Buton Selatan",Kabupaten Buton,Sulawesi Tenggara,Baik
Pantai Hongaha,Kabupaten Wakatobi,Sulawesi Tenggara,Baik
Waduk Bukit Cinta,Kabupaten Mamuju Tengah,Sulawesi Barat,Terbaik
Pantai Kire,Kabupaten Mamuju,Sulawesi Barat,Terbaik
Lorong Lembang Bunga,Kabupaten Polewali Mandar,Sulawesi Barat,Terbaik
Wisata Bahari Bakiyaluli,Kabupaten Boalemo,Gorontalo,Baik
Home Stay Mutiara Laut,Kabupaten Pohuwato,Gorontalo,Baik
Coppo Tille,Kabupaten Barru,Sulawesi Selatan,Terbaik
Desa Wisata Jembatan Pelangi Lagading Kab. Sidenreng Rappang,Kabupaten Sidenreng Rappang,Sulawesi Selatan,Sedang
Puncak bitung,Kabupaten Soppeng,Sulawesi Selatan,Buruk
Lake Seper,Kabupaten Minahasa Utara,Sulawesi Utara,Sedang
Pomantowan Passi,Kabupaten Bolaang Mongondow,Sulawesi Utara,Buruk
Wisata Mangrove Park Desa Bulo,Kabupaten Minahasa Utara,Sulawesi Utara,Buruk
Pantai El-Shaddai,Kabupaten Bolaang Mongondow,Sulawesi Utara,Buruk
PuLau Laga,Kabupaten Bolaang Mongondow Timur,Sulawesi Utara,Buruk
Pantai pemamengketang,Kabupaten Kepulauan Sangihe,Sulawesi Utara,Buruk
Bado White Sand Beach,Kabupaten Kepulauan Sangihe,Sulawesi Utara,Buruk
Nusa dolong,Kabupaten Kepulauan Talaud,Sulawesi Utara,Buruk
Bolo lia 1,Kabupaten Donggala,Sulawesi Tengah,Baik
Objek Wisata Gunung Batu Kapal,Kabupaten Parigi Moutong,Sulawesi Tengah,Terbaik
Bukit Matean Tina,Kabupaten Morowali,Sulawesi Tengah,Buruk
Bukit Langit Kota Luwuk,Kabupaten Banggai,Sulawesi Tengah,Baik
Kelapa Cabang,Kabupaten Buol,Sulawesi Tengah,Buruk
POCI,Kota Kendari,Sulawesi Tenggara,Sedang
Pantai Topa Sulaa,Kota Baubau,Sulawesi Tenggara,Sedang
Tebing ujung kota,Kota Baubau,Sulawesi Tenggara,Sedang
Basa island - Bombana,Kabupaten Bombana,Sulawesi Tenggara,Terbaik
Pantai Toromaginti,Kabupaten Bombana,Sulawesi Tenggara,Terbaik
Landuli,Kabupaten Bombana,Sulawesi Tenggara,Sedang
Danau Ubur-ubur,Kabupaten Muna,Sulawesi Tenggara,Buruk
BAT-BAT RAHA (Motewe),Kabupaten Muna,Sulawesi Tenggara,Buruk
Perahu diatas batu,Kabupaten Buton,Sulawesi Tenggara,Baik
Waburi Park Gazebo,Kabupaten Buton,Sulawesi Tenggara,Buruk
Matantahi,Kabupaten Buton Utara,Sulawesi Tenggara,Baik
Benteng Patua Tomia,Kabupaten Wakatobi,Sulawesi Tenggara,Sedang
Hutan Pinus Lenong,Kabupaten Mamasa,Sulawesi Barat,Sedang
Kampung Wisata KBS,Kabupaten Mamasa,Sulawesi Barat,Terbaik
Green Topejawa Coastal,Kabupaten Takalar,Sulawesi Selatan,Baik
gunung Nusantara,Kabupaten Pangkajene Dan Kepulauan,Sulawesi Selatan,Baik
Bulu Manarang,Kabupaten Pinrang,Sulawesi Selatan,Sedang
Lembah Impian Poti’tanayya,Kabupaten Jeneponto,Sulawesi Selatan,Baik
Gunung Tibembeng,Kabupaten Toraja Utara,Sulawesi Selatan,Sedang
Permandian Likubassi,Kabupaten Enrekang,Sulawesi Selatan,Buruk
Pantai Wisata Desa To'bia,Kabupaten Luwu,Sulawesi Selatan,Sedang
Air Terjun Bilatu,Kabupaten Luwu,Sulawesi Selatan,Buruk
Teluk Manado,Kota Manado,Sulawesi Utara,Buruk
air terjun taddolli,Kabupaten Sinjai,Sulawesi Selatan,Sedang
Buttu Lanjanan,Kabupaten Enrekang,Sulawesi Selatan,Sedang
Lante-lante,Kabupaten Luwu Utara,Sulawesi Selatan,Sedang
UD. divo sejaterah🌽,Kota Kotamobagu,Sulawesi Utara,Buruk
Pantai Ria Kolongan Beha,Kabupaten Kepulauan Sangihe,Sulawesi Utara,Buruk
Wisata alam panapa,Kabupaten Morowali Utara,Sulawesi Tengah,Sedang
Pantai kasosona,Kabupaten Buton,Sulawesi Tenggara,Buruk
Bukit Emot,Kabupaten Buton,Sulawesi Tenggara,Buruk
Bukit Peca,Kabupaten Mamuju,Sulawesi Barat,Sedang
Pantai Gudang Arang,Kabupaten Gorontalo Utara,Gorontalo,Buruk
Gunung bacukiki,Kota Parepare,Sulawesi Selatan,Sedang
Bukit Tongke Tongke ( Camping),Kabupaten Sinjai,Sulawesi Selatan,Buruk
Air Terjun Regesan Tinoor,Kota Tomohon,Sulawesi Utara,Buruk
GPDI Bukit Zaitun Hesang,Kabupaten Kepulauan Sangihe,Sulawesi Utara,Buruk
Pantai paranti Tabang,Kabupaten Kepulauan Talaud,Sulawesi Utara,Buruk
Pantai Pompole Tosale,Kabupaten Donggala,Sulawesi Tengah,Buruk
Bukit Eksis Matolele,Kabupaten Parigi Moutong,Sulawesi Tengah,Sedang
Tempat santai,Kabupaten Morowali,Sulawesi Tengah,Baik
Goa desa topogaro,Kabupaten Morowali,Sulawesi Tengah,Buruk
Tugu Lingkaran Hati Emas,Kabupaten Konawe Kepulauan,Sulawesi Tenggara,Buruk
Pantai Ilodulunga,Kabupaten Gorontalo Utara,Gorontalo,Buruk
Wisata Paccumikang,Kabupaten Jeneponto,Sulawesi Selatan,Buruk
Air Terjun Galung Paleng,Kabupaten Jeneponto,Sulawesi Selatan,Sedang
Air terjun salubi,Kabupaten Sigi,Sulawesi Tengah,Buruk
Air terjun penonoan,Kabupaten Mamuju,Sulawesi Barat,Buruk
Buttu Lamba,Kabupaten Polewali Mandar,Sulawesi Barat,Buruk
Pantai Tambu,Kabupaten Donggala,Sulawesi Tengah,Buruk
Gua Jepang Tikala Kumaraka,Kota Manado,Sulawesi Utara,Buruk
Hutan Kota Bonawang Kotamobagu,Kota Kotamobagu,Sulawesi Utara,Baik
Air Terjun Mangatasik,Kabupaten Minahasa,Sulawesi Utara,Buruk
"Gereja GMIBM Bukit Sion Dodap, Bersatu",Kabupaten Bolaang Mongondow Timur,Sulawesi Utara,Sedang
Tahuna Waterpark & Sport Center,Kabupaten Kepulauan Sangihe,Sulawesi Utara,Buruk
Wisata Pantai Talise Palu,Kota Palu,Sulawesi Tengah,Terbaik
Bendungan Desa Malonas Kec. Dampelas Kab. Donggala,Kabupaten Donggala,Sulawesi Tengah,Sedang
Goa tangkaboba,Kabupaten Poso,Sulawesi Tengah,Terbaik
Tonomini wisata,Kabupaten Poso,Sulawesi Tengah,Baik
Pantai Nikel Laterit,Kabupaten Morowali,Sulawesi Tengah,Terbaik
Tanggul Khayal,Kota Baubau,Sulawesi Tenggara,Sedang
Wisata Alam Lambandia,Kabupaten Konawe Selatan,Sulawesi Tenggara,Baik
Twin Lagoon,Kabupaten Konawe Utara,Sulawesi Tenggara,Terbaik
PANTAI KEI-KEI,Kabupaten Kolaka,Sulawesi Tenggara,Terbaik
Pantai Tampunabale,Kabupaten Muna,Sulawesi Tenggara,Baik
Cliff One Waara,Kabupaten Buton,Sulawesi Tenggara,Baik
Gong Perdamaian Nusantara - Mamuju,Kabupaten Mamuju Tengah,Sulawesi Barat,Buruk
Anjungan Pantai Kota Polewali,Kabupaten Polewali Mandar,Sulawesi Barat,Sedang
Air Terjun Didingga,Kabupaten Gorontalo Utara,Gorontalo,Buruk
Permainan alam bainang,Kabupaten Pinrang,Sulawesi Selatan,Baik
Spot foto ladang jagung Bukit Jati,Kabupaten Soppeng,Sulawesi Selatan,Sedang
Buntu Balebo,Kabupaten Luwu Utara,Sulawesi Selatan,Baik
WISATA GOA KALO DEWATA,Kota Palopo,Sulawesi Selatan,Baik
PANTAI SIDATE PAKUWERU,Kabupaten Minahasa Selatan,Sulawesi Utara,Buruk
Puncak Keletambal,Kabupaten Minahasa Tenggara,Sulawesi Utara,Buruk
Kawasan Wisata Sou Bauta,Kabupaten Sigi,Sulawesi Tengah,Sedang
Mangrove Ambelang,Kabupaten Banggai Kepulauan,Sulawesi Tengah,Sedang
Air Terjun Torotuo,Kabupaten Kolaka Utara,Sulawesi Tenggara,Baik
Danau Moko Putih,Kabupaten Muna,Sulawesi Tenggara,Buruk
Pantai Galetto,Kabupaten Polewali Mandar,Sulawesi Barat,Baik
Dermaga Padaria,Kabupaten Maros,Sulawesi Selatan,Buruk
Moncong Peda,Kabupaten Takalar,Sulawesi Selatan,Terbaik
Puncak lurayya,Kabupaten Bulukumba,Sulawesi Selatan,Sedang
Air Terjun Salu Kata,Kabupaten Toraja Utara,Sulawesi Selatan,Buruk
Wisata Kapal Karam Balantang,Kabupaten Luwu Timur,Sulawesi Selatan,Buruk
KTM Landevaso,Kabupaten Donggala,Sulawesi Tengah,Buruk
"Pantai Bolinaso, Desa Pelawa Baru",Kabupaten Parigi Moutong,Sulawesi Tengah,Sedang
Hutan Pinus Lantongke,Kabupaten Morowali,Sulawesi Tengah,Buruk
DANAU HITAM,Kabupaten Konawe Selatan,Sulawesi Tenggara,Terbaik
Wisata Alam Air Terjun Teppok,Kabupaten Sidenreng Rappang,Sulawesi Selatan,Sedang
Floating Houses Tempe Lake,Kabupaten Soppeng,Sulawesi Selatan,Buruk
Matua Waterpark,Kabupaten Enrekang,Sulawesi Selatan,Terbaik
Bukit Sapi',Kabupaten Tana Toraja,Sulawesi Selatan,Terbaik
"Gereja Katolik Paroki Hati Tak Ternoda Santa Perawan Maria, Makale",Kabupaten Tana Toraja,Sulawesi Selatan,Terbaik
Bukit Pasir,Kabupaten Toraja Utara,Sulawesi Selatan,Terbaik
Museum Landorundun,Kabupaten Tana Toraja,Sulawesi Selatan,Terbaik
Gunung Bawakaraeng,Kabupaten Gowa,Sulawesi Selatan,Terbaik
Hutan Pinus Camping Ground Lembanna,Kabupaten Gowa,Sulawesi Selatan,Terbaik
Pasar Rakyat Bolu,Kabupaten Toraja Utara,Sulawesi Selatan,Terbaik
