place_id,nama_pengulas,rating,waktu_ulasan,teks_ulasan
ChIJ7zfOEbACvy0RI8-2wSg57Sg,agus margono,5.0,2 bulan lalu,"Benteng Rotterdam Makassar adalah salah satu situs sejarah paling ikonik di Indonesia, terletak di pusat Kota Makassar, Sulawesi Selatan. Dibangun pada tahun 1545 oleh Raja Gowa ke-9, Daeng Matanre Karaeng Tumapa'risi' Kallonna, benteng ini awalnya bernama Benteng Ujung Pandang dan berfungsi sebagai pusat pertahanan Kerajaan Gowa-Tallo.

Sejarah Benteng Rotterdam :
Benteng ini mengalami perubahan signifikan setelah Perjanjian Bongaya pada tahun 1667, ketika Kerajaan Gowa-Tallo menyerahkannya kepada Belanda. Belanda kemudian mengubah nama benteng menjadi Fort Rotterdam, sebagai penghormatan kepada kota asal Laksamana Cornelis Speelman. Selama masa kolonial, benteng ini menjadi pusat pemerintahan, ekonomi, dan militer Belanda di wilayah timur Indonesia.

Fungsi dan Peran :
Benteng Rotterdam memiliki beberapa fungsi sepanjang sejarahnya, antara lain:
- Pusat Pertahanan : Sebagai benteng pertahanan Kerajaan Gowa-Tallo melawan serangan musuh.
- Pusat Pemerintahan : Sebagai pusat pemerintahan kolonial Belanda di Sulawesi Selatan.
- Penjara : Tempat penahanan Pangeran Diponegoro pada tahun 1830-1855.
- Museum : Sekarang menjadi Museum La Galigo, menampilkan koleksi artefak sejarah dan budaya Sulawesi Selatan.

Benteng Rotterdam adalah simbol sejarah dan budaya Makassar, serta destinasi wisata yang populer. Bentuknya yang unik, menyerupai penyu yang merangkak ke laut, membuatnya dikenal sebagai ""Benteng Penyu"" .
Tiket masuk Benteng Rotterdam Makassar adalah sebagai berikut:
- Dewasa : Rp 5.000
- Anak-anak : Rp 3.000
- Museum La Galigo : Rp 5.000 (atau Rp 7.500, tergantung sumber)
- Parkir Motor : Rp 3.000
- Parkir Mobil : Rp 5.000

Perlu diingat bahwa harga tiket masuk dapat berubah sewaktu-waktu, jadi pastikan bolomadyang dan sobatjalan untuk memeriksa informasi terkini sebelum berkunjung.✅️💯👍😁🇮🇩"
ChIJ7zfOEbACvy0RI8-2wSg57Sg,Kahar Forester,5.0,3 bulan lalu,"Singgah sejenak 25 December 2025

Benteng Fort Rotterdam bukan sekadar bangunan peninggalan sejarah, melainkan simbol perjalanan panjang Makassar sebagai pusat peradaban maritim di Indonesia Timur. Benteng ini mencerminkan dinamika kekuasaan, perlawanan, dan pertemuan berbagai budaya yang pernah mewarnai Sulawesi Selatan. Dari masa Kerajaan Gowa hingga era kolonial Belanda, Fort Rotterdam menjadi saksi bisu perubahan besar dalam sejarah bangsa.

Keunikan Fort Rotterdam terletak pada bentuk arsitekturnya yang menyerupai penyu, yang melambangkan kekuatan dan ketangguhan. Benteng ini tidak hanya berfungsi sebagai pertahanan militer, tetapi juga sebagai pusat pemerintahan, perdagangan, dan administrasi kolonial. Di balik dinding-dinding tebalnya, tersimpan kisah perjuangan rakyat Sulawesi Selatan, termasuk perlawanan Sultan Hasanuddin terhadap dominasi VOC.

Menurut pendapat saya, hingga saat ini Benteng Fort Rotterdam masih terjaga dengan cukup baik dan tetap menjadi salah satu ikon sejarah Kota Makassar yang membanggakan. Kondisi fisik bangunan, tata ruang, serta fungsi kawasan sebagai pusat edukasi dan kebudayaan menunjukkan adanya upaya pelestarian yang patut diapresiasi.

Namun demikian, Fort Rotterdam perlu terus dipertahankan dan dijaga, terutama seluruh nilai dan benda-benda kebudayaan yang ada di dalamnya. Pengawasan terhadap aset sejarah harus diperkuat untuk mencegah terjadinya pencurian, perusakan, maupun pemanfaatan yang tidak sesuai dengan nilai pelestarian. Benda-benda bersejarah bukan sekadar koleksi, melainkan bukti otentik perjalanan sejarah yang tidak tergantikan.

Selain itu, kebersihan kawasan Fort Rotterdam juga menjadi tanggung jawab bersama, baik pengelola maupun pengunjung. Lingkungan yang bersih dan tertata akan mencerminkan rasa hormat terhadap warisan budaya serta memberikan kenyamanan bagi siapa pun yang berkunjung. Menjaga Fort Rotterdam berarti menjaga identitas, sejarah, dan kebanggaan budaya Sulawesi Selatan untuk generasi yang akan datang."
ChIJ7zfOEbACvy0RI8-2wSg57Sg,andi juswantar,5.0,2 bulan lalu,"ternyata biaya masuknya gratis sodara sodara ku sekalian. pas mau masuk museum baru bayar 5000/org dewasa, 3000/org anak2.
puas lah jalan2 bareng keluarga. fasilitas umumnya juga tersedia, ada toilet sama masjid di dalam bentengnya."
ChIJ7zfOEbACvy0RI8-2wSg57Sg,dijay brian,5.0,4 bulan lalu,"Benteng Rotterdam dibangun pada tahun 1545 oleh Raja Gowa ke-IX, Daeng Matanre Karaeng Tumaparisi Kallonna. Pada tahun 1667, benteng ini jatuh ke tangan Belanda di bawah pimpinan Cornelis Speelman dan kemudian dinamai Fort Rotterdam untuk menghormati tempat kelahiran Speelman di Belanda.

Tempat yang luar biasa kaya akan sejarah! Benteng Rotterdam ini adalah situs cagar budaya yang terawat dengan sangat baik dan menawarkan wawasan mendalam tentang sejarah Makassar, baik dari masa Kerajaan Gowa-Tallo maupun era kolonial Belanda. Arsitektur bangunannya unik, jika dilihat dari udara menyerupai penyu yang merayap ke laut. Sangat direkomendasikan untuk kunjungan edukatif bersama keluarga. Tiket masuknya gratis. Wajib dikunjungi saat berada di Makassar"
ChIJ7zfOEbACvy0RI8-2wSg57Sg,Kusumastuti Rahmawati,5.0,3 bulan lalu,"Seneng banget bisa masuk Fort Rotterdam. HTM free. Tempatnya terawat dengan baik. Ada tour guide yang siap menjelaskan. Berbayar 100-150rb. Jika waktunya luang mending pake tour guide. Sambil foto2, sambil keliling benteng yang 7 hektar dan lihat museum di banyak gedungnya, kita bisa sambil belajar sejarah."
ChIJ7zfOEbACvy0RI8-2wSg57Sg,Rizka S.P,5.0,4 bulan lalu,"Tempatnya luas banget, bangunannya sebenarnya cantik , tapi ga semua dibuka dan beberapa dijadikan kantor. Pas masuk ruangan agak gelap. Waktu itu dateng mepet mau tutup jadi pas ditawarin guide, kami ga ambil. Sarannya, pengalaman dari kunjungan ke beberapa keraton di solo, guide dan tiket masuk diatur di sistem tiket jadi harga untuk guide sama rata."
ChIJ7zfOEbACvy0RI8-2wSg57Sg,Warsito Utomo,5.0,sebulan lalu,Indah dan terawat meskipun bangunan lama tapi bagus ala belanda eropa. Masuk gratis ngisi data diri saja di pso security
ChIJ7zfOEbACvy0RI8-2wSg57Sg,Mahdi,5.0,4 bulan lalu,"Benteng Rotterdam adalah salah satu destinasi sejarah paling menarik di Makassar yang wajib dikunjungi, terutama bagi pecinta budaya dan arsitektur kuno. Begitu memasuki kawasan benteng, suasana yang terasa adalah ketenangan sekaligus kekaguman terhadap bangunan peninggalan kerajaan Gowa-Tallo yang masih berdiri kokoh hingga sekarang. Struktur bangunannya yang khas bergaya Eropa namun tetap menyimpan sentuhan lokal membuat tempat ini tampak sangat fotogenik dan cocok untuk dijadikan lokasi swafoto.

Selain keindahan arsitekturnya, Benteng Rotterdam juga menyimpan nilai sejarah yang sangat berharga. Di dalamnya terdapat Museum La Galigo yang memuat berbagai koleksi tentang sejarah Sulawesi Selatan, mulai dari peninggalan kerajaan hingga budaya masyarakatnya. Pengunjung dapat belajar banyak hal tanpa merasa bosan karena penataan ruangannya yang rapi dan informatif.

Area benteng yang luas juga membuat suasana berjalan-jalan menjadi menyenangkan. Banyak spot menarik yang bisa dieksplorasi, termasuk taman-taman kecil yang memberikan kesan damai. Kebersihan lokasi juga cukup terjaga, sehingga pengunjung merasa nyaman selama berada di dalam benteng.

Secara keseluruhan, Benteng Rotterdam menawarkan pengalaman wisata sejarah yang edukatif, indah, dan penuh makna. Sangat direkomendasikan untuk wisata keluarga, pelajar, hingga turis yang ingin mengenal lebih dalam budaya Makassar."
ChIJ7zfOEbACvy0RI8-2wSg57Sg,Mohammad Habibi,5.0,5 bulan lalu,"tempat wisata sejarah yang sangat menarik mengenal sejarah sulawesi dan kerajaan² yang berperan di dalamnya 😁☺🔥🔥

untuk tiket masuk ke sini gratis, tetapi bila sewa tour guide +200 rb, kemudian ada tiket museum +5 rb/org, saat review ini dibuat ✅

di sini juga digunakan balai pelestarian budaya, di mana saat kami berkunjung, ada anak² pramuka yang sedang ada acara dan beberapa kelompok kesenian yang sedang berkegiatan 👌😃"
ChIJ7zfOEbACvy0RI8-2wSg57Sg,Tria Yuda Purnama,5.0,4 bulan lalu,Tempat dengan banyak sejarah. Masuknya gratis. Cukup luas dan terdiri dari beberapa gedung yang menjadi museum. Tersedia toilet & musholla didalam. Banyak koleksi barang bersejarah dan ruangan-ruangan dengan berbagai cerita.
ChIJW_XJxVOLvi0RF7doOR7veJ0,Rizz Fozz,3.0,8 tahun lalu,"Jika anda mencari ketenangan dan melihat koleksi kupukupu yang hidup liar, anda akan kecewa.

Karena kolekasi kupukupu hanya ada di tempat penangkaran saja, itupun dqlam akala yang kecil. Penangkaran besarnya tidak digunakan lagi, karena ada wahana sky bridge diatasnya dan banyak lubang di penangkarannya.

Jika anda berniat, mncari tempat sunyi untuk semedi, atau untuk tujuan mencari wangsit atau apalah namanya, mungkin bisa dijadikan rujukan karena disini ada kuburan (yang dikeramatkan???) dan banyak gua.

Tapi saya tidak rekomendasikan!!!

Cukupkan beribadah hanya sesuai dengan pemahaman (yang dicontohkan) oleh generasi terbaik Umat ini saja.

Atau

jika anda berniat dari awal hanya untuk mandi di air terjuan yang ada di dalam area taman nasional ini, mungkin anda akan senang.

Demikian."
ChIJW_XJxVOLvi0RF7doOR7veJ0,Iskandar Fauzi,4.0,8 tahun lalu,"Pas kesini pas nggak musim kupu kupunya...jadi lagi terbatas banget. Selin alam wisata kupu kupu disini banyak tersedia beberapa wisata selin kupu kupu...ada air terjunya, goa, dan hutan alamnya. Walau air terjun alami ini sangat deras sekali tetapi dibagian bawahnya bisa dibuat bermain dengan menggunakan ban....selanjutanya akan meluncur deras kebawah.....asiik banget ...seru...dan airnya juga jernih...tapi kalau lagi hujan deras sebaiknya jangan mencoba coba ya..khawatir terbawa arus derah dari sumber airnya. Selin itu hutannya yang masih alami dan aliran airnya sangat jernih kehijauan memberikan nuansa yang menyenangkan ....jalan menuju goa dengan berjalan menaiki undakan yang lumayan juga...tak terasa lelah krn kondisi alam yang menyenangkan. Goanya sih keren keren....bagus...pokoke kalau ke Makassar rasanya nggak lengkap kalau belum kesini...
Di area wisata ini banyak tersedia souvenir...dan makanan..."
ChIJW_XJxVOLvi0RF7doOR7veJ0,Dika 25,5.0,4 tahun lalu,"Cuaca di sini sangat adem dan asri🖤 cocok banget untuk spot foto, jarak yang jauh buat kegiatan tamasya jadi lebih menyenangkan, jalanan ke sana juga baik tidak rusak. Super recomended ke tempat ini. Saran saya ada baik nya jika petung yang rusak di renov dan jalan yang bisa di lalui masyarakat yg ingin berenang dan tidak ingin berenang di pisah karena lantai yang licin krn perenang berbahaya. Cinderamata disini juga termasuk murah dan baik di bawa pulang"
ChIJW_XJxVOLvi0RF7doOR7veJ0,Agung Bjn,3.0,setahun lalu,"sudah berulangkali ke lokasi ini
mulai sekitar tahun 2021
terlihat sepi dan banyak fasilitas yang terbengkalai, awalnya saya kira karena terdampak dengan pandemi
namun sampai dengan tahun 2024
tidak banyak berubah
mungkin sebaiknya ada perhatian serius dari pihak yang berwenang untuk menjadikan taman nasional ini menjadi destinasi wisata edukasi yang menarik"
ChIJW_XJxVOLvi0RF7doOR7veJ0,DWI SURYO,5.0,6 tahun lalu,"Taman bukit batu Karst sangat indah dan merupakan salah satu  keajaiban dunia tidak semua negara mempunyai bukit batu karst , anda akan menyesal di saat mempunyai waktu luang sedang berada di Makassar tidak menikmati bukit batu Karst karena tidak jauh dari bandara Hasanuddin Makassar hanya sekitar 45 menit menuju kota Maros anda sudah bisa menikmatinya"
ChIJW_XJxVOLvi0RF7doOR7veJ0,Satuherbal Official,5.0,7 tahun lalu,"Taman nasional yg merupakan salah satu tempat tujuan wisata yang menyuguhkan wisata alam berupa lembah bukit kapur yg curam dg vegetasi tropis,air terjun,dan gua yang merupakan habitat beragam spesies termasuk kupu kupu ( yang jualan souvernir kupu kupu mulai dr gantungan kunci, foto frame dll ) ademm sejuk syng sy tidak naik ke atas, ke guanya"
ChIJW_XJxVOLvi0RF7doOR7veJ0,Nandang Sofyan,5.0,7 tahun lalu,"tempat yang cocok untuk kumpul bersama keluarga harga tiket orang dewasa 25 ribu disana kita bisa menikmati keindahan alam diantaranya air terjun, terdapat beberapa gua salah satunya gua mimpi yang bisa tempbus ke belakang objek wisata selain itu ada danau yg indah...."
ChIJW_XJxVOLvi0RF7doOR7veJ0,Riyanto Arbie [cak rye],4.0,8 tahun lalu,"Wisata alam Bantimurung dapat ditempuh dari pusat kota makasar kurang lebih 1 jam perjalanan.. disini sangatlah lengkap ada air terjun, goa dan danau.. terkenal dengan berbagai macam kupu-kupu dan kumbang. cindra mata kupu-kupu yang diawetkan menjadi andalan obyek wisata ini."
ChIJW_XJxVOLvi0RF7doOR7veJ0,Linda Septiyono,4.0,8 tahun lalu,Lokasi wisata yg wajib dikunjungi nih klo ke Makassar....pemandangannya bagus... tapi toilet lebih diperhatikan lagi kebersihannya...selain air terjun dan mandi2 kita juga bisa liat penangkaran kupu2 aneka warna
ChIJW_XJxVOLvi0RF7doOR7veJ0,Andi Hairuddin,5.0,Diedit 2 tahun lalu,"Cagar budaya yg sebaiknya dijaga dan dilestarikan agar kelak anak cucu kita masih dapat melihatnya.
Semoga tetap menjadi perhatian dan perlindungan pemerintah .."
ChIJqT4iSqHpky0RKXyR5A7BxFk,Rully Iriana,5.0,5 bulan lalu,"Salah satu spot wisata yang wajib dikunjungi kalau berkunjung ke Tana Toraja.
Tiket masuk wisatawan domestik 20rb
Tiket masuk turis mancanegara 35rb
Biaya parkir sudah termasuk tiket masuk kawasan.

Pengunjung dapat menaiki tangga area makan  yang ada di atas.
Sebaiknya berkunjung dipagi hari karena udaranya masih sejuk.

Banyak kios kios yang menjual cinderamata dengan harga yang lebih murah daripada toko oleh oleh yang ada di pusat kota Rantepao atau Torajanya, bahkan ada beberapa souvernir seperti pisau /parang khas Toraja kalau bisa nawar bisa lebih murah dari harga marketplace dan barang yang dijual pun tersedia berbagai macam kualitas dan bahan,
selisih harganya lumayan juga dan penjualnya ramah ramah dan bersahabat."
ChIJqT4iSqHpky0RKXyR5A7BxFk,Restye Christian,5.0,2 bulan lalu,"Tempatnya bgus sekali buat melihat adat Toraja, ada Liang (pemakaman tebing kuno), Tongkonan dan Alang. Kemarin kesini pas hri libur sdah selesai jadi lebih leluasa ngambil gambar."
ChIJqT4iSqHpky0RKXyR5A7BxFk,spiciriana,5.0,3 bulan lalu,Htm 20k/orng +5k untuk motor. Tidak bisa di deskpripsikan bagus banget walaupun ramai. Sayang tidak bisa foto ditengah waktu itu karna banyak bnget orng
ChIJqT4iSqHpky0RKXyR5A7BxFk,obed nego,5.0,3 bulan lalu,Tempatnya bagus dan cocok untuk menikmati rumah Tongkonan. Kuburan batu ditempat ini tidak sebesar yang ada DI Londa. Sepanjang jalan bnyk toko2 survenir. Saya merekomendasikan tempat ini karna budaya dan spot foto rumah Tongkonan yg bagus.
ChIJqT4iSqHpky0RKXyR5A7BxFk,riena rie,5.0,5 bulan lalu,"Salah satu tempat bersejarah di Toraja yang wajib dikunjungi. Tempat yang menyimpan begitu banyak misteri, adat istiadat yang sudah berlangsung ratusan tahun. Tengkorak dapat kita lihat jika naik ke atas, kita juga akan masuk ke dalam goa yang diharuskan menggunakan tour gide agar bisa menjelaskan tentang goanya. Goa dengan stalaktit aktif sehingga licin dan perlu penerangan. Sangat tertarik dengan adat dan budaya Toraja lebih jauh saat berkunjung ke sini."
ChIJqT4iSqHpky0RKXyR5A7BxFk,Hasan Basri,5.0,4 bulan lalu,"Ikon wisata di Toraja, biasanya para pelancong yang dari luar Toraja akan berkunjung ke tempat ini..

Lingkungan yang rindang, udara yang sejuk, pemandangan yang sangat memanjakan mata.. bangunan yang tertata rapi juga sambutan masyarakat setempat yang ramah..

Selain kita bisa melihat rumah tongkonan, juga ada beberapa makam masyarakat Toraja yang ditempatkan pada Goa-goa yang ada di bagian belakang..

Tersedia akses jalan dan tanggah bagi para pengunjung yang ingin ke atas, yah selain wisata juga menghilangkan rasa penasaran akan tempat ini..

Tersedia juga beberapa kios yang menjual pernak-pernik serta oleh-oleh khas Toraja.. cocok untuk yang suka belanja oleh-oleh khas Toraja."
ChIJqT4iSqHpky0RKXyR5A7BxFk,dijay brian,5.0,4 bulan lalu,"Pengalaman yang luar biasa dapat melihat tradisi unik pemakaman, untuk bisa  masuk ke Goa harus dipandu oleh guide dengan menyewa lampu seharga 50k dan tips"
ChIJqT4iSqHpky0RKXyR5A7BxFk,Ridwan Hidayat,5.0,3 bulan lalu,"Selama menyiapkan rencana perjalanan ke Toraja, salah satu tujuan utamanya adalah Kete' Kesu ini
Pas datang ternyata melebihi ekspektasi, tadinya cuma tau jejeran Rumah Tongkonan unik, tapi ternyata ada pemakaman tua diatas tebing juga
What an amazing journey"
ChIJqT4iSqHpky0RKXyR5A7BxFk,Azisah Satriani,4.0,2 bulan lalu,"Suasana masih sangat asri. Terdapat kompleks tongkonan yang menjadi destinasi wisata untuk berfoto. Ada juga museum dan pemakaman. Di area pemakaman, ada tangga untuk melihat beberapa kuburan londa. Mirip di Gua Londa tapi versi lebih sedikit. Sepanjang jalan ada penjual souvenir dengan harga terjangkau untuk oleh-oleh"
ChIJqT4iSqHpky0RKXyR5A7BxFk,Ince Rahmi,5.0,4 bulan lalu,"Wajib Dikunjungi! Ke'te' Kesu' adalah gambaran lengkap budaya Toraja, dari arsitektur Tongkonan yang megah hingga makam batu yang bersejarah.😍🤗"
ChIJXeflmUcreTIRThXj-qplVcA,mulya uya,5.0,Diedit 9 bulan lalu,"Menara Keagungan Limboto yang disebut copyan menara Eiffel di Paris,Prancis ini adalah menara terindah di Gorontalo, recommended banget dikunjungi di malam hari karena menara ini memiliki lampu yang berwarna warni, menara juga bisa dinaiki sampai puncak menara dan disini kita bisa menikmati pemandangan kota Gorontalo dari atas puncak menara, oiya jangan khawatir disekitar menara juga terdapat masjid dan banyak pedagang yang berjualan"
ChIJXeflmUcreTIRThXj-qplVcA,loran Sinurat,5.0,10 bulan lalu,"Tanpa ribet harus ke Paris, cukup low budget aja ada di Gorontalo kalo mau ngopi santai di bawah ada tdt kopi serasa lagi di jogja😁"
ChIJXeflmUcreTIRThXj-qplVcA,unlimited YouTube,4.0,setahun lalu,"Suasana bagus udara sejuk siang maupun dimalam hari, penjual jajanan banyak kalo mlm hari siangnya cuma sedikit"
ChIJXeflmUcreTIRThXj-qplVcA,Jeffrey Claudius,5.0,setahun lalu,"Menara Keagungan Limboto🗼: Ikon Gorontalo yang Wajib Dikunjungi.

Di tengah Kota Limboto, Kabupaten Gorontalo, berdiri sebuah menara megah yang menjadi kebanggaan masyarakat setempat—Menara Keagungan Limboto. Menara ini dibangun dari konstruksi baja dengan ketinggian 65 meter, menyerupai Menara Eiffel di Paris.

Keunikannya membuat Menara Keagungan Limboto menjadi salah satu simbol kota yang ikonik dan destinasi wisata favorit di Provinsi Gorontalo. Banyak wisatawan datang untuk menikmati pemandangan kota dari ketinggian, sekaligus merasakan suasana khas Limboto yang penuh kehangatan.

Dengan pesona arsitektur dan nilai simboliknya, Menara Keagungan Limboto bukan hanya sekadar bangunan. Menara ini menjadi tempat yang wajib Anda kunjungi saat menjelajahi Gorontalo!"
ChIJXeflmUcreTIRThXj-qplVcA,Yasin Umar,4.0,setahun lalu,"Menara yang indah dengan sejuta keagungannya yang menyimpan banyak sejarah akan kejayaan gorontalo.
Tak bisa hanya di nilai dengan kata kata, sangat merasa bangga menjadi anak kelahiran gorontalo tercinta🤩"
ChIJXeflmUcreTIRThXj-qplVcA,Phylicia Christie,5.0,Diedit setahun lalu,"Tempat yang ramai ketika akhir pekan
Bagus untuk nongkrong bersama keluarga atau teman
Tersedia banyak rumah kopi dan rumah makan
Yang hanya ingin santai juga bisa duduk di sekitaran mesjid"
ChIJXeflmUcreTIRThXj-qplVcA,Falentino Bento,5.0,sebulan lalu,"Cuman ini yang bukti untuk kisahku nanti🫡
Dari Timor Leste Samlai kesini …"
ChIJXeflmUcreTIRThXj-qplVcA,Meldi Koni,5.0,4 bulan lalu,"Sangat indah di jadikan tempat pengambilan dokumentasi, terutama pada malam minggu.
Pasti banyak kaula muda duduk dan makan disekitar menara
Kenapa malam minggu, karena pada malam itu lampu di menara dinyalakan dan terlihat sangat indah karena lampunya ber macam-macam warna"
ChIJXeflmUcreTIRThXj-qplVcA,Ryan lim,3.0,setahun lalu,"Kondisi taman di malam hari begitu gelap, sangat kurang penerangan, tidak begitu cocok utk yang orang orang difabel, kurangnya tempat duduk, tiap tempat duduk yg disediakan hanya utk 2 orang."
ChIJXeflmUcreTIRThXj-qplVcA,Abdul Moenir,5.0,5 bulan lalu,Mengingatkan kita kepada pemimpin daerah pada waktu itu yg berusaha untuk membuat replika dan saat ini kita menikmati karya itu. Doa selalu menyertai pak Bupati...
ChIJk0JLwrnivi0R-CtMG-aENT8,Do don,4.0,Diedit 2 tahun lalu,"Selalu ramai di pagi dan sore hari.. salah satu RTH yg di manfaatkan masyarakat sekitar untuk jogging, olahraga, kumpul keluarga. Ada lapangan tenis, jogging track, panggung.. area cukup luas untuk berbagai aktivitas. Letaknya juga di pusat kota. Mudah di temukan. Untuk lapangan parkir tidak begitu luas."
ChIJk0JLwrnivi0R-CtMG-aENT8,amaliah amir,4.0,2 tahun lalu,"Taman yang terletak di jalan pettarani ini sangat ramai saat hari sabtu minggu pagi tapi banyak juga yang olahraga di hari biasa saat sore.

Tempatnya rindang karena banyak pepohonan, ada alat olahraga dan alat bermain anak cuma harus gantian karena jumlahnya sedikit. Ada juga tempat duduk buat yang capek setelah lari. Banyak kedai makanan juga

Parkir disini masih dikenakan parkir untuk motor (2k), ada penjual minuman di dekat portal masuk, tapi ada anjing berkeliaran jadi agak was-was untuk yang muslim"
ChIJk0JLwrnivi0R-CtMG-aENT8,Winanda 'Imran,3.0,setahun lalu,Cocok untuk berolahraga di pagi/sore hari. Jogging tracknya cukup bagus. Hanya saja beberapa fasilitas seperti playground dan alat² olahraga yang kurang terawat.
ChIJk0JLwrnivi0R-CtMG-aENT8,Burhan Burche,5.0,10 bulan lalu,"Berbagilah selalu dengan perbuatan Ikhlas-mu untuk suatu kehidupan yang bemanfaat, tanpa harus engkau berharap imbalan serta pujian, sebab derajat seseorang bukan hanya dilihat dari kesuksesan apa yang telah diraihnya, tetapi sebaliknya, apa yang pernah engkau perbuat dan telah engkau berikan yang terbaik untuk orang-orang yang sungguh membutuhkannya."
ChIJk0JLwrnivi0R-CtMG-aENT8,Alexander Iwan,4.0,5 bulan lalu,"Tempat ini merupakan publik umum di tengah kota yg bagus dioptimalkan bisa sbg tempt olahraga krn mempunyai track utk jogging, main tennis, latihan beban, lapangan serta banyak pepohonan yg besar & banyak sehingga membuat teduh."
ChIJk0JLwrnivi0R-CtMG-aENT8,Rena Kyaa,5.0,setahun lalu,"Tamanya bersih dan lumayan terawat. Beberapa fasilitas olahraga layak digunakan. Ada lapangan tenis, panjat tebing dan area bermain anak anak. Cocok untuk jalan pagi dan acara bazar"
ChIJk0JLwrnivi0R-CtMG-aENT8,Ala Bariklana,5.0,5 tahun lalu,"Taman kota area Panakukkang, di Makassar taman yang paling lengkap untuk sarana olah raga mungkin disini, ada lapangannya, ada Playground nya, ada lapangan tenis, jalur lari, sampe alat alat fitness outdoor. Taman nya asri, meski rumputnya tidak terawat betul, tapi cukuplah untuk menghilangkan penat."
ChIJk0JLwrnivi0R-CtMG-aENT8,Imam Budiman,4.0,3 tahun lalu,"Salah satu alternatif ruang terbuka hijau di pusat kota Makassar, terletak di pinggir jalan protokol. Tamannya lumayan luas dengan sejumlah fasilitas yang cukup mendukung seperti playground area untuk anak, lapangan tenis, trek jogging, dan tribun. Hanya saja bagi yang ingin jogging atau olahraga lari, treknya agak sempit dan agak susah untuk memaksimalkan kecepatan karena jalurnya kebanyakan dipakai buat jalan santai."
ChIJk0JLwrnivi0R-CtMG-aENT8,Coach Sabran,5.0,2 tahun lalu,"Nyaman untuk joging, saya suka kesini kalau lagi sepi atau saat hari kerja. Apalagi ada wahana bermain anak-anak, main pasir dll

Hanya saja beberapa sarana bermain dan olahraga disini, sudah perlu dibenahi. Semoga segera diperbaiki..."
ChIJk0JLwrnivi0R-CtMG-aENT8,Irwan 88,5.0,6 bulan lalu,"Tempat jogging terbaik saat ini, lengkap taman bermain untuk anak. Hanya fasilitas olahraga sudah perlu di ganti karna semua pada rusak."
ChIJaaT-uKcCvy0RBBNAZ-7QN_Q,Andi Rizaldi Pratama,5.0,6 bulan lalu,"Masjid dengan fasilitas yang lengkap, cocok didatangi saat hari besar ataupun ibadah mingguan karena kapasitas yang besar dan tetap sejuk, memiliki tempat wudhu yang luas.
Terdapat Al Quran yang sangat besar dan ambience lokasi yang sangat cantik"
ChIJaaT-uKcCvy0RBBNAZ-7QN_Q,daeng uchy,5.0,7 bulan lalu,"Masjid Raya Makassar
Masjid Raya Makassar yang terletak di jalan masjid Raya atau jalan andalas dan atau jalan Bandang karena berada pada posisi 3 jalan tersebut, adalah masjid bersejarah dan ikonik di kota Makassar, Sulawesi Selatan. Masjid ini mengalami renovasi yang kini memiliki gaya arsitektur Mediterania yang megah dan indah.

Sekarang Masjid ini memiliki dua lantai yang sangat luas, selain tempat ibadah juga banyak dimanfaatkan pada kegiatan lainnya. serta adanya fasilitas perpustakaan dan kantor Majelis Ulama Indonesia (MUI) Sulawesi Selatan. juga memiliki daya tarik dari segi arsitektur, terutama dua menara setinggi 66,66 meter dan kaligrafi yang menghiasi dinding dan langit-langitnya."
ChIJaaT-uKcCvy0RBBNAZ-7QN_Q,Noval Bdl,5.0,4 bulan lalu,saya Driver Travel Lintas Gorontalo Makassar tidak sengaja singgah di masjid ini Alhamdulillah masjid ini bagus sekali fasilitas nya lengkap pokoknya aman nyaman bersih pastinya 👍👍👍 …
ChIJaaT-uKcCvy0RBBNAZ-7QN_Q,muhammad thalib,5.0,11 bulan lalu,"Selain sebagai salah satu masjid terindah di kawasan Indonesia Timur, Masjid Raya Makasar juga merupakan saksi bisu sejarah bagi masyarakat Makassar yang pada masa penjajahan selalu dipecah belah menjadi berbagai golongan, aliran, dan organisasi agar tidak bersatu menghimpun kekuatan. Usaha untuk membangun masjid besar yang bisa menampung ribuan jamaah pun selalu dihalang-halangi.

Kekhawatiran penjajah kala itu memang terbukti. Setelah masjid ini digunakan pada Agustus 1949 terjadi sentralisasi kekuatan umat Islam untuk melawan penjajah. Sentralisasi ini dimulai dari bersatunya aktivitas beribadah umat setelah sebelumnya tercerai berai di sejumlah masjid-masjid kecil.

Masjid ini memang sudah didesain besar dan megah sejak awal pendiriannya. Konon seorang jurnalis asing yang mengunjungi masjid ini pada tahun 1949 menulis bahwa inilah masjid terbesar di di Asia Tenggara saat itu. Bangunan induknya saja dapat menampung hingga lO.OOOjamaah dan jika digabung dengan halaman masjid, bahkan dapat mencapai 50.000 jamaah.

Pertama kali dirancang oleh arsitek Muhammad Soebardjo setelah memenangi sayembara yang digelar panitia pembangunan Masjid Raya. Kala itu, Soebardjo menampilkan bentuk menyerupai badan pesawat terbang. Ini terinspirasi dari pengamatannya terhadap masyarakat Makassar yang tengah dihantui ketakutan karena pesawat pengebom B-29 yang selalu melayang-layang di atas kota.

Selang tiga puluh tahun kemudian, Masjid Raya sudah mulai rapuh dan bocor di beberapa bagian, terutama di atap dan kubah. Dari hari ke hari, struktur keseluruhan bangunan semakin terpengaruh. Beberapa kali renovasi parsial sempat dilakukan, namun tidak menghasilkan bangunan yang solid, kokoh, dan optimal.

Terhitung sejak Februari 2009, perombakan besar-besaran atas bangunan masjid ini pun dimulai dengan konsep dasar untuk menjadikan bangunan Masjid Raya Makassar menjadi lebih kokoh, megah, indah, dan modern.

Hasil pembaruan itu dapat dinikmati sekarang. Masjid yang megah dan indah ini sekilas mirip dengan masjid dari Timur Tengah karena memiliki sentuhan arsitektur mediteranian.

Dengan kombinasi tiga warna dasar; krem yang mencirikan warna alam (natural) dan cocok dipadukan dengan warna apa saja, hijau yang melambangkan keislaman, serta hitam (warna Kabah), masjid yang 80% bahannya asli Sulawesi Selatan tersebut terlihat sangat asri.

Dari segi konstruksi, Masjid Raya Makassar memanjakan jamaah sehingga dapat menikmati sejuknya udara Makassar. Masjid dirancang terbuka, tak berdinding laiknya kebanyakan masjid di Makassar dan sekitarnya. Kalaupun ada penghalang, hanyalah tiang baja yang dibungkus dengan batu alam paras Yogyakarta.

Daya tarik lainnya adalah dua buah menara yang masing-masing bertinggi 47 meter (menara lama) dan 66,66 meter (menara baru) pelambang jumlah ayat dalam Kitab Suci Al-Quran. Menara pertama terletak di sebelah kiri bangunan utama, usianya sama dengan Masjid Raya. Adapun menara kedua yang membutuhkan waktu enam bulan dalam proses pengerjaannya, dibuat dengan bahan dasar baja yang membuatnya lentur walau pergerakannya halus sehingga tak kasat mata.

Dari sisi interior, barisan keindahan kaligrafi menghiasi dinding dan langit- langit Masjid Raya Makassar. Kaligrafi itu dibuat oleh Syaharuddin, juara kaligrafi tingkat nasional asal Sulsel. Kaligrafi ini tidak lagi hanya menjadi perekat struktur, melainkan menjadi daya tarik bagi Masjid Raya.

Di dalam, tampak mihrab dengan, bentuk yang sangat menarik. Bagian atas mihrab seluruhnya berhias Asma’ul Husna. Menurut tim arsiteknya, ini terinspirasi bentuk khas ornamen arsitektur di Cordoba, Spanyol."
ChIJaaT-uKcCvy0RBBNAZ-7QN_Q,ANDI PERKASAPUTRA,4.0,8 bulan lalu,"Interior dinding & plafon masjid ini sangat indah 👍
Tapi di dinding depan ada berdiri jam rusak, entah kenapa jam itu tidak dibuang ?
Mungkin kah jam itu ada sejarahnya ?
Kalau memang jam itu bersejarah, sebaiknya ada tertempel keterangan asal usul jam itu sehingga orang bisa membacanya dan mengerti sejarahnya.

Kalau tidak ada sejarahnya, lebih baik dibuang saja itu jam nya."
ChIJaaT-uKcCvy0RBBNAZ-7QN_Q,Hhadiyat,5.0,setahun lalu,Gedung yg sangat indah arsitekturnya. Penuh dengan detail2 design yg indah. Sayangnya area parkir kurang tertata dengan baik. Tapi overall sangat indah. Terdapat mushaf (Al Quran) yg ukurannya sangat besar.
ChIJg6bbPXPuiy0RHBVJC81ykoU,Akhmad Dahlan (sir.alland),5.0,2 bulan lalu,"Titik kumpul teramai di Kota Palu.
Sangat bagus dengan jogging track, dan area berkumpul, bermain anak, lengkap!
Pagi, sore, apalagi malam semakin ramai orang. Geliat ekonomi yang bagus untuk warga.
Kota yang terus berbenah semakin maju.
Car Free Day nya juga ramai sekali, setiap minggu pagi sampai Pkl. 10.00"
ChIJg6bbPXPuiy0RHBVJC81ykoU,Susanto Hugeng,5.0,2 bulan lalu,"Lapangan Vatulemo. Tempat olahraga, bermain, bersosialisasi warga Palu. Lokasi tepat di depan kantor walikota Palu. Tempat yanh terawat dengan baik dengan fasilitas cukup lengkap dan bersih. Dikelilingi pepohonan dan gunung, kalau sore / malam disekitar banyak pedagang kaki lima berjualan bisa menjadi centra kuliner yang sangat menarik. Belum lagi ada Baruga, etalase product lokal yang menjual makanan khas produksi warga yang sangat cocok utk cari oleh-oleh dengan mudah. Bisa menjadi destinasi wisata wajib kalau ke Palu, lengkap semua ada."
ChIJg6bbPXPuiy0RHBVJC81ykoU,Senandika351,5.0,Diedit 4 bulan lalu,"tempatnya mudah di jangkau. cocok untuk dijadikan tempat santai sambil berolahraga. khususnya hari minggu ada kegiatan masyarakat car free day di pagi hari, bisa berolahraga sambil menikmati sinar matahari yang menyehatkan ditambah dengan banyak pedagang di sekitar lapangan sehingga memberikan suasana ramai yang ceria. selain itu sering juga di adakan kegiatan pameran, pentas atau festifal."
ChIJg6bbPXPuiy0RHBVJC81ykoU,iman taufik,4.0,8 bulan lalu,"Suasanya bagus, sejuk, bersih, dan tertata rapi. Untuk tempat makanan jg tersedia banyak, dari yg mahal2 hingga murmer seperti di gerobakan atau gerai kecil. Fasilitas jg lengkap sebagai taman, seperti tempat jogging, area bermain, tempat lesehan dari rumput, toilet yang bersih, dsb.

Dan untuk akomodasi parkir, saya parkir disebelah kanan taman, yang sepi parkirannya. Dapet karcis dari petugas dishub sebesar 2rb. Resmi, jadi lumayan terjamin.

Intinya tempat ini sangatlah nyaman.

Minesnya, paling di tarif toilet yang tergolong mahal, sekitar 3.000/orang. Seharusnya cukup 2rb saja, karena cmn pemeliharaan toilet."
ChIJg6bbPXPuiy0RHBVJC81ykoU,egar dika santosa,5.0,2 bulan lalu,"Hampir setiap malam Minggu ajak anak kesini. Jalan jalan yang murah. Ada Playground untuk anak. Ada sewa mobil aki untuk anak. Dan orang tua juga bisa beli makanan di sekitaran taman sangat banyak pilihan.
Ada kopi kenangan, dan kalau hari libur pagi hari bisa buat berolahraga, ada joging track. Joging tracknya empuk seperti berbusa, tapi saat hujan akan licin hati hati."
ChIJg6bbPXPuiy0RHBVJC81ykoU,AW SKT,4.0,3 bulan lalu,"Masalah sampah sembarangan masih jadi PR bersama.
Banyak penjual disekitarnya jadi tenang nyantai membawa keluarga disini.
Ada juga penyewaan kendaraan mainan roda 2 dan roda 4 listrik untuk anak anak.
Fasilitas toilet perlu jadi perhatian utama agar tetap nyaman dan jika mungkin fitambah di beberapa titik. Begitu pula tempat sampah, mengingat banyaknya pengunjung yang datang apalagi kalau malam minggu.
playground anak anak sudah cukup bagus dengan alas cukup empuk, namun terkadang orang dewasa ikut nongkrong disana duduk berjam jam di tempat bermain anak (yang berbentuk gundukan), jadi anak anak tidak bisa main secara leluasa.

Overall bagus banget, semoga bisa direplikasi di tempat yang lain. Wisata murah tapi menggerakkan ekonomi orang banyak.

Mantap Kota Palu."
ChIJg6bbPXPuiy0RHBVJC81ykoU,Parlina R,5.0,11 bulan lalu,"Taman dsini bagus bgt, pemandangannya bagus tmptnya cocok untuk olahraga
Nongkrong
Momong anak
Main dan segala hal
Tempatnya bersih dan bagusss"
ChIJg6bbPXPuiy0RHBVJC81ykoU,Finsensia Sinaga,4.0,setahun lalu,"Untuk pertama kalinya ke sini untuk menyaksikan ulang tahun Palu ke 46. Jujur seru banget baik makanan dan acara asik. Terkhusus untuk hari ke 2.
Untuk jelasnya melihat tamannya belum, karena kondisi sore ke malam, tapi tamannya luas dan udh mulai banyak bagian2 yang diperbaharui dan ditambahin. Tempat paling asik taman untuk anak (jangan menggunakan sendal atau sepatu). Sangat nyaman untuk duduk bermain dan bersantai. Karena empuk juga.

Toiletnya ada, tapi mungkin karena saat acara kemarin masih kurang terurus.
But overall bagus. Semoga penyelesaiannya bagus dan hasilnya bagus. Serta, perawatannya bagus."
ChIJg6bbPXPuiy0RHBVJC81ykoU,Andi Putri Maharani Ismail,5.0,2 bulan lalu,"Rame tempatnya, banya penjual makanan jd enak jg ba keliling

Apalagi malam2"
ChIJg6bbPXPuiy0RHBVJC81ykoU,Wahyu Saputra,5.0,11 bulan lalu,"Disini pokoknya tempatnya bagus banget. Cocok buat nongkrong-nongkrong, foto-foto, jogging, dan pokoknya aktivitas lainnya 👍 …"
ChIJEc_1KyO7lS0RHz-h0O__gDo,IRrr saja,5.0,2 bulan lalu,"Dari museum tinggal jalan kaki saja 200Mtr ke munumen bj habibi, parepare kota yg bersih hampir gak ada sampah, kuliner nya biasa aja."
ChIJEc_1KyO7lS0RHz-h0O__gDo,Anita Gunawan,5.0,7 bulan lalu,"Pertamakali berjumpa monumen ini 15 Desember 2024 waktu pertamakali aku pertamakali menginjakkan kakiku di Kota Parepare, sebuah monumen megah penuh makna... Pertama melihat juga takjub karena ini adalah salah satu Icon Kota Parepare... Saya biasanya jogging pagi di Alun alun Lapangan Andi Makkasau... Dan beberapakali sering ada event di tempat ini... Kalo malam bangunan ini terlihat megah bersinar"
ChIJEc_1KyO7lS0RHz-h0O__gDo,Ridwan Muhammady,4.0,11 bulan lalu,"Untuk mengabadikan ""sosok luar biasa"" ini, tempatnya terkesan biasa aja, harusnya design sekitarnya lebih dipercantik lagi, bisa kali area trotoarnya dibuat kayak jalan malioboro jogja atau jalan tunjungan surabaya 👍🏻"
ChIJEc_1KyO7lS0RHz-h0O__gDo,Mugiyatun Soemarno28,5.0,10 bulan lalu,"Kami bangga bisa berkunjung di tempat kelahiran Alm pak Rudi Habibi.
Nonton filmya semua sudah
Ketemu langsung sudah alhamdulillah
Ke masjid Habibi Ainun sudah
Pokoknya bangga negara kita mempunyai pak Habibi
Rawat  tugu ini ya wahai Pare pare.
Sangat mudah dikunjungi ya karna lokasi strategis"
ChIJEc_1KyO7lS0RHz-h0O__gDo,Ale Vlog,4.0,2 tahun lalu,"Monumen dan spot foto yg terkenal di kota Pare-pare. Belum pas rasanya bila ke pare-pare dan tidak mampir berswafoto disini.

Ini adalah monumen presiden RI ke-3, bpk BJ. Habibie dan istrinya. Ada cerita haru dibalik didirikannya monumen cinta sejati ini yg menjadi icon baru kota pare-pare.

Posisinya strategis krn terletak di sudut lapangan olahraga Andi Makassau, tepat dipersimpangan lampu merah pusat kota. Utk berfoto juga arealnya cukup luas. Cuma kayaknya klo mau mampur swafoto bagusnya hari libur sabtu/minggu, krn persimpangan ini sangat ramai saat hari dan jam kerja dan mungkin juga sulit mencari parkiran.

Rekomendid deh utk lokasi swafoto 👍👌"
ChIJEc_1KyO7lS0RHz-h0O__gDo,HERU IBRAHIM,5.0,3 tahun lalu,"Monumen lambang cinta sejati dari seorang ilmuwan dan mantan presiden Indonesia. Lokasi yg strategis di tengah kota dan di belakang monumen ada lapangan yg dipakai sebagai tempat olah raga ataupun pagelaran event2 yang sangat serbaguna. Memiliki beberapa fasilitas seperti, Lapangan Bola, Lapangan Voli, Lapangan Sepak Takraw, Panggung untuk acara Senam, Tempat Refleksi Kaki, Tempat Workout dan Lintasan lari sepanjang 400m. Dilengkapi dengan tempat parkir dan pedagang kaki lima."
ChIJEc_1KyO7lS0RHz-h0O__gDo,Mita Hady,4.0,10 bulan lalu,"Ya sekedar buat foto2 dan kenang2an di kota Pare-Pare... Bagus dan letaknya strategis di tengah kota, dekat dengan pelabuhan juga"
ChIJEc_1KyO7lS0RHz-h0O__gDo,yuliana rahmawati,5.0,2 tahun lalu,"1. Monumen paling terkenal di Parepare. Bahkan banyak orang luar kota kalau lewat di Parepare selalu menyempatkan diri foto di sini.

2. Kisah cinta almarhum Pak Habibie dan Bu Ainun diabadikan dalam monumen ini. Kita berharap semoga muncul cendikiawan baru di Kota Parepare.

3. Tempat ini juga selalu ramai karena berlokasi di lapangan Andi Makkasau. Kalau sore hari banyak yang jogging atau sekadar nongkrong di tempat ini."
ChIJEc_1KyO7lS0RHz-h0O__gDo,Luthfil Lawliet,4.0,3 bulan lalu,"Tempat ikonik di kota pare-pare
Namun tempat di sekitar nya kurang bersih dan nampak tidak diperhatikan dalam beberapa waktu belakang

Semoga menjadi perhatian dan menarik semakin banyak wisatawan"
ChIJEc_1KyO7lS0RHz-h0O__gDo,Lijer Silaen,5.0,7 bulan lalu,"Malam Minggu kita disini saja sejenak
Udara yang sejuk"
ChIJTWtCS60Cvy0RB9LEfNoFeno,Muhammad Rasydin Sjatry Djafar,5.0,7 bulan lalu,"Pantai Losari adalah jantung dan jiwa Kota Makassar, sebuah ruang publik ikonik yang menjadi kebanggaan setiap warganya. Berbeda dari pantai pada umumnya, Losari tidak memiliki hamparan pasir. Keunikannya terletak pada anjungan beton megah yang membentang di tepi laut, menjadikannya salah satu pelataran matahari terbenam terindah di Indonesia. Lokasinya yang berada tepat di pusat kota membuatnya menjadi magnet yang tak pernah sepi, dari fajar hingga larut malam.

Pada pagi hari, area ini dipenuhi oleh masyarakat yang berolahraga, sementara sore hari adalah waktu terbaik untuk menyaksikan langit barat yang berubah warna menjadi jingga keemasan. Daya tarik visual utamanya adalah tulisan raksasa ""PANTAI LOSARI"" dan ""CITY OF MAKASSAR"" yang menjadi spot foto wajib. Tak jauh dari sana, berdiri anggun Masjid Amirul Mukminin, sebuah mahakarya arsitektur yang dikenal sebagai masjid terapung pertama di Indonesia, menambah pesona spiritual pada pemandangan bahari.

Seiring malam tiba, terutama di malam akhir pekan seperti ini, wajah Losari bertransformasi menjadi pusat kuliner dan kehidupan sosial. Puluhan pedagang kaki lima berjejer rapi menawarkan hidangan khas yang legendaris. Aroma manis pisang epe yang dibakar dan disiram gula merah cair berpadu dengan hangatnya minuman sarabba. Pengunjung dapat duduk santai di tepi anjungan, menikmati hidangan lezat sambil merasakan embusan angin laut.

Lebih dari sekadar destinasi wisata, Pantai Losari adalah kanvas kehidupan masyarakat Makassar. Ini adalah tempat di mana keluarga berekreasi, anak muda berkumpul, dan beragam budaya menyatu, menjadikannya etalase sejati dari dinamika dan keramahan kota ini."
ChIJTWtCS60Cvy0RB9LEfNoFeno,Rizky Darmawan,5.0,5 bulan lalu,"View pemandangannya bagus, ada masjid amirul mukminin, ada masjid 99 kubah, ada tulisan pantai losari dan sea view pada umumnya, tapi sayangnya untuk kebersihannya kurang terjaga, banyak sampah di pantainya, terus lantainya juga agak licin kalo abis hujan. Sayang banget, semoga kedepannya kebersihannya lebih baik."
ChIJTWtCS60Cvy0RB9LEfNoFeno,Nizam Bagus Prabowo,3.0,9 bulan lalu,"Banyak pedagang makanan dan jajan di sepanjang pantai, mantep. Tempat parkir juga luas, walaupun menjelang sore parkiran akan masuk ke badan jalan sehingga berkontribusi pada kemacetan. Jika malam apalagi, sisi kanan dan kiri jalan sudah dipenuhi oleh kendaraan (mobil) yang parkir. Akan tetapi juru parkirnya sangat sigap sehingga tidak menjadi sebuah masalah. Makin malam malah makin ramai. Oh ya pas saya kesini di malam hari Masjid terlihat minim cahaya sehingga kurang terexpose entah kebetulan lagi mati lampunya atau memang seperti itu dihari hari biasanya dan sepertinya perlu diberikan banyak tempat sampah disekitar pedagang atau sepanjang pantai karena dilautnya sangat banyak sampah khususnya terlihat saat pagi hari."
ChIJTWtCS60Cvy0RB9LEfNoFeno,Rizky,4.0,5 bulan lalu,"Datang ke sini saat pagi, sehingga cukup sepi. terdapat tulisan ikonik ""pantai losari"" dan pemandangan masjid 99 kubah."
ChIJTWtCS60Cvy0RB9LEfNoFeno,daeng uchy,3.0,6 bulan lalu,"Losari Beach
Losari Beach atau pantai losari saat ini adalah sebuah kawasan wisata budaya dan kuliner dan ikon kota Makassar yang ramai pengunjung, terkenal dengan panorama matahari terbenamnya dan pusat kuliner khas Makassar."
ChIJTWtCS60Cvy0RB9LEfNoFeno,adiansyah adiansyah,5.0,2 bulan lalu,"mampir sini karna singgah dari pelabuhan, naik taxi online cuma 20rbu. pas hari hujan jadi cuma bisa titip 1 gambar aja."
ChIJTWtCS60Cvy0RB9LEfNoFeno,Zaenal Abidin,4.0,6 bulan lalu,"Suasana menenangkan di sore hari, sayang untuk kebersihan kurang terjaga"
ChIJTWtCS60Cvy0RB9LEfNoFeno,Lya Vartan,4.0,3 bulan lalu,"Bnyak yg jualan. Mayan lah buat nyenyore.
Mau fotonya susah rame soalnya xD"
ChIJTWtCS60Cvy0RB9LEfNoFeno,Rochmad M,5.0,9 bulan lalu,Selalu ramai. Apalagi sore menjelang matahari terbenam. Nongkrong sambil berburu sunset dari balik Masjid Kubah 99..
ChIJTWtCS60Cvy0RB9LEfNoFeno,Tommy Nugroho,5.0,10 bulan lalu,"Ke sini pagi2 dan memang cakep dan bersih belum banyak pedagang dan orang sliweran
Cocok banget buat jalan pagi atau jogging santai pinggir pantai"
ChIJRe5FBcayvi0RjN3evEJQtvg,Muh.Al-Farabih Aliyah,5.0,4 bulan lalu,Tribun pantai seruni dj bangun di masa prof.Nurdin Abdullah.Tribun biasanya di gunakan untuk kegiatan pemerintah dan masyarakat
ChIJRe5FBcayvi0RjN3evEJQtvg,Rahmat Hidayat,5.0,Diedit 10 bulan lalu,"Pantai Seruni adalah salah satu destinasi wisata pantai yang terletak di Kabupaten Bantaeng, Sulawesi Selatan. Berikut adalah beberapa informasi penting mengenai Pantai Seruni:
* Lokasi:
* Pantai Seruni terletak di dekat alun-alun kota Bantaeng, sehingga sangat mudah diakses.
* Secara administratif, pantai ini berada di Kecamatan Bantaeng, Kabupaten Bantaeng.
* Karakteristik:
* Pantai Seruni memiliki garis pantai sepanjang 1 km yang membentang dari barat ke timur.
* Setelah dilakukan reklamasi, Pantai Seruni menjadi objek wisata yang lebih tertata dan menarik.
* pantai seruni memiliki bebatuan pantai yang ikonik
* Air laut yang jernih.
* Daya Tarik:
* Pantai Seruni menjadi tempat favorit bagi warga lokal maupun wisatawan untuk bersantai dan menikmati pemandangan laut.
* tempat ini sangat cocok untuk berburu foto yang estetik.
* beberapa orang datang ke pantai ini untuk menikmati kuliner.
* pengunjung dapat melihat beragam biota laut yang hidup di perairan sekitar pantai ini.
* Akses dan Fasilitas:
* Akses menuju Pantai Seruni sangat mudah karena lokasinya yang strategis di pusat kota.
* Pantai Seruni terbuka 24 jam setiap hari, dan tidak ada biaya tiket masuk.
* Perkembangan:
* Pantai Seruni telah mengalami perkembangan pesat setelah dilakukannya reklamasi, menjadikannya salah satu ikon wisata di Bantaeng.
Pantai Seruni menawarkan kombinasi antara keindahan alam dan kemudahan akses, menjadikannya destinasi yang menarik untuk dikunjungi di Bantaeng.
Pantai Seruni adalah sebuah pantai di Kabupaten Bantaeng. Lokasinya di dekat alun-alun kota Bantaeng sepanjang 1 km. Sebelum perbaikan, kondisi Pantai Seruni kumuh dan ditumbuhi semak belukar. Pantai Seruni menjadi objek pariwisata di Kabupaten Bantaeng setelah reklamasi diadakan. Di kawasan Pantai Seruni terdapat sebuah rumah sakit bertaraf internasional.
Pantai Seruni Merupakan spot paling banyak dikunjungi oleh warga bantaeng menawarkan jajanan ringan seperti gorengan, minuman dingin dan panas. di sini terdapat pula lintasan joging yang mengelilingi lapangan kecil. Pantai ini akan ramai dari sore hari hingga malam oleh orang-orang yang duduk bercengkrama dengan kerabat dan keluarga. Pada pagi hari dijadikan sebagai tempat olahraga."
ChIJRe5FBcayvi0RjN3evEJQtvg,Jalil,4.0,Diedit 6 bulan lalu,"Asri, bagus untuk nyantai bersama keluarga, kerabat sahabat, pacar dan lain"""
ChIJRe5FBcayvi0RjN3evEJQtvg,Muhammad Farid Hidayat,4.0,7 tahun lalu,"Pantai yang bnyak digunakan beraktivitas seperti olahraga, tempat nongkrong, atau hanya sekedar kunjungan. Ada beberapa tempat duduk gratis sperti rumahan bisa bersantai sejenak bersama keluarga. Ada juga banhak cafe dan warung makan. Tertata rapih."
ChIJRe5FBcayvi0RjN3evEJQtvg,Hadriani Putri,5.0,6 tahun lalu,"Salah satu tempat wisata yang wajib dikunjungi ketika berada di Bantaeng. Tempatnya indah, nyaman, bersih dan asri serta bebas dari biaya parkir, dan di sekitar diawasi oleh Satpol PP yang siap menjaga keamanan dan ketertiban di Pantai ini dengan sangat baik. Sangat cocok dijadikan tempat liburan, pelepas lelah, tempat olahraga dan tempat bersantai bersama teman, sahabat, keluarga dan orang terdekat.
Saat pagi hari sangat sejuk, pemandangan laut indah dipandang, bunyi ombak nyaman di telinga. Saat malam hari, banyak cafe yang dapat dijadikan tempat wisata kuliner, ada beberapa cafe menyediakan fasilitas live music dan juga karaoke. Terdapat penyewaan sepeda, mobil yang digayuh, skuter dan lainnya.
Di kawasan Pantai terdapat Masjid, jadi bagi Muslim tidak perlu khawatir karena dapat berlibur tanpa meninggalkan ibadah. Terdapat juga RSUD H.M. Anwar Makkatutu,  Lapangan, dan area drift. Kawasan ini sangat luas, wajib kamu eksplor. Berkunjung ke Pantai Seruni jangan lupa tetap menjaga kebersihannya ya"
ChIJRe5FBcayvi0RjN3evEJQtvg,Herry Dwinanto,5.0,6 tahun lalu,Tempatnya tertata rapi dan bersih. Ada mushola yg lumayan luas di dekat sini. Cocok juga untuk olahraga mengitari lapangannya.
ChIJRe5FBcayvi0RjN3evEJQtvg,Asdin,4.0,7 tahun lalu,"Sulawesi Selatan (Sulsel) dikenal banyak destinasi wisata yang dapat dikunjungi berakhir pekan. Salah satunya Pantai Seruni, terletak di Kabupaten Bantaeng yang berjarak sekitar 120 kilometer ke selatan dari Kota Makassar.

Pantai Seruni merupakan hasil reklamasi sepanjang satu setengah kilometer yang awalnya tepi pantai ini kumuh dan menyeramkan dengan gelap gulita tanpa penerangan lampu. Namun, Pantai Seruni ini telah disulap menjadi tempat favorit dikunjugi wisatawan lokal maupun
mancanegara.

Pengunjung Pantai Seruni dapat menikmati suguhan berbagai kuliner Sulsel termasuk kopi khas Sulsel yang terkenal. Terdapat kopi toraja, bastem, enrekang, dan lainnya menjadi penikmati menatap matahari terbenam

Selain minuman, berbagai makanan mulai dari seafood hingga pisang epe, camilan khas Sulawesi Selatan juga dijajakan bagi pengunjung.

Rapi dan indah yang menjadi daya tarik tersendiri bagi Pantai Seruni. Jika dilihat, Pantai Seruni mirip dengan Pantai Losari. Namun, Pantai Seruni terlihat lebih elegan dengan kursi dan meja santai untuk keluarga menikmati keindahan alam di Kabupaten Bantaeng.

Pantulan cahaya sunset mewarnai pengunjung Pantai Seruni untuk berselfie ria bersama keluarga. Ditambah lagi, perpaduan warna lampu-lampu hias di sepanjang Pantai
Seruni yang ditata sedemikian rupa menjadikan pengunjung puas.

Kawasan Pantai Seruni ini dijadikan sebagai pusat kegiatan masyarakat. Selain menjadi kawasan kuliner sambil menikmati sunset, terdapat alun-alun yang bersebelahan dengan rumah sakit Prof Dr Andi Makkatutu bertaraf internasional.

Ada juga restoran yang dibangun di atas laut, dengan konsep minimalis dengan bahan kayu berkualitas.

Restoran ini merupakan bantuan dari Kementerian Kelautan dan Perikanan agar menambah ramai pengunjung Pantai Seruni.

Kendaraan terparkir rapi dipisahkan antara motor dan mobil tanpa dipungut biaya. Di kawasan Pantai Seruni, Nurdin pun mendirikan masjid dan menyediakan toilet umum.

Sepanjang kawasan Pantai Seruni, beberapa petugas Satpol PP berpatroli menjaga keamanan dan ketertiban. Tidak satu pun terlihat preman berkeluaran di kawasan Pantai Seruni yang memanfaatkan fasilitas umum dan sosial untuk kepentingan pribadi dan kelompok.

Pantai Seruni dibangun selama Nurdin Abdullah menjadi Bupati Bantaeng. Nurdin yang bergelar Profesor Agrikultur ini menjadikan Kabupaten Bantaeng lebih indah dan bersih dengan banyaknya ruang publik.

Selain itu, berbagai sarana rekreasi anak pun disiapkan seperti ayunan, perosotan, odong-odong, bendi atau dokar hias, sepeda hias berkeliling Pantai Seruni.

Pantai Seruni ini pun kerap dijadikan kawasan jogging oleh warga di Kabupaten Bantaeng."
ChIJRe5FBcayvi0RjN3evEJQtvg,Febri Valentina,5.0,8 tahun lalu,"Tempatx sangat indah cocok untuk anak kecil krna ada banyak tempat bermain saat malam hari anda melihat seluruh pohon di hiasi lampu yg berwana warni yg sangat indah di pandang mata, ada bnyak tmpat untuk bersantai sambil minuman dingin dan aneka juss yg anda suka cimilan hangat sesuai selera di lidah anda,,!!! Coba dtang sendiri untuk yg lbih pasti ok, orang Bantaeng akan nyambuk anda dengan senyum dngan hati yg ikhlas dan TdAk jauh di Bantaeng ada tmpat wisata pantai yg lengkap penginapan apa bila beruntung kadang anda akan bertemu di tempat itu dengan pak PROFESSOR NURDIN selaku Bupati di Bantaeng yg bakal jadi CAGUB Sulsel yg yg akan datang insya Allah, itu brkat bila seluruh rakyat memilih dukung beliau,,!!? Amiiiieen"
ChIJRe5FBcayvi0RjN3evEJQtvg,PUTRI ZAFIRAH & FAUZAN,5.0,8 tahun lalu,Asek tempatnya untuk bersantai bersama keluarga baik pagi hingga malam hari. Berjejeran cafe di pantai seruni membuat kita betah berlama2 untuk menikmati udara yang sejuk sambil menikmati betapa indahnya pemandangan kuliner cafe2nya.
ChIJRe5FBcayvi0RjN3evEJQtvg,Darwis Razak,5.0,8 tahun lalu,"Bermain bersama keluarga dengan sambutan ramah gemuruh pantai. Sungguh indah rasanya, hempasan ombak bagai suara suling dan kecapi mengalun syahdu."
ChIJeaVDy0Pjvi0RmquBLs_T5Oc,Jhund Kiki,5.0,3 bulan lalu,"Wahana yang bagus, banyak tersedia makanan dengan harga yang masih tergolong murah. Tiket masuk bagi saya pribadi masih tergolong mahal (kalau tidak ada kegiatan kampus memberikan tiket gratis, mungkin saya tidak akan pernah mengunjungi). Suasana sejuk dan nyaman. Wahana ombak cukup jauh berjalan"
ChIJeaVDy0Pjvi0RmquBLs_T5Oc,Aleyandra Ayu Nur Nazaqilla,4.0,3 bulan lalu,"di ajak cowo aku kesini karna dia tau aku suka renang🥹🫶🏻banyak pohon jadi ga panas, tapi airnya bau pemutih banget ga enak di idung, free semua wahana tapi gazebo bayar lagi mana mahal terus kotor"
ChIJeaVDy0Pjvi0RmquBLs_T5Oc,Matt Azmar,5.0,3 bulan lalu,"Wahanya beragam, fasilitas lengkap, mulai dr loker, kamar ganti, kamar bilas, musholah, cafetaria. Kurangnya adalah makanan yg dijual rasanya seadanya. Tidak ada yg enak, harga seh tdk terlalu mahal, hanya saja setelah makan ada rasa menyesal belanja."
ChIJeaVDy0Pjvi0RmquBLs_T5Oc,Ctg Rhyzmaphoex,5.0,4 bulan lalu,"Wisata air yg cocok bagus banget di kota Makassar,Bersih Tertata Rapih dan staf staf nya juga ramah ramah🫶🏻💫❤️‍ noted..tiap wahana ada jam operasionalnya jadi paling mantul klau datang pagi jam 10 an biar sampai sore dinikmati wahanya..cmiwww"
ChIJeaVDy0Pjvi0RmquBLs_T5Oc,Muh. Aldy Febrian,5.0,2 bulan lalu,Salah satu list date dia setelah kita LDR.Tempatnya rindang banyak pepohonan jadi ngga terlalu panas. Banyak juga jajanan didalam yang tersedia. Dia suka banget pas kesini dia cobain semua wahana yang ada dan semua free. Tapi untuk kolam ombak dan kolam busa harus nunggu jadwalnya sekitaran jam 3 sore . Saking senangnya tuan putri ini seharian di waterpark ini dan excited banget nungguin semua wahananya. Tapi wahana favoriteku kolam arus soalnya enak bisa tiduran di ban sambil dibawa aruss hehe
ChIJeaVDy0Pjvi0RmquBLs_T5Oc,Yukemii,3.0,3 bulan lalu,"Sebenarnya udah Kedua kali kesini liburan bareng keluarga besar disini ,tapi pas 25/12/25 itu banyak moment tak terlupakan, aku naik luncuran Merah Kuning itu bareng ponakan ku dia di depan dan aku dibelakang tapi pas mau ujung luncuran tikungan itu kepalaku terbentur sama luncuran keras banget sampe aku panggil om staff yang jaga di depan luncuran suruh bawa aku ke medis ,aku dan adik sepupu yang perempuan ke ruang medis ,ada ibu dokter di sana aku jelasin kronologi kejadiannya dan aku diberi obat ,kepalaku di pijat asli aku mau muntah pas itu ,pas mau keluar tiba-tiba ada ponakanku mau periksa juga di medis ,tryta kepala dia berdarah juga sama denganku dibagian kiri ,jujur until now kepala ku masih puyeng ini nyeri gtu ,saran aja kedepanya Bugis Waterpark banyakin LifeGuard atau Staff yang jagain wahana pliss ,biar tdk kejadian begini lagi"
ChIJeaVDy0Pjvi0RmquBLs_T5Oc,Andi Agil,5.0,3 bulan lalu,"sangat sangat fun, kalau mau nikmati bugis water park harus datang mulai dari buka sampai tutup soalnya ada jam jam wahananya tapi okelah🤲🏻🫶🏻💪🏻 …"
ChIJeaVDy0Pjvi0RmquBLs_T5Oc,RuangBermain TripleZ,4.0,6 bulan lalu,"Pernah jaya pada masanya dan sepertinya masih jadi tujuan anak-anak main sih. Baik keluarga ataupun sekolah. Bisa sewa saung untuk rombongan dan tersedia colokan.
Ga boleh bawa makanan dari luar. Tapi jajan di dalam juga prosedurnya ga praktis. Kedepannya semoga bisa bikin sistem yang mudah untuk jajan dan variasi jajanannya juga ditambahin ya..

Kamar mandi tidak terlalu bersih. Tapi mukena di mushallanya cukup bersih karena masih wangi."
ChIJeaVDy0Pjvi0RmquBLs_T5Oc,Risandy,5.0,setahun lalu,"Tempat yang sangat cocok untuk berlibur keluarga!!!

Harga masuk 150K per orang.

Dari luar, desainnya sudah keren. Dengan tema ala-ala rumah tradisional yang terbuat dari kayu.

Di dalam, tersedia banyak jenis kolam, wahana dan restoran. Kita bahas kolamnya dulu, jenis kolam utamanya ada 4 yaitu kolam untuk anak-anak, kolam dewasa, kolam arus dan kolam ombak.

Kolam anak-anaknya ada ember raksasa yang bisa nyiram setiap beberapa menit. Banyak wahana perosotannya juga.

Kolam arusnya cocok untuk bersantai bagi yang males nyobain wahana. Kolam arusnya juga lumayan panjang, jadi gak gampang bosan. Oiya, kolam arusnya wajib pakai ban yang warnanya Hijau Neon.

Di kolam dewasa, kedalamannya bertambah semakin ke ujung kolam. Di awal kolam masih bisa disentuh anak-anak. Tapi, kolam dewasanya ini klorinnya lumayan tinggi ya. Soalnya saya nyelam, mata saya perih wkwk.

Kolam ombaknya buka di jam 4 sore. Dia pakai ban yang warnanya Biru. Aku saranin standby dari jam 3an sebelum jam 4, biar gak kehabisan ban Biru di kolam ombak.

Setiap wahana punya jam operasinal. Ada perosotan yang buka di jam tertentu, jadi harus persiapkan 1 hari full buat mau nyoba semua wahananya. Wahana perosotan paling tinggi, bukanya jam 3.

Untuk restoran, banyak pilihannya. Makannya juga bervariasi. Saya sarankan beli makanan di bagian restoran aja, dia ada di bagian ujung kanan setelah pintu masuk. Karena yang jualan snack di sekitaran kolam harganya sangat mahal. Saya beli Bakso Bakar 15K cuman dapat 3 biji. Eskrim juga 15K kecil banget wkwk. Oiya, dilarang membawa makanan dari luar. Makanan akan di tahan di loket masuk apabila ketahuan, karena barang bawaan akan diperiksa petugas.

Oiya, untuk gazebonya harus reservasi dulu di loket masuk. Per gazebo harganya 200K.

Overall, tempat ini sangat amat cocok buat berliburan bersama keluarga dan teman."
ChIJeaVDy0Pjvi0RmquBLs_T5Oc,elmosafer,3.0,setahun lalu,"Saya berkunjung dengan rombongan sekolah,   sehingga mendapatkan diskon, per orang 60 ribu dari harga aslinya ketika weekday; 150 ribu. Sementara harga weekend 200 ribu.

Untuk harga segitu, agak mahal, karena tempat tidak sepenuhnya terawat, banyak yg kotor dan terbengkalai. Wahana juga beberapa tidak dipakai, yang dipakai pun ada jadwalnya, tidak berjalan sekaligus. Yang terbagus adalah ada wave pool setiap jam 4 sore, khusus weekend ada juga jam 11 siang.

Untuk harga segitu dan tidak boleh membawa makanan dan minuman, disayangkan makanan dan minuman yg dijual biasa saja dan mahal, serta ribet pembayarannya.

Tapi secara umum, memang agak susah mencari yg asri suasanya dan banyak pilihan air dan seluncurannya, dari sisi ini cukup bisa direkomendasikan.

Jalan menuju lokasi agak rusak sedikit sayangnya."
ChIJ4RUE5IP2lS0R7-4_zE5BVtc,Izzatul Jannah,5.0,2 bulan lalu,"Bagus, ada fountain show nya juga suara kelelawarnya besar, banyak street food di sekeliling"
ChIJ4RUE5IP2lS0R7-4_zE5BVtc,maryam palace,5.0,4 bulan lalu,"Halo kakak-kakak
Selamat datang di kabupaten soppeng, selamat berkunjung di taman kalong
Jangan lupa ambil dokumentasi yang banyak yah. Selamat berwisata di kabupaten soppeng"
ChIJ4RUE5IP2lS0R7-4_zE5BVtc,fahrianii_,5.0,10 bulan lalu,"Tempatnya luas, enak untuk datang saat sore hingga malam hari. Ada wisata kuliner dan mesjidnya berada diseberangnya"
ChIJ4RUE5IP2lS0R7-4_zE5BVtc,Herahyani Djuhdi,5.0,2 bulan lalu,"Tempatnya bagus utk berfoto jg bisa melihat banyak sekali kalelawar bergelantungan di atas pohon, jgn kuatir utk jajanan banyak tersedia disekitar lokasi ada masjid, jg sarana olahraga umum"
ChIJ4RUE5IP2lS0R7-4_zE5BVtc,Addict Syah,4.0,3 bulan lalu,"Bagus, banyak kalong yang bergelantungan,, sayangnya kotoran kalongnya banyak"
ChIJ4RUE5IP2lS0R7-4_zE5BVtc,Hery Son,5.0,9 bulan lalu,Tempat endemik habitat kalong.....luar biasa ketika diantara jam 6.15 sd 07.00 malam hari......
ChIJ4RUE5IP2lS0R7-4_zE5BVtc,Juwandi Juwandi,5.0,2 tahun lalu,"Sangat berkesan sebuah taman yang gak terlalu luas dengan fasilitas yang lengkap. ada Arena bermain anak, tempat duduk yang nyaman, toilet, gazebo, air mancur. yang paling keren ribuan Kelelawar bergelantungan di pohon sekitar taman, jika punya waktu, tunggu sampai hari mulai gelap kelelawar akan mulai beterbangan serasa seperti di film-film horor tapi sangat keren."
ChIJ4RUE5IP2lS0R7-4_zE5BVtc,Asha Syamsuddin,5.0,3 tahun lalu,"Lokasinya di pusat Kota Watang Soppeng. Di kelilingi pohon-pohon tempat ribuan kelelawar bergantungan yg menjadi ciri khas dari Kota Soppeng. Tempat yg asyik untuk kumpul bersama keluarga maupun teman. Ada wahana bermain sederhana untuk anak-anak seperti ayunan, perosotan dan lain-lain. Banyak penjual kaki lima yang menjajakan aneka makanan dan minuman di sekitar lokasi ini. Ada air mancurnya juga, tapi sayang pas datang air mancurnya tidak keluar. Bisa jadi referensi tempat rekreasi yang murah meriah."
ChIJ4RUE5IP2lS0R7-4_zE5BVtc,Sutrisno Suleman,5.0,6 bulan lalu,"Masih penasaran sampai skrg, kok bisa hanya hinggap di pohon yg area dl taman sj??😳😁 …"
ChIJ4RUE5IP2lS0R7-4_zE5BVtc,Anak Negeri,5.0,Diedit 6 tahun lalu,Tempat nyaman di tengah kota Soppeng untuk bersantai bersama keluarga dan sahabat. Tersedia gazebo2 dan banyak penjual jajanan di sekitarnya. mudah dijangkau berada tepat di depan masjid raya Soppeng dan villa Yuliana. Ramai didatangi oleh pengunjung baik dari soppeng maupun dari luar daerah terutama pada malam hari.
ChIJs8z4-u7tky0R0SmrqPRGQqA,Deliana Deliana,5.0,3 bulan lalu,"Ini keren! Foto di pekarangannya oke banget karena bisa dapet full patung. Bisa naik ke atas nya dengan extra biaya 20.000 rupiah, ada 5 level dan setiap level bisa keluar melihat pemandangannya, udaranya sejuk dan segar. Untuk level teratas memang menantang karena naik tangga vertikal tapi oke banget karena langsung melihat dari dekat. Mendingan kalau kesini dari pagi karena parkiran mobil sangat terbatas dan penuh banget kalau siang. Di depannya banyak toko souvenir yang bagus bagus."
ChIJs8z4-u7tky0R0SmrqPRGQqA,syahiq harpi,5.0,3 bulan lalu,"Di sini kita bisa melihat pemandangan yang begitu indah dengan latar belakang gunung gunung, kota kota dari atas.

tempat yang terawat, ada toiletnya, parkiran mudah, tanpa antrian, serta banyak juga penjual penjual oleh2 khas toraja, seperti baju, sarung tenun, outer dll."
ChIJs8z4-u7tky0R0SmrqPRGQqA,Iin Octaviana Hutagaol,4.0,6 bulan lalu,"Patung Yesus Burake di Makale adalah destinasi wisata rohani dengan tiket masuk terjangkau, Rp15.000 untuk dewasa dan Rp5.000 untuk anak-anak. Akses jalan menuju lokasi sudah bagus meski menanjak, jadi sebaiknya kendaraan dalam kondisi kuat. Dari atas, pengunjung disuguhi pemandangan Toraja yang indah dengan udara segar.

Secara umum tempat ini bersih, hanya saja bagian cat pada patung Yesus tampak mulai pudar sehingga sebaiknya dilakukan pengecatan ulang agar terlihat lebih indah. Beberapa hal lain juga perlu perbaikan, seperti keramik yang terlepas, tempat sampah yang sudah jelek, jalur kaca yang ditutup namun kotor, serta tangga di seberang patung yang sebaiknya diberi pembatas besi.

Bagi pengunjung yang datang di atas jam sembilan pagi, sebaiknya membawa topi karena panas matahari cukup terasa meski anginnya sejuk.

Dengan perawatan tambahan seperti pengecatan ulang dan pembenahan fasilitas, kawasan Patung Yesus Burake bisa semakin nyaman dan menarik untuk dikunjungi."
ChIJs8z4-u7tky0R0SmrqPRGQqA,Nidaatul Hasanah,5.0,3 bulan lalu,"Datang ke sini di tanggal 1 Januari 2026, pengunjung ramai sekali karena momen pas tahun baru. Tiket masuk 15.000 perorang. Viewnya keren dan cantik, apalagi ada taman bunga juga, bisa lihat pemukiman di bawah, dan landscape pegunungan yang cantik."
ChIJs8z4-u7tky0R0SmrqPRGQqA,spiciriana,5.0,3 bulan lalu,"Bagus, tiap ketoraja tidak pernah kesini baru kali ini kesini sama teman dan bagus banget, sayang kemarin dtng pas hujan jadi diatas cuman duduk tunggu hujan berhenti. Pas turun harus hati2 banget karna jalannya licin dan turunan tajam. Htm 15k tapi kalau masuk kedalam patungnya +20k lagi"
ChIJs8z4-u7tky0R0SmrqPRGQqA,dijay brian,5.0,4 bulan lalu,"Berwisata ke Buntu Burake ada Daya tarik utamanya adalah Patung Yesus berukuran raksasa yang berdiri megah di puncak bukit. Patung ini memiliki tinggi 40 meter dan berada di ketinggian sekitar 1.700 meter di atas permukaan laut, menjadikannya salah satu patung Yesus tertinggi di Indonesia yang menghadap Kota Makale

Tiket masuk 15 rb"
ChIJs8z4-u7tky0R0SmrqPRGQqA,Nanda,5.0,10 bulan lalu,"Patung Tuhan Yesus Memberkati (Buntu Burake) di Tana Toraja adalah salah satu destinasi wisata ikonik yang patut dikunjungi. Berdiri megah di ketinggian sekitar 1.700 mdpl, patung Yesus setinggi 45 meter ini tidak hanya menjadi simbol spiritual, tetapi juga menawarkan panorama luar biasa dari kota Makale dan sekitarnya.

Akses menuju lokasi sudah cukup baik, dengan jalan aspal dan beton yang memudahkan kendaraan sampai ke puncak. Namun, pengunjung tetap perlu berhati-hati karena jalur menanjak dan berkelok-kelok. Dari segi harga, tiket masuk ke kawasan ini terbilang terjangkau (sekitar Rp15.000 untuk lokal di akhir pekan), namun terdapat biaya tambahan untuk masuk ke dalam patung (sekitar Rp20.000), serta parkir dan toilet yang dikenakan secara terpisah.

Meski beberapa fasilitas seperti tower patung masih memerlukan perbaikan (terlihat adanya kabel terbuka dan lampu rusak), pengalaman menyaksikan keindahan alam Toraja dari atas benar-benar sepadan. Tersedia juga banyak toko suvenir yang tertata rapi di sepanjang area keluar, memudahkan pengunjung mencari oleh-oleh khas Toraja.

Masukan untuk pengelola: alangkah baiknya jika sistem tiket disederhanakan menjadi satu paket agar lebih praktis dan nyaman bagi wisatawan, serta penataan parkir dibuat lebih rapi dengan satu area khusus.

Secara keseluruhan, ini adalah destinasi yang layak masuk daftar kunjungan saat berada di Tana Toraja—tak hanya untuk nilai religius, tetapi juga keindahan alam yang memukau."
ChIJs8z4-u7tky0R0SmrqPRGQqA,Sylvester Halim,5.0,sebulan lalu,Tidak ada menyangka ada tempat seindah ini di ujung atas gunung. Semoga Tuhan Yesus selalu memberkati kita semua. Amin
ChIJs8z4-u7tky0R0SmrqPRGQqA,Sandy Dewanto,5.0,setahun lalu,"Salah satu destinasi wisata yang layak dikunjungi jika mendatangi Tana Toraja. Patung Yesus Buntu Burake berada di ketinggian sekitar 1700 mdpl menyajikan panorama kota Makale dari atas bukit yang indah. Meskipun memiliki patung Yesus setinggi 45 meter sebagai icon wisata, pengunjung yang datang beragam tidak hanya umat Kristiani.

Dengan tiket masuk Rp15.000 per orang (weekend), pengunjung bisa menikmati pemandangan atau sekadar bersantai bersama keluarga. Untuk naik (masuk) ke dalam patung dikenakan lagi biaya tiket Rp.20.000 per kepala.

Sepanjang jalan masuk dan keluar area wisata dipenuhi toko cinderamata yang tertata rapi, sehingga pengunjung tidak perlu bingung mencari buah tangan atau souvernir khas Toraja.

Sedikit masukan untuk lahan parkir sebaiknya dijadikan satu area khusus dan diperbaiki lagi. Mengingat setiap pengunjung yang parkir masih dipungut biaya parkir lagi."
ChIJs8z4-u7tky0R0SmrqPRGQqA,H Agung Nugroho,4.0,8 bulan lalu,Pemandangan sangat bagus. Udara sejuk dan segar. Tapi kurang cocok untuk tujuan doa/religius. Fasilitas doa tidak ada. Pengunjung hanya untuk melihat pemandangan sekitar. Beberapa malah untuk tiktok
ChIJidAw6lIdvy0RkBC2CayiAWE,MaliqMaiq,5.0,2 bulan lalu,"Gratis 24 jam. Tempat nongkrong sore yang strategis buat liat sunset, foto2, kulineran khas seperti Pisang epe dan mi titi bisa jg phinisi cruise, dekat masjid kubah 99 dan masjid terapung.

Hanya kadag terganggu dengan anak2 lokal yang memaksa kita membeli tisu dan jasa foto"
ChIJidAw6lIdvy0RkBC2CayiAWE,Christine Pepah,4.0,5 bulan lalu,"Beautiful sunset, tempat olahraga, banyak makanan khas Makassar seperti pisang epe dan saraba, banyak spot foto, sepertinya selalu ramai, harga makanannya jelas (ada menu, tidak overprice).

Sayangnya pantai dan lokasinya kotor, sampah di mana-mana (termasuk di air laut), dan agak bau.
Perlu disiapkan tempat sampah & denda kalau nyampah, sayang banget seperti tidak dirawat."
ChIJidAw6lIdvy0RkBC2CayiAWE,Deriani,4.0,3 bulan lalu,"Sampe sini malam hari karena mampir aja pas Kapal Labobar sandarnya cukup lama. Agak jauh sih kalo dari pelabuhan ke sini tp kemaren aku sama temenku naik bentor HAHAHAHAA. Anyway, kalo malem agak sepi sih ya dan banyak anak2 muda nongkrong atau mancing (?)
Di sekitarnya juga banyak yg jualan makanan dan minuman khas Makassar salah satu yg aku cobain itu pisang epe sama apa ya minumannya lupa. Tp so far kayakny harus balik lg pas siang yaa."
ChIJidAw6lIdvy0RkBC2CayiAWE,Salsa Bellamilenia Putri,5.0,2 bulan lalu,Pagi pagi setelah hujan syahdu sekali ke pantai losari tempatnya enak adem dengan pemandangan masjid 99 kubah 🥰 …
ChIJidAw6lIdvy0RkBC2CayiAWE,Judge Retno Ari,5.0,6 bulan lalu,"Nyaman untuk olahraga jalan kaki atau lari pagi atau sore. Banyak penjual makanan dan minuman juga.
Tolong warganya jaga kebersihan ya, buang sampah di tempat yang sudah disediakan, jangan buang sampah di laut/sembarangan. Malu2in kalian. 🫣🫠
Ayo kita sama2 jaga tempat wisatanya. 🤗"
ChIJidAw6lIdvy0RkBC2CayiAWE,Lisaria Anjelina,5.0,Diedit 6 bulan lalu,"Kalo ke Makassar jangan lupa datang ke pantai Losari ini salah satu pantai yang Indah ada di kota Makassar…
pantainya indah dan bisa melihat pemandangan sunset, kapal laut, danau dan masjid Kuba 99 yang sangat bagus dan indah…
Tempat ini juga sangat ramai dan dikelilingi banyak penginapan hotel, resto, dan penjual kaki lima, dll.
Kalo pagi hari bisa buat Olga jalan santai sambil menikmati suasana pagi hari kota Makassar.
Malam harinya banyak penjual di pinggiran pantai pisang epe, jagung bakar, minuman, dll"
ChIJidAw6lIdvy0RkBC2CayiAWE,Arif Rahman Nurdianto,5.0,3 bulan lalu,Tempat yang nyaman untuk menikmati sunset. Dilengkapi view masjid kubah 99 serta kapal2 pinisi
ChIJidAw6lIdvy0RkBC2CayiAWE,Imam Mahdi Santoso,4.0,6 bulan lalu,"Untuk penenpatan dan sandar kapal phinisinya kayaknya perlu di tata ulang. Sehingga panorama dan background masjid 99 kubahnya kurang maksimal. Perlu dibuatkan dermaga khusus kapal phinisinya sehingga lebih estetik lagi dan lebih bagus lagi untuk background dibelakang. Mungkin agak ke kiri sedikitsedikito penempatannya sehingga panorama masjid kubah 99, laut dan kapal phinisinya jadi dapat semua."
ChIJidAw6lIdvy0RkBC2CayiAWE,Arnita Y. Sologi,5.0,7 bulan lalu,"Pantai ikonik di Makassar yang wajib dikunjungi! 🌅
Pemandangannya indah, terutama saat sunset—langit oranye keemasan benar-benar bikin takjub. Banyak pilihan makanan khas Makassar di sekitar area, jadi bisa sekalian kulineran.

Tempatnya ramai terutama sore dan malam hari, tapi suasananya justru jadi lebih hidup. Cocok buat jalan santai, nongkrong, atau sekadar menikmati angin laut.

Recommended banget buat wisatawan maupun warga lokal yang ingin menikmati vibe khas Makassar. 🙌"
ChIJidAw6lIdvy0RkBC2CayiAWE,Imam Ferly Hasan,5.0,3 bulan lalu,"Pantai Losari merupakan ikon wisata paling terkenal di Kota Makassar, Sulawesi Selatan. Pantai ini bukan sekadar pantai biasa dengan hamparan pasir, melainkan sebuah kawasan pelataran publik (anjungan) di tepi laut yang membentang dari utara ke selatan sepanjang hampir satu kilometer.

Berikut adalah panduan lengkap mengenai Pantai Losari untuk kunjungan Anda:

1. Daya Tarik Utama & Aktivitas
Pantai Losari dikenal sebagai ""pantai terpanjang di Indonesia"" karena deretan warungnya. Beberapa hal yang bisa Anda lakukan di sini antara lain:

Menikmati Sunset Terbaik: Lokasinya yang menghadap ke barat menjadikan pantai ini tempat favorit warga dan turis untuk melihat matahari terbenam dengan latar belakang Selat Makassar.

Wisata Religi: Terdapat dua masjid ikonik di kawasan ini:

Masjid Amirul Mukminin: Masjid terapung pertama di Indonesia.

Masjid 99 Kubah: Bangunan megah dengan arsitektur unik hasil rancangan Ridwan Kamil yang menjadi latar foto favorit.

Anjungan Ikonik: Anda bisa berfoto di beberapa pelataran besar seperti Anjungan Makassar, Anjungan Bugis, Anjungan Toraja, dan Anjungan Mandar yang menampilkan patung dan simbol budaya khas Sulawesi Selatan.

Wahana Air: Pengunjung dapat menyewa perahu bebek bermesin, menaiki kapal Phinisi untuk tur edukasi keliling pulau terdekat (seperti Pulau Lae-Lae), atau mencoba olahraga air seperti flyboarding."
ChIJXdb6FGp1hzIRj_DDslIOGQI,Dany Sulistiyo,5.0,5 bulan lalu,"Monumen penanda titik nol kilometer yang menjadi simbol pusat geografis dan identitas kota. Terletak di jantung Kota Manado, tugu ini memiliki nilai historis dan filosofis sebagai titik awal pengukuran jarak antarwilayah di Sulawesi Utara. Desain modern yang mencerminkan semangat kemajuan dan kebanggaan daerah. Kawasan di sekitar tugu kini juga berfungsi sebagai ruang publik yang ramai dikunjungi wisatawan maupun warga lokal, menjadikannya salah satu ikon penting dalam pengembangan pariwisata dan citra Kota Manado."
ChIJXdb6FGp1hzIRj_DDslIOGQI,Agus Pablo,5.0,setahun lalu,"Tempat Finis daeng ampes yg viral di medsos karena berjalan kaki dari Makassar ke manado. Juga Tempat nongkrong dan istirahat sejenak oleh para sopir angkutan umum dan Para pengunjung pasar 45 dan bersehati yg mungkin sedikit lelah berkeliling keluar masuk toko mencari ataupun memilih belanjaan yg disukainya. Tugu sederhana berbentuk 3 buah tiang bengkok yg menopang globe atau bola dunia ditengah atas dengan dikelilingi  tulisan Zero bukan nol yg menandakan bahwa bahwa Manado go internasional ataupun juga kota dunia yg berarti merupakan salah satu kota terbaik di dunia yg menjadi objek wisata ataupun tujuan para wisatawan lokal maupun asing dari berbagai penjuru dunia. Jika diperhatikan tugu Zero point memiliki nilai plus sejarah yg luar biasa, tidak jauh disampingnya terdapat museum perjuangan rakyat Sulawesi Utara. Dan terdapat juga tugu worang berupa patung tentara berjumlah tujuh orang yg penuh makna perjuangan. Bangsa yg besar adalah bangsa yg menghargai jasa para pahlawannya."
ChIJXdb6FGp1hzIRj_DDslIOGQI,Djaryati DJ,4.0,6 tahun lalu,"Jalan nya terlalu sempit untuk sebuah tugu iconinc Zero point 0KM.  Ramao Dan macet saat malam.  Di salah satu sisi jalan ada penjual penjual , dekat trotoar lurus sampai ke arah Mall. Tapi aga susah cari tempat makan yg cozy."
ChIJXdb6FGp1hzIRj_DDslIOGQI,Artadana84 Riganata,4.0,6 tahun lalu,"Bisa jadi tempat foto yang menarik, namun sayang banyak angkot yang berhenti mencari penumpang di area ini."
ChIJXdb6FGp1hzIRj_DDslIOGQI,AIG,3.0,8 tahun lalu,"Titik nol, banyak angkot/mikrolet ke berbagai jurusan di sini. Tapi itu jugalah yg membuat di area ini macet banget! Angkotnya pada melambat dan ngetem jadi bikin macet panjang."
ChIJXdb6FGp1hzIRj_DDslIOGQI,Gwynn Lima,5.0,6 bulan lalu,Bagus banyak kendaraan yg berhenti ditugu Zero point.dari bermacam-macam kendaraan trayek semua  wilayah lancar.
ChIJXdb6FGp1hzIRj_DDslIOGQI,iwan anggara,5.0,Diedit 6 tahun lalu,Zero point of Manado atau titik nol Manado merupakan sebuah tugu yang berdiri ditengah jalan perempatan antara jalan sam  Ratulangi dengan jalan menuju pasar 45. Disebut titik nol karena banyak kantor administratif pemerintah di bangun di sekitar persimpangan ini dan juga sebagai pengukuran jarak di semua tempat kota ini. Pada jam-jam kerja sering terjadi kemacetan dikarenakan banyaknya orang yang lalu lalang dan angkutan umum yang melebihi kapasitas jalan raya.
ChIJXdb6FGp1hzIRj_DDslIOGQI,Fauzy Trisaksono,2.0,8 tahun lalu,"Termasuk pusat kota Manado tapi kurang dikelola dengan baik. Kawasan disekitar landmark ini malah terlihat semrawut. Lalu lintasnya kacau. Terdapat portal-portal beton pembagi jalan, rasanya kurang nyaman dan mengganggu aktifitas & pemandangan visual. Harapannya bisa dikelola lebih baik lagi..."
ChIJXdb6FGp1hzIRj_DDslIOGQI,Ye Mayo,4.0,6 bulan lalu,"Tugu zero point Manado, mungkin perlu di renovasi,. Biar lebih menarik,."
ChIJXdb6FGp1hzIRj_DDslIOGQI,nusantara danang,1.0,8 tahun lalu,Salah satu kawasan yang padat dan macet di manado
ChIJleApO8v3vi0R8xU5_AQbpcs,endika dika27,4.0,2 bulan lalu,Mungkin saya datang di saat yang tidak tepat airnya keruh tapi swasana nya asri bagus walau sedikit masukan harus ada perawatan lebih sih di area seperri toilet yang dekat loket itu kotor dan kran air tidak bisa
ChIJleApO8v3vi0R8xU5_AQbpcs,Kukuh Cakra D,5.0,5 bulan lalu,Wisata alam yang indah. Kalau air terjunnya biasa saja. Silahkan bisa naik ke atas untuk melihat danau tempat banyak kupu-kupu berkeliaran bebas. Terdapat goa juga di ujung jalan untuk melihat bekas kehidupan disana. Disediakan sewa lampu untuk masuk ke goa. Tempatnya cenderung kurang terawat
ChIJleApO8v3vi0R8xU5_AQbpcs,Laura Himawan,5.0,5 bulan lalu,"Air terjunnya bagus, perjalanan ke lokasinya dekat dan jalannya datar, sudah rata pakai paving blok.
Tiket masuk weekday wisatawan lokal 35.000 kalo turis asing 225.000"
ChIJleApO8v3vi0R8xU5_AQbpcs,Mohamad Sahal,5.0,4 bulan lalu,"Wisata aur terjun dan taman nasional bantimurung. So far tempatnya alami dan asri, udara sejuk dan banyak sekali kupu-kupu warna warni. Kalau tempatnya sudah mulai lapuk dan harus di cat ulang.
Tiket 35000 hari biasa dan 40000 weekend."
ChIJleApO8v3vi0R8xU5_AQbpcs,Herawati Andi,3.0,3 bulan lalu,Perlu banyak perbaikan yah. Kotor dan sama sekali tidak ada tempat berteduh ketika hujan. Beli 7 tiket. 6 tiket lokal (@35 rb)1 wisatawan(@255 rb)
ChIJleApO8v3vi0R8xU5_AQbpcs,Sidrap Custom Paint,5.0,7 bulan lalu,"Tempat yang sangat indah, airnya jernih, banyak kupu² berterbangan, bagi kalian yang mau berlibur bersama keluarga ke tmpt ini saya rekomendasikan, ramai penjual di dalam jadi bagi kalian yang tidak mau cape² sedia makanan dari rumah bisa juga beli di dalam wisata dengan harga yang normal saja semua,ada kopi,sereba,ice blend,pop ice, gorengan (ubi goreng,pisang goreng dll)nasi campur, lauk, nasi kuning semua ada. Saran saya klo bisa di dalam wisata jangan ada musik,karaoke,live band,apa lagi ada yg bawa salon sendiri, para pengunjung pasti pusing yg mana mau di dengar klo semua bunyi mana soundnya bising lagi, kita datang ke wisata mau dengar bunyi kicauan burung, bunyi air terjun dan lainnya di alam hutan bukannya bunyi musik yang bertebaran dari berbagai arah sangat mengganggu telinga"
ChIJleApO8v3vi0R8xU5_AQbpcs,Anisa Prasetya Putri,5.0,4 bulan lalu,"Suasana asri, air jernih dan sejuk. Tiket masuk 35 ribu/orang. Tidak terlalu ramai untuk kunjungan di weekdays"
ChIJleApO8v3vi0R8xU5_AQbpcs,Penti Thio,5.0,8 bulan lalu,"Tempat yang nyaman untuk rekreasi keluarga, di bagian atas air terjun pemandangan sangat indah. Bulan terbaik untuk berkunjung ke sini sekitar bulan september-november, cuaca tidak terlalu panas dan musim penghujan belum tiba. Tidak direkomendasikan untuk berkunjung sekitar bulan Januari - februari di saat curah hujan meningkat menyebabkan air terjun meluap.berkunjungalah sekitar hari kerja dan hari Sabtu, hari libur dan tanggal merah kemungkinan tempat wisata ini ramai sekali."
ChIJleApO8v3vi0R8xU5_AQbpcs,Anca,4.0,setahun lalu,"Saya datang ketika week day karena jika weekend pasti akan ramai sekali, untuk tiket masuk dengan tarif Rp.30.000, untuk fasilitas di mulai kamar mandi dan kamar ganti yang sangat kotor karena sepertinya tidak mendapatkan perhatian dari pihak pengelola, banyak kamar mandi yang keran airnya tidak berfungsi dengan baik di tambah lagi pintunya yang sudah tidak dapat tertutup dengan baik. Selanjutnya untuk panoramanya jangan di ragukan lagi karena memang masih asri dan tentunya udaranya yang aden dan sejuk, Bantimurung ini  menyajikan pemandangan bebatuan karst yang terjal dan membentuk telaga dan air terjun. Di sini kalian bisa menyewa kano dengan harga Rp 50.000/orang .di telaga yang di sebut Danau Kassi Kebo dengan panorama hutan lebat dan bebatuan karst dengan air danau yang bewarna hijau kebiruan, selain itu kalian juga bisa menyewa ban dengan harga Rp.25.000 untuk ukuran besar dan Rp. 15.000 untuk ukuran kecil
untuk menikmati  air terjun Bantimurung dengan berselancar dari kaki air terjun sampai ke  sungai, selain wisata tersebut kalian juga bisa memasuki gue mimpi yang tidak jauh dari telaga atau danau kassi kebo . Catatan penting untuk semua pengunjung mohon jangan membuang sampah sembarang terutama di sela-sela bebatuan atau pepohonan, walaupun memang ada pengelola yang membersihkannya setiap hari akan tetapi untuk menjaga keasrian dari Bantimurung ini merupakan tanggung jawab bersama"
ChIJleApO8v3vi0R8xU5_AQbpcs,Marsya Marceline,5.0,setahun lalu,"Tempat wisata ini sudah aku kunjungi sejak masih TK, dan sekarang jauh lebih bagus dibanding dulu. Di sini bisa sewa ban pelampung buat seru-seruan main di waterfall slide-nya. Tiket masuknya juga nggak terlalu mahal dan bisa langsung beli on the spot. Parkirannya luas, jadi nggak perlu khawatir kehabisan tempat. Tapi sayangnya, tempat bilas atau kamar mandinya jelek banget dan jorok, jadi harus siap-siap aja kalau mau ganti baju di sana."
ChIJ2ZoiF-LBky0Rez3x1SgEWfo,Muh Ali Ikhsan,5.0,3 bulan lalu,"Lolai benar-benar pantas disebut “Negeri di Atas Awan”. Datang pagi-pagi sebelum matahari terbit adalah waktu terbaik karena kamu bisa menyaksikan lautan awan yang menutupi lembah di bawah, dengan siluet pegunungan yang perlahan disinari cahaya keemasan. Pemandangannya luar biasa dan terasa seperti berada di negeri dongeng.

Akses jalan sudah cukup baik meskipun menanjak dan berkelok, jadi disarankan pakai kendaraan yang prima. Di area atas tersedia beberapa spot foto, tempat duduk, dan warung kecil untuk ngopi atau minum teh sambil menikmati pemandangan.

Udara sejuk, suasana tenang, dan panorama yang memanjakan mata bikin betah berlama-lama di sini. Cocok banget untuk pecinta alam, fotografi, atau sekadar ingin healing dari rutinitas. Wajib masuk daftar kunjungan kalau ke Toraja!"
ChIJ2ZoiF-LBky0Rez3x1SgEWfo,Irtiyaah Imtiyaaz,5.0,sebulan lalu,"Negeri di Atas Awan Toraja benar-benar sesuai namanya, serasa berada di atas awan ☁️✨

View malamnya tidak kalah cantik, suasana city night dengan gemerlap lampu yang terlihat dari ketinggian 🌌

Tempatnya tenang, sejuk, dan bikin betah. Udara cukup dingin, jadi jangan lupa bawa jaket yaa ^^

Saya ambil penginapan pas hari H dan tetap dapat yang oke dengan harga yang masih terjangkau. Wisata yang wajib dikunjungi kalau ke Toraja! ⛰️"
ChIJ2ZoiF-LBky0Rez3x1SgEWfo,Laode Septer,5.0,sebulan lalu,"Di Tombi, negeri di atas awan,
langit terasa lebih dekat dan waktu berjalan lebih pelan.
Kabut yang menari di antara perbukitan seolah mengajarkan satu hal:
bahwa kadang kita perlu naik lebih tinggi,
agar bisa melihat hidup dengan hati yang lebih tenang."
ChIJ2ZoiF-LBky0Rez3x1SgEWfo,syahiq harpi,3.0,3 bulan lalu,"tempat yang indah dan asri, namun tidak terkelola dengam baik fasilitas dan pengnjungnya. fasilitas seperti kamar mandi umum sangat kotor, bahkan tidak ada air saat saya berkunjung kesini (di awal tahun)
area camp yang tidak semestinya didirikan malah dijadikan area camp. menurut hemat saya hal tersebut jangan dibiarkan."
ChIJ2ZoiF-LBky0Rez3x1SgEWfo,Dwi Wahyuni,5.0,3 bulan lalu,"The real negeri di atas awan, waktu itu kesana subuh karna kata org harus kesana subuh kalau mau dpt awan tebalnya.
Tp trnyata malam sebelumnya hujan deras jd awan tdk ada pas di subuh hari, sdh hampir pulang trnyata awan tebalnya muncul di jam 8 pagi, MasyaaAllah Subhanallah sangat besar kuasa Allah.."
ChIJ2ZoiF-LBky0Rez3x1SgEWfo,Nidaatul Hasanah,5.0,3 bulan lalu,"Datang ke sini di tanggal 1 Januari 2026, keadaannya macet karena banyak yang berkunjung. Tiketnya 20.000. Viewnya keren, bisa lihat pemandangan Toraja di bawah sana, bisa ngecamp juga. Hutan pinusnya cantik. Suasana bisa berkabut karena di gunung. Pokoknya keren di sini"
ChIJ2ZoiF-LBky0Rez3x1SgEWfo,Wahdania Ahmad,5.0,6 bulan lalu,"harus kesini gess, kalo cuacanya cerahh bener² dapet pengalaman yg magisss, apalagi pas kabut terus hutan pinusnya kayak tertutupi gituu, looks like negeri penyihir i thought wkwk, fasilitas juga okee dan airnya melimpahh koo"
ChIJ2ZoiF-LBky0Rez3x1SgEWfo,Ridwan calmboy,4.0,sebulan lalu,"Tempatnya keren,ada camp area dan belum terlalu crowd seperti wisata negeri atas awan lainnya.."
ChIJ2ZoiF-LBky0Rez3x1SgEWfo,Pelmi Mitra,5.0,Diedit 2 bulan lalu,"Perjalanan terbayar dgn keindahan alamnya.
Harus kejar utk dapat view subuh. Paling lat jam stengah 6. Itu amazing view nya.
Perjalanan dari kota rantepao sekitar stengah jam sampai 45 menit"
ChIJ2ZoiF-LBky0Rez3x1SgEWfo,ILHAM BAGUS,5.0,4 bulan lalu,"Tempatnya bagus
Enak buat jalan2 sendiri atau sama keluarga"
ChIJ-c5v3ezzuy0R2sia802Iu8U,Risandy,5.0,3 bulan lalu,"Ini kunjungan kedua kalinya dan hampir mirip dengan dulu. Cuman, sekarang tempat jualan semakin banyak dan mulai mendekati bibir pantai. Wahana juga semakin banyak seperti Banana Boat dan lainnya. Dulu masih sedikit orang jualan, jadi rasanya lebih seger aja. Tempat sangat ramai di hari libur seperti Sabtu & Minggu.

Tapi untuk pemandangannya tetap keren. Disarankan kalau ke pantai pasir putih tuh datang jam 9 pagi sampai jam 2 siang biar viewnya makin cantik. Sebenarnya, dari pagi pantai sudah ramai sekali karena banyak yang tinggal di penginapan sekitar pantai. Hampir semua rumah2 di sekitar pantai disewakan untuk menginap. Tersedia banyak sekali jenis penginapan dengan harga yang berbeda² juga. Mulai dari yang bentuknya hanya per kamar seperti kost-kostan, rumah hingga hotel berbintang kalau mau lebih fancy.

Untuk makanan & minuman dan souvenir, gausah ragu. Hampir di seluruh jalan banyak yang jualan. Jadi gak perlu takut laper. Banyak sekali pedagang kaki lima dan ada juga beberapa warung kalau mau makan yang lebih berat. Jenis2 souvenir juga bervariasi, mulai dari pakaian hingga perhiasan.

Kurangnya pantai ini adalah banyak sekali orang yang buang sampah sembarangan. Banyak juga retakan kayu² yang terbawa arus dan tidak dibersihkan oleh orang lokal setempat. Saya sarankan kalian yang ingin berkunjung untuk tolong menjaga kebersihan lingkungan, untuk kenyamanan sendiri juga."
ChIJ-c5v3ezzuy0R2sia802Iu8U,Nirwana Wana,5.0,5 bulan lalu,liburan bareng keluarga sangat seru dan juga pantainya indah dengan perpaduan pasir berwarna putih. banyak wisatawan dan turis yang berkunjung wajib mampir pokoknya besttt.
ChIJ-c5v3ezzuy0R2sia802Iu8U,ahmad taufik Al-alaby,5.0,5 bulan lalu,"Pantai yg sangat bagus dari segi pasir putih nya juga laut yg biru

Di Kalimantan Selatan tidak ada pantai seperti itu ,
Semoga bisa kesana lagi

Salam dari kalimantan Selatan"
ChIJ-c5v3ezzuy0R2sia802Iu8U,Rira,4.0,5 bulan lalu,"Pantainya bagus, sayang waktu saya datang di hari Kamis kondisi pantai kotor dan banyak sampah, baru mulai dibersihkan di hari Sabtu."
ChIJ-c5v3ezzuy0R2sia802Iu8U,Muhamad Sabani,2.0,9 bulan lalu,"Kesan pertama memasuki kawasan wisata Tanjung Bira, pengunjung bemar benar dimonetize, siperas uangnya.
Pertama ada gerbang, sitanya berapa orang, tarif masuk 20 ribu per orang dan mobil 10 ribu.
Ketika mau ke spot titik nol dan jembatan kaca, lewat gerbang lagi, bayar lagi, bayar per orang 10 ribu dan mobil 5 ribu.
Swmua penginapan disini harganya over price mahal banget untuk ukuran kampung padat itu. Gueat house aja 300 ribu lebih. Hotel apalagi lebih mahal. Padahal tempat parkir sempit, jalan sempit, fasilitas kamar minim.
Harga makanan juga over price, mahal. Gorengan di pinggir pantai, pisang goreng harganya 2500.
Pantai nya juga kurang rapi dan kurang bersih. Banyak sampah tidak terkendali. Terlalu crowded pantai ini dengan kapal dan speedboot penarik banana boot. Sehingga orang yg pengin mandi dan berendam jadi terganggu. Banyak tambang pengikat kapal parkir, sangat tidak nyaman buat berendam.
Cuaca pas saya datang juga hujan terus.. nggak dapat sunset dan sunrise.
Tidak ada guide penjaga pantai dan rescue yg standby. Jadi keamanan tidak jadi prioritas."
ChIJ-c5v3ezzuy0R2sia802Iu8U,yhasma raina,5.0,3 bulan lalu,Keren banget liburan yang cukup menyenangkan dan seru dengan banana boot dan donat balon yang 😘
ChIJ-c5v3ezzuy0R2sia802Iu8U,ALFIANSYAH BM,5.0,setahun lalu,"Pantai Tanjung Bira di Bulukumba adalah sebuah keajaiban alam yang luar biasa! Pasir putihnya yang lembut dan halus seperti tepung, membentang luas di sepanjang garis pantai.  Air lautnya begitu jernih, berwarna biru kehijauan yang memikat, sehingga Anda bisa melihat dasar laut yang dipenuhi terumbu karang dan ikan-ikan berwarna-warni bahkan tanpa menyelam.  Hamparan langit biru yang cerah semakin menambah keindahan panorama pantai ini.  Di kejauhan, Anda bisa melihat pulau-pulau kecil yang menambah daya tarik pemandangan.  Saat matahari terbenam, langit berubah warna menjadi gradasi jingga, merah, dan ungu yang spektakuler, menciptakan pemandangan yang tak akan pernah Anda lupakan.  Tanjung Bira bukan hanya pantai, tetapi sebuah lukisan alam yang sempurna."
ChIJ-c5v3ezzuy0R2sia802Iu8U,Anca,5.0,9 bulan lalu,"Fasilitas lengkap untuk para pengunjung, harga makanan masih normal. Pantai bira merupakan salah satu pantai dengan pasir dan terpilih pernah saya kunjungi, pengin harus membayar 20k untuk uang masuk"
ChIJ-c5v3ezzuy0R2sia802Iu8U,Ullah Syahrullah,5.0,9 bulan lalu,"Pantainya Indah, Bersih, dan akses jalan menuju pantainya bagus, namun ada kekurangan yaitu sulitnya Air bersih untuk buang Air kecil dan Wudhu, kata penduduk di sana air bersihnya sulit nunggu kiriman dulu.. sangat tidak bagus jika tiba-tiba kami mau ke toilet tapi tidak ada stok air bersihnya jadi sulit ."
ChIJ-c5v3ezzuy0R2sia802Iu8U,Muhammad Arsyad,5.0,10 bulan lalu,"Saat ini ... tempat ini sudah ramai penuh dengan fasilitas, baik berupa warung2 warga sampai dengan fasilitas rekreasi seperti banana booth .... oh iya, tersedia juga perahu yang menawarkan jasa ke pulau Liukang tempat penyu ...."
ChIJN1blDtvtiy0R_CxnmF5s5Kg,Riska Septiana,5.0,6 bulan lalu,"Taman Gor Kota Palu sebelumnya sudah direvitalisasi dengan penambahan Monumen Patung Ir. Soekarno. Di tahun 2025 ini, RTH Taman Gor kembali dibenahi agar tampil lebih fresh dan modern. Tempat ini akan menjadi ruang hijau kota yang menyejukkan, cocok untuk warga berolahraga, bersantai, hingga berinteraksi. Selain itu, juga berperan penting menjaga keseimbangan lingkungan perkotaan khususnya di Kota Palu"
ChIJN1blDtvtiy0R_CxnmF5s5Kg,Shinta Octavira,5.0,9 bulan lalu,Tempatnya enak buat santai santai Rindang tempat olahraga yg nyaman banyak juga penjual cemilan dari yg berat sampai ringan
ChIJN1blDtvtiy0R_CxnmF5s5Kg,Mohamad Anan,5.0,10 bulan lalu,"Salah satu taman kota yang sering digunakan untuk sebuah acara/kegiatan. Oleh karenanya, disarankan fasilitas yang ada agar diperbaiki sehingga dapat digunakan oleh pengunjung."
ChIJN1blDtvtiy0R_CxnmF5s5Kg,Tutus Wijayanti,4.0,4 bulan lalu,"Air penampungan penuh, meluber kemana mana dan tidak ada yg matikan, pemborosan"
ChIJN1blDtvtiy0R_CxnmF5s5Kg,Asdar Munandar,4.0,Diedit setahun lalu,"Indonesia butuh lebih banyam tempat seperti ini. Ruang bersosialisasi. Taman bermain. Tempat berkumpul untuk berolahraga. Sayang sekali tempat ini meski banyak dikunjungi anak2 tapi kesadaran orang dewasa untuk tidak merokok di sekitar mereka rendah banget.

Harusnya ada aturan yang tegas melaran merokor di ruang publik sepeeti in."
ChIJN1blDtvtiy0R_CxnmF5s5Kg,Asi Nurjanah Gumilang,5.0,3 tahun lalu,"Tempat bagus untuk anak, keluarga, sekaligus teman. Banyak pilihan untuk berolahraga, untuk kebersihan perlu diperhatikan kembali, sedih lihat mushola dekat lapangan basket, kotor dan tidak terawat, minimal ada penghalang juga 💦

#palumantapbergerak"
ChIJN1blDtvtiy0R_CxnmF5s5Kg,gesya arsih,5.0,2 tahun lalu,"Langganan buat olahraga tiap sore..
Arena olahraganya komplit, lapangan basket, skateboard, mini gym, dan bisa lari-lari muterin gor. Kalo laper atau haus,bisa beli minuman di area warung.. ada area bermain mini buat anak juga.."
ChIJN1blDtvtiy0R_CxnmF5s5Kg,Dewi Rahim,5.0,2 tahun lalu,"Hadir disini karena ikut memeriahkan Hari Pendidikan Nasional dengan menyewa tenant unuk produk pempek kami.
Tempatnya sejuk karena banyak pepohonan, nyaman buat anak, orangtua juga tidak perlu khawatir akan keamanan anak-anaknya. Cocok buat arena olahraga bahkan piknik keluarga"
ChIJN1blDtvtiy0R_CxnmF5s5Kg,auni mumtaz,4.0,3 tahun lalu,"Taman Gor, tempat ini biasa dijadikan tempat berolahraga karena tersedia beberapa fasilitas pendukung dengan area yang cukup luas dan rindang karena adanya pepohonan. Biasanya di taman gor ini, sering atau biasa dijadikan tempat untuk membuat pertandingan basket atapun acara acara lainnya. Di tempat ini juga tersedia fasilitas kuliner."
ChIJN1blDtvtiy0R_CxnmF5s5Kg,Sya_ Hid,2.0,setahun lalu,"Fasilitas olahraganya banyak yang rusak, banyak sampah, di arena taman skate bau pesing"
ChIJJ7bA85XBky0R7ZS3wepAzr4,Enda Djent,5.0,2 bulan lalu,"Mantap ..
Nitip foto dlu dsni, lain wktu smoga bisa jlan2 ksni lagi"
ChIJJ7bA85XBky0R7ZS3wepAzr4,Muhammad Ario Syihabuddin,5.0,8 bulan lalu,"Menikmati negeri diatas awan. Pastikan pakai jaket, disini dingin. Cocok untuk yang ingin melihat sunrise, banyak tempat untuk berswafoto. Tersedia warung sederhana yang menyajikan kopi Toraja dan Indomie, cocok untuk pengunjung yang butuh kehangatan."
ChIJJ7bA85XBky0R7ZS3wepAzr4,Fatimah Dwi,5.0,8 bulan lalu,Sesuai keberuntungan aja dapet awan di sini tapi meskipun ga dapet tetep keren sih viewnya ada tempat ngopi dan makan gorengan juga dengan harga terjangkau hotelnya pun juga lumayan
ChIJJ7bA85XBky0R7ZS3wepAzr4,Anton Baco Pala,5.0,3 bulan lalu,Tempat wisata yang nyaman untuk bersantai dan menikmati pemandangan alam dan hamparan awan
ChIJJ7bA85XBky0R7ZS3wepAzr4,Dewi Safitri,4.0,3 bulan lalu,Tempat yg bgus dgn view luar biasa kembali ke alam
ChIJJ7bA85XBky0R7ZS3wepAzr4,Abdul Kasim Achmad,5.0,3 bulan lalu,Terdapat mushollah bagi yang ingin sholat subuh
ChIJJ7bA85XBky0R7ZS3wepAzr4,adil Haidir,5.0,setahun lalu,"Masya Allah... Tadabur alam kita di Lolai Totombi, sering disebut ""Negeri di Atas Awan,"" adalah tempat yang benar-benar memukau...!!! Dari sini, kita bisa menikmati pemandangan awan yang membentang seperti lautan, terutama saat pagi hari. Udara sejuk khas pegunungan Toraja dan suasana tenang membuat tempat ini sempurna untuk melepas penat. Jangan lupa menikmati kopi lokal Toraja sambil menyaksikan matahari terbit – pengalaman yang tidak terlupakan!."
ChIJJ7bA85XBky0R7ZS3wepAzr4,Niel Thms,5.0,setahun lalu,Kesini harus di waktu dini hari dan saat fajar supaya bisa menikmati hamparan awannya atau menginap di penginapan yang tersedia disini. Banyak juga wisatawan dan ramai pengunjung.
ChIJJ7bA85XBky0R7ZS3wepAzr4,nores snors,5.0,setahun lalu,"Lokasi ini yang pertama kali membuat Lolai dikenal sebagai negeri di atas awan. Jika beruntung, anda bisa mendapatkan view seperti berada di atas gumpalan awan putih dgn background sunrise yang mempesona. Jika sedang ""sepi awan"" viewnya jg tdk kalah menarik, karena terlihat Kota Rantepao dan sekitarnya dgn pemandangan perkampungan khas Toraja yang sangat indah. Anda belum ke Toraja jika belum sampai ke Tongkonan Lempe Lolai 😁😁"
ChIJJ7bA85XBky0R7ZS3wepAzr4,Efrain Apriwanto Rerung,4.0,2 tahun lalu,"Merupakan wisata pertama yang berdiri di Lolai pada sekitar tahun 2015 dan menjadi daya tarik wisatawan khususnya wisatawan dalam negeri.
Pada hari libur tempat wisata ini dipadati oleh wisatawan apalagi pada saat libur panjang maka wisatawan pun akan sangat memadati tempat wisata ini.
Daya tarik utama wisata di sini adalah pemandangan yang indah dari hamparan awan di pagi hari, selain itu dari ketinggian ditempat ini kita bisa menyaksikan hamparan sebagian daratan Toraja Utara (perkampungan, persawahan, kebun, bukit-bukit, serta kota Rantepao)serta pemandangan matahari terbit.
Demi untuk tidak melewatkan momen indah pemandangan hamparan awan maka wisatawan sampai harus berangkat pagi-pagi buta menuju ketempat wisata ini, tapi ada juga yang memilih untuk menginap di area wisata ini atau disekitar area wisata ini.
Fasilitas penunjang wisata di tempat wisata ini juga lumayan baik, mulai dari toilet umum, tempat istirahat, restoran, resort, spot foto, tempat mendirikan tenda, dll.
Tapi perlu diketahui juga bahwa tidak setiap kedatangan kita ke negeri di atas awan pasti akan mendapatkan momen indah hamparan awan yang luas, terkadang pemandangan awannya terpisah-pisah dan tidak banyak."
ChIJu4VVoVhzhzIR9sxb_RpwM5A,Dian “Icha” Icha,5.0,2 bulan lalu,"Spot foto yg jgn dilupakan kalo ke manado,,sebelum. Balik jkt mampir sini dulu, kalo bisa jam 10an ya sepi, kalo udah siang kayaknya rame.
Lokasinya yg pas untuk dpt anglenya masuk ke perumahan citraland.."
ChIJu4VVoVhzhzIR9sxb_RpwM5A,MP,5.0,4 bulan lalu,Spot foto kalau ke kota Manado. Ada di dalam komplek perumahan Ciputra.
ChIJu4VVoVhzhzIR9sxb_RpwM5A,Sisilia Saja,4.0,2 tahun lalu,"Patung ini ada dalam kawasan perumahan yang dibangun salah satu pengembang  elite nasional. Karenanya tidak semua orang dapat berkunjung ke sana.
Namun karena  patungnya besar banget dan dapat dilihat dari jalan raya, kita dapat melihatnya dari jalan raya.
Untuk berfoto, pengembang tersebut telah menyediakan 1 tempat yang dpt mengambil angle yg pas. Sayang kami tidak sempat ke sana karena waktu yang terbatas. Semoga dapat berkunjung kembali ke Manado ini dan berfoto di bawah patung Yesus Memberkati.
Terpujilah Tuhan, pencipta langit dan bumi dan pemberi kehidupan.

Medio, Manado, 04042024"
ChIJu4VVoVhzhzIR9sxb_RpwM5A,Januarto Naibaho,5.0,setahun lalu,"Perjalaanan hari ini kita dari kota Tondano menghabiskan 1 jam kurang lebih.
Suasananya enjoyable dan asri.
Pas dilokasi ini ada alfamart jadi kita bisa ngopi dan mkan telur sperti yang ada dlam fto yang di lampirkan.
Setidaknya kita bisa sambil duduk dan menikmati pemandangan dari alfamart.
Lokasinya strategis dan mudah d temukan.
Cocok untuk fto kluarga dan sepanjang jalan kita temukan para bapak-bapak yang jual nenas khas Manado. Rasanya manis sperti madu hehehe.
Lain kali kita akan ksini lagi. Ccok soalnya menghabiskan posisi libur."
ChIJu4VVoVhzhzIR9sxb_RpwM5A,Agung Panji,5.0,6 bulan lalu,Salah satu icon kota Manado yang wajib dikunjungi.
ChIJu4VVoVhzhzIR9sxb_RpwM5A,Niel Thms,5.0,2 tahun lalu,"Pertama kali ke Manado pada tanggal 19-24 April 2023.

Pengalaman luar biasa yang dulu hanya bisa melihat di Televisi dan Internet sekarang sudah bisa datang kesana dan melihat sendiri keindahan tempatnya, sudah terencana sejak remaja ingin melihat monumen ini sekaligus keindahan kota Manado.

Di tambah lagi bertemu sama saudara seiman dan sesama orang Dayak Banjar dari Kota Banjarmasin Kalimantan selatan.

Puji Syukur kepada Tuhan. 🙏✝️"
ChIJu4VVoVhzhzIR9sxb_RpwM5A,Sony Warsono,4.0,2 tahun lalu,"Monumen Yesus Memberkati adalah patung Yesus Kristus yang terletak di Manado, Indonesia. Patung ini berdiri setinggi 50 meter dan terdiri dari penopang 20 meter dan patung itu sendiri yang memiliki ketinggian 30 meter. Monumen ini merupakan salah satu landmark Kota Manado dan menjadi salah satu tujuan wisata populer di Sulawesi Utara.

Ide dari pembuatan patung ini datang dari Ir. Ciputra, seorang pengembang real estate, saat dia dan istrinya berdiri di tempat dimana patung itu ada sekarang. Patung tersebut dibangun sebagai ajakan untuk masyarakat Manado dan Sulawesi Utara untuk menyembah Allah.

Pembangunan monumen ini dimulai pada tahun 2006 dan selesai pada tahun 2007. Patung ini diresmikan oleh Gubernur Sulawesi Utara Sinyo Harry Sarundajang pada tanggal 2 November 2007.

Monumen Yesus Memberkati dibuat dengan menggunakan batu sabun yang berasal dari Sulawesi Utara. Patung ini dirancang oleh seorang pemahat asal Italia bernama Franco Cimmino.

Monumen ini memiliki posisi yang miring dengan tangan Yesus Kristus yang terangkat ke atas. Posisi ini melambangkan Yesus Kristus yang sedang memberkati masyarakat Manado dan Sulawesi Utara.

Monumen Yesus Memberkati tidak hanya memiliki nilai religius, tetapi juga menjadi tujuan wisata yang populer. Setiap tahun, ribuan wisatawan datang ke Manado untuk melihat patung ini.

Berikut adalah beberapa fakta menarik tentang Monumen Yesus Memberkati:

• Patung ini adalah patung Yesus Kristus tertinggi di Indonesia, setelah Patung Yesus Kristus Buntu Burake di Toraja dan Monumen Yesus Raja di Maluku.
• Patung ini terbuat dari batu sabun yang berasal dari Sulawesi Utara.
• Patung ini dirancang oleh seorang pemahat asal Italia bernama Franco Cimmino.
• Monumen ini memiliki posisi yang miring dengan tangan Yesus Kristus yang terangkat ke atas.

Monumen ini tidak hanya memiliki nilai religius, tetapi juga menjadi tujuan wisata yang populer."
ChIJu4VVoVhzhzIR9sxb_RpwM5A,Heru Kristanto,5.0,setahun lalu,"Salah satu icon dan landmark Kota Manado, yg dikenal sebagai The Blessing City. Menarik perhatian karena berada di perbukitan dan kawasan perumahan."
ChIJu4VVoVhzhzIR9sxb_RpwM5A,Ale Vlog,5.0,Diedit setahun lalu,"Monumen Yesus tertinggi ketiga di Indonesia, terletak di atas bukit winangun manado.
Landmark religius kota manado dan spot foto menarik."
ChIJu4VVoVhzhzIR9sxb_RpwM5A,Ai J,5.0,4 bulan lalu,Bisa jadi sebagai icon kota manado dan sekitarnya
ChIJ8ee55MXmvi0RPbaA-1L_kfc,Muzdalifah Amin,3.0,2 bulan lalu,"Tempatnya luas dan asri, sejuk krn bnyak pohon juga. minesnya itu ad beberapa fasilitas yg tdk berfungsi sprti perosotan dannnnnnn lama skli mrmbersihkan kolam klo pagiiii plssss. Saran min, klo mmg buka jam 8 baiknya kolamnya dibersihkan sebelum itu krn kasian pengunjung nunggu kurleb sejam ehe"
ChIJ8ee55MXmvi0RPbaA-1L_kfc,Andi Ulfa Irna Januarty,5.0,4 bulan lalu,"Tempatnya luas, bersih, adem, rindang byk pepohonan. Banyak wahana bermain untuk anak2 dan bisa jg untuk seluruh keluarga. Ada kolam renangnya lengkap dgn perosotan bikin anak2 happy."
ChIJ8ee55MXmvi0RPbaA-1L_kfc,Mega Puspitasari,5.0,sebulan lalu,"Anak happy banget, ada berbagai macam kolam renang. Mulai dari bayi umur 2 tahun sampai dengan dewasa."
ChIJ8ee55MXmvi0RPbaA-1L_kfc,Nana Az-Zula,5.0,Diedit 11 bulan lalu,"semakin luas dan bersih
alam asri cocok buat refresing mata
kolam ada 4 ada khusus anak anak
spot potonya juga ada
permainan yg d ujung pojok mungkin bs d operasikan klw hari minggu"
ChIJ8ee55MXmvi0RPbaA-1L_kfc,ᴀᴋᴜɴ ʟᴇɢᴇɴᴅᴀ,5.0,Diedit 6 bulan lalu,"Bagus buat yg mau liburan sama keluarga,atau pasangan, dan harga tiket murah."
ChIJ8ee55MXmvi0RPbaA-1L_kfc,V Quirindi,5.0,setahun lalu,"Tempat wisata di pinggir kota, murah meriah, nyaman sejuk, kolam renangnya banyak buat anak-anak dan dewasa semua ada. Ada wahana bermain anak. Bisa keliling tempat wisata pakai sepeda eletrik, motor ATV harga 5000 an. Ada kolam tempat mancing juga. Ada fasilitas untuk family gathering.  Beberapa spot instagramable. Balai-balai tempat makannya banyak, WC buat mandi juga banyak. Bersih juga tempatnya."
ChIJ8ee55MXmvi0RPbaA-1L_kfc,Ratna das,4.0,3 bulan lalu,"Worth it sih tempat nya sejuk banyak spot buat poto² kolam renang nya ada 4
gazebo nya banyak dan gratis bs bawa makanan dr luar banyak pohon rambutan durian dan nangka tp sayang nya ga bisa di petik pas kesana buah rambutan dan durian lg berbuah seandainya bisa di petik dan mkn dsana enak nyo  hahahaaaa ngarep.
pasti bakalan tambah rame pengunjung"
ChIJ8ee55MXmvi0RPbaA-1L_kfc,Rahmat Setiyadi,5.0,9 bulan lalu,Walaupun ini wisata kebun tapi lebih dominan untuk wisata airnya. Banyak kolamnya jg dan ada slidenya jg. Untuk harga tiket weekdays 15K dan Weekend 25K. Kolam airnya jg banyak dan gazebo dan kursinya jg banyak dan gratis. Di dalam jg terdapat restoran untuk pesan makanan tpi bisa juga bawa makanan dari luar. Dengan harga terjangkau ini tempatnya worth it untuk family gathering.
ChIJP4SACNtzeC0R9-9j9p70bWA,Aneke Tumilaar,5.0,7 bulan lalu,"Tempat taman nasional ini sangat bagus, yaitu di Taman Nasional Bunaken. Lokasinya benar-benar cocok untuk diving, karena pemandangan bawah lautnya menakjubkan. Terumbu karang yang ada di sini masih terjaga dengan baik dan terlihat sangat indah.

Banyak pulau kecil di sekitar kawasan ini yang juga tidak kalah menarik. Saat berada di lautnya, kita bisa melihat langsung betapa kaya kehidupan laut di Bunaken. Ikan-ikan berwarna-warni, penyu, dan berbagai biota laut membuat pengalaman menyelam jadi tak terlupakan.

Tidak heran kalau banyak orang menyebut Bunaken sebagai surga bawah laut Indonesia. Semuanya terasa begitu alami dan memukau.

Selain keindahannya, kebersihan di kawasan ini juga patut diapresiasi. Lautnya jernih, pantainya terawat, dan suasananya sangat nyaman untuk wisatawan."
ChIJP4SACNtzeC0R9-9j9p70bWA,Semut Kecil,5.0,2 bulan lalu,Benar-benar tempat yang indah tidak salah kalo jadi pemandangan bawah laut terbagus no 2 didunia bermacam terumbu karang ikan dan binatang laut lainya seperti penyu juga ada perjalanan yang tidak terlalu jauh dari kota menado.
ChIJP4SACNtzeC0R9-9j9p70bWA,Elise homerus,5.0,6 bulan lalu,"Ke manado ga lengkap kalau gak Ke Bunaken. Air nya msh jernih bgt. Waktu kesini bulan agustus bareng rombongan, hoki banget nyobain Glass bottom boat dan Snorkling ketemu Penyu yg gede² banyakkk banget🥰🥰 . Sayang sekali disini kamar mandi sedikit banget dan sangat kotor jadi sangat² ngantri saat mau ke kamar mandi. Selain itu masih banyak banget sampah2 kecil di pinggir pantai nya. Suka banget ke bunaken dan manado, selain tempatnya yang masih bnr² alam, orang² disini Toleransi ny tinggi. Pengen balik kesini lagi rasanya 🥰🥰"
ChIJP4SACNtzeC0R9-9j9p70bWA,keshya 123frisca,4.0,3 bulan lalu,"Kebunaken bersama keluarga besar..
Karena kita jalan nya tanpa trip , sewa kapal sendiri .. jatuhnya LBH mahal banyak pungutan yg harus dibayar saat bersandar disetiap pulau..
Contohnya saat sampai di pulau Nain kita hrs transfer pake perahu kecil per  hrs membayar sekitar 15rb/org.
Sampai dipulau Siladen jg byr 10rb/org Bunaken lama dan baru juga demikian..
Kalau mau snorkling harus sewa alat 150rb/ org.. kelebihan dipulau bisa bayar pake transfer kalau TDK ready uang cash..
Sekedar saran kalau mau ke Bunaken LBH baik ikut paket trip yg SDH byk disekitar dermaga...
Pulau Bunaken masih indah dan semakin cantik dermaga nya yg baru..
Spot snorkling yg kami dtgi jg masih bagus byk ikan  walau kurang terumbu karangnya.. 👍👍"
ChIJP4SACNtzeC0R9-9j9p70bWA,Deny Anyer,5.0,Diedit 4 bulan lalu,"Tempat ini wajib kamu kunjungi kalo ke manado, Bunaken merupakan salah 1 tempat wisata favorit bagi wisatawan lokal maupun mancanegara karena Bunaken terkenal dgn taman bawah laut nya yang indah dan exotic"
ChIJP4SACNtzeC0R9-9j9p70bWA,Sams Bahri,4.0,8 bulan lalu,"Gak seindah yg di bayangkan, padahal sudah mendunia, fasilitas terkesan apa adanya, kayak cuma berusaha untuk menghidupkan tapi ga ada inovasi dan mungkin dari dulu ampe skrg ya bgitu aja, padahal dari fasilitas transport (kapal2 besar yg udah ok) kyk ga sebanding gitu dgn fasilitas yg ada di pulau, ini salah satu contoh aja, buat bilas kamar mandi yg seadanya dengan 1 ember yg diisi ulang (diangkut pake ember lagi) dan berlaku buat 1 org, entah susah air bersih atau emang ga perduli dengan perkembangan fasilitas, sangat di sayangkan, dengan wisata taman laut yg emang keren banget"
ChIJP4SACNtzeC0R9-9j9p70bWA,aeriakd,5.0,setahun lalu,"Pulaunya bagus, eksotis dan bikin seger, ada dua bunaken disini bunaken lama dan bunaken baru keduanya worth it dikunjungi, harga makanan masih standar tempat wisata ada beberapa yang jual sovenir seperti kaos dan gantungan kunci yang masih terjangkau, dari manado ga lama aksesnya dan tempat terbaik untuk snorkling"
ChIJP4SACNtzeC0R9-9j9p70bWA,Williams Klasjok Salossa,5.0,setahun lalu,"Top destinasi wisata yg wajib dikunjungi.
Dengan hanya Rp. 150.000 sudah bisa snorkling dn nikmati pemandangan bawah laut yg menakjubkan.

Sensasi tidak terlupakan saat memberi makan ikan ketika snorkling

Apresiasi buat pemerintah, dimana UMKM lokal yg bagus."
ChIJP4SACNtzeC0R9-9j9p70bWA,Dian Lisnawati,5.0,setahun lalu,"Tempatnya baguuus banget. Terumbu karangnya masih terawat, ikannya cantik², airnya beniiing.
Minimal sekali seumur hidup hrs kesini. Snorkeling atau diving. Bener² pengalaman yg ga bisa dilupakan."
ChIJP4SACNtzeC0R9-9j9p70bWA,irma listiani,5.0,6 bulan lalu,Salah satu Laut indonesia yang indah...sudah 2 kali bunaken dan tidak pernah bosan
ChIJn4UlXcDymC0RDFC5iWg12jw,rohmad adi siaman,3.0,9 bulan lalu,"Taman Kota Kendari adalah salah satu paru-paru kota yang menawarkan suasana sejuk dan rindang berkat dominasi pohon-pohon besar di dalamnya. Lokasi ini jadi pilihan tepat buat kamu yang ingin berolahraga atau sekadar bersantai menikmati hijaunya pepohonan.
Daya tarik utama taman ini adalah Monumen Kalosara. Monumen ini punya makna penting bagi masyarakat Kendari. Kalosara sendiri adalah sebuah simbol adat dan budaya suku Tolaki, yang melambangkan kesucian, persatuan, dan kebersamaan. Dengan berdirinya monumen ini di tengah kota, harapan yang ingin disampaikan adalah nilai-nilai luhur Kalosara terus terjaga dan menjadi pedoman bagi kehidupan bermasyarakat di Kendari.
Untuk fasilitas olahraga, Taman Kota Kendari menyediakan jogging track yang lumayan panjang dan unik. Kenapa unik? Karena tracknya didesain dua lantai, ada di lantai dasar dan ada pula yang melayang di udara. Konsepnya menarik dan menambah pengalaman berlari yang berbeda. Sayangnya, perawatan track ini kurang maksimal. Saya menemukan cukup banyak dedaunan kering yang jatuh dan tidak dibersihkan secara rutin, membuat track terlihat kurang terawat.
Selain itu, ada beberapa hal yang perlu jadi perhatian pengelola. Tidak tersedianya toilet di area taman cukup merepotkan pengunjung. Lalu, beberapa pembatas besi di jogging track lantai dua ada yang rusak, ini tentu berbahaya, terutama untuk anak-anak. Perlu segera diperbaiki demi keamanan pengunjung. Area taman juga terlihat banyak rumput dan tanaman liar yang tumbuh, perlu pembersihan rutin agar keindahan dan kenyamanan taman tetap terjaga.
Secara keseluruhan, Taman Kota Kendari punya potensi besar sebagai ruang publik yang nyaman. Dengan sedikit sentuhan perawatan dan perbaikan fasilitas, taman ini pasti akan jadi destinasi favorit warga Kendari."
ChIJn4UlXcDymC0RDFC5iWg12jw,Warren Alexander,4.0,sebulan lalu,Kota kecil tapi kebersihan kurang terjaga
ChIJn4UlXcDymC0RDFC5iWg12jw,Ipunk Purwanto,4.0,11 bulan lalu,"Cantik, tapi sayang sekali pemeliharaan kurang.  Rumput banyak tumbuh dan lantai2 banyak rusak."
ChIJn4UlXcDymC0RDFC5iWg12jw,Adi Muharram,5.0,Diedit 6 tahun lalu,"Tempat yang sangat cocok untuk berolahraga bersama keluarga ataupun juga teman-teman, terletak di tengah kota Kendari tempat ini juga dilengkapi dengan fasilitas yang lengkap serta alam yang masih sangat hijau dan alami"
ChIJn4UlXcDymC0RDFC5iWg12jw,Teguh Adi,2.0,Diedit 6 tahun lalu,"Kepedulian masyarakat terhadap kebersihan lingkungan sangat kurang , banyak masyarakat yang membuang sampah sembarangan padahal sudah disediakan tong sampah , fasilitas banyak yang rusak , mulai dari trotoar , lantai taman , kolam yang kotor banyak sampah dan beberapa sling baja yang dibiarkan rusak."
ChIJn4UlXcDymC0RDFC5iWg12jw,AKIL RIFAI.R,5.0,5 bulan lalu,Tempat yg wajib didatangi saat berkunjung di kota kendari.
ChIJn4UlXcDymC0RDFC5iWg12jw,Celia Devitha,5.0,7 tahun lalu,Sangat cocok untuk kita yg ingin berolahraga atau menikmati sore. Di taman kota juga ada kegiatan Yoga setiap hari Sabtu pagi
ChIJn4UlXcDymC0RDFC5iWg12jw,Hadaina Maulida,5.0,5 bulan lalu,"selalu lari pagi/sore disini, sbg org bogor yg merantau di kendari. lumayan ketemu pohon² kaya gini di kdi adem."
ChIJn4UlXcDymC0RDFC5iWg12jw,juslan taje,3.0,6 bulan lalu,"perlu upgrade penginapan ini..tembok ya kotor,spring bednya bau, jarang dijemur.."
ChIJn4UlXcDymC0RDFC5iWg12jw,San,3.0,6 tahun lalu,"Bagus tempatnya, akses mudah, orgnya ramah2...cuman kotor kurang bersih dan penataan pkl yg semrawut..."
ChIJP226Qg4dvy0RqS_VJ43qKEk,Salsa Bellamilenia Putri,5.0,2 bulan lalu,Parah sih sunsetnya cakep bangett tempatnya enak buat nongkrong sore sore sambil menikmati angin laut dan matahari terbenam oh iya ada perahu bebek sama bisa main jet sky nya
ChIJP226Qg4dvy0RqS_VJ43qKEk,Devia Lestari,5.0,3 bulan lalu,"kita kasih bintang 5 karna bagus bgt,ini aku dtgnya pas weekend pagi,recomend pokoknya💓✨ …"
ChIJP226Qg4dvy0RqS_VJ43qKEk,rabiatul adawiyah,5.0,10 bulan lalu,"Ini cocok Buat kaum introvert..
Yg ga suka keramaian, bisa main ksni di hari biasa, tmpt nyantai nya OK.. ga bgitu rame banget sih ini, nikmati sunset dsni tuh vibes nya gmna gituu..syahdu banget. Cafe jg trsedia mknn yg pas buat nyore di pantai..
Jd buat yg galau kyk ny tmpt ini cocok buat km..😄, atau yg baru jadian sm pacarnya sih bisa main ksni, low budget soalnya.."
ChIJP226Qg4dvy0RqS_VJ43qKEk,Fadil Alvarezel,5.0,Diedit 3 bulan lalu,"Pantai yang cukup nyaman buat menikmati suasana laut. Cuma pasirnya bukan pasir putih, hanya pasir hitam biasa. Kalau musim kemarau, bisa jalan sedikit ke area bebatuan wave breaker. Tapi jangan dicoba kalau musim hujan, karena jalannya berlumpur parah. Fasilitas juga ok. Ada toilet, gazebo dan ruang ganti."
ChIJP226Qg4dvy0RqS_VJ43qKEk,Mugiyatun Soemarno28,5.0,10 bulan lalu,"Walaupun pantainya bukan yang bersih banget airnya tapi kesini adalah pilihan yang tepat untuk bertamasya.
Spot spot untuk potonya pun hasilnya sangat bagus ya
Pohon kelapa yang berjejer rapi dan gazebo juga rapi
Antara pohon kelapa dan gazebo adalah cirikhas pantai ini deh kayaknya
Tiket perorang 10ribu
Kami berkunjung kesini sangat terkesan Mushola di sana karna sangat bersih dan nyaman, sepertinya dirawat dan sering dibersihkan dengan selepuh hati
Kalo kalian ke Makassar jangan lupa ki kepantai Akkarena ini"
ChIJP226Qg4dvy0RqS_VJ43qKEk,lilis ariyani,4.0,setahun lalu,"Kenapa masuk per orangnya mahal banget yaa...kemaren ber 4 70 rb an...
Sampe dalam ada resto besar tapi tampaknya terbengkalai...padahal tempat ini bagus..sunset di makassar khususnya tanjung bunga emang gak pernah failed..selalu indah😍
Mungkin untuk yg berkepentingan/bagi pengelola lebih bisa mengoptimalkan tempat wisata ini...

Agar kami yg dr daerah lain ketika berkunjung kesini mendapat kesan yg menarik akan tempat ini"
ChIJP226Qg4dvy0RqS_VJ43qKEk,Suhati __,4.0,2 bulan lalu,"Ada spot baru padang rumput, tapi sayang masih banyak sampah di bibir pantai"
ChIJP226Qg4dvy0RqS_VJ43qKEk,Novia,5.0,setahun lalu,"Pantainya baguuus banget untuk melihat sunset, terutama di area bebatuannya.

Lokasinya nggak jauh dari pusat kota, agak lupa berapa tiket masuknya. Di sekitar pantai banyak yang berjualan makanan, ada beberapa hiburan yang ditawarkan juga seperti ATV, pelampung, dll cuma waktu ke sana nggak terlalu eksplor.

Sangat recommended buat duduk di daerah bebatuannya sambil nunggu sunset karena nggak terlalu ramai seperti di bibir pantai. Viewnya bagus banget dan nggak terlalu panas. Bebatuannya sih yang bikin unik, nggak terlalu terjal untuk didaki. Bahkan ada juga batu yang agak tinggi dan bisa diduduki juga.

Minusnya daerah sekitar pantai agak kotor dari sampah plastik, mungkin ke depannya bisa ditingkatkan. Overall, recommended buat yang mau lihat sunset nggak jauh dari pusat kota Makassar."
ChIJP226Qg4dvy0RqS_VJ43qKEk,Zaenal Abidin,5.0,6 bulan lalu,Tempat yang cocok untuk hangout sejenak menghindar dari kebisingan kota Makassar sambil menikmati sunset
ChIJP226Qg4dvy0RqS_VJ43qKEk,suci agustya,1.0,3 bulan lalu,"Saya datang untuk mengunjungi DUPLI DINING & LOUNGE sekitar pukul 18.00

Saat memasuki area akkarena saya ditanyai oleh security tujuan kemana, kemudian saya menjawab mau ke dupli

securitynya berkomentar, “mauki minum minum?” sambil tertawa.

Jujur, saya cukup kaget dan merasa kurang nyaman dengan komentar tersebut, apalagi sebagai pengunjung yang baru pertama kali datang dan belum mengetahui konsep tempat ini secara keseluruhan.

Menurut saya, komentar seperti ini kurang etis dan tidak profesional, karena tidak semua pengunjung datang dengan tujuan yang sama. Akan lebih baik jika petugas keamanan dapat berkomunikasi secara netral tanpa membuat asumsi terhadap pengunjung."
ChIJMa1AS64Cvy0Ru_ssSD8Thig,Kak Jeje,5.0,4 bulan lalu,"Ruang terbuka hijau dekat dengan pusat keramaian kota Makassar, berada tepat di samping pusat pelayanan publik kota Makassar yaitu gedung MGC. Tidak jauh dari tempat2 wisata terkenal seperti Benteng Roterdam, Jalan Somba Opu yang terkenal dengan emasnya, juga pantai Losari.

Jika Anda sedang berkunjung ke kota Makassar boleh sempatkan kesini untuk berolahraga pagi ataupun sore, terdapat track/jalur buat jogging atau sekadar berjalan santai menikmati suasana sejuk dan teduh dari pepohonan yang rindang.

Tamannya tidak begitu besar namun cukup buat bersantai sejenak dari hiruk-pikuk kota Makassar, bersih juga ada petugas yang sering membersihkan area taman. Terdapat beberapa bangku taman buat duduk2 menikmati suasana. Jadi ya silahkan datang dan nikmati fasilitas kota yang satu ini."
ChIJMa1AS64Cvy0Ru_ssSD8Thig,Ima Ruce,5.0,2 tahun lalu,"Selalu jadi opsi utama utk duduk-duduk dan ngobrol di bawah pohon di taman ini. Pagi, siang, sore dan walaupun banyak nyamuk di malam hari. Mungkin akan lebih baik kalau lampu taman yg rusak di perbaiki, juga ada baiknya menanam tanaman yang bisa mengusir nyamuk."
ChIJMa1AS64Cvy0Ru_ssSD8Thig,Agus Pablo,5.0,setahun lalu,"Semakin bersih rapi dan teratur bahkan rindang dan tentu saja sejuk terasa menyegarkan saat mengunjungi taman macan. Padahal pada jaman jadul sebelum era digital hp, taman macan banyak semak sehingga pada malam hari banyak dimanfaatkan oleh pasangan pasangan pada masa itu untuk bermalam Minggu dan sebagainya. Kini taman macan banyak digunakan untuk berolahraga apalagi sore hari banyak yg berlari lari mengelilingi seputaran taman macan. Dan saat hari Minggu biasanya dimanfaatkan untuk acara olahraga senam pagi dan sebagainya. Taman macan sebenarnya adalah sebuah monumen atau tugu untuk memperingati ataupun mengenang jasa para jagoan Makassar pada jaman perang Belanda. Mereka bersatu membuat sebuah laskar yg bernama laskar harimau. Dan laskar harimau membuat pasukan Belanda kocar kacir pada saat itu. Untuk menghargai jasa mereka dan untuk mengenang kisah perjuangan laskar harimau maka dibagunlah patung harimau di ujung taman dan biasa serta hingga kini disebut sebagai taman macan. Mungkin penyebutan makassarnya yg lebih gampang dari pada ""Taman Harimau"". Lokasi strategis pusat kota  dekat dengan perkantoran dan balai kantor walikota. Dekat kantor pos besar dan sekolah juga banyak hotel disekitaran taman macan dan juga dekat dengan somba Opu pusat emas dan juga anjungan Pantai Losari."
ChIJMa1AS64Cvy0Ru_ssSD8Thig,Andhy Khaedar,5.0,11 bulan lalu,"Tempat yang cocok untuk bersantai maupun berolahraga, di seberangnya ada penjual bakso gerobak kuning yg lumayan enak dengan harga yang murah"
ChIJMa1AS64Cvy0Ru_ssSD8Thig,jumadi mappanganro,5.0,Diedit 8 tahun lalu,"Sejuk walau matahari sedang teriknya. Saking banyak pohon yang tumbuh rindang di taman ini.

Menghirup udara segar dalam Kota Makassar di sini salah satu tempatnya.

Tersedia banyak tempat duduk permanen. Jadi enak nongkrong di sini untuk melepas penat.

Bisa juga tempat olahraga: senam atau jogging di sini.

Selalu ramai. Pagi hingga sore. Anak-anak, remaja hingga orangtua bisa dijumpai di sini.

Taman ini juga dekat dari perkantoran dan hotel serta kafe.

Taman ini juga kerap digunakan untuk pertunjukan seni musik, pameran hingga acara-acara sosial. (JM)"
ChIJMa1AS64Cvy0Ru_ssSD8Thig,Rima Yulianti,4.0,7 tahun lalu,"Lokasi berada di tengah kota, dengan padat kendaraan, menjadi tujuan utama jika mencari tempat jogging track pagi maupun sore hari. Taman asri, tumbuhan cukup banyak variasinya dan sudah dilengkapi dengan nama tumbuhan. Cukup nyaman bila duduk2 dan piknik makan bersama keluarga/ teman. Tersedia gerai minuman segar, maupun nasi campur yg mangkir di pinggir jalan taman. Taman selalu bersih dari sampah, karena petugas taman selalu sigap dan menyediakan tempat sampah yg cukup banyak di beberapa titik. Kekurangannya belum dilengkapi taman bermain untuk anak-anak, juga air mancurnya tidka menyala/kotor, pengisian air siap minum yg sengaja dimatikan, juga banyak ditemui orang yg tidur di kursi dan mengganggu pemandangan."
ChIJMa1AS64Cvy0Ru_ssSD8Thig,Fattah Ashari,5.0,setahun lalu,"Publik area atau ruang terbuka hijau yang bersih dan nyaman, cocok untuk lari-lari dipagi atau sore hari atau sekedar ngeliat patung macannya"
ChIJMa1AS64Cvy0Ru_ssSD8Thig,Imam Budiman,4.0,3 tahun lalu,"Meskipun dari sisi ukuran tidak begitu besar, namun taman ini menjadi salah satu paru-paru kota Makassar di tengah padatnya kendaraan yang hilir mudik tanpa henti.

Lokasinya yang strategis dekat dari Pantai Losari, kawasan niaga Somba Opu, dan sejumlah kantor pemerintahan, menjadikan Taman Macan sebagai alternatif ruang bercengkrama bagi masyarakat.

Ada aktifitas senam bersama yang diadakan saat akhir pekan di taman ini. Ada pula fasilitas jogging track meskipun dari sisi jarak tempuh tidak begitu panjang."
ChIJMa1AS64Cvy0Ru_ssSD8Thig,mifta nurmala,4.0,3 bulan lalu,"Salah satu ruang terbuka hijau di makassar. Tempat nyaman, teduh, bisa buat piknik/kumpul2/jogging
Saran : lebih ditambahkan tanaman bunga2 agar lebih menarik"
ChIJMa1AS64Cvy0Ru_ssSD8Thig,Afri,4.0,3 tahun lalu,"Taman macan yang asri, bersih dan menyejukkan hehehe, taman yang berada ditengah kota yang dihimpit gedug-gedung serta kendaraan yang lalu lalang... seru sih nih taman seperti dipaksakan ada untuk memberi kesejukan di tengah garangnya polusi.. meski ribut dengan suara kendaraan namun masih sanymgat ayak dan baik untuk berolahraga dan jalan santai berkeliling di taman..."
ChIJreCviONZvi0RioW0jGuSkDU,Laura Himawan,5.0,5 bulan lalu,"Asli bagus banget pemandangan nya, kalo ke Sulawesi Selatan wajib banget kesini....disini hutan mangrove terus kita bisa sewa perahu untuk keliling.
Pemandangan tebing nya juga keren banget 🥰🫶
Disarankan pakai topi kalo kesini di siang hari, karena panas.
Disini tidak ada tiket masuk, hanya bayar sewa perahu, untuk 1-4 orang harganya 200.000. kalo mau masuk lagi ke desa penduduk, bayar tiket 7.000 per orang"
ChIJreCviONZvi0RioW0jGuSkDU,Ardhi Kuswikanto,5.0,2 bulan lalu,"Pulang dari Pare-Pare menuju Makassar..parkiran luas di dermaga 1, karena kalo dari dermaga 2 terlalu dekat naik perahunya.pandangan kartu sangat indah dan masih banyak yang alami"
ChIJreCviONZvi0RioW0jGuSkDU,adhi wibowo,5.0,Diedit 3 bulan lalu,"Tempat wisata alam yang sangat indah, unik, batu batu karang, sungai, rawa, dengan perpaduan pedesaan yg asri. Sangat reccomended untuk wisata untuk keluarga di Sulawesi Selatan. Sempatkan kesini kalau lagi ke Makassar. Di lokasi ada alternatif persewaan perahu untuk keliling rawa² dengan pandangan indah.
Ada tempat kuliner sederhana indomie / kopi, dll . Fasilitas toilet juga oke dan bersih. Warga disana ramah ramah sekali"
ChIJreCviONZvi0RioW0jGuSkDU,Muhammad Azhari,5.0,4 bulan lalu,"Desa alias kampung wisata di kabupaten Maros. Wisata alam yang masih asri dengan pemandangan persawahan, perbukitan, batu-batu karya alam yang indah.
Terdapat penginapan rumah kayu dengan kapasitas 2 dewasa dan 2 anak.
Tersedia kantin dan penyewaan topi, kopi seduh, tidak lengkap.
Selain itu wisata perahu yang merupakan wisata yang sangat dicari dan menjadi tujuan wisataan."
ChIJreCviONZvi0RioW0jGuSkDU,Adinda Zaeni,5.0,5 bulan lalu,"Indonesia the real surga dunia. Kalian bisa menemukan segala jenis tempat di dunia cukup dengan berkeliling Indonesia. Salah satunya Kampung rammang-rammang ini. Tempatnya tidak terlalu jauh dr makassar. Sekitar 1,5 jam aja

Di sana kalian akan menyusuri sungai dengan perahu. Kanan kirinya dikelilingi pohon dan karst yg cantik"
ChIJreCviONZvi0RioW0jGuSkDU,Butte,5.0,2 bulan lalu,"Rammang-Rammang menawarkan pemandangan karst yang indah dengan suasana alam yang tenang. Akses menuju lokasi dapat ditempuh dengan perahu menyusuri sungai, menyajikan pengalaman yang unik. Cocok untuk wisata alam, edukasi geologi, dan fotografi. Lingkungannya masih alami dengan kehidupan masyarakat lokal yang ramah."
ChIJreCviONZvi0RioW0jGuSkDU,M. Gusty Nugroho,5.0,7 bulan lalu,"•Rammang-Rammang•
Desa wisata yang cukup unik dan menarik dikunjungi apabila ke Sulawesi Selatan.

Untuk menuju kesini kita diharuskan menyewa kapal/boat di Dermaga I dengan estimasi perjalanan sekitar 15-20 menit dengan harganya cukup terjangkau terlebih kita melakukan perjalanan secara berkelompok. Di perjalanan kita melewati pemandangan yang indah dengan bebatuan kapur yang membentuk jalan akibat terkikis air sungai. Terlebih lagi ketika sampai di Desa Wisata Andalan “Rammang-Rammang”, kita disuguhkan dengan pemandangan desa dengan tebing dari batu kapur/karst di sekelilingnya. Guide juga fasih dalam menjelaskan objek-objek yang ada disini. Kantin juga tersedia disini teman-teman jgn khawatir kekurangan cairan. Untuk desa tersebut menurut saya cukup dirawat dan kedepan perlu inovasi serta perawatan lebih lanjut oleh pengelola atau pemerintah setempat.

Rammang-Rammang merupakan salah satu destinasi yang bagus di Sulsel, mari kita jaga dan lestarikan bersama."
ChIJreCviONZvi0RioW0jGuSkDU,Kiki Kuswanto,5.0,8 bulan lalu,"Indah sekali tempat ini
Tidak begitu jauh dari bandara juga
Akses jalan mulus lancar

Di tempat wisata nanti kita harus naik perahu dari dermaga, nanti tiba di lokasi perkampungan kita harus bayar tiket masuk dan berjalan kaki untuk menyusuri jalan dimana pemandangan ketika berjalan kaki sangatlah indah. Bukit bukit karst nan indah berpadu dengan persawahan yang hijau . Kalian bisa juga masuk ke goa goa. Ada beberapa goa tersedia.
Btw kalau ada warung dan ada tempat foto jangan asal foto yaa.. kami dipaksa bayar oleh orang yang ada di warung ketika berfoto di sekitar warungnya.

Kalau ke Makassar wajib mampir ke tempat wisata ini.
Semoga tetap lestari tempat ini"
ChIJreCviONZvi0RioW0jGuSkDU,N R,4.0,3 bulan lalu,"Masuk kesini lewat dermaga 1 rammang2.. naik perahu dg harga 200rb PP utk 1-4 orang. Harga perahu tgt jumlah penumpang dan sudah tertera di dermaga.
Tiket masuk desa wisatanya 7000/orang
Pemandangan bagus tapi krn kami datang pas cuaca hujan jadi agak kurang indah. Terdapat beberapa goa jg spt goa berlian dan kristal."
ChIJreCviONZvi0RioW0jGuSkDU,Fakhruddin Darwise,5.0,4 bulan lalu,"Tempat wisata yang mempunyai atraksi-atraksi yang unik dan menarik. Kita akan merasakan sensasi ber-kapal jolloro, klotok klotok klotok.... Sampai di dalam.. Anda akan takjub dengan pemandangannya yang indah. Kampung berua adalah tempat Sunset dan Sunrise jatuh cinta.. Selain itu tempat ini juga mempunyai Sejarah dan praSejarah yang eksotis, hal yang bukan lagi mustahil ketika kita akan mendapati kunang2 pada malam hari di tempat ini.. Mau coba?? Disana kita bisa nginap lohh"
ChIJ0XvYFv5MlC0RHSd-0TiamS4,Eka Rosita,5.0,Diedit 7 tahun lalu,"Tempat ini selalu menjadi pusat kegiatan masyarakat sekitar khususnya remaja. Tempat ini sudah banyak berubah sejak 2016 lalu saat terakhir saya berkunjung.
Banyak kegiatan olahraga dan seni ditempat ini dan kamu bisa menemukan beragam jajanan dan minuman dipinggiran taman. Tamannya cantik, saat malampun tak kalah cantik.
Lokasinya bisa dikatakan berada ditengah-tengah kota. Akses ke tempat ini cukup mudah dijangkau dari segala arah. Tempatnya dekat dari pusat perdagangan (pasar sentral) dan juga rumah sakit bahkan fasilita publik lainnya. Anda bisa menggunakan public transportation untuk menjangkau lokasi ini.
Fasilitas taman ini cukup lengkap bahkan memiliki toilet umum. Jika sempat silahkan berkunjung ke tempat ini."
ChIJ0XvYFv5MlC0RHSd-0TiamS4,Ridwan Muhammady,4.0,Diedit 3 tahun lalu,"Aslinya Lasinrang Park ini bagus, Cuma kurang perawatan dari pemerintah aja. Harusnya tempat sampah lebih banyak, yg rusak diperbaiki. Pemerintah Pinrang juga harusnya sediakan lahan parkir khusus supaya gak bikin macet karena jalan 1 arah dan sangat kecil.

Untuk penjual PKL harusnya lebih dirapikan/tendanya diseragamkan, biar lebih enak dilihat 👍🏻"
ChIJ0XvYFv5MlC0RHSd-0TiamS4,Dede Rahman,5.0,4 tahun lalu,"Adem kalo sore hari, wahana mobil remotenya tersedia juga, begitupun wahana2 lainnya, mantapki tempatnya, baguski klo mo swa foto..👍👍👍 …"
ChIJ0XvYFv5MlC0RHSd-0TiamS4,Kiki Hartono KHL,3.0,setahun lalu,"Kelebihan ✅
Sebagai pusat UMKM/pedagang kaki 5
Tempat nongkrong dll

❌ Kekurangan
Perlunya revitalisasi kembali
Penataan pedagang kaki 5(sangat kumuh mengelilingi lapangan)
Kurangnya pencahayaan"
ChIJ0XvYFv5MlC0RHSd-0TiamS4,Rusmadi Ahmad,5.0,Diedit 3 tahun lalu,"Salah satu tempat umum dengan area terbuka, penuh dengan wahana permainan anak serta wisata kuliner segala jenis cemilan cepuluh. Selain itu Lasinrang Park juga menjadi tempat pelaksanaan berbagai event public maupun pemerintahan."
ChIJ0XvYFv5MlC0RHSd-0TiamS4,JJ Singker,5.0,7 tahun lalu,"Tempat latihan ku parkour dan cuci mata,  tdk lupa main mobil2an.  Pokoknya ngilangin stress tp klo bawa anak biasanya nambah stres klo anaknya pengen ini itu hahaha."
ChIJ0XvYFv5MlC0RHSd-0TiamS4,Bocah tua Nakal,5.0,Diedit 2 tahun lalu,"Lumayan mantap sarananya terbilang lengkap bisa menjadi wisata gratisan dari jauh terdengar syahdu alunan musik duduk sambil menikmati minuman dingin dan sedikit cemilan menjadikan tempat rest area yang mantap, cuman butuh sedikit perawatan dan pembenahan dari pihak Pemkab,semoga aja terealisasikan secepatnya 😘 …"
ChIJ0XvYFv5MlC0RHSd-0TiamS4,Nur Ulil Amri,5.0,Diedit 10 bulan lalu,"Salah satu icon kabupaten Pinrang. Banyak fasilitas di Lasinrang Park ini. Taman baca, bangku taman, lapangan futsal. Setiap Minggu pagi, warga Pinrang memanfaatkan kawasan sekitar LasPark untuk berolahraga. Saat malam hari terdapat berbagai wahana permainan untuk anak2. Di sekeliling lapangan, banya penjual makanan dan minuman"
ChIJ0XvYFv5MlC0RHSd-0TiamS4,Maulana Hajir,5.0,8 tahun lalu,tmpat yg bagus untuk nongkrong...banyak oedagang yg menjual aneka macam minuman dn makann ringan menemani santai anda yg seru...
ChIJ0XvYFv5MlC0RHSd-0TiamS4,Uya Cuppank,4.0,5 bulan lalu,Di saat acara tertentu boleh di bilg sangat ramai hampir tiap malam ramai
ChIJv_2QIT30uy0RriiX8ght_7U,amanda indrati ristriana,5.0,2 bulan lalu,"Pemandangan sangat indah, jalan juga masih bisa dilewati mobil, tidak terlalu ramai tp kalau siang disarankan pakai topi karena panas"
ChIJv_2QIT30uy0RriiX8ght_7U,Rahmat Hidayat,5.0,4 bulan lalu,"Berupa hamparan tebing karang curam yang langsung berhadapan dengan lautan biru yang jernih.
Tidak seperti pantai pada umumnya, tempat ini tidak memiliki pesisir berpasir di bawah tebing.
Sering dijuluki sebagai ""Raja Ampat-nya Bulukumba"" karena pemandangan tebing karangnya yang eksotis dan air laut yang berwarna biru pirus.
Aktivitas Populer:
Berfoto di berbagai anjungan dan jembatan kayu yang disediakan di atas tebing.
Menikmati pemandangan laut dan tebing yang spektakuler.
Beberapa wisatawan juga melakukan cliff jumping (melompat dari tebing) dan snorkeling (jika kondisi laut memungkinkan dan aman).
Arti Nama: Dalam bahasa Konjo Pesisir, 'Appa' berarti ujung, dan 'Ralang' berarti curam atau dalam. Jadi, Appalarang berarti ujung yang curam."
ChIJv_2QIT30uy0RriiX8ght_7U,Erwin 24,4.0,sebulan lalu,"Potensi nilai jual parawisata tinggi, perlu perbaikan sarana prasarana di tempat wisata
Sangat berbahaya jika melifat fasilitas yg ada saat ini di lokasi. Rawan terjatuh"
ChIJv_2QIT30uy0RriiX8ght_7U,Firstyaprilly Wahyuningtyas,5.0,3 bulan lalu,Bagus sekali cuma hati2 kalau bawa anak2 harus selalu dipegangi dan di awasi
ChIJv_2QIT30uy0RriiX8ght_7U,Agung Afkhar,5.0,4 bulan lalu,"Keren viewnya tebing dan dibawahnya langsung laut,,tapi untuk akses jalanya tidak disarankan untuk yang nyetir mobilnya masih takut takut atau pemula,dan tidak disarankan untuk bus karna akses turunan sangat curam"
ChIJv_2QIT30uy0RriiX8ght_7U,Haider5788,4.0,8 bulan lalu,"Satu tahun lalu saya pernah berkunjung ke sini bersama seorang kawan. Saat itu, kondisi jalan menuju lokasi sangat buruk dan terjal. Saya sempat berpikir bahwa setelah satu tahun pasti sudah ada perbaikan, apalagi di tiket masuk tertulis adanya perbaikan jalan dan kebersihan. Namun, hingga kini belum terlihat perubahan berarti.

Perbaikan hanya terlihat di kawasan Tebing Apparalang saja. Jalan menuju spot-spot di sekitar Apparalang memang sudah jauh lebih baik. Semoga ke depannya jalan utama juga segera mendapat perhatian dan perbaikan, agar semakin banyak wisatawan yang tertarik berkunjung ke Tebing Apparalang Bulukumba.

Kawasan Apparalang sendiri sangat memukau. Air lautnya begitu jernih, udaranya segar, dan suasananya menenangkan. Sungguh tempat yang ideal untuk menikmati keindahan alam.

Saya berharap ke depan kawasan ini bisa terus dikembangkan dan ditata lebih baik, termasuk fasilitas parkir dan akses jalan utama menuju Apparalang agar pengalaman wisata semakin nyaman bagi semua pengunjung."
ChIJv_2QIT30uy0RriiX8ght_7U,Jalil,4.0,5 bulan lalu,"Cocok untuk liburan, karena tdk jauh dari pemukiman dan dekat dengan pantai bira sangat estetik"
ChIJv_2QIT30uy0RriiX8ght_7U,yhasma raina,5.0,3 bulan lalu,"Sangat Indah , cukup jauh dari bone tapi cukup memuaskan keindahanya 💯😍"
ChIJv_2QIT30uy0RriiX8ght_7U,De Lavech,5.0,6 bulan lalu,"Tidak akan mengecewakan, uang masuk 1 motor 25rb. Disuguhkan dengan meandangan luar biasa indah"
ChIJv_2QIT30uy0RriiX8ght_7U,Rizaldi Nurdiansyah,5.0,Diedit 11 bulan lalu,"Tempatnya sangat indah, tidak sia2 setelah melewati jalan yg sedikit kurang bagus (setelah gerbang apparalang) ternyata tempatnya bikin kaget, tempatnya sangat indah, bersih, banyak spot foto, banyak tempat duduk, banyak saung, banyak tempat sampah, ada mushola jg dan toilet, di tempat parkir motor banyak warung juga. Parkir motor dan mobil sangat luas.

Kekurangan nya cuma akses masuk nya saja yg butuh diperbaiki jalannya, selebihnya puas. Untuk biaya masuk 20rb untuk 1 mobil, 10rb untuk 1 orang (dewasa dan anak2 dikenakan harga yg sama, cuma kurang tau klo bayi)"
ChIJzUqjdF_2vi0R1ptg8CvLDzk,reny suryani,5.0,7 bulan lalu,"Pengalaman yang menyengkan,menanjak keatas bukit menyusuri sungai untuk sampai ke Goa lumayan jauh juga ternyata🤭
Sampai depan goa malah ga berani masuk😭
Air terjunnya juga bagus,airnya jernih dan dingin.
Cocok buat mandi2an.
Bs main perosotan ban seru pokoknya.
Mushollanya bersih.
Cocok buat piknik keluarga."
ChIJzUqjdF_2vi0R1ptg8CvLDzk,Rizky Ramdhani,4.0,6 bulan lalu,Tempat terbaik untuk menikmati keindahan alam khususnya ribuan kupu-kupu liar yang memanjakan imajinasi. Sayangnya di beberapa titik terdapat fasilitas yg kurang terawat. Dan untuk pedagang asongan cukup mengganggu kenyamanan karena terus menerus mengikuti wisatawan dan menawarkan barang dagangannya dengan sedikit memaksa.
ChIJzUqjdF_2vi0R1ptg8CvLDzk,Arfinsyah,3.0,8 bulan lalu,"#Konon informasinya jika hendak melihat berbagai ragam kupu kupu di telaga yaitu sekitar jam 08.00-09.00 pagi hari .
#Banyak areal yg kurang terawat.
#pastikan agar pengunjung yg membawa makanan dan keluarga untuk tidak seenaknya duduk di pinggiran jalan yg sangat menggangu.
#Masalah parkir :
Jangan dibuat zona per zona , areal yg luas tetapkan saja jadi satu areal parkir motor maupun mobil agar terkesan tidak semrawut .
#Tempat wisata yg memiliki kualitas untuk maju harus dibuat tata kelola yang baik .
#Tenda tenda pedagang diatur kembali mulai masuk sampai ke atas menuju ke telaga.
#Kebersihan: masih kurang terutama pada saat hari ramai.
#Areal penyewaan sampan atau kano :
Tetapkan di suatu tempat dekat telaga dgn tanda yg jelas sehingga seluruh  pengunjung juga mengetahui agar terkesan resmi .
---semoga pemprov atau Pemkot atau pengelola harus lebih baik lagi maju tata kelolanya---sukses selalu 👍🇮🇩"
ChIJzUqjdF_2vi0R1ptg8CvLDzk,YR,1.0,sebulan lalu,"Sebenarnya air terjun biasa saja, banyak yang lebih bagus dari ini. Hanya harga tiket masuk mahal sekali 35.000 untuk lokal & 255.000 untuk WNA!
Sayang uang hanya untuk air terjun (musium kupu-kupu juga tutup)."
ChIJzUqjdF_2vi0R1ptg8CvLDzk,Bustomi Tomi,4.0,setahun lalu,"Bantimurung berasal dari bahasa bugis dari kata benti, artinya ""tetesan (air)"" dan merrung, artinya ""bunyi gemuruh"". jadi bantimurung berarti air yang bergemuruh. Sekarang bantimurung disematkan menjadi nama tempat wisata di jalan Poros Maros-Bone Km 12 ini yakni kawasan wisata Bantimurung Bulusaraung National Park. Kawasan wisata yang luasnya hampir 45.000 hektar ini merupakan kawasan karst (gunung kapur) dengan banyak gua.  Juga merupakan tempat pengembangbiakan atau penangkaran kupu-kupu.

Memasuki area ini pengunjung lokal dikenakan biaya Rp30.000 dan turis asing Rp.255.000.  Setelah kita membeli tiket dan memasuki kawasan ini kita disuguhi oleh para UMKM lokal yang menjajakan aneka barang dagangan nya.  Kemudian kita dapati mushola yang bisa digunakan untuk pria dan wanita untuk menunaikan salat dengan tepat wudhu dan toilet yang cukup baik saya sarankan jika tidak buang air menggunakan toilet mushola saja karena saya dapati toilet yang ada di kawasan ini tidak terawat.

Pengunjung juga bisa mendapati museum kupu-kupu yang berada di sebelah kanan dengan berjalan masuk sekitar 100 meter lumayan ada kupu-kupu yang sudah diawetkan yang dikumpulkan dari beberapa family namun sayangnya juga tidak terawat dengan baik dan tidak ada pengembangan yang berarti termasuk objek kupu-kupu yang ditampilkan masuk ke sini kita dikenakan biaya Rp5.000 per orang, lanjut di sebelahnya kita bisa mendapati tempat penangkaran kupu-kupu yang sekali lagi sangat minim keseriusan dalam pengembangan penangkaran kupu-kupu.

Lalu kita bisa Menelusuri Jalan Utama menuju air terjun sebagai wisata andalan tempat ini yang berada di ujung area kawasan wisata untuk jalan sekitar 500 meter dari pintu masuk.  Sepanjang jalan ini kita bisa temukan bentuk batu2an unik menggantung berupa stalagnit batu karst.

Sesampainya di area terjun yang merupakan area wisata andalan Bantimurung ini kita disuguhi air terjun yang masih deras airnya jatuh dari ketinggian sekitar 15 meter, lebar 20 m dan debit air 500 l/s.  Air yang berasal dari Gunung Bulusaraung ini pun dingin menembus kulit. Di sini pengunjung harus berhati-hati karena terkadang pijakan yang ada di tempat wisata ini cukup licin.  Pengunjung juga bisa memanfaatkan jawaban mobil di sana untuk meluncur dari tempat air terjun ke bawah saya memanfaatkan curahan air yang melimpah di atas bebatuan di sepanjang sungai menuju kolam penampungan di kolam penampungan yang tingginya paling dalam sekitar satu setengah meter pengunjung terutama anak-anak juga dapat bermain balon air walaupun Airnya tidak jernih.  Sementara yang tidak ikut turut bermain air dapat berleha-leha di tempat yang disediakan sambil berfoto-foto untuk sewa balon pelampung anak-anak dikenakan biaya Rp20.000 dan sewa tikar untuk duduk santai Rp50.000.

Untuk bilas setelah bermain air juga menjadi catatan dengan tidak terawatnya tempat bilas tersebut dan handuk bawa sendiri."
ChIJzUqjdF_2vi0R1ptg8CvLDzk,Muhammad Arsyad,5.0,setahun lalu,"Permandian alam dengan ciri air terjun seperti pada umumnya kawasan karst  lainnya ...  airnya tersedia sepanjang tahun, walaupun di bulan September sampai oktober debitnya berkurang ... Namun, pengunjung termanjakan dengan kicau burung dan pegunungan karst di sisi kirinya"
ChIJzUqjdF_2vi0R1ptg8CvLDzk,Laode Rasyid,5.0,setahun lalu,"Suasana dan pemandangan di tempat ini cukup indah, terdapat air terjun dengan air yang sejuk, banyak pengunjung menikamti dengan mandi di air terjun tersebut. Dsini terdapat kolam dangkal untuk tempat mandi buat anak-anak, terdpat juga wahana bermain perahu yang berada diatas air terjun, terdapat pula penangkaran kupu-kupu yang indah dan di kembanngbiakan dengan memberikan makan pakai air gula."
ChIJzUqjdF_2vi0R1ptg8CvLDzk,Nur Iman Nugroho,5.0,setahun lalu,"Air terjunnya bagus sekali, taman kupu2 dan penginapan sayang kurang diperhatikan,mohon diperhatikan kembali kondisinya bagi pengelola, syang sekali karena potensinya cukup besar"
ChIJzUqjdF_2vi0R1ptg8CvLDzk,siti suliha,5.0,setahun lalu,"Sebuah taman Nasional untuk lokasi penangkaran kupu-kupu, namun sayang sekali sepertinya tidak terawat. Jadinya kita hanya bisa lihat pengunjung untuk mandi di sungai sekitar air terjun. Untuk makanan area wisata cukup standar (Sarabba: 15k Indomie 15k).

Tiket masuk parkir motor: 10k
Tiket masuk wisata: 30k/ orang
Tiket toilet: 2k (untuk kunjungan selanjutnya tidak perlu bayar lagi, ini sungguh cukup unik untuk sebuah wisata)

Terdapat Goa Batu yang aksesnya masuk ke dalam setelah air terjun, lokasinya sangat licin dan sempit. Disarankan dengan pemandu jika ke goa ini"
ChIJzUqjdF_2vi0R1ptg8CvLDzk,Rahmat Hidayat,5.0,Diedit 10 bulan lalu,"Taman Nasional Bantimurung-Bulusaraung adalah sebuah kawasan konservasi alam yang terletak di Kabupaten Maros dan Pangkajene dan Kepulauan (Pangkep), Sulawesi Selatan, Indonesia. Taman nasional ini sangat terkenal karena beberapa hal, menjadikannya destinasi wisata alam yang menarik:
* ""The Kingdom of Butterfly"" (Kerajaan Kupu-kupu): Julukan ini diberikan karena Bantimurung dikenal memiliki keanekaragaman dan kelimpahan spesies kupu-kupu yang sangat tinggi. Alfred Russel Wallace, seorang naturalis terkenal, bahkan menemukan 256 spesies kupu-kupu di area Bantimurung pada tahun 1857. Terdapat penangkaran kupu-kupu dan museum kupu-kupu di kawasan ini.
* Kawasan Karst Terluas Kedua di Dunia: Taman Nasional ini memiliki bentangan karst yang sangat luas, dikenal sebagai ""Tower Karst"" karena bukit-bukitnya yang menjulang tinggi. Ini merupakan area karst terluas kedua di dunia setelah Tiongkok.
* Air Terjun Bantimurung: Daya tarik utama lainnya adalah Air Terjun Bantimurung yang indah, dengan ketinggian sekitar 15 meter dan lebar sekitar 20 meter. Pengunjung bisa berenang atau bermain air di sini.
* Gua-gua Spektakuler: Kawasan ini juga kaya akan gua-gua dengan stalaktit dan stalagmit yang menakjubkan, seperti Gua Mimpi dan Gua Batu. Beberapa gua di sini bahkan tercatat sebagai yang terdalam dan terpanjang di Indonesia, seperti Leang Pute dan Salukang Kallang.
* Keanekaragaman Hayati: Selain kupu-kupu, taman nasional ini juga menjadi rumah bagi berbagai flora dan fauna langka lainnya, termasuk monyet hitam sulawesi (Macaca maura) dan tarsius (Tarsius fuscus).
Aktivitas Wisata yang Bisa Dilakukan:
* Menikmati keindahan Air Terjun Bantimurung
* Mengunjungi Museum Kupu-kupu dan penangkaran kupu-kupu
* Menjelajahi gua-gua seperti Gua Mimpi dan Gua Batu
* Aktivitas petualangan seperti flying fox dan panjat tebing (di beberapa area)
* Berendam dan bermain air di kolam alami
* Menyusuri sungai dengan kano di Danau Kassi Kebo/Toakala
Taman Nasional Bantimurung-Bulusaraung telah ditetapkan sebagai ASEAN Heritage Park pada tahun 2019, menegaskan pentingnya kawasan ini dalam konservasi keanekaragaman hayati di Asia Tenggara."
ChIJeU_Sak0dvy0R_qmG80UtmJ8,Yunan Setyawan,5.0,2 bulan lalu,"Megah mesdjinya, estetika, unit, nyaman dan dingin
Ada kajian bada magrib
Wajib klo ke makassar mampir ke sini
Diwaktu sore ramai sekali krn dekat tempat wisata jadi tenang bisa melaksanakan sholat 5 waktu"
ChIJeU_Sak0dvy0R_qmG80UtmJ8,Suherman Widjaya,5.0,sebulan lalu,"Indah nyaman dan megah, jadi khusuk buat beribadah, kebetulan datang pas waktu berbuka puasa dan stay hingga ikut sholat taraweh selesai."
ChIJeU_Sak0dvy0R_qmG80UtmJ8,Naya Noy,3.0,2 bulan lalu,"Tidak nenek"" friendly, lantai nya licin, dan banyak yg pecah. Tangganya banyak banget. Masuk masjid naik dulu. Ambil wudhu turun dulu jauh banget dan gelap. Bangunannya mulai rapuh. Konstruksi didalam nya retak. Membahayakan.

Hanya bagus untuk foto diluar saja."
ChIJeU_Sak0dvy0R_qmG80UtmJ8,Siba Waihi,5.0,4 bulan lalu,"Mesjid nya luas dan bersih, ada pengajian tematik rutin minggu malam, halaman parkiran luas dan ada parkiran mobil juga di basement.
Terletak di pinggir teluk dan kawasan CPI. Mesjid yang menjadi ikon kota Makassar dengan design yg unit dan indah apalagi kalau malam hari, serta menjadi kebanggaan orang Makassar."
ChIJeU_Sak0dvy0R_qmG80UtmJ8,Teguh Wahyudi,5.0,Diedit 4 bulan lalu,"alhamdulillah bisa solat jumat, ornamen masjid yg artistik, menambah khusyuk beribadah. Masjid dengan arsitektur yang tinggi dan detil 99 kubah yg menggambarkan asmaul hadiah. berada dalam kawasan bisnis dan komersial dan dipinggir pantai losari yg melegenda"
ChIJeU_Sak0dvy0R_qmG80UtmJ8,Arlyn Yuanita,5.0,5 bulan lalu,"bagus, indah, artistik, futuristik, instagramable, di tepi losari dan area reklamasi, sunsetnya the best.. mas Asrul petugas mesjid menemani dan membantu mengambil gambar foto di hp, hasilnya keren , i love makassar"
ChIJeU_Sak0dvy0R_qmG80UtmJ8,Muhammad Rasydin Sjatry Djafar,5.0,7 bulan lalu,"Menjulang megah di kawasan reklamasi Center Point of Indonesia (CPI), Masjid 99 Kubah adalah sebuah mahakarya arsitektur yang telah menjelma menjadi ikon baru kebanggaan Makassar dan Sulawesi Selatan. Dengan nama resmi Masjid Asmaul Husna, bangunan monumental ini merupakan hasil rancangan arsitek ternama sekaligus politisi, Ridwan Kamil. Sesuai namanya, desain masjid ini secara filosofis merepresentasikan 99 nama-nama baik Allah (Asmaul Husna) melalui puluhan kubah yang menaunginya.

Struktur utamanya terdiri dari satu kubah besar di tengah yang dikelilingi oleh 98 kubah berukuran lebih kecil. Hal yang paling mencolok secara visual adalah palet warnanya yang cerah dan berani, memadukan warna-warna seperti jingga, kuning, dan merah, yang membuatnya tampak spektakuler di bawah terik matahari maupun saat tersorot lampu di malam hari. Masjid ini dibangun dengan konsep ruang terbuka di bagian pelataran utamanya, memungkinkan sirkulasi udara yang baik dan menciptakan suasana sejuk dari embusan angin laut.

Lokasinya yang strategis tepat di tepi laut tidak hanya memberikan latar belakang pemandangan yang menakjubkan—terutama saat matahari terbenam—tetapi juga menjadikannya terlihat dari berbagai sudut kota, termasuk dari Pantai Losari. Bahkan di larut malam seperti ini, siluetnya yang bercahaya menjadi pemandangan yang menenangkan di cakrawala kota.

Sejak diresmikan, Masjid 99 Kubah tidak hanya berfungsi sebagai pusat ibadah dan kegiatan keagamaan, tetapi juga sebagai destinasi wisata religi yang menarik ribuan pengunjung. Keunikan arsitektur, makna religius yang mendalam, serta lokasinya yang premium menjadikannya simbol perpaduan antara keimanan, seni modern, dan kemajuan Kota Makassar."
ChIJeU_Sak0dvy0R_qmG80UtmJ8,Lisaria Anjelina,5.0,6 bulan lalu,"Masjid Kubah 99 yang berlokasi di JL H Bau no.36, Kunjung Mae - Makassar.
Ini adalah salah satu masjid ikon Kota Makassar yang terletak di tepi laut yang bangunannya sangat megah dan indah.
Dominan warna orange, putih, biru berbentuk kerucut dan masjid ini sangat luas sekali dan
Parkiran luas. pemandangan sangat indah lautan dan bisa menikmati sunset."
ChIJeU_Sak0dvy0R_qmG80UtmJ8,dijay brian,5.0,4 bulan lalu,"""Masjid yang megah dengan arsitektur yang luar biasa indah! Pemandangan sore hari, terutama saat sunset, sangat menakjubkan. Tempatnya bersih, nyaman untuk beribadah, dan lokasinya strategis di tepi Pantai Losari. Wajib dikunjungi kalau ke Makassar!"""
ChIJeU_Sak0dvy0R_qmG80UtmJ8,Muhamad Fakhrurrozi,3.0,sebulan lalu,"Sangat sangat disayangkan, desain masjid yang bagus tidak diimbangi dengan fasilitas yang memadai. Kondisi masjid kurang bersih, parkiran kurang pencahayaan, keramik banyak yang sudah pecah, toiletnya kurang bersih, tangga dari area wudu ke area utama salat yang sangat tidak safety."
ChIJLQWTYilOvi0RBLtq01mDiSs,KALVIN ADITHYA RAPANG,5.0,4 bulan lalu,"Tempat yang bagus untuk nongkrong atau jalan2 bersama keluarga, banyak penjual makanan dan minuman. Serta hiburan naik mobil mini yang seruuuu"
ChIJLQWTYilOvi0RBLtq01mDiSs,Muzakkar Mozack,4.0,3 bulan lalu,"Sudah lumayan ramai karena selain bisa nongkrong tempat kuliner, olahraga serta tempat bermain anak-anak.."
ChIJLQWTYilOvi0RBLtq01mDiSs,Sulfiana Mansur,4.0,2 tahun lalu,"Kurang terawat bngunannya sekarang tapi ramai dan lumayan bersih, ada jga beberapa sampah yg ditinggalkan begitu saja oleh pengunjung"
ChIJLQWTYilOvi0RBLtq01mDiSs,faried ma'ruf,5.0,6 bulan lalu,"Taman yg multifungsi kadang di pakai upacara 17an, dipakai shalat idul fitri dan idul adha,
Di hari hari biasa taman ini penuh dengan kuliner, mulai dari cemilan sampai makanan berat, bisa berwisata kulineran"
ChIJLQWTYilOvi0RBLtq01mDiSs,Hasdar Yahya,4.0,3 tahun lalu,"Tempat kongkow sambil ngopi-ngopi. Letaknya strategis tepat di pinggir jalan raya. Di sebelah ada masjid besar, tidak perlu kuatir ketinggalan sholat jemaah kalau masuk waktu sholat."
ChIJLQWTYilOvi0RBLtq01mDiSs,Channel Ettapedia,2.0,5 tahun lalu,"Tempat yang bagus untuk ngumpul-ngumpul, berada di pusat kota Pangkajene, sekeliling taman musafir banyak dijejali penjual makanan dan minuman, hanya saja kebersihannya belum benar-benar terjaga."
ChIJLQWTYilOvi0RBLtq01mDiSs,Samsir Cangci,5.0,2 bulan lalu,Bagus tapi cuma pemdanya kurang kecatan mengelolahnya dan kurangnya perawatan Infrastruktur
ChIJLQWTYilOvi0RBLtq01mDiSs,Nur Alif Awalia,4.0,Diedit 5 tahun lalu,Tempat yang sangat cocok untuk wisata malam hari. Berbagai jenis makanan dan minuman tersedia disini. Apalagi letaknya yang berada di pusat kota Pangkajene.
ChIJLQWTYilOvi0RBLtq01mDiSs,Dian Pranata B.,5.0,6 tahun lalu,"Tempat yang sangat baik untuj melepaskan lelah dan dahaga. Di tempat ini kita dimanjakan dengan sajian aneka jus dan makanan, yang sangat baik bagi kita yang kelelahan"
ChIJLQWTYilOvi0RBLtq01mDiSs,Ossy Rossy,5.0,2 tahun lalu,"Taman yang sejuk enak buat ngadem sambil ngemil dong banyak pedagang umkmnya kalau malam juga banyak permainan anak"" jangan lupa main ke taman musafir bareng keluarga yaaa guys"
ChIJfb6H9KFYvi0RsCvI4hZz9aw,Mohamad Sahal,5.0,2 bulan lalu,So far tempatnya bersih dan terawat. masih sangat asri sehingga sangat cocok bagi keluarga atau pasangan yang mau piknik atau hanya sekadar refreshing. untuk tempatnya hanya batu-batu saja tapi unik dan punya ciri khas tersendiri. Hanya saja parkir agak jauh. Harga tiket masuk masih normal di 15 ribu per orang
ChIJfb6H9KFYvi0RsCvI4hZz9aw,Salsabilla Kudri Tata,5.0,2 bulan lalu,"ke sini tanggal 11 januari sama mas pacarr!!!<33 vibes after rainnya nenangin bangeeeettt, ademm, perjalanan ke tempatnya juga alam banget, DANN ada museumnya jugaa ^^ bagus banget tempatnyaa sukaa bisa buat duduk duduk ngobrol sama mas pacar hihihi🌳🪨"
ChIJfb6H9KFYvi0RsCvI4hZz9aw,Nurhadi Armawan,4.0,3 bulan lalu,"Harga tiket 15 ribu per orang termasuk anak-anak, cocok untuk yang hobby jalan kaki dan keliling. Tempat untuk berteduh saat hujan sangat minim. Kebersihan sangat baik"
ChIJfb6H9KFYvi0RsCvI4hZz9aw,Keluarga Hidayat,3.0,2 bulan lalu,"Ini merupakan penilaian saya pribadi, orang lain mungkin bisa berbeda.

1. Lokasi ( ⭐⭐ )
Jarak dari jalan poros Maros Makassar ke lokasi cukup jauh dan penunjuk arah  minim, hanya mengandalkan Google maps dan plank jalan yg tertutup pohon pohon.

2. Harga ( ⭐⭐⭐ )
Tiket masuk Rp.15.000/orang ( anak 4 tahun di hitung dewasa ), Parkir motor Rp.3.000 ( mobil berbeda ) [harga dapat berubah sewaktu-waktu]

3. Lingkungan wisata ( ⭐⭐⭐ )
- Penunjuk arah atau area wisata minim ( cuma ada informasi denah di pintu masuk , tidak ada plank arah jalan )
- banyak area yg terbuka jadi kalo siang hari cukup panas, namun banyak juga yg cukup teduh dan kalo rame jadi rebutan.
- Banyak tempat yang bisa dipakai untuk piknik keluarga, namun karna disini banyak batu prasejarah yang bentuknya tajam dan berbahaya, pengawasan anak wajib diperketat.
- lokasi goa yang ada gambar tidak ketemu ( karna minim papan informasi)
- penjual makanan dan minuman ada dipintu masuk / area luar wisata, masuk kedalam bisa bawa makanan sendiri.

4.Aturan ( ⭐⭐⭐ )
- Drone dilarang ❌
- Camera HP ✔️
- Bawa makan dari luar ✔️
- Piknik ✔️
- Berenang ( tidak tahu )

Selebihnya bisa di cek dilokasi, sekali lagi ini penilaian dari sudut pandang saya"
ChIJfb6H9KFYvi0RsCvI4hZz9aw,Yuliani Handayani,4.0,2 bulan lalu,"Hari ini pertama kali ke sini . Pemandangannya sangat menakjubkan. areanya bersih, jalan setapak sgt tertata. hanya saja fasilitas tpilet dan musholabkurang diperhatikan. begitu juga sungai. Mungkin krn trafik pengunjung yg kurang shg maintenance kurang. Arah jalan menuju taman ..Maa Shaa Allah..Indah banget. Ya Allah...indah banget negriku.."
ChIJfb6H9KFYvi0RsCvI4hZz9aw,Widya Fatika Sari,5.0,sebulan lalu,"Tempatnya sekarang jauh lebih bagus, tertata, dan bisa request masuk ke goanya plus di pandu. Recommended untuk kalian yang nyari tempat untuk menikmati alam"
ChIJfb6H9KFYvi0RsCvI4hZz9aw,Seftiana Putri Khoirusandi,5.0,6 bulan lalu,"Kesini random aja nyari di instagram. Eh kok bagus bgt tempatnya. Banyak replika lukisan-lukisan pas zaman dulu, jadi bisa tahu banyak hal. Tiket masuknya ramah dikantong, viewnya cakep bangett dan banyak spot foto yang instagramable. Pokoknya best bangettt, aku bakalan kesini lagi si kalo ke makassar."
ChIJfb6H9KFYvi0RsCvI4hZz9aw,Kukuh Cakra D,5.0,5 bulan lalu,Salah satu wisata arkeologi bersejarah menawarkan pemandangan yang sangat indah. Ada batu batuan besar yang membentuk pola dan ada mini museum apa saja arkeologi di wilayah Maros Pangkep. Waktu rekomendasi kesini adalah pagi hari atau sore hari saat matahari tidak terlalu terik
ChIJfb6H9KFYvi0RsCvI4hZz9aw,Sung Go Kong,5.0,3 bulan lalu,"Salah satu objek wisata untuk liburan sekaligus untuk menambah pengetahuan, karna tempat ini menyimpan banyak sejarah dimasa lalu yg bisa kita pelajari, tempatnya luas dan sejuk dengan hamparan tanah dibalut rumput hijau dengan batu karst yang berdiri kokoh diatasnya yang sarat akan cerita, rekomen untuk membawa keluarga👍🏾👍🏾"
ChIJfb6H9KFYvi0RsCvI4hZz9aw,E. Wardatil,5.0,5 bulan lalu,"Pertama kali kesini❤Bagus untuk menambah pengetahuan tentang peninggalan prasejarah,ada toiletnya di samping loket masuk, staff nya ramah² ,ada 1 mini pendopo nya juga enak buat istirahat duduk2 krn besar bisa muat banyak orang klo rombongan 😁 ,hanya sedikit disayangkan di salah satu spot masih ada sampah bekas makanan padahal sudah tersedia tempat sampah di beberapa spot, tolonglah kepada pengunjung yang datang kesini mohon kesadarannya untuk ikut menjaga kebersihan,. Semoga Leang Leang tetap terjaga dan semakin dikenal wisatawan luar negeri"
ChIJuVDWk6K8lS0RDwcHlQKt0VY,Anita Gunawan,5.0,8 bulan lalu,"Kesini sekalian tadi abis jogging menyusuri dari Taman Mattirotasi, Taman La Mario, Pantaiku, lalu kesini... Meski agak jauh ya karena saya sambil jogging sekalian singgah agar punya kenangan foto di tempat ini karena saya pendatang dari luar pulau dan belum lama disini... Cantik sih viewnya... Lebih cantik lagi kalo kabel listrik yg melintang rendah di samping jembatan diilangin atau dikasih tinggi agar foto dan video selfienya lebih instagrammable dan lebih cantik lagi viewnya"
ChIJuVDWk6K8lS0RDwcHlQKt0VY,yuliana rahmawati,5.0,2 tahun lalu,"1. Salah satu public space keren yang ada di Parepare.

2. Dengan view laut dan jembatan yang menampilkan tata kota Parepare yang unik dan menarik.

3. Dari sore sampai malam hari banyak pengunjung di tempat ini. Ada yang jogging, nongkrong, makan atau sering juga tempat ini diadakan event-event seru kota Pareparw.

4. Ada beberapa cafe dan gazebo yang dibuat pemerintah kota untuk sekadar menikmati suasana di tempat ini."
ChIJuVDWk6K8lS0RDwcHlQKt0VY,Zai Nurni,5.0,setahun lalu,"Viewnya cantiikk... bahkan kayaknya cm aku yg jalan di jembatannya hahahahahaha...

nekad bat waktu itu cm mau ngeabadiin ni vieeeeeewww.

nama lainnya jembatan habibie ainun yaaa"
ChIJuVDWk6K8lS0RDwcHlQKt0VY,Muaz Sanusi,5.0,4 tahun lalu,"Pemandangan hilir sungai yang menakjubkan, dengan jembatan yang Indah dan tepi pantai dan sungai yang bagus, serta rumah sakit Ibu Ainun Habibie yang cantik di lihat, serta banyak wisata kuliner yang enak juga tempat ngopi bareng yang nyaman"
ChIJuVDWk6K8lS0RDwcHlQKt0VY,dharren,5.0,3 tahun lalu,"Tempatnya bersih, tapi seperti halnya sungai pada umumnya, bau asinnya kuat dan kadang amis karena warga sekitar menggunakan sebagaintempat penjemuran ikan.. ada tempat duduknya juga.."
ChIJuVDWk6K8lS0RDwcHlQKt0VY,Emm,4.0,Diedit 3 tahun lalu,"Tempat jogging andalan dipagi hari sambil memandang lautan dan aktivitas nelayan di sekitar jembatan.
Sayangnya banyak orang yg singgah tapi membuang sampah sembarangan, kesadaran masyarakat masih kurang untuk menjaga kebersihan. Mungkin perlu dipasang himbauan di beberapa titik agar orang tidak mengotori tempat ini.

RS regional Ainun Habibie sudah difungsikan, area ini menjadi lebih hidup suasananya.

PR utama adalah sampah, banyak yang buang sampah ke sungai."
ChIJuVDWk6K8lS0RDwcHlQKt0VY,zulu_uniform_lima,5.0,6 tahun lalu,"Tonrangeng River Side merupakan tempat nongkrong anak muda-muda dan semua kalangan masyarakat baik masyarakat Pare-pare maupun masyarakat dari berbagai daerah yang melakukan transit di kota Pare-pare, banyak tempat nongkrong di kota Pare-pare termasuk salah satu nya Tonrangeng River Side ini, kalau mau nongkrong tersedia cafe-cafe di pinggir jalan, ada juga cafe yag ada live music nya yang judul lagu yang akan dinyanyikan penyanyinya dapat di request oleh para pengunjung cafe.
kekurangan nya : kemarin saya pesan pisang goreng keju lama banget disajikannya, sampai mau pulang ke rumah baru bisa disajikan pesanan saya."
ChIJuVDWk6K8lS0RDwcHlQKt0VY,Massangka Unga,5.0,Diedit 7 tahun lalu,Begitu banyak lampu hias ... suasana malam disini asik ... banyak pengunjungnya yg sekedar datang untuk bersantai ... bahkan dibagian barat ada karaoke dan penjual makanan/minuman ...
ChIJuVDWk6K8lS0RDwcHlQKt0VY,didikr rozak,4.0,3 tahun lalu,Tempat kuliner  selfie dan santai sejenak melepas penat dan lelah dg menikmati kopi atau just serta cemilan ringan.serta pemandangan pantai yg menakjubkan
ChIJuVDWk6K8lS0RDwcHlQKt0VY,Dwi Sumaryanto,5.0,2 tahun lalu,"Salah satu spot terindah di parepare,di sebelahnya ada pasar Sumpang tempat jual pakaian bekas di malam hari (hanya hari tertentu saja buka nya),dan Alhamdulillah saat saya kesini ada momen langka terbitnya pelangi di sore hari"
ChIJ5wCm0jLrlS0RhWiqacsMd6Y,Rifhal Adriansyah,4.0,2 bulan lalu,"Cukup perjuangan untuk masuk ke area wisata ini, lumayan agak jauh dari jalan poros. Namun terbayarkan pada saat sampai di wisata alam lejja, kondisi area sejuk banyak pepohonan, fasilitas juga cukup lengkap."
ChIJ5wCm0jLrlS0RhWiqacsMd6Y,Andi Rahmadillah,5.0,8 bulan lalu,"Permandian air panas yang bagus di kunjungi jika lagi jalan-jalan ke Soppeng. Akses masuk ke sana sudah bagus. Pemandangan di dalam juga asri dan indah. Fasilitas di dalam lumayan lengkap. Terdaapt gasebo yang terawat dengan baik, kolam renang untuk anak-anak sampai dewasa juga ada, aula tempat pertemuan, dan wc yang bersih dan terawat. Harga makanan yg di jual cukup terjangkau"
ChIJ5wCm0jLrlS0RhWiqacsMd6Y,Sutrisno Suleman,3.0,6 bulan lalu,"Untuk suasana, lumayan bagus.tempat villa pun cukup nyaman.yg hobi spa air panas pun sgt rekomended.sarana jualan pun memadai, hanya kurang ny sarana mandi air biasa(tdk panas). Setidaknya di sediakan tempat sperti itu di kamar mandi,g papa di byr, asal ada buat mandi yg g suka air panas🙏. …"
ChIJ5wCm0jLrlS0RhWiqacsMd6Y,Fatim,4.0,5 bulan lalu,"Tempat pemandiannya luas, ada beberapa kolam yang bisa digunakan untuk pengunjung dewasa dan anak-anak. Harga tiket masuknya 30k/orang (weekday) ditambah tiket motor 5k. Kalau ke sini lebih baik bawa perlengkapan seperti tikar karena penyewaan gazebonya cukup mahal."
ChIJ5wCm0jLrlS0RhWiqacsMd6Y,Ferdinand Marchoshan,5.0,6 bulan lalu,"Tempatnya bagus dan asri, sayang keluar masuk toilet harus bayarlagii 2.500, pdahal sudah sewa pendopo 75k/jam dan bayar uang masuk 30k/org dan 10k/mobil. Masuk toilet harusnya gratis, dgn biaya sebanyak itu. Tapi keren untuk berendam"
ChIJ5wCm0jLrlS0RhWiqacsMd6Y,Rahmat Hidayat,5.0,3 bulan lalu,Wisata permandian khas Sulawesi Selatan yang terkenal dengan air panasnya. Banyak jenis kolam dan terdapat gazebo yang dilengkapi kolam tersendiri.
ChIJ5wCm0jLrlS0RhWiqacsMd6Y,Ibash Elbugisy 87,5.0,setahun lalu,"Taman wisata alam permandian air panas Lejja adalah tempat yang ideal untuk relaksasi, refreshing, dan berlibur bersama keluarga dan teman. Keindahan alam, air panas yang menyegarkan, dan berbagai fasilitas yang tersedia dapat membuat pengunjung merasa nyaman dan senang.

Jajanan dan makanan pun tergolong masih murah.
Selain itu di sekitar kawasan masih bisa dijumpai monyet hitam dan penangkaran anoa.

Cuma jalanan termasuk curam, jadi harus hati2."
ChIJ5wCm0jLrlS0RhWiqacsMd6Y,MY,4.0,setahun lalu,"Lumayan untuk berendam air panas dan merilekskan badan. Biaya masuk per orang 20rb tambah parkir mobil 10rb. Ada kolam untuk anak, kolam sedang, kolam dewasa, sama kolam baru yg bersih lebar (nambah biaya 5rb masuknya). Beberapa spot sudah bagus, tapi juga masih butuh perawatan biar lingkungan jadi lebih bersih. Teruntuk kamar ganti, airnya cukup panas menurutku jadi untuk bilas ini agak susah jadinya. Sama yang paling penting mushollanya kurang terawat, karpetnya uda usang dan berdebu.. semoga segera ada perbaikan di musholla, kebersihan lingkungan, dan sarana yang mulai rusak diperbarui"
ChIJ5wCm0jLrlS0RhWiqacsMd6Y,Fitri Febriati,1.0,setahun lalu,"Tiket masuk 30 rb perorang + mobil 10 ribu. Tempatnya bagus tapi sayang sekali utk sewa gazebonya mahal (75k perjam), terus tiap wc nya jga harus bayar 2,500. Pdhal cuman tempat ganti baju doang, nda bisa mandi soalnya air di wc nya jg panas pwol.. Yang mau kesana hati2 jalannya curam"
ChIJ5wCm0jLrlS0RhWiqacsMd6Y,Dapur Anti Gagal,5.0,11 bulan lalu,"Ma shaa Alloh tempatnya bagus banget,sengaja masuk lewat jalan sebelum pintu masuk utama😁lumayan capek tapi viewnya bagus banget, orang2 disana semua ramah2,Kalau mau kesini untuk berendam lbh baik pagi atau sore"
ChIJjTBq2rDZki0RGax81Kex6L8,Nafriwati Dahlan (NADA),5.0,2 tahun lalu,"Cukup nyaman untuk berada disini terutama di hari Ahad karena car free day sepanjang jalannya dengan penjual yang teratur di tepi jalannya pokoknya mantap apalagi bisa poto bareng dengan pejabat esolon II, pak sekda n Gubernur prov.Sulbar"
ChIJjTBq2rDZki0RGax81Kex6L8,Yuhardin SSI,5.0,setahun lalu,"Anjungan Pantai Manakarra, tempat bersantai favorit warga Mamuju

Anjungan Pantai Manakarra yang terletak di Jalan Yos Sudarso, kota Mamuju, menjadi salah satu tempat yang paling diminati oleh warga Mamuju untuk bersantai dan bercengkerama dengan teman maupun kerabat masing-masing."
ChIJjTBq2rDZki0RGax81Kex6L8,Hurul Aini,5.0,setahun lalu,"Anjungan pantai terluas di mamuju
Tempat nya kurangn asri dan tidak terlalu dijaga kebersihannya, tapi disini akses masuk mudah saat hari kerja dan berbagai macam jualan jajanan bisa diemukan disini
Parkir pun sudah disediakan (berbayar) tanpa mengganggu kendaraan di jalan poros."
ChIJjTBq2rDZki0RGax81Kex6L8,Tri Nindya,4.0,4 tahun lalu,"Pantai Manakarra merupakan salah satu objek wisata paling populer di Sulawesi Barat. Pantai berlokasi di Jalan Yos Sudarso, Kabupaten Mamuju merupakan bagian dari Teluk Mamuju, dan dikenal sebagai tempat berkumpulnya anak muda.
Perjalanan dari Bandara Tampa Padang, Mamuju kurang lebih hanya 20 menit.
Pantai ini memiliki  pemandangan yang menawan terutama pada saat sunset dan semakin terlihat cantik pada malam hari. Anjungan Pantai Manakarra terdapat 6 pilar merah penanda enam kecamatan, terdapat gong raksasa disebut Gong Perdamaian, yang bergambar simbol kemajemukan agama di Mamuju. Banyak spot foto menarik di pantai ini, sayangnya sedikit kurang terawat. Dan jangan lupa berfoto dengan latar kemilaunya lembayung senja...."
ChIJjTBq2rDZki0RGax81Kex6L8,Sul Handayani,5.0,4 tahun lalu,"Pantai manakara salah icon dari ibu kota mamuju,  yang terletak di pusat kota provensi sulawesi barat, disana terdapat berbagai monumen,  penjual nasi,  penjual minuman,  dan tempat yang asyik untuk selfi, disampingnya ada mall dan sampinya ada juga hotel,  bagi pendatang atau wisatwan macanegara maupun domeatik ini adalah wahana yang rekimendasi banget untuk dikunjungi kalo kita ke ibu kota aulawesi barat,  pagi dan sore sering dijadikan sebagai tempat untuk berolah raga,  bahkan diwaktu pagi dan sore banyak dari penduduk setempat untuk jalan jalan,  lari dan menikmati kuliner dari manakkara anjungan, viewnya yang laungsunh ke arah laut membuat kita bermanja dan berbagi di pantai ini, by sul bone sulawesi selatan,"
ChIJjTBq2rDZki0RGax81Kex6L8,Hendra irawan,5.0,4 tahun lalu,"Tempatnya bagus...luas. Ada monumen gong perdamaian. Tempat koongkow buat kekuarga. Di tepi jalan banyak jajanan kuliner. Es degan, pisang eppe, jagung dll.  Ada penyewaan mobil2an buat anak2 yang pakai accu."
ChIJjTBq2rDZki0RGax81Kex6L8,Titik Kelana,4.0,6 tahun lalu,"Semacam Alun-alun pusat keramaian dan kegiatan Masyarakat Mamuju,dimalam hari banyak warung-warung tenda yang berjualan jajanan-jajanan lokal (Pisang Epe,Bakso Bakar,Es Kelapa,dll ). Tulisan ""Pantai Manakarra"" disini merupakan salah satu spot foto yang wajib dikunjungi jika berada disini. Pemandangannya langsung ke pantai dan ke Pulau Karampuang,sangat memanjakan mata"
ChIJjTBq2rDZki0RGax81Kex6L8,Pik_topik,4.0,3 tahun lalu,"Anjungan bersih, banyak tempat sampah yang disediakan, cuman sunset ga kekiatan soalnya teluk dan ada pulau karampuang diseberangnya."
ChIJjTBq2rDZki0RGax81Kex6L8,Fitrah Latief,5.0,4 tahun lalu,"Pantainya luas dan cocok untuk sekedar bersantai sambil menikmati pantai dan pulau yg ada di seberangnya. Ada banyak jajanan juga disini. Yg punya anak bisa mengajaknya kesini. Ada tempat untuk menyewa mobil"" Remot atau motor. Atau naik odong-odong buat yg punya anak balita.
Namun sayang dari segi kebersihan masih banyak sampah yg berserakan. Msh ada org""yg membuang sampai di sembarang tempat."
ChIJjTBq2rDZki0RGax81Kex6L8,Ferdian Achmad,5.0,5 tahun lalu,"Pantai yang menjadi pusat berkumpulnya warga mamuju. Berair tenang dan bening, dengan view pulau Karampuang di kejauhan. Bisa dipakai renang jg loh, nice..."
ChIJ_____7-xhzIRgVGx3pjh_cY,Semut Kecil,5.0,2 bulan lalu,Pantai pasir putih yang indah dan bersih nyaman buat nyantai bareng keluarga pantanya tidak terlalu dalam ramah buat anak juga
ChIJ_____7-xhzIRgVGx3pjh_cY,Ikhyy,5.0,2 bulan lalu,"Tiap gazebo harus disewa, kamar mandi per ember 5rb (mungkin tdk semua). Jalan ke pantai paal dari manado bagus. Pantainya cukup bersih, hanya sampah daun daun. Bayar masuk 25rb permotor👍🏻 …"
ChIJ_____7-xhzIRgVGx3pjh_cY,djunita puasa,5.0,2 bulan lalu,"pp manado likupang pake motor , sangat melelahkan tapi terbayar melihat view gunung dan laut + dengan si dia HAHAHA, wajib cobain banana boat kesini  9,5/10"
ChIJ_____7-xhzIRgVGx3pjh_cY,kartika sari,5.0,3 bulan lalu,"Warna air lautnya Tosca jernih bening, bagus bangetttt. Kesini bawa makanan dan minuman dingin, piknik disini."
ChIJ_____7-xhzIRgVGx3pjh_cY,Endah Prahmawati,5.0,3 bulan lalu,BAGUUUUUS BANGETTT. Tolong ditambah opsi2 tambahan angkutan umumnya untuk likupang manado.
ChIJ_____7-xhzIRgVGx3pjh_cY,Verayani Arif,5.0,setahun lalu,"Pantainya luas, lautnya cantik bgt, gradasi warnabirunya beragam, tempatnya bersih, banyak guguk🐕

aku kesana sebenarnya mau makan dan bilas, sehabis dr private beach disebelahnya

dipantai ini terjejer gazebo2 tempat duduk2, ada yg besar banget, ada yg sedang, harga per gazebo 50k. krn aku tanya apakah bisa pesan makanan sekalian tidak, tp ternyata lg tdk ada makanan yg dijual, maka aku putuskan walkout saja, langsung berangkat mengarah ke bandara 😅

suasana pas aku datang hari kamis sekitar jam 11, memang lg terik dan sepi2 nya, mungkin krn weekend dan bukan massa liburan, jd tdk ada yg jual makanan saat itu

HTM 40k per mobil

overall pantainya cakep bgt si ini🤍"
ChIJ_____7-xhzIRgVGx3pjh_cY,lusy ardian,4.0,6 bulan lalu,"Pantai dengan view nya indah, air nya biru dan pasir nya putih. Tapi sayang pas kesana kotor air dan pasir nya, banyak ranting dan sampah"
ChIJ_____7-xhzIRgVGx3pjh_cY,lady napitupulu,4.0,setahun lalu,"Pantai indah dengan pasir putih, sekitar 1-1, 5 jam dari kota Manado. Warna air laut gradasi turquoise dan biru, cantik sekali. Karena ke sini di bulan November, ombak agak besar dan hujan rintik. Di sekitar pantai banyak warung kecil yang menjual makanan."
ChIJ_____7-xhzIRgVGx3pjh_cY,Hengky Zhou,4.0,7 bulan lalu,"pantai pasir putih yg bgus buat liburan dan santai,dan biaya masuk relatif murah meriah hya 20/30 permotor.👍 …"
ChIJ_____7-xhzIRgVGx3pjh_cY,Drew,5.0,Diedit 11 bulan lalu,"Berkunjung kesini tahun 2015 dan 2024.
Perbedaannya sangat jelas dalam hal infrastruktur. Akses lebih mudah dan lebih banyak pondok-pondok.
Kebersihan masih tetap terjaga.
Tiket masuk 40ribu dan Pondok 50ribu. Masih masuk akal.
Pantainya tetap indah dengan pasir putihnya.
Sangat cocok untuk bersantai dan menghilangkan penat.
Sangat direkomendasikan.

Update: Mei 2025 kesini lagi."
ChIJkZzkXEn4vi0RGkOZYfalLTQ,Idha Firman,5.0,3 bulan lalu,K masjid sini saat ank sekolah libur ..tapi bxk ank2 yg msh stay untk saling stor hafalan Qur'an d masjid sini..Masya Allah dgn bxknya masjid saat ini tp tak ada jamahnya dan masjid besar kdg tak terawat..tp d masjid sini TDK..semoga selalu terawat dr segi kebersihan dan melipah jamah nya dan juga ank2 tetap bxk menghafal d masjid sini🤲 …
ChIJkZzkXEn4vi0RGkOZYfalLTQ,M. A. Hanief,5.0,6 bulan lalu,"Masjidnya bagus, luas, bersih, nyaman klo Jumatan, dan juga ada pasar beraneka ragam pernak pernik n makanan yg tersedia setelah Jumatan"
ChIJkZzkXEn4vi0RGkOZYfalLTQ,ilman ilman,5.0,11 bulan lalu,Mesjid yang indah dan bersih. Posisinya di pinggir jalan Provinsi sangat strategis untuk jadi tempat berhenti sholat atau sekedar istirahat. Parkiran luas dan tempat wudhu dan toilet yang bersih sangat memudahkan jamaah untuk beribadah dengan khusu'.
ChIJkZzkXEn4vi0RGkOZYfalLTQ,Wi bowo,5.0,sebulan lalu,"Masjid luas, tempat wudhu banyak, air lancar, toilet lbersih"
ChIJkZzkXEn4vi0RGkOZYfalLTQ,Sung Go Kong,5.0,9 bulan lalu,"Masjid yg biasa kusinggahi jika dalam perjalanan dari Makassar ke Pangkep ataupun sebaliknya, karna bisa sekalian jajan bakso dan pakaian muslim"
ChIJkZzkXEn4vi0RGkOZYfalLTQ,Coach Sabran,5.0,2 tahun lalu,"Potensi masjid ini sangat besar untuk melakukan pembinaan terhadap ummat, pengurusnya juga sangat antusias kalau bekerjasama dalam hal kebaikan dan kepentingan ummat.

Semoga kebersihan dan kenyamanan jamaah dalam beribadah terus ditingkatkan.

Saran kalau bisa tukang parkirnya diberikan penanda, tidak asal-asalan."
ChIJkZzkXEn4vi0RGkOZYfalLTQ,andi muhammad,5.0,3 bulan lalu,Tempat saya sering singgah shalat kalau dalam perjalanan. Masjid luas dan wc cukup banyak. Hanya saja tempat shalatnya di lantai 2. Dan perlu hati-hati karena tangganya memutar.
ChIJkZzkXEn4vi0RGkOZYfalLTQ,Mustamin,5.0,6 bulan lalu,"Waktu itu,  azan magrib sudah terdengar, tapi saat itu saya masih dalam perjalanan. Sambil berjalan melihat sisi kiri kanan jalan, apakah ada masjid yg di lewati. Hingga azan tdk terdengar lagi. Ada satu madjid yang dilewati, tp tempat patkir sdh penuh, sehingga perjalana diteruskan. Sekitar 100 meter terlihatlan Madjid Al Markas Al Islami. Saya banting setir maduk halaman madjid yg lumayan luas, meskipun sudah banyak mobil parkir, tp halsman parkir cukup luas, sehingga bisa parkir dengan leluasa. Buru2 mobil di oarkir dsn segera ke ruang wudhu  laki2 dan  langsung ke lantai 2 ikut shalat magrib berjaah. Alhamdulillah bisa lengkap rakaatnya. Bacaan  Al quran imam masjid sangat menyejukkan hati mendengarnya, membuat makin khusuk shalatnya...."
ChIJkZzkXEn4vi0RGkOZYfalLTQ,Afri,4.0,3 tahun lalu,"Mirip dengan Al Markaz Makassar, tidak sama persis juga sih tapi mirip lah yang membedakan ukurannya dan beberapa desain lainnya, namanya saja Al Markaz mungkin sama arsiteknya heheheh, yang saya sayangkan pohon palemnya yang kering seperti tidak terawat,  padahal tamannya cukup luas dan indah dengan banyaknya pohon.. smoga kedepan tamannya bisa lebih terawat aamiin.."
ChIJkZzkXEn4vi0RGkOZYfalLTQ,Imam Budiman,5.0,Diedit 3 tahun lalu,"Masjid yang jadi salah satu ikon kaum muslimin di Kab. Maros. Berukuran sangat besar, terdiri dari dua lantai dengan area parkir dan halaman yang luas. Letaknya sangat strategis karena berada di jalan utama dan berhadapan dengan kantor Bupati. Selain menjadi tempat ibadah shalat, di masjid ini sering diadakan kegiatan Islam berskala besar seperti acara Tabligh Akbar dan kajian ilmiah yang terbuka untuk umum."
ChIJUyYblCXivi0R3hCr1lbjR1s,Haider5788,4.0,8 bulan lalu,"Salah satu tempat bersejarah yang wajib di datangi jika beradi di Kabupaten Gowa adalah Museum Balla Lompoa,

Musium ini adalah sebuah bangunan bersejarah yang dulunya merupakan istana Kerajaan Gowa, sekarang berfungsi sebagai museum yang menyimpan benda-benda bersejarah dan artefak kerajaan. Balla Lompoa, dalam bahasa Makassar, berarti ""rumah besar"" atau ""rumah kebesaran"", dan dibangun pada tahun 1936 pada masa pemerintahan Raja Gowa XXXI, I Mangngi-mangngi Daeng Matutu, menurut beberapa sumber.

Tempat yang bersih dan terawat, saat saya disana ada beberapa yang membersihkan taman dan memperbaiki Plafon Luar Museum Balla Lompoa."
ChIJUyYblCXivi0R3hCr1lbjR1s,Muslihun Karimunjawa,4.0,3 bulan lalu,"Peninggalan budaya yg begitu luar biasa, sepatutnya dirawat dgn baik"
ChIJUyYblCXivi0R3hCr1lbjR1s,Rahmat Hidayat,5.0,8 bulan lalu,"Museum Balla Lompoa adalah sebuah museum yang terletak di Kabupaten Gowa, Sulawesi Selatan. Nama ""Balla Lompoa"" sendiri berasal dari bahasa Makassar yang berarti ""rumah besar"" atau ""istana"". Bangunan museum ini merupakan replika atau rekonstruksi dari Istana Kerajaan Gowa yang didirikan pada tahun 1936, pada masa pemerintahan Raja Gowa ke-31.
Sebelum menjadi museum, Balla Lompoa berfungsi sebagai istana atau kediaman bagi raja-raja Gowa. Setelah sistem kerajaan berakhir, bangunan ini dialihfungsikan menjadi museum yang dibuka pada 11 Desember 1973.
Fungsi dan Koleksi
Fungsi utama dari Museum Balla Lompoa adalah untuk menyimpan dan melestarikan benda-benda bersejarah dari Kerajaan Gowa. Museum ini menjadi sumber edukasi dan wawasan bagi masyarakat, terutama generasi muda, mengenai sejarah dan budaya Kerajaan Gowa.
Beberapa koleksi penting yang dapat ditemukan di museum ini antara lain:
* Salokoa: Mahkota yang terbuat dari emas murni dan permata, merupakan simbol kebesaran Raja Gowa.
* Ponto Janga-jangaya: Gelang emas berbentuk naga yang dipakai pada upacara penobatan raja.
* Kotara: Rantai emas panjang yang merupakan tanda kebesaran raja.
* Pakaian adat: Berbagai macam pakaian adat untuk pejabat, pemimpin keagamaan, dan wanita dari masa Kerajaan Gowa.
* Naskah kuno: Naskah-naskah beraksara Lontara yang berisi catatan sejarah dan kebudayaan.
* Al-Qur'an tulisan tangan: Sebuah Al-Qur'an kuno dari abad ke-16.
* Senjata tradisional: Seperti parang (Lasippo) dan kalewang (Sudanga) yang memiliki nilai sejarah dan magis.
Arsitektur
Bangunan Museum Balla Lompoa memiliki arsitektur tradisional Bugis-Makassar berbentuk rumah panggung. Bangunan ini terbuat dari kayu ulin dan memiliki tiang-tiang yang kokoh dengan tinggi lebih dari dua meter. Arsitektur bangunannya juga memperlihatkan perpaduan pengaruh dari berbagai peradaban yang pernah masuk ke wilayah Gowa, seperti Hindu, Buddha, dan Islam, yang terlihat dari ukiran pada tiang dan kaligrafi di beberapa bagian ruangan"
ChIJUyYblCXivi0R3hCr1lbjR1s,Ahmad Komarudin,4.0,5 bulan lalu,"salah satu tempat wisata sejarah di makasar. terlihat dr luar emang kurang terawat, tp pas masuk rumahnya cukup bersih n terawat."
ChIJUyYblCXivi0R3hCr1lbjR1s,Nur Rahma Karim,5.0,8 bulan lalu,"Museum bersejarah yg berada di Kab. Gowa. Balla Lompoa berasal dari kata ""Balla yg artinya rumah"" sedangkan ""Lompoa yg berarti Besar"". Jd bsa dikatakan Balla Lompoa ini merupakkan kediaman raja² Gowa terdahulu sekaligus pusat kegiatan adat masyarakat entis makassar khususnya kab. Gowa"
ChIJUyYblCXivi0R3hCr1lbjR1s,Mery_ Me,5.0,setahun lalu,"Pengalaman yang menarik dan mengesankan karena museum ini merupakan rumah dari Raja Gowa terdahulu dan ada guide nya.
Kami sangat beruntung berkunjung pada hari jumat dan berkesempatan untuk melihat mahkota serta bisa berfoto di singgananya. Untuk tiket wisatanya juga murah. Jadi bisa menambah wawasan tentang sejarah dan budaya di Indonesia."
ChIJUyYblCXivi0R3hCr1lbjR1s,Henzu Henzu,5.0,setahun lalu,Sebuah museum yg sederhana tapi bagus dgn bangunan yg khas .dengan pemandu yg menjelaskan dgn sangat baik ttg peninggalan2 kerajaan pd zamannya.
ChIJUyYblCXivi0R3hCr1lbjR1s,Beryawan Soeripto,1.0,sebulan lalu,"BAHAYA , RAMPOK, Bapak yang jaga Di custome  Pakaian minta Rp 100.000 /orang RAMPOK , hindari tempat ini, AVOID THIS PLACE , BIG SCAM to charge Rp100.000/person for wearing traditional custom to enter the place , STAY AWAY"
ChIJUyYblCXivi0R3hCr1lbjR1s,Nisa Ihsani Said,4.0,3 bulan lalu,"Tempatnya bagus, cantik dan indah.
Tapi saya lebih suka suasana Balla Lompoa di tahun 2003an, sebelum dipugar. Tahun 2003, ada banyak seniman di depannya kalau kita mau beli kerajinan kayu."
ChIJUyYblCXivi0R3hCr1lbjR1s,Rizky Nur Salam,4.0,Diedit setahun lalu,"Tempat nya bagus, luas, nyaman, dan juga artistik. Bagian dalam nya lumayan luas, banyak artefak-artefak dari kerajaan Gowa.  Dan penjelasan dari pemandu cukup jelas dan menarik."
ChIJy9LFmt7rky0RU-2zFqy9ZqE,Muh Ali Ikhsan,5.0,3 bulan lalu,"Berbeda dengan Lemo, kunjungan ke Londa memberi pengalaman yang jauh lebih intens dan mendalam. Begitu tiba di pintu gua, suasananya langsung terasa sunyi dan dingin. Untuk masuk, saya harus menggunakan lampu petromaks, yang justru membuat pengalaman terasa semakin autentik.

Di dalam gua, terlihat peti-peti jenazah tua, tulang belulang, dan tengkorak yang diletakkan rapi di beberapa sudut. Awalnya terasa sedikit merinding, tapi lama-lama muncul rasa hormat, bukan takut. Semua yang ada di dalam gua ini adalah bagian dari tradisi pemakaman leluhur Toraja yang sudah berlangsung ratusan tahun.

Yang paling berkesan adalah kesadaran bahwa tempat ini bukan sekadar objek wisata, melainkan tempat peristirahatan terakhir manusia. Pemandu lokal menjelaskan makna setiap sudut gua, dan dari situ saya makin memahami filosofi orang Toraja tentang kehidupan dan kematian.

Di luar gua, terdapat tebing batu dengan peti-peti gantung, menambah kesan unik dan sakral. Lingkungan sekitar masih alami, pepohonan rindang, dan udara sejuk membuat suasana tetap tenang meski berada di area pemakaman."
ChIJy9LFmt7rky0RU-2zFqy9ZqE,Ridwan Hidayat,5.0,Diedit 3 bulan lalu,"Parkir motor free
Tiket masuk 15k
Pemandu seikhlasnya (opsional)
Sewa alat penerangan dari pemandu 50k (opsional)"
ChIJy9LFmt7rky0RU-2zFqy9ZqE,Ince Rahmi,5.0,4 bulan lalu,"Patung Tau-Tau, miniatur yang mewakili sosok yang telah meninggal, berjejer rapi di tebing batu, memancarkan nilai estetika dan spiritual yang tinggi. Lokasi ini sangat direkomendasikan bagi penggemar sejarah dan budaya."
ChIJy9LFmt7rky0RU-2zFqy9ZqE,Hermawan w p,5.0,8 bulan lalu,"Akhirnya saya kesampean juga ke tempat ini, biasanya hanya melihat dilayar tv sekarang bisa liat langsung.
Lokasinya cukup mudah dilalui semua jenis kendaraan, lokasi bersih, guide ramah, jika ingin masuk ke gua bayar
50k untuk penerangan dan untuk guidenya seikhlasnya..."
ChIJy9LFmt7rky0RU-2zFqy9ZqE,Wahdania Ahmad,5.0,6 bulan lalu,"guidenya bener2 ramah gaiss, dijelasin detail dan semua pertanyaan sampe sejarah sejarah tuh dijawab bagus bangett, kalian harus masuk ke goanya sih, walopun jarua sewa lampu dan guide yang dibayar seikhlasnya tapi worth it to try koo"
ChIJy9LFmt7rky0RU-2zFqy9ZqE,Hery Cipta,4.0,Diedit 4 bulan lalu,"Di dalam goa agak licin JD berhati2 ,dilarang sentuh benda2 di dalam goa,utk pemandu nya ok,tidak patok harga ,sewa lampu 50.rb,jalan pulang nya minta di perhatikan lebih,"
ChIJy9LFmt7rky0RU-2zFqy9ZqE,Laode Septer,5.0,sebulan lalu,"Di antara batu dan keheningan Goa Londa, tersimpan cerita yang tak lekang oleh waktu.
Langkah kaki terasa pelan, seolah menghormati kisah-kisah lama yang masih hidup dalam budaya Toraja.
Tempat ini mengajarkan satu hal:
bahwa perjalanan manusia mungkin singkat, tapi cerita dan warisan akan selalu bertahan."
ChIJy9LFmt7rky0RU-2zFqy9ZqE,Ernie Ari Jumadi,5.0,3 bulan lalu,Di tempat ini kita bisa mlht salah satu budaya Indonesia yg terkait dgn pemakaman msh terpelihara baik sampai skrg
ChIJy9LFmt7rky0RU-2zFqy9ZqE,Alya Aulia Nurdin,5.0,setahun lalu,ada 2 goa tapi kami hanya masuk di 1 goa aja karena ngerasa udah cukup. tenang aja karena di sini ada guidenya orang lokal setempat jadi sepanjang perjalanan masuk di goa londa ini bakal dijelasin sama guidenya
ChIJy9LFmt7rky0RU-2zFqy9ZqE,Swarman Siahaan,5.0,11 bulan lalu,Cara penguburan yang sangat unik dari suku Toraja. Mayatnya di masukin ke goa menggunakan peti di sudut/lokasi turunan keluarga. Biasanya 1 peti bisa banyak mayat dan ditumpukin hingga menjadi tulang belulang. Nanti suatu saat akan dibersihkan dan diperbaiki dengan adat Ma'nenek. Menarik
ChIJt92KUDIEpy0RlGfICd6iJl0,Agust Sukirman,5.0,sebulan lalu,Sayangnya voice mengabarkan selamat datang di rumah padahal jaraknya masih 50 meteran. Mohon direvisi voice sudah sampai jika betul2 sudah berhenti di 2 meteran tks
ChIJt92KUDIEpy0RlGfICd6iJl0,budi santosa,4.0,3 tahun lalu,"Wakatobi tentu tidak asing bagi para traveller, khususnya yang menyukai suasana pantai dan ketenangan alamnya. Banyak spot snorkling dan diving yang bisa dijelajahi, atau sekedar jalan-jalan menikmati sunrise dan sunset di beberapa pulau di sini. Semuanya memiliki keindahan masing-masing dengan lingkungan lautnya yang masih relatif asri.

Pergi kesini bisa ditempuh dengan menggunakan pesawat dari Makassar tujuan Kendari, setelah itu disambung pesawat dari Kendari menuju Bandara Matahora di Pulau Kaledupa Kab Wakatobi. Dari sini Anda sudah bisa mulai menjelajah taman nasional wakatobi. Banyak penginapan dan jasa wisata yang bisa Anda gunakan jika belum tahu tujuan Anda mau kemana.

Salah satu pulau yang menjadi tujuan wisatawan adalah Pulau Hoga, sekitar 1 jam perjalanan dengan kapal dari Pulau Kaledupa. Pulau kecil ini sengaja disetting menjadi tujuan wisata dengan fasilitas cottage-cottage. Pemandangannya bagus, untuk diving juga masih bagus karangnya."
ChIJt92KUDIEpy0RlGfICd6iJl0,Rahmat Hidayat,5.0,10 bulan lalu,"Taman Nasional Wakatobi adalah salah satu taman nasional laut terbesar di Indonesia, terletak di Kabupaten Wakatobi, Sulawesi Tenggara. Nama Wakatobi sendiri merupakan akronim dari empat pulau utama yang membentuk gugusan kepulauan ini: Wangi-Wangi, Kaledupa, Tomia, dan Binongko.
Keindahan dan Keanekaragaman Hayati:
Wakatobi terkenal di dunia karena keindahan bawah lautnya yang luar biasa dan keanekaragaman hayati lautnya yang melimpah. Kawasan ini merupakan bagian dari ""Coral Triangle"" atau Segitiga Terumbu Karang, wilayah dengan keanekaragaman hayati laut tertinggi di dunia.
* Terumbu Karang: Di Wakatobi terdapat sekitar 112 jenis terumbu karang dari 13 famili, tersebar di 25 gugusan terumbu karang sepanjang 600 km garis pantai. Kaledupa Atoll, yang berada di dalam taman nasional ini, dikenal sebagai atol tunggal terpanjang di kawasan Asia Pasifik.
* Ikan: Wakatobi menjadi rumah bagi ribuan spesies ikan, dengan perkiraan 942 spesies ikan dan 750 spesies terumbu karang. Beberapa spesies ikan yang dapat ditemukan di sini termasuk Argus bintik (Cephalopholus argus), Takhasang (Naso unicornis), dan Pogo-pogo (Balistoides viridescens).
* Fauna Laut Lainnya: Selain ikan dan karang, Wakatobi juga dihuni oleh berbagai spesies langka dan dilindungi seperti penyu sisik (Eretmochelys imbricata), penyu hijau (Chelonia mydas), dan ikan Napoleon (Cheilinus undulatus). Terdapat juga 11 spesies cetacea (mamalia laut seperti paus dan lumba-lumba) dan beberapa jenis burung laut seperti angsa-batu coklat (Sula leucogaster plotus), cerek melayu (Charadrius peronii), dan raja udang Erasia (Alcedo anthis).
* Ekosistem Lain: Selain terumbu karang, taman nasional ini juga memiliki ekosistem laut lainnya seperti hutan mangrove dan padang lamun (seagrass).
Aktivitas Wisata:
Taman Nasional Wakatobi menawarkan berbagai aktivitas menarik bagi para pengunjung, terutama bagi pecinta alam bawah laut:
* Menyelam (Scuba Diving) dan Snorkeling: Ini adalah daya tarik utama Wakatobi. Dengan visibilitas air yang sangat baik (rata-rata 35 meter), penyelam dan snorkeler dapat menikmati keindahan terumbu karang yang berwarna-warni dan beragam spesies laut. Titik-titik penyelaman populer antara lain Onemohute di Wangi-Wangi dan Roma (Roma's Reef) di Tomia.
* Island Hopping: Menjelajahi pulau-pulau utama seperti Wangi-Wangi, Kaledupa, Tomia, dan Binongko, masing-masing dengan keunikan dan daya tariknya sendiri.
* Mengunjungi Desa Bajo Mola: Berinteraksi dengan masyarakat lokal, termasuk Suku Bajo (pengembara laut), dan mempelajari budaya mereka.
* Menikmati Sunset dan Sunrise: Mencari tempat strategis di pantai atau di atas bukit untuk menyaksikan pemandangan matahari terbit dan terbenam yang spektakuler.
* Mengunjungi Situs Sejarah dan Budaya: Beberapa pulau juga memiliki situs sejarah seperti benteng-benteng kuno dan rumah tradisional.
* Pengamatan Lumba-lumba: Mengikuti tur untuk melihat lumba-lumba di habitat aslinya.
Waktu Terbaik untuk Berkunjung:
Wakatobi dapat dikunjungi sepanjang tahun, namun waktu terbaik untuk menyelam dan eksplorasi adalah dari Maret hingga Mei dan September hingga November. Pada bulan-bulan ini, cuaca relatif tenang dan visibilitas bawah laut optimal. Musim hujan biasanya terjadi pada bulan Desember hingga Februari, yang dapat menyebabkan gelombang tinggi.
Biaya Masuk:
Untuk turis internasional, biaya masuk Taman Nasional Wakatobi dapat bervariasi tergantung paket wisata atau durasi kunjungan. Berdasarkan informasi yang tersedia, untuk turis internasional, perkiraan biaya masuknya bisa mencapai Rp 510.000 per orang, dengan paket tur yang lebih panjang (misalnya 3 hari snorkeling) dengan biaya sekitar Rp 4.200.000 per orang. Biaya ini dapat berubah, jadi disarankan untuk memeriksa informasi terbaru sebelum berkunjung.
Upaya Konservasi:
Wakatobi memiliki program konservasi yang kuat, termasuk program konservasi terumbu karang yang didanai secara pribadi. Upaya konservasi meliputi:
* Penetapan aturan ketat untuk meminimalkan dampak penyelam.
* Pemasangan dan pemeliharaan pelampung untuk operasi penyelaman.
* Pemantauan"
ChIJt92KUDIEpy0RlGfICd6iJl0,abiq mhd,5.0,7 tahun lalu,"Bagi para wisatawan yang menyukai keindahan alam bawah laut dapat melakukan beberapa kegiatan di Taman Nasional Wakatobi, seperti menyelam, snorkeling dan berenang untuk melihat gugusan terumbu karang yang indah dan berbagai hewan bawah laut dan juga menyaksikan berbagai kebudayaan masyarakat setempat."
ChIJt92KUDIEpy0RlGfICd6iJl0,JAMIADDIN,5.0,Diedit 6 tahun lalu,"taman yang sangat indah mempunyai  begitu banyak karang.800 lebih jenis
karang di dunia wakatobi mempunya 700 lebih jenis karangnya.sanshet yang ada di wakatobi sangat begitu indah dan menawan bagaikan bola emas..yang menerangi pantai di wakatobi..."
ChIJt92KUDIEpy0RlGfICd6iJl0,Kadek Edy Sutrawan Marta Yoga,5.0,8 tahun lalu,"Taman Nasional Wakatobi sangat direkomendasikan sebagai salah satu destinasi wisata yang tidak akan anda lupakan. Dengan julukan ""Surga Bawah Lautnya"" memang pantas untuk Wakatobi. Jika anda ingin membuktikannya datang dan kunjungilah Wakatobi dan jangan lupa untuk menyelam melihat langsung surganya bawah laut. Enjoy your holiday in Wakatobi Island :-)"
ChIJt92KUDIEpy0RlGfICd6iJl0,Satria Thung,4.0,Diedit 8 tahun lalu,"The Best Snorkling in the World.. terumbu karangnya indah dengan berbagai macam ikan yang beraneka jenis ^_^, ditambah lagi pinggir wall karang yang bisa melihat ikan baracuda lewat snorkling sunggung Amazing..
Tapi keindahan alam wakatobi tidak seindah penduduk lokal disana.. kami 19 orang tertipu dengan tour guide lokal yang kabur di hari ke-5 kami di wakatobi, touguide kami yang bernama ""ARMAN"" meninggalkan kita di pulau hoga.. untung ada dive centre kami yang membantu melanjutkan perjalanan.."
ChIJt92KUDIEpy0RlGfICd6iJl0,La Ode Nasriadin,5.0,7 tahun lalu,"Pulau Wakatobi adalah pulau yg 90% wilayahnya adalah lautan, sangat cocok insyaaAllah untuk berlibur, dengan beraktifitas snorkling, diving, dan juga masyarakatnya InsyaaAllah Ramah, murah senyum, dan Wakatobi juga aman, bersih, dan indah."
ChIJt92KUDIEpy0RlGfICd6iJl0,Cipto Sudrajat,5.0,7 tahun lalu,Wakatobi is very Beautiful ... kepulauan dengan. Keindahan bawah laut yang bakal memanjakan mata kalian. Terumbu karang dan ikan-ikan di kepulauan Wakatobi sangat banyak dan masih terjaga.
ChIJt92KUDIEpy0RlGfICd6iJl0,Agus Prasetyo,5.0,Diedit 8 tahun lalu,"Wakatobi merupakan salah satu spot menyelam terbaik yang ada di Indonesia. Meski demikian, Wakatobi masih kurang mendapat kunjungan jika dibandingkan dengan spot-spot menyelam lainnya. Ke depan Wakatobi akan mendapat perhatian khusus sebagai salah satu destinasi yang menjadi prioritas pengembangan."
ChIJZXebUXz9vi0RBUM_2viDy1M,Mugiyatun Soemarno28,5.0,10 bulan lalu,"Sore adalah moment untuk foto maupun berkunjung disini ya
Pasti kalian akan dapat jepretan mahal dan sangat bagus deh
Pintu masuk dan keluar berbeda jalur ya
Agak susah kalo tidak pakai map untuk sampai ke pelabuhan ini
Pelabuhan ini melayani angkutan barang ya untuk orang kalo tidak slah ada juga tapi kurang tau tujuan nya kemana, lupa saya"
ChIJZXebUXz9vi0RBUM_2viDy1M,Matt Azmar,5.0,9 bulan lalu,"Pelabuhan yg terletak dibagian utara kota makassar ini masih menjadi tempat berlabuhnya kapal kapal tradisional pinisi, katinting, karoro dsb. Dan masih menjadi pilihan para warga yg akan menuju pulau2 kecil sekitar makassar bahkan ke  pulau2 seperti ke Selayar, kalimantan bahkan sampai ke Nusa tenggara."
ChIJZXebUXz9vi0RBUM_2viDy1M,Erma Irawati,4.0,setahun lalu,"Pelabuhannya tidak terlalu besar dimana perahu phinisi dan kapal2 ukuran kecil yang mengangkut bahan pokok, hasil laut  dan hasil alam dari dan ke pulau dekat Makassar dan daerah Indonesia timur.

Pelabuhan ini juga salah satu tempat terbaik buat menikmati sunset di sore hari"
ChIJZXebUXz9vi0RBUM_2viDy1M,Arif Fuddin Usman,5.0,3 tahun lalu,"PELABUHAN Paotere, merupakan pelabuhan tertua di Kota Makassar, bahkan di Provinsi Sulawesi Selatan. Pelabuhan ini dibangun sejak abad ke-14 dan menjadi bukti peninggalan Kerajaan Gowa-Tallo.

Inilah pelabuhan yang juga menjadi cikal bakal keberadaan Makassar. Sejak dahulu, kerajaan Gowa-Tallo mengirim hasil-hasil bumi ke luar pulau melalui pelabuhan ini.

Pelabuhan Paotere ini terbagi dua, satu untuk pendaratan ikan atau dikenal dengan PPI atau pusat pendaratan ikan yang akrab dikenal dengan tempat pelelangan ikan.

Sedangkan satunya lagi adalah tempat menaikkan barang dan penumpang. Barang berwujud hasil bumi diantar pulaukan dengan kapal-kapal kayu.

Demikian pula untuk penumpang, di sini naik turunnya penumpang yang juga warga pulau ke kota Makassar. Bahkan di sini ada juga berlabuh kapal perintis KM Sabuk Nusantara. Kapal ini mengantar warga Sulsel yang tinggal di pulau-pulau terluar.

Hanya saja, keberadaan pelabuhan ini semakin terdesak dengan keberadaan Makassar New Port. Pasalnya perairan tertutup pelabuhan modern baru yang memiliki luas puluhan hektare.

Kapal-kapal nelayan dan kapal barang semakin terjepit pintu masuknya. Kalau New Port sudah ramai, Pelabuhan Paotere tentu akan terpinggirkan.

Bahkan untuk pelabuhan ikan, sudah dibuatkan pengganti di daerah Untia, Kecamatan Biringkanaya. Tapi sepi dan mangkrak. Untuk kapal-kapal barang dan penumpang ke pulau, masih mengandalkan Paotere. (*)"
ChIJZXebUXz9vi0RBUM_2viDy1M,Adil R,5.0,2 bulan lalu,"Pelelangan ikan. Bisa beli ikan sja trus bwa ke kios sekita. Hanya bayar biaya bakar, nasi, sayur dan sambel"
ChIJZXebUXz9vi0RBUM_2viDy1M,Victory Albert,5.0,7 tahun lalu,"Pelabuhan Paotere bisa dijangkau dengan menggunakan taksi Online dari pantai losari, jaraknya juga gak jauh amat. Di pelabuhan Paotere ini kita bisa melihat kapal2 tradisional yang terbuat dari kayu dan masih digunakan oleh masyarakat untuk mengangkut barang - barang antar pulau. Untuk masuk ke pelabuhan ini kita harus bayar uang masuk Rp.3.000,- untuk satu orang, dan jangan lupa untuk pakai sublok ya karena panas 😊 kalau ke pelabuhan Paotere baiknya datang pagi atau sore, karena langitnya biru dan biasanya kapal - kapal kayunya masih ada di dermaga."
ChIJZXebUXz9vi0RBUM_2viDy1M,Pratiwi Madagaskar,5.0,7 tahun lalu,"Lokasinya dekat dengan tempat pelelangan ikan paotere. Pelabuhan ini ramai oleh aktifitas orang datang/pergi ke pulau sekitar kota makassar.
.
Jalan untuk mengkases tempat ini beraspal dan mudah untuk dijangkau menggunakan kendaraan pribadi. Hanya saja untuk mecapai tempat ini agak sulit untuk menggunakan transportasi umum seperti angkot. Saran kalau kesini jika tidak dengan kendaraan pribadi gunakanlah angkutan online sepertji ojek online.
.
Pada jam2 tertentu jalan disekitar lokasi ini agak padat akibat aktifitas di pelelangan ikan dan kendaraan pengangkut dari pelabuhan."
ChIJZXebUXz9vi0RBUM_2viDy1M,feMz sarasVati,3.0,7 tahun lalu,"Ada banyak jenis kapal disini.
Kami menyebrang dari sini utk ke Kodingareng - samalona - lae lae.

Sewaktu kami berkumpul, saya ga paham kenapa kami seperti agak diusir ga boleh nunggu bergerombol. Akhirnya nunggu di dalam kapal, kan ga enak sebab walau air tenang tetap berasa goyang di atas air."
ChIJZXebUXz9vi0RBUM_2viDy1M,Hasan Basri,4.0,setahun lalu,"Sampah berserakan, butuh perhatian pemerintah/pengelola bukan sekedar minta uang retribusi saat orang masuk pelabuhan"
ChIJZXebUXz9vi0RBUM_2viDy1M,moh uswan,4.0,7 tahun lalu,"Paotere adalah suatu pelabuhan perahu yang terletak di Kecamatan Ujung Tanah, Makassar, Sulawesi Selatan. Pelabuhan yang berjarak ± 5 km (± 30 menit) dari pusat Kota Makassar ini merupakan salah satu pelabuhan rakyat warisan tempo doeloe yang masih bertahan dan merupakan bukti peninggalan Kerajaan Gowa-Tallo sejak abad ke-14 sewaktu memberangkatkan sekitar 200 armada Perahu Phinisi ke Malaka.

Pelabuhan Paotere sekarang ini masih dipakai sebagai pelabuhan perahu-perahu rakyat seperti Phinisi dan Lambo dan juga menjadi pusat niaga nelayan, di mana dapat dilihat di sepanjang jalan di pelabuhan berjejer toko-toko yang menjual berbagai macam jenis ikan kering, perlengkapan nelayan, serta beberapa restoran seafood.

Sumber : Wikipedia"
ChIJNxwvnvrzuy0RajsHwzXLF2I,Mahdi,5.0,4 bulan lalu,"Pantai Tanjung Bira benar-benar memberikan pengalaman liburan yang sulit dilupakan. Sejak pertama kali tiba, saya langsung dibuat terpukau oleh pasirnya yang putih halus dan air lautnya yang bergradasi biru bening. Pemandangannya sangat memanjakan mata dan suasananya begitu tenang, cocok untuk siapa saja yang ingin beristirahat dari hiruk-pikuk kota.

Hal yang paling saya sukai adalah kebersihan pantainya. Meskipun cukup ramai dikunjungi wisatawan, area pantai tetap terawat dan nyaman. Ombaknya pun cukup tenang, sehingga aman untuk berenang atau sekadar bermain air di tepi pantai.

Aktivitas snorkeling di Tanjung Bira menjadi pengalaman yang luar biasa. Terumbu karangnya masih terjaga dan dipenuhi ikan-ikan berwarna-warni yang membuat saya betah berlama-lama di dalam air. Selain itu, para penyewa perlengkapan snorkeling ramah dan harganya cukup terjangkau.

Fasilitas di sekitar pantai juga memadai. Terdapat banyak pilihan penginapan, mulai dari yang sederhana hingga resort yang menghadap langsung ke laut. Tempat makan pun beragam, dan hidangan seafood segar menjadi favorit saya.

Yang membuat kunjungan ini semakin berkesan adalah matahari terbit dan terbenam di Tanjung Bira yang benar-benar menakjubkan. Warna langit berubah perlahan dan menciptakan suasana damai yang sulit digambarkan dengan kata-kata.

Secara keseluruhan, Tanjung Bira adalah destinasi wisata yang layak mendapatkan rating 5. Keindahan alam, kebersihan, kenyamanan, dan suasana damainya menjadikan tempat ini salah satu pantai terbaik yang pernah saya kunjungi. Saya sangat merekomendasikannya untuk siapa saja yang ingin menikmati pesona laut Sulawesi Selatan."
ChIJNxwvnvrzuy0RajsHwzXLF2I,Jacobus Ady,5.0,10 bulan lalu,"Pantai yang sangat cantik dengan air yang sangat jernih berwarnah kebiruan (karena pantulan langit) dan pasir putih sangat halus.

Pemandangan di pantai inipun sangat menawan dan angin yang sepoi-sepoi yang berhembus membius membuat kita bisa tertidur karena merasakan nyaman.

Datang dan nikmatilah.

Smart 😊"
ChIJNxwvnvrzuy0RajsHwzXLF2I,Andi Baliraja,5.0,3 bulan lalu,"Pengalaman ku pertama kali menjelaja Pantai Tanjung Bira.dengan Apparalang dan  menggunakan peta penunjuk area atau location  maybe somethings  likes ,iam seen and by doing anythingk,
(i could tik another to anothersbplace) then just not lseen but anjoing too..."
ChIJNxwvnvrzuy0RajsHwzXLF2I,Thoriq Fauzy,5.0,7 bulan lalu,"Sebaiknya datang pagi sebelum matahari terik, atau menjelang sore."
ChIJNxwvnvrzuy0RajsHwzXLF2I,vebiyanti devi,5.0,setahun lalu,"Pantai dengan Pasir putih dan pemandangan yang indah. Jika memiliki budget lebih, lebih baik pilih resort/bungalow yang memiliki akses private beach."
ChIJNxwvnvrzuy0RajsHwzXLF2I,Tri Saldi Saharuddin,5.0,setahun lalu,"Waktu kesini pas tahun 2019 masih proses pembangunan resort, betul betul masih pantai biasa yang indah jauh dari keramaian. Gak tau sekarang gimana keadaan disana."
ChIJNxwvnvrzuy0RajsHwzXLF2I,Junkiee,5.0,setahun lalu,"bagus pantainya, pemandangan bagus juga
cuman mines parkir mobil gatau dimana, akses ke pantai cukup membingungkan, terlalu banyak kapal di bibir pantai"
ChIJNxwvnvrzuy0RajsHwzXLF2I,Andi Rakadyas,4.0,setahun lalu,"Sangat bagus pantainya tapi -nya di villa nya hanya ada 2 kamar AC itu pun dilantai bawah bukan diatas,tapi diatas juga ada kipasnya walaupun sudah berkarat tetapi tetap dingin,saya juga hampir keberak dicelana saya saat perjalanan ke pantai jni"
ChIJNxwvnvrzuy0RajsHwzXLF2I,Alan Tanjung,5.0,6 tahun lalu,"Pantai dengan pasir putih dan air yang jernih, kalau weekend rame bener.. ada fasilitas banana boat sm donnutboat, buat yg suka mancing ada spot mancing didekat pulau kambing yg juga jadi spot snorkling. Tersedia banyak pilihan penginapan di sini, dari model penginapan/hotel/cottage, dari harga mulai 200ribuan sampai harga 1,7juta.. Sayangnya ada beberapa sudut pantai yg tercemar oleh sampah. Ga bosan main ke sini.."
ChIJNxwvnvrzuy0RajsHwzXLF2I,Kasransyah Taha,4.0,7 tahun lalu,"Tempat nya bagus untuk rekreasi tempay hiburan untuk keluarga. Kita bisa mandi dan berenang, ada permainan banana boot sekali jalan dengan tarif Rp.15.000/orang, permainan donat boot dengan tarif sekali jalan Rp.150.000. atau kita bisa melihat penangkaran penyu dengan biaya sekali masuk Rp.10.000 dengan menyewa perahu dengan tarif Rp.350.000 s.d Rp.400.000 kapasitas 15 - 20 orang, sekaligus kita bisa snoorkling. Untuk menginap ada hotel dan penginapan pilih sesuai selera. Kalau hotel tarifnya rata-rata mulai dari Rp.500.000 - 1.500.000 dan untuk penginapan tarifnya agak murah."
ChIJ-1BwjCK-vi0RQSpEAvjsdsQ,topik akuu,5.0,6 bulan lalu,"Air terjun yg sangat indah
Tiket masuk sangat murah.
Air terjun dekat dengan jalan jadi tidak terlalu jauh untuk berjalan sampe di air terjunya"
ChIJ-1BwjCK-vi0RQSpEAvjsdsQ,nuraisyah matareng16,5.0,7 bulan lalu,"Sekedar info, untuk masuk cuma 7rb per orang dan di dalam lumayan banyak penjual Snack dan insyaallah tidak kelaparan 😁

Untuk air terjun nya lebih seru klw langsung turun kebawah sih menurut ku"
ChIJ-1BwjCK-vi0RQSpEAvjsdsQ,Anca,5.0,8 bulan lalu,"Air terjun takapala menyajikan air terjun yang mengalir turun di antara tebing yang menjulang inggi. Jalan akses jalan ke air terjun ini masih ada beberapa bagian jalan yang rusak, pengunjung hanya perlu membayar 7k untuk masuk dan parkir disekitar rumah warga yang berada di sekitar air terjun sebesar 5k . Jika kalian ingin mengunjungi air terjun ini pada saat bulan penghujan sebaiknya menyiapkan payung atau jas hujan karena cipratan dan aliran air akan membasai pengunjung."
ChIJ-1BwjCK-vi0RQSpEAvjsdsQ,Sri Helfinaya,5.0,2 bulan lalu,"such a beautiful place, tambah indah lagi krn datengnya bareng dia🤭 …"
ChIJ-1BwjCK-vi0RQSpEAvjsdsQ,Rahmat Hidayat,5.0,9 bulan lalu,"Air Terjun Takapala adalah salah satu destinasi wisata alam yang populer di Kabupaten Gowa, Sulawesi Selatan, Indonesia. Tepatnya, air terjun ini berlokasi di Kampung Takapala, Kelurahan Bontolerung, Kecamatan Tinggimoncong.
Berikut beberapa hal yang perlu kamu ketahui tentang Air Terjun Takapala:
* Ketinggian: Air terjun ini memiliki ketinggian sekitar 109 meter, dengan debit air yang cukup besar, terutama saat musim hujan.
* Keindahan Alam: Takapala menawarkan panorama alam yang sangat indah dan asri. Dikelilingi oleh hutan tropis yang lebat dan berbagai jenis pepohonan rindang, suasana di sekitarnya sangat sejuk dan menyegarkan. Kabut tipis yang sering muncul menambah kesan dramatis dan menakjubkan.
* Kolam Alami: Di dasar air terjun terdapat kolam alami yang jernih dan segar, tempat favorit bagi pengunjung untuk berenang atau sekadar merendam kaki.
* Fenomena Pelangi: Salah satu daya tarik uniknya adalah kemunculan pelangi yang sering terlihat antara pukul 10.00-11.00 WITA, melingkari air terjun. Ini menjadi momen yang sangat dinantikan untuk berfoto.
* Nilai Budaya: Masyarakat setempat meyakini bahwa Air Terjun Takapala memiliki kekuatan spiritual. Banyak yang datang untuk mandi sambil berdoa memohon berkah, seperti jodoh, yang menambah daya tarik budaya.
* Aksesibilitas: Lokasi Air Terjun Takapala tidak terlalu sulit dijangkau. Akses jalan sudah cukup baik, dan jalur trekking menuju air terjun juga relatif dekat dan mudah. Jaraknya sekitar 70-90 km dari Kota Makassar, dengan waktu tempuh sekitar 1,5 hingga 2-3 jam perjalanan.
* Fasilitas: Kawasan wisata ini sudah dilengkapi dengan fasilitas seperti area parkir, toilet umum, gazebo, mushola, warung makan, dan beberapa pilihan penginapan.
Singkatnya, Air Terjun Takapala adalah tempat yang sempurna untuk menikmati keindahan alam yang memukau, merasakan kesegaran air pegunungan, dan bahkan menyaksikan fenomena pelangi yang menakjubkan"
ChIJ-1BwjCK-vi0RQSpEAvjsdsQ,Nurazizah Putri Shahbani,5.0,setahun lalu,"ademmm, naik tangga dlu buat ke air terjunnya, terbayar dengan view yang cantikk, banyak warung kecil juga, makan indomie sambil menikmati pemandangan air terjun👍🏻 ada tukang parkirnya juga"
ChIJ-1BwjCK-vi0RQSpEAvjsdsQ,Gypsy Soul,4.0,setahun lalu,"Harga masuk Rp.7000,-
Saat kesana Musim Hujan, air terjun sangat deras, jalanan licin. Dari Google Maps ada 2 jalur, sebaiknya ambil jalur 'Pintu Masuk'-nya. Jalur 1nya adalah jalur lama dan sudah rusak."
ChIJ-1BwjCK-vi0RQSpEAvjsdsQ,Andini Claudia,4.0,2 tahun lalu,"Air Terjun Takapala adalah air terjun yang indah yang ada di daerah Malino. Jangan lewatkan kesempatan untuk menikmati keindahan dan serunya berenang di kolam alami dekat dengan air terjun. Airnya sangat segar. kalau saya rekomendasi
kan datang disiang hari menjelang siang hari agar tidak terlalu ramai. akses untuk kesana cukup memicu adrenalin yah untuk pengendara mobil karena jalannya kecil. Tapi jangan khawatir pengelola sudah menyiapkan petugas yang berjaga agar kendaraan tidak berpapasan ditengah jalan karena memang jalanan ke air terjun dari jalan utama hanya untuk satu kendaraan roda empat. Parkirannya luas bisa untuk banyak kendaraan. Ada penjual di area air terjun jadi jangan khawarir kelaparan. Ada juga toilet dan kamar ganti stelah berenang dengan harga yang bersahabat. Jangan lupa dengarkan pengelola air terjun, jika mereka mengatakan tidak boleh berenang maka jangan berenang. Beruntung saat saya kesana debit airnya tidak terlalu tinggi jadi bisa berenang dan mendekat kearah air terjun. Tetap jaga kebersihan yah."
ChIJ-1BwjCK-vi0RQSpEAvjsdsQ,Muhammad Huzairi,3.0,2 bulan lalu,Pemandangan yg indah sayangx pasilitas untuk ibadah TDK bisa digunakan
ChIJ-1BwjCK-vi0RQSpEAvjsdsQ,Budy Wuysang,5.0,4 bulan lalu,"Air terjun terdekat dari Malino, pakai atv hotel Double Nine."
ChIJ9wzSa8EreTIR0KtoqpUEzCM,Real Gusday,5.0,5 bulan lalu,"Pertama Kali ke Gorontalo, tujuan pertama saya adalah ke Benteng Otanaha. salah satu wisata Situs Bersejarah di Gorontalo. Dulunya sebagai Benteng pertahanan dari serangan Bangsa Portugis. Letaknya di atas perbukitan, kita bisa melihat lanscape pemandangan indah Danau Limboto dari ketinggian. Aksesnya mudah dijangkau, kendaraan bisa langsung naik keparkiran deket Benteng. Tapi kalau pengen Olahraga bisa naik lewat anak tangga."
ChIJ9wzSa8EreTIR0KtoqpUEzCM,Setyo Adi Nugroho,5.0,Diedit 3 bulan lalu,"Menjulang di atas perbukitan selama lebih dari 500 tahun, berdiri kokoh tiga buah benteng bulat tanpa atap bak Colosseum Roma. Tertera nama-nama benteng pada plang: Otanaha, Otahiya, dan Ulupahu. Aksesnya cukup curam dan melelahkan. Akan tetapi, tuntas terbayarkan ketika tiba langsung dihadapkan panorama indah Danau Limboto dari puncak ketinggian.

Tidak banyak dokumen lama yang meriwayatkan awal mula keberadaan ketiga benteng tersebut. Banyak sumber lepas menyebutkan bahwa keberadaannya sudah ada sejak tahun 1500-an (abad ke-16) sebagai benteng pertahanan yang dibangun melalui kerja sama kerajaan lokal Gorontalo dengan bangsa Portugis.

Melalui pelacakan arsip digital Belanda KITLV, setidaknya saya berhasil menemukan satu foto lawas (slide 1) yang memperlihatkan potret benteng dari bawah bukit. Foto bertanggal 20 Oktober 1928 tersebut tertulis keterangan, ""Gorontalo, (afdeelingshoofdpl.) aan den weg naar Batoedaä, Ruïne van een bergfortje."" Atau apabila diterjemahkan secara lepas kurang lebihnya, ""Gorontalo, (ibu kota divisi) di jalan menuju Batudaa, reruntuhan benteng gunung."" Selain itu, tidak ada lagi foto lawas benteng yang berhasil didapat. Pun minim catatan Belanda yang mengulasnya."
ChIJ9wzSa8EreTIR0KtoqpUEzCM,Muhammad Taufik,5.0,4 bulan lalu,"Benteng yang luar biasa , yang harus terus di lestarikan , di lokasi benteng bersih,  namun jalan ke arah benteng kadang macet karena ada pasar , dan agak sempit , jadi harus sedikit sabar,  saat sampai di lokasi benteng ada dua cara masuk , bisa jalan kaki dari yang Tangga bisa juga langsung sampai dekat benteng dengan kendaraan yang mau jalan kaki bisa yang malas jalan kaki bisa langsung naik sampai di parkiran atas."
ChIJ9wzSa8EreTIR0KtoqpUEzCM,Danto Tjipto,2.0,7 bulan lalu,"Tempat sepi....perlu banyak revitalisasi dan dijaga kebersihan nya...bangunan pendukung perlu dikaji ulang design nya dan tata letaknya
Perlu adanya spot instagramable yg menarik tidak merusak cagar budaya benteng OTANAHA"
ChIJ9wzSa8EreTIR0KtoqpUEzCM,Fitri Apriyadi Jalan & Jajan,5.0,setahun lalu,"Benteng Otanaha adalah salah satu situs bersejarah yang terletak di Kota Gorontalo, tepatnya di atas sebuah bukit yang menawarkan pemandangan yang memukau ke seluruh kawasan sekitar. Saat saya berkunjung ke sini, ketika dinas di Gorontalo, saya benar-benar terkesan dengan suasana dan keindahan alam yang menyelimutinya. Benteng ini dibangun pada masa penjajahan Portugis dan kemudian digunakan oleh Belanda. Meskipun sebagian besar bangunannya telah rusak, struktur benteng ini masih cukup kokoh dan menjadi saksi bisu perjalanan sejarah yang panjang.

Selain menikmati keindahan arsitektur benteng yang penuh sejarah, pengunjung juga bisa menikmati pemandangan laut dan kota Gorontalo dari ketinggian. Suasana di sekitar benteng sangat tenang, membuatnya menjadi tempat yang pas untuk menikmati sejenak ketenangan setelah aktivitas padat.

Tak jauh dari Benteng Otanaha, terdapat Museum Pendaratan Pesawat Amphibi, yang menyimpan koleksi sejarah unik tentang pendaratan pesawat-pesawat zaman dahulu di perairan Gorontalo. Mengunjungi museum ini memberikan wawasan menarik tentang perkembangan transportasi udara dan sejarah perang di wilayah ini.

Secara keseluruhan, kunjungan ke Benteng Otanaha dan museum sekitarnya memberikan pengalaman yang kaya akan sejarah dan budaya Gorontalo. Selain memperkaya pengetahuan, tempat ini juga memberikan kesempatan untuk menikmati keindahan alam yang luar biasa."
ChIJ9wzSa8EreTIR0KtoqpUEzCM,Rhama Pradana,5.0,8 bulan lalu,Bentwng Otanaha salah satu tempat bersejarah dan cagar budaya yang berada di Provinsi Gorontalo. Semoga tetap lestari
ChIJ9wzSa8EreTIR0KtoqpUEzCM,Muhamad Nur,5.0,6 bulan lalu,"Benteng otanaha, benteng yang dibangun raja ilato dan bangsa Portugis, sempat hilang dan ditemukan lagi oleh naha"
ChIJ9wzSa8EreTIR0KtoqpUEzCM,Rahma Puspa,5.0,setahun lalu,Benteng yang dibangun di atas bukit dengan menggunakan batugamping dan vulkanik. Benteng ini terdiri dari 3 bangunan. Dari atas bukit bisa terlihat pemandangan indah dari Danau Limboto dan perbukitan di bagian selatan. Akses jalan baik dan fasilitas seperti toilet sudah ada
ChIJ9wzSa8EreTIR0KtoqpUEzCM,Ocha Duatiga,4.0,Diedit 2 tahun lalu,"Kalo pagi2 enak bgt ke benteng otanaha, karena lokasinya yang berada di atas gunung, jadi udaranya sejuk sekalii, bnyak pohon2, bisa sambil dengerin suara2 burung liar, panas sih emang tp terbayar lah dengan pemandangan indahnya. Kalo pas lagi sepi enak nih nongkrong dsini, bisa buat relaksasi...buat tenangin pikiran... Sambil piknik juga bisaaa lahh 🥰"
ChIJ9wzSa8EreTIR0KtoqpUEzCM,Yusran Yunus,5.0,6 tahun lalu,"Bentengnya sudah dirawat dengan baik. Banyak papan quote, bersih, dan luas. Pemandangannya bagus, Harga karcis masuk 5000 per org. Ada tempat parkir didalam. Cuman lokasinya Lumayan jauh dari kota. Bawa air minum klo dah jalan so baputar2 ada 3 letak bentengnya. Recommended for traveling with family"
ChIJHURmFD-7lS0R-487EGfExYQ,Danang Laksono,5.0,3 bulan lalu,"Siang jam 10 singgah sini dan parkiran luas gazebo bersih tempat sampah tersedia harga parkir dan fasilitas cukup baik sangat saya rekomendasikan untuk keluarga kesini, bonusnya bisa lihat kapal"
ChIJHURmFD-7lS0R-487EGfExYQ,Anita Gunawan,5.0,Diedit 8 bulan lalu,Kesini sekalian jogging² ... Lautnya adem.. Sejuk dipandang mata... Ada gazibu tempat duduknya... Bisa juga jadi tempat bersantai akhir pekan... Lautnya Instagramable... Saya kesini buat cari suasana baru saja sebagai pendatang di Kota Parepare... Cukup dimanjakan dengan wisata lautnya.. Kapan² balik kesini lagi deh
ChIJHURmFD-7lS0R-487EGfExYQ,Nasirah Chila,5.0,4 bulan lalu,"Selalu kesini setiap sore, pemandangannya cantik saat sunsett, rame dan juga adem"
ChIJHURmFD-7lS0R-487EGfExYQ,Kartika,5.0,3 bulan lalu,hari minggu sore jalan-jalan ke taman mattirotasi parepare view pantai yg lg full airnya
ChIJHURmFD-7lS0R-487EGfExYQ,Efrain Apriwanto Rerung,3.0,setahun lalu,"Sebenarnya taman ini sangat ideal posisinya, berada di pantai. Dalam taman ini kita bisa menikmati suasana pantai di pagi maupun sore hari. Sebagai tempat untuk sekedar berolahraga sambil menikmati pemandangan juga asyik. Untuk rekreasi santai bersama keluarga juga bagus di taman ini.
Yang perlu diperhatikan supaya taman ini tetap bisa menjadi tujuan rekreasi atau bersantai adalah kesadaran setiap pengunjung untuk merawat fasilitas yang telah disiapkan dan juga kesadaran untuk menjaga kebersihan. Karena yang terlihat saat ini sangat banyak sampah yang bertebaran disekitar taman ini, padahal ada tempat sampah yang disiapkan.
Dan semoga bagi pihak/instansi yang terkait dengan taman ini juga tidak lelah/bosan dalam mengelolah taman ini.
Harapan kedepannya, semoga Taman Mattirotasi ini bisa menjadi tujuan favorite untuk berwisata atau sekedar bersantai."
ChIJHURmFD-7lS0R-487EGfExYQ,Asha Syamsuddin,5.0,Diedit 2 tahun lalu,"Salah satu destinasi wisata yang ada di Kota Parepare. Berlokasi di jl. Mattirotasi Kelurahan Labukkang Kota Parepare. Tempat warga Kota Parepare menikmati keindahan alam di pagi maupun sore hari. Kebanyakan datang di sore hari untuk melihat sunset. Ada tempat bermain juga untuk anak-anak.

Sayangnya toilet disini tidak berfungsi dengan baik, sangat kotor karena penuh tumpukan sampah. Kesadaran masyarakat untuk membuang bekas minuman/makanan mereka juga masih sangat kurang. Botol/gelas minuman dibiarkan saja tergeletak begitu saja tidak dibuang di tempat seharusnya, padahal pemerintah sudah menyediakan tempat sampah sesuai jenis sampahnya."
ChIJHURmFD-7lS0R-487EGfExYQ,16.Muhammad Ismail,4.0,2 tahun lalu,"Tempatnya cukup bersih, ada tempat sampah disediakan, gapura nya ada beberapa yg rusak papannya, anginx cukup kencang klo sore jd yg gk kuat kena angin gk usah kesini, atau pake jaket n masker😁 …"
ChIJHURmFD-7lS0R-487EGfExYQ,Andi Edi Mursala,4.0,2 tahun lalu,"Taman yang sungguh bermanfaat bagi para musafir... Hanya saja tukang parkir mohon di ditindak. Krn aturan Bupati jangan banyak kalau kang parkir tak ada karcis. ... Semoga kang parkir bisa ditindak biar pengunjung merasa aman juga ..
Salut sama pemerintah kota pare pare
Bisa membuat kotanya selalu indah dipandang saat melintas
Terimakasih pak bupati atas perkembangan kota pare parenya"
ChIJHURmFD-7lS0R-487EGfExYQ,yuliana rahmawati,3.0,2 tahun lalu,"Tempat ini sangat bagus untuk melepas penat. Melihat laut, nelayan yang sia-sia mencari nafkah, kapal angkutan yang lalu lalang, burung yang menari.

Sebaiknya pemerintah lebih profesional dalam mengelola tempat ini, ada beberapa spot yang kotor dan rumput tidak terurus. Berikan sanksi yang tegas. Jangan jadikan tempat minum alkohol dan hal yang kurang pantas lainnya.

Semoga semakin banyak spot indah yang ada di Parepare"
ChIJHURmFD-7lS0R-487EGfExYQ,Andi Muhammad Rifai S,5.0,5 tahun lalu,"Taman Mattirotasi
Tempatnya bagus untuk joging dan tempat rekareasi untuk keluarga. Kurangnya cuma banyak sampah berserakan di pinggir pantai dan gazebo karena kesadaran pengunjung untuk membuang sampah pada tempatnya sangat kurang.
Tapi kalau daerah taman dan area joging sangat bersih karena ada petugas kebersihan yang membersihkannya. Tapi entah daerah gazebo kok banyak sampah berserakan"
ChIJ_ecsA-YKhzIR9SpspkYq9lg,Friska Dwitrinine Pantow,2.0,2 bulan lalu,"Tiket masuk start 35-75rb
Mini zoo 5/10, kecewa mau foto breng ular yg gede trnyata udh gak ada.
Kolamnya kotor sepertinya tidak dibersihkan.
Kalau mau duduk di gazebo minimal order makanan 200rb dan Gak ada tempat duduk lain selain gazebo dan parahnya lagi gazebonya harus Waiting list dulu, anak” balita keburu nangis pengen renang tapi gk bisa krna hrus diawasi dri gazebo.
Semoga kedepan lebih diperbaiki lagi.
Menurut saya kurang worth it dengan hrga tiket masuk segitu. Tempat untuk bilas tidak layak lagi.
Banyak wahana yg tdk dbuka pdhal sudah beli tiket yang inc. beberapa wahana, jdinya rugi."
ChIJ_ecsA-YKhzIR9SpspkYq9lg,Fun Traveller,3.0,8 bulan lalu,"Kalo mau renang biaya masuk 35k + free access to cafe. Kolam nya ada 3 tipe, ada yg ditengah2 banyak gazebo, persegi panjang dan kolam luas dgn kedalaman sampai 1.5m.
Kalo renang d area gazebo enak adem tempatnya, namun kalo di kolam yg ke 3, tdk ada tempat menaruh barang"" yg proper, minus kamar bilas sudah tidak begitu layak pakai 🙏
Cafe D'kuala tutup padahal sy datang hr minggu. Jalan menuju kafenya turun tangga cukup banyak. Overall tempatnya tidak terawat dan di maintenance dgn baik.
Hanya saja ada 1 area yg cukup oke dan masuknya gratis tanpa biaya apa"" yaitu di secret garden, ketika masuk di pintu masuk blg saja mau ke secret garden nanti tdk akan dipungut biaya masuk. Harga standar, menu agak kurang, tapi view oke."
ChIJ_ecsA-YKhzIR9SpspkYq9lg,Hilya Store,5.0,3 bulan lalu,"Pernah ke sana waktu anak ada kegiatan outing class dr sekolahnya. Tempatnya bagus, bisa jadi tempat untuk menikmati hari libur bersama keluarga. Sukses terus 👍 …"
ChIJ_ecsA-YKhzIR9SpspkYq9lg,Fadilah Abdullah,5.0,5 bulan lalu,"Alhamdulillah, dengan paket & fasilitas dari rumah alam kita bisa bawa anak"" Sekolah untuk belajar langsung di alam dan mempelajari hewan & tumbuhan setelah belajar kita juga bisa istirahat dan lanjut berenang di kolam dgn mandi busa. Terdapat juga pemandangan yg indah dan memanjakan mata.
Semoga mini zoo rumah alam hewannya bertambah lebih banyak lagi & bertambah fasilitas"" Yg menarik lainnya"
ChIJ_ecsA-YKhzIR9SpspkYq9lg,udarahmannn,5.0,10 bulan lalu,"Tempatnya bagus dan ditata dengan estetik. Terdapat berbagai wahana dan kolam-kolam renang yang ramah anak. Terdapat restoran yang berada tepat di pinggir sungai. Akses menuju restoran melewati cukup banyak anak tangga dan lumayan curam. Menu yangvdisajikan terbatas, mungkin karwna saya ke sana weekday. Sepertinya akan lebih banyak layanan yang aktif pada saat weekend."
ChIJ_ecsA-YKhzIR9SpspkYq9lg,Maxi Frans,5.0,5 bulan lalu,"Bagus, tempatnya nyaman,kolam bagus ada anak dan dewasa. Cocok untuk family."
ChIJ_ecsA-YKhzIR9SpspkYq9lg,Stefany Goni,5.0,setahun lalu,"Pemandangannya luar biasa! Setiap sudutnya menawarkan keindahan alam yang menenangkan, dengan udara segar dan suasana yang tenang. Cocok untuk berlibur dan melarikan diri dari kesibukan kota"
ChIJ_ecsA-YKhzIR9SpspkYq9lg,Gii Moko,5.0,6 bulan lalu,"Rekomended for ATV dll, ada kakaknya yg siap mantau dan bantu jika ada kendala, nice place nice moment 👏👏 …"
ChIJ_ecsA-YKhzIR9SpspkYq9lg,Laurensia Sarkol,5.0,setahun lalu,"Seru seharian dengan teman siang-malam disini banyak permainan flying fox dll, kantin, kafe, gazebo, fasilitas lengkap toilet. Penjaga/petugas baik ramah. Tidak banyak foto karena santai sama teman-teman. Part paling seru saat keliling menyelusuri banyak tangga dan jalan kecil beneran berpetualang. Banyak pohon, udara bersih tenang dan ada musik. Pasti balik lagi kesini. Seru!"
ChIJ_ecsA-YKhzIR9SpspkYq9lg,yucke fardiansyah,5.0,6 bulan lalu,Tempat rekomendasi rekreasi keluarga & gathering kantor. Dengan di sediakannya pemandu acara / instruktur yang berpengalaman. 👍👍 …
ChIJPXiOPViPlC0RVJxcSm8OtAQ,Hermawan w p,4.0,4 bulan lalu,"Taman kota bagus, rindang, dan terdapat jogging track.
Sebetulnya sangat bagus dan cukup terawat tetapi saya disayang kesadaran pengunjung untuk membuang sampah pada tempatnya sangat2 kurang.
Saya jogging di hari minggu pagi banyak sampah berserakan. Mungkin pemerintah daerah dapat menambah papan informasi ""membuang sampah pada tempatnya""."
ChIJPXiOPViPlC0RVJxcSm8OtAQ,Ridha AmalAfdhy,4.0,Diedit 5 tahun lalu,"Sebuah taman kota yang cukup berbeda dibandingkan taman kota di daerah lain. Penataan bunga2nya sangat indah, memiliki cita rasa internasional, bunga-bunga yang ditanampun merupakan kualitas terbaik.

Taman ini sangat memanjakan pengunjungnya, jalur pejalan kaki tersedia banyak dan bersih. Fasilitas sumum seperti toilet, kios, dan yempat dudukpun ada.

Di sore hingga malam hari tempat ini ramai dikunjungi oleh warga sekitar. Para pedagang mulai menebar kursi dan meja sebagai kafe kaget.
Sontak taman berubah menjadi area wisata kukiner.

Di antara banyaknya hal yang begitu berkesan, ada secuil yang mengganjal di hati, yaitu akses masuk ke taman. Alangkah lebih baik bila ditambahkan beberapa jembatan untuk menyeberangi kanal kecilnya sehingga bisa diakses dari segala penjuru, tidak perlu berjalan jauh ke sudut lapangan untuk jalur keluar/masuk.

PADU GILER ASOOOYYYY...."
ChIJPXiOPViPlC0RVJxcSm8OtAQ,Ira Meliani,5.0,2 tahun lalu,"Alun alun Kota Polewali, bersih, banyak pohon, teduh dan rindang. Pohon pohon tertanam rapi.

Udara nya sejuk, cocok untuk olah raga pagi jogging, Jalan santai bersama keluarga dan anak anak.

Alun alun nya bersih, jarang terlihat sampah.

Anak anak pasti suka bermain disini. Bisa bersepeda juga disini"
ChIJPXiOPViPlC0RVJxcSm8OtAQ,Talitha Yamila Zada,5.0,Diedit setahun lalu,"Bagus, rindang karena banyak pepohonan di dalam alun alun nya cocok untuk keluarga
Ada juga mainan anak-anak ketika sore, dan banyak penjual yang cocok untuk santai"
ChIJPXiOPViPlC0RVJxcSm8OtAQ,agus sugiarto,4.0,5 tahun lalu,Pusat ruang terbuka hijau di kab. Polewali Mandar yaitu alun alun yang di depan kantor Bupati. Fasilitas tempat sampah sangat memadai dan terawat. Jika malam hari banyak pedagang kaki lima. Keren pokoknya. Buat olah raga bagi juga bisa.
ChIJPXiOPViPlC0RVJxcSm8OtAQ,[62] Abdul Hadi,5.0,Diedit 2 tahun lalu,"Tempatnya bersih, rindang, sejuk, disediakan gazebo bagi pengunjung untuk beristirahat, serta dapat menjadi spot foto bagi pengunjung, dibagian tengah terdapat air mancur yg dipadukan dengan lampu warna warni yang kadang² dinyalakan saat malam hari.
Sebagai tambahan mungkin bisa ditambahkan site plan taman di area masuk untuk memudahkan informasi lokasi bagi pengunjung yang datang.
Kekurangannya parkiran bagi kendaraan tidak jelas, jadi terkadang kita harus memarkirkan kendaraan di pinggir jalan."
ChIJPXiOPViPlC0RVJxcSm8OtAQ,Yoga Pratama,4.0,5 bulan lalu,Tempatnya bersih dan rapih dan bagus
ChIJPXiOPViPlC0RVJxcSm8OtAQ,Mubarak Polman,4.0,2 tahun lalu,"Taman Alun-alun Polman (konsep garden)/ dilihat,
butuh tambahan untuk tempat seperti ini ,
juga yg berkonsep Taman Park (untuk bermain anak). Semoga bermanfaat/Berkah"
ChIJPXiOPViPlC0RVJxcSm8OtAQ,Anang Kurniawan,5.0,5 tahun lalu,"tempatnya bersih, nyaman, luas, dan banyak tersedia spot foto menarik."
ChIJPXiOPViPlC0RVJxcSm8OtAQ,Iyam Maryam,4.0,setahun lalu,"Lumayan bersih, banyak penjual, dan cocok untuk bersantai."
ChIJRXockwjWvi0RY3TZtY8Pst8,Situju,5.0,sebulan lalu,"Tempat Wisata yang sangat bagus Untuk keluarga dan para anak Muda yang ingin menikmati hembusan angin Pantai, dan tempat berfoto selfi"
ChIJRXockwjWvi0RY3TZtY8Pst8,loekman hendra,4.0,5 bulan lalu,"Tiket masuk di wahana 50k/org termasuk balita

Luas Wahana -/+ 100x40mtr terdapat wisata air dan permainan lain.y untuk anak²"
ChIJRXockwjWvi0RY3TZtY8Pst8,Niswah Muliati,3.0,9 bulan lalu,"Pantainya agak kotor
Sebenarnya banyak spot bagus dan cantik sayangnya kurang pemeliharaan, banyak kolam yg sudah tdk difungsikan"
ChIJRXockwjWvi0RY3TZtY8Pst8,Didiek Rifki Fahmi,5.0,Diedit 2 tahun lalu,"Pengalaman yang menyenangkan. Pengunjung tergolong sedikit, namun kondisi kolam utama tergolong bersih dan jernih airnya. View pantainya pun bagus, meskipun masih ada sampah plastik 1-2 namun tidak banyak. Tersedia musholla yang bersih. Namun untuk toilet dan ruang ganti perlu ada pembenahan lagi karena kurang bersih dan kurang penerangan. Harga tiket masuk sendiri cukup bersaing (50 ribu dewasa, 25 ribu anak-anak, weekend)"
ChIJRXockwjWvi0RY3TZtY8Pst8,Suzanna Wilkinson,3.0,setahun lalu,"wahana di tempat wisata ini sudah mulai banyak yang karatan dan tampak tidak terurus. HTM weekend 50 rb/orang, weekdays 35 rb/org. baby tidak dihitung"
ChIJRXockwjWvi0RY3TZtY8Pst8,Pekerja Keras,3.0,2 bulan lalu,"Kurang perawatan. Foto tidak sesuai dengan foto di google. Sebenarnya bisa sangat bagus kalau dikelola dengan baik. Seng-sengnya juga bahaya, bisa jatuh menimpa pengunjung kalau angin kencang. Tidak ada tempat belanja. Harus bawa peralatan makan sendiri."
ChIJRXockwjWvi0RY3TZtY8Pst8,Kopi Hitam,4.0,2 tahun lalu,"Lumayan keren dan nyaman, hanya saja bau kaporit pd kolam renangnya sangat menyengat. Membuat mata perih. Sewa balampungnya 50 k, harga tiket masuk 35 k, dan parkir 2 k."
ChIJRXockwjWvi0RY3TZtY8Pst8,Nurul Farathiah Faried,5.0,2 tahun lalu,"ini pertama kalinya saya datang ke topejawa dan tempatnya sangat menarik. ada wisata pantainya, waterboom dan kolam renang yang super variatif baik untuk anak2 maupun dewasa ada serta luas, spot foto banyak sekali dan terlihat lebih bagus lagi di mlam hari (wajib nginap sih menurutku) apalagi penginapan juga tersedia dengan harga terjangkau tapi fasilitasnya seperti hotel berbintang, kalau tidak mau menginap bisa sewa gazebo yang harganya murah juga. pokoknya tempat wisata ini recommended buat liburan bersama keluarga dan teman2.."
ChIJRXockwjWvi0RY3TZtY8Pst8,Ridha AmalAfdhy,3.0,3 tahun lalu,"Tempat wisata permandian yang terletak persis di tepi pantai. Cocok untuk keluarga karena menyediakan fasilitas seperti kolam anak dan gazebo untuk sekeluarga (Rp. 50.000).
.
Terdiri dari 2 kolam dewasa dan 1 kolam anak. Terdapat pula waterboom dan seluncuran yang tinggi hanya saja ada beberapa seluncuran yang sudah tidak berfungsi. Anda juga bisa berenang di area pantainya.
.
Waktu itu saya datang pada hari libur dan membayar parkir Rp. 2000 serta tiket masuk Rp. 50.000 per orang. Di dalam juga terdapat mushola dan restoran yang cukup luas. Terdapat pula penginapan di dalamnya. Hanya saja ada beberapa fasilitas dan ruangan yang terbengkalai termasuk toilet yang kotor dan tidak terawat, hanya ada beberapa yang bisa dipakai."
ChIJRXockwjWvi0RY3TZtY8Pst8,Faradillah Dwi Arhany,4.0,3 tahun lalu,"VERY RECOMMENDED, MUST COME.
.
Ikutin aja google map dan telusuri jalan raya sampai ketemu tempatnya di sebelah kanan. Harga masuk weekdays 35 ribu/org utk dewasa dan 25 ribu utk ank2. Di weekend harga tiket dewasa 50 ribu/org. Ada tambahan biaya gazebo 50 ribu/gazebo. Kalau g terlalu ramai, lbh baik tdk usah bayar uang gazebo. Ada t4 diantara gazebo jg yg bs digunakan utk yg tdk menyewa. Jd tinggal bawa terpal dr rmh.
.
View laut dan ada 4 kolam dgn berbagai macam seluncuran. Ada musholla dan penjual makanan/minuman jg di dlm, harganya ckp affordable. Tempatnya cozy dan instagramable bgt. Point paling plus, kt bs bawa makanan dr luar secara bebas.
.
Harusnya dpt bintang 5 tp krn kunjungan tadi terganggu dgn pekerja yg lagi motong2 kayu tepat di belakang gazebo, menganggu pendengaran dan kenyamanan kami sebagai pengunjung."
ChIJE8ll5iAreTIReO_8uq1fdB4,den yoga,5.0,4 bulan lalu,"Alhamdulillah bisa sholat dimari, damai sekali rasanya. MasyaAllah masjidnya keren. semoga bisa berkesempatan orang plat AB ini silaturohmi sholah di masjid ini."
ChIJE8ll5iAreTIReO_8uq1fdB4,Yunyun Soliah,5.0,3 bulan lalu,Masya Allah bagus.. akhirnya bisa berkunjung ke Gorontalo 🥰bersama teman2
ChIJE8ll5iAreTIReO_8uq1fdB4,faizal abidin,5.0,5 bulan lalu,Masjid nyaman dan selepas ashar banya kegiatan mahasiswa ngaji 👍🏽
ChIJE8ll5iAreTIReO_8uq1fdB4,Dwi Hartini,5.0,Diedit setahun lalu,Kondisi mesjid semakin bersih dan asri. Hanya saja perlengkapan mukena mungkin perlu di tambah lagi karena banyaknya musafir yang menjadikan masjid sebagai tujuan persinggahan ketika waktu ibadah tiba.
ChIJE8ll5iAreTIReO_8uq1fdB4,Zahrina Fadhilla,5.0,10 bulan lalu,Masjid yang indah dan cukup megah. Bagian dalam masjid luas dan sejuk.Tempat sholat makmum pria dan wanita terpisah.
ChIJE8ll5iAreTIReO_8uq1fdB4,Arif Amin,4.0,3 tahun lalu,"Lokasinya sangat strategis, di tengah-tengah kota, di salah perempatan Jalan Haji Eyato. Bagian dalam masjid cukup luas, tetapi langit-langitnya bisa dibilang tidak terlalu tinggi dibanding masjid-masjid besar lain.

Tidak ada AC, tetapi terdapat kipas angin di berbagai penjuru. Kamar mandi dan tempat wudhu bersih. Area parkir di sekitar masjid cukup dapat menampung banyak kendaraan roda dua dan empat"
ChIJE8ll5iAreTIReO_8uq1fdB4,M Bahendra Bachti,5.0,setahun lalu,"Masjid yang ada di tengah kota. Lokasinya strategis. Buat yang habis dari mall juga bisa solat disini.
Arsitektur bangunan juga cantik, apalagi menara di waktu malam"
ChIJE8ll5iAreTIReO_8uq1fdB4,Naomi De Marcia,4.0,6 tahun lalu,"Masjid yg bagus, bersih, hanya saja kurang adem karena tidak ada AC untuk penyejuk ruangannya.. Terletak di perempatan, jalan utama, sehingga mudah dijangkau.."
ChIJE8ll5iAreTIReO_8uq1fdB4,Marjuki San,4.0,Diedit 8 tahun lalu,"Masjid Besar,  Bagus, Tempat strategis...
Cuma sayang kurang tempat parkir kusus nya untuk mobil, kalau parkir motor saat ini sudah lumayan aman..
Satu lagi kendala yang ada di masjid agung baiturrahim ini adalah kalau musim hujan.
Ksrena kalau hujan selama fua atau tiga jam saja,  sudah pasti saluran air di sekitar masjid agung baiturrahim ini meluap."
ChIJE8ll5iAreTIReO_8uq1fdB4,Dodi Darmansyah,5.0,6 tahun lalu,Inilah tempat ibadah umat Islam di kota Gorontalo mesjid Agung Baiturrahim tempat yang indah dan nyaman dan terletak pas di tengah perkotaan kota Gorontalo dan buat yang mau solat sekalian mau servis motor Suzuki di depan mesjid ini ada sorum galesong Suzuki..
ChIJXaadtQjzuy0ROqnQDJJLARY,Gigih Nur Akhmad,5.0,3 bulan lalu,"Tempat ini sudah menjadi wishlist sejak setahun sebelumnya. Kesana tanpa ekspektasi tinggi, tidak mencari infonya juga di google. Hanya disimpan lokasinya sebagai 'want to go' di gmaps.

Waktu tiba disana ternyata dikasih kejutan pemandangan yang indah, tebing curam dan laut biru yang bersih. Tipikal pantai yang saya sukai, seperti di Bali dan Lombok. Pengelolaan juga cukup baik, walaupun masih perlu banyak peningkatan di beberapa hal. Semoga selalu dikelola dengan baik agar menjadi lokasi wisata yang sustainable.

Sekarang statusnya di google  sudah berubah menjadi bintang tanda lokasi yang disukai. Next time kesana lagi dan mungkin spend time lebih banyak.

Enjoy the view, enjoy the ocean."
ChIJXaadtQjzuy0ROqnQDJJLARY,Wafi Ramadhan,5.0,3 bulan lalu,"Cantik sekali pemandangan, Sunsetnya cantik sekali

Hati hati dengan langkah kaki, diwaktuku berkunjung ada kayu yang hampir patah dan bolong saat di injak"
ChIJXaadtQjzuy0ROqnQDJJLARY,kiki nirsyam,5.0,3 bulan lalu,Recommended... Suka dengan pemandangannya... Cocok buat foto atau jadi walpaper 🙏🏼🙏🏼
ChIJXaadtQjzuy0ROqnQDJJLARY,Frederick Oliver,4.0,2 bulan lalu,Lokasinya byk mesti perbaiki tapi akses kesana bagus. Mau dari Bara atau dari Gerbang masuk jalan bagus. Buat mobil motor bakalan cepat sampai
ChIJXaadtQjzuy0ROqnQDJJLARY,Ikhsan Muhammad,5.0,6 bulan lalu,"Salah satu destinasi wisata yang ada di provinsi Sulawesi Selatan, disini kita bisa melihat 240 derajat pemandangan laut lepas perairan bulukumba, kita juga bisa melihat pulau selayar dari kejauhan
Untuk fasilitasnya terbilang sudah sangat baik, tersedia pedestrian untuk mengelilingi pinggiran tebing di titik nol ini
Juga sudah dibuatkan pagar pengaman yang desainnya sepertinya terinspirasi dari pagar pengaman yang ada di uluwatu provinsi Bali.
Terdapat sebuah makam di dekat tugu titik nol di lokasi ini
Tdk ada petunjuk atau papan bicara yang menjelaskan terkait keberadaan makam tersebut

Kekurangan dari tempat ini adalah retribusi tiket masuknya yang membuat orang malas untuk mengunjunginya karena untuk masuk kawasan titik nol ini harus membayar retribusi lagi setelah sebelumnya di pintu masuk kawasan tanjung bira juga membayar retribusi, alasannya adalah titiknol merupakan aset dari pemprov dan tanjung bira aset dari pemkab makanya retribusinya di pisahkan padahal masih masuk dalam satu kawasan

Semoga ada solusi dari pihak terkait tentang masalah retribusi ini"
ChIJXaadtQjzuy0ROqnQDJJLARY,Muhammad Rais,5.0,8 bulan lalu,"Masyaallah, pemandangannya luarbiasa. Rasa penat hilang seketika, setelah menempuh perjalanan dari Makassar Kurang lebih 4 jam. Kami datang di hari biasa, jadi pengunjung tidak terlalu ramai. Mudah-mudahan fasilitas bisa di tingkatkan dan diakan perbaikan di sejumlah titik. Recommended"
ChIJXaadtQjzuy0ROqnQDJJLARY,Fii Alfisyah,4.0,2 bulan lalu,"Pegangan Tangganya bny yg rusak, kawasannya kurang terurus sayang banget padahal view-nya bagus banget 😍😍😍😍"
ChIJXaadtQjzuy0ROqnQDJJLARY,Faiz Pratama,5.0,4 bulan lalu,"Pantai paling ujung dari pulau Sulawesi, impian para raider menyelesaikan trans Sulawesi sekaligus touring keliling celebes"
ChIJXaadtQjzuy0ROqnQDJJLARY,Intan Puspitasari Majid,5.0,setahun lalu,"Kawasan yg sangat patut di kunjungi sihh klw ke Bulukumba, jaraknya tdk jauh kok dri Pantai Bira mungkin sekitar 5-10meter akses kesana jga beraspal dan bnyk juga penjual disana jdi jgn takut ke hausan serta kelaparan. Pkonya the best"
ChIJXaadtQjzuy0ROqnQDJJLARY,Nur Rahma Karim,5.0,setahun lalu,"Salah satu destinasi wisata yang berada di Kab. Bulukumba, Sulawesi Selatan. Sekitar 5-10 menit dari pantai bira.
Tiket masuk Rp. 10.000 (dewasa) dan Rp. 5.000 (anak²).
Jalanannya menuju ketempat ini sdh bagus, beraspal. Tempat parkirnya luas.."
ChIJ1z1jr9Q1eDIRxyv2B3-PTK8,Rando_ gymers,5.0,8 bulan lalu,Tempat yg sangat menarik
ChIJ1z1jr9Q1eDIRxyv2B3-PTK8,cecilia kusuma,3.0,4 bulan lalu,"Tempat untuk nongkrong sangat baik. Tapi jgn pergi di siang hari.
PANAAAAAAAAS🤣🤣🤣🤣 …"
ChIJ1z1jr9Q1eDIRxyv2B3-PTK8,Fernando Lumentah,4.0,setahun lalu,"MasyaaAllah pemandangannya, tapi sayang pagar masjidnya trkunci gembok dr luar padahal niatnya jauh2 datang mau sholat disitu.🥲"
ChIJ1z1jr9Q1eDIRxyv2B3-PTK8,Egi Tyo Kristy,2.0,6 tahun lalu,"Tempatnya biasa aja, terdapat tulisan peraga marisa city dan pantai pohon cinta ya bisa dibuat untuk tempat berfoto meskipun sudah tidak terawat lagi. Terdapat banyak tempat makan di pinggir pantai yang bisa dipilih dengan berbagai macam menu makanan. Dekat dari sini juga ada terdapat wisata kecil2an mangrove yang lumayan untuk dikunjungi. Kalau sore disini begitu ramai dan cocok untuk menjadi tempat nongkrong bagi kaum muda marisa. Tempat ini cukup terkenal di kalangan masyarakat sekitar. Dari sini terlihat pulau kecil yang dapat dikunjungi dengan membayar 10K per kepala dan cukup worth it untuk dikunjungi..."
ChIJ1z1jr9Q1eDIRxyv2B3-PTK8,Nopyan pakaya,4.0,2 bulan lalu,"salah satu tempat terbaik untuk menikmati indahnya soreh, tempatnya Asri, bersih dan nyaman."
ChIJ1z1jr9Q1eDIRxyv2B3-PTK8,Andi Muh.irwan,4.0,7 bulan lalu,"Cocok untuk nongkrong,tempatnya ramai"
ChIJ1z1jr9Q1eDIRxyv2B3-PTK8,ernany nurkhoiri,5.0,Diedit 5 tahun lalu,"Pantai ini ombaknya tenang.. Ombak besar hanya dimusim musim tertentu... Bisa melihat matahari terbit, jg tenggelam... Tempat makan, ada jogging track dipinggir pantai.. Tidak jauh dari tempat ini ada hotel jg.. Enaknya kesini pagi pagi atau sore sekalian... Siang panas banget.. Malam hari bisa Dinner disini krn warung buka sampai malam..."
ChIJ1z1jr9Q1eDIRxyv2B3-PTK8,Andi Z Mabbiritta,5.0,4 tahun lalu,Tempat nya enak sekali walaupun siang siang panas panas... Angin nya sejuk... Banyak warung penjual makanan di pinggiran pantai nya... Kalo siang pelayanan nya lambat saat pengunjung sedikit... Bagaimana kalo malam saat pengunjung banyak... Untuk duduk lama lama disini saat siang bisa banget... Terik tapi  ngga menyengat... Okelah...
ChIJ1z1jr9Q1eDIRxyv2B3-PTK8,Rahmawati Husain,5.0,6 tahun lalu,"Tempat liburan gratis  dan paling ramai dimulai sore hari hingga malam dan saat hari libur. Fasilitas di tempat ini berupa jalan khusus kursi roda, lapangan terbuka beserta panggung, tempat makan, wc dan kamar mandi juga ada tempat parkir mobil hanya untuk beberapa mobil tapi Saat hari libur parkiran jadi tidak beraturan. Tapi salut sma pemda pohuwato yg sll memperhatikan difabel dengan adanya jalan khusus pengguna kursi roda semoga lebih meningkat lagi."
ChIJ1z1jr9Q1eDIRxyv2B3-PTK8,Adamas Sang,4.0,Diedit 3 tahun lalu,"Pantai Pohon Cinta, yang terletak di bagian selatan kecamatan Marisa. Menjadi icon Kabupaten Pohuwato yang mana terdapat warung makan berjejer sepanjang pinggir pantai. Selain itu dapat menikmati sunset sambil bercengkerama di warung makan yang telah tersedia. Selain itu juga terdapat masjid ikonik Kabupaten Pohuwato yang ada di pinggir pantai, serta bila kondisi memungkinkan bisa juga untuk mengunjungi pulau lahe yang terletak di selatan pantai pohon cinta dengan menyewa perahu disekitar area."
ChIJgwXQGst2pC0Rkb9zCImxYY8,Laode Septer,5.0,sebulan lalu,"Berdiri kokoh di atas perbukitan Kota Baubau, Benteng Keraton Buton bukan sekadar tumpukan batu tua. Di setiap sudutnya tersimpan cerita panjang tentang kejayaan, perjuangan, dan kebijaksanaan para leluhur.

Dari sini, kita bisa melihat hamparan laut yang luas, rumah-rumah warga yang berjejer, dan langit yang seakan menjadi saksi perjalanan sejarah Buton. Angin yang berhembus pelan seolah membawa bisikan masa lalu—tentang kerajaan, tentang budaya, dan tentang identitas yang terus dijaga hingga hari ini.

Menginjakkan kaki di Benteng Keraton Buton seperti berjalan di antara lembaran sejarah yang hidup. Tempat ini mengingatkan kita bahwa masa lalu bukan untuk dilupakan, tapi untuk dikenang dan dijadikan pelajaran bagi masa depan.

Sebuah warisan yang tak hanya berdiri sebagai bangunan, tetapi juga sebagai simbol kebanggaan tanah Buton."
ChIJgwXQGst2pC0Rkb9zCImxYY8,annis qonitah,5.0,6 bulan lalu,"Alhamdulillah bisa datang ke tempat bersejarah ini disela-sela waktu  kapal yang transit hanya 1 jam.
Saat kami datang pas ada acara ulang tahun kota jadi banyak orang-orang datang memakai pakaian adat Buton .
Sayangnya waktu kami terbatas jadi tidak bisa terlalu mengeksplor lebih banyak."
ChIJgwXQGst2pC0Rkb9zCImxYY8,Selamet Supriyadi,5.0,8 bulan lalu,Alhamdulillah... Bisa bermain dan jalan2 di seputar benteng Kraton Kesultanan Buton dan berkesempatan menunaikan ibadah sholat Jumat di masjid Agung... Sekaligus bisa ziarah di makam sultan Buton ke-1
ChIJgwXQGst2pC0Rkb9zCImxYY8,Rahmiyati,5.0,8 bulan lalu,"Pengalaman yang seru berkunjung ke tempat ini pertama kalinya datang kesini saat libur, tempatnya bersih, rapi, tersedia pula penjual makanan dan minuman, kerenn deh berkunjung kesini salah satu tempat yang wajib di datangi ketika berkunjung ke Bau-Bau"
ChIJgwXQGst2pC0Rkb9zCImxYY8,Aljianto Oppo,5.0,sebulan lalu,"pemandangan nya bagus, apalagi pas pagi hari saat matahari naik"
ChIJgwXQGst2pC0Rkb9zCImxYY8,Paman Alink,5.0,2 tahun lalu,"Satu pengalaman perjalanan mengenang sejarah masa silam, membayang bagaimana kejuangan para leluhur dalam membangun benteng yg begitu panjang..
Berkunjung ke benteng rasanya ga cukup hanya satu dua jam untuk dapat mengetahui secara utuh peninggalan sejarah ini..

Yg pasti perasaankunikut larut saat mengitari benteng Keraton Kesultanan Buton ini, ada banyak langkah kenangan yg sy badikan dalm chanel youtube ku ""PAMAN ALINK"" biar jadi kenangan indah selamanya 👇
https://youtu.be/ErRRkh0HNtk?si=qkiLuzhksF1vrImJ"
ChIJgwXQGst2pC0Rkb9zCImxYY8,Bayu Broto,5.0,setahun lalu,"Salah satu bukti kejayaan kerajaan nusantara di masa lalu. Benteng yang mengitari kerajaan yang terbuat dari batu karang dengan perekat putih telur. Terdapat beberapa bastion yang langsung menghadap ke pantai yang menyajikan pemandangan indah. Terdapat masjig agung Dan palace kesultanan buton (replika). Recommended untuk cari guide untuk dapat pengetahuan tentang kesuktanan buton. Sayangnya tempat ini terlihat kurang termanage dengan baik terlihat dari tidak terdapatnya information center, ticketing, di tempat gua persembunyian arung palaka banyak sekali sampah."
ChIJgwXQGst2pC0Rkb9zCImxYY8,Laode Iqbal Sidik,5.0,2 tahun lalu,"Tempat bersejarah. Cakupan area sangat luas. Disarankan untuk menggunakan jasa guide. Langsung saja ke sekretariatnya dekat masjid. Waktu saya kesana sudah hampir magrib. Untungnya ada guide. Jadi saya diantar berkeliling untuk foto foto. Ada beberapa spot nongkrong juga yang menjual makanan dan minuman. Lokasi sekitar bersih terawat. Saran saya kesini pagi atau siang hari, karena area yang luas dan bisa dengerin guide cerita tentang tiap sudut tempat ini."
ChIJgwXQGst2pC0Rkb9zCImxYY8,Mina Atharizz,5.0,Diedit 5 bulan lalu,Sejarah yang sangat mengagumkan..kalau kesini baiknya sambil baca sejarahnya..
ChIJgwXQGst2pC0Rkb9zCImxYY8,Papinya Dilan,4.0,3 bulan lalu,"1. Retribusi masuk 20.000 perorang
2. Kondisi dlm kawasan bersih dan terawat
3. Sangat indah di kunjungi saat sore hari menikmati sunshet kota baubau
4. Dari atas kita dapat melihat landscape kota baubau dengan hamparan laitan"
ChIJ-__pe-J0hzIR3SRPfAcReu8,Salman F. K,4.0,3 bulan lalu,"Sebuah taman juga bisa dibilang ikon sebagai simbol ikonik tanda syukur kepada Tuhan, sayangnya sekarang banyak coretan   vandalisme, dan kurang terawat"
ChIJ-__pe-J0hzIR3SRPfAcReu8,F R Manggribeth,3.0,2 bulan lalu,Kurang terjaga dan terawat. Vandalisme dimana-mana. Ada tiang dan kabel listrik juga yang agak menghalangi view.
ChIJ-__pe-J0hzIR3SRPfAcReu8,Heru Kristanto,5.0,setahun lalu,"Salah satu ikon Kota Manado, lokasinya bagus, bisa melihat pemandangan pesisir kota terutama sunrise dan sunset. Banyak fasilitas kegiatan dan olahraga di lokasi ini. Sayangnya kurang terawat baik."
ChIJ-__pe-J0hzIR3SRPfAcReu8,Martin Aditya,4.0,2 tahun lalu,"Taman untuk aktifitas masyarakat dengan monumen taman doa di dekat pantai. Konsepnya sudah baik. Sayangnya masih banyak vandalisme dan kurang perawatan. Di beberapa sisi ada beberapa bangunan yang sudah rusak.
Semoga ke depannya ada perawatan dan rasa menjaga bersama taman ini"
ChIJ-__pe-J0hzIR3SRPfAcReu8,Rohmad B,4.0,5 tahun lalu,"Pas dateng ke sini monumennya pas direnovasi. Sebenarnya fasilitas di sini lumayan lengkap seperti ada lapangan basket, skatepark, dan ada arena panjat dinding. Tpi sayang agak kurang terawat, banyak vandalisme juga di mana-mana. View-nya lumayan bagus untuk menikmati sunset. Tapi pemandangan pada saat menjelang sunrisw juga tidak kalah bagus."
ChIJ-__pe-J0hzIR3SRPfAcReu8,Favorit Romeo,4.0,setahun lalu,"Untuk mendapatkan Sunset View yang oke...God Bless park adalah salah satu  tempat yang mudah dijangkau, yang suka foto selfie atau background kotà manado dipinggir pantai, cobain dan nikmati pemandangan yg keren. Selain itu ada toko yang menjual produk Oleh Oleh khas Manado.tersedia juga tas rajutan buatan Ramando."
ChIJ-__pe-J0hzIR3SRPfAcReu8,Michael Kaghahing,5.0,11 bulan lalu,"Bersyukur sekali di Manado masih ada tempat seperti ini. Masuk tidak bayar, dan tempatnya juga sangat bagus untuk menanti sunset dan sekalian foto-foto."
ChIJ-__pe-J0hzIR3SRPfAcReu8,Kristianus Gencar,4.0,5 tahun lalu,"Salah satu tempat yang cukup OK untuk melihat suasana laut kota Manado. Dari sini bisa melihat pesisir pantai manado dari jarak jauh, pemandangan gunung juga terlihat cukup bagus. Untuk land mark patung berdoa, saat ini Oktober 2020 masih dalam tahap renovasi. Semoga nanti setelah selesai renovasi, tempat ini akan menjadi semakin bagus."
ChIJ-__pe-J0hzIR3SRPfAcReu8,Erna Gaoll,5.0,setahun lalu,Tempat nya bagus dan uang masuknya 25 rb sudah free minum teh/kopi. Banyak spot foto
ChIJ-__pe-J0hzIR3SRPfAcReu8,AmeliyaBansaleng 03,5.0,2 tahun lalu,"Bagus tempat nya buat foto-foto dan hang out Sama teman"" atau pacar dengan di temani pemandangan laut and sunset apalagi suasana malamnya, pokonya best deh"
ChIJZ129EyKhhi0RyqO6oc6Qu1U,Syahril Khoiron,5.0,2 bulan lalu,"Liburan ke Luwuk dan direkomendasikan buat main ke Kilo 5. Tempatnya enak banget buat santai dan main air. Saya habisin waktu buat diving sampai sore, dan pemandangan bawah lautnya cakep—airnya cukup jernih dan ikannya lumayan banyak.
Suasananya tenang, cocok buat yang pengen menikmati laut tanpa terlalu ramai. Waktu sore makin bagus karena cahaya mataharinya bikin laut kelihatan makin cantik.
Fakta menariknya, Kilo 5 ini jadi salah satu spot favorit warga lokal buat snorkeling dan diving karena lokasinya dekat dari pusat kota Luwuk tapi tetap punya ekosistem laut yang masih terjaga.
Recommended banget buat yang liburan ke Luwuk dan pengen main laut seharian 🌊🤿"
ChIJZ129EyKhhi0RyqO6oc6Qu1U,Tian septi,4.0,3 bulan lalu,"Pantai yang ramai dan banyak penjual makanan serta jajanan sepanjang halan.
Hanya saja jika diperhatikan, dibenerapa titik, tinggi permukaan air pantai lebih tinggi dari muka daratan."
ChIJZ129EyKhhi0RyqO6oc6Qu1U,SUTRISNO,5.0,setahun lalu,"Welcome to rekomendasi dari aku teman teman, kali ini aku rekomendasi kan buat teman-taman yg mau berlibur dan berkunjung dan bingung mau cari tempat dimn, nah kali ini aku berkunjung di pantai kilo 5, viewnya keren banget.... Selain di sajikan dengan pemandangan laut, kita juga bisa menikmati hidangan yg ada di sekitaran pantai kilo 5 ini, mulai dari jajan somay, bakso, es dll.
Sangat rekomendasi banget buat teman taman yg suka berlibur bareng keluarga dan mandi-mandi di laut airnya bersih sangat cocok untuk renang, ada juga yg sewakan perahu karet gitu yaa. Untuk harga aku kurang tahu😅
Parkir motor 2 k, untuk mobil mungkin 5k.
So selamat berkunjung yaa.
Untuk rekomendasi ini aku beri ranting 5.
Next kita heaaling ee😅
Selamat berkunjung...🥰"
ChIJZ129EyKhhi0RyqO6oc6Qu1U,Kemuning Jingga,5.0,4 bulan lalu,Pantai yg bersih dan indah. Semoga selamanya seperti itu.
ChIJZ129EyKhhi0RyqO6oc6Qu1U,MANEC,5.0,2 tahun lalu,"Lautnya cantik, bersih, jernih, ada sebagian pantai pasir putih, banyak yang jualan  jajanan dari sore sampai malam hari, dan jadi tempat wisata murah juga karena di pinggir jalan raya."
ChIJZ129EyKhhi0RyqO6oc6Qu1U,Irman Syah,5.0,5 bulan lalu,"Mantap, bagus tempatnya ada wahana, bisa ngopi2 pinggir pantai"
ChIJZ129EyKhhi0RyqO6oc6Qu1U,Moh. Jiyad Rozin,5.0,11 bulan lalu,"airnya bersih, tempat mandi laut, nyantai sore sambil makan pisang goreng, makan mie ayam"
ChIJZ129EyKhhi0RyqO6oc6Qu1U,Sany Sofyan,5.0,5 tahun lalu,Pantai ini terletak di pinggir jalan poros bandara - kota luwuk. Dinamakannpantai kilo 5 karena memang terltak 5km dari ota luwuk menuju arah bandara. Pantainya bersih bayak pedagang di pinggir oantai dan juga diperbolehkan untuk berenang disini.
ChIJZ129EyKhhi0RyqO6oc6Qu1U,Minuita 221,5.0,8 bulan lalu,"Tempat entertainment dan kumpulnya warga Luwuk. Mulai dari snorkeling, freediving, watersport, bahkan banyak depot2 seafood dengan view laut di sepanjang Km5."
ChIJZ129EyKhhi0RyqO6oc6Qu1U,oky istia,5.0,6 tahun lalu,"Pantai yang sangat santai dan juga nyaman, kenapa bisa seperti itu karna pas ditepi jalan raya, banyak warung ikan bakar pisang kepe bakso, tapi yang paling menawan hati tetaplah pantai nya keindahan bawah airnya yang luar biasa menggoda tuk diselami, kadar garam yang tidak terlalu tinggi yang gak perih dimata, terumbu karang yang besar dan sekumpulan dory fish serta ikan kebanggaan warga banggai yaitu banggai cardinal fish, Rasanya gak pergi klo sudah main ke kilo lima
Love U God thanks for everythings"
ChIJAYOhbKchvy0Re-ZGWcM9fLY,Fathimah Jie,5.0,6 bulan lalu,"Sudah beberapa kali berkunjung ke sini bersama keluarga besar kami.
Harga sewa kamarnya sdh naik, tapi fasilitas nya begitu2 ji. Hanya cat tembok nya saja yg diperbaharui.
Alhamdulillah.. Ada anjungan nya yg bisa dipakai shalat berjamaah + ada suara ombak."
ChIJAYOhbKchvy0Re-ZGWcM9fLY,Nasruddin DL,5.0,3 bulan lalu,"Tempat perkir motor mobil cukup luas, tapi kalo weekend biasanya penuh. Jadi parkir diluar...
Ada mushallah, gazebo dan tempatnya bersih"
ChIJAYOhbKchvy0Re-ZGWcM9fLY,Andi Karlina,5.0,3 bulan lalu,"Tempat rekreasi recomended, ada pantai, ada kolam renang dewasa, ada Waterboom anak, ada ATV, ada kincir angin dan masih banyak permainan anak. Kalau mau nginap ada hotel juga,,"
ChIJAYOhbKchvy0Re-ZGWcM9fLY,Wanti Mokodompis,1.0,3 bulan lalu,"Hari ini ke wisata pantai bintang galesong sangat kecewa, pesen makan datangnya lama pas nyampe makanannya pesen nasi goreng nasinya kek bubur, pelayanannya apalagi , toiletnya kurang bersih , nggak dua kali kesana"
ChIJAYOhbKchvy0Re-ZGWcM9fLY,Nurfitri Yusri,3.0,8 bulan lalu,"Banyak larangan yg tidak diinfokan admin, jadi sampai sana menyita waktu untuk berdebat, Video Pantainya beda jauh yg dikirimkan admin dengan kondisi yg sebenarnya, video yang dikirimkan pasir pantainya sangat cantik, realitasnya pasir berbatu besar, klo menurutku tidak aman bermain air dipantainya krn pasir berbatu besar, area berpasir juga jaraknya hanya 1-3 meter dari air lautnya bahkan banyakan juga airnya sudah menyentuh tembok bangunan. Dikamar AC cukup dingin, hanya lumayan banyak nyamuk, dan keset yg disediakan di setiap kamar besar hanya 1 jadi bolak balik ku pakai bergantian di depan kamar mandi dan depan pintu kamar"
ChIJAYOhbKchvy0Re-ZGWcM9fLY,bilal ji,1.0,3 bulan lalu,Jelek dan kecewa sudah mahal masuk nya fasilitas jelek dan lampu mati di tambah tidak ada seluncuran dewasa
ChIJAYOhbKchvy0Re-ZGWcM9fLY,Andi Suandi,1.0,3 bulan lalu,"Kolamnx tidak ada yg untuk dewasa Bru kuram dalam.😭
Cocok untuk anak² saja …"
ChIJAYOhbKchvy0Re-ZGWcM9fLY,Muh.Al-Farabih Aliyah,5.0,3 bulan lalu,"Tempatnya lumayan bagus,banyak kolam yang tersedia dan juga banyak gasebonya."
ChIJAYOhbKchvy0Re-ZGWcM9fLY,AbuZed Al-Arif,1.0,9 bulan lalu,Sy punya pengalaman tdk menyenangkan di sini.. kamar dgn 8 bed menurut saya mahal karna hanya bisa diisi 2 orang saja.. kalau bed yg lain bisa di gunakan dgn chas tambahan 15k perpax..padahal kamarnya saja sdh di harga 722.500
ChIJAYOhbKchvy0Re-ZGWcM9fLY,Ismail Marsuki,5.0,3 bulan lalu,Tempat wisata yg cukup lengkap dengan fasilitas yg bagus dan tiket yg terjangkau
ChIJif3f8yREhzIRH85zFLlR6So,Syalom Tasik,5.0,3 bulan lalu,"buat yg suka hiling bareng keluarga Bukit Kasih tempatnya, banyak pilihan menarik seperti...
- kolam air panas (biaya masuk 30rb)
- berendam kaki air panas (biaya 10-60rb)
- foto cetak juga ada (biaya 10-20rb)
- makanan, milu bakar/rebus, tinutuan dll
bonusnya pemana yg sangantt rekomendasi
Ohiya untuk karcisnya 5rb/orang dan motor 10rb, mobil 15rb"
ChIJif3f8yREhzIRH85zFLlR6So,Ikhyy,5.0,2 bulan lalu,"Suasana sangat alami, banyak tempat berendam kaki, dan tentunya bersih👍🏻"
ChIJif3f8yREhzIRH85zFLlR6So,Raymond Sumampouw,5.0,Diedit 5 bulan lalu,Facelift areal kolam renang air panas dan kolam rendam kaki air panas di Bukit Kasih Kanonang.
ChIJif3f8yREhzIRH85zFLlR6So,Fitri Apriyadi Jalan & Jajan,5.0,setahun lalu,"Bukit Kasih Kanonang adalah salah satu destinasi wisata yang sangat menarik di Sulawesi Utara, terutama bagi mereka yang ingin menikmati pemandangan alam yang memukau sekaligus meresapi nuansa budaya lokal. Dulu, saat saya masih berdinas di Sulawesi Utara, saya beberapa kali mengunjungi tempat ini, dan setiap kali datang, rasanya selalu membawa kesan yang tak terlupakan.

Bukit Kasih sendiri dikenal sebagai lokasi yang tidak hanya menawarkan pemandangan alam yang indah, tetapi juga memiliki makna spiritual yang dalam. Di sini, pengunjung bisa menemukan berbagai simbol agama yang mewakili keberagaman, mulai dari simbol agama Kristen, Islam, Hindu, hingga Buddha. Monumen ini membentuk suatu kesatuan yang menggambarkan kerukunan antar umat beragama di Indonesia, khususnya di Sulawesi Utara.

Namun, pengalaman saya sebelum menuju ke Bukit Kasih sering kali lebih menarik. Dalam perjalanan menuju kawasan ini, saya sering mampir ke pasar ekstrim yang berada di sekitar daerah Tomohon, tak jauh dari Bukit Kasih. Pasar tersebut dikenal dengan sebutan ""Pasar Tomohon,"" yang terkenal dengan jual beli aneka jenis daging hewan yang jarang ditemukan di pasar-pasar lain. Di pasar ini, Anda bisa menemukan berbagai jenis daging eksotis seperti daging anjing, kelelawar, bahkan ular, yang menjadi makanan khas masyarakat setempat.

Bagi sebagian orang, melihat daging-daging ini mungkin terasa mengerikan atau tak biasa, namun di sini, kita bisa belajar lebih dalam tentang tradisi kuliner dan kebudayaan Minahasa yang sudah berlangsung turun-temurun. Meskipun kontroversial bagi sebagian orang, pengalaman ini memberikan wawasan tentang bagaimana masyarakat setempat memandang kehidupan dan kekayaan alam yang mereka kelola.

Setelah puas menjelajahi pasar, melanjutkan perjalanan ke Bukit Kasih menjadi pengalaman yang menyegarkan. Bukit ini memiliki udara yang sejuk, dikelilingi oleh pegunungan dan ladang-ladang hijau yang menambah ketenangan hati. Di puncaknya, ada beberapa tempat untuk berdoa dan meditasi, yang memungkinkan siapa saja untuk merenung sejenak di tengah-tengah alam yang indah.

Keseluruhan pengalaman ke Bukit Kasih Kanonang dan sekitarnya benar-benar menggambarkan betapa kaya dan beragamnya budaya dan alam yang ada di Sulawesi Utara. Kombinasi antara wisata alam, spiritualitas, dan kebudayaan lokal menjadikannya salah satu destinasi yang sayang untuk dilewatkan, terutama bagi mereka yang ingin menikmati sisi lain dari Indonesia yang jarang terekspos oleh wisatawan umum."
ChIJif3f8yREhzIRH85zFLlR6So,Renyah sekali,5.0,setahun lalu,"Bagus bangett.. disini kita bisa merasakan toleransi beragama orang minahasa yang di manifestasi oleh tempat ibadah 5 beragama yang berada di atas bukit, hanya saja tempat nya masih kurang terawat.  Kalian bisa juga pijat air panas disini kalau ingin merasakan manfaat dari air belerang untuk kesehatan kulit.
Harga tiket masuk sangat murah, 25k untuk dua orang.
Kalau kesini jangan lupa untuk beli oleh2 yaa, beli aksesoris murah mulai dari 5k dan kacang khas kanonang/kawangkoan yang enak bisa diborong semuanya 🔥"
ChIJif3f8yREhzIRH85zFLlR6So,demon viar,4.0,setahun lalu,"Objek wisata yang bernuansa alam panas bumi belerang.
Biaya masuk untuk motor 10.000 perunitnya, 5.000 perorang.
Banyak spot yang sudah tidak terawat seperti tempat duduk, tangga, jembatan dan toilet."
ChIJif3f8yREhzIRH85zFLlR6So,Hendra Hendra,1.0,2 bulan lalu,"Kehilangan tas, memang isinya tidak seberapa tapi, hanya waktu 5 menit tas tertinggal, tas hilang dan tanya orang sekitar, yang menjual jasa foto mereka tidak lihat katanya di suru lapor ke informasi, bagian informasi hanya bilang cari aja, memang kelalaian kami, tapi masih mending yang hilang punya kami wisatawan lokal dan barangnya ga penting si cuma ad KTP di situ, tapi setidaknya ayo lah jaga tempat wisata kita dengan aman, jika wisatawan luar yang kehilangan barang dan barang barang itu penting, mungkin tempat wisatanya jadi buruk karena oknum yang kurang ngajar, jadi ayolah, yang sering ambil barang barang orang, kalo kamu temukan kasih ke bagian informasi atau security."
ChIJif3f8yREhzIRH85zFLlR6So,Heru Kristanto,5.0,setahun lalu,"Salah satu destinasi wisata alam dan religi di Kab Mihasaha. Terletak di atas perbukitan, jika mau naik harus melewati >2.000 anak tangga. Udaranya segar dan ada sumber air panas mengandung belerang. Kec Kawanvkoan, Minahasa juga terkenal sebagai produsen oleh-oleh kacang tanah berbagai motif : putih, ungu, batik, dll."
ChIJif3f8yREhzIRH85zFLlR6So,Firmansyah Kabalmay,5.0,9 bulan lalu,"Suasananya begitu Indah dengan hawa belereng yg khas. Sayangnya, tangga khas via dolorosa dgn relief Yesus Kristus mulai rusak dan penuh rumput yg menjulang. Tempat ini adalah ikon kasih dan toleransi Agama yg begitu kuat di Bumi Minahasa saya bangga pernah mengunjungi tempat yg unik dan indah ini"
ChIJif3f8yREhzIRH85zFLlR6So,D. Steven,2.0,2 tahun lalu,"Hari ini saya ada antar tamu jalan2 ke bukit kasih.bukan sekali dua kali aja saya antar tamu ke tempat ini.komentar para untuk tempat ini cukup bagus, cm ada satu pertanyaan dari para tamu yg tidak bisa saya adalah.kenapa fasilitas  5 tempat ibadah di puncak atas bukit kasih kurang mendapat  perhatian dari pihak terkait.
Padahal waktu masuk kami selalu bayar karcis  masuk dan karcis mobil.bukan bermaksud apa2,dari posting ini,cm harapan saya ada pihak terkait mau mendengar curhatan ini dan mau bergerak memperbaiki tempat wisata ya indah ini.biar perekonomian warga kanonang bisa bergeliat lagi,mohon ada penataan kembali tempat ini"
ChIJAYhjftAqfzIRQW65iMl5F0A,Hajra,5.0,3 bulan lalu,"di hari itu aku datang weekdays,jdi tdk trllu bnyak org,tpi semakin malam bnyak yg berdatangan untuk nginap,untuk aku yang suka ke pantai tapi mau nya sepi,recomended dtg di hari2 biasa org msuk kantor,untung nya aku datang disaat ga terlalu bnyk org
untuk pantai nya nyaman banget kalo untuk liburan sekeluarga,teman2 maupun sendiri,disana juga terdapat jajanan jdi bisa dtg ksna tnpa membawa makanan."
ChIJAYhjftAqfzIRQW65iMl5F0A,FX Martin,3.0,10 bulan lalu,entrance fee / parking fee utk mobil Rp. 25k.... next time harus siap bawa perlengkapan piknik.... pantai bagus dan kebersihan harus banyak sekali ditingkatkan ....
ChIJAYhjftAqfzIRQW65iMl5F0A,andreas aan sugiarto,4.0,setahun lalu,"Pantai yang cantik, berpasir putih halus, tidak terlalu ramai di hari biasa . Pantainya bersih, cocok buat berenang. Sejuk karena banyak pohon besar yang rindang.
Ada tiket masuk 15.000 yang kadang dijaga staff kadang tidak.

Catatan kunjungan saat bulan Ramadhan maret 2025"
ChIJAYhjftAqfzIRQW65iMl5F0A,louis Wijaya (Lovena wijaya),5.0,2 bulan lalu,"Pantai pasir Putih nyaman luas kuliner juga ok smua ada. Kamar mandi bersih. UMKM byk. Bisa berkemah dll parkiran luas. Tiket ekonomis Klik en itu google maps e bro
😁🙏kamu pergio ke alfamart terdekat kasi lia chat ini nti d bantu
😁🙏"
ChIJAYhjftAqfzIRQW65iMl5F0A,Selviana Muhamad,5.0,9 bulan lalu,"Pantainya Bagus, Pasir Putih, masuk kesini harus bayar 25 ribu, kalau tidak bawa alas/Tikar bisa sewa tikar, 10 ribu saja"
ChIJAYhjftAqfzIRQW65iMl5F0A,Siti Nur Aisyah Rubemond,5.0,2 tahun lalu,"MasyaAllah tempatnya bagus, pasir pantainya putih bersih. Perjalanan dari kota sekitar 30 menit jadi tidak bikin anak2 jenuh di mobil insyaAllah.

Pantai ini sudah dikelola secara profesional jadi sudah ada penjaga pantai dan ada larangan konsumsi miras di kurenai jadi insyaAllah aman dari gangguan orang yang suka mabuk-mabukan.

Disini alhamdulillah tersedia tempat untuk shalat dan kamar mandinya juga bersih.

Pokoknya rekomen untuk jadi tempat liburan.

Kalau tidak bawa alas bagaimana? Tenaang, di pantai ini ada tempat utk sewa tenda dan tikar (alas utk duduk)

Selain itu, makanan yg dijual dsni tergolong murah. Biasanya kan kalo di tempat wisata harga makanan di up beda jauh dgn harga di supermarket tapi di Kurenai alhamdulillah masih ramah di kantong. Harga seporsi pisang goreng hanya 10rb seporsi, bahkan air mineral harganya masih tetap 1.000/gelas😁

Ayo ajak keluarga untuk liburan akhir pekan di Kurenai✨ Ada instagramnya juga lho! Bisa follow @kurenaibeach"
ChIJAYhjftAqfzIRQW65iMl5F0A,Yani Reynald Manoi,4.0,2 tahun lalu,"Pantainya keren, rindang, lokasinya dekat dari Kota Gorontalo, dengan kendaraan sekitar 20 menit. Tiket masuk untuk mobil Rp. 20.000.
Fasilitas lumayan lengkap seperi toilet dan kamar bilas, warung jualan makanan, penyewaan tikar, tenda camping, ban pelampung. Yang mau bermalam bisa bawa tenda sendiri ataupun sewa. Buat yang camping dan bermalam ada biaya tambahan Rp. 15.000/org.
Minusnya di pengunjung yang meninggalkan sampah saat pulang, saran buat pengelola perlu sering dihimbau pengunjung jangan meninggalkan sampah dan  menyediakan tempat sampah yang memadai dan tertutup serta papan peringatan jangan membuang sampah sembarangan."
ChIJAYhjftAqfzIRQW65iMl5F0A,Ariyanto Suleman,3.0,2 bulan lalu,"Sebetulnya sudah sering mengunjungi tempat ini, tetapi belakangan mulai enggan karena beberapa hal

1. Biaya masuk meningkat dari biasanya
2. Lokasi kamar mandi/toilet agak jauh dari pinggir pantai
3. Penerangan di toilet kurang (padahal setiap masuk pasti bayar)"
ChIJAYhjftAqfzIRQW65iMl5F0A,Aurel Karin,4.0,9 bulan lalu,"sunset dan pantai di gorontalo yang bagus buat di shoot itu paling pas di kurenai. tapi saya bingunh kok harga tiketnya ga ada yang pasti ya? kadang saya hanya bayar parkir masuk 5 ribu, kadang 10ribu, bahkan kalau tengah malam itu sampe 35 ribu. jadi kalo ada orang yang tanya berapa biaya masuk pantainya saya jawab ga tau, karena suka berubah-ubah 🤷‍♀️
pantainya bagus, bisa dilihat dari foto yang saya ambil bener-bener real, ini foto sunset jam set 5 an. hoki hokian kadang kalo datang sudah jam 5 itu udh ga dapet sunsetnya alias gelap. spot terbaik buat ambil foto sunsetnya ada di paling ujung, di bebatuan sana.
sayangnya ini pantai kotor, masyarakat ga bisa menjaga dan saya juga heran masuk disini berbayar tapi ga disapu bersih(?) apalagi bagian toiletnya, ga ada air dan jorok bangett?? udah gitu jauh lagi 🤦‍♀️"
ChIJAYhjftAqfzIRQW65iMl5F0A,Nurlaila Alhabsyi,5.0,3 bulan lalu,Modal recehan sudah bisa menikmati view pantai yg lumayan bagus. Banyak penjual makanan minuman jg dg harga terjangkau.
ChIJwwQWOaO8lS0RDUoust8-3lw,Andi Agil,5.0,3 bulan lalu,"Sangat sangat rekomendasi buat yang nyari pantai di pare pare, btw ini kita lagi ngerayain ulang tahun kita berlima untuk pertama kali yeyyy, bintang 5 buat paputo beach🫶🏻🫶🏻🫶🏻 …"
ChIJwwQWOaO8lS0RDUoust8-3lw,yuliana rahmawati,4.0,setahun lalu,"1. Pantai ini punya lumayan banyak fasilitas seperti aula, cotage, mushalla, gazebo, cafe dan lainnya.

2. Sayangnya masih ada ""sampah kiriman"" yang menjadi masalah utama di pantai ini dan sepertinya belum menemukan solusi sampai sekarang.

3. Harga makanan dan minuman di sini cukup terjangkau mengingat ini adalah tempat wisata. Bawa keluarga ke sini tidak bikin kantong jebol."
ChIJwwQWOaO8lS0RDUoust8-3lw,Dodz Abejo,1.0,6 bulan lalu,Pantainya bagus. Sangat adem. Sayangnya saat liburan staff/penjaganya sangat menyukai tidur. Masa siang pi buka siapa yg mau main siang2
ChIJwwQWOaO8lS0RDUoust8-3lw,Buzz Kuning,4.0,setahun lalu,"1.Masyaallah pemandangannya sangat indah, walaupun tidak terlalu bersih namun tempatnya nyaman untuk kita berekreasi

2.Harga makanan dan minuman terjangkau, Alhamdulillah kami sebagai mahasiswa berkunjung di sana tidak banyak mengeluarkan uang

3.Pelayanan dari karyawannya sangat baik dan ramah kepada kami para pengunjung

Semoga pantainya bisa dijaga kebersihannya lagi, karena Paputo Beach merupakan salah satu peluang ekonomi kreatif di Kota Parepare ini."
ChIJwwQWOaO8lS0RDUoust8-3lw,Hanifchan chan,5.0,Diedit setahun lalu,Tempatnya bagus. Cocok untuk bersantai dipantai. Terdapat pohon dekat pantai jadi suasanya sejuk dan adem.. Terdapat tempat makan dan minum. Terdapat wc dan kamar mandi . Tempatnparkir luas . Coxok sbg tempat selfi
ChIJwwQWOaO8lS0RDUoust8-3lw,ika setianingrum,4.0,2 tahun lalu,"Kesini random karena bingung milih tempat buat chill out. Pretty Good, pantainya sepi enak buat diem-diem. Pas lagi surut jadi nampak karang-karangnya. Will be great buat sunsetan karena ada lampunya. PR masih banyak sampah plastik. Parkir aman, ga ada tiket masuk. Kalau lebih bersih, easily 5 stars will be given 😀 …"
ChIJwwQWOaO8lS0RDUoust8-3lw,kaki panjang,5.0,2 tahun lalu,"The best sih sebenarnya, pasirnya putih dengan keindahan pantai yang tak kalah jauh dengan pantai lainnya. Hanya satu hal :( sangat disayangkan, karena pantainya kotor banget, dengan kurang dijaga kebersihannya. Padahal biaya parkirnya jg bisa digunakan utk mengelola pantai agar bersih. Sepertinya pemerintah harus turun tangan deh"
ChIJwwQWOaO8lS0RDUoust8-3lw,fajri syarifuddin,5.0,3 tahun lalu,"Pantai yang asik buat berenang dan bermain pasir. Waktu pandemi, pantai ini sangat sepi tetapi waktu mulai new normal, pantai sudah beroperasi secara normal. Tidak ada uang masuk, hanya membayar parkir. Tersedia beberapa both untuk membeli makanan tapi hanya beberapa yang melayani pembeli. Bagusnya kepantai ini pagi2 sekitar jam 7. Semakin siang, air lautnya semakin surut. Pantainya juga sudah lebih bersih dari sebelum-sebelumnya. Kamar mandinya juga oke dan memadai. Air juga mengalir dengan lancar."
ChIJwwQWOaO8lS0RDUoust8-3lw,Norman Marantika,4.0,5 tahun lalu,"Bagus sekali, sdh ditata dg lumayan apik.
Parkir mobil luas dan tarifnya 5rb. Free tiket masuk.
Serving time pesan makanannya sangat lama. Perlu perbaikan serius di serving time makanannya.
Ada ayunan buat anak2.
Ada gazebo dilengkapi dg lazy sofa yg bisa disewa dg memesan makanan secara berkelompok.
Posisi di Pare2 sbelum melewati jembatan masuk kota pare2 klo dr arah Makassar"
ChIJwwQWOaO8lS0RDUoust8-3lw,Rizaldi Nurdiansyah,5.0,5 tahun lalu,"Pantai nya bagus, jernih jg airnya. Ada gazebo yg disewakan 50rb sepuasnya, 25rb perjam dgn beanbag, ada jg bale yg gratis. Parkir 2rb motor, mobil 5rb. Tempat dan suasanya nyaman. Ada ruang bilas dan tempat wudhu jg, ada cafe jg untuk pesan makanan"
ChIJ-QCKPkfUfjIRZwOmnMLlA5Q,Faldy Renaldo Onsu,5.0,sebulan lalu,"Tempat liburan dan wisata paling menenangkan di Gorontalo. Alamnya asri, suasana malam yang hangat dengan lampu yang menghiasi tepi danau dan banyak tempat nongkrong untuk menghilangkan penat"
ChIJ-QCKPkfUfjIRZwOmnMLlA5Q,Real Gusday,5.0,4 bulan lalu,Danau yang tenang dan nampak syahdu dengan latarbelakang perbukitan yang indah. Letaknya tidak jauh dari pusat kota kurang lebih 20 menitan. Disini kita dapat berswafoto dengat spot spot yang instagenik. Kalau weekens cukup ramai pengunjung. Jadi kalau singgah di Gorontalo jangan terlewat mengunjungi Danau Perintis ini👍👍👍 …
ChIJ-QCKPkfUfjIRZwOmnMLlA5Q,JM Darwin Koto,5.0,5 bulan lalu,Pas berkunjung pas peresmian sebagai destinasi kuliner halal oleh Bapak Gubernur Gorontalo. What a lucky days & g8 experience for coming to Perintis Lake
ChIJ-QCKPkfUfjIRZwOmnMLlA5Q,Riadi alfatih,5.0,5 bulan lalu,"Tiket masuk mobil 5000 motor 3000
Bisa pesan makanan (ada yang jualan )
Ayam geprek 20.000
Ayam Layanan 20.000
Nasi goreng  15.000
Satu porsi Pisang goreng  10.000

Masih banyak menu yg lain"
ChIJ-QCKPkfUfjIRZwOmnMLlA5Q,Yusuf Albanjari,5.0,4 bulan lalu,"Tempat ikonik di Bone Bolango, Gorontalo. Satang ksni malam hari, pencahayaan cukup terang buat foto2. Ada sarana bermain buat anak juga"
ChIJ-QCKPkfUfjIRZwOmnMLlA5Q,Muthia Hiola,5.0,9 bulan lalu,"Sekarang banyak yang sudah upgrade dari Danau Perintis. Spot foto dan bersantai jadi tambah banyak, tempat berjualan f&b pun jadi lebih tertata rapih dan bersih.

Hal yang menyenangkan disini adalah semua harganya masih serba affordable, biaya masuk cukup membayar 3k (motor) dan 5k (mobil). Harga makanan dan minuman pun start from 10k.

Ini bisa jadi alternatif tempat healing ataupun rekreasi yang terjangkau🤩

Semoga fasilitasnya bisa selalu terjaga."
ChIJ-QCKPkfUfjIRZwOmnMLlA5Q,Nurfaidah Fafa,4.0,8 bulan lalu,"Tempat wisata yang pertama kali saya kunjungi ketika tiba di Gorontalo. Cukup excited untuk ke sini karena icon kapalnya. HTM 3k. Sebenarnya tempat wisata ini menarik, hanya saja karena penambahan patung animasi/kartun di sekitaran tempat wisata jadi menurutku kesannya sudah tidak nature lagi, jadi hilang vibes alamnya. Untuk air mancur dan sarana tempat duduk menurutku cukup menarik dan memudahkan pengunjung walaupun ya bisa dibilang kursinya ga banyak kalau pengunjung lagi rame²nya."
ChIJ-QCKPkfUfjIRZwOmnMLlA5Q,Afif Pratama Putra,5.0,5 bulan lalu,"Danau Perintis, tiket masuk murah meriah, banyak umkm menawarkan makanan dan mjnuman dengan harga terjangkau, suasana yang nyaman dan asik untuk berfoto ria"
ChIJ-QCKPkfUfjIRZwOmnMLlA5Q,sartin djafar,5.0,3 bulan lalu,suka dengan lokasinya tiket masuk pun murah meriah plus parkir gratis.kalau lagi rame mau pesan makan dsini harus cari tempat duduk dulu.
ChIJ-QCKPkfUfjIRZwOmnMLlA5Q,Alfa Colien,5.0,10 bulan lalu,Rehat sejenak bersama keluarga dan teman. Bisa menikmati pemandangan danau dan spot spot foto yang bagus. Ada kios kios kecil jual makanan dan minuman.
ChIJL1UINDl0hzIR9KoY982h0n8,Lafif Masruri,5.0,3 bulan lalu,"tempat yg pas buat nyore
pemandangannya sangat memanjakan mata, terutama saat sunset. Nilai plusnya deket bgt sama pinggir jalan"
ChIJL1UINDl0hzIR9KoY982h0n8,Meirio Tengor,5.0,Diedit 10 bulan lalu,"Rekomendasi tempat hiburan outdoor di manado dengan suasana tepi pantai, dan tersedia fasilitas baru untuk warga yang mau jalan sambil menikmati pemandangan tepi lantai.

Awal datang masih dalam proses pembangunan dan beberapa fasilitas masih belum dibersihkan sepenuhnya, tapi melihat secara keseluruhan temnyatnya cukup baik untuk dikunjungi."
ChIJL1UINDl0hzIR9KoY982h0n8,Tri Noormuliyaningsih,5.0,setahun lalu,"First time ke Pantai Malalayang..
Cuaca pas lagi mendung & belum waktu sunset.
Beberapa spot masih dalam tahap renovasi.
View pantai nya cantik & enak buat santai/healing 🥰"
ChIJL1UINDl0hzIR9KoY982h0n8,Cherryl Gonibala,5.0,5 bulan lalu,"Tempat wisata pantai di pinggiran kota Manado😍
Yang pastiq Gratis …"
ChIJL1UINDl0hzIR9KoY982h0n8,Salman F. K,4.0,Diedit 9 bulan lalu,Kawasan pantai yang dilengkapi jogging track dan warung pinggir pantai yang memadai perpaduan wisata alam dan kuliner
ChIJL1UINDl0hzIR9KoY982h0n8,Christina FDL,3.0,6 tahun lalu,"Pantainya bagus, pemandangannya indah namun sangat disayangkan untuk kebersihannya sangat kurang dijaga. Fasilitas umum yang disediakan tidak dirawat dengan baik, sehingga untuk menikmati keindahan pantai ini nenjadi kurang nyaman."
ChIJL1UINDl0hzIR9KoY982h0n8,subhan sabu,5.0,6 tahun lalu,"Pantai Malalayang berada di lokasi yang dekat dengan jalan raya, pantai ini merupakan objek wisata favorit masyarakat Manado sejak dahulu. Hanya sekira 10 menit dari pusat kota,  selain mandi dan menikmati sunset, pantai ini juga memiliki taman laut yang masih alami dengan berbagai jenis koral warna warni dan spesies ikan berbagai jenis.

Sudah ada beberapa kendaraan yang diturunkan di bawah laut baik roda empat dan roda dua yang ditata dengan apik di bawah laut  ada terowongan dan lalu lintas bawah air yang sangat menarik, akan ada jalan sama dengan yang di darat tapi ini di bawah laut.

Selain jadi rumah bagi biota laut yang baru, juga bisa jadi tempat bertumbuh karang, hal ini menjadi daya tarik baru yang juga menurut informasi, satu-satunya daerah penyelaman yang paling dekat dengan jalan.

Pembuatan taman lalu lintas di bawah laut pantai Malalayang karena areanya berpasir yang cukup luas. Beberapa kendaraan motor dan dua mobil dan juga dibuat goa sehingga ini menjadi salah satu destinasi wisata nantinya ketika coral sudah bertumbuh dengan bagus, diharapkan dengan bertumbuhnya coral maka ikan-ikan akan datang.

Situasi di bawah laut itu dibuatkan terowongan panjang dengan bentuk simpang empat dengan posisi motor dan mobil yang diatur sedemikian rupa seperti kondisi lalu lintas di darat.

Pantai bebatuan dan berpasir hitam ini dari dulu merupakan tempat favorit warga Manado, setiap akhir pekan, tempat ini ramai dikunjungi masyarakat. Dari kejauhan kita bisa melihat Pulau Manado Tua, Pulau Bunaken, Pulau Siladen dan juga pemandangan Kota Manado.

Di pantai ini juga pada tahun 2007 silam pernah ditemukan ikan Latimeria menadoensis atau Coelacanth, ikan purba yang sudah dianggap punah sejak 65 juta tahun lalu. Ikan itu ditemukan pada kedalaman  sekitar 105 meter di Pantai Malalayang oleh dua orang nelayan yang sedang mencari ikan."
ChIJL1UINDl0hzIR9KoY982h0n8,Joyner Nickson,5.0,Diedit 6 tahun lalu,"Tempat rekreasi masyarakat yang mudah dijangkau dari pusat kota Manado.
Tempat ini menyajikan menu makanan khas, murah dan terjangkau.
Banya olahraga air yang bisa dimainkan disini seperti: Diving, snorkling, kayak, renang, dll.
Pada tahun 2009 Pantai Malalayang ini pernah dijadikan tempat untuk pemecahan Rekord MURI untuk penyelaman masal terbanyak di Dunia..
Sampai sekarang tempat ini masih menjadi objek wisata primadona di Sulut yang bisa dinikmati kapan saja..."
ChIJL1UINDl0hzIR9KoY982h0n8,Heaven,5.0,5 bulan lalu,Pantai yang indah ditemani dengan fasilitasnya yang bagus sehingga cocok untuk menikmati hari libur atau berpekan dengan pemandangan indah dan sejuk👍
ChIJL1UINDl0hzIR9KoY982h0n8,Rifka Suoth,5.0,Diedit 2 tahun lalu,"Pantai Malalayang adalah Wisata Bahari Sulawesi Utara, dimana terdapat spot penanaman karang laut (Reeformers Reef) dan dipantau setiap seminggu sekali.."
ChIJdzm5KpztmC0RA4bS-kfx1QY,Hikari mukminn,5.0,7 bulan lalu,"Kalau lagi senggang atau nyari ketenangan, Jam2 Sore setelah Ashar enak disini, beli Es buah atau ngopi ngeteh, sambil kerjakan sesuatu (klo saya pribadi)"
ChIJdzm5KpztmC0RA4bS-kfx1QY,lusy astarida,5.0,sebulan lalu,Terima kasih Bank Mandiri Kendari beach atas layanannya yang sangat ramah dan cepat
ChIJdzm5KpztmC0RA4bS-kfx1QY,Arfinsyah,4.0,8 bulan lalu,"Suasana malam yg hidup , sepanjang jalan banyak pedagang menjual aneka makanan/ jajanan termasuk kuliner, pakaian, pernak pernik, baju , dll pedagang tertata rapih , dijamin aman dan nyaman .
Banyak juga cafe tempat nongkrong dengan cahaya lampu LED nya yang membuat suasana malam menjadi bergairah.
Yang datang kekota Kendari silahkan jalan jalan kemari.
Tertata rapih, bersih , dijamin aman👍👍👍 tentunya."
ChIJdzm5KpztmC0RA4bS-kfx1QY,Rolin olink,5.0,sebulan lalu,Salah satu lokasi rekomendasi untuk hiburan anak mulai dari mewarnai sampai dengan permainan mandi bola
ChIJdzm5KpztmC0RA4bS-kfx1QY,Tyaa Eswe,5.0,9 bulan lalu,"Dulu pas di Kendari suka kesini sama mas pcr, tiap sore/pagi banyak yang jogging dsni, banyak anak"" Muda nongkrong dsni klo pagi sore malam❤"
ChIJdzm5KpztmC0RA4bS-kfx1QY,Didi Prasetyo,3.0,2 bulan lalu,Kotor klo mlm bnyk lapak jualan jd ga bsa lihat suasana pantai tertutup tenda tenda lapak.. Parkir jg sembarangan
ChIJdzm5KpztmC0RA4bS-kfx1QY,IYN 22,5.0,3 tahun lalu,"Kendari Beach atau yang biasa dikenal dengan Kebi. Ini adalah tempat rekreasi malam yang sangat bagus dan indah dengan pemandangan laut dan lampu2 hiasan serta dengan suasana angin laut yang segar. Disini juga sangat bagus untuk rekreasi keluarga karna disini terdapat banyak tempat bermain anak2, tempat makan, nongkrong dan tempat belanja. Disini ada odong2, wahana permainanan untuk anak2 maupun dewasa. Disini juga ada sarabba, pisang eppe, ada tempat jual barang2 bekas impor dan juga ada yg jual bakso bakar dan masih banyak makanan2 lainnya. Salah satu wahana bermain disini adalah wahana bermain Anjungan Teluk kendari. Wahana bermain di Anjungan Teluk Kendari ada 5 diantaranya bianglala, komedi putar, kora kora, play ground dan jembatan kaca. Jam operasional Anjungan Teluk Kendari, lanjut Agung, hari libur dibuka pukul 10.00 pagi sampai pukul 22.00 WITA. Sedangkan untuk weekday (hari kerja) dibuka sore hari pukul 15.30 sampai 22.00 WITA. tarif bermain biang lala untuk Senin - Kamis yakni Rp20 ribu per orang, sementara Jumat - Minggu Rp25 ribu per orang. Kora-kora Rp20 ribu per orang untuk hari Senin - Kamis, sedangkan Jumat-Minggu Rp25 ribu, komidi putar Rp15 ribu per orang Senin - Kamis, sedangkan hari Jumat - Minggu dibanderol Rp20 ribu per orang. Kemudian, playground untuk anak-anak dengan biaya masuk Rp15 ribu per orang setiap Senin - Kamis, dan Rp20 ribu per orang setiap Jumat - Minggu. Pokoknya disini aman dan tempatnya sangat menyenangkan untuk menikmati waktu malam dengan suasana yang malam yang indah. Saran saya, Ayoo terus menjaga kebersihan dan jangan membuang sampah ke laut, silahkan keep dan bawa pulang sampah anda 🙏🙏🇮🇩👏👌❤ cintai kotamu dengan menjaga kebersihan agar keindahan kota ini tetap terjaga dan menjadi tempat wisata yang bagus untuk para wisatawan baik dari dalam negeri maupun luar megeri 🇮🇩🇮🇩🇮🇩🇮🇩❤❤😇🙏"
ChIJdzm5KpztmC0RA4bS-kfx1QY,Diinii Islamiyati,5.0,2 tahun lalu,"Tempat yang indah buat menikmati senja dengan duduk duduk santai di pinggir jalan, disepanjang jalan pinggir pantai ada tempat makan dan hanya buat nongkrong minum kopi dll. Banyak mainan untuk anak anak jadi dijamin anak nyaman dan bahagia"
ChIJdzm5KpztmC0RA4bS-kfx1QY,Rin,5.0,setahun lalu,"Paling enak nikmatin senja sampai malam disini, tempat makannya pinggir laut dan banyak penjual ..."
ChIJdzm5KpztmC0RA4bS-kfx1QY,Fadly Fadly,5.0,Diedit 2 tahun lalu,"Wahana terbaik yg di miliki oleh Kendari ( SULTRA) sangat aman n nyaman u/ di kunjungi bersam sanak family di waktu malam Minggu n di malan lainya  permaina anak"" beragam  n memuaskan bagi anak "" u/ bermain

Bukan Hanya permian anak"" saja yg ada di wahan kendari beach u/ orang"" dewas pun ada juga tersedia di jamin memuaskan mata n  suasananya jg sejuk di pinggir pantai

Suasan Mlm yg gemerlap dgn barbagi ornamen  lampu yg memnjakan mata yg sangat indah di pandangi menarik hati u/ di kunjungi
Berbagi temat berfoto yg sangat bagus u/ di jadikan momen bersam sanak family/ teman / kerabat/ pasangan di sosmed dll

U/ tiket masuk tdk merobek kantong n dompet ( murah kok)
Buka setiap hari dari pukul 16.30 / 22.30

Tersedia juga tempat""  nongkrong n berbagi jajanan dikala sedang lapar perut kosong....
Baik makan berat n jajan sedang dll

Tunggu apa lg ayo ke Kendari Beach ajak sanak family / saudara / kawan / sahabat  rekan"" kerja / komunitas dll
Di jamin puas keluarga senang anak bahagia"
ChIJkbIoicxzhzIRMT6mU2dIxSo,Herry Susanto,3.0,2 bulan lalu,"puncak bukit, ada semacam kafe.ada toilet juga, pemandangan Manado yg menakjubkan.toilet juga ada dikelola kafenya.
bila pakai goggle maps, sering keliru dengan bukit doa yang letaknya agak dibawah, karena jalurnya beda.
harga tiket masuk 10ribu belum termasuk makanan minuman.oiya angin agak kencang di sini"
ChIJkbIoicxzhzIRMT6mU2dIxSo,Inggrid Mononutu,5.0,sebulan lalu,"indahnya kota manado ,, lebih indah kalau di lihat dari puncak ke gini ,,,

bukankah ini terlihat begitu indah dengan banyaknya lampu” pada malam hari ,,sore hari klian bisa nikmati sunset 🌅😍"
ChIJkbIoicxzhzIRMT6mU2dIxSo,Johan Sualang,5.0,6 bulan lalu,"Lokasi yang bagus dengan latar belakang  pemandangan teluk Manado dan gunung Klabat, cocok bagi yang pencinta sunset/sunrise."
ChIJkbIoicxzhzIRMT6mU2dIxSo,Meidiana Dandong,5.0,3 bulan lalu,"Cantik sekali pemandangannya, bisa lihat kota Manado dari sini, harga masuknya juga murah sekitar 10rb/orang, rekomendasi banget sih"
ChIJkbIoicxzhzIRMT6mU2dIxSo,EsClaSh,5.0,8 bulan lalu,"Besarkan volume nya ketika Anda melihat postingan saya
Tempat nya bagus untuk pra/wedding, syukuran, santai, Content dan kunjungan rohani
Tersedia resto jika lapar tapi bagi anda yang tidak mau makan diresto sebaiknya untuk membeli makanan dan minuman dari winangun

Dan sangat bagus untuk datang bersama keluarga
Setiap sudut terdapat momentum dan detail (penjelasan) seperti yang terdapat didalam Alkitab (injil)

Disarankan untuk membawa kameraman jika yang datang young couple 😅"
ChIJkbIoicxzhzIRMT6mU2dIxSo,Dinni Anissarahma,5.0,10 bulan lalu,"Tiket masuk : 10rb/org
Tempatnya bagus, cukup nyaman, ada restoran agak sedikit pricey. Pemandangannya bagus banget sih, kota manado keliatan bgt dari sini.
Recommended kesini sore sih ya biar ga panas² banget.
Perjalanan ga terlalu jauh kalo dr kota, cuman kalo udah mau sampe keatas jalannya mengecil."
ChIJkbIoicxzhzIRMT6mU2dIxSo,Abiyyu Majid,5.0,4 bulan lalu,"View nya bagus, bisa lihat manado dari ketinggian. Cukup panas jika di siang hari. Wajib pakai kaca mata hitam"
ChIJkbIoicxzhzIRMT6mU2dIxSo,Epik Masarroh,5.0,setahun lalu,"Sejatinya rekreasi telah menjadi kebutuhan pokok yang tak bisa diabaikan. Karenanya, meski dalam suasana pandemi dengan segala keterbatasannya, destinasi wisata dimanapun akan tetap menjadi pilihan guna menghilangkan kepenatan rutinitas harian. Terlebih lagi pada masa-masa liburan anak sekolah.

Bagi mereka yang mengunjungi Sulawesi Utara, ada banyak destinasi menarik yang bisa dikunjungi mulai dari wisata pantai hingga puncak bukit dengan berbagai pemandangan alamnya.

Salah satu destinasi wisata yang populer saat ini dan terus mengalami perkembangan adalah Makatete Hills yang terletak di Desa Warembungan, Kecamatan Pineleng, Kabupaten Minahasa. Ada banyak destinasi wisata puncak bukit di Sulawesi Utara, namun Makatete Hills memberikan kesan berbeda bagi setiap pengunjungnya.

Untuk mencapai tempat ini, pengunjung bisa menggunakan kendaraan pribadi roda dua maupun roda empat. Akses jalan yang sudah lebih baik dari sebelumnya menjadikan Makatete Hills yang berjarak sekitar 14 km dari Kota Manado ini dapat ditempuh dengan waktu kurang lebih 30 menit saja melalui rute mendaki dan melewati perkampungan penduduk.

Ketika mendekati lokasi, akan terasa hawa sejuk dan suasana khas perkebunan dengan pohon-pohon yang rimbun. Makin ke puncak, pengunjung akan disuguhi pemandangan yang indah hingga memasuki lokasi.

Setibanya di pintu gerbang, pengunjung diwajibkan membayar biaya masuk Rp. 10.000,-/orang. Tak perlu khawatir karena tidak ada biaya parkir yang dikenakan bagi setiap kendaraan yang masuk.

Selain menikmati pemandangan Kota Manado dari puncak bukit dengan ketinggian 200 meter dari atas permukaan laut, pengunjung juga bisa berfoto di berbagai spot yang menarik.  ￼￼

Dari puncak bukit Makatete, tampak jelas keindahan pulau Bunaken, pulau Manado Tua, juga pulau Siladen dan Gunung Klabat. Terlebih lagi jika cuaca cerah dan tak berawan.

Indahnya Kota Manado di sepanjang Teluk Manado itu tampak lebih menakjubkan. Karenanya, dengan pesona tersebut, pengunjung semakin ramai apalagi di akhir pekan.

“Amazing benar pemandangan dari puncak bukit ini. Tidak rugi saya membawa keluarga berlibur ke sini. Selain jarak tempuhnya dekat dari Kota Manado, spot-spot yang ada juga sangat menarik” ungkap Irfan salah satu pengunjung dari Jakarta yang datang bersama keluarga kecilnya.

Bagi pengunjung yang ingin memacu adrenalin, bisa mencoba berbagai wahana yang disediakan pengelola seperti sepeda gantung, ayunan raksasa, sky tree, dan juga flying fox. Setiap wahana dibanderol sebesar Rp. 20.000,-/orang."
ChIJkbIoicxzhzIRMT6mU2dIxSo,Titus Ristomo,5.0,2 tahun lalu,"Terletak tidak jauh dari pusat kota Manado, sekitar 30-45 menit. Jalan menuju kesini cukup berliku dan beberapa ruas jalan cukup kecil & boleh dikata ngepas banget untuk bersisian kendaraan roda empat, harus hati-hati.

Tapi itu akan terbayar saat sudah mencapai tempat ini, view nya sangat indah untuk bisa menikmati kota Manado dari ketinggian, akan terlihat Teluk Manado & Patung Yesus Memberkati dari kejauhan.

Terdapat rumah makan disini, menunya cukup beragam & harganya masih cukup terjangkau. Banyak spot foto menarik di area sekitar sini."
ChIJkbIoicxzhzIRMT6mU2dIxSo,Hafidz Odinsyah,5.0,setahun lalu,"Nyobain dada tuna, enak kok. Untuk pemandangannya bagus, kita bisa lihat koda manado dari atas sini. Sebenernya banyak spot2 foto, cuma waktu kesini hujan dan keburu waktu jadi foto di deket2 tempat makan aja"
ChIJ7xd7RSehhi0RWv0T2RpeokA,Imam Budiman,4.0,Diedit 7 bulan lalu,"Tempat wisata andalan masyarakat Luwuk, pantainya bening dan bersih, cocok untuk ngajak anak berenang atau bersantai bersama keluarga di akhir pekan.  Rekreasinya gratis dan banyak tempat makan di sekitaran pantai. Ada juga wahana banana boat bagi yang mau lebih seru lagi.

Sedikit catatan untuk fasilitas pendukung perlu dibenahi lagi, seperti toilet yang sebaiknya jangan dikunci saat di pagi hari, atau fasilitas shower yang sudah banyak tidak berfungsi."
ChIJ7xd7RSehhi0RWv0T2RpeokA,Farrel Bams,4.0,setahun lalu,"Pantai nya cantik indah berpasir putih air jernih tersedia banyak warung di pinggir pantai dan pilihan menu tersedia banyak cocok untuk liburan akhir pekan bareng keluarga, sayang nya kurang fasilitas toilet dan bangunan yang kurang dirawat"
ChIJ7xd7RSehhi0RWv0T2RpeokA,Adriansyah,5.0,6 tahun lalu,"Pantai kilo lima terletak di Kelurahan Maahas luwuk. Letak pantai ini sangat strategis dan besebelahan dengan jalan raya. Pantai ini mempunyai air laut yang bersih, pantai yang bersih, pengunjung pun cukup ramai. Apalagi menjelang / moment hari libur pantai ini selalu ramai. Tidak mengenal pagi siang dan malam. Makanan khas pantai ini adalah pisang goreng, kopi, aneka jus dan cemilan pendukung lainnya.

Sayangnya, stand/warung penyedia makanan kurang bervariasi dan bangunan warug tampak kumuh."
ChIJ7xd7RSehhi0RWv0T2RpeokA,M. Ali,5.0,3 tahun lalu,"Pantai Paling Ikonik di luwuk Banggai. Pantai Kilo 5 sabgat cocok umyjk kegiatan snorkling, khusunya bagi yg pemula. Krn disepanjang warung warmg menyediakan sewa kaca mata renang dan alat snorkling. Pantainya sangat indah dan masih bersih. Sehingga dari tepi jalan bisa terlihat terumbi katang dan ikan ikan didalamnya. Patai yg aktif sejak pagi siang malam yg selalu ramai."
ChIJ7xd7RSehhi0RWv0T2RpeokA,yanto yabu,5.0,Diedit 5 tahun lalu,"Hari sabtu minggu ramai padat,,
Buat kalian yg gak mau ramai / mau terapi dtg aja selain hari itu pagi / sore, dijamin puas!
Kalu laper ada tuh lengkap jajanan dari bakso sampe pisgor.
Aneka minuman panas / dingin juga ada.
Komplit yah berenangnya hehe."
ChIJ7xd7RSehhi0RWv0T2RpeokA,Maulana,5.0,7 tahun lalu,Pantai yang Bersih Jernih yg letaknya di pusat Kota Luwuk dan berjarak kurang lebih 5 menit dr bandara. jarang bngt ada pantai yg masih asri dan bersih di pusat kota. dan kalau di malam hari kota Luwuk akan terlihat Indah dr pantai ini Krn kelip lampu pusat kota yg berada di bukit terlihat jelas dr garis pantai.
ChIJ7xd7RSehhi0RWv0T2RpeokA,Mohamad Ardi Al-Ikhsan,4.0,8 bulan lalu,selain pemandangan dasar laut yg jernih ada beberapa wahana air yg menarik
ChIJ7xd7RSehhi0RWv0T2RpeokA,ushi masita,5.0,8 tahun lalu,"sepanjang jalan di luwuk disuguhi pemandangan pantai yang adem dan tenang ombaknya. banyak tempat nongkrong sekitar pantai, jadi begitu ada temen yang lagi berendam di pantai bisa duduk duduk sambil seduh yang anget anget. akan lebih baik kalau setiap tempat ada jasa menyewakan ban pelampung."
ChIJ7xd7RSehhi0RWv0T2RpeokA,Aditya Putra Widiagma,5.0,3 tahun lalu,"Cantik sekali pantai ini, airnya bening, di kejauhan terlihat kota Luwuk dan pemandangan bukit-bukit. Ketika malam hari ada kuliner di sini, pemandangan malam harinya juga cantik"
ChIJ7xd7RSehhi0RWv0T2RpeokA,anung agus saputro,5.0,6 tahun lalu,pantainya bersih sekali serasa mandi di aquarium ditemani si Nemo dan karang2 luar biasa wonderful Indonesia ngak bosen berenang disini ditemani pisang goreng sama sambel khas Luwuk sedap
ChIJ_f__1mZXvi0RHxs6cHZvrEU,Ateng Sulaeman,4.0,3 bulan lalu,Tempatnya Bagus kiri dan kanan dikelilingi bukit karang sangat cocok untuk yang hobi berpetualang
ChIJ_f__1mZXvi0RHxs6cHZvrEU,Angelina Valencin Wicky Sulaiman,5.0,9 bulan lalu,"Sewa perahu di dermaga 1 untuk sampai ke kawasan wisata Rammang Rammang kampung Berua. Harganya 200 utk kapal 1-4 orang, 5-8 orang 250k.
Di sungai bakal disuguhkan pemandangan bukit karst, konservasi mangrove, dan langit cerah."
ChIJ_f__1mZXvi0RHxs6cHZvrEU,IT Tan (J. Kencana Lic),4.0,2 tahun lalu,"Lokasi ini terdapat gunung karst dengan pemandangan yang sangat alami.
Untuk mencapai gunung karst, kita perlu naik perahu sekitar 10 menit.
Setibanya di gunung karst kita bisa jalan mengelilingi sawah, goa, bukit yg setidaknya membutuhkan waktu 1 sd 3 jam tergantung rute yg kita ambil."
ChIJ_f__1mZXvi0RHxs6cHZvrEU,Ale Vlog,5.0,setahun lalu,"Tempat wisata yg cantik dan eksotik.
Bukit2nya seperti diluar negeri.
Ini merupakan tpt wisata bukit karst terbesar dan terindah ketiga di dunia.

Selain bukit karst ada juga situs2 gua purba dan hutan batu purba.

Akses ke perbukitan karst melalui sungai puteh dgn tarif sewa kapal 200rb utk 4 org.

Ini merupakan wisata geopark dan telah msk disitus unesco.

Tpt wisata kelas dunia. Byk spot2 foto yg cantik2.

Rekonendid banget 👌👍"
ChIJ_f__1mZXvi0RHxs6cHZvrEU,Noer Ni'mat,5.0,2 tahun lalu,"Dermaga 1 tahun 2024, sdh lebih baik dari sebelum2nya. Sdh ada plang informasi terkait rute dan apa saja yg kita temui menggunakan katinting menuju kampuang berua. Hal ini memudahkan traveler atau wisatawan bisa memilih objek wisata yg dikunjungi

Selain itu, sdh tersedia jg merchandise oleh2 dan perlengkapan tualang lainnya. Jadi, teman2 yg berkunjung tanpa persiapan bisa langsung join ya.

Jika memang hanya mau nongki biasa sambil makan2 enak, juga bisa berkunjung di rumah makan yg viewnya langsung menuju sungai.

Semangat bertualang 🔥🔥🔥"
ChIJ_f__1mZXvi0RHxs6cHZvrEU,Norman Marantika,5.0,5 tahun lalu,"Bayangkan saja, kamu sdg menuju sebuah desa terpencil berletak sekitar 5km dr pemukiman warga dan jl raya. Menuju ke desa tersebut harus dilalui dg perahu krn posisi desanya ada di pelosok pedalaman yg dikelilingi oleh bukit dan harus melewati rawa2 dan sungai. Sesampainya di lokasi desa tersebut, anda akan terperangah melihat keindahan dan begitu eksotiknya pemandangan disana. Hanya ada sekitar 20kk di desa tsb. Indah sekali. Gaesss.. kalian yg ada di Sulawesi selatan, Makassar, Maros dan Pangkep WAJIB datang ke desa terindah ini. Bneran. Rugi klo kalian ga pernah tahu lokasi desa ini. Perahu hanya 200rb (PP), bisa muat maximal 10orang. Masuk desa tsb ada retribusi 5rb per orang. Sangat worthit banget kok. Biaya tsb dipakai utk kebersihan, pemeliharaan fasilitas desa spt jalan yg terbuat dr kayu dll. Disepanjang jalan, kalian akan disuguhi dg pemandangan yg cukup bagus, serasa ga di Indonesia, serasa di Vietnam kyak film Rambo🙂.
Ada beberapa tempat persinggahan yg bisa dipakai utk spot foto, spt Taman Batu, Cafe Rammang2, dll.
Oh iya, klo kesini kalian bisa lewat dermaga 1 atau dermaga 2 ya.. biayanya sama kok."
ChIJ_f__1mZXvi0RHxs6cHZvrEU,Firman Satya Budi,5.0,setahun lalu,"Perjalanan yg menyenangkan para masyarakat nya ramah, untuk biaya kapal 1-4 orang tarif 200rb PP, ada penyewaan topi juga"
ChIJ_f__1mZXvi0RHxs6cHZvrEU,tiko gumilang,5.0,4 bulan lalu,"Gila! Ini terlalu bagus, biarkan foto yg berbicara."
ChIJ_f__1mZXvi0RHxs6cHZvrEU,irwan saputra,5.0,setahun lalu,"Lokasi masih natural sekali enak untuk merefreshing, untuk pemerintah kota kalau bisa di kembangkan lagi ,naik perahu untum mutar2 di sungai ramang2 sekitar 30 -60 menit 250 rb bisa di naiki 7 orang..pokoke oke lah"
ChIJ_f__1mZXvi0RHxs6cHZvrEU,ikawati basri,5.0,2 tahun lalu,"Lokasinya luas sekali, untuk yang hobby main sekalian olahraga, lokasi ini lumayan cocok. Mulai dari dermaga rammang-rammang untuk menikmati pemandangan sekitar aliran di rawa rawa menuju lokasi wisata rammang rammang, dengan menyewa perahu, untuk 5-7 orang 250k sudah PP dan akan ditunggu oleh yang bawain perahunya & tidak ada batasan waktu tunggu, bisa sampai sore, tetep ditungguin. Ada beberapa spot yang bisa dikunjungi. Ada beberapa warung yang menyediakan es kelapa dan juga makanan. Foto & realitanya sesuai... Hanya saja di lokasi lumayan panas jadi siapkan sunscreen & topi, kalau tidak membawa topi, didermaga ada tempat penyewaan topi, kalau tidak salah 10k pertopi"
ChIJfUgFF0fTlS0RKt6lCc9jIjw,asnal yasin,5.0,2 bulan lalu,"Taman Wisata Puncak Bila Sidrap cocok buat yg ingin cari suasana santai dengan pemandangan alam dari ketinggian. Dari atas puncak, pengunjung bisa menikmati panorama perbukitan, hamparan hijau, dan udara yang relatif sejuk, terutama pagi dan sore hari. Tmpt ini sering jadi pilihan warga lokal maupun wisatawan untuk refreshing ringan bersama keluarga atau tman.
Area wisatanya ckup luas, tersedia beberapa spot foto dengan latar alam yang bagus dan Instagramable. Banyak pengunjung dtg untuk sekadar duduk santai, menikmati pemandangan, atau ngopi sambil menikmati angin sepoi-sepoi. Utk anak-anak juga lumayan aman karena areanya terbuka, meskipun tetap perlu pengawasan.
Akses jalan menuju lokasi sudah bisa dilalui kendaraan roda dua maupun roda empat, walaupun di beberapa titik menanjak dan berkelok, jadi disarankan berkendara dengan hati-hati. Area parkir tersedia dan cukup memadai saat hari biasa. Di sekitar lokasi juga ada penjual makanan dan minuman ringan, jadi tdk perlu khawatir kalau lapar atau haus.
Secara keseluruhan, Taman Wisata Puncak Bila adlh tempat yg pas untuk melepas penat tanpa harus pergi jauh. Cocok dikunjungi saat cuaca cerah agar pemandangan lebih maksimal. Dengan pengelolaan dan fasilitas yang terus ditingkatkan, tempat ini punya potensi jadi salah satu destinasi favorit di Sidrap. Baarakallahu fiikum"
ChIJfUgFF0fTlS0RKt6lCc9jIjw,Rosita Abnur,5.0,3 bulan lalu,"Kami yang suka berkunjung ke tempat wisata selain hari Sabtu, Ahad sangat merekomendasikan Taman Wisata Puncak Bila Sidrap.
Kami berkunjung pada hari Rabu dan MasyaAllah anak kami puas berenang di kolamnya
Meski hanya beberapa wahana yang beroperasi tapi bagi kami ketenangan menikmati lokasi wisata itu point pentingnya
Moga semakin berkembang dan tetap menjaga keasrian tempatnya. Jagalah pohon"
ChIJfUgFF0fTlS0RKt6lCc9jIjw,Andi Faradilla Hakim,2.0,4 bulan lalu,"Luas skali lahanya.. sebenarnya berpotensi jd tmpat wisata yg besar dan ramai seandainy dilengkapi dengan kebun binatang mini, atau flying fox utk anak dan dewasa bs juga diupgrade ada tmpat campingnya spy seru.. sy dtg di hr jumat ga bs naik bebek2 krn katanya hbs sholat jumat bru buka loket bebek2nya 🫣 kamar mandinya jg tdk terawat. Toko2 penjual makanan dan mnuman hanya 1 yg buka dan hanya jual mnuman instan dan kopi instan sm indomie atau popmie saja."
ChIJfUgFF0fTlS0RKt6lCc9jIjw,heri anto,5.0,11 bulan lalu,"datang wktu hari sabtu tiket masuk kena 30rb/orang.. anak umur 3 tahun kebawah tidak bayar tiket. tempat parkir luas. biaya parkir mobil 10rb..  tempatnya lumayan bagus untuk liburan keluarga..ada kolam renang untk anak dan dewasa bisa berenang sepuasnya, ada tempat seluncur, juga bisa sewa pelampung. gasebo gratis. bnyak penjual makanan(kuliner),,tempat lumayan luas dan byk spot buat foto2.  butuh effort buat ke spot2 tersebut karna terpisah pisah.. bisa sewa bebek2 dan motor offroad.. yg bingung cari tempat liburan keluarga, boleh cobain kesini"
ChIJfUgFF0fTlS0RKt6lCc9jIjw,Pugalu Munawar,5.0,6 bulan lalu,"Camper Van disini sangat pas ,air listrik,food court,Kolam renang ,rekreasi,dan banyak lagi"
ChIJfUgFF0fTlS0RKt6lCc9jIjw,Rizky Nur Salam,4.0,setahun lalu,"Tempatnya nyaman, indah, sejuk, dan mempunyai banyak gazebo untuk di pakai istirahat. Ada juga permandian atau waterboom yang bagus, dan juga aman untuk anak². Ada juga permainan permainan yang seru seperti bebek², flying fox, motor ATV dan lain-lain. Harga tiket permainan kisaran 20rb saja. Ada juga Villa yang bagus dan nyaman, ada juga danau yang penuh dengan ikan ikan yang dapat di beri makan sambil naik bebek². Tempat ini juga punya banyak spot foto yang bagus, ada juga kantin untuk membeli cemilan dan makanan. Ada juga toko souvenir yang bagus dan bersih. Tempat ini juga menyediakan mushola dan Tempat wudhu yang bagus. Kamar mandi nya juga bersih dan nyaman"
ChIJfUgFF0fTlS0RKt6lCc9jIjw,Ayu Andira (Sosmed),5.0,10 bulan lalu,"Nda pernah bosan kesini,luas,asri,view cantik,bnyk wahana,bnyk spot foto,bersantai bersama keluarga maupun pasangan juga bisa"
ChIJfUgFF0fTlS0RKt6lCc9jIjw,mulfiah anto,5.0,4 bulan lalu,"Pelayanan ramah,welcome,tempat wisata nya sangat bagus bxk wahana nya dan sangat berdih pokok nya mantapp alakoooo"
ChIJfUgFF0fTlS0RKt6lCc9jIjw,nurfaaidah firman,5.0,setahun lalu,"Tempat liburan keluarga yang menyenangkan. Tempatnya luas, tempat parkir banyak. Cocok untuk liburan rombongan. Akses jalan juga bagus, mobil bus bisa masuk. Ada biaya tiket masuk (untuk kendaraan dan orang, tapi maaf terlupa difoto)
Ada penjual dagangan tapi tamu tetap diizinkan buat bawa makanan dari luar. Kalau wisata rombongan, paling enak bawa makanan rumahan untuk dimakan rame-rame. Disana juga disediakan banyak gazebo untuk tempat beristirahat.
Fasilitasnya banyak, mushollah, kolam renang, banyak tempat main untuk dewasa dan anak-anak (dalam pengawasan).
Ada penginapannya juga, jadi buat yg datang dari jauh dan ingin menginap juga recommended. Penginapannya lengkap tinggal bawa barang aja. Nilai plus nya lagi, disini banyak spot foto, walaupun harus capek jalan sana sini karena lokasinya luas dan penataannya berjarak dari spot satu ke spot yg lain."
ChIJfUgFF0fTlS0RKt6lCc9jIjw,Aidil Akbar,4.0,4 tahun lalu,"Bagus buat tempat rekreasi keluarga, ada beberapa wahana bermain, meskipun ukuran kolam renang masih kurang luas buat saya dan kurang cocok buat orang dewasa. Tapi untuk hot spot pemotretan cocok lah buat dibikin story sosmed. Lahan parkir luas. Semoga semakin berkembang dan makin bertambah wahana bermainnya."
ChIJ_zAZS3e3iy0RJjEZ24sBBqY,SOLO ROAMER,4.0,9 bulan lalu,"Pantai Tanjung Karang, Surga Bawah Laut di Donggala

Untuk mencapainya, diperlukan waktu sekitar satu jam perjalanan darat dari Kota Palu, ibu kota Provinsi Sulawesi Tengah, dengan jarak sekitar 40 km.

Dengan 17 gugus karang yang memesona dan spot snorkeling yang menakjubkan, pantai di Donggala, Sulawesi Tengah ini menyajikan pengalaman bawah laut yang tak terlupakan.

Sebagian besar wilayah perairan Indonesia memang dikenal akan pesona bawah lautnya yang telah tersohor hingga ke mancanegara. Gugusan terumbu karang yang indah dan keanekaragaman biota laut di perairan Indonesia mampu mengundang decak kagum bagi siapa saja yang menyaksikannya. Tak heran, banyak spot penyelaman yang tersebar di berbagai wilayah Indonesia menjadi tujuan utama para pecinta dunia bawah laut, salah satunya adalah Pantai Tanjung Karang di Kabupaten Donggala, Sulawesi Tengah, yang menawarkan panorama bawah laut yang memukau.

Pantai Tanjung Karang menyimpan pesona tersendiri bagi para penyelam yang haus akan keindahan bawah laut. Untuk mencapainya, diperlukan waktu sekitar satu jam perjalanan darat dari Kota Palu, ibu kota Provinsi Sulawesi Tengah, dengan jarak sekitar 40 km. Setibanya di sana, pengunjung akan disambut oleh hamparan pasir putih yang lembut dan air laut yang jernih. Pantai ini menjadi pilihan tepat untuk berlibur dan bersantai bersama keluarga. Fasilitas berupa bilik-bilik di tepi pantai yang disediakan oleh pengelola turut menambah kenyamanan pengunjung saat menikmati suasana pantai."
ChIJ_zAZS3e3iy0RJjEZ24sBBqY,Hanifa Fauziyya Widaryadi,5.0,setahun lalu,"Pantai dengan air jernih, terdapat beberapa kegiatan yang bisa dilakukan seperti naik banana boat dan snorkeling.
Terumbu karang yang masih terjaga dan suasana alam yang asri menambah keindahan pantai ini
sangat cocok dikunjungi bersama keluarga dan orang tercinta"
ChIJ_zAZS3e3iy0RJjEZ24sBBqY,Yurisha Ramadhani,5.0,setahun lalu,"Bagus banget, view pantainya cantik bangett 😍 pantai nya Bersih, Pasir Putih, tersedia juga masuk gratis. Harga sewa Gazebo termasuk Murah. recomended!!
Cocok banget Kalau liburan bersama keluarga Dan teman2, bisa naik banana boat dll, bisa snorkling melihat keindahan terumbu Karang dan ikan yang cantik2 di dalam laut. asri dan bersihhh😍😍"
ChIJ_zAZS3e3iy0RJjEZ24sBBqY,Robby Wardana,5.0,3 tahun lalu,"Jarak tempuh dari Kota Palu kurang lebih 1 jam perjalanan darat, salah satu wisata andalan di Kota Donggala.

Pantainya berpasir putih, airnya biru tosca jernih dan dangkal, ombak kecil dan aman untuk berenang anak2, jauh dari teritori buaya muara tapi tetap waspada. Alangkah baiknya Pemda dan masyarakat setempat bisa mengelola pantai ini dengan baik karena potensi untuk menarik wisatawan lokal maupun asing sangat besar.

Diharapkan pula pengunjung agar membantu perekonomian masyarakat sekitar dengan membeli jajanan atau menyewa peralatan selam dan kapal keliling nya."
ChIJ_zAZS3e3iy0RJjEZ24sBBqY,Asti Pinarti,5.0,2 tahun lalu,"Pantainya berpasir putih, dengan bibir pantai yg landai dan panjang, jadi enak  buat jalan dan main2 pasir. Keren banget sih ini, kyk bukan di donggala. Kalo ke palu dan sekitarnya, wajib banget mampir ksini dan minum kelapa muda. Di kawasan pantai udah banyak kafe2 yg estetik, enak bgt buat nongkrong berlama2 :))"
ChIJ_zAZS3e3iy0RJjEZ24sBBqY,G.M. Lucki Junursyah,5.0,setahun lalu,Pantai yang memiliki suasana dan alsm yang indah. Makin meriah jika kita coba wahana bananna boat yang memberikan pengalaman tak terlupakan selain snorkeling
ChIJ_zAZS3e3iy0RJjEZ24sBBqY,Tia Julianti,5.0,3 tahun lalu,"Akses : sekitar 1 jam dari Palu melewati jalan aspal mulus ga banyak hambatan. Tapi kalo naik motor wajib pake kacamata atau penutup helm krn jalan menuju kesana banyak penambangan pasir
HTM : parkir 5k
Fasilitas : sewa gazebo 50k, hampar tikar 30k, banyak penginapan di sekitar pantai, pelampung 20k, naik kapal keliling 80k (tidak ada kaca tembus underwater), banana boat, air bilas 5k per ember, ada rumah makan, dan toko makanan ringan, gak lengkap kalo ga makan durian palu, 50k dapat 3 buah.
View : airnya bening bgt dan biru, view gunung juga. Hampir seharian kami menghabiskan waktu disini sampe kulit makin gelap😅"
ChIJ_zAZS3e3iy0RJjEZ24sBBqY,Norman Marantika,4.0,6 tahun lalu,"Pantainya bagus banget, pasirnya putih banget dan sangat halus. Aksesnya mudah sekali dan jalanan menuju lokasi sdh bagus. Banyak tersedia bungalow2 yg bisa disewa cukup utk keluarga. Banyak penjual makanan khas dan kelapa. Mobil bisa masuk sampai di bibir pantai. Sayangnya masih cukup banyak yg buang sampah sembarangan. Ada tempat yg khusus menyewakan alat2 buat snorkling dan posisinya sebelum pintu masuk ke tanjung karang."
ChIJ_zAZS3e3iy0RJjEZ24sBBqY,Chandra Aditiya Darmawan,5.0,5 tahun lalu,Menuju kesini kurang lebih 1jam perjalanan darat dari kota Palu pantainya masi sangat bersih saya saran kan untuk snorkling disini biota laut nya karang dan juga ikan nya masi sangat bagus istimewa sekali kekayaan alam bawah laut nya
ChIJ_zAZS3e3iy0RJjEZ24sBBqY,Tya Ningrum,4.0,8 tahun lalu,"Pantai yang sangat indah pemandangannya,  airnya jernih,  pasirnya putih dan lembut, dg terumbu karang yg indah.. Tersedia perahu wisata,  banana boat jg. Pokoknya destinasi wisata yang tdk boleh terlewatkan saat anda traveling ke sulawesi tengah.."
ChIJS88mueNZvi0RMLB7fmKL6Kk,Aryan Muhaimin Saputra,5.0,10 bulan lalu,"Tempatnya bagus, mungkin karena saya datang disaat subur dan tidak ada genangan airnya. Waktu datang saat lagi tumbuh padinya. Biaya perahu, makan, dan loket relatif terjangkau. Waktu saya datang juga pas weekdays, jadi sepi bisa menikmati lebih leluasa. Buat yang suka jalan sambil melihat pemandangan sawah dan batuan karts tidak bisa didapatkan ditempat lain. Ada juga tempat yang mau nyoba hicking ke gua yang lebih ekstrem disebelah barat."
ChIJS88mueNZvi0RMLB7fmKL6Kk,lena manaloe,5.0,7 bulan lalu,"Pemandangannya luar biasa, utk yg solo travelling dan ga terbatas waktu, bisa joinan dengan yang lain sùpaya harga lebih hemat..Hanya saja kekurangannya ga bs diburu2 dan harus saling mengerti utk menunggu dan ditunggu.."
ChIJS88mueNZvi0RMLB7fmKL6Kk,Farah Qonitah,5.0,setahun lalu,"Dermaga dua ada parkirannya, kalau lagi sepi enak dapat parkiran dekat dermaga.  Kamar mandi enak di yang dermaga, jangan di luar karena sepertinya kurang terawat. Menurut saya harga naik kapal cukup terjangkau yaa karena kita dapet pemandangan cantik dan bisa  menikmati sungai dengan santai. Masuk ke desa rammang-rammang beda harga lagi, tapi muraah cuma 7ribu. Nanti kapalnya bisa menunggu kita selama berjalan-jalan ke desa, ga takut ditinggal. Di dermaga banyak info yang menarik juga."
ChIJS88mueNZvi0RMLB7fmKL6Kk,ken eka fitriah,5.0,7 bulan lalu,"Kunjungan ke dua kami ke ramang ramang dan kami mencoba untuk melalui dermaga 2. Senang karena disini tarifnya sudah sangat jelas dan informatif. Kebetulan kami bertemu dengan pihak kepolisian yang sedang melakukan pemeriksaan (rutin) ke tempat tempat wisata untuk melakukan pengecekan peralatan keselamatan dan kelayakan dari perahu perahu yang ada di Dermaga 2 ini. Semoga pengelola dan warga di Ramang-ramang semakin menjaga komitmen nya untuk memberikan pelayanan yang terbaik.

Untuk harga sewa harga sudah tertera lengkap, dan saat masuk ke Desa Ramang-ramang biayanya sekitar 6k per orang"
ChIJS88mueNZvi0RMLB7fmKL6Kk,Jovi Nainggolan,5.0,7 bulan lalu,"Dermaganya kokoh karena sempat bikin kegiatan forum desa wisata di sini, yang memuat +-60 orang, ditambah dengan pengalaman geopark yang menawan"
ChIJS88mueNZvi0RMLB7fmKL6Kk,Ayu Ashari,4.0,setahun lalu,"Biaya sewa perahu ke Desa Rammang-Rammang utk 1-4 org 200rb, utk 5-8 org lupa brp biayanya tapi utk pre wedding 350rb. Utk biaya masuk di Desa Rammang-Rammang 7rb/org dan kalau ingin masuk ke goa dikenakan biaya 5rb/goa. Tempatnya bagus cocok utk refreshing dan berfoto."
ChIJS88mueNZvi0RMLB7fmKL6Kk,Satria Marcelino,5.0,7 tahun lalu,"Selama saya berkunjung ke makassar, tempat ini adalah tempat terbaik untuk dikunjungi. Letaknya di Kabupaten Maros, kurang lebih menempuh 1 jam perjalanan dari Kota Makassar. Saya menempuh perjalanan menggunakan motor. Ketika tiba di sana kita akan disambut dengan persimpangan dermaga dua, dan di depannya dermaga satu, saya naik dari dermaga satu. Jangan khawatir soal jalanan karena jalanannya sudah bagus dan rata. Tarifnya berbeda tergantung jumlah rombongan, jika 1-4 orang akan dikenakan tarif Rp 200.000 dan saya jamin akan sepadan dengan apa yang kita dapatkan nanti. Kita akan dipersilahkan naik perahu dan mulai melaju ke satu persatu spot pemberhentian. Ohiya, saya juga berkunjung ke gua kunang kunang dan perlu diketahui itu di luar tarif awal jadi seikhlasnya kita bisa memberi lebih untuk tour guide kita. Pertama saya diantar menuju susunan batu yang unik yang bernama kars, sangat unik berbagai bentuk khas dari kars. Meskipun hujan, saya tetap semangat menjajal bebatuan hanya untuk berfoto. Kita juga bisa meminta tour guide untuk mengambil foto kita. Setelah itu saya diantar menuju gua kunang kunang, dengan jalur perahu yang agak sempit semakin menambah suasana petualangan saya. Gua kunang kunang bagi saya merupakan spot terbaik di rammang rammang. Di sana akan disuguhkan dengan bebatuan stalaktit dan stalakmit yang memantulkan cahaya ketika disenter, medan terbilang sulit, jadi mesti hati2. Sebelum naik kita bisa menyewa senter di kepala, beri saja seikhlasnya kepada penjaga yang ada di sana, penjaganya sudah tua. Setelah dari gua kunang kunang, saya menuju ke cafe rammang rammang untuk beristirahat sejenak dan juga sholat dzuhur. Di cafe rammang rammang ada rumah yang bentuknya unik dan hamparan sawah yang cantik. Spot terakhir yang saya kunjungi adalah dermaga tiga dimana ada tiga spot di sana, yaitu situs pasaung, gua berlian dan puncak ammarang. Situs pasaung ada batu wajah kingkong, di gua berlian ada batu gajah dan juga ada legenda menyebutkan dulu itu adalah karang dan gua itu ada di dalam laut, di gua berlian juga ada ""lantai dua"" yang sempit dan mohon maaf untuk yang memiliki badan ""extra"" tidak bisa naik ke lantai dua karena medan sempit dan terlalu berat. Lalu ada puncak ammarang atau padang ammarang, di atas sana bisa melihat hamparan bukit kars dan hijaunya sawah serta pepohonan. Ada juga mata air di puncak ammarang, tetapi kita tidak diperkenankan untuk mandi ataupun mencuci kaki di sana. Setelah semuanya saya kunjungi, saya pulang dengan membawa perasaan bahagia dan puas. Perjalanan yang saya tempuh dari awal hingga akhir sekitar 5 jam hanya untuk mengelilingi rammang rammang. Semoga kalian dapat berkunjung ke sana juga yaa."
ChIJS88mueNZvi0RMLB7fmKL6Kk,Iin Suwarning,5.0,2 bulan lalu,masya Allaah tempat yang sangat indah . berasa ilang semua penat. yang bikin aku nangis ciptaan Allaah luar biasa. ini salah satu kawasan yang dilindungi unesco. ada desa yang cantik setelah bisa kita capai dengan kapal.
ChIJS88mueNZvi0RMLB7fmKL6Kk,azmieti sinta,4.0,7 tahun lalu,"Suasana terasa sama dengan vietnam atau thailand. Objek wisata rawa dan sungai, dimana wisatawan naik perahu sepanjang sungai yang  dikelilingi dengan tumbuhan rawa sejenis pohon rembiga dan akar bahar. Melihat pemandangan bukit hijau dan batu karang yang terbentuk menahun terkikis air. Melihat hamparan sawah dan gua gua yang terbentuk di perbukitan. Minum air kelapa muda yang dikupas langsung oleh penjual dan gorengan dengan sambal yang nikmat, sambil melihat keindahan ciptaan Tuhan. Satu hal, bila ke sana siang hari, terik matahari cukup menyengat. Berangkatlah pagi atau ke sana sekalian di sore hari. Untuk fasilitas, menurut saya masih minimalis, perlu ditingkatkan oleh Pemda."
ChIJS88mueNZvi0RMLB7fmKL6Kk,Ranny Ika,4.0,2 tahun lalu,"Datang kesini dengan mobil dari kota, jalanan sempit untuk simpangan namun banyak terlihat rumah adat tradisional
Pemandangan lumayan
Tidak naik perahu karena datang siang dan panas sekali, kalau mau naik rombongan 4 orang 200k
Untuk makanan (jajanan) mungkin bisa ditingkatkan karena kurang menarik"
ChIJwxSKvZR2pC0RIdxNZRz0wqU,Laode Septer,5.0,sebulan lalu,"Pagi di Pantai Kamali selalu punya cerita yang berbeda.
Langkah demi langkah kaki menyusuri tepi laut, ditemani angin yang berhembus pelan dan suara ombak yang tak pernah berhenti.

Lari di sini bukan hanya soal olahraga atau mengejar jarak, tapi juga tentang menikmati setiap detik perjalanan. Melihat laut yang luas, langit yang perlahan berubah warna, dan suasana yang membuat pikiran terasa lebih ringan.

Kadang kita terlalu sibuk mengejar banyak hal dalam hidup, sampai lupa memberi waktu untuk diri sendiri. Tapi pagi ini di Pantai Kamali mengingatkan bahwa kebahagiaan bisa sesederhana berlari, menghirup udara segar, dan menikmati pemandangan laut yang menenangkan.

Karena pada akhirnya, bukan hanya tujuan yang penting, tapi perjalanan yang kita nikmati di setiap langkahnya. 🌊🏃‍♂️"
ChIJwxSKvZR2pC0RIdxNZRz0wqU,Muhamad Habibi,5.0,3 bulan lalu,"Pantai yang terletak di Kota Baubau. Dekat dengan pelabuhan Murhum, Baubau. Pantai ini satu lokasi dengan patung kepala Naga. Kalau pagi bisa untuk aktivitas jogging, lari maupun olahraga lainnya.. Kalau malam, ada pasar malam di area Pantai Kamali ini. Depan Pantai banyak hotel seperti Bravo hotel, callista hotel maupun penginapan lainnya. Dan aneka jual makanan an, seperti KFC, sate Madura Dan masakan padang."
ChIJwxSKvZR2pC0RIdxNZRz0wqU,antung rj,4.0,7 bulan lalu,"View pantai ok secara Indonesia Timur pantai dan air so pasti jernih. Hanya sampah lumayan banyak, pengaturan pedagang kaki 5 kurang rapi. Tata letak pantai sebaiknya dibenahi libatkan arsitek agar ruang dapat dimaksimalkan dan area publik lebih nyaman lagi pemanfaatannya untuk warga sekitar"
ChIJwxSKvZR2pC0RIdxNZRz0wqU,Nicki Oksibil,5.0,9 bulan lalu,Sy terkesan dgn kebersihan Pantai dn aliran sungai kecil di sblah sisi Pantai Kamali.. saat Sy transit dgn KM Ciremai dri Jakarta tujuan Jayapura.. cm desain lantai bangun di tulisan Kamali kurang penyangga dgn tangga.. akhirnya repot jg saat naik ke lantai itu.. tpi dri Keindahan Pantai dgn psona pelabuhannya yg tertip Ok nd Keren.. smoga bs balik lagi ke Bau2..
ChIJwxSKvZR2pC0RIdxNZRz0wqU,Nabil Fayyadh K,5.0,2 tahun lalu,"Pantai yang indah di pagi hari dan ramai dimalam hari, bersih dan juga ada banyak wahana permainan anak, saat malam berjejer penjual makanan dan minuman dingin dan hangat, juga banyak pedagang yang menjajakan barang unik seperti gelang dari akar bahar, aksesoris HP dan mainan anak anak"
ChIJwxSKvZR2pC0RIdxNZRz0wqU,vsya trisna rasyid,4.0,2 bulan lalu,"Pantai Kamali nyaman dikunjungi saat malam. Suasananya ramai dan menyenangkan, cocok untuk bermain santai seperti bersepeda kecil. Banyak jajanan dan area terbuka untuk bersantai."
ChIJwxSKvZR2pC0RIdxNZRz0wqU,Muhammad Anjas,5.0,5 bulan lalu,Tempatnya sangat bagus untuk istirahat sambil menikmati angin
ChIJwxSKvZR2pC0RIdxNZRz0wqU,Kamarudin,3.0,Diedit setahun lalu,"Sebagai Ruang Publik, saat ini sedang dalam proses renovasi dan revitalisasi agar menjadi lebih baik, bersih dan terawat.. Kedepannya, Pantai Kamali diharapkan menjadi tempat berkumpul dan interaksi sosial serta menjadi pusat aktivitas ekonimi juga dapat mendorong pariwisata di kota Baubau"
ChIJwxSKvZR2pC0RIdxNZRz0wqU,Muhammad Arief Sagita,5.0,4 tahun lalu,"Suasana pagi di Pantai Kamali, ada patung kepala naga 🐲, bisa lihat aktivitas kapal di pelabuhan bau-bau. Ada seluncuran/prosotan besi, tp kondisi sudah kurang baik …"
ChIJwxSKvZR2pC0RIdxNZRz0wqU,Siswo Pranoto,5.0,4 tahun lalu,"Ada patung kepala naga
Ramai kalau malam karena banyak penjual dan pembeli
Sangat asyik
Ramai
Banyak penjual
Penginapan pun banyak tinggal milih sesuai kemampuan
Tempat makan juga banyak tinggal milih sesuai kemampuan dan selera
Ada kfc juga disini"
ChIJq6qqqp7uiy0RknmYlgR32uM,sri susanti,5.0,4 tahun lalu,"Banyak tumbuhan kaktuk berukuran besar, banyak spot-spot foto yg cukup menarik. Para fotografer juga selalu siap siaga menerima jasa foto lewat kamera.
Lebih baik datang pagi deh. Biar gratis foto disemua tempat🤭 cocok juga buat menikmati pagi disini. …"
ChIJq6qqqp7uiy0RknmYlgR32uM,Cucuk Purnama,4.0,setahun lalu,"Taman hutan kota ini banyak fasilitas olahraga seperti panahan, track jogging, lapangan basket, scater dll hanya saja sangat disayangkan tidak terawat jdi kesannya seperti tempat terbengkalai, semoga bisa dibenahi dan hidup kmbali, prefer buat klean yg mau olahraga disini hrus sedia air mineral atau cemilan sndiri, krna disini tidak ada orang berjualan"
ChIJq6qqqp7uiy0RknmYlgR32uM,Mohamad Anwar,4.0,5 tahun lalu,Overall untuk kebersihalnya bisa di bilang bagus. Untuk pemandangannya masih terjaga dan tumbuhannya juga masih sehat. Recomended untuk yang ingin foto di background alam.
ChIJq6qqqp7uiy0RknmYlgR32uM,Arini Pertiwi,4.0,7 tahun lalu,Semoga kebersihanx ttap terjaga cz kemarin (2/4/19) udah mulai banyak sampah berserakan. Padahal udah ada t4 sampah disediakan tp msi ajah dibuang sembarangan. Bikin rusak spot poto ajah 😌 …
ChIJq6qqqp7uiy0RknmYlgR32uM,Mirza Achmad,4.0,5 tahun lalu,Tempat yang sangat bagus hanya perlu dikembangkan lagi dan tolong d perhatikan kebersihannya karena mulai banyak sampah berserakan
ChIJq6qqqp7uiy0RknmYlgR32uM,Macha,5.0,Diedit 3 tahun lalu,"Area taman hutan kota ini cukup luas dan ada juga fasilitas umum lainnya seperti tempat parkir yg luas, toilet, tempat kuliner, tempat olahraga dan pasar durian"
ChIJq6qqqp7uiy0RknmYlgR32uM,zet habib,4.0,3 tahun lalu,"Tempat wisata yang lumayan sih  buat jalan jalan berasama keluarga, spot spot buat foto foto juga bagus bagus, pemandangannya terasa kayak diluar negeri,kayak negeri ginseng gitu eheheh, tapi sayangnya penjual makanannya masih kurang memadai dan bervariasi, dan paling parah sarana prasaran untuk tolietnya masih kurang sekali, masih belum terlalu diperhatikan, kasian pengunjung yang datang kalau kebelet, kalau saya pribadi datang paling cuman foto2,,, eheheh"
ChIJq6qqqp7uiy0RknmYlgR32uM,Listy,5.0,Diedit 6 tahun lalu,"Wisata yg cukup terkenal dan dekat dari pusat kota dan sangat rekomen buat para photographer utk mencari spot photo yg kece dan menyata dengan alam. Satu lagi, dihutan kota, kalian para pencinta korea bisa juga lo menyewa baju ala ala korea disana"
ChIJq6qqqp7uiy0RknmYlgR32uM,Bhakti Baso,5.0,3 tahun lalu,"Salah Satu Spot Gue nii Buat menyendiri Kalau Bulan Purnama ,.Tapi yang sangat Sya sayangkan itu org yang engga punya otak buang sampah seenak udelnya, Come on buat kakak""/adik"" Yang nongkrong di hutan kota Buang sampah pada tempatnya, kalau engga ada tempat sampah, sampahnya kan bisa di bawah pulang 🙂 …"
ChIJq6qqqp7uiy0RknmYlgR32uM,Novitha Justicia,5.0,3 tahun lalu,"Tempat yg bagus untuk latihan fisik, seperti yg dilakukan anak² Taekwondo Sulu Family (TSF) ini.. 🔥🔥🔥🥋🥋🥋 apalagi kena pas sunset kereeeen abiiiis 🥳🥳🥳 …"
ChIJsZH6nHiXvi0RUJMr73SVNJM,ilman ilman,5.0,3 bulan lalu,"Tempat wisata yang sangat keren di Malino. Tidak sia sia perjalanan yang penuh penderitaan, 3 jam Makassar-Malino, salip menyalip dengan truk material, melewati jalan jalan berlubang bekas perang dunia kedua.
Lokasi Sierra Sky View sebetulnya tidak pas di pusat wisata Malino, tapi masih sekitar 20-30 menit setelah Kota Malino dari arah Makassar.
Tempatnya di ketinggian sehingga cuaca selalu dingin terutama saat mending, hujan, atau di pagi dan sore hari. Disarankan untuk membawa jacket jika ingin ke sana.
View sekeliling indah sekali berupa lembah Malino yang didominasi kebun sayur dan strawberry.
Ohya, sepertinya di sore hari sering sekali berkabut sehingga suasana sekeliling tidak terlihat, tertutup kabut.
Isi tempat wisata dominan spot spot foto saja. Terdapat Cafe yang menyajikan snacks dan kopi. Lumayan enak-enak sih.
Untuk masuk terdapat fee untuk parkir dan fee untuk masuk ke kompleks wisata."
ChIJsZH6nHiXvi0RUJMr73SVNJM,Muh. Aldy Febrian,5.0,2 bulan lalu,"Tempat bagus , berangkatnya agak kesiangan karena tuan putri lambat bangun kayaknya dia capek kerja hehe. Tapi walau kesiangan kabutnya masih ada ges. Fasilitas umumnya juga tersedia lengkap. Ada resto dan cafenya juga dan paling penting  ada penyewaan baju korea yg emng jadi tujuan utama si manis ini . Suasananya sejuk dan pemandangannya indah"
ChIJsZH6nHiXvi0RUJMr73SVNJM,Perusak Tatanan Dunia,5.0,3 bulan lalu,"Tempatnya bagus dan terawat. Kebersihannya juga terjaga.. Harga jajanan/snack di tempat ini juga cukup terjangkau (es potong yang saya beli sekitar 15k).

Banyak spot foto yang menarik, ada juga tempat kita bisa menyewa baju khas Jepang/Korea.

Tiket masuk untuk dewasa (diatas 11 tahun) harganya 25k"
ChIJsZH6nHiXvi0RUJMr73SVNJM,PrayForAll,4.0,3 bulan lalu,"Menarik untuk keluarga. Tersedia cafe, kereta api mini dan masjid. Saran untuk pengelola sebaiknya mengganti ubin lantai bagian luar karena licin saat basah. Berbahaya bagi orangtua dan ansk-anak. Beberapa spot tidak terpasang tralis pengaman sangat berbahaya"
ChIJsZH6nHiXvi0RUJMr73SVNJM,Hanya Jarno,5.0,4 bulan lalu,Pokonoooo bintang 5. Suka banget sumpah. Puas sekali nikmati semua view dan juga restonya OK sih bagi saya. Banyak banget iconik negara luar. Hanya pada saat disini hujan bet. Mana dingin sekali mirip lembang. Biaya masuk lupa tpi murah kmren. Dan luas sekali.
ChIJsZH6nHiXvi0RUJMr73SVNJM,Miftahul jannah,5.0,6 bulan lalu,rekomendasi bgt sih untuk berkunjung bersama keluarga di suguhiii dengan pemandangan sunset yg gak pernah gagal serta nuansa bertema negara asia keren bgt sih untuk liburan akhir pekan bersama keluarga atau teman. dengan harga tiket 25/orang ya
ChIJsZH6nHiXvi0RUJMr73SVNJM,Ramat As,4.0,4 bulan lalu,"✅Jalan menuju lokasi bagus
✅Bersih
✅View perfect
✅Makan, minum, ngemil sambil nongkrong
⚠️Bawa jacket
⚠️Terdapat musala tapi cukup kecil dan tidak ada tirai pembatas antara pria dan wanita
⚠️Saat saya berkunjung air pada beberapa toilet teradang tidak tersedia/mengalir
⚠️Hati-hati karena lokasinya berada di ketinggian lantai mudah basah/lembab/licin, beberapa jalan tangga tidak memakai tegel antislip, berbahaya untuk anak-anak yang senang larilari."
ChIJsZH6nHiXvi0RUJMr73SVNJM,Suhardi 23,5.0,5 bulan lalu,"Beh mantap tawwa Sierra, Viewnya apalagi hampir mi nasaingi puncak Bogor ini,, andalanku skali ini tempat kalau untuk daerah Malino, pokoknya yg mau naik diketinggian kesini mi, 1667 MDPL behh🔥🔥🔥 sangat rekomendasi, cukssmi"
ChIJsZH6nHiXvi0RUJMr73SVNJM,Dewiwardhana Wardhana,5.0,5 bulan lalu,"Tiket masuk 25k, bisa sewa kostum korea juga 50k pemandangan indah dan bebas foto sepuasnya, kecualin di jembatan kaca , bayar 10k dan nanti difotokan oleh mas penjaga"
ChIJsZH6nHiXvi0RUJMr73SVNJM,Syafiq,5.0,5 bulan lalu,"worth it banget buat kesini, banyak spot foto"" nya👍 tempatnya dingin banget dan kebetulan pas ku datang itu lagi mendung jadi tidak terlalu panas dan tidak hujan juga"
ChIJracGux4rfzIRL3lNYvB7IG4,Gunawan Satyakusuma,4.0,6 bulan lalu,"Wisata Hiu Botubarani di Gorontalo keren banget! Bisa snorkeling sambil lihat hiu paus jinak dari dekat di laut yang jernih. Warga lokal ramah, ada perahu untuk pengunjung, suasananya tenang. Cocok buat pecinta alam & fotografi laut. Pengalaman seru yang sulit dilupakan!"
ChIJracGux4rfzIRL3lNYvB7IG4,Joko Purnama,4.0,6 bulan lalu,"Beberapa kali kesini baru hari ini melihat Hiu Paus nya. Pengelolaannya semakin baik tapi masih kurang tertib dan kurang rapi, semoga bisa lebih ditingkatkan lagi. Dari awal kesini yang masih sepi, sekarang fasilitas nya sudah bertambah. Semoga Hiu Paus nya tidak bosan dan semakin manja meminta dikasih makan, biar tidak kehilangan kebinatangannya."
ChIJFf-XO6XrmC0RuTfQ5etrJvY,Rahmad Makati,3.0,3 bulan lalu,"Akses ke pulau harus menggunakan kapal dengan biaya perkepala 25k

Pemandangan alamnya indah banyak pepohonan tapi masih ada beberapa sampah di pinggir pantai. Di sisi lain pantainya banyak bulu babi jadi kurang aman untuk berenang.

air bersihnya agak susah.

Tersedia penyewaan villa, gazebo dan tikar. Untuk penyewaan gazebo di harga 200rb, sementara untuk tikar 50rb. Tersedia beberapa warung di sekitar pulau bokori, wahana air seperti banana boat dan donat terbang."
ChIJFf-XO6XrmC0RuTfQ5etrJvY,Marwah Kunoichi,4.0,setahun lalu,"Pertama kali ke Pulau Bokori. Butuh sekitar 5 menit naik perahu untuk sampai ke pulau bokori. Sewa perahu PP ke pulau bokori 25rb/orang, untuk parkir kendaraan roda 4 10rb.

Pemandangan alamnya indah banyak pepohonan tapi masih ada beberapa sampah di pinggir pantai. Di sisi lain pantainya banyak bulu babi jadi kurang aman untuk berenang.

Musholanya kurang bersih, air bersihnya agak susah. Butuh setengah jam untuk pengisian air bersih dan air bersih bisa dibeli 10rb/ember.

Tersedia penyewaan villa, gazebo dan tikar. Untuk penyewaan gazebo di harga 200rb, sementara untuk tikar 50rb. Tersedia beberapa warung di sekitar pulau bokori, wahana air seperti banana boat dan donat terbang."
ChIJFf-XO6XrmC0RuTfQ5etrJvY,Izora Selpaguz,4.0,setahun lalu,"Bersih, ada pantai untuk berenang, ada mushola, villa, water sports dan yang dagang juga banyak..
Cocok untuk refresing dan tidak jauh dari daratan (15 menit naik perahu ketinting)"
ChIJFf-XO6XrmC0RuTfQ5etrJvY,Wahyu Timbul,5.0,setahun lalu,"Pulau wisata terdekat dari Kendari, +/- 20 menit dari kota Kendari.

Biaya menyeberang cukup murah, 20rb sudah PP dari daratan desa Bokori.

Di pulau ini ada beberapa villa berupa rumah maupun rumah panggung.

Ombak, hampir tidak ada, airnya sangat tenang dan jernih. Pasirnya putih dan banyak bulu babi di perairannya."
ChIJFf-XO6XrmC0RuTfQ5etrJvY,Rani Hastari,5.0,4 bulan lalu,"Tempatnya bagus, lebih bagus lagi kalo diurus kembali oleh pejabat setempat. Sayang banget kalo dibiarin terbengkalai."
ChIJFf-XO6XrmC0RuTfQ5etrJvY,Ipunk Purwanto,5.0,11 bulan lalu,Cantik tempatnya dengan air jernih dan ombak yang tidak kuat. Suasana bersih dan asri. Disediakan tempat menginap
ChIJFf-XO6XrmC0RuTfQ5etrJvY,EAR,5.0,setahun lalu,"Pulau yang Indah dan sangat dekat dr kota Kendari, penyebrangan naik perahu nelayan setempat harga murah, dan untuk di Pulau biaya masuk 5rb, dan ada villa dan toilet umum. Tolong di jaga kebersihan dan fasilitas nya di rawat."
ChIJFf-XO6XrmC0RuTfQ5etrJvY,Sering Jalan,5.0,7 tahun lalu,"Pernah mendengar Pulau Bokori ? Nah bila kalian berkunjung ke Kendari Ibu Kota Provinsi Sulawesi Tenggara, jangan lupa mampir ke Pulau Bokori yakni sebuah pulau wisata yang sangat indah dan bersih dan berada tak jauh dari kota Kendari.

Pulau Bokori sebenaranya masuk kedalam wilayah kabupaten Konawe atau tepatnya berada di kecamatan Soropia. Namun banyak yang mengenalnya sebagai salah satu pulau wisata kota Kendari.

Selain menjadi pulau wisata untuk berlibur bersama keluarga, pulau Bokori juga bjsa menjadi salah satu lokasi Gethring Kantor atau perusahaan mengingat lokasinya cukup luas dan juga fasilitas yang ada sangat lengkap.

Pemerintan setempat sudah menjadikan pulau Bokori sebagai salah satu pusat rekreasi sehingga disana sudah dibangun resort, penginapan, amphiteater, area gazebo, sport zone, kantin, toilet hingga fasilitas penyebrangan yang aman.

Pemandangan yang indah dengan hamparan pasir putihnya yang luas akan membuat siapapun yang datang ke pulau Bokori betah. Apalagi pantainya yang tenang membuat kita dan keluarga bisa bermain ombak dan pasir dengan aman.

Cara menuju pulau Bokori yakni hanya melalui penyebrangan laut. Ada 3 pelabuhan penyeberangan untuk sampai di pulau Bokori, salah satunya adalah di Desa Bajoe. Desa Bajoe kini menjadi dermaga penyeberangan utama ke Bokori karena pemerintah setempat sudah membangun sebuah dermaga penyebrangan resmi yang dilengkapi pelampung dan kapal yang aman."
ChIJFf-XO6XrmC0RuTfQ5etrJvY,Herry 'rik,4.0,5 tahun lalu,"Salah satu tempat wisata pulau yang tidak jauh dari kota Kendari.Perjalanan kurang dari 1 jam menuju dermaga Bajo Indah, kemudian menyeberang menggunakan perahu sekitar 10 menit dengan biaya Rp 20.000 per orang (atau Rp 100.000 per kapal). Pulau Bokori sudah tertata rapi dan cukup terawat. Tersedia gazebo dan villa yang bisa disewa untuk berlibur di pulau ini. Kita dapat mengelilingi pulau dengan berjalan kaki melalui jalan yang sudah dibuat dengan baik. Ada beberapa spot untuk berselfie ria dengan tulisan Bokori Island di pulau ini. Pemandangan laut dan pantainya juga indah, berpasir putih.. cuma sayang toiletnya agak kurang terawat dan air sangat sedikit.."
ChIJFf-XO6XrmC0RuTfQ5etrJvY,Khalishah Ulfah,4.0,3 tahun lalu,"bagus buat wisata.. yang mau ber banana boat juga oke (bakal ditawarin)
cuma asli panas banget ☀️🥵
kalau dibawah gazebo sih ga
cuma emang kalau jam 10-1 siang
terik banget matahari nya
tapi oke kok kalau yamg rumah rumah itu not bad buat solat dan wc nya mayan bersih, airnya juga air tawar"
ChIJg-99MRtmkC0R5OI0qA7YUuc,Shania Angelica,5.0,6 bulan lalu,"Bersih dan tertata ya pantainya, cuma tolilet jauh bgt di seberang jalan dan kurang terawat :( overall mantap lah jajanan kaki lima dan pemandangannya BESTTTT"
ChIJg-99MRtmkC0R5OI0qA7YUuc,Miftahul jannah,4.0,8 bulan lalu,"wajib ketika kesini berenang, karena airnya yang super super jernih. dan datangnya sore ya biar bisa ngasem sore2 an duduk di tambah makanan gorengan panas-pnas yang ada di jual di booth-booth depan."
ChIJg-99MRtmkC0R5OI0qA7YUuc,deddy mk,5.0,setahun lalu,"Sebenarnya ini bukan pantai karena ini adalah danau bukan laut. Airnya air tawar, dan cukup tenang tanpa ombak yang terlalu besar. Pemandangan sangat indah dan kebersihan terjaga. Dari “pantai” ada sekitar 100 meter jadak ke tengah danau yang bisa dibuat berenang dengan aman, dengan ketingian dari 1 hingga 3 meter…"
ChIJg-99MRtmkC0R5OI0qA7YUuc,Kartika,5.0,9 bulan lalu,Pantai terbersih mi ini yg kuliat dri 17thn lalu pernh kesana sampe skrg tingkat bersihnya g kaleng2 jernih pake banget airnya sampe kliatan itu pasirnya keren deh suka sangatttt tempat sampah ada dmn2 pokoke top markotop tuk team pengelola pantai ide.
ChIJg-99MRtmkC0R5OI0qA7YUuc,Anditya Sudirgo,1.0,setahun lalu,"Tepi danau matano bagus sekali, sayang nya pengunjung banyak ga ada otak. Sampah di mana mana, jorok sekali. Tempat sampah banyak, tapi buang sembarangan.

Tidak ada penjaga dan first aid, banyak anak anak kecil yang main, risiko tengelam tinggi karena banyak orang tua asik main HP.

Tidak ada toilet atau ruang ganti.

Akses turun juga hanya tangga, sulit jika bawa dorongan atau stroler bayi."
ChIJg-99MRtmkC0R5OI0qA7YUuc,Makmur Jaya,5.0,setahun lalu,"Sebuah pantai yang tarletak di Kabupaten Luwu Timur yang memiliki Panorama Indah tepatnya di Danau Matano Soroako. Waktu Terbaik untuk menikmati Pantai yaitu Pagi dan Sore hari, dimana sunsrise dan sunsetnya memang sangat menawan. Fasilitas yang tersedia sudah  untuk para wisatawan. dan menjadi Ikon Wisata Kota Sorowako Luwu Timur"
ChIJg-99MRtmkC0R5OI0qA7YUuc,Alif Sidiq,5.0,3 tahun lalu,"Menjadi sebuah kenangan baik yang pertama kali menginjak tanah Sulawesi, liburan bersama keluarga yang ada di Sulawesi. Kami sekeluarga menggunakan dua mobil yang salah satunya jenis mobilnya terbuka, jadi kami yang di mobil terbuka merasakan sensasi langsung angin dan panasnya daerah Malili menuju pantai ide ini.
Untuk pemandangannya memang sangat indah, pengelolaan sampah masih bisa terjaga tersedia beberapa tong sampah yang menandakan adanya pengurusan daerah ini.
Dan yang saya sedikit membuat kaget, disini tidak di pungutan biaya masuk atau pun juru parkir yang menghadang.
Sedikit saran, disini saya belum menemukan masjid atau musholla terdekat, untuk bisa menunaikan kewajiban. Tidak terlihat pula WC atau ruang ganti terdekat.

Semoga alamnya tetap terjaga, warganya sejahtera, serta tidak ada ketimpangan sosial yang jauh."
ChIJg-99MRtmkC0R5OI0qA7YUuc,Rena Kyaa,5.0,2 tahun lalu,"Bersih, masuk tidak bayar, akses/jalan bagus. Ada kantin atau warung dengan harga wajar. Tempatnya berangin, air ada ombak kecil. Untuk berenang ada pegangan naik turun ke air, ada semacam tali pengaman agar tidak terseret ombak. Tempat yang bagus untuk jalan jalan"
ChIJg-99MRtmkC0R5OI0qA7YUuc,Rivaldo,3.0,3 bulan lalu,"Tempat wisata yg bagus namun banyak sampah sisa2 pengunjung yg berserakan tdk dibuang pada tempatnya padahal sdh disediakan tempat sampah yg bagus.
Susah emang kalo sdh karakter org2nya seperti itu🤮. JOROK......
PT Vale harusnya keluarkan aturan denda bagi siapapun yg buang sampah sembarangan disini.
07 jan 2026."
ChIJg-99MRtmkC0R5OI0qA7YUuc,Ikhwan Mahmud,5.0,2 tahun lalu,"Pantai (?) di pinggir Danau Matano. Cukup terawat dan bersih, termasuk airnya jernih sehingga cocok utk pengunjung keluarga yang ingin berenang. Nilai plusnya karena tidak ada loket untuk pembayaran tiket masuk,, alias gratis. Tukang parkir pun tidak keliatan batang hidungnya."
ChIJyXFuaaYdvy0Rhxrc_82jOog,Yayan.Aurora,5.0,3 bulan lalu,"Alhamdulillah pantainya dan lingkuangannya bersih. Gazebonya tertata rapih dan nyaman untuk bersantai bersama keluarga di akhir pekan.
Lokasi yang sangat mudah di jangkau karena terletak di wilayah sekitaran kota Makassar"
ChIJyXFuaaYdvy0Rhxrc_82jOog,RuangBermain TripleZ,4.0,Diedit 8 bulan lalu,"Biaya masuk motor Rp 5000, parkir di dalam bayar lagi Rp 5000. Mobil juga begitu tapi harga masuk dan parkirnya masing-masing Rp 10.000.
Sewa meja weekdays Rp 30.000, kalau pondok 100rb / 3 jam.

Pantainya dibersihkan berkala. Tapi kalau datang pagi-pagi sekali belum ada petugas kebersihan jadi masih banyak ranjau popok bekas dan sampah makanan, botol atau cup minuman sama banyak sekali puntung rokok.

Please ya pengunjung, bawa pulang sampah kalian masing-masing. Apalagi popok anak-anak kalian. Sayang sekali loh, Makassar punya banyak tempat wisata yang indah tapi cuma segelintir pengunjung yg bisa menjaga kebersihannya. Bukan hanya di sini saja tapi hampir di semua tempat wisata. Padahal kebersihan itu mencerminkan nilai SDMnya."
ChIJyXFuaaYdvy0Rhxrc_82jOog,Lestary Um. Ainul,4.0,7 bulan lalu,"Bismillah.. Sebenarnya saya orang Pattallassang - Gowa yang hanya baru ke sini beberapa kali saja. Soalnya jauh banget.. Tapi karena permintaan emmak saya jadi kita sini, hanya saja saya gak turun dan cuman jaga barang aja.

Pantainya ramai banget, bisa dibilang parkirnya terjangkau dari pantai-pantai di sebelahnya."
ChIJyXFuaaYdvy0Rhxrc_82jOog,Syarifa Henny Fitri Novita,4.0,5 bulan lalu,"Tempatnya bagus buat duduk2 santai sambil liat sunset😁 harga tiketnya murah, 5rb tuk motor 10rb tuk mobil👍"
ChIJyXFuaaYdvy0Rhxrc_82jOog,Amanda Poppy,4.0,5 bulan lalu,"Kotor pantainya, sebelum masuk bayar 5.000 dan itu juga parkirnya 5.000 lagi tapi masih relatif murah dibandingkan pantai tetangga."
ChIJyXFuaaYdvy0Rhxrc_82jOog,Fauzi,4.0,3 bulan lalu,"Gazebo cukup banyak, penjual makanan/cemilan banyak. Semoga bisa dipertahankan dan ditingkatkan lagi masalah kebersihan pantainya"
ChIJyXFuaaYdvy0Rhxrc_82jOog,My Ramdini,5.0,Diedit 2 bulan lalu,Salah satu pantai yang affordable di Makassar. Lumayan bersih. Tersedia air bersih untuk bilas/mandi
ChIJyXFuaaYdvy0Rhxrc_82jOog,Lastri Yusuf,5.0,7 bulan lalu,"Tiket masuknya bayar 5k/motor (hari weekday) begitupun uang parkirnya 5k/motor, tempatnya bersih nyaman tidak terlalu banyak pengunjung dihari weekday, harga sewa meja dan kursinya 30k, kalau gazobonya 50k dihari weekday kurang tau kalau hari weekend, disana juga ada penjual jajanan jdi tdk perlu khawatir kelaparan kalau habis berenang yg penting bawa uang😅"
ChIJyXFuaaYdvy0Rhxrc_82jOog,Hardiyanti Dhian17,5.0,3 bulan lalu,Tempat liburan murah meriah sambil main air di tengah kota Makassar..bisa jadi alternatif liburan bersama keluarga
ChIJyXFuaaYdvy0Rhxrc_82jOog,Mister ugha,4.0,10 bulan lalu,"bayar tiket masuk, 5.000 per motor. terus parkinya 5.000 lagi. pantainya agak kotor karena kurangnya tempat sampah. terdapat jetski, banana boat, dan ufo boat kalau datang weekend."
ChIJOcIPkuCIlC0RshPQWNrUZpU,Hermawan w p,4.0,4 bulan lalu,"Kondisi taman cukup bersih, di dalam taman ada beberapa penjual seperti cafe2 kecil.
Saya sempat melihat 1 buah bahan di pinggir dermaga."
ChIJOcIPkuCIlC0RshPQWNrUZpU,Hery Azhar Djafar,3.0,10 bulan lalu,"Pantai Bahari Polman sebenarnya bagus hanya belum dikelola secara baik oleh pemerintah daerah. Potensinya besar utk menjadi pantai yang indah jika dikelola dengan benar dan akan menjadi ikon bagi Kota Polman sebagaimana Pantai Losari di Makassar.

Utamanya bagaimana mengelola sampah dan meremajakan penampilan dari taman yang sudah kusam serta penataan pedagang dan edukasi bagi mereka sehingga dapat turut serta menjaga kebersihan dan keasrian taman dan pantainya."
ChIJOcIPkuCIlC0RshPQWNrUZpU,Muhammad Tahir,5.0,5 bulan lalu,Pantainya bagus minusnya masih banyak sampah
ChIJOcIPkuCIlC0RshPQWNrUZpU,Siti Amalia Magfira,4.0,10 bulan lalu,"Pemandangat lautnya indah apalagi untuk liat sunset, hanya saja di pinggiran pantainya bnyk sampai. Kalo dijaga kebersihannya mungkin akan sangat bagus"
ChIJOcIPkuCIlC0RshPQWNrUZpU,advendy saputra,4.0,setahun lalu,"Pantainya tenang, mudah diakses, banyak penjual makanan minuman, parkir tersedia cukup banyak, tetapi sampah dimana-mana dan akses disabilitas/pengguna kursi roda masih kurang."
ChIJOcIPkuCIlC0RshPQWNrUZpU,Coach Sabran,5.0,2 tahun lalu,"Suasananya sangat nyaman menikmati matahari terbenam, sambil membawa anak-anak. Bisa juga sambil mandi-mandi kalau mau..."
ChIJOcIPkuCIlC0RshPQWNrUZpU,reza reztek,5.0,6 bulan lalu,Panta tergolong bagus dan aman  untuk ajak anak bermain
ChIJOcIPkuCIlC0RshPQWNrUZpU,Andi Ainun Abdillah,5.0,3 tahun lalu,"Jalan-jalan ke Polewali Mandar tidak lengkap rasanya jika tidak menyambangi Pantai Bahari. Tempat yang asik untuk nongkrong atau sekedar menikmati matahari terbenam kala sore menjelang magrib. Pantai yang letaknya tepat berada di pusat kota Polewali ini juga tersedia beraneka tenant jajanan yang berjejer beberapa meter di sepanjang bibir pantai, juga terdapat pasar, cafe, dan masjid."
ChIJOcIPkuCIlC0RshPQWNrUZpU,Ardian Local Guide,4.0,2 tahun lalu,"View sunset yg indah, namun perlu perawatan dan kebersihan masih kurang."
ChIJOcIPkuCIlC0RshPQWNrUZpU,nur afiah,5.0,Diedit 3 tahun lalu,"Cocok buat jogging, jalan santai, duduk santai menikmati susana taman dan pantai Bahari"
ChIJW89vyWsDvy0RixPxznEw7_U,Christabel Rachman,4.0,3 bulan lalu,"Pantainya bagus, pemandangannya oke bgt.. sayang banyak sampah botol air mineral di pasir pantainya.. (ga kufoto, nnti klean ga mau pulak datang)

Trus kamar mandi nya bau pesing banget, gelap (lampunya remang²) dan kotor.."
ChIJW89vyWsDvy0RixPxznEw7_U,Agung Setiawan,5.0,5 bulan lalu,"Pulau kecil nan indah dekat dengan Makassar, waktu itu ikut open trip harga 200 per pax. Sudah dapet speedboat, snack, snorkeling dan foto drone diatas padel. MANTABBB"
ChIJW89vyWsDvy0RixPxznEw7_U,Kevin Kurniawan,5.0,Diedit 8 bulan lalu,Pulau kecil yang indah dengan air jernih dan pasir putih. Cocok untuk snorkeling dan bersantai. Hanya naik perahu sebentar dari Makassar—tempat pelarian yang tenang dari hiruk-pikuk kota.
ChIJW89vyWsDvy0RixPxznEw7_U,Matt Azmar,5.0,10 bulan lalu,"Pulau kecil nan indah tak jauh dr kota makassar.  Untuk menuju kesana bisa ditempuh selama 20 menit  menggunakan speedboat dr dermaga pas didepan benteng Rotterdam dengan biaya per perahu Rp.500.000  pergi pulang dengan kapasitas penumpang max 10 orang.
Untuk ke tempat ini disarankan membawa PowerBank krn   aliran listrik adanya di malam hari dr pukul 18.00 sampai pukil 06.00 wita.
Fasilitas di pulau ini cukup memadai, mulai dr WC umum, penginapan, gazebo, bahkan toko oleole pun ada.
Oiyyaa klo mau camp bisa jg membawa tenda sendiri"
ChIJW89vyWsDvy0RixPxznEw7_U,Toyib Kusuma Jaya,5.0,10 bulan lalu,"Wisata bahari di kota makassar
Dari pusat kota menyeberang menggunakan kapal.
Harga sewa kapal PP bervariasi antara 500rb-700rb"
ChIJW89vyWsDvy0RixPxznEw7_U,Lautra Islora,3.0,2 tahun lalu,"Pulau wisata terdekat dari kota Makassar. Baik tapi tidak istimewa bagi kami. Area snorkeling dengan entry tepi pantai juga ada, namun jadi rada rumit karena harus tau titik mula nya jika tidak maka akan menginjak terumbu dan merusak semuanya.

Kami kemari dengan kapal sewaan seharga 450rb setelah ditawar. Entah itu terlalu mahal atau murah, tapi itulah harga yang kami ikhlaskan dan diterima oleh pemilik kapal. Kami tidak mendapati open trip karena datang ke pulau ini pada hari kerja.

IG: kelanapulauid"
ChIJW89vyWsDvy0RixPxznEw7_U,Vio Adithiya Pratama,3.0,2 bulan lalu,"Woi Kalo pesen paket titik lokasi jangan di pulau nya ,Cukup saja di Dermaga pesisir pantai Makasar
Kami driver Kurir tidak bisa menyelesaikan orderan di dermaga kalau titik lokasi kalian di pulau itu"
ChIJW89vyWsDvy0RixPxznEw7_U,meilani dwi astuti,5.0,10 bulan lalu,"happy bisa berenang,,snorkeling,,camping,, bersantai dan bermain pasir juga berolahraga pantai bersama teman"
ChIJW89vyWsDvy0RixPxznEw7_U,Ipong Kezia,4.0,3 tahun lalu,"Samalona island...
Hanya 30-45 menit dgn kapal phinisi dari pantai losari makassar..

Pulau masih bersih,
Pasir putih dan ada penginapan yg bisa di sewa.

Bagus utk kegiatan one day tour dan kebersamaan team dan relasi."
ChIJW89vyWsDvy0RixPxznEw7_U,JajanKeliling,5.0,2 tahun lalu,"Pulau yang baguus. Pasir nya, view nya cakeeep.
Utk naik kapalnya bisa langsung bayar di tempat. Atau kalian pesan.
Ada beberapa yg mengiklankan nih seperti hotel Aston yg menyediakan paket an utk kalian yg mau ke samalona. Bisa juga dari IG nya atau orang yg kalian kenal. Harga tentu berbeda-beda."
ChIJz7gM_C2SmC0RuV19EXsGEtc,Laode Septer,5.0,sebulan lalu,"Kebun Raya Kendari bukan hanya tentang pepohonan dan jalan setapak.
Ia adalah ruang untuk berhenti sejenak dari riuhnya dunia,
tempat di mana pikiran bisa beristirahat
dan hati belajar kembali menikmati hal-hal sederhana."
ChIJz7gM_C2SmC0RuV19EXsGEtc,me yuan,4.0,7 bulan lalu,Tempat yg cocok untuk berwisata akhir pekan ataupun mengadakan acara piknik sekolah. Minusnya hanya di toilet yg kurang strategis. Biaya tiket 10.000/orang
ChIJz7gM_C2SmC0RuV19EXsGEtc,Masmesmos Art,4.0,7 bulan lalu,"Bagus sekali ,, makanan murah ,,
Pokonya enaklah dr pada tempat lain ,,semua byr ,,di sini hnya masuk saja byr , , aman dan nyaman,, bagusnya lagi klw ad musholla dan penginapannya"
ChIJz7gM_C2SmC0RuV19EXsGEtc,Anwar Djunaede,5.0,2 bulan lalu,Semakin keren dan ada layanan wifi gratis.semoga bisa dbangun wahana bermain air seperti kolam renang dan ada wisata hewannya
ChIJz7gM_C2SmC0RuV19EXsGEtc,ria lestari,5.0,7 bulan lalu,"Tempat nya adem, bersih, masuk nya berbayar 10 ribu per orang. Tempat nya terawat..
Tp g nyoba toilet nya si kek apaa ."
ChIJz7gM_C2SmC0RuV19EXsGEtc,Djanuari Gray,5.0,4 bulan lalu,mungkin belum banyak yang tahu kalo hutan pinusnya recomended buat camping
ChIJz7gM_C2SmC0RuV19EXsGEtc,NUR ANISA AMALIA,4.0,7 bulan lalu,"Tempat nya nyaman, sejuk, rindang, dan banyak spot foto serta tempat beristrahat"
ChIJz7gM_C2SmC0RuV19EXsGEtc,Nindi Aulia,5.0,7 bulan lalu,"Salah satu tempat wisata yang wajib di kunjungi di Kota Kendari.
Lokasinya lumayan jauh dari pusat kota.
Tempatnya sejuk dan asri dikelilingi banyak pepohonan dan tumbuhan. Biaya masuknya untuk kendaraan motor Rp 10.000. Worth it lah untuk ajak keluarga berkunjung ke kebun raya nanga2 kendari"
ChIJz7gM_C2SmC0RuV19EXsGEtc,devina zahra santoso,5.0,7 bulan lalu,"Luas, bersih, nyaman, cocok utk liburan keluarga"
ChIJz7gM_C2SmC0RuV19EXsGEtc,Indah Herawati,5.0,setahun lalu,"pemandangannya bagus banget, udara masih asri .ngga ada banyak sampah. banyak suara burungnya jadi syahdu banget. untuk tiket masuknya saya ngga tau. cocok buat camping dan hiking. mungkin kalau dikelola dengan serius bisa jadi salah satu destinasi di sultra."
ChIJNcuvJAHfvi0RfzDmrzLzQOA,Eti Nia,5.0,5 bulan lalu,"Tempatnya masih asri dan bersih, fasilitasnya lengkap dan ada colokan listrik di mana2, airnya juga bersih apalagi kamar mandinya, ini pertama kalinya datang ke tempat wisata yang kamar mandinya sebersih itu. Di sini juga sunsetnya cantikkk sekaliii di tambah lagiii ada kuda putihnya 2 ekor dan ada domba. Nanti kalau ada waktu mau ke siniii lagiiii. Nda menyesal pernah datang di sinii. Harus balik lagiii siih ke sini"
ChIJNcuvJAHfvi0RfzDmrzLzQOA,Aisyah Nuraisyah,5.0,5 bulan lalu,"Lokasinya sejuk, bisa sambil belajar edukasi berbagai macam tumbuhan serta manfaatnya. Banyak hal yang dapat dipelajari dari sini. Yang mau wisata kebun sambil belajar juga recommended bgt. Selain itu, ada hewan ternak juga, serta tanaman lainnya."
ChIJNcuvJAHfvi0RfzDmrzLzQOA,NURPADILLA NURPADILLA,5.0,2 bulan lalu,"salah satu tempat yang sangat bagus untuk di rekomendasikan sebagai kunjungan  siswa, karena selain belajar anak anak lansung melihat ciptaan Allah di Alam sekitar yang memiliki manfaat yg beraneka ragam.

Selain itu, Dapat free Lemon tea yang sangat segar 🤭🙏"
ChIJNcuvJAHfvi0RfzDmrzLzQOA,AGITHA SARI,5.0,2 bulan lalu,"Kebun dengan berbagai macam tanaman , banyak kegiatan yang bermanfaat dan terbuka menyatu dengan alam anak anak merasa sangat senang dan leluasa, banyak edulasi tentang alam sangat rekomen"
ChIJNcuvJAHfvi0RfzDmrzLzQOA,nursyam solihin,5.0,5 bulan lalu,"Nice trip... sangat inspiratif, mengajarkan tentang keanekaragaman tanaman, tumbuhan dan manfaatnya. Tour leader juga sangat detail menjelaskan 👍🏻 semoga kita semua lebih aware, dalam menjaga lingkungan sekitar 💪🏻"
ChIJNcuvJAHfvi0RfzDmrzLzQOA,Novia Ningsih R,5.0,5 bulan lalu,"Tempatnya sangat luas banyak pengetahuan yang anak anak bisa dapat seperti membuat umba umba,, mengenal keanekaragaman hayati dan masih baanyak lagi lainnya"
ChIJNcuvJAHfvi0RfzDmrzLzQOA,Cristiani Palangi,5.0,4 bulan lalu,first time berkegiatan dan mengunjungi kebun denassa yaituu culture exchange disanaa saya bertemu banyak teman” dri berbagai latar belakang berbeda juga sangat recommended utk org” yg ingin melepas penat setelah bekerja ataupun berkuliah seharian tentu disana kita bisa melakukan piknik bersama keluarga pokoknya kebun denassa sangat bagus dan sejuk utk jdi alternatif liburan
ChIJNcuvJAHfvi0RfzDmrzLzQOA,Imam AR,5.0,6 bulan lalu,"Pertama kali kesini bersama siswa SRMP 24 Gowa serta guru dan tendik. Sangat bagus siswa dapat belajar tentang budaya, ekosistem dan keanekaragaman hayati"
ChIJNcuvJAHfvi0RfzDmrzLzQOA,masrita ita,5.0,6 bulan lalu,"Berjalan di Kebun Denassa terasa seperti menyatu dengan alam — udara segar, pemandangan hijau, dan pengalaman belajar yang seru. Tempat yang sempurna untuk healing dan mengenal bumi lebih dekat! 🌿✨ …"
ChIJNcuvJAHfvi0RfzDmrzLzQOA,YUNITA MUKARRAMA,5.0,6 bulan lalu,"MasyaAllah rekomendasi tempat belajar anak, disini sangat seru seperti kegiatan menangkap ikan, menanam padi, menangkap belalang, banyak ilmu yg diberikan ttg tanaman obat2an dan lain2."
ChIJr7CULFtwpC0ReRBxv7ie8OI,KENNY _,4.0,sebulan lalu,"Sekarang tepi pantai sdh padat dgn gazebo tdk seperti dulu tepi pantainya luas dan tenang, byk warung' tempat penyewaan ban pelampung utk berenang."
ChIJr7CULFtwpC0ReRBxv7ie8OI,Teles Kebes,5.0,4 bulan lalu,"Pasir pantainya halus
Ombaknya tenang
Banyak ikan2 Kecil
Tapi masih ada sedikit sampah"
ChIJr7CULFtwpC0ReRBxv7ie8OI,Amirul Kahar B,4.0,5 bulan lalu,"Baguss, lebih bagus lagi di buatkn jadwal bersih bersih pantai. Walaupun sampah tetap akan datang dari pesisir mnapun di setiap pantai. Btw yg sy foto bgus bgusnya sj klau kamera di arahkan kekiri akan terlihat jelas sampah plastik yg berserakan."
ChIJr7CULFtwpC0ReRBxv7ie8OI,dian sahid,5.0,2 bulan lalu,"Pantainya ok, hanya saja perlu ada pembersihan sampah di bibir pantai."
ChIJr7CULFtwpC0ReRBxv7ie8OI,Ilham Citra,5.0,9 bulan lalu,"Pantai ini sangat potensial menjadi objek wisata kelas dunia. Pantai yang bersih. Air laut yang jernih dan biru. Ramah untuk liburan keluarga. Terdapat banyak bale-bale untuk istirahat. Toilet umum ada. Mushola juga ada. Di sekeliling banyak disewakan ban, perahu karet, dan peralatan berenang lainya. Hanya air bersih yang agak susah. Untuk mengurangi budget sekiranya bisa membawa air bersih dari rumah untuk keperluan bersih2 setelah berenang."
ChIJr7CULFtwpC0ReRBxv7ie8OI,Rifki Fidatullah,5.0,6 bulan lalu,Pemandangan sangat bagus dengan pasir putih yang indah apalagi pas di sore hari
ChIJr7CULFtwpC0ReRBxv7ie8OI,Serga Aditya,5.0,sebulan lalu,Indah sekali pantai bersih dan pasir putih
ChIJr7CULFtwpC0ReRBxv7ie8OI,Wahyu Timbul,5.0,Diedit setahun lalu,"Salah satu pantai terbaik di Baubau, airnya ersih dan jernih.
Tempat yang cocok untuk menikmati sunset.
Tiket masuk murah meriah.
Kebersihan terjaga, meskipun dibeberapa bagian terlihat tumpukan sampah.
Tersedia banyak toilet/ kamar mandi untuk bilas, tapi harus beli air dalam jerigen, 5rb untuk 2 jerigen."
ChIJr7CULFtwpC0ReRBxv7ie8OI,S Bachtiar,5.0,setahun lalu,"Pantainya bagus, pasir putih, airnya biru cerah kalau pagi. Cocok untuk liburan keluarga"
ChIJr7CULFtwpC0ReRBxv7ie8OI,jeery falsonnaire,5.0,3 tahun lalu,Merupakan tempat wisata yang berada tidak terlalu jauh dari kota bau-bau. Menjadi ikon pariwisata dengan keindahan pasir putihnya dan view hamparan laut biru yang menawan. Di sekitar pantai juga tersedia gazebo yang memberikan kenyamanan bagi pengunjung. Mampir ke tempat ini hanya sebentar di siang hari untuk melihat kejernihan air laut dengan pasir putihnya.
ChIJm63s6Y4Ily0Rmpw8UO_GjVc,syahiq harpi,5.0,3 bulan lalu,"indah, asri sekali dan pengelola tempat yang ramah,

disini menyediakan toilet unk ganti baju danau biru ini bersebelahan dengan pantai atau laut.

kalau kalian bisa menyelam kalian bisa langsung ke laut dari danau ini."
ChIJm63s6Y4Ily0Rmpw8UO_GjVc,Tareq Habbyullah,5.0,3 bulan lalu,"Airnya dingin sekali, cukup untuk bikin menggigil di siang hari. Lokasinya bersih, didepan ada pantai sebelum masuk dan ada pedagangnya juga yang cantik. Biaya masuk 10rb/org, beda lagi untuk sewa ban karena until ketengah danau sangat dalam dan harus nyewa ban/pelampung."
ChIJm63s6Y4Ily0Rmpw8UO_GjVc,nanami,5.0,sebulan lalu,"pertama kali kesini cantik banget masyaallah, sejukk, bersih, ada pantainya juga, ga sia-sia naik motor sampai badan pegel2 kalo tempatnya seindah ini🤍

Biaya masuknya 10/orang, ada tempat penyewaan ban tapi ga sempet nanya harganya berapa soalnya ga mandi2 juga, tapi bapaknya yang punya baik banget ramahhh🤍"
ChIJm63s6Y4Ily0Rmpw8UO_GjVc,Ekaw Idya,5.0,6 bulan lalu,"Surgakah? Danau yang ternyata emang biru dan turquoise menyatu dengan batuan do dalam dan tebing serta pohon2nya, indah sekali, jernih, bersih, terawat, dan sangat natural. Lokasinya pun terhalang tebing langsung menuju laut, akses mudah dan tidak jauh dari jalan utama. Antara kolaka dan kolaka utara, sungguh menakjubkan"
ChIJm63s6Y4Ily0Rmpw8UO_GjVc,Marihot Tua Marbun,5.0,2 bulan lalu,Danaunya Jernih dan Biru dan Indah. Banyak  ikannya. Dan rasa airnya payau ada asinnya sedikit. Kalau mandi  sangat segarrrrrrrrrrr. Puassssss. Harus kesini lagi hanya bayar parkir saja
ChIJm63s6Y4Ily0Rmpw8UO_GjVc,Muhammad Rasydin Sjatry Djafar,5.0,2 bulan lalu,"Danau Biru Kolaka Utara adalah salah satu permata tersembunyi di Sulawesi Tenggara yang menawarkan pesona alam yang hampir surealis. Terletak di Desa Walasiho, Kecamatan Wawo, danau ini menjadi destinasi unggulan karena keunikan fenomena alamnya serta lokasinya yang sangat dekat dengan bibir pantai.

Berikut adalah daya tarik utama yang membuat Danau Biru begitu istimewa:

Pesona Air Gradasi yang Menawan
Sesuai namanya, daya tarik utama danau ini adalah airnya yang berwarna biru jernih. Yang unik, kedalaman danau ini mencapai sekitar 7 meter, namun karena kejernihannya, pengunjung dapat melihat hingga ke dasar danau yang berisi bebatuan dan batang pohon yang tenggelam secara alami. Perpaduan antara air payau (percampuran air tawar dan laut) menciptakan ekosistem yang tenang dan menyegarkan untuk berenang atau sekadar merendam kaki.

Keunikan Geografis
Satu hal yang jarang ditemukan di tempat lain adalah lokasinya yang hanya berjarak sekitar 10 hingga 20 meter dari Laut Teluk Bone. Meskipun sangat dekat dengan air laut yang berombak, air di Danau Biru tetap tenang seperti cermin dan dipisahkan oleh dinding tebing batu kapur yang kokoh. Tebing-tebing tinggi yang mengelilingi danau ini memberikan kesan privat dan magis, seolah-olah Anda berada di dalam sebuah kolam raksasa yang tersembunyi.

Aktivitas dan Fasilitas
Pengunjung dapat menikmati berbagai aktivitas seperti:

Berenang dan Snorkeling: Menikmati kesegaran air sambil melihat formasi batuan di bawah air.

Meloncat dari Tebing: Bagi penyuka adrenalin, tebing di sekitar danau sering digunakan sebagai titik terjun bebas.

Fotografi: Setiap sudut danau ini sangat instagramable, terutama saat sinar matahari menembus rimbunnya pepohonan dan memantul di permukaan air biru.

Akses menuju lokasi kini sudah cukup memadai dengan tangga-tangga yang tertata. Danau Biru bukan sekadar tempat wisata, melainkan simbol keasrian alam Kolaka Utara yang wajib dijaga kelestariannya."
ChIJm63s6Y4Ily0Rmpw8UO_GjVc,Irvika Romana,5.0,8 bulan lalu,"Udah 2x kesini dan emang danau nya sebiru itu.
Gak nyesel kesini. Justru di atas ekspektasi.
Ada penyewaan ban, rompi apung, kaca mata, alat snorkling yang udah di patok 15rb/jenis nya. Orang2 nya juga ramah.
Overall Danau nya luar biasaa.."
ChIJm63s6Y4Ily0Rmpw8UO_GjVc,Nirvana (Nirvana_Google),5.0,11 bulan lalu,Tempatnya tenang dan nyaman.. Retribusi per orang 5k & parkir mobil 5k dengan karcis yg sama yaa..
ChIJm63s6Y4Ily0Rmpw8UO_GjVc,Fitra Ara,5.0,3 tahun lalu,"Danau biru tempatnya terpencil juga, ga jauh dari sungai tamborasi. Lumayan jauh dari kota. Tapi worth it sih. Bagus, airnya jernih, tersedia penyewaan pelampung, ban, dan kacamata juga. Ada tempat jual makanan juga. Danau biru deket juga sama pantai."
ChIJm63s6Y4Ily0Rmpw8UO_GjVc,Henry Zheng,4.0,6 tahun lalu,"Obyek wisata ini cukup bagus, alami dan nyaman.
Bisa menikmati indahnya pantai dan danau biru yang menyejukkan mata.
Untuk menjangkau lokasi ini agak sulit, dari jalan raya masuk dengan jalanan ¼ beton dan ¾ lagi jalan tanah.
Parkiran luas di tepi pantai.
Terdapat penjual makanan dan minuman
Toilet not good, kondisi pintu rusak.
Danaunya indah dan biru. Bisa berenang disini, ada peminjaman baju renang, pelampung, kantong anti air utk HP.
Untuk renang harus hati2 apalagi untuk anak2 karena kedalaman danau bisa mencapai 11 meter."
ChIJSWaRkqXDky0RoX3_0ANQkQc,dijay brian,5.0,4 bulan lalu,"Tempat adat Toraja yang sangat otentik dan memukau! Rante Kalimbuang adalah situs upacara Rambu Solo' yang luar biasa. Deretan menhir (batu tegak) dan suasana mistisnya sangat terasa. Wajib dikunjungi untuk memahami budaya Toraja lebih dalam. Sangat terawat dan indah, dikelola oleh dinas budaya Sulsel. Tiket masuk WNI 20 rb"
ChIJSWaRkqXDky0RoX3_0ANQkQc,ferdinandus eber lolo,5.0,3 bulan lalu,Sangat berkesan karena baru pertama kali ketempat ini berkunjung ke pastori greja
ChIJSWaRkqXDky0RoX3_0ANQkQc,Muhlison R,5.0,9 bulan lalu,"Rante Kalimbuang Bori adalah tempat pemakaman bangsawan tertinggi Suku Toraja zaman dahulu. Di sini tersusun jajaran batu atau menhir yang mirip dengan Stonehenge di Inggris, dan diperkirakan sudah ada sejak ratusan tahun yang lalu. Masyarakat Toraja adalah masyarakat yang sangat menghormati para leluhur mereka, makanya untuk melaksanakan pemakaman dilakukan dengan berbagai upacara adat dengan tempat pemakaman dibuat sedemikian rupa sebagai bentuk penghormatan kepada para leluhur.
Untuk masuk ke tempat ini wisatawan hanya perlu membayar Rp20 ribu per orang. Kawasan ini cukup luas, dengan beberapa kumpulan Tongkonan dan tempat pemakaman. Bagi yang suka treking maka mengelilingi tempat ini sungguh menyenangkan."
ChIJSWaRkqXDky0RoX3_0ANQkQc,Wahdania Ahmad,5.0,6 bulan lalu,"first time ke toraja dan ini tempat wisata pertama yang aku sama temenku datenginnn, di tempatnya adem bangettt soalnya dibelakang kayak hutan bambu gituu terus kayak mikir ini gimana yah batu²nya kok keren² bangett, tiket masuknya affordable dan gaa da batasan seberala lama"
ChIJSWaRkqXDky0RoX3_0ANQkQc,Agus IF,5.0,7 bulan lalu,Tiket IDR20K. Kuburan batu keluarga dan batu menhir. Ada pula bbrp tongkonan. Di area Bori sini banyak sekali ketemu tongkonan dan bbrp batu menhir.
ChIJSWaRkqXDky0RoX3_0ANQkQc,Hendra Syam,5.0,Diedit setahun lalu,Tempat yg sangat bagus untuk dikunjungi dengan deretan batu yang menjulang tinggi serta terdapat rumah tongkonan. Buat nyantai sambil menikmati pemandangan
ChIJSWaRkqXDky0RoX3_0ANQkQc,Nocturnlax,5.0,2 tahun lalu,"Tempat yang wajib dikunjungi berikutnya pada saat berada di Tana Toraja adalah situs megalit yang mirip Stonehenge satu ini.

Terdapat beberapa bebatuan yang berdiri dan tertata rapi yang mana digunakan sebagai tempat untuk melakukan ritual upacara pemakaman.

Di bagian belakang bebatuan tersebut ada anak tangga yang mengarah ke bagian makam (liang batu) dan beberapa tongkonan yang masih terisi, salah satu yang menyita perhatian pada waktu mengunjungi tempat ini adalah adanya tongkonan untuk anak bayi yang sudah men1nggal dan makam (baby graveyard).

Apabila mengunjungi tempat ini harap jaga tata krama dan tutur kata, tak lupa untuk selalu menjaga kebersihan.

Untuk biaya masuk ke tempat ini sendiri dikenakan tarif Rp. 15.000,-/orang dan sama sekali tidak dikenakan biaya parkir kendaraan."
ChIJSWaRkqXDky0RoX3_0ANQkQc,andrias,4.0,3 bulan lalu,"Menarik untuk dikunjungi, salah satu bukti kekayaan dan kelestarian budaya leluhur masyarakat Toraja."
ChIJSWaRkqXDky0RoX3_0ANQkQc,Muh Hafdal H,5.0,2 bulan lalu,Situs dengan temuan menhir. Temuan ini memiliki makna yang sangat mendalam bagi masyarakat adat Toraja utamanya pada leluhur
ChIJcbYwr-zzuy0R0Kz5lCEuPhE,EAR,5.0,5 bulan lalu,Tempat yang laut nya sangat indah dan jernih. Untuk lokasi nya sekitar 4 jam lebih dari Makassar dan disini banyak wahana air dan tempat makan dan warung juga banyak tersedia. Untuk pemerintah setempat dan warga maupun pengunjung tolong bantu jaga kebersihan dan keindahan lokasi yg bagus ini.
ChIJcbYwr-zzuy0R0Kz5lCEuPhE,Hanif Rezki,5.0,2 bulan lalu,Meskipun waktu habis diperjalanan yang jauh dengan hanya liburan 2 hari/1 malam tapi tetap havefun dengan pasangan🤎💙
ChIJcbYwr-zzuy0R0Kz5lCEuPhE,Faiz Pratama,5.0,4 bulan lalu,"Pantai dengan pasir putih tercantik yang pernah saya kunjungi, untuk berlibur dengan keluarga, maupun teman."
ChIJcbYwr-zzuy0R0Kz5lCEuPhE,Kukuh Cakra D,5.0,setahun lalu,"Pantainya bersih. Pasirnya putih. Waktu itu datang pada hari kerja jadi tidak terlalu ramai. Sayangnya angin sangat kencang jadi tidak eksplorasi di pantainya. Pemandangannya indah dengan air yang bersih.
Tersedia masjid di atas laut.
Parkir di pinggir jalan, mungkin kalau weekend ramai dengan pengunjung
Harga tiket dan parkir wajar."
ChIJcbYwr-zzuy0R0Kz5lCEuPhE,Surya,5.0,11 bulan lalu,"Pantai Tanjung Bira adalah destinasi wisata utama di kawasan Tanjung Bira. Keindahan hamparan pasir putihnya dan air laut yang biru menjadi daya tarik utama yang memanjakan mata.Selain menikmati hamparan pasir putih, pengunjung juga dapat melakukan aktivitas diving dan snorkeling untuk melihat surga bawah laut. Pengunjung bisa menyewa alat diving dan snorkeling dari warga sekitar yang menyediakan alat untuk berwisata"
ChIJcbYwr-zzuy0R0Kz5lCEuPhE,Rahmat Hidayat,5.0,9 bulan lalu,"Pantai Tanjung Bira adalah sebuah destinasi wisata pantai yang terkenal di ujung selatan Pulau Sulawesi, tepatnya di Kabupaten Bulukumba, Provinsi Sulawesi Selatan, Indonesia. Pantai ini sangat populer berkat pesonanya yang memukau, terutama pasir putihnya yang sangat halus dan lembut seperti tepung, serta air lautnya yang jernih berwarna biru muda.
Daya Tarik Utama Pantai Tanjung Bira:
* Pasir Putih yang Memukau: Salah satu ciri khasnya adalah pasir putih yang sangat lembut, menjadikan pantai ini ideal untuk bersantai, berjemur, atau bermain pasir.
* Air Laut yang Jernih: Air lautnya yang bening memungkinkan pengunjung untuk melihat dasar laut dengan jelas, sangat cocok untuk aktivitas air.
* Keindahan Bawah Laut: Tanjung Bira dikenal sebagai ""coral triangle"" dengan terumbu karang yang masih alami dan indah, serta beragam biota laut. Ini menjadikannya surga bagi para penyelam dan penggemar snorkeling.
* Pemandangan Matahari Terbit dan Terbenam: Pantai ini menawarkan panorama matahari terbit (di sisi timur) dan matahari terbenam (di sisi barat) yang spektakuler.
* Dekat dengan Pulau-pulau Menarik: Tidak jauh dari Tanjung Bira, terdapat pulau-pulau kecil seperti Pulau Liukang Loe dan Pulau Kambing, yang juga menawarkan keindahan bawah laut yang luar biasa dan sering menjadi tujuan snorkeling atau diving.
* Sentra Pembuatan Kapal Phinisi: Di sekitar area Tanjung Bira, terutama di desa Tanah Beru, pengunjung bisa menyaksikan langsung proses pembuatan kapal tradisional Phinisi yang merupakan warisan budaya suku Bugis.
Aktivitas yang Bisa Dilakukan di Pantai Tanjung Bira:
* Berenang dan Berjemur: Menikmati air laut yang tenang dan jernih, serta bersantai di bawah sinar matahari.
* Snorkeling dan Diving: Menjelajahi keindahan terumbu karang dan kehidupan laut yang kaya. Peralatan snorkeling dan diving tersedia untuk disewa.
* Bermain Air dan Voli Pantai: Berbagai aktivitas santai di tepi pantai.
* Menikmati Kuliner: Mencicipi hidangan laut segar yang disajikan di warung atau restoran di sekitar pantai.
* Island Hopping: Menyewa perahu untuk mengunjungi pulau-pulau terdekat seperti Pulau Liukang Loe dan Pulau Kambing.
* Menyaksikan Pembuatan Kapal Phinisi: Mengunjungi lokasi pembuatan kapal tradisional Phinisi.
Fasilitas di Pantai Tanjung Bira:
Fasilitas di Tanjung Bira sudah cukup lengkap dan memadai untuk menunjang kenyamanan wisatawan, termasuk:
* Penginapan (hotel, villa, cottage)
* Restoran dan warung makan
* Penyewaan peralatan snorkeling dan diving
* Toilet dan kamar mandi umum
* Area parkir yang luas
* Pelabuhan kapal feri menuju Pulau Selayar
* Puskesmas dan masjid
Akses Menuju Pantai Tanjung Bira:
Pantai Tanjung Bira berjarak sekitar 40 km dari Kota Bulukumba atau sekitar 200 km dari Kota Makassar, dengan waktu tempuh sekitar 3-6 jam tergantung kondisi lalu lintas. Akses jalan menuju pantai ini sudah beraspal dan baik, memudahkan wisatawan untuk berkunjung"
ChIJcbYwr-zzuy0R0Kz5lCEuPhE,Luh Putu Gita Laksmi,5.0,setahun lalu,"Sangat menakjubkan, pantainya yg bagus, pasirnya halus seperti tepung dan airnya biru bergradasi. Banyak warung2 yang menjajakan makanan di pinggir pantai, namun sayang yang dijual hanya makanan-makanan ringan. Selain itu pada saat saya datang ombaknya sedang tinggi, mungkin itu yang menyebabkan pantainya kotor."
ChIJcbYwr-zzuy0R0Kz5lCEuPhE,Nur Sifatullah,5.0,3 bulan lalu,Pasir biru di pantai putih. Mantap👍🏻
ChIJcbYwr-zzuy0R0Kz5lCEuPhE,Melody AMPv,5.0,Diedit 3 tahun lalu,"Ketika main ke Makassar, salah satu destinasi wisata pantai yang ingin saya kunjungi adalah Pantai Bira. Begitu tiba di sini ... pasirnya putiiiih bangeeet. Pokoknya bersih. Walau kadang lihat ikan kecil mati tedampar dan bau amis, tapi viewnya ga bisa dibantah bagus banget. Yang paling keren itu adalah sunsetnya. Dasar orang jabar yg di gunung ya, lihat sunset pantai yang ngadep barat itu indah banget. Nuansa komplek penginapan mirip kayak Pangandaran, banyak penginapan/hotel but lebih pricey and fancy aja. Gak kumuh juga soalnya di sini. Spot foto banyak, tempat oleh-oleh juga lumayan."
ChIJcbYwr-zzuy0R0Kz5lCEuPhE,Akbar Akbar,5.0,2 tahun lalu,"Pantai Tanjung Bira adalah destinasi wisata yang menakjubkan yang terletak di Bulukumba, Sulawesi Selatan, Indonesia. Pantai ini terkenal karena keindahan alamnya yang menakjubkan, air laut yang jernih, dan pasir putih yang lembut.

Dengan pemandangan yang menawan, Pantai Tanjung Bira menawarkan suasana yang tenang dan damai bagi para pengunjungnya. Wisatawan dapat menikmati panorama pantai yang luas dan memukau, dengan ombak yang tenang dan pohon-pohon kelapa yang berjejer di sepanjang pantai.

Pantai ini juga merupakan surga bagi para penyelam dan pecinta snorkeling. Keanekaragaman hayati bawah laut yang luar biasa, seperti terumbu karang yang indah dan ikan-ikan berwarna-warni, dapat dinikmati oleh pengunjung yang ingin menjelajahi keindahan laut Tanjung Bira.

Selain itu, Pantai Tanjung Bira juga menjadi tempat yang ideal untuk bersantai dan berjemur di bawah sinar matahari. Pengunjung dapat berbaring di atas pasir putih yang lembut sambil menikmati suara deburan ombak yang menenangkan.

Di sepanjang pantai, terdapat beragam warung makanan dan restoran yang menyajikan makanan laut segar. Pengunjung dapat menikmati hidangan lezat sambil menikmati pemandangan pantai yang menakjubkan.

Pantai Tanjung Bira telah menjadi tujuan wisata populer bagi wisatawan lokal maupun internasional. Keindahan alamnya yang memukau, suasana yang tenang, dan aktivitas menyelam yang menarik menjadikan pantai ini tempat yang sempurna untuk menghabiskan waktu liburan.

Dengan keindahan alamnya yang menakjubkan, Pantai Tanjung Bira adalah tempat yang patut dikunjungi bagi siapa pun yang ingin merasakan pesona alam Sulawesi Selatan dan menikmati keindahan pantainya yang memikat."
ChIJ8cjvaKhfkS0RaKezZVhgDvY,andianie ajl,5.0,5 bulan lalu,"Alhamdulillah, bisa kesini lagi sholat dhuhur, tempatnya masih seperti dulu krn memang msh dipertahankan model asli mesjid dari dulu, tdk diubah seperti kebanyakan model mesjid sekarang..rasanya adem, sejuk sekali berada dlm mesjid, bersih dan rapi."
ChIJ8cjvaKhfkS0RaKezZVhgDvY,andi nugroho,4.0,7 bulan lalu,"Berkunjung saat sholat subuh, dane. Masjid dengan tiang kayu dan dinding batu kapur yang tebal"
ChIJ8cjvaKhfkS0RaKezZVhgDvY,Harrys My,5.0,Diedit 11 bulan lalu,"Mesjid tertua di Sulawesi Selatan dibangun 1604M, menjadi saksi perkembangan agama Islam di tanah Luwu.....bersyukur & haru bisa bersujud di dalamnya...."
ChIJ8cjvaKhfkS0RaKezZVhgDvY,Pranowo SS,5.0,setahun lalu,"Alhamdulillah bisa sholat disini, masjid tertua di Sulawesi, bangunan lama yg masuk cahar budaya, kokoh tidak lapuk oleh jaman"
ChIJ8cjvaKhfkS0RaKezZVhgDvY,Nurull Layli,4.0,2 tahun lalu,"Masjid bersejarah, yang dibangun tahun 1.600 an. Takjub dengan bangunannya yang kokoh dan tebal. Masjid tidak terlalu besar.

Hanya penjaganya kurang ramah."
ChIJ8cjvaKhfkS0RaKezZVhgDvY,Jamal Palopo,5.0,4 tahun lalu,"Masjid Tua Palopo merupakan masjid peninggalan Kerajaan Luwu yang berlokasi di Kota Palopo, Sulawesi Selatan. Masjid ini didirikan oleh Raja Luwu yang bernama Datu Payung Luwu XVI Pati Pasaung Toampanangi Sultan Abdullah Matinroe pada tahun 1604 M.

Masjid yang memiliki luas 15 m² ini diberi nama Tua, karena usianya yang sudah tua. Sedangkan nama Palopo diambil dari kata dalam bahasa Bugis dan Luwu yang memiliki dua arti, yaitu: pertama, penganan yang terbuat dari campuran nasi ketan dan air gula; kedua, memasukkan pasak dalam lubang tiang bangunan.

Kedua makna ini memiliki relasi dengan proses pembangunan Masjid Tua Palopo ini."
ChIJ8cjvaKhfkS0RaKezZVhgDvY,Dilani Store,5.0,7 bulan lalu,"Mesjid tua yang tetap modern, bersih dan terawat"
ChIJ8cjvaKhfkS0RaKezZVhgDvY,Coach Sabran,5.0,11 bulan lalu,Susunannya sangat nyaman ibadah disini bersih dan suasana sejarahnya masih sangat terasa
ChIJ8cjvaKhfkS0RaKezZVhgDvY,Aulia,4.0,7 tahun lalu,"Ini masjid pertama yang saya kunjungi selama kunjungan singkat saya ke palopo
Letaknya di pusat pemerintahan kota palopo, persis di perempatan
Mesjidnya tidak begitu besar, tapi dari konstruksinya sangat terlihat bahwa ini merupakan bangunan yang bernilai sejarah
Mesjidnya bersih, dari mulai halaman, tempat wudhu dan Toiletnya
Salah satu keunikannya, bangunan ini tidak langsung menghadap ke kiblat, jadi kondisi di dalam mesjidnya yang disesuaikan ke arah kiblat"
ChIJ8cjvaKhfkS0RaKezZVhgDvY,Ikhwan Bahar,5.0,setahun lalu,"Maa syaa ALLAH kereen, melalui masjid tua ini kita bisa mengetahui ternyta di sulawesi para dai dahulu terus mengupayakan awal perjuangannya lewatembangun masjid"
ChIJjeMAfCwThzIRp7ygIFauE4o,Mergo Tresna Abdela,4.0,4 bulan lalu,Tempat penyulingan air nira tradisional. Air nira yang dipanen oleh petani dimasak menggunakan tungku sederhana. Kemudian dialirkan melalui buluh besar ke dalam tempat pemrosesan. Teknologi yang sangat konvensional. Tapi tempatnya sangat unik. Suasana di sini tenang terutama pada saat habis hujan. Ada tempat untuk melihat pemandangan danau.
ChIJjeMAfCwThzIRp7ygIFauE4o,stephy s,5.0,3 bulan lalu,Tempat wisata penyulingan cap tikus tiket masuk 15.000 per orang nanti bisa dituker sama cap tikus atau saguer. Suka sih tempatnya sejuk tempat untuk santai sejenak
ChIJjeMAfCwThzIRp7ygIFauE4o,Hansye Mokalu,5.0,2 bulan lalu,Tempat terbaik untuk melihat proses pembuatan tradisional alkohol orang Minahasa.serta tempat melihat proses pembuatan gula aren. Jika beruntung kita bisa melihat proses pengambilan air aren dari pohon secara tradisional.. rekomendasi untuk di kunjungi 🙏
ChIJjeMAfCwThzIRp7ygIFauE4o,Aulia Dita,5.0,2 bulan lalu,"Boleh coba belajar bikin :
1. Gula merah
2. Kopi
3. Cucur
4. Saguer/CT"
ChIJjeMAfCwThzIRp7ygIFauE4o,Mandamichellia,5.0,2 bulan lalu,Tempat bagus for orang yg lama di ibukota for rasa pigi kobong!! Pisang goreng enak! Bisa coba saguer / cap tikus 😆😆
ChIJ-TQfUWzUfjIRVAXEvoj9g_E,Real Gusday,4.0,4 bulan lalu,"Salah satu tempat wisata di Gorontalo yang menarik untuk di kunjungi. Sayang sekali tempatnya tidak terurus dan banyak rumput ilalang yang menutupi sebagian bangunan benteng. Waktu saya berkunjung kesini, tidak nampak pengunjung lain terlihat sepi dan hening. Tetapi kalau cuma ingin lihat pemandangan, disini pemandanganya bagus, apalagi kita bisa naik di puncak menara melewati anak tangga besi, kita bisa melihat panorama perbukitan hijau yang indah di kejauhan yang mengelilingi Benteng."
ChIJ-TQfUWzUfjIRVAXEvoj9g_E,Papazaki,1.0,4 bulan lalu,"Bangunan unik dan menarik yg bisa menjadi tempat rekreasi sambil melihat panorama Kabupaten Bonbol dan Kota Gorontalo dari ketinggian, lokasi mudah diakses. Sayang sekali tidak terawat, semak belukar merajalela, sampah2 berserakan, sarana pendukung berantakan. Memang dibutuhkan kreatifitas dan kejelian Pemda untuk mengoptimalkan potensi lokasi tersebut."
ChIJ-TQfUWzUfjIRVAXEvoj9g_E,Fauziah,1.0,2 bulan lalu,"actually it's bad. top si katanya pusat dri dari wilayah alias lambang dalam bentuk tempat wisata kan? Kecewanya sih ngapa kotor jir, banyak sampah noh jorok kocakk, dan semak belukar buset dh, ga terawat lagi, bahkan dari sisi gerbang hingga puncak benteng yg menarik hanya bagian pemandangan wilayah sekitaran ketika sudah di atasnya, bukan bentengnya wkwk. dan aneh aj ngapa masih ada penjagaan alias ""satpam"" di depannya, tapi tempatnya bahkan terbengkalai, kotor,  even inisiatif buat renovasi atau bersihin aja ga ada. Rate di media ok, giliran dikunjungi zonk. biaya reservasi/ orang bisa dibilang lumayan loh, mana gitu qris di bagian satpam kaga berfungsi dgn bener, ga langsung diganti. klo udh ga berfungsi lagi, minimal jangan sembarangan ngambil biaya reservasi tanpa penjelasan atau etika ramah tamah ke pengunjung buat explain kunjungan dri pihak yg bertanggung jawab atas tempat wisata, minimal ganti banner dan cetak bukti tuh tempat masih beroperasi apa kaga cuy, dan kalo emang udh ga berfungsi, terus terang aj, jangan sampe dimanfaatkan ama org g bener. prefer balikpapan jir wkwkwk🤏"
ChIJ-TQfUWzUfjIRVAXEvoj9g_E,uwwa,4.0,Diedit 3 tahun lalu,"Kebersihan perlu diperhatikan. Rumput ilalang sudah menutupi 50% area benteng. Toilet tak berfungsi baik. Sampah dimana2. Sangat disayangkan benteng yang dipugar dengan biaya tak murah terbengkalai tanpa perawatan yang baik
Potensi wisata besar, dekat dengan lokasi perkantoran dan kampus baru UNG gorontalo
Tiket msk 5000/kepala. Tambah. 5000 lg jika mau parkir mobil di dalam lokasi."
ChIJ-TQfUWzUfjIRVAXEvoj9g_E,Dikki Shadiq,4.0,5 tahun lalu,"Lokasi yang cukup menarik untuk dikunjungi sebagai tujuan wisata yang ada di wilayah Bone Bolango. Dari atas Benteng Ulanta, kita dapat melihat pemandangan gunung/bukit di sekelilingnya. Namun sayang fasilitas pendukung seperti tempat parkir, toilet, dan lainnya masih belum tersedia dengan baik."
ChIJ-TQfUWzUfjIRVAXEvoj9g_E,amriansyah ryan,3.0,6 tahun lalu,"Tempatnya sangat indah, cocok untuk liat pemandangan di Gorontalo. Hanya saja kekurangannya belum di kelola dengan baik seperti tempat parkir, tidak ada toilet, tidak ada petugas keamanan, tempat duduk kurang memadai, bahkan penjual minuman juga jarang. Saran saya kalo kesini bawa minum sendiri karena capek naik anak tangga 😂 …"
ChIJ-TQfUWzUfjIRVAXEvoj9g_E,Aji Lukman Ibrahim,4.0,6 tahun lalu,"Terletak dikompleks perkantoran Kabupaten Bone bolango, tampaknya belum selesai 100%. Fasum seperti toilet yang belum bisa digunakan seperti seharusnya. bagus sebagai alternatif tempat berwisata di bone bolango."
ChIJ-TQfUWzUfjIRVAXEvoj9g_E,Ckth Fblsty,3.0,Diedit setahun lalu,"Tempat ini cocok untuk orang yang hobi berfoto, saya menyarankan agar di tempat ini di adakan listrik. Agar pengunjung yang baterai kamera maupun HPnya kurang, tidak perlu hawatir lagi. Untuk pengunjung harap jangan membuang sampah sembarangan dan jangan mencoret-coret di tempat ini yaa. Mari jaga kebersihan dan keindahan dari benteng Ulantha ini kawan2 :)"
ChIJ-TQfUWzUfjIRVAXEvoj9g_E,md fatomi,5.0,Diedit 2 tahun lalu,"Bagus tempatnya,saya dari kota Solo ke Gorontalo ini,sempat mampir gowes ketempat ini,pemandangan bagus sekali,tempat masih asri,semoga tempatnya selalu bersih dan dirawat,kedepannya ditambah fasilitas-fasilitas yang membuat pengunjung bertambah"
ChIJ-TQfUWzUfjIRVAXEvoj9g_E,LUN M. BOBIHU,4.0,6 tahun lalu,Terakhir ke sini belum ada pagar pengaman di sekitaran benteng. Jadi kalau bawa anak anak harus selalu dalam pengawasan orang dewasa
ChIJGyNjvc7uiy0R1De_cgC70Eg,Anggreni Dian Kurniawati,5.0,7 bulan lalu,Lokasinya dekat dengan Universitas Tadulako. Pemandangan sangat bagus dengan beberapa tempat yang bisa digunakan untuk spot selfie or wefie. Saat datang menara sedang direnovasi. Tapi dari sini bisa memandang sudut kota Palu yang indah.
ChIJGyNjvc7uiy0R1De_cgC70Eg,Agnes Walemintje Venty Katuuk,4.0,4 bulan lalu,"Pemandangannya sangat bagus apalagi pas mau sunset. Tapi gak tau kenapa, saya seperti merasa ada ""sesuatu"" di tempat itu."
ChIJGyNjvc7uiy0R1De_cgC70Eg,gheo gheo,4.0,3 bulan lalu,"untuk sekarang, per orang masuk 10rb... untuk cafenya menunya masih sedikit..."
ChIJGyNjvc7uiy0R1De_cgC70Eg,Sheila Dwi Puspita Basir,3.0,8 bulan lalu,"Terbilang sunyi untuk bisa dikatakan lagi tempat wisata. Masuk kesini kamu hanya spend IDR 10k untuk bisa nikmatin semua fasilitas yang ada disini.
View nya dapet, kamu bisa lihat view kota Palu dari sini, ditemenin live music.

But the saddest thing is, di Gong Perdamaiannya sih, lambang provinsi tuh mostly banyak yg udah gaada, karena dicabut gitu 😌 Tangan-tangan nakal!
Fasilitasnya pun cukup memprihatinkan karena emang udh sepi ya!
Well, boleh dicoba untuk kesini, nambah² bantu pemeliharaan fasilitasnya!"
ChIJGyNjvc7uiy0R1De_cgC70Eg,Airborne -,5.0,5 bulan lalu,"Simbol kerukunan antar warga di Palu 👍
Ramai dikunjungi di akhir pekan.
Lumayan sepi di hari kerja.
Patut dikunjungi 😁, yukkk mampir …"
ChIJGyNjvc7uiy0R1De_cgC70Eg,HendraS,4.0,4 bulan lalu,Tempat Wisata Favorit masyarakat Luar kota Palu yang ingin berkunjung ke kota Palu pelayanan cukup ramah
ChIJGyNjvc7uiy0R1De_cgC70Eg,Agus IF,5.0,7 bulan lalu,Gowes pakai sepeda lipat kecil ke sini lumayan lah tanjakannya cukup  panjang. Udara Palu sangat panas dan tak ada naungan pepohonan sepanjang jln msk dr jln utama bikin boros tenaga. View ke arah teluk cukup luas.
ChIJGyNjvc7uiy0R1De_cgC70Eg,Wafi Ramadhan,5.0,3 bulan lalu,"Entrance 10k, pemandangan indah, nuansa Bali, 9/10, nice view
Ada Musholla, Toilet, dan cafe"
ChIJGyNjvc7uiy0R1De_cgC70Eg,Putu Artharini,5.0,setahun lalu,"Tanpa di rencana kt ke monumen nusarara nusabatutu dan gong perdamaian ini, tempatnya agak naik ke bukit gt, pas menuju pintu masuk mulai terlihat bunga2 warna warni dr bougenville, jepun, langsung ky masuk ke aura bali 😍

Untuk masuk kita akan dikenakan tiket masuk 10.000 per orang

Karena kt kesana siang jadi panas bgt hahaha, tp cerah, jd sekeliling terlihat bagus banget biru, cerah

Monumen nusarara nusabatutu terdiri dari 3 lantai dan bs naik sampai keatas, cm syaang diatas temboknya ada yg coret coret, please jangan yaaa!

Gong perdamaian jg pny spot bagus, kt bs liat ada semua simbol agama, semoga kt bs selalu dalam keadaan damai"
ChIJU88CqC9Ovi0RSqU_691g05A,G R I,5.0,4 bulan lalu,"Hari terakhir sebelum balik ke jayapura papua, jalan² dgn suami dan temannya.. sering lewat tapi gak pernah mampir skli mampir lumayan suasana alun² kota pangkep 🥰 …"
ChIJU88CqC9Ovi0RSqU_691g05A,Aldila Dahniar,3.0,4 tahun lalu,"Jika anda jeli, anda akan menemukan spot menarik, tempatnya simple, sepanjang jalan banyak jajanan, gorengan, burger, mainan anak2, istana balon dan odong odong seperti tempat bermalam mingguan keluarga pada umumnya"
ChIJU88CqC9Ovi0RSqU_691g05A,Ayu Wijayanti,5.0,3 tahun lalu,"Salah satu icon Kota Pangkep yg terletak di pinggir jalan deket Kali Bersih. Kalau sore banyak yg dagang makanan deket sana. Untuk tempat minum disana juga deket sama kafe basecamp. Walaupun didirikan sama TNI, tapi boleh banget dikunjungi sama warga umum."
ChIJU88CqC9Ovi0RSqU_691g05A,Channel Ettapedia,3.0,Diedit 5 tahun lalu,"Tugu Bambu Runcing ini berada di sebelah timur Rumah Jabatan Bupati Pangkep dan berada di sebelah selatan Sungai Pangkajene, merupakan penanda 0 kilometer Pangkep, kawasan ini berada di pinggir sungai/jembatan Pangkajene, banyak dimanfaatkan Usaha Kecil Menengah untuk menjajakan makanan, seperti: sop saudara, bakso, sate, sarabba, kopi, dan aneka gorengan. Waktu buka warung tenda di sepanjang pinggir sungai Pangkajene sekitar Tugu Bambu RUncing adalah dari jelang sore sampai malam hari, menjadi pusat nonkrong tersendiri bagi anak muda Pangkep."
ChIJU88CqC9Ovi0RSqU_691g05A,Noer Ni'mat,5.0,Diedit 2 tahun lalu,Tempat ini semakin menjadi ikonik untuk kota Pangkep. Keren bgt kalau malam hari. Sekalian ngajak anak2 main.
ChIJU88CqC9Ovi0RSqU_691g05A,F Daus AR,3.0,Diedit 3 tahun lalu,"Kini dibranding ulang menggunakan nama Taman Bambu Runcing (TBR). Sebagai rung publik di Pangkep, TBR kini jadi swafoto untuk mengabadikan peristiwa dan perjalanan para pengunjung"
ChIJU88CqC9Ovi0RSqU_691g05A,Samsir Cangci,5.0,2 bulan lalu,Bagus tapi cuma pemdanya kurang kecatan mengelolahnya dan kurangnya perawatan Infrastruktur
ChIJU88CqC9Ovi0RSqU_691g05A,Muh Khoirudin Kusnanto,5.0,6 tahun lalu,"Tempat buat fto fto dekat atm sama indomart,, kalau malam ramai penjual penjual cocok buat nongkrong"
ChIJU88CqC9Ovi0RSqU_691g05A,Ossy Rossy,5.0,2 tahun lalu,"Yang mau nyenengin anak"" jangan lupaaa mampir ke tugu bambu runcing yaaah banyak aneka permainanya ya guys tapi untuk sementara taman lagi direnov lagi semoga cepet selesai biar tambah ramai dan penjual makanan bisa balik lagi jualan di tugu bambi runcing .."
ChIJU88CqC9Ovi0RSqU_691g05A,LastAphrodite BornOfCircumhorizontalArc,3.0,Diedit 6 tahun lalu,"Banyak kuliner dari sore pukul 17.00-malam,penjual mainan dan odong-odong dg harga terjangkau."
ChIJ8ZmE4C0Ily0Rr6w1SzGT37s,R164Er Teguh,3.0,sebulan lalu,Sungai terpendek … tidak jadi tercatat sebagai terpendek di dunia (saat pasang air laut menekan arus sungai Tamborasi
ChIJ8ZmE4C0Ily0Rr6w1SzGT37s,Nanda Aulia,4.0,2 bulan lalu,airnya jernih ditambah dingin juga bagian aliran sungainya.
ChIJ8ZmE4C0Ily0Rr6w1SzGT37s,kasim sultan,5.0,4 bulan lalu,"Airnya langsung dari mata air gunung, lumayan dingin
Yg mau berenang mantap ni, krn bisa berenang di air asin/laut dan bisa juga berenang di air tawar"
ChIJ8ZmE4C0Ily0Rr6w1SzGT37s,Marwah Kunoichi,5.0,setahun lalu,"Amaze 😍

Pantainya cantik dan bersih. Terhubung langsung dengan sungai terpendek di dunia. Mau mandi air dingin tinggal merapat ke sungainya, untuk mendapatkan sensasi air hangat bisa langsung ke air lautnya.

Waktu tempuh dari kota Kolaka sampai ke Tamborasi kurang lebih 2 jam perjalanan dan agak sedikit berkelok2 tapi worth it banget dengan pemandangan alam tamborasi.

Penyewaan gazebo terbilang sangat murah dengan harga 50rb/3 jam. Ruang ganti dan toilet banyak dan cukup bersih dengan air bersih yg melimpah cukup membayar 5rb/orang sudah bisa menggunakan air sepuasnya. Tersedia juga mushola tapi kurang bersih.

Setiap gazebo disediakan karung untuk tempat sampah. Tersedia juga souvenir Tamborasi seperti kaos bertuliskan Tamborasi yg bisa dijadikan oleh2.

Sangat recomended untuk liburan keluarga, jangan lupa tunggu sunsetnya untuk mendapatkan view yg cantik ✨"
ChIJ8ZmE4C0Ily0Rr6w1SzGT37s,Apik APIQUE,5.0,setahun lalu,"Pantai Tamborasi, Kolaka, Sulawesi Tenggara terkenal dengan Sungai Terpendek di Dunia!!

Ya ada aliran sungai dari bebatuan dan langsung ke laut. Sempat coba airnya tawar dan sangat dingin, padahal lagi panas terik.

Mampir kesini hari Senin, hari kerja jadi agak sepi.

Pantainya pasir putih dan terhampar biru bersih. Tp ada beberapa sampah di pinggir pantai. Kesadaran ttg kebersihan pengunjung masih kurang dan perlu terus diingatkan. Krn tempat ini bisa menjadi destinasi wisata dunia. Maka perlu kita jaga bersama :)

Ada juga toko2 penjual makanan, cemilan, baju dan juga mainan termasuk penyewaan ban buat berenang.

Utk kamar mandi/ kencing/ WC biaya 5.000 dikelola oleh warga/warung.

Akses masuk berbayar dan kebetulan tidak antri.

Parkiran mobil luas. Tapi saat weekend atau liburan bisa penuh dan antri."
ChIJ8ZmE4C0Ily0Rr6w1SzGT37s,Maulina Thahara Putri,5.0,4 bulan lalu,"Sungai terpendek yang mata airnya langsung bermuara di laut, tanpa membuat kedua airnya menyatu. Keren🙌🏻 …"
ChIJ8ZmE4C0Ily0Rr6w1SzGT37s,Husein Alfaritsi,5.0,7 bulan lalu,"Sumpehh diluar ekspektasi, ternyata enak banget disini, baru kali ini ada air seger dingin di pinggir laut persis, pantes dibilang sungai terpendek di dunia"
ChIJ8ZmE4C0Ily0Rr6w1SzGT37s,Rolin olink,5.0,3 bulan lalu,Sangat bagus airnya dingin langsung keluar dari dalam baru
ChIJ8ZmE4C0Ily0Rr6w1SzGT37s,Mukti Zazimah,5.0,4 bulan lalu,"Best place, sungai terpendek di dunia, airnya dingin pollll"
ChIJ8ZmE4C0Ily0Rr6w1SzGT37s,Bro M,4.0,10 bulan lalu,Pengalaman yang tak terlupakan.bisa menikmati sejuknya air tawar yang keluar langsung dari mata air di sela-sela batu gunung sekaligus menikmati hangatnya air laut secara bersamaan.
ChIJDxFgUGK_lC0RfnfCEZSWSLg,Fitriani Ms,5.0,2 bulan lalu,Pantai paling keren se SULAWESI👍👍👍👍tunggu aku kembali lagi mengunjungimu wahai pantai xsotik😘 …
ChIJDxFgUGK_lC0RfnfCEZSWSLg,Ibrah Humda Rani Izzah. A,5.0,2 bulan lalu,"Bagus bersihhh, kalau ombak dah kencang dimohon tidak berenang yah manteman🙌🙏 …"
ChIJDxFgUGK_lC0RfnfCEZSWSLg,Fitriani,5.0,3 bulan lalu,Recommended banget buat liburan bareng keluarga atau teman.
ChIJDxFgUGK_lC0RfnfCEZSWSLg,Ridwan Muhammady,4.0,2 tahun lalu,"Pantainya Bagus, tiket masuknya juga murah (tapi menurut saya terlalu murah). Mending dibuat 10rb aja, tapi fasilitas di dalamnya di perbaiki Plus tempat fotonya digratisin.

Pantainya sendiri bagus, pasir putih gitu dengan air yang sangat jernih. sayang aja klo dipakai renang gak enak karena banyak batu karang baik di bibir pantai ataupun bagian dalam pantainya."
ChIJDxFgUGK_lC0RfnfCEZSWSLg,Fitrah Fitrah,5.0,10 bulan lalu,"Pantai dato merupakan salah satu destinasi wisata yang wajib untuk dikunjungi saat berkunjung kemajene, pantai dato memiliki panorama yg indah serta laut yg bersih dan pasir putih yg sangat indah"
ChIJDxFgUGK_lC0RfnfCEZSWSLg,Winanda 'Imran,4.0,setahun lalu,"Pantainya bersih dan pemandangannya indah. Untuk masuk harus menuruni beberapa anak tangga.

Di sekitar pantai juga banyak warung yang menawarkan aneka makanan. Toiletnya juga ada, hanya saja jumlahnya tidak banyak"
ChIJDxFgUGK_lC0RfnfCEZSWSLg,Usman _Sulbar,5.0,4 tahun lalu,"Pantai Dato Majene

Anda suka berwisata ke Pantai? Kapan saat kalau Anda ke Majene, maka berkunjunglah ke Pantai Dato.

Air laut yang bersih, cadasnya tebing karang dan pasir putih adalah kombinasi alam yang terbujur di sepanjang pantai.

Ditambah Gazebo pada beberapa titik.  Dihubungkan oleh jembatan kayu yang membentang di atas air laut menjadi paket pelengkap yang memanjakan penikmat pantai.

Ingin menikmati sunset? Cobalah ke tempat ini 1000 persen Anda akan merindukan, kembali ke Pantai Dato."
ChIJDxFgUGK_lC0RfnfCEZSWSLg,Hurul Aini,5.0,setahun lalu,"Tempat wisata yang pemandangannya sangat bagus, cocok untuk tempat untuk berfoto², healing bersama teman atau keluarga.
Sangat disayangkan karna makin hari beberapa fasilitas nya ada yang tidak terperbarui dan dibiarkan rusak seperti jembatan dan gazebonya, padahal tarif masuk nya sudah naik dibanding saat terakhir kali saya berkunjung.
Parkiran sangat luas bagi motor ataupun mobil, tarif masuk ke tempat wisata tidak termasuk biaya parkir, jadi ada baiknya sebelum kesini menyediakan uang kecil untuk tarif parkir."
ChIJDxFgUGK_lC0RfnfCEZSWSLg,Nurhafida Fida,5.0,setahun lalu,"Keren makin ke tahun makin bagus , saran sih yang uang masuk dan parkir disatuin aja seperti destinasi yang lainnya hehehe pelayanan ramah, penjual banyak harga murah ,parkiran aman, view pantai cantik banget ,pantainya bersih"
ChIJDxFgUGK_lC0RfnfCEZSWSLg,Fadiyah Bahiro,5.0,setahun lalu,"Pantainya bersih.. nyaman ada tempat istirahat yg disewakan murah dipakai sepuasnya.
Yg jualan pun harganya sama dengan harga umum.. gk ada istilah getok harga..
Recommend kalau mau healing kesini.."
ChIJ_UdLPD8kvC0R2_gIi-1Tw1g,kasim sultan,5.0,4 bulan lalu,Mantap....... Pemdangannya Sekaligus bisa olahraga jalan krn jika melewati semua jembatannya yaaa lumayan membuat keringat bercucuran
ChIJ_UdLPD8kvC0R2_gIi-1Tw1g,Salsa danish,5.0,2 bulan lalu,"Tempat indah, biaya masuk 10ribu dewasa, 5000 anak2,bagus untuk akhir pekan,"
ChIJ_UdLPD8kvC0R2_gIi-1Tw1g,De' Ocy,5.0,8 bulan lalu,"Bayar masuk 10rb, tempatnya bagus, sangat sejuk, datangnya pagi2 bagus, cuaca masih sejuk matahari tidak terlalu panas, tapi jam 9 keatas sudah sangat panas, cocok untuk foto2 tapi jgn merusak, banyak tiram nempel di bawah2 kayu, jalanannya ada yg lobang beberapa jadi harus hati2"
ChIJ_UdLPD8kvC0R2_gIi-1Tw1g,Irfan,5.0,10 bulan lalu,"Rekomen kalau mau liburan tapi nggak suka banyak orang. Sejuk jalan di kayu masuk ke manggrove, untuk jalan masuk dari jalan poros memang kecil, jangan lewat rekomendasi googlemaps tercepat, ikuti saja googlemaps yang jalan paling jauhnya lebih enak jalanya aspal."
ChIJ_UdLPD8kvC0R2_gIi-1Tw1g,Imma,5.0,setahun lalu,Semakin bagus tempatnya karena ada beberapa fasilitas yang sudah diperbaiki. Banyak papan informasi yang sangat berguna bagi pengetahuan pengunjung
ChIJ_UdLPD8kvC0R2_gIi-1Tw1g,dewi puspita,3.0,2 tahun lalu,"Perjalanan k sini bermodalkan GPS, daaann ternyata kami nyasar 🤣🤣
Tapi untung bisa nemu kembali jalan yang bener..

Untuk yang memang blom ada tujuan d sinjai boleh mampir k sini foto2.. tiketnya juga murah kok, klo ga salah Rp.10.000/org.."
ChIJ_UdLPD8kvC0R2_gIi-1Tw1g,Lubis Mattulili,5.0,3 bulan lalu,"Tempat ini sangat cocok untuk dikunjungi bersama keluarga di hari libur Krn menawarkan keindahan laut dan hutan bakau yang memukau, jadi ga perlu panas-panas karena sudah berteduh namun perlu disediakan  yaitu WC di dalam lokasi hutan bakau, berbagai penjual food and beverage, mempercantik suasa di dalam hutan bakau, Pemkot Sinjai harus lebih aktif lagi untuk mempromosikan tempat wisata tersebut 🙏🥰
Hutan Bakau Tongke-Tongke the best place for weekend🔥"
ChIJ_UdLPD8kvC0R2_gIi-1Tw1g,Welly Marlinda,4.0,2 tahun lalu,"Pemandangan Indah. Fasilitas toilet Dan mushola tersedia di luar area. Area parkir becek dan berpasir terutama saat musim hujan, perlu ditambah tempat sampah agar kebersihan terjaga. Huruf huruf yg hilang pada tulisan tongke tongke perlu diganti agar lebih jelas terbaca. Fasilitas warung atau penjual makanan tersedia di dalam maupun di luar area."
ChIJ_UdLPD8kvC0R2_gIi-1Tw1g,SRIYUXO,4.0,3 tahun lalu,"Salahsatu pariwisata yang sering dikunjungi di Sinjai, saat pagi-sore hawa panasnya sangat terasa ke kulit karena mungkin lokasinya di pinggir laut jadi wajib pake topi+sunscreen biar gak mudah terbakar kulitnya, jembatannya dari kayu dan lumayan estetik buat foto, tapi kalo anginnya kencang banget agak kerasa goyang dikit jembatannya, ada warung/kantin dalam, tapi lokasi ini kayaknya kurang perhatian deh soalnya usang dan gak ada yang wow lagi"
ChIJ_UdLPD8kvC0R2_gIi-1Tw1g,Ridha AmalAfdhy,4.0,Diedit 3 tahun lalu,"Hutan Mangrove Tongke-Tongke merupakan salah satu primadona pariwisata di Kabupaten Sinjai. Menyajikan pemandangan alam bahari yang bernuansa berbeda. Menjadi salah satu kawasan hutan mangrove terbesar di Indonesia, tempat ini sapat dijadikan sebagai wahana wisata edukatif, cocok untuk kamu yang ingin lebih mengenal lingkungan khususnya kawasan mangrove.

Di dalamnya terdapat berbagai macam tanaman-tanaman mangrove, binatang khas mangrove pun tak mau kalah memamerkan pesonanya. Di area hutan terdapat jembatan kayu yang membentang panjang hingga ke area laut lepas. Jembatan kayu inilah yang menjadi trek wisatawan untuk mengamati keindahan hutan mangrove.

Di area ini pun terdapat kafe-kafe yang menyediakan berbagai hidangan yang dapat memenuhi kebutuhan lidah dan lambung para pengunjung.

Terdapat juga speed boat yang dapat disewa untuk menjelajahi hutan mangrove lebih jauh. Tentunya ini menjadi salah satu pengalaman yang tidak akan anda lupakan. Cobain deh, asyik loh.

Semoga Rhoma Irama diberikan kesehatan dan umur panjang agar terus dapat berkarya.

AAMIIN.....
FORZAAAAAA!!!!!"
ChIJh5xJ6lWghzIRrNwzZv17Aig,Priyo KJ,4.0,8 tahun lalu,"Pros: Kolam renang untuk dewasa cukup memadai. Kolam renang untuk anak dan permainan airnya pun cukup menghibur untuk ukuran Manado. Sekarang diperbolehkan membawa makanan dan minuman dari luar, kalau tidak bisa pesan di restoran yang ada.

Cons: Air dirawat relatif kurang, sehinga TDS nya relatif tinggi dan kadang terlihat endapan kotoran di bawah kolam. Jam buka pukul 9.00 sepertinya terlalu panas. Dan yang paling negatif adalah kamar mandi dan toiletnya banyak yang rusak tanpa diperbaiki."
ChIJh5xJ6lWghzIRrNwzZv17Aig,lia kamali,5.0,7 tahun lalu,"Tempat yang recommended banget buat renang bareng-bareng keluarga, ada banyak macam kolam dari yang dangkal hingga dalam. Suasananya sangat asri dan di penuhi dengan taman-taman dan berbagai bunga yang cantik 😍 ada area bermain juga buat anak-anak, ayunan serta jungkat-jungkit. Ada juga kolam renang arus. Disini banyak banget jenis prosotan dan pasti nya sangat menguji adrenalin kalian. Untuk lokasi kamar mandi cukup banyak dan jika rame pengunjung kalian tidak usah ngantri-ngantri lagi. Untuk tiket masuk nya lumayan murah cuma dengan 30 rb kalian bisa mendapatkan fasilitas yang boleh lah. Dan unik nya waktu kalian masuk kalian harus ditempelin gelang dari kertas, tapi ajaibnya kertas gelang tersebut di pakai untuk renang tidak sobek. Sungguh bangus design nya tertata dengan rapi."
ChIJh5xJ6lWghzIRrNwzZv17Aig,Hanny Rawung,5.0,6 tahun lalu,"Tempat rekreasi air yang sangat bagus, bersih dan luas. Direkomendasikan untuk rekreasi keluarga atau kelompok. Terletak dekat bandar udara Sam Ratulangi dan memiliki perumahan didalamnya. Perumahan sekitar 1000an baik yang elit maupun yang bisa dijangkau dengan harga yang murah."
ChIJh5xJ6lWghzIRrNwzZv17Aig,Yuni,5.0,7 tahun lalu,"Tempat rekreasi yg luas di dekat perumahan. Menyediakan luncuran air dengan beberapa tingkat ketinggian. Tiket masuk 30rb (bukan weekend), ada tempat penyewaan loker seharga 30rb. Ada kamar mandi utk ganti baju dan membilas badan. Dan utk seluncuran yg paling tinggi hanya dibuka hari minggu (kata penjaganya)."
ChIJh5xJ6lWghzIRrNwzZv17Aig,Erland Mamusung,5.0,2 bulan lalu,"Tempat ini dahulu ramai sekali, karena bagus dan luas, tapi sayang tidak bertahan lama dan akhirnya di tutup"
ChIJh5xJ6lWghzIRrNwzZv17Aig,INDRI PRATIWI,4.0,8 tahun lalu,"Tempatnya menarik bagi anak-anak. Kolam yang tidak terlalu dalam, memang diperuntukkan untuk anak-anak dan remaja.
Sayangnya wahana luncuran sudah tidak terlalu licin untuk dipakai meluncur.
Disini juga tersedia restauran bagi yang tidak mau repot membawa makanan dari rumah.
Sekarang sudah diperbolehkan membawa makanan/minuman dari luar.
Harga tiket masuk berkisar 45-60 ribu."
ChIJh5xJ6lWghzIRrNwzZv17Aig,Theolita Sondakh,4.0,Diedit 7 tahun lalu,"Cocoklah untuk refreshing. Banyak wahananya. Wahana yang bermain yang besar hanya dibuka pada Sabtu minggu dan hari libur nasional, dan hanya dibuka sampai jam 5 sore. Biaya masuk Rp40.000, untuk Selasa sampai Jumat ada diskon 25% (tidak berlaku hari libur). Parkiran luas, goodlah."
ChIJh5xJ6lWghzIRrNwzZv17Aig,Fitriah AzZahra,5.0,7 tahun lalu,"Tempatnya bagus dan bersih, untuk kolam anak2 luas jd anak puas mainnya, buat yg muslim gk takut ketinggalan sholat krn ada mushola kecil di lantai dua (dekat restorannya), abis mandi anak2 senang liat ikan di aquarium besar ..over all recomended utk liburan keluarga 👍👍 …"
ChIJh5xJ6lWghzIRrNwzZv17Aig,Ranechan 4869,4.0,Diedit 7 tahun lalu,"Lumayan bagus dan luas, tpi gak bgitu suka sma airnya agak perih dikulit"
ChIJh5xJ6lWghzIRrNwzZv17Aig,Gregorius Theo,4.0,7 tahun lalu,"GPI Waterpark adalah salah satu wahana wisata di Manado yg letaknya dekat dengan bandara, yg memanjakan pengunjungnya dengan beragam permainan dan kegiatan di air. Dengan biaya masuk Rp30.000, pengunjung bisa menikmati semua fasilitas yg tersedia."
ChIJJ-oTHJ-7lS0RJ5kYA1C2CEg,Muh.Al-Farabih Aliyah,4.0,2 bulan lalu,"Suasana disini sangat asri dan nyaman,banyak tanaman dan spot foto disini,tiket masuk juga relatif murah dan juga fasilitasnya masih terjaga.Tapi sayangnya banyak tanaman yang kurang terawat"
ChIJJ-oTHJ-7lS0RJ5kYA1C2CEg,Nurul Rejeki,4.0,Diedit setahun lalu,"Taman Kota. Tempat wisata belajar di alam. Tempatnya luas dan asri. Masuk dengan membayar 5000 rupiah. Bisa dibayar dengan menggunakan QRIS. Tamannya bersih, cantik dan banyak spot foto. Tiap tanaman juga di beri barcode untuk mengenal tanaman tersebut. Juga terdapat aula untuk acara kumpul2. Dan menara untuk melihat laut dan kota parepare dari ketinggian.
Sayangnya tidak ada penjual cemilan dan minuman."
ChIJJ-oTHJ-7lS0RJ5kYA1C2CEg,Aldhy 9900,4.0,setahun lalu,"Suasananya msh asri, sejuk, dan sangat luas
Cuman mungkin karna sdh lumayan lama dan sdh kurang pengunjung jd sdh tdk sebagus dulu
Tp untuk semuanya msh sangat baguss cocok untuk berkunjung sambil olahraga jalan kaki 😁"
ChIJJ-oTHJ-7lS0RJ5kYA1C2CEg,Mahdi,4.0,4 bulan lalu,"Kebun Raya Jompie di Kota Parepare merupakan salah satu ruang hijau yang paling menarik untuk dikunjungi, terutama bagi pengunjung yang ingin menikmati suasana alam tanpa harus bepergian jauh dari pusat kota. Tempat ini menawarkan perpaduan antara kawasan hutan lindung, kebun botani, dan area rekreasi yang cukup tertata. Begitu memasuki kawasan ini, pengunjung langsung disambut oleh deretan pepohonan besar yang memberikan kesan rindang dan menenangkan.

Dari segi fasilitas, Kebun Raya Jompie telah dilengkapi jalur trekking, gazebo, dan beberapa titik foto yang cukup menarik. Jalurnya cocok untuk aktivitas santai seperti berjalan pagi atau sekadar menikmati udara segar. Meski tidak semuanya dalam kondisi sempurna, sebagian besar area masih terawat dengan baik. Tempat ini juga menjadi lokasi favorit bagi keluarga dan komunitas pecinta alam untuk berkumpul.

Keindahan alam dan kesejukan udaranya menjadi nilai plus yang membuat banyak orang betah berlama-lama. Namun, beberapa fasilitas umum seperti papan informasi tanaman dan area bermain masih bisa ditingkatkan agar lebih informatif dan nyaman. Meski demikian, secara keseluruhan Kebun Raya Jompie tetap layak menjadi destinasi rekreasi alam di Parepare.

Dengan suasana yang teduh, bersih, dan menenangkan, tempat ini pantas mendapatkan rating 4 dari 5."
ChIJJ-oTHJ-7lS0RJ5kYA1C2CEg,Asha Syamsuddin,4.0,Diedit 2 tahun lalu,"Salah satu destinasi wisata yang ada di Kota Parepare ini berlokasi di jl. Industri Kecil. HTM untuk dewasa Rp. 3000,- dan untuk anak-anak Rp. 2000,-. Tempat parkir cukup luas di bagian depan samping pintu masuk utama.

Masih perlu pembenahan dan pengembangan lebih lanjut agar Kebun Raya ini menjadi jauh lebih asri dan indah. Mungkin bisa ditambah beberapa spot foto lagi di beberapa tempat agar lebih menarik pengunjung untuk datang kesini, bukan hanya ramai saat ada pertemuan, perlombaan dan semacamnya.

Di Taman Anggrek saya tidak menemukan tanaman anggrek, cuma tanaman lain dan itupun seperti kurang terawat. Mungkin karena pengaruh cuaca yang sangat panas sehingga banyak tanaman yang layu. Ada toilet di beberapa titik cuma yang di dekat menara sepertinya tidak difungsikan (terkunci dan air di wastafel tidak mengalir). Mungkin bisa ada kantin atau kafetaria biar pengunjung bisa melepas dahaga setelah berkeliling Kebun Raya ini."
ChIJJ-oTHJ-7lS0RJ5kYA1C2CEg,yuliana rahmawati,4.0,setahun lalu,"1. Mengajak anak-anak untuk lebih mengatahui tentang ekosistem yang ada di sekitar kita. Salah satunya adalah ke tempat ini.

2. Harga tiket masuk 5 ribu rupiah dan ternyata cuma bayar untuk dewasa. 2 anak saya tidak perlu bayar. Mungkin kebijakannya supaya anak-anak lebih sering ke sini.

3. Menurutku perlu diadakan event-event besar di tempat ini agar banyak yang tertarik ke sini. Atau mungkin ditambahkan wahana outbond sebagai pemantik masyarakat."
ChIJJ-oTHJ-7lS0RJ5kYA1C2CEg,Danang Laksono,5.0,11 bulan lalu,Taman tengah kota yang terawat bersih rapi dan menyenangkan. Parkiran luas. Tenang . Karcis 5000.
ChIJJ-oTHJ-7lS0RJ5kYA1C2CEg,Fardian_ Syah,5.0,2 tahun lalu,"Cocok buat kalian yang senang dengan wisata alam. Pemandangan alami dimana mana. Selain rimbunnya berbagai jenis pepohonan & tumbuhan, kalian juga dapat menikmati sunset dari ketinggian diatas menara Pandang."
ChIJJ-oTHJ-7lS0RJ5kYA1C2CEg,kaki panjang,5.0,2 tahun lalu,Salah satu taman publik di kota pare-pare dengan nuansa tropis dan hijau. Fasilitasnya dijaga dan dirawat dengan baik. Cocok untuk berlibur akhir pekan bersama dengan keluarga. Harga tiket masuk 5rb untuk dewasa. Dan kalau kesini buang sampah pada tempatnya ya 🙌🏼
ChIJJ-oTHJ-7lS0RJ5kYA1C2CEg,Kiki Hartono KHL,4.0,3 tahun lalu,"Pernah mendapat penghargaan hutan kota,suasa keren mantap,banyak jenis tanaman, gedung fasilitas bisa di gunakan untuk acara2, tanaman kaktus dan lain ada di disini, pintu gerbang besar,ada WC di luar (dulu nga ada air) parkiran di luar, terdapat papan2 petunjuk, di dalam ada petugas dan pekerja, masuk persekarang yg saya tau(2.1.23) bayar 6k untuk 1 org,, info dari org yg masuk di dalam"
ChIJR03wwKEqeTIR3q4KVLC5JCY,zhu pukiko,5.0,2 tahun lalu,"Tangga 2000 bukan karena tangganya ya tapi peresmiannya😂. Tempat ini ramai di kunjungi oleh warga maupun wisatawan untuk menikmati suasana pantai pagi, siang maupun malam. Di tempat ini ada banyak yang berjualan, dari milu bakar(jagung …"
ChIJR03wwKEqeTIR3q4KVLC5JCY,M. Ikbal Hidayatullah,4.0,2 tahun lalu,"Untuk pengunjung dari luar daerah Gorontalo atau Sulawesi, mungkin berekspektasi tangga 2000 ini adalah tangga yang jumlahnya 2000, saya pas pertama kali datang kesini berharap melihat tangga panjang dan banyak tersebut, tetapi padahal itu …"
ChIJR03wwKEqeTIR3q4KVLC5JCY,Yassir Adiputera,4.0,6 tahun lalu,"Menikmati sore bersama keluarga paling pas di tempat ini. Pisang goreng, goroho, jagung bakar menu yang patut dicoba kalau ke tempat ini. Sayang jalannya tidak ada tempat parkir, jadi mobil harus parkir di badan jalan dan itu yang membuat macet."
ChIJR03wwKEqeTIR3q4KVLC5JCY,Naida,4.0,7 tahun lalu,"Saya kira sebuah tempat khusus untuk wisata ternyata hanya pandangan dpinggir laut sambil menikmati angin sepoi d sepanjang jalan, dan banyak warung2 di pinggir laut,. Tangga 2000 yang dimaksud itu ada berada di dlm air,. Kata pak bentornya,."
ChIJR03wwKEqeTIR3q4KVLC5JCY,Rubee Cone,4.0,7 tahun lalu,bukan tangga nya ada 2000.. tapi tempat ini dibangun thn 2000. bisa liat pelabuhan.. kalo malem mercusuarnya kelap kelip cantik.. misal masih terang bisa k tempat pelelangan ikan.. ada jual sate tuna sama jagung bakar.. pas buat nongkrong sama liat sunset.. kadang kalo malem yg daerah bawah suka tetiba mati lampu.. g horor kok.. malah bintangnya keliatan banyak kek ketombe 😍
ChIJR03wwKEqeTIR3q4KVLC5JCY,jester black,5.0,6 tahun lalu,"Tempatnya bagus
Cmn sayang kurang terawat
Bnyak sampah di laut"
ChIJR03wwKEqeTIR3q4KVLC5JCY,anisah handayani,3.0,7 tahun lalu,"Tempat yg tenang buat cuci mata, cuman sayang dari tahun ke tahun pinggiran pantainya tambah kotor dri mulai sampah harian, tanaman eceng gondok, sampai tongkol jagung bekas makanan ada ditepian padahal setiap pagi dan sore banyak yg mandi disitu"
ChIJR03wwKEqeTIR3q4KVLC5JCY,OisGrame,5.0,3 tahun lalu,"Begitulah Gorontalo, semua dapat dimaksimalkan dengan cara yang unik. Salah satunya objek wisata yang menghadirkan keindahan ✨"
ChIJR03wwKEqeTIR3q4KVLC5JCY,ARIKCP CHANNEL,5.0,7 tahun lalu,Cocok untuk wisata air. Karna seblum sampai pada pantai kita disuguhi pemandangan gunung.
ChIJR03wwKEqeTIR3q4KVLC5JCY,Andreas Pascal,3.0,7 tahun lalu,Cocok untuj tempat persinggahan bersantai di sore hari sambil menikmati jagung bakar dan kopi dengan pemandangan laut.
ChIJAQAAAKxshzIRS0eiMlhjY4k,anangoy,5.0,sebulan lalu,"Suasana yang sangat tentram, dan khusuk untuk berdoa dan bermeditasi. Area Jalan salib sangat bersih, dan terawat"
ChIJAQAAAKxshzIRS0eiMlhjY4k,Dian “Icha” Icha,4.0,2 bulan lalu,"Pengen masuk kesini tp ternyata 1 jam lagi mau tutup, udah kesorean kesini, akhirnya foto2 aja diluarnya..cuma aga terjal ya spotnya..selebihnya ok..jadi penasaran didalamnya seperti apa yah.."
ChIJAQAAAKxshzIRS0eiMlhjY4k,Ben Tendean,5.0,2 bulan lalu,"Tenang, sejuk, rindang. Bagus untuk buat video clip ato foto2.. Kalo d  Bali, ini kayak bedugul"
ChIJAQAAAKxshzIRS0eiMlhjY4k,Dani Feriya Setiyawan,5.0,8 bulan lalu,"Campsite nya bagus, pas izin cek lokasi camping ternyata diperbolehkan sama yg jaga (makasih ya pak) yang mencerminkan keramahan staffnya. Cuman tanah campingnya agak keras karena mayoritas bebatuan. Fasilitasnya bagus kyk toilet dan air bersih serta penerangan yg cukup untuk camping"
ChIJAQAAAKxshzIRS0eiMlhjY4k,Endah Prahmawati,4.0,3 bulan lalu,View gunung lokon dan suasana hutan pinus menyejukan.
ChIJAQAAAKxshzIRS0eiMlhjY4k,Dea qori,5.0,9 bulan lalu,"Tempatnya ramah anak, masih sangat asri dan alami, kebersihan cukup terjangkau, meskipun ada sisa sampah bakaran dikit dari peserta camp sebelumnya, tapi secara keseluruhan sangat bersih lingkungannya, kamar mandinya juga bersih, airnya menyala 24 jam, pemandangan yang sangat indah serta memanjakan mata, htm camping di sini cukup Rp 50.000 per orang, tapi dijamin puas."
ChIJAQAAAKxshzIRS0eiMlhjY4k,Whyuu (tar),5.0,4 bulan lalu,"Biaya masuk 25rb untuk 1 orang (ditukar dengan teh/kopi hitam)
Akses jalan kendaraan cukup menanjak"
ChIJAQAAAKxshzIRS0eiMlhjY4k,Endrx Harjo,5.0,3 bulan lalu,Hijau segar dibawah kaki gn mahawu
ChIJAQAAAKxshzIRS0eiMlhjY4k,Onie Briqvan,5.0,setahun lalu,"Tempat rekreasi spiritual nasrani yang bagus
Ada beberapa tempat yg menunjukkan cerita penyalib an Yesus yang dimuat dalam diorama jalan

Ada church untuk acara2 khusus

Juga cafe mini"
ChIJAQAAAKxshzIRS0eiMlhjY4k,Rena Kyaa,5.0,setahun lalu,"Konsepnya menarik, ada terowongan yang menceritakan perjalanan hidup Yesus. Bersih dan terawat. Tiket masuk 1 orang 25rb. Jalan menanjak Pastikan kendaraan dan kondisi badan fit. Sinyal baik"
ChIJoYrxBJtImC0RudCdBDvrAtI,Fotografer Magang,4.0,sebulan lalu,"Tugu yg menjadi kebanggaan unaaha sejak lama,waktu dulu Kendari saja tidak punya ."
ChIJoYrxBJtImC0RudCdBDvrAtI,Dedik “Pak Odeng” Rudianta,4.0,setahun lalu,"2019 pernah tinggal di sekitar tempat ini, kemarin tgl 23 maret 2025 datang lagi hanya mau makan ayam goreng"
ChIJoYrxBJtImC0RudCdBDvrAtI,Munsir Ansori,5.0,7 tahun lalu,Monumen penghargaan yang menjadi kebanggaan masyarakat Unaaha dengan keindahannya yang eksotis dan menawan
ChIJoYrxBJtImC0RudCdBDvrAtI,Matius Mongan,5.0,setahun lalu,Ikut penempatan One Thousans Missionary
ChIJoYrxBJtImC0RudCdBDvrAtI,Erdin VDNI,5.0,setahun lalu,Tempat pangkas rambut MERDIN DORKIT
ChIJoYrxBJtImC0RudCdBDvrAtI,ADHI YAKSA PRATAMA,5.0,2 tahun lalu,Tugu Adipura pertama dibangun tahun 1995 masa pemerintahan Bupati Razak Porosi. Tugu Adipura adalah representasi dari penghargaan yang diterima pemerintah Kabupaten Konawe dengan nama yang sama yaitu Piagam Adipura untuk Kategori Kota Kecil …
ChIJoYrxBJtImC0RudCdBDvrAtI,IT network & hardware Musliyadi,5.0,4 bulan lalu,Perempatan yg cocok untuk terminal
ChIJoYrxBJtImC0RudCdBDvrAtI,Virgazuli Zakaria,5.0,setahun lalu,"Perbaikan alat alat listrik seperti Dinamo, Control panel dan lain lain. Perbaikan alat alat listrik Kapal serta pemasangan Instalasi kapal baru."
ChIJoYrxBJtImC0RudCdBDvrAtI,Jumardin Ding,3.0,setahun lalu,"Baiknya di perempatan ini dilengkapi lampu rambu lalulintas yg dapat menstabilian dan kelancaran pengendara, agar lebih aman."
ChIJoYrxBJtImC0RudCdBDvrAtI,jack urek,5.0,Diedit setahun lalu,Teruntuk pemda kinerjanya udah bagus... Lebih di tingkatkan lagi demi kota kecil kita tercinta... Oh iya... Sampah masih menjadi topik utama..
ChIJoYmmdGzlvS0R539x44azkzI,Muhammad Rizky Hatsa,5.0,4 bulan lalu,"Tempat nya bersih dan asri. Kebetulan saya mengunjungi tempat ini pada hari Minggu pagi hari. Terdapat banyak tempat yang bisa dikunjungi dalam satu tempat, misalnya bangunan gallery dan lainnya.
Pelayanannya sangat baik.
Terimakasih, terutama bantuan informasi dari Pak Syakur :)"
ChIJoYmmdGzlvS0R539x44azkzI,Ernie Ari Jumadi,5.0,Diedit 3 bulan lalu,Salah satu objek wisata di Bone yang harus dikunjungi... Tidak terlalu jauh dari pusat kota.. Pantainya bersih.. Di sana anda bisa melihat perahu2 nelayan yg sedang berlabuh.. Indah..
ChIJoYmmdGzlvS0R539x44azkzI,Adinda Safira Dwi Putri,1.0,9 bulan lalu,"Kebersihan sangat kurang, pelayanan staffnya ga ramah, Fasilitasnya ga bagus, gazebonya udah rapuh semua dan kotor. Baru kesini lagi setelah sekian lama tapi pelayanannya udah sangat buruk, mau sewa gazebo yg harga 200k yang harusnya ada akses langsung ke kolam tapi digembok dan kata stafnya gabisa dibuka, lah ngapain bayar lebih kalau gaada kelebihannya. Buang² waktu aja kesini, sangat tidak worth it."
ChIJoYmmdGzlvS0R539x44azkzI,Imam Budiman,4.0,4 tahun lalu,"Salah satu obyek wisata populer di Kab. Bone. Letaknya agak jauh dari pusat kota. Posisinya di tepi pantai, ada fasilitas water park, penginapan dan rumah makan yang cukup ramai dikunjungi di akhir pekan. Hanya saja fasilitas di area water park masih cukup minim dan perlu beberapa perbaikan agar lebih baik lagi."
ChIJoYmmdGzlvS0R539x44azkzI,Asrullah,5.0,setahun lalu,"Tempat hiburan dan liburan yang baik

Klau mau merasa privat datang di hari biasa ya Senin sampai Jumat akan seperti privat 😁

Kalau mau ramai datang di hari Sabtu atau Minggu"
ChIJoYmmdGzlvS0R539x44azkzI,Taharuddin H.,4.0,2 bulan lalu,"Tempatnya nyaman dan luas, dekat pantai, masyarakat setempat juga ramah.

Tempat parkir kendaraan juga luas dan aman.

Selain itu ada juga beberapa tempat yang menyajikan pemandangan indah dekat lokasi."
ChIJoYmmdGzlvS0R539x44azkzI,isman hadi,4.0,3 tahun lalu,"Tempat rekreasi bagi keluarga di Kabupaten Bone, tersedia waterboom, kolam renang Dan villa yang bisa untuk menginap. Kuliner lokal juga tersedia seperti, mie goreng, nasi goreng, nasi poppo, dll"
ChIJoYmmdGzlvS0R539x44azkzI,Ahmad Riadi,3.0,7 tahun lalu,"Pertama kita mengapresiasi dengan penambahan sarana dan wahana di Tanjung Pallette. Jadi ada alternatif yang bisa menikmati selain matahari terbit Teluk Bone.

Sudah banyak teman kita yang mengulas wisatanya. Jadi saya tidak akan mengulas itu.

Keindahan laut di sini dengan segala aktivitas masyarakatnya memang menarik, ditambah dengan karakteristik pantainya yang unik dengan tebing tebing batunya.

Sesekali alihkan pandangan anda ke sela-sela pepohonan di tepinya. Tumpukan sampah plastik ada di sana. Bahkan di titik tertentu baunya tercium menyengat.

Kita berharap, dengan segala keindahan alam yang kita eksploitasi, ada kontribusi positif yang kita berikan. Timbal balik positif terhadap lingkungan adalah kewajiban kita.

Semoga ini bisa diterima sebagai masukan.  😊"
ChIJoYmmdGzlvS0R539x44azkzI,Nidar Ners,4.0,setahun lalu,"Salah satu Daya tarik Waterpark Pallette yakni viewnya yang langsung menghadap ke laut Teluk Bone. Berharap ke depannya ditingkatkan lagi terutama aspek kebersihannya, wahananya difungsikan lagi."
ChIJoYmmdGzlvS0R539x44azkzI,Ridha AmalAfdhy,4.0,5 tahun lalu,"Area wisata yang terkonsep dengan jelas, menyajikan wahana bermain air yang seru dan juga pemandangan tebing yang dihempas sang ombak. Sungguh perpaduan yang sangat harmoni. Ayo rasakan sendiri sensasinya di Tanjung Pallette Bone!!!"
ChIJpVexH3Tivi0R2gWAvWT_7HI,Agus IF,4.0,7 bulan lalu,"Bentengnya tinggal sebagian kecil sj. Area sekitar tampaknya sering digunakan anak2 sekolah utk berkemah. Di sini jg terdpt rmh2 adat yg ada di sulsel spt rmh adat mandar, bugis, dll."
ChIJpVexH3Tivi0R2gWAvWT_7HI,Novia,3.0,setahun lalu,"Mumpung di Makassar, mau mengunjungi salah satu historical sitenya yaitu Benteng Sumba Opu. Letaknya nggak terlalu jauh dari pusat kota dan dekat dengan pemukiman warga. Di sekitar Benteng Sumba Opu juga ada wisata rumah adat masyarakat Bugis.

Waktu sampai sepii sekali, nggak ada pengunjung. Ada juga beberapa anak sekolah lagi bikin tugas video senam🥲 Area bentengnya nggak terlalu luas, jadi bisa dikelilingi dengan cepat. Di puncaknya ada rumah kecil, cuma untuk bentengnya seperti kurang terawat.

Keliling ke rumah adat di sekitarnya juga sepii banget, cuma ada saya kayanya. Padahal bagus kalau bisa dimanfaatkan untuk edukasi. Di daerah rumah adatnya juga minim informasi yang bisa dibaca. Semoga ke depannya bisa dikembangkan lagi ya."
ChIJpVexH3Tivi0R2gWAvWT_7HI,Tri Saldi Saharuddin,4.0,setahun lalu,"Ada banyak rumah adat Sulawesi Selatan disini bahkan beberapa diantaranya juga ada rumah adat Sulawesi Barat. Tapi sayang ada beberapa rumah adat yang sudah rusak dan kurang terawat. Sering kesini ketika berakhir pekan, karena banyak tempat yang bisa dikunjungi seperti museum, baruga somba opu, makam bersejarah dan juga banyak rumah adat yang bisa dijadikan spot foto.

Pada masa Sultan Hasanuddin (1653-1669), fungsi Benteng Somba Opu masih sebagai benteng induk, pusat perniagaan tempat berlabuhnya kapal, dan pusat pemerintahan. Benteng Somba Opu berbentuk persegi dengan luas sekitar 15 ha. Sisi-sisi benteng ini berukuran 2 kilometer dengan tinggi sekitar 7-8 meter dan ketebalan 12 kaki.

Alamat lengkap dari tempat ini sendiri berada di Benteng sombaopu, Gusung Sarombe Sapiria, Benteng Somba Opu, Kec. Barombong, Kota Makassar, Sulawesi Selatan. Kalian bisa datang disini dari senin hingga hari minggu."
ChIJpVexH3Tivi0R2gWAvWT_7HI,mifta nurmala,1.0,2 tahun lalu,"Sayang sekali, tempat bersejarah peninggalan abad ke 16 kondisinya sangat tidak terurus. Di area sekitarnya terdapat tanah yg sangat luas, dibangun replika rumah adat tiap daerah di Sulsel, tapi sayang tidak terawat, taman2 gersang, banyak orang2 yang malah gunakan replika rumah adat itu untuk nongkrong2/pertemuan gitu. Harusnya dijaga, biar terawat dan tidak rusak. Sangat sangat kecewa. Dinas pariwisatanya gimana ini ???"
ChIJpVexH3Tivi0R2gWAvWT_7HI,Wandira Larasati,5.0,8 tahun lalu,Tempat untuk berjalan-jalan. Tapi kurang menarik juga karena rumah-rumahnya tidak terurus. Banyak anak-anak muda lokal yang berdiam di sana sehingga wisatawan ragu kalau mau lihat detil rumah-rumah adatnya. Papan informasinya masih sedikit. Dan jalanannya tidak cukup baik dan bersih. Padahal nyaman sekali. Tempat makan pun hanya ada warung kecil. Dan tidak tersedia toilet umum.
ChIJpVexH3Tivi0R2gWAvWT_7HI,Agastya Rajasya,5.0,Diedit setahun lalu,"Pengalaman saya mengunjungi tempat ini cukup baik, hanya saja untuk area sekitar benteng sangat perlu perbaikan dan perawatan lebih lanjut."
ChIJpVexH3Tivi0R2gWAvWT_7HI,Van Nongka,3.0,6 tahun lalu,"Untuk ukuran lokasi cagar budaya, tempat ini sungguh memprihatinkan. Saat saya berkunjung kondisi museumnya kurang lengkap, walaupun masih terawat tapi jauh dari kondisi layak disebut museum.
Peninggalan artefak juga banyak yang rusak dan tak terawat. Bahkan banyak bagian bagunan benteng yang sudah hilang atau rusak parah karena tidak adanya perawatan.
Rumah-rumah adat yang dibangun dalam kompleks benteng juga banyak terlihat kumuh dan dipakai oleh warga sebagai tempat tinggal.
Tidak adanya batas yang jelas antara pemukiman warga dengan wilayah cagar budaya benteng somba opu, membuat area cagar budaya ini rawan dari kerusakan dan terlihat tidak terawat.
Semoga pemerintah bisa melakukan pembenahan."
ChIJpVexH3Tivi0R2gWAvWT_7HI,Desi Andiani,3.0,7 tahun lalu,"Agak jauh dr pusat kota, kurang tertata, agak kotor. Padahal disini ada 24 miniatur rumah2 adat Makassar. Tp disini sering diadakan kegiatan oleh mahasiswa/i setempat & sering digunakan untuk hunting foto. Bentengnya juga sdh tidak terawat, hanya tersisa dibagian belakang."
ChIJpVexH3Tivi0R2gWAvWT_7HI,Hendra Nafsosianto,4.0,3 tahun lalu,"Ikon kota Makassar yang terletak di kabupaten Gowa, tapi tidak terlalu jauh dari pusat kota. Yang mau mengenal sejarah dan kebudayaan yang ada di Sulawesi cocok untuk datang kesini. Daya tariknya karena ada rumah adat khas beberapa daerah di tanah Sulawesi. Kalau bangunan bentengnya sendiri tidak utuh lagi karena faktor usia, tapi kanu bisa liat beberapa tembok benteng yang masih berdiri."
ChIJpVexH3Tivi0R2gWAvWT_7HI,Mochamad Latif,5.0,Diedit 6 tahun lalu,"Merupakan salah satu destinasi wisata alternatif di Makassar, walaupun terletak di kabupaten Gowa, tapi tempat ini jadi salah satu icon wisata makassar, disana terdapat waterboom, taman burung, outbond dan kawasan benteng dengan berbagai rumah adat sulawesi selatan. Taman burung merupakan tempat rekreasi yang nyaman serta pembelajaran satwa buat anak anak, selain berbagai jenis burung, terdapat satwa lainya seperti beruang madu, kera hitam, buaya, ular, rusa dan anoa."
ChIJgZV-eIntky0RMLFusi_J-FY,dijay brian,4.0,4 bulan lalu,"Pusat kota Makale, terdapat patung Lakipadada adalah tokoh legendaris dalam sastra lisan mite kepahlawanan dari Tana Toraja, Sulawesi Selatan, dikenal sebagai sosok yang mencari keabadian setelah keluarganya meninggal, namun akhirnya menjadi leluhur raja-raja di Sulawesi (Toraja, Gowa, Luwu) setelah belajar menerima takdir, melambangkan kearifan lokal Toraja tentang kematian dan kehidupan."
ChIJgZV-eIntky0RMLFusi_J-FY,Nanda,5.0,10 bulan lalu,"Monumen Patung Lakipadada adalah salah satu ikon budaya yang wajib dikunjungi saat berada di Tana Toraja, khususnya di pusat Kota Makale. Terletak di tengah Bundaran Kolam Makale, patung ini menggambarkan sosok Lakipadada, pahlawan legendaris dalam mitologi Toraja yang dikenal karena keberaniannya dan perjalanan spiritualnya mencari ""tang mate"" – simbol kehidupan abadi.

Dikelilingi oleh kolam air mancur dan taman kota yang asri, suasana di sekitar monumen ini sangat menenangkan, terutama saat malam hari ketika lampu-lampu menghiasi area. Tak hanya menjadi simbol sejarah dan identitas budaya Toraja, tempat ini juga berfungsi sebagai ruang publik yang hidup — ideal untuk jogging pagi, jalan sore, atau sekadar duduk menikmati udara segar.

Uniknya, kadang terlihat warga memancing di kolam sekitar patung, menambah kesan hangat dan akrab dari tempat ini. Lokasinya pun berdekatan dengan spot-spot menarik lainnya seperti bangunan ikonik khas Toraja dan Patung Tuhan Yesus Memberkati.

Monumen ini bukan hanya penanda sejarah, tetapi juga lambang semangat dan nilai luhur yang diwariskan dari generasi ke generasi di Tanah Toraja. Sebuah destinasi yang tidak hanya indah secara visual, tetapi juga kaya akan makna budaya."
ChIJgZV-eIntky0RMLFusi_J-FY,Yuhardin SSI,5.0,9 bulan lalu,"Lakipadada adalah seorang tokoh dalam sastra lisan Toraja yang dianggap sebagai pahlawan dan leluhur raja-raja di Sulawesi Selatan.

Dalam cerita rakyat Toraja, Lakipadada adalah seorang pemuda yang menghadapi berbagai cobaan dan akhirnya menjadi tokoh yang dihormati karena kebijaksanaannya dan keberaniannya."
ChIJgZV-eIntky0RMLFusi_J-FY,Je Tujuh Prime,4.0,11 bulan lalu,"Patung Lakipadada adalah sebuah monumen ikonik yang terletak di Bundaran Kolam Makale, pusat Kota Makale, Tana Toraja, Sulawesi Selatan. Patung ini menggambarkan sosok Lakipadada, tokoh legendaris dalam mitologi Toraja, yang dikenal sebagai seorang pahlawan pemberani dan pencari kehidupan abadi. Dalam cerita rakyat Toraja, Lakipadada adalah seorang bangsawan yang melakukan perjalanan panjang mencari ""tang mate"" — sebuah simbol kehidupan tanpa kematian — demi menyelamatkan rakyatnya dari penderitaan.

Patung ini berdiri megah di tengah kolam air mancur yang dikelilingi taman kota, menambah keindahan suasana, terutama saat malam hari ketika lampu-lampu menghiasi area tersebut. Monumen ini diresmikan pada tanggal 28 Oktober 2016 dan menjadi salah satu kebanggaan masyarakat Toraja. Tidak hanya sebagai simbol sejarah dan budaya, Patung Lakipadada juga menjadi tempat favorit warga untuk bersantai, berolahraga, atau menikmati pemandangan kota.

Keberadaan monumen ini melambangkan semangat perjuangan, kebijaksanaan, dan tekad yang diwariskan dari nenek moyang Toraja kepada generasi masa kini, sekaligus memperkaya identitas budaya daerah tersebut."
ChIJgZV-eIntky0RMLFusi_J-FY,Efrain Apriwanto Rerung,5.0,2 tahun lalu,"Salah satu daya tarik wisata yang ada di Toraja, khususnya di Tana Toraja (Kota Makale).
Monumen ini terletak di pusat kota Makale, tepatnya di tengah kolam Makale. Disekitar monumen ini juga terlihat beberapa spot menarik, seperti bangunan-bangunan ikonik Toraja dan patung Tuhan Yesus Memberkati.
Patung Ikonik ini mengabadikan suatu sejarah Toraja dahulu kala. Merupakan patung dari seorang laki-laki pemberani Toraja.
Disekitar monumen ini sangat cocok untuk melakukan kegiatan olahraga pagi (jogging) maupun jalan sore santai.
Bahkan terkadang terlihat aktivitas orang yang memancing ikan dari kolam diarea monumen ini."
ChIJgZV-eIntky0RMLFusi_J-FY,ian suhendra,4.0,3 tahun lalu,"Okey tempat ini ada di pusat kota Makale. Kolam besar dengan patung pahlawan Toraja ini merupakan ikon dari kota Makale sebagai pusat dari Tana Toraja.

Areanya sendiri menurutku cukup komplit, disebelah pas ada taman kecil serta banyak warung dan pedagang makanan keliling. Dekat pula dengan central kuliner Makale ( kalian bisa jalan kaki kesana ).

Lokasinya sendiri menurutku sudah cukup bersih cuman mungkin bisa lebih dikembangkan lagi areanya karena msh minim fasilitas publiknya misal untuk duduk, terus kalau siang juga tidak ada area berteduh dekat kolam dan saat malam juga minim penerangan."
ChIJgZV-eIntky0RMLFusi_J-FY,Es Jomblo Bulukumba,5.0,2 bulan lalu,Sangat indah dan juga area sangat bersih
ChIJgZV-eIntky0RMLFusi_J-FY,Tia Julianti,5.0,2 tahun lalu,"Landmark di kota makale. Sayang bgt seandainya ada lampu tambahan yg menyorot ke patung pasti lebih bagus. Tempat yg dekat dgn penjual makanan, toko, instansi2 pemerintahan dan juga terminal bua serta taman bermain."
ChIJgZV-eIntky0RMLFusi_J-FY,Pdt Porisman Lubis,4.0,2 tahun lalu,"Tempatnya bagus seperti alun-alun kota, hanya saja kurang terawat dan kurang di tata lebih indah lagi. Padahal kalau ditata lampu-lampu dan air mancur dengan baik pasti lebih menarik"
ChIJgZV-eIntky0RMLFusi_J-FY,Herlina Sayu,5.0,2 tahun lalu,"Keluarga besar SMK Kristen Makale,
Ajak anak Anda untuk menimba ilmu di sini. Tempat ini nyaman dan aman bagi peserta didik."
ChIJhY_QShzsiy0RKxokmswUvbk,Siti Nursari Ismarini,5.0,11 bulan lalu,"Breakfast with a view!! Must visit kalau ke Palu. Bisa sambil rendam dan renang, tapi hati2 jangan ke tengah (krn ada buaya), ckp dipinggir2 saja. Bbrp byk bapak2 yg terkena stroke ikut berendam di air laut ini. Juga, anak2 juga byk bermain karena dangkal.

Utk kudapan, ada pisang goreng dan sambal, ketan hitam, ketan putih, dan burasa. Dan minuman, ada saraba, kopi susu, dkk.

Ada tempat untuk bilas mandi bagi yg sudah selesai berenang/berendam.

Tidak ada biaya masuk khusus. Hanya biaya makan beli kudapan dan parkir saja."
ChIJhY_QShzsiy0RKxokmswUvbk,Cerita Misteri,5.0,5 bulan lalu,Pantai yang indah dan bagus cocok untuk Anda bersantai melepaskan lelah oleh seharian beraktivitas
ChIJhY_QShzsiy0RKxokmswUvbk,Anas Laudin,5.0,4 bulan lalu,Jgn lupa pesan putu sama teh panas sambil menikmati viiew pantai dan gunung 👍👍👍 …
ChIJhY_QShzsiy0RKxokmswUvbk,Riska Septiana,5.0,6 bulan lalu,Tempat referensi terdekat dari kota Palu. Hari minggu bisa kumpul keluarga sambil berenang di pantai.
ChIJhY_QShzsiy0RKxokmswUvbk,nita febriani,4.0,7 bulan lalu,"Tempat yang cocok untuk Sarapan Bareng keluarga, tapi untung Renang tidak disarankan. Karna Buayanya masih Gentayangan 😄. …"
ChIJhY_QShzsiy0RKxokmswUvbk,sahrul tamili,5.0,3 bulan lalu,Pas banget buat terapi alam di dalam kota palu buat para lansia dan juga masyarakat pada umumnya yang lagi malas bepergian jauh
ChIJhY_QShzsiy0RKxokmswUvbk,Elsa FS,5.0,Diedit 6 tahun lalu,"Suasana hari Minggu pagi di pantai kampung nelayan. Banyak penjual makanan menjajakan nasi kuning, putu, pisang goreng dan aneka jajanan lain. Biasanya pengunjung datang untuk berenang menghabiskan hari libur dengan keluarga atau sekedar jalan-jalan mencari udara segar bahkan ada yang ingin mencari kuliner khas di pinggir pantai. Pemandangan seperti ini sangat sering ditemui pada hari Minggu pagi di pantai kampung nelayan."
ChIJhY_QShzsiy0RKxokmswUvbk,Nur Herjayanti,5.0,2 tahun lalu,"Tempat melepas penat. Menikmati birunya laut dan langit, awan yang berarak serta jingganya senja adalah hal terbaik dari tempat ini🤍 semoga para pengunjung yang datang bisa bertanggung jawab dengan sampahnya dengan tidak membuangnya secara sembarangan. …"
ChIJhY_QShzsiy0RKxokmswUvbk,Dimas Prakasa,3.0,4 bulan lalu,"Tempat mandi buat warga palu,
Biarpun disini sering ada buayanya, tapi masyarakat masih rame berkunjung kesini untuk mandi dan berenang di pagi hari,
Rame di hari weekend"
ChIJlZej4947eTIR-jg3ec6DR9E,Dayu Rimpung,5.0,5 bulan lalu,Sekitaran bundaran banyak tempat penginapan untuk istirahat sebelum ke bandara
ChIJlZej4947eTIR-jg3ec6DR9E,Mergo Tresna Abdela,4.0,11 bulan lalu,Monumen untuk memberi penghargaan kepada Pak Habibie. Monumen mengarah ke gerbang masuk bandara Gorontalo. Landmark bandara yang cukup besar ukurannya.
ChIJlZej4947eTIR-jg3ec6DR9E,Agus Pablo,5.0,4 tahun lalu,Bersih teratur rapi dan terawat dengan baik. Monumen yg sangat besar dan tinggi ditengah taman berbentuk lingkaran ditengah jalan raya poros provinsi dan tepat didepan pintu gerbang bandara. Letak yg sangat strategis. Tidak terdapat banyak ruko ataupun supermarket disekeliling taman. Suasana begitu sejuk dan tenang. Hanya warung warung kuliner dan beberapa penginapan sederhana di dekat taman. Serta terdapat juga sebuah masjid kecil sebelum gerbang dari arah bandara.
ChIJlZej4947eTIR-jg3ec6DR9E,Puji Prayitno,5.0,setahun lalu,"Pas waktu lewat ga ngeh klo itu patung tokoh idola saya, eh pas mampir makan mie ayam di pojok jalan baru paham klo itu patung bapak B.J. Habibie,
Dari Bandara arah kota pasti ngelewatin monumen ini.
Mie ayamnya juga unik pake telor rebus😁 …"
ChIJlZej4947eTIR-jg3ec6DR9E,Djangrono,5.0,4 tahun lalu,"Terletak di Datahu Isimu, Propinsi Gorontalo, didepan gerbang bandara Djalaludin.. Pas di tengah2 persimpangan antara ke kota Gorontalo atau ke arah Palu. Baru tau kalau Habibie punya sejarah disini dan punya monumen termegah (monumen termegah beliau). Taman monumen ini dikelola oleh Angkatan Udara kalau tidak salah ingat, jadi awas jangan sampai dirusak"
ChIJlZej4947eTIR-jg3ec6DR9E,Dylan K. Kaunang,5.0,2 tahun lalu,"Monumen B.J. Habibie dibangun oleh Pemerintah Provinsi Gorontalo pada tahun 2010 untuk menghargai jasa-jasa Presiden Republik Indonesia ke-3, B.J Habibie.

Monumen ini menjadi bentuk apresiasi tertinggi masyarakat Gorontalo di bidang Kedirgantaraan kepada salah satu putra terbaik bangsa yang berasal dari Gorontalo.

Dalam catatan sejarah, B.J. Habibie merupakan etnis Gorontalo pertama yang pernah menjabat sebagai Presiden Republik Indonesia.

Monumen B.J. Habibie terletak di depan Gerbang Utama Bandar Udara Djalaluddin, Isimu, Kabupaten Gorontalo.

Lokasi monumen ini sangat strategis karena berada di jalan utama Trans Sulawesi yang menghubungkan Provinsi Gorontalo, Provinsi Sulawesi Utara, dan Provinsi Sulawesi Tengah."
ChIJlZej4947eTIR-jg3ec6DR9E,Tataq Familiadi,5.0,7 bulan lalu,Tiada lagi nilai dan harga sekedar bintang lima.. Tinta sejarah menorehkan segala doa dan harapan kedepan.. Seperti beliau  yg selalu berpikir teknologi bagi kemaslahatan umat.. Minimal aku ini..(tanpa niat sombong dan congkak).. Bersyukur memegang sedikit (kemampuan) teknologi.. Metalurgi bagi ketahanan bangsa dan penyelamatan lingkungan kita.. Ayo berkarya saudaraku..
ChIJlZej4947eTIR-jg3ec6DR9E,Pali Saleh,5.0,4 tahun lalu,"Awalnya pengin bangun kos-kosan  model U, tapi kendalanya d uang, dan Alhamdulillah kos-kosannya sudah 10 kamar, i'allah law panjang umur akan d bangun lagi kos-kosan lagi menjadi model U. 🤲🙏 …"
ChIJlZej4947eTIR-jg3ec6DR9E,evalina gunawan,4.0,2 tahun lalu,"Baru pertama kali foto di tempat ini oleh suami dan anak saya. Sayang tidak disediakan tempat parkir di sekitar monumen ini.
Monumen masih bagus,bersih tanpa sampah."
ChIJlZej4947eTIR-jg3ec6DR9E,Rahmanto maku,5.0,4 tahun lalu,Monumen  mantan presiden RI ke 3 almarhum bacharuddin Jusuf Habibie..terletak di depan pintu masuk bandara djalaludin kabupaten Gorontalo provinsi Gorontalo
ChIJ6a6WZ6kCvy0RE9nL8dWbm_s,Ang,5.0,8 bulan lalu,"Monumen Mandala, atau yang orang juga kenal sebagai Monumen Pembebasan Irian Barat, sebenarnya punya potensi besar jadi ikon utama di Makassar. Bangunannya tinggi menjulang, paling menonjol di antara sekitar, dan dari kejauhan pun sudah kelihatan mencolok. Tapi entah kenapa monumen ini rasanya kurang terekspos. Justru yang lebih dikenal banyak orang malah gedung provinsi. Saya sendiri jujur nda terlalu dalam tahu sejarahnya, tapi tiap kali lewat sini selalu ada rasa kagum liat megahnya bangunan ini berdiri di tengah kota. Baru pertama kali benar-benar berhenti dan liat dari dekat pas acara car free day hari Minggu. Saat suasana ramai tapi jalan ditutup, bisa lebih santai nikmati detail bangunannya yang selama ini cuma dilihat sekilas dari kendaraan."
ChIJ6a6WZ6kCvy0RE9nL8dWbm_s,Dr Husain As MPd,4.0,2 bulan lalu,"Perlu petugas parkir khusus setiap event. Jgn hanya tkg"" Becak yg memaksa kita nembayar 10k dan 20k."
ChIJ6a6WZ6kCvy0RE9nL8dWbm_s,Evan,4.0,setahun lalu,"Kurang terpelihara dengan baik.

Monumen Mandala terletak di Jalan Jenderal Sudirman, Kecamatan Ujung Pandang, Makassar, Sulawesi Selatan. Monumen Mandala yang berbentuk tugu didirikan untuk mengenang sejarah pembebasan Irian Barat pada tahun 1962."
ChIJ6a6WZ6kCvy0RE9nL8dWbm_s,Survei Link,5.0,2 bulan lalu,"Saat berkunjung ke museum Mandala ini.. , sebagian masih dalam perawatan..,

Meskipun datang sudah ke sorean .. tapi ada Pak Sigit yg sangat ramah, dimana beliau membantu,  menemani dan menjelakan sisi sisi sejarahnya. Terima kasih Pak Sigit atas atensi yg luar biasa.."
ChIJ6a6WZ6kCvy0RE9nL8dWbm_s,Andry Bayu Jasmin,3.0,2 tahun lalu,"Okay, namun akses fasilitas umum seperti toilet dan tempat cuci tangan, agak membingungkan. Saya kebetulan berkegiatan waktu hari Minggu itu di depan Monumen Mandala bersama teman-teman relawan, orasi damai bela Palestina. Akses ke dalam Monumen ditutup. Terpaksa ke RS Pelamonia untuk akses toilet."
ChIJ6a6WZ6kCvy0RE9nL8dWbm_s,Nur Rakhmat,3.0,3 bulan lalu,Pengalaman yang sangat buruk ketika saya berkunjung hanya untuk menikmati halaman luar dari monumen tersebut. Saya tetap diminta untuk membayar uang retribusi 15 ribu/orang itu hanya untuk halaman luar yang notabene saya tidak masuk ke dalam aera museum nya. Jadi tolong Dinas Kebudayaan dan Kepariwisataan Provinsi Sulawesi Selatan minta tolong sekali agar kebijakan di Monumen pembebasan Irian Barat/Monumen Mandala agak di benahi
ChIJ6a6WZ6kCvy0RE9nL8dWbm_s,Rahmat HM,3.0,3 tahun lalu,"Tempatnya sepi. Pas berkunjung di hari libur, monumen sedang tutup. Nampak tidak begitu terawat juga. Ada information centernya tapi tutup juga. Secara umum fasilitasnya basic. Ada toilet, mushollah di bagian belakang, dan area UMKM yang katanya baru selesai dibangun. Jadi pas berkunjung hanya bisa melihat dari luar monumen."
ChIJ6a6WZ6kCvy0RE9nL8dWbm_s,Darussalam Aminuddin,5.0,6 tahun lalu,"Salah satu landmark Makassar yang tidak terurus, kasihan juga melihat Monumen ini terbengkalai. Kalaupun di renovasi pasti akan banyak pengunjung yang datang. Peran pemerintah sebaiknya menggalakkan spot-spot yg instagramable dan kekinian, disatu sisi, tempat ini syarat akan pengetahuan dan sejarah. Pemerintah HARUS bergerak. Monumen ini terletak tidak jauh dari Lapangan Karebosi dan berhadapan langsung dengan Rumah Sakit Pelamonia Makassar."
ChIJ6a6WZ6kCvy0RE9nL8dWbm_s,Bucek Alexsander,5.0,3 tahun lalu,"Keren, tempatnya bersih, berarti di rawat dengan baik.
Paling cantik kalau malam, oh iya bulan puasa langsung kesini aja buka puasanya. Soalnya ada event food fest disini."
ChIJT1VBZHk9vi0RznvGDmnILMg,Alfian fajar Ramadhan,5.0,5 bulan lalu,Salah satu tempat untuk kita melepas penat bekerja dengan di suguhkan pemandangan yang indah rasanya rasa cape perjalanan akan terbayarkan pas sampai di tempat ini uang masuk yang cukup terjangkau membuat tempat ini ramai di kunjungi sebagai tempat camping maupun hanya untuk menikmati keindahan alam
ChIJT1VBZHk9vi0RznvGDmnILMg,Ince Rahmi,5.0,4 bulan lalu,"""Pemandangannya tiada duanya! Sangat damai dan sejuk. Desain tempatnya juga estetik, banyak spot foto bagus. Benar-benar tempat healing yang sempurna.""

""Sangat terkesan dengan lokasi Lappa Laona yang berada di perbukitan. Udara segar dan view-nya spektakuler. Betah berlama-lama di sini."""
ChIJT1VBZHk9vi0RznvGDmnILMg,Proriders Chapter Sulawesi,5.0,3 bulan lalu,"Touring 08 Agustus 2025 Proriders Chapter Sulawesi, Pengalaman tak terlupakan, ayo para Raider Touring ke Lappa Laona."
ChIJT1VBZHk9vi0RznvGDmnILMg,Husain Almahdaly,5.0,10 bulan lalu,"Tempat Indah mempesonakan, view diketinggian, udara sejuk, pandangan luas, nuansa Padang Rumputnya tak kalah dengan luar negeri, lokasi tidak jauh, murah tidak pakai tiket masuk, parkir motor 3 rb, mobil 5 rb, mau nginap cottagenya lengkap toilet cukup bayar 180 rb, bisa muat 5 orang.  Rekomanded banget..!"
ChIJT1VBZHk9vi0RznvGDmnILMg,Sunarti Basiir,4.0,setahun lalu,Pas kesana musim hujan dan berkabut jadi tidak bisa lihat keseluruhan pemandangannya tapi untuk fasilitas disana ada masjid tapi toilet dan airnya terbengkalai. Toilet umum ada dekat parkiran dan kalau camp bagian atas dan agak dalam itu lumayan jauh. Tapi ada juga yang rumah segitiga yang bisa disewa katanya 300 permalam dan ada toilet dalamnya.
ChIJT1VBZHk9vi0RznvGDmnILMg,Fii Ipphink,5.0,9 bulan lalu,"View 360, cuacanya sejuk keren buat camping keluarga, saran sj buat pengelola agar kebersihan toiletnya dijaga dn dikasi colokan listrik di bbrapa titik"
ChIJT1VBZHk9vi0RznvGDmnILMg,Andy Fauzan Akbar,5.0,setahun lalu,"Minggu, 21/04/2024.-- Akses jalanan masuk dari jalan poros Barru-Soppeng kondisinya 70% bagus, 30% rusak sebagian sampai pintu gerbang LAPPA LAONA...
✅ Tersedia WC (Toilet), dan juga WiFI.
✅ Banyak kedai makanan, mohon agar kiranya pengunjung untuk membantu membeli dagangan warga lokal disini, jadi jangan takut kelaparan 😁
🛠️ Gazebo/Villa Segitiganya mohon agar di rawat lebih baik...

Dan untuk pengelola mohon agar kiranya ada tambahan spot terbaru untuk berfoto😅

⚠️ Jika hendak berkunjung disini, hati-hati yah gaesss jalanan tanjakan/turunan terjal, tidak usah ngebut, santai saja.

Hati-hati dijalan,
salama'ki semua💚"
ChIJT1VBZHk9vi0RznvGDmnILMg,Alika Allegra,5.0,Diedit 2 tahun lalu,"Kemarin pas kesini bisa dapat panasnya, milky waynya, kabutnya, hujannya, anginnya, sunsetnya. Lewat Poros barru-soppeng, ketemu pertigaan gapura selamat datang kab. Soppeng, belok kanan kalau dari arah Barru. Jalan masuk bagus, mobil bisa masuk. Biaya masuk 10rb per orang, ada toilet bersih, air cukup. Selanjutnya tinggal pilih spot bila mau bertenda, ada juga disewakan rumah-rumah bila mau. Tidak ada sinyal, tapi sepertinya di kios-kios sekitar tersedia wifi. Kios-kios selain jualan makanan, juga sediakan persewaan tenda dkk, namun sepertinya terbatas. Selebihnya jangan buang sampah sembarangan"
ChIJT1VBZHk9vi0RznvGDmnILMg,Mahdi,4.0,4 bulan lalu,"Lappa Laona merupakan salah satu destinasi wisata alam yang cukup memikat, terutama bagi pengunjung yang mencari suasana tenang dan panorama perbukitan yang hijau. Tempat ini menawarkan pemandangan lanskap luas dengan udara segar yang membuat siapa pun betah berlama-lama. Hamparan bukit, padang rumput, dan kabut tipis di pagi hari menjadi daya tarik utama yang sering membuat pengunjung ingin mengabadikan momen.

Fasilitas di Lappa Laona terbilang cukup baik, mulai dari spot foto yang tertata rapi hingga area duduk yang memungkinkan pengunjung menikmati pemandangan dengan nyaman. Meski begitu, beberapa sudut masih dapat dikembangkan, terutama terkait kebersihan dan penambahan fasilitas umum seperti tempat berteduh atau area istirahat yang lebih luas.

Akses menuju lokasi cukup menantang di beberapa bagian, terutama bagi pengunjung yang belum familiar dengan jalurnya. Namun, perjalanan tersebut sepadan dengan keindahan yang ditawarkan ketika sampai di puncak area wisata ini.

Lappa Laona sangat cocok untuk keluarga, pasangan, maupun pecinta fotografi yang menginginkan suasana alami dan damai. Dengan potensi alam yang begitu besar dan pengalaman yang menyenangkan, destinasi ini layak mendapatkan rating 4 dari 5, terutama jika pengelolaan dan fasilitas terus ditingkatkan di masa mendatang."
ChIJT1VBZHk9vi0RznvGDmnILMg,Anshar Amin,5.0,3 tahun lalu,Sudah dikelola dgn baik tinggal akses jalan yg perlu diperbaiki. Kalo ingin camping sebaiknya pakai yg tenda dual layer dan anti badai karena anginnya kencaaaang banget. Musholla dan toilet ada. Penjual makanan juga ada di atas.
ChIJHytM-PBqhzIRRnmSYV7rqdk,Dejan Mamoto,4.0,2 bulan lalu,"Pemandangannya dan suasana makan di resortnya cukup bagus...

Harga tiket aslinya cuma 10 ribu kayaknya..
Tapi 30 ribu itu tambahan cuma harga minuman aja itu. Soalnya minuman kan harganya 30an ribu

Pemandangan danaunya okee juga..
Lebih bagus lagi kalau punya kamera profesional"
ChIJHytM-PBqhzIRRnmSYV7rqdk,kartika sari,5.0,3 bulan lalu,"Harga tiket masuk 30rb per orang, bs ditukar teh/kopi. Pisang gorengnya B aja, tapi tempatnya bagus, pas datang sore dan cloudy, adem. Tempat outdoornya banyak jadi lmyn banyak spot foto ke danau ok banget sih buat nyantai sore."
ChIJHytM-PBqhzIRRnmSYV7rqdk,Dian “Icha” Icha,5.0,2 bulan lalu,"Mumpung lagi dimanado sekalian aja berkunjung kesini,,ada retribusinya perorang 30rb (tiketnya dpt ditukar dengan minuman).
Danaunya cakepp, airnya juga jernih (ada 3 warna kalo engga salah). Sekitarnya jg bersih..
Pas disini cuacanya lagi baguss bangettt,,cerah"
ChIJHytM-PBqhzIRRnmSYV7rqdk,Aldo Valen,5.0,2 bulan lalu,"Harga tiket masuk total 40rbu/org , tempatnya nyaman untuk berwisata . Instagramable buat yg suka foto2 ."
ChIJHytM-PBqhzIRRnmSYV7rqdk,Nurman Riyadi Rahman,5.0,3 bulan lalu,"Pemandangannya cantik banget, cocok buat yang suka foto-foto. Lokasinya sekitar satu jam-an dari kota Manado, klo mau makan di resto sambil menikmati pemandangan juga bisa."
ChIJHytM-PBqhzIRRnmSYV7rqdk,Sobron maqwa,5.0,5 bulan lalu,"Yg punya pasangan,ayo mari datang,jalan""danau Linow ❤️saya saja dari Kalbar bisa mampir kesini loh,pesona anak rantau tidak takut hitam,yg penting tetap eksis 😅😎🙏 …"
ChIJHytM-PBqhzIRRnmSYV7rqdk,Erma Irawati,5.0,8 bulan lalu,"Peaceful and Serene Lake

Jarak dari kota Manado menuju ke danau ini sekitar 1 jam berkendara dengan mobil

Danaunya indah dengan warna hijau bening dan banyak burung beterbangan di atas danau.

Dari arah resto bau belerang tercium samar2. Entrance fee sdh termasuk minuman berupa kopi atau teh. Jika ingin cemilan atau makanan bisa memesan langsung di restonya. Ada indoor dan outdoor seat.

Buat yg senang camping, tersedia camping ground disekitar danau

Overall happy to visit this place"
ChIJHytM-PBqhzIRRnmSYV7rqdk,Jajan Nyok,4.0,9 bulan lalu,"Salah satu lokasi nongkrong di kawasan tomohon yakni danau linow, untuk harga tiket masuk per orang @40k free kopi/teh yang bisa di tukar di dalam. Tempatnya luas, ada indoor dan outdoor ya, untuk kopi susu nya enak, juga snack2 seperti cucur dan apang gula merah. Untuk bakso dan mie lumayan rasanya. Ada live musik juga ya pas ke sini hari minggu"
ChIJHytM-PBqhzIRRnmSYV7rqdk,Afif Mokodompit,5.0,2 bulan lalu,"View cantik, suasana sejuk. Depe kopi leh enak, apalagi pigi deng someone special. Hhehe"
ChIJHytM-PBqhzIRRnmSYV7rqdk,Hengky Zhou,4.0,7 bulan lalu,"Danau yg bagus untuk santai dengan udara yg sangat segar dan alam yg asri,dan di kelola dgan baik,biaya masuk relatif murah meriah dengan biaya 40k/org plus free minuman.👍 …"
ChIJMeMk7QjWvi0Rw_0UBpRgdNM,Taufik Nur Hidayat,5.0,6 tahun lalu,"Tempat yang lumayan nyaman di nikmati saat liburan.
tapi saya sarankan anda tidak datang pada akhir pekan seperti sabtu dan minggu atau hari libur besar lain nya bagi anda yang tidak suka dengan keramaian.

saran untuk pengelola tempat, biaya masuk nya jangan terlalu mahal. bagi saya yang seorang pelajar, Rp.50.000 itu sudah termasuk mahal dilihat dari fasilitas yang berada di dalam nya yang jika ingin di gunakan harus mengeluarkan dana lagi, yang hampir 2-3 kali lipat dari harga tiket masuk.

kualitas air cukup lumayan. rate dari saya 6/10. karena bau kaporit sangat tercium walaupun jauh dari kawasan kolam renang. adapun wahana air yang saya lihat sepertinya telah mengalami sedikit kerusakan yang harus segera di perbaiki demi keselamatan pengunjung.

untuk sanitasi, saya kasi 8,5/10. karena lumayan bersih..
jadi overall, Terimakasih mamak nya firman 😘"
ChIJMeMk7QjWvi0Rw_0UBpRgdNM,Triyu Z,4.0,6 tahun lalu,"Pemandangannya lumayan, tapi jalan masuk dan keluarnya sama, berkunjung saat padat pengunjung membawa anak-anak harus lebih waspada, saya juga tidak melihat ada pengawas di dekat kolam renang"
ChIJMeMk7QjWvi0Rw_0UBpRgdNM,Syabil Sadillahi,1.0,4 bulan lalu,"pelayanan sangat buruk bagi anak"" dan tdk ramah di bagian resepsionis kamar mandi hotel tdk ada sabun dan sampo
wahana banyak lobang"" di bagian tangga dan itu sdh berkarat

SANGAT TIDAK RECOMENDED JIKA LIBURAN KE SINI"
ChIJMeMk7QjWvi0Rw_0UBpRgdNM,muhammad idham,4.0,7 tahun lalu,"Saat ini masih dlm tahap pembangunan,tp sudah hampir rampung..untuk htm 25rb dewasa, anak2 usia 3 tahun 10rb.
Bisa membawa makanan dr luar. Didlm jg terdapat penjual makanan,yg harganya tdk terlalu mahal.
Untuk sewa gazebonya, itu dihitung perjam 35rb/jam. Jika gazebo penuh bisa sewa Meja itu hrganya 30rb sampai pulang."
ChIJMeMk7QjWvi0Rw_0UBpRgdNM,Prima Abadi Makmur,5.0,Diedit 5 tahun lalu,"Pantai topejawa tiket masuk 50.000 anak2 dan dewasa sama. Kecuali anak umur 1 tahun, kami tdk bayar. Gasebo disewa 30.000 perjam. Kalau mau main tinggal lihat difoto daftar harganya ada saya foto.

Tambahan
Maukah anda dapat penghasilan tambahan puluhan juta rupiah hanya di kerjakan di rumah aja. Dikerjakan pakai HP doang sambil rebahan minat wa saya Gratis wa saya ke 085242885758"
ChIJMeMk7QjWvi0Rw_0UBpRgdNM,Nurlaila Haspi _F,5.0,6 tahun lalu,"Keseluruhan udah bagus, liburan disini top lah udah ada pantai,waterboom lengkap dengan hotel, Klau kamar hotel nya sebaiknya lebih dibersihkan lagi,soalnya ada beberapa kmr yg berdebu. Soal breakfastnya mantaplah lengkap menunya"
ChIJMeMk7QjWvi0Rw_0UBpRgdNM,Fahrianty nunu,5.0,7 tahun lalu,"Tempatx bagus..... Khusus buat ank2 t4 mainx bnyak ,,, adain live musik lahh aplg klo pas weekend n holiday, psti mkin rame tuhh"
ChIJMeMk7QjWvi0Rw_0UBpRgdNM,S ugi,4.0,7 tahun lalu,"Tempat wisata pantai yang menarik
Meskipun lokasi nya cukup jauh dari Makassar ( sekitar 90 menit perjalanan ) tapi kelelahan sepanjang jalan terbayar kan oleh pemandangan pantai yang indah."
ChIJMeMk7QjWvi0Rw_0UBpRgdNM,Ampa SyamsuddinYunus,5.0,6 tahun lalu,"Pantai Wisata Topejawa tidak hanya menawarkan wisata permandian, waterbom, seluncuran, hingga panorama pantai, tapi juga menghadirkan hotel penginapan di kawasan destinasi yang berada di kabupaten Takalar ini."
ChIJMeMk7QjWvi0Rw_0UBpRgdNM,Muhammad Yusran,5.0,Diedit 2 tahun lalu,Tempat rekreasi pinggir pantai yang keren dengan fasilitas kolam 2 kolam renang dan restoran juga memiliki 2 seluncuran 2 dewasa dan 1 seluncuran anak anak
ChIJ_wmqbxF1hzIRbJQd11yHsVA,Jajan Nyok,4.0,10 bulan lalu,"Salah satu tempat makan di kota Manado yang letaknya di pinggir laut jadi bisa menikmati view nya. Banyak varian menu mulai dari seafood, ayam, juga daging. Rasanya cukup enak. Juga ada minuman2 seperti kelapa batok, lemon tea, kopi, teh dan lain-lain. Kalo mau menikmati view bagusnya datang ke sini sore hari sampai ke malam menikmati sunset. Ada indoor maupun outdoor yaaa"
ChIJ_wmqbxF1hzIRbJQd11yHsVA,Shieby Arantina Malo Umbu,5.0,Diedit 7 tahun lalu,"✔Saking nikmatnya sampe lupa foto makanannya😟 makanannya enak... baik seafoodnya, maupun chinesse foodnya
✔Owner bisa bahasa mandarin jd sangat menolong turis2 China yg berdatangan.
✔tempatnya lebar, cozy, dekorasi ruangan dominasi merah & gold, dan ada live music, parkiran juga luas.

Worthed makan disini!👌"
ChIJ_wmqbxF1hzIRbJQd11yHsVA,Rabiah Nur Andawiyah,5.0,4 tahun lalu,"Klo kamu pecinta sunset km wajib banget cobain restoran ini. Aku d sini betaaah banget.
Oya d sini belom ada musholanya tapi nanti disediain sm karyawannya yaitu kamar khusus solat, jd tanya ke karyawannya ya dimana tempat utk bs solat di situ. Makanan d sini enak, halal, fresh. Rasanya enak. Aku sm suami udah berkali2 ke sini dan gak bosen karena kami pecinta sunset 💙"
ChIJ_wmqbxF1hzIRbJQd11yHsVA,Rahel,4.0,6 tahun lalu,"Lokasi Di Kawasan Megamas. Berseberangan dengan Batona Cafe. Harga per porsi minimal Rp 30.000. Dominan seafood Yang disajikan dengan banyak varian bumbu. Ada kepiting, ayam, cumi, udang, ikan, dsb. Paling suka salad ayam chrispy-nya, enak! Dabu-dabu iris nya juga enak. Pas datang. Cuma 1 meja yg terisi."
ChIJ_wmqbxF1hzIRbJQd11yHsVA,Stanley Supit,5.0,setahun lalu,"Restaurant sea food paling lengkap di manado
Berada di atas laut kawsan bahu mall pantai manado...
Menu makanan lengakp utk sea food & chinese food ( halal )
Pkknya The Best lah"
ChIJ_wmqbxF1hzIRbJQd11yHsVA,Sonny Tinangon,5.0,7 tahun lalu,Tempatnya nyaman pilihan menu makanan banyak dan enak
ChIJ_wmqbxF1hzIRbJQd11yHsVA,Juliantika,5.0,6 tahun lalu,"Bumbu dan rasa masakan di sini, the best in teh world.
Enaak banget. Seafood nya fresh, terutama Lobster & kepiting hidup, masak Raja Padang, LEGEND bangeet..😍😍😍 …"
ChIJ_wmqbxF1hzIRbJQd11yHsVA,Dedi Supriyadi,5.0,6 tahun lalu,Di resto bambuden ikan mas bakar asap nya mantap.. kalo ke manado wajib coba deh
ChIJ_wmqbxF1hzIRbJQd11yHsVA,Chikimilikiti Inne,5.0,7 tahun lalu,Bisa dijadikan tempat berkumpul bersama keluarga dan teman-teman
ChIJ_wmqbxF1hzIRbJQd11yHsVA,Hotaru Journey,4.0,3 tahun lalu,Fresh dan enak seafoodnya.
ChIJtezan8C8lS0RHuRG8Fw7kMg,Mahdi,4.0,4 bulan lalu,"Pantai Lumpue di Parepare adalah salah satu destinasi pantai yang layak dikunjungi bagi siapa saja yang mencari suasana santai dan pemandangan laut yang menenangkan. Pantai ini memiliki garis pesisir yang cukup panjang dan cocok untuk berjalan santai sambil menikmati angin laut sore hari. Meskipun tidak sepopuler beberapa pantai besar di Sulawesi Selatan, suasananya justru terasa lebih tenang dan tidak terlalu ramai. Area sekitar pantai juga cukup bersih, meskipun masih ada beberapa titik yang memerlukan perhatian lebih dari pihak pengunjung maupun pengelola. Fasilitas seperti gazebo, area duduk, dan warung kecil sudah tersedia, namun beberapa di antaranya tampak membutuhkan perawatan tambahan. Daya tarik utama Pantai Lumpue adalah pemandangan matahari terbenamnya yang indah dan sering menjadi spot favorit untuk berfoto. Air lautnya cukup jernih, meski pada waktu tertentu ombak bisa sedikit lebih tinggi sehingga perlu berhati-hati jika membawa anak-anak. Akses menuju pantai tergolong mudah, dan biaya masuknya sangat terjangkau sehingga cocok untuk rekreasi keluarga. Secara keseluruhan, Pantai Lumpue menawarkan pengalaman menyenangkan dengan suasana tenang dan pemandangan memukau, meskipun beberapa fasilitas masih perlu ditingkatkan. Rating: empat bintang."
ChIJtezan8C8lS0RHuRG8Fw7kMg,Mujahidah Suardi,5.0,6 bulan lalu,"Mau nangiiissss, dulu sering dibawa sama Etta almarhum ke sini, tempatnya masih sama bersihnya, cocok buat rekreasi bareng keluarga. Masih sangat sangat terjangkau 🥹🥹🥹 Finally after several years, i came back here 🥰 …"
ChIJtezan8C8lS0RHuRG8Fw7kMg,Musdalifah Ipha,5.0,6 bulan lalu,"I Love This Place.. I'm Serious 😍😍
Begitu menenangkan... Ad Gazebo, kalian boleh Bawa Makanan, adapula Penjual Makanan yg Enak di sudut itu, mau mnuman dingin dan Panas Juga Ada 😍 makin Siang Makin Menenangkan. Hh …"
ChIJtezan8C8lS0RHuRG8Fw7kMg,yuliana rahmawati,5.0,2 tahun lalu,"1. Sepertinya cuma bayar distribusi parkir saja, soalnya terakhir waktu ke sana cuma bayar parkir mobil Rp5.000

2. Pantai ini dikelola pemerintah, saya apresiasi karena beberap tahun yang lalu juga ke sini dan kemarin datang ada peningkatan dari segi kebersihan.

3. Tempat sampah sepertinya perlu diperbanyak lagi. Terutama bagi pengunjung mari kita jaga bersama keindahan pantai ini.

4. Di luar juga ada pedagang, jadi tidak perlu khawatir kalau lapar. Harganya juga murah-murah. Ada yang jual nasi kuning cuma Rp5.000

5. Belum kesampaian lihat sunset di sini, semoga ada waktunya ke sini lagi. Amii"
ChIJtezan8C8lS0RHuRG8Fw7kMg,hardi anto,5.0,setahun lalu,"Wisata akhir pekan yang nyaman untuk keluarga krn dilengkapi dengan gasebo, perahu untuk berkeliling, uang masuk 5r untuk 1 mobil dan tempat parkir yang luas,"
ChIJtezan8C8lS0RHuRG8Fw7kMg,Nurul Rejeki,4.0,setahun lalu,"Pantai Lumpue merupakan salah satu wisata Bahari di pinggir kota Parepare yang selalu rame tiap akhir pekan. Garis pantai cukup panjang dan menyediakan 3 pintu masuk. Terdapat gazebo yang bisa disewa untuk istirahat. Juga banyak penjual makanan. Selain berenang, juga dimanfaatkan untuk kumpul2 bakar ikan dan family gathering."
ChIJtezan8C8lS0RHuRG8Fw7kMg,Indra Jaya.M,3.0,7 tahun lalu,"Pantai yang kurang mendapatkan perawatan dari pemerintah setempat,  dapat dilihat dari banyaknya sampah yang brserakan di pantai ini. Kurangnya tempat sampah yang tersedia d tempat ini. Wc juga msih sangat kurang.
Fasilitas istirahat untuk pengunjung masih perlu ditingkatkan
Namun dibalik beberapa kekurangnnya pantai ini bgus untuk melihat matahari terbenam."
ChIJtezan8C8lS0RHuRG8Fw7kMg,XMCycling,3.0,5 tahun lalu,"Asyik untuk mandi-mandi dan berenang. Pasir halus agak ke tengah dari bibir pantai.
Plus: murah dan rindang
Minus: kamar ganti hanya dua, kondisi sudah reyot"
ChIJtezan8C8lS0RHuRG8Fw7kMg,Yen Yen,5.0,Diedit 3 tahun lalu,"Sangat senang berada di pantai lumpue,,maaf kalau ada sampah krn ombak yg membawa sampah dan rendahx tingkat kesadaran masyarakat yg membuang sampah se enaknya..meskipun begitu pantai lumpue tetap menjadi pilihan untuk liburan masyarakat parepare yang sangat indah💗💗💗 …"
ChIJtezan8C8lS0RHuRG8Fw7kMg,syahrir muhammad,5.0,4 tahun lalu,"Kalau bulan bulan tertentu pantainya kotor sekali banyak sampah plastik yg terbawa ombak, tetapi pada bulan September oktober airnya lumayan bersih, pantatnya landai ombak tdk terlalu besar, tiket harga masuk cuma 2000, juga ada jajanan tradisional dengan harga murah meriah."
ChIJ_______bfjIRZ_Me_0s9EiU,Risang Galih Bhaktiaji,5.0,4 bulan lalu,"Baguuuuuuus banget terumbu karangnya. Banyak ikan warna warni jg. Lokasi snorkeling di pinggir pantai. Bisa saja kalau tidak sewa perahu. Tapi lebih baik jika sewa perahu karena sepaket dengan pemandu dan dokumentasi foto video bawah laut. Harga paket 600 ribu untuk max 10 orang.
Ada 2 spot. Spot pertama di pinggir pantai. Bisa foto dengan anemon+ikan nemo/ clown fish dan foto dengan terumbu karang+banyak ikan. Spot kedua perjalanan kapal sekitar 5 menit. Bisa foto di tepi palung. Di spot ini jg bisa melihat karang salvador dali, tapi harus menyelam/diving. Hati2 kalau snorkeling di spot ini karena banyak karang api yg bisa membuat kulit luka kalau tersentuh, jadi lebih baik berenang di tempat yg agak dalam.
Amat sangat recommended buat dikunjungi. Nice. Bisa menghubungi nomer yg tercantum untuk reservasi."
ChIJ_______bfjIRZ_Me_0s9EiU,diajeng wiji,5.0,3 bulan lalu,View bagus..lautan luas sekalii.. untuk snorkeling kurang luas coverage areanya..tapi lumayan kalau sekalian ke whale shark botubarani
ChIJ_______bfjIRZ_Me_0s9EiU,Fahmi Amin,5.0,4 bulan lalu,"Buat yang suka diving, tempat ini bisa menjadi salah satu rekomendasi selama di Gorontalo"
ChIJ_______bfjIRZ_Me_0s9EiU,Faris A.W,5.0,4 bulan lalu,Laut dan biotanya luar biasa. Cuma masih ada sedikit sampah.
ChIJ_______bfjIRZ_Me_0s9EiU,Khairunnisa,5.0,5 tahun lalu,"Bagus banget! Apalagi buat snorkeling, sayang banget kesini kalau ga snorkeling. Harga wisatanya juga worth it. Paling enak kesini pagi2 dan sampe sebelum siang karena makin siang makin panas. Lautnya clear, semoga tetep terjaga lingkungannya 💯💯💯 …"
ChIJ_______bfjIRZ_Me_0s9EiU,Nining Seredova,5.0,3 tahun lalu,"Taman laut olele bisa ditempuh dengan waktu 1 jam dari kota. Sepanjang perjalanan menuju taman laut ini sudah disuguhi pemandangan lautan. Memang jalanan cukup menantang naik turun bukit berkelok kelok dan berliku. Saat saya ke sana sedang ramai sekali karena ada lomba perahu. Setelah berkeliling akhirnya bertemu dengan pihak yg bisa membawa saya snorkeling ke taman laut. Dengan biaya 500 ribu sudah all in, sewa perahu, sewa alat selam, pelampung, makanan ikan, dokumentasi, tour guide 2 orang sangat worth it sekali dengan hasil yang didapat. Taman lautnya sangat indah, tour guide juga profesional. Mengarahkan foto dengan hasil yang baik. Anak anak dewasa bisa dilayani. Baik yang bisa berenang atau yang tidak. Salah satu destinasi wajib yang harus dikunjungi di gorontalo."
ChIJQyUDZ53VeDIRm2mp-Ohmsuo,Yunita Hatibie,5.0,Diedit 3 tahun lalu,"Tempat wisata alam dan kuliner yang layak direkomendasikan. Pantainya bersih, indah dan nyaman. Makananyapun enak. Asli citarasa Gorontalo. Harganya sangat terjangkau. Karena seorang bisa 25rb - 75rb saja. Pelayananyapun sangat ramah. Sehingga banyak pengunjung yang sering kesini. Itulah sebabnya jika ingin ketempat ini."
ChIJQyUDZ53VeDIRm2mp-Ohmsuo,Terapis Gigi dan Mulut 31 Desember 2016 part 1,5.0,setahun lalu,"Bersyukur bisa berkunjung kesini, tempatnya di pinggir pantai, makanan enak, pastikan coba masakan Nike, semakin mlm semakin romantis, klo beramai ramai makin seruuu"
ChIJQyUDZ53VeDIRm2mp-Ohmsuo,Novita Tambipi,4.0,2 tahun lalu,"Bagus, sudah diupgrade tempatnya jauh lebih besar dari sebelumnya, banyak pilihan menu. Cocok untuk bersantai menikmati suara ombak dimalam hari.👍"
ChIJQyUDZ53VeDIRm2mp-Ohmsuo,Ardian Local Guide,5.0,2 tahun lalu,"Nice view at sunset..
Makanan n minuman standar harga tempat wisata
Keindahan laut yang dikelilingi bukit. Akses juga mudah ditemukan."
ChIJQyUDZ53VeDIRm2mp-Ohmsuo,Teguh Ari Prabowo,5.0,3 tahun lalu,"Wisata kuliner pinggir pantai terkenal di Gorontalo. Tempat nongkrong semua umur. Tempatnya nyaman, anginnya sepoy-sepoy dan full music. Kalau ke tempat ini biar tidak terlalu ramai sebaiknya malam jum'at karena selain hari itu pasti full. Makanan yg tersedia menu laut khas Gorontalo, ayam bakar/goreng dan berbagai minuman dan cemilan."
ChIJQyUDZ53VeDIRm2mp-Ohmsuo,Wras Ridwan,5.0,2 tahun lalu,"Menunggu sunset sambil menikmati angin pantai Teluk Tomini dan berbagai aneka camilan khas Gorontalo seperti stik goroho, perkedel Nike, pisang goreng, dll. Tersedia juga makanan berat seperti rahang tuna, sate tuna, dada tuna dengan dabu-dabu khas.
Tempatnya tidak begitu jauh dari Kota Gorontalo, kurang lebih 20 menit berkendara."
ChIJQyUDZ53VeDIRm2mp-Ohmsuo,Achmad Septian,4.0,11 bulan lalu,"Semenjak renovasi tempatnya makin bagus.
Makanan & minuman agak lama tapi tidak bikin pengen pulang saking lamanya."
ChIJQyUDZ53VeDIRm2mp-Ohmsuo,Apriliani Aprilia,5.0,3 tahun lalu,"Banyak foodcourt disini, buat santai sore enaklah 👍

Oia masuk hanya bayar parkir,
parkir motor 3rb
Kalau parkir mobil gak tau ya.."
ChIJQyUDZ53VeDIRm2mp-Ohmsuo,cumicumi nst,5.0,4 bulan lalu,Cocok untuk menikmati pantai gorontalo di sore dan malam hari
ChIJQyUDZ53VeDIRm2mp-Ohmsuo,Rahmat Maulana,5.0,setahun lalu,"Tempat Ok , untuk penyelesaian order diharapkan lebih dipercepat , overall ok"
ChIJn3YGCWUYvi0Rtt1qKNSetmY,Triadi C Laksono,4.0,3 bulan lalu,"Suasananya sejuk, airnya cukup jernih dan enak dipakai berenang. Tapi saat masuk tidak dikasih karcis atau tiket masuk. Untuk anak dibawah 2 tahun harusnya gratis ini harus bayar 20ribu, jangan samakan dengan anak umur 10 tahun yg sudah bisa mandi sendiri"
ChIJn3YGCWUYvi0Rtt1qKNSetmY,Vassilisa Agata,4.0,8 bulan lalu,"Setelah berkeluarga, saya punya tiga kriteria utama untuk memilih tempat penginapan: aman untuk anak bereksplorasi, bersih sehingga nyaman beraktivitas, dan kalau bisa, mencari pemandangan terbaik di daerah tersebut. Saya menemukan tiga hal tersebut di Pemandian Lereng Hijau.

Tempat ini direkomendasikan oleh teman, sementara kami dalam perjalanan menuju Bone. Admin merespons dengan cepat dan memberikan informasi yang kami butuhkan: ketersediaan penginapan, harga, tempat mencari makan. Meskipun berada di lokasi yang cukup sulit jaringan, kami bisa menemukan lokasinya cukup mudah dengan bantuan Gmaps. Kami tiba lewat tengah malam dan sudah ada orang yang menunggu untuk membukakan pintu kamar.

Saya dan anak-anak menghabiskan sepanjang hari mengeksplorasi area pemandian: berenang, bermain di taman berumput hijau, dan mengelilingi area kolam yang luas. Seluruh area bersih dan tertata baik, membuat saya merasa aman membiarkan anak lari-lari dan mengeksplorasi sendiri. Dari pemandian, kami bisa menikmati pegunungan, sesekali puncaknya tertutup awan, dengan pepohonan asri di sekitarnya. Area kolam renang ditanami juga semak-semak dan pepohonan yang membuat hawanya kian sejuk. Menemukan tempat seperti ini di area pinggiran kabupaten terasa sangat melegakan.

Informasi fasilitas:
Ada tiga warung makan di area lokasi yang buka dari pagi hingga malam, sementara Warung Al-Syakira buka hingga 24 jam sehingga kami mudah mendapatkan makanan yang dibutuhkan.

Tidak ada jaringan internet, tapi tersedia voucher untuk mengakses wifi.

Harga kamar terdiri dari 400ribu untuk kamar mandi dalam dan queen bed, sementara ada juga 350ribu untuk kamar mandi luar. Jam check-in dan check out sama, jadi betul-betul bisa menikmati 24 jam di lokasi.

Harga tiket masuk sebesar 25ribu untuk orang dewasa dan 20ribu untuk anak-anak.

Satu kekurangannya adalah melihat beberapa anjing bebas keluar masuk area, juga melihat beberapa kotoran binatang di area berumput."
ChIJn3YGCWUYvi0Rtt1qKNSetmY,Hasan Basri,5.0,setahun lalu,"Pemandangan alam yang indah, air jernih langsung dari gunung, serta udara segar bebas polusi..

Cuaca disekitar terasa lebih adem, cocok untuk liburan dengan keluarga.

Selain kolam renang, juga tersedia tempat makan, dan kamar bagi yang ingin menginap di tempat ini."
ChIJn3YGCWUYvi0Rtt1qKNSetmY,Andi Syurganda,5.0,2 tahun lalu,"Ada 3 kolam. Semua dangkal dan bersih jernih. Dihiasi pemandangan Bulu Dua yang hijau dan berkabut, tempat ini sangat cocok buat liburan keluarga. Parkiran luas dan ada penginapan di dalam area permandian."
ChIJn3YGCWUYvi0Rtt1qKNSetmY,Indra NagasWijawa,4.0,9 bulan lalu,"Penjaganya ramah dan bisa diminta tolongin, pemandangan indah krn permandian langsung dibawah gunung, sayang aja g ada kolam yg agak dalam buat dewasa, dan hati"" Main prosotan yg kuning ushakan pake baju, sy dan  temanku lecet kenceng bgt turunnya"
ChIJn3YGCWUYvi0Rtt1qKNSetmY,Fathur Rahman,4.0,9 bulan lalu,"Airnya segar, bersih dan sejuk. Tempatnya luas."
ChIJn3YGCWUYvi0Rtt1qKNSetmY,Achmad Radinal Darwis,5.0,3 tahun lalu,"Berkunjung kembali pekan lalu dlm kegiatan pertemuan akhir petugas regsosek, tempatnya sekarang masih di update & fasilitas semakin meningkat. Sukses untuk tim pengelola 🤙✌️ …"
ChIJn3YGCWUYvi0Rtt1qKNSetmY,Yudi Bolong,3.0,Diedit setahun lalu,Rekomendasi liburan diwaktu akhir pekan dengan pemandangan alam yang memanjakan mata.
ChIJn3YGCWUYvi0Rtt1qKNSetmY,RUSWAN,5.0,9 bulan lalu,"Woowwww
Intinya Tempat Libur yang Rekomendasi Sekali Dengan Yang Sangat Dingin
Langsung Fresss Jika Sudah Berenang"
ChIJn3YGCWUYvi0Rtt1qKNSetmY,syahrir muhammad,4.0,8 tahun lalu,"Permandian alam yg menakjubkan, jika musim hujan kita bisa lihat air terjun dari puncak"
ChIJ6cLuMBoMhC0RNHktQSk3adc,Widian Rienanda Ali,5.0,sebulan lalu,"Danau Paisu Pok yang terletak di Desa Luk Panenteng, Kepulauan Banggai, Sulawesi Tengah, sering dijuluki sebagai ""Cermin dari Timur"". Danau ini sempat viral karena kejernihan airnya yang hampir tidak masuk akal, menyerupai kaca biru yang pekat.
Warna Air yang Kontras: Nama Paisu Pok sendiri berarti ""Air Hitam"" dalam bahasa lokal. Namun, ""hitam"" di sini merujuk pada warna biru tua yang sangat pekat akibat pantulan vegetasi dan kedalaman air, sementara di bagian dangkal airnya terlihat transparan seperti kristal.
​Perpaduan Air Asin dan Tawar: Uniknya, danau ini memiliki rasa air yang agak payau karena lokasinya yang sangat dekat dengan laut. Hal ini menciptakan ekosistem yang unik di dalamnya.
​Suasana Hutan Purba: Danau ini dikelilingi oleh pepohonan rimbun yang memberikan suasana teduh dan magis. Akar-akar pohon yang masuk ke dalam air menambah estetika alami saat Anda berfoto di bawah air (underwater).
​Aktivitas Utama: Selain berenang dan snorkeling, pengunjung bisa menyewa perahu kayu atau paddle board untuk mengitari danau tanpa harus basah-basahan.
Konservasi Lokal yang Baik: Masyarakat Desa Luk Panenteng sangat proaktif dalam menjaga keasrian danau. Aturan dilarang menggunakan sabun/shampoo di dalam danau benar-benar ditegakkan untuk menjaga kejernihan air.
​Harga yang Terjangkau: Biaya masuk dan sewa perahu tergolong sangat murah dibandingkan dengan keindahan kelas dunia yang ditawarkan. Ini adalah contoh wisata kerakyatan yang berhasil.
​Fotogenik Maksimal: Hampir setiap sudut danau ini adalah spot foto terbaik. Kejernihan airnya membuat foto underwater tampak seolah-olah subjeknya sedang melayang di udara."
ChIJ6cLuMBoMhC0RNHktQSk3adc,I Wayan Warmada,5.0,3 bulan lalu,"Tempatnya bagus, danau dengan air yg bening, lantai dasar berupa terumbu karang terlihat jelas."
ChIJ6cLuMBoMhC0RNHktQSk3adc,Astika Mutmainnah,5.0,5 bulan lalu,"Danau Paisupok. Ini mah serpihan surga yang jatuh ke bumi MasyaAllah 🥺💓, ternyata Danau Paisupok real bener-bener se cantik dan se jernih itu sesuai dengan video dan foto yang aku lihat di instagram 😩💓. ga sia-sia menempuh perjalanannya jauh memakai 3 moda transportasi dan mabuk dimobil karena jalanannya yang berkelok-kelok terbayar lunass dengan view secantik ini💓💓. semoga bisa kesini lagi nantiii"
ChIJ6cLuMBoMhC0RNHktQSk3adc,hari dwi santoso,5.0,3 bulan lalu,"di Luwuk Banggai ada danau dengan air sebening kaca dan warna yang menenangkan hati.
Danau Paisu Pok adalah bukti nyata bahwa Allah Maha Indah dalam setiap ciptaan-Nya.
Bukan editan, bukan kolam buatan—ini murni keajaiban alam.
Sekali melihat, hati ingin kembali.
MasyaAllah, Luwuk Banggai memang punya cara sendiri untuk membuat siapa pun jatuh cinta."
ChIJ6cLuMBoMhC0RNHktQSk3adc,Rara Mumtaza,5.0,10 bulan lalu,"Danau Paisupok terletak di Desa Lukpanenteng, Kecamatan Bulagi Utara, Kepulauan Banggai, Provinsi Sulawesi Tengah. Bagi pengunjung luar pulau yang masih asing dengan lokasi danau ini, Google Maps bisa menjadi alat yang sangat berguna untuk menuju lokasi ini.
Jalur yang bisa ditempuh pengunjung untuk mencapai kawasan ini dari Jakarta adalah terlebih dahulu menuju Makassar. Pengunjung selanjutnya dapat melanjutkan perjalanan ke Kota Kendari dan dari sana menuju Banggai.
Setelah itu perjalanan dilanjutkan menuju tujuan Bitung. Seluruh rute perjalanan ini relatif mudah dan tidak memiliki tantangan besar seperti tanjakan dan turunan atau medan terjal. Jadi, dari kota Banggai pengunjung harus menempuh jarak 3 kilometer untuk mencapai kawasan LukpanentengDanau ini merupakan salah satu danau terbersih di Indonesia dan keindahan alamnya masih terjaga. Air danau yang begitu jernih hingga menyerupai kaca membuat pengunjung dapat melihat dasar danau. Warna air danau yang biru jernih terlihat dari jauh dan beberapa tumbuhan air yang hidup di dasar berwarna hitam.
Keindahan ikan-ikan yang berenang dan batang kayu di dasar danau semakin memanjakan mata. Danau ini juga dikelilingi oleh hutan lebat yang membuat pemandangannya sangat menyegarkan."
ChIJ6cLuMBoMhC0RNHktQSk3adc,Cerita Celia,5.0,8 bulan lalu,"Tempat wisata yang wajib di kunjungi.
Bersih, rapih dan nyaman.
Sungguh tempat yang nyaman dan indah. Airnya samangat dingin dan jernih.
Penduduknya ramah.
Masuk ke paisupok tiket masuk rp.5000
Sewa kano 50rb yg kecil 30rb yang besar
Sewa gasebo 50 rb.
Kalo mau foto estetik bisa sewa drone seharga 500rb"
ChIJ6cLuMBoMhC0RNHktQSk3adc,Luha Hanadi,4.0,5 bulan lalu,"Danau Paisu Pok di Banggai Kepulauan, Sulawesi Tengah, terkenal dengan kejernihan airnya yang berwarna biru toska seperti kaca. Suasananya tenang, dikelilingi pepohonan hijau dan udara segar yang menenangkan pikiran. Meski perlu sedikit usaha untuk mencapainya, keindahan dan ketenangan danau ini benar-benar sepadan dengan perjalanan."
ChIJ6cLuMBoMhC0RNHktQSk3adc,ferrylia putri,5.0,5 bulan lalu,Selalu jadi my favorit place kalo mau pergi liburan bagus soale. Dananunya indah sekali. Seindah kenangan kita. Sygnya aku pergi sendiri ke tempat yg sdh kita janjikan:(
ChIJ6cLuMBoMhC0RNHktQSk3adc,Tian septi,5.0,3 bulan lalu,"Kereeeeeeeeeeennn 👍
Tapi akses jalan perlu diperhatikan pemerintah. …"
ChIJ6cLuMBoMhC0RNHktQSk3adc,Asdar Munandar,4.0,setahun lalu,"Viewnya ajib banget.
Akses kesini yang susah. Dari luwuk bisa pake sped atau kapal penyebrangan.

Tiket masuk cuman 5 ribu tapi untuk sewa perahu, pelampung, kano dll lumayan harganya. Tp sebanding banget dengan petualangan yang didapat"
ChIJqT4eSZcShzIRzLAguxvcXb0,Robin Goetomo,5.0,sebulan lalu,"Untuk yang wisata nuansa puncak, ini the best... cuma jalan kampung pas sudah dekat tetetana agak sempit, apalagi kalo kena hari minggu, kadang ada ibadah. Jalan ketutup mobil parkir"
ChIJqT4eSZcShzIRzLAguxvcXb0,Ekaput,5.0,7 bulan lalu,"Htm 25k sdh include kopi/teh gratis, Banyak bunga2, Dari sini keliatan kota manado, pas datang disambut dgn kabut luar biasaaaaa indah banget, dingin juga karna berada dipuncak minahasa . Bisa pesan makanan atau minuman di caffenya sambil nikmatin pemandangan yg gaada di kota😍 jarak tempuh dari kota hanya sejam, jalanan juga lumayan bagusss kecuali pas masuk di puncak lumayan berkerikil 🫡"
ChIJqT4eSZcShzIRzLAguxvcXb0,Kang Ebes,5.0,Diedit 9 bulan lalu,"jalan menuju lokasi agak sempit, mengitari pegunungan dan berbatu
hati-hati jika berkunjung di musim hujan, beberapa titik jalan becek dan licin
tp semua terbayar lunas, pemandangan di puncak memang sebagus itu 👍🏻"
ChIJqT4eSZcShzIRzLAguxvcXb0,Dhiandra Jatu,5.0,setahun lalu,"Berasa hidden game, bagus banget viewnya lokasinya agak tricky, jadi usahakan dateng sama orang lokal yang udah paham banget sama daerahnya.
Parkir luas, HTM bisa dituker buat minum teh juga.  Ntapp! 👍"
ChIJqT4eSZcShzIRzLAguxvcXb0,Muhammad Ridwan,4.0,4 bulan lalu,"Puncak Tetetana tempat yang bagus untuk membawa anak anak berwisata. Udaranya dingin sehingga perlu memakai jaket. Makanannya juga enak. Adapisang goroho, sop, pisang sepatu, nasi goreng, ayam geprek, kopi dan lain lain. Harganya juga terjangkau. Tempat parkir cukup luas. Namun jalan masuk menuju area wisata puncak tetetana kurang bagus. Pemerintah daerah agar memperbaiki jalan menuju punca tetetana"
ChIJqT4eSZcShzIRzLAguxvcXb0,Reagen Rimporok,4.0,4 tahun lalu,"Tempat dan pemandangannya bagus.
Mau masuk kesini saat kami datang harus bayar 25ribu tetapi katanya karna tidak ada pekerja untuk sedia minuman, hanya ditagih saja 20ribu dan tidak di kasih tiket.
(Semoga uang pas tsb masuk ke kas pengelola).

Jadi kalo datang pagi kadang tidak ada pekerjanya tidak bisa pesan makan dan minum."
ChIJqT4eSZcShzIRzLAguxvcXb0,Mahirsyah Wellyan,5.0,3 tahun lalu,"Puncak bukit yang bagus, asri, banyak bunga, udaranya segar. Cuaca sering mendung di sini, kadang disertai gerimis bahkan hujan. Bisa makan pisang goreng dan minum kopi di resto."
ChIJqT4eSZcShzIRzLAguxvcXb0,crisnawati sondakh,4.0,4 tahun lalu,Klo ksni bagus cuaca panas di jam 1 smpe jam 3 msi okeh..lewat itu mo ujan atau panas namanya jg puncak pasti berkabut sorenya..jdi m foto2 hasilnya ndk tllu memuaskan😁😁tmpat sntai juga okehlah yah👍👌harga tiket masuk 20rb/org …
ChIJqT4eSZcShzIRzLAguxvcXb0,Reevs Starkey,4.0,setahun lalu,"Hidden gem di Minahasa Sulut. Rekomended untuk mengunjungi jika main ke Minahasa. Jalan berliku liku, nail turun dan kadang lebar dan kecil jika mau sampai puncak cukup 1 mobil, kalau papasan harus ada yg mengalah.

View dari Puncak bisa melihat Kota manado, Gunung, Laut, Bandara dan Jalan Tol"
ChIJqT4eSZcShzIRzLAguxvcXb0,Ibu Djang,4.0,6 tahun lalu,"Lokasi gampang dicari, HTM cukup terjangkau 20rb, hanya melihat pemandangan 360°dan bunga-bunga.
Saya baru sadar, di puncak ini saya bisa melihat kota Manado - Bitung. Ternyata jika di lihat dari puncak ini juga belalai Celebes tidaklah terlalu lebar.
Tips bagi saya jika datang ke tempat ini jangan saat weekend, cukup rame.
Dan tolonglah jaga kebersihan tempat ini, saat saya kesini tempat sampah sangat susah dicari.
Ada saung kecil menjual berbagai makanan berat, ringan dan kopi.
Ingat jaga kebersihan ya gaes."
ChIJ19ALlHPpmC0RLuiVH3QXZ40,Marwah Kunoichi,3.0,setahun lalu,"Pertama kali ke pantai Toronipa pas libur lebaran hari ke-5, masih sangat ramai pengunjung. Gazebo yg letaknya di pinggir pantai hampir penuh dan di bandrol harga mulai dari 400rb-600rb. Untuk ukuran penyewaan gazebo tergolong sangat mahal.

Pasir pantainya pasir putih dan lumayan bersih. Banyak wahana permainan air seperti banana boat dan donat terbang.

Ada mushola dan fasilitas air bersih serta ruang ganti baju. Penyewaan kamar kecilnya juga bervariasi, untuk BAK ada yg dikenakan 3rb ada juga yg 5rb tinggal memilih kamar kecil yg akan digunakan."
ChIJ19ALlHPpmC0RLuiVH3QXZ40,Atha Akbariana,1.0,7 bulan lalu,"Tidak ada perkembangan. Tetap saja banyak pungli. Sudah jauh2 kesana mengecewakan sekali, biar hanya di pasir jg tdk boleh sama pemilik2 gazebo. Kesana harus modal minimal 300ribu untuk 1 gazebo. Sangat tidak cocok untuk keluarga kecil. Masih mending nambo yang sudah sedikit lebih bagus skrg. Gazebo free. Main di berbagai sisi pantai jg bebas. Atau opsi lain main air di sungai kebun raya yang harga tiket masuknya masih terjangkau.
Semoga ada solusi dr pemerintah & pemilik2 usaha di Toronipa, supaya makin ramai pengunjung. Karna jujur saya trauma. Sayang pantai bagus dikelola orang2 menyebalkan"
ChIJ19ALlHPpmC0RLuiVH3QXZ40,Soleh Solihin,3.0,6 bulan lalu,"🤦 saya baru pertama kali kesana pantai Toronipa. Tapi masuk mahal,trus di dalam harus bayar lagi mahal pula 100 ribu dua orang🤦
Pantai nya sih bagus,👍👍
Tapi penghuni Pantai nya banyak calo mahal-mahal lagi, Mungkin aku tidak mau kesana lagi 🙃🙃
Mohon buat para calo luar dan dalam jangan menargetkan trlalu mahal kasian org-orang yang ingin berlibur."
ChIJ19ALlHPpmC0RLuiVH3QXZ40,Nabilaa,3.0,10 bulan lalu,"Pantai ini sebenarnya bagus, lumayan bersih, pasirnya juga cukup putih, jarak yang cukup dekat dengan Kota Kendari dan pemandangannya yg indah. Tapi yang bikin meresahkan adalah warga disana mematok harga sangatt mahal untuk gazebo. Terlebih lg saat hari libur, untuk sekedar duduk di pasirpun kami ditagih sebesar 50k dengan alasan uang kebersihan. Padahal sampah kami bersihkan sendiri"
ChIJ19ALlHPpmC0RLuiVH3QXZ40,Indah Herawati,5.0,setahun lalu,"""Pantai Toronipa keren banget buat liburan santai! Pasirnya putih dan luas, cocok banget buat main-main sama teman atau keluarga. Lautnya jernih, ombaknya nggak terlalu besar, jadi aman buat main air. Ada banyak warung makanan di sekitar pantai, jadi nggak usah khawatir kalau lapar. Harganya juga ramah di kantong. Sayangnya, di beberapa spot ada sampah yang berserakan, jadi semoga bisa lebih dijaga kebersihannya. Terdapat mainan di airnya, eg. banana boat. Overall, kalau lagi di Sulawesi Tenggara, wajib mampir ke sini buat nikmatin sunset dan suasana pantai yang asik!"""
ChIJ19ALlHPpmC0RLuiVH3QXZ40,Est Service,4.0,2 tahun lalu,"Jalan menuju akses pantai sangat baguuus.. tapi tiba d pantai biaya akomodasi lumayan mahal, gazebonya 300rb, kalau gelar tikar bayar 50+20 biaya kebersihan. Tapi utk kebersihan pantai sudah terjaga, banyak wahana permainan juga seperti banana dan donat donat"
ChIJ19ALlHPpmC0RLuiVH3QXZ40,Kezia Nailah,5.0,3 tahun lalu,"Pantai dengan hamparan pasir putih,,jalan akses ke pantai sudah lancar dan bagus.banyak tersedia Gasebo serta jajanan..memiliki permainan seperti banana ,donat terbang.pokoknya seru.."
ChIJ19ALlHPpmC0RLuiVH3QXZ40,Andi Muh. Faiz,4.0,2 tahun lalu,"Salah satu destinasi wisata di Provinsi Sulawesi Tenggara, dekat dengan ibu kota provinsi apalagi sekarang akses jalan ke Pantai Toronipa sudah bagus. Pemandangan bagus dan tempat strategis hanya kurang pada tata kelola tempat wisata ini, banyak sampah dan tidak bagusnya tata kelola setempat."
ChIJ19ALlHPpmC0RLuiVH3QXZ40,Raharjo Djogja,5.0,4 tahun lalu,"Pantai dengan hamparan pasir bersih, ada wahana banan boat, cocok untuk wisata keluarga, gathering hanya saja akses jalannya menyedihkan sekali"
ChIJ19ALlHPpmC0RLuiVH3QXZ40,Marsifa,5.0,3 tahun lalu,"Kereen pantainya.. bersih, ada wahana permainan ban donat donat, ada juga banana boat.. akses ke sananya juga bagus, recomended untuk kawan kawan yg ingin berlibur bersama keluarga, teman tau rekan kerja."
ChIJqZoEpypavi0R0LkNhrEEeIE,ijmasulastri,5.0,2 bulan lalu,"perjalanan menuju tempat ini disuguhkan pemandangan sawah, gunung yang memanjakan mata... sampai di lokasi di pagi hari, cukup ramai ada beberapa rombongan tp tidak padat.. jadi tetap bisa menikmati suasana disana.. ada museum dan beberapa goa yang bisa dikunjungi, ada tour guide juga. kesini bareng rombongan dari organisasi jadi budget masuk dan tourguide sy gak tau 🙏🏻😅

destinasi yang worthed untuk dikunjungi kalau ke Makassar.."
ChIJqZoEpypavi0R0LkNhrEEeIE,Fadil Alvarezel,5.0,3 bulan lalu,"Terakhir kesini Oktober 2014. 1 Januari 2026 sempatkan ke sini lagi. Pemandangannya tetap sama, hijau asri dan sejuk. Butuh effort untuk naik ke guanya, karena naik tangga yang lumayan banyak.

Untuk masuk gua harus ada penjaganya yang menemani. Kalau gak ada, cuma bisa di mulut gua saja karena ada pagar dan digembok. Takutnya kalau masuk tanpa pengawasan, lukisan purba di dalam gua bisa dirusak.

Biaya masuk 10k, parkir motor 5k. Waktu tempuh dari Kota Makassar sekitar 1 jam 30 menit sampai 2 jam. Tergantung kecepatan dan padatnya lalu lintas."
ChIJqZoEpypavi0R0LkNhrEEeIE,Suhati __,5.0,2 bulan lalu,Padang rumput hijau yg luas dan ada kolam dari gua yg jernih serta disediakan shelter beratap disekitar. Tapi masih ada beberapa manusja membuang sampah di tangga jalur dan mencoret pohon. Baiknya datang pagi di kolam atau weekday menghindari kolam rame. Kalau musim hujan baiknya membawa payung.
ChIJqZoEpypavi0R0LkNhrEEeIE,Anti,5.0,2 bulan lalu,"tempatnya bagus dan susananya tenang, walaupun banyak ayam2 yg menghampiri wkwk, ada tempat penyewaan tikar jg di pintu masuknya, dan harga tiket terjangaku sih, ada musholahnya jg walaupun kecil 🤏🏻"
ChIJqZoEpypavi0R0LkNhrEEeIE,milkyway,5.0,2 bulan lalu,"salah satu destinasi wisata alam yang terbaik di sulawesi selatan, gak banyak sampah yang berserakan, good job ke pengelola dan pengunjung yang sudah menjaga kebersihan"
ChIJqZoEpypavi0R0LkNhrEEeIE,kecutberi,5.0,5 bulan lalu,"perjalanan kesini hujan deras sekali mana jauh sekali, singgah bertedu lama tapi hujannya nda mau berhenti-berhenti jadi di terobos saja pake jas hujan hehe pasrah kalo pas sampe sudah tutup wisatanya tapi untungnya masih dikasi waktu sejaman untuk masuk, tempatnya bagus sekali lebih bagus ternyata kalo habis hujan berkabut cantik makin adem diliat pemandangannya, walaupun sambil hujan-hujanan kedinginan kami tetap happy sekali menikmati waktu weekend disini."
ChIJqZoEpypavi0R0LkNhrEEeIE,Anti Tamrin,5.0,6 bulan lalu,Tempatnya bagus dan masih sangat natural. Butuh energi yang banyak untuk menjelajahi tempat ini karena kerjaannya paling banyak naik turun tangga 😥 tapi tempatnya yang teduh dan asri membuat capeknya kurang. Ada kolam pemandian di atas yang airnya sangat dingin.
ChIJqZoEpypavi0R0LkNhrEEeIE,Rajab Syahrul,5.0,9 bulan lalu,"Bagus untuk liburan keluarga. Jangan lupa bawa sepeda, luas untuk anak anak bermain. Tiket masuk 10 ribu anak anak gratis. Alhamdulillah.  Bebas parkir. Hanya tidak ada penjual makanan. Jadi siapkan memang makanan dari rumah. Lokasi bersih WC bersih pengelola ramah. Walau banyak anjing tapi tidak mengganggu. Hanya berkeliaran. Yg pasti rekomendasi untuk.liburan keluarga. Keluarga"
ChIJqZoEpypavi0R0LkNhrEEeIE,Sunarti Basiir,5.0,10 bulan lalu,"Cocok untuk piknik karena tempatnya luas dan banyak pohon yang rindang, ada gazebo dan tersedia tempat sewa tripod, kursi dan meja lipat. Tidak ada tiket masuk jadi cuma bayar parkir saja.
Aksesnya mudah, jalanan bagus dan tidak terlalu jauh dari jalan poros. Ada penjual juga di dekat tempat parkir."
ChIJqZoEpypavi0R0LkNhrEEeIE,Ayup Andria,5.0,3 bulan lalu,"Tempatnya keren, pemandangan nya bagu indah sekali"
ChIJEcAsbmNCji0Rzqno5J5L3XY,Abdul Moenir,4.0,5 bulan lalu,Sempat ngitung air terjunnya... Recommended... Fasilitas perlu dibenahi.... Tiket masuk 5.000 .. Parkir 5.000...
ChIJEcAsbmNCji0Rzqno5J5L3XY,Vania Canisa,5.0,10 bulan lalu,"Another paradise on earth sih ini. Banyak yg jualan cemilan disni. Harganya normal aja, jalanan masuk kesini juga oke banget. Dari tempat parkiran jalan sekitar 5 menitan untuk sampw ke air terjun, gak ada jaringan t-sel sih. Ada tempat mandi-mandi anak juga. Family friendly. Recommended untuk destinasi liburan bareng keluarga."
ChIJEcAsbmNCji0Rzqno5J5L3XY,Iinasharo Putri,5.0,2 bulan lalu,"Air terjunnya cantik bangettt, apa lagi bereng ciwi” cantik kuu🥰 …"
ChIJEcAsbmNCji0Rzqno5J5L3XY,indonesiahebat sulteng,5.0,setahun lalu,"Indah, bersih, ramah petugas , warung makan dan minum bersih dan enak menunya, MCK bersih, airnya dingin dan segar, banyak tempat untuk bersantai dan menikmati alam. Jarak tempuh dari Pasar Tentena hanya 15 menit."
ChIJEcAsbmNCji0Rzqno5J5L3XY,Febriansyah,4.0,setahun lalu,"Air terjunnya sangat indah, memiliki banyak tingkat, hanya saja banyak fasilitas yang sudah rusam"
ChIJEcAsbmNCji0Rzqno5J5L3XY,IC Chanel68,4.0,3 tahun lalu,Pemandangannya indah dengan air terjun yang bertingkat 66 tapi saya tidak kuat untuk naik dan hanya di bagian bawah saja. Air terjun ini berada di dalam area hutan. Lokasi ini kurang terkolala dengan baik dan sinyal HP tidak ada. Harga tiket masuk hanya Rp 5.000 /org dan parkir mobil juga sama
ChIJEcAsbmNCji0Rzqno5J5L3XY,Nur Herjayanti,5.0,2 tahun lalu,Air terjun yang indah dengan kekayaan flora fauna endemik yang indah. Menjadi habitat dari ikan endemik Nomoramphus celebensis.  Jika ingin melakukan kegiatan herping tempat ini recomended.
ChIJEcAsbmNCji0Rzqno5J5L3XY,nelaini,5.0,5 tahun lalu,"akses ke air terjun saluopa sangat mudah dan bagus, ada penginapan juga dengan harga yg menarik hanya 165 saja sudah dapat 1 rumah panggung, tiket masuk air terjuan per okt 2020 15rb saja, menuju ke air terjun juga banyak warung yg tradisional dan pemandangan yg bagus jadi jangan khawatir kelaparan guys"
ChIJEcAsbmNCji0Rzqno5J5L3XY,Sri Muliatin,5.0,Diedit 5 tahun lalu,"Kekayaan alam Sulteng yg nggak kalah ma negara Thailand, kerenn lho sobat, satu-satunya di Indonesia, yang pemandNgannya secantik ini, dilengkapi dengan gajebo dan kekayaan alam lainnya termasuk kuliner yang dapat diambil langsung dari hasil kebun petani setempat.❤"
ChIJEcAsbmNCji0Rzqno5J5L3XY,MyHuFaKay Family,5.0,2 tahun lalu,Sebaiknya diperhatikan lagi tangga untuk naik keatas dan tolong pengunjung perhatikan kebersihannya. Sampah dibuang ketempat sampah atau bawalah sampah²nya keluar. Tempatnya masih asri dan alami. Rekomendasi untuk tujuan wisata di Kabupaten Poso.
ChIJHz8emWvtmC0Rx1DjdMgopxU,rohmad adi siaman,2.0,8 bulan lalu,"Satu Area dengan Taman Meohai, Nasibnya Pun Sama Menyedihkan

Taman Teratai ini lokasinya menyatu langsung dengan Taman Meohai, bahkan secara fisik tidak ada pemisah yang jelas di antara keduanya. Pembeda utamanya hanyalah sebuah kolam yang ditumbuhi tanaman teratai, yang menjadi asal-usul nama taman ini.
Sayangnya, nasib taman ini sama persis dengan tetangganya: kurang terawat dan terbengkalai. Bunga teratai yang seharusnya menjadi daya tarik utama tampak tidak terurus dan kolamnya kurang bersih. Keindahannya sama sekali tidak keluar.
Fasilitas pendukungnya pun dalam kondisi yang memprihatinkan. Banyak titik di jogging track yang sudah rusak, dan toilet umum yang tersedia juga rusak sehingga tidak bisa digunakan.
Pada dasarnya, ini adalah satu kawasan ruang terbuka hijau yang luas bersama Taman Meohai, namun keduanya dalam kondisi yang butuh perhatian serius. Sangat disayangkan, padahal jika dikelola dengan baik, area gabungan ini bisa menjadi tempat rekreasi yang sangat indah dan nyaman bagi warga Kendari."
ChIJHz8emWvtmC0Rx1DjdMgopxU,Risma Wati,4.0,Diedit 2 tahun lalu,"Taman lama di Kota Kendari. Tamannya luas, banyak tempat duduk dan tempat bersantai. Suasananya adem. Banyak pohon dan rindang. Viewnya langsung menghadap ke Teluk Kendari bagian Kendari Beach (KEBI). Tapi terlihat sudah tidak banyak difungsikan. Harus hati-hati berjalan karena banyak lumut."
ChIJHz8emWvtmC0Rx1DjdMgopxU,Isharman Ramadhan,5.0,7 tahun lalu,"Pantai ini sangatt bagus pada saat pagi dan sore hari, sunset nya tidak di ragukan.
Pantai ini tidak jauh dari pusat kota, dan pantai ini adalah pantai vaforit masyarakat kota kendari. Pantai ini tempat wisata bagi anak muda untuk bersantai bareng keluarga dan teman2. Dan khususnya dgn pacarnya.
Waah disnilah tmpat yang cocok.
Pantai Kebi (kendari beach)"
ChIJHz8emWvtmC0Rx1DjdMgopxU,Yoyok Saputra,5.0,6 tahun lalu,"Tempatnya bagus untuk santai yang ditambah lagi dekat pesisiran pantai hingga duduk ditaman serasa liburan di pantai.
Sangat cocok untuk tempat nongkrong di sore hari dengan di lengkapi pedagang esbuah yg siap melengkapi indahnya suasana di sore hari.
Cocok buat anak milenial juga loh.
Ataupun untuk keluarga."
ChIJHz8emWvtmC0Rx1DjdMgopxU,La Ode Riyandi,4.0,8 tahun lalu,"Tempatnya cocok sih buat yang punya pasangan,
Menikmati jajanan sambil melihat sunset yang indah jadi kesannya makin romantis,"
ChIJHz8emWvtmC0Rx1DjdMgopxU,Dee HP,3.0,2 tahun lalu,Tamanx bagus cuma kurang terawat. Permainan anak dah rusak.
ChIJHz8emWvtmC0Rx1DjdMgopxU,Arman Asmara,5.0,7 tahun lalu,"Taman teratai dengan kenangannya sebagai alternatif tempat bersantai warga Kota Kendari yang datang dari dua arah😊
31 Agustus 2009 saat refreshing duduk-duduk di taman di sore hari☺🙂😍 …"
ChIJHz8emWvtmC0Rx1DjdMgopxU,rudy kdi,5.0,7 tahun lalu,Suasana di pagi hari udaranya sangat sejuk
ChIJHz8emWvtmC0Rx1DjdMgopxU,Khandra Wijaya,4.0,2 tahun lalu,"Tamannya bagus, wahana bermain banyak, kurangnya hanya macet saat malam Sabtu dan Minggu sepanjang jalan jalur pantai depan taman."
ChIJHz8emWvtmC0Rx1DjdMgopxU,Fitria Rihin Uyun,5.0,8 tahun lalu,"Paling suka jalan-jalan kesini. Kendari beach (kebi) yg sepanjang pinggir laut ada penjual tas, sepatu, jam tangan, makanan & minuman (pisang epe & capucino andalanku), sama bakso bakarnya enak banget hiks. Enaknya jalan-jalan kesini pas sore sampai malam. Eh buat orangtua yg ingin bawa anaknya bermain banyak juga kok permainan disini apalagi odong-odong, tangkap ikan, main bola dll. Tempat paling rame dimalam minggu pokoknya"
ChIJ5-tJWokdvy0RsnxbtOGeFKM,Afni Jannah,4.0,2 bulan lalu,"seperti pantai pada umumnya, banyak jajanan dan ada cafe didalamnya, harga makanannya pun terbilang murah. Boleh membawa makanan dan tikar dari luar, boleh juga duduk di kursi yg disediakan oleh pihak kafe dgn kriteria tertentu. Buat makanan cafe nya aku rekomendasikan pisang goreng coklat keju yg hrganya terbilang murah dan coklatnya pake coklat batang. HTM weekend 20rb sedangkan hari biasa 10rb, terbilang mahal sih yah, tp untuk sesekali berkunjung boleh aja sih biar tidak penasaran. Mau liat sunset tp cuaca kurang mendukung"
ChIJ5-tJWokdvy0RsnxbtOGeFKM,Marlina Lina,5.0,Diedit sebulan lalu,"first time kesini,pantainya bersih, nyaman bgt buat nongki with keluarga, boleh bawa jajan dari luar, lupa bawa tikar jadinya sewa kursi untuk 5 orang 90 ribu"
ChIJ5-tJWokdvy0RsnxbtOGeFKM,Fiqqy Nurrahman,5.0,7 bulan lalu,"Pantai terbersih dan terbaik di pesisir Makassar untuk saat ini, walaupun secara harga agak mahal tapi worth it lahh.
Ada penukaran karcis dengan minuman teh atau air mineral gratis saat weekend.
Rekomen untuk rehat sejenak dari hiruk pikuk dunia pekerjaan dan masalah kehidupan"
ChIJ5-tJWokdvy0RsnxbtOGeFKM,RuangBermain TripleZ,4.0,8 bulan lalu,"Pantai yang bersih untuk dikunjungi bersama keluarga. Pantai bosowa dilengkapi dengan fasilitas restoran, mushalla, lifeguard, & fasilitas MCK yang memadai.
Pasir pantai bersih karena rutin dibersihkan oleh petugas serta pantai landai sehingga aman untuk anak-anak bermain air & pasir.
Harga tiket masuk :
- mobil : 10rb (weekday)
- per orang dewasa : 10rb/orang (weekday)

Hint : kami biasanya parkir di tengah pantai karena mobil bisa parkir mundur langsung ke arah pantai. Posisi ini jg ada pohon sehingga cukup teduh & dekat dengan toilet. Sehingga saat bilas/bersih2 itu lebih dekat ke toilet

Kalo pergi kesini pagi hari jangan lupa bawa minuman hangat & beli nasi kuning/sengkolo/gogos untuk menemani istrahat setelah kita berendam/berenang di laut 😁"
ChIJ5-tJWokdvy0RsnxbtOGeFKM,Seftiana Putri Khoirusandi,5.0,6 bulan lalu,"Menemukan spot sunsetan di makassar. Aku pergi pas weekend tiket masuknya 25k per orang udah include dengan tiket parkir. Pokoknya oke bgt, kalo mau sunsetan bisa kesini sihh, kalo cuacanya pas bagus mataharinya bisa keliatan bulet bgtt. Lovee this place🫶🏻"
ChIJ5-tJWokdvy0RsnxbtOGeFKM,reny suryani,5.0,7 bulan lalu,"Pantai buatan kayaknya,krn pasirnya halus kayak di pantai selatan jawa...
Ombaknya juga cocok buat anak2.
Fasilitas WC,musholla ,toilet berfungsi baik.
Lokasi dekat dengan Kota makassar dan dekat dengan TSM jd habis mantai bs langsung ngemall🤭
Over all pengalaman pertama kesana terkesan,kapan2 datang lagi😊"
ChIJ5-tJWokdvy0RsnxbtOGeFKM,Kukuh Cakra D,5.0,5 bulan lalu,Pantainya bagus dan bersih. Pasir pantai warna hitam tersedia tempat mandi bagi yang bermain air di pantai tapi cukup terbatas. Waktu terbaik adalah sore hari namun cukup rame.
ChIJ5-tJWokdvy0RsnxbtOGeFKM,Angelina Valencin Wicky Sulaiman,5.0,9 bulan lalu,"Pantainya bersih, pasir hitam, suasana nya masih nyaman ga yang rame2 banget. HTM 10k per orang weekend.
Ada cafe Lae Lae yang kursinya menghadap sunset cukup belanja min. 50k utk duduk di situ. Ada live music juga dari sore sampai malam, bener2 asik banget buat bersantai dan nongkrong."
ChIJ5-tJWokdvy0RsnxbtOGeFKM,ANSAR,5.0,5 bulan lalu,Pantainya sangat bersih. Penjaga pantainya juga selalu himbau kalo ada pengunjung yg terlalu ke tengah. Pengalaman ke sini sudah 3 kali
ChIJ5-tJWokdvy0RsnxbtOGeFKM,nur hikmah ramadani h,5.0,11 bulan lalu,"Pantai terbersih yg pernah sy datangi di area makassar.
Sayangnya kesadaran org yg datang tdk sepenuhnya bersih, masih ada yg buang sampahnya sembarangan, padahal sdh ada tempat sampah disediakan.
Sayangnya yg sangat sangat tidak bagus adalah ruang bilasnya, kotor dan tdk ada air mengalir, harap pengelola memperbaiki ini.
Makanan yg dijual harga terjangkau.
Waktu masuk diinfokan ada air dibagikan, sampai pulang jam 11, tempat pengambilan air belum buka. Miskomunikasi ini harap diperbaiki.
Harga masuk perorg di hari libur murah terjangkau.
Untuk gazebo tdk disewa, cukup beli makanan senilai 100rb saja. Tdk seperti pantai lain mesti sewa dgn nilai yg sama, dgn dibatasi waktu."
