23:54:30 | INFO    | ============================================================
23:54:30 | INFO    | Memulai Scraper Deskripsi Wisata (L1: Wikipedia, L2: DDGS)
23:54:30 | INFO    | ============================================================
23:54:30 | INFO    | Membaca data dari: D:\semester6\mc_learning\scrapt_wisata\deskripsi\scrap_deskripsi_wisata.csv
23:54:30 | INFO    | Total baris dataset: 2708
23:54:30 | INFO    | [35/2708] Mencari: Taman Musafir
23:54:31 | DEBUG   | [L1 Wiki] Error: Expecting value: line 1 column 1 (char 0)
23:54:31 | DEBUG   |       L1 Gagal, mencoba L2 DDGS...
23:54:38 | INFO    |       => Sukses dari: https://sulsel.idntimes.com/travel/destination/tempat-wisata-di-pangkep-wajib-dikunjungi-c1c2-01-rw29l-yrg49b
23:54:40 | INFO    | [57/2708] Mencari: Benteng Keraton Kesultanan Buton (Negeri Khalifatul Khamis)
23:54:40 | DEBUG   | [L1 Wiki] Error: Expecting value: line 1 column 1 (char 0)
23:54:40 | DEBUG   |       L1 Gagal, mencoba L2 DDGS...
23:54:50 | INFO    |       => Sukses dari: https://id.wikipedia.org/wiki/Benteng_Keraton_Buton
23:54:52 | INFO    | [88/2708] Mencari: Masjid Jami Tua Palopo
23:54:52 | DEBUG   | [L1 Wiki] Error: Expecting value: line 1 column 1 (char 0)
23:54:52 | DEBUG   |       L1 Gagal, mencoba L2 DDGS...
23:55:00 | INFO    |       => Sukses dari: https://id.wikipedia.org/wiki/Masjid_Tua_Palopo
23:55:02 | INFO    | [Resume] Baris [103/2708] terlewati (sudah ada data).
23:55:02 | INFO    | [121/2708] Mencari: WISATA TAMENDAO BEACH
23:55:02 | DEBUG   | [L1 Wiki] Error: Expecting value: line 1 column 1 (char 0)
23:55:02 | DEBUG   |       L1 Gagal, mencoba L2 DDGS...
23:55:06 | INFO    |       => Sukses dari: https://gorontalo.tribunnews.com/2024/04/15/objek-wisata-tamendao-gorontalo-pesona-keindahan-pantai-dan-wisata-kuliner-estetik
23:55:07 | INFO    | [169/2708] Mencari: Air Terjun Pialaa
23:55:07 | DEBUG   | [L1 Wiki] Error: Expecting value: line 1 column 1 (char 0)
23:55:07 | DEBUG   |       L1 Gagal, mencoba L2 DDGS...
23:55:23 | INFO    |       => Gagal mencari deskripsi.
23:55:25 | INFO    | [Resume] Baris [205/2708] terlewati (sudah ada data).
23:55:25 | INFO    | [209/2708] Mencari: Pantai Batuangus
23:55:25 | DEBUG   | [L1 Wiki] Error: Expecting value: line 1 column 1 (char 0)
23:55:25 | DEBUG   |       L1 Gagal, mencoba L2 DDGS...
23:55:34 | INFO    |       => Sukses dari: https://id.wikipedia.org/wiki/Cagar_Alam_Gunung_Tangkoko_Batuangus
23:55:36 | INFO    | [231/2708] Mencari: Taman Pantai mahaas
23:55:36 | DEBUG   | [L1 Wiki] Error: Expecting value: line 1 column 1 (char 0)
23:55:36 | DEBUG   |       L1 Gagal, mencoba L2 DDGS...
23:55:49 | INFO    |       => Gagal mencari deskripsi.
23:55:50 | INFO    | [233/2708] Mencari: Tugu Adibahasa
23:55:50 | DEBUG   | [L1 Wiki] Error: Expecting value: line 1 column 1 (char 0)
23:55:50 | DEBUG   |       L1 Gagal, mencoba L2 DDGS...
23:56:03 | INFO    |       => Sukses dari: https://sultra.indozone.id/lifestyle/2486603931/bukan-sekadar-hiasan-kota-ini-tugu-ikonik-di-kendari-dan-makna-di-baliknya
23:56:04 | INFO    | [268/2708] Mencari: Lembah Ramma
23:56:04 | DEBUG   | [L1 Wiki] Error: Expecting value: line 1 column 1 (char 0)
23:56:04 | DEBUG   |       L1 Gagal, mencoba L2 DDGS...
23:56:15 | INFO    |       => Sukses dari: https://smartcity.gowakab.go.id/wisata_alam/lembah-ramma/17
23:56:17 | INFO    | [281/2708] Mencari: Pantai Panrangluhu
23:56:17 | DEBUG   | [L1 Wiki] Error: Expecting value: line 1 column 1 (char 0)
23:56:17 | DEBUG   |       L1 Gagal, mencoba L2 DDGS...
23:56:35 | DEBUG   | [L2 BS4] Gagal ekstraksi url https://disparpora.bulukumbakab.go.id/portofolio/pantai-panrang-luhu/ -> HTTPSConnectionPool(host='disparpora.bulukumbakab.go.id', port=443): Read timed out. (read timeout=8)
23:56:37 | INFO    |       => Gagal mencari deskripsi.
23:56:38 | INFO    | [283/2708] Mencari: Mah'watu
23:56:38 | DEBUG   | [L1 Wiki] Error: Expecting value: line 1 column 1 (char 0)
23:56:38 | DEBUG   |       L1 Gagal, mencoba L2 DDGS...
23:56:48 | INFO    |       => Gagal mencari deskripsi.
23:56:49 | INFO    | [299/2708] Mencari: Pantai Mandala Ria
23:56:49 | DEBUG   | [L1 Wiki] Error: Expecting value: line 1 column 1 (char 0)
23:56:49 | DEBUG   |       L1 Gagal, mencoba L2 DDGS...
23:56:56 | INFO    |       => Sukses dari: https://www.bulukumbakab.go.id/rubrik/pantai-mandala-ria
23:56:58 | INFO    | [Resume] Baris [312/2708] terlewati (sudah ada data).
23:56:58 | INFO    | [324/2708] Mencari: Danau Matano
23:56:58 | DEBUG   | [L1 Wiki] Error: Expecting value: line 1 column 1 (char 0)
23:56:58 | DEBUG   |       L1 Gagal, mencoba L2 DDGS...
23:57:02 | INFO    |       => Sukses dari: https://id.wikipedia.org/wiki/Danau_Matano
23:57:04 | INFO    | [337/2708] Mencari: TAMAN CALLACCU
23:57:04 | DEBUG   | [L1 Wiki] Error: Expecting value: line 1 column 1 (char 0)
23:57:04 | DEBUG   |       L1 Gagal, mencoba L2 DDGS...
23:57:09 | INFO    |       => Sukses dari: https://makassar.tribunnews.com/2023/02/12/taman-calaccu-sengkang-rth-dengan-fasilitas-bermain-dan-tempat-nongkrong
23:57:11 | INFO    | [341/2708] Mencari: Wisata Tanjung Cemara Batu Buaya
23:57:11 | DEBUG   | [L1 Wiki] Error: Expecting value: line 1 column 1 (char 0)
23:57:11 | DEBUG   |       L1 Gagal, mencoba L2 DDGS...
23:57:21 | DEBUG   | [L2 BS4] Gagal ekstraksi url https://sisparnas.kemenparekraf.go.id/p/48860 -> HTTPSConnectionPool(host='sisparnas.kemenparekraf.go.id', port=443): Max retries exceeded with url: /p/48860 (Caused by NameResolutionError("HTTPSConnection(host='sisparnas.kemenparekraf.go.id', port=443): Failed to resolve 'sisparnas.kemenparekraf.go.id' ([Errno 11002] getaddrinfo failed)"))
23:57:24 | INFO    |       => Sukses dari: https://www.floreseditorial.com/wisata/39716095082/7-destinasi-pantai-terindah-di-bolaang-mongondow-timur-surga-tersembunyi-di-sulawesi-utara-yang-dijamin-bikin-betah
23:57:26 | INFO    | [357/2708] Mencari: Tugu Kakao
23:57:26 | DEBUG   | [L1 Wiki] Error: Expecting value: line 1 column 1 (char 0)
23:57:26 | DEBUG   |       L1 Gagal, mencoba L2 DDGS...
23:57:34 | INFO    |       => Gagal mencari deskripsi.
23:57:35 | INFO    | [362/2708] Mencari: Dusun touba
23:57:35 | DEBUG   | [L1 Wiki] Error: Expecting value: line 1 column 1 (char 0)
23:57:35 | DEBUG   |       L1 Gagal, mencoba L2 DDGS...
23:57:43 | INFO    |       => Gagal mencari deskripsi.
23:57:45 | INFO    | [387/2708] Mencari: Air Terjun Loli Tasiburi
23:57:45 | DEBUG   | [L1 Wiki] Error: Expecting value: line 1 column 1 (char 0)
23:57:45 | DEBUG   |       L1 Gagal, mencoba L2 DDGS...
23:57:55 | DEBUG   | [L2 DDGS] Error: ConnectError: ConnectError('error sending request for url (https://html.duckduckgo.com/html/)', 'https://html.duckduckgo.com/html/')
23:57:55 | INFO    |       => Gagal mencari deskripsi.
23:57:56 | INFO    | [Resume] Baris [418/2708] terlewati (sudah ada data).
23:57:56 | INFO    | [455/2708] Mencari: Wisata Alam Kalibiru Kanang
23:57:56 | DEBUG   | [L1 Wiki] Error: Expecting value: line 1 column 1 (char 0)
23:57:56 | DEBUG   |       L1 Gagal, mencoba L2 DDGS...
23:58:03 | INFO    |       => Sukses dari: https://jalanjalanaja.com/wisata/wisata-alam-kalibiru-pemandian-favorit-di-polewali-mandar/
23:58:05 | INFO    | [467/2708] Mencari: Kabesaran Beach
23:58:05 | DEBUG   | [L1 Wiki] Error: Expecting value: line 1 column 1 (char 0)
23:58:05 | DEBUG   |       L1 Gagal, mencoba L2 DDGS...
23:58:19 | INFO    |       => Gagal mencari deskripsi.
23:58:20 | INFO    | *** Auto-saving 20 baris diproses...
23:58:20 | INFO    | [473/2708] Mencari: Lutim Landmark
23:58:20 | DEBUG   | [L1 Wiki] Error: Expecting value: line 1 column 1 (char 0)
23:58:20 | DEBUG   |       L1 Gagal, mencoba L2 DDGS...
23:58:32 | DEBUG   | [L2 BS4] Gagal ekstraksi url https://jadesta.kemenpar.go.id/desa/landmark -> HTTPSConnectionPool(host='jadesta.kemenpar.go.id', port=443): Max retries exceeded with url: /desa/landmark (Caused by ConnectTimeoutError(<HTTPSConnection(host='jadesta.kemenpar.go.id', port=443) at 0x1d0743002d0>, 'Connection to jadesta.kemenpar.go.id timed out. (connect timeout=8)'))
23:58:34 | INFO    |       => Sukses dari: https://www.rakyatsulbar.com/2026/04/08/optimalkan-potensi-wisata-pemkab-lutim-bangun-komunikasi-dengan-dpr-ri/
23:58:36 | INFO    | [474/2708] Mencari: Pantai Mallenreng
23:58:36 | DEBUG   | [L1 Wiki] Error: Expecting value: line 1 column 1 (char 0)
23:58:36 | DEBUG   |       L1 Gagal, mencoba L2 DDGS...
23:58:43 | DEBUG   | [L2 BS4] Gagal ekstraksi url https://jadesta.kemenparekraf.go.id/desa/panaikang_pantai_mallenreng -> HTTPSConnectionPool(host='jadesta.kemenparekraf.go.id', port=443): Max retries exceeded with url: /desa/panaikang_pantai_mallenreng (Caused by NameResolutionError("HTTPSConnection(host='jadesta.kemenparekraf.go.id', port=443): Failed to resolve 'jadesta.kemenparekraf.go.id' ([Errno 11002] getaddrinfo failed)"))
23:58:48 | INFO    |       => Sukses dari: https://www.instingjurnalis.com/2023/08/dorong-pantai-mallenreng-jadi-obyek.html
23:58:49 | INFO    | [475/2708] Mencari: Pemandian Air Terjun Meranti
23:58:49 | DEBUG   | [L1 Wiki] Error: Expecting value: line 1 column 1 (char 0)
23:58:49 | DEBUG   |       L1 Gagal, mencoba L2 DDGS...
23:58:58 | INFO    |       => Sukses dari: https://www.liputan6.com/regional/read/5868341/pesona-pemandian-meranti-destinasi-wisata-alam-di-bone-bolango
23:58:59 | INFO    | [477/2708] Mencari: Pulau Wisata Lakkang
23:58:59 | DEBUG   | [L1 Wiki] Error: Expecting value: line 1 column 1 (char 0)
23:58:59 | DEBUG   |       L1 Gagal, mencoba L2 DDGS...
23:59:06 | INFO    |       => Sukses dari: https://www.detik.com/sulsel/wisata/d-7019860/10-destinasi-wisata-sejarah-di-kota-makassar-yang-wajib-dikunjungi
23:59:08 | INFO    | [478/2708] Mencari: Danau Moat
23:59:08 | DEBUG   | [L1 Wiki] Error: Expecting value: line 1 column 1 (char 0)
23:59:08 | DEBUG   |       L1 Gagal, mencoba L2 DDGS...
23:59:24 | INFO    |       => Sukses dari: https://blog.darmawisataindonesia.co.id/mengenal-6-destinasi-wisata-di-bolaang-mongondow/
23:59:25 | INFO    | [480/2708] Mencari: Pantai Lakeba
23:59:25 | DEBUG   | [L1 Wiki] Error: Expecting value: line 1 column 1 (char 0)
23:59:25 | DEBUG   |       L1 Gagal, mencoba L2 DDGS...
23:59:34 | INFO    |       => Sukses dari: https://www.gotravelly.com/blog/10-wisata-di-baubau/
23:59:35 | INFO    | [481/2708] Mencari: Permandian Bahoruru
23:59:35 | DEBUG   | [L1 Wiki] Error: Expecting value: line 1 column 1 (char 0)
23:59:35 | DEBUG   |       L1 Gagal, mencoba L2 DDGS...
23:59:41 | INFO    |       => Sukses dari: https://www.metrosulteng.com/sosial-budaya/51913457404/wisata-permandian-bahoruru-pilihan-alternatif-berlibur-bersama-keluarga-saat-weekend
23:59:43 | INFO    | [482/2708] Mencari: Ujung Lero Beach
23:59:43 | DEBUG   | [L1 Wiki] Error: Expecting value: line 1 column 1 (char 0)
23:59:43 | DEBUG   |       L1 Gagal, mencoba L2 DDGS...
23:59:54 | INFO    |       => Sukses dari: https://elalephcruising.com/destinations/reklamasi-pantai-ujung-lero
23:59:55 | INFO    | [484/2708] Mencari: Ombro
23:59:56 | DEBUG   | [L1 Wiki] Error: Expecting value: line 1 column 1 (char 0)
23:59:56 | DEBUG   |       L1 Gagal, mencoba L2 DDGS...
00:00:05 | INFO    |       => Gagal mencari deskripsi.
00:00:06 | INFO    | [485/2708] Mencari: Pantai Abadi
00:00:06 | DEBUG   | [L1 Wiki] Error: Expecting value: line 1 column 1 (char 0)
00:00:06 | DEBUG   |       L1 Gagal, mencoba L2 DDGS...
00:00:15 | INFO    |       => Sukses dari: https://travel.detik.com/domestic-destination/d-5110107/dimanja-pasir-putih-di-pantai-abadi-di-boltim
00:00:16 | INFO    | [486/2708] Mencari: Pantai Talawaan Bajo
00:00:16 | DEBUG   | [L1 Wiki] Error: Expecting value: line 1 column 1 (char 0)
00:00:16 | DEBUG   |       L1 Gagal, mencoba L2 DDGS...
00:00:22 | INFO    |       => Sukses dari: https://www.celebes.co/pantai-talawaan-bajo-minahasa
00:00:23 | INFO    | [487/2708] Mencari: Taman Rekreasi Datae
00:00:23 | DEBUG   | [L1 Wiki] Error: Expecting value: line 1 column 1 (char 0)
00:00:23 | DEBUG   |       L1 Gagal, mencoba L2 DDGS...
00:00:28 | INFO    |       => Sukses dari: https://id.wikipedia.org/wiki/Kabupaten_Sidenreng_Rappang
00:00:30 | INFO    | [488/2708] Mencari: Forte Português do Século XVI em Amurang , Portugis
00:00:30 | DEBUG   | [L1 Wiki] Error: Expecting value: line 1 column 1 (char 0)
00:00:30 | DEBUG   |       L1 Gagal, mencoba L2 DDGS...
00:00:35 | INFO    |       => Sukses dari: https://idalamat.com/alamat/824416/forte-portugus-do-sculo-xvi-em-amurang-benteng-portugis-minahasa-sulawesi-utara
00:00:37 | INFO    | [490/2708] Mencari: Taman Wisata Holyland Malino (Bili Park)
00:00:37 | DEBUG   | [L1 Wiki] Error: Expecting value: line 1 column 1 (char 0)
00:00:37 | DEBUG   |       L1 Gagal, mencoba L2 DDGS...
00:00:42 | INFO    |       => Sukses dari: https://travel.detik.com/domestic-destination/d-5334458/10-tempat-wisata-menarik-di-gowa-sulawesi-selatan
00:00:44 | INFO    | [491/2708] Mencari: Rante Karassik
00:00:44 | DEBUG   | [L1 Wiki] Error: Expecting value: line 1 column 1 (char 0)
00:00:44 | DEBUG   |       L1 Gagal, mencoba L2 DDGS...
00:00:49 | INFO    |       => Sukses dari: https://id.wikipedia.org/wiki/Rante_Karassik
00:00:51 | INFO    | [492/2708] Mencari: Museum La Pawawoi
00:00:51 | DEBUG   | [L1 Wiki] Error: Expecting value: line 1 column 1 (char 0)
00:00:51 | DEBUG   |       L1 Gagal, mencoba L2 DDGS...
00:00:55 | INFO    |       => Sukses dari: https://id.wikipedia.org/wiki/Museum_La_Pawawoi
00:00:57 | INFO    | [494/2708] Mencari: Anjungan MARISA CITY
00:00:57 | DEBUG   | [L1 Wiki] Error: Expecting value: line 1 column 1 (char 0)
00:00:57 | DEBUG   |       L1 Gagal, mencoba L2 DDGS...
00:01:07 | INFO    |       => Sukses dari: https://www.genpi.co/travel/4820/pohon-cinta-andalan-wisata-pohuwato
00:01:09 | INFO    | [496/2708] Mencari: Pantai Labuana
00:01:09 | DEBUG   | [L1 Wiki] Error: Expecting value: line 1 column 1 (char 0)
00:01:09 | DEBUG   |       L1 Gagal, mencoba L2 DDGS...
00:01:16 | INFO    |       => Sukses dari: https://www.msn.com/id-id/travel/taman/destinasi-wisata-bagai-surga-tersembunyi-di-donggala-labuana-kaluku-sivalenta-dan-tanjung-karang/ar-AA1LaFGG
00:01:17 | INFO    | [497/2708] Mencari: Padang Savana Ongkoa Takalar
00:01:18 | DEBUG   | [L1 Wiki] Error: Expecting value: line 1 column 1 (char 0)
00:01:18 | DEBUG   |       L1 Gagal, mencoba L2 DDGS...
00:01:27 | DEBUG   | [L2 DDGS] Error: ConnectError: ConnectError('error sending request for url (https://html.duckduckgo.com/html/)', 'https://html.duckduckgo.com/html/')
00:01:27 | INFO    |       => Gagal mencari deskripsi.
00:01:29 | INFO    | [511/2708] Mencari: Taman Kota I Love Palopo
00:01:29 | DEBUG   | [L1 Wiki] Error: Expecting value: line 1 column 1 (char 0)
00:01:29 | DEBUG   |       L1 Gagal, mencoba L2 DDGS...
00:01:34 | INFO    |       => Sukses dari: https://www.idntimes.com/travel/destination/lagi-di-sulsel-mampir-yuk-ke-8-wisata-hits-di-kota-palopo-ini-01-4cnr4-fbq41s
00:01:36 | INFO    | *** Auto-saving 40 baris diproses...
00:01:36 | INFO    | [512/2708] Mencari: Vihara Buddhayana
00:01:36 | DEBUG   | [L1 Wiki] Error: Expecting value: line 1 column 1 (char 0)
00:01:36 | DEBUG   |       L1 Gagal, mencoba L2 DDGS...
00:01:40 | INFO    |       => Sukses dari: https://www.geokepo.id/id/lokasi/tomohon/wihara-buddhayana
00:01:42 | INFO    | [513/2708] Mencari: Pantai Biluhu Timur
00:01:42 | DEBUG   | [L1 Wiki] Error: Expecting value: line 1 column 1 (char 0)
00:01:42 | DEBUG   |       L1 Gagal, mencoba L2 DDGS...
00:01:48 | INFO    |       => Sukses dari: https://id.wikipedia.org/wiki/Pantai_Biluhu
00:01:49 | INFO    | [515/2708] Mencari: Wisata Pemancingan & Kuliner AjengMart
00:01:49 | DEBUG   | [L1 Wiki] Error: Expecting value: line 1 column 1 (char 0)
00:01:49 | DEBUG   |       L1 Gagal, mencoba L2 DDGS...
00:01:57 | INFO    |       => Sukses dari: https://travel.kompas.com/read/2021/08/02/150032227/pesona-wisata-konawe-kampung-halaman-apriyani-sang-peraih-emas-olimpiade
00:01:58 | INFO    | [517/2708] Mencari: Pantai Walengkabola
00:01:58 | DEBUG   | [L1 Wiki] Error: Expecting value: line 1 column 1 (char 0)
00:01:58 | DEBUG   |       L1 Gagal, mencoba L2 DDGS...
00:02:02 | INFO    |       => Sukses dari: https://www.idntimes.com/travel/destination/5-wisata-pantai-di-sulawesi-tenggara-yang-penuh-pesona-bak-surga-01-y2p3y-cddr84
00:02:03 | INFO    | [519/2708] Mencari: I Love Minsel
00:02:03 | DEBUG   | [L1 Wiki] Error: Expecting value: line 1 column 1 (char 0)
00:02:03 | DEBUG   |       L1 Gagal, mencoba L2 DDGS...
00:02:12 | INFO    |       => Gagal mencari deskripsi.
00:02:13 | INFO    | [521/2708] Mencari: Air Terjun Salewangang Malino
00:02:13 | DEBUG   | [L1 Wiki] Error: Expecting value: line 1 column 1 (char 0)
00:02:13 | DEBUG   |       L1 Gagal, mencoba L2 DDGS...
00:02:17 | INFO    |       => Sukses dari: https://kabargowa.com/air-terjun-salewangang-malino/
00:02:19 | INFO    | [522/2708] Mencari: Pantai Lowita - MUTIARA
00:02:19 | DEBUG   | [L1 Wiki] Error: Expecting value: line 1 column 1 (char 0)
00:02:19 | DEBUG   |       L1 Gagal, mencoba L2 DDGS...
00:02:31 | INFO    |       => Sukses dari: https://www.detik.com/sulsel/wisata/d-6896501/25-rekomendasi-objek-wisata-di-kabupaten-pinrang-untuk-liburan
00:02:32 | INFO    | [523/2708] Mencari: Puncak Melby'Ls
00:02:32 | DEBUG   | [L1 Wiki] Error: Expecting value: line 1 column 1 (char 0)
00:02:32 | DEBUG   |       L1 Gagal, mencoba L2 DDGS...
00:02:37 | INFO    |       => Sukses dari: https://tomohon.go.id/objek-wisata/
00:02:38 | INFO    | [524/2708] Mencari: Pantai Pusahelu
00:02:38 | DEBUG   | [L1 Wiki] Error: Expecting value: line 1 column 1 (char 0)
00:02:38 | DEBUG   |       L1 Gagal, mencoba L2 DDGS...
00:02:44 | INFO    |       => Sukses dari: https://www.bulukumbakab.go.id/rubrik/pantai-pusahelu
00:02:45 | INFO    | [525/2708] Mencari: Pantai Tanjung Tumpaan
00:02:45 | DEBUG   | [L1 Wiki] Error: Expecting value: line 1 column 1 (char 0)
00:02:45 | DEBUG   |       L1 Gagal, mencoba L2 DDGS...
00:02:50 | INFO    |       => Sukses dari: https://atourin.com/destination/minahasa/pantai-tanjung-tumpaan
00:02:51 | INFO    | [528/2708] Mencari: Pasangkayu Beach
00:02:51 | DEBUG   | [L1 Wiki] Error: Expecting value: line 1 column 1 (char 0)
00:02:51 | DEBUG   |       L1 Gagal, mencoba L2 DDGS...
00:02:56 | INFO    |       => Sukses dari: https://pelakita.id/2025/04/17/dirgahayu-pasangkayu-ke-22-cahaya-dari-utara-sulawesi-barat-yang-terus-bersinar/
00:02:58 | INFO    | [530/2708] Mencari: Danau Towuti
00:02:58 | DEBUG   | [L1 Wiki] Error: Expecting value: line 1 column 1 (char 0)
00:02:58 | DEBUG   |       L1 Gagal, mencoba L2 DDGS...
00:03:07 | INFO    |       => Sukses dari: https://id.wikipedia.org/wiki/Danau_Towuti
00:03:08 | INFO    | [531/2708] Mencari: Pantai Embuhanga
00:03:08 | DEBUG   | [L1 Wiki] Error: Expecting value: line 1 column 1 (char 0)
00:03:08 | DEBUG   |       L1 Gagal, mencoba L2 DDGS...
00:03:14 | INFO    |       => Sukses dari: https://www.floreseditorial.com/wisata/39716002757/7-destinasi-eksotis-di-kepulauan-sangihe-dari-surga-bawah-laut-hingga-air-terjun-memukau
00:03:16 | INFO    | [532/2708] Mencari: Pananualeng Beach
00:03:16 | DEBUG   | [L1 Wiki] Error: Expecting value: line 1 column 1 (char 0)
00:03:16 | DEBUG   |       L1 Gagal, mencoba L2 DDGS...
00:03:22 | DEBUG   | [L2 BS4] Gagal ekstraksi url https://jadesta.kemenparekraf.go.id/desa/pananualeng -> HTTPSConnectionPool(host='jadesta.kemenparekraf.go.id', port=443): Max retries exceeded with url: /desa/pananualeng (Caused by NameResolutionError("HTTPSConnection(host='jadesta.kemenparekraf.go.id', port=443): Failed to resolve 'jadesta.kemenparekraf.go.id' ([Errno 11002] getaddrinfo failed)"))
00:03:23 | INFO    |       => Sukses dari: https://travel.kompas.com/read/2021/05/04/163226127/14-wisata-bawah-laut-di-kepulauan-sangihe-ini-bikin-pangling-wisatawan?page=all
00:03:24 | INFO    | [536/2708] Mencari: Pagoda Ekayana
00:03:24 | DEBUG   | [L1 Wiki] Error: Expecting value: line 1 column 1 (char 0)
00:03:24 | DEBUG   |       L1 Gagal, mencoba L2 DDGS...
00:03:31 | INFO    |       => Sukses dari: https://www.orami.co.id/magazine/tempat-wisata-di-tomohon
00:03:32 | INFO    | [537/2708] Mencari: Tugu Ampana
00:03:32 | DEBUG   | [L1 Wiki] Error: Expecting value: line 1 column 1 (char 0)
00:03:32 | DEBUG   |       L1 Gagal, mencoba L2 DDGS...
00:03:39 | INFO    |       => Sukses dari: https://pariwisata.sultengprov.go.id/data-pariwisata/daya-tarik-wisata/dtw-kota-palu/216-wisata-religi-kota-palu-guru-tua-tokoh-pendidikan-agama-islam-yang-bangkitkan-pendidikan-di-indonesia-timur.html
00:03:40 | INFO    | [538/2708] Mencari: Taman Taiganja Kalukubula
00:03:41 | DEBUG   | [L1 Wiki] Error: Expecting value: line 1 column 1 (char 0)
00:03:41 | DEBUG   |       L1 Gagal, mencoba L2 DDGS...
00:03:47 | INFO    |       => Sukses dari: https://www.kompas.tv/regional/425712/pesona-taman-wisata-taiganja
00:03:49 | INFO    | [539/2708] Mencari: Tilalohe Beach Resort
00:03:49 | DEBUG   | [L1 Wiki] Error: Expecting value: line 1 column 1 (char 0)
00:03:49 | DEBUG   |       L1 Gagal, mencoba L2 DDGS...
00:04:02 | DEBUG   | [L2 BS4] Gagal ekstraksi url https://jadesta.kemenpar.go.id/homestay/tilalohe -> HTTPSConnectionPool(host='jadesta.kemenpar.go.id', port=443): Max retries exceeded with url: /homestay/tilalohe (Caused by ConnectTimeoutError(<HTTPSConnection(host='jadesta.kemenpar.go.id', port=443) at 0x1d073e82ad0>, 'Connection to jadesta.kemenpar.go.id timed out. (connect timeout=8)'))
00:04:12 | DEBUG   | [L2 BS4] Gagal ekstraksi url https://gorontalo.jadesta.com/desa/biluhu_timur_tilalohe_beach_dan_itoduti_beach_oboss_air_terjun_wulingo_dan_paralayang -> HTTPSConnectionPool(host='gorontalo.jadesta.com', port=443): Read timed out. (read timeout=8)
00:04:14 | INFO    |       => Sukses dari: https://www.jurnalflores.co.id/travel/7769950994/tilalohe-beach-resort-pesona-lauatan-dan-perpaduan-alam-yang-menakjubkan-di-gorontalo
00:04:15 | INFO    | [541/2708] Mencari: Danau Tempe Kab.Wajo
00:04:15 | DEBUG   | [L1 Wiki] Error: Expecting value: line 1 column 1 (char 0)
00:04:15 | DEBUG   |       L1 Gagal, mencoba L2 DDGS...
00:04:20 | INFO    |       => Sukses dari: https://travel.detik.com/cerita-perjalanan/d-5401755/danau-tempe-danau-dengan-ikan-paling-banyak-di-dunia
00:04:21 | INFO    | [543/2708] Mencari: Lembah Ollon
00:04:21 | DEBUG   | [L1 Wiki] Error: Expecting value: line 1 column 1 (char 0)
00:04:21 | DEBUG   |       L1 Gagal, mencoba L2 DDGS...
00:04:27 | INFO    |       => Sukses dari: https://www.navaswara.com/read/2026/02/23/pesona-little-nepal-van-toraja-lembah-ollon-yang-memanjakan-mata/
00:04:28 | INFO    | *** Auto-saving 60 baris diproses...
00:04:28 | INFO    | [544/2708] Mencari: Desa wisata karangan latimojong ,Sivin camp, kampong kopi Latimojong
00:04:28 | DEBUG   | [L1 Wiki] Error: Expecting value: line 1 column 1 (char 0)
00:04:28 | DEBUG   |       L1 Gagal, mencoba L2 DDGS...
00:04:37 | DEBUG   | [L2 BS4] Gagal ekstraksi url https://jadesta.kemenparekraf.go.id/desa/latimojong -> HTTPSConnectionPool(host='jadesta.kemenparekraf.go.id', port=443): Max retries exceeded with url: /desa/latimojong (Caused by NameResolutionError("HTTPSConnection(host='jadesta.kemenparekraf.go.id', port=443): Failed to resolve 'jadesta.kemenparekraf.go.id' ([Errno 11002] getaddrinfo failed)"))
00:04:39 | INFO    |       => Sukses dari: https://www.cedhak.com/sulawesi/322/desa-wisata-karangan-latimojong-sivin-camp-kampong-kopi-latimojong/
00:04:40 | INFO    | [545/2708] Mencari: Permandian Air Tawar Desa Kautu
00:04:40 | DEBUG   | [L1 Wiki] Error: Expecting value: line 1 column 1 (char 0)
00:04:40 | DEBUG   |       L1 Gagal, mencoba L2 DDGS...
00:04:44 | INFO    |       => Sukses dari: https://www.cedhak.com/sulawesi/172/permandian-air-tawar-desa-kautu/
00:04:45 | INFO    | [548/2708] Mencari: Rumah Adat Sao Raja Sawitto
00:04:45 | DEBUG   | [L1 Wiki] Error: Expecting value: line 1 column 1 (char 0)
00:04:45 | DEBUG   |       L1 Gagal, mencoba L2 DDGS...
00:04:57 | DEBUG   | [L2 BS4] Gagal ekstraksi url https://disbudpar.sulselprov.go.id/page/wisata/106/rumah-adat-saoraja -> HTTPSConnectionPool(host='disbudpar.sulselprov.go.id', port=443): Read timed out. (read timeout=8)
00:04:58 | INFO    |       => Sukses dari: https://idalamat.com/alamat/824749/rumah-adat-palais-sao-raja-de-la-principaut-de-sawitto-pinrang-sulawesi-selatan
00:04:59 | INFO    | [550/2708] Mencari: Wisata Pohon Cinta
00:04:59 | DEBUG   | [L1 Wiki] Error: Expecting value: line 1 column 1 (char 0)
00:04:59 | DEBUG   |       L1 Gagal, mencoba L2 DDGS...
00:05:09 | INFO    |       => Sukses dari: https://travelspromo.com/htm-wisata/pantai-pohon-cinta-pohuwato/
00:05:10 | INFO    | [553/2708] Mencari: Wisata Puncak Raja Bunga
00:05:10 | DEBUG   | [L1 Wiki] Error: Expecting value: line 1 column 1 (char 0)
00:05:10 | DEBUG   |       L1 Gagal, mencoba L2 DDGS...
00:05:16 | INFO    |       => Sukses dari: https://yoursay.suara.com/ulasan/2025/02/05/131819/puncak-raja-bunga-pilihan-terbaik-berlibur-bersama-keluarga-di-majene
00:05:17 | INFO    | [554/2708] Mencari: Pantai Kahona
00:05:17 | DEBUG   | [L1 Wiki] Error: Expecting value: line 1 column 1 (char 0)
00:05:17 | DEBUG   |       L1 Gagal, mencoba L2 DDGS...
00:05:24 | INFO    |       => Sukses dari: https://www.idntimes.com/travel/destination/tempat-wisata-di-bitung-00-r95nh-v6r8r8
00:05:25 | INFO    | [555/2708] Mencari: Wisata Alam Geologi Boro Boro
00:05:25 | DEBUG   | [L1 Wiki] Error: Expecting value: line 1 column 1 (char 0)
00:05:25 | DEBUG   |       L1 Gagal, mencoba L2 DDGS...
00:05:33 | INFO    |       => Sukses dari: https://www.denianggoleta.com/2017/10/menikmati-keindahan-wisata-alam-sungai.html
00:05:34 | INFO    | [556/2708] Mencari: Taman Batu Balloci
00:05:34 | DEBUG   | [L1 Wiki] Error: Expecting value: line 1 column 1 (char 0)
00:05:34 | DEBUG   |       L1 Gagal, mencoba L2 DDGS...
00:05:39 | DEBUG   | [L2 BS4] Gagal ekstraksi url http://www.direktoripariwisata.id/unit/5836 -> HTTPConnectionPool(host='www.direktoripariwisata.id', port=80): Max retries exceeded with url: /unit/5836 (Caused by NameResolutionError("HTTPConnection(host='www.direktoripariwisata.id', port=80): Failed to resolve 'www.direktoripariwisata.id' ([Errno 11001] getaddrinfo failed)"))
00:05:52 | DEBUG   | [L2 BS4] Gagal ekstraksi url https://sulsel.jadesta.com/atraksi/taman_batu -> HTTPSConnectionPool(host='sulsel.jadesta.com', port=443): Read timed out. (read timeout=8)
00:05:52 | INFO    |       => Gagal mencari deskripsi.
00:05:54 | INFO    | [557/2708] Mencari: Bukit Teletubbies
00:05:54 | DEBUG   | [L1 Wiki] Error: Expecting value: line 1 column 1 (char 0)
00:05:54 | DEBUG   |       L1 Gagal, mencoba L2 DDGS...
00:06:02 | INFO    |       => Sukses dari: https://travel.detik.com/domestic-destination/d-3730026/tak-kalah-dengan-bromo-bukit-teletubbies-juga-ada-di-luwuk
00:06:03 | INFO    | [558/2708] Mencari: Wisata pemandian Air Panas Bakan
00:06:03 | DEBUG   | [L1 Wiki] Error: Expecting value: line 1 column 1 (char 0)
00:06:03 | DEBUG   |       L1 Gagal, mencoba L2 DDGS...
00:06:09 | INFO    |       => Sukses dari: https://www.geokepo.id/id/lokasi/bolaang-mongondow/pemandian-air-panas-bakan
00:06:11 | INFO    | [559/2708] Mencari: Wisata Gunung Kekewang Desa Tetey
00:06:11 | DEBUG   | [L1 Wiki] Error: Expecting value: line 1 column 1 (char 0)
00:06:11 | DEBUG   |       L1 Gagal, mencoba L2 DDGS...
00:06:16 | INFO    |       => Sukses dari: https://www.kompasiana.com/johanisalbertmalingkaspacaran/55a3ebc7e4afbd360d3e69b9/ayo-ke-gunung-kekewang-minahasa-utara
00:06:18 | INFO    | [560/2708] Mencari: Padang Pajjongang
00:06:18 | DEBUG   | [L1 Wiki] Error: Expecting value: line 1 column 1 (char 0)
00:06:18 | DEBUG   |       L1 Gagal, mencoba L2 DDGS...
00:06:23 | INFO    |       => Sukses dari: https://www.cedhak.com/sulawesi/931/padang-pajjongang/
00:06:25 | INFO    | [561/2708] Mencari: Tanggul Batu Cincin
00:06:25 | DEBUG   | [L1 Wiki] Error: Expecting value: line 1 column 1 (char 0)
00:06:25 | DEBUG   |       L1 Gagal, mencoba L2 DDGS...
00:06:34 | DEBUG   | [L2 BS4] Gagal ekstraksi url https://jadesta.kemenparekraf.go.id/desa/adolang_1 -> HTTPSConnectionPool(host='jadesta.kemenparekraf.go.id', port=443): Max retries exceeded with url: /desa/adolang_1 (Caused by NameResolutionError("HTTPSConnection(host='jadesta.kemenparekraf.go.id', port=443): Failed to resolve 'jadesta.kemenparekraf.go.id' ([Errno 11002] getaddrinfo failed)"))
00:06:37 | INFO    |       => Gagal mencari deskripsi.
00:06:39 | INFO    | [562/2708] Mencari: Taman Wisata NewMahoni Tomohon
00:06:39 | DEBUG   | [L1 Wiki] Error: Expecting value: line 1 column 1 (char 0)
00:06:39 | DEBUG   |       L1 Gagal, mencoba L2 DDGS...
00:06:44 | INFO    |       => Sukses dari: https://tomohon.go.id/objek-wisata/
00:06:46 | INFO    | [563/2708] Mencari: Air Terjun Bantimurung Bone-Bone
00:06:46 | DEBUG   | [L1 Wiki] Error: Expecting value: line 1 column 1 (char 0)
00:06:46 | DEBUG   |       L1 Gagal, mencoba L2 DDGS...
00:06:55 | INFO    |       => Sukses dari: https://www.detik.com/sulsel/wisata/d-6908956/19-rekomendasi-tempat-wisata-di-luwu-utara-yang-menarik-dikunjungi
00:06:56 | INFO    | [564/2708] Mencari: Pantai Tasik Ria
00:06:56 | DEBUG   | [L1 Wiki] Error: Expecting value: line 1 column 1 (char 0)
00:06:56 | DEBUG   |       L1 Gagal, mencoba L2 DDGS...
00:07:03 | INFO    |       => Sukses dari: https://malesung.com/pantai-dan-resort-tasik-ria-surga-tersembunyi-di-minahasa/
00:07:04 | INFO    | [567/2708] Mencari: Hidden gem - taman wisata & camping
00:07:04 | DEBUG   | [L1 Wiki] Error: Expecting value: line 1 column 1 (char 0)
00:07:04 | DEBUG   |       L1 Gagal, mencoba L2 DDGS...
00:07:10 | INFO    |       => Sukses dari: https://www.tripzilla.id/tempat-wisata-tomohon/1601
00:07:11 | INFO    | [568/2708] Mencari: Permandian Bukit Kasih
00:07:11 | DEBUG   | [L1 Wiki] Error: Expecting value: line 1 column 1 (char 0)
00:07:11 | DEBUG   |       L1 Gagal, mencoba L2 DDGS...
00:07:17 | INFO    |       => Sukses dari: https://www.penalutim.com/2023/06/23/ini-60-objek-wisata-luwu-timur-yang-ramai-dikunjungi/
00:07:18 | INFO    | [570/2708] Mencari: Wisata Alam Pakalolo
00:07:18 | DEBUG   | [L1 Wiki] Error: Expecting value: line 1 column 1 (char 0)
00:07:18 | DEBUG   |       L1 Gagal, mencoba L2 DDGS...
00:07:24 | INFO    |       => Sukses dari: https://belopa.digitaldesa.id/wisata/wisata-alam-pakalolo
00:07:25 | INFO    | [Resume] Baris [579/2708] terlewati (sudah ada data).
00:07:25 | INFO    | [581/2708] Mencari: ZULU PARK
00:07:25 | DEBUG   | [L1 Wiki] Error: Expecting value: line 1 column 1 (char 0)
00:07:25 | DEBUG   |       L1 Gagal, mencoba L2 DDGS...
00:07:36 | DEBUG   | [L2 BS4] Gagal ekstraksi url https://sisparnas.kemenpar.go.id/p/9644 -> HTTPSConnectionPool(host='sisparnas.kemenpar.go.id', port=443): Max retries exceeded with url: /p/9644 (Caused by ConnectTimeoutError(<HTTPSConnection(host='sisparnas.kemenpar.go.id', port=443) at 0x1d074303d90>, 'Connection to sisparnas.kemenpar.go.id timed out. (connect timeout=8)'))
00:07:45 | DEBUG   | [L2 BS4] Gagal ekstraksi url https://sulsel.jadesta.com/atraksi/zulu_park -> HTTPSConnectionPool(host='sulsel.jadesta.com', port=443): Read timed out. (read timeout=8)
00:07:45 | INFO    |       => Gagal mencari deskripsi.
00:07:46 | INFO    | *** Auto-saving 80 baris diproses...
00:07:46 | INFO    | [583/2708] Mencari: Pantai Wale
00:07:46 | DEBUG   | [L1 Wiki] Error: Expecting value: line 1 column 1 (char 0)
00:07:46 | DEBUG   |       L1 Gagal, mencoba L2 DDGS...
00:07:51 | INFO    |       => Sukses dari: https://sultra.tribunnews.com/2024/09/22/daya-tarik-wisata-pantai-wale-konawe-utara-sulawesi-tenggara-ramai-dikunjungi-saat-malam-minggu
00:07:53 | INFO    | [651/2708] Mencari: Pulau Binongko
00:07:53 | DEBUG   | [L1 Wiki] Error: Expecting value: line 1 column 1 (char 0)
00:07:53 | DEBUG   |       L1 Gagal, mencoba L2 DDGS...
00:08:00 | INFO    |       => Sukses dari: https://jelajah.kompas.id/terumbu-karang/baca/menyelami-pesona-tersembunyi-pulau-binongko/
00:08:01 | INFO    | [671/2708] Mencari: Pantai Exotic
00:08:01 | DEBUG   | [L1 Wiki] Error: Expecting value: line 1 column 1 (char 0)
00:08:01 | DEBUG   |       L1 Gagal, mencoba L2 DDGS...
00:08:17 | DEBUG   | [L2 BS4] Gagal ekstraksi url https://sisparnas.kemenpar.go.id/p/60580 -> HTTPSConnectionPool(host='sisparnas.kemenpar.go.id', port=443): Max retries exceeded with url: /p/60580 (Caused by ConnectTimeoutError(<HTTPSConnection(host='sisparnas.kemenpar.go.id', port=443) at 0x1d076228190>, 'Connection to sisparnas.kemenpar.go.id timed out. (connect timeout=8)'))
00:08:18 | INFO    |       => Sukses dari: https://www.antarafoto.com/id/view/891837/pantai-exotic-bone-bolango
00:08:20 | INFO    | [680/2708] Mencari: Pantai Mowuru
00:08:20 | DEBUG   | [L1 Wiki] Error: Expecting value: line 1 column 1 (char 0)
00:08:20 | DEBUG   |       L1 Gagal, mencoba L2 DDGS...
00:08:27 | INFO    |       => Sukses dari: https://sibersultra.com/2024/05/28/kotor-dan-tidak-terawat-pantai-mowuru-butur-butuh-sentuhan-pemerintah/
00:08:29 | INFO    | [Resume] Baris [684/2708] terlewati (sudah ada data).
00:08:29 | INFO    | [689/2708] Mencari: Pantai Kambahu
00:08:29 | DEBUG   | [L1 Wiki] Error: Expecting value: line 1 column 1 (char 0)
00:08:29 | DEBUG   |       L1 Gagal, mencoba L2 DDGS...
00:08:35 | INFO    |       => Gagal mencari deskripsi.
00:08:36 | INFO    | [693/2708] Mencari: Taman Marannu
00:08:36 | DEBUG   | [L1 Wiki] Error: Expecting value: line 1 column 1 (char 0)
00:08:36 | DEBUG   |       L1 Gagal, mencoba L2 DDGS...
00:08:46 | DEBUG   | [L2 DDGS] Error: RequestError: RequestError('error sending request for url (https://search.yahoo.com/search;_ylt=YTW59tiehspS4opSVhlPNBwM;_ylu=xhir1i9sK20N9C2spUamDtEkI48VcRjMeMKyNWmiHZrd9Qc?p=Taman+Marannu+Kabupaten+Pinrang+wisata)', 'https://search.yahoo.com/search;_ylt=YTW59tiehspS4opSVhlPNBwM;_ylu=xhir1i9sK20N9C2spUamDtEkI48VcRjMeMKyNWmiHZrd9Qc?p=Taman+Marannu+Kabupaten+Pinrang+wisata')
00:08:46 | INFO    |       => Gagal mencari deskripsi.
00:08:48 | INFO    | [698/2708] Mencari: Khenjiro Beach
00:08:48 | DEBUG   | [L1 Wiki] Error: Expecting value: line 1 column 1 (char 0)
00:08:48 | DEBUG   |       L1 Gagal, mencoba L2 DDGS...
00:08:54 | INFO    |       => Sukses dari: https://beritaonlinelokal.com/wisata-pantai-khenjiro-beach-mutiara-di-minahasa-utara/
00:08:56 | INFO    | [728/2708] Mencari: Tomohon Show Window
00:08:56 | DEBUG   | [L1 Wiki] Error: Expecting value: line 1 column 1 (char 0)
00:08:56 | DEBUG   |       L1 Gagal, mencoba L2 DDGS...
00:09:06 | INFO    |       => Sukses dari: https://beritamanado.com/indahnya-agrowisata-show-window-green-house-tomohon/
00:09:08 | INFO    | [734/2708] Mencari: Pantai Galau
00:09:08 | DEBUG   | [L1 Wiki] Error: Expecting value: line 1 column 1 (char 0)
00:09:08 | DEBUG   |       L1 Gagal, mencoba L2 DDGS...
00:09:13 | INFO    |       => Sukses dari: http://keunikanpantaigalau.blogspot.com/
00:09:14 | INFO    | [740/2708] Mencari: Pantai Gubahi
00:09:14 | DEBUG   | [L1 Wiki] Error: Expecting value: line 1 column 1 (char 0)
00:09:14 | DEBUG   |       L1 Gagal, mencoba L2 DDGS...
00:09:23 | INFO    |       => Sukses dari: https://telisik.id/news/pesona-pantai-gubahi-buton-tengah
00:09:24 | INFO    | [749/2708] Mencari: Pantai BBC
00:09:24 | DEBUG   | [L1 Wiki] Error: Expecting value: line 1 column 1 (char 0)
00:09:24 | DEBUG   |       L1 Gagal, mencoba L2 DDGS...
00:09:33 | INFO    |       => Gagal mencari deskripsi.
00:09:35 | INFO    | [752/2708] Mencari: Pemandian Ma'obu
00:09:35 | DEBUG   | [L1 Wiki] Error: Expecting value: line 1 column 1 (char 0)
00:09:35 | DEBUG   |       L1 Gagal, mencoba L2 DDGS...
00:09:42 | INFO    |       => Gagal mencari deskripsi.
00:09:44 | INFO    | [753/2708] Mencari: Pantai Bungin
00:09:44 | DEBUG   | [L1 Wiki] Error: Expecting value: line 1 column 1 (char 0)
00:09:44 | DEBUG   |       L1 Gagal, mencoba L2 DDGS...
00:09:54 | DEBUG   | [L2 DDGS] Error: DecodeError: DecodeError('Body collection error: error decoding response body')
00:09:54 | INFO    |       => Gagal mencari deskripsi.
00:09:55 | INFO    | [757/2708] Mencari: Pantai Padongko
00:09:55 | DEBUG   | [L1 Wiki] Error: Expecting value: line 1 column 1 (char 0)
00:09:55 | DEBUG   |       L1 Gagal, mencoba L2 DDGS...
00:09:59 | INFO    |       => Sukses dari: https://disparpora.barrukab.go.id/wisata/pantai-padongko
00:10:00 | INFO    | [759/2708] Mencari: Pantai Malaha
00:10:00 | DEBUG   | [L1 Wiki] Error: Expecting value: line 1 column 1 (char 0)
00:10:00 | DEBUG   |       L1 Gagal, mencoba L2 DDGS...
00:10:05 | INFO    |       => Sukses dari: https://oto.detik.com/mobil/d-4785291/naik-turun-bukit-dengan-terios-demi-jelajah-surga-kolaka
00:10:06 | INFO    | [760/2708] Mencari: Pantai Panorama
00:10:06 | DEBUG   | [L1 Wiki] Error: Expecting value: line 1 column 1 (char 0)
00:10:06 | DEBUG   |       L1 Gagal, mencoba L2 DDGS...
00:10:12 | INFO    |       => Sukses dari: https://pulung.net/travel/tempat-wisata-terbaik-di-kabupaten-mamuju/
00:10:14 | INFO    | [761/2708] Mencari: Taman Kota Keydupa
00:10:14 | DEBUG   | [L1 Wiki] Error: Expecting value: line 1 column 1 (char 0)
00:10:14 | DEBUG   |       L1 Gagal, mencoba L2 DDGS...
00:10:18 | INFO    |       => Sukses dari: https://id.wikipedia.org/wiki/Kabupaten_Bolaang_Mongondow_Utara
00:10:20 | INFO    | [763/2708] Mencari: Gelora ambang
00:10:20 | DEBUG   | [L1 Wiki] Error: Expecting value: line 1 column 1 (char 0)
00:10:20 | DEBUG   |       L1 Gagal, mencoba L2 DDGS...
00:10:29 | INFO    |       => Sukses dari: https://buanatotabuan.co/weny-gaib-tinjau-gelora-ambang-pastikan-fasilitas-olahraga-layak-pakai/
00:10:31 | INFO    | [764/2708] Mencari: Pantai Kanaan
00:10:31 | DEBUG   | [L1 Wiki] Error: Expecting value: line 1 column 1 (char 0)
00:10:31 | DEBUG   |       L1 Gagal, mencoba L2 DDGS...
00:10:38 | INFO    |       => Gagal mencari deskripsi.
00:10:39 | INFO    | [769/2708] Mencari: Dermaga Harapan
00:10:39 | DEBUG   | [L1 Wiki] Error: Expecting value: line 1 column 1 (char 0)
00:10:39 | DEBUG   |       L1 Gagal, mencoba L2 DDGS...
00:10:50 | INFO    |       => Gagal mencari deskripsi.
00:10:51 | INFO    | *** Auto-saving 100 baris diproses...
00:10:51 | INFO    | [772/2708] Mencari: Pantai Gusung Indah
00:10:51 | DEBUG   | [L1 Wiki] Error: Expecting value: line 1 column 1 (char 0)
00:10:51 | DEBUG   |       L1 Gagal, mencoba L2 DDGS...
00:10:56 | INFO    |       => Sukses dari: https://www.detik.com/sulsel/wisata/d-6503703/14-tempat-wisata-di-takalar-yang-populer-dan-menarik-dikunjungi
00:10:58 | INFO    | [773/2708] Mencari: Taman Pintar
00:10:58 | DEBUG   | [L1 Wiki] Error: Expecting value: line 1 column 1 (char 0)
00:10:58 | DEBUG   |       L1 Gagal, mencoba L2 DDGS...
00:11:08 | INFO    |       => Sukses dari: https://travel.kompas.com/read/2026/01/03/100000527/taman-pintar-yogyakarta-dikunjungi-720.000-wisatawan-terbanyak-kapan-
00:11:10 | INFO    | [774/2708] Mencari: Lolai Tongkonan Tangke Honai Rangga
00:11:10 | DEBUG   | [L1 Wiki] Error: Expecting value: line 1 column 1 (char 0)
00:11:10 | DEBUG   |       L1 Gagal, mencoba L2 DDGS...
00:11:16 | INFO    |       => Sukses dari: https://travel.kompas.com/read/2021/03/22/070700827/5-aktivitas-wisata-di-tongkonan-lempe-negeri-atas-awan-toraja-utara
00:11:18 | INFO    | [776/2708] Mencari: Pantai mosing
00:11:18 | DEBUG   | [L1 Wiki] Error: Expecting value: line 1 column 1 (char 0)
00:11:18 | DEBUG   |       L1 Gagal, mencoba L2 DDGS...
00:11:25 | INFO    |       => Sukses dari: https://www.radarnusantara.com/2021/02/senin-mendatang-dua-direktur-politeknik.html
00:11:27 | INFO    | [777/2708] Mencari: Bendungan Kalola
00:11:27 | DEBUG   | [L1 Wiki] Error: Expecting value: line 1 column 1 (char 0)
00:11:27 | DEBUG   |       L1 Gagal, mencoba L2 DDGS...
00:11:31 | INFO    |       => Sukses dari: https://id.wikipedia.org/wiki/Bendungan_Kalola
00:11:33 | INFO    | [778/2708] Mencari: Pinus 2 Soputan
00:11:33 | DEBUG   | [L1 Wiki] Error: Expecting value: line 1 column 1 (char 0)
00:11:33 | DEBUG   |       L1 Gagal, mencoba L2 DDGS...
00:11:41 | INFO    |       => Sukses dari: https://www.cakraloka.com/tour/paket-happy-fun-camping-pinus-soputan-2-hari-1-malam/
00:11:42 | INFO    | [779/2708] Mencari: Hutan Kota Tomohon
00:11:43 | DEBUG   | [L1 Wiki] Error: Expecting value: line 1 column 1 (char 0)
00:11:43 | DEBUG   |       L1 Gagal, mencoba L2 DDGS...
00:11:48 | INFO    |       => Sukses dari: https://id.wikipedia.org/wiki/Kota_Tomohon
00:11:49 | INFO    | [780/2708] Mencari: Objek Wisata Danau Seper
00:11:49 | DEBUG   | [L1 Wiki] Error: Expecting value: line 1 column 1 (char 0)
00:11:49 | DEBUG   |       L1 Gagal, mencoba L2 DDGS...
00:11:57 | INFO    |       => Sukses dari: https://bobobox.com/blog/id/danau-di-manado/
00:11:59 | INFO    | [782/2708] Mencari: Permandian air terjun Moramo
00:11:59 | DEBUG   | [L1 Wiki] Error: Expecting value: line 1 column 1 (char 0)
00:11:59 | DEBUG   |       L1 Gagal, mencoba L2 DDGS...
00:12:05 | INFO    |       => Sukses dari: https://www.cedhak.com/sulawesi/894/permandian-air-terjun-moramo/
00:12:07 | INFO    | [783/2708] Mencari: Citol Hill TONDOK BAKARU
00:12:07 | DEBUG   | [L1 Wiki] Error: Expecting value: line 1 column 1 (char 0)
00:12:07 | DEBUG   |       L1 Gagal, mencoba L2 DDGS...
00:12:11 | INFO    |       => Sukses dari: https://www.sepertikupukupu.com/2023/10/berkunjung-ke-citol-hill-di-desa-wisata.html
00:12:13 | INFO    | [785/2708] Mencari: BUKIT SENAYAN DESA BULO KEC. BULO (NEGERI ATAS AWAN)
00:12:13 | DEBUG   | [L1 Wiki] Error: Expecting value: line 1 column 1 (char 0)
00:12:13 | DEBUG   |       L1 Gagal, mencoba L2 DDGS...
00:12:25 | DEBUG   | [L2 BS4] Gagal ekstraksi url https://jadesta.kemenpar.go.id/desa/bulo -> HTTPSConnectionPool(host='jadesta.kemenpar.go.id', port=443): Max retries exceeded with url: /desa/bulo (Caused by ConnectTimeoutError(<HTTPSConnection(host='jadesta.kemenpar.go.id', port=443) at 0x1d073e83750>, 'Connection to jadesta.kemenpar.go.id timed out. (connect timeout=8)'))
00:12:34 | DEBUG   | [L2 BS4] Gagal ekstraksi url https://sulbar.jadesta.com/desa/bulo -> HTTPSConnectionPool(host='sulbar.jadesta.com', port=443): Read timed out. (read timeout=8)
00:12:36 | INFO    |       => Sukses dari: https://sorottipikor.com/2020/07/12/negeri-diatas-awan-di-bukit-senayan/
00:12:37 | INFO    | [786/2708] Mencari: Taman Nirwana Park (Tilung)
00:12:37 | DEBUG   | [L1 Wiki] Error: Expecting value: line 1 column 1 (char 0)
00:12:37 | DEBUG   |       L1 Gagal, mencoba L2 DDGS...
00:12:44 | INFO    |       => Sukses dari: https://www.penalutim.com/2023/06/23/ini-60-objek-wisata-luwu-timur-yang-ramai-dikunjungi/
00:12:45 | INFO    | [787/2708] Mencari: Pantai Wisata Lapeo
00:12:45 | DEBUG   | [L1 Wiki] Error: Expecting value: line 1 column 1 (char 0)
00:12:45 | DEBUG   |       L1 Gagal, mencoba L2 DDGS...
00:12:52 | DEBUG   | [L2 BS4] Gagal ekstraksi url https://jadesta.kemenparekraf.go.id/desa/lapeobaqbatoa_beach -> HTTPSConnectionPool(host='jadesta.kemenparekraf.go.id', port=443): Max retries exceeded with url: /desa/lapeobaqbatoa_beach (Caused by NameResolutionError("HTTPSConnection(host='jadesta.kemenparekraf.go.id', port=443): Failed to resolve 'jadesta.kemenparekraf.go.id' ([Errno 11002] getaddrinfo failed)"))
00:12:54 | INFO    |       => Sukses dari: https://lapeo.digitaldesa.id/
00:12:56 | INFO    | [788/2708] Mencari: Pantai Panjang Toronipa
00:12:56 | DEBUG   | [L1 Wiki] Error: Expecting value: line 1 column 1 (char 0)
00:12:56 | DEBUG   |       L1 Gagal, mencoba L2 DDGS...
00:13:05 | INFO    |       => Sukses dari: https://www.idntimes.com/travel/destination/pesona-pantai-toronipa-di-konawe-c1c2-01-5ltmv-tj79p7
00:13:06 | INFO    | [789/2708] Mencari: Permandian Bahopombine
00:13:07 | DEBUG   | [L1 Wiki] Error: Expecting value: line 1 column 1 (char 0)
00:13:07 | DEBUG   |       L1 Gagal, mencoba L2 DDGS...
00:13:11 | INFO    |       => Sukses dari: https://www.cedhak.com/sulawesi/872/hutan-mangrove/
00:13:13 | INFO    | [790/2708] Mencari: Wisata Permandian Agro Palopo
00:13:13 | DEBUG   | [L1 Wiki] Error: Expecting value: line 1 column 1 (char 0)
00:13:13 | DEBUG   |       L1 Gagal, mencoba L2 DDGS...
00:13:22 | DEBUG   | [L2 BS4] Gagal ekstraksi url https://jadesta.kemenparekraf.go.id/desa/_murante -> HTTPSConnectionPool(host='jadesta.kemenparekraf.go.id', port=443): Max retries exceeded with url: /desa/_murante (Caused by NameResolutionError("HTTPSConnection(host='jadesta.kemenparekraf.go.id', port=443): Failed to resolve 'jadesta.kemenparekraf.go.id' ([Errno 11002] getaddrinfo failed)"))
00:13:24 | INFO    |       => Sukses dari: https://wisatasulawesi.com/wisata-air-favorit-permandian-agro-palopo/
00:13:26 | INFO    | [792/2708] Mencari: Tirta Ria
00:13:26 | DEBUG   | [L1 Wiki] Error: Expecting value: line 1 column 1 (char 0)
00:13:26 | DEBUG   |       L1 Gagal, mencoba L2 DDGS...
00:13:31 | INFO    |       => Sukses dari: https://waktu.news/tempat-wisata-buol/
00:13:33 | INFO    | [793/2708] Mencari: Batu Tongkarayya
00:13:33 | DEBUG   | [L1 Wiki] Error: Expecting value: line 1 column 1 (char 0)
00:13:33 | DEBUG   |       L1 Gagal, mencoba L2 DDGS...
00:13:42 | INFO    |       => Sukses dari: https://disparpora.bulukumbakab.go.id/portofolio/pantai-batu-tongkaraya/
00:13:43 | INFO    | [794/2708] Mencari: Wisata Hutan Pinus Buntudatu
00:13:43 | DEBUG   | [L1 Wiki] Error: Expecting value: line 1 column 1 (char 0)
00:13:43 | DEBUG   |       L1 Gagal, mencoba L2 DDGS...
00:13:49 | INFO    |       => Sukses dari: https://wisatago.com/hutan-pinus-buntudatu/
00:13:50 | INFO    | [798/2708] Mencari: Jelly Fish Lake (Mariona Lake)
00:13:50 | DEBUG   | [L1 Wiki] Error: Expecting value: line 1 column 1 (char 0)
00:13:50 | DEBUG   |       L1 Gagal, mencoba L2 DDGS...
00:13:57 | INFO    |       => Sukses dari: https://www.geokepo.id/id/lokasi/tojo-una-una/danau-mariona
00:13:59 | INFO    | *** Auto-saving 120 baris diproses...
00:13:59 | INFO    | [799/2708] Mencari: AIR TERJUN HUILA
00:13:59 | DEBUG   | [L1 Wiki] Error: Expecting value: line 1 column 1 (char 0)
00:13:59 | DEBUG   |       L1 Gagal, mencoba L2 DDGS...
00:14:13 | INFO    |       => Gagal mencari deskripsi.
00:14:14 | INFO    | [801/2708] Mencari: Agrowisata Qurratu'ain
00:14:14 | DEBUG   | [L1 Wiki] Error: Expecting value: line 1 column 1 (char 0)
00:14:14 | DEBUG   |       L1 Gagal, mencoba L2 DDGS...
00:14:19 | DEBUG   | [L2 BS4] Gagal ekstraksi url https://www.direktori-wisata.com/agrowisata-qurratuain-agrowisata-di-kendari-memiliki-konsep-pembelajaran-urban-farming/ -> HTTPSConnectionPool(host='www.direktori-wisata.com', port=443): Max retries exceeded with url: /agrowisata-qurratuain-agrowisata-di-kendari-memiliki-konsep-pembelajaran-urban-farming/ (Caused by NameResolutionError("HTTPSConnection(host='www.direktori-wisata.com', port=443): Failed to resolve 'www.direktori-wisata.com' ([Errno 11001] getaddrinfo failed)"))
00:14:19 | INFO    |       => Sukses dari: https://www.celebes.co/agrowisata-qurratuain-kendari
00:14:21 | INFO    | [802/2708] Mencari: Asinua Water Park Konawe
00:14:21 | DEBUG   | [L1 Wiki] Error: Expecting value: line 1 column 1 (char 0)
00:14:21 | DEBUG   |       L1 Gagal, mencoba L2 DDGS...
00:14:28 | INFO    |       => Sukses dari: https://asinua.digitaldesa.id/wisata/asinua-water-park
00:14:30 | INFO    | [804/2708] Mencari: Monumen Paccekke
00:14:30 | DEBUG   | [L1 Wiki] Error: Expecting value: line 1 column 1 (char 0)
00:14:30 | DEBUG   |       L1 Gagal, mencoba L2 DDGS...
00:14:34 | INFO    |       => Sukses dari: https://www.detik.com/sulsel/wisata/d-6610653/monumen-paccekke-barru-wisata-sejarah-dengan-pesona-keindahan-alam
00:14:36 | INFO    | [805/2708] Mencari: PULAU SABANG TENDE
00:14:36 | DEBUG   | [L1 Wiki] Error: Expecting value: line 1 column 1 (char 0)
00:14:36 | DEBUG   |       L1 Gagal, mencoba L2 DDGS...
00:14:45 | DEBUG   | [L2 DDGS] Error: ConnectError: ConnectError('error sending request for url (https://html.duckduckgo.com/html/)', 'https://html.duckduckgo.com/html/')
00:14:45 | INFO    |       => Gagal mencari deskripsi.
00:14:46 | INFO    | [806/2708] Mencari: Wisata alam puncak kunyi
00:14:46 | DEBUG   | [L1 Wiki] Error: Expecting value: line 1 column 1 (char 0)
00:14:46 | DEBUG   |       L1 Gagal, mencoba L2 DDGS...
00:14:52 | INFO    |       => Sukses dari: https://elshinta.com/news/340879/2024/07/02/wisata-alam-patipo-desa-kunyi-surga-tersembunyi-di-polewali-mandar
00:14:53 | INFO    | [809/2708] Mencari: Agrowisata California Cialam
00:14:53 | DEBUG   | [L1 Wiki] Error: Expecting value: line 1 column 1 (char 0)
00:14:53 | DEBUG   |       L1 Gagal, mencoba L2 DDGS...
00:15:01 | INFO    |       => Sukses dari: https://binusan.com/wisata-california-kendari/
00:15:02 | INFO    | [811/2708] Mencari: Taman BUTENG
00:15:02 | DEBUG   | [L1 Wiki] Error: Expecting value: line 1 column 1 (char 0)
00:15:02 | DEBUG   |       L1 Gagal, mencoba L2 DDGS...
00:15:09 | INFO    |       => Sukses dari: https://id.wikipedia.org/wiki/Kabupaten_Buton_Tengah
00:15:11 | INFO    | [813/2708] Mencari: Ikha cell
00:15:11 | DEBUG   | [L1 Wiki] Error: Expecting value: line 1 column 1 (char 0)
00:15:11 | DEBUG   |       L1 Gagal, mencoba L2 DDGS...
00:15:22 | INFO    |       => Gagal mencari deskripsi.
00:15:24 | INFO    | [814/2708] Mencari: Tinambung Highland
00:15:24 | DEBUG   | [L1 Wiki] Error: Expecting value: line 1 column 1 (char 0)
00:15:24 | DEBUG   |       L1 Gagal, mencoba L2 DDGS...
00:15:30 | INFO    |       => Sukses dari: https://travel.detik.com/domestic-destination/d-7465518/15-tempat-pariwisata-gowa-daya-tarik-lokasi-harga-tiket
00:15:32 | INFO    | [815/2708] Mencari: Museum Pinawetengan
00:15:32 | DEBUG   | [L1 Wiki] Error: Expecting value: line 1 column 1 (char 0)
00:15:32 | DEBUG   |       L1 Gagal, mencoba L2 DDGS...
00:15:37 | INFO    |       => Sukses dari: https://id.wikipedia.org/wiki/Museum_Anti_Narkoba
00:15:39 | INFO    | [816/2708] Mencari: Torosiaje
00:15:39 | DEBUG   | [L1 Wiki] Error: Expecting value: line 1 column 1 (char 0)
00:15:39 | DEBUG   |       L1 Gagal, mencoba L2 DDGS...
00:15:46 | DEBUG   | [L2 BS4] Gagal ekstraksi url https://jadesta.kemenparekraf.go.id/desa/torosiaje -> HTTPSConnectionPool(host='jadesta.kemenparekraf.go.id', port=443): Max retries exceeded with url: /desa/torosiaje (Caused by NameResolutionError("HTTPSConnection(host='jadesta.kemenparekraf.go.id', port=443): Failed to resolve 'jadesta.kemenparekraf.go.id' ([Errno 11002] getaddrinfo failed)"))
00:15:46 | INFO    |       => Sukses dari: https://www.antaranews.com/berita/3596403/torosiaje-surga-bahari-di-ujung-gorontalo
00:15:48 | INFO    | [818/2708] Mencari: D'Marantale
00:15:48 | DEBUG   | [L1 Wiki] Error: Expecting value: line 1 column 1 (char 0)
00:15:48 | DEBUG   |       L1 Gagal, mencoba L2 DDGS...
00:16:00 | DEBUG   | [L2 BS4] Gagal ekstraksi url https://sulteng.jadesta.com/desa/dmarantale -> HTTPSConnectionPool(host='sulteng.jadesta.com', port=443): Read timed out. (read timeout=8)
00:16:03 | INFO    |       => Gagal mencari deskripsi.
00:16:05 | INFO    | [820/2708] Mencari: Objek Wisata Galugu Dua Sa'dan Sangkombong
00:16:05 | DEBUG   | [L1 Wiki] Error: Expecting value: line 1 column 1 (char 0)
00:16:05 | DEBUG   |       L1 Gagal, mencoba L2 DDGS...
00:16:11 | INFO    |       => Sukses dari: https://id.wikipedia.org/wiki/Kabupaten_Toraja_Utara
00:16:12 | INFO    | [821/2708] Mencari: Taman Kota Buol
00:16:12 | DEBUG   | [L1 Wiki] Error: Expecting value: line 1 column 1 (char 0)
00:16:12 | DEBUG   |       L1 Gagal, mencoba L2 DDGS...
00:16:19 | INFO    |       => Sukses dari: https://id.wikipedia.org/wiki/Kabupaten_Buol
00:16:20 | INFO    | [822/2708] Mencari: Pantai Kuri Indah
00:16:20 | DEBUG   | [L1 Wiki] Error: Expecting value: line 1 column 1 (char 0)
00:16:20 | DEBUG   |       L1 Gagal, mencoba L2 DDGS...
00:16:24 | INFO    |       => Sukses dari: https://id.wikipedia.org/wiki/Pantai_Kuri_Caddi
00:16:25 | INFO    | [825/2708] Mencari: Puncak Kayangan 1 Sombori
00:16:25 | DEBUG   | [L1 Wiki] Error: Expecting value: line 1 column 1 (char 0)
00:16:25 | DEBUG   |       L1 Gagal, mencoba L2 DDGS...
00:16:30 | INFO    |       => Sukses dari: https://www.indonesiana.id/read/169715/pulau-sombori-morowali-hidden-gem-wisata-alam-sulawesi-tenggara
00:16:31 | INFO    | [826/2708] Mencari: Tanjung biru
00:16:31 | DEBUG   | [L1 Wiki] Error: Expecting value: line 1 column 1 (char 0)
00:16:31 | DEBUG   |       L1 Gagal, mencoba L2 DDGS...
00:16:35 | INFO    |       => Sukses dari: https://www.goodnewsfromindonesia.id/2022/12/09/tips-berwisata-ke-pantai-biru-makassar-bersama-keluarga
00:16:37 | INFO    | [827/2708] Mencari: Wisata Kebun Jati Gelebug Chandra
00:16:37 | DEBUG   | [L1 Wiki] Error: Expecting value: line 1 column 1 (char 0)
00:16:37 | DEBUG   |       L1 Gagal, mencoba L2 DDGS...
00:16:41 | INFO    |       => Sukses dari: https://www.cedhak.com/sulawesi/1262/wisata-kebun-jati-gelebug-chandra/
00:16:43 | INFO    | [829/2708] Mencari: Water Sport Objek Wisata Pantai Molotabu
00:16:43 | DEBUG   | [L1 Wiki] Error: Expecting value: line 1 column 1 (char 0)
00:16:43 | DEBUG   |       L1 Gagal, mencoba L2 DDGS...
00:16:51 | INFO    |       => Sukses dari: https://idalamat.com/alamat/696686/water-sport-objek-wisata-pantai-molotabu-gorontalo-gorontalo
00:16:52 | INFO    | *** Auto-saving 140 baris diproses...
00:16:52 | INFO    | [830/2708] Mencari: Kawasan Wisata LEANG LONDRONG
00:16:52 | DEBUG   | [L1 Wiki] Error: Expecting value: line 1 column 1 (char 0)
00:16:52 | DEBUG   |       L1 Gagal, mencoba L2 DDGS...
00:16:57 | INFO    |       => Sukses dari: https://www.detik.com/sulsel/wisata/d-6447974/11-objek-wisata-pangkep-yang-cocok-untuk-mengisi-liburan
00:16:59 | INFO    | [831/2708] Mencari: Pantai Wisata Moian
00:16:59 | DEBUG   | [L1 Wiki] Error: Expecting value: line 1 column 1 (char 0)
00:16:59 | DEBUG   |       L1 Gagal, mencoba L2 DDGS...
00:17:06 | INFO    |       => Sukses dari: https://www.celebes.co/pantai-moian-parigi-moutong
00:17:07 | INFO    | [833/2708] Mencari: Pantai Pulau Kondo
00:17:07 | DEBUG   | [L1 Wiki] Error: Expecting value: line 1 column 1 (char 0)
00:17:07 | DEBUG   |       L1 Gagal, mencoba L2 DDGS...
00:17:14 | INFO    |       => Sukses dari: https://kilassultra.com/wisata-bombana-panorama-pulau-kondo-dan-kemolekan-pasir-putih/
00:17:15 | INFO    | [835/2708] Mencari: Jembatan Muara Sungai Palopo
00:17:15 | DEBUG   | [L1 Wiki] Error: Expecting value: line 1 column 1 (char 0)
00:17:15 | DEBUG   |       L1 Gagal, mencoba L2 DDGS...
00:17:28 | INFO    |       => Sukses dari: https://bobobox.com/blog/id/destinasi-tempat-wisata-alam-palopo/
00:17:29 | INFO    | [836/2708] Mencari: Pantai Lolak
00:17:29 | DEBUG   | [L1 Wiki] Error: Expecting value: line 1 column 1 (char 0)
00:17:29 | DEBUG   |       L1 Gagal, mencoba L2 DDGS...
00:17:36 | DEBUG   | [L2 BS4] Gagal ekstraksi url https://jadesta.kemenparekraf.go.id/desa/pantai_lolak -> HTTPSConnectionPool(host='jadesta.kemenparekraf.go.id', port=443): Max retries exceeded with url: /desa/pantai_lolak (Caused by NameResolutionError("HTTPSConnection(host='jadesta.kemenparekraf.go.id', port=443): Failed to resolve 'jadesta.kemenparekraf.go.id' ([Errno 11002] getaddrinfo failed)"))
00:17:45 | INFO    |       => Sukses dari: https://blog.darmawisataindonesia.co.id/mengenal-6-destinasi-wisata-di-bolaang-mongondow/
00:17:47 | INFO    | [839/2708] Mencari: Air Terjun Dendengan
00:17:47 | DEBUG   | [L1 Wiki] Error: Expecting value: line 1 column 1 (char 0)
00:17:47 | DEBUG   |       L1 Gagal, mencoba L2 DDGS...
00:17:53 | INFO    |       => Sukses dari: https://liburanmurah.com/air-terjun-dendengan-pesona-tersembunyi-di-sulawesi-tengah/
00:17:55 | INFO    | [840/2708] Mencari: Pulau Karampuang
00:17:55 | DEBUG   | [L1 Wiki] Error: Expecting value: line 1 column 1 (char 0)
00:17:55 | DEBUG   |       L1 Gagal, mencoba L2 DDGS...
00:17:59 | INFO    |       => Sukses dari: https://id.wikipedia.org/wiki/Pulau_Karampuang
00:18:00 | INFO    | [843/2708] Mencari: Bundaran Bahomohoni
00:18:01 | DEBUG   | [L1 Wiki] Error: Expecting value: line 1 column 1 (char 0)
00:18:01 | DEBUG   |       L1 Gagal, mencoba L2 DDGS...
00:18:14 | INFO    |       => Gagal mencari deskripsi.
00:18:16 | INFO    | [846/2708] Mencari: Liawan
00:18:16 | DEBUG   | [L1 Wiki] Error: Expecting value: line 1 column 1 (char 0)
00:18:16 | DEBUG   |       L1 Gagal, mencoba L2 DDGS...
00:18:23 | INFO    |       => Sukses dari: https://travel.kompas.com/read/2019/01/21/101200227/pesona-air-terjun-liawan-memikat-wisatawan-lokal-hingga-mancanegara
00:18:25 | INFO    | [847/2708] Mencari: Permandian Wakantee
00:18:25 | DEBUG   | [L1 Wiki] Error: Expecting value: line 1 column 1 (char 0)
00:18:25 | DEBUG   |       L1 Gagal, mencoba L2 DDGS...
00:18:39 | INFO    |       => Sukses dari: https://sultra.genpi.co/wisata/196/wisata-unik-permandian-wakante-sensasi-menunggang-kuda
00:18:40 | INFO    | [Resume] Baris [850/2708] terlewati (sudah ada data).
00:18:40 | INFO    | [865/2708] Mencari: Pantai Marboro
00:18:40 | DEBUG   | [L1 Wiki] Error: Expecting value: line 1 column 1 (char 0)
00:18:40 | DEBUG   |       L1 Gagal, mencoba L2 DDGS...
00:18:52 | INFO    |       => Gagal mencari deskripsi.
00:18:54 | INFO    | [872/2708] Mencari: Air Terjun Kogawuna
00:18:54 | DEBUG   | [L1 Wiki] Error: Expecting value: line 1 column 1 (char 0)
00:18:54 | DEBUG   |       L1 Gagal, mencoba L2 DDGS...
00:19:08 | DEBUG   | [L2 BS4] Gagal ekstraksi url https://jadesta.kemenpar.go.id/atraksi/air_terjun_kogawuna -> HTTPSConnectionPool(host='jadesta.kemenpar.go.id', port=443): Max retries exceeded with url: /atraksi/air_terjun_kogawuna (Caused by ConnectTimeoutError(<HTTPSConnection(host='jadesta.kemenpar.go.id', port=443) at 0x1d074301f90>, 'Connection to jadesta.kemenpar.go.id timed out. (connect timeout=8)'))
00:19:11 | INFO    |       => Sukses dari: https://www.kompasiana.com/amilaturrohma/612af1d731a28748856c8b82/jelajah-baubau-part-1-air-terjun-kogawuna
00:19:13 | INFO    | [876/2708] Mencari: Pantai Enu
00:19:13 | DEBUG   | [L1 Wiki] Error: Expecting value: line 1 column 1 (char 0)
00:19:13 | DEBUG   |       L1 Gagal, mencoba L2 DDGS...
00:19:17 | INFO    |       => Sukses dari: https://id.wikipedia.org/wiki/Pantai_Enu
00:19:18 | INFO    | [879/2708] Mencari: Air Terjun Depa'
00:19:18 | DEBUG   | [L1 Wiki] Error: Expecting value: line 1 column 1 (char 0)
00:19:18 | DEBUG   |       L1 Gagal, mencoba L2 DDGS...
00:19:29 | INFO    |       => Gagal mencari deskripsi.
00:19:31 | INFO    | [883/2708] Mencari: Pantai Salokaili
00:19:31 | DEBUG   | [L1 Wiki] Error: Expecting value: line 1 column 1 (char 0)
00:19:31 | DEBUG   |       L1 Gagal, mencoba L2 DDGS...
00:19:40 | INFO    |       => Gagal mencari deskripsi.
00:19:41 | INFO    | [905/2708] Mencari: Boulevard Pantai Kambiow
00:19:41 | DEBUG   | [L1 Wiki] Error: Expecting value: line 1 column 1 (char 0)
00:19:41 | DEBUG   |       L1 Gagal, mencoba L2 DDGS...
00:19:47 | INFO    |       => Sukses dari: https://www.inspirasikawanua.com/2026/01/24/bupati-fdw-resmikan-kawasan-wisata-kuliner-pantai-boulevard-ekonomi-lokal-siap-meroket/
00:19:49 | INFO    | [912/2708] Mencari: Wisata Pemandian Barakati
00:19:49 | DEBUG   | [L1 Wiki] Error: Expecting value: line 1 column 1 (char 0)
00:19:49 | DEBUG   |       L1 Gagal, mencoba L2 DDGS...
00:19:55 | INFO    |       => Sukses dari: https://idalamat.com/alamat/696688/wisata-pemandian-barakati-gorontalo-gorontalo
00:19:57 | INFO    | [914/2708] Mencari: Wisata Buntu Kepa'
00:19:57 | DEBUG   | [L1 Wiki] Error: Expecting value: line 1 column 1 (char 0)
00:19:57 | DEBUG   |       L1 Gagal, mencoba L2 DDGS...
00:20:02 | INFO    |       => Sukses dari: https://taupe.digitaldesa.id/wisata/buntu-kepa
00:20:04 | INFO    | [915/2708] Mencari: Pantai Jodoh
00:20:04 | DEBUG   | [L1 Wiki] Error: Expecting value: line 1 column 1 (char 0)
00:20:04 | DEBUG   |       L1 Gagal, mencoba L2 DDGS...
00:20:09 | INFO    |       => Sukses dari: https://legion-news.com/objek-wisata-bahari-pantai-jodoh-di-desa-angkue-kabupaten-bone/
00:20:11 | INFO    | [917/2708] Mencari: Air Konde, Pasan Wawali Minahasa Tenggara (Jalan menuju Air Konde)
00:20:11 | DEBUG   | [L1 Wiki] Error: Expecting value: line 1 column 1 (char 0)
00:20:11 | DEBUG   |       L1 Gagal, mencoba L2 DDGS...
00:20:20 | INFO    |       => Sukses dari: https://travel.kompas.com/read/2024/11/18/211500227/rute-menuju-aer-konde-ratahan-dari-manado
00:20:21 | INFO    | *** Auto-saving 160 baris diproses...
00:20:21 | INFO    | [919/2708] Mencari: Pantai Kayuangin
00:20:21 | DEBUG   | [L1 Wiki] Error: Expecting value: line 1 column 1 (char 0)
00:20:21 | DEBUG   |       L1 Gagal, mencoba L2 DDGS...
00:20:35 | DEBUG   | [L2 BS4] Gagal ekstraksi url https://jadesta.kemenpar.go.id/desa/pantai_kayu_angin -> HTTPSConnectionPool(host='jadesta.kemenpar.go.id', port=443): Max retries exceeded with url: /desa/pantai_kayu_angin (Caused by ConnectTimeoutError(<HTTPSConnection(host='jadesta.kemenpar.go.id', port=443) at 0x1d074303390>, 'Connection to jadesta.kemenpar.go.id timed out. (connect timeout=8)'))
00:20:39 | INFO    |       => Gagal mencari deskripsi.
00:20:40 | INFO    | [920/2708] Mencari: Birtaria Kassi
00:20:40 | DEBUG   | [L1 Wiki] Error: Expecting value: line 1 column 1 (char 0)
00:20:40 | DEBUG   |       L1 Gagal, mencoba L2 DDGS...
00:20:44 | INFO    |       => Sukses dari: https://beautyofindonesia.com/id/wisata/wisata-alam/pantai-birtaria-kassi
00:20:46 | INFO    | [922/2708] Mencari: Air Terjun Taipa
00:20:46 | DEBUG   | [L1 Wiki] Error: Expecting value: line 1 column 1 (char 0)
00:20:46 | DEBUG   |       L1 Gagal, mencoba L2 DDGS...
00:20:51 | INFO    |       => Sukses dari: https://id.wikipedia.org/wiki/Air_terjun_Taipa
00:20:52 | INFO    | [923/2708] Mencari: Wisata Pondok Kelapa
00:20:52 | DEBUG   | [L1 Wiki] Error: Expecting value: line 1 column 1 (char 0)
00:20:52 | DEBUG   |       L1 Gagal, mencoba L2 DDGS...
00:20:56 | INFO    |       => Sukses dari: https://makassar.tribunnews.com/2025/07/05/wisata-pondok-kelapa-jadi-destinasi-favorit-pelajar-bone-di-momen-libur-sekolah
00:20:58 | INFO    | [928/2708] Mencari: Telaga Biru Ere Manerang
00:20:58 | DEBUG   | [L1 Wiki] Error: Expecting value: line 1 column 1 (char 0)
00:20:58 | DEBUG   |       L1 Gagal, mencoba L2 DDGS...
00:21:03 | INFO    |       => Sukses dari: https://disparpora.bulukumbakab.go.id/portofolio/telaga-biru-ere-manerang/
00:21:05 | INFO    | [930/2708] Mencari: Kawasan Wisata Attakae Kabupaten Wajo
00:21:05 | DEBUG   | [L1 Wiki] Error: Expecting value: line 1 column 1 (char 0)
00:21:05 | DEBUG   |       L1 Gagal, mencoba L2 DDGS...
00:21:12 | INFO    |       => Sukses dari: https://makassar.tribunnews.com/2018/01/03/kawasan-wisata-rumah-adat-atakkae-wajo-bakal-dipercantik-lagi-segini-anggarannya
00:21:14 | INFO    | [931/2708] Mencari: Bukit Wisata Bulupadido
00:21:14 | DEBUG   | [L1 Wiki] Error: Expecting value: line 1 column 1 (char 0)
00:21:14 | DEBUG   |       L1 Gagal, mencoba L2 DDGS...
00:21:18 | INFO    |       => Sukses dari: https://www.msn.com/id-id/travel/taman/indah-dan-menantang-adrenalin-inilah-lima-wisata-pegunungan-recommended-di-bulukumba/ar-AA1QsTNm
00:21:20 | INFO    | [933/2708] Mencari: Bukit Tangga Baly
00:21:20 | DEBUG   | [L1 Wiki] Error: Expecting value: line 1 column 1 (char 0)
00:21:20 | DEBUG   |       L1 Gagal, mencoba L2 DDGS...
00:21:27 | INFO    |       => Sukses dari: https://www.liputan6.com/regional/read/2956274/pagi-indah-di-bukit-tangga-bali-pesona-ala-pulau-dewata
00:21:28 | INFO    | [934/2708] Mencari: Pantai Merpati
00:21:28 | DEBUG   | [L1 Wiki] Error: Expecting value: line 1 column 1 (char 0)
00:21:28 | DEBUG   |       L1 Gagal, mencoba L2 DDGS...
00:21:42 | INFO    |       => Sukses dari: https://disparpora.bulukumbakab.go.id/portofolio/pantai-merpati/
00:21:43 | INFO    | [938/2708] Mencari: Wisata Alam Tamboke
00:21:43 | DEBUG   | [L1 Wiki] Error: Expecting value: line 1 column 1 (char 0)
00:21:43 | DEBUG   |       L1 Gagal, mencoba L2 DDGS...
00:21:47 | INFO    |       => Sukses dari: https://sulsel.idntimes.com/travel/destination/dijamin-indah-ini-5-destinasi-wisata-alam-andalan-luwu-utara-00-g3swn-38tywd
00:21:49 | INFO    | [939/2708] Mencari: Monas
00:21:49 | DEBUG   | [L1 Wiki] Error: Expecting value: line 1 column 1 (char 0)
00:21:49 | DEBUG   |       L1 Gagal, mencoba L2 DDGS...
00:21:55 | INFO    |       => Gagal mencari deskripsi.
00:21:56 | INFO    | [940/2708] Mencari: Permandian Wisata Istana Mappala
00:21:57 | DEBUG   | [L1 Wiki] Error: Expecting value: line 1 column 1 (char 0)
00:21:57 | DEBUG   |       L1 Gagal, mencoba L2 DDGS...
00:22:03 | INFO    |       => Sukses dari: https://travel.detik.com/domestic-destination/d-7465518/15-tempat-pariwisata-gowa-daya-tarik-lokasi-harga-tiket
00:22:05 | INFO    | [941/2708] Mencari: Pantai Sappoang Polewali
00:22:05 | DEBUG   | [L1 Wiki] Error: Expecting value: line 1 column 1 (char 0)
00:22:05 | DEBUG   |       L1 Gagal, mencoba L2 DDGS...
00:22:12 | INFO    |       => Sukses dari: https://mandarnesia.com/kadis-disbudporparekraf-kunjungi-uptd-gusung-toraja-ajak-masyarakat-dan-umkm-terlibat/
00:22:13 | INFO    | [958/2708] Mencari: pantai Bara' UjungLero
00:22:13 | DEBUG   | [L1 Wiki] Error: Expecting value: line 1 column 1 (char 0)
00:22:13 | DEBUG   |       L1 Gagal, mencoba L2 DDGS...
00:22:20 | INFO    |       => Gagal mencari deskripsi.
00:22:21 | INFO    | [960/2708] Mencari: Taman Uebone
00:22:21 | DEBUG   | [L1 Wiki] Error: Expecting value: line 1 column 1 (char 0)
00:22:21 | DEBUG   |       L1 Gagal, mencoba L2 DDGS...
00:22:32 | DEBUG   | [L2 BS4] Gagal ekstraksi url https://sisparnas.kemenpar.go.id/p/122948 -> HTTPSConnectionPool(host='sisparnas.kemenpar.go.id', port=443): Max retries exceeded with url: /p/122948 (Caused by ConnectTimeoutError(<HTTPSConnection(host='sisparnas.kemenpar.go.id', port=443) at 0x1d074301bd0>, 'Connection to sisparnas.kemenpar.go.id timed out. (connect timeout=8)'))
00:22:32 | DEBUG   | [L2 BS4] Gagal ekstraksi url https://sisparnas.kemenparekraf.go.id/p/1750 -> HTTPSConnectionPool(host='sisparnas.kemenparekraf.go.id', port=443): Max retries exceeded with url: /p/1750 (Caused by NameResolutionError("HTTPSConnection(host='sisparnas.kemenparekraf.go.id', port=443): Failed to resolve 'sisparnas.kemenparekraf.go.id' ([Errno 11002] getaddrinfo failed)"))
00:22:42 | DEBUG   | [L2 BS4] Gagal ekstraksi url https://sisparnas.com/p/122948 -> HTTPSConnectionPool(host='sisparnas.com', port=443): Read timed out. (read timeout=8)
00:22:42 | INFO    |       => Gagal mencari deskripsi.
00:22:43 | INFO    | [968/2708] Mencari: Bukit Sarassang
00:22:43 | DEBUG   | [L1 Wiki] Error: Expecting value: line 1 column 1 (char 0)
00:22:43 | DEBUG   |       L1 Gagal, mencoba L2 DDGS...
00:22:50 | INFO    |       => Gagal mencari deskripsi.
00:22:52 | INFO    | [971/2708] Mencari: Air Terjun Sarambualla
00:22:52 | DEBUG   | [L1 Wiki] Error: Expecting value: line 1 column 1 (char 0)
00:22:52 | DEBUG   |       L1 Gagal, mencoba L2 DDGS...
00:22:56 | INFO    |       => Sukses dari: https://www.itrip.id/air-terjun-sarambualla-luwu-utara
00:22:58 | INFO    | [977/2708] Mencari: Danau Randano Ghaghe
00:22:58 | DEBUG   | [L1 Wiki] Error: Expecting value: line 1 column 1 (char 0)
00:22:58 | DEBUG   |       L1 Gagal, mencoba L2 DDGS...
00:23:05 | DEBUG   | [L2 BS4] Gagal ekstraksi url https://sisparnas.kemenparekraf.go.id/p/102672 -> HTTPSConnectionPool(host='sisparnas.kemenparekraf.go.id', port=443): Max retries exceeded with url: /p/102672 (Caused by NameResolutionError("HTTPSConnection(host='sisparnas.kemenparekraf.go.id', port=443): Failed to resolve 'sisparnas.kemenparekraf.go.id' ([Errno 11002] getaddrinfo failed)"))
00:23:14 | DEBUG   | [L2 BS4] Gagal ekstraksi url https://wisato.id/wisata-air/liburan-romantis-di-surga-tersembunyi-danau-randano-ghaghe-pulau-muna/ -> HTTPSConnectionPool(host='wisato.id', port=443): Read timed out. (read timeout=8)
00:23:15 | INFO    |       => Gagal mencari deskripsi.
00:23:17 | INFO    | [Resume] Baris [978/2708] terlewati (sudah ada data).
00:23:17 | INFO    | [989/2708] Mencari: Pantai Sunrise
00:23:17 | DEBUG   | [L1 Wiki] Error: Expecting value: line 1 column 1 (char 0)
00:23:17 | DEBUG   |       L1 Gagal, mencoba L2 DDGS...
00:23:23 | INFO    |       => Gagal mencari deskripsi.
00:23:25 | INFO    | [997/2708] Mencari: Bulu Torompupu
00:23:25 | DEBUG   | [L1 Wiki] Error: Expecting value: line 1 column 1 (char 0)
00:23:25 | DEBUG   |       L1 Gagal, mencoba L2 DDGS...
00:23:34 | INFO    |       => Sukses dari: https://tempatwisataseru.com/rekomendasi-tempat-wisata-di-sigi/
00:23:35 | INFO    | *** Auto-saving 180 baris diproses...
00:23:35 | INFO    | [999/2708] Mencari: Danau cinta tonasa1
00:23:35 | DEBUG   | [L1 Wiki] Error: Expecting value: line 1 column 1 (char 0)
00:23:35 | DEBUG   |       L1 Gagal, mencoba L2 DDGS...
00:23:44 | DEBUG   | [L2 BS4] Gagal ekstraksi url https://jadesta.kemenparekraf.go.id/desa/tonasa_1 -> HTTPSConnectionPool(host='jadesta.kemenparekraf.go.id', port=443): Max retries exceeded with url: /desa/tonasa_1 (Caused by NameResolutionError("HTTPSConnection(host='jadesta.kemenparekraf.go.id', port=443): Failed to resolve 'jadesta.kemenparekraf.go.id' ([Errno 11002] getaddrinfo failed)"))
00:23:45 | INFO    |       => Gagal mencari deskripsi.
00:23:46 | INFO    | [1008/2708] Mencari: Mooi Lake
00:23:46 | DEBUG   | [L1 Wiki] Error: Expecting value: line 1 column 1 (char 0)
00:23:46 | DEBUG   |       L1 Gagal, mencoba L2 DDGS...
00:23:54 | INFO    |       => Sukses dari: https://www.mooilakehouse.com/
00:23:56 | INFO    | [1014/2708] Mencari: Penjara Tua Kema
00:23:56 | DEBUG   | [L1 Wiki] Error: Expecting value: line 1 column 1 (char 0)
00:23:56 | DEBUG   |       L1 Gagal, mencoba L2 DDGS...
00:24:14 | DEBUG   | [L2 BS4] Gagal ekstraksi url https://sisparnas.kemenpar.go.id/p/138194 -> HTTPSConnectionPool(host='sisparnas.kemenpar.go.id', port=443): Max retries exceeded with url: /p/138194 (Caused by ConnectTimeoutError(<HTTPSConnection(host='sisparnas.kemenpar.go.id', port=443) at 0x1d07716e490>, 'Connection to sisparnas.kemenpar.go.id timed out. (connect timeout=8)'))
00:24:15 | INFO    |       => Sukses dari: https://manado.tribunnews.com/2022/12/19/wisata-manado-dan-sekitarnya-yang-unik-kunjungi-penjara-tua-kema-di-minut-sulawesi-utara
00:24:16 | INFO    | [1018/2708] Mencari: Air Terjun Bantimurung
00:24:16 | DEBUG   | [L1 Wiki] Error: Expecting value: line 1 column 1 (char 0)
00:24:16 | DEBUG   |       L1 Gagal, mencoba L2 DDGS...
00:24:21 | INFO    |       => Sukses dari: https://id.wikipedia.org/wiki/Air_terjun_Bantimurung
00:24:22 | INFO    | [1039/2708] Mencari: Gunung Mahawu
00:24:22 | DEBUG   | [L1 Wiki] Error: Expecting value: line 1 column 1 (char 0)
00:24:22 | DEBUG   |       L1 Gagal, mencoba L2 DDGS...
00:24:30 | INFO    |       => Sukses dari: https://harmoniwisata.com/tempat-wisata/gunung-mahawu-tomohon-wisata-alam-sulawesi-utara/
00:24:31 | INFO    | [1053/2708] Mencari: Pantai Mato
00:24:31 | DEBUG   | [L1 Wiki] Error: Expecting value: line 1 column 1 (char 0)
00:24:31 | DEBUG   |       L1 Gagal, mencoba L2 DDGS...
00:24:43 | INFO    |       => Gagal mencari deskripsi.
00:24:44 | INFO    | [1057/2708] Mencari: Pulau Sanrobengi
00:24:44 | DEBUG   | [L1 Wiki] Error: Expecting value: line 1 column 1 (char 0)
00:24:44 | DEBUG   |       L1 Gagal, mencoba L2 DDGS...
00:24:50 | INFO    |       => Sukses dari: https://id.wikipedia.org/wiki/Pulau_Sanrobengi
00:24:51 | INFO    | [1058/2708] Mencari: Air Terjun Baruttungnge
00:24:51 | DEBUG   | [L1 Wiki] Error: Expecting value: line 1 column 1 (char 0)
00:24:51 | DEBUG   |       L1 Gagal, mencoba L2 DDGS...
00:24:59 | DEBUG   | [L2 BS4] Gagal ekstraksi url https://jadesta.kemenparekraf.go.id/desa/air_terjun_baruttungnge -> HTTPSConnectionPool(host='jadesta.kemenparekraf.go.id', port=443): Max retries exceeded with url: /desa/air_terjun_baruttungnge (Caused by NameResolutionError("HTTPSConnection(host='jadesta.kemenparekraf.go.id', port=443): Failed to resolve 'jadesta.kemenparekraf.go.id' ([Errno 11002] getaddrinfo failed)"))
00:25:00 | INFO    |       => Gagal mencari deskripsi.
00:25:02 | INFO    | [1063/2708] Mencari: Pantai Anita
00:25:02 | DEBUG   | [L1 Wiki] Error: Expecting value: line 1 column 1 (char 0)
00:25:02 | DEBUG   |       L1 Gagal, mencoba L2 DDGS...
00:25:11 | INFO    |       => Gagal mencari deskripsi.
00:25:12 | INFO    | [1070/2708] Mencari: Kampoeng Wisata Alam Baturapa
00:25:12 | DEBUG   | [L1 Wiki] Error: Expecting value: line 1 column 1 (char 0)
00:25:12 | DEBUG   |       L1 Gagal, mencoba L2 DDGS...
00:25:19 | INFO    |       => Sukses dari: https://www.trac.astra.co.id/blog/travel/wisata-bulukumba-pesona-tanjung-bira-dan-destinasi-sekitarnya/1523
00:25:20 | INFO    | [1080/2708] Mencari: Telaga Biru Bungkutoko
00:25:20 | DEBUG   | [L1 Wiki] Error: Expecting value: line 1 column 1 (char 0)
00:25:20 | DEBUG   |       L1 Gagal, mencoba L2 DDGS...
00:25:29 | DEBUG   | [L2 BS4] Gagal ekstraksi url https://www.direktori-wisata.com/tag/biru-bungkutoko/ -> HTTPSConnectionPool(host='www.direktori-wisata.com', port=443): Max retries exceeded with url: /tag/biru-bungkutoko/ (Caused by NameResolutionError("HTTPSConnection(host='www.direktori-wisata.com', port=443): Failed to resolve 'www.direktori-wisata.com' ([Errno 11001] getaddrinfo failed)"))
00:25:30 | INFO    |       => Sukses dari: https://travel.kompas.com/read/2023/08/22/233257727/25-tempat-wisata-kendari-lengkap-ada-pantai-dan-bukit?page=all
00:25:32 | INFO    | [1084/2708] Mencari: Taman Marlina
00:25:32 | DEBUG   | [L1 Wiki] Error: Expecting value: line 1 column 1 (char 0)
00:25:32 | DEBUG   |       L1 Gagal, mencoba L2 DDGS...
00:25:41 | INFO    |       => Gagal mencari deskripsi.
00:25:43 | INFO    | [1089/2708] Mencari: Al Azhar Beach Camp
00:25:43 | DEBUG   | [L1 Wiki] Error: Expecting value: line 1 column 1 (char 0)
00:25:43 | DEBUG   |       L1 Gagal, mencoba L2 DDGS...
00:25:47 | INFO    |       => Sukses dari: https://www.rifaihadi.com/10-objek-wisata-di-donggala-didominasi-pantai/
00:25:48 | INFO    | [Resume] Baris [1093/2708] terlewati (sudah ada data).
00:25:48 | INFO    | [1102/2708] Mencari: Tanarajae
00:25:48 | DEBUG   | [L1 Wiki] Error: Expecting value: line 1 column 1 (char 0)
00:25:48 | DEBUG   |       L1 Gagal, mencoba L2 DDGS...
00:25:54 | INFO    |       => Sukses dari: https://id.wikipedia.org/wiki/Leang_Tanarajae
00:25:56 | INFO    | [1112/2708] Mencari: Panker ( Pantai Kering )
00:25:56 | DEBUG   | [L1 Wiki] Error: Expecting value: line 1 column 1 (char 0)
00:25:56 | DEBUG   |       L1 Gagal, mencoba L2 DDGS...
00:26:03 | DEBUG   | [L2 DDGS] Error: ConnectError: ConnectError('error sending request for url (https://html.duckduckgo.com/html/)', 'https://html.duckduckgo.com/html/')
00:26:03 | INFO    |       => Gagal mencari deskripsi.
00:26:05 | INFO    | [1124/2708] Mencari: Kharisma Agrowisata
00:26:05 | DEBUG   | [L1 Wiki] Error: Expecting value: line 1 column 1 (char 0)
00:26:05 | DEBUG   |       L1 Gagal, mencoba L2 DDGS...
00:26:14 | INFO    |       => Gagal mencari deskripsi.
00:26:15 | INFO    | [1135/2708] Mencari: Koloolaro
00:26:15 | DEBUG   | [L1 Wiki] Error: Expecting value: line 1 column 1 (char 0)
00:26:15 | DEBUG   |       L1 Gagal, mencoba L2 DDGS...
00:26:26 | INFO    |       => Gagal mencari deskripsi.
00:26:28 | INFO    | [1137/2708] Mencari: Pantai puluty
00:26:28 | DEBUG   | [L1 Wiki] Error: Expecting value: line 1 column 1 (char 0)
00:26:28 | DEBUG   |       L1 Gagal, mencoba L2 DDGS...
00:26:39 | INFO    |       => Gagal mencari deskripsi.
00:26:41 | INFO    | [1140/2708] Mencari: Wisata Alam Sulapa Angin Punjabu
00:26:41 | DEBUG   | [L1 Wiki] Error: Expecting value: line 1 column 1 (char 0)
00:26:41 | DEBUG   |       L1 Gagal, mencoba L2 DDGS...
00:26:46 | INFO    |       => Sukses dari: https://travel.kompas.com/read/2022/09/15/100700227/bukit-punjabu-sulawesi-selatan-tempat-nikmati-panorama-kebun-cengkih
00:26:47 | INFO    | [1147/2708] Mencari: Pantai Arjuna
00:26:47 | DEBUG   | [L1 Wiki] Error: Expecting value: line 1 column 1 (char 0)
00:26:47 | DEBUG   |       L1 Gagal, mencoba L2 DDGS...
00:26:59 | INFO    |       => Gagal mencari deskripsi.
00:27:00 | INFO    | *** Auto-saving 200 baris diproses...
00:27:00 | INFO    | [1150/2708] Mencari: Air Terjun Sarambu
00:27:00 | DEBUG   | [L1 Wiki] Error: Expecting value: line 1 column 1 (char 0)
00:27:00 | DEBUG   |       L1 Gagal, mencoba L2 DDGS...
00:27:05 | INFO    |       => Sukses dari: https://www.itrip.id/air-terjun-sarambu
00:27:07 | INFO    | [1151/2708] Mencari: Pantai Potanga
00:27:07 | DEBUG   | [L1 Wiki] Error: Expecting value: line 1 column 1 (char 0)
00:27:07 | DEBUG   |       L1 Gagal, mencoba L2 DDGS...
00:27:22 | DEBUG   | [L2 BS4] Gagal ekstraksi url http://www.pedomanwisata.com/wisata-bahari-pantai/pantai-pasir-putih/pantai-bolihutuo-pantai-yang-indah-dan-masih-alami-di-kabupaten-boalemo-gorontalo -> HTTPConnectionPool(host='www.pedomanwisata.com', port=80): Read timed out. (read timeout=8)
00:27:25 | INFO    |       => Gagal mencari deskripsi.
00:27:26 | INFO    | [1153/2708] Mencari: Bukit pasir
00:27:26 | DEBUG   | [L1 Wiki] Error: Expecting value: line 1 column 1 (char 0)
00:27:26 | DEBUG   |       L1 Gagal, mencoba L2 DDGS...
00:27:33 | INFO    |       => Sukses dari: https://phinemo.com/bukit-pasir-sumalu-meliuk-liuk-bak-sahara-yang-menghitam-di-toraja/
00:27:35 | INFO    | [1154/2708] Mencari: Pantai Popakuni
00:27:35 | DEBUG   | [L1 Wiki] Error: Expecting value: line 1 column 1 (char 0)
00:27:35 | DEBUG   |       L1 Gagal, mencoba L2 DDGS...
00:27:40 | INFO    |       => Sukses dari: https://repository.untad.ac.id/id/eprint/153154/
00:27:42 | INFO    | [1155/2708] Mencari: Permandian Batu Doli
00:27:42 | DEBUG   | [L1 Wiki] Error: Expecting value: line 1 column 1 (char 0)
00:27:42 | DEBUG   |       L1 Gagal, mencoba L2 DDGS...
00:27:49 | INFO    |       => Sukses dari: https://yandex.com/maps/org/permandian_batu_doli/60038226893/
00:27:50 | INFO    | [1156/2708] Mencari: Pegunungan Pompangeo
00:27:50 | DEBUG   | [L1 Wiki] Error: Expecting value: line 1 column 1 (char 0)
00:27:50 | DEBUG   |       L1 Gagal, mencoba L2 DDGS...
00:27:55 | INFO    |       => Sukses dari: https://id.wikipedia.org/wiki/Pegunungan_Pompangeo
00:27:56 | INFO    | [1159/2708] Mencari: CAMPING GROUND SELET
00:27:56 | DEBUG   | [L1 Wiki] Error: Expecting value: line 1 column 1 (char 0)
00:27:56 | DEBUG   |       L1 Gagal, mencoba L2 DDGS...
00:28:02 | INFO    |       => Sukses dari: https://7pmnews.id/2025/05/01/wisata-gunung-soputan-destinasi-baru-bagi-turis-2/
00:28:03 | INFO    | [1161/2708] Mencari: Menara Mercusuar Pulau Miangas Indonesia
00:28:03 | DEBUG   | [L1 Wiki] Error: Expecting value: line 1 column 1 (char 0)
00:28:03 | DEBUG   |       L1 Gagal, mencoba L2 DDGS...
00:28:08 | INFO    |       => Sukses dari: https://en.wikipedia.org/wiki/Talaud_Islands_Regency
00:28:10 | INFO    | [1162/2708] Mencari: Istana Kedatuan Luwu Palopo
00:28:10 | DEBUG   | [L1 Wiki] Error: Expecting value: line 1 column 1 (char 0)
00:28:10 | DEBUG   |       L1 Gagal, mencoba L2 DDGS...
00:28:14 | INFO    |       => Sukses dari: https://www.geokepo.id/id/lokasi/luwu/istana-kedatuan-luwu
00:28:15 | INFO    | [1163/2708] Mencari: Air Terjun Bahomumpa
00:28:15 | DEBUG   | [L1 Wiki] Error: Expecting value: line 1 column 1 (char 0)
00:28:15 | DEBUG   |       L1 Gagal, mencoba L2 DDGS...
00:28:24 | INFO    |       => Gagal mencari deskripsi.
00:28:26 | INFO    | [1165/2708] Mencari: Lapangan Mekar Modelomo
00:28:26 | DEBUG   | [L1 Wiki] Error: Expecting value: line 1 column 1 (char 0)
00:28:26 | DEBUG   |       L1 Gagal, mencoba L2 DDGS...
00:28:31 | INFO    |       => Sukses dari: https://modelomo.digitaldesa.id/wisata
00:28:32 | INFO    | [1166/2708] Mencari: Taman Lasangkuru
00:28:32 | DEBUG   | [L1 Wiki] Error: Expecting value: line 1 column 1 (char 0)
00:28:32 | DEBUG   |       L1 Gagal, mencoba L2 DDGS...
00:28:39 | INFO    |       => Sukses dari: https://id.wikipedia.org/wiki/Kabupaten_Wajo
00:28:41 | INFO    | [1171/2708] Mencari: Danau Panjang Tanjung Bunga
00:28:41 | DEBUG   | [L1 Wiki] Error: Expecting value: line 1 column 1 (char 0)
00:28:41 | DEBUG   |       L1 Gagal, mencoba L2 DDGS...
00:28:50 | INFO    |       => Sukses dari: https://www.tokopedia.com/blog/travel-tempat-wisata-di-makassar/
00:28:52 | INFO    | [1172/2708] Mencari: Puncak Ilongkow
00:28:52 | DEBUG   | [L1 Wiki] Error: Expecting value: line 1 column 1 (char 0)
00:28:52 | DEBUG   |       L1 Gagal, mencoba L2 DDGS...
00:28:56 | INFO    |       => Sukses dari: https://www.cedhak.com/sulawesi/1012/wisata-modoinding/
00:28:58 | INFO    | [1174/2708] Mencari: Pantai Abadi
00:28:58 | DEBUG   | [L1 Wiki] Error: Expecting value: line 1 column 1 (char 0)
00:28:58 | DEBUG   |       L1 Gagal, mencoba L2 DDGS...
00:29:06 | INFO    |       => Sukses dari: https://beautyofindonesia.com/id/wisata/wisata-alam/pantai-abadi
00:29:08 | INFO    | [1175/2708] Mencari: Air Terjun Lasolo
00:29:08 | DEBUG   | [L1 Wiki] Error: Expecting value: line 1 column 1 (char 0)
00:29:08 | DEBUG   |       L1 Gagal, mencoba L2 DDGS...
00:29:13 | INFO    |       => Sukses dari: https://travel.kompas.com/read/2023/08/22/233257727/25-tempat-wisata-kendari-lengkap-ada-pantai-dan-bukit?page=all
00:29:14 | INFO    | [1176/2708] Mencari: Pantai Pasi Marannu
00:29:14 | DEBUG   | [L1 Wiki] Error: Expecting value: line 1 column 1 (char 0)
00:29:14 | DEBUG   |       L1 Gagal, mencoba L2 DDGS...
00:29:20 | INFO    |       => Sukses dari: https://insidepontianak.com/kalbar/25536/pesona-alam-desa-wisata-pasimarannu-di-pantai-marannu-kabupaten-sinjai
00:29:22 | INFO    | [1177/2708] Mencari: Bukit Vandiam
00:29:22 | DEBUG   | [L1 Wiki] Error: Expecting value: line 1 column 1 (char 0)
00:29:22 | DEBUG   |       L1 Gagal, mencoba L2 DDGS...
00:29:27 | INFO    |       => Sukses dari: https://sulsel.idntimes.com/travel/destination/yuk-berkunjung-ke-sini-8-objek-wisata-hits-kekinian-di-sinjai-00-fxmzt-85t0qj
00:29:28 | INFO    | [1179/2708] Mencari: Sallo Waterpark
00:29:28 | DEBUG   | [L1 Wiki] Error: Expecting value: line 1 column 1 (char 0)
00:29:28 | DEBUG   |       L1 Gagal, mencoba L2 DDGS...
00:29:34 | INFO    |       => Sukses dari: https://bombangsilopi.id/sallo-waterpark/
00:29:35 | INFO    | [1180/2708] Mencari: Rumah Penyu Lowita
00:29:35 | DEBUG   | [L1 Wiki] Error: Expecting value: line 1 column 1 (char 0)
00:29:35 | DEBUG   |       L1 Gagal, mencoba L2 DDGS...
00:29:50 | DEBUG   | [L2 BS4] Gagal ekstraksi url https://jadesta.kemenpar.go.id/atraksi/rumah_penyu_lowita -> HTTPSConnectionPool(host='jadesta.kemenpar.go.id', port=443): Max retries exceeded with url: /atraksi/rumah_penyu_lowita (Caused by ConnectTimeoutError(<HTTPSConnection(host='jadesta.kemenpar.go.id', port=443) at 0x1d073e83b10>, 'Connection to jadesta.kemenpar.go.id timed out. (connect timeout=8)'))
00:29:52 | INFO    |       => Sukses dari: https://ak77news.com/pantai-lowita-wisata-edukasi-dan-konservasi-penyu-pertama-di-kabupaten-pinrang/
00:29:53 | INFO    | *** Auto-saving 220 baris diproses...
00:29:53 | INFO    | [1182/2708] Mencari: Wisata Modoinding
00:29:53 | DEBUG   | [L1 Wiki] Error: Expecting value: line 1 column 1 (char 0)
00:29:53 | DEBUG   |       L1 Gagal, mencoba L2 DDGS...
00:29:58 | INFO    |       => Sukses dari: https://id.wikipedia.org/wiki/Modoinding,_Minahasa_Selatan
00:30:00 | INFO    | [1185/2708] Mencari: taman pattiro tiroang
00:30:00 | DEBUG   | [L1 Wiki] Error: Expecting value: line 1 column 1 (char 0)
00:30:00 | DEBUG   |       L1 Gagal, mencoba L2 DDGS...
00:30:14 | DEBUG   | [L2 BS4] Gagal ekstraksi url https://jadesta.kemenpar.go.id/atraksi/taman_pattiro_tiroang -> HTTPSConnectionPool(host='jadesta.kemenpar.go.id', port=443): Max retries exceeded with url: /atraksi/taman_pattiro_tiroang (Caused by ConnectTimeoutError(<HTTPSConnection(host='jadesta.kemenpar.go.id', port=443) at 0x1d07716fb10>, 'Connection to jadesta.kemenpar.go.id timed out. (connect timeout=8)'))
00:30:17 | INFO    |       => Sukses dari: https://jurnalpost.com/taman-pattiro-tiroang-spot-foto-cantik-di-sinjai-borong-layak-kamu-kunjungi/8730/
00:30:19 | INFO    | [1186/2708] Mencari: Pulau Pannikiang 1
00:30:19 | DEBUG   | [L1 Wiki] Error: Expecting value: line 1 column 1 (char 0)
00:30:19 | DEBUG   |       L1 Gagal, mencoba L2 DDGS...
00:30:24 | INFO    |       => Sukses dari: https://id.wikipedia.org/wiki/Pulau_Pannikiang
00:30:25 | INFO    | [1187/2708] Mencari: Agrowisata Ulu Ere Bantaeng
00:30:25 | DEBUG   | [L1 Wiki] Error: Expecting value: line 1 column 1 (char 0)
00:30:25 | DEBUG   |       L1 Gagal, mencoba L2 DDGS...
00:30:31 | INFO    |       => Sukses dari: https://id.wikipedia.org/wiki/Uluere,_Bantaeng
00:30:32 | INFO    | [1188/2708] Mencari: BLESSING HILL KOTA BITUNG
00:30:32 | DEBUG   | [L1 Wiki] Error: Expecting value: line 1 column 1 (char 0)
00:30:32 | DEBUG   |       L1 Gagal, mencoba L2 DDGS...
00:30:37 | INFO    |       => Sukses dari: https://id.wikipedia.org/wiki/Kota_Bitung
00:30:38 | INFO    | [1193/2708] Mencari: Hutan Mangrove Monro-Monro
00:30:38 | DEBUG   | [L1 Wiki] Error: Expecting value: line 1 column 1 (char 0)
00:30:38 | DEBUG   |       L1 Gagal, mencoba L2 DDGS...
00:30:44 | INFO    |       => Sukses dari: https://id.wikipedia.org/wiki/Monro-Monro,_Binamu,_Jeneponto
00:30:46 | INFO    | [1195/2708] Mencari: Air terjun Laliako
00:30:46 | DEBUG   | [L1 Wiki] Error: Expecting value: line 1 column 1 (char 0)
00:30:46 | DEBUG   |       L1 Gagal, mencoba L2 DDGS...
00:30:56 | INFO    |       => Sukses dari: https://www.idntimes.com/travel/destination/5-wisata-air-terjun-populer-di-kabupaten-sinjai-indah-nan-eksotis-01-432rm-vdblx9
00:30:58 | INFO    | [1196/2708] Mencari: Pantai bahari Buton selatan
00:30:58 | DEBUG   | [L1 Wiki] Error: Expecting value: line 1 column 1 (char 0)
00:30:58 | DEBUG   |       L1 Gagal, mencoba L2 DDGS...
00:31:04 | INFO    |       => Sukses dari: https://www.geokepo.id/id/lokasi/buton-selatan/pantai-bahari
00:31:06 | INFO    | [1198/2708] Mencari: Pantai siw’one
00:31:06 | DEBUG   | [L1 Wiki] Error: Expecting value: line 1 column 1 (char 0)
00:31:06 | DEBUG   |       L1 Gagal, mencoba L2 DDGS...
00:31:17 | DEBUG   | [L2 BS4] Gagal ekstraksi url http://mitracantik.com/pesona-pantai-siwone-morowali-surga-tersembunyi-di-sulawesi-tengah/ -> HTTPConnectionPool(host='mitracantik.com', port=80): Max retries exceeded with url: /pesona-pantai-siwone-morowali-surga-tersembunyi-di-sulawesi-tengah/ (Caused by NameResolutionError("HTTPConnection(host='mitracantik.com', port=80): Failed to resolve 'mitracantik.com' ([Errno 11001] getaddrinfo failed)"))
00:31:20 | INFO    |       => Gagal mencari deskripsi.
00:31:22 | INFO    | [1201/2708] Mencari: Puncak Passi
00:31:22 | DEBUG   | [L1 Wiki] Error: Expecting value: line 1 column 1 (char 0)
00:31:22 | DEBUG   |       L1 Gagal, mencoba L2 DDGS...
00:31:26 | INFO    |       => Sukses dari: https://id.wikipedia.org/wiki/Kota_Kotamobagu
00:31:27 | INFO    | [1202/2708] Mencari: Pulau Langala
00:31:27 | DEBUG   | [L1 Wiki] Error: Expecting value: line 1 column 1 (char 0)
00:31:27 | DEBUG   |       L1 Gagal, mencoba L2 DDGS...
00:31:32 | INFO    |       => Sukses dari: https://id.wikipedia.org/wiki/Pulau_Langala
00:31:33 | INFO    | [1205/2708] Mencari: Gunung Bambapuang
00:31:34 | DEBUG   | [L1 Wiki] Error: Expecting value: line 1 column 1 (char 0)
00:31:34 | DEBUG   |       L1 Gagal, mencoba L2 DDGS...
00:31:39 | INFO    |       => Sukses dari: https://www.geokepo.id/id/lokasi/enrekang/kawasan-wisata-bambapuang
00:31:40 | INFO    | [1206/2708] Mencari: Pantai Makalisung
00:31:40 | DEBUG   | [L1 Wiki] Error: Expecting value: line 1 column 1 (char 0)
00:31:40 | DEBUG   |       L1 Gagal, mencoba L2 DDGS...
00:31:48 | INFO    |       => Sukses dari: https://www.celebes.co/pantai-ratu-makalisung-minahasa
00:31:50 | INFO    | [1207/2708] Mencari: Pantai Tongko
00:31:50 | DEBUG   | [L1 Wiki] Error: Expecting value: line 1 column 1 (char 0)
00:31:50 | DEBUG   |       L1 Gagal, mencoba L2 DDGS...
00:31:57 | INFO    |       => Sukses dari: https://www.detik.com/sulsel/berita/d-6723890/jaga-ekosistem-laut-kodim-poso-tanam-1-250-bibit-mangrove-di-pantai-tongko
00:31:59 | INFO    | [1208/2708] Mencari: Pantai Kulolu
00:31:59 | DEBUG   | [L1 Wiki] Error: Expecting value: line 1 column 1 (char 0)
00:31:59 | DEBUG   |       L1 Gagal, mencoba L2 DDGS...
00:32:07 | INFO    |       => Sukses dari: https://donggalatourism.com/pantai
00:32:08 | INFO    | [1209/2708] Mencari: Pantai Lalos
00:32:08 | DEBUG   | [L1 Wiki] Error: Expecting value: line 1 column 1 (char 0)
00:32:08 | DEBUG   |       L1 Gagal, mencoba L2 DDGS...
00:32:17 | INFO    |       => Sukses dari: https://www.msn.com/id-id/berita/other/liburan-santai-di-pantai-lalos-pengalaman-pesisir-yang-damai-dan-tak-terlalu-ramai/ar-AA1QZkXi
00:32:19 | INFO    | [1211/2708] Mencari: Bukit Tokka Moncongloe
00:32:19 | DEBUG   | [L1 Wiki] Error: Expecting value: line 1 column 1 (char 0)
00:32:19 | DEBUG   |       L1 Gagal, mencoba L2 DDGS...
00:32:24 | INFO    |       => Sukses dari: https://id.wikipedia.org/wiki/Bonto_Marannu,_Moncongloe,_Maros
00:32:26 | INFO    | [1212/2708] Mencari: Taman Yuhyi (Kehidupan)
00:32:26 | DEBUG   | [L1 Wiki] Error: Expecting value: line 1 column 1 (char 0)
00:32:26 | DEBUG   |       L1 Gagal, mencoba L2 DDGS...
00:32:38 | INFO    |       => Gagal mencari deskripsi.
00:32:40 | INFO    | [1214/2708] Mencari: Makam Sultan Murhum
00:32:40 | DEBUG   | [L1 Wiki] Error: Expecting value: line 1 column 1 (char 0)
00:32:40 | DEBUG   |       L1 Gagal, mencoba L2 DDGS...
00:32:48 | INFO    |       => Sukses dari: https://visitbaubau.baubaukota.go.id/view/detailwisata/makam-sultan-murhum
00:32:49 | INFO    | [1215/2708] Mencari: Tondok Bakaru
00:32:49 | DEBUG   | [L1 Wiki] Error: Expecting value: line 1 column 1 (char 0)
00:32:49 | DEBUG   |       L1 Gagal, mencoba L2 DDGS...
00:32:55 | DEBUG   | [L2 BS4] Gagal ekstraksi url https://jadesta.kemenparekraf.go.id/desa/tondok_bakaru -> HTTPSConnectionPool(host='jadesta.kemenparekraf.go.id', port=443): Max retries exceeded with url: /desa/tondok_bakaru (Caused by NameResolutionError("HTTPSConnection(host='jadesta.kemenparekraf.go.id', port=443): Failed to resolve 'jadesta.kemenparekraf.go.id' ([Errno 11002] getaddrinfo failed)"))
00:32:57 | INFO    |       => Sukses dari: https://www.geokepo.id/id/lokasi/mamasa/desa-wisata-tondok-bakaru
00:32:58 | INFO    | *** Auto-saving 240 baris diproses...
00:32:58 | INFO    | [1216/2708] Mencari: Tebing Mandu Tontonan
00:32:59 | DEBUG   | [L1 Wiki] Error: Expecting value: line 1 column 1 (char 0)
00:32:59 | DEBUG   |       L1 Gagal, mencoba L2 DDGS...
00:33:04 | INFO    |       => Sukses dari: https://www.idntimes.com/travel/destination/6-spot-wisata-di-enrekang-surga-yang-bikin-lupa-pulang-01-8qwjq-bgzvjc
00:33:05 | INFO    | [1218/2708] Mencari: Pantai Bahari Doulan
00:33:05 | DEBUG   | [L1 Wiki] Error: Expecting value: line 1 column 1 (char 0)
00:33:05 | DEBUG   |       L1 Gagal, mencoba L2 DDGS...
00:33:11 | INFO    |       => Sukses dari: https://yandex.com/maps/org/pantai_bahari_doulan/62329433485/
00:33:13 | INFO    | [1219/2708] Mencari: Pantai Molobog
00:33:13 | DEBUG   | [L1 Wiki] Error: Expecting value: line 1 column 1 (char 0)
00:33:13 | DEBUG   |       L1 Gagal, mencoba L2 DDGS...
00:33:29 | INFO    |       => Sukses dari: https://beautyofindonesia.com/id/wisata/wisata-alam/pantai-molobog
00:33:30 | INFO    | [1220/2708] Mencari: Air Terjun Pangasi Loto
00:33:30 | DEBUG   | [L1 Wiki] Error: Expecting value: line 1 column 1 (char 0)
00:33:30 | DEBUG   |       L1 Gagal, mencoba L2 DDGS...
00:33:41 | INFO    |       => Sukses dari: https://www.asalngopi.com/blog/tag/destinasi-wisata/
00:33:42 | INFO    | [1222/2708] Mencari: Taman Ganggawa
00:33:42 | DEBUG   | [L1 Wiki] Error: Expecting value: line 1 column 1 (char 0)
00:33:42 | DEBUG   |       L1 Gagal, mencoba L2 DDGS...
00:33:49 | INFO    |       => Sukses dari: https://idfirms.com/sulawesi-selatan/monumen-makam-pahlawan-ganggawa-181099
00:33:50 | INFO    | [1223/2708] Mencari: PANTAI TOMBAWATU
00:33:50 | DEBUG   | [L1 Wiki] Error: Expecting value: line 1 column 1 (char 0)
00:33:50 | DEBUG   |       L1 Gagal, mencoba L2 DDGS...
00:34:02 | INFO    |       => Sukses dari: https://suarasultra.com/2025/08/gebyar-wisata-konawe-bersahaja-siap-gairahkan-pariwisata-pesisir-kapoiala-apdesi-berikan-dukungan-penuh/
00:34:04 | INFO    | [1224/2708] Mencari: Puncak Pakoba
00:34:04 | DEBUG   | [L1 Wiki] Error: Expecting value: line 1 column 1 (char 0)
00:34:04 | DEBUG   |       L1 Gagal, mencoba L2 DDGS...
00:34:10 | INFO    |       => Sukses dari: https://www.cedhak.com/sulawesi/515/puncak-pakoba/
00:34:12 | INFO    | [1228/2708] Mencari: Kolam Renang Yeh Anget
00:34:12 | DEBUG   | [L1 Wiki] Error: Expecting value: line 1 column 1 (char 0)
00:34:12 | DEBUG   |       L1 Gagal, mencoba L2 DDGS...
00:34:18 | INFO    |       => Sukses dari: https://www.detik.com/sulsel/wisata/d-7031469/pplh-puntondo-takalar-wisata-edukasi-seru-yang-patut-dikunjungi
00:34:19 | INFO    | [1229/2708] Mencari: Pemandian Sungai Paneki
00:34:19 | DEBUG   | [L1 Wiki] Error: Expecting value: line 1 column 1 (char 0)
00:34:19 | DEBUG   |       L1 Gagal, mencoba L2 DDGS...
00:34:29 | INFO    |       => Sukses dari: https://yandex.com/maps/org/pemandian_sungai_paneki/104864984951/
00:34:30 | INFO    | [1231/2708] Mencari: Benteng Takimpo
00:34:30 | DEBUG   | [L1 Wiki] Error: Expecting value: line 1 column 1 (char 0)
00:34:30 | DEBUG   |       L1 Gagal, mencoba L2 DDGS...
00:34:35 | INFO    |       => Sukses dari: https://www.idntimes.com/travel/destination/5-rekomendasi-tempat-wisata-di-buton-bikin-hati-sejuk-01-813x8-62qwsm
00:34:37 | INFO    | [1232/2708] Mencari: Obyek wisata batu payung
00:34:37 | DEBUG   | [L1 Wiki] Error: Expecting value: line 1 column 1 (char 0)
00:34:37 | DEBUG   |       L1 Gagal, mencoba L2 DDGS...
00:34:45 | DEBUG   | [L2 BS4] Gagal ekstraksi url https://jadesta.kemenparekraf.go.id/desa/batu_payung -> HTTPSConnectionPool(host='jadesta.kemenparekraf.go.id', port=443): Max retries exceeded with url: /desa/batu_payung (Caused by NameResolutionError("HTTPSConnection(host='jadesta.kemenparekraf.go.id', port=443): Failed to resolve 'jadesta.kemenparekraf.go.id' ([Errno 11002] getaddrinfo failed)"))
00:34:46 | INFO    |       => Sukses dari: https://yandex.com/maps/org/obyek_wisata_batu_payung/107825058839/
00:34:47 | INFO    | [1234/2708] Mencari: Makam Raja Lakidende
00:34:48 | DEBUG   | [L1 Wiki] Error: Expecting value: line 1 column 1 (char 0)
00:34:48 | DEBUG   |       L1 Gagal, mencoba L2 DDGS...
00:35:00 | INFO    |       => Sukses dari: https://konawe.info/wisata/wisata-sejarah/wisata-sejarah-dan-religi-di-makam-raja-lakidende/
00:35:02 | INFO    | [1235/2708] Mencari: TUGU BUTON SELATAN
00:35:02 | DEBUG   | [L1 Wiki] Error: Expecting value: line 1 column 1 (char 0)
00:35:02 | DEBUG   |       L1 Gagal, mencoba L2 DDGS...
00:35:11 | INFO    |       => Sukses dari: https://seringjalan.com/6-pilihan-liburan-di-batauga-buton-selatan/
00:35:12 | INFO    | [1236/2708] Mencari: Bukit Doa Pinaling
00:35:12 | DEBUG   | [L1 Wiki] Error: Expecting value: line 1 column 1 (char 0)
00:35:12 | DEBUG   |       L1 Gagal, mencoba L2 DDGS...
00:35:23 | INFO    |       => Sukses dari: https://www.jawaban.com/read/article/id/2014/5/19/83/140519132955/Berbagai-Wisata-Rohani-di-Indonesia-Untuk-Budget-Pas-Pasan.html
00:35:24 | INFO    | [1237/2708] Mencari: Puncak La Kude
00:35:24 | DEBUG   | [L1 Wiki] Error: Expecting value: line 1 column 1 (char 0)
00:35:24 | DEBUG   |       L1 Gagal, mencoba L2 DDGS...
00:35:39 | INFO    |       => Sukses dari: https://wisato.id/wisata-alam/keindahan-alam-muna-7-destinasi-wisata-terpopuler-di-sulawesi-tenggara/
00:35:40 | INFO    | [1238/2708] Mencari: Gunung Katabha Dana
00:35:40 | DEBUG   | [L1 Wiki] Error: Expecting value: line 1 column 1 (char 0)
00:35:40 | DEBUG   |       L1 Gagal, mencoba L2 DDGS...
00:35:49 | INFO    |       => Sukses dari: https://www.slideshare.net/slideshow/wisata-pantai-kabupaten-muna-27924594/27924594
00:35:51 | INFO    | [1239/2708] Mencari: Batu Karst Pundo Siping
00:35:51 | DEBUG   | [L1 Wiki] Error: Expecting value: line 1 column 1 (char 0)
00:35:51 | DEBUG   |       L1 Gagal, mencoba L2 DDGS...
00:35:58 | INFO    |       => Sukses dari: https://sulsel.idntimes.com/travel/destination/berkunjung-ke-jeneponto-jangan-lupa-singgahi-5-spot-wisata-ini-00-g3swn-k2gpjj
00:36:00 | INFO    | [1240/2708] Mencari: Kendari water front city
00:36:00 | DEBUG   | [L1 Wiki] Error: Expecting value: line 1 column 1 (char 0)
00:36:00 | DEBUG   |       L1 Gagal, mencoba L2 DDGS...
00:36:09 | INFO    |       => Sukses dari: https://properti.kompas.com/read/2021/07/03/200000021/kini-kawasan-kumuh-bungkutoko-dan-petoaha-jadi-tempat-wisata-air-baru
00:36:10 | INFO    | [1242/2708] Mencari: sampolawa,kabupaten Buton Selatan, Sulawesi Tenggara
00:36:11 | DEBUG   | [L1 Wiki] Error: Expecting value: line 1 column 1 (char 0)
00:36:11 | DEBUG   |       L1 Gagal, mencoba L2 DDGS...
00:36:15 | INFO    |       => Sukses dari: https://id.wikipedia.org/wiki/Sampolawa,_Buton_Selatan
00:36:16 | INFO    | [1243/2708] Mencari: Monumen Korban 40.000 Jiwa
00:36:16 | DEBUG   | [L1 Wiki] Error: Expecting value: line 1 column 1 (char 0)
00:36:16 | DEBUG   |       L1 Gagal, mencoba L2 DDGS...
00:36:23 | INFO    |       => Sukses dari: https://www.detik.com/sulsel/berita/d-7083572/sejarah-korban-40-000-jiwa-westerling-di-sulsel-kontroversi-makna-di-baliknya
00:36:24 | INFO    | *** Auto-saving 260 baris diproses...
00:36:24 | INFO    | [1244/2708] Mencari: PANTAI TAMARUNANG
00:36:24 | DEBUG   | [L1 Wiki] Error: Expecting value: line 1 column 1 (char 0)
00:36:24 | DEBUG   |       L1 Gagal, mencoba L2 DDGS...
00:36:32 | INFO    |       => Sukses dari: https://id.wikipedia.org/wiki/Pantai_Tamarunang
00:36:33 | INFO    | [1248/2708] Mencari: Pantai Batunggulung
00:36:33 | DEBUG   | [L1 Wiki] Error: Expecting value: line 1 column 1 (char 0)
00:36:33 | DEBUG   |       L1 Gagal, mencoba L2 DDGS...
00:36:40 | INFO    |       => Sukses dari: https://disparpora.bulukumbakab.go.id/portofolio/pantai-batunggulung/
00:36:42 | INFO    | [1249/2708] Mencari: Air Terjun Tetewa
00:36:42 | DEBUG   | [L1 Wiki] Error: Expecting value: line 1 column 1 (char 0)
00:36:42 | DEBUG   |       L1 Gagal, mencoba L2 DDGS...
00:36:47 | INFO    |       => Sukses dari: https://www.idntimes.com/travel/destination/9-potret-air-terjun-tetewa-di-kolaka-panoramanya-ciamik-abis-01-5ltmv-vxhn01
00:36:48 | INFO    | [1250/2708] Mencari: Wisata Tebing Mattoanging
00:36:48 | DEBUG   | [L1 Wiki] Error: Expecting value: line 1 column 1 (char 0)
00:36:48 | DEBUG   |       L1 Gagal, mencoba L2 DDGS...
00:37:00 | DEBUG   | [L2 BS4] Gagal ekstraksi url https://jadesta.kemenpar.go.id/paket/wisata_tebing_mattoanging -> HTTPSConnectionPool(host='jadesta.kemenpar.go.id', port=443): Max retries exceeded with url: /paket/wisata_tebing_mattoanging (Caused by ConnectTimeoutError(<HTTPSConnection(host='jadesta.kemenpar.go.id', port=443) at 0x1d073e82e90>, 'Connection to jadesta.kemenpar.go.id timed out. (connect timeout=8)'))
00:37:03 | DEBUG   | [L2 BS4] Gagal ekstraksi url https://jadesta.kemenparekraf.go.id/desa/andalan -> HTTPSConnectionPool(host='jadesta.kemenparekraf.go.id', port=443): Max retries exceeded with url: /desa/andalan (Caused by NameResolutionError("HTTPSConnection(host='jadesta.kemenparekraf.go.id', port=443): Failed to resolve 'jadesta.kemenparekraf.go.id' ([Errno 11002] getaddrinfo failed)"))
00:37:13 | INFO    |       => Sukses dari: https://www.trac.astra.co.id/blog/travel/wisata-bulukumba-pesona-tanjung-bira-dan-destinasi-sekitarnya/1523
00:37:15 | INFO    | [1255/2708] Mencari: Dermaga Kayu Biringkassi
00:37:15 | DEBUG   | [L1 Wiki] Error: Expecting value: line 1 column 1 (char 0)
00:37:15 | DEBUG   |       L1 Gagal, mencoba L2 DDGS...
00:37:21 | INFO    |       => Sukses dari: https://id.wikipedia.org/wiki/Biringkassi,_Binamu,_Jeneponto
00:37:22 | INFO    | [1257/2708] Mencari: Sungai Batu Mallopie
00:37:22 | DEBUG   | [L1 Wiki] Error: Expecting value: line 1 column 1 (char 0)
00:37:22 | DEBUG   |       L1 Gagal, mencoba L2 DDGS...
00:37:28 | INFO    |       => Sukses dari: https://id.wikipedia.org/wiki/Kabupaten_Barru
00:37:29 | INFO    | [1260/2708] Mencari: BENTENG WAPALA
00:37:29 | DEBUG   | [L1 Wiki] Error: Expecting value: line 1 column 1 (char 0)
00:37:29 | DEBUG   |       L1 Gagal, mencoba L2 DDGS...
00:37:38 | INFO    |       => Sukses dari: https://idalamat.com/alamat/824448/benteng-bombonawulu-buton-sulawesi-tenggara
00:37:40 | INFO    | [1261/2708] Mencari: Permandian Putri Wambona
00:37:40 | DEBUG   | [L1 Wiki] Error: Expecting value: line 1 column 1 (char 0)
00:37:40 | DEBUG   |       L1 Gagal, mencoba L2 DDGS...
00:37:48 | INFO    |       => Sukses dari: https://www.sultraklik.com/wisata-permandian-wakantee-muna-barat/
00:37:49 | INFO    | [1263/2708] Mencari: Embung laduyu desa talata
00:37:49 | DEBUG   | [L1 Wiki] Error: Expecting value: line 1 column 1 (char 0)
00:37:49 | DEBUG   |       L1 Gagal, mencoba L2 DDGS...
00:37:57 | INFO    |       => Sukses dari: https://id.wikipedia.org/wiki/Talata,_Tinondo,_Kolaka_Timur
00:37:59 | INFO    | [1265/2708] Mencari: Wisata Kampung Galung
00:37:59 | DEBUG   | [L1 Wiki] Error: Expecting value: line 1 column 1 (char 0)
00:37:59 | DEBUG   |       L1 Gagal, mencoba L2 DDGS...
00:38:11 | DEBUG   | [L2 BS4] Gagal ekstraksi url https://jadesta.kemenpar.go.id/atraksi/kampoeng_galung -> HTTPSConnectionPool(host='jadesta.kemenpar.go.id', port=443): Max retries exceeded with url: /atraksi/kampoeng_galung (Caused by ConnectTimeoutError(<HTTPSConnection(host='jadesta.kemenpar.go.id', port=443) at 0x1d07622a350>, 'Connection to jadesta.kemenpar.go.id timed out. (connect timeout=8)'))
00:38:13 | INFO    |       => Sukses dari: https://www.detik.com/sulsel/wisata/d-6194806/3-destinasi-wisata-di-sinjai-yang-memanjakan-mata
00:38:14 | INFO    | [1266/2708] Mencari: Puncak Gunung Nona
00:38:14 | DEBUG   | [L1 Wiki] Error: Expecting value: line 1 column 1 (char 0)
00:38:14 | DEBUG   |       L1 Gagal, mencoba L2 DDGS...
00:38:19 | INFO    |       => Sukses dari: https://rri.co.id/makassar/wisata/1996991/gunung-nona-keindahan-alam-yang-menghipnotis-di-enrekang
00:38:20 | INFO    | [1267/2708] Mencari: Air Terjun Tiku Wuarau ulunggolaka
00:38:20 | DEBUG   | [L1 Wiki] Error: Expecting value: line 1 column 1 (char 0)
00:38:20 | DEBUG   |       L1 Gagal, mencoba L2 DDGS...
00:38:27 | INFO    |       => Sukses dari: https://makassar.tribunnews.com/2019/11/18/5-destinasi-wisata-di-kolaka-dan-kolaka-utara-ini-bisa-jadi-lokasi-liburan-akhir-tahun
00:38:28 | INFO    | [1268/2708] Mencari: Wisata Bukit Soe
00:38:28 | DEBUG   | [L1 Wiki] Error: Expecting value: line 1 column 1 (char 0)
00:38:28 | DEBUG   |       L1 Gagal, mencoba L2 DDGS...
00:38:34 | INFO    |       => Sukses dari: https://turisian.com/2022/04/30/kunjungi-tiga-tempat-wisata-majene-berikut-ini-biar-liburan-lebaran-makin-seru/
00:38:35 | INFO    | [1269/2708] Mencari: Goa Janji
00:38:35 | DEBUG   | [L1 Wiki] Error: Expecting value: line 1 column 1 (char 0)
00:38:35 | DEBUG   |       L1 Gagal, mencoba L2 DDGS...
00:38:47 | INFO    |       => Gagal mencari deskripsi.
00:38:49 | INFO    | [1270/2708] Mencari: Teluk H2M - Motandoi
00:38:49 | DEBUG   | [L1 Wiki] Error: Expecting value: line 1 column 1 (char 0)
00:38:49 | DEBUG   |       L1 Gagal, mencoba L2 DDGS...
00:39:00 | INFO    |       => Sukses dari: https://baklak.news/bolsel/wagub-victor-mailangkay-buka-gelaran-teluk-h2m-fest-one-stop-adventure-2025-di-bolsel/
00:39:02 | INFO    | [1271/2708] Mencari: Buttu Pattumea Betteng
00:39:02 | DEBUG   | [L1 Wiki] Error: Expecting value: line 1 column 1 (char 0)
00:39:02 | DEBUG   |       L1 Gagal, mencoba L2 DDGS...
00:39:11 | INFO    |       => Sukses dari: https://alushta-tur.com/6-objek-wisata-sulawesi-barat-daya-tarik-memukau/
00:39:13 | INFO    | [1272/2708] Mencari: Lorong 3 Wisata Pantai Botutonuo
00:39:13 | DEBUG   | [L1 Wiki] Error: Expecting value: line 1 column 1 (char 0)
00:39:13 | DEBUG   |       L1 Gagal, mencoba L2 DDGS...
00:39:22 | INFO    |       => Sukses dari: https://id.wikipedia.org/wiki/Pantai_Botutonuo
00:39:23 | INFO    | [1274/2708] Mencari: Taman Religius Nona-nonaE
00:39:23 | DEBUG   | [L1 Wiki] Error: Expecting value: line 1 column 1 (char 0)
00:39:23 | DEBUG   |       L1 Gagal, mencoba L2 DDGS...
00:39:29 | INFO    |       => Gagal mencari deskripsi.
00:39:30 | INFO    | [1275/2708] Mencari: Taman Reformasi
00:39:30 | DEBUG   | [L1 Wiki] Error: Expecting value: line 1 column 1 (char 0)
00:39:30 | DEBUG   |       L1 Gagal, mencoba L2 DDGS...
00:39:47 | INFO    |       => Gagal mencari deskripsi.
00:39:49 | INFO    | [1279/2708] Mencari: BULALOVE
00:39:49 | DEBUG   | [L1 Wiki] Error: Expecting value: line 1 column 1 (char 0)
00:39:49 | DEBUG   |       L1 Gagal, mencoba L2 DDGS...
00:39:54 | INFO    |       => Sukses dari: https://lampung.antaranews.com/berita/441058/sensasi-wisata-alam-bulalove-di-kabupaten-boalemo-gorontalo
00:39:55 | INFO    | *** Auto-saving 280 baris diproses...
00:39:55 | INFO    | [1280/2708] Mencari: FlyingGear paragliding manado
00:39:55 | DEBUG   | [L1 Wiki] Error: Expecting value: line 1 column 1 (char 0)
00:39:55 | DEBUG   |       L1 Gagal, mencoba L2 DDGS...
00:40:02 | INFO    |       => Sukses dari: https://www.cakraloka.com/telp-wa-0811800423-penyedia-berlibur-di-minahasa-terpercaya-tahun-ini-dari-mandirancan/
00:40:03 | INFO    | [1281/2708] Mencari: Qafwan Resort
00:40:03 | DEBUG   | [L1 Wiki] Error: Expecting value: line 1 column 1 (char 0)
00:40:03 | DEBUG   |       L1 Gagal, mencoba L2 DDGS...
00:40:12 | DEBUG   | [L2 BS4] Gagal ekstraksi url https://jadesta.kemenparekraf.go.id/atraksi/qafwan_resort -> HTTPSConnectionPool(host='jadesta.kemenparekraf.go.id', port=443): Max retries exceeded with url: /atraksi/qafwan_resort (Caused by NameResolutionError("HTTPSConnection(host='jadesta.kemenparekraf.go.id', port=443): Failed to resolve 'jadesta.kemenparekraf.go.id' ([Errno 11002] getaddrinfo failed)"))
00:40:18 | INFO    |       => Gagal mencari deskripsi.
00:40:20 | INFO    | [1282/2708] Mencari: Ruang Bernafas
00:40:20 | DEBUG   | [L1 Wiki] Error: Expecting value: line 1 column 1 (char 0)
00:40:20 | DEBUG   |       L1 Gagal, mencoba L2 DDGS...
00:40:28 | INFO    |       => Sukses dari: https://www.ujungjari.com/2021/12/19/bupati-bantaeng-apresiasi-kreatifitas-pemuda-ruang-bernafas/
00:40:29 | INFO    | [Resume] Baris [1283/2708] terlewati (sudah ada data).
00:40:29 | INFO    | [1285/2708] Mencari: Tiro Soe
00:40:29 | DEBUG   | [L1 Wiki] Error: Expecting value: line 1 column 1 (char 0)
00:40:29 | DEBUG   |       L1 Gagal, mencoba L2 DDGS...
00:40:34 | INFO    |       => Sukses dari: https://www.detik.com/sulsel/wisata/d-6908956/19-rekomendasi-tempat-wisata-di-luwu-utara-yang-menarik-dikunjungi
00:40:36 | INFO    | [1286/2708] Mencari: Wisata Pantai Maleo
00:40:36 | DEBUG   | [L1 Wiki] Error: Expecting value: line 1 column 1 (char 0)
00:40:36 | DEBUG   |       L1 Gagal, mencoba L2 DDGS...
00:40:43 | INFO    |       => Sukses dari: https://www.kompasiana.com/wisatoid0974/5d2318a50d82302a9e162132/3-kejernihan-wisata-pohuwato-favoritmu-no-berapa?page=all
00:40:45 | INFO    | [1288/2708] Mencari: Padang Laya
00:40:45 | DEBUG   | [L1 Wiki] Error: Expecting value: line 1 column 1 (char 0)
00:40:45 | DEBUG   |       L1 Gagal, mencoba L2 DDGS...
00:40:57 | DEBUG   | [L2 BS4] Gagal ekstraksi url https://wisato.id/wisata-alam/padang-laya-destinasi-wisata-yang-hits-di-sulawesi-tengah/ -> HTTPSConnectionPool(host='wisato.id', port=443): Read timed out. (read timeout=8)
00:40:58 | INFO    |       => Sukses dari: https://www.rifaihadi.com/7-objek-wisata-banggai-paling-populer/
00:40:59 | INFO    | [1289/2708] Mencari: Air Terjun Sondoang
00:41:00 | DEBUG   | [L1 Wiki] Error: Expecting value: line 1 column 1 (char 0)
00:41:00 | DEBUG   |       L1 Gagal, mencoba L2 DDGS...
00:41:08 | INFO    |       => Sukses dari: https://sulbar.tribunnews.com/2025/04/03/wisata-air-terjun-sondoang-mamuju-kini-sepi-pengunjung-meski-indah-dan-masuknya-gratis
00:41:09 | INFO    | [1291/2708] Mencari: Wisata Jembatan Pantai Posan Paconne
00:41:09 | DEBUG   | [L1 Wiki] Error: Expecting value: line 1 column 1 (char 0)
00:41:09 | DEBUG   |       L1 Gagal, mencoba L2 DDGS...
00:41:18 | INFO    |       => Sukses dari: https://balubu.digitaldesa.id/wisata/pantai-posang-paconne
00:41:19 | INFO    | [1292/2708] Mencari: Bukit Salib Sumarayar
00:41:19 | DEBUG   | [L1 Wiki] Error: Expecting value: line 1 column 1 (char 0)
00:41:19 | DEBUG   |       L1 Gagal, mencoba L2 DDGS...
00:41:26 | INFO    |       => Gagal mencari deskripsi.
00:41:28 | INFO    | [1294/2708] Mencari: Pantai Siuone pekaloa Towuti
00:41:28 | DEBUG   | [L1 Wiki] Error: Expecting value: line 1 column 1 (char 0)
00:41:28 | DEBUG   |       L1 Gagal, mencoba L2 DDGS...
00:41:32 | INFO    |       => Sukses dari: https://luwuraya.teraskata.com/dinas-pariwisata-luwu-timur-tinjau-objek-wisata-pantai-siuone/
00:41:34 | INFO    | [1298/2708] Mencari: Pantai Rahwana (Keindahan Pantai Dekat Danau)
00:41:34 | DEBUG   | [L1 Wiki] Error: Expecting value: line 1 column 1 (char 0)
00:41:34 | DEBUG   |       L1 Gagal, mencoba L2 DDGS...
00:41:42 | INFO    |       => Sukses dari: https://www.tiketmasuk.com/pantai-jerman/
00:41:44 | INFO    | [1299/2708] Mencari: Bukit Lakeppo
00:41:44 | DEBUG   | [L1 Wiki] Error: Expecting value: line 1 column 1 (char 0)
00:41:44 | DEBUG   |       L1 Gagal, mencoba L2 DDGS...
00:41:55 | INFO    |       => Sukses dari: https://travelingyuk.com/bukit-lakeppo-barru/200757/
00:41:56 | INFO    | [1300/2708] Mencari: Kolam Renang Landmark LUWU TIMUR
00:41:56 | DEBUG   | [L1 Wiki] Error: Expecting value: line 1 column 1 (char 0)
00:41:56 | DEBUG   |       L1 Gagal, mencoba L2 DDGS...
00:42:05 | DEBUG   | [L2 BS4] Gagal ekstraksi url https://jadesta.kemenparekraf.go.id/desa/landmark -> HTTPSConnectionPool(host='jadesta.kemenparekraf.go.id', port=443): Max retries exceeded with url: /desa/landmark (Caused by NameResolutionError("HTTPSConnection(host='jadesta.kemenparekraf.go.id', port=443): Failed to resolve 'jadesta.kemenparekraf.go.id' ([Errno 11002] getaddrinfo failed)"))
00:42:07 | INFO    |       => Sukses dari: https://saokareba.id/pemandangan-kota-malili-dari-landmark-luwu-timur/
00:42:09 | INFO    | [1303/2708] Mencari: Air Terjun Kokungan
00:42:09 | DEBUG   | [L1 Wiki] Error: Expecting value: line 1 column 1 (char 0)
00:42:09 | DEBUG   |       L1 Gagal, mencoba L2 DDGS...
00:42:22 | DEBUG   | [L2 BS4] Gagal ekstraksi url https://jadesta.kemenparekraf.go.id/atraksi/air_terjun_kokungan -> HTTPSConnectionPool(host='jadesta.kemenparekraf.go.id', port=443): Max retries exceeded with url: /atraksi/air_terjun_kokungan (Caused by NameResolutionError("HTTPSConnection(host='jadesta.kemenparekraf.go.id', port=443): Failed to resolve 'jadesta.kemenparekraf.go.id' ([Errno 11002] getaddrinfo failed)"))
00:42:24 | INFO    |       => Sukses dari: https://www.sangalu.com/wisata-budaya/83601982/pesona-air-terjun-desa-posos-lalongo-kabupaten-banggai-laut
00:42:25 | INFO    | [1305/2708] Mencari: Air Terjun Takaan
00:42:25 | DEBUG   | [L1 Wiki] Error: Expecting value: line 1 column 1 (char 0)
00:42:25 | DEBUG   |       L1 Gagal, mencoba L2 DDGS...
00:42:36 | INFO    |       => Sukses dari: https://gagaradio.org/tempat-wisata-terdekat-dari-air-terjun/
00:42:38 | INFO    | [1310/2708] Mencari: Taman Lamario (Monumen Perahu Phinisi)
00:42:38 | DEBUG   | [L1 Wiki] Error: Expecting value: line 1 column 1 (char 0)
00:42:38 | DEBUG   |       L1 Gagal, mencoba L2 DDGS...
00:42:47 | INFO    |       => Sukses dari: https://id.polomap.com/parepare/38115
00:42:49 | INFO    | [1313/2708] Mencari: Wisata Jembatan Jodoh
00:42:49 | DEBUG   | [L1 Wiki] Error: Expecting value: line 1 column 1 (char 0)
00:42:49 | DEBUG   |       L1 Gagal, mencoba L2 DDGS...
00:42:59 | DEBUG   | [L2 DDGS] Error: ConnectError: ConnectError('error sending request for url (https://html.duckduckgo.com/html/)', 'https://html.duckduckgo.com/html/')
00:42:59 | INFO    |       => Gagal mencari deskripsi.
00:43:00 | INFO    | [1315/2708] Mencari: Pantai Batam Desa Mataiwoi Kec Molawe Kab Konawe Utara
00:43:00 | DEBUG   | [L1 Wiki] Error: Expecting value: line 1 column 1 (char 0)
00:43:00 | DEBUG   |       L1 Gagal, mencoba L2 DDGS...
00:43:07 | INFO    |       => Sukses dari: https://sandee.com/indonesia/south-sulawesi/watukila/pantai-batam-desa-mataiwoi-kec-molawe-kab-konawe-utara
00:43:08 | INFO    | [1316/2708] Mencari: ASMARA GARDEN
00:43:08 | DEBUG   | [L1 Wiki] Error: Expecting value: line 1 column 1 (char 0)
00:43:08 | DEBUG   |       L1 Gagal, mencoba L2 DDGS...
00:43:15 | INFO    |       => Sukses dari: https://www.antarafoto.com/id/view/1547549/agrowisata-asmara-garden-bone-bolango
00:43:16 | INFO    | [1317/2708] Mencari: Pantai Koa-Koa
00:43:16 | DEBUG   | [L1 Wiki] Error: Expecting value: line 1 column 1 (char 0)
00:43:16 | DEBUG   |       L1 Gagal, mencoba L2 DDGS...
00:43:21 | INFO    |       => Sukses dari: https://www.geokepo.id/id/lokasi/pasangkayu/pantai-koa-koa
00:43:23 | INFO    | *** Auto-saving 300 baris diproses...
00:43:23 | INFO    | [1318/2708] Mencari: Pantai Wisata Pantoloan
00:43:23 | DEBUG   | [L1 Wiki] Error: Expecting value: line 1 column 1 (char 0)
00:43:23 | DEBUG   |       L1 Gagal, mencoba L2 DDGS...
00:43:29 | INFO    |       => Sukses dari: https://www.idntimes.com/travel/destination/tempat-wisata-pantai-di-palu-c1c2-01-3ln1w-m8xdz4
00:43:31 | INFO    | [1319/2708] Mencari: pemancingan riboko balla
00:43:31 | DEBUG   | [L1 Wiki] Error: Expecting value: line 1 column 1 (char 0)
00:43:31 | DEBUG   |       L1 Gagal, mencoba L2 DDGS...
00:43:42 | INFO    |       => Gagal mencari deskripsi.
00:43:43 | INFO    | [1320/2708] Mencari: Rental mobil poso kota
00:43:43 | DEBUG   | [L1 Wiki] Error: Expecting value: line 1 column 1 (char 0)
00:43:43 | DEBUG   |       L1 Gagal, mencoba L2 DDGS...
00:43:49 | DEBUG   | [L2 BS4] Gagal ekstraksi url https://www.tuguwisata.com/sewa-mobil-poso/ -> HTTPSConnectionPool(host='www.tuguwisata.com', port=443): Max retries exceeded with url: /sewa-mobil-poso/ (Caused by SSLError(SSLCertVerificationError(1, "[SSL: CERTIFICATE_VERIFY_FAILED] certificate verify failed: Hostname mismatch, certificate is not valid for 'www.tuguwisata.com'. (_ssl.c:1081)")))
00:43:52 | INFO    |       => Sukses dari: https://balioh.com/sewa-mobil-di-poso
00:43:53 | INFO    | [1321/2708] Mencari: JG Mangrove Park Desa Palaes
00:43:53 | DEBUG   | [L1 Wiki] Error: Expecting value: line 1 column 1 (char 0)
00:43:53 | DEBUG   |       L1 Gagal, mencoba L2 DDGS...
00:44:01 | DEBUG   | [L2 BS4] Gagal ekstraksi url https://jadesta.kemenparekraf.go.id/desa/palaes_2 -> HTTPSConnectionPool(host='jadesta.kemenparekraf.go.id', port=443): Max retries exceeded with url: /desa/palaes_2 (Caused by NameResolutionError("HTTPSConnection(host='jadesta.kemenparekraf.go.id', port=443): Failed to resolve 'jadesta.kemenparekraf.go.id' ([Errno 11002] getaddrinfo failed)"))
00:44:02 | INFO    |       => Sukses dari: https://travel.detik.com/travel-news/d-7805550/desa-brilian-desa-wisata-palaes-andalkan-hutan-mangrove-untuk-pikat-wisatawan
00:44:04 | INFO    | [1322/2708] Mencari: Air Terjun Lamesou
00:44:04 | DEBUG   | [L1 Wiki] Error: Expecting value: line 1 column 1 (char 0)
00:44:04 | DEBUG   |       L1 Gagal, mencoba L2 DDGS...
00:44:10 | INFO    |       => Sukses dari: https://bandarahaluoleo.co.id/article/jelajahi-konawe-utara/eksplorasi-keindahan-air-terjun-lamesou-wisata-alam-baru-yang-ada-di-konawe-utara
00:44:11 | INFO    | [1324/2708] Mencari: Air Terjun Amarilis
00:44:11 | DEBUG   | [L1 Wiki] Error: Expecting value: line 1 column 1 (char 0)
00:44:11 | DEBUG   |       L1 Gagal, mencoba L2 DDGS...
00:44:20 | INFO    |       => Sukses dari: https://travelspromo.com/htm-wisata/taman-bunga-amarilis-gunung-kidul/
00:44:22 | INFO    | [1325/2708] Mencari: TELAGA PURI INDAH (TERINDAH)
00:44:22 | DEBUG   | [L1 Wiki] Error: Expecting value: line 1 column 1 (char 0)
00:44:22 | DEBUG   |       L1 Gagal, mencoba L2 DDGS...
00:44:29 | INFO    |       => Sukses dari: https://puuduria.digitaldesa.id/wisata/telaga-puri-indah-terindah
00:44:30 | INFO    | [1326/2708] Mencari: Pantai Pembuatan perahu phinisi
00:44:30 | DEBUG   | [L1 Wiki] Error: Expecting value: line 1 column 1 (char 0)
00:44:30 | DEBUG   |       L1 Gagal, mencoba L2 DDGS...
00:44:35 | INFO    |       => Sukses dari: https://sulselprov.go.id/kota/des_kab/4
00:44:37 | INFO    | [1328/2708] Mencari: Air Terjun Tattungo
00:44:37 | DEBUG   | [L1 Wiki] Error: Expecting value: line 1 column 1 (char 0)
00:44:37 | DEBUG   |       L1 Gagal, mencoba L2 DDGS...
00:44:46 | INFO    |       => Gagal mencari deskripsi.
00:44:47 | INFO    | [1329/2708] Mencari: Taman wisata Bulu Tanda Sibedi
00:44:47 | DEBUG   | [L1 Wiki] Error: Expecting value: line 1 column 1 (char 0)
00:44:47 | DEBUG   |       L1 Gagal, mencoba L2 DDGS...
00:44:52 | INFO    |       => Sukses dari: https://pariwisata.sultengprov.go.id/data-pariwisata/destinasi-pariwisata/daya-tarik-wisata/dtw-kabupaten-sigi/80-bukit-sibedi.html
00:44:53 | INFO    | [1333/2708] Mencari: Wisata Matawoi Puubenua
00:44:53 | DEBUG   | [L1 Wiki] Error: Expecting value: line 1 column 1 (char 0)
00:44:53 | DEBUG   |       L1 Gagal, mencoba L2 DDGS...
00:45:04 | INFO    |       => Sukses dari: https://kim.kolakakab.go.id/beranda/detail/wisata-kolam-matawoi-di-desa-puubenua-sudah-pernah-kesini-belum-
00:45:05 | INFO    | [1334/2708] Mencari: Pantai Bone Buton Utara
00:45:05 | DEBUG   | [L1 Wiki] Error: Expecting value: line 1 column 1 (char 0)
00:45:05 | DEBUG   |       L1 Gagal, mencoba L2 DDGS...
00:45:10 | INFO    |       => Sukses dari: https://id.wikipedia.org/wiki/Kabupaten_Buton_Utara
00:45:11 | INFO    | [1335/2708] Mencari: Bonto Massailea
00:45:11 | DEBUG   | [L1 Wiki] Error: Expecting value: line 1 column 1 (char 0)
00:45:11 | DEBUG   |       L1 Gagal, mencoba L2 DDGS...
00:45:17 | INFO    |       => Sukses dari: https://disparpora.bulukumbakab.go.id/portofolio/bonto-massailea/
00:45:18 | INFO    | [1336/2708] Mencari: Wisata Alam Air Panas
00:45:18 | DEBUG   | [L1 Wiki] Error: Expecting value: line 1 column 1 (char 0)
00:45:18 | DEBUG   |       L1 Gagal, mencoba L2 DDGS...
00:45:22 | INFO    |       => Sukses dari: https://id.wikipedia.org/wiki/Taman_Wisata_Lombongo
00:45:24 | INFO    | [1338/2708] Mencari: Makam Dato Karama
00:45:24 | DEBUG   | [L1 Wiki] Error: Expecting value: line 1 column 1 (char 0)
00:45:24 | DEBUG   |       L1 Gagal, mencoba L2 DDGS...
00:45:29 | INFO    |       => Sukses dari: https://id.wikipedia.org/wiki/Dato_Karama
00:45:30 | INFO    | [1340/2708] Mencari: PINTU GERBANG PERMANDIAN AIR PANAS LEJJA
00:45:30 | DEBUG   | [L1 Wiki] Error: Expecting value: line 1 column 1 (char 0)
00:45:30 | DEBUG   |       L1 Gagal, mencoba L2 DDGS...
00:45:36 | INFO    |       => Sukses dari: https://www.detik.com/sulsel/wisata/d-6688125/pemandian-air-panas-lejja-soppeng-sejarah-spot-wisata-hingga-harga-tiket
00:45:37 | INFO    | [1343/2708] Mencari: Pantai Babana
00:45:37 | DEBUG   | [L1 Wiki] Error: Expecting value: line 1 column 1 (char 0)
00:45:37 | DEBUG   |       L1 Gagal, mencoba L2 DDGS...
00:45:50 | INFO    |       => Sukses dari: https://www.analisapost.com/post/destinasi-pantai-babana-sangat-indah-dan-menanti-uluran-tangan-pemerintah
00:45:51 | INFO    | [1344/2708] Mencari: Danau "Cinta" Makalehi
00:45:51 | DEBUG   | [L1 Wiki] Error: Expecting value: line 1 column 1 (char 0)
00:45:51 | DEBUG   |       L1 Gagal, mencoba L2 DDGS...
00:45:55 | INFO    |       => Sukses dari: https://id.wikipedia.org/wiki/Kabupaten_Kepulauan_Siau_Tagulandang_Biaro
00:45:56 | INFO    | [1345/2708] Mencari: Bukit Cinta
00:45:56 | DEBUG   | [L1 Wiki] Error: Expecting value: line 1 column 1 (char 0)
00:45:56 | DEBUG   |       L1 Gagal, mencoba L2 DDGS...
00:46:06 | INFO    |       => Sukses dari: https://www.seva.id/blog/dibuka-lagi-lima-spot-wisata-bromo-yang-wajib-dikunjungi-082020
00:46:07 | INFO    | [1346/2708] Mencari: Tongkonan Buntu
00:46:07 | DEBUG   | [L1 Wiki] Error: Expecting value: line 1 column 1 (char 0)
00:46:07 | DEBUG   |       L1 Gagal, mencoba L2 DDGS...
00:46:13 | INFO    |       => Sukses dari: https://www.trendwisata.com/tempat-wisata/tempat-wisata-di-bone/
00:46:15 | INFO    | *** Auto-saving 320 baris diproses...
00:46:15 | INFO    | [1348/2708] Mencari: Goa Liang Kamoi
00:46:15 | DEBUG   | [L1 Wiki] Error: Expecting value: line 1 column 1 (char 0)
00:46:15 | DEBUG   |       L1 Gagal, mencoba L2 DDGS...
00:46:22 | INFO    |       => Sukses dari: https://travel.kompas.com/read/2016/06/26/095600527/Goa.Liang.Kamoi.Daya.Tarik.yang.Masih.Tersembunyi.di.Buton.
00:46:23 | INFO    | [1349/2708] Mencari: Gua Balojaha
00:46:23 | DEBUG   | [L1 Wiki] Error: Expecting value: line 1 column 1 (char 0)
00:46:23 | DEBUG   |       L1 Gagal, mencoba L2 DDGS...
00:46:30 | INFO    |       => Sukses dari: https://patilereng.digitaldesa.id/wisata/goa-abadi-balojaha
00:46:32 | INFO    | [1351/2708] Mencari: Wisata Embung Paccekke
00:46:32 | DEBUG   | [L1 Wiki] Error: Expecting value: line 1 column 1 (char 0)
00:46:32 | DEBUG   |       L1 Gagal, mencoba L2 DDGS...
00:46:38 | INFO    |       => Sukses dari: https://paccekke.com/wisata.php
00:46:39 | INFO    | [1352/2708] Mencari: Gunung Rantekombola
00:46:39 | DEBUG   | [L1 Wiki] Error: Expecting value: line 1 column 1 (char 0)
00:46:39 | DEBUG   |       L1 Gagal, mencoba L2 DDGS...
00:46:48 | INFO    |       => Sukses dari: https://id.wikipedia.org/wiki/Gunung_Rantekombola
00:46:49 | INFO    | [1354/2708] Mencari: Gunung Popalia
00:46:49 | DEBUG   | [L1 Wiki] Error: Expecting value: line 1 column 1 (char 0)
00:46:49 | DEBUG   |       L1 Gagal, mencoba L2 DDGS...
00:46:57 | INFO    |       => Sukses dari: https://telisik.id/news/keindahan-dan-kesan-mistik-gunung-popalia-gunung-popalia-konawe-sekatan-jadi-incaran-pendaki
00:46:59 | INFO    | [1355/2708] Mencari: Pantai Huntete
00:46:59 | DEBUG   | [L1 Wiki] Error: Expecting value: line 1 column 1 (char 0)
00:46:59 | DEBUG   |       L1 Gagal, mencoba L2 DDGS...
00:47:03 | INFO    |       => Sukses dari: https://travel.kompas.com/read/2024/06/13/205700027/4-wisata-pantai-di-pulau-tomia-di-wakatobi-bisa-lihat-paus-berenang
00:47:05 | INFO    | [1356/2708] Mencari: Wisata Batu Lombeng Desa Lebani
00:47:05 | DEBUG   | [L1 Wiki] Error: Expecting value: line 1 column 1 (char 0)
00:47:05 | DEBUG   |       L1 Gagal, mencoba L2 DDGS...
00:47:09 | INFO    |       => Sukses dari: https://sulbar.tribunnews.com/2023/04/23/pantai-batu-lombeng-mamuju-bisa-jadi-pilihan-di-libur-lebaran-tahun-ini
00:47:10 | INFO    | [1357/2708] Mencari: Kawasan Ekonomi Khusus Likupang
00:47:11 | DEBUG   | [L1 Wiki] Error: Expecting value: line 1 column 1 (char 0)
00:47:11 | DEBUG   |       L1 Gagal, mencoba L2 DDGS...
00:47:16 | INFO    |       => Sukses dari: https://www.kompasiana.com/panah_bintangku/621675d53179497a34489962/potensi-wisata-dan-budaya-likupang-sebagai-kawasan-ekonomi-khusus-di-sulawesi-utara?page=all
00:47:17 | INFO    | [1360/2708] Mencari: Air Terjun Baruttunge
00:47:17 | DEBUG   | [L1 Wiki] Error: Expecting value: line 1 column 1 (char 0)
00:47:17 | DEBUG   |       L1 Gagal, mencoba L2 DDGS...
00:47:21 | INFO    |       => Sukses dari: https://patangkai.digitaldesa.id/wisata/air-terjun-baruttunge
00:47:23 | INFO    | [1361/2708] Mencari: Kolam renang kampoeng galung
00:47:23 | DEBUG   | [L1 Wiki] Error: Expecting value: line 1 column 1 (char 0)
00:47:23 | DEBUG   |       L1 Gagal, mencoba L2 DDGS...
00:47:36 | DEBUG   | [L2 BS4] Gagal ekstraksi url https://jadesta.kemenpar.go.id/atraksi/kolam_renang_kampoeng_galung -> HTTPSConnectionPool(host='jadesta.kemenpar.go.id', port=443): Max retries exceeded with url: /atraksi/kolam_renang_kampoeng_galung (Caused by ConnectTimeoutError(<HTTPSConnection(host='jadesta.kemenpar.go.id', port=443) at 0x1d07716efd0>, 'Connection to jadesta.kemenpar.go.id timed out. (connect timeout=8)'))
00:47:40 | INFO    |       => Sukses dari: https://pusdalsuma.go.id/2022/04/20/bangkit-dari-mimpi-terobosan-wisata-berbasis-lingkungan-ala-kepala-desa-barania/
00:47:41 | INFO    | [1363/2708] Mencari: Wisata Pantai dan Kuliner Loli Tasiburi
00:47:41 | DEBUG   | [L1 Wiki] Error: Expecting value: line 1 column 1 (char 0)
00:47:41 | DEBUG   |       L1 Gagal, mencoba L2 DDGS...
00:47:51 | DEBUG   | [L2 DDGS] Error: ConnectError: ConnectError('error sending request for url (https://html.duckduckgo.com/html/)', 'https://html.duckduckgo.com/html/')
00:47:51 | INFO    |       => Gagal mencari deskripsi.
00:47:53 | INFO    | [1364/2708] Mencari: UWENTUMBU BAIYA
00:47:53 | DEBUG   | [L1 Wiki] Error: Expecting value: line 1 column 1 (char 0)
00:47:53 | DEBUG   |       L1 Gagal, mencoba L2 DDGS...
00:48:00 | INFO    |       => Sukses dari: https://palu.tribunnews.com/2021/11/09/sejarah-permandian-uwentumbu-yang-jadi-objek-wisata-baru-di-palu
00:48:02 | INFO    | [1365/2708] Mencari: Pulau Busak
00:48:02 | DEBUG   | [L1 Wiki] Error: Expecting value: line 1 column 1 (char 0)
00:48:02 | DEBUG   |       L1 Gagal, mencoba L2 DDGS...
00:48:08 | INFO    |       => Sukses dari: https://id.wikipedia.org/wiki/Pulau_Busak
00:48:09 | INFO    | [1366/2708] Mencari: Pantai Wakarumende
00:48:09 | DEBUG   | [L1 Wiki] Error: Expecting value: line 1 column 1 (char 0)
00:48:09 | DEBUG   |       L1 Gagal, mencoba L2 DDGS...
00:48:19 | INFO    |       => Gagal mencari deskripsi.
00:48:21 | INFO    | [1368/2708] Mencari: Pantai Baurung
00:48:21 | DEBUG   | [L1 Wiki] Error: Expecting value: line 1 column 1 (char 0)
00:48:21 | DEBUG   |       L1 Gagal, mencoba L2 DDGS...
00:48:33 | INFO    |       => Gagal mencari deskripsi.
00:48:35 | INFO    | [1371/2708] Mencari: Limbong Sitodo
00:48:35 | DEBUG   | [L1 Wiki] Error: Expecting value: line 1 column 1 (char 0)
00:48:35 | DEBUG   |       L1 Gagal, mencoba L2 DDGS...
00:48:41 | INFO    |       => Sukses dari: https://disbudparpolman.weebly.com/limbong-sitodo.html
00:48:43 | INFO    | [1402/2708] Mencari: Karina Beach
00:48:43 | DEBUG   | [L1 Wiki] Error: Expecting value: line 1 column 1 (char 0)
00:48:43 | DEBUG   |       L1 Gagal, mencoba L2 DDGS...
00:48:49 | INFO    |       => Sukses dari: https://wisatakita.com/wisata/Sulawesi.Tengah/Tojo.Una-Una/Pantai.Karina
00:48:50 | INFO    | [1416/2708] Mencari: Air Terjun Tu'nan
00:48:50 | DEBUG   | [L1 Wiki] Error: Expecting value: line 1 column 1 (char 0)
00:48:50 | DEBUG   |       L1 Gagal, mencoba L2 DDGS...
00:49:01 | DEBUG   | [L2 BS4] Gagal ekstraksi url https://jadesta.kemenparekraf.go.id/desa/air_terjun_tunan_talawaan -> HTTPSConnectionPool(host='jadesta.kemenparekraf.go.id', port=443): Max retries exceeded with url: /desa/air_terjun_tunan_talawaan (Caused by NameResolutionError("HTTPSConnection(host='jadesta.kemenparekraf.go.id', port=443): Failed to resolve 'jadesta.kemenparekraf.go.id' ([Errno 11002] getaddrinfo failed)"))
00:49:04 | INFO    |       => Gagal mencari deskripsi.
00:49:05 | INFO    | [1421/2708] Mencari: Air Terjun Batualambung Kambani
00:49:05 | DEBUG   | [L1 Wiki] Error: Expecting value: line 1 column 1 (char 0)
00:49:05 | DEBUG   |       L1 Gagal, mencoba L2 DDGS...
00:49:16 | INFO    |       => Gagal mencari deskripsi.
00:49:17 | INFO    | [1428/2708] Mencari: Puncak panenteng tola
00:49:17 | DEBUG   | [L1 Wiki] Error: Expecting value: line 1 column 1 (char 0)
00:49:17 | DEBUG   |       L1 Gagal, mencoba L2 DDGS...
00:49:26 | INFO    |       => Sukses dari: https://wisatasangihe.blogspot.com/2018/01/puncak-lose.html
00:49:28 | INFO    | *** Auto-saving 340 baris diproses...
00:49:28 | INFO    | [1430/2708] Mencari: Wisata Mannessa Lappa Angin
00:49:28 | DEBUG   | [L1 Wiki] Error: Expecting value: line 1 column 1 (char 0)
00:49:28 | DEBUG   |       L1 Gagal, mencoba L2 DDGS...
00:49:41 | INFO    |       => Sukses dari: https://pdberger.com/pemancingan-parepare
00:49:42 | INFO    | [1431/2708] Mencari: Pantai Sangganipa
00:49:42 | DEBUG   | [L1 Wiki] Error: Expecting value: line 1 column 1 (char 0)
00:49:42 | DEBUG   |       L1 Gagal, mencoba L2 DDGS...
00:50:00 | INFO    |       => Sukses dari: https://detaknews.id/2026/02/17/menjemput-ketenangan-di-sangganipa-resort-villa-pelukan-samudra-di-tepian-donggala/
00:50:01 | INFO    | [1432/2708] Mencari: Pantai Bahari
00:50:01 | DEBUG   | [L1 Wiki] Error: Expecting value: line 1 column 1 (char 0)
00:50:01 | DEBUG   |       L1 Gagal, mencoba L2 DDGS...
00:50:05 | INFO    |       => Sukses dari: https://repository.untad.ac.id/id/eprint/153154/
00:50:07 | INFO    | [1433/2708] Mencari: Lakasa Cave
00:50:07 | DEBUG   | [L1 Wiki] Error: Expecting value: line 1 column 1 (char 0)
00:50:07 | DEBUG   |       L1 Gagal, mencoba L2 DDGS...
00:50:15 | INFO    |       => Sukses dari: https://www.geokepo.id/en/lokasi/buton/gua-lakasa
00:50:16 | INFO    | [1434/2708] Mencari: Permandian Lakakuloto
00:50:16 | DEBUG   | [L1 Wiki] Error: Expecting value: line 1 column 1 (char 0)
00:50:16 | DEBUG   |       L1 Gagal, mencoba L2 DDGS...
00:50:23 | INFO    |       => Sukses dari: https://www.lajur.co/destinasi-wisata-di-buton-tengah-untuk-isi-libur-lebaran-ada-susur-gua-laumehe-pesona-pantai-mutiara/
00:50:24 | INFO    | [1438/2708] Mencari: Museum Perjuangan Rakyat Sulut
00:50:24 | DEBUG   | [L1 Wiki] Error: Expecting value: line 1 column 1 (char 0)
00:50:24 | DEBUG   |       L1 Gagal, mencoba L2 DDGS...
00:50:32 | INFO    |       => Sukses dari: https://sulut.inews.id/berita/tempat-wisata-di-manado-sulawesi-utara-yang-beragam/2
00:50:34 | INFO    | [1439/2708] Mencari: Pantai Napa
00:50:34 | DEBUG   | [L1 Wiki] Error: Expecting value: line 1 column 1 (char 0)
00:50:34 | DEBUG   |       L1 Gagal, mencoba L2 DDGS...
00:50:46 | INFO    |       => Gagal mencari deskripsi.
00:50:47 | INFO    | [1440/2708] Mencari: Pantai Pinang
00:50:47 | DEBUG   | [L1 Wiki] Error: Expecting value: line 1 column 1 (char 0)
00:50:47 | DEBUG   |       L1 Gagal, mencoba L2 DDGS...
00:50:53 | INFO    |       => Sukses dari: https://www.idntimes.com/travel/destination/pantai-pinang-c1c2-1-01-5ltmv-brq0tn
00:50:54 | INFO    | [1442/2708] Mencari: Situs Megalitik Watunongko
00:50:54 | DEBUG   | [L1 Wiki] Error: Expecting value: line 1 column 1 (char 0)
00:50:54 | DEBUG   |       L1 Gagal, mencoba L2 DDGS...
00:51:04 | INFO    |       => Sukses dari: https://sites.google.com/view/kebudayaansulawesitengah/cagar-budaya/lembah-napu/situs-watunongko
00:51:06 | INFO    | [Resume] Baris [1449/2708] terlewati (sudah ada data).
00:51:06 | INFO    | [1451/2708] Mencari: Wisata Alam Bonto Kalihara (Bukit Semut) Selayar
00:51:06 | DEBUG   | [L1 Wiki] Error: Expecting value: line 1 column 1 (char 0)
00:51:06 | DEBUG   |       L1 Gagal, mencoba L2 DDGS...
00:51:12 | INFO    |       => Sukses dari: https://travel.kompas.com/read/2024/01/08/190800327/7-tempat-wisata-di-selayar-sulawesi-selatan-cocok-buat-healing
00:51:14 | INFO    | [1454/2708] Mencari: Air terjun Rouda
00:51:14 | DEBUG   | [L1 Wiki] Error: Expecting value: line 1 column 1 (char 0)
00:51:14 | DEBUG   |       L1 Gagal, mencoba L2 DDGS...
00:51:24 | INFO    |       => Gagal mencari deskripsi.
00:51:26 | INFO    | [1465/2708] Mencari: Gedung PIKAT
00:51:26 | DEBUG   | [L1 Wiki] Error: Expecting value: line 1 column 1 (char 0)
00:51:26 | DEBUG   |       L1 Gagal, mencoba L2 DDGS...
00:51:42 | INFO    |       => Gagal mencari deskripsi.
00:51:44 | INFO    | [1475/2708] Mencari: Gunung Tumpu
00:51:44 | DEBUG   | [L1 Wiki] Error: Expecting value: line 1 column 1 (char 0)
00:51:44 | DEBUG   |       L1 Gagal, mencoba L2 DDGS...
00:51:52 | INFO    |       => Gagal mencari deskripsi.
00:51:53 | INFO    | [1477/2708] Mencari: Wisata Matabuntu
00:51:53 | DEBUG   | [L1 Wiki] Error: Expecting value: line 1 column 1 (char 0)
00:51:53 | DEBUG   |       L1 Gagal, mencoba L2 DDGS...
00:51:58 | INFO    |       => Sukses dari: https://travel.kompas.com/read/2021/08/02/150032227/pesona-wisata-konawe-kampung-halaman-apriyani-sang-peraih-emas-olimpiade
00:51:59 | INFO    | [1478/2708] Mencari: Pantai tupa
00:51:59 | DEBUG   | [L1 Wiki] Error: Expecting value: line 1 column 1 (char 0)
00:51:59 | DEBUG   |       L1 Gagal, mencoba L2 DDGS...
00:52:09 | INFO    |       => Gagal mencari deskripsi.
00:52:10 | INFO    | [1496/2708] Mencari: KJA Latoma
00:52:10 | DEBUG   | [L1 Wiki] Error: Expecting value: line 1 column 1 (char 0)
00:52:10 | DEBUG   |       L1 Gagal, mencoba L2 DDGS...
00:52:18 | INFO    |       => Gagal mencari deskripsi.
00:52:19 | INFO    | [1497/2708] Mencari: Gunung Bahonglangi
00:52:19 | DEBUG   | [L1 Wiki] Error: Expecting value: line 1 column 1 (char 0)
00:52:19 | DEBUG   |       L1 Gagal, mencoba L2 DDGS...
00:52:24 | INFO    |       => Sukses dari: https://mpagloeocapsa.blogspot.com/2019/12/eksplorasi-gunung-bahonglangi.html
00:52:26 | INFO    | [1503/2708] Mencari: Wisata Bukit Harapan Gowa
00:52:26 | DEBUG   | [L1 Wiki] Error: Expecting value: line 1 column 1 (char 0)
00:52:26 | DEBUG   |       L1 Gagal, mencoba L2 DDGS...
00:52:32 | INFO    |       => Sukses dari: https://travel.detik.com/domestic-destination/d-7465518/15-tempat-pariwisata-gowa-daya-tarik-lokasi-harga-tiket
00:52:34 | INFO    | [1506/2708] Mencari: Senja Beloka
00:52:34 | DEBUG   | [L1 Wiki] Error: Expecting value: line 1 column 1 (char 0)
00:52:34 | DEBUG   |       L1 Gagal, mencoba L2 DDGS...
00:52:47 | INFO    |       => Gagal mencari deskripsi.
00:52:49 | INFO    | [1507/2708] Mencari: Air Terjun Kembes
00:52:49 | DEBUG   | [L1 Wiki] Error: Expecting value: line 1 column 1 (char 0)
00:52:49 | DEBUG   |       L1 Gagal, mencoba L2 DDGS...
00:52:56 | INFO    |       => Sukses dari: https://manadopost.jawapos.com/berita-utama/286008559/ini-cara-berbeda-menikmati-keindahan-air-terjun-di-sulawesi-utara-dengan-sensasi-menantang-dihadirkan-abseiling-sulut-untuk-penikmat-kegiatan-ekstrem
00:52:58 | INFO    | *** Auto-saving 360 baris diproses...
00:52:58 | INFO    | [1508/2708] Mencari: Air Terjun Bobaa
00:52:58 | DEBUG   | [L1 Wiki] Error: Expecting value: line 1 column 1 (char 0)
00:52:58 | DEBUG   |       L1 Gagal, mencoba L2 DDGS...
00:53:07 | INFO    |       => Gagal mencari deskripsi.
00:53:09 | INFO    | [1509/2708] Mencari: Puncak Savana Puuhopa
00:53:09 | DEBUG   | [L1 Wiki] Error: Expecting value: line 1 column 1 (char 0)
00:53:09 | DEBUG   |       L1 Gagal, mencoba L2 DDGS...
00:53:13 | INFO    |       => Sukses dari: https://uepai.digitaldesa.id/wisata/puncak-savana
00:53:14 | INFO    | [1512/2708] Mencari: Parkiran Air Terjun (Kali)
00:53:14 | DEBUG   | [L1 Wiki] Error: Expecting value: line 1 column 1 (char 0)
00:53:14 | DEBUG   |       L1 Gagal, mencoba L2 DDGS...
00:53:27 | INFO    |       => Gagal mencari deskripsi.
00:53:28 | INFO    | [1515/2708] Mencari: Wisata Buntu Nangka (Palopo)
00:53:28 | DEBUG   | [L1 Wiki] Error: Expecting value: line 1 column 1 (char 0)
00:53:28 | DEBUG   |       L1 Gagal, mencoba L2 DDGS...
00:53:36 | INFO    |       => Sukses dari: https://makassar.tribunnews.com/travel/1823173/buntu-pasang-palopo-destinasi-wisata-baru-dengan-panorama-kota-dari-ketinggian
00:53:37 | INFO    | [1516/2708] Mencari: Gua Susundeng
00:53:37 | DEBUG   | [L1 Wiki] Error: Expecting value: line 1 column 1 (char 0)
00:53:37 | DEBUG   |       L1 Gagal, mencoba L2 DDGS...
00:53:42 | INFO    |       => Sukses dari: https://id.wikipedia.org/wiki/Gua_Susundeng
00:53:43 | INFO    | [1517/2708] Mencari: air terjun wambalamba
00:53:44 | DEBUG   | [L1 Wiki] Error: Expecting value: line 1 column 1 (char 0)
00:53:44 | DEBUG   |       L1 Gagal, mencoba L2 DDGS...
00:53:54 | DEBUG   | [L2 BS4] Gagal ekstraksi url https://jadesta.kemenpar.go.id/atraksi/120141 -> HTTPSConnectionPool(host='jadesta.kemenpar.go.id', port=443): Max retries exceeded with url: /atraksi/120141 (Caused by ConnectTimeoutError(<HTTPSConnection(host='jadesta.kemenpar.go.id', port=443) at 0x1d073e82c10>, 'Connection to jadesta.kemenpar.go.id timed out. (connect timeout=8)'))
00:54:00 | DEBUG   | [L2 BS4] Gagal ekstraksi url https://sisparnas.kemenparekraf.go.id/p/45885 -> HTTPSConnectionPool(host='sisparnas.kemenparekraf.go.id', port=443): Max retries exceeded with url: /p/45885 (Caused by NameResolutionError("HTTPSConnection(host='sisparnas.kemenparekraf.go.id', port=443): Failed to resolve 'sisparnas.kemenparekraf.go.id' ([Errno 11002] getaddrinfo failed)"))
00:54:00 | INFO    |       => Gagal mencari deskripsi.
00:54:01 | INFO    | [1518/2708] Mencari: Pantai Kasambang
00:54:02 | DEBUG   | [L1 Wiki] Error: Expecting value: line 1 column 1 (char 0)
00:54:02 | DEBUG   |       L1 Gagal, mencoba L2 DDGS...
00:54:07 | INFO    |       => Sukses dari: https://id.wikipedia.org/wiki/Kasambang,_Tapalang,_Mamuju
00:54:09 | INFO    | [1519/2708] Mencari: Air Terjun Tembang Luk Sagu
00:54:09 | DEBUG   | [L1 Wiki] Error: Expecting value: line 1 column 1 (char 0)
00:54:09 | DEBUG   |       L1 Gagal, mencoba L2 DDGS...
00:54:17 | INFO    |       => Sukses dari: https://yoexplore.co.id/wisata-sulawesi-tengah/
00:54:19 | INFO    | [1520/2708] Mencari: Museum Daerah Kab Banggai _Bekas Rumah Capitan
00:54:19 | DEBUG   | [L1 Wiki] Error: Expecting value: line 1 column 1 (char 0)
00:54:19 | DEBUG   |       L1 Gagal, mencoba L2 DDGS...
00:54:27 | INFO    |       => Sukses dari: https://www.top-rated.online/cities/Lumpoknyo/place/p/10606117/Museum+Daerah+Kab+Banggai+_Bekas+Rumah+Capitan
00:54:29 | INFO    | [1522/2708] Mencari: Pantai Monano ( Gorontalo Utara )
00:54:29 | DEBUG   | [L1 Wiki] Error: Expecting value: line 1 column 1 (char 0)
00:54:29 | DEBUG   |       L1 Gagal, mencoba L2 DDGS...
00:54:35 | INFO    |       => Sukses dari: https://www.msn.com/id-id/travel/perjalanan-petualangan/menikmati-keindahan-pantai-monano-di-gorontalo-utara-destinasi-wisata-bahari-dengan-pesona-alam-menakjubkan/ar-AA1MytBf
00:54:37 | INFO    | [1523/2708] Mencari: Pantai Batukarapu
00:54:37 | DEBUG   | [L1 Wiki] Error: Expecting value: line 1 column 1 (char 0)
00:54:37 | DEBUG   |       L1 Gagal, mencoba L2 DDGS...
00:54:43 | INFO    |       => Sukses dari: https://www.idntimes.com/travel/destination/5-wisata-pantai-terpopuler-di-selayar-cocok-untuk-tempat-healing-01-432rm-llbz1l
00:54:44 | INFO    | [1524/2708] Mencari: Pango Pango Eco Green Park
00:54:44 | DEBUG   | [L1 Wiki] Error: Expecting value: line 1 column 1 (char 0)
00:54:44 | DEBUG   |       L1 Gagal, mencoba L2 DDGS...
00:54:51 | INFO    |       => Sukses dari: https://www.idntimes.com/travel/destination/9-potret-keindahan-pango-pango-tana-toraja-c1c2-01-3w2gg-57nv3k
00:54:52 | INFO    | [1525/2708] Mencari: Pantai Tasik Oki
00:54:52 | DEBUG   | [L1 Wiki] Error: Expecting value: line 1 column 1 (char 0)
00:54:52 | DEBUG   |       L1 Gagal, mencoba L2 DDGS...
00:54:59 | INFO    |       => Sukses dari: https://ptppsu.com/
00:55:00 | INFO    | [1528/2708] Mencari: Pantai Lito Mohinggito
00:55:00 | DEBUG   | [L1 Wiki] Error: Expecting value: line 1 column 1 (char 0)
00:55:00 | DEBUG   |       L1 Gagal, mencoba L2 DDGS...
00:55:07 | INFO    |       => Sukses dari: https://id.wikipedia.org/wiki/Pulau_Saronde
00:55:08 | INFO    | [1530/2708] Mencari: Pantai Widodo
00:55:08 | DEBUG   | [L1 Wiki] Error: Expecting value: line 1 column 1 (char 0)
00:55:08 | DEBUG   |       L1 Gagal, mencoba L2 DDGS...
00:55:18 | INFO    |       => Sukses dari: https://www.celebes.co/pantai-widodo-bombana
00:55:19 | INFO    | [1532/2708] Mencari: Kolam renang lambe lambe
00:55:19 | DEBUG   | [L1 Wiki] Error: Expecting value: line 1 column 1 (char 0)
00:55:19 | DEBUG   |       L1 Gagal, mencoba L2 DDGS...
00:55:29 | INFO    |       => Sukses dari: https://idalamat.com/alamat/696694/wisata-kolam-renang-lambelambe-majene-sulawesi-barat
00:55:30 | INFO    | [1533/2708] Mencari: Loko' Nippon
00:55:30 | DEBUG   | [L1 Wiki] Error: Expecting value: line 1 column 1 (char 0)
00:55:30 | DEBUG   |       L1 Gagal, mencoba L2 DDGS...
00:55:43 | INFO    |       => Gagal mencari deskripsi.
00:55:44 | INFO    | [1535/2708] Mencari: Wisata Alam Batu Poopi
00:55:44 | DEBUG   | [L1 Wiki] Error: Expecting value: line 1 column 1 (char 0)
00:55:44 | DEBUG   |       L1 Gagal, mencoba L2 DDGS...
00:55:52 | INFO    |       => Sukses dari: https://galeriwisata.wordpress.com/wisata-sulawesi/wisata-sulawesi-tenggara/wisata-kota-bau-bau/
00:55:53 | INFO    | [1536/2708] Mencari: Pantai wasaga
00:55:53 | DEBUG   | [L1 Wiki] Error: Expecting value: line 1 column 1 (char 0)
00:55:53 | DEBUG   |       L1 Gagal, mencoba L2 DDGS...
00:56:00 | INFO    |       => Gagal mencari deskripsi.
00:56:01 | INFO    | [1538/2708] Mencari: Bulu Masomba
00:56:01 | DEBUG   | [L1 Wiki] Error: Expecting value: line 1 column 1 (char 0)
00:56:01 | DEBUG   |       L1 Gagal, mencoba L2 DDGS...
00:56:14 | INFO    |       => Gagal mencari deskripsi.
00:56:16 | INFO    | *** Auto-saving 380 baris diproses...
00:56:16 | INFO    | [1541/2708] Mencari: Bukit Belum Ada Nama
00:56:16 | DEBUG   | [L1 Wiki] Error: Expecting value: line 1 column 1 (char 0)
00:56:16 | DEBUG   |       L1 Gagal, mencoba L2 DDGS...
00:56:20 | INFO    |       => Sukses dari: https://mymagnificentindonesia.wordpress.com/tag/tempat-wisata-di-balebo-masamba-luwu-utara-sulawesi-selatan-toraja/
00:56:22 | INFO    | [1542/2708] Mencari: Air Terjun Tekaan Telu
00:56:22 | DEBUG   | [L1 Wiki] Error: Expecting value: line 1 column 1 (char 0)
00:56:22 | DEBUG   |       L1 Gagal, mencoba L2 DDGS...
00:56:27 | INFO    |       => Sukses dari: https://dispar.tomohon.go.id/air-terjun-tekaan-telu/
00:56:29 | INFO    | [1543/2708] Mencari: Bulu Ballea
00:56:29 | DEBUG   | [L1 Wiki] Error: Expecting value: line 1 column 1 (char 0)
00:56:29 | DEBUG   |       L1 Gagal, mencoba L2 DDGS...
00:56:37 | INFO    |       => Sukses dari: https://persis.or.id/news/read/ma-persis-bulu-ballea-gelar-pembekalan-safari-ramadhan-latih-santri-berdakwah-di-masyarakat
00:56:39 | INFO    | [1544/2708] Mencari: Pantai ku
00:56:39 | DEBUG   | [L1 Wiki] Error: Expecting value: line 1 column 1 (char 0)
00:56:39 | DEBUG   |       L1 Gagal, mencoba L2 DDGS...
00:56:44 | INFO    |       => Sukses dari: https://www.detik.com/sulsel/wisata/d-7976605/pantai-ku-di-parepare-jadi-destinasi-wisata-baru-warga-di-akhir-pekan
00:56:45 | INFO    | [1546/2708] Mencari: Danau Tendetung
00:56:45 | DEBUG   | [L1 Wiki] Error: Expecting value: line 1 column 1 (char 0)
00:56:45 | DEBUG   |       L1 Gagal, mencoba L2 DDGS...
00:56:52 | INFO    |       => Sukses dari: https://id.wikipedia.org/wiki/Danau_Tendetung
00:56:53 | INFO    | [1549/2708] Mencari: Bulu Sorongan
00:56:53 | DEBUG   | [L1 Wiki] Error: Expecting value: line 1 column 1 (char 0)
00:56:53 | DEBUG   |       L1 Gagal, mencoba L2 DDGS...
00:57:02 | INFO    |       => Sukses dari: https://blog.pigijo.com/yuk-mampir-13-wisata-di-jalur-kereta-api-sulawesi/
00:57:03 | INFO    | [1550/2708] Mencari: Lembah Piokang
00:57:03 | DEBUG   | [L1 Wiki] Error: Expecting value: line 1 column 1 (char 0)
00:57:03 | DEBUG   |       L1 Gagal, mencoba L2 DDGS...
00:57:11 | DEBUG   | [L2 BS4] Gagal ekstraksi url https://jadesta.kemenparekraf.go.id/desa/taraweang -> HTTPSConnectionPool(host='jadesta.kemenparekraf.go.id', port=443): Max retries exceeded with url: /desa/taraweang (Caused by NameResolutionError("HTTPSConnection(host='jadesta.kemenparekraf.go.id', port=443): Failed to resolve 'jadesta.kemenparekraf.go.id' ([Errno 11002] getaddrinfo failed)"))
00:57:12 | INFO    |       => Gagal mencari deskripsi.
00:57:13 | INFO    | [1552/2708] Mencari: GMIM Bukit Kalvari Aer Ujang
00:57:13 | DEBUG   | [L1 Wiki] Error: Expecting value: line 1 column 1 (char 0)
00:57:13 | DEBUG   |       L1 Gagal, mencoba L2 DDGS...
00:57:21 | INFO    |       => Sukses dari: https://bitungnews.id/2025/01/15/dukung-pengembangan-pariwisata-kota-bitung-denny-liemitang-kunjungi-spot-aer-ujang/
00:57:22 | INFO    | [1554/2708] Mencari: Batu Tikar Luwuk Kab. Banggai
00:57:22 | DEBUG   | [L1 Wiki] Error: Expecting value: line 1 column 1 (char 0)
00:57:22 | DEBUG   |       L1 Gagal, mencoba L2 DDGS...
00:57:27 | INFO    |       => Sukses dari: https://www.idntimes.com/travel/destination/info-wisata-air-terjun-batu-tikar-c1c2-01-5ltmv-62y7p6
00:57:28 | INFO    | [1555/2708] Mencari: PUNCAK OGOMOLI
00:57:28 | DEBUG   | [L1 Wiki] Error: Expecting value: line 1 column 1 (char 0)
00:57:28 | DEBUG   |       L1 Gagal, mencoba L2 DDGS...
00:57:33 | INFO    |       => Sukses dari: https://id.wikipedia.org/wiki/Kabupaten_Tolitoli
00:57:35 | INFO    | [1556/2708] Mencari: Air Terjun Andawe
00:57:35 | DEBUG   | [L1 Wiki] Error: Expecting value: line 1 column 1 (char 0)
00:57:35 | DEBUG   |       L1 Gagal, mencoba L2 DDGS...
00:57:39 | INFO    |       => Sukses dari: https://konawe.info/wisata/wisata-alam/air-terjun-andawe-konawe/
00:57:40 | INFO    | [1559/2708] Mencari: Pantai Harapan Indah Ammani
00:57:40 | DEBUG   | [L1 Wiki] Error: Expecting value: line 1 column 1 (char 0)
00:57:40 | DEBUG   |       L1 Gagal, mencoba L2 DDGS...
00:57:45 | INFO    |       => Sukses dari: https://www.detik.com/sulsel/wisata/d-6515451/pesona-pantai-ammani-pinrang-paduan-keindahan-tepian-laut-dan-persawahan
00:57:47 | INFO    | [1562/2708] Mencari: Air Terjun Sendowan
00:57:47 | DEBUG   | [L1 Wiki] Error: Expecting value: line 1 column 1 (char 0)
00:57:47 | DEBUG   |       L1 Gagal, mencoba L2 DDGS...
00:57:56 | INFO    |       => Sukses dari: https://atasawantour.id/daya-tarik-yang-dimiliki-air-terjun-sendowan/
00:57:58 | INFO    | [1563/2708] Mencari: Bulud Init
00:57:58 | DEBUG   | [L1 Wiki] Error: Expecting value: line 1 column 1 (char 0)
00:57:58 | DEBUG   |       L1 Gagal, mencoba L2 DDGS...
00:58:02 | INFO    |       => Sukses dari: https://id.wikipedia.org/wiki/Kabupaten_Bolaang_Mongondow_Selatan
00:58:03 | INFO    | [1564/2708] Mencari: Bila Tungke, Jalur viral Soppeng
00:58:03 | DEBUG   | [L1 Wiki] Error: Expecting value: line 1 column 1 (char 0)
00:58:03 | DEBUG   |       L1 Gagal, mencoba L2 DDGS...
00:58:09 | INFO    |       => Sukses dari: https://www.sulselinfo.com/kapolres-soppeng-pimpin-safari-subuh-di-masjid-al-ikhlas-bila-tungke-e
00:58:11 | INFO    | [1566/2708] Mencari: Air Terjun Kanari
00:58:11 | DEBUG   | [L1 Wiki] Error: Expecting value: line 1 column 1 (char 0)
00:58:11 | DEBUG   |       L1 Gagal, mencoba L2 DDGS...
00:58:21 | INFO    |       => Gagal mencari deskripsi.
00:58:23 | INFO    | [1568/2708] Mencari: Bukit Ja'bonga
00:58:23 | DEBUG   | [L1 Wiki] Error: Expecting value: line 1 column 1 (char 0)
00:58:23 | DEBUG   |       L1 Gagal, mencoba L2 DDGS...
00:58:33 | INFO    |       => Gagal mencari deskripsi.
00:58:35 | INFO    | [1569/2708] Mencari: Pantai andewa
00:58:35 | DEBUG   | [L1 Wiki] Error: Expecting value: line 1 column 1 (char 0)
00:58:35 | DEBUG   |       L1 Gagal, mencoba L2 DDGS...
00:58:42 | INFO    |       => Gagal mencari deskripsi.
00:58:43 | INFO    | [1570/2708] Mencari: Bone Pololoba Lopito
00:58:43 | DEBUG   | [L1 Wiki] Error: Expecting value: line 1 column 1 (char 0)
00:58:43 | DEBUG   |       L1 Gagal, mencoba L2 DDGS...
00:58:48 | DEBUG   | [L2 BS4] Gagal ekstraksi url https://jadesta.kemenparekraf.go.id/desa/bone_pololoba -> HTTPSConnectionPool(host='jadesta.kemenparekraf.go.id', port=443): Max retries exceeded with url: /desa/bone_pololoba (Caused by NameResolutionError("HTTPSConnection(host='jadesta.kemenparekraf.go.id', port=443): Failed to resolve 'jadesta.kemenparekraf.go.id' ([Errno 11002] getaddrinfo failed)"))
00:58:49 | INFO    |       => Sukses dari: https://travel.kompas.com/read/2023/06/07/080136427/5-wisata-di-banggai-kepulauan-yang-populer-ada-danau-sebening-kaca?page=all
00:58:51 | INFO    | [1572/2708] Mencari: Pantai Bahari Pakue
00:58:51 | DEBUG   | [L1 Wiki] Error: Expecting value: line 1 column 1 (char 0)
00:58:51 | DEBUG   |       L1 Gagal, mencoba L2 DDGS...
00:59:02 | DEBUG   | [L2 BS4] Gagal ekstraksi url https://sisparnas.kemenpar.go.id/p/45114 -> HTTPSConnectionPool(host='sisparnas.kemenpar.go.id', port=443): Max retries exceeded with url: /p/45114 (Caused by ConnectTimeoutError(<HTTPSConnection(host='sisparnas.kemenpar.go.id', port=443) at 0x1d074300e10>, 'Connection to sisparnas.kemenpar.go.id timed out. (connect timeout=8)'))
00:59:03 | INFO    |       => Sukses dari: https://sultra.antaranews.com/berita/452658/ayo-berwisata-di-kolaka-sulawesi-tenggara
00:59:05 | INFO    | *** Auto-saving 400 baris diproses...
00:59:05 | INFO    | [1575/2708] Mencari: Afand Place
00:59:05 | DEBUG   | [L1 Wiki] Error: Expecting value: line 1 column 1 (char 0)
00:59:05 | DEBUG   |       L1 Gagal, mencoba L2 DDGS...
00:59:13 | INFO    |       => Sukses dari: https://wartasulteng.com/baca/wisata-camping-plus-fasilitas-lengkap-afand-place-jadi-magnet-baru-dekat-palu/
00:59:14 | INFO    | [1576/2708] Mencari: Buyu Katapasa
00:59:14 | DEBUG   | [L1 Wiki] Error: Expecting value: line 1 column 1 (char 0)
00:59:14 | DEBUG   |       L1 Gagal, mencoba L2 DDGS...
00:59:24 | INFO    |       => Gagal mencari deskripsi.
00:59:26 | INFO    | [1579/2708] Mencari: Air Terjun Pattumba
00:59:26 | DEBUG   | [L1 Wiki] Error: Expecting value: line 1 column 1 (char 0)
00:59:26 | DEBUG   |       L1 Gagal, mencoba L2 DDGS...
00:59:34 | INFO    |       => Sukses dari: https://jurnal.umsrappang.ac.id/mallomo/article/download/887/823/
00:59:36 | INFO    | [1580/2708] Mencari: autarkeia
00:59:36 | DEBUG   | [L1 Wiki] Error: Expecting value: line 1 column 1 (char 0)
00:59:36 | DEBUG   |       L1 Gagal, mencoba L2 DDGS...
00:59:45 | INFO    |       => Gagal mencari deskripsi.
00:59:46 | INFO    | [1583/2708] Mencari: Pantai Sesiwung
00:59:47 | DEBUG   | [L1 Wiki] Error: Expecting value: line 1 column 1 (char 0)
00:59:47 | DEBUG   |       L1 Gagal, mencoba L2 DDGS...
00:59:57 | INFO    |       => Gagal mencari deskripsi.
00:59:58 | INFO    | [1584/2708] Mencari: Eduwisata Aqualife UNHAS
00:59:58 | DEBUG   | [L1 Wiki] Error: Expecting value: line 1 column 1 (char 0)
00:59:58 | DEBUG   |       L1 Gagal, mencoba L2 DDGS...
01:00:05 | INFO    |       => Sukses dari: https://pelakita.id/2021/07/01/keluarga-smansa-89-makassar-nikmati-pesona-eduwisata-aqualife-unhas-di-bojo-barru/
01:00:06 | INFO    | [1586/2708] Mencari: Sungai Galaggara Pangkep
01:00:06 | DEBUG   | [L1 Wiki] Error: Expecting value: line 1 column 1 (char 0)
01:00:06 | DEBUG   |       L1 Gagal, mencoba L2 DDGS...
01:00:15 | DEBUG   | [L2 BS4] Gagal ekstraksi url https://jadesta.kemenparekraf.go.id/desa/tompo_bulu_1 -> HTTPSConnectionPool(host='jadesta.kemenparekraf.go.id', port=443): Max retries exceeded with url: /desa/tompo_bulu_1 (Caused by NameResolutionError("HTTPSConnection(host='jadesta.kemenparekraf.go.id', port=443): Failed to resolve 'jadesta.kemenparekraf.go.id' ([Errno 11002] getaddrinfo failed)"))
01:00:16 | INFO    |       => Gagal mencari deskripsi.
01:00:18 | INFO    | [1587/2708] Mencari: Embung Marilaleng
01:00:18 | DEBUG   | [L1 Wiki] Error: Expecting value: line 1 column 1 (char 0)
01:00:18 | DEBUG   |       L1 Gagal, mencoba L2 DDGS...
01:00:28 | INFO    |       => Sukses dari: https://sulselekspres.com/pemkot-parepare-dan-pam-tirta-karajae-gerak-cepat-optimalkan-pemanfaatan-embung-marilaleng-dukung-program-prioritas-wali-kota-wawali-terpilih/
01:00:30 | INFO    | [1589/2708] Mencari: Agrowisata Bonto Lojong,Ujung Bulu
01:00:30 | DEBUG   | [L1 Wiki] Error: Expecting value: line 1 column 1 (char 0)
01:00:30 | DEBUG   |       L1 Gagal, mencoba L2 DDGS...
01:00:35 | INFO    |       => Sukses dari: https://spionase-news.com/berada-di-atas-awan-bonto-lojong-jeneponto-siap-jadi-agrowisata-favorite-warga-sulawesi-selatan/
01:00:37 | INFO    | [1590/2708] Mencari: Pantai Ujung Bantaeng
01:00:37 | DEBUG   | [L1 Wiki] Error: Expecting value: line 1 column 1 (char 0)
01:00:37 | DEBUG   |       L1 Gagal, mencoba L2 DDGS...
01:00:45 | INFO    |       => Sukses dari: https://news.detik.com/berita/d-3288686/melihat-pantai-seruni-bantaeng-kawasan-reklamasi-yang-jadi-favorit-wisata
01:00:46 | INFO    | [1591/2708] Mencari: Pantai Beau Sauk
01:00:46 | DEBUG   | [L1 Wiki] Error: Expecting value: line 1 column 1 (char 0)
01:00:46 | DEBUG   |       L1 Gagal, mencoba L2 DDGS...
01:01:08 | INFO    |       => Gagal mencari deskripsi.
01:01:09 | INFO    | [1592/2708] Mencari: Paneki Tepi Teduh
01:01:09 | DEBUG   | [L1 Wiki] Error: Expecting value: line 1 column 1 (char 0)
01:01:09 | DEBUG   |       L1 Gagal, mencoba L2 DDGS...
01:01:18 | INFO    |       => Sukses dari: https://www.in-indonesia.com/travel/79810338427/sungai-paneki-8-km-dari-kota-palu-wisata-sungai-jernih-ini-murah-meriah-lokasinya-di-kabupaten-ini
01:01:19 | INFO    | [1593/2708] Mencari: Pantai Wisata Pompon, Banggai Laut
01:01:19 | DEBUG   | [L1 Wiki] Error: Expecting value: line 1 column 1 (char 0)
01:01:19 | DEBUG   |       L1 Gagal, mencoba L2 DDGS...
01:01:27 | INFO    |       => Sukses dari: https://www.thatch.co/places/348247/pantai-wisata-pompon-banggai-laut
01:01:29 | INFO    | [1594/2708] Mencari: Moli'i Sahatu beach
01:01:29 | DEBUG   | [L1 Wiki] Error: Expecting value: line 1 column 1 (char 0)
01:01:29 | DEBUG   |       L1 Gagal, mencoba L2 DDGS...
01:01:34 | INFO    |       => Sukses dari: https://travel.detik.com/domestic-destination/d-3266761/wah-ada-pantai-dengan-seratusan-mata-air-tawar-di-wakatobi
01:01:36 | INFO    | [1596/2708] Mencari: KAPA Kawasan Agrowisata Pondok Amelia
01:01:36 | DEBUG   | [L1 Wiki] Error: Expecting value: line 1 column 1 (char 0)
01:01:36 | DEBUG   |       L1 Gagal, mencoba L2 DDGS...
01:01:42 | INFO    |       => Sukses dari: https://idalamat.com/alamat/693113/hotel-agro-wisata-palopo-palopo-sulawesi-selatan
01:01:44 | INFO    | [1597/2708] Mencari: Air Terjun Tetewatu
01:01:44 | DEBUG   | [L1 Wiki] Error: Expecting value: line 1 column 1 (char 0)
01:01:44 | DEBUG   |       L1 Gagal, mencoba L2 DDGS...
01:01:48 | INFO    |       => Sukses dari: https://buklla.blogspot.com/2019/01/air-terjun-tetewatu-wiwirano-konawe.html
01:01:49 | INFO    | [1598/2708] Mencari: Wisata Alam Lembah Tottong
01:01:49 | DEBUG   | [L1 Wiki] Error: Expecting value: line 1 column 1 (char 0)
01:01:49 | DEBUG   |       L1 Gagal, mencoba L2 DDGS...
01:01:58 | INFO    |       => Sukses dari: https://travel.detik.com/domestic-destination/d-5835898/indah-nian-bukit-anugerah-di-polewali-mandar-instagramable-banget
01:02:00 | INFO    | [1601/2708] Mencari: Pantai Tebeabul Bakalan
01:02:00 | DEBUG   | [L1 Wiki] Error: Expecting value: line 1 column 1 (char 0)
01:02:00 | DEBUG   |       L1 Gagal, mencoba L2 DDGS...
01:02:07 | INFO    |       => Sukses dari: https://www.cedhak.com/sulawesi/172/permandian-air-tawar-desa-kautu/
01:02:08 | INFO    | [1603/2708] Mencari: Bukit Kanari Dan Bukit MattiroWalie
01:02:08 | DEBUG   | [L1 Wiki] Error: Expecting value: line 1 column 1 (char 0)
01:02:08 | DEBUG   |       L1 Gagal, mencoba L2 DDGS...
01:02:16 | DEBUG   | [L2 BS4] Gagal ekstraksi url https://jadesta.kemenparekraf.go.id/desa/bukit_kanari_dan_bulu_maddinra -> HTTPSConnectionPool(host='jadesta.kemenparekraf.go.id', port=443): Max retries exceeded with url: /desa/bukit_kanari_dan_bulu_maddinra (Caused by NameResolutionError("HTTPSConnection(host='jadesta.kemenparekraf.go.id', port=443): Failed to resolve 'jadesta.kemenparekraf.go.id' ([Errno 11002] getaddrinfo failed)"))
01:02:18 | INFO    |       => Gagal mencari deskripsi.
01:02:20 | INFO    | [1604/2708] Mencari: Museum Daerah Maros
01:02:20 | DEBUG   | [L1 Wiki] Error: Expecting value: line 1 column 1 (char 0)
01:02:20 | DEBUG   |       L1 Gagal, mencoba L2 DDGS...
01:02:29 | DEBUG   | [L2 DDGS] Error: ConnectError: ConnectError('error sending request for url (https://html.duckduckgo.com/html/)', 'https://html.duckduckgo.com/html/')
01:02:29 | INFO    |       => Gagal mencari deskripsi.
01:02:31 | INFO    | *** Auto-saving 420 baris diproses...
01:02:31 | INFO    | [1606/2708] Mencari: Pantai Tanjung
01:02:31 | DEBUG   | [L1 Wiki] Error: Expecting value: line 1 column 1 (char 0)
01:02:31 | DEBUG   |       L1 Gagal, mencoba L2 DDGS...
01:02:39 | INFO    |       => Sukses dari: https://travel.tribunnews.com/2025/09/25/pantai-tanjung-bira-di-bulukumba-sulawesi-selatan-panduan-rute-tiket-masuk-fasilitas
01:02:40 | INFO    | [1610/2708] Mencari: Pantai Pasir Putih Uebutung
01:02:40 | DEBUG   | [L1 Wiki] Error: Expecting value: line 1 column 1 (char 0)
01:02:40 | DEBUG   |       L1 Gagal, mencoba L2 DDGS...
01:02:48 | INFO    |       => Sukses dari: https://www.rifaihadi.com/tempat-wisata-di-tojo-una-una/
01:02:49 | INFO    | [1611/2708] Mencari: Wae pella'e
01:02:49 | DEBUG   | [L1 Wiki] Error: Expecting value: line 1 column 1 (char 0)
01:02:49 | DEBUG   |       L1 Gagal, mencoba L2 DDGS...
01:02:59 | INFO    |       => Gagal mencari deskripsi.
01:03:01 | INFO    | [1612/2708] Mencari: Hidden Valley
01:03:01 | DEBUG   | [L1 Wiki] Error: Expecting value: line 1 column 1 (char 0)
01:03:01 | DEBUG   |       L1 Gagal, mencoba L2 DDGS...
01:03:08 | INFO    |       => Sukses dari: https://www.cedhak.com/wilayah/kabupaten-bolaang-mongondow-timur/
01:03:10 | INFO    | [1614/2708] Mencari: Pantai moian
01:03:10 | DEBUG   | [L1 Wiki] Error: Expecting value: line 1 column 1 (char 0)
01:03:10 | DEBUG   |       L1 Gagal, mencoba L2 DDGS...
01:03:19 | INFO    |       => Sukses dari: https://smpit-alirsyadbogor.com/menemukan-pantai-moian-surga-pasir-putih-di-parigi-moutong/
01:03:20 | INFO    | [1619/2708] Mencari: Air Terjun Pandawa
01:03:20 | DEBUG   | [L1 Wiki] Error: Expecting value: line 1 column 1 (char 0)
01:03:20 | DEBUG   |       L1 Gagal, mencoba L2 DDGS...
01:03:31 | INFO    |       => Sukses dari: https://satuklikmedia.com/2025/08/09/pesona-tersembunyi-di-kaki-gunung-bawakaraeng-air-terjun-pandawa-destinasi-baru-untuk-liburan-akhir-pekan-di-gowa/
01:03:33 | INFO    | [1622/2708] Mencari: Mt. Soputan
01:03:33 | DEBUG   | [L1 Wiki] Error: Expecting value: line 1 column 1 (char 0)
01:03:33 | DEBUG   |       L1 Gagal, mencoba L2 DDGS...
01:03:43 | INFO    |       => Sukses dari: https://m.kaskus.co.id/thread/5bb58cb25a5163eb468b4571/tak-hanya-gunung-soputan-ini-dia-8-objek-wisata-cantik-di--minahasa
01:03:44 | INFO    | [1623/2708] Mencari: Bukit Savana desa lenyek
01:03:44 | DEBUG   | [L1 Wiki] Error: Expecting value: line 1 column 1 (char 0)
01:03:44 | DEBUG   |       L1 Gagal, mencoba L2 DDGS...
01:03:54 | INFO    |       => Sukses dari: https://sultengtimes.id/luwuk/menteri-desa-kagum-buah-naga-lenyek-ajak-kemendagri-cicipi-langsung-di-luwuk/
01:03:55 | INFO    | [1624/2708] Mencari: WISATAKAUDUMA
01:03:55 | DEBUG   | [L1 Wiki] Error: Expecting value: line 1 column 1 (char 0)
01:03:55 | DEBUG   |       L1 Gagal, mencoba L2 DDGS...
01:04:04 | INFO    |       => Gagal mencari deskripsi.
01:04:06 | INFO    | [1625/2708] Mencari: BUKIT ANUGERAH BULO
01:04:06 | DEBUG   | [L1 Wiki] Error: Expecting value: line 1 column 1 (char 0)
01:04:06 | DEBUG   |       L1 Gagal, mencoba L2 DDGS...
01:04:12 | INFO    |       => Sukses dari: https://travel.detik.com/domestic-destination/d-5835898/indah-nian-bukit-anugerah-di-polewali-mandar-instagramable-banget
01:04:13 | INFO    | [1627/2708] Mencari: Pantai Ujung Kupang
01:04:13 | DEBUG   | [L1 Wiki] Error: Expecting value: line 1 column 1 (char 0)
01:04:13 | DEBUG   |       L1 Gagal, mencoba L2 DDGS...
01:04:20 | INFO    |       => Sukses dari: https://wisatasulawesi.wordpress.com/wisata-sulawesi-selatan/wisata-kabupaten-sinjai/
01:04:21 | INFO    | [1628/2708] Mencari: Objek wisata Buntu Sarira
01:04:21 | DEBUG   | [L1 Wiki] Error: Expecting value: line 1 column 1 (char 0)
01:04:21 | DEBUG   |       L1 Gagal, mencoba L2 DDGS...
01:04:26 | DEBUG   | [L2 BS4] Gagal ekstraksi url https://www.direktori-wisata.com/buntu-sarira-wisata-alam-eksotis-di-tana-toraja-yang-berjuluk-negeri-di-atas-awan/ -> HTTPSConnectionPool(host='www.direktori-wisata.com', port=443): Max retries exceeded with url: /buntu-sarira-wisata-alam-eksotis-di-tana-toraja-yang-berjuluk-negeri-di-atas-awan/ (Caused by NameResolutionError("HTTPSConnection(host='www.direktori-wisata.com', port=443): Failed to resolve 'www.direktori-wisata.com' ([Errno 11001] getaddrinfo failed)"))
01:04:27 | INFO    |       => Sukses dari: https://travel.tribunnews.com/2025/06/10/buntu-sarira-di-makale-utara-tana-toraja-wisata-bukit-estetik-di-sulawesi-selatan
01:04:29 | INFO    | [1630/2708] Mencari: Kuntung Prof Kawung (Koreng) Minahasa Selatan
01:04:29 | DEBUG   | [L1 Wiki] Error: Expecting value: line 1 column 1 (char 0)
01:04:29 | DEBUG   |       L1 Gagal, mencoba L2 DDGS...
01:04:33 | INFO    |       => Sukses dari: https://id.wikipedia.org/wiki/Tareran,_Minahasa_Selatan
01:04:35 | INFO    | [1631/2708] Mencari: Pantai kapehetang
01:04:35 | DEBUG   | [L1 Wiki] Error: Expecting value: line 1 column 1 (char 0)
01:04:35 | DEBUG   |       L1 Gagal, mencoba L2 DDGS...
01:04:45 | INFO    |       => Gagal mencari deskripsi.
01:04:46 | INFO    | [1634/2708] Mencari: Pantai Sulaa
01:04:46 | DEBUG   | [L1 Wiki] Error: Expecting value: line 1 column 1 (char 0)
01:04:46 | DEBUG   |       L1 Gagal, mencoba L2 DDGS...
01:04:50 | INFO    |       => Sukses dari: https://id.wikipedia.org/wiki/Sulaa,_Betoambari,_Baubau
01:04:52 | INFO    | [1635/2708] Mencari: Gerbang Desa Wisata Tangkeno
01:04:52 | DEBUG   | [L1 Wiki] Error: Expecting value: line 1 column 1 (char 0)
01:04:52 | DEBUG   |       L1 Gagal, mencoba L2 DDGS...
01:05:00 | INFO    |       => Sukses dari: https://travel.kompas.com/read/2016/04/15/150900427/Desa.Wisata.Tangkeno.Andalan.Bombana.Menarik.Pelancong
01:05:02 | INFO    | [1636/2708] Mencari: Geopark Maros Pangkep
01:05:02 | DEBUG   | [L1 Wiki] Error: Expecting value: line 1 column 1 (char 0)
01:05:02 | DEBUG   |       L1 Gagal, mencoba L2 DDGS...
01:05:08 | INFO    |       => Sukses dari: https://id.wikipedia.org/wiki/Taman_Bumi_Global_UNESCO_Maros-Pangkep
01:05:10 | INFO    | [1637/2708] Mencari: WAWONTULAP BEACH RESORT (WBR)
01:05:10 | DEBUG   | [L1 Wiki] Error: Expecting value: line 1 column 1 (char 0)
01:05:10 | DEBUG   |       L1 Gagal, mencoba L2 DDGS...
01:05:13 | INFO    |       => Sukses dari: https://id.wikipedia.org/wiki/Wawontulap,_Tatapaan,_Minahasa_Selatan
01:05:15 | INFO    | [1638/2708] Mencari: Air Terjun Maima
01:05:15 | DEBUG   | [L1 Wiki] Error: Expecting value: line 1 column 1 (char 0)
01:05:15 | DEBUG   |       L1 Gagal, mencoba L2 DDGS...
01:05:25 | DEBUG   | [L2 BS4] Gagal ekstraksi url https://jadesta.kemenparekraf.go.id/desa/air_terjun_panas_lawua -> HTTPSConnectionPool(host='jadesta.kemenparekraf.go.id', port=443): Max retries exceeded with url: /desa/air_terjun_panas_lawua (Caused by NameResolutionError("HTTPSConnection(host='jadesta.kemenparekraf.go.id', port=443): Failed to resolve 'jadesta.kemenparekraf.go.id' ([Errno 11002] getaddrinfo failed)"))
01:05:27 | INFO    |       => Sukses dari: https://www.in-indonesia.com/travel/7989969463/70-km-dari-palu-ada-objek-wisata-air-terjun-panas-bikin-penasaran-wisatawan-pada-di-daerah-dingin
01:05:29 | INFO    | [Resume] Baris [1639/2708] terlewati (sudah ada data).
01:05:29 | INFO    | [1641/2708] Mencari: WISATA BUKIT WAKOEA
01:05:29 | DEBUG   | [L1 Wiki] Error: Expecting value: line 1 column 1 (char 0)
01:05:29 | DEBUG   |       L1 Gagal, mencoba L2 DDGS...
01:05:36 | INFO    |       => Sukses dari: https://www.detik.com/sulsel/berita/d-6196874/5-rekomendasi-tempat-wisata-tana-toraja-yang-unik-dan-menarik
01:05:37 | INFO    | *** Auto-saving 440 baris diproses...
01:05:37 | INFO    | [1642/2708] Mencari: Pantai Kampa
01:05:37 | DEBUG   | [L1 Wiki] Error: Expecting value: line 1 column 1 (char 0)
01:05:37 | DEBUG   |       L1 Gagal, mencoba L2 DDGS...
01:05:47 | DEBUG   | [L2 BS4] Gagal ekstraksi url https://jadesta.kemenparekraf.go.id/desa/wawobili_pantai_kampa -> HTTPSConnectionPool(host='jadesta.kemenparekraf.go.id', port=443): Max retries exceeded with url: /desa/wawobili_pantai_kampa (Caused by NameResolutionError("HTTPSConnection(host='jadesta.kemenparekraf.go.id', port=443): Failed to resolve 'jadesta.kemenparekraf.go.id' ([Errno 11002] getaddrinfo failed)"))
01:05:49 | INFO    |       => Sukses dari: https://www.geokepo.id/id/lokasi/konawe-kepulauan/pantai-kampa
01:05:50 | INFO    | [1643/2708] Mencari: Diva Bahari
01:05:50 | DEBUG   | [L1 Wiki] Error: Expecting value: line 1 column 1 (char 0)
01:05:50 | DEBUG   |       L1 Gagal, mencoba L2 DDGS...
01:05:57 | INFO    |       => Sukses dari: https://id.theasianparent.com/wisata-konawe
01:05:58 | INFO    | [1644/2708] Mencari: Pantai Ujung Batuatas
01:05:58 | DEBUG   | [L1 Wiki] Error: Expecting value: line 1 column 1 (char 0)
01:05:58 | DEBUG   |       L1 Gagal, mencoba L2 DDGS...
01:06:05 | INFO    |       => Sukses dari: https://www.kompasiana.com/la03925/5ea5bd7a097f36384c68b522/menakar-potensi-hendea-sebagai-kapung-wisata-alam-di-buton-selatan
01:06:06 | INFO    | [1646/2708] Mencari: Bukit WALEPOSAN, Lembean
01:06:06 | DEBUG   | [L1 Wiki] Error: Expecting value: line 1 column 1 (char 0)
01:06:06 | DEBUG   |       L1 Gagal, mencoba L2 DDGS...
01:06:13 | INFO    |       => Sukses dari: https://id.wikipedia.org/wiki/Lembean,_Kauditan,_Minahasa_Utara
01:06:14 | INFO    | [1647/2708] Mencari: D'MOANGA RESORT
01:06:14 | DEBUG   | [L1 Wiki] Error: Expecting value: line 1 column 1 (char 0)
01:06:14 | DEBUG   |       L1 Gagal, mencoba L2 DDGS...
01:06:20 | INFO    |       => Sukses dari: https://www.buolonline.com/wisata-kuliner/1771157603/10-tujuan-wisata-libur-lebaran-ala-orang-buol-yang-wajib-kamu-kunjungi-weekend-ini
01:06:22 | INFO    | [1648/2708] Mencari: Air Terjun Tondopi, Tongkoseng
01:06:22 | DEBUG   | [L1 Wiki] Error: Expecting value: line 1 column 1 (char 0)
01:06:22 | DEBUG   |       L1 Gagal, mencoba L2 DDGS...
01:06:29 | INFO    |       => Sukses dari: https://www.harapansultra.com/menikmati-keindahan-air-terjun-tondopi-di-desa-tongkoseng-bombana/
01:06:31 | INFO    | [1650/2708] Mencari: Air terjun Sararudi
01:06:31 | DEBUG   | [L1 Wiki] Error: Expecting value: line 1 column 1 (char 0)
01:06:31 | DEBUG   |       L1 Gagal, mencoba L2 DDGS...
01:06:39 | INFO    |       => Gagal mencari deskripsi.
01:06:41 | INFO    | [1651/2708] Mencari: Air terjun pelangi desa tinuna
01:06:41 | DEBUG   | [L1 Wiki] Error: Expecting value: line 1 column 1 (char 0)
01:06:41 | DEBUG   |       L1 Gagal, mencoba L2 DDGS...
01:06:50 | DEBUG   | [L2 BS4] Gagal ekstraksi url https://jadesta.kemenparekraf.go.id/desa/tinuna -> HTTPSConnectionPool(host='jadesta.kemenparekraf.go.id', port=443): Max retries exceeded with url: /desa/tinuna (Caused by NameResolutionError("HTTPSConnection(host='jadesta.kemenparekraf.go.id', port=443): Failed to resolve 'jadesta.kemenparekraf.go.id' ([Errno 11002] getaddrinfo failed)"))
01:06:52 | INFO    |       => Sukses dari: https://siaranpublik.com/pesona-air-terjun-pelangi-di-kolaka-utara-harmoni-alam-menawan-mata/
01:06:53 | INFO    | [1654/2708] Mencari: Pemandian Kumaligon
01:06:53 | DEBUG   | [L1 Wiki] Error: Expecting value: line 1 column 1 (char 0)
01:06:53 | DEBUG   |       L1 Gagal, mencoba L2 DDGS...
01:06:59 | INFO    |       => Sukses dari: https://palu.tribunnews.com/sulteng/183876/bangkitkan-pariwisata-pemkab-buol-serahkan-pengelolaan-wisata-kumaligon-ke-masyarakat
01:07:00 | INFO    | [1655/2708] Mencari: Huidu Matabulawa
01:07:00 | DEBUG   | [L1 Wiki] Error: Expecting value: line 1 column 1 (char 0)
01:07:00 | DEBUG   |       L1 Gagal, mencoba L2 DDGS...
01:07:04 | INFO    |       => Sukses dari: https://id.wikipedia.org/wiki/Kabupaten_Bolaang_Mongondow_Selatan
01:07:06 | INFO    | [1657/2708] Mencari: Puncak Nondooto
01:07:06 | DEBUG   | [L1 Wiki] Error: Expecting value: line 1 column 1 (char 0)
01:07:06 | DEBUG   |       L1 Gagal, mencoba L2 DDGS...
01:07:15 | INFO    |       => Sukses dari: https://www.geokepo.id/id/lokasi/konawe-utara/pantai-taipa
01:07:17 | INFO    | [1658/2708] Mencari: STABILO CONSULTAINMENT
01:07:17 | DEBUG   | [L1 Wiki] Error: Expecting value: line 1 column 1 (char 0)
01:07:17 | DEBUG   |       L1 Gagal, mencoba L2 DDGS...
01:07:23 | DEBUG   | [L2 DDGS] Error: ConnectError: ConnectError('error sending request for url (https://html.duckduckgo.com/html/)', 'https://html.duckduckgo.com/html/')
01:07:23 | INFO    |       => Gagal mencari deskripsi.
01:07:24 | INFO    | [1660/2708] Mencari: Masolo Perbatasan
01:07:24 | DEBUG   | [L1 Wiki] Error: Expecting value: line 1 column 1 (char 0)
01:07:24 | DEBUG   |       L1 Gagal, mencoba L2 DDGS...
01:07:30 | INFO    |       => Sukses dari: https://galeriwisata.wordpress.com/wisata-sulawesi/wisata-sulawesi-selatan/tempat-tempat-wisata-di-kabupaten-pinrang/
01:07:31 | INFO    | [1663/2708] Mencari: Air Terjun Bondula
01:07:31 | DEBUG   | [L1 Wiki] Error: Expecting value: line 1 column 1 (char 0)
01:07:31 | DEBUG   |       L1 Gagal, mencoba L2 DDGS...
01:07:40 | INFO    |       => Sukses dari: https://hestek.co.id/2025/10/12/menepi-sejenak-di-air-terjun-bondula-pesona-alam-yang-masih-asri/
01:07:42 | INFO    | [1665/2708] Mencari: Hesan Lowita
01:07:42 | DEBUG   | [L1 Wiki] Error: Expecting value: line 1 column 1 (char 0)
01:07:42 | DEBUG   |       L1 Gagal, mencoba L2 DDGS...
01:07:48 | INFO    |       => Sukses dari: https://www.detik.com/sulsel/wisata/d-6896501/25-rekomendasi-objek-wisata-di-kabupaten-pinrang-untuk-liburan
01:07:50 | INFO    | [1667/2708] Mencari: DESA DEAGA
01:07:50 | DEBUG   | [L1 Wiki] Error: Expecting value: line 1 column 1 (char 0)
01:07:50 | DEBUG   |       L1 Gagal, mencoba L2 DDGS...
01:07:59 | INFO    |       => Sukses dari: https://a-times.id/deaga-bay-resort-destinasi-wisata-pantai-di-ujung-selatan/
01:08:00 | INFO    | [1668/2708] Mencari: Pulau Kawaluso
01:08:00 | DEBUG   | [L1 Wiki] Error: Expecting value: line 1 column 1 (char 0)
01:08:00 | DEBUG   |       L1 Gagal, mencoba L2 DDGS...
01:08:06 | INFO    |       => Sukses dari: https://id.wikipedia.org/wiki/Pulau_Kawalusu
01:08:08 | INFO    | [1669/2708] Mencari: Bukit Countri
01:08:08 | DEBUG   | [L1 Wiki] Error: Expecting value: line 1 column 1 (char 0)
01:08:08 | DEBUG   |       L1 Gagal, mencoba L2 DDGS...
01:08:16 | INFO    |       => Gagal mencari deskripsi.
01:08:18 | INFO    | [1671/2708] Mencari: Puncak ghonsume
01:08:18 | DEBUG   | [L1 Wiki] Error: Expecting value: line 1 column 1 (char 0)
01:08:18 | DEBUG   |       L1 Gagal, mencoba L2 DDGS...
01:08:23 | INFO    |       => Sukses dari: https://travel.detik.com/fototravel/d-5667053/5-wisata-konawe-kampung-apriyani-sang-peraih-emas-olimpiade
01:08:25 | INFO    | [1672/2708] Mencari: Dermaga Cinoki Nunu
01:08:25 | DEBUG   | [L1 Wiki] Error: Expecting value: line 1 column 1 (char 0)
01:08:25 | DEBUG   |       L1 Gagal, mencoba L2 DDGS...
01:08:29 | INFO    |       => Sukses dari: https://idalamat.com/alamat/674505/dermaga-cinoki-nunu-mamuju-sulawesi-barat
01:08:30 | INFO    | *** Auto-saving 460 baris diproses...
01:08:30 | INFO    | [1673/2708] Mencari: Bukit Attirong
01:08:30 | DEBUG   | [L1 Wiki] Error: Expecting value: line 1 column 1 (char 0)
01:08:30 | DEBUG   |       L1 Gagal, mencoba L2 DDGS...
01:08:41 | INFO    |       => Gagal mencari deskripsi.
01:08:43 | INFO    | [1675/2708] Mencari: Puncak 'Patulian' Tonsewer
01:08:43 | DEBUG   | [L1 Wiki] Error: Expecting value: line 1 column 1 (char 0)
01:08:43 | DEBUG   |       L1 Gagal, mencoba L2 DDGS...
01:08:51 | INFO    |       => Sukses dari: https://tonsewer.digitaldesa.id/wisata/wisata-alam-
01:08:53 | INFO    | [1676/2708] Mencari: Wisata Alam Minahasa Sulut - Hollywood Hills Lengkoan
01:08:53 | DEBUG   | [L1 Wiki] Error: Expecting value: line 1 column 1 (char 0)
01:08:53 | DEBUG   |       L1 Gagal, mencoba L2 DDGS...
01:09:00 | INFO    |       => Sukses dari: https://dinogo.com/hotels/293909-wisata-alam-minahasa-sulut-hollywood-hills-lengkoan
01:09:01 | INFO    | [1677/2708] Mencari: Air Terjun Pong Toding
01:09:01 | DEBUG   | [L1 Wiki] Error: Expecting value: line 1 column 1 (char 0)
01:09:01 | DEBUG   |       L1 Gagal, mencoba L2 DDGS...
01:09:07 | INFO    |       => Sukses dari: https://gagaradio.org/objek-wisata-air-terjun-di-toraja/
01:09:09 | INFO    | [1683/2708] Mencari: Tanjung Avanza
01:09:09 | DEBUG   | [L1 Wiki] Error: Expecting value: line 1 column 1 (char 0)
01:09:09 | DEBUG   |       L1 Gagal, mencoba L2 DDGS...
01:09:17 | INFO    |       => Gagal mencari deskripsi.
01:09:18 | INFO    | [1689/2708] Mencari: bukit patene
01:09:18 | DEBUG   | [L1 Wiki] Error: Expecting value: line 1 column 1 (char 0)
01:09:18 | DEBUG   |       L1 Gagal, mencoba L2 DDGS...
01:09:27 | INFO    |       => Gagal mencari deskripsi.
01:09:29 | INFO    | [1693/2708] Mencari: Pantai Pelangi
01:09:29 | DEBUG   | [L1 Wiki] Error: Expecting value: line 1 column 1 (char 0)
01:09:29 | DEBUG   |       L1 Gagal, mencoba L2 DDGS...
01:09:36 | DEBUG   | [L2 BS4] Gagal ekstraksi url https://jadesta.kemenparekraf.go.id/desa/tinuna -> HTTPSConnectionPool(host='jadesta.kemenparekraf.go.id', port=443): Max retries exceeded with url: /desa/tinuna (Caused by NameResolutionError("HTTPSConnection(host='jadesta.kemenparekraf.go.id', port=443): Failed to resolve 'jadesta.kemenparekraf.go.id' ([Errno 11002] getaddrinfo failed)"))
01:09:48 | DEBUG   | [L2 BS4] Gagal ekstraksi url https://pulung.net/travel/tempat-wisata-terbaik-di-kabupaten-kolaka-utara/ -> HTTPSConnectionPool(host='pulung.net', port=443): Read timed out. (read timeout=8)
01:09:48 | INFO    |       => Gagal mencari deskripsi.
01:09:49 | INFO    | [1694/2708] Mencari: Goa Batuburi
01:09:49 | DEBUG   | [L1 Wiki] Error: Expecting value: line 1 column 1 (char 0)
01:09:49 | DEBUG   |       L1 Gagal, mencoba L2 DDGS...
01:10:20 | DEBUG   | [L2 BS4] Gagal ekstraksi url https://www.gotravelaindonesia.com/goa-batu-cermin/ -> HTTPSConnectionPool(host='www.gotravelaindonesia.com', port=443): Read timed out.
01:10:20 | INFO    |       => Gagal mencari deskripsi.
01:10:22 | INFO    | [1701/2708] Mencari: Bongkone Kenari
01:10:22 | DEBUG   | [L1 Wiki] Error: Expecting value: line 1 column 1 (char 0)
01:10:22 | DEBUG   |       L1 Gagal, mencoba L2 DDGS...
01:10:35 | INFO    |       => Gagal mencari deskripsi.
01:10:37 | INFO    | [1705/2708] Mencari: Gunung Baba Kanaan
01:10:37 | DEBUG   | [L1 Wiki] Error: Expecting value: line 1 column 1 (char 0)
01:10:37 | DEBUG   |       L1 Gagal, mencoba L2 DDGS...
01:10:42 | INFO    |       => Gagal mencari deskripsi.
01:10:44 | INFO    | [1718/2708] Mencari: Buntu Kandora
01:10:44 | DEBUG   | [L1 Wiki] Error: Expecting value: line 1 column 1 (char 0)
01:10:44 | DEBUG   |       L1 Gagal, mencoba L2 DDGS...
01:10:50 | INFO    |       => Sukses dari: https://www.torajachannel.com/berita-seputar-dunia-parawisata/obyek-wisata-tana-toraja/56-desa-wisata-kabupaten-tana-toraja-salah-satunya-pernah-lolos-50-besar-adwi/
01:10:51 | INFO    | [1733/2708] Mencari: Pantai Duva
01:10:52 | DEBUG   | [L1 Wiki] Error: Expecting value: line 1 column 1 (char 0)
01:10:52 | DEBUG   |       L1 Gagal, mencoba L2 DDGS...
01:10:59 | INFO    |       => Gagal mencari deskripsi.
01:11:00 | INFO    | [1753/2708] Mencari: Pantai Komearate
01:11:00 | DEBUG   | [L1 Wiki] Error: Expecting value: line 1 column 1 (char 0)
01:11:00 | DEBUG   |       L1 Gagal, mencoba L2 DDGS...
01:11:09 | INFO    |       => Gagal mencari deskripsi.
01:11:10 | INFO    | [1754/2708] Mencari: Kopdargab Foi#sulselbar
01:11:10 | DEBUG   | [L1 Wiki] Error: Expecting value: line 1 column 1 (char 0)
01:11:10 | DEBUG   |       L1 Gagal, mencoba L2 DDGS...
01:11:23 | INFO    |       => Gagal mencari deskripsi.
01:11:24 | INFO    | [1771/2708] Mencari: Pattiro Lappaloang
01:11:25 | DEBUG   | [L1 Wiki] Error: Expecting value: line 1 column 1 (char 0)
01:11:25 | DEBUG   |       L1 Gagal, mencoba L2 DDGS...
01:11:33 | INFO    |       => Gagal mencari deskripsi.
01:11:34 | INFO    | [1774/2708] Mencari: Pantai Karosondaya
01:11:34 | DEBUG   | [L1 Wiki] Error: Expecting value: line 1 column 1 (char 0)
01:11:34 | DEBUG   |       L1 Gagal, mencoba L2 DDGS...
01:11:46 | INFO    |       => Gagal mencari deskripsi.
01:11:48 | INFO    | [Resume] Baris [1776/2708] terlewati (sudah ada data).
01:11:48 | INFO    | [1778/2708] Mencari: Bukit ASA, Babo Anjam, Tolitoli, Sulteng
01:11:48 | DEBUG   | [L1 Wiki] Error: Expecting value: line 1 column 1 (char 0)
01:11:48 | DEBUG   |       L1 Gagal, mencoba L2 DDGS...
01:11:56 | INFO    |       => Sukses dari: https://www.cedhak.com/sulawesi/205/pijar-beach-cottages/
01:11:58 | INFO    | [1779/2708] Mencari: Pantai Sausumangka
01:11:58 | DEBUG   | [L1 Wiki] Error: Expecting value: line 1 column 1 (char 0)
01:11:58 | DEBUG   |       L1 Gagal, mencoba L2 DDGS...
01:12:05 | INFO    |       => Sukses dari: https://hibata.id/olahraga/hadiah-jutaan-rupiah-menanti-turnamen-voli-pantai-sausumangka-2025-resmi-dibuka/
01:12:06 | INFO    | [1793/2708] Mencari: Air Terjun Salo Rumpala
01:12:06 | DEBUG   | [L1 Wiki] Error: Expecting value: line 1 column 1 (char 0)
01:12:06 | DEBUG   |       L1 Gagal, mencoba L2 DDGS...
01:12:12 | INFO    |       => Sukses dari: https://reformasiaktual.com/2022/05/18/empat-desa-wisata-sulsel-presentasikan-kesiapan-menyambut-tim-adwi-2022-mas-sandi-mesti-menginap/?pgrelated=3
01:12:14 | INFO    | [1804/2708] Mencari: AIR TERJUN & PANDAI BESI BARUTTUNG
01:12:14 | DEBUG   | [L1 Wiki] Error: Expecting value: line 1 column 1 (char 0)
01:12:14 | DEBUG   |       L1 Gagal, mencoba L2 DDGS...
01:12:20 | INFO    |       => Gagal mencari deskripsi.
01:12:22 | INFO    | *** Auto-saving 480 baris diproses...
01:12:22 | INFO    | [1815/2708] Mencari: Bulu Tondongkarambu
01:12:22 | DEBUG   | [L1 Wiki] Error: Expecting value: line 1 column 1 (char 0)
01:12:22 | DEBUG   |       L1 Gagal, mencoba L2 DDGS...
01:12:36 | INFO    |       => Gagal mencari deskripsi.
01:12:37 | INFO    | [1819/2708] Mencari: Pantai Apes
01:12:37 | DEBUG   | [L1 Wiki] Error: Expecting value: line 1 column 1 (char 0)
01:12:37 | DEBUG   |       L1 Gagal, mencoba L2 DDGS...
01:12:49 | INFO    |       => Gagal mencari deskripsi.
01:12:50 | INFO    | [1820/2708] Mencari: Bukit Kelor
01:12:50 | DEBUG   | [L1 Wiki] Error: Expecting value: line 1 column 1 (char 0)
01:12:50 | DEBUG   |       L1 Gagal, mencoba L2 DDGS...
01:12:58 | INFO    |       => Sukses dari: https://travel.kompas.com/read/2019/02/20/170800527/pulau-kelor-bukit-cantik-wajib-dikunjungi-sebelum-menuju-pulau-rinca
01:12:59 | INFO    | [1824/2708] Mencari: Desa Wisata Rammang-rammang
01:12:59 | DEBUG   | [L1 Wiki] Error: Expecting value: line 1 column 1 (char 0)
01:12:59 | DEBUG   |       L1 Gagal, mencoba L2 DDGS...
01:13:03 | INFO    |       => Sukses dari: https://id.wikipedia.org/wiki/Desa_wisata_rammang-rammang
01:13:05 | INFO    | [1826/2708] Mencari: Wisata Alam Pa' Baladoan
01:13:05 | DEBUG   | [L1 Wiki] Error: Expecting value: line 1 column 1 (char 0)
01:13:05 | DEBUG   |       L1 Gagal, mencoba L2 DDGS...
01:13:10 | INFO    |       => Sukses dari: https://www.tempatwisata.pro/wisata/Wisata-Alam-Pa'-Baladoan
01:13:11 | INFO    | [1829/2708] Mencari: Air Terjun Wolinow
01:13:11 | DEBUG   | [L1 Wiki] Error: Expecting value: line 1 column 1 (char 0)
01:13:11 | DEBUG   |       L1 Gagal, mencoba L2 DDGS...
01:13:17 | INFO    |       => Sukses dari: https://www.cedhak.com/sulawesi/385/air-terjun-wolinow/
01:13:19 | INFO    | [1835/2708] Mencari: Pantai Karang tajam
01:13:19 | DEBUG   | [L1 Wiki] Error: Expecting value: line 1 column 1 (char 0)
01:13:19 | DEBUG   |       L1 Gagal, mencoba L2 DDGS...
01:13:28 | INFO    |       => Gagal mencari deskripsi.
01:13:30 | INFO    | [1839/2708] Mencari: Tanjung Buaya
01:13:30 | DEBUG   | [L1 Wiki] Error: Expecting value: line 1 column 1 (char 0)
01:13:30 | DEBUG   |       L1 Gagal, mencoba L2 DDGS...
01:13:35 | INFO    |       => Sukses dari: https://id.alongwalker.co/top-15-tempat-wisata-di-buton-tengah-terbaru-paling-hits-s3286.html
01:13:37 | INFO    | [1844/2708] Mencari: Pantai One Wanta
01:13:37 | DEBUG   | [L1 Wiki] Error: Expecting value: line 1 column 1 (char 0)
01:13:37 | DEBUG   |       L1 Gagal, mencoba L2 DDGS...
01:13:51 | DEBUG   | [L2 BS4] Gagal ekstraksi url https://sisparnas.kemenparekraf.go.id/p/43382 -> HTTPSConnectionPool(host='sisparnas.kemenparekraf.go.id', port=443): Max retries exceeded with url: /p/43382 (Caused by NameResolutionError("HTTPSConnection(host='sisparnas.kemenparekraf.go.id', port=443): Failed to resolve 'sisparnas.kemenparekraf.go.id' ([Errno 11002] getaddrinfo failed)"))
01:13:59 | DEBUG   | [L2 BS4] Gagal ekstraksi url https://sisparnas.kemenpar.go.id/p/112041 -> HTTPSConnectionPool(host='sisparnas.kemenpar.go.id', port=443): Max retries exceeded with url: /p/112041 (Caused by ConnectTimeoutError(<HTTPSConnection(host='sisparnas.kemenpar.go.id', port=443) at 0x1d076228b90>, 'Connection to sisparnas.kemenpar.go.id timed out. (connect timeout=8)'))
01:14:01 | INFO    |       => Gagal mencari deskripsi.
01:14:03 | INFO    | [1848/2708] Mencari: Pantai biskam
01:14:03 | DEBUG   | [L1 Wiki] Error: Expecting value: line 1 column 1 (char 0)
01:14:03 | DEBUG   |       L1 Gagal, mencoba L2 DDGS...
01:14:09 | DEBUG   | [L2 BS4] Gagal ekstraksi url https://sisparnas.kemenparekraf.go.id/p/48851 -> HTTPSConnectionPool(host='sisparnas.kemenparekraf.go.id', port=443): Max retries exceeded with url: /p/48851 (Caused by NameResolutionError("HTTPSConnection(host='sisparnas.kemenparekraf.go.id', port=443): Failed to resolve 'sisparnas.kemenparekraf.go.id' ([Errno 11002] getaddrinfo failed)"))
01:14:18 | INFO    |       => Gagal mencari deskripsi.
01:14:19 | INFO    | [1850/2708] Mencari: Bukit TRL
01:14:19 | DEBUG   | [L1 Wiki] Error: Expecting value: line 1 column 1 (char 0)
01:14:19 | DEBUG   |       L1 Gagal, mencoba L2 DDGS...
01:14:29 | INFO    |       => Gagal mencari deskripsi.
01:14:31 | INFO    | [1860/2708] Mencari: Air terjun garuda
01:14:31 | DEBUG   | [L1 Wiki] Error: Expecting value: line 1 column 1 (char 0)
01:14:31 | DEBUG   |       L1 Gagal, mencoba L2 DDGS...
01:14:40 | INFO    |       => Gagal mencari deskripsi.
01:14:42 | INFO    | [1871/2708] Mencari: Pantai Bamba Taipa, Pelawa Baru, Parigi Tengah, Sulawesi Tengah
01:14:42 | DEBUG   | [L1 Wiki] Error: Expecting value: line 1 column 1 (char 0)
01:14:42 | DEBUG   |       L1 Gagal, mencoba L2 DDGS...
01:14:45 | INFO    |       => Sukses dari: https://id.wikipedia.org/wiki/Kabupaten_Parigi_Moutong
01:14:47 | INFO    | [1875/2708] Mencari: Ilomata River Camp
01:14:47 | DEBUG   | [L1 Wiki] Error: Expecting value: line 1 column 1 (char 0)
01:14:47 | DEBUG   |       L1 Gagal, mencoba L2 DDGS...
01:14:57 | DEBUG   | [L2 BS4] Gagal ekstraksi url https://jadesta.kemenparekraf.go.id/desa/ilomata_rivercamp -> HTTPSConnectionPool(host='jadesta.kemenparekraf.go.id', port=443): Max retries exceeded with url: /desa/ilomata_rivercamp (Caused by NameResolutionError("HTTPSConnection(host='jadesta.kemenparekraf.go.id', port=443): Failed to resolve 'jadesta.kemenparekraf.go.id' ([Errno 11002] getaddrinfo failed)"))
01:14:59 | INFO    |       => Sukses dari: https://www.liputan6.com/regional/read/5886620/masih-bingung-ini-3-wisata-alam-yang-bisa-di-dikunjungi-di-gorontalo
01:15:00 | INFO    | [1880/2708] Mencari: PANTAI DELON
01:15:00 | DEBUG   | [L1 Wiki] Error: Expecting value: line 1 column 1 (char 0)
01:15:00 | DEBUG   |       L1 Gagal, mencoba L2 DDGS...
01:15:06 | DEBUG   | [L2 BS4] Gagal ekstraksi url https://www.halosultra.com/ragam/wisata/25855/daftar-destinasi-wisata-di-kolaka-utara-jadi-alternatif-liburan-akhir-tahun/ -> HTTPSConnectionPool(host='www.halosultra.com', port=443): Max retries exceeded with url: /ragam/wisata/25855/daftar-destinasi-wisata-di-kolaka-utara-jadi-alternatif-liburan-akhir-tahun/ (Caused by SSLError(SSLCertVerificationError(1, '[SSL: CERTIFICATE_VERIFY_FAILED] certificate verify failed: certificate has expired (_ssl.c:1081)')))
01:15:07 | INFO    |       => Gagal mencari deskripsi.
01:15:09 | INFO    | [1894/2708] Mencari: Pantai Tarawat
01:15:09 | DEBUG   | [L1 Wiki] Error: Expecting value: line 1 column 1 (char 0)
01:15:09 | DEBUG   |       L1 Gagal, mencoba L2 DDGS...
01:15:20 | INFO    |       => Gagal mencari deskripsi.
01:15:22 | INFO    | [Resume] Baris [1896/2708] terlewati (sudah ada data).
01:15:22 | INFO    | [1920/2708] Mencari: Pantai Tamimbo
01:15:22 | DEBUG   | [L1 Wiki] Error: Expecting value: line 1 column 1 (char 0)
01:15:22 | DEBUG   |       L1 Gagal, mencoba L2 DDGS...
01:15:34 | INFO    |       => Gagal mencari deskripsi.
01:15:36 | INFO    | [1923/2708] Mencari: Pantai Lingge-lingge
01:15:36 | DEBUG   | [L1 Wiki] Error: Expecting value: line 1 column 1 (char 0)
01:15:36 | DEBUG   |       L1 Gagal, mencoba L2 DDGS...
01:15:40 | INFO    |       => Sukses dari: https://travel.kompas.com/read/2017/01/15/110200027/pantai.eksotis.di.halaman.rumah.warga.buton
01:15:41 | INFO    | [1927/2708] Mencari: Telaga Biru Segeri
01:15:42 | DEBUG   | [L1 Wiki] Error: Expecting value: line 1 column 1 (char 0)
01:15:42 | DEBUG   |       L1 Gagal, mencoba L2 DDGS...
01:15:47 | DEBUG   | [L2 BS4] Gagal ekstraksi url https://sisparnas.kemenparekraf.go.id/p/19265 -> HTTPSConnectionPool(host='sisparnas.kemenparekraf.go.id', port=443): Max retries exceeded with url: /p/19265 (Caused by NameResolutionError("HTTPSConnection(host='sisparnas.kemenparekraf.go.id', port=443): Failed to resolve 'sisparnas.kemenparekraf.go.id' ([Errno 11002] getaddrinfo failed)"))
01:15:57 | DEBUG   | [L2 BS4] Gagal ekstraksi url https://www.dailymotion.com/video/xa63tl0 -> HTTPSConnectionPool(host='www.dailymotion.com', port=443): Read timed out. (read timeout=8)
01:16:05 | DEBUG   | [L2 BS4] Gagal ekstraksi url https://sisparnas.kemenpar.go.id/p/19265 -> HTTPSConnectionPool(host='sisparnas.kemenpar.go.id', port=443): Max retries exceeded with url: /p/19265 (Caused by ConnectTimeoutError(<HTTPSConnection(host='sisparnas.kemenpar.go.id', port=443) at 0x1d07872bc50>, 'Connection to sisparnas.kemenpar.go.id timed out. (connect timeout=8)'))
01:16:07 | INFO    |       => Sukses dari: https://jurnalpost.com/telaga-biru-palleo-nuansa-alam-yang-menakjubkan-di-pangkep/29746/
01:16:09 | INFO    | [1929/2708] Mencari: Air Terjun Dodandian
01:16:09 | DEBUG   | [L1 Wiki] Error: Expecting value: line 1 column 1 (char 0)
01:16:09 | DEBUG   |       L1 Gagal, mencoba L2 DDGS...
01:16:20 | INFO    |       => Sukses dari: https://hukum.rakyatpress.com/kunjungan-wisata-boltim-2024-catat-rekor
01:16:21 | INFO    | *** Auto-saving 500 baris diproses...
01:16:21 | INFO    | [1932/2708] Mencari: Air Terjun Tulo'a
01:16:21 | DEBUG   | [L1 Wiki] Error: Expecting value: line 1 column 1 (char 0)
01:16:21 | DEBUG   |       L1 Gagal, mencoba L2 DDGS...
01:16:30 | INFO    |       => Gagal mencari deskripsi.
01:16:32 | INFO    | [1937/2708] Mencari: Abrasi Pantai Tingkulang
01:16:32 | DEBUG   | [L1 Wiki] Error: Expecting value: line 1 column 1 (char 0)
01:16:32 | DEBUG   |       L1 Gagal, mencoba L2 DDGS...
01:16:44 | INFO    |       => Gagal mencari deskripsi.
01:16:46 | INFO    | [1938/2708] Mencari: Air terjun Tayawa
01:16:46 | DEBUG   | [L1 Wiki] Error: Expecting value: line 1 column 1 (char 0)
01:16:46 | DEBUG   |       L1 Gagal, mencoba L2 DDGS...
01:16:53 | INFO    |       => Sukses dari: https://id.wikipedia.org/wiki/Tayawa,_Tojo,_Tojo_Una-Una
01:16:54 | INFO    | [1940/2708] Mencari: Pantai Salatiga
01:16:54 | DEBUG   | [L1 Wiki] Error: Expecting value: line 1 column 1 (char 0)
01:16:54 | DEBUG   |       L1 Gagal, mencoba L2 DDGS...
01:17:06 | INFO    |       => Gagal mencari deskripsi.
01:17:08 | INFO    | [1943/2708] Mencari: Pantai Muhajirin
01:17:08 | DEBUG   | [L1 Wiki] Error: Expecting value: line 1 column 1 (char 0)
01:17:08 | DEBUG   |       L1 Gagal, mencoba L2 DDGS...
01:17:19 | INFO    |       => Gagal mencari deskripsi.
01:17:20 | INFO    | [1946/2708] Mencari: Pantai BTM
01:17:20 | DEBUG   | [L1 Wiki] Error: Expecting value: line 1 column 1 (char 0)
01:17:20 | DEBUG   |       L1 Gagal, mencoba L2 DDGS...
01:17:29 | DEBUG   | [L2 DDGS] Error: ConnectError: ConnectError('error sending request for url (https://html.duckduckgo.com/html/)', 'https://html.duckduckgo.com/html/')
01:17:29 | INFO    |       => Gagal mencari deskripsi.
01:17:31 | INFO    | [1958/2708] Mencari: Pantai Tueni
01:17:31 | DEBUG   | [L1 Wiki] Error: Expecting value: line 1 column 1 (char 0)
01:17:31 | DEBUG   |       L1 Gagal, mencoba L2 DDGS...
01:17:39 | INFO    |       => Gagal mencari deskripsi.
01:17:41 | INFO    | [1960/2708] Mencari: Waduk Tamariri
01:17:41 | DEBUG   | [L1 Wiki] Error: Expecting value: line 1 column 1 (char 0)
01:17:41 | DEBUG   |       L1 Gagal, mencoba L2 DDGS...
01:17:50 | INFO    |       => Gagal mencari deskripsi.
01:17:51 | INFO    | [1967/2708] Mencari: Talaga Lotus woloan tomohon
01:17:51 | DEBUG   | [L1 Wiki] Error: Expecting value: line 1 column 1 (char 0)
01:17:51 | DEBUG   |       L1 Gagal, mencoba L2 DDGS...
01:17:59 | INFO    |       => Sukses dari: https://www.orami.co.id/magazine/tempat-wisata-di-tomohon
01:18:00 | INFO    | [1971/2708] Mencari: Air Terjun Sarambu Paremba
01:18:00 | DEBUG   | [L1 Wiki] Error: Expecting value: line 1 column 1 (char 0)
01:18:00 | DEBUG   |       L1 Gagal, mencoba L2 DDGS...
01:18:05 | INFO    |       => Sukses dari: https://id.wikipedia.org/wiki/Kabupaten_Pinrang
01:18:07 | INFO    | [1972/2708] Mencari: Air Terjun Minangatellue
01:18:07 | DEBUG   | [L1 Wiki] Error: Expecting value: line 1 column 1 (char 0)
01:18:07 | DEBUG   |       L1 Gagal, mencoba L2 DDGS...
01:18:12 | INFO    |       => Sukses dari: https://id.wikipedia.org/wiki/Minangatellue,_Maniang_Pajo,_Wajo
01:18:13 | INFO    | [1981/2708] Mencari: Pantai Karosi
01:18:14 | DEBUG   | [L1 Wiki] Error: Expecting value: line 1 column 1 (char 0)
01:18:14 | DEBUG   |       L1 Gagal, mencoba L2 DDGS...
01:18:24 | INFO    |       => Gagal mencari deskripsi.
01:18:25 | INFO    | [1982/2708] Mencari: MANDUK PATINNA
01:18:25 | DEBUG   | [L1 Wiki] Error: Expecting value: line 1 column 1 (char 0)
01:18:25 | DEBUG   |       L1 Gagal, mencoba L2 DDGS...
01:18:39 | DEBUG   | [L2 BS4] Gagal ekstraksi url https://jadesta.kemenpar.go.id/atraksi/kuburan_tuamanduk_patinna -> HTTPSConnectionPool(host='jadesta.kemenpar.go.id', port=443): Max retries exceeded with url: /atraksi/kuburan_tuamanduk_patinna (Caused by ConnectTimeoutError(<HTTPSConnection(host='jadesta.kemenpar.go.id', port=443) at 0x1d07622a490>, 'Connection to jadesta.kemenpar.go.id timed out. (connect timeout=8)'))
01:18:41 | INFO    |       => Sukses dari: https://travel.detik.com/domestic-destination/d-6362888/kengerian-makam-tua-manduk-patinna-tengkoraknya-lebih-banyak-dari-tana-toraja
01:18:42 | INFO    | [1987/2708] Mencari: Pantai Bengel
01:18:42 | DEBUG   | [L1 Wiki] Error: Expecting value: line 1 column 1 (char 0)
01:18:42 | DEBUG   |       L1 Gagal, mencoba L2 DDGS...
01:18:55 | INFO    |       => Gagal mencari deskripsi.
01:18:57 | INFO    | [1989/2708] Mencari: maymaR kavling
01:18:57 | DEBUG   | [L1 Wiki] Error: Expecting value: line 1 column 1 (char 0)
01:18:57 | DEBUG   |       L1 Gagal, mencoba L2 DDGS...
01:19:10 | INFO    |       => Gagal mencari deskripsi.
01:19:11 | INFO    | [1991/2708] Mencari: Bulu Ponre
01:19:11 | DEBUG   | [L1 Wiki] Error: Expecting value: line 1 column 1 (char 0)
01:19:11 | DEBUG   |       L1 Gagal, mencoba L2 DDGS...
01:19:16 | INFO    |       => Sukses dari: https://id.wikipedia.org/wiki/Kesultanan_Bone
01:19:18 | INFO    | [1994/2708] Mencari: Pantai toweni
01:19:18 | DEBUG   | [L1 Wiki] Error: Expecting value: line 1 column 1 (char 0)
01:19:18 | DEBUG   |       L1 Gagal, mencoba L2 DDGS...
01:19:23 | INFO    |       => Gagal mencari deskripsi.
01:19:25 | INFO    | [2002/2708] Mencari: Air terjun fire keeper
01:19:25 | DEBUG   | [L1 Wiki] Error: Expecting value: line 1 column 1 (char 0)
01:19:25 | DEBUG   |       L1 Gagal, mencoba L2 DDGS...
01:19:36 | INFO    |       => Gagal mencari deskripsi.
01:19:38 | INFO    | [2009/2708] Mencari: Pantai Penghibur Kota Poso
01:19:38 | DEBUG   | [L1 Wiki] Error: Expecting value: line 1 column 1 (char 0)
01:19:38 | DEBUG   |       L1 Gagal, mencoba L2 DDGS...
01:19:47 | DEBUG   | [L2 DDGS] Error: ('error sending request for url (https://yandex.com/search/site/?text=Pantai+Penghibur+Kota+Poso+Kabupaten+Poso+wisata&web=1&searchid=8895398)', 'https://yandex.com/search/site/?text=Pantai+Penghibur+Kota+Poso+Kabupaten+Poso+wisata&web=1&searchid=8895398')
01:19:47 | INFO    |       => Gagal mencari deskripsi.
01:19:49 | INFO    | [2012/2708] Mencari: Wisata Mangrove Desa Lomba
01:19:49 | DEBUG   | [L1 Wiki] Error: Expecting value: line 1 column 1 (char 0)
01:19:49 | DEBUG   |       L1 Gagal, mencoba L2 DDGS...
01:19:53 | INFO    |       => Sukses dari: https://idalamat.com/alamat/696411/wisata-mangrove-desa-lomba-banggai-sulawesi-tengah
01:19:55 | INFO    | *** Auto-saving 520 baris diproses...
01:19:55 | INFO    | [2017/2708] Mencari: Pasir Hijau Batara Malong
01:19:55 | DEBUG   | [L1 Wiki] Error: Expecting value: line 1 column 1 (char 0)
01:19:55 | DEBUG   |       L1 Gagal, mencoba L2 DDGS...
01:20:04 | DEBUG   | [L2 BS4] Gagal ekstraksi url https://sisparnas.kemenparekraf.go.id/p/53509 -> HTTPSConnectionPool(host='sisparnas.kemenparekraf.go.id', port=443): Max retries exceeded with url: /p/53509 (Caused by NameResolutionError("HTTPSConnection(host='sisparnas.kemenparekraf.go.id', port=443): Failed to resolve 'sisparnas.kemenparekraf.go.id' ([Errno 11002] getaddrinfo failed)"))
01:20:05 | INFO    |       => Sukses dari: https://camping-ground.com/reservasi/pasir-hijau-batara-camping-malong
01:20:07 | INFO    | [2020/2708] Mencari: Pantai Vaname
01:20:07 | DEBUG   | [L1 Wiki] Error: Expecting value: line 1 column 1 (char 0)
01:20:07 | DEBUG   |       L1 Gagal, mencoba L2 DDGS...
01:20:17 | INFO    |       => Gagal mencari deskripsi.
01:20:18 | INFO    | [2022/2708] Mencari: Pantai MHG
01:20:18 | DEBUG   | [L1 Wiki] Error: Expecting value: line 1 column 1 (char 0)
01:20:18 | DEBUG   |       L1 Gagal, mencoba L2 DDGS...
01:20:31 | INFO    |       => Gagal mencari deskripsi.
01:20:33 | INFO    | [Resume] Baris [2023/2708] terlewati (sudah ada data).
01:20:33 | INFO    | [2030/2708] Mencari: FATUTOKO,GERESA,BUNGKU TIMUR,MOROWALI
01:20:33 | DEBUG   | [L1 Wiki] Error: Expecting value: line 1 column 1 (char 0)
01:20:33 | DEBUG   |       L1 Gagal, mencoba L2 DDGS...
01:20:41 | INFO    |       => Gagal mencari deskripsi.
01:20:43 | INFO    | [2033/2708] Mencari: Pantai Onowa
01:20:43 | DEBUG   | [L1 Wiki] Error: Expecting value: line 1 column 1 (char 0)
01:20:43 | DEBUG   |       L1 Gagal, mencoba L2 DDGS...
01:20:52 | INFO    |       => Gagal mencari deskripsi.
01:20:54 | INFO    | [2040/2708] Mencari: pantai langkowala
01:20:54 | DEBUG   | [L1 Wiki] Error: Expecting value: line 1 column 1 (char 0)
01:20:54 | DEBUG   |       L1 Gagal, mencoba L2 DDGS...
01:21:01 | INFO    |       => Gagal mencari deskripsi.
01:21:03 | INFO    | [2043/2708] Mencari: Pantai Burung-Burung (PBB)
01:21:03 | DEBUG   | [L1 Wiki] Error: Expecting value: line 1 column 1 (char 0)
01:21:03 | DEBUG   |       L1 Gagal, mencoba L2 DDGS...
01:21:09 | INFO    |       => Sukses dari: https://bumisultra.com/news/read/7622-tempat-wisata-di-kolaka-timur-dan-kolaka-yang-wajib-dikunjungi
01:21:11 | INFO    | [2046/2708] Mencari: Pantai Poa
01:21:11 | DEBUG   | [L1 Wiki] Error: Expecting value: line 1 column 1 (char 0)
01:21:11 | DEBUG   |       L1 Gagal, mencoba L2 DDGS...
01:21:19 | INFO    |       => Gagal mencari deskripsi.
01:21:20 | INFO    | [2047/2708] Mencari: TASUMARO
01:21:20 | DEBUG   | [L1 Wiki] Error: Expecting value: line 1 column 1 (char 0)
01:21:20 | DEBUG   |       L1 Gagal, mencoba L2 DDGS...
01:21:35 | INFO    |       => Gagal mencari deskripsi.
01:21:36 | INFO    | [2054/2708] Mencari: BUKIT GORESAN TIMUATO
01:21:37 | DEBUG   | [L1 Wiki] Error: Expecting value: line 1 column 1 (char 0)
01:21:37 | DEBUG   |       L1 Gagal, mencoba L2 DDGS...
01:21:43 | INFO    |       => Gagal mencari deskripsi.
01:21:45 | INFO    | [2066/2708] Mencari: Air Terjun Batu Lukis
01:21:45 | DEBUG   | [L1 Wiki] Error: Expecting value: line 1 column 1 (char 0)
01:21:45 | DEBUG   |       L1 Gagal, mencoba L2 DDGS...
01:21:57 | DEBUG   | [L2 BS4] Gagal ekstraksi url https://sisparnas.com/p/43549 -> HTTPSConnectionPool(host='sisparnas.com', port=443): Read timed out. (read timeout=8)
01:22:05 | DEBUG   | [L2 BS4] Gagal ekstraksi url https://sisparnas.kemenpar.go.id/p/43481 -> HTTPSConnectionPool(host='sisparnas.kemenpar.go.id', port=443): Max retries exceeded with url: /p/43481 (Caused by ConnectTimeoutError(<HTTPSConnection(host='sisparnas.kemenpar.go.id', port=443) at 0x1d0739896d0>, 'Connection to sisparnas.kemenpar.go.id timed out. (connect timeout=8)'))
01:22:07 | DEBUG   | [L2 BS4] Gagal ekstraksi url https://sisparnas.kemenparekraf.go.id/p/43472 -> HTTPSConnectionPool(host='sisparnas.kemenparekraf.go.id', port=443): Max retries exceeded with url: /p/43472 (Caused by NameResolutionError("HTTPSConnection(host='sisparnas.kemenparekraf.go.id', port=443): Failed to resolve 'sisparnas.kemenparekraf.go.id' ([Errno 11002] getaddrinfo failed)"))
01:22:08 | INFO    |       => Sukses dari: https://disparbudkoltim.wordpress.com/
01:22:09 | INFO    | [2073/2708] Mencari: Pantai Bone Moute
01:22:10 | DEBUG   | [L1 Wiki] Error: Expecting value: line 1 column 1 (char 0)
01:22:10 | DEBUG   |       L1 Gagal, mencoba L2 DDGS...
01:22:17 | DEBUG   | [L2 BS4] Gagal ekstraksi url https://jadesta.kemenparekraf.go.id/desa/bone_moute -> HTTPSConnectionPool(host='jadesta.kemenparekraf.go.id', port=443): Max retries exceeded with url: /desa/bone_moute (Caused by NameResolutionError("HTTPSConnection(host='jadesta.kemenparekraf.go.id', port=443): Failed to resolve 'jadesta.kemenparekraf.go.id' ([Errno 11002] getaddrinfo failed)"))
01:22:20 | INFO    |       => Sukses dari: https://kataomed.com/blog/tempat-wisata-kabupaten-banggai-kepulauan
01:22:22 | INFO    | [2080/2708] Mencari: Binotik
01:22:22 | DEBUG   | [L1 Wiki] Error: Expecting value: line 1 column 1 (char 0)
01:22:22 | DEBUG   |       L1 Gagal, mencoba L2 DDGS...
01:22:28 | INFO    |       => Sukses dari: https://kataomed.com/blog/tempat-wisata-kabupaten-banggai-laut
01:22:29 | INFO    | [2082/2708] Mencari: Pantai Majapahit
01:22:29 | DEBUG   | [L1 Wiki] Error: Expecting value: line 1 column 1 (char 0)
01:22:29 | DEBUG   |       L1 Gagal, mencoba L2 DDGS...
01:22:34 | DEBUG   | [L2 DDGS] Error: RequestError: RequestError('error sending request for url (https://search.yahoo.com/search;_ylt=9wQcoSd2M0yQ9ii803ed_xBe;_ylu=rnsEHY82QlZiA3fcMdTxYWXOkbQ5q8l-SkX3LzqWwGrtPiA?p=Pantai+Majapahit+Kabupaten+Buton+wisata)', 'https://search.yahoo.com/search;_ylt=9wQcoSd2M0yQ9ii803ed_xBe;_ylu=rnsEHY82QlZiA3fcMdTxYWXOkbQ5q8l-SkX3LzqWwGrtPiA?p=Pantai+Majapahit+Kabupaten+Buton+wisata')
01:22:34 | INFO    |       => Gagal mencari deskripsi.
01:22:36 | INFO    | [2083/2708] Mencari: Wisata KAREDE (Permandian Air Hangat)
01:22:36 | DEBUG   | [L1 Wiki] Error: Expecting value: line 1 column 1 (char 0)
01:22:36 | DEBUG   |       L1 Gagal, mencoba L2 DDGS...
01:22:42 | INFO    |       => Sukses dari: https://www.jelajahsultra.com/2021/07/7-destinasi-wisata-pilihan-di-buton.html
01:22:43 | INFO    | [2090/2708] Mencari: Bukit Tinabitte
01:22:43 | DEBUG   | [L1 Wiki] Error: Expecting value: line 1 column 1 (char 0)
01:22:43 | DEBUG   |       L1 Gagal, mencoba L2 DDGS...
01:22:58 | INFO    |       => Gagal mencari deskripsi.
01:22:59 | INFO    | [2093/2708] Mencari: KOLAM RENANG TIRTABARAS
01:22:59 | DEBUG   | [L1 Wiki] Error: Expecting value: line 1 column 1 (char 0)
01:22:59 | DEBUG   |       L1 Gagal, mencoba L2 DDGS...
01:23:07 | INFO    |       => Sukses dari: https://renangloka.com/pool/kolam-renang-tirta-4/
01:23:08 | INFO    | [2097/2708] Mencari: Monumen Tantangan Ewako
01:23:08 | DEBUG   | [L1 Wiki] Error: Expecting value: line 1 column 1 (char 0)
01:23:08 | DEBUG   |       L1 Gagal, mencoba L2 DDGS...
01:23:20 | INFO    |       => Sukses dari: https://seringjalan.com/5-tempat-wisata-di-pangkajene-sulawesi-selatan/
01:23:21 | INFO    | [2102/2708] Mencari: Goa Latea
01:23:22 | DEBUG   | [L1 Wiki] Error: Expecting value: line 1 column 1 (char 0)
01:23:22 | DEBUG   |       L1 Gagal, mencoba L2 DDGS...
01:23:29 | INFO    |       => Sukses dari: https://id.wikipedia.org/wiki/Gua_Latea
01:23:30 | INFO    | [2110/2708] Mencari: Permandian Sulembe
01:23:30 | DEBUG   | [L1 Wiki] Error: Expecting value: line 1 column 1 (char 0)
01:23:30 | DEBUG   |       L1 Gagal, mencoba L2 DDGS...
01:23:37 | INFO    |       => Sukses dari: https://www.geokepo.id/id/lokasi/kolaka-timur/permandian-air-panas-taosu
01:23:38 | INFO    | *** Auto-saving 540 baris diproses...
01:23:38 | INFO    | [2112/2708] Mencari: Air Terjun Bantimurungnge
01:23:38 | DEBUG   | [L1 Wiki] Error: Expecting value: line 1 column 1 (char 0)
01:23:38 | DEBUG   |       L1 Gagal, mencoba L2 DDGS...
01:23:49 | INFO    |       => Gagal mencari deskripsi.
01:23:51 | INFO    | [2113/2708] Mencari: Pantai atapange
01:23:51 | DEBUG   | [L1 Wiki] Error: Expecting value: line 1 column 1 (char 0)
01:23:51 | DEBUG   |       L1 Gagal, mencoba L2 DDGS...
01:24:03 | INFO    |       => Gagal mencari deskripsi.
01:24:04 | INFO    | [2122/2708] Mencari: Tebingkai
01:24:04 | DEBUG   | [L1 Wiki] Error: Expecting value: line 1 column 1 (char 0)
01:24:04 | DEBUG   |       L1 Gagal, mencoba L2 DDGS...
01:24:13 | INFO    |       => Gagal mencari deskripsi.
01:24:15 | INFO    | [2125/2708] Mencari: PANTAI LA DADO
01:24:15 | DEBUG   | [L1 Wiki] Error: Expecting value: line 1 column 1 (char 0)
01:24:15 | DEBUG   |       L1 Gagal, mencoba L2 DDGS...
01:24:27 | INFO    |       => Sukses dari: https://faktual.net/libur-lebaran-tiga-pantai-berderetan-di-buteng-diserbu-pengunjung-berbagai-daerah/
01:24:29 | INFO    | [2130/2708] Mencari: Air Terjun Milango Lo Jini
01:24:29 | DEBUG   | [L1 Wiki] Error: Expecting value: line 1 column 1 (char 0)
01:24:29 | DEBUG   |       L1 Gagal, mencoba L2 DDGS...
01:24:36 | INFO    |       => Gagal mencari deskripsi.
01:24:37 | INFO    | [2138/2708] Mencari: Air Terjun Tolei
01:24:37 | DEBUG   | [L1 Wiki] Error: Expecting value: line 1 column 1 (char 0)
01:24:37 | DEBUG   |       L1 Gagal, mencoba L2 DDGS...
01:24:54 | INFO    |       => Gagal mencari deskripsi.
01:24:55 | INFO    | [2142/2708] Mencari: Kebun bapa ijo
01:24:55 | DEBUG   | [L1 Wiki] Error: Expecting value: line 1 column 1 (char 0)
01:24:55 | DEBUG   |       L1 Gagal, mencoba L2 DDGS...
01:25:01 | INFO    |       => Sukses dari: https://fauzihisbullah.wordpress.com/
01:25:03 | INFO    | [2143/2708] Mencari: Air Terjun Barrasa
01:25:03 | DEBUG   | [L1 Wiki] Error: Expecting value: line 1 column 1 (char 0)
01:25:03 | DEBUG   |       L1 Gagal, mencoba L2 DDGS...
01:25:12 | INFO    |       => Gagal mencari deskripsi.
01:25:14 | INFO    | [2144/2708] Mencari: MAROLAND
01:25:14 | DEBUG   | [L1 Wiki] Error: Expecting value: line 1 column 1 (char 0)
01:25:14 | DEBUG   |       L1 Gagal, mencoba L2 DDGS...
01:25:26 | INFO    |       => Gagal mencari deskripsi.
01:25:28 | INFO    | [Resume] Baris [2149/2708] terlewati (sudah ada data).
01:25:28 | INFO    | [2151/2708] Mencari: Kolongko Beach
01:25:28 | DEBUG   | [L1 Wiki] Error: Expecting value: line 1 column 1 (char 0)
01:25:28 | DEBUG   |       L1 Gagal, mencoba L2 DDGS...
01:25:37 | INFO    |       => Gagal mencari deskripsi.
01:25:39 | INFO    | [2160/2708] Mencari: Pantai COCONUT BEACH, lolak,Bolaang Mongondow Induk, Sulawesi Utara
01:25:39 | DEBUG   | [L1 Wiki] Error: Expecting value: line 1 column 1 (char 0)
01:25:39 | DEBUG   |       L1 Gagal, mencoba L2 DDGS...
01:25:45 | INFO    |       => Sukses dari: https://id.wikipedia.org/wiki/Lolak,_Bolaang_Mongondow
01:25:46 | INFO    | [2163/2708] Mencari: Desa Bungintende
01:25:46 | DEBUG   | [L1 Wiki] Error: Expecting value: line 1 column 1 (char 0)
01:25:46 | DEBUG   |       L1 Gagal, mencoba L2 DDGS...
01:25:50 | INFO    |       => Sukses dari: https://id.wikipedia.org/wiki/Pulau_Bungintende
01:25:51 | INFO    | [2165/2708] Mencari: Air terjun 801
01:25:51 | DEBUG   | [L1 Wiki] Error: Expecting value: line 1 column 1 (char 0)
01:25:51 | DEBUG   |       L1 Gagal, mencoba L2 DDGS...
01:25:58 | INFO    |       => Gagal mencari deskripsi.
01:25:59 | INFO    | [2172/2708] Mencari: hutan mangrove arungkeke
01:25:59 | DEBUG   | [L1 Wiki] Error: Expecting value: line 1 column 1 (char 0)
01:25:59 | DEBUG   |       L1 Gagal, mencoba L2 DDGS...
01:26:05 | INFO    |       => Sukses dari: https://id.wikipedia.org/wiki/Arungkeke,_Jeneponto
01:26:06 | INFO    | [2178/2708] Mencari: Bukit CNGR
01:26:06 | DEBUG   | [L1 Wiki] Error: Expecting value: line 1 column 1 (char 0)
01:26:06 | DEBUG   |       L1 Gagal, mencoba L2 DDGS...
01:26:15 | INFO    |       => Sukses dari: https://kabartambang.com/read/507/5-pekerja-indonesia-di-nni-raih-penghargaan-global-cngr-group-tiongkok
01:26:16 | INFO    | [2181/2708] Mencari: Pantai Mootame Dalapuli
01:26:16 | DEBUG   | [L1 Wiki] Error: Expecting value: line 1 column 1 (char 0)
01:26:16 | DEBUG   |       L1 Gagal, mencoba L2 DDGS...
01:26:21 | INFO    |       => Sukses dari: https://id.wikipedia.org/wiki/Dalapuli,_Pinogaluman,_Bolaang_Mongondow_Utara
01:26:23 | INFO    | [2189/2708] Mencari: Bukit Kromo Leksono
01:26:23 | DEBUG   | [L1 Wiki] Error: Expecting value: line 1 column 1 (char 0)
01:26:23 | DEBUG   |       L1 Gagal, mencoba L2 DDGS...
01:26:31 | INFO    |       => Gagal mencari deskripsi.
01:26:33 | INFO    | [2197/2708] Mencari: Pantai Polongasa-Ds.Towondu
01:26:33 | DEBUG   | [L1 Wiki] Error: Expecting value: line 1 column 1 (char 0)
01:26:33 | DEBUG   |       L1 Gagal, mencoba L2 DDGS...
01:26:39 | DEBUG   | [L2 BS4] Gagal ekstraksi url https://jadesta.kemenparekraf.go.id/atraksi/pantai_polongasa -> HTTPSConnectionPool(host='jadesta.kemenparekraf.go.id', port=443): Max retries exceeded with url: /atraksi/pantai_polongasa (Caused by NameResolutionError("HTTPSConnection(host='jadesta.kemenparekraf.go.id', port=443): Failed to resolve 'jadesta.kemenparekraf.go.id' ([Errno 11002] getaddrinfo failed)"))
01:26:47 | DEBUG   | [L2 BS4] Gagal ekstraksi url https://jadesta.kemenpar.go.id/desa/mangrove_polongasa_towondu -> HTTPSConnectionPool(host='jadesta.kemenpar.go.id', port=443): Max retries exceeded with url: /desa/mangrove_polongasa_towondu (Caused by ConnectTimeoutError(<HTTPSConnection(host='jadesta.kemenpar.go.id', port=443) at 0x1d076229450>, 'Connection to jadesta.kemenpar.go.id timed out. (connect timeout=8)'))
01:26:49 | INFO    |       => Gagal mencari deskripsi.
01:26:51 | INFO    | [2203/2708] Mencari: Bukit Doa APKB
01:26:51 | DEBUG   | [L1 Wiki] Error: Expecting value: line 1 column 1 (char 0)
01:26:51 | DEBUG   |       L1 Gagal, mencoba L2 DDGS...
01:27:02 | INFO    |       => Gagal mencari deskripsi.
01:27:03 | INFO    | [2205/2708] Mencari: Bahamast Cottage
01:27:03 | DEBUG   | [L1 Wiki] Error: Expecting value: line 1 column 1 (char 0)
01:27:03 | DEBUG   |       L1 Gagal, mencoba L2 DDGS...
01:27:12 | INFO    |       => Gagal mencari deskripsi.
01:27:14 | INFO    | *** Auto-saving 560 baris diproses...
01:27:14 | INFO    | [2207/2708] Mencari: Air Terjun Raptors
01:27:14 | DEBUG   | [L1 Wiki] Error: Expecting value: line 1 column 1 (char 0)
01:27:14 | DEBUG   |       L1 Gagal, mencoba L2 DDGS...
01:27:24 | INFO    |       => Gagal mencari deskripsi.
01:27:26 | INFO    | [2209/2708] Mencari: Pantai poltra
01:27:26 | DEBUG   | [L1 Wiki] Error: Expecting value: line 1 column 1 (char 0)
01:27:26 | DEBUG   |       L1 Gagal, mencoba L2 DDGS...
01:27:49 | INFO    |       => Gagal mencari deskripsi.
01:27:51 | INFO    | [2210/2708] Mencari: Pantai Yella
01:27:51 | DEBUG   | [L1 Wiki] Error: Expecting value: line 1 column 1 (char 0)
01:27:51 | DEBUG   |       L1 Gagal, mencoba L2 DDGS...
01:27:59 | DEBUG   | [L2 BS4] Gagal ekstraksi url https://unesco.or.id/wisata/pesona-wakatobi-wisata-alam-sulawesi/ -> HTTPSConnectionPool(host='unesco.or.id', port=443): Max retries exceeded with url: /wisata/pesona-wakatobi-wisata-alam-sulawesi/ (Caused by NameResolutionError("HTTPSConnection(host='unesco.or.id', port=443): Failed to resolve 'unesco.or.id' ([Errno 11001] getaddrinfo failed)"))
01:27:59 | INFO    |       => Gagal mencari deskripsi.
01:28:00 | INFO    | [2214/2708] Mencari: Air Terjun LENSO
01:28:00 | DEBUG   | [L1 Wiki] Error: Expecting value: line 1 column 1 (char 0)
01:28:00 | DEBUG   |       L1 Gagal, mencoba L2 DDGS...
01:28:05 | INFO    |       => Sukses dari: https://newposkomanado.id/2024/07/14/air-terjun-lenso-misteri-destinasi-wisata-alam-yang-tersembunyi-di-desa-treman-minahasa-utara/
01:28:07 | INFO    | [2217/2708] Mencari: Tanjung Lelapide
01:28:07 | DEBUG   | [L1 Wiki] Error: Expecting value: line 1 column 1 (char 0)
01:28:07 | DEBUG   |       L1 Gagal, mencoba L2 DDGS...
01:28:13 | INFO    |       => Sukses dari: https://id.wikipedia.org/wiki/Lebo,_Manganitu,_Kepulauan_Sangihe
01:28:14 | INFO    | [2223/2708] Mencari: Wisata Mancing Karang Lamotu
01:28:14 | DEBUG   | [L1 Wiki] Error: Expecting value: line 1 column 1 (char 0)
01:28:14 | DEBUG   |       L1 Gagal, mencoba L2 DDGS...
01:28:25 | INFO    |       => Sukses dari: https://pdberger.com/pemancingan-mamuju
01:28:26 | INFO    | [2225/2708] Mencari: Camming
01:28:26 | DEBUG   | [L1 Wiki] Error: Expecting value: line 1 column 1 (char 0)
01:28:26 | DEBUG   |       L1 Gagal, mencoba L2 DDGS...
01:28:38 | INFO    |       => Gagal mencari deskripsi.
01:28:40 | INFO    | [2228/2708] Mencari: Baku Bodo
01:28:40 | DEBUG   | [L1 Wiki] Error: Expecting value: line 1 column 1 (char 0)
01:28:40 | DEBUG   |       L1 Gagal, mencoba L2 DDGS...
01:28:47 | INFO    |       => Sukses dari: https://www.antaranews.com/berita/914783/meniti-jalan-jadikan-hutan-bakau-tongke-tongke-magnet-wisata-sinjai
01:28:49 | INFO    | [2230/2708] Mencari: Air Terjun KINAAPIAN
01:28:49 | DEBUG   | [L1 Wiki] Error: Expecting value: line 1 column 1 (char 0)
01:28:49 | DEBUG   |       L1 Gagal, mencoba L2 DDGS...
01:29:00 | INFO    |       => Gagal mencari deskripsi.
01:29:02 | INFO    | [2231/2708] Mencari: Bukit Teletubbies Rerer
01:29:02 | DEBUG   | [L1 Wiki] Error: Expecting value: line 1 column 1 (char 0)
01:29:02 | DEBUG   |       L1 Gagal, mencoba L2 DDGS...
01:29:07 | INFO    |       => Sukses dari: https://www.celebes.co/bukit-larata-minahasa-utara
01:29:09 | INFO    | [2232/2708] Mencari: Pingiran Danau Mokobang
01:29:09 | DEBUG   | [L1 Wiki] Error: Expecting value: line 1 column 1 (char 0)
01:29:09 | DEBUG   |       L1 Gagal, mencoba L2 DDGS...
01:29:13 | INFO    |       => Sukses dari: https://id.wikipedia.org/wiki/Mokobang,_Modoinding,_Minahasa_Selatan
01:29:14 | INFO    | [2233/2708] Mencari: Air Terjun Desa Poniki
01:29:15 | DEBUG   | [L1 Wiki] Error: Expecting value: line 1 column 1 (char 0)
01:29:15 | DEBUG   |       L1 Gagal, mencoba L2 DDGS...
01:29:20 | INFO    |       => Sukses dari: https://id.wikipedia.org/wiki/Poniki,_Pasan,_Minahasa_Tenggara
01:29:21 | INFO    | [2236/2708] Mencari: Tangga Pelangi Desa Puungkoilu
01:29:21 | DEBUG   | [L1 Wiki] Error: Expecting value: line 1 column 1 (char 0)
01:29:21 | DEBUG   |       L1 Gagal, mencoba L2 DDGS...
01:29:28 | INFO    |       => Sukses dari: https://id.wikipedia.org/wiki/Puungkoilu,_Bungku_Tengah,_Morowali
01:29:30 | INFO    | [2237/2708] Mencari: Bungko Mbembang
01:29:30 | DEBUG   | [L1 Wiki] Error: Expecting value: line 1 column 1 (char 0)
01:29:30 | DEBUG   |       L1 Gagal, mencoba L2 DDGS...
01:29:38 | INFO    |       => Gagal mencari deskripsi.
01:29:39 | INFO    | [2238/2708] Mencari: Pantai Malanggong (Matatas)
01:29:39 | DEBUG   | [L1 Wiki] Error: Expecting value: line 1 column 1 (char 0)
01:29:39 | DEBUG   |       L1 Gagal, mencoba L2 DDGS...
01:29:52 | INFO    |       => Gagal mencari deskripsi.
01:29:54 | INFO    | [2239/2708] Mencari: Pantai Shaka
01:29:54 | DEBUG   | [L1 Wiki] Error: Expecting value: line 1 column 1 (char 0)
01:29:54 | DEBUG   |       L1 Gagal, mencoba L2 DDGS...
01:30:00 | INFO    |       => Sukses dari: https://travel.detik.com/fototravel/d-7311811/wisata-pulau-padamarang-dan-pantai-shaka-di-kolaka
01:30:01 | INFO    | [2240/2708] Mencari: Bukit Mangkeluno
01:30:01 | DEBUG   | [L1 Wiki] Error: Expecting value: line 1 column 1 (char 0)
01:30:01 | DEBUG   |       L1 Gagal, mencoba L2 DDGS...
01:30:07 | INFO    |       => Sukses dari: https://seringjalan.com/6-tempat-wisata-di-raha-kabupaten-muna/
01:30:09 | INFO    | [2241/2708] Mencari: Pantai Moluno
01:30:09 | DEBUG   | [L1 Wiki] Error: Expecting value: line 1 column 1 (char 0)
01:30:09 | DEBUG   |       L1 Gagal, mencoba L2 DDGS...
01:30:17 | INFO    |       => Gagal mencari deskripsi.
01:30:19 | INFO    | [2242/2708] Mencari: Air terjun batu karoppa
01:30:19 | DEBUG   | [L1 Wiki] Error: Expecting value: line 1 column 1 (char 0)
01:30:19 | DEBUG   |       L1 Gagal, mencoba L2 DDGS...
01:30:31 | INFO    |       => Gagal mencari deskripsi.
01:30:33 | INFO    | [2243/2708] Mencari: Bukit Pamboang
01:30:33 | DEBUG   | [L1 Wiki] Error: Expecting value: line 1 column 1 (char 0)
01:30:33 | DEBUG   |       L1 Gagal, mencoba L2 DDGS...
01:30:38 | INFO    |       => Sukses dari: https://travel.detik.com/domestic-destination/d-4948167/mengintip-keindahan-tebing-batu-di-pantai-taraujung-majene
01:30:40 | INFO    | *** Auto-saving 580 baris diproses...
01:30:40 | INFO    | [2245/2708] Mencari: Bonto Rea Village
01:30:40 | DEBUG   | [L1 Wiki] Error: Expecting value: line 1 column 1 (char 0)
01:30:40 | DEBUG   |       L1 Gagal, mencoba L2 DDGS...
01:30:46 | INFO    |       => Sukses dari: https://id.wikipedia.org/wiki/Bontoa,_Maros
01:30:48 | INFO    | [2246/2708] Mencari: Bulu Bohonglangi
01:30:48 | DEBUG   | [L1 Wiki] Error: Expecting value: line 1 column 1 (char 0)
01:30:48 | DEBUG   |       L1 Gagal, mencoba L2 DDGS...
01:30:59 | INFO    |       => Sukses dari: https://enewsindonesia.com/aliansi-bohonglangi-menggugat-pemerintah-bone-telah-gagal-menjalankan-tugasnya/
01:31:00 | INFO    | [2247/2708] Mencari: Tugu Jam Watampone
01:31:01 | DEBUG   | [L1 Wiki] Error: Expecting value: line 1 column 1 (char 0)
01:31:01 | DEBUG   |       L1 Gagal, mencoba L2 DDGS...
01:31:06 | INFO    |       => Sukses dari: https://www.orami.co.id/magazine/tempat-wisata-di-bone
01:31:08 | INFO    | [2248/2708] Mencari: Selayar Island
01:31:08 | DEBUG   | [L1 Wiki] Error: Expecting value: line 1 column 1 (char 0)
01:31:08 | DEBUG   |       L1 Gagal, mencoba L2 DDGS...
01:31:18 | INFO    |       => Sukses dari: https://pariwisata.kepulauanselayarkab.go.id/
01:31:19 | INFO    | [2249/2708] Mencari: Pantai Motto
01:31:19 | DEBUG   | [L1 Wiki] Error: Expecting value: line 1 column 1 (char 0)
01:31:19 | DEBUG   |       L1 Gagal, mencoba L2 DDGS...
01:31:27 | INFO    |       => Gagal mencari deskripsi.
01:31:28 | INFO    | [2250/2708] Mencari: Gereja Bukit Moria
01:31:28 | DEBUG   | [L1 Wiki] Error: Expecting value: line 1 column 1 (char 0)
01:31:28 | DEBUG   |       L1 Gagal, mencoba L2 DDGS...
01:31:36 | INFO    |       => Sukses dari: https://lintaspendidikannews.com/2026/01/01/perayaan-malam-pergantian-tahun-di-gereja-bukit-moria-tobelo-simbol-harmoni-sosial-dan-keamanan-menjelang-tahun-baru-2026/
01:31:37 | INFO    | [2251/2708] Mencari: Gunung Potong
01:31:37 | DEBUG   | [L1 Wiki] Error: Expecting value: line 1 column 1 (char 0)
01:31:37 | DEBUG   |       L1 Gagal, mencoba L2 DDGS...
01:31:43 | INFO    |       => Sukses dari: https://sulawesion.com/mitra/pj-bupati-monitor-langsung-pengembangan-wisata-kuliner-di-gunung-potong/
01:31:45 | INFO    | [2252/2708] Mencari: Bukit Sofa
01:31:45 | DEBUG   | [L1 Wiki] Error: Expecting value: line 1 column 1 (char 0)
01:31:45 | DEBUG   |       L1 Gagal, mencoba L2 DDGS...
01:31:51 | INFO    |       => Sukses dari: https://tiketting.wordpress.com/2016/08/01/16-lokasi-wisata-kota-palu-sulawesi-tengah/
01:31:52 | INFO    | [2255/2708] Mencari: Pasir Timbul
01:31:52 | DEBUG   | [L1 Wiki] Error: Expecting value: line 1 column 1 (char 0)
01:31:52 | DEBUG   |       L1 Gagal, mencoba L2 DDGS...
01:32:01 | INFO    |       => Sukses dari: https://travel.detik.com/domestic-destination/d-5242198/pesona-pasir-timbul-bone-labunta-aduhai-indahnya
01:32:02 | INFO    | [2257/2708] Mencari: PANTAI HUTAKALO
01:32:02 | DEBUG   | [L1 Wiki] Error: Expecting value: line 1 column 1 (char 0)
01:32:02 | DEBUG   |       L1 Gagal, mencoba L2 DDGS...
01:32:09 | INFO    |       => Sukses dari: https://ban.wikipedia.org/wiki/Hutakalo,_Sumalata,_Gorontalo_Utara
01:32:11 | INFO    | [2258/2708] Mencari: Bukit ceria desa dunu
01:32:11 | DEBUG   | [L1 Wiki] Error: Expecting value: line 1 column 1 (char 0)
01:32:11 | DEBUG   |       L1 Gagal, mencoba L2 DDGS...
01:32:15 | INFO    |       => Sukses dari: https://turisian.com/2023/10/09/puncak-bukit-ceria-dunu-destinasi-baru-yang-dikembangkan-pemda-gorontalo/
01:32:17 | INFO    | [2261/2708] Mencari: Pemandian Air Panas Bebba'e
01:32:17 | DEBUG   | [L1 Wiki] Error: Expecting value: line 1 column 1 (char 0)
01:32:17 | DEBUG   |       L1 Gagal, mencoba L2 DDGS...
01:32:22 | INFO    |       => Sukses dari: https://www.detik.com/tag/wisata-soppeng
01:32:23 | INFO    | [2263/2708] Mencari: Gunung landaka
01:32:24 | DEBUG   | [L1 Wiki] Error: Expecting value: line 1 column 1 (char 0)
01:32:24 | DEBUG   |       L1 Gagal, mencoba L2 DDGS...
01:32:31 | INFO    |       => Sukses dari: https://lenterasultra.com/web/2020/02/03/satu-warga-luwu-timur-hilang-di-hutan-landaka/
01:32:33 | INFO    | [2264/2708] Mencari: GPKDI "Bukit Sion" Girian
01:32:33 | DEBUG   | [L1 Wiki] Error: Expecting value: line 1 column 1 (char 0)
01:32:33 | DEBUG   |       L1 Gagal, mencoba L2 DDGS...
01:32:49 | DEBUG   | [L2 BS4] Gagal ekstraksi url https://gpkdi.org/sinode-daerah-sulawesi-malut/ -> HTTPSConnectionPool(host='gpkdi.org', port=443): Read timed out. (read timeout=8)
01:32:53 | INFO    |       => Sukses dari: https://foursquare.com/v/gpkdi-bukit-sion-girian/5259f3cf498ea60201af6ee1
01:32:54 | INFO    | [2265/2708] Mencari: Air terjun binjeita
01:32:54 | DEBUG   | [L1 Wiki] Error: Expecting value: line 1 column 1 (char 0)
01:32:54 | DEBUG   |       L1 Gagal, mencoba L2 DDGS...
01:33:08 | DEBUG   | [L2 BS4] Gagal ekstraksi url https://travelingyuk.com/air-terjun-di-bolaang-mongondow/197103/ -> HTTPSConnectionPool(host='travelingyuk.com', port=443): Read timed out. (read timeout=8)
01:33:17 | DEBUG   | [L2 BS4] Gagal ekstraksi url https://sisparnas.kemenpar.go.id/p/49593 -> HTTPSConnectionPool(host='sisparnas.kemenpar.go.id', port=443): Max retries exceeded with url: /p/49593 (Caused by ConnectTimeoutError(<HTTPSConnection(host='sisparnas.kemenpar.go.id', port=443) at 0x1d07872b610>, 'Connection to sisparnas.kemenpar.go.id timed out. (connect timeout=8)'))
01:33:17 | INFO    |       => Gagal mencari deskripsi.
01:33:19 | INFO    | [2266/2708] Mencari: Air Terjun Matabulu
01:33:19 | DEBUG   | [L1 Wiki] Error: Expecting value: line 1 column 1 (char 0)
01:33:19 | DEBUG   |       L1 Gagal, mencoba L2 DDGS...
01:33:26 | INFO    |       => Sukses dari: https://manado.tribunnews.com/boltim/1870671/2-air-terjun-di-matabulu-boltim-yang-bikin-rindu-pengunjung-punya-banyak-spot-instagramable
01:33:28 | INFO    | [2268/2708] Mencari: Air Terjun Bidadari Kayaton Desa Bukaka
01:33:28 | DEBUG   | [L1 Wiki] Error: Expecting value: line 1 column 1 (char 0)
01:33:28 | DEBUG   |       L1 Gagal, mencoba L2 DDGS...
01:33:36 | INFO    |       => Sukses dari: https://indonesiapost.net/2022/04/15/potensi-wisata-air-terjun-garini-boltim-tarik-banyak-pengunjung/
01:33:37 | INFO    | [2270/2708] Mencari: Air Terjun Ogololo
01:33:37 | DEBUG   | [L1 Wiki] Error: Expecting value: line 1 column 1 (char 0)
01:33:37 | DEBUG   |       L1 Gagal, mencoba L2 DDGS...
01:33:47 | INFO    |       => Gagal mencari deskripsi.
01:33:48 | INFO    | [2271/2708] Mencari: Bukit Sunset Bou
01:33:48 | DEBUG   | [L1 Wiki] Error: Expecting value: line 1 column 1 (char 0)
01:33:48 | DEBUG   |       L1 Gagal, mencoba L2 DDGS...
01:34:06 | DEBUG   | [L2 BS4] Gagal ekstraksi url https://radarpalu.jawapos.com/sulteng/2607322825/libur-lebaran-ini-10-wisata-donggala-wajib-dikunjungi -> HTTPSConnectionPool(host='radarpalu.jawapos.com', port=443): Read timed out.
01:34:07 | INFO    |       => Sukses dari: https://sukabumiku.id/bukit-sunset-hill-geopark-ciletuh-wisata-alam-sukabumi-panorama-tiga-dimensi/
01:34:09 | INFO    | [2272/2708] Mencari: Air Terjun Ayus
01:34:09 | DEBUG   | [L1 Wiki] Error: Expecting value: line 1 column 1 (char 0)
01:34:09 | DEBUG   |       L1 Gagal, mencoba L2 DDGS...
01:34:14 | INFO    |       => Sukses dari: https://20.detik.com/spot-wisata/20240806-240812019/mengeksplor-pesona-keindahan-alam-air-terjun-ayus-sulawesi-tengah
01:34:15 | INFO    | *** Auto-saving 600 baris diproses...
01:34:15 | INFO    | [2275/2708] Mencari: Goa Kolam Renang
01:34:15 | DEBUG   | [L1 Wiki] Error: Expecting value: line 1 column 1 (char 0)
01:34:15 | DEBUG   |       L1 Gagal, mencoba L2 DDGS...
01:34:25 | INFO    |       => Sukses dari: https://renangloka.com/pool/kolam-renang-23/
01:34:26 | INFO    | [2279/2708] Mencari: Galangan kapal phinisi Haji Abdullah Hassan
01:34:26 | DEBUG   | [L1 Wiki] Error: Expecting value: line 1 column 1 (char 0)
01:34:26 | DEBUG   |       L1 Gagal, mencoba L2 DDGS...
01:34:33 | INFO    |       => Sukses dari: https://indonesiajuara.asia/open-trip-komodo-labuan-bajo-3d2n-paket-kapal-ac/
01:34:34 | INFO    | [2280/2708] Mencari: Air Terjun To'dama Sangkaropi
01:34:34 | DEBUG   | [L1 Wiki] Error: Expecting value: line 1 column 1 (char 0)
01:34:34 | DEBUG   |       L1 Gagal, mencoba L2 DDGS...
01:34:47 | DEBUG   | [L2 BS4] Gagal ekstraksi url https://sisparnas.kemenpar.go.id/p/109352 -> HTTPSConnectionPool(host='sisparnas.kemenpar.go.id', port=443): Max retries exceeded with url: /p/109352 (Caused by ConnectTimeoutError(<HTTPSConnection(host='sisparnas.kemenpar.go.id', port=443) at 0x1d0787296d0>, 'Connection to sisparnas.kemenpar.go.id timed out. (connect timeout=8)'))
01:34:58 | DEBUG   | [L2 BS4] Gagal ekstraksi url http://disbudpar.torajautarakab.go.id/ -> HTTPConnectionPool(host='disbudpar.torajautarakab.go.id', port=80): Max retries exceeded with url: / (Caused by ConnectTimeoutError(<HTTPConnection(host='disbudpar.torajautarakab.go.id', port=80) at 0x1d0757e3890>, 'Connection to disbudpar.torajautarakab.go.id timed out. (connect timeout=8)'))
01:34:58 | INFO    |       => Gagal mencari deskripsi.
01:34:59 | INFO    | [2282/2708] Mencari: Pasabbeng
01:34:59 | DEBUG   | [L1 Wiki] Error: Expecting value: line 1 column 1 (char 0)
01:34:59 | DEBUG   |       L1 Gagal, mencoba L2 DDGS...
01:35:08 | DEBUG   | [L2 DDGS] Error: ConnectError: ConnectError('error sending request for url (https://html.duckduckgo.com/html/)', 'https://html.duckduckgo.com/html/')
01:35:08 | INFO    |       => Gagal mencari deskripsi.
01:35:10 | INFO    | [2284/2708] Mencari: Watu Tiwa Toar Lumimuut
01:35:10 | DEBUG   | [L1 Wiki] Error: Expecting value: line 1 column 1 (char 0)
01:35:10 | DEBUG   |       L1 Gagal, mencoba L2 DDGS...
01:35:17 | DEBUG   | [L2 BS4] Gagal ekstraksi url https://sisparnas.kemenparekraf.go.id/p/15877 -> HTTPSConnectionPool(host='sisparnas.kemenparekraf.go.id', port=443): Max retries exceeded with url: /p/15877 (Caused by NameResolutionError("HTTPSConnection(host='sisparnas.kemenparekraf.go.id', port=443): Failed to resolve 'sisparnas.kemenparekraf.go.id' ([Errno 11002] getaddrinfo failed)"))
01:35:25 | DEBUG   | [L2 BS4] Gagal ekstraksi url https://sisparnas.kemenpar.go.id/p/15873 -> HTTPSConnectionPool(host='sisparnas.kemenpar.go.id', port=443): Max retries exceeded with url: /p/15873 (Caused by ConnectTimeoutError(<HTTPSConnection(host='sisparnas.kemenpar.go.id', port=443) at 0x1d0743039d0>, 'Connection to sisparnas.kemenpar.go.id timed out. (connect timeout=8)'))
01:35:27 | INFO    |       => Gagal mencari deskripsi.
01:35:28 | INFO    | [2286/2708] Mencari: GMIST BUKIT KASIH
01:35:28 | DEBUG   | [L1 Wiki] Error: Expecting value: line 1 column 1 (char 0)
01:35:28 | DEBUG   |       L1 Gagal, mencoba L2 DDGS...
01:35:33 | INFO    |       => Sukses dari: https://sangihekab.go.id/
01:35:35 | INFO    | [2288/2708] Mencari: Wisata Alam Goa Lembono Mata
01:35:35 | DEBUG   | [L1 Wiki] Error: Expecting value: line 1 column 1 (char 0)
01:35:35 | DEBUG   |       L1 Gagal, mencoba L2 DDGS...
01:35:42 | INFO    |       => Sukses dari: https://www.grapena.com/2025/04/hibur-wisatawan-wisata-alam-goa-lowo.html
01:35:43 | INFO    | [2289/2708] Mencari: Bombana's Beach Garden
01:35:44 | DEBUG   | [L1 Wiki] Error: Expecting value: line 1 column 1 (char 0)
01:35:44 | DEBUG   |       L1 Gagal, mencoba L2 DDGS...
01:35:52 | INFO    |       => Gagal mencari deskripsi.
01:35:54 | INFO    | [2290/2708] Mencari: Permandian kaaghi
01:35:54 | DEBUG   | [L1 Wiki] Error: Expecting value: line 1 column 1 (char 0)
01:35:54 | DEBUG   |       L1 Gagal, mencoba L2 DDGS...
01:35:58 | INFO    |       => Sukses dari: https://id.wikipedia.org/wiki/Kompleks_Permandian_Katilombu
01:36:00 | INFO    | [2291/2708] Mencari: kioko beach
01:36:00 | DEBUG   | [L1 Wiki] Error: Expecting value: line 1 column 1 (char 0)
01:36:00 | DEBUG   |       L1 Gagal, mencoba L2 DDGS...
01:36:08 | INFO    |       => Sukses dari: https://regional.kompas.com/read/2022/07/17/224926078/protes-tak-pernah-diaspal-warga-buton-utara-tanam-pohon-pisang-dan-kelapa
01:36:09 | INFO    | [2294/2708] Mencari: Bukit Ceria
01:36:10 | DEBUG   | [L1 Wiki] Error: Expecting value: line 1 column 1 (char 0)
01:36:10 | DEBUG   |       L1 Gagal, mencoba L2 DDGS...
01:36:21 | INFO    |       => Sukses dari: https://video.tribunnews.com/travel/307299/tempat-wisata-viral-bumi-ceria-bone-bolango-di-gorontalo
01:36:23 | INFO    | [2295/2708] Mencari: Alun-Alun Kab. Bone
01:36:23 | DEBUG   | [L1 Wiki] Error: Expecting value: line 1 column 1 (char 0)
01:36:23 | DEBUG   |       L1 Gagal, mencoba L2 DDGS...
01:36:27 | INFO    |       => Sukses dari: https://idalamat.com/alamat/727365/alunalun-kab-bone-bone-sulawesi-selatan
01:36:29 | INFO    | [2296/2708] Mencari: Pantai berjodoh
01:36:29 | DEBUG   | [L1 Wiki] Error: Expecting value: line 1 column 1 (char 0)
01:36:29 | DEBUG   |       L1 Gagal, mencoba L2 DDGS...
01:36:39 | INFO    |       => Gagal mencari deskripsi.
01:36:41 | INFO    | [2297/2708] Mencari: Pantai Baloyya
01:36:41 | DEBUG   | [L1 Wiki] Error: Expecting value: line 1 column 1 (char 0)
01:36:41 | DEBUG   |       L1 Gagal, mencoba L2 DDGS...
01:36:52 | INFO    |       => Sukses dari: https://bisniswisata.co.id/pulau-selayar-jadi-destinasi-wisata-swa-energi/
01:36:54 | INFO    | [2299/2708] Mencari: Wisata Alam Rano Reindang Desa Leilem
01:36:54 | DEBUG   | [L1 Wiki] Error: Expecting value: line 1 column 1 (char 0)
01:36:54 | DEBUG   |       L1 Gagal, mencoba L2 DDGS...
01:36:59 | INFO    |       => Sukses dari: https://www.jawapos.com/travelling/01414749/berkunjung-ke-wisata-alam-rano-raindang-eksotisme-air-panas-hijau
01:37:01 | INFO    | [2300/2708] Mencari: Pantai Pulau Kelapa Bungkutoko
01:37:01 | DEBUG   | [L1 Wiki] Error: Expecting value: line 1 column 1 (char 0)
01:37:01 | DEBUG   |       L1 Gagal, mencoba L2 DDGS...
01:37:06 | INFO    |       => Sukses dari: https://travel.kompas.com/read/2023/08/22/233257727/25-tempat-wisata-kendari-lengkap-ada-pantai-dan-bukit?page=all
01:37:08 | INFO    | [2301/2708] Mencari: TUGU KUDA DESA LAILANGGA
01:37:08 | DEBUG   | [L1 Wiki] Error: Expecting value: line 1 column 1 (char 0)
01:37:08 | DEBUG   |       L1 Gagal, mencoba L2 DDGS...
01:37:22 | INFO    |       => Sukses dari: https://id.wikipedia.org/wiki/Lailangga,_Wadaga,_Muna_Barat
01:37:23 | INFO    | [2307/2708] Mencari: Goa Tokubet
01:37:23 | DEBUG   | [L1 Wiki] Error: Expecting value: line 1 column 1 (char 0)
01:37:23 | DEBUG   |       L1 Gagal, mencoba L2 DDGS...
01:37:40 | INFO    |       => Gagal mencari deskripsi.
01:37:42 | INFO    | [2308/2708] Mencari: KOYO BEACH
01:37:42 | DEBUG   | [L1 Wiki] Error: Expecting value: line 1 column 1 (char 0)
01:37:42 | DEBUG   |       L1 Gagal, mencoba L2 DDGS...
01:37:54 | DEBUG   | [L2 BS4] Gagal ekstraksi url https://jadesta.kemenparekraf.go.id/atraksi/koyo_beach -> HTTPSConnectionPool(host='jadesta.kemenparekraf.go.id', port=443): Max retries exceeded with url: /atraksi/koyo_beach (Caused by NameResolutionError("HTTPSConnection(host='jadesta.kemenparekraf.go.id', port=443): Failed to resolve 'jadesta.kemenparekraf.go.id' ([Errno 11002] getaddrinfo failed)"))
01:37:58 | INFO    |       => Gagal mencari deskripsi.
01:37:59 | INFO    | [2310/2708] Mencari: Pantai Sukamaju
01:37:59 | DEBUG   | [L1 Wiki] Error: Expecting value: line 1 column 1 (char 0)
01:37:59 | DEBUG   |       L1 Gagal, mencoba L2 DDGS...
01:38:08 | INFO    |       => Sukses dari: https://sukamaju-boalemokab.digitaldesa.id/wisata
01:38:10 | INFO    | *** Auto-saving 620 baris diproses...
01:38:10 | INFO    | [2319/2708] Mencari: Bukit Alitta Madani
01:38:10 | DEBUG   | [L1 Wiki] Error: Expecting value: line 1 column 1 (char 0)
01:38:10 | DEBUG   |       L1 Gagal, mencoba L2 DDGS...
01:38:19 | INFO    |       => Gagal mencari deskripsi.
01:38:21 | INFO    | [2320/2708] Mencari: Air terjun Talise
01:38:21 | DEBUG   | [L1 Wiki] Error: Expecting value: line 1 column 1 (char 0)
01:38:21 | DEBUG   |       L1 Gagal, mencoba L2 DDGS...
01:38:31 | INFO    |       => Gagal mencari deskripsi.
01:38:32 | INFO    | [Resume] Baris [2322/2708] terlewati (sudah ada data).
01:38:32 | INFO    | [2327/2708] Mencari: Wisata Kebun Bunga OVA
01:38:32 | DEBUG   | [L1 Wiki] Error: Expecting value: line 1 column 1 (char 0)
01:38:32 | DEBUG   |       L1 Gagal, mencoba L2 DDGS...
01:38:37 | INFO    |       => Sukses dari: https://www.orami.co.id/magazine/wisata-palu
01:38:39 | INFO    | [2329/2708] Mencari: BOLRE ATO BVULYUD
01:38:39 | DEBUG   | [L1 Wiki] Error: Expecting value: line 1 column 1 (char 0)
01:38:39 | DEBUG   |       L1 Gagal, mencoba L2 DDGS...
01:38:49 | INFO    |       => Sukses dari: https://bolreatobvulyud.blogspot.com/
01:38:50 | INFO    | [2332/2708] Mencari: Air Terjun Paralahune
01:38:50 | DEBUG   | [L1 Wiki] Error: Expecting value: line 1 column 1 (char 0)
01:38:50 | DEBUG   |       L1 Gagal, mencoba L2 DDGS...
01:39:01 | INFO    |       => Gagal mencari deskripsi.
01:39:03 | INFO    | [2334/2708] Mencari: Air Terjun Doule
01:39:03 | DEBUG   | [L1 Wiki] Error: Expecting value: line 1 column 1 (char 0)
01:39:03 | DEBUG   |       L1 Gagal, mencoba L2 DDGS...
01:39:14 | INFO    |       => Gagal mencari deskripsi.
01:39:15 | INFO    | [2339/2708] Mencari: Bulu Mallocie
01:39:15 | DEBUG   | [L1 Wiki] Error: Expecting value: line 1 column 1 (char 0)
01:39:15 | DEBUG   |       L1 Gagal, mencoba L2 DDGS...
01:39:21 | INFO    |       => Sukses dari: https://www.kompasiana.com/afifahinayahsmuhammad2954/68bee49634777c680e1b1c93/bulu-mallocci-destinasi-kabupaten-sidrap-yang-cocok-untuk-pendaki-pemula
01:39:22 | INFO    | [2345/2708] Mencari: BUKIT NIZAM
01:39:22 | DEBUG   | [L1 Wiki] Error: Expecting value: line 1 column 1 (char 0)
01:39:22 | DEBUG   |       L1 Gagal, mencoba L2 DDGS...
01:39:29 | INFO    |       => Gagal mencari deskripsi.
01:39:30 | INFO    | [2351/2708] Mencari: Pantai Talowara
01:39:30 | DEBUG   | [L1 Wiki] Error: Expecting value: line 1 column 1 (char 0)
01:39:30 | DEBUG   |       L1 Gagal, mencoba L2 DDGS...
01:39:41 | INFO    |       => Gagal mencari deskripsi.
01:39:43 | INFO    | [2352/2708] Mencari: Agrowisata Bunti Ede Padende
01:39:43 | DEBUG   | [L1 Wiki] Error: Expecting value: line 1 column 1 (char 0)
01:39:43 | DEBUG   |       L1 Gagal, mencoba L2 DDGS...
01:39:48 | INFO    |       => Sukses dari: https://repository.untad.ac.id/id/eprint/105395/
01:39:50 | INFO    | [2358/2708] Mencari: Pantai Sampaga
01:39:50 | DEBUG   | [L1 Wiki] Error: Expecting value: line 1 column 1 (char 0)
01:39:50 | DEBUG   |       L1 Gagal, mencoba L2 DDGS...
01:40:05 | INFO    |       => Gagal mencari deskripsi.
01:40:06 | INFO    | [2364/2708] Mencari: Pantai Bahotonsu
01:40:06 | DEBUG   | [L1 Wiki] Error: Expecting value: line 1 column 1 (char 0)
01:40:06 | DEBUG   |       L1 Gagal, mencoba L2 DDGS...
01:40:17 | INFO    |       => Gagal mencari deskripsi.
01:40:18 | INFO    | [2365/2708] Mencari: Danau Lapada
01:40:18 | DEBUG   | [L1 Wiki] Error: Expecting value: line 1 column 1 (char 0)
01:40:18 | DEBUG   |       L1 Gagal, mencoba L2 DDGS...
01:40:28 | INFO    |       => Sukses dari: https://www.indosultra.com/warga-konut-hilang-di-kali-lapada-saat-cari-ikan-diduga-diterkam-buaya/
01:40:30 | INFO    | [2367/2708] Mencari: Puncak sunrise saloadak
01:40:30 | DEBUG   | [L1 Wiki] Error: Expecting value: line 1 column 1 (char 0)
01:40:30 | DEBUG   |       L1 Gagal, mencoba L2 DDGS...
01:40:35 | INFO    |       => Sukses dari: https://id.wikipedia.org/wiki/Saloadak,_Tobadak,_Mamuju_Tengah
01:40:37 | INFO    | [2368/2708] Mencari: air terjun tiga lantai
01:40:37 | DEBUG   | [L1 Wiki] Error: Expecting value: line 1 column 1 (char 0)
01:40:37 | DEBUG   |       L1 Gagal, mencoba L2 DDGS...
01:40:45 | INFO    |       => Sukses dari: https://www.crewpers.id/2026/04/pesona-air-terjun-tiga-tingkat-lubuk.html
01:40:46 | INFO    | [2369/2708] Mencari: Gunung parimata
01:40:46 | DEBUG   | [L1 Wiki] Error: Expecting value: line 1 column 1 (char 0)
01:40:46 | DEBUG   |       L1 Gagal, mencoba L2 DDGS...
01:40:57 | DEBUG   | [L2 BS4] Gagal ekstraksi url https://tribunrakyat.id/ayo-nikmati-4-destinasi-wisata-menarik-dan-unik-di-lembang-pata-padang/ -> HTTPSConnectionPool(host='tribunrakyat.id', port=443): Max retries exceeded with url: /ayo-nikmati-4-destinasi-wisata-menarik-dan-unik-di-lembang-pata-padang/ (Caused by NameResolutionError("HTTPSConnection(host='tribunrakyat.id', port=443): Failed to resolve 'tribunrakyat.id' ([Errno 11002] getaddrinfo failed)"))
01:40:57 | INFO    |       => Gagal mencari deskripsi.
01:40:59 | INFO    | [2377/2708] Mencari: Goa Tu'a Molangke Tombiano
01:40:59 | DEBUG   | [L1 Wiki] Error: Expecting value: line 1 column 1 (char 0)
01:40:59 | DEBUG   |       L1 Gagal, mencoba L2 DDGS...
01:41:10 | INFO    |       => Gagal mencari deskripsi.
01:41:12 | INFO    | [2378/2708] Mencari: Air Terjun Pandakes
01:41:12 | DEBUG   | [L1 Wiki] Error: Expecting value: line 1 column 1 (char 0)
01:41:12 | DEBUG   |       L1 Gagal, mencoba L2 DDGS...
01:41:22 | INFO    |       => Gagal mencari deskripsi.
01:41:23 | INFO    | [2379/2708] Mencari: Pantai Kacili Surabi
01:41:23 | DEBUG   | [L1 Wiki] Error: Expecting value: line 1 column 1 (char 0)
01:41:23 | DEBUG   |       L1 Gagal, mencoba L2 DDGS...
01:41:32 | INFO    |       => Gagal mencari deskripsi.
01:41:34 | INFO    | [2386/2708] Mencari: Air terjun Batu Kapal
01:41:34 | DEBUG   | [L1 Wiki] Error: Expecting value: line 1 column 1 (char 0)
01:41:34 | DEBUG   |       L1 Gagal, mencoba L2 DDGS...
01:41:39 | INFO    |       => Sukses dari: https://www.detik.com/bali/wisata/d-8009512/air-terjun-batu-kapal-destinasi-wisata-tersembunyi-di-flores-timur
01:41:41 | INFO    | *** Auto-saving 640 baris diproses...
01:41:41 | INFO    | [2387/2708] Mencari: BUKIT KEMBAR
01:41:41 | DEBUG   | [L1 Wiki] Error: Expecting value: line 1 column 1 (char 0)
01:41:41 | DEBUG   |       L1 Gagal, mencoba L2 DDGS...
01:41:54 | DEBUG   | [L2 BS4] Gagal ekstraksi url https://wisato.id/wisata-alam/10-destinasi-wisata-yang-tak-boleh-terlewatkan-di-pohuwato/ -> HTTPSConnectionPool(host='wisato.id', port=443): Read timed out. (read timeout=8)
01:41:58 | INFO    |       => Gagal mencari deskripsi.
01:41:59 | INFO    | [2391/2708] Mencari: BUKIT DOA MERAS
01:41:59 | DEBUG   | [L1 Wiki] Error: Expecting value: line 1 column 1 (char 0)
01:41:59 | DEBUG   |       L1 Gagal, mencoba L2 DDGS...
01:42:09 | INFO    |       => Gagal mencari deskripsi.
01:42:10 | INFO    | [2392/2708] Mencari: Saliran Beach
01:42:10 | DEBUG   | [L1 Wiki] Error: Expecting value: line 1 column 1 (char 0)
01:42:10 | DEBUG   |       L1 Gagal, mencoba L2 DDGS...
01:42:19 | INFO    |       => Sukses dari: https://www.gotravelaindonesia.com/kelingking-beach/
01:42:20 | INFO    | [2395/2708] Mencari: Pantai bobolio
01:42:20 | DEBUG   | [L1 Wiki] Error: Expecting value: line 1 column 1 (char 0)
01:42:20 | DEBUG   |       L1 Gagal, mencoba L2 DDGS...
01:42:26 | INFO    |       => Sukses dari: https://id.wikipedia.org/wiki/Bobolio,_Wawonii_Selatan,_Konawe_Kepulauan
01:42:27 | INFO    | [2399/2708] Mencari: Kolam pattirotiroang
01:42:27 | DEBUG   | [L1 Wiki] Error: Expecting value: line 1 column 1 (char 0)
01:42:27 | DEBUG   |       L1 Gagal, mencoba L2 DDGS...
01:42:38 | INFO    |       => Gagal mencari deskripsi.
01:42:39 | INFO    | [2401/2708] Mencari: Otalojin (Batu jin)
01:42:39 | DEBUG   | [L1 Wiki] Error: Expecting value: line 1 column 1 (char 0)
01:42:39 | DEBUG   |       L1 Gagal, mencoba L2 DDGS...
01:43:01 | INFO    |       => Gagal mencari deskripsi.
01:43:02 | INFO    | [2402/2708] Mencari: Pemandian Lomboan (Nonulo Bahari)
01:43:02 | DEBUG   | [L1 Wiki] Error: Expecting value: line 1 column 1 (char 0)
01:43:02 | DEBUG   |       L1 Gagal, mencoba L2 DDGS...
01:43:11 | INFO    |       => Gagal mencari deskripsi.
01:43:13 | INFO    | [2403/2708] Mencari: PANTAI BONDU BONDU
01:43:13 | DEBUG   | [L1 Wiki] Error: Expecting value: line 1 column 1 (char 0)
01:43:13 | DEBUG   |       L1 Gagal, mencoba L2 DDGS...
01:43:23 | INFO    |       => Gagal mencari deskripsi.
01:43:24 | INFO    | [2407/2708] Mencari: Wisata Bukit Asam sibedi
01:43:24 | DEBUG   | [L1 Wiki] Error: Expecting value: line 1 column 1 (char 0)
01:43:24 | DEBUG   |       L1 Gagal, mencoba L2 DDGS...
01:43:29 | INFO    |       => Sukses dari: https://pariwisata.sultengprov.go.id/data-pariwisata/destinasi-pariwisata/daya-tarik-wisata/dtw-kabupaten-sigi/80-bukit-sibedi.html
01:43:30 | INFO    | [2408/2708] Mencari: Pantai Ombuo
01:43:30 | DEBUG   | [L1 Wiki] Error: Expecting value: line 1 column 1 (char 0)
01:43:30 | DEBUG   |       L1 Gagal, mencoba L2 DDGS...
01:43:40 | INFO    |       => Gagal mencari deskripsi.
01:43:41 | INFO    | [2409/2708] Mencari: A.M.R Shop
01:43:41 | DEBUG   | [L1 Wiki] Error: Expecting value: line 1 column 1 (char 0)
01:43:41 | DEBUG   |       L1 Gagal, mencoba L2 DDGS...
01:43:58 | DEBUG   | [L2 BS4] Gagal ekstraksi url https://jadesta.kemenparekraf.go.id/desa/wajo_traditional_village -> HTTPSConnectionPool(host='jadesta.kemenparekraf.go.id', port=443): Max retries exceeded with url: /desa/wajo_traditional_village (Caused by NameResolutionError("HTTPSConnection(host='jadesta.kemenparekraf.go.id', port=443): Failed to resolve 'jadesta.kemenparekraf.go.id' ([Errno 11002] getaddrinfo failed)"))
01:43:58 | INFO    |       => Gagal mencari deskripsi.
01:43:59 | INFO    | [2413/2708] Mencari: Pantai dewi
01:43:59 | DEBUG   | [L1 Wiki] Error: Expecting value: line 1 column 1 (char 0)
01:43:59 | DEBUG   |       L1 Gagal, mencoba L2 DDGS...
01:44:10 | INFO    |       => Gagal mencari deskripsi.
01:44:12 | INFO    | [2415/2708] Mencari: Air Terjun Larowiu Meluhu Konawe
01:44:12 | DEBUG   | [L1 Wiki] Error: Expecting value: line 1 column 1 (char 0)
01:44:12 | DEBUG   |       L1 Gagal, mencoba L2 DDGS...
01:44:17 | INFO    |       => Sukses dari: https://www.geokepo.id/id/lokasi/konawe/air-terjun-larowiu
01:44:18 | INFO    | [2419/2708] Mencari: Danau Salendang Popidolon
01:44:18 | DEBUG   | [L1 Wiki] Error: Expecting value: line 1 column 1 (char 0)
01:44:18 | DEBUG   |       L1 Gagal, mencoba L2 DDGS...
01:44:28 | INFO    |       => Sukses dari: https://www.gobatak.com/salendang-beng-beng/
01:44:29 | INFO    | [2422/2708] Mencari: Air terjun Saluntere
01:44:29 | DEBUG   | [L1 Wiki] Error: Expecting value: line 1 column 1 (char 0)
01:44:29 | DEBUG   |       L1 Gagal, mencoba L2 DDGS...
01:44:41 | INFO    |       => Gagal mencari deskripsi.
01:44:43 | INFO    | [2430/2708] Mencari: Pantai Ujung Kelapa
01:44:43 | DEBUG   | [L1 Wiki] Error: Expecting value: line 1 column 1 (char 0)
01:44:43 | DEBUG   |       L1 Gagal, mencoba L2 DDGS...
01:44:52 | INFO    |       => Gagal mencari deskripsi.
01:44:54 | INFO    | [2432/2708] Mencari: Bukit penantian
01:44:54 | DEBUG   | [L1 Wiki] Error: Expecting value: line 1 column 1 (char 0)
01:44:54 | DEBUG   |       L1 Gagal, mencoba L2 DDGS...
01:45:06 | INFO    |       => Gagal mencari deskripsi.
01:45:07 | INFO    | [2433/2708] Mencari: GUA KAMBUNO
01:45:07 | DEBUG   | [L1 Wiki] Error: Expecting value: line 1 column 1 (char 0)
01:45:07 | DEBUG   |       L1 Gagal, mencoba L2 DDGS...
01:45:18 | DEBUG   | [L2 BS4] Gagal ekstraksi url https://sisparnas.kemenpar.go.id/p/18478 -> HTTPSConnectionPool(host='sisparnas.kemenpar.go.id', port=443): Max retries exceeded with url: /p/18478 (Caused by ConnectTimeoutError(<HTTPSConnection(host='sisparnas.kemenpar.go.id', port=443) at 0x1d078729a90>, 'Connection to sisparnas.kemenpar.go.id timed out. (connect timeout=8)'))
01:45:21 | DEBUG   | [L2 BS4] Gagal ekstraksi url https://sisparnas.kemenparekraf.go.id/p/18036 -> HTTPSConnectionPool(host='sisparnas.kemenparekraf.go.id', port=443): Max retries exceeded with url: /p/18036 (Caused by NameResolutionError("HTTPSConnection(host='sisparnas.kemenparekraf.go.id', port=443): Failed to resolve 'sisparnas.kemenparekraf.go.id' ([Errno 11002] getaddrinfo failed)"))
01:45:30 | DEBUG   | [L2 BS4] Gagal ekstraksi url https://sisparnas.com/p/18478 -> HTTPSConnectionPool(host='sisparnas.com', port=443): Read timed out. (read timeout=8)
01:45:30 | INFO    |       => Gagal mencari deskripsi.
01:45:32 | INFO    | [2435/2708] Mencari: Buttu Saletta
01:45:32 | DEBUG   | [L1 Wiki] Error: Expecting value: line 1 column 1 (char 0)
01:45:32 | DEBUG   |       L1 Gagal, mencoba L2 DDGS...
01:45:44 | INFO    |       => Gagal mencari deskripsi.
01:45:46 | INFO    | [2440/2708] Mencari: Confident Shop
01:45:46 | DEBUG   | [L1 Wiki] Error: Expecting value: line 1 column 1 (char 0)
01:45:46 | DEBUG   |       L1 Gagal, mencoba L2 DDGS...
01:46:00 | INFO    |       => Gagal mencari deskripsi.
01:46:01 | INFO    | *** Auto-saving 660 baris diproses...
01:46:01 | INFO    | [2446/2708] Mencari: Kuma Beach
01:46:01 | DEBUG   | [L1 Wiki] Error: Expecting value: line 1 column 1 (char 0)
01:46:01 | DEBUG   |       L1 Gagal, mencoba L2 DDGS...
01:46:05 | INFO    |       => Sukses dari: https://id.wikipedia.org/wiki/Kuma,_Essang_Selatan,_Kepulauan_Talaud
01:46:07 | INFO    | [2447/2708] Mencari: Air Terjun Uedele
01:46:07 | DEBUG   | [L1 Wiki] Error: Expecting value: line 1 column 1 (char 0)
01:46:07 | DEBUG   |       L1 Gagal, mencoba L2 DDGS...
01:46:24 | INFO    |       => Gagal mencari deskripsi.
01:46:26 | INFO    | [2448/2708] Mencari: Air Terjun Pesak
01:46:26 | DEBUG   | [L1 Wiki] Error: Expecting value: line 1 column 1 (char 0)
01:46:26 | DEBUG   |       L1 Gagal, mencoba L2 DDGS...
01:46:36 | INFO    |       => Gagal mencari deskripsi.
01:46:38 | INFO    | [2450/2708] Mencari: Pantai Bandara
01:46:38 | DEBUG   | [L1 Wiki] Error: Expecting value: line 1 column 1 (char 0)
01:46:38 | DEBUG   |       L1 Gagal, mencoba L2 DDGS...
01:46:48 | INFO    |       => Sukses dari: https://luwukbanggai.com/petualangan-banggai-sulawesi-terbaik/
01:46:49 | INFO    | [2451/2708] Mencari: Pantai Melambai
01:46:50 | DEBUG   | [L1 Wiki] Error: Expecting value: line 1 column 1 (char 0)
01:46:50 | DEBUG   |       L1 Gagal, mencoba L2 DDGS...
01:46:58 | INFO    |       => Gagal mencari deskripsi.
01:46:59 | INFO    | [2453/2708] Mencari: Air Terjun Wawondiku
01:46:59 | DEBUG   | [L1 Wiki] Error: Expecting value: line 1 column 1 (char 0)
01:46:59 | DEBUG   |       L1 Gagal, mencoba L2 DDGS...
01:47:10 | INFO    |       => Sukses dari: https://www.jelajahsultra.com/2016/02/air-terjun-lalombundi-konawe-utara.html
01:47:12 | INFO    | [2457/2708] Mencari: Gunung Ombo 1200 MDPL
01:47:12 | DEBUG   | [L1 Wiki] Error: Expecting value: line 1 column 1 (char 0)
01:47:12 | DEBUG   |       L1 Gagal, mencoba L2 DDGS...
01:47:17 | INFO    |       => Sukses dari: https://seringjalan.com/pendakian-gunung-panderman-batu-malang/
01:47:19 | INFO    | [2466/2708] Mencari: Bukit Arung Bua
01:47:19 | DEBUG   | [L1 Wiki] Error: Expecting value: line 1 column 1 (char 0)
01:47:19 | DEBUG   |       L1 Gagal, mencoba L2 DDGS...
01:47:26 | INFO    |       => Gagal mencari deskripsi.
01:47:28 | INFO    | [2467/2708] Mencari: Balara Beach
01:47:28 | DEBUG   | [L1 Wiki] Error: Expecting value: line 1 column 1 (char 0)
01:47:28 | DEBUG   |       L1 Gagal, mencoba L2 DDGS...
01:47:37 | DEBUG   | [L2 BS4] Gagal ekstraksi url https://selayarvacation.com/ -> HTTPSConnectionPool(host='selayarvacation.com', port=443): Max retries exceeded with url: / (Caused by SSLError(SSLError(1, '[SSL: TLSV1_ALERT_INTERNAL_ERROR] tlsv1 alert internal error (_ssl.c:1081)')))
01:47:37 | INFO    |       => Gagal mencari deskripsi.
01:47:39 | INFO    | [Resume] Baris [2469/2708] terlewati (sudah ada data).
01:47:39 | INFO    | [2473/2708] Mencari: Pante Kalou
01:47:39 | DEBUG   | [L1 Wiki] Error: Expecting value: line 1 column 1 (char 0)
01:47:39 | DEBUG   |       L1 Gagal, mencoba L2 DDGS...
01:47:45 | INFO    |       => Gagal mencari deskripsi.
01:47:46 | INFO    | [2476/2708] Mencari: Pantai Nanaka
01:47:46 | DEBUG   | [L1 Wiki] Error: Expecting value: line 1 column 1 (char 0)
01:47:46 | DEBUG   |       L1 Gagal, mencoba L2 DDGS...
01:47:55 | INFO    |       => Gagal mencari deskripsi.
01:47:57 | INFO    | [2477/2708] Mencari: Bukit Ceria Toipan
01:47:57 | DEBUG   | [L1 Wiki] Error: Expecting value: line 1 column 1 (char 0)
01:47:57 | DEBUG   |       L1 Gagal, mencoba L2 DDGS...
01:48:04 | INFO    |       => Sukses dari: https://banggaikab.go.id/beranda/page/Pariwisata
01:48:05 | INFO    | [2479/2708] Mencari: AIR TERJUN TETENU
01:48:05 | DEBUG   | [L1 Wiki] Error: Expecting value: line 1 column 1 (char 0)
01:48:05 | DEBUG   |       L1 Gagal, mencoba L2 DDGS...
01:48:15 | INFO    |       => Gagal mencari deskripsi.
01:48:17 | INFO    | [2480/2708] Mencari: Pantai Batugong
01:48:17 | DEBUG   | [L1 Wiki] Error: Expecting value: line 1 column 1 (char 0)
01:48:17 | DEBUG   |       L1 Gagal, mencoba L2 DDGS...
01:48:27 | DEBUG   | [L2 DDGS] Error: DecodeError: DecodeError('Body collection error: error decoding response body')
01:48:27 | INFO    |       => Gagal mencari deskripsi.
01:48:28 | INFO    | [2481/2708] Mencari: Pantai Tanjung Tawatawaro
01:48:29 | DEBUG   | [L1 Wiki] Error: Expecting value: line 1 column 1 (char 0)
01:48:29 | DEBUG   |       L1 Gagal, mencoba L2 DDGS...
01:48:34 | INFO    |       => Sukses dari: https://sentralsultra.id/surga-tersembunyi-pantai-tanjung-tawatawaro-di-sulawesi-tenggara-ini-wajib-masuk-bucket-list/
01:48:36 | INFO    | [2483/2708] Mencari: PUNCAK SATIRA
01:48:36 | DEBUG   | [L1 Wiki] Error: Expecting value: line 1 column 1 (char 0)
01:48:36 | DEBUG   |       L1 Gagal, mencoba L2 DDGS...
01:48:48 | INFO    |       => Gagal mencari deskripsi.
01:48:49 | INFO    | [2486/2708] Mencari: Air Terjun Bongoda'a
01:48:49 | DEBUG   | [L1 Wiki] Error: Expecting value: line 1 column 1 (char 0)
01:48:49 | DEBUG   |       L1 Gagal, mencoba L2 DDGS...
01:49:01 | DEBUG   | [L2 BS4] Gagal ekstraksi url https://www.omote-sando.info/6-rekomendasi-objek-wisata-gorontalo-yang-wajib-dikunjungi/ -> HTTPSConnectionPool(host='www.omote-sando.info', port=443): Max retries exceeded with url: /6-rekomendasi-objek-wisata-gorontalo-yang-wajib-dikunjungi/ (Caused by SSLError(SSLCertVerificationError(1, "[SSL: CERTIFICATE_VERIFY_FAILED] certificate verify failed: Hostname mismatch, certificate is not valid for 'www.omote-sando.info'. (_ssl.c:1081)")))
01:49:01 | INFO    |       => Gagal mencari deskripsi.
01:49:02 | INFO    | [2488/2708] Mencari: Bukit Pinus (bupin)
01:49:02 | DEBUG   | [L1 Wiki] Error: Expecting value: line 1 column 1 (char 0)
01:49:02 | DEBUG   |       L1 Gagal, mencoba L2 DDGS...
01:49:17 | INFO    |       => Gagal mencari deskripsi.
01:49:18 | INFO    | [2497/2708] Mencari: Desa Sepakat
01:49:18 | DEBUG   | [L1 Wiki] Error: Expecting value: line 1 column 1 (char 0)
01:49:18 | DEBUG   |       L1 Gagal, mencoba L2 DDGS...
01:49:24 | INFO    |       => Sukses dari: https://mymagnificentindonesia.wordpress.com/tag/tempat-wisata-di-balebo-masamba-luwu-utara-sulawesi-selatan-toraja/
01:49:26 | INFO    | [2501/2708] Mencari: Pantai Batuajara
01:49:26 | DEBUG   | [L1 Wiki] Error: Expecting value: line 1 column 1 (char 0)
01:49:26 | DEBUG   |       L1 Gagal, mencoba L2 DDGS...
01:49:35 | INFO    |       => Gagal mencari deskripsi.
01:49:37 | INFO    | *** Auto-saving 680 baris diproses...
01:49:37 | INFO    | [2506/2708] Mencari: Bukit Jokowi
01:49:37 | DEBUG   | [L1 Wiki] Error: Expecting value: line 1 column 1 (char 0)
01:49:37 | DEBUG   |       L1 Gagal, mencoba L2 DDGS...
01:49:47 | INFO    |       => Gagal mencari deskripsi.
01:49:48 | INFO    | [2510/2708] Mencari: Pantai PELANGI
01:49:48 | DEBUG   | [L1 Wiki] Error: Expecting value: line 1 column 1 (char 0)
01:49:48 | DEBUG   |       L1 Gagal, mencoba L2 DDGS...
01:49:59 | INFO    |       => Gagal mencari deskripsi.
01:50:00 | INFO    | [2511/2708] Mencari: Benteng Bebengketan
01:50:00 | DEBUG   | [L1 Wiki] Error: Expecting value: line 1 column 1 (char 0)
01:50:00 | DEBUG   |       L1 Gagal, mencoba L2 DDGS...
01:50:18 | INFO    |       => Gagal mencari deskripsi.
01:50:19 | INFO    | [2513/2708] Mencari: Pirsah
01:50:19 | DEBUG   | [L1 Wiki] Error: Expecting value: line 1 column 1 (char 0)
01:50:19 | DEBUG   |       L1 Gagal, mencoba L2 DDGS...
01:50:26 | INFO    |       => Gagal mencari deskripsi.
01:50:27 | INFO    | [2522/2708] Mencari: Bukit ilham Wosu
01:50:28 | DEBUG   | [L1 Wiki] Error: Expecting value: line 1 column 1 (char 0)
01:50:28 | DEBUG   |       L1 Gagal, mencoba L2 DDGS...
01:50:38 | INFO    |       => Sukses dari: https://palu.tribunnews.com/travel/172169/pengunjung-rekomendasikan-air-terjun-veranomata-morowali-jadi-tujuan-wisata-di-akhir-pekan
01:50:39 | INFO    | [2524/2708] Mencari: Danau Dowiwi
01:50:39 | DEBUG   | [L1 Wiki] Error: Expecting value: line 1 column 1 (char 0)
01:50:39 | DEBUG   |       L1 Gagal, mencoba L2 DDGS...
01:50:47 | INFO    |       => Gagal mencari deskripsi.
01:50:49 | INFO    | [2542/2708] Mencari: Wale Manguni
01:50:49 | DEBUG   | [L1 Wiki] Error: Expecting value: line 1 column 1 (char 0)
01:50:49 | DEBUG   |       L1 Gagal, mencoba L2 DDGS...
01:50:58 | INFO    |       => Gagal mencari deskripsi.
01:50:59 | INFO    | [2553/2708] Mencari: Air Terjun Pelangi
01:50:59 | DEBUG   | [L1 Wiki] Error: Expecting value: line 1 column 1 (char 0)
01:50:59 | DEBUG   |       L1 Gagal, mencoba L2 DDGS...
01:51:05 | INFO    |       => Sukses dari: https://www.detik.com/sulsel/foto/d-6504059/eksotisme-air-terjun-pelangi-jonjo-parigi-di-kabupaten-gowa
01:51:07 | INFO    | [2557/2708] Mencari: Gunung Lantiangoro
01:51:07 | DEBUG   | [L1 Wiki] Error: Expecting value: line 1 column 1 (char 0)
01:51:07 | DEBUG   |       L1 Gagal, mencoba L2 DDGS...
01:51:18 | INFO    |       => Gagal mencari deskripsi.
01:51:19 | INFO    | [2558/2708] Mencari: Air Terjun Itto Sarasa
01:51:19 | DEBUG   | [L1 Wiki] Error: Expecting value: line 1 column 1 (char 0)
01:51:19 | DEBUG   |       L1 Gagal, mencoba L2 DDGS...
01:51:23 | INFO    |       => Sukses dari: https://www.thenewsulsel.com/2022/06/07/citizen-reporter-panorama-air-terjun-itto-sarasa-pinrang-yang-bertingkat-tiga
01:51:25 | INFO    | [2560/2708] Mencari: Cahaya Berkah Abadi
01:51:25 | DEBUG   | [L1 Wiki] Error: Expecting value: line 1 column 1 (char 0)
01:51:25 | DEBUG   |       L1 Gagal, mencoba L2 DDGS...
01:51:38 | INFO    |       => Gagal mencari deskripsi.
01:51:39 | INFO    | [2562/2708] Mencari: Minawo 2
01:51:40 | DEBUG   | [L1 Wiki] Error: Expecting value: line 1 column 1 (char 0)
01:51:40 | DEBUG   |       L1 Gagal, mencoba L2 DDGS...
01:51:55 | INFO    |       => Gagal mencari deskripsi.
01:51:56 | INFO    | [2564/2708] Mencari: Pantai Tinonnong
01:51:56 | DEBUG   | [L1 Wiki] Error: Expecting value: line 1 column 1 (char 0)
01:51:56 | DEBUG   |       L1 Gagal, mencoba L2 DDGS...
01:52:06 | INFO    |       => Gagal mencari deskripsi.
01:52:07 | INFO    | [2567/2708] Mencari: Attalia Waterpool
01:52:07 | DEBUG   | [L1 Wiki] Error: Expecting value: line 1 column 1 (char 0)
01:52:07 | DEBUG   |       L1 Gagal, mencoba L2 DDGS...
01:52:16 | INFO    |       => Gagal mencari deskripsi.
01:52:18 | INFO    | [2570/2708] Mencari: Air Terjun Lena
01:52:18 | DEBUG   | [L1 Wiki] Error: Expecting value: line 1 column 1 (char 0)
01:52:18 | DEBUG   |       L1 Gagal, mencoba L2 DDGS...
01:52:29 | INFO    |       => Gagal mencari deskripsi.
01:52:31 | INFO    | [2577/2708] Mencari: Air terjun pinosaula
01:52:31 | DEBUG   | [L1 Wiki] Error: Expecting value: line 1 column 1 (char 0)
01:52:31 | DEBUG   |       L1 Gagal, mencoba L2 DDGS...
01:52:43 | INFO    |       => Gagal mencari deskripsi.
01:52:45 | INFO    | [2580/2708] Mencari: Burias
01:52:45 | DEBUG   | [L1 Wiki] Error: Expecting value: line 1 column 1 (char 0)
01:52:45 | DEBUG   |       L1 Gagal, mencoba L2 DDGS...
01:52:53 | INFO    |       => Gagal mencari deskripsi.
01:52:54 | INFO    | [2582/2708] Mencari: Pantai Bamba
01:52:54 | DEBUG   | [L1 Wiki] Error: Expecting value: line 1 column 1 (char 0)
01:52:54 | DEBUG   |       L1 Gagal, mencoba L2 DDGS...
01:53:05 | DEBUG   | [L2 DDGS] Error: ConnectError: ConnectError('error sending request for url (https://html.duckduckgo.com/html/)', 'https://html.duckduckgo.com/html/')
01:53:05 | INFO    |       => Gagal mencari deskripsi.
01:53:07 | INFO    | [2584/2708] Mencari: Paisupuso Jaya
01:53:07 | DEBUG   | [L1 Wiki] Error: Expecting value: line 1 column 1 (char 0)
01:53:07 | DEBUG   |       L1 Gagal, mencoba L2 DDGS...
01:53:14 | INFO    |       => Gagal mencari deskripsi.
01:53:15 | INFO    | [2585/2708] Mencari: Pantai Amine wa Myriem
01:53:15 | DEBUG   | [L1 Wiki] Error: Expecting value: line 1 column 1 (char 0)
01:53:15 | DEBUG   |       L1 Gagal, mencoba L2 DDGS...
01:53:25 | INFO    |       => Gagal mencari deskripsi.
01:53:26 | INFO    | *** Auto-saving 700 baris diproses...
01:53:26 | INFO    | [2586/2708] Mencari: Pantai Batharagala
01:53:26 | DEBUG   | [L1 Wiki] Error: Expecting value: line 1 column 1 (char 0)
01:53:26 | DEBUG   |       L1 Gagal, mencoba L2 DDGS...
01:53:40 | INFO    |       => Gagal mencari deskripsi.
01:53:42 | INFO    | [2588/2708] Mencari: Pantai Lantowua (small beach public)
01:53:42 | DEBUG   | [L1 Wiki] Error: Expecting value: line 1 column 1 (char 0)
01:53:42 | DEBUG   |       L1 Gagal, mencoba L2 DDGS...
01:53:47 | INFO    |       => Gagal mencari deskripsi.
01:53:48 | INFO    | [2598/2708] Mencari: Pantai Kire
01:53:48 | DEBUG   | [L1 Wiki] Error: Expecting value: line 1 column 1 (char 0)
01:53:48 | DEBUG   |       L1 Gagal, mencoba L2 DDGS...
01:53:55 | INFO    |       => Gagal mencari deskripsi.
01:53:57 | INFO    | [2599/2708] Mencari: Lorong Lembang Bunga
01:53:57 | DEBUG   | [L1 Wiki] Error: Expecting value: line 1 column 1 (char 0)
01:53:57 | DEBUG   |       L1 Gagal, mencoba L2 DDGS...
01:54:05 | INFO    |       => Gagal mencari deskripsi.
01:54:06 | INFO    | [2604/2708] Mencari: Puncak bitung
01:54:06 | DEBUG   | [L1 Wiki] Error: Expecting value: line 1 column 1 (char 0)
01:54:06 | DEBUG   |       L1 Gagal, mencoba L2 DDGS...
01:54:18 | INFO    |       => Gagal mencari deskripsi.
01:54:20 | INFO    | [Resume] Baris [2605/2708] terlewati (sudah ada data).
01:54:20 | INFO    | [2608/2708] Mencari: Pantai El-Shaddai
01:54:20 | DEBUG   | [L1 Wiki] Error: Expecting value: line 1 column 1 (char 0)
01:54:20 | DEBUG   |       L1 Gagal, mencoba L2 DDGS...
01:54:37 | INFO    |       => Gagal mencari deskripsi.
01:54:39 | INFO    | [2610/2708] Mencari: Pantai pemamengketang
01:54:39 | DEBUG   | [L1 Wiki] Error: Expecting value: line 1 column 1 (char 0)
01:54:39 | DEBUG   |       L1 Gagal, mencoba L2 DDGS...
01:54:51 | INFO    |       => Gagal mencari deskripsi.
01:54:53 | INFO    | [2612/2708] Mencari: Nusa dolong
01:54:53 | DEBUG   | [L1 Wiki] Error: Expecting value: line 1 column 1 (char 0)
01:54:53 | DEBUG   |       L1 Gagal, mencoba L2 DDGS...
01:55:01 | INFO    |       => Gagal mencari deskripsi.
01:55:02 | INFO    | [2613/2708] Mencari: Bolo lia 1
01:55:03 | DEBUG   | [L1 Wiki] Error: Expecting value: line 1 column 1 (char 0)
01:55:03 | DEBUG   |       L1 Gagal, mencoba L2 DDGS...
01:55:13 | INFO    |       => Gagal mencari deskripsi.
01:55:15 | INFO    | [2618/2708] Mencari: POCI
01:55:15 | DEBUG   | [L1 Wiki] Error: Expecting value: line 1 column 1 (char 0)
01:55:15 | DEBUG   |       L1 Gagal, mencoba L2 DDGS...
01:55:31 | INFO    |       => Gagal mencari deskripsi.
01:55:33 | INFO    | [2619/2708] Mencari: Pantai Topa Sulaa
01:55:33 | DEBUG   | [L1 Wiki] Error: Expecting value: line 1 column 1 (char 0)
01:55:33 | DEBUG   |       L1 Gagal, mencoba L2 DDGS...
01:55:37 | INFO    |       => Sukses dari: https://id.wikipedia.org/wiki/Sulaa,_Betoambari,_Baubau
01:55:38 | INFO    | [2621/2708] Mencari: Basa island - Bombana
01:55:38 | DEBUG   | [L1 Wiki] Error: Expecting value: line 1 column 1 (char 0)
01:55:38 | DEBUG   |       L1 Gagal, mencoba L2 DDGS...
01:55:43 | INFO    |       => Sukses dari: https://merahmaron.com/wisata/pesona-tersembunyi-bombana-rekomendasi-wisata-antimainstream/
01:55:44 | INFO    | [2622/2708] Mencari: Pantai Toromaginti
01:55:44 | DEBUG   | [L1 Wiki] Error: Expecting value: line 1 column 1 (char 0)
01:55:44 | DEBUG   |       L1 Gagal, mencoba L2 DDGS...
01:56:03 | DEBUG   | [L2 BS4] Gagal ekstraksi url https://www.perspektifmedia.id/menggali-potensi-desa-wisata-bombana-gelar-workshop-untuk-wujudkan-pariwisata-berkelanjutan/ -> HTTPSConnectionPool(host='www.perspektifmedia.id', port=443): Read timed out.
01:56:04 | INFO    |       => Gagal mencari deskripsi.
01:56:06 | INFO    | [2623/2708] Mencari: Landuli
01:56:06 | DEBUG   | [L1 Wiki] Error: Expecting value: line 1 column 1 (char 0)
01:56:06 | DEBUG   |       L1 Gagal, mencoba L2 DDGS...
01:56:14 | INFO    |       => Gagal mencari deskripsi.
01:56:16 | INFO    | [2628/2708] Mencari: Matantahi
01:56:16 | DEBUG   | [L1 Wiki] Error: Expecting value: line 1 column 1 (char 0)
01:56:16 | DEBUG   |       L1 Gagal, mencoba L2 DDGS...
01:56:25 | INFO    |       => Sukses dari: https://sultrakini.com/eksplor-pesona-wisata-butur-lewat-komunitas-penyelam/
01:56:27 | INFO    | [2632/2708] Mencari: Green Topejawa Coastal
01:56:27 | DEBUG   | [L1 Wiki] Error: Expecting value: line 1 column 1 (char 0)
01:56:27 | DEBUG   |       L1 Gagal, mencoba L2 DDGS...
01:56:33 | DEBUG   | [L2 BS4] Gagal ekstraksi url https://jadesta.kemenparekraf.go.id/desa/topejawa -> HTTPSConnectionPool(host='jadesta.kemenparekraf.go.id', port=443): Max retries exceeded with url: /desa/topejawa (Caused by NameResolutionError("HTTPSConnection(host='jadesta.kemenparekraf.go.id', port=443): Failed to resolve 'jadesta.kemenparekraf.go.id' ([Errno 11002] getaddrinfo failed)"))
01:56:34 | INFO    |       => Sukses dari: https://makassar.tribunnews.com/takalar-maju/1817928/disparpora-gandeng-dihp-takalar-bersihkan-aset-wisata-green-topejawa-coastal
01:56:36 | INFO    | [2633/2708] Mencari: gunung Nusantara
01:56:36 | DEBUG   | [L1 Wiki] Error: Expecting value: line 1 column 1 (char 0)
01:56:36 | DEBUG   |       L1 Gagal, mencoba L2 DDGS...
01:56:44 | DEBUG   | [L2 BS4] Gagal ekstraksi url https://jadesta.kemenparekraf.go.id/desa/tompo_bulu_1 -> HTTPSConnectionPool(host='jadesta.kemenparekraf.go.id', port=443): Max retries exceeded with url: /desa/tompo_bulu_1 (Caused by NameResolutionError("HTTPSConnection(host='jadesta.kemenparekraf.go.id', port=443): Failed to resolve 'jadesta.kemenparekraf.go.id' ([Errno 11002] getaddrinfo failed)"))
01:56:46 | INFO    |       => Gagal mencari deskripsi.
01:56:48 | INFO    | [2634/2708] Mencari: Bulu Manarang
01:56:48 | DEBUG   | [L1 Wiki] Error: Expecting value: line 1 column 1 (char 0)
01:56:48 | DEBUG   |       L1 Gagal, mencoba L2 DDGS...
01:56:52 | INFO    |       => Sukses dari: https://id.wikipedia.org/wiki/Manarang,_Mattiro_Bulu,_Pinrang
01:56:53 | INFO    | [2636/2708] Mencari: Gunung Tibembeng
01:56:53 | DEBUG   | [L1 Wiki] Error: Expecting value: line 1 column 1 (char 0)
01:56:53 | DEBUG   |       L1 Gagal, mencoba L2 DDGS...
01:57:05 | DEBUG   | [L2 BS4] Gagal ekstraksi url http://disbudpar.torajautarakab.go.id/ -> HTTPConnectionPool(host='disbudpar.torajautarakab.go.id', port=80): Max retries exceeded with url: / (Caused by ConnectTimeoutError(<HTTPConnection(host='disbudpar.torajautarakab.go.id', port=80) at 0x1d073e93130>, 'Connection to disbudpar.torajautarakab.go.id timed out. (connect timeout=8)'))
01:57:08 | INFO    |       => Gagal mencari deskripsi.
01:57:10 | INFO    | [2639/2708] Mencari: Air Terjun Bilatu
01:57:10 | DEBUG   | [L1 Wiki] Error: Expecting value: line 1 column 1 (char 0)
01:57:10 | DEBUG   |       L1 Gagal, mencoba L2 DDGS...
01:57:19 | INFO    |       => Gagal mencari deskripsi.
01:57:21 | INFO    | *** Auto-saving 720 baris diproses...
01:57:21 | INFO    | [2650/2708] Mencari: Tanggul Khayal
01:57:21 | DEBUG   | [L1 Wiki] Error: Expecting value: line 1 column 1 (char 0)
01:57:21 | DEBUG   |       L1 Gagal, mencoba L2 DDGS...
01:57:32 | INFO    |       => Gagal mencari deskripsi.
01:57:33 | INFO    | [2653/2708] Mencari: PANTAI KEI-KEI
01:57:33 | DEBUG   | [L1 Wiki] Error: Expecting value: line 1 column 1 (char 0)
01:57:33 | DEBUG   |       L1 Gagal, mencoba L2 DDGS...
01:57:46 | DEBUG   | [L2 BS4] Gagal ekstraksi url https://jadesta.kemenpar.go.id/desa/pantai_keikei -> HTTPSConnectionPool(host='jadesta.kemenpar.go.id', port=443): Max retries exceeded with url: /desa/pantai_keikei (Caused by ConnectTimeoutError(<HTTPSConnection(host='jadesta.kemenpar.go.id', port=443) at 0x1d076f774d0>, 'Connection to jadesta.kemenpar.go.id timed out. (connect timeout=8)'))
01:57:52 | INFO    |       => Gagal mencari deskripsi.
01:57:54 | INFO    | [2667/2708] Mencari: Air Terjun Torotuo
01:57:54 | DEBUG   | [L1 Wiki] Error: Expecting value: line 1 column 1 (char 0)
01:57:54 | DEBUG   |       L1 Gagal, mencoba L2 DDGS...
01:58:08 | DEBUG   | [L2 BS4] Gagal ekstraksi url https://wisato.id/wisata-alam/kolaka-utara-kabupaten-dengan-10-destinasi-wisata-terbaik/ -> HTTPSConnectionPool(host='wisato.id', port=443): Read timed out. (read timeout=8)
01:58:09 | INFO    |       => Gagal mencari deskripsi.
01:58:11 | INFO    | [2675/2708] Mencari: KTM Landevaso
01:58:11 | DEBUG   | [L1 Wiki] Error: Expecting value: line 1 column 1 (char 0)
01:58:11 | DEBUG   |       L1 Gagal, mencoba L2 DDGS...
01:58:22 | INFO    |       => Gagal mencari deskripsi.
01:58:23 | INFO    | [2678/2708] Mencari: DANAU HITAM
01:58:23 | DEBUG   | [L1 Wiki] Error: Expecting value: line 1 column 1 (char 0)
01:58:23 | DEBUG   |       L1 Gagal, mencoba L2 DDGS...
01:58:32 | DEBUG   | [L2 DDGS] Error: RequestError: RequestError('error sending request for url (https://search.yahoo.com/search;_ylt=Ja3aqSr9jtnFn7aX-O4v4S7n;_ylu=h_7793M6Je-TTqo8AfZ8aG-1NhOPloCqn5RV3PxxrK-ZqVA?p=DANAU+HITAM+Kabupaten+Konawe+Selatan+wisata)', 'https://search.yahoo.com/search;_ylt=Ja3aqSr9jtnFn7aX-O4v4S7n;_ylu=h_7793M6Je-TTqo8AfZ8aG-1NhOPloCqn5RV3PxxrK-ZqVA?p=DANAU+HITAM+Kabupaten+Konawe+Selatan+wisata')
01:58:32 | INFO    |       => Gagal mencari deskripsi.
01:58:34 | INFO    | [2681/2708] Mencari: air terjun taddolli
01:58:34 | DEBUG   | [L1 Wiki] Error: Expecting value: line 1 column 1 (char 0)
01:58:34 | DEBUG   |       L1 Gagal, mencoba L2 DDGS...
01:58:43 | INFO    |       => Gagal mencari deskripsi.
01:58:44 | INFO    | [2682/2708] Mencari: Buttu Lanjanan
01:58:44 | DEBUG   | [L1 Wiki] Error: Expecting value: line 1 column 1 (char 0)
01:58:44 | DEBUG   |       L1 Gagal, mencoba L2 DDGS...
01:58:52 | INFO    |       => Gagal mencari deskripsi.
01:58:54 | INFO    | [2683/2708] Mencari: Lante-lante
01:58:54 | DEBUG   | [L1 Wiki] Error: Expecting value: line 1 column 1 (char 0)
01:58:54 | DEBUG   |       L1 Gagal, mencoba L2 DDGS...
01:59:08 | INFO    |       => Gagal mencari deskripsi.
01:59:10 | INFO    | [2684/2708] Mencari: UD. divo sejaterah🌽
01:59:10 | DEBUG   | [L1 Wiki] Error: Expecting value: line 1 column 1 (char 0)
01:59:10 | DEBUG   |       L1 Gagal, mencoba L2 DDGS...
01:59:18 | INFO    |       => Gagal mencari deskripsi.
01:59:20 | INFO    | [2686/2708] Mencari: Wisata alam panapa
01:59:20 | DEBUG   | [L1 Wiki] Error: Expecting value: line 1 column 1 (char 0)
01:59:20 | DEBUG   |       L1 Gagal, mencoba L2 DDGS...
01:59:25 | INFO    |       => Sukses dari: https://www.geokepo.id/id/lokasi/morowali-utara/air-terjun-panas-panapa
01:59:27 | INFO    | [2687/2708] Mencari: Pantai kasosona
01:59:27 | DEBUG   | [L1 Wiki] Error: Expecting value: line 1 column 1 (char 0)
01:59:27 | DEBUG   |       L1 Gagal, mencoba L2 DDGS...
01:59:35 | DEBUG   | [L2 BS4] Gagal ekstraksi url https://jdihn.go.id/files/403/1460039680_2._ranperda_rippda_pdf.pdf -> HTTPSConnectionPool(host='jdihn.go.id', port=443): Max retries exceeded with url: /files/403/1460039680_2._ranperda_rippda_pdf.pdf (Caused by SSLError(SSLCertVerificationError(1, '[SSL: CERTIFICATE_VERIFY_FAILED] certificate verify failed: unable to get local issuer certificate (_ssl.c:1081)')))
01:59:35 | INFO    |       => Gagal mencari deskripsi.
01:59:36 | INFO    | [2688/2708] Mencari: Bukit Emot
01:59:36 | DEBUG   | [L1 Wiki] Error: Expecting value: line 1 column 1 (char 0)
01:59:36 | DEBUG   |       L1 Gagal, mencoba L2 DDGS...
01:59:50 | DEBUG   | [L2 BS4] Gagal ekstraksi url https://sisparnas.kemenparekraf.go.id/p/91013 -> HTTPSConnectionPool(host='sisparnas.kemenparekraf.go.id', port=443): Max retries exceeded with url: /p/91013 (Caused by NameResolutionError("HTTPSConnection(host='sisparnas.kemenparekraf.go.id', port=443): Failed to resolve 'sisparnas.kemenparekraf.go.id' ([Errno 11002] getaddrinfo failed)"))
01:59:50 | INFO    |       => Gagal mencari deskripsi.
01:59:52 | INFO    | [2689/2708] Mencari: Bukit Peca
01:59:52 | DEBUG   | [L1 Wiki] Error: Expecting value: line 1 column 1 (char 0)
01:59:52 | DEBUG   |       L1 Gagal, mencoba L2 DDGS...
02:00:03 | INFO    |       => Gagal mencari deskripsi.
02:00:04 | INFO    | [2694/2708] Mencari: GPDI Bukit Zaitun Hesang
02:00:04 | DEBUG   | [L1 Wiki] Error: Expecting value: line 1 column 1 (char 0)
02:00:04 | DEBUG   |       L1 Gagal, mencoba L2 DDGS...
02:00:13 | DEBUG   | [L2 BS4] Gagal ekstraksi url https://jadesta.kemenparekraf.go.id/desa/hesang -> HTTPSConnectionPool(host='jadesta.kemenparekraf.go.id', port=443): Max retries exceeded with url: /desa/hesang (Caused by NameResolutionError("HTTPSConnection(host='jadesta.kemenparekraf.go.id', port=443): Failed to resolve 'jadesta.kemenparekraf.go.id' ([Errno 11002] getaddrinfo failed)"))
02:00:15 | INFO    |       => Gagal mencari deskripsi.
02:00:16 | INFO    | [2695/2708] Mencari: Pantai paranti Tabang
02:00:16 | DEBUG   | [L1 Wiki] Error: Expecting value: line 1 column 1 (char 0)
02:00:16 | DEBUG   |       L1 Gagal, mencoba L2 DDGS...
02:00:26 | DEBUG   | [L2 DDGS] Error: ConnectError: ConnectError('error sending request for url (https://html.duckduckgo.com/html/)', 'https://html.duckduckgo.com/html/')
02:00:26 | INFO    |       => Gagal mencari deskripsi.
02:00:28 | INFO    | [2696/2708] Mencari: Pantai Pompole Tosale
02:00:28 | DEBUG   | [L1 Wiki] Error: Expecting value: line 1 column 1 (char 0)
02:00:28 | DEBUG   |       L1 Gagal, mencoba L2 DDGS...
02:00:38 | INFO    |       => Gagal mencari deskripsi.
02:00:39 | INFO    | [2697/2708] Mencari: Bukit Eksis Matolele
02:00:39 | DEBUG   | [L1 Wiki] Error: Expecting value: line 1 column 1 (char 0)
02:00:39 | DEBUG   |       L1 Gagal, mencoba L2 DDGS...
02:00:52 | INFO    |       => Gagal mencari deskripsi.
02:00:53 | INFO    | [2701/2708] Mencari: Pantai Ilodulunga
02:00:53 | DEBUG   | [L1 Wiki] Error: Expecting value: line 1 column 1 (char 0)
02:00:53 | DEBUG   |       L1 Gagal, mencoba L2 DDGS...
02:00:59 | INFO    |       => Sukses dari: https://ban.wikipedia.org/wiki/Ilodulunga,_Anggrek,_Gorontalo_Utara
02:01:01 | INFO    | [2703/2708] Mencari: Air Terjun Galung Paleng
02:01:01 | DEBUG   | [L1 Wiki] Error: Expecting value: line 1 column 1 (char 0)
02:01:01 | DEBUG   |       L1 Gagal, mencoba L2 DDGS...
02:01:09 | INFO    |       => Sukses dari: https://www.detik.com/jabar/wisata/d-6112104/menikmati-air-panas-galunggung-di-objek-wisata-citiis-tasikmalaya
02:01:10 | INFO    | [2704/2708] Mencari: Air terjun salubi
02:01:10 | DEBUG   | [L1 Wiki] Error: Expecting value: line 1 column 1 (char 0)
02:01:10 | DEBUG   |       L1 Gagal, mencoba L2 DDGS...
02:01:18 | INFO    |       => Gagal mencari deskripsi.
02:01:19 | INFO    | *** Auto-saving 740 baris diproses...
02:01:19 | INFO    | [2705/2708] Mencari: Air terjun penonoan
02:01:20 | DEBUG   | [L1 Wiki] Error: Expecting value: line 1 column 1 (char 0)
02:01:20 | DEBUG   |       L1 Gagal, mencoba L2 DDGS...
02:01:31 | INFO    |       => Gagal mencari deskripsi.
02:01:32 | INFO    | [2706/2708] Mencari: Buttu Lamba
02:01:32 | DEBUG   | [L1 Wiki] Error: Expecting value: line 1 column 1 (char 0)
02:01:32 | DEBUG   |       L1 Gagal, mencoba L2 DDGS...
02:01:38 | INFO    |       => Sukses dari: https://www.unsulbarnews.com/boyang-kayyang-buttu-ciping-wisata-rumah-adat-mandar-wajib-dikunjungi
02:01:39 | INFO    | 
Menyimpan file final...
02:01:39 | INFO    | Berhasil disimpan: D:\semester6\mc_learning\scrapt_wisata\deskripsi\scrap_deskripsi_wisata.csv
02:01:39 | INFO    | Selesai dikerjakan!
