17:01:03 | INFO    | ============================================================
17:01:03 | INFO    | Memulai Scraper Deskripsi Wisata (L1: Wikipedia, L2: DDGS)
17:01:03 | INFO    | ============================================================
17:01:03 | INFO    | Membaca data dari: D:\semester6\mc_learning\scrapt_wisata\deskripsi\scrap_deskripsi_wisata.csv
17:01:03 | INFO    | Total baris dataset: 2708
17:01:03 | INFO    | [Resume] Baris [100/2708] terlewati (sudah ada data).
17:01:03 | INFO    | [Resume] Baris [200/2708] terlewati (sudah ada data).
17:01:03 | INFO    | [Resume] Baris [300/2708] terlewati (sudah ada data).
17:01:03 | INFO    | [Resume] Baris [400/2708] terlewati (sudah ada data).
17:01:03 | INFO    | [Resume] Baris [500/2708] terlewati (sudah ada data).
17:01:03 | INFO    | [570/2708] Mencari: Wisata Alam Pakalolo
17:01:03 | DEBUG   | [L1 Wiki] Error: Expecting value: line 1 column 1 (char 0)
17:01:03 | DEBUG   |       L1 Gagal, mencoba L2 DDGS...
17:01:14 | DEBUG   | [L2 DDGS] Error: ConnectError: ConnectError('error sending request for url (https://html.duckduckgo.com/html/)', 'https://html.duckduckgo.com/html/')
17:01:14 | INFO    |       => Gagal mencari deskripsi.
17:01:16 | INFO    | [571/2708] Mencari: Air Terjun Biroro
17:01:16 | DEBUG   | [L1 Wiki] Error: Expecting value: line 1 column 1 (char 0)
17:01:16 | DEBUG   |       L1 Gagal, mencoba L2 DDGS...
17:01:20 | INFO    |       => Sukses dari: https://smartcity.gowakab.go.id/wisata_alam/air-terjun-biroro/12
17:01:22 | INFO    | [572/2708] Mencari: Tapahan Telu Waterfall
17:01:22 | DEBUG   | [L1 Wiki] Error: Expecting value: line 1 column 1 (char 0)
17:01:22 | DEBUG   |       L1 Gagal, mencoba L2 DDGS...
17:01:28 | INFO    |       => Sukses dari: https://yandex.com/maps/org/tapahan_telu_waterfall/30858888977/
17:01:30 | INFO    | [573/2708] Mencari: Tongkonan To'Barana
17:01:30 | DEBUG   | [L1 Wiki] Error: Expecting value: line 1 column 1 (char 0)
17:01:30 | DEBUG   |       L1 Gagal, mencoba L2 DDGS...
17:01:35 | INFO    |       => Sukses dari: https://www.kompasiana.com/owenjuve/680deac234777c461d6ea433/pesona-sa-dan-to-barana-toraja-utara
17:01:37 | INFO    | [574/2708] Mencari: Air Terjun Lengan
17:01:37 | DEBUG   | [L1 Wiki] Error: Expecting value: line 1 column 1 (char 0)
17:01:37 | DEBUG   |       L1 Gagal, mencoba L2 DDGS...
17:01:44 | INFO    |       => Sukses dari: https://www.detik.com/sulsel/wisata/d-6252516/15-tempat-wisata-di-maros-kekayaan-alam-yang-memukau-hingga-situs-prasejarah
17:01:45 | INFO    | [575/2708] Mencari: Pusentasi
17:01:45 | DEBUG   | [L1 Wiki] Error: Expecting value: line 1 column 1 (char 0)
17:01:45 | DEBUG   |       L1 Gagal, mencoba L2 DDGS...
17:01:51 | INFO    |       => Sukses dari: https://pariwisata.sultengprov.go.id/data-pariwisata/destinasi-pariwisata/daya-tarik-wisata/dtw-kabupaten-donggala/75-pusentasi.html
17:01:52 | INFO    | [576/2708] Mencari: Pantai Malauwa
17:01:52 | DEBUG   | [L1 Wiki] Error: Expecting value: line 1 column 1 (char 0)
17:01:52 | DEBUG   |       L1 Gagal, mencoba L2 DDGS...
17:02:05 | INFO    |       => Sukses dari: https://katinting.com/perketat-prokes-di-tempat-wisata-pasca-lebaran/
17:02:07 | INFO    | [577/2708] Mencari: Situs Megalitik Pokekea
17:02:07 | DEBUG   | [L1 Wiki] Error: Expecting value: line 1 column 1 (char 0)
17:02:07 | DEBUG   |       L1 Gagal, mencoba L2 DDGS...
17:02:18 | INFO    |       => Sukses dari: https://www.inanews.co.id/2025/12/mengenal-situs-tadulako-menbud-susuri-sejarah-megalitik-lore-lindu/
17:02:20 | INFO    | [578/2708] Mencari: Uluna Tondano
17:02:20 | DEBUG   | [L1 Wiki] Error: Expecting value: line 1 column 1 (char 0)
17:02:20 | DEBUG   |       L1 Gagal, mencoba L2 DDGS...
17:02:26 | INFO    |       => Sukses dari: https://www.cedhak.com/sulawesi/708/uluna-tondano/
17:02:27 | INFO    | [579/2708] Mencari: Air Terjun Sarang Burung
17:02:27 | DEBUG   | [L1 Wiki] Error: Expecting value: line 1 column 1 (char 0)
17:02:27 | DEBUG   |       L1 Gagal, mencoba L2 DDGS...
17:02:34 | INFO    |       => Sukses dari: https://www.tribunnews.com/regional/2016/09/18/air-terjun-sarang-burung-keindahannya-hingga-tujuh-tingkat
17:02:35 | INFO    | [580/2708] Mencari: BUKIT DOA WAREMBUNGAN
17:02:35 | DEBUG   | [L1 Wiki] Error: Expecting value: line 1 column 1 (char 0)
17:02:35 | DEBUG   |       L1 Gagal, mencoba L2 DDGS...
17:02:42 | INFO    |       => Sukses dari: https://id.wikipedia.org/wiki/Warembungan,_Pineleng,_Minahasa
17:02:44 | INFO    | [581/2708] Mencari: ZULU PARK
17:02:44 | DEBUG   | [L1 Wiki] Error: Expecting value: line 1 column 1 (char 0)
17:02:44 | DEBUG   |       L1 Gagal, mencoba L2 DDGS...
17:02:53 | DEBUG   | [L2 BS4] Gagal ekstraksi url https://jadesta.kemenparekraf.go.id/desa/tompo_bulu_1 -> HTTPSConnectionPool(host='jadesta.kemenparekraf.go.id', port=443): Max retries exceeded with url: /desa/tompo_bulu_1 (Caused by NameResolutionError("HTTPSConnection(host='jadesta.kemenparekraf.go.id', port=443): Failed to resolve 'jadesta.kemenparekraf.go.id' ([Errno 11002] getaddrinfo failed)"))
17:02:58 | INFO    |       => Gagal mencari deskripsi.
17:02:59 | INFO    | [582/2708] Mencari: Pantai Beringin Cinta
17:02:59 | DEBUG   | [L1 Wiki] Error: Expecting value: line 1 column 1 (char 0)
17:02:59 | DEBUG   |       L1 Gagal, mencoba L2 DDGS...
17:03:14 | INFO    |       => Sukses dari: https://www.merdeka.com/gaya/10-destinasi-mamuju-yang-buat-libur-lebaran-makin-menyenangkan.html
17:03:15 | INFO    | [583/2708] Mencari: Pantai Wale
17:03:16 | DEBUG   | [L1 Wiki] Error: Expecting value: line 1 column 1 (char 0)
17:03:16 | DEBUG   |       L1 Gagal, mencoba L2 DDGS...
17:03:25 | DEBUG   | [L2 BS4] Gagal ekstraksi url https://jadesta.kemenparekraf.go.id/desa/wisata_kuliner_ulu_sawa -> HTTPSConnectionPool(host='jadesta.kemenparekraf.go.id', port=443): Max retries exceeded with url: /desa/wisata_kuliner_ulu_sawa (Caused by NameResolutionError("HTTPSConnection(host='jadesta.kemenparekraf.go.id', port=443): Failed to resolve 'jadesta.kemenparekraf.go.id' ([Errno 11002] getaddrinfo failed)"))
17:03:29 | INFO    |       => Gagal mencari deskripsi.
17:03:31 | INFO    | [584/2708] Mencari: Napabale Beach
17:03:31 | DEBUG   | [L1 Wiki] Error: Expecting value: line 1 column 1 (char 0)
17:03:31 | DEBUG   |       L1 Gagal, mencoba L2 DDGS...
17:03:35 | INFO    |       => Sukses dari: https://id.wikipedia.org/wiki/Danau_Napabale
17:03:37 | INFO    | [585/2708] Mencari: Marina Togo Wakatobi
17:03:37 | DEBUG   | [L1 Wiki] Error: Expecting value: line 1 column 1 (char 0)
17:03:37 | DEBUG   |       L1 Gagal, mencoba L2 DDGS...
17:03:43 | INFO    |       => Sukses dari: https://telisik.id/news/marina-togo-mowondu-tempat-nongkrong-favorit-di-pulau-wangi-wangi-wakatobi
17:03:45 | INFO    | [586/2708] Mencari: Air Terjun Parom
17:03:45 | DEBUG   | [L1 Wiki] Error: Expecting value: line 1 column 1 (char 0)
17:03:45 | DEBUG   |       L1 Gagal, mencoba L2 DDGS...
17:03:52 | INFO    |       => Sukses dari: https://www.idntimes.com/travel/destination/tempat-wisata-di-bitung-00-r95nh-v6r8r8
17:03:53 | INFO    | [587/2708] Mencari: Bulu Dua
17:03:53 | DEBUG   | [L1 Wiki] Error: Expecting value: line 1 column 1 (char 0)
17:03:53 | DEBUG   |       L1 Gagal, mencoba L2 DDGS...
17:04:06 | INFO    |       => Sukses dari: https://visit.soppeng.go.id/destinasi/detail/5
17:04:08 | INFO    | [588/2708] Mencari: Pantai Alar Pondang
17:04:08 | DEBUG   | [L1 Wiki] Error: Expecting value: line 1 column 1 (char 0)
17:04:08 | DEBUG   |       L1 Gagal, mencoba L2 DDGS...
17:04:13 | INFO    |       => Sukses dari: https://id.wikipedia.org/wiki/Pondang,_Amurang_Timur,_Minahasa_Selatan
17:04:14 | INFO    | [589/2708] Mencari: Minanga Beach
17:04:15 | DEBUG   | [L1 Wiki] Error: Expecting value: line 1 column 1 (char 0)
17:04:15 | DEBUG   |       L1 Gagal, mencoba L2 DDGS...
17:04:21 | INFO    |       => Sukses dari: https://hargo.co.id/berita/wisata-minanga-kini-menyediakan-fasilitas-camping/
17:04:23 | INFO    | *** Auto-saving 20 baris diproses...
17:04:23 | INFO    | [590/2708] Mencari: Taman Wisata Fafaliang
17:04:23 | DEBUG   | [L1 Wiki] Error: Expecting value: line 1 column 1 (char 0)
17:04:23 | DEBUG   |       L1 Gagal, mencoba L2 DDGS...
17:04:35 | INFO    |       => Sukses dari: https://merposnews.com/kini-hadir-obyek-wisata-fafaliang-water-park-sinjai-pj-bupati-beri-apresiasi/
17:04:36 | INFO    | [591/2708] Mencari: Pantai Kelapa Ujung
17:04:36 | DEBUG   | [L1 Wiki] Error: Expecting value: line 1 column 1 (char 0)
17:04:36 | DEBUG   |       L1 Gagal, mencoba L2 DDGS...
17:04:42 | INFO    |       => Sukses dari: https://www.pantaikelapa.com/
17:04:43 | INFO    | [592/2708] Mencari: HARLAND WISATA KEBUN
17:04:44 | DEBUG   | [L1 Wiki] Error: Expecting value: line 1 column 1 (char 0)
17:04:44 | DEBUG   |       L1 Gagal, mencoba L2 DDGS...
17:04:49 | INFO    |       => Sukses dari: https://sisparnas.kemenpar.go.id/p/96816
17:04:50 | INFO    | [593/2708] Mencari: Wisata Alam Buhung Tie Lotong-lotong
17:04:50 | DEBUG   | [L1 Wiki] Error: Expecting value: line 1 column 1 (char 0)
17:04:50 | DEBUG   |       L1 Gagal, mencoba L2 DDGS...
17:04:56 | INFO    |       => Sukses dari: https://www.antarafoto.com/id/view/2419706/objek-wisata-alam-buhung-lotong-lotong-di-bulukumba
17:04:57 | INFO    | [594/2708] Mencari: Monumen Juang Lesangi
17:04:57 | DEBUG   | [L1 Wiki] Error: Expecting value: line 1 column 1 (char 0)
17:04:57 | DEBUG   |       L1 Gagal, mencoba L2 DDGS...
17:05:04 | INFO    |       => Sukses dari: https://www.detik.com/sulsel/wisata/d-6908956/19-rekomendasi-tempat-wisata-di-luwu-utara-yang-menarik-dikunjungi
17:05:05 | INFO    | [595/2708] Mencari: Wisata Polewali Mandar - Rawa Bangun
17:05:05 | DEBUG   | [L1 Wiki] Error: Expecting value: line 1 column 1 (char 0)
17:05:05 | DEBUG   |       L1 Gagal, mencoba L2 DDGS...
17:05:11 | INFO    |       => Sukses dari: https://seringjalan.com/6-tempat-wisata-di-polewali-mandar/
17:05:12 | INFO    | [596/2708] Mencari: Wisata alam & rekreasi borkal
17:05:12 | DEBUG   | [L1 Wiki] Error: Expecting value: line 1 column 1 (char 0)
17:05:12 | DEBUG   |       L1 Gagal, mencoba L2 DDGS...
17:05:23 | INFO    |       => Sukses dari: https://disparpora.bulukumbakab.go.id/portofolio/permandian-borong-kaluku/
17:05:25 | INFO    | [597/2708] Mencari: Wale Ne Reideen Rumah Miring Tomohon
17:05:25 | DEBUG   | [L1 Wiki] Error: Expecting value: line 1 column 1 (char 0)
17:05:25 | DEBUG   |       L1 Gagal, mencoba L2 DDGS...
17:05:32 | INFO    |       => Sukses dari: https://www.idntimes.com/travel/destination/tempat-wisata-di-tomohon2023-00-819v4-cf96m0
17:05:33 | INFO    | [598/2708] Mencari: Museum Karaeng Pattingalloang
17:05:33 | DEBUG   | [L1 Wiki] Error: Expecting value: line 1 column 1 (char 0)
17:05:33 | DEBUG   |       L1 Gagal, mencoba L2 DDGS...
17:05:46 | INFO    |       => Sukses dari: https://id.wikipedia.org/wiki/Karaeng_Pattingalloang
17:05:48 | INFO    | [599/2708] Mencari: Permandian Alam Waetuwo
17:05:48 | DEBUG   | [L1 Wiki] Error: Expecting value: line 1 column 1 (char 0)
17:05:48 | DEBUG   |       L1 Gagal, mencoba L2 DDGS...
17:06:04 | DEBUG   | [L2 BS4] Gagal ekstraksi url https://rri.co.id/bone/wisata/1945216/rindu-alam-bukti-kemandirian-wisata-warga-bone -> HTTPSConnectionPool(host='rri.co.id', port=443): Read timed out. (read timeout=8)
17:06:05 | INFO    |       => Sukses dari: https://makassar.tribunnews.com/travel/1824541/bubung-peree-dan-permandian-alam-taretta-wisata-gratis-favorit-warga-amali-bone
17:06:06 | INFO    | [600/2708] Mencari: Klenteng Ibu Agung Bahari
17:06:06 | DEBUG   | [L1 Wiki] Error: Expecting value: line 1 column 1 (char 0)
17:06:06 | DEBUG   |       L1 Gagal, mencoba L2 DDGS...
17:06:10 | INFO    |       => Sukses dari: https://auto2000.co.id/berita-dan-tips/tempat-wisata-di-makassar
17:06:12 | INFO    | [601/2708] Mencari: Bukit Savana Pulisan
17:06:12 | DEBUG   | [L1 Wiki] Error: Expecting value: line 1 column 1 (char 0)
17:06:12 | DEBUG   |       L1 Gagal, mencoba L2 DDGS...
17:06:18 | INFO    |       => Sukses dari: https://travel.detik.com/fototravel/d-6867518/keindahan-alam-pasir-putih-dan-bukit-savana-di-pantai-pulisan
17:06:19 | INFO    | [602/2708] Mencari: Masjid Taqwa Tompong
17:06:19 | DEBUG   | [L1 Wiki] Error: Expecting value: line 1 column 1 (char 0)
17:06:19 | DEBUG   |       L1 Gagal, mencoba L2 DDGS...
17:06:27 | INFO    |       => Sukses dari: https://www.idntimes.com/travel/destination/5-masjid-tertua-di-sulawesi-selatan-usianya-lebih-dari-4-abad-01-gcvvx-91ltmz
17:06:28 | INFO    | [603/2708] Mencari: Kolam Renang Banua Wisata
17:06:28 | DEBUG   | [L1 Wiki] Error: Expecting value: line 1 column 1 (char 0)
17:06:28 | DEBUG   |       L1 Gagal, mencoba L2 DDGS...
17:06:31 | INFO    |       => Sukses dari: https://www.idntimes.com/travel/destination/wisata-kolam-renang-di-palopo-00-r95nh-r24jt0
17:06:33 | INFO    | [604/2708] Mencari: Bulu Saukang
17:06:33 | DEBUG   | [L1 Wiki] Error: Expecting value: line 1 column 1 (char 0)
17:06:33 | DEBUG   |       L1 Gagal, mencoba L2 DDGS...
17:06:41 | INFO    |       => Sukses dari: https://id.wikipedia.org/wiki/Benteng_Gajah,_Tompobulu,_Maros
17:06:42 | INFO    | [605/2708] Mencari: Pantai Batu Gong Kendari
17:06:42 | DEBUG   | [L1 Wiki] Error: Expecting value: line 1 column 1 (char 0)
17:06:42 | DEBUG   |       L1 Gagal, mencoba L2 DDGS...
17:06:49 | INFO    |       => Sukses dari: https://www.denianggoleta.com/2019/10/wisata-pantai-batu-gong-kendari-yang.html
17:06:51 | INFO    | [606/2708] Mencari: Danau Limboto
17:06:51 | DEBUG   | [L1 Wiki] Error: Expecting value: line 1 column 1 (char 0)
17:06:51 | DEBUG   |       L1 Gagal, mencoba L2 DDGS...
17:07:01 | INFO    |       => Sukses dari: https://id.wikipedia.org/wiki/Danau_Limboto
17:07:03 | INFO    | [607/2708] Mencari: Togeo Beach
17:07:03 | DEBUG   | [L1 Wiki] Error: Expecting value: line 1 column 1 (char 0)
17:07:03 | DEBUG   |       L1 Gagal, mencoba L2 DDGS...
17:07:10 | INFO    |       => Sukses dari: https://travel.tribunnews.com/destinasi/140539/pantai-togeo-bone-sulawesi-selatan-tiket-masuk-lokasi-panduan-rute
17:07:11 | INFO    | [608/2708] Mencari: Rumah Adat Jeneponto
17:07:11 | DEBUG   | [L1 Wiki] Error: Expecting value: line 1 column 1 (char 0)
17:07:11 | DEBUG   |       L1 Gagal, mencoba L2 DDGS...
17:07:20 | INFO    |       => Sukses dari: https://smartcity.gowakab.go.id/wisata_buatan
17:07:21 | INFO    | [609/2708] Mencari: Wisata Rumah Hobbit Bolangi 4
17:07:21 | DEBUG   | [L1 Wiki] Error: Expecting value: line 1 column 1 (char 0)
17:07:21 | DEBUG   |       L1 Gagal, mencoba L2 DDGS...
17:07:27 | INFO    |       => Sukses dari: https://smartcity.gowakab.go.id/wisata_buatan/wisata-rumah-hobbit-bolangi/3
17:07:28 | INFO    | *** Auto-saving 40 baris diproses...
17:07:28 | INFO    | [610/2708] Mencari: Permandian Moko
17:07:29 | DEBUG   | [L1 Wiki] Error: Expecting value: line 1 column 1 (char 0)
17:07:29 | DEBUG   |       L1 Gagal, mencoba L2 DDGS...
17:07:34 | INFO    |       => Sukses dari: https://www.cedhak.com/wilayah/kabupaten-muna/
17:07:35 | INFO    | [611/2708] Mencari: PANTAI PUDONGGALA
17:07:36 | DEBUG   | [L1 Wiki] Error: Expecting value: line 1 column 1 (char 0)
17:07:36 | DEBUG   |       L1 Gagal, mencoba L2 DDGS...
17:07:45 | INFO    |       => Sukses dari: https://liburanmurah.com/pesona-pantai-pudonggala-surga-tersembunyi-di-konawe-utara/
17:07:47 | INFO    | [612/2708] Mencari: Bukit Alebo
17:07:47 | DEBUG   | [L1 Wiki] Error: Expecting value: line 1 column 1 (char 0)
17:07:47 | DEBUG   |       L1 Gagal, mencoba L2 DDGS...
17:07:54 | INFO    |       => Sukses dari: https://www.orami.co.id/magazine/tempat-wisata-kendari
17:07:56 | INFO    | [613/2708] Mencari: Taman Nasional Taka Bonerate
17:07:56 | DEBUG   | [L1 Wiki] Error: Expecting value: line 1 column 1 (char 0)
17:07:56 | DEBUG   |       L1 Gagal, mencoba L2 DDGS...
17:08:03 | INFO    |       => Sukses dari: https://id.wikipedia.org/wiki/Taman_Nasional_Taka_Bonerate
17:08:04 | INFO    | [614/2708] Mencari: Rano Kalimpaa
17:08:04 | DEBUG   | [L1 Wiki] Error: Expecting value: line 1 column 1 (char 0)
17:08:04 | DEBUG   |       L1 Gagal, mencoba L2 DDGS...
17:08:10 | INFO    |       => Sukses dari: https://id.wikipedia.org/wiki/Danau_Tambing
17:08:11 | INFO    | [615/2708] Mencari: Embung Hutadaa, Talaga Jaya
17:08:11 | DEBUG   | [L1 Wiki] Error: Expecting value: line 1 column 1 (char 0)
17:08:11 | DEBUG   |       L1 Gagal, mencoba L2 DDGS...
17:08:16 | DEBUG   | [L2 BS4] Gagal ekstraksi url https://kilaupesona.com/embung-hutadaa-pesona-tersembunyi-di-telaga-jaya-gorontalo/ -> HTTPSConnectionPool(host='kilaupesona.com', port=443): Max retries exceeded with url: /embung-hutadaa-pesona-tersembunyi-di-telaga-jaya-gorontalo/ (Caused by NameResolutionError("HTTPSConnection(host='kilaupesona.com', port=443): Failed to resolve 'kilaupesona.com' ([Errno 11001] getaddrinfo failed)"))
17:08:19 | INFO    |       => Sukses dari: https://apabuka.com/place/embung-hutadaa-talaga-jaya
17:08:20 | INFO    | [616/2708] Mencari: Wisata Pemancingan dan Kuliner Lembah Sigi
17:08:20 | DEBUG   | [L1 Wiki] Error: Expecting value: line 1 column 1 (char 0)
17:08:20 | DEBUG   |       L1 Gagal, mencoba L2 DDGS...
17:08:26 | INFO    |       => Sukses dari: https://id.wikipedia.org/wiki/Kabupaten_Sigi
17:08:27 | INFO    | [617/2708] Mencari: Puncak Pusunge Tahuna
17:08:28 | DEBUG   | [L1 Wiki] Error: Expecting value: line 1 column 1 (char 0)
17:08:28 | DEBUG   |       L1 Gagal, mencoba L2 DDGS...
17:08:33 | INFO    |       => Sukses dari: https://id.wikipedia.org/wiki/Kabupaten_Kepulauan_Sangihe
17:08:34 | INFO    | [618/2708] Mencari: Museum Keraton Buton
17:08:34 | DEBUG   | [L1 Wiki] Error: Expecting value: line 1 column 1 (char 0)
17:08:34 | DEBUG   |       L1 Gagal, mencoba L2 DDGS...
17:08:39 | INFO    |       => Sukses dari: https://id.wikipedia.org/wiki/Benteng_Keraton_Buton
17:08:40 | INFO    | [619/2708] Mencari: Pantai Moinit
17:08:40 | DEBUG   | [L1 Wiki] Error: Expecting value: line 1 column 1 (char 0)
17:08:40 | DEBUG   |       L1 Gagal, mencoba L2 DDGS...
17:08:46 | INFO    |       => Sukses dari: https://www.cedhak.com/sulawesi/1028/pantai-moinit/
17:08:47 | INFO    | [620/2708] Mencari: Pantai Tae Manu Belang-Belang
17:08:47 | DEBUG   | [L1 Wiki] Error: Expecting value: line 1 column 1 (char 0)
17:08:47 | DEBUG   |       L1 Gagal, mencoba L2 DDGS...
17:08:54 | INFO    |       => Sukses dari: https://www.lemon8-app.com/atinah17/7147651464335278593?region=id
17:08:55 | INFO    | [621/2708] Mencari: Bukit Jati Gentungan Mamuju
17:08:55 | DEBUG   | [L1 Wiki] Error: Expecting value: line 1 column 1 (char 0)
17:08:55 | DEBUG   |       L1 Gagal, mencoba L2 DDGS...
17:09:08 | INFO    |       => Sukses dari: https://www.beritawisata.com/wisata/58311217064/keindahan-alam-bukit-jati-gentungan-di-mamuju-sulawesi-barat
17:09:09 | INFO    | [622/2708] Mencari: Tumbak Island Cottage Ratahan
17:09:09 | DEBUG   | [L1 Wiki] Error: Expecting value: line 1 column 1 (char 0)
17:09:09 | DEBUG   |       L1 Gagal, mencoba L2 DDGS...
17:09:18 | INFO    |       => Sukses dari: https://www.mytrip.co.id/article/mau-snorkeling-bersama-hiu-datang-saja-ke-tumbak
17:09:19 | INFO    | [623/2708] Mencari: Bukit Teletubbies
17:09:19 | DEBUG   | [L1 Wiki] Error: Expecting value: line 1 column 1 (char 0)
17:09:19 | DEBUG   |       L1 Gagal, mencoba L2 DDGS...
17:09:26 | INFO    |       => Sukses dari: https://www.msn.com/id-id/berita/other/menjelajahi-wisata-bukit-teletubbies-bromo-surga-padang-savana-nan-hijau/ar-AA1NBrvr
17:09:27 | INFO    | [624/2708] Mencari: Lambangan Pauno
17:09:27 | DEBUG   | [L1 Wiki] Error: Expecting value: line 1 column 1 (char 0)
17:09:27 | DEBUG   |       L1 Gagal, mencoba L2 DDGS...
17:09:34 | INFO    |       => Sukses dari: https://jadesta.kemenpar.go.id/desa/lambangan_pauno
17:09:35 | INFO    | [625/2708] Mencari: Mimpi pool club manado
17:09:35 | DEBUG   | [L1 Wiki] Error: Expecting value: line 1 column 1 (char 0)
17:09:35 | DEBUG   |       L1 Gagal, mencoba L2 DDGS...
17:09:41 | INFO    |       => Sukses dari: https://renangloka.com/pool/mimpi-pool-club-manado/
17:09:43 | INFO    | [626/2708] Mencari: RTH Suwawa
17:09:43 | DEBUG   | [L1 Wiki] Error: Expecting value: line 1 column 1 (char 0)
17:09:43 | DEBUG   |       L1 Gagal, mencoba L2 DDGS...
17:09:52 | INFO    |       => Sukses dari: https://seringjalan.com/kota-suwawa/
17:09:54 | INFO    | [627/2708] Mencari: Pantai Tanjung Tabako
17:09:54 | DEBUG   | [L1 Wiki] Error: Expecting value: line 1 column 1 (char 0)
17:09:54 | DEBUG   |       L1 Gagal, mencoba L2 DDGS...
17:10:03 | INFO    |       => Sukses dari: https://travel.detik.com/cerita-perjalanan/d-8319805/panorama-wisata-di-pantai-tanjung-lesung
17:10:05 | INFO    | [628/2708] Mencari: Air terjun Timurung
17:10:05 | DEBUG   | [L1 Wiki] Error: Expecting value: line 1 column 1 (char 0)
17:10:05 | DEBUG   |       L1 Gagal, mencoba L2 DDGS...
17:10:11 | DEBUG   | [L2 BS4] Gagal ekstraksi url https://jadesta.kemenparekraf.go.id/desa/air_terjun_timurung_1 -> HTTPSConnectionPool(host='jadesta.kemenparekraf.go.id', port=443): Max retries exceeded with url: /desa/air_terjun_timurung_1 (Caused by NameResolutionError("HTTPSConnection(host='jadesta.kemenparekraf.go.id', port=443): Failed to resolve 'jadesta.kemenparekraf.go.id' ([Errno 11002] getaddrinfo failed)"))
17:10:13 | INFO    |       => Sukses dari: https://sulsel.idntimes.com/travel/destination/ayo-berkemah-di-desa-wisata-bissoloro-surga-para-campers-00-5qckx-b40brk
17:10:14 | INFO    | [629/2708] Mencari: AIR TERJUN TALOKAN
17:10:14 | DEBUG   | [L1 Wiki] Error: Expecting value: line 1 column 1 (char 0)
17:10:14 | DEBUG   |       L1 Gagal, mencoba L2 DDGS...
17:10:23 | INFO    |       => Sukses dari: https://travel.detik.com/domestic-destination/d-6415212/beda-dari-marvel-talokan-dari-sulawesi-berupa-air-terjun
17:10:24 | INFO    | *** Auto-saving 60 baris diproses...
17:10:24 | INFO    | [630/2708] Mencari: Air Terjun Manuba
17:10:24 | DEBUG   | [L1 Wiki] Error: Expecting value: line 1 column 1 (char 0)
17:10:24 | DEBUG   |       L1 Gagal, mencoba L2 DDGS...
17:10:30 | INFO    |       => Sukses dari: https://makassar.tribunnews.com/2025/01/19/air-terjun-manuba-destinasi-wisata-unggulan-barru-tawarkan-ketenangan-dan-keindahan-alam
17:10:31 | INFO    | [631/2708] Mencari: Sungai Jodoh
17:10:31 | DEBUG   | [L1 Wiki] Error: Expecting value: line 1 column 1 (char 0)
17:10:31 | DEBUG   |       L1 Gagal, mencoba L2 DDGS...
17:10:39 | INFO    |       => Sukses dari: https://wisatasulawesi.com/sungai-jodoh/
17:10:41 | INFO    | [632/2708] Mencari: Situs To'pao Pusat Sejarah Kondosapata'
17:10:41 | DEBUG   | [L1 Wiki] Error: Expecting value: line 1 column 1 (char 0)
17:10:41 | DEBUG   |       L1 Gagal, mencoba L2 DDGS...
17:10:47 | INFO    |       => Sukses dari: https://id.wikipedia.org/wiki/Kabupaten_Mamasa
17:10:48 | INFO    | [633/2708] Mencari: Puncak Botubarani
17:10:48 | DEBUG   | [L1 Wiki] Error: Expecting value: line 1 column 1 (char 0)
17:10:48 | DEBUG   |       L1 Gagal, mencoba L2 DDGS...
17:10:56 | INFO    |       => Sukses dari: https://travel.kompas.com/read/2024/02/23/200400227/atraksi-dan-wisata-di-desa-wisata-botubarani-gorontalo?page=all
17:10:57 | INFO    | [634/2708] Mencari: Mata Air Paisu Batango Desa Luk Panenteng
17:10:57 | DEBUG   | [L1 Wiki] Error: Expecting value: line 1 column 1 (char 0)
17:10:57 | DEBUG   |       L1 Gagal, mencoba L2 DDGS...
17:11:03 | INFO    |       => Sukses dari: https://pariwisata.sultengprov.go.id/data-pariwisata/destinasi-pariwisata/daya-tarik-wisata/dtw-kabupaten-banggai-kepulauan/103-permandian-lukpanenteng-paisu-batango.html
17:11:04 | INFO    | [635/2708] Mencari: Wisata pantai kaisomaru
17:11:04 | DEBUG   | [L1 Wiki] Error: Expecting value: line 1 column 1 (char 0)
17:11:04 | DEBUG   |       L1 Gagal, mencoba L2 DDGS...
17:11:13 | INFO    |       => Sukses dari: https://dpmptsp.gorontalokota.go.id/page/objek-wisata-kota-gorontalo
17:11:14 | INFO    | [636/2708] Mencari: Permandian Lambiria
17:11:14 | DEBUG   | [L1 Wiki] Error: Expecting value: line 1 column 1 (char 0)
17:11:14 | DEBUG   |       L1 Gagal, mencoba L2 DDGS...
17:11:23 | INFO    |       => Sukses dari: https://www.posoline.com/obyek-wisata-permandian-alam-lambira-gowa-surga-tersembunyi-ditengah-hutan/
17:11:25 | INFO    | [637/2708] Mencari: Buntu Burake
17:11:25 | DEBUG   | [L1 Wiki] Error: Expecting value: line 1 column 1 (char 0)
17:11:25 | DEBUG   |       L1 Gagal, mencoba L2 DDGS...
17:11:31 | INFO    |       => Sukses dari: https://www.rappler.com/world/indonesia/192640-wisata-religi-burake-toraja-jadi-favorit/
17:11:33 | INFO    | [638/2708] Mencari: Wisata Air Terjun Mantikole
17:11:33 | DEBUG   | [L1 Wiki] Error: Expecting value: line 1 column 1 (char 0)
17:11:33 | DEBUG   |       L1 Gagal, mencoba L2 DDGS...
17:11:38 | INFO    |       => Sukses dari: https://www.celebes.co/air-terjun-mantikole
17:11:40 | INFO    | [639/2708] Mencari: Wisata Cekong
17:11:40 | DEBUG   | [L1 Wiki] Error: Expecting value: line 1 column 1 (char 0)
17:11:40 | DEBUG   |       L1 Gagal, mencoba L2 DDGS...
17:11:46 | INFO    |       => Sukses dari: https://www.idntimes.com/travel/destination/8-rekomendasi-tempat-wisata-di-sulawesi-selatan-yang-ramah-kantong-01-8k5z5-5dqdpw
17:11:47 | INFO    | [640/2708] Mencari: Wale Ti Siri Puncak Rurukan Sulawesi Utara
17:11:47 | DEBUG   | [L1 Wiki] Error: Expecting value: line 1 column 1 (char 0)
17:11:47 | DEBUG   |       L1 Gagal, mencoba L2 DDGS...
17:11:56 | INFO    |       => Sukses dari: https://www.cedhak.com/sulawesi/81/wale-ti-siri-puncak-rurukan-sulawesi-utara/
17:11:57 | INFO    | [641/2708] Mencari: Kawasan Benteng Sanrobone
17:11:57 | DEBUG   | [L1 Wiki] Error: Expecting value: line 1 column 1 (char 0)
17:11:57 | DEBUG   |       L1 Gagal, mencoba L2 DDGS...
17:12:02 | INFO    |       => Sukses dari: https://id.wikipedia.org/wiki/Sanrobone,_Takalar
17:12:04 | INFO    | [642/2708] Mencari: Pantai Hayalan Donggala
17:12:04 | DEBUG   | [L1 Wiki] Error: Expecting value: line 1 column 1 (char 0)
17:12:04 | DEBUG   |       L1 Gagal, mencoba L2 DDGS...
17:12:10 | INFO    |       => Sukses dari: https://tokoterdekat.dapodik.co.id/jasa-travel-donggala/
17:12:12 | INFO    | [643/2708] Mencari: Pantai Senja
17:12:12 | DEBUG   | [L1 Wiki] Error: Expecting value: line 1 column 1 (char 0)
17:12:12 | DEBUG   |       L1 Gagal, mencoba L2 DDGS...
17:12:23 | INFO    |       => Sukses dari: https://www.geokepo.id/id/lokasi/konawe-selatan/pantai-senja
17:12:25 | INFO    | [644/2708] Mencari: Air Terjun Lembah Karaeng
17:12:25 | DEBUG   | [L1 Wiki] Error: Expecting value: line 1 column 1 (char 0)
17:12:25 | DEBUG   |       L1 Gagal, mencoba L2 DDGS...
17:12:30 | INFO    |       => Sukses dari: https://smartcity.gowakab.go.id/wisata_alam/air-terjun-lembah-karaeng/5
17:12:32 | INFO    | [645/2708] Mencari: Permandian Alam Air Panas Lemo Susu
17:12:32 | DEBUG   | [L1 Wiki] Error: Expecting value: line 1 column 1 (char 0)
17:12:32 | DEBUG   |       L1 Gagal, mencoba L2 DDGS...
17:12:36 | INFO    |       => Sukses dari: https://id.wikipedia.org/wiki/Kabupaten_Pinrang
17:12:37 | INFO    | [646/2708] Mencari: Casa de Lotus
17:12:37 | DEBUG   | [L1 Wiki] Error: Expecting value: line 1 column 1 (char 0)
17:12:37 | DEBUG   |       L1 Gagal, mencoba L2 DDGS...
17:12:47 | INFO    |       => Sukses dari: https://www.casachiesi.com/project/lotus-flowers-a-bit-of-asia-on-mantuas-waterway
17:12:49 | INFO    | [647/2708] Mencari: Taman patung kuda bumi bahari
17:12:49 | DEBUG   | [L1 Wiki] Error: Expecting value: line 1 column 1 (char 0)
17:12:49 | DEBUG   |       L1 Gagal, mencoba L2 DDGS...
17:12:54 | INFO    |       => Sukses dari: https://www.faktasulteng.id/kailinesia/taman-lasoso-oase-baru-di-palu-barat-1157
17:12:56 | INFO    | [648/2708] Mencari: Telaga Sibili Pantoloan
17:12:56 | DEBUG   | [L1 Wiki] Error: Expecting value: line 1 column 1 (char 0)
17:12:56 | DEBUG   |       L1 Gagal, mencoba L2 DDGS...
17:13:03 | INFO    |       => Sukses dari: https://liburanmurah.com/pesona-telaga-sibili-pantoloan-surga-tersembunyi-di-sulawesi-tengah/
17:13:05 | INFO    | [649/2708] Mencari: Penangkaran RUSA Desa Wosu
17:13:05 | DEBUG   | [L1 Wiki] Error: Expecting value: line 1 column 1 (char 0)
17:13:05 | DEBUG   |       L1 Gagal, mencoba L2 DDGS...
17:13:14 | INFO    |       => Sukses dari: https://www.cedhak.com/sulawesi/874/penangkaran-rusa-desa-wosu/
17:13:16 | INFO    | *** Auto-saving 80 baris diproses...
17:13:16 | INFO    | [650/2708] Mencari: Desa Wisata Untia
17:13:16 | DEBUG   | [L1 Wiki] Error: Expecting value: line 1 column 1 (char 0)
17:13:16 | DEBUG   |       L1 Gagal, mencoba L2 DDGS...
17:13:31 | INFO    |       => Sukses dari: https://tempatwisataseru.com/tempat-wisata-di-maros/
17:13:32 | INFO    | [651/2708] Mencari: Pulau Binongko
17:13:32 | DEBUG   | [L1 Wiki] Error: Expecting value: line 1 column 1 (char 0)
17:13:32 | DEBUG   |       L1 Gagal, mencoba L2 DDGS...
17:13:47 | DEBUG   | [L2 DDGS] Error: ConnectError: ConnectError('error sending request for url (https://html.duckduckgo.com/html/)', 'https://html.duckduckgo.com/html/')
17:13:47 | INFO    |       => Gagal mencari deskripsi.
17:13:49 | INFO    | [652/2708] Mencari: Pantai Lolan
17:13:59 | DEBUG   | [L1 Wiki] Error: HTTPSConnectionPool(host='id.wikipedia.org', port=443): Read timed out. (read timeout=10)
17:13:59 | DEBUG   |       L1 Gagal, mencoba L2 DDGS...
17:14:07 | INFO    |       => Sukses dari: https://bolmongkab.go.id/wisata
17:14:08 | INFO    | [653/2708] Mencari: Museum - Ziekenhuis - Mandar Majene
17:14:08 | DEBUG   | [L1 Wiki] Error: Expecting value: line 1 column 1 (char 0)
17:14:08 | DEBUG   |       L1 Gagal, mencoba L2 DDGS...
17:14:18 | INFO    |       => Sukses dari: https://www.geokepo.id/id/lokasi/majene/museum-mandar-majene
17:14:19 | INFO    | [654/2708] Mencari: Taman Wisata Alam Kota Tomohon
17:14:19 | DEBUG   | [L1 Wiki] Error: Expecting value: line 1 column 1 (char 0)
17:14:19 | DEBUG   |       L1 Gagal, mencoba L2 DDGS...
17:14:24 | INFO    |       => Sukses dari: https://tomohon.go.id/objek-wisata/
17:14:26 | INFO    | [655/2708] Mencari: Gelora Wisata Desa Nepo
17:14:26 | DEBUG   | [L1 Wiki] Error: Expecting value: line 1 column 1 (char 0)
17:14:26 | DEBUG   |       L1 Gagal, mencoba L2 DDGS...
17:14:33 | DEBUG   | [L2 BS4] Gagal ekstraksi url https://jadesta.kemenparekraf.go.id/desa/gelora_wisata_desagwd -> HTTPSConnectionPool(host='jadesta.kemenparekraf.go.id', port=443): Max retries exceeded with url: /desa/gelora_wisata_desagwd (Caused by NameResolutionError("HTTPSConnection(host='jadesta.kemenparekraf.go.id', port=443): Failed to resolve 'jadesta.kemenparekraf.go.id' ([Errno 11002] getaddrinfo failed)"))
17:14:35 | INFO    |       => Sukses dari: https://travel.tribunnews.com/2025/05/03/tarif-main-jetski-di-gelora-wisata-desa-nepo-wajo-sulawesi-selatan-2025
17:14:37 | INFO    | [656/2708] Mencari: Pijar Beach Cottages
17:14:37 | DEBUG   | [L1 Wiki] Error: Expecting value: line 1 column 1 (char 0)
17:14:37 | DEBUG   |       L1 Gagal, mencoba L2 DDGS...
17:14:41 | INFO    |       => Sukses dari: https://www.cedhak.com/sulawesi/205/pijar-beach-cottages/
17:14:43 | INFO    | [657/2708] Mencari: Wisata Hutan Mangrove Dewi Biringkassi
17:14:43 | DEBUG   | [L1 Wiki] Error: Expecting value: line 1 column 1 (char 0)
17:14:43 | DEBUG   |       L1 Gagal, mencoba L2 DDGS...
17:14:49 | INFO    |       => Sukses dari: https://idalamat.com/alamat/696519/wisata-hutan-mangrove-dewi-biringkassi-pangkajene-dan-kepulauan-sulawesi-selatan
17:14:50 | INFO    | [658/2708] Mencari: Air Terjun Kima Atas
17:14:50 | DEBUG   | [L1 Wiki] Error: Expecting value: line 1 column 1 (char 0)
17:14:50 | DEBUG   |       L1 Gagal, mencoba L2 DDGS...
17:14:58 | INFO    |       => Sukses dari: https://www.idntimes.com/travel/destination/spot-wisata-di-manado-terbaru-dan-paling-hits-buat-dikunjungi-00-8r3ys-3qrz1k
17:14:59 | INFO    | [659/2708] Mencari: Air Terjun Tumburano
17:15:00 | DEBUG   | [L1 Wiki] Error: Expecting value: line 1 column 1 (char 0)
17:15:00 | DEBUG   |       L1 Gagal, mencoba L2 DDGS...
17:15:05 | INFO    |       => Sukses dari: https://id.wikipedia.org/wiki/Air_Terjun_Tumburano
17:15:07 | INFO    | [660/2708] Mencari: Tanggul Topejawa
17:15:07 | DEBUG   | [L1 Wiki] Error: Expecting value: line 1 column 1 (char 0)
17:15:07 | DEBUG   |       L1 Gagal, mencoba L2 DDGS...
17:15:17 | INFO    |       => Sukses dari: https://www.detik.com/sulsel/wisata/d-6503703/14-tempat-wisata-di-takalar-yang-populer-dan-menarik-dikunjungi
17:15:19 | INFO    | [661/2708] Mencari: Air Terjun Kembar Desa Barambang
17:15:19 | DEBUG   | [L1 Wiki] Error: Expecting value: line 1 column 1 (char 0)
17:15:19 | DEBUG   |       L1 Gagal, mencoba L2 DDGS...
17:15:23 | INFO    |       => Sukses dari: https://www.idntimes.com/travel/destination/5-wisata-air-terjun-populer-di-kabupaten-sinjai-indah-nan-eksotis-01-432rm-vdblx9
17:15:24 | INFO    | [662/2708] Mencari: Donggia Kahayya
17:15:24 | DEBUG   | [L1 Wiki] Error: Expecting value: line 1 column 1 (char 0)
17:15:24 | DEBUG   |       L1 Gagal, mencoba L2 DDGS...
17:15:30 | INFO    |       => Sukses dari: https://www.bulukumbakab.go.id/rubrik/bukit-donggia
17:15:32 | INFO    | [663/2708] Mencari: labengki Pasir Panjang
17:15:32 | DEBUG   | [L1 Wiki] Error: Expecting value: line 1 column 1 (char 0)
17:15:32 | DEBUG   |       L1 Gagal, mencoba L2 DDGS...
17:15:40 | INFO    |       => Sukses dari: https://sentralsultra.id/pantai-pasir-panjang-labengki-wisata-populer-di-konawe/
17:15:41 | INFO    | [664/2708] Mencari: Rangas Beach
17:15:41 | DEBUG   | [L1 Wiki] Error: Expecting value: line 1 column 1 (char 0)
17:15:41 | DEBUG   |       L1 Gagal, mencoba L2 DDGS...
17:15:54 | DEBUG   | [L2 BS4] Gagal ekstraksi url https://dispar.sulbarprov.go.id/mamuju-city-tour-tambi-karampuang-rangas-takara/ -> HTTPSConnectionPool(host='dispar.sulbarprov.go.id', port=443): Read timed out. (read timeout=8)
17:15:55 | INFO    |       => Sukses dari: https://www.idntimes.com/travel/destination/pantai-mamuju-cocok-untuk-healing-c1c2-01-5ltmv-7l4qn8
17:15:56 | INFO    | [665/2708] Mencari: AGRA Wisata
17:15:56 | DEBUG   | [L1 Wiki] Error: Expecting value: line 1 column 1 (char 0)
17:15:56 | DEBUG   |       L1 Gagal, mencoba L2 DDGS...
17:16:01 | INFO    |       => Sukses dari: https://sultra.tribunnews.com/2023/10/02/agra-wisata-konawe-sulawesi-tenggara-suguhkan-suasana-alam-sejuk-fasilitas-harga-tiket-wahana
17:16:02 | INFO    | [666/2708] Mencari: Puncak Tiriondahi
17:16:02 | DEBUG   | [L1 Wiki] Error: Expecting value: line 1 column 1 (char 0)
17:16:02 | DEBUG   |       L1 Gagal, mencoba L2 DDGS...
17:16:08 | INFO    |       => Sukses dari: https://liburanmurah.com/puncak-tiriondahi-petualangan-di-sulawesi-tenggara/
17:16:09 | INFO    | [667/2708] Mencari: Air Terjun Tammasapi
17:16:09 | DEBUG   | [L1 Wiki] Error: Expecting value: line 1 column 1 (char 0)
17:16:09 | DEBUG   |       L1 Gagal, mencoba L2 DDGS...
17:16:14 | INFO    |       => Sukses dari: https://tadui.digitaldesa.id/wisata/air-terjun-tammasapi
17:16:16 | INFO    | [668/2708] Mencari: Air Terjun To Magelli
17:16:16 | DEBUG   | [L1 Wiki] Error: Expecting value: line 1 column 1 (char 0)
17:16:16 | DEBUG   |       L1 Gagal, mencoba L2 DDGS...
17:16:20 | INFO    |       => Sukses dari: https://id.wikipedia.org/wiki/Kabupaten_Barru
17:16:21 | INFO    | [669/2708] Mencari: Danau Tombakar (Ranowangko)
17:16:21 | DEBUG   | [L1 Wiki] Error: Expecting value: line 1 column 1 (char 0)
17:16:21 | DEBUG   |       L1 Gagal, mencoba L2 DDGS...
17:16:27 | INFO    |       => Sukses dari: https://travels.id/danau-ranowangko-tempat-wisata-alternatif-di-tomohon/
17:16:28 | INFO    | *** Auto-saving 100 baris diproses...
17:16:28 | INFO    | [670/2708] Mencari: Kelapa Tujuh
17:16:28 | DEBUG   | [L1 Wiki] Error: Expecting value: line 1 column 1 (char 0)
17:16:28 | DEBUG   |       L1 Gagal, mencoba L2 DDGS...
17:16:34 | INFO    |       => Sukses dari: https://www.indonesia.travel/in/en/destination/sulawesi/west-sulawesi/kelapa-tujuh
17:16:35 | INFO    | [671/2708] Mencari: Pantai Exotic
17:16:35 | DEBUG   | [L1 Wiki] Error: Expecting value: line 1 column 1 (char 0)
17:16:35 | DEBUG   |       L1 Gagal, mencoba L2 DDGS...
17:16:51 | INFO    |       => Gagal mencari deskripsi.
17:16:52 | INFO    | [672/2708] Mencari: Museum Nekara
17:16:52 | DEBUG   | [L1 Wiki] Error: Expecting value: line 1 column 1 (char 0)
17:16:52 | DEBUG   |       L1 Gagal, mencoba L2 DDGS...
17:16:58 | INFO    |       => Sukses dari: https://id.wikipedia.org/wiki/Museum_Tanadoang
17:16:59 | INFO    | [673/2708] Mencari: Pantai Impian
17:16:59 | DEBUG   | [L1 Wiki] Error: Expecting value: line 1 column 1 (char 0)
17:16:59 | DEBUG   |       L1 Gagal, mencoba L2 DDGS...
17:17:06 | INFO    |       => Sukses dari: https://www.penalutim.com/2023/06/23/ini-60-objek-wisata-luwu-timur-yang-ramai-dikunjungi/
17:17:08 | INFO    | [674/2708] Mencari: Tugu Lilin
17:17:08 | DEBUG   | [L1 Wiki] Error: Expecting value: line 1 column 1 (char 0)
17:17:08 | DEBUG   |       L1 Gagal, mencoba L2 DDGS...
17:17:21 | INFO    |       => Sukses dari: https://www.seputarsulut.com/ini-dia-icon-baru-kota-manado/
17:17:22 | INFO    | [675/2708] Mencari: Pesisir Pantai Pamboang
17:17:22 | DEBUG   | [L1 Wiki] Error: Expecting value: line 1 column 1 (char 0)
17:17:22 | DEBUG   |       L1 Gagal, mencoba L2 DDGS...
17:17:40 | DEBUG   | [L2 BS4] Gagal ekstraksi url https://www.detik.com/sulsel/wisata/d-6263391/9-wisata-di-sulawesi-barat-alam-bawah-laut-hingga-negeri-di-atas-awan -> HTTPSConnectionPool(host='www.detik.com', port=443): Read timed out. (read timeout=8)
17:17:43 | DEBUG   | [L2 BS4] Gagal ekstraksi url https://jadesta.kemenparekraf.go.id/desa/adolang_1 -> HTTPSConnectionPool(host='jadesta.kemenparekraf.go.id', port=443): Max retries exceeded with url: /desa/adolang_1 (Caused by NameResolutionError("HTTPSConnection(host='jadesta.kemenparekraf.go.id', port=443): Failed to resolve 'jadesta.kemenparekraf.go.id' ([Errno 11002] getaddrinfo failed)"))
17:17:52 | DEBUG   | [L2 BS4] Gagal ekstraksi url https://repository.stainmajene.ac.id/items/0f89fb82-97cb-4702-abb8-04bf9fee7463 -> HTTPSConnectionPool(host='repository.stainmajene.ac.id', port=443): Read timed out. (read timeout=8)
17:17:55 | INFO    |       => Sukses dari: https://gagaradio.org/2134-2/
17:17:56 | INFO    | [676/2708] Mencari: Pantai Talise
17:17:56 | DEBUG   | [L1 Wiki] Error: Expecting value: line 1 column 1 (char 0)
17:17:56 | DEBUG   |       L1 Gagal, mencoba L2 DDGS...
17:18:02 | INFO    |       => Sukses dari: https://www.oyorooms.com/travel-guide/id/tempat-wisata-palu/
17:18:03 | INFO    | [677/2708] Mencari: Wisata Vatu Nonju
17:18:03 | DEBUG   | [L1 Wiki] Error: Expecting value: line 1 column 1 (char 0)
17:18:03 | DEBUG   |       L1 Gagal, mencoba L2 DDGS...
17:18:12 | INFO    |       => Sukses dari: https://www.cedhak.com/sulawesi/1193/wisata-vatu-nonju/
17:18:14 | INFO    | [678/2708] Mencari: Bumi Perkemahan Ulunggolaka
17:18:14 | DEBUG   | [L1 Wiki] Error: Expecting value: line 1 column 1 (char 0)
17:18:14 | DEBUG   |       L1 Gagal, mencoba L2 DDGS...
17:18:26 | INFO    |       => Sukses dari: https://idalamat.com/alamat/670637/bumi-perkemahan-ulunggolaka-kolaka-sulawesi-tenggara
17:18:28 | INFO    | [679/2708] Mencari: Balai Taman Nasional Wakatobi
17:18:28 | DEBUG   | [L1 Wiki] Error: Expecting value: line 1 column 1 (char 0)
17:18:28 | DEBUG   |       L1 Gagal, mencoba L2 DDGS...
17:18:33 | INFO    |       => Sukses dari: https://id.wikipedia.org/wiki/Taman_Nasional_Wakatobi
17:18:34 | INFO    | [680/2708] Mencari: Pantai Mowuru
17:18:34 | DEBUG   | [L1 Wiki] Error: Expecting value: line 1 column 1 (char 0)
17:18:34 | DEBUG   |       L1 Gagal, mencoba L2 DDGS...
17:18:46 | DEBUG   | [L2 DDGS] Error: DecodeError: DecodeError('Body collection error: error decoding response body')
17:18:46 | INFO    |       => Gagal mencari deskripsi.
17:18:48 | INFO    | [681/2708] Mencari: Pantai Nipa Nipa
17:18:48 | DEBUG   | [L1 Wiki] Error: Expecting value: line 1 column 1 (char 0)
17:18:48 | DEBUG   |       L1 Gagal, mencoba L2 DDGS...
17:18:56 | INFO    |       => Sukses dari: https://travel.detik.com/fototravel/d-6791884/menikmati-sejuknya-air-terjun-di-tahura-konawe
17:18:58 | INFO    | [682/2708] Mencari: Pantai Jampue
17:18:58 | DEBUG   | [L1 Wiki] Error: Expecting value: line 1 column 1 (char 0)
17:18:58 | DEBUG   |       L1 Gagal, mencoba L2 DDGS...
17:19:05 | INFO    |       => Sukses dari: https://www.celebes.co/pantai-jampue-pinrang
17:19:07 | INFO    | [683/2708] Mencari: Pantai Sarena
17:19:07 | DEBUG   | [L1 Wiki] Error: Expecting value: line 1 column 1 (char 0)
17:19:07 | DEBUG   |       L1 Gagal, mencoba L2 DDGS...
17:19:14 | INFO    |       => Sukses dari: https://www.idntimes.com/travel/destination/ada-yang-hangus-ini-5-pantai-cantik-di-manado-yang-jarang-diketahui-01-fs7qb-313ggm
17:19:15 | INFO    | [684/2708] Mencari: Pantai Negeri Lama (Nelam)
17:19:15 | DEBUG   | [L1 Wiki] Error: Expecting value: line 1 column 1 (char 0)
17:19:15 | DEBUG   |       L1 Gagal, mencoba L2 DDGS...
17:19:29 | INFO    |       => Sukses dari: https://kasekabar.com/2025/03/7-destinasi-pantai-terbaik-di-kabupaten-buol-untuk-liburan-lebaran-2025/
17:19:31 | INFO    | [685/2708] Mencari: Pangngalleang toppa'
17:19:31 | DEBUG   | [L1 Wiki] Error: Expecting value: line 1 column 1 (char 0)
17:19:31 | DEBUG   |       L1 Gagal, mencoba L2 DDGS...
17:19:39 | INFO    |       => Sukses dari: https://pakatto.digitaldesa.id/wisata/desa-wisata-alam-tangga-refleksi-gunung-pangngalleang-toppa
17:19:40 | INFO    | [686/2708] Mencari: Mendatte Park
17:19:40 | DEBUG   | [L1 Wiki] Error: Expecting value: line 1 column 1 (char 0)
17:19:40 | DEBUG   |       L1 Gagal, mencoba L2 DDGS...
17:19:48 | INFO    |       => Sukses dari: https://www.detik.com/sulsel/wisata/d-7151981/mendatte-park-enrekang-daya-tarik-fasilitas-dan-harga-tiketnya
17:19:49 | INFO    | [687/2708] Mencari: Pantai marana
17:19:49 | DEBUG   | [L1 Wiki] Error: Expecting value: line 1 column 1 (char 0)
17:19:49 | DEBUG   |       L1 Gagal, mencoba L2 DDGS...
17:19:55 | INFO    |       => Sukses dari: https://jadesta.kemenpar.go.id/desa/pasimarannu
17:19:56 | INFO    | [688/2708] Mencari: Pulau Lahe
17:19:56 | DEBUG   | [L1 Wiki] Error: Expecting value: line 1 column 1 (char 0)
17:19:56 | DEBUG   |       L1 Gagal, mencoba L2 DDGS...
17:20:01 | INFO    |       => Sukses dari: https://id.wikipedia.org/wiki/Pulau_Lahe
17:20:02 | INFO    | [689/2708] Mencari: Pantai Kambahu
17:20:03 | DEBUG   | [L1 Wiki] Error: Expecting value: line 1 column 1 (char 0)
17:20:03 | DEBUG   |       L1 Gagal, mencoba L2 DDGS...
17:20:14 | INFO    |       => Gagal mencari deskripsi.
17:20:15 | INFO    | *** Auto-saving 120 baris diproses...
17:20:15 | INFO    | [690/2708] Mencari: Taman Makam Pahlawan
17:20:15 | DEBUG   | [L1 Wiki] Error: Expecting value: line 1 column 1 (char 0)
17:20:15 | DEBUG   |       L1 Gagal, mencoba L2 DDGS...
17:20:22 | INFO    |       => Sukses dari: https://travel.detik.com/domestic-destination/d-5057734/tahu-nggak-tanjung-selor-ada-taman-makam-pahlawan
17:20:23 | INFO    | [691/2708] Mencari: Pantai Sumpang Binangae
17:20:23 | DEBUG   | [L1 Wiki] Error: Expecting value: line 1 column 1 (char 0)
17:20:23 | DEBUG   |       L1 Gagal, mencoba L2 DDGS...
17:20:28 | INFO    |       => Sukses dari: https://id.wikipedia.org/wiki/Kabupaten_Barru
17:20:29 | INFO    | [692/2708] Mencari: DESA Wisata Namu
17:20:29 | DEBUG   | [L1 Wiki] Error: Expecting value: line 1 column 1 (char 0)
17:20:29 | DEBUG   |       L1 Gagal, mencoba L2 DDGS...
17:20:43 | DEBUG   | [L2 BS4] Gagal ekstraksi url https://jadesta.kemenparekraf.go.id/desa/namu -> HTTPSConnectionPool(host='jadesta.kemenparekraf.go.id', port=443): Max retries exceeded with url: /desa/namu (Caused by NameResolutionError("HTTPSConnection(host='jadesta.kemenparekraf.go.id', port=443): Failed to resolve 'jadesta.kemenparekraf.go.id' ([Errno 11002] getaddrinfo failed)"))
17:20:44 | INFO    |       => Sukses dari: https://www.msn.com/id-id/travel/taman/desa-wisata-namu-sulteng-tawarkan-potensi-wisata-bahari/ar-AA1M6IC9
17:20:45 | INFO    | [693/2708] Mencari: Taman Marannu
17:20:45 | DEBUG   | [L1 Wiki] Error: Expecting value: line 1 column 1 (char 0)
17:20:45 | DEBUG   |       L1 Gagal, mencoba L2 DDGS...
17:20:55 | INFO    |       => Gagal mencari deskripsi.
17:20:57 | INFO    | [694/2708] Mencari: Pantai Babo Moonow
17:20:57 | DEBUG   | [L1 Wiki] Error: Expecting value: line 1 column 1 (char 0)
17:20:57 | DEBUG   |       L1 Gagal, mencoba L2 DDGS...
17:21:12 | DEBUG   | [L2 BS4] Gagal ekstraksi url https://blog.darmawisataindonesia.co.id/mengenal-6-destinasi-wisata-di-bolaang-mongondow/ -> HTTPSConnectionPool(host='blog.darmawisataindonesia.co.id', port=443): Read timed out. (read timeout=8)
17:21:17 | INFO    |       => Sukses dari: https://www.kompasiana.com/johanisalbertmalingkaspacaran/5d261bb3097f3677b5605352/inilah-destinasi-wisata-mempesona-di-kabupaten-bolaang-mongondouw
17:21:18 | INFO    | [695/2708] Mencari: Pantai Indah Kapu
17:21:18 | DEBUG   | [L1 Wiki] Error: Expecting value: line 1 column 1 (char 0)
17:21:18 | DEBUG   |       L1 Gagal, mencoba L2 DDGS...
17:21:29 | INFO    |       => Sukses dari: https://anoatimes.com/2025/07/ungkap-pesona-bahari-tersembunyi-di-pantai-indah-kapu/
17:21:31 | INFO    | [696/2708] Mencari: Permandian Matakidi
17:21:31 | DEBUG   | [L1 Wiki] Error: Expecting value: line 1 column 1 (char 0)
17:21:31 | DEBUG   |       L1 Gagal, mencoba L2 DDGS...
17:21:40 | INFO    |       => Sukses dari: https://www.sulawesitoday.com/berita/122511452/permandian-matakidi-surga-tersembunyi-di-muna-barat-yang-memikat-hati
17:21:41 | INFO    | [697/2708] Mencari: Negeri Seribu Batu (NeBuBa) "Pondok Mahari"
17:21:41 | DEBUG   | [L1 Wiki] Error: Expecting value: line 1 column 1 (char 0)
17:21:41 | DEBUG   |       L1 Gagal, mencoba L2 DDGS...
17:21:48 | INFO    |       => Sukses dari: https://bobobox.com/blog/id/destinasi-tempat-wisata-alam-palopo/
17:21:49 | INFO    | [698/2708] Mencari: Khenjiro Beach
17:21:49 | DEBUG   | [L1 Wiki] Error: Expecting value: line 1 column 1 (char 0)
17:21:49 | DEBUG   |       L1 Gagal, mencoba L2 DDGS...
17:22:08 | INFO    |       => Gagal mencari deskripsi.
17:22:09 | INFO    | [699/2708] Mencari: Mata Air Sangia
17:22:09 | DEBUG   | [L1 Wiki] Error: Expecting value: line 1 column 1 (char 0)
17:22:09 | DEBUG   |       L1 Gagal, mencoba L2 DDGS...
17:22:24 | INFO    |       => Sukses dari: https://www.maitewuna.com/2020/10/wisata-air-tawar-fotunosangia-kabangka-muna.html
17:22:26 | INFO    | [700/2708] Mencari: Maccahaya Waterboom
17:22:26 | DEBUG   | [L1 Wiki] Error: Expecting value: line 1 column 1 (char 0)
17:22:26 | DEBUG   |       L1 Gagal, mencoba L2 DDGS...
17:22:33 | INFO    |       => Sukses dari: https://visit.soppeng.go.id/destinasi/detail/13
17:22:35 | INFO    | [701/2708] Mencari: Obyek Wisata Pantai Vatu Mapida
17:22:35 | DEBUG   | [L1 Wiki] Error: Expecting value: line 1 column 1 (char 0)
17:22:35 | DEBUG   |       L1 Gagal, mencoba L2 DDGS...
17:22:43 | INFO    |       => Sukses dari: https://www.medcom.id/foto/rona/GKdRDrpb-pilihan-destinasi-wisata-libur-lebaran
17:22:45 | INFO    | [702/2708] Mencari: Pantai Tumbu
17:22:45 | DEBUG   | [L1 Wiki] Error: Expecting value: line 1 column 1 (char 0)
17:22:45 | DEBUG   |       L1 Gagal, mencoba L2 DDGS...
17:22:55 | INFO    |       => Sukses dari: https://sulbaronline.com/arwan-aras-harap-pariwisata-dan-ekonomi-kreatif-mateng-masuk-kalender-pariwisata-nasional/
17:22:57 | INFO    | [703/2708] Mencari: Gunung Ambang
17:22:57 | DEBUG   | [L1 Wiki] Error: Expecting value: line 1 column 1 (char 0)
17:22:57 | DEBUG   |       L1 Gagal, mencoba L2 DDGS...
17:23:04 | INFO    |       => Sukses dari: https://id.wikipedia.org/wiki/Cagar_Alam_Gunung_Ambang
17:23:06 | INFO    | [704/2708] Mencari: Rote Park Sawangan
17:23:06 | DEBUG   | [L1 Wiki] Error: Expecting value: line 1 column 1 (char 0)
17:23:06 | DEBUG   |       L1 Gagal, mencoba L2 DDGS...
17:23:15 | DEBUG   | [L2 BS4] Gagal ekstraksi url https://jadesta.kemenparekraf.go.id/desa/sawangan -> HTTPSConnectionPool(host='jadesta.kemenparekraf.go.id', port=443): Max retries exceeded with url: /desa/sawangan (Caused by NameResolutionError("HTTPSConnection(host='jadesta.kemenparekraf.go.id', port=443): Failed to resolve 'jadesta.kemenparekraf.go.id' ([Errno 11002] getaddrinfo failed)"))
17:23:16 | INFO    |       => Sukses dari: https://seringjalan.com/5-tempat-wisata-di-airmadidi-minahasa-utara/
17:23:18 | INFO    | [705/2708] Mencari: Puncak Kelor Ta Wanua Tonra
17:23:18 | DEBUG   | [L1 Wiki] Error: Expecting value: line 1 column 1 (char 0)
17:23:18 | DEBUG   |       L1 Gagal, mencoba L2 DDGS...
17:23:26 | DEBUG   | [L2 BS4] Gagal ekstraksi url https://jadesta.kemenparekraf.go.id/desa/bulubulu -> HTTPSConnectionPool(host='jadesta.kemenparekraf.go.id', port=443): Max retries exceeded with url: /desa/bulubulu (Caused by NameResolutionError("HTTPSConnection(host='jadesta.kemenparekraf.go.id', port=443): Failed to resolve 'jadesta.kemenparekraf.go.id' ([Errno 11002] getaddrinfo failed)"))
17:23:27 | INFO    |       => Sukses dari: https://jadesta.kemenpar.go.id/paket/kebun_budidaya_kelor_dan_agro_buah
17:23:29 | INFO    | [706/2708] Mencari: Pasir Panjang
17:23:29 | DEBUG   | [L1 Wiki] Error: Expecting value: line 1 column 1 (char 0)
17:23:29 | DEBUG   |       L1 Gagal, mencoba L2 DDGS...
17:23:37 | INFO    |       => Sukses dari: https://www.detik.com/tag/wisata-morowali
17:23:39 | INFO    | [707/2708] Mencari: Tongkonan Karuaya
17:23:39 | DEBUG   | [L1 Wiki] Error: Expecting value: line 1 column 1 (char 0)
17:23:39 | DEBUG   |       L1 Gagal, mencoba L2 DDGS...
17:23:44 | INFO    |       => Sukses dari: https://jadesta.kemenpar.go.id/atraksi/rumah_adat_tongkonan_karuaya
17:23:46 | INFO    | [708/2708] Mencari: Pantai Ujung Tiro
17:23:46 | DEBUG   | [L1 Wiki] Error: Expecting value: line 1 column 1 (char 0)
17:23:46 | DEBUG   |       L1 Gagal, mencoba L2 DDGS...
17:23:53 | INFO    |       => Sukses dari: https://www.bulukumbakab.go.id/rubrik/pantai-ujung-tiro
17:23:54 | INFO    | [709/2708] Mencari: Permandian Rindu Alam Apala
17:23:54 | DEBUG   | [L1 Wiki] Error: Expecting value: line 1 column 1 (char 0)
17:23:54 | DEBUG   |       L1 Gagal, mencoba L2 DDGS...
17:24:02 | INFO    |       => Sukses dari: https://www.msn.com/id-id/travel/ideperjalanan/segarnya-berendam-di-pemandian-rindu-alam-apala-barebbo-bone-sulawesi-selatan/ar-AA1oDKAT
17:24:03 | INFO    | *** Auto-saving 140 baris diproses...
17:24:03 | INFO    | [710/2708] Mencari: Gunung Mekongga
17:24:03 | DEBUG   | [L1 Wiki] Error: Expecting value: line 1 column 1 (char 0)
17:24:03 | DEBUG   |       L1 Gagal, mencoba L2 DDGS...
17:24:10 | INFO    |       => Sukses dari: https://id.wikipedia.org/wiki/Gunung_Mekongga
17:24:11 | INFO    | [711/2708] Mencari: Tanete Gandangdewata
17:24:12 | DEBUG   | [L1 Wiki] Error: Expecting value: line 1 column 1 (char 0)
17:24:12 | DEBUG   |       L1 Gagal, mencoba L2 DDGS...
17:24:18 | INFO    |       => Sukses dari: https://id.wikipedia.org/wiki/Taman_Nasional_Gandang_Dewata
17:24:20 | INFO    | [712/2708] Mencari: Bira Point Of View(one piece)
17:24:20 | DEBUG   | [L1 Wiki] Error: Expecting value: line 1 column 1 (char 0)
17:24:20 | DEBUG   |       L1 Gagal, mencoba L2 DDGS...
17:24:30 | INFO    |       => Sukses dari: https://travel.kompas.com/read/2022/07/21/161847627/pesona-tebing-appalarang-di-bulukumba-dekat-tanjung-bira
17:24:32 | INFO    | [713/2708] Mencari: Gunung Nona
17:24:32 | DEBUG   | [L1 Wiki] Error: Expecting value: line 1 column 1 (char 0)
17:24:32 | DEBUG   |       L1 Gagal, mencoba L2 DDGS...
17:24:38 | INFO    |       => Sukses dari: https://id.wikipedia.org/wiki/Story:Gunung_Nona
17:24:39 | INFO    | [714/2708] Mencari: Gunung Batuangus
17:24:39 | DEBUG   | [L1 Wiki] Error: Expecting value: line 1 column 1 (char 0)
17:24:39 | DEBUG   |       L1 Gagal, mencoba L2 DDGS...
17:24:44 | INFO    |       => Sukses dari: https://id.wikipedia.org/wiki/Cagar_Alam_Gunung_Tangkoko_Batuangus
17:24:45 | INFO    | [715/2708] Mencari: Wisata Jembatan Lingkar
17:24:45 | DEBUG   | [L1 Wiki] Error: Expecting value: line 1 column 1 (char 0)
17:24:45 | DEBUG   |       L1 Gagal, mencoba L2 DDGS...
17:24:54 | DEBUG   | [L2 BS4] Gagal ekstraksi url https://jadesta.kemenparekraf.go.id/desa/jembatan_lingkar_lapoiliwawoangi -> HTTPSConnectionPool(host='jadesta.kemenparekraf.go.id', port=443): Max retries exceeded with url: /desa/jembatan_lingkar_lapoiliwawoangi (Caused by NameResolutionError("HTTPSConnection(host='jadesta.kemenparekraf.go.id', port=443): Failed to resolve 'jadesta.kemenparekraf.go.id' ([Errno 11002] getaddrinfo failed)"))
17:24:57 | INFO    |       => Sukses dari: https://travel.detik.com/fototravel/d-5844317/pesona-jembatan-lingkar-lapaoili-di-buton-selatan
17:24:59 | INFO    | [716/2708] Mencari: Pantai tihu
17:24:59 | DEBUG   | [L1 Wiki] Error: Expecting value: line 1 column 1 (char 0)
17:24:59 | DEBUG   |       L1 Gagal, mencoba L2 DDGS...
17:25:02 | INFO    |       => Sukses dari: https://id.wikipedia.org/wiki/Pantai_Tihu
17:25:04 | INFO    | [717/2708] Mencari: PANTAI WAIKESA
17:25:04 | DEBUG   | [L1 Wiki] Error: Expecting value: line 1 column 1 (char 0)
17:25:04 | DEBUG   |       L1 Gagal, mencoba L2 DDGS...
17:25:12 | INFO    |       => Sukses dari: https://jelajah.kompas.id/terumbu-karang/baca/wakatobi-surga-wisata-laut-dan-budaya/
17:25:14 | INFO    | [718/2708] Mencari: Wisata Pemandian Potanga
17:25:14 | DEBUG   | [L1 Wiki] Error: Expecting value: line 1 column 1 (char 0)
17:25:14 | DEBUG   |       L1 Gagal, mencoba L2 DDGS...
17:25:30 | DEBUG   | [L2 BS4] Gagal ekstraksi url https://dpmptsp.gorontalokota.go.id/page/objek-wisata-kota-gorontalo -> HTTPSConnectionPool(host='dpmptsp.gorontalokota.go.id', port=443): Read timed out. (read timeout=8)
17:25:32 | INFO    |       => Sukses dari: https://gorontalo.tribunnews.com/2024/01/13/kondisi-pemandian-potanga-gorontalo-wisata-kolam-renang-populer-di-zamannya
17:25:33 | INFO    | [719/2708] Mencari: Benteng Oranje
17:25:33 | DEBUG   | [L1 Wiki] Error: Expecting value: line 1 column 1 (char 0)
17:25:33 | DEBUG   |       L1 Gagal, mencoba L2 DDGS...
17:25:41 | INFO    |       => Sukses dari: https://id.wikipedia.org/wiki/Benteng_Oranje
17:25:42 | INFO    | [720/2708] Mencari: Danau Balang Tonjong
17:25:42 | DEBUG   | [L1 Wiki] Error: Expecting value: line 1 column 1 (char 0)
17:25:42 | DEBUG   |       L1 Gagal, mencoba L2 DDGS...
17:25:51 | DEBUG   | [L2 BS4] Gagal ekstraksi url https://jadesta.kemenparekraf.go.id/desa/wisata_balang_tonjong_bontolangkasa_selatan -> HTTPSConnectionPool(host='jadesta.kemenparekraf.go.id', port=443): Max retries exceeded with url: /desa/wisata_balang_tonjong_bontolangkasa_selatan (Caused by NameResolutionError("HTTPSConnection(host='jadesta.kemenparekraf.go.id', port=443): Failed to resolve 'jadesta.kemenparekraf.go.id' ([Errno 11002] getaddrinfo failed)"))
17:25:54 | INFO    |       => Sukses dari: https://pdberger.com/pemancingan-makassar
17:25:56 | INFO    | [721/2708] Mencari: Istana Malige
17:25:56 | DEBUG   | [L1 Wiki] Error: Expecting value: line 1 column 1 (char 0)
17:25:56 | DEBUG   |       L1 Gagal, mencoba L2 DDGS...
17:26:05 | INFO    |       => Sukses dari: https://id.wikipedia.org/wiki/Istana_Malige
17:26:07 | INFO    | [722/2708] Mencari: Danau Mawang
17:26:07 | DEBUG   | [L1 Wiki] Error: Expecting value: line 1 column 1 (char 0)
17:26:07 | DEBUG   |       L1 Gagal, mencoba L2 DDGS...
17:26:14 | INFO    |       => Sukses dari: https://id.wikipedia.org/wiki/Danau_Mawang
17:26:15 | INFO    | [723/2708] Mencari: Museum Negeri Provinsi Sulawesi Tenggara
17:26:15 | DEBUG   | [L1 Wiki] Error: Expecting value: line 1 column 1 (char 0)
17:26:15 | DEBUG   |       L1 Gagal, mencoba L2 DDGS...
17:26:25 | INFO    |       => Sukses dari: https://id.wikipedia.org/wiki/Museum_Negeri_Provinsi_Sulawesi_Tenggara
17:26:27 | INFO    | [724/2708] Mencari: pulau bintang tolala
17:26:27 | DEBUG   | [L1 Wiki] Error: Expecting value: line 1 column 1 (char 0)
17:26:27 | DEBUG   |       L1 Gagal, mencoba L2 DDGS...
17:26:38 | INFO    |       => Sukses dari: https://www.itrip.id/pulau-bintang-kolaka-utara
17:26:39 | INFO    | [725/2708] Mencari: Goa Jepang Kawangkoan
17:26:39 | DEBUG   | [L1 Wiki] Error: Expecting value: line 1 column 1 (char 0)
17:26:39 | DEBUG   |       L1 Gagal, mencoba L2 DDGS...
17:26:45 | INFO    |       => Sukses dari: https://www.inews.id/travel/destinasi/7-gua-paling-seram-peninggalan-belanda-dan-jepang-masih-ada-tempat-penyimpanan-tulang/all
17:26:47 | INFO    | [726/2708] Mencari: Pantai Pasir Putih
17:26:47 | DEBUG   | [L1 Wiki] Error: Expecting value: line 1 column 1 (char 0)
17:26:47 | DEBUG   |       L1 Gagal, mencoba L2 DDGS...
17:26:53 | INFO    |       => Sukses dari: https://indonesiajuara.asia/blog/pantai-mandel-banggai-kepulauan/
17:26:54 | INFO    | [727/2708] Mencari: Bukit Marezo
17:26:54 | DEBUG   | [L1 Wiki] Error: Expecting value: line 1 column 1 (char 0)
17:26:54 | DEBUG   |       L1 Gagal, mencoba L2 DDGS...
17:27:03 | INFO    |       => Sukses dari: https://sulsel.idntimes.com/news/sulawesi-selatan/artmosphere-day-2022-selebrasi-pelaku-industri-kreatif-di-parepare-00-g3swn-qtbcvr
17:27:04 | INFO    | [728/2708] Mencari: Tomohon Show Window
17:27:04 | DEBUG   | [L1 Wiki] Error: Expecting value: line 1 column 1 (char 0)
17:27:04 | DEBUG   |       L1 Gagal, mencoba L2 DDGS...
17:27:14 | DEBUG   | [L2 DDGS] Error: ConnectError: ConnectError('error sending request for url (https://html.duckduckgo.com/html/)', 'https://html.duckduckgo.com/html/')
17:27:14 | INFO    |       => Gagal mencari deskripsi.
17:27:16 | INFO    | [729/2708] Mencari: Pantai Lilang
17:27:16 | DEBUG   | [L1 Wiki] Error: Expecting value: line 1 column 1 (char 0)
17:27:16 | DEBUG   |       L1 Gagal, mencoba L2 DDGS...
17:27:21 | INFO    |       => Sukses dari: https://id.wikipedia.org/wiki/Kema,_Minahasa_Utara
17:27:22 | INFO    | *** Auto-saving 160 baris diproses...
17:27:22 | INFO    | [730/2708] Mencari: Taraujung Pamboang
17:27:22 | DEBUG   | [L1 Wiki] Error: Expecting value: line 1 column 1 (char 0)
17:27:22 | DEBUG   |       L1 Gagal, mencoba L2 DDGS...
17:27:26 | INFO    |       => Sukses dari: https://id.wikipedia.org/wiki/Kabupaten_Majene
17:27:28 | INFO    | [731/2708] Mencari: PANTAI KARANG EMPAT
17:27:28 | DEBUG   | [L1 Wiki] Error: Expecting value: line 1 column 1 (char 0)
17:27:28 | DEBUG   |       L1 Gagal, mencoba L2 DDGS...
17:27:34 | INFO    |       => Sukses dari: https://zonasultra.id/panorama-unik-pantai-karang-empat-bombana/
17:27:36 | INFO    | [732/2708] Mencari: Air Terjun Sungai Anuang
17:27:36 | DEBUG   | [L1 Wiki] Error: Expecting value: line 1 column 1 (char 0)
17:27:36 | DEBUG   |       L1 Gagal, mencoba L2 DDGS...
17:27:42 | INFO    |       => Sukses dari: https://sulselsoul.com/air-terjun-sungai-anuang-luwu-timur/
17:27:43 | INFO    | [733/2708] Mencari: Wisata Alam Lewaja
17:27:43 | DEBUG   | [L1 Wiki] Error: Expecting value: line 1 column 1 (char 0)
17:27:43 | DEBUG   |       L1 Gagal, mencoba L2 DDGS...
17:27:51 | DEBUG   | [L2 BS4] Gagal ekstraksi url https://jadesta.kemenparekraf.go.id/desa/lewaja -> HTTPSConnectionPool(host='jadesta.kemenparekraf.go.id', port=443): Max retries exceeded with url: /desa/lewaja (Caused by NameResolutionError("HTTPSConnection(host='jadesta.kemenparekraf.go.id', port=443): Failed to resolve 'jadesta.kemenparekraf.go.id' ([Errno 11002] getaddrinfo failed)"))
17:27:52 | INFO    |       => Sukses dari: https://tungka.digitaldesa.id/wisata/wisata-alam-lewaja
17:27:54 | INFO    | [734/2708] Mencari: Pantai Galau
17:27:54 | DEBUG   | [L1 Wiki] Error: Expecting value: line 1 column 1 (char 0)
17:27:54 | DEBUG   |       L1 Gagal, mencoba L2 DDGS...
17:28:01 | INFO    |       => Gagal mencari deskripsi.
17:28:03 | INFO    | [735/2708] Mencari: Pantai RCTI
17:28:03 | DEBUG   | [L1 Wiki] Error: Expecting value: line 1 column 1 (char 0)
17:28:03 | DEBUG   |       L1 Gagal, mencoba L2 DDGS...
17:28:07 | INFO    |       => Sukses dari: https://www.celebes.co/pantai-rcti-bitung
17:28:09 | INFO    | [736/2708] Mencari: Pantai Kinunang
17:28:09 | DEBUG   | [L1 Wiki] Error: Expecting value: line 1 column 1 (char 0)
17:28:09 | DEBUG   |       L1 Gagal, mencoba L2 DDGS...
17:28:13 | DEBUG   | [L2 BS4] Gagal ekstraksi url https://mylikupang.com/pantaikinunang/ -> HTTPSConnectionPool(host='mylikupang.com', port=443): Max retries exceeded with url: /pantaikinunang/ (Caused by SSLError(SSLCertVerificationError(1, '[SSL: CERTIFICATE_VERIFY_FAILED] certificate verify failed: certificate has expired (_ssl.c:1081)')))
17:28:16 | INFO    |       => Sukses dari: https://beach-spot.com/beach/kinunang-beach/
17:28:18 | INFO    | [737/2708] Mencari: Air Terjun Waesai
17:28:18 | DEBUG   | [L1 Wiki] Error: Expecting value: line 1 column 1 (char 0)
17:28:18 | DEBUG   |       L1 Gagal, mencoba L2 DDGS...
17:28:35 | INFO    |       => Sukses dari: https://www.detik.com/sulsel/wisata/d-6455069/7-tempat-wisata-di-barru-yang-menarik-dan-murah-celebes-canyon-lappa-laona
17:28:37 | INFO    | [738/2708] Mencari: Destinasi Wisata Bukit Sasayaban
17:28:37 | DEBUG   | [L1 Wiki] Error: Expecting value: line 1 column 1 (char 0)
17:28:37 | DEBUG   |       L1 Gagal, mencoba L2 DDGS...
17:28:43 | INFO    |       => Sukses dari: https://www.geokepo.id/id/lokasi/minahasa-selatan/bukit-sasayaban
17:28:44 | INFO    | [739/2708] Mencari: Air Terjun Ladenring
17:28:45 | DEBUG   | [L1 Wiki] Error: Expecting value: line 1 column 1 (char 0)
17:28:45 | DEBUG   |       L1 Gagal, mencoba L2 DDGS...
17:28:52 | INFO    |       => Sukses dari: https://id.wikipedia.org/wiki/Air_Terjun_Ladenring
17:28:53 | INFO    | [740/2708] Mencari: Pantai Gubahi
17:28:53 | DEBUG   | [L1 Wiki] Error: Expecting value: line 1 column 1 (char 0)
17:28:53 | DEBUG   |       L1 Gagal, mencoba L2 DDGS...
17:29:05 | INFO    |       => Gagal mencari deskripsi.
17:29:07 | INFO    | [741/2708] Mencari: Klenteng KWAN KONG Manado
17:29:07 | DEBUG   | [L1 Wiki] Error: Expecting value: line 1 column 1 (char 0)
17:29:07 | DEBUG   |       L1 Gagal, mencoba L2 DDGS...
17:29:12 | INFO    |       => Sukses dari: https://placesindonesia.com/temples/klenteng-kwan-kong-manado/
17:29:14 | INFO    | [742/2708] Mencari: Pantai Pulisan
17:29:14 | DEBUG   | [L1 Wiki] Error: Expecting value: line 1 column 1 (char 0)
17:29:14 | DEBUG   |       L1 Gagal, mencoba L2 DDGS...
17:29:21 | INFO    |       => Sukses dari: https://id.wikivoyage.org/wiki/Pulisan
17:29:23 | INFO    | [743/2708] Mencari: Monumen Perjuangan Rakyat Pangkep
17:29:23 | DEBUG   | [L1 Wiki] Error: Expecting value: line 1 column 1 (char 0)
17:29:23 | DEBUG   |       L1 Gagal, mencoba L2 DDGS...
17:29:27 | INFO    |       => Sukses dari: https://www.geokepo.id/id/lokasi/pangkajene-dan-kepulauan/dermaga-maccini-baji
17:29:29 | INFO    | [744/2708] Mencari: Wisata Bukit Arang Gorontalo
17:29:29 | DEBUG   | [L1 Wiki] Error: Expecting value: line 1 column 1 (char 0)
17:29:29 | DEBUG   |       L1 Gagal, mencoba L2 DDGS...
17:29:35 | INFO    |       => Sukses dari: https://travel.kompas.com/read/2022/07/13/225549927/desa-lonuo-gorontalo-punya-tempat-wisata-bak-negeri-di-atas-awan
17:29:37 | INFO    | [745/2708] Mencari: Tanjung Ngalo Mamuju
17:29:37 | DEBUG   | [L1 Wiki] Error: Expecting value: line 1 column 1 (char 0)
17:29:37 | DEBUG   |       L1 Gagal, mencoba L2 DDGS...
17:29:46 | INFO    |       => Sukses dari: https://wanderboat.ai/attractions/tanjung-ngalo-mamuju/tE1wPNPUS4eOXpXbBJGtqQ
17:29:47 | INFO    | [746/2708] Mencari: Kebun Anggur DUYU BANGKIT 02/04
17:29:47 | DEBUG   | [L1 Wiki] Error: Expecting value: line 1 column 1 (char 0)
17:29:47 | DEBUG   |       L1 Gagal, mencoba L2 DDGS...
17:29:55 | INFO    |       => Sukses dari: https://travel.tribunnews.com/2021/10/04/travel-update-kebun-anggur-duyu-bangkit-tempat-wisata-berburu-anggur-di-sulawesi-tengah
17:29:56 | INFO    | [747/2708] Mencari: Mattirotasi beach
17:29:57 | DEBUG   | [L1 Wiki] Error: Expecting value: line 1 column 1 (char 0)
17:29:57 | DEBUG   |       L1 Gagal, mencoba L2 DDGS...
17:30:04 | INFO    |       => Sukses dari: https://www.detik.com/sulsel/wisata/d-6594141/23-objek-wisata-di-parepare-mulai-pesona-alam-hingga-situs-sejarah
17:30:06 | INFO    | [748/2708] Mencari: Tugu Kandean Dulang
17:30:06 | DEBUG   | [L1 Wiki] Error: Expecting value: line 1 column 1 (char 0)
17:30:06 | DEBUG   |       L1 Gagal, mencoba L2 DDGS...
17:30:12 | INFO    |       => Sukses dari: https://www.geokepo.id/id/lokasi/pasangkayu/tugu-smart-pasangkayu
17:30:13 | INFO    | [749/2708] Mencari: Pantai BBC
17:30:13 | DEBUG   | [L1 Wiki] Error: Expecting value: line 1 column 1 (char 0)
17:30:13 | DEBUG   |       L1 Gagal, mencoba L2 DDGS...
17:30:34 | INFO    |       => Gagal mencari deskripsi.
17:30:35 | INFO    | *** Auto-saving 180 baris diproses...
17:30:35 | INFO    | [750/2708] Mencari: Mokokawa
17:30:36 | DEBUG   | [L1 Wiki] Error: Expecting value: line 1 column 1 (char 0)
17:30:36 | DEBUG   |       L1 Gagal, mencoba L2 DDGS...
17:30:40 | INFO    |       => Sukses dari: https://www.goodnewsfromindonesia.id/2026/01/02/menyusuri-keasrian-air-terjun-mokokawa-surga-tropis-yang-tersembunyi-di-sulawesi-tengah
17:30:42 | INFO    | [751/2708] Mencari: Masjid Keraton Liya
17:30:42 | DEBUG   | [L1 Wiki] Error: Expecting value: line 1 column 1 (char 0)
17:30:42 | DEBUG   |       L1 Gagal, mencoba L2 DDGS...
17:30:47 | INFO    |       => Sukses dari: https://visual.republika.co.id/berita/sk7r43375/mengunjungi-masjid-tua-peninggalan-kesultanan-buton
17:30:48 | INFO    | [752/2708] Mencari: Pemandian Ma'obu
17:30:49 | DEBUG   | [L1 Wiki] Error: Expecting value: line 1 column 1 (char 0)
17:30:49 | DEBUG   |       L1 Gagal, mencoba L2 DDGS...
17:31:03 | INFO    |       => Gagal mencari deskripsi.
17:31:04 | INFO    | [753/2708] Mencari: Pantai Bungin
17:31:04 | DEBUG   | [L1 Wiki] Error: Expecting value: line 1 column 1 (char 0)
17:31:04 | DEBUG   |       L1 Gagal, mencoba L2 DDGS...
17:31:14 | DEBUG   | [L2 DDGS] Error: ConnectError: ConnectError('error sending request for url (https://html.duckduckgo.com/html/)', 'https://html.duckduckgo.com/html/')
17:31:14 | INFO    |       => Gagal mencari deskripsi.
17:31:15 | INFO    | [754/2708] Mencari: Hubat Sanjai
17:31:15 | DEBUG   | [L1 Wiki] Error: Expecting value: line 1 column 1 (char 0)
17:31:15 | DEBUG   |       L1 Gagal, mencoba L2 DDGS...
17:31:20 | INFO    |       => Sukses dari: https://lindungihutan.com/blog/menilik-pantai-hubat-kabupaten-sinjai/
17:31:22 | INFO    | [755/2708] Mencari: Ungkea Beach
17:31:22 | DEBUG   | [L1 Wiki] Error: Expecting value: line 1 column 1 (char 0)
17:31:22 | DEBUG   |       L1 Gagal, mencoba L2 DDGS...
17:31:28 | INFO    |       => Sukses dari: https://id.wikipedia.org/wiki/Ungkea,_Petasia_Timur,_Morowali_Utara
17:31:30 | INFO    | [756/2708] Mencari: Taman Kota Majene
17:31:30 | DEBUG   | [L1 Wiki] Error: Expecting value: line 1 column 1 (char 0)
17:31:30 | DEBUG   |       L1 Gagal, mencoba L2 DDGS...
17:31:36 | INFO    |       => Sukses dari: https://id.wikipedia.org/wiki/Kabupaten_Majene
17:31:37 | INFO    | [757/2708] Mencari: Pantai Padongko
17:31:37 | DEBUG   | [L1 Wiki] Error: Expecting value: line 1 column 1 (char 0)
17:31:37 | DEBUG   |       L1 Gagal, mencoba L2 DDGS...
17:31:47 | DEBUG   | [L2 DDGS] Error: ConnectError: ConnectError('error sending request for url (https://html.duckduckgo.com/html/)', 'https://html.duckduckgo.com/html/')
17:31:47 | INFO    |       => Gagal mencari deskripsi.
17:31:49 | INFO    | [758/2708] Mencari: Air Terjun Baturiti
17:31:49 | DEBUG   | [L1 Wiki] Error: Expecting value: line 1 column 1 (char 0)
17:31:49 | DEBUG   |       L1 Gagal, mencoba L2 DDGS...
17:31:58 | DEBUG   | [L2 BS4] Gagal ekstraksi url https://jadesta.kemenparekraf.go.id/atraksi/air_terjun_baturiti -> HTTPSConnectionPool(host='jadesta.kemenparekraf.go.id', port=443): Max retries exceeded with url: /atraksi/air_terjun_baturiti (Caused by NameResolutionError("HTTPSConnection(host='jadesta.kemenparekraf.go.id', port=443): Failed to resolve 'jadesta.kemenparekraf.go.id' ([Errno 11002] getaddrinfo failed)"))
17:32:00 | INFO    |       => Sukses dari: https://www.sulawesitoday.com/berita/122508933/rahasia-keindahan-air-terjun-baturiti-di-parigi-moutong-wisata-alam-yang-mendamaikan
17:32:01 | INFO    | [759/2708] Mencari: Pantai Malaha
17:32:01 | DEBUG   | [L1 Wiki] Error: Expecting value: line 1 column 1 (char 0)
17:32:01 | DEBUG   |       L1 Gagal, mencoba L2 DDGS...
17:32:08 | DEBUG   | [L2 DDGS] Error: RequestError: RequestError('error sending request for url (https://search.yahoo.com/search;_ylt=Pswt524W4OTK7rS-Etb_GC_Z;_ylu=CTprc0byS_TU9J6biOaeggG6-VTOwtGsxgeZ-6nrfzdg-EY?p=Pantai+Malaha+Kabupaten+Kolaka+wisata)', 'https://search.yahoo.com/search;_ylt=Pswt524W4OTK7rS-Etb_GC_Z;_ylu=CTprc0byS_TU9J6biOaeggG6-VTOwtGsxgeZ-6nrfzdg-EY?p=Pantai+Malaha+Kabupaten+Kolaka+wisata')
17:32:08 | INFO    |       => Gagal mencari deskripsi.
17:32:09 | INFO    | [760/2708] Mencari: Pantai Panorama
17:32:09 | DEBUG   | [L1 Wiki] Error: Expecting value: line 1 column 1 (char 0)
17:32:09 | DEBUG   |       L1 Gagal, mencoba L2 DDGS...
17:32:15 | DEBUG   | [L2 DDGS] Error: ConnectError: ConnectError('error sending request for url (https://html.duckduckgo.com/html/)', 'https://html.duckduckgo.com/html/')
17:32:15 | INFO    |       => Gagal mencari deskripsi.
17:32:17 | INFO    | [761/2708] Mencari: Taman Kota Keydupa
17:32:17 | DEBUG   | [L1 Wiki] Error: Expecting value: line 1 column 1 (char 0)
17:32:17 | DEBUG   |       L1 Gagal, mencoba L2 DDGS...
17:32:26 | DEBUG   | [L2 DDGS] Error: ConnectError: ConnectError('error sending request for url (https://html.duckduckgo.com/html/)', 'https://html.duckduckgo.com/html/')
17:32:26 | INFO    |       => Gagal mencari deskripsi.
17:32:27 | INFO    | [762/2708] Mencari: TODDOPULI GREENLAND
17:32:27 | DEBUG   | [L1 Wiki] Error: Expecting value: line 1 column 1 (char 0)
17:32:27 | DEBUG   |       L1 Gagal, mencoba L2 DDGS...
17:32:37 | INFO    |       => Sukses dari: https://disparpora.bulukumbakab.go.id/portofolio/toddoppuli-greenland/
17:32:39 | INFO    | [763/2708] Mencari: Gelora ambang
17:32:39 | DEBUG   | [L1 Wiki] Error: Expecting value: line 1 column 1 (char 0)
17:32:39 | DEBUG   |       L1 Gagal, mencoba L2 DDGS...
17:32:47 | DEBUG   | [L2 DDGS] Error: ConnectError: ConnectError('error sending request for url (https://html.duckduckgo.com/html/)', 'https://html.duckduckgo.com/html/')
17:32:47 | INFO    |       => Gagal mencari deskripsi.
17:32:48 | INFO    | [764/2708] Mencari: Pantai Kanaan
17:32:48 | DEBUG   | [L1 Wiki] Error: Expecting value: line 1 column 1 (char 0)
17:32:48 | DEBUG   |       L1 Gagal, mencoba L2 DDGS...
17:32:54 | DEBUG   | [L2 DDGS] Error: RequestError: RequestError('error sending request for url (https://search.yahoo.com/search;_ylt=B4Ig4sQ43vHMs6I0U6p5v-dv;_ylu=lVO1rFoGpFH6mOqaltG3ehsLR5GnHvZHnsRkWcvlyMI4kfE?p=Pantai+Kanaan+Kabupaten+Minahasa+wisata)', 'https://search.yahoo.com/search;_ylt=B4Ig4sQ43vHMs6I0U6p5v-dv;_ylu=lVO1rFoGpFH6mOqaltG3ehsLR5GnHvZHnsRkWcvlyMI4kfE?p=Pantai+Kanaan+Kabupaten+Minahasa+wisata')
17:32:54 | INFO    |       => Gagal mencari deskripsi.
17:32:55 | INFO    | [765/2708] Mencari: Wisata Alam Bukit Peyapata
17:32:55 | DEBUG   | [L1 Wiki] Error: Expecting value: line 1 column 1 (char 0)
17:32:55 | DEBUG   |       L1 Gagal, mencoba L2 DDGS...
17:33:01 | INFO    |       => Sukses dari: https://id.wikipedia.org/wiki/Bukit_peyapata
17:33:03 | INFO    | [766/2708] Mencari: Tongkonan Ranteallo
17:33:03 | DEBUG   | [L1 Wiki] Error: Expecting value: line 1 column 1 (char 0)
17:33:03 | DEBUG   |       L1 Gagal, mencoba L2 DDGS...
17:33:13 | INFO    |       => Sukses dari: https://infotoraja.com/wisata/ranteallo/
17:33:15 | INFO    | [767/2708] Mencari: Pantai Kampa
17:33:15 | DEBUG   | [L1 Wiki] Error: Expecting value: line 1 column 1 (char 0)
17:33:15 | DEBUG   |       L1 Gagal, mencoba L2 DDGS...
17:33:23 | INFO    |       => Sukses dari: https://beautyofindonesia.com/id/wisata/wisata-alam/pantai-kampa
17:33:25 | INFO    | [768/2708] Mencari: Pantai Meleura
17:33:25 | DEBUG   | [L1 Wiki] Error: Expecting value: line 1 column 1 (char 0)
17:33:25 | DEBUG   |       L1 Gagal, mencoba L2 DDGS...
17:33:30 | INFO    |       => Sukses dari: https://id.wikipedia.org/wiki/Pantai_meleura
17:33:31 | INFO    | [769/2708] Mencari: Dermaga Harapan
17:33:31 | DEBUG   | [L1 Wiki] Error: Expecting value: line 1 column 1 (char 0)
17:33:31 | DEBUG   |       L1 Gagal, mencoba L2 DDGS...
17:33:37 | DEBUG   | [L2 DDGS] Error: ConnectError: ConnectError('error sending request for url (https://html.duckduckgo.com/html/)', 'https://html.duckduckgo.com/html/')
17:33:37 | INFO    |       => Gagal mencari deskripsi.
17:33:38 | INFO    | *** Auto-saving 200 baris diproses...
17:33:38 | INFO    | [770/2708] Mencari: Pantai Pajala
17:33:39 | DEBUG   | [L1 Wiki] Error: Expecting value: line 1 column 1 (char 0)
17:33:39 | DEBUG   |       L1 Gagal, mencoba L2 DDGS...
17:33:43 | INFO    |       => Sukses dari: https://sultra.tribunnews.com/2024/05/06/desa-wisata-pajala-muna-barat-pesona-pantai-pasir-putih-dan-sunset-selat-tiworo-sulawesi-tenggara
17:33:45 | INFO    | [771/2708] Mencari: LYWANZA HILLS
17:33:45 | DEBUG   | [L1 Wiki] Error: Expecting value: line 1 column 1 (char 0)
17:33:45 | DEBUG   |       L1 Gagal, mencoba L2 DDGS...
17:33:53 | INFO    |       => Sukses dari: https://sulbar.tribunnews.com/2025/01/11/lywanza-hills-objek-wisata-alternatif-di-kota-mamuju-tawankan-pemandangan-indah
17:33:54 | INFO    | [772/2708] Mencari: Pantai Gusung Indah
17:33:54 | DEBUG   | [L1 Wiki] Error: Expecting value: line 1 column 1 (char 0)
17:33:54 | DEBUG   |       L1 Gagal, mencoba L2 DDGS...
17:34:01 | DEBUG   | [L2 DDGS] Error: ConnectError: ConnectError('error sending request for url (https://html.duckduckgo.com/html/)', 'https://html.duckduckgo.com/html/')
17:34:01 | INFO    |       => Gagal mencari deskripsi.
17:34:02 | INFO    | [773/2708] Mencari: Taman Pintar
17:34:02 | DEBUG   | [L1 Wiki] Error: Expecting value: line 1 column 1 (char 0)
17:34:02 | DEBUG   |       L1 Gagal, mencoba L2 DDGS...
17:34:08 | DEBUG   | [L2 DDGS] Error: RequestError: RequestError('error sending request for url (https://search.yahoo.com/search;_ylt=-wF0YobpDk7jTdn6hMw6Xk-c;_ylu=DtS7-jgNeyfsS67aXHuNwq2NyDSgCNumxZNGojAsFNsv12M?p=Taman+Pintar+Kabupaten+Pinrang+wisata)', 'https://search.yahoo.com/search;_ylt=-wF0YobpDk7jTdn6hMw6Xk-c;_ylu=DtS7-jgNeyfsS67aXHuNwq2NyDSgCNumxZNGojAsFNsv12M?p=Taman+Pintar+Kabupaten+Pinrang+wisata')
17:34:08 | INFO    |       => Gagal mencari deskripsi.
17:34:09 | INFO    | [774/2708] Mencari: Lolai Tongkonan Tangke Honai Rangga
17:34:09 | DEBUG   | [L1 Wiki] Error: Expecting value: line 1 column 1 (char 0)
17:34:09 | DEBUG   |       L1 Gagal, mencoba L2 DDGS...
17:34:19 | DEBUG   | [L2 DDGS] Error: ('error sending request for url (https://yandex.com/search/site/?text=Lolai+Tongkonan+Tangke+Honai+Rangga+Kabupaten+Toraja+Utara+wisata&web=1&searchid=2057369)', 'https://yandex.com/search/site/?text=Lolai+Tongkonan+Tangke+Honai+Rangga+Kabupaten+Toraja+Utara+wisata&web=1&searchid=2057369')
17:34:19 | INFO    |       => Gagal mencari deskripsi.
17:34:20 | INFO    | [775/2708] Mencari: Pantai Pa'badilang
17:34:20 | DEBUG   | [L1 Wiki] Error: Expecting value: line 1 column 1 (char 0)
17:34:20 | DEBUG   |       L1 Gagal, mencoba L2 DDGS...
17:34:26 | INFO    |       => Sukses dari: https://id.wikipedia.org/wiki/Pantai_Pa'badilang
17:34:28 | INFO    | [776/2708] Mencari: Pantai mosing
17:34:28 | DEBUG   | [L1 Wiki] Error: Expecting value: line 1 column 1 (char 0)
17:34:28 | DEBUG   |       L1 Gagal, mencoba L2 DDGS...
17:34:36 | DEBUG   | [L2 DDGS] Error: ConnectError: ConnectError('error sending request for url (https://html.duckduckgo.com/html/)', 'https://html.duckduckgo.com/html/')
17:34:36 | INFO    |       => Gagal mencari deskripsi.
17:34:38 | INFO    | [777/2708] Mencari: Bendungan Kalola
17:34:38 | DEBUG   | [L1 Wiki] Error: Expecting value: line 1 column 1 (char 0)
17:34:38 | DEBUG   |       L1 Gagal, mencoba L2 DDGS...
17:34:44 | DEBUG   | [L2 DDGS] Error: ConnectError: ConnectError('error sending request for url (https://html.duckduckgo.com/html/)', 'https://html.duckduckgo.com/html/')
17:34:44 | INFO    |       => Gagal mencari deskripsi.
17:34:46 | INFO    | [778/2708] Mencari: Pinus 2 Soputan
17:34:46 | DEBUG   | [L1 Wiki] Error: Expecting value: line 1 column 1 (char 0)
17:34:46 | DEBUG   |       L1 Gagal, mencoba L2 DDGS...
17:34:55 | DEBUG   | [L2 DDGS] Error: ConnectError: ConnectError('error sending request for url (https://html.duckduckgo.com/html/)', 'https://html.duckduckgo.com/html/')
17:34:55 | INFO    |       => Gagal mencari deskripsi.
17:34:57 | INFO    | [779/2708] Mencari: Hutan Kota Tomohon
17:34:57 | DEBUG   | [L1 Wiki] Error: Expecting value: line 1 column 1 (char 0)
17:34:57 | DEBUG   |       L1 Gagal, mencoba L2 DDGS...
17:35:03 | DEBUG   | [L2 DDGS] Error: ConnectError: ConnectError('error sending request for url (https://html.duckduckgo.com/html/)', 'https://html.duckduckgo.com/html/')
17:35:03 | INFO    |       => Gagal mencari deskripsi.
17:35:04 | INFO    | [780/2708] Mencari: Objek Wisata Danau Seper
17:35:04 | DEBUG   | [L1 Wiki] Error: Expecting value: line 1 column 1 (char 0)
17:35:04 | DEBUG   |       L1 Gagal, mencoba L2 DDGS...
17:35:14 | DEBUG   | [L2 DDGS] Error: ConnectError: ConnectError('error sending request for url (https://html.duckduckgo.com/html/)', 'https://html.duckduckgo.com/html/')
17:35:14 | INFO    |       => Gagal mencari deskripsi.
17:35:16 | INFO    | [781/2708] Mencari: Taman Wisata Alam Batu Angus
17:35:16 | DEBUG   | [L1 Wiki] Error: Expecting value: line 1 column 1 (char 0)
17:35:16 | DEBUG   |       L1 Gagal, mencoba L2 DDGS...
17:35:25 | INFO    |       => Sukses dari: https://visitsulut.com/id/kawasan-twa-taman-wisata-alam-batu-angus-bitung/
17:35:27 | INFO    | [782/2708] Mencari: Permandian air terjun Moramo
17:35:27 | DEBUG   | [L1 Wiki] Error: Expecting value: line 1 column 1 (char 0)
17:35:27 | DEBUG   |       L1 Gagal, mencoba L2 DDGS...
17:35:34 | DEBUG   | [L2 DDGS] Error: ConnectError: ConnectError('error sending request for url (https://html.duckduckgo.com/html/)', 'https://html.duckduckgo.com/html/')
17:35:34 | INFO    |       => Gagal mencari deskripsi.
17:35:36 | INFO    | [783/2708] Mencari: Citol Hill TONDOK BAKARU
17:35:36 | DEBUG   | [L1 Wiki] Error: Expecting value: line 1 column 1 (char 0)
17:35:36 | DEBUG   |       L1 Gagal, mencoba L2 DDGS...
17:35:42 | DEBUG   | [L2 DDGS] Error: ConnectError: ConnectError('error sending request for url (https://html.duckduckgo.com/html/)', 'https://html.duckduckgo.com/html/')
17:35:42 | INFO    |       => Gagal mencari deskripsi.
17:35:43 | INFO    | [784/2708] Mencari: Permandian Alam Uelanti
17:35:44 | DEBUG   | [L1 Wiki] Error: Expecting value: line 1 column 1 (char 0)
17:35:44 | DEBUG   |       L1 Gagal, mencoba L2 DDGS...
17:35:53 | INFO    |       => Sukses dari: https://disparmudora.luwutimurkab.go.id/index.php/news/detail/kadis-parmudora-tinjau-objek-wisata-permandian-alam-uelanti-pasca-lebaran
17:35:54 | INFO    | [785/2708] Mencari: BUKIT SENAYAN DESA BULO KEC. BULO (NEGERI ATAS AWAN)
17:35:54 | DEBUG   | [L1 Wiki] Error: Expecting value: line 1 column 1 (char 0)
17:35:54 | DEBUG   |       L1 Gagal, mencoba L2 DDGS...
17:36:01 | DEBUG   | [L2 DDGS] Error: ConnectError: ConnectError('error sending request for url (https://html.duckduckgo.com/html/)', 'https://html.duckduckgo.com/html/')
17:36:01 | INFO    |       => Gagal mencari deskripsi.
17:36:03 | INFO    | [786/2708] Mencari: Taman Nirwana Park (Tilung)
17:36:03 | DEBUG   | [L1 Wiki] Error: Expecting value: line 1 column 1 (char 0)
17:36:03 | DEBUG   |       L1 Gagal, mencoba L2 DDGS...
17:36:09 | DEBUG   | [L2 DDGS] Error: RequestError: RequestError('error sending request for url (https://search.yahoo.com/search;_ylt=2WNXihN9iJfRKDmDsPVdiSXg;_ylu=4qHm4ZKWMNFZ3WRc0shCTxiwbfbuDTCiknjnhHakADQSOAE?p=Taman+Nirwana+Park+%28Tilung%29+Kabupaten+Luwu+Timur+wisata)', 'https://search.yahoo.com/search;_ylt=2WNXihN9iJfRKDmDsPVdiSXg;_ylu=4qHm4ZKWMNFZ3WRc0shCTxiwbfbuDTCiknjnhHakADQSOAE?p=Taman+Nirwana+Park+%28Tilung%29+Kabupaten+Luwu+Timur+wisata')
17:36:09 | INFO    |       => Gagal mencari deskripsi.
17:36:10 | INFO    | [787/2708] Mencari: Pantai Wisata Lapeo
17:36:10 | DEBUG   | [L1 Wiki] Error: Expecting value: line 1 column 1 (char 0)
17:36:10 | DEBUG   |       L1 Gagal, mencoba L2 DDGS...
17:36:16 | DEBUG   | [L2 DDGS] Error: RequestError: RequestError('error sending request for url (https://search.yahoo.com/search;_ylt=Ftf2uGh6ajHBuryoMCb5JkWl;_ylu=LtPspVgUgWffFF-fGdP6OnbHlex3dDu96MHIAY1VeKXGldY?p=Pantai+Wisata+Lapeo+Kabupaten+Polewali+Mandar+wisata)', 'https://search.yahoo.com/search;_ylt=Ftf2uGh6ajHBuryoMCb5JkWl;_ylu=LtPspVgUgWffFF-fGdP6OnbHlex3dDu96MHIAY1VeKXGldY?p=Pantai+Wisata+Lapeo+Kabupaten+Polewali+Mandar+wisata')
17:36:16 | INFO    |       => Gagal mencari deskripsi.
17:36:18 | INFO    | [788/2708] Mencari: Pantai Panjang Toronipa
17:36:18 | DEBUG   | [L1 Wiki] Error: Expecting value: line 1 column 1 (char 0)
17:36:18 | DEBUG   |       L1 Gagal, mencoba L2 DDGS...
17:36:25 | DEBUG   | [L2 DDGS] Error: ConnectError: ConnectError('error sending request for url (https://html.duckduckgo.com/html/)', 'https://html.duckduckgo.com/html/')
17:36:25 | INFO    |       => Gagal mencari deskripsi.
17:36:26 | INFO    | [789/2708] Mencari: Permandian Bahopombine
17:36:26 | DEBUG   | [L1 Wiki] Error: Expecting value: line 1 column 1 (char 0)
17:36:26 | DEBUG   |       L1 Gagal, mencoba L2 DDGS...
17:36:33 | DEBUG   | [L2 DDGS] Error: ConnectError: ConnectError('error sending request for url (https://html.duckduckgo.com/html/)', 'https://html.duckduckgo.com/html/')
17:36:33 | INFO    |       => Gagal mencari deskripsi.
17:36:35 | INFO    | *** Auto-saving 220 baris diproses...
17:36:35 | INFO    | [790/2708] Mencari: Wisata Permandian Agro Palopo
17:36:35 | DEBUG   | [L1 Wiki] Error: Expecting value: line 1 column 1 (char 0)
17:36:35 | DEBUG   |       L1 Gagal, mencoba L2 DDGS...
17:36:42 | DEBUG   | [L2 DDGS] Error: ConnectError: ConnectError('error sending request for url (https://html.duckduckgo.com/html/)', 'https://html.duckduckgo.com/html/')
17:36:42 | INFO    |       => Gagal mencari deskripsi.
17:36:43 | INFO    | [791/2708] Mencari: Parigi Moutong Mutiara Khatulistiwa
17:36:43 | DEBUG   | [L1 Wiki] Error: Expecting value: line 1 column 1 (char 0)
17:36:43 | DEBUG   |       L1 Gagal, mencoba L2 DDGS...
17:36:50 | INFO    |       => Sukses dari: https://id.wikipedia.org/wiki/Kabupaten_Parigi_Moutong
17:36:52 | INFO    | [792/2708] Mencari: Tirta Ria
17:36:52 | DEBUG   | [L1 Wiki] Error: Expecting value: line 1 column 1 (char 0)
17:36:52 | DEBUG   |       L1 Gagal, mencoba L2 DDGS...
17:36:58 | DEBUG   | [L2 DDGS] Error: ConnectError: ConnectError('error sending request for url (https://html.duckduckgo.com/html/)', 'https://html.duckduckgo.com/html/')
17:36:58 | INFO    |       => Gagal mencari deskripsi.
17:36:59 | INFO    | [793/2708] Mencari: Batu Tongkarayya
17:36:59 | DEBUG   | [L1 Wiki] Error: Expecting value: line 1 column 1 (char 0)
17:36:59 | DEBUG   |       L1 Gagal, mencoba L2 DDGS...
17:37:08 | DEBUG   | [L2 DDGS] Error: ConnectError: ConnectError('error sending request for url (https://html.duckduckgo.com/html/)', 'https://html.duckduckgo.com/html/')
17:37:08 | INFO    |       => Gagal mencari deskripsi.
17:37:09 | INFO    | [794/2708] Mencari: Wisata Hutan Pinus Buntudatu
17:37:09 | DEBUG   | [L1 Wiki] Error: Expecting value: line 1 column 1 (char 0)
17:37:09 | DEBUG   |       L1 Gagal, mencoba L2 DDGS...
17:37:16 | DEBUG   | [L2 DDGS] Error: ConnectError: ConnectError('error sending request for url (https://html.duckduckgo.com/html/)', 'https://html.duckduckgo.com/html/')
17:37:16 | INFO    |       => Gagal mencari deskripsi.
17:37:17 | INFO    | [795/2708] Mencari: Chimoki Beach
17:37:17 | DEBUG   | [L1 Wiki] Error: Expecting value: line 1 column 1 (char 0)
17:37:17 | DEBUG   |       L1 Gagal, mencoba L2 DDGS...
17:37:26 | INFO    |       => Sukses dari: https://www.geokepo.id/en/lokasi/bolaang-mongondow-timur/chimoki-beach
17:37:27 | INFO    | [796/2708] Mencari: Pantai Balo Balo
17:37:27 | DEBUG   | [L1 Wiki] Error: Expecting value: line 1 column 1 (char 0)
17:37:27 | DEBUG   |       L1 Gagal, mencoba L2 DDGS...
17:37:32 | INFO    |       => Sukses dari: https://jadesta.kemenpar.go.id/desa/53598
17:37:33 | INFO    | [797/2708] Mencari: Kampung Literasi Borongtala
17:37:33 | DEBUG   | [L1 Wiki] Error: Expecting value: line 1 column 1 (char 0)
17:37:33 | DEBUG   |       L1 Gagal, mencoba L2 DDGS...
17:37:41 | INFO    |       => Sukses dari: https://kampunglietrasiborongtala.blogspot.com/
17:37:43 | INFO    | [798/2708] Mencari: Jelly Fish Lake (Mariona Lake)
17:37:43 | DEBUG   | [L1 Wiki] Error: Expecting value: line 1 column 1 (char 0)
17:37:43 | DEBUG   |       L1 Gagal, mencoba L2 DDGS...
17:37:48 | DEBUG   | [L2 DDGS] Error: RequestError: RequestError('error sending request for url (https://search.yahoo.com/search;_ylt=eyprSA3oMqOrk4GgXKy3CH1C;_ylu=njiBBipUuz3LutHOEZ2roUZnMPMzx02yRBvo4VBlRJoKLMY?p=Jelly+Fish+Lake+%28Mariona+Lake%29+Kabupaten+Tojo+Una-Una+wisata)', 'https://search.yahoo.com/search;_ylt=eyprSA3oMqOrk4GgXKy3CH1C;_ylu=njiBBipUuz3LutHOEZ2roUZnMPMzx02yRBvo4VBlRJoKLMY?p=Jelly+Fish+Lake+%28Mariona+Lake%29+Kabupaten+Tojo+Una-Una+wisata')
17:37:48 | INFO    |       => Gagal mencari deskripsi.
17:37:50 | INFO    | [799/2708] Mencari: AIR TERJUN HUILA
17:37:50 | DEBUG   | [L1 Wiki] Error: Expecting value: line 1 column 1 (char 0)
17:37:50 | DEBUG   |       L1 Gagal, mencoba L2 DDGS...
17:37:59 | DEBUG   | [L2 DDGS] Error: ConnectError: ConnectError('error sending request for url (https://html.duckduckgo.com/html/)', 'https://html.duckduckgo.com/html/')
17:37:59 | INFO    |       => Gagal mencari deskripsi.
17:38:00 | INFO    | [800/2708] Mencari: Pasambaya river side
17:38:00 | DEBUG   | [L1 Wiki] Error: Expecting value: line 1 column 1 (char 0)
17:38:00 | DEBUG   |       L1 Gagal, mencoba L2 DDGS...
17:38:05 | INFO    |       => Sukses dari: https://gorontalo.tribunnews.com/2024/08/04/intip-pesona-wisata-pasambaya-river-side-destinasi-alam-paling-cocok-untuk-berkemah
17:38:06 | INFO    | [801/2708] Mencari: Agrowisata Qurratu'ain
17:38:07 | DEBUG   | [L1 Wiki] Error: Expecting value: line 1 column 1 (char 0)
17:38:07 | DEBUG   |       L1 Gagal, mencoba L2 DDGS...
17:38:13 | DEBUG   | [L2 DDGS] Error: ConnectError: ConnectError('error sending request for url (https://html.duckduckgo.com/html/)', 'https://html.duckduckgo.com/html/')
17:38:13 | INFO    |       => Gagal mencari deskripsi.
17:38:15 | INFO    | [802/2708] Mencari: Asinua Water Park Konawe
17:38:15 | DEBUG   | [L1 Wiki] Error: Expecting value: line 1 column 1 (char 0)
17:38:15 | DEBUG   |       L1 Gagal, mencoba L2 DDGS...
17:38:22 | DEBUG   | [L2 DDGS] Error: ConnectError: ConnectError('error sending request for url (https://html.duckduckgo.com/html/)', 'https://html.duckduckgo.com/html/')
17:38:22 | INFO    |       => Gagal mencari deskripsi.
17:38:23 | INFO    | [803/2708] Mencari: Tanjung Silar
17:38:23 | DEBUG   | [L1 Wiki] Error: Expecting value: line 1 column 1 (char 0)
17:38:23 | DEBUG   |       L1 Gagal, mencoba L2 DDGS...
17:38:39 | INFO    |       => Sukses dari: https://malesung.com/pantai-tanjung-silar/
17:38:41 | INFO    | [804/2708] Mencari: Monumen Paccekke
17:38:41 | DEBUG   | [L1 Wiki] Error: Expecting value: line 1 column 1 (char 0)
17:38:41 | DEBUG   |       L1 Gagal, mencoba L2 DDGS...
17:38:47 | DEBUG   | [L2 DDGS] Error: RequestError: RequestError('error sending request for url (https://search.yahoo.com/search;_ylt=e2tOQ81GtC43jmoD-IiDUqW0;_ylu=xM6_SPaS4orbRYxg6yvq6PbNbj4aJU7MrIP7nK93_cI4clQ?p=Monumen+Paccekke+Kabupaten+Barru+wisata)', 'https://search.yahoo.com/search;_ylt=e2tOQ81GtC43jmoD-IiDUqW0;_ylu=xM6_SPaS4orbRYxg6yvq6PbNbj4aJU7MrIP7nK93_cI4clQ?p=Monumen+Paccekke+Kabupaten+Barru+wisata')
17:38:47 | INFO    |       => Gagal mencari deskripsi.
17:38:48 | INFO    | [805/2708] Mencari: PULAU SABANG TENDE
17:38:48 | DEBUG   | [L1 Wiki] Error: Expecting value: line 1 column 1 (char 0)
17:38:48 | DEBUG   |       L1 Gagal, mencoba L2 DDGS...
17:39:03 | DEBUG   | [L2 DDGS] Error: ConnectError: ConnectError('error sending request for url (https://html.duckduckgo.com/html/)', 'https://html.duckduckgo.com/html/')
17:39:03 | INFO    |       => Gagal mencari deskripsi.
17:39:04 | INFO    | [806/2708] Mencari: Wisata alam puncak kunyi
17:39:04 | DEBUG   | [L1 Wiki] Error: Expecting value: line 1 column 1 (char 0)
17:39:04 | DEBUG   |       L1 Gagal, mencoba L2 DDGS...
17:39:11 | DEBUG   | [L2 DDGS] Error: ConnectError: ConnectError('error sending request for url (https://html.duckduckgo.com/html/)', 'https://html.duckduckgo.com/html/')
17:39:11 | INFO    |       => Gagal mencari deskripsi.
17:39:13 | INFO    | [807/2708] Mencari: Puncak Buntu Sarira Negri Di Atas Awan
17:39:13 | DEBUG   | [L1 Wiki] Error: Expecting value: line 1 column 1 (char 0)
17:39:13 | DEBUG   |       L1 Gagal, mencoba L2 DDGS...
17:39:21 | DEBUG   | [L2 BS4] Gagal ekstraksi url https://www.direktori-wisata.com/buntu-sarira-wisata-alam-eksotis-di-tana-toraja-yang-berjuluk-negeri-di-atas-awan/ -> HTTPSConnectionPool(host='www.direktori-wisata.com', port=443): Max retries exceeded with url: /buntu-sarira-wisata-alam-eksotis-di-tana-toraja-yang-berjuluk-negeri-di-atas-awan/ (Caused by NameResolutionError("HTTPSConnection(host='www.direktori-wisata.com', port=443): Failed to resolve 'www.direktori-wisata.com' ([Errno 11001] getaddrinfo failed)"))
17:39:22 | INFO    |       => Sukses dari: https://travel.tribunnews.com/2025/06/10/buntu-sarira-di-makale-utara-tana-toraja-wisata-bukit-estetik-di-sulawesi-selatan
17:39:23 | INFO    | [808/2708] Mencari: Pantai Oyama
17:39:23 | DEBUG   | [L1 Wiki] Error: Expecting value: line 1 column 1 (char 0)
17:39:23 | DEBUG   |       L1 Gagal, mencoba L2 DDGS...
17:39:38 | INFO    |       => Sukses dari: https://www.pesonaindonesiatimur.com/oyama-beach-surga-tersembunyi-di-banggai-sulawesi-tengah/
17:39:40 | INFO    | [809/2708] Mencari: Agrowisata California Cialam
17:39:40 | DEBUG   | [L1 Wiki] Error: Expecting value: line 1 column 1 (char 0)
17:39:40 | DEBUG   |       L1 Gagal, mencoba L2 DDGS...
17:39:49 | DEBUG   | [L2 DDGS] Error: RequestError: RequestError('error sending request for url (https://search.yahoo.com/search;_ylt=tR5yC7H38UkMtqoBtlMdgVQs;_ylu=2-g1fKCEmMKXUULa_Kj5TuJtUNwSdBYbfMhAluN68OCukmw?p=Agrowisata+California+Cialam+Kabupaten+Konawe+Selatan+wisata)', 'https://search.yahoo.com/search;_ylt=tR5yC7H38UkMtqoBtlMdgVQs;_ylu=2-g1fKCEmMKXUULa_Kj5TuJtUNwSdBYbfMhAluN68OCukmw?p=Agrowisata+California+Cialam+Kabupaten+Konawe+Selatan+wisata')
17:39:49 | INFO    |       => Gagal mencari deskripsi.
17:39:51 | INFO    | *** Auto-saving 240 baris diproses...
17:39:51 | INFO    | [810/2708] Mencari: Taman Wisata Hutan Pinus Sorombipi
17:39:51 | DEBUG   | [L1 Wiki] Error: Expecting value: line 1 column 1 (char 0)
17:39:51 | DEBUG   |       L1 Gagal, mencoba L2 DDGS...
17:40:05 | INFO    |       => Sukses dari: https://liburanmurah.com/menikmati-keindahan-alam-di-taman-wisata-hutan-pinus-sorombipi-sulawesi-tenggara/
17:40:06 | INFO    | [811/2708] Mencari: Taman BUTENG
17:40:06 | DEBUG   | [L1 Wiki] Error: Expecting value: line 1 column 1 (char 0)
17:40:06 | DEBUG   |       L1 Gagal, mencoba L2 DDGS...
17:40:24 | INFO    |       => Gagal mencari deskripsi.
17:40:26 | INFO    | [812/2708] Mencari: To' Pinus Salu Kodo
17:40:26 | DEBUG   | [L1 Wiki] Error: Expecting value: line 1 column 1 (char 0)
17:40:26 | DEBUG   |       L1 Gagal, mencoba L2 DDGS...
17:40:36 | DEBUG   | [L2 BS4] Gagal ekstraksi url http://generasitekno.com/to-pinus-salu-kodo-pesona-alam-tersembunyi-di-mamasa-sulawesi-barat/ -> HTTPConnectionPool(host='generasitekno.com', port=80): Max retries exceeded with url: /to-pinus-salu-kodo-pesona-alam-tersembunyi-di-mamasa-sulawesi-barat/ (Caused by NameResolutionError("HTTPConnection(host='generasitekno.com', port=80): Failed to resolve 'generasitekno.com' ([Errno 11001] getaddrinfo failed)"))
17:40:39 | INFO    |       => Sukses dari: https://ballatumuka.digitaldesa.id/wisata/pohon-pinus-salukodo
17:40:40 | INFO    | [813/2708] Mencari: Ikha cell
17:40:41 | DEBUG   | [L1 Wiki] Error: Expecting value: line 1 column 1 (char 0)
17:40:41 | DEBUG   |       L1 Gagal, mencoba L2 DDGS...
17:40:51 | DEBUG   | [L2 DDGS] Error: ConnectError: ConnectError('error sending request for url (https://html.duckduckgo.com/html/)', 'https://html.duckduckgo.com/html/')
17:40:51 | INFO    |       => Gagal mencari deskripsi.
17:40:52 | INFO    | [814/2708] Mencari: Tinambung Highland
17:40:52 | DEBUG   | [L1 Wiki] Error: Expecting value: line 1 column 1 (char 0)
17:40:52 | DEBUG   |       L1 Gagal, mencoba L2 DDGS...
17:41:02 | DEBUG   | [L2 DDGS] Error: ConnectError: ConnectError('error sending request for url (https://html.duckduckgo.com/html/)', 'https://html.duckduckgo.com/html/')
17:41:02 | INFO    |       => Gagal mencari deskripsi.
17:41:04 | INFO    | [815/2708] Mencari: Museum Pinawetengan
17:41:04 | DEBUG   | [L1 Wiki] Error: Expecting value: line 1 column 1 (char 0)
17:41:04 | DEBUG   |       L1 Gagal, mencoba L2 DDGS...
17:41:13 | DEBUG   | [L2 DDGS] Error: ConnectError: ConnectError('error sending request for url (https://html.duckduckgo.com/html/)', 'https://html.duckduckgo.com/html/')
17:41:13 | INFO    |       => Gagal mencari deskripsi.
17:41:15 | INFO    | [816/2708] Mencari: Torosiaje
17:41:15 | DEBUG   | [L1 Wiki] Error: Expecting value: line 1 column 1 (char 0)
17:41:15 | DEBUG   |       L1 Gagal, mencoba L2 DDGS...
17:41:26 | DEBUG   | [L2 DDGS] Error: ConnectError: ConnectError('error sending request for url (https://html.duckduckgo.com/html/)', 'https://html.duckduckgo.com/html/')
17:41:26 | INFO    |       => Gagal mencari deskripsi.
17:41:27 | INFO    | [817/2708] Mencari: Air Terjun Kandawu Ndawuna
17:41:27 | DEBUG   | [L1 Wiki] Error: Expecting value: line 1 column 1 (char 0)
17:41:27 | DEBUG   |       L1 Gagal, mencoba L2 DDGS...
17:41:34 | INFO    |       => Sukses dari: https://dimensiindonesia.com/air-terjun-kandawu-ndawuna-permata-tersembunyi-di-hutan-buton/
17:41:35 | INFO    | [818/2708] Mencari: D'Marantale
17:41:35 | DEBUG   | [L1 Wiki] Error: Expecting value: line 1 column 1 (char 0)
17:41:35 | DEBUG   |       L1 Gagal, mencoba L2 DDGS...
17:41:42 | DEBUG   | [L2 DDGS] Error: ConnectError: ConnectError('error sending request for url (https://html.duckduckgo.com/html/)', 'https://html.duckduckgo.com/html/')
17:41:42 | INFO    |       => Gagal mencari deskripsi.
17:41:43 | INFO    | [819/2708] Mencari: Air Terjun Sarambu Salu
17:41:43 | DEBUG   | [L1 Wiki] Error: Expecting value: line 1 column 1 (char 0)
17:41:43 | DEBUG   |       L1 Gagal, mencoba L2 DDGS...
17:41:54 | INFO    |       => Sukses dari: https://id.wikipedia.org/wiki/Sarambu_Tonapa
17:41:56 | INFO    | [820/2708] Mencari: Objek Wisata Galugu Dua Sa'dan Sangkombong
17:41:56 | DEBUG   | [L1 Wiki] Error: Expecting value: line 1 column 1 (char 0)
17:41:56 | DEBUG   |       L1 Gagal, mencoba L2 DDGS...
17:42:06 | DEBUG   | [L2 DDGS] Error: ConnectError: ConnectError('error sending request for url (https://html.duckduckgo.com/html/)', 'https://html.duckduckgo.com/html/')
17:42:06 | INFO    |       => Gagal mencari deskripsi.
17:42:08 | INFO    | [821/2708] Mencari: Taman Kota Buol
17:42:08 | DEBUG   | [L1 Wiki] Error: Expecting value: line 1 column 1 (char 0)
17:42:08 | DEBUG   |       L1 Gagal, mencoba L2 DDGS...
17:42:19 | DEBUG   | [L2 DDGS] Error: ConnectError: ConnectError('error sending request for url (https://html.duckduckgo.com/html/)', 'https://html.duckduckgo.com/html/')
17:42:19 | INFO    |       => Gagal mencari deskripsi.
17:42:20 | INFO    | [822/2708] Mencari: Pantai Kuri Indah
17:42:20 | DEBUG   | [L1 Wiki] Error: Expecting value: line 1 column 1 (char 0)
17:42:20 | DEBUG   |       L1 Gagal, mencoba L2 DDGS...
17:42:31 | DEBUG   | [L2 DDGS] Error: ConnectError: ConnectError('error sending request for url (https://html.duckduckgo.com/html/)', 'https://html.duckduckgo.com/html/')
17:42:31 | INFO    |       => Gagal mencari deskripsi.
17:42:33 | INFO    | [823/2708] Mencari: Air Terjun Merdeka
17:42:33 | DEBUG   | [L1 Wiki] Error: Expecting value: line 1 column 1 (char 0)
17:42:33 | DEBUG   |       L1 Gagal, mencoba L2 DDGS...
17:42:46 | INFO    |       => Sukses dari: https://www.celebes.co/air-terjun-merdeka-maros
17:42:48 | INFO    | [824/2708] Mencari: Taman Motika
17:42:48 | DEBUG   | [L1 Wiki] Error: Expecting value: line 1 column 1 (char 0)
17:42:48 | DEBUG   |       L1 Gagal, mencoba L2 DDGS...
17:43:05 | INFO    |       => Sukses dari: https://www.wakatobi.indonesia-tourism.com/motika_park.html
17:43:06 | INFO    | [825/2708] Mencari: Puncak Kayangan 1 Sombori
17:43:06 | DEBUG   | [L1 Wiki] Error: Expecting value: line 1 column 1 (char 0)
17:43:06 | DEBUG   |       L1 Gagal, mencoba L2 DDGS...
17:43:17 | DEBUG   | [L2 DDGS] Error: ConnectError: ConnectError('error sending request for url (https://html.duckduckgo.com/html/)', 'https://html.duckduckgo.com/html/')
17:43:17 | INFO    |       => Gagal mencari deskripsi.
17:43:18 | INFO    | [826/2708] Mencari: Tanjung biru
17:43:19 | DEBUG   | [L1 Wiki] Error: Expecting value: line 1 column 1 (char 0)
17:43:19 | DEBUG   |       L1 Gagal, mencoba L2 DDGS...
17:43:29 | DEBUG   | [L2 DDGS] Error: ConnectError: ConnectError('error sending request for url (https://html.duckduckgo.com/html/)', 'https://html.duckduckgo.com/html/')
17:43:29 | INFO    |       => Gagal mencari deskripsi.
17:43:31 | INFO    | [827/2708] Mencari: Wisata Kebun Jati Gelebug Chandra
17:43:31 | DEBUG   | [L1 Wiki] Error: Expecting value: line 1 column 1 (char 0)
17:43:31 | DEBUG   |       L1 Gagal, mencoba L2 DDGS...
17:43:40 | DEBUG   | [L2 DDGS] Error: ConnectError: ConnectError('error sending request for url (https://html.duckduckgo.com/html/)', 'https://html.duckduckgo.com/html/')
17:43:40 | INFO    |       => Gagal mencari deskripsi.
17:43:42 | INFO    | [828/2708] Mencari: Air TERJUN NANGA NANGA
17:43:42 | DEBUG   | [L1 Wiki] Error: Expecting value: line 1 column 1 (char 0)
17:43:42 | DEBUG   |       L1 Gagal, mencoba L2 DDGS...
17:43:49 | INFO    |       => Sukses dari: https://www.celebes.co/air-terjun-nanga-nanga
17:43:51 | INFO    | [829/2708] Mencari: Water Sport Objek Wisata Pantai Molotabu
17:43:51 | DEBUG   | [L1 Wiki] Error: Expecting value: line 1 column 1 (char 0)
17:43:51 | DEBUG   |       L1 Gagal, mencoba L2 DDGS...
17:44:00 | DEBUG   | [L2 DDGS] Error: ConnectError: ConnectError('error sending request for url (https://html.duckduckgo.com/html/)', 'https://html.duckduckgo.com/html/')
17:44:00 | INFO    |       => Gagal mencari deskripsi.
17:44:02 | INFO    | *** Auto-saving 260 baris diproses...
17:44:02 | INFO    | [830/2708] Mencari: Kawasan Wisata LEANG LONDRONG
17:44:02 | DEBUG   | [L1 Wiki] Error: Expecting value: line 1 column 1 (char 0)
17:44:02 | DEBUG   |       L1 Gagal, mencoba L2 DDGS...
17:44:10 | DEBUG   | [L2 DDGS] Error: ConnectError: ConnectError('error sending request for url (https://html.duckduckgo.com/html/)', 'https://html.duckduckgo.com/html/')
17:44:10 | INFO    |       => Gagal mencari deskripsi.
17:44:11 | INFO    | [831/2708] Mencari: Pantai Wisata Moian
17:44:11 | DEBUG   | [L1 Wiki] Error: Expecting value: line 1 column 1 (char 0)
17:44:11 | DEBUG   |       L1 Gagal, mencoba L2 DDGS...
17:44:20 | DEBUG   | [L2 DDGS] Error: ConnectError: ConnectError('error sending request for url (https://html.duckduckgo.com/html/)', 'https://html.duckduckgo.com/html/')
17:44:20 | INFO    |       => Gagal mencari deskripsi.
17:44:22 | INFO    | [832/2708] Mencari: Tumpaan Park
17:44:22 | DEBUG   | [L1 Wiki] Error: Expecting value: line 1 column 1 (char 0)
17:44:22 | DEBUG   |       L1 Gagal, mencoba L2 DDGS...
17:44:28 | DEBUG   | [L2 BS4] Gagal ekstraksi url https://sisparnas.kemenparekraf.go.id/p/46262 -> HTTPSConnectionPool(host='sisparnas.kemenparekraf.go.id', port=443): Max retries exceeded with url: /p/46262 (Caused by NameResolutionError("HTTPSConnection(host='sisparnas.kemenparekraf.go.id', port=443): Failed to resolve 'sisparnas.kemenparekraf.go.id' ([Errno 11002] getaddrinfo failed)"))
17:44:33 | INFO    |       => Sukses dari: https://redaksisulut.com/tumpaan-park-taman-wisata-yang-diabaikan-pemdes-tumpaan-satu-cuek/
17:44:35 | INFO    | [833/2708] Mencari: Pantai Pulau Kondo
17:44:35 | DEBUG   | [L1 Wiki] Error: Expecting value: line 1 column 1 (char 0)
17:44:35 | DEBUG   |       L1 Gagal, mencoba L2 DDGS...
17:44:42 | DEBUG   | [L2 DDGS] Error: ConnectError: ConnectError('error sending request for url (https://html.duckduckgo.com/html/)', 'https://html.duckduckgo.com/html/')
17:44:42 | INFO    |       => Gagal mencari deskripsi.
17:44:43 | INFO    | [834/2708] Mencari: Batu Ejayya
17:44:43 | DEBUG   | [L1 Wiki] Error: Expecting value: line 1 column 1 (char 0)
17:44:43 | DEBUG   |       L1 Gagal, mencoba L2 DDGS...
17:44:50 | INFO    |       => Sukses dari: https://www.indonesia.travel/us/en/destination/sulawesi/south-sulawesi/batu-ejayya/
17:44:51 | INFO    | [835/2708] Mencari: Jembatan Muara Sungai Palopo
17:44:51 | DEBUG   | [L1 Wiki] Error: Expecting value: line 1 column 1 (char 0)
17:44:51 | DEBUG   |       L1 Gagal, mencoba L2 DDGS...
17:44:58 | DEBUG   | [L2 DDGS] Error: ConnectError: ConnectError('error sending request for url (https://html.duckduckgo.com/html/)', 'https://html.duckduckgo.com/html/')
17:44:58 | INFO    |       => Gagal mencari deskripsi.
17:44:59 | INFO    | [836/2708] Mencari: Pantai Lolak
17:44:59 | DEBUG   | [L1 Wiki] Error: Expecting value: line 1 column 1 (char 0)
17:44:59 | DEBUG   |       L1 Gagal, mencoba L2 DDGS...
17:45:08 | DEBUG   | [L2 DDGS] Error: ConnectError: ConnectError('error sending request for url (https://html.duckduckgo.com/html/)', 'https://html.duckduckgo.com/html/')
17:45:08 | INFO    |       => Gagal mencari deskripsi.
17:45:10 | INFO    | [837/2708] Mencari: RAQa River Camp
17:45:10 | DEBUG   | [L1 Wiki] Error: Expecting value: line 1 column 1 (char 0)
17:45:10 | DEBUG   |       L1 Gagal, mencoba L2 DDGS...
17:45:18 | INFO    |       => Sukses dari: https://donggala.go.id/detail/91
17:45:20 | INFO    | [838/2708] Mencari: Air Terjun Simoko
17:45:20 | DEBUG   | [L1 Wiki] Error: Expecting value: line 1 column 1 (char 0)
17:45:20 | DEBUG   |       L1 Gagal, mencoba L2 DDGS...
17:45:28 | INFO    |       => Sukses dari: https://keluyuran.com/air-terjun-di-bantaeng/
17:45:30 | INFO    | [839/2708] Mencari: Air Terjun Dendengan
17:45:30 | DEBUG   | [L1 Wiki] Error: Expecting value: line 1 column 1 (char 0)
17:45:30 | DEBUG   |       L1 Gagal, mencoba L2 DDGS...
17:45:38 | DEBUG   | [L2 DDGS] Error: ConnectError: ConnectError('error sending request for url (https://html.duckduckgo.com/html/)', 'https://html.duckduckgo.com/html/')
17:45:38 | INFO    |       => Gagal mencari deskripsi.
17:45:40 | INFO    | [840/2708] Mencari: Pulau Karampuang
17:45:40 | DEBUG   | [L1 Wiki] Error: Expecting value: line 1 column 1 (char 0)
17:45:40 | DEBUG   |       L1 Gagal, mencoba L2 DDGS...
17:45:46 | DEBUG   | [L2 DDGS] Error: ConnectError: ConnectError('error sending request for url (https://html.duckduckgo.com/html/)', 'https://html.duckduckgo.com/html/')
17:45:46 | INFO    |       => Gagal mencari deskripsi.
17:45:47 | INFO    | [841/2708] Mencari: Black Sand Beach(pantai pasir hitam)
17:45:47 | DEBUG   | [L1 Wiki] Error: Expecting value: line 1 column 1 (char 0)
17:45:47 | DEBUG   |       L1 Gagal, mencoba L2 DDGS...
17:45:56 | INFO    |       => Sukses dari: https://theperpetualsaturday.com/black-sand-beach-langkawi/
17:45:57 | INFO    | [842/2708] Mencari: Pantai Baluno
17:45:57 | DEBUG   | [L1 Wiki] Error: Expecting value: line 1 column 1 (char 0)
17:45:57 | DEBUG   |       L1 Gagal, mencoba L2 DDGS...
17:46:02 | INFO    |       => Sukses dari: https://www.indonesia.travel/us/en/destination/sulawesi/west-sulawesi/pantai-baluno
17:46:03 | INFO    | [843/2708] Mencari: Bundaran Bahomohoni
17:46:03 | DEBUG   | [L1 Wiki] Error: Expecting value: line 1 column 1 (char 0)
17:46:03 | DEBUG   |       L1 Gagal, mencoba L2 DDGS...
17:46:13 | DEBUG   | [L2 DDGS] Error: ConnectError: ConnectError('error sending request for url (https://html.duckduckgo.com/html/)', 'https://html.duckduckgo.com/html/')
17:46:13 | INFO    |       => Gagal mencari deskripsi.
17:46:14 | INFO    | [844/2708] Mencari: Ujung Tape
17:46:14 | DEBUG   | [L1 Wiki] Error: Expecting value: line 1 column 1 (char 0)
17:46:14 | DEBUG   |       L1 Gagal, mencoba L2 DDGS...
17:46:20 | INFO    |       => Sukses dari: https://jadesta.kemenpar.go.id/desa/teras_pantai_ujung_tape
17:46:22 | INFO    | [845/2708] Mencari: Taman Puspa Pesona
17:46:22 | DEBUG   | [L1 Wiki] Error: Expecting value: line 1 column 1 (char 0)
17:46:22 | DEBUG   |       L1 Gagal, mencoba L2 DDGS...
17:46:35 | INFO    |       => Sukses dari: https://renangloka.com/pool/taman-puspa-pesona/
17:46:36 | INFO    | [846/2708] Mencari: Liawan
17:46:36 | DEBUG   | [L1 Wiki] Error: Expecting value: line 1 column 1 (char 0)
17:46:36 | DEBUG   |       L1 Gagal, mencoba L2 DDGS...
17:46:42 | DEBUG   | [L2 DDGS] Error: ConnectError: ConnectError('error sending request for url (https://html.duckduckgo.com/html/)', 'https://html.duckduckgo.com/html/')
17:46:42 | INFO    |       => Gagal mencari deskripsi.
17:46:44 | INFO    | [847/2708] Mencari: Permandian Wakantee
17:46:44 | DEBUG   | [L1 Wiki] Error: Expecting value: line 1 column 1 (char 0)
17:46:44 | DEBUG   |       L1 Gagal, mencoba L2 DDGS...
17:46:53 | DEBUG   | [L2 DDGS] Error: ('error sending request for url (https://yandex.com/search/site/?text=Permandian+Wakantee+Kabupaten+Muna+wisata&web=1&searchid=3981502)', 'https://yandex.com/search/site/?text=Permandian+Wakantee+Kabupaten+Muna+wisata&web=1&searchid=3981502')
17:46:53 | INFO    |       => Gagal mencari deskripsi.
17:46:55 | INFO    | [848/2708] Mencari: Air Terjun Kamumu
17:46:55 | DEBUG   | [L1 Wiki] Error: Expecting value: line 1 column 1 (char 0)
17:46:55 | DEBUG   |       L1 Gagal, mencoba L2 DDGS...
17:46:59 | INFO    |       => Sukses dari: https://indonesiajuara.asia/blog/air-terjun-kamumu/
17:47:01 | INFO    | [849/2708] Mencari: MONUMEN LAPRIS
17:47:01 | DEBUG   | [L1 Wiki] Error: Expecting value: line 1 column 1 (char 0)
17:47:01 | DEBUG   |       L1 Gagal, mencoba L2 DDGS...
17:47:06 | INFO    |       => Sukses dari: https://id.wikipedia.org/wiki/Monumen_Lapris
17:47:07 | INFO    | *** Auto-saving 280 baris diproses...
17:47:07 | INFO    | [850/2708] Mencari: MANGROVE SALUBIRO KAROSSA
17:47:07 | DEBUG   | [L1 Wiki] Error: Expecting value: line 1 column 1 (char 0)
17:47:07 | DEBUG   |       L1 Gagal, mencoba L2 DDGS...
17:47:14 | INFO    |       => Sukses dari: https://repository.untad.ac.id/id/eprint/153150/
17:47:16 | INFO    | [851/2708] Mencari: Taman Margasatwa Tandurusa
17:47:16 | DEBUG   | [L1 Wiki] Error: Expecting value: line 1 column 1 (char 0)
17:47:16 | DEBUG   |       L1 Gagal, mencoba L2 DDGS...
17:47:22 | INFO    |       => Sukses dari: https://www.optimaise.co.id/taman-margasatwa-tandurusa-di-sulawesi-utara/
17:47:24 | INFO    | [852/2708] Mencari: Masjid Tua Jara'e
17:47:24 | DEBUG   | [L1 Wiki] Error: Expecting value: line 1 column 1 (char 0)
17:47:24 | DEBUG   |       L1 Gagal, mencoba L2 DDGS...
17:47:34 | INFO    |       => Sukses dari: https://jateng.akurat.co/wisata-kuliner/42798/sejarah-masjid-tua-jerrae-allakuang-cagar-budaya-berusia-414-tahun-di-sulawesi-selatan
17:47:35 | INFO    | [853/2708] Mencari: Pantai Bulo Rerer
17:47:35 | DEBUG   | [L1 Wiki] Error: Expecting value: line 1 column 1 (char 0)
17:47:35 | DEBUG   |       L1 Gagal, mencoba L2 DDGS...
17:47:45 | INFO    |       => Sukses dari: https://www.neliti.com/media/publications/140909-ID-analisa-karakteristik-gelombang-di-panta.pdf
17:47:47 | INFO    | [854/2708] Mencari: Puncak Bulusaraung
17:47:47 | DEBUG   | [L1 Wiki] Error: Expecting value: line 1 column 1 (char 0)
17:47:47 | DEBUG   |       L1 Gagal, mencoba L2 DDGS...
17:47:52 | INFO    |       => Sukses dari: https://sulsel.idntimes.com/travel/destination/gabungan-pesona-darat-laut-ini-5-spot-wisata-andalan-di-pangkep-00-g3swn-sxwfr0
17:47:54 | INFO    | [855/2708] Mencari: WATERPARK AMANAH TANI
17:47:54 | DEBUG   | [L1 Wiki] Error: Expecting value: line 1 column 1 (char 0)
17:47:54 | DEBUG   |       L1 Gagal, mencoba L2 DDGS...
17:48:00 | INFO    |       => Sukses dari: https://linteranews.com/indah-dan-sejuk-permandian-waterpark-agrowisata-amanah-tani-banjir-pengunjung/
17:48:02 | INFO    | [856/2708] Mencari: Pantai Pasir Putih
17:48:02 | DEBUG   | [L1 Wiki] Error: Expecting value: line 1 column 1 (char 0)
17:48:02 | DEBUG   |       L1 Gagal, mencoba L2 DDGS...
17:48:09 | INFO    |       => Sukses dari: https://travel.tribunnews.com/2025/05/29/pesona-pantai-sondana-wisata-dengan-pasir-putih-air-laut-jernih-di-bolsel-sulut
17:48:11 | INFO    | [857/2708] Mencari: Air Terjun Cinta
17:48:11 | DEBUG   | [L1 Wiki] Error: Expecting value: line 1 column 1 (char 0)
17:48:11 | DEBUG   |       L1 Gagal, mencoba L2 DDGS...
17:48:18 | INFO    |       => Sukses dari: https://smartcity.gowakab.go.id/wisata_alam/cinta-waterfall/9
17:48:20 | INFO    | [858/2708] Mencari: Pemandian Air Panas Rantekatoan
17:48:20 | DEBUG   | [L1 Wiki] Error: Expecting value: line 1 column 1 (char 0)
17:48:20 | DEBUG   |       L1 Gagal, mencoba L2 DDGS...
17:48:28 | DEBUG   | [L2 BS4] Gagal ekstraksi url https://jadesta.kemenparekraf.go.id/atraksi/71003 -> HTTPSConnectionPool(host='jadesta.kemenparekraf.go.id', port=443): Max retries exceeded with url: /atraksi/71003 (Caused by NameResolutionError("HTTPSConnection(host='jadesta.kemenparekraf.go.id', port=443): Failed to resolve 'jadesta.kemenparekraf.go.id' ([Errno 11002] getaddrinfo failed)"))
17:48:29 | INFO    |       => Sukses dari: https://uhaidaho.digitaldesa.id/wisata/pemandian-air-panas-rante-katoang
17:48:31 | INFO    | [859/2708] Mencari: OBJEB WISATA PANTAI SALUKAILI
17:48:31 | DEBUG   | [L1 Wiki] Error: Expecting value: line 1 column 1 (char 0)
17:48:31 | DEBUG   |       L1 Gagal, mencoba L2 DDGS...
17:48:39 | INFO    |       => Sukses dari: https://tempatwisataseru.com/tempat-wisata-di-mamuju-terbaik-hits-yang-wajib-dikunjungi/
17:48:41 | INFO    | [860/2708] Mencari: Mangrove Park Tiwoho
17:48:41 | DEBUG   | [L1 Wiki] Error: Expecting value: line 1 column 1 (char 0)
17:48:41 | DEBUG   |       L1 Gagal, mencoba L2 DDGS...
17:48:49 | DEBUG   | [L2 BS4] Gagal ekstraksi url https://jadesta.kemenparekraf.go.id/desa/tiwoho -> HTTPSConnectionPool(host='jadesta.kemenparekraf.go.id', port=443): Max retries exceeded with url: /desa/tiwoho (Caused by NameResolutionError("HTTPSConnection(host='jadesta.kemenparekraf.go.id', port=443): Failed to resolve 'jadesta.kemenparekraf.go.id' ([Errno 11002] getaddrinfo failed)"))
17:48:51 | INFO    |       => Sukses dari: https://lindungihutan.com/lokasi/128/pantai-tiwoho
17:48:52 | INFO    | [861/2708] Mencari: Camping ground kendari
17:48:52 | DEBUG   | [L1 Wiki] Error: Expecting value: line 1 column 1 (char 0)
17:48:52 | DEBUG   |       L1 Gagal, mencoba L2 DDGS...
17:48:58 | INFO    |       => Sukses dari: https://www.detik.com/sulsel/berita/d-8086956/kebun-raya-kendari-kawasan-konservasi-edukasi-dan-wisata-hijau-di-sultra
17:48:59 | INFO    | [862/2708] Mencari: Wisata Banua Pangka Wotu
17:48:59 | DEBUG   | [L1 Wiki] Error: Expecting value: line 1 column 1 (char 0)
17:48:59 | DEBUG   |       L1 Gagal, mencoba L2 DDGS...
17:49:10 | DEBUG   | [L2 BS4] Gagal ekstraksi url https://jadesta.kemenparekraf.go.id/desa/banua_pangka -> HTTPSConnectionPool(host='jadesta.kemenparekraf.go.id', port=443): Max retries exceeded with url: /desa/banua_pangka (Caused by NameResolutionError("HTTPSConnection(host='jadesta.kemenparekraf.go.id', port=443): Failed to resolve 'jadesta.kemenparekraf.go.id' ([Errno 11002] getaddrinfo failed)"))
17:49:13 | INFO    |       => Sukses dari: https://yandex.com/maps/org/wisata_banua_pangka_wotu/229677879808/
17:49:14 | INFO    | [863/2708] Mencari: Bendungan Bantimurung Bone-Bone Luwu utara
17:49:14 | DEBUG   | [L1 Wiki] Error: Expecting value: line 1 column 1 (char 0)
17:49:14 | DEBUG   |       L1 Gagal, mencoba L2 DDGS...
17:49:19 | INFO    |       => Sukses dari: https://www.detik.com/sulsel/wisata/d-6908956/19-rekomendasi-tempat-wisata-di-luwu-utara-yang-menarik-dikunjungi
17:49:21 | INFO    | [864/2708] Mencari: Bukit Bumi Cerah
17:49:21 | DEBUG   | [L1 Wiki] Error: Expecting value: line 1 column 1 (char 0)
17:49:21 | DEBUG   |       L1 Gagal, mencoba L2 DDGS...
17:49:27 | INFO    |       => Sukses dari: https://id.wikipedia.org/wiki/Kabupaten_Bone_Bolango
17:49:28 | INFO    | [865/2708] Mencari: Pantai Marboro
17:49:28 | DEBUG   | [L1 Wiki] Error: Expecting value: line 1 column 1 (char 0)
17:49:28 | DEBUG   |       L1 Gagal, mencoba L2 DDGS...
17:49:39 | INFO    |       => Gagal mencari deskripsi.
17:49:40 | INFO    | [866/2708] Mencari: Air Terjun Danggang
17:49:40 | DEBUG   | [L1 Wiki] Error: Expecting value: line 1 column 1 (char 0)
17:49:40 | DEBUG   |       L1 Gagal, mencoba L2 DDGS...
17:49:47 | INFO    |       => Sukses dari: https://www.idntimes.com/travel/destination/9-potret-indah-air-terjun-danggang-wisata-alam-tersembunyi-di-gowa-01-5ltmv-cnllft
17:49:49 | INFO    | [867/2708] Mencari: Cagar Alam Karaengta Maros
17:49:49 | DEBUG   | [L1 Wiki] Error: Expecting value: line 1 column 1 (char 0)
17:49:49 | DEBUG   |       L1 Gagal, mencoba L2 DDGS...
17:49:56 | INFO    |       => Sukses dari: https://id.wikipedia.org/wiki/Cagar_Alam_Karaenta
17:49:57 | INFO    | [868/2708] Mencari: Pantai Labobo
17:49:57 | DEBUG   | [L1 Wiki] Error: Expecting value: line 1 column 1 (char 0)
17:49:57 | DEBUG   |       L1 Gagal, mencoba L2 DDGS...
17:50:04 | INFO    |       => Sukses dari: https://www.popbela.com/lifestyle/travel/8-wisata-di-pulau-buton-wajib-masuk-daftar-liburanmu-00-vp6g8-gfb6y6
17:50:06 | INFO    | [869/2708] Mencari: Bukit Indah Camp
17:50:06 | DEBUG   | [L1 Wiki] Error: Expecting value: line 1 column 1 (char 0)
17:50:06 | DEBUG   |       L1 Gagal, mencoba L2 DDGS...
17:50:15 | INFO    |       => Sukses dari: https://travel.detik.com/fototravel/d-5070789/selfie-yuk-di-bukit-indah-beroanging
17:50:17 | INFO    | *** Auto-saving 300 baris diproses...
17:50:17 | INFO    | [870/2708] Mencari: Gelora Permata Hijau Waetuwo
17:50:17 | DEBUG   | [L1 Wiki] Error: Expecting value: line 1 column 1 (char 0)
17:50:17 | DEBUG   |       L1 Gagal, mencoba L2 DDGS...
17:50:27 | DEBUG   | [L2 BS4] Gagal ekstraksi url https://jadesta.kemenparekraf.go.id/desa/gelora_permata_hijau -> HTTPSConnectionPool(host='jadesta.kemenparekraf.go.id', port=443): Max retries exceeded with url: /desa/gelora_permata_hijau (Caused by NameResolutionError("HTTPSConnection(host='jadesta.kemenparekraf.go.id', port=443): Failed to resolve 'jadesta.kemenparekraf.go.id' ([Errno 11002] getaddrinfo failed)"))
17:50:34 | INFO    |       => Sukses dari: https://beritakotamakassar.com/2023/11/09/amran-terima-kunjungan-tim-visitasi-desa-wisata/
17:50:35 | INFO    | [871/2708] Mencari: Kampoeng Mangrove Ra'ra
17:50:35 | DEBUG   | [L1 Wiki] Error: Expecting value: line 1 column 1 (char 0)
17:50:35 | DEBUG   |       L1 Gagal, mencoba L2 DDGS...
17:50:45 | INFO    |       => Sukses dari: https://www.tagar.id/hutan-mangrove-di-jeneponto-disulap-jadi-objek-wisata
17:50:47 | INFO    | [872/2708] Mencari: Air Terjun Kogawuna
17:50:47 | DEBUG   | [L1 Wiki] Error: Expecting value: line 1 column 1 (char 0)
17:50:47 | DEBUG   |       L1 Gagal, mencoba L2 DDGS...
17:50:53 | DEBUG   | [L2 DDGS] Error: ConnectError: ConnectError('error sending request for url (https://html.duckduckgo.com/html/)', 'https://html.duckduckgo.com/html/')
17:50:53 | INFO    |       => Gagal mencari deskripsi.
17:50:54 | INFO    | [873/2708] Mencari: Muara Maros Baru
17:50:54 | DEBUG   | [L1 Wiki] Error: Expecting value: line 1 column 1 (char 0)
17:50:54 | DEBUG   |       L1 Gagal, mencoba L2 DDGS...
17:50:58 | INFO    |       => Sukses dari: https://id.wikipedia.org/wiki/Kabupaten_Maros
17:51:00 | INFO    | [874/2708] Mencari: Kamali Boneaka
17:51:00 | DEBUG   | [L1 Wiki] Error: Expecting value: line 1 column 1 (char 0)
17:51:00 | DEBUG   |       L1 Gagal, mencoba L2 DDGS...
17:51:11 | INFO    |       => Sukses dari: https://www.geokepo.id/id/lokasi/banggai-laut/masjid-agung-an-nur-banggai
17:51:12 | INFO    | [875/2708] Mencari: Bendungan Bettu
17:51:13 | DEBUG   | [L1 Wiki] Error: Expecting value: line 1 column 1 (char 0)
17:51:13 | DEBUG   |       L1 Gagal, mencoba L2 DDGS...
17:51:19 | INFO    |       => Sukses dari: https://disparpora.bulukumbakab.go.id/portofolio/bendungan-bettu/
17:51:21 | INFO    | [876/2708] Mencari: Pantai Enu
17:51:21 | DEBUG   | [L1 Wiki] Error: Expecting value: line 1 column 1 (char 0)
17:51:21 | DEBUG   |       L1 Gagal, mencoba L2 DDGS...
17:51:30 | DEBUG   | [L2 DDGS] Error: RequestError: RequestError('error sending request for url (https://search.yahoo.com/search;_ylt=A8pYF7kFEig-VV_JlgH3lBAy;_ylu=qaUCvICPIT4db0G4VMuvASW1nMRM9I2Jrx4v1B5FCea8ea4?p=Pantai+Enu+Kabupaten+Donggala+wisata)', 'https://search.yahoo.com/search;_ylt=A8pYF7kFEig-VV_JlgH3lBAy;_ylu=qaUCvICPIT4db0G4VMuvASW1nMRM9I2Jrx4v1B5FCea8ea4?p=Pantai+Enu+Kabupaten+Donggala+wisata')
17:51:30 | INFO    |       => Gagal mencari deskripsi.
17:51:32 | INFO    | [877/2708] Mencari: Lereng CInta
17:51:32 | DEBUG   | [L1 Wiki] Error: Expecting value: line 1 column 1 (char 0)
17:51:32 | DEBUG   |       L1 Gagal, mencoba L2 DDGS...
17:51:39 | INFO    |       => Sukses dari: https://bobobox.com/blog/id/destinasi-tempat-wisata-alam-palopo/
17:51:41 | INFO    | [878/2708] Mencari: Alun-Alun Pantai Seruni
17:51:41 | DEBUG   | [L1 Wiki] Error: Expecting value: line 1 column 1 (char 0)
17:51:41 | DEBUG   |       L1 Gagal, mencoba L2 DDGS...
17:51:46 | INFO    |       => Sukses dari: https://id.wikipedia.org/wiki/Pantai_Seruni
17:51:48 | INFO    | [879/2708] Mencari: Air Terjun Depa'
17:51:48 | DEBUG   | [L1 Wiki] Error: Expecting value: line 1 column 1 (char 0)
17:51:48 | DEBUG   |       L1 Gagal, mencoba L2 DDGS...
17:52:03 | INFO    |       => Gagal mencari deskripsi.
17:52:05 | INFO    | [880/2708] Mencari: Buntu Gallang
17:52:05 | DEBUG   | [L1 Wiki] Error: Expecting value: line 1 column 1 (char 0)
17:52:05 | DEBUG   |       L1 Gagal, mencoba L2 DDGS...
17:52:11 | DEBUG   | [L2 BS4] Gagal ekstraksi url https://jadesta.kemenparekraf.go.id/desa/eran_batu -> HTTPSConnectionPool(host='jadesta.kemenparekraf.go.id', port=443): Max retries exceeded with url: /desa/eran_batu (Caused by NameResolutionError("HTTPSConnection(host='jadesta.kemenparekraf.go.id', port=443): Failed to resolve 'jadesta.kemenparekraf.go.id' ([Errno 11002] getaddrinfo failed)"))
17:52:17 | INFO    |       => Sukses dari: https://liburanmurah.com/buntu-gallang-pesona-alam-tersembunyi-di-sulawesi-selatan/
17:52:19 | INFO    | [881/2708] Mencari: Telaga Biru Ere Merasa
17:52:19 | DEBUG   | [L1 Wiki] Error: Expecting value: line 1 column 1 (char 0)
17:52:19 | DEBUG   |       L1 Gagal, mencoba L2 DDGS...
17:52:26 | INFO    |       => Sukses dari: https://disparpora.bulukumbakab.go.id/portofolio/telaga-biru-ere-manerang/
17:52:27 | INFO    | [882/2708] Mencari: Pantai Membuku
17:52:27 | DEBUG   | [L1 Wiki] Error: Expecting value: line 1 column 1 (char 0)
17:52:27 | DEBUG   |       L1 Gagal, mencoba L2 DDGS...
17:52:32 | INFO    |       => Sukses dari: https://beautyofindonesia.com/id/wisata/wisata-alam/pantai-membuku
17:52:33 | INFO    | [883/2708] Mencari: Pantai Salokaili
17:52:33 | DEBUG   | [L1 Wiki] Error: Expecting value: line 1 column 1 (char 0)
17:52:33 | DEBUG   |       L1 Gagal, mencoba L2 DDGS...
17:52:49 | INFO    |       => Gagal mencari deskripsi.
17:52:50 | INFO    | [884/2708] Mencari: Taman Kota Sengkang Kabupaten Wajo
17:52:50 | DEBUG   | [L1 Wiki] Error: Expecting value: line 1 column 1 (char 0)
17:52:50 | DEBUG   |       L1 Gagal, mencoba L2 DDGS...
17:52:55 | INFO    |       => Sukses dari: https://id.wikipedia.org/wiki/Sengkang_(kota)
17:52:57 | INFO    | [885/2708] Mencari: Taman Gazebo Pangkep
17:52:57 | DEBUG   | [L1 Wiki] Error: Expecting value: line 1 column 1 (char 0)
17:52:57 | DEBUG   |       L1 Gagal, mencoba L2 DDGS...
17:53:02 | INFO    |       => Sukses dari: https://sulsel.idntimes.com/travel/destination/gabungan-pesona-darat-laut-ini-5-spot-wisata-andalan-di-pangkep-00-g3swn-sxwfr0
17:53:03 | INFO    | [886/2708] Mencari: Kampung Kreasi Lowita
17:53:03 | DEBUG   | [L1 Wiki] Error: Expecting value: line 1 column 1 (char 0)
17:53:03 | DEBUG   |       L1 Gagal, mencoba L2 DDGS...
17:53:09 | INFO    |       => Sukses dari: https://jadesta.kemenpar.go.id/atraksi/kampung_kreasi_lowita
17:53:11 | INFO    | [887/2708] Mencari: Pantai Tumpaan Sawangan
17:53:11 | DEBUG   | [L1 Wiki] Error: Expecting value: line 1 column 1 (char 0)
17:53:11 | DEBUG   |       L1 Gagal, mencoba L2 DDGS...
17:53:15 | INFO    |       => Sukses dari: https://sulsel.idntimes.com/news/sulawesi-utara/bosan-di-rumah-ini-3-pantai-di-sulawesi-utara-untuk-melepas-penat-00-dgmbm-rbzm8l
17:53:16 | INFO    | [888/2708] Mencari: Pariwisata Riverside Dinamunen
17:53:16 | DEBUG   | [L1 Wiki] Error: Expecting value: line 1 column 1 (char 0)
17:53:16 | DEBUG   |       L1 Gagal, mencoba L2 DDGS...
17:53:21 | INFO    |       => Sukses dari: https://timesindonesia.co.id/wisata/396101/masih-belum-banyak-yang-tahu-ada-wisata-riverside-dinamunem-airmadidi-di-minahasa-utara-
17:53:22 | INFO    | [889/2708] Mencari: Morowali Sampoddo
17:53:22 | DEBUG   | [L1 Wiki] Error: Expecting value: line 1 column 1 (char 0)
17:53:22 | DEBUG   |       L1 Gagal, mencoba L2 DDGS...
17:53:33 | INFO    |       => Sukses dari: https://bobobox.com/blog/id/destinasi-tempat-wisata-alam-palopo/
17:53:35 | INFO    | *** Auto-saving 320 baris diproses...
17:53:35 | INFO    | [890/2708] Mencari: Permandian Zahara Wisata Papandangan
17:53:35 | DEBUG   | [L1 Wiki] Error: Expecting value: line 1 column 1 (char 0)
17:53:35 | DEBUG   |       L1 Gagal, mencoba L2 DDGS...
17:53:41 | INFO    |       => Sukses dari: https://idalamat.com/alamat/696702/permandian-zahara-wisata-papandangan-polewali-mandar-sulawesi-barat
17:53:43 | INFO    | [891/2708] Mencari: Batu Miana
17:53:43 | DEBUG   | [L1 Wiki] Error: Expecting value: line 1 column 1 (char 0)
17:53:43 | DEBUG   |       L1 Gagal, mencoba L2 DDGS...
17:53:52 | INFO    |       => Sukses dari: https://www.cedhak.com/sulawesi/513/batu-miana/
17:53:53 | INFO    | [892/2708] Mencari: Buyu Balease
17:53:53 | DEBUG   | [L1 Wiki] Error: Expecting value: line 1 column 1 (char 0)
17:53:53 | DEBUG   |       L1 Gagal, mencoba L2 DDGS...
17:53:59 | INFO    |       => Sukses dari: https://id.wikipedia.org/wiki/Gunung_Balease
17:54:01 | INFO    | [893/2708] Mencari: Gunung Empung
17:54:01 | DEBUG   | [L1 Wiki] Error: Expecting value: line 1 column 1 (char 0)
17:54:01 | DEBUG   |       L1 Gagal, mencoba L2 DDGS...
17:54:08 | INFO    |       => Sukses dari: https://www.liputan6.com/lifestyle/read/5603798/6-fakta-menarik-gunung-empung-kembaran-gunung-lokon-di-sulawesi-utara
17:54:09 | INFO    | [894/2708] Mencari: Bukit Rongi
17:54:09 | DEBUG   | [L1 Wiki] Error: Expecting value: line 1 column 1 (char 0)
17:54:09 | DEBUG   |       L1 Gagal, mencoba L2 DDGS...
17:54:14 | INFO    |       => Sukses dari: https://www.liputan6.com/regional/read/4734944/trip-ke-puncak-rongi-buton-selatan-nikmati-angin-dan-kabut-lembah-lamando
17:54:16 | INFO    | [895/2708] Mencari: Bendungan Ponre Ponre
17:54:16 | DEBUG   | [L1 Wiki] Error: Expecting value: line 1 column 1 (char 0)
17:54:16 | DEBUG   |       L1 Gagal, mencoba L2 DDGS...
17:54:20 | INFO    |       => Sukses dari: https://id.wikipedia.org/wiki/Bendungan_Ponre-ponre
17:54:22 | INFO    | [896/2708] Mencari: Pantai Teletabis
17:54:22 | DEBUG   | [L1 Wiki] Error: Expecting value: line 1 column 1 (char 0)
17:54:22 | DEBUG   |       L1 Gagal, mencoba L2 DDGS...
17:54:29 | INFO    |       => Sukses dari: https://liburanmurah.com/pantai-teletabis-surga-tersembunyi-di-sulawesi-utara/
17:54:30 | INFO    | [897/2708] Mencari: Museum Buntu Kalando
17:54:30 | DEBUG   | [L1 Wiki] Error: Expecting value: line 1 column 1 (char 0)
17:54:30 | DEBUG   |       L1 Gagal, mencoba L2 DDGS...
17:54:37 | INFO    |       => Sukses dari: https://id.wikipedia.org/wiki/Museum_Buntu_Kalando
17:54:38 | INFO    | [898/2708] Mencari: Pantai Raha Morowali
17:54:38 | DEBUG   | [L1 Wiki] Error: Expecting value: line 1 column 1 (char 0)
17:54:38 | DEBUG   |       L1 Gagal, mencoba L2 DDGS...
17:54:46 | INFO    |       => Sukses dari: https://palu.tribunnews.com/travel/172169/pengunjung-rekomendasikan-air-terjun-veranomata-morowali-jadi-tujuan-wisata-di-akhir-pekan
17:54:47 | INFO    | [899/2708] Mencari: Air Terjun Saliu
17:54:47 | DEBUG   | [L1 Wiki] Error: Expecting value: line 1 column 1 (char 0)
17:54:47 | DEBUG   |       L1 Gagal, mencoba L2 DDGS...
17:54:55 | INFO    |       => Sukses dari: https://id.wikipedia.org/wiki/Air_terjun_Saliu
17:54:56 | INFO    | [900/2708] Mencari: Siuri beach
17:54:56 | DEBUG   | [L1 Wiki] Error: Expecting value: line 1 column 1 (char 0)
17:54:56 | DEBUG   |       L1 Gagal, mencoba L2 DDGS...
17:55:04 | INFO    |       => Sukses dari: https://www.visitsulteng.id/destinasi/kabupaten-poso/pantai-siuri-poso
17:55:06 | INFO    | [901/2708] Mencari: Rental Mobil Gorontalo Talani
17:55:06 | DEBUG   | [L1 Wiki] Error: Expecting value: line 1 column 1 (char 0)
17:55:06 | DEBUG   |       L1 Gagal, mencoba L2 DDGS...
17:55:13 | INFO    |       => Sukses dari: https://talanirentcargorontalo.com/
17:55:15 | INFO    | [902/2708] Mencari: Air Terjun Sarambu Bittuang
17:55:15 | DEBUG   | [L1 Wiki] Error: Expecting value: line 1 column 1 (char 0)
17:55:15 | DEBUG   |       L1 Gagal, mencoba L2 DDGS...
17:55:23 | INFO    |       => Sukses dari: https://20.detik.com/spot-wisata/20250613-250613068/menikmati-pesona-air-terjun-sarambu-rate-bittuang-di-toraja
17:55:24 | INFO    | [903/2708] Mencari: Puncak Lestari
17:55:24 | DEBUG   | [L1 Wiki] Error: Expecting value: line 1 column 1 (char 0)
17:55:24 | DEBUG   |       L1 Gagal, mencoba L2 DDGS...
17:55:31 | INFO    |       => Sukses dari: https://www.liputan6.com/regional/read/5998475/menyusuri-jejak-sunyi-menuju-kabut-dingin-puncak-lestari-gorontalo
17:55:32 | INFO    | [904/2708] Mencari: Wisata Kelapa Muda Sabda Alam
17:55:32 | DEBUG   | [L1 Wiki] Error: Expecting value: line 1 column 1 (char 0)
17:55:32 | DEBUG   |       L1 Gagal, mencoba L2 DDGS...
17:55:37 | INFO    |       => Sukses dari: https://www.idntimes.com/travel/destination/wisata-sabda-alam-garut-lokasi-harga-tiket-dan-tips-liburan-01-gcvvx-jk26kj
17:55:39 | INFO    | [905/2708] Mencari: Boulevard Pantai Kambiow
17:55:39 | DEBUG   | [L1 Wiki] Error: Expecting value: line 1 column 1 (char 0)
17:55:39 | DEBUG   |       L1 Gagal, mencoba L2 DDGS...
17:55:49 | INFO    |       => Gagal mencari deskripsi.
17:55:50 | INFO    | [906/2708] Mencari: Wisata Istana Karst Ujung Bulu
17:55:50 | DEBUG   | [L1 Wiki] Error: Expecting value: line 1 column 1 (char 0)
17:55:50 | DEBUG   |       L1 Gagal, mencoba L2 DDGS...
17:55:57 | INFO    |       => Sukses dari: https://id.wikipedia.org/wiki/Botolempangan,_Bontoa,_Maros
17:55:59 | INFO    | [907/2708] Mencari: Jl taman gunung tumpa
17:55:59 | DEBUG   | [L1 Wiki] Error: Expecting value: line 1 column 1 (char 0)
17:55:59 | DEBUG   |       L1 Gagal, mencoba L2 DDGS...
17:56:08 | INFO    |       => Sukses dari: https://www.detik.com/sulsel/wisata/d-6878878/17-wisata-manado-dan-sekitarnya-yang-paling-hits-dan-populer
17:56:10 | INFO    | [908/2708] Mencari: Tempat Ziarah Bukit Pena'
17:56:10 | DEBUG   | [L1 Wiki] Error: Expecting value: line 1 column 1 (char 0)
17:56:10 | DEBUG   |       L1 Gagal, mencoba L2 DDGS...
17:56:17 | INFO    |       => Sukses dari: https://medianta.news/10/06/2025/bukit-ziarah-buntu-pena-didorong-jadi-primadona-wisata-mamasa/
17:56:18 | INFO    | [909/2708] Mencari: Pantai Harapan Pajalele
17:56:18 | DEBUG   | [L1 Wiki] Error: Expecting value: line 1 column 1 (char 0)
17:56:18 | DEBUG   |       L1 Gagal, mencoba L2 DDGS...
17:56:24 | INFO    |       => Sukses dari: https://sulsel.idntimes.com/travel/destination/5-pantai-dengan-pemandangan-laut-dan-pasir-indah-di-pinrang-00-g3swn-mwv71m
17:56:26 | INFO    | *** Auto-saving 340 baris diproses...
17:56:26 | INFO    | [910/2708] Mencari: Kawasan agro wisata desa Kassi
17:56:26 | DEBUG   | [L1 Wiki] Error: Expecting value: line 1 column 1 (char 0)
17:56:26 | DEBUG   |       L1 Gagal, mencoba L2 DDGS...
17:56:34 | DEBUG   | [L2 BS4] Gagal ekstraksi url https://jadesta.kemenparekraf.go.id/desa/_kassi -> HTTPSConnectionPool(host='jadesta.kemenparekraf.go.id', port=443): Max retries exceeded with url: /desa/_kassi (Caused by NameResolutionError("HTTPSConnection(host='jadesta.kemenparekraf.go.id', port=443): Failed to resolve 'jadesta.kemenparekraf.go.id' ([Errno 11002] getaddrinfo failed)"))
17:56:35 | INFO    |       => Sukses dari: https://jogja.antaranews.com/berita/616503/desa-kassi-dikembangkan-sebagai-kawasan-agrowisata
17:56:37 | INFO    | [911/2708] Mencari: Pantai Seta - Seta
17:56:37 | DEBUG   | [L1 Wiki] Error: Expecting value: line 1 column 1 (char 0)
17:56:37 | DEBUG   |       L1 Gagal, mencoba L2 DDGS...
17:56:44 | INFO    |       => Sukses dari: https://www.detik.com/sulsel/berita/d-8411370/bupati-luwu-utara-ungkap-4-wisata-alam-ramai-pengunjung-libur-lebaran
17:56:46 | INFO    | [912/2708] Mencari: Wisata Pemandian Barakati
17:56:46 | DEBUG   | [L1 Wiki] Error: Expecting value: line 1 column 1 (char 0)
17:56:46 | DEBUG   |       L1 Gagal, mencoba L2 DDGS...
17:56:52 | DEBUG   | [L2 DDGS] Error: RequestError: RequestError('error sending request for url (https://search.yahoo.com/search;_ylt=hEnuXyrpz_XGrDQWPbeF3q_u;_ylu=IhdALGBcyqoy3CjnDFtpZhxijIQQ4QrZX9VBlnq4rbET7Q0?p=Wisata+Pemandian+Barakati+Kabupaten+Gorontalo+wisata)', 'https://search.yahoo.com/search;_ylt=hEnuXyrpz_XGrDQWPbeF3q_u;_ylu=IhdALGBcyqoy3CjnDFtpZhxijIQQ4QrZX9VBlnq4rbET7Q0?p=Wisata+Pemandian+Barakati+Kabupaten+Gorontalo+wisata')
17:56:52 | INFO    |       => Gagal mencari deskripsi.
17:56:54 | INFO    | [913/2708] Mencari: Air Terjun Laumarang
17:56:54 | DEBUG   | [L1 Wiki] Error: Expecting value: line 1 column 1 (char 0)
17:56:54 | DEBUG   |       L1 Gagal, mencoba L2 DDGS...
17:57:01 | INFO    |       => Sukses dari: https://banggaikab.go.id/beranda/page/Pariwisata
17:57:02 | INFO    | [914/2708] Mencari: Wisata Buntu Kepa'
17:57:03 | DEBUG   | [L1 Wiki] Error: Expecting value: line 1 column 1 (char 0)
17:57:03 | DEBUG   |       L1 Gagal, mencoba L2 DDGS...
17:57:10 | DEBUG   | [L2 DDGS] Error: ConnectError: ConnectError('error sending request for url (https://html.duckduckgo.com/html/)', 'https://html.duckduckgo.com/html/')
17:57:10 | INFO    |       => Gagal mencari deskripsi.
17:57:11 | INFO    | [915/2708] Mencari: Pantai Jodoh
17:57:11 | DEBUG   | [L1 Wiki] Error: Expecting value: line 1 column 1 (char 0)
17:57:11 | DEBUG   |       L1 Gagal, mencoba L2 DDGS...
17:57:18 | DEBUG   | [L2 DDGS] Error: ConnectError: ConnectError('error sending request for url (https://html.duckduckgo.com/html/)', 'https://html.duckduckgo.com/html/')
17:57:18 | INFO    |       => Gagal mencari deskripsi.
17:57:20 | INFO    | [916/2708] Mencari: Wisata Panjat Tebing Batu Dinding Kilo Tiga
17:57:20 | DEBUG   | [L1 Wiki] Error: Expecting value: line 1 column 1 (char 0)
17:57:20 | DEBUG   |       L1 Gagal, mencoba L2 DDGS...
17:57:33 | INFO    |       => Sukses dari: https://www.celebes.co/batu-dinding-kilo-tiga-amurang
17:57:34 | INFO    | [917/2708] Mencari: Air Konde, Pasan Wawali Minahasa Tenggara (Jalan menuju Air Konde)
17:57:34 | DEBUG   | [L1 Wiki] Error: Expecting value: line 1 column 1 (char 0)
17:57:34 | DEBUG   |       L1 Gagal, mencoba L2 DDGS...
17:57:40 | DEBUG   | [L2 DDGS] Error: ConnectError: ConnectError('error sending request for url (https://html.duckduckgo.com/html/)', 'https://html.duckduckgo.com/html/')
17:57:40 | INFO    |       => Gagal mencari deskripsi.
17:57:42 | INFO    | [918/2708] Mencari: Objek Wisata Rante Sirrin
17:57:42 | DEBUG   | [L1 Wiki] Error: Expecting value: line 1 column 1 (char 0)
17:57:42 | DEBUG   |       L1 Gagal, mencoba L2 DDGS...
17:57:52 | INFO    |       => Sukses dari: https://idalamat.com/alamat/696594/objek-wisata-rante-sirrin-toraja-utara-sulawesi-selatan
17:57:53 | INFO    | [919/2708] Mencari: Pantai Kayuangin
17:57:53 | DEBUG   | [L1 Wiki] Error: Expecting value: line 1 column 1 (char 0)
17:57:53 | DEBUG   |       L1 Gagal, mencoba L2 DDGS...
17:58:00 | DEBUG   | [L2 DDGS] Error: ConnectError: ConnectError('error sending request for url (https://html.duckduckgo.com/html/)', 'https://html.duckduckgo.com/html/')
17:58:00 | INFO    |       => Gagal mencari deskripsi.
17:58:01 | INFO    | [920/2708] Mencari: Birtaria Kassi
17:58:01 | DEBUG   | [L1 Wiki] Error: Expecting value: line 1 column 1 (char 0)
17:58:01 | DEBUG   |       L1 Gagal, mencoba L2 DDGS...
17:58:09 | DEBUG   | [L2 DDGS] Error: RequestError: RequestError('error sending request for url (https://search.yahoo.com/search;_ylt=yfIP2e5GA3GlgKJKHAFAEm3g;_ylu=CJnHOeeQz96nHhJt1Lnj7rG9Uwl45LN3iqcG-csmnie0Tz4?p=Birtaria+Kassi+Kabupaten+Jeneponto+wisata)', 'https://search.yahoo.com/search;_ylt=yfIP2e5GA3GlgKJKHAFAEm3g;_ylu=CJnHOeeQz96nHhJt1Lnj7rG9Uwl45LN3iqcG-csmnie0Tz4?p=Birtaria+Kassi+Kabupaten+Jeneponto+wisata')
17:58:09 | INFO    |       => Gagal mencari deskripsi.
17:58:10 | INFO    | [921/2708] Mencari: Lakadao Beach
17:58:10 | DEBUG   | [L1 Wiki] Error: Expecting value: line 1 column 1 (char 0)
17:58:10 | DEBUG   |       L1 Gagal, mencoba L2 DDGS...
17:58:15 | INFO    |       => Sukses dari: https://www.celebes.co/pantai-lakadao-buton-selatan
17:58:17 | INFO    | [922/2708] Mencari: Air Terjun Taipa
17:58:17 | DEBUG   | [L1 Wiki] Error: Expecting value: line 1 column 1 (char 0)
17:58:17 | DEBUG   |       L1 Gagal, mencoba L2 DDGS...
17:58:22 | DEBUG   | [L2 DDGS] Error: ConnectError: ConnectError('error sending request for url (https://html.duckduckgo.com/html/)', 'https://html.duckduckgo.com/html/')
17:58:22 | INFO    |       => Gagal mencari deskripsi.
17:58:24 | INFO    | [923/2708] Mencari: Wisata Pondok Kelapa
17:58:24 | DEBUG   | [L1 Wiki] Error: Expecting value: line 1 column 1 (char 0)
17:58:24 | DEBUG   |       L1 Gagal, mencoba L2 DDGS...
17:58:32 | DEBUG   | [L2 DDGS] Error: ConnectError: ConnectError('error sending request for url (https://html.duckduckgo.com/html/)', 'https://html.duckduckgo.com/html/')
17:58:32 | INFO    |       => Gagal mencari deskripsi.
17:58:34 | INFO    | [924/2708] Mencari: Pantai Kayubulan
17:58:34 | DEBUG   | [L1 Wiki] Error: Expecting value: line 1 column 1 (char 0)
17:58:34 | DEBUG   |       L1 Gagal, mencoba L2 DDGS...
17:58:46 | INFO    |       => Sukses dari: https://apabuka.com/place/pantai-kayubulan
17:58:48 | INFO    | [925/2708] Mencari: Bola Seratu
17:58:48 | DEBUG   | [L1 Wiki] Error: Expecting value: line 1 column 1 (char 0)
17:58:48 | DEBUG   |       L1 Gagal, mencoba L2 DDGS...
17:59:04 | INFO    |       => Sukses dari: https://tempatwisataseru.com/rekomendasi-tempat-wisata-di-wajo/
17:59:06 | INFO    | [926/2708] Mencari: Wisata Pantai Tanjung Dulang
17:59:06 | DEBUG   | [L1 Wiki] Error: Expecting value: line 1 column 1 (char 0)
17:59:06 | DEBUG   |       L1 Gagal, mencoba L2 DDGS...
17:59:13 | DEBUG   | [L2 BS4] Gagal ekstraksi url https://www.lelungan.net/kabupaten-bolaang-mongondow-utara/tujuan-wisata/wisata-pantai-tanjung-dulang -> HTTPSConnectionPool(host='www.lelungan.net', port=443): Max retries exceeded with url: /kabupaten-bolaang-mongondow-utara/tujuan-wisata/wisata-pantai-tanjung-dulang (Caused by NameResolutionError("HTTPSConnection(host='www.lelungan.net', port=443): Failed to resolve 'www.lelungan.net' ([Errno 11001] getaddrinfo failed)"))
17:59:14 | INFO    |       => Sukses dari: https://manado.tribunnews.com/boltim/1872512/pantau-tanjung-kotabunan-penuh-sampah-dlh-boltim-terkesan-cuek
17:59:16 | INFO    | [927/2708] Mencari: Obyek Wisata Permandian Air Terjun Sakita
17:59:16 | DEBUG   | [L1 Wiki] Error: Expecting value: line 1 column 1 (char 0)
17:59:16 | DEBUG   |       L1 Gagal, mencoba L2 DDGS...
17:59:23 | INFO    |       => Sukses dari: https://apabuka.com/place/obyek-wisata-permandian-air-terjun-sakita
17:59:24 | INFO    | [928/2708] Mencari: Telaga Biru Ere Manerang
17:59:24 | DEBUG   | [L1 Wiki] Error: Expecting value: line 1 column 1 (char 0)
17:59:24 | DEBUG   |       L1 Gagal, mencoba L2 DDGS...
17:59:31 | DEBUG   | [L2 DDGS] Error: ConnectError: ConnectError('error sending request for url (https://html.duckduckgo.com/html/)', 'https://html.duckduckgo.com/html/')
17:59:31 | INFO    |       => Gagal mencari deskripsi.
17:59:33 | INFO    | [929/2708] Mencari: Dermaga Tua Sapoiha
17:59:33 | DEBUG   | [L1 Wiki] Error: Expecting value: line 1 column 1 (char 0)
17:59:33 | DEBUG   |       L1 Gagal, mencoba L2 DDGS...
17:59:42 | INFO    |       => Sukses dari: https://sultra.jadesta.com/desa/dermaga_tua
17:59:44 | INFO    | *** Auto-saving 360 baris diproses...
17:59:44 | INFO    | [930/2708] Mencari: Kawasan Wisata Attakae Kabupaten Wajo
17:59:44 | DEBUG   | [L1 Wiki] Error: Expecting value: line 1 column 1 (char 0)
17:59:44 | DEBUG   |       L1 Gagal, mencoba L2 DDGS...
17:59:57 | DEBUG   | [L2 DDGS] Error: ConnectError: ConnectError('error sending request for url (https://html.duckduckgo.com/html/)', 'https://html.duckduckgo.com/html/')
17:59:57 | INFO    |       => Gagal mencari deskripsi.
17:59:58 | INFO    | [931/2708] Mencari: Bukit Wisata Bulupadido
17:59:58 | DEBUG   | [L1 Wiki] Error: Expecting value: line 1 column 1 (char 0)
17:59:58 | DEBUG   |       L1 Gagal, mencoba L2 DDGS...
18:00:06 | DEBUG   | [L2 DDGS] Error: ConnectError: ConnectError('error sending request for url (https://html.duckduckgo.com/html/)', 'https://html.duckduckgo.com/html/')
18:00:06 | INFO    |       => Gagal mencari deskripsi.
18:00:07 | INFO    | [932/2708] Mencari: Mata Air Pocuncui
18:00:07 | DEBUG   | [L1 Wiki] Error: Expecting value: line 1 column 1 (char 0)
18:00:07 | DEBUG   |       L1 Gagal, mencoba L2 DDGS...
18:00:14 | INFO    |       => Sukses dari: https://www.lupalibur.com/tempat-wisata-buton
18:00:16 | INFO    | [933/2708] Mencari: Bukit Tangga Baly
18:00:16 | DEBUG   | [L1 Wiki] Error: Expecting value: line 1 column 1 (char 0)
18:00:16 | DEBUG   |       L1 Gagal, mencoba L2 DDGS...
18:00:27 | DEBUG   | [L2 DDGS] Error: ConnectError: ConnectError('error sending request for url (https://html.duckduckgo.com/html/)', 'https://html.duckduckgo.com/html/')
18:00:27 | INFO    |       => Gagal mencari deskripsi.
18:00:29 | INFO    | [934/2708] Mencari: Pantai Merpati
18:00:29 | DEBUG   | [L1 Wiki] Error: Expecting value: line 1 column 1 (char 0)
18:00:29 | DEBUG   |       L1 Gagal, mencoba L2 DDGS...
18:00:41 | DEBUG   | [L2 DDGS] Error: ConnectError: ConnectError('error sending request for url (https://html.duckduckgo.com/html/)', 'https://html.duckduckgo.com/html/')
18:00:41 | INFO    |       => Gagal mencari deskripsi.
18:00:42 | INFO    | [935/2708] Mencari: To'barana - Sa'dan
18:00:42 | DEBUG   | [L1 Wiki] Error: Expecting value: line 1 column 1 (char 0)
18:00:42 | DEBUG   |       L1 Gagal, mencoba L2 DDGS...
18:00:53 | INFO    |       => Sukses dari: https://www.kompasiana.com/owenjuve/680deac234777c461d6ea433/pesona-sa-dan-to-barana-toraja-utara
18:00:54 | INFO    | [936/2708] Mencari: Atalambu Hill
18:00:54 | DEBUG   | [L1 Wiki] Error: Expecting value: line 1 column 1 (char 0)
18:00:54 | DEBUG   |       L1 Gagal, mencoba L2 DDGS...
18:01:07 | INFO    |       => Sukses dari: https://gayahidup.rri.co.id/palu/wisata/1583489/atalambu-hill-destinasi-wisata-baru-di-danau-poso
18:01:08 | INFO    | [937/2708] Mencari: Air Terjun Sambabo
18:01:08 | DEBUG   | [L1 Wiki] Error: Expecting value: line 1 column 1 (char 0)
18:01:08 | DEBUG   |       L1 Gagal, mencoba L2 DDGS...
18:01:18 | INFO    |       => Sukses dari: https://mekora.id/air-terjun-sambabo-kekayaan-alam-mamasa-tertinggi-di-sulawesi/
18:01:19 | INFO    | [938/2708] Mencari: Wisata Alam Tamboke
18:01:19 | DEBUG   | [L1 Wiki] Error: Expecting value: line 1 column 1 (char 0)
18:01:19 | DEBUG   |       L1 Gagal, mencoba L2 DDGS...
18:01:25 | DEBUG   | [L2 DDGS] Error: ConnectError: ConnectError('error sending request for url (https://html.duckduckgo.com/html/)', 'https://html.duckduckgo.com/html/')
18:01:25 | INFO    |       => Gagal mencari deskripsi.
18:01:27 | INFO    | [939/2708] Mencari: Monas
18:01:27 | DEBUG   | [L1 Wiki] Error: Expecting value: line 1 column 1 (char 0)
18:01:27 | DEBUG   |       L1 Gagal, mencoba L2 DDGS...
18:01:34 | DEBUG   | [L2 DDGS] Error: ConnectError: ConnectError('error sending request for url (https://html.duckduckgo.com/html/)', 'https://html.duckduckgo.com/html/')
18:01:34 | INFO    |       => Gagal mencari deskripsi.
18:01:35 | INFO    | [940/2708] Mencari: Permandian Wisata Istana Mappala
18:01:35 | DEBUG   | [L1 Wiki] Error: Expecting value: line 1 column 1 (char 0)
18:01:35 | DEBUG   |       L1 Gagal, mencoba L2 DDGS...
18:01:43 | DEBUG   | [L2 DDGS] Error: RequestError: RequestError('error sending request for url (https://search.yahoo.com/search;_ylt=58y5sycC4jWLI08kYr1SXpVr;_ylu=zYxBVzy--SiRNnKaL6bLIrhjJGs6fFCY-vMloXoNNQCws28?p=Permandian+Wisata+Istana+Mappala+Kabupaten+Gowa+wisata)', 'https://search.yahoo.com/search;_ylt=58y5sycC4jWLI08kYr1SXpVr;_ylu=zYxBVzy--SiRNnKaL6bLIrhjJGs6fFCY-vMloXoNNQCws28?p=Permandian+Wisata+Istana+Mappala+Kabupaten+Gowa+wisata')
18:01:43 | INFO    |       => Gagal mencari deskripsi.
18:01:45 | INFO    | [941/2708] Mencari: Pantai Sappoang Polewali
18:01:45 | DEBUG   | [L1 Wiki] Error: Expecting value: line 1 column 1 (char 0)
18:01:45 | DEBUG   |       L1 Gagal, mencoba L2 DDGS...
18:01:52 | DEBUG   | [L2 DDGS] Error: ConnectError: ConnectError('error sending request for url (https://html.duckduckgo.com/html/)', 'https://html.duckduckgo.com/html/')
18:01:52 | INFO    |       => Gagal mencari deskripsi.
18:01:54 | INFO    | [942/2708] Mencari: Pemandian Air Panas Marowo
18:01:54 | DEBUG   | [L1 Wiki] Error: Expecting value: line 1 column 1 (char 0)
18:01:54 | DEBUG   |       L1 Gagal, mencoba L2 DDGS...
18:02:05 | INFO    |       => Sukses dari: https://www.mediapatriot.co.id/2025/09/22/destinasi-wisata-pemandian-air-panas-desa-marowo-mulai-diminati-pengungjung-2/
18:02:06 | INFO    | [943/2708] Mencari: Objek Wisata Air Toino Desa Talulobutu
18:02:06 | DEBUG   | [L1 Wiki] Error: Expecting value: line 1 column 1 (char 0)
18:02:07 | DEBUG   |       L1 Gagal, mencoba L2 DDGS...
18:02:15 | INFO    |       => Sukses dari: https://www.idntimes.com/travel/destination/dulu-kumuh-7-sungai-ini-sekarang-jadi-wisata-kece-01-yb6lc-t2bfkt
18:02:16 | INFO    | [944/2708] Mencari: Tanjung Karang
18:02:16 | DEBUG   | [L1 Wiki] Error: Expecting value: line 1 column 1 (char 0)
18:02:16 | DEBUG   |       L1 Gagal, mencoba L2 DDGS...
18:02:23 | INFO    |       => Sukses dari: https://id.wikipedia.org/wiki/Pantai_Tanjung_Karang
18:02:24 | INFO    | [945/2708] Mencari: Wisata Alam Lembah Cinta
18:02:24 | DEBUG   | [L1 Wiki] Error: Expecting value: line 1 column 1 (char 0)
18:02:24 | DEBUG   |       L1 Gagal, mencoba L2 DDGS...
18:02:31 | INFO    |       => Sukses dari: https://www.detik.com/sulsel/wisata/d-6527369/15-tempat-wisata-di-soppeng-pesona-keindahan-alam-hingga-peninggalan-sejarah
18:02:33 | INFO    | [946/2708] Mencari: Pantai hiu paus
18:02:33 | DEBUG   | [L1 Wiki] Error: Expecting value: line 1 column 1 (char 0)
18:02:33 | DEBUG   |       L1 Gagal, mencoba L2 DDGS...
18:02:42 | INFO    |       => Sukses dari: https://www.geokepo.id/id/lokasi/bone-bolango/pantai-botubarani-hiu-paus
18:02:43 | INFO    | [947/2708] Mencari: Permandian Air Panas Timba' Ko Kamp. Mini
18:02:43 | DEBUG   | [L1 Wiki] Error: Expecting value: line 1 column 1 (char 0)
18:02:43 | DEBUG   |       L1 Gagal, mencoba L2 DDGS...
18:02:50 | INFO    |       => Sukses dari: https://sitaro.wordpress.com/2008/11/21/air-panas-di-pantai-temboko-lehi-kampung-mini/
18:02:51 | INFO    | [948/2708] Mencari: Permandian Air Terjun POFUA 'A
18:02:51 | DEBUG   | [L1 Wiki] Error: Expecting value: line 1 column 1 (char 0)
18:02:51 | DEBUG   |       L1 Gagal, mencoba L2 DDGS...
18:02:58 | INFO    |       => Sukses dari: https://banuaterkini.com/travel-kuliner/air-terjun-pofuaa-bente-di-morowali-resmi-jadi-destinasi-wisata/
18:03:00 | INFO    | [949/2708] Mencari: Mangrove Park
18:03:00 | DEBUG   | [L1 Wiki] Error: Expecting value: line 1 column 1 (char 0)
18:03:00 | DEBUG   |       L1 Gagal, mencoba L2 DDGS...
18:03:08 | DEBUG   | [L2 BS4] Gagal ekstraksi url https://jadesta.kemenparekraf.go.id/desa/paso -> HTTPSConnectionPool(host='jadesta.kemenparekraf.go.id', port=443): Max retries exceeded with url: /desa/paso (Caused by NameResolutionError("HTTPSConnection(host='jadesta.kemenparekraf.go.id', port=443): Failed to resolve 'jadesta.kemenparekraf.go.id' ([Errno 11002] getaddrinfo failed)"))
18:03:11 | INFO    |       => Sukses dari: https://ojs.unsulbar.ac.id/index.php/pkp/article/view/4373
18:03:12 | INFO    | *** Auto-saving 380 baris diproses...
18:03:12 | INFO    | [950/2708] Mencari: ANJUNGAN 533 BEACH & RESORT
18:03:12 | DEBUG   | [L1 Wiki] Error: Expecting value: line 1 column 1 (char 0)
18:03:12 | DEBUG   |       L1 Gagal, mencoba L2 DDGS...
18:03:18 | INFO    |       => Sukses dari: https://rakyatempatlawang.bacakoran.co/read/23996/sensasi-liburan-mewah-di-tepi-pantai-anjungan-533-lampia-beach-resort-tawarkan-sunset-spektakuler
18:03:20 | INFO    | [951/2708] Mencari: Puncak Bajo
18:03:20 | DEBUG   | [L1 Wiki] Error: Expecting value: line 1 column 1 (char 0)
18:03:20 | DEBUG   |       L1 Gagal, mencoba L2 DDGS...
18:03:25 | INFO    |       => Sukses dari: https://gorontalo.tribunnews.com/2024/08/10/menyambut-fajar-dan-menikmati-lautan-di-wisata-bukit-bajo-boalemo-gorontalo
18:03:26 | INFO    | [952/2708] Mencari: Masjid Tua Kerajaan Muna, Raha, Sulawesi Tenggara
18:03:26 | DEBUG   | [L1 Wiki] Error: Expecting value: line 1 column 1 (char 0)
18:03:26 | DEBUG   |       L1 Gagal, mencoba L2 DDGS...
18:03:32 | INFO    |       => Sukses dari: https://www.geokepo.id/id/lokasi/muna/masjid-tua-muna
18:03:34 | INFO    | [953/2708] Mencari: Wisata Kali Biru
18:03:34 | DEBUG   | [L1 Wiki] Error: Expecting value: line 1 column 1 (char 0)
18:03:34 | DEBUG   |       L1 Gagal, mencoba L2 DDGS...
18:03:41 | INFO    |       => Sukses dari: https://sultra.genpi.co/wisata/1446/kali-biru-kendari-rekomendasi-wisata-air-paling-hits-di-sultra
18:03:43 | INFO    | [954/2708] Mencari: Pantai Singku Desa Lowu-Lowu
18:03:43 | DEBUG   | [L1 Wiki] Error: Expecting value: line 1 column 1 (char 0)
18:03:43 | DEBUG   |       L1 Gagal, mencoba L2 DDGS...
18:03:48 | INFO    |       => Sukses dari: https://www.tinta.news/lifestyle/3231/menelusuri-pesona-tersembunyi-pantai-singku-buton-destinasi-eksotis-yang-memikat/
18:03:50 | INFO    | [955/2708] Mencari: Pantai Batauga
18:03:50 | DEBUG   | [L1 Wiki] Error: Expecting value: line 1 column 1 (char 0)
18:03:50 | DEBUG   |       L1 Gagal, mencoba L2 DDGS...
18:03:54 | INFO    |       => Sukses dari: https://id.wikipedia.org/wiki/Batauga,_Buton_Selatan
18:03:56 | INFO    | [956/2708] Mencari: Pantai Tatiala
18:03:56 | DEBUG   | [L1 Wiki] Error: Expecting value: line 1 column 1 (char 0)
18:03:56 | DEBUG   |       L1 Gagal, mencoba L2 DDGS...
18:04:06 | INFO    |       => Sukses dari: https://rayadventure.com/pantai-di-manado/
18:04:07 | INFO    | [957/2708] Mencari: Wisata Alam Taretta
18:04:07 | DEBUG   | [L1 Wiki] Error: Expecting value: line 1 column 1 (char 0)
18:04:07 | DEBUG   |       L1 Gagal, mencoba L2 DDGS...
18:04:11 | INFO    |       => Sukses dari: https://trends.tribunnews.com/2025/03/04/30-km-dari-pusat-kota-bone-rasa-letih-terbayarkan-bisa-berenang-bareng-ribuan-ikan-gratis
18:04:13 | INFO    | [958/2708] Mencari: pantai Bara' UjungLero
18:04:13 | DEBUG   | [L1 Wiki] Error: Expecting value: line 1 column 1 (char 0)
18:04:13 | DEBUG   |       L1 Gagal, mencoba L2 DDGS...
18:04:24 | INFO    |       => Gagal mencari deskripsi.
18:04:26 | INFO    | [959/2708] Mencari: Boneoge Beach
18:04:26 | DEBUG   | [L1 Wiki] Error: Expecting value: line 1 column 1 (char 0)
18:04:26 | DEBUG   |       L1 Gagal, mencoba L2 DDGS...
18:04:30 | INFO    |       => Sukses dari: https://id.wikipedia.org/wiki/Pantai_Boneoge
18:04:32 | INFO    | [960/2708] Mencari: Taman Uebone
18:04:32 | DEBUG   | [L1 Wiki] Error: Expecting value: line 1 column 1 (char 0)
18:04:32 | DEBUG   |       L1 Gagal, mencoba L2 DDGS...
18:04:41 | INFO    |       => Gagal mencari deskripsi.
18:04:43 | INFO    | [961/2708] Mencari: Wisata Pantai Desa Pasir Putih
18:04:43 | DEBUG   | [L1 Wiki] Error: Expecting value: line 1 column 1 (char 0)
18:04:43 | DEBUG   |       L1 Gagal, mencoba L2 DDGS...
18:04:49 | INFO    |       => Sukses dari: https://travel.tribunnews.com/2025/05/29/pesona-pantai-sondana-wisata-dengan-pasir-putih-air-laut-jernih-di-bolsel-sulut
18:04:50 | INFO    | [962/2708] Mencari: Pemandian Alam Limbong Lopi
18:04:50 | DEBUG   | [L1 Wiki] Error: Expecting value: line 1 column 1 (char 0)
18:04:50 | DEBUG   |       L1 Gagal, mencoba L2 DDGS...
18:04:59 | INFO    |       => Sukses dari: https://travel.detik.com/domestic-destination/d-4734375/mengintip-keindahan-air-terjun-limbong-miala-mangngae-di-polman
18:05:00 | INFO    | [963/2708] Mencari: Pantai Tanjung Kramat
18:05:00 | DEBUG   | [L1 Wiki] Error: Expecting value: line 1 column 1 (char 0)
18:05:00 | DEBUG   |       L1 Gagal, mencoba L2 DDGS...
18:05:09 | INFO    |       => Sukses dari: https://www.genpi.co/travel/5117/tanjung-kramat-spot-instagramable-di-ujung-kota-gorontalo
18:05:11 | INFO    | [964/2708] Mencari: Pantai Leato Selatan
18:05:11 | DEBUG   | [L1 Wiki] Error: Expecting value: line 1 column 1 (char 0)
18:05:11 | DEBUG   |       L1 Gagal, mencoba L2 DDGS...
18:05:19 | INFO    |       => Sukses dari: https://www.idntimes.com/travel/destination/9-potret-pantai-leato-di-gorontalo-pasir-putihnya-membius-mata-01-5ltmv-hg85l4
18:05:20 | INFO    | [965/2708] Mencari: Makam Jera Lompoe
18:05:20 | DEBUG   | [L1 Wiki] Error: Expecting value: line 1 column 1 (char 0)
18:05:20 | DEBUG   |       L1 Gagal, mencoba L2 DDGS...
18:05:26 | INFO    |       => Sukses dari: https://id.wikipedia.org/wiki/Makam_Jera_Lompoe
18:05:27 | INFO    | [966/2708] Mencari: WISATA BATU PANDANG
18:05:27 | DEBUG   | [L1 Wiki] Error: Expecting value: line 1 column 1 (char 0)
18:05:27 | DEBUG   |       L1 Gagal, mencoba L2 DDGS...
18:05:36 | INFO    |       => Sukses dari: https://id.wikipedia.org/wiki/Kabupaten_Bone_Bolango
18:05:37 | INFO    | [967/2708] Mencari: Pantai Tanjong Buku
18:05:37 | DEBUG   | [L1 Wiki] Error: Expecting value: line 1 column 1 (char 0)
18:05:37 | DEBUG   |       L1 Gagal, mencoba L2 DDGS...
18:05:42 | INFO    |       => Sukses dari: http://paceko.com/2022/12/begini-pesona-kawasan-wisata-tanjong-buku-yang-wajib-dikunjungi/
18:05:43 | INFO    | [968/2708] Mencari: Bukit Sarassang
18:05:43 | DEBUG   | [L1 Wiki] Error: Expecting value: line 1 column 1 (char 0)
18:05:43 | DEBUG   |       L1 Gagal, mencoba L2 DDGS...
18:05:54 | INFO    |       => Gagal mencari deskripsi.
18:05:56 | INFO    | [969/2708] Mencari: Air Terjun Tanjung Asap
18:05:56 | DEBUG   | [L1 Wiki] Error: Expecting value: line 1 column 1 (char 0)
18:05:56 | DEBUG   |       L1 Gagal, mencoba L2 DDGS...
18:05:59 | INFO    |       => Sukses dari: https://id.wikipedia.org/wiki/Kabupaten_Barru
18:06:01 | INFO    | *** Auto-saving 400 baris diproses...
18:06:01 | INFO    | [970/2708] Mencari: Embung Dumati
18:06:01 | DEBUG   | [L1 Wiki] Error: Expecting value: line 1 column 1 (char 0)
18:06:01 | DEBUG   |       L1 Gagal, mencoba L2 DDGS...
18:06:09 | INFO    |       => Sukses dari: https://news.detik.com/berita/d-4820836/embung-dumati-wisata-bumdes-yang-jadi-favorit-warga-gorontalo
18:06:11 | INFO    | [971/2708] Mencari: Air Terjun Sarambualla
18:06:11 | DEBUG   | [L1 Wiki] Error: Expecting value: line 1 column 1 (char 0)
18:06:11 | DEBUG   |       L1 Gagal, mencoba L2 DDGS...
18:06:24 | DEBUG   | [L2 BS4] Gagal ekstraksi url https://jadesta.kemenparekraf.go.id/atraksi/air_terjun_sarambu_alla_1 -> HTTPSConnectionPool(host='jadesta.kemenparekraf.go.id', port=443): Max retries exceeded with url: /atraksi/air_terjun_sarambu_alla_1 (Caused by NameResolutionError("HTTPSConnection(host='jadesta.kemenparekraf.go.id', port=443): Failed to resolve 'jadesta.kemenparekraf.go.id' ([Errno 11002] getaddrinfo failed)"))
18:06:25 | INFO    |       => Gagal mencari deskripsi.
18:06:26 | INFO    | [972/2708] Mencari: Mandel Beach
18:06:26 | DEBUG   | [L1 Wiki] Error: Expecting value: line 1 column 1 (char 0)
18:06:26 | DEBUG   |       L1 Gagal, mencoba L2 DDGS...
18:06:34 | INFO    |       => Sukses dari: https://beach-spot.com/beach/mandel-beach/
18:06:35 | INFO    | [973/2708] Mencari: Lombongo Waterfall
18:06:35 | DEBUG   | [L1 Wiki] Error: Expecting value: line 1 column 1 (char 0)
18:06:35 | DEBUG   |       L1 Gagal, mencoba L2 DDGS...
18:06:43 | INFO    |       => Sukses dari: https://id.wikipedia.org/wiki/Taman_Wisata_Lombongo
18:06:45 | INFO    | [974/2708] Mencari: Ekowisata Mangrove
18:06:45 | DEBUG   | [L1 Wiki] Error: Expecting value: line 1 column 1 (char 0)
18:06:45 | DEBUG   |       L1 Gagal, mencoba L2 DDGS...
18:06:53 | INFO    |       => Sukses dari: https://blog.pigijo.com/rekomendasi-wisata-pulau-lembeh/
18:06:55 | INFO    | [975/2708] Mencari: Porame Paradise Resort
18:06:55 | DEBUG   | [L1 Wiki] Error: Expecting value: line 1 column 1 (char 0)
18:06:55 | DEBUG   |       L1 Gagal, mencoba L2 DDGS...
18:07:04 | INFO    |       => Sukses dari: https://id.wikipedia.org/wiki/Porame,_Kinovaro,_Sigi
18:07:05 | INFO    | [976/2708] Mencari: WISATA KULINER 3 DIMENSI TAKALAR
18:07:05 | DEBUG   | [L1 Wiki] Error: Expecting value: line 1 column 1 (char 0)
18:07:05 | DEBUG   |       L1 Gagal, mencoba L2 DDGS...
18:07:15 | INFO    |       => Sukses dari: https://bhayangkarapost.net/2025/08/04/panitia-gelar-turnamen-domino-peringati-hut-ri-ke-80-wisata-kuliner-3-dimensi-takalar-disulap-jadi-arena-rakyat/
18:07:17 | INFO    | [977/2708] Mencari: Danau Randano Ghaghe
18:07:17 | DEBUG   | [L1 Wiki] Error: Expecting value: line 1 column 1 (char 0)
18:07:17 | DEBUG   |       L1 Gagal, mencoba L2 DDGS...
18:07:26 | DEBUG   | [L2 BS4] Gagal ekstraksi url https://sisparnas.kemenparekraf.go.id/p/102672 -> HTTPSConnectionPool(host='sisparnas.kemenparekraf.go.id', port=443): Max retries exceeded with url: /p/102672 (Caused by NameResolutionError("HTTPSConnection(host='sisparnas.kemenparekraf.go.id', port=443): Failed to resolve 'sisparnas.kemenparekraf.go.id' ([Errno 11002] getaddrinfo failed)"))
18:07:35 | DEBUG   | [L2 BS4] Gagal ekstraksi url https://wisato.id/wisata-air/liburan-romantis-di-surga-tersembunyi-danau-randano-ghaghe-pulau-muna/ -> HTTPSConnectionPool(host='wisato.id', port=443): Read timed out. (read timeout=8)
18:07:38 | INFO    |       => Gagal mencari deskripsi.
18:07:40 | INFO    | [978/2708] Mencari: AIR TERJUN LIMBONG KAMANDANG
18:07:40 | DEBUG   | [L1 Wiki] Error: Expecting value: line 1 column 1 (char 0)
18:07:40 | DEBUG   |       L1 Gagal, mencoba L2 DDGS...
18:07:48 | INFO    |       => Sukses dari: https://travel.detik.com/domestic-destination/d-4375428/polewali-mandar-punya-air-terjun-yang-cantik-banget
18:07:50 | INFO    | [979/2708] Mencari: Monumen Misionaris Johann G Schwarz Langowan
18:07:50 | DEBUG   | [L1 Wiki] Error: Expecting value: line 1 column 1 (char 0)
18:07:50 | DEBUG   |       L1 Gagal, mencoba L2 DDGS...
18:08:00 | INFO    |       => Sukses dari: https://lensautara.id/ini-dia-spot-instagramable-baru-di-langowan-monumen-johann-g-schwarz/
18:08:02 | INFO    | [980/2708] Mencari: LOSARI BEACH
18:08:02 | DEBUG   | [L1 Wiki] Error: Expecting value: line 1 column 1 (char 0)
18:08:02 | DEBUG   |       L1 Gagal, mencoba L2 DDGS...
18:08:12 | INFO    |       => Sukses dari: https://www.penginapan.co.id/losari-beach-indonesia-dengan-kolam-renang
18:08:13 | INFO    | [981/2708] Mencari: Gunung Sambapolulu
18:08:13 | DEBUG   | [L1 Wiki] Error: Expecting value: line 1 column 1 (char 0)
18:08:13 | DEBUG   |       L1 Gagal, mencoba L2 DDGS...
18:08:26 | INFO    |       => Sukses dari: https://theindonesiadventurer.wordpress.com/catatan/nama-nama-gunung/gunung-pulau-sulawesi/
18:08:28 | INFO    | [982/2708] Mencari: Pantai Tinggian
18:08:28 | DEBUG   | [L1 Wiki] Error: Expecting value: line 1 column 1 (char 0)
18:08:28 | DEBUG   |       L1 Gagal, mencoba L2 DDGS...
18:08:34 | INFO    |       => Sukses dari: https://manado.tribunnews.com/sulawesi-utara/1865987/3-fakta-munculnya-buaya-di-pantai-tinggian-minahasa-ditangkap-nelayan
18:08:35 | INFO    | [983/2708] Mencari: Wisata Pantai Galesong
18:08:35 | DEBUG   | [L1 Wiki] Error: Expecting value: line 1 column 1 (char 0)
18:08:35 | DEBUG   |       L1 Gagal, mencoba L2 DDGS...
18:08:41 | INFO    |       => Sukses dari: https://www.pantaipedia.com/pantai-galesong/
18:08:42 | INFO    | [984/2708] Mencari: WISATA PANTAI BULOKKONG
18:08:42 | DEBUG   | [L1 Wiki] Error: Expecting value: line 1 column 1 (char 0)
18:08:42 | DEBUG   |       L1 Gagal, mencoba L2 DDGS...
18:08:47 | INFO    |       => Sukses dari: https://www.detik.com/sulsel/wisata/d-6855187/rekomendasi-desa-wisata-di-kabupaten-sinjai-yang-menarik-dikunjungi
18:08:49 | INFO    | [985/2708] Mencari: Air Terjun Ogomojolo
18:08:49 | DEBUG   | [L1 Wiki] Error: Expecting value: line 1 column 1 (char 0)
18:08:49 | DEBUG   |       L1 Gagal, mencoba L2 DDGS...
18:08:54 | INFO    |       => Sukses dari: https://beautyofindonesia.com/id/wisata/wisata-alam/air-terjun-ogomojolo
18:08:56 | INFO    | [986/2708] Mencari: Bulili Park
18:08:56 | DEBUG   | [L1 Wiki] Error: Expecting value: line 1 column 1 (char 0)
18:08:56 | DEBUG   |       L1 Gagal, mencoba L2 DDGS...
18:09:04 | INFO    |       => Sukses dari: https://www.oyorooms.com/travel-guide/id/tempat-wisata-palu/
18:09:05 | INFO    | [987/2708] Mencari: Pantai Songkur AMURANG
18:09:06 | DEBUG   | [L1 Wiki] Error: Expecting value: line 1 column 1 (char 0)
18:09:06 | DEBUG   |       L1 Gagal, mencoba L2 DDGS...
18:09:11 | INFO    |       => Sukses dari: https://www.cedhak.com/sulawesi/1030/pantai-songkur-amurang/
18:09:13 | INFO    | [988/2708] Mencari: Masjid Tua Tosora
18:09:13 | DEBUG   | [L1 Wiki] Error: Expecting value: line 1 column 1 (char 0)
18:09:13 | DEBUG   |       L1 Gagal, mencoba L2 DDGS...
18:09:22 | DEBUG   | [L2 BS4] Gagal ekstraksi url https://jadesta.kemenparekraf.go.id/desa/masjid_tua_tosora__makam_assheyck_jamaluddin_akbar_husein__keturunan_rasullullah_ke20 -> HTTPSConnectionPool(host='jadesta.kemenparekraf.go.id', port=443): Max retries exceeded with url: /desa/masjid_tua_tosora__makam_assheyck_jamaluddin_akbar_husein__keturunan_rasullullah_ke20 (Caused by NameResolutionError("HTTPSConnection(host='jadesta.kemenparekraf.go.id', port=443): Failed to resolve 'jadesta.kemenparekraf.go.id' ([Errno 11002] getaddrinfo failed)"))
18:09:24 | INFO    |       => Sukses dari: https://sulsel.idntimes.com/news/sulawesi-selatan/masjid-tua-tosora-saksi-bisu-perkembangan-islam-di-tanah-wajo-00-g3swn-5tmbmp
18:09:26 | INFO    | [989/2708] Mencari: Pantai Sunrise
18:09:26 | DEBUG   | [L1 Wiki] Error: Expecting value: line 1 column 1 (char 0)
18:09:26 | DEBUG   |       L1 Gagal, mencoba L2 DDGS...
18:09:34 | INFO    |       => Gagal mencari deskripsi.
18:09:36 | INFO    | *** Auto-saving 420 baris diproses...
18:09:36 | INFO    | [990/2708] Mencari: Anggalo Beach Waworaha
18:09:36 | DEBUG   | [L1 Wiki] Error: Expecting value: line 1 column 1 (char 0)
18:09:36 | DEBUG   |       L1 Gagal, mencoba L2 DDGS...
18:09:45 | INFO    |       => Sukses dari: https://gor.wikipedia.org/wiki/Waworaha,_Soropia,_Konawe
18:09:47 | INFO    | [991/2708] Mencari: Gua Laumehe
18:09:47 | DEBUG   | [L1 Wiki] Error: Expecting value: line 1 column 1 (char 0)
18:09:47 | DEBUG   |       L1 Gagal, mencoba L2 DDGS...
18:09:52 | INFO    |       => Sukses dari: https://www.idntimes.com/travel/destination/wisata-gua-cantik-di-buton-tengah-00-yzp2d-9zzvgx
18:09:54 | INFO    | [992/2708] Mencari: Pantai ROR
18:09:54 | DEBUG   | [L1 Wiki] Error: Expecting value: line 1 column 1 (char 0)
18:09:54 | DEBUG   |       L1 Gagal, mencoba L2 DDGS...
18:10:06 | INFO    |       => Sukses dari: https://sulut.wahananews.co/likupang/mengenal-pesona-pantai-ror-bukit-tinggi-minahasa-P4MGjJ7aSM/0
18:10:07 | INFO    | [993/2708] Mencari: Taman Likuifaksi
18:10:07 | DEBUG   | [L1 Wiki] Error: Expecting value: line 1 column 1 (char 0)
18:10:07 | DEBUG   |       L1 Gagal, mencoba L2 DDGS...
18:10:12 | INFO    |       => Sukses dari: https://repository.ampta.ac.id/485/
18:10:14 | INFO    | [994/2708] Mencari: puncak padel
18:10:14 | DEBUG   | [L1 Wiki] Error: Expecting value: line 1 column 1 (char 0)
18:10:14 | DEBUG   |       L1 Gagal, mencoba L2 DDGS...
18:10:19 | INFO    |       => Sukses dari: https://www.orami.co.id/magazine/tempat-wisata-di-bone
18:10:20 | INFO    | [995/2708] Mencari: Teluk Ceri
18:10:20 | DEBUG   | [L1 Wiki] Error: Expecting value: line 1 column 1 (char 0)
18:10:20 | DEBUG   |       L1 Gagal, mencoba L2 DDGS...
18:10:32 | INFO    |       => Sukses dari: https://www.hipwee.com/travel/wisata-konawe/
18:10:33 | INFO    | [996/2708] Mencari: Kreasi Bahari Toronipa
18:10:33 | DEBUG   | [L1 Wiki] Error: Expecting value: line 1 column 1 (char 0)
18:10:33 | DEBUG   |       L1 Gagal, mencoba L2 DDGS...
18:10:38 | INFO    |       => Sukses dari: https://travels.id/pantai-toronipa-deskripsi-lokasi-dan-rutenya/
18:10:40 | INFO    | [997/2708] Mencari: Bulu Torompupu
18:10:40 | DEBUG   | [L1 Wiki] Error: Expecting value: line 1 column 1 (char 0)
18:10:40 | DEBUG   |       L1 Gagal, mencoba L2 DDGS...
18:10:49 | INFO    |       => Gagal mencari deskripsi.
18:10:50 | INFO    | [998/2708] Mencari: Rumah Adat Sinjai
18:10:50 | DEBUG   | [L1 Wiki] Error: Expecting value: line 1 column 1 (char 0)
18:10:50 | DEBUG   |       L1 Gagal, mencoba L2 DDGS...
18:10:57 | INFO    |       => Sukses dari: https://sulsel.idntimes.com/travel/destination/5-tempat-wisata-paling-hits-di-sinjai-ada-taman-purbakala-01-432rm-rp54mp
18:10:59 | INFO    | [999/2708] Mencari: Danau cinta tonasa1
18:10:59 | DEBUG   | [L1 Wiki] Error: Expecting value: line 1 column 1 (char 0)
18:10:59 | DEBUG   |       L1 Gagal, mencoba L2 DDGS...
18:11:09 | DEBUG   | [L2 BS4] Gagal ekstraksi url https://jadesta.kemenparekraf.go.id/desa/tonasa_1 -> HTTPSConnectionPool(host='jadesta.kemenparekraf.go.id', port=443): Max retries exceeded with url: /desa/tonasa_1 (Caused by NameResolutionError("HTTPSConnection(host='jadesta.kemenparekraf.go.id', port=443): Failed to resolve 'jadesta.kemenparekraf.go.id' ([Errno 11002] getaddrinfo failed)"))
18:11:18 | DEBUG   | [L2 BS4] Gagal ekstraksi url https://wisato.id/wisata-alam/berkemah-di-tonasa-park-bekas-pabrik-yang-diubah-lokasi-wisata-yang-keren/ -> HTTPSConnectionPool(host='wisato.id', port=443): Read timed out. (read timeout=8)
18:11:18 | INFO    |       => Gagal mencari deskripsi.
18:11:20 | INFO    | [1000/2708] Mencari: Air Terjun Mengkendek
18:11:20 | DEBUG   | [L1 Wiki] Error: Expecting value: line 1 column 1 (char 0)
18:11:20 | DEBUG   |       L1 Gagal, mencoba L2 DDGS...
18:11:31 | INFO    |       => Sukses dari: https://yandex.com/maps/org/air_terjun_mengkendek/33548392742/
18:11:32 | INFO    | [1001/2708] Mencari: Pantai Batu Buaya
18:11:32 | DEBUG   | [L1 Wiki] Error: Expecting value: line 1 column 1 (char 0)
18:11:32 | DEBUG   |       L1 Gagal, mencoba L2 DDGS...
18:11:41 | INFO    |       => Sukses dari: https://mananggu.digitaldesa.id/wisata/pantai-batu-buaya
18:11:42 | INFO    | [1002/2708] Mencari: Pantai Batu Oge
18:11:42 | DEBUG   | [L1 Wiki] Error: Expecting value: line 1 column 1 (char 0)
18:11:42 | DEBUG   |       L1 Gagal, mencoba L2 DDGS...
18:11:47 | INFO    |       => Sukses dari: https://beautyofindonesia.com/id/wisata/wisata-alam/pantai-batu-oge
18:11:49 | INFO    | [1003/2708] Mencari: Air Terjun Lewaja
18:11:49 | DEBUG   | [L1 Wiki] Error: Expecting value: line 1 column 1 (char 0)
18:11:49 | DEBUG   |       L1 Gagal, mencoba L2 DDGS...
18:11:59 | INFO    |       => Sukses dari: https://mandalan.digitaldesa.id/wisata/air-terjun-lewaja
18:12:00 | INFO    | [1004/2708] Mencari: Tamalaté Paleis van het Gowa Sultanaat - Istana Tamalate
18:12:01 | DEBUG   | [L1 Wiki] Error: Expecting value: line 1 column 1 (char 0)
18:12:01 | DEBUG   |       L1 Gagal, mencoba L2 DDGS...
18:12:12 | INFO    |       => Sukses dari: https://www.kompasiana.com/fachrulkhairuddin/57e9e4f54b7a61000b5cf45c/kerajaan-gowa-13201445-tumanurunga-tamalate-dan-kedamaian
18:12:13 | INFO    | [1005/2708] Mencari: Pantai Galumbaya
18:12:13 | DEBUG   | [L1 Wiki] Error: Expecting value: line 1 column 1 (char 0)
18:12:13 | DEBUG   |       L1 Gagal, mencoba L2 DDGS...
18:12:20 | INFO    |       => Sukses dari: https://cintaiwisata.blogspot.com/2012/04/potensi-objek-wisata-sulawesi-selatan.html
18:12:22 | INFO    | [1006/2708] Mencari: Pantai Nalera
18:12:22 | DEBUG   | [L1 Wiki] Error: Expecting value: line 1 column 1 (char 0)
18:12:22 | DEBUG   |       L1 Gagal, mencoba L2 DDGS...
18:12:31 | INFO    |       => Sukses dari: https://www.sulawesitoday.com/tag/wisata-pantai
18:12:33 | INFO    | [1007/2708] Mencari: Pantai Sicini
18:12:33 | DEBUG   | [L1 Wiki] Error: Expecting value: line 1 column 1 (char 0)
18:12:33 | DEBUG   |       L1 Gagal, mencoba L2 DDGS...
18:12:46 | INFO    |       => Sukses dari: https://www.antaranews.com/berita/4931281/pemkab-gowa-promosikan-wisata-alam-parigi-di-trail-kampung-adventure
18:12:47 | INFO    | [1008/2708] Mencari: Mooi Lake
18:12:47 | DEBUG   | [L1 Wiki] Error: Expecting value: line 1 column 1 (char 0)
18:12:47 | DEBUG   |       L1 Gagal, mencoba L2 DDGS...
18:12:57 | INFO    |       => Gagal mencari deskripsi.
18:12:59 | INFO    | [1009/2708] Mencari: Pantai Salopi
18:12:59 | DEBUG   | [L1 Wiki] Error: Expecting value: line 1 column 1 (char 0)
18:12:59 | DEBUG   |       L1 Gagal, mencoba L2 DDGS...
18:13:03 | INFO    |       => Sukses dari: https://id.wikipedia.org/wiki/Kabupaten_Pinrang
18:13:04 | INFO    | *** Auto-saving 440 baris diproses...
18:13:04 | INFO    | [1010/2708] Mencari: Pantai karampuang
18:13:04 | DEBUG   | [L1 Wiki] Error: Expecting value: line 1 column 1 (char 0)
18:13:04 | DEBUG   |       L1 Gagal, mencoba L2 DDGS...
18:13:13 | INFO    |       => Sukses dari: https://www.idntimes.com/travel/destination/4-objek-wisata-di-sinjai-ini-kece-banget-1-00-ncq14-s2pdgm
18:13:14 | INFO    | [1011/2708] Mencari: Dermaga Bone
18:13:14 | DEBUG   | [L1 Wiki] Error: Expecting value: line 1 column 1 (char 0)
18:13:14 | DEBUG   |       L1 Gagal, mencoba L2 DDGS...
18:13:22 | INFO    |       => Sukses dari: https://id.wikipedia.org/wiki/Kabupaten_Buton_Utara
18:13:24 | INFO    | [1012/2708] Mencari: Pulau Hoga
18:13:24 | DEBUG   | [L1 Wiki] Error: Expecting value: line 1 column 1 (char 0)
18:13:24 | DEBUG   |       L1 Gagal, mencoba L2 DDGS...
18:13:31 | INFO    |       => Sukses dari: https://www.msn.com/id-id/travel/aktivitas-luar-ruangan/pulau-hoga-pesona-bahari-di-jantung-wakatobi/ar-AA1LKfD2
18:13:33 | INFO    | [1013/2708] Mencari: Wisata Alam Wai Batu
18:13:33 | DEBUG   | [L1 Wiki] Error: Expecting value: line 1 column 1 (char 0)
18:13:33 | DEBUG   |       L1 Gagal, mencoba L2 DDGS...
18:13:47 | INFO    |       => Sukses dari: https://travel.detik.com/domestic-destination/d-5519868/ini-wai-batu-airnya-muncul-dari-bebatuan
18:13:48 | INFO    | [1014/2708] Mencari: Penjara Tua Kema
18:13:48 | DEBUG   | [L1 Wiki] Error: Expecting value: line 1 column 1 (char 0)
18:13:48 | DEBUG   |       L1 Gagal, mencoba L2 DDGS...
18:13:55 | DEBUG   | [L2 DDGS] Error: ConnectError: ConnectError('error sending request for url (https://html.duckduckgo.com/html/)', 'https://html.duckduckgo.com/html/')
18:13:55 | INFO    |       => Gagal mencari deskripsi.
18:13:57 | INFO    | [1015/2708] Mencari: Miniatur MONUMEN LAPRIS
18:13:57 | DEBUG   | [L1 Wiki] Error: Expecting value: line 1 column 1 (char 0)
18:13:57 | DEBUG   |       L1 Gagal, mencoba L2 DDGS...
18:14:07 | INFO    |       => Sukses dari: https://id.wikipedia.org/wiki/Monumen_Lapris
18:14:08 | INFO    | [1016/2708] Mencari: Masjid Bukit Nirwana Permai 1.Moncongloe Lappara
18:14:08 | DEBUG   | [L1 Wiki] Error: Expecting value: line 1 column 1 (char 0)
18:14:08 | DEBUG   |       L1 Gagal, mencoba L2 DDGS...
18:14:17 | INFO    |       => Sukses dari: https://id.wikipedia.org/wiki/Moncongloe_Lappara,_Moncongloe,_Maros
18:14:18 | INFO    | [1017/2708] Mencari: Wisata Goa Kotaeono
18:14:18 | DEBUG   | [L1 Wiki] Error: Expecting value: line 1 column 1 (char 0)
18:14:18 | DEBUG   |       L1 Gagal, mencoba L2 DDGS...
18:14:43 | DEBUG   | [L2 BS4] Gagal ekstraksi url https://datakepri.com/2025/10/pesona-gua-kotaeono-surga-tersembunyi-di-buton-tengah/ -> HTTPSConnectionPool(host='datakepri.com', port=443): Read timed out.
18:14:45 | INFO    |       => Sukses dari: https://blog.pigijo.com/wisata-di-buton-tengah-sulawesi-tenggara-pesona-kota-seribu-gua/
18:14:47 | INFO    | [1018/2708] Mencari: Air Terjun Bantimurung
18:14:47 | DEBUG   | [L1 Wiki] Error: Expecting value: line 1 column 1 (char 0)
18:14:47 | DEBUG   |       L1 Gagal, mencoba L2 DDGS...
18:14:57 | DEBUG   | [L2 DDGS] Error: DecodeError: DecodeError('Body collection error: error decoding response body')
18:14:57 | INFO    |       => Gagal mencari deskripsi.
18:14:58 | INFO    | [1019/2708] Mencari: BANYU ANGET SWIMMINGPOOL
18:14:58 | DEBUG   | [L1 Wiki] Error: Expecting value: line 1 column 1 (char 0)
18:14:58 | DEBUG   |       L1 Gagal, mencoba L2 DDGS...
18:15:04 | INFO    |       => Sukses dari: https://manado.tribunnews.com/2024/01/02/potret-tempat-wisata-kolam-renang-banyu-anget-di-kotamobagu-sulawesi-utara-ini-fasilitasnya
18:15:05 | INFO    | [1020/2708] Mencari: Wisata Bone Pompon
18:15:05 | DEBUG   | [L1 Wiki] Error: Expecting value: line 1 column 1 (char 0)
18:15:05 | DEBUG   |       L1 Gagal, mencoba L2 DDGS...
18:15:16 | INFO    |       => Sukses dari: https://women.okezone.com/read/2023/06/06/408/2826057/daftar-tempat-wisata-populer-di-banggai-kepulauan-yuk-intip-daya-tariknya?page=all
18:15:17 | INFO    | [1021/2708] Mencari: BUMDes TORJA
18:15:17 | DEBUG   | [L1 Wiki] Error: Expecting value: line 1 column 1 (char 0)
18:15:17 | DEBUG   |       L1 Gagal, mencoba L2 DDGS...
18:15:21 | INFO    |       => Sukses dari: https://idalamat.com/alamat/680072/bumdes-torja-pohuwato-gorontalo
18:15:23 | INFO    | [1022/2708] Mencari: Gunung Awu
18:15:23 | DEBUG   | [L1 Wiki] Error: Expecting value: line 1 column 1 (char 0)
18:15:23 | DEBUG   |       L1 Gagal, mencoba L2 DDGS...
18:15:28 | INFO    |       => Sukses dari: https://wisatasangihe.blogspot.com/2014/06/gunung-awu.html
18:15:30 | INFO    | [1023/2708] Mencari: Pantai Monosan
18:15:30 | DEBUG   | [L1 Wiki] Error: Expecting value: line 1 column 1 (char 0)
18:15:30 | DEBUG   |       L1 Gagal, mencoba L2 DDGS...
18:15:34 | INFO    |       => Sukses dari: https://www.idntimes.com/travel/destination/6-objek-wisata-bahari-di-banggai-kepulauan-bak-surga-tersembunyi-01-655d1-m2k34j
18:15:35 | INFO    | [1024/2708] Mencari: Pantai Cappa Ujung
18:15:35 | DEBUG   | [L1 Wiki] Error: Expecting value: line 1 column 1 (char 0)
18:15:35 | DEBUG   |       L1 Gagal, mencoba L2 DDGS...
18:15:42 | INFO    |       => Sukses dari: https://www.celebes.co/pantai-cappa-ujung-bone
18:15:43 | INFO    | [1025/2708] Mencari: Wisata Pantai Botudidingga
18:15:43 | DEBUG   | [L1 Wiki] Error: Expecting value: line 1 column 1 (char 0)
18:15:43 | DEBUG   |       L1 Gagal, mencoba L2 DDGS...
18:15:52 | INFO    |       => Sukses dari: https://www.celebes.co/pantai-botudidingga
18:15:54 | INFO    | [1026/2708] Mencari: Air Terjun Kalata, Buton
18:15:54 | DEBUG   | [L1 Wiki] Error: Expecting value: line 1 column 1 (char 0)
18:15:54 | DEBUG   |       L1 Gagal, mencoba L2 DDGS...
18:16:04 | INFO    |       => Sukses dari: https://www.celebes.co/air-terjun-kalata-buton
18:16:06 | INFO    | [1027/2708] Mencari: Wisata Gunung Layang
18:16:06 | DEBUG   | [L1 Wiki] Error: Expecting value: line 1 column 1 (char 0)
18:16:06 | DEBUG   |       L1 Gagal, mencoba L2 DDGS...
18:16:15 | INFO    |       => Sukses dari: https://backpackerjakarta.com/menikmati-pemadangan-kota-gorontalo-dari-bukit-layang/
18:16:17 | INFO    | [1028/2708] Mencari: Argawana camp
18:16:17 | DEBUG   | [L1 Wiki] Error: Expecting value: line 1 column 1 (char 0)
18:16:17 | DEBUG   |       L1 Gagal, mencoba L2 DDGS...
18:16:26 | INFO    |       => Sukses dari: https://persadakita.id/kakwarcab-konawe-luncurkan-program-revolusioner-pramuka-sapu-bersih-sampah-unaaha-bangun-bumi-perkemahan-nasional/
18:16:27 | INFO    | [1029/2708] Mencari: Wisata Air Terjun Matube desa lampa
18:16:27 | DEBUG   | [L1 Wiki] Error: Expecting value: line 1 column 1 (char 0)
18:16:27 | DEBUG   |       L1 Gagal, mencoba L2 DDGS...
18:16:33 | INFO    |       => Sukses dari: https://id.wikipedia.org/wiki/Lampa,_Banggai,_Banggai_Laut
18:16:34 | INFO    | *** Auto-saving 460 baris diproses...
18:16:34 | INFO    | [1030/2708] Mencari: Papalimba Water Tourism Lapulu
18:16:34 | DEBUG   | [L1 Wiki] Error: Expecting value: line 1 column 1 (char 0)
18:16:34 | DEBUG   |       L1 Gagal, mencoba L2 DDGS...
18:16:41 | INFO    |       => Sukses dari: https://kendariinfo.com/rth-papalimba-destinasi-wisata-baru-ramah-lingkungan-di-kendari/
18:16:43 | INFO    | [1031/2708] Mencari: Pantai Wisata Labuang
18:16:43 | DEBUG   | [L1 Wiki] Error: Expecting value: line 1 column 1 (char 0)
18:16:43 | DEBUG   |       L1 Gagal, mencoba L2 DDGS...
18:16:53 | INFO    |       => Sukses dari: https://travel.detik.com/domestic-destination/d-5152882/keren-abis-view-pantai-labuang
18:16:55 | INFO    | [1032/2708] Mencari: Kampung pelangi
18:16:55 | DEBUG   | [L1 Wiki] Error: Expecting value: line 1 column 1 (char 0)
18:16:55 | DEBUG   |       L1 Gagal, mencoba L2 DDGS...
18:17:01 | DEBUG   | [L2 BS4] Gagal ekstraksi url https://jadesta.kemenparekraf.go.id/desa/tondonggeu -> HTTPSConnectionPool(host='jadesta.kemenparekraf.go.id', port=443): Max retries exceeded with url: /desa/tondonggeu (Caused by NameResolutionError("HTTPSConnection(host='jadesta.kemenparekraf.go.id', port=443): Failed to resolve 'jadesta.kemenparekraf.go.id' ([Errno 11002] getaddrinfo failed)"))
18:17:09 | INFO    |       => Sukses dari: https://www.detik.com/jabar/wisata/d-7608437/pesona-kampung-pelangi-bandung-yang-kini-mulai-bersemi-lagi
18:17:11 | INFO    | [1033/2708] Mencari: Pantai Ujung Indah
18:17:11 | DEBUG   | [L1 Wiki] Error: Expecting value: line 1 column 1 (char 0)
18:17:11 | DEBUG   |       L1 Gagal, mencoba L2 DDGS...
18:17:16 | INFO    |       => Sukses dari: https://disparpora.barrukab.go.id/wisata/pantai-ujung-batu
18:17:17 | INFO    | [1034/2708] Mencari: Pantai Tanjung Pero, Ujunge
18:17:17 | DEBUG   | [L1 Wiki] Error: Expecting value: line 1 column 1 (char 0)
18:17:17 | DEBUG   |       L1 Gagal, mencoba L2 DDGS...
18:17:23 | INFO    |       => Sukses dari: https://www.orami.co.id/magazine/tempat-wisata-di-bone
18:17:24 | INFO    | [1035/2708] Mencari: Wisata Kuliner Sondana
18:17:24 | DEBUG   | [L1 Wiki] Error: Expecting value: line 1 column 1 (char 0)
18:17:24 | DEBUG   |       L1 Gagal, mencoba L2 DDGS...
18:17:32 | INFO    |       => Sukses dari: https://ban.wikipedia.org/wiki/Sondana,_Bolaang_Uki,_Bolaang_Mongondow_Selatan
18:17:33 | INFO    | [1036/2708] Mencari: WISATA TAMAN CIBUTU
18:17:33 | DEBUG   | [L1 Wiki] Error: Expecting value: line 1 column 1 (char 0)
18:17:33 | DEBUG   |       L1 Gagal, mencoba L2 DDGS...
18:17:41 | INFO    |       => Sukses dari: https://travel.tribunnews.com/2024/11/20/serunya-mengunjungi-wisata-taman-cibutu-di-bone-bolango-gorontalo-bisa-berenang-di-kolamnya
18:17:42 | INFO    | [1037/2708] Mencari: Pantai Kappe
18:17:43 | DEBUG   | [L1 Wiki] Error: Expecting value: line 1 column 1 (char 0)
18:17:43 | DEBUG   |       L1 Gagal, mencoba L2 DDGS...
18:17:49 | INFO    |       => Sukses dari: https://sulsel.idntimes.com/travel/destination/5-pantai-dengan-pemandangan-laut-dan-pasir-indah-di-pinrang-00-g3swn-mwv71m
18:17:50 | INFO    | [1038/2708] Mencari: Kuntung Tampusu
18:17:50 | DEBUG   | [L1 Wiki] Error: Expecting value: line 1 column 1 (char 0)
18:17:50 | DEBUG   |       L1 Gagal, mencoba L2 DDGS...
18:17:57 | INFO    |       => Sukses dari: https://www.tribunnews.com/travel/2015/08/19/melepas-galau-di-pinggir-danau-tampusu-minahasa-yang-berada-di-atas-gunung
18:17:58 | INFO    | [1039/2708] Mencari: Gunung Mahawu
18:17:58 | DEBUG   | [L1 Wiki] Error: Expecting value: line 1 column 1 (char 0)
18:17:58 | DEBUG   |       L1 Gagal, mencoba L2 DDGS...
18:18:05 | DEBUG   | [L2 DDGS] Error: ConnectError: ConnectError('error sending request for url (https://html.duckduckgo.com/html/)', 'https://html.duckduckgo.com/html/')
18:18:05 | INFO    |       => Gagal mencari deskripsi.
18:18:06 | INFO    | [1040/2708] Mencari: Masjid Nurul Azizil Hakim
18:18:06 | DEBUG   | [L1 Wiki] Error: Expecting value: line 1 column 1 (char 0)
18:18:06 | DEBUG   |       L1 Gagal, mencoba L2 DDGS...
18:18:15 | INFO    |       => Sukses dari: https://makassar.kompas.com/read/2025/03/12/170036578/melihat-masjid-nurul-azizil-hakim-di-majene-bentuk-mirip-kabah-jadi-obyek
18:18:17 | INFO    | [1041/2708] Mencari: WISATA DANAU MOAT
18:18:17 | DEBUG   | [L1 Wiki] Error: Expecting value: line 1 column 1 (char 0)
18:18:17 | DEBUG   |       L1 Gagal, mencoba L2 DDGS...
18:18:23 | INFO    |       => Sukses dari: https://resort.co.id/danau-moat-danau-tondok/
18:18:24 | INFO    | [1042/2708] Mencari: Danau Sanusi
18:18:24 | DEBUG   | [L1 Wiki] Error: Expecting value: line 1 column 1 (char 0)
18:18:24 | DEBUG   |       L1 Gagal, mencoba L2 DDGS...
18:18:37 | INFO    |       => Sukses dari: https://www.kejari-karangasem.org/eksplorasi-danau-sanusi-maros-panorama-alam-dan-sunset/
18:18:39 | INFO    | [1043/2708] Mencari: Cokopacu Rental Mobil & Motor
18:18:39 | DEBUG   | [L1 Wiki] Error: Expecting value: line 1 column 1 (char 0)
18:18:39 | DEBUG   |       L1 Gagal, mencoba L2 DDGS...
18:18:46 | INFO    |       => Sukses dari: https://pdberger.com/sewa/rental-mobil-toraja-utara
18:18:48 | INFO    | [1044/2708] Mencari: Permandian Boro- Boro
18:18:48 | DEBUG   | [L1 Wiki] Error: Expecting value: line 1 column 1 (char 0)
18:18:48 | DEBUG   |       L1 Gagal, mencoba L2 DDGS...
18:18:55 | INFO    |       => Sukses dari: https://telisik.id/news/boro-boro-tawarkan-wisata-permandian-air-tawar-nuansa-alam-destinasi-wisata-pilihan-akhir-pekan
18:18:57 | INFO    | [1045/2708] Mencari: Pantai Cimpu Selatan
18:18:57 | DEBUG   | [L1 Wiki] Error: Expecting value: line 1 column 1 (char 0)
18:18:57 | DEBUG   |       L1 Gagal, mencoba L2 DDGS...
18:19:06 | INFO    |       => Sukses dari: https://id.wikipedia.org/wiki/Kabupaten_Luwu
18:19:07 | INFO    | [1046/2708] Mencari: Pantai Pasir Putih Batu Putih
18:19:07 | DEBUG   | [L1 Wiki] Error: Expecting value: line 1 column 1 (char 0)
18:19:07 | DEBUG   |       L1 Gagal, mencoba L2 DDGS...
18:19:16 | INFO    |       => Sukses dari: https://www.mediawisata.id/wisata-tanjung-kartika-paling-hits-dan-instagramable/
18:19:17 | INFO    | [1047/2708] Mencari: Kompleks Rumah Adat Labakkang
18:19:17 | DEBUG   | [L1 Wiki] Error: Expecting value: line 1 column 1 (char 0)
18:19:17 | DEBUG   |       L1 Gagal, mencoba L2 DDGS...
18:19:22 | INFO    |       => Sukses dari: https://id.wikipedia.org/wiki/Labakkang,_Pangkajene_dan_Kepulauan
18:19:23 | INFO    | [1048/2708] Mencari: Danau Tampusu
18:19:23 | DEBUG   | [L1 Wiki] Error: Expecting value: line 1 column 1 (char 0)
18:19:23 | DEBUG   |       L1 Gagal, mencoba L2 DDGS...
18:19:32 | INFO    |       => Sukses dari: https://bobobox.com/blog/id/danau-di-manado/
18:19:33 | INFO    | [1049/2708] Mencari: Darunu Mangrove Park
18:19:33 | DEBUG   | [L1 Wiki] Error: Expecting value: line 1 column 1 (char 0)
18:19:33 | DEBUG   |       L1 Gagal, mencoba L2 DDGS...
18:19:39 | INFO    |       => Sukses dari: https://sites.google.com/view/more-info-darunumangrovepark/about
18:19:40 | INFO    | *** Auto-saving 480 baris diproses...
18:19:40 | INFO    | [1050/2708] Mencari: Danau Sidenreng
18:19:40 | DEBUG   | [L1 Wiki] Error: Expecting value: line 1 column 1 (char 0)
18:19:40 | DEBUG   |       L1 Gagal, mencoba L2 DDGS...
18:19:46 | INFO    |       => Sukses dari: https://id.wikipedia.org/wiki/Danau_Sidenreng
18:19:47 | INFO    | [1051/2708] Mencari: Air Terjun Samparona
18:19:47 | DEBUG   | [L1 Wiki] Error: Expecting value: line 1 column 1 (char 0)
18:19:47 | DEBUG   |       L1 Gagal, mencoba L2 DDGS...
18:19:52 | INFO    |       => Sukses dari: https://www.floreseditorial.com/wisata/39716000010/air-terjun-samparona-destinasi-wisata-alam-yang-wajib-dikunjungi-di-buton
18:19:54 | INFO    | [1052/2708] Mencari: Pantai Makakata
18:19:54 | DEBUG   | [L1 Wiki] Error: Expecting value: line 1 column 1 (char 0)
18:19:54 | DEBUG   |       L1 Gagal, mencoba L2 DDGS...
18:19:59 | INFO    |       => Sukses dari: https://www.obormotindok.co.id/pantai-makakata-batui-tetap-jadi-favorit-warga-meski-minim-sentuhan-pemerintah/
18:20:01 | INFO    | [1053/2708] Mencari: Pantai Mato
18:20:01 | DEBUG   | [L1 Wiki] Error: Expecting value: line 1 column 1 (char 0)
18:20:01 | DEBUG   |       L1 Gagal, mencoba L2 DDGS...
18:20:12 | INFO    |       => Gagal mencari deskripsi.
18:20:13 | INFO    | [1054/2708] Mencari: Permandian Ziling
18:20:14 | DEBUG   | [L1 Wiki] Error: Expecting value: line 1 column 1 (char 0)
18:20:14 | DEBUG   |       L1 Gagal, mencoba L2 DDGS...
18:20:23 | INFO    |       => Sukses dari: https://www.cedhak.com/sulawesi/512/permandian-ziling/
18:20:24 | INFO    | [1055/2708] Mencari: Pantai LOGPON
18:20:24 | DEBUG   | [L1 Wiki] Error: Expecting value: line 1 column 1 (char 0)
18:20:24 | DEBUG   |       L1 Gagal, mencoba L2 DDGS...
18:20:29 | INFO    |       => Sukses dari: https://www.sulawesitoday.com/wisata/122513007/pantai-logpon-menemukan-ketenangan-dan-keindahan-di-gorontalo-utara
18:20:31 | INFO    | [1056/2708] Mencari: Wisata Bahari Resto Transmart Carrefour
18:20:31 | DEBUG   | [L1 Wiki] Error: Expecting value: line 1 column 1 (char 0)
18:20:31 | DEBUG   |       L1 Gagal, mencoba L2 DDGS...
18:20:35 | DEBUG   | [L2 BS4] Gagal ekstraksi url https://restaurantguru.com/Wisata-Bahari-Resto-Transmart-Carrefour-Manado/menu -> HTTPSConnectionPool(host='restaurantguru.com', port=443): Max retries exceeded with url: /Wisata-Bahari-Resto-Transmart-Carrefour-Manado/menu (Caused by SSLError(SSLCertVerificationError(1, "[SSL: CERTIFICATE_VERIFY_FAILED] certificate verify failed: Hostname mismatch, certificate is not valid for 'restaurantguru.com'. (_ssl.c:1081)")))
18:20:40 | INFO    |       => Sukses dari: https://www.wonderfulmanado.org/restaurant-di-tepi-pantai-wisata-bahari-manado/
18:20:42 | INFO    | [1057/2708] Mencari: Pulau Sanrobengi
18:20:42 | DEBUG   | [L1 Wiki] Error: Expecting value: line 1 column 1 (char 0)
18:20:42 | DEBUG   |       L1 Gagal, mencoba L2 DDGS...
18:20:52 | DEBUG   | [L2 DDGS] Error: ConnectError: ConnectError('error sending request for url (https://html.duckduckgo.com/html/)', 'https://html.duckduckgo.com/html/')
18:20:52 | INFO    |       => Gagal mencari deskripsi.
18:20:53 | INFO    | [1058/2708] Mencari: Air Terjun Baruttungnge
18:20:53 | DEBUG   | [L1 Wiki] Error: Expecting value: line 1 column 1 (char 0)
18:20:53 | DEBUG   |       L1 Gagal, mencoba L2 DDGS...
18:21:01 | DEBUG   | [L2 BS4] Gagal ekstraksi url https://jadesta.kemenparekraf.go.id/desa/air_terjun_baruttungnge -> HTTPSConnectionPool(host='jadesta.kemenparekraf.go.id', port=443): Max retries exceeded with url: /desa/air_terjun_baruttungnge (Caused by NameResolutionError("HTTPSConnection(host='jadesta.kemenparekraf.go.id', port=443): Failed to resolve 'jadesta.kemenparekraf.go.id' ([Errno 11002] getaddrinfo failed)"))
18:21:04 | INFO    |       => Gagal mencari deskripsi.
18:21:05 | INFO    | [1059/2708] Mencari: Gunung Batu Puulemo
18:21:05 | DEBUG   | [L1 Wiki] Error: Expecting value: line 1 column 1 (char 0)
18:21:05 | DEBUG   |       L1 Gagal, mencoba L2 DDGS...
18:21:09 | INFO    |       => Sukses dari: https://www.celebes.co/gunung-batu-puulemo-kolaka
18:21:11 | INFO    | [1060/2708] Mencari: Jangkar Raksasa Selayar
18:21:11 | DEBUG   | [L1 Wiki] Error: Expecting value: line 1 column 1 (char 0)
18:21:11 | DEBUG   |       L1 Gagal, mencoba L2 DDGS...
18:21:17 | INFO    |       => Sukses dari: https://id.wikipedia.org/wiki/Jangkar_Raksasa_Selayar
18:21:18 | INFO    | [1061/2708] Mencari: Pemandian Air Panas Beteleme
18:21:18 | DEBUG   | [L1 Wiki] Error: Expecting value: line 1 column 1 (char 0)
18:21:18 | DEBUG   |       L1 Gagal, mencoba L2 DDGS...
18:21:23 | INFO    |       => Sukses dari: https://liburanmurah.com/pemandian-air-panas-beteleme-surga-tersembunyi-di-morowali-utara/
18:21:24 | INFO    | [1062/2708] Mencari: Permandian Kapontori
18:21:24 | DEBUG   | [L1 Wiki] Error: Expecting value: line 1 column 1 (char 0)
18:21:24 | DEBUG   |       L1 Gagal, mencoba L2 DDGS...
18:21:31 | INFO    |       => Sukses dari: https://id.wikipedia.org/wiki/Kapontori,_Buton
18:21:32 | INFO    | [1063/2708] Mencari: Pantai Anita
18:21:32 | DEBUG   | [L1 Wiki] Error: Expecting value: line 1 column 1 (char 0)
18:21:32 | DEBUG   |       L1 Gagal, mencoba L2 DDGS...
18:21:44 | INFO    |       => Gagal mencari deskripsi.
18:21:46 | INFO    | [1064/2708] Mencari: Waruga TOAR - LUMIMUUT Palamba
18:21:46 | DEBUG   | [L1 Wiki] Error: Expecting value: line 1 column 1 (char 0)
18:21:46 | DEBUG   |       L1 Gagal, mencoba L2 DDGS...
18:22:01 | INFO    |       => Sukses dari: https://www.rykers.org/2012/01/waruga-toar-lummimuut-palamba.html
18:22:02 | INFO    | [1065/2708] Mencari: Sara Island
18:22:02 | DEBUG   | [L1 Wiki] Error: Expecting value: line 1 column 1 (char 0)
18:22:02 | DEBUG   |       L1 Gagal, mencoba L2 DDGS...
18:22:10 | INFO    |       => Sukses dari: https://travel.kompas.com/read/2017/06/14/161100727/pulau.sara.jadi.ikon.wisata.talaud
18:22:11 | INFO    | [1066/2708] Mencari: Pantai Mangket
18:22:11 | DEBUG   | [L1 Wiki] Error: Expecting value: line 1 column 1 (char 0)
18:22:11 | DEBUG   |       L1 Gagal, mencoba L2 DDGS...
18:22:18 | INFO    |       => Sukses dari: https://yandex.com/maps/org/pantai_mangket_kema/220352598184/
18:22:20 | INFO    | [1067/2708] Mencari: Zalza Beach
18:22:20 | DEBUG   | [L1 Wiki] Error: Expecting value: line 1 column 1 (char 0)
18:22:20 | DEBUG   |       L1 Gagal, mencoba L2 DDGS...
18:22:29 | INFO    |       => Sukses dari: https://www.cedhak.com/sulawesi/205/pijar-beach-cottages/
18:22:31 | INFO    | [1068/2708] Mencari: PANTAI BOULEVARD MANADO
18:22:31 | DEBUG   | [L1 Wiki] Error: Expecting value: line 1 column 1 (char 0)
18:22:31 | DEBUG   |       L1 Gagal, mencoba L2 DDGS...
18:22:38 | INFO    |       => Sukses dari: https://travel.detik.com/domestic-destination/d-2400681/3-pantai-cantik-yang-jadi-ikon-manado
18:22:40 | INFO    | [1069/2708] Mencari: Towea Beach
18:22:40 | DEBUG   | [L1 Wiki] Error: Expecting value: line 1 column 1 (char 0)
18:22:40 | DEBUG   |       L1 Gagal, mencoba L2 DDGS...
18:22:47 | INFO    |       => Sukses dari: https://id.wikipedia.org/wiki/Towea,_Muna
18:22:48 | INFO    | *** Auto-saving 500 baris diproses...
18:22:48 | INFO    | [1070/2708] Mencari: Kampoeng Wisata Alam Baturapa
18:22:48 | DEBUG   | [L1 Wiki] Error: Expecting value: line 1 column 1 (char 0)
18:22:48 | DEBUG   |       L1 Gagal, mencoba L2 DDGS...
18:22:55 | DEBUG   | [L2 DDGS] Error: ConnectError: ConnectError('error sending request for url (https://html.duckduckgo.com/html/)', 'https://html.duckduckgo.com/html/')
18:22:55 | INFO    |       => Gagal mencari deskripsi.
18:22:56 | INFO    | [1071/2708] Mencari: Swedy Beach Tambea
18:22:56 | DEBUG   | [L1 Wiki] Error: Expecting value: line 1 column 1 (char 0)
18:22:56 | DEBUG   |       L1 Gagal, mencoba L2 DDGS...
18:23:01 | INFO    |       => Sukses dari: https://insertrakyat.com/swedy-beach-tambea-surga-tersembunyi-dengan-panorama-alam-menakjubkan/
18:23:03 | INFO    | [1072/2708] Mencari: Pantai Batam Mataiwoi
18:23:03 | DEBUG   | [L1 Wiki] Error: Expecting value: line 1 column 1 (char 0)
18:23:03 | DEBUG   |       L1 Gagal, mencoba L2 DDGS...
18:23:08 | INFO    |       => Sukses dari: https://sultra.tribunnews.com/2024/12/22/suguhkan-view-pegunungan-mengenal-pantai-batam-desa-mataiwoi-kecamatan-molawe-konawe-utara
18:23:09 | INFO    | [1073/2708] Mencari: Permandian Air Terjun Maremare
18:23:09 | DEBUG   | [L1 Wiki] Error: Expecting value: line 1 column 1 (char 0)
18:23:10 | DEBUG   |       L1 Gagal, mencoba L2 DDGS...
18:23:15 | INFO    |       => Sukses dari: https://www.pustakawanbarru.com/2022/12/tempat-permandian-baru-di-barru.html
18:23:17 | INFO    | [1074/2708] Mencari: Cagar Alam Batu Angus, Bitung
18:23:17 | DEBUG   | [L1 Wiki] Error: Expecting value: line 1 column 1 (char 0)
18:23:17 | DEBUG   |       L1 Gagal, mencoba L2 DDGS...
18:23:22 | INFO    |       => Sukses dari: https://id.wikipedia.org/wiki/Cagar_Alam_Gunung_Tangkoko_Batuangus
18:23:23 | INFO    | [1075/2708] Mencari: Tambun Maleo Sanctuary
18:23:23 | DEBUG   | [L1 Wiki] Error: Expecting value: line 1 column 1 (char 0)
18:23:23 | DEBUG   |       L1 Gagal, mencoba L2 DDGS...
18:23:29 | INFO    |       => Sukses dari: https://www.msn.com/id-id/travel/aktivitas-luar-ruangan/menyusuri-hungayono-wisata-ekologi-dengan-sanctuary-maleo-dan-satwa-endemik-sulawesi/ar-AA1Ml6u0
18:23:30 | INFO    | [1076/2708] Mencari: Sarambu Ratte Balla
18:23:30 | DEBUG   | [L1 Wiki] Error: Expecting value: line 1 column 1 (char 0)
18:23:30 | DEBUG   |       L1 Gagal, mencoba L2 DDGS...
18:23:36 | INFO    |       => Sukses dari: https://gagaradio.org/objek-wisata-air-terjun-di-toraja/
18:23:37 | INFO    | [1077/2708] Mencari: Puncak Kota Kolonodale
18:23:37 | DEBUG   | [L1 Wiki] Error: Expecting value: line 1 column 1 (char 0)
18:23:37 | DEBUG   |       L1 Gagal, mencoba L2 DDGS...
18:23:41 | INFO    |       => Sukses dari: https://id.wikipedia.org/wiki/Kabupaten_Morowali_Utara
18:23:43 | INFO    | [1078/2708] Mencari: GOA TAPPARANG kolaka Utara
18:23:43 | DEBUG   | [L1 Wiki] Error: Expecting value: line 1 column 1 (char 0)
18:23:43 | DEBUG   |       L1 Gagal, mencoba L2 DDGS...
18:23:47 | INFO    |       => Sukses dari: https://id.wikipedia.org/wiki/Kabupaten_Kolaka_Utara
18:23:48 | INFO    | [1079/2708] Mencari: Wisata Panaikang Birayya #DarubiahKeren
18:23:48 | DEBUG   | [L1 Wiki] Error: Expecting value: line 1 column 1 (char 0)
18:23:48 | DEBUG   |       L1 Gagal, mencoba L2 DDGS...
18:23:55 | INFO    |       => Sukses dari: https://www.bulukumbakab.go.id/rubrik/tebing-panaikang-birayya
18:23:57 | INFO    | [1080/2708] Mencari: Telaga Biru Bungkutoko
18:23:57 | DEBUG   | [L1 Wiki] Error: Expecting value: line 1 column 1 (char 0)
18:23:57 | DEBUG   |       L1 Gagal, mencoba L2 DDGS...
18:24:07 | DEBUG   | [L2 DDGS] Error: DecodeError: DecodeError('Body collection error: error decoding response body')
18:24:07 | INFO    |       => Gagal mencari deskripsi.
18:24:08 | INFO    | [1081/2708] Mencari: Wisata Permandian Air Loka
18:24:08 | DEBUG   | [L1 Wiki] Error: Expecting value: line 1 column 1 (char 0)
18:24:08 | DEBUG   |       L1 Gagal, mencoba L2 DDGS...
18:24:17 | INFO    |       => Sukses dari: https://www.geokepo.id/id/lokasi/buton-selatan/permandian-alam-wa-kanapi
18:24:19 | INFO    | [1082/2708] Mencari: Bukit Palipi Sendana Kab. Majene.
18:24:19 | DEBUG   | [L1 Wiki] Error: Expecting value: line 1 column 1 (char 0)
18:24:19 | DEBUG   |       L1 Gagal, mencoba L2 DDGS...
18:24:23 | INFO    |       => Sukses dari: https://id.wikipedia.org/wiki/Kabupaten_Majene
18:24:24 | INFO    | [1083/2708] Mencari: Kawasan Wisata Alam Citta
18:24:24 | DEBUG   | [L1 Wiki] Error: Expecting value: line 1 column 1 (char 0)
18:24:24 | DEBUG   |       L1 Gagal, mencoba L2 DDGS...
18:24:32 | INFO    |       => Sukses dari: https://sisparnas.kemenpar.go.id/p/7988
18:24:34 | INFO    | [1084/2708] Mencari: Taman Marlina
18:24:34 | DEBUG   | [L1 Wiki] Error: Expecting value: line 1 column 1 (char 0)
18:24:34 | DEBUG   |       L1 Gagal, mencoba L2 DDGS...
18:24:41 | INFO    |       => Gagal mencari deskripsi.
18:24:43 | INFO    | [1085/2708] Mencari: Benteng TIWORO
18:24:43 | DEBUG   | [L1 Wiki] Error: Expecting value: line 1 column 1 (char 0)
18:24:43 | DEBUG   |       L1 Gagal, mencoba L2 DDGS...
18:24:49 | INFO    |       => Sukses dari: https://id.wikipedia.org/wiki/Benteng_Tiworo
18:24:50 | INFO    | [1086/2708] Mencari: Lembah kendenan
18:24:50 | DEBUG   | [L1 Wiki] Error: Expecting value: line 1 column 1 (char 0)
18:24:50 | DEBUG   |       L1 Gagal, mencoba L2 DDGS...
18:24:55 | INFO    |       => Sukses dari: https://incatravel.co.id/lembah-kendenan/
18:24:57 | INFO    | [1087/2708] Mencari: Pantai Kupu-kupu
18:24:57 | DEBUG   | [L1 Wiki] Error: Expecting value: line 1 column 1 (char 0)
18:24:57 | DEBUG   |       L1 Gagal, mencoba L2 DDGS...
18:25:04 | INFO    |       => Sukses dari: https://res-publica.id/2025/12/13/memetakan-wisata-pantai-luwu-timur-dari-danau-purba-hingga-pesisir-laut/
18:25:05 | INFO    | [1088/2708] Mencari: Laguna Mahumalalang
18:25:05 | DEBUG   | [L1 Wiki] Error: Expecting value: line 1 column 1 (char 0)
18:25:05 | DEBUG   |       L1 Gagal, mencoba L2 DDGS...
18:25:11 | INFO    |       => Sukses dari: https://indonesiajuara.asia/blog/danau-mahumalalang-di-labengki/
18:25:13 | INFO    | [1089/2708] Mencari: Al Azhar Beach Camp
18:25:13 | DEBUG   | [L1 Wiki] Error: Expecting value: line 1 column 1 (char 0)
18:25:13 | DEBUG   |       L1 Gagal, mencoba L2 DDGS...
18:25:22 | INFO    |       => Gagal mencari deskripsi.
18:25:23 | INFO    | *** Auto-saving 520 baris diproses...
18:25:23 | INFO    | [1090/2708] Mencari: Vila Purirano
18:25:23 | DEBUG   | [L1 Wiki] Error: Expecting value: line 1 column 1 (char 0)
18:25:23 | DEBUG   |       L1 Gagal, mencoba L2 DDGS...
18:25:29 | INFO    |       => Sukses dari: https://gor.wikipedia.org/wiki/Purirano,_Kendari,_Kendari
18:25:30 | INFO    | [1091/2708] Mencari: Parepare Kota Cinta Habibie Ainun
18:25:30 | DEBUG   | [L1 Wiki] Error: Expecting value: line 1 column 1 (char 0)
18:25:30 | DEBUG   |       L1 Gagal, mencoba L2 DDGS...
18:25:38 | INFO    |       => Sukses dari: https://www.detik.com/sulsel/wisata/d-6594141/23-objek-wisata-di-parepare-mulai-pesona-alam-hingga-situs-sejarah
18:25:40 | INFO    | [1092/2708] Mencari: kawasan wisata Bantimurung
18:25:40 | DEBUG   | [L1 Wiki] Error: Expecting value: line 1 column 1 (char 0)
18:25:40 | DEBUG   |       L1 Gagal, mencoba L2 DDGS...
18:25:47 | INFO    |       => Sukses dari: https://id.wikipedia.org/wiki/Taman_Wisata_Alam_Bantimurung
18:25:49 | INFO    | [1093/2708] Mencari: Wisata Mangrove Trans Pato'a
18:25:49 | DEBUG   | [L1 Wiki] Error: Expecting value: line 1 column 1 (char 0)
18:25:49 | DEBUG   |       L1 Gagal, mencoba L2 DDGS...
18:25:55 | INFO    |       => Sukses dari: https://www.e-berita.com/1768/09/11/liburan-wisata-mangrove-trans-patoa-bisa-jadi-pilihan/
18:25:56 | INFO    | [1094/2708] Mencari: Wisata Pantai Poigar
18:25:56 | DEBUG   | [L1 Wiki] Error: Expecting value: line 1 column 1 (char 0)
18:25:56 | DEBUG   |       L1 Gagal, mencoba L2 DDGS...
18:26:03 | INFO    |       => Sukses dari: https://www.tribunnews.com/kilas-kementerian/2019/11/04/tanggul-pemecah-ombak-selesai-dibangun-warga-desa-poigar-dan-tiberias-air-sudah-tidak-naik
18:26:05 | INFO    | [1095/2708] Mencari: Wisata Taman mangrove BUMDesa Totobo
18:26:05 | DEBUG   | [L1 Wiki] Error: Expecting value: line 1 column 1 (char 0)
18:26:05 | DEBUG   |       L1 Gagal, mencoba L2 DDGS...
18:26:11 | INFO    |       => Sukses dari: https://www.gotravelly.com/blog/7-tempat-wisata-andalan-kolaka-sulawesi/
18:26:12 | INFO    | [1096/2708] Mencari: Danau Motonuno
18:26:12 | DEBUG   | [L1 Wiki] Error: Expecting value: line 1 column 1 (char 0)
18:26:12 | DEBUG   |       L1 Gagal, mencoba L2 DDGS...
18:26:21 | INFO    |       => Sukses dari: https://sultrust.com/pesona-destinasi-wisata-danau-motonuno-di-muna/
18:26:23 | INFO    | [1097/2708] Mencari: Pantai BatuMeja Sangkub (TableStone Beach)
18:26:23 | DEBUG   | [L1 Wiki] Error: Expecting value: line 1 column 1 (char 0)
18:26:23 | DEBUG   |       L1 Gagal, mencoba L2 DDGS...
18:26:29 | INFO    |       => Sukses dari: https://id.wikipedia.org/wiki/Sangkub,_Bolaang_Mongondow_Utara
18:26:31 | INFO    | [1098/2708] Mencari: Pantai Parentek
18:26:31 | DEBUG   | [L1 Wiki] Error: Expecting value: line 1 column 1 (char 0)
18:26:31 | DEBUG   |       L1 Gagal, mencoba L2 DDGS...
18:26:43 | INFO    |       => Sukses dari: https://speednews-manado.com/2016/02/tinjau-pantai-mahembang-bupati-jws-kagumi-objek-wisata-minahasa/
18:26:44 | INFO    | [1099/2708] Mencari: Air Terjun Pincuni
18:26:44 | DEBUG   | [L1 Wiki] Error: Expecting value: line 1 column 1 (char 0)
18:26:44 | DEBUG   |       L1 Gagal, mencoba L2 DDGS...
18:26:50 | INFO    |       => Sukses dari: https://sulsel.idntimes.com/travel/destination/wisata-air-terjun-eksotis-di-sinjai-c1c2-01-432rm-trhgqk
18:26:52 | INFO    | [1100/2708] Mencari: Puncak Donggala
18:26:52 | DEBUG   | [L1 Wiki] Error: Expecting value: line 1 column 1 (char 0)
18:26:52 | DEBUG   |       L1 Gagal, mencoba L2 DDGS...
18:26:56 | INFO    |       => Sukses dari: https://www.msn.com/id-id/travel/taman/destinasi-wisata-bagai-surga-tersembunyi-di-donggala-labuana-kaluku-sivalenta-dan-tanjung-karang/ar-AA1LaFGG
18:26:58 | INFO    | [1101/2708] Mencari: Negeri Diatas Awan Buntu Liarra
18:26:58 | DEBUG   | [L1 Wiki] Error: Expecting value: line 1 column 1 (char 0)
18:26:58 | DEBUG   |       L1 Gagal, mencoba L2 DDGS...
18:27:03 | INFO    |       => Sukses dari: https://liburanmurah.com/negeri-di-atas-awan-mengungkap-pesona-buntu-liarra-di-mamasa/
18:27:04 | INFO    | [1102/2708] Mencari: Tanarajae
18:27:04 | DEBUG   | [L1 Wiki] Error: Expecting value: line 1 column 1 (char 0)
18:27:04 | DEBUG   |       L1 Gagal, mencoba L2 DDGS...
18:27:14 | DEBUG   | [L2 BS4] Gagal ekstraksi url https://jadesta.kemenparekraf.go.id/desa/taraweang -> HTTPSConnectionPool(host='jadesta.kemenparekraf.go.id', port=443): Max retries exceeded with url: /desa/taraweang (Caused by NameResolutionError("HTTPSConnection(host='jadesta.kemenparekraf.go.id', port=443): Failed to resolve 'jadesta.kemenparekraf.go.id' ([Errno 11002] getaddrinfo failed)"))
18:27:14 | INFO    |       => Gagal mencari deskripsi.
18:27:15 | INFO    | [1103/2708] Mencari: Wisata Pesona Tanjung Tihu
18:27:15 | DEBUG   | [L1 Wiki] Error: Expecting value: line 1 column 1 (char 0)
18:27:15 | DEBUG   |       L1 Gagal, mencoba L2 DDGS...
18:27:20 | INFO    |       => Sukses dari: https://id.wikipedia.org/wiki/Kabupaten_Bone_Bolango
18:27:21 | INFO    | [1104/2708] Mencari: Air Terjun Latta Pitu
18:27:21 | DEBUG   | [L1 Wiki] Error: Expecting value: line 1 column 1 (char 0)
18:27:21 | DEBUG   |       L1 Gagal, mencoba L2 DDGS...
18:27:29 | INFO    |       => Sukses dari: https://www.detik.com/sulsel/wisata/d-6896501/25-rekomendasi-objek-wisata-di-kabupaten-pinrang-untuk-liburan
18:27:30 | INFO    | [1105/2708] Mencari: pantai talise
18:27:30 | DEBUG   | [L1 Wiki] Error: Expecting value: line 1 column 1 (char 0)
18:27:30 | DEBUG   |       L1 Gagal, mencoba L2 DDGS...
18:27:35 | INFO    |       => Sukses dari: https://www.oyorooms.com/travel-guide/id/tempat-wisata-palu/
18:27:37 | INFO    | [1106/2708] Mencari: Air Terjun Pelangi Jonjo Parigi
18:27:37 | DEBUG   | [L1 Wiki] Error: Expecting value: line 1 column 1 (char 0)
18:27:37 | DEBUG   |       L1 Gagal, mencoba L2 DDGS...
18:27:44 | INFO    |       => Sukses dari: https://www.detik.com/tag/air-terjun-pelangi-jonjo-parigi
18:27:46 | INFO    | [1107/2708] Mencari: Pantai batu meja tongkaina
18:27:46 | DEBUG   | [L1 Wiki] Error: Expecting value: line 1 column 1 (char 0)
18:27:46 | DEBUG   |       L1 Gagal, mencoba L2 DDGS...
18:27:54 | INFO    |       => Sukses dari: https://manado.antaranews.com/berita/31187/tongkaina-tujuan-favorit-wisata-baru-manado
18:27:55 | INFO    | [1108/2708] Mencari: Spot Foto Pantai Kuri
18:27:55 | DEBUG   | [L1 Wiki] Error: Expecting value: line 1 column 1 (char 0)
18:27:55 | DEBUG   |       L1 Gagal, mencoba L2 DDGS...
18:28:00 | INFO    |       => Sukses dari: https://id.wikipedia.org/wiki/Pantai_Kuri_Caddi
18:28:01 | INFO    | [1109/2708] Mencari: Air Terjun Kajejen
18:28:01 | DEBUG   | [L1 Wiki] Error: Expecting value: line 1 column 1 (char 0)
18:28:01 | DEBUG   |       L1 Gagal, mencoba L2 DDGS...
18:28:06 | INFO    |       => Sukses dari: https://www.idntimes.com/travel/destination/air-terjun-kajejen-c1c2-01-5ltmv-yr8k3t
18:28:07 | INFO    | *** Auto-saving 540 baris diproses...
18:28:07 | INFO    | [1110/2708] Mencari: PERMANDIAN ALAM TOMPOTIKKA SALO MANGORRO
18:28:07 | DEBUG   | [L1 Wiki] Error: Expecting value: line 1 column 1 (char 0)
18:28:07 | DEBUG   |       L1 Gagal, mencoba L2 DDGS...
18:28:13 | INFO    |       => Sukses dari: https://inputrakyat.co.id/wisata-alam-permandian-salo-mangngoro-ussu-butuh-sentuhan-pemerintah/
18:28:14 | INFO    | [1111/2708] Mencari: Dermaga Dulupi
18:28:14 | DEBUG   | [L1 Wiki] Error: Expecting value: line 1 column 1 (char 0)
18:28:14 | DEBUG   |       L1 Gagal, mencoba L2 DDGS...
18:28:21 | INFO    |       => Sukses dari: https://idalamat.com/alamat/674474/dermaga-dulupi-boalemo-gorontalo
18:28:23 | INFO    | [1112/2708] Mencari: Panker ( Pantai Kering )
18:28:23 | DEBUG   | [L1 Wiki] Error: Expecting value: line 1 column 1 (char 0)
18:28:23 | DEBUG   |       L1 Gagal, mencoba L2 DDGS...
18:28:36 | INFO    |       => Gagal mencari deskripsi.
18:28:37 | INFO    | [1113/2708] Mencari: Pantai Buol
18:28:37 | DEBUG   | [L1 Wiki] Error: Expecting value: line 1 column 1 (char 0)
18:28:37 | DEBUG   |       L1 Gagal, mencoba L2 DDGS...
18:28:41 | INFO    |       => Sukses dari: https://www.celebes.co/tempat-wisata-buol
18:28:43 | INFO    | [1114/2708] Mencari: Lannying 3
18:28:43 | DEBUG   | [L1 Wiki] Error: Expecting value: line 1 column 1 (char 0)
18:28:43 | DEBUG   |       L1 Gagal, mencoba L2 DDGS...
18:28:56 | INFO    |       => Sukses dari: https://idfirms.com/sulawesi-selatan/lannying-3-1029319
18:28:57 | INFO    | [1115/2708] Mencari: Pantai Molas
18:28:57 | DEBUG   | [L1 Wiki] Error: Expecting value: line 1 column 1 (char 0)
18:28:57 | DEBUG   |       L1 Gagal, mencoba L2 DDGS...
18:29:05 | INFO    |       => Sukses dari: https://bobobox.com/blog/id/wisata-bahari-manado/
18:29:06 | INFO    | [1116/2708] Mencari: Pulau Kodingareng Keke
18:29:06 | DEBUG   | [L1 Wiki] Error: Expecting value: line 1 column 1 (char 0)
18:29:06 | DEBUG   |       L1 Gagal, mencoba L2 DDGS...
18:29:19 | INFO    |       => Sukses dari: https://www.pesisir.net/pulau-kodingareng-keke
18:29:20 | INFO    | [1117/2708] Mencari: Leang Surukang
18:29:20 | DEBUG   | [L1 Wiki] Error: Expecting value: line 1 column 1 (char 0)
18:29:20 | DEBUG   |       L1 Gagal, mencoba L2 DDGS...
18:29:28 | INFO    |       => Sukses dari: https://www.cedhak.com/sulawesi/992/wisata-leang-lonrong/
18:29:30 | INFO    | [1118/2708] Mencari: Pantai Woka
18:29:30 | DEBUG   | [L1 Wiki] Error: Expecting value: line 1 column 1 (char 0)
18:29:30 | DEBUG   |       L1 Gagal, mencoba L2 DDGS...
18:29:36 | INFO    |       => Sukses dari: https://video.tribunnews.com/news/390558/pantai-tanjung-woka-boltim-suguhkan-pasir-putih-keindahan-alam-yang-alami-jadi-incaran-wisatawan
18:29:37 | INFO    | [1119/2708] Mencari: Anjungan Danau Talaga
18:29:38 | DEBUG   | [L1 Wiki] Error: Expecting value: line 1 column 1 (char 0)
18:29:38 | DEBUG   |       L1 Gagal, mencoba L2 DDGS...
18:29:42 | INFO    |       => Sukses dari: https://id.wikipedia.org/wiki/Danau_Dampelas
18:29:43 | INFO    | [1120/2708] Mencari: Wisata Kuliner Lambe-Lambe Maros
18:29:43 | DEBUG   | [L1 Wiki] Error: Expecting value: line 1 column 1 (char 0)
18:29:43 | DEBUG   |       L1 Gagal, mencoba L2 DDGS...
18:29:52 | INFO    |       => Sukses dari: https://walai.id/2024/11/25/bupati-maros-resmikan-wisata-kampung-kuliner-lambe-lambe-dan-lepas-peserta-jalan-santai/
18:29:54 | INFO    | [1121/2708] Mencari: Halona waterboom
18:29:54 | DEBUG   | [L1 Wiki] Error: Expecting value: line 1 column 1 (char 0)
18:29:54 | DEBUG   |       L1 Gagal, mencoba L2 DDGS...
18:30:02 | INFO    |       => Sukses dari: https://porostengah.com/libur-natal-dan-tahun-baru-pesona-halona-waterboom-sihir-ratusan-pengunjung/
18:30:04 | INFO    | [1122/2708] Mencari: Pantai Bunaken Luwu Timur (YOSUA)
18:30:04 | DEBUG   | [L1 Wiki] Error: Expecting value: line 1 column 1 (char 0)
18:30:04 | DEBUG   |       L1 Gagal, mencoba L2 DDGS...
18:30:08 | INFO    |       => Sukses dari: https://www.cedhak.com/sulawesi/734/pantai-bunaken-luwu-timur-yosua/
18:30:09 | INFO    | [1123/2708] Mencari: Objek wisata hutan pinus
18:30:09 | DEBUG   | [L1 Wiki] Error: Expecting value: line 1 column 1 (char 0)
18:30:09 | DEBUG   |       L1 Gagal, mencoba L2 DDGS...
18:30:17 | INFO    |       => Sukses dari: https://travel.detik.com/domestic-destination/d-4901079/air-terjun-tersembunyi-di-hutan-sulawesi-barat
18:30:19 | INFO    | [1124/2708] Mencari: Kharisma Agrowisata
18:30:19 | DEBUG   | [L1 Wiki] Error: Expecting value: line 1 column 1 (char 0)
18:30:19 | DEBUG   |       L1 Gagal, mencoba L2 DDGS...
18:30:30 | INFO    |       => Gagal mencari deskripsi.
18:30:31 | INFO    | [1125/2708] Mencari: Pantai Pasir Putih
18:30:31 | DEBUG   | [L1 Wiki] Error: Expecting value: line 1 column 1 (char 0)
18:30:31 | DEBUG   |       L1 Gagal, mencoba L2 DDGS...
18:30:36 | INFO    |       => Sukses dari: https://jadesta.kemenpar.go.id/atraksi/destinasi_wisata_budaya_ngaben_massal_di_pantai_pasir_putih
18:30:37 | INFO    | [1126/2708] Mencari: Ekowisata Mangrove Tatakalai
18:30:37 | DEBUG   | [L1 Wiki] Error: Expecting value: line 1 column 1 (char 0)
18:30:37 | DEBUG   |       L1 Gagal, mencoba L2 DDGS...
18:30:45 | INFO    |       => Sukses dari: https://www.cedhak.com/sulawesi/887/ekowisata-mangrove-tatakalai/
18:30:46 | INFO    | [1127/2708] Mencari: Pantai Harapan Pomalaa
18:30:46 | DEBUG   | [L1 Wiki] Error: Expecting value: line 1 column 1 (char 0)
18:30:46 | DEBUG   |       L1 Gagal, mencoba L2 DDGS...
18:30:55 | INFO    |       => Sukses dari: https://www.gotravelly.com/blog/7-tempat-wisata-andalan-kolaka-sulawesi/
18:30:56 | INFO    | [1128/2708] Mencari: Kampong Batulelleng
18:30:56 | DEBUG   | [L1 Wiki] Error: Expecting value: line 1 column 1 (char 0)
18:30:56 | DEBUG   |       L1 Gagal, mencoba L2 DDGS...
18:31:07 | INFO    |       => Sukses dari: https://yandex.com/maps/org/kampong_batulelleng/245116676493/
18:31:09 | INFO    | [1129/2708] Mencari: Jembatan Kuning Palu
18:31:09 | DEBUG   | [L1 Wiki] Error: Expecting value: line 1 column 1 (char 0)
18:31:09 | DEBUG   |       L1 Gagal, mencoba L2 DDGS...
18:31:18 | INFO    |       => Sukses dari: https://min.wikipedia.org/wiki/Kota_Palu
18:31:19 | INFO    | *** Auto-saving 560 baris diproses...
18:31:19 | INFO    | [1130/2708] Mencari: Sungai Lajjoro
18:31:19 | DEBUG   | [L1 Wiki] Error: Expecting value: line 1 column 1 (char 0)
18:31:19 | DEBUG   |       L1 Gagal, mencoba L2 DDGS...
18:31:24 | INFO    |       => Sukses dari: https://makassar.tribunnews.com/travel/1828586/libur-panjang-di-sungai-lajjoro-bone-wisata-alam-gratis-dengan-air-jernih-ramah-anak
18:31:25 | INFO    | [1131/2708] Mencari: Laburang Gallang
18:31:25 | DEBUG   | [L1 Wiki] Error: Expecting value: line 1 column 1 (char 0)
18:31:25 | DEBUG   |       L1 Gagal, mencoba L2 DDGS...
18:31:32 | DEBUG   | [L2 BS4] Gagal ekstraksi url https://jadesta.kemenparekraf.go.id/atraksi/permandian_alam_laburang_gallang -> HTTPSConnectionPool(host='jadesta.kemenparekraf.go.id', port=443): Max retries exceeded with url: /atraksi/permandian_alam_laburang_gallang (Caused by NameResolutionError("HTTPSConnection(host='jadesta.kemenparekraf.go.id', port=443): Failed to resolve 'jadesta.kemenparekraf.go.id' ([Errno 11002] getaddrinfo failed)"))
18:31:38 | INFO    |       => Sukses dari: https://travel.detik.com/cerita-perjalanan/d-5380307/ada-sungai-perawan-nan-alami-di-enrekang-sulsel
18:31:39 | INFO    | [1132/2708] Mencari: Pantai Kawasan Mega Mas
18:31:39 | DEBUG   | [L1 Wiki] Error: Expecting value: line 1 column 1 (char 0)
18:31:39 | DEBUG   |       L1 Gagal, mencoba L2 DDGS...
18:31:49 | INFO    |       => Sukses dari: https://geolocana.com/5-pantai-di-manado-dengan-view-menarik-yang-wajib-dikunjungi/
18:31:50 | INFO    | [1133/2708] Mencari: Air Terjun Barassang
18:31:50 | DEBUG   | [L1 Wiki] Error: Expecting value: line 1 column 1 (char 0)
18:31:50 | DEBUG   |       L1 Gagal, mencoba L2 DDGS...
18:31:58 | DEBUG   | [L2 BS4] Gagal ekstraksi url https://jadesta.kemenparekraf.go.id/atraksi/air_terjun_barassang -> HTTPSConnectionPool(host='jadesta.kemenparekraf.go.id', port=443): Max retries exceeded with url: /atraksi/air_terjun_barassang (Caused by NameResolutionError("HTTPSConnection(host='jadesta.kemenparekraf.go.id', port=443): Failed to resolve 'jadesta.kemenparekraf.go.id' ([Errno 11002] getaddrinfo failed)"))
18:32:00 | INFO    |       => Sukses dari: https://koranmakassar.com/pesona-tersembunyi-barassang-bupati-gowa-siapkan-air-terjun-ini-jadi-ikon-wisata-baru/
18:32:02 | INFO    | [1134/2708] Mencari: Mangrove Park Desa Wori
18:32:02 | DEBUG   | [L1 Wiki] Error: Expecting value: line 1 column 1 (char 0)
18:32:02 | DEBUG   |       L1 Gagal, mencoba L2 DDGS...
18:32:09 | INFO    |       => Sukses dari: https://www.koran-metro.com/2025/03/10/mangrove-park-dermaga-3-dimensi-desa-wori-destinasi-ekowisata-baru-di-minut/
18:32:11 | INFO    | [1135/2708] Mencari: Koloolaro
18:32:11 | DEBUG   | [L1 Wiki] Error: Expecting value: line 1 column 1 (char 0)
18:32:11 | DEBUG   |       L1 Gagal, mencoba L2 DDGS...
18:32:21 | INFO    |       => Gagal mencari deskripsi.
18:32:23 | INFO    | [1136/2708] Mencari: Air Terjun Salu Birayya Barania
18:32:23 | DEBUG   | [L1 Wiki] Error: Expecting value: line 1 column 1 (char 0)
18:32:23 | DEBUG   |       L1 Gagal, mencoba L2 DDGS...
18:32:31 | INFO    |       => Sukses dari: https://jadesta.kemenpar.go.id/atraksi/air_terjun_salu_birayya
18:32:32 | INFO    | [1137/2708] Mencari: Pantai puluty
18:32:32 | DEBUG   | [L1 Wiki] Error: Expecting value: line 1 column 1 (char 0)
18:32:32 | DEBUG   |       L1 Gagal, mencoba L2 DDGS...
18:32:41 | INFO    |       => Gagal mencari deskripsi.
18:32:42 | INFO    | [1138/2708] Mencari: Batu Batu
18:32:42 | DEBUG   | [L1 Wiki] Error: Expecting value: line 1 column 1 (char 0)
18:32:42 | DEBUG   |       L1 Gagal, mencoba L2 DDGS...
18:32:49 | INFO    |       => Sukses dari: https://kendariinfo.com/sempat-ditutup-kini-aktivitas-batbat-kendari-kembali-ramai/
18:32:50 | INFO    | [1139/2708] Mencari: Pantai Babatoa Lapeo
18:32:50 | DEBUG   | [L1 Wiki] Error: Expecting value: line 1 column 1 (char 0)
18:32:50 | DEBUG   |       L1 Gagal, mencoba L2 DDGS...
18:33:01 | DEBUG   | [L2 BS4] Gagal ekstraksi url https://jadesta.kemenparekraf.go.id/desa/lapeobaqbatoa_beach -> HTTPSConnectionPool(host='jadesta.kemenparekraf.go.id', port=443): Max retries exceeded with url: /desa/lapeobaqbatoa_beach (Caused by NameResolutionError("HTTPSConnection(host='jadesta.kemenparekraf.go.id', port=443): Failed to resolve 'jadesta.kemenparekraf.go.id' ([Errno 11002] getaddrinfo failed)"))
18:33:03 | INFO    |       => Sukses dari: https://sulbar.tribunnews.com/2025/04/18/yuk-wisata-pantai-babatoa-polman-ada-banana-boat-daya-tarik-baru-untuk-wisatawan
18:33:04 | INFO    | [1140/2708] Mencari: Wisata Alam Sulapa Angin Punjabu
18:33:04 | DEBUG   | [L1 Wiki] Error: Expecting value: line 1 column 1 (char 0)
18:33:04 | DEBUG   |       L1 Gagal, mencoba L2 DDGS...
18:33:09 | DEBUG   | [L2 DDGS] Error: ConnectError: ConnectError('error sending request for url (https://html.duckduckgo.com/html/)', 'https://html.duckduckgo.com/html/')
18:33:09 | INFO    |       => Gagal mencari deskripsi.
18:33:11 | INFO    | [1141/2708] Mencari: Wisata Bintauna Beach
18:33:11 | DEBUG   | [L1 Wiki] Error: Expecting value: line 1 column 1 (char 0)
18:33:11 | DEBUG   |       L1 Gagal, mencoba L2 DDGS...
18:33:19 | INFO    |       => Sukses dari: https://tokoterdekat.dapodik.co.id/jasa-travel-bolaang-mongondow/
18:33:20 | INFO    | [1142/2708] Mencari: PUNCAK OSTAR
18:33:20 | DEBUG   | [L1 Wiki] Error: Expecting value: line 1 column 1 (char 0)
18:33:20 | DEBUG   |       L1 Gagal, mencoba L2 DDGS...
18:33:27 | INFO    |       => Sukses dari: https://sultra.gemapos.id/wisata/2881742883/puncak-ostar-wisata-alam-bagi-pecinta-petualangan-dan-panorama-pegunungan-di-kolaka-timur
18:33:28 | INFO    | [1143/2708] Mencari: Pantai Cendrawasih Polewali
18:33:28 | DEBUG   | [L1 Wiki] Error: Expecting value: line 1 column 1 (char 0)
18:33:28 | DEBUG   |       L1 Gagal, mencoba L2 DDGS...
18:33:36 | INFO    |       => Sukses dari: https://sandee.com/indonesia/west-sulawesi/takatidung/pantai-cendrawasih-polewali
18:33:37 | INFO    | [1144/2708] Mencari: Bukit Bulu Jaya
18:33:37 | DEBUG   | [L1 Wiki] Error: Expecting value: line 1 column 1 (char 0)
18:33:37 | DEBUG   |       L1 Gagal, mencoba L2 DDGS...
18:33:48 | INFO    |       => Sukses dari: https://seringjalan.com/5-tempat-wisata-di-jeneponto/
18:33:50 | INFO    | [1145/2708] Mencari: CAMPING WISATA KARANGAN
18:33:50 | DEBUG   | [L1 Wiki] Error: Expecting value: line 1 column 1 (char 0)
18:33:50 | DEBUG   |       L1 Gagal, mencoba L2 DDGS...
18:33:56 | INFO    |       => Sukses dari: https://www.cedhak.com/sulawesi/322/desa-wisata-karangan-latimojong-sivin-camp-kampong-kopi-latimojong/
18:33:58 | INFO    | [1146/2708] Mencari: Wisata Tangga Seribu
18:33:58 | DEBUG   | [L1 Wiki] Error: Expecting value: line 1 column 1 (char 0)
18:33:58 | DEBUG   |       L1 Gagal, mencoba L2 DDGS...
18:34:02 | INFO    |       => Sukses dari: https://www.msn.com/id-id/berita/other/menjelajahi-keindahan-alam-dan-tantangan-wisata-tangga-seribu-di-bandung-timur/ar-AA1LUkfz
18:34:04 | INFO    | [1147/2708] Mencari: Pantai Arjuna
18:34:04 | DEBUG   | [L1 Wiki] Error: Expecting value: line 1 column 1 (char 0)
18:34:04 | DEBUG   |       L1 Gagal, mencoba L2 DDGS...
18:34:11 | DEBUG   | [L2 BS4] Gagal ekstraksi url https://sisparnas.kemenparekraf.go.id/p/44951 -> HTTPSConnectionPool(host='sisparnas.kemenparekraf.go.id', port=443): Max retries exceeded with url: /p/44951 (Caused by NameResolutionError("HTTPSConnection(host='sisparnas.kemenparekraf.go.id', port=443): Failed to resolve 'sisparnas.kemenparekraf.go.id' ([Errno 11002] getaddrinfo failed)"))
18:34:17 | INFO    |       => Gagal mencari deskripsi.
18:34:19 | INFO    | [1148/2708] Mencari: Wisata sawit ceria
18:34:19 | DEBUG   | [L1 Wiki] Error: Expecting value: line 1 column 1 (char 0)
18:34:19 | DEBUG   |       L1 Gagal, mencoba L2 DDGS...
18:34:34 | DEBUG   | [L2 BS4] Gagal ekstraksi url https://banggairaya.id/bingung-mau-piknik-kemana-ke-taman-wisata-sawit-ceria-saja/ -> HTTPSConnectionPool(host='banggairaya.id', port=443): Read timed out.
18:34:37 | INFO    |       => Sukses dari: https://tempatwisataseru.com/tempat-wisata-di-banggai-kepulauan/
18:34:38 | INFO    | [1149/2708] Mencari: Museum - Palais Saoraja
18:34:38 | DEBUG   | [L1 Wiki] Error: Expecting value: line 1 column 1 (char 0)
18:34:38 | DEBUG   |       L1 Gagal, mencoba L2 DDGS...
18:34:50 | INFO    |       => Sukses dari: https://www.museumlapawawoi.com/
18:34:51 | INFO    | *** Auto-saving 580 baris diproses...
18:34:51 | INFO    | [1150/2708] Mencari: Air Terjun Sarambu
18:34:51 | DEBUG   | [L1 Wiki] Error: Expecting value: line 1 column 1 (char 0)
18:34:51 | DEBUG   |       L1 Gagal, mencoba L2 DDGS...
18:34:57 | DEBUG   | [L2 DDGS] Error: ConnectError: ConnectError('error sending request for url (https://html.duckduckgo.com/html/)', 'https://html.duckduckgo.com/html/')
18:34:57 | INFO    |       => Gagal mencari deskripsi.
18:34:58 | INFO    | [1151/2708] Mencari: Pantai Potanga
18:34:58 | DEBUG   | [L1 Wiki] Error: Expecting value: line 1 column 1 (char 0)
18:34:58 | DEBUG   |       L1 Gagal, mencoba L2 DDGS...
18:35:17 | DEBUG   | [L2 BS4] Gagal ekstraksi url http://www.pedomanwisata.com/wisata-bahari-pantai/pantai-pasir-putih/pantai-bolihutuo-pantai-yang-indah-dan-masih-alami-di-kabupaten-boalemo-gorontalo -> HTTPConnectionPool(host='www.pedomanwisata.com', port=80): Read timed out. (read timeout=8)
18:35:18 | INFO    |       => Gagal mencari deskripsi.
18:35:20 | INFO    | [1152/2708] Mencari: Wisata Ere Bambang Pencong
18:35:20 | DEBUG   | [L1 Wiki] Error: Expecting value: line 1 column 1 (char 0)
18:35:20 | DEBUG   |       L1 Gagal, mencoba L2 DDGS...
18:35:26 | INFO    |       => Sukses dari: https://pencong.digitaldesa.id/wisata
18:35:28 | INFO    | [1153/2708] Mencari: Bukit pasir
18:35:28 | DEBUG   | [L1 Wiki] Error: Expecting value: line 1 column 1 (char 0)
18:35:28 | DEBUG   |       L1 Gagal, mencoba L2 DDGS...
18:35:36 | DEBUG   | [L2 DDGS] Error: RequestError: RequestError('error sending request for url (https://search.yahoo.com/search;_ylt=NPVaQkgUPYMBcl4wHRCMxlrk;_ylu=SaKi148f8l0bJsTeacgsy5zIu2806WHQyfoRukfH7SqhNcU?p=Bukit+pasir+Kabupaten+Toraja+Utara+wisata)', 'https://search.yahoo.com/search;_ylt=NPVaQkgUPYMBcl4wHRCMxlrk;_ylu=SaKi148f8l0bJsTeacgsy5zIu2806WHQyfoRukfH7SqhNcU?p=Bukit+pasir+Kabupaten+Toraja+Utara+wisata')
18:35:36 | INFO    |       => Gagal mencari deskripsi.
18:35:37 | INFO    | [1154/2708] Mencari: Pantai Popakuni
18:35:37 | DEBUG   | [L1 Wiki] Error: Expecting value: line 1 column 1 (char 0)
18:35:37 | DEBUG   |       L1 Gagal, mencoba L2 DDGS...
18:35:52 | DEBUG   | [L2 DDGS] Error: RequestError: RequestError('error sending request for url (https://search.yahoo.com/search;_ylt=cd9xfIFabto8f2kxLl6xMEHc;_ylu=LeNJGbeam2lU4CeXpS8FsPofS8EOqT-UP4NskXpGdH7HMYs?p=Pantai+Popakuni+Kabupaten+Poso+wisata)', 'https://search.yahoo.com/search;_ylt=cd9xfIFabto8f2kxLl6xMEHc;_ylu=LeNJGbeam2lU4CeXpS8FsPofS8EOqT-UP4NskXpGdH7HMYs?p=Pantai+Popakuni+Kabupaten+Poso+wisata')
18:35:52 | INFO    |       => Gagal mencari deskripsi.
18:35:53 | INFO    | [1155/2708] Mencari: Permandian Batu Doli
18:35:53 | DEBUG   | [L1 Wiki] Error: Expecting value: line 1 column 1 (char 0)
18:35:53 | DEBUG   |       L1 Gagal, mencoba L2 DDGS...
18:36:03 | DEBUG   | [L2 DDGS] Error: ConnectError: ConnectError('error sending request for url (https://html.duckduckgo.com/html/)', 'https://html.duckduckgo.com/html/')
18:36:03 | INFO    |       => Gagal mencari deskripsi.
18:36:04 | INFO    | [1156/2708] Mencari: Pegunungan Pompangeo
18:36:04 | DEBUG   | [L1 Wiki] Error: Expecting value: line 1 column 1 (char 0)
18:36:04 | DEBUG   |       L1 Gagal, mencoba L2 DDGS...
18:36:09 | DEBUG   | [L2 DDGS] Error: ConnectError: ConnectError('error sending request for url (https://html.duckduckgo.com/html/)', 'https://html.duckduckgo.com/html/')
18:36:09 | INFO    |       => Gagal mencari deskripsi.
18:36:11 | INFO    | [1157/2708] Mencari: Rest Area Jeneponto
18:36:11 | DEBUG   | [L1 Wiki] Error: Expecting value: line 1 column 1 (char 0)
18:36:11 | DEBUG   |       L1 Gagal, mencoba L2 DDGS...
18:36:17 | INFO    |       => Sukses dari: https://id.scribd.com/document/437576893/Rest-Area-Jeneponto
18:36:19 | INFO    | [1158/2708] Mencari: Wisata Alam Hiru'ta Park
18:36:19 | DEBUG   | [L1 Wiki] Error: Expecting value: line 1 column 1 (char 0)
18:36:19 | DEBUG   |       L1 Gagal, mencoba L2 DDGS...
18:36:23 | INFO    |       => Sukses dari: https://idalamat.com/alamat/696495/wisata-alam-hiruta-park-sinjai-sulawesi-selatan
18:36:24 | INFO    | [1159/2708] Mencari: CAMPING GROUND SELET
18:36:24 | DEBUG   | [L1 Wiki] Error: Expecting value: line 1 column 1 (char 0)
18:36:24 | DEBUG   |       L1 Gagal, mencoba L2 DDGS...
18:36:31 | DEBUG   | [L2 DDGS] Error: ConnectError: ConnectError('error sending request for url (https://html.duckduckgo.com/html/)', 'https://html.duckduckgo.com/html/')
18:36:31 | INFO    |       => Gagal mencari deskripsi.
18:36:32 | INFO    | [1160/2708] Mencari: Alun Alun Molibagu
18:36:32 | DEBUG   | [L1 Wiki] Error: Expecting value: line 1 column 1 (char 0)
18:36:32 | DEBUG   |       L1 Gagal, mencoba L2 DDGS...
18:36:40 | INFO    |       => Sukses dari: https://sisparnas.kemenpar.go.id/p/129481
18:36:41 | INFO    | [1161/2708] Mencari: Menara Mercusuar Pulau Miangas Indonesia
18:36:41 | DEBUG   | [L1 Wiki] Error: Expecting value: line 1 column 1 (char 0)
18:36:41 | DEBUG   |       L1 Gagal, mencoba L2 DDGS...
18:36:48 | DEBUG   | [L2 DDGS] Error: RequestError: RequestError('error sending request for url (https://search.yahoo.com/search;_ylt=XuRsZ3hxe4WP8OqWrr1OP3q7;_ylu=O2FWtBo-by8-SKLgZPD8NruCPYe2yZpdiyTKRw9A4dD-M4A?p=Menara+Mercusuar+Pulau+Miangas+Indonesia+Kabupaten+Kepulauan+Talaud+wisata)', 'https://search.yahoo.com/search;_ylt=XuRsZ3hxe4WP8OqWrr1OP3q7;_ylu=O2FWtBo-by8-SKLgZPD8NruCPYe2yZpdiyTKRw9A4dD-M4A?p=Menara+Mercusuar+Pulau+Miangas+Indonesia+Kabupaten+Kepulauan+Talaud+wisata')
18:36:48 | INFO    |       => Gagal mencari deskripsi.
18:36:49 | INFO    | [1162/2708] Mencari: Istana Kedatuan Luwu Palopo
18:36:49 | DEBUG   | [L1 Wiki] Error: Expecting value: line 1 column 1 (char 0)
18:36:49 | DEBUG   |       L1 Gagal, mencoba L2 DDGS...
18:36:59 | DEBUG   | [L2 DDGS] Error: RequestError: RequestError('error sending request for url (https://search.yahoo.com/search;_ylt=-Q1a_uQ2OuKxz37cNGdY8dVi;_ylu=q27tR76ZawpkiJ49tHSBzXXVGHj4_6jTKU7b51Rwki4H-Bk?p=Istana+Kedatuan+Luwu+Palopo+Kota+Palopo+wisata)', 'https://search.yahoo.com/search;_ylt=-Q1a_uQ2OuKxz37cNGdY8dVi;_ylu=q27tR76ZawpkiJ49tHSBzXXVGHj4_6jTKU7b51Rwki4H-Bk?p=Istana+Kedatuan+Luwu+Palopo+Kota+Palopo+wisata')
18:36:59 | INFO    |       => Gagal mencari deskripsi.
18:37:00 | INFO    | [1163/2708] Mencari: Air Terjun Bahomumpa
18:37:00 | DEBUG   | [L1 Wiki] Error: Expecting value: line 1 column 1 (char 0)
18:37:00 | DEBUG   |       L1 Gagal, mencoba L2 DDGS...
18:37:09 | DEBUG   | [L2 DDGS] Error: ConnectError: ConnectError('error sending request for url (https://html.duckduckgo.com/html/)', 'https://html.duckduckgo.com/html/')
18:37:09 | INFO    |       => Gagal mencari deskripsi.
18:37:11 | INFO    | [1164/2708] Mencari: Leon, Kabupaten Enrekang
18:37:11 | DEBUG   | [L1 Wiki] Error: Expecting value: line 1 column 1 (char 0)
18:37:11 | DEBUG   |       L1 Gagal, mencoba L2 DDGS...
18:37:16 | INFO    |       => Sukses dari: https://id.wikipedia.org/wiki/Kabupaten_Enrekang
18:37:17 | INFO    | [1165/2708] Mencari: Lapangan Mekar Modelomo
18:37:17 | DEBUG   | [L1 Wiki] Error: Expecting value: line 1 column 1 (char 0)
18:37:17 | DEBUG   |       L1 Gagal, mencoba L2 DDGS...
18:37:27 | DEBUG   | [L2 DDGS] Error: ConnectError: ConnectError('error sending request for url (https://html.duckduckgo.com/html/)', 'https://html.duckduckgo.com/html/')
18:37:27 | INFO    |       => Gagal mencari deskripsi.
18:37:29 | INFO    | [1166/2708] Mencari: Taman Lasangkuru
18:37:29 | DEBUG   | [L1 Wiki] Error: Expecting value: line 1 column 1 (char 0)
18:37:29 | DEBUG   |       L1 Gagal, mencoba L2 DDGS...
18:37:35 | DEBUG   | [L2 DDGS] Error: RequestError: RequestError('error sending request for url (https://search.yahoo.com/search;_ylt=jFYE1O-28SiXr00zSGrJElra;_ylu=dh7SO3eCi5HVkxdmQWbBR-zI78vNBXZHhxcK6oD5fOUidRM?p=Taman+Lasangkuru+Kabupaten+Wajo+wisata)', 'https://search.yahoo.com/search;_ylt=jFYE1O-28SiXr00zSGrJElra;_ylu=dh7SO3eCi5HVkxdmQWbBR-zI78vNBXZHhxcK6oD5fOUidRM?p=Taman+Lasangkuru+Kabupaten+Wajo+wisata')
18:37:35 | INFO    |       => Gagal mencari deskripsi.
18:37:36 | INFO    | [1167/2708] Mencari: Pantai Songka
18:37:36 | DEBUG   | [L1 Wiki] Error: Expecting value: line 1 column 1 (char 0)
18:37:36 | DEBUG   |       L1 Gagal, mencoba L2 DDGS...
18:37:45 | INFO    |       => Sukses dari: https://www.celebes.co/pantai-songka-palopo
18:37:46 | INFO    | [1168/2708] Mencari: SUN BAE MANADO
18:37:47 | DEBUG   | [L1 Wiki] Error: Expecting value: line 1 column 1 (char 0)
18:37:47 | DEBUG   |       L1 Gagal, mencoba L2 DDGS...
18:37:55 | INFO    |       => Sukses dari: https://travel.tribunnews.com/2025/09/24/sunbae-destinasi-hits-di-wenang-kota-manado-sulawesi-utara-romantis-penuh-vibes-anak-muda
18:37:56 | INFO    | [1169/2708] Mencari: Pantai Batu Besar Losari
18:37:57 | DEBUG   | [L1 Wiki] Error: Expecting value: line 1 column 1 (char 0)
18:37:57 | DEBUG   |       L1 Gagal, mencoba L2 DDGS...
18:38:03 | INFO    |       => Sukses dari: https://explore.makassar.go.id/apa-saja-yang-bisa-anda-temui-di-pantai-losari/
18:38:05 | INFO    | *** Auto-saving 600 baris diproses...
18:38:05 | INFO    | [1170/2708] Mencari: Kastanye Riverside
18:38:05 | DEBUG   | [L1 Wiki] Error: Expecting value: line 1 column 1 (char 0)
18:38:05 | DEBUG   |       L1 Gagal, mencoba L2 DDGS...
18:38:11 | INFO    |       => Sukses dari: https://yandex.com/maps/org/kastanye_riverside/76354413893/
18:38:13 | INFO    | [1171/2708] Mencari: Danau Panjang Tanjung Bunga
18:38:13 | DEBUG   | [L1 Wiki] Error: Expecting value: line 1 column 1 (char 0)
18:38:13 | DEBUG   |       L1 Gagal, mencoba L2 DDGS...
18:38:19 | DEBUG   | [L2 DDGS] Error: ConnectError: ConnectError('error sending request for url (https://html.duckduckgo.com/html/)', 'https://html.duckduckgo.com/html/')
18:38:19 | INFO    |       => Gagal mencari deskripsi.
18:38:20 | INFO    | [1172/2708] Mencari: Puncak Ilongkow
18:38:20 | DEBUG   | [L1 Wiki] Error: Expecting value: line 1 column 1 (char 0)
18:38:20 | DEBUG   |       L1 Gagal, mencoba L2 DDGS...
18:38:27 | DEBUG   | [L2 DDGS] Error: ConnectError: ConnectError('error sending request for url (https://html.duckduckgo.com/html/)', 'https://html.duckduckgo.com/html/')
18:38:27 | INFO    |       => Gagal mencari deskripsi.
18:38:29 | INFO    | [1173/2708] Mencari: Puncak Meluhu
18:38:29 | DEBUG   | [L1 Wiki] Error: Expecting value: line 1 column 1 (char 0)
18:38:29 | DEBUG   |       L1 Gagal, mencoba L2 DDGS...
18:38:38 | INFO    |       => Sukses dari: https://travel.detik.com/fototravel/d-5667053/5-wisata-konawe-kampung-apriyani-sang-peraih-emas-olimpiade
18:38:39 | INFO    | [1174/2708] Mencari: Pantai Abadi
18:38:39 | DEBUG   | [L1 Wiki] Error: Expecting value: line 1 column 1 (char 0)
18:38:39 | DEBUG   |       L1 Gagal, mencoba L2 DDGS...
18:38:50 | DEBUG   | [L2 DDGS] Error: ConnectError: ConnectError('error sending request for url (https://html.duckduckgo.com/html/)', 'https://html.duckduckgo.com/html/')
18:38:50 | INFO    |       => Gagal mencari deskripsi.
18:38:52 | INFO    | [1175/2708] Mencari: Air Terjun Lasolo
18:38:52 | DEBUG   | [L1 Wiki] Error: Expecting value: line 1 column 1 (char 0)
18:38:52 | DEBUG   |       L1 Gagal, mencoba L2 DDGS...
18:39:01 | DEBUG   | [L2 DDGS] Error: ConnectError: ConnectError('error sending request for url (https://html.duckduckgo.com/html/)', 'https://html.duckduckgo.com/html/')
18:39:01 | INFO    |       => Gagal mencari deskripsi.
18:39:02 | INFO    | [1176/2708] Mencari: Pantai Pasi Marannu
18:39:02 | DEBUG   | [L1 Wiki] Error: Expecting value: line 1 column 1 (char 0)
18:39:02 | DEBUG   |       L1 Gagal, mencoba L2 DDGS...
18:39:13 | DEBUG   | [L2 DDGS] Error: ConnectError: ConnectError('error sending request for url (https://html.duckduckgo.com/html/)', 'https://html.duckduckgo.com/html/')
18:39:13 | INFO    |       => Gagal mencari deskripsi.
18:39:14 | INFO    | [1177/2708] Mencari: Bukit Vandiam
18:39:14 | DEBUG   | [L1 Wiki] Error: Expecting value: line 1 column 1 (char 0)
18:39:14 | DEBUG   |       L1 Gagal, mencoba L2 DDGS...
18:39:20 | DEBUG   | [L2 DDGS] Error: ConnectError: ConnectError('error sending request for url (https://html.duckduckgo.com/html/)', 'https://html.duckduckgo.com/html/')
18:39:20 | INFO    |       => Gagal mencari deskripsi.
18:39:22 | INFO    | [1178/2708] Mencari: Pantai Boalemo
18:39:22 | DEBUG   | [L1 Wiki] Error: Expecting value: line 1 column 1 (char 0)
18:39:22 | DEBUG   |       L1 Gagal, mencoba L2 DDGS...
18:39:27 | INFO    |       => Sukses dari: https://www.radargorontalo.com/2026/04/boalemo-gorontalo-lokasi-keindahan-dan.html
18:39:29 | INFO    | [1179/2708] Mencari: Sallo Waterpark
18:39:29 | DEBUG   | [L1 Wiki] Error: Expecting value: line 1 column 1 (char 0)
18:39:29 | DEBUG   |       L1 Gagal, mencoba L2 DDGS...
18:39:35 | DEBUG   | [L2 DDGS] Error: ConnectError: ConnectError('error sending request for url (https://html.duckduckgo.com/html/)', 'https://html.duckduckgo.com/html/')
18:39:35 | INFO    |       => Gagal mencari deskripsi.
18:39:37 | INFO    | [1180/2708] Mencari: Rumah Penyu Lowita
18:39:37 | DEBUG   | [L1 Wiki] Error: Expecting value: line 1 column 1 (char 0)
18:39:37 | DEBUG   |       L1 Gagal, mencoba L2 DDGS...
18:39:43 | DEBUG   | [L2 DDGS] Error: ConnectError: ConnectError('error sending request for url (https://html.duckduckgo.com/html/)', 'https://html.duckduckgo.com/html/')
18:39:43 | INFO    |       => Gagal mencari deskripsi.
18:39:45 | INFO    | [1181/2708] Mencari: Air Terjun Kadadima, Laine
18:39:45 | DEBUG   | [L1 Wiki] Error: Expecting value: line 1 column 1 (char 0)
18:39:45 | DEBUG   |       L1 Gagal, mencoba L2 DDGS...
18:39:52 | INFO    |       => Sukses dari: https://manado.tribunnews.com/2025/06/04/air-terjun-kadadima-destinasi-wisata-surga-tersembunyi-di-sangihe-sulawesi-utara
18:39:53 | INFO    | [1182/2708] Mencari: Wisata Modoinding
18:39:53 | DEBUG   | [L1 Wiki] Error: Expecting value: line 1 column 1 (char 0)
18:39:53 | DEBUG   |       L1 Gagal, mencoba L2 DDGS...
18:39:59 | DEBUG   | [L2 DDGS] Error: ConnectError: ConnectError('error sending request for url (https://html.duckduckgo.com/html/)', 'https://html.duckduckgo.com/html/')
18:39:59 | INFO    |       => Gagal mencari deskripsi.
18:40:01 | INFO    | [1183/2708] Mencari: Kampoeng Koi
18:40:01 | DEBUG   | [L1 Wiki] Error: Expecting value: line 1 column 1 (char 0)
18:40:01 | DEBUG   |       L1 Gagal, mencoba L2 DDGS...
18:40:12 | INFO    |       => Sukses dari: https://palu.tribunnews.com/2022/03/15/intip-keindahan-kampoeng-koi-di-desa-wosu-morowali-yang-patut-jadi-destinasi-wisatamu
18:40:14 | INFO    | [1184/2708] Mencari: Pantai Oluhuta
18:40:14 | DEBUG   | [L1 Wiki] Error: Expecting value: line 1 column 1 (char 0)
18:40:14 | DEBUG   |       L1 Gagal, mencoba L2 DDGS...
18:40:24 | INFO    |       => Sukses dari: https://nusantara1.id/2024/12/pesona-pantai-karang-dan-budaya-menyatu-di-oluhuta-paradise-gorontalo/
18:40:26 | INFO    | [1185/2708] Mencari: taman pattiro tiroang
18:40:26 | DEBUG   | [L1 Wiki] Error: Expecting value: line 1 column 1 (char 0)
18:40:26 | DEBUG   |       L1 Gagal, mencoba L2 DDGS...
18:40:36 | DEBUG   | [L2 DDGS] Error: ConnectError: ConnectError('error sending request for url (https://html.duckduckgo.com/html/)', 'https://html.duckduckgo.com/html/')
18:40:36 | INFO    |       => Gagal mencari deskripsi.
18:40:37 | INFO    | [1186/2708] Mencari: Pulau Pannikiang 1
18:40:37 | DEBUG   | [L1 Wiki] Error: Expecting value: line 1 column 1 (char 0)
18:40:37 | DEBUG   |       L1 Gagal, mencoba L2 DDGS...
18:40:46 | DEBUG   | [L2 DDGS] Error: RequestError: RequestError('error sending request for url (https://search.yahoo.com/search;_ylt=_GMEBDexC5asDmZ0xeIv0hRz;_ylu=2xC_XWSE2imLN-3LmDUWyumDTWg_-TRq4EUwu9brpv66VnI?p=Pulau+Pannikiang+1+Kabupaten+Barru+wisata)', 'https://search.yahoo.com/search;_ylt=_GMEBDexC5asDmZ0xeIv0hRz;_ylu=2xC_XWSE2imLN-3LmDUWyumDTWg_-TRq4EUwu9brpv66VnI?p=Pulau+Pannikiang+1+Kabupaten+Barru+wisata')
18:40:46 | INFO    |       => Gagal mencari deskripsi.
18:40:48 | INFO    | [1187/2708] Mencari: Agrowisata Ulu Ere Bantaeng
18:40:48 | DEBUG   | [L1 Wiki] Error: Expecting value: line 1 column 1 (char 0)
18:40:48 | DEBUG   |       L1 Gagal, mencoba L2 DDGS...
18:40:54 | DEBUG   | [L2 DDGS] Error: ConnectError: ConnectError('error sending request for url (https://html.duckduckgo.com/html/)', 'https://html.duckduckgo.com/html/')
18:40:54 | INFO    |       => Gagal mencari deskripsi.
18:40:55 | INFO    | [1188/2708] Mencari: BLESSING HILL KOTA BITUNG
18:40:55 | DEBUG   | [L1 Wiki] Error: Expecting value: line 1 column 1 (char 0)
18:40:55 | DEBUG   |       L1 Gagal, mencoba L2 DDGS...
18:41:01 | DEBUG   | [L2 DDGS] Error: RequestError: RequestError('error sending request for url (https://search.yahoo.com/search;_ylt=nPT6aMbREnzSUAxrV49RjxiP;_ylu=e8v5EeCRmFFctd3hvFhE6hpElYrB_ixwupx3sP36uSdMLF4?p=BLESSING+HILL+KOTA+BITUNG+Kota+Bitung+wisata)', 'https://search.yahoo.com/search;_ylt=nPT6aMbREnzSUAxrV49RjxiP;_ylu=e8v5EeCRmFFctd3hvFhE6hpElYrB_ixwupx3sP36uSdMLF4?p=BLESSING+HILL+KOTA+BITUNG+Kota+Bitung+wisata')
18:41:01 | INFO    |       => Gagal mencari deskripsi.
18:41:03 | INFO    | [1189/2708] Mencari: Pantai Waleinsorit
18:41:03 | DEBUG   | [L1 Wiki] Error: Expecting value: line 1 column 1 (char 0)
18:41:03 | DEBUG   |       L1 Gagal, mencoba L2 DDGS...
18:41:16 | INFO    |       => Sukses dari: https://sandee.com/indonesia/north-sulawesi/temboan/pantai-waleinsorit
18:41:18 | INFO    | *** Auto-saving 620 baris diproses...
18:41:18 | INFO    | [1190/2708] Mencari: DANAU LAPONU-PONU
18:41:18 | DEBUG   | [L1 Wiki] Error: Expecting value: line 1 column 1 (char 0)
18:41:18 | DEBUG   |       L1 Gagal, mencoba L2 DDGS...
18:41:24 | INFO    |       => Sukses dari: https://kilassultra.com/destinasi-wisata-bombana-danau-laponu-ponu-pulau-ditengah-danau/
18:41:26 | INFO    | [1191/2708] Mencari: Desa Wisata Kahianga (Dewi Kahyangan)
18:41:26 | DEBUG   | [L1 Wiki] Error: Expecting value: line 1 column 1 (char 0)
18:41:26 | DEBUG   |       L1 Gagal, mencoba L2 DDGS...
18:41:35 | INFO    |       => Sukses dari: https://evendo.com/locations/indonesia/pulau-wakatobi/attraction/desa-wisata-kahianga-dewi-kahyangan
18:41:36 | INFO    | [1192/2708] Mencari: Buttu Sigitung
18:41:36 | DEBUG   | [L1 Wiki] Error: Expecting value: line 1 column 1 (char 0)
18:41:36 | DEBUG   |       L1 Gagal, mencoba L2 DDGS...
18:41:47 | INFO    |       => Sukses dari: https://www.unsulbarnews.com/rekomendasi-gunung-untuk-camping-area-majene-berikut-daftarnya
18:41:48 | INFO    | [1193/2708] Mencari: Hutan Mangrove Monro-Monro
18:41:48 | DEBUG   | [L1 Wiki] Error: Expecting value: line 1 column 1 (char 0)
18:41:48 | DEBUG   |       L1 Gagal, mencoba L2 DDGS...
18:41:55 | DEBUG   | [L2 DDGS] Error: ConnectError: ConnectError('error sending request for url (https://html.duckduckgo.com/html/)', 'https://html.duckduckgo.com/html/')
18:41:55 | INFO    |       => Gagal mencari deskripsi.
18:41:56 | INFO    | [1194/2708] Mencari: Djoeang coffee kolaka
18:41:56 | DEBUG   | [L1 Wiki] Error: Expecting value: line 1 column 1 (char 0)
18:41:56 | DEBUG   |       L1 Gagal, mencoba L2 DDGS...
18:42:03 | INFO    |       => Sukses dari: https://www.celebes.co/tempat-wisata-kolaka
18:42:04 | INFO    | [1195/2708] Mencari: Air terjun Laliako
18:42:04 | DEBUG   | [L1 Wiki] Error: Expecting value: line 1 column 1 (char 0)
18:42:04 | DEBUG   |       L1 Gagal, mencoba L2 DDGS...
18:42:12 | DEBUG   | [L2 DDGS] Error: ConnectError: ConnectError('error sending request for url (https://html.duckduckgo.com/html/)', 'https://html.duckduckgo.com/html/')
18:42:12 | INFO    |       => Gagal mencari deskripsi.
18:42:13 | INFO    | [1196/2708] Mencari: Pantai bahari Buton selatan
18:42:13 | DEBUG   | [L1 Wiki] Error: Expecting value: line 1 column 1 (char 0)
18:42:13 | DEBUG   |       L1 Gagal, mencoba L2 DDGS...
18:42:25 | DEBUG   | [L2 DDGS] Error: ConnectError: ConnectError('error sending request for url (https://html.duckduckgo.com/html/)', 'https://html.duckduckgo.com/html/')
18:42:25 | INFO    |       => Gagal mencari deskripsi.
18:42:26 | INFO    | [1197/2708] Mencari: Wisata Vovasanggayu
18:42:26 | DEBUG   | [L1 Wiki] Error: Expecting value: line 1 column 1 (char 0)
18:42:26 | DEBUG   |       L1 Gagal, mencoba L2 DDGS...
18:42:33 | INFO    |       => Sukses dari: https://tempatwisataseru.com/9-tempat-wisata-di-pasangkayu-terbaik-terhits-yang-wajib-dikunjungi/
18:42:34 | INFO    | [1198/2708] Mencari: Pantai siw’one
18:42:34 | DEBUG   | [L1 Wiki] Error: Expecting value: line 1 column 1 (char 0)
18:42:34 | DEBUG   |       L1 Gagal, mencoba L2 DDGS...
18:42:40 | DEBUG   | [L2 DDGS] Error: ConnectError: ConnectError('error sending request for url (https://html.duckduckgo.com/html/)', 'https://html.duckduckgo.com/html/')
18:42:40 | INFO    |       => Gagal mencari deskripsi.
18:42:41 | INFO    | [1199/2708] Mencari: Bukit Teletubies Buton
18:42:41 | DEBUG   | [L1 Wiki] Error: Expecting value: line 1 column 1 (char 0)
18:42:41 | DEBUG   |       L1 Gagal, mencoba L2 DDGS...
18:42:47 | INFO    |       => Sukses dari: https://yandex.com/maps/org/bukit_teletubies_buton/5882682791/
18:42:49 | INFO    | [1200/2708] Mencari: Pantai Sampulungan
18:42:49 | DEBUG   | [L1 Wiki] Error: Expecting value: line 1 column 1 (char 0)
18:42:49 | DEBUG   |       L1 Gagal, mencoba L2 DDGS...
18:42:57 | INFO    |       => Sukses dari: https://tamalate.digitaldesa.id/wisata/pantai-sampulungan
18:42:58 | INFO    | [1201/2708] Mencari: Puncak Passi
18:42:59 | DEBUG   | [L1 Wiki] Error: Expecting value: line 1 column 1 (char 0)
18:42:59 | DEBUG   |       L1 Gagal, mencoba L2 DDGS...
18:43:07 | DEBUG   | [L2 DDGS] Error: ConnectError: ConnectError('error sending request for url (https://html.duckduckgo.com/html/)', 'https://html.duckduckgo.com/html/')
18:43:07 | INFO    |       => Gagal mencari deskripsi.
18:43:08 | INFO    | [1202/2708] Mencari: Pulau Langala
18:43:08 | DEBUG   | [L1 Wiki] Error: Expecting value: line 1 column 1 (char 0)
18:43:08 | DEBUG   |       L1 Gagal, mencoba L2 DDGS...
18:43:15 | DEBUG   | [L2 DDGS] Error: ConnectError: ConnectError('error sending request for url (https://html.duckduckgo.com/html/)', 'https://html.duckduckgo.com/html/')
18:43:15 | INFO    |       => Gagal mencari deskripsi.
18:43:16 | INFO    | [1203/2708] Mencari: Pantai Pasir Putih
18:43:16 | DEBUG   | [L1 Wiki] Error: Expecting value: line 1 column 1 (char 0)
18:43:16 | DEBUG   |       L1 Gagal, mencoba L2 DDGS...
18:43:28 | INFO    |       => Sukses dari: https://tempatwisataseru.com/wisata-pantai-di-gorontalo-terbaik-dan-terhits/
18:43:29 | INFO    | [1204/2708] Mencari: Telaga Biru Oheo Konawe Utara
18:43:30 | DEBUG   | [L1 Wiki] Error: Expecting value: line 1 column 1 (char 0)
18:43:30 | DEBUG   |       L1 Gagal, mencoba L2 DDGS...
18:43:36 | INFO    |       => Sukses dari: https://kendariinfo.com/eksotis-telaga-biru-oheo-di-konawe-utara-yang-alamnya-cantik-dan-bikin-betah/
18:43:37 | INFO    | [1205/2708] Mencari: Gunung Bambapuang
18:43:37 | DEBUG   | [L1 Wiki] Error: Expecting value: line 1 column 1 (char 0)
18:43:37 | DEBUG   |       L1 Gagal, mencoba L2 DDGS...
18:43:48 | DEBUG   | [L2 DDGS] Error: ConnectError: ConnectError('error sending request for url (https://html.duckduckgo.com/html/)', 'https://html.duckduckgo.com/html/')
18:43:48 | INFO    |       => Gagal mencari deskripsi.
18:43:49 | INFO    | [1206/2708] Mencari: Pantai Makalisung
18:43:49 | DEBUG   | [L1 Wiki] Error: Expecting value: line 1 column 1 (char 0)
18:43:49 | DEBUG   |       L1 Gagal, mencoba L2 DDGS...
18:43:56 | DEBUG   | [L2 DDGS] Error: ConnectError: ConnectError('error sending request for url (https://html.duckduckgo.com/html/)', 'https://html.duckduckgo.com/html/')
18:43:56 | INFO    |       => Gagal mencari deskripsi.
18:43:58 | INFO    | [1207/2708] Mencari: Pantai Tongko
18:43:58 | DEBUG   | [L1 Wiki] Error: Expecting value: line 1 column 1 (char 0)
18:43:58 | DEBUG   |       L1 Gagal, mencoba L2 DDGS...
18:44:06 | INFO    |       => Gagal mencari deskripsi.
18:44:08 | INFO    | [1208/2708] Mencari: Pantai Kulolu
18:44:08 | DEBUG   | [L1 Wiki] Error: Expecting value: line 1 column 1 (char 0)
18:44:08 | DEBUG   |       L1 Gagal, mencoba L2 DDGS...
18:44:16 | DEBUG   | [L2 DDGS] Error: ConnectError: ConnectError('error sending request for url (https://html.duckduckgo.com/html/)', 'https://html.duckduckgo.com/html/')
18:44:16 | INFO    |       => Gagal mencari deskripsi.
18:44:17 | INFO    | [1209/2708] Mencari: Pantai Lalos
18:44:17 | DEBUG   | [L1 Wiki] Error: Expecting value: line 1 column 1 (char 0)
18:44:17 | DEBUG   |       L1 Gagal, mencoba L2 DDGS...
18:44:29 | DEBUG   | [L2 DDGS] Error: ('error sending request for url (https://www.mojeek.com/search?q=Pantai+Lalos+Kabupaten+Toli-Toli+wisata)', 'https://www.mojeek.com/search?q=Pantai+Lalos+Kabupaten+Toli-Toli+wisata')
18:44:29 | INFO    |       => Gagal mencari deskripsi.
18:44:30 | INFO    | *** Auto-saving 640 baris diproses...
18:44:30 | INFO    | [1210/2708] Mencari: WHITE CASTLE GORONTALO
18:44:30 | DEBUG   | [L1 Wiki] Error: Expecting value: line 1 column 1 (char 0)
18:44:30 | DEBUG   |       L1 Gagal, mencoba L2 DDGS...
18:44:40 | INFO    |       => Sukses dari: https://liburanmurah.com/jelajahi-pesona-white-castle-gorontalo-kuliner-dan-keindahan-gorontalo/
18:44:42 | INFO    | [1211/2708] Mencari: Bukit Tokka Moncongloe
18:44:42 | DEBUG   | [L1 Wiki] Error: Expecting value: line 1 column 1 (char 0)
18:44:42 | DEBUG   |       L1 Gagal, mencoba L2 DDGS...
18:44:53 | DEBUG   | [L2 DDGS] Error: ConnectError: ConnectError('error sending request for url (https://html.duckduckgo.com/html/)', 'https://html.duckduckgo.com/html/')
18:44:53 | INFO    |       => Gagal mencari deskripsi.
18:44:55 | INFO    | [1212/2708] Mencari: Taman Yuhyi (Kehidupan)
18:44:55 | DEBUG   | [L1 Wiki] Error: Expecting value: line 1 column 1 (char 0)
18:44:55 | DEBUG   |       L1 Gagal, mencoba L2 DDGS...
18:45:02 | DEBUG   | [L2 DDGS] Error: RequestError: RequestError('error sending request for url (https://search.yahoo.com/search;_ylt=19lBuDxctwQeDfS56peOiaRX;_ylu=XHBB2Qdt8xtwvG6lQuskMWS1mSPFnimYjs2jtx3DF31lrzo?p=Taman+Yuhyi+%28Kehidupan%29+Kabupaten+Bantaeng+wisata)', 'https://search.yahoo.com/search;_ylt=19lBuDxctwQeDfS56peOiaRX;_ylu=XHBB2Qdt8xtwvG6lQuskMWS1mSPFnimYjs2jtx3DF31lrzo?p=Taman+Yuhyi+%28Kehidupan%29+Kabupaten+Bantaeng+wisata')
18:45:02 | INFO    |       => Gagal mencari deskripsi.
18:45:03 | INFO    | [1213/2708] Mencari: Objek Wisata Papa Batu
18:45:03 | DEBUG   | [L1 Wiki] Error: Expecting value: line 1 column 1 (char 0)
18:45:03 | DEBUG   |       L1 Gagal, mencoba L2 DDGS...
18:45:10 | INFO    |       => Sukses dari: https://toraja.info/daya-tarik/objek-wisata/papa-batu-tumakke-tongkonan-atap-batu/
18:45:11 | INFO    | [1214/2708] Mencari: Makam Sultan Murhum
18:45:11 | DEBUG   | [L1 Wiki] Error: Expecting value: line 1 column 1 (char 0)
18:45:11 | DEBUG   |       L1 Gagal, mencoba L2 DDGS...
18:45:18 | DEBUG   | [L2 DDGS] Error: ConnectError: ConnectError('error sending request for url (https://html.duckduckgo.com/html/)', 'https://html.duckduckgo.com/html/')
18:45:18 | INFO    |       => Gagal mencari deskripsi.
18:45:20 | INFO    | [1215/2708] Mencari: Tondok Bakaru
18:45:20 | DEBUG   | [L1 Wiki] Error: Expecting value: line 1 column 1 (char 0)
18:45:20 | DEBUG   |       L1 Gagal, mencoba L2 DDGS...
18:45:27 | DEBUG   | [L2 DDGS] Error: ConnectError: ConnectError('error sending request for url (https://html.duckduckgo.com/html/)', 'https://html.duckduckgo.com/html/')
18:45:27 | INFO    |       => Gagal mencari deskripsi.
18:45:29 | INFO    | [1216/2708] Mencari: Tebing Mandu Tontonan
18:45:29 | DEBUG   | [L1 Wiki] Error: Expecting value: line 1 column 1 (char 0)
18:45:29 | DEBUG   |       L1 Gagal, mencoba L2 DDGS...
18:45:38 | DEBUG   | [L2 DDGS] Error: ConnectError: ConnectError('error sending request for url (https://html.duckduckgo.com/html/)', 'https://html.duckduckgo.com/html/')
18:45:38 | INFO    |       => Gagal mencari deskripsi.
18:45:40 | INFO    | [1217/2708] Mencari: Wisata Alam Tapubungi Pebotoa
18:45:40 | DEBUG   | [L1 Wiki] Error: Expecting value: line 1 column 1 (char 0)
18:45:40 | DEBUG   |       L1 Gagal, mencoba L2 DDGS...
18:45:46 | INFO    |       => Sukses dari: https://liburanmurah.com/tapubungi-pebotoa-pesona-alam-tersembunyi-di-morowali/
18:45:48 | INFO    | [1218/2708] Mencari: Pantai Bahari Doulan
18:45:48 | DEBUG   | [L1 Wiki] Error: Expecting value: line 1 column 1 (char 0)
18:45:48 | DEBUG   |       L1 Gagal, mencoba L2 DDGS...
18:45:56 | DEBUG   | [L2 DDGS] Error: ConnectError: ConnectError('error sending request for url (https://html.duckduckgo.com/html/)', 'https://html.duckduckgo.com/html/')
18:45:56 | INFO    |       => Gagal mencari deskripsi.
18:45:57 | INFO    | [1219/2708] Mencari: Pantai Molobog
18:45:57 | DEBUG   | [L1 Wiki] Error: Expecting value: line 1 column 1 (char 0)
18:45:57 | DEBUG   |       L1 Gagal, mencoba L2 DDGS...
18:46:04 | DEBUG   | [L2 DDGS] Error: RequestError: RequestError('error sending request for url (https://search.yahoo.com/search;_ylt=t_q8mJ_EAVwMDaGc6zan2iwq;_ylu=cXX03PboifkiWCR3Qr_YZKfn2cmUDkLCzFGS7Be0AzfQ9nA?p=Pantai+Molobog+Kabupaten+Bolaang+Mongondow+Timur+wisata)', 'https://search.yahoo.com/search;_ylt=t_q8mJ_EAVwMDaGc6zan2iwq;_ylu=cXX03PboifkiWCR3Qr_YZKfn2cmUDkLCzFGS7Be0AzfQ9nA?p=Pantai+Molobog+Kabupaten+Bolaang+Mongondow+Timur+wisata')
18:46:04 | INFO    |       => Gagal mencari deskripsi.
18:46:06 | INFO    | [1220/2708] Mencari: Air Terjun Pangasi Loto
18:46:06 | DEBUG   | [L1 Wiki] Error: Expecting value: line 1 column 1 (char 0)
18:46:06 | DEBUG   |       L1 Gagal, mencoba L2 DDGS...
18:46:11 | DEBUG   | [L2 DDGS] Error: ConnectError: ConnectError('error sending request for url (https://html.duckduckgo.com/html/)', 'https://html.duckduckgo.com/html/')
18:46:11 | INFO    |       => Gagal mencari deskripsi.
18:46:13 | INFO    | [1221/2708] Mencari: Pantai Black Orange
18:46:13 | DEBUG   | [L1 Wiki] Error: Expecting value: line 1 column 1 (char 0)
18:46:13 | DEBUG   |       L1 Gagal, mencoba L2 DDGS...
18:46:20 | INFO    |       => Sukses dari: https://elalephcruising.com/nature/black-orange-beach
18:46:21 | INFO    | [1222/2708] Mencari: Taman Ganggawa
18:46:21 | DEBUG   | [L1 Wiki] Error: Expecting value: line 1 column 1 (char 0)
18:46:21 | DEBUG   |       L1 Gagal, mencoba L2 DDGS...
18:46:32 | DEBUG   | [L2 DDGS] Error: ConnectError: ConnectError('error sending request for url (https://html.duckduckgo.com/html/)', 'https://html.duckduckgo.com/html/')
18:46:32 | INFO    |       => Gagal mencari deskripsi.
18:46:34 | INFO    | [1223/2708] Mencari: PANTAI TOMBAWATU
18:46:34 | DEBUG   | [L1 Wiki] Error: Expecting value: line 1 column 1 (char 0)
18:46:34 | DEBUG   |       L1 Gagal, mencoba L2 DDGS...
18:46:52 | DEBUG   | [L2 BS4] Gagal ekstraksi url https://www.lajur.co/mengunjungi-pantai-tombawatu-di-pinggiran-kota-kendari-cocok-untuk-olahraga-selancar/ -> HTTPSConnectionPool(host='www.lajur.co', port=443): Read timed out.
18:46:57 | INFO    |       => Gagal mencari deskripsi.
18:46:59 | INFO    | [1224/2708] Mencari: Puncak Pakoba
18:46:59 | DEBUG   | [L1 Wiki] Error: Expecting value: line 1 column 1 (char 0)
18:46:59 | DEBUG   |       L1 Gagal, mencoba L2 DDGS...
18:47:06 | DEBUG   | [L2 DDGS] Error: RequestError: RequestError('error sending request for url (https://search.yahoo.com/search;_ylt=a5BmZlxyrFndnxGkxiqZflNc;_ylu=mVyUY9WAwe9jVPUywCJL9rKRIgj0z1TJ5R3GTC0K1r_lYqk?p=Puncak+Pakoba+Kabupaten+Bolaang+Mongondow+Selatan+wisata)', 'https://search.yahoo.com/search;_ylt=a5BmZlxyrFndnxGkxiqZflNc;_ylu=mVyUY9WAwe9jVPUywCJL9rKRIgj0z1TJ5R3GTC0K1r_lYqk?p=Puncak+Pakoba+Kabupaten+Bolaang+Mongondow+Selatan+wisata')
18:47:06 | INFO    |       => Gagal mencari deskripsi.
18:47:07 | INFO    | [1225/2708] Mencari: Air Terjun Purapasuan
18:47:07 | DEBUG   | [L1 Wiki] Error: Expecting value: line 1 column 1 (char 0)
18:47:07 | DEBUG   |       L1 Gagal, mencoba L2 DDGS...
18:47:20 | INFO    |       => Sukses dari: https://teropongsulseljaya.com/2025/12/25/pemerintah-desa-posi-tinjau-air-terjun-purapasuan-salah-satu-aset-alam-milik-desa/
18:47:21 | INFO    | [1226/2708] Mencari: Wisata Alam baruttungnge
18:47:21 | DEBUG   | [L1 Wiki] Error: Expecting value: line 1 column 1 (char 0)
18:47:21 | DEBUG   |       L1 Gagal, mencoba L2 DDGS...
18:47:27 | INFO    |       => Sukses dari: https://jadesta.kemenpar.go.id/desa/air_terjun_baruttungnge
18:47:28 | INFO    | [1227/2708] Mencari: Dermaga Pulo CINTA
18:47:28 | DEBUG   | [L1 Wiki] Error: Expecting value: line 1 column 1 (char 0)
18:47:28 | DEBUG   |       L1 Gagal, mencoba L2 DDGS...
18:47:33 | INFO    |       => Sukses dari: https://gorontalo.tribunnews.com/2024/04/28/melihat-dermaga-pulo-cinta-patoameme-boalemo-gorontalo
18:47:35 | INFO    | [1228/2708] Mencari: Kolam Renang Yeh Anget
18:47:35 | DEBUG   | [L1 Wiki] Error: Expecting value: line 1 column 1 (char 0)
18:47:35 | DEBUG   |       L1 Gagal, mencoba L2 DDGS...
18:47:41 | DEBUG   | [L2 DDGS] Error: ConnectError: ConnectError('error sending request for url (https://html.duckduckgo.com/html/)', 'https://html.duckduckgo.com/html/')
18:47:41 | INFO    |       => Gagal mencari deskripsi.
18:47:42 | INFO    | [1229/2708] Mencari: Pemandian Sungai Paneki
18:47:43 | DEBUG   | [L1 Wiki] Error: Expecting value: line 1 column 1 (char 0)
18:47:43 | DEBUG   |       L1 Gagal, mencoba L2 DDGS...
18:47:49 | DEBUG   | [L2 DDGS] Error: ConnectError: ConnectError('error sending request for url (https://html.duckduckgo.com/html/)', 'https://html.duckduckgo.com/html/')
18:47:49 | INFO    |       => Gagal mencari deskripsi.
18:47:51 | INFO    | *** Auto-saving 660 baris diproses...
18:47:51 | INFO    | [1230/2708] Mencari: Air Terjun Buleleng Trans 2
18:47:51 | DEBUG   | [L1 Wiki] Error: Expecting value: line 1 column 1 (char 0)
18:47:51 | DEBUG   |       L1 Gagal, mencoba L2 DDGS...
18:47:56 | INFO    |       => Sukses dari: https://www.visitsulteng.id/destinasi/kabupaten-morowali/air-terjun-buleleng
18:47:57 | INFO    | [1231/2708] Mencari: Benteng Takimpo
18:47:57 | DEBUG   | [L1 Wiki] Error: Expecting value: line 1 column 1 (char 0)
18:47:57 | DEBUG   |       L1 Gagal, mencoba L2 DDGS...
18:48:03 | DEBUG   | [L2 DDGS] Error: RequestError: RequestError('error sending request for url (https://search.yahoo.com/search;_ylt=KEJMLo0DB90pbM_rq8DQ8SZj;_ylu=hXcb7NJnCVzBWGQbx6-mxQwbaqO_5E04xDtsuYCoW2AaaPM?p=Benteng+Takimpo+Kabupaten+Buton+wisata)', 'https://search.yahoo.com/search;_ylt=KEJMLo0DB90pbM_rq8DQ8SZj;_ylu=hXcb7NJnCVzBWGQbx6-mxQwbaqO_5E04xDtsuYCoW2AaaPM?p=Benteng+Takimpo+Kabupaten+Buton+wisata')
18:48:03 | INFO    |       => Gagal mencari deskripsi.
18:48:05 | INFO    | [1232/2708] Mencari: Obyek wisata batu payung
18:48:05 | DEBUG   | [L1 Wiki] Error: Expecting value: line 1 column 1 (char 0)
18:48:05 | DEBUG   |       L1 Gagal, mencoba L2 DDGS...
18:48:14 | DEBUG   | [L2 DDGS] Error: ('error sending request for url (https://yandex.com/search/site/?text=Obyek+wisata+batu+payung+Kabupaten+Pangkajene+Dan+Kepulauan+wisata&web=1&searchid=2126857)', 'https://yandex.com/search/site/?text=Obyek+wisata+batu+payung+Kabupaten+Pangkajene+Dan+Kepulauan+wisata&web=1&searchid=2126857')
18:48:14 | INFO    |       => Gagal mencari deskripsi.
18:48:16 | INFO    | [1233/2708] Mencari: Pantai Kelapa Lima
18:48:16 | DEBUG   | [L1 Wiki] Error: Expecting value: line 1 column 1 (char 0)
18:48:16 | DEBUG   |       L1 Gagal, mencoba L2 DDGS...
18:48:25 | INFO    |       => Sukses dari: https://wanderlog.com/place/details/10809319/pantai-kelapa-lima
18:48:26 | INFO    | [1234/2708] Mencari: Makam Raja Lakidende
18:48:26 | DEBUG   | [L1 Wiki] Error: Expecting value: line 1 column 1 (char 0)
18:48:26 | DEBUG   |       L1 Gagal, mencoba L2 DDGS...
18:48:33 | DEBUG   | [L2 DDGS] Error: ConnectError: ConnectError('error sending request for url (https://html.duckduckgo.com/html/)', 'https://html.duckduckgo.com/html/')
18:48:33 | INFO    |       => Gagal mencari deskripsi.
18:48:34 | INFO    | [1235/2708] Mencari: TUGU BUTON SELATAN
18:48:34 | DEBUG   | [L1 Wiki] Error: Expecting value: line 1 column 1 (char 0)
18:48:34 | DEBUG   |       L1 Gagal, mencoba L2 DDGS...
18:48:40 | DEBUG   | [L2 DDGS] Error: RequestError: RequestError('error sending request for url (https://search.yahoo.com/search;_ylt=AtwtJcA1n_YbcwM9QOZ1Oxk3;_ylu=CS41AAjBAzuboprUG7_Iguw9pdcvYLDckCkFgaUWA7jge0Q?p=TUGU+BUTON+SELATAN+Kabupaten+Buton+wisata)', 'https://search.yahoo.com/search;_ylt=AtwtJcA1n_YbcwM9QOZ1Oxk3;_ylu=CS41AAjBAzuboprUG7_Iguw9pdcvYLDckCkFgaUWA7jge0Q?p=TUGU+BUTON+SELATAN+Kabupaten+Buton+wisata')
18:48:40 | INFO    |       => Gagal mencari deskripsi.
18:48:42 | INFO    | [1236/2708] Mencari: Bukit Doa Pinaling
18:48:42 | DEBUG   | [L1 Wiki] Error: Expecting value: line 1 column 1 (char 0)
18:48:42 | DEBUG   |       L1 Gagal, mencoba L2 DDGS...
18:48:49 | DEBUG   | [L2 DDGS] Error: ConnectError: ConnectError('error sending request for url (https://html.duckduckgo.com/html/)', 'https://html.duckduckgo.com/html/')
18:48:49 | INFO    |       => Gagal mencari deskripsi.
18:48:50 | INFO    | [1237/2708] Mencari: Puncak La Kude
18:48:50 | DEBUG   | [L1 Wiki] Error: Expecting value: line 1 column 1 (char 0)
18:48:50 | DEBUG   |       L1 Gagal, mencoba L2 DDGS...
18:48:58 | DEBUG   | [L2 DDGS] Error: ConnectError: ConnectError('error sending request for url (https://html.duckduckgo.com/html/)', 'https://html.duckduckgo.com/html/')
18:48:58 | INFO    |       => Gagal mencari deskripsi.
18:48:59 | INFO    | [1238/2708] Mencari: Gunung Katabha Dana
18:49:00 | DEBUG   | [L1 Wiki] Error: Expecting value: line 1 column 1 (char 0)
18:49:00 | DEBUG   |       L1 Gagal, mencoba L2 DDGS...
18:49:08 | DEBUG   | [L2 DDGS] Error: ConnectError: ConnectError('error sending request for url (https://html.duckduckgo.com/html/)', 'https://html.duckduckgo.com/html/')
18:49:08 | INFO    |       => Gagal mencari deskripsi.
18:49:09 | INFO    | [1239/2708] Mencari: Batu Karst Pundo Siping
18:49:09 | DEBUG   | [L1 Wiki] Error: Expecting value: line 1 column 1 (char 0)
18:49:09 | DEBUG   |       L1 Gagal, mencoba L2 DDGS...
18:49:16 | DEBUG   | [L2 DDGS] Error: ConnectError: ConnectError('error sending request for url (https://html.duckduckgo.com/html/)', 'https://html.duckduckgo.com/html/')
18:49:16 | INFO    |       => Gagal mencari deskripsi.
18:49:18 | INFO    | [1240/2708] Mencari: Kendari water front city
18:49:18 | DEBUG   | [L1 Wiki] Error: Expecting value: line 1 column 1 (char 0)
18:49:18 | DEBUG   |       L1 Gagal, mencoba L2 DDGS...
18:49:25 | DEBUG   | [L2 DDGS] Error: ConnectError: ConnectError('error sending request for url (https://html.duckduckgo.com/html/)', 'https://html.duckduckgo.com/html/')
18:49:25 | INFO    |       => Gagal mencari deskripsi.
18:49:27 | INFO    | [1241/2708] Mencari: Danau Moko 1
18:49:27 | DEBUG   | [L1 Wiki] Error: Expecting value: line 1 column 1 (char 0)
18:49:27 | DEBUG   |       L1 Gagal, mencoba L2 DDGS...
18:49:33 | INFO    |       => Sukses dari: http://www.maitewuna.com/2025/02/danau-moko.html
18:49:34 | INFO    | [1242/2708] Mencari: sampolawa,kabupaten Buton Selatan, Sulawesi Tenggara
18:49:34 | DEBUG   | [L1 Wiki] Error: Expecting value: line 1 column 1 (char 0)
18:49:34 | DEBUG   |       L1 Gagal, mencoba L2 DDGS...
18:49:41 | DEBUG   | [L2 DDGS] Error: ConnectError: ConnectError('error sending request for url (https://html.duckduckgo.com/html/)', 'https://html.duckduckgo.com/html/')
18:49:41 | INFO    |       => Gagal mencari deskripsi.
18:49:42 | INFO    | [1243/2708] Mencari: Monumen Korban 40.000 Jiwa
18:49:42 | DEBUG   | [L1 Wiki] Error: Expecting value: line 1 column 1 (char 0)
18:49:42 | DEBUG   |       L1 Gagal, mencoba L2 DDGS...
18:49:49 | DEBUG   | [L2 DDGS] Error: ConnectError: ConnectError('error sending request for url (https://html.duckduckgo.com/html/)', 'https://html.duckduckgo.com/html/')
18:49:49 | INFO    |       => Gagal mencari deskripsi.
18:49:51 | INFO    | [1244/2708] Mencari: PANTAI TAMARUNANG
18:49:51 | DEBUG   | [L1 Wiki] Error: Expecting value: line 1 column 1 (char 0)
18:49:51 | DEBUG   |       L1 Gagal, mencoba L2 DDGS...
18:49:59 | DEBUG   | [L2 DDGS] Error: RequestError: RequestError('error sending request for url (https://search.yahoo.com/search;_ylt=XcgZyxV5IO8-Cpe7IArZgc9H;_ylu=azw3VY09skHrF06teeuC0TpQK2GFAMuAcVQ8riJEso0AF1w?p=PANTAI+TAMARUNANG+Kabupaten+Jeneponto+wisata)', 'https://search.yahoo.com/search;_ylt=XcgZyxV5IO8-Cpe7IArZgc9H;_ylu=azw3VY09skHrF06teeuC0TpQK2GFAMuAcVQ8riJEso0AF1w?p=PANTAI+TAMARUNANG+Kabupaten+Jeneponto+wisata')
18:49:59 | INFO    |       => Gagal mencari deskripsi.
18:50:00 | INFO    | [1245/2708] Mencari: Pantai Buntu Matabing
18:50:00 | DEBUG   | [L1 Wiki] Error: Expecting value: line 1 column 1 (char 0)
18:50:00 | DEBUG   |       L1 Gagal, mencoba L2 DDGS...
18:50:13 | INFO    |       => Sukses dari: https://portal.luwukab.go.id/blog/page/daftar-tempat-wisata
18:50:14 | INFO    | [1246/2708] Mencari: Kawasan wisata Alam "Manguni Sapalalum" Lelema, Minahasa Selatan
18:50:14 | DEBUG   | [L1 Wiki] Error: Expecting value: line 1 column 1 (char 0)
18:50:14 | DEBUG   |       L1 Gagal, mencoba L2 DDGS...
18:50:30 | INFO    |       => Sukses dari: https://yandex.com/maps/org/kawasan_wisata_alam_manguni_sapalalum_lelema_minahasa_selatan/210659794879/
18:50:32 | INFO    | [1247/2708] Mencari: Laa Waa River Park
18:50:32 | DEBUG   | [L1 Wiki] Error: Expecting value: line 1 column 1 (char 0)
18:50:32 | DEBUG   |       L1 Gagal, mencoba L2 DDGS...
18:50:43 | INFO    |       => Sukses dari: https://travel.tribunnews.com/2024/09/06/cara-ke-laa-waa-river-park-wisata-alam-di-nuha-luwu-timur-sulawesi-selatan-yang-lagi-hits
18:50:44 | INFO    | [1248/2708] Mencari: Pantai Batunggulung
18:50:45 | DEBUG   | [L1 Wiki] Error: Expecting value: line 1 column 1 (char 0)
18:50:45 | DEBUG   |       L1 Gagal, mencoba L2 DDGS...
18:50:55 | DEBUG   | [L2 DDGS] Error: ConnectError: ConnectError('error sending request for url (https://html.duckduckgo.com/html/)', 'https://html.duckduckgo.com/html/')
18:50:55 | INFO    |       => Gagal mencari deskripsi.
18:50:57 | INFO    | [1249/2708] Mencari: Air Terjun Tetewa
18:50:57 | DEBUG   | [L1 Wiki] Error: Expecting value: line 1 column 1 (char 0)
18:50:57 | DEBUG   |       L1 Gagal, mencoba L2 DDGS...
18:51:07 | DEBUG   | [L2 DDGS] Error: RequestError: RequestError('error sending request for url (https://search.yahoo.com/search;_ylt=PK2t5O3NuSgA4W6LnrQmP5Az;_ylu=UE6Q5wcEgpF-b33-2vIa3_k_nCyVoQkmZ-3Tskkq-2UZNRc?p=Air+Terjun+Tetewa+Kabupaten+Kolaka+Timur+wisata)', 'https://search.yahoo.com/search;_ylt=PK2t5O3NuSgA4W6LnrQmP5Az;_ylu=UE6Q5wcEgpF-b33-2vIa3_k_nCyVoQkmZ-3Tskkq-2UZNRc?p=Air+Terjun+Tetewa+Kabupaten+Kolaka+Timur+wisata')
18:51:07 | INFO    |       => Gagal mencari deskripsi.
18:51:09 | INFO    | *** Auto-saving 680 baris diproses...
18:51:09 | INFO    | [1250/2708] Mencari: Wisata Tebing Mattoanging
18:51:09 | DEBUG   | [L1 Wiki] Error: Expecting value: line 1 column 1 (char 0)
18:51:09 | DEBUG   |       L1 Gagal, mencoba L2 DDGS...
18:51:22 | DEBUG   | [L2 DDGS] Error: ('error sending request for url (https://search.yahoo.com/search;_ylt=ga0KSYv05fDueC88wAUCp1Wi;_ylu=vsnmf1fksB8ABWK7wBupYTAGZWsDJyPDdlgYTULPRp5xsvM?p=Wisata+Tebing+Mattoanging+Kabupaten+Bulukumba+wisata)', 'https://search.yahoo.com/search;_ylt=ga0KSYv05fDueC88wAUCp1Wi;_ylu=vsnmf1fksB8ABWK7wBupYTAGZWsDJyPDdlgYTULPRp5xsvM?p=Wisata+Tebing+Mattoanging+Kabupaten+Bulukumba+wisata')
18:51:22 | INFO    |       => Gagal mencari deskripsi.
18:51:24 | INFO    | [1251/2708] Mencari: Bukit Teletubbies
18:51:24 | DEBUG   | [L1 Wiki] Error: Expecting value: line 1 column 1 (char 0)
18:51:24 | DEBUG   |       L1 Gagal, mencoba L2 DDGS...
18:51:55 | INFO    |       => Sukses dari: https://www.lpsesumenep.com/5-spot-wisata-morowali-terbaru-dan-kekinian-yang-lagi-viral/
18:51:56 | INFO    | [1252/2708] Mencari: Gereja Toraja Mamasa Jemaat Bukit Batu
18:51:56 | DEBUG   | [L1 Wiki] Error: Expecting value: line 1 column 1 (char 0)
18:51:56 | DEBUG   |       L1 Gagal, mencoba L2 DDGS...
18:52:11 | INFO    |       => Sukses dari: https://idalamat.com/alamat/941863/gereja-toraja-mamasa-jemaat-bukit-batu-batu-jawa-timur
18:52:13 | INFO    | [1253/2708] Mencari: Tanjung Kartika
18:52:13 | DEBUG   | [L1 Wiki] Error: Expecting value: line 1 column 1 (char 0)
18:52:13 | DEBUG   |       L1 Gagal, mencoba L2 DDGS...
18:52:19 | INFO    |       => Sukses dari: https://linksultra.com/status-pantai-tanjung-kartika-dan-pulau-senja-diperjelas-pemerintah-tegaskan-zona-wisata-tetap-dilindungi-di-tengah-aktivitas-tambang/
18:52:20 | INFO    | [1254/2708] Mencari: PANTAI INDAH BATU-BATU GALESONG
18:52:20 | DEBUG   | [L1 Wiki] Error: Expecting value: line 1 column 1 (char 0)
18:52:20 | DEBUG   |       L1 Gagal, mencoba L2 DDGS...
18:52:28 | INFO    |       => Sukses dari: https://www.kompas.com/sulawesi-selatan/read/2025/01/15/165424788/wisata-pantai-galesong-di-sulsel-aktivitas-harga-tiket-dan-rute
18:52:29 | INFO    | [1255/2708] Mencari: Dermaga Kayu Biringkassi
18:52:29 | DEBUG   | [L1 Wiki] Error: Expecting value: line 1 column 1 (char 0)
18:52:29 | DEBUG   |       L1 Gagal, mencoba L2 DDGS...
18:52:34 | DEBUG   | [L2 DDGS] Error: RequestError: RequestError('error sending request for url (https://search.yahoo.com/search;_ylt=Fgiou5paoEQgZyuh4MtdN_NZ;_ylu=Z4JxhN6IWFbucVKMC3tPGhi31LTvmsbX_riCfhuNbf4nXyw?p=Dermaga+Kayu+Biringkassi+Kabupaten+Jeneponto+wisata)', 'https://search.yahoo.com/search;_ylt=Fgiou5paoEQgZyuh4MtdN_NZ;_ylu=Z4JxhN6IWFbucVKMC3tPGhi31LTvmsbX_riCfhuNbf4nXyw?p=Dermaga+Kayu+Biringkassi+Kabupaten+Jeneponto+wisata')
18:52:34 | INFO    |       => Gagal mencari deskripsi.
18:52:36 | INFO    | [1256/2708] Mencari: Pantai TOLUNDADU BOLAANG MONGONDOW SELATAN
18:52:36 | DEBUG   | [L1 Wiki] Error: Expecting value: line 1 column 1 (char 0)
18:52:36 | DEBUG   |       L1 Gagal, mencoba L2 DDGS...
18:52:39 | INFO    |       => Sukses dari: https://id.wikipedia.org/wiki/Kabupaten_Bolaang_Mongondow_Selatan
18:52:41 | INFO    | [1257/2708] Mencari: Sungai Batu Mallopie
18:52:41 | DEBUG   | [L1 Wiki] Error: Expecting value: line 1 column 1 (char 0)
18:52:41 | DEBUG   |       L1 Gagal, mencoba L2 DDGS...
18:52:47 | DEBUG   | [L2 DDGS] Error: ConnectError: ConnectError('error sending request for url (https://html.duckduckgo.com/html/)', 'https://html.duckduckgo.com/html/')
18:52:47 | INFO    |       => Gagal mencari deskripsi.
18:52:48 | INFO    | [1258/2708] Mencari: Air Terjun Biru Seruni
18:52:48 | DEBUG   | [L1 Wiki] Error: Expecting value: line 1 column 1 (char 0)
18:52:48 | DEBUG   |       L1 Gagal, mencoba L2 DDGS...
18:52:58 | INFO    |       => Sukses dari: https://www.geokepo.id/en/lokasi/kolaka-utara/air-terjun-seruni
18:53:00 | INFO    | [1259/2708] Mencari: Bulu Nokilelaki
18:53:00 | DEBUG   | [L1 Wiki] Error: Expecting value: line 1 column 1 (char 0)
18:53:00 | DEBUG   |       L1 Gagal, mencoba L2 DDGS...
18:53:13 | INFO    |       => Sukses dari: https://seringjalan.com/5-tempat-wisata-di-kabupaten-sigi/
18:53:14 | INFO    | [1260/2708] Mencari: BENTENG WAPALA
18:53:14 | DEBUG   | [L1 Wiki] Error: Expecting value: line 1 column 1 (char 0)
18:53:14 | DEBUG   |       L1 Gagal, mencoba L2 DDGS...
18:53:22 | DEBUG   | [L2 DDGS] Error: ConnectError: ConnectError('error sending request for url (https://html.duckduckgo.com/html/)', 'https://html.duckduckgo.com/html/')
18:53:22 | INFO    |       => Gagal mencari deskripsi.
18:53:23 | INFO    | [1261/2708] Mencari: Permandian Putri Wambona
18:53:23 | DEBUG   | [L1 Wiki] Error: Expecting value: line 1 column 1 (char 0)
18:53:23 | DEBUG   |       L1 Gagal, mencoba L2 DDGS...
18:53:31 | DEBUG   | [L2 DDGS] Error: ConnectError: ConnectError('error sending request for url (https://html.duckduckgo.com/html/)', 'https://html.duckduckgo.com/html/')
18:53:31 | INFO    |       => Gagal mencari deskripsi.
18:53:32 | INFO    | [1262/2708] Mencari: Puncak Totongkoran
18:53:32 | DEBUG   | [L1 Wiki] Error: Expecting value: line 1 column 1 (char 0)
18:53:32 | DEBUG   |       L1 Gagal, mencoba L2 DDGS...
18:53:36 | INFO    |       => Sukses dari: https://www.celebes.co/tempat-wisata-minahasa
18:53:38 | INFO    | [1263/2708] Mencari: Embung laduyu desa talata
18:53:38 | DEBUG   | [L1 Wiki] Error: Expecting value: line 1 column 1 (char 0)
18:53:38 | DEBUG   |       L1 Gagal, mencoba L2 DDGS...
18:53:44 | DEBUG   | [L2 DDGS] Error: ConnectError: ConnectError('error sending request for url (https://html.duckduckgo.com/html/)', 'https://html.duckduckgo.com/html/')
18:53:44 | INFO    |       => Gagal mencari deskripsi.
18:53:45 | INFO    | [1264/2708] Mencari: WISATA ALAM BUKIT BAHAGIA
18:53:45 | DEBUG   | [L1 Wiki] Error: Expecting value: line 1 column 1 (char 0)
18:53:45 | DEBUG   |       L1 Gagal, mencoba L2 DDGS...
18:53:51 | INFO    |       => Sukses dari: https://tempatwisataseru.com/tempat-wisata-di-maros/
18:53:53 | INFO    | [1265/2708] Mencari: Wisata Kampung Galung
18:53:53 | DEBUG   | [L1 Wiki] Error: Expecting value: line 1 column 1 (char 0)
18:53:53 | DEBUG   |       L1 Gagal, mencoba L2 DDGS...
18:54:01 | DEBUG   | [L2 DDGS] Error: ConnectError: ConnectError('error sending request for url (https://html.duckduckgo.com/html/)', 'https://html.duckduckgo.com/html/')
18:54:01 | INFO    |       => Gagal mencari deskripsi.
18:54:03 | INFO    | [1266/2708] Mencari: Puncak Gunung Nona
18:54:03 | DEBUG   | [L1 Wiki] Error: Expecting value: line 1 column 1 (char 0)
18:54:03 | DEBUG   |       L1 Gagal, mencoba L2 DDGS...
18:54:15 | DEBUG   | [L2 DDGS] Error: ('error sending request for url (https://yandex.com/search/site/?text=Puncak+Gunung+Nona+Kabupaten+Enrekang+wisata&web=1&searchid=5987243)', 'https://yandex.com/search/site/?text=Puncak+Gunung+Nona+Kabupaten+Enrekang+wisata&web=1&searchid=5987243')
18:54:15 | INFO    |       => Gagal mencari deskripsi.
18:54:17 | INFO    | [1267/2708] Mencari: Air Terjun Tiku Wuarau ulunggolaka
18:54:17 | DEBUG   | [L1 Wiki] Error: Expecting value: line 1 column 1 (char 0)
18:54:17 | DEBUG   |       L1 Gagal, mencoba L2 DDGS...
18:54:24 | DEBUG   | [L2 DDGS] Error: ConnectError: ConnectError('error sending request for url (https://html.duckduckgo.com/html/)', 'https://html.duckduckgo.com/html/')
18:54:24 | INFO    |       => Gagal mencari deskripsi.
18:54:25 | INFO    | [1268/2708] Mencari: Wisata Bukit Soe
18:54:25 | DEBUG   | [L1 Wiki] Error: Expecting value: line 1 column 1 (char 0)
18:54:25 | DEBUG   |       L1 Gagal, mencoba L2 DDGS...
18:54:37 | DEBUG   | [L2 DDGS] Error: ConnectError: ConnectError('error sending request for url (https://html.duckduckgo.com/html/)', 'https://html.duckduckgo.com/html/')
18:54:37 | INFO    |       => Gagal mencari deskripsi.
18:54:38 | INFO    | [1269/2708] Mencari: Goa Janji
18:54:38 | DEBUG   | [L1 Wiki] Error: Expecting value: line 1 column 1 (char 0)
18:54:38 | DEBUG   |       L1 Gagal, mencoba L2 DDGS...
18:54:47 | DEBUG   | [L2 DDGS] Error: ConnectError: ConnectError('error sending request for url (https://html.duckduckgo.com/html/)', 'https://html.duckduckgo.com/html/')
18:54:47 | INFO    |       => Gagal mencari deskripsi.
18:54:48 | INFO    | *** Auto-saving 700 baris diproses...
18:54:48 | INFO    | [1270/2708] Mencari: Teluk H2M - Motandoi
18:54:48 | DEBUG   | [L1 Wiki] Error: Expecting value: line 1 column 1 (char 0)
18:54:48 | DEBUG   |       L1 Gagal, mencoba L2 DDGS...
18:54:56 | DEBUG   | [L2 DDGS] Error: ConnectError: ConnectError('error sending request for url (https://html.duckduckgo.com/html/)', 'https://html.duckduckgo.com/html/')
18:54:56 | INFO    |       => Gagal mencari deskripsi.
18:54:58 | INFO    | [1271/2708] Mencari: Buttu Pattumea Betteng
18:54:58 | DEBUG   | [L1 Wiki] Error: Expecting value: line 1 column 1 (char 0)
18:54:58 | DEBUG   |       L1 Gagal, mencoba L2 DDGS...
18:55:06 | DEBUG   | [L2 DDGS] Error: RequestError: RequestError('error sending request for url (https://search.yahoo.com/search;_ylt=lM1mw0xH40BbSpfPVV1mQ88g;_ylu=4wqCBfc95e3N9QO3b1qo8q65LEFNGTtV8qrFI7vD4yG9xM0?p=Buttu+Pattumea+Betteng+Kabupaten+Majene+wisata)', 'https://search.yahoo.com/search;_ylt=lM1mw0xH40BbSpfPVV1mQ88g;_ylu=4wqCBfc95e3N9QO3b1qo8q65LEFNGTtV8qrFI7vD4yG9xM0?p=Buttu+Pattumea+Betteng+Kabupaten+Majene+wisata')
18:55:06 | INFO    |       => Gagal mencari deskripsi.
18:55:07 | INFO    | [1272/2708] Mencari: Lorong 3 Wisata Pantai Botutonuo
18:55:07 | DEBUG   | [L1 Wiki] Error: Expecting value: line 1 column 1 (char 0)
18:55:07 | DEBUG   |       L1 Gagal, mencoba L2 DDGS...
18:55:13 | DEBUG   | [L2 DDGS] Error: RequestError: RequestError('error sending request for url (https://search.yahoo.com/search;_ylt=-GMBbgAXvJ8qdd34e1lKlNSL;_ylu=5N-lRBrwZz3fbU0faUxVns82yqvEUNbw_mNoz1SYePiDDK0?p=Lorong+3+Wisata+Pantai+Botutonuo+Kabupaten+Bone+Bolango+wisata)', 'https://search.yahoo.com/search;_ylt=-GMBbgAXvJ8qdd34e1lKlNSL;_ylu=5N-lRBrwZz3fbU0faUxVns82yqvEUNbw_mNoz1SYePiDDK0?p=Lorong+3+Wisata+Pantai+Botutonuo+Kabupaten+Bone+Bolango+wisata')
18:55:13 | INFO    |       => Gagal mencari deskripsi.
18:55:14 | INFO    | [1273/2708] Mencari: Wisata Alam Biseang Labboro'
18:55:14 | DEBUG   | [L1 Wiki] Error: Expecting value: line 1 column 1 (char 0)
18:55:14 | DEBUG   |       L1 Gagal, mencoba L2 DDGS...
18:55:24 | INFO    |       => Sukses dari: https://sulselonline.com/2025/01/24/biseang-labboro-maros-surga-tersembunyi-di-sulawesi-selatan/
18:55:25 | INFO    | [1274/2708] Mencari: Taman Religius Nona-nonaE
18:55:25 | DEBUG   | [L1 Wiki] Error: Expecting value: line 1 column 1 (char 0)
18:55:25 | DEBUG   |       L1 Gagal, mencoba L2 DDGS...
18:55:36 | DEBUG   | [L2 DDGS] Error: ConnectError: ConnectError('error sending request for url (https://html.duckduckgo.com/html/)', 'https://html.duckduckgo.com/html/')
18:55:36 | INFO    |       => Gagal mencari deskripsi.
18:55:37 | INFO    | [1275/2708] Mencari: Taman Reformasi
18:55:37 | DEBUG   | [L1 Wiki] Error: Expecting value: line 1 column 1 (char 0)
18:55:37 | DEBUG   |       L1 Gagal, mencoba L2 DDGS...
18:55:45 | DEBUG   | [L2 DDGS] Error: ConnectError: ConnectError('error sending request for url (https://html.duckduckgo.com/html/)', 'https://html.duckduckgo.com/html/')
18:55:45 | INFO    |       => Gagal mencari deskripsi.
18:55:47 | INFO    | [1276/2708] Mencari: Air Terjun Sarambu Ponglu
18:55:47 | DEBUG   | [L1 Wiki] Error: Expecting value: line 1 column 1 (char 0)
18:55:47 | DEBUG   |       L1 Gagal, mencoba L2 DDGS...
18:55:51 | INFO    |       => Sukses dari: https://www.itrip.id/air-terjun-sarambu
18:55:53 | INFO    | [1277/2708] Mencari: Hutan Lambusango
18:55:53 | DEBUG   | [L1 Wiki] Error: Expecting value: line 1 column 1 (char 0)
18:55:53 | DEBUG   |       L1 Gagal, mencoba L2 DDGS...
18:56:00 | INFO    |       => Sukses dari: https://www.celebes.co/hutan-lambusango-buton
18:56:02 | INFO    | [1278/2708] Mencari: Wisata Bukit 513
18:56:02 | DEBUG   | [L1 Wiki] Error: Expecting value: line 1 column 1 (char 0)
18:56:02 | DEBUG   |       L1 Gagal, mencoba L2 DDGS...
18:56:10 | INFO    |       => Sukses dari: https://tempatwisata.net/√-bukit-513-palopo-panorama-alam-spot-foto-hits-review-info-lengkap/
18:56:11 | INFO    | [1279/2708] Mencari: BULALOVE
18:56:11 | DEBUG   | [L1 Wiki] Error: Expecting value: line 1 column 1 (char 0)
18:56:11 | DEBUG   |       L1 Gagal, mencoba L2 DDGS...
18:56:17 | DEBUG   | [L2 DDGS] Error: ConnectError: ConnectError('error sending request for url (https://html.duckduckgo.com/html/)', 'https://html.duckduckgo.com/html/')
18:56:17 | INFO    |       => Gagal mencari deskripsi.
18:56:19 | INFO    | [1280/2708] Mencari: FlyingGear paragliding manado
18:56:19 | DEBUG   | [L1 Wiki] Error: Expecting value: line 1 column 1 (char 0)
18:56:19 | DEBUG   |       L1 Gagal, mencoba L2 DDGS...
18:56:23 | INFO    |       => Gagal mencari deskripsi.
18:56:25 | INFO    | [1281/2708] Mencari: Qafwan Resort
18:56:25 | DEBUG   | [L1 Wiki] Error: Expecting value: line 1 column 1 (char 0)
18:56:25 | DEBUG   |       L1 Gagal, mencoba L2 DDGS...
18:56:33 | DEBUG   | [L2 DDGS] Error: RequestError: RequestError('error sending request for url (https://search.yahoo.com/search;_ylt=uMoxcvqU32uOGIJUw6Kfobo1;_ylu=HrYTF4NjYTvciXa2_0TtGdSspaRJ-0kDgD4ietbxeqGAcKI?p=Qafwan+Resort+Kabupaten+Pangkajene+Dan+Kepulauan+wisata)', 'https://search.yahoo.com/search;_ylt=uMoxcvqU32uOGIJUw6Kfobo1;_ylu=HrYTF4NjYTvciXa2_0TtGdSspaRJ-0kDgD4ietbxeqGAcKI?p=Qafwan+Resort+Kabupaten+Pangkajene+Dan+Kepulauan+wisata')
18:56:33 | INFO    |       => Gagal mencari deskripsi.
18:56:34 | INFO    | [1282/2708] Mencari: Ruang Bernafas
18:56:34 | DEBUG   | [L1 Wiki] Error: Expecting value: line 1 column 1 (char 0)
18:56:34 | DEBUG   |       L1 Gagal, mencoba L2 DDGS...
18:56:42 | DEBUG   | [L2 DDGS] Error: ConnectError: ConnectError('error sending request for url (https://html.duckduckgo.com/html/)', 'https://html.duckduckgo.com/html/')
18:56:42 | INFO    |       => Gagal mencari deskripsi.
18:56:43 | INFO    | [1283/2708] Mencari: Permandian Komando Water Park Jeneponto
18:56:43 | DEBUG   | [L1 Wiki] Error: Expecting value: line 1 column 1 (char 0)
18:56:43 | DEBUG   |       L1 Gagal, mencoba L2 DDGS...
18:56:51 | INFO    |       => Sukses dari: https://dnid.co.id/news/2026/01/05/tak-perlu-ke-luar-daerah-kini-permandian-komando-jeneponto-jadi-primadona-baru-wisata-air-tawar/
18:56:53 | INFO    | [1284/2708] Mencari: PANRITA HILL
18:56:53 | DEBUG   | [L1 Wiki] Error: Expecting value: line 1 column 1 (char 0)
18:56:53 | DEBUG   |       L1 Gagal, mencoba L2 DDGS...
18:56:59 | INFO    |       => Sukses dari: https://sinjai.info/mengenal-panrita-hill-bukit-cendekia-di-alehanuae-sinjai/
18:57:00 | INFO    | [1285/2708] Mencari: Tiro Soe
18:57:01 | DEBUG   | [L1 Wiki] Error: Expecting value: line 1 column 1 (char 0)
18:57:01 | DEBUG   |       L1 Gagal, mencoba L2 DDGS...
18:57:07 | DEBUG   | [L2 DDGS] Error: ConnectError: ConnectError('error sending request for url (https://html.duckduckgo.com/html/)', 'https://html.duckduckgo.com/html/')
18:57:07 | INFO    |       => Gagal mencari deskripsi.
18:57:08 | INFO    | [1286/2708] Mencari: Wisata Pantai Maleo
18:57:08 | DEBUG   | [L1 Wiki] Error: Expecting value: line 1 column 1 (char 0)
18:57:08 | DEBUG   |       L1 Gagal, mencoba L2 DDGS...
18:57:16 | DEBUG   | [L2 DDGS] Error: RequestError: RequestError('error sending request for url (https://search.yahoo.com/search;_ylt=0RRFP49iboV9aGvTM0LI_k4C;_ylu=1Za_i19eHFzCKwUrJN-Y1UPQumcQYFje4z7IlzflSh7f5-Q?p=Wisata+Pantai+Maleo+Kabupaten+Pohuwato+wisata)', 'https://search.yahoo.com/search;_ylt=0RRFP49iboV9aGvTM0LI_k4C;_ylu=1Za_i19eHFzCKwUrJN-Y1UPQumcQYFje4z7IlzflSh7f5-Q?p=Wisata+Pantai+Maleo+Kabupaten+Pohuwato+wisata')
18:57:16 | INFO    |       => Gagal mencari deskripsi.
18:57:17 | INFO    | [1287/2708] Mencari: Permandian Alam Batupapan
18:57:17 | DEBUG   | [L1 Wiki] Error: Expecting value: line 1 column 1 (char 0)
18:57:17 | DEBUG   |       L1 Gagal, mencoba L2 DDGS...
18:57:21 | INFO    |       => Sukses dari: https://jadesta.kemenpar.go.id/desa/permandian_alam_batupapan
18:57:23 | INFO    | [1288/2708] Mencari: Padang Laya
18:57:23 | DEBUG   | [L1 Wiki] Error: Expecting value: line 1 column 1 (char 0)
18:57:23 | DEBUG   |       L1 Gagal, mencoba L2 DDGS...
18:57:38 | DEBUG   | [L2 BS4] Gagal ekstraksi url https://wisato.id/wisata-alam/padang-laya-destinasi-wisata-yang-hits-di-sulawesi-tengah/ -> HTTPSConnectionPool(host='wisato.id', port=443): Read timed out. (read timeout=8)
18:57:40 | INFO    |       => Gagal mencari deskripsi.
18:57:41 | INFO    | [1289/2708] Mencari: Air Terjun Sondoang
18:57:41 | DEBUG   | [L1 Wiki] Error: Expecting value: line 1 column 1 (char 0)
18:57:41 | DEBUG   |       L1 Gagal, mencoba L2 DDGS...
18:57:47 | DEBUG   | [L2 DDGS] Error: ConnectError: ConnectError('error sending request for url (https://html.duckduckgo.com/html/)', 'https://html.duckduckgo.com/html/')
18:57:47 | INFO    |       => Gagal mencari deskripsi.
18:57:49 | INFO    | *** Auto-saving 720 baris diproses...
18:57:49 | INFO    | [1290/2708] Mencari: Bangkeng Buki
18:57:49 | DEBUG   | [L1 Wiki] Error: Expecting value: line 1 column 1 (char 0)
18:57:49 | DEBUG   |       L1 Gagal, mencoba L2 DDGS...
18:58:00 | INFO    |       => Sukses dari: https://disparpora.bulukumbakab.go.id/portofolio/bangkeng-buki/
18:58:01 | INFO    | [1291/2708] Mencari: Wisata Jembatan Pantai Posan Paconne
18:58:01 | DEBUG   | [L1 Wiki] Error: Expecting value: line 1 column 1 (char 0)
18:58:01 | DEBUG   |       L1 Gagal, mencoba L2 DDGS...
18:58:12 | DEBUG   | [L2 DDGS] Error: DecodeError: DecodeError('Body collection error: error decoding response body')
18:58:12 | INFO    |       => Gagal mencari deskripsi.
18:58:14 | INFO    | [1292/2708] Mencari: Bukit Salib Sumarayar
18:58:14 | DEBUG   | [L1 Wiki] Error: Expecting value: line 1 column 1 (char 0)
18:58:14 | DEBUG   |       L1 Gagal, mencoba L2 DDGS...
18:58:20 | DEBUG   | [L2 DDGS] Error: ConnectError: ConnectError('error sending request for url (https://html.duckduckgo.com/html/)', 'https://html.duckduckgo.com/html/')
18:58:20 | INFO    |       => Gagal mencari deskripsi.
18:58:21 | INFO    | [1293/2708] Mencari: Pantai Taman Ria
18:58:22 | DEBUG   | [L1 Wiki] Error: Expecting value: line 1 column 1 (char 0)
18:58:22 | DEBUG   |       L1 Gagal, mencoba L2 DDGS...
18:58:28 | INFO    |       => Sukses dari: https://www.tokopedia.com/blog/travel-wisata-pantai-kota-palu/
18:58:29 | INFO    | [1294/2708] Mencari: Pantai Siuone pekaloa Towuti
18:58:29 | DEBUG   | [L1 Wiki] Error: Expecting value: line 1 column 1 (char 0)
18:58:29 | DEBUG   |       L1 Gagal, mencoba L2 DDGS...
18:58:36 | DEBUG   | [L2 DDGS] Error: ConnectError: ConnectError('error sending request for url (https://html.duckduckgo.com/html/)', 'https://html.duckduckgo.com/html/')
18:58:36 | INFO    |       => Gagal mencari deskripsi.
18:58:37 | INFO    | [1295/2708] Mencari: Yuranata garden
18:58:37 | DEBUG   | [L1 Wiki] Error: Expecting value: line 1 column 1 (char 0)
18:58:37 | DEBUG   |       L1 Gagal, mencoba L2 DDGS...
18:58:44 | INFO    |       => Sukses dari: https://yandex.com/maps/org/yuranata_garden/106296915075/
18:58:45 | INFO    | [1296/2708] Mencari: Makam Megalitik Sumpang Ralla
18:58:45 | DEBUG   | [L1 Wiki] Error: Expecting value: line 1 column 1 (char 0)
18:58:45 | DEBUG   |       L1 Gagal, mencoba L2 DDGS...
18:58:56 | INFO    |       => Sukses dari: https://ettapedia.org/sejarah/sumpang-ralla-sejarah-zaman-megalitikum-dalam-kompleks-makam/06/02/2021/
18:58:57 | INFO    | [1297/2708] Mencari: Pantai Lembo
18:58:57 | DEBUG   | [L1 Wiki] Error: Expecting value: line 1 column 1 (char 0)
18:58:57 | DEBUG   |       L1 Gagal, mencoba L2 DDGS...
18:59:08 | INFO    |       => Sukses dari: https://seringjalan.com/6-tempat-wisata-di-pasarwajo-kabupaten-buton/
18:59:09 | INFO    | [1298/2708] Mencari: Pantai Rahwana (Keindahan Pantai Dekat Danau)
18:59:09 | DEBUG   | [L1 Wiki] Error: Expecting value: line 1 column 1 (char 0)
18:59:09 | DEBUG   |       L1 Gagal, mencoba L2 DDGS...
18:59:19 | DEBUG   | [L2 DDGS] Error: ConnectError: ConnectError('error sending request for url (https://html.duckduckgo.com/html/)', 'https://html.duckduckgo.com/html/')
18:59:19 | INFO    |       => Gagal mencari deskripsi.
18:59:21 | INFO    | [1299/2708] Mencari: Bukit Lakeppo
18:59:21 | DEBUG   | [L1 Wiki] Error: Expecting value: line 1 column 1 (char 0)
18:59:21 | DEBUG   |       L1 Gagal, mencoba L2 DDGS...
18:59:29 | DEBUG   | [L2 DDGS] Error: ConnectError: ConnectError('error sending request for url (https://html.duckduckgo.com/html/)', 'https://html.duckduckgo.com/html/')
18:59:29 | INFO    |       => Gagal mencari deskripsi.
18:59:30 | INFO    | [1300/2708] Mencari: Kolam Renang Landmark LUWU TIMUR
18:59:30 | DEBUG   | [L1 Wiki] Error: Expecting value: line 1 column 1 (char 0)
18:59:30 | DEBUG   |       L1 Gagal, mencoba L2 DDGS...
18:59:39 | DEBUG   | [L2 DDGS] Error: ConnectError: ConnectError('error sending request for url (https://html.duckduckgo.com/html/)', 'https://html.duckduckgo.com/html/')
18:59:39 | INFO    |       => Gagal mencari deskripsi.
18:59:40 | INFO    | [1301/2708] Mencari: Destinasi wisata sejarah LIKUIFAKSI PETOBO
18:59:40 | DEBUG   | [L1 Wiki] Error: Expecting value: line 1 column 1 (char 0)
18:59:40 | DEBUG   |       L1 Gagal, mencoba L2 DDGS...
18:59:53 | INFO    |       => Sukses dari: https://id.scribd.com/document/731360573/Perancangan-Kota-Kelompok-3A-1
18:59:55 | INFO    | [1302/2708] Mencari: Pantai Barat Sarudu
18:59:55 | DEBUG   | [L1 Wiki] Error: Expecting value: line 1 column 1 (char 0)
18:59:55 | DEBUG   |       L1 Gagal, mencoba L2 DDGS...
19:00:02 | INFO    |       => Sukses dari: https://id.wikipedia.org/wiki/Sarudu,_Sarudu,_Pasangkayu
19:00:04 | INFO    | [1303/2708] Mencari: Air Terjun Kokungan
19:00:04 | DEBUG   | [L1 Wiki] Error: Expecting value: line 1 column 1 (char 0)
19:00:04 | DEBUG   |       L1 Gagal, mencoba L2 DDGS...
19:00:11 | DEBUG   | [L2 DDGS] Error: ConnectError: ConnectError('error sending request for url (https://html.duckduckgo.com/html/)', 'https://html.duckduckgo.com/html/')
19:00:11 | INFO    |       => Gagal mencari deskripsi.
19:00:13 | INFO    | [1304/2708] Mencari: Wai Turan Pamboborang
19:00:13 | DEBUG   | [L1 Wiki] Error: Expecting value: line 1 column 1 (char 0)
19:00:13 | DEBUG   |       L1 Gagal, mencoba L2 DDGS...
19:00:23 | INFO    |       => Sukses dari: https://travel.detik.com/domestic-destination/d-5594763/ini-uai-turang-air-terjun-mini-dengan-telaga-eksotis-dari-majene
19:00:24 | INFO    | [1305/2708] Mencari: Air Terjun Takaan
19:00:24 | DEBUG   | [L1 Wiki] Error: Expecting value: line 1 column 1 (char 0)
19:00:24 | DEBUG   |       L1 Gagal, mencoba L2 DDGS...
19:00:32 | DEBUG   | [L2 DDGS] Error: ConnectError: ConnectError('error sending request for url (https://html.duckduckgo.com/html/)', 'https://html.duckduckgo.com/html/')
19:00:32 | INFO    |       => Gagal mencari deskripsi.
19:00:33 | INFO    | [1306/2708] Mencari: Pantai Rumbia
19:00:33 | DEBUG   | [L1 Wiki] Error: Expecting value: line 1 column 1 (char 0)
19:00:33 | DEBUG   |       L1 Gagal, mencoba L2 DDGS...
19:00:42 | INFO    |       => Sukses dari: https://www.celebes.co/pantai-rumbia-minahasa
19:00:43 | INFO    | [1307/2708] Mencari: Wisata garung kayu bado
19:00:43 | DEBUG   | [L1 Wiki] Error: Expecting value: line 1 column 1 (char 0)
19:00:43 | DEBUG   |       L1 Gagal, mencoba L2 DDGS...
19:00:47 | INFO    |       => Sukses dari: https://palu.tribunnews.com/2025/05/07/wisata-kuliner-garung-kayu-bado-sajikan-view-bertemakan-alam-tolitoli
19:00:49 | INFO    | [1308/2708] Mencari: Pantai Wisata DAMI Beach
19:00:49 | DEBUG   | [L1 Wiki] Error: Expecting value: line 1 column 1 (char 0)
19:00:49 | DEBUG   |       L1 Gagal, mencoba L2 DDGS...
19:00:53 | INFO    |       => Sukses dari: https://travel.tribunnews.com/2025/08/04/pantai-dami-di-bolsel-sulawesi-utara-surga-tersembunyi-yang-wajib-dikunjungi
19:00:55 | INFO    | [1309/2708] Mencari: Pantai Juanda Lestari
19:00:55 | DEBUG   | [L1 Wiki] Error: Expecting value: line 1 column 1 (char 0)
19:00:55 | DEBUG   |       L1 Gagal, mencoba L2 DDGS...
19:01:03 | INFO    |       => Sukses dari: https://lestariwisata.com/rekomendasi-6-tempat-wisata-di-kolaka-sulawesi-tenggara-destinasi-viral-dan-hits-yang-wajib-dikunjungi-saat-liburan/
19:01:04 | INFO    | *** Auto-saving 740 baris diproses...
19:01:04 | INFO    | [1310/2708] Mencari: Taman Lamario (Monumen Perahu Phinisi)
19:01:04 | DEBUG   | [L1 Wiki] Error: Expecting value: line 1 column 1 (char 0)
19:01:04 | DEBUG   |       L1 Gagal, mencoba L2 DDGS...
19:01:16 | DEBUG   | [L2 DDGS] Error: RequestError: RequestError('error sending request for url (https://search.yahoo.com/search;_ylt=_C-wsx29WhXFK6s9bW7V9gtU;_ylu=FJOvQagMokYq53eykSEwOo3otHofsDjoz1FG8km5qb4j4Yg?p=Taman+Lamario+%28Monumen+Perahu+Phinisi%29+Kota+Parepare+wisata)', 'https://search.yahoo.com/search;_ylt=_C-wsx29WhXFK6s9bW7V9gtU;_ylu=FJOvQagMokYq53eykSEwOo3otHofsDjoz1FG8km5qb4j4Yg?p=Taman+Lamario+%28Monumen+Perahu+Phinisi%29+Kota+Parepare+wisata')
19:01:16 | INFO    |       => Gagal mencari deskripsi.
19:01:17 | INFO    | [1311/2708] Mencari: Bunker Jepang
19:01:17 | DEBUG   | [L1 Wiki] Error: Expecting value: line 1 column 1 (char 0)
19:01:17 | DEBUG   |       L1 Gagal, mencoba L2 DDGS...
19:01:26 | INFO    |       => Sukses dari: https://teramedia.id/baterai-mata-atau-meriam-bukti-peninggalan-sejarah-jepang-di-kota-kendari-yang-masih-ada-hingga-kini/
19:01:28 | INFO    | [1312/2708] Mencari: Pantai Batu Baru
19:01:28 | DEBUG   | [L1 Wiki] Error: Expecting value: line 1 column 1 (char 0)
19:01:28 | DEBUG   |       L1 Gagal, mencoba L2 DDGS...
19:01:37 | INFO    |       => Sukses dari: https://elalephcruising.com/destinations/pantai-batu-baru
19:01:38 | INFO    | [1313/2708] Mencari: Wisata Jembatan Jodoh
19:01:38 | DEBUG   | [L1 Wiki] Error: Expecting value: line 1 column 1 (char 0)
19:01:38 | DEBUG   |       L1 Gagal, mencoba L2 DDGS...
19:01:46 | DEBUG   | [L2 DDGS] Error: ConnectError: ConnectError('error sending request for url (https://html.duckduckgo.com/html/)', 'https://html.duckduckgo.com/html/')
19:01:46 | INFO    |       => Gagal mencari deskripsi.
19:01:48 | INFO    | [1314/2708] Mencari: Kolam Ambepua FIshing
19:01:48 | DEBUG   | [L1 Wiki] Error: Expecting value: line 1 column 1 (char 0)
19:01:48 | DEBUG   |       L1 Gagal, mencoba L2 DDGS...
19:01:58 | INFO    |       => Sukses dari: https://pdberger.com/pemancingan-konawe-selatan
19:01:59 | INFO    | [1315/2708] Mencari: Pantai Batam Desa Mataiwoi Kec Molawe Kab Konawe Utara
19:01:59 | DEBUG   | [L1 Wiki] Error: Expecting value: line 1 column 1 (char 0)
19:01:59 | DEBUG   |       L1 Gagal, mencoba L2 DDGS...
19:02:06 | DEBUG   | [L2 DDGS] Error: ConnectError: ConnectError('error sending request for url (https://html.duckduckgo.com/html/)', 'https://html.duckduckgo.com/html/')
19:02:06 | INFO    |       => Gagal mencari deskripsi.
19:02:08 | INFO    | [1316/2708] Mencari: ASMARA GARDEN
19:02:08 | DEBUG   | [L1 Wiki] Error: Expecting value: line 1 column 1 (char 0)
19:02:08 | DEBUG   |       L1 Gagal, mencoba L2 DDGS...
19:02:14 | DEBUG   | [L2 DDGS] Error: ConnectError: ConnectError('error sending request for url (https://html.duckduckgo.com/html/)', 'https://html.duckduckgo.com/html/')
19:02:14 | INFO    |       => Gagal mencari deskripsi.
19:02:16 | INFO    | [1317/2708] Mencari: Pantai Koa-Koa
19:02:16 | DEBUG   | [L1 Wiki] Error: Expecting value: line 1 column 1 (char 0)
19:02:16 | DEBUG   |       L1 Gagal, mencoba L2 DDGS...
19:02:22 | DEBUG   | [L2 DDGS] Error: ConnectError: ConnectError('error sending request for url (https://html.duckduckgo.com/html/)', 'https://html.duckduckgo.com/html/')
19:02:22 | INFO    |       => Gagal mencari deskripsi.
19:02:24 | INFO    | [1318/2708] Mencari: Pantai Wisata Pantoloan
19:02:24 | DEBUG   | [L1 Wiki] Error: Expecting value: line 1 column 1 (char 0)
19:02:24 | DEBUG   |       L1 Gagal, mencoba L2 DDGS...
19:02:30 | DEBUG   | [L2 DDGS] Error: RequestError: RequestError('error sending request for url (https://search.yahoo.com/search;_ylt=xtqTI-67LhrtdEVFRmpdbSNP;_ylu=b4BJ_wAy99A27NOGQ8WbcyilzFeMb_zKjYRPsYqCaO5Nykg?p=Pantai+Wisata+Pantoloan+Kota+Palu+wisata)', 'https://search.yahoo.com/search;_ylt=xtqTI-67LhrtdEVFRmpdbSNP;_ylu=b4BJ_wAy99A27NOGQ8WbcyilzFeMb_zKjYRPsYqCaO5Nykg?p=Pantai+Wisata+Pantoloan+Kota+Palu+wisata')
19:02:30 | INFO    |       => Gagal mencari deskripsi.
19:02:32 | INFO    | [1319/2708] Mencari: pemancingan riboko balla
19:02:32 | DEBUG   | [L1 Wiki] Error: Expecting value: line 1 column 1 (char 0)
19:02:32 | DEBUG   |       L1 Gagal, mencoba L2 DDGS...
19:02:38 | DEBUG   | [L2 DDGS] Error: ConnectError: ConnectError('error sending request for url (https://html.duckduckgo.com/html/)', 'https://html.duckduckgo.com/html/')
19:02:38 | INFO    |       => Gagal mencari deskripsi.
19:02:39 | INFO    | [1320/2708] Mencari: Rental mobil poso kota
19:02:39 | DEBUG   | [L1 Wiki] Error: Expecting value: line 1 column 1 (char 0)
19:02:39 | DEBUG   |       L1 Gagal, mencoba L2 DDGS...
19:02:47 | DEBUG   | [L2 DDGS] Error: ConnectError: ConnectError('error sending request for url (https://html.duckduckgo.com/html/)', 'https://html.duckduckgo.com/html/')
19:02:47 | INFO    |       => Gagal mencari deskripsi.
19:02:48 | INFO    | [1321/2708] Mencari: JG Mangrove Park Desa Palaes
19:02:48 | DEBUG   | [L1 Wiki] Error: Expecting value: line 1 column 1 (char 0)
19:02:48 | DEBUG   |       L1 Gagal, mencoba L2 DDGS...
19:02:54 | DEBUG   | [L2 DDGS] Error: ConnectError: ConnectError('error sending request for url (https://html.duckduckgo.com/html/)', 'https://html.duckduckgo.com/html/')
19:02:54 | INFO    |       => Gagal mencari deskripsi.
19:02:56 | INFO    | [1322/2708] Mencari: Air Terjun Lamesou
19:02:56 | DEBUG   | [L1 Wiki] Error: Expecting value: line 1 column 1 (char 0)
19:02:56 | DEBUG   |       L1 Gagal, mencoba L2 DDGS...
19:03:02 | DEBUG   | [L2 DDGS] Error: ConnectError: ConnectError('error sending request for url (https://html.duckduckgo.com/html/)', 'https://html.duckduckgo.com/html/')
19:03:02 | INFO    |       => Gagal mencari deskripsi.
19:03:03 | INFO    | [1323/2708] Mencari: WISATA HUTAN PINUS TANGKALAKA
19:03:03 | DEBUG   | [L1 Wiki] Error: Expecting value: line 1 column 1 (char 0)
19:03:03 | DEBUG   |       L1 Gagal, mencoba L2 DDGS...
19:03:09 | INFO    |       => Sukses dari: https://idalamat.com/alamat/696479/wisata-hutan-pinus-tangkalaka-gowa-sulawesi-selatan
19:03:11 | INFO    | [1324/2708] Mencari: Air Terjun Amarilis
19:03:11 | DEBUG   | [L1 Wiki] Error: Expecting value: line 1 column 1 (char 0)
19:03:11 | DEBUG   |       L1 Gagal, mencoba L2 DDGS...
19:03:21 | DEBUG   | [L2 DDGS] Error: DecodeError: DecodeError('Body collection error: error decoding response body')
19:03:21 | INFO    |       => Gagal mencari deskripsi.
19:03:23 | INFO    | [1325/2708] Mencari: TELAGA PURI INDAH (TERINDAH)
19:03:23 | DEBUG   | [L1 Wiki] Error: Expecting value: line 1 column 1 (char 0)
19:03:23 | DEBUG   |       L1 Gagal, mencoba L2 DDGS...
19:03:30 | DEBUG   | [L2 DDGS] Error: ConnectError: ConnectError('error sending request for url (https://html.duckduckgo.com/html/)', 'https://html.duckduckgo.com/html/')
19:03:30 | INFO    |       => Gagal mencari deskripsi.
19:03:32 | INFO    | [1326/2708] Mencari: Pantai Pembuatan perahu phinisi
19:03:32 | DEBUG   | [L1 Wiki] Error: Expecting value: line 1 column 1 (char 0)
19:03:32 | DEBUG   |       L1 Gagal, mencoba L2 DDGS...
19:03:39 | DEBUG   | [L2 DDGS] Error: ConnectError: ConnectError('error sending request for url (https://html.duckduckgo.com/html/)', 'https://html.duckduckgo.com/html/')
19:03:39 | INFO    |       => Gagal mencari deskripsi.
19:03:40 | INFO    | [1327/2708] Mencari: Batulohe Beach
19:03:41 | DEBUG   | [L1 Wiki] Error: Expecting value: line 1 column 1 (char 0)
19:03:41 | DEBUG   |       L1 Gagal, mencoba L2 DDGS...
19:03:52 | INFO    |       => Sukses dari: https://turisian.com/2022/07/20/pantai-batulohe-selayar-miliki-karang-unik-mirip-relief-cantik-buat-latar-swafoto/
19:03:54 | INFO    | [1328/2708] Mencari: Air Terjun Tattungo
19:03:54 | DEBUG   | [L1 Wiki] Error: Expecting value: line 1 column 1 (char 0)
19:03:54 | DEBUG   |       L1 Gagal, mencoba L2 DDGS...
19:04:08 | INFO    |       => Gagal mencari deskripsi.
19:04:09 | INFO    | [1329/2708] Mencari: Taman wisata Bulu Tanda Sibedi
19:04:09 | DEBUG   | [L1 Wiki] Error: Expecting value: line 1 column 1 (char 0)
19:04:09 | DEBUG   |       L1 Gagal, mencoba L2 DDGS...
19:04:17 | DEBUG   | [L2 DDGS] Error: ConnectError: ConnectError('error sending request for url (https://html.duckduckgo.com/html/)', 'https://html.duckduckgo.com/html/')
19:04:17 | INFO    |       => Gagal mencari deskripsi.
19:04:18 | INFO    | *** Auto-saving 760 baris diproses...
19:04:18 | INFO    | [1330/2708] Mencari: pantai oyama
19:04:18 | DEBUG   | [L1 Wiki] Error: Expecting value: line 1 column 1 (char 0)
19:04:18 | DEBUG   |       L1 Gagal, mencoba L2 DDGS...
19:04:23 | INFO    |       => Sukses dari: https://www.pesonaindonesiatimur.com/oyama-beach-surga-tersembunyi-di-banggai-sulawesi-tengah/
19:04:25 | INFO    | [1331/2708] Mencari: JOJO GARDEN KONDA
19:04:25 | DEBUG   | [L1 Wiki] Error: Expecting value: line 1 column 1 (char 0)
19:04:25 | DEBUG   |       L1 Gagal, mencoba L2 DDGS...
19:04:32 | INFO    |       => Sukses dari: https://sultra.tribunnews.com/2024/05/24/intip-suasana-wisata-permandian-iwoi-wanggu-di-desa-konda-satu-sultra-tarif-masuk-dan-fasilitas
19:04:34 | INFO    | [1332/2708] Mencari: Puncak Padamarang
19:04:34 | DEBUG   | [L1 Wiki] Error: Expecting value: line 1 column 1 (char 0)
19:04:34 | DEBUG   |       L1 Gagal, mencoba L2 DDGS...
19:04:43 | INFO    |       => Sukses dari: https://telisik.id/news/puncak-padamarang-kolaka-pulau-tak-berpenghuni-tawarkan-keindahan-alami-yang-spektakuler
19:04:45 | INFO    | [1333/2708] Mencari: Wisata Matawoi Puubenua
19:04:45 | DEBUG   | [L1 Wiki] Error: Expecting value: line 1 column 1 (char 0)
19:04:45 | DEBUG   |       L1 Gagal, mencoba L2 DDGS...
19:04:51 | DEBUG   | [L2 DDGS] Error: ConnectError: ConnectError('error sending request for url (https://html.duckduckgo.com/html/)', 'https://html.duckduckgo.com/html/')
19:04:51 | INFO    |       => Gagal mencari deskripsi.
19:04:52 | INFO    | [1334/2708] Mencari: Pantai Bone Buton Utara
19:04:52 | DEBUG   | [L1 Wiki] Error: Expecting value: line 1 column 1 (char 0)
19:04:52 | DEBUG   |       L1 Gagal, mencoba L2 DDGS...
19:04:59 | DEBUG   | [L2 DDGS] Error: RequestError: RequestError('error sending request for url (https://search.yahoo.com/search;_ylt=yspkUGq9uK41nTDYxCzISObD;_ylu=RqhCgnDoNDYk9f9E_vPQvtW7dXdQtLn2DnR15TDcVDZY7lQ?p=Pantai+Bone+Buton+Utara+Kabupaten+Buton+Utara+wisata)', 'https://search.yahoo.com/search;_ylt=yspkUGq9uK41nTDYxCzISObD;_ylu=RqhCgnDoNDYk9f9E_vPQvtW7dXdQtLn2DnR15TDcVDZY7lQ?p=Pantai+Bone+Buton+Utara+Kabupaten+Buton+Utara+wisata')
19:04:59 | INFO    |       => Gagal mencari deskripsi.
19:05:01 | INFO    | [1335/2708] Mencari: Bonto Massailea
19:05:01 | DEBUG   | [L1 Wiki] Error: Expecting value: line 1 column 1 (char 0)
19:05:01 | DEBUG   |       L1 Gagal, mencoba L2 DDGS...
19:05:08 | DEBUG   | [L2 DDGS] Error: ConnectError: ConnectError('error sending request for url (https://html.duckduckgo.com/html/)', 'https://html.duckduckgo.com/html/')
19:05:08 | INFO    |       => Gagal mencari deskripsi.
19:05:09 | INFO    | [1336/2708] Mencari: Wisata Alam Air Panas
19:05:09 | DEBUG   | [L1 Wiki] Error: Expecting value: line 1 column 1 (char 0)
19:05:09 | DEBUG   |       L1 Gagal, mencoba L2 DDGS...
19:05:17 | DEBUG   | [L2 DDGS] Error: ConnectError: ConnectError('error sending request for url (https://html.duckduckgo.com/html/)', 'https://html.duckduckgo.com/html/')
19:05:17 | INFO    |       => Gagal mencari deskripsi.
19:05:19 | INFO    | [1337/2708] Mencari: Hutan Mangrove
19:05:19 | DEBUG   | [L1 Wiki] Error: Expecting value: line 1 column 1 (char 0)
19:05:19 | DEBUG   |       L1 Gagal, mencoba L2 DDGS...
19:05:25 | INFO    |       => Sukses dari: https://tempatwisataseru.com/tempat-wisata-di-mamuju-terbaik-hits-yang-wajib-dikunjungi/
19:05:26 | INFO    | [1338/2708] Mencari: Makam Dato Karama
19:05:26 | DEBUG   | [L1 Wiki] Error: Expecting value: line 1 column 1 (char 0)
19:05:26 | DEBUG   |       L1 Gagal, mencoba L2 DDGS...
19:05:33 | DEBUG   | [L2 DDGS] Error: ConnectError: ConnectError('error sending request for url (https://html.duckduckgo.com/html/)', 'https://html.duckduckgo.com/html/')
19:05:33 | INFO    |       => Gagal mencari deskripsi.
19:05:34 | INFO    | [1339/2708] Mencari: Pantai One Mopute
19:05:34 | DEBUG   | [L1 Wiki] Error: Expecting value: line 1 column 1 (char 0)
19:05:34 | DEBUG   |       L1 Gagal, mencoba L2 DDGS...
19:05:42 | INFO    |       => Sukses dari: https://turisian.com/2022/10/03/cantiknya-pesona-alam-pantai-one-mopute-di-buton-selatan/
19:05:44 | INFO    | [1340/2708] Mencari: PINTU GERBANG PERMANDIAN AIR PANAS LEJJA
19:05:44 | DEBUG   | [L1 Wiki] Error: Expecting value: line 1 column 1 (char 0)
19:05:44 | DEBUG   |       L1 Gagal, mencoba L2 DDGS...
19:05:51 | DEBUG   | [L2 DDGS] Error: ConnectError: ConnectError('error sending request for url (https://html.duckduckgo.com/html/)', 'https://html.duckduckgo.com/html/')
19:05:51 | INFO    |       => Gagal mencari deskripsi.
19:05:53 | INFO    | [1341/2708] Mencari: Benteng Fafontofure
19:05:53 | DEBUG   | [L1 Wiki] Error: Expecting value: line 1 column 1 (char 0)
19:05:53 | DEBUG   |       L1 Gagal, mencoba L2 DDGS...
19:06:04 | INFO    |       => Sukses dari: https://pagaralampos.disway.id/sejarah-dan-misteri/read/730771/benteng-fafontofure-saksi-bisu-penindasan-kolonial-di-morowali
19:06:06 | INFO    | [1342/2708] Mencari: Goa Lanto
19:06:06 | DEBUG   | [L1 Wiki] Error: Expecting value: line 1 column 1 (char 0)
19:06:06 | DEBUG   |       L1 Gagal, mencoba L2 DDGS...
19:06:12 | INFO    |       => Sukses dari: https://sepucukjambi.id/pesona-goa-lanto-di-baubau-surga-senja-yang-masih-sepi-wisatawan/
19:06:13 | INFO    | [1343/2708] Mencari: Pantai Babana
19:06:13 | DEBUG   | [L1 Wiki] Error: Expecting value: line 1 column 1 (char 0)
19:06:13 | DEBUG   |       L1 Gagal, mencoba L2 DDGS...
19:06:31 | INFO    |       => Gagal mencari deskripsi.
19:06:33 | INFO    | [1344/2708] Mencari: Danau "Cinta" Makalehi
19:06:33 | DEBUG   | [L1 Wiki] Error: Expecting value: line 1 column 1 (char 0)
19:06:33 | DEBUG   |       L1 Gagal, mencoba L2 DDGS...
19:06:40 | DEBUG   | [L2 DDGS] Error: ConnectError: ConnectError('error sending request for url (https://html.duckduckgo.com/html/)', 'https://html.duckduckgo.com/html/')
19:06:40 | INFO    |       => Gagal mencari deskripsi.
19:06:41 | INFO    | [1345/2708] Mencari: Bukit Cinta
19:06:42 | DEBUG   | [L1 Wiki] Error: Expecting value: line 1 column 1 (char 0)
19:06:42 | DEBUG   |       L1 Gagal, mencoba L2 DDGS...
19:06:47 | DEBUG   | [L2 DDGS] Error: RequestError: RequestError('error sending request for url (https://search.yahoo.com/search;_ylt=WybeEu1gMRzz7An9Mo47J9Wa;_ylu=lBgE17R-DfmjDHv1_HvBpgRb-xsQuAKNfq88jhAwX4HosJ8?p=Bukit+Cinta+Kabupaten+Poso+wisata)', 'https://search.yahoo.com/search;_ylt=WybeEu1gMRzz7An9Mo47J9Wa;_ylu=lBgE17R-DfmjDHv1_HvBpgRb-xsQuAKNfq88jhAwX4HosJ8?p=Bukit+Cinta+Kabupaten+Poso+wisata')
19:06:47 | INFO    |       => Gagal mencari deskripsi.
19:06:49 | INFO    | [1346/2708] Mencari: Tongkonan Buntu
19:06:49 | DEBUG   | [L1 Wiki] Error: Expecting value: line 1 column 1 (char 0)
19:06:49 | DEBUG   |       L1 Gagal, mencoba L2 DDGS...
19:06:55 | DEBUG   | [L2 DDGS] Error: ConnectError: ConnectError('error sending request for url (https://html.duckduckgo.com/html/)', 'https://html.duckduckgo.com/html/')
19:06:55 | INFO    |       => Gagal mencari deskripsi.
19:06:57 | INFO    | [1347/2708] Mencari: Pantai Polindolara Pelawa
19:06:57 | DEBUG   | [L1 Wiki] Error: Expecting value: line 1 column 1 (char 0)
19:06:57 | DEBUG   |       L1 Gagal, mencoba L2 DDGS...
19:07:12 | DEBUG   | [L2 BS4] Gagal ekstraksi url https://sisparnas.kemenpar.go.id/p/113667 -> HTTPSConnectionPool(host='sisparnas.kemenpar.go.id', port=443): Read timed out. (read timeout=8)
19:07:14 | INFO    |       => Sukses dari: https://soalpalu.com/2023/05/16/pantai-polindolara-penyejuk-hati-di-parigi-moutong/
19:07:16 | INFO    | [1348/2708] Mencari: Goa Liang Kamoi
19:07:16 | DEBUG   | [L1 Wiki] Error: Expecting value: line 1 column 1 (char 0)
19:07:16 | DEBUG   |       L1 Gagal, mencoba L2 DDGS...
19:07:22 | DEBUG   | [L2 DDGS] Error: ConnectError: ConnectError('error sending request for url (https://html.duckduckgo.com/html/)', 'https://html.duckduckgo.com/html/')
19:07:22 | INFO    |       => Gagal mencari deskripsi.
19:07:24 | INFO    | [1349/2708] Mencari: Gua Balojaha
19:07:24 | DEBUG   | [L1 Wiki] Error: Expecting value: line 1 column 1 (char 0)
19:07:24 | DEBUG   |       L1 Gagal, mencoba L2 DDGS...
19:07:33 | DEBUG   | [L2 DDGS] Error: ConnectError: ConnectError('error sending request for url (https://html.duckduckgo.com/html/)', 'https://html.duckduckgo.com/html/')
19:07:33 | INFO    |       => Gagal mencari deskripsi.
19:07:34 | INFO    | *** Auto-saving 780 baris diproses...
19:07:34 | INFO    | [1350/2708] Mencari: Desa Wisata Bontolempangan
19:07:34 | DEBUG   | [L1 Wiki] Error: Expecting value: line 1 column 1 (char 0)
19:07:34 | DEBUG   |       L1 Gagal, mencoba L2 DDGS...
19:07:43 | INFO    |       => Sukses dari: https://tempatwisataseru.com/tempat-wisata-di-maros/
19:07:44 | INFO    | [1351/2708] Mencari: Wisata Embung Paccekke
19:07:44 | DEBUG   | [L1 Wiki] Error: Expecting value: line 1 column 1 (char 0)
19:07:44 | DEBUG   |       L1 Gagal, mencoba L2 DDGS...
19:07:51 | DEBUG   | [L2 DDGS] Error: ConnectError: ConnectError('error sending request for url (https://html.duckduckgo.com/html/)', 'https://html.duckduckgo.com/html/')
19:07:51 | INFO    |       => Gagal mencari deskripsi.
19:07:52 | INFO    | [1352/2708] Mencari: Gunung Rantekombola
19:07:52 | DEBUG   | [L1 Wiki] Error: Expecting value: line 1 column 1 (char 0)
19:07:52 | DEBUG   |       L1 Gagal, mencoba L2 DDGS...
19:08:01 | DEBUG   | [L2 DDGS] Error: ConnectError: ConnectError('error sending request for url (https://html.duckduckgo.com/html/)', 'https://html.duckduckgo.com/html/')
19:08:01 | INFO    |       => Gagal mencari deskripsi.
19:08:03 | INFO    | [1353/2708] Mencari: pantai nyiur hijau babo
19:08:03 | DEBUG   | [L1 Wiki] Error: Expecting value: line 1 column 1 (char 0)
19:08:03 | DEBUG   |       L1 Gagal, mencoba L2 DDGS...
19:08:11 | INFO    |       => Sukses dari: https://sisparnas.kemenpar.go.id/p/103954
19:08:13 | INFO    | [1354/2708] Mencari: Gunung Popalia
19:08:13 | DEBUG   | [L1 Wiki] Error: Expecting value: line 1 column 1 (char 0)
19:08:13 | DEBUG   |       L1 Gagal, mencoba L2 DDGS...
19:08:20 | DEBUG   | [L2 DDGS] Error: ConnectError: ConnectError('error sending request for url (https://html.duckduckgo.com/html/)', 'https://html.duckduckgo.com/html/')
19:08:20 | INFO    |       => Gagal mencari deskripsi.
19:08:22 | INFO    | [1355/2708] Mencari: Pantai Huntete
19:08:22 | DEBUG   | [L1 Wiki] Error: Expecting value: line 1 column 1 (char 0)
19:08:22 | DEBUG   |       L1 Gagal, mencoba L2 DDGS...
19:08:29 | DEBUG   | [L2 DDGS] Error: ConnectError: ConnectError('error sending request for url (https://html.duckduckgo.com/html/)', 'https://html.duckduckgo.com/html/')
19:08:29 | INFO    |       => Gagal mencari deskripsi.
19:08:30 | INFO    | [1356/2708] Mencari: Wisata Batu Lombeng Desa Lebani
19:08:30 | DEBUG   | [L1 Wiki] Error: Expecting value: line 1 column 1 (char 0)
19:08:30 | DEBUG   |       L1 Gagal, mencoba L2 DDGS...
19:08:37 | DEBUG   | [L2 DDGS] Error: ConnectError: ConnectError('error sending request for url (https://html.duckduckgo.com/html/)', 'https://html.duckduckgo.com/html/')
19:08:37 | INFO    |       => Gagal mencari deskripsi.
19:08:38 | INFO    | [1357/2708] Mencari: Kawasan Ekonomi Khusus Likupang
19:08:38 | DEBUG   | [L1 Wiki] Error: Expecting value: line 1 column 1 (char 0)
19:08:38 | DEBUG   |       L1 Gagal, mencoba L2 DDGS...
19:08:45 | DEBUG   | [L2 DDGS] Error: ConnectError: ConnectError('error sending request for url (https://html.duckduckgo.com/html/)', 'https://html.duckduckgo.com/html/')
19:08:45 | INFO    |       => Gagal mencari deskripsi.
19:08:46 | INFO    | [1358/2708] Mencari: Pantai Indah Batutajam
19:08:46 | DEBUG   | [L1 Wiki] Error: Expecting value: line 1 column 1 (char 0)
19:08:46 | DEBUG   |       L1 Gagal, mencoba L2 DDGS...
19:08:56 | DEBUG   | [L2 BS4] Gagal ekstraksi url https://sisparnas.kemenparekraf.go.id/p/115969 -> HTTPSConnectionPool(host='sisparnas.kemenparekraf.go.id', port=443): Max retries exceeded with url: /p/115969 (Caused by NameResolutionError("HTTPSConnection(host='sisparnas.kemenparekraf.go.id', port=443): Failed to resolve 'sisparnas.kemenparekraf.go.id' ([Errno 11002] getaddrinfo failed)"))
19:08:57 | INFO    |       => Sukses dari: https://manado.tribunnews.com/bolmut/1872474/pantai-biontong-satu-dipenuhi-sampah-ini-kata-dlh-bolaang-mongondow-utara
19:08:58 | INFO    | [1359/2708] Mencari: Pantai Pasir Putih Tete B Ampana
19:08:58 | DEBUG   | [L1 Wiki] Error: Expecting value: line 1 column 1 (char 0)
19:08:58 | DEBUG   |       L1 Gagal, mencoba L2 DDGS...
19:09:04 | INFO    |       => Sukses dari: https://tourismtojounauna.com/detail_atraksi/pantai-pasir-putih-tete-b
19:09:06 | INFO    | [1360/2708] Mencari: Air Terjun Baruttunge
19:09:06 | DEBUG   | [L1 Wiki] Error: Expecting value: line 1 column 1 (char 0)
19:09:06 | DEBUG   |       L1 Gagal, mencoba L2 DDGS...
19:09:12 | DEBUG   | [L2 DDGS] Error: ConnectError: ConnectError('error sending request for url (https://html.duckduckgo.com/html/)', 'https://html.duckduckgo.com/html/')
19:09:12 | INFO    |       => Gagal mencari deskripsi.
19:09:14 | INFO    | [1361/2708] Mencari: Kolam renang kampoeng galung
19:09:14 | DEBUG   | [L1 Wiki] Error: Expecting value: line 1 column 1 (char 0)
19:09:14 | DEBUG   |       L1 Gagal, mencoba L2 DDGS...
19:09:21 | DEBUG   | [L2 DDGS] Error: ConnectError: ConnectError('error sending request for url (https://html.duckduckgo.com/html/)', 'https://html.duckduckgo.com/html/')
19:09:21 | INFO    |       => Gagal mencari deskripsi.
19:09:22 | INFO    | [1362/2708] Mencari: Pantai Mega Minanga
19:09:22 | DEBUG   | [L1 Wiki] Error: Expecting value: line 1 column 1 (char 0)
19:09:22 | DEBUG   |       L1 Gagal, mencoba L2 DDGS...
19:09:32 | DEBUG   | [L2 BS4] Gagal ekstraksi url https://sisparnas.kemenparekraf.go.id/p/49048 -> HTTPSConnectionPool(host='sisparnas.kemenparekraf.go.id', port=443): Max retries exceeded with url: /p/49048 (Caused by NameResolutionError("HTTPSConnection(host='sisparnas.kemenparekraf.go.id', port=443): Failed to resolve 'sisparnas.kemenparekraf.go.id' ([Errno 11002] getaddrinfo failed)"))
19:09:34 | INFO    |       => Sukses dari: https://manado.antaranews.com/berita/128838/dua-objek-wisata-baru-di-mitra-ini-wajib-dikunjungi
19:09:36 | INFO    | [1363/2708] Mencari: Wisata Pantai dan Kuliner Loli Tasiburi
19:09:36 | DEBUG   | [L1 Wiki] Error: Expecting value: line 1 column 1 (char 0)
19:09:36 | DEBUG   |       L1 Gagal, mencoba L2 DDGS...
19:09:45 | DEBUG   | [L2 DDGS] Error: ConnectError: ConnectError('error sending request for url (https://html.duckduckgo.com/html/)', 'https://html.duckduckgo.com/html/')
19:09:45 | INFO    |       => Gagal mencari deskripsi.
19:09:46 | INFO    | [1364/2708] Mencari: UWENTUMBU BAIYA
19:09:47 | DEBUG   | [L1 Wiki] Error: Expecting value: line 1 column 1 (char 0)
19:09:47 | DEBUG   |       L1 Gagal, mencoba L2 DDGS...
19:09:58 | DEBUG   | [L2 DDGS] Error: RequestError: RequestError('error sending request for url (https://search.yahoo.com/search;_ylt=H8hTxD1vO5zLT7SuO3gGUUuV;_ylu=AHd6MkSRf51xK3qAYXcNzh9e6rKJ91GetZl5jn7VkBmv_n8?p=UWENTUMBU+BAIYA+Kota+Palu+wisata)', 'https://search.yahoo.com/search;_ylt=H8hTxD1vO5zLT7SuO3gGUUuV;_ylu=AHd6MkSRf51xK3qAYXcNzh9e6rKJ91GetZl5jn7VkBmv_n8?p=UWENTUMBU+BAIYA+Kota+Palu+wisata')
19:09:58 | INFO    |       => Gagal mencari deskripsi.
19:09:59 | INFO    | [1365/2708] Mencari: Pulau Busak
19:10:00 | DEBUG   | [L1 Wiki] Error: Expecting value: line 1 column 1 (char 0)
19:10:00 | DEBUG   |       L1 Gagal, mencoba L2 DDGS...
19:10:07 | DEBUG   | [L2 DDGS] Error: ConnectError: ConnectError('error sending request for url (https://html.duckduckgo.com/html/)', 'https://html.duckduckgo.com/html/')
19:10:07 | INFO    |       => Gagal mencari deskripsi.
19:10:08 | INFO    | [1366/2708] Mencari: Pantai Wakarumende
19:10:08 | DEBUG   | [L1 Wiki] Error: Expecting value: line 1 column 1 (char 0)
19:10:08 | DEBUG   |       L1 Gagal, mencoba L2 DDGS...
19:10:27 | INFO    |       => Gagal mencari deskripsi.
19:10:29 | INFO    | [1367/2708] Mencari: Pantai Tanjung Toima
19:10:29 | DEBUG   | [L1 Wiki] Error: Expecting value: line 1 column 1 (char 0)
19:10:29 | DEBUG   |       L1 Gagal, mencoba L2 DDGS...
19:10:37 | INFO    |       => Sukses dari: https://merahmaron.com/wisata/pesona-tersembunyi-banggai-rekomendasi-wisata-antimainstream/
19:10:39 | INFO    | [1368/2708] Mencari: Pantai Baurung
19:10:39 | DEBUG   | [L1 Wiki] Error: Expecting value: line 1 column 1 (char 0)
19:10:39 | DEBUG   |       L1 Gagal, mencoba L2 DDGS...
19:10:48 | INFO    |       => Gagal mencari deskripsi.
19:10:50 | INFO    | [1369/2708] Mencari: Wisata Sawah Kalimbuang
19:10:50 | DEBUG   | [L1 Wiki] Error: Expecting value: line 1 column 1 (char 0)
19:10:50 | DEBUG   |       L1 Gagal, mencoba L2 DDGS...
19:10:54 | INFO    |       => Sukses dari: https://sisparnas.kemenpar.go.id/p/16204
19:10:55 | INFO    | *** Auto-saving 800 baris diproses...
19:10:55 | INFO    | [1370/2708] Mencari: Bendungan Tampabulu
19:10:55 | DEBUG   | [L1 Wiki] Error: Expecting value: line 1 column 1 (char 0)
19:10:55 | DEBUG   |       L1 Gagal, mencoba L2 DDGS...
19:11:05 | INFO    |       => Sukses dari: https://zonasultra.id/polisi-di-bombana-sulap-bendungan-tampabulu-jadi-objek-wisata/
19:11:06 | INFO    | [1371/2708] Mencari: Limbong Sitodo
19:11:06 | DEBUG   | [L1 Wiki] Error: Expecting value: line 1 column 1 (char 0)
19:11:06 | DEBUG   |       L1 Gagal, mencoba L2 DDGS...
19:11:16 | DEBUG   | [L2 DDGS] Error: ConnectError: ConnectError('error sending request for url (https://html.duckduckgo.com/html/)', 'https://html.duckduckgo.com/html/')
19:11:16 | INFO    |       => Gagal mencari deskripsi.
19:11:17 | INFO    | [1372/2708] Mencari: Pemancingan Wisata Alam
19:11:17 | DEBUG   | [L1 Wiki] Error: Expecting value: line 1 column 1 (char 0)
19:11:17 | DEBUG   |       L1 Gagal, mencoba L2 DDGS...
19:11:26 | INFO    |       => Sukses dari: https://pdberger.com/pemancingan-konawe
19:11:27 | INFO    | [1373/2708] Mencari: Air Terjun Pangorea Desa Sepakat
19:11:27 | DEBUG   | [L1 Wiki] Error: Expecting value: line 1 column 1 (char 0)
19:11:27 | DEBUG   |       L1 Gagal, mencoba L2 DDGS...
19:11:32 | INFO    |       => Sukses dari: https://id.wikipedia.org/wiki/Kabupaten_Luwu_Utara
19:11:33 | INFO    | [1374/2708] Mencari: Puncak Gunung Awu
19:11:33 | DEBUG   | [L1 Wiki] Error: Expecting value: line 1 column 1 (char 0)
19:11:33 | DEBUG   |       L1 Gagal, mencoba L2 DDGS...
19:11:38 | INFO    |       => Sukses dari: https://travel.kompas.com/read/2013/08/10/1514028/Indahnya.Teluk.Tahuna.dari.Puncak.Langaneng
19:11:40 | INFO    | [1375/2708] Mencari: Kawah Belerang Gunung Ambang
19:11:40 | DEBUG   | [L1 Wiki] Error: Expecting value: line 1 column 1 (char 0)
19:11:40 | DEBUG   |       L1 Gagal, mencoba L2 DDGS...
19:11:50 | INFO    |       => Sukses dari: https://suarabogani.com/2025/01/gunung-ambang-surga-petualang-di-bolaang-mongondow-timur/
19:11:52 | INFO    | [1376/2708] Mencari: Goa Berlian
19:11:52 | DEBUG   | [L1 Wiki] Error: Expecting value: line 1 column 1 (char 0)
19:11:52 | DEBUG   |       L1 Gagal, mencoba L2 DDGS...
19:12:01 | INFO    |       => Sukses dari: https://liburanmurah.com/goa-berlian-pesona-tersembunyi-di-sulawesi-tengah/
19:12:03 | INFO    | [1377/2708] Mencari: Lorong warna warni makassar
19:12:03 | DEBUG   | [L1 Wiki] Error: Expecting value: line 1 column 1 (char 0)
19:12:03 | DEBUG   |       L1 Gagal, mencoba L2 DDGS...
19:12:10 | INFO    |       => Sukses dari: https://travel.detik.com/travel-news/d-3763054/makassar-punya-lorong-warna-warni
19:12:11 | INFO    | [1378/2708] Mencari: Wisata Balla-Ballayya Desa Bira
19:12:11 | DEBUG   | [L1 Wiki] Error: Expecting value: line 1 column 1 (char 0)
19:12:11 | DEBUG   |       L1 Gagal, mencoba L2 DDGS...
19:12:19 | INFO    |       => Sukses dari: https://disparpora.bulukumbakab.go.id/portofolio/pantai-balabalayya/
19:12:20 | INFO    | [1379/2708] Mencari: Toulangkow Hills (TOMOHON SKYLINE)
19:12:20 | DEBUG   | [L1 Wiki] Error: Expecting value: line 1 column 1 (char 0)
19:12:20 | DEBUG   |       L1 Gagal, mencoba L2 DDGS...
19:12:24 | INFO    |       => Sukses dari: https://tomohon.go.id/objek-wisata/
19:12:26 | INFO    | [1380/2708] Mencari: Pantai Kelapa Lima Desa Paputungan
19:12:26 | DEBUG   | [L1 Wiki] Error: Expecting value: line 1 column 1 (char 0)
19:12:26 | DEBUG   |       L1 Gagal, mencoba L2 DDGS...
19:12:32 | DEBUG   | [L2 BS4] Gagal ekstraksi url https://jadesta.kemenparekraf.go.id/desa/paputungan -> HTTPSConnectionPool(host='jadesta.kemenparekraf.go.id', port=443): Max retries exceeded with url: /desa/paputungan (Caused by NameResolutionError("HTTPSConnection(host='jadesta.kemenparekraf.go.id', port=443): Failed to resolve 'jadesta.kemenparekraf.go.id' ([Errno 11002] getaddrinfo failed)"))
19:12:34 | INFO    |       => Sukses dari: https://www.neliti.com/publications/130692/perencanaan-bangunan-pengaman-pantai-pada-daerah-pantai-bulo-desa-rerer-kecamata
19:12:35 | INFO    | [1381/2708] Mencari: Puncak Tonsile, Sulawesi Utara
19:12:35 | DEBUG   | [L1 Wiki] Error: Expecting value: line 1 column 1 (char 0)
19:12:35 | DEBUG   |       L1 Gagal, mencoba L2 DDGS...
19:12:44 | INFO    |       => Sukses dari: https://yandex.com/maps/org/puncak_tonsile_sulawesi_utara/69506432520/
19:12:45 | INFO    | [1382/2708] Mencari: Pantai Pinolosian Selatan
19:12:45 | DEBUG   | [L1 Wiki] Error: Expecting value: line 1 column 1 (char 0)
19:12:45 | DEBUG   |       L1 Gagal, mencoba L2 DDGS...
19:12:51 | INFO    |       => Sukses dari: https://sandee.com/indonesia/north-sulawesi/south-pinolosian/pantai-pinolosian-selatan
19:12:52 | INFO    | [1383/2708] Mencari: Pantai Mandel
19:12:52 | DEBUG   | [L1 Wiki] Error: Expecting value: line 1 column 1 (char 0)
19:12:52 | DEBUG   |       L1 Gagal, mencoba L2 DDGS...
19:12:58 | DEBUG   | [L2 BS4] Gagal ekstraksi url https://pariwisata.banggaikep.go.id/keindahan-pantai-mandel-pantai-bone-oluno/ -> HTTPSConnectionPool(host='pariwisata.banggaikep.go.id', port=443): Max retries exceeded with url: /keindahan-pantai-mandel-pantai-bone-oluno/ (Caused by SSLError(SSLCertVerificationError(1, "[SSL: CERTIFICATE_VERIFY_FAILED] certificate verify failed: Hostname mismatch, certificate is not valid for 'pariwisata.banggaikep.go.id'. (_ssl.c:1081)")))
19:12:59 | INFO    |       => Sukses dari: https://www.idntimes.com/travel/destination/destinasi-wisata-indah-di-banggai-kepulauan-00-mk1yf-64tstr
19:13:00 | INFO    | [1384/2708] Mencari: Wisata Anteleng
19:13:00 | DEBUG   | [L1 Wiki] Error: Expecting value: line 1 column 1 (char 0)
19:13:00 | DEBUG   |       L1 Gagal, mencoba L2 DDGS...
19:13:08 | INFO    |       => Sukses dari: https://tempatwisataseru.com/tempat-wisata-di-banggai/
19:13:10 | INFO    | [1385/2708] Mencari: Bukit Bulotalangi
19:13:10 | DEBUG   | [L1 Wiki] Error: Expecting value: line 1 column 1 (char 0)
19:13:10 | DEBUG   |       L1 Gagal, mencoba L2 DDGS...
19:13:31 | DEBUG   | [L2 BS4] Gagal ekstraksi url https://www.detik.com/sulsel/wisata/d-6872903/wisata-bumi-cerah-bone-bolango-keindahan-panorama-alam-dari-atas-bukit -> HTTPSConnectionPool(host='www.detik.com', port=443): Read timed out.
19:13:36 | INFO    |       => Sukses dari: https://jurnal.unsil.ac.id/index.php/geosee/article/view/6625
19:13:38 | INFO    | [1386/2708] Mencari: Wisata Tanjung Lawaka Ampana
19:13:38 | DEBUG   | [L1 Wiki] Error: Expecting value: line 1 column 1 (char 0)
19:13:38 | DEBUG   |       L1 Gagal, mencoba L2 DDGS...
19:13:42 | INFO    |       => Sukses dari: https://tourismtojounauna.com/semua_wisata/?d=KEC7KDUNHDPLN791
19:13:43 | INFO    | [1387/2708] Mencari: Danau Gumanano
19:13:43 | DEBUG   | [L1 Wiki] Error: Expecting value: line 1 column 1 (char 0)
19:13:43 | DEBUG   |       L1 Gagal, mencoba L2 DDGS...
19:13:50 | INFO    |       => Sukses dari: https://www.pacikarang.pta-bandung.net/danau-gumanano-buton-tengah-surga-alam-yang-jarang-diketahui/
19:13:51 | INFO    | [1388/2708] Mencari: Pantai Dato
19:13:51 | DEBUG   | [L1 Wiki] Error: Expecting value: line 1 column 1 (char 0)
19:13:51 | DEBUG   |       L1 Gagal, mencoba L2 DDGS...
19:13:55 | INFO    |       => Sukses dari: https://id.wikipedia.org/wiki/Pantai_Dato_Majene
19:13:56 | INFO    | [1389/2708] Mencari: Bulu Gawalise
19:13:56 | DEBUG   | [L1 Wiki] Error: Expecting value: line 1 column 1 (char 0)
19:13:56 | DEBUG   |       L1 Gagal, mencoba L2 DDGS...
19:14:03 | INFO    |       => Sukses dari: https://traveldiva.id/destinasi/wisata-yang-wajib-didatangi-jika-ke-kota-palu/
19:14:05 | INFO    | *** Auto-saving 820 baris diproses...
19:14:05 | INFO    | [1390/2708] Mencari: Bukit Teletubies Bajo Indah
19:14:05 | DEBUG   | [L1 Wiki] Error: Expecting value: line 1 column 1 (char 0)
19:14:05 | DEBUG   |       L1 Gagal, mencoba L2 DDGS...
19:14:13 | INFO    |       => Sukses dari: https://zonasultra.id/puncak-bajo-indah-wisata-alam-di-pesisir-konawe/
19:14:15 | INFO    | [1391/2708] Mencari: Wisata Bukit teletubbies
19:14:15 | DEBUG   | [L1 Wiki] Error: Expecting value: line 1 column 1 (char 0)
19:14:15 | DEBUG   |       L1 Gagal, mencoba L2 DDGS...
19:14:19 | INFO    |       => Sukses dari: https://www.celebes.co/bukit-teletubbies-jeneponto
19:14:20 | INFO    | [1392/2708] Mencari: Pantai Garassi Desa Nepo
19:14:20 | DEBUG   | [L1 Wiki] Error: Expecting value: line 1 column 1 (char 0)
19:14:20 | DEBUG   |       L1 Gagal, mencoba L2 DDGS...
19:14:26 | INFO    |       => Sukses dari: https://www.geokepo.id/id/lokasi/polewali-mandar/pantai-palippis
19:14:28 | INFO    | [1393/2708] Mencari: Wisata Alam Djagaan
19:14:28 | DEBUG   | [L1 Wiki] Error: Expecting value: line 1 column 1 (char 0)
19:14:28 | DEBUG   |       L1 Gagal, mencoba L2 DDGS...
19:14:32 | INFO    |       => Sukses dari: https://indonesiajuara.asia/open-trip-banggai/
19:14:34 | INFO    | [1394/2708] Mencari: Permandian Baruttung'e
19:14:34 | DEBUG   | [L1 Wiki] Error: Expecting value: line 1 column 1 (char 0)
19:14:34 | DEBUG   |       L1 Gagal, mencoba L2 DDGS...
19:14:43 | INFO    |       => Sukses dari: https://www.cedhak.com/sulawesi/144/taman-wisata-permandian-lagole/
19:14:45 | INFO    | [1395/2708] Mencari: Padang Tobelo
19:14:45 | DEBUG   | [L1 Wiki] Error: Expecting value: line 1 column 1 (char 0)
19:14:45 | DEBUG   |       L1 Gagal, mencoba L2 DDGS...
19:14:52 | INFO    |       => Sukses dari: https://inspirasinusantara.id/5-tempat-wisata-sulsel-negeri-dongeng-saat-kemarau-basah/
19:14:53 | INFO    | [1396/2708] Mencari: Kampung Wisata Ta'bua
19:14:53 | DEBUG   | [L1 Wiki] Error: Expecting value: line 1 column 1 (char 0)
19:14:53 | DEBUG   |       L1 Gagal, mencoba L2 DDGS...
19:15:00 | INFO    |       => Sukses dari: https://id.wikipedia.org/wiki/Daftar_tempat_wisata_di_Kabupaten_Maros
19:15:02 | INFO    | [1397/2708] Mencari: Pusat Informasi Geologi, Maros - Pangkep
19:15:02 | DEBUG   | [L1 Wiki] Error: Expecting value: line 1 column 1 (char 0)
19:15:02 | DEBUG   |       L1 Gagal, mencoba L2 DDGS...
19:15:06 | INFO    |       => Sukses dari: https://id.wikipedia.org/wiki/Taman_Bumi_Global_UNESCO_Maros-Pangkep
19:15:08 | INFO    | [1398/2708] Mencari: Museum BJ Habibie
19:15:08 | DEBUG   | [L1 Wiki] Error: Expecting value: line 1 column 1 (char 0)
19:15:08 | DEBUG   |       L1 Gagal, mencoba L2 DDGS...
19:15:16 | INFO    |       => Sukses dari: https://id.wikipedia.org/wiki/Museum_BJ_Habibie
19:15:17 | INFO    | [1399/2708] Mencari: Pantai Bukit Tinggi
19:15:17 | DEBUG   | [L1 Wiki] Error: Expecting value: line 1 column 1 (char 0)
19:15:17 | DEBUG   |       L1 Gagal, mencoba L2 DDGS...
19:15:23 | INFO    |       => Sukses dari: https://travel.tribunnews.com/2024/08/26/panduan-ke-pantai-bukit-tinggi-di-kecamatan-kakas-barat-minahasa-sulut-buat-traveler-dari-manado
19:15:25 | INFO    | [1400/2708] Mencari: Bukit Tamboke
19:15:25 | DEBUG   | [L1 Wiki] Error: Expecting value: line 1 column 1 (char 0)
19:15:25 | DEBUG   |       L1 Gagal, mencoba L2 DDGS...
19:15:33 | INFO    |       => Sukses dari: https://sulselprov.go.id/kota/des_kab/10
19:15:35 | INFO    | [1401/2708] Mencari: Palopo City
19:15:35 | DEBUG   | [L1 Wiki] Error: Expecting value: line 1 column 1 (char 0)
19:15:35 | DEBUG   |       L1 Gagal, mencoba L2 DDGS...
19:15:40 | INFO    |       => Sukses dari: https://en.wikipedia.org/wiki/Palopo
19:15:41 | INFO    | [1402/2708] Mencari: Karina Beach
19:15:41 | DEBUG   | [L1 Wiki] Error: Expecting value: line 1 column 1 (char 0)
19:15:41 | DEBUG   |       L1 Gagal, mencoba L2 DDGS...
19:15:52 | DEBUG   | [L2 DDGS] Error: ConnectError: ConnectError('error sending request for url (https://html.duckduckgo.com/html/)', 'https://html.duckduckgo.com/html/')
19:15:52 | INFO    |       => Gagal mencari deskripsi.
19:15:53 | INFO    | [1403/2708] Mencari: Jaringan EKOwisata MAngrove LAntebung
19:15:53 | DEBUG   | [L1 Wiki] Error: Expecting value: line 1 column 1 (char 0)
19:15:53 | DEBUG   |       L1 Gagal, mencoba L2 DDGS...
19:16:02 | INFO    |       => Sukses dari: https://www.detik.com/sulsel/wisata/d-7571233/ekowisata-mangrove-lantebung-makassar-pesona-sunset-di-tengah-hutan-bakau
19:16:03 | INFO    | [1404/2708] Mencari: Obyek Wisata Goa Jodoh
19:16:03 | DEBUG   | [L1 Wiki] Error: Expecting value: line 1 column 1 (char 0)
19:16:03 | DEBUG   |       L1 Gagal, mencoba L2 DDGS...
19:16:11 | INFO    |       => Sukses dari: https://idalamat.com/alamat/696530/obyek-wisata-goa-jodoh-bone-sulawesi-selatan
19:16:13 | INFO    | [1405/2708] Mencari: Permandian batu lapis
19:16:13 | DEBUG   | [L1 Wiki] Error: Expecting value: line 1 column 1 (char 0)
19:16:13 | DEBUG   |       L1 Gagal, mencoba L2 DDGS...
19:16:19 | INFO    |       => Sukses dari: https://inpedia.id/wisata-batu-lapis-garuda-destinasi-wisata-alam-di-konawe/
19:16:21 | INFO    | [1406/2708] Mencari: Air Terjun Permai Taludaa
19:16:21 | DEBUG   | [L1 Wiki] Error: Expecting value: line 1 column 1 (char 0)
19:16:21 | DEBUG   |       L1 Gagal, mencoba L2 DDGS...
19:16:27 | INFO    |       => Sukses dari: https://radarlawu.jawapos.com/wisata/2205139957/air-terjun-permai-taludaa-daya-tarik-harga-tiket-jam-operasional-dan-rute
19:16:28 | INFO    | [1407/2708] Mencari: Air Terjun Baruttung
19:16:28 | DEBUG   | [L1 Wiki] Error: Expecting value: line 1 column 1 (char 0)
19:16:28 | DEBUG   |       L1 Gagal, mencoba L2 DDGS...
19:16:32 | INFO    |       => Sukses dari: https://id.wikipedia.org/wiki/Air_Terjun_Baruttung
19:16:33 | INFO    | [1408/2708] Mencari: Wisata Alam Tirotiku lolai
19:16:33 | DEBUG   | [L1 Wiki] Error: Expecting value: line 1 column 1 (char 0)
19:16:33 | DEBUG   |       L1 Gagal, mencoba L2 DDGS...
19:16:49 | DEBUG   | [L2 BS4] Gagal ekstraksi url https://disbudpar.torajautarakab.go.id/page/wisata/97/kawasan-negeri-diatas-awan -> HTTPSConnectionPool(host='disbudpar.torajautarakab.go.id', port=443): Max retries exceeded with url: /page/wisata/97/kawasan-negeri-diatas-awan (Caused by ConnectTimeoutError(<HTTPSConnection(host='disbudpar.torajautarakab.go.id', port=443) at 0x16322ac6e90>, 'Connection to disbudpar.torajautarakab.go.id timed out. (connect timeout=8)'))
19:16:50 | INFO    |       => Sukses dari: https://travel.kompas.com/read/2021/03/22/070700827/5-aktivitas-wisata-di-tongkonan-lempe-negeri-atas-awan-toraja-utara
19:16:51 | INFO    | [1409/2708] Mencari: Bukit Doa
19:16:51 | DEBUG   | [L1 Wiki] Error: Expecting value: line 1 column 1 (char 0)
19:16:51 | DEBUG   |       L1 Gagal, mencoba L2 DDGS...
19:16:58 | INFO    |       => Sukses dari: https://travel.tribunnews.com/destinasi/140668/itinerary-tomohon-1-hari-dari-minahasa-liburan-romantis-naik-motor-dengan-bujet-rp-350-ribu
19:17:00 | INFO    | *** Auto-saving 840 baris diproses...
19:17:00 | INFO    | [1410/2708] Mencari: Wisata Puncak Maradadi
19:17:00 | DEBUG   | [L1 Wiki] Error: Expecting value: line 1 column 1 (char 0)
19:17:00 | DEBUG   |       L1 Gagal, mencoba L2 DDGS...
19:17:06 | INFO    |       => Sukses dari: https://catperku.com/jelajah-tempat-wisata-di-bau-bau/
19:17:08 | INFO    | [1411/2708] Mencari: Pantai Toola
19:17:08 | DEBUG   | [L1 Wiki] Error: Expecting value: line 1 column 1 (char 0)
19:17:08 | DEBUG   |       L1 Gagal, mencoba L2 DDGS...
19:17:16 | INFO    |       => Sukses dari: https://www.denianggoleta.com/2019/10/wisata-pantai-batu-gong-kendari-yang.html
19:17:18 | INFO    | [1412/2708] Mencari: GPdI Bukit Zaitun Parepare
19:17:18 | DEBUG   | [L1 Wiki] Error: Expecting value: line 1 column 1 (char 0)
19:17:18 | DEBUG   |       L1 Gagal, mencoba L2 DDGS...
19:17:27 | INFO    |       => Sukses dari: https://yandex.com/maps/org/244763907659/
19:17:28 | INFO    | [1413/2708] Mencari: Pantai Kalinaun
19:17:28 | DEBUG   | [L1 Wiki] Error: Expecting value: line 1 column 1 (char 0)
19:17:28 | DEBUG   |       L1 Gagal, mencoba L2 DDGS...
19:17:34 | INFO    |       => Sukses dari: https://holopis.com/2025/10/26/pantai-kalinaun-surga-tropis-likupang-dengan-jembatan-pasir-misterius/
19:17:36 | INFO    | [1414/2708] Mencari: Pulau Bongkil
19:17:36 | DEBUG   | [L1 Wiki] Error: Expecting value: line 1 column 1 (char 0)
19:17:36 | DEBUG   |       L1 Gagal, mencoba L2 DDGS...
19:17:41 | INFO    |       => Sukses dari: https://id.wikipedia.org/wiki/Pulau_Bangkit
19:17:43 | INFO    | [1415/2708] Mencari: Air Terjun Indo Rannuang
19:17:43 | DEBUG   | [L1 Wiki] Error: Expecting value: line 1 column 1 (char 0)
19:17:43 | DEBUG   |       L1 Gagal, mencoba L2 DDGS...
19:17:50 | INFO    |       => Sukses dari: https://www.geokepo.id/id/lokasi/polewali-mandar/air-terjun-indo-rannuang
19:17:52 | INFO    | [1416/2708] Mencari: Air Terjun Tu'nan
19:17:52 | DEBUG   | [L1 Wiki] Error: Expecting value: line 1 column 1 (char 0)
19:17:52 | DEBUG   |       L1 Gagal, mencoba L2 DDGS...
19:18:06 | DEBUG   | [L2 BS4] Gagal ekstraksi url https://jadesta.kemenparekraf.go.id/desa/air_terjun_tunan_talawaan -> HTTPSConnectionPool(host='jadesta.kemenparekraf.go.id', port=443): Max retries exceeded with url: /desa/air_terjun_tunan_talawaan (Caused by NameResolutionError("HTTPSConnection(host='jadesta.kemenparekraf.go.id', port=443): Failed to resolve 'jadesta.kemenparekraf.go.id' ([Errno 11002] getaddrinfo failed)"))
19:18:10 | INFO    |       => Gagal mencari deskripsi.
19:18:12 | INFO    | [1417/2708] Mencari: Tugu Selamat Datang Kabupaten Bolaang Mongondow Selatan
19:18:12 | DEBUG   | [L1 Wiki] Error: Expecting value: line 1 column 1 (char 0)
19:18:12 | DEBUG   |       L1 Gagal, mencoba L2 DDGS...
19:18:17 | INFO    |       => Sukses dari: https://id.wikipedia.org/wiki/Kabupaten_Bolaang_Mongondow_Selatan
19:18:18 | INFO    | [1418/2708] Mencari: Pulau Dea-dea
19:18:18 | DEBUG   | [L1 Wiki] Error: Expecting value: line 1 column 1 (char 0)
19:18:18 | DEBUG   |       L1 Gagal, mencoba L2 DDGS...
19:18:29 | INFO    |       => Sukses dari: https://travel.tribunnews.com/2016/11/12/pulau-dea-dea-unik-pulau-tak-berpenghuni-ini-jadi-surganya-pecinta-kucing-kamu-wajib-ke-sini
19:18:30 | INFO    | [1419/2708] Mencari: Pantai Tanjung Bunga
19:18:30 | DEBUG   | [L1 Wiki] Error: Expecting value: line 1 column 1 (char 0)
19:18:30 | DEBUG   |       L1 Gagal, mencoba L2 DDGS...
19:18:37 | INFO    |       => Sukses dari: https://www.detik.com/sulsel/wisata/d-6100544/pesona-pantai-biru-makassar-sediakan-lokasi-pesta-pernikahan-outdoor
19:18:39 | INFO    | [1420/2708] Mencari: Wisata pannampu
19:18:39 | DEBUG   | [L1 Wiki] Error: Expecting value: line 1 column 1 (char 0)
19:18:39 | DEBUG   |       L1 Gagal, mencoba L2 DDGS...
19:18:49 | INFO    |       => Sukses dari: https://www.bluebirdgroup.com/blog/itinerary-wisata-makassar-3-hari-2-malam-liburan-seru-bareng-keluarga?lang=id
19:18:50 | INFO    | [1421/2708] Mencari: Air Terjun Batualambung Kambani
19:18:50 | DEBUG   | [L1 Wiki] Error: Expecting value: line 1 column 1 (char 0)
19:18:50 | DEBUG   |       L1 Gagal, mencoba L2 DDGS...
19:18:56 | INFO    |       => Gagal mencari deskripsi.
19:18:57 | INFO    | [1422/2708] Mencari: RTH Masjid Agung Pohuwato
19:18:58 | DEBUG   | [L1 Wiki] Error: Expecting value: line 1 column 1 (char 0)
19:18:58 | DEBUG   |       L1 Gagal, mencoba L2 DDGS...
19:19:10 | INFO    |       => Sukses dari: https://www.geokepo.id/id/lokasi/pohuwato/masjid-agung-baiturrahim-pohuwato
19:19:11 | INFO    | [1423/2708] Mencari: P4S WANUA LAMPOKO
19:19:11 | DEBUG   | [L1 Wiki] Error: Expecting value: line 1 column 1 (char 0)
19:19:11 | DEBUG   |       L1 Gagal, mencoba L2 DDGS...
19:19:16 | INFO    |       => Sukses dari: https://sulselekspres.com/keberhasilan-desa-lampoko-bone-kluster-kampung-holtikultura/
19:19:18 | INFO    | [1424/2708] Mencari: Kincir Angin PLTB
19:19:18 | DEBUG   | [L1 Wiki] Error: Expecting value: line 1 column 1 (char 0)
19:19:18 | DEBUG   |       L1 Gagal, mencoba L2 DDGS...
19:19:22 | INFO    |       => Sukses dari: https://id.wikipedia.org/wiki/Kabupaten_Sidenreng_Rappang
19:19:24 | INFO    | [1425/2708] Mencari: Colo
19:19:24 | DEBUG   | [L1 Wiki] Error: Expecting value: line 1 column 1 (char 0)
19:19:24 | DEBUG   |       L1 Gagal, mencoba L2 DDGS...
19:19:30 | INFO    |       => Sukses dari: https://www.rifaihadi.com/tempat-wisata-di-tojo-una-una/
19:19:32 | INFO    | [1426/2708] Mencari: Buntu Cekong
19:19:32 | DEBUG   | [L1 Wiki] Error: Expecting value: line 1 column 1 (char 0)
19:19:32 | DEBUG   |       L1 Gagal, mencoba L2 DDGS...
19:19:37 | INFO    |       => Sukses dari: https://www.cedhak.com/sulawesi/49/wisata-cekong/
19:19:38 | INFO    | [1427/2708] Mencari: Pantai Kapitu
19:19:38 | DEBUG   | [L1 Wiki] Error: Expecting value: line 1 column 1 (char 0)
19:19:38 | DEBUG   |       L1 Gagal, mencoba L2 DDGS...
19:19:45 | INFO    |       => Sukses dari: https://www.inspirasikawanua.com/2026/02/27/kapitu-siap-jadi-ikon-ekowisata-minsel-peletakan-batu-pertama-awali-era-baru-pariwisata-berkelanjutan/
19:19:47 | INFO    | [1428/2708] Mencari: Puncak panenteng tola
19:19:47 | DEBUG   | [L1 Wiki] Error: Expecting value: line 1 column 1 (char 0)
19:19:47 | DEBUG   |       L1 Gagal, mencoba L2 DDGS...
19:19:53 | DEBUG   | [L2 DDGS] Error: ConnectError: ConnectError('error sending request for url (https://html.duckduckgo.com/html/)', 'https://html.duckduckgo.com/html/')
19:19:53 | INFO    |       => Gagal mencari deskripsi.
19:19:55 | INFO    | [1429/2708] Mencari: Wisata Tracking mangrove
19:19:55 | DEBUG   | [L1 Wiki] Error: Expecting value: line 1 column 1 (char 0)
19:19:55 | DEBUG   |       L1 Gagal, mencoba L2 DDGS...
19:20:05 | INFO    |       => Sukses dari: https://id.scribd.com/document/567445166/PENGEMBANGAN-FASILITAS-WISATA-TRACKING-MANGROVE-BOTUDIDINGGA-KABUPATEN-GORONTALO
19:20:07 | INFO    | *** Auto-saving 860 baris diproses...
19:20:07 | INFO    | [1430/2708] Mencari: Wisata Mannessa Lappa Angin
19:20:07 | DEBUG   | [L1 Wiki] Error: Expecting value: line 1 column 1 (char 0)
19:20:07 | DEBUG   |       L1 Gagal, mencoba L2 DDGS...
19:20:19 | DEBUG   | [L2 DDGS] Error: ConnectError: ConnectError('error sending request for url (https://html.duckduckgo.com/html/)', 'https://html.duckduckgo.com/html/')
19:20:19 | INFO    |       => Gagal mencari deskripsi.
19:20:20 | INFO    | [1431/2708] Mencari: Pantai Sangganipa
19:20:21 | DEBUG   | [L1 Wiki] Error: Expecting value: line 1 column 1 (char 0)
19:20:21 | DEBUG   |       L1 Gagal, mencoba L2 DDGS...
19:20:27 | DEBUG   | [L2 DDGS] Error: ConnectError: ConnectError('error sending request for url (https://html.duckduckgo.com/html/)', 'https://html.duckduckgo.com/html/')
19:20:27 | INFO    |       => Gagal mencari deskripsi.
19:20:29 | INFO    | [1432/2708] Mencari: Pantai Bahari
19:20:29 | DEBUG   | [L1 Wiki] Error: Expecting value: line 1 column 1 (char 0)
19:20:29 | DEBUG   |       L1 Gagal, mencoba L2 DDGS...
19:20:37 | DEBUG   | [L2 BS4] Gagal ekstraksi url https://sisparnas.kemenparekraf.go.id/p/126445 -> HTTPSConnectionPool(host='sisparnas.kemenparekraf.go.id', port=443): Max retries exceeded with url: /p/126445 (Caused by NameResolutionError("HTTPSConnection(host='sisparnas.kemenparekraf.go.id', port=443): Failed to resolve 'sisparnas.kemenparekraf.go.id' ([Errno 11002] getaddrinfo failed)"))
19:20:42 | INFO    |       => Gagal mencari deskripsi.
19:20:43 | INFO    | [1433/2708] Mencari: Lakasa Cave
19:20:43 | DEBUG   | [L1 Wiki] Error: Expecting value: line 1 column 1 (char 0)
19:20:43 | DEBUG   |       L1 Gagal, mencoba L2 DDGS...
19:20:52 | DEBUG   | [L2 DDGS] Error: ConnectError: ConnectError('error sending request for url (https://html.duckduckgo.com/html/)', 'https://html.duckduckgo.com/html/')
19:20:52 | INFO    |       => Gagal mencari deskripsi.
19:20:53 | INFO    | [1434/2708] Mencari: Permandian Lakakuloto
19:20:53 | DEBUG   | [L1 Wiki] Error: Expecting value: line 1 column 1 (char 0)
19:20:53 | DEBUG   |       L1 Gagal, mencoba L2 DDGS...
19:21:01 | DEBUG   | [L2 DDGS] Error: ConnectError: ConnectError('error sending request for url (https://html.duckduckgo.com/html/)', 'https://html.duckduckgo.com/html/')
19:21:01 | INFO    |       => Gagal mencari deskripsi.
19:21:03 | INFO    | [1435/2708] Mencari: Waterboom Agro Wisata Palopo
19:21:03 | DEBUG   | [L1 Wiki] Error: Expecting value: line 1 column 1 (char 0)
19:21:03 | DEBUG   |       L1 Gagal, mencoba L2 DDGS...
19:21:10 | INFO    |       => Sukses dari: https://renangloka.com/pool/waterboom-agro-wisata-palopo/
19:21:12 | INFO    | [1436/2708] Mencari: Monumen Gerhana Matahari Total 2016
19:21:12 | DEBUG   | [L1 Wiki] Error: Expecting value: line 1 column 1 (char 0)
19:21:12 | DEBUG   |       L1 Gagal, mencoba L2 DDGS...
19:21:16 | INFO    |       => Sukses dari: https://idalamat.com/alamat/493531/monumen-gerhana-matahari-total-2016-sigi-sulawesi-tengah
19:21:17 | INFO    | [1437/2708] Mencari: Air Terjun Kona
19:21:17 | DEBUG   | [L1 Wiki] Error: Expecting value: line 1 column 1 (char 0)
19:21:17 | DEBUG   |       L1 Gagal, mencoba L2 DDGS...
19:21:32 | INFO    |       => Sukses dari: https://travel.detik.com/fototravel/d-5054490/melihat-air-terjun-kona-yang-menggoda-di-polman
19:21:34 | INFO    | [1438/2708] Mencari: Museum Perjuangan Rakyat Sulut
19:21:34 | DEBUG   | [L1 Wiki] Error: Expecting value: line 1 column 1 (char 0)
19:21:34 | DEBUG   |       L1 Gagal, mencoba L2 DDGS...
19:21:44 | DEBUG   | [L2 DDGS] Error: ConnectError: ConnectError('error sending request for url (https://html.duckduckgo.com/html/)', 'https://html.duckduckgo.com/html/')
19:21:44 | INFO    |       => Gagal mencari deskripsi.
19:21:46 | INFO    | [1439/2708] Mencari: Pantai Napa
19:21:46 | DEBUG   | [L1 Wiki] Error: Expecting value: line 1 column 1 (char 0)
19:21:46 | DEBUG   |       L1 Gagal, mencoba L2 DDGS...
19:21:53 | DEBUG   | [L2 DDGS] Error: RequestError: RequestError('error sending request for url (https://search.yahoo.com/search;_ylt=x9wiDO51SPbEStKRvuHv_6M_;_ylu=JcvjiO5HddCibGLkfCx-2NTP2ocSga0FPMuhU20Cz7xWTCI?p=Pantai+Napa+Kabupaten+Buton+wisata)', 'https://search.yahoo.com/search;_ylt=x9wiDO51SPbEStKRvuHv_6M_;_ylu=JcvjiO5HddCibGLkfCx-2NTP2ocSga0FPMuhU20Cz7xWTCI?p=Pantai+Napa+Kabupaten+Buton+wisata')
19:21:53 | INFO    |       => Gagal mencari deskripsi.
19:21:54 | INFO    | [1440/2708] Mencari: Pantai Pinang
19:21:54 | DEBUG   | [L1 Wiki] Error: Expecting value: line 1 column 1 (char 0)
19:21:54 | DEBUG   |       L1 Gagal, mencoba L2 DDGS...
19:22:01 | DEBUG   | [L2 DDGS] Error: ConnectError: ConnectError('error sending request for url (https://html.duckduckgo.com/html/)', 'https://html.duckduckgo.com/html/')
19:22:01 | INFO    |       => Gagal mencari deskripsi.
19:22:03 | INFO    | [1441/2708] Mencari: Wisata Alam Sulili Baebunta
19:22:03 | DEBUG   | [L1 Wiki] Error: Expecting value: line 1 column 1 (char 0)
19:22:03 | DEBUG   |       L1 Gagal, mencoba L2 DDGS...
19:22:09 | INFO    |       => Sukses dari: https://wisatago.com/wisata-alam-sulili-baebunta/
19:22:10 | INFO    | [1442/2708] Mencari: Situs Megalitik Watunongko
19:22:10 | DEBUG   | [L1 Wiki] Error: Expecting value: line 1 column 1 (char 0)
19:22:10 | DEBUG   |       L1 Gagal, mencoba L2 DDGS...
19:22:16 | DEBUG   | [L2 DDGS] Error: ConnectError: ConnectError('error sending request for url (https://html.duckduckgo.com/html/)', 'https://html.duckduckgo.com/html/')
19:22:16 | INFO    |       => Gagal mencari deskripsi.
19:22:18 | INFO    | [1443/2708] Mencari: Gunung Sesean Toraja Utara
19:22:18 | DEBUG   | [L1 Wiki] Error: Expecting value: line 1 column 1 (char 0)
19:22:18 | DEBUG   |       L1 Gagal, mencoba L2 DDGS...
19:22:32 | INFO    |       => Sukses dari: https://indonesiakaya.com/pustaka-indonesia/menyaksikan-lanskap-toraja-di-atas-ketinggian-gunung-sesean/
19:22:34 | INFO    | [1444/2708] Mencari: TONGKONAN SASSA'
19:22:34 | DEBUG   | [L1 Wiki] Error: Expecting value: line 1 column 1 (char 0)
19:22:34 | DEBUG   |       L1 Gagal, mencoba L2 DDGS...
19:22:44 | INFO    |       => Sukses dari: https://www.geokepo.id/id/panduan/pesona-alam-desa-wisata-tana-toraja
19:22:46 | INFO    | [1445/2708] Mencari: C-Beach (Pantai C-Salonsa)
19:22:46 | DEBUG   | [L1 Wiki] Error: Expecting value: line 1 column 1 (char 0)
19:22:46 | DEBUG   |       L1 Gagal, mencoba L2 DDGS...
19:22:53 | INFO    |       => Sukses dari: https://www.pesisir.net/pantai-salonsa-luwu-timur
19:22:54 | INFO    | [1446/2708] Mencari: wisata alam pattipo
19:22:54 | DEBUG   | [L1 Wiki] Error: Expecting value: line 1 column 1 (char 0)
19:22:54 | DEBUG   |       L1 Gagal, mencoba L2 DDGS...
19:23:00 | INFO    |       => Sukses dari: https://elshinta.com/news/340879/2024/07/02/wisata-alam-patipo-desa-kunyi-surga-tersembunyi-di-polewali-mandar
19:23:01 | INFO    | [1447/2708] Mencari: Air Terjun Kelimbun Tumbohon
19:23:01 | DEBUG   | [L1 Wiki] Error: Expecting value: line 1 column 1 (char 0)
19:23:01 | DEBUG   |       L1 Gagal, mencoba L2 DDGS...
19:23:14 | INFO    |       => Sukses dari: https://www.idntimes.com/travel/destination/air-terjun-manado-c1c2-01-3ln1w-spgvkc
19:23:16 | INFO    | [1448/2708] Mencari: Weer Molino
19:23:16 | DEBUG   | [L1 Wiki] Error: Expecting value: line 1 column 1 (char 0)
19:23:16 | DEBUG   |       L1 Gagal, mencoba L2 DDGS...
19:23:26 | INFO    |       => Sukses dari: https://indonesiajuara.asia/blog/weer-molino-banggai/
19:23:27 | INFO    | [1449/2708] Mencari: Kali Biru Mosolo
19:23:28 | DEBUG   | [L1 Wiki] Error: Expecting value: line 1 column 1 (char 0)
19:23:28 | DEBUG   |       L1 Gagal, mencoba L2 DDGS...
19:23:36 | INFO    |       => Sukses dari: https://parmudorakonkep.com/
19:23:37 | INFO    | *** Auto-saving 880 baris diproses...
19:23:37 | INFO    | [1450/2708] Mencari: Monumen Korban 40.000 jiwa
19:23:38 | DEBUG   | [L1 Wiki] Error: Expecting value: line 1 column 1 (char 0)
19:23:38 | DEBUG   |       L1 Gagal, mencoba L2 DDGS...
19:23:43 | INFO    |       => Sukses dari: https://www.detik.com/sulsel/wisata/d-6594141/23-objek-wisata-di-parepare-mulai-pesona-alam-hingga-situs-sejarah
19:23:44 | INFO    | [1451/2708] Mencari: Wisata Alam Bonto Kalihara (Bukit Semut) Selayar
19:23:45 | DEBUG   | [L1 Wiki] Error: Expecting value: line 1 column 1 (char 0)
19:23:45 | DEBUG   |       L1 Gagal, mencoba L2 DDGS...
19:23:51 | DEBUG   | [L2 DDGS] Error: ConnectError: ConnectError('error sending request for url (https://html.duckduckgo.com/html/)', 'https://html.duckduckgo.com/html/')
19:23:51 | INFO    |       => Gagal mencari deskripsi.
19:23:53 | INFO    | [1452/2708] Mencari: Banua Wuhu
19:23:53 | DEBUG   | [L1 Wiki] Error: Expecting value: line 1 column 1 (char 0)
19:23:53 | DEBUG   |       L1 Gagal, mencoba L2 DDGS...
19:24:04 | INFO    |       => Sukses dari: https://www.liputan6.com/lifestyle/read/5601593/6-fakta-menarik-gunung-banua-wuhu-gunung-api-bawah-laut-di-kepulauan-sangihe-sulawesi-utara?HouseAds&campaign=Travel_Lifestyle_STS3
19:24:05 | INFO    | [1453/2708] Mencari: Desa Bokori, Kabupaten Konawe, Sulawesi Tenggara
19:24:05 | DEBUG   | [L1 Wiki] Error: Expecting value: line 1 column 1 (char 0)
19:24:05 | DEBUG   |       L1 Gagal, mencoba L2 DDGS...
19:24:15 | INFO    |       => Sukses dari: https://www.hipwee.com/travel/wisata-konawe/
19:24:17 | INFO    | [1454/2708] Mencari: Air terjun Rouda
19:24:17 | DEBUG   | [L1 Wiki] Error: Expecting value: line 1 column 1 (char 0)
19:24:17 | DEBUG   |       L1 Gagal, mencoba L2 DDGS...
19:24:40 | DEBUG   | [L2 BS4] Gagal ekstraksi url https://www.tempatwisatamu.com/indahnya-danau-biru-kolaka-utara.html -> HTTPSConnectionPool(host='www.tempatwisatamu.com', port=443): Read timed out. (read timeout=8)
19:24:40 | INFO    |       => Gagal mencari deskripsi.
19:24:41 | INFO    | [1455/2708] Mencari: Pantai Morano
19:24:41 | DEBUG   | [L1 Wiki] Error: Expecting value: line 1 column 1 (char 0)
19:24:41 | DEBUG   |       L1 Gagal, mencoba L2 DDGS...
19:24:47 | INFO    |       => Sukses dari: https://telisik.id/news/indahnya-pantai-morano-muna-jadi-spot-wisatawan
19:24:48 | INFO    | [1456/2708] Mencari: Benteng Bombonawulu
19:24:48 | DEBUG   | [L1 Wiki] Error: Expecting value: line 1 column 1 (char 0)
19:24:48 | DEBUG   |       L1 Gagal, mencoba L2 DDGS...
19:24:55 | INFO    |       => Sukses dari: https://www.popbela.com/lifestyle/travel/8-wisata-di-pulau-buton-wajib-masuk-daftar-liburanmu-00-vp6g8-gfb6y6
19:24:57 | INFO    | [1457/2708] Mencari: DESWITA ( DESTINASI WISATA ) SEJAHTERA
19:24:57 | DEBUG   | [L1 Wiki] Error: Expecting value: line 1 column 1 (char 0)
19:24:57 | DEBUG   |       L1 Gagal, mencoba L2 DDGS...
19:25:12 | INFO    |       => Sukses dari: https://hargo.co.id/berita/deswita-destinasi-wisata-yang-suguhkan-pemandangan-persawahan-di-gorontalo/
19:25:13 | INFO    | [1458/2708] Mencari: Pantai Pulisan
19:25:13 | DEBUG   | [L1 Wiki] Error: Expecting value: line 1 column 1 (char 0)
19:25:13 | DEBUG   |       L1 Gagal, mencoba L2 DDGS...
19:25:18 | INFO    |       => Sukses dari: https://www.indoholidaytourguide.com/pantai-pulisan
19:25:20 | INFO    | [1459/2708] Mencari: Rakata Beach
19:25:20 | DEBUG   | [L1 Wiki] Error: Expecting value: line 1 column 1 (char 0)
19:25:20 | DEBUG   |       L1 Gagal, mencoba L2 DDGS...
19:25:25 | INFO    |       => Sukses dari: https://jurnallentera.com/keunikan-rakata-beach-parimo-berwisata-sambil-belajar/
19:25:27 | INFO    | [1460/2708] Mencari: Goa Bidadari
19:25:27 | DEBUG   | [L1 Wiki] Error: Expecting value: line 1 column 1 (char 0)
19:25:27 | DEBUG   |       L1 Gagal, mencoba L2 DDGS...
19:25:32 | INFO    |       => Sukses dari: https://www.idntimes.com/travel/destination/wisata-gua-cantik-di-buton-tengah-00-yzp2d-9zzvgx
19:25:33 | INFO    | [1461/2708] Mencari: Air Terjun Tenilo
19:25:33 | DEBUG   | [L1 Wiki] Error: Expecting value: line 1 column 1 (char 0)
19:25:33 | DEBUG   |       L1 Gagal, mencoba L2 DDGS...
19:25:40 | INFO    |       => Sukses dari: https://www.kompasiana.com/pintuhijrah2069/632104644addee453b741842/4-rekomendasi-destinasi-wisata-air-terjun-gorontalo?page=all
19:25:41 | INFO    | [1462/2708] Mencari: Pulau Sara-besar
19:25:42 | DEBUG   | [L1 Wiki] Error: Expecting value: line 1 column 1 (char 0)
19:25:42 | DEBUG   |       L1 Gagal, mencoba L2 DDGS...
19:25:50 | INFO    |       => Sukses dari: https://travel.tribunnews.com/2025/09/08/pulau-sara-di-talaud-sulawesi-utara-surga-tersembunyi-yang-tak-berpenghuni
19:25:52 | INFO    | [1463/2708] Mencari: Pantai Pasir Putih Pinomontiga
19:25:52 | DEBUG   | [L1 Wiki] Error: Expecting value: line 1 column 1 (char 0)
19:25:52 | DEBUG   |       L1 Gagal, mencoba L2 DDGS...
19:25:58 | INFO    |       => Sukses dari: https://berita.bonebolangokab.go.id/plt-bupati-terpukau-objek-wisata-pantai-pasir-putih-pinomontiga/
19:25:59 | INFO    | [1464/2708] Mencari: Wisata Mancing Desa BuluCindea
19:25:59 | DEBUG   | [L1 Wiki] Error: Expecting value: line 1 column 1 (char 0)
19:25:59 | DEBUG   |       L1 Gagal, mencoba L2 DDGS...
19:26:04 | INFO    |       => Sukses dari: https://id.wikipedia.org/wiki/Bulu_Cindea,_Bungoro,_Pangkajene_dan_Kepulauan
19:26:05 | INFO    | [1465/2708] Mencari: Gedung PIKAT
19:26:05 | DEBUG   | [L1 Wiki] Error: Expecting value: line 1 column 1 (char 0)
19:26:05 | DEBUG   |       L1 Gagal, mencoba L2 DDGS...
19:26:12 | INFO    |       => Gagal mencari deskripsi.
19:26:13 | INFO    | [1466/2708] Mencari: PANTAI WISATA LOGPON
19:26:13 | DEBUG   | [L1 Wiki] Error: Expecting value: line 1 column 1 (char 0)
19:26:13 | DEBUG   |       L1 Gagal, mencoba L2 DDGS...
19:26:21 | INFO    |       => Sukses dari: https://www.cnnindonesia.com/gaya-hidup/20170411133331-307-206610/potensi-teluk-tomini-jadi-wisata-laut-terbesar-di-dunia
19:26:23 | INFO    | [1467/2708] Mencari: LASA Nature Tourism
19:26:23 | DEBUG   | [L1 Wiki] Error: Expecting value: line 1 column 1 (char 0)
19:26:23 | DEBUG   |       L1 Gagal, mencoba L2 DDGS...
19:26:29 | INFO    |       => Sukses dari: https://tempatwisataseru.com/tempat-wisata-di-banggai-kepulauan/
19:26:31 | INFO    | [1468/2708] Mencari: LYWANZA POOL & RESTO
19:26:31 | DEBUG   | [L1 Wiki] Error: Expecting value: line 1 column 1 (char 0)
19:26:31 | DEBUG   |       L1 Gagal, mencoba L2 DDGS...
19:26:37 | INFO    |       => Sukses dari: https://www.bluebirdgroup.com/blog/itinerary-wisata-makassar-3-hari-2-malam-liburan-seru-bareng-keluarga?lang=en
19:26:38 | INFO    | [1469/2708] Mencari: Ekowisata Mangrove Lirang
19:26:38 | DEBUG   | [L1 Wiki] Error: Expecting value: line 1 column 1 (char 0)
19:26:38 | DEBUG   |       L1 Gagal, mencoba L2 DDGS...
19:26:47 | INFO    |       => Sukses dari: https://kelaswisata.id/wisata-di-bitung/
19:26:49 | INFO    | *** Auto-saving 900 baris diproses...
19:26:49 | INFO    | [1470/2708] Mencari: Hutan Mangrove Tofuti
19:26:49 | DEBUG   | [L1 Wiki] Error: Expecting value: line 1 column 1 (char 0)
19:26:49 | DEBUG   |       L1 Gagal, mencoba L2 DDGS...
19:26:54 | INFO    |       => Sukses dari: https://prolifik.id/2022/01/25/hutan-mangrove-destinasi-wisata-yang-banyak-bertebaran-di-morowali/
19:26:55 | INFO    | [1471/2708] Mencari: Pantai Puuesa
19:26:55 | DEBUG   | [L1 Wiki] Error: Expecting value: line 1 column 1 (char 0)
19:26:55 | DEBUG   |       L1 Gagal, mencoba L2 DDGS...
19:26:59 | INFO    |       => Sukses dari: https://www.goodnewsfromindonesia.id/network/content/pantai-puuesa-spot-hidden-gem-di-konkep-yang-belum-terjamah-A3KnQR
19:27:01 | INFO    | [1472/2708] Mencari: Air Terjun Sarambu
19:27:01 | DEBUG   | [L1 Wiki] Error: Expecting value: line 1 column 1 (char 0)
19:27:01 | DEBUG   |       L1 Gagal, mencoba L2 DDGS...
19:27:12 | INFO    |       => Sukses dari: https://www.detik.com/sulsel/wisata/d-6908956/19-rekomendasi-tempat-wisata-di-luwu-utara-yang-menarik-dikunjungi
19:27:13 | INFO    | [1473/2708] Mencari: Pantai Wisata Maroneng
19:27:13 | DEBUG   | [L1 Wiki] Error: Expecting value: line 1 column 1 (char 0)
19:27:13 | DEBUG   |       L1 Gagal, mencoba L2 DDGS...
19:27:18 | INFO    |       => Sukses dari: https://id.wikipedia.org/wiki/Kabupaten_Pinrang
19:27:19 | INFO    | [1474/2708] Mencari: Puncak Battoa
19:27:19 | DEBUG   | [L1 Wiki] Error: Expecting value: line 1 column 1 (char 0)
19:27:19 | DEBUG   |       L1 Gagal, mencoba L2 DDGS...
19:27:24 | INFO    |       => Sukses dari: https://www.orami.co.id/magazine/tempat-wisata-di-bone
19:27:25 | INFO    | [1475/2708] Mencari: Gunung Tumpu
19:27:25 | DEBUG   | [L1 Wiki] Error: Expecting value: line 1 column 1 (char 0)
19:27:25 | DEBUG   |       L1 Gagal, mencoba L2 DDGS...
19:27:37 | INFO    |       => Gagal mencari deskripsi.
19:27:39 | INFO    | [1476/2708] Mencari: Air Terjun Kalimalima
19:27:39 | DEBUG   | [L1 Wiki] Error: Expecting value: line 1 column 1 (char 0)
19:27:39 | DEBUG   |       L1 Gagal, mencoba L2 DDGS...
19:27:48 | INFO    |       => Sukses dari: https://zonasultra.id/air-terjun-kalimalima-serpihan-surga-tersembunyi-di-tebing-bukit-batukara/
19:27:50 | INFO    | [1477/2708] Mencari: Wisata Matabuntu
19:27:50 | DEBUG   | [L1 Wiki] Error: Expecting value: line 1 column 1 (char 0)
19:27:50 | DEBUG   |       L1 Gagal, mencoba L2 DDGS...
19:28:00 | DEBUG   | [L2 DDGS] Error: ConnectError: ConnectError('error sending request for url (https://html.duckduckgo.com/html/)', 'https://html.duckduckgo.com/html/')
19:28:00 | INFO    |       => Gagal mencari deskripsi.
19:28:01 | INFO    | [1478/2708] Mencari: Pantai tupa
19:28:01 | DEBUG   | [L1 Wiki] Error: Expecting value: line 1 column 1 (char 0)
19:28:01 | DEBUG   |       L1 Gagal, mencoba L2 DDGS...
19:28:16 | DEBUG   | [L2 BS4] Gagal ekstraksi url https://radarpalu.jawapos.com/sulteng/2607322825/libur-lebaran-ini-10-wisata-donggala-wajib-dikunjungi -> HTTPSConnectionPool(host='radarpalu.jawapos.com', port=443): Read timed out.
19:28:20 | INFO    |       => Gagal mencari deskripsi.
19:28:21 | INFO    | [1479/2708] Mencari: Puncak dunu
19:28:21 | DEBUG   | [L1 Wiki] Error: Expecting value: line 1 column 1 (char 0)
19:28:21 | DEBUG   |       L1 Gagal, mencoba L2 DDGS...
19:28:26 | INFO    |       => Sukses dari: https://www.jawapos.com/travelling/2509030585/menjelajahi-keindahan-desa-dunu-gorontalo-utara-dari-aktivitas-wisata-paralayang-hingga-konservasi-bayi-penyu
19:28:28 | INFO    | [1480/2708] Mencari: Permandian TompoE
19:28:28 | DEBUG   | [L1 Wiki] Error: Expecting value: line 1 column 1 (char 0)
19:28:28 | DEBUG   |       L1 Gagal, mencoba L2 DDGS...
19:28:34 | INFO    |       => Sukses dari: https://rri.co.id/bone/wisata/2082603/water-park-pallette-bone-jadi-destinasi-liburan-keluarga
19:28:35 | INFO    | [1481/2708] Mencari: Hidden Paradise Minahasa
19:28:35 | DEBUG   | [L1 Wiki] Error: Expecting value: line 1 column 1 (char 0)
19:28:35 | DEBUG   |       L1 Gagal, mencoba L2 DDGS...
19:28:42 | INFO    |       => Sukses dari: https://www.wondernusantara.com/landing/jelajahdetail/hidden-paradise-minahasa-oase-wisata-alam-di-jantung-sulawesi-utara
19:28:44 | INFO    | [1482/2708] Mencari: Sapaeng Beach
19:28:44 | DEBUG   | [L1 Wiki] Error: Expecting value: line 1 column 1 (char 0)
19:28:44 | DEBUG   |       L1 Gagal, mencoba L2 DDGS...
19:28:51 | INFO    |       => Sukses dari: https://jadesta.kemenpar.go.id/atraksi/pantai_sapaeng
19:28:53 | INFO    | [1483/2708] Mencari: Pantai Sapelang
19:28:53 | DEBUG   | [L1 Wiki] Error: Expecting value: line 1 column 1 (char 0)
19:28:53 | DEBUG   |       L1 Gagal, mencoba L2 DDGS...
19:29:06 | INFO    |       => Sukses dari: https://sultimnews.info/2021/05/17/jumlah-wisatawan-meningkat-polsek-jajaran-polres-bangkep-turlap/
19:29:07 | INFO    | [1484/2708] Mencari: Lembah Lambusango
19:29:07 | DEBUG   | [L1 Wiki] Error: Expecting value: line 1 column 1 (char 0)
19:29:07 | DEBUG   |       L1 Gagal, mencoba L2 DDGS...
19:29:12 | INFO    |       => Sukses dari: https://www.celebes.co/hutan-lambusango-buton
19:29:13 | INFO    | [1485/2708] Mencari: Sumber Mata Air Kab. Bulukumba
19:29:13 | DEBUG   | [L1 Wiki] Error: Expecting value: line 1 column 1 (char 0)
19:29:13 | DEBUG   |       L1 Gagal, mencoba L2 DDGS...
19:29:19 | INFO    |       => Sukses dari: https://wisatabulukumba.blogspot.com/
19:29:20 | INFO    | [1486/2708] Mencari: Air Terjun Andulan
19:29:20 | DEBUG   | [L1 Wiki] Error: Expecting value: line 1 column 1 (char 0)
19:29:20 | DEBUG   |       L1 Gagal, mencoba L2 DDGS...
19:29:25 | INFO    |       => Sukses dari: https://sulsel.idntimes.com/travel/destination/menakjubkan-5-air-terjun-di-luwu-yang-terkenal-indah-00-lm183-pj91pp
19:29:27 | INFO    | [1487/2708] Mencari: Air Terjun kumapo dahu
19:29:27 | DEBUG   | [L1 Wiki] Error: Expecting value: line 1 column 1 (char 0)
19:29:27 | DEBUG   |       L1 Gagal, mencoba L2 DDGS...
19:29:37 | DEBUG   | [L2 BS4] Gagal ekstraksi url https://sisparnas.kemenparekraf.go.id/p/45432 -> HTTPSConnectionPool(host='sisparnas.kemenparekraf.go.id', port=443): Max retries exceeded with url: /p/45432 (Caused by NameResolutionError("HTTPSConnection(host='sisparnas.kemenparekraf.go.id', port=443): Failed to resolve 'sisparnas.kemenparekraf.go.id' ([Errno 11002] getaddrinfo failed)"))
19:29:37 | INFO    |       => Sukses dari: https://id.scribd.com/document/904084901/PROPOSAL-KELOMPOK-1
19:29:39 | INFO    | [1488/2708] Mencari: Limbong Kambellun
19:29:39 | DEBUG   | [L1 Wiki] Error: Expecting value: line 1 column 1 (char 0)
19:29:39 | DEBUG   |       L1 Gagal, mencoba L2 DDGS...
19:29:52 | INFO    |       => Sukses dari: https://dinaspop-polman.id/melihat-potensi-ekowisata-pegunungan-limbong/
19:29:53 | INFO    | [1489/2708] Mencari: Exotic Beach
19:29:53 | DEBUG   | [L1 Wiki] Error: Expecting value: line 1 column 1 (char 0)
19:29:53 | DEBUG   |       L1 Gagal, mencoba L2 DDGS...
19:29:59 | INFO    |       => Sukses dari: https://sisparnas.kemenpar.go.id/p/9466
19:30:01 | INFO    | *** Auto-saving 920 baris diproses...
19:30:01 | INFO    | [1490/2708] Mencari: Air Terjun Salbir
19:30:01 | DEBUG   | [L1 Wiki] Error: Expecting value: line 1 column 1 (char 0)
19:30:01 | DEBUG   |       L1 Gagal, mencoba L2 DDGS...
19:30:07 | DEBUG   | [L2 BS4] Gagal ekstraksi url http://langsungupdate.com/air-terjun-salbir-pesona-tersembunyi-di-sulawesi-selatan/ -> HTTPConnectionPool(host='langsungupdate.com', port=80): Max retries exceeded with url: /air-terjun-salbir-pesona-tersembunyi-di-sulawesi-selatan/ (Caused by NameResolutionError("HTTPConnection(host='langsungupdate.com', port=80): Failed to resolve 'langsungupdate.com' ([Errno 11001] getaddrinfo failed)"))
19:30:11 | INFO    |       => Sukses dari: https://seringjalan.com/5-tempat-wisata-di-sidrap-sidenreng-rappang/
19:30:13 | INFO    | [1491/2708] Mencari: ANDI NYIWI PARK LUWU TIMUR
19:30:13 | DEBUG   | [L1 Wiki] Error: Expecting value: line 1 column 1 (char 0)
19:30:13 | DEBUG   |       L1 Gagal, mencoba L2 DDGS...
19:30:19 | INFO    |       => Sukses dari: https://timur-online.com/malam-ini-ribuan-warga-malili-padati-andi-nyiwi-park/
19:30:20 | INFO    | [1492/2708] Mencari: Air Terjun Popontolen
19:30:20 | DEBUG   | [L1 Wiki] Error: Expecting value: line 1 column 1 (char 0)
19:30:20 | DEBUG   |       L1 Gagal, mencoba L2 DDGS...
19:30:26 | INFO    |       => Sukses dari: https://bobobox.com/blog/air-terjun-manado/
19:30:28 | INFO    | [1493/2708] Mencari: Permandian Bendungan Kandang
19:30:28 | DEBUG   | [L1 Wiki] Error: Expecting value: line 1 column 1 (char 0)
19:30:28 | DEBUG   |       L1 Gagal, mencoba L2 DDGS...
19:30:35 | INFO    |       => Sukses dari: https://www.detik.com/sulsel/wisata/d-6322365/permandian-air-panas-di-polman-dipercaya-obati-berbagai-penyakit
19:30:36 | INFO    | [1494/2708] Mencari: Wisata Bahari Pantai Seta Seta
19:30:36 | DEBUG   | [L1 Wiki] Error: Expecting value: line 1 column 1 (char 0)
19:30:36 | DEBUG   |       L1 Gagal, mencoba L2 DDGS...
19:30:49 | DEBUG   | [L2 BS4] Gagal ekstraksi url https://www.timesulsel.com/2026/03/25/mudik-ke-luwu-utara-bupati-andi-rahim-ajak-masyarakat-jelajahi-destinasi-wisata-unggulan/ -> HTTPSConnectionPool(host='www.timesulsel.com', port=443): Read timed out. (read timeout=8)
19:30:51 | INFO    |       => Sukses dari: https://metro-pendidikan.com/pemkab-luwu-utara-sosialisasi-pengelolaan-wisata-bahari-pantai-seta-seta-dan-perda-pdrd-pastikan-legalitas-formal/
19:30:52 | INFO    | [1495/2708] Mencari: Pantai Wisata Pandanwangi
19:30:52 | DEBUG   | [L1 Wiki] Error: Expecting value: line 1 column 1 (char 0)
19:30:52 | DEBUG   |       L1 Gagal, mencoba L2 DDGS...
19:31:00 | INFO    |       => Sukses dari: https://travel.detik.com/fototravel/d-7008591/pesona-wisata-pantai-poganda-di-banggai-kepulauan
19:31:01 | INFO    | [1496/2708] Mencari: KJA Latoma
19:31:01 | DEBUG   | [L1 Wiki] Error: Expecting value: line 1 column 1 (char 0)
19:31:01 | DEBUG   |       L1 Gagal, mencoba L2 DDGS...
19:31:11 | INFO    |       => Gagal mencari deskripsi.
19:31:12 | INFO    | [1497/2708] Mencari: Gunung Bahonglangi
19:31:12 | DEBUG   | [L1 Wiki] Error: Expecting value: line 1 column 1 (char 0)
19:31:12 | DEBUG   |       L1 Gagal, mencoba L2 DDGS...
19:31:18 | DEBUG   | [L2 DDGS] Error: RequestError: RequestError('error sending request for url (https://search.yahoo.com/search;_ylt=YUP1UCLxsB9t7n7eOBAjmLzS;_ylu=KPWM21vVyPXOWVUFYZQ-vRmspcFW78AnMNKqoqjCTCc6gQY?p=Gunung+Bahonglangi+Kabupaten+Bone+wisata)', 'https://search.yahoo.com/search;_ylt=YUP1UCLxsB9t7n7eOBAjmLzS;_ylu=KPWM21vVyPXOWVUFYZQ-vRmspcFW78AnMNKqoqjCTCc6gQY?p=Gunung+Bahonglangi+Kabupaten+Bone+wisata')
19:31:18 | INFO    |       => Gagal mencari deskripsi.
19:31:20 | INFO    | [1498/2708] Mencari: Objek Wisata Lamperangan
19:31:20 | DEBUG   | [L1 Wiki] Error: Expecting value: line 1 column 1 (char 0)
19:31:20 | DEBUG   |       L1 Gagal, mencoba L2 DDGS...
19:31:26 | INFO    |       => Sukses dari: https://id.wikipedia.org/wiki/Kabupaten_Pangkajene_dan_Kepulauan
19:31:27 | INFO    | [1499/2708] Mencari: Wisata Salo Rumpiae
19:31:27 | DEBUG   | [L1 Wiki] Error: Expecting value: line 1 column 1 (char 0)
19:31:27 | DEBUG   |       L1 Gagal, mencoba L2 DDGS...
19:31:34 | INFO    |       => Sukses dari: https://anekawisatanusantara.blogspot.com/2016/04/wisata-pantai-ujung-batu-barru.html
19:31:36 | INFO    | [1500/2708] Mencari: Pantai Saleo
19:31:36 | DEBUG   | [L1 Wiki] Error: Expecting value: line 1 column 1 (char 0)
19:31:36 | DEBUG   |       L1 Gagal, mencoba L2 DDGS...
19:31:48 | DEBUG   | [L2 BS4] Gagal ekstraksi url https://sisparnas.kemenparekraf.go.id/p/18170 -> HTTPSConnectionPool(host='sisparnas.kemenparekraf.go.id', port=443): Max retries exceeded with url: /p/18170 (Caused by NameResolutionError("HTTPSConnection(host='sisparnas.kemenparekraf.go.id', port=443): Failed to resolve 'sisparnas.kemenparekraf.go.id' ([Errno 11002] getaddrinfo failed)"))
19:31:51 | INFO    |       => Sukses dari: https://www.idntimes.com/travel/destination/10-potret-pantai-saleo-surga-tersembunyi-di-raja-ampat-01-4jzxt-nyn95v
19:31:53 | INFO    | [1501/2708] Mencari: Objek Wisata Hutan Bambu To' Kumila'
19:31:53 | DEBUG   | [L1 Wiki] Error: Expecting value: line 1 column 1 (char 0)
19:31:53 | DEBUG   |       L1 Gagal, mencoba L2 DDGS...
19:32:02 | INFO    |       => Sukses dari: https://www.tempatwisata.pro/wisata/Objek-Wisata-Hutan-Bambu-To'-Kumila'
19:32:03 | INFO    | [1502/2708] Mencari: Air Terjun
19:32:03 | DEBUG   | [L1 Wiki] Error: Expecting value: line 1 column 1 (char 0)
19:32:03 | DEBUG   |       L1 Gagal, mencoba L2 DDGS...
19:32:08 | INFO    |       => Sukses dari: https://keluyuran.com/tempat-wisata-di-morowali/
19:32:09 | INFO    | [1503/2708] Mencari: Wisata Bukit Harapan Gowa
19:32:09 | DEBUG   | [L1 Wiki] Error: Expecting value: line 1 column 1 (char 0)
19:32:09 | DEBUG   |       L1 Gagal, mencoba L2 DDGS...
19:32:17 | INFO    |       => Gagal mencari deskripsi.
19:32:18 | INFO    | [1504/2708] Mencari: Objek wisata terumbu karang Adhyaksa dan hutan bakau Adhyaksa
19:32:19 | DEBUG   | [L1 Wiki] Error: Expecting value: line 1 column 1 (char 0)
19:32:19 | DEBUG   |       L1 Gagal, mencoba L2 DDGS...
19:32:25 | INFO    |       => Sukses dari: https://idfirms.com/sulawesi-tengah/objek-wisata-terumbu-karang-adhyaksa-dan-hutan-bakau-adhyaksa-516604
19:32:27 | INFO    | [1505/2708] Mencari: Blue Lagoon Labengki
19:32:27 | DEBUG   | [L1 Wiki] Error: Expecting value: line 1 column 1 (char 0)
19:32:27 | DEBUG   |       L1 Gagal, mencoba L2 DDGS...
19:32:34 | INFO    |       => Sukses dari: https://sultra.antaranews.com/berita/439089/keindahan-pulau-labengki-di-konawe-utara-miniatur-raja-ampat-di-konawe
19:32:36 | INFO    | [1506/2708] Mencari: Senja Beloka
19:32:36 | DEBUG   | [L1 Wiki] Error: Expecting value: line 1 column 1 (char 0)
19:32:36 | DEBUG   |       L1 Gagal, mencoba L2 DDGS...
19:32:41 | INFO    |       => Gagal mencari deskripsi.
19:32:43 | INFO    | [1507/2708] Mencari: Air Terjun Kembes
19:32:43 | DEBUG   | [L1 Wiki] Error: Expecting value: line 1 column 1 (char 0)
19:32:43 | DEBUG   |       L1 Gagal, mencoba L2 DDGS...
19:32:51 | DEBUG   | [L2 DDGS] Error: ConnectError: ConnectError('error sending request for url (https://html.duckduckgo.com/html/)', 'https://html.duckduckgo.com/html/')
19:32:51 | INFO    |       => Gagal mencari deskripsi.
19:32:53 | INFO    | [1508/2708] Mencari: Air Terjun Bobaa
19:32:53 | DEBUG   | [L1 Wiki] Error: Expecting value: line 1 column 1 (char 0)
19:32:53 | DEBUG   |       L1 Gagal, mencoba L2 DDGS...
19:32:58 | INFO    |       => Gagal mencari deskripsi.
19:33:00 | INFO    | [1509/2708] Mencari: Puncak Savana Puuhopa
19:33:00 | DEBUG   | [L1 Wiki] Error: Expecting value: line 1 column 1 (char 0)
19:33:00 | DEBUG   |       L1 Gagal, mencoba L2 DDGS...
19:33:08 | DEBUG   | [L2 DDGS] Error: ConnectError: ConnectError('error sending request for url (https://html.duckduckgo.com/html/)', 'https://html.duckduckgo.com/html/')
19:33:08 | INFO    |       => Gagal mencari deskripsi.
19:33:09 | INFO    | *** Auto-saving 940 baris diproses...
19:33:09 | INFO    | [1510/2708] Mencari: Gua Koo
19:33:09 | DEBUG   | [L1 Wiki] Error: Expecting value: line 1 column 1 (char 0)
19:33:09 | DEBUG   |       L1 Gagal, mencoba L2 DDGS...
19:33:19 | INFO    |       => Sukses dari: https://www.geokepo.id/id/lokasi/buton-tengah/gua-koo
19:33:20 | INFO    | [1511/2708] Mencari: Air Terjun Maccading
19:33:20 | DEBUG   | [L1 Wiki] Error: Expecting value: line 1 column 1 (char 0)
19:33:20 | DEBUG   |       L1 Gagal, mencoba L2 DDGS...
19:33:28 | INFO    |       => Sukses dari: https://www.sulawesipos.com/travel/2026/01/14/air-terjun-maccading-bone-wisata-alam-ulaweng-yang-masih-alami/
19:33:30 | INFO    | [1512/2708] Mencari: Parkiran Air Terjun (Kali)
19:33:30 | DEBUG   | [L1 Wiki] Error: Expecting value: line 1 column 1 (char 0)
19:33:30 | DEBUG   |       L1 Gagal, mencoba L2 DDGS...
19:33:35 | DEBUG   | [L2 DDGS] Error: RequestError: RequestError('error sending request for url (https://search.yahoo.com/search;_ylt=Rvy5hzC5-RMrjHJM0EC-ey-p;_ylu=idy-hN76KtNSxXl_3NrtNOjAvM21jg_2dfNDxpxCh47CcKo?p=Parkiran+Air+Terjun+%28Kali%29+Kabupaten+Minahasa+wisata)', 'https://search.yahoo.com/search;_ylt=Rvy5hzC5-RMrjHJM0EC-ey-p;_ylu=idy-hN76KtNSxXl_3NrtNOjAvM21jg_2dfNDxpxCh47CcKo?p=Parkiran+Air+Terjun+%28Kali%29+Kabupaten+Minahasa+wisata')
19:33:35 | INFO    |       => Gagal mencari deskripsi.
19:33:37 | INFO    | [1513/2708] Mencari: Taman Pantai Bone Baru
19:33:37 | DEBUG   | [L1 Wiki] Error: Expecting value: line 1 column 1 (char 0)
19:33:37 | DEBUG   |       L1 Gagal, mencoba L2 DDGS...
19:33:44 | DEBUG   | [L2 BS4] Gagal ekstraksi url https://sisparnas.kemenparekraf.go.id/p/49197 -> HTTPSConnectionPool(host='sisparnas.kemenparekraf.go.id', port=443): Max retries exceeded with url: /p/49197 (Caused by NameResolutionError("HTTPSConnection(host='sisparnas.kemenparekraf.go.id', port=443): Failed to resolve 'sisparnas.kemenparekraf.go.id' ([Errno 11002] getaddrinfo failed)"))
19:33:45 | INFO    |       => Sukses dari: https://tempatwisataseru.com/tempat-wisata-di-banggai-kepulauan/
19:33:47 | INFO    | [1514/2708] Mencari: Permandian sungai jernih
19:33:47 | DEBUG   | [L1 Wiki] Error: Expecting value: line 1 column 1 (char 0)
19:33:47 | DEBUG   |       L1 Gagal, mencoba L2 DDGS...
19:33:51 | INFO    |       => Sukses dari: https://yandex.com/maps/org/permandian_sungai_jernih/19023180492/
19:33:53 | INFO    | [1515/2708] Mencari: Wisata Buntu Nangka (Palopo)
19:33:53 | DEBUG   | [L1 Wiki] Error: Expecting value: line 1 column 1 (char 0)
19:33:53 | DEBUG   |       L1 Gagal, mencoba L2 DDGS...
19:34:01 | DEBUG   | [L2 DDGS] Error: ConnectError: ConnectError('error sending request for url (https://html.duckduckgo.com/html/)', 'https://html.duckduckgo.com/html/')
19:34:01 | INFO    |       => Gagal mencari deskripsi.
19:34:02 | INFO    | [1516/2708] Mencari: Gua Susundeng
19:34:02 | DEBUG   | [L1 Wiki] Error: Expecting value: line 1 column 1 (char 0)
19:34:02 | DEBUG   |       L1 Gagal, mencoba L2 DDGS...
19:34:09 | DEBUG   | [L2 DDGS] Error: RequestError: RequestError('error sending request for url (https://search.yahoo.com/search;_ylt=_QlungcczjlKRY7VJe98w_a8;_ylu=6qACzoZQQ3leGKDFnFjtDOFt61w7-kV6f2MT-AlX49YF-8k?p=Gua+Susundeng+Kabupaten+Banggai+Kepulauan+wisata)', 'https://search.yahoo.com/search;_ylt=_QlungcczjlKRY7VJe98w_a8;_ylu=6qACzoZQQ3leGKDFnFjtDOFt61w7-kV6f2MT-AlX49YF-8k?p=Gua+Susundeng+Kabupaten+Banggai+Kepulauan+wisata')
19:34:09 | INFO    |       => Gagal mencari deskripsi.
19:34:10 | INFO    | [1517/2708] Mencari: air terjun wambalamba
19:34:10 | DEBUG   | [L1 Wiki] Error: Expecting value: line 1 column 1 (char 0)
19:34:10 | DEBUG   |       L1 Gagal, mencoba L2 DDGS...
19:34:20 | DEBUG   | [L2 BS4] Gagal ekstraksi url https://sisparnas.kemenparekraf.go.id/p/45885 -> HTTPSConnectionPool(host='sisparnas.kemenparekraf.go.id', port=443): Max retries exceeded with url: /p/45885 (Caused by NameResolutionError("HTTPSConnection(host='sisparnas.kemenparekraf.go.id', port=443): Failed to resolve 'sisparnas.kemenparekraf.go.id' ([Errno 11002] getaddrinfo failed)"))
19:34:20 | INFO    |       => Gagal mencari deskripsi.
19:34:22 | INFO    | [1518/2708] Mencari: Pantai Kasambang
19:34:22 | DEBUG   | [L1 Wiki] Error: Expecting value: line 1 column 1 (char 0)
19:34:22 | DEBUG   |       L1 Gagal, mencoba L2 DDGS...
19:34:27 | DEBUG   | [L2 DDGS] Error: RequestError: RequestError('error sending request for url (https://search.yahoo.com/search;_ylt=HrJJtK67sy2A3VmJ5V-sXY2b;_ylu=-go0ILqRn0L_k1Jy03qVrvW-yjdRojO-XkAqW-hq2IsJPyo?p=Pantai+Kasambang+Kabupaten+Mamuju+wisata)', 'https://search.yahoo.com/search;_ylt=HrJJtK67sy2A3VmJ5V-sXY2b;_ylu=-go0ILqRn0L_k1Jy03qVrvW-yjdRojO-XkAqW-hq2IsJPyo?p=Pantai+Kasambang+Kabupaten+Mamuju+wisata')
19:34:27 | INFO    |       => Gagal mencari deskripsi.
19:34:29 | INFO    | [1519/2708] Mencari: Air Terjun Tembang Luk Sagu
19:34:29 | DEBUG   | [L1 Wiki] Error: Expecting value: line 1 column 1 (char 0)
19:34:29 | DEBUG   |       L1 Gagal, mencoba L2 DDGS...
19:34:35 | DEBUG   | [L2 DDGS] Error: RequestError: RequestError('error sending request for url (https://search.yahoo.com/search;_ylt=ZlazOi1jk0aiS6QLS23pimIK;_ylu=ih0SqzhSMJz2Gk4biCEPmfpyFVhSq7c4xvpPjrBPR9j_umM?p=Air+Terjun+Tembang+Luk+Sagu+Kabupaten+Banggai+Kepulauan+wisata)', 'https://search.yahoo.com/search;_ylt=ZlazOi1jk0aiS6QLS23pimIK;_ylu=ih0SqzhSMJz2Gk4biCEPmfpyFVhSq7c4xvpPjrBPR9j_umM?p=Air+Terjun+Tembang+Luk+Sagu+Kabupaten+Banggai+Kepulauan+wisata')
19:34:35 | INFO    |       => Gagal mencari deskripsi.
19:34:37 | INFO    | [1520/2708] Mencari: Museum Daerah Kab Banggai _Bekas Rumah Capitan
19:34:37 | DEBUG   | [L1 Wiki] Error: Expecting value: line 1 column 1 (char 0)
19:34:37 | DEBUG   |       L1 Gagal, mencoba L2 DDGS...
19:34:47 | DEBUG   | [L2 DDGS] Error: ('error sending request for url (https://search.yahoo.com/search;_ylt=jriklhYxEB0beYLrJiAP7Xi2;_ylu=6yUpb8svnrmBAOSchnVInvbyq4gyh9rQwA4EU0OW_IKPNoU?p=Museum+Daerah+Kab+Banggai+_Bekas+Rumah+Capitan+Kabupaten+Banggai+wisata)', 'https://search.yahoo.com/search;_ylt=jriklhYxEB0beYLrJiAP7Xi2;_ylu=6yUpb8svnrmBAOSchnVInvbyq4gyh9rQwA4EU0OW_IKPNoU?p=Museum+Daerah+Kab+Banggai+_Bekas+Rumah+Capitan+Kabupaten+Banggai+wisata')
19:34:47 | INFO    |       => Gagal mencari deskripsi.
19:34:49 | INFO    | [1521/2708] Mencari: Bukit Kaju Angin
19:34:49 | DEBUG   | [L1 Wiki] Error: Expecting value: line 1 column 1 (char 0)
19:34:49 | DEBUG   |       L1 Gagal, mencoba L2 DDGS...
19:34:55 | INFO    |       => Sukses dari: https://dtwpalopo.com/detail/6
19:34:57 | INFO    | [1522/2708] Mencari: Pantai Monano ( Gorontalo Utara )
19:34:57 | DEBUG   | [L1 Wiki] Error: Expecting value: line 1 column 1 (char 0)
19:34:57 | DEBUG   |       L1 Gagal, mencoba L2 DDGS...
19:35:04 | DEBUG   | [L2 DDGS] Error: ConnectError: ConnectError('error sending request for url (https://html.duckduckgo.com/html/)', 'https://html.duckduckgo.com/html/')
19:35:04 | INFO    |       => Gagal mencari deskripsi.
19:35:06 | INFO    | [1523/2708] Mencari: Pantai Batukarapu
19:35:06 | DEBUG   | [L1 Wiki] Error: Expecting value: line 1 column 1 (char 0)
19:35:06 | DEBUG   |       L1 Gagal, mencoba L2 DDGS...
19:35:23 | DEBUG   | [L2 BS4] Gagal ekstraksi url https://kepulauanselayarkab.go.id/ -> invalid literal for int() with base 10: '39an XXXIV Sulawesi Selatan: Selayar Catat Dua Wakil di Final </a></h4>\n\t\t\t\t\t\t\t\t\t\t\t\t\t<span class=\'meta\'>\n\t\t\t\t\t\t\t\t\t\t\t\t\t\t<a href=\'https://kepulauanselayarkab.go.id/penut
19:35:23 | INFO    |       => Gagal mencari deskripsi.
19:35:25 | INFO    | [1524/2708] Mencari: Pango Pango Eco Green Park
19:35:25 | DEBUG   | [L1 Wiki] Error: Expecting value: line 1 column 1 (char 0)
19:35:25 | DEBUG   |       L1 Gagal, mencoba L2 DDGS...
19:35:34 | DEBUG   | [L2 DDGS] Error: RequestError: RequestError('error sending request for url (https://search.yahoo.com/search;_ylt=O508pPaULd0tjcPITpouTNcC;_ylu=8W6HGEL34pwHkIRIUtr2vZ5DLA7T7dVnZkWv3wtUfLBOzLk?p=Pango+Pango+Eco+Green+Park+Kabupaten+Tana+Toraja+wisata)', 'https://search.yahoo.com/search;_ylt=O508pPaULd0tjcPITpouTNcC;_ylu=8W6HGEL34pwHkIRIUtr2vZ5DLA7T7dVnZkWv3wtUfLBOzLk?p=Pango+Pango+Eco+Green+Park+Kabupaten+Tana+Toraja+wisata')
19:35:34 | INFO    |       => Gagal mencari deskripsi.
19:35:36 | INFO    | [1525/2708] Mencari: Pantai Tasik Oki
19:35:36 | DEBUG   | [L1 Wiki] Error: Expecting value: line 1 column 1 (char 0)
19:35:36 | DEBUG   |       L1 Gagal, mencoba L2 DDGS...
19:35:47 | DEBUG   | [L2 DDGS] Error: ConnectError: ConnectError('error sending request for url (https://html.duckduckgo.com/html/)', 'https://html.duckduckgo.com/html/')
19:35:47 | INFO    |       => Gagal mencari deskripsi.
19:35:49 | INFO    | [1526/2708] Mencari: Pantai Kapuk Toboli
19:35:49 | DEBUG   | [L1 Wiki] Error: Expecting value: line 1 column 1 (char 0)
19:35:49 | DEBUG   |       L1 Gagal, mencoba L2 DDGS...
19:35:55 | INFO    |       => Sukses dari: https://waktu.news/tempat-wisata-parigi-moutong/
19:35:56 | INFO    | [1527/2708] Mencari: Makam Raja Todilaling
19:35:56 | DEBUG   | [L1 Wiki] Error: Expecting value: line 1 column 1 (char 0)
19:35:56 | DEBUG   |       L1 Gagal, mencoba L2 DDGS...
19:36:04 | INFO    |       => Sukses dari: http://paceko.com/2025/02/cerita-todzilaling-raja-balanipa-di-mandar-yang-dikubur-bersama-14-dayang-setia/
19:36:06 | INFO    | [1528/2708] Mencari: Pantai Lito Mohinggito
19:36:06 | DEBUG   | [L1 Wiki] Error: Expecting value: line 1 column 1 (char 0)
19:36:06 | DEBUG   |       L1 Gagal, mencoba L2 DDGS...
19:36:13 | DEBUG   | [L2 DDGS] Error: ConnectError: ConnectError('error sending request for url (https://html.duckduckgo.com/html/)', 'https://html.duckduckgo.com/html/')
19:36:13 | INFO    |       => Gagal mencari deskripsi.
19:36:14 | INFO    | [1529/2708] Mencari: Obyek Wisata Telaga Tambing
19:36:14 | DEBUG   | [L1 Wiki] Error: Expecting value: line 1 column 1 (char 0)
19:36:14 | DEBUG   |       L1 Gagal, mencoba L2 DDGS...
19:36:18 | INFO    |       => Sukses dari: https://id.wikipedia.org/wiki/Danau_Tambing
19:36:19 | INFO    | *** Auto-saving 960 baris diproses...
19:36:19 | INFO    | [1530/2708] Mencari: Pantai Widodo
19:36:19 | DEBUG   | [L1 Wiki] Error: Expecting value: line 1 column 1 (char 0)
19:36:19 | DEBUG   |       L1 Gagal, mencoba L2 DDGS...
19:36:25 | DEBUG   | [L2 DDGS] Error: ConnectError: ConnectError('error sending request for url (https://html.duckduckgo.com/html/)', 'https://html.duckduckgo.com/html/')
19:36:25 | INFO    |       => Gagal mencari deskripsi.
19:36:27 | INFO    | [1531/2708] Mencari: Wisata Pantai Mangrove Ampallas
19:36:27 | DEBUG   | [L1 Wiki] Error: Expecting value: line 1 column 1 (char 0)
19:36:27 | DEBUG   |       L1 Gagal, mencoba L2 DDGS...
19:36:32 | INFO    |       => Sukses dari: https://keluyuran.com/tempat-wisata-di-mamuju/
19:36:33 | INFO    | [1532/2708] Mencari: Kolam renang lambe lambe
19:36:33 | DEBUG   | [L1 Wiki] Error: Expecting value: line 1 column 1 (char 0)
19:36:33 | DEBUG   |       L1 Gagal, mencoba L2 DDGS...
19:36:45 | DEBUG   | [L2 DDGS] Error: ('error sending request for url (https://html.duckduckgo.com/html/)', 'https://html.duckduckgo.com/html/')
19:36:45 | INFO    |       => Gagal mencari deskripsi.
19:36:46 | INFO    | [1533/2708] Mencari: Loko' Nippon
19:36:46 | DEBUG   | [L1 Wiki] Error: Expecting value: line 1 column 1 (char 0)
19:36:46 | DEBUG   |       L1 Gagal, mencoba L2 DDGS...
19:36:53 | DEBUG   | [L2 BS4] Gagal ekstraksi url https://www.timenews.co.id/hiburan/99514199591/loko-wai-lambun-pesona-keindahan-wisata-gua-karst-bersejarah-dan-petualangan-seru-di-desa-wisata-kadingeh-sulawesi-selatan -> HTTPSConnectionPool(host='www.timenews.co.id', port=443): Max retries exceeded with url: /hiburan/99514199591/loko-wai-lambun-pesona-keindahan-wisata-gua-karst-bersejarah-dan-petualangan-seru-di-desa-wisata-kadingeh-sulawesi-selatan (Caused by SSLError(SSLCertVerificationError(1, '[SSL: CERTIFICATE_VERIFY_FAILED] certificate verify failed: unable to get local issuer certificate (_ssl.c:1081)')))
19:36:55 | INFO    |       => Gagal mencari deskripsi.
19:36:56 | INFO    | [1534/2708] Mencari: Bendungan Ladongi
19:36:56 | DEBUG   | [L1 Wiki] Error: Expecting value: line 1 column 1 (char 0)
19:36:56 | DEBUG   |       L1 Gagal, mencoba L2 DDGS...
19:37:06 | INFO    |       => Sukses dari: https://id.wikipedia.org/wiki/Bendungan_Ladongi
19:37:08 | INFO    | [1535/2708] Mencari: Wisata Alam Batu Poopi
19:37:08 | DEBUG   | [L1 Wiki] Error: Expecting value: line 1 column 1 (char 0)
19:37:08 | DEBUG   |       L1 Gagal, mencoba L2 DDGS...
19:37:17 | DEBUG   | [L2 DDGS] Error: ConnectError: ConnectError('error sending request for url (https://html.duckduckgo.com/html/)', 'https://html.duckduckgo.com/html/')
19:37:17 | INFO    |       => Gagal mencari deskripsi.
19:37:18 | INFO    | [1536/2708] Mencari: Pantai wasaga
19:37:18 | DEBUG   | [L1 Wiki] Error: Expecting value: line 1 column 1 (char 0)
19:37:18 | DEBUG   |       L1 Gagal, mencoba L2 DDGS...
19:37:26 | DEBUG   | [L2 DDGS] Error: ConnectError: ConnectError('error sending request for url (https://html.duckduckgo.com/html/)', 'https://html.duckduckgo.com/html/')
19:37:26 | INFO    |       => Gagal mencari deskripsi.
19:37:28 | INFO    | [1537/2708] Mencari: OBYEK WISATA BATU PIAK
19:37:28 | DEBUG   | [L1 Wiki] Error: Expecting value: line 1 column 1 (char 0)
19:37:28 | DEBUG   |       L1 Gagal, mencoba L2 DDGS...
19:37:37 | INFO    |       => Sukses dari: https://jadesta.kemenpar.go.id/atraksi/wisata_batu_piak
19:37:39 | INFO    | [1538/2708] Mencari: Bulu Masomba
19:37:39 | DEBUG   | [L1 Wiki] Error: Expecting value: line 1 column 1 (char 0)
19:37:39 | DEBUG   |       L1 Gagal, mencoba L2 DDGS...
19:37:46 | DEBUG   | [L2 DDGS] Error: ConnectError: ConnectError('error sending request for url (https://html.duckduckgo.com/html/)', 'https://html.duckduckgo.com/html/')
19:37:46 | INFO    |       => Gagal mencari deskripsi.
19:37:48 | INFO    | [1539/2708] Mencari: Gunung Tondano
19:37:48 | DEBUG   | [L1 Wiki] Error: Expecting value: line 1 column 1 (char 0)
19:37:48 | DEBUG   |       L1 Gagal, mencoba L2 DDGS...
19:37:51 | INFO    |       => Sukses dari: https://banyuwangi.viva.co.id/wisata/34514-7-wisata-paling-populer-di-tondano-surga-kecil-di-sulawesi-utara
19:37:52 | INFO    | [1540/2708] Mencari: GPPS Gunung Moria - Kota Gorontalo
19:37:52 | DEBUG   | [L1 Wiki] Error: Expecting value: line 1 column 1 (char 0)
19:37:52 | DEBUG   |       L1 Gagal, mencoba L2 DDGS...
19:38:00 | INFO    |       => Sukses dari: https://idalamat.com/alamat/241458/gereja-gpps-gunung-moria-gorontalo-gorontalo
19:38:02 | INFO    | [1541/2708] Mencari: Bukit Belum Ada Nama
19:38:02 | DEBUG   | [L1 Wiki] Error: Expecting value: line 1 column 1 (char 0)
19:38:02 | DEBUG   |       L1 Gagal, mencoba L2 DDGS...
19:38:10 | DEBUG   | [L2 DDGS] Error: ConnectError: ConnectError('error sending request for url (https://html.duckduckgo.com/html/)', 'https://html.duckduckgo.com/html/')
19:38:10 | INFO    |       => Gagal mencari deskripsi.
19:38:11 | INFO    | [1542/2708] Mencari: Air Terjun Tekaan Telu
19:38:12 | DEBUG   | [L1 Wiki] Error: Expecting value: line 1 column 1 (char 0)
19:38:12 | DEBUG   |       L1 Gagal, mencoba L2 DDGS...
19:38:19 | DEBUG   | [L2 DDGS] Error: RequestError: RequestError('error sending request for url (https://search.yahoo.com/search;_ylt=Pmse153V1FpEIcrHbQ15BnQl;_ylu=Pnz2QHQCkTvk0Hi12CCUvmFuxffahUO1tjQO3O5YWcT9XbQ?p=Air+Terjun+Tekaan+Telu+Kota+Tomohon+wisata)', 'https://search.yahoo.com/search;_ylt=Pmse153V1FpEIcrHbQ15BnQl;_ylu=Pnz2QHQCkTvk0Hi12CCUvmFuxffahUO1tjQO3O5YWcT9XbQ?p=Air+Terjun+Tekaan+Telu+Kota+Tomohon+wisata')
19:38:19 | INFO    |       => Gagal mencari deskripsi.
19:38:21 | INFO    | [1543/2708] Mencari: Bulu Ballea
19:38:21 | DEBUG   | [L1 Wiki] Error: Expecting value: line 1 column 1 (char 0)
19:38:21 | DEBUG   |       L1 Gagal, mencoba L2 DDGS...
19:38:27 | INFO    |       => Gagal mencari deskripsi.
19:38:29 | INFO    | [1544/2708] Mencari: Pantai ku
19:38:29 | DEBUG   | [L1 Wiki] Error: Expecting value: line 1 column 1 (char 0)
19:38:29 | DEBUG   |       L1 Gagal, mencoba L2 DDGS...
19:38:36 | DEBUG   | [L2 DDGS] Error: ConnectError: ConnectError('error sending request for url (https://html.duckduckgo.com/html/)', 'https://html.duckduckgo.com/html/')
19:38:36 | INFO    |       => Gagal mencari deskripsi.
19:38:38 | INFO    | [1545/2708] Mencari: Wisata Bahari Selayar Bawean
19:38:38 | DEBUG   | [L1 Wiki] Error: Expecting value: line 1 column 1 (char 0)
19:38:38 | DEBUG   |       L1 Gagal, mencoba L2 DDGS...
19:38:45 | INFO    |       => Sukses dari: https://disparekrafbudpora.gresikkab.go.id/detailpost/wisata-bahari-selayar-wbs
19:38:46 | INFO    | [1546/2708] Mencari: Danau Tendetung
19:38:47 | DEBUG   | [L1 Wiki] Error: Expecting value: line 1 column 1 (char 0)
19:38:47 | DEBUG   |       L1 Gagal, mencoba L2 DDGS...
19:38:54 | DEBUG   | [L2 DDGS] Error: ConnectError: ConnectError('error sending request for url (https://html.duckduckgo.com/html/)', 'https://html.duckduckgo.com/html/')
19:38:54 | INFO    |       => Gagal mencari deskripsi.
19:38:55 | INFO    | [1547/2708] Mencari: Pantai kelapa kuning
19:38:55 | DEBUG   | [L1 Wiki] Error: Expecting value: line 1 column 1 (char 0)
19:38:55 | DEBUG   |       L1 Gagal, mencoba L2 DDGS...
19:39:03 | INFO    |       => Sukses dari: https://kendariinfo.com/intip-keindahan-pantai-kelapa-kuning-wawonii-jadi-objek-wisata-baru-di-konawe-kepulauan/
19:39:05 | INFO    | [1548/2708] Mencari: Pantai Bungin Pinungan
19:39:05 | DEBUG   | [L1 Wiki] Error: Expecting value: line 1 column 1 (char 0)
19:39:05 | DEBUG   |       L1 Gagal, mencoba L2 DDGS...
19:39:10 | INFO    |       => Sukses dari: https://lakarama.digitaldesa.id/wisata/pantai-bungin-pinungan
19:39:12 | INFO    | [1549/2708] Mencari: Bulu Sorongan
19:39:12 | DEBUG   | [L1 Wiki] Error: Expecting value: line 1 column 1 (char 0)
19:39:12 | DEBUG   |       L1 Gagal, mencoba L2 DDGS...
19:39:20 | DEBUG   | [L2 DDGS] Error: ConnectError: ConnectError('error sending request for url (https://html.duckduckgo.com/html/)', 'https://html.duckduckgo.com/html/')
19:39:20 | INFO    |       => Gagal mencari deskripsi.
19:39:21 | INFO    | *** Auto-saving 980 baris diproses...
19:39:21 | INFO    | [1550/2708] Mencari: Lembah Piokang
19:39:21 | DEBUG   | [L1 Wiki] Error: Expecting value: line 1 column 1 (char 0)
19:39:21 | DEBUG   |       L1 Gagal, mencoba L2 DDGS...
19:39:29 | DEBUG   | [L2 DDGS] Error: ConnectError: ConnectError('error sending request for url (https://html.duckduckgo.com/html/)', 'https://html.duckduckgo.com/html/')
19:39:29 | INFO    |       => Gagal mencari deskripsi.
19:39:31 | INFO    | [1551/2708] Mencari: Negeri Berselimut Awan
19:39:31 | DEBUG   | [L1 Wiki] Error: Expecting value: line 1 column 1 (char 0)
19:39:31 | DEBUG   |       L1 Gagal, mencoba L2 DDGS...
19:39:37 | INFO    |       => Sukses dari: https://makassar.tribunnews.com/travel/1818004/negeri-berselimut-awan-wisata-alam-yang-memikat-hati-di-sinjai
19:39:39 | INFO    | [1552/2708] Mencari: GMIM Bukit Kalvari Aer Ujang
19:39:39 | DEBUG   | [L1 Wiki] Error: Expecting value: line 1 column 1 (char 0)
19:39:39 | DEBUG   |       L1 Gagal, mencoba L2 DDGS...
19:39:46 | DEBUG   | [L2 DDGS] Error: ConnectError: ConnectError('error sending request for url (https://html.duckduckgo.com/html/)', 'https://html.duckduckgo.com/html/')
19:39:46 | INFO    |       => Gagal mencari deskripsi.
19:39:48 | INFO    | [1553/2708] Mencari: Kolam Renang Lembah Kenari Manganitu
19:39:48 | DEBUG   | [L1 Wiki] Error: Expecting value: line 1 column 1 (char 0)
19:39:48 | DEBUG   |       L1 Gagal, mencoba L2 DDGS...
19:39:59 | INFO    |       => Sukses dari: http://www.elnusanews.com/2021/03/kolam-renang-lembah-kenari-lokasi.html
19:40:00 | INFO    | [1554/2708] Mencari: Batu Tikar Luwuk Kab. Banggai
19:40:00 | DEBUG   | [L1 Wiki] Error: Expecting value: line 1 column 1 (char 0)
19:40:00 | DEBUG   |       L1 Gagal, mencoba L2 DDGS...
19:40:10 | DEBUG   | [L2 DDGS] Error: ConnectError: ConnectError('error sending request for url (https://html.duckduckgo.com/html/)', 'https://html.duckduckgo.com/html/')
19:40:10 | INFO    |       => Gagal mencari deskripsi.
19:40:12 | INFO    | [1555/2708] Mencari: PUNCAK OGOMOLI
19:40:12 | DEBUG   | [L1 Wiki] Error: Expecting value: line 1 column 1 (char 0)
19:40:12 | DEBUG   |       L1 Gagal, mencoba L2 DDGS...
19:40:17 | DEBUG   | [L2 DDGS] Error: ConnectError: ConnectError('error sending request for url (https://html.duckduckgo.com/html/)', 'https://html.duckduckgo.com/html/')
19:40:17 | INFO    |       => Gagal mencari deskripsi.
19:40:19 | INFO    | [1556/2708] Mencari: Air Terjun Andawe
19:40:19 | DEBUG   | [L1 Wiki] Error: Expecting value: line 1 column 1 (char 0)
19:40:19 | DEBUG   |       L1 Gagal, mencoba L2 DDGS...
19:40:25 | DEBUG   | [L2 DDGS] Error: ConnectError: ConnectError('error sending request for url (https://html.duckduckgo.com/html/)', 'https://html.duckduckgo.com/html/')
19:40:25 | INFO    |       => Gagal mencari deskripsi.
19:40:27 | INFO    | [1557/2708] Mencari: PANTAI BAHARI
19:40:27 | DEBUG   | [L1 Wiki] Error: Expecting value: line 1 column 1 (char 0)
19:40:27 | DEBUG   |       L1 Gagal, mencoba L2 DDGS...
19:40:34 | INFO    |       => Sukses dari: https://sulsel.idntimes.com/travel/destination/5-wisata-pantai-di-polewali-mandar-ramai-dikunjungi-wisatawan-01-954ls-6dm4rb
19:40:35 | INFO    | [1558/2708] Mencari: Pantai Bahari Kanipang
19:40:35 | DEBUG   | [L1 Wiki] Error: Expecting value: line 1 column 1 (char 0)
19:40:35 | DEBUG   |       L1 Gagal, mencoba L2 DDGS...
19:40:44 | INFO    |       => Sukses dari: https://www.detik.com/sulsel/wisata/d-6896501/25-rekomendasi-objek-wisata-di-kabupaten-pinrang-untuk-liburan
19:40:45 | INFO    | [1559/2708] Mencari: Pantai Harapan Indah Ammani
19:40:45 | DEBUG   | [L1 Wiki] Error: Expecting value: line 1 column 1 (char 0)
19:40:45 | DEBUG   |       L1 Gagal, mencoba L2 DDGS...
19:40:53 | DEBUG   | [L2 DDGS] Error: RequestError: RequestError('error sending request for url (https://search.yahoo.com/search;_ylt=cmV79atOv_TyBdj9VpT4xRXA;_ylu=-xi953GIhtNVCapTT7duxePdgZTF2Y7Hk3Tm2AYUgnuLp6k?p=Pantai+Harapan+Indah+Ammani+Kabupaten+Pinrang+wisata)', 'https://search.yahoo.com/search;_ylt=cmV79atOv_TyBdj9VpT4xRXA;_ylu=-xi953GIhtNVCapTT7duxePdgZTF2Y7Hk3Tm2AYUgnuLp6k?p=Pantai+Harapan+Indah+Ammani+Kabupaten+Pinrang+wisata')
19:40:53 | INFO    |       => Gagal mencari deskripsi.
19:40:55 | INFO    | [1560/2708] Mencari: Wisata Alam Waempubbu
19:40:55 | DEBUG   | [L1 Wiki] Error: Expecting value: line 1 column 1 (char 0)
19:40:55 | DEBUG   |       L1 Gagal, mencoba L2 DDGS...
19:41:11 | INFO    |       => Sukses dari: https://boneterkini.id/daftar-lengkap-tempat-wisata-di-bone-alam-budaya-dan-sejarah-yang-wajib-dikunjungi/
19:41:13 | INFO    | [1561/2708] Mencari: Pantai Kappe
19:41:13 | DEBUG   | [L1 Wiki] Error: Expecting value: line 1 column 1 (char 0)
19:41:13 | DEBUG   |       L1 Gagal, mencoba L2 DDGS...
19:41:20 | INFO    |       => Sukses dari: https://www.celebes.co/pantai-kappe-pinrang
19:41:21 | INFO    | [1562/2708] Mencari: Air Terjun Sendowan
19:41:21 | DEBUG   | [L1 Wiki] Error: Expecting value: line 1 column 1 (char 0)
19:41:21 | DEBUG   |       L1 Gagal, mencoba L2 DDGS...
19:41:28 | DEBUG   | [L2 DDGS] Error: ConnectError: ConnectError('error sending request for url (https://html.duckduckgo.com/html/)', 'https://html.duckduckgo.com/html/')
19:41:28 | INFO    |       => Gagal mencari deskripsi.
19:41:29 | INFO    | [1563/2708] Mencari: Bulud Init
19:41:29 | DEBUG   | [L1 Wiki] Error: Expecting value: line 1 column 1 (char 0)
19:41:29 | DEBUG   |       L1 Gagal, mencoba L2 DDGS...
19:41:37 | DEBUG   | [L2 DDGS] Error: ConnectError: ConnectError('error sending request for url (https://html.duckduckgo.com/html/)', 'https://html.duckduckgo.com/html/')
19:41:37 | INFO    |       => Gagal mencari deskripsi.
19:41:38 | INFO    | [1564/2708] Mencari: Bila Tungke, Jalur viral Soppeng
19:41:38 | DEBUG   | [L1 Wiki] Error: Expecting value: line 1 column 1 (char 0)
19:41:38 | DEBUG   |       L1 Gagal, mencoba L2 DDGS...
19:41:49 | DEBUG   | [L2 DDGS] Error: ConnectError: ConnectError('error sending request for url (https://html.duckduckgo.com/html/)', 'https://html.duckduckgo.com/html/')
19:41:49 | INFO    |       => Gagal mencari deskripsi.
19:41:50 | INFO    | [1565/2708] Mencari: Tugu Jepang
19:41:50 | DEBUG   | [L1 Wiki] Error: Expecting value: line 1 column 1 (char 0)
19:41:50 | DEBUG   |       L1 Gagal, mencoba L2 DDGS...
19:41:57 | INFO    |       => Sukses dari: https://duasudara.com/tugu-jepang-kota-bitung/
19:41:59 | INFO    | [1566/2708] Mencari: Air Terjun Kanari
19:41:59 | DEBUG   | [L1 Wiki] Error: Expecting value: line 1 column 1 (char 0)
19:41:59 | DEBUG   |       L1 Gagal, mencoba L2 DDGS...
19:42:04 | DEBUG   | [L2 DDGS] Error: ConnectError: ConnectError('error sending request for url (https://html.duckduckgo.com/html/)', 'https://html.duckduckgo.com/html/')
19:42:04 | INFO    |       => Gagal mencari deskripsi.
19:42:06 | INFO    | [1567/2708] Mencari: Taman Sarung Allo
19:42:06 | DEBUG   | [L1 Wiki] Error: Expecting value: line 1 column 1 (char 0)
19:42:06 | DEBUG   |       L1 Gagal, mencoba L2 DDGS...
19:42:14 | INFO    |       => Sukses dari: https://jadesta.kemenpar.go.id/atraksi/150707
19:42:15 | INFO    | [1568/2708] Mencari: Bukit Ja'bonga
19:42:15 | DEBUG   | [L1 Wiki] Error: Expecting value: line 1 column 1 (char 0)
19:42:15 | DEBUG   |       L1 Gagal, mencoba L2 DDGS...
19:42:25 | INFO    |       => Gagal mencari deskripsi.
19:42:27 | INFO    | [1569/2708] Mencari: Pantai andewa
19:42:27 | DEBUG   | [L1 Wiki] Error: Expecting value: line 1 column 1 (char 0)
19:42:27 | DEBUG   |       L1 Gagal, mencoba L2 DDGS...
19:42:35 | DEBUG   | [L2 DDGS] Error: ConnectError: ConnectError('error sending request for url (https://html.duckduckgo.com/html/)', 'https://html.duckduckgo.com/html/')
19:42:35 | INFO    |       => Gagal mencari deskripsi.
19:42:36 | INFO    | *** Auto-saving 1000 baris diproses...
19:42:36 | INFO    | [1570/2708] Mencari: Bone Pololoba Lopito
19:42:36 | DEBUG   | [L1 Wiki] Error: Expecting value: line 1 column 1 (char 0)
19:42:36 | DEBUG   |       L1 Gagal, mencoba L2 DDGS...
19:42:44 | DEBUG   | [L2 DDGS] Error: RequestError: RequestError('error sending request for url (https://search.yahoo.com/search;_ylt=Nmc0cevajGi1GFFGBaSKJjSX;_ylu=U7JxhYVyl0gOdZ6_OLrM6ODGkc79_Z3LYVdvmDK1j4zdhBc?p=Bone+Pololoba+Lopito+Kabupaten+Banggai+Kepulauan+wisata)', 'https://search.yahoo.com/search;_ylt=Nmc0cevajGi1GFFGBaSKJjSX;_ylu=U7JxhYVyl0gOdZ6_OLrM6ODGkc79_Z3LYVdvmDK1j4zdhBc?p=Bone+Pololoba+Lopito+Kabupaten+Banggai+Kepulauan+wisata')
19:42:44 | INFO    |       => Gagal mencari deskripsi.
19:42:46 | INFO    | [1571/2708] Mencari: Wisata Taman Bunga R.A
19:42:46 | DEBUG   | [L1 Wiki] Error: Expecting value: line 1 column 1 (char 0)
19:42:46 | DEBUG   |       L1 Gagal, mencoba L2 DDGS...
19:42:56 | INFO    |       => Sukses dari: https://idalamat.com/alamat/696664/wisata-taman-bunga-r-a-boalemo-gorontalo
19:42:57 | INFO    | [1572/2708] Mencari: Pantai Bahari Pakue
19:42:57 | DEBUG   | [L1 Wiki] Error: Expecting value: line 1 column 1 (char 0)
19:42:57 | DEBUG   |       L1 Gagal, mencoba L2 DDGS...
19:43:03 | DEBUG   | [L2 DDGS] Error: ConnectError: ConnectError('error sending request for url (https://html.duckduckgo.com/html/)', 'https://html.duckduckgo.com/html/')
19:43:03 | INFO    |       => Gagal mencari deskripsi.
19:43:05 | INFO    | [1573/2708] Mencari: Simpang Tiga Dekko
19:43:05 | DEBUG   | [L1 Wiki] Error: Expecting value: line 1 column 1 (char 0)
19:43:05 | DEBUG   |       L1 Gagal, mencoba L2 DDGS...
19:43:14 | INFO    |       => Sukses dari: https://jasatravel.web.id/rute-travel/dari-kabupaten-bone/ke-simpang-tiga/7308/110618
19:43:15 | INFO    | [1574/2708] Mencari: Rimba Bitti Pandala
19:43:15 | DEBUG   | [L1 Wiki] Error: Expecting value: line 1 column 1 (char 0)
19:43:15 | DEBUG   |       L1 Gagal, mencoba L2 DDGS...
19:43:21 | INFO    |       => Sukses dari: https://rimbabittipandala.com/
19:43:23 | INFO    | [1575/2708] Mencari: Afand Place
19:43:23 | DEBUG   | [L1 Wiki] Error: Expecting value: line 1 column 1 (char 0)
19:43:23 | DEBUG   |       L1 Gagal, mencoba L2 DDGS...
19:43:30 | DEBUG   | [L2 DDGS] Error: RequestError: RequestError('error sending request for url (https://search.yahoo.com/search;_ylt=pxR78e0oCzCeF5g7ff3qaPmA;_ylu=dgx6BKisVi8eV3eQFZ09EnoqdPmbQFiR-ad3SriBr1P31dI?p=Afand+Place+Kabupaten+Donggala+wisata)', 'https://search.yahoo.com/search;_ylt=pxR78e0oCzCeF5g7ff3qaPmA;_ylu=dgx6BKisVi8eV3eQFZ09EnoqdPmbQFiR-ad3SriBr1P31dI?p=Afand+Place+Kabupaten+Donggala+wisata')
19:43:30 | INFO    |       => Gagal mencari deskripsi.
19:43:32 | INFO    | [1576/2708] Mencari: Buyu Katapasa
19:43:32 | DEBUG   | [L1 Wiki] Error: Expecting value: line 1 column 1 (char 0)
19:43:32 | DEBUG   |       L1 Gagal, mencoba L2 DDGS...
19:43:38 | DEBUG   | [L2 DDGS] Error: RequestError: RequestError('error sending request for url (https://search.yahoo.com/search;_ylt=MzyDMLCBcG45VCO0vfbBW8h9;_ylu=mkXAiti5JgncNUDqfTTCPqlYd7iLI6lC5h3LYQlnxHrJtMc?p=Buyu+Katapasa+Kabupaten+Tojo+Una-Una+wisata)', 'https://search.yahoo.com/search;_ylt=MzyDMLCBcG45VCO0vfbBW8h9;_ylu=mkXAiti5JgncNUDqfTTCPqlYd7iLI6lC5h3LYQlnxHrJtMc?p=Buyu+Katapasa+Kabupaten+Tojo+Una-Una+wisata')
19:43:38 | INFO    |       => Gagal mencari deskripsi.
19:43:40 | INFO    | [1577/2708] Mencari: Pantai Air Kiri
19:43:40 | DEBUG   | [L1 Wiki] Error: Expecting value: line 1 column 1 (char 0)
19:43:40 | DEBUG   |       L1 Gagal, mencoba L2 DDGS...
19:43:44 | INFO    |       => Sukses dari: https://telisik.id/news/5-spot-wisata-menarik-di-pulau-sombori
19:43:46 | INFO    | [1578/2708] Mencari: PARE PARE BEACH
19:43:46 | DEBUG   | [L1 Wiki] Error: Expecting value: line 1 column 1 (char 0)
19:43:46 | DEBUG   |       L1 Gagal, mencoba L2 DDGS...
19:43:54 | INFO    |       => Sukses dari: https://touristplaces.guide/parepare-travel-guide-top-10-must-visit-tourist-places/
19:43:55 | INFO    | [1579/2708] Mencari: Air Terjun Pattumba
19:43:55 | DEBUG   | [L1 Wiki] Error: Expecting value: line 1 column 1 (char 0)
19:43:55 | DEBUG   |       L1 Gagal, mencoba L2 DDGS...
19:44:03 | DEBUG   | [L2 DDGS] Error: ConnectError: ConnectError('error sending request for url (https://html.duckduckgo.com/html/)', 'https://html.duckduckgo.com/html/')
19:44:03 | INFO    |       => Gagal mencari deskripsi.
19:44:05 | INFO    | [1580/2708] Mencari: autarkeia
19:44:05 | DEBUG   | [L1 Wiki] Error: Expecting value: line 1 column 1 (char 0)
19:44:05 | DEBUG   |       L1 Gagal, mencoba L2 DDGS...
19:44:12 | DEBUG   | [L2 DDGS] Error: ConnectError: ConnectError('error sending request for url (https://html.duckduckgo.com/html/)', 'https://html.duckduckgo.com/html/')
19:44:12 | INFO    |       => Gagal mencari deskripsi.
19:44:13 | INFO    | [1581/2708] Mencari: Situs wisata alam
19:44:13 | DEBUG   | [L1 Wiki] Error: Expecting value: line 1 column 1 (char 0)
19:44:13 | DEBUG   |       L1 Gagal, mencoba L2 DDGS...
19:44:19 | INFO    |       => Sukses dari: https://pulung.net/travel/tempat-wisata-terbaik-di-kabupaten-gorontalo-utara/
19:44:21 | INFO    | [1582/2708] Mencari: Malahi Beach
19:44:21 | DEBUG   | [L1 Wiki] Error: Expecting value: line 1 column 1 (char 0)
19:44:21 | DEBUG   |       L1 Gagal, mencoba L2 DDGS...
19:44:26 | INFO    |       => Sukses dari: https://gayahidup.rri.co.id/tahuna/wisata/2118974/pantai-malahi-jadi-tujuan-wisata-warga-sangihe
19:44:27 | INFO    | [1583/2708] Mencari: Pantai Sesiwung
19:44:27 | DEBUG   | [L1 Wiki] Error: Expecting value: line 1 column 1 (char 0)
19:44:27 | DEBUG   |       L1 Gagal, mencoba L2 DDGS...
19:44:37 | INFO    |       => Gagal mencari deskripsi.
19:44:39 | INFO    | [1584/2708] Mencari: Eduwisata Aqualife UNHAS
19:44:39 | DEBUG   | [L1 Wiki] Error: Expecting value: line 1 column 1 (char 0)
19:44:39 | DEBUG   |       L1 Gagal, mencoba L2 DDGS...
19:44:45 | DEBUG   | [L2 DDGS] Error: ConnectError: ConnectError('error sending request for url (https://html.duckduckgo.com/html/)', 'https://html.duckduckgo.com/html/')
19:44:45 | INFO    |       => Gagal mencari deskripsi.
19:44:46 | INFO    | [1585/2708] Mencari: Pattiroang Highland Desa Barania
19:44:46 | DEBUG   | [L1 Wiki] Error: Expecting value: line 1 column 1 (char 0)
19:44:46 | DEBUG   |       L1 Gagal, mencoba L2 DDGS...
19:44:54 | DEBUG   | [L2 BS4] Gagal ekstraksi url https://jadesta.kemenparekraf.go.id/atraksi/pattiroang_highland -> HTTPSConnectionPool(host='jadesta.kemenparekraf.go.id', port=443): Max retries exceeded with url: /atraksi/pattiroang_highland (Caused by NameResolutionError("HTTPSConnection(host='jadesta.kemenparekraf.go.id', port=443): Failed to resolve 'jadesta.kemenparekraf.go.id' ([Errno 11002] getaddrinfo failed)"))
19:44:56 | INFO    |       => Sukses dari: https://sulbar.jadesta.com/atraksi/pattiroang_highland
19:44:58 | INFO    | [1586/2708] Mencari: Sungai Galaggara Pangkep
19:44:58 | DEBUG   | [L1 Wiki] Error: Expecting value: line 1 column 1 (char 0)
19:44:58 | DEBUG   |       L1 Gagal, mencoba L2 DDGS...
19:45:09 | DEBUG   | [L2 DDGS] Error: ConnectError: ConnectError('error sending request for url (https://html.duckduckgo.com/html/)', 'https://html.duckduckgo.com/html/')
19:45:09 | INFO    |       => Gagal mencari deskripsi.
19:45:10 | INFO    | [1587/2708] Mencari: Embung Marilaleng
19:45:10 | DEBUG   | [L1 Wiki] Error: Expecting value: line 1 column 1 (char 0)
19:45:10 | DEBUG   |       L1 Gagal, mencoba L2 DDGS...
19:45:19 | DEBUG   | [L2 DDGS] Error: RequestError: RequestError('error sending request for url (https://search.yahoo.com/search;_ylt=HkpaiIkIJ9g3kYDzGCv-qUbs;_ylu=k8xhrTgEncJDv4k-8MFBKwbfYIm8hg-7MRsIrzN7nB6xX2c?p=Embung+Marilaleng+Kota+Parepare+wisata)', 'https://search.yahoo.com/search;_ylt=HkpaiIkIJ9g3kYDzGCv-qUbs;_ylu=k8xhrTgEncJDv4k-8MFBKwbfYIm8hg-7MRsIrzN7nB6xX2c?p=Embung+Marilaleng+Kota+Parepare+wisata')
19:45:19 | INFO    |       => Gagal mencari deskripsi.
19:45:21 | INFO    | [1588/2708] Mencari: Sumur Waranie Palakka
19:45:21 | DEBUG   | [L1 Wiki] Error: Expecting value: line 1 column 1 (char 0)
19:45:21 | DEBUG   |       L1 Gagal, mencoba L2 DDGS...
19:45:25 | INFO    |       => Sukses dari: https://boneterkini.id/sungai-waranie-di-usa-jadi-primadona-wisata-baru-di-bone/
19:45:27 | INFO    | [1589/2708] Mencari: Agrowisata Bonto Lojong,Ujung Bulu
19:45:27 | DEBUG   | [L1 Wiki] Error: Expecting value: line 1 column 1 (char 0)
19:45:27 | DEBUG   |       L1 Gagal, mencoba L2 DDGS...
19:45:33 | DEBUG   | [L2 DDGS] Error: ConnectError: ConnectError('error sending request for url (https://html.duckduckgo.com/html/)', 'https://html.duckduckgo.com/html/')
19:45:33 | INFO    |       => Gagal mencari deskripsi.
19:45:34 | INFO    | *** Auto-saving 1020 baris diproses...
19:45:34 | INFO    | [1590/2708] Mencari: Pantai Ujung Bantaeng
19:45:34 | DEBUG   | [L1 Wiki] Error: Expecting value: line 1 column 1 (char 0)
19:45:34 | DEBUG   |       L1 Gagal, mencoba L2 DDGS...
19:45:40 | DEBUG   | [L2 DDGS] Error: ConnectError: ConnectError('error sending request for url (https://html.duckduckgo.com/html/)', 'https://html.duckduckgo.com/html/')
19:45:40 | INFO    |       => Gagal mencari deskripsi.
19:45:42 | INFO    | [1591/2708] Mencari: Pantai Beau Sauk
19:45:42 | DEBUG   | [L1 Wiki] Error: Expecting value: line 1 column 1 (char 0)
19:45:42 | DEBUG   |       L1 Gagal, mencoba L2 DDGS...
19:45:50 | DEBUG   | [L2 DDGS] Error: ConnectError: ConnectError('error sending request for url (https://html.duckduckgo.com/html/)', 'https://html.duckduckgo.com/html/')
19:45:50 | INFO    |       => Gagal mencari deskripsi.
19:45:51 | INFO    | [1592/2708] Mencari: Paneki Tepi Teduh
19:45:51 | DEBUG   | [L1 Wiki] Error: Expecting value: line 1 column 1 (char 0)
19:45:51 | DEBUG   |       L1 Gagal, mencoba L2 DDGS...
19:45:58 | DEBUG   | [L2 DDGS] Error: ConnectError: ConnectError('error sending request for url (https://html.duckduckgo.com/html/)', 'https://html.duckduckgo.com/html/')
19:45:58 | INFO    |       => Gagal mencari deskripsi.
19:46:00 | INFO    | [1593/2708] Mencari: Pantai Wisata Pompon, Banggai Laut
19:46:00 | DEBUG   | [L1 Wiki] Error: Expecting value: line 1 column 1 (char 0)
19:46:00 | DEBUG   |       L1 Gagal, mencoba L2 DDGS...
19:46:07 | DEBUG   | [L2 DDGS] Error: ConnectError: ConnectError('error sending request for url (https://html.duckduckgo.com/html/)', 'https://html.duckduckgo.com/html/')
19:46:07 | INFO    |       => Gagal mencari deskripsi.
19:46:08 | INFO    | [1594/2708] Mencari: Moli'i Sahatu beach
19:46:08 | DEBUG   | [L1 Wiki] Error: Expecting value: line 1 column 1 (char 0)
19:46:08 | DEBUG   |       L1 Gagal, mencoba L2 DDGS...
19:46:15 | DEBUG   | [L2 DDGS] Error: ConnectError: ConnectError('error sending request for url (https://html.duckduckgo.com/html/)', 'https://html.duckduckgo.com/html/')
19:46:15 | INFO    |       => Gagal mencari deskripsi.
19:46:17 | INFO    | [1595/2708] Mencari: Air Terjun Bantimurung Salluang
19:46:17 | DEBUG   | [L1 Wiki] Error: Expecting value: line 1 column 1 (char 0)
19:46:17 | DEBUG   |       L1 Gagal, mencoba L2 DDGS...
19:46:23 | INFO    |       => Sukses dari: https://id.wikipedia.org/wiki/Air_Terjun_Bantimurung
19:46:25 | INFO    | [1596/2708] Mencari: KAPA Kawasan Agrowisata Pondok Amelia
19:46:25 | DEBUG   | [L1 Wiki] Error: Expecting value: line 1 column 1 (char 0)
19:46:25 | DEBUG   |       L1 Gagal, mencoba L2 DDGS...
19:46:34 | DEBUG   | [L2 DDGS] Error: ConnectError: ConnectError('error sending request for url (https://html.duckduckgo.com/html/)', 'https://html.duckduckgo.com/html/')
19:46:34 | INFO    |       => Gagal mencari deskripsi.
19:46:35 | INFO    | [1597/2708] Mencari: Air Terjun Tetewatu
19:46:35 | DEBUG   | [L1 Wiki] Error: Expecting value: line 1 column 1 (char 0)
19:46:35 | DEBUG   |       L1 Gagal, mencoba L2 DDGS...
19:46:41 | DEBUG   | [L2 DDGS] Error: ConnectError: ConnectError('error sending request for url (https://html.duckduckgo.com/html/)', 'https://html.duckduckgo.com/html/')
19:46:41 | INFO    |       => Gagal mencari deskripsi.
19:46:43 | INFO    | [1598/2708] Mencari: Wisata Alam Lembah Tottong
19:46:43 | DEBUG   | [L1 Wiki] Error: Expecting value: line 1 column 1 (char 0)
19:46:43 | DEBUG   |       L1 Gagal, mencoba L2 DDGS...
19:46:51 | DEBUG   | [L2 DDGS] Error: ConnectError: ConnectError('error sending request for url (https://html.duckduckgo.com/html/)', 'https://html.duckduckgo.com/html/')
19:46:51 | INFO    |       => Gagal mencari deskripsi.
19:46:53 | INFO    | [1599/2708] Mencari: Bukit Pusera
19:46:53 | DEBUG   | [L1 Wiki] Error: Expecting value: line 1 column 1 (char 0)
19:46:53 | DEBUG   |       L1 Gagal, mencoba L2 DDGS...
19:47:00 | INFO    |       => Sukses dari: http://pariwisata.kepulauanselayarkab.go.id/listing/bukit-pusera/
19:47:02 | INFO    | [1600/2708] Mencari: Air Terjun Bumbun
19:47:02 | DEBUG   | [L1 Wiki] Error: Expecting value: line 1 column 1 (char 0)
19:47:02 | DEBUG   |       L1 Gagal, mencoba L2 DDGS...
19:47:05 | INFO    |       => Sukses dari: https://gagaradio.org/objek-wisata-air-terjun-di-toraja/
19:47:07 | INFO    | [1601/2708] Mencari: Pantai Tebeabul Bakalan
19:47:07 | DEBUG   | [L1 Wiki] Error: Expecting value: line 1 column 1 (char 0)
19:47:07 | DEBUG   |       L1 Gagal, mencoba L2 DDGS...
19:47:14 | DEBUG   | [L2 DDGS] Error: ConnectError: ConnectError('error sending request for url (https://html.duckduckgo.com/html/)', 'https://html.duckduckgo.com/html/')
19:47:14 | INFO    |       => Gagal mencari deskripsi.
19:47:15 | INFO    | [1602/2708] Mencari: Puri Kahyangan Tomia
19:47:15 | DEBUG   | [L1 Wiki] Error: Expecting value: line 1 column 1 (char 0)
19:47:15 | DEBUG   |       L1 Gagal, mencoba L2 DDGS...
19:47:19 | INFO    |       => Sukses dari: https://travels.id/puncak-kahyangan-di-pulau-tomia/
19:47:20 | INFO    | [1603/2708] Mencari: Bukit Kanari Dan Bukit MattiroWalie
19:47:20 | DEBUG   | [L1 Wiki] Error: Expecting value: line 1 column 1 (char 0)
19:47:20 | DEBUG   |       L1 Gagal, mencoba L2 DDGS...
19:47:28 | DEBUG   | [L2 DDGS] Error: ConnectError: ConnectError('error sending request for url (https://html.duckduckgo.com/html/)', 'https://html.duckduckgo.com/html/')
19:47:28 | INFO    |       => Gagal mencari deskripsi.
19:47:30 | INFO    | [1604/2708] Mencari: Museum Daerah Maros
19:47:30 | DEBUG   | [L1 Wiki] Error: Expecting value: line 1 column 1 (char 0)
19:47:30 | DEBUG   |       L1 Gagal, mencoba L2 DDGS...
19:47:37 | DEBUG   | [L2 DDGS] Error: ConnectError: ConnectError('error sending request for url (https://html.duckduckgo.com/html/)', 'https://html.duckduckgo.com/html/')
19:47:37 | INFO    |       => Gagal mencari deskripsi.
19:47:38 | INFO    | [1605/2708] Mencari: LABUNGNGE BEACH
19:47:38 | DEBUG   | [L1 Wiki] Error: Expecting value: line 1 column 1 (char 0)
19:47:38 | DEBUG   |       L1 Gagal, mencoba L2 DDGS...
19:47:45 | INFO    |       => Sukses dari: https://www.pustakawanbarru.com/2022/06/tempat-wisata-pantai-barru-yang-populer.html
19:47:46 | INFO    | [1606/2708] Mencari: Pantai Tanjung
19:47:46 | DEBUG   | [L1 Wiki] Error: Expecting value: line 1 column 1 (char 0)
19:47:46 | DEBUG   |       L1 Gagal, mencoba L2 DDGS...
19:47:53 | DEBUG   | [L2 DDGS] Error: ConnectError: ConnectError('error sending request for url (https://html.duckduckgo.com/html/)', 'https://html.duckduckgo.com/html/')
19:47:53 | INFO    |       => Gagal mencari deskripsi.
19:47:54 | INFO    | [1607/2708] Mencari: Pantai torobulu
19:47:55 | DEBUG   | [L1 Wiki] Error: Expecting value: line 1 column 1 (char 0)
19:47:55 | DEBUG   |       L1 Gagal, mencoba L2 DDGS...
19:48:01 | INFO    |       => Sukses dari: https://jadesta.kemenpar.go.id/desa/torobulu
19:48:02 | INFO    | [1608/2708] Mencari: Tugu BRI Kolaka
19:48:02 | DEBUG   | [L1 Wiki] Error: Expecting value: line 1 column 1 (char 0)
19:48:02 | DEBUG   |       L1 Gagal, mencoba L2 DDGS...
19:48:14 | INFO    |       => Sukses dari: https://disparbudkoltim.wordpress.com/
19:48:15 | INFO    | [1609/2708] Mencari: Taman Wisata Alam Kea Kea
19:48:15 | DEBUG   | [L1 Wiki] Error: Expecting value: line 1 column 1 (char 0)
19:48:15 | DEBUG   |       L1 Gagal, mencoba L2 DDGS...
19:48:23 | INFO    |       => Sukses dari: https://telisik.id/news/keunikan-dan-keasrian-taman-wisata-kea-kea-kolaka-ada-air-panas
19:48:24 | INFO    | *** Auto-saving 1040 baris diproses...
19:48:24 | INFO    | [1610/2708] Mencari: Pantai Pasir Putih Uebutung
19:48:24 | DEBUG   | [L1 Wiki] Error: Expecting value: line 1 column 1 (char 0)
19:48:24 | DEBUG   |       L1 Gagal, mencoba L2 DDGS...
19:48:34 | DEBUG   | [L2 DDGS] Error: ConnectError: ConnectError('error sending request for url (https://html.duckduckgo.com/html/)', 'https://html.duckduckgo.com/html/')
19:48:34 | INFO    |       => Gagal mencari deskripsi.
19:48:36 | INFO    | [1611/2708] Mencari: Wae pella'e
19:48:36 | DEBUG   | [L1 Wiki] Error: Expecting value: line 1 column 1 (char 0)
19:48:36 | DEBUG   |       L1 Gagal, mencoba L2 DDGS...
19:48:44 | DEBUG   | [L2 DDGS] Error: ConnectError: ConnectError('error sending request for url (https://html.duckduckgo.com/html/)', 'https://html.duckduckgo.com/html/')
19:48:44 | INFO    |       => Gagal mencari deskripsi.
19:48:45 | INFO    | [1612/2708] Mencari: Hidden Valley
19:48:45 | DEBUG   | [L1 Wiki] Error: Expecting value: line 1 column 1 (char 0)
19:48:45 | DEBUG   |       L1 Gagal, mencoba L2 DDGS...
19:48:53 | DEBUG   | [L2 DDGS] Error: ConnectError: ConnectError('error sending request for url (https://html.duckduckgo.com/html/)', 'https://html.duckduckgo.com/html/')
19:48:53 | INFO    |       => Gagal mencari deskripsi.
19:48:54 | INFO    | [1613/2708] Mencari: Pantai lalape
19:48:54 | DEBUG   | [L1 Wiki] Error: Expecting value: line 1 column 1 (char 0)
19:48:54 | DEBUG   |       L1 Gagal, mencoba L2 DDGS...
19:48:58 | INFO    |       => Sukses dari: https://gopos.id/panorama-senja-di-pantai-lalape-pohuwato/
19:49:00 | INFO    | [1614/2708] Mencari: Pantai moian
19:49:00 | DEBUG   | [L1 Wiki] Error: Expecting value: line 1 column 1 (char 0)
19:49:00 | DEBUG   |       L1 Gagal, mencoba L2 DDGS...
19:49:06 | DEBUG   | [L2 DDGS] Error: ConnectError: ConnectError('error sending request for url (https://html.duckduckgo.com/html/)', 'https://html.duckduckgo.com/html/')
19:49:06 | INFO    |       => Gagal mencari deskripsi.
19:49:08 | INFO    | [1615/2708] Mencari: Wisata Pemandian Bukit Meranti
19:49:08 | DEBUG   | [L1 Wiki] Error: Expecting value: line 1 column 1 (char 0)
19:49:08 | DEBUG   |       L1 Gagal, mencoba L2 DDGS...
19:49:15 | INFO    |       => Sukses dari: https://hargo.co.id/berita/pemandian-puncak-meranti-objek-wisata-alam-di-bone-bolango-yang-sejuk-dan-asri/
19:49:17 | INFO    | [1616/2708] Mencari: Wisata Pantai Tersakiti
19:49:17 | DEBUG   | [L1 Wiki] Error: Expecting value: line 1 column 1 (char 0)
19:49:17 | DEBUG   |       L1 Gagal, mencoba L2 DDGS...
19:49:27 | INFO    |       => Sukses dari: https://sisparnas.kemenpar.go.id/p/47648
19:49:29 | INFO    | [1617/2708] Mencari: Samalona Travel
19:49:29 | DEBUG   | [L1 Wiki] Error: Expecting value: line 1 column 1 (char 0)
19:49:29 | DEBUG   |       L1 Gagal, mencoba L2 DDGS...
19:49:36 | INFO    |       => Sukses dari: https://sulsel.idntimes.com/travel/destination/wisata-pulau-samalona-makassar-keindahan-eksotis-yang-menenangkan-00-g3swn-0y61th
19:49:37 | INFO    | [1618/2708] Mencari: SAMUDERA DIVE OPERATOR
19:49:37 | DEBUG   | [L1 Wiki] Error: Expecting value: line 1 column 1 (char 0)
19:49:37 | DEBUG   |       L1 Gagal, mencoba L2 DDGS...
19:49:44 | INFO    |       => Sukses dari: https://manadodiveclub.com/
19:49:45 | INFO    | [1619/2708] Mencari: Air Terjun Pandawa
19:49:45 | DEBUG   | [L1 Wiki] Error: Expecting value: line 1 column 1 (char 0)
19:49:45 | DEBUG   |       L1 Gagal, mencoba L2 DDGS...
19:49:57 | INFO    |       => Gagal mencari deskripsi.
19:49:58 | INFO    | [1620/2708] Mencari: Pantai Wajo
19:49:58 | DEBUG   | [L1 Wiki] Error: Expecting value: line 1 column 1 (char 0)
19:49:58 | DEBUG   |       L1 Gagal, mencoba L2 DDGS...
19:50:05 | INFO    |       => Sukses dari: https://www.detik.com/sulsel/wisata/d-6896112/16-tempat-wisata-di-kabupaten-wajo-yang-wajib-di-kunjungi
19:50:06 | INFO    | [1621/2708] Mencari: Bukit nane polassi
19:50:06 | DEBUG   | [L1 Wiki] Error: Expecting value: line 1 column 1 (char 0)
19:50:06 | DEBUG   |       L1 Gagal, mencoba L2 DDGS...
19:50:14 | INFO    |       => Sukses dari: https://pariwisata.kepulauanselayarkab.go.id/2019/03/bukit-nane-pulau-polassi/
19:50:16 | INFO    | [1622/2708] Mencari: Mt. Soputan
19:50:16 | DEBUG   | [L1 Wiki] Error: Expecting value: line 1 column 1 (char 0)
19:50:16 | DEBUG   |       L1 Gagal, mencoba L2 DDGS...
19:50:24 | DEBUG   | [L2 DDGS] Error: ConnectError: ConnectError('error sending request for url (https://html.duckduckgo.com/html/)', 'https://html.duckduckgo.com/html/')
19:50:24 | INFO    |       => Gagal mencari deskripsi.
19:50:25 | INFO    | [1623/2708] Mencari: Bukit Savana desa lenyek
19:50:25 | DEBUG   | [L1 Wiki] Error: Expecting value: line 1 column 1 (char 0)
19:50:25 | DEBUG   |       L1 Gagal, mencoba L2 DDGS...
19:50:31 | DEBUG   | [L2 DDGS] Error: RequestError: RequestError('error sending request for url (https://search.yahoo.com/search;_ylt=cECE6TuNXgu0Ialfw3advmXW;_ylu=VNIIhlrnrhcyQiK5bwHIHQHWa63Hm9QdnJbMFF6p_6PihAI?p=Bukit+Savana+desa+lenyek+Kabupaten+Banggai+wisata)', 'https://search.yahoo.com/search;_ylt=cECE6TuNXgu0Ialfw3advmXW;_ylu=VNIIhlrnrhcyQiK5bwHIHQHWa63Hm9QdnJbMFF6p_6PihAI?p=Bukit+Savana+desa+lenyek+Kabupaten+Banggai+wisata')
19:50:31 | INFO    |       => Gagal mencari deskripsi.
19:50:33 | INFO    | [1624/2708] Mencari: WISATAKAUDUMA
19:50:33 | DEBUG   | [L1 Wiki] Error: Expecting value: line 1 column 1 (char 0)
19:50:33 | DEBUG   |       L1 Gagal, mencoba L2 DDGS...
19:50:40 | DEBUG   | [L2 DDGS] Error: ConnectError: ConnectError('error sending request for url (https://html.duckduckgo.com/html/)', 'https://html.duckduckgo.com/html/')
19:50:40 | INFO    |       => Gagal mencari deskripsi.
19:50:41 | INFO    | [1625/2708] Mencari: BUKIT ANUGERAH BULO
19:50:41 | DEBUG   | [L1 Wiki] Error: Expecting value: line 1 column 1 (char 0)
19:50:41 | DEBUG   |       L1 Gagal, mencoba L2 DDGS...
19:50:48 | DEBUG   | [L2 DDGS] Error: ConnectError: ConnectError('error sending request for url (https://html.duckduckgo.com/html/)', 'https://html.duckduckgo.com/html/')
19:50:48 | INFO    |       => Gagal mencari deskripsi.
19:50:50 | INFO    | [1626/2708] Mencari: Air Terjun Lamassua
19:50:50 | DEBUG   | [L1 Wiki] Error: Expecting value: line 1 column 1 (char 0)
19:50:50 | DEBUG   |       L1 Gagal, mencoba L2 DDGS...
19:50:57 | INFO    |       => Sukses dari: https://bangkikuj.blogspot.com/2024/03/exotis-jalur-air-terjun-lamassua-pompa.html
19:50:58 | INFO    | [1627/2708] Mencari: Pantai Ujung Kupang
19:50:58 | DEBUG   | [L1 Wiki] Error: Expecting value: line 1 column 1 (char 0)
19:50:58 | DEBUG   |       L1 Gagal, mencoba L2 DDGS...
19:51:05 | DEBUG   | [L2 DDGS] Error: ConnectError: ConnectError('error sending request for url (https://html.duckduckgo.com/html/)', 'https://html.duckduckgo.com/html/')
19:51:05 | INFO    |       => Gagal mencari deskripsi.
19:51:06 | INFO    | [1628/2708] Mencari: Objek wisata Buntu Sarira
19:51:06 | DEBUG   | [L1 Wiki] Error: Expecting value: line 1 column 1 (char 0)
19:51:06 | DEBUG   |       L1 Gagal, mencoba L2 DDGS...
19:51:12 | DEBUG   | [L2 DDGS] Error: RequestError: RequestError('error sending request for url (https://search.yahoo.com/search;_ylt=Uw8i1tl2wm3UHK5_W7skyYPG;_ylu=obB6n8wLVGNjAQzMr59Gwtqcj781Ktm817hwz6B7K9hOuTQ?p=Objek+wisata+Buntu+Sarira+Kabupaten+Tana+Toraja+wisata)', 'https://search.yahoo.com/search;_ylt=Uw8i1tl2wm3UHK5_W7skyYPG;_ylu=obB6n8wLVGNjAQzMr59Gwtqcj781Ktm817hwz6B7K9hOuTQ?p=Objek+wisata+Buntu+Sarira+Kabupaten+Tana+Toraja+wisata')
19:51:12 | INFO    |       => Gagal mencari deskripsi.
19:51:14 | INFO    | [1629/2708] Mencari: Air Terjun Tapahan Telu
19:51:14 | DEBUG   | [L1 Wiki] Error: Expecting value: line 1 column 1 (char 0)
19:51:14 | DEBUG   |       L1 Gagal, mencoba L2 DDGS...
19:51:24 | INFO    |       => Sukses dari: https://www.tomohon.indonesia-tourism.com/tapahan_telu_tinoor_waterfall.html
19:51:25 | INFO    | *** Auto-saving 1060 baris diproses...
19:51:25 | INFO    | [1630/2708] Mencari: Kuntung Prof Kawung (Koreng) Minahasa Selatan
19:51:25 | DEBUG   | [L1 Wiki] Error: Expecting value: line 1 column 1 (char 0)
19:51:25 | DEBUG   |       L1 Gagal, mencoba L2 DDGS...
19:51:34 | DEBUG   | [L2 DDGS] Error: ConnectError: ConnectError('error sending request for url (https://html.duckduckgo.com/html/)', 'https://html.duckduckgo.com/html/')
19:51:34 | INFO    |       => Gagal mencari deskripsi.
19:51:35 | INFO    | [1631/2708] Mencari: Pantai kapehetang
19:51:35 | DEBUG   | [L1 Wiki] Error: Expecting value: line 1 column 1 (char 0)
19:51:35 | DEBUG   |       L1 Gagal, mencoba L2 DDGS...
19:51:43 | DEBUG   | [L2 DDGS] Error: ConnectError: ConnectError('error sending request for url (https://html.duckduckgo.com/html/)', 'https://html.duckduckgo.com/html/')
19:51:43 | INFO    |       => Gagal mencari deskripsi.
19:51:44 | INFO    | [1632/2708] Mencari: Lindu Lake
19:51:44 | DEBUG   | [L1 Wiki] Error: Expecting value: line 1 column 1 (char 0)
19:51:44 | DEBUG   |       L1 Gagal, mencoba L2 DDGS...
19:51:50 | INFO    |       => Sukses dari: https://sulteng.antaranews.com/berita/380721/sigi-tata-kawasan-danau-lindu-sebagai-destinasi-wisata-unggulan
19:51:51 | INFO    | [1633/2708] Mencari: Tanjung Gundul
19:51:51 | DEBUG   | [L1 Wiki] Error: Expecting value: line 1 column 1 (char 0)
19:51:51 | DEBUG   |       L1 Gagal, mencoba L2 DDGS...
19:51:59 | INFO    |       => Sukses dari: https://indonesiajuara.asia/en/blog/tanjung-gundul-beach-banggai/
19:52:01 | INFO    | [1634/2708] Mencari: Pantai Sulaa
19:52:01 | DEBUG   | [L1 Wiki] Error: Expecting value: line 1 column 1 (char 0)
19:52:01 | DEBUG   |       L1 Gagal, mencoba L2 DDGS...
19:52:09 | DEBUG   | [L2 DDGS] Error: ConnectError: ConnectError('error sending request for url (https://html.duckduckgo.com/html/)', 'https://html.duckduckgo.com/html/')
19:52:09 | INFO    |       => Gagal mencari deskripsi.
19:52:10 | INFO    | [1635/2708] Mencari: Gerbang Desa Wisata Tangkeno
19:52:10 | DEBUG   | [L1 Wiki] Error: Expecting value: line 1 column 1 (char 0)
19:52:10 | DEBUG   |       L1 Gagal, mencoba L2 DDGS...
19:52:17 | DEBUG   | [L2 DDGS] Error: ConnectError: ConnectError('error sending request for url (https://html.duckduckgo.com/html/)', 'https://html.duckduckgo.com/html/')
19:52:17 | INFO    |       => Gagal mencari deskripsi.
19:52:19 | INFO    | [1636/2708] Mencari: Geopark Maros Pangkep
19:52:19 | DEBUG   | [L1 Wiki] Error: Expecting value: line 1 column 1 (char 0)
19:52:19 | DEBUG   |       L1 Gagal, mencoba L2 DDGS...
19:52:24 | DEBUG   | [L2 DDGS] Error: RequestError: RequestError('error sending request for url (https://search.yahoo.com/search;_ylt=cLSGJCHtxc4BCoMp3b6nSxX2;_ylu=B94Y29S-PWNlFlCbNWUiat8lr-VucvRB_Yerhrp82DHXb3Y?p=Geopark+Maros+Pangkep+Kabupaten+Maros+wisata)', 'https://search.yahoo.com/search;_ylt=cLSGJCHtxc4BCoMp3b6nSxX2;_ylu=B94Y29S-PWNlFlCbNWUiat8lr-VucvRB_Yerhrp82DHXb3Y?p=Geopark+Maros+Pangkep+Kabupaten+Maros+wisata')
19:52:24 | INFO    |       => Gagal mencari deskripsi.
19:52:26 | INFO    | [1637/2708] Mencari: WAWONTULAP BEACH RESORT (WBR)
19:52:26 | DEBUG   | [L1 Wiki] Error: Expecting value: line 1 column 1 (char 0)
19:52:26 | DEBUG   |       L1 Gagal, mencoba L2 DDGS...
19:52:35 | DEBUG   | [L2 DDGS] Error: ConnectError: ConnectError('error sending request for url (https://html.duckduckgo.com/html/)', 'https://html.duckduckgo.com/html/')
19:52:35 | INFO    |       => Gagal mencari deskripsi.
19:52:37 | INFO    | [1638/2708] Mencari: Air Terjun Maima
19:52:37 | DEBUG   | [L1 Wiki] Error: Expecting value: line 1 column 1 (char 0)
19:52:37 | DEBUG   |       L1 Gagal, mencoba L2 DDGS...
19:52:43 | DEBUG   | [L2 DDGS] Error: ConnectError: ConnectError('error sending request for url (https://html.duckduckgo.com/html/)', 'https://html.duckduckgo.com/html/')
19:52:43 | INFO    |       => Gagal mencari deskripsi.
19:52:44 | INFO    | [1639/2708] Mencari: Air Terjun Kembar Morowali
19:52:44 | DEBUG   | [L1 Wiki] Error: Expecting value: line 1 column 1 (char 0)
19:52:44 | DEBUG   |       L1 Gagal, mencoba L2 DDGS...
19:52:49 | INFO    |       => Sukses dari: https://keluyuran.com/tempat-wisata-di-morowali/
19:52:50 | INFO    | [1640/2708] Mencari: Wisata Alam Desa Poni-Poniki
19:52:50 | DEBUG   | [L1 Wiki] Error: Expecting value: line 1 column 1 (char 0)
19:52:50 | DEBUG   |       L1 Gagal, mencoba L2 DDGS...
19:53:01 | DEBUG   | [L2 BS4] Gagal ekstraksi url https://sisparnas.kemenparekraf.go.id/p/108703 -> HTTPSConnectionPool(host='sisparnas.kemenparekraf.go.id', port=443): Max retries exceeded with url: /p/108703 (Caused by NameResolutionError("HTTPSConnection(host='sisparnas.kemenparekraf.go.id', port=443): Failed to resolve 'sisparnas.kemenparekraf.go.id' ([Errno 11002] getaddrinfo failed)"))
19:53:02 | INFO    |       => Sukses dari: https://www.situssultra.com/2025/01/awal-tahun-baru-2025-wisata-alam-desa.html
19:53:04 | INFO    | [1641/2708] Mencari: WISATA BUKIT WAKOEA
19:53:04 | DEBUG   | [L1 Wiki] Error: Expecting value: line 1 column 1 (char 0)
19:53:04 | DEBUG   |       L1 Gagal, mencoba L2 DDGS...
19:53:11 | DEBUG   | [L2 DDGS] Error: ConnectError: ConnectError('error sending request for url (https://html.duckduckgo.com/html/)', 'https://html.duckduckgo.com/html/')
19:53:11 | INFO    |       => Gagal mencari deskripsi.
19:53:12 | INFO    | [1642/2708] Mencari: Pantai Kampa
19:53:12 | DEBUG   | [L1 Wiki] Error: Expecting value: line 1 column 1 (char 0)
19:53:12 | DEBUG   |       L1 Gagal, mencoba L2 DDGS...
19:53:20 | DEBUG   | [L2 DDGS] Error: ConnectError: ConnectError('error sending request for url (https://html.duckduckgo.com/html/)', 'https://html.duckduckgo.com/html/')
19:53:20 | INFO    |       => Gagal mencari deskripsi.
19:53:22 | INFO    | [1643/2708] Mencari: Diva Bahari
19:53:22 | DEBUG   | [L1 Wiki] Error: Expecting value: line 1 column 1 (char 0)
19:53:22 | DEBUG   |       L1 Gagal, mencoba L2 DDGS...
19:53:37 | DEBUG   | [L2 DDGS] Error: ConnectError: ConnectError('error sending request for url (https://html.duckduckgo.com/html/)', 'https://html.duckduckgo.com/html/')
19:53:37 | INFO    |       => Gagal mencari deskripsi.
19:53:38 | INFO    | [1644/2708] Mencari: Pantai Ujung Batuatas
19:53:38 | DEBUG   | [L1 Wiki] Error: Expecting value: line 1 column 1 (char 0)
19:53:38 | DEBUG   |       L1 Gagal, mencoba L2 DDGS...
19:53:46 | DEBUG   | [L2 DDGS] Error: ConnectError: ConnectError('error sending request for url (https://html.duckduckgo.com/html/)', 'https://html.duckduckgo.com/html/')
19:53:46 | INFO    |       => Gagal mencari deskripsi.
19:53:47 | INFO    | [1645/2708] Mencari: Pantai Hijau Simboro
19:53:47 | DEBUG   | [L1 Wiki] Error: Expecting value: line 1 column 1 (char 0)
19:53:47 | DEBUG   |       L1 Gagal, mencoba L2 DDGS...
19:53:57 | INFO    |       => Sukses dari: https://tempatwisataseru.com/tempat-wisata-di-mamuju-terbaik-hits-yang-wajib-dikunjungi/
19:53:59 | INFO    | [1646/2708] Mencari: Bukit WALEPOSAN, Lembean
19:53:59 | DEBUG   | [L1 Wiki] Error: Expecting value: line 1 column 1 (char 0)
19:53:59 | DEBUG   |       L1 Gagal, mencoba L2 DDGS...
19:54:06 | DEBUG   | [L2 DDGS] Error: ConnectError: ConnectError('error sending request for url (https://html.duckduckgo.com/html/)', 'https://html.duckduckgo.com/html/')
19:54:06 | INFO    |       => Gagal mencari deskripsi.
19:54:07 | INFO    | [1647/2708] Mencari: D'MOANGA RESORT
19:54:07 | DEBUG   | [L1 Wiki] Error: Expecting value: line 1 column 1 (char 0)
19:54:07 | DEBUG   |       L1 Gagal, mencoba L2 DDGS...
19:54:14 | DEBUG   | [L2 DDGS] Error: RequestError: RequestError('error sending request for url (https://search.yahoo.com/search;_ylt=AKkxyTyaZAZCqOMmilxwJ6r2;_ylu=fwsJHdwMLErIs0V9lY1SmO0zJhR60Yc023GYqV_uZj_WTWg?p=D%27MOANGA+RESORT+Kabupaten+Buol+wisata)', 'https://search.yahoo.com/search;_ylt=AKkxyTyaZAZCqOMmilxwJ6r2;_ylu=fwsJHdwMLErIs0V9lY1SmO0zJhR60Yc023GYqV_uZj_WTWg?p=D%27MOANGA+RESORT+Kabupaten+Buol+wisata')
19:54:14 | INFO    |       => Gagal mencari deskripsi.
19:54:15 | INFO    | [1648/2708] Mencari: Air Terjun Tondopi, Tongkoseng
19:54:15 | DEBUG   | [L1 Wiki] Error: Expecting value: line 1 column 1 (char 0)
19:54:15 | DEBUG   |       L1 Gagal, mencoba L2 DDGS...
19:54:23 | DEBUG   | [L2 DDGS] Error: ConnectError: ConnectError('error sending request for url (https://html.duckduckgo.com/html/)', 'https://html.duckduckgo.com/html/')
19:54:23 | INFO    |       => Gagal mencari deskripsi.
19:54:24 | INFO    | [1649/2708] Mencari: Air Terjun Rok Rok / Rayouw Kembes
19:54:24 | DEBUG   | [L1 Wiki] Error: Expecting value: line 1 column 1 (char 0)
19:54:24 | DEBUG   |       L1 Gagal, mencoba L2 DDGS...
19:54:33 | INFO    |       => Sukses dari: https://manadopost.jawapos.com/berita-utama/286008559/ini-cara-berbeda-menikmati-keindahan-air-terjun-di-sulawesi-utara-dengan-sensasi-menantang-dihadirkan-abseiling-sulut-untuk-penikmat-kegiatan-ekstrem
19:54:35 | INFO    | *** Auto-saving 1080 baris diproses...
19:54:35 | INFO    | [1650/2708] Mencari: Air terjun Sararudi
19:54:35 | DEBUG   | [L1 Wiki] Error: Expecting value: line 1 column 1 (char 0)
19:54:35 | DEBUG   |       L1 Gagal, mencoba L2 DDGS...
19:54:45 | DEBUG   | [L2 DDGS] Error: ConnectError: ConnectError('error sending request for url (https://html.duckduckgo.com/html/)', 'https://html.duckduckgo.com/html/')
19:54:45 | INFO    |       => Gagal mencari deskripsi.
19:54:47 | INFO    | [1651/2708] Mencari: Air terjun pelangi desa tinuna
19:54:47 | DEBUG   | [L1 Wiki] Error: Expecting value: line 1 column 1 (char 0)
19:54:47 | DEBUG   |       L1 Gagal, mencoba L2 DDGS...
19:54:54 | DEBUG   | [L2 DDGS] Error: RequestError: RequestError('error sending request for url (https://search.yahoo.com/search;_ylt=yklJTdQpkki8UIv6ANxSCxth;_ylu=mh9sVq39ORVNyYGRidmKGcOuNF5lZAQcyViBb2KjiwJzj6Y?p=Air+terjun+pelangi+desa+tinuna+Kabupaten+Kolaka+Utara+wisata)', 'https://search.yahoo.com/search;_ylt=yklJTdQpkki8UIv6ANxSCxth;_ylu=mh9sVq39ORVNyYGRidmKGcOuNF5lZAQcyViBb2KjiwJzj6Y?p=Air+terjun+pelangi+desa+tinuna+Kabupaten+Kolaka+Utara+wisata')
19:54:54 | INFO    |       => Gagal mencari deskripsi.
19:54:55 | INFO    | [1652/2708] Mencari: Tampaure Beach
19:54:55 | DEBUG   | [L1 Wiki] Error: Expecting value: line 1 column 1 (char 0)
19:54:55 | DEBUG   |       L1 Gagal, mencoba L2 DDGS...
19:55:03 | INFO    |       => Sukses dari: https://wisatadesatampaure.github.io/index.html
19:55:04 | INFO    | [1653/2708] Mencari: Taman Laut Kolaka
19:55:05 | DEBUG   | [L1 Wiki] Error: Expecting value: line 1 column 1 (char 0)
19:55:05 | DEBUG   |       L1 Gagal, mencoba L2 DDGS...
19:55:13 | INFO    |       => Sukses dari: https://lestariwisata.com/rekomendasi-6-tempat-wisata-di-kolaka-sulawesi-tenggara-destinasi-viral-dan-hits-yang-wajib-dikunjungi-saat-liburan/
19:55:14 | INFO    | [1654/2708] Mencari: Pemandian Kumaligon
19:55:14 | DEBUG   | [L1 Wiki] Error: Expecting value: line 1 column 1 (char 0)
19:55:14 | DEBUG   |       L1 Gagal, mencoba L2 DDGS...
19:55:22 | DEBUG   | [L2 DDGS] Error: ConnectError: ConnectError('error sending request for url (https://html.duckduckgo.com/html/)', 'https://html.duckduckgo.com/html/')
19:55:22 | INFO    |       => Gagal mencari deskripsi.
19:55:23 | INFO    | [1655/2708] Mencari: Huidu Matabulawa
19:55:23 | DEBUG   | [L1 Wiki] Error: Expecting value: line 1 column 1 (char 0)
19:55:23 | DEBUG   |       L1 Gagal, mencoba L2 DDGS...
19:55:31 | DEBUG   | [L2 DDGS] Error: ConnectError: ConnectError('error sending request for url (https://html.duckduckgo.com/html/)', 'https://html.duckduckgo.com/html/')
19:55:31 | INFO    |       => Gagal mencari deskripsi.
19:55:32 | INFO    | [1656/2708] Mencari: Tempat Wisata LOS ( Lorong Orang Sanger )
19:55:33 | DEBUG   | [L1 Wiki] Error: Expecting value: line 1 column 1 (char 0)
19:55:33 | DEBUG   |       L1 Gagal, mencoba L2 DDGS...
19:55:39 | INFO    |       => Sukses dari: https://manado.tribunnews.com/2024/10/19/daftar-rekomendasi-tempat-wisata-di-kota-manado-sulawesi-utara-ada-keindahan-alam-hingga-monumen
19:55:41 | INFO    | [1657/2708] Mencari: Puncak Nondooto
19:55:41 | DEBUG   | [L1 Wiki] Error: Expecting value: line 1 column 1 (char 0)
19:55:41 | DEBUG   |       L1 Gagal, mencoba L2 DDGS...
19:55:51 | DEBUG   | [L2 DDGS] Error: ConnectError: ConnectError('error sending request for url (https://html.duckduckgo.com/html/)', 'https://html.duckduckgo.com/html/')
19:55:51 | INFO    |       => Gagal mencari deskripsi.
19:55:52 | INFO    | [1658/2708] Mencari: STABILO CONSULTAINMENT
19:55:52 | DEBUG   | [L1 Wiki] Error: Expecting value: line 1 column 1 (char 0)
19:55:52 | DEBUG   |       L1 Gagal, mencoba L2 DDGS...
19:56:00 | DEBUG   | [L2 DDGS] Error: ConnectError: ConnectError('error sending request for url (https://html.duckduckgo.com/html/)', 'https://html.duckduckgo.com/html/')
19:56:00 | INFO    |       => Gagal mencari deskripsi.
19:56:01 | INFO    | [1659/2708] Mencari: Air Terjun Tujua
19:56:01 | DEBUG   | [L1 Wiki] Error: Expecting value: line 1 column 1 (char 0)
19:56:01 | DEBUG   |       L1 Gagal, mencoba L2 DDGS...
19:56:05 | INFO    |       => Sukses dari: https://www.celebes.co/air-terjun-tujua-maros
19:56:06 | INFO    | [1660/2708] Mencari: Masolo Perbatasan
19:56:06 | DEBUG   | [L1 Wiki] Error: Expecting value: line 1 column 1 (char 0)
19:56:06 | DEBUG   |       L1 Gagal, mencoba L2 DDGS...
19:56:14 | DEBUG   | [L2 DDGS] Error: ConnectError: ConnectError('error sending request for url (https://html.duckduckgo.com/html/)', 'https://html.duckduckgo.com/html/')
19:56:14 | INFO    |       => Gagal mencari deskripsi.
19:56:15 | INFO    | [1661/2708] Mencari: Wisata Religi BUKIT DOA "DOMADATU" Toraja Utara
19:56:15 | DEBUG   | [L1 Wiki] Error: Expecting value: line 1 column 1 (char 0)
19:56:15 | DEBUG   |       L1 Gagal, mencoba L2 DDGS...
19:56:23 | INFO    |       => Sukses dari: https://www.kabarsamudra.com/2024/07/geraja-toraja-jemaat-soppeng-sukses.html
19:56:24 | INFO    | [1662/2708] Mencari: Dermaga puungkoilu
19:56:24 | DEBUG   | [L1 Wiki] Error: Expecting value: line 1 column 1 (char 0)
19:56:24 | DEBUG   |       L1 Gagal, mencoba L2 DDGS...
19:56:35 | INFO    |       => Sukses dari: https://puungkoilu.digdesa.id/artikel/2024/10/2/dermaga-desa-sebagai-sarana-dan-potensi-desa
19:56:37 | INFO    | [1663/2708] Mencari: Air Terjun Bondula
19:56:37 | DEBUG   | [L1 Wiki] Error: Expecting value: line 1 column 1 (char 0)
19:56:37 | DEBUG   |       L1 Gagal, mencoba L2 DDGS...
19:56:44 | DEBUG   | [L2 DDGS] Error: ConnectError: ConnectError('error sending request for url (https://html.duckduckgo.com/html/)', 'https://html.duckduckgo.com/html/')
19:56:44 | INFO    |       => Gagal mencari deskripsi.
19:56:45 | INFO    | [1664/2708] Mencari: Kincir Highlad Sidenreng Bersinar
19:56:45 | DEBUG   | [L1 Wiki] Error: Expecting value: line 1 column 1 (char 0)
19:56:45 | DEBUG   |       L1 Gagal, mencoba L2 DDGS...
19:56:49 | INFO    |       => Sukses dari: https://id.alongwalker.co/top-7-tempat-wisata-keren-di-sidenreng-rappang-s22560.html
19:56:51 | INFO    | [1665/2708] Mencari: Hesan Lowita
19:56:51 | DEBUG   | [L1 Wiki] Error: Expecting value: line 1 column 1 (char 0)
19:56:51 | DEBUG   |       L1 Gagal, mencoba L2 DDGS...
19:56:58 | DEBUG   | [L2 DDGS] Error: ConnectError: ConnectError('error sending request for url (https://html.duckduckgo.com/html/)', 'https://html.duckduckgo.com/html/')
19:56:58 | INFO    |       => Gagal mencari deskripsi.
19:56:59 | INFO    | [1666/2708] Mencari: Pantai Balojaha
19:56:59 | DEBUG   | [L1 Wiki] Error: Expecting value: line 1 column 1 (char 0)
19:56:59 | DEBUG   |       L1 Gagal, mencoba L2 DDGS...
19:57:10 | INFO    |       => Sukses dari: https://pariwisata.kepulauanselayarkab.go.id/listing/balojaha/
19:57:12 | INFO    | [1667/2708] Mencari: DESA DEAGA
19:57:12 | DEBUG   | [L1 Wiki] Error: Expecting value: line 1 column 1 (char 0)
19:57:12 | DEBUG   |       L1 Gagal, mencoba L2 DDGS...
19:57:19 | DEBUG   | [L2 DDGS] Error: ConnectError: ConnectError('error sending request for url (https://html.duckduckgo.com/html/)', 'https://html.duckduckgo.com/html/')
19:57:19 | INFO    |       => Gagal mencari deskripsi.
19:57:21 | INFO    | [1668/2708] Mencari: Pulau Kawaluso
19:57:21 | DEBUG   | [L1 Wiki] Error: Expecting value: line 1 column 1 (char 0)
19:57:21 | DEBUG   |       L1 Gagal, mencoba L2 DDGS...
19:57:35 | DEBUG   | [L2 DDGS] Error: ConnectError: ConnectError('error sending request for url (https://html.duckduckgo.com/html/)', 'https://html.duckduckgo.com/html/')
19:57:35 | INFO    |       => Gagal mencari deskripsi.
19:57:37 | INFO    | [1669/2708] Mencari: Bukit Countri
19:57:37 | DEBUG   | [L1 Wiki] Error: Expecting value: line 1 column 1 (char 0)
19:57:37 | DEBUG   |       L1 Gagal, mencoba L2 DDGS...
19:57:44 | DEBUG   | [L2 DDGS] Error: ConnectError: ConnectError('error sending request for url (https://html.duckduckgo.com/html/)', 'https://html.duckduckgo.com/html/')
19:57:44 | INFO    |       => Gagal mencari deskripsi.
19:57:45 | INFO    | *** Auto-saving 1100 baris diproses...
19:57:45 | INFO    | [1670/2708] Mencari: Kepala Naga
19:57:45 | DEBUG   | [L1 Wiki] Error: Expecting value: line 1 column 1 (char 0)
19:57:45 | DEBUG   |       L1 Gagal, mencoba L2 DDGS...
19:57:53 | INFO    |       => Sukses dari: https://www.goodnewsfromindonesia.id/2024/12/23/cerita-patung-naga-kota-baubau-yang-berdiri-kokoh-sepanjang-5-kilometer
19:57:54 | INFO    | [1671/2708] Mencari: Puncak ghonsume
19:57:54 | DEBUG   | [L1 Wiki] Error: Expecting value: line 1 column 1 (char 0)
19:57:54 | DEBUG   |       L1 Gagal, mencoba L2 DDGS...
19:58:06 | DEBUG   | [L2 DDGS] Error: ConnectError: ConnectError('error sending request for url (https://html.duckduckgo.com/html/)', 'https://html.duckduckgo.com/html/')
19:58:06 | INFO    |       => Gagal mencari deskripsi.
19:58:07 | INFO    | [1672/2708] Mencari: Dermaga Cinoki Nunu
19:58:07 | DEBUG   | [L1 Wiki] Error: Expecting value: line 1 column 1 (char 0)
19:58:07 | DEBUG   |       L1 Gagal, mencoba L2 DDGS...
19:58:16 | DEBUG   | [L2 DDGS] Error: RequestError: RequestError('error sending request for url (https://search.yahoo.com/search;_ylt=Ntz3xR7y-oqCOBUUtjqjiBW8;_ylu=8daF1H07PPAfcC9d8KU7hUfduHiwmhYBY-YGHrptO2A4l-E?p=Dermaga+Cinoki+Nunu+Kabupaten+Mamuju+wisata)', 'https://search.yahoo.com/search;_ylt=Ntz3xR7y-oqCOBUUtjqjiBW8;_ylu=8daF1H07PPAfcC9d8KU7hUfduHiwmhYBY-YGHrptO2A4l-E?p=Dermaga+Cinoki+Nunu+Kabupaten+Mamuju+wisata')
19:58:16 | INFO    |       => Gagal mencari deskripsi.
19:58:17 | INFO    | [1673/2708] Mencari: Bukit Attirong
19:58:17 | DEBUG   | [L1 Wiki] Error: Expecting value: line 1 column 1 (char 0)
19:58:17 | DEBUG   |       L1 Gagal, mencoba L2 DDGS...
19:58:27 | DEBUG   | [L2 DDGS] Error: ConnectError: ConnectError('error sending request for url (https://html.duckduckgo.com/html/)', 'https://html.duckduckgo.com/html/')
19:58:27 | INFO    |       => Gagal mencari deskripsi.
19:58:28 | INFO    | [1674/2708] Mencari: Kolam Alam Limbong
19:58:28 | DEBUG   | [L1 Wiki] Error: Expecting value: line 1 column 1 (char 0)
19:58:28 | DEBUG   |       L1 Gagal, mencoba L2 DDGS...
19:58:45 | DEBUG   | [L2 BS4] Gagal ekstraksi url https://disbudpar.torajautarakab.go.id/page/wisata/96/@visittorajautara -> HTTPSConnectionPool(host='disbudpar.torajautarakab.go.id', port=443): Max retries exceeded with url: /page/wisata/96/@visittorajautara (Caused by ConnectTimeoutError(<HTTPSConnection(host='disbudpar.torajautarakab.go.id', port=443) at 0x1631d169810>, 'Connection to disbudpar.torajautarakab.go.id timed out. (connect timeout=8)'))
19:58:45 | INFO    |       => Sukses dari: https://pergimulu.com/limbong/
19:58:47 | INFO    | [1675/2708] Mencari: Puncak 'Patulian' Tonsewer
19:58:47 | DEBUG   | [L1 Wiki] Error: Expecting value: line 1 column 1 (char 0)
19:58:47 | DEBUG   |       L1 Gagal, mencoba L2 DDGS...
19:58:54 | DEBUG   | [L2 DDGS] Error: ConnectError: ConnectError('error sending request for url (https://html.duckduckgo.com/html/)', 'https://html.duckduckgo.com/html/')
19:58:54 | INFO    |       => Gagal mencari deskripsi.
19:58:55 | INFO    | [1676/2708] Mencari: Wisata Alam Minahasa Sulut - Hollywood Hills Lengkoan
19:58:55 | DEBUG   | [L1 Wiki] Error: Expecting value: line 1 column 1 (char 0)
19:58:55 | DEBUG   |       L1 Gagal, mencoba L2 DDGS...
19:59:04 | DEBUG   | [L2 DDGS] Error: ConnectError: ConnectError('error sending request for url (https://html.duckduckgo.com/html/)', 'https://html.duckduckgo.com/html/')
19:59:04 | INFO    |       => Gagal mencari deskripsi.
19:59:05 | INFO    | [1677/2708] Mencari: Air Terjun Pong Toding
19:59:05 | DEBUG   | [L1 Wiki] Error: Expecting value: line 1 column 1 (char 0)
19:59:05 | DEBUG   |       L1 Gagal, mencoba L2 DDGS...
19:59:13 | DEBUG   | [L2 DDGS] Error: ConnectError: ConnectError('error sending request for url (https://html.duckduckgo.com/html/)', 'https://html.duckduckgo.com/html/')
19:59:13 | INFO    |       => Gagal mencari deskripsi.
19:59:15 | INFO    | [1678/2708] Mencari: Pantai Terapi Butugolu
19:59:15 | DEBUG   | [L1 Wiki] Error: Expecting value: line 1 column 1 (char 0)
19:59:15 | DEBUG   |       L1 Gagal, mencoba L2 DDGS...
19:59:22 | INFO    |       => Sukses dari: https://sisparnas.kemenpar.go.id/p/1081
19:59:23 | INFO    | [1679/2708] Mencari: SANTORINI (Kawasan Talumolo Rindang & Indah)
19:59:24 | DEBUG   | [L1 Wiki] Error: Expecting value: line 1 column 1 (char 0)
19:59:24 | DEBUG   |       L1 Gagal, mencoba L2 DDGS...
19:59:34 | INFO    |       => Sukses dari: https://liburanmurah.com/santorini-talumolo-pesona-tersembunyi-di-gorontalo/
19:59:35 | INFO    | [1680/2708] Mencari: Jembatan Kaca Bira
19:59:35 | DEBUG   | [L1 Wiki] Error: Expecting value: line 1 column 1 (char 0)
19:59:35 | DEBUG   |       L1 Gagal, mencoba L2 DDGS...
19:59:44 | INFO    |       => Sukses dari: https://travel.detik.com/travel-news/d-6064354/ketika-pemudik-jatuh-cinta-dengan-tanjung-bira
19:59:45 | INFO    | [1681/2708] Mencari: Wisata Susur Sungai & Mancing Desa Talawaan Bajo
19:59:45 | DEBUG   | [L1 Wiki] Error: Expecting value: line 1 column 1 (char 0)
19:59:45 | DEBUG   |       L1 Gagal, mencoba L2 DDGS...
19:59:52 | INFO    |       => Sukses dari: https://zonautara.com/2023/10/03/wisata-susur-sungai-talawaan-bajo-tawarkan-banyak-keindahan-yang-menakjubkan-mata/
19:59:54 | INFO    | [1682/2708] Mencari: PANTAI INDAH MELONGUANE
19:59:54 | DEBUG   | [L1 Wiki] Error: Expecting value: line 1 column 1 (char 0)
19:59:54 | DEBUG   |       L1 Gagal, mencoba L2 DDGS...
19:59:59 | INFO    |       => Sukses dari: https://id.wikipedia.org/wiki/Melonguane,_Kepulauan_Talaud
20:00:01 | INFO    | [1683/2708] Mencari: Tanjung Avanza
20:00:01 | DEBUG   | [L1 Wiki] Error: Expecting value: line 1 column 1 (char 0)
20:00:01 | DEBUG   |       L1 Gagal, mencoba L2 DDGS...
20:00:09 | INFO    |       => Gagal mencari deskripsi.
20:00:11 | INFO    | [1684/2708] Mencari: Hutan Mangrove
20:00:11 | DEBUG   | [L1 Wiki] Error: Expecting value: line 1 column 1 (char 0)
20:00:11 | DEBUG   |       L1 Gagal, mencoba L2 DDGS...
20:00:18 | INFO    |       => Sukses dari: https://www.cedhak.com/sulawesi/920/wisata-mangrove-tofuti/
20:00:19 | INFO    | [1685/2708] Mencari: Water bom (Tom bung putra tunggal)
20:00:19 | DEBUG   | [L1 Wiki] Error: Expecting value: line 1 column 1 (char 0)
20:00:19 | DEBUG   |       L1 Gagal, mencoba L2 DDGS...
20:00:28 | INFO    |       => Sukses dari: https://www.cedhak.com/sulawesi/914/air-terjun-tondopi-tongkoseng/
20:00:29 | INFO    | [1686/2708] Mencari: Kebun Raya Bulo-KRB Bukit Merdeka
20:00:29 | DEBUG   | [L1 Wiki] Error: Expecting value: line 1 column 1 (char 0)
20:00:29 | DEBUG   |       L1 Gagal, mencoba L2 DDGS...
20:00:38 | DEBUG   | [L2 BS4] Gagal ekstraksi url https://jadesta.kemenparekraf.go.id/desa/bulo -> HTTPSConnectionPool(host='jadesta.kemenparekraf.go.id', port=443): Max retries exceeded with url: /desa/bulo (Caused by NameResolutionError("HTTPSConnection(host='jadesta.kemenparekraf.go.id', port=443): Failed to resolve 'jadesta.kemenparekraf.go.id' ([Errno 11002] getaddrinfo failed)"))
20:00:40 | INFO    |       => Sukses dari: https://food.detik.com/info-kuliner/d-4453273/melihat-kebun-raya-bulo-surga-pencinta-durian-di-polewali
20:00:41 | INFO    | [1687/2708] Mencari: Air Terjun Botuwombato
20:00:41 | DEBUG   | [L1 Wiki] Error: Expecting value: line 1 column 1 (char 0)
20:00:41 | DEBUG   |       L1 Gagal, mencoba L2 DDGS...
20:00:47 | INFO    |       => Sukses dari: https://www.liputan6.com/regional/read/6018076/pesona-alam-dan-legenda-raja-gorontalo-di-air-terjun-botuwombato
20:00:48 | INFO    | [1688/2708] Mencari: Pura Agung Mandala Giri
20:00:48 | DEBUG   | [L1 Wiki] Error: Expecting value: line 1 column 1 (char 0)
20:00:48 | DEBUG   |       L1 Gagal, mencoba L2 DDGS...
20:00:58 | DEBUG   | [L2 BS4] Gagal ekstraksi url https://jadesta.kemenparekraf.go.id/desa/tri_rukun -> HTTPSConnectionPool(host='jadesta.kemenparekraf.go.id', port=443): Max retries exceeded with url: /desa/tri_rukun (Caused by NameResolutionError("HTTPSConnection(host='jadesta.kemenparekraf.go.id', port=443): Failed to resolve 'jadesta.kemenparekraf.go.id' ([Errno 11002] getaddrinfo failed)"))
20:00:59 | INFO    |       => Sukses dari: https://repository.uinsaizu.ac.id/21625/
20:01:00 | INFO    | [1689/2708] Mencari: bukit patene
20:01:00 | DEBUG   | [L1 Wiki] Error: Expecting value: line 1 column 1 (char 0)
20:01:00 | DEBUG   |       L1 Gagal, mencoba L2 DDGS...
20:01:12 | INFO    |       => Gagal mencari deskripsi.
20:01:13 | INFO    | *** Auto-saving 1120 baris diproses...
20:01:13 | INFO    | [1690/2708] Mencari: Erbol
20:01:13 | DEBUG   | [L1 Wiki] Error: Expecting value: line 1 column 1 (char 0)
20:01:13 | DEBUG   |       L1 Gagal, mencoba L2 DDGS...
20:01:21 | INFO    |       => Sukses dari: https://id.wikipedia.org/wiki/Campaga,_Tompobulu,_Bantaeng
20:01:23 | INFO    | [1691/2708] Mencari: Air Panas Kadidia
20:01:23 | DEBUG   | [L1 Wiki] Error: Expecting value: line 1 column 1 (char 0)
20:01:23 | DEBUG   |       L1 Gagal, mencoba L2 DDGS...
20:01:33 | INFO    |       => Sukses dari: https://www.geokepo.id/id/lokasi/sigi/wisata-air-panas-bora
20:01:35 | INFO    | [1692/2708] Mencari: Pantai Namu
20:01:35 | DEBUG   | [L1 Wiki] Error: Expecting value: line 1 column 1 (char 0)
20:01:35 | DEBUG   |       L1 Gagal, mencoba L2 DDGS...
20:01:39 | INFO    |       => Sukses dari: https://sultra.tribunnews.com/2024/03/25/suguhkan-keindahan-alam-namu-konawe-selatan-sultra-punya-wisata-air-terjun-pantai-hingga-puncak
20:01:41 | INFO    | [1693/2708] Mencari: Pantai Pelangi
20:01:41 | DEBUG   | [L1 Wiki] Error: Expecting value: line 1 column 1 (char 0)
20:01:41 | DEBUG   |       L1 Gagal, mencoba L2 DDGS...
20:01:52 | INFO    |       => Gagal mencari deskripsi.
20:01:54 | INFO    | [1694/2708] Mencari: Goa Batuburi
20:01:54 | DEBUG   | [L1 Wiki] Error: Expecting value: line 1 column 1 (char 0)
20:01:54 | DEBUG   |       L1 Gagal, mencoba L2 DDGS...
20:02:17 | INFO    |       => Gagal mencari deskripsi.
20:02:18 | INFO    | [1695/2708] Mencari: Pantai Tanjung
20:02:18 | DEBUG   | [L1 Wiki] Error: Expecting value: line 1 column 1 (char 0)
20:02:18 | DEBUG   |       L1 Gagal, mencoba L2 DDGS...
20:02:24 | INFO    |       => Sukses dari: https://www.cedhak.com/sulawesi/893/pantai-walengkabola/
20:02:26 | INFO    | [1696/2708] Mencari: Bukit Langira
20:02:26 | DEBUG   | [L1 Wiki] Error: Expecting value: line 1 column 1 (char 0)
20:02:26 | DEBUG   |       L1 Gagal, mencoba L2 DDGS...
20:02:33 | INFO    |       => Sukses dari: https://anoatimes.com/2025/07/jejak-langira-negeri-savana-di-atas-awan/
20:02:34 | INFO    | [1697/2708] Mencari: Rest area pantai sarudu
20:02:34 | DEBUG   | [L1 Wiki] Error: Expecting value: line 1 column 1 (char 0)
20:02:34 | DEBUG   |       L1 Gagal, mencoba L2 DDGS...
20:02:41 | INFO    |       => Sukses dari: https://www.pinhome.id/info-area/
20:02:43 | INFO    | [1698/2708] Mencari: Pantai desnel
20:02:43 | DEBUG   | [L1 Wiki] Error: Expecting value: line 1 column 1 (char 0)
20:02:43 | DEBUG   |       L1 Gagal, mencoba L2 DDGS...
20:02:48 | INFO    |       => Sukses dari: https://elalephcruising.com/destinations/pantai-desnel
20:02:50 | INFO    | [1699/2708] Mencari: Air Terjun Tolondo Tallu
20:02:50 | DEBUG   | [L1 Wiki] Error: Expecting value: line 1 column 1 (char 0)
20:02:50 | DEBUG   |       L1 Gagal, mencoba L2 DDGS...
20:02:58 | INFO    |       => Sukses dari: https://liburanmurah.com/air-terjun-tolondo-tallu-pesona-tersembunyi-di-tana-toraja/
20:03:00 | INFO    | [1700/2708] Mencari: Air Terjun Pong Rayun
20:03:00 | DEBUG   | [L1 Wiki] Error: Expecting value: line 1 column 1 (char 0)
20:03:00 | DEBUG   |       L1 Gagal, mencoba L2 DDGS...
20:03:06 | INFO    |       => Sukses dari: https://id.wikipedia.org/wiki/Kabupaten_Toraja_Utara
20:03:07 | INFO    | [1701/2708] Mencari: Bongkone Kenari
20:03:07 | DEBUG   | [L1 Wiki] Error: Expecting value: line 1 column 1 (char 0)
20:03:07 | DEBUG   |       L1 Gagal, mencoba L2 DDGS...
20:03:13 | INFO    |       => Gagal mencari deskripsi.
20:03:15 | INFO    | [1702/2708] Mencari: Teluk Soropia
20:03:15 | DEBUG   | [L1 Wiki] Error: Expecting value: line 1 column 1 (char 0)
20:03:15 | DEBUG   |       L1 Gagal, mencoba L2 DDGS...
20:03:20 | INFO    |       => Sukses dari: https://travelspromo.com/htm-wisata/pantai-toronipa-konawe/
20:03:21 | INFO    | [1703/2708] Mencari: Bukit Kayangan
20:03:21 | DEBUG   | [L1 Wiki] Error: Expecting value: line 1 column 1 (char 0)
20:03:21 | DEBUG   |       L1 Gagal, mencoba L2 DDGS...
20:03:26 | INFO    |       => Sukses dari: https://ntb.idntimes.com/travel/destination/bukit-kayangan-transformasi-lahan-tandus-menjadi-destinasi-wisata-00-khm2n-m5gcst
20:03:27 | INFO    | [1704/2708] Mencari: Wisata Tanjung Pallette
20:03:27 | DEBUG   | [L1 Wiki] Error: Expecting value: line 1 column 1 (char 0)
20:03:27 | DEBUG   |       L1 Gagal, mencoba L2 DDGS...
20:03:32 | INFO    |       => Sukses dari: https://www.orami.co.id/magazine/tempat-wisata-di-bone
20:03:33 | INFO    | [1705/2708] Mencari: Gunung Baba Kanaan
20:03:33 | DEBUG   | [L1 Wiki] Error: Expecting value: line 1 column 1 (char 0)
20:03:33 | DEBUG   |       L1 Gagal, mencoba L2 DDGS...
20:03:39 | INFO    |       => Gagal mencari deskripsi.
20:03:41 | INFO    | [1706/2708] Mencari: Taman wisata stroberi
20:03:41 | DEBUG   | [L1 Wiki] Error: Expecting value: line 1 column 1 (char 0)
20:03:41 | DEBUG   |       L1 Gagal, mencoba L2 DDGS...
20:03:46 | INFO    |       => Sukses dari: https://liburanplus.com/wisata/sulawesi/tempat-wisata-enrekang/
20:03:47 | INFO    | [1707/2708] Mencari: Air Terjun Bembe
20:03:47 | DEBUG   | [L1 Wiki] Error: Expecting value: line 1 column 1 (char 0)
20:03:47 | DEBUG   |       L1 Gagal, mencoba L2 DDGS...
20:03:54 | DEBUG   | [L2 BS4] Gagal ekstraksi url https://jadesta.kemenparekraf.go.id/atraksi/air_terjun_bembe -> HTTPSConnectionPool(host='jadesta.kemenparekraf.go.id', port=443): Max retries exceeded with url: /atraksi/air_terjun_bembe (Caused by NameResolutionError("HTTPSConnection(host='jadesta.kemenparekraf.go.id', port=443): Failed to resolve 'jadesta.kemenparekraf.go.id' ([Errno 11002] getaddrinfo failed)"))
20:03:55 | INFO    |       => Sukses dari: https://www.tinta.news/lifestyle/7904/air-terjun-bembe-buton-surga-tersembunyi-bertingkat-dua-di-tengah-hutan/
20:03:56 | INFO    | [1708/2708] Mencari: Air Terjun Sarambu Masiang
20:03:56 | DEBUG   | [L1 Wiki] Error: Expecting value: line 1 column 1 (char 0)
20:03:56 | DEBUG   |       L1 Gagal, mencoba L2 DDGS...
20:04:02 | INFO    |       => Sukses dari: https://sulsel.idntimes.com/travel/destination/menakjubkan-5-air-terjun-di-luwu-yang-terkenal-indah-00-lm183-pj91pp
20:04:03 | INFO    | [1709/2708] Mencari: Wisata kaongkea
20:04:03 | DEBUG   | [L1 Wiki] Error: Expecting value: line 1 column 1 (char 0)
20:04:03 | DEBUG   |       L1 Gagal, mencoba L2 DDGS...
20:04:09 | INFO    |       => Sukses dari: https://travel.kompas.com/read/2023/05/17/172200727/benteng-kesultanan-buton-destinasi-wisata-sejarah-di-kabupaten-buton
20:04:10 | INFO    | *** Auto-saving 1140 baris diproses...
20:04:10 | INFO    | [1710/2708] Mencari: Gapura Wisata Pantai Minanga
20:04:10 | DEBUG   | [L1 Wiki] Error: Expecting value: line 1 column 1 (char 0)
20:04:10 | DEBUG   |       L1 Gagal, mencoba L2 DDGS...
20:04:21 | INFO    |       => Sukses dari: https://www.idntimes.com/travel/destination/5-wisata-pantai-di-gorontalo-utara-yang-wajib-dikunjungi-menakjubkan-01-b9stm-7wcjm1
20:04:23 | INFO    | [1711/2708] Mencari: Pantai Kacinaan, Kab. Buton.
20:04:23 | DEBUG   | [L1 Wiki] Error: Expecting value: line 1 column 1 (char 0)
20:04:23 | DEBUG   |       L1 Gagal, mencoba L2 DDGS...
20:04:29 | INFO    |       => Sukses dari: https://travel.kompas.com/read/2023/05/17/090820227/ini-waktu-terbaik-untuk-berkunjung-ke-buton
20:04:31 | INFO    | [1712/2708] Mencari: Menara Kendari
20:04:31 | DEBUG   | [L1 Wiki] Error: Expecting value: line 1 column 1 (char 0)
20:04:31 | DEBUG   |       L1 Gagal, mencoba L2 DDGS...
20:04:36 | INFO    |       => Sukses dari: https://sulsel.idntimes.com/travel/destination/tempat-wisata-menarik-di-kendari-c1c2-01-qnqcw-8b6y8s
20:04:38 | INFO    | [1713/2708] Mencari: Obyek Wisata Sumur Lawello
20:04:38 | DEBUG   | [L1 Wiki] Error: Expecting value: line 1 column 1 (char 0)
20:04:38 | DEBUG   |       L1 Gagal, mencoba L2 DDGS...
20:04:49 | INFO    |       => Sukses dari: https://www.trendwisata.com/tempat-wisata/tempat-wisata-di-bone/
20:04:51 | INFO    | [1714/2708] Mencari: Air terjun matapila
20:04:51 | DEBUG   | [L1 Wiki] Error: Expecting value: line 1 column 1 (char 0)
20:04:51 | DEBUG   |       L1 Gagal, mencoba L2 DDGS...
20:05:01 | INFO    |       => Sukses dari: https://sultra.tribunnews.com/2025/05/12/intip-pesona-air-terjun-tiku-matapila-konawe-utara-sulawesi-tenggara-wisatawan-keren-terbayarkan
20:05:03 | INFO    | [1715/2708] Mencari: Leang Kassi
20:05:03 | DEBUG   | [L1 Wiki] Error: Expecting value: line 1 column 1 (char 0)
20:05:03 | DEBUG   |       L1 Gagal, mencoba L2 DDGS...
20:05:13 | INFO    |       => Sukses dari: https://id.wikipedia.org/wiki/Leang_Kassi
20:05:14 | INFO    | [1716/2708] Mencari: TUGU NOL KILOMETER BONE
20:05:14 | DEBUG   | [L1 Wiki] Error: Expecting value: line 1 column 1 (char 0)
20:05:14 | DEBUG   |       L1 Gagal, mencoba L2 DDGS...
20:05:25 | INFO    |       => Sukses dari: https://www.somasinews.com/2023/02/05/bupati-bone-resmikan-tugu-nol-kilometer-kota-bone-di-area-lapangan-merdeka-watampone/
20:05:26 | INFO    | [1717/2708] Mencari: Danau Lurayya Kahayya
20:05:26 | DEBUG   | [L1 Wiki] Error: Expecting value: line 1 column 1 (char 0)
20:05:26 | DEBUG   |       L1 Gagal, mencoba L2 DDGS...
20:05:37 | INFO    |       => Sukses dari: https://disparpora.bulukumbakab.go.id/portofolio/danau-lurayya/
20:05:38 | INFO    | [1718/2708] Mencari: Buntu Kandora
20:05:38 | DEBUG   | [L1 Wiki] Error: Expecting value: line 1 column 1 (char 0)
20:05:38 | DEBUG   |       L1 Gagal, mencoba L2 DDGS...
20:05:48 | DEBUG   | [L2 DDGS] Error: ('error sending request for url (https://yandex.com/search/site/?text=Buntu+Kandora+Kabupaten+Tana+Toraja+wisata&web=1&searchid=5057391)', 'https://yandex.com/search/site/?text=Buntu+Kandora+Kabupaten+Tana+Toraja+wisata&web=1&searchid=5057391')
20:05:48 | INFO    |       => Gagal mencari deskripsi.
20:05:49 | INFO    | [1719/2708] Mencari: Wisata Lirang
20:05:50 | DEBUG   | [L1 Wiki] Error: Expecting value: line 1 column 1 (char 0)
20:05:50 | DEBUG   |       L1 Gagal, mencoba L2 DDGS...
20:05:55 | DEBUG   | [L2 BS4] Gagal ekstraksi url https://bitungtravel.com/desa-wisata/desa-wisata-lirang/ -> HTTPSConnectionPool(host='bitungtravel.com', port=443): Max retries exceeded with url: /desa-wisata/desa-wisata-lirang/ (Caused by NameResolutionError("HTTPSConnection(host='bitungtravel.com', port=443): Failed to resolve 'bitungtravel.com' ([Errno 11001] getaddrinfo failed)"))
20:05:56 | INFO    |       => Sukses dari: https://travel.kompas.com/read/2017/09/25/220300527/panduan-wisata-di-kota-bitung-sulawesi-utara
20:05:57 | INFO    | [1720/2708] Mencari: Monumen MUTIARA
20:05:57 | DEBUG   | [L1 Wiki] Error: Expecting value: line 1 column 1 (char 0)
20:05:57 | DEBUG   |       L1 Gagal, mencoba L2 DDGS...
20:06:05 | INFO    |       => Sukses dari: https://travel.detik.com/domestic-destination/d-6466326/terpana-dengan-magisnya-pantai-perawan-dan-gua-megah-di-buton-tengah
20:06:07 | INFO    | [1721/2708] Mencari: Buntu Sinaji
20:06:07 | DEBUG   | [L1 Wiki] Error: Expecting value: line 1 column 1 (char 0)
20:06:07 | DEBUG   |       L1 Gagal, mencoba L2 DDGS...
20:06:16 | INFO    |       => Sukses dari: https://www.detik.com/sulsel/wisata/d-7855810/8-wisata-di-tana-toraja-yang-unik-dan-bersejarah-untuk-liburan-keluarga
20:06:17 | INFO    | [1722/2708] Mencari: Pantai Tanjung Buaya
20:06:18 | DEBUG   | [L1 Wiki] Error: Expecting value: line 1 column 1 (char 0)
20:06:18 | DEBUG   |       L1 Gagal, mencoba L2 DDGS...
20:06:26 | INFO    |       => Sukses dari: https://dutademokrasi.co.id/travel/ke-bolaang-mongondow-utara-wajib-kungjungi-10-tempat-wisata-ini/
20:06:28 | INFO    | [1723/2708] Mencari: Kampung Wisata Alam Bolopaniki
20:06:28 | DEBUG   | [L1 Wiki] Error: Expecting value: line 1 column 1 (char 0)
20:06:28 | DEBUG   |       L1 Gagal, mencoba L2 DDGS...
20:06:37 | INFO    |       => Sukses dari: https://banggairaya.id/ayo-kunjungi-destinasi-wisata-bolo-paniki-salodik/
20:06:38 | INFO    | [1724/2708] Mencari: Pantai Labengki Kecil
20:06:38 | DEBUG   | [L1 Wiki] Error: Expecting value: line 1 column 1 (char 0)
20:06:38 | DEBUG   |       L1 Gagal, mencoba L2 DDGS...
20:06:45 | INFO    |       => Sukses dari: https://bobobox.com/blog/id/pantai-indah-labengki-island-sulawesi-tenggara/
20:06:46 | INFO    | [1725/2708] Mencari: Pasir panjang bakealu
20:06:46 | DEBUG   | [L1 Wiki] Error: Expecting value: line 1 column 1 (char 0)
20:06:46 | DEBUG   |       L1 Gagal, mencoba L2 DDGS...
20:06:56 | DEBUG   | [L2 BS4] Gagal ekstraksi url https://sisparnas.kemenparekraf.go.id/p/45841 -> HTTPSConnectionPool(host='sisparnas.kemenparekraf.go.id', port=443): Max retries exceeded with url: /p/45841 (Caused by NameResolutionError("HTTPSConnection(host='sisparnas.kemenparekraf.go.id', port=443): Failed to resolve 'sisparnas.kemenparekraf.go.id' ([Errno 11002] getaddrinfo failed)"))
20:06:58 | INFO    |       => Sukses dari: https://formuna.wordpress.com/2016/09/03/pulau-bakealu-kabupaten-muna/
20:06:59 | INFO    | [1726/2708] Mencari: Air Terjun Ayuhulalo
20:06:59 | DEBUG   | [L1 Wiki] Error: Expecting value: line 1 column 1 (char 0)
20:06:59 | DEBUG   |       L1 Gagal, mencoba L2 DDGS...
20:07:06 | INFO    |       => Sukses dari: https://travel.kompas.com/read/2020/10/08/073900527/25-wisata-gorontalo-wisata-sejarah-hingga-bertemu-hiu-paus-?page=all
20:07:07 | INFO    | [1727/2708] Mencari: Teluk Tomori
20:07:07 | DEBUG   | [L1 Wiki] Error: Expecting value: line 1 column 1 (char 0)
20:07:07 | DEBUG   |       L1 Gagal, mencoba L2 DDGS...
20:07:12 | INFO    |       => Sukses dari: https://id.wikipedia.org/wiki/Teluk_Tomori
20:07:13 | INFO    | [1728/2708] Mencari: Galesong Beach
20:07:13 | DEBUG   | [L1 Wiki] Error: Expecting value: line 1 column 1 (char 0)
20:07:13 | DEBUG   |       L1 Gagal, mencoba L2 DDGS...
20:07:21 | INFO    |       => Sukses dari: https://sulsel.idntimes.com/travel/destination/informasi-wisata-pantai-galesong-takalar-lokasi-harga-fasilitas-00-lm183-ddjx49
20:07:22 | INFO    | [1729/2708] Mencari: Wisata Pinus Rombeng 1
20:07:22 | DEBUG   | [L1 Wiki] Error: Expecting value: line 1 column 1 (char 0)
20:07:22 | DEBUG   |       L1 Gagal, mencoba L2 DDGS...
20:07:30 | INFO    |       => Sukses dari: https://travel.tribunnews.com/2020/07/27/wisata-pinus-rombeng-bantaeng-banyak-dikunjungi-wisatawan-bisa-jadi-tempat-camping-favorit
20:07:32 | INFO    | *** Auto-saving 1160 baris diproses...
20:07:32 | INFO    | [1730/2708] Mencari: Nambo Beach
20:07:32 | DEBUG   | [L1 Wiki] Error: Expecting value: line 1 column 1 (char 0)
20:07:32 | DEBUG   |       L1 Gagal, mencoba L2 DDGS...
20:07:37 | INFO    |       => Sukses dari: https://sultra.disway.id/travel/read/152/pantai-nambo-kendari-surga-wisata-keluarga-dengan-pasir-putih-nan-menawan
20:07:39 | INFO    | [1731/2708] Mencari: Tanjung Labora
20:07:39 | DEBUG   | [L1 Wiki] Error: Expecting value: line 1 column 1 (char 0)
20:07:39 | DEBUG   |       L1 Gagal, mencoba L2 DDGS...
20:07:44 | INFO    |       => Sukses dari: https://www.cedhak.com/sulawesi/297/tanjung-labora/
20:07:46 | INFO    | [1732/2708] Mencari: Air terjun Kalando
20:07:46 | DEBUG   | [L1 Wiki] Error: Expecting value: line 1 column 1 (char 0)
20:07:46 | DEBUG   |       L1 Gagal, mencoba L2 DDGS...
20:07:56 | INFO    |       => Sukses dari: https://jadesta.kemenpar.go.id/atraksi/wisata_air_terjun_kalando
20:07:58 | INFO    | [1733/2708] Mencari: Pantai Duva
20:07:58 | DEBUG   | [L1 Wiki] Error: Expecting value: line 1 column 1 (char 0)
20:07:58 | DEBUG   |       L1 Gagal, mencoba L2 DDGS...
20:08:10 | INFO    |       => Gagal mencari deskripsi.
20:08:11 | INFO    | [1734/2708] Mencari: Benkmor camp Beringin
20:08:11 | DEBUG   | [L1 Wiki] Error: Expecting value: line 1 column 1 (char 0)
20:08:11 | DEBUG   |       L1 Gagal, mencoba L2 DDGS...
20:08:20 | INFO    |       => Sukses dari: https://sultengdaily.com/desa-bale-donggala-surganya-pecinta-camping-ground/
20:08:21 | INFO    | [1735/2708] Mencari: Anjungan Wisata Tangkeno
20:08:21 | DEBUG   | [L1 Wiki] Error: Expecting value: line 1 column 1 (char 0)
20:08:21 | DEBUG   |       L1 Gagal, mencoba L2 DDGS...
20:08:26 | INFO    |       => Sukses dari: https://www.geokepo.id/id/lokasi/bombana/desa-wisata-tangkeno
20:08:28 | INFO    | [1736/2708] Mencari: Air Terjun Bahagia
20:08:28 | DEBUG   | [L1 Wiki] Error: Expecting value: line 1 column 1 (char 0)
20:08:28 | DEBUG   |       L1 Gagal, mencoba L2 DDGS...
20:08:32 | DEBUG   | [L2 BS4] Gagal ekstraksi url https://www.designlineinternational.com/air-terjun-bahagia-di-malino-surga-tersembunyi-di-tinggimoncong-gowa/ -> HTTPSConnectionPool(host='www.designlineinternational.com', port=443): Max retries exceeded with url: /air-terjun-bahagia-di-malino-surga-tersembunyi-di-tinggimoncong-gowa/ (Caused by SSLError(SSLCertVerificationError(1, "[SSL: CERTIFICATE_VERIFY_FAILED] certificate verify failed: Hostname mismatch, certificate is not valid for 'www.designlineinternational.com'. (_ssl.c:1081)")))
20:08:41 | DEBUG   | [L2 BS4] Gagal ekstraksi url https://travelingyuk.com/objek-wisata/air-terjun-bahagia/3037 -> HTTPSConnectionPool(host='travelingyuk.com', port=443): Read timed out. (read timeout=8)
20:08:46 | INFO    |       => Sukses dari: https://jendelasatu.com/2022/10/31/pesona-air-terjun-bahagia-kampung-parang-bugisi-gowa/
20:08:47 | INFO    | [1737/2708] Mencari: Pantai Pasir Putih
20:08:47 | DEBUG   | [L1 Wiki] Error: Expecting value: line 1 column 1 (char 0)
20:08:47 | DEBUG   |       L1 Gagal, mencoba L2 DDGS...
20:08:55 | INFO    |       => Sukses dari: https://www.rctiplus.com/news/detail/travel/5241830/3-wisata-alam-trenggalek--goa-kelelawar-hingga-pantai-pasir-putih
20:08:57 | INFO    | [1738/2708] Mencari: Pantai Lamalaka
20:08:57 | DEBUG   | [L1 Wiki] Error: Expecting value: line 1 column 1 (char 0)
20:08:57 | DEBUG   |       L1 Gagal, mencoba L2 DDGS...
20:09:01 | INFO    |       => Sukses dari: https://beautyofindonesia.com/id/wisata/wisata-alam/pantai-lamalaka
20:09:02 | INFO    | [1739/2708] Mencari: Objek Wisata Tulaklangi Talion
20:09:02 | DEBUG   | [L1 Wiki] Error: Expecting value: line 1 column 1 (char 0)
20:09:02 | DEBUG   |       L1 Gagal, mencoba L2 DDGS...
20:09:09 | INFO    |       => Sukses dari: https://kareba-toraja.com/mengenal-wisata-tulaklangi-spot-camping-3-susun-dengan-panorama-sunrise-dan-lautan-awan/
20:09:10 | INFO    | [1740/2708] Mencari: Pantai Tumbak
20:09:10 | DEBUG   | [L1 Wiki] Error: Expecting value: line 1 column 1 (char 0)
20:09:10 | DEBUG   |       L1 Gagal, mencoba L2 DDGS...
20:09:15 | INFO    |       => Sukses dari: https://travel.tribunnews.com/2024/08/27/pantai-tumbak-destinasi-gratis-di-kabupaten-minahasa-tenggara-sulut-bisa-lihat-3-pulau-cantik
20:09:17 | INFO    | [1741/2708] Mencari: Air Terjun Ambang II
20:09:17 | DEBUG   | [L1 Wiki] Error: Expecting value: line 1 column 1 (char 0)
20:09:17 | DEBUG   |       L1 Gagal, mencoba L2 DDGS...
20:09:22 | INFO    |       => Sukses dari: https://gor.wikipedia.org/wiki/Ambang_II,_Bolaang_Timur,_Bolaang_Mongondow
20:09:24 | INFO    | [1742/2708] Mencari: Wisata Tanjung api
20:09:24 | DEBUG   | [L1 Wiki] Error: Expecting value: line 1 column 1 (char 0)
20:09:24 | DEBUG   |       L1 Gagal, mencoba L2 DDGS...
20:09:33 | INFO    |       => Sukses dari: https://sulteng.jadesta.com/atraksi/wisata_tanjung_api
20:09:34 | INFO    | [1743/2708] Mencari: Kolam Renang Mendatte Park
20:09:34 | DEBUG   | [L1 Wiki] Error: Expecting value: line 1 column 1 (char 0)
20:09:34 | DEBUG   |       L1 Gagal, mencoba L2 DDGS...
20:09:42 | INFO    |       => Sukses dari: https://travel.tribunnews.com/2025/07/25/harga-tiket-masuk-mendatte-park-tempat-wisata-di-enrekang-sulsel-dengan-lanskap-gunung-nona
20:09:43 | INFO    | [1744/2708] Mencari: Pegunungan Latimojong
20:09:43 | DEBUG   | [L1 Wiki] Error: Expecting value: line 1 column 1 (char 0)
20:09:43 | DEBUG   |       L1 Gagal, mencoba L2 DDGS...
20:09:50 | INFO    |       => Sukses dari: https://id.wikipedia.org/wiki/Gunung_Latimojong
20:09:51 | INFO    | [1745/2708] Mencari: Pantai Lilito
20:09:51 | DEBUG   | [L1 Wiki] Error: Expecting value: line 1 column 1 (char 0)
20:09:51 | DEBUG   |       L1 Gagal, mencoba L2 DDGS...
20:10:00 | INFO    |       => Sukses dari: https://id.wikipedia.org/wiki/Lilito,_Paleleh,_Buol
20:10:02 | INFO    | [1746/2708] Mencari: TAMAN PUNCAK AHUAWALI
20:10:02 | DEBUG   | [L1 Wiki] Error: Expecting value: line 1 column 1 (char 0)
20:10:02 | DEBUG   |       L1 Gagal, mencoba L2 DDGS...
20:10:10 | INFO    |       => Sukses dari: https://travel.detik.com/fototravel/d-5667053/5-wisata-konawe-kampung-apriyani-sang-peraih-emas-olimpiade
20:10:12 | INFO    | [1747/2708] Mencari: Permandian Iwoi Wanggu
20:10:12 | DEBUG   | [L1 Wiki] Error: Expecting value: line 1 column 1 (char 0)
20:10:12 | DEBUG   |       L1 Gagal, mencoba L2 DDGS...
20:10:17 | INFO    |       => Sukses dari: https://telisik.id/news/boro-boro-tawarkan-wisata-permandian-air-tawar-nuansa-alam-destinasi-wisata-pilihan-akhir-pekan
20:10:19 | INFO    | [1748/2708] Mencari: Wisata Buntu Pasang Palopo
20:10:19 | DEBUG   | [L1 Wiki] Error: Expecting value: line 1 column 1 (char 0)
20:10:19 | DEBUG   |       L1 Gagal, mencoba L2 DDGS...
20:10:27 | INFO    |       => Sukses dari: https://makassar.tribunnews.com/travel/1823173/buntu-pasang-palopo-destinasi-wisata-baru-dengan-panorama-kota-dari-ketinggian
20:10:28 | INFO    | [1749/2708] Mencari: Wisata Pantai Biontong
20:10:28 | DEBUG   | [L1 Wiki] Error: Expecting value: line 1 column 1 (char 0)
20:10:28 | DEBUG   |       L1 Gagal, mencoba L2 DDGS...
20:10:33 | INFO    |       => Sukses dari: https://manado.tribunnews.com/bolmut/1872474/pantai-biontong-satu-dipenuhi-sampah-ini-kata-dlh-bolaang-mongondow-utara
20:10:35 | INFO    | *** Auto-saving 1180 baris diproses...
20:10:35 | INFO    | [1750/2708] Mencari: Negri Atas Awan MARANO
20:10:35 | DEBUG   | [L1 Wiki] Error: Expecting value: line 1 column 1 (char 0)
20:10:35 | DEBUG   |       L1 Gagal, mencoba L2 DDGS...
20:10:44 | INFO    |       => Sukses dari: https://www.kompasiana.com/idos/64c745fd4addee547f183cb2/marano-desa-diatas-awan-nan-indah
20:10:46 | INFO    | [1751/2708] Mencari: Rekreasi Pantai Palu
20:10:46 | DEBUG   | [L1 Wiki] Error: Expecting value: line 1 column 1 (char 0)
20:10:46 | DEBUG   |       L1 Gagal, mencoba L2 DDGS...
20:10:51 | INFO    |       => Sukses dari: https://www.oyorooms.com/travel-guide/id/tempat-wisata-palu/
20:10:53 | INFO    | [1752/2708] Mencari: Pantai Pasir putih
20:10:53 | DEBUG   | [L1 Wiki] Error: Expecting value: line 1 column 1 (char 0)
20:10:53 | DEBUG   |       L1 Gagal, mencoba L2 DDGS...
20:11:00 | INFO    |       => Sukses dari: https://jenepontoturatea.wordpress.com/2011/02/25/objek-wisata-di-jeneponto/
20:11:01 | INFO    | [1753/2708] Mencari: Pantai Komearate
20:11:01 | DEBUG   | [L1 Wiki] Error: Expecting value: line 1 column 1 (char 0)
20:11:01 | DEBUG   |       L1 Gagal, mencoba L2 DDGS...
20:11:13 | INFO    |       => Gagal mencari deskripsi.
20:11:15 | INFO    | [1754/2708] Mencari: Kopdargab Foi#sulselbar
20:11:15 | DEBUG   | [L1 Wiki] Error: Expecting value: line 1 column 1 (char 0)
20:11:15 | DEBUG   |       L1 Gagal, mencoba L2 DDGS...
20:11:25 | INFO    |       => Gagal mencari deskripsi.
20:11:27 | INFO    | [1755/2708] Mencari: Air terjun pesa 1001 tangga ondo ondolu
20:11:27 | DEBUG   | [L1 Wiki] Error: Expecting value: line 1 column 1 (char 0)
20:11:27 | DEBUG   |       L1 Gagal, mencoba L2 DDGS...
20:11:34 | INFO    |       => Sukses dari: https://www.rifaihadi.com/7-objek-wisata-banggai-paling-populer/
20:11:35 | INFO    | [1756/2708] Mencari: Benteng Lipu Kulisusu
20:11:35 | DEBUG   | [L1 Wiki] Error: Expecting value: line 1 column 1 (char 0)
20:11:35 | DEBUG   |       L1 Gagal, mencoba L2 DDGS...
20:11:41 | INFO    |       => Sukses dari: https://id.wikipedia.org/wiki/Kabupaten_Buton_Utara
20:11:42 | INFO    | [1757/2708] Mencari: Lego Lego Sarrea
20:11:42 | DEBUG   | [L1 Wiki] Error: Expecting value: line 1 column 1 (char 0)
20:11:42 | DEBUG   |       L1 Gagal, mencoba L2 DDGS...
20:11:53 | INFO    |       => Sukses dari: https://disparpora.bulukumbakab.go.id/portofolio/lego-lego-sarrea/
20:11:54 | INFO    | [1758/2708] Mencari: Pantai Salise ,Lembeh Utara Kota Bitung
20:11:54 | DEBUG   | [L1 Wiki] Error: Expecting value: line 1 column 1 (char 0)
20:11:54 | DEBUG   |       L1 Gagal, mencoba L2 DDGS...
20:12:01 | INFO    |       => Sukses dari: https://id.wikipedia.org/wiki/Kota_Bitung
20:12:03 | INFO    | [1759/2708] Mencari: Rea Camping Ground
20:12:03 | DEBUG   | [L1 Wiki] Error: Expecting value: line 1 column 1 (char 0)
20:12:03 | DEBUG   |       L1 Gagal, mencoba L2 DDGS...
20:12:09 | INFO    |       => Sukses dari: https://idalamat.com/alamat/671692/rea-cing-ground-mamuju-sulawesi-barat
20:12:10 | INFO    | [1760/2708] Mencari: PUNCAK UHAI SIBALI Bulo
20:12:10 | DEBUG   | [L1 Wiki] Error: Expecting value: line 1 column 1 (char 0)
20:12:10 | DEBUG   |       L1 Gagal, mencoba L2 DDGS...
20:12:17 | DEBUG   | [L2 BS4] Gagal ekstraksi url https://jadesta.kemenparekraf.go.id/desa/bulo -> HTTPSConnectionPool(host='jadesta.kemenparekraf.go.id', port=443): Max retries exceeded with url: /desa/bulo (Caused by NameResolutionError("HTTPSConnection(host='jadesta.kemenparekraf.go.id', port=443): Failed to resolve 'jadesta.kemenparekraf.go.id' ([Errno 11002] getaddrinfo failed)"))
20:12:18 | INFO    |       => Sukses dari: https://makassar.tribunnews.com/2020/09/03/ada-festival-musik-alam-wisata-uhai-sibali-bulo-di-polman-dipadati-pengunjung
20:12:19 | INFO    | [1761/2708] Mencari: Wisata Hungayono
20:12:19 | DEBUG   | [L1 Wiki] Error: Expecting value: line 1 column 1 (char 0)
20:12:19 | DEBUG   |       L1 Gagal, mencoba L2 DDGS...
20:12:29 | INFO    |       => Sukses dari: https://id.wikipedia.org/wiki/Kabupaten_Bone_Bolango
20:12:30 | INFO    | [1762/2708] Mencari: Pantai Cempae
20:12:30 | DEBUG   | [L1 Wiki] Error: Expecting value: line 1 column 1 (char 0)
20:12:30 | DEBUG   |       L1 Gagal, mencoba L2 DDGS...
20:12:34 | INFO    |       => Sukses dari: https://www.detik.com/sulsel/wisata/d-6594141/23-objek-wisata-di-parepare-mulai-pesona-alam-hingga-situs-sejarah
20:12:36 | INFO    | [1763/2708] Mencari: Air Terjun Kaba Kaba
20:12:36 | DEBUG   | [L1 Wiki] Error: Expecting value: line 1 column 1 (char 0)
20:12:36 | DEBUG   |       L1 Gagal, mencoba L2 DDGS...
20:12:45 | INFO    |       => Sukses dari: https://www.detik.com/sulsel/wisata/d-6896501/25-rekomendasi-objek-wisata-di-kabupaten-pinrang-untuk-liburan
20:12:46 | INFO    | [1764/2708] Mencari: Air terjun mawulelen pinaras
20:12:46 | DEBUG   | [L1 Wiki] Error: Expecting value: line 1 column 1 (char 0)
20:12:46 | DEBUG   |       L1 Gagal, mencoba L2 DDGS...
20:12:54 | INFO    |       => Sukses dari: https://id.wikipedia.org/wiki/Kota_Tomohon
20:12:56 | INFO    | [1765/2708] Mencari: Air terjun Timbukar (Sapa)
20:12:56 | DEBUG   | [L1 Wiki] Error: Expecting value: line 1 column 1 (char 0)
20:12:56 | DEBUG   |       L1 Gagal, mencoba L2 DDGS...
20:13:00 | INFO    |       => Sukses dari: https://id.wikipedia.org/wiki/Timbukar,_Sonder,_Minahasa
20:13:01 | INFO    | [1766/2708] Mencari: Bendungan desa busato
20:13:01 | DEBUG   | [L1 Wiki] Error: Expecting value: line 1 column 1 (char 0)
20:13:01 | DEBUG   |       L1 Gagal, mencoba L2 DDGS...
20:13:07 | INFO    |       => Sukses dari: https://id.wikipedia.org/wiki/Busato,_Pinogaluman,_Bolaang_Mongondow_Utara
20:13:08 | INFO    | [1767/2708] Mencari: Patung Buaya Palu
20:13:08 | DEBUG   | [L1 Wiki] Error: Expecting value: line 1 column 1 (char 0)
20:13:08 | DEBUG   |       L1 Gagal, mencoba L2 DDGS...
20:13:16 | INFO    |       => Sukses dari: https://www.oyorooms.com/travel-guide/id/tempat-wisata-palu/
20:13:17 | INFO    | [1768/2708] Mencari: Menara Pandang Paralayang Wayu
20:13:17 | DEBUG   | [L1 Wiki] Error: Expecting value: line 1 column 1 (char 0)
20:13:17 | DEBUG   |       L1 Gagal, mencoba L2 DDGS...
20:13:27 | INFO    |       => Sukses dari: https://interkini.co/objek-wisata-wayu-terkendala-air-dan-fasilitas-tak-berfungsi/
20:13:29 | INFO    | [1769/2708] Mencari: PADANG MOLARA
20:13:29 | DEBUG   | [L1 Wiki] Error: Expecting value: line 1 column 1 (char 0)
20:13:29 | DEBUG   |       L1 Gagal, mencoba L2 DDGS...
20:13:35 | INFO    |       => Sukses dari: https://liburanmurah.com/pesona-padang-molara-surga-tersembunyi-di-konawe-utara/
20:13:37 | INFO    | *** Auto-saving 1200 baris diproses...
20:13:37 | INFO    | [1770/2708] Mencari: Wisata Gn. Soputan
20:13:37 | DEBUG   | [L1 Wiki] Error: Expecting value: line 1 column 1 (char 0)
20:13:37 | DEBUG   |       L1 Gagal, mencoba L2 DDGS...
20:13:46 | INFO    |       => Sukses dari: https://radarpapua.jawapos.com/nusantara/321797329/eksplorasi-gunung-soputan-keindahan-alam-dan-tantangan-perjalanan-di-minahasa-tenggara
20:13:48 | INFO    | [1771/2708] Mencari: Pattiro Lappaloang
20:13:48 | DEBUG   | [L1 Wiki] Error: Expecting value: line 1 column 1 (char 0)
20:13:48 | DEBUG   |       L1 Gagal, mencoba L2 DDGS...
20:13:57 | INFO    |       => Gagal mencari deskripsi.
20:13:58 | INFO    | [1772/2708] Mencari: Pantai Tanjung Molinow
20:13:58 | DEBUG   | [L1 Wiki] Error: Expecting value: line 1 column 1 (char 0)
20:13:58 | DEBUG   |       L1 Gagal, mencoba L2 DDGS...
20:14:05 | DEBUG   | [L2 BS4] Gagal ekstraksi url https://jadesta.kemenparekraf.go.id/atraksi/pemandangan_pantai_molinow -> HTTPSConnectionPool(host='jadesta.kemenparekraf.go.id', port=443): Max retries exceeded with url: /atraksi/pemandangan_pantai_molinow (Caused by NameResolutionError("HTTPSConnection(host='jadesta.kemenparekraf.go.id', port=443): Failed to resolve 'jadesta.kemenparekraf.go.id' ([Errno 11002] getaddrinfo failed)"))
20:14:06 | INFO    |       => Sukses dari: https://metroklik.com/2022/04/09/wabup-minsel-canangkan-molinow-sebagai-desa-wisata/
20:14:07 | INFO    | [1773/2708] Mencari: Air Terjun Likunggavali
20:14:07 | DEBUG   | [L1 Wiki] Error: Expecting value: line 1 column 1 (char 0)
20:14:07 | DEBUG   |       L1 Gagal, mencoba L2 DDGS...
20:14:14 | INFO    |       => Sukses dari: https://www.floreseditorial.com/wisata/39716175394/likunggavali-pesona-tebing-alam-yang-jadi-daya-tarik-baru-di-parigi-moutong
20:14:16 | INFO    | [1774/2708] Mencari: Pantai Karosondaya
20:14:16 | DEBUG   | [L1 Wiki] Error: Expecting value: line 1 column 1 (char 0)
20:14:16 | DEBUG   |       L1 Gagal, mencoba L2 DDGS...
20:14:36 | INFO    |       => Gagal mencari deskripsi.
20:14:37 | INFO    | [1775/2708] Mencari: Pelabuhan loji
20:14:38 | DEBUG   | [L1 Wiki] Error: Expecting value: line 1 column 1 (char 0)
20:14:38 | DEBUG   |       L1 Gagal, mencoba L2 DDGS...
20:14:44 | INFO    |       => Sukses dari: https://ketikmedia.com/wisata/wisata-bombana
20:14:45 | INFO    | [1776/2708] Mencari: Bukit Amdn Poso
20:14:45 | DEBUG   | [L1 Wiki] Error: Expecting value: line 1 column 1 (char 0)
20:14:45 | DEBUG   |       L1 Gagal, mencoba L2 DDGS...
20:14:55 | INFO    |       => Sukses dari: https://pulung.net/travel/tempat-wisata-terbaik-di-kabupaten-poso/
20:14:56 | INFO    | [1777/2708] Mencari: Pantai Bongo
20:14:57 | DEBUG   | [L1 Wiki] Error: Expecting value: line 1 column 1 (char 0)
20:14:57 | DEBUG   |       L1 Gagal, mencoba L2 DDGS...
20:15:06 | INFO    |       => Sukses dari: https://travel.detik.com/galeri-foto/d-5433787/aneka-pulau-cantik-di-banggai-laut-sulteng
20:15:07 | INFO    | [1778/2708] Mencari: Bukit ASA, Babo Anjam, Tolitoli, Sulteng
20:15:07 | DEBUG   | [L1 Wiki] Error: Expecting value: line 1 column 1 (char 0)
20:15:07 | DEBUG   |       L1 Gagal, mencoba L2 DDGS...
20:15:22 | DEBUG   | [L2 DDGS] Error: DecodeError: DecodeError('Body collection error: error decoding response body')
20:15:22 | INFO    |       => Gagal mencari deskripsi.
20:15:23 | INFO    | [1779/2708] Mencari: Pantai Sausumangka
20:15:23 | DEBUG   | [L1 Wiki] Error: Expecting value: line 1 column 1 (char 0)
20:15:23 | DEBUG   |       L1 Gagal, mencoba L2 DDGS...
20:15:40 | INFO    |       => Gagal mencari deskripsi.
20:15:41 | INFO    | [1780/2708] Mencari: Tanjung Losa (Bikini Bottom)
20:15:41 | DEBUG   | [L1 Wiki] Error: Expecting value: line 1 column 1 (char 0)
20:15:41 | DEBUG   |       L1 Gagal, mencoba L2 DDGS...
20:15:50 | INFO    |       => Sukses dari: https://www.top-rated.online/cities/Labuang+Rano/place/p/16927281/Wisata+pantai+Losa
20:15:52 | INFO    | [1781/2708] Mencari: Wisata air terjun Bambatunu Kalukunangka
20:15:52 | DEBUG   | [L1 Wiki] Error: Expecting value: line 1 column 1 (char 0)
20:15:52 | DEBUG   |       L1 Gagal, mencoba L2 DDGS...
20:16:11 | INFO    |       => Sukses dari: https://divisinews.com/bhabinkamtibmas-melakukan-patroli-sambang-di-kawasan-wisata-bambatunu/
20:16:12 | INFO    | [1782/2708] Mencari: Air Terjun To' Sarambu
20:16:12 | DEBUG   | [L1 Wiki] Error: Expecting value: line 1 column 1 (char 0)
20:16:12 | DEBUG   |       L1 Gagal, mencoba L2 DDGS...
20:16:19 | INFO    |       => Sukses dari: https://www.itrip.id/air-terjun-sarambu
20:16:21 | INFO    | [1783/2708] Mencari: Situs Sejarah Ratu Oki
20:16:21 | DEBUG   | [L1 Wiki] Error: Expecting value: line 1 column 1 (char 0)
20:16:21 | DEBUG   |       L1 Gagal, mencoba L2 DDGS...
20:16:28 | INFO    |       => Sukses dari: https://www.geokepo.id/id/lokasi/minahasa-tenggara/monumen-tugu-ratahan
20:16:29 | INFO    | [1784/2708] Mencari: Pasir Putih
20:16:29 | DEBUG   | [L1 Wiki] Error: Expecting value: line 1 column 1 (char 0)
20:16:29 | DEBUG   |       L1 Gagal, mencoba L2 DDGS...
20:16:37 | INFO    |       => Sukses dari: https://www.liputan6.com/regional/read/4916136/ada-surga-bernama-pulau-bukabuka-di-tojo-una-una
20:16:39 | INFO    | [1785/2708] Mencari: Goa moko
20:16:39 | DEBUG   | [L1 Wiki] Error: Expecting value: line 1 column 1 (char 0)
20:16:39 | DEBUG   |       L1 Gagal, mencoba L2 DDGS...
20:16:48 | INFO    |       => Sukses dari: https://liburdulu.com/jelajah-wisata-bau-bau-yuk-jelajah-tempat-wisata-bau-bau-ini-photo-today-by-taken-at-gua-moko-terletak-di-kel-sulaa-kota-baub/
20:16:49 | INFO    | [1786/2708] Mencari: Pantai Panggulawu
20:16:49 | DEBUG   | [L1 Wiki] Error: Expecting value: line 1 column 1 (char 0)
20:16:49 | DEBUG   |       L1 Gagal, mencoba L2 DDGS...
20:16:57 | INFO    |       => Sukses dari: https://arta-google.blogspot.com/
20:16:59 | INFO    | [1787/2708] Mencari: Bukit Sukun Bhayangkara 78
20:16:59 | DEBUG   | [L1 Wiki] Error: Expecting value: line 1 column 1 (char 0)
20:16:59 | DEBUG   |       L1 Gagal, mencoba L2 DDGS...
20:17:04 | INFO    |       => Sukses dari: https://sulbarpedia.com/pj-gubernur-sulbar-perkenalkan-objek-wisata-baru-di-mamuju-diberi-nama-puncak-sukun/
20:17:05 | INFO    | [1788/2708] Mencari: Wisata Alam & Kolam Renang WAE TUO TEMBO'E
20:17:05 | DEBUG   | [L1 Wiki] Error: Expecting value: line 1 column 1 (char 0)
20:17:05 | DEBUG   |       L1 Gagal, mencoba L2 DDGS...
20:17:11 | INFO    |       => Sukses dari: https://makassar.tribunnews.com/2017/03/07/jenne-tallasa-dan-wae-tuo-temboe-destinasi-favorit-pelajar-bulukumba
20:17:12 | INFO    | [1789/2708] Mencari: Luak Hutan Mangrove Kotabunan Selatan
20:17:12 | DEBUG   | [L1 Wiki] Error: Expecting value: line 1 column 1 (char 0)
20:17:12 | DEBUG   |       L1 Gagal, mencoba L2 DDGS...
20:17:17 | INFO    |       => Sukses dari: https://jadesta.kemenpar.go.id/desa/_mangrove_kotabunan_selatan
20:17:19 | INFO    | *** Auto-saving 1220 baris diproses...
20:17:19 | INFO    | [1790/2708] Mencari: Pantai To Bolo Lia
20:17:19 | DEBUG   | [L1 Wiki] Error: Expecting value: line 1 column 1 (char 0)
20:17:19 | DEBUG   |       L1 Gagal, mencoba L2 DDGS...
20:17:24 | INFO    |       => Sukses dari: https://towale.digitaldesa.id/wisata/pantai-bololia
20:17:25 | INFO    | [1791/2708] Mencari: Puncak lakampufu
20:17:25 | DEBUG   | [L1 Wiki] Error: Expecting value: line 1 column 1 (char 0)
20:17:25 | DEBUG   |       L1 Gagal, mencoba L2 DDGS...
20:17:36 | INFO    |       => Sukses dari: https://www.cedhak.com/sulawesi/867/puncak-lakampufu/
20:17:37 | INFO    | [1792/2708] Mencari: Wisata kasiono oe
20:17:37 | DEBUG   | [L1 Wiki] Error: Expecting value: line 1 column 1 (char 0)
20:17:37 | DEBUG   |       L1 Gagal, mencoba L2 DDGS...
20:17:43 | INFO    |       => Sukses dari: https://turisian.com/2022/09/06/telaga-kasiono-oe-muna-barat-yang-tenang-dan-asri-cocok-buat-healing-kalian/
20:17:44 | INFO    | [1793/2708] Mencari: Air Terjun Salo Rumpala
20:17:44 | DEBUG   | [L1 Wiki] Error: Expecting value: line 1 column 1 (char 0)
20:17:44 | DEBUG   |       L1 Gagal, mencoba L2 DDGS...
20:17:55 | INFO    |       => Gagal mencari deskripsi.
20:17:56 | INFO    | [1794/2708] Mencari: Bukit Tinggi Beach (Kakas,Minahasa)
20:17:56 | DEBUG   | [L1 Wiki] Error: Expecting value: line 1 column 1 (char 0)
20:17:56 | DEBUG   |       L1 Gagal, mencoba L2 DDGS...
20:18:03 | INFO    |       => Sukses dari: https://www.kompasiana.com/vanomengko/563f8464f77e613a0d970b16/bukit-tinggi-van-minahasa
20:18:05 | INFO    | [1795/2708] Mencari: Danau Bunong
20:18:05 | DEBUG   | [L1 Wiki] Error: Expecting value: line 1 column 1 (char 0)
20:18:05 | DEBUG   |       L1 Gagal, mencoba L2 DDGS...
20:18:13 | INFO    |       => Sukses dari: https://www.idntimes.com/travel/destination/wisata-bolaang-mongondow-timur-1-00-cqkqh-y7rgtt
20:18:14 | INFO    | [1796/2708] Mencari: Taman Bukit Kaluku
20:18:15 | DEBUG   | [L1 Wiki] Error: Expecting value: line 1 column 1 (char 0)
20:18:15 | DEBUG   |       L1 Gagal, mencoba L2 DDGS...
20:18:24 | INFO    |       => Sukses dari: https://galeriwisata.wordpress.com/wisata-sulawesi/wisata-sulawesi-tenggara/wisata-kota-bau-bau/
20:18:25 | INFO    | [1797/2708] Mencari: Masalili Hilltop
20:18:26 | DEBUG   | [L1 Wiki] Error: Expecting value: line 1 column 1 (char 0)
20:18:26 | DEBUG   |       L1 Gagal, mencoba L2 DDGS...
20:18:39 | DEBUG   | [L2 BS4] Gagal ekstraksi url https://www.lajur.co/melihat-puncak-masalili-wisata-perbukitan-di-kabupaten-muna/ -> HTTPSConnectionPool(host='www.lajur.co', port=443): Read timed out.
20:18:42 | INFO    |       => Sukses dari: https://www.jelajahsultra.com/2020/04/akses-ke-puncak-masalili.html
20:18:43 | INFO    | [1798/2708] Mencari: WAM(wisata Air Meronga)
20:18:43 | DEBUG   | [L1 Wiki] Error: Expecting value: line 1 column 1 (char 0)
20:18:43 | DEBUG   |       L1 Gagal, mencoba L2 DDGS...
20:18:58 | INFO    |       => Sukses dari: https://liburanmurah.com/segarnya-bermain-air-di-jambi-paradise-jambi/
20:19:00 | INFO    | [1799/2708] Mencari: Wisata Batu Kembar
20:19:00 | DEBUG   | [L1 Wiki] Error: Expecting value: line 1 column 1 (char 0)
20:19:00 | DEBUG   |       L1 Gagal, mencoba L2 DDGS...
20:19:06 | INFO    |       => Sukses dari: https://www.detik.com/sulsel/wisata/d-6908956/19-rekomendasi-tempat-wisata-di-luwu-utara-yang-menarik-dikunjungi
20:19:08 | INFO    | [1800/2708] Mencari: Wisata Bahari Batu Beranak
20:19:08 | DEBUG   | [L1 Wiki] Error: Expecting value: line 1 column 1 (char 0)
20:19:08 | DEBUG   |       L1 Gagal, mencoba L2 DDGS...
20:19:13 | INFO    |       => Sukses dari: https://www.detik.com/sumut/wisata/d-7328990/7-wisata-bahari-keren-di-indonesia-cocok-jadi-tempat-liburan-bareng-keluarga
20:19:15 | INFO    | [1801/2708] Mencari: Dusun Burau Pantai
20:19:15 | DEBUG   | [L1 Wiki] Error: Expecting value: line 1 column 1 (char 0)
20:19:15 | DEBUG   |       L1 Gagal, mencoba L2 DDGS...
20:19:20 | INFO    |       => Sukses dari: https://id.wikipedia.org/wiki/Burau_Pantai,_Burau,_Luwu_Timur
20:19:21 | INFO    | [1802/2708] Mencari: Air Terjun Kaongkeongkea
20:19:21 | DEBUG   | [L1 Wiki] Error: Expecting value: line 1 column 1 (char 0)
20:19:21 | DEBUG   |       L1 Gagal, mencoba L2 DDGS...
20:19:26 | INFO    |       => Sukses dari: https://jadesta.kemenpar.go.id/atraksi/145976
20:19:28 | INFO    | [1803/2708] Mencari: Puncak Timbu Dama'
20:19:28 | DEBUG   | [L1 Wiki] Error: Expecting value: line 1 column 1 (char 0)
20:19:28 | DEBUG   |       L1 Gagal, mencoba L2 DDGS...
20:19:32 | INFO    |       => Sukses dari: https://liburanmurah.com/puncak-timbu-dama-pesona-tersembunyi-di-mamasa-sulawesi-barat/
20:19:34 | INFO    | [1804/2708] Mencari: AIR TERJUN & PANDAI BESI BARUTTUNG
20:19:34 | DEBUG   | [L1 Wiki] Error: Expecting value: line 1 column 1 (char 0)
20:19:34 | DEBUG   |       L1 Gagal, mencoba L2 DDGS...
20:19:41 | INFO    |       => Gagal mencari deskripsi.
20:19:43 | INFO    | [1805/2708] Mencari: Skyland Bolonglangi'
20:19:43 | DEBUG   | [L1 Wiki] Error: Expecting value: line 1 column 1 (char 0)
20:19:43 | DEBUG   |       L1 Gagal, mencoba L2 DDGS...
20:19:56 | INFO    |       => Sukses dari: https://selayar.quarta.id/tourism/tidak-hanya-wisata-bahari-ini-sederet-spot-wisata-perbukitan-di-kepulauan-selayar/
20:19:58 | INFO    | [1806/2708] Mencari: Puncak Buah D'88
20:19:58 | DEBUG   | [L1 Wiki] Error: Expecting value: line 1 column 1 (char 0)
20:19:58 | DEBUG   |       L1 Gagal, mencoba L2 DDGS...
20:20:04 | INFO    |       => Sukses dari: https://disbudparminahasa.com/wisata-alam
20:20:06 | INFO    | [1807/2708] Mencari: Tompa One Hidden Beach
20:20:06 | DEBUG   | [L1 Wiki] Error: Expecting value: line 1 column 1 (char 0)
20:20:06 | DEBUG   |       L1 Gagal, mencoba L2 DDGS...
20:20:14 | INFO    |       => Sukses dari: https://turisian.com/2022/07/18/terpukau-dengan-air-terjun-lamesou-hidden-gem-wisata-konawe-utara/
20:20:16 | INFO    | [1808/2708] Mencari: Wisata Permandian Koke
20:20:16 | DEBUG   | [L1 Wiki] Error: Expecting value: line 1 column 1 (char 0)
20:20:16 | DEBUG   |       L1 Gagal, mencoba L2 DDGS...
20:20:20 | INFO    |       => Sukses dari: https://idalamat.com/alamat/696634/wisata-permandian-koke-muna-sulawesi-tenggara
20:20:21 | INFO    | [1809/2708] Mencari: Pantai Botubarani
20:20:21 | DEBUG   | [L1 Wiki] Error: Expecting value: line 1 column 1 (char 0)
20:20:21 | DEBUG   |       L1 Gagal, mencoba L2 DDGS...
20:20:27 | INFO    |       => Sukses dari: https://travel.kompas.com/read/2024/02/23/200400227/atraksi-dan-wisata-di-desa-wisata-botubarani-gorontalo
20:20:28 | INFO    | *** Auto-saving 1240 baris diproses...
20:20:28 | INFO    | [1810/2708] Mencari: New Sampulungan Beach
20:20:28 | DEBUG   | [L1 Wiki] Error: Expecting value: line 1 column 1 (char 0)
20:20:28 | DEBUG   |       L1 Gagal, mencoba L2 DDGS...
20:20:36 | INFO    |       => Sukses dari: https://www.detik.com/sulsel/wisata/d-6503703/14-tempat-wisata-di-takalar-yang-populer-dan-menarik-dikunjungi
20:20:38 | INFO    | [1811/2708] Mencari: TAMAN WISATA BUMDES BERKAH BERSAMA
20:20:38 | DEBUG   | [L1 Wiki] Error: Expecting value: line 1 column 1 (char 0)
20:20:38 | DEBUG   |       L1 Gagal, mencoba L2 DDGS...
20:20:45 | DEBUG   | [L2 BS4] Gagal ekstraksi url https://jadesta.kemenparekraf.go.id/desa/taman_wisata_bumdes_berkah_2 -> HTTPSConnectionPool(host='jadesta.kemenparekraf.go.id', port=443): Max retries exceeded with url: /desa/taman_wisata_bumdes_berkah_2 (Caused by NameResolutionError("HTTPSConnection(host='jadesta.kemenparekraf.go.id', port=443): Failed to resolve 'jadesta.kemenparekraf.go.id' ([Errno 11002] getaddrinfo failed)"))
20:20:48 | INFO    |       => Sukses dari: https://travel.detik.com/domestic-destination/d-7465518/15-tempat-pariwisata-gowa-daya-tarik-lokasi-harga-tiket
20:20:49 | INFO    | [1812/2708] Mencari: Rest Area Puncak Tikungan
20:20:49 | DEBUG   | [L1 Wiki] Error: Expecting value: line 1 column 1 (char 0)
20:20:49 | DEBUG   |       L1 Gagal, mencoba L2 DDGS...
20:20:59 | INFO    |       => Sukses dari: https://waktu.news/tempat-wisata-parigi-moutong/
20:21:00 | INFO    | [1813/2708] Mencari: Bahomoumpa waterfall
20:21:00 | DEBUG   | [L1 Wiki] Error: Expecting value: line 1 column 1 (char 0)
20:21:00 | DEBUG   |       L1 Gagal, mencoba L2 DDGS...
20:21:08 | INFO    |       => Sukses dari: https://www.cedhak.com/bali/1388/seb-waterfall/
20:21:09 | INFO    | [1814/2708] Mencari: Wantopi Beach
20:21:09 | DEBUG   | [L1 Wiki] Error: Expecting value: line 1 column 1 (char 0)
20:21:09 | DEBUG   |       L1 Gagal, mencoba L2 DDGS...
20:21:15 | INFO    |       => Sukses dari: https://www.celebes.co/pantai-wantopi-buton-tengah
20:21:16 | INFO    | [1815/2708] Mencari: Bulu Tondongkarambu
20:21:16 | DEBUG   | [L1 Wiki] Error: Expecting value: line 1 column 1 (char 0)
20:21:16 | DEBUG   |       L1 Gagal, mencoba L2 DDGS...
20:21:34 | INFO    |       => Gagal mencari deskripsi.
20:21:36 | INFO    | [1816/2708] Mencari: Wisata Pemandian Alam Barukku
20:21:36 | DEBUG   | [L1 Wiki] Error: Expecting value: line 1 column 1 (char 0)
20:21:36 | DEBUG   |       L1 Gagal, mencoba L2 DDGS...
20:21:41 | INFO    |       => Sukses dari: https://sumut.idntimes.com/travel/destination/7-wisata-pemandian-alam-paling-hits-di-sekitar-siantar-00-fj96j-27dwjh
20:21:42 | INFO    | [1817/2708] Mencari: Mata air Bura-bura, Matano
20:21:42 | DEBUG   | [L1 Wiki] Error: Expecting value: line 1 column 1 (char 0)
20:21:42 | DEBUG   |       L1 Gagal, mencoba L2 DDGS...
20:21:49 | INFO    |       => Sukses dari: https://sulsel.idntimes.com/travel/destination/panduan-wisata-ke-danau-terdalam-se-asia-tenggara-di-sorowako-sulsel-00-g3swn-pdxhw9
20:21:51 | INFO    | [1818/2708] Mencari: Binuanga Tracking Mangrove
20:21:51 | DEBUG   | [L1 Wiki] Error: Expecting value: line 1 column 1 (char 0)
20:21:51 | DEBUG   |       L1 Gagal, mencoba L2 DDGS...
20:21:55 | INFO    |       => Sukses dari: https://jadesta.kemenpar.go.id/desa/tracking_mangrove_binuanga_2
20:21:56 | INFO    | [1819/2708] Mencari: Pantai Apes
20:21:57 | DEBUG   | [L1 Wiki] Error: Expecting value: line 1 column 1 (char 0)
20:21:57 | DEBUG   |       L1 Gagal, mencoba L2 DDGS...
20:22:16 | DEBUG   | [L2 BS4] Gagal ekstraksi url https://travel.detik.com/domestic-destination/d-5603191/ajaibnya-wisata-sangihe-ada-gunung-berapi-di-bawah-laut -> HTTPSConnectionPool(host='travel.detik.com', port=443): Read timed out.
20:22:20 | INFO    |       => Gagal mencari deskripsi.
20:22:22 | INFO    | [1820/2708] Mencari: Bukit Kelor
20:22:22 | DEBUG   | [L1 Wiki] Error: Expecting value: line 1 column 1 (char 0)
20:22:22 | DEBUG   |       L1 Gagal, mencoba L2 DDGS...
20:22:31 | INFO    |       => Gagal mencari deskripsi.
20:22:33 | INFO    | [1821/2708] Mencari: Permandian Baru
20:22:33 | DEBUG   | [L1 Wiki] Error: Expecting value: line 1 column 1 (char 0)
20:22:33 | DEBUG   |       L1 Gagal, mencoba L2 DDGS...
20:22:40 | INFO    |       => Sukses dari: https://www.geokepo.id/id/lokasi/bantaeng/permandian-alam-eremerasa
20:22:42 | INFO    | [1822/2708] Mencari: Pantai Wanua Ndoke
20:22:42 | DEBUG   | [L1 Wiki] Error: Expecting value: line 1 column 1 (char 0)
20:22:42 | DEBUG   |       L1 Gagal, mencoba L2 DDGS...
20:22:52 | INFO    |       => Sukses dari: https://lenterawayracana.id/pantai-wanua-ndoke-terdegradasi-aset-wisata-desa-lantagi-terabaikan/
20:22:53 | INFO    | [1823/2708] Mencari: Benteng Nata
20:22:53 | DEBUG   | [L1 Wiki] Error: Expecting value: line 1 column 1 (char 0)
20:22:53 | DEBUG   |       L1 Gagal, mencoba L2 DDGS...
20:23:05 | INFO    |       => Sukses dari: https://www.wonderverseindonesia.com/id/article/travel/daya-tarik-wisata-wakatobi-keindahan-alam-kelas-mendunia
20:23:07 | INFO    | [1824/2708] Mencari: Desa Wisata Rammang-rammang
20:23:07 | DEBUG   | [L1 Wiki] Error: Expecting value: line 1 column 1 (char 0)
20:23:07 | DEBUG   |       L1 Gagal, mencoba L2 DDGS...
20:23:19 | DEBUG   | [L2 DDGS] Error: DecodeError: DecodeError('Body collection error: error decoding response body')
20:23:19 | INFO    |       => Gagal mencari deskripsi.
20:23:21 | INFO    | [1825/2708] Mencari: Kabupaten sinjai
20:23:21 | DEBUG   | [L1 Wiki] Error: Expecting value: line 1 column 1 (char 0)
20:23:21 | DEBUG   |       L1 Gagal, mencoba L2 DDGS...
20:23:27 | INFO    |       => Sukses dari: https://pulung.net/travel/tempat-wisata-terbaik-di-kabupaten-sinjai/
20:23:29 | INFO    | [1826/2708] Mencari: Wisata Alam Pa' Baladoan
20:23:29 | DEBUG   | [L1 Wiki] Error: Expecting value: line 1 column 1 (char 0)
20:23:29 | DEBUG   |       L1 Gagal, mencoba L2 DDGS...
20:23:48 | DEBUG   | [L2 BS4] Gagal ekstraksi url https://www.cedhak.com/sulawesi/518/wisata-alam-pa-baladoan/ -> HTTPSConnectionPool(host='www.cedhak.com', port=443): Read timed out. (read timeout=8)
20:23:57 | DEBUG   | [L2 BS4] Gagal ekstraksi url https://ulilalbabinstitute.co.id/index.php/EKOMA/article/view/4485/4024 -> HTTPSConnectionPool(host='al-haramjournal.id', port=443): Read timed out. (read timeout=8)
20:23:58 | INFO    |       => Gagal mencari deskripsi.
20:24:00 | INFO    | [1827/2708] Mencari: Desa Wisata Pinus Pa'tengko
20:24:00 | DEBUG   | [L1 Wiki] Error: Expecting value: line 1 column 1 (char 0)
20:24:00 | DEBUG   |       L1 Gagal, mencoba L2 DDGS...
20:24:05 | INFO    |       => Sukses dari: https://idalamat.com/alamat/697488/desa-wisata-pinus-patengko-tana-toraja-sulawesi-selatan
20:24:06 | INFO    | [1828/2708] Mencari: LORONG PERMANDIAN UELANTI
20:24:06 | DEBUG   | [L1 Wiki] Error: Expecting value: line 1 column 1 (char 0)
20:24:06 | DEBUG   |       L1 Gagal, mencoba L2 DDGS...
20:24:14 | INFO    |       => Sukses dari: https://www.metrosulteng.com/sosial-budaya/pr-5196381423/tempat-wisata-di-luwu-timur-dipadati-pengunjung
20:24:16 | INFO    | [1829/2708] Mencari: Air Terjun Wolinow
20:24:16 | DEBUG   | [L1 Wiki] Error: Expecting value: line 1 column 1 (char 0)
20:24:16 | DEBUG   |       L1 Gagal, mencoba L2 DDGS...
20:24:26 | DEBUG   | [L2 BS4] Gagal ekstraksi url https://sisparnas.kemenparekraf.go.id/p/136150 -> HTTPSConnectionPool(host='sisparnas.kemenparekraf.go.id', port=443): Max retries exceeded with url: /p/136150 (Caused by NameResolutionError("HTTPSConnection(host='sisparnas.kemenparekraf.go.id', port=443): Failed to resolve 'sisparnas.kemenparekraf.go.id' ([Errno 11002] getaddrinfo failed)"))
20:24:26 | INFO    |       => Gagal mencari deskripsi.
20:24:27 | INFO    | *** Auto-saving 1260 baris diproses...
20:24:27 | INFO    | [1830/2708] Mencari: Desa Boyong Pante
20:24:27 | DEBUG   | [L1 Wiki] Error: Expecting value: line 1 column 1 (char 0)
20:24:27 | DEBUG   |       L1 Gagal, mencoba L2 DDGS...
20:24:32 | INFO    |       => Sukses dari: https://id.wikipedia.org/wiki/Boyong_Pante,_Sinonsayang,_Minahasa_Selatan
20:24:33 | INFO    | [1831/2708] Mencari: Teratai Putih
20:24:33 | DEBUG   | [L1 Wiki] Error: Expecting value: line 1 column 1 (char 0)
20:24:33 | DEBUG   |       L1 Gagal, mencoba L2 DDGS...
20:24:40 | INFO    |       => Sukses dari: https://www.geokepo.id/id/lokasi/bolaang-mongondow-utara
20:24:41 | INFO    | [1832/2708] Mencari: Pantai Wisata Maponu
20:24:41 | DEBUG   | [L1 Wiki] Error: Expecting value: line 1 column 1 (char 0)
20:24:41 | DEBUG   |       L1 Gagal, mencoba L2 DDGS...
20:24:48 | INFO    |       => Sukses dari: https://www.geokepo.id/id/lokasi/pasangkayu/pantai-koa-koa
20:24:49 | INFO    | [1833/2708] Mencari: Wisata Mangrove Tofuti
20:24:49 | DEBUG   | [L1 Wiki] Error: Expecting value: line 1 column 1 (char 0)
20:24:49 | DEBUG   |       L1 Gagal, mencoba L2 DDGS...
20:24:58 | INFO    |       => Sukses dari: https://www.cedhak.com/sulawesi/920/wisata-mangrove-tofuti/
20:24:59 | INFO    | [1834/2708] Mencari: Dermaga Lawadia
20:24:59 | DEBUG   | [L1 Wiki] Error: Expecting value: line 1 column 1 (char 0)
20:24:59 | DEBUG   |       L1 Gagal, mencoba L2 DDGS...
20:25:08 | INFO    |       => Sukses dari: https://jadesta.kemenpar.go.id/desa/dermaga_pelangi
20:25:10 | INFO    | [1835/2708] Mencari: Pantai Karang tajam
20:25:10 | DEBUG   | [L1 Wiki] Error: Expecting value: line 1 column 1 (char 0)
20:25:10 | DEBUG   |       L1 Gagal, mencoba L2 DDGS...
20:25:23 | INFO    |       => Gagal mencari deskripsi.
20:25:24 | INFO    | [1836/2708] Mencari: Anjungan Sungai Mata Allo
20:25:24 | DEBUG   | [L1 Wiki] Error: Expecting value: line 1 column 1 (char 0)
20:25:24 | DEBUG   |       L1 Gagal, mencoba L2 DDGS...
20:25:31 | INFO    |       => Sukses dari: https://www.itrip.id/sungai-mata-allo-enrekang
20:25:32 | INFO    | [1837/2708] Mencari: Wisata Bahari Kapelak
20:25:32 | DEBUG   | [L1 Wiki] Error: Expecting value: line 1 column 1 (char 0)
20:25:32 | DEBUG   |       L1 Gagal, mencoba L2 DDGS...
20:25:37 | INFO    |       => Sukses dari: https://indonesiajuara.asia/tour-banggai/
20:25:39 | INFO    | [1838/2708] Mencari: Air Terjun Malaringgi
20:25:39 | DEBUG   | [L1 Wiki] Error: Expecting value: line 1 column 1 (char 0)
20:25:39 | DEBUG   |       L1 Gagal, mencoba L2 DDGS...
20:25:45 | INFO    |       => Sukses dari: https://id.wikipedia.org/wiki/Malaringgi,_Laonti,_Konawe_Selatan
20:25:47 | INFO    | [1839/2708] Mencari: Tanjung Buaya
20:25:47 | DEBUG   | [L1 Wiki] Error: Expecting value: line 1 column 1 (char 0)
20:25:47 | DEBUG   |       L1 Gagal, mencoba L2 DDGS...
20:26:05 | DEBUG   | [L2 BS4] Gagal ekstraksi url https://www.lajur.co/destinasi-wisata-di-buton-tengah-untuk-isi-libur-lebaran-ada-susur-gua-laumehe-pesona-pantai-mutiara/ -> HTTPSConnectionPool(host='www.lajur.co', port=443): Read timed out.
20:26:05 | INFO    |       => Gagal mencari deskripsi.
20:26:06 | INFO    | [1840/2708] Mencari: Taman Segitiga
20:26:06 | DEBUG   | [L1 Wiki] Error: Expecting value: line 1 column 1 (char 0)
20:26:06 | DEBUG   |       L1 Gagal, mencoba L2 DDGS...
20:26:23 | DEBUG   | [L2 BS4] Gagal ekstraksi url https://wisato.id/wisata-alam/10-destinasi-wisata-yang-tak-boleh-terlewatkan-di-pohuwato/ -> HTTPSConnectionPool(host='wisato.id', port=443): Read timed out. (read timeout=8)
20:26:27 | INFO    |       => Sukses dari: https://www.geokepo.id/id/lokasi/pohuwato/pulau-cinta
20:26:28 | INFO    | [1841/2708] Mencari: Pulau Idaman Boalemo (Eks Pulo Mohupomba)
20:26:28 | DEBUG   | [L1 Wiki] Error: Expecting value: line 1 column 1 (char 0)
20:26:28 | DEBUG   |       L1 Gagal, mencoba L2 DDGS...
20:26:36 | INFO    |       => Sukses dari: https://id.wikipedia.org/wiki/Pulau_Mohupomba
20:26:37 | INFO    | [1842/2708] Mencari: Pantai Tanjung Bubuan
20:26:37 | DEBUG   | [L1 Wiki] Error: Expecting value: line 1 column 1 (char 0)
20:26:37 | DEBUG   |       L1 Gagal, mencoba L2 DDGS...
20:26:44 | INFO    |       => Sukses dari: https://www.cedhak.com/wilayah/kabupaten-bolaang-mongondow-timur/
20:26:45 | INFO    | [1843/2708] Mencari: Bokori Beach
20:26:45 | DEBUG   | [L1 Wiki] Error: Expecting value: line 1 column 1 (char 0)
20:26:45 | DEBUG   |       L1 Gagal, mencoba L2 DDGS...
20:26:50 | INFO    |       => Sukses dari: https://wisatago.com/pulau-bokori/
20:26:51 | INFO    | [1844/2708] Mencari: Pantai One Wanta
20:26:52 | DEBUG   | [L1 Wiki] Error: Expecting value: line 1 column 1 (char 0)
20:26:52 | DEBUG   |       L1 Gagal, mencoba L2 DDGS...
20:27:04 | INFO    |       => Gagal mencari deskripsi.
20:27:05 | INFO    | [1845/2708] Mencari: Air Terjun Kona Rattekallang
20:27:05 | DEBUG   | [L1 Wiki] Error: Expecting value: line 1 column 1 (char 0)
20:27:05 | DEBUG   |       L1 Gagal, mencoba L2 DDGS...
20:27:14 | INFO    |       => Sukses dari: https://travel.detik.com/domestic-destination/d-5054378/air-terjun-kona-yang-menggoda-di-polman
20:27:15 | INFO    | [1846/2708] Mencari: Kebun Strawberry "Dunia Berry"
20:27:16 | DEBUG   | [L1 Wiki] Error: Expecting value: line 1 column 1 (char 0)
20:27:16 | DEBUG   |       L1 Gagal, mencoba L2 DDGS...
20:27:25 | INFO    |       => Sukses dari: https://berry-rush.gamemodfree.com/
20:27:26 | INFO    | [1847/2708] Mencari: Batu Kuangang Wisata
20:27:26 | DEBUG   | [L1 Wiki] Error: Expecting value: line 1 column 1 (char 0)
20:27:26 | DEBUG   |       L1 Gagal, mencoba L2 DDGS...
20:27:32 | INFO    |       => Sukses dari: https://www.idntimes.com/travel/destination/spot-wisata-di-manado-terbaru-dan-paling-hits-buat-dikunjungi-00-8r3ys-3qrz1k
20:27:33 | INFO    | [1848/2708] Mencari: Pantai biskam
20:27:33 | DEBUG   | [L1 Wiki] Error: Expecting value: line 1 column 1 (char 0)
20:27:33 | DEBUG   |       L1 Gagal, mencoba L2 DDGS...
20:27:42 | DEBUG   | [L2 BS4] Gagal ekstraksi url https://sisparnas.kemenparekraf.go.id/p/48851 -> HTTPSConnectionPool(host='sisparnas.kemenparekraf.go.id', port=443): Max retries exceeded with url: /p/48851 (Caused by NameResolutionError("HTTPSConnection(host='sisparnas.kemenparekraf.go.id', port=443): Failed to resolve 'sisparnas.kemenparekraf.go.id' ([Errno 11002] getaddrinfo failed)"))
20:27:52 | DEBUG   | [L2 BS4] Gagal ekstraksi url https://mediatotabuan.co/2022/02/11/kabupaten-boltim-miliki-nyaris-100-destinasi-wisata-ini-daftarnya/ -> HTTPSConnectionPool(host='mediatotabuan.co', port=443): Read timed out. (read timeout=8)
20:27:55 | INFO    |       => Gagal mencari deskripsi.
20:27:56 | INFO    | [1849/2708] Mencari: Pantai Maninang Buol
20:27:56 | DEBUG   | [L1 Wiki] Error: Expecting value: line 1 column 1 (char 0)
20:27:56 | DEBUG   |       L1 Gagal, mencoba L2 DDGS...
20:28:02 | INFO    |       => Sukses dari: https://www.buolonline.com/daerah/1772464189/kapolres-buol-ikut-anev-dari-pantai-maninang-pengamanan-wisata-jadi-sorotan
20:28:04 | INFO    | *** Auto-saving 1280 baris diproses...
20:28:04 | INFO    | [1850/2708] Mencari: Bukit TRL
20:28:04 | DEBUG   | [L1 Wiki] Error: Expecting value: line 1 column 1 (char 0)
20:28:04 | DEBUG   |       L1 Gagal, mencoba L2 DDGS...
20:28:14 | INFO    |       => Gagal mencari deskripsi.
20:28:15 | INFO    | [1851/2708] Mencari: Objek Wisata Danau Assa
20:28:15 | DEBUG   | [L1 Wiki] Error: Expecting value: line 1 column 1 (char 0)
20:28:15 | DEBUG   |       L1 Gagal, mencoba L2 DDGS...
20:28:19 | INFO    |       => Sukses dari: https://id.wikipedia.org/wiki/Kabupaten_Tana_Toraja
20:28:21 | INFO    | [1852/2708] Mencari: Gunung Kambing Sea & City View Palopo
20:28:21 | DEBUG   | [L1 Wiki] Error: Expecting value: line 1 column 1 (char 0)
20:28:21 | DEBUG   |       L1 Gagal, mencoba L2 DDGS...
20:28:33 | INFO    |       => Sukses dari: https://bobobox.com/blog/id/destinasi-tempat-wisata-alam-palopo/
20:28:34 | INFO    | [1853/2708] Mencari: Pulau Karang Pasir Putih
20:28:34 | DEBUG   | [L1 Wiki] Error: Expecting value: line 1 column 1 (char 0)
20:28:34 | DEBUG   |       L1 Gagal, mencoba L2 DDGS...
20:28:41 | INFO    |       => Sukses dari: https://www.detik.com/tag/wisata-morowali
20:28:43 | INFO    | [1854/2708] Mencari: Objek wisata kolam tilanga'
20:28:43 | DEBUG   | [L1 Wiki] Error: Expecting value: line 1 column 1 (char 0)
20:28:43 | DEBUG   |       L1 Gagal, mencoba L2 DDGS...
20:28:49 | INFO    |       => Sukses dari: https://www.detik.com/sulsel/wisata/d-6688328/7-destinasi-wisata-favorit-di-toraja-wajib-dikunjungi-saat-libur-lebaran
20:28:51 | INFO    | [1855/2708] Mencari: Danau Mahalona
20:28:51 | DEBUG   | [L1 Wiki] Error: Expecting value: line 1 column 1 (char 0)
20:28:51 | DEBUG   |       L1 Gagal, mencoba L2 DDGS...
20:28:59 | INFO    |       => Sukses dari: https://www.goodnewsfromindonesia.id/2025/03/04/terpesona-dengan-kecantikan-danau-matano-luwu-danau-terdalam-di-asia-tenggara
20:29:00 | INFO    | [1856/2708] Mencari: Pantai MANGNGESU Desa Salajangki
20:29:00 | DEBUG   | [L1 Wiki] Error: Expecting value: line 1 column 1 (char 0)
20:29:00 | DEBUG   |       L1 Gagal, mencoba L2 DDGS...
20:29:08 | INFO    |       => Sukses dari: https://id.wikipedia.org/wiki/Salajangki,_Bontonompo_Selatan,_Gowa
20:29:09 | INFO    | [1857/2708] Mencari: Wisata Pantai Galung
20:29:09 | DEBUG   | [L1 Wiki] Error: Expecting value: line 1 column 1 (char 0)
20:29:09 | DEBUG   |       L1 Gagal, mencoba L2 DDGS...
20:29:15 | INFO    |       => Sukses dari: https://www.msn.com/id-id/berita/other/menguak-pesona-pantai-galung-destinasi-wisata-baru-di-sumenep-dengan-pesona-sunset-dan-spot-foto-instagenic/ar-AA1NrNEg
20:29:16 | INFO    | [1858/2708] Mencari: Pantai Tanjung Atep Oki
20:29:16 | DEBUG   | [L1 Wiki] Error: Expecting value: line 1 column 1 (char 0)
20:29:16 | DEBUG   |       L1 Gagal, mencoba L2 DDGS...
20:29:25 | INFO    |       => Sukses dari: https://www.expres-news.com/family-gathering-pemkab-minahasa-di-pantai-atep-oki/
20:29:26 | INFO    | [1859/2708] Mencari: Bio Hill (Puncak Bio Pemandangan Alam)
20:29:26 | DEBUG   | [L1 Wiki] Error: Expecting value: line 1 column 1 (char 0)
20:29:26 | DEBUG   |       L1 Gagal, mencoba L2 DDGS...
20:29:33 | INFO    |       => Sukses dari: https://www.geokepo.id/id/lokasi/kepulauan-sangihe/puncak-amawang
20:29:35 | INFO    | [1860/2708] Mencari: Air terjun garuda
20:29:35 | DEBUG   | [L1 Wiki] Error: Expecting value: line 1 column 1 (char 0)
20:29:35 | DEBUG   |       L1 Gagal, mencoba L2 DDGS...
20:29:48 | INFO    |       => Gagal mencari deskripsi.
20:29:49 | INFO    | [1861/2708] Mencari: Pantai
20:29:49 | DEBUG   | [L1 Wiki] Error: Expecting value: line 1 column 1 (char 0)
20:29:49 | DEBUG   |       L1 Gagal, mencoba L2 DDGS...
20:29:57 | INFO    |       => Sukses dari: https://www.detik.com/sulsel/wisata/d-6878878/17-wisata-manado-dan-sekitarnya-yang-paling-hits-dan-populer
20:29:59 | INFO    | [1862/2708] Mencari: Taman Buru Ko'mara
20:29:59 | DEBUG   | [L1 Wiki] Error: Expecting value: line 1 column 1 (char 0)
20:29:59 | DEBUG   |       L1 Gagal, mencoba L2 DDGS...
20:30:03 | INFO    |       => Sukses dari: https://klikhijau.com/taman-buru-komara-historiografi-dan-keanekaragaman-hayatinya/
20:30:05 | INFO    | [1863/2708] Mencari: Permandian Alam Tampa
20:30:05 | DEBUG   | [L1 Wiki] Error: Expecting value: line 1 column 1 (char 0)
20:30:05 | DEBUG   |       L1 Gagal, mencoba L2 DDGS...
20:30:13 | DEBUG   | [L2 BS4] Gagal ekstraksi url https://jadesta.kemenparekraf.go.id/desa/permandian_alam_sungai_mantadulu -> HTTPSConnectionPool(host='jadesta.kemenparekraf.go.id', port=443): Max retries exceeded with url: /desa/permandian_alam_sungai_mantadulu (Caused by NameResolutionError("HTTPSConnection(host='jadesta.kemenparekraf.go.id', port=443): Failed to resolve 'jadesta.kemenparekraf.go.id' ([Errno 11002] getaddrinfo failed)"))
20:30:15 | INFO    |       => Sukses dari: https://makassar.tribunnews.com/2025/01/13/9-wisata-keren-di-luwu-utara-sulsel-ramah-anak-hingga-sajikan-pemandangan-alam-yang-indah
20:30:16 | INFO    | [1864/2708] Mencari: Air terjun Toerama Toliba
20:30:16 | DEBUG   | [L1 Wiki] Error: Expecting value: line 1 column 1 (char 0)
20:30:16 | DEBUG   |       L1 Gagal, mencoba L2 DDGS...
20:30:22 | INFO    |       => Sukses dari: https://jadesta.kemenpar.go.id/desa/air_terjun_toliba
20:30:23 | INFO    | [1865/2708] Mencari: PULAU TIKUS
20:30:23 | DEBUG   | [L1 Wiki] Error: Expecting value: line 1 column 1 (char 0)
20:30:23 | DEBUG   |       L1 Gagal, mencoba L2 DDGS...
20:30:30 | INFO    |       => Sukses dari: https://travel.detik.com/cerita-perjalanan/d-5403808/pulau-tikus-si-mungil-nan-cantik-dari-bengkulu
20:30:31 | INFO    | [1866/2708] Mencari: Ecoeduwisata Mangrove Parangloe
20:30:31 | DEBUG   | [L1 Wiki] Error: Expecting value: line 1 column 1 (char 0)
20:30:31 | DEBUG   |       L1 Gagal, mencoba L2 DDGS...
20:30:38 | INFO    |       => Sukses dari: https://www.detik.com/sulsel/wisata/d-7571233/ekowisata-mangrove-lantebung-makassar-pesona-sunset-di-tengah-hutan-bakau
20:30:39 | INFO    | [1867/2708] Mencari: Bulu Paleteang
20:30:39 | DEBUG   | [L1 Wiki] Error: Expecting value: line 1 column 1 (char 0)
20:30:39 | DEBUG   |       L1 Gagal, mencoba L2 DDGS...
20:30:45 | INFO    |       => Sukses dari: https://id.wikipedia.org/wiki/Pemandian_Air_Panas_Sulili
20:30:46 | INFO    | [1868/2708] Mencari: Pante Woka
20:30:46 | DEBUG   | [L1 Wiki] Error: Expecting value: line 1 column 1 (char 0)
20:30:46 | DEBUG   |       L1 Gagal, mencoba L2 DDGS...
20:30:54 | INFO    |       => Sukses dari: https://www.antaranews.com/berita/589139/bitung-menuju-kota-wisata
20:30:56 | INFO    | [1869/2708] Mencari: TUGU I LOVE SITARO
20:30:56 | DEBUG   | [L1 Wiki] Error: Expecting value: line 1 column 1 (char 0)
20:30:56 | DEBUG   |       L1 Gagal, mencoba L2 DDGS...
20:31:02 | INFO    |       => Sukses dari: https://www.dispsiau.org/15-tempat-wisata-di-pulau-siau-sulawesi-utara-surga-tersembunyi-yang-belum-banyak-dijelajahi/
20:31:04 | INFO    | *** Auto-saving 1300 baris diproses...
20:31:04 | INFO    | [1870/2708] Mencari: Wisata Uwe Tombu
20:31:04 | DEBUG   | [L1 Wiki] Error: Expecting value: line 1 column 1 (char 0)
20:31:04 | DEBUG   |       L1 Gagal, mencoba L2 DDGS...
20:31:09 | INFO    |       => Sukses dari: https://karebasulteng.com/2023/09/11/dies-natalis-ke-39-ut-palu-gelar-penghijauan-di-uwe-tombu-desa-toaya/
20:31:11 | INFO    | [1871/2708] Mencari: Pantai Bamba Taipa, Pelawa Baru, Parigi Tengah, Sulawesi Tengah
20:31:11 | DEBUG   | [L1 Wiki] Error: Expecting value: line 1 column 1 (char 0)
20:31:11 | DEBUG   |       L1 Gagal, mencoba L2 DDGS...
20:31:23 | DEBUG   | [L2 DDGS] Error: ConnectError: ConnectError('error sending request for url (https://html.duckduckgo.com/html/)', 'https://html.duckduckgo.com/html/')
20:31:23 | INFO    |       => Gagal mencari deskripsi.
20:31:24 | INFO    | [1872/2708] Mencari: Muara Lakologou
20:31:24 | DEBUG   | [L1 Wiki] Error: Expecting value: line 1 column 1 (char 0)
20:31:24 | DEBUG   |       L1 Gagal, mencoba L2 DDGS...
20:31:30 | INFO    |       => Sukses dari: https://www.orami.co.id/magazine/wisata-baubau
20:31:32 | INFO    | [1873/2708] Mencari: Anduna Camping Ground
20:31:32 | DEBUG   | [L1 Wiki] Error: Expecting value: line 1 column 1 (char 0)
20:31:32 | DEBUG   |       L1 Gagal, mencoba L2 DDGS...
20:31:46 | DEBUG   | [L2 BS4] Gagal ekstraksi url https://highlandindonesia.com/camping-ground-bogor-highland-camp-curug-panjang -> HTTPSConnectionPool(host='highlandindonesia.com', port=443): Read timed out. (read timeout=8)
20:31:48 | INFO    |       => Sukses dari: https://dishcuss.com/post/89517156391D52FF23BBDE9A14B5AA947A51A208/Camping-Bedengan
20:31:50 | INFO    | [1874/2708] Mencari: Permandian Air Panas Alam Malimbong
20:31:50 | DEBUG   | [L1 Wiki] Error: Expecting value: line 1 column 1 (char 0)
20:31:50 | DEBUG   |       L1 Gagal, mencoba L2 DDGS...
20:32:00 | INFO    |       => Sukses dari: https://www.kompasiana.com/1967/5a96693ecaf7db5eaf2d2e43/kabupaten-mamasa-negeri-sejuk-di-pegunungan-sulawesi
20:32:01 | INFO    | [1875/2708] Mencari: Ilomata River Camp
20:32:01 | DEBUG   | [L1 Wiki] Error: Expecting value: line 1 column 1 (char 0)
20:32:01 | DEBUG   |       L1 Gagal, mencoba L2 DDGS...
20:32:11 | DEBUG   | [L2 DDGS] Error: ConnectError: ConnectError('error sending request for url (https://html.duckduckgo.com/html/)', 'https://html.duckduckgo.com/html/')
20:32:11 | INFO    |       => Gagal mencari deskripsi.
20:32:12 | INFO    | [1876/2708] Mencari: Kolam renang Roni Cell
20:32:12 | DEBUG   | [L1 Wiki] Error: Expecting value: line 1 column 1 (char 0)
20:32:12 | DEBUG   |       L1 Gagal, mencoba L2 DDGS...
20:32:21 | INFO    |       => Sukses dari: https://www.celebes.co/tempat-wisata-bulukumba
20:32:23 | INFO    | [1877/2708] Mencari: Danau Lumpias Ratahan
20:32:23 | DEBUG   | [L1 Wiki] Error: Expecting value: line 1 column 1 (char 0)
20:32:23 | DEBUG   |       L1 Gagal, mencoba L2 DDGS...
20:32:31 | INFO    |       => Sukses dari: https://manado.tribunnews.com/2020/02/23/keindahan-wisata-aer-konde-dan-danau-lumpias-diakui-turis-tiongkok
20:32:32 | INFO    | [1878/2708] Mencari: Pantai Modisi
20:32:32 | DEBUG   | [L1 Wiki] Error: Expecting value: line 1 column 1 (char 0)
20:32:32 | DEBUG   |       L1 Gagal, mencoba L2 DDGS...
20:32:38 | INFO    |       => Sukses dari: https://id.wikipedia.org/wiki/Pantai_Indah_Modisi
20:32:40 | INFO    | [1879/2708] Mencari: Pantai maya ria kasilampe
20:32:40 | DEBUG   | [L1 Wiki] Error: Expecting value: line 1 column 1 (char 0)
20:32:40 | DEBUG   |       L1 Gagal, mencoba L2 DDGS...
20:32:47 | INFO    |       => Sukses dari: https://wisatasulawesi.wordpress.com/wisata-sulawesi/kendari/
20:32:48 | INFO    | [1880/2708] Mencari: PANTAI DELON
20:32:48 | DEBUG   | [L1 Wiki] Error: Expecting value: line 1 column 1 (char 0)
20:32:48 | DEBUG   |       L1 Gagal, mencoba L2 DDGS...
20:32:57 | DEBUG   | [L2 BS4] Gagal ekstraksi url https://www.halosultra.com/ragam/wisata/25855/daftar-destinasi-wisata-di-kolaka-utara-jadi-alternatif-liburan-akhir-tahun/ -> HTTPSConnectionPool(host='www.halosultra.com', port=443): Max retries exceeded with url: /ragam/wisata/25855/daftar-destinasi-wisata-di-kolaka-utara-jadi-alternatif-liburan-akhir-tahun/ (Caused by SSLError(SSLCertVerificationError(1, '[SSL: CERTIFICATE_VERIFY_FAILED] certificate verify failed: certificate has expired (_ssl.c:1081)')))
20:33:04 | INFO    |       => Gagal mencari deskripsi.
20:33:05 | INFO    | [1881/2708] Mencari: Masjid Al-Husein
20:33:06 | DEBUG   | [L1 Wiki] Error: Expecting value: line 1 column 1 (char 0)
20:33:06 | DEBUG   |       L1 Gagal, mencoba L2 DDGS...
20:33:21 | INFO    |       => Sukses dari: https://radio-swarabersujud.com/safari-ramadhan-perdana-bupati-abah-zairullah-kunjungi-masjid-al-husein/
20:33:23 | INFO    | [1882/2708] Mencari: Lembah Titung (Bukit Teletubbies)
20:33:23 | DEBUG   | [L1 Wiki] Error: Expecting value: line 1 column 1 (char 0)
20:33:23 | DEBUG   |       L1 Gagal, mencoba L2 DDGS...
20:33:37 | INFO    |       => Sukses dari: https://rejogja.republika.co.id/berita/s0ntte291/mengenal-bukit-teletubbies-tempat-favorit-wisatawan-gunung-bromo
20:33:38 | INFO    | [1883/2708] Mencari: Dusun Sawagi Desa Pattallassang Kabupaten Gowa
20:33:38 | DEBUG   | [L1 Wiki] Error: Expecting value: line 1 column 1 (char 0)
20:33:38 | DEBUG   |       L1 Gagal, mencoba L2 DDGS...
20:33:43 | INFO    |       => Sukses dari: https://id.wikipedia.org/wiki/Pattallassang,_Gowa
20:33:45 | INFO    | [1884/2708] Mencari: Gunung Dua Saudara
20:33:45 | DEBUG   | [L1 Wiki] Error: Expecting value: line 1 column 1 (char 0)
20:33:45 | DEBUG   |       L1 Gagal, mencoba L2 DDGS...
20:33:49 | INFO    |       => Sukses dari: https://id.wikipedia.org/wiki/Cagar_Alam_Gunung_Duasaudara
20:33:51 | INFO    | [1885/2708] Mencari: Kebun Buah Sigi
20:33:51 | DEBUG   | [L1 Wiki] Error: Expecting value: line 1 column 1 (char 0)
20:33:51 | DEBUG   |       L1 Gagal, mencoba L2 DDGS...
20:33:58 | INFO    |       => Sukses dari: https://id.wikipedia.org/wiki/Kabupaten_Sigi
20:34:00 | INFO    | [1886/2708] Mencari: Bukit Alam Kolagana
20:34:00 | DEBUG   | [L1 Wiki] Error: Expecting value: line 1 column 1 (char 0)
20:34:00 | DEBUG   |       L1 Gagal, mencoba L2 DDGS...
20:34:06 | INFO    |       => Sukses dari: https://liburdulu.com/jelajah-wisata-bau-bau-yuk-jelajah-tempat-wisata-bau-bau-ini-photo-today-by-taken-at-bukit-kolagana-kelurahan-palabusa-baubau/
20:34:08 | INFO    | [1887/2708] Mencari: Pantai Jodoh
20:34:08 | DEBUG   | [L1 Wiki] Error: Expecting value: line 1 column 1 (char 0)
20:34:08 | DEBUG   |       L1 Gagal, mencoba L2 DDGS...
20:34:14 | DEBUG   | [L2 BS4] Gagal ekstraksi url https://jadesta.kemenparekraf.go.id/desa/pantai_jodoh -> HTTPSConnectionPool(host='jadesta.kemenparekraf.go.id', port=443): Max retries exceeded with url: /desa/pantai_jodoh (Caused by NameResolutionError("HTTPSConnection(host='jadesta.kemenparekraf.go.id', port=443): Failed to resolve 'jadesta.kemenparekraf.go.id' ([Errno 11002] getaddrinfo failed)"))
20:34:15 | INFO    |       => Sukses dari: https://www.tribunnews.com/travel/2016/01/11/masih-misteri-mengapa-tempat-asyik-ini-dinamai-pantai-jodoh
20:34:16 | INFO    | [1888/2708] Mencari: Embung Iloheluma
20:34:16 | DEBUG   | [L1 Wiki] Error: Expecting value: line 1 column 1 (char 0)
20:34:16 | DEBUG   |       L1 Gagal, mencoba L2 DDGS...
20:34:24 | INFO    |       => Sukses dari: https://ban.wikipedia.org/wiki/Iloheluma,_Patilanggio,_Pohuwato
20:34:25 | INFO    | [1889/2708] Mencari: Sungai simbuang
20:34:25 | DEBUG   | [L1 Wiki] Error: Expecting value: line 1 column 1 (char 0)
20:34:25 | DEBUG   |       L1 Gagal, mencoba L2 DDGS...
20:34:31 | INFO    |       => Sukses dari: https://www.lemon8-app.com/experience/wisata-air-sungai-terindah?region=id
20:34:33 | INFO    | *** Auto-saving 1320 baris diproses...
20:34:33 | INFO    | [1890/2708] Mencari: Permandian Air Terjun Sangkona
20:34:33 | DEBUG   | [L1 Wiki] Error: Expecting value: line 1 column 1 (char 0)
20:34:33 | DEBUG   |       L1 Gagal, mencoba L2 DDGS...
20:34:43 | INFO    |       => Sukses dari: https://www.harapansultra.com/air-terjun-sangkona-disiapkan-jadi-ikon-baru-wisata-bombana-menyambut-porprov-2026/
20:34:45 | INFO    | [1891/2708] Mencari: Pantai Kilongan
20:34:45 | DEBUG   | [L1 Wiki] Error: Expecting value: line 1 column 1 (char 0)
20:34:45 | DEBUG   |       L1 Gagal, mencoba L2 DDGS...
20:34:54 | INFO    |       => Sukses dari: https://banggaikab.go.id/
20:34:55 | INFO    | [1892/2708] Mencari: Dermaga Desa Sorue Jaya, penyeberangan pertama menuju wisata pulau bokori
20:34:55 | DEBUG   | [L1 Wiki] Error: Expecting value: line 1 column 1 (char 0)
20:34:55 | DEBUG   |       L1 Gagal, mencoba L2 DDGS...
20:35:02 | INFO    |       => Sukses dari: https://travels.id/pulau-bokori/
20:35:04 | INFO    | [1893/2708] Mencari: Pantai Alo Alo
20:35:04 | DEBUG   | [L1 Wiki] Error: Expecting value: line 1 column 1 (char 0)
20:35:04 | DEBUG   |       L1 Gagal, mencoba L2 DDGS...
20:35:14 | INFO    |       => Sukses dari: https://www.mengerti.id/travel-kuliner/66410026444/destinasi-wisata-surfing-di-banyuwangi-ada-yang-baru-dipakai-ajang-kompetisi-selancar-nusantara
20:35:16 | INFO    | [1894/2708] Mencari: Pantai Tarawat
20:35:16 | DEBUG   | [L1 Wiki] Error: Expecting value: line 1 column 1 (char 0)
20:35:16 | DEBUG   |       L1 Gagal, mencoba L2 DDGS...
20:35:23 | INFO    |       => Gagal mencari deskripsi.
20:35:24 | INFO    | [1895/2708] Mencari: Wisata Topejawa
20:35:24 | DEBUG   | [L1 Wiki] Error: Expecting value: line 1 column 1 (char 0)
20:35:24 | DEBUG   |       L1 Gagal, mencoba L2 DDGS...
20:35:30 | INFO    |       => Sukses dari: https://salsawisata.com/pantai-topejawa/
20:35:32 | INFO    | [1896/2708] Mencari: Danau Aneka Tama Siloro Pangkep
20:35:32 | DEBUG   | [L1 Wiki] Error: Expecting value: line 1 column 1 (char 0)
20:35:32 | DEBUG   |       L1 Gagal, mencoba L2 DDGS...
20:35:49 | DEBUG   | [L2 BS4] Gagal ekstraksi url https://wisato.id/wisata-alam/keajaiban-alami-sulawesi-selatan-pesona-danau-danau-ajaib-yang-menakjubkan/ -> HTTPSConnectionPool(host='wisato.id', port=443): Read timed out. (read timeout=8)
20:35:52 | INFO    |       => Sukses dari: https://pangkepkab.go.id/
20:35:53 | INFO    | [1897/2708] Mencari: Air Terjun Garuntungan Kassi
20:35:53 | DEBUG   | [L1 Wiki] Error: Expecting value: line 1 column 1 (char 0)
20:35:53 | DEBUG   |       L1 Gagal, mencoba L2 DDGS...
20:36:09 | INFO    |       => Sukses dari: https://www.lupalibur.com/tempat-wisata-jeneponto
20:36:11 | INFO    | [1898/2708] Mencari: Sultan Birding Tours Indonesia
20:36:11 | DEBUG   | [L1 Wiki] Error: Expecting value: line 1 column 1 (char 0)
20:36:11 | DEBUG   |       L1 Gagal, mencoba L2 DDGS...
20:36:19 | INFO    |       => Sukses dari: https://campatour.com/tours/paket-tour-makassar-5-hari-4-malam-5h4m-tana-toraja-dan-tanjung-bira/
20:36:21 | INFO    | [1899/2708] Mencari: Pantai Indah
20:36:21 | DEBUG   | [L1 Wiki] Error: Expecting value: line 1 column 1 (char 0)
20:36:21 | DEBUG   |       L1 Gagal, mencoba L2 DDGS...
20:36:28 | INFO    |       => Sukses dari: https://www.zonajakarta.com/lifestyle/6737592073/wisata-gorontalo-pantai-kurenai-yang-indah-tawarkan-pasir-putih-nan-mempesona-hanya-20-menit-dari-kota
20:36:30 | INFO    | [1900/2708] Mencari: Sungai Malela
20:36:30 | DEBUG   | [L1 Wiki] Error: Expecting value: line 1 column 1 (char 0)
20:36:30 | DEBUG   |       L1 Gagal, mencoba L2 DDGS...
20:36:35 | INFO    |       => Sukses dari: https://www.penalutim.com/2023/06/23/ini-60-objek-wisata-luwu-timur-yang-ramai-dikunjungi/
20:36:37 | INFO    | [1901/2708] Mencari: Pantai OGO BUAYA
20:36:37 | DEBUG   | [L1 Wiki] Error: Expecting value: line 1 column 1 (char 0)
20:36:37 | DEBUG   |       L1 Gagal, mencoba L2 DDGS...
20:36:46 | INFO    |       => Sukses dari: https://pospena.com/2020/12/16/peresmian-dan-pembukaan-objek-wisata-pantai-ogo-buaya-desa-posona-oleh-camat-kasimbar-serta-kapolsek-kasimbar/
20:36:48 | INFO    | [1902/2708] Mencari: Wisata Pasir Putih Pompon
20:36:48 | DEBUG   | [L1 Wiki] Error: Expecting value: line 1 column 1 (char 0)
20:36:48 | DEBUG   |       L1 Gagal, mencoba L2 DDGS...
20:36:54 | INFO    |       => Sukses dari: https://www.cedhak.com/sulawesi/886/wisata-pasir-putih-pompon/
20:36:56 | INFO    | [1903/2708] Mencari: Air Terjun Parampangi
20:36:56 | DEBUG   | [L1 Wiki] Error: Expecting value: line 1 column 1 (char 0)
20:36:56 | DEBUG   |       L1 Gagal, mencoba L2 DDGS...
20:37:02 | INFO    |       => Sukses dari: https://www.idntimes.com/travel/destination/7-air-terjun-keren-di-bantaeng-ini-menakjubkan-bikin-gak-mau-pulang-01-4cnr4-7tdky9
20:37:04 | INFO    | [1904/2708] Mencari: Pantai Salise Lembeh Utara Kota Bitung
20:37:04 | DEBUG   | [L1 Wiki] Error: Expecting value: line 1 column 1 (char 0)
20:37:04 | DEBUG   |       L1 Gagal, mencoba L2 DDGS...
20:37:10 | INFO    |       => Sukses dari: https://travel.tribunnews.com/2017/09/25/selain-festival-pesona-selat-lembeh-ini-10-lokasi-wisata-seru-yang-manjakan-kamu-di-kota-bitung
20:37:11 | INFO    | [1905/2708] Mencari: Danau Bakealu
20:37:11 | DEBUG   | [L1 Wiki] Error: Expecting value: line 1 column 1 (char 0)
20:37:11 | DEBUG   |       L1 Gagal, mencoba L2 DDGS...
20:37:20 | DEBUG   | [L2 BS4] Gagal ekstraksi url https://sisparnas.kemenparekraf.go.id/p/45841 -> HTTPSConnectionPool(host='sisparnas.kemenparekraf.go.id', port=443): Max retries exceeded with url: /p/45841 (Caused by NameResolutionError("HTTPSConnection(host='sisparnas.kemenparekraf.go.id', port=443): Failed to resolve 'sisparnas.kemenparekraf.go.id' ([Errno 11002] getaddrinfo failed)"))
20:37:21 | INFO    |       => Sukses dari: https://formuna.wordpress.com/2016/09/03/pulau-bakealu-kabupaten-muna/
20:37:22 | INFO    | [1906/2708] Mencari: Air Terjun Lembah Impian
20:37:22 | DEBUG   | [L1 Wiki] Error: Expecting value: line 1 column 1 (char 0)
20:37:22 | DEBUG   |       L1 Gagal, mencoba L2 DDGS...
20:37:28 | INFO    |       => Sukses dari: https://superlive.id/superadventure/artikel/wilderness/butuh-spot-petualangan-ekstrim-berani-ke-air-terjun-lembah-impian-bro
20:37:30 | INFO    | [1907/2708] Mencari: Nila Fishing Fun
20:37:30 | DEBUG   | [L1 Wiki] Error: Expecting value: line 1 column 1 (char 0)
20:37:30 | DEBUG   |       L1 Gagal, mencoba L2 DDGS...
20:37:36 | INFO    |       => Sukses dari: https://www.trac.astra.co.id/blog/travel/wisata-bulukumba-pesona-tanjung-bira-dan-destinasi-sekitarnya/1523
20:37:38 | INFO    | [1908/2708] Mencari: Bukit wisata Miallo
20:37:38 | DEBUG   | [L1 Wiki] Error: Expecting value: line 1 column 1 (char 0)
20:37:38 | DEBUG   |       L1 Gagal, mencoba L2 DDGS...
20:37:47 | INFO    |       => Sukses dari: https://cemba.digitaldesa.id/wisata/bukit-miallo
20:37:48 | INFO    | [1909/2708] Mencari: Keraton Banggai
20:37:48 | DEBUG   | [L1 Wiki] Error: Expecting value: line 1 column 1 (char 0)
20:37:48 | DEBUG   |       L1 Gagal, mencoba L2 DDGS...
20:37:56 | INFO    |       => Sukses dari: https://www.indonesia.travel/gb/en/destination/sulawesi/central-sulawesi/keraton-banggai/
20:37:57 | INFO    | *** Auto-saving 1340 baris diproses...
20:37:57 | INFO    | [1910/2708] Mencari: Danau Hiuka
20:37:57 | DEBUG   | [L1 Wiki] Error: Expecting value: line 1 column 1 (char 0)
20:37:57 | DEBUG   |       L1 Gagal, mencoba L2 DDGS...
20:38:07 | INFO    |       => Sukses dari: https://www.lajur.co/menjelajahi-danau-hiuka-keindahan-alam-di-tengah-kawasan-karst-matarombeo-konut/
20:38:09 | INFO    | [1911/2708] Mencari: Rumah Apung
20:38:09 | DEBUG   | [L1 Wiki] Error: Expecting value: line 1 column 1 (char 0)
20:38:09 | DEBUG   |       L1 Gagal, mencoba L2 DDGS...
20:38:17 | INFO    |       => Sukses dari: https://www.itusaya.com/2021/09/indahnya-pesona-wisata-danau-tempe-di.html
20:38:18 | INFO    | [1912/2708] Mencari: Permandian JOMPI PITUE
20:38:18 | DEBUG   | [L1 Wiki] Error: Expecting value: line 1 column 1 (char 0)
20:38:18 | DEBUG   |       L1 Gagal, mencoba L2 DDGS...
20:38:25 | DEBUG   | [L2 BS4] Gagal ekstraksi url https://jadesta.kemenparekraf.go.id/desa/kawasan_wisata_alam_citta_dan_wisata_jompi_pitue -> HTTPSConnectionPool(host='jadesta.kemenparekraf.go.id', port=443): Max retries exceeded with url: /desa/kawasan_wisata_alam_citta_dan_wisata_jompi_pitue (Caused by NameResolutionError("HTTPSConnection(host='jadesta.kemenparekraf.go.id', port=443): Failed to resolve 'jadesta.kemenparekraf.go.id' ([Errno 11002] getaddrinfo failed)"))
20:38:27 | INFO    |       => Sukses dari: https://makassar.tribunnews.com/2019/02/25/video-jernihnya-air-jompi-pitue-citta-salah-satu-lokasi-wisata-di-soppeng
20:38:28 | INFO    | [1913/2708] Mencari: Village Cantik Selayar
20:38:28 | DEBUG   | [L1 Wiki] Error: Expecting value: line 1 column 1 (char 0)
20:38:28 | DEBUG   |       L1 Gagal, mencoba L2 DDGS...
20:38:34 | INFO    |       => Sukses dari: https://sulsel.idntimes.com/travel/destination/7-tempat-wisata-di-selayar-yang-memanjakan-liburanmu-00-lm183-dfwn85
20:38:35 | INFO    | [1914/2708] Mencari: Sesean
20:38:35 | DEBUG   | [L1 Wiki] Error: Expecting value: line 1 column 1 (char 0)
20:38:35 | DEBUG   |       L1 Gagal, mencoba L2 DDGS...
20:38:43 | INFO    |       => Sukses dari: https://id.wikipedia.org/wiki/Sesean,_Toraja_Utara
20:38:45 | INFO    | [1915/2708] Mencari: U (you) BUKIT KAMBO
20:38:45 | DEBUG   | [L1 Wiki] Error: Expecting value: line 1 column 1 (char 0)
20:38:45 | DEBUG   |       L1 Gagal, mencoba L2 DDGS...
20:38:53 | INFO    |       => Sukses dari: https://jadesta.kemenpar.go.id/atraksi/u_bukit
20:38:54 | INFO    | [1916/2708] Mencari: Air Terjun Lapangan
20:38:54 | DEBUG   | [L1 Wiki] Error: Expecting value: line 1 column 1 (char 0)
20:38:54 | DEBUG   |       L1 Gagal, mencoba L2 DDGS...
20:39:02 | INFO    |       => Sukses dari: https://tabisaki.co/en/places/19ae64cedb1972b7c98e8eb2406e3c81
20:39:03 | INFO    | [1917/2708] Mencari: Air Terjun Butang, Mario Pulana, Salulekbo, Topoyo, Mateng
20:39:03 | DEBUG   | [L1 Wiki] Error: Expecting value: line 1 column 1 (char 0)
20:39:03 | DEBUG   |       L1 Gagal, mencoba L2 DDGS...
20:39:12 | INFO    |       => Sukses dari: https://tokoterdekat.dapodik.co.id/jasa-travel-mamuju-tengah/
20:39:14 | INFO    | [1918/2708] Mencari: GMIM Bukit Kasih Girian Permai
20:39:14 | DEBUG   | [L1 Wiki] Error: Expecting value: line 1 column 1 (char 0)
20:39:14 | DEBUG   |       L1 Gagal, mencoba L2 DDGS...
20:39:28 | INFO    |       => Sukses dari: https://sulawesion.com/bitung/hut-pkb-gmim-ke-61-gelar-di-bitung-berikut-ini-lokasi-lomba/
20:39:29 | INFO    | [1919/2708] Mencari: Modisi Beach
20:39:29 | DEBUG   | [L1 Wiki] Error: Expecting value: line 1 column 1 (char 0)
20:39:29 | DEBUG   |       L1 Gagal, mencoba L2 DDGS...
20:39:37 | INFO    |       => Sukses dari: https://id.wikipedia.org/wiki/Pantai_Indah_Modisi
20:39:39 | INFO    | [1920/2708] Mencari: Pantai Tamimbo
20:39:39 | DEBUG   | [L1 Wiki] Error: Expecting value: line 1 column 1 (char 0)
20:39:39 | DEBUG   |       L1 Gagal, mencoba L2 DDGS...
20:39:50 | INFO    |       => Gagal mencari deskripsi.
20:39:52 | INFO    | [1921/2708] Mencari: TAMAN WISATA UNGKEYA BEACH
20:39:52 | DEBUG   | [L1 Wiki] Error: Expecting value: line 1 column 1 (char 0)
20:39:52 | DEBUG   |       L1 Gagal, mencoba L2 DDGS...
20:39:57 | INFO    |       => Sukses dari: https://www.lpsesumenep.com/5-spot-wisata-morowali-terbaru-dan-kekinian-yang-lagi-viral/
20:39:59 | INFO    | [1922/2708] Mencari: Batu Buti
20:39:59 | DEBUG   | [L1 Wiki] Error: Expecting value: line 1 column 1 (char 0)
20:39:59 | DEBUG   |       L1 Gagal, mencoba L2 DDGS...
20:40:07 | INFO    |       => Sukses dari: https://kendariinfo.com/batu-buti-baubau-pesona-karang-menjulang-di-laut-dengan-panorama-sunset-yang-memikat/
20:40:09 | INFO    | [1923/2708] Mencari: Pantai Lingge-lingge
20:40:09 | DEBUG   | [L1 Wiki] Error: Expecting value: line 1 column 1 (char 0)
20:40:09 | DEBUG   |       L1 Gagal, mencoba L2 DDGS...
20:40:17 | INFO    |       => Gagal mencari deskripsi.
20:40:18 | INFO    | [1924/2708] Mencari: Wisata Bukti Bollangi Kabupaten Gowa
20:40:18 | DEBUG   | [L1 Wiki] Error: Expecting value: line 1 column 1 (char 0)
20:40:18 | DEBUG   |       L1 Gagal, mencoba L2 DDGS...
20:40:26 | INFO    |       => Sukses dari: https://www.detik.com/sulsel/wisata/d-6563483/wisata-puncak-bollangi-gowa-panorama-alam-bak-raja-ampat
20:40:28 | INFO    | [1925/2708] Mencari: Danow Tondok
20:40:28 | DEBUG   | [L1 Wiki] Error: Expecting value: line 1 column 1 (char 0)
20:40:28 | DEBUG   |       L1 Gagal, mencoba L2 DDGS...
20:40:35 | INFO    |       => Sukses dari: https://www.idntimes.com/travel/destination/wisata-bolaang-mongondow-timur-1-00-cqkqh-y7rgtt
20:40:37 | INFO    | [1926/2708] Mencari: Desa Kalupapi
20:40:37 | DEBUG   | [L1 Wiki] Error: Expecting value: line 1 column 1 (char 0)
20:40:37 | DEBUG   |       L1 Gagal, mencoba L2 DDGS...
20:40:42 | INFO    |       => Sukses dari: https://id.wikipedia.org/wiki/Kalupapi,_Bangkurung,_Banggai_Laut
20:40:43 | INFO    | [1927/2708] Mencari: Telaga Biru Segeri
20:40:43 | DEBUG   | [L1 Wiki] Error: Expecting value: line 1 column 1 (char 0)
20:40:43 | DEBUG   |       L1 Gagal, mencoba L2 DDGS...
20:40:53 | DEBUG   | [L2 DDGS] Error: RequestError: RequestError('error sending request for url (https://search.yahoo.com/search;_ylt=Y20WcJ2uUayyJdPThL4idFO2;_ylu=6Lg0IKlT-HOiJUILcAiDB4fgbGBfwagUPsTAjB16mDlAwSE?p=Telaga+Biru+Segeri+Kabupaten+Pangkajene+Dan+Kepulauan+wisata)', 'https://search.yahoo.com/search;_ylt=Y20WcJ2uUayyJdPThL4idFO2;_ylu=6Lg0IKlT-HOiJUILcAiDB4fgbGBfwagUPsTAjB16mDlAwSE?p=Telaga+Biru+Segeri+Kabupaten+Pangkajene+Dan+Kepulauan+wisata')
20:40:53 | INFO    |       => Gagal mencari deskripsi.
20:40:55 | INFO    | [1928/2708] Mencari: Monumen Pejuang Kemerdekaan
20:40:55 | DEBUG   | [L1 Wiki] Error: Expecting value: line 1 column 1 (char 0)
20:40:55 | DEBUG   |       L1 Gagal, mencoba L2 DDGS...
20:40:58 | INFO    |       => Sukses dari: https://id.wikipedia.org/wiki/Kabupaten_Bombana
20:41:00 | INFO    | [1929/2708] Mencari: Air Terjun Dodandian
20:41:00 | DEBUG   | [L1 Wiki] Error: Expecting value: line 1 column 1 (char 0)
20:41:00 | DEBUG   |       L1 Gagal, mencoba L2 DDGS...
20:41:11 | DEBUG   | [L2 DDGS] Error: ConnectError: ConnectError('error sending request for url (https://html.duckduckgo.com/html/)', 'https://html.duckduckgo.com/html/')
20:41:11 | INFO    |       => Gagal mencari deskripsi.
20:41:13 | INFO    | *** Auto-saving 1360 baris diproses...
20:41:13 | INFO    | [1930/2708] Mencari: Gunung Bulu Tanda
20:41:13 | DEBUG   | [L1 Wiki] Error: Expecting value: line 1 column 1 (char 0)
20:41:13 | DEBUG   |       L1 Gagal, mencoba L2 DDGS...
20:41:23 | INFO    |       => Sukses dari: https://pariwisata.sultengprov.go.id/data-pariwisata/destinasi-pariwisata/daya-tarik-wisata/dtw-kabupaten-sigi/80-bukit-sibedi.html
20:41:25 | INFO    | [1931/2708] Mencari: Hutan Bakau Desa Koya Kabupaten Morowali Utara
20:41:25 | DEBUG   | [L1 Wiki] Error: Expecting value: line 1 column 1 (char 0)
20:41:25 | DEBUG   |       L1 Gagal, mencoba L2 DDGS...
20:41:31 | INFO    |       => Sukses dari: https://morutpos.com/2022/10/08/menikmati-keindahan-hutan-mangrove-desa-koya-morowali-utara/
20:41:32 | INFO    | [1932/2708] Mencari: Air Terjun Tulo'a
20:41:32 | DEBUG   | [L1 Wiki] Error: Expecting value: line 1 column 1 (char 0)
20:41:32 | DEBUG   |       L1 Gagal, mencoba L2 DDGS...
20:41:44 | INFO    |       => Gagal mencari deskripsi.
20:41:46 | INFO    | [1933/2708] Mencari: Air Terjun Samaenre
20:41:46 | DEBUG   | [L1 Wiki] Error: Expecting value: line 1 column 1 (char 0)
20:41:46 | DEBUG   |       L1 Gagal, mencoba L2 DDGS...
20:41:55 | INFO    |       => Sukses dari: https://id.wikipedia.org/wiki/Samaenre,_Mallawa,_Maros
20:41:56 | INFO    | [1934/2708] Mencari: Bukit Mahawu, Tomohon, Sulawesi Utara
20:41:56 | DEBUG   | [L1 Wiki] Error: Expecting value: line 1 column 1 (char 0)
20:41:56 | DEBUG   |       L1 Gagal, mencoba L2 DDGS...
20:42:01 | INFO    |       => Sukses dari: https://www.msn.com/id-id/travel/perjalanan-asia/bukit-doa-mahawu-destinasi-wisata-religi-dengan-panorama-alam-andalan-tomohon/ar-AA1WMs9u
20:42:03 | INFO    | [1935/2708] Mencari: Danau Tondano, Minahasa, Sulawesi Utara
20:42:03 | DEBUG   | [L1 Wiki] Error: Expecting value: line 1 column 1 (char 0)
20:42:03 | DEBUG   |       L1 Gagal, mencoba L2 DDGS...
20:42:08 | INFO    |       => Sukses dari: https://id.wikipedia.org/wiki/Danau_Tondano
20:42:10 | INFO    | [1936/2708] Mencari: Pantai Binjeita
20:42:10 | DEBUG   | [L1 Wiki] Error: Expecting value: line 1 column 1 (char 0)
20:42:10 | DEBUG   |       L1 Gagal, mencoba L2 DDGS...
20:42:16 | INFO    |       => Sukses dari: https://id.wikipedia.org/wiki/Kategori:Desa_di_Kabupaten_Bolaang_Mongondow_Utara
20:42:17 | INFO    | [1937/2708] Mencari: Abrasi Pantai Tingkulang
20:42:17 | DEBUG   | [L1 Wiki] Error: Expecting value: line 1 column 1 (char 0)
20:42:17 | DEBUG   |       L1 Gagal, mencoba L2 DDGS...
20:42:25 | INFO    |       => Gagal mencari deskripsi.
20:42:27 | INFO    | [1938/2708] Mencari: Air terjun Tayawa
20:42:27 | DEBUG   | [L1 Wiki] Error: Expecting value: line 1 column 1 (char 0)
20:42:27 | DEBUG   |       L1 Gagal, mencoba L2 DDGS...
20:42:47 | DEBUG   | [L2 BS4] Gagal ekstraksi url https://wisato.id/wisata-air/pesona-7-tingkat-air-terjun-tanimpo-di-tojo-una-una/ -> HTTPSConnectionPool(host='wisato.id', port=443): Read timed out. (read timeout=8)
20:42:48 | INFO    |       => Gagal mencari deskripsi.
20:42:49 | INFO    | [1939/2708] Mencari: Wisata kuliner Ampana kota
20:42:49 | DEBUG   | [L1 Wiki] Error: Expecting value: line 1 column 1 (char 0)
20:42:49 | DEBUG   |       L1 Gagal, mencoba L2 DDGS...
20:42:56 | DEBUG   | [L2 BS4] Gagal ekstraksi url https://jadesta.kemenparekraf.go.id/desa/permandian_alami_malotong -> HTTPSConnectionPool(host='jadesta.kemenparekraf.go.id', port=443): Max retries exceeded with url: /desa/permandian_alami_malotong (Caused by NameResolutionError("HTTPSConnection(host='jadesta.kemenparekraf.go.id', port=443): Failed to resolve 'jadesta.kemenparekraf.go.id' ([Errno 11002] getaddrinfo failed)"))
20:42:58 | INFO    |       => Sukses dari: https://ampana.wordpress.com/
20:43:00 | INFO    | [1940/2708] Mencari: Pantai Salatiga
20:43:00 | DEBUG   | [L1 Wiki] Error: Expecting value: line 1 column 1 (char 0)
20:43:00 | DEBUG   |       L1 Gagal, mencoba L2 DDGS...
20:43:11 | INFO    |       => Gagal mencari deskripsi.
20:43:13 | INFO    | [1941/2708] Mencari: AIR TERJUN KAREMOTINGGE
20:43:13 | DEBUG   | [L1 Wiki] Error: Expecting value: line 1 column 1 (char 0)
20:43:13 | DEBUG   |       L1 Gagal, mencoba L2 DDGS...
20:43:18 | INFO    |       => Sukses dari: https://id.wikipedia.org/wiki/Karemotingge,_Tirawuta,_Kolaka_Timur
20:43:19 | INFO    | [1942/2708] Mencari: Air Terjun Kapita ( Je'ne Ri'baka )
20:43:19 | DEBUG   | [L1 Wiki] Error: Expecting value: line 1 column 1 (char 0)
20:43:19 | DEBUG   |       L1 Gagal, mencoba L2 DDGS...
20:43:24 | INFO    |       => Sukses dari: https://wisatasulawesi.wordpress.com/wisata-sulawesi-selatan/wisata-di-bumi-turatea-jeneponto/
20:43:25 | INFO    | [1943/2708] Mencari: Pantai Muhajirin
20:43:26 | DEBUG   | [L1 Wiki] Error: Expecting value: line 1 column 1 (char 0)
20:43:26 | DEBUG   |       L1 Gagal, mencoba L2 DDGS...
20:43:38 | INFO    |       => Gagal mencari deskripsi.
20:43:39 | INFO    | [1944/2708] Mencari: Pantai Nelayan Desa Long
20:43:40 | DEBUG   | [L1 Wiki] Error: Expecting value: line 1 column 1 (char 0)
20:43:40 | DEBUG   |       L1 Gagal, mencoba L2 DDGS...
20:43:50 | INFO    |       => Sukses dari: https://metrosulawesi.net/10-destinasi-wisata-donggala-yang-wajib-dikunjungi-saat-libur-lebaran-idul-fitri
20:43:52 | INFO    | [1945/2708] Mencari: Pantai Seribu Bintang
20:43:52 | DEBUG   | [L1 Wiki] Error: Expecting value: line 1 column 1 (char 0)
20:43:52 | DEBUG   |       L1 Gagal, mencoba L2 DDGS...
20:44:01 | INFO    |       => Sukses dari: https://gagaradio.org/42772-2/
20:44:03 | INFO    | [1946/2708] Mencari: Pantai BTM
20:44:03 | DEBUG   | [L1 Wiki] Error: Expecting value: line 1 column 1 (char 0)
20:44:03 | DEBUG   |       L1 Gagal, mencoba L2 DDGS...
20:44:10 | INFO    |       => Gagal mencari deskripsi.
20:44:11 | INFO    | [1947/2708] Mencari: WISATA BUNGUNG SALAPANG
20:44:12 | DEBUG   | [L1 Wiki] Error: Expecting value: line 1 column 1 (char 0)
20:44:12 | DEBUG   |       L1 Gagal, mencoba L2 DDGS...
20:44:28 | DEBUG   | [L2 BS4] Gagal ekstraksi url https://sulselprov.go.id/kota/des_kab/7 -> HTTPSConnectionPool(host='sulselprov.go.id', port=443): Read timed out. (read timeout=8)
20:44:30 | INFO    |       => Sukses dari: https://web.archive.org/web/20180722095614/http://www.kemendagri.go.id/pages/profil-daerah/kabupaten/id/73/name/sulawesi-selatan/detail/7304/jeneponto
20:44:31 | INFO    | [1948/2708] Mencari: Jembatan pelangi pannyawakkang
20:44:31 | DEBUG   | [L1 Wiki] Error: Expecting value: line 1 column 1 (char 0)
20:44:31 | DEBUG   |       L1 Gagal, mencoba L2 DDGS...
20:44:40 | DEBUG   | [L2 BS4] Gagal ekstraksi url https://jadesta.kemenparekraf.go.id/atraksi/jembatan_pelangi -> HTTPSConnectionPool(host='jadesta.kemenparekraf.go.id', port=443): Max retries exceeded with url: /atraksi/jembatan_pelangi (Caused by NameResolutionError("HTTPSConnection(host='jadesta.kemenparekraf.go.id', port=443): Failed to resolve 'jadesta.kemenparekraf.go.id' ([Errno 11002] getaddrinfo failed)"))
20:44:44 | INFO    |       => Sukses dari: https://www.detik.com/sulsel/wisata/d-6252516/15-tempat-wisata-di-maros-kekayaan-alam-yang-memukau-hingga-situs-prasejarah
20:44:45 | INFO    | [1949/2708] Mencari: Pantai Lopana
20:44:45 | DEBUG   | [L1 Wiki] Error: Expecting value: line 1 column 1 (char 0)
20:44:45 | DEBUG   |       L1 Gagal, mencoba L2 DDGS...
20:44:53 | INFO    |       => Sukses dari: https://www.kompasiana.com/michusa/54f5d44ea33311241f8b46cd/mutiara-belum-terjamah-pantai-lopana
20:44:54 | INFO    | *** Auto-saving 1380 baris diproses...
20:44:54 | INFO    | [1950/2708] Mencari: Air Terjun Tamanggu Indah
20:44:54 | DEBUG   | [L1 Wiki] Error: Expecting value: line 1 column 1 (char 0)
20:44:54 | DEBUG   |       L1 Gagal, mencoba L2 DDGS...
20:45:07 | INFO    |       => Sukses dari: https://fqsinternational.com/wisata-donggala-menikmati-keindahan-alam-yang-menakjubkan-di-tengah-indonesia/
20:45:08 | INFO    | [1951/2708] Mencari: Pantai Timbala
20:45:08 | DEBUG   | [L1 Wiki] Error: Expecting value: line 1 column 1 (char 0)
20:45:08 | DEBUG   |       L1 Gagal, mencoba L2 DDGS...
20:45:13 | INFO    |       => Sukses dari: https://gor.wikipedia.org/wiki/Timbala,_Poleang_Barat,_Bombana
20:45:15 | INFO    | [1952/2708] Mencari: Pintu Air Danau Limboto
20:45:15 | DEBUG   | [L1 Wiki] Error: Expecting value: line 1 column 1 (char 0)
20:45:15 | DEBUG   |       L1 Gagal, mencoba L2 DDGS...
20:45:20 | INFO    |       => Sukses dari: https://www.antaranews.com/berita/484209/gorontalo-siapkan-danau-limboto-jadi-destinasi-wisata-2015
20:45:21 | INFO    | [1953/2708] Mencari: Gerbang Batas Kota Makassar - Kabupaten Gowa
20:45:21 | DEBUG   | [L1 Wiki] Error: Expecting value: line 1 column 1 (char 0)
20:45:21 | DEBUG   |       L1 Gagal, mencoba L2 DDGS...
20:45:26 | INFO    |       => Sukses dari: https://id.wikipedia.org/wiki/Kota_Makassar
20:45:28 | INFO    | [1954/2708] Mencari: Danau Moko Kawu-kawu
20:45:28 | DEBUG   | [L1 Wiki] Error: Expecting value: line 1 column 1 (char 0)
20:45:28 | DEBUG   |       L1 Gagal, mencoba L2 DDGS...
20:45:32 | INFO    |       => Sukses dari: https://20.detik.com/spot-wisata/20240922-241004020/mengeksplor-kejernihan-air-danau-moko-yang-sebening-kaca-sulawesi-tenggara
20:45:34 | INFO    | [1955/2708] Mencari: Pantai Walet Kasawari
20:45:34 | DEBUG   | [L1 Wiki] Error: Expecting value: line 1 column 1 (char 0)
20:45:34 | DEBUG   |       L1 Gagal, mencoba L2 DDGS...
20:45:39 | INFO    |       => Sukses dari: https://www.saveseva.com/pantai-kasawari/
20:45:40 | INFO    | [1956/2708] Mencari: Lalove Land
20:45:40 | DEBUG   | [L1 Wiki] Error: Expecting value: line 1 column 1 (char 0)
20:45:40 | DEBUG   |       L1 Gagal, mencoba L2 DDGS...
20:45:48 | INFO    |       => Sukses dari: https://www.in-indonesia.com/travel/79810175803/objek-wisata-dalam-kota-ini-ada-jembatan-lalove-selalu-ramai-dikunjungi-warga-banyak-jajaran-di-lokasi
20:45:50 | INFO    | [1957/2708] Mencari: Objek Wisata Doud Ne Mukop
20:45:50 | DEBUG   | [L1 Wiki] Error: Expecting value: line 1 column 1 (char 0)
20:45:50 | DEBUG   |       L1 Gagal, mencoba L2 DDGS...
20:46:01 | INFO    |       => Sukses dari: https://www.cedhak.com/sulawesi/546/objek-wisata-doud-ne-mukop/
20:46:02 | INFO    | [1958/2708] Mencari: Pantai Tueni
20:46:02 | DEBUG   | [L1 Wiki] Error: Expecting value: line 1 column 1 (char 0)
20:46:02 | DEBUG   |       L1 Gagal, mencoba L2 DDGS...
20:46:17 | INFO    |       => Gagal mencari deskripsi.
20:46:18 | INFO    | [1959/2708] Mencari: Sirkuit Atakkae Sengkang - Wajo
20:46:18 | DEBUG   | [L1 Wiki] Error: Expecting value: line 1 column 1 (char 0)
20:46:18 | DEBUG   |       L1 Gagal, mencoba L2 DDGS...
20:46:27 | INFO    |       => Sukses dari: https://id.wikipedia.org/wiki/Sengkang_(kota)
20:46:29 | INFO    | [1960/2708] Mencari: Waduk Tamariri
20:46:29 | DEBUG   | [L1 Wiki] Error: Expecting value: line 1 column 1 (char 0)
20:46:29 | DEBUG   |       L1 Gagal, mencoba L2 DDGS...
20:46:47 | INFO    |       => Gagal mencari deskripsi.
20:46:49 | INFO    | [1961/2708] Mencari: Air Terjun Baruttung Padang
20:46:49 | DEBUG   | [L1 Wiki] Error: Expecting value: line 1 column 1 (char 0)
20:46:49 | DEBUG   |       L1 Gagal, mencoba L2 DDGS...
20:46:53 | INFO    |       => Sukses dari: https://id.wikipedia.org/wiki/Air_Terjun_Baruttung
20:46:54 | INFO    | [1962/2708] Mencari: Wisata Alam Mannessa Camp Baths and Fishing
20:46:54 | DEBUG   | [L1 Wiki] Error: Expecting value: line 1 column 1 (char 0)
20:46:54 | DEBUG   |       L1 Gagal, mencoba L2 DDGS...
20:47:07 | INFO    |       => Sukses dari: https://pdberger.com/pemancingan-parepare
20:47:08 | INFO    | [1963/2708] Mencari: Situs Bersejarah Manurung E ri Matajang
20:47:08 | DEBUG   | [L1 Wiki] Error: Expecting value: line 1 column 1 (char 0)
20:47:08 | DEBUG   |       L1 Gagal, mencoba L2 DDGS...
20:47:14 | INFO    |       => Sukses dari: https://id.wikipedia.org/wiki/Kesultanan_Bone
20:47:16 | INFO    | [1964/2708] Mencari: Goa Purbakala Passea
20:47:16 | DEBUG   | [L1 Wiki] Error: Expecting value: line 1 column 1 (char 0)
20:47:16 | DEBUG   |       L1 Gagal, mencoba L2 DDGS...
20:47:27 | INFO    |       => Sukses dari: https://disparpora.bulukumbakab.go.id/portofolio/goa-passea/
20:47:28 | INFO    | [1965/2708] Mencari: Pantai Bahuluang
20:47:28 | DEBUG   | [L1 Wiki] Error: Expecting value: line 1 column 1 (char 0)
20:47:28 | DEBUG   |       L1 Gagal, mencoba L2 DDGS...
20:47:43 | DEBUG   | [L2 BS4] Gagal ekstraksi url https://disbudpar.sulselprov.go.id/page/readmore/33/pantai-bahuluang -> HTTPSConnectionPool(host='disbudpar.sulselprov.go.id', port=443): Read timed out. (read timeout=8)
20:47:44 | INFO    |       => Sukses dari: https://pariwisata.kepulauanselayarkab.go.id/2018/03/pantai-bahuluang/
20:47:46 | INFO    | [1966/2708] Mencari: Gunung Kandora
20:47:46 | DEBUG   | [L1 Wiki] Error: Expecting value: line 1 column 1 (char 0)
20:47:46 | DEBUG   |       L1 Gagal, mencoba L2 DDGS...
20:47:55 | INFO    |       => Sukses dari: https://www.idntimes.com/travel/destination/kamu-yang-hobi-mendaki-sudah-coba-menaklukkan-5-gunung-di-sulsel-ini-01-tx6z9-sdgmng
20:47:56 | INFO    | [1967/2708] Mencari: Talaga Lotus woloan tomohon
20:47:56 | DEBUG   | [L1 Wiki] Error: Expecting value: line 1 column 1 (char 0)
20:47:56 | DEBUG   |       L1 Gagal, mencoba L2 DDGS...
20:48:09 | DEBUG   | [L2 DDGS] Error: DecodeError: DecodeError('Body collection error: error decoding response body')
20:48:09 | INFO    |       => Gagal mencari deskripsi.
20:48:11 | INFO    | [1968/2708] Mencari: Dermaga Nelayan Desa Tanah Putih
20:48:11 | DEBUG   | [L1 Wiki] Error: Expecting value: line 1 column 1 (char 0)
20:48:11 | DEBUG   |       L1 Gagal, mencoba L2 DDGS...
20:48:21 | INFO    |       => Sukses dari: https://idalamat.com/alamat/674223/dermaga-nelayan-desa-tanah-putih-minahasa-sulawesi-utara
20:48:23 | INFO    | [1969/2708] Mencari: Air Terjun Lamoahi
20:48:23 | DEBUG   | [L1 Wiki] Error: Expecting value: line 1 column 1 (char 0)
20:48:23 | DEBUG   |       L1 Gagal, mencoba L2 DDGS...
20:48:31 | INFO    |       => Sukses dari: https://id.scribd.com/document/863915223/Sulawesi-Tenggara
20:48:33 | INFO    | *** Auto-saving 1400 baris diproses...
20:48:33 | INFO    | [1970/2708] Mencari: Wisata Pantai Kuliner Salukaili
20:48:33 | DEBUG   | [L1 Wiki] Error: Expecting value: line 1 column 1 (char 0)
20:48:33 | DEBUG   |       L1 Gagal, mencoba L2 DDGS...
20:48:44 | INFO    |       => Sukses dari: https://www.cedhak.com/sulawesi/637/pantai-lolak/
20:48:46 | INFO    | [1971/2708] Mencari: Air Terjun Sarambu Paremba
20:48:46 | DEBUG   | [L1 Wiki] Error: Expecting value: line 1 column 1 (char 0)
20:48:46 | DEBUG   |       L1 Gagal, mencoba L2 DDGS...
20:48:58 | DEBUG   | [L2 DDGS] Error: ConnectError: ConnectError('error sending request for url (https://html.duckduckgo.com/html/)', 'https://html.duckduckgo.com/html/')
20:48:58 | INFO    |       => Gagal mencari deskripsi.
20:48:59 | INFO    | [1972/2708] Mencari: Air Terjun Minangatellue
20:48:59 | DEBUG   | [L1 Wiki] Error: Expecting value: line 1 column 1 (char 0)
20:48:59 | DEBUG   |       L1 Gagal, mencoba L2 DDGS...
20:49:13 | INFO    |       => Gagal mencari deskripsi.
20:49:15 | INFO    | [1973/2708] Mencari: Agro Wisata Bonto Jonga
20:49:15 | DEBUG   | [L1 Wiki] Error: Expecting value: line 1 column 1 (char 0)
20:49:15 | DEBUG   |       L1 Gagal, mencoba L2 DDGS...
20:49:23 | INFO    |       => Sukses dari: https://bontolojong.blogspot.com/2014/01/normal-0-false-false-false-in-x-none-x.html
20:49:24 | INFO    | [1974/2708] Mencari: Wisata Dermaga WORI
20:49:24 | DEBUG   | [L1 Wiki] Error: Expecting value: line 1 column 1 (char 0)
20:49:24 | DEBUG   |       L1 Gagal, mencoba L2 DDGS...
20:49:31 | INFO    |       => Sukses dari: https://id.wikipedia.org/wiki/Wori,_Minahasa_Utara
20:49:33 | INFO    | [1975/2708] Mencari: Pantai Racuna
20:49:33 | DEBUG   | [L1 Wiki] Error: Expecting value: line 1 column 1 (char 0)
20:49:33 | DEBUG   |       L1 Gagal, mencoba L2 DDGS...
20:49:39 | INFO    |       => Sukses dari: https://travel.kompas.com/read/2016/06/06/153400527/Magnet.Wisata.Bahari.di.Tapal.Batas.Itu.Bernama.Miangas
20:49:40 | INFO    | [1976/2708] Mencari: Goa Allo
20:49:40 | DEBUG   | [L1 Wiki] Error: Expecting value: line 1 column 1 (char 0)
20:49:40 | DEBUG   |       L1 Gagal, mencoba L2 DDGS...
20:49:48 | INFO    |       => Sukses dari: https://id.wikipedia.org/wiki/Kabupaten_Morowali
20:49:50 | INFO    | [1977/2708] Mencari: Buntu Mussa'
20:49:50 | DEBUG   | [L1 Wiki] Error: Expecting value: line 1 column 1 (char 0)
20:49:50 | DEBUG   |       L1 Gagal, mencoba L2 DDGS...
20:49:58 | DEBUG   | [L2 BS4] Gagal ekstraksi url https://jadesta.kemenparekraf.go.id/paket/pemandangan_alam_buntu_mussa -> HTTPSConnectionPool(host='jadesta.kemenparekraf.go.id', port=443): Max retries exceeded with url: /paket/pemandangan_alam_buntu_mussa (Caused by NameResolutionError("HTTPSConnection(host='jadesta.kemenparekraf.go.id', port=443): Failed to resolve 'jadesta.kemenparekraf.go.id' ([Errno 11002] getaddrinfo failed)"))
20:49:59 | INFO    |       => Sukses dari: https://liburanmurah.com/buntu-mussa-pesona-alam-tersembunyi-di-sulawesi-barat/
20:50:01 | INFO    | [1978/2708] Mencari: Tedong-tedong Minanga
20:50:01 | DEBUG   | [L1 Wiki] Error: Expecting value: line 1 column 1 (char 0)
20:50:01 | DEBUG   |       L1 Gagal, mencoba L2 DDGS...
20:50:14 | INFO    |       => Sukses dari: https://www.kaskus.co.id/thread/000000000000000015014479/tedong-tedong-minangaobjek-wisata-tertua-di-sulawesi-barat
20:50:15 | INFO    | [1979/2708] Mencari: Waolo
20:50:15 | DEBUG   | [L1 Wiki] Error: Expecting value: line 1 column 1 (char 0)
20:50:15 | DEBUG   |       L1 Gagal, mencoba L2 DDGS...
20:50:26 | INFO    |       => Sukses dari: https://gopos.id/mengunjungi-dusun-waolo-di-pedalaman-molotabu-bone-bolango/
20:50:27 | INFO    | [1980/2708] Mencari: Tuang Uddungeng (KM Syekh Abdul Madjid)
20:50:27 | DEBUG   | [L1 Wiki] Error: Expecting value: line 1 column 1 (char 0)
20:50:27 | DEBUG   |       L1 Gagal, mencoba L2 DDGS...
20:55:25 | DEBUG   | [L2 BS4] Gagal ekstraksi url https://soppeng.go.id/assets/file/data_rkpd/P_RPJMD__2016_2021.pdf -> HTTPSConnectionPool(host='soppeng.go.id', port=443): Read timed out.
20:55:27 | INFO    |       => Sukses dari: https://aswilblog.wordpress.com/2017/12/26/penelusuran-dari-mars-adabiah-hingga-h-abdul-madjid-karim/
20:55:29 | INFO    | [1981/2708] Mencari: Pantai Karosi
20:55:29 | DEBUG   | [L1 Wiki] Error: Expecting value: line 1 column 1 (char 0)
20:55:29 | DEBUG   |       L1 Gagal, mencoba L2 DDGS...
20:55:42 | INFO    |       => Gagal mencari deskripsi.
20:55:44 | INFO    | [1982/2708] Mencari: MANDUK PATINNA
20:55:44 | DEBUG   | [L1 Wiki] Error: Expecting value: line 1 column 1 (char 0)
20:55:44 | DEBUG   |       L1 Gagal, mencoba L2 DDGS...
20:55:55 | DEBUG   | [L2 DDGS] Error: ConnectError: ConnectError('error sending request for url (https://html.duckduckgo.com/html/)', 'https://html.duckduckgo.com/html/')
20:55:55 | INFO    |       => Gagal mencari deskripsi.
20:55:56 | INFO    | [1983/2708] Mencari: aer ujang
20:55:56 | DEBUG   | [L1 Wiki] Error: Expecting value: line 1 column 1 (char 0)
20:55:56 | DEBUG   |       L1 Gagal, mencoba L2 DDGS...
20:56:03 | INFO    |       => Sukses dari: https://manado.tribunnews.com/2023/01/23/wisata-manado-kolam-renang-aer-ujang-berada-di-bawah-tol-sumber-air-dari-hutan-adat-danowudu
20:56:05 | INFO    | [1984/2708] Mencari: Bukit Teletabis Pantai Tulap
20:56:05 | DEBUG   | [L1 Wiki] Error: Expecting value: line 1 column 1 (char 0)
20:56:05 | DEBUG   |       L1 Gagal, mencoba L2 DDGS...
20:56:12 | INFO    |       => Sukses dari: https://liburanmurah.com/pantai-teletabis-surga-tersembunyi-di-sulawesi-utara/
20:56:13 | INFO    | [1985/2708] Mencari: Pulau Pontein Tumbak
20:56:13 | DEBUG   | [L1 Wiki] Error: Expecting value: line 1 column 1 (char 0)
20:56:13 | DEBUG   |       L1 Gagal, mencoba L2 DDGS...
20:56:21 | INFO    |       => Sukses dari: https://travel.detik.com/domestic-destination/d-2996909/tumbak-ini-dia-saingannya-bunaken-di-sulawesi-utara
20:56:23 | INFO    | [1986/2708] Mencari: Wisata Bahari LantowuaBeach
20:56:23 | DEBUG   | [L1 Wiki] Error: Expecting value: line 1 column 1 (char 0)
20:56:23 | DEBUG   |       L1 Gagal, mencoba L2 DDGS...
20:56:29 | INFO    |       => Sukses dari: https://www.detik.com/sumut/wisata/d-7328990/7-wisata-bahari-keren-di-indonesia-cocok-jadi-tempat-liburan-bareng-keluarga
20:56:30 | INFO    | [1987/2708] Mencari: Pantai Bengel
20:56:30 | DEBUG   | [L1 Wiki] Error: Expecting value: line 1 column 1 (char 0)
20:56:30 | DEBUG   |       L1 Gagal, mencoba L2 DDGS...
20:56:44 | INFO    |       => Gagal mencari deskripsi.
20:56:45 | INFO    | [1988/2708] Mencari: Wisata Modern Sampoddo
20:56:45 | DEBUG   | [L1 Wiki] Error: Expecting value: line 1 column 1 (char 0)
20:56:45 | DEBUG   |       L1 Gagal, mencoba L2 DDGS...
20:56:53 | INFO    |       => Sukses dari: https://komunitasdemokrasi.or.id/jelajahi-keindahan-alam-luwu-melalui-rute-pegunungan-sampoddo-bersama-honda-adv/
20:56:54 | INFO    | [1989/2708] Mencari: maymaR kavling
20:56:55 | DEBUG   | [L1 Wiki] Error: Expecting value: line 1 column 1 (char 0)
20:56:55 | DEBUG   |       L1 Gagal, mencoba L2 DDGS...
20:57:03 | INFO    |       => Gagal mencari deskripsi.
20:57:05 | INFO    | *** Auto-saving 1420 baris diproses...
20:57:05 | INFO    | [1990/2708] Mencari: Lokawisata Tepi Desa
20:57:05 | DEBUG   | [L1 Wiki] Error: Expecting value: line 1 column 1 (char 0)
20:57:05 | DEBUG   |       L1 Gagal, mencoba L2 DDGS...
20:57:12 | INFO    |       => Sukses dari: https://tempatwisataseru.com/tempat-wisata-di-gorontalo/
20:57:14 | INFO    | [1991/2708] Mencari: Bulu Ponre
20:57:14 | DEBUG   | [L1 Wiki] Error: Expecting value: line 1 column 1 (char 0)
20:57:14 | DEBUG   |       L1 Gagal, mencoba L2 DDGS...
20:57:23 | DEBUG   | [L2 DDGS] Error: ConnectError: ConnectError('error sending request for url (https://html.duckduckgo.com/html/)', 'https://html.duckduckgo.com/html/')
20:57:23 | INFO    |       => Gagal mencari deskripsi.
20:57:25 | INFO    | [1992/2708] Mencari: Kolam labuh bentengnge
20:57:25 | DEBUG   | [L1 Wiki] Error: Expecting value: line 1 column 1 (char 0)
20:57:25 | DEBUG   |       L1 Gagal, mencoba L2 DDGS...
20:57:29 | INFO    |       => Sukses dari: https://www.detik.com/sulsel/wisata/d-6896501/25-rekomendasi-objek-wisata-di-kabupaten-pinrang-untuk-liburan
20:57:30 | INFO    | [1993/2708] Mencari: Puncak lengkoan
20:57:30 | DEBUG   | [L1 Wiki] Error: Expecting value: line 1 column 1 (char 0)
20:57:30 | DEBUG   |       L1 Gagal, mencoba L2 DDGS...
20:57:36 | INFO    |       => Sukses dari: https://www.komentar.co/2022/05/seminar-pengembangan-destinasi-wisata-lengkoan-nan-lestari-segera-dirumuskan.html
20:57:38 | INFO    | [1994/2708] Mencari: Pantai toweni
20:57:38 | DEBUG   | [L1 Wiki] Error: Expecting value: line 1 column 1 (char 0)
20:57:38 | DEBUG   |       L1 Gagal, mencoba L2 DDGS...
20:57:46 | INFO    |       => Gagal mencari deskripsi.
20:57:48 | INFO    | [1995/2708] Mencari: Pasir Putih Tolala
20:57:48 | DEBUG   | [L1 Wiki] Error: Expecting value: line 1 column 1 (char 0)
20:57:48 | DEBUG   |       L1 Gagal, mencoba L2 DDGS...
20:57:57 | INFO    |       => Sukses dari: https://id.wikipedia.org/wiki/Kabupaten_Kolaka_Utara
20:57:59 | INFO    | [1996/2708] Mencari: Pantai Wisata Kambunong
20:57:59 | DEBUG   | [L1 Wiki] Error: Expecting value: line 1 column 1 (char 0)
20:57:59 | DEBUG   |       L1 Gagal, mencoba L2 DDGS...
20:58:09 | INFO    |       => Sukses dari: https://www.geokepo.id/id/lokasi/mamuju-tengah/pantai-kambunong
20:58:10 | INFO    | [1997/2708] Mencari: Pantai Babatoa Lapeo Campalagian
20:58:10 | DEBUG   | [L1 Wiki] Error: Expecting value: line 1 column 1 (char 0)
20:58:10 | DEBUG   |       L1 Gagal, mencoba L2 DDGS...
20:58:16 | INFO    |       => Sukses dari: https://lapeo.digitaldesa.id/wisata/pantai-wisata-baqbatoa
20:58:17 | INFO    | [1998/2708] Mencari: Tambatan Perahu Dulangeya, Kec. Botumoito
20:58:17 | DEBUG   | [L1 Wiki] Error: Expecting value: line 1 column 1 (char 0)
20:58:17 | DEBUG   |       L1 Gagal, mencoba L2 DDGS...
20:58:25 | INFO    |       => Sukses dari: https://id.wikipedia.org/wiki/Kabupaten_Boalemo
20:58:27 | INFO    | [1999/2708] Mencari: Pantai idaman
20:58:27 | DEBUG   | [L1 Wiki] Error: Expecting value: line 1 column 1 (char 0)
20:58:27 | DEBUG   |       L1 Gagal, mencoba L2 DDGS...
20:58:35 | INFO    |       => Sukses dari: https://anteronesia.id/pesona-pantai-idaman-solusi-liburan-akhir-pekan-wisatawan-lokal/
20:58:37 | INFO    | [2000/2708] Mencari: Kampung Wisata Cilallang
20:58:37 | DEBUG   | [L1 Wiki] Error: Expecting value: line 1 column 1 (char 0)
20:58:37 | DEBUG   |       L1 Gagal, mencoba L2 DDGS...
20:58:44 | INFO    |       => Sukses dari: https://www.msn.com/id-id/berita/other/indah-dan-menantang-adrenalin-inilah-lima-wisata-pegunungan-recommended-di-bulukumba/ar-AA1QsTNm
20:58:45 | INFO    | [2001/2708] Mencari: Buntu Singki
20:58:45 | DEBUG   | [L1 Wiki] Error: Expecting value: line 1 column 1 (char 0)
20:58:45 | DEBUG   |       L1 Gagal, mencoba L2 DDGS...
20:58:51 | INFO    |       => Sukses dari: https://torajatimes.com/bupati-toraja-utara-pimpin-korve-di-objek-wisata-buntu-singki-didampingi-ketua-tp-pkk/
20:58:52 | INFO    | [2002/2708] Mencari: Air terjun fire keeper
20:58:52 | DEBUG   | [L1 Wiki] Error: Expecting value: line 1 column 1 (char 0)
20:58:52 | DEBUG   |       L1 Gagal, mencoba L2 DDGS...
20:59:01 | INFO    |       => Gagal mencari deskripsi.
20:59:02 | INFO    | [2003/2708] Mencari: Wisata alam desa tiromanda
20:59:02 | DEBUG   | [L1 Wiki] Error: Expecting value: line 1 column 1 (char 0)
20:59:02 | DEBUG   |       L1 Gagal, mencoba L2 DDGS...
20:59:08 | INFO    |       => Sukses dari: https://idalamat.com/alamat/697486/wisata-alam-desa-tiromanda-luwu-sulawesi-selatan
20:59:10 | INFO    | [2004/2708] Mencari: Wisata Alam Gua Batu Putih
20:59:10 | DEBUG   | [L1 Wiki] Error: Expecting value: line 1 column 1 (char 0)
20:59:10 | DEBUG   |       L1 Gagal, mencoba L2 DDGS...
20:59:15 | INFO    |       => Sukses dari: https://www.tribunnews.com/travel/2015/06/05/berlibur-ke-taman-batu-putih-tangkoko-bitung-ada-yaki-dan-tarsius-hewan-langka-sulawesi-utara
20:59:16 | INFO    | [2005/2708] Mencari: Pantai taipa
20:59:16 | DEBUG   | [L1 Wiki] Error: Expecting value: line 1 column 1 (char 0)
20:59:16 | DEBUG   |       L1 Gagal, mencoba L2 DDGS...
20:59:29 | INFO    |       => Sukses dari: https://www.oyorooms.com/travel-guide/id/pesona-wisata-palu/
20:59:31 | INFO    | [2006/2708] Mencari: Danau Gunung Klabat
20:59:31 | DEBUG   | [L1 Wiki] Error: Expecting value: line 1 column 1 (char 0)
20:59:31 | DEBUG   |       L1 Gagal, mencoba L2 DDGS...
20:59:40 | INFO    |       => Sukses dari: https://www.kompasiana.com/johanisalbertmalingkaspacaran/555315a16523bd910b16ff43/gunung-klabat-objek-wisata-alam-di-minahasa-utara
20:59:42 | INFO    | [2007/2708] Mencari: GPdI Bukit Hermon
20:59:42 | DEBUG   | [L1 Wiki] Error: Expecting value: line 1 column 1 (char 0)
20:59:42 | DEBUG   |       L1 Gagal, mencoba L2 DDGS...
20:59:50 | INFO    |       => Sukses dari: https://gpdibukithermon.org/
20:59:52 | INFO    | [2008/2708] Mencari: Pemancingan Binangga Tirta Alam
20:59:52 | DEBUG   | [L1 Wiki] Error: Expecting value: line 1 column 1 (char 0)
20:59:52 | DEBUG   |       L1 Gagal, mencoba L2 DDGS...
21:00:00 | INFO    |       => Sukses dari: https://id.wikipedia.org/wiki/Kabupaten_Sigi
21:00:02 | INFO    | [2009/2708] Mencari: Pantai Penghibur Kota Poso
21:00:02 | DEBUG   | [L1 Wiki] Error: Expecting value: line 1 column 1 (char 0)
21:00:02 | DEBUG   |       L1 Gagal, mencoba L2 DDGS...
21:00:11 | DEBUG   | [L2 DDGS] Error: ConnectError: ConnectError('error sending request for url (https://html.duckduckgo.com/html/)', 'https://html.duckduckgo.com/html/')
21:00:11 | INFO    |       => Gagal mencari deskripsi.
21:00:13 | INFO    | *** Auto-saving 1440 baris diproses...
21:00:13 | INFO    | [2010/2708] Mencari: Pesona Bali
21:00:13 | DEBUG   | [L1 Wiki] Error: Expecting value: line 1 column 1 (char 0)
21:00:13 | DEBUG   |       L1 Gagal, mencoba L2 DDGS...
21:00:20 | INFO    |       => Sukses dari: https://www.jakmas.com/2025/11/akan-dibuka-mandi-sehat-di-kolam-sehat.html
21:00:22 | INFO    | [2011/2708] Mencari: Batu Payung
21:00:22 | DEBUG   | [L1 Wiki] Error: Expecting value: line 1 column 1 (char 0)
21:00:22 | DEBUG   |       L1 Gagal, mencoba L2 DDGS...
21:00:30 | INFO    |       => Sukses dari: https://www.metrosulteng.com/sosial-budaya/pr-5194957109/teluk-tomori-destinasi-wisata-kayangan-di-pulau-sulawesi
21:00:31 | INFO    | [2012/2708] Mencari: Wisata Mangrove Desa Lomba
21:00:31 | DEBUG   | [L1 Wiki] Error: Expecting value: line 1 column 1 (char 0)
21:00:31 | DEBUG   |       L1 Gagal, mencoba L2 DDGS...
21:00:44 | DEBUG   | [L2 DDGS] Error: ('error sending request for url (https://yandex.com/search/site/?text=Wisata+Mangrove+Desa+Lomba+Kabupaten+Banggai+wisata&web=1&searchid=4550825)', 'https://yandex.com/search/site/?text=Wisata+Mangrove+Desa+Lomba+Kabupaten+Banggai+wisata&web=1&searchid=4550825')
21:00:44 | INFO    |       => Gagal mencari deskripsi.
21:00:46 | INFO    | [2013/2708] Mencari: Pantai Puuloro
21:00:46 | DEBUG   | [L1 Wiki] Error: Expecting value: line 1 column 1 (char 0)
21:00:46 | DEBUG   |       L1 Gagal, mencoba L2 DDGS...
21:00:52 | INFO    |       => Sukses dari: https://id.wikipedia.org/wiki/Puuloro,_Sampara,_Konawe
21:00:54 | INFO    | [2014/2708] Mencari: Gunung BATU SANGIA
21:00:54 | DEBUG   | [L1 Wiki] Error: Expecting value: line 1 column 1 (char 0)
21:00:54 | DEBUG   |       L1 Gagal, mencoba L2 DDGS...
21:00:59 | INFO    |       => Sukses dari: https://id.wikipedia.org/wiki/Kabaena,_Bombana
21:01:01 | INFO    | [2015/2708] Mencari: Museum Bharugano Wuna
21:01:01 | DEBUG   | [L1 Wiki] Error: Expecting value: line 1 column 1 (char 0)
21:01:01 | DEBUG   |       L1 Gagal, mencoba L2 DDGS...
21:01:11 | INFO    |       => Sukses dari: https://id.wikipedia.org/wiki/Museum_Bharugano_Wuna
21:01:13 | INFO    | [2016/2708] Mencari: Air terjun taluditi
21:01:13 | DEBUG   | [L1 Wiki] Error: Expecting value: line 1 column 1 (char 0)
21:01:13 | DEBUG   |       L1 Gagal, mencoba L2 DDGS...
21:01:30 | INFO    |       => Sukses dari: https://darilaut.id/berita/menyusur-hutan-relaksasi-dan-menikmati-pesona-air-terjun-taluditi-di-pohuwato/2
21:01:32 | INFO    | [2017/2708] Mencari: Pasir Hijau Batara Malong
21:01:32 | DEBUG   | [L1 Wiki] Error: Expecting value: line 1 column 1 (char 0)
21:01:32 | DEBUG   |       L1 Gagal, mencoba L2 DDGS...
21:01:40 | DEBUG   | [L2 BS4] Gagal ekstraksi url https://sisparnas.kemenparekraf.go.id/p/53509 -> HTTPSConnectionPool(host='sisparnas.kemenparekraf.go.id', port=443): Max retries exceeded with url: /p/53509 (Caused by NameResolutionError("HTTPSConnection(host='sisparnas.kemenparekraf.go.id', port=443): Failed to resolve 'sisparnas.kemenparekraf.go.id' ([Errno 11002] getaddrinfo failed)"))
21:01:46 | INFO    |       => Gagal mencari deskripsi.
21:01:48 | INFO    | [2018/2708] Mencari: Bendungan Bokong
21:01:48 | DEBUG   | [L1 Wiki] Error: Expecting value: line 1 column 1 (char 0)
21:01:48 | DEBUG   |       L1 Gagal, mencoba L2 DDGS...
21:01:57 | INFO    |       => Sukses dari: https://www.bulukumbakab.go.id/rubrik/bendungan-akan-dibangun-di-puncak-donggia-kahayya
21:01:59 | INFO    | [2019/2708] Mencari: PANTAI TANJUNG RIA
21:01:59 | DEBUG   | [L1 Wiki] Error: Expecting value: line 1 column 1 (char 0)
21:01:59 | DEBUG   |       L1 Gagal, mencoba L2 DDGS...
21:02:12 | INFO    |       => Sukses dari: https://tempatwisata.net/√-pantai-tanjung-merah-bitung-surga-tropis-yang-memikatreview-info/
21:02:14 | INFO    | [2020/2708] Mencari: Pantai Vaname
21:02:14 | DEBUG   | [L1 Wiki] Error: Expecting value: line 1 column 1 (char 0)
21:02:14 | DEBUG   |       L1 Gagal, mencoba L2 DDGS...
21:02:28 | INFO    |       => Gagal mencari deskripsi.
21:02:30 | INFO    | [2021/2708] Mencari: Permandian Gua Wandigi
21:02:30 | DEBUG   | [L1 Wiki] Error: Expecting value: line 1 column 1 (char 0)
21:02:30 | DEBUG   |       L1 Gagal, mencoba L2 DDGS...
21:02:38 | INFO    |       => Sukses dari: https://smartcity.gowakab.go.id/wisata_buatan/permandian-jene-tallasa-sileo/10
21:02:40 | INFO    | [2022/2708] Mencari: Pantai MHG
21:02:40 | DEBUG   | [L1 Wiki] Error: Expecting value: line 1 column 1 (char 0)
21:02:40 | DEBUG   |       L1 Gagal, mencoba L2 DDGS...
21:02:51 | DEBUG   | [L2 DDGS] Error: DecodeError: DecodeError('Body collection error: error decoding response body')
21:02:51 | INFO    |       => Gagal mencari deskripsi.
21:02:53 | INFO    | [2023/2708] Mencari: Tugu Perdamaian PERMESTA Dan Pusat
21:02:53 | DEBUG   | [L1 Wiki] Error: Expecting value: line 1 column 1 (char 0)
21:02:53 | DEBUG   |       L1 Gagal, mencoba L2 DDGS...
21:02:58 | INFO    |       => Sukses dari: https://id.wikipedia.org/wiki/Malenos_Baru,_Amurang_Timur,_Minahasa_Selatan
21:02:59 | INFO    | [2024/2708] Mencari: Objek Wisata Telaga Lotta Indah
21:02:59 | DEBUG   | [L1 Wiki] Error: Expecting value: line 1 column 1 (char 0)
21:02:59 | DEBUG   |       L1 Gagal, mencoba L2 DDGS...
21:03:08 | INFO    |       => Sukses dari: https://cahayasiang.id/sekda-talaud-resmikan-destinasi-wisata-telaga-lotta-indah-di-moronge/
21:03:10 | INFO    | [2025/2708] Mencari: Permandian Tanjung Kaobula Kotamara
21:03:10 | DEBUG   | [L1 Wiki] Error: Expecting value: line 1 column 1 (char 0)
21:03:10 | DEBUG   |       L1 Gagal, mencoba L2 DDGS...
21:03:23 | INFO    |       => Sukses dari: https://sultrakini.com/permandian-tanjung-kaobula-di-kotamara-ramai-dikunjungi-masyarakat/
21:03:25 | INFO    | [2026/2708] Mencari: Gua Tengkorak / Gua Lawolatu
21:03:25 | DEBUG   | [L1 Wiki] Error: Expecting value: line 1 column 1 (char 0)
21:03:25 | DEBUG   |       L1 Gagal, mencoba L2 DDGS...
21:03:32 | INFO    |       => Sukses dari: https://regional.kompas.com/read/2013/05/06/10570827/ditemukan-gua-penuh-tengkorak-manusia
21:03:33 | INFO    | [2027/2708] Mencari: Taman Pobundayan
21:03:33 | DEBUG   | [L1 Wiki] Error: Expecting value: line 1 column 1 (char 0)
21:03:33 | DEBUG   |       L1 Gagal, mencoba L2 DDGS...
21:03:38 | INFO    |       => Sukses dari: https://id.wikipedia.org/wiki/Kota_Kotamobagu
21:03:40 | INFO    | [2028/2708] Mencari: Gunung Rantemario
21:03:40 | DEBUG   | [L1 Wiki] Error: Expecting value: line 1 column 1 (char 0)
21:03:40 | DEBUG   |       L1 Gagal, mencoba L2 DDGS...
21:04:03 | DEBUG   | [L2 BS4] Gagal ekstraksi url https://travel.detik.com/cerita-perjalanan/d-5389356/jalan-panjang-menaklukkan-rantemario-gunung-tertinggi-di-sulawesi -> HTTPSConnectionPool(host='travel.detik.com', port=443): Read timed out.
21:04:06 | INFO    |       => Sukses dari: https://www.kompasiana.com/ikhwanulahsan/57d8471b7497730f4c02cbba/wisata-extreme-puncak-rantemario-gunung-latimojong
21:04:08 | INFO    | [2029/2708] Mencari: Cagar Alam Gunung Tinombala
21:04:08 | DEBUG   | [L1 Wiki] Error: Expecting value: line 1 column 1 (char 0)
21:04:08 | DEBUG   |       L1 Gagal, mencoba L2 DDGS...
21:04:15 | INFO    |       => Sukses dari: https://id.wikipedia.org/wiki/Cagar_Alam_Gunung_Tinombala
21:04:17 | INFO    | *** Auto-saving 1460 baris diproses...
21:04:17 | INFO    | [2030/2708] Mencari: FATUTOKO,GERESA,BUNGKU TIMUR,MOROWALI
21:04:17 | DEBUG   | [L1 Wiki] Error: Expecting value: line 1 column 1 (char 0)
21:04:17 | DEBUG   |       L1 Gagal, mencoba L2 DDGS...
21:04:26 | INFO    |       => Gagal mencari deskripsi.
21:04:28 | INFO    | [2031/2708] Mencari: PERMANDIAN MULTI BAITO
21:04:28 | DEBUG   | [L1 Wiki] Error: Expecting value: line 1 column 1 (char 0)
21:04:28 | DEBUG   |       L1 Gagal, mencoba L2 DDGS...
21:04:35 | INFO    |       => Sukses dari: https://id.wikipedia.org/wiki/Baito,_Konawe_Selatan
21:04:37 | INFO    | [2032/2708] Mencari: Mata Air Wolio
21:04:37 | DEBUG   | [L1 Wiki] Error: Expecting value: line 1 column 1 (char 0)
21:04:37 | DEBUG   |       L1 Gagal, mencoba L2 DDGS...
21:04:55 | DEBUG   | [L2 BS4] Gagal ekstraksi url https://www.lajur.co/mengenal-objek-wisata-telaga-kasiono-oe-di-mubar-yang-punya-tiga-mata-air/ -> HTTPSConnectionPool(host='www.lajur.co', port=443): Read timed out.
21:04:56 | INFO    |       => Sukses dari: https://lenterasultra.com/web/2020/11/07/destinasi-wisata-muna-bertagline-mai-te-wuna-tawarkan-panorama-keindahan-alam/
21:04:57 | INFO    | [2033/2708] Mencari: Pantai Onowa
21:04:58 | DEBUG   | [L1 Wiki] Error: Expecting value: line 1 column 1 (char 0)
21:04:58 | DEBUG   |       L1 Gagal, mencoba L2 DDGS...
21:05:09 | INFO    |       => Gagal mencari deskripsi.
21:05:11 | INFO    | [2034/2708] Mencari: JEMBATAN GANTUNG CENDANA HITAM
21:05:11 | DEBUG   | [L1 Wiki] Error: Expecting value: line 1 column 1 (char 0)
21:05:11 | DEBUG   |       L1 Gagal, mencoba L2 DDGS...
21:05:14 | INFO    |       => Sukses dari: https://id.wikipedia.org/wiki/Cendana_Hitam_Timur,_Tomoni_Timur,_Luwu_Timur
21:05:16 | INFO    | [2035/2708] Mencari: Pantai Dodap
21:05:16 | DEBUG   | [L1 Wiki] Error: Expecting value: line 1 column 1 (char 0)
21:05:16 | DEBUG   |       L1 Gagal, mencoba L2 DDGS...
21:05:22 | INFO    |       => Sukses dari: https://id.wikipedia.org/wiki/Dodap_Pantai,_Tutuyan,_Bolaang_Mongondow_Timur
21:05:24 | INFO    | [2036/2708] Mencari: Situs Cagar Budaya Lumpang Batu Desa Bangga
21:05:24 | DEBUG   | [L1 Wiki] Error: Expecting value: line 1 column 1 (char 0)
21:05:24 | DEBUG   |       L1 Gagal, mencoba L2 DDGS...
21:05:31 | INFO    |       => Sukses dari: https://www.antarafoto.com/view/1138678/wisata-taman-megalitik-watunonju
21:05:33 | INFO    | [2037/2708] Mencari: Permandian Desa Balayon
21:05:33 | DEBUG   | [L1 Wiki] Error: Expecting value: line 1 column 1 (char 0)
21:05:33 | DEBUG   |       L1 Gagal, mencoba L2 DDGS...
21:05:44 | INFO    |       => Sukses dari: https://id.wikipedia.org/wiki/Balayon,_Liang,_Banggai_Kepulauan
21:05:45 | INFO    | [2038/2708] Mencari: Wisata Pantai Ompotian
21:05:45 | DEBUG   | [L1 Wiki] Error: Expecting value: line 1 column 1 (char 0)
21:05:45 | DEBUG   |       L1 Gagal, mencoba L2 DDGS...
21:05:57 | INFO    |       => Sukses dari: https://www.rifaihadi.com/7-objek-wisata-banggai-paling-populer/
21:05:59 | INFO    | [2039/2708] Mencari: Pantai BMW
21:05:59 | DEBUG   | [L1 Wiki] Error: Expecting value: line 1 column 1 (char 0)
21:05:59 | DEBUG   |       L1 Gagal, mencoba L2 DDGS...
21:06:04 | INFO    |       => Sukses dari: https://jadesta.kemenpar.go.id/desa/115016
21:06:05 | INFO    | [2040/2708] Mencari: pantai langkowala
21:06:05 | DEBUG   | [L1 Wiki] Error: Expecting value: line 1 column 1 (char 0)
21:06:05 | DEBUG   |       L1 Gagal, mencoba L2 DDGS...
21:06:14 | INFO    |       => Gagal mencari deskripsi.
21:06:16 | INFO    | [2041/2708] Mencari: Benteng Kotano Wuna
21:06:16 | DEBUG   | [L1 Wiki] Error: Expecting value: line 1 column 1 (char 0)
21:06:16 | DEBUG   |       L1 Gagal, mencoba L2 DDGS...
21:06:24 | INFO    |       => Sukses dari: https://www.lajur.co/pengurus-pmmi-pemkab-muna-tancap-gas-benahi-benteng-kotano-wuna-pasca-dianugerahi-rekor-muri/
21:06:26 | INFO    | [2042/2708] Mencari: AGROWISATA BUKIT MOLOKU
21:06:26 | DEBUG   | [L1 Wiki] Error: Expecting value: line 1 column 1 (char 0)
21:06:26 | DEBUG   |       L1 Gagal, mencoba L2 DDGS...
21:06:32 | INFO    |       => Sukses dari: https://idalamat.com/alamat/693138/desa-wisata-agro-pertanian-polewali-mandar-sulawesi-barat
21:06:33 | INFO    | [2043/2708] Mencari: Pantai Burung-Burung (PBB)
21:06:33 | DEBUG   | [L1 Wiki] Error: Expecting value: line 1 column 1 (char 0)
21:06:33 | DEBUG   |       L1 Gagal, mencoba L2 DDGS...
21:06:43 | INFO    |       => Gagal mencari deskripsi.
21:06:44 | INFO    | [2044/2708] Mencari: Kampung Wisata Bulo
21:06:44 | DEBUG   | [L1 Wiki] Error: Expecting value: line 1 column 1 (char 0)
21:06:44 | DEBUG   |       L1 Gagal, mencoba L2 DDGS...
21:06:51 | DEBUG   | [L2 BS4] Gagal ekstraksi url https://jadesta.kemenparekraf.go.id/desa/bulo -> HTTPSConnectionPool(host='jadesta.kemenparekraf.go.id', port=443): Max retries exceeded with url: /desa/bulo (Caused by NameResolutionError("HTTPSConnection(host='jadesta.kemenparekraf.go.id', port=443): Failed to resolve 'jadesta.kemenparekraf.go.id' ([Errno 11002] getaddrinfo failed)"))
21:06:53 | INFO    |       => Sukses dari: https://travel.detik.com/domestic-destination/d-7465518/15-tempat-pariwisata-gowa-daya-tarik-lokasi-harga-tiket
21:06:54 | INFO    | [2045/2708] Mencari: Mini Zoo, Rumah Alam Manado
21:06:54 | DEBUG   | [L1 Wiki] Error: Expecting value: line 1 column 1 (char 0)
21:06:54 | DEBUG   |       L1 Gagal, mencoba L2 DDGS...
21:07:05 | INFO    |       => Sukses dari: https://cakraloka.co.id/mini-zoo-pertama-di-kota-manado-lokasi-dan-fasilitasnya/
21:07:07 | INFO    | [2046/2708] Mencari: Pantai Poa
21:07:07 | DEBUG   | [L1 Wiki] Error: Expecting value: line 1 column 1 (char 0)
21:07:07 | DEBUG   |       L1 Gagal, mencoba L2 DDGS...
21:07:16 | INFO    |       => Gagal mencari deskripsi.
21:07:18 | INFO    | [2047/2708] Mencari: TASUMARO
21:07:18 | DEBUG   | [L1 Wiki] Error: Expecting value: line 1 column 1 (char 0)
21:07:18 | DEBUG   |       L1 Gagal, mencoba L2 DDGS...
21:07:28 | INFO    |       => Gagal mencari deskripsi.
21:07:29 | INFO    | [2048/2708] Mencari: Teluk Lalong
21:07:29 | DEBUG   | [L1 Wiki] Error: Expecting value: line 1 column 1 (char 0)
21:07:29 | DEBUG   |       L1 Gagal, mencoba L2 DDGS...
21:07:35 | INFO    |       => Sukses dari: https://id.wikipedia.org/wiki/Teluk_Lalong
21:07:36 | INFO    | [2049/2708] Mencari: Danau Rano Iwoi Tekonda
21:07:36 | DEBUG   | [L1 Wiki] Error: Expecting value: line 1 column 1 (char 0)
21:07:36 | DEBUG   |       L1 Gagal, mencoba L2 DDGS...
21:07:41 | INFO    |       => Sukses dari: https://id.wikipedia.org/wiki/Kabupaten_Konawe_Utara
21:07:42 | INFO    | *** Auto-saving 1480 baris diproses...
21:07:42 | INFO    | [2050/2708] Mencari: Bone Marangi
21:07:42 | DEBUG   | [L1 Wiki] Error: Expecting value: line 1 column 1 (char 0)
21:07:42 | DEBUG   |       L1 Gagal, mencoba L2 DDGS...
21:07:54 | DEBUG   | [L2 BS4] Gagal ekstraksi url http://www.pedomanwisata.com/news/traveling/wisata-buton-tempat-wisata-yang-indah-dan-tradisi-yang-unik-di-kabupaten-buton-sulawesi-tenggara -> HTTPConnectionPool(host='www.pedomanwisata.com', port=80): Read timed out. (read timeout=8)
21:08:01 | INFO    |       => Sukses dari: https://www.popbela.com/lifestyle/travel/8-wisata-di-pulau-buton-wajib-masuk-daftar-liburanmu-00-vp6g8-gfb6y6
21:08:02 | INFO    | [2051/2708] Mencari: GPdI Bukit Hermon Kolaka
21:08:02 | DEBUG   | [L1 Wiki] Error: Expecting value: line 1 column 1 (char 0)
21:08:02 | DEBUG   |       L1 Gagal, mencoba L2 DDGS...
21:08:09 | INFO    |       => Sukses dari: https://gpdibukithermon.org/index.php?p=story
21:08:11 | INFO    | [2052/2708] Mencari: Bendungan Loko
21:08:11 | DEBUG   | [L1 Wiki] Error: Expecting value: line 1 column 1 (char 0)
21:08:11 | DEBUG   |       L1 Gagal, mencoba L2 DDGS...
21:08:20 | INFO    |       => Sukses dari: https://www.neliti.com/media/publications/137297-ID-strategi-pengembangan-objek-wisata-loko.pdf
21:08:22 | INFO    | [2053/2708] Mencari: Wisata alam tangga 1000
21:08:22 | DEBUG   | [L1 Wiki] Error: Expecting value: line 1 column 1 (char 0)
21:08:22 | DEBUG   |       L1 Gagal, mencoba L2 DDGS...
21:08:26 | INFO    |       => Sukses dari: https://www.geokepo.id/id/lokasi/polewali-mandar/pantai-palippis
21:08:28 | INFO    | [2054/2708] Mencari: BUKIT GORESAN TIMUATO
21:08:28 | DEBUG   | [L1 Wiki] Error: Expecting value: line 1 column 1 (char 0)
21:08:28 | DEBUG   |       L1 Gagal, mencoba L2 DDGS...
21:08:36 | INFO    |       => Gagal mencari deskripsi.
21:08:38 | INFO    | [2055/2708] Mencari: Sarambu Sikore
21:08:38 | DEBUG   | [L1 Wiki] Error: Expecting value: line 1 column 1 (char 0)
21:08:38 | DEBUG   |       L1 Gagal, mencoba L2 DDGS...
21:08:45 | INFO    |       => Sukses dari: https://superlive.id/superadventure/artikel/place-gears/5-rekomendasi-tempat-wisata-berbasis-alam-di-toraja-menakjubkan
21:08:47 | INFO    | [2056/2708] Mencari: AIR TERJUN REMA TAMBOKE
21:08:47 | DEBUG   | [L1 Wiki] Error: Expecting value: line 1 column 1 (char 0)
21:08:47 | DEBUG   |       L1 Gagal, mencoba L2 DDGS...
21:08:52 | INFO    |       => Sukses dari: https://jadesta.kemenpar.go.id/paket/wisata_air_terjun_rema
21:08:54 | INFO    | [2057/2708] Mencari: Pantai Desa Tamit (Tamit Paradise)
21:08:54 | DEBUG   | [L1 Wiki] Error: Expecting value: line 1 column 1 (char 0)
21:08:54 | DEBUG   |       L1 Gagal, mencoba L2 DDGS...
21:08:58 | INFO    |       => Sukses dari: https://id.wikipedia.org/wiki/Tamit,_Bunobogu,_Buol
21:09:00 | INFO    | [2058/2708] Mencari: Pantai One-One
21:09:00 | DEBUG   | [L1 Wiki] Error: Expecting value: line 1 column 1 (char 0)
21:09:00 | DEBUG   |       L1 Gagal, mencoba L2 DDGS...
21:09:09 | DEBUG   | [L2 BS4] Gagal ekstraksi url https://jadesta.kemenparekraf.go.id/atraksi/pantai_oneone -> HTTPSConnectionPool(host='jadesta.kemenparekraf.go.id', port=443): Max retries exceeded with url: /atraksi/pantai_oneone (Caused by NameResolutionError("HTTPSConnection(host='jadesta.kemenparekraf.go.id', port=443): Failed to resolve 'jadesta.kemenparekraf.go.id' ([Errno 11002] getaddrinfo failed)"))
21:09:13 | INFO    |       => Sukses dari: https://jadesta.kemenpar.go.id/desa/tanjung_taipa
21:09:14 | INFO    | [2059/2708] Mencari: Pantai watiginanda
21:09:14 | DEBUG   | [L1 Wiki] Error: Expecting value: line 1 column 1 (char 0)
21:09:14 | DEBUG   |       L1 Gagal, mencoba L2 DDGS...
21:09:26 | INFO    |       => Sukses dari: https://jadesta.kemenpar.go.id/desa/kolam_air_tawar_tepi_pantai_desa_watiginanda
21:09:28 | INFO    | [2060/2708] Mencari: Bukit Bonto Payung
21:09:28 | DEBUG   | [L1 Wiki] Error: Expecting value: line 1 column 1 (char 0)
21:09:28 | DEBUG   |       L1 Gagal, mencoba L2 DDGS...
21:09:41 | INFO    |       => Sukses dari: https://fqsinternational.com/tempat-wisata-di-barru-menikmati-pesona-alam-yang-menawan/
21:09:42 | INFO    | [2061/2708] Mencari: Wisata Alam Chaputo
21:09:42 | DEBUG   | [L1 Wiki] Error: Expecting value: line 1 column 1 (char 0)
21:09:42 | DEBUG   |       L1 Gagal, mencoba L2 DDGS...
21:09:49 | INFO    |       => Sukses dari: https://www.detik.com/sulsel/wisata/d-6527369/15-tempat-wisata-di-soppeng-pesona-keindahan-alam-hingga-peninggalan-sejarah
21:09:50 | INFO    | [2062/2708] Mencari: Pantai Appatanah
21:09:50 | DEBUG   | [L1 Wiki] Error: Expecting value: line 1 column 1 (char 0)
21:09:50 | DEBUG   |       L1 Gagal, mencoba L2 DDGS...
21:09:57 | INFO    |       => Sukses dari: https://bobobox.com/blog/id/pantai-bahuluang-kepulauan-selayar/
21:09:58 | INFO    | [2063/2708] Mencari: Pantai Seribu Kelapa
21:09:58 | DEBUG   | [L1 Wiki] Error: Expecting value: line 1 column 1 (char 0)
21:09:58 | DEBUG   |       L1 Gagal, mencoba L2 DDGS...
21:10:11 | INFO    |       => Sukses dari: https://www.kompasiana.com/hansmahaganti/5517c27e813311aa689de4c9/wisata-sangihe-talaud-sulawesi-utara
21:10:12 | INFO    | [2064/2708] Mencari: Poentjak Unsongi Indah
21:10:12 | DEBUG   | [L1 Wiki] Error: Expecting value: line 1 column 1 (char 0)
21:10:12 | DEBUG   |       L1 Gagal, mencoba L2 DDGS...
21:10:20 | INFO    |       => Sukses dari: https://www.trendwisata.com/tempat-wisata/tempat-wisata-di-morowali/
21:10:21 | INFO    | [2065/2708] Mencari: Wisata Cekdam Lagading
21:10:21 | DEBUG   | [L1 Wiki] Error: Expecting value: line 1 column 1 (char 0)
21:10:21 | DEBUG   |       L1 Gagal, mencoba L2 DDGS...
21:10:25 | INFO    |       => Sukses dari: https://id.wikipedia.org/wiki/Kabupaten_Sidenreng_Rappang
21:10:27 | INFO    | [2066/2708] Mencari: Air Terjun Batu Lukis
21:10:27 | DEBUG   | [L1 Wiki] Error: Expecting value: line 1 column 1 (char 0)
21:10:27 | DEBUG   |       L1 Gagal, mencoba L2 DDGS...
21:10:41 | INFO    |       => Gagal mencari deskripsi.
21:10:43 | INFO    | [2067/2708] Mencari: Air Terjun Borisallo
21:10:43 | DEBUG   | [L1 Wiki] Error: Expecting value: line 1 column 1 (char 0)
21:10:43 | DEBUG   |       L1 Gagal, mencoba L2 DDGS...
21:10:47 | INFO    |       => Sukses dari: https://id.wikipedia.org/wiki/Borisallo,_Parangloe,_Gowa
21:10:48 | INFO    | [2068/2708] Mencari: Bulu tombolo
21:10:48 | DEBUG   | [L1 Wiki] Error: Expecting value: line 1 column 1 (char 0)
21:10:48 | DEBUG   |       L1 Gagal, mencoba L2 DDGS...
21:10:58 | INFO    |       => Sukses dari: https://tempatwisataseru.com/tempat-wisata-di-maros/
21:10:59 | INFO    | [2069/2708] Mencari: Lamperangan, Desa Kabba, Kec. Minasatene
21:10:59 | DEBUG   | [L1 Wiki] Error: Expecting value: line 1 column 1 (char 0)
21:10:59 | DEBUG   |       L1 Gagal, mencoba L2 DDGS...
21:11:05 | INFO    |       => Sukses dari: https://id.wikipedia.org/wiki/Kabba,_Minasatene,_Pangkajene_dan_Kepulauan
21:11:06 | INFO    | *** Auto-saving 1500 baris diproses...
21:11:06 | INFO    | [2070/2708] Mencari: SUAR MENARA INDAH
21:11:06 | DEBUG   | [L1 Wiki] Error: Expecting value: line 1 column 1 (char 0)
21:11:06 | DEBUG   |       L1 Gagal, mencoba L2 DDGS...
21:11:11 | INFO    |       => Sukses dari: https://id.wikipedia.org/wiki/Menara_Indah,_Bontomatene,_Kepulauan_Selayar
21:11:12 | INFO    | [2071/2708] Mencari: Wisata Sawah Kurusumanga
21:11:13 | DEBUG   | [L1 Wiki] Error: Expecting value: line 1 column 1 (char 0)
21:11:13 | DEBUG   |       L1 Gagal, mencoba L2 DDGS...
21:11:20 | INFO    |       => Sukses dari: https://pasamai.digitaldesa.id/wisata/wisata-jelajah-sawah
21:11:22 | INFO    | [2072/2708] Mencari: DERMAGA APUNG TAHUNA
21:11:22 | DEBUG   | [L1 Wiki] Error: Expecting value: line 1 column 1 (char 0)
21:11:22 | DEBUG   |       L1 Gagal, mencoba L2 DDGS...
21:11:26 | INFO    |       => Sukses dari: https://id.wikipedia.org/wiki/Tahuna,_Kepulauan_Sangihe
21:11:27 | INFO    | [2073/2708] Mencari: Pantai Bone Moute
21:11:27 | DEBUG   | [L1 Wiki] Error: Expecting value: line 1 column 1 (char 0)
21:11:27 | DEBUG   |       L1 Gagal, mencoba L2 DDGS...
21:11:34 | DEBUG   | [L2 BS4] Gagal ekstraksi url https://jadesta.kemenparekraf.go.id/desa/bone_moute -> HTTPSConnectionPool(host='jadesta.kemenparekraf.go.id', port=443): Max retries exceeded with url: /desa/bone_moute (Caused by NameResolutionError("HTTPSConnection(host='jadesta.kemenparekraf.go.id', port=443): Failed to resolve 'jadesta.kemenparekraf.go.id' ([Errno 11002] getaddrinfo failed)"))
21:11:38 | INFO    |       => Gagal mencari deskripsi.
21:11:39 | INFO    | [2074/2708] Mencari: Wisata papalimbang Kendari
21:11:39 | DEBUG   | [L1 Wiki] Error: Expecting value: line 1 column 1 (char 0)
21:11:39 | DEBUG   |       L1 Gagal, mencoba L2 DDGS...
21:11:45 | INFO    |       => Sukses dari: https://liburanmurah.com/jelajahi-wisata-papalimbang-pesona-tersembunyi-di-kendari/
21:11:47 | INFO    | [2075/2708] Mencari: Pantai Pising
21:11:47 | DEBUG   | [L1 Wiki] Error: Expecting value: line 1 column 1 (char 0)
21:11:47 | DEBUG   |       L1 Gagal, mencoba L2 DDGS...
21:12:03 | INFO    |       => Sukses dari: https://www.harapansultra.com/kabar-gembira-kapal-cepat-superjet-10-buka-rute-pising-kabaena-kasipute/
21:12:04 | INFO    | [2076/2708] Mencari: Goa maobu
21:12:04 | DEBUG   | [L1 Wiki] Error: Expecting value: line 1 column 1 (char 0)
21:12:04 | DEBUG   |       L1 Gagal, mencoba L2 DDGS...
21:12:13 | INFO    |       => Sukses dari: https://20.detik.com/spot-wisata/20241030-241106014/menikmati-keindahan-goa-maobu-di-buton-tengah
21:12:15 | INFO    | [2077/2708] Mencari: Telaga Sendow
21:12:15 | DEBUG   | [L1 Wiki] Error: Expecting value: line 1 column 1 (char 0)
21:12:15 | DEBUG   |       L1 Gagal, mencoba L2 DDGS...
21:12:22 | INFO    |       => Sukses dari: https://www.kompasiana.com/michusa/560bb5c19397732a08950122/bidadari-dan-telaga-tumatenden
21:12:23 | INFO    | [2078/2708] Mencari: Air Terjun Desa Sauk
21:12:23 | DEBUG   | [L1 Wiki] Error: Expecting value: line 1 column 1 (char 0)
21:12:23 | DEBUG   |       L1 Gagal, mencoba L2 DDGS...
21:12:35 | INFO    |       => Sukses dari: https://aopok.com/43272/air-terjun-di-kabupaten-bolaang-mongondow
21:12:37 | INFO    | [2079/2708] Mencari: Uwe Molino
21:12:37 | DEBUG   | [L1 Wiki] Error: Expecting value: line 1 column 1 (char 0)
21:12:37 | DEBUG   |       L1 Gagal, mencoba L2 DDGS...
21:12:45 | INFO    |       => Sukses dari: https://www.idntimes.com/travel/destination/potret-air-terjun-uwe-molino-di-luwuk-c1c2-01-5ltmv-z8976t
21:12:47 | INFO    | [2080/2708] Mencari: Binotik
21:12:47 | DEBUG   | [L1 Wiki] Error: Expecting value: line 1 column 1 (char 0)
21:12:47 | DEBUG   |       L1 Gagal, mencoba L2 DDGS...
21:12:59 | INFO    |       => Gagal mencari deskripsi.
21:13:00 | INFO    | [2081/2708] Mencari: Labotan Bone
21:13:00 | DEBUG   | [L1 Wiki] Error: Expecting value: line 1 column 1 (char 0)
21:13:00 | DEBUG   |       L1 Gagal, mencoba L2 DDGS...
21:13:09 | INFO    |       => Sukses dari: https://carikodepos.id/desa/labotan
21:13:10 | INFO    | [2082/2708] Mencari: Pantai Majapahit
21:13:10 | DEBUG   | [L1 Wiki] Error: Expecting value: line 1 column 1 (char 0)
21:13:10 | DEBUG   |       L1 Gagal, mencoba L2 DDGS...
21:13:16 | INFO    |       => Gagal mencari deskripsi.
21:13:18 | INFO    | [2083/2708] Mencari: Wisata KAREDE (Permandian Air Hangat)
21:13:18 | DEBUG   | [L1 Wiki] Error: Expecting value: line 1 column 1 (char 0)
21:13:18 | DEBUG   |       L1 Gagal, mencoba L2 DDGS...
21:13:29 | DEBUG   | [L2 DDGS] Error: DecodeError: DecodeError('Body collection error: error decoding response body')
21:13:29 | INFO    |       => Gagal mencari deskripsi.
21:13:31 | INFO    | [2084/2708] Mencari: Bahari Nusantara Mosso Mario
21:13:31 | DEBUG   | [L1 Wiki] Error: Expecting value: line 1 column 1 (char 0)
21:13:31 | DEBUG   |       L1 Gagal, mencoba L2 DDGS...
21:13:39 | INFO    |       => Sukses dari: https://cdnc.heyzine.com/flip-book/pdf/e58f3866a4f8a821acedff96f0cddde8eeca5a59.pdf
21:13:40 | INFO    | [2085/2708] Mencari: Pantai Indah Pannara
21:13:40 | DEBUG   | [L1 Wiki] Error: Expecting value: line 1 column 1 (char 0)
21:13:40 | DEBUG   |       L1 Gagal, mencoba L2 DDGS...
21:13:47 | INFO    |       => Sukses dari: https://www.bluebirdgroup.com/blog/8-destinasi-wisata-malam-di-makassar-buat-nongkrong-bareng-teman-keluarga?lang=en
21:13:48 | INFO    | [2086/2708] Mencari: Tanjung Baloiya
21:13:48 | DEBUG   | [L1 Wiki] Error: Expecting value: line 1 column 1 (char 0)
21:13:48 | DEBUG   |       L1 Gagal, mencoba L2 DDGS...
21:13:56 | INFO    |       => Sukses dari: https://sulsel.idntimes.com/travel/destination/pantai-baloiya-destinasi-wisata-menarik-di-pulau-selayar-00-lm183-434qxh
21:13:57 | INFO    | [2087/2708] Mencari: Air Terjun Lagandang
21:13:57 | DEBUG   | [L1 Wiki] Error: Expecting value: line 1 column 1 (char 0)
21:13:57 | DEBUG   |       L1 Gagal, mencoba L2 DDGS...
21:14:02 | INFO    |       => Sukses dari: https://medialampung.disway.id/wisata/read/700006/warna-unik-air-terjun-lagandang-enrekang-menarik-perhatian-wisatawan
21:14:04 | INFO    | [2088/2708] Mencari: Pantai Wisata Kendahe
21:14:04 | DEBUG   | [L1 Wiki] Error: Expecting value: line 1 column 1 (char 0)
21:14:04 | DEBUG   |       L1 Gagal, mencoba L2 DDGS...
21:14:13 | INFO    |       => Sukses dari: https://travel.kompas.com/read/2021/05/04/163226127/14-wisata-bawah-laut-di-kepulauan-sangihe-ini-bikin-pangling-wisatawan?page=all
21:14:14 | INFO    | [2089/2708] Mencari: Pulau Terluar Indonesia
21:14:14 | DEBUG   | [L1 Wiki] Error: Expecting value: line 1 column 1 (char 0)
21:14:14 | DEBUG   |       L1 Gagal, mencoba L2 DDGS...
21:14:23 | INFO    |       => Sukses dari: https://www.tokopedia.com/blog/travel-tempat-wisata-talaud-terindah/
21:14:25 | INFO    | *** Auto-saving 1520 baris diproses...
21:14:25 | INFO    | [2090/2708] Mencari: Bukit Tinabitte
21:14:25 | DEBUG   | [L1 Wiki] Error: Expecting value: line 1 column 1 (char 0)
21:14:25 | DEBUG   |       L1 Gagal, mencoba L2 DDGS...
21:14:34 | INFO    |       => Gagal mencari deskripsi.
21:14:36 | INFO    | [2091/2708] Mencari: Tepi Laut Mamuju
21:14:36 | DEBUG   | [L1 Wiki] Error: Expecting value: line 1 column 1 (char 0)
21:14:36 | DEBUG   |       L1 Gagal, mencoba L2 DDGS...
21:14:43 | INFO    |       => Sukses dari: https://www.idntimes.com/travel/destination/pantai-mamuju-cocok-untuk-healing-c1c2-01-5ltmv-7l4qn8
21:14:45 | INFO    | [2092/2708] Mencari: Air Terjun MATARUTUNG
21:14:45 | DEBUG   | [L1 Wiki] Error: Expecting value: line 1 column 1 (char 0)
21:14:45 | DEBUG   |       L1 Gagal, mencoba L2 DDGS...
21:14:55 | INFO    |       => Sukses dari: https://commons.wikimedia.org/wiki/File:Air_Terjun_Matarutung_01.jpg
21:14:57 | INFO    | [2093/2708] Mencari: KOLAM RENANG TIRTABARAS
21:14:57 | DEBUG   | [L1 Wiki] Error: Expecting value: line 1 column 1 (char 0)
21:14:57 | DEBUG   |       L1 Gagal, mencoba L2 DDGS...
21:15:07 | DEBUG   | [L2 DDGS] Error: RequestError: RequestError('error sending request for url (https://search.yahoo.com/search;_ylt=fEh3vTR0hll0o12ruBjG6S1e;_ylu=Zx815zAC4ZAh0gV3W4kQfiR5h5Q824kAiPMrvC-5fpPuyjY?p=KOLAM+RENANG+TIRTABARAS+Kabupaten+Majene+wisata)', 'https://search.yahoo.com/search;_ylt=fEh3vTR0hll0o12ruBjG6S1e;_ylu=Zx815zAC4ZAh0gV3W4kQfiR5h5Q824kAiPMrvC-5fpPuyjY?p=KOLAM+RENANG+TIRTABARAS+Kabupaten+Majene+wisata')
21:15:07 | INFO    |       => Gagal mencari deskripsi.
21:15:08 | INFO    | [2094/2708] Mencari: pantai pasir putih rangas
21:15:08 | DEBUG   | [L1 Wiki] Error: Expecting value: line 1 column 1 (char 0)
21:15:08 | DEBUG   |       L1 Gagal, mencoba L2 DDGS...
21:15:23 | INFO    |       => Sukses dari: https://sekedartips.com/tempat-wisata-majene/
21:15:24 | INFO    | [2095/2708] Mencari: Destinasi digital Kampung Natal
21:15:24 | DEBUG   | [L1 Wiki] Error: Expecting value: line 1 column 1 (char 0)
21:15:24 | DEBUG   |       L1 Gagal, mencoba L2 DDGS...
21:15:32 | INFO    |       => Sukses dari: https://uhaidaho.digitaldesa.id/wisata/wisata-digital-kampung-natal
21:15:34 | INFO    | [2096/2708] Mencari: WISATA BUNGA BUKIT CINTA
21:15:34 | DEBUG   | [L1 Wiki] Error: Expecting value: line 1 column 1 (char 0)
21:15:34 | DEBUG   |       L1 Gagal, mencoba L2 DDGS...
21:15:38 | INFO    |       => Sukses dari: https://travel.kompas.com/read/2024/01/20/183200527/4-wisata-bukit-di-bogor-tempat-healing-dengan-panorama-indah
21:15:40 | INFO    | [2097/2708] Mencari: Monumen Tantangan Ewako
21:15:40 | DEBUG   | [L1 Wiki] Error: Expecting value: line 1 column 1 (char 0)
21:15:40 | DEBUG   |       L1 Gagal, mencoba L2 DDGS...
21:15:50 | DEBUG   | [L2 BS4] Gagal ekstraksi url https://jadesta.kemenparekraf.go.id/desa/tompo_bulu_1 -> HTTPSConnectionPool(host='jadesta.kemenparekraf.go.id', port=443): Max retries exceeded with url: /desa/tompo_bulu_1 (Caused by NameResolutionError("HTTPSConnection(host='jadesta.kemenparekraf.go.id', port=443): Failed to resolve 'jadesta.kemenparekraf.go.id' ([Errno 11002] getaddrinfo failed)"))
21:15:51 | INFO    |       => Gagal mencari deskripsi.
21:15:52 | INFO    | [2098/2708] Mencari: Wisata pantai Losa
21:15:52 | DEBUG   | [L1 Wiki] Error: Expecting value: line 1 column 1 (char 0)
21:15:52 | DEBUG   |       L1 Gagal, mencoba L2 DDGS...
21:16:01 | INFO    |       => Sukses dari: https://www.top-rated.online/cities/Labuang+Rano/place/p/16927281/Wisata+pantai+Losa
21:16:03 | INFO    | [2099/2708] Mencari: Wisata Pasir Putih Makkerre
21:16:03 | DEBUG   | [L1 Wiki] Error: Expecting value: line 1 column 1 (char 0)
21:16:03 | DEBUG   |       L1 Gagal, mencoba L2 DDGS...
21:16:14 | INFO    |       => Sukses dari: https://travel.detik.com/domestic-destination/d-4394985/satu-lagi-surga-di-sulawesi-pantai-pasir-putih-palippis
21:16:16 | INFO    | [2100/2708] Mencari: Wisata Bahari Politani
21:16:16 | DEBUG   | [L1 Wiki] Error: Expecting value: line 1 column 1 (char 0)
21:16:16 | DEBUG   |       L1 Gagal, mencoba L2 DDGS...
21:16:25 | INFO    |       => Sukses dari: https://id.wikipedia.org/wiki/Kabupaten_Pangkajene_dan_Kepulauan
21:16:27 | INFO    | [2101/2708] Mencari: Pantai Pondok Cinta
21:16:27 | DEBUG   | [L1 Wiki] Error: Expecting value: line 1 column 1 (char 0)
21:16:27 | DEBUG   |       L1 Gagal, mencoba L2 DDGS...
21:16:37 | INFO    |       => Sukses dari: https://pdberger.com/pemancingan-bolaang-mongondow-selatan
21:16:38 | INFO    | [2102/2708] Mencari: Goa Latea
21:16:38 | DEBUG   | [L1 Wiki] Error: Expecting value: line 1 column 1 (char 0)
21:16:38 | DEBUG   |       L1 Gagal, mencoba L2 DDGS...
21:16:47 | DEBUG   | [L2 DDGS] Error: ConnectError: ConnectError('error sending request for url (https://html.duckduckgo.com/html/)', 'https://html.duckduckgo.com/html/')
21:16:47 | INFO    |       => Gagal mencari deskripsi.
21:16:49 | INFO    | [2103/2708] Mencari: Agrowisata Mekar Jaya Farm
21:16:49 | DEBUG   | [L1 Wiki] Error: Expecting value: line 1 column 1 (char 0)
21:16:49 | DEBUG   |       L1 Gagal, mencoba L2 DDGS...
21:16:57 | INFO    |       => Sukses dari: https://idalamat.com/alamat/693133/agrowisata-mekar-jaya-farm-gorontalo-gorontalo
21:16:59 | INFO    | [2104/2708] Mencari: Gunu Lambelu
21:16:59 | DEBUG   | [L1 Wiki] Error: Expecting value: line 1 column 1 (char 0)
21:16:59 | DEBUG   |       L1 Gagal, mencoba L2 DDGS...
21:17:07 | INFO    |       => Sukses dari: https://kalsel.antaranews.com/berita/42556/teluk-lambelu-objek-wisata-potensial-buton
21:17:08 | INFO    | [2105/2708] Mencari: Buttu Dakka
21:17:08 | DEBUG   | [L1 Wiki] Error: Expecting value: line 1 column 1 (char 0)
21:17:08 | DEBUG   |       L1 Gagal, mencoba L2 DDGS...
21:17:18 | INFO    |       => Sukses dari: https://dishcuss.com/post/52A0783BE4F50C0EFB94EBF9E11FAD8BF0F37468/Logo-Polman-Jpg
21:17:20 | INFO    | [2106/2708] Mencari: Buntu Tabuan
21:17:20 | DEBUG   | [L1 Wiki] Error: Expecting value: line 1 column 1 (char 0)
21:17:20 | DEBUG   |       L1 Gagal, mencoba L2 DDGS...
21:17:28 | INFO    |       => Sukses dari: https://www.detik.com/sulsel/wisata/d-6908956/19-rekomendasi-tempat-wisata-di-luwu-utara-yang-menarik-dikunjungi
21:17:30 | INFO    | [2107/2708] Mencari: Pantai Melasti Rayon Tambu
21:17:30 | DEBUG   | [L1 Wiki] Error: Expecting value: line 1 column 1 (char 0)
21:17:30 | DEBUG   |       L1 Gagal, mencoba L2 DDGS...
21:17:47 | INFO    |       => Sukses dari: https://www.detik.com/bali/wisata/d-7226234/pantai-melasti-tiket-jam-buka-lokasi-dan-pesona-pantai-pasir-putih
21:17:49 | INFO    | [2108/2708] Mencari: Wisata Pemandian Air Panas Lombongo
21:17:49 | DEBUG   | [L1 Wiki] Error: Expecting value: line 1 column 1 (char 0)
21:17:49 | DEBUG   |       L1 Gagal, mencoba L2 DDGS...
21:17:54 | INFO    |       => Sukses dari: https://gorontalotravelwisata.wordpress.com/pemandian-air-panas-lombongo/
21:17:55 | INFO    | [2109/2708] Mencari: KOTAMOBAGU
21:17:55 | DEBUG   | [L1 Wiki] Error: Expecting value: line 1 column 1 (char 0)
21:17:55 | DEBUG   |       L1 Gagal, mencoba L2 DDGS...
21:18:00 | INFO    |       => Sukses dari: https://id.wikipedia.org/wiki/Kota_Kotamobagu
21:18:01 | INFO    | *** Auto-saving 1540 baris diproses...
21:18:01 | INFO    | [2110/2708] Mencari: Permandian Sulembe
21:18:01 | DEBUG   | [L1 Wiki] Error: Expecting value: line 1 column 1 (char 0)
21:18:01 | DEBUG   |       L1 Gagal, mencoba L2 DDGS...
21:18:15 | DEBUG   | [L2 DDGS] Error: ConnectError: ConnectError('error sending request for url (https://html.duckduckgo.com/html/)', 'https://html.duckduckgo.com/html/')
21:18:15 | INFO    |       => Gagal mencari deskripsi.
21:18:17 | INFO    | [2111/2708] Mencari: Wisata Pantai Konawe Timur Tanjung Lalimbue
21:18:17 | DEBUG   | [L1 Wiki] Error: Expecting value: line 1 column 1 (char 0)
21:18:17 | DEBUG   |       L1 Gagal, mencoba L2 DDGS...
21:18:23 | INFO    |       => Sukses dari: https://suarasultra.com/2025/10/mahasiswa-unilaki-hijaukan-pantai-tanjung-lalimbue-dukung-wisata-konawe-bersahaja/
21:18:24 | INFO    | [2112/2708] Mencari: Air Terjun Bantimurungnge
21:18:24 | DEBUG   | [L1 Wiki] Error: Expecting value: line 1 column 1 (char 0)
21:18:24 | DEBUG   |       L1 Gagal, mencoba L2 DDGS...
21:18:46 | INFO    |       => Gagal mencari deskripsi.
21:18:48 | INFO    | [2113/2708] Mencari: Pantai atapange
21:18:48 | DEBUG   | [L1 Wiki] Error: Expecting value: line 1 column 1 (char 0)
21:18:48 | DEBUG   |       L1 Gagal, mencoba L2 DDGS...
21:19:09 | INFO    |       => Gagal mencari deskripsi.
21:19:10 | INFO    | [2114/2708] Mencari: Bukit Nanas Bette
21:19:10 | DEBUG   | [L1 Wiki] Error: Expecting value: line 1 column 1 (char 0)
21:19:10 | DEBUG   |       L1 Gagal, mencoba L2 DDGS...
21:19:25 | INFO    |       => Sukses dari: https://minasanews.com/nenas-unggulan-dusun-bette-dukung-swasembada-pangan-3-juta-ton/
21:19:26 | INFO    | [2115/2708] Mencari: Tugu tongku Tambee desa Landangi
21:19:26 | DEBUG   | [L1 Wiki] Error: Expecting value: line 1 column 1 (char 0)
21:19:26 | DEBUG   |       L1 Gagal, mencoba L2 DDGS...
21:19:38 | INFO    |       => Sukses dari: https://www.penalutim.com/2020/07/23/csr-ptvi-gandeng-yayasan-aliksa-organik-kembangkan-wisata-agro-desa-adat-suku-tambee-luwu-timur/
21:19:39 | INFO    | [2116/2708] Mencari: Humusu Beach
21:19:39 | DEBUG   | [L1 Wiki] Error: Expecting value: line 1 column 1 (char 0)
21:19:39 | DEBUG   |       L1 Gagal, mencoba L2 DDGS...
21:19:48 | INFO    |       => Sukses dari: https://www.indonesia.travel/id/id/
21:19:50 | INFO    | [2117/2708] Mencari: BATU SENGGELOHE
21:19:50 | DEBUG   | [L1 Wiki] Error: Expecting value: line 1 column 1 (char 0)
21:19:50 | DEBUG   |       L1 Gagal, mencoba L2 DDGS...
21:19:55 | INFO    |       => Sukses dari: https://id.wikipedia.org/wiki/Lebo,_Manganitu,_Kepulauan_Sangihe
21:19:57 | INFO    | [2118/2708] Mencari: Desa Wisata Towale 2019
21:19:57 | DEBUG   | [L1 Wiki] Error: Expecting value: line 1 column 1 (char 0)
21:19:57 | DEBUG   |       L1 Gagal, mencoba L2 DDGS...
21:20:02 | INFO    |       => Sukses dari: https://desatowale.com/artikel/kategori/desa-wisata
21:20:04 | INFO    | [2119/2708] Mencari: Pasir putih/ Sivalenta bose
21:20:04 | DEBUG   | [L1 Wiki] Error: Expecting value: line 1 column 1 (char 0)
21:20:04 | DEBUG   |       L1 Gagal, mencoba L2 DDGS...
21:20:11 | INFO    |       => Sukses dari: https://www.pantainesia.com/pantai-sivalenta
21:20:12 | INFO    | [2120/2708] Mencari: Pantai Matano
21:20:12 | DEBUG   | [L1 Wiki] Error: Expecting value: line 1 column 1 (char 0)
21:20:12 | DEBUG   |       L1 Gagal, mencoba L2 DDGS...
21:20:18 | INFO    |       => Sukses dari: https://id.wikipedia.org/wiki/Danau_Matano
21:20:20 | INFO    | [2121/2708] Mencari: Air Terjun Lalengan
21:20:20 | DEBUG   | [L1 Wiki] Error: Expecting value: line 1 column 1 (char 0)
21:20:20 | DEBUG   |       L1 Gagal, mencoba L2 DDGS...
21:20:31 | INFO    |       => Sukses dari: https://klikbanggai.id/tempat-wisata-alam-air-terjun-lalengan-banggai/
21:20:32 | INFO    | [2122/2708] Mencari: Tebingkai
21:20:32 | DEBUG   | [L1 Wiki] Error: Expecting value: line 1 column 1 (char 0)
21:20:32 | DEBUG   |       L1 Gagal, mencoba L2 DDGS...
21:20:43 | INFO    |       => Gagal mencari deskripsi.
21:20:44 | INFO    | [2123/2708] Mencari: Pantai Desa Bahari
21:20:44 | DEBUG   | [L1 Wiki] Error: Expecting value: line 1 column 1 (char 0)
21:20:44 | DEBUG   |       L1 Gagal, mencoba L2 DDGS...
21:20:52 | INFO    |       => Sukses dari: https://www.geokepo.id/id/lokasi/buton-selatan/pantai-bahari
21:20:53 | INFO    | [2124/2708] Mencari: Permandian Lowi Malo
21:20:53 | DEBUG   | [L1 Wiki] Error: Expecting value: line 1 column 1 (char 0)
21:20:53 | DEBUG   |       L1 Gagal, mencoba L2 DDGS...
21:21:03 | INFO    |       => Sukses dari: https://www.fokustenggara.com/kadis-pupr-bombana-survei-lokasi-permandian-air-terjun-sangkona-potensi-wisata-dalam-ibu-kota-bombana/
21:21:05 | INFO    | [2125/2708] Mencari: PANTAI LA DADO
21:21:05 | DEBUG   | [L1 Wiki] Error: Expecting value: line 1 column 1 (char 0)
21:21:05 | DEBUG   |       L1 Gagal, mencoba L2 DDGS...
21:21:22 | INFO    |       => Gagal mencari deskripsi.
21:21:23 | INFO    | [2126/2708] Mencari: Pantai Palahidu
21:21:23 | DEBUG   | [L1 Wiki] Error: Expecting value: line 1 column 1 (char 0)
21:21:23 | DEBUG   |       L1 Gagal, mencoba L2 DDGS...
21:21:29 | INFO    |       => Sukses dari: https://jelajah.kompas.id/terumbu-karang/baca/wakatobi-surga-wisata-laut-dan-budaya/
21:21:30 | INFO    | [2127/2708] Mencari: Bukit tinggi TARANGGADING
21:21:30 | DEBUG   | [L1 Wiki] Error: Expecting value: line 1 column 1 (char 0)
21:21:30 | DEBUG   |       L1 Gagal, mencoba L2 DDGS...
21:21:37 | INFO    |       => Sukses dari: https://hargatiketjadwal.com/tempat-wisata-di-bukittinggi/
21:21:39 | INFO    | [2128/2708] Mencari: Karampuang Island
21:21:39 | DEBUG   | [L1 Wiki] Error: Expecting value: line 1 column 1 (char 0)
21:21:39 | DEBUG   |       L1 Gagal, mencoba L2 DDGS...
21:21:44 | INFO    |       => Sukses dari: https://id.wikipedia.org/wiki/Leang_Karampuang
21:21:46 | INFO    | [2129/2708] Mencari: Bukit Layang
21:21:46 | DEBUG   | [L1 Wiki] Error: Expecting value: line 1 column 1 (char 0)
21:21:46 | DEBUG   |       L1 Gagal, mencoba L2 DDGS...
21:21:51 | INFO    |       => Sukses dari: https://id.wikipedia.org/wiki/Bukit_Layang_Gorontalo
21:21:52 | INFO    | *** Auto-saving 1560 baris diproses...
21:21:52 | INFO    | [2130/2708] Mencari: Air Terjun Milango Lo Jini
21:21:52 | DEBUG   | [L1 Wiki] Error: Expecting value: line 1 column 1 (char 0)
21:21:52 | DEBUG   |       L1 Gagal, mencoba L2 DDGS...
21:22:02 | INFO    |       => Gagal mencari deskripsi.
21:22:03 | INFO    | [2131/2708] Mencari: Wisata Kapal Pinisi Makassar
21:22:03 | DEBUG   | [L1 Wiki] Error: Expecting value: line 1 column 1 (char 0)
21:22:03 | DEBUG   |       L1 Gagal, mencoba L2 DDGS...
21:22:09 | INFO    |       => Sukses dari: https://kapalpinisimakassar.com/
21:22:10 | INFO    | [2132/2708] Mencari: Istana KARST
21:22:10 | DEBUG   | [L1 Wiki] Error: Expecting value: line 1 column 1 (char 0)
21:22:10 | DEBUG   |       L1 Gagal, mencoba L2 DDGS...
21:22:18 | DEBUG   | [L2 BS4] Gagal ekstraksi url https://jadesta.kemenparekraf.go.id/desa/istana_karst_botolempangan -> HTTPSConnectionPool(host='jadesta.kemenparekraf.go.id', port=443): Max retries exceeded with url: /desa/istana_karst_botolempangan (Caused by NameResolutionError("HTTPSConnection(host='jadesta.kemenparekraf.go.id', port=443): Failed to resolve 'jadesta.kemenparekraf.go.id' ([Errno 11002] getaddrinfo failed)"))
21:22:20 | INFO    |       => Sukses dari: https://travel.tribunnews.com/2021/11/23/travel-update-jelajah-wisata-karst-tempat-wisata-di-maros-untuk-liburan-akhir-pekan
21:22:21 | INFO    | [2133/2708] Mencari: Air Terjun Sali Sali
21:22:21 | DEBUG   | [L1 Wiki] Error: Expecting value: line 1 column 1 (char 0)
21:22:21 | DEBUG   |       L1 Gagal, mencoba L2 DDGS...
21:22:25 | INFO    |       => Sukses dari: https://id.wikipedia.org/wiki/Kabupaten_Pinrang
21:22:27 | INFO    | [2134/2708] Mencari: Wisata Alam Panyili
21:22:27 | DEBUG   | [L1 Wiki] Error: Expecting value: line 1 column 1 (char 0)
21:22:27 | DEBUG   |       L1 Gagal, mencoba L2 DDGS...
21:22:32 | INFO    |       => Sukses dari: https://gor.wikipedia.org/wiki/Panyili,_Dua_Boccoe,_Bone
21:22:33 | INFO    | [2135/2708] Mencari: Walimpong, Desa Barae
21:22:33 | DEBUG   | [L1 Wiki] Error: Expecting value: line 1 column 1 (char 0)
21:22:33 | DEBUG   |       L1 Gagal, mencoba L2 DDGS...
21:22:41 | INFO    |       => Sukses dari: https://id.wikipedia.org/wiki/Barae,_Marioriwawo,_Soppeng
21:22:42 | INFO    | [2136/2708] Mencari: Wisata Goa Batu Maupa
21:22:42 | DEBUG   | [L1 Wiki] Error: Expecting value: line 1 column 1 (char 0)
21:22:42 | DEBUG   |       L1 Gagal, mencoba L2 DDGS...
21:22:51 | INFO    |       => Sukses dari: https://saludewata.digitaldesa.id/potensi/wisata-goa-batu-maupa
21:22:53 | INFO    | [2137/2708] Mencari: Air terjun Kulung-Kulung
21:22:53 | DEBUG   | [L1 Wiki] Error: Expecting value: line 1 column 1 (char 0)
21:22:53 | DEBUG   |       L1 Gagal, mencoba L2 DDGS...
21:22:57 | INFO    |       => Sukses dari: https://www.geokepo.id/id/lokasi/minahasa-selatan/air-terjun-kulung-kulung
21:22:59 | INFO    | [2138/2708] Mencari: Air Terjun Tolei
21:22:59 | DEBUG   | [L1 Wiki] Error: Expecting value: line 1 column 1 (char 0)
21:22:59 | DEBUG   |       L1 Gagal, mencoba L2 DDGS...
21:23:15 | DEBUG   | [L2 BS4] Gagal ekstraksi url https://travelingyuk.com/air-terjun-kabupaten-merangin/176918/ -> HTTPSConnectionPool(host='travelingyuk.com', port=443): Read timed out. (read timeout=8)
21:23:22 | INFO    |       => Gagal mencari deskripsi.
21:23:24 | INFO    | [2139/2708] Mencari: Wisata Gunung Kulon KotaNagaya
21:23:24 | DEBUG   | [L1 Wiki] Error: Expecting value: line 1 column 1 (char 0)
21:23:24 | DEBUG   |       L1 Gagal, mencoba L2 DDGS...
21:23:30 | INFO    |       => Sukses dari: https://kotanagaya.digitaldesa.id/wisata
21:23:32 | INFO    | [2140/2708] Mencari: Telaga Liku mebubu
21:23:32 | DEBUG   | [L1 Wiki] Error: Expecting value: line 1 column 1 (char 0)
21:23:32 | DEBUG   |       L1 Gagal, mencoba L2 DDGS...
21:23:44 | INFO    |       => Sukses dari: https://www.tokopedia.com/blog/travel-tempat-wisata-kolaka-terbaik/
21:23:46 | INFO    | [2141/2708] Mencari: Wuna Waterfront City (WWC)
21:23:46 | DEBUG   | [L1 Wiki] Error: Expecting value: line 1 column 1 (char 0)
21:23:46 | DEBUG   |       L1 Gagal, mencoba L2 DDGS...
21:23:54 | INFO    |       => Sukses dari: https://turisian.com/2022/05/31/museum-bharugano-wuna-wisata-edukasi-menarik-di-pulau-muna-sulawesi-tenggara/
21:23:56 | INFO    | [2142/2708] Mencari: Kebun bapa ijo
21:23:56 | DEBUG   | [L1 Wiki] Error: Expecting value: line 1 column 1 (char 0)
21:23:56 | DEBUG   |       L1 Gagal, mencoba L2 DDGS...
21:24:11 | INFO    |       => Gagal mencari deskripsi.
21:24:12 | INFO    | [2143/2708] Mencari: Air Terjun Barrasa
21:24:12 | DEBUG   | [L1 Wiki] Error: Expecting value: line 1 column 1 (char 0)
21:24:12 | DEBUG   |       L1 Gagal, mencoba L2 DDGS...
21:24:27 | INFO    |       => Gagal mencari deskripsi.
21:24:28 | INFO    | [2144/2708] Mencari: MAROLAND
21:24:28 | DEBUG   | [L1 Wiki] Error: Expecting value: line 1 column 1 (char 0)
21:24:28 | DEBUG   |       L1 Gagal, mencoba L2 DDGS...
21:24:40 | INFO    |       => Gagal mencari deskripsi.
21:24:42 | INFO    | [2145/2708] Mencari: Patung Arung Palakka di situs Kelahiran
21:24:42 | DEBUG   | [L1 Wiki] Error: Expecting value: line 1 column 1 (char 0)
21:24:42 | DEBUG   |       L1 Gagal, mencoba L2 DDGS...
21:24:47 | INFO    |       => Sukses dari: https://www.celebesindo.com/2022/10/ini-pesan-bupati-pada-pesta-adat.html
21:24:49 | INFO    | [2146/2708] Mencari: Air Terjun Gamaccayya
21:24:49 | DEBUG   | [L1 Wiki] Error: Expecting value: line 1 column 1 (char 0)
21:24:49 | DEBUG   |       L1 Gagal, mencoba L2 DDGS...
21:24:54 | INFO    |       => Sukses dari: https://jadesta.kemenpar.go.id/atraksi/air_terjun_gamaccayya
21:24:55 | INFO    | [2147/2708] Mencari: Air terjun Tuangloe
21:24:55 | DEBUG   | [L1 Wiki] Error: Expecting value: line 1 column 1 (char 0)
21:24:56 | DEBUG   |       L1 Gagal, mencoba L2 DDGS...
21:25:03 | DEBUG   | [L2 BS4] Gagal ekstraksi url https://jadesta.kemenparekraf.go.id/desa/air_terjun_tuangloe -> HTTPSConnectionPool(host='jadesta.kemenparekraf.go.id', port=443): Max retries exceeded with url: /desa/air_terjun_tuangloe (Caused by NameResolutionError("HTTPSConnection(host='jadesta.kemenparekraf.go.id', port=443): Failed to resolve 'jadesta.kemenparekraf.go.id' ([Errno 11002] getaddrinfo failed)"))
21:25:08 | INFO    |       => Sukses dari: https://sulsel.jadesta.com/atraksi/air_terjun_tuang_loe
21:25:09 | INFO    | [2148/2708] Mencari: Eduwisata Bahari BPPP Bitung
21:25:09 | DEBUG   | [L1 Wiki] Error: Expecting value: line 1 column 1 (char 0)
21:25:09 | DEBUG   |       L1 Gagal, mencoba L2 DDGS...
21:25:24 | DEBUG   | [L2 BS4] Gagal ekstraksi url https://technologyindonesia.id/pertanian-dan-pangan/perikanan/sensansi-wisata-sambil-belajar-di-smart-fisheries-village-eduwisata-bitung/ -> HTTPSConnectionPool(host='technologyindonesia.id', port=443): Read timed out. (read timeout=8)
21:25:26 | INFO    |       => Sukses dari: https://indonesiamaritimenews.com/desa-perikanan-smart-fisheries-village-bitung-sensasi-wisata-bahari-sambil-belajar
21:25:28 | INFO    | [2149/2708] Mencari: Air Terjun Tonsealama
21:25:28 | DEBUG   | [L1 Wiki] Error: Expecting value: line 1 column 1 (char 0)
21:25:28 | DEBUG   |       L1 Gagal, mencoba L2 DDGS...
21:25:35 | INFO    |       => Sukses dari: https://id.wikipedia.org/wiki/Tonsea_Lama,_Tondano_Utara,_Minahasa
21:25:37 | INFO    | *** Auto-saving 1580 baris diproses...
21:25:37 | INFO    | [2150/2708] Mencari: Air terjun Soguo
21:25:37 | DEBUG   | [L1 Wiki] Error: Expecting value: line 1 column 1 (char 0)
21:25:37 | DEBUG   |       L1 Gagal, mencoba L2 DDGS...
21:25:43 | INFO    |       => Sukses dari: https://manado.tribunnews.com/bolsel/1846747/air-terjun-soguo-bolsel-surga-tersembunyi-yang-belum-banyak-dijamah-wisatawan
21:25:45 | INFO    | [2151/2708] Mencari: Kolongko Beach
21:25:45 | DEBUG   | [L1 Wiki] Error: Expecting value: line 1 column 1 (char 0)
21:25:45 | DEBUG   |       L1 Gagal, mencoba L2 DDGS...
21:25:55 | INFO    |       => Gagal mencari deskripsi.
21:25:56 | INFO    | [2152/2708] Mencari: Danau Alani
21:25:57 | DEBUG   | [L1 Wiki] Error: Expecting value: line 1 column 1 (char 0)
21:25:57 | DEBUG   |       L1 Gagal, mencoba L2 DDGS...
21:26:05 | DEBUG   | [L2 BS4] Gagal ekstraksi url https://pariwisata.banggaikep.go.id/wisata-pantai/ -> HTTPSConnectionPool(host='pariwisata.banggaikep.go.id', port=443): Max retries exceeded with url: /wisata-pantai/ (Caused by SSLError(SSLCertVerificationError(1, "[SSL: CERTIFICATE_VERIFY_FAILED] certificate verify failed: Hostname mismatch, certificate is not valid for 'pariwisata.banggaikep.go.id'. (_ssl.c:1081)")))
21:26:08 | INFO    |       => Sukses dari: https://www.banggaikepulauan.com/wisata-dan-budaya/danau-bundala-alani
21:26:09 | INFO    | [2153/2708] Mencari: Monumen Teluk Lalong
21:26:09 | DEBUG   | [L1 Wiki] Error: Expecting value: line 1 column 1 (char 0)
21:26:09 | DEBUG   |       L1 Gagal, mencoba L2 DDGS...
21:26:14 | INFO    |       => Sukses dari: https://id.wikipedia.org/wiki/Teluk_Lalong
21:26:16 | INFO    | [2154/2708] Mencari: Danau Lemelu
21:26:16 | DEBUG   | [L1 Wiki] Error: Expecting value: line 1 column 1 (char 0)
21:26:16 | DEBUG   |       L1 Gagal, mencoba L2 DDGS...
21:26:21 | INFO    |       => Sukses dari: https://kataomed.com/danau/pesona-danau-lemelu-pulau-peling-danau-unik-di-sulawesi-tengah
21:26:23 | INFO    | [2155/2708] Mencari: Balai Kesenian Desa Campurjo
21:26:23 | DEBUG   | [L1 Wiki] Error: Expecting value: line 1 column 1 (char 0)
21:26:23 | DEBUG   |       L1 Gagal, mencoba L2 DDGS...
21:26:27 | INFO    |       => Sukses dari: https://dinaspop.polmankab.go.id/Front/kegiatandetail/1707980299521-launching-balai-kesenian-desa-campurjo-kecamatan-wonomulyo
21:26:28 | INFO    | [2156/2708] Mencari: Kolam Pancing Firtia Desa Lomaya
21:26:28 | DEBUG   | [L1 Wiki] Error: Expecting value: line 1 column 1 (char 0)
21:26:28 | DEBUG   |       L1 Gagal, mencoba L2 DDGS...
21:26:33 | INFO    |       => Sukses dari: https://id.wikipedia.org/wiki/Kabupaten_Bone_Bolango
21:26:34 | INFO    | [2157/2708] Mencari: Danau Paku'E
21:26:34 | DEBUG   | [L1 Wiki] Error: Expecting value: line 1 column 1 (char 0)
21:26:34 | DEBUG   |       L1 Gagal, mencoba L2 DDGS...
21:26:43 | INFO    |       => Sukses dari: https://atourin.com/marketplace/attraction/danau-pakue
21:26:44 | INFO    | [2158/2708] Mencari: Liang Tarrusu
21:26:44 | DEBUG   | [L1 Wiki] Error: Expecting value: line 1 column 1 (char 0)
21:26:44 | DEBUG   |       L1 Gagal, mencoba L2 DDGS...
21:26:48 | INFO    |       => Sukses dari: https://id.wikipedia.org/wiki/Pantai_Liang_Tarrusu
21:26:50 | INFO    | [2159/2708] Mencari: Air Terjun Bulu Langi
21:26:50 | DEBUG   | [L1 Wiki] Error: Expecting value: line 1 column 1 (char 0)
21:26:50 | DEBUG   |       L1 Gagal, mencoba L2 DDGS...
21:26:58 | INFO    |       => Sukses dari: https://www.pustakawanbarru.com/2025/07/tempat-wisata-di-enrekang.html
21:26:59 | INFO    | [2160/2708] Mencari: Pantai COCONUT BEACH, lolak,Bolaang Mongondow Induk, Sulawesi Utara
21:26:59 | DEBUG   | [L1 Wiki] Error: Expecting value: line 1 column 1 (char 0)
21:26:59 | DEBUG   |       L1 Gagal, mencoba L2 DDGS...
21:27:06 | DEBUG   | [L2 DDGS] Error: ConnectError: ConnectError('error sending request for url (https://html.duckduckgo.com/html/)', 'https://html.duckduckgo.com/html/')
21:27:06 | INFO    |       => Gagal mencari deskripsi.
21:27:08 | INFO    | [2161/2708] Mencari: Wonderfull Bolsel
21:27:08 | DEBUG   | [L1 Wiki] Error: Expecting value: line 1 column 1 (char 0)
21:27:08 | DEBUG   |       L1 Gagal, mencoba L2 DDGS...
21:27:15 | INFO    |       => Sukses dari: https://travel.tribunnews.com/2025/05/29/pesona-pantai-sondana-wisata-dengan-pasir-putih-air-laut-jernih-di-bolsel-sulut
21:27:17 | INFO    | [2162/2708] Mencari: SABODAM BANGGA 1
21:27:17 | DEBUG   | [L1 Wiki] Error: Expecting value: line 1 column 1 (char 0)
21:27:17 | DEBUG   |       L1 Gagal, mencoba L2 DDGS...
21:27:21 | INFO    |       => Sukses dari: https://bangga.digitaldesa.id/wisata
21:27:23 | INFO    | [2163/2708] Mencari: Desa Bungintende
21:27:23 | DEBUG   | [L1 Wiki] Error: Expecting value: line 1 column 1 (char 0)
21:27:23 | DEBUG   |       L1 Gagal, mencoba L2 DDGS...
21:27:33 | DEBUG   | [L2 DDGS] Error: ConnectError: ConnectError('error sending request for url (https://html.duckduckgo.com/html/)', 'https://html.duckduckgo.com/html/')
21:27:33 | INFO    |       => Gagal mencari deskripsi.
21:27:35 | INFO    | [2164/2708] Mencari: Pantai FONUASINGKO
21:27:35 | DEBUG   | [L1 Wiki] Error: Expecting value: line 1 column 1 (char 0)
21:27:35 | DEBUG   |       L1 Gagal, mencoba L2 DDGS...
21:27:41 | INFO    |       => Sukses dari: https://morowalikab.go.id/home/read/bupati-morowali-resmikan-taman-kota-fonuasingko-sebagai-ruang-terbuka-hijau
21:27:43 | INFO    | [2165/2708] Mencari: Air terjun 801
21:27:43 | DEBUG   | [L1 Wiki] Error: Expecting value: line 1 column 1 (char 0)
21:27:43 | DEBUG   |       L1 Gagal, mencoba L2 DDGS...
21:27:54 | DEBUG   | [L2 DDGS] Error: ConnectError: ConnectError('error sending request for url (https://html.duckduckgo.com/html/)', 'https://html.duckduckgo.com/html/')
21:27:54 | INFO    |       => Gagal mencari deskripsi.
21:27:55 | INFO    | [2166/2708] Mencari: Makakata Beach
21:27:55 | DEBUG   | [L1 Wiki] Error: Expecting value: line 1 column 1 (char 0)
21:27:55 | DEBUG   |       L1 Gagal, mencoba L2 DDGS...
21:28:03 | INFO    |       => Sukses dari: https://www.obormotindok.co.id/pantai-makakata-terancam-aktivitas-pengerukan-pasir-ilegal-dilakukan-malam-hari/
21:28:04 | INFO    | [2167/2708] Mencari: Makam Imam Syaban dan Lipuadino Lolantang
21:28:04 | DEBUG   | [L1 Wiki] Error: Expecting value: line 1 column 1 (char 0)
21:28:04 | DEBUG   |       L1 Gagal, mencoba L2 DDGS...
21:28:10 | INFO    |       => Sukses dari: https://brida.sultengprov.go.id/2024/07/18/tinjau-progres-riset-riset-islam-kosmopolitan-imam-syaban-brida-sulteng-gelar-pertemuan-bersama-tacb/
21:28:12 | INFO    | [2168/2708] Mencari: Pantai silopo
21:28:12 | DEBUG   | [L1 Wiki] Error: Expecting value: line 1 column 1 (char 0)
21:28:12 | DEBUG   |       L1 Gagal, mencoba L2 DDGS...
21:28:23 | INFO    |       => Sukses dari: https://polmankab.go.id/Front/kegiatandetail/1704163598099-km-cattleya-express-membuka-pelayaran-internasional-perdana-dari-tanjung-silopo-ke-lahad-datu-sabah-malaysia
21:28:24 | INFO    | [2169/2708] Mencari: Bendungan desa tabumela
21:28:24 | DEBUG   | [L1 Wiki] Error: Expecting value: line 1 column 1 (char 0)
21:28:24 | DEBUG   |       L1 Gagal, mencoba L2 DDGS...
21:28:29 | INFO    |       => Sukses dari: https://id.wikipedia.org/wiki/Tabumela,_Tilango,_Gorontalo
21:28:30 | INFO    | *** Auto-saving 1600 baris diproses...
21:28:30 | INFO    | [2170/2708] Mencari: Leang Cina
21:28:30 | DEBUG   | [L1 Wiki] Error: Expecting value: line 1 column 1 (char 0)
21:28:30 | DEBUG   |       L1 Gagal, mencoba L2 DDGS...
21:28:37 | INFO    |       => Sukses dari: https://www.cedhak.com/sulawesi/992/wisata-leang-lonrong/
21:28:38 | INFO    | [2171/2708] Mencari: Wisata Manyu-Manyu Campaga
21:28:38 | DEBUG   | [L1 Wiki] Error: Expecting value: line 1 column 1 (char 0)
21:28:38 | DEBUG   |       L1 Gagal, mencoba L2 DDGS...
21:28:43 | INFO    |       => Sukses dari: https://id.wikipedia.org/wiki/Campaga,_Tompobulu,_Bantaeng
21:28:44 | INFO    | [2172/2708] Mencari: hutan mangrove arungkeke
21:28:44 | DEBUG   | [L1 Wiki] Error: Expecting value: line 1 column 1 (char 0)
21:28:44 | DEBUG   |       L1 Gagal, mencoba L2 DDGS...
21:28:58 | DEBUG   | [L2 DDGS] Error: ConnectError: ConnectError('error sending request for url (https://html.duckduckgo.com/html/)', 'https://html.duckduckgo.com/html/')
21:28:58 | INFO    |       => Gagal mencari deskripsi.
21:29:00 | INFO    | [2173/2708] Mencari: Wisata Alam To'pinus Burasia
21:29:00 | DEBUG   | [L1 Wiki] Error: Expecting value: line 1 column 1 (char 0)
21:29:00 | DEBUG   |       L1 Gagal, mencoba L2 DDGS...
21:29:06 | INFO    |       => Sukses dari: https://evendo.com/locations/indonesia/tana-toraja/attraction/wisata-alam-to-pinus-burasia
21:29:07 | INFO    | [2174/2708] Mencari: Tongkonan Layuk Ma'dika Bori'
21:29:07 | DEBUG   | [L1 Wiki] Error: Expecting value: line 1 column 1 (char 0)
21:29:07 | DEBUG   |       L1 Gagal, mencoba L2 DDGS...
21:29:16 | INFO    |       => Sukses dari: https://www.detik.com/sulsel/wisata/d-6322241/7-tempat-wisata-di-toraja-utara-ini-wajib-banget-dikunjungi
21:29:17 | INFO    | [2175/2708] Mencari: Pantai Benteng
21:29:17 | DEBUG   | [L1 Wiki] Error: Expecting value: line 1 column 1 (char 0)
21:29:17 | DEBUG   |       L1 Gagal, mencoba L2 DDGS...
21:29:25 | INFO    |       => Sukses dari: https://www.orami.co.id/magazine/wisata-palopo
21:29:27 | INFO    | [2176/2708] Mencari: Air terjun Liberia timur
21:29:27 | DEBUG   | [L1 Wiki] Error: Expecting value: line 1 column 1 (char 0)
21:29:27 | DEBUG   |       L1 Gagal, mencoba L2 DDGS...
21:29:32 | INFO    |       => Sukses dari: https://id.wikipedia.org/wiki/Liberia_Timur,_Modayag,_Bolaang_Mongondow_Timur
21:29:33 | INFO    | [2177/2708] Mencari: Wisata mangrove bete-bete
21:29:33 | DEBUG   | [L1 Wiki] Error: Expecting value: line 1 column 1 (char 0)
21:29:33 | DEBUG   |       L1 Gagal, mencoba L2 DDGS...
21:29:42 | INFO    |       => Sukses dari: https://www.detik.com/tag/wisata-morowali
21:29:44 | INFO    | [2178/2708] Mencari: Bukit CNGR
21:29:44 | DEBUG   | [L1 Wiki] Error: Expecting value: line 1 column 1 (char 0)
21:29:44 | DEBUG   |       L1 Gagal, mencoba L2 DDGS...
21:29:58 | INFO    |       => Gagal mencari deskripsi.
21:29:59 | INFO    | [2179/2708] Mencari: Batu Tiga, Tanjung Leok
21:29:59 | DEBUG   | [L1 Wiki] Error: Expecting value: line 1 column 1 (char 0)
21:29:59 | DEBUG   |       L1 Gagal, mencoba L2 DDGS...
21:30:09 | INFO    |       => Sukses dari: https://suarautara.com/butuh-perencanaan-matang-buol-menuju-destinasi-wisata-nasional-2025/
21:30:10 | INFO    | [2180/2708] Mencari: Wisata Sawah Bapak Tompo
21:30:10 | DEBUG   | [L1 Wiki] Error: Expecting value: line 1 column 1 (char 0)
21:30:10 | DEBUG   |       L1 Gagal, mencoba L2 DDGS...
21:30:19 | INFO    |       => Sukses dari: https://www.bluebirdgroup.com/blog/itinerary-wisata-makassar-3-hari-2-malam-liburan-seru-bareng-keluarga?lang=id
21:30:20 | INFO    | [2181/2708] Mencari: Pantai Mootame Dalapuli
21:30:20 | DEBUG   | [L1 Wiki] Error: Expecting value: line 1 column 1 (char 0)
21:30:20 | DEBUG   |       L1 Gagal, mencoba L2 DDGS...
21:30:41 | INFO    |       => Gagal mencari deskripsi.
21:30:42 | INFO    | [2182/2708] Mencari: Pantai Popa
21:30:42 | DEBUG   | [L1 Wiki] Error: Expecting value: line 1 column 1 (char 0)
21:30:42 | DEBUG   |       L1 Gagal, mencoba L2 DDGS...
21:30:51 | INFO    |       => Sukses dari: https://www.seperdetik.com/polri-lestarikan-negeri-tanam-1000-bibit-mangrove-di-pantai-popa/
21:30:53 | INFO    | [2183/2708] Mencari: Air Terjun Sarambu
21:30:53 | DEBUG   | [L1 Wiki] Error: Expecting value: line 1 column 1 (char 0)
21:30:53 | DEBUG   |       L1 Gagal, mencoba L2 DDGS...
21:30:57 | INFO    |       => Sukses dari: https://sisparnas.kemenpar.go.id/p/43880
21:30:59 | INFO    | [2184/2708] Mencari: Bukit Bersantai
21:30:59 | DEBUG   | [L1 Wiki] Error: Expecting value: line 1 column 1 (char 0)
21:30:59 | DEBUG   |       L1 Gagal, mencoba L2 DDGS...
21:31:10 | INFO    |       => Sukses dari: https://www.celebes.co/tempat-wisata-bombana
21:31:11 | INFO    | [2185/2708] Mencari: Bulano Perintis
21:31:11 | DEBUG   | [L1 Wiki] Error: Expecting value: line 1 column 1 (char 0)
21:31:11 | DEBUG   |       L1 Gagal, mencoba L2 DDGS...
21:31:16 | INFO    |       => Sukses dari: https://www.msn.com/id-id/travel/taman/danau-perintis-bone-bolango-wisata-alam-gorontalo-yang-jadi-pusat-ekonomi-baru-masyarakat-lokal/ar-AA1ONz1O
21:31:17 | INFO    | [2186/2708] Mencari: Air Terjun Kembar Kara'ngasa
21:31:17 | DEBUG   | [L1 Wiki] Error: Expecting value: line 1 column 1 (char 0)
21:31:17 | DEBUG   |       L1 Gagal, mencoba L2 DDGS...
21:31:21 | INFO    |       => Sukses dari: https://jadesta.kemenpar.go.id/desa/lebangmanai
21:31:23 | INFO    | [2187/2708] Mencari: Pantai Kayu Bura
21:31:23 | DEBUG   | [L1 Wiki] Error: Expecting value: line 1 column 1 (char 0)
21:31:23 | DEBUG   |       L1 Gagal, mencoba L2 DDGS...
21:31:28 | INFO    |       => Sukses dari: https://www.cnnindonesia.com/gaya-hidup/20170411133331-307-206610/potensi-teluk-tomini-jadi-wisata-laut-terbesar-di-dunia
21:31:29 | INFO    | [2188/2708] Mencari: Teluk Indah Desa Lalong
21:31:29 | DEBUG   | [L1 Wiki] Error: Expecting value: line 1 column 1 (char 0)
21:31:29 | DEBUG   |       L1 Gagal, mencoba L2 DDGS...
21:31:37 | INFO    |       => Sukses dari: https://id.wikipedia.org/wiki/Teluk_Lalong
21:31:38 | INFO    | [2189/2708] Mencari: Bukit Kromo Leksono
21:31:38 | DEBUG   | [L1 Wiki] Error: Expecting value: line 1 column 1 (char 0)
21:31:38 | DEBUG   |       L1 Gagal, mencoba L2 DDGS...
21:31:47 | INFO    |       => Gagal mencari deskripsi.
21:31:49 | INFO    | *** Auto-saving 1620 baris diproses...
21:31:49 | INFO    | [2190/2708] Mencari: Agrowisata Pangimba Bumdesa Taluduyunu
21:31:49 | DEBUG   | [L1 Wiki] Error: Expecting value: line 1 column 1 (char 0)
21:31:49 | DEBUG   |       L1 Gagal, mencoba L2 DDGS...
21:31:53 | INFO    |       => Sukses dari: https://id.wikipedia.org/wiki/Taluduyunu,_Buntulia,_Pohuwato
21:31:55 | INFO    | [2191/2708] Mencari: Pantai uwe buro, Palu
21:31:55 | DEBUG   | [L1 Wiki] Error: Expecting value: line 1 column 1 (char 0)
21:31:55 | DEBUG   |       L1 Gagal, mencoba L2 DDGS...
21:32:00 | INFO    |       => Sukses dari: https://www.oyorooms.com/travel-guide/id/tempat-wisata-palu/
21:32:02 | INFO    | [2192/2708] Mencari: Desa Pinogu
21:32:02 | DEBUG   | [L1 Wiki] Error: Expecting value: line 1 column 1 (char 0)
21:32:02 | DEBUG   |       L1 Gagal, mencoba L2 DDGS...
21:32:08 | INFO    |       => Sukses dari: https://id.wikipedia.org/wiki/Pinogu,_Pinogu,_Bone_Bolango
21:32:09 | INFO    | [2193/2708] Mencari: Wisata Sawah Golden Bridge
21:32:09 | DEBUG   | [L1 Wiki] Error: Expecting value: line 1 column 1 (char 0)
21:32:09 | DEBUG   |       L1 Gagal, mencoba L2 DDGS...
21:32:14 | INFO    |       => Sukses dari: https://idalamat.com/alamat/696715/wisata-sawah-golden-bridge-mamasa-sulawesi-barat
21:32:16 | INFO    | [2194/2708] Mencari: Wisata Air Terjun
21:32:16 | DEBUG   | [L1 Wiki] Error: Expecting value: line 1 column 1 (char 0)
21:32:16 | DEBUG   |       L1 Gagal, mencoba L2 DDGS...
21:32:21 | INFO    |       => Sukses dari: https://www.kompasiana.com/wisatoid0974/5d2318a50d82302a9e162132/3-kejernihan-wisata-pohuwato-favoritmu-no-berapa
21:32:23 | INFO    | [2195/2708] Mencari: Lembah wisata TMI
21:32:23 | DEBUG   | [L1 Wiki] Error: Expecting value: line 1 column 1 (char 0)
21:32:23 | DEBUG   |       L1 Gagal, mencoba L2 DDGS...
21:32:31 | INFO    |       => Sukses dari: https://skycitytrans.com/wisata/taman-wisata-lembah-dieng-malang/
21:32:33 | INFO    | [2196/2708] Mencari: Pantai Babana
21:32:33 | DEBUG   | [L1 Wiki] Error: Expecting value: line 1 column 1 (char 0)
21:32:33 | DEBUG   |       L1 Gagal, mencoba L2 DDGS...
21:32:38 | INFO    |       => Sukses dari: https://seringjalan.com/6-tempat-wisata-di-tobadak-mamuju-tengah/
21:32:39 | INFO    | [2197/2708] Mencari: Pantai Polongasa-Ds.Towondu
21:32:39 | DEBUG   | [L1 Wiki] Error: Expecting value: line 1 column 1 (char 0)
21:32:39 | DEBUG   |       L1 Gagal, mencoba L2 DDGS...
21:32:50 | DEBUG   | [L2 BS4] Gagal ekstraksi url https://jadesta.kemenparekraf.go.id/atraksi/pantai_polongasa -> HTTPSConnectionPool(host='jadesta.kemenparekraf.go.id', port=443): Max retries exceeded with url: /atraksi/pantai_polongasa (Caused by NameResolutionError("HTTPSConnection(host='jadesta.kemenparekraf.go.id', port=443): Failed to resolve 'jadesta.kemenparekraf.go.id' ([Errno 11002] getaddrinfo failed)"))
21:32:52 | INFO    |       => Gagal mencari deskripsi.
21:32:54 | INFO    | [2198/2708] Mencari: Taman Wisata Alam Danau Towuti
21:32:54 | DEBUG   | [L1 Wiki] Error: Expecting value: line 1 column 1 (char 0)
21:32:54 | DEBUG   |       L1 Gagal, mencoba L2 DDGS...
21:33:00 | INFO    |       => Sukses dari: https://id.wikipedia.org/wiki/Danau_Towuti
21:33:02 | INFO    | [2199/2708] Mencari: Pantai Wisata Citraland Palu
21:33:02 | DEBUG   | [L1 Wiki] Error: Expecting value: line 1 column 1 (char 0)
21:33:02 | DEBUG   |       L1 Gagal, mencoba L2 DDGS...
21:33:09 | INFO    |       => Sukses dari: https://www.oyorooms.com/travel-guide/id/tempat-wisata-palu/
21:33:10 | INFO    | [2200/2708] Mencari: LORONG WISATA SILVES
21:33:10 | DEBUG   | [L1 Wiki] Error: Expecting value: line 1 column 1 (char 0)
21:33:10 | DEBUG   |       L1 Gagal, mencoba L2 DDGS...
21:33:27 | INFO    |       => Sukses dari: https://ungkapan.id/budidaya-maggot-jadi-daya-tarik-lorong-wisata-silves/
21:33:29 | INFO    | [2201/2708] Mencari: Tongkonan Mebali
21:33:29 | DEBUG   | [L1 Wiki] Error: Expecting value: line 1 column 1 (char 0)
21:33:29 | DEBUG   |       L1 Gagal, mencoba L2 DDGS...
21:33:33 | INFO    |       => Sukses dari: https://20.detik.com/spot-wisata/20210626-210626013/wisata-ke-marante-melihat-tongkonan-rumah-adat-tana-toraja
21:33:35 | INFO    | [2202/2708] Mencari: Monumen Pendaratan Islam Lapandoso
21:33:35 | DEBUG   | [L1 Wiki] Error: Expecting value: line 1 column 1 (char 0)
21:33:35 | DEBUG   |       L1 Gagal, mencoba L2 DDGS...
21:33:42 | INFO    |       => Sukses dari: https://www.indeksmedia.id/wisata-agamis-di-lapandoso-adakah-kabar-perbaikan-pemerintah/
21:33:44 | INFO    | [2203/2708] Mencari: Bukit Doa APKB
21:33:44 | DEBUG   | [L1 Wiki] Error: Expecting value: line 1 column 1 (char 0)
21:33:44 | DEBUG   |       L1 Gagal, mencoba L2 DDGS...
21:33:55 | INFO    |       => Gagal mencari deskripsi.
21:33:57 | INFO    | [2204/2708] Mencari: Bulu Nti
21:33:57 | DEBUG   | [L1 Wiki] Error: Expecting value: line 1 column 1 (char 0)
21:33:57 | DEBUG   |       L1 Gagal, mencoba L2 DDGS...
21:34:06 | INFO    |       => Sukses dari: https://www.cronicanews.com/lifestyle/read/5612771/6-fakta-menarik-gunung-bulu-nti-di-palu-yang-dekat-dengan-kawasan-wisata-air-terjun
21:34:07 | INFO    | [2205/2708] Mencari: Bahamast Cottage
21:34:07 | DEBUG   | [L1 Wiki] Error: Expecting value: line 1 column 1 (char 0)
21:34:07 | DEBUG   |       L1 Gagal, mencoba L2 DDGS...
21:34:19 | INFO    |       => Gagal mencari deskripsi.
21:34:21 | INFO    | [2206/2708] Mencari: Pantai Marina Ampana
21:34:21 | DEBUG   | [L1 Wiki] Error: Expecting value: line 1 column 1 (char 0)
21:34:21 | DEBUG   |       L1 Gagal, mencoba L2 DDGS...
21:34:25 | INFO    |       => Sukses dari: https://id.wikipedia.org/wiki/Kabupaten_Tojo_Una-Una
21:34:27 | INFO    | [2207/2708] Mencari: Air Terjun Raptors
21:34:27 | DEBUG   | [L1 Wiki] Error: Expecting value: line 1 column 1 (char 0)
21:34:27 | DEBUG   |       L1 Gagal, mencoba L2 DDGS...
21:34:39 | INFO    |       => Gagal mencari deskripsi.
21:34:40 | INFO    | [2208/2708] Mencari: Air terjun penanggootu
21:34:40 | DEBUG   | [L1 Wiki] Error: Expecting value: line 1 column 1 (char 0)
21:34:40 | DEBUG   |       L1 Gagal, mencoba L2 DDGS...
21:34:47 | INFO    |       => Sukses dari: https://gor.wikipedia.org/wiki/Penanggootu,_Lambandia,_Kolaka_Timur
21:34:49 | INFO    | [2209/2708] Mencari: Pantai poltra
21:34:49 | DEBUG   | [L1 Wiki] Error: Expecting value: line 1 column 1 (char 0)
21:34:49 | DEBUG   |       L1 Gagal, mencoba L2 DDGS...
21:34:58 | INFO    |       => Gagal mencari deskripsi.
21:34:59 | INFO    | *** Auto-saving 1640 baris diproses...
21:34:59 | INFO    | [2210/2708] Mencari: Pantai Yella
21:34:59 | DEBUG   | [L1 Wiki] Error: Expecting value: line 1 column 1 (char 0)
21:34:59 | DEBUG   |       L1 Gagal, mencoba L2 DDGS...
21:35:08 | INFO    |       => Gagal mencari deskripsi.
21:35:09 | INFO    | [2211/2708] Mencari: SELFIE JEMBATAN AIR TERJUN
21:35:09 | DEBUG   | [L1 Wiki] Error: Expecting value: line 1 column 1 (char 0)
21:35:09 | DEBUG   |       L1 Gagal, mencoba L2 DDGS...
21:35:14 | INFO    |       => Sukses dari: https://jadesta.kemenpar.go.id/desa/air_terjun_bissappu
21:35:16 | INFO    | [2212/2708] Mencari: Air Terjun Salassang
21:35:16 | DEBUG   | [L1 Wiki] Error: Expecting value: line 1 column 1 (char 0)
21:35:16 | DEBUG   |       L1 Gagal, mencoba L2 DDGS...
21:35:20 | INFO    |       => Sukses dari: https://jadesta.kemenpar.go.id/desa/bamba_puang
21:35:22 | INFO    | [2213/2708] Mencari: Pemandian Batu Kodok
21:35:22 | DEBUG   | [L1 Wiki] Error: Expecting value: line 1 column 1 (char 0)
21:35:22 | DEBUG   |       L1 Gagal, mencoba L2 DDGS...
21:35:29 | INFO    |       => Sukses dari: https://www.kompasiana.com/jelajah_nesia/552a1fb56ea8348a0c552d09/kisah-batu-kodok-yang-unik-di-lamongan
21:35:31 | INFO    | [2214/2708] Mencari: Air Terjun LENSO
21:35:31 | DEBUG   | [L1 Wiki] Error: Expecting value: line 1 column 1 (char 0)
21:35:31 | DEBUG   |       L1 Gagal, mencoba L2 DDGS...
21:35:40 | INFO    |       => Gagal mencari deskripsi.
21:35:41 | INFO    | [2215/2708] Mencari: TERMINAL TRANSIT GUNUNG SOPUTAN
21:35:41 | DEBUG   | [L1 Wiki] Error: Expecting value: line 1 column 1 (char 0)
21:35:41 | DEBUG   |       L1 Gagal, mencoba L2 DDGS...
21:35:54 | INFO    |       => Sukses dari: https://ejurnal.unima.ac.id/index.php/jemtec/article/view/11326
21:35:56 | INFO    | [2216/2708] Mencari: Air panas kelewaha
21:35:56 | DEBUG   | [L1 Wiki] Error: Expecting value: line 1 column 1 (char 0)
21:35:56 | DEBUG   |       L1 Gagal, mencoba L2 DDGS...
21:36:01 | INFO    |       => Sukses dari: https://www.cimbniaga.co.id/id/inspirasi/gayahidup/9-rekomendasi-pemandian-air-panas-yang-populer-di-indonesia
21:36:03 | INFO    | [2217/2708] Mencari: Tanjung Lelapide
21:36:03 | DEBUG   | [L1 Wiki] Error: Expecting value: line 1 column 1 (char 0)
21:36:03 | DEBUG   |       L1 Gagal, mencoba L2 DDGS...
21:36:11 | DEBUG   | [L2 DDGS] Error: ConnectError: ConnectError('error sending request for url (https://html.duckduckgo.com/html/)', 'https://html.duckduckgo.com/html/')
21:36:11 | INFO    |       => Gagal mencari deskripsi.
21:36:13 | INFO    | [2218/2708] Mencari: Pantai pasir putih
21:36:13 | DEBUG   | [L1 Wiki] Error: Expecting value: line 1 column 1 (char 0)
21:36:13 | DEBUG   |       L1 Gagal, mencoba L2 DDGS...
21:36:16 | INFO    |       => Sukses dari: https://merahmaron.com/wisata/pesona-tersembunyi-tojo-unauna-surga-wisata-sulawesi-tengah/
21:36:18 | INFO    | [2219/2708] Mencari: Lalos
21:36:18 | DEBUG   | [L1 Wiki] Error: Expecting value: line 1 column 1 (char 0)
21:36:18 | DEBUG   |       L1 Gagal, mencoba L2 DDGS...
21:36:24 | INFO    |       => Sukses dari: https://beautyofindonesia.com/id/wisata/wisata-alam/pantai-lalos
21:36:26 | INFO    | [2220/2708] Mencari: AIR TERJUN WONUA MOMAHE
21:36:26 | DEBUG   | [L1 Wiki] Error: Expecting value: line 1 column 1 (char 0)
21:36:26 | DEBUG   |       L1 Gagal, mencoba L2 DDGS...
21:36:36 | DEBUG   | [L2 BS4] Gagal ekstraksi url https://sisparnas.kemenparekraf.go.id/p/45399 -> HTTPSConnectionPool(host='sisparnas.kemenparekraf.go.id', port=443): Max retries exceeded with url: /p/45399 (Caused by NameResolutionError("HTTPSConnection(host='sisparnas.kemenparekraf.go.id', port=443): Failed to resolve 'sisparnas.kemenparekraf.go.id' ([Errno 11002] getaddrinfo failed)"))
21:36:37 | INFO    |       => Sukses dari: https://wawotobi.digitaldesa.id/wisata/air-terjun-wonua-mohame
21:36:38 | INFO    | [2221/2708] Mencari: Wisata Pantai Swis
21:36:38 | DEBUG   | [L1 Wiki] Error: Expecting value: line 1 column 1 (char 0)
21:36:38 | DEBUG   |       L1 Gagal, mencoba L2 DDGS...
21:36:48 | INFO    |       => Sukses dari: https://www.makemeask.com/2025/01/7-pilihan-destinasi-wisata-di-buton.html
21:36:49 | INFO    | [2222/2708] Mencari: Wisata Permandian Mata Rombia91
21:36:49 | DEBUG   | [L1 Wiki] Error: Expecting value: line 1 column 1 (char 0)
21:36:49 | DEBUG   |       L1 Gagal, mencoba L2 DDGS...
21:36:55 | INFO    |       => Sukses dari: https://sisparnas.kemenpar.go.id/p/43307
21:36:57 | INFO    | [2223/2708] Mencari: Wisata Mancing Karang Lamotu
21:36:57 | DEBUG   | [L1 Wiki] Error: Expecting value: line 1 column 1 (char 0)
21:36:57 | DEBUG   |       L1 Gagal, mencoba L2 DDGS...
21:37:04 | DEBUG   | [L2 DDGS] Error: ConnectError: ConnectError('error sending request for url (https://html.duckduckgo.com/html/)', 'https://html.duckduckgo.com/html/')
21:37:04 | INFO    |       => Gagal mencari deskripsi.
21:37:05 | INFO    | [2224/2708] Mencari: Pantai Surya Galesong
21:37:05 | DEBUG   | [L1 Wiki] Error: Expecting value: line 1 column 1 (char 0)
21:37:05 | DEBUG   |       L1 Gagal, mencoba L2 DDGS...
21:37:14 | INFO    |       => Sukses dari: https://sulsel.idntimes.com/travel/destination/informasi-wisata-pantai-galesong-takalar-lokasi-harga-fasilitas-00-lm183-ddjx49
21:37:16 | INFO    | [2225/2708] Mencari: Camming
21:37:16 | DEBUG   | [L1 Wiki] Error: Expecting value: line 1 column 1 (char 0)
21:37:16 | DEBUG   |       L1 Gagal, mencoba L2 DDGS...
21:37:26 | INFO    |       => Gagal mencari deskripsi.
21:37:27 | INFO    | [2226/2708] Mencari: tempat mangcing ikan
21:37:27 | DEBUG   | [L1 Wiki] Error: Expecting value: line 1 column 1 (char 0)
21:37:27 | DEBUG   |       L1 Gagal, mencoba L2 DDGS...
21:37:44 | INFO    |       => Sukses dari: https://pdberger.com/pemancingan-bone
21:37:46 | INFO    | [2227/2708] Mencari: Munte desa Bontomatene
21:37:46 | DEBUG   | [L1 Wiki] Error: Expecting value: line 1 column 1 (char 0)
21:37:46 | DEBUG   |       L1 Gagal, mencoba L2 DDGS...
21:37:52 | INFO    |       => Sukses dari: https://id.wikipedia.org/wiki/Bonto_Mate'ne,_Turatea,_Jeneponto
21:37:54 | INFO    | [2228/2708] Mencari: Baku Bodo
21:37:54 | DEBUG   | [L1 Wiki] Error: Expecting value: line 1 column 1 (char 0)
21:37:54 | DEBUG   |       L1 Gagal, mencoba L2 DDGS...
21:38:01 | DEBUG   | [L2 DDGS] Error: ConnectError: ConnectError('error sending request for url (https://html.duckduckgo.com/html/)', 'https://html.duckduckgo.com/html/')
21:38:01 | INFO    |       => Gagal mencari deskripsi.
21:38:02 | INFO    | [2229/2708] Mencari: Pantai Pasir Putih MANGKET
21:38:02 | DEBUG   | [L1 Wiki] Error: Expecting value: line 1 column 1 (char 0)
21:38:02 | DEBUG   |       L1 Gagal, mencoba L2 DDGS...
21:38:09 | INFO    |       => Sukses dari: https://id.wikipedia.org/wiki/Kema,_Minahasa_Utara
21:38:10 | INFO    | *** Auto-saving 1660 baris diproses...
21:38:10 | INFO    | [2230/2708] Mencari: Air Terjun KINAAPIAN
21:38:10 | DEBUG   | [L1 Wiki] Error: Expecting value: line 1 column 1 (char 0)
21:38:10 | DEBUG   |       L1 Gagal, mencoba L2 DDGS...
21:38:29 | INFO    |       => Gagal mencari deskripsi.
21:38:30 | INFO    | [2231/2708] Mencari: Bukit Teletubbies Rerer
21:38:30 | DEBUG   | [L1 Wiki] Error: Expecting value: line 1 column 1 (char 0)
21:38:30 | DEBUG   |       L1 Gagal, mencoba L2 DDGS...
21:38:38 | DEBUG   | [L2 DDGS] Error: ConnectError: ConnectError('error sending request for url (https://html.duckduckgo.com/html/)', 'https://html.duckduckgo.com/html/')
21:38:38 | INFO    |       => Gagal mencari deskripsi.
21:38:40 | INFO    | [2232/2708] Mencari: Pingiran Danau Mokobang
21:38:40 | DEBUG   | [L1 Wiki] Error: Expecting value: line 1 column 1 (char 0)
21:38:40 | DEBUG   |       L1 Gagal, mencoba L2 DDGS...
21:38:47 | DEBUG   | [L2 DDGS] Error: RequestError: RequestError('error sending request for url (https://search.yahoo.com/search;_ylt=aHxSjcUdValyRaPxhVnYNF49;_ylu=kuflEFud9UMd9ii32KYE97iIhEwh2F45Marf5JYMiq6o8wU?p=Pingiran+Danau+Mokobang+Kabupaten+Minahasa+Selatan+wisata)', 'https://search.yahoo.com/search;_ylt=aHxSjcUdValyRaPxhVnYNF49;_ylu=kuflEFud9UMd9ii32KYE97iIhEwh2F45Marf5JYMiq6o8wU?p=Pingiran+Danau+Mokobang+Kabupaten+Minahasa+Selatan+wisata')
21:38:47 | INFO    |       => Gagal mencari deskripsi.
21:38:48 | INFO    | [2233/2708] Mencari: Air Terjun Desa Poniki
21:38:48 | DEBUG   | [L1 Wiki] Error: Expecting value: line 1 column 1 (char 0)
21:38:48 | DEBUG   |       L1 Gagal, mencoba L2 DDGS...
21:38:55 | DEBUG   | [L2 DDGS] Error: ConnectError: ConnectError('error sending request for url (https://html.duckduckgo.com/html/)', 'https://html.duckduckgo.com/html/')
21:38:55 | INFO    |       => Gagal mencari deskripsi.
21:38:57 | INFO    | [2234/2708] Mencari: Wisata Puncak Laine
21:38:57 | DEBUG   | [L1 Wiki] Error: Expecting value: line 1 column 1 (char 0)
21:38:57 | DEBUG   |       L1 Gagal, mencoba L2 DDGS...
21:39:05 | INFO    |       => Sukses dari: https://www.liputan6.com/hot/read/6198230/tempat-wisata-di-makassar
21:39:06 | INFO    | [2235/2708] Mencari: Tanjung Saroco
21:39:06 | DEBUG   | [L1 Wiki] Error: Expecting value: line 1 column 1 (char 0)
21:39:06 | DEBUG   |       L1 Gagal, mencoba L2 DDGS...
21:39:13 | INFO    |       => Sukses dari: https://id.alongwalker.co/top-15-tempat-wisata-di-kepulauan-talaud-terbaru-paling-hits-s3924.html
21:39:15 | INFO    | [2236/2708] Mencari: Tangga Pelangi Desa Puungkoilu
21:39:15 | DEBUG   | [L1 Wiki] Error: Expecting value: line 1 column 1 (char 0)
21:39:15 | DEBUG   |       L1 Gagal, mencoba L2 DDGS...
21:39:21 | DEBUG   | [L2 DDGS] Error: ConnectError: ConnectError('error sending request for url (https://html.duckduckgo.com/html/)', 'https://html.duckduckgo.com/html/')
21:39:21 | INFO    |       => Gagal mencari deskripsi.
21:39:23 | INFO    | [2237/2708] Mencari: Bungko Mbembang
21:39:23 | DEBUG   | [L1 Wiki] Error: Expecting value: line 1 column 1 (char 0)
21:39:23 | DEBUG   |       L1 Gagal, mencoba L2 DDGS...
21:39:29 | DEBUG   | [L2 DDGS] Error: ConnectError: ConnectError('error sending request for url (https://html.duckduckgo.com/html/)', 'https://html.duckduckgo.com/html/')
21:39:29 | INFO    |       => Gagal mencari deskripsi.
21:39:31 | INFO    | [2238/2708] Mencari: Pantai Malanggong (Matatas)
21:39:31 | DEBUG   | [L1 Wiki] Error: Expecting value: line 1 column 1 (char 0)
21:39:31 | DEBUG   |       L1 Gagal, mencoba L2 DDGS...
21:39:39 | INFO    |       => Gagal mencari deskripsi.
21:39:41 | INFO    | [2239/2708] Mencari: Pantai Shaka
21:39:41 | DEBUG   | [L1 Wiki] Error: Expecting value: line 1 column 1 (char 0)
21:39:41 | DEBUG   |       L1 Gagal, mencoba L2 DDGS...
21:39:47 | DEBUG   | [L2 DDGS] Error: ConnectError: ConnectError('error sending request for url (https://html.duckduckgo.com/html/)', 'https://html.duckduckgo.com/html/')
21:39:47 | INFO    |       => Gagal mencari deskripsi.
21:39:49 | INFO    | [2240/2708] Mencari: Bukit Mangkeluno
21:39:49 | DEBUG   | [L1 Wiki] Error: Expecting value: line 1 column 1 (char 0)
21:39:49 | DEBUG   |       L1 Gagal, mencoba L2 DDGS...
21:39:56 | DEBUG   | [L2 DDGS] Error: ConnectError: ConnectError('error sending request for url (https://html.duckduckgo.com/html/)', 'https://html.duckduckgo.com/html/')
21:39:56 | INFO    |       => Gagal mencari deskripsi.
21:39:58 | INFO    | [2241/2708] Mencari: Pantai Moluno
21:39:58 | DEBUG   | [L1 Wiki] Error: Expecting value: line 1 column 1 (char 0)
21:39:58 | DEBUG   |       L1 Gagal, mencoba L2 DDGS...
21:40:05 | DEBUG   | [L2 DDGS] Error: ConnectError: ConnectError('error sending request for url (https://html.duckduckgo.com/html/)', 'https://html.duckduckgo.com/html/')
21:40:05 | INFO    |       => Gagal mencari deskripsi.
21:40:07 | INFO    | [2242/2708] Mencari: Air terjun batu karoppa
21:40:07 | DEBUG   | [L1 Wiki] Error: Expecting value: line 1 column 1 (char 0)
21:40:07 | DEBUG   |       L1 Gagal, mencoba L2 DDGS...
21:40:14 | DEBUG   | [L2 DDGS] Error: ConnectError: ConnectError('error sending request for url (https://html.duckduckgo.com/html/)', 'https://html.duckduckgo.com/html/')
21:40:14 | INFO    |       => Gagal mencari deskripsi.
21:40:15 | INFO    | [2243/2708] Mencari: Bukit Pamboang
21:40:15 | DEBUG   | [L1 Wiki] Error: Expecting value: line 1 column 1 (char 0)
21:40:15 | DEBUG   |       L1 Gagal, mencoba L2 DDGS...
21:40:23 | DEBUG   | [L2 DDGS] Error: ConnectError: ConnectError('error sending request for url (https://html.duckduckgo.com/html/)', 'https://html.duckduckgo.com/html/')
21:40:23 | INFO    |       => Gagal mencari deskripsi.
21:40:24 | INFO    | [2244/2708] Mencari: Air Terjun Eran Batu
21:40:24 | DEBUG   | [L1 Wiki] Error: Expecting value: line 1 column 1 (char 0)
21:40:24 | DEBUG   |       L1 Gagal, mencoba L2 DDGS...
21:40:30 | INFO    |       => Sukses dari: https://pulung.net/travel/tempat-wisata-terbaik-di-kabupaten-polewali-mandar/
21:40:31 | INFO    | [2245/2708] Mencari: Bonto Rea Village
21:40:31 | DEBUG   | [L1 Wiki] Error: Expecting value: line 1 column 1 (char 0)
21:40:31 | DEBUG   |       L1 Gagal, mencoba L2 DDGS...
21:40:39 | DEBUG   | [L2 DDGS] Error: ConnectError: ConnectError('error sending request for url (https://html.duckduckgo.com/html/)', 'https://html.duckduckgo.com/html/')
21:40:39 | INFO    |       => Gagal mencari deskripsi.
21:40:40 | INFO    | [2246/2708] Mencari: Bulu Bohonglangi
21:40:40 | DEBUG   | [L1 Wiki] Error: Expecting value: line 1 column 1 (char 0)
21:40:40 | DEBUG   |       L1 Gagal, mencoba L2 DDGS...
21:40:49 | INFO    |       => Gagal mencari deskripsi.
21:40:51 | INFO    | [2247/2708] Mencari: Tugu Jam Watampone
21:40:51 | DEBUG   | [L1 Wiki] Error: Expecting value: line 1 column 1 (char 0)
21:40:51 | DEBUG   |       L1 Gagal, mencoba L2 DDGS...
21:40:57 | DEBUG   | [L2 DDGS] Error: RequestError: RequestError('error sending request for url (https://search.yahoo.com/search;_ylt=kaepQmt36Mdz2MrrblgM31nT;_ylu=gDt9gYILAA5r_KMfhF3U9cFouXhHbyr1zfXY0UxvoAasSHY?p=Tugu+Jam+Watampone+Kabupaten+Bone+wisata)', 'https://search.yahoo.com/search;_ylt=kaepQmt36Mdz2MrrblgM31nT;_ylu=gDt9gYILAA5r_KMfhF3U9cFouXhHbyr1zfXY0UxvoAasSHY?p=Tugu+Jam+Watampone+Kabupaten+Bone+wisata')
21:40:57 | INFO    |       => Gagal mencari deskripsi.
21:40:58 | INFO    | [2248/2708] Mencari: Selayar Island
21:40:58 | DEBUG   | [L1 Wiki] Error: Expecting value: line 1 column 1 (char 0)
21:40:58 | DEBUG   |       L1 Gagal, mencoba L2 DDGS...
21:41:07 | DEBUG   | [L2 DDGS] Error: ConnectError: ConnectError('error sending request for url (https://html.duckduckgo.com/html/)', 'https://html.duckduckgo.com/html/')
21:41:07 | INFO    |       => Gagal mencari deskripsi.
21:41:08 | INFO    | [2249/2708] Mencari: Pantai Motto
21:41:08 | DEBUG   | [L1 Wiki] Error: Expecting value: line 1 column 1 (char 0)
21:41:08 | DEBUG   |       L1 Gagal, mencoba L2 DDGS...
21:41:24 | DEBUG   | [L2 BS4] Gagal ekstraksi url https://www.idntimes.com/travel/destination/tempat-wisata-di-bitung-00-r95nh-v6r8r8 -> HTTPSConnectionPool(host='www.idntimes.com', port=443): Read timed out. (read timeout=8)
21:41:25 | INFO    |       => Gagal mencari deskripsi.
21:41:26 | INFO    | *** Auto-saving 1680 baris diproses...
21:41:26 | INFO    | [2250/2708] Mencari: Gereja Bukit Moria
21:41:26 | DEBUG   | [L1 Wiki] Error: Expecting value: line 1 column 1 (char 0)
21:41:26 | DEBUG   |       L1 Gagal, mencoba L2 DDGS...
21:41:33 | DEBUG   | [L2 DDGS] Error: ConnectError: ConnectError('error sending request for url (https://html.duckduckgo.com/html/)', 'https://html.duckduckgo.com/html/')
21:41:33 | INFO    |       => Gagal mencari deskripsi.
21:41:35 | INFO    | [2251/2708] Mencari: Gunung Potong
21:41:35 | DEBUG   | [L1 Wiki] Error: Expecting value: line 1 column 1 (char 0)
21:41:35 | DEBUG   |       L1 Gagal, mencoba L2 DDGS...
21:41:41 | DEBUG   | [L2 DDGS] Error: ConnectError: ConnectError('error sending request for url (https://html.duckduckgo.com/html/)', 'https://html.duckduckgo.com/html/')
21:41:41 | INFO    |       => Gagal mencari deskripsi.
21:41:43 | INFO    | [2252/2708] Mencari: Bukit Sofa
21:41:43 | DEBUG   | [L1 Wiki] Error: Expecting value: line 1 column 1 (char 0)
21:41:43 | DEBUG   |       L1 Gagal, mencoba L2 DDGS...
21:41:51 | DEBUG   | [L2 DDGS] Error: ConnectError: ConnectError('error sending request for url (https://html.duckduckgo.com/html/)', 'https://html.duckduckgo.com/html/')
21:41:51 | INFO    |       => Gagal mencari deskripsi.
21:41:52 | INFO    | [2253/2708] Mencari: Wisata Tebing Livutona
21:41:52 | DEBUG   | [L1 Wiki] Error: Expecting value: line 1 column 1 (char 0)
21:41:52 | DEBUG   |       L1 Gagal, mencoba L2 DDGS...
21:41:58 | INFO    |       => Sukses dari: https://idfirms.com/sulawesi-tengah/wisata-tebing-livutona-393539
21:42:00 | INFO    | [2254/2708] Mencari: Gunung Tambusisi
21:42:00 | DEBUG   | [L1 Wiki] Error: Expecting value: line 1 column 1 (char 0)
21:42:00 | DEBUG   |       L1 Gagal, mencoba L2 DDGS...
21:42:07 | INFO    |       => Sukses dari: https://www.liputan6.com/lifestyle/read/6002405/6-fakta-menarik-gunung-tambusisi-di-sulawesi-bagian-konservasi-cagar-alam-morowali-utara
21:42:08 | INFO    | [2255/2708] Mencari: Pasir Timbul
21:42:08 | DEBUG   | [L1 Wiki] Error: Expecting value: line 1 column 1 (char 0)
21:42:08 | DEBUG   |       L1 Gagal, mencoba L2 DDGS...
21:42:19 | DEBUG   | [L2 DDGS] Error: ConnectError: ConnectError('error sending request for url (https://html.duckduckgo.com/html/)', 'https://html.duckduckgo.com/html/')
21:42:19 | INFO    |       => Gagal mencari deskripsi.
21:42:21 | INFO    | [2256/2708] Mencari: Kampung Pelangi Tolitoli
21:42:21 | DEBUG   | [L1 Wiki] Error: Expecting value: line 1 column 1 (char 0)
21:42:21 | DEBUG   |       L1 Gagal, mencoba L2 DDGS...
21:42:26 | INFO    |       => Sukses dari: https://id.wikipedia.org/wiki/Kabupaten_Tolitoli
21:42:27 | INFO    | [2257/2708] Mencari: PANTAI HUTAKALO
21:42:27 | DEBUG   | [L1 Wiki] Error: Expecting value: line 1 column 1 (char 0)
21:42:27 | DEBUG   |       L1 Gagal, mencoba L2 DDGS...
21:42:36 | DEBUG   | [L2 DDGS] Error: ConnectError: ConnectError('error sending request for url (https://html.duckduckgo.com/html/)', 'https://html.duckduckgo.com/html/')
21:42:36 | INFO    |       => Gagal mencari deskripsi.
21:42:37 | INFO    | [2258/2708] Mencari: Bukit ceria desa dunu
21:42:37 | DEBUG   | [L1 Wiki] Error: Expecting value: line 1 column 1 (char 0)
21:42:37 | DEBUG   |       L1 Gagal, mencoba L2 DDGS...
21:42:45 | DEBUG   | [L2 DDGS] Error: ConnectError: ConnectError('error sending request for url (https://html.duckduckgo.com/html/)', 'https://html.duckduckgo.com/html/')
21:42:45 | INFO    |       => Gagal mencari deskripsi.
21:42:47 | INFO    | [2259/2708] Mencari: Kawasan wisata Yakkima arung kalola
21:42:47 | DEBUG   | [L1 Wiki] Error: Expecting value: line 1 column 1 (char 0)
21:42:47 | DEBUG   |       L1 Gagal, mencoba L2 DDGS...
21:42:55 | INFO    |       => Sukses dari: https://www.detik.com/sulsel/wisata/d-6896112/16-tempat-wisata-di-kabupaten-wajo-yang-wajib-di-kunjungi
21:42:57 | INFO    | [2260/2708] Mencari: Puncak cinta kita
21:42:57 | DEBUG   | [L1 Wiki] Error: Expecting value: line 1 column 1 (char 0)
21:42:57 | DEBUG   |       L1 Gagal, mencoba L2 DDGS...
21:43:15 | INFO    |       => Sukses dari: https://lintascelebes.com/2025/09/puncak-ppk-ormawa-tim-sipatokkong-desa-wisata-mattabulu-resmi-direlaunching/
21:43:16 | INFO    | [2261/2708] Mencari: Pemandian Air Panas Bebba'e
21:43:16 | DEBUG   | [L1 Wiki] Error: Expecting value: line 1 column 1 (char 0)
21:43:16 | DEBUG   |       L1 Gagal, mencoba L2 DDGS...
21:43:24 | DEBUG   | [L2 DDGS] Error: ConnectError: ConnectError('error sending request for url (https://html.duckduckgo.com/html/)', 'https://html.duckduckgo.com/html/')
21:43:24 | INFO    |       => Gagal mencari deskripsi.
21:43:25 | INFO    | [2262/2708] Mencari: Pantai Timur Ngapaloka
21:43:25 | DEBUG   | [L1 Wiki] Error: Expecting value: line 1 column 1 (char 0)
21:43:25 | DEBUG   |       L1 Gagal, mencoba L2 DDGS...
21:43:34 | INFO    |       => Sukses dari: https://id.wikipedia.org/wiki/Pantai_Ngapaloka
21:43:35 | INFO    | [2263/2708] Mencari: Gunung landaka
21:43:35 | DEBUG   | [L1 Wiki] Error: Expecting value: line 1 column 1 (char 0)
21:43:35 | DEBUG   |       L1 Gagal, mencoba L2 DDGS...
21:43:42 | DEBUG   | [L2 DDGS] Error: ConnectError: ConnectError('error sending request for url (https://html.duckduckgo.com/html/)', 'https://html.duckduckgo.com/html/')
21:43:42 | INFO    |       => Gagal mencari deskripsi.
21:43:44 | INFO    | [2264/2708] Mencari: GPKDI "Bukit Sion" Girian
21:43:44 | DEBUG   | [L1 Wiki] Error: Expecting value: line 1 column 1 (char 0)
21:43:44 | DEBUG   |       L1 Gagal, mencoba L2 DDGS...
21:43:50 | DEBUG   | [L2 DDGS] Error: RequestError: RequestError('error sending request for url (https://search.yahoo.com/search;_ylt=C2F_rTmDZXQt2rsdbnwEQws0;_ylu=2CUNkQe-QSygjCu_uu1Hb8DIRZ7jqVij690enpQM8rVTMa4?p=GPKDI+%22Bukit+Sion%22+Girian+Kota+Bitung+wisata)', 'https://search.yahoo.com/search;_ylt=C2F_rTmDZXQt2rsdbnwEQws0;_ylu=2CUNkQe-QSygjCu_uu1Hb8DIRZ7jqVij690enpQM8rVTMa4?p=GPKDI+%22Bukit+Sion%22+Girian+Kota+Bitung+wisata')
21:43:50 | INFO    |       => Gagal mencari deskripsi.
21:43:52 | INFO    | [2265/2708] Mencari: Air terjun binjeita
21:43:52 | DEBUG   | [L1 Wiki] Error: Expecting value: line 1 column 1 (char 0)
21:43:52 | DEBUG   |       L1 Gagal, mencoba L2 DDGS...
21:44:03 | DEBUG   | [L2 DDGS] Error: RequestError: RequestError('error sending request for url (https://search.yahoo.com/search;_ylt=klQ_VK_-XHFL6VwDSm6ueps0;_ylu=OFbL9kmqrKSWiXth27bG11DxJ3OE17-L0_0fMNwo-3BcUCE?p=Air+terjun+binjeita+Kabupaten+Bolaang+Mongondow+Utara+wisata)', 'https://search.yahoo.com/search;_ylt=klQ_VK_-XHFL6VwDSm6ueps0;_ylu=OFbL9kmqrKSWiXth27bG11DxJ3OE17-L0_0fMNwo-3BcUCE?p=Air+terjun+binjeita+Kabupaten+Bolaang+Mongondow+Utara+wisata')
21:44:03 | INFO    |       => Gagal mencari deskripsi.
21:44:05 | INFO    | [2266/2708] Mencari: Air Terjun Matabulu
21:44:05 | DEBUG   | [L1 Wiki] Error: Expecting value: line 1 column 1 (char 0)
21:44:05 | DEBUG   |       L1 Gagal, mencoba L2 DDGS...
21:44:11 | DEBUG   | [L2 DDGS] Error: RequestError: RequestError('error sending request for url (https://search.yahoo.com/search;_ylt=C3Y94SSbH_L20ArvgVHJxdI5;_ylu=-_Cm0nfbjghMQX8ls7dt3PwE1iQd8xMpz_I1cGJj0_Ufco4?p=Air+Terjun+Matabulu+Kabupaten+Bolaang+Mongondow+Timur+wisata)', 'https://search.yahoo.com/search;_ylt=C3Y94SSbH_L20ArvgVHJxdI5;_ylu=-_Cm0nfbjghMQX8ls7dt3PwE1iQd8xMpz_I1cGJj0_Ufco4?p=Air+Terjun+Matabulu+Kabupaten+Bolaang+Mongondow+Timur+wisata')
21:44:11 | INFO    |       => Gagal mencari deskripsi.
21:44:13 | INFO    | [2267/2708] Mencari: Pantai Timur, Jiko Belanga - Boltim
21:44:13 | DEBUG   | [L1 Wiki] Error: Expecting value: line 1 column 1 (char 0)
21:44:13 | DEBUG   |       L1 Gagal, mencoba L2 DDGS...
21:44:25 | INFO    |       => Sukses dari: https://kuasa.net/pesona-pantai-timur-jiko-belanga-wisata-unggulan-di-bolaang-mongondow-timur/.html
21:44:26 | INFO    | [2268/2708] Mencari: Air Terjun Bidadari Kayaton Desa Bukaka
21:44:26 | DEBUG   | [L1 Wiki] Error: Expecting value: line 1 column 1 (char 0)
21:44:26 | DEBUG   |       L1 Gagal, mencoba L2 DDGS...
21:44:34 | DEBUG   | [L2 DDGS] Error: ConnectError: ConnectError('error sending request for url (https://html.duckduckgo.com/html/)', 'https://html.duckduckgo.com/html/')
21:44:34 | INFO    |       => Gagal mencari deskripsi.
21:44:36 | INFO    | [2269/2708] Mencari: Air Terjun Sura
21:44:36 | DEBUG   | [L1 Wiki] Error: Expecting value: line 1 column 1 (char 0)
21:44:36 | DEBUG   |       L1 Gagal, mencoba L2 DDGS...
21:44:45 | INFO    |       => Sukses dari: https://beautyofindonesia.com/id/wisata/nature-tourism/sura-kakewang-waterfall
21:44:46 | INFO    | *** Auto-saving 1700 baris diproses...
21:44:46 | INFO    | [2270/2708] Mencari: Air Terjun Ogololo
21:44:46 | DEBUG   | [L1 Wiki] Error: Expecting value: line 1 column 1 (char 0)
21:44:46 | DEBUG   |       L1 Gagal, mencoba L2 DDGS...
21:44:53 | DEBUG   | [L2 DDGS] Error: RequestError: RequestError('error sending request for url (https://search.yahoo.com/search;_ylt=tAGcOMXhL-EmMoFdCj3CBRIw;_ylu=dWgJBNaoI8btE1kQGivErKvzCCNbBlk2THhUcA1oIhQWrXc?p=Air+Terjun+Ogololo+Kabupaten+Donggala+wisata)', 'https://search.yahoo.com/search;_ylt=tAGcOMXhL-EmMoFdCj3CBRIw;_ylu=dWgJBNaoI8btE1kQGivErKvzCCNbBlk2THhUcA1oIhQWrXc?p=Air+Terjun+Ogololo+Kabupaten+Donggala+wisata')
21:44:53 | INFO    |       => Gagal mencari deskripsi.
21:44:54 | INFO    | [2271/2708] Mencari: Bukit Sunset Bou
21:44:54 | DEBUG   | [L1 Wiki] Error: Expecting value: line 1 column 1 (char 0)
21:44:54 | DEBUG   |       L1 Gagal, mencoba L2 DDGS...
21:45:01 | INFO    |       => Gagal mencari deskripsi.
21:45:03 | INFO    | [2272/2708] Mencari: Air Terjun Ayus
21:45:03 | DEBUG   | [L1 Wiki] Error: Expecting value: line 1 column 1 (char 0)
21:45:03 | DEBUG   |       L1 Gagal, mencoba L2 DDGS...
21:45:10 | DEBUG   | [L2 DDGS] Error: ConnectError: ConnectError('error sending request for url (https://html.duckduckgo.com/html/)', 'https://html.duckduckgo.com/html/')
21:45:10 | INFO    |       => Gagal mencari deskripsi.
21:45:11 | INFO    | [2273/2708] Mencari: Pantai Labuan
21:45:11 | DEBUG   | [L1 Wiki] Error: Expecting value: line 1 column 1 (char 0)
21:45:11 | DEBUG   |       L1 Gagal, mencoba L2 DDGS...
21:45:18 | INFO    |       => Sukses dari: https://luwukbanggai.com/petualangan-banggai-sulawesi-terbaik/
21:45:19 | INFO    | [2274/2708] Mencari: Wisata Pemandian Tuweley
21:45:19 | DEBUG   | [L1 Wiki] Error: Expecting value: line 1 column 1 (char 0)
21:45:19 | DEBUG   |       L1 Gagal, mencoba L2 DDGS...
21:45:24 | INFO    |       => Sukses dari: https://id.wikipedia.org/wiki/Baolan,_Tolitoli
21:45:26 | INFO    | [2275/2708] Mencari: Goa Kolam Renang
21:45:26 | DEBUG   | [L1 Wiki] Error: Expecting value: line 1 column 1 (char 0)
21:45:26 | DEBUG   |       L1 Gagal, mencoba L2 DDGS...
21:45:32 | DEBUG   | [L2 DDGS] Error: ConnectError: ConnectError('error sending request for url (https://html.duckduckgo.com/html/)', 'https://html.duckduckgo.com/html/')
21:45:32 | INFO    |       => Gagal mencari deskripsi.
21:45:33 | INFO    | [2276/2708] Mencari: Pantai Miringan Desa Biluhu Barat
21:45:33 | DEBUG   | [L1 Wiki] Error: Expecting value: line 1 column 1 (char 0)
21:45:33 | DEBUG   |       L1 Gagal, mencoba L2 DDGS...
21:45:47 | DEBUG   | [L2 BS4] Gagal ekstraksi url https://tempatwisataseru.com/tempat-wisata-di-gorontalo/ -> HTTPSConnectionPool(host='tempatwisataseru.com', port=443): Read timed out. (read timeout=8)
21:45:47 | INFO    |       => Sukses dari: https://gorontalo.tribunnews.com/2024/06/21/30-objek-wisata-di-kabupaten-gorontalo-ada-pantai-puncak-hingga-masjid
21:45:49 | INFO    | [2277/2708] Mencari: Wisata Puncak Desa Towata (paralayang)
21:45:49 | DEBUG   | [L1 Wiki] Error: Expecting value: line 1 column 1 (char 0)
21:45:49 | DEBUG   |       L1 Gagal, mencoba L2 DDGS...
21:45:53 | INFO    |       => Sukses dari: https://idalamat.com/alamat/696468/wisata-puncak-desa-towata-paralayang-takalar-sulawesi-selatan
21:45:54 | INFO    | [2278/2708] Mencari: Wisata Bahari Politani Pangkep
21:45:54 | DEBUG   | [L1 Wiki] Error: Expecting value: line 1 column 1 (char 0)
21:45:54 | DEBUG   |       L1 Gagal, mencoba L2 DDGS...
21:46:02 | INFO    |       => Sukses dari: https://idalamat.com/alamat/696516/wisata-bahari-politani-pangkajene-dan-kepulauan-sulawesi-selatan
21:46:04 | INFO    | [2279/2708] Mencari: Galangan kapal phinisi Haji Abdullah Hassan
21:46:04 | DEBUG   | [L1 Wiki] Error: Expecting value: line 1 column 1 (char 0)
21:46:04 | DEBUG   |       L1 Gagal, mencoba L2 DDGS...
21:46:11 | DEBUG   | [L2 DDGS] Error: ConnectError: ConnectError('error sending request for url (https://html.duckduckgo.com/html/)', 'https://html.duckduckgo.com/html/')
21:46:11 | INFO    |       => Gagal mencari deskripsi.
21:46:13 | INFO    | [2280/2708] Mencari: Air Terjun To'dama Sangkaropi
21:46:13 | DEBUG   | [L1 Wiki] Error: Expecting value: line 1 column 1 (char 0)
21:46:13 | DEBUG   |       L1 Gagal, mencoba L2 DDGS...
21:46:19 | DEBUG   | [L2 DDGS] Error: RequestError: RequestError('error sending request for url (https://search.yahoo.com/search;_ylt=46Py4Nbl1R0EtS4y0IM9gZa3;_ylu=dcoiVIHJiwsGAmKdMIkN0t4M-JaD8Bj1VSySb1s1cZsGuJc?p=Air+Terjun+To%27dama+Sangkaropi+Kabupaten+Toraja+Utara+wisata)', 'https://search.yahoo.com/search;_ylt=46Py4Nbl1R0EtS4y0IM9gZa3;_ylu=dcoiVIHJiwsGAmKdMIkN0t4M-JaD8Bj1VSySb1s1cZsGuJc?p=Air+Terjun+To%27dama+Sangkaropi+Kabupaten+Toraja+Utara+wisata')
21:46:19 | INFO    |       => Gagal mencari deskripsi.
21:46:21 | INFO    | [2281/2708] Mencari: Dusun Londa
21:46:21 | DEBUG   | [L1 Wiki] Error: Expecting value: line 1 column 1 (char 0)
21:46:21 | DEBUG   |       L1 Gagal, mencoba L2 DDGS...
21:46:34 | INFO    |       => Sukses dari: https://palontaraq.id/2023/06/20/15-spot-wisata-alam-di-enrekang/
21:46:35 | INFO    | [2282/2708] Mencari: Pasabbeng
21:46:35 | DEBUG   | [L1 Wiki] Error: Expecting value: line 1 column 1 (char 0)
21:46:35 | DEBUG   |       L1 Gagal, mencoba L2 DDGS...
21:46:48 | INFO    |       => Gagal mencari deskripsi.
21:46:49 | INFO    | [2283/2708] Mencari: Bukit Awan Wasuponda
21:46:49 | DEBUG   | [L1 Wiki] Error: Expecting value: line 1 column 1 (char 0)
21:46:49 | DEBUG   |       L1 Gagal, mencoba L2 DDGS...
21:46:55 | INFO    |       => Sukses dari: https://tabarano.digitaldesa.id/wisata/bukit-awan-tabarano
21:46:56 | INFO    | [2284/2708] Mencari: Watu Tiwa Toar Lumimuut
21:46:56 | DEBUG   | [L1 Wiki] Error: Expecting value: line 1 column 1 (char 0)
21:46:56 | DEBUG   |       L1 Gagal, mencoba L2 DDGS...
21:47:07 | DEBUG   | [L2 DDGS] Error: ConnectError: ConnectError('error sending request for url (https://html.duckduckgo.com/html/)', 'https://html.duckduckgo.com/html/')
21:47:07 | INFO    |       => Gagal mencari deskripsi.
21:47:08 | INFO    | [2285/2708] Mencari: Tracking Mangrove Bumdes Mandiri Tabilaa
21:47:08 | DEBUG   | [L1 Wiki] Error: Expecting value: line 1 column 1 (char 0)
21:47:08 | DEBUG   |       L1 Gagal, mencoba L2 DDGS...
21:47:13 | INFO    |       => Sukses dari: https://idalamat.com/alamat/679800/tracking-mangrove-bumdes-mandiri-tabilaa-bolaang-mongondow-sulawesi-utara
21:47:14 | INFO    | [2286/2708] Mencari: GMIST BUKIT KASIH
21:47:14 | DEBUG   | [L1 Wiki] Error: Expecting value: line 1 column 1 (char 0)
21:47:14 | DEBUG   |       L1 Gagal, mencoba L2 DDGS...
21:47:21 | DEBUG   | [L2 DDGS] Error: ConnectError: ConnectError('error sending request for url (https://html.duckduckgo.com/html/)', 'https://html.duckduckgo.com/html/')
21:47:21 | INFO    |       => Gagal mencari deskripsi.
21:47:23 | INFO    | [2287/2708] Mencari: Bukit Punggung Kuda Talise
21:47:23 | DEBUG   | [L1 Wiki] Error: Expecting value: line 1 column 1 (char 0)
21:47:23 | DEBUG   |       L1 Gagal, mencoba L2 DDGS...
21:47:29 | INFO    |       => Sukses dari: https://travels.id/pantai-talise-simfoni-alam-dan-kebangkitan-di-hati-kota-palu/
21:47:31 | INFO    | [2288/2708] Mencari: Wisata Alam Goa Lembono Mata
21:47:31 | DEBUG   | [L1 Wiki] Error: Expecting value: line 1 column 1 (char 0)
21:47:31 | DEBUG   |       L1 Gagal, mencoba L2 DDGS...
21:47:38 | DEBUG   | [L2 DDGS] Error: RequestError: RequestError('error sending request for url (https://search.yahoo.com/search;_ylt=cZwaYb0CQZXqAh9YZk10-Qzg;_ylu=d5Zrz4quNx6lwo7sa0tn2nLUiVVpf20ewMhh1WuLA5N8Mzo?p=Wisata+Alam+Goa+Lembono+Mata+Kabupaten+Morowali+wisata)', 'https://search.yahoo.com/search;_ylt=cZwaYb0CQZXqAh9YZk10-Qzg;_ylu=d5Zrz4quNx6lwo7sa0tn2nLUiVVpf20ewMhh1WuLA5N8Mzo?p=Wisata+Alam+Goa+Lembono+Mata+Kabupaten+Morowali+wisata')
21:47:38 | INFO    |       => Gagal mencari deskripsi.
21:47:39 | INFO    | [2289/2708] Mencari: Bombana's Beach Garden
21:47:39 | DEBUG   | [L1 Wiki] Error: Expecting value: line 1 column 1 (char 0)
21:47:39 | DEBUG   |       L1 Gagal, mencoba L2 DDGS...
21:47:48 | DEBUG   | [L2 DDGS] Error: ConnectError: ConnectError('error sending request for url (https://html.duckduckgo.com/html/)', 'https://html.duckduckgo.com/html/')
21:47:48 | INFO    |       => Gagal mencari deskripsi.
21:47:49 | INFO    | *** Auto-saving 1720 baris diproses...
21:47:49 | INFO    | [2290/2708] Mencari: Permandian kaaghi
21:47:49 | DEBUG   | [L1 Wiki] Error: Expecting value: line 1 column 1 (char 0)
21:47:49 | DEBUG   |       L1 Gagal, mencoba L2 DDGS...
21:48:00 | DEBUG   | [L2 DDGS] Error: ConnectError: ConnectError('error sending request for url (https://html.duckduckgo.com/html/)', 'https://html.duckduckgo.com/html/')
21:48:00 | INFO    |       => Gagal mencari deskripsi.
21:48:01 | INFO    | [2291/2708] Mencari: kioko beach
21:48:01 | DEBUG   | [L1 Wiki] Error: Expecting value: line 1 column 1 (char 0)
21:48:01 | DEBUG   |       L1 Gagal, mencoba L2 DDGS...
21:48:09 | DEBUG   | [L2 DDGS] Error: ConnectError: ConnectError('error sending request for url (https://html.duckduckgo.com/html/)', 'https://html.duckduckgo.com/html/')
21:48:09 | INFO    |       => Gagal mencari deskripsi.
21:48:10 | INFO    | [2292/2708] Mencari: WISATA SALUKAILI
21:48:10 | DEBUG   | [L1 Wiki] Error: Expecting value: line 1 column 1 (char 0)
21:48:10 | DEBUG   |       L1 Gagal, mencoba L2 DDGS...
21:48:18 | INFO    |       => Sukses dari: https://tempatwisataseru.com/tempat-wisata-di-mamuju-terbaik-hits-yang-wajib-dikunjungi/
21:48:19 | INFO    | [2293/2708] Mencari: Pantai Barane Kiri
21:48:19 | DEBUG   | [L1 Wiki] Error: Expecting value: line 1 column 1 (char 0)
21:48:19 | DEBUG   |       L1 Gagal, mencoba L2 DDGS...
21:48:28 | INFO    |       => Sukses dari: https://www.geokepo.id/id/lokasi/majene/pantai-barane
21:48:29 | INFO    | [2294/2708] Mencari: Bukit Ceria
21:48:29 | DEBUG   | [L1 Wiki] Error: Expecting value: line 1 column 1 (char 0)
21:48:29 | DEBUG   |       L1 Gagal, mencoba L2 DDGS...
21:48:42 | DEBUG   | [L2 DDGS] Error: No results found.
21:48:42 | INFO    |       => Gagal mencari deskripsi.
21:48:43 | INFO    | [2295/2708] Mencari: Alun-Alun Kab. Bone
21:48:43 | DEBUG   | [L1 Wiki] Error: Expecting value: line 1 column 1 (char 0)
21:48:43 | DEBUG   |       L1 Gagal, mencoba L2 DDGS...
21:48:54 | DEBUG   | [L2 DDGS] Error: ConnectError: ConnectError('error sending request for url (https://html.duckduckgo.com/html/)', 'https://html.duckduckgo.com/html/')
21:48:54 | INFO    |       => Gagal mencari deskripsi.
21:48:55 | INFO    | [2296/2708] Mencari: Pantai berjodoh
21:48:56 | DEBUG   | [L1 Wiki] Error: Expecting value: line 1 column 1 (char 0)
21:48:56 | DEBUG   |       L1 Gagal, mencoba L2 DDGS...
21:49:04 | DEBUG   | [L2 DDGS] Error: ConnectError: ConnectError('error sending request for url (https://html.duckduckgo.com/html/)', 'https://html.duckduckgo.com/html/')
21:49:04 | INFO    |       => Gagal mencari deskripsi.
21:49:05 | INFO    | [2297/2708] Mencari: Pantai Baloyya
21:49:05 | DEBUG   | [L1 Wiki] Error: Expecting value: line 1 column 1 (char 0)
21:49:05 | DEBUG   |       L1 Gagal, mencoba L2 DDGS...
21:49:17 | DEBUG   | [L2 DDGS] Error: RequestError: RequestError('error sending request for url (https://search.yahoo.com/search;_ylt=dPxcGLZ67lkdmBOrByPVsaI7;_ylu=LFxnI3OkNbVB1ki7uwnYuJE_PZLMxUvtwGFl14Wm4IZ3gxU?p=Pantai+Baloyya+Kabupaten+Kepulauan+Selayar+wisata)', 'https://search.yahoo.com/search;_ylt=dPxcGLZ67lkdmBOrByPVsaI7;_ylu=LFxnI3OkNbVB1ki7uwnYuJE_PZLMxUvtwGFl14Wm4IZ3gxU?p=Pantai+Baloyya+Kabupaten+Kepulauan+Selayar+wisata')
21:49:17 | INFO    |       => Gagal mencari deskripsi.
21:49:19 | INFO    | [2298/2708] Mencari: Permandian Alam Lorong 2 Trans
21:49:19 | DEBUG   | [L1 Wiki] Error: Expecting value: line 1 column 1 (char 0)
21:49:19 | DEBUG   |       L1 Gagal, mencoba L2 DDGS...
21:49:27 | INFO    |       => Sukses dari: https://id.scribd.com/document/752299157/Data-Objek-Wisata-Luwu-Timur
21:49:29 | INFO    | [2299/2708] Mencari: Wisata Alam Rano Reindang Desa Leilem
21:49:29 | DEBUG   | [L1 Wiki] Error: Expecting value: line 1 column 1 (char 0)
21:49:29 | DEBUG   |       L1 Gagal, mencoba L2 DDGS...
21:49:36 | DEBUG   | [L2 DDGS] Error: ConnectError: ConnectError('error sending request for url (https://html.duckduckgo.com/html/)', 'https://html.duckduckgo.com/html/')
21:49:36 | INFO    |       => Gagal mencari deskripsi.
21:49:37 | INFO    | [2300/2708] Mencari: Pantai Pulau Kelapa Bungkutoko
21:49:37 | DEBUG   | [L1 Wiki] Error: Expecting value: line 1 column 1 (char 0)
21:49:37 | DEBUG   |       L1 Gagal, mencoba L2 DDGS...
21:49:45 | DEBUG   | [L2 DDGS] Error: ConnectError: ConnectError('error sending request for url (https://html.duckduckgo.com/html/)', 'https://html.duckduckgo.com/html/')
21:49:45 | INFO    |       => Gagal mencari deskripsi.
21:49:46 | INFO    | [2301/2708] Mencari: TUGU KUDA DESA LAILANGGA
21:49:46 | DEBUG   | [L1 Wiki] Error: Expecting value: line 1 column 1 (char 0)
21:49:46 | DEBUG   |       L1 Gagal, mencoba L2 DDGS...
21:49:53 | DEBUG   | [L2 DDGS] Error: ConnectError: ConnectError('error sending request for url (https://html.duckduckgo.com/html/)', 'https://html.duckduckgo.com/html/')
21:49:53 | INFO    |       => Gagal mencari deskripsi.
21:49:55 | INFO    | [2302/2708] Mencari: Pantai Wasampela
21:49:55 | DEBUG   | [L1 Wiki] Error: Expecting value: line 1 column 1 (char 0)
21:49:55 | DEBUG   |       L1 Gagal, mencoba L2 DDGS...
21:50:03 | INFO    |       => Sukses dari: https://gor.wikipedia.org/wiki/Wasampela,_Wabula,_Buton
21:50:05 | INFO    | [2303/2708] Mencari: Bukit tangga bali botutonuo
21:50:05 | DEBUG   | [L1 Wiki] Error: Expecting value: line 1 column 1 (char 0)
21:50:05 | DEBUG   |       L1 Gagal, mencoba L2 DDGS...
21:50:12 | INFO    |       => Sukses dari: https://www.liputan6.com/regional/read/2956274/pagi-indah-di-bukit-tangga-bali-pesona-ala-pulau-dewata
21:50:14 | INFO    | [2304/2708] Mencari: Limboto Lake
21:50:14 | DEBUG   | [L1 Wiki] Error: Expecting value: line 1 column 1 (char 0)
21:50:14 | DEBUG   |       L1 Gagal, mencoba L2 DDGS...
21:50:18 | INFO    |       => Sukses dari: https://radarlawu.jawapos.com/wisata/2205136888/danau-limboto-daya-tarik-harga-tiket-fasilitas-jam-operasional-dan-rute
21:50:19 | INFO    | [2305/2708] Mencari: Pantai Botuliodu
21:50:19 | DEBUG   | [L1 Wiki] Error: Expecting value: line 1 column 1 (char 0)
21:50:19 | DEBUG   |       L1 Gagal, mencoba L2 DDGS...
21:50:29 | INFO    |       => Sukses dari: https://www.geokepo.id/id/lokasi/bolaang-mongondow-selatan/air-terjun-botuliodu
21:50:31 | INFO    | [2306/2708] Mencari: Wisata Air Terjun Desa Gangga
21:50:31 | DEBUG   | [L1 Wiki] Error: Expecting value: line 1 column 1 (char 0)
21:50:31 | DEBUG   |       L1 Gagal, mencoba L2 DDGS...
21:50:38 | INFO    |       => Sukses dari: https://kutora.id/daerah/beberapa-rekomendasi-wisata-yang-ada-di-parigi-moutong/3297/
21:50:40 | INFO    | [2307/2708] Mencari: Goa Tokubet
21:50:40 | DEBUG   | [L1 Wiki] Error: Expecting value: line 1 column 1 (char 0)
21:50:40 | DEBUG   |       L1 Gagal, mencoba L2 DDGS...
21:50:48 | INFO    |       => Gagal mencari deskripsi.
21:50:49 | INFO    | [2308/2708] Mencari: KOYO BEACH
21:50:49 | DEBUG   | [L1 Wiki] Error: Expecting value: line 1 column 1 (char 0)
21:50:49 | DEBUG   |       L1 Gagal, mencoba L2 DDGS...
21:51:04 | INFO    |       => Gagal mencari deskripsi.
21:51:05 | INFO    | [2309/2708] Mencari: Air Terjun Sarassa
21:51:06 | DEBUG   | [L1 Wiki] Error: Expecting value: line 1 column 1 (char 0)
21:51:06 | DEBUG   |       L1 Gagal, mencoba L2 DDGS...
21:51:20 | INFO    |       => Sukses dari: https://www.geokepo.id/id/lokasi/luwu/air-terjun-sarassa
21:51:22 | INFO    | *** Auto-saving 1740 baris diproses...
21:51:22 | INFO    | [2310/2708] Mencari: Pantai Sukamaju
21:51:22 | DEBUG   | [L1 Wiki] Error: Expecting value: line 1 column 1 (char 0)
21:51:22 | DEBUG   |       L1 Gagal, mencoba L2 DDGS...
21:51:28 | DEBUG   | [L2 DDGS] Error: ConnectError: ConnectError('error sending request for url (https://html.duckduckgo.com/html/)', 'https://html.duckduckgo.com/html/')
21:51:28 | INFO    |       => Gagal mencari deskripsi.
21:51:30 | INFO    | [2311/2708] Mencari: Wisata JatiLodungga
21:51:30 | DEBUG   | [L1 Wiki] Error: Expecting value: line 1 column 1 (char 0)
21:51:30 | DEBUG   |       L1 Gagal, mencoba L2 DDGS...
21:51:37 | INFO    |       => Sukses dari: https://travel.kompas.com/read/2020/10/08/073900527/25-wisata-gorontalo-wisata-sejarah-hingga-bertemu-hiu-paus-
21:51:39 | INFO    | [2312/2708] Mencari: Pantai Motihelumo
21:51:39 | DEBUG   | [L1 Wiki] Error: Expecting value: line 1 column 1 (char 0)
21:51:39 | DEBUG   |       L1 Gagal, mencoba L2 DDGS...
21:51:47 | INFO    |       => Sukses dari: https://www.genpi.co/travel/7478/pesona-pantai-moti-ombak-dan-kesegarannya
21:51:48 | INFO    | [2313/2708] Mencari: Wisata Air Terjun Botuliodu
21:51:48 | DEBUG   | [L1 Wiki] Error: Expecting value: line 1 column 1 (char 0)
21:51:48 | DEBUG   |       L1 Gagal, mencoba L2 DDGS...
21:51:55 | INFO    |       => Sukses dari: https://id.wikipedia.org/wiki/Daftar_tempat_wisata_di_Indonesia
21:51:56 | INFO    | [2314/2708] Mencari: Wisata Pantai Nonong
21:51:56 | DEBUG   | [L1 Wiki] Error: Expecting value: line 1 column 1 (char 0)
21:51:56 | DEBUG   |       L1 Gagal, mencoba L2 DDGS...
21:52:02 | INFO    |       => Sukses dari: https://tempatwisataseru.com/tempat-wisata-di-banggai-kepulauan/
21:52:03 | INFO    | [2315/2708] Mencari: PUNCAK BABO ANJAM
21:52:03 | DEBUG   | [L1 Wiki] Error: Expecting value: line 1 column 1 (char 0)
21:52:03 | DEBUG   |       L1 Gagal, mencoba L2 DDGS...
21:52:08 | INFO    |       => Sukses dari: https://www.cedhak.com/sulawesi/205/pijar-beach-cottages/
21:52:10 | INFO    | [2316/2708] Mencari: permandian toronipa
21:52:10 | DEBUG   | [L1 Wiki] Error: Expecting value: line 1 column 1 (char 0)
21:52:10 | DEBUG   |       L1 Gagal, mencoba L2 DDGS...
21:52:16 | INFO    |       => Sukses dari: https://travelspromo.com/htm-wisata/pantai-toronipa-konawe/
21:52:17 | INFO    | [2317/2708] Mencari: Desa Wisata Biring Ere
21:52:18 | DEBUG   | [L1 Wiki] Error: Expecting value: line 1 column 1 (char 0)
21:52:18 | DEBUG   |       L1 Gagal, mencoba L2 DDGS...
21:52:24 | INFO    |       => Sukses dari: https://id.wikipedia.org/wiki/Biring_Ere,_Bungoro,_Pangkajene_dan_Kepulauan
21:52:25 | INFO    | [2318/2708] Mencari: Rise and Shine
21:52:25 | DEBUG   | [L1 Wiki] Error: Expecting value: line 1 column 1 (char 0)
21:52:25 | DEBUG   |       L1 Gagal, mencoba L2 DDGS...
21:52:33 | INFO    |       => Sukses dari: https://www.detik.com/sulsel/wisata/d-6594141/23-objek-wisata-di-parepare-mulai-pesona-alam-hingga-situs-sejarah
21:52:34 | INFO    | [2319/2708] Mencari: Bukit Alitta Madani
21:52:34 | DEBUG   | [L1 Wiki] Error: Expecting value: line 1 column 1 (char 0)
21:52:34 | DEBUG   |       L1 Gagal, mencoba L2 DDGS...
21:52:44 | INFO    |       => Gagal mencari deskripsi.
21:52:45 | INFO    | [2320/2708] Mencari: Air terjun Talise
21:52:45 | DEBUG   | [L1 Wiki] Error: Expecting value: line 1 column 1 (char 0)
21:52:45 | DEBUG   |       L1 Gagal, mencoba L2 DDGS...
21:52:53 | INFO    |       => Gagal mencari deskripsi.
21:52:55 | INFO    | [2321/2708] Mencari: Kuburan Alam Alla'
21:52:55 | DEBUG   | [L1 Wiki] Error: Expecting value: line 1 column 1 (char 0)
21:52:55 | DEBUG   |       L1 Gagal, mencoba L2 DDGS...
21:53:06 | DEBUG   | [L2 BS4] Gagal ekstraksi url https://disbudpar.torajautarakab.go.id/page/wisata/31/@visittorajautara -> HTTPSConnectionPool(host='disbudpar.torajautarakab.go.id', port=443): Max retries exceeded with url: /page/wisata/31/@visittorajautara (Caused by ConnectTimeoutError(<HTTPSConnection(host='disbudpar.torajautarakab.go.id', port=443) at 0x1631d5c96d0>, 'Connection to disbudpar.torajautarakab.go.id timed out. (connect timeout=8)'))
21:53:08 | INFO    |       => Sukses dari: https://nusantara.co/post/rekomendasi-tempat-wisata-makam-kuno-untuk-liburan-akhir-tahun-di-toraja/
21:53:10 | INFO    | [2322/2708] Mencari: Tugu Perang Dunia II
21:53:10 | DEBUG   | [L1 Wiki] Error: Expecting value: line 1 column 1 (char 0)
21:53:10 | DEBUG   |       L1 Gagal, mencoba L2 DDGS...
21:53:16 | INFO    |       => Sukses dari: https://www.idntimes.com/travel/destination/wisata-sejarah-di-manado-00-r95nh-vcg2k9
21:53:18 | INFO    | [2323/2708] Mencari: Makam Raja Tadohe
21:53:18 | DEBUG   | [L1 Wiki] Error: Expecting value: line 1 column 1 (char 0)
21:53:18 | DEBUG   |       L1 Gagal, mencoba L2 DDGS...
21:53:29 | INFO    |       => Sukses dari: https://www.probmr.com/read/24322/makam-raja-abo-tadohe-bakal-dikembangkan-menjadi-wisata-budaya.html
21:53:31 | INFO    | [2324/2708] Mencari: Air terjun muntoi( DAKOL )
21:53:31 | DEBUG   | [L1 Wiki] Error: Expecting value: line 1 column 1 (char 0)
21:53:31 | DEBUG   |       L1 Gagal, mencoba L2 DDGS...
21:53:36 | INFO    |       => Sukses dari: https://id.wikipedia.org/wiki/Muntoi_Induk,_Passi_Barat,_Bolaang_Mongondow
21:53:37 | INFO    | [2325/2708] Mencari: Air Terjun Tudu Aog
21:53:37 | DEBUG   | [L1 Wiki] Error: Expecting value: line 1 column 1 (char 0)
21:53:37 | DEBUG   |       L1 Gagal, mencoba L2 DDGS...
21:53:52 | INFO    |       => Sukses dari: https://www.kaskus.co.id/thread/6366d2c4ae65db112b28761f/air-terjun-tudu-aog-surga-tersembunyi-di-bolaang-mongondow
21:53:53 | INFO    | [2326/2708] Mencari: Wisata PULAU PARA
21:53:53 | DEBUG   | [L1 Wiki] Error: Expecting value: line 1 column 1 (char 0)
21:53:53 | DEBUG   |       L1 Gagal, mencoba L2 DDGS...
21:53:59 | INFO    |       => Sukses dari: https://travel.kompas.com/read/2021/05/04/163226127/14-wisata-bawah-laut-di-kepulauan-sangihe-ini-bikin-pangling-wisatawan
21:54:00 | INFO    | [2327/2708] Mencari: Wisata Kebun Bunga OVA
21:54:00 | DEBUG   | [L1 Wiki] Error: Expecting value: line 1 column 1 (char 0)
21:54:00 | DEBUG   |       L1 Gagal, mencoba L2 DDGS...
21:54:03 | INFO    |       => Gagal mencari deskripsi.
21:54:05 | INFO    | [2328/2708] Mencari: Pantai Batu Kapal
21:54:05 | DEBUG   | [L1 Wiki] Error: Expecting value: line 1 column 1 (char 0)
21:54:05 | DEBUG   |       L1 Gagal, mencoba L2 DDGS...
21:54:11 | INFO    |       => Sukses dari: https://travel.detik.com/cerita-perjalanan/d-5390353/maluku-bagai-surga-pantai-ini-buktinya
21:54:13 | INFO    | [2329/2708] Mencari: BOLRE ATO BVULYUD
21:54:13 | DEBUG   | [L1 Wiki] Error: Expecting value: line 1 column 1 (char 0)
21:54:13 | DEBUG   |       L1 Gagal, mencoba L2 DDGS...
21:54:29 | INFO    |       => Gagal mencari deskripsi.
21:54:30 | INFO    | *** Auto-saving 1760 baris diproses...
21:54:30 | INFO    | [2330/2708] Mencari: Gerbang utama Masjid Al alam
21:54:30 | DEBUG   | [L1 Wiki] Error: Expecting value: line 1 column 1 (char 0)
21:54:30 | DEBUG   |       L1 Gagal, mencoba L2 DDGS...
21:54:35 | INFO    |       => Sukses dari: https://travel.kompas.com/read/2023/08/22/233257727/25-tempat-wisata-kendari-lengkap-ada-pantai-dan-bukit?page=all
21:54:37 | INFO    | [2331/2708] Mencari: Desa labengki
21:54:37 | DEBUG   | [L1 Wiki] Error: Expecting value: line 1 column 1 (char 0)
21:54:37 | DEBUG   |       L1 Gagal, mencoba L2 DDGS...
21:54:53 | DEBUG   | [L2 BS4] Gagal ekstraksi url https://jadesta.kemenpar.go.id/desa/labengki_1 -> HTTPSConnectionPool(host='jadesta.kemenpar.go.id', port=443): Read timed out.
21:54:55 | INFO    |       => Sukses dari: https://visitkonutkab.wixsite.com/explore-konaweutara/pulau-labengki
21:54:56 | INFO    | [2332/2708] Mencari: Air Terjun Paralahune
21:54:56 | DEBUG   | [L1 Wiki] Error: Expecting value: line 1 column 1 (char 0)
21:54:56 | DEBUG   |       L1 Gagal, mencoba L2 DDGS...
21:55:11 | DEBUG   | [L2 BS4] Gagal ekstraksi url https://sisparnas.kemenparekraf.go.id/p/45629 -> HTTPSConnectionPool(host='sisparnas.kemenparekraf.go.id', port=443): Max retries exceeded with url: /p/45629 (Caused by NameResolutionError("HTTPSConnection(host='sisparnas.kemenparekraf.go.id', port=443): Failed to resolve 'sisparnas.kemenparekraf.go.id' ([Errno 11002] getaddrinfo failed)"))
21:55:13 | INFO    |       => Gagal mencari deskripsi.
21:55:14 | INFO    | [2333/2708] Mencari: air terjun lantangahi desa todanga
21:55:14 | DEBUG   | [L1 Wiki] Error: Expecting value: line 1 column 1 (char 0)
21:55:14 | DEBUG   |       L1 Gagal, mencoba L2 DDGS...
21:55:20 | INFO    |       => Sukses dari: https://id.wikipedia.org/wiki/Kabupaten_Buton
21:55:22 | INFO    | [2334/2708] Mencari: Air Terjun Doule
21:55:22 | DEBUG   | [L1 Wiki] Error: Expecting value: line 1 column 1 (char 0)
21:55:22 | DEBUG   |       L1 Gagal, mencoba L2 DDGS...
21:55:34 | INFO    |       => Gagal mencari deskripsi.
21:55:36 | INFO    | [2335/2708] Mencari: Wisata Bahari Leato
21:55:36 | DEBUG   | [L1 Wiki] Error: Expecting value: line 1 column 1 (char 0)
21:55:36 | DEBUG   |       L1 Gagal, mencoba L2 DDGS...
21:55:42 | INFO    |       => Sukses dari: https://20.detik.com/spot-wisata/20260115-260115140/menyelam-dan-menikmati-keindahan-bawah-laut-di-pantai-leato-gorontalo
21:55:43 | INFO    | [2336/2708] Mencari: Huidu Boliyohuto
21:55:43 | DEBUG   | [L1 Wiki] Error: Expecting value: line 1 column 1 (char 0)
21:55:43 | DEBUG   |       L1 Gagal, mencoba L2 DDGS...
21:55:47 | INFO    |       => Sukses dari: https://id.wikipedia.org/wiki/Gunung_Boliyohuto
21:55:49 | INFO    | [2337/2708] Mencari: Air terjun mata tumpang
21:55:49 | DEBUG   | [L1 Wiki] Error: Expecting value: line 1 column 1 (char 0)
21:55:49 | DEBUG   |       L1 Gagal, mencoba L2 DDGS...
21:56:02 | INFO    |       => Sukses dari: https://travel.tribunnews.com/2025/09/28/4-air-terjun-di-kabupaten-gowa-sulawesi-selatan-lokasi-hingga-daya-tarik
21:56:03 | INFO    | [2338/2708] Mencari: Makam Raja-Raja Sanrobone
21:56:03 | DEBUG   | [L1 Wiki] Error: Expecting value: line 1 column 1 (char 0)
21:56:03 | DEBUG   |       L1 Gagal, mencoba L2 DDGS...
21:56:09 | INFO    |       => Sukses dari: https://id.wikipedia.org/wiki/Sanrobone,_Takalar
21:56:10 | INFO    | [2339/2708] Mencari: Bulu Mallocie
21:56:10 | DEBUG   | [L1 Wiki] Error: Expecting value: line 1 column 1 (char 0)
21:56:10 | DEBUG   |       L1 Gagal, mencoba L2 DDGS...
21:56:21 | INFO    |       => Gagal mencari deskripsi.
21:56:23 | INFO    | [2340/2708] Mencari: Gunung Labokke
21:56:23 | DEBUG   | [L1 Wiki] Error: Expecting value: line 1 column 1 (char 0)
21:56:23 | DEBUG   |       L1 Gagal, mencoba L2 DDGS...
21:56:29 | INFO    |       => Sukses dari: https://www.inspirasitimur.com/2026/02/safari-ramadan-di-bua-pemkab-luwu.html
21:56:30 | INFO    | [2341/2708] Mencari: Kebun Tundo Wudan
21:56:30 | DEBUG   | [L1 Wiki] Error: Expecting value: line 1 column 1 (char 0)
21:56:30 | DEBUG   |       L1 Gagal, mencoba L2 DDGS...
21:56:39 | INFO    |       => Sukses dari: https://kelaswisata.id/wisata-di-bitung/
21:56:41 | INFO    | [2342/2708] Mencari: Wisata Pemandian Air Panas Desa Lowian
21:56:41 | DEBUG   | [L1 Wiki] Error: Expecting value: line 1 column 1 (char 0)
21:56:41 | DEBUG   |       L1 Gagal, mencoba L2 DDGS...
21:56:47 | INFO    |       => Sukses dari: https://www.detik.com/kalimantan/wisata/d-8428664/harga-wisata-pemandian-air-panas-tanuhi-loksado-serta-lokasi-dan-fasilitasnya
21:56:49 | INFO    | [2343/2708] Mencari: Air terjun bontoa
21:56:49 | DEBUG   | [L1 Wiki] Error: Expecting value: line 1 column 1 (char 0)
21:56:49 | DEBUG   |       L1 Gagal, mencoba L2 DDGS...
21:56:55 | INFO    |       => Sukses dari: https://www.detik.com/sulsel/wisata/d-6362118/rammang-rammang-wisata-pegunungan-karst-terbesar-di-dunia-ada-di-maros
21:56:56 | INFO    | [2344/2708] Mencari: Wisata permandian Purau
21:56:56 | DEBUG   | [L1 Wiki] Error: Expecting value: line 1 column 1 (char 0)
21:56:56 | DEBUG   |       L1 Gagal, mencoba L2 DDGS...
21:57:01 | INFO    |       => Sukses dari: https://kolutkab.go.id/
21:57:02 | INFO    | [2345/2708] Mencari: BUKIT NIZAM
21:57:03 | DEBUG   | [L1 Wiki] Error: Expecting value: line 1 column 1 (char 0)
21:57:03 | DEBUG   |       L1 Gagal, mencoba L2 DDGS...
21:57:10 | INFO    |       => Gagal mencari deskripsi.
21:57:11 | INFO    | [2346/2708] Mencari: Pantai Pasir Putih Palipi Soreang
21:57:11 | DEBUG   | [L1 Wiki] Error: Expecting value: line 1 column 1 (char 0)
21:57:11 | DEBUG   |       L1 Gagal, mencoba L2 DDGS...
21:57:19 | DEBUG   | [L2 BS4] Gagal ekstraksi url https://jadesta.kemenparekraf.go.id/desa/paso -> HTTPSConnectionPool(host='jadesta.kemenparekraf.go.id', port=443): Max retries exceeded with url: /desa/paso (Caused by NameResolutionError("HTTPSConnection(host='jadesta.kemenparekraf.go.id', port=443): Failed to resolve 'jadesta.kemenparekraf.go.id' ([Errno 11002] getaddrinfo failed)"))
21:57:20 | INFO    |       => Sukses dari: https://travel.kompas.com/read/2012/10/19/1719584/kiat-wisata-ke-majene
21:57:21 | INFO    | [2347/2708] Mencari: Pohon Keramat Baurung
21:57:21 | DEBUG   | [L1 Wiki] Error: Expecting value: line 1 column 1 (char 0)
21:57:21 | DEBUG   |       L1 Gagal, mencoba L2 DDGS...
21:57:28 | DEBUG   | [L2 BS4] Gagal ekstraksi url https://jadesta.kemenparekraf.go.id/desa/adolang_1 -> HTTPSConnectionPool(host='jadesta.kemenparekraf.go.id', port=443): Max retries exceeded with url: /desa/adolang_1 (Caused by NameResolutionError("HTTPSConnection(host='jadesta.kemenparekraf.go.id', port=443): Failed to resolve 'jadesta.kemenparekraf.go.id' ([Errno 11002] getaddrinfo failed)"))
21:57:37 | INFO    |       => Sukses dari: https://travel.detik.com/domestic-destination/d-4927040/pantai-batu-taka-urung-di-majene-ini-anti-wisatawan-tukang-selingkuh
21:57:38 | INFO    | [2348/2708] Mencari: Development Wisata Bahari Punagaya
21:57:38 | DEBUG   | [L1 Wiki] Error: Expecting value: line 1 column 1 (char 0)
21:57:38 | DEBUG   |       L1 Gagal, mencoba L2 DDGS...
21:57:44 | INFO    |       => Sukses dari: https://tempatwisataunik.com/wisata-indonesia/wisata-bahari-di-indonesia
21:57:45 | INFO    | [2349/2708] Mencari: Kawasan Wisata Buntu Sarira
21:57:45 | DEBUG   | [L1 Wiki] Error: Expecting value: line 1 column 1 (char 0)
21:57:45 | DEBUG   |       L1 Gagal, mencoba L2 DDGS...
21:57:49 | DEBUG   | [L2 BS4] Gagal ekstraksi url https://www.direktori-wisata.com/buntu-sarira-wisata-alam-eksotis-di-tana-toraja-yang-berjuluk-negeri-di-atas-awan/ -> HTTPSConnectionPool(host='www.direktori-wisata.com', port=443): Max retries exceeded with url: /buntu-sarira-wisata-alam-eksotis-di-tana-toraja-yang-berjuluk-negeri-di-atas-awan/ (Caused by NameResolutionError("HTTPSConnection(host='www.direktori-wisata.com', port=443): Failed to resolve 'www.direktori-wisata.com' ([Errno 11001] getaddrinfo failed)"))
21:57:51 | INFO    |       => Sukses dari: https://evendo.com/locations/indonesia/tana-toraja/attraction/kawasan-wisata-buntu-sarira
21:57:53 | INFO    | *** Auto-saving 1780 baris diproses...
21:57:53 | INFO    | [2350/2708] Mencari: TANJUNG TAYAPU
21:57:53 | DEBUG   | [L1 Wiki] Error: Expecting value: line 1 column 1 (char 0)
21:57:53 | DEBUG   |       L1 Gagal, mencoba L2 DDGS...
21:58:02 | INFO    |       => Sukses dari: https://disbudparminahasa.com/wisata-alam
21:58:03 | INFO    | [2351/2708] Mencari: Pantai Talowara
21:58:03 | DEBUG   | [L1 Wiki] Error: Expecting value: line 1 column 1 (char 0)
21:58:03 | DEBUG   |       L1 Gagal, mencoba L2 DDGS...
21:58:14 | INFO    |       => Gagal mencari deskripsi.
21:58:16 | INFO    | [2352/2708] Mencari: Agrowisata Bunti Ede Padende
21:58:16 | DEBUG   | [L1 Wiki] Error: Expecting value: line 1 column 1 (char 0)
21:58:16 | DEBUG   |       L1 Gagal, mencoba L2 DDGS...
21:58:25 | DEBUG   | [L2 DDGS] Error: ('error sending request for url (https://yandex.com/search/site/?text=Agrowisata+Bunti+Ede+Padende+Kabupaten+Sigi+wisata&web=1&searchid=9187826)', 'https://yandex.com/search/site/?text=Agrowisata+Bunti+Ede+Padende+Kabupaten+Sigi+wisata&web=1&searchid=9187826')
21:58:25 | INFO    |       => Gagal mencari deskripsi.
21:58:27 | INFO    | [2353/2708] Mencari: Pantai Sunset
21:58:27 | DEBUG   | [L1 Wiki] Error: Expecting value: line 1 column 1 (char 0)
21:58:27 | DEBUG   |       L1 Gagal, mencoba L2 DDGS...
21:58:36 | INFO    |       => Sukses dari: https://www.idntimes.com/travel/destination/rute-lokasi-dan-tipsnya-pusat-laut-donggala-00-819v4-zqbfn6
21:58:38 | INFO    | [2354/2708] Mencari: Desa Bosagon jaya
21:58:38 | DEBUG   | [L1 Wiki] Error: Expecting value: line 1 column 1 (char 0)
21:58:38 | DEBUG   |       L1 Gagal, mencoba L2 DDGS...
21:58:47 | INFO    |       => Sukses dari: https://gor.wikipedia.org/wiki/Bosagon_Jaya,_Ongka_Malino,_Parigi_Moutong
21:58:49 | INFO    | [2355/2708] Mencari: Aula Wisata Mangrove Matansala
21:58:49 | DEBUG   | [L1 Wiki] Error: Expecting value: line 1 column 1 (char 0)
21:58:49 | DEBUG   |       L1 Gagal, mencoba L2 DDGS...
21:58:56 | INFO    |       => Sukses dari: https://repository.untad.ac.id/id/eprint/152670/
21:58:58 | INFO    | [2356/2708] Mencari: Air Terjun Akar Darah
21:58:58 | DEBUG   | [L1 Wiki] Error: Expecting value: line 1 column 1 (char 0)
21:58:58 | DEBUG   |       L1 Gagal, mencoba L2 DDGS...
21:59:05 | INFO    |       => Sukses dari: https://beritabanggai.com/daerah/banggai/bingung-berakhir-pekan-di-mana-ini-8-pilihan-air-terjun-di-kota-luwuk/
21:59:07 | INFO    | [2357/2708] Mencari: Pantai Asmara Tapandulu
21:59:07 | DEBUG   | [L1 Wiki] Error: Expecting value: line 1 column 1 (char 0)
21:59:07 | DEBUG   |       L1 Gagal, mencoba L2 DDGS...
21:59:15 | INFO    |       => Sukses dari: https://id.wikipedia.org/wiki/Pantai_Asmara
21:59:17 | INFO    | [2358/2708] Mencari: Pantai Sampaga
21:59:17 | DEBUG   | [L1 Wiki] Error: Expecting value: line 1 column 1 (char 0)
21:59:17 | DEBUG   |       L1 Gagal, mencoba L2 DDGS...
21:59:29 | INFO    |       => Gagal mencari deskripsi.
21:59:31 | INFO    | [2359/2708] Mencari: Wisata Alam Bukit Kappung Mammesa
21:59:31 | DEBUG   | [L1 Wiki] Error: Expecting value: line 1 column 1 (char 0)
21:59:31 | DEBUG   |       L1 Gagal, mencoba L2 DDGS...
21:59:39 | INFO    |       => Sukses dari: https://idalamat.com/alamat/696696/wisata-alam-bukit-kappung-mammesa-majene-sulawesi-barat
21:59:40 | INFO    | [2360/2708] Mencari: Pantai Kassi' Bumbung
21:59:40 | DEBUG   | [L1 Wiki] Error: Expecting value: line 1 column 1 (char 0)
21:59:40 | DEBUG   |       L1 Gagal, mencoba L2 DDGS...
21:59:47 | INFO    |       => Sukses dari: https://jadesta.kemenpar.go.id/desa/pantai_kassi_bumbung_1
21:59:48 | INFO    | [2361/2708] Mencari: Padang Savana Gunung labokke
21:59:48 | DEBUG   | [L1 Wiki] Error: Expecting value: line 1 column 1 (char 0)
21:59:48 | DEBUG   |       L1 Gagal, mencoba L2 DDGS...
21:59:56 | INFO    |       => Sukses dari: https://www.idntimes.com/travel/destination/naufal-al-rahman-1/gunung-dengan-padang-savana-terindah
21:59:58 | INFO    | [2362/2708] Mencari: Air Terjun Pomoman, (Pomoman Waterfall)
21:59:58 | DEBUG   | [L1 Wiki] Error: Expecting value: line 1 column 1 (char 0)
21:59:58 | DEBUG   |       L1 Gagal, mencoba L2 DDGS...
22:00:07 | INFO    |       => Sukses dari: https://totabuan.news/2020/06/wisata-air-terjun-tersembunyi-di-desa-pomoman/
22:00:09 | INFO    | [2363/2708] Mencari: Air Terjun Desa Pannulan
22:00:09 | DEBUG   | [L1 Wiki] Error: Expecting value: line 1 column 1 (char 0)
22:00:09 | DEBUG   |       L1 Gagal, mencoba L2 DDGS...
22:00:14 | INFO    |       => Sukses dari: https://id.wikipedia.org/wiki/Pannulan,_Kabaruan,_Kepulauan_Talaud
22:00:16 | INFO    | [2364/2708] Mencari: Pantai Bahotonsu
22:00:16 | DEBUG   | [L1 Wiki] Error: Expecting value: line 1 column 1 (char 0)
22:00:16 | DEBUG   |       L1 Gagal, mencoba L2 DDGS...
22:00:33 | INFO    |       => Gagal mencari deskripsi.
22:00:34 | INFO    | [2365/2708] Mencari: Danau Lapada
22:00:34 | DEBUG   | [L1 Wiki] Error: Expecting value: line 1 column 1 (char 0)
22:00:34 | DEBUG   |       L1 Gagal, mencoba L2 DDGS...
22:00:50 | INFO    |       => Gagal mencari deskripsi.
22:00:52 | INFO    | [2366/2708] Mencari: Pulau Bokori
22:00:52 | DEBUG   | [L1 Wiki] Error: Expecting value: line 1 column 1 (char 0)
22:00:52 | DEBUG   |       L1 Gagal, mencoba L2 DDGS...
22:00:58 | INFO    |       => Sukses dari: https://wisatago.com/pulau-bokori/
22:00:59 | INFO    | [2367/2708] Mencari: Puncak sunrise saloadak
22:00:59 | DEBUG   | [L1 Wiki] Error: Expecting value: line 1 column 1 (char 0)
22:00:59 | DEBUG   |       L1 Gagal, mencoba L2 DDGS...
22:01:09 | INFO    |       => Gagal mencari deskripsi.
22:01:10 | INFO    | [2368/2708] Mencari: air terjun tiga lantai
22:01:10 | DEBUG   | [L1 Wiki] Error: Expecting value: line 1 column 1 (char 0)
22:01:10 | DEBUG   |       L1 Gagal, mencoba L2 DDGS...
22:01:19 | INFO    |       => Gagal mencari deskripsi.
22:01:21 | INFO    | [2369/2708] Mencari: Gunung parimata
22:01:21 | DEBUG   | [L1 Wiki] Error: Expecting value: line 1 column 1 (char 0)
22:01:21 | DEBUG   |       L1 Gagal, mencoba L2 DDGS...
22:01:28 | DEBUG   | [L2 BS4] Gagal ekstraksi url https://tribunrakyat.id/ayo-nikmati-4-destinasi-wisata-menarik-dan-unik-di-lembang-pata-padang/ -> HTTPSConnectionPool(host='tribunrakyat.id', port=443): Max retries exceeded with url: /ayo-nikmati-4-destinasi-wisata-menarik-dan-unik-di-lembang-pata-padang/ (Caused by NameResolutionError("HTTPSConnection(host='tribunrakyat.id', port=443): Failed to resolve 'tribunrakyat.id' ([Errno 11002] getaddrinfo failed)"))
22:01:33 | INFO    |       => Gagal mencari deskripsi.
22:01:34 | INFO    | *** Auto-saving 1800 baris diproses...
22:01:34 | INFO    | [2370/2708] Mencari: Buntu Tampo
22:01:35 | DEBUG   | [L1 Wiki] Error: Expecting value: line 1 column 1 (char 0)
22:01:35 | DEBUG   |       L1 Gagal, mencoba L2 DDGS...
22:01:44 | INFO    |       => Sukses dari: https://www.torajachannel.com/news/persoalan-macet-dan-lahan-parkir-di-objek-wisata-buntu-datu-ini-tanggapan-kepala-lembang/
22:01:46 | INFO    | [2371/2708] Mencari: Puncak Bora Palopo
22:01:46 | DEBUG   | [L1 Wiki] Error: Expecting value: line 1 column 1 (char 0)
22:01:46 | DEBUG   |       L1 Gagal, mencoba L2 DDGS...
22:01:51 | INFO    |       => Sukses dari: https://makassar.tribunnews.com/travel/1823173/buntu-pasang-palopo-destinasi-wisata-baru-dengan-panorama-kota-dari-ketinggian
22:01:53 | INFO    | [2372/2708] Mencari: Menara Pandang Bendungan Lolak
22:01:53 | DEBUG   | [L1 Wiki] Error: Expecting value: line 1 column 1 (char 0)
22:01:53 | DEBUG   |       L1 Gagal, mencoba L2 DDGS...
22:02:00 | INFO    |       => Sukses dari: https://sulut.wahananews.co/utama/bendungan-lolak-di-kabupaten-bolaang-mongondow-sulut-belum-dibuka-wisata-OJU37T7g5F
22:02:02 | INFO    | [2373/2708] Mencari: Puncak moat
22:02:02 | DEBUG   | [L1 Wiki] Error: Expecting value: line 1 column 1 (char 0)
22:02:02 | DEBUG   |       L1 Gagal, mencoba L2 DDGS...
22:02:06 | DEBUG   | [L2 BS4] Gagal ekstraksi url https://langsungupdate.com/puncak-moat-pesona-alam-tersembunyi-di-bolaang-mongondow-timur/ -> HTTPSConnectionPool(host='langsungupdate.com', port=443): Max retries exceeded with url: /puncak-moat-pesona-alam-tersembunyi-di-bolaang-mongondow-timur/ (Caused by NameResolutionError("HTTPSConnection(host='langsungupdate.com', port=443): Failed to resolve 'langsungupdate.com' ([Errno 11001] getaddrinfo failed)"))
22:02:14 | INFO    |       => Sukses dari: https://malesung.com/danau-moat-surga-tersembunyi-di-sulawesi-utara/
22:02:15 | INFO    | [2374/2708] Mencari: PULAU LAMPU
22:02:15 | DEBUG   | [L1 Wiki] Error: Expecting value: line 1 column 1 (char 0)
22:02:15 | DEBUG   |       L1 Gagal, mencoba L2 DDGS...
22:02:22 | DEBUG   | [L2 BS4] Gagal ekstraksi url https://sisparnas.kemenparekraf.go.id/p/47652 -> HTTPSConnectionPool(host='sisparnas.kemenparekraf.go.id', port=443): Max retries exceeded with url: /p/47652 (Caused by NameResolutionError("HTTPSConnection(host='sisparnas.kemenparekraf.go.id', port=443): Failed to resolve 'sisparnas.kemenparekraf.go.id' ([Errno 11002] getaddrinfo failed)"))
22:02:24 | INFO    |       => Sukses dari: https://satubmr.com/bolsel/kunjungi-pulau-lampu-ini-kata-kamaru/
22:02:26 | INFO    | [2375/2708] Mencari: Beach The Kalama Big
22:02:26 | DEBUG   | [L1 Wiki] Error: Expecting value: line 1 column 1 (char 0)
22:02:26 | DEBUG   |       L1 Gagal, mencoba L2 DDGS...
22:02:34 | INFO    |       => Sukses dari: https://www.salty.co/beaches/kalama-beach-park
22:02:35 | INFO    | [2376/2708] Mencari: Objek Wisata Pantai Mangaramba Beach
22:02:35 | DEBUG   | [L1 Wiki] Error: Expecting value: line 1 column 1 (char 0)
22:02:35 | DEBUG   |       L1 Gagal, mencoba L2 DDGS...
22:02:45 | INFO    |       => Sukses dari: https://www.talaudkab.go.id/2020/08/16/1262/
22:02:46 | INFO    | [2377/2708] Mencari: Goa Tu'a Molangke Tombiano
22:02:46 | DEBUG   | [L1 Wiki] Error: Expecting value: line 1 column 1 (char 0)
22:02:46 | DEBUG   |       L1 Gagal, mencoba L2 DDGS...
22:02:56 | INFO    |       => Gagal mencari deskripsi.
22:02:57 | INFO    | [2378/2708] Mencari: Air Terjun Pandakes
22:02:57 | DEBUG   | [L1 Wiki] Error: Expecting value: line 1 column 1 (char 0)
22:02:57 | DEBUG   |       L1 Gagal, mencoba L2 DDGS...
22:03:15 | DEBUG   | [L2 BS4] Gagal ekstraksi url https://wisato.id/wisata-air/pesona-7-tingkat-air-terjun-tanimpo-di-tojo-una-una/ -> HTTPSConnectionPool(host='wisato.id', port=443): Read timed out. (read timeout=8)
22:03:15 | INFO    |       => Gagal mencari deskripsi.
22:03:17 | INFO    | [2379/2708] Mencari: Pantai Kacili Surabi
22:03:17 | DEBUG   | [L1 Wiki] Error: Expecting value: line 1 column 1 (char 0)
22:03:17 | DEBUG   |       L1 Gagal, mencoba L2 DDGS...
22:03:29 | INFO    |       => Gagal mencari deskripsi.
22:03:31 | INFO    | [2380/2708] Mencari: Wisata Alam Gua Pehabala
22:03:31 | DEBUG   | [L1 Wiki] Error: Expecting value: line 1 column 1 (char 0)
22:03:31 | DEBUG   |       L1 Gagal, mencoba L2 DDGS...
22:03:39 | INFO    |       => Sukses dari: https://www.lpsesumenep.com/5-spot-wisata-morowali-terbaru-dan-kekinian-yang-lagi-viral/
22:03:40 | INFO    | [2381/2708] Mencari: Masjid ldii gunung jati kendari
22:03:40 | DEBUG   | [L1 Wiki] Error: Expecting value: line 1 column 1 (char 0)
22:03:40 | DEBUG   |       L1 Gagal, mencoba L2 DDGS...
22:03:50 | DEBUG   | [L2 BS4] Gagal ekstraksi url https://jadesta.kemenparekraf.go.id/desa/gunung_jati -> HTTPSConnectionPool(host='jadesta.kemenparekraf.go.id', port=443): Max retries exceeded with url: /desa/gunung_jati (Caused by NameResolutionError("HTTPSConnection(host='jadesta.kemenparekraf.go.id', port=443): Failed to resolve 'jadesta.kemenparekraf.go.id' ([Errno 11002] getaddrinfo failed)"))
22:03:52 | INFO    |       => Sukses dari: https://www.orami.co.id/magazine/tempat-wisata-kendari
22:03:53 | INFO    | [2382/2708] Mencari: BUKIT BUSEL
22:03:53 | DEBUG   | [L1 Wiki] Error: Expecting value: line 1 column 1 (char 0)
22:03:53 | DEBUG   |       L1 Gagal, mencoba L2 DDGS...
22:04:01 | INFO    |       => Sukses dari: https://www.timur-angin.com/2021/10/buton-selatan-yang-lebih-indah-dari.html
22:04:02 | INFO    | [2383/2708] Mencari: Pembuat minyak kelapa mandar
22:04:02 | DEBUG   | [L1 Wiki] Error: Expecting value: line 1 column 1 (char 0)
22:04:02 | DEBUG   |       L1 Gagal, mencoba L2 DDGS...
22:04:07 | INFO    |       => Sukses dari: https://id.scribd.com/document/648038618/220109500002-Anandatryokusuma
22:04:08 | INFO    | [2384/2708] Mencari: Wisata Pantai leato utara
22:04:09 | DEBUG   | [L1 Wiki] Error: Expecting value: line 1 column 1 (char 0)
22:04:09 | DEBUG   |       L1 Gagal, mencoba L2 DDGS...
22:04:20 | INFO    |       => Sukses dari: https://dpmptsp.gorontalokota.go.id/page/objek-wisata-kota-gorontalo
22:04:21 | INFO    | [2385/2708] Mencari: Serambi Madinah
22:04:21 | DEBUG   | [L1 Wiki] Error: Expecting value: line 1 column 1 (char 0)
22:04:21 | DEBUG   |       L1 Gagal, mencoba L2 DDGS...
22:04:28 | INFO    |       => Sukses dari: https://www.idntimes.com/travel/destination/wisata-gorontalo-1-00-cqkqh-kwcnnx
22:04:30 | INFO    | [2386/2708] Mencari: Air terjun Batu Kapal
22:04:30 | DEBUG   | [L1 Wiki] Error: Expecting value: line 1 column 1 (char 0)
22:04:30 | DEBUG   |       L1 Gagal, mencoba L2 DDGS...
22:04:41 | DEBUG   | [L2 DDGS] Error: ('error sending request for url (https://yandex.com/search/site/?text=Air+terjun+Batu+Kapal+Kabupaten+Pohuwato+wisata&web=1&searchid=4425251)', 'https://yandex.com/search/site/?text=Air+terjun+Batu+Kapal+Kabupaten+Pohuwato+wisata&web=1&searchid=4425251')
22:04:41 | INFO    |       => Gagal mencari deskripsi.
22:04:42 | INFO    | [2387/2708] Mencari: BUKIT KEMBAR
22:04:43 | DEBUG   | [L1 Wiki] Error: Expecting value: line 1 column 1 (char 0)
22:04:43 | DEBUG   |       L1 Gagal, mencoba L2 DDGS...
22:04:59 | DEBUG   | [L2 BS4] Gagal ekstraksi url https://wisato.id/wisata-alam/10-destinasi-wisata-yang-tak-boleh-terlewatkan-di-pohuwato/ -> HTTPSConnectionPool(host='wisato.id', port=443): Read timed out. (read timeout=8)
22:05:04 | INFO    |       => Gagal mencari deskripsi.
22:05:05 | INFO    | [2388/2708] Mencari: Wisata Alam Tombalan Desa Komara
22:05:05 | DEBUG   | [L1 Wiki] Error: Expecting value: line 1 column 1 (char 0)
22:05:05 | DEBUG   |       L1 Gagal, mencoba L2 DDGS...
22:05:12 | INFO    |       => Sukses dari: https://trends.tribunnews.com/2025/03/24/cuma-20-km-dari-kabupaten-takalar-wisata-indah-tersembunyi-di-takalar-cocok-buat-ngabuburit-2025
22:05:13 | INFO    | [2389/2708] Mencari: Air Terjun Nepo
22:05:14 | DEBUG   | [L1 Wiki] Error: Expecting value: line 1 column 1 (char 0)
22:05:14 | DEBUG   |       L1 Gagal, mencoba L2 DDGS...
22:05:20 | INFO    |       => Sukses dari: https://www.cedhak.com/sulawesi/941/wisata-embung-paccekke/
22:05:21 | INFO    | *** Auto-saving 1820 baris diproses...
22:05:22 | INFO    | [2390/2708] Mencari: Wisata Buntu Dengen Kambo
22:05:22 | DEBUG   | [L1 Wiki] Error: Expecting value: line 1 column 1 (char 0)
22:05:22 | DEBUG   |       L1 Gagal, mencoba L2 DDGS...
22:05:33 | DEBUG   | [L2 BS4] Gagal ekstraksi url https://jadesta.kemenparekraf.go.id/desa/kambo -> HTTPSConnectionPool(host='jadesta.kemenparekraf.go.id', port=443): Max retries exceeded with url: /desa/kambo (Caused by NameResolutionError("HTTPSConnection(host='jadesta.kemenparekraf.go.id', port=443): Failed to resolve 'jadesta.kemenparekraf.go.id' ([Errno 11002] getaddrinfo failed)"))
22:05:34 | INFO    |       => Sukses dari: https://www.idntimes.com/travel/destination/lagi-di-sulsel-mampir-yuk-ke-8-wisata-hits-di-kota-palopo-ini-01-4cnr4-fbq41s
22:05:35 | INFO    | [2391/2708] Mencari: BUKIT DOA MERAS
22:05:35 | DEBUG   | [L1 Wiki] Error: Expecting value: line 1 column 1 (char 0)
22:05:35 | DEBUG   |       L1 Gagal, mencoba L2 DDGS...
22:06:01 | DEBUG   | [L2 BS4] Gagal ekstraksi url https://sharetempatwisata.com/bukit-doa-tomohon-wisata-religi-kota-manado/ -> HTTPSConnectionPool(host='sharetempatwisata.com', port=443): Read timed out.
22:06:03 | INFO    |       => Gagal mencari deskripsi.
22:06:04 | INFO    | [2392/2708] Mencari: Saliran Beach
22:06:05 | DEBUG   | [L1 Wiki] Error: Expecting value: line 1 column 1 (char 0)
22:06:05 | DEBUG   |       L1 Gagal, mencoba L2 DDGS...
22:06:19 | INFO    |       => Gagal mencari deskripsi.
22:06:20 | INFO    | [2393/2708] Mencari: Air Terjun Pangasintoli
22:06:20 | DEBUG   | [L1 Wiki] Error: Expecting value: line 1 column 1 (char 0)
22:06:20 | DEBUG   |       L1 Gagal, mencoba L2 DDGS...
22:06:29 | INFO    |       => Sukses dari: https://lampo.digitaldesa.id/wisata/air-terjun-pangasintoli
22:06:30 | INFO    | [2394/2708] Mencari: Wisata Pantai Bahumbelu
22:06:31 | DEBUG   | [L1 Wiki] Error: Expecting value: line 1 column 1 (char 0)
22:06:31 | DEBUG   |       L1 Gagal, mencoba L2 DDGS...
22:06:42 | INFO    |       => Sukses dari: https://www.idntimes.com/travel/destination/5-wisata-air-terjun-di-kabupaten-morowali-pemandangannya-memukau-01-655d1-p0x1s1
22:06:43 | INFO    | [2395/2708] Mencari: Pantai bobolio
22:06:44 | DEBUG   | [L1 Wiki] Error: Expecting value: line 1 column 1 (char 0)
22:06:44 | DEBUG   |       L1 Gagal, mencoba L2 DDGS...
22:06:54 | INFO    |       => Gagal mencari deskripsi.
22:06:56 | INFO    | [2396/2708] Mencari: PUNCAK BAYY
22:06:56 | DEBUG   | [L1 Wiki] Error: Expecting value: line 1 column 1 (char 0)
22:06:56 | DEBUG   |       L1 Gagal, mencoba L2 DDGS...
22:07:13 | INFO    |       => Sukses dari: https://travel.detik.com/galeri-foto/d-5378353/selamat-pagi-dari-puncak-padamarang-kolaka
22:07:14 | INFO    | [2397/2708] Mencari: Destinasi wisata Pemandian alam Telaga biru
22:07:14 | DEBUG   | [L1 Wiki] Error: Expecting value: line 1 column 1 (char 0)
22:07:14 | DEBUG   |       L1 Gagal, mencoba L2 DDGS...
22:07:28 | INFO    |       => Sukses dari: https://www.geokepo.id/id/lokasi/bombana/pemandian-air-panas-tahi-ite
22:07:30 | INFO    | [2398/2708] Mencari: Pantai Ambabe
22:07:30 | DEBUG   | [L1 Wiki] Error: Expecting value: line 1 column 1 (char 0)
22:07:30 | DEBUG   |       L1 Gagal, mencoba L2 DDGS...
22:07:37 | DEBUG   | [L2 BS4] Gagal ekstraksi url https://jadesta.kemenparekraf.go.id/homestay/wisata_pantai_ambabe -> HTTPSConnectionPool(host='jadesta.kemenparekraf.go.id', port=443): Max retries exceeded with url: /homestay/wisata_pantai_ambabe (Caused by NameResolutionError("HTTPSConnection(host='jadesta.kemenparekraf.go.id', port=443): Failed to resolve 'jadesta.kemenparekraf.go.id' ([Errno 11002] getaddrinfo failed)"))
22:07:39 | INFO    |       => Sukses dari: https://sulbar.jadesta.com/desa/babana_1
22:07:40 | INFO    | [2399/2708] Mencari: Kolam pattirotiroang
22:07:40 | DEBUG   | [L1 Wiki] Error: Expecting value: line 1 column 1 (char 0)
22:07:40 | DEBUG   |       L1 Gagal, mencoba L2 DDGS...
22:07:47 | INFO    |       => Gagal mencari deskripsi.
22:07:49 | INFO    | [2400/2708] Mencari: Taman Wisata Karangria
22:07:49 | DEBUG   | [L1 Wiki] Error: Expecting value: line 1 column 1 (char 0)
22:07:49 | DEBUG   |       L1 Gagal, mencoba L2 DDGS...
22:07:57 | INFO    |       => Sukses dari: https://travel.tribunnews.com/2025/03/20/pesona-pantai-karangria-wisata-bahari-di-manado-sulawesi-utara-untuk-healing
22:07:59 | INFO    | [2401/2708] Mencari: Otalojin (Batu jin)
22:07:59 | DEBUG   | [L1 Wiki] Error: Expecting value: line 1 column 1 (char 0)
22:07:59 | DEBUG   |       L1 Gagal, mencoba L2 DDGS...
22:08:12 | INFO    |       => Gagal mencari deskripsi.
22:08:13 | INFO    | [2402/2708] Mencari: Pemandian Lomboan (Nonulo Bahari)
22:08:13 | DEBUG   | [L1 Wiki] Error: Expecting value: line 1 column 1 (char 0)
22:08:13 | DEBUG   |       L1 Gagal, mencoba L2 DDGS...
22:08:28 | INFO    |       => Gagal mencari deskripsi.
22:08:29 | INFO    | [2403/2708] Mencari: PANTAI BONDU BONDU
22:08:29 | DEBUG   | [L1 Wiki] Error: Expecting value: line 1 column 1 (char 0)
22:08:29 | DEBUG   |       L1 Gagal, mencoba L2 DDGS...
22:08:47 | DEBUG   | [L2 BS4] Gagal ekstraksi url https://www.tempo.co/ -> HTTPSConnectionPool(host='www.tempo.co', port=443): Read timed out. (read timeout=8)
22:08:48 | INFO    |       => Gagal mencari deskripsi.
22:08:49 | INFO    | [2404/2708] Mencari: Pantai naina desa waturai
22:08:49 | DEBUG   | [L1 Wiki] Error: Expecting value: line 1 column 1 (char 0)
22:08:49 | DEBUG   |       L1 Gagal, mencoba L2 DDGS...
22:08:57 | INFO    |       => Sukses dari: https://id.theasianparent.com/wisata-konawe
22:08:58 | INFO    | [2405/2708] Mencari: Buttu Pamboang
22:08:58 | DEBUG   | [L1 Wiki] Error: Expecting value: line 1 column 1 (char 0)
22:08:58 | DEBUG   |       L1 Gagal, mencoba L2 DDGS...
22:09:11 | INFO    |       => Sukses dari: https://id.wikipedia.org/wiki/Buttu_Pamboang,_Pamboang,_Majene
22:09:13 | INFO    | [2406/2708] Mencari: Bukit Safari Luwu Timur
22:09:13 | DEBUG   | [L1 Wiki] Error: Expecting value: line 1 column 1 (char 0)
22:09:13 | DEBUG   |       L1 Gagal, mencoba L2 DDGS...
22:09:23 | INFO    |       => Sukses dari: https://ayokeluwutimur.luwutimurkab.go.id/
22:09:25 | INFO    | [2407/2708] Mencari: Wisata Bukit Asam sibedi
22:09:25 | DEBUG   | [L1 Wiki] Error: Expecting value: line 1 column 1 (char 0)
22:09:25 | DEBUG   |       L1 Gagal, mencoba L2 DDGS...
22:09:35 | DEBUG   | [L2 DDGS] Error: DecodeError: DecodeError('Body collection error: error decoding response body')
22:09:35 | INFO    |       => Gagal mencari deskripsi.
22:09:36 | INFO    | [2408/2708] Mencari: Pantai Ombuo
22:09:37 | DEBUG   | [L1 Wiki] Error: Expecting value: line 1 column 1 (char 0)
22:09:37 | DEBUG   |       L1 Gagal, mencoba L2 DDGS...
22:10:03 | DEBUG   | [L2 BS4] Gagal ekstraksi url https://barakati.id/nyaman-murah-ini-daya-tarik-wisata-botu-motolioluwo-sungai-longalo-gorontalo/ -> HTTPSConnectionPool(host='barakati.id', port=443): Read timed out.
22:10:03 | INFO    |       => Gagal mencari deskripsi.
22:10:05 | INFO    | [2409/2708] Mencari: A.M.R Shop
22:10:05 | DEBUG   | [L1 Wiki] Error: Expecting value: line 1 column 1 (char 0)
22:10:05 | DEBUG   |       L1 Gagal, mencoba L2 DDGS...
22:10:34 | INFO    |       => Gagal mencari deskripsi.
22:10:36 | INFO    | *** Auto-saving 1840 baris diproses...
22:10:36 | INFO    | [2410/2708] Mencari: Bulu Lompongan
22:10:36 | DEBUG   | [L1 Wiki] Error: Expecting value: line 1 column 1 (char 0)
22:10:36 | DEBUG   |       L1 Gagal, mencoba L2 DDGS...
22:10:47 | INFO    |       => Sukses dari: https://trotoar.id/2026/04/11/panen-raya-pinrang-capai-68-ton-per-hektare-perkuat-peran-sulsel-sebagai-lumbung-pangan/16/19/07/123649/muhammad-lutfi/news/
22:10:48 | INFO    | [2411/2708] Mencari: Puncak Gunung silanu
22:10:49 | DEBUG   | [L1 Wiki] Error: Expecting value: line 1 column 1 (char 0)
22:10:49 | DEBUG   |       L1 Gagal, mencoba L2 DDGS...
22:10:55 | INFO    |       => Sukses dari: https://id.wikipedia.org/wiki/Gunung_Silanu,_Bangkala,_Jeneponto
22:10:56 | INFO    | [2412/2708] Mencari: Nagara Swimming Pool Bolmut
22:10:56 | DEBUG   | [L1 Wiki] Error: Expecting value: line 1 column 1 (char 0)
22:10:56 | DEBUG   |       L1 Gagal, mencoba L2 DDGS...
22:11:07 | INFO    |       => Sukses dari: https://www.sulut24.com/2020/07/nagara-swimming-pool-tawarkan-sensasi.html
22:11:09 | INFO    | [2413/2708] Mencari: Pantai dewi
22:11:09 | DEBUG   | [L1 Wiki] Error: Expecting value: line 1 column 1 (char 0)
22:11:09 | DEBUG   |       L1 Gagal, mencoba L2 DDGS...
22:11:28 | INFO    |       => Gagal mencari deskripsi.
22:11:30 | INFO    | [2414/2708] Mencari: Pantai Pasir Putih
22:11:30 | DEBUG   | [L1 Wiki] Error: Expecting value: line 1 column 1 (char 0)
22:11:30 | DEBUG   |       L1 Gagal, mencoba L2 DDGS...
22:11:37 | INFO    |       => Sukses dari: https://travel.tribunnews.com/2025/07/21/pantai-pangia-di-bolsel-sulawesi-utara-wisata-tersembunyi-yang-masih-alami-dan-sepi-pengunjung
22:11:38 | INFO    | [2415/2708] Mencari: Air Terjun Larowiu Meluhu Konawe
22:11:38 | DEBUG   | [L1 Wiki] Error: Expecting value: line 1 column 1 (char 0)
22:11:38 | DEBUG   |       L1 Gagal, mencoba L2 DDGS...
22:11:49 | DEBUG   | [L2 DDGS] Error: ('error sending request for url (https://yandex.com/search/site/?text=Air+Terjun+Larowiu+Meluhu+Konawe+Kabupaten+Konawe+wisata&web=1&searchid=4077436)', 'https://yandex.com/search/site/?text=Air+Terjun+Larowiu+Meluhu+Konawe+Kabupaten+Konawe+wisata&web=1&searchid=4077436')
22:11:49 | INFO    |       => Gagal mencari deskripsi.
22:11:51 | INFO    | [2416/2708] Mencari: Empang Pariwisata Isma putra
22:11:51 | DEBUG   | [L1 Wiki] Error: Expecting value: line 1 column 1 (char 0)
22:11:51 | DEBUG   |       L1 Gagal, mencoba L2 DDGS...
22:11:58 | INFO    |       => Sukses dari: https://disparpora.bulukumbakab.go.id/portofolio/cafe-empang/
22:11:59 | INFO    | [2417/2708] Mencari: Air Terjun Sarambu
22:11:59 | DEBUG   | [L1 Wiki] Error: Expecting value: line 1 column 1 (char 0)
22:11:59 | DEBUG   |       L1 Gagal, mencoba L2 DDGS...
22:12:08 | INFO    |       => Sukses dari: https://www.geokepo.id/id/lokasi/luwu-utara/air-terjun-sarambu-alla
22:12:10 | INFO    | [2418/2708] Mencari: Wisata Pantai Pasir Putih Wawontulap
22:12:10 | DEBUG   | [L1 Wiki] Error: Expecting value: line 1 column 1 (char 0)
22:12:10 | DEBUG   |       L1 Gagal, mencoba L2 DDGS...
22:12:16 | INFO    |       => Sukses dari: https://wisatago.com/wisata-pantai-pasir-putih/
22:12:18 | INFO    | [2419/2708] Mencari: Danau Salendang Popidolon
22:12:18 | DEBUG   | [L1 Wiki] Error: Expecting value: line 1 column 1 (char 0)
22:12:18 | DEBUG   |       L1 Gagal, mencoba L2 DDGS...
22:12:29 | INFO    |       => Gagal mencari deskripsi.
22:12:30 | INFO    | [2420/2708] Mencari: Sepeda air kendari
22:12:31 | DEBUG   | [L1 Wiki] Error: Expecting value: line 1 column 1 (char 0)
22:12:31 | DEBUG   |       L1 Gagal, mencoba L2 DDGS...
22:12:39 | INFO    |       => Sukses dari: https://www.orami.co.id/magazine/tempat-wisata-kendari
22:12:40 | INFO    | [2421/2708] Mencari: Pantun Ikan Wisata Pemancingan
22:12:40 | DEBUG   | [L1 Wiki] Error: Expecting value: line 1 column 1 (char 0)
22:12:40 | DEBUG   |       L1 Gagal, mencoba L2 DDGS...
22:12:49 | INFO    |       => Sukses dari: https://www.detik.com/jateng/berita/d-7756990/35-contoh-pantun-ubur-ubur-ikan-lele-ada-jenaka-sampai-romantis
22:12:50 | INFO    | [2422/2708] Mencari: Air terjun Saluntere
22:12:51 | DEBUG   | [L1 Wiki] Error: Expecting value: line 1 column 1 (char 0)
22:12:51 | DEBUG   |       L1 Gagal, mencoba L2 DDGS...
22:13:07 | INFO    |       => Gagal mencari deskripsi.
22:13:08 | INFO    | [2423/2708] Mencari: P3A Turikale Soreang Maros
22:13:08 | DEBUG   | [L1 Wiki] Error: Expecting value: line 1 column 1 (char 0)
22:13:08 | DEBUG   |       L1 Gagal, mencoba L2 DDGS...
22:13:17 | INFO    |       => Sukses dari: https://id.wikipedia.org/wiki/Turikale,_Maros
22:13:19 | INFO    | [2424/2708] Mencari: Wisata Bujung Mattimboe
22:13:19 | DEBUG   | [L1 Wiki] Error: Expecting value: line 1 column 1 (char 0)
22:13:19 | DEBUG   |       L1 Gagal, mencoba L2 DDGS...
22:13:26 | INFO    |       => Sukses dari: https://atourin.com/marketplace/attraction/wisata-bujung-mattimboe-desa-nepo
22:13:27 | INFO    | [2425/2708] Mencari: Wisata Gua Panincong
22:13:27 | DEBUG   | [L1 Wiki] Error: Expecting value: line 1 column 1 (char 0)
22:13:27 | DEBUG   |       L1 Gagal, mencoba L2 DDGS...
22:13:34 | INFO    |       => Sukses dari: https://www.pustakawanbarru.com/2018/08/diana-waterpark-destinasi-wisata-baru-di-barru.html
22:13:35 | INFO    | [2426/2708] Mencari: Sungai Pulau Bongi
22:13:35 | DEBUG   | [L1 Wiki] Error: Expecting value: line 1 column 1 (char 0)
22:13:35 | DEBUG   |       L1 Gagal, mencoba L2 DDGS...
22:13:44 | INFO    |       => Sukses dari: https://travel.detik.com/domestic-destination/d-3589675/jembatan-terpanjang-kalimantan-lewati-sungai-pulau-sungai-lagi
22:13:45 | INFO    | [2427/2708] Mencari: Pantai Desa Babana
22:13:45 | DEBUG   | [L1 Wiki] Error: Expecting value: line 1 column 1 (char 0)
22:13:45 | DEBUG   |       L1 Gagal, mencoba L2 DDGS...
22:13:52 | DEBUG   | [L2 BS4] Gagal ekstraksi url https://jadesta.kemenparekraf.go.id/desa/babana_1 -> HTTPSConnectionPool(host='jadesta.kemenparekraf.go.id', port=443): Max retries exceeded with url: /desa/babana_1 (Caused by NameResolutionError("HTTPSConnection(host='jadesta.kemenparekraf.go.id', port=443): Failed to resolve 'jadesta.kemenparekraf.go.id' ([Errno 11002] getaddrinfo failed)"))
22:13:52 | DEBUG   | [L2 BS4] Gagal ekstraksi url https://jadesta.kemenparekraf.go.id/atraksi/wisata_mangrove_babana -> HTTPSConnectionPool(host='jadesta.kemenparekraf.go.id', port=443): Max retries exceeded with url: /atraksi/wisata_mangrove_babana (Caused by NameResolutionError("HTTPSConnection(host='jadesta.kemenparekraf.go.id', port=443): Failed to resolve 'jadesta.kemenparekraf.go.id' ([Errno 11002] getaddrinfo failed)"))
22:13:54 | INFO    |       => Sukses dari: https://wisatasulawesi.wordpress.com/wisata-sulawesi-selatan/wisata-luwu-timur/
22:13:55 | INFO    | [2428/2708] Mencari: Kolam pemancingan keluarga H. Jafar
22:13:55 | DEBUG   | [L1 Wiki] Error: Expecting value: line 1 column 1 (char 0)
22:13:55 | DEBUG   |       L1 Gagal, mencoba L2 DDGS...
22:14:01 | INFO    |       => Sukses dari: https://pemancingankohodjaya.com/
22:14:03 | INFO    | [2429/2708] Mencari: Bubung Cellu
22:14:03 | DEBUG   | [L1 Wiki] Error: Expecting value: line 1 column 1 (char 0)
22:14:03 | DEBUG   |       L1 Gagal, mencoba L2 DDGS...
22:14:09 | INFO    |       => Sukses dari: https://www.sulawesipos.com/travel/2026/02/14/sejarah-bubung-laccokkong-dan-kisah-pelarian-pangeran-la-saliyu-di-bone/
22:14:11 | INFO    | *** Auto-saving 1860 baris diproses...
22:14:11 | INFO    | [2430/2708] Mencari: Pantai Ujung Kelapa
22:14:11 | DEBUG   | [L1 Wiki] Error: Expecting value: line 1 column 1 (char 0)
22:14:11 | DEBUG   |       L1 Gagal, mencoba L2 DDGS...
22:14:26 | INFO    |       => Gagal mencari deskripsi.
22:14:27 | INFO    | [2431/2708] Mencari: Hutan Mangrove Gusung
22:14:27 | DEBUG   | [L1 Wiki] Error: Expecting value: line 1 column 1 (char 0)
22:14:27 | DEBUG   |       L1 Gagal, mencoba L2 DDGS...
22:14:32 | INFO    |       => Sukses dari: https://www.geokepo.id/id/lokasi/kepulauan-selayar/hutan-mangrove-gusung
22:14:34 | INFO    | [2432/2708] Mencari: Bukit penantian
22:14:34 | DEBUG   | [L1 Wiki] Error: Expecting value: line 1 column 1 (char 0)
22:14:34 | DEBUG   |       L1 Gagal, mencoba L2 DDGS...
22:14:47 | INFO    |       => Gagal mencari deskripsi.
22:14:49 | INFO    | [2433/2708] Mencari: GUA KAMBUNO
22:14:49 | DEBUG   | [L1 Wiki] Error: Expecting value: line 1 column 1 (char 0)
22:14:49 | DEBUG   |       L1 Gagal, mencoba L2 DDGS...
22:14:58 | DEBUG   | [L2 BS4] Gagal ekstraksi url https://sisparnas.kemenparekraf.go.id/p/18036 -> HTTPSConnectionPool(host='sisparnas.kemenparekraf.go.id', port=443): Max retries exceeded with url: /p/18036 (Caused by NameResolutionError("HTTPSConnection(host='sisparnas.kemenparekraf.go.id', port=443): Failed to resolve 'sisparnas.kemenparekraf.go.id' ([Errno 11002] getaddrinfo failed)"))
22:15:00 | INFO    |       => Gagal mencari deskripsi.
22:15:02 | INFO    | [2434/2708] Mencari: Tongkonan Banua Sura', Limbong Ba'lele
22:15:02 | DEBUG   | [L1 Wiki] Error: Expecting value: line 1 column 1 (char 0)
22:15:02 | DEBUG   |       L1 Gagal, mencoba L2 DDGS...
22:15:06 | INFO    |       => Sukses dari: https://id.wikipedia.org/wiki/Kabupaten_Tana_Toraja
22:15:07 | INFO    | [2435/2708] Mencari: Buttu Saletta
22:15:07 | DEBUG   | [L1 Wiki] Error: Expecting value: line 1 column 1 (char 0)
22:15:07 | DEBUG   |       L1 Gagal, mencoba L2 DDGS...
22:15:16 | INFO    |       => Gagal mencari deskripsi.
22:15:17 | INFO    | [2436/2708] Mencari: Kebun wisata strobery naylan
22:15:18 | DEBUG   | [L1 Wiki] Error: Expecting value: line 1 column 1 (char 0)
22:15:18 | DEBUG   |       L1 Gagal, mencoba L2 DDGS...
22:15:23 | INFO    |       => Sukses dari: https://menit7.com/keunikan-wisata-kebun-gowa-yang-menjadi-destinasi-favorite-bersama-keluarga/
22:15:25 | INFO    | [2437/2708] Mencari: Gunung Tabor
22:15:25 | DEBUG   | [L1 Wiki] Error: Expecting value: line 1 column 1 (char 0)
22:15:25 | DEBUG   |       L1 Gagal, mencoba L2 DDGS...
22:15:29 | INFO    |       => Sukses dari: https://id.wikipedia.org/wiki/Gunung_Tabor
22:15:31 | INFO    | [2438/2708] Mencari: Agrowisata Kebun Nanas Ponda'ta
22:15:31 | DEBUG   | [L1 Wiki] Error: Expecting value: line 1 column 1 (char 0)
22:15:31 | DEBUG   |       L1 Gagal, mencoba L2 DDGS...
22:15:39 | INFO    |       => Sukses dari: https://timur-online.com/mengenal-agrowisata-pondata-di-wasuponda-hasil-binaan-pt-vale-indonesia/
22:15:40 | INFO    | [2439/2708] Mencari: Pulau Paniki, Desa Kulu Kec. Wori Kota Manado
22:15:40 | DEBUG   | [L1 Wiki] Error: Expecting value: line 1 column 1 (char 0)
22:15:40 | DEBUG   |       L1 Gagal, mencoba L2 DDGS...
22:15:50 | INFO    |       => Sukses dari: https://travel.detik.com/fototravel/d-7047943/pesona-pasir-timbul-di-pulau-paniki-minahasa-utara
22:15:51 | INFO    | [2440/2708] Mencari: Confident Shop
22:15:51 | DEBUG   | [L1 Wiki] Error: Expecting value: line 1 column 1 (char 0)
22:15:51 | DEBUG   |       L1 Gagal, mencoba L2 DDGS...
22:16:01 | INFO    |       => Gagal mencari deskripsi.
22:16:03 | INFO    | [2441/2708] Mencari: Inuai park
22:16:03 | DEBUG   | [L1 Wiki] Error: Expecting value: line 1 column 1 (char 0)
22:16:03 | DEBUG   |       L1 Gagal, mencoba L2 DDGS...
22:16:12 | INFO    |       => Sukses dari: https://id.wikipedia.org/wiki/Inuai,_Passi_Barat,_Bolaang_Mongondow
22:16:13 | INFO    | [2442/2708] Mencari: Tumatenden
22:16:14 | DEBUG   | [L1 Wiki] Error: Expecting value: line 1 column 1 (char 0)
22:16:14 | DEBUG   |       L1 Gagal, mencoba L2 DDGS...
22:16:23 | INFO    |       => Sukses dari: https://www.kompasiana.com/isursuryati3843/6212e9b2dd394333eb0452e2/likupang-legenda-tumetenden-penyu-hijau-dan-surga-yang-masih-perawan
22:16:25 | INFO    | [2443/2708] Mencari: Puncak Rumochoy
22:16:25 | DEBUG   | [L1 Wiki] Error: Expecting value: line 1 column 1 (char 0)
22:16:25 | DEBUG   |       L1 Gagal, mencoba L2 DDGS...
22:16:33 | INFO    |       => Sukses dari: https://bobobox.com/blog/id/destinasi-wisata-manado/
22:16:34 | INFO    | [2444/2708] Mencari: Gunung Sahendaruman
22:16:34 | DEBUG   | [L1 Wiki] Error: Expecting value: line 1 column 1 (char 0)
22:16:34 | DEBUG   |       L1 Gagal, mencoba L2 DDGS...
22:16:40 | INFO    |       => Sukses dari: https://en.wikipedia.org/wiki/Mount_Sahendaruman
22:16:41 | INFO    | [2445/2708] Mencari: Bira Beach
22:16:41 | DEBUG   | [L1 Wiki] Error: Expecting value: line 1 column 1 (char 0)
22:16:41 | DEBUG   |       L1 Gagal, mencoba L2 DDGS...
22:16:46 | INFO    |       => Sukses dari: https://hotel.or.id/bira-beach-hotel/
22:16:47 | INFO    | [2446/2708] Mencari: Kuma Beach
22:16:47 | DEBUG   | [L1 Wiki] Error: Expecting value: line 1 column 1 (char 0)
22:16:47 | DEBUG   |       L1 Gagal, mencoba L2 DDGS...
22:16:58 | INFO    |       => Gagal mencari deskripsi.
22:16:59 | INFO    | [2447/2708] Mencari: Air Terjun Uedele
22:16:59 | DEBUG   | [L1 Wiki] Error: Expecting value: line 1 column 1 (char 0)
22:16:59 | DEBUG   |       L1 Gagal, mencoba L2 DDGS...
22:17:11 | INFO    |       => Gagal mencari deskripsi.
22:17:12 | INFO    | [2448/2708] Mencari: Air Terjun Pesak
22:17:12 | DEBUG   | [L1 Wiki] Error: Expecting value: line 1 column 1 (char 0)
22:17:12 | DEBUG   |       L1 Gagal, mencoba L2 DDGS...
22:17:22 | INFO    |       => Gagal mencari deskripsi.
22:17:24 | INFO    | [2449/2708] Mencari: Speed Paisupok - Azzahra Tour & Travel
22:17:24 | DEBUG   | [L1 Wiki] Error: Expecting value: line 1 column 1 (char 0)
22:17:24 | DEBUG   |       L1 Gagal, mencoba L2 DDGS...
22:17:31 | INFO    |       => Sukses dari: https://banggairaya.id/berkunjung-ke-danau-paisu-pok-banggai-kepulauan-rute-dan-budget-yang-harus-disiapkan-dari-luwuk/
22:17:33 | INFO    | *** Auto-saving 1880 baris diproses...
22:17:33 | INFO    | [2450/2708] Mencari: Pantai Bandara
22:17:33 | DEBUG   | [L1 Wiki] Error: Expecting value: line 1 column 1 (char 0)
22:17:33 | DEBUG   |       L1 Gagal, mencoba L2 DDGS...
22:17:43 | INFO    |       => Gagal mencari deskripsi.
22:17:45 | INFO    | [2451/2708] Mencari: Pantai Melambai
22:17:45 | DEBUG   | [L1 Wiki] Error: Expecting value: line 1 column 1 (char 0)
22:17:45 | DEBUG   |       L1 Gagal, mencoba L2 DDGS...
22:18:03 | DEBUG   | [L2 BS4] Gagal ekstraksi url https://tempatwisataseru.com/tempat-wisata-di-banggai/ -> HTTPSConnectionPool(host='tempatwisataseru.com', port=443): Read timed out. (read timeout=8)
22:18:03 | INFO    |       => Gagal mencari deskripsi.
22:18:04 | INFO    | [2452/2708] Mencari: Makam Raja Sao Sao
22:18:05 | DEBUG   | [L1 Wiki] Error: Expecting value: line 1 column 1 (char 0)
22:18:05 | DEBUG   |       L1 Gagal, mencoba L2 DDGS...
22:18:13 | INFO    |       => Sukses dari: https://wisatasulawesi.wordpress.com/wisata-sulawesi/kendari/
22:18:14 | INFO    | [2453/2708] Mencari: Air Terjun Wawondiku
22:18:14 | DEBUG   | [L1 Wiki] Error: Expecting value: line 1 column 1 (char 0)
22:18:14 | DEBUG   |       L1 Gagal, mencoba L2 DDGS...
22:18:28 | INFO    |       => Gagal mencari deskripsi.
22:18:29 | INFO    | [2454/2708] Mencari: WISATA HUTAN PINUS BAINI (HPB)
22:18:30 | DEBUG   | [L1 Wiki] Error: Expecting value: line 1 column 1 (char 0)
22:18:30 | DEBUG   |       L1 Gagal, mencoba L2 DDGS...
22:18:36 | INFO    |       => Sukses dari: https://penafaktual.com/hutan-pinus-baini-digagas-jadi-eco-park-desa-wisata-ekologis-baru-di-konawe/
22:18:37 | INFO    | [2455/2708] Mencari: Tambolosu Waterfall
22:18:37 | DEBUG   | [L1 Wiki] Error: Expecting value: line 1 column 1 (char 0)
22:18:37 | DEBUG   |       L1 Gagal, mencoba L2 DDGS...
22:18:41 | INFO    |       => Sukses dari: https://id.wikipedia.org/wiki/Tambolosu,_Laonti,_Konawe_Selatan
22:18:43 | INFO    | [2456/2708] Mencari: Danau Meleura
22:18:43 | DEBUG   | [L1 Wiki] Error: Expecting value: line 1 column 1 (char 0)
22:18:43 | DEBUG   |       L1 Gagal, mencoba L2 DDGS...
22:18:50 | INFO    |       => Sukses dari: https://id.wikipedia.org/wiki/Pantai_meleura
22:18:51 | INFO    | [2457/2708] Mencari: Gunung Ombo 1200 MDPL
22:18:51 | DEBUG   | [L1 Wiki] Error: Expecting value: line 1 column 1 (char 0)
22:18:51 | DEBUG   |       L1 Gagal, mencoba L2 DDGS...
22:19:01 | INFO    |       => Gagal mencari deskripsi.
22:19:02 | INFO    | [2458/2708] Mencari: Wisata alam lembah kunyi
22:19:02 | DEBUG   | [L1 Wiki] Error: Expecting value: line 1 column 1 (char 0)
22:19:02 | DEBUG   |       L1 Gagal, mencoba L2 DDGS...
22:19:08 | INFO    |       => Sukses dari: https://elshinta.com/news/340879/2024/07/02/wisata-alam-patipo-desa-kunyi-surga-tersembunyi-di-polewali-mandar
22:19:10 | INFO    | [2459/2708] Mencari: Wisata Alam Nosu, Mamasa Regency, West Sulawesi
22:19:10 | DEBUG   | [L1 Wiki] Error: Expecting value: line 1 column 1 (char 0)
22:19:10 | DEBUG   |       L1 Gagal, mencoba L2 DDGS...
22:19:16 | INFO    |       => Sukses dari: https://idalamat.com/alamat/360236/wisata-alam-nosumountain-travelling-view-nosumamasa-regency-west-sulawesi-polewali-mandar-sulawesi-barat
22:19:17 | INFO    | [2460/2708] Mencari: Desa Cahaya Biluhu Timur
22:19:17 | DEBUG   | [L1 Wiki] Error: Expecting value: line 1 column 1 (char 0)
22:19:17 | DEBUG   |       L1 Gagal, mencoba L2 DDGS...
22:19:23 | INFO    |       => Sukses dari: https://id.wikipedia.org/wiki/Biluhu_Timur,_Batudaa_Pantai,_Gorontalo
22:19:25 | INFO    | [2461/2708] Mencari: Sunset Bollangi
22:19:25 | DEBUG   | [L1 Wiki] Error: Expecting value: line 1 column 1 (char 0)
22:19:25 | DEBUG   |       L1 Gagal, mencoba L2 DDGS...
22:19:31 | INFO    |       => Sukses dari: https://smartcity.gowakab.go.id/wisata_alam/puncak-bollangi/7
22:19:33 | INFO    | [2462/2708] Mencari: Pantai Pelelangan Ikan Maccini Baji
22:19:33 | DEBUG   | [L1 Wiki] Error: Expecting value: line 1 column 1 (char 0)
22:19:33 | DEBUG   |       L1 Gagal, mencoba L2 DDGS...
22:19:39 | INFO    |       => Sukses dari: https://www.geokepo.id/id/lokasi/pangkajene-dan-kepulauan/dermaga-maccini-baji
22:19:40 | INFO    | [2463/2708] Mencari: Rumah simpang tiga Petta worongnge
22:19:40 | DEBUG   | [L1 Wiki] Error: Expecting value: line 1 column 1 (char 0)
22:19:40 | DEBUG   |       L1 Gagal, mencoba L2 DDGS...
22:19:51 | INFO    |       => Sukses dari: https://kodepos.co.id/kodepos/sulawesi-selatan/kabupaten-wajo/sabangparu/worongnge
22:19:53 | INFO    | [2464/2708] Mencari: Moncong Loka
22:19:53 | DEBUG   | [L1 Wiki] Error: Expecting value: line 1 column 1 (char 0)
22:19:53 | DEBUG   |       L1 Gagal, mencoba L2 DDGS...
22:20:02 | INFO    |       => Sukses dari: https://makassarchannel.com/menikmati-bersihnya-langit-biru-di-loka-camp-muntea-bantaeng/
22:20:04 | INFO    | [2465/2708] Mencari: Hutan Campaga
22:20:04 | DEBUG   | [L1 Wiki] Error: Expecting value: line 1 column 1 (char 0)
22:20:04 | DEBUG   |       L1 Gagal, mencoba L2 DDGS...
22:20:09 | INFO    |       => Sukses dari: https://id.wikipedia.org/wiki/Campaga,_Tompobulu,_Bantaeng
22:20:10 | INFO    | [2466/2708] Mencari: Bukit Arung Bua
22:20:10 | DEBUG   | [L1 Wiki] Error: Expecting value: line 1 column 1 (char 0)
22:20:10 | DEBUG   |       L1 Gagal, mencoba L2 DDGS...
22:20:22 | INFO    |       => Gagal mencari deskripsi.
22:20:23 | INFO    | [2467/2708] Mencari: Balara Beach
22:20:23 | DEBUG   | [L1 Wiki] Error: Expecting value: line 1 column 1 (char 0)
22:20:23 | DEBUG   |       L1 Gagal, mencoba L2 DDGS...
22:20:44 | DEBUG   | [L2 BS4] Gagal ekstraksi url https://selayarvacation.com/ -> HTTPSConnectionPool(host='selayarvacation.com', port=443): Max retries exceeded with url: / (Caused by SSLError(SSLError(1, '[SSL: TLSV1_ALERT_INTERNAL_ERROR] tlsv1 alert internal error (_ssl.c:1081)')))
22:20:44 | INFO    |       => Gagal mencari deskripsi.
22:20:45 | INFO    | [2468/2708] Mencari: Enrekang Mountain Viewpoint
22:20:45 | DEBUG   | [L1 Wiki] Error: Expecting value: line 1 column 1 (char 0)
22:20:45 | DEBUG   |       L1 Gagal, mencoba L2 DDGS...
22:20:51 | INFO    |       => Sukses dari: https://www.pustakawanbarru.com/2025/07/tempat-wisata-di-enrekang.html
22:20:53 | INFO    | [2469/2708] Mencari: Pegunungan Verbeek
22:20:53 | DEBUG   | [L1 Wiki] Error: Expecting value: line 1 column 1 (char 0)
22:20:53 | DEBUG   |       L1 Gagal, mencoba L2 DDGS...
22:20:58 | INFO    |       => Sukses dari: https://id.wikipedia.org/wiki/Pegunungan_Verbeek
22:21:00 | INFO    | *** Auto-saving 1900 baris diproses...
22:21:00 | INFO    | [2470/2708] Mencari: Paket Wisata Manado- Manggis Travel
22:21:00 | DEBUG   | [L1 Wiki] Error: Expecting value: line 1 column 1 (char 0)
22:21:00 | DEBUG   |       L1 Gagal, mencoba L2 DDGS...
22:21:12 | INFO    |       => Sukses dari: https://manggistravel.com/
22:21:13 | INFO    | [2471/2708] Mencari: Teluk Walenekoko
22:21:13 | DEBUG   | [L1 Wiki] Error: Expecting value: line 1 column 1 (char 0)
22:21:13 | DEBUG   |       L1 Gagal, mencoba L2 DDGS...
22:21:24 | INFO    |       => Sukses dari: https://web.archive.org/web/20160422083843/http://travel.kompas.com/read/2013/01/06/09485191/Inilah.10.Destinasi.Wisata.Utama.di.Kota.Bitung
22:21:26 | INFO    | [2472/2708] Mencari: Boulevart amurang
22:21:26 | DEBUG   | [L1 Wiki] Error: Expecting value: line 1 column 1 (char 0)
22:21:26 | DEBUG   |       L1 Gagal, mencoba L2 DDGS...
22:21:33 | INFO    |       => Sukses dari: https://mediasulut.id/bupati-franky-wongkar-resmikan-wisata-kuliner-pantai-boulevard-amurang/
22:21:35 | INFO    | [2473/2708] Mencari: Pante Kalou
22:21:35 | DEBUG   | [L1 Wiki] Error: Expecting value: line 1 column 1 (char 0)
22:21:35 | DEBUG   |       L1 Gagal, mencoba L2 DDGS...
22:21:51 | DEBUG   | [L2 BS4] Gagal ekstraksi url https://www.geokepo.id/id/lokasi/minahasa-selatan/pantai-moinit -> HTTPSConnectionPool(host='www.geokepo.id', port=443): Read timed out.
22:21:55 | INFO    |       => Gagal mencari deskripsi.
22:21:56 | INFO    | [2474/2708] Mencari: Hutan Mangrove
22:21:56 | DEBUG   | [L1 Wiki] Error: Expecting value: line 1 column 1 (char 0)
22:21:56 | DEBUG   |       L1 Gagal, mencoba L2 DDGS...
22:22:03 | INFO    |       => Sukses dari: https://www.geokepo.id/id/lokasi/bolaang-mongondow-timur/air-terjun-garini
22:22:05 | INFO    | [2475/2708] Mencari: Gereja Bukit Zaitun Tola
22:22:05 | DEBUG   | [L1 Wiki] Error: Expecting value: line 1 column 1 (char 0)
22:22:05 | DEBUG   |       L1 Gagal, mencoba L2 DDGS...
22:22:16 | INFO    |       => Sukses dari: https://www.manadolive.co.id/wakapolres-sangihe-ajak-jemaat-bukit-zaitun-tola-jaga-kamtibmas/
22:22:18 | INFO    | [2476/2708] Mencari: Pantai Nanaka
22:22:18 | DEBUG   | [L1 Wiki] Error: Expecting value: line 1 column 1 (char 0)
22:22:18 | DEBUG   |       L1 Gagal, mencoba L2 DDGS...
22:22:33 | INFO    |       => Gagal mencari deskripsi.
22:22:35 | INFO    | [2477/2708] Mencari: Bukit Ceria Toipan
22:22:35 | DEBUG   | [L1 Wiki] Error: Expecting value: line 1 column 1 (char 0)
22:22:35 | DEBUG   |       L1 Gagal, mencoba L2 DDGS...
22:22:44 | INFO    |       => Gagal mencari deskripsi.
22:22:45 | INFO    | [2478/2708] Mencari: Pondok Budaya Ayus Piala
22:22:45 | DEBUG   | [L1 Wiki] Error: Expecting value: line 1 column 1 (char 0)
22:22:45 | DEBUG   |       L1 Gagal, mencoba L2 DDGS...
22:22:51 | INFO    |       => Sukses dari: https://www.oyorooms.com/travel-guide/id/tempat-wisata-palu/
22:22:52 | INFO    | [2479/2708] Mencari: AIR TERJUN TETENU
22:22:52 | DEBUG   | [L1 Wiki] Error: Expecting value: line 1 column 1 (char 0)
22:22:52 | DEBUG   |       L1 Gagal, mencoba L2 DDGS...
22:23:04 | INFO    |       => Gagal mencari deskripsi.
22:23:06 | INFO    | [2480/2708] Mencari: Pantai Batugong
22:23:06 | DEBUG   | [L1 Wiki] Error: Expecting value: line 1 column 1 (char 0)
22:23:06 | DEBUG   |       L1 Gagal, mencoba L2 DDGS...
22:23:17 | INFO    |       => Gagal mencari deskripsi.
22:23:19 | INFO    | [2481/2708] Mencari: Pantai Tanjung Tawatawaro
22:23:19 | DEBUG   | [L1 Wiki] Error: Expecting value: line 1 column 1 (char 0)
22:23:19 | DEBUG   |       L1 Gagal, mencoba L2 DDGS...
22:23:31 | INFO    |       => Gagal mencari deskripsi.
22:23:32 | INFO    | [2482/2708] Mencari: Wungkolo, Sulawesi Tenggara-Indonesia
22:23:32 | DEBUG   | [L1 Wiki] Error: Expecting value: line 1 column 1 (char 0)
22:23:32 | DEBUG   |       L1 Gagal, mencoba L2 DDGS...
22:23:38 | INFO    |       => Sukses dari: https://id.wikipedia.org/wiki/Wungkolo,_Wawonii_Selatan,_Konawe_Kepulauan
22:23:40 | INFO    | [2483/2708] Mencari: PUNCAK SATIRA
22:23:40 | DEBUG   | [L1 Wiki] Error: Expecting value: line 1 column 1 (char 0)
22:23:40 | DEBUG   |       L1 Gagal, mencoba L2 DDGS...
22:23:50 | INFO    |       => Gagal mencari deskripsi.
22:23:52 | INFO    | [2484/2708] Mencari: Bukit Garuda Negeri Diatas Awan BULO
22:23:52 | DEBUG   | [L1 Wiki] Error: Expecting value: line 1 column 1 (char 0)
22:23:52 | DEBUG   |       L1 Gagal, mencoba L2 DDGS...
22:23:59 | INFO    |       => Sukses dari: https://liburanmurah.com/bukit-anugerah-bulo-pesona-tersembunyi-di-polewali-mandar/
22:24:00 | INFO    | [2485/2708] Mencari: Wisata Alam Alla, Alla
22:24:00 | DEBUG   | [L1 Wiki] Error: Expecting value: line 1 column 1 (char 0)
22:24:00 | DEBUG   |       L1 Gagal, mencoba L2 DDGS...
22:24:07 | INFO    |       => Sukses dari: https://travel.detik.com/domestic-destination/d-4384745/mampie-si-cantik-menggoda-dari-polewali-mandar
22:24:09 | INFO    | [2486/2708] Mencari: Air Terjun Bongoda'a
22:24:09 | DEBUG   | [L1 Wiki] Error: Expecting value: line 1 column 1 (char 0)
22:24:09 | DEBUG   |       L1 Gagal, mencoba L2 DDGS...
22:24:21 | DEBUG   | [L2 BS4] Gagal ekstraksi url https://www.omote-sando.info/6-rekomendasi-objek-wisata-gorontalo-yang-wajib-dikunjungi/ -> HTTPSConnectionPool(host='www.omote-sando.info', port=443): Max retries exceeded with url: /6-rekomendasi-objek-wisata-gorontalo-yang-wajib-dikunjungi/ (Caused by SSLError(SSLCertVerificationError(1, "[SSL: CERTIFICATE_VERIFY_FAILED] certificate verify failed: Hostname mismatch, certificate is not valid for 'www.omote-sando.info'. (_ssl.c:1081)")))
22:24:21 | INFO    |       => Gagal mencari deskripsi.
22:24:22 | INFO    | [2487/2708] Mencari: Wisata Maleu, DesaLobuto, Kec. Biluhu
22:24:22 | DEBUG   | [L1 Wiki] Error: Expecting value: line 1 column 1 (char 0)
22:24:22 | DEBUG   |       L1 Gagal, mencoba L2 DDGS...
22:24:30 | INFO    |       => Sukses dari: https://ban.wikipedia.org/wiki/Lobuto,_Biluhu,_Gorontalo
22:24:31 | INFO    | [2488/2708] Mencari: Bukit Pinus (bupin)
22:24:31 | DEBUG   | [L1 Wiki] Error: Expecting value: line 1 column 1 (char 0)
22:24:31 | DEBUG   |       L1 Gagal, mencoba L2 DDGS...
22:24:49 | INFO    |       => Gagal mencari deskripsi.
22:24:51 | INFO    | [2489/2708] Mencari: Kolam renang vila desa
22:24:51 | DEBUG   | [L1 Wiki] Error: Expecting value: line 1 column 1 (char 0)
22:24:51 | DEBUG   |       L1 Gagal, mencoba L2 DDGS...
22:25:01 | INFO    |       => Sukses dari: https://travels.id/pantai-bolihutuo-di-kabupaten-boalemo/page/2/
22:25:02 | INFO    | *** Auto-saving 1920 baris diproses...
22:25:02 | INFO    | [2490/2708] Mencari: Pantai Tengah Barombong
22:25:02 | DEBUG   | [L1 Wiki] Error: Expecting value: line 1 column 1 (char 0)
22:25:02 | DEBUG   |       L1 Gagal, mencoba L2 DDGS...
22:25:12 | INFO    |       => Sukses dari: https://incatravel.co.id/pantai-barombong/
22:25:14 | INFO    | [2491/2708] Mencari: Bulu Cepo
22:25:14 | DEBUG   | [L1 Wiki] Error: Expecting value: line 1 column 1 (char 0)
22:25:14 | DEBUG   |       L1 Gagal, mencoba L2 DDGS...
22:25:20 | INFO    |       => Sukses dari: https://www.berandankrinews.com/wajo-dapat-anggaran-penyusunan-amdal-jaringan-pompanisasi-dari-pemprov-tahun-ini/
22:25:22 | INFO    | [2492/2708] Mencari: Kawasan Wisata Bangsalae
22:25:22 | DEBUG   | [L1 Wiki] Error: Expecting value: line 1 column 1 (char 0)
22:25:22 | DEBUG   |       L1 Gagal, mencoba L2 DDGS...
22:25:31 | INFO    |       => Sukses dari: https://www.rakyatsatu.com/2026/03/miris-bangsalae-siwa-dipenuhi-sampah.html
22:25:32 | INFO    | [2493/2708] Mencari: Pantai pasir putih Malboro
22:25:32 | DEBUG   | [L1 Wiki] Error: Expecting value: line 1 column 1 (char 0)
22:25:32 | DEBUG   |       L1 Gagal, mencoba L2 DDGS...
22:25:40 | INFO    |       => Sukses dari: https://www.trac.astra.co.id/blog/travel/wisata-bulukumba-pesona-tanjung-bira-dan-destinasi-sekitarnya/1523
22:25:42 | INFO    | [2494/2708] Mencari: Wisata Permandian Desa Pattallassang
22:25:42 | DEBUG   | [L1 Wiki] Error: Expecting value: line 1 column 1 (char 0)
22:25:42 | DEBUG   |       L1 Gagal, mencoba L2 DDGS...
22:25:47 | INFO    |       => Sukses dari: https://seringjalan.com/5-tempat-wisata-di-pattallangsang-takalar/
22:25:49 | INFO    | [2495/2708] Mencari: Bantaeng
22:25:49 | DEBUG   | [L1 Wiki] Error: Expecting value: line 1 column 1 (char 0)
22:25:49 | DEBUG   |       L1 Gagal, mencoba L2 DDGS...
22:26:00 | INFO    |       => Sukses dari: https://www.detik.com/sulsel/wisata/d-6752789/pesona-pantai-marina-bantaeng-dengan-panorama-sunset-yang-memanjakan-mata
22:26:01 | INFO    | [2496/2708] Mencari: Kompleks Makam Raja Raja Binamu
22:26:01 | DEBUG   | [L1 Wiki] Error: Expecting value: line 1 column 1 (char 0)
22:26:01 | DEBUG   |       L1 Gagal, mencoba L2 DDGS...
22:26:13 | INFO    |       => Sukses dari: https://id.wikipedia.org/wiki/Makam_Raja-Raja_Binamu
22:26:14 | INFO    | [2497/2708] Mencari: Desa Sepakat
22:26:14 | DEBUG   | [L1 Wiki] Error: Expecting value: line 1 column 1 (char 0)
22:26:14 | DEBUG   |       L1 Gagal, mencoba L2 DDGS...
22:26:33 | DEBUG   | [L2 BS4] Gagal ekstraksi url https://www.bbc.com/indonesia/trensosial-41642845 -> HTTPSConnectionPool(host='www.bbc.com', port=443): Read timed out.
22:26:37 | INFO    |       => Gagal mencari deskripsi.
22:26:39 | INFO    | [2498/2708] Mencari: Rumah Brando Di Film "Senjakala di Manado"
22:26:39 | DEBUG   | [L1 Wiki] Error: Expecting value: line 1 column 1 (char 0)
22:26:39 | DEBUG   |       L1 Gagal, mencoba L2 DDGS...
22:26:44 | INFO    |       => Sukses dari: https://www.kompasiana.com/losnito/58521de6a2afbdc85a20f81c/film-senjakala-di-manado-akan-sukses-promosikan-wisata-manado
22:26:46 | INFO    | [2499/2708] Mencari: Bukit Jalan Tol Tumaluntung
22:26:46 | DEBUG   | [L1 Wiki] Error: Expecting value: line 1 column 1 (char 0)
22:26:46 | DEBUG   |       L1 Gagal, mencoba L2 DDGS...
22:26:56 | INFO    |       => Sukses dari: https://speednews-manado.com/2022/05/majukan-desa-wisata-pemdes-tumaluntung-gandeng-tim-pengabdi-politeknik/
22:26:58 | INFO    | [2500/2708] Mencari: Puncak Pilos
22:26:58 | DEBUG   | [L1 Wiki] Error: Expecting value: line 1 column 1 (char 0)
22:26:58 | DEBUG   |       L1 Gagal, mencoba L2 DDGS...
22:27:03 | INFO    |       => Sukses dari: https://puncakpilos.blogspot.com/
22:27:04 | INFO    | [2501/2708] Mencari: Pantai Batuajara
22:27:04 | DEBUG   | [L1 Wiki] Error: Expecting value: line 1 column 1 (char 0)
22:27:04 | DEBUG   |       L1 Gagal, mencoba L2 DDGS...
22:27:12 | INFO    |       => Gagal mencari deskripsi.
22:27:13 | INFO    | [2502/2708] Mencari: Pantai Tondowolio
22:27:13 | DEBUG   | [L1 Wiki] Error: Expecting value: line 1 column 1 (char 0)
22:27:13 | DEBUG   |       L1 Gagal, mencoba L2 DDGS...
22:27:27 | INFO    |       => Sukses dari: https://bali.times.co.id/news/berita/5mgqgdqt88/Menteri-PUPR-RI-Empat-Pengaman-Pantai-Segera-Dibangun-di-Provinsi-Sulawesi-Tenggara-pada-2024
22:27:28 | INFO    | [2503/2708] Mencari: Ekowisata Taduno
22:27:28 | DEBUG   | [L1 Wiki] Error: Expecting value: line 1 column 1 (char 0)
22:27:28 | DEBUG   |       L1 Gagal, mencoba L2 DDGS...
22:27:34 | INFO    |       => Sukses dari: https://travel.kompas.com/read/2019/04/23/090000527/4-obyek-wisata-yang-wajib-dikunjungi-saat-liburan-ke-wakatobi
22:27:36 | INFO    | [2504/2708] Mencari: Kolam Renang Tepi Sawah
22:27:36 | DEBUG   | [L1 Wiki] Error: Expecting value: line 1 column 1 (char 0)
22:27:36 | DEBUG   |       L1 Gagal, mencoba L2 DDGS...
22:27:44 | INFO    |       => Sukses dari: https://www.detik.com/sulsel/wisata/d-6503703/14-tempat-wisata-di-takalar-yang-populer-dan-menarik-dikunjungi
22:27:46 | INFO    | [2505/2708] Mencari: Buntu Sisong
22:27:46 | DEBUG   | [L1 Wiki] Error: Expecting value: line 1 column 1 (char 0)
22:27:46 | DEBUG   |       L1 Gagal, mencoba L2 DDGS...
22:27:53 | INFO    |       => Sukses dari: https://id.wikipedia.org/wiki/Bone_Buntu_Sisong,_Makale_Selatan,_Tana_Toraja
22:27:55 | INFO    | [2506/2708] Mencari: Bukit Jokowi
22:27:55 | DEBUG   | [L1 Wiki] Error: Expecting value: line 1 column 1 (char 0)
22:27:55 | DEBUG   |       L1 Gagal, mencoba L2 DDGS...
22:28:09 | INFO    |       => Gagal mencari deskripsi.
22:28:10 | INFO    | [2507/2708] Mencari: Permandian Alam Makawa
22:28:10 | DEBUG   | [L1 Wiki] Error: Expecting value: line 1 column 1 (char 0)
22:28:10 | DEBUG   |       L1 Gagal, mencoba L2 DDGS...
22:28:17 | INFO    |       => Sukses dari: https://www.itrip.id/air-panas-pincara-luwu-utara
22:28:18 | INFO    | [2508/2708] Mencari: Hutan Kota Tutuyan
22:28:19 | DEBUG   | [L1 Wiki] Error: Expecting value: line 1 column 1 (char 0)
22:28:19 | DEBUG   |       L1 Gagal, mencoba L2 DDGS...
22:28:25 | INFO    |       => Sukses dari: https://www.geokepo.id/id/lokasi/bolaang-mongondow-timur/hutan-kota-tutuyan
22:28:26 | INFO    | [2509/2708] Mencari: Air Terjun Ampa Doap
22:28:26 | DEBUG   | [L1 Wiki] Error: Expecting value: line 1 column 1 (char 0)
22:28:26 | DEBUG   |       L1 Gagal, mencoba L2 DDGS...
22:28:38 | INFO    |       => Sukses dari: https://travel.kompas.com/read/2025/10/31/100000127/wisata-di-sumatera-barat-mampir-ke-air-terjun-lembah-anai-
22:28:39 | INFO    | *** Auto-saving 1940 baris diproses...
22:28:39 | INFO    | [2510/2708] Mencari: Pantai PELANGI
22:28:39 | DEBUG   | [L1 Wiki] Error: Expecting value: line 1 column 1 (char 0)
22:28:39 | DEBUG   |       L1 Gagal, mencoba L2 DDGS...
22:28:55 | INFO    |       => Gagal mencari deskripsi.
22:28:56 | INFO    | [2511/2708] Mencari: Benteng Bebengketan
22:28:56 | DEBUG   | [L1 Wiki] Error: Expecting value: line 1 column 1 (char 0)
22:28:56 | DEBUG   |       L1 Gagal, mencoba L2 DDGS...
22:29:12 | DEBUG   | [L2 BS4] Gagal ekstraksi url https://kataomed.com/blog/tempat-wisata-kabupaten-banggai-kepulauan -> HTTPSConnectionPool(host='kataomed.com', port=443): Read timed out. (read timeout=8)
22:29:12 | DEBUG   | [L2 BS4] Gagal ekstraksi url https://www.banggaiberdikari.com/2025/03/makna-dan-sejarah-lambang-tiga.html -> HTTPSConnectionPool(host='www.banggaiberdikari.com', port=443): Max retries exceeded with url: /2025/03/makna-dan-sejarah-lambang-tiga.html (Caused by NameResolutionError("HTTPSConnection(host='www.banggaiberdikari.com', port=443): Failed to resolve 'www.banggaiberdikari.com' ([Errno 11001] getaddrinfo failed)"))
22:29:16 | INFO    |       => Gagal mencari deskripsi.
22:29:17 | INFO    | [2512/2708] Mencari: River Tubing Desa Wisata Malangga
22:29:17 | DEBUG   | [L1 Wiki] Error: Expecting value: line 1 column 1 (char 0)
22:29:17 | DEBUG   |       L1 Gagal, mencoba L2 DDGS...
22:29:23 | INFO    |       => Sukses dari: https://www.kabartoday.id/bupati-tolitoli-hadiri-anugerah-desa-wisata-indonesia-tahun-2022/
22:29:25 | INFO    | [2513/2708] Mencari: Pirsah
22:29:25 | DEBUG   | [L1 Wiki] Error: Expecting value: line 1 column 1 (char 0)
22:29:25 | DEBUG   |       L1 Gagal, mencoba L2 DDGS...
22:29:36 | INFO    |       => Gagal mencari deskripsi.
22:29:38 | INFO    | [2514/2708] Mencari: Bat-Bat Kota Raha
22:29:38 | DEBUG   | [L1 Wiki] Error: Expecting value: line 1 column 1 (char 0)
22:29:38 | DEBUG   |       L1 Gagal, mencoba L2 DDGS...
22:29:46 | INFO    |       => Sukses dari: https://id.wikipedia.org/wiki/Raha
22:29:47 | INFO    | [2515/2708] Mencari: Bukit Paralayang Maddo
22:29:47 | DEBUG   | [L1 Wiki] Error: Expecting value: line 1 column 1 (char 0)
22:29:47 | DEBUG   |       L1 Gagal, mencoba L2 DDGS...
22:29:53 | INFO    |       => Sukses dari: https://www.goersapp.com/blog/bukit-maddo-sulsel/
22:29:55 | INFO    | [2516/2708] Mencari: Wisata Alam Labempa
22:29:55 | DEBUG   | [L1 Wiki] Error: Expecting value: line 1 column 1 (char 0)
22:29:55 | DEBUG   |       L1 Gagal, mencoba L2 DDGS...
22:30:01 | INFO    |       => Sukses dari: https://tabloidsinartani.com/detail/indeks/agrowisata/16109-Pondok-Labempa-Wisata-Pertanian-dan-Perikanan-Plus-Vokasi-di-Soppeng
22:30:02 | INFO    | [2517/2708] Mencari: Air Terjun Jammeng
22:30:03 | DEBUG   | [L1 Wiki] Error: Expecting value: line 1 column 1 (char 0)
22:30:03 | DEBUG   |       L1 Gagal, mencoba L2 DDGS...
22:30:08 | INFO    |       => Sukses dari: https://www.goodnewsfromindonesia.id/2022/11/11/selain-taka-bonerate-ini-5-destinasi-wisata-alam-favorit-kepulauan-selayar
22:30:10 | INFO    | [2518/2708] Mencari: Bukit Teletubies Tappion Buakayu
22:30:10 | DEBUG   | [L1 Wiki] Error: Expecting value: line 1 column 1 (char 0)
22:30:10 | DEBUG   |       L1 Gagal, mencoba L2 DDGS...
22:30:15 | INFO    |       => Sukses dari: https://rri.co.id/wisata/1912505/bukit-ollon-surga-teletubbies-di-toraja
22:30:17 | INFO    | [2519/2708] Mencari: Dermaga Burau Pantai
22:30:17 | DEBUG   | [L1 Wiki] Error: Expecting value: line 1 column 1 (char 0)
22:30:17 | DEBUG   |       L1 Gagal, mencoba L2 DDGS...
22:30:21 | INFO    |       => Sukses dari: https://jadesta.kemenpar.go.id/desa/kampung_katonik_desa_burau_pantai
22:30:22 | INFO    | [2520/2708] Mencari: Permandian Alam Silika Garden
22:30:23 | DEBUG   | [L1 Wiki] Error: Expecting value: line 1 column 1 (char 0)
22:30:23 | DEBUG   |       L1 Gagal, mencoba L2 DDGS...
22:30:35 | INFO    |       => Sukses dari: https://www.penalutim.com/2023/06/23/ini-60-objek-wisata-luwu-timur-yang-ramai-dikunjungi/
22:30:36 | INFO    | [2521/2708] Mencari: Pantai Wisata Karang Lestari
22:30:36 | DEBUG   | [L1 Wiki] Error: Expecting value: line 1 column 1 (char 0)
22:30:36 | DEBUG   |       L1 Gagal, mencoba L2 DDGS...
22:30:46 | INFO    |       => Sukses dari: https://sisparnas.com/p/1776
22:30:47 | INFO    | [2522/2708] Mencari: Bukit ilham Wosu
22:30:47 | DEBUG   | [L1 Wiki] Error: Expecting value: line 1 column 1 (char 0)
22:30:47 | DEBUG   |       L1 Gagal, mencoba L2 DDGS...
22:31:01 | INFO    |       => Gagal mencari deskripsi.
22:31:02 | INFO    | [2523/2708] Mencari: Air Terjun Hanga-Hanga
22:31:03 | DEBUG   | [L1 Wiki] Error: Expecting value: line 1 column 1 (char 0)
22:31:03 | DEBUG   |       L1 Gagal, mencoba L2 DDGS...
22:31:09 | INFO    |       => Sukses dari: https://www.tripzilla.id/wisata-banggai/1154
22:31:10 | INFO    | [2524/2708] Mencari: Danau Dowiwi
22:31:10 | DEBUG   | [L1 Wiki] Error: Expecting value: line 1 column 1 (char 0)
22:31:10 | DEBUG   |       L1 Gagal, mencoba L2 DDGS...
22:31:22 | INFO    |       => Gagal mencari deskripsi.
22:31:23 | INFO    | [2525/2708] Mencari: Wisata Permandian SINTOMU
22:31:23 | DEBUG   | [L1 Wiki] Error: Expecting value: line 1 column 1 (char 0)
22:31:23 | DEBUG   |       L1 Gagal, mencoba L2 DDGS...
22:31:30 | DEBUG   | [L2 BS4] Gagal ekstraksi url https://jadesta.kemenparekraf.go.id/desa/permandian_air_panas_kanan -> HTTPSConnectionPool(host='jadesta.kemenparekraf.go.id', port=443): Max retries exceeded with url: /desa/permandian_air_panas_kanan (Caused by NameResolutionError("HTTPSConnection(host='jadesta.kemenparekraf.go.id', port=443): Failed to resolve 'jadesta.kemenparekraf.go.id' ([Errno 11002] getaddrinfo failed)"))
22:31:32 | INFO    |       => Sukses dari: https://anekawisatanusantara.blogspot.com/2015/03/wisata-permandian-air-panas-lejja.html
22:31:34 | INFO    | [2526/2708] Mencari: Pantai Pasir Panjang Mbuang-Mbuang
22:31:34 | DEBUG   | [L1 Wiki] Error: Expecting value: line 1 column 1 (char 0)
22:31:34 | DEBUG   |       L1 Gagal, mencoba L2 DDGS...
22:31:42 | INFO    |       => Sukses dari: https://indonesia.go.id/ragam/pariwisata/ekonomi/lebih-dekat-dengan-pesona-mbuang-mbuang?lang=1
22:31:43 | INFO    | [2527/2708] Mencari: Paisu Matano Tatakalai
22:31:43 | DEBUG   | [L1 Wiki] Error: Expecting value: line 1 column 1 (char 0)
22:31:43 | DEBUG   |       L1 Gagal, mencoba L2 DDGS...
22:31:58 | INFO    |       => Sukses dari: https://kataomed.com/blog/tempat-wisata-kabupaten-banggai-kepulauan
22:31:59 | INFO    | [2528/2708] Mencari: Batu Susun
22:31:59 | DEBUG   | [L1 Wiki] Error: Expecting value: line 1 column 1 (char 0)
22:31:59 | DEBUG   |       L1 Gagal, mencoba L2 DDGS...
22:32:06 | INFO    |       => Sukses dari: https://www.in-indonesia.com/travel/79810396860/5-tempat-wisata-di-kabupaten-buol-wajib-dikunjungi-saat-akhir-pekan-rekomendasi-untuk-warga-palu?page=2
22:32:07 | INFO    | [2529/2708] Mencari: Wisata Manggrove
22:32:07 | DEBUG   | [L1 Wiki] Error: Expecting value: line 1 column 1 (char 0)
22:32:07 | DEBUG   |       L1 Gagal, mencoba L2 DDGS...
22:32:14 | INFO    |       => Sukses dari: https://travel.kompas.com/read/2026/03/28/141427527/5-wisata-mangrove-di-indonesia-bisa-jalan-di-jembatan-sambil-pesisir-laut
22:32:15 | INFO    | *** Auto-saving 1960 baris diproses...
22:32:15 | INFO    | [2530/2708] Mencari: Wisata kolamku perumahan Ruby zamzam
22:32:15 | DEBUG   | [L1 Wiki] Error: Expecting value: line 1 column 1 (char 0)
22:32:15 | DEBUG   |       L1 Gagal, mencoba L2 DDGS...
22:32:21 | INFO    |       => Sukses dari: https://www.detik.com/sulsel/wisata/d-6594141/23-objek-wisata-di-parepare-mulai-pesona-alam-hingga-situs-sejarah
22:32:23 | INFO    | [2531/2708] Mencari: Permandian Kalola
22:32:23 | DEBUG   | [L1 Wiki] Error: Expecting value: line 1 column 1 (char 0)
22:32:23 | DEBUG   |       L1 Gagal, mencoba L2 DDGS...
22:32:28 | INFO    |       => Sukses dari: https://id.wikipedia.org/wiki/Bendungan_Kalola
22:32:29 | INFO    | [2532/2708] Mencari: Bukit Saletta
22:32:29 | DEBUG   | [L1 Wiki] Error: Expecting value: line 1 column 1 (char 0)
22:32:29 | DEBUG   |       L1 Gagal, mencoba L2 DDGS...
22:32:40 | INFO    |       => Sukses dari: https://sulsel.idntimes.com/travel/destination/9-pemandangan-alam-di-enrekang-ini-buat-mata-kamu-berhenti-berkedip-00-fxmzt-3ctz0r
22:32:41 | INFO    | [2533/2708] Mencari: Air Terjun Desa WiauLapi
22:32:41 | DEBUG   | [L1 Wiki] Error: Expecting value: line 1 column 1 (char 0)
22:32:41 | DEBUG   |       L1 Gagal, mencoba L2 DDGS...
22:32:52 | INFO    |       => Sukses dari: https://wiaulapi.com/
22:32:53 | INFO    | [2534/2708] Mencari: Air Terjun Bale
22:32:53 | DEBUG   | [L1 Wiki] Error: Expecting value: line 1 column 1 (char 0)
22:32:53 | DEBUG   |       L1 Gagal, mencoba L2 DDGS...
22:32:58 | INFO    |       => Sukses dari: https://id.wikipedia.org/wiki/Kabupaten_Donggala
22:33:00 | INFO    | [2535/2708] Mencari: Situs Cagar Budaya Makam Maradindo
22:33:00 | DEBUG   | [L1 Wiki] Error: Expecting value: line 1 column 1 (char 0)
22:33:00 | DEBUG   |       L1 Gagal, mencoba L2 DDGS...
22:33:05 | INFO    |       => Sukses dari: https://sites.google.com/view/kebudayaansulawesitengah/cagar-budaya/lembah-lindu/situs-maradindo
22:33:07 | INFO    | [2536/2708] Mencari: Pantai Masi
22:33:07 | DEBUG   | [L1 Wiki] Error: Expecting value: line 1 column 1 (char 0)
22:33:07 | DEBUG   |       L1 Gagal, mencoba L2 DDGS...
22:33:19 | INFO    |       => Sukses dari: https://www.rifaihadi.com/super-keren-ini-8-tempat-wisata-parigi-moutong/
22:33:20 | INFO    | [2537/2708] Mencari: Air terjun MARONDO (Waterfall)
22:33:20 | DEBUG   | [L1 Wiki] Error: Expecting value: line 1 column 1 (char 0)
22:33:20 | DEBUG   |       L1 Gagal, mencoba L2 DDGS...
22:33:25 | INFO    |       => Sukses dari: https://tourismtojounauna.com/
22:33:27 | INFO    | [2538/2708] Mencari: Wisata Bahari Karamba Tarantula Uwedikan
22:33:27 | DEBUG   | [L1 Wiki] Error: Expecting value: line 1 column 1 (char 0)
22:33:27 | DEBUG   |       L1 Gagal, mencoba L2 DDGS...
22:33:39 | INFO    |       => Sukses dari: https://travel.kompas.com/read/2023/06/07/080136427/5-wisata-di-banggai-kepulauan-yang-populer-ada-danau-sebening-kaca?page=all
22:33:40 | INFO    | [2539/2708] Mencari: Wisata karo-karo
22:33:40 | DEBUG   | [L1 Wiki] Error: Expecting value: line 1 column 1 (char 0)
22:33:40 | DEBUG   |       L1 Gagal, mencoba L2 DDGS...
22:33:51 | INFO    |       => Sukses dari: https://putrawijayatours.com/paket-wisata-karo/
22:33:52 | INFO    | [2540/2708] Mencari: Wisata Alam sungai Karya Bone
22:33:52 | DEBUG   | [L1 Wiki] Error: Expecting value: line 1 column 1 (char 0)
22:33:52 | DEBUG   |       L1 Gagal, mencoba L2 DDGS...
22:34:04 | INFO    |       => Sukses dari: https://aktualgorontalo.com/obejek-wisata-sungai-viral-desa-karya-baru-kabupaten-pohuwato/
22:34:06 | INFO    | [2541/2708] Mencari: Air Terjun Kandera
22:34:06 | DEBUG   | [L1 Wiki] Error: Expecting value: line 1 column 1 (char 0)
22:34:06 | DEBUG   |       L1 Gagal, mencoba L2 DDGS...
22:34:16 | INFO    |       => Sukses dari: https://www.idntimes.com/travel/destination/tempat-wisata-tondano-1-00-cqkqh-xg99tq
22:34:18 | INFO    | [2542/2708] Mencari: Wale Manguni
22:34:18 | DEBUG   | [L1 Wiki] Error: Expecting value: line 1 column 1 (char 0)
22:34:18 | DEBUG   |       L1 Gagal, mencoba L2 DDGS...
22:34:33 | INFO    |       => Gagal mencari deskripsi.
22:34:35 | INFO    | [2543/2708] Mencari: Wisata Pantai
22:34:35 | DEBUG   | [L1 Wiki] Error: Expecting value: line 1 column 1 (char 0)
22:34:35 | DEBUG   |       L1 Gagal, mencoba L2 DDGS...
22:34:44 | INFO    |       => Sukses dari: https://www.tokopedia.com/blog/travel-tempat-wisata-talaud-terindah/
22:34:46 | INFO    | [2544/2708] Mencari: Bintang bahari
22:34:46 | DEBUG   | [L1 Wiki] Error: Expecting value: line 1 column 1 (char 0)
22:34:46 | DEBUG   |       L1 Gagal, mencoba L2 DDGS...
22:34:53 | INFO    |       => Sukses dari: https://www.tribunnews.com/travel/2017/03/09/potensi-wisata-bahari-kabupaten-selayar-dpat-perhatian-khusus-dari-kementerian-pariwisata
22:34:55 | INFO    | [2545/2708] Mencari: Air terjun STB Kaleok
22:34:55 | DEBUG   | [L1 Wiki] Error: Expecting value: line 1 column 1 (char 0)
22:34:55 | DEBUG   |       L1 Gagal, mencoba L2 DDGS...
22:35:03 | INFO    |       => Sukses dari: https://inovasi.web.id/batu-pelangi-desa-kaleok-destinasi-wisata-paling-ngetop-di-poliwali-mandar/
22:35:05 | INFO    | [2546/2708] Mencari: Wisata Muara Desa Mappakassunggu
22:35:05 | DEBUG   | [L1 Wiki] Error: Expecting value: line 1 column 1 (char 0)
22:35:05 | DEBUG   |       L1 Gagal, mencoba L2 DDGS...
22:35:12 | INFO    |       => Sukses dari: https://id.wikipedia.org/wiki/Kabupaten_Takalar
22:35:14 | INFO    | [2547/2708] Mencari: Air Terjun Sarmasi Leppangeng
22:35:14 | DEBUG   | [L1 Wiki] Error: Expecting value: line 1 column 1 (char 0)
22:35:14 | DEBUG   |       L1 Gagal, mencoba L2 DDGS...
22:35:21 | INFO    |       => Sukses dari: https://www.kompasiana.com/fauzanazhar9598/698acb91ed6415447f151432/miliki-potensi-geowisata-mahasiswa-kkn-t-unhas-pasang-papan-informasi-geowi
22:35:23 | INFO    | [2548/2708] Mencari: Air Terjun Sitodon
22:35:23 | DEBUG   | [L1 Wiki] Error: Expecting value: line 1 column 1 (char 0)
22:35:23 | DEBUG   |       L1 Gagal, mencoba L2 DDGS...
22:35:30 | INFO    |       => Sukses dari: https://www.kompak-nusantara.com/2025/05/destinasi-pariwisata-alam-menakjubkan.html
22:35:32 | INFO    | [2549/2708] Mencari: Pegunungan Tokala
22:35:32 | DEBUG   | [L1 Wiki] Error: Expecting value: line 1 column 1 (char 0)
22:35:32 | DEBUG   |       L1 Gagal, mencoba L2 DDGS...
22:35:46 | DEBUG   | [L2 BS4] Gagal ekstraksi url https://tempatwisataseru.com/tempat-wisata-di-morowali-utara-terbaik-hits-yang-wajib-dikunjungi/ -> HTTPSConnectionPool(host='tempatwisataseru.com', port=443): Read timed out. (read timeout=8)
22:35:48 | INFO    |       => Sukses dari: https://jejaktravelind.blogspot.com/2025/07/info-wisata-morowali-utara-surga.html
22:35:49 | INFO    | *** Auto-saving 1980 baris diproses...
22:35:49 | INFO    | [2550/2708] Mencari: Sewa Mobil Gorontalo Zahra
22:35:49 | DEBUG   | [L1 Wiki] Error: Expecting value: line 1 column 1 (char 0)
22:35:49 | DEBUG   |       L1 Gagal, mencoba L2 DDGS...
22:36:04 | INFO    |       => Sukses dari: https://sewamobilterdekat.id/rental-mobil-gorontalo/
22:36:06 | INFO    | [2551/2708] Mencari: Objek Wisata Mangrove Desa Buriko
22:36:06 | DEBUG   | [L1 Wiki] Error: Expecting value: line 1 column 1 (char 0)
22:36:06 | DEBUG   |       L1 Gagal, mencoba L2 DDGS...
22:36:10 | INFO    |       => Sukses dari: https://id.wikipedia.org/wiki/Buriko,_Pitumpanua,_Wajo
22:36:11 | INFO    | [2552/2708] Mencari: LIHUNU
22:36:11 | DEBUG   | [L1 Wiki] Error: Expecting value: line 1 column 1 (char 0)
22:36:11 | DEBUG   |       L1 Gagal, mencoba L2 DDGS...
22:36:18 | INFO    |       => Sukses dari: https://gor.wikipedia.org/wiki/Lihunu,_Likupang_Timur,_Minahasa_Utara
22:36:20 | INFO    | [2553/2708] Mencari: Air Terjun Pelangi
22:36:20 | DEBUG   | [L1 Wiki] Error: Expecting value: line 1 column 1 (char 0)
22:36:20 | DEBUG   |       L1 Gagal, mencoba L2 DDGS...
22:36:29 | INFO    |       => Gagal mencari deskripsi.
22:36:30 | INFO    | [2554/2708] Mencari: Bukit Moncong-Moncong (Bulser)
22:36:30 | DEBUG   | [L1 Wiki] Error: Expecting value: line 1 column 1 (char 0)
22:36:30 | DEBUG   |       L1 Gagal, mencoba L2 DDGS...
22:36:39 | INFO    |       => Sukses dari: https://travel.detik.com/domestic-destination/d-7465518/15-tempat-pariwisata-gowa-daya-tarik-lokasi-harga-tiket
22:36:40 | INFO    | [2555/2708] Mencari: Wisata Danau Satria Panrannuangku
22:36:40 | DEBUG   | [L1 Wiki] Error: Expecting value: line 1 column 1 (char 0)
22:36:40 | DEBUG   |       L1 Gagal, mencoba L2 DDGS...
22:36:53 | INFO    |       => Sukses dari: https://www.detik.com/sulsel/wisata/d-6503703/14-tempat-wisata-di-takalar-yang-populer-dan-menarik-dikunjungi
22:36:54 | INFO    | [2556/2708] Mencari: Air terjun baruttung
22:36:55 | DEBUG   | [L1 Wiki] Error: Expecting value: line 1 column 1 (char 0)
22:36:55 | DEBUG   |       L1 Gagal, mencoba L2 DDGS...
22:37:00 | INFO    |       => Sukses dari: https://jadesta.kemenpar.go.id/desa/air_terjun_baruttungnge
22:37:01 | INFO    | [2557/2708] Mencari: Gunung Lantiangoro
22:37:02 | DEBUG   | [L1 Wiki] Error: Expecting value: line 1 column 1 (char 0)
22:37:02 | DEBUG   |       L1 Gagal, mencoba L2 DDGS...
22:37:09 | INFO    |       => Gagal mencari deskripsi.
22:37:10 | INFO    | [2558/2708] Mencari: Air Terjun Itto Sarasa
22:37:10 | DEBUG   | [L1 Wiki] Error: Expecting value: line 1 column 1 (char 0)
22:37:10 | DEBUG   |       L1 Gagal, mencoba L2 DDGS...
22:37:18 | INFO    |       => Gagal mencari deskripsi.
22:37:19 | INFO    | [2559/2708] Mencari: Wisata Batu Tangnga
22:37:19 | DEBUG   | [L1 Wiki] Error: Expecting value: line 1 column 1 (char 0)
22:37:19 | DEBUG   |       L1 Gagal, mencoba L2 DDGS...
22:37:25 | INFO    |       => Sukses dari: https://id.wikipedia.org/wiki/Pulau_Batu_Tangnga
22:37:26 | INFO    | [2560/2708] Mencari: Cahaya Berkah Abadi
22:37:26 | DEBUG   | [L1 Wiki] Error: Expecting value: line 1 column 1 (char 0)
22:37:26 | DEBUG   |       L1 Gagal, mencoba L2 DDGS...
22:37:35 | INFO    |       => Gagal mencari deskripsi.
22:37:37 | INFO    | [2561/2708] Mencari: Eduwisata Mangrove PKP Bone
22:37:37 | DEBUG   | [L1 Wiki] Error: Expecting value: line 1 column 1 (char 0)
22:37:37 | DEBUG   |       L1 Gagal, mencoba L2 DDGS...
22:37:42 | INFO    |       => Sukses dari: https://eprints2.undip.ac.id/id/eprint/23788/
22:37:43 | INFO    | [2562/2708] Mencari: Minawo 2
22:37:43 | DEBUG   | [L1 Wiki] Error: Expecting value: line 1 column 1 (char 0)
22:37:43 | DEBUG   |       L1 Gagal, mencoba L2 DDGS...
22:37:51 | INFO    |       => Gagal mencari deskripsi.
22:37:52 | INFO    | [2563/2708] Mencari: KOLAM PERMANDIAN BUKIT PELANGI
22:37:52 | DEBUG   | [L1 Wiki] Error: Expecting value: line 1 column 1 (char 0)
22:37:52 | DEBUG   |       L1 Gagal, mencoba L2 DDGS...
22:37:59 | DEBUG   | [L2 BS4] Gagal ekstraksi url https://jadesta.kemenparekraf.go.id/desa/salu_lompoa_pattallassang -> HTTPSConnectionPool(host='jadesta.kemenparekraf.go.id', port=443): Max retries exceeded with url: /desa/salu_lompoa_pattallassang (Caused by NameResolutionError("HTTPSConnection(host='jadesta.kemenparekraf.go.id', port=443): Failed to resolve 'jadesta.kemenparekraf.go.id' ([Errno 11002] getaddrinfo failed)"))
22:38:00 | INFO    |       => Sukses dari: https://www.geokepo.id/id/lokasi/bantaeng/permandian-alam-eremerasa
22:38:02 | INFO    | [2564/2708] Mencari: Pantai Tinonnong
22:38:02 | DEBUG   | [L1 Wiki] Error: Expecting value: line 1 column 1 (char 0)
22:38:02 | DEBUG   |       L1 Gagal, mencoba L2 DDGS...
22:38:20 | INFO    |       => Gagal mencari deskripsi.
22:38:21 | INFO    | [2565/2708] Mencari: Pasi Gusung Ecotourism
22:38:22 | DEBUG   | [L1 Wiki] Error: Expecting value: line 1 column 1 (char 0)
22:38:22 | DEBUG   |       L1 Gagal, mencoba L2 DDGS...
22:38:30 | INFO    |       => Sukses dari: https://selayar.quarta.id/tourism/pasi-gusung-eco-tourism-usung-pariwisata-berkelanjutan-tawarkan-konsep-one-stop-destination/
22:38:31 | INFO    | [2566/2708] Mencari: Sunset View Mangrove Selayar
22:38:31 | DEBUG   | [L1 Wiki] Error: Expecting value: line 1 column 1 (char 0)
22:38:31 | DEBUG   |       L1 Gagal, mencoba L2 DDGS...
22:38:39 | INFO    |       => Sukses dari: https://seringjalan.com/5-tempat-wisata-di-selayar/
22:38:41 | INFO    | [2567/2708] Mencari: Attalia Waterpool
22:38:41 | DEBUG   | [L1 Wiki] Error: Expecting value: line 1 column 1 (char 0)
22:38:41 | DEBUG   |       L1 Gagal, mencoba L2 DDGS...
22:38:50 | INFO    |       => Gagal mencari deskripsi.
22:38:52 | INFO    | [2568/2708] Mencari: Bukit bau selatan
22:38:52 | DEBUG   | [L1 Wiki] Error: Expecting value: line 1 column 1 (char 0)
22:38:52 | DEBUG   |       L1 Gagal, mencoba L2 DDGS...
22:39:03 | INFO    |       => Sukses dari: https://www.detik.com/sulsel/wisata/d-7855810/8-wisata-di-tana-toraja-yang-unik-dan-bersejarah-untuk-liburan-keluarga
22:39:05 | INFO    | [2569/2708] Mencari: Permandia Matua Baru
22:39:05 | DEBUG   | [L1 Wiki] Error: Expecting value: line 1 column 1 (char 0)
22:39:05 | DEBUG   |       L1 Gagal, mencoba L2 DDGS...
22:39:13 | INFO    |       => Sukses dari: https://makassar.tribunnews.com/2024/12/28/video-as-matua-waterboom-destinasi-wisata-keluarga-di-enrekang-yang-wajib-kamu-kunjungi
22:39:15 | INFO    | *** Auto-saving 2000 baris diproses...
22:39:15 | INFO    | [2570/2708] Mencari: Air Terjun Lena
22:39:15 | DEBUG   | [L1 Wiki] Error: Expecting value: line 1 column 1 (char 0)
22:39:15 | DEBUG   |       L1 Gagal, mencoba L2 DDGS...
22:39:26 | INFO    |       => Gagal mencari deskripsi.
22:39:28 | INFO    | [2571/2708] Mencari: Desa Matano
22:39:28 | DEBUG   | [L1 Wiki] Error: Expecting value: line 1 column 1 (char 0)
22:39:28 | DEBUG   |       L1 Gagal, mencoba L2 DDGS...
22:39:41 | DEBUG   | [L2 BS4] Gagal ekstraksi url https://www.detik.com/sulsel/wisata/d-6722482/danau-matano-luwu-timur-sejarah-jejak-arkeologi-hingga-pesona-keindahannya -> HTTPSConnectionPool(host='www.detik.com', port=443): Read timed out.
22:39:42 | INFO    |       => Sukses dari: https://www.goodnewsfromindonesia.id/2025/12/26/desa-wisata-matano-iniaku-kampung-pandai-besi-di-tepi-danau-purba
22:39:44 | INFO    | [2572/2708] Mencari: Air Terjun Tutuasan Desa Kauneran
22:39:44 | DEBUG   | [L1 Wiki] Error: Expecting value: line 1 column 1 (char 0)
22:39:44 | DEBUG   |       L1 Gagal, mencoba L2 DDGS...
22:39:54 | INFO    |       => Sukses dari: https://id.wikipedia.org/wiki/Daftar_kecamatan_dan_kelurahan_di_Kabupaten_Minahasa
22:39:55 | INFO    | [2573/2708] Mencari: Air Terjun Teka'an Tincep
22:39:55 | DEBUG   | [L1 Wiki] Error: Expecting value: line 1 column 1 (char 0)
22:39:55 | DEBUG   |       L1 Gagal, mencoba L2 DDGS...
22:40:01 | INFO    |       => Sukses dari: https://jadesta.kemenpar.go.id/desa/tincep
22:40:02 | INFO    | [2574/2708] Mencari: Ekowisata Mangrove Desa Bahoi
22:40:02 | DEBUG   | [L1 Wiki] Error: Expecting value: line 1 column 1 (char 0)
22:40:02 | DEBUG   |       L1 Gagal, mencoba L2 DDGS...
22:40:12 | INFO    |       => Sukses dari: https://manggistravel.com/wisata-likupang/ekowisata-desa-bahoi-indahnya-likupang-dalam-kearifan-lokal/
22:40:14 | INFO    | [2575/2708] Mencari: Paket Wisata Likupang
22:40:14 | DEBUG   | [L1 Wiki] Error: Expecting value: line 1 column 1 (char 0)
22:40:14 | DEBUG   |       L1 Gagal, mencoba L2 DDGS...
22:40:21 | INFO    |       => Sukses dari: https://wisatahalalmanado.com/
22:40:23 | INFO    | [2576/2708] Mencari: LOKASI PENGHIJAUAN PEMKAB MITRA
22:40:23 | DEBUG   | [L1 Wiki] Error: Expecting value: line 1 column 1 (char 0)
22:40:23 | DEBUG   |       L1 Gagal, mencoba L2 DDGS...
22:40:30 | INFO    |       => Sukses dari: https://disparminsel.simdif.com/
22:40:31 | INFO    | [2577/2708] Mencari: Air terjun pinosaula
22:40:31 | DEBUG   | [L1 Wiki] Error: Expecting value: line 1 column 1 (char 0)
22:40:31 | DEBUG   |       L1 Gagal, mencoba L2 DDGS...
22:40:53 | DEBUG   | [L2 BS4] Gagal ekstraksi url https://seringjalan.com/tempat-wisata-di-boroko-bolaang-mongondow-utara/ -> HTTPSConnectionPool(host='seringjalan.com', port=443): Read timed out. (read timeout=8)
22:40:56 | INFO    |       => Gagal mencari deskripsi.
22:40:57 | INFO    | [2578/2708] Mencari: Taman Wisata Pantai Hesang
22:40:58 | DEBUG   | [L1 Wiki] Error: Expecting value: line 1 column 1 (char 0)
22:40:58 | DEBUG   |       L1 Gagal, mencoba L2 DDGS...
22:41:06 | DEBUG   | [L2 BS4] Gagal ekstraksi url https://jadesta.kemenparekraf.go.id/desa/hesang -> HTTPSConnectionPool(host='jadesta.kemenparekraf.go.id', port=443): Max retries exceeded with url: /desa/hesang (Caused by NameResolutionError("HTTPSConnection(host='jadesta.kemenparekraf.go.id', port=443): Failed to resolve 'jadesta.kemenparekraf.go.id' ([Errno 11002] getaddrinfo failed)"))
22:41:08 | INFO    |       => Sukses dari: https://wisatasangihe.blogspot.com/2025/04/taman-wisata-pantai-hesang-8-mei-2021.html
22:41:09 | INFO    | [2579/2708] Mencari: Temboko Mini Wisata Siau
22:41:09 | DEBUG   | [L1 Wiki] Error: Expecting value: line 1 column 1 (char 0)
22:41:09 | DEBUG   |       L1 Gagal, mencoba L2 DDGS...
22:41:16 | INFO    |       => Sukses dari: https://id.wikipedia.org/wiki/Pantai_Temboko_Lehi
22:41:18 | INFO    | [2580/2708] Mencari: Burias
22:41:18 | DEBUG   | [L1 Wiki] Error: Expecting value: line 1 column 1 (char 0)
22:41:18 | DEBUG   |       L1 Gagal, mencoba L2 DDGS...
22:41:34 | INFO    |       => Gagal mencari deskripsi.
22:41:35 | INFO    | [2581/2708] Mencari: TAMAN WISATA 9 MATA AIR MEBERE
22:41:35 | DEBUG   | [L1 Wiki] Error: Expecting value: line 1 column 1 (char 0)
22:41:35 | DEBUG   |       L1 Gagal, mencoba L2 DDGS...
22:41:40 | INFO    |       => Sukses dari: https://idalamat.com/alamat/696433/taman-wisata-9-mata-air-mebere-palu-sulawesi-tengah
22:41:42 | INFO    | [2582/2708] Mencari: Pantai Bamba
22:41:42 | DEBUG   | [L1 Wiki] Error: Expecting value: line 1 column 1 (char 0)
22:41:42 | DEBUG   |       L1 Gagal, mencoba L2 DDGS...
22:41:49 | INFO    |       => Gagal mencari deskripsi.
22:41:51 | INFO    | [2583/2708] Mencari: tebing sunset bonebula lifutona
22:41:51 | DEBUG   | [L1 Wiki] Error: Expecting value: line 1 column 1 (char 0)
22:41:51 | DEBUG   |       L1 Gagal, mencoba L2 DDGS...
22:41:58 | INFO    |       => Sukses dari: https://www.idntimes.com/travel/destination/wisata-terbaru-di-donggala-sulawesi-tengah-00-j73nz-3gf4wh
22:41:59 | INFO    | [2584/2708] Mencari: Paisupuso Jaya
22:42:00 | DEBUG   | [L1 Wiki] Error: Expecting value: line 1 column 1 (char 0)
22:42:00 | DEBUG   |       L1 Gagal, mencoba L2 DDGS...
22:42:10 | INFO    |       => Gagal mencari deskripsi.
22:42:12 | INFO    | [2585/2708] Mencari: Pantai Amine wa Myriem
22:42:12 | DEBUG   | [L1 Wiki] Error: Expecting value: line 1 column 1 (char 0)
22:42:12 | DEBUG   |       L1 Gagal, mencoba L2 DDGS...
22:42:22 | INFO    |       => Gagal mencari deskripsi.
22:42:23 | INFO    | [2586/2708] Mencari: Pantai Batharagala
22:42:23 | DEBUG   | [L1 Wiki] Error: Expecting value: line 1 column 1 (char 0)
22:42:23 | DEBUG   |       L1 Gagal, mencoba L2 DDGS...
22:42:38 | INFO    |       => Gagal mencari deskripsi.
22:42:40 | INFO    | [2587/2708] Mencari: wisata mini kolong jembatan
22:42:40 | DEBUG   | [L1 Wiki] Error: Expecting value: line 1 column 1 (char 0)
22:42:40 | DEBUG   |       L1 Gagal, mencoba L2 DDGS...
22:42:48 | INFO    |       => Sukses dari: https://www.tokopedia.com/blog/travel-tempat-wisata-kolaka-terbaik/
22:42:49 | INFO    | [2588/2708] Mencari: Pantai Lantowua (small beach public)
22:42:49 | DEBUG   | [L1 Wiki] Error: Expecting value: line 1 column 1 (char 0)
22:42:49 | DEBUG   |       L1 Gagal, mencoba L2 DDGS...
22:43:00 | INFO    |       => Gagal mencari deskripsi.
22:43:02 | INFO    | [2589/2708] Mencari: Pemandian Vatu Meleve Lakambula
22:43:02 | DEBUG   | [L1 Wiki] Error: Expecting value: line 1 column 1 (char 0)
22:43:02 | DEBUG   |       L1 Gagal, mencoba L2 DDGS...
22:43:17 | INFO    |       => Sukses dari: https://www.tintahukum.com/2025/03/wisata-pesona-alam-pemandian-air-panas.html
22:43:19 | INFO    | *** Auto-saving 2020 baris diproses...
22:43:19 | INFO    | [2590/2708] Mencari: Danau Cut Nyak Dien
22:43:19 | DEBUG   | [L1 Wiki] Error: Expecting value: line 1 column 1 (char 0)
22:43:19 | DEBUG   |       L1 Gagal, mencoba L2 DDGS...
22:43:24 | INFO    |       => Sukses dari: https://id.wikipedia.org/wiki/Danau_Napabale
22:43:25 | INFO    | [2591/2708] Mencari: Danau Moko 4
22:43:25 | DEBUG   | [L1 Wiki] Error: Expecting value: line 1 column 1 (char 0)
22:43:25 | DEBUG   |       L1 Gagal, mencoba L2 DDGS...
22:43:32 | INFO    |       => Sukses dari: https://www.idntimes.com/travel/destination/danau-di-sulawesi-tenggara-c1c2-01-3ln1w-4vk8zg
22:43:33 | INFO    | [2592/2708] Mencari: Keraton Kerajaan Muna
22:43:33 | DEBUG   | [L1 Wiki] Error: Expecting value: line 1 column 1 (char 0)
22:43:33 | DEBUG   |       L1 Gagal, mencoba L2 DDGS...
22:43:40 | INFO    |       => Sukses dari: https://id.wikipedia.org/wiki/Kerajaan_Muna
22:43:41 | INFO    | [2593/2708] Mencari: Benteng Liamokute
22:43:41 | DEBUG   | [L1 Wiki] Error: Expecting value: line 1 column 1 (char 0)
22:43:41 | DEBUG   |       L1 Gagal, mencoba L2 DDGS...
22:43:47 | INFO    |       => Sukses dari: https://idalamat.com/alamat/824480/benteng-liamokute-muna-sulawesi-tenggara
22:43:49 | INFO    | [2594/2708] Mencari: Danau Pasi Bungi
22:43:49 | DEBUG   | [L1 Wiki] Error: Expecting value: line 1 column 1 (char 0)
22:43:49 | DEBUG   |       L1 Gagal, mencoba L2 DDGS...
22:43:57 | INFO    |       => Sukses dari: https://jejaktravelind.blogspot.com/2025/07/info-wisata-buton-surga-tersembunyi.html
22:43:59 | INFO    | [2595/2708] Mencari: Bukit Lambaulele, Desa Lapandewa, Kec. Lapandewa, Kab. Buton Selatan
22:43:59 | DEBUG   | [L1 Wiki] Error: Expecting value: line 1 column 1 (char 0)
22:43:59 | DEBUG   |       L1 Gagal, mencoba L2 DDGS...
22:44:11 | INFO    |       => Sukses dari: https://helionews.com/bukit-lambaulele-lapandewa-didorong-sebagai-kawasan-agrowisata-bawang-merah/
22:44:12 | INFO    | [2596/2708] Mencari: Pantai Hongaha
22:44:13 | DEBUG   | [L1 Wiki] Error: Expecting value: line 1 column 1 (char 0)
22:44:13 | DEBUG   |       L1 Gagal, mencoba L2 DDGS...
22:44:21 | DEBUG   | [L2 BS4] Gagal ekstraksi url https://jadesta.kemenparekraf.go.id/atraksi/explore_pantai_hongaha -> HTTPSConnectionPool(host='jadesta.kemenparekraf.go.id', port=443): Max retries exceeded with url: /atraksi/explore_pantai_hongaha (Caused by NameResolutionError("HTTPSConnection(host='jadesta.kemenparekraf.go.id', port=443): Failed to resolve 'jadesta.kemenparekraf.go.id' ([Errno 11002] getaddrinfo failed)"))
22:44:23 | INFO    |       => Sukses dari: https://travel.kompas.com/read/2024/06/13/205700027/4-wisata-pantai-di-pulau-tomia-di-wakatobi-bisa-lihat-paus-berenang
22:44:24 | INFO    | [2597/2708] Mencari: Waduk Bukit Cinta
22:44:24 | DEBUG   | [L1 Wiki] Error: Expecting value: line 1 column 1 (char 0)
22:44:24 | DEBUG   |       L1 Gagal, mencoba L2 DDGS...
22:44:30 | INFO    |       => Sukses dari: https://merahmaron.com/wisata/pesona-tersembunyi-mamuju-tengah-rekomendasi-wisata-menakjubkan/
22:44:31 | INFO    | [2598/2708] Mencari: Pantai Kire
22:44:31 | DEBUG   | [L1 Wiki] Error: Expecting value: line 1 column 1 (char 0)
22:44:31 | DEBUG   |       L1 Gagal, mencoba L2 DDGS...
22:44:42 | INFO    |       => Gagal mencari deskripsi.
22:44:43 | INFO    | [2599/2708] Mencari: Lorong Lembang Bunga
22:44:43 | DEBUG   | [L1 Wiki] Error: Expecting value: line 1 column 1 (char 0)
22:44:43 | DEBUG   |       L1 Gagal, mencoba L2 DDGS...
22:44:53 | INFO    |       => Gagal mencari deskripsi.
22:44:54 | INFO    | [2600/2708] Mencari: Wisata Bahari Bakiyaluli
22:44:54 | DEBUG   | [L1 Wiki] Error: Expecting value: line 1 column 1 (char 0)
22:44:54 | DEBUG   |       L1 Gagal, mencoba L2 DDGS...
22:45:03 | INFO    |       => Sukses dari: https://idalamat.com/alamat/696660/wisata-bahari-bakiyaluli-boalemo-gorontalo
22:45:04 | INFO    | [2601/2708] Mencari: Home Stay Mutiara Laut
22:45:04 | DEBUG   | [L1 Wiki] Error: Expecting value: line 1 column 1 (char 0)
22:45:04 | DEBUG   |       L1 Gagal, mencoba L2 DDGS...
22:45:13 | DEBUG   | [L2 BS4] Gagal ekstraksi url https://jadesta.kemenparekraf.go.id/homestay/mutiara_laut_homestay -> HTTPSConnectionPool(host='jadesta.kemenparekraf.go.id', port=443): Max retries exceeded with url: /homestay/mutiara_laut_homestay (Caused by NameResolutionError("HTTPSConnection(host='jadesta.kemenparekraf.go.id', port=443): Failed to resolve 'jadesta.kemenparekraf.go.id' ([Errno 11002] getaddrinfo failed)"))
22:45:22 | DEBUG   | [L2 BS4] Gagal ekstraksi url https://wisato.id/wisata-alam/10-destinasi-wisata-yang-tak-boleh-terlewatkan-di-pohuwato/ -> HTTPSConnectionPool(host='wisato.id', port=443): Read timed out. (read timeout=8)
22:45:24 | INFO    |       => Sukses dari: https://www.kompasiana.com/wisatoid0974/5d2318a50d82302a9e162132/3-kejernihan-wisata-pohuwato-favoritmu-no-berapa
22:45:25 | INFO    | [2602/2708] Mencari: Coppo Tille
22:45:25 | DEBUG   | [L1 Wiki] Error: Expecting value: line 1 column 1 (char 0)
22:45:25 | DEBUG   |       L1 Gagal, mencoba L2 DDGS...
22:45:33 | INFO    |       => Sukses dari: https://cilellang.digitaldesa.id/wisata/coppo-tille
22:45:35 | INFO    | [2603/2708] Mencari: Desa Wisata Jembatan Pelangi Lagading Kab. Sidenreng Rappang
22:45:35 | DEBUG   | [L1 Wiki] Error: Expecting value: line 1 column 1 (char 0)
22:45:35 | DEBUG   |       L1 Gagal, mencoba L2 DDGS...
22:45:40 | INFO    |       => Sukses dari: https://id.wikipedia.org/wiki/Kabupaten_Sidenreng_Rappang
22:45:42 | INFO    | [2604/2708] Mencari: Puncak bitung
22:45:42 | DEBUG   | [L1 Wiki] Error: Expecting value: line 1 column 1 (char 0)
22:45:42 | DEBUG   |       L1 Gagal, mencoba L2 DDGS...
22:45:55 | INFO    |       => Gagal mencari deskripsi.
22:45:56 | INFO    | [2605/2708] Mencari: Lake Seper
22:45:56 | DEBUG   | [L1 Wiki] Error: Expecting value: line 1 column 1 (char 0)
22:45:56 | DEBUG   |       L1 Gagal, mencoba L2 DDGS...
22:46:13 | DEBUG   | [L2 BS4] Gagal ekstraksi url https://www.stpmanado.ac.id/jurhos/index.php/jip/article/view/117 -> HTTPSConnectionPool(host='www.stpmanado.ac.id', port=443): Read timed out. (read timeout=8)
22:46:14 | INFO    |       => Sukses dari: https://idalamat.com/alamat/696392/objek-wisata-danau-seper-minahasa-sulawesi-utara
22:46:16 | INFO    | [2606/2708] Mencari: Pomantowan Passi
22:46:16 | DEBUG   | [L1 Wiki] Error: Expecting value: line 1 column 1 (char 0)
22:46:16 | DEBUG   |       L1 Gagal, mencoba L2 DDGS...
22:46:21 | INFO    |       => Sukses dari: https://liburanmurah.com/jelajahi-keindahan-inuai-park-di-bolaang-mongondow-sulawesi-utara/
22:46:23 | INFO    | [2607/2708] Mencari: Wisata Mangrove Park Desa Bulo
22:46:23 | DEBUG   | [L1 Wiki] Error: Expecting value: line 1 column 1 (char 0)
22:46:23 | DEBUG   |       L1 Gagal, mencoba L2 DDGS...
22:46:27 | INFO    |       => Sukses dari: https://liburanmurah.com/petualangan-kuliner-di-wisata-durian-bulo-sulawesi-barat/
22:46:29 | INFO    | [2608/2708] Mencari: Pantai El-Shaddai
22:46:29 | DEBUG   | [L1 Wiki] Error: Expecting value: line 1 column 1 (char 0)
22:46:29 | DEBUG   |       L1 Gagal, mencoba L2 DDGS...
22:46:40 | INFO    |       => Gagal mencari deskripsi.
22:46:41 | INFO    | [2609/2708] Mencari: PuLau Laga
22:46:41 | DEBUG   | [L1 Wiki] Error: Expecting value: line 1 column 1 (char 0)
22:46:41 | DEBUG   |       L1 Gagal, mencoba L2 DDGS...
22:46:47 | INFO    |       => Sukses dari: https://www.idntimes.com/travel/destination/pesona-pulau-laga-bakal-wisata-favorit-di-sulawesi-utara-c1c2-01-kb74l-291mt9
22:46:48 | INFO    | *** Auto-saving 2040 baris diproses...
22:46:48 | INFO    | [2610/2708] Mencari: Pantai pemamengketang
22:46:48 | DEBUG   | [L1 Wiki] Error: Expecting value: line 1 column 1 (char 0)
22:46:48 | DEBUG   |       L1 Gagal, mencoba L2 DDGS...
22:47:18 | INFO    |       => Gagal mencari deskripsi.
22:47:19 | INFO    | [2611/2708] Mencari: Bado White Sand Beach
22:47:19 | DEBUG   | [L1 Wiki] Error: Expecting value: line 1 column 1 (char 0)
22:47:19 | DEBUG   |       L1 Gagal, mencoba L2 DDGS...
22:47:25 | INFO    |       => Sukses dari: https://www.skyscanner.com.tr/hotels/endonezya/lepe-hotels/yakini-bado-white-sand-beach/pl-223440571
22:47:26 | INFO    | [2612/2708] Mencari: Nusa dolong
22:47:26 | DEBUG   | [L1 Wiki] Error: Expecting value: line 1 column 1 (char 0)
22:47:26 | DEBUG   |       L1 Gagal, mencoba L2 DDGS...
22:47:40 | INFO    |       => Gagal mencari deskripsi.
22:47:41 | INFO    | [2613/2708] Mencari: Bolo lia 1
22:47:41 | DEBUG   | [L1 Wiki] Error: Expecting value: line 1 column 1 (char 0)
22:47:41 | DEBUG   |       L1 Gagal, mencoba L2 DDGS...
22:47:56 | INFO    |       => Gagal mencari deskripsi.
22:47:58 | INFO    | [2614/2708] Mencari: Objek Wisata Gunung Batu Kapal
22:47:58 | DEBUG   | [L1 Wiki] Error: Expecting value: line 1 column 1 (char 0)
22:47:58 | DEBUG   |       L1 Gagal, mencoba L2 DDGS...
22:48:14 | INFO    |       => Sukses dari: https://www.celebes.co/tempat-wisata-parigi-moutong
22:48:15 | INFO    | [2615/2708] Mencari: Bukit Matean Tina
22:48:16 | DEBUG   | [L1 Wiki] Error: Expecting value: line 1 column 1 (char 0)
22:48:16 | DEBUG   |       L1 Gagal, mencoba L2 DDGS...
22:48:20 | DEBUG   | [L2 BS4] Gagal ekstraksi url https://www.mimbarmerdeka.com/wisata/108013451673/puncak-mateantina-di-morowali-sulawesi-tengah-rerumputannya-yang-hijau-menambah-daya-tarik-tersendiri -> HTTPSConnectionPool(host='www.mimbarmerdeka.com', port=443): Max retries exceeded with url: /wisata/108013451673/puncak-mateantina-di-morowali-sulawesi-tengah-rerumputannya-yang-hijau-menambah-daya-tarik-tersendiri (Caused by NameResolutionError("HTTPSConnection(host='www.mimbarmerdeka.com', port=443): Failed to resolve 'www.mimbarmerdeka.com' ([Errno 11001] getaddrinfo failed)"))
22:48:27 | INFO    |       => Sukses dari: https://www.visitsulteng.id/destinasi/kabupaten-morowali/puncak-mateantina
22:48:28 | INFO    | [2616/2708] Mencari: Bukit Langit Kota Luwuk
22:48:28 | DEBUG   | [L1 Wiki] Error: Expecting value: line 1 column 1 (char 0)
22:48:28 | DEBUG   |       L1 Gagal, mencoba L2 DDGS...
22:48:34 | INFO    |       => Sukses dari: https://www.rifaihadi.com/7-objek-wisata-banggai-paling-populer/
22:48:35 | INFO    | [2617/2708] Mencari: Kelapa Cabang
22:48:35 | DEBUG   | [L1 Wiki] Error: Expecting value: line 1 column 1 (char 0)
22:48:35 | DEBUG   |       L1 Gagal, mencoba L2 DDGS...
22:48:42 | INFO    |       => Sukses dari: https://www.geokepo.id/id/lokasi/buol/pantai-paleleh
22:48:44 | INFO    | [2618/2708] Mencari: POCI
22:48:44 | DEBUG   | [L1 Wiki] Error: Expecting value: line 1 column 1 (char 0)
22:48:44 | DEBUG   |       L1 Gagal, mencoba L2 DDGS...
22:48:56 | INFO    |       => Gagal mencari deskripsi.
22:48:58 | INFO    | [2619/2708] Mencari: Pantai Topa Sulaa
22:48:58 | DEBUG   | [L1 Wiki] Error: Expecting value: line 1 column 1 (char 0)
22:48:58 | DEBUG   |       L1 Gagal, mencoba L2 DDGS...
22:49:08 | DEBUG   | [L2 DDGS] Error: ('error sending request for url (https://yandex.com/search/site/?text=Pantai+Topa+Sulaa+Kota+Bau-Bau+wisata&web=1&searchid=9415239)', 'https://yandex.com/search/site/?text=Pantai+Topa+Sulaa+Kota+Bau-Bau+wisata&web=1&searchid=9415239')
22:49:08 | INFO    |       => Gagal mencari deskripsi.
22:49:10 | INFO    | [2620/2708] Mencari: Tebing ujung kota
22:49:10 | DEBUG   | [L1 Wiki] Error: Expecting value: line 1 column 1 (char 0)
22:49:10 | DEBUG   |       L1 Gagal, mencoba L2 DDGS...
22:49:15 | INFO    |       => Sukses dari: https://galeriwisata.wordpress.com/wisata-sulawesi/wisata-sulawesi-tenggara/wisata-kota-bau-bau/
22:49:17 | INFO    | [2621/2708] Mencari: Basa island - Bombana
22:49:17 | DEBUG   | [L1 Wiki] Error: Expecting value: line 1 column 1 (char 0)
22:49:17 | DEBUG   |       L1 Gagal, mencoba L2 DDGS...
22:49:30 | DEBUG   | [L2 DDGS] Error: ConnectError: ConnectError('error sending request for url (https://html.duckduckgo.com/html/)', 'https://html.duckduckgo.com/html/')
22:49:30 | INFO    |       => Gagal mencari deskripsi.
22:49:31 | INFO    | [2622/2708] Mencari: Pantai Toromaginti
22:49:31 | DEBUG   | [L1 Wiki] Error: Expecting value: line 1 column 1 (char 0)
22:49:31 | DEBUG   |       L1 Gagal, mencoba L2 DDGS...
22:49:44 | INFO    |       => Gagal mencari deskripsi.
22:49:45 | INFO    | [2623/2708] Mencari: Landuli
22:49:45 | DEBUG   | [L1 Wiki] Error: Expecting value: line 1 column 1 (char 0)
22:49:45 | DEBUG   |       L1 Gagal, mencoba L2 DDGS...
22:49:56 | INFO    |       => Gagal mencari deskripsi.
22:49:58 | INFO    | [2624/2708] Mencari: Danau Ubur-ubur
22:49:58 | DEBUG   | [L1 Wiki] Error: Expecting value: line 1 column 1 (char 0)
22:49:58 | DEBUG   |       L1 Gagal, mencoba L2 DDGS...
22:50:04 | INFO    |       => Sukses dari: https://www.celebes.co/danau-ubur-ubur-muna
22:50:05 | INFO    | [2625/2708] Mencari: BAT-BAT RAHA (Motewe)
22:50:05 | DEBUG   | [L1 Wiki] Error: Expecting value: line 1 column 1 (char 0)
22:50:05 | DEBUG   |       L1 Gagal, mencoba L2 DDGS...
22:50:16 | INFO    |       => Sukses dari: https://kendarikini.com/24/02/2026/korupsi-stadion-motewe-rugikan-negara-rp152-miliar-kejaksaan-tetapkan-lima-tersangka/
22:50:18 | INFO    | [2626/2708] Mencari: Perahu diatas batu
22:50:18 | DEBUG   | [L1 Wiki] Error: Expecting value: line 1 column 1 (char 0)
22:50:18 | DEBUG   |       L1 Gagal, mencoba L2 DDGS...
22:50:29 | INFO    |       => Sukses dari: https://jejaktravelind.blogspot.com/2025/07/info-wisata-buton-surga-tersembunyi.html
22:50:30 | INFO    | [2627/2708] Mencari: Waburi Park Gazebo
22:50:30 | DEBUG   | [L1 Wiki] Error: Expecting value: line 1 column 1 (char 0)
22:50:30 | DEBUG   |       L1 Gagal, mencoba L2 DDGS...
22:50:34 | INFO    |       => Sukses dari: https://jadesta.kemenpar.go.id/atraksi/gazebo_waburi_park
22:50:36 | INFO    | [2628/2708] Mencari: Matantahi
22:50:36 | DEBUG   | [L1 Wiki] Error: Expecting value: line 1 column 1 (char 0)
22:50:36 | DEBUG   |       L1 Gagal, mencoba L2 DDGS...
22:50:51 | DEBUG   | [L2 BS4] Gagal ekstraksi url https://www.celebes.co/tempat-wisata-buton-utara -> HTTPSConnectionPool(host='www.celebes.co', port=443): Read timed out.
22:50:54 | INFO    |       => Gagal mencari deskripsi.
22:50:55 | INFO    | [2629/2708] Mencari: Benteng Patua Tomia
22:50:55 | DEBUG   | [L1 Wiki] Error: Expecting value: line 1 column 1 (char 0)
22:50:55 | DEBUG   |       L1 Gagal, mencoba L2 DDGS...
22:51:00 | INFO    |       => Sukses dari: https://catperku.com/benteng-patua-tomia/
22:51:02 | INFO    | *** Auto-saving 2060 baris diproses...
22:51:02 | INFO    | [2630/2708] Mencari: Hutan Pinus Lenong
22:51:02 | DEBUG   | [L1 Wiki] Error: Expecting value: line 1 column 1 (char 0)
22:51:02 | DEBUG   |       L1 Gagal, mencoba L2 DDGS...
22:51:20 | DEBUG   | [L2 BS4] Gagal ekstraksi url https://travel.detik.com/travel-news/d-5480525/menjelajah-wisata-hutan-pinus-lenong-di-mamasa -> HTTPSConnectionPool(host='travel.detik.com', port=443): Read timed out.
22:51:23 | DEBUG   | [L2 BS4] Gagal ekstraksi url https://jadesta.kemenparekraf.go.id/desa/tondok_bakaru -> HTTPSConnectionPool(host='jadesta.kemenparekraf.go.id', port=443): Max retries exceeded with url: /desa/tondok_bakaru (Caused by NameResolutionError("HTTPSConnection(host='jadesta.kemenparekraf.go.id', port=443): Failed to resolve 'jadesta.kemenparekraf.go.id' ([Errno 11002] getaddrinfo failed)"))
22:51:25 | INFO    |       => Sukses dari: https://www.kompasiana.com/adhejunaedisholat8054/620142a3b4616e3de53e5152/hutan-pinus-lenong-magnet-bagi-para-pelancong
22:51:26 | INFO    | [2631/2708] Mencari: Kampung Wisata KBS
22:51:26 | DEBUG   | [L1 Wiki] Error: Expecting value: line 1 column 1 (char 0)
22:51:26 | DEBUG   |       L1 Gagal, mencoba L2 DDGS...
22:51:35 | INFO    |       => Sukses dari: https://idalamat.com/alamat/696720/kung-wisata-kbs-mamasa-sulawesi-barat
22:51:36 | INFO    | [2632/2708] Mencari: Green Topejawa Coastal
22:51:36 | DEBUG   | [L1 Wiki] Error: Expecting value: line 1 column 1 (char 0)
22:51:36 | DEBUG   |       L1 Gagal, mencoba L2 DDGS...
22:51:44 | DEBUG   | [L2 DDGS] Error: ConnectError: ConnectError('error sending request for url (https://html.duckduckgo.com/html/)', 'https://html.duckduckgo.com/html/')
22:51:44 | INFO    |       => Gagal mencari deskripsi.
22:51:45 | INFO    | [2633/2708] Mencari: gunung Nusantara
22:51:45 | DEBUG   | [L1 Wiki] Error: Expecting value: line 1 column 1 (char 0)
22:51:45 | DEBUG   |       L1 Gagal, mencoba L2 DDGS...
22:51:53 | DEBUG   | [L2 BS4] Gagal ekstraksi url https://jadesta.kemenparekraf.go.id/desa/tompo_bulu_1 -> HTTPSConnectionPool(host='jadesta.kemenparekraf.go.id', port=443): Max retries exceeded with url: /desa/tompo_bulu_1 (Caused by NameResolutionError("HTTPSConnection(host='jadesta.kemenparekraf.go.id', port=443): Failed to resolve 'jadesta.kemenparekraf.go.id' ([Errno 11002] getaddrinfo failed)"))
22:51:56 | INFO    |       => Gagal mencari deskripsi.
22:51:57 | INFO    | [2634/2708] Mencari: Bulu Manarang
22:51:57 | DEBUG   | [L1 Wiki] Error: Expecting value: line 1 column 1 (char 0)
22:51:57 | DEBUG   |       L1 Gagal, mencoba L2 DDGS...
22:52:07 | DEBUG   | [L2 DDGS] Error: DecodeError: DecodeError('Body collection error: error decoding response body')
22:52:07 | INFO    |       => Gagal mencari deskripsi.
22:52:08 | INFO    | [2635/2708] Mencari: Lembah Impian Poti’tanayya
22:52:08 | DEBUG   | [L1 Wiki] Error: Expecting value: line 1 column 1 (char 0)
22:52:08 | DEBUG   |       L1 Gagal, mencoba L2 DDGS...
22:52:15 | INFO    |       => Sukses dari: https://superlive.id/superadventure/artikel/wilderness/butuh-spot-petualangan-ekstrim-berani-ke-air-terjun-lembah-impian-bro
22:52:16 | INFO    | [2636/2708] Mencari: Gunung Tibembeng
22:52:17 | DEBUG   | [L1 Wiki] Error: Expecting value: line 1 column 1 (char 0)
22:52:17 | DEBUG   |       L1 Gagal, mencoba L2 DDGS...
22:52:32 | DEBUG   | [L2 BS4] Gagal ekstraksi url https://disbudpar.torajautarakab.go.id/page/wisata/91/@visittorajautara -> HTTPSConnectionPool(host='disbudpar.torajautarakab.go.id', port=443): Max retries exceeded with url: /page/wisata/91/@visittorajautara (Caused by ConnectTimeoutError(<HTTPSConnection(host='disbudpar.torajautarakab.go.id', port=443) at 0x1631f118550>, 'Connection to disbudpar.torajautarakab.go.id timed out. (connect timeout=8)'))
22:52:36 | INFO    |       => Gagal mencari deskripsi.
22:52:37 | INFO    | [2637/2708] Mencari: Permandian Likubassi
22:52:37 | DEBUG   | [L1 Wiki] Error: Expecting value: line 1 column 1 (char 0)
22:52:37 | DEBUG   |       L1 Gagal, mencoba L2 DDGS...
22:52:51 | INFO    |       => Sukses dari: https://tokkonan.digitaldesa.id/wisata/permandian-likubassi
22:52:53 | INFO    | [2638/2708] Mencari: Pantai Wisata Desa To'bia
22:52:53 | DEBUG   | [L1 Wiki] Error: Expecting value: line 1 column 1 (char 0)
22:52:53 | DEBUG   |       L1 Gagal, mencoba L2 DDGS...
22:52:59 | INFO    |       => Sukses dari: https://wisatasulawesi.wordpress.com/wisata-sulawesi-selatan/wisata-luwu-timur/
22:53:00 | INFO    | [2639/2708] Mencari: Air Terjun Bilatu
22:53:01 | DEBUG   | [L1 Wiki] Error: Expecting value: line 1 column 1 (char 0)
22:53:01 | DEBUG   |       L1 Gagal, mencoba L2 DDGS...
22:53:13 | INFO    |       => Gagal mencari deskripsi.
22:53:14 | INFO    | [2640/2708] Mencari: Teluk Manado
22:53:14 | DEBUG   | [L1 Wiki] Error: Expecting value: line 1 column 1 (char 0)
22:53:14 | DEBUG   |       L1 Gagal, mencoba L2 DDGS...
22:53:23 | INFO    |       => Sukses dari: https://www.gotravelaindonesia.com/rekomendasi-tempat-wisata-manado/
22:53:24 | INFO    | [2641/2708] Mencari: Hutan Kota Bonawang Kotamobagu
22:53:24 | DEBUG   | [L1 Wiki] Error: Expecting value: line 1 column 1 (char 0)
22:53:24 | DEBUG   |       L1 Gagal, mencoba L2 DDGS...
22:53:32 | INFO    |       => Sukses dari: https://resort.co.id/tempat-wisata-kota-kotamobagu/
22:53:34 | INFO    | [2642/2708] Mencari: Air Terjun Mangatasik
22:53:34 | DEBUG   | [L1 Wiki] Error: Expecting value: line 1 column 1 (char 0)
22:53:34 | DEBUG   |       L1 Gagal, mencoba L2 DDGS...
22:53:37 | INFO    |       => Sukses dari: https://id.wikipedia.org/wiki/Ranowangko,_Tombariri,_Minahasa
22:53:39 | INFO    | [2643/2708] Mencari: Gereja GMIBM Bukit Sion Dodap, Bersatu
22:53:39 | DEBUG   | [L1 Wiki] Error: Expecting value: line 1 column 1 (char 0)
22:53:39 | DEBUG   |       L1 Gagal, mencoba L2 DDGS...
22:53:44 | INFO    |       => Sukses dari: https://id.wikipedia.org/wiki/Wilayah_Pelayanan_Gereja_Masehi_Injili_di_Bolaang_Mongondow
22:53:45 | INFO    | [2644/2708] Mencari: Tahuna Waterpark & Sport Center
22:53:45 | DEBUG   | [L1 Wiki] Error: Expecting value: line 1 column 1 (char 0)
22:53:45 | DEBUG   |       L1 Gagal, mencoba L2 DDGS...
22:53:51 | INFO    |       => Sukses dari: https://manadopost.jawapos.com/sangihe/2301250024/asyik-sangihe-segera-miliki-waterpark-dan-sport-center
22:53:53 | INFO    | [2645/2708] Mencari: Wisata Pantai Talise Palu
22:53:53 | DEBUG   | [L1 Wiki] Error: Expecting value: line 1 column 1 (char 0)
22:53:53 | DEBUG   |       L1 Gagal, mencoba L2 DDGS...
22:53:59 | INFO    |       => Sukses dari: https://id.wikipedia.org/wiki/Pantai_Talise
22:54:01 | INFO    | [2646/2708] Mencari: Bendungan Desa Malonas Kec. Dampelas Kab. Donggala
22:54:01 | DEBUG   | [L1 Wiki] Error: Expecting value: line 1 column 1 (char 0)
22:54:01 | DEBUG   |       L1 Gagal, mencoba L2 DDGS...
22:54:08 | INFO    |       => Sukses dari: https://gor.wikipedia.org/wiki/Malonas,_Dampelas,_Donggala
22:54:09 | INFO    | [2647/2708] Mencari: Goa tangkaboba
22:54:09 | DEBUG   | [L1 Wiki] Error: Expecting value: line 1 column 1 (char 0)
22:54:09 | DEBUG   |       L1 Gagal, mencoba L2 DDGS...
22:54:22 | INFO    |       => Sukses dari: https://www.beritawisata.com/wisata/58312466977/menelusuri-objek-wisata-goa-tangkaboba-di-kota-tetena-kabupaten-poso
22:54:24 | INFO    | [2648/2708] Mencari: Tonomini wisata
22:54:24 | DEBUG   | [L1 Wiki] Error: Expecting value: line 1 column 1 (char 0)
22:54:24 | DEBUG   |       L1 Gagal, mencoba L2 DDGS...
22:54:34 | INFO    |       => Sukses dari: https://travel.kompas.com/read/2020/11/21/071600227/danau-tambing-poso-wisata-alam-yang-jadi-primadona-saat-pandemi
22:54:36 | INFO    | [2649/2708] Mencari: Pantai Nikel Laterit
22:54:36 | DEBUG   | [L1 Wiki] Error: Expecting value: line 1 column 1 (char 0)
22:54:36 | DEBUG   |       L1 Gagal, mencoba L2 DDGS...
22:54:45 | INFO    |       => Sukses dari: https://www.neliti.com/media/publications/274075-pemodelan-endapan-nikel-laterit-kabupate-5d8a4785.pdf
22:54:46 | INFO    | *** Auto-saving 2080 baris diproses...
22:54:46 | INFO    | [2650/2708] Mencari: Tanggul Khayal
22:54:46 | DEBUG   | [L1 Wiki] Error: Expecting value: line 1 column 1 (char 0)
22:54:46 | DEBUG   |       L1 Gagal, mencoba L2 DDGS...
22:54:57 | INFO    |       => Gagal mencari deskripsi.
22:54:59 | INFO    | [2651/2708] Mencari: Wisata Alam Lambandia
22:54:59 | DEBUG   | [L1 Wiki] Error: Expecting value: line 1 column 1 (char 0)
22:54:59 | DEBUG   |       L1 Gagal, mencoba L2 DDGS...
22:55:06 | INFO    |       => Sukses dari: https://www.wisatakonaweselatan.com/
22:55:07 | INFO    | [2652/2708] Mencari: Twin Lagoon
22:55:07 | DEBUG   | [L1 Wiki] Error: Expecting value: line 1 column 1 (char 0)
22:55:07 | DEBUG   |       L1 Gagal, mencoba L2 DDGS...
22:55:13 | INFO    |       => Sukses dari: https://www.tribunnews.com/matalokal/2023/06/19/pulau-labengki-raja-ampat-mini-di-konawe-utara-sultra
22:55:14 | INFO    | [2653/2708] Mencari: PANTAI KEI-KEI
22:55:14 | DEBUG   | [L1 Wiki] Error: Expecting value: line 1 column 1 (char 0)
22:55:14 | DEBUG   |       L1 Gagal, mencoba L2 DDGS...
22:55:28 | INFO    |       => Gagal mencari deskripsi.
22:55:29 | INFO    | [2654/2708] Mencari: Pantai Tampunabale
22:55:29 | DEBUG   | [L1 Wiki] Error: Expecting value: line 1 column 1 (char 0)
22:55:29 | DEBUG   |       L1 Gagal, mencoba L2 DDGS...
22:55:45 | INFO    |       => Sukses dari: https://munakab.go.id/kecamatan
22:55:46 | INFO    | [2655/2708] Mencari: Cliff One Waara
22:55:46 | DEBUG   | [L1 Wiki] Error: Expecting value: line 1 column 1 (char 0)
22:55:46 | DEBUG   |       L1 Gagal, mencoba L2 DDGS...
22:55:51 | INFO    |       => Sukses dari: https://gor.wikipedia.org/wiki/One_Waara,_Lakudo,_Buton_Tengah
22:55:53 | INFO    | [2656/2708] Mencari: Gong Perdamaian Nusantara - Mamuju
22:55:53 | DEBUG   | [L1 Wiki] Error: Expecting value: line 1 column 1 (char 0)
22:55:53 | DEBUG   |       L1 Gagal, mencoba L2 DDGS...
22:55:58 | INFO    |       => Sukses dari: https://travel.kompas.com/read/2021/10/26/160721427/itinerary-3-hari-2-malam-di-mamuju-sulawesi-barat-wisata-air-terjun-tamasapi
22:56:00 | INFO    | [2657/2708] Mencari: Anjungan Pantai Kota Polewali
22:56:00 | DEBUG   | [L1 Wiki] Error: Expecting value: line 1 column 1 (char 0)
22:56:00 | DEBUG   |       L1 Gagal, mencoba L2 DDGS...
22:56:04 | INFO    |       => Sukses dari: https://id.wikipedia.org/wiki/Kabupaten_Polewali_Mandar
22:56:06 | INFO    | [2658/2708] Mencari: Air Terjun Didingga
22:56:06 | DEBUG   | [L1 Wiki] Error: Expecting value: line 1 column 1 (char 0)
22:56:06 | DEBUG   |       L1 Gagal, mencoba L2 DDGS...
22:56:12 | INFO    |       => Sukses dari: https://pergimulu.com/tempat-wisata-di-gorontalo/
22:56:13 | INFO    | [2659/2708] Mencari: Permainan alam bainang
22:56:13 | DEBUG   | [L1 Wiki] Error: Expecting value: line 1 column 1 (char 0)
22:56:13 | DEBUG   |       L1 Gagal, mencoba L2 DDGS...
22:56:19 | INFO    |       => Sukses dari: https://www.orami.co.id/magazine/wisata-pinrang
22:56:20 | INFO    | [2660/2708] Mencari: Spot foto ladang jagung Bukit Jati
22:56:20 | DEBUG   | [L1 Wiki] Error: Expecting value: line 1 column 1 (char 0)
22:56:20 | DEBUG   |       L1 Gagal, mencoba L2 DDGS...
22:56:26 | INFO    |       => Sukses dari: https://liburanplus.com/wisata/sulawesi/tempat-wisata-soppeng/
22:56:27 | INFO    | [2661/2708] Mencari: Buntu Balebo
22:56:27 | DEBUG   | [L1 Wiki] Error: Expecting value: line 1 column 1 (char 0)
22:56:27 | DEBUG   |       L1 Gagal, mencoba L2 DDGS...
22:56:34 | INFO    |       => Sukses dari: https://id.wikipedia.org/wiki/Balebo,_Masamba,_Luwu_Utara
22:56:36 | INFO    | [2662/2708] Mencari: WISATA GOA KALO DEWATA
22:56:36 | DEBUG   | [L1 Wiki] Error: Expecting value: line 1 column 1 (char 0)
22:56:36 | DEBUG   |       L1 Gagal, mencoba L2 DDGS...
22:56:41 | INFO    |       => Sukses dari: https://palopopos.fajar.co.id/2024/04/22/wow-lihat-eksotisnya-goa-kalo-dewata-dan-twa-nanggala-di-palopo-destinasi-wisata-yang-terpendam/
22:56:42 | INFO    | [2663/2708] Mencari: PANTAI SIDATE PAKUWERU
22:56:42 | DEBUG   | [L1 Wiki] Error: Expecting value: line 1 column 1 (char 0)
22:56:42 | DEBUG   |       L1 Gagal, mencoba L2 DDGS...
22:56:49 | INFO    |       => Sukses dari: https://id.wikipedia.org/wiki/Pakuweru,_Tenga,_Minahasa_Selatan
22:56:51 | INFO    | [2664/2708] Mencari: Puncak Keletambal
22:56:51 | DEBUG   | [L1 Wiki] Error: Expecting value: line 1 column 1 (char 0)
22:56:51 | DEBUG   |       L1 Gagal, mencoba L2 DDGS...
22:56:55 | INFO    |       => Sukses dari: https://travel.kompas.com/read/2021/08/02/150032227/pesona-wisata-konawe-kampung-halaman-apriyani-sang-peraih-emas-olimpiade
22:56:56 | INFO    | [2665/2708] Mencari: Kawasan Wisata Sou Bauta
22:56:56 | DEBUG   | [L1 Wiki] Error: Expecting value: line 1 column 1 (char 0)
22:56:56 | DEBUG   |       L1 Gagal, mencoba L2 DDGS...
22:57:00 | INFO    |       => Sukses dari: https://id.wikipedia.org/wiki/Kabupaten_Sigi
22:57:02 | INFO    | [2666/2708] Mencari: Mangrove Ambelang
22:57:02 | DEBUG   | [L1 Wiki] Error: Expecting value: line 1 column 1 (char 0)
22:57:02 | DEBUG   |       L1 Gagal, mencoba L2 DDGS...
22:57:09 | INFO    |       => Sukses dari: https://id.wikipedia.org/wiki/Ambelang,_Tinangkung,_Banggai_Kepulauan
22:57:11 | INFO    | [2667/2708] Mencari: Air Terjun Torotuo
22:57:11 | DEBUG   | [L1 Wiki] Error: Expecting value: line 1 column 1 (char 0)
22:57:11 | DEBUG   |       L1 Gagal, mencoba L2 DDGS...
22:57:28 | INFO    |       => Gagal mencari deskripsi.
22:57:29 | INFO    | [2668/2708] Mencari: Danau Moko Putih
22:57:29 | DEBUG   | [L1 Wiki] Error: Expecting value: line 1 column 1 (char 0)
22:57:29 | DEBUG   |       L1 Gagal, mencoba L2 DDGS...
22:57:39 | INFO    |       => Sukses dari: https://www.maitewuna.com/2025/02/danau-moko.html
22:57:41 | INFO    | [2669/2708] Mencari: Pantai Galetto
22:57:41 | DEBUG   | [L1 Wiki] Error: Expecting value: line 1 column 1 (char 0)
22:57:41 | DEBUG   |       L1 Gagal, mencoba L2 DDGS...
22:57:48 | INFO    |       => Sukses dari: https://sulbarpos.com/pantai-galetto-destinasi-wisata-di-desa-karama-yang-punya-pemandangan-menakjubkan/
22:57:49 | INFO    | *** Auto-saving 2100 baris diproses...
22:57:49 | INFO    | [2670/2708] Mencari: Dermaga Padaria
22:57:49 | DEBUG   | [L1 Wiki] Error: Expecting value: line 1 column 1 (char 0)
22:57:49 | DEBUG   |       L1 Gagal, mencoba L2 DDGS...
22:57:54 | INFO    |       => Sukses dari: https://idalamat.com/alamat/674333/dermaga-padaria-maros-sulawesi-selatan
22:57:56 | INFO    | [2671/2708] Mencari: Moncong Peda
22:57:56 | DEBUG   | [L1 Wiki] Error: Expecting value: line 1 column 1 (char 0)
22:57:56 | DEBUG   |       L1 Gagal, mencoba L2 DDGS...
22:58:09 | INFO    |       => Sukses dari: https://sulsel.idntimes.com/travel/destination/gak-jauh-dari-makassar-kamu-wajib-jajal-5-spot-wisata-takalar-ini-00-g3swn-z6266n
22:58:11 | INFO    | [2672/2708] Mencari: Puncak lurayya
22:58:11 | DEBUG   | [L1 Wiki] Error: Expecting value: line 1 column 1 (char 0)
22:58:11 | DEBUG   |       L1 Gagal, mencoba L2 DDGS...
22:58:19 | INFO    |       => Sukses dari: https://www.msn.com/id-id/travel/aktivitas-luar-ruangan/menjejak-kahayya-negeri-di-atas-awan-bulukumba/ar-AA1QoT2Y
22:58:21 | INFO    | [2673/2708] Mencari: Air Terjun Salu Kata
22:58:21 | DEBUG   | [L1 Wiki] Error: Expecting value: line 1 column 1 (char 0)
22:58:21 | DEBUG   |       L1 Gagal, mencoba L2 DDGS...
22:58:26 | INFO    |       => Sukses dari: https://gagaradio.org/objek-wisata-air-terjun-di-toraja/
22:58:28 | INFO    | [2674/2708] Mencari: Wisata Kapal Karam Balantang
22:58:28 | DEBUG   | [L1 Wiki] Error: Expecting value: line 1 column 1 (char 0)
22:58:28 | DEBUG   |       L1 Gagal, mencoba L2 DDGS...
22:58:32 | INFO    |       => Sukses dari: https://id.wikipedia.org/wiki/Balantang,_Malili,_Luwu_Timur
22:58:33 | INFO    | [2675/2708] Mencari: KTM Landevaso
22:58:33 | DEBUG   | [L1 Wiki] Error: Expecting value: line 1 column 1 (char 0)
22:58:33 | DEBUG   |       L1 Gagal, mencoba L2 DDGS...
22:58:45 | INFO    |       => Gagal mencari deskripsi.
22:58:47 | INFO    | [2676/2708] Mencari: Pantai Bolinaso, Desa Pelawa Baru
22:58:47 | DEBUG   | [L1 Wiki] Error: Expecting value: line 1 column 1 (char 0)
22:58:47 | DEBUG   |       L1 Gagal, mencoba L2 DDGS...
22:58:55 | INFO    |       => Sukses dari: https://id.wikipedia.org/wiki/Daftar_kecamatan_dan_kelurahan_di_Kabupaten_Parigi_Moutong
22:58:56 | INFO    | [2677/2708] Mencari: Hutan Pinus Lantongke
22:58:56 | DEBUG   | [L1 Wiki] Error: Expecting value: line 1 column 1 (char 0)
22:58:56 | DEBUG   |       L1 Gagal, mencoba L2 DDGS...
22:59:10 | INFO    |       => Sukses dari: https://www.top-rated.online/cities/Unsongi/place/p/16883706/Hutan+Pinus+Lantongke
22:59:11 | INFO    | [2678/2708] Mencari: DANAU HITAM
22:59:11 | DEBUG   | [L1 Wiki] Error: Expecting value: line 1 column 1 (char 0)
22:59:11 | DEBUG   |       L1 Gagal, mencoba L2 DDGS...
22:59:23 | INFO    |       => Gagal mencari deskripsi.
22:59:24 | INFO    | [2679/2708] Mencari: Wisata Alam Air Terjun Teppok
22:59:24 | DEBUG   | [L1 Wiki] Error: Expecting value: line 1 column 1 (char 0)
22:59:24 | DEBUG   |       L1 Gagal, mencoba L2 DDGS...
22:59:29 | INFO    |       => Sukses dari: https://www.geokepo.id/id/lokasi/sidenreng-rappang/taman-wisata-puncak-bila
22:59:31 | INFO    | [2680/2708] Mencari: Floating Houses Tempe Lake
22:59:31 | DEBUG   | [L1 Wiki] Error: Expecting value: line 1 column 1 (char 0)
22:59:31 | DEBUG   |       L1 Gagal, mencoba L2 DDGS...
22:59:38 | INFO    |       => Sukses dari: https://wonderfulborobudurtours.com/tour/tana-toraja-land-bugislake-tempe-and-makassar-discovery-6d5n
22:59:40 | INFO    | [2681/2708] Mencari: air terjun taddolli
22:59:40 | DEBUG   | [L1 Wiki] Error: Expecting value: line 1 column 1 (char 0)
22:59:40 | DEBUG   |       L1 Gagal, mencoba L2 DDGS...
22:59:52 | INFO    |       => Gagal mencari deskripsi.
22:59:54 | INFO    | [2682/2708] Mencari: Buttu Lanjanan
22:59:54 | DEBUG   | [L1 Wiki] Error: Expecting value: line 1 column 1 (char 0)
22:59:54 | DEBUG   |       L1 Gagal, mencoba L2 DDGS...
23:00:04 | INFO    |       => Gagal mencari deskripsi.
23:00:05 | INFO    | [2683/2708] Mencari: Lante-lante
23:00:06 | DEBUG   | [L1 Wiki] Error: Expecting value: line 1 column 1 (char 0)
23:00:06 | DEBUG   |       L1 Gagal, mencoba L2 DDGS...
23:00:30 | INFO    |       => Gagal mencari deskripsi.
23:00:32 | INFO    | [2684/2708] Mencari: UD. divo sejaterah🌽
23:00:32 | DEBUG   | [L1 Wiki] Error: Expecting value: line 1 column 1 (char 0)
23:00:32 | DEBUG   |       L1 Gagal, mencoba L2 DDGS...
23:00:38 | DEBUG   | [L2 DDGS] Error: ConnectError: ConnectError('error sending request for url (https://html.duckduckgo.com/html/)', 'https://html.duckduckgo.com/html/')
23:00:38 | INFO    |       => Gagal mencari deskripsi.
23:00:39 | INFO    | [2685/2708] Mencari: Pantai Ria Kolongan Beha
23:00:39 | DEBUG   | [L1 Wiki] Error: Expecting value: line 1 column 1 (char 0)
23:00:39 | DEBUG   |       L1 Gagal, mencoba L2 DDGS...
23:00:47 | INFO    |       => Sukses dari: https://manado.tribunnews.com/sangihe/1871400/pantai-ria-kolongan-beha-sangihe-ramai-pengunjung-termasuk-destinasi-favorit-warga-buat-liburan
23:00:49 | INFO    | [2686/2708] Mencari: Wisata alam panapa
23:00:49 | DEBUG   | [L1 Wiki] Error: Expecting value: line 1 column 1 (char 0)
23:00:49 | DEBUG   |       L1 Gagal, mencoba L2 DDGS...
23:00:56 | DEBUG   | [L2 DDGS] Error: ConnectError: ConnectError('error sending request for url (https://html.duckduckgo.com/html/)', 'https://html.duckduckgo.com/html/')
23:00:56 | INFO    |       => Gagal mencari deskripsi.
23:00:58 | INFO    | [2687/2708] Mencari: Pantai kasosona
23:00:58 | DEBUG   | [L1 Wiki] Error: Expecting value: line 1 column 1 (char 0)
23:00:58 | DEBUG   |       L1 Gagal, mencoba L2 DDGS...
23:01:04 | DEBUG   | [L2 DDGS] Error: ConnectError: ConnectError('error sending request for url (https://html.duckduckgo.com/html/)', 'https://html.duckduckgo.com/html/')
23:01:04 | INFO    |       => Gagal mencari deskripsi.
23:01:06 | INFO    | [2688/2708] Mencari: Bukit Emot
23:01:06 | DEBUG   | [L1 Wiki] Error: Expecting value: line 1 column 1 (char 0)
23:01:06 | DEBUG   |       L1 Gagal, mencoba L2 DDGS...
23:01:12 | DEBUG   | [L2 DDGS] Error: RequestError: RequestError('error sending request for url (https://search.yahoo.com/search;_ylt=f04z-Of56KWTrSdDmAHjtOHr;_ylu=Ncx5klkR4exR9l-eNl4ZLKGQ5YOdvrpbakb0h4J_9xg_cMY?p=Bukit+Emot+Kabupaten+Buton+wisata)', 'https://search.yahoo.com/search;_ylt=f04z-Of56KWTrSdDmAHjtOHr;_ylu=Ncx5klkR4exR9l-eNl4ZLKGQ5YOdvrpbakb0h4J_9xg_cMY?p=Bukit+Emot+Kabupaten+Buton+wisata')
23:01:12 | INFO    |       => Gagal mencari deskripsi.
23:01:13 | INFO    | [2689/2708] Mencari: Bukit Peca
23:01:13 | DEBUG   | [L1 Wiki] Error: Expecting value: line 1 column 1 (char 0)
23:01:13 | DEBUG   |       L1 Gagal, mencoba L2 DDGS...
23:01:30 | INFO    |       => Gagal mencari deskripsi.
23:01:31 | INFO    | *** Auto-saving 2120 baris diproses...
23:01:32 | INFO    | [2690/2708] Mencari: Pantai Gudang Arang
23:01:32 | DEBUG   | [L1 Wiki] Error: Expecting value: line 1 column 1 (char 0)
23:01:32 | DEBUG   |       L1 Gagal, mencoba L2 DDGS...
23:01:38 | INFO    |       => Sukses dari: https://www.tribunnews.com/travel/2015/11/04/pantai-gudang-garam-dahulu-jadi-pantai-paling-terkenal-di-perbaungan-apa-kabarnya-saat-ini
23:01:39 | INFO    | [2691/2708] Mencari: Gunung bacukiki
23:01:39 | DEBUG   | [L1 Wiki] Error: Expecting value: line 1 column 1 (char 0)
23:01:39 | DEBUG   |       L1 Gagal, mencoba L2 DDGS...
23:01:47 | INFO    |       => Sukses dari: https://id.wikipedia.org/wiki/Bacukiki,_Parepare
23:01:48 | INFO    | [2692/2708] Mencari: Bukit Tongke Tongke ( Camping)
23:01:48 | DEBUG   | [L1 Wiki] Error: Expecting value: line 1 column 1 (char 0)
23:01:48 | DEBUG   |       L1 Gagal, mencoba L2 DDGS...
23:01:53 | INFO    |       => Sukses dari: https://www.idntimes.com/travel/destination/pesona-hutan-mangrove-tongke-tongke-c1c2-01-nzpf3-rm5xs2
23:01:55 | INFO    | [2693/2708] Mencari: Air Terjun Regesan Tinoor
23:01:55 | DEBUG   | [L1 Wiki] Error: Expecting value: line 1 column 1 (char 0)
23:01:55 | DEBUG   |       L1 Gagal, mencoba L2 DDGS...
23:02:02 | DEBUG   | [L2 BS4] Gagal ekstraksi url https://jadesta.kemenparekraf.go.id/desa/tinoor_satu -> HTTPSConnectionPool(host='jadesta.kemenparekraf.go.id', port=443): Max retries exceeded with url: /desa/tinoor_satu (Caused by NameResolutionError("HTTPSConnection(host='jadesta.kemenparekraf.go.id', port=443): Failed to resolve 'jadesta.kemenparekraf.go.id' ([Errno 11002] getaddrinfo failed)"))
23:02:05 | INFO    |       => Sukses dari: https://kanalsindo.id/kadis-pariwisata-daerah-kota-tomohondestinasi-wisata-air-terjun-tekaan-telu-tinoor-satu-jadi-wisata-unggulan/
23:02:06 | INFO    | [2694/2708] Mencari: GPDI Bukit Zaitun Hesang
23:02:07 | DEBUG   | [L1 Wiki] Error: Expecting value: line 1 column 1 (char 0)
23:02:07 | DEBUG   |       L1 Gagal, mencoba L2 DDGS...
23:02:22 | DEBUG   | [L2 BS4] Gagal ekstraksi url https://sulut.jadesta.com/desa/hesang -> HTTPSConnectionPool(host='sulut.jadesta.com', port=443): Read timed out. (read timeout=8)
23:02:24 | INFO    |       => Gagal mencari deskripsi.
23:02:25 | INFO    | [2695/2708] Mencari: Pantai paranti Tabang
23:02:25 | DEBUG   | [L1 Wiki] Error: Expecting value: line 1 column 1 (char 0)
23:02:25 | DEBUG   |       L1 Gagal, mencoba L2 DDGS...
23:02:37 | INFO    |       => Gagal mencari deskripsi.
23:02:39 | INFO    | [2696/2708] Mencari: Pantai Pompole Tosale
23:02:39 | DEBUG   | [L1 Wiki] Error: Expecting value: line 1 column 1 (char 0)
23:02:39 | DEBUG   |       L1 Gagal, mencoba L2 DDGS...
23:02:50 | INFO    |       => Gagal mencari deskripsi.
23:02:52 | INFO    | [2697/2708] Mencari: Bukit Eksis Matolele
23:02:52 | DEBUG   | [L1 Wiki] Error: Expecting value: line 1 column 1 (char 0)
23:02:52 | DEBUG   |       L1 Gagal, mencoba L2 DDGS...
23:03:03 | INFO    |       => Gagal mencari deskripsi.
23:03:05 | INFO    | [2698/2708] Mencari: Tempat santai
23:03:05 | DEBUG   | [L1 Wiki] Error: Expecting value: line 1 column 1 (char 0)
23:03:05 | DEBUG   |       L1 Gagal, mencoba L2 DDGS...
23:03:12 | INFO    |       => Sukses dari: https://www.trendwisata.com/tempat-wisata/tempat-wisata-di-morowali/
23:03:13 | INFO    | [2699/2708] Mencari: Goa desa topogaro
23:03:13 | DEBUG   | [L1 Wiki] Error: Expecting value: line 1 column 1 (char 0)
23:03:13 | DEBUG   |       L1 Gagal, mencoba L2 DDGS...
23:03:19 | INFO    |       => Sukses dari: https://topogaro.digitaldesa.id/
23:03:20 | INFO    | [2700/2708] Mencari: Tugu Lingkaran Hati Emas
23:03:20 | DEBUG   | [L1 Wiki] Error: Expecting value: line 1 column 1 (char 0)
23:03:20 | DEBUG   |       L1 Gagal, mencoba L2 DDGS...
23:03:25 | INFO    |       => Sukses dari: https://travel.kompas.com/read/2021/08/02/150032227/pesona-wisata-konawe-kampung-halaman-apriyani-sang-peraih-emas-olimpiade
23:03:27 | INFO    | [2701/2708] Mencari: Pantai Ilodulunga
23:03:27 | DEBUG   | [L1 Wiki] Error: Expecting value: line 1 column 1 (char 0)
23:03:27 | DEBUG   |       L1 Gagal, mencoba L2 DDGS...
23:03:35 | INFO    |       => Gagal mencari deskripsi.
23:03:36 | INFO    | [2702/2708] Mencari: Wisata Paccumikang
23:03:36 | DEBUG   | [L1 Wiki] Error: Expecting value: line 1 column 1 (char 0)
23:03:36 | DEBUG   |       L1 Gagal, mencoba L2 DDGS...
23:03:41 | INFO    |       => Sukses dari: https://idalamat.com/alamat/696459/wisata-paccumikang-jeneponto-sulawesi-selatan
23:03:43 | INFO    | [2703/2708] Mencari: Air Terjun Galung Paleng
23:03:43 | DEBUG   | [L1 Wiki] Error: Expecting value: line 1 column 1 (char 0)
23:03:43 | DEBUG   |       L1 Gagal, mencoba L2 DDGS...
23:03:51 | DEBUG   | [L2 BS4] Gagal ekstraksi url https://jadesta.kemenparekraf.go.id/desa/batu_rinring -> HTTPSConnectionPool(host='jadesta.kemenparekraf.go.id', port=443): Max retries exceeded with url: /desa/batu_rinring (Caused by NameResolutionError("HTTPSConnection(host='jadesta.kemenparekraf.go.id', port=443): Failed to resolve 'jadesta.kemenparekraf.go.id' ([Errno 11002] getaddrinfo failed)"))
23:03:51 | INFO    |       => Gagal mencari deskripsi.
23:03:52 | INFO    | [2704/2708] Mencari: Air terjun salubi
23:03:52 | DEBUG   | [L1 Wiki] Error: Expecting value: line 1 column 1 (char 0)
23:03:52 | DEBUG   |       L1 Gagal, mencoba L2 DDGS...
23:04:14 | INFO    |       => Gagal mencari deskripsi.
23:04:16 | INFO    | [2705/2708] Mencari: Air terjun penonoan
23:04:16 | DEBUG   | [L1 Wiki] Error: Expecting value: line 1 column 1 (char 0)
23:04:16 | DEBUG   |       L1 Gagal, mencoba L2 DDGS...
23:04:29 | INFO    |       => Gagal mencari deskripsi.
23:04:31 | INFO    | [2706/2708] Mencari: Buttu Lamba
23:04:31 | DEBUG   | [L1 Wiki] Error: Expecting value: line 1 column 1 (char 0)
23:04:31 | DEBUG   |       L1 Gagal, mencoba L2 DDGS...
23:04:48 | DEBUG   | [L2 BS4] Gagal ekstraksi url https://repository.ipb.ac.id/handle/123456789/117145 -> HTTPSConnectionPool(host='repository.ipb.ac.id', port=443): Read timed out. (read timeout=8)
23:04:50 | INFO    |       => Gagal mencari deskripsi.
23:04:51 | INFO    | [2707/2708] Mencari: Pantai Tambu
23:04:51 | DEBUG   | [L1 Wiki] Error: Expecting value: line 1 column 1 (char 0)
23:04:51 | DEBUG   |       L1 Gagal, mencoba L2 DDGS...
23:04:57 | INFO    |       => Sukses dari: https://www.tribunnewswiki.com/2023/05/02/pantai-tambu
23:04:58 | INFO    | [2708/2708] Mencari: Gua Jepang Tikala Kumaraka
23:04:58 | DEBUG   | [L1 Wiki] Error: Expecting value: line 1 column 1 (char 0)
23:04:58 | DEBUG   |       L1 Gagal, mencoba L2 DDGS...
23:05:05 | INFO    |       => Sukses dari: https://id.wikipedia.org/wiki/Tikala_Kumaraka,_Wenang,_Manado
23:05:07 | INFO    | 
Menyimpan file final...
23:05:07 | INFO    | Berhasil disimpan: D:\semester6\mc_learning\scrapt_wisata\deskripsi\scrap_deskripsi_wisata.csv
23:05:07 | INFO    | Selesai dikerjakan!
