15:30:27 | INFO    | ============================================================
15:30:27 | INFO    | Memulai Scraper Deskripsi Wisata (L1: Wikipedia, L2: DDGS)
15:30:27 | INFO    | ============================================================
15:30:27 | INFO    | Membaca data dari: D:\semester6\mc_learning\scrapt_wisata\deskripsi\..\hasil_scrap\wisata_sulawesi_cleaned_final.csv
15:30:27 | INFO    | Total baris dataset: 2708
15:30:27 | INFO    | [1/2708] Mencari: Losari Beach Platform
15:30:27 | DEBUG   | [L1 Wiki] Error: Expecting value: line 1 column 1 (char 0)
15:30:27 | DEBUG   |       L1 Gagal, mencoba L2 DDGS...
15:30:36 | INFO    |       => Sukses dari: https://www.sulawesitoday.com/berita/122508588/destinasi-wisata-losari-beach-platform-menyaksikan-keindahan-lautan-sembari-kulineran-di-makassar
15:30:37 | INFO    | [2/2708] Mencari: Benteng Rotterdam
15:30:37 | DEBUG   | [L1 Wiki] Error: Expecting value: line 1 column 1 (char 0)
15:30:37 | DEBUG   |       L1 Gagal, mencoba L2 DDGS...
15:30:47 | INFO    |       => Sukses dari: https://www.indonesia.travel/id/id/travel-ideas/heritage/benteng-rotterdam/
15:30:49 | INFO    | [3/2708] Mencari: Taman Nasional Bantimurung Bulusaraung
15:30:49 | DEBUG   | [L1 Wiki] Error: Expecting value: line 1 column 1 (char 0)
15:30:49 | DEBUG   |       L1 Gagal, mencoba L2 DDGS...
15:30:54 | INFO    |       => Sukses dari: https://id.wikipedia.org/wiki/Taman_Nasional_Bantimurung_Bulusaraung
15:30:55 | INFO    | [4/2708] Mencari: Pantai Tak Berombak, PTB Maros
15:30:55 | DEBUG   | [L1 Wiki] Error: Expecting value: line 1 column 1 (char 0)
15:30:55 | DEBUG   |       L1 Gagal, mencoba L2 DDGS...
15:31:06 | INFO    |       => Sukses dari: https://id.wikipedia.org/wiki/Pantai_Tak_Berombak_Maros
15:31:07 | INFO    | [5/2708] Mencari: Tongkonan Ke'te' Kesu'
15:31:07 | DEBUG   | [L1 Wiki] Error: Expecting value: line 1 column 1 (char 0)
15:31:07 | DEBUG   |       L1 Gagal, mencoba L2 DDGS...
15:31:16 | INFO    |       => Sukses dari: https://id.wikipedia.org/wiki/Ke’te’_Kesu’
15:31:18 | INFO    | [6/2708] Mencari: Menara Keagungan Limboto
15:31:18 | DEBUG   | [L1 Wiki] Error: Expecting value: line 1 column 1 (char 0)
15:31:18 | DEBUG   |       L1 Gagal, mencoba L2 DDGS...
15:31:22 | INFO    |       => Sukses dari: https://id.wikipedia.org/wiki/Menara_Keagungan
15:31:23 | INFO    | [7/2708] Mencari: Taman Pakui Sayang
15:31:23 | DEBUG   | [L1 Wiki] Error: Expecting value: line 1 column 1 (char 0)
15:31:23 | DEBUG   |       L1 Gagal, mencoba L2 DDGS...
15:31:28 | INFO    |       => Sukses dari: https://www.idntimes.com/travel/destination/tempat-bermain-anak-di-makassar-00-r95nh-h8hcg0
15:31:29 | INFO    | [8/2708] Mencari: Masjid Raya Makassar
15:31:29 | DEBUG   | [L1 Wiki] Error: Expecting value: line 1 column 1 (char 0)
15:31:29 | DEBUG   |       L1 Gagal, mencoba L2 DDGS...
15:31:36 | INFO    |       => Sukses dari: https://www.idntimes.com/travel/destination/masjid-raya-makassar-sulawesi-selatan-c1c2-01-zydpl-nybw10
15:31:37 | INFO    | [9/2708] Mencari: Taman Vatulemo
15:31:37 | DEBUG   | [L1 Wiki] Error: Expecting value: line 1 column 1 (char 0)
15:31:37 | DEBUG   |       L1 Gagal, mencoba L2 DDGS...
15:31:43 | INFO    |       => Sukses dari: https://www.tripzilla.id/tempat-wisata-palu/1635
15:31:45 | INFO    | [10/2708] Mencari: Monumen Cinta Sejati Habibie-Ainun
15:31:45 | DEBUG   | [L1 Wiki] Error: Expecting value: line 1 column 1 (char 0)
15:31:45 | DEBUG   |       L1 Gagal, mencoba L2 DDGS...
15:31:50 | INFO    |       => Sukses dari: https://id.wikipedia.org/wiki/Monumen_Cinta_Sejati_Habibie_Ainun
15:31:51 | INFO    | [11/2708] Mencari: Pantai Losari
15:31:51 | DEBUG   | [L1 Wiki] Error: Expecting value: line 1 column 1 (char 0)
15:31:51 | DEBUG   |       L1 Gagal, mencoba L2 DDGS...
15:31:57 | INFO    |       => Sukses dari: https://www.msn.com/id-id/gayahidup/other/menikmati-keindahan-wisata-bahari-pantai-losari-makassar-sejarah-aktivitas-dan-daya-tariknya/ar-AA1NwqPh
15:31:58 | INFO    | [12/2708] Mencari: Tribun Pantai Seruni
15:31:58 | DEBUG   | [L1 Wiki] Error: Expecting value: line 1 column 1 (char 0)
15:31:58 | DEBUG   |       L1 Gagal, mencoba L2 DDGS...
15:32:11 | INFO    |       => Sukses dari: https://travel.tribunnews.com/destinasi/140650/itinerary-bantaeng-1-hari-dari-jeneponto-bujet-liburan-berdua-rp-240-ribuan
15:32:12 | INFO    | [13/2708] Mencari: Bugis Waterpark Adventure
15:32:12 | DEBUG   | [L1 Wiki] Error: Expecting value: line 1 column 1 (char 0)
15:32:12 | DEBUG   |       L1 Gagal, mencoba L2 DDGS...
15:32:20 | INFO    |       => Sukses dari: https://www.oyorooms.com/travel-guide/id/wisata-kekinian-makassar/
15:32:22 | INFO    | [14/2708] Mencari: Taman Kalong Watansoppeng
15:32:22 | DEBUG   | [L1 Wiki] Error: Expecting value: line 1 column 1 (char 0)
15:32:22 | DEBUG   |       L1 Gagal, mencoba L2 DDGS...
15:32:29 | INFO    |       => Sukses dari: https://www.detik.com/sulsel/wisata/d-6527369/15-tempat-wisata-di-soppeng-pesona-keindahan-alam-hingga-peninggalan-sejarah
15:32:30 | INFO    | [15/2708] Mencari: Patung Tuhan Yesus Memberkati
15:32:30 | DEBUG   | [L1 Wiki] Error: Expecting value: line 1 column 1 (char 0)
15:32:30 | DEBUG   |       L1 Gagal, mencoba L2 DDGS...
15:32:40 | INFO    |       => Sukses dari: https://travelspromo.com/htm-wisata/patung-yesus-memberkati-toraja/
15:32:41 | INFO    | [16/2708] Mencari: Pantai Losari
15:32:41 | DEBUG   | [L1 Wiki] Error: Expecting value: line 1 column 1 (char 0)
15:32:41 | DEBUG   |       L1 Gagal, mencoba L2 DDGS...
15:32:49 | INFO    |       => Sukses dari: https://www.kompas.com/sulawesi-selatan/read/2025/10/15/143000088/jelajahi-pesona-wisata-makassar.-dari-pantai-losari-hingga
15:32:51 | INFO    | [17/2708] Mencari: Tugu Zero Point
15:32:51 | DEBUG   | [L1 Wiki] Error: Expecting value: line 1 column 1 (char 0)
15:32:51 | DEBUG   |       L1 Gagal, mencoba L2 DDGS...
15:32:58 | INFO    |       => Sukses dari: https://www.cedhak.com/sulawesi/390/tugu-zero-point/
15:32:59 | INFO    | [18/2708] Mencari: Cinta Souvenir Bantimurung
15:32:59 | DEBUG   | [L1 Wiki] Error: Expecting value: line 1 column 1 (char 0)
15:32:59 | DEBUG   |       L1 Gagal, mencoba L2 DDGS...
15:33:08 | INFO    |       => Sukses dari: https://www.detik.com/sulsel/wisata/d-6252516/15-tempat-wisata-di-maros-kekayaan-alam-yang-memukau-hingga-situs-prasejarah
15:33:09 | INFO    | [19/2708] Mencari: Lolai - To' Tombi, Negeri di atas awan
15:33:09 | DEBUG   | [L1 Wiki] Error: Expecting value: line 1 column 1 (char 0)
15:33:09 | DEBUG   |       L1 Gagal, mencoba L2 DDGS...
15:33:22 | DEBUG   | [L2 BS4] Gagal ekstraksi url https://disbudpar.torajautarakab.go.id/page/wisata/97/kawasan-negeri-diatas-awan -> HTTPSConnectionPool(host='disbudpar.torajautarakab.go.id', port=443): Max retries exceeded with url: /page/wisata/97/kawasan-negeri-diatas-awan (Caused by ConnectTimeoutError(<HTTPSConnection(host='disbudpar.torajautarakab.go.id', port=443) at 0x20bd9b3f750>, 'Connection to disbudpar.torajautarakab.go.id timed out. (connect timeout=8)'))
15:33:23 | INFO    |       => Sukses dari: https://makassar.kompas.com/read/2024/04/15/185341078/lolai-to-tombi-negeri-di-atas-awan-wisata-toraja-daya-tarik-harga-tiket-dan
15:33:25 | INFO    | [20/2708] Mencari: Pantai Bira Pasir Putih
15:33:25 | DEBUG   | [L1 Wiki] Error: Expecting value: line 1 column 1 (char 0)
15:33:25 | DEBUG   |       L1 Gagal, mencoba L2 DDGS...
15:33:33 | INFO    |       => Sukses dari: https://www.detik.com/sulsel/wisata/d-6062924/7-destinasi-wisata-di-kawasan-tanjung-bira-ada-pantai-pasir-putih-yang-indah
15:33:35 | INFO    | *** Auto-saving 20 baris diproses...
15:33:35 | INFO    | [21/2708] Mencari: Taman Gor
15:33:35 | DEBUG   | [L1 Wiki] Error: Expecting value: line 1 column 1 (char 0)
15:33:35 | DEBUG   |       L1 Gagal, mencoba L2 DDGS...
15:33:44 | INFO    |       => Sukses dari: https://pariwisata.sultengprov.go.id/data-pariwisata/destinasi-pariwisata/daya-tarik-wisata/dtw-kota-palu/218-sejarah-taman-gor-yang-pernah-dikunjungi-presiden-soekarno-saat-ke-kota-palu.html
15:33:46 | INFO    | [22/2708] Mencari: Lolai Tongkonan Lempe
15:33:46 | DEBUG   | [L1 Wiki] Error: Expecting value: line 1 column 1 (char 0)
15:33:46 | DEBUG   |       L1 Gagal, mencoba L2 DDGS...
15:33:55 | INFO    |       => Sukses dari: https://travel.kompas.com/read/2021/03/22/070700827/5-aktivitas-wisata-di-tongkonan-lempe-negeri-atas-awan-toraja-utara
15:33:57 | INFO    | [23/2708] Mencari: Monumen Yesus Memberkati
15:33:57 | DEBUG   | [L1 Wiki] Error: Expecting value: line 1 column 1 (char 0)
15:33:57 | DEBUG   |       L1 Gagal, mencoba L2 DDGS...
15:34:03 | INFO    |       => Sukses dari: https://www.luwansamanado.com/id/tempat-tujuan-wisata/monumen-yesus-memberkati/
15:34:05 | INFO    | [24/2708] Mencari: Wisata Kebun Gowa
15:34:05 | DEBUG   | [L1 Wiki] Error: Expecting value: line 1 column 1 (char 0)
15:34:05 | DEBUG   |       L1 Gagal, mencoba L2 DDGS...
15:34:11 | INFO    |       => Sukses dari: https://smartcity.gowakab.go.id/wisata_buatan/wisata-kebun-gowa/2
15:34:13 | INFO    | [25/2708] Mencari: Taman Nasional Bunaken
15:34:13 | DEBUG   | [L1 Wiki] Error: Expecting value: line 1 column 1 (char 0)
15:34:13 | DEBUG   |       L1 Gagal, mencoba L2 DDGS...
15:34:23 | INFO    |       => Sukses dari: https://travelspromo.com/htm-wisata/taman-nasional-bunaken-wori-sulawesi-utara/
15:34:24 | INFO    | [26/2708] Mencari: Taman Kota Kendari
15:34:24 | DEBUG   | [L1 Wiki] Error: Expecting value: line 1 column 1 (char 0)
15:34:24 | DEBUG   |       L1 Gagal, mencoba L2 DDGS...
15:34:28 | INFO    |       => Sukses dari: https://travelspromo.com/htm-wisata/taman-kota-kendari-sulawesi-tenggara/
15:34:30 | INFO    | [27/2708] Mencari: Malino highlands
15:34:30 | DEBUG   | [L1 Wiki] Error: Expecting value: line 1 column 1 (char 0)
15:34:30 | DEBUG   |       L1 Gagal, mencoba L2 DDGS...
15:34:35 | INFO    |       => Sukses dari: https://malinohighlands.com/
15:34:37 | INFO    | [28/2708] Mencari: Pantai Akkarena
15:34:37 | DEBUG   | [L1 Wiki] Error: Expecting value: line 1 column 1 (char 0)
15:34:37 | DEBUG   |       L1 Gagal, mencoba L2 DDGS...
15:34:42 | INFO    |       => Sukses dari: https://travelspromo.com/htm-wisata/pantai-akkarena-makassar/
15:34:43 | INFO    | [29/2708] Mencari: Taman Macan
15:34:43 | DEBUG   | [L1 Wiki] Error: Expecting value: line 1 column 1 (char 0)
15:34:43 | DEBUG   |       L1 Gagal, mencoba L2 DDGS...
15:34:49 | INFO    |       => Sukses dari: https://www.lamudi.co.id/journal/lima-jogging-track-seru-di-kota-makassar/
15:34:51 | INFO    | [30/2708] Mencari: Kampoeng Karst Rammang Rammang
15:34:51 | DEBUG   | [L1 Wiki] Error: Expecting value: line 1 column 1 (char 0)
15:34:51 | DEBUG   |       L1 Gagal, mencoba L2 DDGS...
15:34:59 | INFO    |       => Sukses dari: https://sulsel.idntimes.com/travel/tips/tak-jauh-dari-makassar-ini-5-tempat-liburan-nyaman-bareng-keluarga-00-g3swn-g3lng1
15:35:00 | INFO    | [31/2708] Mencari: Lasinrang Park
15:35:00 | DEBUG   | [L1 Wiki] Error: Expecting value: line 1 column 1 (char 0)
15:35:00 | DEBUG   |       L1 Gagal, mencoba L2 DDGS...
15:35:05 | INFO    |       => Sukses dari: https://www.detik.com/sulsel/wisata/d-6896501/25-rekomendasi-objek-wisata-di-kabupaten-pinrang-untuk-liburan
15:35:06 | INFO    | [32/2708] Mencari: Tebing Apparalang
15:35:06 | DEBUG   | [L1 Wiki] Error: Expecting value: line 1 column 1 (char 0)
15:35:06 | DEBUG   |       L1 Gagal, mencoba L2 DDGS...
15:35:13 | INFO    |       => Sukses dari: https://www.sulawesipos.com/travel/2026/01/30/tebing-apparalang-surga-tersembunyi-di-bulukumba-dengan-pemandangan-tebing-dan-laut-biru-memikat/
15:35:14 | INFO    | [33/2708] Mencari: Taman Nasional Bantimurung Bulusaraung
15:35:14 | DEBUG   | [L1 Wiki] Error: Expecting value: line 1 column 1 (char 0)
15:35:14 | DEBUG   |       L1 Gagal, mencoba L2 DDGS...
15:35:17 | INFO    |       => Sukses dari: https://id.wikipedia.org/wiki/Taman_Nasional_Bantimurung_Bulusaraung
15:35:19 | INFO    | [34/2708] Mencari: Masjid Kubah 99
15:35:19 | DEBUG   | [L1 Wiki] Error: Expecting value: line 1 column 1 (char 0)
15:35:19 | DEBUG   |       L1 Gagal, mencoba L2 DDGS...
15:35:28 | INFO    |       => Sukses dari: https://www.cnnindonesia.com/gaya-hidup/20220630195515-275-817910/7-rekomendasi-tempat-liburan-keluarga-seru-di-makassar
15:35:29 | INFO    | [35/2708] Mencari: Taman Musafir
15:35:29 | DEBUG   | [L1 Wiki] Error: Expecting value: line 1 column 1 (char 0)
15:35:29 | DEBUG   |       L1 Gagal, mencoba L2 DDGS...
15:35:37 | INFO    |       => Gagal mencari deskripsi.
15:35:39 | INFO    | [36/2708] Mencari: Taman Arkeologi Leang Leang
15:35:39 | DEBUG   | [L1 Wiki] Error: Expecting value: line 1 column 1 (char 0)
15:35:39 | DEBUG   |       L1 Gagal, mencoba L2 DDGS...
15:35:44 | INFO    |       => Sukses dari: https://id.wikipedia.org/wiki/Taman_Arkeologi_Leang-Leang
15:35:46 | INFO    | [37/2708] Mencari: Tonrangeng Riverside
15:35:46 | DEBUG   | [L1 Wiki] Error: Expecting value: line 1 column 1 (char 0)
15:35:46 | DEBUG   |       L1 Gagal, mencoba L2 DDGS...
15:35:54 | INFO    |       => Sukses dari: https://www.detik.com/sulsel/wisata/d-6594141/23-objek-wisata-di-parepare-mulai-pesona-alam-hingga-situs-sejarah
15:35:55 | INFO    | [38/2708] Mencari: Taman Wisata Alam Lejja
15:35:55 | DEBUG   | [L1 Wiki] Error: Expecting value: line 1 column 1 (char 0)
15:35:55 | DEBUG   |       L1 Gagal, mencoba L2 DDGS...
15:36:00 | INFO    |       => Sukses dari: https://www.detik.com/sulsel/wisata/d-6688125/pemandian-air-panas-lejja-soppeng-sejarah-spot-wisata-hingga-harga-tiket
15:36:02 | INFO    | [39/2708] Mencari: Space iklan 5x10. Anjungan Pantai Manakarra
15:36:02 | DEBUG   | [L1 Wiki] Error: Expecting value: line 1 column 1 (char 0)
15:36:02 | DEBUG   |       L1 Gagal, mencoba L2 DDGS...
15:36:13 | INFO    |       => Sukses dari: https://homesteadsupplier.com/blogs/news/what-can-you-fit-in-a-8x10-shed
15:36:15 | INFO    | [40/2708] Mencari: Pantai Paal
15:36:15 | DEBUG   | [L1 Wiki] Error: Expecting value: line 1 column 1 (char 0)
15:36:15 | DEBUG   |       L1 Gagal, mencoba L2 DDGS...
15:36:21 | INFO    |       => Sukses dari: https://www.trac.astra.co.id/blog/travel/pesona-pantai-paal-likupang-surga-di-ujung-sulawesi/1445
15:36:23 | INFO    | *** Auto-saving 40 baris diproses...
15:36:23 | INFO    | [41/2708] Mencari: Masjid Al Markaz Al Islami Maros
15:36:23 | DEBUG   | [L1 Wiki] Error: Expecting value: line 1 column 1 (char 0)
15:36:23 | DEBUG   |       L1 Gagal, mencoba L2 DDGS...
15:36:27 | INFO    |       => Sukses dari: https://id.wikipedia.org/wiki/Masjid_Al-Markaz_Al-lslami_Maros
15:36:29 | INFO    | [42/2708] Mencari: Museum Balla Lompoa
15:36:29 | DEBUG   | [L1 Wiki] Error: Expecting value: line 1 column 1 (char 0)
15:36:29 | DEBUG   |       L1 Gagal, mencoba L2 DDGS...
15:36:33 | INFO    |       => Sukses dari: https://id.wikipedia.org/wiki/Museum_Ballaʼ_Lompoa
15:36:35 | INFO    | [43/2708] Mencari: Londa Ancient Graveyard
15:36:35 | DEBUG   | [L1 Wiki] Error: Expecting value: line 1 column 1 (char 0)
15:36:35 | DEBUG   |       L1 Gagal, mencoba L2 DDGS...
15:36:41 | INFO    |       => Sukses dari: https://www.detik.com/sulsel/wisata/d-6389154/mengenal-kuburan-londa-toraja-yang-menyimpan-kisah-tragis-romeo-dan-juliet
15:36:43 | INFO    | [44/2708] Mencari: Taman Nasional Wakatobi
15:36:43 | DEBUG   | [L1 Wiki] Error: Expecting value: line 1 column 1 (char 0)
15:36:43 | DEBUG   |       L1 Gagal, mencoba L2 DDGS...
15:36:48 | INFO    |       => Sukses dari: https://www.wonderverseindonesia.com/id/article/travel/taman-nasional-wakatobi
15:36:49 | INFO    | [45/2708] Mencari: Pelabuhan Paotere
15:36:50 | DEBUG   | [L1 Wiki] Error: Expecting value: line 1 column 1 (char 0)
15:36:50 | DEBUG   |       L1 Gagal, mencoba L2 DDGS...
15:36:59 | INFO    |       => Sukses dari: https://www.sulawesipos.com/travel/2026/02/28/mengenal-pelabuhan-poetere-sejarah-maritim-makassar-yang-tetap-hidup-hingga-kini/
15:37:01 | INFO    | [46/2708] Mencari: Pantai Tanjung Bira
15:37:01 | DEBUG   | [L1 Wiki] Error: Expecting value: line 1 column 1 (char 0)
15:37:01 | DEBUG   |       L1 Gagal, mencoba L2 DDGS...
15:37:09 | INFO    |       => Sukses dari: https://sulsel.idntimes.com/travel/destination/12-destinasi-wisata-di-tanjung-bira-primadona-di-selatan-sulawesi-00-lm183-qtj25r
15:37:11 | INFO    | [47/2708] Mencari: Air Terjun Takapala
15:37:11 | DEBUG   | [L1 Wiki] Error: Expecting value: line 1 column 1 (char 0)
15:37:11 | DEBUG   |       L1 Gagal, mencoba L2 DDGS...
15:37:20 | INFO    |       => Sukses dari: https://smartcity.gowakab.go.id/wisata_alam/air-terjun-takapala/1
15:37:21 | INFO    | [48/2708] Mencari: Benteng Otanaha
15:37:21 | DEBUG   | [L1 Wiki] Error: Expecting value: line 1 column 1 (char 0)
15:37:21 | DEBUG   |       L1 Gagal, mencoba L2 DDGS...
15:37:28 | INFO    |       => Sukses dari: https://www.radargorontalo.com/2026/03/benteng-otanaha-gorontalo-jejak-sejarah.html
15:37:30 | INFO    | [49/2708] Mencari: Taman Mattirotasi
15:37:30 | DEBUG   | [L1 Wiki] Error: Expecting value: line 1 column 1 (char 0)
15:37:30 | DEBUG   |       L1 Gagal, mencoba L2 DDGS...
15:37:35 | INFO    |       => Sukses dari: https://www.detik.com/sulsel/wisata/d-6594141/23-objek-wisata-di-parepare-mulai-pesona-alam-hingga-situs-sejarah
15:37:37 | INFO    | [50/2708] Mencari: Wisata Bahari Seafood Restaurant
15:37:37 | DEBUG   | [L1 Wiki] Error: Expecting value: line 1 column 1 (char 0)
15:37:37 | DEBUG   |       L1 Gagal, mencoba L2 DDGS...
15:37:43 | INFO    |       => Sukses dari: https://resort.co.id/wisata-bahari-seafood-restaurant/
15:37:45 | INFO    | [51/2708] Mencari: Rumah Alam Manado Adventure Park
15:37:45 | DEBUG   | [L1 Wiki] Error: Expecting value: line 1 column 1 (char 0)
15:37:45 | DEBUG   |       L1 Gagal, mencoba L2 DDGS...
15:37:51 | INFO    |       => Sukses dari: https://travelspromo.com/htm-wisata/rumah-alam-manado-adventure-park/
15:37:52 | INFO    | [52/2708] Mencari: Alun Alun Kota Polewali
15:37:52 | DEBUG   | [L1 Wiki] Error: Expecting value: line 1 column 1 (char 0)
15:37:52 | DEBUG   |       L1 Gagal, mencoba L2 DDGS...
15:37:57 | INFO    |       => Sukses dari: https://idalamat.com/alamat/727389/alunalun-kota-polewali-polewali-mandar-sulawesi-barat
15:37:59 | INFO    | [53/2708] Mencari: Wisata Pantai Topejawa
15:37:59 | DEBUG   | [L1 Wiki] Error: Expecting value: line 1 column 1 (char 0)
15:37:59 | DEBUG   |       L1 Gagal, mencoba L2 DDGS...
15:38:07 | INFO    |       => Sukses dari: https://www.detik.com/sulsel/wisata/d-6503703/14-tempat-wisata-di-takalar-yang-populer-dan-menarik-dikunjungi
15:38:09 | INFO    | [54/2708] Mencari: Masjid Agung Baiturrahim Gorontalo
15:38:09 | DEBUG   | [L1 Wiki] Error: Expecting value: line 1 column 1 (char 0)
15:38:09 | DEBUG   |       L1 Gagal, mencoba L2 DDGS...
15:38:16 | INFO    |       => Sukses dari: https://id.wikipedia.org/wiki/Masjid_Baiturrahim_Gorontalo
15:38:18 | INFO    | [55/2708] Mencari: Titik Nol KM Sulsel
15:38:18 | DEBUG   | [L1 Wiki] Error: Expecting value: line 1 column 1 (char 0)
15:38:18 | DEBUG   |       L1 Gagal, mencoba L2 DDGS...
15:38:23 | INFO    |       => Sukses dari: https://www.kompasiana.com/meryamputrimohta/5e0979c5097f365e3e66b682/weekend-di-titik-nol-sulawesi
15:38:25 | INFO    | [56/2708] Mencari: Pantai Pohon Cinta
15:38:25 | DEBUG   | [L1 Wiki] Error: Expecting value: line 1 column 1 (char 0)
15:38:25 | DEBUG   |       L1 Gagal, mencoba L2 DDGS...
15:38:29 | INFO    |       => Sukses dari: https://travelspromo.com/htm-wisata/pantai-pohon-cinta-pohuwato/
15:38:31 | INFO    | [57/2708] Mencari: Benteng Keraton Kesultanan Buton (Negeri Khalifatul Khamis)
15:38:31 | DEBUG   | [L1 Wiki] Error: Expecting value: line 1 column 1 (char 0)
15:38:31 | DEBUG   |       L1 Gagal, mencoba L2 DDGS...
15:38:40 | DEBUG   | [L2 DDGS] Error: RequestError: RequestError('error sending request for url (https://search.yahoo.com/search;_ylt=iGxLAzRX9zQSwksBmgDax35B;_ylu=g2tLG5wHKfx_XNxoeBL9_Go_Qt6iyH_b0vu2oNSDG8964KM?p=Benteng+Keraton+Kesultanan+Buton+%28Negeri+Khalifatul+Khamis%29+Kota+Bau-Bau+wisata)', 'https://search.yahoo.com/search;_ylt=iGxLAzRX9zQSwksBmgDax35B;_ylu=g2tLG5wHKfx_XNxoeBL9_Go_Qt6iyH_b0vu2oNSDG8964KM?p=Benteng+Keraton+Kesultanan+Buton+%28Negeri+Khalifatul+Khamis%29+Kota+Bau-Bau+wisata')
15:38:40 | INFO    |       => Gagal mencari deskripsi.
15:38:42 | INFO    | [58/2708] Mencari: Taman Berkat (GODBLESS PARK) Manado
15:38:42 | DEBUG   | [L1 Wiki] Error: Expecting value: line 1 column 1 (char 0)
15:38:42 | DEBUG   |       L1 Gagal, mencoba L2 DDGS...
15:38:49 | INFO    |       => Sukses dari: https://manado.tribunnews.com/manado/1872314/taman-berkat-manado-memprihatinkan-dinding-gedung-dipenuhi-coretan-vandalisme
15:38:50 | INFO    | [59/2708] Mencari: Pantai Kilo 5
15:38:50 | DEBUG   | [L1 Wiki] Error: Expecting value: line 1 column 1 (char 0)
15:38:50 | DEBUG   |       L1 Gagal, mencoba L2 DDGS...
15:38:54 | INFO    |       => Sukses dari: https://www.mengerti.id/travel-kuliner/66416391668/surga-tersembunyi-5-wisata-terindah-di-kabupaten-banggai-2025-air-terjun-hingga-pantai-eksotis
15:38:55 | INFO    | [60/2708] Mencari: Wisata Pantai Bintang Galesong
15:38:55 | DEBUG   | [L1 Wiki] Error: Expecting value: line 1 column 1 (char 0)
15:38:55 | DEBUG   |       L1 Gagal, mencoba L2 DDGS...
15:38:59 | INFO    |       => Sukses dari: https://www.pantaipedia.com/pantai-bintang-galesong/
15:39:01 | INFO    | *** Auto-saving 60 baris diproses...
15:39:01 | INFO    | [61/2708] Mencari: Bukit Kasih Kanonang
15:39:01 | DEBUG   | [L1 Wiki] Error: Expecting value: line 1 column 1 (char 0)
15:39:01 | DEBUG   |       L1 Gagal, mencoba L2 DDGS...
15:39:09 | INFO    |       => Sukses dari: https://id.wikipedia.org/wiki/Bukit_Kasih
15:39:10 | INFO    | [62/2708] Mencari: Kurenai Beach Resort
15:39:10 | DEBUG   | [L1 Wiki] Error: Expecting value: line 1 column 1 (char 0)
15:39:10 | DEBUG   |       L1 Gagal, mencoba L2 DDGS...
15:39:15 | INFO    |       => Sukses dari: https://www.zonajakarta.com/lifestyle/6737592073/wisata-gorontalo-pantai-kurenai-yang-indah-tawarkan-pasir-putih-nan-mempesona-hanya-20-menit-dari-kota
15:39:16 | INFO    | [63/2708] Mencari: Paputo Beach
15:39:16 | DEBUG   | [L1 Wiki] Error: Expecting value: line 1 column 1 (char 0)
15:39:16 | DEBUG   |       L1 Gagal, mencoba L2 DDGS...
15:39:22 | DEBUG   | [L2 BS4] Gagal ekstraksi url https://jadesta.kemenparekraf.go.id/atraksi/wisata_pesisir_pantai -> HTTPSConnectionPool(host='jadesta.kemenparekraf.go.id', port=443): Max retries exceeded with url: /atraksi/wisata_pesisir_pantai (Caused by NameResolutionError("HTTPSConnection(host='jadesta.kemenparekraf.go.id', port=443): Failed to resolve 'jadesta.kemenparekraf.go.id' ([Errno 11002] getaddrinfo failed)"))
15:39:24 | INFO    |       => Sukses dari: https://ikatanmotorhondamakassar.com/read/Kopdar/30482-Indahnya-Wisata-Pantai-Pasir-Putih-Tonrangeng-Paputo
15:39:26 | INFO    | [64/2708] Mencari: Danau Perintis
15:39:26 | DEBUG   | [L1 Wiki] Error: Expecting value: line 1 column 1 (char 0)
15:39:26 | DEBUG   |       L1 Gagal, mencoba L2 DDGS...
15:39:33 | INFO    |       => Sukses dari: https://www.msn.com/id-id/travel/perjalanan-asia/danau-perintis-bone-bolango-wisata-alam-gorontalo-yang-jadi-pusat-ekonomi-baru-masyarakat-lokal/ar-AA1ONz1O
15:39:34 | INFO    | [65/2708] Mencari: Pantai Malalayang
15:39:34 | DEBUG   | [L1 Wiki] Error: Expecting value: line 1 column 1 (char 0)
15:39:34 | DEBUG   |       L1 Gagal, mencoba L2 DDGS...
15:39:39 | INFO    |       => Sukses dari: https://auto2000.co.id/berita-dan-tips/tempat-wisata-di-manado-tips
15:39:41 | INFO    | [66/2708] Mencari: Kendari Beach
15:39:41 | DEBUG   | [L1 Wiki] Error: Expecting value: line 1 column 1 (char 0)
15:39:41 | DEBUG   |       L1 Gagal, mencoba L2 DDGS...
15:39:51 | INFO    |       => Sukses dari: https://makassar.kompas.com/read/2023/09/29/160350678/kendari-beach-tempat-nongkrong-melihat-sunset-di-kota-kendari
15:39:52 | INFO    | [67/2708] Mencari: Makatete Hills
15:39:52 | DEBUG   | [L1 Wiki] Error: Expecting value: line 1 column 1 (char 0)
15:39:52 | DEBUG   |       L1 Gagal, mencoba L2 DDGS...
15:39:59 | INFO    |       => Sukses dari: https://www.msn.com/id-id/berita/other/makatete-hills-manadosulawesi-utara-daya-tariktiket-masuk-and-lokasi/ar-AA1MfbSY
15:40:00 | INFO    | [68/2708] Mencari: Pantai Kilo Lima
15:40:00 | DEBUG   | [L1 Wiki] Error: Expecting value: line 1 column 1 (char 0)
15:40:00 | DEBUG   |       L1 Gagal, mencoba L2 DDGS...
15:40:05 | INFO    |       => Sukses dari: https://id.wikipedia.org/wiki/Kabupaten_Banggai
15:40:07 | INFO    | [69/2708] Mencari: Dermaga I Rammang-Rammang
15:40:07 | DEBUG   | [L1 Wiki] Error: Expecting value: line 1 column 1 (char 0)
15:40:07 | DEBUG   |       L1 Gagal, mencoba L2 DDGS...
15:40:12 | INFO    |       => Sukses dari: https://travel.detik.com/cerita-perjalanan/d-5397324/rammang-rammang-keindahan-bukit-karst-dari-maros
15:40:13 | INFO    | [70/2708] Mencari: Taman Wisata Puncak Bila Sidrap
15:40:13 | DEBUG   | [L1 Wiki] Error: Expecting value: line 1 column 1 (char 0)
15:40:13 | DEBUG   |       L1 Gagal, mencoba L2 DDGS...
15:40:24 | INFO    |       => Sukses dari: https://id.wikipedia.org/wiki/Kabupaten_Sidenreng_Rappang
15:40:25 | INFO    | [71/2708] Mencari: Pantai Tanjung Karang
15:40:25 | DEBUG   | [L1 Wiki] Error: Expecting value: line 1 column 1 (char 0)
15:40:25 | DEBUG   |       L1 Gagal, mencoba L2 DDGS...
15:40:31 | INFO    |       => Sukses dari: https://pariwisata.sultengprov.go.id/data-pariwisata/daya-tarik-wisata/dtw-kabupaten-donggala/73-pantai-tanjung-karang.html
15:40:33 | INFO    | [72/2708] Mencari: Dermaga Dua Rammang Rammang
15:40:33 | DEBUG   | [L1 Wiki] Error: Expecting value: line 1 column 1 (char 0)
15:40:33 | DEBUG   |       L1 Gagal, mencoba L2 DDGS...
15:40:39 | INFO    |       => Sukses dari: https://travel.detik.com/domestic-destination/d-4127537/takjub-dengan-lembah-karst-rammang-rammang-makin-hits-pula
15:40:40 | INFO    | [73/2708] Mencari: pantai kamali
15:40:41 | DEBUG   | [L1 Wiki] Error: Expecting value: line 1 column 1 (char 0)
15:40:41 | DEBUG   |       L1 Gagal, mencoba L2 DDGS...
15:40:46 | INFO    |       => Sukses dari: https://jelajahpantai.com/pantai-kamali/
15:40:47 | INFO    | [74/2708] Mencari: Taman Hutan Kota Palu
15:40:47 | DEBUG   | [L1 Wiki] Error: Expecting value: line 1 column 1 (char 0)
15:40:47 | DEBUG   |       L1 Gagal, mencoba L2 DDGS...
15:40:54 | INFO    |       => Sukses dari: https://id.theasianparent.com/wisata-di-palu
15:40:56 | INFO    | [75/2708] Mencari: Sierra Sky View
15:40:56 | DEBUG   | [L1 Wiki] Error: Expecting value: line 1 column 1 (char 0)
15:40:56 | DEBUG   |       L1 Gagal, mencoba L2 DDGS...
15:41:02 | INFO    |       => Sukses dari: https://smartcity.gowakab.go.id/wisata_buatan
15:41:03 | INFO    | [76/2708] Mencari: Wisata Hiu Paus Botubarani Gorontalo
15:41:03 | DEBUG   | [L1 Wiki] Error: Expecting value: line 1 column 1 (char 0)
15:41:03 | DEBUG   |       L1 Gagal, mencoba L2 DDGS...
15:41:12 | INFO    |       => Sukses dari: https://travel.kompas.com/read/2023/09/10/220300027/wisata-hiu-paus-di-gorontalo-bisa-diving-dan-foto-bareng
15:41:13 | INFO    | [77/2708] Mencari: Pulau Wisata Bokori
15:41:13 | DEBUG   | [L1 Wiki] Error: Expecting value: line 1 column 1 (char 0)
15:41:13 | DEBUG   |       L1 Gagal, mencoba L2 DDGS...
15:41:20 | INFO    |       => Sukses dari: https://regional.kompas.com/read/2022/10/26/202917978/pulau-bokori-sejarah-daya-tarik-rute-dan-biaya
15:41:21 | INFO    | [78/2708] Mencari: Pantai Ide
15:41:21 | DEBUG   | [L1 Wiki] Error: Expecting value: line 1 column 1 (char 0)
15:41:21 | DEBUG   |       L1 Gagal, mencoba L2 DDGS...
15:41:34 | INFO    |       => Sukses dari: https://timur-online.com/karena-corona-objek-wisata-pantai-ide-ditutup/
15:41:36 | INFO    | [79/2708] Mencari: Pantai Biru
15:41:36 | DEBUG   | [L1 Wiki] Error: Expecting value: line 1 column 1 (char 0)
15:41:36 | DEBUG   |       L1 Gagal, mencoba L2 DDGS...
15:41:42 | INFO    |       => Sukses dari: https://www.detik.com/sulsel/wisata/d-6100544/pesona-pantai-biru-makassar-sediakan-lokasi-pesta-pernikahan-outdoor
15:41:43 | INFO    | [80/2708] Mencari: Taman dan Pantai Bahari Polewali
15:41:43 | DEBUG   | [L1 Wiki] Error: Expecting value: line 1 column 1 (char 0)
15:41:43 | DEBUG   |       L1 Gagal, mencoba L2 DDGS...
15:41:54 | INFO    |       => Sukses dari: https://sulsel.idntimes.com/travel/destination/5-wisata-pantai-di-polewali-mandar-ramai-dikunjungi-wisatawan-01-954ls-6dm4rb
15:41:55 | INFO    | *** Auto-saving 80 baris diproses...
15:41:55 | INFO    | [81/2708] Mencari: Samalona island
15:41:55 | DEBUG   | [L1 Wiki] Error: Expecting value: line 1 column 1 (char 0)
15:41:55 | DEBUG   |       L1 Gagal, mencoba L2 DDGS...
15:42:00 | INFO    |       => Sukses dari: https://id.wikipedia.org/wiki/Pulau_Samalona
15:42:01 | INFO    | [82/2708] Mencari: Kebun Raya Kendari
15:42:01 | DEBUG   | [L1 Wiki] Error: Expecting value: line 1 column 1 (char 0)
15:42:01 | DEBUG   |       L1 Gagal, mencoba L2 DDGS...
15:42:09 | INFO    |       => Sukses dari: https://www.detik.com/sulsel/berita/d-8086956/kebun-raya-kendari-kawasan-konservasi-edukasi-dan-wisata-hijau-di-sultra
15:42:11 | INFO    | [83/2708] Mencari: Kebun Denassa (Denassa Botanical Garden)
15:42:11 | DEBUG   | [L1 Wiki] Error: Expecting value: line 1 column 1 (char 0)
15:42:11 | DEBUG   |       L1 Gagal, mencoba L2 DDGS...
15:42:15 | INFO    |       => Sukses dari: https://id.wikipedia.org/wiki/Bontonompo,_Bontonompo,_Gowa
15:42:16 | INFO    | [84/2708] Mencari: Pantai Nirwana
15:42:16 | DEBUG   | [L1 Wiki] Error: Expecting value: line 1 column 1 (char 0)
15:42:16 | DEBUG   |       L1 Gagal, mencoba L2 DDGS...
15:42:30 | DEBUG   | [L2 BS4] Gagal ekstraksi url https://tempatwisataseru.com/wisata-pantai-di-bulukumba/ -> HTTPSConnectionPool(host='tempatwisataseru.com', port=443): Read timed out.
15:42:31 | INFO    |       => Sukses dari: https://wisatago.com/pantai-nirwana/
15:42:32 | INFO    | [85/2708] Mencari: Danau Biru Kolaka Utara
15:42:32 | DEBUG   | [L1 Wiki] Error: Expecting value: line 1 column 1 (char 0)
15:42:32 | DEBUG   |       L1 Gagal, mencoba L2 DDGS...
15:42:38 | INFO    |       => Sukses dari: https://www.vidio.com/watch/8029554-intip-indahnya-pesona-destinasi-wisata-danau-biru-di-kolaka-utara
15:42:39 | INFO    | [86/2708] Mencari: Objek Wisata Rante Kalimbuang Bori'
15:42:39 | DEBUG   | [L1 Wiki] Error: Expecting value: line 1 column 1 (char 0)
15:42:39 | DEBUG   |       L1 Gagal, mencoba L2 DDGS...
15:42:43 | INFO    |       => Sukses dari: https://www.msn.com/id-id/berita/other/kalimbuang-bori-dan-jejak-aluk-todolo-toraja/ar-AA1JvJrC
15:42:45 | INFO    | [87/2708] Mencari: Pantai Tanjung Bira
15:42:45 | DEBUG   | [L1 Wiki] Error: Expecting value: line 1 column 1 (char 0)
15:42:45 | DEBUG   |       L1 Gagal, mencoba L2 DDGS...
15:42:50 | INFO    |       => Sukses dari: https://travelspromo.com/htm-wisata/pantai-tanjung-bira-bulukumba/
15:42:51 | INFO    | [88/2708] Mencari: Masjid Jami Tua Palopo
15:42:51 | DEBUG   | [L1 Wiki] Error: Expecting value: line 1 column 1 (char 0)
15:42:51 | DEBUG   |       L1 Gagal, mencoba L2 DDGS...
15:43:01 | DEBUG   | [L2 DDGS] Error: ConnectError: ConnectError('error sending request for url (https://html.duckduckgo.com/html/)', 'https://html.duckduckgo.com/html/')
15:43:01 | INFO    |       => Gagal mencari deskripsi.
15:43:03 | INFO    | [89/2708] Mencari: Tuur Ma'asering Kumelembuai Tomohon
15:43:03 | DEBUG   | [L1 Wiki] Error: Expecting value: line 1 column 1 (char 0)
15:43:03 | DEBUG   |       L1 Gagal, mencoba L2 DDGS...
15:43:16 | INFO    |       => Sukses dari: https://malesung.com/tuur-maasering-tomohon/
15:43:17 | INFO    | [90/2708] Mencari: Benteng Ulanta
15:43:17 | DEBUG   | [L1 Wiki] Error: Expecting value: line 1 column 1 (char 0)
15:43:17 | DEBUG   |       L1 Gagal, mencoba L2 DDGS...
15:43:24 | INFO    |       => Sukses dari: https://id.wikipedia.org/wiki/Benteng_Ulanta
15:43:25 | INFO    | [91/2708] Mencari: Gong Perdamaian
15:43:25 | DEBUG   | [L1 Wiki] Error: Expecting value: line 1 column 1 (char 0)
15:43:25 | DEBUG   |       L1 Gagal, mencoba L2 DDGS...
15:43:29 | INFO    |       => Sukses dari: https://id.wikipedia.org/wiki/Kota_Palu
15:43:31 | INFO    | [92/2708] Mencari: Taman Bambu Runcing
15:43:31 | DEBUG   | [L1 Wiki] Error: Expecting value: line 1 column 1 (char 0)
15:43:31 | DEBUG   |       L1 Gagal, mencoba L2 DDGS...
15:43:39 | INFO    |       => Sukses dari: https://sulsel.bpk.go.id/polisi-usut-proyek-taman-bambu-runcing/
15:43:40 | INFO    | [93/2708] Mencari: Pantai Tamborasi
15:43:40 | DEBUG   | [L1 Wiki] Error: Expecting value: line 1 column 1 (char 0)
15:43:40 | DEBUG   |       L1 Gagal, mencoba L2 DDGS...
15:43:47 | INFO    |       => Sukses dari: https://www.geokepo.id/id/lokasi/kolaka-utara/pantai-tamborasi
15:43:48 | INFO    | [94/2708] Mencari: Pantai Dato Majene
15:43:48 | DEBUG   | [L1 Wiki] Error: Expecting value: line 1 column 1 (char 0)
15:43:48 | DEBUG   |       L1 Gagal, mencoba L2 DDGS...
15:43:53 | INFO    |       => Sukses dari: https://id.wikipedia.org/wiki/Pantai_Dato_Majene
15:43:54 | INFO    | [95/2708] Mencari: Hutan Mangrove Tongke-tongke
15:43:54 | DEBUG   | [L1 Wiki] Error: Expecting value: line 1 column 1 (char 0)
15:43:54 | DEBUG   |       L1 Gagal, mencoba L2 DDGS...
15:44:01 | INFO    |       => Sukses dari: https://www.idntimes.com/travel/destination/pesona-hutan-mangrove-tongke-tongke-c1c2-01-nzpf3-rm5xs2
15:44:02 | INFO    | [96/2708] Mencari: GPI Waterpark
15:44:02 | DEBUG   | [L1 Wiki] Error: Expecting value: line 1 column 1 (char 0)
15:44:02 | DEBUG   |       L1 Gagal, mencoba L2 DDGS...
15:44:08 | INFO    |       => Sukses dari: https://travelspromo.com/htm-wisata/gpi-waterpark-manado/
15:44:09 | INFO    | [97/2708] Mencari: Kebun Raya Jompie Kota Parepare
15:44:09 | DEBUG   | [L1 Wiki] Error: Expecting value: line 1 column 1 (char 0)
15:44:09 | DEBUG   |       L1 Gagal, mencoba L2 DDGS...
15:44:15 | INFO    |       => Sukses dari: https://portalinsiden.com/2024/10/03/kebun-raya-jompie-oasis-edukasi-di-jantung-kota-parepare/
15:44:17 | INFO    | [98/2708] Mencari: Taman Wisata Tangga 2000
15:44:17 | DEBUG   | [L1 Wiki] Error: Expecting value: line 1 column 1 (char 0)
15:44:17 | DEBUG   |       L1 Gagal, mencoba L2 DDGS...
15:44:25 | INFO    |       => Sukses dari: https://www.doktertraveler.com/2025/10/07/taman-wisata-tangga-2000-pesona-alam-dan-rekreasi-keluarga-di-tepi-laut-gorontalo/
15:44:26 | INFO    | [99/2708] Mencari: Wisata Kuliner Kab.Kolaka
15:44:26 | DEBUG   | [L1 Wiki] Error: Expecting value: line 1 column 1 (char 0)
15:44:26 | DEBUG   |       L1 Gagal, mencoba L2 DDGS...
15:44:35 | INFO    |       => Sukses dari: https://www.tokopedia.com/blog/travel-tempat-wisata-kolaka-terbaik/
15:44:36 | INFO    | [100/2708] Mencari: Menara Alfa Omega
15:44:36 | DEBUG   | [L1 Wiki] Error: Expecting value: line 1 column 1 (char 0)
15:44:36 | DEBUG   |       L1 Gagal, mencoba L2 DDGS...
15:44:40 | INFO    |       => Sukses dari: https://tomohon.go.id/objek-wisata/
15:44:42 | INFO    | *** Auto-saving 100 baris diproses...
15:44:42 | INFO    | [101/2708] Mencari: Pantai Harapan Ammani
15:44:42 | DEBUG   | [L1 Wiki] Error: Expecting value: line 1 column 1 (char 0)
15:44:42 | DEBUG   |       L1 Gagal, mencoba L2 DDGS...
15:44:53 | DEBUG   | [L2 BS4] Gagal ekstraksi url https://sisparnas.kemenparekraf.go.id/p/7947 -> HTTPSConnectionPool(host='sisparnas.kemenparekraf.go.id', port=443): Max retries exceeded with url: /p/7947 (Caused by NameResolutionError("HTTPSConnection(host='sisparnas.kemenparekraf.go.id', port=443): Failed to resolve 'sisparnas.kemenparekraf.go.id' ([Errno 11002] getaddrinfo failed)"))
15:44:54 | INFO    |       => Sukses dari: https://sulsel.idntimes.com/travel/destination/5-pantai-dengan-pemandangan-laut-dan-pasir-indah-di-pinrang-00-g3swn-mwv71m
15:44:56 | INFO    | [102/2708] Mencari: CitraLand WaterPark Manado
15:44:56 | DEBUG   | [L1 Wiki] Error: Expecting value: line 1 column 1 (char 0)
15:44:56 | DEBUG   |       L1 Gagal, mencoba L2 DDGS...
15:45:01 | INFO    |       => Sukses dari: https://id.wikipedia.org/wiki/CitraLand_Winangun_Manado
15:45:02 | INFO    | [103/2708] Mencari: Pango-Pango Makale
15:45:02 | DEBUG   | [L1 Wiki] Error: Expecting value: line 1 column 1 (char 0)
15:45:02 | DEBUG   |       L1 Gagal, mencoba L2 DDGS...
15:45:08 | INFO    |       => Sukses dari: https://nativeindonesia.com/pango-pango/
15:45:09 | INFO    | [104/2708] Mencari: Dante Pine
15:45:09 | DEBUG   | [L1 Wiki] Error: Expecting value: line 1 column 1 (char 0)
15:45:09 | DEBUG   |       L1 Gagal, mencoba L2 DDGS...
15:45:14 | INFO    |       => Sukses dari: https://travel.tribunnews.com/2025/02/03/dante-pine-tempat-wisata-murah-meriah-di-kabupaten-enrekang-sulawesi-selatan
15:45:16 | INFO    | [105/2708] Mencari: Bukit Keles
15:45:16 | DEBUG   | [L1 Wiki] Error: Expecting value: line 1 column 1 (char 0)
15:45:16 | DEBUG   |       L1 Gagal, mencoba L2 DDGS...
15:45:23 | INFO    |       => Sukses dari: https://www.idntimes.com/travel/destination/5-spot-wisata-teranyar-di-luwuk-banggai-traveler-wajib-ke-sini-01-3w2gg-qy6gh9
15:45:25 | INFO    | [106/2708] Mencari: CitraLand Waterpark
15:45:25 | DEBUG   | [L1 Wiki] Error: Expecting value: line 1 column 1 (char 0)
15:45:25 | DEBUG   |       L1 Gagal, mencoba L2 DDGS...
15:45:29 | INFO    |       => Sukses dari: https://travel.kompas.com/read/2023/08/22/233257727/25-tempat-wisata-kendari-lengkap-ada-pantai-dan-bukit?page=all
15:45:31 | INFO    | [107/2708] Mencari: Bukit Doa Mahawu
15:45:31 | DEBUG   | [L1 Wiki] Error: Expecting value: line 1 column 1 (char 0)
15:45:31 | DEBUG   |       L1 Gagal, mencoba L2 DDGS...
15:45:38 | INFO    |       => Sukses dari: https://www.msn.com/id-id/travel/perjalanan-asia/bukit-doa-mahawu-destinasi-wisata-religi-dengan-panorama-alam-andalan-tomohon/ar-AA1WMs9u
15:45:40 | INFO    | [108/2708] Mencari: Tugu Adipura
15:45:40 | DEBUG   | [L1 Wiki] Error: Expecting value: line 1 column 1 (char 0)
15:45:40 | DEBUG   |       L1 Gagal, mencoba L2 DDGS...
15:45:45 | INFO    |       => Sukses dari: https://www.tribunnews.com/travel/2015/08/14/tugu-adipura-bandar-lampung-mulai-dari-sekuteng-hangat-hingga-lokasi-favorit-selfie
15:45:47 | INFO    | [109/2708] Mencari: Tanjung Pallette
15:45:47 | DEBUG   | [L1 Wiki] Error: Expecting value: line 1 column 1 (char 0)
15:45:47 | DEBUG   |       L1 Gagal, mencoba L2 DDGS...
15:45:52 | INFO    |       => Sukses dari: https://www.orami.co.id/magazine/tempat-wisata-di-bone
15:45:53 | INFO    | [110/2708] Mencari: Benteng Somba Opu
15:45:53 | DEBUG   | [L1 Wiki] Error: Expecting value: line 1 column 1 (char 0)
15:45:53 | DEBUG   |       L1 Gagal, mencoba L2 DDGS...
15:45:59 | INFO    |       => Sukses dari: https://id.wikipedia.org/wiki/Benteng_Somba_Opu
15:46:00 | INFO    | [111/2708] Mencari: Monumen Patung Lakipadada
15:46:00 | DEBUG   | [L1 Wiki] Error: Expecting value: line 1 column 1 (char 0)
15:46:00 | DEBUG   |       L1 Gagal, mencoba L2 DDGS...
15:46:06 | INFO    |       => Sukses dari: https://www.idntimes.com/travel/journal/inilah-5-ikon-toraja-paling-kece-dan-banyak-diminati-wisatawan-01-3w2gg-j5n74f
15:46:07 | INFO    | [112/2708] Mencari: Pantai Kampung Nelayan
15:46:07 | DEBUG   | [L1 Wiki] Error: Expecting value: line 1 column 1 (char 0)
15:46:07 | DEBUG   |       L1 Gagal, mencoba L2 DDGS...
15:46:13 | INFO    |       => Sukses dari: https://blog.pigijo.com/rayakan-hari-nelayan-di-3-wisata-kampung-nelayan-ini/
15:46:14 | INFO    | [113/2708] Mencari: Monumen B.J. Habibie
15:46:14 | DEBUG   | [L1 Wiki] Error: Expecting value: line 1 column 1 (char 0)
15:46:14 | DEBUG   |       L1 Gagal, mencoba L2 DDGS...
15:46:19 | INFO    |       => Sukses dari: https://id.wikipedia.org/wiki/Monumen_B.J._Habibie
15:46:21 | INFO    | [114/2708] Mencari: Monumen Mandala Pembebasan Irian Barat
15:46:21 | DEBUG   | [L1 Wiki] Error: Expecting value: line 1 column 1 (char 0)
15:46:21 | DEBUG   |       L1 Gagal, mencoba L2 DDGS...
15:46:28 | INFO    |       => Sukses dari: https://id.wikipedia.org/wiki/Monumen_Mandala
15:46:30 | INFO    | [115/2708] Mencari: Lappa Laona
15:46:30 | DEBUG   | [L1 Wiki] Error: Expecting value: line 1 column 1 (char 0)
15:46:30 | DEBUG   |       L1 Gagal, mencoba L2 DDGS...
15:46:37 | INFO    |       => Sukses dari: https://id.wikipedia.org/wiki/Lappa_Laona
15:46:39 | INFO    | [116/2708] Mencari: Danau Linow
15:46:39 | DEBUG   | [L1 Wiki] Error: Expecting value: line 1 column 1 (char 0)
15:46:39 | DEBUG   |       L1 Gagal, mencoba L2 DDGS...
15:46:46 | INFO    |       => Sukses dari: https://id.wikipedia.org/wiki/Danau_Linouw
15:46:47 | INFO    | [117/2708] Mencari: Pantai Topejawa Takalar
15:46:47 | DEBUG   | [L1 Wiki] Error: Expecting value: line 1 column 1 (char 0)
15:46:47 | DEBUG   |       L1 Gagal, mencoba L2 DDGS...
15:46:55 | INFO    |       => Sukses dari: https://id.wikipedia.org/wiki/Kabupaten_Takalar
15:46:56 | INFO    | [118/2708] Mencari: Wisata Bahari Kawasan Megamas
15:46:56 | DEBUG   | [L1 Wiki] Error: Expecting value: line 1 column 1 (char 0)
15:46:56 | DEBUG   |       L1 Gagal, mencoba L2 DDGS...
15:47:02 | INFO    |       => Sukses dari: https://evendo.com/locations/indonesia/manado/restaurant/wisata-bahari-kawasan-megamas
15:47:03 | INFO    | [119/2708] Mencari: Pantai Lumpue
15:47:03 | DEBUG   | [L1 Wiki] Error: Expecting value: line 1 column 1 (char 0)
15:47:03 | DEBUG   |       L1 Gagal, mencoba L2 DDGS...
15:47:09 | INFO    |       => Sukses dari: https://id.wikipedia.org/wiki/Kota_Parepare
15:47:10 | INFO    | [120/2708] Mencari: Taman Laut Olele
15:47:10 | DEBUG   | [L1 Wiki] Error: Expecting value: line 1 column 1 (char 0)
15:47:10 | DEBUG   |       L1 Gagal, mencoba L2 DDGS...
15:47:17 | INFO    |       => Sukses dari: https://id.wikipedia.org/wiki/Semenanjung_Utara,_Sulawesi
15:47:19 | INFO    | *** Auto-saving 120 baris diproses...
15:47:19 | INFO    | [121/2708] Mencari: WISATA TAMENDAO BEACH
15:47:19 | DEBUG   | [L1 Wiki] Error: Expecting value: line 1 column 1 (char 0)
15:47:19 | DEBUG   |       L1 Gagal, mencoba L2 DDGS...
15:47:25 | DEBUG   | [L2 DDGS] Error: ConnectError: ConnectError('error sending request for url (https://html.duckduckgo.com/html/)', 'https://html.duckduckgo.com/html/')
15:47:25 | INFO    |       => Gagal mencari deskripsi.
15:47:26 | INFO    | [122/2708] Mencari: Permandian Lereng Hijau Bulu Dua
15:47:26 | DEBUG   | [L1 Wiki] Error: Expecting value: line 1 column 1 (char 0)
15:47:26 | DEBUG   |       L1 Gagal, mencoba L2 DDGS...
15:47:34 | INFO    |       => Sukses dari: https://visit.soppeng.go.id/destinasi/detail/3
15:47:36 | INFO    | [123/2708] Mencari: Danau Paisu Pok Luk Panenteng
15:47:36 | DEBUG   | [L1 Wiki] Error: Expecting value: line 1 column 1 (char 0)
15:47:36 | DEBUG   |       L1 Gagal, mencoba L2 DDGS...
15:47:40 | INFO    |       => Sukses dari: https://id.wikipedia.org/wiki/Paisu_Pok
15:47:41 | INFO    | [124/2708] Mencari: Puncak Tetetana Suluan
15:47:41 | DEBUG   | [L1 Wiki] Error: Expecting value: line 1 column 1 (char 0)
15:47:41 | DEBUG   |       L1 Gagal, mencoba L2 DDGS...
15:47:47 | INFO    |       => Sukses dari: https://travel.kompas.com/read/2024/11/26/090500327/bukit-tetetana-suluan-minahasa--daya-tarik-jam-buka-dan-lokasi
15:47:48 | INFO    | [125/2708] Mencari: Pantai Toronipa
15:47:48 | DEBUG   | [L1 Wiki] Error: Expecting value: line 1 column 1 (char 0)
15:47:48 | DEBUG   |       L1 Gagal, mencoba L2 DDGS...
15:47:56 | INFO    |       => Sukses dari: https://www.idntimes.com/travel/destination/pesona-pantai-toronipa-di-konawe-c1c2-01-5ltmv-tj79p7
15:47:57 | INFO    | [126/2708] Mencari: Taman Purbakala Sumpang Bita
15:47:57 | DEBUG   | [L1 Wiki] Error: Expecting value: line 1 column 1 (char 0)
15:47:57 | DEBUG   |       L1 Gagal, mencoba L2 DDGS...
15:48:03 | INFO    |       => Sukses dari: https://id.wikipedia.org/wiki/Taman_Prasejarah_Sumpang_Bita
15:48:05 | INFO    | [127/2708] Mencari: Air Terjun Saluopa
15:48:05 | DEBUG   | [L1 Wiki] Error: Expecting value: line 1 column 1 (char 0)
15:48:05 | DEBUG   |       L1 Gagal, mencoba L2 DDGS...
15:48:09 | INFO    |       => Sukses dari: https://id.wikipedia.org/wiki/Air_Terjun_Saluopa
15:48:10 | INFO    | [128/2708] Mencari: Taman Teratai
15:48:10 | DEBUG   | [L1 Wiki] Error: Expecting value: line 1 column 1 (char 0)
15:48:10 | DEBUG   |       L1 Gagal, mencoba L2 DDGS...
15:48:17 | INFO    |       => Sukses dari: https://idrtimes.com/menyelami-keindahan-alam-kendari-5-destinasi-wisata-alam-terbaik/
15:48:18 | INFO    | [129/2708] Mencari: RM Bahari
15:48:18 | DEBUG   | [L1 Wiki] Error: Expecting value: line 1 column 1 (char 0)
15:48:18 | DEBUG   |       L1 Gagal, mencoba L2 DDGS...
15:48:22 | INFO    |       => Sukses dari: https://www.dbs.id/digibank/id/id/articles/restoran-seafood-di-makassar-yang-fresh-dan-enak
15:48:24 | INFO    | [130/2708] Mencari: Pantai Indah Bosowa
15:48:24 | DEBUG   | [L1 Wiki] Error: Expecting value: line 1 column 1 (char 0)
15:48:24 | DEBUG   |       L1 Gagal, mencoba L2 DDGS...
15:48:29 | INFO    |       => Sukses dari: https://www.detik.com/sulsel/wisata/d-7973328/menikmati-anggunnya-langit-senja-makassar-di-pantai-indah-bosowa
15:48:31 | INFO    | [131/2708] Mencari: Pantai Botutonuo
15:48:31 | DEBUG   | [L1 Wiki] Error: Expecting value: line 1 column 1 (char 0)
15:48:31 | DEBUG   |       L1 Gagal, mencoba L2 DDGS...
15:48:35 | INFO    |       => Sukses dari: https://id.wikipedia.org/wiki/Pantai_Botutonuo
15:48:37 | INFO    | [132/2708] Mencari: Wisata Malino
15:48:37 | DEBUG   | [L1 Wiki] Error: Expecting value: line 1 column 1 (char 0)
15:48:37 | DEBUG   |       L1 Gagal, mencoba L2 DDGS...
15:48:43 | INFO    |       => Sukses dari: https://travelspromo.com/htm-wisata/malino-highlands-gowa/
15:48:44 | INFO    | [133/2708] Mencari: Permandian Alam Ompo
15:48:44 | DEBUG   | [L1 Wiki] Error: Expecting value: line 1 column 1 (char 0)
15:48:44 | DEBUG   |       L1 Gagal, mencoba L2 DDGS...
15:48:50 | INFO    |       => Sukses dari: https://id.wikipedia.org/wiki/Kabupaten_Soppeng
15:48:51 | INFO    | [134/2708] Mencari: Tokong Ban Hin Kiong
15:48:51 | DEBUG   | [L1 Wiki] Error: Expecting value: line 1 column 1 (char 0)
15:48:51 | DEBUG   |       L1 Gagal, mencoba L2 DDGS...
15:49:00 | DEBUG   | [L2 BS4] Gagal ekstraksi url https://jadesta.kemenparekraf.go.id/atraksi/klenteng_ban_hin_kiong -> HTTPSConnectionPool(host='jadesta.kemenparekraf.go.id', port=443): Max retries exceeded with url: /atraksi/klenteng_ban_hin_kiong (Caused by NameResolutionError("HTTPSConnection(host='jadesta.kemenparekraf.go.id', port=443): Failed to resolve 'jadesta.kemenparekraf.go.id' ([Errno 11002] getaddrinfo failed)"))
15:49:00 | INFO    |       => Sukses dari: https://www.idntimes.com/travel/destination/wisata-sejarah-di-manado-00-r95nh-vcg2k9
15:49:02 | INFO    | [135/2708] Mencari: Danau Tambing
15:49:02 | DEBUG   | [L1 Wiki] Error: Expecting value: line 1 column 1 (char 0)
15:49:02 | DEBUG   |       L1 Gagal, mencoba L2 DDGS...
15:49:09 | INFO    |       => Sukses dari: https://www.msn.com/id-id/berita/other/wisata-alam-danau-tambing-sigi-surga-tersembunyi-untuk-pecinta-alam/ar-AA1QZbKq
15:49:10 | INFO    | [136/2708] Mencari: Taman Wisata Puncak Rurukan Tomohon
15:49:10 | DEBUG   | [L1 Wiki] Error: Expecting value: line 1 column 1 (char 0)
15:49:10 | DEBUG   |       L1 Gagal, mencoba L2 DDGS...
15:49:16 | INFO    |       => Sukses dari: https://tomohon.go.id/objek-wisata/
15:49:17 | INFO    | [137/2708] Mencari: Apparallang
15:49:17 | DEBUG   | [L1 Wiki] Error: Expecting value: line 1 column 1 (char 0)
15:49:17 | DEBUG   |       L1 Gagal, mencoba L2 DDGS...
15:49:26 | INFO    |       => Sukses dari: https://www.detik.com/sulsel/wisata/d-6312883/11-tempat-wisata-di-bulukumba-suguhan-alam-eksotis-hingga-kawasan-adat
15:49:27 | INFO    | [138/2708] Mencari: Pantai Mandra Kolaka
15:49:28 | DEBUG   | [L1 Wiki] Error: Expecting value: line 1 column 1 (char 0)
15:49:28 | DEBUG   |       L1 Gagal, mencoba L2 DDGS...
15:49:32 | INFO    |       => Sukses dari: https://www.geokepo.id/id/lokasi/kolaka/pantai-mandra
15:49:34 | INFO    | [139/2708] Mencari: Permandian Eremerasa Ermes bantaeng
15:49:34 | DEBUG   | [L1 Wiki] Error: Expecting value: line 1 column 1 (char 0)
15:49:34 | DEBUG   |       L1 Gagal, mencoba L2 DDGS...
15:49:37 | INFO    |       => Sukses dari: https://id.wikipedia.org/wiki/Kabupaten_Bantaeng
15:49:39 | INFO    | [140/2708] Mencari: Air Terjun Moramo
15:49:39 | DEBUG   | [L1 Wiki] Error: Expecting value: line 1 column 1 (char 0)
15:49:39 | DEBUG   |       L1 Gagal, mencoba L2 DDGS...
15:49:45 | INFO    |       => Sukses dari: https://id.wikipedia.org/wiki/Air_Terjun_Moramo
15:49:47 | INFO    | *** Auto-saving 140 baris diproses...
15:49:47 | INFO    | [141/2708] Mencari: Pantai Marina Bantaeng
15:49:47 | DEBUG   | [L1 Wiki] Error: Expecting value: line 1 column 1 (char 0)
15:49:47 | DEBUG   |       L1 Gagal, mencoba L2 DDGS...
15:49:51 | INFO    |       => Sukses dari: https://www.detik.com/sulsel/wisata/d-6752789/pesona-pantai-marina-bantaeng-dengan-panorama-sunset-yang-memanjakan-mata
15:49:52 | INFO    | [142/2708] Mencari: Taman Kota Tomohon
15:49:52 | DEBUG   | [L1 Wiki] Error: Expecting value: line 1 column 1 (char 0)
15:49:52 | DEBUG   |       L1 Gagal, mencoba L2 DDGS...
15:50:01 | INFO    |       => Sukses dari: https://tomohon.go.id/objek-wisata/
15:50:02 | INFO    | [143/2708] Mencari: Masjid Tua Al-Hilal Katangka
15:50:02 | DEBUG   | [L1 Wiki] Error: Expecting value: line 1 column 1 (char 0)
15:50:02 | DEBUG   |       L1 Gagal, mencoba L2 DDGS...
15:50:12 | INFO    |       => Sukses dari: https://en.wikipedia.org/wiki/Katangka_Mosque
15:50:14 | INFO    | [144/2708] Mencari: Benteng Balangnipa
15:50:14 | DEBUG   | [L1 Wiki] Error: Expecting value: line 1 column 1 (char 0)
15:50:14 | DEBUG   |       L1 Gagal, mencoba L2 DDGS...
15:50:23 | INFO    |       => Sukses dari: https://id.wikipedia.org/wiki/Balangnipa,_Sinjai_Utara,_Sinjai
15:50:24 | INFO    | [145/2708] Mencari: Bukit Samata
15:50:24 | DEBUG   | [L1 Wiki] Error: Expecting value: line 1 column 1 (char 0)
15:50:24 | DEBUG   |       L1 Gagal, mencoba L2 DDGS...
15:50:31 | INFO    |       => Sukses dari: https://smartcity.gowakab.go.id/wisata_buatan
15:50:32 | INFO    | [146/2708] Mencari: Rumah Hijau Denassa
15:50:32 | DEBUG   | [L1 Wiki] Error: Expecting value: line 1 column 1 (char 0)
15:50:32 | DEBUG   |       L1 Gagal, mencoba L2 DDGS...
15:50:37 | INFO    |       => Sukses dari: https://id.wikipedia.org/wiki/Rumah_Hijau_Denassa
15:50:38 | INFO    | [147/2708] Mencari: Pantai Pulisan Sulawesi Utara
15:50:38 | DEBUG   | [L1 Wiki] Error: Expecting value: line 1 column 1 (char 0)
15:50:38 | DEBUG   |       L1 Gagal, mencoba L2 DDGS...
15:50:44 | INFO    |       => Sukses dari: https://www.kompasiana.com/vanomengko/59245605f59273f97d794b8f/menjelajahi-bukit-pulisan-wisata-bukit-pantai-di-sulawesi-utara
15:50:45 | INFO    | [148/2708] Mencari: Planet Waterboom
15:50:45 | DEBUG   | [L1 Wiki] Error: Expecting value: line 1 column 1 (char 0)
15:50:45 | DEBUG   |       L1 Gagal, mencoba L2 DDGS...
15:50:53 | INFO    |       => Sukses dari: https://dpmptsp.gorontalokota.go.id/page/objek-wisata-kota-gorontalo
15:50:55 | INFO    | [149/2708] Mencari: Pantai Labombo
15:50:55 | DEBUG   | [L1 Wiki] Error: Expecting value: line 1 column 1 (char 0)
15:50:55 | DEBUG   |       L1 Gagal, mencoba L2 DDGS...
15:50:59 | INFO    |       => Sukses dari: https://www.geokepo.id/id/lokasi/palopo/pantai-labombo
15:51:00 | INFO    | [150/2708] Mencari: Anjungan Cempae
15:51:00 | DEBUG   | [L1 Wiki] Error: Expecting value: line 1 column 1 (char 0)
15:51:00 | DEBUG   |       L1 Gagal, mencoba L2 DDGS...
15:51:09 | INFO    |       => Sukses dari: https://id.wikipedia.org/wiki/Kota_Parepare
15:51:10 | INFO    | [151/2708] Mencari: Air Terjun Salodik
15:51:10 | DEBUG   | [L1 Wiki] Error: Expecting value: line 1 column 1 (char 0)
15:51:10 | DEBUG   |       L1 Gagal, mencoba L2 DDGS...
15:51:19 | INFO    |       => Sukses dari: https://pariwisata.sultengprov.go.id/data-pariwisata/daya-tarik-wisata/dtw-kabupaten-banggai/101-ow-alam-salodik.html
15:51:20 | INFO    | [152/2708] Mencari: Pantai Jiko / Patokan
15:51:20 | DEBUG   | [L1 Wiki] Error: Expecting value: line 1 column 1 (char 0)
15:51:20 | DEBUG   |       L1 Gagal, mencoba L2 DDGS...
15:51:26 | INFO    |       => Sukses dari: https://intananews.com/berita/pantai-patokan-harta-karun-sulawesi-utara-yang-berkilau/index.html
15:51:27 | INFO    | [153/2708] Mencari: Permandian Malotong
15:51:27 | DEBUG   | [L1 Wiki] Error: Expecting value: line 1 column 1 (char 0)
15:51:27 | DEBUG   |       L1 Gagal, mencoba L2 DDGS...
15:51:35 | DEBUG   | [L2 BS4] Gagal ekstraksi url https://jadesta.kemenparekraf.go.id/desa/permandian_alami_malotong -> HTTPSConnectionPool(host='jadesta.kemenparekraf.go.id', port=443): Max retries exceeded with url: /desa/permandian_alami_malotong (Caused by NameResolutionError("HTTPSConnection(host='jadesta.kemenparekraf.go.id', port=443): Failed to resolve 'jadesta.kemenparekraf.go.id' ([Errno 11002] getaddrinfo failed)"))
15:51:35 | DEBUG   | [L2 BS4] Gagal ekstraksi url https://tourismtouna.net/destinasi/detail/1 -> HTTPSConnectionPool(host='tourismtouna.net', port=443): Max retries exceeded with url: /destinasi/detail/1 (Caused by NameResolutionError("HTTPSConnection(host='tourismtouna.net', port=443): Failed to resolve 'tourismtouna.net' ([Errno 11001] getaddrinfo failed)"))
15:51:36 | INFO    |       => Sukses dari: https://sulsel.idntimes.com/travel/destination/5-fakta-permandian-malotong-di-ampana-sulawesi-tengah-01-n53qs-hx948x
15:51:38 | INFO    | [154/2708] Mencari: Pinrang Waterboom
15:51:38 | DEBUG   | [L1 Wiki] Error: Expecting value: line 1 column 1 (char 0)
15:51:38 | DEBUG   |       L1 Gagal, mencoba L2 DDGS...
15:51:42 | INFO    |       => Sukses dari: https://id.wikipedia.org/wiki/Kabupaten_Pinrang
15:51:43 | INFO    | [155/2708] Mencari: Pantai Laguna
15:51:43 | DEBUG   | [L1 Wiki] Error: Expecting value: line 1 column 1 (char 0)
15:51:43 | DEBUG   |       L1 Gagal, mencoba L2 DDGS...
15:51:47 | INFO    |       => Sukses dari: https://travelspromo.com/htm-wisata/pantai-laguna-barru/
15:51:48 | INFO    | [156/2708] Mencari: Hutan Kota Bulukumba
15:51:48 | DEBUG   | [L1 Wiki] Error: Expecting value: line 1 column 1 (char 0)
15:51:48 | DEBUG   |       L1 Gagal, mencoba L2 DDGS...
15:51:55 | INFO    |       => Sukses dari: https://www.bulukumbakab.go.id/
15:51:56 | INFO    | [157/2708] Mencari: Goa Air Kontamale
15:51:56 | DEBUG   | [L1 Wiki] Error: Expecting value: line 1 column 1 (char 0)
15:51:56 | DEBUG   |       L1 Gagal, mencoba L2 DDGS...
15:52:01 | INFO    |       => Sukses dari: https://www.jawapos.com/travelling/01431278/5-tempat-wisata-alam-wakatobi-ideal-untuk-kegiatan-diving&quot
15:52:03 | INFO    | [158/2708] Mencari: Pantai Bonebula
15:52:03 | DEBUG   | [L1 Wiki] Error: Expecting value: line 1 column 1 (char 0)
15:52:03 | DEBUG   |       L1 Gagal, mencoba L2 DDGS...
15:52:15 | INFO    |       => Sukses dari: https://www.idntimes.com/travel/destination/sanggar-sukma/pantai-bonebula-donggala-c1c2
15:52:17 | INFO    | [159/2708] Mencari: Pantai Bambahano
15:52:17 | DEBUG   | [L1 Wiki] Error: Expecting value: line 1 column 1 (char 0)
15:52:17 | DEBUG   |       L1 Gagal, mencoba L2 DDGS...
15:52:22 | INFO    |       => Sukses dari: https://sabang.digitaldesa.id/wisata/pantai-bambahano
15:52:23 | INFO    | [160/2708] Mencari: Wisata Kali Biru
15:52:23 | DEBUG   | [L1 Wiki] Error: Expecting value: line 1 column 1 (char 0)
15:52:23 | DEBUG   |       L1 Gagal, mencoba L2 DDGS...
15:52:32 | DEBUG   | [L2 BS4] Gagal ekstraksi url https://jadesta.kemenparekraf.go.id/desa/kali_biru -> HTTPSConnectionPool(host='jadesta.kemenparekraf.go.id', port=443): Max retries exceeded with url: /desa/kali_biru (Caused by NameResolutionError("HTTPSConnection(host='jadesta.kemenparekraf.go.id', port=443): Failed to resolve 'jadesta.kemenparekraf.go.id' ([Errno 11002] getaddrinfo failed)"))
15:52:33 | INFO    |       => Sukses dari: https://limakaki.com/ikon-wisata-buton.html
15:52:34 | INFO    | *** Auto-saving 160 baris diproses...
15:52:34 | INFO    | [161/2708] Mencari: Wisata Mangrove Lantebung
15:52:34 | DEBUG   | [L1 Wiki] Error: Expecting value: line 1 column 1 (char 0)
15:52:34 | DEBUG   |       L1 Gagal, mencoba L2 DDGS...
15:52:42 | INFO    |       => Sukses dari: https://www.kompas.com/microsite/read/2025/09/15/123646072/wisata-mangrove-lantebung-surga-hijau-tepi-laut-di-makassar
15:52:43 | INFO    | [162/2708] Mencari: Anjungan Pantai Losari
15:52:43 | DEBUG   | [L1 Wiki] Error: Expecting value: line 1 column 1 (char 0)
15:52:43 | DEBUG   |       L1 Gagal, mencoba L2 DDGS...
15:52:49 | INFO    |       => Sukses dari: https://id.wikipedia.org/wiki/Pantai_Losari
15:52:51 | INFO    | [163/2708] Mencari: Kai'santi Garden
15:52:51 | DEBUG   | [L1 Wiki] Error: Expecting value: line 1 column 1 (char 0)
15:52:51 | DEBUG   |       L1 Gagal, mencoba L2 DDGS...
15:53:01 | INFO    |       => Sukses dari: https://dispar.tomohon.go.id/kaisanti-garden-tomohon/
15:53:02 | INFO    | [164/2708] Mencari: Benteng Moraya
15:53:02 | DEBUG   | [L1 Wiki] Error: Expecting value: line 1 column 1 (char 0)
15:53:02 | DEBUG   |       L1 Gagal, mencoba L2 DDGS...
15:53:08 | INFO    |       => Sukses dari: https://www.msn.com/id-id/travel/ideperjalanan/benteng-moraya-tempat-wisata-bersejarah-di-tondano-barat-minahasa-sulawesi-utara/ar-AA1w05wR
15:53:09 | INFO    | [165/2708] Mencari: Museum Ne' Gandeng
15:53:09 | DEBUG   | [L1 Wiki] Error: Expecting value: line 1 column 1 (char 0)
15:53:09 | DEBUG   |       L1 Gagal, mencoba L2 DDGS...
15:53:16 | INFO    |       => Sukses dari: https://id.wikipedia.org/wiki/Museum_Ne'_Gandeng
15:53:17 | INFO    | [166/2708] Mencari: Bendung Benteng
15:53:17 | DEBUG   | [L1 Wiki] Error: Expecting value: line 1 column 1 (char 0)
15:53:17 | DEBUG   |       L1 Gagal, mencoba L2 DDGS...
15:53:25 | INFO    |       => Sukses dari: https://arusinfo.id/bupati-pinrang-sambut-pejabat-kementerian-pupr-bahas-perbaikan-bendung-benteng/
15:53:26 | INFO    | [167/2708] Mencari: Monumen Korban 40.000 Jiwa
15:53:26 | DEBUG   | [L1 Wiki] Error: Expecting value: line 1 column 1 (char 0)
15:53:26 | DEBUG   |       L1 Gagal, mencoba L2 DDGS...
15:53:38 | INFO    |       => Sukses dari: https://www.detik.com/sulsel/wisata/d-6183793/4-rekomendasi-wisata-horor-di-makassar-cocok-untuk-uji-nyali
15:53:40 | INFO    | [168/2708] Mencari: Maros Highland
15:53:40 | DEBUG   | [L1 Wiki] Error: Expecting value: line 1 column 1 (char 0)
15:53:40 | DEBUG   |       L1 Gagal, mencoba L2 DDGS...
15:53:48 | INFO    |       => Sukses dari: https://id.wikipedia.org/wiki/Maros_Highland
15:53:50 | INFO    | [169/2708] Mencari: Air Terjun Pialaa
15:53:50 | DEBUG   | [L1 Wiki] Error: Expecting value: line 1 column 1 (char 0)
15:53:50 | DEBUG   |       L1 Gagal, mencoba L2 DDGS...
15:53:58 | INFO    |       => Gagal mencari deskripsi.
15:54:00 | INFO    | [170/2708] Mencari: Narwastu Hills Resort
15:54:00 | DEBUG   | [L1 Wiki] Error: Expecting value: line 1 column 1 (char 0)
15:54:00 | DEBUG   |       L1 Gagal, mencoba L2 DDGS...
15:54:04 | INFO    |       => Sukses dari: https://pesonakota.com/narwastu-hills/
15:54:05 | INFO    | [171/2708] Mencari: Pantai Bara, Bulukumba
15:54:05 | DEBUG   | [L1 Wiki] Error: Expecting value: line 1 column 1 (char 0)
15:54:05 | DEBUG   |       L1 Gagal, mencoba L2 DDGS...
15:54:11 | INFO    |       => Sukses dari: https://disparpora.bulukumbakab.go.id/portofolio/pantai-bara/
15:54:12 | INFO    | [172/2708] Mencari: Pusat Laut Donggala
15:54:12 | DEBUG   | [L1 Wiki] Error: Expecting value: line 1 column 1 (char 0)
15:54:12 | DEBUG   |       L1 Gagal, mencoba L2 DDGS...
15:54:17 | INFO    |       => Sukses dari: https://makassar.kompas.com/read/2023/10/14/161332078/pusat-laut-donggala-daya-tarik-aktivitas-dan-rute
15:54:18 | INFO    | [173/2708] Mencari: Pulau Sangihe
15:54:18 | DEBUG   | [L1 Wiki] Error: Expecting value: line 1 column 1 (char 0)
15:54:18 | DEBUG   |       L1 Gagal, mencoba L2 DDGS...
15:54:33 | INFO    |       => Sukses dari: https://merahmaron.com/wisata/sangihe-surga-tersembunyi-di-sulawesi-utara-wajib-dikunjungi/
15:54:35 | INFO    | [174/2708] Mencari: Wisata Hutan Pinus Dan Pemandian Air Panas
15:54:35 | DEBUG   | [L1 Wiki] Error: Expecting value: line 1 column 1 (char 0)
15:54:35 | DEBUG   |       L1 Gagal, mencoba L2 DDGS...
15:54:40 | INFO    |       => Sukses dari: https://manado.tribunnews.com/2023/11/08/potret-wisata-hutan-pinus-lahendong-dan-pemandian-air-panas-di-tomohon-sulawesi-utara
15:54:41 | INFO    | [175/2708] Mencari: Pongtorra - Puncak Tertinggi Lolai
15:54:41 | DEBUG   | [L1 Wiki] Error: Expecting value: line 1 column 1 (char 0)
15:54:41 | DEBUG   |       L1 Gagal, mencoba L2 DDGS...
15:54:52 | INFO    |       => Sukses dari: https://www.kompasiana.com/eunikepakiding/595af9b2b9aa8b40f232f524/selamat-datang-di-pongtorra-toraja-bersiaplah-jatuh-cinta-di-5000-kaki-di-atas-permukaan-laut
15:54:53 | INFO    | [176/2708] Mencari: Taman JH Ampana
15:54:53 | DEBUG   | [L1 Wiki] Error: Expecting value: line 1 column 1 (char 0)
15:54:53 | DEBUG   |       L1 Gagal, mencoba L2 DDGS...
15:55:01 | INFO    |       => Sukses dari: https://pariwisata.sultengprov.go.id/data-pariwisata/daya-tarik-wisata/dtw-kota-palu/216-wisata-religi-kota-palu-guru-tua-tokoh-pendidikan-agama-islam-yang-bangkitkan-pendidikan-di-indonesia-timur.html
15:55:03 | INFO    | [177/2708] Mencari: Rumah Adat Sao Mario
15:55:03 | DEBUG   | [L1 Wiki] Error: Expecting value: line 1 column 1 (char 0)
15:55:03 | DEBUG   |       L1 Gagal, mencoba L2 DDGS...
15:55:10 | INFO    |       => Sukses dari: https://id.wikipedia.org/wiki/Rumah_adat_Sao_Mario
15:55:12 | INFO    | [178/2708] Mencari: Hutan Taman kota
15:55:12 | DEBUG   | [L1 Wiki] Error: Expecting value: line 1 column 1 (char 0)
15:55:12 | DEBUG   |       L1 Gagal, mencoba L2 DDGS...
15:55:20 | INFO    |       => Sukses dari: https://www.oyorooms.com/travel-guide/id/tempat-wisata-palu/
15:55:22 | INFO    | [179/2708] Mencari: Air Terjun Bantimurung Gallang
15:55:22 | DEBUG   | [L1 Wiki] Error: Expecting value: line 1 column 1 (char 0)
15:55:22 | DEBUG   |       L1 Gagal, mencoba L2 DDGS...
15:55:28 | INFO    |       => Sukses dari: https://smartcity.gowakab.go.id/wisata_alam/air-terjun-bantimurung-gallang/11
15:55:30 | INFO    | [180/2708] Mencari: Lapangan Pancasila palopo
15:55:30 | DEBUG   | [L1 Wiki] Error: Expecting value: line 1 column 1 (char 0)
15:55:30 | DEBUG   |       L1 Gagal, mencoba L2 DDGS...
15:55:39 | INFO    |       => Sukses dari: https://www.detik.com/sulsel/palopo/d-7251162/8-rekomendasi-tempat-ngabuburit-di-palopo-yang-asik-dan-seru
15:55:41 | INFO    | *** Auto-saving 180 baris diproses...
15:55:41 | INFO    | [181/2708] Mencari: Taman Usman Isa
15:55:41 | DEBUG   | [L1 Wiki] Error: Expecting value: line 1 column 1 (char 0)
15:55:41 | DEBUG   |       L1 Gagal, mencoba L2 DDGS...
15:55:48 | INFO    |       => Sukses dari: https://www.celebes.co/taman-usman-isa-sidrap
15:55:49 | INFO    | [182/2708] Mencari: Wisata Alam Salu Pajaan
15:55:49 | DEBUG   | [L1 Wiki] Error: Expecting value: line 1 column 1 (char 0)
15:55:49 | DEBUG   |       L1 Gagal, mencoba L2 DDGS...
15:56:00 | INFO    |       => Sukses dari: https://travel.kompas.com/read/2018/06/21/101000727/libur-lebaran-wisata-salupajaan-jadi-pilihan-wisata-favorit-warga-polman
15:56:02 | INFO    | [183/2708] Mencari: Museum Kota Makassar
15:56:02 | DEBUG   | [L1 Wiki] Error: Expecting value: line 1 column 1 (char 0)
15:56:02 | DEBUG   |       L1 Gagal, mencoba L2 DDGS...
15:56:10 | INFO    |       => Sukses dari: https://sulsel.idntimes.com/travel/destination/wisata-edukasi-di-makassar-4-tempat-rekomendasi-untuk-dikunjungi-00-4fksm-rpsjmb
15:56:11 | INFO    | [184/2708] Mencari: Patung Cakalang Bitung
15:56:11 | DEBUG   | [L1 Wiki] Error: Expecting value: line 1 column 1 (char 0)
15:56:11 | DEBUG   |       L1 Gagal, mencoba L2 DDGS...
15:56:18 | INFO    |       => Sukses dari: https://id.wikipedia.org/wiki/Berkas:Patung_Ikan_Cakalang_Bitung_North_Sulawesi.JPG
15:56:20 | INFO    | [185/2708] Mencari: Wisata Anjungan Teluk Kendari
15:56:20 | DEBUG   | [L1 Wiki] Error: Expecting value: line 1 column 1 (char 0)
15:56:20 | DEBUG   |       L1 Gagal, mencoba L2 DDGS...
15:56:31 | INFO    |       => Sukses dari: https://travel.kompas.com/read/2023/08/22/233257727/25-tempat-wisata-kendari-lengkap-ada-pantai-dan-bukit
15:56:32 | INFO    | [186/2708] Mencari: Kebun Binatang Tandurusa
15:56:32 | DEBUG   | [L1 Wiki] Error: Expecting value: line 1 column 1 (char 0)
15:56:32 | DEBUG   |       L1 Gagal, mencoba L2 DDGS...
15:56:39 | INFO    |       => Sukses dari: https://www.geokepo.id/id/lokasi/bitung/taman-marga-satwa-tandurusa
15:56:40 | INFO    | [187/2708] Mencari: Masjid Arqam Baburahman
15:56:40 | DEBUG   | [L1 Wiki] Error: Expecting value: line 1 column 1 (char 0)
15:56:40 | DEBUG   |       L1 Gagal, mencoba L2 DDGS...
15:56:45 | INFO    |       => Sukses dari: https://id.wikipedia.org/wiki/Masjid_Arqam_Baburahman
15:56:46 | INFO    | [188/2708] Mencari: Menralo Beach & Resort
15:56:46 | DEBUG   | [L1 Wiki] Error: Expecting value: line 1 column 1 (char 0)
15:56:46 | DEBUG   |       L1 Gagal, mencoba L2 DDGS...
15:57:04 | DEBUG   | [L2 BS4] Gagal ekstraksi url https://jadesta.kemenpar.go.id/atraksi/menralo_beach_resort -> HTTPSConnectionPool(host='jadesta.kemenpar.go.id', port=443): Read timed out. (read timeout=8)
15:57:05 | INFO    |       => Sukses dari: https://www.idntimes.com/travel/destination/potret-menralo-beach-resort-di-pinrang-c1c2-01-432rm-2sxlgj
15:57:07 | INFO    | [189/2708] Mencari: Permandian Taman Wisata Rita
15:57:07 | DEBUG   | [L1 Wiki] Error: Expecting value: line 1 column 1 (char 0)
15:57:07 | DEBUG   |       L1 Gagal, mencoba L2 DDGS...
15:57:13 | INFO    |       => Sukses dari: https://www.detik.com/sulsel/wisata/d-6503703/14-tempat-wisata-di-takalar-yang-populer-dan-menarik-dikunjungi
15:57:14 | INFO    | [190/2708] Mencari: Sou Raja Cagar Budaya Banua Oge
15:57:14 | DEBUG   | [L1 Wiki] Error: Expecting value: line 1 column 1 (char 0)
15:57:14 | DEBUG   |       L1 Gagal, mencoba L2 DDGS...
15:57:21 | INFO    |       => Sukses dari: https://palukota.go.id/sou-raja-banua-oge-istana-raja-palu/
15:57:22 | INFO    | [191/2708] Mencari: Taman Nasional Kepulauan Togean
15:57:22 | DEBUG   | [L1 Wiki] Error: Expecting value: line 1 column 1 (char 0)
15:57:22 | DEBUG   |       L1 Gagal, mencoba L2 DDGS...
15:57:29 | INFO    |       => Sukses dari: https://www.antaranews.com/berita/1156388/kepulauan-togean-destinasi-wisata-potensial-yang-kurang-sentuhan
15:57:30 | INFO    | [192/2708] Mencari: Pantai Tanjung Layar Putih
15:57:30 | DEBUG   | [L1 Wiki] Error: Expecting value: line 1 column 1 (char 0)
15:57:30 | DEBUG   |       L1 Gagal, mencoba L2 DDGS...
15:57:42 | INFO    |       => Sukses dari: https://www.bluebirdgroup.com/blog/7-pantai-di-makassar-yang-wajib-masuk-bucket-list-liburan-kamu?lang=en
15:57:43 | INFO    | [193/2708] Mencari: Desa Wisata Budo
15:57:44 | DEBUG   | [L1 Wiki] Error: Expecting value: line 1 column 1 (char 0)
15:57:44 | DEBUG   |       L1 Gagal, mencoba L2 DDGS...
15:57:49 | DEBUG   | [L2 BS4] Gagal ekstraksi url https://jadesta.kemenparekraf.go.id/desa/budo -> HTTPSConnectionPool(host='jadesta.kemenparekraf.go.id', port=443): Max retries exceeded with url: /desa/budo (Caused by NameResolutionError("HTTPSConnection(host='jadesta.kemenparekraf.go.id', port=443): Failed to resolve 'jadesta.kemenparekraf.go.id' ([Errno 11002] getaddrinfo failed)"))
15:57:51 | INFO    |       => Sukses dari: https://desabudo.com/wisata
15:57:52 | INFO    | [194/2708] Mencari: Gunung Latimojong
15:57:52 | DEBUG   | [L1 Wiki] Error: Expecting value: line 1 column 1 (char 0)
15:57:52 | DEBUG   |       L1 Gagal, mencoba L2 DDGS...
15:58:01 | INFO    |       => Sukses dari: https://www.sulawesipos.com/travel/2026/03/26/eksplorasi-air-terjun-sarambu-massiang-di-kaki-gunung-latimojong-luwu/
15:58:02 | INFO    | [195/2708] Mencari: Donggala Tanjung Karang Beach
15:58:02 | DEBUG   | [L1 Wiki] Error: Expecting value: line 1 column 1 (char 0)
15:58:02 | DEBUG   |       L1 Gagal, mencoba L2 DDGS...
15:58:12 | INFO    |       => Sukses dari: https://pariwisata.sultengprov.go.id/data-pariwisata/daya-tarik-wisata/dtw-kabupaten-donggala/73-pantai-tanjung-karang.html
15:58:13 | INFO    | [196/2708] Mencari: Kuburan Batu Lemo
15:58:13 | DEBUG   | [L1 Wiki] Error: Expecting value: line 1 column 1 (char 0)
15:58:13 | DEBUG   |       L1 Gagal, mencoba L2 DDGS...
15:58:22 | INFO    |       => Sukses dari: https://www.torajachannel.com/berita-tana-toraja/kuburan-batu-lemo-jadi-magnet-wisata-ratusan-turis-asing-nikmati-pesona-budaya-toraja/
15:58:24 | INFO    | [197/2708] Mencari: Kebun Raya Massenrempulu
15:58:24 | DEBUG   | [L1 Wiki] Error: Expecting value: line 1 column 1 (char 0)
15:58:24 | DEBUG   |       L1 Gagal, mencoba L2 DDGS...
15:58:32 | INFO    |       => Sukses dari: https://id.wikipedia.org/wiki/Kebun_Raya_Massenrempulu
15:58:33 | INFO    | [198/2708] Mencari: Pantai Marumasa
15:58:33 | DEBUG   | [L1 Wiki] Error: Expecting value: line 1 column 1 (char 0)
15:58:33 | DEBUG   |       L1 Gagal, mencoba L2 DDGS...
15:58:43 | INFO    |       => Sukses dari: https://www.bulukumbakab.go.id/rubrik/pantai-marumasa
15:58:45 | INFO    | [199/2708] Mencari: Patung Bogani
15:58:45 | DEBUG   | [L1 Wiki] Error: Expecting value: line 1 column 1 (char 0)
15:58:45 | DEBUG   |       L1 Gagal, mencoba L2 DDGS...
15:58:49 | INFO    |       => Sukses dari: https://resort.co.id/tempat-wisata-kota-kotamobagu/
15:58:51 | INFO    | [200/2708] Mencari: Pantai Bolihutuo
15:58:51 | DEBUG   | [L1 Wiki] Error: Expecting value: line 1 column 1 (char 0)
15:58:51 | DEBUG   |       L1 Gagal, mencoba L2 DDGS...
15:58:56 | INFO    |       => Sukses dari: https://www.travelio.com/gorontalo/pantai-bolihutuo
15:58:57 | INFO    | *** Auto-saving 200 baris diproses...
15:58:57 | INFO    | [201/2708] Mencari: Taman Cekkeng Bulukumba
15:58:57 | DEBUG   | [L1 Wiki] Error: Expecting value: line 1 column 1 (char 0)
15:58:57 | DEBUG   |       L1 Gagal, mencoba L2 DDGS...
15:59:04 | INFO    |       => Sukses dari: https://disparpora.bulukumbakab.go.id/portofolio/taman-cekkeng/
15:59:06 | INFO    | [202/2708] Mencari: Tanjung Bira
15:59:06 | DEBUG   | [L1 Wiki] Error: Expecting value: line 1 column 1 (char 0)
15:59:06 | DEBUG   |       L1 Gagal, mencoba L2 DDGS...
15:59:10 | INFO    |       => Sukses dari: https://sulsel.idntimes.com/travel/destination/12-destinasi-wisata-di-tanjung-bira-primadona-di-selatan-sulawesi-00-lm183-qtj25r
15:59:12 | INFO    | [203/2708] Mencari: Pantai Ujung Batu
15:59:12 | DEBUG   | [L1 Wiki] Error: Expecting value: line 1 column 1 (char 0)
15:59:12 | DEBUG   |       L1 Gagal, mencoba L2 DDGS...
15:59:18 | INFO    |       => Sukses dari: https://travel.tribunnews.com/2025/08/13/harga-tiket-masuk-pantai-ujung-batu-di-barru-sulawesi-selatan-panduan-rute-dari-makassar
15:59:20 | INFO    | [204/2708] Mencari: Taman Cinta Palleko
15:59:20 | DEBUG   | [L1 Wiki] Error: Expecting value: line 1 column 1 (char 0)
15:59:20 | DEBUG   |       L1 Gagal, mencoba L2 DDGS...
15:59:24 | INFO    |       => Sukses dari: https://id.wikipedia.org/wiki/Kabupaten_Takalar
15:59:25 | INFO    | [205/2708] Mencari: Parangloe Waterfall
15:59:25 | DEBUG   | [L1 Wiki] Error: Expecting value: line 1 column 1 (char 0)
15:59:25 | DEBUG   |       L1 Gagal, mencoba L2 DDGS...
15:59:32 | INFO    |       => Sukses dari: https://smartcity.gowakab.go.id/wisata_alam/air-terjun-parangloe/16
15:59:34 | INFO    | [206/2708] Mencari: Celebes Canyon
15:59:34 | DEBUG   | [L1 Wiki] Error: Expecting value: line 1 column 1 (char 0)
15:59:34 | DEBUG   |       L1 Gagal, mencoba L2 DDGS...
15:59:47 | INFO    |       => Sukses dari: https://www.detik.com/sulsel/berita/d-7937605/celebes-canyon-barru-alternatif-wisata-untuk-libur-lebaran-idul-adha
15:59:48 | INFO    | [207/2708] Mencari: Monumen Bambu Runcing Rappang
15:59:48 | DEBUG   | [L1 Wiki] Error: Expecting value: line 1 column 1 (char 0)
15:59:48 | DEBUG   |       L1 Gagal, mencoba L2 DDGS...
15:59:53 | INFO    |       => Sukses dari: https://sites.google.com/view/kelurahanrappang/sarana-dan-prasarana-lainnya
15:59:55 | INFO    | [208/2708] Mencari: Pantai Nambo
15:59:55 | DEBUG   | [L1 Wiki] Error: Expecting value: line 1 column 1 (char 0)
15:59:55 | DEBUG   |       L1 Gagal, mencoba L2 DDGS...
16:00:01 | INFO    |       => Sukses dari: https://id.wikipedia.org/wiki/Pantai_Nambo
16:00:03 | INFO    | [209/2708] Mencari: Pantai Batuangus
16:00:03 | DEBUG   | [L1 Wiki] Error: Expecting value: line 1 column 1 (char 0)
16:00:03 | DEBUG   |       L1 Gagal, mencoba L2 DDGS...
16:00:08 | INFO    |       => Gagal mencari deskripsi.
16:00:09 | INFO    | [210/2708] Mencari: Taman Purbakala Batu Pake Gojeng
16:00:09 | DEBUG   | [L1 Wiki] Error: Expecting value: line 1 column 1 (char 0)
16:00:09 | DEBUG   |       L1 Gagal, mencoba L2 DDGS...
16:00:14 | INFO    |       => Sukses dari: https://sulsel.idntimes.com/travel/destination/5-tempat-wisata-paling-hits-di-sinjai-ada-taman-purbakala-01-432rm-rp54mp
16:00:16 | INFO    | [211/2708] Mencari: Pantai Lumintang Bentenan Ratahan
16:00:16 | DEBUG   | [L1 Wiki] Error: Expecting value: line 1 column 1 (char 0)
16:00:16 | DEBUG   |       L1 Gagal, mencoba L2 DDGS...
16:00:23 | INFO    |       => Sukses dari: https://beautyofindonesia.com/id/wisata/wisata-alam/pantai-lumintang
16:00:24 | INFO    | [212/2708] Mencari: Taman Budaya Hasan Bahasyuan Masigi
16:00:24 | DEBUG   | [L1 Wiki] Error: Expecting value: line 1 column 1 (char 0)
16:00:24 | DEBUG   |       L1 Gagal, mencoba L2 DDGS...
16:00:28 | INFO    |       => Sukses dari: https://id.wikipedia.org/wiki/Kabupaten_Parigi_Moutong
16:00:29 | INFO    | [213/2708] Mencari: Pantai Molino Tapuondau
16:00:29 | DEBUG   | [L1 Wiki] Error: Expecting value: line 1 column 1 (char 0)
16:00:29 | DEBUG   |       L1 Gagal, mencoba L2 DDGS...
16:00:35 | INFO    |       => Sukses dari: https://timur-online.com/di-danau-matano-ada-pantai-molino-yuk-lihat-keindahannya/
16:00:36 | INFO    | [214/2708] Mencari: Taipa Beach
16:00:36 | DEBUG   | [L1 Wiki] Error: Expecting value: line 1 column 1 (char 0)
16:00:36 | DEBUG   |       L1 Gagal, mencoba L2 DDGS...
16:00:43 | INFO    |       => Sukses dari: https://atourin.com/destination/palu/pantai-taipa
16:00:44 | INFO    | [215/2708] Mencari: Museum Negeri Provinsi Sulawesi Tengah - Palu
16:00:44 | DEBUG   | [L1 Wiki] Error: Expecting value: line 1 column 1 (char 0)
16:00:44 | DEBUG   |       L1 Gagal, mencoba L2 DDGS...
16:00:50 | INFO    |       => Sukses dari: https://id.wikipedia.org/wiki/Museum_Sulawesi_Tengah
16:00:52 | INFO    | [216/2708] Mencari: Pantai Lemo
16:00:52 | DEBUG   | [L1 Wiki] Error: Expecting value: line 1 column 1 (char 0)
16:00:52 | DEBUG   |       L1 Gagal, mencoba L2 DDGS...
16:00:58 | INFO    |       => Sukses dari: https://id.wikipedia.org/wiki/Pantai_Lemo
16:01:00 | INFO    | [217/2708] Mencari: Pantai Cemara
16:01:00 | DEBUG   | [L1 Wiki] Error: Expecting value: line 1 column 1 (char 0)
16:01:00 | DEBUG   |       L1 Gagal, mencoba L2 DDGS...
16:01:07 | INFO    |       => Sukses dari: https://sulsel.idntimes.com/travel/destination/aktivitas-wisata-di-wakatobi-00-lm183-6wdwby
16:01:09 | INFO    | [218/2708] Mencari: Dulanga Beach
16:01:09 | DEBUG   | [L1 Wiki] Error: Expecting value: line 1 column 1 (char 0)
16:01:09 | DEBUG   |       L1 Gagal, mencoba L2 DDGS...
16:01:13 | INFO    |       => Sukses dari: https://www.indonesia.travel/id/id/destination/sulawesi/gorontalo/pantai-dulanga/
16:01:14 | INFO    | [219/2708] Mencari: Wisata Pantai Lowita
16:01:15 | DEBUG   | [L1 Wiki] Error: Expecting value: line 1 column 1 (char 0)
16:01:15 | DEBUG   |       L1 Gagal, mencoba L2 DDGS...
16:01:24 | INFO    |       => Sukses dari: https://www.detik.com/sulsel/wisata/d-6896501/25-rekomendasi-objek-wisata-di-kabupaten-pinrang-untuk-liburan
16:01:25 | INFO    | [220/2708] Mencari: Air Terjun Pung Bunga Bonto Manurung
16:01:25 | DEBUG   | [L1 Wiki] Error: Expecting value: line 1 column 1 (char 0)
16:01:25 | DEBUG   |       L1 Gagal, mencoba L2 DDGS...
16:01:30 | INFO    |       => Sukses dari: https://id.wikipedia.org/wiki/Air_Terjun_Pung_Bunga
16:01:32 | INFO    | *** Auto-saving 220 baris diproses...
16:01:32 | INFO    | [221/2708] Mencari: Pantai Mutiara
16:01:32 | DEBUG   | [L1 Wiki] Error: Expecting value: line 1 column 1 (char 0)
16:01:32 | DEBUG   |       L1 Gagal, mencoba L2 DDGS...
16:01:36 | INFO    |       => Sukses dari: https://travel.kompas.com/read/2016/08/16/101800027/Indahnya.Pasir.Putih.Pantai.Mutiara.di.Buton
16:01:37 | INFO    | [222/2708] Mencari: Whale Shark Gorontalo
16:01:37 | DEBUG   | [L1 Wiki] Error: Expecting value: line 1 column 1 (char 0)
16:01:37 | DEBUG   |       L1 Gagal, mencoba L2 DDGS...
16:01:42 | INFO    |       => Sukses dari: https://www.enampagi.id/travel/pr-1256139011/topik-khusus-detail.html
16:01:43 | INFO    | [223/2708] Mencari: Cekkeng Nursery
16:01:43 | DEBUG   | [L1 Wiki] Error: Expecting value: line 1 column 1 (char 0)
16:01:43 | DEBUG   |       L1 Gagal, mencoba L2 DDGS...
16:01:50 | INFO    |       => Sukses dari: https://disparpora.bulukumbakab.go.id/en/portofolio/cekkeng-nursery/
16:01:52 | INFO    | [224/2708] Mencari: Wisata Batu Sori
16:01:52 | DEBUG   | [L1 Wiki] Error: Expecting value: line 1 column 1 (char 0)
16:01:52 | DEBUG   |       L1 Gagal, mencoba L2 DDGS...
16:02:01 | INFO    |       => Sukses dari: https://www.dalchaebi.me/tempat-wisata-baubau/
16:02:03 | INFO    | [225/2708] Mencari: Taman Batu Rammang-Rammang
16:02:03 | DEBUG   | [L1 Wiki] Error: Expecting value: line 1 column 1 (char 0)
16:02:03 | DEBUG   |       L1 Gagal, mencoba L2 DDGS...
16:02:08 | INFO    |       => Sukses dari: https://id.wikipedia.org/wiki/Rammang-Rammang
16:02:09 | INFO    | [226/2708] Mencari: Wisata Alam Wai Tiddo
16:02:09 | DEBUG   | [L1 Wiki] Error: Expecting value: line 1 column 1 (char 0)
16:02:09 | DEBUG   |       L1 Gagal, mencoba L2 DDGS...
16:02:18 | DEBUG   | [L2 BS4] Gagal ekstraksi url https://jadesta.kemenparekraf.go.id/desa/alam_wai_tiddo -> HTTPSConnectionPool(host='jadesta.kemenparekraf.go.id', port=443): Max retries exceeded with url: /desa/alam_wai_tiddo (Caused by NameResolutionError("HTTPSConnection(host='jadesta.kemenparekraf.go.id', port=443): Failed to resolve 'jadesta.kemenparekraf.go.id' ([Errno 11002] getaddrinfo failed)"))
16:02:19 | INFO    |       => Sukses dari: https://barowa.desa.id/wisata/desa-wisata-alam-wai-tiddo
16:02:20 | INFO    | [227/2708] Mencari: Pantai Lakban Ratatotok
16:02:20 | DEBUG   | [L1 Wiki] Error: Expecting value: line 1 column 1 (char 0)
16:02:20 | DEBUG   |       L1 Gagal, mencoba L2 DDGS...
16:02:28 | INFO    |       => Sukses dari: https://id.wikipedia.org/wiki/Ratatotok,_Minahasa_Tenggara
16:02:29 | INFO    | [228/2708] Mencari: Alun Alun Tilamuta
16:02:29 | DEBUG   | [L1 Wiki] Error: Expecting value: line 1 column 1 (char 0)
16:02:29 | DEBUG   |       L1 Gagal, mencoba L2 DDGS...
16:02:34 | INFO    |       => Sukses dari: https://seringjalan.com/6-tempat-wisata-di-tilamuta-kabupaten-boalemo/
16:02:35 | INFO    | [229/2708] Mencari: Lembah Hijau Rumbia Resort
16:02:35 | DEBUG   | [L1 Wiki] Error: Expecting value: line 1 column 1 (char 0)
16:02:35 | DEBUG   |       L1 Gagal, mencoba L2 DDGS...
16:02:43 | INFO    |       => Sukses dari: https://idfirms.com/sulawesi-selatan/lembah-hijau-rumbia-140884
16:02:44 | INFO    | [230/2708] Mencari: Tanggul Bantaran Sungai Malili
16:02:44 | DEBUG   | [L1 Wiki] Error: Expecting value: line 1 column 1 (char 0)
16:02:44 | DEBUG   |       L1 Gagal, mencoba L2 DDGS...
16:02:52 | INFO    |       => Sukses dari: https://wisatasulawesi.wordpress.com/wisata-sulawesi-selatan/wisata-luwu-timur/
16:02:54 | INFO    | [231/2708] Mencari: Taman Pantai mahaas
16:02:54 | DEBUG   | [L1 Wiki] Error: Expecting value: line 1 column 1 (char 0)
16:02:54 | DEBUG   |       L1 Gagal, mencoba L2 DDGS...
16:03:04 | INFO    |       => Gagal mencari deskripsi.
16:03:06 | INFO    | [232/2708] Mencari: Air Terjun Kali
16:03:06 | DEBUG   | [L1 Wiki] Error: Expecting value: line 1 column 1 (char 0)
16:03:06 | DEBUG   |       L1 Gagal, mencoba L2 DDGS...
16:03:14 | INFO    |       => Sukses dari: https://www.idntimes.com/travel/destination/5-fakta-air-terjun-kali-tomohon-panoramanya-alami-01-mth91-jys8s0
16:03:15 | INFO    | [233/2708] Mencari: Tugu Adibahasa
16:03:15 | DEBUG   | [L1 Wiki] Error: Expecting value: line 1 column 1 (char 0)
16:03:15 | DEBUG   |       L1 Gagal, mencoba L2 DDGS...
16:03:20 | INFO    |       => Gagal mencari deskripsi.
16:03:22 | INFO    | [234/2708] Mencari: Malalayang Beach Walk
16:03:22 | DEBUG   | [L1 Wiki] Error: Expecting value: line 1 column 1 (char 0)
16:03:22 | DEBUG   |       L1 Gagal, mencoba L2 DDGS...
16:03:33 | INFO    |       => Sukses dari: https://travel.tribunnews.com/2024/10/21/malalayang-beach-walk-di-malalayang-dua-malalayang-manado-sulut-tawarkan-ragam-keseruan
16:03:34 | INFO    | [235/2708] Mencari: Tonasa Park
16:03:35 | DEBUG   | [L1 Wiki] Error: Expecting value: line 1 column 1 (char 0)
16:03:35 | DEBUG   |       L1 Gagal, mencoba L2 DDGS...
16:03:40 | INFO    |       => Sukses dari: https://id.wikipedia.org/wiki/Tonasa,_Balocci,_Pangkajene_dan_Kepulauan
16:03:41 | INFO    | [236/2708] Mencari: Taman Segitiga Binturu Palopo (I Love Palopo)
16:03:41 | DEBUG   | [L1 Wiki] Error: Expecting value: line 1 column 1 (char 0)
16:03:41 | DEBUG   |       L1 Gagal, mencoba L2 DDGS...
16:03:48 | INFO    |       => Sukses dari: https://www.idntimes.com/travel/destination/lagi-di-sulsel-mampir-yuk-ke-8-wisata-hits-di-kota-palopo-ini-01-4cnr4-fbq41s
16:03:50 | INFO    | [237/2708] Mencari: BENDUNGAN KUWIL KAWANGKOAN
16:03:50 | DEBUG   | [L1 Wiki] Error: Expecting value: line 1 column 1 (char 0)
16:03:50 | DEBUG   |       L1 Gagal, mencoba L2 DDGS...
16:03:55 | INFO    |       => Sukses dari: https://id.wikipedia.org/wiki/Bendungan_Kuwil_Kawangkoan
16:03:57 | INFO    | [238/2708] Mencari: Pantai Barugaya Punaga
16:03:57 | DEBUG   | [L1 Wiki] Error: Expecting value: line 1 column 1 (char 0)
16:03:57 | DEBUG   |       L1 Gagal, mencoba L2 DDGS...
16:04:02 | INFO    |       => Sukses dari: https://www.goodnewsfromindonesia.id/2026/04/07/pantai-punaga-mengenang-kapal-van-der-wijck-di-ujung-laikang
16:04:04 | INFO    | [239/2708] Mencari: Pantai Mangatasik
16:04:04 | DEBUG   | [L1 Wiki] Error: Expecting value: line 1 column 1 (char 0)
16:04:04 | DEBUG   |       L1 Gagal, mencoba L2 DDGS...
16:04:15 | INFO    |       => Sukses dari: https://malesung.com/pantai-mangatasik-minahasa/
16:04:16 | INFO    | [240/2708] Mencari: Parkiran Sederhana (POS 1 menuju Puncak Victo & Air Terjun Amarilis)
16:04:16 | DEBUG   | [L1 Wiki] Error: Expecting value: line 1 column 1 (char 0)
16:04:16 | DEBUG   |       L1 Gagal, mencoba L2 DDGS...
16:04:21 | INFO    |       => Sukses dari: https://www.orami.co.id/magazine/tempat-wisata-kendari
16:04:22 | INFO    | *** Auto-saving 240 baris diproses...
16:04:22 | INFO    | [241/2708] Mencari: Puncak Temboan Rurukan
16:04:22 | DEBUG   | [L1 Wiki] Error: Expecting value: line 1 column 1 (char 0)
16:04:22 | DEBUG   |       L1 Gagal, mencoba L2 DDGS...
16:04:27 | INFO    |       => Sukses dari: https://travel.kompas.com/read/2024/03/11/222900527/4-tempat-wisata-di-sekitar-danau-tondano-sulawesi-utara
16:04:29 | INFO    | [242/2708] Mencari: Monumen Kaki Dian Minahasa Utara
16:04:29 | DEBUG   | [L1 Wiki] Error: Expecting value: line 1 column 1 (char 0)
16:04:29 | DEBUG   |       L1 Gagal, mencoba L2 DDGS...
16:04:36 | INFO    |       => Sukses dari: https://id.wikipedia.org/wiki/Kabupaten_Minahasa_Utara
16:04:38 | INFO    | [243/2708] Mencari: Vihara Girinaga
16:04:38 | DEBUG   | [L1 Wiki] Error: Expecting value: line 1 column 1 (char 0)
16:04:38 | DEBUG   |       L1 Gagal, mencoba L2 DDGS...
16:04:47 | INFO    |       => Sukses dari: https://www.detik.com/sulsel/wisata/d-6171843/6-wisata-religi-makassar-menarik-dikunjungi-saat-libur-hari-raya
16:04:49 | INFO    | [244/2708] Mencari: Wisata Dolli Bungaeja
16:04:49 | DEBUG   | [L1 Wiki] Error: Expecting value: line 1 column 1 (char 0)
16:04:49 | DEBUG   |       L1 Gagal, mencoba L2 DDGS...
16:04:56 | INFO    |       => Sukses dari: https://id.wikipedia.org/wiki/Wisata_Kolam_Renang_Bungaeja
16:04:58 | INFO    | [245/2708] Mencari: Pantai Ratu
16:04:58 | DEBUG   | [L1 Wiki] Error: Expecting value: line 1 column 1 (char 0)
16:04:58 | DEBUG   |       L1 Gagal, mencoba L2 DDGS...
16:05:07 | INFO    |       => Sukses dari: https://www.jawapos.com/travelling/2212190142/5-wisata-di-gorontalo-yang-lagi-hits-harga-daya-tarik-alamat
16:05:08 | INFO    | [246/2708] Mencari: Air Terjun Ketemu Jodoh
16:05:08 | DEBUG   | [L1 Wiki] Error: Expecting value: line 1 column 1 (char 0)
16:05:08 | DEBUG   |       L1 Gagal, mencoba L2 DDGS...
16:05:22 | DEBUG   | [L2 BS4] Gagal ekstraksi url https://smartcity.gowakab.go.id/wisata_alam/air-terjun-ketemu-jodoh/13 -> HTTPSConnectionPool(host='smartcity.gowakab.go.id', port=443): Read timed out. (read timeout=8)
16:05:23 | INFO    |       => Sukses dari: https://beautyofindonesia.com/id/wisata/wisata-alam/air-terjun-ketemu-jodoh
16:05:25 | INFO    | [247/2708] Mencari: Rainbow Garden Gowa
16:05:25 | DEBUG   | [L1 Wiki] Error: Expecting value: line 1 column 1 (char 0)
16:05:25 | DEBUG   |       L1 Gagal, mencoba L2 DDGS...
16:05:31 | INFO    |       => Sukses dari: https://smartcity.gowakab.go.id/wisata_buatan/rainbow-garden-gowa/11
16:05:32 | INFO    | [248/2708] Mencari: Danau Tondano
16:05:33 | DEBUG   | [L1 Wiki] Error: Expecting value: line 1 column 1 (char 0)
16:05:33 | DEBUG   |       L1 Gagal, mencoba L2 DDGS...
16:05:42 | INFO    |       => Sukses dari: https://www.msn.com/id-id/travel/perjalanan-asia/mengapa-danau-tondano-selalu-jadi-primadona-wisata-minahasa-untuk-liburan-santai/ar-AA1QD3OD
16:05:43 | INFO    | [249/2708] Mencari: Ekowisata Butta Gowa Resort - Wisata Alam Bili-Bili
16:05:43 | DEBUG   | [L1 Wiki] Error: Expecting value: line 1 column 1 (char 0)
16:05:43 | DEBUG   |       L1 Gagal, mencoba L2 DDGS...
16:05:51 | INFO    |       => Sukses dari: https://smartcity.gowakab.go.id/index.php/wisata_alam/ekowisata-butta-resort/8
16:05:52 | INFO    | [250/2708] Mencari: Pantai Al Fath Stira Paradise
16:05:52 | DEBUG   | [L1 Wiki] Error: Expecting value: line 1 column 1 (char 0)
16:05:52 | DEBUG   |       L1 Gagal, mencoba L2 DDGS...
16:05:59 | DEBUG   | [L2 BS4] Gagal ekstraksi url https://sisparnas.kemenparekraf.go.id/p/7947 -> HTTPSConnectionPool(host='sisparnas.kemenparekraf.go.id', port=443): Max retries exceeded with url: /p/7947 (Caused by NameResolutionError("HTTPSConnection(host='sisparnas.kemenparekraf.go.id', port=443): Failed to resolve 'sisparnas.kemenparekraf.go.id' ([Errno 11002] getaddrinfo failed)"))
16:06:01 | INFO    |       => Sukses dari: https://www.stiraparadise-resort.com/
16:06:02 | INFO    | [251/2708] Mencari: Takae Highland
16:06:02 | DEBUG   | [L1 Wiki] Error: Expecting value: line 1 column 1 (char 0)
16:06:02 | DEBUG   |       L1 Gagal, mencoba L2 DDGS...
16:06:10 | INFO    |       => Sukses dari: https://www.celebes.co/takae-highland-soppeng
16:06:11 | INFO    | [252/2708] Mencari: Taman Wisata Pelangi
16:06:11 | DEBUG   | [L1 Wiki] Error: Expecting value: line 1 column 1 (char 0)
16:06:11 | DEBUG   |       L1 Gagal, mencoba L2 DDGS...
16:06:17 | INFO    |       => Sukses dari: https://travel.tribunnews.com/2025/09/08/taman-wisata-pelangi-tomohon-sulut-daya-tarik-harga-tiket-masuk-lokasi-panduan-rute
16:06:19 | INFO    | [253/2708] Mencari: Polman Waterboom
16:06:19 | DEBUG   | [L1 Wiki] Error: Expecting value: line 1 column 1 (char 0)
16:06:19 | DEBUG   |       L1 Gagal, mencoba L2 DDGS...
16:06:26 | INFO    |       => Sukses dari: https://renangloka.com/pool/polman-waterboom/
16:06:28 | INFO    | [254/2708] Mencari: Tugu Khatulistiwa Sulawesi Tengah
16:06:28 | DEBUG   | [L1 Wiki] Error: Expecting value: line 1 column 1 (char 0)
16:06:28 | DEBUG   |       L1 Gagal, mencoba L2 DDGS...
16:06:33 | INFO    |       => Sukses dari: https://id.wikipedia.org/wiki/Kabupaten_Parigi_Moutong
16:06:34 | INFO    | [255/2708] Mencari: Taman Kota Fonuasingko
16:06:34 | DEBUG   | [L1 Wiki] Error: Expecting value: line 1 column 1 (char 0)
16:06:34 | DEBUG   |       L1 Gagal, mencoba L2 DDGS...
16:06:40 | INFO    |       => Sukses dari: https://travel.kompas.com/read/2018/02/28/101700627/wisata-ke-morowali-ini-alternatif-transportasi-ke-sana
16:06:42 | INFO    | [256/2708] Mencari: Pantai Lemo-Lemo
16:06:42 | DEBUG   | [L1 Wiki] Error: Expecting value: line 1 column 1 (char 0)
16:06:42 | DEBUG   |       L1 Gagal, mencoba L2 DDGS...
16:06:51 | INFO    |       => Sukses dari: https://www.bulukumbakab.go.id/rubrik/pantai-lemo-lemo
16:06:53 | INFO    | [257/2708] Mencari: Puncak Mamuju(Kelapa Tujuh)
16:06:53 | DEBUG   | [L1 Wiki] Error: Expecting value: line 1 column 1 (char 0)
16:06:53 | DEBUG   |       L1 Gagal, mencoba L2 DDGS...
16:07:00 | INFO    |       => Sukses dari: https://www.50detik.com/blog/keren-pesona-mamuju-dengan-obyek-wisata-layak-dikunjungi/
16:07:02 | INFO    | [258/2708] Mencari: Taman Nasional Rawa Aopa Watumohai
16:07:02 | DEBUG   | [L1 Wiki] Error: Expecting value: line 1 column 1 (char 0)
16:07:02 | DEBUG   |       L1 Gagal, mencoba L2 DDGS...
16:07:10 | INFO    |       => Sukses dari: https://id.wikipedia.org/wiki/Taman_Nasional_Rawa_Aopa_Watumohai
16:07:11 | INFO    | [259/2708] Mencari: Jeneponto Waterpark
16:07:11 | DEBUG   | [L1 Wiki] Error: Expecting value: line 1 column 1 (char 0)
16:07:11 | DEBUG   |       L1 Gagal, mencoba L2 DDGS...
16:07:17 | INFO    |       => Sukses dari: https://trends.tribunnews.com/2025/03/04/cuma-10-km-dari-jeneponto-wisata-ini-cocok-dikunjungi-keluarga-rp-15-ribu-bisa-main-semua-wahana
16:07:19 | INFO    | [260/2708] Mencari: Rumah Makan Tepi Pantai
16:07:19 | DEBUG   | [L1 Wiki] Error: Expecting value: line 1 column 1 (char 0)
16:07:19 | DEBUG   |       L1 Gagal, mencoba L2 DDGS...
16:07:26 | INFO    |       => Sukses dari: https://www.merdeka.com/gaya/10-rekomendasi-tempat-makan-ikan-bakar-di-manado-beri-pengalaman-kuliner-tak-terlupakan-490945-mvk.html
16:07:27 | INFO    | *** Auto-saving 260 baris diproses...
16:07:27 | INFO    | [261/2708] Mencari: Kilapong hills
16:07:27 | DEBUG   | [L1 Wiki] Error: Expecting value: line 1 column 1 (char 0)
16:07:27 | DEBUG   |       L1 Gagal, mencoba L2 DDGS...
16:07:35 | INFO    |       => Sukses dari: https://www.kompasiana.com/losnito/67482969c925c40668009242/dua-hari-ke-tomohon-mau-wisata-kemana-saja?page=all
16:07:36 | INFO    | [262/2708] Mencari: Pantai Enu
16:07:36 | DEBUG   | [L1 Wiki] Error: Expecting value: line 1 column 1 (char 0)
16:07:36 | DEBUG   |       L1 Gagal, mencoba L2 DDGS...
16:07:41 | INFO    |       => Sukses dari: https://id.wikipedia.org/wiki/Pantai_Enu
16:07:42 | INFO    | [263/2708] Mencari: Taman Hutan Raya Gunung Tumpa H. V. Worang
16:07:42 | DEBUG   | [L1 Wiki] Error: Expecting value: line 1 column 1 (char 0)
16:07:42 | DEBUG   |       L1 Gagal, mencoba L2 DDGS...
16:07:48 | INFO    |       => Sukses dari: https://www.celebes.co/taman-hutan-raya-gunung-tumpa-hv-worang
16:07:49 | INFO    | [264/2708] Mencari: Taman Wisata Toar Lumimuut
16:07:49 | DEBUG   | [L1 Wiki] Error: Expecting value: line 1 column 1 (char 0)
16:07:49 | DEBUG   |       L1 Gagal, mencoba L2 DDGS...
16:08:01 | DEBUG   | [L2 BS4] Gagal ekstraksi url https://jadesta.kemenparekraf.go.id/paket/taman_wisata_toar_lumimuut -> HTTPSConnectionPool(host='jadesta.kemenparekraf.go.id', port=443): Max retries exceeded with url: /paket/taman_wisata_toar_lumimuut (Caused by NameResolutionError("HTTPSConnection(host='jadesta.kemenparekraf.go.id', port=443): Failed to resolve 'jadesta.kemenparekraf.go.id' ([Errno 11002] getaddrinfo failed)"))
16:08:04 | INFO    |       => Sukses dari: https://p4mriunima.wordpress.com/buku-tentang-rme/taman-wisata-toar-lumimuut/
16:08:05 | INFO    | [265/2708] Mencari: Taman Malahasa Kota Tahuna
16:08:05 | DEBUG   | [L1 Wiki] Error: Expecting value: line 1 column 1 (char 0)
16:08:05 | DEBUG   |       L1 Gagal, mencoba L2 DDGS...
16:08:14 | INFO    |       => Sukses dari: https://travel.kompas.com/read/2021/05/04/163226127/14-wisata-bawah-laut-di-kepulauan-sangihe-ini-bikin-pangling-wisatawan
16:08:16 | INFO    | [266/2708] Mencari: Pantai Tete
16:08:16 | DEBUG   | [L1 Wiki] Error: Expecting value: line 1 column 1 (char 0)
16:08:16 | DEBUG   |       L1 Gagal, mencoba L2 DDGS...
16:08:25 | INFO    |       => Sukses dari: https://www.idntimes.com/travel/destination/pesona-pantai-tete-c1c2-01-432rm-gg3wh4
16:08:27 | INFO    | [267/2708] Mencari: Taman Andi Benni Belopa
16:08:27 | DEBUG   | [L1 Wiki] Error: Expecting value: line 1 column 1 (char 0)
16:08:27 | DEBUG   |       L1 Gagal, mencoba L2 DDGS...
16:08:33 | INFO    |       => Sukses dari: https://balubu.digitaldesa.id/wisata/taman-andi-benni-belopa
16:08:35 | INFO    | [268/2708] Mencari: Lembah Ramma
16:08:35 | DEBUG   | [L1 Wiki] Error: Expecting value: line 1 column 1 (char 0)
16:08:35 | DEBUG   |       L1 Gagal, mencoba L2 DDGS...
16:08:44 | DEBUG   | [L2 DDGS] Error: ('error sending request for url (https://yandex.com/search/site/?text=Lembah+Ramma+Kabupaten+Gowa+wisata&web=1&searchid=1969777)', 'https://yandex.com/search/site/?text=Lembah+Ramma+Kabupaten+Gowa+wisata&web=1&searchid=1969777')
16:08:44 | INFO    |       => Gagal mencari deskripsi.
16:08:46 | INFO    | [269/2708] Mencari: Mantara Waterpark Kendari
16:08:46 | DEBUG   | [L1 Wiki] Error: Expecting value: line 1 column 1 (char 0)
16:08:46 | DEBUG   |       L1 Gagal, mencoba L2 DDGS...
16:08:51 | INFO    |       => Sukses dari: https://sulsel.idntimes.com/travel/destination/wisata-mantara-waterpark-kendari-lokasi-rute-dan-tipsnya-01-z968b-glkv5w
16:08:53 | INFO    | [270/2708] Mencari: Ketama Adventure Park
16:08:53 | DEBUG   | [L1 Wiki] Error: Expecting value: line 1 column 1 (char 0)
16:08:53 | DEBUG   |       L1 Gagal, mencoba L2 DDGS...
16:09:00 | INFO    |       => Sukses dari: https://www.cedhak.com/sulawesi/129/ketama-adventure-park/
16:09:01 | INFO    | [271/2708] Mencari: RTH Bombana
16:09:01 | DEBUG   | [L1 Wiki] Error: Expecting value: line 1 column 1 (char 0)
16:09:01 | DEBUG   |       L1 Gagal, mencoba L2 DDGS...
16:09:06 | INFO    |       => Sukses dari: https://id.wikipedia.org/wiki/Kabupaten_Bombana
16:09:08 | INFO    | [272/2708] Mencari: Taman Wisata Religius Bubohu
16:09:08 | DEBUG   | [L1 Wiki] Error: Expecting value: line 1 column 1 (char 0)
16:09:08 | DEBUG   |       L1 Gagal, mencoba L2 DDGS...
16:09:14 | INFO    |       => Sukses dari: https://travel.tribunnews.com/2025/04/30/pesona-desa-adat-bobohu-destinasi-wisata-religi-di-tanah-gorontalo-yang-asri
16:09:15 | INFO    | [273/2708] Mencari: Air Terjun Bissappu
16:09:15 | DEBUG   | [L1 Wiki] Error: Expecting value: line 1 column 1 (char 0)
16:09:15 | DEBUG   |       L1 Gagal, mencoba L2 DDGS...
16:09:21 | INFO    |       => Sukses dari: https://www.muslimtravelergirl.com/2024/05/wisata-air-terjun-bissappu-bantaeng.html
16:09:23 | INFO    | [274/2708] Mencari: Danau Hijau Balocci
16:09:23 | DEBUG   | [L1 Wiki] Error: Expecting value: line 1 column 1 (char 0)
16:09:23 | DEBUG   |       L1 Gagal, mencoba L2 DDGS...
16:09:36 | INFO    |       => Sukses dari: https://www.detik.com/sulsel/wisata/d-6588182/danau-hijau-balocci-pangkep-wisata-alam-yang-cocok-jadi-tempat-healing
16:09:38 | INFO    | [275/2708] Mencari: Pantai Ponnori
16:09:38 | DEBUG   | [L1 Wiki] Error: Expecting value: line 1 column 1 (char 0)
16:09:38 | DEBUG   |       L1 Gagal, mencoba L2 DDGS...
16:09:47 | DEBUG   | [L2 BS4] Gagal ekstraksi url https://jadesta.kemenparekraf.go.id/desa/pantai_ponnori_1 -> HTTPSConnectionPool(host='jadesta.kemenparekraf.go.id', port=443): Max retries exceeded with url: /desa/pantai_ponnori_1 (Caused by NameResolutionError("HTTPSConnection(host='jadesta.kemenparekraf.go.id', port=443): Failed to resolve 'jadesta.kemenparekraf.go.id' ([Errno 11002] getaddrinfo failed)"))
16:09:51 | INFO    |       => Sukses dari: https://laloa.digitaldesa.id/wisata/pantai-ponnori
16:09:53 | INFO    | [276/2708] Mencari: Masjid Terapung B.J. Habibie
16:09:53 | DEBUG   | [L1 Wiki] Error: Expecting value: line 1 column 1 (char 0)
16:09:53 | DEBUG   |       L1 Gagal, mencoba L2 DDGS...
16:10:02 | INFO    |       => Sukses dari: https://www.detik.com/sulsel/parepare/d-7324804/masjid-terapung-parepare-wisata-religi-yang-terinspirasi-dari-hagia-sophia
16:10:03 | INFO    | [277/2708] Mencari: Tugu Trikora
16:10:03 | DEBUG   | [L1 Wiki] Error: Expecting value: line 1 column 1 (char 0)
16:10:03 | DEBUG   |       L1 Gagal, mencoba L2 DDGS...
16:10:08 | DEBUG   | [L2 BS4] Gagal ekstraksi url https://bitungtravel.com/monumen-trikora/ -> HTTPSConnectionPool(host='bitungtravel.com', port=443): Max retries exceeded with url: /monumen-trikora/ (Caused by NameResolutionError("HTTPSConnection(host='bitungtravel.com', port=443): Failed to resolve 'bitungtravel.com' ([Errno 11001] getaddrinfo failed)"))
16:10:09 | INFO    |       => Sukses dari: https://www.geokepo.id/id/lokasi/bitung/monumen-trikora
16:10:11 | INFO    | [278/2708] Mencari: Pantai Imbo
16:10:11 | DEBUG   | [L1 Wiki] Error: Expecting value: line 1 column 1 (char 0)
16:10:11 | DEBUG   |       L1 Gagal, mencoba L2 DDGS...
16:10:16 | INFO    |       => Sukses dari: https://beautyofindonesia.com/id/wisata/wisata-alam/pantai-imbo
16:10:17 | INFO    | [279/2708] Mencari: Kolam Renang Alam Tilanga
16:10:17 | DEBUG   | [L1 Wiki] Error: Expecting value: line 1 column 1 (char 0)
16:10:17 | DEBUG   |       L1 Gagal, mencoba L2 DDGS...
16:10:24 | INFO    |       => Sukses dari: https://www.detik.com/sulsel/berita/d-6196874/5-rekomendasi-tempat-wisata-tana-toraja-yang-unik-dan-menarik
16:10:25 | INFO    | [280/2708] Mencari: Pantai Libuo
16:10:25 | DEBUG   | [L1 Wiki] Error: Expecting value: line 1 column 1 (char 0)
16:10:25 | DEBUG   |       L1 Gagal, mencoba L2 DDGS...
16:10:34 | INFO    |       => Sukses dari: https://www.liputan6.com/regional/read/4448544/menanti-mentari-pagi-di-hamparan-pasir-putih-pantai-libuo-pohuwato
16:10:35 | INFO    | *** Auto-saving 280 baris diproses...
16:10:35 | INFO    | [281/2708] Mencari: Pantai Panrangluhu
16:10:35 | DEBUG   | [L1 Wiki] Error: Expecting value: line 1 column 1 (char 0)
16:10:35 | DEBUG   |       L1 Gagal, mencoba L2 DDGS...
16:10:50 | INFO    |       => Gagal mencari deskripsi.
16:10:51 | INFO    | [282/2708] Mencari: Pantai Ujung Suso
16:10:51 | DEBUG   | [L1 Wiki] Error: Expecting value: line 1 column 1 (char 0)
16:10:51 | DEBUG   |       L1 Gagal, mencoba L2 DDGS...
16:10:58 | INFO    |       => Sukses dari: https://portal.luwutimurkab.go.id/index.php/en/blog-2/wisata
16:10:59 | INFO    | [283/2708] Mencari: Mah'watu
16:10:59 | DEBUG   | [L1 Wiki] Error: Expecting value: line 1 column 1 (char 0)
16:10:59 | DEBUG   |       L1 Gagal, mencoba L2 DDGS...
16:11:11 | INFO    |       => Gagal mencari deskripsi.
16:11:13 | INFO    | [284/2708] Mencari: Hutan Pinus Samparona
16:11:13 | DEBUG   | [L1 Wiki] Error: Expecting value: line 1 column 1 (char 0)
16:11:13 | DEBUG   |       L1 Gagal, mencoba L2 DDGS...
16:11:19 | INFO    |       => Sukses dari: https://www.orami.co.id/magazine/wisata-baubau
16:11:21 | INFO    | [285/2708] Mencari: Air Panas Wawolesea
16:11:21 | DEBUG   | [L1 Wiki] Error: Expecting value: line 1 column 1 (char 0)
16:11:21 | DEBUG   |       L1 Gagal, mencoba L2 DDGS...
16:11:27 | INFO    |       => Sukses dari: https://www.idntimes.com/travel/destination/fakta-unik-pemandian-air-panas-wawolesea-c1c2-01-5ltmv-t1j1q6
16:11:29 | INFO    | [286/2708] Mencari: Kompleks Makam Raja-Raja Tallo
16:11:29 | DEBUG   | [L1 Wiki] Error: Expecting value: line 1 column 1 (char 0)
16:11:29 | DEBUG   |       L1 Gagal, mencoba L2 DDGS...
16:11:34 | INFO    |       => Sukses dari: https://id.wikipedia.org/wiki/Makam_raja-raja_Tallo
16:11:35 | INFO    | [287/2708] Mencari: Taman Pelangi
16:11:35 | DEBUG   | [L1 Wiki] Error: Expecting value: line 1 column 1 (char 0)
16:11:35 | DEBUG   |       L1 Gagal, mencoba L2 DDGS...
16:11:42 | INFO    |       => Sukses dari: https://wisatago.com/wisata-pulau-selayar/
16:11:43 | INFO    | [288/2708] Mencari: Pantai Wisata Pangi Masaingi
16:11:43 | DEBUG   | [L1 Wiki] Error: Expecting value: line 1 column 1 (char 0)
16:11:43 | DEBUG   |       L1 Gagal, mencoba L2 DDGS...
16:11:53 | INFO    |       => Sukses dari: https://liburanmurah.com/pesona-pantai-wisata-pangi-masaingi-surga-tersembunyi-di-sulawesi-tengah/
16:11:55 | INFO    | [289/2708] Mencari: Takalar Beach Waterboom
16:11:55 | DEBUG   | [L1 Wiki] Error: Expecting value: line 1 column 1 (char 0)
16:11:55 | DEBUG   |       L1 Gagal, mencoba L2 DDGS...
16:12:01 | INFO    |       => Sukses dari: https://www.detik.com/sulsel/wisata/d-6503703/14-tempat-wisata-di-takalar-yang-populer-dan-menarik-dikunjungi
16:12:02 | INFO    | [290/2708] Mencari: Kawasan Adat Kajang Ammatoa
16:12:02 | DEBUG   | [L1 Wiki] Error: Expecting value: line 1 column 1 (char 0)
16:12:02 | DEBUG   |       L1 Gagal, mencoba L2 DDGS...
16:12:09 | INFO    |       => Sukses dari: https://disparpora.bulukumbakab.go.id/portofolio/kawasan-adat-ammatoa/
16:12:10 | INFO    | [291/2708] Mencari: Kura-kura beach
16:12:10 | DEBUG   | [L1 Wiki] Error: Expecting value: line 1 column 1 (char 0)
16:12:10 | DEBUG   |       L1 Gagal, mencoba L2 DDGS...
16:12:19 | INFO    |       => Sukses dari: https://sulsel.idntimes.com/travel/destination/tempat-liburan-favorit-di-sulteng-ini-5-wisata-pantai-di-donggala-01-th4zz-44qgdy
16:12:21 | INFO    | [292/2708] Mencari: Permandian Alam Limbua
16:12:21 | DEBUG   | [L1 Wiki] Error: Expecting value: line 1 column 1 (char 0)
16:12:21 | DEBUG   |       L1 Gagal, mencoba L2 DDGS...
16:12:29 | INFO    |       => Sukses dari: https://disparpora.bulukumbakab.go.id/portofolio/permandian-alam-limbua/
16:12:30 | INFO    | [293/2708] Mencari: Museum La Galigo
16:12:30 | DEBUG   | [L1 Wiki] Error: Expecting value: line 1 column 1 (char 0)
16:12:30 | DEBUG   |       L1 Gagal, mencoba L2 DDGS...
16:12:37 | INFO    |       => Sukses dari: https://www.detik.com/sulsel/wisata/d-6342876/daftar-museum-di-makassar-lengkap-beserta-sejarah-dan-lokasinya
16:12:38 | INFO    | [294/2708] Mencari: Kawasan ekowisata eduwisata mangrove GONENGATI JAYA kabonga besar Donggala
16:12:38 | DEBUG   | [L1 Wiki] Error: Expecting value: line 1 column 1 (char 0)
16:12:38 | DEBUG   |       L1 Gagal, mencoba L2 DDGS...
16:12:44 | INFO    |       => Sukses dari: https://id.wikipedia.org/wiki/Hutan_Mangrove_Gonenggati
16:12:45 | INFO    | [295/2708] Mencari: Taman Lahilote
16:12:45 | DEBUG   | [L1 Wiki] Error: Expecting value: line 1 column 1 (char 0)
16:12:45 | DEBUG   |       L1 Gagal, mencoba L2 DDGS...
16:12:56 | INFO    |       => Sukses dari: https://dpmptsp.gorontalokota.go.id/page/objek-wisata-kota-gorontalo
16:12:57 | INFO    | [296/2708] Mencari: Taman Jet Tempur
16:12:57 | DEBUG   | [L1 Wiki] Error: Expecting value: line 1 column 1 (char 0)
16:12:57 | DEBUG   |       L1 Gagal, mencoba L2 DDGS...
16:13:05 | INFO    |       => Sukses dari: https://idfirms.com/sulawesi-selatan/taman-jet-tempur-63348
16:13:06 | INFO    | [297/2708] Mencari: Danau Limbong
16:13:06 | DEBUG   | [L1 Wiki] Error: Expecting value: line 1 column 1 (char 0)
16:13:06 | DEBUG   |       L1 Gagal, mencoba L2 DDGS...
16:13:12 | INFO    |       => Sukses dari: https://www.mediasulsel.com/danau-limbong-oase-hijau-di-pelukan-tebing-karst-toraja-utara/
16:13:14 | INFO    | [298/2708] Mencari: Objek Wisata Ollon Toraja
16:13:14 | DEBUG   | [L1 Wiki] Error: Expecting value: line 1 column 1 (char 0)
16:13:14 | DEBUG   |       L1 Gagal, mencoba L2 DDGS...
16:13:20 | INFO    |       => Sukses dari: https://makassar.kompas.com/read/2023/09/23/220344978/mengenal-ollon-toraja-keunikan-pegunungan-di-sulawesi-selatan
16:13:21 | INFO    | [299/2708] Mencari: Pantai Mandala Ria
16:13:21 | DEBUG   | [L1 Wiki] Error: Expecting value: line 1 column 1 (char 0)
16:13:21 | DEBUG   |       L1 Gagal, mencoba L2 DDGS...
16:13:31 | DEBUG   | [L2 DDGS] Error: ConnectError: ConnectError('error sending request for url (https://html.duckduckgo.com/html/)', 'https://html.duckduckgo.com/html/')
16:13:31 | INFO    |       => Gagal mencari deskripsi.
16:13:32 | INFO    | [300/2708] Mencari: Air Terjun Wera
16:13:32 | DEBUG   | [L1 Wiki] Error: Expecting value: line 1 column 1 (char 0)
16:13:32 | DEBUG   |       L1 Gagal, mencoba L2 DDGS...
16:13:37 | INFO    |       => Sukses dari: https://id.wikipedia.org/wiki/Air_Terjun_Wera
16:13:38 | INFO    | *** Auto-saving 300 baris diproses...
16:13:38 | INFO    | [301/2708] Mencari: Hutan Pinus Bulu Tanah
16:13:39 | DEBUG   | [L1 Wiki] Error: Expecting value: line 1 column 1 (char 0)
16:13:39 | DEBUG   |       L1 Gagal, mencoba L2 DDGS...
16:13:43 | INFO    |       => Sukses dari: https://hutanpinusbulutanah.com/
16:13:45 | INFO    | [302/2708] Mencari: Pantai Minahaki
16:13:45 | DEBUG   | [L1 Wiki] Error: Expecting value: line 1 column 1 (char 0)
16:13:45 | DEBUG   |       L1 Gagal, mencoba L2 DDGS...
16:13:49 | INFO    |       => Sukses dari: https://www.google.com/maps/place/G93Q+V97+Pantai+Minahaki,+Kec.+Toili,+Kabupaten+Banggai,+Sulawesi+Tengah,+Endonezya/@38.95682,35.174414,5z/data=!4m6!3m5!1s0x2d8454925e98fde5:0xac3ffbee2c2848c3!8m2!3d-1.495333!4d122.3884191!16s/g/11g6xg6z3_?hl=tr&gl=tr&entry=wc&g_ep=Eg1tbF8yMDI2MDQwNl8wIJvbDyoASAJQAA==
16:13:51 | INFO    | [303/2708] Mencari: Pantai Bulo
16:13:51 | DEBUG   | [L1 Wiki] Error: Expecting value: line 1 column 1 (char 0)
16:13:51 | DEBUG   |       L1 Gagal, mencoba L2 DDGS...
16:13:59 | INFO    |       => Sukses dari: https://sandee.com/indonesia/north-sulawesi/tateli-weru/pantai-bulo
16:14:00 | INFO    | [304/2708] Mencari: Pantai Barane Majene
16:14:01 | DEBUG   | [L1 Wiki] Error: Expecting value: line 1 column 1 (char 0)
16:14:01 | DEBUG   |       L1 Gagal, mencoba L2 DDGS...
16:14:06 | INFO    |       => Sukses dari: https://www.geokepo.id/id/lokasi/majene/pantai-barane
16:14:08 | INFO    | [305/2708] Mencari: Parigi Toraranga Park
16:14:08 | DEBUG   | [L1 Wiki] Error: Expecting value: line 1 column 1 (char 0)
16:14:08 | DEBUG   |       L1 Gagal, mencoba L2 DDGS...
16:14:12 | INFO    |       => Sukses dari: https://id.wikipedia.org/wiki/Kabupaten_Parigi_Moutong
16:14:14 | INFO    | [306/2708] Mencari: Masjid Agung Ummul Quraa
16:14:14 | DEBUG   | [L1 Wiki] Error: Expecting value: line 1 column 1 (char 0)
16:14:14 | DEBUG   |       L1 Gagal, mencoba L2 DDGS...
16:14:20 | INFO    |       => Sukses dari: https://lapauke.digitaldesa.id/wisata/masjid-agung-ummul-qura
16:14:22 | INFO    | [307/2708] Mencari: Masjid Agung Kolaka Utara
16:14:22 | DEBUG   | [L1 Wiki] Error: Expecting value: line 1 column 1 (char 0)
16:14:22 | DEBUG   |       L1 Gagal, mencoba L2 DDGS...
16:14:27 | INFO    |       => Sukses dari: https://id.wikipedia.org/wiki/Kabupaten_Kolaka_Utara
16:14:28 | INFO    | [308/2708] Mencari: Wisata Leang Lonrong
16:14:28 | DEBUG   | [L1 Wiki] Error: Expecting value: line 1 column 1 (char 0)
16:14:28 | DEBUG   |       L1 Gagal, mencoba L2 DDGS...
16:14:35 | INFO    |       => Sukses dari: https://www.detik.com/sulsel/wisata/d-6447974/11-objek-wisata-pangkep-yang-cocok-untuk-mengisi-liburan
16:14:37 | INFO    | [309/2708] Mencari: Ranowangko Beach Resort
16:14:37 | DEBUG   | [L1 Wiki] Error: Expecting value: line 1 column 1 (char 0)
16:14:37 | DEBUG   |       L1 Gagal, mencoba L2 DDGS...
16:14:41 | INFO    |       => Sukses dari: https://id.wikipedia.org/wiki/Ranowangko,_Tombariri,_Minahasa
16:14:42 | INFO    | [310/2708] Mencari: Kawasan Wisata Pantai Surabaya
16:14:42 | DEBUG   | [L1 Wiki] Error: Expecting value: line 1 column 1 (char 0)
16:14:42 | DEBUG   |       L1 Gagal, mencoba L2 DDGS...
16:14:47 | INFO    |       => Sukses dari: https://www.cedhak.com/sulawesi/1168/kawasan-wisata-pantai-surabaya/
16:14:49 | INFO    | [311/2708] Mencari: Tapandullu Beach
16:14:49 | DEBUG   | [L1 Wiki] Error: Expecting value: line 1 column 1 (char 0)
16:14:49 | DEBUG   |       L1 Gagal, mencoba L2 DDGS...
16:14:55 | INFO    |       => Sukses dari: https://www.idntimes.com/travel/destination/pantai-mamuju-cocok-untuk-healing-c1c2-01-5ltmv-7l4qn8
16:14:57 | INFO    | [312/2708] Mencari: Puncak Dipomelo Pindan
16:14:57 | DEBUG   | [L1 Wiki] Error: Expecting value: line 1 column 1 (char 0)
16:14:57 | DEBUG   |       L1 Gagal, mencoba L2 DDGS...
16:15:03 | INFO    |       => Sukses dari: https://id.wikipedia.org/wiki/Dipomelo_Pindan
16:15:04 | INFO    | [313/2708] Mencari: Taman Syariah
16:15:04 | DEBUG   | [L1 Wiki] Error: Expecting value: line 1 column 1 (char 0)
16:15:04 | DEBUG   |       L1 Gagal, mencoba L2 DDGS...
16:15:12 | INFO    |       => Sukses dari: https://www.detik.com/sulsel/wisata/d-5962038/4-tempat-wisata-di-parepare-bisa-jadi-rest-area-untuk-istirahat-perjalanan
16:15:13 | INFO    | [314/2708] Mencari: Saoraja La Tenri Bali
16:15:13 | DEBUG   | [L1 Wiki] Error: Expecting value: line 1 column 1 (char 0)
16:15:13 | DEBUG   |       L1 Gagal, mencoba L2 DDGS...
16:15:20 | INFO    |       => Sukses dari: https://id.wikipedia.org/wiki/Rumah_adat_Atakkae
16:15:21 | INFO    | [315/2708] Mencari: Mangrove Eco Resort
16:15:21 | DEBUG   | [L1 Wiki] Error: Expecting value: line 1 column 1 (char 0)
16:15:21 | DEBUG   |       L1 Gagal, mencoba L2 DDGS...
16:15:28 | INFO    |       => Sukses dari: https://www.genpi.co/travel/4804/wisata-eksplor-hutan-bakau-di-pesisir-utara-teluk-tomini
16:15:30 | INFO    | [316/2708] Mencari: Museum Balla Lompoa Bantaeng
16:15:30 | DEBUG   | [L1 Wiki] Error: Expecting value: line 1 column 1 (char 0)
16:15:30 | DEBUG   |       L1 Gagal, mencoba L2 DDGS...
16:15:34 | INFO    |       => Sukses dari: https://id.wikipedia.org/wiki/Museum_Ballaʼ_Lompoa
16:15:36 | INFO    | [317/2708] Mencari: Amphitheater Woloan
16:15:36 | DEBUG   | [L1 Wiki] Error: Expecting value: line 1 column 1 (char 0)
16:15:36 | DEBUG   |       L1 Gagal, mencoba L2 DDGS...
16:15:45 | INFO    |       => Sukses dari: https://www.orami.co.id/magazine/tempat-wisata-di-tomohon
16:15:46 | INFO    | [318/2708] Mencari: Pantai Wisata Botutonuo
16:15:46 | DEBUG   | [L1 Wiki] Error: Expecting value: line 1 column 1 (char 0)
16:15:46 | DEBUG   |       L1 Gagal, mencoba L2 DDGS...
16:15:51 | INFO    |       => Sukses dari: https://id.wikipedia.org/wiki/Pantai_Botutonuo
16:15:52 | INFO    | [319/2708] Mencari: Kawasan Wisata Tahura Kapopo Ngatabaru
16:15:52 | DEBUG   | [L1 Wiki] Error: Expecting value: line 1 column 1 (char 0)
16:15:52 | DEBUG   |       L1 Gagal, mencoba L2 DDGS...
16:16:07 | INFO    |       => Sukses dari: https://paluekspres.com/51186/wahana-rekreasi-tahura-kapopo-telantar/
16:16:08 | INFO    | [320/2708] Mencari: Pantai Lombang Lombang
16:16:08 | DEBUG   | [L1 Wiki] Error: Expecting value: line 1 column 1 (char 0)
16:16:08 | DEBUG   |       L1 Gagal, mencoba L2 DDGS...
16:16:14 | INFO    |       => Sukses dari: https://id.wikipedia.org/wiki/Pantai_Lombang-Lombang
16:16:16 | INFO    | *** Auto-saving 320 baris diproses...
16:16:16 | INFO    | [321/2708] Mencari: Pantai Samboang
16:16:16 | DEBUG   | [L1 Wiki] Error: Expecting value: line 1 column 1 (char 0)
16:16:16 | DEBUG   |       L1 Gagal, mencoba L2 DDGS...
16:16:21 | INFO    |       => Sukses dari: https://www.bulukumbakab.go.id/rubrik/pantai-samboang
16:16:23 | INFO    | [322/2708] Mencari: Permandian alam citta
16:16:23 | DEBUG   | [L1 Wiki] Error: Expecting value: line 1 column 1 (char 0)
16:16:23 | DEBUG   |       L1 Gagal, mencoba L2 DDGS...
16:16:30 | INFO    |       => Sukses dari: https://id.wikipedia.org/wiki/Kabupaten_Soppeng
16:16:32 | INFO    | [323/2708] Mencari: Istana Langkanae Luwu
16:16:32 | DEBUG   | [L1 Wiki] Error: Expecting value: line 1 column 1 (char 0)
16:16:32 | DEBUG   |       L1 Gagal, mencoba L2 DDGS...
16:16:42 | INFO    |       => Sukses dari: https://www.detik.com/sulsel/palopo/d-7251162/8-rekomendasi-tempat-ngabuburit-di-palopo-yang-asik-dan-seru
16:16:43 | INFO    | [324/2708] Mencari: Danau Matano
16:16:43 | DEBUG   | [L1 Wiki] Error: Expecting value: line 1 column 1 (char 0)
16:16:43 | DEBUG   |       L1 Gagal, mencoba L2 DDGS...
16:16:55 | DEBUG   | [L2 DDGS] Error: ConnectError: ConnectError('error sending request for url (https://html.duckduckgo.com/html/)', 'https://html.duckduckgo.com/html/')
16:16:55 | INFO    |       => Gagal mencari deskripsi.
16:16:56 | INFO    | [325/2708] Mencari: Air Terjun Tumimperas
16:16:56 | DEBUG   | [L1 Wiki] Error: Expecting value: line 1 column 1 (char 0)
16:16:56 | DEBUG   |       L1 Gagal, mencoba L2 DDGS...
16:17:03 | INFO    |       => Sukses dari: https://www.msn.com/id-id/travel/taman/air-terjun-tumimperas-pesona-alam-tersembunyi-di-tengah-rimbun-hutan-tropis-tomohon/ar-AA1WPWVz
16:17:04 | INFO    | [326/2708] Mencari: Puncak Salena
16:17:04 | DEBUG   | [L1 Wiki] Error: Expecting value: line 1 column 1 (char 0)
16:17:04 | DEBUG   |       L1 Gagal, mencoba L2 DDGS...
16:17:19 | INFO    |       => Sukses dari: https://www.oyorooms.com/travel-guide/id/tempat-wisata-palu/
16:17:20 | INFO    | [327/2708] Mencari: Air Terjun Lacolla
16:17:20 | DEBUG   | [L1 Wiki] Error: Expecting value: line 1 column 1 (char 0)
16:17:20 | DEBUG   |       L1 Gagal, mencoba L2 DDGS...
16:17:25 | INFO    |       => Sukses dari: https://nativeindonesia.com/air-terjun-lacolla/
16:17:27 | INFO    | [328/2708] Mencari: Pantai seruni
16:17:27 | DEBUG   | [L1 Wiki] Error: Expecting value: line 1 column 1 (char 0)
16:17:27 | DEBUG   |       L1 Gagal, mencoba L2 DDGS...
16:17:34 | INFO    |       => Sukses dari: https://id.wikipedia.org/wiki/Pantai_Seruni
16:17:36 | INFO    | [329/2708] Mencari: Adilah Garden
16:17:36 | DEBUG   | [L1 Wiki] Error: Expecting value: line 1 column 1 (char 0)
16:17:36 | DEBUG   |       L1 Gagal, mencoba L2 DDGS...
16:17:48 | DEBUG   | [L2 BS4] Gagal ekstraksi url https://gayahidup.rri.co.id/palu/wisata/2192974/adilah-garden-palu-wisata-santai-bagi-keluarga -> HTTPSConnectionPool(host='gayahidup.rri.co.id', port=443): Read timed out. (read timeout=8)
16:17:51 | INFO    |       => Sukses dari: https://www.it-palugate.com/destinasi-wisata-adilah-garden-terpopuler-di-kota-palu/
16:17:52 | INFO    | [330/2708] Mencari: Taman Literasi dan Adipura Kolaka Utara
16:17:52 | DEBUG   | [L1 Wiki] Error: Expecting value: line 1 column 1 (char 0)
16:17:52 | DEBUG   |       L1 Gagal, mencoba L2 DDGS...
16:17:59 | INFO    |       => Sukses dari: https://id.wikipedia.org/wiki/Kabupaten_Kolaka_Utara
16:18:00 | INFO    | [331/2708] Mencari: Gunung Klabat
16:18:00 | DEBUG   | [L1 Wiki] Error: Expecting value: line 1 column 1 (char 0)
16:18:00 | DEBUG   |       L1 Gagal, mencoba L2 DDGS...
16:18:10 | INFO    |       => Sukses dari: https://id.wikipedia.org/wiki/Gunung_Klabat
16:18:11 | INFO    | [332/2708] Mencari: Pantai Mahembang
16:18:11 | DEBUG   | [L1 Wiki] Error: Expecting value: line 1 column 1 (char 0)
16:18:11 | DEBUG   |       L1 Gagal, mencoba L2 DDGS...
16:18:22 | INFO    |       => Sukses dari: https://www.kompasiana.com/bryant/580762c9509773cc612548f6/pantai-mahembang-pesona-kawasan-timur-minahasa
16:18:23 | INFO    | [333/2708] Mencari: Taman Turatea
16:18:23 | DEBUG   | [L1 Wiki] Error: Expecting value: line 1 column 1 (char 0)
16:18:23 | DEBUG   |       L1 Gagal, mencoba L2 DDGS...
16:18:29 | INFO    |       => Sukses dari: https://id.wikipedia.org/wiki/Turatea,_Jeneponto
16:18:30 | INFO    | [334/2708] Mencari: Raja Ampat Bollangi Gowa
16:18:30 | DEBUG   | [L1 Wiki] Error: Expecting value: line 1 column 1 (char 0)
16:18:30 | DEBUG   |       L1 Gagal, mencoba L2 DDGS...
16:18:37 | INFO    |       => Sukses dari: https://www.detik.com/sulsel/wisata/d-6563483/wisata-puncak-bollangi-gowa-panorama-alam-bak-raja-ampat
16:18:39 | INFO    | [335/2708] Mencari: Air Terjun Lembanna
16:18:39 | DEBUG   | [L1 Wiki] Error: Expecting value: line 1 column 1 (char 0)
16:18:39 | DEBUG   |       L1 Gagal, mencoba L2 DDGS...
16:18:45 | INFO    |       => Sukses dari: https://smartcity.gowakab.go.id/wisata_alam/air-terjun-lembanna/20
16:18:47 | INFO    | [336/2708] Mencari: Kebun Raya UHO
16:18:47 | DEBUG   | [L1 Wiki] Error: Expecting value: line 1 column 1 (char 0)
16:18:47 | DEBUG   |       L1 Gagal, mencoba L2 DDGS...
16:18:51 | INFO    |       => Sukses dari: https://travel.kompas.com/read/2023/08/22/233257727/25-tempat-wisata-kendari-lengkap-ada-pantai-dan-bukit?page=all
16:18:53 | INFO    | [337/2708] Mencari: TAMAN CALLACCU
16:18:53 | DEBUG   | [L1 Wiki] Error: Expecting value: line 1 column 1 (char 0)
16:18:53 | DEBUG   |       L1 Gagal, mencoba L2 DDGS...
16:19:04 | DEBUG   | [L2 DDGS] Error: ('error sending request for url (https://yandex.com/search/site/?text=TAMAN+CALLACCU+Kabupaten+Wajo+wisata&web=1&searchid=5172644)', 'https://yandex.com/search/site/?text=TAMAN+CALLACCU+Kabupaten+Wajo+wisata&web=1&searchid=5172644')
16:19:04 | INFO    |       => Gagal mencari deskripsi.
16:19:06 | INFO    | [338/2708] Mencari: Aer Konde Ratahan
16:19:06 | DEBUG   | [L1 Wiki] Error: Expecting value: line 1 column 1 (char 0)
16:19:06 | DEBUG   |       L1 Gagal, mencoba L2 DDGS...
16:19:11 | INFO    |       => Sukses dari: https://id.wikipedia.org/wiki/Ratahan,_Minahasa_Tenggara
16:19:12 | INFO    | [339/2708] Mencari: Pantai Tanjung Barat Barombong
16:19:12 | DEBUG   | [L1 Wiki] Error: Expecting value: line 1 column 1 (char 0)
16:19:12 | DEBUG   |       L1 Gagal, mencoba L2 DDGS...
16:19:25 | INFO    |       => Sukses dari: https://www.detik.com/sulsel/wisata/d-6100544/pesona-pantai-biru-makassar-sediakan-lokasi-pesta-pernikahan-outdoor
16:19:27 | INFO    | [340/2708] Mencari: Mini Showfarm Bantaeng
16:19:27 | DEBUG   | [L1 Wiki] Error: Expecting value: line 1 column 1 (char 0)
16:19:27 | DEBUG   |       L1 Gagal, mencoba L2 DDGS...
16:19:33 | INFO    |       => Sukses dari: https://sulsel.idntimes.com/travel/destination/5-tempat-wisata-ini-harus-kamu-datangi-saat-liburan-ke-bantaeng-00-g3swn-qqz9l1
16:19:34 | INFO    | *** Auto-saving 340 baris diproses...
16:19:34 | INFO    | [341/2708] Mencari: Wisata Tanjung Cemara Batu Buaya
16:19:34 | DEBUG   | [L1 Wiki] Error: Expecting value: line 1 column 1 (char 0)
16:19:34 | DEBUG   |       L1 Gagal, mencoba L2 DDGS...
16:19:39 | DEBUG   | [L2 DDGS] Error: ConnectError: ConnectError('error sending request for url (https://html.duckduckgo.com/html/)', 'https://html.duckduckgo.com/html/')
16:19:39 | INFO    |       => Gagal mencari deskripsi.
16:19:41 | INFO    | [342/2708] Mencari: TAMAN KOTA
16:19:41 | DEBUG   | [L1 Wiki] Error: Expecting value: line 1 column 1 (char 0)
16:19:41 | DEBUG   |       L1 Gagal, mencoba L2 DDGS...
16:19:47 | INFO    |       => Sukses dari: https://id.wikipedia.org/wiki/Kota_Kotamobagu
16:19:48 | INFO    | [343/2708] Mencari: Festival Sungai Mandar
16:19:48 | DEBUG   | [L1 Wiki] Error: Expecting value: line 1 column 1 (char 0)
16:19:48 | DEBUG   |       L1 Gagal, mencoba L2 DDGS...
16:19:55 | INFO    |       => Sukses dari: https://www.celebes.co/tempat-wisata-makassar
16:19:56 | INFO    | [344/2708] Mencari: Diana Waterpark
16:19:56 | DEBUG   | [L1 Wiki] Error: Expecting value: line 1 column 1 (char 0)
16:19:56 | DEBUG   |       L1 Gagal, mencoba L2 DDGS...
16:20:03 | INFO    |       => Sukses dari: https://salsawisata.com/diana-waterpark/
16:20:05 | INFO    | [345/2708] Mencari: Batu Goro'e (Sumpang Labbu)
16:20:05 | DEBUG   | [L1 Wiki] Error: Expecting value: line 1 column 1 (char 0)
16:20:05 | DEBUG   |       L1 Gagal, mencoba L2 DDGS...
16:20:14 | INFO    |       => Sukses dari: https://sulselekspres.com/pemkab-bone-gelar-sidang-cagar-budaya/
16:20:15 | INFO    | [346/2708] Mencari: TAHURA Abdul Latief
16:20:15 | DEBUG   | [L1 Wiki] Error: Expecting value: line 1 column 1 (char 0)
16:20:15 | DEBUG   |       L1 Gagal, mencoba L2 DDGS...
16:20:20 | INFO    |       => Sukses dari: https://id.wikipedia.org/wiki/Taman_Hutan_Raya_Abdul_Latief
16:20:21 | INFO    | [347/2708] Mencari: Danau Tanralili
16:20:21 | DEBUG   | [L1 Wiki] Error: Expecting value: line 1 column 1 (char 0)
16:20:21 | DEBUG   |       L1 Gagal, mencoba L2 DDGS...
16:20:26 | INFO    |       => Sukses dari: https://smartcity.gowakab.go.id/wisata_alam/danau-tanralili/3
16:20:27 | INFO    | [348/2708] Mencari: Manado Skyline Tetempangan Hill
16:20:27 | DEBUG   | [L1 Wiki] Error: Expecting value: line 1 column 1 (char 0)
16:20:27 | DEBUG   |       L1 Gagal, mencoba L2 DDGS...
16:20:36 | INFO    |       => Sukses dari: https://totabuan.news/2017/09/manado-skyline-tetempengan-hill-diyakini-mampu-menarik-wisatawan-asing/
16:20:37 | INFO    | [349/2708] Mencari: Tunan Waterfalls
16:20:37 | DEBUG   | [L1 Wiki] Error: Expecting value: line 1 column 1 (char 0)
16:20:37 | DEBUG   |       L1 Gagal, mencoba L2 DDGS...
16:20:44 | INFO    |       => Sukses dari: https://beautyofindonesia.com/id/wisata/wisata-alam/air-terjun-tunan
16:20:46 | INFO    | [350/2708] Mencari: Taman Kota Donggala
16:20:46 | DEBUG   | [L1 Wiki] Error: Expecting value: line 1 column 1 (char 0)
16:20:46 | DEBUG   |       L1 Gagal, mencoba L2 DDGS...
16:20:59 | INFO    |       => Sukses dari: https://heyzine.com/flip-book/dbad75b257.html
16:21:00 | INFO    | [351/2708] Mencari: Monumen Ganggawa
16:21:00 | DEBUG   | [L1 Wiki] Error: Expecting value: line 1 column 1 (char 0)
16:21:00 | DEBUG   |       L1 Gagal, mencoba L2 DDGS...
16:21:19 | DEBUG   | [L2 BS4] Gagal ekstraksi url https://ejournal.sumbarprov.go.id/index.php/jpn/article/view/395 -> HTTPSConnectionPool(host='ejournal.sumbarprov.go.id', port=443): Read timed out. (read timeout=8)
16:21:22 | INFO    |       => Sukses dari: https://idfirms.com/sulawesi-selatan/monumen-makam-pahlawan-ganggawa-181099
16:21:24 | INFO    | [352/2708] Mencari: Air Terjun Tunan Talawaan
16:21:24 | DEBUG   | [L1 Wiki] Error: Expecting value: line 1 column 1 (char 0)
16:21:24 | DEBUG   |       L1 Gagal, mencoba L2 DDGS...
16:21:30 | INFO    |       => Sukses dari: https://id.wikipedia.org/wiki/Talawaan,_Minahasa_Utara
16:21:32 | INFO    | [353/2708] Mencari: Taman Wisata Danau Linow
16:21:32 | DEBUG   | [L1 Wiki] Error: Expecting value: line 1 column 1 (char 0)
16:21:32 | DEBUG   |       L1 Gagal, mencoba L2 DDGS...
16:21:38 | INFO    |       => Sukses dari: https://travel.kompas.com/read/2025/01/13/190500427/danau-linow-tomohon-harga-tiket-jam-buka-dan-lokasi
16:21:39 | INFO    | [354/2708] Mencari: Air Terjun Tama'lulua
16:21:39 | DEBUG   | [L1 Wiki] Error: Expecting value: line 1 column 1 (char 0)
16:21:39 | DEBUG   |       L1 Gagal, mencoba L2 DDGS...
16:21:47 | INFO    |       => Sukses dari: https://www.detik.com/sulsel/wisata/d-6896687/10-rekomendasi-tempat-wisata-di-jeneponto-untuk-liburan-seru
16:21:49 | INFO    | [355/2708] Mencari: Monumen Trikora Salakan
16:21:49 | DEBUG   | [L1 Wiki] Error: Expecting value: line 1 column 1 (char 0)
16:21:49 | DEBUG   |       L1 Gagal, mencoba L2 DDGS...
16:22:01 | DEBUG   | [L2 BS4] Gagal ekstraksi url https://banggaikep.go.id/portal/tag/monumen-trikora-jaya-wijaya-salakan/ -> HTTPSConnectionPool(host='banggaikep.go.id', port=443): Read timed out. (read timeout=8)
16:22:04 | INFO    |       => Sukses dari: https://kataomed.com/blog/tempat-wisata-kabupaten-banggai-kepulauan
16:22:05 | INFO    | [356/2708] Mencari: Sa'pak Bayobayo Sangalla Tana Toraja
16:22:05 | DEBUG   | [L1 Wiki] Error: Expecting value: line 1 column 1 (char 0)
16:22:05 | DEBUG   |       L1 Gagal, mencoba L2 DDGS...
16:22:11 | INFO    |       => Sukses dari: https://jadesta.kemenpar.go.id/desa/saluallo
16:22:12 | INFO    | [357/2708] Mencari: Tugu Kakao
16:22:12 | DEBUG   | [L1 Wiki] Error: Expecting value: line 1 column 1 (char 0)
16:22:12 | DEBUG   |       L1 Gagal, mencoba L2 DDGS...
16:22:18 | INFO    |       => Gagal mencari deskripsi.
16:22:19 | INFO    | [358/2708] Mencari: Pantai Batu Pinagut
16:22:19 | DEBUG   | [L1 Wiki] Error: Expecting value: line 1 column 1 (char 0)
16:22:19 | DEBUG   |       L1 Gagal, mencoba L2 DDGS...
16:22:24 | INFO    |       => Sukses dari: https://mahasiswa.ung.ac.id/291424024/home/2025/1/2/keunikan-kawasan-wisata-pantai-batu-pinagut-kabupaten-bolaang-monggondow-utara.html
16:22:25 | INFO    | [359/2708] Mencari: Pemandian Uwelera Porame
16:22:25 | DEBUG   | [L1 Wiki] Error: Expecting value: line 1 column 1 (char 0)
16:22:25 | DEBUG   |       L1 Gagal, mencoba L2 DDGS...
16:22:31 | INFO    |       => Sukses dari: https://sites.google.com/view/desaporame/home
16:22:32 | INFO    | [360/2708] Mencari: Pantai Minanga
16:22:32 | DEBUG   | [L1 Wiki] Error: Expecting value: line 1 column 1 (char 0)
16:22:32 | DEBUG   |       L1 Gagal, mencoba L2 DDGS...
16:22:42 | INFO    |       => Sukses dari: https://www.idntimes.com/travel/destination/5-wisata-pantai-di-gorontalo-utara-yang-wajib-dikunjungi-menakjubkan-01-b9stm-7wcjm1
16:22:44 | INFO    | *** Auto-saving 360 baris diproses...
16:22:44 | INFO    | [361/2708] Mencari: Pantai Taipa
16:22:44 | DEBUG   | [L1 Wiki] Error: Expecting value: line 1 column 1 (char 0)
16:22:44 | DEBUG   |       L1 Gagal, mencoba L2 DDGS...
16:22:54 | INFO    |       => Sukses dari: https://regional.kompas.com/read/2023/01/21/232121678/pantai-taipa-daya-tarik-haga-tiket-dan-rute
16:22:56 | INFO    | [362/2708] Mencari: Dusun touba
16:22:56 | DEBUG   | [L1 Wiki] Error: Expecting value: line 1 column 1 (char 0)
16:22:56 | DEBUG   |       L1 Gagal, mencoba L2 DDGS...
16:23:03 | INFO    |       => Gagal mencari deskripsi.
16:23:04 | INFO    | [363/2708] Mencari: Kolam Renang Lombongo, Bone Bolango
16:23:04 | DEBUG   | [L1 Wiki] Error: Expecting value: line 1 column 1 (char 0)
16:23:04 | DEBUG   |       L1 Gagal, mencoba L2 DDGS...
16:23:09 | INFO    |       => Sukses dari: https://travel.kompas.com/read/2016/03/21/074948927/Lombongo.Kesegaran.Alam.di.Kaki.Gunung.Tilong.Kabila.Gorontalo
16:23:10 | INFO    | [364/2708] Mencari: Pantai Kaluku
16:23:10 | DEBUG   | [L1 Wiki] Error: Expecting value: line 1 column 1 (char 0)
16:23:10 | DEBUG   |       L1 Gagal, mencoba L2 DDGS...
16:23:16 | INFO    |       => Sukses dari: https://id.wikipedia.org/wiki/Pantai_Kaluku
16:23:18 | INFO    | [365/2708] Mencari: Objek Wisata Palawa'
16:23:18 | DEBUG   | [L1 Wiki] Error: Expecting value: line 1 column 1 (char 0)
16:23:18 | DEBUG   |       L1 Gagal, mencoba L2 DDGS...
16:23:24 | INFO    |       => Sukses dari: https://id.wikipedia.org/wiki/Kabupaten_Toraja_Utara
16:23:26 | INFO    | [366/2708] Mencari: Pantai Pulau Liukang Loe
16:23:26 | DEBUG   | [L1 Wiki] Error: Expecting value: line 1 column 1 (char 0)
16:23:26 | DEBUG   |       L1 Gagal, mencoba L2 DDGS...
16:23:36 | INFO    |       => Sukses dari: https://www.bulukumbakab.go.id/rubrik/pulau-liukang-loe
16:23:37 | INFO    | [367/2708] Mencari: Wisata Mangambang
16:23:37 | DEBUG   | [L1 Wiki] Error: Expecting value: line 1 column 1 (char 0)
16:23:37 | DEBUG   |       L1 Gagal, mencoba L2 DDGS...
16:23:46 | INFO    |       => Sukses dari: https://id.wikipedia.org/wiki/Agrowisata_Mangambang_575
16:23:48 | INFO    | [368/2708] Mencari: LAPANGAN BUA' HONTINIMBANG MANOPPO
16:23:48 | DEBUG   | [L1 Wiki] Error: Expecting value: line 1 column 1 (char 0)
16:23:48 | DEBUG   |       L1 Gagal, mencoba L2 DDGS...
16:23:55 | INFO    |       => Sukses dari: https://detotabuan.com/bolaang-mongondow-raya/kotamobagu/aleg-reggie-manoppo-harap-alun-alun-lapangan-boki-hotinimbang-jadi-ikon-wisata-di-kotamobagu/
16:23:56 | INFO    | [369/2708] Mencari: Pantai Maesa
16:23:56 | DEBUG   | [L1 Wiki] Error: Expecting value: line 1 column 1 (char 0)
16:23:56 | DEBUG   |       L1 Gagal, mencoba L2 DDGS...
16:24:02 | INFO    |       => Sukses dari: https://www.penamitrabhayangkara.com/polairud-turun-ke-pesisir-jumat-bersih-di-maesa-jadi-alarm-kesadaran-lingkungan/
16:24:04 | INFO    | [370/2708] Mencari: Buttu Macca
16:24:04 | DEBUG   | [L1 Wiki] Error: Expecting value: line 1 column 1 (char 0)
16:24:04 | DEBUG   |       L1 Gagal, mencoba L2 DDGS...
16:24:10 | INFO    |       => Sukses dari: https://www.idntimes.com/travel/destination/wisata-makassar-00-r2xpr-28qbj8
16:24:11 | INFO    | [371/2708] Mencari: Permandian Topa
16:24:11 | DEBUG   | [L1 Wiki] Error: Expecting value: line 1 column 1 (char 0)
16:24:11 | DEBUG   |       L1 Gagal, mencoba L2 DDGS...
16:24:18 | INFO    |       => Sukses dari: https://www.celebes.co/permandian-topa-muna
16:24:20 | INFO    | [372/2708] Mencari: Wisata Air Panas Bora
16:24:20 | DEBUG   | [L1 Wiki] Error: Expecting value: line 1 column 1 (char 0)
16:24:20 | DEBUG   |       L1 Gagal, mencoba L2 DDGS...
16:24:27 | INFO    |       => Sukses dari: https://www.geokepo.id/id/lokasi/sigi/wisata-air-panas-bora
16:24:29 | INFO    | [373/2708] Mencari: Gunung Lokon
16:24:29 | DEBUG   | [L1 Wiki] Error: Expecting value: line 1 column 1 (char 0)
16:24:29 | DEBUG   |       L1 Gagal, mencoba L2 DDGS...
16:24:33 | INFO    |       => Sukses dari: https://sulsel.idntimes.com/travel/destination/mengenal-5-fakta-menarik-gunung-lokon-di-tomohon-di-sulawesi-utara-01-dtc5h-q7xcld
16:24:34 | INFO    | [374/2708] Mencari: Wisata Hutan Pinus Rombeng
16:24:34 | DEBUG   | [L1 Wiki] Error: Expecting value: line 1 column 1 (char 0)
16:24:34 | DEBUG   |       L1 Gagal, mencoba L2 DDGS...
16:24:40 | INFO    |       => Sukses dari: https://sulsel.idntimes.com/travel/destination/5-keindahan-hutan-pinus-rombeng-di-bantaeng-tempat-camping-favorit-01-l1mt2-nc5386
16:24:41 | INFO    | [375/2708] Mencari: Pantai Ria Kolaka Cocoa City
16:24:41 | DEBUG   | [L1 Wiki] Error: Expecting value: line 1 column 1 (char 0)
16:24:41 | DEBUG   |       L1 Gagal, mencoba L2 DDGS...
16:24:46 | INFO    |       => Sukses dari: https://www.tokopedia.com/blog/travel-tempat-wisata-kolaka-terbaik/
16:24:47 | INFO    | [376/2708] Mencari: Taman Wisata Mahoni
16:24:47 | DEBUG   | [L1 Wiki] Error: Expecting value: line 1 column 1 (char 0)
16:24:47 | DEBUG   |       L1 Gagal, mencoba L2 DDGS...
16:24:55 | INFO    |       => Sukses dari: https://tomohon.go.id/objek-wisata/
16:24:56 | INFO    | [377/2708] Mencari: Puncak Amarilis Kota Kendari
16:24:56 | DEBUG   | [L1 Wiki] Error: Expecting value: line 1 column 1 (char 0)
16:24:56 | DEBUG   |       L1 Gagal, mencoba L2 DDGS...
16:25:03 | INFO    |       => Sukses dari: https://travel.kompas.com/read/2023/08/22/233257727/25-tempat-wisata-kendari-lengkap-ada-pantai-dan-bukit?page=all
16:25:05 | INFO    | [378/2708] Mencari: SAUNG REWAKO
16:25:05 | DEBUG   | [L1 Wiki] Error: Expecting value: line 1 column 1 (char 0)
16:25:05 | DEBUG   |       L1 Gagal, mencoba L2 DDGS...
16:25:13 | DEBUG   | [L2 BS4] Gagal ekstraksi url https://jadesta.kemenparekraf.go.id/desa/kampung_rewako_jenetallasa -> HTTPSConnectionPool(host='jadesta.kemenparekraf.go.id', port=443): Max retries exceeded with url: /desa/kampung_rewako_jenetallasa (Caused by NameResolutionError("HTTPSConnection(host='jadesta.kemenparekraf.go.id', port=443): Failed to resolve 'jadesta.kemenparekraf.go.id' ([Errno 11002] getaddrinfo failed)"))
16:25:26 | INFO    |       => Sukses dari: https://yudhaindonesiannews.com/2022/04/03/saung-rewako-jenetallasa-gowa-destinasi-wisata-berbasis-agrowisata/
16:25:27 | INFO    | [379/2708] Mencari: PUNCAK SOROMBIPI
16:25:27 | DEBUG   | [L1 Wiki] Error: Expecting value: line 1 column 1 (char 0)
16:25:27 | DEBUG   |       L1 Gagal, mencoba L2 DDGS...
16:25:33 | INFO    |       => Sukses dari: https://seringjalan.com/6-tempat-wisata-di-tirawuta-kabupaten-kolaka-timur/
16:25:35 | INFO    | [380/2708] Mencari: Tanggul Reklamasi Kolonodale
16:25:35 | DEBUG   | [L1 Wiki] Error: Expecting value: line 1 column 1 (char 0)
16:25:35 | DEBUG   |       L1 Gagal, mencoba L2 DDGS...
16:25:40 | INFO    |       => Sukses dari: https://liburanmurah.com/tanggul-reklamasi-kolonodale-benteng-baru-di-morowali-utara/
16:25:42 | INFO    | *** Auto-saving 380 baris diproses...
16:25:42 | INFO    | [381/2708] Mencari: Lasonrai Beach
16:25:42 | DEBUG   | [L1 Wiki] Error: Expecting value: line 1 column 1 (char 0)
16:25:42 | DEBUG   |       L1 Gagal, mencoba L2 DDGS...
16:25:52 | INFO    |       => Sukses dari: https://travel.tribunnews.com/destinasi/140786/itinerary-barru-1-hari-dari-maros-jelajah-alam-berdua-bujet-rp-230-ribu
16:25:53 | INFO    | [382/2708] Mencari: Monumen Lasinrang
16:25:53 | DEBUG   | [L1 Wiki] Error: Expecting value: line 1 column 1 (char 0)
16:25:53 | DEBUG   |       L1 Gagal, mencoba L2 DDGS...
16:26:02 | INFO    |       => Sukses dari: https://tamamtravel.id/menyusuri-keindahan-dan-sejarah-di-4-tempat-populer-di-pinrang-sulawesi-selatan/
16:26:04 | INFO    | [383/2708] Mencari: Pantai Pandan Wangi
16:26:04 | DEBUG   | [L1 Wiki] Error: Expecting value: line 1 column 1 (char 0)
16:26:04 | DEBUG   |       L1 Gagal, mencoba L2 DDGS...
16:26:10 | INFO    |       => Sukses dari: https://id.wikipedia.org/wiki/Pandan_Wangi,_Toili_Barat,_Banggai
16:26:11 | INFO    | [384/2708] Mencari: Pulisan Beach
16:26:11 | DEBUG   | [L1 Wiki] Error: Expecting value: line 1 column 1 (char 0)
16:26:11 | DEBUG   |       L1 Gagal, mencoba L2 DDGS...
16:26:17 | INFO    |       => Sukses dari: https://regional.kompas.com/read/2024/04/20/161301078/pantai-pulisan-di-sulawesi-utara-daya-tarik-harga-tiket-dan-rute
16:26:18 | INFO    | [385/2708] Mencari: Gunung Tumpa
16:26:18 | DEBUG   | [L1 Wiki] Error: Expecting value: line 1 column 1 (char 0)
16:26:18 | DEBUG   |       L1 Gagal, mencoba L2 DDGS...
16:26:24 | INFO    |       => Sukses dari: https://travel.kompas.com/read/2020/09/28/154200127/25-tempat-wisata-manado-dan-sekitarnya-yang-wajib-dikunjungi?page=all
16:26:25 | INFO    | [386/2708] Mencari: RANOLEWO
16:26:25 | DEBUG   | [L1 Wiki] Error: Expecting value: line 1 column 1 (char 0)
16:26:25 | DEBUG   |       L1 Gagal, mencoba L2 DDGS...
16:26:29 | INFO    |       => Sukses dari: https://newsmaker.tribunnews.com/2025/05/02/cuma-45-menit-dari-pusat-minahasa-ada-danau-secantik-ini-cocok-untuk-healing-di-akhir-pekan
16:26:30 | INFO    | [387/2708] Mencari: Air Terjun Loli Tasiburi
16:26:31 | DEBUG   | [L1 Wiki] Error: Expecting value: line 1 column 1 (char 0)
16:26:31 | DEBUG   |       L1 Gagal, mencoba L2 DDGS...
16:26:36 | DEBUG   | [L2 DDGS] Error: ConnectError: ConnectError('error sending request for url (https://html.duckduckgo.com/html/)', 'https://html.duckduckgo.com/html/')
16:26:36 | INFO    |       => Gagal mencari deskripsi.
16:26:37 | INFO    | [388/2708] Mencari: Pantai Kuri Maros
16:26:37 | DEBUG   | [L1 Wiki] Error: Expecting value: line 1 column 1 (char 0)
16:26:37 | DEBUG   |       L1 Gagal, mencoba L2 DDGS...
16:26:44 | INFO    |       => Sukses dari: https://id.wikipedia.org/wiki/Pantai_Kuri_Caddi
16:26:46 | INFO    | [389/2708] Mencari: PPLH Puntondo
16:26:46 | DEBUG   | [L1 Wiki] Error: Expecting value: line 1 column 1 (char 0)
16:26:46 | DEBUG   |       L1 Gagal, mencoba L2 DDGS...
16:27:02 | DEBUG   | [L2 BS4] Gagal ekstraksi url https://www.detik.com/sulsel/wisata/d-7031469/pplh-puntondo-takalar-wisata-edukasi-seru-yang-patut-dikunjungi -> HTTPSConnectionPool(host='www.detik.com', port=443): Read timed out.
16:27:03 | INFO    |       => Sukses dari: https://laikang.digitaldesa.id/wisata/asyiknya-wisata-sambil-belajar-di-pplh-puntondo
16:27:04 | INFO    | [390/2708] Mencari: Baruga Somba Opu
16:27:04 | DEBUG   | [L1 Wiki] Error: Expecting value: line 1 column 1 (char 0)
16:27:04 | DEBUG   |       L1 Gagal, mencoba L2 DDGS...
16:27:09 | INFO    |       => Sukses dari: https://sulsel.idntimes.com/travel/destination/5-aktivitas-wisata-menarik-di-benteng-somba-opu-00-g3swn-qbw14k
16:27:11 | INFO    | [391/2708] Mencari: Pantai Wambuliga
16:27:11 | DEBUG   | [L1 Wiki] Error: Expecting value: line 1 column 1 (char 0)
16:27:11 | DEBUG   |       L1 Gagal, mencoba L2 DDGS...
16:27:16 | INFO    |       => Sukses dari: https://www.msn.com/id-id/travel/aktivitas-luar-ruangan/itinerary-pantai-wambuliga-wakatobi-snorkeling-berdua-bujet-rp-600-ribu/ar-AA1TUAQC
16:27:18 | INFO    | [392/2708] Mencari: Rumah Adat Mamuju
16:27:18 | DEBUG   | [L1 Wiki] Error: Expecting value: line 1 column 1 (char 0)
16:27:18 | DEBUG   |       L1 Gagal, mencoba L2 DDGS...
16:27:25 | INFO    |       => Sukses dari: https://www.indonesia.travel/cn/zh-cn/destination/sulawesi/west-sulawesi/rumah-adat-mamuju/
16:27:26 | INFO    | [393/2708] Mencari: Pantai palippis
16:27:26 | DEBUG   | [L1 Wiki] Error: Expecting value: line 1 column 1 (char 0)
16:27:26 | DEBUG   |       L1 Gagal, mencoba L2 DDGS...
16:27:34 | INFO    |       => Sukses dari: https://travel.detik.com/domestic-destination/d-4394985/satu-lagi-surga-di-sulawesi-pantai-pasir-putih-palippis
16:27:36 | INFO    | [394/2708] Mencari: Hutan Pinus RITA MALOMPOA BISSOLORO
16:27:36 | DEBUG   | [L1 Wiki] Error: Expecting value: line 1 column 1 (char 0)
16:27:36 | DEBUG   |       L1 Gagal, mencoba L2 DDGS...
16:27:45 | INFO    |       => Sukses dari: https://smartcity.gowakab.go.id/wisata_alam/hutan-pinus-rita-malompoa-bissoloro/2
16:27:47 | INFO    | [395/2708] Mencari: Lembah Lohe
16:27:47 | DEBUG   | [L1 Wiki] Error: Expecting value: line 1 column 1 (char 0)
16:27:47 | DEBUG   |       L1 Gagal, mencoba L2 DDGS...
16:27:50 | INFO    |       => Sukses dari: https://smartcity.gowakab.go.id/wisata_alam/lembah-lohe/14
16:27:52 | INFO    | [396/2708] Mencari: Pantai Katembe
16:27:52 | DEBUG   | [L1 Wiki] Error: Expecting value: line 1 column 1 (char 0)
16:27:52 | DEBUG   |       L1 Gagal, mencoba L2 DDGS...
16:27:57 | INFO    |       => Sukses dari: https://beautyofindonesia.com/id/wisata/wisata-alam/pantai-katembe
16:27:58 | INFO    | [397/2708] Mencari: Pantai Sabang Toli toli
16:27:58 | DEBUG   | [L1 Wiki] Error: Expecting value: line 1 column 1 (char 0)
16:27:58 | DEBUG   |       L1 Gagal, mencoba L2 DDGS...
16:28:05 | DEBUG   | [L2 BS4] Gagal ekstraksi url https://jadesta.kemenparekraf.go.id/desa/pantai_sabang -> HTTPSConnectionPool(host='jadesta.kemenparekraf.go.id', port=443): Max retries exceeded with url: /desa/pantai_sabang (Caused by NameResolutionError("HTTPSConnection(host='jadesta.kemenparekraf.go.id', port=443): Failed to resolve 'jadesta.kemenparekraf.go.id' ([Errno 11002] getaddrinfo failed)"))
16:28:06 | INFO    |       => Sukses dari: https://www.sultanbantilanairport.com/destinasi/pantai-sabang-tende/
16:28:08 | INFO    | [398/2708] Mencari: Taman Rekreasi Puncak Mowewe
16:28:08 | DEBUG   | [L1 Wiki] Error: Expecting value: line 1 column 1 (char 0)
16:28:08 | DEBUG   |       L1 Gagal, mencoba L2 DDGS...
16:28:14 | INFO    |       => Sukses dari: https://www.floreseditorial.com/wisata/39715994421/15-destinasi-wisata-terindah-di-kolaka-timur-surganya-sulawesi-tenggara
16:28:15 | INFO    | [399/2708] Mencari: Mampie
16:28:15 | DEBUG   | [L1 Wiki] Error: Expecting value: line 1 column 1 (char 0)
16:28:15 | DEBUG   |       L1 Gagal, mencoba L2 DDGS...
16:28:24 | DEBUG   | [L2 BS4] Gagal ekstraksi url https://jadesta.kemenparekraf.go.id/desa/mampie -> HTTPSConnectionPool(host='jadesta.kemenparekraf.go.id', port=443): Max retries exceeded with url: /desa/mampie (Caused by NameResolutionError("HTTPSConnection(host='jadesta.kemenparekraf.go.id', port=443): Failed to resolve 'jadesta.kemenparekraf.go.id' ([Errno 11002] getaddrinfo failed)"))
16:28:26 | INFO    |       => Sukses dari: https://travel.detik.com/domestic-destination/d-4384745/mampie-si-cantik-menggoda-dari-polewali-mandar
16:28:28 | INFO    | [400/2708] Mencari: Air Terjun Vera
16:28:28 | DEBUG   | [L1 Wiki] Error: Expecting value: line 1 column 1 (char 0)
16:28:28 | DEBUG   |       L1 Gagal, mencoba L2 DDGS...
16:28:32 | INFO    |       => Sukses dari: https://www.cedhak.com/sulawesi/1002/air-terjun-vera/
16:28:34 | INFO    | *** Auto-saving 400 baris diproses...
16:28:34 | INFO    | [401/2708] Mencari: Danau Napabale
16:28:34 | DEBUG   | [L1 Wiki] Error: Expecting value: line 1 column 1 (char 0)
16:28:34 | DEBUG   |       L1 Gagal, mencoba L2 DDGS...
16:28:40 | INFO    |       => Sukses dari: https://id.wikipedia.org/wiki/Danau_Napabale
16:28:42 | INFO    | [402/2708] Mencari: Monumen Tuhan Yesus Raja Memberkati
16:28:42 | DEBUG   | [L1 Wiki] Error: Expecting value: line 1 column 1 (char 0)
16:28:42 | DEBUG   |       L1 Gagal, mencoba L2 DDGS...
16:28:49 | INFO    |       => Sukses dari: https://id.wikipedia.org/wiki/Kabupaten_Kepulauan_Talaud
16:28:50 | INFO    | [403/2708] Mencari: Wisata Tugu Perdamaian
16:28:50 | DEBUG   | [L1 Wiki] Error: Expecting value: line 1 column 1 (char 0)
16:28:50 | DEBUG   |       L1 Gagal, mencoba L2 DDGS...
16:28:55 | INFO    |       => Sukses dari: https://id.wikipedia.org/wiki/Tugu_Perdamaian_Nosarara_Nosabatutu
16:28:56 | INFO    | [404/2708] Mencari: Pantai Pasangkayu Mamuju Utara
16:28:56 | DEBUG   | [L1 Wiki] Error: Expecting value: line 1 column 1 (char 0)
16:28:56 | DEBUG   |       L1 Gagal, mencoba L2 DDGS...
16:29:07 | INFO    |       => Sukses dari: https://www.trepelin.com/pantai-pasangkayu-3860
16:29:09 | INFO    | [405/2708] Mencari: Teluk Lalong
16:29:09 | DEBUG   | [L1 Wiki] Error: Expecting value: line 1 column 1 (char 0)
16:29:09 | DEBUG   |       L1 Gagal, mencoba L2 DDGS...
16:29:14 | INFO    |       => Sukses dari: https://id.wikipedia.org/wiki/Teluk_Lalong
16:29:16 | INFO    | [406/2708] Mencari: Taman Wisata Bola Pitue
16:29:16 | DEBUG   | [L1 Wiki] Error: Expecting value: line 1 column 1 (char 0)
16:29:16 | DEBUG   |       L1 Gagal, mencoba L2 DDGS...
16:29:22 | INFO    |       => Sukses dari: https://blog.pigijo.com/belajar-sejarah-di-taman-wisata-bola-pitue-barru-sulawesi-selatan/
16:29:24 | INFO    | [407/2708] Mencari: Pantai Salopi
16:29:24 | DEBUG   | [L1 Wiki] Error: Expecting value: line 1 column 1 (char 0)
16:29:24 | DEBUG   |       L1 Gagal, mencoba L2 DDGS...
16:29:29 | INFO    |       => Sukses dari: https://id.wikipedia.org/wiki/Kabupaten_Pinrang
16:29:30 | INFO    | [408/2708] Mencari: Pantai Punagaan
16:29:30 | DEBUG   | [L1 Wiki] Error: Expecting value: line 1 column 1 (char 0)
16:29:30 | DEBUG   |       L1 Gagal, mencoba L2 DDGS...
16:29:35 | INFO    |       => Sukses dari: https://pariwisata.kepulauanselayarkab.go.id/2019/03/pantai-punagaan/
16:29:36 | INFO    | [409/2708] Mencari: Wakatobi Dive Adventure
16:29:36 | DEBUG   | [L1 Wiki] Error: Expecting value: line 1 column 1 (char 0)
16:29:36 | DEBUG   |       L1 Gagal, mencoba L2 DDGS...
16:29:42 | INFO    |       => Sukses dari: https://indonesia.tripcanvas.co/id/sulawesi/panduan-wisata-ke-wakatobi/
16:29:44 | INFO    | [410/2708] Mencari: Pantai Boneoge
16:29:44 | DEBUG   | [L1 Wiki] Error: Expecting value: line 1 column 1 (char 0)
16:29:44 | DEBUG   |       L1 Gagal, mencoba L2 DDGS...
16:29:50 | INFO    |       => Sukses dari: https://id.wikipedia.org/wiki/Pantai_Boneoge
16:29:51 | INFO    | [411/2708] Mencari: Pantai Poganda
16:29:51 | DEBUG   | [L1 Wiki] Error: Expecting value: line 1 column 1 (char 0)
16:29:51 | DEBUG   |       L1 Gagal, mencoba L2 DDGS...
16:29:57 | INFO    |       => Sukses dari: https://www.goodnewsfromindonesia.id/2024/08/30/menjelajahi-pesona-pantai-poganda-surga-tersembunyi-di-banggai-kepulauan-dengan-laut-nan-jernih
16:29:58 | INFO    | [412/2708] Mencari: Lawere Beach Bonging Ponging
16:29:58 | DEBUG   | [L1 Wiki] Error: Expecting value: line 1 column 1 (char 0)
16:29:58 | DEBUG   |       L1 Gagal, mencoba L2 DDGS...
16:30:04 | DEBUG   | [L2 BS4] Gagal ekstraksi url https://sisparnas.kemenparekraf.go.id/p/53509 -> HTTPSConnectionPool(host='sisparnas.kemenparekraf.go.id', port=443): Max retries exceeded with url: /p/53509 (Caused by NameResolutionError("HTTPSConnection(host='sisparnas.kemenparekraf.go.id', port=443): Failed to resolve 'sisparnas.kemenparekraf.go.id' ([Errno 11002] getaddrinfo failed)"))
16:30:06 | INFO    |       => Sukses dari: https://berita-online.com/2022/08/14/beragam-wahana-dan-menu-kuliner-objek-wisata-pantai-lawere-beach-diserbu-pengunjung/
16:30:07 | INFO    | [413/2708] Mencari: Pantai INDO BEACH LALUMPE
16:30:07 | DEBUG   | [L1 Wiki] Error: Expecting value: line 1 column 1 (char 0)
16:30:07 | DEBUG   |       L1 Gagal, mencoba L2 DDGS...
16:30:12 | INFO    |       => Sukses dari: https://id.wikipedia.org/wiki/Lalumpe,_Kombi,_Minahasa
16:30:13 | INFO    | [414/2708] Mencari: Buntu Pune
16:30:13 | DEBUG   | [L1 Wiki] Error: Expecting value: line 1 column 1 (char 0)
16:30:13 | DEBUG   |       L1 Gagal, mencoba L2 DDGS...
16:30:25 | DEBUG   | [L2 BS4] Gagal ekstraksi url https://disbudpar.torajautarakab.go.id/page/wisata/93/@visittorajautara -> HTTPSConnectionPool(host='disbudpar.torajautarakab.go.id', port=443): Max retries exceeded with url: /page/wisata/93/@visittorajautara (Caused by ConnectTimeoutError(<HTTPSConnection(host='disbudpar.torajautarakab.go.id', port=443) at 0x20bd9b3f750>, 'Connection to disbudpar.torajautarakab.go.id timed out. (connect timeout=8)'))
16:30:31 | INFO    |       => Sukses dari: https://www.visittoraja.com/destination/toraja/buntu-pune/
16:30:32 | INFO    | [415/2708] Mencari: Pemandian Air Panas Pincara
16:30:32 | DEBUG   | [L1 Wiki] Error: Expecting value: line 1 column 1 (char 0)
16:30:32 | DEBUG   |       L1 Gagal, mencoba L2 DDGS...
16:30:39 | INFO    |       => Sukses dari: https://www.detik.com/sulsel/wisata/d-6908956/19-rekomendasi-tempat-wisata-di-luwu-utara-yang-menarik-dikunjungi
16:30:40 | INFO    | [416/2708] Mencari: Padang Indah Allepperengnge
16:30:40 | DEBUG   | [L1 Wiki] Error: Expecting value: line 1 column 1 (char 0)
16:30:40 | DEBUG   |       L1 Gagal, mencoba L2 DDGS...
16:30:49 | INFO    |       => Sukses dari: https://disparpora.barrukab.go.id/wisata/padang-indah-allepperengnge
16:30:51 | INFO    | [417/2708] Mencari: Masjid Besar DARUSSALAM Belawa
16:30:51 | DEBUG   | [L1 Wiki] Error: Expecting value: line 1 column 1 (char 0)
16:30:51 | DEBUG   |       L1 Gagal, mencoba L2 DDGS...
16:30:57 | INFO    |       => Sukses dari: https://id.wikipedia.org/wiki/Belawa,_Wajo
16:30:58 | INFO    | [418/2708] Mencari: BUKIT NATO,Lolai negri diatas awan
16:30:58 | DEBUG   | [L1 Wiki] Error: Expecting value: line 1 column 1 (char 0)
16:30:58 | DEBUG   |       L1 Gagal, mencoba L2 DDGS...
16:31:12 | DEBUG   | [L2 BS4] Gagal ekstraksi url https://disbudpar.torajautarakab.go.id/page/wisata/97/kawasan-negeri-diatas-awan -> HTTPSConnectionPool(host='disbudpar.torajautarakab.go.id', port=443): Max retries exceeded with url: /page/wisata/97/kawasan-negeri-diatas-awan (Caused by ConnectTimeoutError(<HTTPSConnection(host='disbudpar.torajautarakab.go.id', port=443) at 0x20bd9b3f9d0>, 'Connection to disbudpar.torajautarakab.go.id timed out. (connect timeout=8)'))
16:31:13 | INFO    |       => Sukses dari: https://makassar.kompas.com/read/2024/04/15/185341078/lolai-to-tombi-negeri-di-atas-awan-wisata-toraja-daya-tarik-harga-tiket-dan
16:31:14 | INFO    | [419/2708] Mencari: Tugu Panua
16:31:14 | DEBUG   | [L1 Wiki] Error: Expecting value: line 1 column 1 (char 0)
16:31:14 | DEBUG   |       L1 Gagal, mencoba L2 DDGS...
16:31:23 | INFO    |       => Sukses dari: https://galeriwisata.wordpress.com/wisata-sulawesi/wisata-gorontalo/wisata-kota-gorontalo/
16:31:24 | INFO    | [420/2708] Mencari: Pantai Cinta
16:31:24 | DEBUG   | [L1 Wiki] Error: Expecting value: line 1 column 1 (char 0)
16:31:24 | DEBUG   |       L1 Gagal, mencoba L2 DDGS...
16:31:32 | INFO    |       => Sukses dari: https://www.itrip.id/pantai-cinta-takalar
16:31:33 | INFO    | *** Auto-saving 420 baris diproses...
16:31:34 | INFO    | [421/2708] Mencari: Masjid Agung Baiturrahim Pohuwato
16:31:34 | DEBUG   | [L1 Wiki] Error: Expecting value: line 1 column 1 (char 0)
16:31:34 | DEBUG   |       L1 Gagal, mencoba L2 DDGS...
16:31:39 | INFO    |       => Sukses dari: https://www.geokepo.id/id/lokasi/pohuwato/masjid-agung-baiturrahim-pohuwato
16:31:41 | INFO    | [422/2708] Mencari: Taman Purbakala Waruga
16:31:41 | DEBUG   | [L1 Wiki] Error: Expecting value: line 1 column 1 (char 0)
16:31:41 | DEBUG   |       L1 Gagal, mencoba L2 DDGS...
16:31:49 | DEBUG   | [L2 BS4] Gagal ekstraksi url https://jadesta.kemenparekraf.go.id/desa/sawangan -> HTTPSConnectionPool(host='jadesta.kemenparekraf.go.id', port=443): Max retries exceeded with url: /desa/sawangan (Caused by NameResolutionError("HTTPSConnection(host='jadesta.kemenparekraf.go.id', port=443): Failed to resolve 'jadesta.kemenparekraf.go.id' ([Errno 11002] getaddrinfo failed)"))
16:31:50 | INFO    |       => Sukses dari: https://www.tribunnews.com/travel/2015/05/21/taman-purbakala-waruga-sawangan-di-minahasa-utara-jejak-jejak-mahakarya-zaman-megalitikum
16:31:52 | INFO    | [423/2708] Mencari: Kasuso
16:31:52 | DEBUG   | [L1 Wiki] Error: Expecting value: line 1 column 1 (char 0)
16:31:52 | DEBUG   |       L1 Gagal, mencoba L2 DDGS...
16:32:03 | INFO    |       => Sukses dari: https://www.bulukumbakab.go.id/category/wisata?page=3
16:32:04 | INFO    | [424/2708] Mencari: Taman Bakau Kendari
16:32:04 | DEBUG   | [L1 Wiki] Error: Expecting value: line 1 column 1 (char 0)
16:32:04 | DEBUG   |       L1 Gagal, mencoba L2 DDGS...
16:32:11 | INFO    |       => Sukses dari: https://travel.kompas.com/read/2023/08/22/233257727/25-tempat-wisata-kendari-lengkap-ada-pantai-dan-bukit?page=all
16:32:12 | INFO    | [425/2708] Mencari: Kasawari Beach
16:32:12 | DEBUG   | [L1 Wiki] Error: Expecting value: line 1 column 1 (char 0)
16:32:12 | DEBUG   |       L1 Gagal, mencoba L2 DDGS...
16:32:19 | INFO    |       => Sukses dari: https://www.celebes.co/pantai-kasawari-bitung
16:32:20 | INFO    | [426/2708] Mencari: Pantai Wisata Molotabu
16:32:20 | DEBUG   | [L1 Wiki] Error: Expecting value: line 1 column 1 (char 0)
16:32:20 | DEBUG   |       L1 Gagal, mencoba L2 DDGS...
16:32:25 | INFO    |       => Sukses dari: https://aktual.com/wisata-pantai-molotabu-jadi-tujuan-liburan-warga-gorontalo/
16:32:27 | INFO    | [427/2708] Mencari: Cartens Hills Wawo
16:32:27 | DEBUG   | [L1 Wiki] Error: Expecting value: line 1 column 1 (char 0)
16:32:27 | DEBUG   |       L1 Gagal, mencoba L2 DDGS...
16:32:35 | INFO    |       => Sukses dari: https://tomohon.go.id/objek-wisata/
16:32:37 | INFO    | [428/2708] Mencari: Pantai Kalomang
16:32:37 | DEBUG   | [L1 Wiki] Error: Expecting value: line 1 column 1 (char 0)
16:32:37 | DEBUG   |       L1 Gagal, mencoba L2 DDGS...
16:32:44 | DEBUG   | [L2 BS4] Gagal ekstraksi url https://jadesta.kemenparekraf.go.id/desa/pantai_kalomang -> HTTPSConnectionPool(host='jadesta.kemenparekraf.go.id', port=443): Max retries exceeded with url: /desa/pantai_kalomang (Caused by NameResolutionError("HTTPSConnection(host='jadesta.kemenparekraf.go.id', port=443): Failed to resolve 'jadesta.kemenparekraf.go.id' ([Errno 11002] getaddrinfo failed)"))
16:32:46 | INFO    |       => Sukses dari: https://triaspolitika.id/ribuan-pengunjung-padati-wisata-pantai-kalomang-watubangga/
16:32:48 | INFO    | [429/2708] Mencari: Tebing Romantis Ollon
16:32:48 | DEBUG   | [L1 Wiki] Error: Expecting value: line 1 column 1 (char 0)
16:32:48 | DEBUG   |       L1 Gagal, mencoba L2 DDGS...
16:33:02 | INFO    |       => Sukses dari: https://www.joglowisata.com/tips-mengunjungi-tebing-romantis-tana-toraja.htm
16:33:04 | INFO    | [430/2708] Mencari: Watu Pinawetengan
16:33:04 | DEBUG   | [L1 Wiki] Error: Expecting value: line 1 column 1 (char 0)
16:33:04 | DEBUG   |       L1 Gagal, mencoba L2 DDGS...
16:33:09 | INFO    |       => Sukses dari: https://id.wikipedia.org/wiki/Watu_Pinawetengan
16:33:10 | INFO    | [431/2708] Mencari: Kawah Gunung Lokon
16:33:10 | DEBUG   | [L1 Wiki] Error: Expecting value: line 1 column 1 (char 0)
16:33:10 | DEBUG   |       L1 Gagal, mencoba L2 DDGS...
16:33:16 | INFO    |       => Sukses dari: https://id.wikipedia.org/wiki/Cagar_Alam_Gunung_Lokon
16:33:17 | INFO    | [432/2708] Mencari: Monumen Patung Ir. Soekarno
16:33:17 | DEBUG   | [L1 Wiki] Error: Expecting value: line 1 column 1 (char 0)
16:33:17 | DEBUG   |       L1 Gagal, mencoba L2 DDGS...
16:33:24 | INFO    |       => Sukses dari: https://id.wikipedia.org/wiki/Daftar_hal-hal_yang_dinamai_dari_Soekarno
16:33:26 | INFO    | [433/2708] Mencari: Wisata Sungai Longalo Botu Motoli'oluwo
16:33:26 | DEBUG   | [L1 Wiki] Error: Expecting value: line 1 column 1 (char 0)
16:33:26 | DEBUG   |       L1 Gagal, mencoba L2 DDGS...
16:33:33 | INFO    |       => Sukses dari: https://barakati.id/nyaman-murah-ini-daya-tarik-wisata-botu-motolioluwo-sungai-longalo-gorontalo/
16:33:34 | INFO    | [434/2708] Mencari: PANTAI MANAKARRA
16:33:34 | DEBUG   | [L1 Wiki] Error: Expecting value: line 1 column 1 (char 0)
16:33:34 | DEBUG   |       L1 Gagal, mencoba L2 DDGS...
16:33:48 | INFO    |       => Sukses dari: https://tradisiwisata.com/2026/04/08/wisata-pantai-manakarra/
16:33:49 | INFO    | [435/2708] Mencari: Pantai Parangluhu Bira
16:33:49 | DEBUG   | [L1 Wiki] Error: Expecting value: line 1 column 1 (char 0)
16:33:49 | DEBUG   |       L1 Gagal, mencoba L2 DDGS...
16:33:57 | INFO    |       => Sukses dari: https://sulawesi.bisnis.com/read/20250114/539/1831471/pantai-parang-luhu-tawarkan-pesona-alami-di-bulukumba
16:33:59 | INFO    | [436/2708] Mencari: Tuturuga Beach
16:33:59 | DEBUG   | [L1 Wiki] Error: Expecting value: line 1 column 1 (char 0)
16:33:59 | DEBUG   |       L1 Gagal, mencoba L2 DDGS...
16:34:04 | INFO    |       => Sukses dari: https://travel.tribunnews.com/2025/06/04/camping-di-pantai-tuturuga-sulawesi-utara-keindahan-alam-dan-penyu-bertelur-di-tengah-malam
16:34:06 | INFO    | [437/2708] Mencari: Tracking Mangrove Bungkutoko
16:34:06 | DEBUG   | [L1 Wiki] Error: Expecting value: line 1 column 1 (char 0)
16:34:06 | DEBUG   |       L1 Gagal, mencoba L2 DDGS...
16:34:11 | INFO    |       => Sukses dari: https://www.jelajahsultra.com/2016/01/wisata-tracking-mangrove-kendari.html
16:34:13 | INFO    | [438/2708] Mencari: Kolam Renang Air Panas "Zanoleos"
16:34:13 | DEBUG   | [L1 Wiki] Error: Expecting value: line 1 column 1 (char 0)
16:34:13 | DEBUG   |       L1 Gagal, mencoba L2 DDGS...
16:34:31 | INFO    |       => Sukses dari: https://tomohon.go.id/objek-wisata/
16:34:32 | INFO    | [439/2708] Mencari: Gua Mampu
16:34:32 | DEBUG   | [L1 Wiki] Error: Expecting value: line 1 column 1 (char 0)
16:34:32 | DEBUG   |       L1 Gagal, mencoba L2 DDGS...
16:34:38 | INFO    |       => Sukses dari: https://id.wikipedia.org/wiki/Gua_Mampu
16:34:39 | INFO    | [440/2708] Mencari: Air Terjun Kali Dingin
16:34:39 | DEBUG   | [L1 Wiki] Error: Expecting value: line 1 column 1 (char 0)
16:34:39 | DEBUG   |       L1 Gagal, mencoba L2 DDGS...
16:34:48 | INFO    |       => Sukses dari: https://sulsel.idntimes.com/travel/destination/wisata-air-terjun-kali-dingin-wasuponda-rute-lokasi-dan-harga-tiket-01-lwfv3-2fgrfl
16:34:50 | INFO    | *** Auto-saving 440 baris diproses...
16:34:50 | INFO    | [441/2708] Mencari: Taman Air Kelapa Gading
16:34:50 | DEBUG   | [L1 Wiki] Error: Expecting value: line 1 column 1 (char 0)
16:34:50 | DEBUG   |       L1 Gagal, mencoba L2 DDGS...
16:34:57 | INFO    |       => Sukses dari: https://galeriwisata.wordpress.com/wisata-sulawesi/wisata-sulawesi-tenggara/wisata-kota-bau-bau/
16:34:59 | INFO    | [442/2708] Mencari: Air Terjun Karawa
16:34:59 | DEBUG   | [L1 Wiki] Error: Expecting value: line 1 column 1 (char 0)
16:34:59 | DEBUG   |       L1 Gagal, mencoba L2 DDGS...
16:35:05 | INFO    |       => Sukses dari: https://www.detik.com/sulsel/wisata/d-6896501/25-rekomendasi-objek-wisata-di-kabupaten-pinrang-untuk-liburan
16:35:06 | INFO    | [443/2708] Mencari: Air Terjun Desa Tincep (Tekaan Rangka Kengkang)
16:35:06 | DEBUG   | [L1 Wiki] Error: Expecting value: line 1 column 1 (char 0)
16:35:06 | DEBUG   |       L1 Gagal, mencoba L2 DDGS...
16:35:19 | INFO    |       => Sukses dari: https://bobobox.com/blog/air-terjun-manado/
16:35:20 | INFO    | [444/2708] Mencari: Pantai Bahari, Buton Selatan
16:35:20 | DEBUG   | [L1 Wiki] Error: Expecting value: line 1 column 1 (char 0)
16:35:20 | DEBUG   |       L1 Gagal, mencoba L2 DDGS...
16:35:27 | INFO    |       => Sukses dari: https://www.geokepo.id/id/lokasi/buton-selatan/pantai-bahari
16:35:29 | INFO    | [445/2708] Mencari: Air Terjun Tirta Rimba
16:35:29 | DEBUG   | [L1 Wiki] Error: Expecting value: line 1 column 1 (char 0)
16:35:29 | DEBUG   |       L1 Gagal, mencoba L2 DDGS...
16:35:34 | INFO    |       => Sukses dari: https://www.geokepo.id/id/lokasi/bau-bau/air-terjun-tirta-rimba
16:35:35 | INFO    | [446/2708] Mencari: Bukit Bossolo
16:35:35 | DEBUG   | [L1 Wiki] Error: Expecting value: line 1 column 1 (char 0)
16:35:35 | DEBUG   |       L1 Gagal, mencoba L2 DDGS...
16:35:47 | DEBUG   | [L2 BS4] Gagal ekstraksi url https://jadesta.kemenparekraf.go.id/desa/bossolo_rumbia -> HTTPSConnectionPool(host='jadesta.kemenparekraf.go.id', port=443): Max retries exceeded with url: /desa/bossolo_rumbia (Caused by NameResolutionError("HTTPSConnection(host='jadesta.kemenparekraf.go.id', port=443): Failed to resolve 'jadesta.kemenparekraf.go.id' ([Errno 11002] getaddrinfo failed)"))
16:35:48 | INFO    |       => Sukses dari: https://www.detik.com/sulsel/wisata/d-6896687/10-rekomendasi-tempat-wisata-di-jeneponto-untuk-liburan-seru
16:35:50 | INFO    | [447/2708] Mencari: Pantai Indah Kalasey
16:35:50 | DEBUG   | [L1 Wiki] Error: Expecting value: line 1 column 1 (char 0)
16:35:50 | DEBUG   |       L1 Gagal, mencoba L2 DDGS...
16:35:55 | INFO    |       => Sukses dari: https://travel.tribunnews.com/2024/12/20/intip-pesona-pantai-indah-kalasey-di-minahasa-sulut-jadi-favorit-untuk-liburan-akhir-pekan
16:35:57 | INFO    | [448/2708] Mencari: Taman Bambu Runcing
16:35:57 | DEBUG   | [L1 Wiki] Error: Expecting value: line 1 column 1 (char 0)
16:35:57 | DEBUG   |       L1 Gagal, mencoba L2 DDGS...
16:36:02 | INFO    |       => Sukses dari: https://travel.kompas.com/read/2017/12/25/120300327/asyiknya-wisata-literasi-di-taman-bambu-runcing-kota-polman
16:36:03 | INFO    | [449/2708] Mencari: Muntea Camping Ground
16:36:03 | DEBUG   | [L1 Wiki] Error: Expecting value: line 1 column 1 (char 0)
16:36:03 | DEBUG   |       L1 Gagal, mencoba L2 DDGS...
16:36:08 | INFO    |       => Sukses dari: https://yandex.com/maps/org/muntea_camping_ground/22756635010/
16:36:10 | INFO    | [450/2708] Mencari: Pantai Munu
16:36:10 | DEBUG   | [L1 Wiki] Error: Expecting value: line 1 column 1 (char 0)
16:36:10 | DEBUG   |       L1 Gagal, mencoba L2 DDGS...
16:36:22 | INFO    |       => Sukses dari: https://monitor.co.id/2017/10/08/uniknya-pantai-munu-di-majene-sulawesi-selatan/
16:36:24 | INFO    | [451/2708] Mencari: Tugu Salib Buntu Singki
16:36:24 | DEBUG   | [L1 Wiki] Error: Expecting value: line 1 column 1 (char 0)
16:36:24 | DEBUG   |       L1 Gagal, mencoba L2 DDGS...
16:36:32 | INFO    |       => Sukses dari: https://id.wikipedia.org/wiki/Kabupaten_Toraja_Utara
16:36:33 | INFO    | [452/2708] Mencari: Permandian Air Panas Mantikole
16:36:33 | DEBUG   | [L1 Wiki] Error: Expecting value: line 1 column 1 (char 0)
16:36:33 | DEBUG   |       L1 Gagal, mencoba L2 DDGS...
16:36:43 | INFO    |       => Sukses dari: https://news.republika.co.id/berita/rv00hn366/menikmati-pemandian-air-panas-mantikole-di-sigi
16:36:44 | INFO    | [453/2708] Mencari: Wisata Pinus Panorama Tentena
16:36:44 | DEBUG   | [L1 Wiki] Error: Expecting value: line 1 column 1 (char 0)
16:36:44 | DEBUG   |       L1 Gagal, mencoba L2 DDGS...
16:36:50 | INFO    |       => Sukses dari: https://www.cedhak.com/sulawesi/1037/wisata-pinus-panorama-tentena/
16:36:52 | INFO    | [454/2708] Mencari: Pantai Tanjung Merah
16:36:52 | DEBUG   | [L1 Wiki] Error: Expecting value: line 1 column 1 (char 0)
16:36:52 | DEBUG   |       L1 Gagal, mencoba L2 DDGS...
16:36:57 | INFO    |       => Sukses dari: https://id.wikipedia.org/wiki/Kota_Bitung
16:36:58 | INFO    | [455/2708] Mencari: Wisata Alam Kalibiru Kanang
16:36:59 | DEBUG   | [L1 Wiki] Error: Expecting value: line 1 column 1 (char 0)
16:36:59 | DEBUG   |       L1 Gagal, mencoba L2 DDGS...
16:37:08 | DEBUG   | [L2 DDGS] Error: ConnectError: ConnectError('error sending request for url (https://html.duckduckgo.com/html/)', 'https://html.duckduckgo.com/html/')
16:37:08 | INFO    |       => Gagal mencari deskripsi.
16:37:10 | INFO    | [456/2708] Mencari: Dungusan Soputan
16:37:10 | DEBUG   | [L1 Wiki] Error: Expecting value: line 1 column 1 (char 0)
16:37:10 | DEBUG   |       L1 Gagal, mencoba L2 DDGS...
16:37:16 | INFO    |       => Sukses dari: https://jelajahgunung.com/gunung-soputan-keindahan-dan-aktivitas-vulkanik-di-sulawesi-utara/
16:37:18 | INFO    | [457/2708] Mencari: Wisata Air Terjun Latuppa
16:37:18 | DEBUG   | [L1 Wiki] Error: Expecting value: line 1 column 1 (char 0)
16:37:18 | DEBUG   |       L1 Gagal, mencoba L2 DDGS...
16:37:23 | INFO    |       => Sukses dari: https://bobobox.com/blog/id/destinasi-tempat-wisata-alam-palopo/
16:37:25 | INFO    | [458/2708] Mencari: Patung Yesus Penebus
16:37:25 | DEBUG   | [L1 Wiki] Error: Expecting value: line 1 column 1 (char 0)
16:37:25 | DEBUG   |       L1 Gagal, mencoba L2 DDGS...
16:37:31 | INFO    |       => Sukses dari: https://kelaswisata.id/wisata-di-bitung/
16:37:32 | INFO    | [459/2708] Mencari: Taman Maccini Sombala
16:37:32 | DEBUG   | [L1 Wiki] Error: Expecting value: line 1 column 1 (char 0)
16:37:32 | DEBUG   |       L1 Gagal, mencoba L2 DDGS...
16:37:38 | INFO    |       => Sukses dari: https://www.tripzilla.id/tempat-wisata-ramah-anak-di-makassar/1917
16:37:39 | INFO    | [460/2708] Mencari: Bukit Maddo
16:37:39 | DEBUG   | [L1 Wiki] Error: Expecting value: line 1 column 1 (char 0)
16:37:39 | DEBUG   |       L1 Gagal, mencoba L2 DDGS...
16:37:48 | INFO    |       => Sukses dari: https://www.goersapp.com/blog/bukit-maddo-sulsel/
16:37:49 | INFO    | *** Auto-saving 460 baris diproses...
16:37:49 | INFO    | [461/2708] Mencari: Puncak Pua' Janggo'
16:37:49 | DEBUG   | [L1 Wiki] Error: Expecting value: line 1 column 1 (char 0)
16:37:49 | DEBUG   |       L1 Gagal, mencoba L2 DDGS...
16:37:56 | INFO    |       => Sukses dari: https://disparpora.bulukumbakab.go.id/portofolio/puncak-puajanggo/
16:37:58 | INFO    | [462/2708] Mencari: Permandian Kolam Toddang Jompi'e
16:37:58 | DEBUG   | [L1 Wiki] Error: Expecting value: line 1 column 1 (char 0)
16:37:58 | DEBUG   |       L1 Gagal, mencoba L2 DDGS...
16:38:12 | INFO    |       => Sukses dari: https://www.cedhak.com/sulawesi/144/taman-wisata-permandian-lagole/
16:38:14 | INFO    | [463/2708] Mencari: Monumen Nani Wartabone
16:38:14 | DEBUG   | [L1 Wiki] Error: Expecting value: line 1 column 1 (char 0)
16:38:14 | DEBUG   |       L1 Gagal, mencoba L2 DDGS...
16:38:17 | INFO    |       => Sukses dari: https://id.wikipedia.org/wiki/Monumen_Nani_Wartabone
16:38:19 | INFO    | [464/2708] Mencari: Kolam Renang Alami Water Blessing danowudu
16:38:19 | DEBUG   | [L1 Wiki] Error: Expecting value: line 1 column 1 (char 0)
16:38:19 | DEBUG   |       L1 Gagal, mencoba L2 DDGS...
16:38:28 | INFO    |       => Sukses dari: https://www.cedhak.com/wilayah/kota-bitung/
16:38:30 | INFO    | [465/2708] Mencari: Mangrove Park Bahowo
16:38:30 | DEBUG   | [L1 Wiki] Error: Expecting value: line 1 column 1 (char 0)
16:38:30 | DEBUG   |       L1 Gagal, mencoba L2 DDGS...
16:38:36 | INFO    |       => Sukses dari: https://evendo.com/locations/indonesia/pulau-bunaken/attraction/mangrove-park-bahowo
16:38:38 | INFO    | [466/2708] Mencari: Pohon Kasih
16:38:38 | DEBUG   | [L1 Wiki] Error: Expecting value: line 1 column 1 (char 0)
16:38:38 | DEBUG   |       L1 Gagal, mencoba L2 DDGS...
16:38:47 | INFO    |       => Sukses dari: https://www.idntimes.com/travel/destination/wisata-makassar-00-r2xpr-28qbj8
16:38:49 | INFO    | [467/2708] Mencari: Kabesaran Beach
16:38:49 | DEBUG   | [L1 Wiki] Error: Expecting value: line 1 column 1 (char 0)
16:38:49 | DEBUG   |       L1 Gagal, mencoba L2 DDGS...
16:38:58 | INFO    |       => Gagal mencari deskripsi.
16:39:00 | INFO    | [468/2708] Mencari: Bendungan Misterius
16:39:00 | DEBUG   | [L1 Wiki] Error: Expecting value: line 1 column 1 (char 0)
16:39:00 | DEBUG   |       L1 Gagal, mencoba L2 DDGS...
16:39:08 | INFO    |       => Sukses dari: https://finance.detik.com/foto-bisnis/d-6740395/penampakan-bendungan-misterius-yang-jadi-tempat-wisata
16:39:09 | INFO    | [469/2708] Mencari: TEMPAT PERMANDIAN SANDAKAN BIAK
16:39:09 | DEBUG   | [L1 Wiki] Error: Expecting value: line 1 column 1 (char 0)
16:39:09 | DEBUG   |       L1 Gagal, mencoba L2 DDGS...
16:39:14 | INFO    |       => Sukses dari: https://banggainews.com/luwuk-utara-kabupaten-banggai-tawarkan-beragam-destinasi-wisata-yang-dapat-disinggahi-dalam-sehari/
16:39:16 | INFO    | [470/2708] Mencari: Puncak Lima Jari
16:39:16 | DEBUG   | [L1 Wiki] Error: Expecting value: line 1 column 1 (char 0)
16:39:16 | DEBUG   |       L1 Gagal, mencoba L2 DDGS...
16:39:22 | INFO    |       => Sukses dari: https://www.sulawesipos.com/travel/2026/02/02/puncak-lima-jari-bone-wisata-alam-perbukitan-dengan-panorama-hijau-yang-menyegarkan/
16:39:23 | INFO    | [471/2708] Mencari: Pelabuhan Ulu Siau
16:39:23 | DEBUG   | [L1 Wiki] Error: Expecting value: line 1 column 1 (char 0)
16:39:23 | DEBUG   |       L1 Gagal, mencoba L2 DDGS...
16:39:31 | INFO    |       => Sukses dari: https://id.wikipedia.org/wiki/Kabupaten_Kepulauan_Siau_Tagulandang_Biaro
16:39:32 | INFO    | [472/2708] Mencari: Pantai La Poili
16:39:32 | DEBUG   | [L1 Wiki] Error: Expecting value: line 1 column 1 (char 0)
16:39:32 | DEBUG   |       L1 Gagal, mencoba L2 DDGS...
16:39:41 | INFO    |       => Sukses dari: https://www.maitewuna.com/2025/01/jelajahi-surga-tersembunyi-buton-selatan-pantai-eksotis-dan-budaya-unik-sulawesi-tenggara.html
16:39:43 | INFO    | [473/2708] Mencari: Lutim Landmark
16:39:43 | DEBUG   | [L1 Wiki] Error: Expecting value: line 1 column 1 (char 0)
16:39:43 | DEBUG   |       L1 Gagal, mencoba L2 DDGS...
16:39:49 | DEBUG   | [L2 DDGS] Error: ConnectError: ConnectError('error sending request for url (https://html.duckduckgo.com/html/)', 'https://html.duckduckgo.com/html/')
16:39:49 | INFO    |       => Gagal mencari deskripsi.
16:39:50 | INFO    | [474/2708] Mencari: Pantai Mallenreng
16:39:50 | DEBUG   | [L1 Wiki] Error: Expecting value: line 1 column 1 (char 0)
16:39:50 | DEBUG   |       L1 Gagal, mencoba L2 DDGS...
16:39:58 | DEBUG   | [L2 DDGS] Error: ConnectError: ConnectError('error sending request for url (https://html.duckduckgo.com/html/)', 'https://html.duckduckgo.com/html/')
16:39:58 | INFO    |       => Gagal mencari deskripsi.
16:39:59 | INFO    | [475/2708] Mencari: Pemandian Air Terjun Meranti
16:39:59 | DEBUG   | [L1 Wiki] Error: Expecting value: line 1 column 1 (char 0)
16:39:59 | DEBUG   |       L1 Gagal, mencoba L2 DDGS...
16:40:05 | DEBUG   | [L2 DDGS] Error: RequestError: RequestError('error sending request for url (https://search.yahoo.com/search;_ylt=pD7kXuHALEv0SbRk1-UGQn8S;_ylu=IUAIHi3DR9-RwndBIagTtSVxEgwRJPJxHO9Z524Gb-CD9JI?p=Pemandian+Air+Terjun+Meranti+Kabupaten+Bone+Bolango+wisata)', 'https://search.yahoo.com/search;_ylt=pD7kXuHALEv0SbRk1-UGQn8S;_ylu=IUAIHi3DR9-RwndBIagTtSVxEgwRJPJxHO9Z524Gb-CD9JI?p=Pemandian+Air+Terjun+Meranti+Kabupaten+Bone+Bolango+wisata')
16:40:05 | INFO    |       => Gagal mencari deskripsi.
16:40:07 | INFO    | [476/2708] Mencari: Pantai Tanjung Babia Pasangkayu
16:40:07 | DEBUG   | [L1 Wiki] Error: Expecting value: line 1 column 1 (char 0)
16:40:07 | DEBUG   |       L1 Gagal, mencoba L2 DDGS...
16:40:18 | INFO    |       => Sukses dari: https://beautyofindonesia.com/id/wisata/wisata-alam/pantai-tanjung-babia
16:40:19 | INFO    | [477/2708] Mencari: Pulau Wisata Lakkang
16:40:19 | DEBUG   | [L1 Wiki] Error: Expecting value: line 1 column 1 (char 0)
16:40:19 | DEBUG   |       L1 Gagal, mencoba L2 DDGS...
16:40:29 | DEBUG   | [L2 DDGS] Error: ConnectError: ConnectError('error sending request for url (https://html.duckduckgo.com/html/)', 'https://html.duckduckgo.com/html/')
16:40:29 | INFO    |       => Gagal mencari deskripsi.
16:40:31 | INFO    | [478/2708] Mencari: Danau Moat
16:40:31 | DEBUG   | [L1 Wiki] Error: Expecting value: line 1 column 1 (char 0)
16:40:31 | DEBUG   |       L1 Gagal, mencoba L2 DDGS...
16:40:38 | DEBUG   | [L2 DDGS] Error: RequestError: RequestError('error sending request for url (https://search.yahoo.com/search;_ylt=eso0G0pNif8jR3mkUgCbOsXJ;_ylu=wopQfQ_-Q2TZ0FE8VAUrjgiGYDaX1edTan1pTAV8wBilAAw?p=Danau+Moat+Kabupaten+Bolaang+Mongondow+Timur+wisata)', 'https://search.yahoo.com/search;_ylt=eso0G0pNif8jR3mkUgCbOsXJ;_ylu=wopQfQ_-Q2TZ0FE8VAUrjgiGYDaX1edTan1pTAV8wBilAAw?p=Danau+Moat+Kabupaten+Bolaang+Mongondow+Timur+wisata')
16:40:38 | INFO    |       => Gagal mencari deskripsi.
16:40:40 | INFO    | [479/2708] Mencari: Puncak Pontolo Indah
16:40:40 | DEBUG   | [L1 Wiki] Error: Expecting value: line 1 column 1 (char 0)
16:40:40 | DEBUG   |       L1 Gagal, mencoba L2 DDGS...
16:40:47 | INFO    |       => Sukses dari: https://www.matagorontalo.com/wajah-baru-pontolo-indah-target-jadi-ikon-wisata-strategis-di-gorontalo-utara/
16:40:48 | INFO    | [480/2708] Mencari: Pantai Lakeba
16:40:48 | DEBUG   | [L1 Wiki] Error: Expecting value: line 1 column 1 (char 0)
16:40:48 | DEBUG   |       L1 Gagal, mencoba L2 DDGS...
16:40:55 | DEBUG   | [L2 DDGS] Error: RequestError: RequestError('error sending request for url (https://search.yahoo.com/search;_ylt=ow7-9qGMPTzpF05BYOWpM0X-;_ylu=3uNUeseadLRy17VnRcZpMRxk_umCfClwFiyZi9zKRM84lUc?p=Pantai+Lakeba+Kota+Bau-Bau+wisata)', 'https://search.yahoo.com/search;_ylt=ow7-9qGMPTzpF05BYOWpM0X-;_ylu=3uNUeseadLRy17VnRcZpMRxk_umCfClwFiyZi9zKRM84lUc?p=Pantai+Lakeba+Kota+Bau-Bau+wisata')
16:40:55 | INFO    |       => Gagal mencari deskripsi.
16:40:57 | INFO    | *** Auto-saving 480 baris diproses...
16:40:57 | INFO    | [481/2708] Mencari: Permandian Bahoruru
16:40:57 | DEBUG   | [L1 Wiki] Error: Expecting value: line 1 column 1 (char 0)
16:40:57 | DEBUG   |       L1 Gagal, mencoba L2 DDGS...
16:41:03 | DEBUG   | [L2 DDGS] Error: ConnectError: ConnectError('error sending request for url (https://html.duckduckgo.com/html/)', 'https://html.duckduckgo.com/html/')
16:41:03 | INFO    |       => Gagal mencari deskripsi.
16:41:05 | INFO    | [482/2708] Mencari: Ujung Lero Beach
16:41:05 | DEBUG   | [L1 Wiki] Error: Expecting value: line 1 column 1 (char 0)
16:41:05 | DEBUG   |       L1 Gagal, mencoba L2 DDGS...
16:41:14 | DEBUG   | [L2 DDGS] Error: ConnectError: ConnectError('error sending request for url (https://html.duckduckgo.com/html/)', 'https://html.duckduckgo.com/html/')
16:41:14 | INFO    |       => Gagal mencari deskripsi.
16:41:15 | INFO    | [483/2708] Mencari: Puncak bollangi
16:41:15 | DEBUG   | [L1 Wiki] Error: Expecting value: line 1 column 1 (char 0)
16:41:15 | DEBUG   |       L1 Gagal, mencoba L2 DDGS...
16:41:23 | INFO    |       => Sukses dari: https://smartcity.gowakab.go.id/wisata_alam/puncak-bollangi/7
16:41:24 | INFO    | [484/2708] Mencari: Ombro
16:41:24 | DEBUG   | [L1 Wiki] Error: Expecting value: line 1 column 1 (char 0)
16:41:24 | DEBUG   |       L1 Gagal, mencoba L2 DDGS...
16:41:38 | INFO    |       => Gagal mencari deskripsi.
16:41:39 | INFO    | [485/2708] Mencari: Pantai Abadi
16:41:40 | DEBUG   | [L1 Wiki] Error: Expecting value: line 1 column 1 (char 0)
16:41:40 | DEBUG   |       L1 Gagal, mencoba L2 DDGS...
16:41:48 | DEBUG   | [L2 DDGS] Error: ConnectError: ConnectError('error sending request for url (https://html.duckduckgo.com/html/)', 'https://html.duckduckgo.com/html/')
16:41:48 | INFO    |       => Gagal mencari deskripsi.
16:41:50 | INFO    | [486/2708] Mencari: Pantai Talawaan Bajo
16:41:50 | DEBUG   | [L1 Wiki] Error: Expecting value: line 1 column 1 (char 0)
16:41:50 | DEBUG   |       L1 Gagal, mencoba L2 DDGS...
16:41:58 | DEBUG   | [L2 DDGS] Error: ConnectError: ConnectError('error sending request for url (https://html.duckduckgo.com/html/)', 'https://html.duckduckgo.com/html/')
16:41:58 | INFO    |       => Gagal mencari deskripsi.
16:41:59 | INFO    | [487/2708] Mencari: Taman Rekreasi Datae
16:41:59 | DEBUG   | [L1 Wiki] Error: Expecting value: line 1 column 1 (char 0)
16:41:59 | DEBUG   |       L1 Gagal, mencoba L2 DDGS...
16:42:05 | DEBUG   | [L2 DDGS] Error: ConnectError: ConnectError('error sending request for url (https://html.duckduckgo.com/html/)', 'https://html.duckduckgo.com/html/')
16:42:05 | INFO    |       => Gagal mencari deskripsi.
16:42:06 | INFO    | [488/2708] Mencari: Forte Português do Século XVI em Amurang , Portugis
16:42:06 | DEBUG   | [L1 Wiki] Error: Expecting value: line 1 column 1 (char 0)
16:42:06 | DEBUG   |       L1 Gagal, mencoba L2 DDGS...
16:42:12 | DEBUG   | [L2 DDGS] Error: RequestError: RequestError('error sending request for url (https://search.yahoo.com/search;_ylt=lUQqO4kJYy05YGCZKK0Y5wFI;_ylu=NlokgfFGZNMmb8rBnF_jZVbqWJK6wAyrRVq4ce0lStBXLco?p=Forte+Portugu%C3%AAs+do+S%C3%A9culo+XVI+em+Amurang+%2C+Portugis+Kabupaten+Minahasa+Selatan+wisata)', 'https://search.yahoo.com/search;_ylt=lUQqO4kJYy05YGCZKK0Y5wFI;_ylu=NlokgfFGZNMmb8rBnF_jZVbqWJK6wAyrRVq4ce0lStBXLco?p=Forte+Portugu%C3%AAs+do+S%C3%A9culo+XVI+em+Amurang+%2C+Portugis+Kabupaten+Minahasa+Selatan+wisata')
16:42:12 | INFO    |       => Gagal mencari deskripsi.
16:42:14 | INFO    | [489/2708] Mencari: Wisata Marmer Bulo Tara Leang-Leang
16:42:14 | DEBUG   | [L1 Wiki] Error: Expecting value: line 1 column 1 (char 0)
16:42:14 | DEBUG   |       L1 Gagal, mencoba L2 DDGS...
16:42:19 | INFO    |       => Sukses dari: https://id.wikipedia.org/wiki/Taman_Arkeologi_Leang-Leang
16:42:21 | INFO    | [490/2708] Mencari: Taman Wisata Holyland Malino (Bili Park)
16:42:21 | DEBUG   | [L1 Wiki] Error: Expecting value: line 1 column 1 (char 0)
16:42:21 | DEBUG   |       L1 Gagal, mencoba L2 DDGS...
16:42:27 | DEBUG   | [L2 DDGS] Error: ConnectError: ConnectError('error sending request for url (https://html.duckduckgo.com/html/)', 'https://html.duckduckgo.com/html/')
16:42:27 | INFO    |       => Gagal mencari deskripsi.
16:42:29 | INFO    | [491/2708] Mencari: Rante Karassik
16:42:29 | DEBUG   | [L1 Wiki] Error: Expecting value: line 1 column 1 (char 0)
16:42:29 | DEBUG   |       L1 Gagal, mencoba L2 DDGS...
16:42:37 | DEBUG   | [L2 DDGS] Error: RequestError: RequestError('error sending request for url (https://search.yahoo.com/search;_ylt=5xZ8j0y8Q0YvAtK305vqkigB;_ylu=cewwa8BgfF7e_DvpILSA6nYz0mYXNZ9MR6smHgbTjUv5png?p=Rante+Karassik+Kabupaten+Toraja+Utara+wisata)', 'https://search.yahoo.com/search;_ylt=5xZ8j0y8Q0YvAtK305vqkigB;_ylu=cewwa8BgfF7e_DvpILSA6nYz0mYXNZ9MR6smHgbTjUv5png?p=Rante+Karassik+Kabupaten+Toraja+Utara+wisata')
16:42:37 | INFO    |       => Gagal mencari deskripsi.
16:42:38 | INFO    | [492/2708] Mencari: Museum La Pawawoi
16:42:38 | DEBUG   | [L1 Wiki] Error: Expecting value: line 1 column 1 (char 0)
16:42:38 | DEBUG   |       L1 Gagal, mencoba L2 DDGS...
16:42:45 | DEBUG   | [L2 DDGS] Error: ConnectError: ConnectError('error sending request for url (https://html.duckduckgo.com/html/)', 'https://html.duckduckgo.com/html/')
16:42:45 | INFO    |       => Gagal mencari deskripsi.
16:42:47 | INFO    | [493/2708] Mencari: Wisata Sungai So'do
16:42:47 | DEBUG   | [L1 Wiki] Error: Expecting value: line 1 column 1 (char 0)
16:42:47 | DEBUG   |       L1 Gagal, mencoba L2 DDGS...
16:42:54 | INFO    |       => Sukses dari: https://idalamat.com/alamat/696731/wisata-sungai-sodo-mamuju-sulawesi-barat
16:42:55 | INFO    | [494/2708] Mencari: Anjungan MARISA CITY
16:42:55 | DEBUG   | [L1 Wiki] Error: Expecting value: line 1 column 1 (char 0)
16:42:55 | DEBUG   |       L1 Gagal, mencoba L2 DDGS...
16:43:01 | DEBUG   | [L2 DDGS] Error: ConnectError: ConnectError('error sending request for url (https://html.duckduckgo.com/html/)', 'https://html.duckduckgo.com/html/')
16:43:01 | INFO    |       => Gagal mencari deskripsi.
16:43:03 | INFO    | [495/2708] Mencari: Patung Naga Kamali
16:43:03 | DEBUG   | [L1 Wiki] Error: Expecting value: line 1 column 1 (char 0)
16:43:03 | DEBUG   |       L1 Gagal, mencoba L2 DDGS...
16:43:11 | INFO    |       => Sukses dari: https://www.goodnewsfromindonesia.id/2024/12/23/cerita-patung-naga-kota-baubau-yang-berdiri-kokoh-sepanjang-5-kilometer
16:43:12 | INFO    | [496/2708] Mencari: Pantai Labuana
16:43:12 | DEBUG   | [L1 Wiki] Error: Expecting value: line 1 column 1 (char 0)
16:43:12 | DEBUG   |       L1 Gagal, mencoba L2 DDGS...
16:43:23 | DEBUG   | [L2 DDGS] Error: ConnectError: ConnectError('error sending request for url (https://html.duckduckgo.com/html/)', 'https://html.duckduckgo.com/html/')
16:43:23 | INFO    |       => Gagal mencari deskripsi.
16:43:24 | INFO    | [497/2708] Mencari: Padang Savana Ongkoa Takalar
16:43:24 | DEBUG   | [L1 Wiki] Error: Expecting value: line 1 column 1 (char 0)
16:43:24 | DEBUG   |       L1 Gagal, mencoba L2 DDGS...
16:43:31 | DEBUG   | [L2 DDGS] Error: ConnectError: ConnectError('error sending request for url (https://html.duckduckgo.com/html/)', 'https://html.duckduckgo.com/html/')
16:43:31 | INFO    |       => Gagal mencari deskripsi.
16:43:32 | INFO    | [498/2708] Mencari: Pantai Teduang
16:43:32 | DEBUG   | [L1 Wiki] Error: Expecting value: line 1 column 1 (char 0)
16:43:32 | DEBUG   |       L1 Gagal, mencoba L2 DDGS...
16:43:41 | INFO    |       => Sukses dari: https://www.idntimes.com/travel/destination/destinasi-wisata-indah-di-banggai-kepulauan-00-mk1yf-64tstr
16:43:42 | INFO    | [499/2708] Mencari: Taman Teras Unhas
16:43:42 | DEBUG   | [L1 Wiki] Error: Expecting value: line 1 column 1 (char 0)
16:43:42 | DEBUG   |       L1 Gagal, mencoba L2 DDGS...
16:43:49 | INFO    |       => Sukses dari: https://identitasunhas.com/lika-liku-pembangunan-taman-teras-unhas/
16:43:51 | INFO    | [500/2708] Mencari: Danau Tempe
16:43:51 | DEBUG   | [L1 Wiki] Error: Expecting value: line 1 column 1 (char 0)
16:43:51 | DEBUG   |       L1 Gagal, mencoba L2 DDGS...
16:43:57 | INFO    |       => Sukses dari: https://travel.detik.com/cerita-perjalanan/d-5404251/danau-tempe-penghasil-ikan-air-tawar-terbesar-di-dunia
16:43:58 | INFO    | *** Auto-saving 500 baris diproses...
16:43:58 | INFO    | [501/2708] Mencari: Bulu Saraung
16:43:59 | DEBUG   | [L1 Wiki] Error: Expecting value: line 1 column 1 (char 0)
16:43:59 | DEBUG   |       L1 Gagal, mencoba L2 DDGS...
16:44:07 | DEBUG   | [L2 BS4] Gagal ekstraksi url https://jadesta.kemenparekraf.go.id/desa/tompo_bulu_1 -> HTTPSConnectionPool(host='jadesta.kemenparekraf.go.id', port=443): Max retries exceeded with url: /desa/tompo_bulu_1 (Caused by NameResolutionError("HTTPSConnection(host='jadesta.kemenparekraf.go.id', port=443): Failed to resolve 'jadesta.kemenparekraf.go.id' ([Errno 11002] getaddrinfo failed)"))
16:44:07 | INFO    |       => Sukses dari: https://idalamat.com/alamat/696519/wisata-hutan-mangrove-dewi-biringkassi-pangkajene-dan-kepulauan-sulawesi-selatan
16:44:08 | INFO    | [502/2708] Mencari: Museum Balla Lompoa Bajeng
16:44:08 | DEBUG   | [L1 Wiki] Error: Expecting value: line 1 column 1 (char 0)
16:44:08 | DEBUG   |       L1 Gagal, mencoba L2 DDGS...
16:44:13 | INFO    |       => Sukses dari: https://id.wikipedia.org/wiki/Museum_Ballaʼ_Lompoa
16:44:15 | INFO    | [503/2708] Mencari: Goa Pamona
16:44:15 | DEBUG   | [L1 Wiki] Error: Expecting value: line 1 column 1 (char 0)
16:44:15 | DEBUG   |       L1 Gagal, mencoba L2 DDGS...
16:44:20 | INFO    |       => Sukses dari: https://tempatwisataseru.com/tempat-wisata-di-poso-terbaik-paling-hits-yang-wajib-dikunjungi/
16:44:22 | INFO    | [504/2708] Mencari: Bukit Larata, Desa Kinunang
16:44:22 | DEBUG   | [L1 Wiki] Error: Expecting value: line 1 column 1 (char 0)
16:44:22 | DEBUG   |       L1 Gagal, mencoba L2 DDGS...
16:44:28 | INFO    |       => Sukses dari: https://www.idntimes.com/travel/destination/bukit-larata-likupang-lokasi-rute-harga-dan-tips-wisata-01-syjyw-bk465b
16:44:30 | INFO    | [505/2708] Mencari: Wisata Pantai Tapandullu
16:44:30 | DEBUG   | [L1 Wiki] Error: Expecting value: line 1 column 1 (char 0)
16:44:30 | DEBUG   |       L1 Gagal, mencoba L2 DDGS...
16:44:40 | INFO    |       => Sukses dari: https://www.mediacouncils.org/pantai-tapandullu-pesona-wisata-bahari-alami-yang-menenangkan-di-sulawesi-barat/
16:44:42 | INFO    | [506/2708] Mencari: Tebing Marumasa Kalibata
16:44:42 | DEBUG   | [L1 Wiki] Error: Expecting value: line 1 column 1 (char 0)
16:44:42 | DEBUG   |       L1 Gagal, mencoba L2 DDGS...
16:44:49 | INFO    |       => Sukses dari: https://www.msn.com/id-id/travel/perjalanan-asia/sekeping-surga-di-pesisir-bulukumba-pantai-marumasa-tempat-liburan-akhir-tahun-yang-lebih-dari-indah/ar-AA1QI6fc
16:44:50 | INFO    | [507/2708] Mencari: Pantai Pasir Putih Pitulua
16:44:50 | DEBUG   | [L1 Wiki] Error: Expecting value: line 1 column 1 (char 0)
16:44:50 | DEBUG   |       L1 Gagal, mencoba L2 DDGS...
16:44:57 | INFO    |       => Sukses dari: https://jadesta.kemenpar.go.id/desa/100417
16:44:58 | INFO    | [508/2708] Mencari: Taman Wisata Danau Sidenreng
16:44:58 | DEBUG   | [L1 Wiki] Error: Expecting value: line 1 column 1 (char 0)
16:44:58 | DEBUG   |       L1 Gagal, mencoba L2 DDGS...
16:45:03 | INFO    |       => Sukses dari: https://id.wikipedia.org/wiki/Danau_Sidenreng
16:45:04 | INFO    | [509/2708] Mencari: Pemandian Air Panas Makula
16:45:05 | DEBUG   | [L1 Wiki] Error: Expecting value: line 1 column 1 (char 0)
16:45:05 | DEBUG   |       L1 Gagal, mencoba L2 DDGS...
16:45:10 | INFO    |       => Sukses dari: https://jadesta.kemenpar.go.id/atraksi/permandian_air_panas_makula
16:45:12 | INFO    | [510/2708] Mencari: Taipa Beach
16:45:12 | DEBUG   | [L1 Wiki] Error: Expecting value: line 1 column 1 (char 0)
16:45:12 | DEBUG   |       L1 Gagal, mencoba L2 DDGS...
16:45:19 | INFO    |       => Sukses dari: https://www.pantainesia.com/pantai-taipa
16:45:20 | INFO    | [511/2708] Mencari: Taman Kota I Love Palopo
16:45:20 | DEBUG   | [L1 Wiki] Error: Expecting value: line 1 column 1 (char 0)
16:45:20 | DEBUG   |       L1 Gagal, mencoba L2 DDGS...
16:45:27 | DEBUG   | [L2 DDGS] Error: ConnectError: ConnectError('error sending request for url (https://html.duckduckgo.com/html/)', 'https://html.duckduckgo.com/html/')
16:45:27 | INFO    |       => Gagal mencari deskripsi.
16:45:29 | INFO    | [512/2708] Mencari: Vihara Buddhayana
16:45:29 | DEBUG   | [L1 Wiki] Error: Expecting value: line 1 column 1 (char 0)
16:45:29 | DEBUG   |       L1 Gagal, mencoba L2 DDGS...
16:45:43 | DEBUG   | [L2 DDGS] Error: ConnectError: ConnectError('error sending request for url (https://html.duckduckgo.com/html/)', 'https://html.duckduckgo.com/html/')
16:45:43 | INFO    |       => Gagal mencari deskripsi.
16:45:44 | INFO    | [513/2708] Mencari: Pantai Biluhu Timur
16:45:44 | DEBUG   | [L1 Wiki] Error: Expecting value: line 1 column 1 (char 0)
16:45:44 | DEBUG   |       L1 Gagal, mencoba L2 DDGS...
16:45:51 | DEBUG   | [L2 DDGS] Error: ConnectError: ConnectError('error sending request for url (https://html.duckduckgo.com/html/)', 'https://html.duckduckgo.com/html/')
16:45:51 | INFO    |       => Gagal mencari deskripsi.
16:45:53 | INFO    | [514/2708] Mencari: Air Terjun Parang Bugisi
16:45:53 | DEBUG   | [L1 Wiki] Error: Expecting value: line 1 column 1 (char 0)
16:45:53 | DEBUG   |       L1 Gagal, mencoba L2 DDGS...
16:46:01 | INFO    |       => Sukses dari: https://kabargowa.com/air-terjun-parang-bugisi/
16:46:02 | INFO    | [515/2708] Mencari: Wisata Pemancingan & Kuliner AjengMart
16:46:02 | DEBUG   | [L1 Wiki] Error: Expecting value: line 1 column 1 (char 0)
16:46:02 | DEBUG   |       L1 Gagal, mencoba L2 DDGS...
16:46:08 | DEBUG   | [L2 DDGS] Error: ConnectError: ConnectError('error sending request for url (https://html.duckduckgo.com/html/)', 'https://html.duckduckgo.com/html/')
16:46:08 | INFO    |       => Gagal mencari deskripsi.
16:46:10 | INFO    | [516/2708] Mencari: Suaya
16:46:10 | DEBUG   | [L1 Wiki] Error: Expecting value: line 1 column 1 (char 0)
16:46:10 | DEBUG   |       L1 Gagal, mencoba L2 DDGS...
16:46:14 | INFO    |       => Sukses dari: https://travelspromo.com/htm-wisata/wisata-suaya-toraja/
16:46:16 | INFO    | [517/2708] Mencari: Pantai Walengkabola
16:46:16 | DEBUG   | [L1 Wiki] Error: Expecting value: line 1 column 1 (char 0)
16:46:16 | DEBUG   |       L1 Gagal, mencoba L2 DDGS...
16:46:23 | DEBUG   | [L2 DDGS] Error: ConnectError: ConnectError('error sending request for url (https://html.duckduckgo.com/html/)', 'https://html.duckduckgo.com/html/')
16:46:23 | INFO    |       => Gagal mencari deskripsi.
16:46:25 | INFO    | [518/2708] Mencari: Pantai Kucing Parigi Moutong
16:46:25 | DEBUG   | [L1 Wiki] Error: Expecting value: line 1 column 1 (char 0)
16:46:25 | DEBUG   |       L1 Gagal, mencoba L2 DDGS...
16:46:37 | INFO    |       => Sukses dari: https://sandee.com/indonesia/central-sulawesi/tandaigi/pantai-kucing-parigi-moutong
16:46:39 | INFO    | [519/2708] Mencari: I Love Minsel
16:46:39 | DEBUG   | [L1 Wiki] Error: Expecting value: line 1 column 1 (char 0)
16:46:39 | DEBUG   |       L1 Gagal, mencoba L2 DDGS...
16:46:44 | DEBUG   | [L2 DDGS] Error: ConnectError: ConnectError('error sending request for url (https://html.duckduckgo.com/html/)', 'https://html.duckduckgo.com/html/')
16:46:44 | INFO    |       => Gagal mencari deskripsi.
16:46:45 | INFO    | [520/2708] Mencari: BAROS FARM HOUSE
16:46:45 | DEBUG   | [L1 Wiki] Error: Expecting value: line 1 column 1 (char 0)
16:46:45 | DEBUG   |       L1 Gagal, mencoba L2 DDGS...
16:46:53 | INFO    |       => Sukses dari: https://www.jejari-sultra.com/2025/02/punya-fasilitas-harga-terjangkau-baros.html
16:46:54 | INFO    | *** Auto-saving 520 baris diproses...
16:46:54 | INFO    | [521/2708] Mencari: Air Terjun Salewangang Malino
16:46:54 | DEBUG   | [L1 Wiki] Error: Expecting value: line 1 column 1 (char 0)
16:46:54 | DEBUG   |       L1 Gagal, mencoba L2 DDGS...
16:47:02 | DEBUG   | [L2 DDGS] Error: ConnectError: ConnectError('error sending request for url (https://html.duckduckgo.com/html/)', 'https://html.duckduckgo.com/html/')
16:47:02 | INFO    |       => Gagal mencari deskripsi.
16:47:03 | INFO    | [522/2708] Mencari: Pantai Lowita - MUTIARA
16:47:03 | DEBUG   | [L1 Wiki] Error: Expecting value: line 1 column 1 (char 0)
16:47:03 | DEBUG   |       L1 Gagal, mencoba L2 DDGS...
16:47:11 | DEBUG   | [L2 DDGS] Error: RequestError: RequestError('error sending request for url (https://search.yahoo.com/search;_ylt=lu5obg_GlABD1ekhTvH20Hnl;_ylu=ul-o37SqbO-3mHHSSKiLUZUCFeC4NWUrudO-ghF93NCMKJc?p=Pantai+Lowita+-+MUTIARA+Kabupaten+Pinrang+wisata)', 'https://search.yahoo.com/search;_ylt=lu5obg_GlABD1ekhTvH20Hnl;_ylu=ul-o37SqbO-3mHHSSKiLUZUCFeC4NWUrudO-ghF93NCMKJc?p=Pantai+Lowita+-+MUTIARA+Kabupaten+Pinrang+wisata')
16:47:11 | INFO    |       => Gagal mencari deskripsi.
16:47:12 | INFO    | [523/2708] Mencari: Puncak Melby'Ls
16:47:12 | DEBUG   | [L1 Wiki] Error: Expecting value: line 1 column 1 (char 0)
16:47:12 | DEBUG   |       L1 Gagal, mencoba L2 DDGS...
16:47:18 | DEBUG   | [L2 DDGS] Error: ConnectError: ConnectError('error sending request for url (https://html.duckduckgo.com/html/)', 'https://html.duckduckgo.com/html/')
16:47:18 | INFO    |       => Gagal mencari deskripsi.
16:47:20 | INFO    | [524/2708] Mencari: Pantai Pusahelu
16:47:20 | DEBUG   | [L1 Wiki] Error: Expecting value: line 1 column 1 (char 0)
16:47:20 | DEBUG   |       L1 Gagal, mencoba L2 DDGS...
16:47:27 | DEBUG   | [L2 DDGS] Error: ConnectError: ConnectError('error sending request for url (https://html.duckduckgo.com/html/)', 'https://html.duckduckgo.com/html/')
16:47:27 | INFO    |       => Gagal mencari deskripsi.
16:47:29 | INFO    | [525/2708] Mencari: Pantai Tanjung Tumpaan
16:47:29 | DEBUG   | [L1 Wiki] Error: Expecting value: line 1 column 1 (char 0)
16:47:29 | DEBUG   |       L1 Gagal, mencoba L2 DDGS...
16:47:35 | DEBUG   | [L2 DDGS] Error: ConnectError: ConnectError('error sending request for url (https://html.duckduckgo.com/html/)', 'https://html.duckduckgo.com/html/')
16:47:35 | INFO    |       => Gagal mencari deskripsi.
16:47:37 | INFO    | [526/2708] Mencari: RTH Papalimba Puday
16:47:37 | DEBUG   | [L1 Wiki] Error: Expecting value: line 1 column 1 (char 0)
16:47:37 | DEBUG   |       L1 Gagal, mencoba L2 DDGS...
16:47:49 | INFO    |       => Sukses dari: https://kendariinfo.com/rth-papalimba-destinasi-wisata-baru-ramah-lingkungan-di-kendari/
16:47:51 | INFO    | [527/2708] Mencari: Rumah Alam Dunggala
16:47:51 | DEBUG   | [L1 Wiki] Error: Expecting value: line 1 column 1 (char 0)
16:47:51 | DEBUG   |       L1 Gagal, mencoba L2 DDGS...
16:48:00 | INFO    |       => Sukses dari: https://gorontalo.tribunnews.com/bone-bolango/81401/rumah-alam-dunggala-wisata-gorontalo-menuju-taman-satwa-profesional
16:48:01 | INFO    | [528/2708] Mencari: Pasangkayu Beach
16:48:01 | DEBUG   | [L1 Wiki] Error: Expecting value: line 1 column 1 (char 0)
16:48:01 | DEBUG   |       L1 Gagal, mencoba L2 DDGS...
16:48:11 | DEBUG   | [L2 DDGS] Error: ('error sending request for url (https://yandex.com/search/site/?text=Pasangkayu+Beach+Kabupaten+Pasangkayu+wisata&web=1&searchid=1650860)', 'https://yandex.com/search/site/?text=Pasangkayu+Beach+Kabupaten+Pasangkayu+wisata&web=1&searchid=1650860')
16:48:11 | INFO    |       => Gagal mencari deskripsi.
16:48:12 | INFO    | [529/2708] Mencari: Kahayya
16:48:12 | DEBUG   | [L1 Wiki] Error: Expecting value: line 1 column 1 (char 0)
16:48:12 | DEBUG   |       L1 Gagal, mencoba L2 DDGS...
16:48:18 | DEBUG   | [L2 BS4] Gagal ekstraksi url https://jadesta.kemenparekraf.go.id/atraksi/20965 -> HTTPSConnectionPool(host='jadesta.kemenparekraf.go.id', port=443): Max retries exceeded with url: /atraksi/20965 (Caused by NameResolutionError("HTTPSConnection(host='jadesta.kemenparekraf.go.id', port=443): Failed to resolve 'jadesta.kemenparekraf.go.id' ([Errno 11002] getaddrinfo failed)"))
16:48:20 | INFO    |       => Sukses dari: https://seputarindonesia.net/kahayya-pesona-eco-wisata-yang-tersembunyi-di-bulukumba/
16:48:22 | INFO    | [530/2708] Mencari: Danau Towuti
16:48:22 | DEBUG   | [L1 Wiki] Error: Expecting value: line 1 column 1 (char 0)
16:48:22 | DEBUG   |       L1 Gagal, mencoba L2 DDGS...
16:48:29 | DEBUG   | [L2 DDGS] Error: ConnectError: ConnectError('error sending request for url (https://html.duckduckgo.com/html/)', 'https://html.duckduckgo.com/html/')
16:48:29 | INFO    |       => Gagal mencari deskripsi.
16:48:31 | INFO    | [531/2708] Mencari: Pantai Embuhanga
16:48:31 | DEBUG   | [L1 Wiki] Error: Expecting value: line 1 column 1 (char 0)
16:48:31 | DEBUG   |       L1 Gagal, mencoba L2 DDGS...
16:48:37 | DEBUG   | [L2 DDGS] Error: RequestError: RequestError('error sending request for url (https://search.yahoo.com/search;_ylt=m6g_kkTgOz50bNosMTsBGNB2;_ylu=j_nLi6gozGfRFpZqouHel6NGTsKK6G_Ft9yl2CfnhIl558c?p=Pantai+Embuhanga+Kabupaten+Kepulauan+Sangihe+wisata)', 'https://search.yahoo.com/search;_ylt=m6g_kkTgOz50bNosMTsBGNB2;_ylu=j_nLi6gozGfRFpZqouHel6NGTsKK6G_Ft9yl2CfnhIl558c?p=Pantai+Embuhanga+Kabupaten+Kepulauan+Sangihe+wisata')
16:48:37 | INFO    |       => Gagal mencari deskripsi.
16:48:38 | INFO    | [532/2708] Mencari: Pananualeng Beach
16:48:39 | DEBUG   | [L1 Wiki] Error: Expecting value: line 1 column 1 (char 0)
16:48:39 | DEBUG   |       L1 Gagal, mencoba L2 DDGS...
16:48:45 | DEBUG   | [L2 DDGS] Error: ConnectError: ConnectError('error sending request for url (https://html.duckduckgo.com/html/)', 'https://html.duckduckgo.com/html/')
16:48:45 | INFO    |       => Gagal mencari deskripsi.
16:48:47 | INFO    | [533/2708] Mencari: Bukit Raga
16:48:47 | DEBUG   | [L1 Wiki] Error: Expecting value: line 1 column 1 (char 0)
16:48:47 | DEBUG   |       L1 Gagal, mencoba L2 DDGS...
16:48:53 | INFO    |       => Sukses dari: https://tempatwisataseru.com/tempat-wisata-di-gorontalo/
16:48:55 | INFO    | [534/2708] Mencari: Alun-alun Kirambu
16:48:55 | DEBUG   | [L1 Wiki] Error: Expecting value: line 1 column 1 (char 0)
16:48:55 | DEBUG   |       L1 Gagal, mencoba L2 DDGS...
16:49:06 | INFO    |       => Sukses dari: https://idalamat.com/alamat/727381/alunalun-kirambu-kolaka-sulawesi-tenggara
16:49:08 | INFO    | [535/2708] Mencari: Golden Kolam golden jumbo
16:49:08 | DEBUG   | [L1 Wiki] Error: Expecting value: line 1 column 1 (char 0)
16:49:08 | DEBUG   |       L1 Gagal, mencoba L2 DDGS...
16:49:11 | INFO    |       => Sukses dari: https://idalamat.com/alamat/935423/golden-lake-waterpark-manado-sulawesi-utara
16:49:12 | INFO    | [536/2708] Mencari: Pagoda Ekayana
16:49:12 | DEBUG   | [L1 Wiki] Error: Expecting value: line 1 column 1 (char 0)
16:49:12 | DEBUG   |       L1 Gagal, mencoba L2 DDGS...
16:49:18 | DEBUG   | [L2 DDGS] Error: RequestError: RequestError('error sending request for url (https://search.yahoo.com/search;_ylt=BjByEgOLzYwlyJ8oOylGl20V;_ylu=s0my7qZCNMyfWkfGYTs5b0qs5-iPQQZAGuKHt1yGorKP8Ug?p=Pagoda+Ekayana+Kota+Tomohon+wisata)', 'https://search.yahoo.com/search;_ylt=BjByEgOLzYwlyJ8oOylGl20V;_ylu=s0my7qZCNMyfWkfGYTs5b0qs5-iPQQZAGuKHt1yGorKP8Ug?p=Pagoda+Ekayana+Kota+Tomohon+wisata')
16:49:18 | INFO    |       => Gagal mencari deskripsi.
16:49:20 | INFO    | [537/2708] Mencari: Tugu Ampana
16:49:20 | DEBUG   | [L1 Wiki] Error: Expecting value: line 1 column 1 (char 0)
16:49:20 | DEBUG   |       L1 Gagal, mencoba L2 DDGS...
16:49:26 | DEBUG   | [L2 DDGS] Error: ConnectError: ConnectError('error sending request for url (https://html.duckduckgo.com/html/)', 'https://html.duckduckgo.com/html/')
16:49:26 | INFO    |       => Gagal mencari deskripsi.
16:49:27 | INFO    | [538/2708] Mencari: Taman Taiganja Kalukubula
16:49:27 | DEBUG   | [L1 Wiki] Error: Expecting value: line 1 column 1 (char 0)
16:49:27 | DEBUG   |       L1 Gagal, mencoba L2 DDGS...
16:49:34 | DEBUG   | [L2 DDGS] Error: ConnectError: ConnectError('error sending request for url (https://html.duckduckgo.com/html/)', 'https://html.duckduckgo.com/html/')
16:49:34 | INFO    |       => Gagal mencari deskripsi.
16:49:36 | INFO    | [539/2708] Mencari: Tilalohe Beach Resort
16:49:36 | DEBUG   | [L1 Wiki] Error: Expecting value: line 1 column 1 (char 0)
16:49:36 | DEBUG   |       L1 Gagal, mencoba L2 DDGS...
16:49:41 | DEBUG   | [L2 DDGS] Error: RequestError: RequestError('error sending request for url (https://search.yahoo.com/search;_ylt=vTKPi3eWaUWbhF9daPtQCdmQ;_ylu=k1QL4r-y4j-S5ASea4-5SYOq-5IRoNIklJjXbI05y1xEG_I?p=Tilalohe+Beach+Resort+Kabupaten+Gorontalo+wisata)', 'https://search.yahoo.com/search;_ylt=vTKPi3eWaUWbhF9daPtQCdmQ;_ylu=k1QL4r-y4j-S5ASea4-5SYOq-5IRoNIklJjXbI05y1xEG_I?p=Tilalohe+Beach+Resort+Kabupaten+Gorontalo+wisata')
16:49:41 | INFO    |       => Gagal mencari deskripsi.
16:49:42 | INFO    | [540/2708] Mencari: Bukit Sibedi
16:49:42 | DEBUG   | [L1 Wiki] Error: Expecting value: line 1 column 1 (char 0)
16:49:42 | DEBUG   |       L1 Gagal, mencoba L2 DDGS...
16:49:49 | INFO    |       => Sukses dari: https://pariwisata.sultengprov.go.id/data-pariwisata/daya-tarik-wisata/dtw-kabupaten-sigi/80-bukit-sibedi.html
16:49:51 | INFO    | *** Auto-saving 540 baris diproses...
16:49:51 | INFO    | [541/2708] Mencari: Danau Tempe Kab.Wajo
16:49:51 | DEBUG   | [L1 Wiki] Error: Expecting value: line 1 column 1 (char 0)
16:49:51 | DEBUG   |       L1 Gagal, mencoba L2 DDGS...
16:49:57 | DEBUG   | [L2 DDGS] Error: ConnectError: ConnectError('error sending request for url (https://html.duckduckgo.com/html/)', 'https://html.duckduckgo.com/html/')
16:49:57 | INFO    |       => Gagal mencari deskripsi.
16:49:59 | INFO    | [542/2708] Mencari: Tracking Mangrove Lahundape
16:49:59 | DEBUG   | [L1 Wiki] Error: Expecting value: line 1 column 1 (char 0)
16:49:59 | DEBUG   |       L1 Gagal, mencoba L2 DDGS...
16:50:08 | INFO    |       => Sukses dari: https://www.celebes.co/tracking-mangrove-lahundape
16:50:09 | INFO    | [543/2708] Mencari: Lembah Ollon
16:50:09 | DEBUG   | [L1 Wiki] Error: Expecting value: line 1 column 1 (char 0)
16:50:09 | DEBUG   |       L1 Gagal, mencoba L2 DDGS...
16:50:19 | DEBUG   | [L2 DDGS] Error: RequestError: RequestError('error sending request for url (https://search.yahoo.com/search;_ylt=G3ht59suk4kelNknzV0e_J8s;_ylu=bETrU_qXywhK2M0En9BNW0QORWtu00avdPEy4vAhkPOCWuQ?p=Lembah+Ollon+Kabupaten+Tana+Toraja+wisata)', 'https://search.yahoo.com/search;_ylt=G3ht59suk4kelNknzV0e_J8s;_ylu=bETrU_qXywhK2M0En9BNW0QORWtu00avdPEy4vAhkPOCWuQ?p=Lembah+Ollon+Kabupaten+Tana+Toraja+wisata')
16:50:19 | INFO    |       => Gagal mencari deskripsi.
16:50:21 | INFO    | [544/2708] Mencari: Desa wisata karangan latimojong ,Sivin camp, kampong kopi Latimojong
16:50:21 | DEBUG   | [L1 Wiki] Error: Expecting value: line 1 column 1 (char 0)
16:50:21 | DEBUG   |       L1 Gagal, mencoba L2 DDGS...
16:50:27 | DEBUG   | [L2 DDGS] Error: ConnectError: ConnectError('error sending request for url (https://html.duckduckgo.com/html/)', 'https://html.duckduckgo.com/html/')
16:50:27 | INFO    |       => Gagal mencari deskripsi.
16:50:29 | INFO    | [545/2708] Mencari: Permandian Air Tawar Desa Kautu
16:50:29 | DEBUG   | [L1 Wiki] Error: Expecting value: line 1 column 1 (char 0)
16:50:29 | DEBUG   |       L1 Gagal, mencoba L2 DDGS...
16:50:36 | DEBUG   | [L2 DDGS] Error: ConnectError: ConnectError('error sending request for url (https://html.duckduckgo.com/html/)', 'https://html.duckduckgo.com/html/')
16:50:36 | INFO    |       => Gagal mencari deskripsi.
16:50:37 | INFO    | [546/2708] Mencari: Koguna Beach
16:50:37 | DEBUG   | [L1 Wiki] Error: Expecting value: line 1 column 1 (char 0)
16:50:37 | DEBUG   |       L1 Gagal, mencoba L2 DDGS...
16:50:47 | INFO    |       => Sukses dari: https://sentralsultra.id/melihat-lebih-dekat-pesona-pantai-koguna-di-kabupaten-buton/
16:50:48 | INFO    | [547/2708] Mencari: Pulau Pasir Putih
16:50:48 | DEBUG   | [L1 Wiki] Error: Expecting value: line 1 column 1 (char 0)
16:50:48 | DEBUG   |       L1 Gagal, mencoba L2 DDGS...
16:50:56 | INFO    |       => Sukses dari: https://sulsel.idntimes.com/travel/destination/5-wisata-pantai-di-polewali-mandar-ramai-dikunjungi-wisatawan-01-954ls-6dm4rb
16:50:58 | INFO    | [548/2708] Mencari: Rumah Adat Sao Raja Sawitto
16:50:58 | DEBUG   | [L1 Wiki] Error: Expecting value: line 1 column 1 (char 0)
16:50:58 | DEBUG   |       L1 Gagal, mencoba L2 DDGS...
16:51:05 | DEBUG   | [L2 DDGS] Error: ConnectError: ConnectError('error sending request for url (https://html.duckduckgo.com/html/)', 'https://html.duckduckgo.com/html/')
16:51:05 | INFO    |       => Gagal mencari deskripsi.
16:51:06 | INFO    | [549/2708] Mencari: Puncak Wakila
16:51:06 | DEBUG   | [L1 Wiki] Error: Expecting value: line 1 column 1 (char 0)
16:51:06 | DEBUG   |       L1 Gagal, mencoba L2 DDGS...
16:51:21 | INFO    |       => Sukses dari: https://sultra.tribunnews.com/muna/87601/puncak-wakila-muna-sulawesi-tenggara-magnet-wisata-dan-ruang-temu-pemudik-di-jantung-desa-kondongia
16:51:22 | INFO    | [550/2708] Mencari: Wisata Pohon Cinta
16:51:22 | DEBUG   | [L1 Wiki] Error: Expecting value: line 1 column 1 (char 0)
16:51:22 | DEBUG   |       L1 Gagal, mencoba L2 DDGS...
16:51:28 | DEBUG   | [L2 DDGS] Error: ConnectError: ConnectError('error sending request for url (https://html.duckduckgo.com/html/)', 'https://html.duckduckgo.com/html/')
16:51:28 | INFO    |       => Gagal mencari deskripsi.
16:51:30 | INFO    | [551/2708] Mencari: Tanah Bangkala Bone 1
16:51:30 | DEBUG   | [L1 Wiki] Error: Expecting value: line 1 column 1 (char 0)
16:51:30 | DEBUG   |       L1 Gagal, mencoba L2 DDGS...
16:51:42 | INFO    |       => Sukses dari: https://bone.go.id/
16:51:43 | INFO    | [552/2708] Mencari: Pantai Banano
16:51:43 | DEBUG   | [L1 Wiki] Error: Expecting value: line 1 column 1 (char 0)
16:51:43 | DEBUG   |       L1 Gagal, mencoba L2 DDGS...
16:51:54 | DEBUG   | [L2 BS4] Gagal ekstraksi url https://sisparnas.kemenparekraf.go.id/p/1888 -> HTTPSConnectionPool(host='sisparnas.kemenparekraf.go.id', port=443): Max retries exceeded with url: /p/1888 (Caused by NameResolutionError("HTTPSConnection(host='sisparnas.kemenparekraf.go.id', port=443): Failed to resolve 'sisparnas.kemenparekraf.go.id' ([Errno 11002] getaddrinfo failed)"))
16:51:55 | INFO    |       => Sukses dari: https://sisparnas.kemenpar.go.id/p/1883
16:51:56 | INFO    | [553/2708] Mencari: Wisata Puncak Raja Bunga
16:51:56 | DEBUG   | [L1 Wiki] Error: Expecting value: line 1 column 1 (char 0)
16:51:56 | DEBUG   |       L1 Gagal, mencoba L2 DDGS...
16:52:03 | DEBUG   | [L2 DDGS] Error: ConnectError: ConnectError('error sending request for url (https://html.duckduckgo.com/html/)', 'https://html.duckduckgo.com/html/')
16:52:03 | INFO    |       => Gagal mencari deskripsi.
16:52:04 | INFO    | [554/2708] Mencari: Pantai Kahona
16:52:04 | DEBUG   | [L1 Wiki] Error: Expecting value: line 1 column 1 (char 0)
16:52:04 | DEBUG   |       L1 Gagal, mencoba L2 DDGS...
16:52:13 | DEBUG   | [L2 DDGS] Error: ConnectError: ConnectError('error sending request for url (https://html.duckduckgo.com/html/)', 'https://html.duckduckgo.com/html/')
16:52:13 | INFO    |       => Gagal mencari deskripsi.
16:52:15 | INFO    | [555/2708] Mencari: Wisata Alam Geologi Boro Boro
16:52:15 | DEBUG   | [L1 Wiki] Error: Expecting value: line 1 column 1 (char 0)
16:52:15 | DEBUG   |       L1 Gagal, mencoba L2 DDGS...
16:52:22 | DEBUG   | [L2 DDGS] Error: ConnectError: ConnectError('error sending request for url (https://html.duckduckgo.com/html/)', 'https://html.duckduckgo.com/html/')
16:52:22 | INFO    |       => Gagal mencari deskripsi.
16:52:23 | INFO    | [556/2708] Mencari: Taman Batu Balloci
16:52:23 | DEBUG   | [L1 Wiki] Error: Expecting value: line 1 column 1 (char 0)
16:52:23 | DEBUG   |       L1 Gagal, mencoba L2 DDGS...
16:52:28 | DEBUG   | [L2 BS4] Gagal ekstraksi url http://www.direktoripariwisata.id/unit/5836 -> HTTPConnectionPool(host='www.direktoripariwisata.id', port=80): Max retries exceeded with url: /unit/5836 (Caused by NameResolutionError("HTTPConnection(host='www.direktoripariwisata.id', port=80): Failed to resolve 'www.direktoripariwisata.id' ([Errno 11001] getaddrinfo failed)"))
16:52:33 | INFO    |       => Gagal mencari deskripsi.
16:52:35 | INFO    | [557/2708] Mencari: Bukit Teletubbies
16:52:35 | DEBUG   | [L1 Wiki] Error: Expecting value: line 1 column 1 (char 0)
16:52:35 | DEBUG   |       L1 Gagal, mencoba L2 DDGS...
16:52:46 | DEBUG   | [L2 DDGS] Error: DecodeError: DecodeError('Body collection error: error decoding response body')
16:52:46 | INFO    |       => Gagal mencari deskripsi.
16:52:47 | INFO    | [558/2708] Mencari: Wisata pemandian Air Panas Bakan
16:52:47 | DEBUG   | [L1 Wiki] Error: Expecting value: line 1 column 1 (char 0)
16:52:47 | DEBUG   |       L1 Gagal, mencoba L2 DDGS...
16:52:55 | DEBUG   | [L2 DDGS] Error: ConnectError: ConnectError('error sending request for url (https://html.duckduckgo.com/html/)', 'https://html.duckduckgo.com/html/')
16:52:55 | INFO    |       => Gagal mencari deskripsi.
16:52:56 | INFO    | [559/2708] Mencari: Wisata Gunung Kekewang Desa Tetey
16:52:56 | DEBUG   | [L1 Wiki] Error: Expecting value: line 1 column 1 (char 0)
16:52:56 | DEBUG   |       L1 Gagal, mencoba L2 DDGS...
16:53:06 | DEBUG   | [L2 DDGS] Error: RequestError: RequestError('error sending request for url (https://search.yahoo.com/search;_ylt=Yreg_g_A9VyfQtjTWTHw8iMF;_ylu=0s70ebdUzGxutgrJQfISofzp13_qaaQQwhW7bkNs19aDNH8?p=Wisata+Gunung+Kekewang+Desa+Tetey+Kabupaten+Minahasa+Utara+wisata)', 'https://search.yahoo.com/search;_ylt=Yreg_g_A9VyfQtjTWTHw8iMF;_ylu=0s70ebdUzGxutgrJQfISofzp13_qaaQQwhW7bkNs19aDNH8?p=Wisata+Gunung+Kekewang+Desa+Tetey+Kabupaten+Minahasa+Utara+wisata')
16:53:06 | INFO    |       => Gagal mencari deskripsi.
16:53:07 | INFO    | [560/2708] Mencari: Padang Pajjongang
16:53:07 | DEBUG   | [L1 Wiki] Error: Expecting value: line 1 column 1 (char 0)
16:53:07 | DEBUG   |       L1 Gagal, mencoba L2 DDGS...
16:53:15 | DEBUG   | [L2 DDGS] Error: ConnectError: ConnectError('error sending request for url (https://html.duckduckgo.com/html/)', 'https://html.duckduckgo.com/html/')
16:53:15 | INFO    |       => Gagal mencari deskripsi.
16:53:17 | INFO    | *** Auto-saving 560 baris diproses...
16:53:17 | INFO    | [561/2708] Mencari: Tanggul Batu Cincin
16:53:17 | DEBUG   | [L1 Wiki] Error: Expecting value: line 1 column 1 (char 0)
16:53:17 | DEBUG   |       L1 Gagal, mencoba L2 DDGS...
16:53:25 | DEBUG   | [L2 DDGS] Error: RequestError: RequestError('error sending request for url (https://search.yahoo.com/search;_ylt=qIgzwTQs_8zJA--4XpPoaej_;_ylu=oS4AY6zWnkF5nh_TQVdVF0CIDIuPVHUs54ubAug-pUnSVec?p=Tanggul+Batu+Cincin+Kabupaten+Majene+wisata)', 'https://search.yahoo.com/search;_ylt=qIgzwTQs_8zJA--4XpPoaej_;_ylu=oS4AY6zWnkF5nh_TQVdVF0CIDIuPVHUs54ubAug-pUnSVec?p=Tanggul+Batu+Cincin+Kabupaten+Majene+wisata')
16:53:25 | INFO    |       => Gagal mencari deskripsi.
16:53:27 | INFO    | [562/2708] Mencari: Taman Wisata NewMahoni Tomohon
16:53:27 | DEBUG   | [L1 Wiki] Error: Expecting value: line 1 column 1 (char 0)
16:53:27 | DEBUG   |       L1 Gagal, mencoba L2 DDGS...
16:53:33 | INFO    |       => Gagal mencari deskripsi.
16:53:34 | INFO    | [563/2708] Mencari: Air Terjun Bantimurung Bone-Bone
16:53:34 | DEBUG   | [L1 Wiki] Error: Expecting value: line 1 column 1 (char 0)
16:53:34 | DEBUG   |       L1 Gagal, mencoba L2 DDGS...
16:53:42 | DEBUG   | [L2 DDGS] Error: ConnectError: ConnectError('error sending request for url (https://html.duckduckgo.com/html/)', 'https://html.duckduckgo.com/html/')
16:53:42 | INFO    |       => Gagal mencari deskripsi.
16:53:44 | INFO    | [564/2708] Mencari: Pantai Tasik Ria
16:53:44 | DEBUG   | [L1 Wiki] Error: Expecting value: line 1 column 1 (char 0)
16:53:44 | DEBUG   |       L1 Gagal, mencoba L2 DDGS...
16:53:49 | DEBUG   | [L2 DDGS] Error: RequestError: RequestError('error sending request for url (https://search.yahoo.com/search;_ylt=BThZTiJNChC64sWdbrsv_okC;_ylu=vUwbbaOT0QYS8yZvQu8wRmTLa_GYTf1K5LML9MfF3Sn8F8c?p=Pantai+Tasik+Ria+Kabupaten+Minahasa+wisata)', 'https://search.yahoo.com/search;_ylt=BThZTiJNChC64sWdbrsv_okC;_ylu=vUwbbaOT0QYS8yZvQu8wRmTLa_GYTf1K5LML9MfF3Sn8F8c?p=Pantai+Tasik+Ria+Kabupaten+Minahasa+wisata')
16:53:49 | INFO    |       => Gagal mencari deskripsi.
16:53:51 | INFO    | [565/2708] Mencari: Pantai Wantopi
16:53:51 | DEBUG   | [L1 Wiki] Error: Expecting value: line 1 column 1 (char 0)
16:53:51 | DEBUG   |       L1 Gagal, mencoba L2 DDGS...
16:54:05 | INFO    |       => Sukses dari: https://www.celebes.co/pantai-wantopi-buton-tengah
16:54:06 | INFO    | [566/2708] Mencari: Objek Wisata Gunung Tambolang
16:54:06 | DEBUG   | [L1 Wiki] Error: Expecting value: line 1 column 1 (char 0)
16:54:06 | DEBUG   |       L1 Gagal, mencoba L2 DDGS...
16:54:12 | INFO    |       => Sukses dari: https://wisatago.com/gunung-tambolang-wisata/
16:54:13 | INFO    | [567/2708] Mencari: Hidden gem - taman wisata & camping
16:54:13 | DEBUG   | [L1 Wiki] Error: Expecting value: line 1 column 1 (char 0)
16:54:13 | DEBUG   |       L1 Gagal, mencoba L2 DDGS...
16:54:21 | DEBUG   | [L2 DDGS] Error: ConnectError: ConnectError('error sending request for url (https://html.duckduckgo.com/html/)', 'https://html.duckduckgo.com/html/')
16:54:21 | INFO    |       => Gagal mencari deskripsi.
16:54:23 | INFO    | [568/2708] Mencari: Permandian Bukit Kasih
16:54:23 | DEBUG   | [L1 Wiki] Error: Expecting value: line 1 column 1 (char 0)
16:54:23 | DEBUG   |       L1 Gagal, mencoba L2 DDGS...
16:54:28 | DEBUG   | [L2 DDGS] Error: ConnectError: ConnectError('error sending request for url (https://html.duckduckgo.com/html/)', 'https://html.duckduckgo.com/html/')
16:54:28 | INFO    |       => Gagal mencari deskripsi.
16:54:30 | INFO    | [569/2708] Mencari: Danau Tambing
16:54:30 | DEBUG   | [L1 Wiki] Error: Expecting value: line 1 column 1 (char 0)
16:54:30 | DEBUG   |       L1 Gagal, mencoba L2 DDGS...
16:54:36 | INFO    |       => Sukses dari: https://id.wikipedia.org/wiki/Danau_Tambing
16:54:37 | INFO    | 
Menyimpan file final...
16:54:37 | INFO    | Berhasil disimpan: D:\semester6\mc_learning\scrapt_wisata\deskripsi\scrap_deskripsi_wisata.csv
16:54:37 | INFO    | Selesai dikerjakan!
