nama wisata,lokasi,kabupaten,provinsi,url_image
Losari Beach Platform,"Maloku, Jl. Penghibur, Losari, Kec. Ujung Pandang, Kota Makassar, Sulawesi Selatan 90113, Indonesia",Kota Makassar,Sulawesi Selatan,https://lh3.googleusercontent.com/gps-cs-s/APNQkAGJhF-y_E_-JkBEXPJy2zaSIudVkCngXGOExTj-PRLvhU923H65-hvHciDLMmW3kBv-ASo2QcOGQrEDf8lQ9noMcoXM8cuOMLvtbKPLWRKGs6VUIleOcIlInFZvEzcUVzE0TLYo=w1200-h800-k-no
Benteng Rotterdam,"No.Road, Jl. Ujung Pandang, Bulo Gading, Kec. Ujung Pandang, Kota Makassar, Sulawesi Selatan 90171, Indonesia",Kota Makassar,Sulawesi Selatan,https://lh3.googleusercontent.com/gps-cs-s/APNQkAH3mUNaIXT8W5KIOigQdiEBMLgJHDsPgimdkLVRxkdcaV6xqD4pBO6LmpifIRcObB2bCmvI4dfBsXljr_08Ki4AS0W6yImda7Ej3IjEqA1aXBfuewnSTQFkBn0LbtIPdtWa4-aW_w=w1200-h800-k-no
Taman Nasional Bantimurung Bulusaraung,"5RXF+G9H, Bentenge, Sulawesi Selatan, Indonesia",Kabupaten Maros,Sulawesi Selatan,https://lh3.googleusercontent.com/gps-cs-s/APNQkAEOcKePcx9v9SYA4FtVrRiQMKWqrTHua9tnlGG-fg3MnGigOjyVIygeT2YKdMMHKUJvAk7i22fn05L_ciqk-HTE6AB1FFrd9bBVibOk0MDblB_MHjEPikf8quaZAZzO88tqSX3X=w1200-h800-k-no
"Pantai Tak Berombak, PTB Maros","Jl. Crisant No.3 /C, Pettuadae, Kec. Turikale, Kabupaten Maros, Sulawesi Selatan 90516, Indonesia",Kabupaten Maros,Sulawesi Selatan,https://lh3.googleusercontent.com/gps-cs-s/APNQkAHU89Bs11mY_XQEpcOU3ndA8nYpp6OyHnrlHgYC-qZG7aUqxvceyh0bYkxkj_b1tips3KaB-h-TGPB9kjUgJZgf9KOma27zIFnUIBu67Vs5_UN_dQCDDzbQTsu4Gjavg-wEsM2tXg=w1200-h800-k-no
Tongkonan Ke'te' Kesu',"Unnamed Road, 2W36+W6Q, Pantanakan Lolo, Kec. Kesu, Kabupaten Toraja Utara, Sulawesi Selatan 91834, Indonesia",Kabupaten Toraja Utara,Sulawesi Selatan,https://lh3.googleusercontent.com/gps-cs-s/APNQkAFam6QeW79vhtKlFVW-GK6knfCgJm08LA3rB7r8NFK7ZL5KXZdMd-kO6dIC0_OB1xCnjwlw5ol3PWcjZNBc9U2ab64PkCynvbQ448Xebmf61LUJpdyen4kpH4__tYNf3kp5VbR5GQ=w1200-h800-k-no
Menara Keagungan Limboto,"Jl. Baso Bobihoe No.308, Kayubulan, Kec. Limboto, Kabupaten Gorontalo, Gorontalo 96214, Indonesia",Kabupaten Gorontalo,Gorontalo,https://lh3.googleusercontent.com/gps-cs-s/APNQkAFigF5NDboN-iizDAMM58Bq6eqKhYufwspU0CNNQWH3YpooXgSyTRUT9LeGX0EpI1ZFGaiKryEqIRMQ8vHXqB2Z0Ht6Eb13DVi4fF4LF1zL6ggoU5UHGL2e_QEBc8voNmpXFa6XHw=w1200-h800-k-no
Taman Pakui Sayang,"Jl. A. P. Pettarani, Masale, Kec. Panakkukang, Kota Makassar, Sulawesi Selatan 90231, Indonesia",Kota Makassar,Sulawesi Selatan,https://lh3.googleusercontent.com/gps-cs-s/APNQkAHua4cQlnWcl1sTPQDojxG2ADoXdjvyNVycOpLFX2Mx4i0B0ore6lPecpka386zJ18fBCE5IXsABaQzR1KxywbjB-fFvff5tGyeOpI1m4h5XZVuc6LPmbIV8ox4TIvNlzwDZ6GM0EbZHFNB=w1200-h800-k-no
Masjid Raya Makassar,"Gaddong, Jalan Masjid Raya, Bontoala",Kota Makassar,Sulawesi Selatan,https://lh3.googleusercontent.com/gps-cs-s/APNQkAHmzc-j3KHgfH3PatBwV2U4afevCEd-G2ydG0RMH_Fel-X_wPJZ8C2lFhb-lz-HIPDalfjW_aEUMRfgK-69fY64JcLeDWeqLeqUokCYWOg3EC1toZvHd6McIR5IqFAFnaWj9s4=w1200-h800-k-no
Taman Vatulemo,"Jl. Balai Kota Timur Tanamodindi Mantikulore, Lapangan Vatulomo, Lolu Utara, Kec. Palu Sel., Kota Palu, Sulawesi Tengah 94111, Indonesia",Kota Palu,Sulawesi Tengah,https://lh3.googleusercontent.com/gps-cs-s/APNQkAG__yx5ymsFh_4BGT8ym7lQRf9SmELtgEK4kHyv1rRa35ZUnusPV6Aqv1RzmULikzjFZiLgoq6S1yeBNduSmlow3pyhMRS8koC6rhajobDOQlLqaQKKXafegxnqeuPBvu3DNVgcW8EwVkzP=w1200-h800-k-no
Monumen Cinta Sejati Habibie-Ainun,"XJPC+XR6 Lapangan Andi Makkasau, Jl. Karaeng Burane, Mallusetasi, Ujung, Parepare, South Sulawesi 91111, Indonesia",Kota Parepare,Sulawesi Selatan,https://lh3.googleusercontent.com/gps-cs-s/APNQkAHQ6rY6toyYAHlD80udTvmKI5Jt3E8tRj-pmCm1wA70I96ykaaRnAasSrEPBiWIGgMSuKDjfDQblHEJxP05-gSiHpQog63l7AJJtYn3KDgppUJHWVnOJSI5STe_Mn1qQHZDS9rt=w1200-h800-k-no
Pantai Losari,"Jl. Somba OPU No.57, Maloku, Kec. Ujung Pandang, Kota Makassar, Sulawesi Selatan 90111, Indonesia",Kota Makassar,Sulawesi Selatan,https://lh3.googleusercontent.com/gps-cs-s/APNQkAER--ee_rMCGm-IjfwiiZ6qL6Ytjpy6zeq8vNGt0WhMYdLcJE3yMbvF0ireJLnC7j5L5NZNwQGh-u8W7MfY9CoEBUq0ldoXQ5sfEFuLW9K3TphBL4u_gNh_NNV4IxxzbjvCHUUr=w1200-h800-k-no
Tribun Pantai Seruni,"Tribun Pantai Seruni, Jl. Seruni, Pallantikang, Kec. Bantaeng, Kabupaten Bantaeng, Sulawesi Selatan 92411, Indonesia",Kabupaten Bantaeng,Sulawesi Selatan,https://lh3.googleusercontent.com/gps-cs-s/APNQkAF_ehY14B89tg2p4QUuG2ZyK9W14d6heaY7Sw_YiJqvVAcDswZvW4-8p80hptYC9w9YILvS9u0GTd5r1sTQ-nUIgw7crV1_lvt5OZYIqZIWUDFP5yjjMoyuTNUjJPZsGZzSLOb_=w1200-h800-k-no
Bugis Waterpark Adventure,"Jl. Raya Baruga No.1, Antang, Kec. Manggala, Kota Makassar, Sulawesi Selatan 90562, Indonesia",Kota Makassar,Sulawesi Selatan,https://lh3.googleusercontent.com/gps-cs-s/APNQkAFHYd1ReGuIQxB4eq4l7ZysauYVhy1j1gRIGSxdjEzZVDeOTHMzWhqfYrSncw9I9ilT5JrsFO_bNgg_4TIBWDS3yA2kmRAf8ZuTsYH6S-cv6iZBIcDLlW08dyezAyrn7W21Bf_I=w1200-h800-k-no
Taman Kalong Watansoppeng,"MV2P+76Q, Botto, Kec. Lalabata, Kabupaten Soppeng, Sulawesi Selatan 90811, Indonesia",Kabupaten Soppeng,Sulawesi Selatan,https://lh3.googleusercontent.com/gps-cs-s/APNQkAHkbZqPuYsDoSJq5xwktA-NImdG0MNuA2YzMa2S4fpYTXXjgZJLzdz-lc2rYa2si_EwoJ7i-mzwX-cEgG_BBvuHsjZ0UAcwq9uYWj0tbacAyku9ZLJHV3kcvru6wwNN5GnhSRtKIQ=w1200-h800-k-no
Patung Tuhan Yesus Memberkati,"WV38+WH5, Buntu Burake, Kec. Makale, Kabupaten Tana Toraja, Sulawesi Selatan 91817, Indonesia",Kabupaten Tana Toraja,Sulawesi Selatan,https://lh3.googleusercontent.com/gps-cs-s/APNQkAFDgKhKr7lIm-ApSVOClda9MGqF0hiof-zZJJwP9fNRE-8S5y3938ZTpDUl-PUgfqYe1PM1GJ8CrKP86kGTldbxBcTIr582gqGC5pdta03i_Xplgvtoa0E-2RUGLBDXc62d-LS_=w1200-h800-k-no
Pantai Losari,"Pantai Losari, Sulawesi Selatan, Indonesia",Kota Makassar,Sulawesi Selatan,https://lh3.googleusercontent.com/gps-cs-s/APNQkAHOW6bRe8OJhAKoSvy5oK4KnlbFAHXeYC6ooXDlaPh3mRsz6otfnNqArjOXjsuJU5VWROMjzKAan_WKqT4sJsy1VxLwrlhxOaxUt-u8yx5IcVGSAJ14Ox8vqnlDx8DkQzeTZFCb=w1200-h800-k-no
Tugu Zero Point,"FRRQ+7MJ, Jl. Jendral Sudirman, Pinaesaan, Kec. Wenang, Kota Manado, Sulawesi Utara, Indonesia",Kota Manado,Sulawesi Utara,https://lh3.googleusercontent.com/gps-cs-s/APNQkAGqTuhuZNzrA3TByfdjOMtgJEw9zN_kVo-r0c_KJTSGM5jS1R5pQxEd95DMTOy54wOhCejMsxEcoqAnyJSp_jrW0avOLBpMH_2QOn8z6BIUEIDswyt69KEo2Ga3CpJ3MvsCq4QvDZFGJEzS=w1200-h800-k-no
Cinta Souvenir Bantimurung,"Kalabbirang, Kec. Bantimurung, Makassar, Sulawesi Selatan 90561, Indonesia",Kabupaten Maros,Sulawesi Selatan,https://lh3.googleusercontent.com/gps-cs-s/APNQkAFDo4uiW77PBpjOva8xydQLejn7AzI_eQaFadgInXwvozCL8oLdkEQEkO4ZzuD0kMVDZ0AyxDDa7r8i9lEX8m2Zd3-GJrAskCSbxJXbsDOycWWOn-r4sHcadskkz54Iz_Vfd9YQbUmFHhu4=w1200-h800-k-no
"Lolai - To' Tombi, Negeri di atas awan","Lolai, Kec. Kapala Pitu, Kabupaten Toraja Utara, Sulawesi Selatan 91854, Indonesia",Kabupaten Toraja Utara,Sulawesi Selatan,https://lh3.googleusercontent.com/gps-cs-s/APNQkAHJjmHC-orgz4p_f-_2Selfy4oM5FXsT_vo6AQ_SAMzuqIblRKO9lWMDNfJ32FUM_wdBj5tXIebCIVM1PLgTi88vodJjokbq5T2XvVtngq1x9ZwAMEV1Q8Xc2uOSQHzIL0CTjX4sg=w1200-h800-k-no
Pantai Bira Pasir Putih,"9FP5+7F2, Jalan Poros Jl. Pasir Putih Bira, Bira, Kec. Bonto Bahari, Kabupaten Bulukumba, Sulawesi Selatan 92571, Indonesia",Kabupaten Bulukumba,Sulawesi Selatan,https://lh3.googleusercontent.com/gps-cs-s/APNQkAHBOSCEDYTJSK0SaI9a8RISjmrtdoiHJ9IoYUCZCCt5gaXHBXf65xjnWLHc6uC93nwjcYaVmytSUTEmnO2UA2qYefTuVPdpzILEf97JpqiGqARpKaWV506QiZOcI0pRMywriOhRUA=w1200-h800-k-no
Taman Gor,"4V3C+MW9, Jl. Chairil Anwar, Besusu Tengah, Kec. Palu Tim., Kota Palu, Sulawesi Tengah 94111, Indonesia",Kota Palu,Sulawesi Tengah,https://lh3.googleusercontent.com/gps-cs-s/APNQkAFfyruioHxDjg-vI0x_DkEac5FiAEvaxpgD67NHAF49BbQ19LHx5ZPJKCLC5VHnqgbhizK3inU3NVrrSCK9Bc1gAExaDkci8QuBnC6kC-03h2U9IWW7xBwUmOd3SxBhwbq6o9Y=w1200-h800-k-no
Lolai Tongkonan Lempe,"Benteng Mamulu, Kec. Kapala Pitu, Kabupaten Toraja Utara, Sulawesi Selatan 91854, Indonesia",Kabupaten Toraja Utara,Sulawesi Selatan,https://lh3.googleusercontent.com/gps-cs-s/APNQkAH9LM4DW_MqUpe25dt9HnxMr1dClq2Nt7d4YbZwnuJcSS0GX_kx-SNbgFQuiuMyvvmu4K6RnredtiYNg3KkEtkQYziJjtgmleAtmS4131UydXb-_ovimoqrIxmXNM1yhM1eEpJqZGU_BHfy=w1200-h800-k-no
Monumen Yesus Memberkati,"CRQX+625, Jl. Monumen Yesus Memberkati, Winangun Satu, Kec. Malalayang, Kota Manado, Sulawesi Utara, Indonesia",Kota Manado,Sulawesi Utara,https://lh3.googleusercontent.com/gps-cs-s/APNQkAEp0oazesvwgyL7L85xtm3k9GPS0QO0ryuJkXiv6BEaBv_tIL-Pxth3el0YFi-BdjN0dRcsGJKptHawsxDi_3h56o-RrTSXOViCTaU_wNINHRUZ0DacZRiAUXMCnsKCxMCB8GfC=w1200-h800-k-no
Wisata Kebun Gowa,"Jl. Malino, Bontomanai, Kabupaten Gowa",Kabupaten Gowa,Sulawesi Selatan,https://lh3.googleusercontent.com/gps-cs-s/APNQkAFxVHgVbDjuaCSHmGSpT7eAlg2vO3yQ8DtTw3U4AgPvkfY2FfiHt1E2mVeEIxv_Mx5YLYBpJx4lNKcuEE62-gmCfaAm4WvY8kkhsXAeoogs6gIVjW1ZTnAed9qByt1DktbS4jKF=w1200-h800-k-no
Taman Nasional Bunaken,"Pelabuhan Marina plazaa, Manado City, North Sulawesi, Indonesia",Kota Manado,Sulawesi Utara,https://lh3.googleusercontent.com/gps-cs-s/APNQkAGIBXWXrsq_HLMS-cQByvK6xesSq3FoJTxZVr9yeEmxqoh2dgdyJfJIpDvurR7WOlISACpZfk8yNe6W7HjbwKx9ZBCBXtf9cQTU4aFqbmnIFQCvqgNNDGCIoo3vsg-08atp788aFA=w1200-h800-k-no
Taman Kota Kendari,"2GG7+H6G, Mandonga, Kec. Mandonga, Kota Kendari, Sulawesi Tenggara 93111, Indonesia",Kota Kendari,Sulawesi Tenggara,https://lh3.googleusercontent.com/gps-cs-s/APNQkAFBuQaPBLikU5HEBFc7n6AtsVui4lmE5GG_r7EhtSZXndrvCWb12Z_iN9P1vk_w1paIN8Np8AIZyJCP6vxi8yHbLmY1i0K2u3IRuaKi7UTKLElOkafp540E2vR4LBCkIf6hue6z=w1200-h800-k-no
Malino highlands,"Pattapang, Kec. Tinggimoncong, Kabupaten Gowa, Sulawesi Selatan 92171, Indonesia",Kabupaten Gowa,Sulawesi Selatan,https://lh3.googleusercontent.com/gps-cs-s/APNQkAHG6IECX_n6I04Se-CUNMHTYsiVX_V1O3BJjbyaokJ6jGEz8YR8KQfSCQTKTRKMqc4aK_IBLxvvTH8rFatXG8NtK631lC7uIs5CXiqfA9PWDAvtYX4EYP9-8nPc_IgUe9vdFZRN=w1200-h800-k-no
Pantai Akkarena,"Pantai Akkarena, Jalan Tanjung Bunga, Tj. Merdeka, Kec. Tamalate, Kota Makassar, Sulawesi Selatan 90224, Indonesia",Kota Makassar,Sulawesi Selatan,https://lh3.googleusercontent.com/gps-cs-s/APNQkAFQ_woI5-vN38rWnaoUoz7F_wD2rL-BCSEW83CIwhYNytojSR5WNNX1o3O-bPoM2VkyiihyFyvY527oECc330HBy4c24G_ajroircmNluHxFZCDUEp5j0geeCJfNf6rmtE98Q8DcA=w1200-h800-k-no
Taman Macan,"VC75+P5P, Jl. Sultan Hasanuddin, Bulo Gading, Kec. Ujung Pandang, Kota Makassar, Sulawesi Selatan 90171, Indonesia",Kota Makassar,Sulawesi Selatan,https://lh3.googleusercontent.com/gps-cs-s/APNQkAE3MbMSmwV1Kc9MxRlYKy4OhqMvw6-qWCwEU_aH4oU95QxREEHaBCtf1IMzqsyuIDKvnrjVEGDT9y2I1lMSRg1OiAxj3TnIv6_tEsdn-FU1RA6XTVL6XVIzBKw3NRZkFDLCwuc=w1200-h800-k-no
Kampoeng Karst Rammang Rammang,"Salenrang, Rammang Rammang, Bontonlempangan, Kec. Bontoa, Kabupaten Maros, Sulawesi Selatan 90561, Indonesia",Kabupaten Maros,Sulawesi Selatan,https://lh3.googleusercontent.com/gps-cs-s/APNQkAGkPwrbMwMWISZ3NHfLFwUIEc1IjMaEdYe0A-W7qQySBcE-fb53LP5swsCj4SWoiwc5x7mvELRpQ14pvwbfQSiSvY8tL5SU9Zdh7nWb_nAF5xY7tRxUyxU-xVha1ycBwwbZliQCvhdQJljJ=w1200-h800-k-no
Lasinrang Park,"Jl. Dr. Wahidin Sudiro Husodo, Jaya, Kec. Watang Sawitto, Kabupaten Pinrang, Sulawesi Selatan 91213, Indonesia",Kabupaten Pinrang,Sulawesi Selatan,https://lh3.googleusercontent.com/gps-cs-s/APNQkAErQ5jKvSKLF6CZbnysnO9ufHibToNOlqfVSHA8WPtGYfwal86wLr3LuEt10r166t72aE_qMbvxND1nMeMgXImQUg9YVsRzfr_SN27kQKZiNlxpGDiKhdFF2NqVjUHKGChCuX3okA=w1200-h800-k-no
Tebing Apparalang,"FC6X+XRG, Ara, Kec. Bonto Bahari, Kabupaten Bulukumba, Sulawesi Selatan, Indonesia",Kabupaten Bulukumba,Sulawesi Selatan,https://lh3.googleusercontent.com/gps-cs-s/APNQkAGzgGUNR3BCNErP4tTQR1HSmbTLR5YwGYF2qp-qDSEjAlz-fti5mQTX9sOkQavu2Tkxp-6_G3RdKwvGcDVmnArQwjAxAcxUx6-RBF68ZBu-RY0XtpG0wlh0NLWNWq3sUqY6NqCrjQ=w1200-h800-k-no
Taman Nasional Bantimurung Bulusaraung,"Jln. Poros Maros-Bone Km.12, Kalabbirang, Bantimurung, Kalabbirang, Kec. Bantimurung, Kabupaten Maros, Sulawesi Selatan 90561, Indonesia",Kabupaten Maros,Sulawesi Selatan,https://lh3.googleusercontent.com/gps-cs-s/APNQkAF_ww77eYw715RkK4c2CbQZwWIgVF50edKYnMJDLKvZEU-edcg4gmzjlzfSl27rN_bVdhw40ILuIOadK1l5lR5bszqbUIysBNpsNNPYsxc3S5dukn7sRHRESu9FLMy0Qq95WOZ0WQ=w1200-h800-k-no
Masjid Kubah 99,"Jl. H. Bau No.36, Kunjung Mae, Kec. Mariso, Kota Makassar, Sulawesi Selatan 90125, Indonesia",Kota Makassar,Sulawesi Selatan,https://lh3.googleusercontent.com/gps-cs-s/APNQkAHtGoGwc4PUrS6TlQ-yvI1FF-r8TOpyVdp8rGG4bexncDwDUsiU9jqTTmCWS62i9c3Ip8SOaFGbkOY13MZyCcNj20IQhfXyPZepjlh8Rekm1PdxGrgC4z89nHAKCYaezZwEV5SI1v_OHhB3=w1200-h800-k-no
Taman Musafir,"Padoang Doangan, Kec. Pangkajene, Kabupaten Pangkajene Dan Kepulauan, Sulawesi Selatan 90614, Indonesia",Kabupaten Pangkajene Dan Kepulauan,Sulawesi Selatan,https://lh3.googleusercontent.com/gps-cs-s/APNQkAHqEVwWSw_1S8vZiqMHtSsL9GyTjn7vwNe4xpzw4zF9FnWVF9JGyNNXGDcva7v-pP8ahIILwLmw8VphPUN7vJx9Wyg2stjZsnnjFaoHvTW3xXndDKHL-vDHlEo9vZcXHbWQ7XQvGg=w1200-h800-k-no
Taman Arkeologi Leang Leang,"2MFF+2M6 Ktr. Kelurahan Leang Leang, Leang-Leang, Kec. Bantimurung, Kabupaten Maros, Sulawesi Selatan 90561, Indonesia",Kabupaten Maros,Sulawesi Selatan,https://lh3.googleusercontent.com/gps-cs-s/APNQkAEmXOEMgnh__ZIF5vLx6ZCQSEO0b8BwY261Bj3NsOXrRJz6H1MBPdd9M9J9NWHYLiuyXZaJ_oYocghN39xTmehZ8TAg_mxfcVnDy8PO3YX2l7cGfTgUVrxAAabiVzFampGClz2SPg=w1200-h800-k-no
Tonrangeng Riverside,"XJ3G+292, Lumpue, Kec. Bacukiki Bar., Kota Parepare, Sulawesi Selatan 91123, Indonesia",Kota Parepare,Sulawesi Selatan,https://lh3.googleusercontent.com/gps-cs-s/APNQkAERGIx3P09ysrWfHDnQGy-bLSZ5HyZ1PtJRfzjGDMGwt6akYIX08xZAjB_BSE8bOvXOkJPrA22aQF0OIUHIkoFmUzFJ3XY5bCxX8tGraD-lv8VQOw3ji3nKs_9HYK1ED6kx7Q7C=w1200-h800-k-no
Taman Wisata Alam Lejja,"Jl. Poros Lejja, Bulue, Kec. Marioriawa, Kabupaten Soppeng, Sulawesi Selatan 90852, Indonesia",Kabupaten Soppeng,Sulawesi Selatan,https://lh3.googleusercontent.com/gps-cs-s/APNQkAFEPf0Kzc2kuxYis_33LRaLkpRlbnLcfNIM32Ux1etwXVmd4d_OKwneUNAybkfS9L3iCizOI79EcJOuE2EWUE6RrSgDwXwQh9-NTTjNiKqlZ1sc0A3oChFbImuhZgQ5r1PvWZ1W=w1200-h800-k-no
Space iklan 5x10. Anjungan Pantai Manakarra,"Anjungan Pantai Manakarra, Jl. Yos Sudarso, Binanga, Kec. Mamuju, Kabupaten Mamuju, Sulawesi Barat 91511, Indonesia",Kabupaten Mamuju,Sulawesi Barat,https://lh3.googleusercontent.com/gps-cs-s/APNQkAGSWDiWAaGxFdvj91YfjWwSy7eJjrrnLtrhTHv2SqyrD-s8PkXsvGeELovWf7cCATrLHZ_7i8Lh20n0QU1jAWi3_MRBkzRnXyX6vWVqdECVS9vwYN6nsEZW8ie38TCgwFf-jUUYVEtnLLSR=w1200-h800-k-no
Pantai Paal,"Pantai Paal, Kec. Likupang Tim., Kabupaten Minahasa Utara, Sulawesi Utara, Indonesia",Kabupaten Minahasa Utara,Sulawesi Utara,https://lh3.googleusercontent.com/gps-cs-s/APNQkAGKSI-OI3jmT-N-F7CUlSgva_1zxv7iAQvTlTE3NKXrE5NK5C4npshrklJp7HHHddJbqVxvMKrlQvQt0S9yZA4wxwxXWFwaKgnZhz_X7Q6xnCIo_pUlFx38EJfgq-RHgP8yk-fnnA=w1200-h800-k-no
Masjid Al Markaz Al Islami Maros,"XHMF+J7C, Desa Jalan Butta Toa, Pettuadae",Kabupaten Maros,Sulawesi Selatan,https://lh3.googleusercontent.com/gps-cs-s/APNQkAFqoRTDlqOsL_cBiveCYNvVnc4Ou1pm2Lh2KkY_1T6_C_Yoz8OlHXbANEyDa-4h-UiTF2u86Gxcyg-xcYzLW9XbwT0F-tpp4Nz9-N8IVDgdMYppv9Xc7YvzNclz4VMF4I-wJdsg=w1200-h800-k-no
Museum Balla Lompoa,"Jl. K. H. Wahid Hasyim No.39, Sungguminasa, Kec. Somba Opu, Kabupaten Gowa, Sulawesi Selatan 92111, Indonesia",Kabupaten Gowa,Sulawesi Selatan,https://lh3.googleusercontent.com/gps-cs-s/APNQkAHsVWP-J9tXwz4W0ZK8Jm-LKdebjzAhCTRmx5hd8a_uhLf9BYS75A7nSDtgEvtE7ZayPI7zejV03MyuKETbUNkFXE9j5eX0HKWRMVeWA4Wv91gaxtrmpj7NuVWpd3Bp1YczeAiM8A=w1200-h800-k-no
Londa Ancient Graveyard,"Lembang Sangbua, XVPG+483, Kesu, Tadongkon, Kec. Kesu, Kabupaten Toraja Utara, Sulawesi Selatan 91852, Indonesia",Kabupaten Toraja Utara,Sulawesi Selatan,https://lh3.googleusercontent.com/gps-cs-s/APNQkAHd-x3tb1r8WFOq7-CHrqe1fzS3YSvxYgseCmVO4yZiyCFmwmkNoz6LyjQYNvRxj8R9bmh07hQLXKbEWfYCLdhwTS5twxyykaIEJfbFoer3MOtyH-Ej8yI7WawxIc3d_DHiXURE2Q=w1200-h800-k-no
Taman Nasional Wakatobi,"CWPJ+J57, Lentea, Sulawesi Tenggara, Indonesia",Kabupaten Wakatobi,Sulawesi Tenggara,https://lh3.googleusercontent.com/gps-cs-s/APNQkAEmmPGk0IZlFlJ3Zz5kDQ5tm5Tp-SnPJxgzNW61vy5Dgl79OAIetcg-MKQIn_4AWPSUq6t8kNr1AcWgoT8FBYXDzFHBHHool_JAO4EMhMaP5ldwPAGkbyyHkCibNWC-gDBpDJ0H1Q=w1200-h800-k-no
Pelabuhan Paotere,"Pelabuhan Paotere, Gusung, Kota Makassar, Sulawesi Selatan, Indonesia",Kota Makassar,Sulawesi Selatan,https://lh3.googleusercontent.com/gps-cs-s/APNQkAEcfxDh8wB74LhQxUE8T7OjwKcpLlykLRc3eU3q4pQ5jTs3R3qZGdD6wbU-kULG1HjIJybpzA9ozBOindUitULIdf7BWcJFJaC5Cc3RL8D3_u5YRWYxsvUOiewfv7S4HjcdlPvz4A=w1200-h800-k-no
Pantai Tanjung Bira,"Pantai Tj. Bira, Sulawesi Selatan, Indonesia",Kabupaten Bulukumba,Sulawesi Selatan,https://lh3.googleusercontent.com/gps-cs-s/APNQkAH7TroT1UgciLPeCX_14XaqHedgluv0Xcz9D7nTGE1sehql_BNH3x0ULRKeUhUYfUpNGKVf3HIDMS8YhomDUnB-TcoXdAP3iYD_b87PO9vR3Na2S1eMakeeN_qqxELZEQDAtsfcmQ=w1200-h800-k-no
Air Terjun Takapala,"PVF5+HW, Bonto Lerung, Kec. Tinggimoncong, Kabupaten Gowa, Sulawesi Selatan 92174, Indonesia",Kabupaten Gowa,Sulawesi Selatan,https://lh3.googleusercontent.com/gps-cs-s/APNQkAHZW5R7ZZPUeO-MqkUO24SGIEeyMccAxWRymgnr7OVF7B8RrozwGsq3TYIJi5pNPuwiJbAH6G7-JvbbxQJsHUMH1zz72pwj1Uqh3xFFMh0RW1FyWMrXh2M2Jjde8qpUoNhNI6w=w1200-h800-k-no
Benteng Otanaha,"Dembe I, Kec. Kota Bar., Kota Gorontalo, Gorontalo 96181, Indonesia",Kota Gorontalo,Gorontalo,https://lh3.googleusercontent.com/gps-cs-s/APNQkAHt5lv7F-Jn1rVugP5OaomLHcit7b-DEeRgH8ocpu6MLrFrL5Qu96aG65c-ZzEwVVrMc2d0_QAA_nvEkKFGhqil4mVHztUjev0yiwCvSPkZZRWkyfRudq4O1qu2J7FVvUEfJswS=w1200-h800-k-no
Taman Mattirotasi,"XJHF+Q2X, Jl. Bau Massepe, Labukkang, Kec. Ujung, Kota Parepare, Sulawesi Selatan, Indonesia",Kota Parepare,Sulawesi Selatan,https://lh3.googleusercontent.com/gps-cs-s/APNQkAEeNG1FHi9ZTQesKkndL48I8HT9mvNt5HEgP0bbXB39dcQdg2IuFYMKJbwz8bw09vbyc8R0O1sRKM20Ys1-MB7B7osO9cILAVY5klmuU4J94CqB3DAC45VcHM-g0fAkpNbaCDg=w1200-h800-k-no
Wisata Bahari Seafood Restaurant,"Bahu Mall Complex, Jl. Wolter Monginsidi No.1, Sulawesi Utara, Indonesia",Kota Manado,Sulawesi Utara,https://lh3.googleusercontent.com/gps-cs-s/APNQkAE5D5dszhORaicH5W3J5ne340eNrnP6KMNPvI0LVy5ZlTLpC0ro6z0vLXxGLHCNNZ77eYRyQpdktIA8Zq8eZ6h5pyG2zKa-MiU3lDs0btaWaPCxPmwGBTL5K2vm2W2y1KLGngRc=w1200-h800-k-no
Rumah Alam Manado Adventure Park,"Jl. Ring Road Jaga IX No.Km, RW.1, Maumbi, Kec. Kalawat, Kabupaten Minahasa Utara, Sulawesi Utara, Indonesia",Kabupaten Minahasa Utara,Sulawesi Utara,https://lh3.googleusercontent.com/gps-cs-s/APNQkAEGJ0GyzwQ2v7SDot4k491OELeYaQllL4HP6OJlLHaBeRZ3ysnjtBwsEIXAkEOkRVMWkUoOntfKWYryq7_la5Vmqznnoz1uzjx2fv-ij6XqJdIiJy6DdLlEDuj0hj7KjsV3wVPP=w1200-h800-k-no
Alun Alun Kota Polewali,"Pekkabata, Kec. Polewali, Kabupaten Polewali Mandar, Sulawesi Barat 91311, Indonesia",Kabupaten Polewali Mandar,Sulawesi Barat,https://lh3.googleusercontent.com/gps-cs-s/APNQkAEC4ZMNa4FJJVUJQAvouVIkDHS-8lWsTyD2kH6fLnGny4EiKQTpsHA0mC2MMYPtPNOXGa_8aEAE7bVvtzTOujKTmqfp5VL6E7u7a3IQM--fBVLlqzOWTn01tFJtuEvJ7NnLy34=w1200-h800-k-no
Wisata Pantai Topejawa,"Topejawa, Kec. Mangarabombang, Kabupaten Takalar, Sulawesi Selatan 92261, Indonesia",Kabupaten Takalar,Sulawesi Selatan,https://lh3.googleusercontent.com/gps-cs-s/APNQkAGUKIovVtwmUmJGu_0HaF3IdB08UtC-AnsOey0APTw_7thQJcfARpgo7Sgj3PcSXbo7SpVlxtioqQyFtG1BACNmiI0tF3qcjrJ3gXOgUSfN1VqHzefWkUMcnfQEWN6AgX-GinMurg=w1200-h800-k-no
Masjid Agung Baiturrahim Gorontalo,"G3Q6+24X, Jl. Raja Eyato, Limba B, Kota Sel., Kota Gorontalo, Gorontalo 96134, Indonesia",Kota Gorontalo,Gorontalo,https://lh3.googleusercontent.com/gps-cs-s/APNQkAGs1C91eEVp1mJ95sA7cRRVeL2dzqdhuy1eG6nB6AtXmsU9jyUbnGJAmVA5GZucFvVtaiMn7GsuHSLptyWiJW6AI9spDJdt2QF6d0On1knsK_UR4nlqfu_y3AaY0avgZpv1pOxGHw=w1200-h800-k-no
Titik Nol KM Sulsel,"9FHC+4VM, tanjung, Bira, Kec. Bonto Bahari, Kabupaten Bulukumba, Sulawesi Selatan, Indonesia",Kabupaten Bulukumba,Sulawesi Selatan,https://lh3.googleusercontent.com/gps-cs-s/APNQkAEW8HY2_GBbCDx3WMwuDSvt7yPPBQTsRFWS1aI3Lha5YgDy-JLz2kB3cA41xcYpVvdUC2vj4_t6pHdQBFdGxNg1SQoflSzp-hyvmNoNiFxCIi1T5K3wVydWa261QM2GREEJW25Q=w1200-h800-k-no
Pantai Pohon Cinta,"Wisata Pohon Cinta, Pohuwato Tim., Kec. Marisa, Kabupaten Pohuwato, Gorontalo 96266, Indonesia",Kabupaten Pohuwato,Gorontalo,https://lh3.googleusercontent.com/gps-cs-s/APNQkAFET4JNZS17PDgNy8sjiYJxqVW9Uglsak5_MmL9jOyUG3EYsFazGSf-mkJYkgjf0iAbdcVrSndOhimAvbygHkVrfdsblU0UjoFFfFXPsZIEq_MsKp8koSYohEt-4ssFExvRP-AyBg=w1200-h800-k-no
Benteng Keraton Kesultanan Buton (Negeri Khalifatul Khamis),"GJG2+4W6, Jl. Labuke, Melai, Kec. Murhum, Kota Bau-Bau, Sulawesi Tenggara 93713, Indonesia",Kota Baubau,Sulawesi Tenggara,https://lh3.googleusercontent.com/gps-cs-s/APNQkAFXyzUF4x3OgF8znLYQI8zb6kmX22WExGkXl62TAZdQmRl4eL3KAqvHZ1K47JBke48N9KE63vitVXJHPp6QgcFilHEJAjwX_OKTZOWx4ojsypqFrIw_WTLGZ3hXJmKU0NjrUZyY=w1200-h800-k-no
Taman Berkat (GODBLESS PARK) Manado,"FR8H+WJG, Jl. Piere Tendean, Sario Utara, Kec. Sario, Kota Manado, Sulawesi Utara, Indonesia",Kota Manado,Sulawesi Utara,https://lh3.googleusercontent.com/gps-cs-s/APNQkAEorieHkwgrbOPEOROAz9N5afCjlM3Da7v5C-pgzuBEpXw_shY3hINPnD0qXy8quv69HDek2jPBKVeMBJcnn2TxEz4WJBC80VVknz05-McdwYtfjtyz2EWqLpk8RQR3tADP3dY9Bw=w1200-h800-k-no
Pantai Kilo 5,"Pantai Kilo 5, Jl. Dr. Moh. Hatta, Bukit Mambual, Kec. Luwuk Selatan, Kabupaten Banggai, Sulawesi Tengah, Indonesia",Kabupaten Banggai,Sulawesi Tengah,https://lh3.googleusercontent.com/gps-cs-s/APNQkAFEuXpUeTAAT843B9alJLNg51JCjSE3v962_8qIQ3uHlI4xKEvVBsFTIJ_eQ61GW-w4SP2wheVf9aFVckbuuFKbeyycnebg4IxGbQHEVd6ZFSNmLEM_AY7sTMrqmyaI4H4v3_dx8A=w1200-h800-k-no
Wisata Pantai Bintang Galesong,"Jl. Karaeng Salamaka Kassi Lompo, Boddia, Kec. Galesong, Kabupaten Takalar, Sulawesi Selatan 92255, Indonesia",Kabupaten Takalar,Sulawesi Selatan,https://lh3.googleusercontent.com/gps-cs-s/APNQkAGvOJYMFmsR17t-rFq6eHFWjVAGkImNjF9tcNUnnxGKPXZ4IU5raOuHFK6cOAyYP81Ug0_aUWTlcTP7oqEab8UXE6vkpYFb6k2qVurS1zCQOArHO9njAPVAI1RxCpxocZCXsct1=w1200-h800-k-no
Bukit Kasih Kanonang,"5Q88+49Q, Jl. Kawangkoan-Kanonang, Kanonang Empat, Kec. Kawangkoan Bar., Kabupaten Minahasa, Sulawesi Utara, Indonesia",Kabupaten Minahasa,Sulawesi Utara,https://lh3.googleusercontent.com/gps-cs-s/APNQkAEn5jKiJHjvujlQjwuIydlhhm54abtkc-YyFtCxCdateYzOlept3O1XmYOPjsao0-QykI09C_w3GOGrOP01ZVE13YhWnWwY1roxX3oiVq5qWD2IGVPxOe5gJheXtmI1Wk6qp2V3=w1200-h800-k-no
Kurenai Beach Resort,"Botubarani, Kec. Kabila Bone, Kabupaten Bone Bolango, Gorontalo 96111, Indonesia",Kabupaten Bone Bolango,Gorontalo,https://lh3.googleusercontent.com/gps-cs-s/APNQkAF9ExqdPfTafD2_mPWaq0oyB9PF-ZEvipUuK7mhSjIUjusvjdAWn2TAjzPRtiROfe8oTISG8D-7bMTKUGyuNTXUNMxuqKX0MrBt-oLCZQJ4jl9HqP2vb1GTQc9qdII91o1mgqxL=w1200-h800-k-no
Paputo Beach,"Paputo Beach, Jl. Latassakka, Lumpue, Kec. Bacukiki Bar., Kota Parepare, Sulawesi Selatan 91123, Indonesia",Kota Parepare,Sulawesi Selatan,https://lh3.googleusercontent.com/gps-cs-s/APNQkAGolvdeQG6bYOww_-U0gfWwXOEslwa8yQWbGwZ9jrrqIJHLopXs6iZCFtEcmaJUo3CKO6f2Cdz7PDiAUm2KfN2IKcArENAJn-G5WoE-gp5nQG03yAiI9Y1n_MVqf6FhXnIni5L4=w1200-h800-k-no
Danau Perintis,"Huluduotamo, Kec. Suwawa, Kabupaten Bone Bolango, Gorontalo 96121, Indonesia",Kabupaten Bone Bolango,Gorontalo,https://lh3.googleusercontent.com/gps-cs-s/APNQkAEzBAtgU-Wxa-dlonv_AbQeeaenwFtAvhVs5EqAiRL-3iD2wFQBfR9mOXRzmzRzFxMw0yk_OKWFZnHRAe_T4ryV9AsR13UABRCmBY6QzuPG3P0yutvUc1_dL4k_84oIaznZO_XF=w1200-h800-k-no
Pantai Malalayang,"Jalan Laut Sulawesi, Malalayang Dua, Kec. Malalayang, Kota Manado, Sulawesi Utara, Indonesia",Kota Manado,Sulawesi Utara,https://lh3.googleusercontent.com/gps-cs-s/APNQkAHyoM3h4JpwrvOLKlinY3F-dEQlrY16lzexOgGqm_L1VBtcco0QF9LPDxau-Qt8QLZ2i3MO5TO07SRQZkKyX4IPyhWcuamwLiMvh4YXBgdSUJzR4gVmiC5RVhLyLhylBYX3Xfjkfg=w1200-h800-k-no
Kendari Beach,"Jl. Sultan Hasanuddin No.27, Punggaloba, Kec. Kendari Bar., Kota Kendari, Sulawesi Tenggara 93123, Indonesia",Kota Kendari,Sulawesi Tenggara,https://lh3.googleusercontent.com/gps-cs-s/APNQkAGOwfprENcxsU4vMAULyPx7hmXtoOp2d6tCC3Y0NcBrRDFKelq2EHVCFrD_rzEi5FqBUj3FDqyfelknBF-2cHPSJoSvfEzaQWSbNGd67mLuMdcR-6Xeg94qC-axZ-FXiektBfIB=w1200-h800-k-no
Makatete Hills,"Warembungan, Kec. Pineleng, Kabupaten Minahasa, Sulawesi Utara, Indonesia",Kabupaten Minahasa,Sulawesi Utara,https://lh3.googleusercontent.com/gps-cs-s/APNQkAHZuHS6x_ECklMN-HthKmwCsrXvCCsS2SEhRjICymxhu6Fatu4GQr8ZGv4tMtlrOEBlwpU5mR_TzxGTuqCPfVo9orXYT_3XjlXWXCJq-TQSdAnRX14lxzb2d31XH15VeWipX2o=w1200-h800-k-no
Pantai Kilo Lima,"Pantai Kilo Lima, Jl. Dr. Moh. Hatta No.129, pantai Km5, Kec. Luwuk Selatan, Kabupaten Banggai, Sulawesi Tengah, Indonesia",Kabupaten Banggai,Sulawesi Tengah,https://lh3.googleusercontent.com/gps-cs-s/APNQkAHEFvnpuOJ7znOKcFEzkuhYMbI5zM_S7lHZM2ocj6nJsUSTr9YNOwK6JauFbfckyqKfpivYpRIguB-A02uybZoT6NmHAGqu4sPtfy1aTx3B9FcvZ5NPDrk_FbDE1BFX9v4pDmPR=w1200-h800-k-no
Dermaga I Rammang-Rammang,"3H8X+W37, Salenrang, Kec. Bontoa, Kabupaten Maros, Sulawesi Selatan 90554, Indonesia",Kabupaten Maros,Sulawesi Selatan,https://lh3.googleusercontent.com/gps-cs-s/APNQkAHJ93_90z_koZIl1elAIu3uaJdKT5bnedILBBzYM0hGjvS2iFi1bhabV9whqMEoJYufRn148UoB8aCdI90Qc2JLsrSB41LwQXKIWUi79QrXM-u0hAMqX9Smf-1oVCqRMAWjeyF8Mg=w1200-h800-k-no
Taman Wisata Puncak Bila Sidrap,"Jalan Poros Pare, Bila Riase, Kec. Pitu Riase, Kabupaten Sidenreng Rappang, Sulawesi Selatan 91691, Indonesia",Kabupaten Sidenreng Rappang,Sulawesi Selatan,https://lh3.googleusercontent.com/gps-cs-s/APNQkAHHvUirqKibfuMtbN98-Se2e0Xj-ERlzTnuuGEn5k2MhJk1qxeOZpmVUYq7Jrtt3Sv88mQzg2-D-8Pu7xoCxHqGTepODZfwLvDBMEywYJwa38i-f67HHFvHyX2w7dbhDRWq0Kya=w1200-h800-k-no
Pantai Tanjung Karang,"Pantai Tanjung Karang, Labuan Bajo, Kec. Banawa, Kabupaten Donggala, Sulawesi Tengah 94351, Indonesia",Kabupaten Donggala,Sulawesi Tengah,https://lh3.googleusercontent.com/gps-cs-s/APNQkAFdFZZsDrdfCh7fg2fcZCpQgRpDMLKif0IlQzruOsAOa2CMjkBCP9zckW1EeDQRu7bQ3uSgiADHhb9mJD0UsDifQgTI_UFa0pNT3_JxuZUNflVnYIJzrmUZkdMl-mYOOtd9-79LDg=w1200-h800-k-no
Dermaga Dua Rammang Rammang,"Desa Salendrang, 3JF5+X28, Bontonlempangan, Kec. Bontoa, Kabupaten Maros, Sulawesi Selatan 90554, Indonesia",Kabupaten Maros,Sulawesi Selatan,https://lh3.googleusercontent.com/gps-cs-s/APNQkAFBwOp-Eg_kKj2YtwIEI-RJSPZ3XexmQGszHjf6wpq-k4t_JGVfJtb9YdkrnSgCJEBSQARLYBdK0fIhyYjK6DlAj1EgnHIMqIMM7R3kvDGE6Pk6N3a1a7v6-xJUQT2q5wppjgyG1A=w1200-h800-k-no
pantai kamali,"Jl. Mayjend. Sutoyo, Wale, Kec. Wolio, Kota Bau-Bau, Sulawesi Tenggara 93717, Indonesia",Kota Baubau,Sulawesi Tenggara,https://lh3.googleusercontent.com/gps-cs-s/APNQkAFC7QdU8viGkt3PqcvSTltYKui_5YE7DT0Wx2ohWwMfzKC-DclV2SrPloVygLHRnbVvfukC2JuEYQ2qkHgj3sh0Tdr-c6mq38IqPV6zfp1kS1bcS_HdFZZy4oG8rmU_5gcrw20=w1200-h800-k-no
Taman Hutan Kota Palu,"4VJM+7RP, Talise, Kec. Palu Tim., Kota Palu, Sulawesi Tengah 94118, Indonesia",Kota Palu,Sulawesi Tengah,https://lh3.googleusercontent.com/gps-cs-s/APNQkAGBybhfWkyYWxVdnCt4iN5HwvCE97pgJKCqXF6jgp8v0qfWIoH28wqd4iUrMZCAP7Zz8TFr71X6NQYYHBuviHxHSOAe0pSSagcg8EAyNSpPu8Jxl3TwiLudYz-6u5bUJ8fR3zs=w1200-h800-k-no
Sierra Sky View,"Jl. Poros Malino, Pattapang, Kec. Tinggimoncong, Kabupaten Gowa, Sulawesi Selatan 92111, Indonesia",Kabupaten Gowa,Sulawesi Selatan,https://lh3.googleusercontent.com/gps-cs-s/APNQkAEyzoS_0j7Mp-Zrv4NUJjSzO86vvHZGlt4tA28UyWRfTMF01njfio6rCqasC2RzkKTKubFp46wQmrZkHlkmnIO6aB3km7__CFjFkxKDSqXwWzzcFY0ldB-UTj0ZduRLhTLCYCU-zQ=w1200-h800-k-no
Wisata Hiu Paus Botubarani Gorontalo,"Jl. Trans Sulawesi No.18, Botubarani, Kec. Kabila Bone, Kabupaten Bone Bolango, Gorontalo 96117, Indonesia",Kabupaten Bone Bolango,Gorontalo,https://lh3.googleusercontent.com/gps-cs-s/APNQkAEPKARin8ow5hiG_pLCItSCapPFezcJ5oz_t4lmSSXTVHft95krhPoDKUvNmpEKftUH9AVtu8amN9lFmuK8zJr4gr7FytRJCcXI-DtABOnkEbJQl6SOecjN21QGmQ8_EAwyFH4=w1200-h800-k-no
Pulau Wisata Bokori,"Pulau Wisata Bokori, Tapulaga, Soropia, Kabupaten Konawe, Sulawesi Tenggara, Indonesia",Kabupaten Konawe,Sulawesi Tenggara,https://lh3.googleusercontent.com/gps-cs-s/APNQkAERCLE6w5ikHje-tURpuMDKR8ujN0nR2Ji8ElEq_sqyoVNnYIfwd7n9Okd4GH94vwOc78cib7cHySjeRAn1RexvifdvOUrdZAhazP_O3oW3fn8EQsN-UGYMHLt1TcWPj9bflgmB=w1200-h800-k-no
Pantai Ide,"F8MR+VWJ, Magani, Kec. Nuha, Kabupaten Luwu Timur, Sulawesi Selatan 92983, Indonesia",Kabupaten Luwu Timur,Sulawesi Selatan,https://lh3.googleusercontent.com/gps-cs-s/APNQkAGlB8IXzctR9XhBU0N9xsx-Mu7Zblxzk_xPboFpDDTYzL5tBQkok4fy76iZOOZyvvKDKc6VP2jo6NMYLiD_J2E8giFrXpAcjKMyYpZyC4YPN089ym9Pyq2PLNtFHY0VuegVWOPq3g=w1200-h800-k-no
Pantai Biru,"Tj. Merdeka, Kec. Tamalate, Kota Makassar, Sulawesi Selatan 90224, Indonesia",Kota Makassar,Sulawesi Selatan,https://lh3.googleusercontent.com/gps-cs-s/APNQkAEibbNgw1v9IIvsEVrbSjrD3UTbGR8qS3FxUl93cIJxjPGXEUlTFQ_TQM2fX4wk0vW8D_AK7cOLNzm7JpQGsYTH2G5-cop4b4qHAHbv7r3t-uT1xcqWdEZRl6zmUV_aURVReHpW=w1200-h800-k-no
Taman dan Pantai Bahari Polewali,"Mammi, Kec. Binuang, Kabupaten Polewali Mandar, Sulawesi Barat, Indonesia",Kabupaten Polewali Mandar,Sulawesi Barat,https://lh3.googleusercontent.com/gps-cs-s/APNQkAFJ6XbDn_WBgNsfPvaHpoheifX_3smMntIiqnGmDm6pHlcNTYcbJj5N-eUItfldKQKbD0qWi-UvoumYvWLurWnq89LfPVHa3dIBpOWr-Iq1zFhUl0FRc8-K7Px01LYpJAShgv_H=w1200-h800-k-no
Samalona island,"V8FV+WFM, Lae-Lae, Kec. Ujung Pandang, Kota Makassar, Sulawesi Selatan, Indonesia",Kota Makassar,Sulawesi Selatan,https://lh3.googleusercontent.com/gps-cs-s/APNQkAG-rk2zomWKfNWKwpdltCUGUxXfxuhMXs12wWpogi5_9hQNMiwa--o5-lGXght7hA8_2OjmpWw9tqEH99BdKIj-aaJxVdeDadXQ1JUfFS8xd0p_bI0lpwgZNq-xjnN19YfTFVSLdg=w1200-h800-k-no
Kebun Raya Kendari,"XH2G+QV8, Jalan Kebun Raya Nanga-Nanga, Anduonohu, Kec. Poasia, Kota Kendari, Sulawesi Tenggara 93237, Indonesia",Kota Kendari,Sulawesi Tenggara,https://lh3.googleusercontent.com/gps-cs-s/APNQkAEVJ_e-nj3ZvfxBtZw9CrLp6-KjGNumsl5m7tOuDwwjajxRwFi4TCAo7SVbkQ-TKkFR945fRSVZgPkXLKWJ1VTS0onKID1-jsGGx9pmH2mRxOpQ4-BwPkbMoBf-UvLoTxFCIujT=w1200-h800-k-no
Kebun Denassa (Denassa Botanical Garden),"MC5P+22H, Tamallayang, Kec. Bontonompo, Kabupaten Gowa, Sulawesi Selatan 92153, Indonesia",Kabupaten Gowa,Sulawesi Selatan,https://lh3.googleusercontent.com/gps-cs-s/APNQkAGp7MyWu3ID4aiIhJ5DJkUTrVcvMvimpHj5KTtvc53rfexI4YjvVjQKB24dvJZ0Vx9sVV90UaAdICXFSlLajHH_Uis-RqH2jqvvwyddV5K_nYqdtBGpECrpQkLTMv7F_2J6F6udKZQVQtv_=w1200-h800-k-no
Pantai Nirwana,"Pantai Nirwana, Sulawesi Tenggara, Indonesia",Kota Baubau,Sulawesi Tenggara,https://lh3.googleusercontent.com/gps-cs-s/APNQkAG3PfOctRjdj4TgIYnSwloKntCOXELtA9KdEHANbj3ao4u7OtG8VtsEtEFrajHhCiptect4ltPTJ2SQ-NmZhhp_F7BIUKJOs9N_rS1bp9Muik4MSi-38e9Z1DZr24XHGVHKp4-2Ng=w1200-h800-k-no
Danau Biru Kolaka Utara,"73FV+4RM, Walasiho, Kec. Wawo, Kabupaten Kolaka Utara, Sulawesi Tenggara 93552, Indonesia",Kabupaten Kolaka Utara,Sulawesi Tenggara,https://lh3.googleusercontent.com/gps-cs-s/APNQkAFcJy5FawsBAjOgwS-W5WvYELz4YNYsUNGf6BniEBjcDcON1B5-3NI_jLHOA3RbFOA-z_2vLetZ3EVqibx4-X9rPB_Z4ILQRpNh61_xaHNmt5n0u4-VbrvuqQtMABicoyFetCZ8CiV591w=w1200-h800-k-no
Objek Wisata Rante Kalimbuang Bori',"3WJC+3RC, Bori, Kec. Sesean, Kabupaten Toraja Utara, Sulawesi Selatan 91853, Indonesia",Kabupaten Toraja Utara,Sulawesi Selatan,https://lh3.googleusercontent.com/gps-cs-s/APNQkAF_crgUEL9BrtaQqwpsqEMB3FCMCZurwYcQKc-Ffi7n9_iluKQTMpzqBIjNIVDqod8RswLz9om7lhl-NY-h6dEhgODvf8qkzck4__XMOR6mhsWrACXZ8wDqdG-FxPNnPH5QtBK8IA=w1200-h800-k-no
Pantai Tanjung Bira,"9FP4+3P7, Tanjung, Bira, Kec. Bonto Bahari, Kabupaten Bulukumba, Sulawesi Selatan 95752, Indonesia",Kabupaten Bulukumba,Sulawesi Selatan,https://lh3.googleusercontent.com/gps-cs-s/APNQkAGo4RTjfR1oXu7Kj3RzkKuJnoKItyW7jR19_rDitKbzv-fPGLajIoc3sEz8GRlqeVCMe-Km6pYvBzyuZkQ3tOKn_X8qdh2ErG14x-eMH4Uc8JHyvBEEElME7M0HsYnc5HW6aKQ=w1200-h800-k-no
Masjid Jami Tua Palopo,"Jl. Andi Djemma No.88, Batupasi, Kec. Wara Utara, Kota Palopo, Sulawesi Selatan 91911, Indonesia",Kota Palopo,Sulawesi Selatan,https://lh3.googleusercontent.com/gps-cs-s/APNQkAGqx_crm9SD6JfkHK3D72rHfnJ79GNp2ATI3yZHF4IqnLbo2Z9AMinM7-mcNbMcpHCX29h0OySmJ-LBM9yqwdrViDzrcHv1_v6p6xpn4qbw9SiCUWclao5dnXyZfrTjwTJhKFmv29yI6vc=w1200-h800-k-no
Tuur Ma'asering Kumelembuai Tomohon,"Kumelembuay, Kec. Tomohon Tim., Kota Tomohon, Sulawesi Utara 95449, Indonesia",Kota Tomohon,Sulawesi Utara,https://lh3.googleusercontent.com/gps-cs-s/APNQkAHMqRZJQ2U3_VWZmMvIbdNQzP2k9N_R1tRHc-NAP2k-sERUwMbKWvVNQAq4RaU0Zg1HVp__yptnJfL6PnOm1D_-Z2XJLtUQkFV3aJ45owLbt4UCzp_w4_EZsx9HIlGFb0g0dcH-OA=w1200-h800-k-no
Benteng Ulanta,"Unnamed Road, H44V+P7J, Ulanta, Kec. Suwawa, Kabupaten Bone Bolango, Gorontalo 96113, Indonesia",Kabupaten Bone Bolango,Gorontalo,https://lh3.googleusercontent.com/gps-cs-s/APNQkAEx7RNwcHHlPEAE5JbHhz4_CeCRBK_qumegztkN9ufnE8Ti5xssiQSg9kDhSCUhPTYfKKtQlKEuQ2j67JhPEBRrroowh-YmOVE6ojdGcQ_iygRwO2gF1afdCH9E1ynvZFA0y9g=w1200-h800-k-no
Gong Perdamaian,"Jl. Soekarno Hatta, Tondo, Kec. Mantikulore, Kota Palu, Sulawesi Tengah 94119, Indonesia",Kota Palu,Sulawesi Tengah,https://lh3.googleusercontent.com/gps-cs-s/APNQkAHS4F8K3Qj8lkazQi0KLfY7LmG5D12apS4VOFJuH7w5Ca0O5FAF22FddsoEueMr99Av3gJYEixsCW37SGsqcPcRFNd4xym2PxiCuG0SgJcJfwbuWOLm-Nt8SPnzhhrZhL_DCYLJ=w1200-h800-k-no
Taman Bambu Runcing,"Jl. Cempaka, Padoang Doangan, Kec. Pangkajene, Kabupaten Pangkajene Dan Kepulauan, Sulawesi Selatan 90614, Indonesia",Kabupaten Pangkajene Dan Kepulauan,Sulawesi Selatan,https://lh3.googleusercontent.com/gps-cs-s/APNQkAFGAK_30x1oFuHs0rS82NP-PKssSTIQE1N3Jr42jvg1jHkkWXhSrZ70h6vGCE7pg6Mc6VygNga-zraeCk1w17j1Jy7BnitunX7SUOajYwLlAomLhtj9GzI-iB7u3Zz3ydmZK8QixQ=w1200-h800-k-no
Pantai Tamborasi,"Tamborasi, Kec. Wolo, Kabupaten Kolaka, Sulawesi Tenggara, Indonesia",Kabupaten Kolaka,Sulawesi Tenggara,https://lh3.googleusercontent.com/gps-cs-s/APNQkAH-nEHzyNFoy5wp3EeBdZqGaxmyMrxMiOFZ7YnBmFrEwKKOZyR7_AKneQFmY4l7zSV0q0YKRaCKwjVTrIZeJjZXryDTFCmUnw9SLH7O8OOn5iu2C5SjIKtrUUgK8L6DDbOxZpJY=w1200-h800-k-no
Pantai Dato Majene,"Pantai Dato Majene, Dusun Pangale, Baurung, Kec. Banggae Tim., Kabupaten Majene, Sulawesi Barat 91412, Indonesia",Kabupaten Majene,Sulawesi Barat,https://lh3.googleusercontent.com/gps-cs-s/APNQkAHgQy-Ypi_hUJ5tHP9fzByCzgbEHX72wo0y-g0reGjkTu4ziENl8XWYaws5tgnwQABz-Iyl-I7-O2NCAPc00MchhQNmbUrAPHp802afSU-oOWH5iBZJgSbUvC1IJ6ND0qS3OBSUng=w1200-h800-k-no
Hutan Mangrove Tongke-tongke,"V72F+74V, Tongke-Tongke, Kec. Sinjai Tim., Kabupaten Sinjai, Sulawesi Selatan, Indonesia",Kabupaten Sinjai,Sulawesi Selatan,https://lh3.googleusercontent.com/gps-cs-s/APNQkAHAeIA2-ksWbpvST080qRow6CntqXgjqPuBQFgFF5IzuFY-2iYMJoWMMJawXAw-Zn493RgNo58IZluTlQnll7P9NUgqeF60lO1vPFTBh81srDx_Ld5qVdMMwtoMPcSrOuLet3wi4A=w1200-h800-k-no
GPI Waterpark,"Griya Paniki Indah, Jalan Akasia, Paniki Bawah",Kota Manado,Sulawesi Utara,https://lh3.googleusercontent.com/gps-cs-s/APNQkAGZ_-6CmFyHC9j71P3p6U_5FUtjH4NNd1joBcvcyu19mb2QEz3uRZrh4dkF-JfCq-77vH67NTLjIyAT99RqjaeuMNx6azfJ-TVUX25AFuqdJmyn5tBdG-_1FK33nnf1aViGcQsz=w1200-h800-k-no
Kebun Raya Jompie Kota Parepare,"2J3R+6X2, Jl. Industri Kecil, Bukit Harapan, Kec. Soreang, Kota Parepare, Sulawesi Selatan 91100, Indonesia",Kota Parepare,Sulawesi Selatan,https://lh3.googleusercontent.com/gps-cs-s/APNQkAGP6ai8x_U6T9sPd3bXclEvI9atjduTx32PjS5teAJtDS9sZi4w08gEW0mb7TSF8HkVYJZl5l7t_w69AtF3LVDgPBG0YSoh37wjC_6jM4XXz6JKx79jLqaLUqSQM_KeQyi_RXgW=w1200-h800-k-no
Taman Wisata Tangga 2000,"G345+Q3F, Pohe, Kec. Hulonthalangi, Kabupaten Gorontalo, Gorontalo 96133, Indonesia",Kabupaten Gorontalo,Gorontalo,https://lh3.googleusercontent.com/gps-cs-s/APNQkAHiVm7da7dqoovpxQKzcPFOO15oyGgv6vB_nudgdfyQw0oNuFq-IiGSVqE5dTNhA72pldnCuB6Jy9UVlvawXNNmxuQIR3xY9wY2eReeE1TuuWAUUxAS0rOh-3O6ovtJOW-qQk8v=w1200-h800-k-no
Wisata Kuliner Kab.Kolaka,"WJM4+VMW, Wiskul, Kec. Kolaka, Sulawesi Tenggara 93511, Indonesia",Kabupaten Kolaka,Sulawesi Tenggara,https://lh3.googleusercontent.com/gps-cs-s/APNQkAFGtJPbWFaMpeoPM4y-5opfq2Bgkdct5P42JrNfoLL_8KYeLKwcuhYCQ7AYBRcbBF1bdFLxPK2YWWTIbd4Qrp0O-dbSNRxMICX-UNTblLShdscSy5OUq4dg32xXxaRd-EZ2Qr8yiQ=w1200-h800-k-no
Menara Alfa Omega,"Jln. RAYA TOMOHON DEPAN MENARA ALFA OMEGA CENTURY MART LT.1, Kamasi, Kec. Tomohon Tengah, Kota Tomohon, Sulawesi Utara 95441, Indonesia",Kota Tomohon,Sulawesi Utara,https://lh3.googleusercontent.com/gps-cs-s/APNQkAGIIm4e6GdMc9PUQXIbhE6NkrKGjXdmyZkwNXPTZIxsWEMn23AE6kkQE2lHz0uPmhxy-2g6yoFPhNmtKpatJAYbqfbqfJooQBNHGN7HR55bsT-QYh437uToHTtBom_TIZRK4QFp=w1200-h800-k-no
Pantai Harapan Ammani,"Pantai harapan ammani, Mattiro Tasi, Kec. Mattiro Sompe, Kabupaten Pinrang, Sulawesi Selatan 91261, Indonesia",Kabupaten Pinrang,Sulawesi Selatan,https://lh3.googleusercontent.com/gps-cs-s/APNQkAGxpjIF2JoI8C4qkefNbMT_75WYmTxHG95BZ-i5_LZhAlHPFpIThbl-nVySJtGP3UmgQRIdWqprWDCJB6UrCgk8c_XcjewCw7Fgnu9CEqfb0xTAPjUNfCkZW6h6XBNoEdY-CSD6=w1200-h800-k-no
CitraLand WaterPark Manado,"CitraLand City of Blessings, Jl. Royal Mansion 2, Winangun Satu, Kec. Malalayang, Kota Manado, Sulawesi Utara, Indonesia",Kota Manado,Sulawesi Utara,https://lh3.googleusercontent.com/gps-cs-s/APNQkAE9fp34siysNnBzyMy79Udi8HJ-OQzp7zskYe03ZPkSl1TNmO6ff5uZkqtun6ikSlYtfcMwPTmLaZrbeS5SZZh-YkGQ5O2ir7ZABK1gtXT9kPO26leI1JjM00Uf-_xcjc8keh5l=w1200-h800-k-no
Pango-Pango Makale,"VR3H+RX5, Kelurahan Pasang, Kec. Makale Sel., Kabupaten Tana Toraja, Sulawesi Selatan 91815, Indonesia",Kabupaten Tana Toraja,Sulawesi Selatan,https://lh3.googleusercontent.com/gps-cs-s/APNQkAFVBwGdPMkhmTZ8jaCkWs_fZStDwFxYsCi3eRy__xF-TiecjBcs55K2-doMS_QbUkwf7vjtV1P9pmsammzLx6ovTHedO6Z6cbjmWnnhxAEM-I7gIflWYD6PIZwtHcFTky5wuSVW=w1200-h800-k-no
Dante Pine,"HQ3R+GVP, Tanete, Kec. Anggeraja, Kabupaten Enrekang, Sulawesi Selatan 91752, Indonesia",Kabupaten Enrekang,Sulawesi Selatan,https://lh3.googleusercontent.com/gps-cs-s/APNQkAH09Z9kw1I8CdiYhbkLrBdpjjAc0PWVP1wGKoT5K4c3Iv_JeV6JmgfCcz7ER5LjlZK3fmbbDnfDDvP0KS3esIC3WDbiZCtQw8CkjGfqgFNa_xlclIK79gaKgffxIjEpXHEkINxXcQ=w1200-h800-k-no
Bukit Keles,"3Q6X+CCF, Jl. Batu Gn., Bungin, Luwuk, Kabupaten Banggai, Sulawesi Tengah 94711, Indonesia",Kabupaten Banggai,Sulawesi Tengah,https://lh3.googleusercontent.com/gps-cs-s/APNQkAHjfrHquP59JyHqhC1mVQCJ1Ri-FTTjxpJhSFJvBM52hAMk2tQp0-WS6YgdPVuDQzQVyM1rA8FbPMhTJW3c9bIzHmqhOoYjcZQQh2v7STqY2yF2WLehf6i072onexpnq5R1T3c=w1200-h800-k-no
CitraLand Waterpark,"2G4P+5H3, Anduonohu, Kec. Poasia, Kota Kendari, Sulawesi Tenggara 93231, Indonesia",Kota Kendari,Sulawesi Tenggara,https://lh3.googleusercontent.com/gps-cs-s/APNQkAFep7VBiatqpKOWFVQ3vBoTA1TSLA6HcJ47RNVQqRyfYnnu2N7_o-UdperR9orLf5xxqx6L4T6JIAYBYDklD9RpcdHnOQiJeK9hRQQk4Mz-D0cX4uXkxGMAyZHIOTTws9mVsaUg=w1200-h800-k-no
Bukit Doa Mahawu,"8VX2+H2G, Kakaskasen Tiga, Kec. Tomohon Utara, Kota Tomohon, Sulawesi Utara, Indonesia",Kota Tomohon,Sulawesi Utara,https://lh3.googleusercontent.com/gps-cs-s/APNQkAEGhrl4fhFBesw4n_m6EhikUXoEh_UJw0c7DOBUj1P8Jk7sCh4FKDoHKu768M1FJZ8-A3xwFZE4XuoNpIKxHovn7XBnGWyIMZDjqOy2hD7l_aggrTPbQfmwH3nqyJwHoOrl0khWKPh5XG3X=w1200-h800-k-no
Tugu Adipura,"Jl. Abd Silondae No.656, Ambekairi, Kec. Unaaha, Kabupaten Konawe, Sulawesi Tenggara 93415, Indonesia",Kabupaten Konawe,Sulawesi Tenggara,https://lh3.googleusercontent.com/gps-cs-s/APNQkAEEqZlk62yYRgcpnBXchhsHHsGtECfyF5wKsN7Cw-p-Lr0uL8VXKEP7FjnlfMm0_wdgj5Esk_3_zTvHSQyXpv6qg_TfAgHdi-hYo8amZf_L0O5ivIRk7k_CtW6s1PgKt1n4oHHCeQ=w1200-h800-k-no
Tanjung Pallette,"G96W+V62, Jl. Tj. Raya No.1, Pallette, Kec. Tanete Riattang Tim., Kabupaten Bone, Sulawesi Selatan 90126, Indonesia",Kabupaten Bone,Sulawesi Selatan,https://lh3.googleusercontent.com/gps-cs-s/APNQkAH0sqWQWotgmXXeZPMP1Rgek6oeThVKTN0Y8XQ0h8jlcmzjChA4MoA9MshmBSXbDP70mi_NHTogbTYWwtSsNCZLs1EvBAZEfgHQyHH53e2F6sz8sBOE8rSzOy2akVZiKlZ_AxPj=w1200-h800-k-no
Benteng Somba Opu,"Jl. Daeng Tata, Benteng Somba Opu, Kec. Barombong, Kota Makassar, Sulawesi Selatan 90224, Indonesia",Kota Makassar,Sulawesi Selatan,https://lh3.googleusercontent.com/gps-cs-s/APNQkAFp8394fiCTthqVgz00gqkgIYrCcMJ9rv_fDhnBXmizFZzAqADSyqLRZqIihpmydgKbgRBZuF909Vj5tLtWqhPgSyhMlTQwSpC-jpf7qnnCTd5vT1qNIazT-YGXudx8Qr2Dl3KD=w1200-h800-k-no
Monumen Patung Lakipadada,"VVW2+2VR, Bombongan, Kec. Makale, Kabupaten Tana Toraja, Sulawesi Selatan 91817, Indonesia",Kabupaten Tana Toraja,Sulawesi Selatan,https://lh3.googleusercontent.com/gps-cs-s/APNQkAHXUM69ph8WrHMpe5rpnDX1H8LLedBSKjnTlEktcdrCNiBlwNuVOl7tANMX6Jnkmr0NQgoQp73tpse0HYc7JQOg_dW0sWEkhRQVfMexGVfBHGUfC-hdVGmMp2VBEJ7Z3JDtzjcv6A=w1200-h800-k-no
Pantai Kampung Nelayan,"Jl. Kaombona, Talise, Kec. Mantikulore, Kota Palu, Sulawesi Tengah 94118, Indonesia",Kota Palu,Sulawesi Tengah,https://lh3.googleusercontent.com/gps-cs-s/APNQkAENu-TM3LJ1C4-ajgu_AmGBsu4aSn2jabXrg8t2vHx6KA8UMcT2fNLN-JC1QUzIl_rko8mY4YHnw4k861CLMwgKbwbiujn6FAh5pRFlRfevO6jjvOQ7Xk4rB_olF0woV_zuuqiWzuGCrnJk=w1200-h800-k-no
Monumen B.J. Habibie,"JRXV+VX6, Jl. Trans Sulawesi, Tolotio, Kec. Tibawa, Kabupaten Gorontalo, Gorontalo 96251, Indonesia",Kabupaten Gorontalo,Gorontalo,https://lh3.googleusercontent.com/gps-cs-s/APNQkAFpjqW4Xl0vcItmb49ygypjNUOS4JuWfE6-Sd_bM0dvvdVAJFgfAajRjx0APHmMu9d_-xI_-V5OSTdLb3aBaU0ZN6hn1STfZUguH56UwaLaVNHK6IvJ8A72g7MjM-y4EM3LdKhC=w1200-h800-k-no
Monumen Mandala Pembebasan Irian Barat,"Jl. Jend. Sudirman, Sawerigading, Kec. Ujung Pandang, Kota Makassar, Sulawesi Selatan 90115, Indonesia",Kota Makassar,Sulawesi Selatan,https://lh3.googleusercontent.com/gps-cs-s/APNQkAHe9-YfvABy-H3zf7GggbiyEu-4tD3TD4flrHhujH4M-4h-uWSjkVRH5DwdUgu045PXPFHMmuHnJQQ-d1cUhNP2eVG01UArrSLMmqAVeZHGafmW1BgE4siqIIHoSRyT_LnI2hn-=w1200-h800-k-no
Lappa Laona,"CQP6+WHC, Harapan, Kec. Tanete Riaja, Kabupaten Barru, Sulawesi Selatan 90762, Indonesia",Kabupaten Barru,Sulawesi Selatan,https://lh3.googleusercontent.com/gps-cs-s/APNQkAEDrEhjzMnGJr2gI2BA_Z0jGp-ziFjoRgYcIIbwdhhnXSRBUlTBquhyNiPSdd0yGF_6NOrGYUV6TuBSBDIyPLhUMHCrsIrteJ79r7YejJrYqRHSzKHo9JnptzJP9c8_8eOTviPI=w1200-h800-k-no
Danau Linow,"Danau Linow, Lahendong, Kec. Tomohon Sel., Kota Tomohon, Sulawesi Utara, Indonesia",Kota Tomohon,Sulawesi Utara,https://lh3.googleusercontent.com/gps-cs-s/APNQkAGkq-BfFMLrq8UoTJ5IP2vQtTUf0yf1PL6cBqwHiF6kaz6obq-2SGBw-LorK3a1se-FRHhUrwIwM-t-ibL8FtT410lXd7S6lLHCtbNrZNfIvtgufcpeTMaqmbbI84r9k7P06-Dj=w1200-h800-k-no
Pantai Topejawa Takalar,"Pantai Topejawa Takalar, Topejawa, Kec. Mangarabombang, Kabupaten Takalar, Sulawesi Selatan 92261, Indonesia",Kabupaten Takalar,Sulawesi Selatan,https://lh3.googleusercontent.com/gps-cs-s/APNQkAEfNQ6Wz2XoTU_DHEVtwtyj8FOIC9n0WrZ5wMKwwfAnycOg2BVHMEtnWh0buPOW5RLbExeiODa2v31MTu1rOvSv6ml_Stmge4fJWCFbovQCEO_JYDtZahzp3QFKIVwvJrjrupGrww=w1200-h800-k-no
Wisata Bahari Kawasan Megamas,"Jl. Laksda John Lie, Titiwungan Utara, Kec. Sario, Kota Manado, Sulawesi Utara, Indonesia",Kota Manado,Sulawesi Utara,https://lh3.googleusercontent.com/gps-cs-s/APNQkAFUTMVn5FCbUiP47QrRUIR-XQ5yH6nlxmja-nzz1EWjUWYwKQ4NPdB_VQfnpejC7K421ZLzhoctOkRuRkJktGYMWm7fkfkjNKB1UGgWenZts-Y4K8TjXa_2pUIvoFJr52ZFzocq7A=w1200-h800-k-no
Pantai Lumpue,"Jl. Pinggir Laut No.18, Lumpue, Kec. Bacukiki Bar., Kota Parepare, Sulawesi Selatan 91123, Indonesia",Kota Parepare,Sulawesi Selatan,https://lh3.googleusercontent.com/gps-cs-s/APNQkAF1hCC-nYccCRPT-QV8haC9cvTdatizc0PNjRSEtHgPRAbqO7AfE-KKPoHlfpOueziIO0fX_X5VG_rIfAvrAFLrD_sCT7cJ3dupwThIHPFK6WJ6z53bVaJjJ9icICXaagp1zBY-Tg=w1200-h800-k-no
Taman Laut Olele,"Olele, Kec. Kabila Bone, Kabupaten Bone Bolango, Gorontalo 96553, Indonesia",Kabupaten Bone Bolango,Gorontalo,https://lh3.googleusercontent.com/gps-cs-s/APNQkAEdKXUB-d-arjpWfnNrhAw9EUFYlVDPrHYiY4uDDjb1yGbysW0AaFvEzRVoVZkZw1NUUQme-iNjXc-HAWWOo7zwVC9h0_Sp0M-_ITsS9AaE4OpwAEbONqTddwvP8cKuUPsaDJmdRA=w1200-h800-k-no
WISATA TAMENDAO BEACH,"Jl. R. Atje Slamet, Leato Utara, Kec. Kota Tim., Kota Gorontalo, Gorontalo, Indonesia",Kota Gorontalo,Gorontalo,https://lh3.googleusercontent.com/gps-cs-s/APNQkAGwmK96PP4tyazWEQ-uEFmpOjTPawteTVSyt3nZIuIYlOOsAGGZAyCjloX4Sw7HpnwnBrB6L0khbWF3zfJkrGsKHqbL_ns0fI8b_18neeupWRhPI5VbSklVr8wUko0t0gkISgcRug=w1200-h800-k-no
Permandian Lereng Hijau Bulu Dua,"FRR3+474, Gattareng Toa, Kec. Mario Riwawo, Kabupaten Soppeng, Sulawesi Selatan 90862, Indonesia",Kabupaten Soppeng,Sulawesi Selatan,https://lh3.googleusercontent.com/gps-cs-s/APNQkAEgPUr-EqWYfKpgq_RsP7FtysqUN7C6NJGQInG4Q6CyigQbOnlPw5kNbR3VMcpnI7FbsBO7_NGf8D_yhnfZml2o134x_IkDvtfdYILs17Zsfw4Y7HRlKGdyEukFzGpIeLnOpfE=w1200-h800-k-no
Danau Paisu Pok Luk Panenteng,"Luk Panenteng, Kec. Bulagi Utara, Kabupaten Banggai Kepulauan, Sulawesi Tengah 94882, Indonesia",Kabupaten Banggai Kepulauan,Sulawesi Tengah,https://lh3.googleusercontent.com/gps-cs-s/APNQkAHUVyfZZ348wtkO0IsYot4QxtkJYFD4Fq9BDiTcAbXJ8q6o9hUi9_wDsXn-2KQ5kLGsRVnKh3sbD5NS0futjFd-N61IyIpJkI9RLYmZ4ljdRBs8YfhkUOG8YEQ4O5kJPUIU5F_19w=w1200-h800-k-no
Puncak Tetetana Suluan,"9VCQ+9Q3, Suluan, Kec. Tombulu, Kabupaten Minahasa, Sulawesi Utara, Indonesia",Kabupaten Minahasa,Sulawesi Utara,https://lh3.googleusercontent.com/gps-cs-s/APNQkAF_Mn2LiEATfpJ56zUtHfKh5GenFrAscgIu90y3aB6M8-p86OYAR4qGLa8qwRGRhAhUkV-KwBASCjrHmxMbTcx-rPBZLAtS0zAa4LPW3yN6bJ-szrmfpV-VFRIljxAgiJzr6RbNBg=w1200-h800-k-no
Pantai Toronipa,"Pantai Toronipa, Unnamed Road, Toronipa, Soropia, Kabupaten Konawe, Sulawesi Tenggara 93351, Indonesia",Kabupaten Konawe,Sulawesi Tenggara,https://lh3.googleusercontent.com/gps-cs-s/APNQkAE0GUGnvXHoSNFsvzfMZPeYiCUL3ybFcQHXbXIlowxvLmE2hZyWk6jG-KcYXI133aTElUSH2DYm_2bN2C2rqufg2aLZb8Jw9R298qJYvAIxyGLqwj9LgPkjGInL1UMa0QmtjiIZjD2YSf4=w1200-h800-k-no
Taman Purbakala Sumpang Bita,"Balocci Baru, Kec. Balocci, Kabupaten Pangkajene Dan Kepulauan, Sulawesi Selatan 90661, Indonesia",Kabupaten Pangkajene Dan Kepulauan,Sulawesi Selatan,https://lh3.googleusercontent.com/gps-cs-s/APNQkAEvMZaiRhZ0ZeGGq778jJVpveAv9NoYC52z4yXABBhHPV4uit_QCCxduqG5E-pGVbOAqifm_rPXMJsNqWKN-RiQxklY5_-_yzWCozv1_C-M1Bzl3l2spuWG30EMqRDxLK78ybw6=w1200-h800-k-no
Air Terjun Saluopa,"6GXR+3M6, Leboni, Pamona Pusalemba, Kabupaten Poso, Sulawesi Tengah 94663, Indonesia",Kabupaten Poso,Sulawesi Tengah,https://lh3.googleusercontent.com/gps-cs-s/APNQkAHgQcW1CeVyNuncE_PTBpxszENfnAsGE_OD6NOw-X--GmOFb_-qUvaBz3q02YbKy_ERgLLE_shMHyjfKSMkdz45ju350o1MDMDe6fDE-DcECKEHbjYbdMTtgwCwjfrph_I_BH8=w1200-h800-k-no
Taman Teratai,"2HM4+CJX, Jl. Edy Sabara, Punggaloba, Kec. Kendari Bar., Kota Kendari, Sulawesi Tenggara 93122, Indonesia",Kota Kendari,Sulawesi Tenggara,https://streetviewpixels-pa.googleapis.com/?cb_client\u003dmaps_sv.tactile
RM Bahari,"Jl. Yosep Latumahina No.18, Losari, Kec. Ujung Pandang, Kota Makassar, Sulawesi Selatan 90112, Indonesia",Kota Makassar,Sulawesi Selatan,https://lh3.googleusercontent.com/gps-cs-s/APNQkAE5CC83WojJNJIMvTZU-DfvhT9QAI331gsBIhPM5k0_lbDZoOpe_Z8rLg25wPNb1Y2KUkAioK-jYLXKyLIjZloRSiLqa2zuTZtBU2cFE6ZRFKPqkCaxXIxSmGHtdgW072tUJxUU=w1200-h800-k-no
Pantai Indah Bosowa,"R9PQ+46G, Tj. Merdeka, Kec. Tamalate, Kota Makassar, Sulawesi Selatan 90224, Indonesia",Kota Makassar,Sulawesi Selatan,https://lh3.googleusercontent.com/gps-cs-s/APNQkAEazBGHTPXhwhBf-jjLkKpMWudM8brsRfilFkaIGVChxoI-Tzf2Dx4aFshJIIRJa4EXqNGWNDdyICIStVmlm1TSDXUule5WaFa2BG-7QeSkLRDEWb0I1Ny0KfGQFrm8eAgkLGJg5cu53Kvb=w1200-h800-k-no
Pantai Botutonuo,"C4XG+MVQ Pantai Wisata Botutonuo, Botutonuo, Kec. Kabila Bone, Kabupaten Bone Bolango, Gorontalo, Indonesia",Kabupaten Bone Bolango,Gorontalo,https://streetviewpixels-pa.googleapis.com/?cb_client\u003dmaps_sv.tactile
Wisata Malino,"PRRV+XHR, Jl. Malino, Malino, Kec. Tinggimoncong, Kabupaten Gowa, Sulawesi Selatan 92174, Indonesia",Kabupaten Gowa,Sulawesi Selatan,https://lh3.googleusercontent.com/gps-cs-s/APNQkAFXOLE1QBuAigHpwJ65ytqsMkj3bHRWiRCVU-g8Z7ccrXOB_3ZmWBYtpP863S8Z8TIDNnf0JmUrCsBcvCa-ekOjlsKLjuO6mB4rjTO5hr0JBxKDNRJcP0tvvHJP9FE9H1VjTPoZ=w1200-h800-k-no
Permandian Alam Ompo,"MV9J+FWW, Ompo, Kec. Lalabata, Kabupaten Soppeng, Sulawesi Selatan 90814, Indonesia",Kabupaten Soppeng,Sulawesi Selatan,https://lh3.googleusercontent.com/gps-cs-s/APNQkAHeEyLRh2LWqO02DrTamCUMgg7U1088B59KAuRvL9oXnRSKNvFbE0beifcvMpkuIFA-QKQk-HDEjLLmNjq-XFYeKwOMgxIYWS92A6G3kbXmoox65c68FL6nqpNW3Wg4GhZR2QRg=w1200-h800-k-no
Tokong Ban Hin Kiong,"FRVV+HWW, Jl. D. I. Panjaitan, Calaca, Kec. Wenang, Kota Manado, Sulawesi Utara, Indonesia",Kota Manado,Sulawesi Utara,https://lh3.googleusercontent.com/gps-cs-s/APNQkAHCab0zEktgoH8ftO3WPukIZsc4sWOGRX4BfroKwB9ItplEVC_W6Io5if81wRxva-dqJTX3oxNljDgAYptxX7nGztxhf_z7iglOsmq3NIa4O5Q35mjWiKbVYayfT7yBLGui6nx_Rw=w1200-h800-k-no
Danau Tambing,"M8F5+CH4, Jl. Poros Palu- Kulawi, Kota Pulu, Kabupaten Sigi, Sulawesi Tengah 94362, Indonesia",Kabupaten Sigi,Sulawesi Tengah,https://lh3.googleusercontent.com/gps-cs-s/APNQkAEvBelxRP8MoxW44J-J-bw7-u9CBUVfk2jwUHdDHOq33RFQhdrAX7HL7x3WzHctvRfFr7hIUGCA21ozUT90L7KuajQEobDvwC58gm0oUFkE07zeoaHW_bPwXF-gubA3x8LENlf2=w1200-h800-k-no
Taman Wisata Puncak Rurukan Tomohon,"8VRH+WXX, Rurukan Satu, Kec. Tomohon Tim., Kota Tomohon, Sulawesi Utara, Indonesia",Kota Tomohon,Sulawesi Utara,https://lh3.googleusercontent.com/gps-cs-s/APNQkAG-qXlz2jQ_wMhb7Ue1x8e-yY94ZdD-67IcYXgngcG4i8m4MKjyZMA3LqMfFGbczznWJqBubNPTwBlSMvfqkpyg1GY3fpdBBbhajRzrYH45GlYNd738chZ9U5HEXiowgkGtz8E=w1200-h800-k-no
Apparallang,"FC7X+2W3, Dusun Kadien, Ara, Kec. Bonto Bahari, Kabupaten Bulukumba, Sulawesi Selatan, Indonesia",Kabupaten Bulukumba,Sulawesi Selatan,https://lh3.googleusercontent.com/gps-cs-s/APNQkAEK03pW_gbdL3onKw2rqq48RilDszACXyO1Uuq2mo3i0LjlUM60UjpCiFNwAVdTtCgWIOBvYac5yNAjcg5jYIqzURKsYpYm3D_VNXys54Ktx5ZgvxscTQzUtXXG7ABVEC8XK9xJcg=w1200-h800-k-no
Pantai Mandra Kolaka,"WHQR+JF9, Lamokato, Kec. Kolaka, Sulawesi Tenggara, Indonesia",Kabupaten Kolaka,Sulawesi Tenggara,https://lh3.googleusercontent.com/gps-cs-s/APNQkAE8S0JMsFYUQN2SXr6afgb1Xa5kQFE3IvXizf-bp8VWIosPiMlWQQIkNSKFuVb_F2df3xpozIy7pHkUucAmqmyD5XxAClK7oTccNQzJ-KFhvVgnn_WI_gEctJBOzzW6BFdjAoWWJA=w1200-h800-k-no
Permandian Eremerasa Ermes bantaeng,"G294+846, Desa, Kampala, Kec. Eremerasa, Kabupaten Bantaeng, Sulawesi Selatan 92415, Indonesia",Kabupaten Bantaeng,Sulawesi Selatan,https://lh3.googleusercontent.com/gps-cs-s/APNQkAFp3NQgP_f6j0G1Atx1DEmJEgBsYKSpgt7DykX7W9RtDocUU2ybX24c6usBmcaRztMAUXxHNydKUsw_4Kr216rdojg1lIjeHlhjEYBNG1hd5AKqpoXhzQ6rFzRNjeThpFmPfb_z=w1200-h800-k-no
Air Terjun Moramo,"QPHW+M27, Sumber Sari, Kec. Moramo, Kabupaten Konawe Selatan, Sulawesi Tenggara 93891, Indonesia",Kabupaten Konawe Selatan,Sulawesi Tenggara,https://lh3.googleusercontent.com/gps-cs-s/APNQkAGN01DlOaLFcY526RXkLSn9iiLrLj0mp5paVTKSJFjp-gOeSXqOFCv4Otoe3FByZWDEyEUxtOw2_D99pZhX11kVOTd8SDx8YE7K_UnsLNwDcAfgSNYEKoOZYKstpkG4FQcFuv1ZFQ=w1200-h800-k-no
Pantai Marina Bantaeng,"Pantai Marina Bantaeng, Baruga, Kec. Pajukukang, Kabupaten Bantaeng, Sulawesi Selatan 92561, Indonesia",Kabupaten Bantaeng,Sulawesi Selatan,https://lh3.googleusercontent.com/gps-cs-s/APNQkAGKOpu5hOZhC23RBYEhFcwM0y_0nOtWJuaxbngGRUWBYlZjJghr-pT6j6n5HQqQ6WtiAiV1zSfTL0sSgn6BDto-rsBxKgwdhdnpi9bGayN1rQqYzCuCo5_AOcy92EqY6KeZDBSk=w1200-h800-k-no
Taman Kota Tomohon,"8RGR+7MW, Paslaten Satu, Kec. Tomohon Tim., Kota Tomohon, Sulawesi Utara, Indonesia",Kota Tomohon,Sulawesi Utara,https://lh3.googleusercontent.com/gps-cs-s/APNQkAHy6lLtuhZC6AEt7L37ssQvGPkWpLvOgUnHYl89aXkyKnHrsnR-jdBH44d2TQ0boD8gMTt2yqmMnADV_rQl9daN6AFr4_oozGqn_xVFow1RXeBZ3RjsY39iEuRwUVMr24YAIlA1iw=w1200-h800-k-no
Masjid Tua Al-Hilal Katangka,"Jl. Syech Yusuf No.57, Katangka, Kec. Somba Opu, Kabupaten Gowa, Sulawesi Selatan 92114, Indonesia",Kabupaten Gowa,Sulawesi Selatan,https://lh3.googleusercontent.com/gps-cs-s/APNQkAFkWEVh6jRnPdrrfcJqHRPQJ0YljrMLU1zyDW8buyTyOLEFgG6jQHMncyQN6dBH3eZf4v7eI4r_FNScOg1E1Oe8hflowgu0vQL1GbEhj-XHgKM-31KLWZftGki2e66nhzCRpFEQ=w1200-h800-k-no
Benteng Balangnipa,"Jl. Sungai Tangka, Balangnipa, Kec. Sinjai Utara, Kabupaten Sinjai, Sulawesi Selatan 92614, Indonesia",Kabupaten Sinjai,Sulawesi Selatan,https://lh3.googleusercontent.com/gps-cs-s/APNQkAEqgICXKK-gIfLHy98k6ggn1As68DFzVQlZaCujM-Eofv3LIFlW_BewhdYN02JEL5oaLYh7PH6ga6GZ5DVJSzIUTA-MdyahNhMumZ_ju_yZfsA2drBo_urK5WffXS6VLOTigOiUbw=w1200-h800-k-no
Bukit Samata,"QFXW+MV5 Uin samata, Samata, Makassar, Kabupaten Gowa, Sulawesi Selatan 92113, Indonesia",Kabupaten Gowa,Sulawesi Selatan,https://lh3.googleusercontent.com/gps-cs-s/APNQkAFuoLjNHxp5rFlIpKcqqaHAEQ0OfIO1iMmUkf_6ZFfBNvYQlS4GDI7JdkVKOJv2BbggwtNPdULXs9Iqcx39gkiqtEy5TTTTDsBmnrJNJecAyHo3cJaZi9ry2iQTI7UkzZ7zVeSB=w1200-h800-k-no
Rumah Hijau Denassa,"Jl. Borongtala No.58 A, Tamallayang, Kec. Bontonompo, Kabupaten Gowa, Sulawesi Selatan 92153, Indonesia",Kabupaten Gowa,Sulawesi Selatan,https://lh3.googleusercontent.com/gps-cs-s/APNQkAGQ6t5-SXgQIMYc078uxR-C6ZjXEmraXaYBAcmCWfDDSLSzn17P6DxjHZI2LOVbNw3Z-hhZ05neI8J6lDkYWv2an3Ta7YPp6CK-QMhFEFEEbRax3VvgD_5z1IqSBS55ki2EnBmc=w1200-h800-k-no
Pantai Pulisan Sulawesi Utara,"Pantai Pulisan Sulawesi Utara, Pulisan, Kec. Likupang Tim., Kabupaten Minahasa Utara, Sulawesi Utara, Indonesia",Kabupaten Minahasa Utara,Sulawesi Utara,https://lh3.googleusercontent.com/gps-cs-s/APNQkAH-X02amACCi4xhOaibtNeg8c-VVInp8cQv--gLE2v5IkBQY_jTwQarl_jKC2zBcWYbosyBddyknb6G7bsb-e1T9tISKcvEOmtuoGyX0AGdacli6CZRgN_AGLV4PxhXAyA-xnCs=w1200-h800-k-no
Planet Waterboom,"Limba U Dua, Kota Sel., Kota Gorontalo, Gorontalo 96138, Indonesia",Kota Gorontalo,Gorontalo,https://lh3.googleusercontent.com/gps-cs-s/APNQkAHaCjcpKEOjvDm-4F5-Mz1ZNKTFHNuwTLq-W0vAxjlxqYP9gozRztAjrKZtrLc2V84MxIG3y4GhVpW8m7uvNMs-mj_L8XEnSBiwREiRs3bQInEvzvnBdnDsu5EuS1YnB3RaIwsH=w1200-h800-k-no
Pantai Labombo,"X6X8+C5F, Salekoe, Kec. Wara Tim., Kota Palopo, Sulawesi Selatan 91921, Indonesia",Kota Palopo,Sulawesi Selatan,https://lh3.googleusercontent.com/gps-cs-s/APNQkAHXC5DHvaN-8LFDL1bQ77pBQ9paphq-slNrsv9t2qrPy0RP02CrraDYIhh9zjs0zGnh7flkxGENbaidG3y6_Z4WP_Cn6eS4o5vt9xjofi_lwiQnKQnNPEzzWWVAsyDCRJn1KVjX=w1200-h800-k-no
Anjungan Cempae,"Watang Soreang, Kec. Soreang, Kota Parepare, Sulawesi Selatan 91132, Indonesia",Kota Parepare,Sulawesi Selatan,https://lh3.googleusercontent.com/gps-cs-s/APNQkAFWNfBKxcOmflaMSPuU1yTKbsLgPksWl2d8d6gzg4TiI-KwcvtAch0XOI1EtsJHyh3yUBWzAaJ-chIq_n9j7BFgTIjGcNCMMSycQ0HgV9znPJex5ueGAilJDys5jlVAV528JjI=w1200-h800-k-no
Air Terjun Salodik,"Jl. Trans Sulawesi, Salodik, Luwuk, Kabupaten Banggai, Sulawesi Tengah 94716, Indonesia",Kabupaten Banggai,Sulawesi Tengah,https://lh3.googleusercontent.com/gps-cs-s/APNQkAFxaOiwcRPE5BPyndX_3UQ6p2Qgl32hhSdmsxITxqfss5oUOSm3WURj3aJ0EwqqLDocD5wK_sb4dq2rgzqP3rZLSSpGr7NHK3fNeWvgPTgheRcrL_uA1fPk4DqSUj6TYuYywdw3=w1200-h800-k-no
Pantai Jiko / Patokan,"JH98+967, Nuangan, Kec. Nuangan, Kabupaten Bolaang Mongondow Timur, Sulawesi Utara, Indonesia",Kabupaten Bolaang Mongondow Timur,Sulawesi Utara,https://lh3.googleusercontent.com/gps-cs-s/APNQkAEb_Sd1c_2qJwf3uOQPqBC47yXVxkaBFTGxSoEdMRLQFuneZe0bqdaTTDdIi1Q7P-KmX7YIsUHSlC84QjLRt26ODS33I8vgQVY1vVHLMTvWbacwsLzUH0RAwo3y10UlwQbIj1upag=w1200-h800-k-no
Permandian Malotong,"Jl. Sam Ratulangi No.45, Malotong, Kec. Ampana Kota, Kabupaten Tojo Una-Una, Sulawesi Tengah 94683, Indonesia",Kabupaten Tojo Una-Una,Sulawesi Tengah,https://lh3.googleusercontent.com/gps-cs-s/APNQkAF_SKuuGeYk3vT1FCaDo9f_v4A7ngjAp44zebT5y5xASXo41LuN4nkIHO9zoNprrvW0q0U_FnqXDA0MreAsAvtbDnDEHXbEpBqDUpJELrWEWMQ0UCqfd-swT_8xQc9Zuv0nk9W-=w1200-h800-k-no
Pinrang Waterboom,"Jl. Basuki Rahmat, Macorawalie, Kec. Watang Sawitto, Kabupaten Pinrang, Sulawesi Selatan 91212, Indonesia",Kabupaten Pinrang,Sulawesi Selatan,https://lh3.googleusercontent.com/gps-cs-s/APNQkAHR9sqsgxP-dmL9cIL5yB-pgBh9sdks6nORZJt1TmvdjRGxudQOlGGRNPK8wkhAqVqPgMHoxrsoEk421tlAKgxe_1tl1UONZmamh6iOvlP3lpNnZ8QV4wM7NZ9z1gSEnfw7K7Id=w1200-h800-k-no
Pantai Laguna,"GH4V+XJ2, Pao-Pao, Kec. Tanete Rilau, Kabupaten Barru, Sulawesi Selatan 90761, Indonesia",Kabupaten Barru,Sulawesi Selatan,https://lh3.googleusercontent.com/gps-cs-s/APNQkAFK1xPka5naUlIlJF5WFqua4WRSNg6mUL0DFqCHtQCIVQqG1-FSUWGq3HmAHRKJC1FGGR_AfUHnE2-8OnA_mA6L1_yrz9Ep1aYwYmyhhL4R3VofGaYt8X0tBsPnZQNv37bYVbk=w1200-h800-k-no
Hutan Kota Bulukumba,"C5RX+V8X, Terang-Terang",Kabupaten Bulukumba,Sulawesi Selatan,https://lh3.googleusercontent.com/gps-cs-s/APNQkAH9kJD8FOmWSWO6BmR55ZurAYAgOUfafU9l3RPgWka5I11bbIdIBDlCyonhiNj3Z9x3JvbMsBEYSqjrm4f0-xf-mG0E6RTJsWeMJL5hRu9Yl5S6H0Lx6kCuk4uhfMaG7TyAmJ7Y=w1200-h800-k-no
Goa Air Kontamale,"Jl. Poros Wandoka Lingk. Teekosapi, MGJM+QW2, Pongo, Kec. Wangi-Wangi, Kabupaten Wakatobi, Sulawesi Tenggara 93791, Indonesia",Kabupaten Wakatobi,Sulawesi Tenggara,https://lh3.googleusercontent.com/gps-cs-s/APNQkAHqLDmZS9NLofZIUOXDL0r5n2urmysXJ1pH7lEzPd6yUuaZVdExdBGUkYsZAQADPfeVzqg_izm-bPrG4AYn7EDUxgMwBGxvqgfnBT1Y_IgTyxd9YogjpYwusYCTEirN9vm4_Ew=w1200-h800-k-no
Pantai Bonebula,"Unnamed Road, Towale, Banawa Tengah, Donggala Regency, Central Sulawesi 94351, Indonesia",Kabupaten Donggala,Sulawesi Tengah,https://lh3.googleusercontent.com/gps-cs-s/APNQkAF4LH_mKBqrWqQYQk7d9H7325ODo9UpN4QaXtP4PZ09Gk5T6hY9OhwxfR0VGhK5kc0pKL1ZZ_QdOV1piTW104Lj37Ocv-XJaM4it-khdTMMc3K5qrMz-psg6G1yaa2oVLP1q2TN=w1200-h800-k-no
Pantai Bambahano,"Malonas, 6R9X+9X8, Damsol, Kabupaten Donggala, Sulawesi Tengah 94356, Indonesia",Kabupaten Donggala,Sulawesi Tengah,https://lh3.googleusercontent.com/gps-cs-s/APNQkAEloQXn-ZEryLGTY8PBWPoFd1Pn9DJY3ZeTC5yhX__D9NNvke8E_P_rG-ighCIARc6Gq4Q3E0fbpZQKt3RY8_oKzv8gapWOmsfW06oAeWaX2Z0vU-UYa0li_mrdn6oPklDe9IU1=w1200-h800-k-no
Wisata Kali Biru,"FRPR+4M4, Jl. Pangeran Limboro, Banabungi, Kec. Ps. Wajo, Kabupaten Buton, Sulawesi Tenggara 93754, Indonesia",Kabupaten Buton,Sulawesi Tenggara,https://lh3.googleusercontent.com/gps-cs-s/APNQkAH_xl27uJ-7YpUe7xp1lRoy6BJV-1Ds0QVZ8oSV9AFL3G7r_zsnqBxwuxKWLHT_6u3qmv810dhbXjAGd2CrJtwunL93L63xy76Lqz6iri20oseQVcNRILrNNyl3KjDpFwFSJZA=w1200-h800-k-no
Wisata Mangrove Lantebung,"Jl. Lantebung, Bira, Kec. Tamalanrea, Kota Makassar, Sulawesi Selatan 90243, Indonesia",Kota Makassar,Sulawesi Selatan,https://lh3.googleusercontent.com/gps-cs-s/APNQkAGPvpP1Gt21-2PSm4J74SpcWq4iL5nUdr4T8ibqbcqFnhuJo_KZ5upcTlp4JtSDVdY3MiML7ULsU5qkGh0TtG4YK-XYdxWNIj5CqQ6ze1aJc-OFG2RZFWmTZwmKteDueIRYm3d60A=w1200-h800-k-no
Anjungan Pantai Losari,"Losari Kec. Ujung Pandang, VC44+GX6, Panambungan, Kec. Mariso, Kota Makassar, Sulawesi Selatan 90113, Indonesia",Kota Makassar,Sulawesi Selatan,https://lh3.googleusercontent.com/gps-cs-s/APNQkAEoeSs1fK1AEhWMqeD-gw-k_2BAS2Ott7thjzxVU3lU0hhCd1A2l1kdjuopEUyRCXEYd03R-QfEYjvxCooCfjHURoi_8mT6O-Tpq4hTa6tHdZc8sfFMzE1yYtNFiYuYUQp5oCjQ=w1200-h800-k-no
Kai'santi Garden,"Jl. Woloan Kayawu, Woloan Dua, Kec. Tomohon Bar., Kota Tomohon, Sulawesi Utara, Indonesia",Kota Tomohon,Sulawesi Utara,https://lh3.googleusercontent.com/gps-cs-s/APNQkAHFAkkq1PwvAqZrOFZJuHrnsJgMR8rJ42tMNg90ATTGiV8Cb4WncIvbTqf-rfkU_RrdWfoYF3Y5c-OxCfEDJ_tHCUpRUbDRUhXKx1b5hma4XSWWjp9rZUr9NT6UI-GDkv30CO8=w1200-h800-k-no
Benteng Moraya,"7WR5+795, Tuutu, Kec. Tondano Bar., Kabupaten Minahasa, Sulawesi Utara, Indonesia",Kabupaten Minahasa,Sulawesi Utara,https://lh3.googleusercontent.com/gps-cs-s/APNQkAFeGIwDUEPO-D170sJ8PKMj1oKsZ9DJeDXsoE8_zc8O5krgzv9OgBRZcoYdyXN467gdeArqoa2jSGKNDUPGntjS-8qt1Plzw3rwW3kaLiE_iRmbuYgCOfdprII3DCcDvLvSkhhT-w=w1200-h800-k-no
Museum Ne' Gandeng,"3WCX+59J Malakiri, Tagari, Kec. Balusu, Kabupaten Toraja Utara, Sulawesi Selatan 91853, Indonesia",Kabupaten Toraja Utara,Sulawesi Selatan,https://lh3.googleusercontent.com/gps-cs-s/APNQkAF-AIsqFfDU4yQFaTb7prgTGUEsffuhqk79MMEJKoqadqQexe34chLJEx18NT_ysAwSx63C_N1cGXhnTRDX5IrwZ5WmT_-2IlWIQ6Lm7uBPgqw44Ne7qmgmELswUNBrReX_IX0PEw=w1200-h800-k-no
Bendung Benteng,"8M6G+RPF, Sungai Sadang, Benteng, Kec. Patampanua, Kabupaten Pinrang, Sulawesi Selatan 91252, Indonesia",Kabupaten Pinrang,Sulawesi Selatan,https://lh3.googleusercontent.com/gps-cs-s/APNQkAEnkGFN8i5EGIDIY10qTi3cqVuNDyWZ3aPdlsOuiEuHq_LBdXnp1n4lTnOFXCFT_IopMrQluhZ7f0BqMu20yYZfNScXb2tPuoxOBHuO6TRz_tTFvwOa-iH6GicqOJMvBm3k0aw=w1200-h800-k-no
Monumen Korban 40.000 Jiwa,"Jalan Korban 40000 Jiwa, Wala-Walaya, La'latang, Kec. Tallo, Kota Makassar, Sulawesi Selatan 90214, Indonesia",Kota Makassar,Sulawesi Selatan,https://lh3.googleusercontent.com/gps-cs-s/APNQkAHzSmFzh48OmUln03f0OX2auics2OYJUTHEl__IE3aes7-XaQEUrGzN5Bsb9Tk4NUSDC_GKx4Q-yHPr-Rhdkao3jUiLEQS4KxStsQ8vqmGXGqth4y8GtjQoWO9HOtVd3SFvICs=w1200-h800-k-no
Maros Highland,"Dusun Salu, Pattontongan, Kabupaten Maros",Kabupaten Maros,Sulawesi Selatan,https://lh3.googleusercontent.com/gps-cs-s/APNQkAGsfHvtZuPpHp0I0NXW4sE88Vkhprq6ec5NTn162Ty-7VKtgKMsdtwUPcuVMoxvd_6BleNg0GdGEsvFjM9TUOtt49qm_cyhnUDEkCGOUuO_EbfEFRzW_KgIYKEh-9mTffu2XUn3=w1200-h800-k-no
Air Terjun Pialaa,"3Q2C+22W, Hanga-Hanga, Luwuk, Kabupaten Banggai, Sulawesi Tengah 94713, Indonesia",Kabupaten Banggai,Sulawesi Tengah,https://lh3.googleusercontent.com/gps-cs-s/APNQkAHRhOJQ4GXW08hvMtBisoRgNGxnbqZWZdagLI6bUagWGjRrSjwWQwEHMPQM2hnaFRY85_lOa8HL4dUCY5OEwwXgEjDMeTjxNPLHIZNj4ilPgDYDgctJLtqzEqi50G--YrLkutLQ=w1200-h800-k-no
Narwastu Hills Resort,"Jl. Wawo, Matani III, Kec. Tomohon Tengah, Kota Tomohon, Sulawesi Utara 95441, Indonesia",Kota Tomohon,Sulawesi Utara,https://lh3.googleusercontent.com/gps-cs-s/APNQkAEO4MOaTHbCrH381onpPOYcbAJ6jbbi8wew433_WuZ-bqyevevn4eMFPJKD2A0raIjF8cQPbBmT4Xdpwrv29aGMjSvU0gixITDYTPSEaPc0TzA-MirCidRGlThTiNT7AygWmi7Y=w1200-h800-k-no
"Pantai Bara, Bulukumba","Bira, Kec. Bonto Bahari, Kabupaten Bulukumba, Sulawesi Selatan, Indonesia",Kabupaten Bulukumba,Sulawesi Selatan,https://lh3.googleusercontent.com/gps-cs-s/APNQkAEgg8fH1o4n9QIBbLpyVwXJMa4uBDpq5Bb8ivCLtPj_e7ETnnlVMnaXqTOXqhruw8FZZxxJwwqK5C1NjESQrbW_OWVV52LeEaTXMmjkW5PK3EWzIhL33264gD-6h4ZchZ8pLmM=w1200-h800-k-no
Pusat Laut Donggala,"Pusat Laut Donggala, Towale, Kec. Banawa Tengah, Kabupaten Donggala, Sulawesi Tengah 94351, Indonesia",Kabupaten Donggala,Sulawesi Tengah,https://lh3.googleusercontent.com/gps-cs-s/APNQkAGsDQl6Beqqrp7x6Bd6ngwYKIsyz7wkDeuzL-IjE1NVx1UGLmp3BuAmICdCwtiVDuTTkN1rlfm2a1MTOcWBvcszUwVEm-aM5HLgNarDKhPRFsKRFMF_qxys2LuS2FdkyaFQn2MdgQ=w1200-h800-k-no
Pulau Sangihe,"Pulau Sangihe, Kabupaten Kepulauan Sangihe, Sulawesi Utara, Indonesia",Kabupaten Kepulauan Sangihe,Sulawesi Utara,https://lh3.googleusercontent.com/gps-cs-s/APNQkAGlVoyFwBBYqBMu5ou826r4ibtSj1tEHjlexMCgxMePEk3eIx0tpsz6-xTHGwSgidX39fHA8CCDGyIvXJgLVA0Pz9wu0iHjg87g5FN3MGGvVRJwV7lfaf16TBhFDoLDglpIfTZp=w1200-h800-k-no
Wisata Hutan Pinus Dan Pemandian Air Panas,"7RMF+J7C, Jalan Lahendong, Lahendong, Kec. Tomohon Sel., Kota Tomohon, Sulawesi Utara, Indonesia",Kota Tomohon,Sulawesi Utara,https://lh3.googleusercontent.com/gps-cs-s/APNQkAFXd-5kItFqzj0MnnkivkGjpp1hjSHthH4A34nFTjjUx6m1EAQ46hQ5mZlmyM4g8pXKTvxyu-NI93tXodKevinp5qioKODc1exJguLKHf0fsB88HMQzjQ_tabLYwvmeGtju2Kk=w1200-h800-k-no
Pongtorra - Puncak Tertinggi Lolai,"3R7V+868, Sikuku, Kec. Kapala Pitu, Kabupaten Toraja Utara, Sulawesi Selatan 91854, Indonesia",Kabupaten Toraja Utara,Sulawesi Selatan,https://lh3.googleusercontent.com/gps-cs-s/APNQkAGObLjuitrqtuQZ3h71VaYYJZy8DlQ34gSs-oXdujvXeKteSWqYG7k0tiSeYN8iI34bvNJwt1ajCtSsxwHrJBPAMJnd6OfJzSujpTPtBXIGVUhsq-gX4uwv8fl7y0NHS5ZjQumD=w1200-h800-k-no
Taman JH Ampana,"4HMG+9JH, Uentanaga Bawah, Kec. Ampana Kota, Kabupaten Tojo Una-Una, Sulawesi Tengah 94683, Indonesia",Kabupaten Tojo Una-Una,Sulawesi Tengah,https://lh3.googleusercontent.com/gps-cs-s/APNQkAHpSxUHhIOpAi2T8pqNpUBx6gcsuZ-LxyifA7eTJXqqBxGfQxZBKlcVK5hqG7RW9FW2LZ3NHIjQor4HR8_MBdSLs_mS4kaqzdJwP9BFVt5bQPTIN4kORYgaPMHjcfpG1Qumi6-n=w1200-h800-k-no
Rumah Adat Sao Mario,"jl.poros, VV7C+R6C, pangkajenne-soppeng, Laringgi, Kec. Marioriawa, Kabupaten Soppeng, Sulawesi Selatan 90852, Indonesia",Kabupaten Soppeng,Sulawesi Selatan,https://lh3.googleusercontent.com/gps-cs-s/APNQkAGT3ujyJKlwZnO2rii4v7nvGPmLUh7D3_41EtwsnHDrIl1-l-3jsp_KFS6CbJX5My0HVFEO7ADit6vP2lTuETY0MVwtq6sgXT3a1dMSF02gnNjzdIXoOPJqNwBjZFteGK4Lj-eb=w1200-h800-k-no
Hutan Taman kota,"4VHH+R9Q, Jl. Jabal Nur, Talise, Kec. Mantikulore, Kota Palu, Sulawesi Tengah 94118, Indonesia",Kota Palu,Sulawesi Tengah,https://lh3.googleusercontent.com/gps-cs-s/APNQkAGXNKz947cDv0Smt3cxLl9mv6lnpAMyZhEWABmFqZvRkhORV5GbG8IoomZ9ks3BPZai4fa7sGlHCCYAm61n5CU2plxTOLNGzgiiu3GoO8SJI6-M1I98w0xVh_klX5EmIj-Vpsok=w1200-h800-k-no
Air Terjun Bantimurung Gallang,"Pao, Kec. Tombolo Pao, Kabupaten Gowa, Sulawesi Selatan, Indonesia",Kabupaten Gowa,Sulawesi Selatan,https://lh3.googleusercontent.com/gps-cs-s/APNQkAET7ILwiD9iBj4L0nZDfJuvA0vej72q92CJO7-kVLOvoK9Ho4p2K3IuXFSkxH762EyjTjh4V748U2r41ATbB3F71sMDHGmqZXMDlLSASqQaPKWhelmCiZ_FA1pbmB9Tjzx2CiXt=w1200-h800-k-no
Lapangan Pancasila palopo,"Kantor DPRD, Baso Rahim, Jl. Andi Tadda No.2, Tompotika, Kec. Wara, Kota Palopo, Sulawesi Selatan 91921, Indonesia",Kota Palopo,Sulawesi Selatan,https://lh3.googleusercontent.com/gps-cs-s/APNQkAEGV4XtTrJxNn0hVa3Ru4lowTcaDHlP0moQ5Edo6MttCM-NSNrd7_Gj8yDjDGiBKuZc9wayuv-vBPdgjkhd0Hd02fn1rntARC_FU18vm8Ls2KnAddNcohgkgJO15gz4gmr5Ni0f=w1200-h800-k-no
Taman Usman Isa,"Jl. Jenderal Ahmad Yani, Pangkajene, Kec. Maritengngae, Kabupaten Sidenreng Rappang, Sulawesi Selatan 91611, Indonesia",Kabupaten Sidenreng Rappang,Sulawesi Selatan,https://lh3.googleusercontent.com/gps-cs-s/APNQkAFeHq_iz1xKU6WCpMRo0z1CoFJJbcu682fYTysZ9qyK0Emg5mdJh6AQ-rJbWDUT8zMNZBxbVbcvC6BLZpNmC9X4ZwBDKPfI2TGkyM8CHRVV2E9pHDYhZy2qsJcsXetooJLuRX_3OQ=w1200-h800-k-no
Wisata Alam Salu Pajaan,"HCM3+HH9, Batetangnga, Kec. Binuang, Kabupaten Polewali Mandar, Sulawesi Barat 91312, Indonesia",Kabupaten Polewali Mandar,Sulawesi Barat,https://lh3.googleusercontent.com/gps-cs-s/APNQkAH7jfX_stbRXDmxizIEeCMSIG3XRsDR4F8bgRcM1gICvQNeg5dHz4rtXdxbOmveClTXHsxS0qyzF48A8zCHTHvd8AI3ZV1Lj5znnDRlMYfLypQFUf0UWzto30p2IOxXi2luFeE=w1200-h800-k-no
Museum Kota Makassar,"Jl. Balaikota No.11, Baru, Kec. Ujung Pandang, Kota Makassar, Sulawesi Selatan 90171, Indonesia",Kota Makassar,Sulawesi Selatan,https://lh3.googleusercontent.com/gps-cs-s/APNQkAFFh-aMsa3TryFY4vlLhcABi4n0OYxk7dD5rP3kUFcYclt0x5DEnipuaJOiLldqpgCUmUMQdzns6vL-n3nQN9g5PhsN7mxMgLjMeT9x2HQm4wx4DuBl-GaKaynWUgHB3AcuSGU4=w1200-h800-k-no
Patung Cakalang Bitung,"C5WG+3CF, Bitung Bar. Satu, Kec. Maesa, Kota Bitung, Sulawesi Utara, Indonesia",Kota Bitung,Sulawesi Utara,https://lh3.googleusercontent.com/gps-cs-s/APNQkAF8Sz9QE1m4e-k8RqGwihEZpAzgyo_mxK0wGJfGOpf_ziC7C9fj_NIzSVsWQpZL4VT9GYbJHBL95GnFiNVZxeGYeHCvmFNQUR9jB8xuqQcOwPl8bUBoAJa6vTxFdwN73AroLIuU=w1200-h800-k-no
Wisata Anjungan Teluk Kendari,"Jl. Ir. H. Alala, Tipulu, Kec. Kendari Bar., Kota Kendari, Sulawesi Tenggara, Indonesia",Kota Kendari,Sulawesi Tenggara,https://lh3.googleusercontent.com/gps-cs-s/APNQkAGcTkcvjxbHIoALkFP41CH_Pl13TwRUaU9K6ZtCZPgJIUf4DZfRql88niBYG4ov7sEqKkbUX3JpSMWSrAxrgabTubWOEq-Nu60AmGtB_vN0DmNXk7JO_bkY2H_QzZB0h--UKFXt6A=w1200-h800-k-no
Kebun Binatang Tandurusa,"F646+2Q9, Aertembaga Dua, Aertembaga, Kota Bitung, Sulawesi Utara, Indonesia",Kota Bitung,Sulawesi Utara,https://lh3.googleusercontent.com/gps-cs-s/APNQkAFV-opt8w_slv5NJ5S-JrPHEi3JkHqW-m_vYZU1Rd26bCRn_DONz4McC4J4SzHaMNm1Nth86637WfxbmQmyITmn3v3VfSZHS3UNMQrmaCd64_KtjeP3if1fs7BGAO0qexsw0-2D=w1200-h800-k-no
Masjid Arqam Baburahman,"4V83+9HC, Jl. Cumi-Cumi, Lere, Kec. Palu Bar., Kota Palu, Sulawesi Tengah 94111, Indonesia",Kota Palu,Sulawesi Tengah,https://lh3.googleusercontent.com/gps-cs-s/APNQkAFBvzz9zGb5trs5kvVT6JZysR7lf0EPZOtRNBOnIn9wFnXunKp-ucnSJWph-nBXfAeP1fVpQvqtK4koMbe0bcjXa2sozSZmBz8dr2lsODreW_Gq3Dp5iegaqlaTbXjlVj8cntiw=w1200-h800-k-no
Menralo Beach & Resort,"Dusun Menralo, Wiringtasi, Kabupaten Pinrang",Kabupaten Pinrang,Sulawesi Selatan,https://lh3.googleusercontent.com/gps-cs-s/APNQkAEpst_gWsIs_AJpno8cwYRo63_HiaLGJWdl-J8vKnt-ONue-XtkwWHL1G4QHoSlSbuD2twcU2SB4MeRugGiU91nC7cqWkoFLMJaQl6iYXrzjI2yYJ8kat7NVYE-rcoMBcXkA5ly=w1200-h800-k-no
Permandian Taman Wisata Rita,"Bonto Kanang, Kec. Galesong Sel., Kabupaten Takalar, Sulawesi Selatan, Indonesia",Kabupaten Takalar,Sulawesi Selatan,https://lh3.googleusercontent.com/gps-cs-s/APNQkAEN3SVhFTF2bdLe5B3op1Nh4zbJTs84M8YukZa1qyhdF1YOILYneF-CK55hWEN-Qg5etPtZZGaOIu6n8MaIK-JCdpPdZVAUBgaZ8DLDA12TNkL7f1nW8xrk-LUP5bFyx5KJ-5hJ=w1200-h800-k-no
Sou Raja Cagar Budaya Banua Oge,"4V64+C98, Jl. Pangeran Hidayat, Lere, Kec. Palu Bar., Kota Palu, Sulawesi Tengah 94221, Indonesia",Kota Palu,Sulawesi Tengah,https://lh3.googleusercontent.com/gps-cs-s/APNQkAFl-djOTXjAYLzh8n-KkAbmw414tzKpYp8AKJHmvNf6ZFnm4yzZqY5uVvpSoLbhhU1PEuYKcxZdDG94vDGCKSwMo-tIDkp2R8CFcW71_wZA7dZRC6l1Rg_faDa4xtUf4z0RaUWJ7Q=w1200-h800-k-no
Taman Nasional Kepulauan Togean,"HV7X+VXP, Wakai, Sulawesi Tengah, Indonesia",Kabupaten Tojo Una-Una,Sulawesi Tengah,https://lh3.googleusercontent.com/gps-cs-s/APNQkAHFuOEJDEz9GXoiNIJ1z2nOwuKaVcaGEIXzH9lFcDB9g8Jaf-0tsE8yrNgsA--33o0d8sj46hr0ELnhqXmPapa0tOP6yLsHXjmSoXPcpAMUIPoCyEb8vUwWlC8QxHOPookE66wC=w1200-h800-k-no
Pantai Tanjung Layar Putih,"Unnamed Road, Tanjung Merdeka, Tamalate, Makassar City, South Sulawesi 90225, Indonesia",Kota Makassar,Sulawesi Selatan,https://lh3.googleusercontent.com/gps-cs-s/APNQkAEyzskJWt1Zcw_i0EJbj-uBYgJLWHA9rBm056mT9sJIxt137wJgUgX2z62Cu0-ga1W6zm4YY6ypwwO238ychYZzGCu3LQS1rS4iNQ8PxttG5HG2AxqMhf8rWF8urTyf3RGaMH7FVQ=w1200-h800-k-no
Desa Wisata Budo,"Unnamed Road, Budo, Wori, Kabupaten Minahasa Utara, Sulawesi Utara, Indonesia",Kabupaten Minahasa Utara,Sulawesi Utara,https://lh3.googleusercontent.com/gps-cs-s/APNQkAGlzFRw_sfjr4Z8bsGbq99JNYOQODUVJXbGTjFvQ8CsJC61bGN1jFrNgsoCo5Vwxe5zIOR3zunRU3ygVReywbb7mzfxBMwf_Wd7qNTiKQLoFLfGjqOZUT-0NVP8qSFl2UMt2_Ea=w1200-h800-k-no
Gunung Latimojong,"Gunung Latimojong, To'lajuk, Kec. Latimojong, Kabupaten Luwu, Sulawesi Selatan, Indonesia",Kabupaten Luwu,Sulawesi Selatan,https://lh3.googleusercontent.com/gps-cs-s/APNQkAFWqolqvrfnX9_WkkQRNy4RGp3g4QfdWGf3-RxFw2Zg9F3AeT6qnOmeE423Ut9J4QHyOMdJAP1bXXpSgHVm3Aa4KpzEsIbFgWZoAz3Wo-EJyiSuBJuL8vHts6OrY9cu3lH9Vmc_=w1200-h800-k-no
Donggala Tanjung Karang Beach,"9P3Q+JMV, Labuan Bajo, Kec. Banawa, Kabupaten Donggala, Sulawesi Tengah 94351, Indonesia",Kabupaten Donggala,Sulawesi Tengah,https://lh3.googleusercontent.com/gps-cs-s/APNQkAH9YWIkyY5Dh8eS8Q9_2908TbYfQteL9zd52tpwWV9ooFnbHIKqUzi3hAadunI_EEJ3IXQtut3EDr-Wlqc_ia4stZQR0YvUKJ10ROHsqa-prhjn_ghd1NPyr95v-gJ5nIipsxoF=w1200-h800-k-no
Kuburan Batu Lemo,"XV4G+XWW, Lemo, Kec. Makale Utara, Kabupaten Tana Toraja, Sulawesi Selatan 92119, Indonesia",Kabupaten Tana Toraja,Sulawesi Selatan,https://lh3.googleusercontent.com/gps-cs-s/APNQkAHkMd5kj0LjnSFWXLADbHClQTJy3kL_JH-UahDw-fc5QL7lpaqrT0zauggJDtqdjPTSM7r7jcUCtGML3IQBjG-5oGQwPZc1-dTNfC4NzN1xmR1WJq4jZAcO3J_mRTxGzZbJbR-c=w1200-h800-k-no
Kebun Raya Massenrempulu,"Jl. Poros Sidrap Endrekang Tator KM.22, Karrang, Kec. Cendana, Kabupaten Enrekang, Sulawesi Selatan 91711, Indonesia",Kabupaten Enrekang,Sulawesi Selatan,https://lh3.googleusercontent.com/gps-cs-s/APNQkAEpOc2YRUNDjryWGrqX5gb9Ta01I2p9epftIdtflIyjBUiwTdx7zqo-Uv37sd6rISGlGvWKYw0CE1JwLsLuSry1Q7CGXfPu2LJK2queO0w84yP-MSVAGg16hMaW-pYgNUFmckrAsQ=w1200-h800-k-no
Pantai Marumasa,"CFF5+VQ2, Darubiah, Kec. Bonto Bahari, Kabupaten Bulukumba, Sulawesi Selatan 92571, Indonesia",Kabupaten Bulukumba,Sulawesi Selatan,https://lh3.googleusercontent.com/gps-cs-s/APNQkAFCpuV0Ze72VywxZlozDMMVZLvcXjxLooX5Q-XJWr3rdtbVtsf8vB1tZ3cdFJMT5KWch9W3oDTc9emdAzH4MI0LXW3vJvNOKXFS13LuYmN5FeL_4swfKV85saR3eQ6KBcwhTw6iEg=w1200-h800-k-no
Patung Bogani,"P8Q9+X3X, Jalan Ratahan, Kotamobagu, Kec. Kotamobagu Bar., Kota Kotamobagu, Sulawesi Utara 95716, Indonesia",Kota Kotamobagu,Sulawesi Utara,https://lh3.googleusercontent.com/gps-cs-s/APNQkAG6ury3Fu46POEpDts_bn-C2G4POQubxvkrUylggopuRxqZ6lxiAc6LaUEPZANl-0IZ0ci04MPJ04h9rGcBGVAKg83CoRktjkQmCb5Z9frrElqCSeZLEDFSfGq0mrpgY2f1f1UH=w1200-h800-k-no
Pantai Bolihutuo,"Bolihutuo, Kec. Botumoito, GORONTALO, Gorontalo 96264, Indonesia",Kabupaten Boalemo,Gorontalo,https://lh3.googleusercontent.com/gps-cs-s/APNQkAHl-rd6fqP05rlwBRRXMAQYDVahFL_-WhC7Av1OSlc8B2YmGI2LHD5ESg26y0cfE4tZnMWVd8JbTcL7EFGuCF6t73X7VdmcLz_gr0tWowOIiiTJc-a9_7ugSo6GA0omzG1eBlKjJg=w1200-h800-k-no
Taman Cekkeng Bulukumba,"C6W3+JF2 Taman Cekkeng, Ela-Ela, Kec. Ujung Bulu, Kabupaten Bulukumba, Sulawesi Selatan, Indonesia",Kabupaten Bulukumba,Sulawesi Selatan,https://lh3.googleusercontent.com/gps-cs-s/APNQkAFTXqekXITjsvzoeLiXj3_aJLilOCclIlMdWnfXn_AIw3rVYpCyunGqb_S4EUuiHZjtB3fNtNA0xNOSwlWVbTXPtoEE4Ntrw9IaeLEDkUOhMbyZnD5z2wiIFyEZvmveaSDX0dJU=w1200-h800-k-no
Tanjung Bira,"Tanjung Bira, Bira, Kec. Bonto Bahari, Kabupaten Bulukumba, Sulawesi Selatan, Indonesia",Kabupaten Bulukumba,Sulawesi Selatan,https://lh3.googleusercontent.com/gps-cs-s/APNQkAEOPfJ9ShW4uglOTSmPXpSOjx85FeClPKDIsneI4ZS05bZVmmF0xrWd_PoiY7JHrnebdbfpwo_F4Nl_Q2EvMLgUPa18B74eTVDFUtEOpO6L52BEHBxQJoz3Vks3QiMsIP6DscBgxQ=w1200-h800-k-no
Pantai Ujung Batu,"HJR2+MPF, Jl. Ladullah, Sumpang Binangae, Kec. Barru, Kabupaten Barru, Sulawesi Selatan 90712, Indonesia",Kabupaten Barru,Sulawesi Selatan,https://lh3.googleusercontent.com/gps-cs-s/APNQkAEuS5jWc232IYP0norm5qChr7vD7RrEc0VcWoMLpe_gQrFqn2hUBMYFYmlVS5_0XtlgOsBLZfjJ3U0iTRDHNaEJNHaXrKzVHe_rTIxBPwnW8fEektZhKcsWFG-c10qQBZsHM-UZ=w1200-h800-k-no
Taman Cinta Palleko,"1, Jl. Hj Manila Dg Pati Palleko, Malewang, Kec. Polombangkeng Utara, Kabupaten Takalar, Sulawesi Selatan 92221, Indonesia",Kabupaten Takalar,Sulawesi Selatan,https://lh3.googleusercontent.com/gps-cs-s/APNQkAFT0ejankcsMcvXGPmRnCNuwHSn6dVWKYCAvEHxC8o9wz4C6Ew4HiRXD_LYfPdojY1U8emWNZ9iUMVuIgN-K1hCNHQnvVfyjcKQzocEbw-BkY5zrqssLwegzKD95HUGNreTbVr6Sw=w1200-h800-k-no
Parangloe Waterfall,"QMC7+F7P, Belapunranga, Kec. Parangloe, Kabupaten Gowa, Sulawesi Selatan 92173, Indonesia",Kabupaten Gowa,Sulawesi Selatan,https://lh3.googleusercontent.com/gps-cs-s/APNQkAFOAZN-zglcXROSB4IsN-x7eK12ai2oCQF-QPXLw66oU14rd-waV7PHUNddkIvIshn8VN58IczIHEmqlzGrSPCkVPnkuPsmeLSrd3lWfex8kY_eUOVkRhKb7x080D3Y6_yHBAjfng=w1200-h800-k-no
Celebes Canyon,"FPX8+MG7, Libureng, Kec. Tanete Riaja, Kabupaten Barru, Sulawesi Selatan 90762, Indonesia",Kabupaten Barru,Sulawesi Selatan,https://lh3.googleusercontent.com/gps-cs-s/APNQkAGmXyTK_Xi7oqV796ify929wlOU5vyc79B62Yn4FzJh-c3vM8eZzcpweBFECOcGrDvUo4EloCb5XNY99NnAMEObAq4uKU4HOhSZ2zyGWcLojD8ci8zyFwbBC8UVu69kUAki8ZYCnw=w1200-h800-k-no
Monumen Bambu Runcing Rappang,"5R48+CF6, Rappang, Kec. Panca Rijang, Kabupaten Sidenreng Rappang, Sulawesi Selatan 91651, Indonesia",Kabupaten Sidenreng Rappang,Sulawesi Selatan,https://lh3.googleusercontent.com/gps-cs-s/APNQkAFd8MxMMzQc6VhOSrVzHpTOPMLgvE_UKM79DEfo2qvD8CfZVBrEk3y8lHIIFP4av01HxEVUr5-a7JHUm4DdGFQBAFPTE_vxVrR1VLeTiH_KKsxfMEAfc8HZNKqy0BG4X2jD4mc=w1200-h800-k-no
Pantai Nambo,"Pantai Nambo, Nambo, Abeli, Kendari City, South East Sulawesi 93238, Indonesia",Kota Kendari,Sulawesi Tenggara,https://lh3.googleusercontent.com/gps-cs-s/APNQkAGNUB9M1qccznP6AO_X6cCA2W_LSbuW7khQZ4QS6TgE5xUeMWe5qpEQjmFqEJasHLix5yTY0ONtTbVjLLPMrwunCZzMiXG1lIGONdzTvfDTgPHYJhjQa81jqw0fRG_FwawlVwewVpwC3sPs=w1200-h800-k-no
Pantai Batuangus,"G66W+738, Kasawari, Aertembaga, Kota Bitung, Sulawesi Utara, Indonesia",Kota Bitung,Sulawesi Utara,https://lh3.googleusercontent.com/gps-cs-s/APNQkAG-3OQ3YwSso6JgwHLDsicHgO6V4HfSYqPLHMSYd37vjkxGk6pNI2IhgBGSSZsRaacHO_cBLLiMF3tmCMioXwZKlsP_hTmQrzVJatQHfE3XLYmqiA7asNavyFr7m5rbojGoRHFk=w1200-h800-k-no
Taman Purbakala Batu Pake Gojeng,"Jl. Veteran, Biringere, Kec. Sinjai Utara, Kabupaten Sinjai, Sulawesi Selatan 92611, Indonesia",Kabupaten Sinjai,Sulawesi Selatan,https://lh3.googleusercontent.com/gps-cs-s/APNQkAH22nVgioSkRxngTp_vkgkskzS_lBtuuDLMqpJhKVBtIza0Oj0R6cZidU68U8AdRlHT319a58CT4KCrY_hIKSzSUffzmgWepHR6fOp7zyK-JiFEjgOIxo92buNO74hJNoyqZgeZJw=w1200-h800-k-no
Pantai Lumintang Bentenan Ratahan,"XVXR+MJM, Bentenan Satu, Pusomaen, Kabupaten Minahasa Tenggara, Sulawesi Utara 95997, Indonesia",Kabupaten Minahasa Tenggara,Sulawesi Utara,https://lh3.googleusercontent.com/gps-cs-s/APNQkAExDSowWKVBh5YamRchYNk3cL2C3bfOFuVMEEQ7ris9O4BkF-fxRXWyz1p9vCKUSdwqaoncBsRSdXNkDWqv9smmuQWMYPkG2oF9-irILNnTARzAXd_Q31cWPATMEhapQaR7gALe=w1200-h800-k-no
Taman Budaya Hasan Bahasyuan Masigi,"55Q9+F32, Jl. Telkom, Masigi, Kec. Parigi, Kabupaten Parigi Moutong, Sulawesi Tengah 94471, Indonesia",Kabupaten Parigi Moutong,Sulawesi Tengah,https://lh3.googleusercontent.com/gps-cs-s/APNQkAFHmNPuDdCAVgdnXLmDJbsSglrCv1Zhng-0co08XxdzD0Hxqu6GhvVUkMQmLW1RtmVk2XBURyNA_vq7vQOtdvtJKf_qgmxCVDIteUI3v7HfcI4j7GSTqg-5Gng2_lAHe2cLWKfmeg=w1200-h800-k-no
Pantai Molino Tapuondau,"Jl. Lamattulia, Sorowako, Kec. Nuha, Kabupaten Luwu Timur, Sulawesi Selatan 92983, Indonesia",Kabupaten Luwu Timur,Sulawesi Selatan,https://lh3.googleusercontent.com/gps-cs-s/APNQkAEJnvtwVsDPhA3H0ycDBYhIa5gKZU3sKtMENs0XQHaJ20t4s7dsvYiqbUBNayDtAvPR4JFXyt1LyBIY2uYfLRx-HZtbT7EAUZGBCIYeekcD-in1rvga4zZhXD4TAAub-CtQsQ=w1200-h800-k-no
Taipa Beach,"6V96+354, Jl. Taipa Beach, Taipa, Kec. Palu Utara, Kota Palu, Sulawesi Tengah 94141, Indonesia",Kota Palu,Sulawesi Tengah,https://lh3.googleusercontent.com/gps-cs-s/APNQkAEFX05kRe9RVXh--cg9F7ZO36MkWNDTIudeNoxSSGS_I5tpEtTDpgxpIB1vzGHn1tdCP-9iTn7KvOiK7BzSVD9XpjKlrpzYloWp0Iid50rhCX608RulsTlaA4yzBS-yhdA-9fn-ZQ=w1200-h800-k-no
Museum Negeri Provinsi Sulawesi Tengah - Palu,"Jl. Kemiri No.23, Kamonji, Kec. Palu Bar., Kota Palu, Sulawesi Tengah 94111, Indonesia",Kota Palu,Sulawesi Tengah,https://lh3.googleusercontent.com/gps-cs-s/APNQkAGPte_3DOAGXp17db4VgWsa3Ie6N3ssa4tmGEZiuudFyzLb88_yDcFA8O8M_pM8XUOvXMlzf71PZRLi-5C0Fmgs1Y1sGMrvCnG6-dg83MJWAZscxljm8UEk0NHyR3UrWfSytaDb9w=w1200-h800-k-no
Pantai Lemo,"9P7G+WHG, Mabonta, Kec. Burau, Kabupaten Luwu Timur, Sulawesi Selatan 92975, Indonesia",Kabupaten Luwu Timur,Sulawesi Selatan,https://lh3.googleusercontent.com/gps-cs-s/APNQkAGKPwSlkrpN5sIeFPLnNCSXs7ZZQTV3OxjPGyu6YUDVfp6Xou47mJ5LHXq1PybdY1l9AgqBtChb86iFLHc_uK7WIS0P95dzLQovujwfi7akOAjkBmX3bXcf8qU018SRIwPGtgeO=w1200-h800-k-no
Pantai Cemara,"Pantai Cemara, Jl. Raya, Sombu, Wangi-Wangi Sel., Kabupaten Wakatobi, Sulawesi Tenggara 93791, Indonesia",Kabupaten Wakatobi,Sulawesi Tenggara,https://lh3.googleusercontent.com/gps-cs-s/APNQkAFyZ6Chb497ccZSd851A_1ce_AfgWr8zKvQ36K7_gTYBliaLhd7lrsnj_oimKkVBVJhrjPBtKMseu2vfyDzPaVy3cnRAPdbN2kPNbDLIuv99kFEeO6r9N09PKn4cr85feLwgl9BDA=w1200-h800-k-no
Dulanga Beach,"F2WH+3G4, Bongo, Kec. Batudaa Pantai, Kabupaten Gorontalo, Gorontalo 96132, Indonesia",Kabupaten Gorontalo,Gorontalo,https://lh3.googleusercontent.com/gps-cs-s/APNQkAHkVLoXGFxK-G1kANSUrW0hIX8Wt3YOanihLhofXl7oeIZniFA9NxnMgTKYZoi45NTd_LXDRUgP3fUiD9DsT4KdPAYdUzr6W1Uij6022MVxMLe61tT7WXtdDRgoL_ejxJS00dkJ=w1200-h800-k-no
Wisata Pantai Lowita,"Wisata Pantai Lowita, Tasiwalie, Kec. Suppa, Kabupaten Pinrang, Sulawesi Selatan 91272, Indonesia",Kabupaten Pinrang,Sulawesi Selatan,https://lh3.googleusercontent.com/gps-cs-s/APNQkAHzAOUnPC6HP4fdWJFJMMwVbmKX3DxHRZGTZ06qzveWmNbXseryc1GFuF0OSSI48H5nMQNHGO9AFpRptqbvZ6AdstSfmcXKdriKFXmtPj5ZN2R28Vj65TO-scr-icZNUdmiNEs=w1200-h800-k-no
Air Terjun Pung Bunga Bonto Manurung,"Desa Bontomanurung, Kecamatan Tompobulu, RRX2+X8F, Bonto Somba, Kec. Tompobulu, Kabupaten Maros, Sulawesi Selatan 90561, Indonesia",Kabupaten Maros,Sulawesi Selatan,https://lh3.googleusercontent.com/gps-cs-s/APNQkAFGq1_soo83Zo8BWgYikYt98ZcXwnw8r-pvoJzcJyOWM-uwCg9Fm-bsOvAvrgJmfRqPgctiVAtBVfq5d-sGUM0rzNWTU-BFZA8bm1k8bWxHY1pZQCrvZDyokWt_vGK7FQo4uRbZgw=w1200-h800-k-no
Pantai Mutiara,"J839+GWQ, Gumamano, Kec. Mawasangka, Kabupaten Buton, Sulawesi Tenggara 93762, Indonesia",Kabupaten Buton,Sulawesi Tenggara,https://lh3.googleusercontent.com/gps-cs-s/APNQkAFoe9dOSnH2jFZWMw09A9KM2JydnMFT0OEundQol4_OBKCTYSULi0zcDFjxR9bVqkc23TPMhSIDCFqh5njRFijJCodexj5cBhgFlt5LI-TJsYpNOVUmV8fC1KOQ2LCivRhvJ_q1=w1200-h800-k-no
Whale Shark Gorontalo,"Botubarani, Kec. Kabila Bone, Kabupaten Bone Bolango, Gorontalo 96117, Indonesia",Kabupaten Bone Bolango,Gorontalo,https://lh3.googleusercontent.com/gps-cs-s/APNQkAH0Gyee1GMKOMKSYI3KJw3FPpWCsw1vzjDu-pQEpHvJCVFC0BdHLVLUji3PhEBiEU0hFbHrrfUAj8690lsRbUOvdGv-ghjHhBcBpBs3DuGacE1HfJH-IM73EKawF8zjJiLJ6u34gGslUaM=w1200-h800-k-no
Cekkeng Nursery,"C6V2+WGQ, Terang-Terang",Kabupaten Bulukumba,Sulawesi Selatan,https://lh3.googleusercontent.com/gps-cs-s/APNQkAEUlqqdfxC8Jz_43UvELsHXX9mqItubpD73IIjj8_ncT-dxW1ZIwj-1TDHQ7Qf8XjxKunNUZzGwvTQnUDfArywQhm4MBTtoYJgQdtHCXHOM5rgQmsjmGnuRGh4CkmG_A6DGCuEN=w1200-h800-k-no
Wisata Batu Sori,"MJ7X+HCJ, Jl. Kolagana, Palabusa, Kec. Bungi, Kota Bau-Bau, Sulawesi Tenggara 93758, Indonesia",Kota Baubau,Sulawesi Tenggara,https://lh3.googleusercontent.com/gps-cs-s/APNQkAHKYLw6wPCfevp-p2xEkezh1LlaUrP4bCKQqzHEVoX1mpLxoHWXWyPhMzxrrCbDFqEtIZLc1wjjL3IKrAjxf1RdeHgiVxcSE7Dg-v5eYHoAokhGVFV4wqlg4anvMYAsKZ6X8er_JA=w1200-h800-k-no
Taman Batu Rammang-Rammang,"3H9X+WXW, Salenrang, Kec. Bontoa, Kabupaten Maros, Sulawesi Selatan 90554, Indonesia",Kabupaten Maros,Sulawesi Selatan,https://lh3.googleusercontent.com/gps-cs-s/APNQkAF3J-VQ3Flhp4Ysig9gRGHai0krtOWPLKYna2LNDx8Y6f20bisSXF3bVmqL7IfCKc4JhAemPmmTWtH6a61tV3rZ2yBGiRHKDPeLwQwI9byISkM0VeZ7DIU90FGTKwF84p2CXrwWFg=w1200-h800-k-no
Wisata Alam Wai Tiddo,"Bukit Harapan, Kec. Bua, Kabupaten Luwu, Sulawesi Selatan 91991, Indonesia",Kabupaten Luwu,Sulawesi Selatan,https://lh3.googleusercontent.com/gps-cs-s/APNQkAEqxVGgWMmDMI-Kz4RXdRK0AaUU5Ucq-_0iev0yrtQSdrtHH1v1R_vkTKJyaYtipnCuS0zKBNpjEm7vG8VqeoX7Ya39jjso7KbVM9COX0oBb9a0MCtjTTMTIBsWYxzts2Giy-Al=w1200-h800-k-no
Pantai Lakban Ratatotok,"Pantai Lakban Ratatotok, East Ratatotok, Ratatotok, North Sulawesi 95997, Indonesia",Kabupaten Minahasa Tenggara,Sulawesi Utara,https://lh3.googleusercontent.com/gps-cs-s/APNQkAHDzob2TzHsiIJIT1nHluuw74K2u7fwa1op9x5ndI94UWSH_hvjgyUGorq5YN-K7rxBwI0_V38-Tt9hTiEmAa9Ic84EmcBm7_mLSez89z8o1V6bj37DdeylmQLbiAbZsTcowQUPZw=w1200-h800-k-no
Alun Alun Tilamuta,"G8HW+M9R, Limbato, Kec. Tilamuta, Kabupaten Boalemo, Gorontalo 96263, Indonesia",Kabupaten Boalemo,Gorontalo,https://lh3.googleusercontent.com/gps-cs-s/APNQkAGDXmb_PClKxI449BNGuSsmWYxKezrFN-IS_X4UtkIxAgDSketUy-8Yf1huOv75uJEG6ApmQM7UoSkYJGQc2vFYkUpim9nSntduczXN767nAg5FI7JyWUCed2f3gq5HV_TsEvhA=w1200-h800-k-no
Lembah Hijau Rumbia Resort,"HV6G+RGP, Tompobulu, Kabupaten Jeneponto",Kabupaten Jeneponto,Sulawesi Selatan,https://lh3.googleusercontent.com/gps-cs-s/APNQkAFEtKM8KFk67xggRPsnlJDR_HZgXS6KEiiPgEbNuHdDxkLTp_AndU8i53jd03hmLUC5I3ToTxECYRACurUOPCIjew9NdCfKglqKC27HS-jnjHXnPUC9NxyzioQhD1LiBjujbok=w1200-h800-k-no
Tanggul Bantaran Sungai Malili,"937W+MR6, tanggul, Kec. Malili, Kabupaten Luwu Timur, Sulawesi Selatan 91981, Indonesia",Kabupaten Luwu Timur,Sulawesi Selatan,https://lh3.googleusercontent.com/gps-cs-s/APNQkAGi_Wn_OUzf24zAhsEEXxny8bKC-B-kWohiu_0-RNxvXTnplONUJ7sn7X_bhLStWXmKVbVIzttOLLiD3c274BE9L51XZClJpm7FE8VM_djR6j-6ZzvRqNuTGAAs6Q7tXcVo4s-t=w1200-h800-k-no
Taman Pantai mahaas,"2Q6V+6RJ, Jl. Dr. Moh. Hatta, Kec. Luwuk Selatan, Kabupaten Banggai, Sulawesi Tengah, Indonesia",Kabupaten Banggai,Sulawesi Tengah,https://lh3.googleusercontent.com/gps-cs-s/APNQkAHc7HU9NASVjgUR_cUV0y9G9sVNcdDfWH9B7WGr7OOfFa57NLIqc1Y9YPeU6bZCERZO5Qz_Q5rnLskwjm0D0jf7I-6k68RYaMnDpQjY0D9iuiLKwuL6TIudbsWC2kLY8e1qtsxi=w1200-h800-k-no
Air Terjun Kali,"Unnamed Road, 9RJP+3CM, Tinoor Satu, Kec. Tomohon Utara, Kota Tomohon, Sulawesi Utara, Indonesia",Kota Tomohon,Sulawesi Utara,https://lh3.googleusercontent.com/gps-cs-s/APNQkAFFbmCnLU8Z3RndA9ZAz8_MzdfCbwdyyv7TwfsWn_By-aS6qw0dJ8FKote7XdSnAn-n1-cSWsymMhmi9pBmW6s0JtRgixC8d4b_5GT1yeTSy_aGN_4WCGQe9GfiJyfEn3-PNrU=w1200-h800-k-no
Tugu Adibahasa,"XF7W+RP3, Baruga, Kec. Baruga, Kota Kendari, Sulawesi Tenggara 93116, Indonesia",Kota Kendari,Sulawesi Tenggara,https://lh3.googleusercontent.com/gps-cs-s/APNQkAHJu5D9l1M-z4JuQKxwP_KGl_O_RMOdiC4BlCEb4Bq-xsWC7Rpd_HB-Wxc4kt8IImFp2BZq5BdLs3JhWnXxsMKJD8MeA4R_2VePTvdboKs1pRruh2Ghvv3My6TJXHypAFTjBevG5w=w1200-h800-k-no
Malalayang Beach Walk,"FQ6Q+5XX, Jl. Wolter Monginsidi No.83, Malalayang Dua, Kec. Malalayang, Kota Manado, Sulawesi Utara 95162, Indonesia",Kota Manado,Sulawesi Utara,https://lh3.googleusercontent.com/gps-cs-s/APNQkAHb_BKmBoDQz6n9iASpIFMLLxZsEbwM2SGcEEv8xsIj9gYX2HJiGTr1yj0PiQAb6nwVW2i84ji2cZR3iK71hDg6Z0qzsa5oBzLrgS0N141HNEPE1cxS-6NsR7x0DoxRahIPM2gNKvwIZQc=w1200-h800-k-no
Tonasa Park,"4J5P+34F, Tonasa, Kec. Balocci, Kabupaten Pangkajene Dan Kepulauan, Sulawesi Selatan 90661, Indonesia",Kabupaten Pangkajene Dan Kepulauan,Sulawesi Selatan,https://lh3.googleusercontent.com/gps-cs-s/APNQkAE8NziMbj2404sQArLoRCRh2fDf-kUvfP9C_5ETtfkU36pYlzc2RdPJKBXPklSUftOXYmgyqFc5m56kFGWcM6C8z-yVWFXqMpNwzs7GQQfaQbhj1QKmYSIsws_LKLr50Ue5NkFS=w1200-h800-k-no
Taman Segitiga Binturu Palopo (I Love Palopo),"X6Q4+33X, Binturu, Kec. Wara Sel., Kota Palopo, Sulawesi Selatan 91923, Indonesia",Kota Palopo,Sulawesi Selatan,https://lh3.googleusercontent.com/gps-cs-s/APNQkAFNk82tFUlX3U6Ito4GAP6Q3ZoG35YbTQEuXl2M8ZviyyocvQ6w4hZ66IrFTeMntR8aZrKZGhQDl_BCgdtTUXwcLIfqYUHicxLOyhbGL1ITuvVyQa3L6PYIdYpP6WJFTWjzLf4=w1200-h800-k-no
BENDUNGAN KUWIL KAWANGKOAN,"Jl. Kuwil - Kalawat, Kawangkoan, Kabupaten Minahasa Utara",Kabupaten Minahasa Utara,Sulawesi Utara,https://lh3.googleusercontent.com/gps-cs-s/APNQkAFSx7XYE3LQnjRTu-abIaifnJo4b56DFu-cspdGjGzf0uy0NmyBj8AgPbSNe35W-zZsSauZ3S2LLO0ECAIJ-nT-3sUExE6iC6zZ4eVGJAKH0k2MavFHy09CqFlakum3fk6fIZVvgw=w1200-h800-k-no
Pantai Barugaya Punaga,"CC8J+QP6, Punaga, Kec. Mangarabombang, Kabupaten Takalar, Sulawesi Selatan 92261, Indonesia",Kabupaten Takalar,Sulawesi Selatan,https://lh3.googleusercontent.com/gps-cs-s/APNQkAFRNswjrPorkubW3Os-gWrH-4dM3kf1n4wA-yX0WY63RUk2iPBtOPMIEGkVRTePERv8-I4ARm1tEyYhdvZXa1m3L76m2SrSJLsYDy0hg7Fce4bZ-4sld_aY8nCgVyw2wEKRHYM=w1200-h800-k-no
Pantai Mangatasik,"Mangatasik, Tanahwangko, Ranowangko, Kec. Tombariri, Kabupaten Minahasa Selatan, Sulawesi Utara, Indonesia",Kabupaten Minahasa Selatan,Sulawesi Utara,https://lh3.googleusercontent.com/gps-cs-s/APNQkAGqezp4Hx2Ckow1cAY-tf1XclKOAoPmFJWVjVnH7eLbBIpUgr7eqNTb7YCGZOv6lGMzkitcH-DfZuluMy44fxPMDiwib6157fQfD7R10H3nYpzldc4J5EBNOFHvIPsKdACWwPWWoQ=w1200-h800-k-no
Parkiran Sederhana (POS 1 menuju Puncak Victo & Air Terjun Amarilis),"Jl. Kodya, Watu-Watu, Kec. Kendari Bar., Kota Kendari, Sulawesi Tenggara 93873, Indonesia",Kota Kendari,Sulawesi Tenggara,https://lh3.googleusercontent.com/gps-cs-s/APNQkAEWxgD9rGKhD4IfKaxM4x56Crb6Klxf-qL2U1QpTH1u8Wnusiy5mEqqmodIeCrb4oLVaumculd1HFy5QV1TtHndaAuv4rrlxu8puq9mumaedQRhPA2gHm9UDABzXjxt4UZJrmCYjQ=w1200-h800-k-no
Puncak Temboan Rurukan,"Bar., 8VPM+HQW, Masarang, Kec. Tondano Bar., Kabupaten Minahasa, Sulawesi Utara, Indonesia",Kabupaten Minahasa,Sulawesi Utara,https://lh3.googleusercontent.com/gps-cs-s/APNQkAF1k2SLZQPdnkm3aXegGCRMf7DBlMaHqBbGkDQHwhtnyOJtwZmS26_0iuxPtDLzXl9mciZoXbrLnhpZzJ2Fsjb6hhmim5QFjUateq9wHk3O6r0sQF8f4jL5fNkosxRQZ6hlJVYK3w=w1200-h800-k-no
Monumen Kaki Dian Minahasa Utara,"CXPV+P6M, Airmadidi Atas, Kec. Airmadidi, Kabupaten Minahasa Utara, Sulawesi Utara, Indonesia",Kabupaten Minahasa Utara,Sulawesi Utara,https://lh3.googleusercontent.com/gps-cs-s/APNQkAFKOQuyP8b4f2PxbAgmCpLwVtgTHrxLu3Hx0abNw1_-LNhYuI0ruMbyW-srA2_ufiQe-r2xtlPzevbq6dNJSleB3nwno0IWe9prlh_t82XF-HuUcbE1IwrnoVlRh63fx_oMt0POew=w1200-h800-k-no
Vihara Girinaga,"Jl. G. Salahutu II No.11, Mardekaya Utara, Kec. Makassar, Kota Makassar, Sulawesi Selatan 90144, Indonesia",Kota Makassar,Sulawesi Selatan,https://lh3.googleusercontent.com/gps-cs-s/APNQkAHnH3bk-nThr4SGihmx0EdOh0GAzStHEOFDfK1X2qWRSwKSGUspoOeKDrWJFfXnzfw-WTJ9pUEi-xiW6DEGFTPQ5Ns_xSf_Wuc7PIxgd_MsdsbiKcHUjT6Zn8SjBHWfhZt4WX8l=w1200-h800-k-no
Wisata Dolli Bungaeja,"Tukamasea, Kec. Bantimurung, Kabupaten Maros, Sulawesi Selatan 90561, Indonesia",Kabupaten Maros,Sulawesi Selatan,https://lh3.googleusercontent.com/gps-cs-s/APNQkAFhHDTCazqyjKt3O5fxcOnm3RAKnwPbB8VYiiHYcnyeFw-ZwUSClFIezSJlax9--qKusRiPk5F-PP39Mr1FX0LTUsga3VHcXR73mA_aWApsbUwZgTrtndIrVMB-ecNbnmuAom9a=w1200-h800-k-no
Pantai Ratu,"Tenilo, Kec. Tilamuta, Kabupaten Boalemo, Gorontalo, Indonesia",Kabupaten Boalemo,Gorontalo,https://lh3.googleusercontent.com/gps-cs-s/APNQkAGLyr9uYKvFpqHtBteATU9XpZIwNcun69bJvxBn82D9uTlqijBI2tGtetXrStcri7teYadg0XNyDXSXhO69djiLOeNJYGRkWw0938LRdHmkbA4-WmQr3G0Lhb-os25Lg9Wqjaw=w1200-h800-k-no
Air Terjun Ketemu Jodoh,"PVF8+W47, Bonto Lerung, Kec. Tinggimoncong, Kabupaten Gowa, Sulawesi Selatan 92174, Indonesia",Kabupaten Gowa,Sulawesi Selatan,https://lh3.googleusercontent.com/gps-cs-s/APNQkAFfIWjRbD-L_wtviLhd31z4-Ro8NJQshlSJj3P40cnusy96fRSJ5ytEjsYKigpSR97S8s0JEvahwH0JHPOzNXxSAxlgn4GK476211qufrhaNVKUonlLAfRSUNDZvLLBAHLWPJ2Y=w1200-h800-k-no
Rainbow Garden Gowa,"Jl. Dato Ripanggentungang, Tamarunang, Kabupaten Gowa",Kabupaten Gowa,Sulawesi Selatan,https://lh3.googleusercontent.com/gps-cs-s/APNQkAG16mgBXCq0C-ilTzAyKUEhvZ7GcJC7r66ZeeoaWPgQa5G2_LXwbF3AC-R1CpYl1ALGAcULjInqplNUAlvOAMVirZCrZWwp4APupPeqlN0Gvt-QeB3e71hQhBd0PqMvEPuOac8w1A=w1200-h800-k-no
Danau Tondano,"Danau Tondano, Kabupaten Minahasa, Sulawesi Utara, Indonesia",Kabupaten Minahasa,Sulawesi Utara,https://lh3.googleusercontent.com/gps-cs-s/APNQkAGfydH0ex3h16I487qNd0Chn4H-GObMpzCDIUkH2pqM0CzlMhmRU0cB2IG8DAN_OoRrASCN7tbTn7qvfK0ChxdxsGAAoLgemF11TdpUH5trBxyQ7gwj6UbyaqejmW4shV5yy1hyeA=w1200-h800-k-no
Ekowisata Butta Gowa Resort - Wisata Alam Bili-Bili,"Jl. Malino, Bontoparang, Kec. Parangloe, Kabupaten Gowa, Sulawesi Selatan 92173, Indonesia",Kabupaten Gowa,Sulawesi Selatan,https://lh3.googleusercontent.com/gps-cs-s/APNQkAEm1HHPb8jhWwVsjPup9aOqnHuW3BpBYC5eHTa73kaEp4RCg6ERcq4_YQuQhe1mHJGlzzlZg6rbKYVh6-sfP7US61b_dM9RSwbUICMtQ9sXF3irYaLYaL96byP5Ey9NQn_-ktdQrQ=w1200-h800-k-no
Pantai Al Fath Stira Paradise,"Kampung Serang, Data, Kec. Duampanua, Kabupaten Pinrang, Sulawesi Selatan 91251, Indonesia",Kabupaten Pinrang,Sulawesi Selatan,https://lh3.googleusercontent.com/gps-cs-s/APNQkAEY46nPio1ax4Dk2m_Uit3KyBRGozwqD4818SjbREs6Odng2G2G-y8LTL3peDnH6dEFHMw0ma-QL8ocEmtxxYvlz4w8pMG9_lMVB8oxe7aWCNg1-GuuPL4JC4GD70FQ9yoQXuap=w1200-h800-k-no
Takae Highland,"Unnamed Road, Pising, Kec. Donri Donri, Kabupaten Soppeng, Sulawesi Selatan 90853, Indonesia",Kabupaten Soppeng,Sulawesi Selatan,https://lh3.googleusercontent.com/gps-cs-s/APNQkAHhdoBvMVWdLgmeaYqzUwaI3nZWlkxdCFdbjOW_N2raaOTEUpEB9OJIi6nTZChnZJ2pRqRMtOKFUoq1jGbHn93-cUAX0jqAQ7p73dMpEZO6_HM8UVYemLKOkB1JjqcFEf9TlfFE=w1200-h800-k-no
Taman Wisata Pelangi,"Jalan Gunung Lokon, Kakaskasen Dua, Kec. Tomohon Utara, Kota Tomohon, Sulawesi Utara, Indonesia",Kota Tomohon,Sulawesi Utara,https://lh3.googleusercontent.com/gps-cs-s/APNQkAEWG8ISuOx6Ld9rc9Yh1oNo_dd7I0pjmwjLXsiPW_JFIMXp55oD7LJb6scbrZON_weblFTLbSkIj8yxnEeTucyWdlz7Wcd9DNAp8mgAwDGwaUM6vjcopp9OIzcWBxd6P0RNMzs=w1200-h800-k-no
Polman Waterboom,"Rea, Kec. Binuang, Kabupaten Polewali Mandar, Sulawesi Barat 91312, Indonesia",Kabupaten Polewali Mandar,Sulawesi Barat,https://lh3.googleusercontent.com/gps-cs-s/APNQkAHgZya7WCWSiTVbPgi4dJ4QsefYOhiCUXHT8wNcTtaXR2no9fvoz0LemBy6MnS01vjbNT-4jz-IBRYwIWHfJsMbbnjHakvgUtQHZv1DEyH-aP9e_y2OrxvCIfYesPU7YjRXX0SB_vop5qk=w1200-h800-k-no
Tugu Khatulistiwa Sulawesi Tengah,"232V+6VV, Jl. Trans Sulawesi, Khatulistiwa, Kec. Tinombo Sel., Kabupaten Parigi Moutong, Sulawesi Tengah 94475, Indonesia",Kabupaten Parigi Moutong,Sulawesi Tengah,https://lh3.googleusercontent.com/gps-cs-s/APNQkAHcPYemDjA4cGCmZPOQXKRTI_gnIiTvrYfnTN5dxI7gRbwVwtzCso1_xT5221NwssMeMzu5HcF1g0tiijEGJAmJSN1bQtsb9n7sjmZH8mGRclaB_aCJ4MEUsIXQN0V4AcJDkFWh=w1200-h800-k-no
Taman Kota Fonuasingko,"GW9P+V9V, Bente, Kec. Bungku Tengah, Kabupaten Morowali, Sulawesi Tengah 94973, Indonesia",Kabupaten Morowali,Sulawesi Tengah,https://lh3.googleusercontent.com/gps-cs-s/APNQkAGaV5CeA7RX3PuyAoHTWVm3jTOG1tgkRgQRFn_fWE3t0uzWIX2eIdLTB0Eu-N1c5Ekgc_fqLE8QfY8yhuCxBxX-hMr7tcNgnDOH5tU65VvhkzZA8l54OWy-Vryvq7bijswao5UoFw=w1200-h800-k-no
Pantai Lemo-Lemo,"Pantai Lemo-Lemo, Tanah Lemo, Kec. Bonto Bahari, Kabupaten Bulukumba, Sulawesi Selatan 92571, Indonesia",Kabupaten Bulukumba,Sulawesi Selatan,https://lh3.googleusercontent.com/gps-cs-s/APNQkAH3idX3nwYiIDCobujcZX-q5GwmJo93uzWQ59KGpMu-2BleU1292rsP0j0MuEe9JIc6JmlsTtWyhUuvaCu290vGM5o5Spy5Kssn2Me7EmriflweTM91LUZBb9Enp1upMFxCYIMM=w1200-h800-k-no
Puncak Mamuju(Kelapa Tujuh),"8W32+RRF, Rimuku, Kec. Mamuju, Kabupaten Mamuju, Sulawesi Barat 91511, Indonesia",Kabupaten Mamuju,Sulawesi Barat,https://lh3.googleusercontent.com/gps-cs-s/APNQkAGHWZSe07QtTTj9fVJQ2SeaKyuv9p1UhlT8uWyJHLg4RTIC1zLWBPb5OV8dlHEe3LKBtUMEe27td2ujZseGHta-sYWpbLOMpbP3OfHZi3xcNVINxp2z114gpI7sT65kDvbON2r94w=w1200-h800-k-no
Taman Nasional Rawa Aopa Watumohai,"Kantor Balai Taman Nasional Rawa Aopa Watumohai, Tatangge, Tinanggea, Kabupaten Konawe Selatan, Sulawesi Tenggara 93885, Indonesia",Kabupaten Konawe Selatan,Sulawesi Tenggara,https://lh3.googleusercontent.com/gps-cs-s/APNQkAEDP7RDT8jfz862_JaeoQViEFaTj0QimYDF4wSkWXfxo9wwlAn8jXD11VogVPgFprldNwd2ZuKgIzIT8UxQ5BA2ZzLxgnQce43WuyEoFva1BMzGpRLpbH7DEfdMOkxnz-iF82pkLg=w1200-h800-k-no
Jeneponto Waterpark,"Tonrokassi Tim., Kec. Tamalatea, Kabupaten Jeneponto, Sulawesi Selatan 92351, Indonesia",Kabupaten Jeneponto,Sulawesi Selatan,https://lh3.googleusercontent.com/gps-cs-s/APNQkAFC8ARrYFOZnWHQBCQ4lH1NS87LCze3JVS5dinfDsEPTEgprNpH3lRYBXa4tm47cpdcl9t-1neTTrlqEcx41JffCHmR3isU5lOo_SKWBgPZ22uUeJa_iWMYH2_DKNPxqGDo60o=w1200-h800-k-no
Rumah Makan Tepi Pantai,"Jl. Boulevard II, Bitung Karangria, Kec. Tuminting, Kota Manado, Sulawesi Utara 95239, Indonesia",Kota Manado,Sulawesi Utara,https://lh3.googleusercontent.com/gps-cs-s/APNQkAFR8TBLl9Kuu_sB1k2LsBQ54Hw3eG3lGMrkdVHN7QryfKG-DCsKBOre0-U2suBSEcR0Es6q4QfPco0jJDVf0xJZ0fbitw37JQUkoP1LPF3LPY2SqDQNPParUfhukFTBLfhC3GC9=w1200-h800-k-no
Kilapong hills,"8VC5+4JQ, Matani Satu, Kec. Tomohon Tengah, Kota Tomohon, Sulawesi Utara, Indonesia",Kota Tomohon,Sulawesi Utara,https://lh3.googleusercontent.com/gps-cs-s/APNQkAG2ULiKLHDgqPpjJ-qBPBkZLcKodexjJ1hpCl7N3eEcUTVH8yjcWpNhiHr6Ol-vBgpn02QBwt__vVX0f37id3ogN4dU9qhSXuv6p-Oj2DpGdUwYQ8zzmERJqNUX5ofvf8Wih4qrQT0nNN1S=w1200-h800-k-no
Pantai Enu,"FQ8H+73G, Enu, Kec. Sindue, Kabupaten Donggala, Sulawesi Tengah 94353, Indonesia",Kabupaten Donggala,Sulawesi Tengah,https://lh3.googleusercontent.com/gps-cs-s/APNQkAGiejzrGWqubzO9imHCP7TaxHoMsBfXOhuv9wfYKB4vkWD4TCz0m5BR2JUdLN8g4dm5QMg9Wu_3QZmMwvQF96EvmLFpl15I3gT2unWJ5vidXOOWf8-iaUKjQOB_lOEFrUpUmSYe9w=w1200-h800-k-no
Taman Hutan Raya Gunung Tumpa H. V. Worang,"HR7M+49C, Tongkeina, Kec. Bunaken, Kota Manado, Sulawesi Utara, Indonesia",Kota Manado,Sulawesi Utara,https://lh3.googleusercontent.com/gps-cs-s/APNQkAHPY4G-BNHalw8eWN8K_giV_MlfS3d1sPwixDi-MHhcWnUhGiVYvzl_B8H3Avnh1WV4N7tmGdSz8eNEGa71lWYKeQAm2inHM23wevWbrQtXXnIA5-aL5YfFf8zVFcrrpjHLM27d=w1200-h800-k-no
Taman Wisata Toar Lumimuut,"Tounelet, Kabupaten Minahasa",Kabupaten Minahasa,Sulawesi Utara,https://lh3.googleusercontent.com/gps-cs-s/APNQkAGB01zvbdt36PQHig6W0Yil__AlkgHvCI4RB-FPyZx2QY-819gWWHYSeK8PEZ21DP1c9LwPvKo_OYR8KO9ZjydQV8IZkOjJlBXKV92ccgi4wZ2oyZ-n-lzJbz4z9Dvnmx3Hgio=w1200-h800-k-no
Taman Malahasa Kota Tahuna,"Tim, JG64+3F8, Tona II, Kec. Tahuna Tim., Kabupaten Kepulauan Sangihe, Sulawesi Utara, Indonesia",Kabupaten Kepulauan Sangihe,Sulawesi Utara,https://lh3.googleusercontent.com/gps-cs-s/APNQkAEC0udZ66FK_80LWF031NBIZ8j18di8dseM49xVOsMzE40dHSwjusdUNNhIawP9Vm63-pCcfcCDU1B8CqxE1jau14Fnjrtby62-UyK4F3jd7GHdldCwV6JFBCP6SQBhZnips1lo=w1200-h800-k-no
Pantai Tete,"Gulf of Boni, Kec. Tonra, Kabupaten Bone, Sulawesi Selatan, Indonesia",Kabupaten Bone,Sulawesi Selatan,https://lh3.googleusercontent.com/gps-cs-s/APNQkAGw7kkCWmzmsWH94hES9id2eaOsqpwQcmB16aHW7KlQYHf_pfjgG3v9YK0sxqOou4STxxpAX4T9UKLq0uRxTcTKn-BB3zCSS_gWD6dd-OJKSoZZ4ZYDt48NEeQLY8t0T54w-7wjyA=w1200-h800-k-no
Taman Andi Benni Belopa,"J939+J4M, Senga, Kec. Belopa, Kabupaten Luwu, Sulawesi Selatan 91994, Indonesia",Kabupaten Luwu,Sulawesi Selatan,https://lh3.googleusercontent.com/gps-cs-s/APNQkAExNxLc1em2AbKuRV0hU3OWvodThS5fv_wvsPHuri8r9uj-8EaenFPHpBOd3chXAs_YrPii293yoI9PQY6iZBrZfwTUEoSBUCx95wRJwgjX_jacXL_g6vL-OWtIv6EKeo08yp_QfkPcmj-t=w1200-h800-k-no
Lembah Ramma,"Bonto Lerung, Kec. Tinggimoncong, Kabupaten Gowa, Sulawesi Selatan 92174, Indonesia",Kabupaten Gowa,Sulawesi Selatan,https://lh3.googleusercontent.com/gps-cs-s/APNQkAGwMyIXgUaZZFvdt-FKzekd2kg3GyyP4JE6_4w__8CIk0PHuPF5cW73bqToyQdQ94ryu_V5_6Gr970MpLOXKJbfoejUO3LnXIwDe774GOnr_GqDo669i02sgF4KA4psOzuLGW1Q=w1200-h800-k-no
Mantara Waterpark Kendari,"2F94+X9F, Abeli Dalam, Kec. Puuwatu, Kota Kendari, Sulawesi Tenggara, Indonesia",Kota Kendari,Sulawesi Tenggara,https://lh3.googleusercontent.com/gps-cs-s/APNQkAF_dxWtf2IdBUkIHaAOz6HeHOVNYI1_F2iK3MuWYsF-M8PQ4Dh_vxUVQIQQ_c-Rs_L-X5J4nj9vpEdF71Qju0FRLEIL6yQ1MwW5EOaKHpXVBjsXRxvNVaxw8y99pEoGA-FuMYmUJg=w1200-h800-k-no
Ketama Adventure Park,"Touliang Oki, Kec. Eris, Kabupaten Minahasa, Sulawesi Utara, Indonesia",Kabupaten Minahasa,Sulawesi Utara,https://lh3.googleusercontent.com/gps-cs-s/APNQkAFNd0xVtVCWsngwoUVS8hzECYvonTlOqOMW8ak9cGT_rJlvFvm4vno2hzLgFjMQkSPJUNYfpfuanzmvzF0xTqZ-0fJ6NvgI_sKiwBrlPrIke_cioXb8OWnyoGUPqaqZHuPziihQ=w1200-h800-k-no
RTH Bombana,"63G2+VX5, Jl. Yos Sudarso Poros, Kasipute, Kec. Rumbia, Kabupaten Bombana, Sulawesi Tenggara 93771, Indonesia",Kabupaten Bombana,Sulawesi Tenggara,https://lh3.googleusercontent.com/gps-cs-s/APNQkAEB6rLr3VAa6bGk4GSPzkVkzYWrlm7DBUO-Q-fSJlQpb7LIlDrO1cytQNEL8sgN32rH_-rT_lbX3wp3yEsncr9xT1xcOl2lMYhGqRA5d1eUmHVlUrtxAOFrRgZy3Idf2iTuog0D=w1200-h800-k-no
Taman Wisata Religius Bubohu,"F2WM+R7C, Unnamed Road, Bongo, Kec. Batudaa Pantai, Kabupaten Gorontalo, Gorontalo 96132, Indonesia",Kabupaten Gorontalo,Gorontalo,https://lh3.googleusercontent.com/gps-cs-s/APNQkAF6ejtsAYLLtltBl9-VUifF0gdTN2A0ugr5SmYaCpxuxC3J6H-ImPo4WNnr9HitAL56wG42PCm7rBxiRQHHNVcn2xW_gn6H2VwGOjeH_xBWIdEfFs36aqMeht64xJqQmkqmitDRSA=w1200-h800-k-no
Air Terjun Bissappu,"FWQ6+4XJ, Bonto Salluang, Kec. Bissappu, Kabupaten Bantaeng, Sulawesi Selatan 92451, Indonesia",Kabupaten Bantaeng,Sulawesi Selatan,https://lh3.googleusercontent.com/gps-cs-s/APNQkAFtuOgqPxECZbwQ9qrNFdrBb_acb7IJCm10O7rnKuV7Ml6BZYvH5jCuzrwLMO-m9eJ8uhHoXRi_chJNG17kcmntN9RPkYbRLKUBvMWAT7kjoytSCwnPC1STYclZRDLKRK3alC7w=w1200-h800-k-no
Danau Hijau Balocci,"3JVV+M8M, Balocci Baru, Kec. Balocci, Kabupaten Pangkajene Dan Kepulauan, Sulawesi Selatan 90661, Indonesia",Kabupaten Pangkajene Dan Kepulauan,Sulawesi Selatan,https://lh3.googleusercontent.com/gps-cs-s/APNQkAHGlNRs5C_hK8B76FeyOi7XUDNH0-xsP2AqqAY7qCx-nVNB91NGLq7EgnB3Z8DuY81_IxuONKAPzKWzbcM-xoHyirm6xUijZLVqn1idml3fTdipUtf9Kql-t0du8DVuOQYsQO-CAA=w1200-h800-k-no
Pantai Ponnori,"9CC7+RMW Gulf of Boni, Ponnori, Temboe, Kec. Larompong Sel., Kabupaten Luwu, Sulawesi Selatan 91998, Indonesia",Kabupaten Luwu,Sulawesi Selatan,https://lh3.googleusercontent.com/gps-cs-s/APNQkAEP0yGouSS59I0khXq2dlYx3rXZ9XvL_GVVEqNIpY1OGW7WR-uXv7Y028iUdD6hYltmgkiXqQEumwPMirdhTUGJuHrBiOTM7IOvBJA9tlwb_P1DCiBfIzWnGRHsL40VkaZlhkK-rA=w1200-h800-k-no
Masjid Terapung B.J. Habibie,"Cappa Galung, Kec. Bacukiki Bar., Kota Parepare, Sulawesi Selatan, Indonesia",Kota Parepare,Sulawesi Selatan,https://lh3.googleusercontent.com/gps-cs-s/APNQkAE_wX2za1cBD78Nh4ByX5D1HHRLNCl5AuZg-8N-788h3w-Uwqz3gjGzsF4rjbIPaoUbj0nJAZxWLk97Qm7e6TDpUm7SzfyILuWwW7mt7-DuGj0uFkXIV_51nKaBqH3HXT6x5rDHgvSzcu47=w1200-h800-k-no
Tugu Trikora,"Batulubang, Lembeh Island, Kota Bitung, Sulawesi Utara, Indonesia",Kota Bitung,Sulawesi Utara,https://lh3.googleusercontent.com/gps-cs-s/APNQkAHXnH6kMLZn6Wdfh8OhJedtunpTaX0VLlgcZzIftoXA9MJXYoEY8Rc7KCWytr3nCXv1RhN4wtHuG_miA3iX3qrmWWThuJEc8OF40rYYBh4HvcQP35ANQS-84N1DetCBTZGtK_YF=w1200-h800-k-no
Pantai Imbo,"Pantai Imbo, Tegal Rejo, Kec. Poso Kota Utara, Kabupaten Poso, Sulawesi Tengah, Indonesia",Kabupaten Poso,Sulawesi Tengah,https://lh3.googleusercontent.com/gps-cs-s/APNQkAE9mEcLY40SVupI8KxiwBkzkJyQvZlBvtwCJzraNQro4dNGsrom5xHJoQzNHEYjXL6bjTSBRs5dn-zaHT34zo9t8gay7Gpvd3_Ny9gZm6phiAXpLAOkko2tsg9aw-6QMWU7fmY1=w1200-h800-k-no
Kolam Renang Alam Tilanga,"XV7P+WW2, Unnamed Rd, Sarira, Kec. Makale Utara, Kabupaten Tana Toraja, Sulawesi Selatan 91852, Indonesia",Kabupaten Tana Toraja,Sulawesi Selatan,https://lh3.googleusercontent.com/gps-cs-s/APNQkAEq-UdQON1pK5Oq9sAn6FA8JgJm_pACcwZKOA_cf5KA0peFNuMMZ5_LzSlQUGDw7V7X5ybJy8bPYmlXIKqZ83xJsUihxonjyIkjwAt9g9EFUDgoQ-lTxMAKG3i5E9-hWKf6nj_8=w1200-h800-k-no
Pantai Libuo,"F298+5PF, Libuo, Kec. Paguat, Kabupaten Pohuwato, Gorontalo, Indonesia",Kabupaten Pohuwato,Gorontalo,https://lh3.googleusercontent.com/gps-cs-s/APNQkAFgcotiJ4o-qMeOTcKb4Fzj9aK34nM2VJWsn-lQW-vQTTtfg77EOBA9IDyVPz0821eXkhqxJKestjSXYa0aTnJ-uwWMvpWFm387BSpuRQc89BHPbMe46Lht4567AkZuVuNfS3mBfw=w1200-h800-k-no
Pantai Panrangluhu,"Pantai Panrangluhu, Bontobahari, Bulukumba Regency, South Sulawesi 92571, Indonesia",Kabupaten Bulukumba,Sulawesi Selatan,https://lh3.googleusercontent.com/gps-cs-s/APNQkAFKZuOd454MUlo7I5EPYyMRYLRgbvLhHVUEcE-_CkUclTwyNDBr5riUiRLYWWygK6XWHfRuMBfP2oECcJ84a2owoyxeWxN9I2905ZtrP56bKRjNOj1bAwUtLPbgQR-fqziitleF=w1200-h800-k-no
Pantai Ujung Suso,"Pantai Ujung Suso, Mabonta, Kec. Burau, Kabupaten Luwu Timur, Sulawesi Selatan, Indonesia",Kabupaten Luwu Timur,Sulawesi Selatan,https://lh3.googleusercontent.com/gps-cs-s/APNQkAGgJwMex5roI7-tFw6XQv05C3sqzZIkozfbxO59MbwNXHYznnul7sOhUUrwsYaeLmkV55PAcZwObW-70hTE9uZ3qCZiSuzl3QA3hgw-d5g8u7dW0FZ_wRnZ3SvP1ZeHjr1jnJJ6=w1200-h800-k-no
Mah'watu,"Lahendong, Kec. Tomohon Sel., Kota Tomohon, Sulawesi Utara, Indonesia",Kota Tomohon,Sulawesi Utara,https://lh3.googleusercontent.com/gps-cs-s/APNQkAH-TNBffQITtMP6jg4i_HHenKA95J4eGBHZOnn_Xbc3mIMnWL_FAaElnjccllnL5aw1i-MIElooaw-JrvDb4ZahCN73TcETv0C1IlAYdQc0G4-MuLkTfNxwU87zLhJALNeN_2dK=w1200-h800-k-no
Hutan Pinus Samparona,"GM5Q+J62, Unnamed Rd, Kaisabu Baru, Kec. Sorawolio, Kota Bau-Bau, Sulawesi Tenggara 93715, Indonesia",Kota Baubau,Sulawesi Tenggara,https://lh3.googleusercontent.com/gps-cs-s/APNQkAEfH_4TYvvrX6hjFKKVNU1TdLdS7s0NAgVSiuaRZapxwmcEp0SqbySncxKm_z9feHhbdSCx61XgfV_1nZBbWwj2bNtBhPWkmQeuth--eOvtkDBXqRnW1twIEH6dCXHv-tEJDFkS=w1200-h800-k-no
Air Panas Wawolesea,"8833+F8W, Wawolesea, Kec. Lasolo, Kabupaten Konawe Utara, Sulawesi Tenggara 93352, Indonesia",Kabupaten Konawe Utara,Sulawesi Tenggara,https://lh3.googleusercontent.com/gps-cs-s/APNQkAHcJBoxpUT8Mkv2A0aUzXw_-usa6Lt8SMNFqcy31SmXmYN5o704jHxnUp2OQxQdU_RAXB7Mer7PXPNBlDrn2ozlYljqnHxM-9mWwlGajQRTBODNrMYmgbaDOk1nM85TmsoqnO19=w1200-h800-k-no
Kompleks Makam Raja-Raja Tallo,"VCWW+R6V, Jl. Sultan Abdullah Raya, Tallo, Kec. Tallo, Kota Makassar, Sulawesi Selatan 90212, Indonesia",Kota Makassar,Sulawesi Selatan,https://lh3.googleusercontent.com/gps-cs-s/APNQkAFyctc3WA3CyaqiWdw0FnGqdUq1vF5Gs0_yJ-igP___darfNpS8kdbcdAjVIBu0W5Bka1t2o23s9R-zzykM1wAR6PX3V8OqyGYuk3dIihoj683Y-mKeBEZLmmfJJkuq854JegEkZw=w1200-h800-k-no
Taman Pelangi,"VFM5+R9G, Benteng Sel., Kec. Benteng, Kab. Kepulauan Selayar, Sulawesi Selatan 92812, Indonesia",Kabupaten Kepulauan Selayar,Sulawesi Selatan,https://lh3.googleusercontent.com/gps-cs-s/APNQkAFasH93dvt4bCTNgGtmtOkBXzPoL5za-oiW2za26kud_Hb5dS6xQrXm87eyPqx3iIWgpO-hPukXz4X8sW2gQyx_T5kQqtCtg7-UgOoaLwsSiUS_C9Bz2Iiv8zhQ1_UgVSLEGWIQMg=w1200-h800-k-no
Pantai Wisata Pangi Masaingi,"CQ8R+82Q, Masaingi, Kec. Sindue, Kabupaten Donggala, Sulawesi Tengah 94353, Indonesia",Kabupaten Donggala,Sulawesi Tengah,https://lh3.googleusercontent.com/gps-cs-s/APNQkAHIgN4PxPygQGwCRaPWQ-kFLxXiGXuiaUx5EcT9z8ZmgyNY2GvJuWt0UtFdgh01fXXnCUBC_5G-3TMRvamaquPZEpHbUGAOou3A561q4xDSOoMcT2JqKsK_Paa4HVZzJcpvRQEt=w1200-h800-k-no
Takalar Beach Waterboom,"FCJM+GV3, Topejawa, Kec. Mangarabombang, Kabupaten Takalar, Sulawesi Selatan 92261, Indonesia",Kabupaten Takalar,Sulawesi Selatan,https://lh3.googleusercontent.com/gps-cs-s/APNQkAHsDLdL3ain6eohND-KP3GJvMo-N3JWPp2rfgTOLs3brXX97vh1MGUF_WvbkRaPnLpcL-5E3SMLc9NYzdskup34lb_Q8QQ1JMu61DLVBLVa3LV_BoH7u0N_Rto76VxUw2dL7xBi=w1200-h800-k-no
Kawasan Adat Kajang Ammatoa,"Tanah Toa, Kec. Kajang, Kabupaten Bulukumba, Sulawesi Selatan 92574, Indonesia",Kabupaten Bulukumba,Sulawesi Selatan,https://lh3.googleusercontent.com/gps-cs-s/APNQkAELr4_xcjDymtQAxq15MqaMbC--ZWb2A8L_wz0CnJuD3LykT03wNormWicb9ji8MfBCN7oo62prFamKjb4Xwx_hCNfiO_VkKube5pG9CU8Dy_2pLMEGQpnAOR4KipSHBoWwKb4=w1200-h800-k-no
Kura-kura beach,"Boneoge, Kec. Banawa, Kabupaten Donggala, Sulawesi Tengah, Indonesia",Kabupaten Donggala,Sulawesi Tengah,https://lh3.googleusercontent.com/gps-cs-s/APNQkAGXLLyDIzi5Z8mCwa64FqpKiZm846x_-ObtWS8qBWF4qcPHTtsJjYrFyiDEhlmS_jJCMUcpOpewPIrOi1hkvTqYWti8VuR_mS_EwxvMqAmNRyEZq1VcawuKa3ExibqJk8vDUJY=w1200-h800-k-no
Permandian Alam Limbua,"GCJG+XWC, Ekatiro, Kec. Bonto Tiro, Kabupaten Bulukumba, Sulawesi Selatan, Indonesia",Kabupaten Bulukumba,Sulawesi Selatan,https://lh3.googleusercontent.com/gps-cs-s/APNQkAF1wrhUxUJzpeaksudKgaI--FwjEagfI_ewU5of1uJRPM1gFm6V4bKwHCJmCcRv7KLPs9s4THF4JQTsj-C0UfUzLKCQ5ehMvKGinEZqtKXJ0U2Qe0I_zhidlJWgMAobX1FCpq4B=w1200-h800-k-no
Museum La Galigo,"Jl. Ujung Pandang No.2, Bulo Gading, Kec. Ujung Pandang, Kota Makassar, Sulawesi Selatan 90221, Indonesia",Kota Makassar,Sulawesi Selatan,https://lh3.googleusercontent.com/gps-cs-s/APNQkAFSKdD17B85avzkSMrYextBmhz99DGTIPwOTRfUN7McyF3o-qW61hphizeJ-WXPVf9snhXIG53zBYmtxax6X9_MrUY9gXgjH4B4fLIS0tc6F04w_gTcgDVaan1Ng9-OFokpnIjc=w1200-h800-k-no
Kawasan ekowisata eduwisata mangrove GONENGATI JAYA kabonga besar Donggala,"Jl. Trans Palu-Donggala, Kabonga Besar, Kec. Banawa, Kabupaten Donggala, Sulawesi Tengah 94351, Indonesia",Kabupaten Donggala,Sulawesi Tengah,https://lh3.googleusercontent.com/gps-cs-s/APNQkAGp4RjZ6tPY4CF8kqrRzILkqsHVcHuP1dJRdfF0XV-zTXdcDifarjWH41Pc8Im4SSTZ81KOjVX85E8pXKcesL6G6pi8X15SPFZ6z0x1MMYoljMZNmPFS8ZVmYNeUPJywZLdpPg0HQ=w1200-h800-k-no
Taman Lahilote,"Jl. Drs. Achmad Nadjamuddin No.35, Limba U Dua, Kota Sel., Kota Gorontalo, Gorontalo 96138, Indonesia",Kota Gorontalo,Gorontalo,https://lh3.googleusercontent.com/gps-cs-s/APNQkAHPRc0FaNxVH1xaXA79waZlbn-oLuXZOwZUhO6kFd1Qvw_XvLXM-beM-dmpH-2dpHBITFkgfdLCLY8X_Rw5eFhA_FHFXg6x31qs4RRxsLusYQMoA51K8J_hHyZmq_VWReWmF58=w1200-h800-k-no
Taman Jet Tempur,"V23M+M5V, Maddukelleng, Kec. Tempe, Kabupaten Wajo, Sulawesi Selatan 90918, Indonesia",Kabupaten Wajo,Sulawesi Selatan,https://lh3.googleusercontent.com/gps-cs-s/APNQkAG39Jz8zAyrLB4BCoSFhVQM0kGgZFjyr_2TXtVANiooYa6yxWgXNsLLinp2YguUC-E_6rrdh6E3M3Am4NaF-3kz4xOZ4DsWrlrIYwTcUe6tqXmyIk6ydRXiRnOcjYQ4f4V4hO8TFw=w1200-h800-k-no
Danau Limbong,"2VMJ+R9Q, Mentirotiku, Kec. Rantepao, Kabupaten Toraja Utara, Sulawesi Selatan 91833, Indonesia",Kabupaten Toraja Utara,Sulawesi Selatan,https://lh3.googleusercontent.com/gps-cs-s/APNQkAEo8tFBbJEhq_cXXx5lozeuwftuIWBiAYab7rEuQz0yGi6fVcsMsb3jlmUw8bTrEN6hpvZfggROoNORl81oNNnHbt5PUs8PdQIgt0t4gPj0FwBTDR2GvSUNB-PD89Cu4oz3ITl7=w1200-h800-k-no
Objek Wisata Ollon Toraja,"Ollon, QMC8+6VP, Jl. Ollon, Bau, Kec. Bonggakaradeng, Kabupaten Tana Toraja, Sulawesi Selatan 91872, Indonesia",Kabupaten Tana Toraja,Sulawesi Selatan,https://lh3.googleusercontent.com/gps-cs-s/APNQkAF1mzzOQRP-4pG87pe-yLtQNL5f1fHZCsJfW3hl7aV8awaGHKZe2mXcZRI-5efmix6KU-UREMs8YRXLBJgGRGlG9P8_5A5A2ROTcf-BYvN5xbU0bv5qm-Wede0yK79caBaMUAmn=w1200-h800-k-no
Pantai Mandala Ria,"Pantai Mandala Ria, Lembanna, Kec. Bonto Bahari, Kabupaten Bulukumba, Sulawesi Selatan, Indonesia",Kabupaten Bulukumba,Sulawesi Selatan,https://lh3.googleusercontent.com/gps-cs-s/APNQkAGknXzRumwEBqoSIspXFWfD2Y4SEidBF748ygg0ZdBopI52vWJWV2oYi2gqhYfRTxiaaz5QXGlFhEKTn4FQGwRnou3N7_viOwmOusVcDslE986UwogiKHwMUhYxc9dxnFCy4HRTvA=w1200-h800-k-no
Air Terjun Wera,"XV42+55V, Balumpewa, Kec. Dolo Bar., Kabupaten Sigi, Sulawesi Tengah 94362, Indonesia",Kabupaten Sigi,Sulawesi Tengah,https://lh3.googleusercontent.com/gps-cs-s/APNQkAGpJS0KxIJ8k2eokTs-wgd8rSYOFFkwQha46S-06M1x2sH2M1cjCs5h5zmxS-_zh8t5Sz_Q1ytnc1IL089iSsf_b0eTsvazIxAhjykQJ8CTUx7Jo6c_n4e5aXYW1xMmURzSk07C=w1200-h800-k-no
Hutan Pinus Bulu Tanah,"Bulu Tanah, Kec. Lappariaja, Kabupaten Bone, Sulawesi Selatan 92763, Indonesia",Kabupaten Bone,Sulawesi Selatan,https://lh3.googleusercontent.com/gps-cs-s/APNQkAHWWRSaYWYhrZIDeijUXd_-CFDv5Az8APDO9sKTTsMj-qnG0WKl5tJo-QSvTo6w3jjc-coLsrhguuEvqQVj613dI4g625XkKId6KQRHTvkBz_S7QU2Npq7bxVvcYzYExQzjjgtS=w1200-h800-k-no
Pantai Minahaki,"G93Q+V97, Kec. Toili, Kabupaten Banggai, Sulawesi Tengah, Indonesia",Kabupaten Banggai,Sulawesi Tengah,https://lh3.googleusercontent.com/gps-cs-s/APNQkAGAcnA2aXh1WosFodVu16BCRHQK5m6R3eEKYKhgXhZsKphgaUDYArn7AFMeHvgc6Q7CtypTNiJr4lVqk8-atAYsrthmP8Y9YMUCWxwWYQ1gBxP90B7bJDtvbsn9AkCR0jMYOjMb=w1200-h800-k-no
Pantai Bulo,"CPPR+WJC, Kalasey Satu, Kec. Pineleng, Kabupaten Minahasa, Sulawesi Utara, Indonesia",Kabupaten Minahasa,Sulawesi Utara,https://lh3.googleusercontent.com/gps-cs-s/APNQkAFM7J6qwueEoyGU5RD2tsREOGW6J97VI5KGjSNoK_NxDQFwiIHHq1VHYTvWhcgSJP-HdIrCyM4TorZOTV8wkUpNSQYJla5fBg9Y_CAYx86dHUWSrGjc-GyqMGcBW-B74x9Nd5RJjg=w1200-h800-k-no
Pantai Barane Majene,"FX3W+FJR, Baurung, Kec. Banggae Tim., Kabupaten Majene, Sulawesi Barat, Indonesia",Kabupaten Majene,Sulawesi Barat,https://lh3.googleusercontent.com/gps-cs-s/APNQkAHBHjts1pVmGRMMUyMjfMbbB1kPJNrlBwnGhB1c3BFhNa9ani_boTy6tnySFBrHpu05__-45Q8bQB-9RgEPYsCvQV1z5qt03tWeQuPtjzypbnLSqqd5vWmRbq_wXEDHRIARpwOx=w1200-h800-k-no
Parigi Toraranga Park,"55PG+5M5, Loji, Kec. Parigi, Kabupaten Parigi Moutong, Sulawesi Tengah 94471, Indonesia",Kabupaten Parigi Moutong,Sulawesi Tengah,https://lh3.googleusercontent.com/gps-cs-s/APNQkAG7V8m2-E6VfO1w3N6FZbRYvUe2LxHsbX5teUrrolXuDr-s-ePWC0fQs-grLEfIjtgHZWgSFPatv1dwFCV6HYvqXIEwi6Gnv5SeQXEEDnIo9C-HESpGBu82kq6YDWID9Ykg3kZH=w1200-h800-k-no
Masjid Agung Ummul Quraa,"Jalan Mesjid Raya, V25J+VGX, Sengkang, Tempe, Siengkang, Wajo, Kabupaten Wajo, Sulawesi Selatan 90914, Indonesia",Kabupaten Wajo,Sulawesi Selatan,https://lh3.googleusercontent.com/gps-cs-s/APNQkAGZQd6AVcCZ2Ec-bMUPMVktjSR-jSszP1PV6g0bJ7GKhzRKQujptWgocrrAV2CshUuci6scZqdbnGJn3MojJfmLyFLwc4g4OtVc1ozKfGNXt2ukokB9nsobkIRUGgoH1c7V4yiw14yYnRjQ=w1200-h800-k-no
Masjid Agung Kolaka Utara,"GV2F+HHV, Jl. Yunus, Makkajareng, Kec. Lasusua, Kabupaten Kolaka Utara, Indonesia",Kabupaten Kolaka Utara,Sulawesi Tenggara,https://lh3.googleusercontent.com/gps-cs-s/APNQkAGsVxxozq4alkC_Siok8DvBNpneFmlKB2Z6LH6quJKkliEvILoen2CNeGTYXdRZloJB0kL8M1-ScKXwtGcqrhz0VpgEXYGfBhYj0_LS1YeutnpRdFveRc-ur3vFlvRZUWr8slUL=w1200-h800-k-no
Wisata Leang Lonrong,"4JQP+6M6, Panaikang, Kec. Minasatene, Kabupaten Pangkajene Dan Kepulauan, Sulawesi Selatan 90661, Indonesia",Kabupaten Pangkajene Dan Kepulauan,Sulawesi Selatan,https://lh3.googleusercontent.com/gps-cs-s/APNQkAE7Cb3i1q_NoTF8CbFRN53gRul1PWcYioCPzHl9KrJ8EQvML9xRptj9RwtkvlKIcw6NQG9xtNtktTpEXvhjbXBe4BYhxbgB93mJeo0zRn-dnOpzk1mzpaeC5xmErnC45KW8idvDog=w1200-h800-k-no
Ranowangko Beach Resort,"625R+Q5Q Pantai Ranowangko, Kayubesi, Kecamatan Kombi, Kabupaten Minahasa, Sulawesi Utara, Indonesia",Kabupaten Minahasa,Sulawesi Utara,https://lh3.googleusercontent.com/gps-cs-s/APNQkAFGO1B51xWPZIlyd73x3IoAaW18uhzsHAr9CFEjhTbR00F58Kcj-nC8XHZw3AI6O3CkbWT8vrxSGZCEUkfHWTGPY5fP5PGdw1kCVnj7bBa_30KQsPeISoVbrMcgf5mmGFj6AwTN=w1200-h800-k-no
Kawasan Wisata Pantai Surabaya,"M474+QJ6, Jl. Likupang-Girian, Wineru, Kec. Likupang Tim., Kabupaten Minahasa Utara, Sulawesi Utara, Indonesia",Kabupaten Minahasa Utara,Sulawesi Utara,https://lh3.googleusercontent.com/gps-cs-s/APNQkAEWlsUN8QvNwvssPXqRW5hjvf5PnOzXzYn7qbgIc2AhcX8JLZ_20sTBva23LLXLLp_WCjSfkoFFkU9c23dMtDdVV6F92hvn7JRUpHn0Y3TUTvwajgkc3TycwJk9XLOEBPcL-rSTrw=w1200-h800-k-no
Tapandullu Beach,"Tapandullu, Kec. Simboro Dan Kepulauan, Kabupaten Mamuju, Sulawesi Barat, Indonesia",Kabupaten Mamuju,Sulawesi Barat,https://lh3.googleusercontent.com/gps-cs-s/APNQkAE556TtDjG0uqBidBsAkU0scWXcQDKRNnecMUYWQ7rOXB1OMHiejNW44pOk41435loT02ozQJOJtsWiBEPXqtcaDC-U1cheN0edIUXADLMyGnaNxAmPX-s_i2Zc0Dfwz5q23w1gKg=w1200-h800-k-no
Puncak Dipomelo Pindan,"3R9Q+MHM, Kapala Pitu, Kec. Kapala Pitu, Kabupaten Toraja Utara, Sulawesi Selatan 91854, Indonesia",Kabupaten Toraja Utara,Sulawesi Selatan,https://lh3.googleusercontent.com/gps-cs-s/APNQkAEM_Ysrn-LAxRZogWPbplWRF3QIZ2Hjv7bFYKdEMJeaUk22yUa83UPVyOFWUHG_lXI82TvHS4fQiIagZGwCFnkl8j2_2tpGjGQzetcLs7QBJseOnE47faYjePWpHXHKZrO-UJE=w1200-h800-k-no
Taman Syariah,"XJQG+F5G, Jl. Ganggawa, Ujung Sabbang, Kec. Ujung, Kota Parepare, Sulawesi Selatan 91114, Indonesia",Kota Parepare,Sulawesi Selatan,https://lh3.googleusercontent.com/gps-cs-s/APNQkAEpALFXJIB4oMFOlqvf90uTH4j5jQSngJDsfdKVfw4dVtR6du22xIwF2i2ZO-WNqFdRmPTzHuCV5oOz53XBf1f-FDsiPXAb5OhOdNuvlknO2_YyMYpetiOqBQPatjbZvBiChRw=w1200-h800-k-no
Saoraja La Tenri Bali,"V325+G85, Attakkae, Kec. Tempe, Kabupaten Wajo, Sulawesi Selatan 90918, Indonesia",Kabupaten Wajo,Sulawesi Selatan,https://lh3.googleusercontent.com/gps-cs-s/APNQkAH19GwN4xQMA0UESF-ypjizO2al3hOCTjcpbei9RRbgpFS2Cl8tqafhK79Em24zzgdiqttfxj1ZLY0vpqod-3WvPbxUMZPKV0ObcLZfXRAKG9FBJXCpNmy6wAY_ExvgLE5Fsik=w1200-h800-k-no
Mangrove Eco Resort,"FX25+RCP, Pohuwato Tim., Kec. Marisa, Kabupaten Pohuwato, Gorontalo 96265, Indonesia",Kabupaten Pohuwato,Gorontalo,https://lh3.googleusercontent.com/gps-cs-s/APNQkAHi7gWPAfwAXsmBl6lnN7fcKg4Li6sVlF8JlsIldff1r3g0l3XCY-XqLHHiAtTBEWueafmpDY7Jxspl2MpcUy0919lgDV2HTpaa8UKd8MKgfHzemuc5ldHvAQ-NdpU0Ei6mxfiA=w1200-h800-k-no
Museum Balla Lompoa Bantaeng,"CXX3+XJ3, Jl. Raya Lanto, Letta, Kec. Bantaeng, Kabupaten Bantaeng, Sulawesi Selatan 92411, Indonesia",Kabupaten Bantaeng,Sulawesi Selatan,https://lh3.googleusercontent.com/gps-cs-s/APNQkAFqIjTDIG8az9R92_zp5nEasCkn0_xiRhlwjRAXZ-kZGbtSQn-Qd8YZ7MPjcnLhfONJPWRrgZa5zzc99Y859AJyIRI5dBJqxMgsj-S5rV7-iLd110TeQbqCMuActmYVaj6qLyornVgX33o=w1200-h800-k-no
Amphitheater Woloan,"8RC6+653, Woloan Satu Utara, Kec. Tomohon Bar., Kota Tomohon, Sulawesi Utara, Indonesia",Kota Tomohon,Sulawesi Utara,https://lh3.googleusercontent.com/gps-cs-s/APNQkAFJ_1gP9ZfPIsXSV1narzoUii4lSX1RoT_dmS2Z6vVPgj9-4QQXZpTcORGfGS1QJe8wAQiZqT0Neoz-88trVOVS30Ut2YYzaNDWTg4ZwhWE9L6frMg4LSpQ5APn2w2aq-FtsASBSQ=w1200-h800-k-no
Pantai Wisata Botutonuo,"Pantai Wisata Botutonuo, Botutonuo, Kabila Bone, Bone Bolango Regency, Gorontalo, Indonesia",Kabupaten Bone Bolango,Gorontalo,https://lh3.googleusercontent.com/gps-cs-s/APNQkAE4HNugbFV3NrwfvdE8h-upU1ctvcF0DL7WnGWKc5uabhB8EofodSLnQ2fvk7auodu0Ms65-fVeo981qczLzBn0MAmEKCWk22kZ9P55jeLs2BsTMtopkHHqx_liEMpbEtXfzLTirg=w1200-h800-k-no
Kawasan Wisata Tahura Kapopo Ngatabaru,"3XH3+M6R, Ngatabaru, Kec. Sigi Biromaru, Kabupaten Sigi, Sulawesi Tengah 94116, Indonesia",Kabupaten Sigi,Sulawesi Tengah,https://lh3.googleusercontent.com/gps-cs-s/APNQkAE34gdfKPBrNSKGqLvSSRWliIuzzi_40ZGzEbq7Wn1xWWpWQ-dnvu2u2iWFHQs1nhHN3ygwnkVU0PnUdeCtppuAANoNAWH3vmVNc-eRoNErx4835ViRDmnitGLt8ogHROAe80rA=w1200-h800-k-no
Pantai Lombang Lombang,"C2HM+4C8, Sinyonyoi, Kec. Kalukku, Kabupaten Mamuju, Sulawesi Barat 91561, Indonesia",Kabupaten Mamuju,Sulawesi Barat,https://lh3.googleusercontent.com/gps-cs-s/APNQkAFJZowqCegXml0V-ABfMe8KqCL_WnOBcSHKVW9LB-GNsa3m2DxcWags-xlyvB3IFt6FCU8zN-jQ6UK7AZY5YTrI04rAvTzPnHVD4SJbXSWQMKAIBDMQs6O7SN4bN2LYwDhBmO5u=w1200-h800-k-no
Pantai Samboang,"Samboang Lingk. Erelebu Timur Kel, Ekatiro, Kec. Bonto Tiro, Kabupaten Bulukumba, Sulawesi Selatan 92572, Indonesia",Kabupaten Bulukumba,Sulawesi Selatan,https://lh3.googleusercontent.com/gps-cs-s/APNQkAF9CvNDIsTWO6_sLIHCn0n3nY4ea-ZbH6hjDJpuuOjzYqb2N9hb4ObUDLm14T-AQ0lSjCGwP_zVBgOaoai2rOYdTwMuPac0SXQDig6ilg3Pz64duRq6j4T5TGFr58BP2XGSG_oJ=w1200-h800-k-no
Permandian alam citta,"Citta, Kec. Citta, Kabupaten Soppeng, Sulawesi Selatan 90861, Indonesia",Kabupaten Soppeng,Sulawesi Selatan,https://lh3.googleusercontent.com/gps-cs-s/APNQkAFtHQsttn-aWzEt41-puGPwPeD2EkVXeo_g9s565LPokYzRS_LoJphXZFT9PvOSfUbJWu7L0C6vOr-ikC3XPZKsYiNMDrp23aX5HPA_AkpyU2ijmYKqqgiAASOrkizAopk-JlM=w1200-h800-k-no
Istana Langkanae Luwu,"Jl. Landau No.18, Batupasi, Kec. Wara Utara, Kota Palopo, Sulawesi Selatan 91911, Indonesia",Kota Palopo,Sulawesi Selatan,https://lh3.googleusercontent.com/gps-cs-s/APNQkAGLXISVNnfEx_VKq5qESD_AJcaFPomXdU56-A8Tiq3Eml9NBkf_yNtFBFXXlhvBPfYYehT7LikD5XZfxnHikbAX0KP8JfvkmyDkglJsBzBVgWBYiiw_Uu_qFJo1Ft7P1HjaPZGe=w1200-h800-k-no
Danau Matano,"Danau Matano, Kec. Nuha, Kabupaten Luwu Timur, Sulawesi Selatan, Indonesia",Kabupaten Luwu Timur,Sulawesi Selatan,https://lh3.googleusercontent.com/gps-cs-s/APNQkAHBH3GUOIO_SDpl508QMbWYLqxVs1LExwQv5fJW15CbHj5tZFTSBf5CRG1WwvxIIkoDEsn1yh-dL9-VgVV6gRzlmidjDPHrSBeJzrlJcRYqKQXA1PKcgGQR2DDLEqhiLsZM=w1200-h800-k-no
Air Terjun Tumimperas,"7QWJ+496, Pinaras, Kec. Tomohon Sel., Kota Tomohon, Sulawesi Utara, Indonesia",Kota Tomohon,Sulawesi Utara,https://lh3.googleusercontent.com/gps-cs-s/APNQkAE7EOPsIqKeklgvNyn8Kx0IGUIPsMOQFRNJ0mbZc9sAailCbrkv-afq-BgbmyBM8p0ErRtdh15eO9HyR3d-Vb189YZrGXqprd_iNRl3jB37mywVesvxIyaLOmVcV8-E2vZJ2EKV8wi8ZsxG=w1200-h800-k-no
Puncak Salena,"Buluri, Kec. Palu Bar., Kota Palu, Sulawesi Tengah 94229, Indonesia",Kota Palu,Sulawesi Tengah,https://lh3.googleusercontent.com/gps-cs-s/APNQkAEgiAtSf36qCu-OWCgaVlmycfsqLQWZIcaCInmKyJlh07mu8R9-xnBbc7UcFEE2XvpPS-fR0ObPMmqGuSaW7gWiXuCmUiZzz8JkW4Wy7X5lHPlxK6vtO5AjCYqgjvu2TkiZ_1Jlsw=w1200-h800-k-no
Air Terjun Lacolla,"2R9M+5FH, Dusun Malaka, Cenrana Baru, Kec. Cenrana, Kabupaten Maros, Sulawesi Selatan 92754, Indonesia",Kabupaten Maros,Sulawesi Selatan,https://lh3.googleusercontent.com/gps-cs-s/APNQkAEmqMH4w18d4_6MHDWV-QU8dAXb8jkYRQ6GlhnVNoU533AI53Lu-N2jYajck1ZVIuH7Az7YU6ek0fAJpJcMe5CxwTtfGkAKuGgDpAV8O3yHCd9Nja04sig7T025OZQOXhygPotBNg=w1200-h800-k-no
Pantai seruni,"Jl. Mawar, Pallantikang, Kec. Bantaeng, Kabupaten Bantaeng, Sulawesi Selatan 92411, Indonesia",Kabupaten Bantaeng,Sulawesi Selatan,https://lh3.googleusercontent.com/gps-cs-s/APNQkAGxr7qHMQBMPO_zPBg9QKUQ2sBu8jc2YGvAAuMmgxop6is22d-lZL2fceBA0pxGZH7IpgreShn17dux4mUJZ9Gu42rvU3BqrIQWFJgY8JLGaeEsNQ5WmKgg0RnSn2PknHpHQiF9=w1200-h800-k-no
Adilah Garden,"3WXJ+M4H, Kawatuna, Kec. Mantikulore, Kota Palu, Sulawesi Tengah 94118, Indonesia",Kota Palu,Sulawesi Tengah,https://lh3.googleusercontent.com/gps-cs-s/APNQkAGtAlGJbUvkNso66v2d1x2CjCuIngsOjySJ1VxBq8MLKdeAvzPDE6hDerfoGwjBp0TtgdwnkCb0AJt8KvWRtUXh-bcjtYhGvz66B91fiod3YyXtfrkaVW1osNuRUda2BDMoZgI_=w1200-h800-k-no
Taman Literasi dan Adipura Kolaka Utara,"FVRJ+83R, Lasusua, Kec. Lasusua, Kabupaten Kolaka Utara, Sulawesi Tenggara, Indonesia",Kabupaten Kolaka Utara,Sulawesi Tenggara,https://lh3.googleusercontent.com/gps-cs-s/APNQkAH1WEgJbtO_POuiaLscLbVHVBaiDsVBYe0qaMTWbL593hqecisVcNuuUMq0-Rm4Y-DLbdcKZZe1yTITZAJzc9OQuHHX07f3nMRGDA777QtzoNoqJd2QAQXAkR1bBxiFVp8G7Qk2=w1200-h800-k-no
Gunung Klabat,"Gn. Klabat, Lembean, Kec. Kauditan, Kabupaten Minahasa Utara, Sulawesi Utara, Indonesia",Kabupaten Minahasa Utara,Sulawesi Utara,https://lh3.googleusercontent.com/gps-cs-s/APNQkAHJHuFn7F8loQQ_zG4YM_AQ_Mry7KIrbE_wSiEiuI8cTWyC_8uUlWBELPm69eYqzBjLl2qlNK4PpD_cy7f39osq2YBf6lO1Crf2Qi0HuiqoVV0wnD9oyt5OWxob5UKjl-UYeiX8JQ=w1200-h800-k-no
Pantai Mahembang,"Pantai Mahembang, Mahembang, Kec. Kakas, Kabupaten Minahasa, Sulawesi Utara 95862, Indonesia",Kabupaten Minahasa,Sulawesi Utara,https://lh3.googleusercontent.com/gps-cs-s/APNQkAFwzKd0KPJJw20ILAadnq8OHyeKNIyrwzYRG_P7lncR-Ay-Cn2mSDXjp0Svi_z90NHGzzxzw9UI74_BSi9JWIPwlu7zV1LmonFzCaiclevirzc6wcTSMNx3OwHVHeOFGvdnDNN04g=w1200-h800-k-no
Taman Turatea,"8P9W+X34, Empoang, Kec. Binamu, Kabupaten Jeneponto, Sulawesi Selatan 92311, Indonesia",Kabupaten Jeneponto,Sulawesi Selatan,https://lh3.googleusercontent.com/gps-cs-s/APNQkAFVWzNh6z7iwSneNcSIJ5Z6r8esg9bSaStZlAoVXa8lrBnI0xtWfrlXHgi26IR7DFHfRxECUKl6ArGaF_umTh86u2j79pUxEe1LSaXXX_cpAHrNtx5w1rq44Cfwo-3nh2SbqKfU=w1200-h800-k-no
Raja Ampat Bollangi Gowa,"QH5R+2C4, Unnamed Road, Bontoparang, Kec. Parangloe, Kabupaten Gowa, Sulawesi Selatan 92173, Indonesia",Kabupaten Gowa,Sulawesi Selatan,https://lh3.googleusercontent.com/gps-cs-s/APNQkAHsMnFUgRaIO1qvRkDeN16hZ_gSh2zWlYzUhqnIGdsU0jJ3rbGV3SacYzw4Suf51c-iiVwQCg-Nfcg3bJWb_zWjUQztdaLPVr7rBaRjVzsQYImNgZ6UTaxhHc-g1_lccASqOn-t=w1200-h800-k-no
Air Terjun Lembanna,"PWV7+F3Q, Pattapang, Kec. Tinggimoncong, Kabupaten Gowa, Sulawesi Selatan 92171, Indonesia",Kabupaten Gowa,Sulawesi Selatan,https://lh3.googleusercontent.com/gps-cs-s/APNQkAFZnCUPcsc1MH04C4PKoaqZdu1CArDqsbznqg0AKVSLRHHdCZ6qNi5f5LyOw-DPigZLC2fknDMFVpmq-d6X40duJT1QapWfM0XWOyv2OvOUaANgXPK0e6f7AT-cqvrjwCnrE_ujaA=w1200-h800-k-no
Kebun Raya UHO,"XGPC+RCP, Jl. Syaikh Muhammad Al-Khidhir, Kambu",Kota Kendari,Sulawesi Tenggara,https://lh3.googleusercontent.com/gps-cs-s/APNQkAG3BmkBVH5UX0zVkOnCGYkXS8hvr0tSNE0om-RvXcQHgt0X0LOVh4M8EV-Ry0blJ2Ih8jWuwZ8cvH3XH3wgKVlxaXPrG-_686ciQeFAG4ih-0GUTWxdWQP8UKfTDTccxs-15WTRow=w1200-h800-k-no
TAMAN CALLACCU,"V29H+Q4G, Teddaopu, Kec. Tempe, Kabupaten Wajo, Sulawesi Selatan 90912, Indonesia",Kabupaten Wajo,Sulawesi Selatan,https://lh3.googleusercontent.com/gps-cs-s/APNQkAF-iEJObCPQBtRDRy9W5vIvx6NNNK0fc_k6FMGAurL911QsMiCEfHvBDemUNrb8cfmG43Nqmi_zlMgHz9E4zIR50fIoFaRKOVfgpaqVVwm742oOv1B9my2ye_M3E_uazl2iFWuu=w1200-h800-k-no
Aer Konde Ratahan,"2RR3+G85, Wawali Pasan, Kec. Ratahan, Kabupaten Minahasa Tenggara, Sulawesi Utara, Indonesia",Kabupaten Minahasa Tenggara,Sulawesi Utara,https://lh3.googleusercontent.com/gps-cs-s/APNQkAHYTlnhkwgNx8TamGOQ1UmUGARhG2e-MeoSGKitjPzasfpnq-f-p7Dg9GLCTRMrP-O5XpcCTovrUKsiDVD08HxTcpJywYq5-2lUr2ZzCGqHQTEQxzl1xmQa8ej8N-XgR5dtD22JJ6wB9keu=w1200-h800-k-no
Pantai Tanjung Barat Barombong,"Unnamed Road, R93H+XX3, Barombong, Kec. Tamalate, Kota Makassar, Sulawesi Selatan 90225, Indonesia",Kota Makassar,Sulawesi Selatan,https://lh3.googleusercontent.com/gps-cs-s/APNQkAG0Ee5hVNV_oofJQGQ6_EYI3tN44ukNEMEfj0ZT3INM8Qevok5pKSHvXjCKyKYbwCFm4C05KxMhHT27seBaGCYAWfM7Gd8bEg7qDDEm6BRfqewh_FhZQY0dxIfRCOrA2uHDR7Rz=w1200-h800-k-no
Mini Showfarm Bantaeng,"HW4F+RHM, Bonto Lojong, Kec. Uluere, Kabupaten Bantaeng, Sulawesi Selatan 92451, Indonesia",Kabupaten Bantaeng,Sulawesi Selatan,https://lh3.googleusercontent.com/gps-cs-s/APNQkAFnybCCLaNpMd6Rq3q_P3tXss3IGAiXmWObKvCTwvBf0GIVVW_iyrQ16gckScbRLTDYcZNDPffSlFjoLE_AfUXb9MZ56jaS8v1fGM0xbIAw5S3XDzlCXxqNcb9YHZ3ndBqoN5FF8A=w1200-h800-k-no
Wisata Tanjung Cemara Batu Buaya,"Iyok, Kec. Nuangan, Kabupaten Bolaang Mongondow Timur, Sulawesi Utara, Indonesia",Kabupaten Bolaang Mongondow Timur,Sulawesi Utara,https://lh3.googleusercontent.com/gps-cs-s/APNQkAHgoKR-mrz1m4jLLgoRT_o3QHFmkv3MCQ8HvINIClaOqWEf5b42T2i1wK1nfvo2NTJwY6fCqB4wj4kIDCPIAuKccpoqLcXkNv7wVgPRc28aqwIPSV60gWsy0FhW4ETYPL7opJPC=w1200-h800-k-no
TAMAN KOTA,"P8R6+9JQ, Gogagoman, Kec. Kotamobagu Bar., Kota Kotamobagu, Sulawesi Utara 95716, Indonesia",Kota Kotamobagu,Sulawesi Utara,https://lh3.googleusercontent.com/gps-cs-s/APNQkAEVofAB_fPkez73-USskfGxZnq0fyjutT1W5NdARDW3NdV4jhAutDlI1nKI5bWIB8z9TMc6Z9VnqV1ZgKsmLy5T5PeTc1Lae5ws08cWjCMjTqXmAmNdgRtwe480p7m-eKbQVSyi=w1200-h800-k-no
Festival Sungai Mandar,"F2VC+J7R, Tinambung",Kabupaten Polewali Mandar,Sulawesi Barat,https://lh3.googleusercontent.com/gps-cs-s/APNQkAFP3HyeagpjcD9aIyh_KynlTRqWheiN3VtQ6HMUbxJe8zw-QzcLCZAptKlnWeJft-ZmjlI34yPLPoDWXUW9upEEOQOYl6WN_JpFdq4vYwvIdOeqL0PnV-xJmNqa6b2Ut6c05Q3OHg=w1200-h800-k-no
Diana Waterpark,"PM77+P89, Unnamed Road, Balusu, Kec. Balusu, Kabupaten Barru, Sulawesi Selatan 90762, Indonesia",Kabupaten Barru,Sulawesi Selatan,https://lh3.googleusercontent.com/gps-cs-s/APNQkAFof4TqUVMgEv1tnbNFyGOcwpM03vfkyjPGNI3GfVyi3JZ0g8osVxwR8ROdAqzgH-62psoD3K65AICG3Kw8j9Gkpo5BwoDsc67huV3JVSKpIlaKLAiSfCGJA_h600BfHloXYudeog=w1200-h800-k-no
Batu Goro'e (Sumpang Labbu),"F33M+VJR, Liliriawang, Kec. Bengo, Kabupaten Bone, Sulawesi Selatan 92762, Indonesia",Kabupaten Bone,Sulawesi Selatan,https://lh3.googleusercontent.com/gps-cs-s/APNQkAE2nUVpqNH11dSkDVno-tExu1MgOQfrgN9q4WiAcWDVTPfv2q3DHLrKjdzEMm0wjadDENK0FX3a-j9D5gZi-5fakhRfRnyZPfVNlPp2_alioHVJHYzp44IVwA5mvKy5ocW8TGo=w1200-h800-k-no
TAHURA Abdul Latief,"Batu Belerang, Kec. Sinjai Borong, Kabupaten Sinjai, Sulawesi Selatan 92653, Indonesia",Kabupaten Sinjai,Sulawesi Selatan,https://lh3.googleusercontent.com/gps-cs-s/APNQkAH6x0ea7JNDLmLT5RwvX0n8vUa8DocC65p1bNyaPibiUDsM0gX93qE6lPZSaWrdr8gvoz1xOaF-E6UgOaUpWQW-ZH98raUb3YthYq0JgSsu8BBhcFeAptzvfvuswwNRkokh6GJx=w1200-h800-k-no
Danau Tanralili,"MWQ6+6R2, Manimbahoi, Kec. Parigi, Kabupaten Gowa, Sulawesi Selatan 92174, Indonesia",Kabupaten Gowa,Sulawesi Selatan,https://lh3.googleusercontent.com/gps-cs-s/APNQkAE_IU33XgphV7aNG4C9TzV6_w03lvZr9GUyhWHuI6jxdDjQPBJgDEh4Qz-xfQbO8Z806oyoYN1FDUZYhQ8AoFE9fVZil4Otolit3F4CU8WnHubng8FFv6KEf5oDWMWhN2oGBpZm=w1200-h800-k-no
Manado Skyline Tetempangan Hill,"Koha barat, Kabupaten Minahasa",Kabupaten Minahasa,Sulawesi Utara,https://lh3.googleusercontent.com/gps-cs-s/APNQkAGMhJ0H53yXsqEILucMr5FiCZAopZlQGOzFZ0KEZCo316Cz8tgjzzYNl8M_mkPQNt8EoqPXyeOcexvnPKs_YU3bsyEEAAs64pKfeystORe0tuuS6SKBWJsczonz47_41MuRJDeo=w1200-h800-k-no
Tunan Waterfalls,"HX9H+WHM, Wasian, Kec. Talawaan, Kabupaten Minahasa Utara, Sulawesi Utara, Indonesia",Kabupaten Minahasa Utara,Sulawesi Utara,https://lh3.googleusercontent.com/gps-cs-s/APNQkAEz5Ed8-rZIo9CIOpjDGwtmsUrCe_Ng_dNf8s4sgVmmXb81c8usa9cq58ZXKHdSumAp4X1n3_3rwgsIDHhZe8dB1BLSnw0GgiL4oI02Z7eX1ZkTHdzi_jun3LZAiOxMzvxZggch=w1200-h800-k-no
Taman Kota Donggala,"8PGQ+PV7, Boya, Kec. Banawa, Kabupaten Donggala, Sulawesi Tengah 94351, Indonesia",Kabupaten Donggala,Sulawesi Tengah,https://lh3.googleusercontent.com/gps-cs-s/APNQkAGd2qIrd5TR_UL4bFlMVtGxM1I0aPfnGSb8gQNZslkDKOQqcTAQUznXPoLqe6YrsU0WdDkWUG5KlMeAqMLxp5gLxh6ZMagQ-M6esXaKXcv6U26nE3hTxJDWBWM19Nz4j3hkUVsX=w1200-h800-k-no
Monumen Ganggawa,"Jl. Pare-Pare - Sidrap No.238, Lekessi, Kec. Maritengngae, Kabupaten Sidenreng Rappang, Sulawesi Selatan 91611, Indonesia",Kabupaten Sidenreng Rappang,Sulawesi Selatan,https://lh3.googleusercontent.com/gps-cs-s/APNQkAGxwVbaFsB83pXFJsLz3LlpMmqXcFMxMe-OFrbZqcjza6EBoFQxkszxu3PtCBxBwepQGbyDk7aZLbbopuVMOJsSU7g9ldU2AN0SSaak2v5AEDCfETPzRVxFbfzuykdxzKHrBwAy=w1200-h800-k-no
Air Terjun Tunan Talawaan,"HX9F+852, Wasian, Kec. Dimembe, Kabupaten Minahasa Utara, Sulawesi Utara, Indonesia",Kabupaten Minahasa Utara,Sulawesi Utara,https://lh3.googleusercontent.com/gps-cs-s/APNQkAEAkMXqjvHHRT2IRv6q63beddtvHGS33b_gT_SO2OtJQeEeXe-GsM3_a-sCJH3Qz7IooFKmroUx4aga3hQLKWnu7pX9-YptphKUqHxAPVD9gUj0wzP9BIrUhOvGWKppGa_Lh9SWZw=w1200-h800-k-no
Taman Wisata Danau Linow,"7RCF+48Q, Jl. Lahendong - Danau Linau, Lahendong, Kec. Tomohon Sel., Kota Tomohon, Sulawesi Utara, Indonesia",Kota Tomohon,Sulawesi Utara,https://lh3.googleusercontent.com/gps-cs-s/APNQkAHtNR6YKlmXmk20oVfZCT0sdEPYAPifRA-U158qtpDBVVst6H3q8lvAIesDbNfFEw1UzrBB5HVER0rdSMLvp0vrnd7C-WKKxqweMdOaci2_VT1SfOphOPw0YR6fZau0kGYCIMftyQ=w1200-h800-k-no
Air Terjun Tama'lulua,"GR2W+MJP, Bontomanai, Kec. Rumbia, Kabupaten Jeneponto, Sulawesi Selatan 92371, Indonesia",Kabupaten Jeneponto,Sulawesi Selatan,https://lh3.googleusercontent.com/gps-cs-s/APNQkAFuTVWR9bFQSWBicDF70KRxfcwzARdULN0e6fl6geSOcaQ_waN2Wp4VrioH_1ltkBtkLl-T5SSD_yCfZ4rr2BbrXfPzZL2vezV7FiBbqwRu_FkX7dBLUpEf4Y_TQJNyPYwrzfw=w1200-h800-k-no
Monumen Trikora Salakan,"M7RW+PMH, Salakan, Tinangkung, Kabupaten Banggai Kepulauan, Sulawesi Tengah 94785, Indonesia",Kabupaten Banggai Kepulauan,Sulawesi Tengah,https://lh3.googleusercontent.com/gps-cs-s/APNQkAE5SoaTTG8a8D7bFwlGJyVTj_3iLu_FVcImTMIwatC68rpmcGCTgacFYR8JU9-E2KAa_9HCuxSXXokIJy-Szsmk_TGl3wPDiY1bQnBSmkgwyH8r5phJZK2QUt_xKZd_hxR-9GpR=w1200-h800-k-no
Sa'pak Bayobayo Sangalla Tana Toraja,"WWG2+3XM, Sallualo, Kec. Sangalla Utara, Kabupaten Tana Toraja, Sulawesi Selatan 91817, Indonesia",Kabupaten Tana Toraja,Sulawesi Selatan,https://lh3.googleusercontent.com/gps-cs-s/APNQkAG3n_uR9nKo0K7uZKnIKXP4FYU0uh45Q8uQTLnd9e2-hC7CXxsOEd4MgScbtCMkjc-L0C_FRCrcuBaeEcU9Q5gTBToFCdWwBr1A9sD5GSNSoUvsjrbb22xzov9NVuEVzmeR-VAbag=w1200-h800-k-no
Tugu Kakao,"Tugu Kakao, Sea, Kec. Latambaga, Kabupaten Kolaka, Sulawesi Tenggara, Indonesia",Kabupaten Kolaka,Sulawesi Tenggara,https://lh3.googleusercontent.com/gps-cs-s/APNQkAF--JDgWmPkk22mZJwZuZ7WAFtdyNN3lK-YEaWoLUU0IjZJP08aU3bcqG5dc4QzF6nmdiWhWrRfj4hnu5nVSlmwHGDJ_TOfzRYM1-xJr13LSUuLvxgU-8B3xZ68mdPWaDNzsgS4bA=w1200-h800-k-no
Pantai Batu Pinagut,"W7C9+4Q7, Kuala, Kec. Kaidipang, Kabupaten Bolaang Mongondow Utara, Sulawesi Utara, Indonesia",Kabupaten Bolaang Mongondow Utara,Sulawesi Utara,https://lh3.googleusercontent.com/gps-cs-s/APNQkAF6fGDIIoG5hGNlZwdTaCbRMHvi3FHP60OsXn8DRKc_ZW6nZ_RKVlrqBtDA7jy9vt6vwSpyHGv2Idx72_q9fuhJy3qobrwt0na4qXb8y-bpR2OxyAz3HLICOm7j-XPLh8ls5Syq=w1200-h800-k-no
Pemandian Uwelera Porame,"2RXP+7J4, Porame, Kabupaten Sigi",Kabupaten Sigi,Sulawesi Tengah,https://lh3.googleusercontent.com/gps-cs-s/APNQkAF57bCjfSwSFGD2PkOLHiLOzexZK24e7LGJlBLAHu8_RtdFsfs4XNglf-GZ9aSehSLC0E6kgmRwJVk9bX1mGdf-2H7pfEFNfG0cnK0-nWkUUPNDmf3RTanFllV8W_YJXnbSCSSI=w1200-h800-k-no
Pantai Minanga,"Pantai Minanga, Unnamed Road, Kota Jin, Kec. Atinggola, Kabupaten Gorontalo Utara, Gorontalo 96253, Indonesia",Kabupaten Gorontalo Utara,Gorontalo,https://lh3.googleusercontent.com/gps-cs-s/APNQkAEwbDZ9hVPBKciAs2uKScO01BLFO_aeT9GjyN7tG31EnYTzg47dLopszL1yqgSI6LPLGjAEBW1-HR_vMac8Xra3mVYzj8JCPry-eQa3G-f0vp6LUF-6eVP3G0NeS0uQNWs3sTjd=w1200-h800-k-no
Pantai Taipa,"Pantai Taipa, Unnamed Rd, Taipa, Kec. Lembo, Kabupaten Konawe Utara, Sulawesi Tenggara 93352, Indonesia",Kabupaten Konawe Utara,Sulawesi Tenggara,https://lh3.googleusercontent.com/gps-cs-s/APNQkAGUotzGuc5iXXs4bjJiqc-ImIA6LdaqHvdiWAO8S8yLSdQKbtU3oy_FhMJ0n6Gtud5dTz-imO9Yz0PgsI-jONyZakOGbp7IYeKDZNyCxqrvUbaR65qfTZZZxY3KbRCqqz8g4Fk-ew=w1200-h800-k-no
Dusun touba,"C8R3+H4C, Radda, Kec. Baebunta, Kabupaten Luwu Utara, Sulawesi Selatan 92961, Indonesia",Kabupaten Luwu Utara,Sulawesi Selatan,https://lh3.googleusercontent.com/gps-cs-s/APNQkAHTAUR9_Y1hfqMIgsYB0BlMgsthCIY21SQ1tMEHLVL4Ohp0Tm0vpIc5n-hyy-Pu_YpowiFnA-nHv_CYu6YQaUZJP11i0rw-hGhQDajrMMsTOt9dDhCRkI63BN1O0lsE20PZ34YaTw=w1200-h800-k-no
"Kolam Renang Lombongo, Bone Bolango","G5XH+6P8, Lombongo, Kecamatan Suwawa Tengah, Kabupaten Bone Bolango, Gorontalo 96583, Indonesia",Kabupaten Bone Bolango,Gorontalo,https://lh3.googleusercontent.com/gps-cs-s/APNQkAGYME-pNb426qUGCLJZQMN1TUxdOWujmmWEEjJNs1VgD3ZyrH91lDAr_km0gFTv-Al9y28fHrMqIKS5pKGw5v3mE_iArwkOMbd0hXg1YBRgvNE2dEbnB0OD5C-Pff2-UqZFREZQ=w1200-h800-k-no
Pantai Kaluku,"Pantai Kaluku, Limboro, Kec. Banawa Tengah, Kabupaten Donggala, Sulawesi Tengah 94351, Indonesia",Kabupaten Donggala,Sulawesi Tengah,https://lh3.googleusercontent.com/gps-cs-s/APNQkAHoge-8oksLjMMsRzmTPL_vsy5G0UTGsbi3_sh1PUOnJSe975doaEbXyrqCP8akgBWcUXMo9VCLm1hopJyDvl9pfjVaaBHtVdtoVFRAvmsHhV0OB6l8KIYgubgNlrn8hVc_yJbL=w1200-h800-k-no
Objek Wisata Palawa',"3WVR+427, Palawa', Kec. Sesean, Kabupaten Toraja Utara, Sulawesi Selatan 91853, Indonesia",Kabupaten Toraja Utara,Sulawesi Selatan,https://lh3.googleusercontent.com/gps-cs-s/APNQkAHRBH_jdyoF2Kr0pogmjhbgCDfUSuGsFP-qJdeP-A2V2-_Qn__AtpThQzDiYf5bT0Dn7mfCrGwyJa5mjhI4KdpnK46VExUyMU809Vzutp99r7eYvRmzeV0KhsHvm-QM70Sg10Y=w1200-h800-k-no
Pantai Pulau Liukang Loe,"9C5M+J86, Bira, Kec. Bonto Bahari, Kabupaten Bulukumba, Sulawesi Selatan 92571, Indonesia",Kabupaten Bulukumba,Sulawesi Selatan,https://lh3.googleusercontent.com/gps-cs-s/APNQkAFKiY5gu_ILCL3kCLtHswsHf4yDs5epvju8hbOuCGAkRDGtb46QJ3oLhkOnfP8GL_qzett4dInWQZrMbaikWU9z_QHEqD5pOyf75ZrusDvNsg5ZjisKLnLiDezO2CAb8uUWtA6E=w1200-h800-k-no
Wisata Mangambang,"Unnamed Road, 2HR5+7P6, Marrannu, Kec. Lau, Kabupaten Maros, Sulawesi Selatan, Indonesia",Kabupaten Maros,Sulawesi Selatan,https://lh3.googleusercontent.com/gps-cs-s/APNQkAH2gB2f0cTeMF-SJUoj-of94f-KgKE3dAq5jqbO5oSNdq0wfBo783KRwpat-MUqdby-4pTXTm9tbVD9geI58nH3S0jHcC5qx4WqtKmzpTh-A7CKBunEQzbU0HX6R53FrFMl5Y_g=w1200-h800-k-no
LAPANGAN BUA' HONTINIMBANG MANOPPO,"Kotamobagu, Kec. Kotamobagu Bar., Kota Kotamobagu, Sulawesi Utara, Indonesia",Kota Kotamobagu,Sulawesi Utara,https://lh3.googleusercontent.com/gps-cs-s/APNQkAEhk3WgaAjXImfxdIaCiU9V6kUbwtcE40tP2_6sczMdsO3AGhnNAKtJseI5PE8uZGB-DkIBWF2g3pitmmC8yip5PbGBOGXKJuolL9KCLZ_NSuQWSSWBLaGn0rOsxAfcgq7hCuZOLw=w1200-h800-k-no
Pantai Maesa,"Pantai Maesa, Maesa, Kec. Parigi, Kabupaten Parigi Moutong, Sulawesi Tengah 94471, Indonesia",Kabupaten Parigi Moutong,Sulawesi Tengah,https://lh3.googleusercontent.com/gps-cs-s/APNQkAHlvsGhaRAeZjfbOG4JEbVL-0d7A5mCotj0AKUvWs5Zc7py4iAcewUaUqlhcHvo0wGnI4kCoMApzndvEn3oljcJ7pPLYCfc5WQFFGYCfAGG9rtBEJKeJf4YAi1K7xbRKnc0PX4DTQ=w1200-h800-k-no
Buttu Macca,"Bamba Puang, Kec. Anggeraja, Kabupaten Enrekang, Sulawesi Selatan 91752, Indonesia",Kabupaten Enrekang,Sulawesi Selatan,https://lh3.googleusercontent.com/gps-cs-s/APNQkAHh4x343vrCqqeLn3nuIq9L3mbweUzOSTbcyHHubnl4QN9jQ1nBfSMKGq4LhNxiVlmqzqGpx6lgCn89VWI5fAkmP-K066gNNTwNrdojiBteicuHIGYxqvm4-0o4UfULVy_2UZw=w1200-h800-k-no
Permandian Topa,"Unnamed Road, 7PCG+QFC, Labone, Kec. Lasalepa, Kabupaten Muna, Sulawesi Tenggara 93654, Indonesia",Kabupaten Muna,Sulawesi Tenggara,https://lh3.googleusercontent.com/gps-cs-s/APNQkAELYw64pal9rQSRKMBym_4oQyxizN05_5ebiwsJyqhvmPO0cI401lKCdXssn2Ea1zkMxuA5p8DVAbgxBUmRztZ_jWOr90comLcwGDTbFPBew5Dt_DEge-589bmVd3rB8A6Xa_Gp=w1200-h800-k-no
Wisata Air Panas Bora,"WWXR+G59, Bora, Kec. Sigi Biromaru, Kabupaten Sigi, Sulawesi Tengah 94362, Indonesia",Kabupaten Sigi,Sulawesi Tengah,https://lh3.googleusercontent.com/gps-cs-s/APNQkAGs6C2WKDjAOBzt1kRzt4lk3GIIXf4nT01cGbZAn39iCYjbEbyy5I0NSxBHdQaCQMSa7b0i0v12z-x5deDluO4pkphJCXeQwjhz6LWIB6F_TM5381lX1SAyxG8sZ62RBPItG2TL=w1200-h800-k-no
Gunung Lokon,"Gn. Lokon, Kayawu, Kec. Tomohon Utara, Kota Tomohon, Sulawesi Utara, Indonesia",Kota Tomohon,Sulawesi Utara,https://lh3.googleusercontent.com/gps-cs-s/APNQkAGLy5YIuvuBc2MZrhfkUgXJwISw1NdDAoICcSUouROLuvQvPvzNxzgnJ1poOJgYWaI7gRBuLpGkoLX05w_GrQvz67oW2_tTClNUn-LJdLGE3YBRw53SIR_OXl7cW2m3uVtbhKje=w1200-h800-k-no
Wisata Hutan Pinus Rombeng,"lokasia desa, Bonto Lojong, Kec. Uluere, Kabupaten Bantaeng, Sulawesi Selatan 92451, Indonesia",Kabupaten Bantaeng,Sulawesi Selatan,https://lh3.googleusercontent.com/gps-cs-s/APNQkAHOg8fMo0uzMUZn2XOysO0mHUnS6lGsMABb2P1r30RmWIApgT-VrYsekq1kqy4c-lyf1EAnjMABD6F175-yN44iNnXbEi6bRrEYLsIE_GGREQOgLgqHEWXPLVGUGvtIj4HXY8z_=w1200-h800-k-no
Pantai Ria Kolaka Cocoa City,"WHWP+2XG, Sea, Kec. Latambaga, Kabupaten Kolaka, Sulawesi Tenggara, Indonesia",Kabupaten Kolaka,Sulawesi Tenggara,https://lh3.googleusercontent.com/gps-cs-s/APNQkAG0ZJxksm5UNADkOhLJtrXEEHn28TlpFQcDFfbjCmTaCCJQQgguNeYf08z-0wCMYxM_o58utKt__CaRKw3Dw-o-Ev1cUCPdOP0eJpjMWem6he9LCOix8BEz7O0yXJippNrgfHbo=w1200-h800-k-no
Taman Wisata Mahoni,"Unnamed Road, 9R25+879, Kakaskasen Tiga, Kec. Tomohon Utara, Kota Tomohon, Sulawesi Utara, Indonesia",Kota Tomohon,Sulawesi Utara,https://lh3.googleusercontent.com/gps-cs-s/APNQkAH8rMAW4JElKWMUQkKrTddVO2eGYjE6VE96m_qkS5liWF8Rfdqb_oynCa4ju9ilTfjEzUBg-_H2lBPQstFViYw88knqPQJwTtziNxEov6A-s4cIXLsY7gFqrANbq-7jaGDiK7LOVg=w1200-h800-k-no
Puncak Amarilis Kota Kendari,"3G5R+C4R Bar, Watu-Watu, Kec. Kendari Bar., Kota Kendari, Sulawesi Tenggara 93121, Indonesia",Kota Kendari,Sulawesi Tenggara,https://lh3.googleusercontent.com/gps-cs-s/APNQkAGUIHIy-6_upfKzNunoQdcDkuxeChnZcbHUZJ6iZeyHMIjA347fkuhK04CR9XXqOcFIvkFyMdPYCKCr9ZxXThZqsnmYu2Bd-N7EnDjXjEmssUPgSKk1V8ouia1xiWTktV43CmUrdBPF6dX1=w1200-h800-k-no
SAUNG REWAKO,"Jenetallasa, Kabupaten Gowa",Kabupaten Gowa,Sulawesi Selatan,https://lh3.googleusercontent.com/gps-cs-s/APNQkAFMPkt1iYPdE8RBOfE1PGvQEclCciWsOzpBmZdu1dXuoEDA4R0TP_D0RrQ_RlLgBmAeh-br3ZwhlYS5jln57fONhP482ggDPTpYcjd_bda5FRmXpFWLopJ_Y5HbSckIDpBec4KUsg=w1200-h800-k-no
PUNCAK SOROMBIPI,"2V25+R8W, Lalingato, Kec. Tirawuta, Kabupaten Kolaka, Sulawesi Tenggara 93572, Indonesia",Kabupaten Kolaka,Sulawesi Tenggara,https://lh3.googleusercontent.com/gps-cs-s/APNQkAHi-BopGLkPksy-mp1M9ybDXZ7EymIWQIop2L8uBjecse2Q3oP95SQ5E9MV53C2aA6H3BLhF01ytDIHTaXPyCXoFxXceyH1Eq1HSLu7SlYF8WBeQbNdjKayLtIk8uKYTel_IuQ=w1200-h800-k-no
Tanggul Reklamasi Kolonodale,"Lrg. Kamboja, Kabupaten Morowali Utara, Sulawesi Tengah 94971, Indonesia",Kabupaten Morowali Utara,Sulawesi Tengah,https://lh3.googleusercontent.com/gps-cs-s/APNQkAE7skftbqy3bEn5OToN-oZgBj1OVIv-__9loM6Xd8JsSCC7obx1kzxuqjKPbNY1XS_KQS4iqaweB5ZlcCRFcJxMTnD8AA5RYPiS7fMQY5-oq8Xz90J8WCOyjJ4hJQ5fe-ZvB9A=w1200-h800-k-no
Lasonrai Beach,"Ujunge, Batupute, Kec. Soppeng Riaja, Kabupaten Barru, Sulawesi Selatan, Indonesia",Kabupaten Barru,Sulawesi Selatan,https://lh3.googleusercontent.com/gps-cs-s/APNQkAEIvy4qPg7z3IulPD2s0WLe5BsrmO-UPLiym6J2FHW-ku5YxBJRqmGIU1q8LySET3PFs8ILz6X4NVs3oG-Zyjb6psb8zkae6LWSqJAwibrPaEWf99uiThfK44_WoD6VGt6a0ZUzQg=w1200-h800-k-no
Monumen Lasinrang,"5MR2+PQC, Macorawalie, Kec. Watang Sawitto, Kabupaten Pinrang, Sulawesi Selatan 91212, Indonesia",Kabupaten Pinrang,Sulawesi Selatan,https://lh3.googleusercontent.com/gps-cs-s/APNQkAFEYh5VLXc5hiVYlI3VOOXW6KwdDlZVXnBhUPtC9qoPemoK2SigqcubYJybOjhdMJemz9ElTvsyY710lAjxqDKzhFUOAyt27tjQtcC-PSlRJsKRMLPgt1qwyBcTY6GLHeiCeic=w1200-h800-k-no
Pantai Pandan Wangi,"Pantai Pandan Wangi, Unnamed Road, Kabupaten Banggai, Sulawesi Tengah 94765, Indonesia",Kabupaten Banggai,Sulawesi Tengah,https://lh3.googleusercontent.com/gps-cs-s/APNQkAFowzUmPSiWqHAKNO8qPWsu8gFv6MHW7HbNDV2cDkaKElcW-FJVHRy_9IsHP4drFkRqfdLkiC1LNMLIp_mViCWhj-pTk3h3j7r2qdauzsj5_IbiUvLfhS0e455SukoKb_FpRCxRABMQjMU=w1200-h800-k-no
Pulisan Beach,"Pulisan Beach, Pulisan, Likupang Timur, North Minahasa Regency, North Sulawesi, Indonesia",Kabupaten Minahasa Utara,Sulawesi Utara,https://lh3.googleusercontent.com/gps-cs-s/APNQkAE4onvLzYRCaoq6NeOxzvkJ-qgZ8yfMZ2XcK-OiNsxD4HJnlGZe2tUvE97YDqaRG5iR-J4DJtmdQtHHHwbLK27PGwioNXEe9-yezSZIdzLWdy9aN_Xu-TFUbJf5fuEu5m2aqDuW=w1200-h800-k-no
Gunung Tumpa,"Gunung Tumpa, Wori, Kabupaten Minahasa Utara, Sulawesi Utara, Indonesia",Kabupaten Minahasa Utara,Sulawesi Utara,https://lh3.googleusercontent.com/gps-cs-s/APNQkAEQw3M5TinIB82nW-toyE_P-hc3Y8vCB3mRXpgTzVfiz3ndhV5h8Uw4_Y8QRZlTxoXMBs_NHoiaSWI3yedaQ8WOp5LhpwYb5tXKgoyECqNgbInQ1YjWHpe9YWlKMvSlvXSPaLE=w1200-h800-k-no
RANOLEWO,"5R8C+H7G, Toraget, Kec. Langowan Utara, Kabupaten Minahasa, Sulawesi Utara, Indonesia",Kabupaten Minahasa,Sulawesi Utara,https://lh3.googleusercontent.com/gps-cs-s/APNQkAEUF8zBAVfIjFKAnNjgoDVT0lG8m2jUWrlxidrE--P28EVnwL6JImTDTFUNjaZiQuRN4detCzVlwOn2zzFooqmsYHjlt1oHDvWraMDb6ya4W3Ti_psrERHbHQbLFukCTM5s4fEn8g=w1200-h800-k-no
Air Terjun Loli Tasiburi,"6QVF+296, Loli Tasiburi, Kec. Banawa, Kabupaten Donggala, Sulawesi Tengah 94351, Indonesia",Kabupaten Donggala,Sulawesi Tengah,https://lh3.googleusercontent.com/gps-cs-s/APNQkAFc8uxMyG0CRcne6GXUJFcRkEaBDWNkJyUhRHLfmhJAEu9ZGLupPcJU7QEH3PH7PysUe_BUsDYu_dGNpX4rQ8dT7cUmDFqBCLcX5PSyfg7RxCjEA6ZaHWx6Rq6C1tTUYBHQMyuS=w1200-h800-k-no
Pantai Kuri Maros,"XFC9+F2C, Jl. Kuri Pattene, Nisombalia, Kec. Marusu, Kabupaten Maros, Sulawesi Selatan 90552, Indonesia",Kabupaten Maros,Sulawesi Selatan,https://lh3.googleusercontent.com/gps-cs-s/APNQkAE9HygY8hLGevQMjmAg2h_Gs_yyhPIbpZWDYL540xIp_Eh4DXNeTUhQq6i2PNaGfz6-eQ-KVPNLOBpaDC_OIclkMifNnmpLVPF_oMhyGIWn6q1wMX4elNBqzV2tB3ESMyUs8If5-A=w1200-h800-k-no
PPLH Puntondo,"Kecamatan, Dusun Puntondo, Laikang, Kec. Mangarabombang, Kabupaten Takalar, Sulawesi Selatan 90132, Indonesia",Kabupaten Takalar,Sulawesi Selatan,https://lh3.googleusercontent.com/gps-cs-s/APNQkAFUrEFO4B2ztwjWq8Lz_xovrHBHUZwYS4ZbpZHgPYsk4pEpeh78fyANjd24EUvcAAqwOa32J7HNiEsMFf29Lm2W9eTbI_JXbVbpSQExMnmRMXnmcrkQnSjS2-7M0y8LrTOE8Ylw=w1200-h800-k-no
Baruga Somba Opu,"RC54+F3G, Benteng Somba Opu, Kec. Barombong, Kabupaten Gowa, Sulawesi Selatan 90224, Indonesia",Kabupaten Gowa,Sulawesi Selatan,https://lh3.googleusercontent.com/gps-cs-s/APNQkAGvkEBTYi_ZWi16DocCtEGLI-3qkAG_KmkEE4a0v9h-6ngyaysJm4FJMAS5IUpmf63-XgmEoosfe9_u4Lk6IXQxPXbEdFIQY9qh4vg83wfAoPGw_hiqW8bco0Sd_MqlkemoPQKS=w1200-h800-k-no
Pantai Wambuliga,"PGHC+48H, Sombu, Wangi-Wangi Sel., Kabupaten Wakatobi, Sulawesi Tenggara 93791, Indonesia",Kabupaten Wakatobi,Sulawesi Tenggara,https://lh3.googleusercontent.com/gps-cs-s/APNQkAFIZ7aq5nsjHH2BBgmtkJdMR_OyctUXdtH4rGburq1Nl5mYz58blxg-iYjMmkiw3Q3nOwLa63RHS3XyDJjKwUdn8ny1faU9_VSvsdDYIA0W5vVD9-0suZm380HNoW4SkL-ZuVR5=w1200-h800-k-no
Rumah Adat Mamuju,"8VFM+FQ2, Rimuku, Kec. Mamuju, Kabupaten Mamuju, Sulawesi Barat 91511, Indonesia",Kabupaten Mamuju,Sulawesi Barat,https://lh3.googleusercontent.com/gps-cs-s/APNQkAGK2AqYwIe_jjiFFrzS7Z47Vj_75dbt3FMGW-XmP_ft57rFzDs3OpI5U8l1zFGG-x3C0vZTOzWwoNN39oU4yWJp8mPcNUELyn2xfSCcO4BmK5VhwiYgVEtAwoTND0toBclv7hBo6Q=w1200-h800-k-no
Pantai palippis,"F3QX+Q25, Bala, Kec. Balanipa, Kabupaten Polewali Mandar, Sulawesi Barat 91353, Indonesia",Kabupaten Polewali Mandar,Sulawesi Barat,https://lh3.googleusercontent.com/gps-cs-s/APNQkAFOIjvH4VPgtMSDD4xBEH1r1b1KY2Zg_59pPggjs2GklBYdFH00kTDZZbRYqHe08jMThm7sGuV6CnU8qlAd0KTvSk5aOfDKGLZPCaWIT0_o4BKjTiYqmKsBBc_Miv1khswfgHxt=w1200-h800-k-no
Hutan Pinus RITA MALOMPOA BISSOLORO,"Unnamed Road, Bissoloro, Kec. Bungaya, Kabupaten Gowa, Sulawesi Selatan 92176, Indonesia",Kabupaten Gowa,Sulawesi Selatan,https://lh3.googleusercontent.com/gps-cs-s/APNQkAGINlLz1ieCco5BTB2xfvOL7FTijjB6RD41fVxRX6_5sKffXPdZ15Qvjyz0fvnNlN2NzInunDPieO-WkZIdSVsBtxKXfW-9c_W99VlT5ULI7Lfovh4ifltj9488gMuu0yQCmyx5=w1200-h800-k-no
Lembah Lohe,"MWFH+7PX, Lembah Loe, Kec. Parigi, Kabupaten Gowa, Sulawesi Selatan 92171, Indonesia",Kabupaten Gowa,Sulawesi Selatan,https://lh3.googleusercontent.com/gps-cs-s/APNQkAFGVeF9qVO29pZQjyBFuJiM0xy3Fq5pidKMSkl-UVIiDRhjE0X9TzY5Rv0Ofvy9CnFp5n3ij1NhBOj8ZcEl0gQMwrVdeN2FZsEEG95KexYUE3MQ16jw4wdedhMSdnY_HvAF62YY=w1200-h800-k-no
Pantai Katembe,"Madongka, Kec. Lakudo, Kabupaten Buton, Sulawesi Tenggara 93763, Indonesia",Kabupaten Buton,Sulawesi Tenggara,https://lh3.googleusercontent.com/gps-cs-s/APNQkAHAJYnDFSw_JyyD4KvOHf-FX6uLvJtBCnt66amFPFMezVnl77EhlrzHCzj-qN_QrBuvdfejEk5Qsvi28UKh77hYJd9E1mAaq-iev_hlNgh0er8SPWlpithKkp1EKSAMLY2k08xw=w1200-h800-k-no
Pantai Sabang Toli toli,"Pantai Sabang Toli toli, Sabang, Galang, Toli-Toli Regency, Central Sulawesi 94561, Indonesia",Kabupaten Tolitoli,Sulawesi Tengah,https://lh3.googleusercontent.com/gps-cs-s/APNQkAGgYEKkXfd4Qq-fjNnsWmN-IkWjqUe9P9MfbBiWEqf_eRu7fJNRbvuwnEW1mgk52muHgbtGBCnFtudzmvVL08FWnFf8FuTx_CWZN6geIDOQCoOuwT5HtrqZa_K5j4FtUVEZlRa0=w1200-h800-k-no
Taman Rekreasi Puncak Mowewe,"Jl. Poros Kolaka - Kendari No.Km. 30, Horodopi, Mowewe, Kabupaten Kolaka Timur, Sulawesi Tenggara 93561, Indonesia",Kabupaten Kolaka Timur,Sulawesi Tenggara,https://lh3.googleusercontent.com/gps-cs-s/APNQkAEKeOoqcmaYocPEy02UI_z55gy5t0xhf9l0GIWC29Z4lWAVqmPWbcaBmaDll28sceeFxFCX2lFjWMyEx56Qp2qCBzodjbX-Fy6GLFcOKchPJqmWt5LobaGaSjnRFBn_OoESBi798w=w1200-h800-k-no
Mampie,"G7WJ+83F, Galeso, Kec. Wonomulyo, Kabupaten Polewali Mandar, Sulawesi Barat 91352, Indonesia",Kabupaten Polewali Mandar,Sulawesi Barat,https://lh3.googleusercontent.com/gps-cs-s/APNQkAEAIeRr6fQZQ-M3xNtqycMiTUTXx_QQ_wp4x046f9wvNImlkKiO7hysnbPNcsbC4yIGW90-7NogQrqO_afEe2GG-tInemaa3Q2_26olmeVh8NcfWXhXxk3DCab6629Ydy4YKdbp=w1200-h800-k-no
Air Terjun Vera,"FWC6+C2G, Ipi, Kec. Bungku Tengah, Kabupaten Morowali, Sulawesi Tengah 94973, Indonesia",Kabupaten Morowali,Sulawesi Tengah,https://lh3.googleusercontent.com/gps-cs-s/APNQkAFBLdvxuMcOm5xkbEyIDRi1TzN2FPL33UmhjRvv-w5mIbj71X7NDxlkz50Fna-6PpEb7K9AxokErLmZRRzhqHn0r2AtGyTanTd9NoutWn6lIJGBsicYjljOmk4Lksu6RyDXC4QvQ8RzUUDe=w1200-h800-k-no
Danau Napabale,"Lohia, Kec. Lohia, Kabupaten Muna, Sulawesi Tenggara 93658, Indonesia",Kabupaten Muna,Sulawesi Tenggara,https://lh3.googleusercontent.com/gps-cs-s/APNQkAEGc9orjyNPv1tmyd__M8b9xQX9905ZZrTsQECiJOhSmKnBPD05BQpn_ZUfZn1Ys4ox4wlyHZ_OH4OoV58Wvr7XYfYmnyc1-6GGIqRf1qGIQVl0CmGS7X2qyhLH0Z9OHbDfujhIDQ=w1200-h800-k-no
Monumen Tuhan Yesus Raja Memberkati,"2M4M+332, Kec. Melonguane, Kabupaten Kepulauan Talaud, Sulawesi Utara, Indonesia",Kabupaten Kepulauan Talaud,Sulawesi Utara,https://lh3.googleusercontent.com/gps-cs-s/APNQkAEmMPdECgsf8lbHqNO-nGLzOT81FiIUXQVk1tLD_Bx-EzZozfpHs-zRbenDNYV7NyUikrS_mgJa5Kdkcv2KZeVSeZ7vYg1G7iXaYTAyZup5tbcLuoHhgQPOluY8cvdFIMwiham6Lw=w1200-h800-k-no
Wisata Tugu Perdamaian,"Tim.,, 4WV6+HQC, Tondo, Kec. Palu Tim., Kota Palu, Sulawesi Tengah 94119, Indonesia",Kota Palu,Sulawesi Tengah,https://lh3.googleusercontent.com/gps-cs-s/APNQkAG1IsHQZtdlAFFN5GIsIJZwKTh4QDdJPQyVHeQe8iMl7ldN_WCOqdSn5aeTT-kMoi--xMIn4cInqDwUK5bmsh_bOxtZode9OjEVGedS_rje9g8Hg_FdJ5KRRNI8RaWSJscNe_0G=w1200-h800-k-no
Pantai Pasangkayu Mamuju Utara,"Pantai Pasangkayu Mamuju Utara, Pasangkayu, West Sulawesi 91574, Indonesia",Kabupaten Pasangkayu,Sulawesi Barat,https://lh3.googleusercontent.com/gps-cs-s/APNQkAGFQi-Y_2IasPuQbW32GnU-Z_L0qe55PX48kF3ibjUM9F4QZ73X5cOxhKIhF7uFczcrZ3ikQvAnx2Z3NHxru-2voqccjcaw-E2LRWVdb1OLfcvlPXFRxDDKYL4WsyAt0q3bjfgqHg=w1200-h800-k-no
Teluk Lalong,"Soho, Unnamed Rd, Karaton",Kabupaten Banggai,Sulawesi Tengah,https://lh3.googleusercontent.com/gps-cs-s/APNQkAE7Tru2rFxMYsfZyiJopiD9cyMCmCbTimSMJgXh99HmnnjO3ifSOOMtSJN3YK5PGkcLzPN_7AyKIDIALxPPRSFGwJvVUG4QKvBNbN4z0OGLtpGJV0ziRFrtb9c1brKf4SQ8CSEpvT4tTlXS=w1200-h800-k-no
Taman Wisata Bola Pitue,"Unnamed Road, Mangempang, Kec. Barru, Kabupaten Barru, Sulawesi Selatan 90712, Indonesia",Kabupaten Barru,Sulawesi Selatan,https://lh3.googleusercontent.com/gps-cs-s/APNQkAG8deKNbwgGfnNQpWwT2LbSnQaQu3_DpQB3MpRe2KBwV9JKhdK7O7lPyiU6iGNRxONOVW7_4xkt0l9RzMAKaZ3d9Yh2axLaxGCz9569D68Y0DShUgTfqbU3cFvFSeB_xGrWMgzb=w1200-h800-k-no
Pantai Salopi,"Salopi, Desa, Binanga Karaeng, Kec. Lembang, Kabupaten Pinrang, Sulawesi Selatan 91254, Indonesia",Kabupaten Pinrang,Sulawesi Selatan,https://lh3.googleusercontent.com/gps-cs-s/APNQkAH1-h-6IRQX_4uRV-1RUWSUetjJR2_fOXmQ6yC1ETlYVEclQ6R9cOo2sfoxSQ3X-tn2BAY6R4CQHjUbYsll8SCXJRZ3gG-PwDSpsNGb3VRA9aupNyt3FuVdyfg_yocjbGcUe4Q=w1200-h800-k-no
Pantai Punagaan,"QGHG+JPW, Patilereng, Bontosikuyu, Kab. Kepulauan Selayar, Sulawesi Selatan 92855, Indonesia",Kabupaten Kepulauan Selayar,Sulawesi Selatan,https://lh3.googleusercontent.com/gps-cs-s/APNQkAHwSoEf0ek0V9gHjcTNIgM6MrxHND4v95GhYPpQ8xL9xQhhuv0CZPbyyUpooPc8VWClfb6JDbUX1s3nOcOjLKsrHiL1zsMfEVQJ0XMvJNVwn106STHfDWEyq5OOeeTuDkZzf7Hb9g=w1200-h800-k-no
Wakatobi Dive Adventure,"Jl. Waopu Jenggo, Mandati II, Wangi-Wangi Sel., Kabupaten Wakatobi, Sulawesi Tenggara 93795, Indonesia",Kabupaten Wakatobi,Sulawesi Tenggara,https://lh3.googleusercontent.com/gps-cs-s/APNQkAEO8nmZuQCBTE-Qof0wKb1ic9vt-dqCD8uizIq97M-K6er-BVy-4zerrD83FwWPKSl3jcjC0rUe90Fuw6J7NL1qnG5IZUhCCaoBfHgiNiRXh2SHvtrkDpMR9OxqvphD9rPgzBU=w1200-h800-k-no
Pantai Boneoge,"Pantai Boneoge, Boneoge, Kec. Banawa, Kabupaten Donggala, Sulawesi Tengah 94351, Indonesia",Kabupaten Donggala,Sulawesi Tengah,https://lh3.googleusercontent.com/gps-cs-s/APNQkAFI3jVBItpQ5LMSy_4V6U6IkkirS5cKpAXYwjCfaxgBDc98_XNO9pRxtjX-13H8GLe49phB-d-31iOlJ2pndHgqS8ltUh5QjLVBcb0Wpxe7ViV7TisV2LIVGlz_6Lj5fHeBFZVr=w1200-h800-k-no
Pantai Poganda,"Dusun Poganda, Luk Panenteng, Kec. Bulagi Utara, Kabupaten Banggai Kepulauan, Sulawesi Tengah, Indonesia",Kabupaten Banggai Kepulauan,Sulawesi Tengah,https://lh3.googleusercontent.com/gps-cs-s/APNQkAG6Qp_o18TLzYg8yAXz767N2-Q4QgqN8jOwj9ZD5Hgnir1_SeYGuz_WSC3_0ttG_wHvp8WiQUIccfFzE4ym_2Qr820o6S3VVB2My7zZUntuzkfCysHA6ltsV5bZc7L8rv23mmQv=w1200-h800-k-no
Lawere Beach Bonging Ponging,"3HC5+32C, Lotang Salo, Kabupaten Pinrang",Kabupaten Pinrang,Sulawesi Selatan,https://lh3.googleusercontent.com/gps-cs-s/APNQkAGNtSEoHa1xx9hlayhX9N4ngfOKigUlKXnV4_skThOW44HTP2Z58OaZrDoFXS-M1hjrbXxT5MZgg2qJF6X5t4lK6jLa0YMp0s0So857EliNLqehI8EH-B-X7bAkMjUz_gmJ2AUOWQ=w1200-h800-k-no
Pantai INDO BEACH LALUMPE,"Lalumpe, Kecamatan Kombi, Kabupaten Minahasa, Sulawesi Utara, Indonesia",Kabupaten Minahasa,Sulawesi Utara,https://lh3.googleusercontent.com/gps-cs-s/APNQkAH-tWFFm9X2EFdNiWVhH7kP0__Ssz7WM5afQli0vlk2a-DNoI90EAQYyEOmJOJpNQQE5eLrsFN_QFSt7T2gB70C25RuRJFNrk8VE1KLMA1dwwtdOX45M3ZzM87CSf6BR8i_hPk=w1200-h800-k-no
Buntu Pune,"Ba'tan, Kec. Kesu, Kabupaten Toraja Utara, Sulawesi Selatan 91834, Indonesia",Kabupaten Toraja Utara,Sulawesi Selatan,https://lh3.googleusercontent.com/gps-cs-s/APNQkAFbmwVv12m2NOs_dVuGqBaSmpu-haWSxXFl1U2UtIzpV-D4qEETgQFpnWx7anfuNL3Jm1gtaAZWK9FXY5BIgDf49LWB_qyhN0jHQkDKhv0ZsmkRm97r_11grHGv4Ckq7v1uEn-ZAQ=w1200-h800-k-no
Pemandian Air Panas Pincara,"Unnamed Road No.92917, Pincara, Kec. Masamba, Kabupaten Luwu Utara, Sulawesi Selatan 92917, Indonesia",Kabupaten Luwu Utara,Sulawesi Selatan,https://lh3.googleusercontent.com/gps-cs-s/APNQkAGvsCZrc6h2WuW2gPoemyai9YUTuzz4fpbEgt8esA_rYuiRYAUO21Jatj_dv_a50VB8fKDws4hihe9Y5I4pCpjxz4OvAPBWlYBHLW_vUAuBoOValnFBuKHM0YgszlQJce0IfXaIjg=w1200-h800-k-no
Padang Indah Allepperengnge,"CP9R+XMM, Bacu-Bacu, Kec. Pujananting, Kabupaten Barru, Sulawesi Selatan 90762, Indonesia",Kabupaten Barru,Sulawesi Selatan,https://lh3.googleusercontent.com/gps-cs-s/APNQkAFSHTuoOPTDPDQ_BGIRWQojhDpy0EdEjP4k0018zUBt13QfFGlbW6BgGcqAtz58OtwAgalK-7lj9pFwGSz6mjvWhj2_XEdRlXt_UdIq0DGFmcSMgTNSznZx8kYTJP-CVhLIuclFpg=w1200-h800-k-no
Masjid Besar DARUSSALAM Belawa,"Jalan Masjid Menge Belawa, XWXJ+345, Lepangeng, Wajo, Kabupaten Wajo, Sulawesi Selatan 90953, Indonesia",Kabupaten Wajo,Sulawesi Selatan,https://lh3.googleusercontent.com/gps-cs-s/APNQkAET6JKlDJG3xqnP7nTzL_SW95sgSiPx_IPlscew8_XI8bZ4rGf6RSoshk763iVgEY10QcBz8hacITbJKLqFhR5boNIdGSljoCN9NZDcFAr-oe2vQJxTPxezFpQN-FwyYgghUaI41wuDAgxu=w1200-h800-k-no
"BUKIT NATO,Lolai negri diatas awan","Lolai, Kec. Kapala Pitu, Kabupaten Toraja Utara, Sulawesi Selatan 91862, Indonesia",Kabupaten Toraja Utara,Sulawesi Selatan,https://lh3.googleusercontent.com/gps-cs-s/APNQkAEME7jrTlTFqbT3Meq-fj_koc0YTC7MBJBP5Z-RqGqjTQeIqlcT7C_0jX-Ev5kHc2DAPm3YnAG0BhMMH4XuC2YqPlfioYCuZNQnrQNmF-tBHEGVpF0lL-C313UUC8WWqEa1jHI=w1200-h800-k-no
Tugu Panua,"FW5X+G22, Jl. Diponegoro, Pohuwato, Kec. Marisa, Gorontalo, 96265, Indonesia",Kabupaten Pohuwato,Gorontalo,https://lh3.googleusercontent.com/gps-cs-s/APNQkAFHlheXr3HVxKk2ZdmHkizLmGzuRGpwYo4-EiJC58e41w923K0t0bALql0dC4AabRpSIDh2bsPotY3t0Juf1WWsIhY3W2tJy7dp6SXKSnYErhnRcjL_prJkPtOe40vnUJChn0Xd=w1200-h800-k-no
Pantai Cinta,"Pantai Cinta, Topejawa, Kec. Mangarabombang, Kabupaten Takalar, Sulawesi Selatan 92261, Indonesia",Kabupaten Takalar,Sulawesi Selatan,https://lh3.googleusercontent.com/gps-cs-s/APNQkAHNDYHlujFZQiP77CmpuTZM04friU1EE8iM7BMr9nAB7E03O9MqEjrdz-oxx8bKjmP34G7VRvjZZcWga7_8VSJ4ncxAUZzRz6QGuz7ELN_5SCzeG7RTjTAYTTGRhevVtpt9nABLpQ=w1200-h800-k-no
Masjid Agung Baiturrahim Pohuwato,"Kompleks Blok Plane Perkantoran Pohuwato, FW6W+JFH, Palopo, Kec. Marisa, Kabupaten Pohuwato, Gorontalo 96265, Indonesia",Kabupaten Pohuwato,Gorontalo,https://lh3.googleusercontent.com/gps-cs-s/APNQkAGByre-htu2yei4Ssj6qYuNUI1j9CsFWt7eVeO324QyLhzpMdIK6cQCbTVVDy3MSlmEfA7MIRCL9zzIwka6nJ7DX43ZBkswbIN0Kor27nKTNmFFjVQCNlNQhJ-pbGT2pL2WBTIY=w1200-h800-k-no
Taman Purbakala Waruga,"Sawangan, Kec. Airmadidi, Kabupaten Minahasa Utara, Sulawesi Utara, Indonesia",Kabupaten Minahasa Utara,Sulawesi Utara,https://lh3.googleusercontent.com/gps-cs-s/APNQkAGSsB0H1EoiCf-qfXiKISzGUk6MtBStW-lKSCxFdZIXoADNFTqS_WFDT0WJXS2eEV1XS_cnqEaCC0ixB0Lnf5x0tjCKXQlLRl0qZGYpzLKlWB1akQkE4IdRgWxXw4OpPTpADJFjMyueLL3b=w1200-h800-k-no
Kasuso,"Kasuso, pantai kasuso, Darubiah, Kec. Bonto Bahari, Kabupaten Bulukumba, Sulawesi Selatan 92571, Indonesia",Kabupaten Bulukumba,Sulawesi Selatan,https://lh3.googleusercontent.com/gps-cs-s/APNQkAE2LCAGktBCyRDnUqzMXL7uH2DlfA7AewFi1EH0JFrWqwRsyx0kXbgIjuXw_asAi0yosgfisxtzBeB78S4zfG1ndd2RPmAZ1lpGNrl0be5dHLWrReMrZ4xaHsutwnNtPdnvxYU=w1200-h800-k-no
Taman Bakau Kendari,"2GJJ+23G, Lahundape, Kec. Kendari Bar., Kota Kendari, Sulawesi Tenggara 93121, Indonesia",Kota Kendari,Sulawesi Tenggara,https://lh3.googleusercontent.com/gps-cs-s/APNQkAE_xcqBqtij5P3bpsOEy3aC_OXDNp24FgAN9F3OSmPdP-XMUFOREWc3F3wnpUkwnrCkQ38Ro8c4xyn--p49A3hlMEg-tYrlv_8DmaiiR9oyiy6jp7RjZ8L5qr9MxnRZxbMX4VPKzw=w1200-h800-k-no
Kasawari Beach,"F6VP+38W, Unnamed Rd, Makawidey, Kota Bitung, Sulawesi Utara, Indonesia",Kota Bitung,Sulawesi Utara,https://lh3.googleusercontent.com/gps-cs-s/APNQkAEkcujz0RynFdJfcAicRiHc4N5fwPeWJ5ZMPzT4_vxkrIyZqoflR8n6lSKDX77Ccui2n9_Zgi8GcjKgsBun1BOCrhpAPg6RQzfAT_6VnyHZsoj3aXuqRO41S0hvty3V8jotVBQitQ=w1200-h800-k-no
Pantai Wisata Molotabu,"C4RJ+JHX, Molotabu, Kec. Kabila Bone, Kabupaten Bone Bolango, Gorontalo, Indonesia",Kabupaten Bone Bolango,Gorontalo,https://lh3.googleusercontent.com/gps-cs-s/APNQkAEkWH4TpQ0OaDmCdTZjjdCeSNKx9WmP7X5AjRQSAwk6vGwS4ve-LfBLuLdEdKyZBasvbVb3GxDHtW5kKvpT84NqoFrtdVqZpXiIJXPMaePOf5e4j5JthLYTO8uitLmDSzGeGC9L=w1200-h800-k-no
Cartens Hills Wawo,"Matani Dua, Kec. Tomohon Tengah, Kota Tomohon, Sulawesi Utara, Indonesia",Kota Tomohon,Sulawesi Utara,https://lh3.googleusercontent.com/gps-cs-s/APNQkAFI-HYjbWB65W57cXhmuA7HED5oZq4lVCEMuZ-WqM5JTEzv44zcen5Bn7hsxZwKJ2HyqG5L897dLB-KSIep4LtSftBHqPBihBxW3OG9nwy5o5xhPA2RJt2O-htrp47M5iW4cs0=w1200-h800-k-no
Pantai Kalomang,"GG93+M64, Watubangga, Kec. Watubangga, Kabupaten Kolaka, Sulawesi Tenggara 93563, Indonesia",Kabupaten Kolaka,Sulawesi Tenggara,https://lh3.googleusercontent.com/gps-cs-s/APNQkAEo2KEbRbrlWENupPYktX8eKBLvj-QzPLepFIwwzDvbKjBAM1eaSjgJZT7HZsp2xAuAK3VqzmYqz9El2Cd2Gf2qI6WiPP6xqkMMSz8UAp4bjlYN4XBtbBPmVBAzE5HXjgobHgHzzw=w1200-h800-k-no
Tebing Romantis Ollon,"Ollon, Bau, Kec. Bonggakaradeng, Kabupaten Tana Toraja, Sulawesi Selatan 91872, Indonesia",Kabupaten Tana Toraja,Sulawesi Selatan,https://lh3.googleusercontent.com/gps-cs-s/APNQkAFOP-jdTSXyaMYxRnxky1h3Ozlxf3uvhSAshaVEFbeCSPLt245OxndTF16vDQk-s4wY453CPq2HGFO_i1Tl5iyEBvHDnOTwe6jlUPp8OBHrZjX1jbJaZgF2x_r65uhWg9QsaVFwjA=w1200-h800-k-no
Watu Pinawetengan,"Pinabetengan Utara, Kec. Tompaso Barat, Kabupaten Minahasa, Sulawesi Utara 95693, Indonesia",Kabupaten Minahasa,Sulawesi Utara,https://lh3.googleusercontent.com/gps-cs-s/APNQkAElBAz_yVFxqQFlVIZYmLr2-ZUXfd4bYcaNIF5CGE97N8mIYQAqVYpzkDW5I6Nnu0OyrJJCNZEAePacfGoPrE0PaDDGHun-1wb1-v2krkEJl8fNZ2EfYtPlx6IhIXyUeIISHyepqQ=w1200-h800-k-no
Kawah Gunung Lokon,"9Q7X+HJR, Agotey, Kec. Mandolang, Kabupaten Minahasa, Sulawesi Utara, Indonesia",Kabupaten Minahasa,Sulawesi Utara,https://lh3.googleusercontent.com/gps-cs-s/APNQkAFWzxOF2HVocea5n1QC_x_ihXl7VvmEssQ2bidw92LyoeBy8LxbY4g0nCpeOupoBYHAVi3jv3LKGMT_3elhX8uY4kmNyg57XxGxu7DQdwB03qF7iCeSHoZv3FxA7GzYaN9YJsn5=w1200-h800-k-no
Monumen Patung Ir. Soekarno,"FWP5+QPP, Maumbi, Kec. Kalawat, Kabupaten Minahasa Utara, Sulawesi Utara, Indonesia",Kabupaten Minahasa Utara,Sulawesi Utara,https://lh3.googleusercontent.com/gps-cs-s/APNQkAHacbYXuexMoTeN_wtilvEj79CPFRNkZCQNzHEfq5P2oNAsKtULc7I3F6xn6ZH7Eby_F_M3Zl-KIzpW1eaTdyCs8_5ECk_YfadUlzGWr8IfXjZvKhppapf_knUXO-0qN_Xpggju=w1200-h800-k-no
Wisata Sungai Longalo Botu Motoli'oluwo,"Longalo, Kec. Bulango Utara, Kabupaten Bone Bolango, Gorontalo 96181, Indonesia",Kabupaten Bone Bolango,Gorontalo,https://lh3.googleusercontent.com/gps-cs-s/APNQkAG10WOQtgpwexL_BH08G_368cOaaJZknuCuS4zLTnyE9nkkYuzmtvP8WlkotgHsjgjLu0Tq1MpfOYz7Cr29JJiwvVbu8G2YCHt-ESdQNHt3qH_JUnTum3jumUAsP4DIizPtEHU=w1200-h800-k-no
PANTAI MANAKARRA,"8VHQ+HM5, Kec. Mamuju, Kabupaten Mamuju, Sulawesi Barat, Indonesia",Kabupaten Mamuju,Sulawesi Barat,https://lh3.googleusercontent.com/gps-cs-s/APNQkAHQ0JbZfFMBc_gNKtIE3uFI-mnmV3zv_4T3_U8szKTo-90xnQAPRZpvSFGRqQKVvQ8RjImQIGxaLbUVXFgMpKOLjjdeHKcwwuYcj7JmXi770CfmHAiidFGm6K12T2z7tdMkZDIX4KUW5QbE=w1200-h800-k-no
Pantai Parangluhu Bira,"CF36+5MM, Jalan, Bira, Kec. Bonto Bahari, Kabupaten Bulukumba, Sulawesi Selatan 92571, Indonesia",Kabupaten Bulukumba,Sulawesi Selatan,https://lh3.googleusercontent.com/gps-cs-s/APNQkAGOOH9S6CjPtwPwfUTs9p8fXDNOJc7Porb45_dhKwgSZiXJlqo6gTrZ519PeT14cLTPtaenlkG4-NtAS61BSkvglQPJlKCFHnHtTwZO6wVxqLibIZXA8GFLGHfnmL-o-ph1mI6nvA=w1200-h800-k-no
Tuturuga Beach,"Ranowangko II, Kecamatan Kombi, Kabupaten Minahasa, Sulawesi Utara, Indonesia",Kabupaten Minahasa,Sulawesi Utara,https://lh3.googleusercontent.com/gps-cs-s/APNQkAExjwikBp3e5jxnr9bxC6RoW2T0h-DSZMuMao65MLxd-IJji80EtxshHIgfjXnbtB5IqJRBsj-_izpq0mf-3S_DSx2_DB911Szd6vM7Spt2S0pmynqKkuRkurU1wkYYK2dZvgTR=w1200-h800-k-no
Tracking Mangrove Bungkutoko,"2J68+249, Bungkutoko",Kota Kendari,Sulawesi Tenggara,https://lh3.googleusercontent.com/gps-cs-s/APNQkAGQ_xCz_2u7yt5OnvelG85xDXEpn2lqTlEtoZrnoesePYDasGjzrZsdCnktkJe-9-nygCmtp5aOJC0HwHYfDXbT4rdNBRwV40sOR6WvnqBo9B3FuvYj9FCiBv6LjbWfen5sYTwu_Q=w1200-h800-k-no
"Kolam Renang Air Panas ""Zanoleos""","Woloan Satu, Utara, Kota Tomohon, Sulawesi Utara 95423, Indonesia",Kota Tomohon,Sulawesi Utara,https://lh3.googleusercontent.com/gps-cs-s/APNQkAGw4r60Xrxp0J6ZdGkvc3tWw8zvxTrouiq_5enVz4vh4L6mW0xugt0x8brPR1LjLtGdnTY8L6qAIUXCgdywim0s29yRDTtQhlBrm92ljCcirjqODRAeG9EO1QRqiFimmzD_XNYl7AoKjWRy=w1200-h800-k-no
Gua Mampu,"M6FF+8FV, Unnamed Rd, Cabbeng, Kec. Dua Boccoe, Kabupaten Bone, Sulawesi Selatan 92753, Indonesia",Kabupaten Bone,Sulawesi Selatan,https://lh3.googleusercontent.com/gps-cs-s/APNQkAEiUoYHpm4lJk-RLFTBhcBWNg1FJ4YdXHZlMluoPzoH_GupoG0um5vI4eC4No5uApw2XWndJadKqrcbGMAFeSiH9ozqCvlK8R_jjKSW1qNwhT9SJ4ltx2WD6DhNir6hD0G9yyBj=w1200-h800-k-no
Air Terjun Kali Dingin,"Tabarano, Kec. Wasuponda, Kabupaten Luwu Timur, Sulawesi Selatan 92983, Indonesia",Kabupaten Luwu Timur,Sulawesi Selatan,https://lh3.googleusercontent.com/gps-cs-s/APNQkAGwsicMWbSMtT4k2kVoDCBWMUFGA8JwAUavnMlEJwj2G93_-yt9U3Gh1dkL2VKhTIuFh8ZWLbuFpGWmQuOtCqDJZy0BpSV5WnUyz2JqlGr0pmeUFgdvk9td2kEwH1QonkAwwffd=w1200-h800-k-no
Taman Air Kelapa Gading,"JMGX+P6R, Waliabuku, Kec. Bungi, Kota Bau-Bau, Sulawesi Tenggara 93758, Indonesia",Kota Baubau,Sulawesi Tenggara,https://lh3.googleusercontent.com/gps-cs-s/APNQkAEddfGwZrOs8sxK8SMMg8by3rEGsQ5cK06eGZWP2EYxIk_Oh-LSUa-1EtutEmi6fhX40y4YjTEsapPMttr2EsmGE8BkzXLAG46gnSl30GXZKWD87psro2070VXqk4k8tHCsrSu6=w1200-h800-k-no
Air Terjun Karawa,"Betteng, Kec. Lembang, Kabupaten Pinrang, Sulawesi Selatan 91254, Indonesia",Kabupaten Pinrang,Sulawesi Selatan,https://lh3.googleusercontent.com/gps-cs-s/APNQkAGaOQuIFRdmzLR1kJ5FdzitArqLqWzfgsfMDiVmBzlvbSrCp839ycgkK5-TdVkio0_8P2DLxJSP1AzH0_U242HqCXPGyBnC6grWGSMeWjvdmT3xVMYAnrBK5hotIC8FSeAC_5k4=w1200-h800-k-no
Air Terjun Desa Tincep (Tekaan Rangka Kengkang),"7PJP+P6V, Tincep, Kec. Sonder, Kabupaten Minahasa, Sulawesi Utara, Indonesia",Kabupaten Minahasa,Sulawesi Utara,https://lh3.googleusercontent.com/gps-cs-s/APNQkAHFdCUyot12BtNR28wdclaoss6jpyO6-43cnzcIWuQCAcZxyP37H4Pt6GE5U4KudvlR8Dbr6v-c1tkp5UZvfD_LKQp0RKgyI6h84kyLijKERM68s5SYZ27ypiQHZdld21ba90HSHg=w1200-h800-k-no
"Pantai Bahari, Buton Selatan","Pantai Bahari, Buton Selatan, Unnamed Rd, Bahari, Kec. Sampolawa, Kabupaten Buton, Sulawesi Tenggara 93753, Indonesia",Kabupaten Buton,Sulawesi Tenggara,https://lh3.googleusercontent.com/gps-cs-s/APNQkAEB-yBD4rY3dQwIhvcivmOq4fEBlXC0mt4MPj_DMWuJG7UeYNTUewGlAtMnGyIAP4y4aUWl-S7PnRHfnCr1GGCAIL5z4S5Lu3hUiD2CiuIjObzPXDOQroDPLBf58EvGx_e7m_AKMQ=w1200-h800-k-no
Air Terjun Tirta Rimba,"HM32+C58, Kadolomoko, Kec. Kokalukuna, Kota Bau-Bau, Sulawesi Tenggara 93719, Indonesia",Kota Baubau,Sulawesi Tenggara,https://lh3.googleusercontent.com/gps-cs-s/APNQkAGc0TSD9w0xG-HDKL8fjVIwvWtnwd_hKXxE5OsCYy_B8Tkd8LlMZBBwas4AUNQTp_hCmULwFUFdImo90KHazku-sePoN3OW5wGaJG5LvTQaVFjk3Gln_UPY59dpcMHHzUyhLCw=w1200-h800-k-no
Bukit Bossolo,"FRXV+GFQ, Bontomanai, Kec. Rumbia, Kabupaten Jeneponto, Sulawesi Selatan 92371, Indonesia",Kabupaten Jeneponto,Sulawesi Selatan,https://lh3.googleusercontent.com/gps-cs-s/APNQkAHksYH4q0DGRwFwy3Gd7fy0mnq7KAB1N8py-bHGwNdsQOaZEioLitAzuTXbL3CanrMIsfbnopE7ZvccWkPg6DT_8zq25Sjhj5xSbkyKQOAnIasCX9QUa2mf-MyLMJvefDFk35kJ=w1200-h800-k-no
Pantai Indah Kalasey,"FQ59+382, Jl. Tanahwangko, Kalasey Satu, Kec. Mandolang, Kabupaten Minahasa, Sulawesi Utara 95000, Indonesia",Kabupaten Minahasa,Sulawesi Utara,https://lh3.googleusercontent.com/gps-cs-s/APNQkAGXUpHhiY492ANwZP7s12PGSLS0x0QvUBdPqvIlri6hVcWKATUfhsHQzJhEWMKSEMd8LM5Nz0cP79JK5rWxEtEw42QHVxKvW8hSEQ04G76n0H9EUykQW5N6MxmSxfo1EFZfrDz_=w1200-h800-k-no
Taman Bambu Runcing,"Mammi, Kec. Binuang, Kabupaten Polewali Mandar, Sulawesi Barat 91311, Indonesia",Kabupaten Polewali Mandar,Sulawesi Barat,https://lh3.googleusercontent.com/gps-cs-s/APNQkAHNMi31w3I1q_3MxgMfdWuTjNmtu_T4KhkYpfye4bhezjWZqirWvsIlymadXbrctXJ3zDM9LdO4V0RT2pc89RmVkB72YMpJfgAQ6d9KQGEYa7ZR0teK8aF6y43ZnTlCPfwLGfnttQ=w1200-h800-k-no
Muntea Camping Ground,"HW7R+QMV, Bonto Tangnga, Kec. Uluere, Kabupaten Bantaeng, Sulawesi Selatan 92451, Indonesia",Kabupaten Bantaeng,Sulawesi Selatan,https://lh3.googleusercontent.com/gps-cs-s/APNQkAGMIVvt34UmkAqSYw_FMKv_y70ZTvcDYx303JEPwtkelkAytOpFVOrr-iGG6ZU1OXBP0Y3cA7KpSsUeN1hgbLTFJqLql8HdqXsuMb4sFkm98qnwTTTLv0A7pB8Poi3OQRdioH8=w1200-h800-k-no
Pantai Munu,"Jl. Lettu M. Yamin, Lingk. Leppe, Baurung, Kec. Banggae Tim., Kabupaten Majene, Sulawesi Barat 91412, Indonesia",Kabupaten Majene,Sulawesi Barat,https://lh3.googleusercontent.com/gps-cs-s/APNQkAFUhsEzsenxzgnwzngEEf7eWzG4LThKekqHj-d8wR72Xv5SDOWaKeoW0lp2rLnOibMmdOaq5PXQRkj9q7ZE6tXF02p2ds-1hOMfpBoagUUG2R4IoA-HUL-yWEZA_PHbXAwO9nUSVw=w1200-h800-k-no
Tugu Salib Buntu Singki,"Buntu Singki, 2VGR+QX6, Mentirotiku, Kec. Rantepao, Kabupaten Toraja Utara, Sulawesi Selatan 91833, Indonesia",Kabupaten Toraja Utara,Sulawesi Selatan,https://lh3.googleusercontent.com/gps-cs-s/APNQkAEu4UPkF1DoPaMHo-pP76mNVnHgPuAaOIJ_Nk3qkiNxVfebj35894qKHsF9z_uD1a8wVnKQK9FviwwK8tygPgMAUz3qNZFRjTXdF6feaas9GisSSuQ9qMtLRy4Zuofm1vWtnpvz=w1200-h800-k-no
Permandian Air Panas Mantikole,"WV97+GV9, Balomoa, Kec. Dolo Bar., Kabupaten Sigi, Sulawesi Tengah 94362, Indonesia",Kabupaten Sigi,Sulawesi Tengah,https://lh3.googleusercontent.com/gps-cs-s/APNQkAFbqIQEaMGep5-R846vsSTouxxe5RKCCdX1hRpUpsbdTc0Vq8fDAeBzvP35AE3aP3IMG8ySGrwaDo6_u9_7-6VKwc0Xp1Wkfqww7Zyd1KFmsb2isEiG_FZwFm1pTxtM206R8b_r=w1200-h800-k-no
Wisata Pinus Panorama Tentena,"Tentena, Pamona Pusalemba, Kabupaten Poso, Sulawesi Tengah 94663, Indonesia",Kabupaten Poso,Sulawesi Tengah,https://lh3.googleusercontent.com/gps-cs-s/APNQkAFkUZf1UnrzCSPqVE9CilrDIwKlaz8RqRyXebbtZrNoniq3nf3PCL7vVldOpAasnXHMDMEw_GlWhRxSNa9YEDF2f9Nml0bzPuQgR47kKtlG8b7q_7UppB6ua3Tl0zKi05ySU8ee=w1200-h800-k-no
Pantai Tanjung Merah,"Pantai Tanjung Merah, Tanjung Merah, Matuari, Bitung City, North Sulawesi, Indonesia",Kota Bitung,Sulawesi Utara,https://lh3.googleusercontent.com/gps-cs-s/APNQkAEl6-1n2unBpl8rNEL9u4m5wxZJUj_b9yAMr9v797fVh24xfcikh8gIsU--9Zq99adAanvuU2y4iUA_HdaYhvOMJoFH72xnnCvHkOKYW6BRURqgnTYvf1_PfRLGZ6CLF-YOfoxj=w1200-h800-k-no
Wisata Alam Kalibiru Kanang,"HCP3+4G5, Jl. Mangondang, Batetangnga, Kec. Binuang, Kabupaten Polewali Mandar, Sulawesi Barat 91312, Indonesia",Kabupaten Polewali Mandar,Sulawesi Barat,https://lh3.googleusercontent.com/gps-cs-s/APNQkAHOrwP-I6VyvZCD3JiGgI3dmsH9eUBhzzwn1yT-dMfzMSjqGTNc-hZr06ptaf2L1XrC3Fk9nB40bb9m2AY9ReFCH45bIgMMaSosAkbbUq_Fb52Q3Uy16y3wIWk5s4Nr-9DLK6Vs=w1200-h800-k-no
Dungusan Soputan,"Dungusan Soputan, Noongan Tiga, Kec. Langowan Bar., Kabupaten Minahasa, Sulawesi Utara, Indonesia",Kabupaten Minahasa,Sulawesi Utara,https://lh3.googleusercontent.com/gps-cs-s/APNQkAHjzmjARKTkr0m6Y-cMhmdKvyo7t8_5lQ1Pf99nParboC7Ac_T-0WOfNnv1IKJukSptd51weTmwem0qoSCbRWKWV3dBNJw-W31DtfEcDMUo11Gscdr7U3E1OuF4h3eM7Fcu1UMh=w1200-h800-k-no
Wisata Air Terjun Latuppa,"Jl. Andi Ahmad, Murante, Kec. Mungkajang, Kota Palopo, Sulawesi Selatan, Indonesia",Kota Palopo,Sulawesi Selatan,https://lh3.googleusercontent.com/gps-cs-s/APNQkAGda_2ON79NwRKDdpL0bxgeYwzbkKt6wZNdOM6qzh4YEKsDZ86nlAy2N5fLicJBM16UsjkdNDYifyopdE2UAeQYpl1WE9lhf8WzLVVZ8Dio4Higbz3FnvZMvR-NfWIHxUcrJ9p-=w1200-h800-k-no
Patung Yesus Penebus,"C643+WMV, Dorbolaang, Lembeh Sel., Kota Bitung, Sulawesi Utara, Indonesia",Kota Bitung,Sulawesi Utara,https://lh3.googleusercontent.com/gps-cs-s/APNQkAFu7xSJINMXXoDms61wVySMvZP_g6djUtqDbFSi7SpwheJo4WzTVQmoTBUr13qA_7ZGNpoXyoNXyfUawV6IMtIQhqFUTpR147J6KZcyBv4N8qh8y3jYIb2n8-HfuDmvnHX5T3q0PA=w1200-h800-k-no
Taman Maccini Sombala,"Maccini Sombala, Kec. Tamalate, Kota Makassar, Sulawesi Selatan 90224, Indonesia",Kota Makassar,Sulawesi Selatan,https://lh3.googleusercontent.com/gps-cs-s/APNQkAHkWiF4K4FyfPxVWdHb6tkrWLVCXV_r1vfsk2oxU5bydv-i0EYzAIkKfVIGzomT72-VYAyKmeJio8v6mYz26dCdkhH5gBStQlIgllwVFeMdgxywNXcg6ZPC5P8YChqNVz4tk6U=w1200-h800-k-no
Bukit Maddo,"GJFP+GJJ Maddo, Tellumpanua, Kec. Tanete Rilau, Kabupaten Barru, Sulawesi Selatan 90761, Indonesia",Kabupaten Barru,Sulawesi Selatan,https://lh3.googleusercontent.com/gps-cs-s/APNQkAFnhJtnty-8HQzgPEHsd01DAZ4HKE4YDkvAlVS4uDveRp0MCR321Rt_qs_om6DNKyJ_6oAEMMAG_IC1w6RUkSv5JXhMziD88voo4_GmCSyYrlLFziZCHO75A1ZRl817PFUlXzWA=w1200-h800-k-no
Puncak Pua' Janggo',"Bira, Kec. Bonto Bahari, Kabupaten Bulukumba, Sulawesi Selatan 92571, Indonesia",Kabupaten Bulukumba,Sulawesi Selatan,https://lh3.googleusercontent.com/gps-cs-s/APNQkAEYwewVwO-yfpyJfS5tQteEUsjViQ2uWwY2gjr0EONF6IzoDkAycgzJ1CbYMVzr5PpnFmLriuGXUlMGc9bGdVV0QaYr6o4EKyjT630ch5HLrpZDy_MUU9v4vBCeZDpCtwL-lX4=w1200-h800-k-no
Permandian Kolam Toddang Jompi'e,"C3Q9+M8X, Liliriawang, Kec. Bengo, Kabupaten Bone, Sulawesi Selatan 92763, Indonesia",Kabupaten Bone,Sulawesi Selatan,https://lh3.googleusercontent.com/gps-cs-s/APNQkAGT2q9PqLbG6CU_bMr-2zvzcRoPRjo6v0KnKx_VUshwBm3toaO_-U6YvFAwNjKr8LVpt1LezdMSmNnao0MQE2sXW-IUHC3cm_bJX_yEkMNmxL34QW9TXITCh-B9L06JLf-N62pp=w1200-h800-k-no
Monumen Nani Wartabone,"G3J5+5P5, Tenda, Kec. Hulonthalangi, Kabupaten Gorontalo, Gorontalo 96133, Indonesia",Kabupaten Gorontalo,Gorontalo,https://lh3.googleusercontent.com/gps-cs-s/APNQkAFDhNNsCwBjgD2i3d-7NRzOkTu4GWw6j1xUD2XugGMqto4q_KmXoHzCrpMEi0sLx0CYtLJRaSE77xQd91xMaQ1MF5bRCcPgXgB4lSSmckCuO-fO-7Ct4ILXeyVe4qYEwMeF-aQE=w1200-h800-k-no
Kolam Renang Alami Water Blessing danowudu,"Danowudu, Kec. Ranowulu, Kota Bitung, Sulawesi Utara 95533, Indonesia",Kota Bitung,Sulawesi Utara,https://lh3.googleusercontent.com/gps-cs-s/APNQkAGUIEc0_-J0Y1JEu4QTZLJJ_FSAyhkKQ0191zw-BoNcbGcmswMVKdfSPQUp0cHBAwMgMPWzYeguEgQCTlpaeTgdTye2whmgPXt5wq2zJXWu2C7yWd_O-TQP0SxbHKNZ4pV1maY3jA=w1200-h800-k-no
Mangrove Park Bahowo,"Unnamed Road, HRJ9+9QC, Tongkeina, Kec. Bunaken, Kota Manado, Sulawesi Utara, Indonesia",Kota Manado,Sulawesi Utara,https://lh3.googleusercontent.com/gps-cs-s/APNQkAGU8-mDiFkiYWgyhlczlT-JK71fosuEjzTU-BQhIY3eJsfLWBn4m136P7lNVNGrH_ELJ0IVyuS0no7g479pFvM-4Ew4IOc9E2FV0KcxTXyNQRx6INPuRQOY1zKwpzsxOQnuhKo=w1200-h800-k-no
Pohon Kasih,"Jl. Novena, Indonesia",Kota Manado,Sulawesi Utara,https://lh3.googleusercontent.com/gps-cs-s/APNQkAFqKxBJeN6DP83-ZS0PzUqbQ_uzui12mrZu7PZFo1LQtidNS_Ksu87MJ5H4ZqLiCdhVNmGcY7Lw_Lz1IoV9I-yP_hKriaTWIP-ZtyjybCbMeK7M4t-4N2-jYHD9v17n512vHZk=w1200-h800-k-no
Kabesaran Beach,"Jalan Raya Kapataran, Tulap, Kecamatan Kombi, Kabupaten Minahasa, Sulawesi Utara, Indonesia",Kabupaten Minahasa,Sulawesi Utara,https://lh3.googleusercontent.com/gps-cs-s/APNQkAE_6UAMXGhW4WScz32sH8JU57-JO8O3TPD0XuPrTZe55G6dAPcrhYt5ZibKyiE6p9mn5THH0bvxlnyYXARUnsinusNQHkWV0vtN1EKcoXvucRLAT-Q_-gcKyYS4768I_8iWRdlg=w1200-h800-k-no
Bendungan Misterius,"3R4J+C76, Balane, Kec. Kinovaro, Kabupaten Sigi, Sulawesi Tengah, Indonesia",Kabupaten Sigi,Sulawesi Tengah,https://lh3.googleusercontent.com/gps-cs-s/APNQkAH7K1-HHitYx0-aeLCXhMdzIzLsfb-0T4YA4W6dPf1774ycyOqfO_Nl1Aua3tOGVKbnzCg3gmTYMs7kVEGZfQ5y_pEn_5mtPu9yIpBamLqe-gkpzwFRnhga9xqA82aaxaFTsVNLDw=w1200-h800-k-no
TEMPAT PERMANDIAN SANDAKAN BIAK,"3VGJ+XX3, Biak, Luwuk, Kabupaten Banggai, Sulawesi Tengah 94716, Indonesia",Kabupaten Banggai,Sulawesi Tengah,https://lh3.googleusercontent.com/gps-cs-s/APNQkAEnXgX4fo52HjV3F3G95S8m35WR_WCtCZyrcas3g0Vwbe3Dn2AYnNqGPJFtwFmuj4y7foSLrQ-3sP-mQUaloVzpx5zMiAqe47v1_QdPo0A1-bsaTl2_j-gw394Abm_nkDIqFD3k=w1200-h800-k-no
Puncak Lima Jari,"Unnamed Road, Pattimpa, Kec. Ponre, Kabupaten Bone, Sulawesi Selatan 92772, Indonesia",Kabupaten Bone,Sulawesi Selatan,https://lh3.googleusercontent.com/gps-cs-s/APNQkAHBfWWGd4imwxjWKMOvfXM7RW3QsQGC2t0U9Hu9He6jyrV583OqHjQ7d0R5gyN5ZSNZDseBJ4ll0uXmnZye8zSxnH98h0Z9asCzcOmN0LUmJFuFYc0rHIiV8hXKtUSC1EsdbA89fA=w1200-h800-k-no
Pelabuhan Ulu Siau,"PCM8+39J, Tatahadeng",Kabupaten Kepulauan Siau Tagulandang Biaro,Sulawesi Utara,https://lh3.googleusercontent.com/gps-cs-s/APNQkAHMAMISlS4EDcGfsE-3-QI0sNC17vLp7ZuCpfIFMJn-tjjELCkqVs2xSuiRNOUXOffspwh7PKxE-mwWQYu9bKdxrmDV_GWlbsKBioDNH_xZ0Vb9NCjckDhNOXOHHNDcp6eT7TNZ=w1200-h800-k-no
Pantai La Poili,"8MRP+7G8, Desa, Wawoangi, Kec. Sampolawa, Kabupaten Buton, Sulawesi Tenggara, Indonesia",Kabupaten Buton,Sulawesi Tenggara,https://lh3.googleusercontent.com/gps-cs-s/APNQkAGaD12s0z7D7vhq3_cS2Z7zYz0iDXipHnsNSv6M1fr08BohLpwJ7kYymjqpdWFfM_k5-FgbA88VCc537NqF23HXK16p5eG7VkJzBUs5xH9lPZCzn8fAGD_Oah8J9NY_T6xDJroL=w1200-h800-k-no
Lutim Landmark,"94PG+42G, Puncak Indah, Kec. Malili, Kabupaten Luwu Timur, Sulawesi Selatan 92936, Indonesia",Kabupaten Luwu Timur,Sulawesi Selatan,https://lh3.googleusercontent.com/gps-cs-s/APNQkAEz7YZIh-hLJA49Kj9RsNiNoezyERT-aVbeLQ_CoAtmarTfkyqVvM3LofnfLIBTecRCe1OUL_Zqn_4OByoEoWHzUuPUyx1beoGwsHI1t44SMOSAvlBikCcbOHQXyPurtc2CMhi7=w1200-h800-k-no
Pantai Mallenreng,"Tim.,, R7GH+V9C, Panaikang, Kec. Sinjai Tim., Kabupaten Sinjai, Sulawesi Selatan 92671, Indonesia",Kabupaten Sinjai,Sulawesi Selatan,https://lh3.googleusercontent.com/gps-cs-s/APNQkAFXfefJwk9Pd5rItHp9Rwe_68G-6ILP8aJIYvy8tI2fd-9IOnCSK_CVH_3tkeip1GMzLTW_KgNqIXupPQ5i3a1b152MdsjvXhVtoLX0JINOPyU90nkLqrhd3AzA9KNXKcQIv7qwzQ=w1200-h800-k-no
Pemandian Air Terjun Meranti,"J4P5+7FX, Meranti, Kec. Tapa, Kabupaten Bone Bolango, Gorontalo 96582, Indonesia",Kabupaten Bone Bolango,Gorontalo,https://lh3.googleusercontent.com/gps-cs-s/APNQkAGqdRaYzldXsbGXHBrExBm1D_gJgupnFj6-9r9olrF8Rz1fIZOtKgS4AwjhHnTNWwIFGUbWAz7Z_Pdobh0BDhmLJ5t4KeKlXcEdkEvyefw93N4mRE0bsfLCAB_Lyme8tng1hyw=w1200-h800-k-no
Pantai Tanjung Babia Pasangkayu,"Pasangkayu, Kec. Pasangkayu, Kab. Pasangkayu, Sulawesi Barat, Indonesia",Kabupaten Pasangkayu,Sulawesi Barat,https://lh3.googleusercontent.com/gps-cs-s/APNQkAFebF7dpkQ66_cWQ4KhJp5I58IOSl43QvpCoic3v-VnWUx_a2tnq_rEA9WkpvN4SFXEXMOgi8EoJQ8GTh8ZRtJycoWzNl9PuF-rv9tg-IG0WAC2gtNBsIH86Z6FgbCRNJW4r54=w1200-h800-k-no
Pulau Wisata Lakkang,"VFH8+8VR, Pulau, Lakkang, Kec. Tallo, Kota Makassar, Sulawesi Selatan 90245, Indonesia",Kota Makassar,Sulawesi Selatan,https://lh3.googleusercontent.com/gps-cs-s/APNQkAHc8zswUmhmfmkiSVIGPu5mvkVQ02Fk18WH2g6Wt6NPl0r4xPBNXKVxo4-El-219Nj5rmKUzSns6Em-zfBTMBHu5PYD-PDobj8iej1XGpiMRsengEeJ19lZTBMpTP5uTwTgUWgp=w1200-h800-k-no
Danau Moat,"Danau Moat, Kec. Modayag, Kabupaten Bolaang Mongondow Timur, Sulawesi Utara, Indonesia",Kabupaten Bolaang Mongondow Timur,Sulawesi Utara,https://lh3.googleusercontent.com/gps-cs-s/APNQkAHjLd0dGijB2ghKr3_rRiq33KvDpsUxeVlioXEAM8C0V7PERhAPhGdfQy7WAOxUGDgc4w3TZGnk6KwhdMzs4EuFzsTitlTBUXe1x0-abz2m8YLEah19OR2A4r5qC_qWmVSuqbR0=w1200-h800-k-no
Puncak Pontolo Indah,"QV75+RFR, Pontolo, Kec. Kwandang, Kabupaten Gorontalo Utara, Gorontalo 96252, Indonesia",Kabupaten Gorontalo Utara,Gorontalo,https://lh3.googleusercontent.com/gps-cs-s/APNQkAGoR9wKk_M1IJ0fVI_xM1WXrl96aJnw9ryax-AzJj3Z-K86tIsiBtBpuen0qsOAiRDsuy_w-raZsydTvniZDWOPfC4TL4UX4uwLOGmxFqaNx4hKm38ImJt5Urt3gZo-P2zOCm9q=w1200-h800-k-no
Pantai Lakeba,"GH57+52M, Katobengke, Kec. Betoambari, Kota Bau-Bau, Sulawesi Tenggara 93721, Indonesia",Kota Baubau,Sulawesi Tenggara,https://lh3.googleusercontent.com/gps-cs-s/APNQkAFBXydLuUp7ihlEBlcbPyPFhXSRHN80nWOoHGw5gvsLcDIkhLHm_P72mrTe_t239FB-ottvaaYWkzSHGvYR_JndoGjlXKfYNArZoyHwWKHXahXJ7x6tO6DS7ikDLR3lKcB1DZc=w1200-h800-k-no
Permandian Bahoruru,"FXG2+Q6H, Bahoruru, Kec. Bungku Tengah, Kabupaten Morowali, Sulawesi Tengah 94973, Indonesia",Kabupaten Morowali,Sulawesi Tengah,https://lh3.googleusercontent.com/gps-cs-s/APNQkAGFLBxNViJCPdx1E2Jx9pCC00vqMAqCGHsMkzJ9yNDE8fLIeivZ1Lr4A1m9o3vbvw-d8ddczF4zQgWJLGVTzGv0BACpUHG_cxAoSY3JCyepYZ5I2fzbxL3ykKKhf0XUvHvItnhqSw=w1200-h800-k-no
Ujung Lero Beach,"XH5W+XF6, Jalan Mesjid Muhajirin, Lero, Kec. Suppa, Kabupaten Pinrang, Sulawesi Selatan 91272, Indonesia",Kabupaten Pinrang,Sulawesi Selatan,https://lh3.googleusercontent.com/gps-cs-s/APNQkAGKF3tBGuxzRXLrs98sQLJrVc9T4eEVv6YpvC4UbI4f5zXc2581X38xwMrzPL2J4NXeR2O4Oc0SGgLawd_GMzRxtG1r3Kq0kmeKsN3uaBKZiLHnkifENneGkV2CrdgjPD3KSrk=w1200-h800-k-no
Puncak bollangi,"Unnamed Road, QH5R+66M, Bontoparang, Kec. Parangloe, Kabupaten Gowa, Sulawesi Selatan 92173, Indonesia",Kabupaten Gowa,Sulawesi Selatan,https://lh3.googleusercontent.com/gps-cs-s/APNQkAHb70V-vmTaCoUi8CCv355yvpCthdgUgusYs52WjRbqVw_drhviaaX9lyUWL1Ueqm3Wzm7ijS1wuUPSDWp3OF_yX7GVRRCkH5o6ECpiE1bo5kQTHIvWx2AkI93wFJKkM-XunGZJlw=w1200-h800-k-no
Ombro,"Pantai pasir putih, Pitulua, Kec. Lasusua, Kabupaten Kolaka Utara, Sulawesi Tenggara 93916, Indonesia",Kabupaten Kolaka Utara,Sulawesi Tenggara,https://lh3.googleusercontent.com/gps-cs-s/APNQkAH40nt28Xl4K2WQT5FXeomf_WclhsWxddccLodLFOs1OR9AL16OppZBxdTrsBLvIhkda9Xldbxc7bHTTbjO11hibTMrsEIZnoLRAKe_NndnwHJ3F9Z3c8dcgjaRhrY1e_L-NEOWcqkKYiEy=w1200-h800-k-no
Pantai Abadi,"JH68+QGM, Nuangan, Kec. Nuangan, Kabupaten Bolaang Mongondow Timur, Sulawesi Utara, Indonesia",Kabupaten Bolaang Mongondow Timur,Sulawesi Utara,https://lh3.googleusercontent.com/gps-cs-s/APNQkAGeBe_bP5-s_eU8xHleSYoeKI_Dxy0-ZLR-tL0EGgww1RTnWQiq0xJJZiYMRb09-QozSPYOVORUDmOQd01j5KLruKF7EwixHBP7aCBICWQDmAUN9oQ9Tr9-Ej8V2KGNO-6taGRSVg=w1200-h800-k-no
Pantai Talawaan Bajo,"JV8C+PG8, Minaesa, Wori, Kabupaten Minahasa Utara, Sulawesi Utara, Indonesia",Kabupaten Minahasa Utara,Sulawesi Utara,https://lh3.googleusercontent.com/gps-cs-s/APNQkAHnZlsybE_nkhkj1AXx5jPVh6yELsw4csSV2HwVtTpV9Zm-uUyK63GgxnnG90sfbVM2bFXsdz1o1um7tseOld33ubq97dxKykdMxe66Zdo_-kFlCHap6ANcR_fROqb1cmdyG4O4=w1200-h800-k-no
Taman Rekreasi Datae,"3PM5+V8G, Lawawoi, Kec. Watang Pulu, Kabupaten Sidenreng Rappang, Sulawesi Selatan 91661, Indonesia",Kabupaten Sidenreng Rappang,Sulawesi Selatan,https://lh3.googleusercontent.com/gps-cs-s/APNQkAF7-5haE_nglQ99vplo6YNdIu7yxz6ZvfKln19OjxqywUSxagtSuUdbxx8oRyuQQEcIrkpym-sUCOUtuobhyvden2oZ6K8MbTozfvovVRDKMNn81zd4SJ3JCwEuGU0YjgVoI1epTQ=w1200-h800-k-no
"Forte Português do Século XVI em Amurang , Portugis","Jl. Pasar No.15, Uwuran Satu, Kec. Amurang, Kabupaten Minahasa Selatan, Sulawesi Utara, Indonesia",Kabupaten Minahasa Selatan,Sulawesi Utara,https://lh3.googleusercontent.com/gps-cs-s/APNQkAFKyc_jr-48csvAJbktJ4yXjP47HTht16E7tYD3DIKUO5hB1DUe8B2B_ev9azfHua6lkIRM5sY6hcRHS_rER_WfMd99IGLGiZD_aSWYq3cSxdbCd0n6jRde0BlnyunT5n6woKw=w1200-h800-k-no
Wisata Marmer Bulo Tara Leang-Leang,"2MM5+WGR, Leang-Leang, Kec. Bantimurung, Kabupaten Maros, Sulawesi Selatan 90561, Indonesia",Kabupaten Maros,Sulawesi Selatan,https://lh3.googleusercontent.com/gps-cs-s/APNQkAE2JSTFkWmyi1cy6sz1ZUykUFHZKOXLGrOdUuRP--M6C6qskmzlcDdk_lynH0bELrcEMIIelqjBZjo3EORhVTwqZ7kXMsS6aP9w0Vsoc-itgeG_zGNHcqQwDWK-DRrhD9L33xyXGg=w1200-h800-k-no
Taman Wisata Holyland Malino (Bili Park),"PMRV+V5V, Lonjoboko, Kec. Parangloe, Kabupaten Gowa, Sulawesi Selatan 92173, Indonesia",Kabupaten Gowa,Sulawesi Selatan,https://lh3.googleusercontent.com/gps-cs-s/APNQkAH4a6-yPbPXfssHJPpblTN9HSLowLv8fnVhzFALZyP-pZCSUDeaVTNZfjNHPqacsTs5kQqpOYj_4ngSYznWmmhLD9BIA_3iXKRMpDrR7sb-3yUIQLEAOUwMkL52-ENn6TyPIS9aEA=w1200-h800-k-no
Rante Karassik,"2V9V+9JX, Karassik, Kec. Rantepao, Kabupaten Toraja Utara, Sulawesi Selatan 91834, Indonesia",Kabupaten Toraja Utara,Sulawesi Selatan,https://lh3.googleusercontent.com/gps-cs-s/APNQkAHFT5Ibj2jbU_z8Ysts7-rTuRiuwtb9n6_CgCCfKYkJROpw91lFH3Y1te0FzbA2xWM6-YZWo0EtD-6emoDJ6e3ug3Cg1kjhWK5OhVbZTlM-2ECiagZl0uI7WcHzTlyQk2HTMzwZEQ=w1200-h800-k-no
Museum La Pawawoi,"Jl. M.H Thamrin No.9, Manurunge, Kec. Tanete Riattang, Kabupaten Bone, Sulawesi Selatan 92712, Indonesia",Kabupaten Bone,Sulawesi Selatan,https://lh3.googleusercontent.com/gps-cs-s/APNQkAFU1W_PwYzLwIsvmf33CX-IdkkPpqJrUuAQNnN5PJcopvWlSsg46-mCVqNnL5OeAr5FPaPcT5rAFdYxuxXycyaUvpT8oKCgDsB1D6QNPNKe-tqNDgv9tdFk1rwBLvshdbO1or37=w1200-h800-k-no
Wisata Sungai So'do,"Unnamed Road, 8W57+Q6G, Binanga, Kec. Mamuju, Kabupaten Mamuju, Sulawesi Barat 91511, Indonesia",Kabupaten Mamuju,Sulawesi Barat,https://lh3.googleusercontent.com/gps-cs-s/APNQkAEAVty2SPmxhik0rlNGKQ-PlbG41T12cAC3voOVkOdGwfQE6-pd7YYEXD1sHLBp5jMNMoRc4AVi2X4NDseuKYqrj4S19DDXqj60iL-sWe_vzJGlwPsZUuYcGpAO9cmAodswAOs=w1200-h800-k-no
Anjungan MARISA CITY,"CWXX+GV4, Pohuwato Tim., Kec. Marisa, Kabupaten Pohuwato, Gorontalo 96265, Indonesia",Kabupaten Pohuwato,Gorontalo,https://lh3.googleusercontent.com/gps-cs-s/APNQkAFWehcHfGyBqM6AztYQZqK6p6FbVuZC9VcXgrKBt-CcQBy_vYRhXcij9tkHBnrDclolSEuW9RowPHGkcwQKMe8Y1MJNs1AAvo08RY7EDwdV5nNKCVqZNFkkfniYX9QfS_Jlj6i_=w1200-h800-k-no
Patung Naga Kamali,"GJW4+4JP, Kec. Murhum, Kota Bau-Bau, Sulawesi Tenggara 93717, Indonesia",Kota Baubau,Sulawesi Tenggara,https://lh3.googleusercontent.com/gps-cs-s/APNQkAGMBE8ZSKqbc9rf-zyz4pWPsN0-TtOO1JNxWOofdRABFzyLxcSIAVFjJDupslyLnDlbQ4e4IGReCJsSfiSTH_vvjDnqOjlfLQbh-QwBnnluKHDAREtHXIdwtz-NOFSkjdWYWA9v=w1200-h800-k-no
Pantai Labuana,"desa labuana-donggala, Lende, Kec. Sirenja, Kabupaten Donggala, Sulawesi Tengah 94355, Indonesia",Kabupaten Donggala,Sulawesi Tengah,https://lh3.googleusercontent.com/gps-cs-s/APNQkAEd2lCGEeL9MNb-P0K7xjO7acYfPIAvXIHpv2eAqYguXEUK6DvGeHBDJf2Zlpl-GJiVTt6xHBcPvcMA_SHZG413jvnymL_6GVO0-0e7qFx8erHjR9FeMRQyaQ_VdOrWDcuda3cA=w1200-h800-k-no
Padang Savana Ongkoa Takalar,"CFH8+PM4, Jl. Cikoang Ongkowa, Laikang, Kec. Mangarabombang, Kabupaten Takalar, Sulawesi Selatan 92261, Indonesia",Kabupaten Takalar,Sulawesi Selatan,https://lh3.googleusercontent.com/gps-cs-s/APNQkAEdBRDQ9VAi-VDXzbtCEaIvEt2ndHSfdpqy3-7Q2WpzWi86ziQ4sDYzZvR9m2Gawq5zKV7vc3QbSXHgBa_Itf99s9a9nPsxuYJRatWv12uZlpQVCZdSREdRXQfsTVi3YjJ-pjcX=w1200-h800-k-no
Pantai Teduang,"Ambelang, Tinangkung, Kabupaten Banggai Kepulauan, Sulawesi Tengah 94885, Indonesia",Kabupaten Banggai Kepulauan,Sulawesi Tengah,https://lh3.googleusercontent.com/gps-cs-s/APNQkAGsMQj8PKYDmfeHhJyDieT_sKKWa6dkkTW7FSmgyXwIlnERSBCoyZn0Y9mgNAs4T-gJ8V-9kuRb-OZPO0PlggPdadk1pezuQzUovVCUxZ5T571BAOhz-KXfrgtf1EcbOv9QJQbu=w1200-h800-k-no
Taman Teras Unhas,"VF5Q+X85, Tamalanrea Indah",Kota Makassar,Sulawesi Selatan,https://lh3.googleusercontent.com/gps-cs-s/APNQkAEjNOhVuc0hJVBN4M963B08wVwXJzLcetwHvHmi-wvk_wl_UhmfWHUW49sDuphzIhDzHv7TnY07XkH_ErIM78HtaW-Fp_XrD4sTAr78W9qL3_k_7_O-JkLtbqw1-2Dn0AEt_mI2=w1200-h800-k-no
Danau Tempe,"Danau Tempe, Kabupaten Wajo, Sulawesi Selatan, Indonesia",Kabupaten Wajo,Sulawesi Selatan,https://lh3.googleusercontent.com/gps-cs-s/APNQkAFPGRQEMX7tERu0zst_ydH0v2P0fD60hUJ_c17AAz_eQ-DcqsUVKWtEZBLELXNVNYCmiMnthS6SlhEc5E0pm6IMtDbpeIYjWeJrIGkYuwYUrXnJTHEnrUx3YblryYcOb2cQ2PQ=w1200-h800-k-no
Bulu Saraung,"Bulu Saraung, Tompo Bulu, Balocci, Pangkajene and Islands Regency, South Sulawesi, Indonesia",Kabupaten Pangkajene Dan Kepulauan,Sulawesi Selatan,https://lh3.googleusercontent.com/gps-cs-s/APNQkAFkH5usu1QLgRpDoExQLzprAZa1dxPlH8lhFIQrd5jGH5HI5wziFSNK12N9RlP0FDSI9oO-ESs5oLq3pz7Hq821dkKY3ORnei4Wj9f877G86VJpMhqP9lTAtZ_B9nPGaF6TNPRU=w1200-h800-k-no
Museum Balla Lompoa Bajeng,"Limbung, PC4M+465, Jl. Balla Lompoa, Limbung, Kec. Bajeng, Kabupaten Gowa, Sulawesi Selatan 92152, Indonesia",Kabupaten Gowa,Sulawesi Selatan,https://lh3.googleusercontent.com/gps-cs-s/APNQkAGFuAz2uIwcotYOyH6e-L8vxvFA2Ok4RXecOLy3swyw7oZQe4WozPW-c6jzWlhjCkdU4Qqa-qLC2NNdEijeG8XWYoepVt42hlpysM5ngRqI8q4TQQSIgsvqSFaMGkiPtDAmu6KF=w1200-h800-k-no
Goa Pamona,"6JPQ+JGG, Danau, Kabupaten Poso, Sulawesi Tengah 94663, Indonesia",Kabupaten Poso,Sulawesi Tengah,https://lh3.googleusercontent.com/gps-cs-s/APNQkAGf8a0SYtpNfK_P4xRh9HLNH0hRaudmQFXZHzkrdAxQFuj3sVNw0YPc7bzRKIK9o3fWquBlNUf8GEDEC_3jADYgv9Peqy9y1FNxb4xEAS21EfyhHcr0o_prMXgZNh2F2PFfkV9R7w=w1200-h800-k-no
"Bukit Larata, Desa Kinunang","Pulisan, Kec. Likupang Tim., Kabupaten Minahasa Utara, Sulawesi Utara, Indonesia",Kabupaten Minahasa Utara,Sulawesi Utara,https://lh3.googleusercontent.com/gps-cs-s/APNQkAFxUE1PXyWmHEmEBWxAhSsjVwp2-cB1-6CUD9Mq3FJGWooy8ivwxN0v9pKzi5QcXQQ_KmiiMkPiPqB2zBZtriqclT90C9_1aAR2Pt9rwSpax2gFPuq42l2pIzO69V5KbPyPCg3l=w1200-h800-k-no
Wisata Pantai Tapandullu,"Unnamed Road, 8QHR+JP9, Tapandullu, Kec. Simboro Dan Kepulauan, Kabupaten Mamuju, Sulawesi Barat 91513, Indonesia",Kabupaten Mamuju,Sulawesi Barat,https://lh3.googleusercontent.com/gps-cs-s/APNQkAFF4JMyvj8BpAe-mfEVEXXvObBzAx2aXz8Y5AhRFvxi9STyWHxCkih51ZKeR7qmalk7fAAUfYjJ8F5ZvdtnwicbJXbh0F4eSU_LvBGutFZPJ202rLATokVFlPGmOX9O_pWlH9M5=w1200-h800-k-no
Tebing Marumasa Kalibata,"CFG5+8G3, Bira, Kec. Bonto Bahari, Kabupaten Bulukumba, Sulawesi Selatan, Indonesia",Kabupaten Bulukumba,Sulawesi Selatan,https://lh3.googleusercontent.com/gps-cs-s/APNQkAGkilDFJjMQ51gA2iNVwTt6msDq1YCTlHSzbU-EiUdjcwpeHf99yb-RaqTc4lQLqJVajOm3uKWNUW2AwerQ57coh2G2nH8VyMaxz2vTtale0KfzPYe9OGhquucy8q73mxfmFzVx=w1200-h800-k-no
Pantai Pasir Putih Pitulua,"Pantai Pasir Putih Pitulua, Pitulua, Kec. Lasusua, Kabupaten Kolaka Utara, Sulawesi Tenggara 93916, Indonesia",Kabupaten Kolaka Utara,Sulawesi Tenggara,https://lh3.googleusercontent.com/gps-cs-s/APNQkAGr4BqjdbXRbgrPtwLAWlwxhXnevlS9QGT9Zuh3SRseeL_rc6Z111Ayb_kzOZuVyHyFEshAG8IxYuetMLodVnHZ00w2p46Tr-XUkmYmOVANVuACOPLWnHFIQSnSkUuStEULZEfVfA=w1200-h800-k-no
Taman Wisata Danau Sidenreng,"Danau, 2VMW+PRV, Watang Sidenreng, Kec. W T. Sidenreng, Kabupaten Sidenreng Rappang, Sulawesi Selatan 90953, Indonesia",Kabupaten Sidenreng Rappang,Sulawesi Selatan,https://lh3.googleusercontent.com/gps-cs-s/APNQkAF3NrXBWO73z26Dm16xcZDHYUgSB92LmMT5qSkwizeL6EHtYDAdlM1K9GHfODOlXfXqBNbpsNeUTB5P1E04_xHhcszSyPpe3VpoGntd0Ml_zwnqnUYCJJ6rVcnZE9E_efF_7XRe=w1200-h800-k-no
Pemandian Air Panas Makula,"VWQC+H7W, Tokesan, Kec. Sangala Sel., Kabupaten Tana Toraja, Sulawesi Selatan 91881, Indonesia",Kabupaten Tana Toraja,Sulawesi Selatan,https://lh3.googleusercontent.com/gps-cs-s/APNQkAGj8yWbGb20sk3-9Hgc6TRyqNvISmvC9FJZSQfB-hA05nAoy52LBk1O-u8frwbPaIvJy0_jI9I3m2IbpjOjc3vNB-Dviv3FzV8pRFt_Xyd9m9-zZcwVUiOhHfpI1WJXTeYbbDVuaMjJa_Q=w1200-h800-k-no
Taipa Beach,"Pantai Taipa, Unnamed Rd, 79CV+52R, Taipa, Kec. Lembo, Kabupaten Konawe Utara, Sulawesi Tenggara 93352, Indonesia",Kabupaten Konawe Utara,Sulawesi Tenggara,https://lh3.googleusercontent.com/gps-cs-s/APNQkAH1ssmR7ZeDT1btaAUmiBCrIAnRQ0ZD9COZVfV53kUHhB-hDJmtkz6S1IKeosq8WBQ75w_BE6f7GVQYVx05YIi9CA0A3wOLyJBwf2AaWI8MUqWg4WXNiwnTdsyf1dWUc8GRnPg=w1200-h800-k-no
Taman Kota I Love Palopo,"X6Q4+52X, Jl. Jenderal Sudirman, Binturu, Kec. Wara Sel., Kota Palopo, Sulawesi Selatan 91922, Indonesia",Kota Palopo,Sulawesi Selatan,https://lh3.googleusercontent.com/gps-cs-s/APNQkAEuN-u_f6Pw-e1spZETAZ-3o8pSX7jaAu4gNZMYgNm3s0XQ--rWHJo2ZKCsZCmZpsAqMCceGd1mpNEJNI3Bv7oJ3CX2rCBZypp7aizug16dzC2edtInI-SOJfrXN_9goiZESq6aUw=w1200-h800-k-no
Vihara Buddhayana,"Jl. Sunge No.57, Kakaskasen Tiga, Kec. Tomohon Utara, Kota Tomohon, Sulawesi Utara, Indonesia",Kota Tomohon,Sulawesi Utara,https://lh3.googleusercontent.com/gps-cs-s/APNQkAGZkZmMEbSA-bqGkNKMkTmoIDdRA3Mrw1d8cBavkpUPaTU_LbGFxPrXJPFk0inDY2amecvxMM4-J4IJqJ-dIYniaeGR9F3j4WEZpSsRX6qJRi1KRMt0aWGaPZXReCZjZ57LiU9X=w1200-h800-k-no
Pantai Biluhu Timur,"FXRF+59J, Biluhu Tim., Kabupaten Gorontalo",Kabupaten Gorontalo,Gorontalo,https://lh3.googleusercontent.com/gps-cs-s/APNQkAFW6ezIZ5YVsKuJ4Z2yK97DzPw4GiZfENqxQXa6pPTzdbfunQ6wD-ZlmOIQzI7Cm6r6i0_FhH1X1POM5LAsz7ZbSZf8COxxT4cO9n0N2XX02oxJp4O7weLxGGhmANQX0YPqPh8=w1200-h800-k-no
Air Terjun Parang Bugisi,"PVR8+6CP, Bulutana, Kec. Tinggimoncong, Kabupaten Gowa, Sulawesi Selatan 92174, Indonesia",Kabupaten Gowa,Sulawesi Selatan,https://lh3.googleusercontent.com/gps-cs-s/APNQkAHHEhHJljaDZuHVAHDchlxDq4eMsY6wobLbvCYo4D8Upln3R1QSkqTFs0LXg0RvQ2s8sclmqI5Hyr-FTfdBSQi6GUqciWYYjMqoiQIu6TPa4Zp3cl86zL6pPHi1PI5YpohzBA=w1200-h800-k-no
Wisata Pemancingan & Kuliner AjengMart,"Jl. Brigjen Katamso, Puosu Jaya, Kabupaten Konawe Selatan",Kabupaten Konawe Selatan,Sulawesi Tenggara,https://lh3.googleusercontent.com/gps-cs-s/APNQkAFqiNkc6IMuHndBlJByUAQ3-ltkbQ0Sx_txTsUqAZCCLFNfog3sz7c7MssVNIO5J6j8xxvp7Qzv07AbuwUgj97NgZsm5YQSzwiEsFHbphA9yia4Gc5hUQD4uLeyXN4034bjx9AX=w1200-h800-k-no
Suaya,"WW43+C3W, Kaero, Kec. Sangalla, Kabupaten Tana Toraja, Sulawesi Selatan 91811, Indonesia",Kabupaten Tana Toraja,Sulawesi Selatan,https://lh3.googleusercontent.com/gps-cs-s/APNQkAGQqn657C6GbvaMM2WU6qSwvqZ1RjqgOQqsdGP9lWPFEKcHxAcuqEcLW0YPhRwQ2IGqPNcXCJqZnsDM6IlKAf3b4y3ldcl_OXriYa49ZB7VNxIlIm3pherbgFPQqimpREcddQAu=w1200-h800-k-no
Pantai Walengkabola,"RH2R+V39, Jl. Tanjung, Oempu, Kec. Tongkuno, Kabupaten Muna, Sulawesi Tenggara 93662, Indonesia",Kabupaten Muna,Sulawesi Tenggara,https://lh3.googleusercontent.com/gps-cs-s/APNQkAHZH8SSQJzT57D8nFLC-4B2QSDbjyGjBo-hzdEn78hQc_C93Hg8TVkWar1SMaEfCjU4BGOzbeZutinJrjCXL15uv8bsxUlAQmCVoozri-NRUtQq_s8-xUO1NZee97NlRcvRqD6w=w1200-h800-k-no
Pantai Kucing Parigi Moutong,"Pantai Kucing Parigi Moutong, Tandaigi, Kec. Siniu, Kabupaten Parigi Moutong, Sulawesi Tengah, Indonesia",Kabupaten Parigi Moutong,Sulawesi Tengah,https://lh3.googleusercontent.com/gps-cs-s/APNQkAHPfc3jJ52E341tDMCxzeohJxTb_ejjbSI4GToA_BBUm_zKkWtvIl1ZXcgQoWKGCpUdMssW2VHA9w7puw00tADXd7EkIZCkGicRgNYuz4OEhPsipeVmMpk5Mw_XB6kh5Usi4LlbVQ=w1200-h800-k-no
I Love Minsel,"6H4Q+QR6, Pondang, Kec. Amurang Tim., Kabupaten Minahasa Selatan, Sulawesi Utara, Indonesia",Kabupaten Minahasa Selatan,Sulawesi Utara,https://lh3.googleusercontent.com/gps-cs-s/APNQkAHX5TvyQJ1sfyBuaddtwl9KD75Wr7iHQETcNa3QH-Zu5rSaMSBOYFZq2VPFx06Ys513aZoz9bEoa6wXUcE0jejPVl0Hg__ytrud49wzZ5yDRjxdrxJUka0jynQnIBwmy80EQaNoVw=w1200-h800-k-no
BAROS FARM HOUSE,"Tawainalu, Kec. Tirawuta, Kabupaten Kolaka, Sulawesi Tenggara 93572, Indonesia",Kabupaten Kolaka,Sulawesi Tenggara,https://lh3.googleusercontent.com/gps-cs-s/APNQkAFUPUHVsc8NUCBs8YS4Br_jVIblDf5ZavmQerTCqbyNgVQD8hfqtCQcEiibOtNxYWTJiV5gE_64eeQuDVHIYdfiKi5eH_tRMoFKb7NolnuNiLM0iz4gjNKaR2IGkn_z0nwB1piwFA=w1200-h800-k-no
Air Terjun Salewangang Malino,"QV44+73Q, Malino, Kec. Tinggimoncong, Kabupaten Gowa, Sulawesi Selatan 92174, Indonesia",Kabupaten Gowa,Sulawesi Selatan,https://lh3.googleusercontent.com/gps-cs-s/APNQkAGiUhn4hCAOWiZB7yE8GYV7J_vLfzwIYlmBFfrYhAa307Ie8lvlvWGerJ69DToiIgu7p5GeyL2x7qnlH7xm9TSADOg9ftJksu5BTUyKKH8wbqYRJxyExS8zznfhHuOdJS8maiJ4-A=w1200-h800-k-no
Pantai Lowita - MUTIARA,"Jl. Poros Ujung Lero, Tasiwalie, Kec. Suppa, Kabupaten Pinrang, Sulawesi Selatan, Indonesia",Kabupaten Pinrang,Sulawesi Selatan,https://lh3.googleusercontent.com/gps-cs-s/APNQkAHj-gncWB0s3V2SFH-4sErtS1pAf57flcYitf72ohqDnPeyng37P2Ta-GMi4JBEkUiQ-y4ESboNrZMF1TORZ2dEMw4JpU6zsOIqeQ3nwCcFFL139znwFdnTZTFoeak8dAIR1pE=w1200-h800-k-no
Puncak Melby'Ls,"9V4R+3H9, Kumelembuay, Kota Tomohon",Kota Tomohon,Sulawesi Utara,https://lh3.googleusercontent.com/gps-cs-s/APNQkAFAFJXAeShAaf29KU4aQSsmXA0lltNxYYXWlLqpmcPZNXQ1OFiBj79ie9aa0nCum6hxdyDsF25dPtXhQ0MJ7FKafkk2L8GdDbbwxgTFbSSXhS0X_wmqGHxD1qq_PoBS-qxqu-YE=w1200-h800-k-no
Pantai Pusahelu,"9CRG+JR2, Darubiah, Kec. Bonto Bahari, Kabupaten Bulukumba, Sulawesi Selatan 92571, Indonesia",Kabupaten Bulukumba,Sulawesi Selatan,https://lh3.googleusercontent.com/gps-cs-s/APNQkAEhr3e6yQoJjq8AdLy5qN7fwdb4IQy_27LGc-ByxI1WFNrwy7NIeHPK8LIMvc6EywwABRitL_N_YgKl_tUzAbsXmx6NTWIOx5wgZPZ5dfDYwfuW0WQDWFuZsDoqGAuDHRusXHg7=w1200-h800-k-no
Pantai Tanjung Tumpaan,"Pantai Tanjung Tumpaan, Tumpaan, Kakas, Minahasa Regency, North Sulawesi, Indonesia",Kabupaten Minahasa,Sulawesi Utara,https://lh3.googleusercontent.com/gps-cs-s/APNQkAF8QquLWvKLGGjhDhiL2rdWrQBvX1J8o36INQ-n-Wy0Y0w8ZmsAJF0hSDRMbmrzYYS3cBA0XLQcFpmvS6CStnjJNaC2nZ2oGUCdDER9ijBmQaTIWiOIN9hj7E5OphuDBkz6xyUJ=w1200-h800-k-no
RTH Papalimba Puday,"Lapulu, Kec. Abeli, Kota Kendari, Sulawesi Tenggara, Indonesia",Kota Kendari,Sulawesi Tenggara,https://lh3.googleusercontent.com/gps-cs-s/APNQkAFr2o6m7EUVpvHhRkU1P1p8_-S4blRQmfw-eviKpu28UFt73fseuiD48YhJDTDYTU8kgalIUyn1J16fDN1ohgS4WpOVhXnIuaAPn-NEsuH59aQx2xg3IhQsz7uRayCk0ti18Yo5=w1200-h800-k-no
Rumah Alam Dunggala,"Dunggala, Kabupaten Bone Bolango",Kabupaten Bone Bolango,Gorontalo,https://lh3.googleusercontent.com/gps-cs-s/APNQkAEylLoy5-8cyoz_7hJeYQiL_afEAHvtWn5bxOPuCTTrVQa9TA2j9cUyKXRDBIVT2Imj0d_AouenqgGUYilQOqCFAYGXom-qEPw7RaueUVHcVMdiHGPzdWpkCgtwMKSMVhzhoAdV61jm1gE=w1200-h800-k-no
Pasangkayu Beach,"R9H2+62C, Jl. Moh. Hatta, Pasangkayu, Kec. Pasangkayu, Kab. Pasangkayu, Sulawesi Barat, Indonesia",Kabupaten Pasangkayu,Sulawesi Barat,https://lh3.googleusercontent.com/gps-cs-s/APNQkAEkmo6Coxcc8iRcYHsbBvN66-rtErqeQKvwRvdL7E_WJCquXl3WLlG3nRAYtXeftX3_FuFsKABZFRKqP6nlILK0qxi71V_kXi6ukAnx1Fhx1LBv9-_CJTtH8TAKjAWLuG5SYSOl=w1200-h800-k-no
Kahayya,"M2G2+4G4, Unnamed Road, Kindang, Kec. Sinjai Borong, Kabupaten Sinjai, Sulawesi Selatan 92662, Indonesia",Kabupaten Sinjai,Sulawesi Selatan,https://lh3.googleusercontent.com/gps-cs-s/APNQkAGcbWtsvyX1l7lAChh7EsErPT3pOC7e3xCd7FwfgWdtrUxB0EK7ervKwnQtjy13PlGI04rDaPJXSi5o9P1icc0LD9xkZHpGeXb9ygJTWb_RWkcFbCKj5eiJm7IRGskSWtA9pVb1=w1200-h800-k-no
Danau Towuti,"Danau Towuti, Kabupaten Luwu Timur, Sulawesi Selatan, Indonesia",Kabupaten Luwu Timur,Sulawesi Selatan,https://lh3.googleusercontent.com/gps-cs-s/APNQkAHjYmG--ezGs6VKIWH_CKzntFUxuilENcl32yIemuPexNtkH-OW-gBKYMINkOYVXCd4-2l7mOR_2B_uXrXkJNtV3ki2XW2CAIrb4fMcXClG19OKH2RvGyJ56YXqij9RIWnIsD7p4g=w1200-h800-k-no
Pantai Embuhanga,"JHVF+3P4, Petta Sel., Kec. Tabukan Utara, Kabupaten Kepulauan Sangihe, Sulawesi Utara, Indonesia",Kabupaten Kepulauan Sangihe,Sulawesi Utara,https://lh3.googleusercontent.com/gps-cs-s/APNQkAH9kVpa8SKLrkzUV3QhLxh9i7Caz4EbstN-OfLs8l0WsHQL4T6yE3cQXgFkwgndXMilPcBZvRaT7ftkPx74Ipnw-vRifE9cfznhkuMR5KViDCJ-jp0MXPAS6PiemsgDkzBgaM4=w1200-h800-k-no
Pananualeng Beach,"JHFP+G6Q, Tariangbaru, Kec. Tabukan Tengah, Kabupaten Kepulauan Sangihe, Sulawesi Utara, Indonesia",Kabupaten Kepulauan Sangihe,Sulawesi Utara,https://lh3.googleusercontent.com/gps-cs-s/APNQkAEl-yu7FmZyLCkx1_V7i23rAetWyTr8mXsMIYxG33Lug42ISEZTR_h6s8kHHAGoUjH4CCuW_TPYWfiy_Q2dU5eCg2Hrq25V7y0ZM4UzPHdYE2J2gEWsTGjDsKLHo5rPFdnejx4i=w1200-h800-k-no
Bukit Raga,"JWWW+5Q7, Huidu, Kec. Limboto Bar., Kabupaten Gorontalo, Gorontalo 96219, Indonesia",Kabupaten Gorontalo,Gorontalo,https://lh3.googleusercontent.com/gps-cs-s/APNQkAFvDrYwdFq-BApcw_anHWtDE_T8VrbdOHqufAbgUccFo3nvJhurOWh9ERzwVfGslinvc44-DGnZHCFshIYC8WzSWCVysgmQ6YMIpvwSUMUb0-VTCp826BdLZzoo9kDm6m7EEXiG=w1200-h800-k-no
Alun-alun Kirambu,"GV8F+838, Ponggiha, Kec. Lasusua, Kabupaten Kolaka Utara, Sulawesi Tenggara 93914, Indonesia",Kabupaten Kolaka Utara,Sulawesi Tenggara,https://lh3.googleusercontent.com/gps-cs-s/APNQkAHazlWODMf0trNCwHGMel0wbd3WPYhyNSoCoIH2OZY-oq2ShOh9aanzZCIjt0prlrltClA-zqQ6Uz-NEHBdOQYtCwppUuOCY_E0B1_y6M6HEYdFJI4NLF8w8-nlHq5vVdRxJk8=w1200-h800-k-no
Golden Kolam golden jumbo,"FV54+2RG Valley, Tingkulu, Kec. Wanea, Kota Manado, Sulawesi Utara 95119, Indonesia",Kota Manado,Sulawesi Utara,https://lh3.googleusercontent.com/gps-cs-s/APNQkAGEMW3EgyLaNFGZjmT6I_ZVmqJVj-p0sr8FipAHv1hylVghWgX8VV4eHfs7vdzWx3xqNLgvS_3zu1O0JY1Yxnzspa6aJcWxS4W2j5ZwhQrGRWGdfBo7PV4W-xw9fwsMTiHv9Kqw=w1200-h800-k-no
Pagoda Ekayana,"8RWQ+V6C, Jl. Sungen, Kakaskasen Dua, Kec. Tomohon Utara, Kota Tomohon, Sulawesi Utara, Indonesia",Kota Tomohon,Sulawesi Utara,https://lh3.googleusercontent.com/gps-cs-s/APNQkAHWPbP9f4aoUX8oGcyrvZc-KoVlQE6zUbEpJ9T_CbQ6ok1yuxr3NEr7jggZZ-j3IXayVxhBeEJfx86Qk35YntyZNw0YW5mTBhTNLlgiNb7fjGiHWHkMVRysePmOWXlGDyKzOXJApA=w1200-h800-k-no
Tugu Ampana,"4HJG+G5Q, Jl. Sultan Hasanudin, Ampana, Kec. Ampana Kota, Kabupaten Tojo Una-Una, Sulawesi Tengah 94683, Indonesia",Kabupaten Tojo Una-Una,Sulawesi Tengah,https://lh3.googleusercontent.com/gps-cs-s/APNQkAE3Y36CmfvB-m22TwCyqSMvKZwSj8G9qUgQfQ9TWZ_cRhDCSZcWQkg9KRrVQxkvZgqJ_NtsErFcTjF7To76pCzWi43dKhq9c8rVi5unHhQNIRwO6QdleX4xhuwI7lqJkWGXLJkK=w1200-h800-k-no
Taman Taiganja Kalukubula,"3V4J+HCR RTH, Jl. Kelor, Kalukubula, Kec. Sigi Biromaru, Kabupaten Sigi, Sulawesi Tengah 94236, Indonesia",Kabupaten Sigi,Sulawesi Tengah,https://lh3.googleusercontent.com/gps-cs-s/APNQkAGSd1hIT5Mhd_5bqDNR7tDbiJW54aNfIrYYqjCpD3DcpeH4AslDbxCnq4md10vRi8HCt1A2MlUgbCDaPtgwxv6N0GF4KXIGX_G35iLDE8CWf_KZkeCkXTu-mMMGq11zFfCtqItbLw=w1200-h800-k-no
Tilalohe Beach Resort,"Biluhu Tim., Kec. Batudaa Pantai, Kabupaten Gorontalo, Gorontalo 96272, Indonesia",Kabupaten Gorontalo,Gorontalo,https://lh3.googleusercontent.com/gps-cs-s/APNQkAGyqAhd43UgYa7nW5C7FnqmSR4jg63mbM7C5cRzvnaTkzEN48YptwzeKah0YIAu3j3STpzQUra5JO8pZj_o2uB_ZsWQRi5MVA-iPq9T2RdlslMnCBNsHjHmrVTwBMR6MfXFobRbrw=w1200-h800-k-no
Bukit Sibedi,"2RJW+8XC, Sibedi, Kec. Marawola, Kabupaten Sigi, Sulawesi Tengah 94238, Indonesia",Kabupaten Sigi,Sulawesi Tengah,https://lh3.googleusercontent.com/gps-cs-s/APNQkAFC_Z6P6AhFSDdzBfdic5vjcyOXxXjROZ_DBZbhyb4kvdJLEJ64qNngScwZ1tKddTKkanUa3GX5jl3q4ZNwbMGLMxNjn10U9SCsOryVPGFVNydiwbmRdkzjICxWFb_eNIUVvBn5=w1200-h800-k-no
Danau Tempe Kab.Wajo,"V2WC+XHM, Assorajang, Kec. Tana Sitolo, Kabupaten Wajo, Sulawesi Selatan 90951, Indonesia",Kabupaten Wajo,Sulawesi Selatan,https://lh3.googleusercontent.com/gps-cs-s/APNQkAHZR-9sfsACL9uJrQjaXq1Hw2oSkTg-BBpCxaDjOwaqjHi0BRwZzZwv8KKf7H6Dl3dvBPMiyLY6GpuD3Zo9wEuAxB-cZI4syFzndxn_KKhMtw7zMpwN5xKX8hwi2geuvgUV5dHP=w1200-h800-k-no
Tracking Mangrove Lahundape,"Bar.,, 2GHJ+M6X, Lahundape, Kec. Kendari Bar., Kota Kendari, Sulawesi Tenggara, Indonesia",Kota Kendari,Sulawesi Tenggara,https://lh3.googleusercontent.com/gps-cs-s/APNQkAEgkzCModkgtx4lMXKp3NMBa46nsPUdrxbtIHjxtRxwJCDTdbtZxXjFix0JK6GQglRB7ScIiX5JTJ1kXPfEVsB73Qz9UXYLVneuaZsEFEYB4mu5IVXkU1DNDdyJuh-ccxSXRcvH9g=w1200-h800-k-no
Lembah Ollon,"Bau, Kec. Bonggakaradeng, Kabupaten Tana Toraja, Sulawesi Selatan 91872, Indonesia",Kabupaten Tana Toraja,Sulawesi Selatan,https://lh3.googleusercontent.com/gps-cs-s/APNQkAFAOWoKKNPInh7bpfUCAJCNfHO3GdJNxHmE49buIrP7OVHQEcGflGlSAhD3ekjeZy72WsNfs4_4pcGvBi60pDUsBkbbAyMmvsDXM-lAnxBoEp9e1yxlgk0MvWDgvP0wYzlVx68=w1200-h800-k-no
"Desa wisata karangan latimojong ,Sivin camp, kampong kopi Latimojong","Dusun karangan, Latimojong, Kec. Buntu Batu, Kabupaten Enrekang, Sulawesi Selatan 91753, Indonesia",Kabupaten Enrekang,Sulawesi Selatan,https://lh3.googleusercontent.com/gps-cs-s/APNQkAFaOt6Vr6RRXDEwIX39lxiPTGkQegEndfsSej40-OJSS4uoccwaI5yIPpt15B72A6ONSfp7N9gpeWna5ZfzRQAY89wdbf560DpwLJshWOH6JNYxG18h-zao14ahtH14Lt3uO6YlRw=w1200-h800-k-no
Permandian Air Tawar Desa Kautu,"Jalan Trans Peling, Kautu, Tinangkung, Kabupaten Banggai Kepulauan, Sulawesi Tengah 94885, Indonesia",Kabupaten Banggai Kepulauan,Sulawesi Tengah,https://lh3.googleusercontent.com/gps-cs-s/APNQkAH_zPgl9nULYLgOp966_OXoGx6fe_HfndsKJN-Y3mTZi2QzaprYFBbiPUS9MFm1oBARqA_Jod7QcYs3yJ7r5JKjXLc1KVQ0VcS_tzj8GrxhqXhbfrOR09Yc-XsG1jF99JXlHEI=w1200-h800-k-no
Koguna Beach,"M6W8+G9X, Mopaano, Kec. Lasalimu Sel., Kabupaten Buton, Sulawesi Tenggara 93756, Indonesia",Kabupaten Buton,Sulawesi Tenggara,https://lh3.googleusercontent.com/gps-cs-s/APNQkAGXxzYcLfwg6APVi3cVjPl1hIK5YZjqzuBLEOoZKK61zN6F9h-t14jDSfR0AIOQtt7zpftE4XEsrbfVT2KUG-9jxBId5MgDtY8Ersey0fFgStnBPNu41a89SSV_lkz7zqvwbCk=w1200-h800-k-no
Pulau Pasir Putih,"G96Q+9P8, Tonyamang, Kec. Binuang, Kabupaten Polewali Mandar, Sulawesi Barat 91312, Indonesia",Kabupaten Polewali Mandar,Sulawesi Barat,https://lh3.googleusercontent.com/gps-cs-s/APNQkAFPhEtv_p8K86o2Uc0xK4bmmJAWHMJVzjnvRYghTXRV7ScWlHFm1ViCNHQjo6lw2gO-KJ_D0QxO_TmybkeE-3qHhKHFvUoOOy8VEIOmUv-4JEILKAcx9H7lScCRolvhOcvNM17g=w1200-h800-k-no
Rumah Adat Sao Raja Sawitto,"6M53+HRR, Sawito, Kec. Watang Sawitto, Kabupaten Pinrang, Sulawesi Selatan 91211, Indonesia",Kabupaten Pinrang,Sulawesi Selatan,https://lh3.googleusercontent.com/gps-cs-s/APNQkAHCo1nwgZsBLKZDs2iV_Vsgw6iyN0MtYdRx_m2n3e1CyeDOogF3jSV52N0LVklBMU3x1hOaPwObin26Ki47nLOrd5kDNDILzDPvSWuGkVIG4SfbZjzJjXuRNqCFN_NDx2bsbyhx=w1200-h800-k-no
Puncak Wakila,"Kondongia, Kec. Gu, Kabupaten Muna, Sulawesi Tenggara, Indonesia",Kabupaten Muna,Sulawesi Tenggara,https://lh3.googleusercontent.com/gps-cs-s/APNQkAGZx-Nn9bOZY-n2lRA38PY4r2dKPse_HrpkR97FYlkhr6G41xy0WvpOBP69COwJed1B2CmJFctQntgTa_3PRZv5WoTWqSDXmhaC5B9UFrEjbwV_7rUJISyU-WbZwgGJXP829zqSpg=w1200-h800-k-no
Wisata Pohon Cinta,"CWXX+Q8R, Pohuwato Tim., Kec. Marisa, Kabupaten Pohuwato, Gorontalo 96265, Indonesia",Kabupaten Pohuwato,Gorontalo,https://lh3.googleusercontent.com/gps-cs-s/APNQkAGw4PbdgSheTELzdxX1IzvnRj3UGGoA-jJrOK4tufu7VOrbzGWz-77byE1qENH2gToJbJloorkTXDTo5WTcKUUt8KtdA1iSMVL8xGNJU8YIM6Iey7YgY8MCFh4CqOqoDAb9_7FM=w1200-h800-k-no
Tanah Bangkala Bone 1,"F87H+649, Watampone, Kec. Tanete Riattang, Kabupaten Bone, Sulawesi Selatan 92712, Indonesia",Kabupaten Bone,Sulawesi Selatan,https://lh3.googleusercontent.com/gps-cs-s/APNQkAEWdUznD6hP2ni5rjdzrVWQfbDbtf7BY5WznMXtMH9vbWqrw19QwKbEED4ERZEMhXTZN2lnUXXSwkg8mtT_cMyuh1Lw1VKeQWh6YjoR_SrbiQ1H1GRRjJViP54d_fqMRDm2DUeM=w1200-h800-k-no
Pantai Banano,"Unnamed Road, J5P7+74R, Betaua, Kec. Tojo, Kabupaten Tojo Una-Una, Sulawesi Tengah 94681, Indonesia",Kabupaten Tojo Una-Una,Sulawesi Tengah,https://lh3.googleusercontent.com/gps-cs-s/APNQkAEyTlxd152XraaSF3bITI7Ilow6g0Ga0-MmvkXWBNtJJ6iII1QzA_RfUthnOOCTYS0y9jyWBCHC8sQTXd-0k7oWTj6u1Z91Lth4t2K0y26-Oy-HqYmwpfCIohVRhICbEEKv1yf8=w1200-h800-k-no
Wisata Puncak Raja Bunga,"Buttu, Baruga, Kec. Banggae Tim., Kabupaten Majene, Sulawesi Barat 91414, Indonesia",Kabupaten Majene,Sulawesi Barat,https://lh3.googleusercontent.com/gps-cs-s/APNQkAG3qKEixuwGm8UsLWm_ZZlhUCs0P-mz5nFCaYtc43dBWoet7WvTjg7ADZXzIDA7wntHWEfInSpCmQaSZE5ZZucu7ab-D7fX-TXj4900CyKUqxH678vDQzVKP8JW8bpMaAwWaOgZUw=w1200-h800-k-no
Pantai Kahona,"95XP+9JM, Pasirpanjang, Lembeh Sel., Kota Bitung, Sulawesi Utara, Indonesia",Kota Bitung,Sulawesi Utara,https://lh3.googleusercontent.com/gps-cs-s/APNQkAEsSgMNuWU9RWX-hUclE_eIXR3S3PeoDc84xa9gClEcv6CGhbmWfWyAsnocX_YktdCfGwkLOoXE6cfQS2uzNkVs14t7iFmzsVYvTSX_e6Eo1qjZUUzuS7uONLeOHpQZshke_zxF=w1200-h800-k-no
Wisata Alam Geologi Boro Boro,"W82V+9P9, Boro-Boro R, Kec. Ranomeeto, Kabupaten Konawe Selatan, Sulawesi Tenggara 93873, Indonesia",Kabupaten Konawe Selatan,Sulawesi Tenggara,https://lh3.googleusercontent.com/gps-cs-s/APNQkAE1LL0Lxk4dCNPeOaZgmQvwfaU3W54PUwYmUamWkaUTInMAtIzkwzM2Ozxg-GaoCUPU010HMA_FbHIxNDZm5xSvJEKrIccfrpvuVEZiuFGr6lVZLtThviCgmu0Q2Vxc_jlvxoIv=w1200-h800-k-no
Taman Batu Balloci,"3MCR+C39, Balleanging, Kec. Balocci, Kabupaten Pangkajene Dan Kepulauan, Sulawesi Selatan 90661, Indonesia",Kabupaten Pangkajene Dan Kepulauan,Sulawesi Selatan,https://lh3.googleusercontent.com/gps-cs-s/APNQkAGrzHOAV4iHWfPwDOKvL0pbM67AI6CNnORPJ04TcSsivedGvTu6tF4TZoGNug8s8gAlUt50Kyss2A8RNWT1Y3451Da7DJLXBVo271Vn1GWRwvA1AJCxvU4S_36_TBjJv9vr6fRHZA=w1200-h800-k-no
Bukit Teletubbies,"3QVW+CVF, Bungin, Luwuk, Kabupaten Banggai, Sulawesi Tengah 94711, Indonesia",Kabupaten Banggai,Sulawesi Tengah,https://lh3.googleusercontent.com/gps-cs-s/APNQkAHYSb3BFYAxcmb_MynvfjLRqRlfCXSMWxcSwGxJH-J73gw6kI26DBML-EnpcAGmjH4J0jkjIGlOyi1sw2ObnGx3aa7Hz6qJiOb7PZAPK-3NY2VsIzTyVJzEwuAJ4hUAln-MRSBxOA=w1200-h800-k-no
Wisata pemandian Air Panas Bakan,"H7XV+665, Bakan, Kec. Lolayan, Kabupaten Bolaang Mongondow, Sulawesi Utara 95771, Indonesia",Kabupaten Bolaang Mongondow,Sulawesi Utara,https://lh3.googleusercontent.com/gps-cs-s/APNQkAFQ7frt9Rp5VEpFkRbePhLo1VLl6O05qjifmoQrcn0uEeIo0vSAAAC77sRMQYaAYkFZxCsN6vjaDNg-xS4ZaMQp5hLPCcYmTlmyvayTGWzTdQlX6LFxLbEEmv6MRHvIGUo_zO5HQg=w1200-h800-k-no
Wisata Gunung Kekewang Desa Tetey,"GX98+J2V, Tetey, Kec. Dimembe, Kabupaten Minahasa Utara, Sulawesi Utara, Indonesia",Kabupaten Minahasa Utara,Sulawesi Utara,https://lh3.googleusercontent.com/gps-cs-s/APNQkAGqWuysC8XilrLdrLTRsfF3NidAN_Y_LmVGg0ZHfxm3GMypdPz1NMfThi16lIvOvzHCvfEYpOb0-gBgFOuur7e5Ml-MSwmToNxjtKYmDkO3XEpIzUWG8d00rADImV9se5XG5Gde=w1200-h800-k-no
Padang Pajjongang,"Jln. Poros Kessipute, Waemputang, Kec. Poleang Sel., Kabupaten Bombana, Sulawesi Tenggara 93773, Indonesia",Kabupaten Bombana,Sulawesi Tenggara,https://lh3.googleusercontent.com/gps-cs-s/APNQkAHFFKlL1O1mPviIDDp8oE3yCPCz9C7_0wCYi7mCycs_n8jKCH0iQHfsim1NnuLOasMoYK1xVqPVD2Ki-8qlevfG8fJcNbQhvPRu9BXFIaaBzcwyWoRRqzP9Iil6UXKjmG9tuuO_GA=w1200-h800-k-no
Tanggul Batu Cincin,"Labuang, Kec. Banggae Tim., Kabupaten Majene, Sulawesi Barat 91412, Indonesia",Kabupaten Majene,Sulawesi Barat,https://lh3.googleusercontent.com/gps-cs-s/APNQkAF2ZnGEsrTRtsuHxEek1n3dB1dfHZpYDR4-eOAfE-Dz1R-3f6Uj1tkXz1StCxlM53QzQxUQpcf3JmHgl1lCrZVXXogacObzhbPpR1_f5vY8xC9ym4U17-hVHmTy8zHhzGS0pUeh=w1200-h800-k-no
Taman Wisata NewMahoni Tomohon,"9R25+3W, Kakaskasen Tiga, Kec. Tomohon Utara, Kota Tomohon, Sulawesi Utara, Indonesia",Kota Tomohon,Sulawesi Utara,https://lh3.googleusercontent.com/gps-cs-s/APNQkAHt5szd32Z9hyoZjM1QwVAWZDgC0uhOdRtEwIpMo0azU2m1I1azZ2t1DPMF_pk8Bq3Tx1j3iq632WwdXaIeRp5FdsN_PqBJnH2xaZDTqv72HXMa25ZLMbAF4gmtbv1twzhDb5XTCHorm02_=w1200-h800-k-no
Air Terjun Bantimurung Bone-Bone,"CGW9+XJ7, Bantimurung, Kec. Bone-Bone, Kabupaten Luwu Utara, Sulawesi Selatan 91966, Indonesia",Kabupaten Luwu Utara,Sulawesi Selatan,https://lh3.googleusercontent.com/gps-cs-s/APNQkAHUjIJesZpV4r8dYmmrN-vHTh4csw-xNfYnshha7jstBkrsdEUJk_rZCOffsjzpJuC8TGNZucNdfSFEtTXNI8I0EpohurcEK97Fj-ttilD2jl_frbHVLc8CDIuSjWCkEIY7gsgOuQ=w1200-h800-k-no
Pantai Tasik Ria,"CP65+Q69, Jl. Trans Sulawesi, Mokupa, Kabupaten Minahasa",Kabupaten Minahasa,Sulawesi Utara,https://lh3.googleusercontent.com/gps-cs-s/APNQkAGRrC5EFjSB86UfszpYcfULjlwpHqFcr6pGIzPedffr4AMv2CdWJV3t2NHv35cSd2z6x6k0KHsIHqprjU98Kbl8y5NvHfN--ElD6pYr0_kAH6GURlfBsN-LQaOXYMMn5qSeKid4=w1200-h800-k-no
Pantai Wantopi,"Pantai Wantopi, Wantopi, East Mawasangka, Buton Regency, South East Sulawesi 93762, Indonesia",Kabupaten Buton Tengah,Sulawesi Tenggara,https://lh3.googleusercontent.com/gps-cs-s/APNQkAEGVtZxCtGurgCIwXzhdgHTIPWkV104WO7_DlZexQYJexVDEM05TIW135vm5Izz5OYVZTAHpZWUkwjUemETDVWqR3TvT5RXFrsgV8XCI-GmNt0JYx5Ro3RRiFetGgLAEj2inflUpg=w1200-h800-k-no
Objek Wisata Gunung Tambolang,"2VPV+893, Mentirotiku, Kec. Rantepao, Kabupaten Toraja Utara, Sulawesi Selatan 91833, Indonesia",Kabupaten Toraja Utara,Sulawesi Selatan,https://lh3.googleusercontent.com/gps-cs-s/APNQkAHu7Fm6Su0fhW5WBU3YlfbqZ_1ABQ1qzZ8c4NtOLY4SAKL_Fo0yUV1VFBxuUJqh1p1lr2QRfDC372HBbrIw8OhFnAKl3T3zx2s-X4Dv45MbRzxJj9Bynyixca6Dw24XRftruaddPg=w1200-h800-k-no
Hidden gem - taman wisata & camping,"7R8G+6J9, Tondangow, Kec. Tomohon Sel., Kota Tomohon, Sulawesi Utara, Indonesia",Kota Tomohon,Sulawesi Utara,https://lh3.googleusercontent.com/gps-cs-s/APNQkAEFZFoEJQjxyAL3axO90V_yCXt_FaTEDpGbvObYJOWi03ZngoOxS5Oc0m4ipC7OjZfmCe_RtEdQbv9oZok0h0pogfhaI0nBhYQP4NTasj2xd_z2eHIy0mC4PhKBb0VhToKE=w1200-h800-k-no
Permandian Bukit Kasih,"Jalan Perintis Anak Bangsa, Langkae Araya, Kec. Towuti, Kabupaten Luwu Timur, Sulawesi Selatan 92982, Indonesia",Kabupaten Luwu Timur,Sulawesi Selatan,https://lh3.googleusercontent.com/gps-cs-s/APNQkAEEl9lmj6R_2pt3YFf81M-4jeDbGLUEqxeW85cgPTKoiX6eK6no9eWsiEZLH4OnDFYZRdfKrv5t7bMx73JmsES0IouQv8nFBa9PK9o-32dS3rMch7S7p6CHdI0mtVNjIdMccXwGZA=w1200-h800-k-no
Danau Tambing,"M8G5+6F7, Jl. Dongi Dongi-Watumaeta, Sedoa, Kec. Lore Utara, Kabupaten Poso, Sulawesi Tengah 94653, Indonesia",Kabupaten Poso,Sulawesi Tengah,https://lh3.googleusercontent.com/gps-cs-s/APNQkAHA4nZAOJ3i3ELFTmOWsM-HxySt4Bi07wNZe4dZRpJgzNHm06odBXLTNUZMd16fRBCTNqDwXU4St2MAcP--9GeqeKwL-JZ67vQqHWZjiDfSCYSenhcZ3AxT16h4ZpHJJmc38l8=w1200-h800-k-no
Wisata Alam Pakalolo,"Lengkong, Kec. Bua, Kabupaten Luwu, Sulawesi Selatan 91991, Indonesia",Kabupaten Luwu,Sulawesi Selatan,https://lh3.googleusercontent.com/gps-cs-s/APNQkAE0HIZ1Fg_Nzt9EDdDBU4AlLskIpnNnlbq1B91n0oNia70-wGoyQicrmREZFdXJjhNW0o0dzdqxd5u1ybkh_Efh0_4frpYExdP3e32AB_fdmHej0tgtF36swY-VUX83JUHbet8=w1200-h800-k-no
Air Terjun Biroro,"PVJ9+4Q6, Bonto Lerung, Kec. Tinggimoncong, Kabupaten Gowa, Sulawesi Selatan 92174, Indonesia",Kabupaten Gowa,Sulawesi Selatan,https://lh3.googleusercontent.com/gps-cs-s/APNQkAE6ncWd6E1vlFYnIlmMB8L7QhYutLhtvIQzQMRBrka3toTgIrtxtuy3ACpkXEM_57bEBNTAU2s9rFPZBEsS5I9tYW5EGuBTW2DgkJqKDoP84A6zTyMxyu1pDhy7XwMsfJtwU0p3=w1200-h800-k-no
Tapahan Telu Waterfall,"9RGM+6GH, Tinoor Satu, Kota Tomohon",Kota Tomohon,Sulawesi Utara,https://lh3.googleusercontent.com/gps-cs-s/APNQkAFXK5uN-QJQdH6uHSgObanuJYQ3fV-qwqKl2775a7w7lfVbgyasuvMROE8hGHQ8g0H4MuyP2-SDfYSytS008QdxHak5mu-tTjs9qbuuPCDvbje_7S99_RLWu5lOu1PIbc44ShtIVPVYclAG=w1200-h800-k-no
Tongkonan To'Barana,"4W9V+3HC, Jl. Poros Sa'dan-Tallunglipu, Sa'dan, Sa'dan Matalo, Kabupaten Toraja Utara",Kabupaten Toraja Utara,Sulawesi Selatan,https://lh3.googleusercontent.com/gps-cs-s/APNQkAFlIXA_TbeUBAYUNTB7G-9WLevfQp83X8vZreDfmogaj-t0diGUN2S8xAgmTimaXZY1uQ7M6ZKj5dZgF03eTzle7vgNijv7bOSV5vjMcjXwrc4GUjsKmvMwu5nM5DUE50pOX4Tt=w1200-h800-k-no
Air Terjun Lengan,"WQJQ+FR3, Laiya, Kec. Cenrana, Kabupaten Maros, Sulawesi Selatan 92754, Indonesia",Kabupaten Maros,Sulawesi Selatan,https://lh3.googleusercontent.com/gps-cs-s/APNQkAGDBnyqLX4yZOK_r3gcWIkaDoCY2qiI8au1QuQlH13OkTGa8fKlWNwNN1kMUt96sFL0r04PekUDFj-xAK20w4DtwYmttelQXIc3ytU6yJpDOdx8MzjGgFhIZZTcaKBkUQ745gPB5Q=w1200-h800-k-no
Pusentasi,"7MR8+4QW, Towale, Kec. Banawa Tengah, Kabupaten Donggala, Sulawesi Tengah 94351, Indonesia",Kabupaten Donggala,Sulawesi Tengah,https://lh3.googleusercontent.com/gps-cs-s/APNQkAEaUnufXG_WbabKfm784LHbVNvFnjITz1VeLupjSFqtbztbLwJKlGC-xCcIoFAqAYYnuv0HZMEHgARW69V8ae594mfI2yOgk1FAwcaoN6OMhTHtLT7Ej26CxtgPyEMQCWcff6Ko5A=w1200-h800-k-no
Pantai Malauwa,"Tapandullu, Kec. Simboro Dan Kepulauan, Kabupaten Mamuju, Sulawesi Barat, Indonesia",Kabupaten Mamuju,Sulawesi Barat,https://lh3.googleusercontent.com/gps-cs-s/APNQkAHm95nMjc_Nk6S-5dMCDfJ6GqckvMN_YMJzLzGYSQCldB0QGnkrJ6QGDci_s611OMcofLlMderTk4N5-nChcMhNDZ-IYENE6AD3JxVZwsbVdGsDbkDRuMUnhbX8WUHuGfR1rlgB=w1200-h800-k-no
Situs Megalitik Pokekea,"8657+R4C, Baliura, Kec. Lore Tengah, Kabupaten Poso, Sulawesi Tengah 94654, Indonesia",Kabupaten Poso,Sulawesi Tengah,https://lh3.googleusercontent.com/gps-cs-s/APNQkAGF9b7KU2fdmTCo6hdHl6ftf_oTDAy1m0-4MVZJAdvIZ42ictnN76xPvxW0ly--wn-KabB0l-Q_ftdGzuj7OyCcIRIS4dtAnWk-F4Tr07_Fk4bVKB7X7aaBgXI5sumY0UTe9lQd=w1200-h800-k-no
Uluna Tondano,"Unnamed Road, 7VXR+GWG, Masarang, Kec. Tondano Bar., Kabupaten Minahasa, Sulawesi Utara, Indonesia",Kabupaten Minahasa,Sulawesi Utara,https://lh3.googleusercontent.com/gps-cs-s/APNQkAGDOEi2S6Ozr7JIelZLEyGaaWCqZNOsIdtoaADzrJ9Hknz4MXTxIcqeFg49Wt1c1qcMU6BpdEPjGcBt7uvhhvJ5j2CVj9tYAny6mnrrgkiBSUqd_4QORw9oNYnjfHVO5Y3YFF70=w1200-h800-k-no
Air Terjun Sarang Burung,"JMPW+J44, Binuang, Kec. Balusu, Kabupaten Barru, Sulawesi Selatan 90762, Indonesia",Kabupaten Barru,Sulawesi Selatan,https://lh3.googleusercontent.com/gps-cs-s/APNQkAHi-2yk-SqFb0VceYxLcX31Tjr8NkfwPHHAwzwBvGze2mb7MwA1m6zvjvf4AULO3SCB5JsHPQWYrMT_3Xcl7l_Bo0aPbeH-zFoVFE5xy5fXlHgoYul8DZrWdJ1t77hnDMRJ1TQ=w1200-h800-k-no
BUKIT DOA WAREMBUNGAN,"Warembungan, Kec. Pineleng, Kabupaten Minahasa, Sulawesi Utara, Indonesia",Kabupaten Minahasa,Sulawesi Utara,https://lh3.googleusercontent.com/gps-cs-s/APNQkAFLNGpfX-ckWGrh_MyC51iS4CBMt-gSZA1lDigAB8O6aexfQRwPDJQZlayqOy-L6Mk5HlzLCElYaKZtsW2Qiw55jGewaKjUApS0THztN6iPjOjQUpuxlVgBHT94cs2Iol3WTH4ZYL-lWmI4=w1200-h800-k-no
ZULU PARK,"Jl. Poros Senggerang, Balleanging, Kabupaten Pangkajene Dan Kepulauan",Kabupaten Pangkajene Dan Kepulauan,Sulawesi Selatan,https://lh3.googleusercontent.com/gps-cs-s/APNQkAFf0j9iP47Loqu6koY0Sx4jmDyvSMneAE-trvnh_EXKidzQLWs99nVBg58PX65xzS8JYnC_cSoGewzcMZyWaSUjOQo032Z-2yuVoQPtW3zi64yxXb0DeJSLZ3hYrq_HXV4BGyKy6A=w1200-h800-k-no
Pantai Beringin Cinta,"Dusun Toansang, Bonda, Kec. Papalang, Kabupaten Mamuju, Sulawesi Barat 91561, Indonesia",Kabupaten Mamuju,Sulawesi Barat,https://lh3.googleusercontent.com/gps-cs-s/APNQkAHfG9M2fXoGWh4FjYHcSFiM-HCiRhJVAD-WGq7U-xCEo1g1xWIA_UK111tPNscEUCR1CBhXGGmokqUBhzG5YzdhU77dISBmhWkdLxjES4HUjXXlopJIr6DU39s5ydq74rspZjMW=w1200-h800-k-no
Pantai Wale,"6CX4+RCW, Taipa, Ulu Sawa, Kabupaten Konawe Utara, Sulawesi Tenggara, Indonesia",Kabupaten Konawe Utara,Sulawesi Tenggara,https://lh3.googleusercontent.com/gps-cs-s/APNQkAEHJEH-6No-FvGXl_kep-4G_zzrzQZhLMa39hM9_E4qhKECH6Pus1eJtXx8yAz_f3UJT6fixX0G5pav8ksn7PppQiFJiMRhp8puNGc8IWwK2V2ef1YotE2JlBmb_RT-7rLP_-Qq=w1200-h800-k-no
Napabale Beach,"3QR4+QP3, Desa Loghia, Kec. Lohia, Kabupaten Muna, Sulawesi Tenggara 93658, Indonesia",Kabupaten Muna,Sulawesi Tenggara,https://lh3.googleusercontent.com/gps-cs-s/APNQkAEFqcyVQCrviiMjBVarFsxyfc2OqCSncnh9_q4Kp4rAZWcKhrEvKfSJyL5BZ7KfPJWYcUhCqkZHXA-FIQvhtC4-XiD50sZCNa_6tC4lEoMOgraNdm1qUh868V-PMI_jxKSIc-_Dwg=w1200-h800-k-no
Marina Togo Wakatobi,"Jl. Jend. Ahmad Yani No.140, Kabupaten Wakatobi, Sulawesi Tenggara 93791, Indonesia",Kabupaten Wakatobi,Sulawesi Tenggara,https://lh3.googleusercontent.com/gps-cs-s/APNQkAHakJBvRFghpxgn500Pmdgwg5-s3l6PQfLz2oiKxnWmFpZAEvcTEL8SM4aYrlmL_KCJ_-LA94z4Jj0K01Z0UC8pwruIVfxUrLEO05O0Ml_FCGbyPpWvtNOYorJSnAygiwoCfD0X6Q=w1200-h800-k-no
Air Terjun Parom,"F469+8PP, Danowudu, Kec. Ranowulu, Kota Bitung, Sulawesi Utara, Indonesia",Kota Bitung,Sulawesi Utara,https://lh3.googleusercontent.com/gps-cs-s/APNQkAGbpythN_LQpBn-Z9IGRhEJmNi-6gKYa_cQoBKrYeNOfedgWrfQcnBQRdpy7BuNCimQ0bUALWXZ6ZpTJ2J5DnSOJMhi9-yCaMLRKtZmhx-gVJ7g3pO2M4Dyfo6TquKstC-qoQn7=w1200-h800-k-no
Bulu Dua,"Bulu Dua, Gattareng Toa, Kec. Mario Riwawo, Kabupaten Soppeng, Sulawesi Selatan, Indonesia",Kabupaten Soppeng,Sulawesi Selatan,https://lh3.googleusercontent.com/gps-cs-s/APNQkAEsEE2NWzNZLxrZmFYWy4yV5X4cv3Mw_0g6Jce9wbtWhpBGol-C4a_4HFK1Tji3ZU1R41tPB29drTgV2z48K0qDP5LSl9SM4NXVBG1vRY1DHS0fiD9E6EJIX8EOFWIp3HrLXGiCKw=w1200-h800-k-no
Pantai Alar Pondang,"6H8V+3XV, Pondang, Kec. Amurang Tim., Kabupaten Minahasa Selatan, Sulawesi Utara, Indonesia",Kabupaten Minahasa Selatan,Sulawesi Utara,https://lh3.googleusercontent.com/gps-cs-s/APNQkAHyVNLYC5Rd9DF9iheCjJkkNOm2kuzrRFttNn9bO7mWAo53zU4ciGYwUWJTNGf4gLGKuyPu90Tlp2mtYNcNmUhEzQb45gmjdE989tDwhFuH4zfbiiCwY0SbEuCOpEa-1G2dKwDM=w1200-h800-k-no
Minanga Beach,"Pantai Minanga, Unnamed Road, W4G5+VC2, Kota Jin, Kec. Atinggola, Kabupaten Gorontalo Utara, Gorontalo 96253, Indonesia",Kabupaten Gorontalo Utara,Gorontalo,https://lh3.googleusercontent.com/gps-cs-s/APNQkAFig-KpbX5fvEWAElzfIb4Q77AulWeOPH3lxBvLHhkd_iCI-CMm8udHQcjCQfnwX8zq5ya7WXTJIM50w3NysOXafzg-WmKaAgILY49wOPAVihwFy2ntb4FruoWhQzj65AOgYqy2=w1200-h800-k-no
Taman Wisata Fafaliang,"Panaikang, Kec. Sinjai Tim., Kabupaten Sinjai, Sulawesi Selatan, Indonesia",Kabupaten Sinjai,Sulawesi Selatan,https://lh3.googleusercontent.com/gps-cs-s/APNQkAEhQI-23sk2a8EcLLSckaiOOYLqclcffvV0I9YrQbndtSKzSAEfw45aa7HpiEjo8bxfZUj1lF3fA2mpGLSBz4VTYc5HGthdDJ3Y4h4n6t_GS8_Bx4EkNn3VhJRcXLYjy8GBRk38=w1200-h800-k-no
Pantai Kelapa Ujung,"Tino, Kec. Tarowang, Kabupaten Jeneponto, Sulawesi Selatan, Indonesia",Kabupaten Jeneponto,Sulawesi Selatan,https://lh3.googleusercontent.com/gps-cs-s/APNQkAHpcu7eMLWtiDZ61TGByudT3pLI_qszbTE8iwbTf5r9iyQUZpICCOphHPV93vzd4T0D0gTiv1yuko6_vEMxljDnv3XQmTcjx7YXEZ9izO-kkn7x3svWRM6gzYiwhQK_nsbLvIK00Q=w1200-h800-k-no
HARLAND WISATA KEBUN,"Belapunranga, Kec. Parangloe, Kabupaten Gowa, Sulawesi Selatan 92173, Indonesia",Kabupaten Gowa,Sulawesi Selatan,https://lh3.googleusercontent.com/gps-cs-s/APNQkAGXaLS9Vm5nq8VeD9qyU4evJStdXL7WcdsOf_cXmbRx4Ej0E6bVwsRQPOGywOvTT7yio_DoajLb2asj2NhYO45o8CFj8vF4BdvCcidSIfZUO7rYWN5LjWQOZX37QCV0CQNgdaYYHw=w1200-h800-k-no
Wisata Alam Buhung Tie Lotong-lotong,"G84Q+52C, Benjala, Kec. Bonto Bahari, Kabupaten Bulukumba, Sulawesi Selatan 92572, Indonesia",Kabupaten Bulukumba,Sulawesi Selatan,https://lh3.googleusercontent.com/gps-cs-s/APNQkAE3lrILfjEnfx0fkNOYMokmuSfA9Rv4vHuyQcvuXwWBxUk0GNZxfk4Tq7zjr0RsuYkLjVjKoDVxh_I6f1Hmi7LKyu_nvNYgN3g-bXj0C5ldODsrIv3kRMOV2xYlG60owwGvqdapXw=w1200-h800-k-no
Monumen Juang Lesangi,"C8WG+PPV, Bone, Kec. Masamba, Kabupaten Luwu Utara, Sulawesi Selatan 92961, Indonesia",Kabupaten Luwu Utara,Sulawesi Selatan,https://lh3.googleusercontent.com/gps-cs-s/APNQkAHQGbqkhLvQhIvlaTt_4lk_MziJEMHQI_sBiO3km-lqZ6dW4UK2UvXsWojItqPPrSOs7H5bnZio3ATv8EYMQTVkx3KJ72f6X92HA5LNHAf77HXV3OFwab-08AGEkK7wcsBckRhm=w1200-h800-k-no
Wisata Polewali Mandar - Rawa Bangun,"HCJ4+479, Batetangnga, Kec. Binuang, Kabupaten Polewali Mandar, Sulawesi Barat 91312, Indonesia",Kabupaten Polewali Mandar,Sulawesi Barat,https://lh3.googleusercontent.com/gps-cs-s/APNQkAHftOh-ZtvOubVWVkXCzD-sclu9HJXGWOX3dEkU2JHFX3e5b2VuIW-3nrh0P6mSFlGzXhBqOoBvOkcPNdxsRQg2X6hIsRCsXL2GkN9wogTWjWNPWP9VbxPE_cimwFuTghWpGvEUmg=w1200-h800-k-no
Wisata alam & rekreasi borkal,"Jl. Poros Bonto Bahari-Kajang, Bonto Tangnga, Kec. Bonto Tiro, Kabupaten Bulukumba, Sulawesi Selatan 92572, Indonesia",Kabupaten Bulukumba,Sulawesi Selatan,https://lh3.googleusercontent.com/gps-cs-s/APNQkAH-1CgwJRPTRIDWjuC-99rCpHbC4mWRT_a4LQ0xKka3ZlRHxgMVgri9SyVBNbf11K-hrD6p7rJnj7olOhFfhNDMDDpDpUOz8rAlJpanCWOy28MigdZYJmrP1iM_GBtQSBUwIHXE=w1200-h800-k-no
Wale Ne Reideen Rumah Miring Tomohon,"Unnamed Road, Talete Dua, Tomohon Tengah, Tomohon City, North Sulawesi, Indonesia",Kota Tomohon,Sulawesi Utara,https://lh3.googleusercontent.com/gps-cs-s/APNQkAE_2A44kHVNy4ZAwkzSZmSqC_F3TxUSXp4Ef1AF6iIQrMFgtd9rvz6Gfi_gS3bubY4HAzqLy07-_yJlwGElW59nx1V-bhFLq-1lbr_bfgBAyaDukgjUcZmRNcsSVnGoJ1qMGIuZ=w1200-h800-k-no
Museum Karaeng Pattingalloang,"RC53+GPF, Jl. Abd. Kadir, Benteng Somba Opu, Kec. Barombong, Kabupaten Gowa, Sulawesi Selatan 90225, Indonesia",Kabupaten Gowa,Sulawesi Selatan,https://lh3.googleusercontent.com/gps-cs-s/APNQkAHdIeJcRuZ9NECEcBHeWTgdrSl_ShdegoCS2Ui4NPr20kFrqvgEE-QP66U1_DPzH5vFSVM8sP6LRRqfM967a24sL0kidQh4BR6f2ehOfVC7nH8eLFLV6N1kiw5y6BfM5pzestD4=w1200-h800-k-no
Permandian Alam Waetuwo,"W68G+694, Waetuwo, Kabupaten Bone",Kabupaten Bone,Sulawesi Selatan,https://lh3.googleusercontent.com/gps-cs-s/APNQkAFXfGEnScT1TAit34LNbgAvQkZk9DpCdq37QXZuiVIXCu8_fVU3_jgPqi5JhMea3b9mWOVEeIHa7UUOambxhvLyHtiknG14AVHMI_5lWwhksiPNsqQnbzx0tUxfqOitEeiTKygx=w1200-h800-k-no
Klenteng Ibu Agung Bahari,"Jl. Sulawesi No.41, Pattunuang, Kec. Wajo, Kota Makassar, Sulawesi Selatan 90164, Indonesia",Kota Makassar,Sulawesi Selatan,https://lh3.googleusercontent.com/gps-cs-s/APNQkAGktDDOVdiGbWfz0ScnLy9ZFq65V8OhBqvIUi1IPJIKCrsC9TarE3DtmcuYXyt_snUFam_NFtutGXiyMr-Skg_gmS1UWY3AtGJHR8_FiKERJ-2ULByi7cbLltTSlewcNH-eFbX8kg=w1200-h800-k-no
Bukit Savana Pulisan,"M5H2+PWV, Pulisan, Kec. Likupang Tim., Kabupaten Minahasa Utara, Sulawesi Utara, Indonesia",Kabupaten Minahasa Utara,Sulawesi Utara,https://lh3.googleusercontent.com/gps-cs-s/APNQkAFehBx7IsD6Kru2c1Lsv7SFbdN4hAv72dtjKiwDznOIVmzNuOFZXwIwhSS1AjFdvlv_nrnTTnfU8ALlB5ksscQ5gN2dVbknrIlmMd4kHVaVBC1Ri-BwIjPhhv-kPaUfomYUIFkQVQ=w1200-h800-k-no
Masjid Taqwa Tompong,"CXX4+672, Jalan Bete-Bete, Letta",Kabupaten Bantaeng,Sulawesi Selatan,https://lh3.googleusercontent.com/gps-cs-s/APNQkAFrMZ1LWyZD-V9wQlFYp-OmSNThFmIvESfn2DCQVVQiT8WJZ8wDM3sQp_ezT9pfCz6n7az-CSjsG2C7oX8f19qdqaYOmFJyL1gYyXii_L_IJFgcVIkojHbBR_vPiaUJRP8K0-Gf=w1200-h800-k-no
Kolam Renang Banua Wisata,"Kompleks SMK Pelayaran Samudera Nusantara Utama, Balandai, Kec. Bara, Kota Palopo, Sulawesi Selatan, Indonesia",Kota Palopo,Sulawesi Selatan,https://lh3.googleusercontent.com/gps-cs-s/APNQkAG4PuJX-XNreEuBI8fh6R1IrKVMYfMbzwrrwXmKrZz8-YZSBj7pS3tZgbMAKRoh17ELnIdd_JniYZ2dgATLryI986aFttISo6PW0iZlFqJAbvCRggvlQWjV3ilfHLVSZ9AhAISKdA=w1200-h800-k-no
Bulu Saukang,"Bulu Saukang, Benteng Gajah, Kec. Tompobulu, Kabupaten Maros, Sulawesi Selatan, Indonesia",Kabupaten Maros,Sulawesi Selatan,https://lh3.googleusercontent.com/gps-cs-s/APNQkAGFBLG0Kd9i_oHkRxU1HX4XlVuwmjBoFjZSHOE-O2cBN0Wt5xMmq86JuHABawDj5N3iZq3BgHbjPlJCypC9rqe44p63ACzol386frrh4iimLIU7IOH1tf1d8MpJ8mwJIqKWvjkhD4_xOCs=w1200-h800-k-no
Pantai Batu Gong Kendari,"Jalan Poros Wisata Batu Gong, Toola Wawo, 4G94+PJQ, Batu Gong, Kec. Lalonggasumeeto, Kabupaten Konawe, Sulawesi Tenggara 93351, Indonesia",Kabupaten Konawe,Sulawesi Tenggara,https://lh3.googleusercontent.com/gps-cs-s/APNQkAExJ9uLSOSGDmrsM8Av-rN1Yl0QjvCs3le4_uvF-Ge6glvhp4kdoXYOuzpS7u0nglzL4ssdAVafCNg0wZ6zuJkSNhpszb-9KrV4iLfL5ib_3KyqzeAOE6rOWSJhyTbXKLrrYqk=w1200-h800-k-no
Danau Limboto,"Danau Limboto, Kabupaten Gorontalo, Gorontalo, Indonesia",Kabupaten Gorontalo,Gorontalo,https://lh3.googleusercontent.com/gps-cs-s/APNQkAHSbiMZ4s8imyD2B8Uls152OEf9qF3sSFyZq7ceTnb5jx8K_ZezbabGq7qjw9yBBbbNtQwhKW0LBlHSdLRNM-tErMJDMVNtqu9V-cu3eZo_7bQeRBCVEFO6cTb55vQ9lF5ZSKoD=w1200-h800-k-no
Togeo Beach,"Bulu-Bulu, Kec. Tonra, Kabupaten Bone, Sulawesi Selatan, Indonesia",Kabupaten Bone,Sulawesi Selatan,https://lh3.googleusercontent.com/gps-cs-s/APNQkAGBMincz0II-bHoa30MO3qE1E0bjFgMHNhT814SYJH3EjrJNRj4bvzhxXw8bQlIOQhKA42rq3ZrbEF7FmpxZTbzJPfDdnYdsk2PmA3eRwqXec0YZx2NvqX1OBmEFZ_L8ilVM_Y5yQ=w1200-h800-k-no
Rumah Adat Jeneponto,"Jalan Lakebodong, Benteng Somba Opu, Kec. Barombong, Kabupaten Gowa, Sulawesi Selatan 90225, Indonesia",Kabupaten Gowa,Sulawesi Selatan,https://lh3.googleusercontent.com/gps-proxy/ALd4DhGKg7KO2jS6Kf5_6jI6DYEvo2z6KZYGYOI8AQGZle5hYqmzW6JnkYfmXlyL5j8GJkfZDTiVYNPAU4QP6732kMaCuebKeAIIlZaiO-FmVOD44nF65CpMewlqswEL2IwQpmsYZ3ZBqVLczde7sGQ9rKzVeceU4Ues1zPe6nCenvWdivdLUNdeaJCYsbwRbhKZDlWEVvk=w1200-h800-k-no
Wisata Rumah Hobbit Bolangi 4,"Timbuseng, Bolangi, Timbuseng, Kec. Pattallassang, Kabupaten Gowa, Sulawesi Selatan 92175, Indonesia",Kabupaten Gowa,Sulawesi Selatan,https://lh3.googleusercontent.com/gps-cs-s/APNQkAGHzlMt3xDClP5h6U4lvASwuTAU288HJBqaJI1vX7WDqjzQAv3EedUmNeA-pkHNsh4l26d4coK6I1zcvvGc8H55a5uYxu0wcYXdnkfd_3m7tryLvmKtNlIs0WFkw0iePTSeb3DE=w1200-h800-k-no
Permandian Moko,"RHGM+7CR, Oempu, Kec. Tongkuno, Kabupaten Muna, Sulawesi Tenggara 93662, Indonesia",Kabupaten Muna,Sulawesi Tenggara,https://lh3.googleusercontent.com/gps-cs-s/APNQkAGlz1g_3ei6sQhdV5SnABYaBX8LEXDB6f4DzZ0WVZt2-boHr28f4AOePE1Gdi_KraKVO3P1cxMl_AjPASBJvNX4NH6f6xq71oRekA-EJjfdyZb5tAAhQLwsCTZKkyldDBV--FIx=w1200-h800-k-no
PANTAI PUDONGGALA,"6CMW+3JG, Jl. Wisata Pantai, Pudonggala, Kec. Sawa, Kabupaten Konawe Utara, Sulawesi Tenggara 93352, Indonesia",Kabupaten Konawe Utara,Sulawesi Tenggara,https://lh3.googleusercontent.com/gps-cs-s/APNQkAF-BGZ0jv6-_473zRRVSjsZcjGy8vqJhnN3inyX0Ny9SVcuga-C7ldfc_w027SY_gByyA9KSyO04B1kculA-xT2NxPReSAwhgpGJYhgqHOF4GCNjg1B6DkPPei3MhZ3V_C-QyfUEIVIQx99=w1200-h800-k-no
Bukit Alebo,"VCMX+C22, Alebo, Kec. Konda, Kabupaten Konawe Selatan, Sulawesi Tenggara 93874, Indonesia",Kabupaten Konawe Selatan,Sulawesi Tenggara,https://lh3.googleusercontent.com/gps-cs-s/APNQkAEc8WYj4R0stzr4nYxWV_DvRwXZq8ytN00Ml_8rO3WvbHfn0Kmwr2lWc484FMYpRn66UG5q0ywtHhfOgbUlVHaJ08qisNt8PPRHEPDYi3yiiM2DajE5-SmGBEjMKp_kCQnRcd2j=w1200-h800-k-no
Taman Nasional Taka Bonerate,"Jl. S. Parman No.40, Pulau Tinabo Besar, Kec. Taka Bonerate, Kab. Kepulauan Selayar, Sulawesi Selatan 92812, Indonesia",Kabupaten Kepulauan Selayar,Sulawesi Selatan,https://lh3.googleusercontent.com/gps-cs-s/APNQkAGOakWd9Rdx89iGpUI6bKoq-DlWAvZgek103_q6xGPcw4TG8Ji6FT8pSpls7jB0JcdGIJJP6jahfBFqcBKz_7jSzfLa-7MY_4Hblp1YawHO8jPgVXa33p95ds-MtG8F487JBaLqsg=w1200-h800-k-no
Rano Kalimpaa,"Rano Kalimpaa, Sedoa, Kec. Lore Utara, Kabupaten Poso, Sulawesi Tengah, Indonesia",Kabupaten Poso,Sulawesi Tengah,https://lh3.googleusercontent.com/gps-cs-s/APNQkAF19IQuJQ-lF2Lg2lff5KIAQzWaCrZXccyrV-bAIlBr1W88-tyPv7uPYm7D-mFlYumshgWJrYiivSjnJA6XjcgE6MSXlhCsrKJl-P9YoJspZRVLcka6NuuWQYbSfDU6VQaIU3cu4g=w1200-h800-k-no
"Embung Hutadaa, Talaga Jaya","H2G6+3VX, Unnamed Road, Hutadaa, Kabupaten Gorontalo",Kabupaten Gorontalo,Gorontalo,https://lh3.googleusercontent.com/gps-cs-s/APNQkAGy9S5sVXcVyU0hXu-NLwLrk_94e3_k7xR82onfgw0BsgXDam_PyJH0zYe8k7bXKPQsVTemHM8DjFL0IOnQG8_j83ViIP5AnGiov8sawmKtjVCHpoHxqhxeDQzymQGZCFg8Hm4Y=w1200-h800-k-no
Wisata Pemancingan dan Kuliner Lembah Sigi,"2WQ6+6X4, Jl. Bufupanda, Lolu, Kec. Sigi Biromaru, Kabupaten Sigi, Sulawesi Tengah 94231, Indonesia",Kabupaten Sigi,Sulawesi Tengah,https://lh3.googleusercontent.com/gps-cs-s/APNQkAEH_1PSFmRWnBJK72JG_nMAucdtuzwInaQpw_-9V_WRbx85u0GnPn2pDCX_jwiP9M_8FHcyVJUIN93lG1NffNJ4JburFCN4rk0wi4Xa-2ZaCSUY6Bxq2Qpd6fZcTesLYKgPSFVJEaOX-v4=w1200-h800-k-no
Puncak Pusunge Tahuna,"JGJ4+45F, Lenganeng, Kec. Tabukan Utara, Kabupaten Kepulauan Sangihe, Sulawesi Utara, Indonesia",Kabupaten Kepulauan Sangihe,Sulawesi Utara,https://lh3.googleusercontent.com/gps-cs-s/APNQkAEt1t21mLAUAKSkyin2iZUcKVfXJsiafMwP9jgXTCQ8DLP9pVIjSQAIAINFST7sTXkSwGRI2BYyu5_4iofekY1mYBlUX7R-Rq-uUVQ4-FgZu4nemyJOJwvGu0cNij4EgQUcW1eA=w1200-h800-k-no
Museum Keraton Buton,"GJ92+QV9, Baadia, Kec. Murhum, Kota Bau-Bau, Sulawesi Tenggara 93711, Indonesia",Kabupaten Buton Selatan,Sulawesi Tenggara,https://lh3.googleusercontent.com/gps-cs-s/APNQkAH2yTQUlUoTML9Yf6E5_D7Ih2jEIaiNvY5IWj3StXI-Iy2bGe1uWdIq0EHi8Gv6k5yn_kKOl2zmjuwbRtukyBStFSKKrW0gGLJ-6YGNQ1zWb9mAzbt6qQDmbtasopKYk1n9gJRb=w1200-h800-k-no
Pantai Moinit,"5FMR+V5M, Tewasen, Kec. Amurang Bar., Kabupaten Minahasa Selatan, Sulawesi Utara, Indonesia",Kabupaten Minahasa Selatan,Sulawesi Utara,https://lh3.googleusercontent.com/gps-cs-s/APNQkAFhcerUqqT4i9Z4mQ6WUkvRnveHSSaiFNOSVz_QN9slmdB2fjnLbVXTshK4sLVjfUbs77W5-17VFldfkNl6IhpzfpXwOL-gMt72G43Td3b9bYOclBR3zFn-4I1qbgpijupZGabV=w1200-h800-k-no
Pantai Tae Manu Belang-Belang,"Unnamed Road, G4PG+5V5, Belang-Belang, Kalukku, Mamuju Regency, West Sulawesi 91561, Indonesia",Kabupaten Mamuju,Sulawesi Barat,https://lh3.googleusercontent.com/gps-cs-s/APNQkAGhTZFRUlIz90sDTAmpkF8MRAHfHwhCjLePqRbLoOjeZaWsT54lWM92jn7RjwisTWxsHknro81dUKrS_Xe4Q97uVbhWIrYSep6iYImEZmKKA3nXh_Ofng_Mx_oQhmGfoUpCIA46=w1200-h800-k-no
Bukit Jati Gentungan Mamuju,"92RH+HJJ, Bebanga, Kec. Kalukku, Kabupaten Mamuju, Sulawesi Barat 91561, Indonesia",Kabupaten Mamuju,Sulawesi Barat,https://lh3.googleusercontent.com/gps-cs-s/APNQkAEmFXExiWPI5reIZZJy8c5qBu8Ffmot1OxGKbcK9pVLirfRabTdjk7sT_XLEp2Dj40WOsHndc0rzNQNz-YJA6qrL9jFSPJuacGdm0FDbevVUUNMBwVYJUHvuc4xdfLOTcITKjOyYg=w1200-h800-k-no
Tumbak Island Cottage Ratahan,"Tumbak, Pusomaen, Kabupaten Minahasa Tenggara, Sulawesi Utara 95997, Indonesia",Kabupaten Minahasa Tenggara,Sulawesi Utara,https://lh3.googleusercontent.com/gps-cs-s/APNQkAFqTx2RT68S6Zx2yCBr1Yds5_-f8bi1mu49tvEm2rUG_i1yeOY9KVX0hVitj8K3R1bqIO5tftHKFUXSWxbtXPaoHt9SfOprflksjp0-4z_xnsoBT_t71kPlhUwb-YmXYnUqX6Zk=w1200-h800-k-no
Bukit Teletubbies,"5PM4+R67, Waemputang, Kec. Poleang Sel., Kabupaten Bombana, Sulawesi Tenggara 93773, Indonesia",Kabupaten Bombana,Sulawesi Tenggara,https://lh3.googleusercontent.com/gps-cs-s/APNQkAEcNG3I6QKdeBuGIqTGBiW3wUCphsj9uTjMDnzvJBe_jmLqbQ3OLbZFaMa21lzNybTdIVHZIQlKgiWbAnPHHJDKJmFu-_bYSCSnDrtOtVwkw3LbdCCTq31qbkJxPxC24bVd=w1200-h800-k-no
Lambangan Pauno,"Lambangan Pauno, Banggai Laut, Central Sulawesi 94891, Indonesia",Kabupaten Banggai Laut,Sulawesi Tengah,https://lh3.googleusercontent.com/gps-cs-s/APNQkAG0xB-OEUli30aLAA9XLPeJUq1Iwid7f3jrUJBe3O69Jq-ExaIeBhUtR-TN19uMKrN1X_npBUYKuHdp46M0ScJVO7bpjYoO45PNqxSeF5KBE4BmNo5dadZ9qXtehOYj47umi4KwGw=w1200-h800-k-no
Mimpi pool club manado,"Jl. Ring Road Jaga IX manado, Kairagi Weru, Kec. Paal Dua, Kabupaten Minahasa Utara, Sulawesi Utara 95378, Indonesia",Kabupaten Minahasa Utara,Sulawesi Utara,https://lh3.googleusercontent.com/gps-cs-s/APNQkAFtevHfRdJhMYIBfT-kLShRXVlzux-PBE6hkwkSe1wjeENYQgBZ5fszmNupFg18AF5Kh4f5mBTUbu__e8_XKwWL2GQYYwYVqM7GJVyudIv_B4xLQ3KFnscm8nnfJNNhstmhh4K-Gg=w1200-h800-k-no
RTH Suwawa,"G4MP+Q74, Boludawa, Kec. Suwawa, Kabupaten Bone Bolango, Gorontalo 96113, Indonesia",Kabupaten Bone Bolango,Gorontalo,https://lh3.googleusercontent.com/gps-cs-s/APNQkAHak_kpZGuMmBvKiKhdky9ikCna5nnUDtEe-azhLNQ2hHyp7e2UHqqQOpJp_dx96udPkS-fAfwHcpz9yge0sAlSHdYC253ljV7giUhXKNjBoSeT7ZA0bFLuz6CAQY4-UwWjPRqL=w1200-h800-k-no
Pantai Tanjung Tabako,"54P5+9HR, Banda Sea, Lampata, Kabupaten Bombana, Sulawesi Tenggara, Indonesia",Kabupaten Bombana,Sulawesi Tenggara,https://lh3.googleusercontent.com/gps-cs-s/APNQkAFoMHJoecjeEpekHnzvD9uDMkKVYtsnJRV9iixPqpLEToC0jvIGO9GwunLArlQmNOxerY1uNANou09Yk0OWaAVPtjT0KCPdLygOuTANiy5OVGGNXNwG_ipyQ_8yW8kVgFNJXYAG=w1200-h800-k-no
Air terjun Timurung,"HJRV+J7M, Dusun Bungasunggu, Batumalonro, Kec. Biringbulu, Kabupaten Gowa, Sulawesi Selatan 90244, Indonesia",Kabupaten Gowa,Sulawesi Selatan,https://lh3.googleusercontent.com/gps-cs-s/APNQkAHlNtrTTYNzqNcR1B9y5EYcen9WDmgvhopsVfXncw0pT0pkjg8TjkP7aKGHhdibKSEUW9Kg2FiPZyBEaYJhSnanbTGXv8fqJshgrMcI2yL0cGeVWYsr0GmrT-KBkPHO26_dnt1Mgw=w1200-h800-k-no
AIR TERJUN TALOKAN,"3QFM+HG5, Tayokan, Kec. Paleleh Bar., Kabupaten Buol, Sulawesi Tengah 94568, Indonesia",Kabupaten Buol,Sulawesi Tengah,https://lh3.googleusercontent.com/gps-cs-s/APNQkAEl9mZjUAq2UJklwhw5pUg5Cckq3L9QpV5FbmZLx3yZLPsDztMt8LmdaL0Roto6meq3lrxfoZQD51Llf03Sx-GHAhbk17J8EKt3oed33384stFmhbwcEBlVNbPbhbmd_7apmYJp=w1200-h800-k-no
Air Terjun Manuba,"QM5C+RCF, Manuba, Kec. Mallusetasi, Kabupaten Barru, Sulawesi Selatan 90753, Indonesia",Kabupaten Barru,Sulawesi Selatan,https://lh3.googleusercontent.com/gps-cs-s/APNQkAG96IQN_tqwcQvylYcUzY9XdhiBhbS0viIIB3s5NMmSO7zwVj_JHSV_n7qK2qKSvdK7DtroEk2rMcYqcXcjGVQCj02QmCHTIkekRG3Oh6lcry_xgAY19Iy-fqzLuMCOsGvWfa9l=w1200-h800-k-no
Sungai Jodoh,"X5G5+G3H, Murante, Kec. Mungkajang, Kota Palopo, Sulawesi Selatan 91921, Indonesia",Kota Palopo,Sulawesi Selatan,https://lh3.googleusercontent.com/gps-cs-s/APNQkAGuM9d_h1eX6dVE5UPyAA-lUMpKinRnWE36v5DCZGSk8GTPnLcUZive3NSYFeSRJFxdEiFpsqx7omVEcNzSvaX3-2Cjgh8ybJHXooFV2nHg07YSYS6i2mUM6nTab7kJgq3_O9sO=w1200-h800-k-no
Situs To'pao Pusat Sejarah Kondosapata',"394F+WR3, Mamasa, Kec. Mamasa, Kabupaten Mamasa, Sulawesi Barat 91365, Indonesia",Kabupaten Mamasa,Sulawesi Barat,https://lh3.googleusercontent.com/gps-cs-s/APNQkAGhDf-h0fF-BOznHo4Op4AoiSOPQNAY1SyIaUI538ALuNYHy-N4mwM3fAtRzJjodR7oQmQEB9uAE7gOeU3Sfv0r3VJHjsaUkvgbtN6b3z_7Wsr1ijrR31DPimxw8g2oHCTEClTffw=w1200-h800-k-no
Puncak Botubarani,"Botubarani, Kabupaten Bone Bolango",Kabupaten Bone Bolango,Gorontalo,https://lh3.googleusercontent.com/gps-cs-s/APNQkAHx4YC_CV7cyLJX6-KuJtdBBV8E9K1q970fztMby58r-nkPQQUpgWoWSnAmXbfCMPOQL22k7xPcOPI5r3xCOQQQ5_y4gMjFJydQodfcd5w3kXv8jsH97pJeIQ0AZ__7SBqpKHtQ7g=w1200-h800-k-no
Mata Air Paisu Batango Desa Luk Panenteng,"QXM8+MG5, Luk Panenteng, Kec. Bulagi Utara, Kabupaten Banggai Kepulauan, Sulawesi Tengah 94882, Indonesia",Kabupaten Banggai Kepulauan,Sulawesi Tengah,https://lh3.googleusercontent.com/gps-cs-s/APNQkAG1QcZHshavkLFm2C5mgxGMX4Fvw8mZJeqSovZ98e-n8PsDdfhp6fGzW6ulq2-fC5tb4AJUo9O5baMu6Mw-Nwb31WcFKwAbz_3rLgNY4RcffdgXvFASVN3qzz3rqw6Ma9oFzIU=w1200-h800-k-no
Wisata pantai kaisomaru,"Leato Sel., Kota Gorontalo",Kota Gorontalo,Gorontalo,https://lh3.googleusercontent.com/gps-cs-s/APNQkAFBEcacICcser5i4v1WEtBh2dXMuolI1YCfwfJx2Ba8gY9EyvfRvTJ2q5_SaZ5RMVLY0eq4rhw0b9R3n75WSJKsjTpMdAYljAqCJ2wx4yD2xEf4lnBV5HsEqUTP3wisXV_U3iI1=w1200-h800-k-no
Permandian Lambiria,"Unnamed Road, HVPH+5F8, Cikoro, Kec. Tompobulu, Kabupaten Gowa, Sulawesi Selatan 92175, Indonesia",Kabupaten Gowa,Sulawesi Selatan,https://lh3.googleusercontent.com/gps-cs-s/APNQkAFgzhhIMyDRRjVHzGmoMigoFOS_dgOcbvZQKM-JpcZ0eIOFwIKugThA_eTzdULwQfh6kK9WILSRysSPqnlqCGLY2sXN5T6-NzLPbQGprFJwnvR9v7Ud-MBYrW0DopXEeZfGtAKK=w1200-h800-k-no
Buntu Burake,"Buntu Burake, Kec. Makale, Kabupaten Tana Toraja, Sulawesi Selatan, Indonesia",Kabupaten Tana Toraja,Sulawesi Selatan,https://lh3.googleusercontent.com/gps-cs-s/APNQkAGvGtX5B5uwrzGMG2vTXI1u2INXuOM52ve3P2IHxNq6MJ1r_4YLKsho8p73ftqqwwIpBX2f8v2HIWV4ss2welbyd314x4B8xo68jLSGDZJHjROYysPluSbsjom9CRlNJDJApqShsQ=w1200-h800-k-no
Wisata Air Terjun Mantikole,"Unnamed Road Bar No.94362, Balomoa, Kec. Dolo Bar., Kabupaten Sigi, Sulawesi Tengah 94362, Indonesia",Kabupaten Sigi,Sulawesi Tengah,https://lh3.googleusercontent.com/gps-cs-s/APNQkAENwoVEPbbEdtfDCGy9D4-esQE9jFMjeSwyLFm2rF9gHvucUmDrKXVvlNHO6-2zu18oj1PPxAa7wpu_zwI6FHkfrAp8EN_O2s49A8vvW9X0V60iOmAaHCphrpfSXQJsCQov7OtA=w1200-h800-k-no
Wisata Cekong,"HQGX+3H2, Tanete, Kec. Anggeraja, Kabupaten Enrekang, Sulawesi Selatan 91752, Indonesia",Kabupaten Enrekang,Sulawesi Selatan,https://lh3.googleusercontent.com/gps-cs-s/APNQkAEfgybaBDllB4g40k54bFb9ERChzucH8rQPm8tVi1ySoIgdVZ_4sdGjf7HWY-0w9dfjKwKVTU9uFNt_d5FopR3DeW-C4jv2CpMmUcuQ3HsKxrN3w9dyZZMSg4W_Kd65HPkLAyCv=w1200-h800-k-no
Wale Ti Siri Puncak Rurukan Sulawesi Utara,"8VPJ+QR3, Unnamed Road, Rurukan Satu, Kota Tomohon",Kota Tomohon,Sulawesi Utara,https://lh3.googleusercontent.com/gps-cs-s/APNQkAF_jBReFPYV7ugtYRJdJghJoKYefFWUfvWRkS43lJ5_UYwwfOqsMd5tnIo-EOCHOz4K6SgiC0QE153JQroUPYeEWLtWvS4tqpdJJbIyO5mbXOOIT3-hC9VD_oN_WCYZNgliKse5=w1200-h800-k-no
Kawasan Benteng Sanrobone,"H9CR+C5R, Sanrobone, Kec. Sanrobone, Kabupaten Takalar, Sulawesi Selatan 92231, Indonesia",Kabupaten Takalar,Sulawesi Selatan,https://lh3.googleusercontent.com/gps-cs-s/APNQkAHhy6PQHV7T8zITFyUj4MVK3qbWHs_fucO11apIf1_1dqrEchZPIertQyy6uwpbsbzk6L-wQcHUfMfmiPpeG0aWEepYk7Jtsv1H_R6He2HpLZNtx4aeue8pSyoOYZiNYaf8ll0=w1200-h800-k-no
Pantai Hayalan Donggala,"Salubomba, Kec. Banawa Tengah, Kabupaten Donggala, Sulawesi Tengah 94351, Indonesia",Kabupaten Donggala,Sulawesi Tengah,https://lh3.googleusercontent.com/gps-cs-s/APNQkAFSGW4V4CRieTAh7NeeuACtWEHpxaI7ebfDl_b0K6__Ua6gd-h97PaYwHEjbri1iHarouqIi9gEUZdmMKlqMTVXcmTBGaPDwLeeUyo40-HRR9jGDc5MQw95E0TmcegDTz2USngpYA=w1200-h800-k-no
Pantai Senja,"Pantai Senja, Wawatu, Moramo Utara, South Konawe Regency, South East Sulawesi 93891, Indonesia",Kabupaten Konawe Selatan,Sulawesi Tenggara,https://lh3.googleusercontent.com/gps-cs-s/APNQkAFMJ_kBfZNAaBmPnL-RdcPMmucjmzeOJYF868WFk0U2ngBFERUlUZc0yNw38d61F03EmmJDger0AWp0gi0BRpJaX8lt1u-w3JT7wcXvujDEFnA_L8yxffGZvWVtCYjjeuW60X-9lg=w1200-h800-k-no
Air Terjun Lembah Karaeng,"PMG5+XV6, Bilalang, Kec. Manuju, Kabupaten Gowa, Sulawesi Selatan 92173, Indonesia",Kabupaten Gowa,Sulawesi Selatan,https://lh3.googleusercontent.com/gps-cs-s/APNQkAFv4IRkzlfHbt-p8FcAEq1WacRfxZFPI87d0ilZNw3W1GgIypG0h__GMczMlNue9nTf2g6Q58W9yTF3b29xTS7D9QwooGSQt5RvBG_Uh_9yvhDJSVLzPfi8lKsZ90kom6NCLZr1=w1200-h800-k-no
Permandian Alam Air Panas Lemo Susu,"GGVR+RQ5, Betteng, Kec. Lembang, Kabupaten Pinrang, Sulawesi Selatan 91254, Indonesia",Kabupaten Pinrang,Sulawesi Selatan,https://lh3.googleusercontent.com/gps-cs-s/APNQkAEQtafbCGUXD7bqUwPAnARSFSfaDFlQ4qWWZjzq_RXmFBzcRjo_qYiL36xwT_HYXTOH4FFAjRNfg6YPnGRg77U8KtMohp_y7Y8GcAqTBjVdI6DC6hKcmQB5Rcp-mWKlSjLgHMi9LQ=w1200-h800-k-no
Casa de Lotus,"GX6F+683, Tetey, Kabupaten Minahasa Utara",Kabupaten Minahasa Utara,Sulawesi Utara,https://lh3.googleusercontent.com/gps-cs-s/APNQkAFlHCsn5RFsksBzYh2dHmW-Iwh1rvofNl3QF_ArkIXKAZOe0Uzg1_VwTC4SD0mjmdTYFxEykUc5DwimlkbBJwdyMtVm8evemz2mGqlDCdVHm-lDW6aksPqXE5oxGaVoEFAlgqvh4g=w1200-h800-k-no
Taman patung kuda bumi bahari,"4R5W+PQM, Jl. Bantilan, Lere, Kec. Palu Bar., Kota Palu, Sulawesi Tengah 94221, Indonesia",Kota Palu,Sulawesi Tengah,https://lh3.googleusercontent.com/gps-cs-s/APNQkAExIbn_HfyFcINkELGPrp3vrLg_d0frNv97vtk6zytlw3qAxnZLLmZkd-4Nj-T1Y4NQX_eyumhwzNIcmMXXj9reXPLW46H-LuxApEq3_PRf4UgOgs_vPX0MQX-UCtNhE6uOpJwA=w1200-h800-k-no
Telaga Sibili Pantoloan,"7VX7+C7M, Jl. Pengga Lembah, Pantoloan, Kec. Tawaeli, Kota Palu, Sulawesi Tengah 94352, Indonesia",Kota Palu,Sulawesi Tengah,https://lh3.googleusercontent.com/gps-cs-s/APNQkAFnxggVJJqyYSTBdjZn3Z9rnHKCBJc7H6qi469ivT40tFBKQolJfp0xYzmV38740v_ts7ELToG5qnJ0nFIKwVIlTjB3okWPT9g13YksOEB8gUGpvsTTnpDNklMqegCeFmKCJOi4ig=w1200-h800-k-no
Penangkaran RUSA Desa Wosu,"Wosu, Kec. Bungku Bar., Kabupaten Morowali, Sulawesi Tengah 94976, Indonesia",Kabupaten Morowali,Sulawesi Tengah,https://lh3.googleusercontent.com/gps-cs-s/APNQkAFx08xDw_ROJDI_A5jd2Pb7lAwxKOKAQ-mgWwI3vG00XkjV5PFOsnOEULztyTGcId14VGP7JgtAheucm6MgXclbj496sG-ysmBK_RLu0W8SKKbcO_kLkU6WeVWsr7nLsCdN36s=w1200-h800-k-no
Desa Wisata Untia,"WFJ9+RXQ, Jl. Salodong, Untia, Kec. Biringkanaya, Kabupaten Maros, Sulawesi Selatan, Indonesia",Kabupaten Maros,Sulawesi Selatan,https://lh3.googleusercontent.com/gps-cs-s/APNQkAFSJvXk268Y8F0ZEOGCjayUJoTXExtahopQrX70U1t8xNV1JvRmBvpUvcQSl-GrTSNjo2UfJyiTboNlq6qPk11cjCZG0UCxnmSKiQ5Cg-maTeuILCyXBcSCsh0bjEl5WT8ZE5AE=w1200-h800-k-no
Pulau Binongko,"Pulau Binongko, Kabupaten Wakatobi, Sulawesi Tenggara, Indonesia",Kabupaten Wakatobi,Sulawesi Tenggara,https://lh3.googleusercontent.com/gps-cs-s/APNQkAHBxE8ZPRfFV1cASlhKTHR4NZXEN_y3xAZuaIuiI1JxV-DWOwb5KXXQ5qySHUDIFRYIehVouYYVvhQk6UiwfzpvC9iFdKunf8ZvVEanaUsRdduw9vPOsyjgUm2WNgxww1zy6shX4nBaxWEd=w1200-h800-k-no
Pantai Lolan,"Lolan, Kec. Bolaang Tim., Bolmong, Sulawesi Utara, Indonesia",Kabupaten Bolaang Mongondow,Sulawesi Utara,https://lh3.googleusercontent.com/gps-cs-s/APNQkAE25RV6b8Ds7JhvqTcRk1TaW1FEs2b8DigTi_ZoVCWc6jKCRld2JIj5KCVCKYu4YsVf5vDEf32mwHEM2eR2MNNEQ-CpLLm9KimBWWVTs3zzns-AALj9ZJELFpThAFKJagUaZqpL=w1200-h800-k-no
Museum - Ziekenhuis - Mandar Majene,"Jl. Raden Suradi, Pangali-Ali, Kec. Banggae, Kabupaten Majene, Sulawesi Barat, Indonesia",Kabupaten Majene,Sulawesi Barat,https://lh3.googleusercontent.com/gps-cs-s/APNQkAFumWTRiR-Abuzp9oMSs4Pcyz8sVYg5exmr3fJhYVtd9bF5oga7Lun-_-bSPYut97djMdxOOi03H_IiXw_jcGvWW7I5eP5kTjl6MIyxMq7bFzi4sCGk6i4XrQkCMfWBWws_BR4e=w1200-h800-k-no
Taman Wisata Alam Kota Tomohon,"Jl. Tomohon - Rurukan, Talete Satu, Kec. Tomohon Tengah, Kota Tomohon, Sulawesi Utara, Indonesia",Kota Tomohon,Sulawesi Utara,https://lh3.googleusercontent.com/gps-cs-s/APNQkAEcRXjlKXXIQ2_Qu4GP1O-okrMfWGFYRQSdHWaHIcDT1E6BmYIKQaXEzz-ztd34jsBkHmWvfYU1S9g2jltnRoEY8kd54RJaevMbFKQcSrxkLZgci3HV-wldnp9-7vE-EWoj_PGZ=w1200-h800-k-no
Gelora Wisata Desa Nepo,"Jl. Pelita, Nepo, Kec. Tana Sitolo, Kabupaten Wajo, Sulawesi Selatan 90951, Indonesia",Kabupaten Wajo,Sulawesi Selatan,https://lh3.googleusercontent.com/gps-cs-s/APNQkAEbJNUWFwxXnQ9gT-82VrCq6dN6jDSHZMjJ2gVg1dKvzRDltlbGz11kbu4QOBMbJvdhUqo3RFfLI1C-OgnHQkDvHtxOjvUlSq7TPxA6kPs4PhPppIgcwn0yaFIOxPGvvn4iteuA=w1200-h800-k-no
Pijar Beach Cottages,"Lalos, Kabupaten Toli-Toli",Kabupaten Tolitoli,Sulawesi Tengah,https://lh3.googleusercontent.com/gps-cs-s/APNQkAEr_0g2a3U_XctM2bnwbF5E8-rTON1mSIqhYoill_quTe4QBCWUa3kBVnZSwrqy97cku_PqiqUfYYNhMYDIy8rCquGg_UDy9DQezaWtlvUa3hy55OagRd9v_dYoqvSmna-2lq2C=w1200-h800-k-no
Wisata Hutan Mangrove Dewi Biringkassi,"Jl. Poros Biringkassi, Bulu Cindea, Kec. Bungoro, Kabupaten Pangkajene Dan Kepulauan, Sulawesi Selatan 90651, Indonesia",Kabupaten Pangkajene Dan Kepulauan,Sulawesi Selatan,https://lh3.googleusercontent.com/gps-cs-s/APNQkAF3Wwlm4XKDLk0jz9AeJoWIcaPtR1ovCsD060LhYW54M-XshPzdwMjwIdPNYoEhC7yxA2oKDNT16XO_FRQfmhKzw13Ajv2Vw5B5PbEKKQWnBndjdM2tDwKEzmfkoWNClhzZp0lN=w1200-h800-k-no
Air Terjun Kima Atas,"Kima Atas, Kec. Mapanget, Kota Manado, Sulawesi Utara, Indonesia",Kota Manado,Sulawesi Utara,https://lh3.googleusercontent.com/gps-cs-s/APNQkAG59HcWvKuHFzaUruGmXa28YTy3mfjnK4dxshM8hGoA7zpSKBQQb2hAcoA9XxGNrPU-AuUzEr3OBMs6o97qrZGFiyLxgmkOT-s4j2JLsWaE7b3AGUmERt4pfDD_bAl92Vciccx-=w1200-h800-k-no
Air Terjun Tumburano,"Lansilowo, Kec. Wawonii Utara, Konawe Kepulauan, Sulawesi Tenggara 93393, Indonesia",Kabupaten Konawe Kepulauan,Sulawesi Tenggara,https://lh3.googleusercontent.com/gps-cs-s/APNQkAGj6RFdd3S0tJK95MbxgizwCUphm7b9-wbxNGaIx9xoyXLEtgcsE0HqHY2dEadvrdcfXXT5Ri_4cmvNNyj2XheHMuBDuDgz0Orf6t2G3Jkqy-qWHMW9S_gThZHenldl2eO77vVGwha2IlA=w1200-h800-k-no
Tanggul Topejawa,"Unnamed Road,, FCHP+33V, Topejawa, Kec. Mangarabombang, Kabupaten Takalar, Sulawesi Selatan 92261, Indonesia",Kabupaten Takalar,Sulawesi Selatan,https://lh3.googleusercontent.com/gps-cs-s/APNQkAGtjXVh40sfR57SFtAfcJH5ei4UNYTk6L7GB5zAGXPs1syicl62vlMK7PY55qb-N11Dd2ygnVTIo9cLIX6zQwMSVUykG5zlbARB5Pl5Qky9KCxPO2ikIdmJoR-iPJ4ptnvsCOBS=w1200-h800-k-no
Air Terjun Kembar Desa Barambang,"P22F+9PQ, Barambang, Kec. Sinjai Borong, Kabupaten Sinjai, Sulawesi Selatan 92662, Indonesia",Kabupaten Sinjai,Sulawesi Selatan,https://lh3.googleusercontent.com/gps-cs-s/APNQkAEU7d8W_8frVkXndhFEBawlWKVNY5e6e9jI-Vh0UdIIb1Qpy94evxdNsUnMBD_P8DzCvKicgUDbNb-Yhbt4U-yG4XLoJ8edil0y1XtxXabMwf_p0NT3OJ0hInCqoL8gTR9m_ojzqQ=w1200-h800-k-no
Donggia Kahayya,"Donggia, Desa Kahayya, Kec. Kindang, Kabupaten Bulukumba, Sulawesi Selatan 92662, Indonesia",Kabupaten Bulukumba,Sulawesi Selatan,https://lh3.googleusercontent.com/gps-cs-s/APNQkAHV6hH1zCl7Ri2azslHyQhupoislOpI9tKNi78DnkquRjr1pU9vDeZ4ILu5JVspduP5NeAQcAEjlHRpDvxbebg6cO5u_yxgWT35t3M8No4icq-EJ2dx-POxwCu0kEMY3NbQHu9u=w1200-h800-k-no
labengki Pasir Panjang,"GFM8+9J7, Laut Banda, Cipulir, Kebayoran Lama",Kabupaten Konawe Utara,Sulawesi Tenggara,https://lh3.googleusercontent.com/gps-cs-s/APNQkAGu2kBpopzlD0eKbVx6tcmYExLfaT84PPpmZ5pGCXRC5ilQKRVMA2VPoagkvzvcdwkxKY8pC_RCnztlRxLXVipDWVpJBVOuShM5pI2Yk1iuW2HQBt-p9Je2sxAK377Iejw3Bh-k=w1200-h800-k-no
Rangas Beach,"8RRX+5WV, Jl. Abdul Malik Pattana Endeng, Rangas, Kec. Simboro Dan Kepulauan, Kabupaten Mamuju, Sulawesi Barat 91512, Indonesia",Kabupaten Mamuju,Sulawesi Barat,https://lh3.googleusercontent.com/gps-cs-s/APNQkAEaVOQTOGYLtVgz5p9YoUZpG90EZ5M4sx2jR2TSrFZFZIg2xajWfb_Ur1cscpWT5gwRuXfM-KYiiMHhhtfWWZTXUsi0sZ8RR7cw0M18GOQgFujH2-jXY8OYBRxqjNNl0X90X6a6=w1200-h800-k-no
AGRA Wisata,"265J+HGR, Jl. Syamsudin, Laloika, Kec. Pondidaha, Kabupaten Konawe, Sulawesi Tenggara 93463, Indonesia",Kabupaten Konawe,Sulawesi Tenggara,https://lh3.googleusercontent.com/gps-cs-s/APNQkAE5WW0FqPbKMkCrEyPwfwN4B1gPMJVQhIuS6yDp3a46ixwqJg3Cwl7Dvn_H6oztyzIpUzeYZvL2D0XBcFdUwoq45g8JwmSQ03tmwYDsaxAiyFPPGLDsGDDJ_bZk3t8kZFe7HsGP=w1200-h800-k-no
Puncak Tiriondahi,"VG43+MCV, Tanea, Kec. Konda, Kabupaten Konawe Selatan, Sulawesi Tenggara 93874, Indonesia",Kabupaten Konawe Selatan,Sulawesi Tenggara,https://lh3.googleusercontent.com/gps-cs-s/APNQkAESj1nmuNMo0gNIpbS8znEkujr96FJI1RHMGBwnAlmPf9bCGkIxpWL7B-rH-PnSzZ3rR7Gjdmufl7vXSkVcWChW4DI21TUabuBq93aWlD0V7iUZZYuuShwcFu6596QnD2oxuyodLA=w1200-h800-k-no
Air Terjun Tammasapi,"7WWC+8HX, Mamunyu, Kec. Mamuju, Kabupaten Mamuju, Sulawesi Barat 91511, Indonesia",Kabupaten Mamuju,Sulawesi Barat,https://lh3.googleusercontent.com/gps-cs-s/APNQkAH0dwduKy5qOVzEdodN_7xHUDnobFKbpSRmTf9CcpK3PbkGMcicyQMPwxNf2zN-k0pHyqfIiffRg0neF-EsriH9-VIGxL2WaVJHUzyG4S1sqzOHACt6KmOZL7TLAl-MPZ5mw-21=w1200-h800-k-no
Air Terjun To Magelli,"Kamiri, MP83+5QX, Balusu, Kamiri, Kec. Barru, Kabupaten Barru, Sulawesi Selatan 90762, Indonesia",Kabupaten Barru,Sulawesi Selatan,https://lh3.googleusercontent.com/gps-cs-s/APNQkAFFBxCMcU1xsPN6rjwuXxWeDvrIKwprRDjlW1sSltXGsOX7pkSn5d2kUzNdHzVJdb-lAzU586b-O9ffPqpCbskKeQ3jYWDmC5075RYGWoAtGFWB-ekTM6mx2ThsykghCfL-XA=w1200-h800-k-no
Danau Tombakar (Ranowangko),"7VQJ+QJ5, Tataaran Dua, Kec. Tondano Bar., Kabupaten Minahasa, Sulawesi Utara, Indonesia",Kabupaten Minahasa,Sulawesi Utara,https://lh3.googleusercontent.com/gps-cs-s/APNQkAFxLaTLjTa8ptT-SZb7XIVYiaQuGLg25elONW5hDHnQ8b3o0PXF5gwrGQofz8JslvezYeUVzF2Xd0IUgcpde14bW9I7nfjK4Q0cvPPzCtTIFivEcTq_rJOijPyAp-n_g2DYhnQ=w1200-h800-k-no
Kelapa Tujuh,"8W32+XG5, Rimuku, Kec. Mamuju, Kabupaten Mamuju, Sulawesi Barat 91511, Indonesia",Kabupaten Mamuju,Sulawesi Barat,https://lh3.googleusercontent.com/gps-cs-s/APNQkAHoHHdTfgXKhu_RpfrQdiohxuO8S0sUvjkmOKS48VeVUIOiiZpmrsnPoL9FlBTY99TibwstyH1kZ4OwdeAWW7mIyzVk18b0yVrl6jfNqxS7da2_9h93cAoz157SZNmtBJgcqomK=w1200-h800-k-no
Pantai Exotic,"Pantai Exotic, Huangobotu, Kabila Bone, Bone Bolango Regency, Gorontalo 96117, Indonesia",Kabupaten Bone Bolango,Gorontalo,https://lh3.googleusercontent.com/gps-cs-s/APNQkAEfBwbfRUNaIouFM9xW_ShxnCbQLvPZKuAVJ4E-5e72pYywWxVfWPw2wbySjwOkhiBKI3u-LCAh0ejiHvXrUjrMJ8rQBGjRs23hH7nb5w2EOFDmL355usLMMn6tOpri7eAz_LBo=w1200-h800-k-no
Museum Nekara,"Bontobangung, Kec. Bontoharu, Kab. Kepulauan Selayar, Sulawesi Selatan 92812, Indonesia",Kabupaten Kepulauan Selayar,Sulawesi Selatan,https://lh3.googleusercontent.com/gps-cs-s/APNQkAE9xVxOQRClRvMBcl811ee-QfEv1ju0HaZxPyXLeupfpqKBAQm99SbyPaQj-6WRsOjJe2exk0UHUo939eDVDvUSGQkFybQUZE1Gq9BRLdj8kUk470kCL0tJX4NCsbedZmIpQuU=w1200-h800-k-no
Pantai Impian,"F9G9+CR3, Jl. Danau Matano, Sorowako, Kabupaten Luwu Timur",Kabupaten Luwu Timur,Sulawesi Selatan,https://lh3.googleusercontent.com/gps-cs-s/APNQkAFFBGoitFmNlHfFsHsXAV9w818nr1Bw9-RgLGd2zKLsutPkOBRYU0tPxvhEO29egZUHllpam3QJch3wwtexCTzuYV2skKiNUhUiEKXEUsAoE-3-kr3dE-KqzIOJvDfPnQwwbRsH=w1200-h800-k-no
Tugu Lilin,"FRVQ+Q7J, Kota Manado, Sulawesi Utara 55281, Indonesia",Kota Manado,Sulawesi Utara,https://lh3.googleusercontent.com/gps-cs-s/APNQkAFRaRBSIZZkfS4orIgvi5jjacFAezf1jp3ljdyFATd6jD66kuKFNyjkhaxCLQRURHdg4qKwQK6djEe8ti2chTuX9zhfKyNaZ3wiR4B74I5OSIYXDkhnfawfGI8D593o800cBTlR=w1200-h800-k-no
Pesisir Pantai Pamboang,"GV6W+6C3, Lalampanua, Kec. Pamboang, Kabupaten Majene, Sulawesi Barat 91451, Indonesia",Kabupaten Majene,Sulawesi Barat,https://lh3.googleusercontent.com/gps-cs-s/APNQkAG9sl87XR2eCVIqM5Jcblr6z1yxwvzNGQN9IExT4sNHCtg28LaGfxppblAOvnYyRyFKejODeW6a6IcWdN2xqEn6RCh6RnXCKVZVmr-lTIW7UokMgoKFTnlaCBdrjg3JPgn3XlCE=w1200-h800-k-no
Pantai Talise,"Pantai Talise, Indonesia",Kota Palu,Sulawesi Tengah,https://lh3.googleusercontent.com/gps-cs-s/APNQkAH_JmMaW048eExc5t0-wTa6hrcVbIxeikHbIjrGvj_acOvci8HlVXr6UrAD2POKMQQzhLiWZQnprRYZi9x0uFEFQig8mgm8rfB0h5SKd5qmGIPIZgG8EAd0uq96Pe4Y_r_jpaVO=w1200-h800-k-no
Wisata Vatu Nonju,"XW9X+GP9, Watunonju, Sigi Kota, Kabupaten Sigi, Sulawesi Tengah 94364, Indonesia",Kabupaten Sigi,Sulawesi Tengah,https://lh3.googleusercontent.com/gps-cs-s/APNQkAH6zfB_-FXlus0xRd3vhmXMnbuuiIJkOcIle1wdE0DNcR4seXzLZCY2yM3QDqB-rWKVgME1Er5yqYPSIE22s8jamde-ynm5kuNInkqtREaVJxBUGRs_RPkcDaHmWa1Le4WAOrNalQ=w1200-h800-k-no
Bumi Perkemahan Ulunggolaka,"2HGM+V36, Unnamed Road, Ulunggolaka",Kabupaten Kolaka,Sulawesi Tenggara,https://lh3.googleusercontent.com/gps-cs-s/APNQkAFpVjJ4OKTBVnagwxUy_SJ-Wt_XkLJq2UD4SzHe6milW-l5T3DFfUojA7e-UVnfKF1iVqcYfZtnFUIFCtvKXORg-deqXs3xsKvbxr3UHB3Hc8piuS4BWWhR7HemhanNR11J54XCBQ=w1200-h800-k-no
Balai Taman Nasional Wakatobi,"Lagiwae, FQW4+GXG, Kaledupa, Ambeua, Kec. Kaledupa, Kabupaten Wakatobi, Sulawesi Tenggara 93792, Indonesia",Kabupaten Wakatobi,Sulawesi Tenggara,https://lh3.googleusercontent.com/gps-cs-s/APNQkAFH1C3FuLIn6zst8Mcrm3fAq1eOIkD3UldOGcrvPJmhGuQ9oMs6b2pI1FDi0nUoLajht-EUcJUrQqkpbROtr0QCu-TmdX_3olCxsVmMZLhg6Ya48y8di0XLgubEB_JzZ46yzi1itg=w1200-h800-k-no
Pantai Mowuru,"6624+77H, Jln, Saraea, Linsowu, Kec. Kulisusu, Kabupaten Buton Utara, Sulawesi Tenggara 93752, Indonesia",Kabupaten Buton Utara,Sulawesi Tenggara,https://lh3.googleusercontent.com/gps-cs-s/APNQkAENqNDktCcgeX6xWojTH7SVzmP1cMFqgJSA2BwYfPn29XNYompil8Kb9GH_3zwKZlPj8YDxcfHvDnoNnp4qFvBj8oQaCZ7fcCA_sQpOHEluEa5wkqU3cM1-B5FRo_v07S5qG5nReA=w1200-h800-k-no
Pantai Nipa Nipa,"Pantai Nipa Nipa, Soropia, Kabupaten Konawe, Sulawesi Tenggara 93351, Indonesia",Kabupaten Konawe,Sulawesi Tenggara,https://lh3.googleusercontent.com/gps-cs-s/APNQkAFdjJfjFPDJPnOFeLJ1aSZYJtIWJnC--zwj6nKcCXTXWYCATLZvJl6iV-hcA0K2F4wgxMCH-eQLsFhC52ImoKZPAEtoAkOeXyTTT-5f_0EvQBcuiqGTpLgX-iUBC5EM-SBaBg0ZFhzs-uyJ=w1200-h800-k-no
Pantai Jampue,"Jampu e, Lanrisang, Kec. Lanrisang, Kabupaten Pinrang, Sulawesi Selatan, Indonesia",Kabupaten Pinrang,Sulawesi Selatan,https://lh3.googleusercontent.com/gps-cs-s/APNQkAE8wx8OZj4u94mKmxgFoLouEC3fvfv-A8xOBCYRxHPCWFeoCjvRt0U0-mOuzvmyUQ12SFmLzVPjxoYEOg0ZNxeI0b7_YbybAw4faZhILx9AISppEa98vLlUKMVmTiTLXh4ZolTf=w1200-h800-k-no
Pantai Sarena,"Jalan Maluku, F65M+X8H, Sea, Malalayang, Tandurusa, Kota Manado, Sulawesi Utara, Indonesia",Kota Bitung,Sulawesi Utara,https://lh3.googleusercontent.com/gps-cs-s/APNQkAHcxONGYkWBHaBUIx0otSH17sZKvVjdv3T0OvhdYNxSS4hslpCm0LcU3rIXBq2ZrfDc3xaB_J7k_F-plqj6Mfp0ElnYBuh0ShhqZUIHOKsoOAsqEnmJz3qwz-HwJBOb-DQs6cCy=w1200-h800-k-no
Pantai Negeri Lama (Nelam),"Pantai Negeri Lama (Nelam), Negeri Lama, Kec. Bokat, Kabupaten Buol, Sulawesi Tengah 94564, Indonesia",Kabupaten Buol,Sulawesi Tengah,https://lh3.googleusercontent.com/gps-cs-s/APNQkAG1w7uc3fZ0AzdBeKsrqcec-mJd7mRLg_nR22AB885KEyu1a-FR3Kjp5zEmA6y7PAMMqAwIBCE8sn3tjuezlxhKy3KHHlu8UTw3pyWbSaGLNBKt6ITCS9piXZNkEzNFBlvxitOy=w1200-h800-k-no
Pangngalleang toppa',"PGWP+F48, Pakatto, Kabupaten Gowa",Kabupaten Gowa,Sulawesi Selatan,https://lh3.googleusercontent.com/gps-cs-s/APNQkAE5ZCWjfkAiWFiiCJmLwfrD5rZ1NATtXvzcCZxRqEzRKlIqQnxXWsddgUOT3zvCNIlc8Mv2AHbfu7ECafcMaicA7394cVXMUSnvyc0k1NO87bWvUxBFnpTQcRThvr-pvq29m946gZUhp1M=w1200-h800-k-no
Mendatte Park,"Mendatte, Kec. Anggeraja, Kabupaten Enrekang, Sulawesi Selatan 91752, Indonesia",Kabupaten Enrekang,Sulawesi Selatan,https://lh3.googleusercontent.com/gps-cs-s/APNQkAGK6Brknju86tQHH-ZHBCdU5LdXK-mA4sJPig6R4rdVhMibLr2B5L7LBn2haE8mjQR7ZI-SPtKa0YoiurF-chYLWwahMqtybUGXMKTXv1wsAYbS6UNGeQ0MHqufCQSbDQtCxtHOrw=w1200-h800-k-no
Pantai marana,"R78P+32, Pasimarannu, Kabupaten Sinjai, Sulawesi Selatan, Indonesia",Kabupaten Sinjai,Sulawesi Selatan,https://lh3.googleusercontent.com/gps-cs-s/APNQkAFd0vXEihCpGMc1TUpEf8p6d64D4Y3kuv_BByCopKrr20_C6ATNtiJf2nMxZ0_TFL4sH7s4tKtOnG9wCjUtUqyx7EHk6i2sDKqI1EHhTPdVUvtW0Jjln7vSxXY4HWsRjHNy77lOYw=w1200-h800-k-no
Pulau Lahe,"CX83+M9M, Pohuwato Tim., Kec. Marisa, Kabupaten Pohuwato, Gorontalo, Indonesia",Kabupaten Pohuwato,Gorontalo,https://lh3.googleusercontent.com/gps-cs-s/APNQkAH1GsdBt-aFFNqZkr2v-Oh9yLkdlsMCz49D6KhwE-xl20HUQHDC9cWPLAJbw7z1613bO54Emq2qB0aTHxVhbj1q8a83cEP-OyE_NC98670Z9cr7DZLM0guH7espPrF6enZ-On29=w1200-h800-k-no
Pantai Kambahu,"F6RP+R9F, Makawidey, Aertembaga, Kota Bitung, Sulawesi Utara, Indonesia",Kota Bitung,Sulawesi Utara,https://lh3.googleusercontent.com/gps-cs-s/APNQkAGTM5BLSz1xX3ORXHhheyGClmdEhZGa_guBDnJ5FaUzmOUhhyPBMy51Kk5omv5HT-CySou8X0f97VcUP3vuTneUhZAsrtZcyVc-ocRGJThxUq78mcedFpi-iRLJ-t1BfT9n9G26lw=w1200-h800-k-no
Taman Makam Pahlawan,"FX24+FJ8, Jl. Gatot Subroto, Pangali-Ali, Kec. Banggae, Kabupaten Majene, Sulawesi Barat, Indonesia",Kabupaten Majene,Sulawesi Barat,https://lh3.googleusercontent.com/gps-cs-s/APNQkAEXgi8D-RYUH_2DaOo7iz_3-N97g6-bKWk8PD7CM1xPNqFwwlZSOZjwIK2udTQSNc6or5eu9rwWFjAlD0fY8awEJlnmYUp0Nkecv_wK-q_G0TStV2rAuooz6A9TYjY7KAT2c3cm=w1200-h800-k-no
Pantai Sumpang Binangae,"Sumpang Binangae, Kec. Barru, Kabupaten Barru, Sulawesi Selatan 90712, Indonesia",Kabupaten Barru,Sulawesi Selatan,https://lh3.googleusercontent.com/gps-cs-s/APNQkAGfoaKIGLovIBywTDnQSdKXinnhhMiSfJXGimcA0yjOAA6Mr0cx7hhCKvavipZ2V6Wt7AZYocK9Tek7L_RtYXEuTwIcoJd-nkO6pTg8beiLkU1nHi-OktF8kMw5tRbvXdHqZuiz=w1200-h800-k-no
DESA Wisata Namu,"Namu, Laonti, Kabupaten Konawe Selatan, Sulawesi Tenggara 93892, Indonesia",Kabupaten Konawe Selatan,Sulawesi Tenggara,https://lh3.googleusercontent.com/gps-cs-s/APNQkAGxPW8TFcsefsGxoQ6SbVCLBKkITeA9HFI2t5wpOzyHb1ih8ohlIhzfIeuziY7MOF7K6wvX3-Gpoa82sTyKVuS8fAh5M5SYucXBrRmOVepeLVmxsR4k4uvGZgh8gMGLQdqx54lB=w1200-h800-k-no
Taman Marannu,"6M52+6Q9, Jaya, Kec. Watang Sawitto, Kabupaten Pinrang, Sulawesi Selatan 91213, Indonesia",Kabupaten Pinrang,Sulawesi Selatan,https://lh3.googleusercontent.com/gps-cs-s/APNQkAGJBZse_zdnNkoXmJqZ9DaRNg1SpcImzzPhxrd9yiet71r3BNVds53qnAPQ7M7IyjlMKbkBr6ihWPFJSx6KllkuaseUA4Y6gIDwDir5V_RUEXe-oAlgg5pu8lYsyxVstkRnOR9f=w1200-h800-k-no
Pantai Babo Moonow,"RVQ9+6VX, Jl. Trans Sulawesi, Babo, Kec. Sangtombolang, Kabupaten Bolaang Mongondow, Sulawesi Utara, Indonesia",Kabupaten Bolaang Mongondow,Sulawesi Utara,https://lh3.googleusercontent.com/gps-cs-s/APNQkAHCE5v3UU0DI_VFssrimbPzaE6QPMCSh1GLKfxUwdDEMz1xeKYSoT7MjhRiq9gVXxAim0Yp8iIrd6MNSCRHhxF1uB7zHhn0Lm0TTRusDhVf2yk0qBTeU2h8e4qJRM5wEJc7Fe2Sjw=w1200-h800-k-no
Pantai Indah Kapu,"XCX9+WPW, Sani Sani, Kec. Samaturu, Kabupaten Kolaka, Sulawesi Tenggara, Indonesia",Kabupaten Kolaka,Sulawesi Tenggara,https://lh3.googleusercontent.com/gps-cs-s/APNQkAEvWozEJlob-qjNsazB-lBQmWFhfjOvuyFpZy2jexVFchugvCaTB9BuNhqxxcQ7UPJW-3yTX9ghWgdTxYnZJzr2b34fr7Is-B0fQ5flXDfycmboK31H0lhS4TQtusnhj803HPmAtA=w1200-h800-k-no
Permandian Matakidi,"4GWW+84P, Latugho, Kec. Lawa, Kabupaten Muna, Sulawesi Tenggara 93652, Indonesia",Kabupaten Muna,Sulawesi Tenggara,https://lh3.googleusercontent.com/gps-cs-s/APNQkAFluArBSrTBOYjDLrPMBPSaoDCbfcJBMZpB3TyK7tpF6ZEnbx0awfvhnypbrBl9SbWGHNkywJQWAxg15hoRrPI99BAimdzoIs1oVYoSUQPO626kAdRonSfp7C0hMn3SMIpk3wqA=w1200-h800-k-no
"Negeri Seribu Batu (NeBuBa) ""Pondok Mahari""","Bukit Harapan, Kec. Bua, Kota Palopo, Sulawesi Selatan, Indonesia",Kota Palopo,Sulawesi Selatan,https://lh3.googleusercontent.com/gps-cs-s/APNQkAHQBblYxKxvKutR6hQiEyGCDcBTuuZPAN3Ru6zjt1GKXMcyoBbnMy2owWzk6eGp1feTNmiomgmKhSBK8HZHsdkAUjvEixNhWosMxfLwnD2RExHsHIzvOMV4UXXf2wggxCTglS8hfA=w1200-h800-k-no
Khenjiro Beach,"Rinondoran, Kec. Likupang Tim., Kabupaten Minahasa Utara, Sulawesi Utara, Indonesia",Kabupaten Minahasa Utara,Sulawesi Utara,https://lh3.googleusercontent.com/gps-cs-s/APNQkAG4y3NBacKX8utgL-rLIH-cajWA113lpVtBLdW1Qw_GyPkp4r_EML7fF-Tesj6NI5GZlyNvIPoZcx6b1gMI-CIUTk1oGDtQNHHVCyvQyG6CVzx7x3U8AyaXfvmpaSpk7nuubyYN=w1200-h800-k-no
Mata Air Sangia,"3CP7+6P7, Kabangka, Kec. Kabangka, Kabupaten Muna, Sulawesi Tenggara 93664, Indonesia",Kabupaten Muna,Sulawesi Tenggara,https://lh3.googleusercontent.com/gps-cs-s/APNQkAEum_8qx3t_De4wuQzBcLMRPeSI6-j7Tz0ikJGivX-hhqU4o-zmJQSkdgFSaZYzvffC0Rzy69a2xZjFYvBxx-iemK0b2AS2qfS7XxH4-geBwdPQKYsx0mrGSrAHx-vbDMabijix=w1200-h800-k-no
Maccahaya Waterboom,"JWH4+JQW, Lalabata Rilau, Kec. Lalabata, Kabupaten Soppeng, Sulawesi Selatan 90812, Indonesia",Kabupaten Soppeng,Sulawesi Selatan,https://lh3.googleusercontent.com/gps-cs-s/APNQkAH2U9rPPZHGRHutTqd6pDgZiU7GrMDVSiooO0wRqctwuOf-V8Vb1KaiFbRA18-_k30-HLXnptIwbVh76-0r1Y7dhc3Xz0NX8hje84ocpvS_JvkTbSvojCixkoM4iBu1Co55-nYz=w1200-h800-k-no
Obyek Wisata Pantai Vatu Mapida,"FQ8G+RQR, Jl. Tolitoli - Palu, Enu, Kec. Sindue, Kabupaten Donggala, Sulawesi Tengah 94353, Indonesia",Kabupaten Donggala,Sulawesi Tengah,https://lh3.googleusercontent.com/gps-cs-s/APNQkAEKz55567juOKUknpjFP6FBehD1rVdBp37qh78Ht-vIxOwxLxJZXSC4xYsc8cZSXPJyLgQmgxkC290c9_kzEztpJ1pXNyiDh8GNK3WLGYLMc_f5wC-Vc3ns7cz8lnLQoa4HJvR9JQ=w1200-h800-k-no
Pantai Tumbu,"X6MC+RW2, Tumbu, Kec. Topoyo, Kabupaten Mamuju, Sulawesi Barat 91563, Indonesia",Kabupaten Mamuju,Sulawesi Barat,https://lh3.googleusercontent.com/gps-cs-s/APNQkAHvw9yRyeueZWentZNn_rjU386zDJMMlXhnEcjtodHEhcoLz-8ho3UBQwZKjaSGLcLNDfBYJPZlflv_k5FnaFbon7y_L-WRTZRinqgvWfJRwNz7-crUUFcIkA8wHVl6PgtlvRq8=w1200-h800-k-no
Gunung Ambang,"Gunung Ambang, Bongkudai Utara, Kec. Modayag, Kabupaten Bolaang Mongondow Timur, Sulawesi Utara, Indonesia",Kabupaten Bolaang Mongondow Timur,Sulawesi Utara,https://lh3.googleusercontent.com/gps-cs-s/APNQkAHcgOlX5X0NW7HufZGfUrb-K_VRMX_UheScDkcR3KXornhS1lbofS-Nu0FfF6sKqahmf0YavmVZW7f_tIM6ri8ZXhvGiwbCXyPOC-0WcnHtQJRghUsccy4kFtvObxEcYv2caHExoA=w1200-h800-k-no
Rote Park Sawangan,"9XP3+5W6 Rote Park, Sawangan, Kec. Airmadidi, Kabupaten Minahasa Utara, Sulawesi Utara, Indonesia",Kabupaten Minahasa Utara,Sulawesi Utara,https://lh3.googleusercontent.com/gps-cs-s/APNQkAGMck-TtrDnPYz2oJd-WvNU64BFPWXGcdOpy8t79QubdCcfwn9bR7Z56wQ32PLNBVxqRN8X0045T_j2jPCK9ki7Ls9rt9LG-N2WYbBzJVplgGPfl0WCEqgEM3VgJXsHExGEE2TFdqAQDC3e=w1200-h800-k-no
Puncak Kelor Ta Wanua Tonra,"Bulu-Bulu, Kec. Tonra, Kabupaten Bone, Sulawesi Selatan, Indonesia",Kabupaten Bone,Sulawesi Selatan,https://lh3.googleusercontent.com/gps-cs-s/APNQkAG0UnrEWmEoIcVWIp8SY6h8rYi02N5VoGK_ua69c545oEVSLPkUiw_uZzv2KATRZ13V2JlZ2Gtzjif8IU0Bb8JJcdrQehx2hdvVNPHfI_rfdkACevMeF_pR7ZOGgK1_yfrKn7eo=w1200-h800-k-no
Pasir Panjang,"38Q7+FV, Puungkeu, Kec. Bungku Pesisir, Kabupaten Morowali, Sulawesi Tengah 94974, Indonesia",Kabupaten Morowali,Sulawesi Tengah,https://lh3.googleusercontent.com/gps-cs-s/APNQkAGW3MhGUMSKKvTghe1m1ecosIX37X-4KES6xGk-susx9CVm0WzjyCXunRo7JVX7HUCyrQo3k_TidDubXD1P-nkCD7vOmRQzHJ1pLElxptMhgn1ngLPHtnDVU_p7ZlvhWpIWUaPo=w1200-h800-k-no
Tongkonan Karuaya,"XW26+4VM, Tumbang Datu, Kec. Sangalla Utara, Kabupaten Tana Toraja, Sulawesi Selatan 91817, Indonesia",Kabupaten Tana Toraja,Sulawesi Selatan,https://lh3.googleusercontent.com/gps-cs-s/APNQkAH4Pu317V5-Ccc2dzgOsOVJ47NC60-VDVnCOlzxpJgwQ7kNVNJX9u6g5vQYlQzJCW_Ult3sbA_C44ChPXYQcM_x-pf5eCLALj2OXUb9hjKhpQzr13sApikyikAXsN8Yf8I9k5Bb3VPd1XCk=w1200-h800-k-no
Pantai Ujung Tiro,"GFF2+6HX, Kec. Bonto Tiro, Kabupaten Bulukumba, Sulawesi Selatan 92572, Indonesia",Kabupaten Bulukumba,Sulawesi Selatan,https://lh3.googleusercontent.com/gps-cs-s/APNQkAG8rGehc155ia_okjTnOi70jXMoiFbpBb7reU2sugmO8kNbAOzAN92WNT2z27Sd-fu6qgvyrBsrKJg6ZK2f-SSvWy-CPCbMhxSxEe4j8nKqpTyYNNcN89Fd8J837ZcVMpS0bguMvQ=w1200-h800-k-no
Permandian Rindu Alam Apala,"Jl. Poros Bone, Apala, Kec. Barebbo, Kabupaten Bone, Sulawesi Selatan 92771, Indonesia",Kabupaten Bone,Sulawesi Selatan,https://lh3.googleusercontent.com/gps-cs-s/APNQkAFSWVHZqc5l_5nw0xXOICEHOh-ZSmXdfZYOcZ4fD3rBYjrstBOF2VFPF-F9wuijeWZ5ABLLUZWSaPpJ5uiQda3_W6T6CCpT14BkrUTZ9M14RXgozwuDucg1XpNFftap9egiEEJH=w1200-h800-k-no
Gunung Mekongga,"Gunung Mekongga, Walasiho, Kec. Wawo, Kabupaten Kolaka Utara, Sulawesi Tenggara, Indonesia",Kabupaten Kolaka Utara,Sulawesi Tenggara,https://lh3.googleusercontent.com/gps-cs-s/APNQkAEC05mnYQsQF8Y3zT_LRVNmHLNU5SOxwWygqjxR8hduhrXomTzAP2nPz2srbsLo84-OCloeYyXyFZdAzNeHvTsamC7hMwiOJesCAEy80ZyrRKu32-I2EBatkvfRROu3DI6bp4pUtA=w1200-h800-k-no
Tanete Gandangdewata,"Tanete Gandangdewata, Gandang Dewata, Kec. Tabulahan, Kabupaten Mamasa, Sulawesi Barat, Indonesia",Kabupaten Mamasa,Sulawesi Barat,https://lh3.googleusercontent.com/gps-cs-s/APNQkAHw5IETaGThdxFQkSgWTvggQVWW-qN0Mv4BgNChDrBLQXrF_7kHH1GOkp__sHsdV24sjwk_1NDMmRsPZWnHmgOSD75KwCLasbzgbqkfFFXNEDJrFN9SP2zC-bEVBm4bcCsq0IIWkw=w1200-h800-k-no
Bira Point Of View(one piece),"Bira, Kec. Bonto Bahari, Kabupaten Bulukumba, Sulawesi Selatan, Indonesia",Kabupaten Bulukumba,Sulawesi Selatan,https://lh3.googleusercontent.com/gps-cs-s/APNQkAGSW7nOhA1qJYlP1xj2bWJfEYcSIIF9SxNtIwc69uyce24VZDhFu1k_qS5607mYcBGNtEOkKNfJyPEAKnTkkmDeqAoT0DHctTtEtqDup2luNBYIZjj5LwAVKdktbpA2P-DpOPtm=w1200-h800-k-no
Gunung Nona,"GRH6+WM, Rosoan, Kec. Enrekang, Kabupaten Enrekang, Sulawesi Selatan 91752, Indonesia",Kabupaten Enrekang,Sulawesi Selatan,https://lh3.googleusercontent.com/gps-cs-s/APNQkAFV69X04yWxbP5V8jx1I3VJltaJetGX0K7dt6iwo1mmJ0XQXoFRt1if06mLHw7tNrcr1Ssr0pzCmvgJ2DEkKGhP2-skyWfgqxWhelX1DZll8vrODBonM9L_q0alx-97w3MazxmZ2PA089NG=w1200-h800-k-no
Gunung Batuangus,"Gn. Batuangus, Kasawari, Aertembaga, Kota Bitung, Sulawesi Utara, Indonesia",Kota Bitung,Sulawesi Utara,https://lh3.googleusercontent.com/gps-cs-s/APNQkAEzsyJPl4csIE7vzwC1bzv9bQIQkAiDwRBrSFYKlBLDDAegf0Sryo9AGA39qRyVxw6xHJFTX-yKgYYUKWnSyDDUGyTE0Vygd9TOEtSPRSyKZHqJb6NgbqySiwcbLkWvPodBGLSG=w1200-h800-k-no
Wisata Jembatan Lingkar,"8MRP+6F9, Wawowangi, Batulo, Kec. Sampolawa, Kabupaten Buton, Sulawesi Tenggara 93716, Indonesia",Kabupaten Buton,Sulawesi Tenggara,https://lh3.googleusercontent.com/gps-cs-s/APNQkAGqc4hfZ5OootXbKwdmlSJB22NVAa8VagrWKmjUAgcRzTAZiMksNDz17M13lrxTqNWSfAN22oE8ckjTZy3SO0OfgMcCefgChjlq_vTU89L6pD3nJVSNa8kzDZSWQbCNarcmmNR-=w1200-h800-k-no
Pantai tihu,"9698+4J5, Tihu, Kec. Bonepantai, Kabupaten Bone Bolango, Gorontalo, Indonesia",Kabupaten Bone Bolango,Gorontalo,https://lh3.googleusercontent.com/gps-cs-s/APNQkAH129IsIlHejvjCAS-d3EoWku1gGSCl43jg7djAJYep6FQB1aW7ldp-5AcefdEOQMd_WrYZPbfAWRZnqKsdC6eSuRvg74aKeehDfJdpthVLzpz5T_pMT2MQBEOOcfPLNKb6klDlHg=w1200-h800-k-no
PANTAI WAIKESA,"Waelumu, Wangi-Wangi Sel., Kabupaten Wakatobi, Sulawesi Tenggara 93791, Indonesia",Kabupaten Wakatobi,Sulawesi Tenggara,https://lh3.googleusercontent.com/gps-cs-s/APNQkAEbXtmnlDvLqcWA9vDcytQJ7opxUINn3ck9ExS7XWYnpwj2_Zt39zj9i40bcPMO3_4Bo0eD1PO4S05oG8lD3H8ljluw3aDbDdG6UsWcO-bRY3ql9oTsKpMZ04ASydZCdTXy-ySA=w1200-h800-k-no
Wisata Pemandian Potanga,"G2VG+PWJ Bar, Pilolodaa, Kec. Kota Bar., Kabupaten Gorontalo, Gorontalo 96181, Indonesia",Kabupaten Gorontalo,Gorontalo,https://lh3.googleusercontent.com/gps-cs-s/APNQkAFZXFc6rUckX21zuNQX_PG72ieams8lKHa4OMUmuK6m9qUmRq5hstzBNo7nM5V2tC0fe0O1ITtT3wi8yC-NJGb5wCrB5tZ6w2spGhoFlK7XWCTKY9dNLTi0Oj-_fWCprvnT_2I=w1200-h800-k-no
Benteng Oranje,"VW27+6M5, Dambalo, Kec. Kwandang, Kabupaten Gorontalo Utara, Gorontalo 96252, Indonesia",Kabupaten Gorontalo Utara,Gorontalo,https://lh3.googleusercontent.com/gps-cs-s/APNQkAGE8p5nmBDQdLZAbfY1RMmNPITaO02L9UyK97n7z4D198aawPniYF2wIqS92BzQntNZLYTxDEhLWnBdLR-4nldTe8ZBqTYz1OT22bg-yNa-rQwmScyYnlwFOHncomABP0W8K7c=w1200-h800-k-no
Danau Balang Tonjong,"Balang Tonjong, RFMP+HP4, Antang, Kec. Manggala, Kota Makassar, Sulawesi Selatan 90234, Indonesia",Kota Makassar,Sulawesi Selatan,https://lh3.googleusercontent.com/gps-cs-s/APNQkAHJbfWYyvZgxJf1hEy3jbcEmjrt5UNe1nwSF2_v753ay3fsn4U2BpfXd_WrWd1VV9TYFounUBgmkSD4lnhtWvEU7zVLtOYWxR42-6sZj78VfxnG04G6Ts59uvq7XB8wAFV7fAs=w1200-h800-k-no
Istana Malige,"GJR4+VPM, Tomba, Kec. Wolio, Kota Bau-Bau, Sulawesi Tenggara 93717, Indonesia",Kota Baubau,Sulawesi Tenggara,https://lh3.googleusercontent.com/gps-cs-s/APNQkAHOy0s-uI6-NQAouJFUX68JO1_JrE1MmaZttd5s2TQ4o5v2Ma6_SFwsj1cm1GtMr78cgUI4vjf4cR0lYuyCJKdeiuqs1A0jZQ2UwCdzM46zMKr4M4y-veJASqjcbLa87T8fbwJDCNr7MZud=w1200-h800-k-no
Danau Mawang,"Danau Mawang, Mawang, Kec. Somba Opu, Kabupaten Gowa, Sulawesi Selatan, Indonesia",Kabupaten Gowa,Sulawesi Selatan,https://lh3.googleusercontent.com/gps-cs-s/APNQkAHLTP8xNnywjWoc7O79B00FV06snbGZ1vLhheTfbdnOxlYAktXx69jCNZgP5odQPbtgjRte7PwKTcl8dWUDscAIQaDQaQ1MUOXJ6knpUPqTu6sd-FFR42Vzy2bs3lYa1sHoa1s=w1200-h800-k-no
Museum Negeri Provinsi Sulawesi Tenggara,"Jl. Abunawas No.113, Bende, Kec. Kadia, Kota Kendari, Sulawesi Tenggara 93461, Indonesia",Kota Kendari,Sulawesi Tenggara,https://lh3.googleusercontent.com/gps-cs-s/APNQkAELkn57vYseVLGD4SwEFpY9NIZygRxh3XEaz058fwU4ji8fBOhWHkAepDGxqPePn9nE4z_ImFUbwsPoz4e_Paczoy9dtp5CRnq_UP-MpU3Pl8lfcU_9Gs3W5O3P7o6vp2z439R0og=w1200-h800-k-no
pulau bintang tolala,"23VC+22G, Kec. Tolala, Kabupaten Kolaka Utara, Sulawesi Tenggara, Indonesia",Kabupaten Kolaka Utara,Sulawesi Tenggara,https://lh3.googleusercontent.com/gps-cs-s/APNQkAFRo1TghrR4c7BZM1VdrBUHIyGflEzLdIfLzB_gczU-Ex7_bzIBiS1tqe1SMPAaN_5u4UcCYLVPF6pz08WsCNXS_JaYXkA8bKCZKYx9M1qodurkZyyLcZuGfzGDsmz6QjhHPaeK=w1200-h800-k-no
Goa Jepang Kawangkoan,"6Q7Q+FH9, Jl. Raya Kawangkoan Manado, Uner, Kec. Kawangkoan Utara, Kabupaten Minahasa, Sulawesi Utara, Indonesia",Kabupaten Minahasa,Sulawesi Utara,https://lh3.googleusercontent.com/gps-cs-s/APNQkAEeKa4QT8XIPv-pC80AYqCuTU0IQDWDwdWkbTpYY04ZZIktZMMIa_QmmW0M2CwV9IduCcCrfCL9ymNm6LIfzNAKOkviVDJ9woZ3cTzYutAMUZWO8R7Wy4hv8J07WwKrQOj9K4YZOJjZRd9L=w1200-h800-k-no
Pantai Pasir Putih,"9HRC+M32, Pasir Putih, Kec. Banggai, Kab. Banggai Laut, Sulawesi Tengah 94891, Indonesia",Kabupaten Banggai Laut,Sulawesi Tengah,https://lh3.googleusercontent.com/gps-cs-s/APNQkAGgjKr64pPVNb3YkX84os1KgV2i5AbJ9M90dhOG4GC4e5vQJWpvJuAsi8nswuGn96YzU__kd2wBGojCVz5BFCrDz9TvNYEKQ8Yh5tLx-AjAYtRVSP6yxih7s-SK1P7_Sm0JbRxu=w1200-h800-k-no
Bukit Marezo,"XM96+PWF, Jl. MP. Remmang, Lemoe, Kec. Bacukiki, Kota Parepare, Sulawesi Selatan 91121, Indonesia",Kota Parepare,Sulawesi Selatan,https://lh3.googleusercontent.com/gps-cs-s/APNQkAFKt5YGoxTapav3XSF8I7hIxxEtXFDpkgHj0OkVdsHQfEnYWWOvIy3_04afIZKzZzZYyAMODKThywn63ShdqeKaFgU4LR_uCGOikOylslJdLrv8TTN-YRXCQnDSwKT49SyotT2D=w1200-h800-k-no
Tomohon Show Window,"9R2F+R2H, Kakaskasen Dua, Kec. Tomohon Utara, Kota Tomohon, Sulawesi Utara, Indonesia",Kota Tomohon,Sulawesi Utara,https://lh3.googleusercontent.com/gps-cs-s/APNQkAHQYyJ43aGkKT-Mbqy4ueQNZZn0cR3d6wXCObphTGFLwgkC2BzRKXl-3drL59rGwtPfgVnppQMfDfTawzfxvECWc8n-q5duDAwM_K4l7u3QusToj_MOy_-uYETvkoyQWeNN8XysSg=w1200-h800-k-no
Pantai Lilang,"Kema - Makalisung, Kec. Kema, Kabupaten Minahasa Utara, Sulawesi Utara, Indonesia",Kabupaten Minahasa Utara,Sulawesi Utara,https://lh3.googleusercontent.com/gps-cs-s/APNQkAHZByDztusyJdZfpaEV3eaKS2kAoiQYV5PupUvfwQvy4krbej2qZ-pvd2QCKSHa82bBN5BQ8CsamPTFO4aXwBduADpydkAvueQTehmbuD4ilAul15KtaFi30UDL9JzdLCBL-KsJHg=w1200-h800-k-no
Taraujung Pamboang,"GV8M+PGF, Lalampanua, Kec. Pamboang, Kabupaten Majene, Sulawesi Barat 91451, Indonesia",Kabupaten Majene,Sulawesi Barat,https://lh3.googleusercontent.com/gps-cs-s/APNQkAEQCnHxXOx0SWYosoFFmN1XELWSDSGZ3Ir-6dheh40BiQs4itShVKLEOfEy8B_0zxDZZiKFqo0zBB6SVt4GMzhIt4j3_ZGrVTksr4Pkx4ZftGoqXTJQKaDgFJKlcAwafZwywdM=w1200-h800-k-no
PANTAI KARANG EMPAT,"8F88+RR, Ranokomea, Kec. Poleang Bar., Kabupaten Bombana, Sulawesi Tenggara, Indonesia",Kabupaten Bombana,Sulawesi Tenggara,https://lh3.googleusercontent.com/gps-cs-s/APNQkAFqJKEjXMxFrr0YaCeSfGmDe9MqneMLX2FeJVX-fiQjIMJj96gfTo1gk6wdj13ggsrquBlw2i7g-h2OJj_a7nFN8sb46W2Xo3bZjP_EW2_ZRKT9b7z1rrpryUcJi-LHM3RTlAzA=w1200-h800-k-no
Air Terjun Sungai Anuang,"MQ5W+2QM, Kasintuwu, Kec. Mangkutana, Kabupaten Luwu Timur, Sulawesi Selatan 92973, Indonesia",Kabupaten Luwu Timur,Sulawesi Selatan,https://lh3.googleusercontent.com/gps-cs-s/APNQkAFem03rPi5b60kKEoDCK5fWo1_5RYe1F5kFT6-eh40_tkyn5SV0m6hN_XzYUtKxm_tybaUpp4bE_7_TK_Xtb_RZRVcZU_OUivz4tcXOJHKXNrqganOSocc0nlKRUcgB-uBfgIa8Qw=w1200-h800-k-no
Wisata Alam Lewaja,"Lewaja, Kec. Enrekang, Kabupaten Enrekang, Sulawesi Selatan 91712, Indonesia",Kabupaten Enrekang,Sulawesi Selatan,https://lh3.googleusercontent.com/gps-cs-s/APNQkAHj7dN-iZnI6k-laLZW2V2G6R3QeecztI9gv89s_uWDTVLGw6xbU7XIfSjLGq4DILxYVOVvBkX_0dz0Ngbggi1_nmTgfi2tdzDbG_EfSQIMe5fbwIwgQxnN3puZyVwuaCCJmep_=w1200-h800-k-no
Pantai Galau,"V7QM+962, Lappa, Kec. Sinjai Utara, Kabupaten Sinjai, Sulawesi Selatan, Indonesia",Kabupaten Sinjai,Sulawesi Selatan,https://lh3.googleusercontent.com/gps-cs-s/APNQkAFWZNFUIINamd2AsCRu7ET-GclKIyfMSRWjSVt0GWd7nZ1Bypqfjp8bK5wAe4-lTbq1TQrA4HduHgBpXBE4fkszUUFQpSS8M6pGtkHyfkt62hgBWDbsZ8qKpxGsrntQxo_qTxx7Jw=w1200-h800-k-no
Pantai RCTI,"94W6+79F, Tj. Merah, Kec. Matuari, Kota Bitung, Sulawesi Utara, Indonesia",Kota Bitung,Sulawesi Utara,https://lh3.googleusercontent.com/gps-cs-s/APNQkAFSZ4314JCwKM6YuMdcll6U5WhdpcgWXJROOEmjVSmS20y5PEVdkydLcgBEJxdVsUTBoIPNEbyYyWnf4qf53AaRQNeoKu8Ibt597an4gG5XJynWTimzd7oMUlg9EFKrVd6Ie5uxig=w1200-h800-k-no
Pantai Kinunang,"M577+F4F, Pulisan, Kec. Likupang Tim., Kabupaten Minahasa Utara, Sulawesi Utara, Indonesia",Kabupaten Minahasa Utara,Sulawesi Utara,https://lh3.googleusercontent.com/gps-cs-s/APNQkAGyQP9zvbL6Q4z6U67U-2ydKDpz59ivCSotauivMezpQqEd69zCv7N7fznfG9-rTVg8oPMBS7wY_AVLK1eWEjGxxwCmSkTvRP3e_9JqZ9no1eyKxW9is4RGGzUaU3pJE4TDm9kQ=w1200-h800-k-no
Air Terjun Waesai,"CPWW+CV5, Lompo Riaja, Kec. Tanete Riaja, Kabupaten Barru, Sulawesi Selatan 90762, Indonesia",Kabupaten Barru,Sulawesi Selatan,https://lh3.googleusercontent.com/gps-cs-s/APNQkAHIh_qrJD6VUTletU3rk7OnnsxD1YyAJj_CFwN7sylj8n6Lbo-75P4wlRN3siE0Qg52OSLchMsWlbvjC18ezbT2nlCFke7j5qngvJ5TI4m8arL5uZ3UujEBTeKgMN7M3QYbU_zV=w1200-h800-k-no
Destinasi Wisata Bukit Sasayaban,"5HHF+CX7, Buyungon, Kec. Amurang, Kabupaten Minahasa Selatan, Sulawesi Utara, Indonesia",Kabupaten Minahasa Selatan,Sulawesi Utara,https://lh3.googleusercontent.com/gps-cs-s/APNQkAEDnfIYEpAce3CCDpNXSgaYYheLU4vUqTx5mf4KolDyxlSbuaMw9tLxsX_8r1juSsSzPClDBSCtwrTtv78rtXyKQAgn1D1y2o_Jew-ADs92Cqy69N_7TK3Hxgc1QXHJEpNWznzIjUSriaU=w1200-h800-k-no
Air Terjun Ladenring,"Barugae, Kec. Lamuru, Kabupaten Bone, Sulawesi Selatan 92763, Indonesia",Kabupaten Bone,Sulawesi Selatan,https://lh3.googleusercontent.com/gps-cs-s/APNQkAFQpH4bKJ2_bAi3llsDNxMQ26yTqmlD3Bd_MJpEuCw915HzhfUtmDMjZgeNiAkEYIarGwExAulfQzQMSrX8j1fR1iSmBrqkxkZG5c-O8WvOy1yoBorFqp7EklwxIbTRLbJc-1Ak3Q=w1200-h800-k-no
Pantai Gubahi,"HCVV+WJ3, Lasori, Mawasangka Tim., Kabupaten Buton, Sulawesi Tenggara, Indonesia",Kabupaten Buton,Sulawesi Tenggara,https://lh3.googleusercontent.com/gps-cs-s/APNQkAE5LQcFzigsPTHbVcheHbVLLNIUFWFM_btYzdDQymxNiO78PXMuvfEy1Ac7LYsPXn3ko54VuDRhHuJ8_jAgzx3w_FDeLZUpECizIT1T9prB454KdMXbjSCCFg-OGJFYYD944-WE6A=w1200-h800-k-no
Klenteng KWAN KONG Manado,"FRVV+MVX, Jl. D. I. Panjaitan, Calaca, Kec. Wenang, Kota Manado, Sulawesi Utara, Indonesia",Kota Manado,Sulawesi Utara,https://lh3.googleusercontent.com/gps-cs-s/APNQkAGkkx75Hsetp0O6b1NSGYMOfMoVonSAbe7-WyP4j5PdD8h9gWbgGthzjVtNeqSY5z6HNBfSvV6cxkQW_Nmk1vYFOH5mqHF9q-td132Bb3t7dVAipJ-mrbbchouq-__mjhh2693G=w1200-h800-k-no
Pantai Pulisan,"Pantai Pulisan, Pulisan, Likupang Timur, North Minahasa Regency, North Sulawesi, Indonesia",Kabupaten Minahasa Utara,Sulawesi Utara,https://lh3.googleusercontent.com/gps-cs-s/APNQkAGT_vm2upONjOG8RwECV_EafgSSgJ1gxTka5R0qT0cX5nr-oLDYR9Q6PVw6TZxH35eTcirPGinb-xC9DQ9ybExB7s7au4XvPQSXNfng-FpVmxCpdqWK-j3SQ1rEZJi1DdeZa_nP=w1200-h800-k-no
Monumen Perjuangan Rakyat Pangkep,"5G7X+W3P, Padoang Doangan, Kec. Pangkajene, Kabupaten Pangkajene Dan Kepulauan, Sulawesi Selatan 90614, Indonesia",Kabupaten Pangkajene Dan Kepulauan,Sulawesi Selatan,https://lh3.googleusercontent.com/gps-cs-s/APNQkAFsKMAx6TcouHQYI-LbE24mkGbvvyBEQl9vkoG3J-KvIh5JJvrmM2wkqTKv28ImniauX29xhQVuigcyc5CLm8bHTDct2QIBTzWD4fRpsIl0Qvynzjp2qKcCYpR0uvthG8mcPjrNw_S3jFWn=w1200-h800-k-no
Wisata Bukit Arang Gorontalo,"Lonuo, Kec. Tilongkabila, Kabupaten Bone Bolango, Gorontalo 96121, Indonesia",Kabupaten Bone Bolango,Gorontalo,https://lh3.googleusercontent.com/gps-cs-s/APNQkAEP3GV4xEwV5qVRwnqoDR757qNtNbIQCLF54hagzscvOVf-89A8YhDBQthHKyJz0Qu642SqClHqJp47IuyDakHpUhLvf4rj799m46jlv1D7n7VOU0ikZToF7V9ORjMPwC4c0XI=w1200-h800-k-no
Tanjung Ngalo Mamuju,"4QM9+8PH, Dungkait, Selat, Kota Makassar, Sulawesi Selatan, Indonesia",Kabupaten Mamuju Tengah,Sulawesi Barat,https://lh3.googleusercontent.com/gps-cs-s/APNQkAGMOZc3r-WYv09isADqeIIKWMk_o0ph9fx6wEze_FAO2V77XPmae4Ne6sTLnhmiZG6fm0iynBeKyzfG7fjgxTVpxNCvqOd1vL9ZlsV7i8Zez_y68bbGO6JZ_S9uauBd6IM3TWtI=w1200-h800-k-no
Kebun Anggur DUYU BANGKIT 02/04,"Jl. Gawalise, Duyu, Kota Palu",Kota Palu,Sulawesi Tengah,https://lh3.googleusercontent.com/gps-cs-s/APNQkAEeASLgRxJL69G_vvxNfR0dOk97z7BJgUJRWHAD373Ei827LciqetzOkQKH8IShaPvUakRJFFSsN2JZCa4sG-NaBzZXKfjdwpvVYhEni3-ZVN7IZmqhov8-1m-KA_Sq1-0whK-Kxg=w1200-h800-k-no
Mattirotasi beach,"Jl. Mattiro Tasi No.125, Kp. Baru, Kec. Bacukiki Bar., Kota Parepare, Sulawesi Selatan 91121, Indonesia",Kota Parepare,Sulawesi Selatan,https://lh3.googleusercontent.com/gps-cs-s/APNQkAG9Pnjd-UA8MkSSbIfIEtm7w6Ibzo7I_SsD5yVcK4CcsvZ8vyX6Rsfhx-F1RnScJ8kd5-rDcF9hPYCk2Fe0nR2_snRb3btY6YY89qumynTCbVMudb7ecdvX1b-PX4niAKfeDo3O7-ODEaI=w1200-h800-k-no
Tugu Kandean Dulang,"2VHX+RCX, Jalan Andi Mappanyukki, Penanian",Kabupaten Toraja Utara,Sulawesi Selatan,https://lh3.googleusercontent.com/gps-cs-s/APNQkAEESWCF5DYyyyn4jNN4SI9WL9azF7AZY2U3qUQHKL3zGU218g5t1N9Tt1FVp-NlhJXbDaeQtLdhjFhW3KNTnTcSijgFvFlip-h2Ydnd3A9zZ3sh9qqRaSxBEuZfIVI6FIm-CPWD=w1200-h800-k-no
Pantai BBC,"6QCR+72P, Beo Tim., Kec. Beo, Kabupaten Kepulauan Talaud, Sulawesi Utara, Indonesia",Kabupaten Kepulauan Talaud,Sulawesi Utara,https://lh3.googleusercontent.com/gps-cs-s/APNQkAEN9gaBavetz5aWDIvnRH8MfXcDtNDnLuWdioA05ug2s3L_SLmgGmAj4Q31j97sSfuO6xJMQbVCQ8GurcFRH1rBuKWcq3qARiG6tNHbMSHDct7fx8ZApoy0eE3yRhU2BsHGxDXz=w1200-h800-k-no
Mokokawa,"3PGP+76, Hanga-Hanga, Kec. Luwuk Selatan, Kabupaten Banggai, Sulawesi Tengah, Indonesia",Kabupaten Banggai,Sulawesi Tengah,https://lh3.googleusercontent.com/gps-cs-s/APNQkAHvj2IrNRl0Fi_zji9yTySqG6hu-CcWzE-9Xp2Sg0p2F3kpmKAc_iVErpVZvCfgrjFRWu6lGZTLPb4AcugIAzwbzm2GfwcL6jNFr44PLM06YIPcLswPJNMHHs6cBvI9qYoUF2pqdBiCu6Cq=w1200-h800-k-no
Masjid Keraton Liya,"JHFR+6RC Liya Togo, Liya Mawi, Wangi-Wangi Sel., Kabupaten Wakatobi, Sulawesi Tenggara 93795, Indonesia",Kabupaten Wakatobi,Sulawesi Tenggara,https://lh3.googleusercontent.com/gps-cs-s/APNQkAFiiXNeQyFd1ksmBdLjVOJQ7BIdtGCaJ6GgjABDjgo9s4Zk4Mga8GkI2vsT_220jE_-iTE1yc-vICZGvB_-1AxltHbYzbk4n7o_xQXvjBIxDyfGMl9vYfsvnbwPZptOOB5BCvtOMw=w1200-h800-k-no
Pemandian Ma'obu,"Lalibo, M9PW+GFW, Mawasangka Tengah, Lalibo, Buton Tengah, Kabupaten Buton, Sulawesi Tenggara, Indonesia",Kabupaten Buton,Sulawesi Tenggara,https://lh3.googleusercontent.com/gps-cs-s/APNQkAGRG3Dlj_qm3AamqEwEFHJhLJ3o2FwFUgQeFHLT5KF2JcvXEKj-5UYeIhJ3hF2pI8sJfJURtqknPCL2_wd0PsbXdVFoLBWXFqppSoQ1vcPaetWoJHMzgiHRW5va46n47BtDjaQR7A=w1200-h800-k-no
Pantai Bungin,"VXJP+299, Motabang, Kec. Lolak, Kabupaten Bolaang Mongondow, Sulawesi Utara 95761, Indonesia",Kabupaten Bolaang Mongondow,Sulawesi Utara,https://lh3.googleusercontent.com/gps-cs-s/APNQkAGJVqenAp2PcEwfeyEUDi5NPplXvRNwVrakwP_S6uhjD6HrjZxJLTxfe75zIXkZDjH4XQyMSFaDc7G3-qfmVFgyI0W_LHULTIidV4gJMOntC3cjx32EftwfI0VwKj0BnQOe9A=w1200-h800-k-no
Hubat Sanjai,"Q8H6+QH8, Sanjai, Kec. Sinjai Tim., Kabupaten Sinjai, Sulawesi Selatan, Indonesia",Kabupaten Sinjai,Sulawesi Selatan,https://lh3.googleusercontent.com/gps-cs-s/APNQkAEuvLEnzXmjmfeOaB3pHmuDWKZjdbw49XIz5R3CgzSIWQq4Cay6xhrwicKCH5ekR-mwjbW8L-IzuypFRGgx9BBcgjeX950LDjtC4dOuAozGGl6J2pAxztAxXqAylX5hhvn-lJqLUg=w1200-h800-k-no
Ungkea Beach,"ungkea, Kabupaten Morowali Utara, Sulawesi Tengah, Indonesia",Kabupaten Morowali Utara,Sulawesi Tengah,https://lh3.googleusercontent.com/gps-cs-s/APNQkAH0Q8A2G7F7zXn2kNJYsRn92TGBXRhdxJyeQxUm-lkhXGvaqnKC2JxE3khCb5vfe4NQNzEEnP5h53NiWkEkcCqxafax8FeG4oNfD65SHwOXdtxgx0yCHNPM9FMT_BKQgDh7Mcnv=w1200-h800-k-no
Taman Kota Majene,"FX48+37J, Jl. Ammana Wewang, Banggae, Kec. Banggae, Kabupaten Majene, Sulawesi Barat, Indonesia",Kabupaten Majene,Sulawesi Barat,https://lh3.googleusercontent.com/gps-cs-s/APNQkAF9ps66LH7Qxa67o2MksL9GuXUz3KGya7SymTFP3P3fssFQ7_wZmdm9gJvaGE0cH2XdEEzgNbdqqmqLzdHK6sSuiAU0iXUaMhy4tnleVc7q8RXOVKRGrhfw-a1PG2wArwLaI6gypw=w1200-h800-k-no
Pantai Padongko,"Pantai Padongko, Mangempang, Kec. Barru, Kabupaten Barru, Sulawesi Selatan 90712, Indonesia",Kabupaten Barru,Sulawesi Selatan,https://lh3.googleusercontent.com/gps-cs-s/APNQkAEyo24ODwb3Q0oJUtJPkdqGEEzoGYML1mVihJjGu0Lg9pSmhNckLyjPmnUY5IYQ0GRtHil5OM6Zr5pOlrsZ0ZF91GVRfKvyfbXpuKlfCg8ZKm-gOn27aI7gItDsiM0dJ_kTcAMg=w1200-h800-k-no
Air Terjun Baturiti,"X985+VC4, Balinggi, Kec. Balinggi, Kabupaten Parigi Moutong, Sulawesi Tengah 94473, Indonesia",Kabupaten Parigi Moutong,Sulawesi Tengah,https://lh3.googleusercontent.com/gps-cs-s/APNQkAHTbsOkmYIJEMO4nu8vNW6ifxJOr83XZm6d5P0TFW1FlctOmbI4rYCejfGRoZ-8oIpQcwrIU4OMtYev7n35KuSq6EpqOoLuAKyOJyUSPh0VxceyAKSYC-WWFojwsnF3JaOoAuqR=w1200-h800-k-no
Pantai Malaha,"2C24+XFQ, Malaha, Kec. Samaturu, Kabupaten Kolaka, Sulawesi Tenggara 93915, Indonesia",Kabupaten Kolaka,Sulawesi Tenggara,https://lh3.googleusercontent.com/gps-cs-s/APNQkAGt9Yy8T39ztvAwsmKm4pHMFus_Ku9kTTIK3EtBPLdMOvdMfb9nPUIL3LBMGIEw4zYZipx-8d_OO718xMfO6slYwsx5Q1ju9JtG82vrGUF4UGBfH4IKFNlbmkgFUGks1ORLJdK6=w1200-h800-k-no
Pantai Panorama,"Pantai Panorama, Rangas, Simboro Dan Kepulauan, Mamuju Regency, West Sulawesi 91512, Indonesia",Kabupaten Mamuju Tengah,Sulawesi Barat,https://lh3.googleusercontent.com/gps-cs-s/APNQkAHP2ypuqATZvWyn9ezMxMVabV0DI7mG2kNxgNCUYSR4wt0Gu7WL6O0GawxB1OouPRyOtfxNpSFLctTgmATk5Y1anWNza-xtTROJbWOFTgNLQ_-c02PC-3NMPohgryIKRt8c3wKVRQ=w1200-h800-k-no
Taman Kota Keydupa,"Boroko, W757+R95, Kuala, Kaidipang, Boroko, Kec. Kaidipang, Kabupaten Bolaang Mongondow Utara, Sulawesi Utara, Indonesia",Kabupaten Bolaang Mongondow Utara,Sulawesi Utara,https://lh3.googleusercontent.com/gps-cs-s/APNQkAHGsllWxo_CriHjS-YDVUuccgXdhG1-jKx_WQl30WMllhSbMsG8KQ-1DD1mrGEgs-ysEf7g45-d050adlg3dcTPZAcE9uDxquUH3sG3wgCLg8plVnATFSt89TZG1o9YeUpuW2wk_w=w1200-h800-k-no
TODDOPULI GREENLAND,"F68M+MP, Kalumeme",Kabupaten Bulukumba,Sulawesi Selatan,https://lh3.googleusercontent.com/gps-cs-s/APNQkAEZZtbuMzUB4DBsYeps0eCHpbsgWELgp2XGhTantDLR2XSHT7xhoQGfaTZrjMU9ZM0TUBdjgWSXa7Cf-5yfn0UQpBXkMqarfqsH1pSigaQtQu6cgzRsFMrF0YWQgWTDHVxBVUpAXA=w1200-h800-k-no
Gelora ambang,"P8W9+88G, Kotamobagu, Kec. Kotamobagu Bar., Kota Kotamobagu, Sulawesi Utara 95716, Indonesia",Kota Kotamobagu,Sulawesi Utara,https://lh3.googleusercontent.com/gps-cs-s/APNQkAHfqYtGvtTS01QOmBccSb0r0R40PFZbtctwPREx382DUDjjCGJJkYdXsaOMEcnY4xDVKFw8LNTHdYPKZda41PpVuiq-HxQrdO4zHnPdk5FQFGSu06SniOIcHZIL3-mcKFFgzPgBWQ=w1200-h800-k-no
Pantai Kanaan,"Jaga VI, Kolongan I, Kecamatan Kombi, Kabupaten Minahasa, Sulawesi Utara, Indonesia",Kabupaten Minahasa,Sulawesi Utara,https://lh3.googleusercontent.com/gps-cs-s/APNQkAETsOT5DbnvemCznaQHdx6LZ0y0WPETFwhiJEpvq6oHUZmn_rxH7q-5-RFsful9h_tIS4JHoBkrmFvulEmwFEtAHYvjFEp5F0eAPSTMrZccm3Ng-c5TGsFyrfO2OJ77cHm5mQtfeA=w1200-h800-k-no
Wisata Alam Bukit Peyapata,"Tunggulo, Kec. Tilongkabila, Kabupaten Bone Bolango, Gorontalo 96123, Indonesia",Kabupaten Bone Bolango,Gorontalo,https://lh3.googleusercontent.com/gps-cs-s/APNQkAE2NIQzeKVDcZoxFwn8NxfHvNoTkHNVseaybZMKx97lMoEf-0odTAku3Kcv97wz-QjjrPPn1_LNXH5BDHiNgQEYC_wZ8PQy60qy9YCYi7vALDqzPwJM-Wq7wefLhpBjdYyZVLAfOQ=w1200-h800-k-no
Tongkonan Ranteallo,"2WX6+Q2W, Buntu Tallunglipu, Kec. Tallunglipu, Kabupaten Toraja Utara, Sulawesi Selatan 91853, Indonesia",Kabupaten Toraja Utara,Sulawesi Selatan,https://lh3.googleusercontent.com/gps-cs-s/APNQkAHtLfKRywun1GqtvnwW6uhlj8gM1Yt8b0t39o2Z14Wwvm3VyX5VnRKz7NJQku6jO3Uhp67n8PyY25j4JsakDWeGi5INmpW3YpG6IYXVSBxPYmEgOM-lOk6fKOFfMhODDhX8wDU=w1200-h800-k-no
Pantai Kampa,"Islands district, Indoneaia, Wawonii Barat, Konawe Regency, South East Sulawesi, Indonesia",Kabupaten Konawe Kepulauan,Sulawesi Tenggara,https://lh3.googleusercontent.com/gps-cs-s/APNQkAGTdqc1UW06a3FsOlxn8s1nkfG-5s7Eo_4gn8LrvY-gxRCP1KuSoXQAxYgEZoCuLBVhXRHDg8uI9VtXNGthdtnNNsrFWMbA-QJO9Oo1UH-zu3EgoRY_sySvCl3GzHRKD9Dox_rZVQ=w1200-h800-k-no
Pantai Meleura,"3QC5+M2, Lakarinta, Kec. Lohia, Kabupaten Muna, Sulawesi Tenggara 93658, Indonesia",Kabupaten Muna,Sulawesi Tenggara,https://lh3.googleusercontent.com/gps-cs-s/APNQkAF0FKfsLcD1ubSS8SVX4UeZeqsdHgCDY4nz-Kyxgp8s9rca_r6kTaoSHvt1OXOTDsEC5NBd6TVDu_I8pHJGPVfPvODA9e0JSXO00slOgwd-Q3ejcUmM-kbPPb6eKFP57nTKtLTFcQ=w1200-h800-k-no
Dermaga Harapan,"9VJ7+25W, Desa, Pao, Kabupaten Jeneponto",Kabupaten Jeneponto,Sulawesi Selatan,https://lh3.googleusercontent.com/gps-cs-s/APNQkAEQQpmH_gsc1Uk2UVyorW85b_WCGMNCNlwJ5pjma78QpdQRb9bLVKxyJQGNrHG3FApuT2XQAhhu-8vDZhnWkbSxqfGcg3XPv_9QmlaRkaG0hgDgDaRTaP8Mj3deV7shSajF_nWiuQ=w1200-h800-k-no
Pantai Pajala,"Pantai Pajala, Pajala, Kec. Maginti, Kabupaten Muna, Sulawesi Tenggara, Indonesia",Kabupaten Muna,Sulawesi Tenggara,https://lh3.googleusercontent.com/gps-cs-s/APNQkAGIywmFm8CNK_nb41lNi1ecajQtpugVHr9lECyg3gLzP5jYfL1un4tNAA_rTssDCI-QPkvW68IYLsl5amUfG-azy2Wxj0geKa5akNAIZKjys23oDBOlWZLb1tD0LCy6gHjcz6TT=w1200-h800-k-no
LYWANZA HILLS,"8V4F+262, Jl. Soekarno Hatta, Karema, Kec. Mamuju, Kabupaten Mamuju, Sulawesi Barat 91512, Indonesia",Kabupaten Mamuju,Sulawesi Barat,https://lh3.googleusercontent.com/gps-cs-s/APNQkAGlojH18dK5TslACQdjCM7UbbZdWGKKUK0K9jQCYMubGii5ksORpBFpIgS1-BPCwDdSDQIil-2b7rzBZe5zQQV5FTPp3Y7r6r5CcujfhkV5jEJsNgC0h2330OyJLCY63nPBr73dww=w1200-h800-k-no
Pantai Gusung Indah,"Jalan Rustam Massa, Desa Bontosunggu, Galesong Utara, Bontosunggu, Takalar, Kabupaten Takalar, Sulawesi Selatan 92255, Indonesia",Kabupaten Takalar,Sulawesi Selatan,https://lh3.googleusercontent.com/gps-cs-s/APNQkAEEQyJlpGHLhgguOMxYI5aR_m7ey6ZgMLbsCtTnZt57iWtjrDEuNgYXmd2C_A8biGWja899ALBldnVIY1a8AfhK5qb9hQ7ZArWm5OEsOZYkRPeGlKSzHU5WAs5_vuY4FfWdxu5ngw=w1200-h800-k-no
Taman Pintar,"Jl. Jend. Sukawati No.40, Macorawalie, Kec. Watang Sawitto, Kabupaten Pinrang, Sulawesi Selatan 91212, Indonesia",Kabupaten Pinrang,Sulawesi Selatan,https://lh3.googleusercontent.com/gps-cs-s/APNQkAEyY7CUGlCEX3VspR2ce4i2AM9bkUa4DMu7Me5A2jdpzgcfQ8t3pAKWuNLH2hq62nJDfklzAe4CqkgueQBWmtZtM_WkHxSR8v62Aqir-VhQWt6lSp06mDDXgSRPRIJ240ppmXwV-g=w1200-h800-k-no
Lolai Tongkonan Tangke Honai Rangga,"3V54+745, Sikuku, Kec. Kapala Pitu, Kabupaten Toraja Utara, Sulawesi Selatan 91854, Indonesia",Kabupaten Toraja Utara,Sulawesi Selatan,https://lh3.googleusercontent.com/gps-cs-s/APNQkAGXGjMMyt6CcgH2PL3qhHovPQRkF_KT_nE_7c9r59dn5aWVli5ewrRw4qSnkg3HgofnyBa1O8Eo1SBc-GfSEmtgxZc9LWOO3h7zZpcbpHQY9SL16SOtXvAmP2zciXqp9FwjQIG4=w1200-h800-k-no
Pantai Pa'badilang,"Pa'baddilang, Kab. Kepulauan Selayar, Sulawesi Selatan 92851, Indonesia",Kabupaten Kepulauan Selayar,Sulawesi Selatan,https://lh3.googleusercontent.com/gps-cs-s/APNQkAFO1KZQI6u6mBjE6oS9JXQs0lkM6Sduu11dkHKOEzCs4TK5NfNHHl7E_cM7O5azVcr8bYcbGzWGxxOYH-VG4NBB6Z5kxRT7-mqekZHa4jJzWMgsdZBNGPZv8U9zUAzsvTpY73gb=w1200-h800-k-no
Pantai mosing,"X3RX+4QP, Sinei, Kec. Tinombo Sel., Kabupaten Parigi Moutong, Sulawesi Tengah, Indonesia",Kabupaten Parigi Moutong,Sulawesi Tengah,https://lh3.googleusercontent.com/gps-cs-s/APNQkAFH6DhakFjMiOOyZaLit9-fCr21r18-wxExWvby2YU9SkkSPLeD06JahhxFNiFuxQui9RtK9w-U2SR5IlWowXyDSjBUoqr_WtXZkc3IvQNN6nby4XIQv-6l9CezQTmpj25vIRf_=w1200-h800-k-no
Bendungan Kalola,"Desa Sogi, 438G+5R4, Maniang Pajo, Sogi, Wajo, Kabupaten Wajo, Sulawesi Selatan 90952, Indonesia",Kabupaten Wajo,Sulawesi Selatan,https://lh3.googleusercontent.com/gps-cs-s/APNQkAFmI-hsl-rAsgFTSIUtFp4To--DXBIcK_xL4z6YQR1a-q7QBSWDRMGK5JacAE-QvmFnBMMFW6inCdc5jfIPdn1-g463YOaAn7DSVgBpG-csyvy23gL03vKU8ISbt0j8R3OqRyc4=w1200-h800-k-no
Pinus 2 Soputan,"4QV2+HR7, Pinabetengan, Kec. Tompaso, Kabupaten Minahasa, Sulawesi Utara, Indonesia",Kabupaten Minahasa,Sulawesi Utara,https://lh3.googleusercontent.com/gps-cs-s/APNQkAEM6aujwNPLmME430_1DMbRVwQfott6cyWHgBg8re5U1anH3Tx_oP4LL7gHDXe0-qjHSFQHkwPxvNY-qZb0oCa33gqk2Kz9yg34sGNmT3uB1zFERJXQp3UX1WciwOlDpkOZ4RtZ=w1200-h800-k-no
Hutan Kota Tomohon,"Jl. Sumeseper, Talete Satu, Kec. Tomohon Tengah, Kota Tomohon, Sulawesi Utara, Indonesia",Kota Tomohon,Sulawesi Utara,https://lh3.googleusercontent.com/gps-cs-s/APNQkAFH5cxilgN8uth4I_hDxQgZsA50LiJPL6CRsYD6XvN7u7FoLk5R-OZOJkiN4ZszUBZoKXTuYN9z6kQgzGVRUMKslumPNijHok3RGXtYvtx5KnMvqntotAoyBY_YyUpa7-lQ9FAs6w=w1200-h800-k-no
Objek Wisata Danau Seper,"9XFW+846, Jl. A. Manowutu, Lembean, Kec. Kauditan, Kabupaten Minahasa Utara, Sulawesi Utara, Indonesia",Kabupaten Minahasa Utara,Sulawesi Utara,https://lh3.googleusercontent.com/gps-cs-s/APNQkAEuAizmecXWYUAne4Xx9S5kLyfzKfhI-zotB-j-2Jl1GKDLsV4mRpEIpbO-U3_-kxw2n61mDQvx-os65D_UEcvChE-rx5aIFttBuMurFXgTAjlv24upwE-8uWI2ICO3wBaxDde11w=w1200-h800-k-no
Taman Wisata Alam Batu Angus,"Dekat, G64R+532, Kasawari, Aertembaga, Kota Bitung, Sulawesi Utara, Indonesia",Kota Bitung,Sulawesi Utara,https://lh3.googleusercontent.com/gps-cs-s/APNQkAG39BMn0xNjCudAlQ05VP4kCNczpAZYTXOn5QIVyT0kzcLCyeR2H6I_6pD20VxaJP_ij_DOk2Tk5gW9Vpbloz8CMoe3iY7f3g5jkdVp0DW9BurcbPz1o8oDuOk-04CydvxavOw=w1200-h800-k-no
Permandian air terjun Moramo,"QPFP+F7W, Sumber Sari, Kec. Moramo, Kabupaten Konawe Selatan, Sulawesi Tenggara 93395, Indonesia",Kabupaten Konawe Selatan,Sulawesi Tenggara,https://lh3.googleusercontent.com/gps-cs-s/APNQkAHORJisf7FaVuGMbGOjDJa73UbYn_T8OiQPWOHNVRNOGO6PcG6Jf2dDPUxGgt_qSDaXo-N57BH-t59Wm5sqr_NSo_LvQpk166tBsvmgL8se5-ssKBY21TwBFZy0I92T-OAA9xeW=w1200-h800-k-no
Citol Hill TONDOK BAKARU,"Unnamed Road, 39HP+X82, Rambusaratu, Kec. Mamasa, Kabupaten Mamasa, Sulawesi Barat 91362, Indonesia",Kabupaten Mamasa,Sulawesi Barat,https://lh3.googleusercontent.com/gps-cs-s/APNQkAFawfbMiYXYGGFETgS5v_C2JVmCn_OoqdofzXVQZJ-E2SL-zAts2fFQo1Uvd0GIIZWzaPU9ysUrHXVWZQ3jnqD2-bZW3RlZRuSTASqTwcg3gfAVn8AClvoFLf_uT5HfNbnY6-4a8g=w1200-h800-k-no
Permandian Alam Uelanti,"Unnamed Road, HQVQ+XFJ, Kasintuwu, Mangkutana, East Luwu Regency, South Sulawesi 92973, Indonesia",Kabupaten Luwu Timur,Sulawesi Selatan,https://lh3.googleusercontent.com/gps-cs-s/APNQkAEPb77IDfizZcxcej6GHp-BxJvCQMxP63Phb6tZDQRa3qCjbu_c5PiUBz1zgT8ltDQh04OHIy8EmoeKuY3ByRWJheeEPjOb1KuVvx5i_np1iydn25r64JCG7mBMxQUoOx8-RLqvKoVMSbb6=w1200-h800-k-no
BUKIT SENAYAN DESA BULO KEC. BULO (NEGERI ATAS AWAN),"Q5H8+783, Unnamed Road, Bulo, Kec. Bulo, Kabupaten Polewali Mandar, Sulawesi Barat 91353, Indonesia",Kabupaten Polewali Mandar,Sulawesi Barat,https://lh3.googleusercontent.com/gps-cs-s/APNQkAHOTJJmgsP4-wK6_4evRf7kCM2zvUKdSFWIkiDXhwKblLZghd2I16qms3chyzPN3o0skNA9CKwKj8mN82ovaY7Tkl3kMDe_wHibZmJvdcxak5y76MfXNRMxRcXR1zNoNZ4Pagqpwg=w1200-h800-k-no
Taman Nirwana Park (Tilung),"FR38+8G2, Tadulako, Kec. Tomoni, Kabupaten Luwu Timur, Sulawesi Selatan 92971, Indonesia",Kabupaten Luwu Timur,Sulawesi Selatan,https://lh3.googleusercontent.com/gps-cs-s/APNQkAFJGwrJmxXNNNhHCupkyjM9ZGjvdi47wDsJmq3fPBc-0A7fjnVV0ljv4J2TYGYVSty3gOfFfeTUH2vhPPZxqh8rjmSOUF15r8csj3vHTqcfWZnDXuNua0F-tqFCnod4Tnrr2Fg=w1200-h800-k-no
Pantai Wisata Lapeo,"Pantai Wisata Lapeo, Lapeo, Kec. Campalagian, Kabupaten Polewali Mandar, Sulawesi Barat, Indonesia",Kabupaten Polewali Mandar,Sulawesi Barat,https://lh3.googleusercontent.com/gps-cs-s/APNQkAE1PA-wmM7VFBtlUinbgmmRRW7L1jGkyTatvXlmU10Cz39-h8-yXZAoe0XBmoj_yPGWn7pT2125lzK-wQwpb5ohQBlj7XlfgKZFQ1MIKJ1iOMSIgT6UPTjugMANxQNwjPwUK4M=w1200-h800-k-no
Pantai Panjang Toronipa,"Pantai Panjang Toronipa, Toronipa, Soropia, Kabupaten Konawe, Sulawesi Tenggara 93351, Indonesia",Kabupaten Konawe,Sulawesi Tenggara,https://lh3.googleusercontent.com/gps-cs-s/APNQkAHTYB7nrWckjztscwpqkuYnk5Eop1O7LQ7hppF830eOQl2f0dgSAi3uIHGPUvdHGeJE87u6_8SHkn7y66VJ5Ay8gZ8Uko0157mbjkvmzZf48UPtLpQWIa8PUCSaCDDh8oNqZwnu=w1200-h800-k-no
Permandian Bahopombine,"82G5+FF8, Kolono, Kec. Bungku Timur, Kabupaten Morowali, Sulawesi Tengah 94973, Indonesia",Kabupaten Morowali,Sulawesi Tengah,https://lh3.googleusercontent.com/gps-cs-s/APNQkAEkKxV3eSVRRfOSfPuFzNmrNUfHQa4-7Tnm1GXlZOtDDrsXnxSxBqFHL4HI-8AK7ojtpl_sgIs3AGj8u5RGYtQOuRexxuH2wCPLgYrzFo-eAh8YEoAyh2LzdaZ2VsFZFLKLO6wn=w1200-h800-k-no
Wisata Permandian Agro Palopo,"X5GF+7QM, Murante, Kec. Mungkajang, Kota Palopo, Sulawesi Selatan 91921, Indonesia",Kota Palopo,Sulawesi Selatan,https://lh3.googleusercontent.com/gps-cs-s/APNQkAGy4SgjWTihbvIpMKZLcKAmqEgsGCmg13rTAruVD7ojlRmhUE6RwAFQrn6mnZz_5Sh8crijvOggEAwv6K-FIa32f7vgVB8ls4Je53OwZwLEHpO2HosEGbF8X9Vp8MF866P3mx2z=w1200-h800-k-no
Parigi Moutong Mutiara Khatulistiwa,"7454+X54, Pelawa Baru, Kec. Parigi Tengah, Kabupaten Parigi Moutong, Sulawesi Tengah 94471, Indonesia",Kabupaten Parigi Moutong,Sulawesi Tengah,https://lh3.googleusercontent.com/gps-cs-s/APNQkAE8wRH0WMyB5I2xErS2H9Hvo8-WmWR6t5JMd3K-Gj1aG9rulqkS5xCYbDJVE1SDs2COZJjX0GjYjRnOvdoeawrwDM_WM3caFWSlSvUQ422oDp0kdvkTZZk9ZQ8H9AMz6M_-3Uw=w1200-h800-k-no
Tirta Ria,"5C23+CC8, Kulango, Kec. Biau, Kabupaten Buol, Sulawesi Tengah 94565, Indonesia",Kabupaten Buol,Sulawesi Tengah,https://lh3.googleusercontent.com/gps-cs-s/APNQkAHxlhbQ9lKzttSfQkYrcjGfHxpxIqLYRhnR-pbMCYLo6njaHMmbATyNkc_dx5lv-HnW0j8xwE3ZW5NPd9UQwQiCXHQwbSRYsOLNmTX6ocH7qzu9WZWAulrDzrvNrYt8ZrTXXbT59A=w1200-h800-k-no
Batu Tongkarayya,"FCQX+R67 Ara, Lembanna, Kec. Bonto Bahari, Kabupaten Bulukumba, Sulawesi Selatan, Indonesia",Kabupaten Bulukumba,Sulawesi Selatan,https://lh3.googleusercontent.com/gps-cs-s/APNQkAEg4ToXed1tfCY9i210G-sO2oDnqvaDRh_glOTzBOTmfhoi146wBlPGKkWiS9NlWqML5kGc5n63DlE4wI6IN44gZVeCgz1q342ahFpOUQeSsT98XeZp7RsCAdVDOdFhM6tdK9FclqGUoxkp=w1200-h800-k-no
Wisata Hutan Pinus Buntudatu,"Buntu Datu, Kec. Mengkendek, Kabupaten Tana Toraja, Sulawesi Selatan 91871, Indonesia",Kabupaten Tana Toraja,Sulawesi Selatan,https://lh3.googleusercontent.com/gps-cs-s/APNQkAGHfHWrHe2hJD-1_Btlq7jbZSHAmWeKDcbQxTfKTCa8rU2fiLbpPqaHYtFhH8BDR7XQO_yIu6vy2b4GJieyJQZiZORhr9EO0K8MB4kZ9Zd8Fk1qShbpso3gccZfTGD2oZH80lUr=w1200-h800-k-no
Chimoki Beach,"Nuangan, Kec. Nuangan, Kabupaten Bolaang Mongondow Timur, Sulawesi Utara, Indonesia",Kabupaten Bolaang Mongondow Timur,Sulawesi Utara,https://lh3.googleusercontent.com/gps-cs-s/APNQkAGCunO_BZhtsV0_5nLIP3cbhXMnPonZC-vx2418jhv2wRwr-5y-XfsIAa2eqIcGP9yzdgg3WR6HZx07fSqaOSGbWO1WDjhUVWJWeA_v51T4FNoZynXVnkNVXDuJ-rnViwgW9IDNWw=w1200-h800-k-no
Pantai Balo Balo,"9QJ9+42V, Balobalo, Kec. Wotu, Kabupaten Luwu Timur, Sulawesi Selatan 92975, Indonesia",Kabupaten Luwu Timur,Sulawesi Selatan,https://lh3.googleusercontent.com/gps-cs-s/APNQkAEuAFgJhwoNnre1mKJygaKh73aftBo2UqdCWya4Xvp0P_b6LN4A58YqgQZaYrVtxXqBXJGBkyzrm_hSRAcYZBU7NFU-pz1tA1YvTVMfb_nkmomo7g0ysg1ym_7s4GNx7PmDDFXb=w1200-h800-k-no
Kampung Literasi Borongtala,"MC3R+C8F, Jl. Borongtala, Tamallayang",Kabupaten Gowa,Sulawesi Selatan,https://lh3.googleusercontent.com/gps-cs-s/APNQkAEilSlV3rCG5rAnyCWq99b6oUHjTX2QuZI29xcP8sg_tQhMjx536OxpXR5kdMrg4l9aDq_Ll6wSkyxW7FEuiTVMGbLM32SCw8ILaUynEFhXqbGBRxJ_y58ap9Lj1-ZYq15pWHQe710WkuVD=w1200-h800-k-no
Jelly Fish Lake (Mariona Lake),"MW82+5H7, Katupat, Kec. Togean, Kabupaten Tojo Una-Una, Sulawesi Tengah 94691, Indonesia",Kabupaten Tojo Una-Una,Sulawesi Tengah,https://lh3.googleusercontent.com/gps-cs-s/APNQkAF3grzUJBMlBs6KRMx5uBp2jrRmmrZj44wO2Y4YO6PhiCSYPC9rn-CARvvTcTkC9yOsnTNkgtsm7eRivN7rTCzwwyztXXFVQ1gcBmEf8JpNhXhN04r7YVwRJO8yxgH1dTJVTZWW=w1200-h800-k-no
AIR TERJUN HUILA,"9FC7+58Q, Taludaa, Kec. Bone, Kabupaten Bone Bolango, Gorontalo 96585, Indonesia",Kabupaten Bone Bolango,Gorontalo,https://lh3.googleusercontent.com/gps-cs-s/APNQkAGSPW4pVxvPKUbAISTnyhuPVqEcBnqPOoKTY2I4yG7hZmFyLAzYYAm-ypv8FjXqR5iY8ZUxqj1EPkii00kFd3_oiOgoAyTfAiu9GjX897WeV1XqT8qfSXHK7_txXh-72NifpepSxA=w1200-h800-k-no
Pasambaya river side,"M3GF+WCC, Modellidu, Kec. Bulango Utara, Kabupaten Gorontalo, Gorontalo, Indonesia",Kabupaten Gorontalo,Gorontalo,https://lh3.googleusercontent.com/gps-cs-s/APNQkAH40h1NxN_9ckonDQfDa_XS95bDELpONq01nXEMy2c2Sx6ac262opeeqEksOpfXQ4oXpq3ev2vNi3Afkw4khSGMacyXsmXaxhugxegbVbLPFcT78fyVkEjv8_7UfFxcBQFKmLBp02WmdlE=w1200-h800-k-no
Agrowisata Qurratu'ain,"Jl. Banteng, Rahandouna, Kec. Poasia, Kota Kendari, Sulawesi Tenggara 93232, Indonesia",Kota Kendari,Sulawesi Tenggara,https://lh3.googleusercontent.com/gps-cs-s/APNQkAEW_KEP0YCVXRmxrMutcNlloEb4UPd4I3PwnawIaE4__T61Wi_Kvpl23zyzxLqoERFe4gpC4mbrRdDfTxIH2P-u-qP2UBpr3GSrXi0ewOMdAdxURRGM4wjBbAVOuT_-AVHmmOr4=w1200-h800-k-no
Asinua Water Park Konawe,"43Q8+R4C, Asinua, Kec. Unaaha, Kabupaten Konawe, Sulawesi Tenggara 93415, Indonesia",Kabupaten Konawe,Sulawesi Tenggara,https://lh3.googleusercontent.com/gps-cs-s/APNQkAHooYTnlXmJECkesRUUdRH1yBsnhF2jl4OwBHf7wsFTvqc0P0vogP1C52ohPxMDPQaZi-Qa4silPO-Mbm2A-1V0GF19jytweXiWLWtz5EaspTd_32-rDb7a8YwhcjqT4MHr7YVisQ=w1200-h800-k-no
Tanjung Silar,"Jiko, JH98+96J, Port, Nuangan, Kec. Nuangan, Kabupaten Bolaang Mongondow Timur, Sulawesi Utara, Indonesia",Kabupaten Bolaang Mongondow Timur,Sulawesi Utara,https://lh3.googleusercontent.com/gps-cs-s/APNQkAEKYG2ZsAwMaprwLXtr-MIWGwiMTLyHwkf4x89ef9xa1U4Rmw9O_yTSa6mj5Scz6w5T2JPQGppsMhjaLQYM1QGgtfZ_plRsWtqPKrUW_8en-pJBbkfDMQHuTcCoT0fMypkpts0Kqg=w1200-h800-k-no
Monumen Paccekke,"PPQ2+Q67, Paccekke, Kec. Soppeng Riaja, Kabupaten Barru, Sulawesi Selatan 90752, Indonesia",Kabupaten Barru,Sulawesi Selatan,https://lh3.googleusercontent.com/gps-cs-s/APNQkAHCmi-9XH9_BPX50BmVuPJQcYnhXojderNoDUTdks6HeHJ5HVA5-76EPMlzzR83RY4KQ0J_V_2c6naPJgEd5YwV-EXotnalds-oQg_Qy1xBX3gS6YEfUBUBsQEcwtVd_d5YVZRTyg=w1200-h800-k-no
PULAU SABANG TENDE,"5Q8P+HXJ, Unnamed Road, Sabang, Kec. Galang, Kabupaten Toli-Toli, Sulawesi Tengah 94561, Indonesia",Kabupaten Tolitoli,Sulawesi Tengah,https://lh3.googleusercontent.com/gps-cs-s/APNQkAEc8Gy2B4UT0E4-6m018tRnaVEFHyimKLxMEBpjxAiKP0vRja2PwWeeq9QKrH137Nlcc75DcthmJn0l_GHUgZgP924zW8l3Aw2IImvP1isn7tU54-GJdzu7nngqDs4Yy9HDmkRe=w1200-h800-k-no
Wisata alam puncak kunyi,"J9PM+8C3, Jl. Kunyi, Kunyi, Kec. Anreapi, Kabupaten Polewali Mandar, Sulawesi Barat 91315, Indonesia",Kabupaten Polewali Mandar,Sulawesi Barat,https://lh3.googleusercontent.com/gps-cs-s/APNQkAGCev9wQqUlVeqjTKrqZt5ovw4Iji-KBIr9pfe4RxOMCHNckXXiaE4Sl0ruNllWT4ZiNOhrRhNwG4d3z2HVq2YmF_0R3hgq4e9h5uYbyDDu_WBUgIimccaPs3MVvfAzDrhCWP0=w1200-h800-k-no
Puncak Buntu Sarira Negri Di Atas Awan,"Buntu, Sarira, Kec. Makale Utara, Kabupaten Tana Toraja, Sulawesi Selatan 91852, Indonesia",Kabupaten Tana Toraja,Sulawesi Selatan,https://lh3.googleusercontent.com/gps-cs-s/APNQkAF5ndHncDayJCiAvemMpvFe8k01dJ7z5oaVCknlc1WuyBcBAj2V1JymQenP9u5ULn5cWTv9pIzsafz1VEN_UNvdlXuPJ794HnXchTNY-dIQeqSRNXcbiQFUW9H6BrHHJ6jVfihc=w1200-h800-k-no
Pantai Oyama,"Popisi, Lokotoy, Banggai Utara, Kabupaten Banggai Kepulauan, Sulawesi Tengah 94891, Indonesia",Kabupaten Banggai Laut,Sulawesi Tengah,https://lh3.googleusercontent.com/gps-cs-s/APNQkAGHcLwwHDkrq_1HtHBwIMHQ-N13_bYpAcHI2_2frplAdRE1Bb_8PIQJAGB4JqRAPQ8SMTforRgOpoJsgtcI3DmV8j8a5kHIc42x-oViO2bDjlM6VH0WE09tkkrpP1BFa-ObkkG5=w1200-h800-k-no
Agrowisata California Cialam,"Unnamed Road, VG86+M3V, Tanea, Kec. Konda, Kabupaten Konawe Selatan, Sulawesi Tenggara 93874, Indonesia",Kabupaten Konawe Selatan,Sulawesi Tenggara,https://lh3.googleusercontent.com/gps-cs-s/APNQkAEdNcN6GJhsPGMS9Su6uNJUGmKF0dHHWqkut7VhNd-S-tTBLVL4cFtLaVZcRyLRjFChzpH7lY6A9PJKAk0EjaJFk1Q5wg2tb2eWwZd057jExkelyVSu9jIA3SC1e9OVKs_wXA8=w1200-h800-k-no
Taman Wisata Hutan Pinus Sorombipi,"2V25+CRV, Lalingato, Kec. Tirawuta, Kabupaten Kolaka Timur, Sulawesi Tenggara 93572, Indonesia",Kabupaten Kolaka Timur,Sulawesi Tenggara,https://lh3.googleusercontent.com/gps-cs-s/APNQkAFPk8fOmDsw1CqbjDIHAPemlfMPlyP4vv2nYkhHCeqTLcdtMmf6nC5_x05-K25asTSZ8OfdECRNjHt_bCAB3q9b6_RI4jkyV48gpRFOyrGthWoxW8I52dDo-5EGteQBtLxuVZ4e=w1200-h800-k-no
Taman BUTENG,"Boneoge, Kabupaten Buton",Kabupaten Buton,Sulawesi Tenggara,https://lh3.googleusercontent.com/gps-cs-s/APNQkAEkQlRHCJIaH3PByMe518Fgzgm1xBLQdnsZuTUwBToHM1djsgb4r9HDjHoSokhVLv_2xdZngTAAWSmLOtSI7bamFXud70GK59cb7CqIsuaH2Dt9PBm-VYGFJtPRdqd-yikHMmiC4w=w1200-h800-k-no
To' Pinus Salu Kodo,"29R6+JHP, Osango, Kec. Mamasa, Kabupaten Mamasa, Sulawesi Barat 91365, Indonesia",Kabupaten Mamasa,Sulawesi Barat,https://lh3.googleusercontent.com/gps-cs-s/APNQkAGiw1_hSpXlQlePT-nkBdHrX-JcmZQu9iYKXkdshwZ7APphz57-S1ZaKF37NySu2_tgjvvCLp8ck4Y-oYXHrkkElcdBN9hHrhACJvcI1xkk2-KKQxozWksKi6CgATjBOqEnyPtmFQ=w1200-h800-k-no
Ikha cell,"Lapangan, Pontodon, Kec. Kotamobagu Utara, Kota Kotamobagu, Sulawesi Utara 95714, Indonesia",Kota Kotamobagu,Sulawesi Utara,https://lh3.googleusercontent.com/gps-cs-s/APNQkAFcA8bN8kbwMag_eX5eAiYQ8KWatylQDFvZQGqwGd5Iqu_BbIgCxjWb8KZWEGtocCFVOaMqP2BrXl3i0KysCYxvVnINOrkY-YByaGt2MdgH73pD5sBrVZad7nDEiKyxMl-WVd28Sg=w1200-h800-k-no
Tinambung Highland,"JJQQ+688, Bissoloro, Kec. Bungaya, Kabupaten Gowa, Sulawesi Selatan 92176, Indonesia",Kabupaten Gowa,Sulawesi Selatan,https://lh3.googleusercontent.com/gps-cs-s/APNQkAG2Hif2yYlITP0fvdXwmWEthBFt5O7xd7qduKcsg1fMlV_JrF_bFf5Xu1aUbSN3Hl2kQ-6Lz3u3JPxFi9n5ucDyCnkeFeZU-zf2IEXkVqUoOKp8pVw4pHW_i5OIuDPGdaiCy6Yr=w1200-h800-k-no
Museum Pinawetengan,"Jalan Raya Langowan - Ratahan No.Utara, Pinabetengan Utara, Kec. Tompaso Barat, Kabupaten Minahasa, Sulawesi Utara, Indonesia",Kabupaten Minahasa,Sulawesi Utara,https://lh3.googleusercontent.com/gps-cs-s/APNQkAFuW19r-jisl7lpgqMl0Wx7MVHAPB1t-zDLe8OIV2807iXAUikZo1TFqiCsRE5SaPu0dFYBTzuTCUbPZK6nQfuhx3O5F0RvWxdBs-iOMWcq7hlY4DLDkKRp8zA8Q0CIOwbhyys=w1200-h800-k-no
Torosiaje,"FCFQ+Q78, Torosiaje, Kabupaten Pohuwato, Gorontalo, Indonesia",Kabupaten Pohuwato,Gorontalo,https://lh3.googleusercontent.com/gps-cs-s/APNQkAG0UE9m6z-syHYPHBbZ0BQ-TIGPOt5lf7emf53GvZ6I64TOPdgY58BoEu7N8R4LiNlK2urM9T03nGnK2ofCCgmYrZ-54WTERb2mMET8rE69vyx17WQBifQ4JCGTbxO-jmCSZFehZw=w1200-h800-k-no
Air Terjun Kandawu Ndawuna,"Waondo Wolio, Kec. Kapontori, Kabupaten Buton, Sulawesi Tenggara 93755, Indonesia",Kabupaten Buton,Sulawesi Tenggara,https://lh3.googleusercontent.com/gps-cs-s/APNQkAFo6KamdVLTAhqJzcKK0XHj-GD1D0M_-jjp9AxXu3z4eDPfmpkvZO_FjCq_siiL5S3KAc7-tXxk91vznqyQDGUQqDidk6cA05uaC7SjOslPllUOxjKWfkT2XzGhk8lZgO3tp0RD=w1200-h800-k-no
D'Marantale,"93J6+3X, Marantale, Kec. Siniu, Kabupaten Parigi Moutong, Sulawesi Tengah, Indonesia",Kabupaten Parigi Moutong,Sulawesi Tengah,https://lh3.googleusercontent.com/gps-cs-s/APNQkAG6_NMG-dth_dvkGJ7-Bk8S1nwHuBlkbB1NjcFbgq1UhV4nrlrVHvMsHP4ZzlbbthuVW17hbtWmT0GT0keGoyxnB1IAHJmIEjVsnIYaHq16md6dLiaX2nfX5gsnmEcOwX4XYMRHkLIzr-ME=w1200-h800-k-no
Air Terjun Sarambu Salu,"Lembang Salu, Salu, Kec. Sopai, Kabupaten Toraja Utara, Sulawesi Selatan 91862, Indonesia",Kabupaten Toraja Utara,Sulawesi Selatan,https://lh3.googleusercontent.com/gps-cs-s/APNQkAFRpQ74Yq3RRylIJnRhAvTWx-2zHbVbOQuMAFxnAVnam6_F63kjsQQtGLGVI1nYx6jUUI1bIyg2II9u3U0G0qMH4iuUxT5yjxkAqONr6iYySt96aovmwGhjp0j3cdsMUd6C5ctW=w1200-h800-k-no
Objek Wisata Galugu Dua Sa'dan Sangkombong,"4W7R+3Q7, Sa'dan Matalo",Kabupaten Toraja Utara,Sulawesi Selatan,https://lh3.googleusercontent.com/gps-cs-s/APNQkAEOCoIPJOkb0nn5jcH6ihCX4FyjJzh7LdGHJoT52d3CuDaNCJzuzgCOoiNH2U5kEcqPxtZhp3dVxpYhwZKhr3LBT6Zwiym4ywKtQehLLBvTtXuzbagTiaBHVa2zQr2fE5XART9HEQ=w1200-h800-k-no
Taman Kota Buol,"5C96+MHQ, Leok II, Kec. Biau, Kabupaten Buol, Sulawesi Tengah 94563, Indonesia",Kabupaten Buol,Sulawesi Tengah,https://lh3.googleusercontent.com/gps-cs-s/APNQkAHSG0HtTViuIKs9PcCpD_vAEFzhWi4wPSxSYoM6Gup0wNMh1GSxIhr_DYL3ILIZc0Lp2789i-QjQ2d9mk3xPN1E6EFDq10EJXE-G08QA3NZLha_XdiaYtMYYNNzn03XK9Wo4qRV=w1200-h800-k-no
Pantai Kuri Indah,"Pantai Kuri Indah, Jl. Kuri Lompo, Nisombalia, Kec. Marusu, Kabupaten Maros, Sulawesi Selatan 90552, Indonesia",Kabupaten Maros,Sulawesi Selatan,https://lh3.googleusercontent.com/gps-cs-s/APNQkAEmHOcy2aKZnT9qNxgilf-PBsL2lF9w3gviSXk92Hf_giiATehCHn6AyHPdj5w4EZKZccE1GGOQMFWTz9faMwJIK8o8rsEJTgTFZz9N40RN2N77DlT1a7P-As-VWbOguxPooog=w1200-h800-k-no
Air Terjun Merdeka,"VM3C+Q8C, Pucak, Kec. Tompobulu, Kabupaten Maros, Sulawesi Selatan 90561, Indonesia",Kabupaten Maros,Sulawesi Selatan,https://lh3.googleusercontent.com/gps-cs-s/APNQkAH5n7MQpxUZAR-HsPEcgDuv-ubEnwXmQDHc-BAqMC8QOOjN0YE76DKC6d3Upty5Va4WchD4xHJl8o-_Jax5H_UivMKEOj4937l77nlNs2DL5kJy7zTYImsVgFZFnjGJjeq87UppxA=w1200-h800-k-no
Taman Motika,"MG4V+8FC, Mandati III, Pulau Wangiwangi, Kabupaten Wakatobi, Sulawesi Tenggara 93795, Indonesia",Kabupaten Wakatobi,Sulawesi Tenggara,https://lh3.googleusercontent.com/gps-cs-s/APNQkAG8tE8y3zMDgA5brerOdYPl9ROSwaEFj-guZy3Vd7c0LUcmxroBXKHiZ5mk9cRmV04iS5JvJhSLHq8tj5f56uFhFpfbWjY2dsFqyQ9uN9sZ7e7qAIVkaKqsIAq6ciM7DVD4QeOw=w1200-h800-k-no
Puncak Kayangan 1 Sombori,"P9GW+CGF, Matarape, Menui Kepulauan, Kabupaten Morowali, Sulawesi Tengah 94975, Indonesia",Kabupaten Morowali,Sulawesi Tengah,https://lh3.googleusercontent.com/gps-cs-s/APNQkAFfLGSUqhyj95bMSfv0-WEwqj8ttkxoh7l7i2081SeLzcZCxq3OoUJw5ueYGekU0NDLLi8nnlM4JJBLqAvzQL23FOCxqxxWsYEr1dig1Cu7-rIXZyT9PD5ksrtzGSTYUpAhslBi=w1200-h800-k-no
Tanjung biru,"Tanjung biru, Tj. Merdeka, Kec. Tamalate, Kota Makassar, Sulawesi Selatan 90225, Indonesia",Kota Makassar,Sulawesi Selatan,https://lh3.googleusercontent.com/gps-cs-s/APNQkAFdBJ1BEdovEKFdcJIez0l_TzIopHK9t3oqEZ2fL95ntAN4XsGeKci4AgeXmGIuk41TaCn1h8YeNdyoc6BePDW-Ljtd3dGAiz4VqVA4c3TrwCYAzD18Qsxt_vg9Rie5cKeTOVjR=w1200-h800-k-no
Wisata Kebun Jati Gelebug Chandra,"Unnamed Road, HX47+PJ4, Mopugad Sel., Kec. Dumoga Utara, Kabupaten Bolaang Mongondow, Sulawesi Utara, Indonesia",Kabupaten Bolaang Mongondow,Sulawesi Utara,https://lh3.googleusercontent.com/gps-cs-s/APNQkAH948eWq5BHh4LCzLZTUzUMqUgM9gJFgwpcM-TqamQkihcJs28nZDazFtfPaML_lPO1vXB_-n_FzRp9YReqnTF6du15q20sRS8-B6_opglqK7hGb_RqsQlgBIR6E6g6CsEsaPeXrg=w1200-h800-k-no
Air TERJUN NANGA NANGA,"WHV7+734, Anduonohu, Kec. Poasia, Kota Kendari, Sulawesi Tenggara 93234, Indonesia",Kota Kendari,Sulawesi Tenggara,https://lh3.googleusercontent.com/gps-cs-s/APNQkAHKSMLBpyyoU_zIKpNc0PgMcK_2loxItTxpdYoUOTf-k9TfTXu2-9Pzo9ufIaFEpo3xM4E0VGEe5-oulmew4Nst3DE-ZI8AC-tTM41CUdjAQu9CVN2tQ0ZHLey_SwcyEXheucU=w1200-h800-k-no
Water Sport Objek Wisata Pantai Molotabu,"Molotabu, Kec. Kabila Bone, Kabupaten Bone Bolango, Gorontalo, Indonesia",Kabupaten Bone Bolango,Gorontalo,https://lh3.googleusercontent.com/gps-cs-s/APNQkAG1b6Ec8S4OK5bOOR_dDC3hVOqO-n-ApOQjSflvd-SHqKDX-LR_V1eatJJpfNPLLFYOGTbMCJ-v0UtMyHodCqtFUIx75gi1a9ZALqfkOzjjnZQYnybMkDxCH8h44ZAF4D8tBD8-bg=w1200-h800-k-no
Kawasan Wisata LEANG LONDRONG,"4JPJ+8C6, Panaikang, Kec. Minasatene, Kabupaten Pangkajene Dan Kepulauan, Sulawesi Selatan 90619, Indonesia",Kabupaten Pangkajene Dan Kepulauan,Sulawesi Selatan,https://lh3.googleusercontent.com/gps-cs-s/APNQkAEfp_0An4JZ3cT-Pu0uWfA9rEE6wLLOlZnQ0PCaSyA_M6xcHkufqBmlLcWmHJLneTA6RASCL42k67O7ei4BO7YHSOv7uRuMvBtDURnKjRdR0ka6scQd3yiY2UdmmhhXVOkk9mtmxw=w1200-h800-k-no
Pantai Wisata Moian,"Pantai Wisata Moian, Palapi, Taopa, Parigi Moutong Regency, Central Sulawesi, Indonesia",Kabupaten Parigi Moutong,Sulawesi Tengah,https://lh3.googleusercontent.com/gps-cs-s/APNQkAFYwegrwHwfZnRJ4gwEW0yynEQ0RUcihDpyGkBZOu0y7S-5WzMHicXxdvEGRN7uutD_dEjvr1ckohHslfXpcNPZLVm1QhIBRKdXGhCqqMGvO6YRTa6Q2CbOggSm-eBatE39dS_xkw=w1200-h800-k-no
Tumpaan Park,"6JV7+W6Q, Tumpaan Satu, Kec. Tumpaan, Kabupaten Minahasa Selatan, Sulawesi Utara, Indonesia",Kabupaten Minahasa Selatan,Sulawesi Utara,https://lh3.googleusercontent.com/gps-cs-s/APNQkAGjgqyru78Chbyd19p-FYMeFP8eJRkVBpEDq8agoi6V7aYlbm2LiI6kcqs3jmZbgtGviqIx5aEOJ1Ad2egurHdaVQVvuHcRzDpd9ZzTonbT4slA_pXbysl6m64J1AjhOzg_B_ww9A=w1200-h800-k-no
Pantai Pulau Kondo,"8F4R+PQ3, Ranokomea, Kec. Poleang Bar., Kabupaten Bombana, Sulawesi Tenggara 93772, Indonesia",Kabupaten Bombana,Sulawesi Tenggara,https://lh3.googleusercontent.com/gps-cs-s/APNQkAEQAQltJO-NAExvtv-PAyPnht9durd_ye0ADbwRxZ-r7CGgv5meJKuSODxV-uIzUm_7bXNaS44p-SFGx7Godadj47rFd2-uCW0pKiBi9UsF9WEdMWRRyRQjuUxVjh9tKJoo7ns=w1200-h800-k-no
Batu Ejayya,"FV37+3V8, Bonto Jaya, Kec. Bissappu, Kabupaten Bantaeng, Sulawesi Selatan 92371, Indonesia",Kabupaten Bantaeng,Sulawesi Selatan,https://lh3.googleusercontent.com/gps-cs-s/APNQkAFZdr5R1oEakOhe2qVmryrqb_iDLGY_roDsLDesctnAxSC2-RI4IDtXktSCQsoLoURVvB71QO_1ImoMOrjoh_k6iRYA5uYmee7NoBOx6K3S8puCUM5IIgmk9LL2-AAgIE6_F8WZ-Q=w1200-h800-k-no
Jembatan Muara Sungai Palopo,"Jalan lingkar jembatan muara sungai, 258W+XC5, Sabbamparu, Kota Palopo, Sulawesi Selatan, Indonesia",Kota Palopo,Sulawesi Selatan,https://lh3.googleusercontent.com/gps-cs-s/APNQkAEeMRJ4OdsLNNLScF_7nTKsowuOWaeYjZm5txP-DyyS8cIfwKISnKeWol7dzTT1AO3fDv62-tfJDZfjUk1ND84LMkiXSUKvhvQ-fbyBhnGCZfAszoeuq9EpsGhAjOuJw_V_Q6Qgxw=w1200-h800-k-no
Pantai Lolak,"Pantai Lolak, Lolak, Kec. Lolak, Kabupaten Bolaang Mongondow, Sulawesi Utara, Indonesia",Kabupaten Bolaang Mongondow,Sulawesi Utara,https://lh3.googleusercontent.com/gps-cs-s/APNQkAEbqwLIefp6dFGOP8z3exTTr5iE2SMSktjIItykc5_rCBZUTrwTPvQ_VPrA72vkHkpj4lsK8gLFwRgk5jd50YHtg0U1GfwHVdBAcvKcTqfIxaiQT6o6PWWMPehZnu02h-K_ozXd=w1200-h800-k-no
RAQa River Camp,"6W4R+3X, Bale, Kec. Tanantovea, Kabupaten Donggala, Sulawesi Tengah, Indonesia",Kabupaten Donggala,Sulawesi Tengah,https://lh3.googleusercontent.com/gps-cs-s/APNQkAFwTQ-Nppre8Qv0Q1b7wILLLPB-zDE4dumC_rFnWizZnWCKFydr8YCOjv1m7mdQAw8sdWaBierGM7p7yaRXoJIpU1N30icyn_YLITTWeJAcGCN9-DjYcVH7xm65uJYE6A1OreKr=w1200-h800-k-no
Air Terjun Simoko,"G2R7+XC3, Campaga, Kec. Tompobulu, Kabupaten Bantaeng, Sulawesi Selatan 92461, Indonesia",Kabupaten Bantaeng,Sulawesi Selatan,https://lh3.googleusercontent.com/gps-cs-s/APNQkAGB7A0SqaI4UXeGBOVY-XKA2ehvA6ngsvKExNzWHrVV-1NdZQJ-8gNgiM1gpwEei8mAAsNulPjp9ZZ7fjoEth_ou_zzAEbDXYz1i__MvRD-lm05PNCefj5gEH_pG6YP6RosOzTs0g=w1200-h800-k-no
Air Terjun Dendengan,"XP6J+48X, Koyoan, Luwuk, Kabupaten Banggai, Sulawesi Tengah 94711, Indonesia",Kabupaten Banggai,Sulawesi Tengah,https://lh3.googleusercontent.com/gps-cs-s/APNQkAFPS7wRljp7Kgyw-aiNxFqWPzYa7RZw0zUbzWQX8CDC9RibQYt0KQL_8GXcOo2HdEpGo7nGe5hgVzYGHVnYbGye3uS5SxArph8MKXOB4rd0obQhWZtAgz4Rdrx9XZoKeQV9fHd4=w1200-h800-k-no
Pulau Karampuang,"Pulau Karampuang, Unnamed Road, Karampuang, Kec. Mamuju, Kabupaten Mamuju, Sulawesi Barat 91515, Indonesia",Kabupaten Mamuju,Sulawesi Barat,https://lh3.googleusercontent.com/gps-cs-s/APNQkAGsI8TU8bGc8eJyHBWg0MbirEXtN4TyhIhQrjh0P0i3HR3wiVC8eJlkmkWmizFG5wHgJDxkWtYSobLqGEN5jy4pBjzg9NfVXrHFXNcJJeW7MFSFrUHCRNP3vInDjRfy2zTqfffJ=w1200-h800-k-no
Black Sand Beach(pantai pasir hitam),"JX4F+8WV, Jl. Poros Pasarwajo, Wolowa Baru, Kec. Wolowa, Kabupaten Buton, Sulawesi Tenggara, Indonesia",Kabupaten Buton,Sulawesi Tenggara,https://lh3.googleusercontent.com/gps-cs-s/APNQkAENXNRnSdKCWsS-lGki3F0-_svvITKv0JZS1KYl1X3-xHiBLonoAf6eIxOpfF4YliGtigSA0GxLR_S_8Am4Q4wU-N-JWtbFIiKsiMqSBZJs5dwBZX4QJjLT2Ddq6QJOWfbL9qJF=w1200-h800-k-no
Pantai Baluno,"MR6W+QJC, Pundau, Kec. Sendana, Kabupaten Majene, Sulawesi Barat 91452, Indonesia",Kabupaten Majene,Sulawesi Barat,https://lh3.googleusercontent.com/gps-cs-s/APNQkAGR3hXN_h86aSjTsNp8N7FH5LywE07ufjp4lK_FOvK6XRKUuJJisrN0B6oRAmb4lIXPeHJJDzYHeGPNNx0CmfzDiIPXdvRRmurCRNXj8MTOEsZ6MX5fwUuADFAe8PDfVoZhIdnB=w1200-h800-k-no
Bundaran Bahomohoni,"GWFJ+XPV, Bahomohoni",Kabupaten Morowali,Sulawesi Tengah,https://lh3.googleusercontent.com/gps-cs-s/APNQkAFplYB3kwtAFGVt2YFrB8rWgVpBgZ6AEZZt1r7mPiLTzTQEMCLqvSs-1JgndZMxUjgLppOJLLd72mT0XFJkAvW5yDKOAYDbWAu8LOCEPtQEvUe-C7jDkvJA4ap8YA5ac2w49g_A=w1200-h800-k-no
Ujung Tape,"Langnga, Kec. Mattiro Sompe, Kabupaten Pinrang, Sulawesi Selatan 91261, Indonesia",Kabupaten Pinrang,Sulawesi Selatan,https://lh3.googleusercontent.com/gps-cs-s/APNQkAG24CCjl9JMKguWFTQEG4_oEsu9idWicRFvSPFWPmJqLUpRm8CN-N1KeLN7erBozw9DtAGUkwCAVbgRhZqoqjWouK1vTxV7vKXrcGbtN-NozL7H8QtaJgnC4s91MpRKrfuuM4fP=w1200-h800-k-no
Taman Puspa Pesona,"FQPP+XRM, Harapan, Kec. Tanete Riaja, Kabupaten Barru, Sulawesi Selatan 90862, Indonesia",Kabupaten Barru,Sulawesi Selatan,https://lh3.googleusercontent.com/gps-cs-s/APNQkAHRuizNQ44qDB4t5Y0ErCa3PpOrgvnXrWUPhulZM6d3ykJis1eXBYT6INcbXq3FzzdhGEcvp7pfGByakanIorZHrXBbgbfghOHhIdGZTwzivSVQE3bwY6uefASIQoEK94WUBU4=w1200-h800-k-no
Liawan,"V85F+CX2, Tadisi, Kec. Sumarorong, Kabupaten Mamasa, Sulawesi Barat 91361, Indonesia",Kabupaten Mamasa,Sulawesi Barat,https://lh3.googleusercontent.com/gps-cs-s/APNQkAHaI6EMCuB7IO78cx91gYvvMgirIeF_iAFEwxxVuqrEQCrG4PuDDcX5fUzO1GXA0a12jknA-6dDksxKIwkF-HPnaTiuNqXPY7yGXx6qoDgEv-nkVGGPS_4lUPl7lF4mfpB8SFo=w1200-h800-k-no
Permandian Wakantee,"Lawa, 4GPW+V9X, Latugho, Muna Barat, Kabupaten Muna, Sulawesi Tenggara 93652, Indonesia",Kabupaten Muna,Sulawesi Tenggara,https://lh3.googleusercontent.com/gps-cs-s/APNQkAF9xxRE0zTVWeSKF_t6UAUEStlMAlLcdbgD2h05aKvjTaldZ_cTD9lhT6mRk6ejmufI6VIqnhNrA5oRKP31b78DfhM0MgnJqUNhgZl7bYpT0Y1yceT2yJZzwDdAhR48tLLclysr=w1200-h800-k-no
Air Terjun Kamumu,"5V39+5G, Kamumu, Kec. Luwuk Utara, Kabupaten Banggai, Sulawesi Tengah, Indonesia",Kabupaten Banggai,Sulawesi Tengah,https://lh3.googleusercontent.com/gps-cs-s/APNQkAExP32ZJYcLufmFJAAZJS1Kuyj1WcL51GSun25tk3p4YRlODQ91e1vqMmsANRKVGbyLRj0zfG78DsR1y78GdiG5TcfMYjVkoS7I4YDNI68kzsJ22zYH8f01IAf3S81C_YstbeQ=w1200-h800-k-no
MONUMEN LAPRIS,"Bulukunyi, Kec. Polombangkeng Sel., Kabupaten Takalar, Sulawesi Selatan 92252, Indonesia",Kabupaten Takalar,Sulawesi Selatan,https://lh3.googleusercontent.com/gps-cs-s/APNQkAGd-XoeNjx4GWmw2TXh629tgMzCex1UB6fFas8foMTliMroWCqq7afEXlIeOuuQomGqaJwXVSCiuGrzY1cILrhw-i8xinIVWSa7J10dEdHE6nvJ8Hhwadyhmr_zQfUPQmYW5s1Z=w1200-h800-k-no
MANGROVE SALUBIRO KAROSSA,"49H2+7JF, Lara, Kec. Karossa, Kabupaten Mamuju Tengah, Sulawesi Barat 91563, Indonesia",Kabupaten Mamuju Tengah,Sulawesi Barat,https://lh3.googleusercontent.com/gps-cs-s/APNQkAEWrGAOAZvPslQvOh-Yln_JxYxqP-r_f-85QmddHcfABxoBtbfkhngmo_CrnxuNmVow59DJey3hkKgDkqeuTbBIp3CdMtbrtAWvLEfYoRLOKb7IpLdJ-Wjh9vvZFrG6DZuVSxld=w1200-h800-k-no
Taman Margasatwa Tandurusa,"F646+2Q9, Tandurusa, Aertembaga, Kota Bitung, Sulawesi Utara, Indonesia",Kota Bitung,Sulawesi Utara,https://lh3.googleusercontent.com/gps-cs-s/APNQkAFk_zHy3AiJe9QxBTsb-8ZycfWtDOKYsLNT8ZR2sq67eQYKbJFOCvyLDInn4JlpE-2FoUc83CGMGBBOvCEl1rsWyIjYns3O_wIbgoY73Pu3lodwlxX2kiMixEkmzV_yuq6rjzc8wA=w1200-h800-k-no
Masjid Tua Jara'e,"Allakuang, Maritengngae, 2QGW+WVM, Allakuang, Sidenreng Rapang, Kabupaten Sidenreng Rappang, Sulawesi Selatan 91611, Indonesia",Kabupaten Sidenreng Rappang,Sulawesi Selatan,https://lh3.googleusercontent.com/gps-cs-s/APNQkAG8-xhtpKkNCEmrhJCndZZHhxOwO-tp86JC8HOYjG3Qr63-0oIn7ZZ7mMv1fPb2hHdGHiqck27IPM33T5DRvhQoI7vqNZTlecpBUbkTJQcdYZlAtrVHLEEuMNRZnVy1bF4OphfZ=w1200-h800-k-no
Pantai Bulo Rerer,"Pantai Bulo Rerer, Makalisung, Kombi, Minahasa Regency, North Sulawesi, Indonesia",Kabupaten Minahasa,Sulawesi Utara,https://lh3.googleusercontent.com/gps-cs-s/APNQkAEBsDa-pPpklXOY6mhI7f9mjvv6aBj14FJzQ8_1ppZBWMHxTkQukBiXr1olAv8hzm36svFl3DiZH_Sn2ZFZiI2xLYr_1PdevUuO7gdpPuPaRmD2llXGlyhnwWeWr2bzdb2mQxPv=w1200-h800-k-no
Puncak Bulusaraung,"3PCX+88P, Baru, Balocci, Pangkajene and Islands Regency, South Sulawesi 90661, Indonesia",Kabupaten Pangkajene Dan Kepulauan,Sulawesi Selatan,https://lh3.googleusercontent.com/gps-cs-s/APNQkAG9gDvI4KTd3fhNPbHcvWXvlGmdMazaypQHv6Jmipdu_fGyuZSegMDOBoQg861e__YdqG3SMuCbH4TwAipwi5yoa1gOwf84wG3Cw_AyxGXoVSh3lxZfOlnr__WonWkZOgOFtyM=w1200-h800-k-no
WATERPARK AMANAH TANI,"Sumberdadi, Kec. Tana Lili, Kabupaten Luwu Utara, Sulawesi Selatan 91966, Indonesia",Kabupaten Luwu Utara,Sulawesi Selatan,https://lh3.googleusercontent.com/gps-cs-s/APNQkAE0EkjU4SMfhd4SSgKPsDVSFs5F-DLZsnyHV69RjZdGy7iUKpMfqLjVOZD-6w41PaJaVMpErjNfBG1knBv3j00OtSmhG1d6DtBo3rCwnX7LADXSQAdvrfTi-zDPEr8cZC4JVofv=w1200-h800-k-no
Pantai Pasir Putih,"Pantai Pasir Putih, Pasir Putih, Kec. Sangtombolang, Kabupaten Bolaang Mongondow, Sulawesi Utara, Indonesia",Kabupaten Bolaang Mongondow,Sulawesi Utara,https://lh3.googleusercontent.com/gps-cs-s/APNQkAES4znOhK5sjZF7XLuWaYdjVLvWcpLipkI8vzVqKdWjVfsf5-G6dn-mROs4iBy34F39RqFxFaMCTK2kVoTs3fGoa677m1UNejb4hIXbE1wqU5GnJk3tOhW1QJvl2Bw7r4KROOIgvA=w1200-h800-k-no
Air Terjun Cinta,"PP2W+8CG, Tamalatea, Kec. Manuju, Kabupaten Gowa, Sulawesi Selatan 92173, Indonesia",Kabupaten Gowa,Sulawesi Selatan,https://lh3.googleusercontent.com/gps-cs-s/APNQkAHpmNj1H6lFvCRY7kQ7roG3cWGXOkbZ8_nnzz6Bsvzvp4rTrVFYZt3VZgHq9U0U48w6uvB-FmoIyBM4uDUydNlKK9cY3AVgbVOPvl3oHzufdgqWX9IeRWN-D65pVHQ4pXJEUPrL=w1200-h800-k-no
Pemandian Air Panas Rantekatoan,"29V8+R9V, Osango, Kec. Mamasa, Kabupaten Mamasa, Sulawesi Barat 91365, Indonesia",Kabupaten Mamasa,Sulawesi Barat,https://lh3.googleusercontent.com/gps-cs-s/APNQkAEv2J_mTSn_q82ORkvPVrBm87Jer2_u-spgY916-88S74AUnk_PmwKG3hGi5bIaaOl06a9NxAiU7O-eQkHNg-yg3yCdQBAaJkF86MpSSad2SlaXqLc8wqWvEcaY4j1NMK4DhXj9=w1200-h800-k-no
OBJEB WISATA PANTAI SALUKAILI,"Jl. Poros Majene - Mamuju, Baras, Kec. Baras, Kab. Pasangkayu, Sulawesi Barat 91572, Indonesia",Kabupaten Pasangkayu,Sulawesi Barat,https://streetviewpixels-pa.googleapis.com/?cb_client\u003dmaps_sv.tactile
Mangrove Park Tiwoho,"HRVQ+42H, Tiwoho, Wori, Kabupaten Minahasa Utara, Sulawesi Utara, Indonesia",Kabupaten Minahasa Utara,Sulawesi Utara,https://lh3.googleusercontent.com/gps-cs-s/APNQkAHySiz7XrkyOaJoDalP6Ld5YxlmmlQTsm8d0Y88MkgZbT45m4XqtfutrJNjQwXMtep7Q8kjY2O3CF-g-nGVJUNNER2m8vnGuAkD26AwHAGXGEMU2O8Wnh9_OQ7fW-L9Wrl_xAe3=w1200-h800-k-no
Camping ground kendari,"XH2G+JMW, Mokoau, Kec. Kambu, Kota Kendari, Sulawesi Tenggara 93231, Indonesia",Kota Kendari,Sulawesi Tenggara,https://lh3.googleusercontent.com/gps-cs-s/APNQkAF51RY7zYVFo2yW7o_v8WUXjG9ZZYVX0ENwDRCRW6vjbcXVNhip4uZmJSlIOeh1Cq5QOt6fhkg0zFeRsn0lWb74x7Z8ntW-PL3FlrTJTuU3QkqoRxudlMvqikB2pdf2bky-UhMN-Q=w1200-h800-k-no
Wisata Banua Pangka Wotu,"9QJV+93J, Bawalipu, Kafhdhfjbupaten, Kec. Wotu, Kabupaten Luwu Timur, Sulawesi Selatan, Indonesia",Kabupaten Luwu Timur,Sulawesi Selatan,https://lh3.googleusercontent.com/gps-cs-s/APNQkAG2VPB4Jjy3R2Y5hIG8y3x9GDdv--8_kW5h5CfD9Q4Z0_jqqYqcqW6CEivUWxowT5_wW27qQje7XIyIotUrO6gPMK84QP0q8jx2QLqjSNfnwMNv7ODGHOJEhVuvYmFeLHmwi2Ww=w1200-h800-k-no
Bendungan Bantimurung Bone-Bone Luwu utara,"CG8H+GV9, Bantimurung, Kec. Bone-Bone, Kabupaten Luwu Utara, Sulawesi Selatan 91966, Indonesia",Kabupaten Luwu Utara,Sulawesi Selatan,https://lh3.googleusercontent.com/gps-cs-s/APNQkAH3jw_23hXEdDNRvu1D0YmB8fELdfBDQmNSnAxW-THFrUURdVqT-CG-nPP2ufbrn_8U98WQBIJKE67VvGAe1CuvMNYjBo1SEE7hqUpIK5i_eLGfbT9IwhV_Kls9bVd2i6B1xZn3=w1200-h800-k-no
Bukit Bumi Cerah,"J443+3Q, Bulotalangi, Kec. Bulango Tim., Kabupaten Bone Bolango, Gorontalo, Indonesia",Kabupaten Bone Bolango,Gorontalo,https://lh3.googleusercontent.com/gps-cs-s/APNQkAF6Aw9ksGXPPeG9Q456PfyYO09uDbDevyCn5zYGc9x8_BaxnOW2_bY3QaBZzV--Sk-zo68D616fmENGWpU9iT8CuciSAySCstib8v2tNygKtIXo7fxt1zYOWh-UVO_QB0wv7EXo3g=w1200-h800-k-no
Pantai Marboro,"P72G+M58, Mawasangka, Kec. Mawasangka, Kabupaten Buton, Sulawesi Tenggara, Indonesia",Kabupaten Buton,Sulawesi Tenggara,https://lh3.googleusercontent.com/gps-cs-s/APNQkAG7fLK-BInORICKTnPgsSpgfCvAMRaggu2ueGOlItnJzxcL7CixSAqEuYnInoZzEikQG8c6szWRCGwtdPeVSxMJp6Cen5sHB1-5k5giS0EbdEN5SVHwDmPP5vFCQQie-zXHTOk=w1200-h800-k-no
Air Terjun Danggang,"JPPV+Q99, Sapaya, Kec. Bungaya, Kabupaten Gowa, Sulawesi Selatan 92176, Indonesia",Kabupaten Gowa,Sulawesi Selatan,https://lh3.googleusercontent.com/gps-cs-s/APNQkAHopnmMroNOAZlicRd1FOdRaFrSfpf_mkm9XHFpumfKCoDSl97DxpoZYJF7pSGmPx_l_a5TAgc88CYd24bu9IDSlj4GUvRr5kcf5XlGQ4KXyRffYYCXDHkaG-cn_AaTIRT-gRn3=w1200-h800-k-no
Cagar Alam Karaengta Maros,"XP2P+3RW, Jl. Poros Maros - Soppeng, Samangki, Kec. Simbang, Kabupaten Maros, Sulawesi Selatan 90561, Indonesia",Kabupaten Maros,Sulawesi Selatan,https://lh3.googleusercontent.com/gps-cs-s/APNQkAHO90uC1Fbu_fg5texfvuPrWAH3iY0zg8ahc8d8s8FIbB6LDRk4Nci29LD7_VSjHl876d2VgyUqGJq6PSQRtDtt2TyFHSV1RJSPRlSYHXbqnNnpqyz1OP1LuTp22glNidtKIAE=w1200-h800-k-no
Pantai Labobo,"Pantai Labobo, Balobone, Kec. Mawasangka, Kabupaten Buton, Sulawesi Tenggara 93762, Indonesia",Kabupaten Buton,Sulawesi Tenggara,https://lh3.googleusercontent.com/gps-cs-s/APNQkAHtfxePBFDa116yl-xjR0s43YqU8FoiitsE4H6V4jVXOs1o3pisu5j6Nbj6AbBQbC61VPItSPbIOZtJ-TPQczfMr2zaqTJg7eOXfxEAmTEgnpQTCcpJbaPUnuxHyc-jdfk3wH8=w1200-h800-k-no
Bukit Indah Camp,"QH5R+84W, Bontoparang, Kec. Parangloe, Kabupaten Gowa, Sulawesi Selatan 92173, Indonesia",Kabupaten Gowa,Sulawesi Selatan,https://lh3.googleusercontent.com/gps-cs-s/APNQkAH5FREwsgom9Ip4VUxKKH1tDbEpgOXTATP1Vk-N35ZxvO1pg7GiWRiUtCsfJfkPVocDJkL2Ejj0SBqHD7THTq3bx0fRD8USVcdGb7xa0RpGifcf3YC0XcY2dV6MjDLRm8x20w5p=w1200-h800-k-no
Gelora Permata Hijau Waetuwo,"Cirowali, Wae Tuwo, Kec. Tana Sitolo, Kabupaten Wajo, Sulawesi Selatan 90951, Indonesia",Kabupaten Wajo,Sulawesi Selatan,https://lh3.googleusercontent.com/gps-cs-s/APNQkAEKkw-EHpiMRmeuV6cLfJaGzeOnK2lr-lAV5skBwhcKH42NIxQllfGx1ayeHsuX860EeUcyCIU7oIqHP_0EwJP92W7ImKnV1CUHMEBqmQ19n6dKIcw6F8VFHwxbWcPPAErIcjdU8A=w1200-h800-k-no
Kampoeng Mangrove Ra'ra,"9VR8+89C, Kabupaten Jeneponto",Kabupaten Jeneponto,Sulawesi Selatan,https://lh3.googleusercontent.com/gps-cs-s/APNQkAE6BRdSiC5zOuNo3GF_-75lp-JawHqMAOIvpIspXjESY9PFZApM5dVyEuZK3KKGR-o3kIkJhW3m3s7wNdfbIxb5H9M_kq3Rxt0XEpidjFYny1p2Qx0o8oQx84u8RpLXBG0I0B2g=w1200-h800-k-no
Air Terjun Kogawuna,"HMG8+QGX, Lakologou, Kec. Kokalukuna, Kota Bau-Bau, Sulawesi Tenggara 93758, Indonesia",Kota Baubau,Sulawesi Tenggara,https://lh3.googleusercontent.com/gps-cs-s/APNQkAEjLzZilZ23oWeR21jJLt7zalZIGJo7T3TizhBwdG2Ie5U8u-6x5cfvezefNV6PEPRO7XQAhXtQozMdQeYwfFAMRcQs_uQ9rflBfrhLANKDO2S_DTpc2XhqYwg0AjSazcu1rMob=w1200-h800-k-no
Muara Maros Baru,"XGX3+V46, Bori Masunggu",Kabupaten Maros,Sulawesi Selatan,https://lh3.googleusercontent.com/gps-cs-s/APNQkAF6klNlgXIR3pG9xtu0YwpXUOvef2VHsK-s_OSH0sQogcnGNJYYGEaKM1xe3bsIBpZC7KmGv7OiRbnctElxG--oTX3MnlyHuJu9MbcQUM5FhpSSkHNIKyUvpnabt0HqczbnFtZH=w1200-h800-k-no
Kamali Boneaka,"CF8X+W95, Jalan Abdul Azis, Dodung, Kec. Banggai, Kab. Banggai Laut, Sulawesi Tengah 94891, Indonesia",Kabupaten Banggai Laut,Sulawesi Tengah,https://lh3.googleusercontent.com/gps-cs-s/APNQkAE8GdzgyOa0SPG0LR5U_Dfk7V1xjxj26R0S6NC82viK70YmWstscU_FST_YJ_db3NObYicTSUTAqngIEwgGSuGFM0fxDhaG_Rvud_6ESjSPBkmnHoN09rT1FRpTOl67yQzmCskqbQ=w1200-h800-k-no
Bendungan Bettu,"G44F+JV4, Bontoraja, Kabupaten Bulukumba",Kabupaten Bulukumba,Sulawesi Selatan,https://lh3.googleusercontent.com/gps-cs-s/APNQkAGF6KX3BzIlzIs93LJOiL-dqPBStReBd0rLshQDZcqNFRrIbXMRlLCXTeS8LdK4NPxdfSztYtVqb7sjRDB3coPrdvDCpxV3H-UsNFBY7OhfljVQp-3exA8oMmV3jw0hEAnKN22Qow=w1200-h800-k-no
Pantai Enu,"Pantai Enu, Tibo, Sindue Tombusabora, Donggala Regency, Central Sulawesi 94353, Indonesia",Kabupaten Donggala,Sulawesi Tengah,https://lh3.googleusercontent.com/gps-cs-s/APNQkAG-V6zpU2GPcgaVNtDAffibM1f-1bDQsylXeNEIPxMlFDKpyll9eoN8QO6YPpWd1ZV_Hlxx6Yfv798caNkX5MoGde1Q78wG9Pt4_qmaroMgcV1st_qpF-wGawlU0uL7ZqofEWGS9eLzLX7Z=w1200-h800-k-no
Lereng CInta,"X57J+W9M, Jl. Andi Bintang, Mawa, Kec. Sendana, Kota Palopo, Sulawesi Selatan 91921, Indonesia",Kota Palopo,Sulawesi Selatan,https://lh3.googleusercontent.com/gps-cs-s/APNQkAHctVq9Zj0JePwGR2I3Zri8fmLLbICOPO99kc3aPSsQ-9lMJ33qWHwvEuXhNaM3pSxZSva-8LLeZCwvOpImWguKY8gMUKiGJwDJ02wlqFLx7Nln24Mocslbv7tu4L5XKD-afTMw=w1200-h800-k-no
Alun-Alun Pantai Seruni,"FW2W+767, Jl. Seruni, Pallantikang, Kabupaten Bantaeng, Sulawesi Selatan, Indonesia",Kabupaten Bantaeng,Sulawesi Selatan,https://lh3.googleusercontent.com/gps-cs-s/APNQkAENOad4Ij_2UpaennEyM3N8H7LL6Ai2oBouY9blP3vSMqIjnlmtqS7D7VnbcVQC6-gpfPkxtAnYKxy1kTg92pPBhDSIWHXzGP3KckoIHIzfu6JBQXvgcAXiDkMjXcNhpOz6s19x=w1200-h800-k-no
Air Terjun Depa',"MP62+Q8, Bontomanai, Kec. Bungaya, Kabupaten Gowa, Sulawesi Selatan, Indonesia",Kabupaten Gowa,Sulawesi Selatan,https://lh3.googleusercontent.com/gps-cs-s/APNQkAELaREaRFXnw76v3mUq2IdPkiUzfxzd-GvfDXs6MtQoiZmwg8Xr2vzdriuHdF2DjQeocZ3WMXezsceatYhhBCMsl1Xn3WDt7lqAMw_H6oO_KP0pw3Nl058cp2IAA0RoSxEX1jA2Smq-mRrs=w1200-h800-k-no
Buntu Gallang,"GVRW+2G3, Eran Batu, Kec. Buntu Batu, Kabupaten Enrekang, Sulawesi Selatan 91753, Indonesia",Kabupaten Enrekang,Sulawesi Selatan,https://lh3.googleusercontent.com/gps-cs-s/APNQkAGW7wpAkxUjUiQef0Qbrihguw3UnVG7cmT74fIVipa9Fk61A0CdpzrOWBdyGnnjy51HuQ2O6hmkaTfTST8EEQL9CyhlWUZ90Xd3VWehzP0JSsxZfXv9EjGb6VK15wgiyfznz6U=w1200-h800-k-no
Telaga Biru Ere Merasa,"F8XV+P5R, Benjala, Kec. Bonto Bahari, Kabupaten Bulukumba, Sulawesi Selatan 92571, Indonesia",Kabupaten Bulukumba,Sulawesi Selatan,https://lh3.googleusercontent.com/gps-cs-s/APNQkAGaR0Fmt2VkN1He8QN8crpmLTR1wqTmIhsYFUSvYy-lO5Iowk-bqRIp3KOyr7vlvqolV_HhGCj6d5b8MgJrZporWIObJV4v1j3h18t0F4jVvjal9WlhtR0dO_drnYjh5f18mw0N=w1200-h800-k-no
Pantai Membuku,"Pantai Membuku, Sulawesi Tenggara, Indonesia",Kabupaten Buton Utara,Sulawesi Tenggara,https://lh3.googleusercontent.com/gps-cs-s/APNQkAF0CNwcyRVUR3U-verDfi8sdGy1PUkTRt7FSO5xfOXDWqC6rjk8y-LUJ9cqR0YhDuoJyuwvQ3M1cnGAt1-w-uqgAK_wV-Ao7C_IqDZJfKrqr-oheXCrTQlGPmyPwM1Y_n4dbHEs=w1200-h800-k-no
Pantai Salokaili,"C8MG+9HF, Dusun salokaili, Baras, Kec. Baras, Kab. Pasangkayu, Sulawesi Barat 91572, Indonesia",Kabupaten Pasangkayu,Sulawesi Barat,https://lh3.googleusercontent.com/gps-cs-s/APNQkAFV1wzS7U6dmiGWQ4SzQK57e-LXoKF0IxTFhBqnckzP5dZCS5h1M06zgvhMWwPmm4sgz4fvUsTnU4CB643x8Iv2Zgp2YmbjxYH_oRP7zlJDiuvnXSGmwN11zcLt9P5YFPPVFHojAg=w1200-h800-k-no
Taman Kota Sengkang Kabupaten Wajo,"V27H+W8G, Jl. Sungai Walanae, Maricaya Baru, Kec. Makassar, Kota Makassar, Sulawesi Selatan, Indonesia",Kabupaten Wajo,Sulawesi Selatan,https://lh3.googleusercontent.com/gps-cs-s/APNQkAHQFk9X2OusPHJ6Oikn7S3niSkTQkk1tHAAk41dGcHzhbNnVdwUv02Px837xhGI5ErQR2kbRadHkraCcJY5-P6SxbQdmGbOn3mFIVdQBcNNNCeNgtM63CgCs8b72QZz1viZ6RKPqw=w1200-h800-k-no
Taman Gazebo Pangkep,"5H62+G93, Padoang Doangan, Kec. Pangkajene, Kabupaten Pangkajene Dan Kepulauan, Sulawesi Selatan 90614, Indonesia",Kabupaten Pangkajene Dan Kepulauan,Sulawesi Selatan,https://lh3.googleusercontent.com/gps-cs-s/APNQkAERuakHh1e-fhXVaRPKJ1MTyM-Ib8Dj9ej3B95VDshanIOx9a5YzgsYnNd7KPt4UeUKEJ-gov8kOveCzhSObqodKSYpHJG_ZRaoRNW3FDdUhZ2wp6ctsYmHa1DVDW6WR0A5cutL=w1200-h800-k-no
Kampung Kreasi Lowita,"Jl. Poros Ujung Lero, Wiringtasi, Kabupaten Pinrang",Kabupaten Pinrang,Sulawesi Selatan,https://lh3.googleusercontent.com/gps-cs-s/APNQkAGxcJGeBbTnbfXmL7_MAjiwvVi5k7G9twgwFwrI4gPbb1JXnePgyTlXAUzrbloQir-Z20Roj-T7I_VpHrWdxKDoV1qpsaVPFRBxv9ohHiXXm4vBRAdBsRc_0OmapZOEbCmQJuKk=w1200-h800-k-no
Pantai Tumpaan Sawangan,"Pantai Tumpaan Sawangan, Unnamed Road, Ranowangko II, Kecamatan Kombi, Kabupaten Minahasa, Sulawesi Utara, Indonesia",Kabupaten Minahasa,Sulawesi Utara,https://lh3.googleusercontent.com/gps-cs-s/APNQkAEcM1dfW8NrPSwwTEDAXoq1muuUt8_GH03xVY4FDnsLhifBBoJKMqzSpmfh1YgpCRYwy0Y9sFSl8ws5K5u8Vk8pqAnRayYFGb_MjNDNSQQu-WuRAPOhba1bbvpQSgsjyUgp-aV8=w1200-h800-k-no
Pariwisata Riverside Dinamunen,"Jl. Tol Manado - Bitung, Rap-Rap, Kec. Airmadidi, Kabupaten Minahasa Utara, Sulawesi Utara, Indonesia",Kabupaten Minahasa Utara,Sulawesi Utara,https://lh3.googleusercontent.com/gps-cs-s/APNQkAElUZsAo1f2DBQKQ5QNK_4ekbpS21ZF8YIOy3KC3pmKNJQgukOnkh1ktLoA7rxVHTQFPn5Fgb8sIQi_fTXpJTvlRhpEa8bHJXKZwqUXcEJ7_Q2sb6FpVXZXxrdUopmoKKiaYLC-=w1200-h800-k-no
Morowali Sampoddo,"X62F+GVX, Sampoddo, Kec. Wara Sel., Kota Palopo, Sulawesi Selatan 91959, Indonesia",Kota Palopo,Sulawesi Selatan,https://lh3.googleusercontent.com/gps-cs-s/APNQkAFMALYw3ykr_dkj6HNZmIwPnOakj6QwtID5eeHB0G9CHFAOgycT2DgeO-_PxrnnhkFgJ5LLmxmD5PBZEqpx68wEnqVoc_5S3bcquH1DzqfbPKAXl1M38WwSLUWjqiPv7uKjVVcz=w1200-h800-k-no
Permandian Zahara Wisata Papandangan,"J9R2+WG, Papandangan, Kec. Anreapi, Kabupaten Polewali Mandar, Sulawesi Barat, Indonesia",Kabupaten Polewali Mandar,Sulawesi Barat,https://lh3.googleusercontent.com/gps-cs-s/APNQkAH_Txattx96FRzB4_q56S-7AYP9UkQaueTuWwqpeLjuT9BRmfy2ZlaA7MxqxvaCjQ_8ytkZ810BQ4spY6J7JmuoXsf_4qr62rGT83GL15dK5mTpDZE-xnmEF7_RvPuxLpHbypLd=w1200-h800-k-no
Batu Miana,"Unnamed Road, X6G7+FWH, Tumbu, Kec. Topoyo, Kabupaten Mamuju Tengah, Sulawesi Barat 91563, Indonesia",Kabupaten Mamuju Tengah,Sulawesi Barat,https://lh3.googleusercontent.com/gps-cs-s/APNQkAEnJLfYkDEjc9w5DDouXhiA2Aea1JhtZ3hDpnwYBMLFINtKO4s55d5bCouY4hdN82v9xybF86w7mHIQJBznQ7XADDByHIes-kepl7CR_eKLshxCW8fJ5MN6TpbhN5d4quCMqyI8=w1200-h800-k-no
Buyu Balease,"Buyu Balease, Uraso, Kec. Mappedeceng, Kabupaten Luwu Utara, Sulawesi Selatan, Indonesia",Kabupaten Luwu Utara,Sulawesi Selatan,https://lh3.googleusercontent.com/gps-cs-s/APNQkAFWnYIeBgwFl492Dr0R1MAA1_mDpDokuaxuhhGiouS7PyRC_Ki39tDa0kuAJbr1Yn7ObT5QeZL1yeiyXhD-VGBQnBKSpWke8NXzkdimh4jSd2fvH0-r9dqfIC2BOHQ3-Otmlq6L=w1200-h800-k-no
Gunung Empung,"Gn. Empung, Agotey, Kec. Mandolang, Kabupaten Minahasa, Sulawesi Utara, Indonesia",Kabupaten Minahasa,Sulawesi Utara,https://lh3.googleusercontent.com/gps-cs-s/APNQkAGgRjzgSU8TZpQj9B7pBGlvU9xZWd0IsmSOMcPuW44yJDx2uxfRpOecE6U4jpuMxVb1KAsrFWlsf0vJekEyIShYqBwqIiYyMa2yxQgml15SwCR2pxwM-Z88fICAQNlM0p41CNHmUw=w1200-h800-k-no
Bukit Rongi,"FQF2+HQG, Sandang Pangan, Kec. Sampolawa, Kabupaten Buton, Sulawesi Tenggara 93753, Indonesia",Kabupaten Buton,Sulawesi Tenggara,https://lh3.googleusercontent.com/gps-cs-s/APNQkAEQvYT4dNjw2qld38fK6-KlLrfaczGVnUGcaA6Duu472gVHbC6XdX5tFG9PsATqgWLEgXpn0dQDbrQKIEhiOWsA4L1KLxnjirfLJvDIg9C_eG_L7KezBKvtBlTdZ5jNgolSIHqadQ=w1200-h800-k-no
Bendungan Ponre Ponre,"4XQQ+28F, Ponre-Ponre, Kec. Libureng, Kabupaten Bone, Sulawesi Selatan 92766, Indonesia",Kabupaten Bone,Sulawesi Selatan,https://lh3.googleusercontent.com/gps-cs-s/APNQkAEviMCkqzOUHM8bF9vBwl1EMmLWw4L3-y7-PQ1Ps9gp3Tyl5CJ2yddXIDShMXEgZtvdXyvYO5sSj3UvQyBG0ALYwgn-l9Nv6kZscHsZmD-0Yhu0Ff1fV4e69n9DV7Dvtktzjlyk_w=w1200-h800-k-no
Pantai Teletabis,"485R+8H3, Boyonpante, Kec. Sinonsayang, Kabupaten Minahasa Selatan, Sulawesi Utara, Indonesia",Kabupaten Minahasa Selatan,Sulawesi Utara,https://lh3.googleusercontent.com/gps-cs-s/APNQkAFJdW_nys_iM_5xRxSTeNSUKgwv-wUzsLWsCTobocKNQewoLXlgVVkGahYEZxEVapPt0rRSxrPtZ654wjovx3z4Nr9cRbSNzgTdoPe5ruNNQvbHQCNa7r5ClPM1gVwastFrKqvbMQ=w1200-h800-k-no
Museum Buntu Kalando,"RW.lobe, Tongko Sarapung, Sangalla, Tana Toraja Regency, South Sulawesi 91881, Indonesia",Kabupaten Tana Toraja,Sulawesi Selatan,https://lh3.googleusercontent.com/gps-cs-s/APNQkAHpYXNlRu5fFqL1yqE5Il2-I-mFOsoUqcHidrwQ2S2qybuGBBjgXCn4p56ekRx6zwN1AVc50hMifshVCbf-4t5HngbqVUa6pEFxd9LPGRu76M-d3Q64vzEdqFIFC0N8dVWaZEQKXA=w1200-h800-k-no
Pantai Raha Morowali,"MRGM+PM5, Jl. Poros Mendui, Larobenu, Kec. Bungku Tengah, Kabupaten Morowali, Sulawesi Tengah 94976, Indonesia",Kabupaten Morowali,Sulawesi Tengah,https://streetviewpixels-pa.googleapis.com/?cb_client\u003dmaps_sv.tactile
Air Terjun Saliu,"VR68+68H, Bonto Somba, Kec. Tompobulu, Kabupaten Maros, Sulawesi Selatan 90561, Indonesia",Kabupaten Maros,Sulawesi Selatan,https://lh3.googleusercontent.com/gps-cs-s/APNQkAH5Q1hCpHt_o_9XaIUMbngNzsFoLo7ZHQYxE0MSqcgsoETy4r1qf2uerpGEobfzALpdLzOXa9ZeLcFd5y86T4D86-_pF0y2o5df6BX1MUWufJvmJR9IlzXg2CE2OY9XkhuTvcsC=w1200-h800-k-no
Siuri beach,"Jl. Tonusu-Meko, Toinasa, Danau, Kabupaten Poso, Sulawesi Tengah, Indonesia",Kabupaten Poso,Sulawesi Tengah,https://lh3.googleusercontent.com/gps-cs-s/APNQkAFBeihBr2HbZXg-g5dZlCmSoqREqpIan3jKXccKzNfhcNWD-K3xr1wBbi-ovG212kWkCwatMSq2NmwAPN5Z_8ypyZOLOklpLDBPUC9x-jr3ZnDdwaJIAT7D7pLUkAquaicmjxKIdA=w1200-h800-k-no
Rental Mobil Gorontalo Talani,"Jalan Sultan Botutihe No.62, sumur bor",Kabupaten Gorontalo Utara,Gorontalo,https://lh3.googleusercontent.com/gps-cs-s/APNQkAHdxBHuOYnibRuH79jMmOBZWrTwJ9BbbgdFTkDPyv_TCgR_IE6kG7MWSqPBWy7CocznlVJsev6CTytDYHjbCnTVZ4PZg2YugJ7QKQ0XlHHelittbeadpNs-NsL0GMob7Aw17P0R=w1200-h800-k-no
Air Terjun Sarambu Bittuang,"3M23+C5P, Patongloan, Kec. Bittuang, Kabupaten Tana Toraja, Sulawesi Selatan 91856, Indonesia",Kabupaten Tana Toraja,Sulawesi Selatan,https://lh3.googleusercontent.com/gps-cs-s/APNQkAGY9p79gXX9GqUEC7rjZEpKsPkJXNWKdCAyu7yIWZIIrhHd5xaAuujZnbsWiEQjoDB894aVXJTZEQlkeN5AZZbOw4-32vzO9FCvZ-UHIMKCdUC5Tr1hmjoqaQcXGBekez60Na62=w1200-h800-k-no
Puncak Lestari,"P28C+W26, Unnamed Desa, Tapaluluo, Kec. Telaga Biru, Kabupaten Gorontalo, Gorontalo 96181, Indonesia",Kabupaten Gorontalo,Gorontalo,https://lh3.googleusercontent.com/gps-cs-s/APNQkAGUnYCawabPwnqght_-C7X7HEYudiuhL39sNSakWRt1c6UYtOZ2JsxQD-xtIRJF7_noT6-d93zjqNTrWfNKkHWHPNjCRGfTALa53lcJ2l6ZTKkaVOhupc64dHT_qiCLVlRMLb9s=w1200-h800-k-no
Wisata Kelapa Muda Sabda Alam,"CW72+F4W, Jl. Poros Jeneponto Bantaeng, Tino, Kec. Tarowang, Kabupaten Jeneponto, Sulawesi Selatan, Indonesia",Kabupaten Jeneponto,Sulawesi Selatan,https://lh3.googleusercontent.com/gps-cs-s/APNQkAHsY1hdw0u7Efo2wJx0l4tx00UiAEDAz_PeonM6GTVaGLSjeEBxccruYS-Z1O1Hqj4SCI8qgBgO21YJgXauJPDWd2prQWU4cYf_0RPXpdz_Oxr9_jfhAfC01cFUCyFqW4QhrHE=w1200-h800-k-no
Boulevard Pantai Kambiow,"5HQG+8H4, Bitung, Kec. Amurang, Kabupaten Minahasa Selatan, Sulawesi Utara, Indonesia",Kabupaten Minahasa Selatan,Sulawesi Utara,https://lh3.googleusercontent.com/gps-cs-s/APNQkAE9JwShtl05FS5cGn8P1M4fTi1ALQi0lFJnqafhDnmVDMV2DWOYDNvZBJAL3VyH9Qx5kxx0aiRGWTWSQqsi24WyvJoudTiDDFkXMttLe3fI9qcQdQkT1rZ5TDoVn701vULr35cw=w1200-h800-k-no
Wisata Istana Karst Ujung Bulu,"Unnamed Road, 3HQX+2FJ, Bontonlempangan, Bontoa, Maros Regency, South Sulawesi 90554, Indonesia",Kabupaten Maros,Sulawesi Selatan,https://lh3.googleusercontent.com/gps-cs-s/APNQkAHoQNxAJ_F0jUMepmygadYmW1wTkY-OFKL-061PX0jQawQyXh-ZhcaZCEbz0-GoMvizTrmxkROTFIxdfzVpFS6s42AJFr2uv9Cj1o5GFfxCfa1Q8LfTssEwwUyixJVI4or3-OXK9w=w1200-h800-k-no
Jl taman gunung tumpa,"HR7H+QM7, Tongkeina, Kec. Bunaken, Kota Manado, Sulawesi Utara, Indonesia",Kota Manado,Sulawesi Utara,https://lh3.googleusercontent.com/gps-cs-s/APNQkAGjbDsP_hMtchMuUIq2u51AJCBk32LQ6uHieIo19N3I839_Cb7ASq3kFk7faGN6V2hYrwjx9iMynQV_flsKQtxVf5VV622VVhwvkRk5KoEvWQPEQR4TOUEGsCG4vpt9cIP2u2VGUQ=w1200-h800-k-no
Tempat Ziarah Bukit Pena',"X8PF+RXF, Sepakuan, Kec. Balla, Kabupaten Mamasa, Sulawesi Barat 91366, Indonesia",Kabupaten Mamasa,Sulawesi Barat,https://lh3.googleusercontent.com/gps-cs-s/APNQkAHKqP_mF2mxkbmMx71OUTRXaApHdTDMghagH7Oh5Y6A9IcbNEJnIKVQo_AHrECazRtQ2m8pCUtj308QwKRoibjEZHLSILljp8pXVJUWnJ2_XW-AJWY0y21sFQdR3CvQb_p-5kQn=w1200-h800-k-no
Pantai Harapan Pajalele,"FFWH+6P, Binanga Karaeng, Kec. Lembang, Kabupaten Pinrang, Sulawesi Selatan, Indonesia",Kabupaten Pinrang,Sulawesi Selatan,https://lh3.googleusercontent.com/gps-cs-s/APNQkAGECScRLafvPNtLOjylbwRdOQeYr3DgFK1hievwkH3GWhe2hMMoZ33OG2gGilvtx84HM9qNe8Lf9TgFWkWFQFbK-MdlHBeg2ti9at4I2IAUEI3IwgqR3FNrmQQgvrqIhkk7EgWjFw=w1200-h800-k-no
Kawasan agro wisata desa Kassi,"Kassi, Kec. Rumbia, Kabupaten Jeneponto, Sulawesi Selatan, Indonesia",Kabupaten Jeneponto,Sulawesi Selatan,https://lh3.googleusercontent.com/gps-cs-s/APNQkAFDRjxdbKCzxZ2jlvLOVGSqJ4Q3hP0nh1YSf9L4Ac-gr4I0J2QoXSSpp67s5uspGnFyt-THMJYcQAKRy72I1mldGTmrG1x5UE8n6ftjsqcUWBh60L09qFuaURcVXHIugnbqNCt6vQ=w1200-h800-k-no
Pantai Seta - Seta,"Unnamed Road, 8J8C+V98, Poreang, Kec. Bone-Bone, Kabupaten Luwu Utara, Sulawesi Selatan 91966, Indonesia",Kabupaten Luwu Utara,Sulawesi Selatan,https://lh3.googleusercontent.com/gps-cs-s/APNQkAGE0C-QLE0d3DvcsZsS2qKpX6DcHTBd-zC9s1t900igjPbSTJFNJKV2TAzk0Q0BVhFkX5_VxJoNLs5NVlrdMdfXwNI-MhH45yYV-_FJjUsIReTLTzvEKoqUo3uYPjo2h1dUzkhN=w1200-h800-k-no
Wisata Pemandian Barakati,"GXRH+XJC, Barakati, Kabupaten Gorontalo",Kabupaten Gorontalo,Gorontalo,https://lh3.googleusercontent.com/gps-cs-s/APNQkAErcU1y3vIoULpXbDbCI-ZZKhiQ_QeU-jLu7LNCoyzoef93hHOnaHzlMpvc4VOqSo5hSkSyQLb1x_BsCO-b_fzeBnpueCQ8LFZknpPt1QhhMBYrj1Q7VLmbuykixC4TTgFjfnSK=w1200-h800-k-no
Air Terjun Laumarang,"3Q66+5X3, Hanga-Hanga Permai, Luwuk, Kabupaten Banggai, Sulawesi Tengah 94711, Indonesia",Kabupaten Banggai,Sulawesi Tengah,https://lh3.googleusercontent.com/gps-cs-s/APNQkAGl6yRDpyoO8rv1zUfXDaOlpyHQsZlAhTh6jBSvLkp3pYHTZt1hOpwpmEYXs6StiU_hUL8Pvp2nh8vsdbKlWGHOUnYalW7FWuh4hwbSs85EmeQLMWhdh_950E31x8jagjcDsl4QiNqU6cQ=w1200-h800-k-no
Wisata Buntu Kepa',"Taupe, Kec. Mamasa, Kabupaten Mamasa, Sulawesi Barat 91362, Indonesia",Kabupaten Mamasa,Sulawesi Barat,https://lh3.googleusercontent.com/gps-cs-s/APNQkAHpChE8S3sFpNAIRq6N2VU6XyWFW8g0zi1wBnGrmDwWIKNoKjJlg1I3KkbftBZnJuLKUm2X85iMyg1lXj1WV4MYCgoznA5WPTwGiNxBplOlxIwPjppwNI_qKUfD1KC0TijIZ-VU=w1200-h800-k-no
Pantai Jodoh,"W7VX+CGQ, Kec. Kajuara, Kabupaten Bone, Sulawesi Selatan, Indonesia",Kabupaten Bone,Sulawesi Selatan,https://lh3.googleusercontent.com/gps-cs-s/APNQkAHi32HFSQS6r7ZN4A75ZMHqwWDwsyFXhN_8drG0hCrY9flJCN849awJ99HZX5IspNIl2eTqOjpg93VVb-Efu7SXH0yBhGTG0U1MnPfs3kXBczQXoR3ZNhb7hRKMjmy14Qqhlld_=w1200-h800-k-no
Wisata Panjat Tebing Batu Dinding Kilo Tiga,"5H3H+CGF, Buyungon, Kec. Amurang, Kabupaten Minahasa Selatan, Sulawesi Utara, Indonesia",Kabupaten Minahasa Selatan,Sulawesi Utara,https://lh3.googleusercontent.com/gps-cs-s/APNQkAHViVBZ_Y5o967QO4p_GneLje_7SIHHziVpCmEtX5JGuN5uJHYHcXSTexun58vSSpOGLFT_PJlbVUzjlNVTticHx-s_1EzLVrTtiS6ZGvak60LepEyCZwO_eIb3_KUpU-sBKZ8DUw=w1200-h800-k-no
"Air Konde, Pasan Wawali Minahasa Tenggara (Jalan menuju Air Konde)","2QRX+VVX, Wawali Pasan, Kec. Ratahan, Kabupaten Minahasa Tenggara, Sulawesi Utara, Indonesia",Kabupaten Minahasa Tenggara,Sulawesi Utara,https://lh3.googleusercontent.com/gps-cs-s/APNQkAGdMYfrGu6Dt49Mz3X1JmUSvbWPu17GMixXSO4IOzO70Mi9DYKea7w7M9P-r4rCZgf4B2ADggqePUXxdXxOzufU-8E5JIe-TmxqLFZrCIgTgnP9N2l6jbD7-wrj8M_-x_t4ltui=w1200-h800-k-no
Objek Wisata Rante Sirrin,"3W86+RXJ, Jl. Poros Parinding - Bori, Bori, Kabupaten Toraja Utara",Kabupaten Toraja Utara,Sulawesi Selatan,https://lh3.googleusercontent.com/gps-cs-s/APNQkAEfrNwnVvM1j0liRHC4Xcj22l4TOQjfTdmpDpE3A7kN1XTB_rHxsSz8trA5i-if1cneBpyhmyEDwM19Mup_8j66n-NLO52Nye2jjxwqj-mvQOt78ogvwyeCukTtFYvX-pfd6sM=w1200-h800-k-no
Pantai Kayuangin,"XFP3+5R4, Desa Liku, Samaturu, Kolaka Regency, South East Sulawesi, Indonesia",Kabupaten Kolaka,Sulawesi Tenggara,https://lh3.googleusercontent.com/gps-cs-s/APNQkAFijF1rsn0oCwZ_tO8MtTpjEZ19qmGIPDupW72Ju2O0QX2OoTbkhLXqlfBMaDB95jJwGY-bxMZQJNDekzXDSJqARqAko7lFAAtiRsXpOxlnz9czez2DKT1cRBTzM8-Yx1-AyOSE2MLZFKwF=w1200-h800-k-no
Birtaria Kassi,"Birtaria Kassi, Tonro Kassi Barat, Kec. Tamalatea, Kabupaten Jeneponto, Sulawesi Selatan 92351, Indonesia",Kabupaten Jeneponto,Sulawesi Selatan,https://lh3.googleusercontent.com/gps-cs-s/APNQkAFTcEn2Ykghdi9BQ1Imsbz-dFT7GllsMTLhUOhQmCnb4c-8_2fos5_HKFCehOiA5jmMdRbOHnY6OLL1DJCsa1JXHWP_4LXyUboAsrNPenovjB4zZl19ZGm4_vA2UnjGdQIR9tnxfQ=w1200-h800-k-no
Lakadao Beach,"8RH6+44C, Selatan, Burangasi Rumbia, Kec. Lapandewa, Kabupaten Buton, Sulawesi Tenggara, Indonesia",Kabupaten Buton,Sulawesi Tenggara,https://lh3.googleusercontent.com/gps-cs-s/APNQkAHgroNJKF-q5atP0rPkbigngdGteQtQbd6YCUWjjQiVwsQ8kts3sJKdgPO2UwW6kwyUl7iOGL8v9TpOqta1OM_E4V5KBN5OIc03AGWh58mwCoAvSA5sO9QbqzBaapECMvD0XBZ-Gw=w1200-h800-k-no
Air Terjun Taipa,"Tompobulu, Kec. Tompobulu, Kabupaten Maros, Sulawesi Selatan 90561, Indonesia",Kabupaten Maros,Sulawesi Selatan,https://lh3.googleusercontent.com/gps-cs-s/APNQkAGr3TZVnyjnERz8qbLtFA4rNwwmIjqx7A81TUkPcddzY8AWLFFeQyCEIDwsKqV6wjaFl1k5z9waA4XN25pMmmnmcFpD2pOdvm13l_wWofZGOcRoHidez4PGz0cNjLhGh1tAaC51=w1200-h800-k-no
Wisata Pondok Kelapa,"Apala, Kabupaten Bone",Kabupaten Bone,Sulawesi Selatan,https://lh3.googleusercontent.com/gps-cs-s/APNQkAF0ZhWJTT8F2NHSbfQkFVqSpnOHjAKCFE6HvBFCJBR_64se5vCXRX63dTExxDXjG9L21-5r-g7ZnizUE8oLDKG6CH0E6TYSf12UQbWNlpX8iMwTzfv_p0u0A9Qau6RWNqALiCE29A=w1200-h800-k-no
Pantai Kayubulan,"F2W2+553, Kayubulan, Kabupaten Gorontalo",Kabupaten Gorontalo,Gorontalo,https://lh3.googleusercontent.com/gps-cs-s/APNQkAG5hQz8M85eF81UgqrVBSfyi6QxhSCmAT3-J1N_ncdrkMvdvJlof1o3E93GWsqFC2VMy2iaWLv5szvVG04cYs9wmHh-xC9tupD9lSCHpsuZKdlU_aCZQI7z2dyYxvdQng85Ats=w1200-h800-k-no
Bola Seratu,"V325+F7H, Attakkae, Kec. Tempe, Kabupaten Wajo, Sulawesi Selatan 90918, Indonesia",Kabupaten Wajo,Sulawesi Selatan,https://lh3.googleusercontent.com/gps-cs-s/APNQkAEtU1WLVTqx7qvS8G83PByZ49-eV1ap2yA9O2xfXL6W2h9CTrpb1-4wDDv8fQ8cJhZIeT_oIiIO1HxAR5CGxJj99vSsuqjvWPDEgJCyNrp5BUtHl8ykC6hwYwTL7K8qly-zgghq=w1200-h800-k-no
Wisata Pantai Tanjung Dulang,"X743+445, Unnamed Road, Solo, Kec. Kaidipang, Kabupaten Bolaang Mongondow Utara, Sulawesi Utara, Indonesia",Kabupaten Bolaang Mongondow Utara,Sulawesi Utara,https://lh3.googleusercontent.com/gps-cs-s/APNQkAFVTBQ1yIn8YxUMDUhmwJjYazf29iDAJf6381jsALk9wQg1_ObsRqNdxU6trlJCxGe1kDXJip6dT-nXXg7PqvWi5PJD8xGaaVEZJ9PYp5W0Wv6VEmuK3CBJJpGY1mSqDPbHMdms=w1200-h800-k-no
Obyek Wisata Permandian Air Terjun Sakita,"CXP3+PR2, Sakita, Kec. Bungku Tengah, Kabupaten Morowali, Sulawesi Tengah 94973, Indonesia",Kabupaten Morowali,Sulawesi Tengah,https://lh3.googleusercontent.com/gps-cs-s/APNQkAFa6IBWBFg-aeTzyA623nqlnnlZG1lFTS1ghVwz9cMgfiO2TZH1ryKuYfxNFf38xchwL29sw4Y-3Nk457NFqGRpRqkOTSb5jm5Ozzwj5_0ArsqtKOgLOV5VB4Poc2vIBLcFo9D_=w1200-h800-k-no
Telaga Biru Ere Manerang,"Jl. Kp. Lotong, Benjala, Kec. Bonto Bahari, Kabupaten Bulukumba, Sulawesi Selatan 92571, Indonesia",Kabupaten Bulukumba,Sulawesi Selatan,https://lh3.googleusercontent.com/gps-cs-s/APNQkAFwBf_z3MCXY79g0lWzZvIN2bLuvgsokZB7VRuG8t3fNrNubva4wVJyQ-VyJPlQ0zR-D1OCuJmXlgmRES6YuwKSHay0CQV45EMNjoEpPpzZJZNxtOJFwMhqUp8t8whYvaOpjQOx=w1200-h800-k-no
Dermaga Tua Sapoiha,"MXX4+GF7, Sapoiha, Kec. Watunohu, Kabupaten Kolaka Utara, Sulawesi Tenggara 93958, Indonesia",Kabupaten Kolaka Utara,Sulawesi Tenggara,https://lh3.googleusercontent.com/gps-cs-s/APNQkAF_L3g0omUnv-2yu8r_xISRhDJPeirHQ2w2rqt8jWjjELnjSbZ33NKwXqBjCYrJnejiHMOvKqbc_ozhdp51tjIs-lnbq8FhZi920ehtt9qNUGK_9KPUx-8shXUvAhBWH3skmHs=w1200-h800-k-no
Kawasan Wisata Attakae Kabupaten Wajo,"V335+76V, Attakkae, Kec. Tempe, Kabupaten Wajo, Sulawesi Selatan 90914, Indonesia",Kabupaten Wajo,Sulawesi Selatan,https://lh3.googleusercontent.com/gps-cs-s/APNQkAHkA2e6TTyAKN92jrTFkm5X_FvmiWL6SfRczLgEX9YIeguj06_DXpF39HOCAXsYvdiPN058cT79pKx36YJpJRMUrZGzCPJYjWqDVCl7kyr1w_6iFZAdkYNLinN6nerwN5xVFgxvDw=w1200-h800-k-no
Bukit Wisata Bulupadido,"Tammatto, Kec. Ujung Loe, Kabupaten Bulukumba, Sulawesi Selatan 92552, Indonesia",Kabupaten Bulukumba,Sulawesi Selatan,https://lh3.googleusercontent.com/gps-cs-s/APNQkAGh8AHHD0cTj4n_Dwbpk0SINoQpJrlZH5gZ2IKzCmYp03MbeZ3AZMv0SO915CZnkpLkwetZepbvgxl1fcK2a-pYSQI-HCsi4fDIt4TmN8MsTPm05JFgNYl5bBzj14qMmz9vh_1Oog=w1200-h800-k-no
Mata Air Pocuncui,"FRCW+QJ6, Awainulu, Kabupaten Buton",Kabupaten Buton,Sulawesi Tenggara,https://lh3.googleusercontent.com/gps-cs-s/APNQkAHtBWeWYBsrFUG87gV6Biw2Qh_ES9asA2ebeKxYzeOgc-f3BDILaZ-fmVi6VkjrhTN-rdpN4YnDtaBxsRBQn4wKOxiO2wVH8D00CedglsXCnglYW-IL7wuQvZsvJTrdtt0gQy942Q=w1200-h800-k-no
Bukit Tangga Baly,"C4WH+798, Jl. Desa, Botutonuo, Kec. Kabila Bone, Kabupaten Bone Bolango, Gorontalo, Indonesia",Kabupaten Bone Bolango,Gorontalo,https://lh3.googleusercontent.com/gps-cs-s/APNQkAG5cEpR8jazLDyA5nQcydyCSRUIe3iGbWdoSDNxh4JHJ8w2DdFSKPlyCEuuPEAe5WxdiAb_upWJO3ngSmLAWZUaQKA-owkJok5TexnmkaPt9ikTT7no83zf4kVwW2NLKBpvN8fm=w1200-h800-k-no
Pantai Merpati,"C5VX+CH2, Terang-Terang, Kec. Ujung Bulu, Kabupaten Bulukumba, Sulawesi Selatan, Indonesia",Kabupaten Bulukumba,Sulawesi Selatan,https://lh3.googleusercontent.com/gps-cs-s/APNQkAG7O1L0GIZjWYGNasV82CEu7KPjn54PbyPlExnHmtECvMzMOdkMbIivawYJCbX7vzTproweFyxyBOAHQtZ0KEM8EiRcmTW20p6xmxjYFmhaNOt8m9EYDr8QF-bu61Ap-Kdkl8EPoMpnF5js=w1200-h800-k-no
To'barana - Sa'dan,"4W8V+QQQ, Unnamed Road, Sangkaropi, Kec. Sa'dan, Kabupaten Toraja Utara, Sulawesi Selatan 91853, Indonesia",Kabupaten Toraja Utara,Sulawesi Selatan,https://lh3.googleusercontent.com/gps-cs-s/APNQkAHbYfzVk_46SLFX4KcSCSzTYV7dlkmWXC6UcMkLge9uSBWATtozE0tU5AcKZfjwxZ29_FVl-l6NFsyDXf-LCcIhY3zVM1k85hn3wgrTz6rvdjjyo7DTYnslNCFHKvb5XyYLQL-x=w1200-h800-k-no
Atalambu Hill,"Kota Tentena, Sangele, Kec. Pamona Utara, Kabupaten Poso, Sulawesi Tengah, Indonesia",Kabupaten Poso,Sulawesi Tengah,https://lh3.googleusercontent.com/gps-cs-s/APNQkAGAXD_tI1-hL0lPt9ZOPCvBgE0q4PbKi7mjqh9fFMFXoQPzA4flltlOKpjyurMzwjv2zo3eysBdzCNYBHFn10hbZt_m2PkK6Gv2i0HauiMpPbNFFjmIOL3cM--W2sb9teVozCgq=w1200-h800-k-no
Air Terjun Sambabo,"3773+FXG, Ulumambi, Kec. Bambang, Kabupaten Mamasa, Sulawesi Barat 91366, Indonesia",Kabupaten Mamasa,Sulawesi Barat,https://lh3.googleusercontent.com/gps-cs-s/APNQkAEOUgzTM5tE5ush-CypcTcnhzIKSJyxmK6H1p0UiGCpf7PP0f2qwCItGN6a-S0OMRcOHd9q3MduMq_mzNM09hXphzgCVhGprARqq3M5fwfM_BEKP5bnr2rfTnbO2Kn5A9LQyUIqkRZkhaOt=w1200-h800-k-no
Wisata Alam Tamboke,"CFW3+J69, Tamboke, Kec. Sukamaju, Kabupaten Luwu Utara, Sulawesi Selatan 92963, Indonesia",Kabupaten Luwu Utara,Sulawesi Selatan,https://lh3.googleusercontent.com/gps-cs-s/APNQkAH14ScKMF-NyB78pI0D_ExAwLY3obSFMgr4POsUx_3MrS-0NVeF5jAzhPoTwJQ15ae_1282FjxITUxvG3VnUdBCuQJ7mBi3YQIskzSpXDaOJlMIMxylRvlfPoDHIzuF3Kg_hxCR=w1200-h800-k-no
Monas,"8W26+CCP, Wawalintouan, Kec. Tondano Bar., Kabupaten Minahasa, Sulawesi Utara, Indonesia",Kabupaten Minahasa,Sulawesi Utara,https://lh3.googleusercontent.com/gps-cs-s/APNQkAF2uGi3436Z702VrKhLH15EWOPOVrsF7PBPEmOhWcj7eDbuGgxk7F7cDzqfwaJvhFkh2c6GQjhTaPKVCtTT0hRbgztRQ6QxNEnPlp5g1AfNlOG5cRqI39olMV4eb7Y2TvWfqBTb=w1200-h800-k-no
Permandian Wisata Istana Mappala,"QFG9+754, Wisata istana mappala lingkungan mappala, Pangkabinanga, Kabupaten Gowa",Kabupaten Gowa,Sulawesi Selatan,https://lh3.googleusercontent.com/gps-cs-s/APNQkAGYw0erZeYCw8VO4qDFHQ8OQSvt_Sync5-a4v0k3eOALQAofEB9SNMYF_bhc_g0UqW04MHtCekPU9skhlqdTFQbTO7ZfWAGWiL3sSSKSFP4wPzCqPGTJf7_abxYMw96VOD5c8VC=w1200-h800-k-no
Pantai Sappoang Polewali,"GCQ8+WQC, Amassangan, Indonesia",Kabupaten Polewali Mandar,Sulawesi Barat,https://lh3.googleusercontent.com/gps-cs-s/APNQkAGLmoc75i0YbXgaCJAJyBkOOw0QshbotNeEMUj5U6-R6FNOb2XmlaUqHHQyMlhzDUHnDWs7YtE-C1-Xp2Efr-L3__rpfkASlXWprmywO8aSzNnGY89b31b5doeI8h_T7Uo_4mv4=w1200-h800-k-no
Pemandian Air Panas Marowo,"2FVJ+GWX, Unnamed Road, Marowo, Kec. Ulubongka, Kabupaten Tojo Una-Una, Sulawesi Tengah 94683, Indonesia",Kabupaten Tojo Una-Una,Sulawesi Tengah,https://lh3.googleusercontent.com/gps-cs-s/APNQkAExR78bmtRjYPbNE9Q3_dBxqfFM-V9ZNHpAvWsyz7hUyWPzB4GGfn4nXZ0-qUPw0XWbIlwntVGoXJDtBSrh2x6TP1nq82h7QNDvDuDDfg8VK2Jl0Tj6z-zQegk3KHKmovFa50M=w1200-h800-k-no
Objek Wisata Air Toino Desa Talulobutu,"J34H+Q5V, Lorong Brigade, Talulobutu, Kabupaten Bone Bolango",Kabupaten Bone Bolango,Gorontalo,https://lh3.googleusercontent.com/gps-cs-s/APNQkAEvEm99Y8GXiQP8oZ49HYjWHzlbRnx54ASu_EtEHkbqncrMXSDkPDq9Gi3Xpp8PmTCKAxEeGh-GA8-JHaZ7x1N1i518pKx9-fKphHldkRCsp0hHObqEpClTs5Ik7I6l4C4_IUhX=w1200-h800-k-no
Tanjung Karang,"Tanjung Karang, Jl. Karang Ria, Boneoge, Kec. Banawa, Kabupaten Donggala, Sulawesi Tengah 94351, Indonesia",Kabupaten Donggala,Sulawesi Tengah,https://lh3.googleusercontent.com/gps-cs-s/APNQkAFGRu3pVnP5GSE2cEh8PN4AA3reesA6Bhr-aGvCM02XE7rcgMdUN9_uyDFUlEOYFMgHKMj4DE7MGBio6nR0ojavSKtWY6yfgD02-XgD3oTLfruUh-Q8o-YlyzraPxfLA9gXNSbt=w1200-h800-k-no
Wisata Alam Lembah Cinta,"JRCC+657, Mattabulu, Kec. Lalabata, Kabupaten Soppeng, Sulawesi Selatan 90811, Indonesia",Kabupaten Soppeng,Sulawesi Selatan,https://lh3.googleusercontent.com/gps-cs-s/APNQkAHb1u2BKlIz516WAzs-mvPh5jJ8Mo6fCNszsVcMFToiCFJTGuhgSc5OTuJ-E0aR11hCbMEluLh6oor-FwaBhjAzwSXRqORqBsVViQuG2FrJPV5nNyA6fRJ4tqqHdVgdjIrRq9A=w1200-h800-k-no
Pantai hiu paus,"F3GW+M3H, Jl. RE Martadinata, Botubarani, Kabupaten Bone Bolango",Kabupaten Bone Bolango,Gorontalo,https://lh3.googleusercontent.com/gps-cs-s/APNQkAEz4P22DCG6GliajhYBoQ_tI23jiGtxB1mTDk5upo1NJKYVXwbFw6GLTuxrP5LNofITte2jBEwGofCICHMDePcDrrE_4MLvvrKJNAEiXZ3nrbaedu69uqmvyKeM4HkhRywkJh-Y=w1200-h800-k-no
Permandian Air Panas Timba' Ko Kamp. Mini,"Q999+5RC, Hiung, Kec. Siau Bar. Utara, Kabupaten Siau Tagulandang Biaro, Sulawesi Utara, Indonesia",Kabupaten Kepulauan Siau Tagulandang Biaro,Sulawesi Utara,https://lh3.googleusercontent.com/gps-cs-s/APNQkAGHHlXuiSJ3aZiniAqR-j4ljhdsQyUxxy4eDN09aEH3BDvcD1GYOyC-Nv-w_L5O4FbrqtYFBjwEiSmNJfB13mI77wT42f295LCyf8yLWrByfKGL9vDVWVwlejT0LAyGqwvyipDg=w1200-h800-k-no
Permandian Air Terjun POFUA 'A,"FWW4+XVP, Bente, Kec. Bungku Tengah, Kabupaten Morowali, Sulawesi Tengah, Indonesia",Kabupaten Morowali,Sulawesi Tengah,https://lh3.googleusercontent.com/gps-cs-s/APNQkAF9NinCQvybxo_MTSmVLmy2O5LSrgfvScVjVuAG8kMmaN4owSx4Bx4u3KOF5-gEG9GN4AxOsslRtDsyVtLw0XQ8fpmie_mqBmpYa_znXSsOgn_WjKQ4YUODoIhorZrmwGQh9Vt8=w1200-h800-k-no
Mangrove Park,"GVCM+MG2, Jl. Poros Majene - Mamuju, Lalampanua, Kec. Pamboang, Kabupaten Majene, Sulawesi Barat 91451, Indonesia",Kabupaten Majene,Sulawesi Barat,https://lh3.googleusercontent.com/gps-cs-s/APNQkAHjRhE385MN_nuNnFafC2AGVmPyEUdixCQhtafGOyWWwlwglaWh28k5YM4FbzEvYBZCDMX0_Xb8fcWNNeltndNgJhsLpHrDfB0q8rTnYLQZskeAuh8vR0S3n5fKV39sav0bizft=w1200-h800-k-no
ANJUNGAN 533 BEACH & RESORT,"Jalan Poros Sulawesi Tenggara Lampia, Harapan, Kec. Malili, Kabupaten Luwu Timur, Sulawesi Selatan 92981, Indonesia",Kabupaten Luwu Timur,Sulawesi Selatan,https://lh3.googleusercontent.com/gps-cs-s/APNQkAEzxCuzEeszTmjqHHSyO3XwyMsqAic4IReNDITM-IyE-vD6HX_YnadbnH1n07CH7ND8-DIdrbWur67Ov7Hakx3Is8VBEGB3YLArW3B-sn5NDw4UshJTVPk2uuzKM2ICYEa8Ddps=w1200-h800-k-no
Puncak Bajo,"F9W2+CGQ, Unnamed Road, Bajo, Kec. Tilamuta, Kabupaten Boalemo, Gorontalo, Indonesia",Kabupaten Boalemo,Gorontalo,https://lh3.googleusercontent.com/gps-cs-s/APNQkAH9E9Bbq_T58XsqRmtfL-I9r2Lqulg1pSGCXN0iwhhb-99Iq8cwvxC_f7e5769qkKgB8PSxvGnxDB2uKiuMjdbndMdJCgwzkojBNZMNgGX6Yje7vHy9ufs7K95SW-CNIUMK6eaG=w1200-h800-k-no
"Masjid Tua Kerajaan Muna, Raha, Sulawesi Tenggara","2JG5+8MJ, Lakologou, Kec. Tongkuno, Kabupaten Muna, Sulawesi Tenggara 93352, Indonesia",Kabupaten Muna,Sulawesi Tenggara,https://lh3.googleusercontent.com/gps-cs-s/APNQkAHh4uQk4MpIxnnwl9eFFI2QEKF15Yuh7_CyEaCxiahX6iXx1ie41-mWvGY1Gl7JNOv1Nbncm_3Vs9ZVeIXr7bSxjsVdacdrTyNfJmlKYsyQ09k8spjhZXfVUAaTlZamwUNWOIl9=w1200-h800-k-no
Wisata Kali Biru,"2J69+XCV, Bungkutoko, Kota Kendari, Sulawesi Tenggara 93234, Indonesia",Kota Kendari,Sulawesi Tenggara,https://lh3.googleusercontent.com/gps-cs-s/APNQkAFdeShgAJ6PJyfBgRVgAn2TNhfcUlXUBfr57hWlexrMxGz_NslnbKtXk0-ddXYowRxvZfClfTLRzlZUUxusuVUUHsfwBfkqpXTBwun_i_byUCVYWb-DAVZj8_rtr4nx1oFr8VED=w1200-h800-k-no
Pantai Singku Desa Lowu-Lowu,"PJX7+RFW, Waliko, Kec. Gu, Kabupaten Buton, Sulawesi Tenggara 93761, Indonesia",Kabupaten Buton,Sulawesi Tenggara,https://lh3.googleusercontent.com/gps-cs-s/APNQkAEsCss17B_nj2WJ8j9nOcGd-eOjfkkzXcUnQmTv1uOSuDRUTrOEtaX6Q_2fnYWnKXJE_YfCdhRJ8HsL5Bv4Kmg3Xqs5lS5zEyHHpYBgj4-0rAo6tE93YxJp-6tNZl3KcyCcLhlv=w1200-h800-k-no
Pantai Batauga,"Pantai Batauga, Unnamed Road, Masiri, Batauga, Kabupaten Buton, Sulawesi Tenggara 93752, Indonesia",Kabupaten Buton,Sulawesi Tenggara,https://lh3.googleusercontent.com/gps-cs-s/APNQkAGjrdWjkqSkKgjdfPTd6YzmhUB4XzLaDn2XWyldy4JgQ1ri8uLidjwgixYsRjBP9nr0ZjRjjQKfaoQcUoFBSRFyMtRNGEQZV5Su2n9Q_RaO5Yi9J9YNEW4i7D9-64t6r3voDVp8=w1200-h800-k-no
Pantai Tatiala,"Molas, GRQG+G63, Batu Hitam, Kec. Bunaken, Kota Manado, Sulawesi Utara, Indonesia",Kota Manado,Sulawesi Utara,https://lh3.googleusercontent.com/gps-cs-s/APNQkAFZv_gzNb83_MQNVjpow83-PbSkyx-XoNHNOKyuXvamnmlQmDGXukLNE0MJkAZCjH9OtSg8X7K_0vTQjZXn8SKv92fNDMqiRcxgh6FrjVtj0aKiVDMgZcN0KF1JYrz51xKyfVa7=w1200-h800-k-no
Wisata Alam Taretta,"H4V5+FH2, Mampotu, Kec. Amali, Kabupaten Bone, Sulawesi Selatan 92755, Indonesia",Kabupaten Bone,Sulawesi Selatan,https://lh3.googleusercontent.com/gps-cs-s/APNQkAFUhsERqkjhQDv3492BU4r4pi_ZidZXSc-pT1SRcJP3vM0JiX6vDjjrKWjGWZEnUnSUgqMj3zuB1ySFYRMTbndd9SeH77eCKUAAXmuTZI5hY8A1Qa3ePD3DCEiVMCz98Bh5yKui=w1200-h800-k-no
pantai Bara' UjungLero,"pantai Bara' UjungLero, Lero, Kec. Suppa, Kabupaten Pinrang, Sulawesi Selatan 91272, Indonesia",Kabupaten Pinrang,Sulawesi Selatan,https://lh3.googleusercontent.com/gps-cs-s/APNQkAFG-b7TN35JIflkllnENqu3gFijEU5wtAG0nJD3Yc2kwJftyGu9a855bG1PmWGCkyHUz89HGN0bqMNQ4KpIzRCFf0ISd65J1yfiiMsHf98iX2m9KVJco8GKIEn4VZ2jsl1v6OSRAw=w1200-h800-k-no
Boneoge Beach,"Boneoge Beach, Boneoge, Banawa, Donggala Regency, Central Sulawesi 94351, Indonesia",Kabupaten Donggala,Sulawesi Tengah,https://lh3.googleusercontent.com/gps-cs-s/APNQkAGXOU3o2Nn4ed9UpvD7IAXbA6UE1kBghfuxXIh37vjdvVDZUDkbDcgzGlnSpGgyUfgzLVrC927jUXTXcs4CyqD_T5MTSEjMjaNiaJrLOa3BBjYF7_Vas02KTb7hQT-YPLUas6j9=w1200-h800-k-no
Taman Uebone,"3MP5+855, Uebone, Kec. Ampana Tete, Kabupaten Tojo Una-Una, Sulawesi Tengah, Indonesia",Kabupaten Tojo Una-Una,Sulawesi Tengah,https://lh3.googleusercontent.com/gps-cs-s/APNQkAFRHN3jlppSlDSZxkdtH52VO6Q25ac2az8s37OxUirm75CaGbvlpyi2OPXdXjJ_Rpk-UUsfVGczU-cd1ilIHo1hNC4jEUq5IfclRRnllACIhJ1C3TxePXrEOax7uUXkUK-m4d5T=w1200-h800-k-no
Wisata Pantai Desa Pasir Putih,"RRV7+QW8, Desa, Pasir Putih, Kec. Sangtombolang, Kabupaten Bolaang Mongondow, Sulawesi Utara, Indonesia",Kabupaten Bolaang Mongondow,Sulawesi Utara,https://lh3.googleusercontent.com/gps-cs-s/APNQkAEceLlOwKSPOv3-2FoHVjV7gc5xBop7twPo-8USbaTPgyZ9b_bgvubFSnotsKbG_763u3jLkOM4aH2SaZMIWVFudzED1guwG7neOmU3v9pAhGtOm7eCYcFWDkv0DGhz7bsN4rSN=w1200-h800-k-no
Pemandian Alam Limbong Lopi,"HCW4+39C, Batetangnga, Kec. Binuang, Kabupaten Polewali Mandar, Sulawesi Barat 91312, Indonesia",Kabupaten Polewali Mandar,Sulawesi Barat,https://lh3.googleusercontent.com/gps-cs-s/APNQkAGldbXErpAl5XKHeVwaxsGyUSzfnrS2uNpjG3-FD6NkbzaTs6l67drKYa2wtnp2_ogQRe4hCgfnrdXxeBRKHiK4wMhJOfTm4X74nszv1FOQPwE_c0Y1q0HGQKiHVLIQVboj0M8=w1200-h800-k-no
Pantai Tanjung Kramat,"F2WV+6PQ, Tj. Kramat, Kec. Hulonthalangi, Kota Gorontalo, Gorontalo 96133, Indonesia",Kota Gorontalo,Gorontalo,https://lh3.googleusercontent.com/gps-cs-s/APNQkAEsdSWVNK99nkPxoAdlqjqvG7mlpECOEne02S5sjF5WoPf-xkHb3x7IqJqcAIRsKJEVmrc9B_9MBH1JVgtqNn2AITEpf89E6lCXgeHlk-X404dU1COXQW2KkfEkkF_4UBQ-e9NAKbRZmWA=w1200-h800-k-no
Pantai Leato Selatan,"F3RH+J93, Leato Sel., Kec. Kota Tim., Kota Gorontalo, Gorontalo 96116, Indonesia",Kota Gorontalo,Gorontalo,https://lh3.googleusercontent.com/gps-cs-s/APNQkAHruTC0OzJXRBAQrNdDe-mX-igdZDer_xAxPJjc7my3__MQHTusMk968w-kXuCV8WoxY2aaiWMNXrhm_DbLyYBVY4UuysaRVtLi_LYGOK8M8D2bVo3DuIkbnElPNnWwgv8s77L3Ew=w1200-h800-k-no
Makam Jera Lompoe,"MV2J+XH9, Bila, Kec. Lalabata, Kabupaten Soppeng, Sulawesi Selatan 90811, Indonesia",Kabupaten Soppeng,Sulawesi Selatan,https://lh3.googleusercontent.com/gps-cs-s/APNQkAFyN16ic_3KftlStuIWdmNGiB46hIBcDc-Wjy1FQAqgZuZx0fJG8j0-_yAZtrTkfTnY9NWnf0tgVrGWuJmKOD6X1TGxRhqrZPkgwpLuXKbL6AlhqKtLIi0jnXzwVS2ZiCTOjTPM7g=w1200-h800-k-no
WISATA BATU PANDANG,"F42F+9P5, Jl. Trans Sulawesi, Botutonuo, Kabupaten Bone Bolango",Kabupaten Bone Bolango,Gorontalo,https://lh3.googleusercontent.com/gps-cs-s/APNQkAGA76UHvfqr9N-rX-Eq_wkwHGMA3wc-HXMaHQINNYtySXNMW0Zk4Uyu9D1K7rksOzv6fUYMWIkgr3ctSR_w9Qa0lRzirD8_hPCRF4ApFjlGyi4INpfKXXrv4w9IT-CvXtx_QcCj=w1200-h800-k-no
Pantai Tanjong Buku,"G665+8RR, Buku, Kec. Mapilli, Kabupaten Polewali Mandar, Sulawesi Barat, Indonesia",Kabupaten Polewali Mandar,Sulawesi Barat,https://lh3.googleusercontent.com/gps-cs-s/APNQkAFsnurg9WhGyjj2Gq7xPsxH_NOnrrq1YUrY3wOKDadAr3OpWxaG-YkuWSXw64W0zT1FrjA9sKOwUfatGhbnW6k_FQylXtsB97Np_kMncI-mb0I-psJsqBS8f0fqA_XDs4GOawxWtA=w1200-h800-k-no
Bukit Sarassang,"7V3G+2R, Bangkala, Kec. Maiwa, Kabupaten Enrekang, Sulawesi Selatan, Indonesia",Kabupaten Enrekang,Sulawesi Selatan,https://lh3.googleusercontent.com/gps-cs-s/APNQkAF4oogvCqxzAmW8LE3ScoWzO7JIfb-oTexmgXF2KorcWGL0MoetaGEjzwS_4wmSgy8OhzViMMvTWljdAhtNv_msNBPLrhAH-J4tBPOm32CFnUpRcAOstBm4h17nvG9f7OPw3sUu=w1200-h800-k-no
Air Terjun Tanjung Asap,"HP2M+GVC, Palakka, Kec. Barru, Kabupaten Barru, Sulawesi Selatan 90711, Indonesia",Kabupaten Barru,Sulawesi Selatan,https://lh3.googleusercontent.com/gps-cs-s/APNQkAGUVCm6NZRA3v_--a8UWxF63RwQ9bXfNZHDAxCFtQfiEhYoY1pUVjx-uImwEWS2Lrvniikc1mohrDjLVt67SKhYSSKU8HyrLa4aeL3DgUMN37dqNOTyyxOYGfphP2siR7gz9TQ=w1200-h800-k-no
Embung Dumati,"Embung Dumati, Dulamayo Sel., Kec. Telaga, Kabupaten Gorontalo, Gorontalo, Indonesia",Kabupaten Gorontalo,Gorontalo,https://lh3.googleusercontent.com/gps-cs-s/APNQkAGXMDfod8sHNAEvgCP33dwZWTOoLbFloxbvJk3MKsBBDnURCFaC7G8bh1XKpIt9wkX_MmKJnVJ7lxrL7XZjNAVE-sA0bUgnra8zSzoBL01vWARdYPZKDJ9CFVCPTr7FHgwixpfL9w=w1200-h800-k-no
Air Terjun Sarambualla,"8533+97X, Kalotok, Kec. Sabbang, Kabupaten Luwu Utara, Sulawesi Selatan 91952, Indonesia",Kabupaten Luwu Utara,Sulawesi Selatan,https://lh3.googleusercontent.com/gps-cs-s/APNQkAGL-ULU-0K2cqc11Yz15wgHWYq4SHoz0VDx0TfTeZgmd7mA8a-DMmeTyAylGaXwDBTAI6Fd50q2_LFjHNHaPEk2tSsG7mvhvacjsosX933MLWYUUoeJnIvxNifzrlqTXqbdaQCJ=w1200-h800-k-no
Mandel Beach,"Mandel Beach, Kombutokan, Totikum, Banggai Islands Regency, Central Sulawesi 94885, Indonesia",Kabupaten Banggai Kepulauan,Sulawesi Tengah,https://lh3.googleusercontent.com/gps-cs-s/APNQkAHAmuJqWbq2B0-ZTGYX5s75p42BqKTkImWcsnKQ01NfGYZ6Let9EiM7za98Z1Wa84QkNQtSy0cwKgQ8i2wK0XgXm1766Q7AKEYTV5rf8m5e5b0478CPcJnIx0onXBiPnr71Euen=w1200-h800-k-no
Lombongo Waterfall,"H53P+5FC, Tapadaa, Kecamatan Suwawa Tengah, Kabupaten Bone Bolango, Gorontalo 96583, Indonesia",Kabupaten Bone Bolango,Gorontalo,https://lh3.googleusercontent.com/gps-cs-s/APNQkAGMEGNiUO5OtBxPkAFkm5uSLBzdp2zyyOATxEh8hQOaEXvmJTXTR0zY_6ZDgkbAiUW4YYuFzV6h5ibGSHETPpmmoMpumNka0ltHDYvqLgJLE259RsjdjVwNR4tENJFgqH2oqMr9=w1200-h800-k-no
Ekowisata Mangrove,"F62W+V5R, Unnamed Road, Mawali, Kec. Lembeh Utara, Kota Bitung, Sulawesi Utara, Indonesia",Kota Bitung,Sulawesi Utara,https://lh3.googleusercontent.com/gps-cs-s/APNQkAHLfLVSdHENrRFRRTMsvGHCcH86nyvCvKae-_x-SVCrJ27COFacSebFqQ0lXWNvhyRZaEhF6yCoMMXeDtygkRA2rRVOkeMDYV3HRhFQF5xsBt8sKiZLhZtks1T3-US_j-8uS0AJCA=w1200-h800-k-no
Porame Paradise Resort,"2RXP+HCM, Porame, Kec. Kinovaro, Kabupaten Sigi, Sulawesi Tengah, Indonesia",Kabupaten Sigi,Sulawesi Tengah,https://lh3.googleusercontent.com/gps-cs-s/APNQkAGWgpU0haf2I61Lfk_NPgu2BsttspPWVa1HE2SZHT2PAXSWG3z3qm-t_-O3T6nEUT-xBrq_Q-A82cYufHB97dxOEFNg-9Lo83Y9zkZHa-OLv-nXmFSDL_ab9XMdlThy-Xcv5C8=w1200-h800-k-no
WISATA KULINER 3 DIMENSI TAKALAR,"JFH6+9WC, Bonto Kassi, Kec. Polombangkeng Utara, Kabupaten Takalar, Sulawesi Selatan, Indonesia",Kabupaten Takalar,Sulawesi Selatan,https://lh3.googleusercontent.com/gps-cs-s/APNQkAFcucodoh1rqsozBiHe7JqSuA55jYrDEOb_e7y28gZOPVS0VdvaYEbTIFsOEvXJzF7lXKaURvGiHrC97Gt8QVThytkGl_dmpGdXOQ8IhJFw7BQsqldQnq9wdNyTLRc_tnReDmSdvw=w1200-h800-k-no
Danau Randano Ghaghe,"Tongkuno, 2P86+R9Q, Lalemba, Lawa, Kotano Wuna, Kec. Tongkuno, Kabupaten Muna, Sulawesi Tenggara 93662, Indonesia",Kabupaten Muna,Sulawesi Tenggara,https://lh3.googleusercontent.com/gps-cs-s/APNQkAHcBPBA9mc4R3PWKDzihAKqBUv-ySOWsDnrWey2jBPr-ocKh070MeRc3HT4JdYvbzUx9xIfrKX4IR2ot5n_9qygZbua7Qf-Xyi2508YGdc5DXmnyjRSchhvnR6ZRqM-zJ7Me7-g=w1200-h800-k-no
AIR TERJUN LIMBONG KAMANDANG,"Unnamed Road No.91352, Kurrak, Kec. Tapango, Kabupaten Polewali Mandar, Sulawesi Barat 91352, Indonesia",Kabupaten Polewali Mandar,Sulawesi Barat,https://lh3.googleusercontent.com/gps-cs-s/APNQkAG0hDDG0rjnS1C_fI0-zSPzHMArDDwyqAJ0_HbeAegzpd4RwCbsXRJJYqy06EvcNfARSCRXF0oo5xF-LO6YV0u___pa_pOtF5IlSEnfAgdH_vAjTh-OARXf-2zBzzdWMPfu7AyA=w1200-h800-k-no
Monumen Misionaris Johann G Schwarz Langowan,"5R3Q+FX9, Toraget, Kec. Langowan Utara, Kabupaten Minahasa, Sulawesi Utara, Indonesia",Kabupaten Minahasa,Sulawesi Utara,https://lh3.googleusercontent.com/gps-cs-s/APNQkAF7PCzsK4ozn24NsDdePnb83BKYhVzk0-taw9m6-YYVpMwN_QGnoL2sADYK52xzjMYQfAa2nsR2XJQ0rbYoGKzl7iZCEX-sazsZr5V03TQb43J_Lnj9RIEG7ro7ZN7-iMetWXm3=w1200-h800-k-no
LOSARI BEACH,"Unnamed Road, Lolak, Kec. Lolak, Kabupaten Bolaang Mongondow, Sulawesi Utara, Indonesia",Kabupaten Bolaang Mongondow,Sulawesi Utara,https://lh3.googleusercontent.com/gps-cs-s/APNQkAHwUAZMtLO2aRmV_OPtEbyRMsjpTHiAY5r2CoJhte1JaDpdSyGQ_bXMPOpc1hZcMWOzLTehMAnZ447ohHoxQ7v6L6LX2wEZf9rPI5jIRHQ4zFFMELRKOxMHR-x_ftYwF3B8j994urr7nxkq=w1200-h800-k-no
Gunung Sambapolulu,"Gunung Sambapolulu, Enano, Kabaena Tengah, Bombana Regency, South East Sulawesi, Indonesia",Kabupaten Bombana,Sulawesi Tenggara,https://lh3.googleusercontent.com/gps-cs-s/APNQkAF4XbXOJk6hwCbWtpWP1RRSXt9w63snPVMgxiUFLK7Qe49KnG_uOK_3wYWMh5iUabgv6T_rj2Z_UCNuQw3xfAUfoViek30STGxfvLPwQ2Bge-g7_9hbxSt4V1Br-wrrqrIhto8=w1200-h800-k-no
Pantai Tinggian,"Pantai Tinggian, Sawangan, Kecamatan Kombi, Kabupaten Minahasa, Sulawesi Utara, Indonesia",Kabupaten Minahasa,Sulawesi Utara,https://lh3.googleusercontent.com/gps-cs-s/APNQkAEsGIYxCrSeA9VIP1DEOnOtmxzFw2EKZ75Ii6kCBTVRfCWcS7I84EJKb43CENDXtSMnNWjX86NVM7dFxYBbTconG5mxE-9dZf66h-z5Tnke6OV97GbbZGdruJYJ8j0dO54u2TE_=w1200-h800-k-no
Wisata Pantai Galesong,"Q95J+79Q, Pantai, Kec. Galesong, Kabupaten Takalar, Sulawesi Selatan, Indonesia",Kabupaten Takalar,Sulawesi Selatan,https://lh3.googleusercontent.com/gps-cs-s/APNQkAGq2ldypgPaFWUU1_KVTCnWtyrD2RKFZbU_Thsszea-m_D1gWnwaUgFmXaF-EkGE1KIir0NLusUJxQJq8CEeYSpERUyV68anWEoj0iU9Q1zfYKOhYS6WrBkGRYfxlRe6gW0oGY=w1200-h800-k-no
WISATA PANTAI BULOKKONG,"Q878+QFW, Bua, Kec. Tellu Limpoe, Kabupaten Sinjai, Sulawesi Selatan, Indonesia",Kabupaten Sinjai,Sulawesi Selatan,https://lh3.googleusercontent.com/gps-cs-s/APNQkAFoahkT8FrlmSFsDob4-EczZ3GIXa1HrFnJNO0PnnQ2qy9bFX-zIL373bdow_QolSub7oW_7MT-NA0mmGjswvdyqSRXXqm2kL_Fgn2RwA1zxC5-AtZI2jl2UTTHINnZ84OrK4Rv=w1200-h800-k-no
Air Terjun Ogomojolo,"FFWF+Q3X, desa ogomojolo, Palasa Lambori, Kec. Palasa, Kabupaten Parigi Moutong, Sulawesi Tengah 94476, Indonesia",Kabupaten Parigi Moutong,Sulawesi Tengah,https://lh3.googleusercontent.com/gps-cs-s/APNQkAE2vvElBcGJpf2WIGKmC3SlfY_hQ3uhW8Nx8cvJ0efGvXCMzIZnU9ok2CSAnLUZzYBEmVyd3WJlnxoDG1ygAhcHKDKcQ2qXNyMUtxSm3BK2mYWq61BAswL0i36RE45WRBqIhS6i=w1200-h800-k-no
Bulili Park,"3WC3+2PV, Birobuli Sel., Kec. Palu Sel., Kota Palu, Sulawesi Tengah 94111, Indonesia",Kota Palu,Sulawesi Tengah,https://lh3.googleusercontent.com/gps-cs-s/APNQkAG3ebusJi3bgl_SRnJiWXb6ZmVyEvMwMCMeuzMvusxmZQk_VbvQKtV8N-nidoFiGv4exTnE3R3NqLZgv1eLs4QAypO3H8YEABZKh2EYEqfrcoxkMmqZ-oJ2vtSlx6GbVNyZhWWP=w1200-h800-k-no
Pantai Songkur AMURANG,"5FPG+8VC, Unnamed Road, Tawaang, Kec. Tenga, Kabupaten Minahasa Selatan, Sulawesi Utara, Indonesia",Kabupaten Minahasa Selatan,Sulawesi Utara,https://lh3.googleusercontent.com/gps-cs-s/APNQkAHDWD6M7R47YhB8L8OubNVguFPA4zjuSHWQ41rgXvURgu4gYOeGHsOUBrw_U0G4lMDxt9TjT9-oF8EDe8scMQH5fItzI1uvBPHNSZgi6MtPCP-0676wHmmGGMe3jUhdgyP0ddYN=w1200-h800-k-no
Masjid Tua Tosora,"V4H9+P9H, Tosora, Kec. Majauleng, Kabupaten Wajo, Sulawesi Selatan 90991, Indonesia",Kabupaten Wajo,Sulawesi Selatan,https://lh3.googleusercontent.com/gps-cs-s/APNQkAFrp_NHJQTrNMn5D2C_swFecH-49L6iJTeL_CdRk0OIhvSNejAqRYaT6qC57bJBcY6LLoLgEKWubtUi0MTMOfcEvgSpV5rOf7L_WkW6A3PlfA0o6HbbU8z1UxrilfOWcEjdS6jquQ=w1200-h800-k-no
Pantai Sunrise,"Makalisung, Kecamatan Kombi, Kabupaten Minahasa, Sulawesi Utara, Indonesia",Kabupaten Minahasa,Sulawesi Utara,https://lh3.googleusercontent.com/gps-cs-s/APNQkAHSSj6TAFmF7DrGtUG1rD_pPb3wp5yiUWfYKlknFJX2iJeV0MymO5JGl26v5UYzrAVxSfcH4nHE8paNlxjEQAPupkIXw3c4gr8HuqUWFzb9IG4y1OCO2lUyW0hLTRiFmlZp3KyWrg=w1200-h800-k-no
Anggalo Beach Waworaha,"3HXG+VF, Waworaha, Kabupaten Konawe",Kabupaten Konawe,Sulawesi Tenggara,https://lh3.googleusercontent.com/gps-cs-s/APNQkAF4mWKSDPmbWEYmPaNoOGQhhmJAA7-Ka-5u1N_wRtVih4oZCMhh_74FVbbSpDrB1uNFeBoeMsk8OzwmWQvIEXSEnHgdXFrq9ZkxEdsua9kxqvgDjXiDzq-1L2QTEK1qWx85fNBNcg=w1200-h800-k-no
Gua Laumehe,"JFG8+8GQ, Wantopi, Mawasangka Tim., Kabupaten Buton, Sulawesi Tenggara, Indonesia",Kabupaten Buton,Sulawesi Tenggara,https://lh3.googleusercontent.com/gps-cs-s/APNQkAHZdCvqLIRXUMeTQ8Vnxpjpf0r3fDpATWX-thHjrtwfXXJCvX8jwQ55DhjIvsoW0gJDBbacA70FvcnA_MUVvkT8TKP-7KblddbrGzjqC9Pmvr0AgXrT2BRwrDZ8SOs-sXdchaRR0HjtgeOU=w1200-h800-k-no
Pantai ROR,"Unnamed Road, 3XF9+9H9, Bukit Tinggi, Kec. Kakas, Kabupaten Minahasa, Sulawesi Utara, Indonesia",Kabupaten Minahasa,Sulawesi Utara,https://lh3.googleusercontent.com/gps-cs-s/APNQkAEqcJgl-rioVc6yhe_ab_if0fJrixlzWK2tuEI5WuCtaLH2UMr3wfEwPif2lUEq_FAbWpB6Es_pNXoph9gu6q_iozdKmo5fLZl0rkdJqXeFr_4EvzbCei2xmwI_lzmZwQklPz4p=w1200-h800-k-no
Taman Likuifaksi,"Jl. Bumi Beringin, Lolu, Kabupaten Sigi",Kabupaten Sigi,Sulawesi Tengah,https://lh3.googleusercontent.com/gps-cs-s/APNQkAErjvwmyukcfeBXLFoVquw4LPP_nmkrH-RYORcPGM1epd_VMxRSPV7VNSNlAGbvAjrGkS_dwnjQXq2UwVt8Ed7cpuELyNXrJ6YwvyPwA5Sz5jJZfipBfq6SLYJafe8KM9NYlcLDjg=w1200-h800-k-no
puncak padel,"85X9+9CF, Pattimpa, Kec. Ponre, Kabupaten Bone, Sulawesi Selatan 92765, Indonesia",Kabupaten Bone,Sulawesi Selatan,https://lh3.googleusercontent.com/gps-cs-s/APNQkAG8swux5HpOvgNpX2ME6I0HKEXCQGKgQq3eg_RM6SubDCZCFcDFTcjNg9hVxRdP4h79kwWTGDXEQNh7XmxNLY-8rUnfiaekwNAVAytcAV3zdVM20p2aRH_Ym6h1jX6GXytEJnDe=w1200-h800-k-no
Teluk Ceri,"3MM8+47F, Toronipa, Kabupaten Konawe",Kabupaten Konawe,Sulawesi Tenggara,https://lh3.googleusercontent.com/gps-cs-s/APNQkAF1wLLsGnh0je6F1LI7bg5XF8G0SQCWfkaijsIRsohqjbyqwxpq1DqwKHjePj2jqa-2cl_BI0Xe_vhnsPsjs9h2VXO0ZMM-1hHGgTai_aRqO-LQIyz07-JT4fw8D0QdypXUMCg9DVg0b4aC=w1200-h800-k-no
Kreasi Bahari Toronipa,"4M36+FP9, Jl. Pantai, Toronipa, Soropia, Kabupaten Konawe, Sulawesi Tenggara 93351, Indonesia",Kabupaten Konawe,Sulawesi Tenggara,https://lh3.googleusercontent.com/gps-cs-s/APNQkAH-tjQumHVZAcAf3R465gdC85HvsLEdThUOFEofvCw_fzX8L2GmFAY2yWVIIa5m3lQ1kF_QI6KslnYTjLA0f_5deN7wQ3FPHFC-r1TpL3X2zRzoNU18xzlbmkxBZE3RlUhvCggb=w1200-h800-k-no
Bulu Torompupu,"Bulu Torompupu, Salua, Kec. Kulawi, Kabupaten Sigi, Sulawesi Tengah, Indonesia",Kabupaten Sigi,Sulawesi Tengah,https://lh3.googleusercontent.com/gps-cs-s/APNQkAEW010iN4wYPdWn0x8tzMCjUz6Xx04mnVR352zLWTITMOqzEKUyqPBixi-dc-UEJO88XJ148C-gYPMee-UiND688RlLYIyBN9euQtwKue1_ez_WRBNIyKF4vQlubAGVcxM9Lfmq=w1200-h800-k-no
Rumah Adat Sinjai,"RC46+QW4, Jl. Daeng Tata III, Benteng Somba Opu, Kec. Barombong, Kota Makassar, Sulawesi Selatan 90225, Indonesia",Kota Makassar,Sulawesi Selatan,https://lh3.googleusercontent.com/gps-cs-s/APNQkAHVhtT0tmh6G96dTf1TLrXLa86a2u2m8Bi6m3yVP0hEICUmH9jeh2hobnWuzYl0FJ59A1gXLzIt60yl2_YOAhkVijlWyvQyYoxwHxpIG9TZDrFSBzUi7Bv2Nn_Mq27s1mPIp57i0g=w1200-h800-k-no
Danau cinta tonasa1,"3JVV+X94, Balocci Baru, Kec. Balocci, Kabupaten Pangkajene Dan Kepulauan, Sulawesi Selatan 90661, Indonesia",Kabupaten Pangkajene Dan Kepulauan,Sulawesi Selatan,https://lh3.googleusercontent.com/gps-cs-s/APNQkAFZVmIvdt6Dite8MjMlnSKIYikfgwOAMKd071-wGERWA2_RYZrRIpO1RA3Dj_HQ9UsQs1ccLyQq8Q6Fm7KGDJtQEzCSWpBaZuz0SGWUu8Kvqjp2i3w9h-Vp3TZZJgVO6KqXiJY=w1200-h800-k-no
Air Terjun Mengkendek,"RX94+MW9, Simbuang, Kec. Mengkendek, Kabupaten Tana Toraja, Sulawesi Selatan 91881, Indonesia",Kabupaten Tana Toraja,Sulawesi Selatan,https://lh3.googleusercontent.com/gps-cs-s/APNQkAE9MzRmCOIw2O_g0rWu9-W_ldstDcWNYDbQDlpFXEXyLfYfoJi6a9iVcctdspW2Ob2Gk_t13dOA3AZ99L_pY1h7AJAYT4tlJkGwTHiq6KGOf5MUxjS7PKOQXyiboFiZh9mDZb8B=w1200-h800-k-no
Pantai Batu Buaya,"F4JX+86J, Keramat, Kec. Mananggu, Kabupaten Boalemo, Gorontalo, Indonesia",Kabupaten Boalemo,Gorontalo,https://lh3.googleusercontent.com/gps-cs-s/APNQkAGTvnaPPuw3gHp0e5Wjz39tB1rtILbhxqZkZuGeHExZ4dWxMOiMouCq6Sw19SRne3JOM4zwi9C3jkml4gVrSTEK9_ay4yyiULCXLHgdF22nrPXFBYoBjxftxJlkLS_75ihVvuk=w1200-h800-k-no
Pantai Batu Oge,"P8G3+HGC, Batu Oge, Pedongga, Kab. Pasangkayu, Sulawesi Barat 91571, Indonesia",Kabupaten Pasangkayu,Sulawesi Barat,https://lh3.googleusercontent.com/gps-cs-s/APNQkAFaIyfxKs1XXzVu_ilrNU2dIvoRuxeSWhTuiKz-dE3rEoxjq_FUBUJ8TdnOeolR-U5mqx1faHWlaMqrNqCi9WKth-iAI1wDIwEAdJQjUsK-G7mOYpmkUaj6GA5inGat_ZiKhOk=w1200-h800-k-no
Air Terjun Lewaja,"CR85+5RX, Lewaja, Kec. Enrekang, Kabupaten Enrekang, Sulawesi Selatan 91712, Indonesia",Kabupaten Enrekang,Sulawesi Selatan,https://lh3.googleusercontent.com/gps-cs-s/APNQkAF3aj1SyA6w7KxSwD6yYwrJhlwlNA_mH6Gf3QECYDI7jaUE2F6CQN5KZia__e7l-tmu_6TVxTCfoRWe4flQGGCFTZv7cNBzeLNGgfTdzABfYgKxPT5mqThV6AipeaATvC-oVf69lg=w1200-h800-k-no
Tamalaté Paleis van het Gowa Sultanaat - Istana Tamalate,"Istana Tamalate, Sungguminasa, Kec. Somba Opu, Kabupaten Gowa, Sulawesi Selatan 92111, Indonesia",Kabupaten Gowa,Sulawesi Selatan,https://lh3.googleusercontent.com/gps-cs-s/APNQkAEYnzMBJoqmrx7NhrMioghQtCGwKp3D4OwOKRPRQamjUlQgB8yF4MARZrHUZsDAqI2VCsrni8hEJEg81XUBoVOpmR4salVKiLBhyJj_oS5RvCCyVF6hekPDOHQywwNYZCY4axZM0g=w1200-h800-k-no
Pantai Galumbaya,"Galumbaya, H92M+HPW, Ujung Baji, Kec. Sanrobone, Kabupaten Takalar, Sulawesi Selatan 92231, Indonesia",Kabupaten Takalar,Sulawesi Selatan,https://lh3.googleusercontent.com/gps-cs-s/APNQkAFEs1hWSHzEnM5dhJq8kkXwoOnrRsCKXnPX_dmEp7CEIwibk6XdTOidwNl_y_5REZwGDTCp72IJWZBEPHeq1pVmE5u2RVSbf_q1WRuZvcjmCr6CnGK6XyD2WxLoa6rwoXD8wK2WsA=w1200-h800-k-no
Pantai Nalera,"9357+J35, Jl. Trans Sulawesi, Marantale, Kec. Siniu, Kabupaten Parigi Moutong, Sulawesi Tengah 94474, Indonesia",Kabupaten Parigi Moutong,Sulawesi Tengah,https://lh3.googleusercontent.com/gps-cs-s/APNQkAE-P_Yb2sNecmNXGHbJqHzpUAcC0hs4sQSXbrMBbbnDCtOYIRepmZ3I2SN7d0z0M8zpX7fSuCsORgdg_dAUkjKQOBGdvB5Eq2i0c-hEOsXpo28dA6ri8z7qUCa-bwR0Ppt8KCUY=w1200-h800-k-no
Pantai Sicini,"QJ48+QC7, Bontoparang, Kec. Parangloe, Kabupaten Gowa, Sulawesi Selatan 92173, Indonesia",Kabupaten Gowa,Sulawesi Selatan,https://lh3.googleusercontent.com/gps-cs-s/APNQkAFTMV9Trry8iFZ6mG_fTSi78MuxIjRGYxtTb9bBNZm2S-Cl_7EfP0eaA6QVPxwfN8O34AjjxT4KimKO6rJfCX8KLlNxDwP2bAmMqR2d4bkyq--gbiuCHVExxLsDUBv4-xKQAOo=w1200-h800-k-no
Mooi Lake,"HX58+4W6, Huntu, Kec. Batudaa, Kabupaten Gorontalo, Gorontalo, Indonesia",Kabupaten Gorontalo,Gorontalo,https://lh3.googleusercontent.com/gps-cs-s/APNQkAH_t9I0r4QP2GrGihyCmu7IYdm29kjqUi58Bg38W1PglqVNLw6V_fq5WhUDKIWy_ymMBslsbXn18_N9dadAoXvkL1pAX797V-p-SrCzYv9jJRBaPHgwI_zDc0jK8O0aDvXL0Y0=w1200-h800-k-no
Pantai Salopi,"Selat, Kota Makassar, Sulawesi Selatan, Indonesia",Kabupaten Pinrang,Sulawesi Selatan,https://lh3.googleusercontent.com/gps-cs-s/APNQkAH7QfPqrFiUpTmxEND5nZXl5HwxvHdqnXq0xeDrAoC75PcHsbraGlqhF4uQIQHZ_iSAKwlE1v059qrXYGSL56V6tzzfzrPUdf9YZPIbwE76MPLAsMkIZwSac9EokyU26TWyMSy9=w1200-h800-k-no
Pantai karampuang,"Pantai karampuang, P89M+F49, Pattongko, Kec. Sinjai Tim., Kabupaten Sinjai, Sulawesi Selatan, Indonesia",Kabupaten Sinjai,Sulawesi Selatan,https://streetviewpixels-pa.googleapis.com/?cb_client\u003dmaps_sv.tactile
Dermaga Bone,"Jl. Bone Bawah, Desa Malalanda, 557C+3H9, Kec. Kulisusu, Kabupaten Buton Utara, Sulawesi Tenggara 93672, Indonesia",Kabupaten Buton Utara,Sulawesi Tenggara,https://lh3.googleusercontent.com/gps-cs-s/APNQkAGmLkSydYD39mdTe1Uw6FqC8T5pWgj2KA9HtXMlhQvJpPacKhecqFEdYpVhfSjCbd5tfck_72YtrUbPxVC0p_Oa6ocSBSi2ejNJ1wImQUqxjy1iGmt7UNWwoalEqcqQg4gQXIE=w1200-h800-k-no
Pulau Hoga,"Pulau Hoga, Ambeua Raya, Kec. Kaledupa, Kabupaten Wakatobi, Sulawesi Tenggara, Indonesia",Kabupaten Wakatobi,Sulawesi Tenggara,https://lh3.googleusercontent.com/gps-cs-s/APNQkAFfvbaO5MW8xVGc0g1tH-0zoa7WD3LCimIuVJJwvDbTIqDEXZmc4baiTVjQ5l4dl9m-QDkX-WKIYBrrqbrEfLgUXyHFLeFkenSwFI3eOD71wUBK6n3oEi7k5rhrjF6hFxViF6aneA=w1200-h800-k-no
Wisata Alam Wai Batu,"HCQ3+VPW, Batetangnga, Kec. Binuang, Kabupaten Polewali Mandar, Sulawesi Barat 91312, Indonesia",Kabupaten Polewali Mandar,Sulawesi Barat,https://lh3.googleusercontent.com/gps-cs-s/APNQkAGIw5-mIjCqIolmVQecfbCu4LY813m_cePwpooX_NFNaDkkVhWvLVyW8eWgYhhvW40IuX2vlpH_hmMrVLjgajfBMMOoV1Dz57HwMr0slODs7RAQKQ6DRXPZzBEh-egaBGe_z79n=w1200-h800-k-no
Penjara Tua Kema,"938G+28G, Kema Dua, Kec. Kema, Kabupaten Minahasa Utara, Sulawesi Utara, Indonesia",Kabupaten Minahasa Utara,Sulawesi Utara,https://lh3.googleusercontent.com/gps-cs-s/APNQkAEaP0N9q3ifvi7CYWPgUP4NMs0wPSHXuTHs63HLd-pSctPWE6ZCcN4j_1oaoBC5DCH7nh74PlQnN-u5eUNnyba716iH-JOjindcvS6yjgR_A32gG9Dfk6eeteqNWJw4OatLo3qYIbCmyMwu=w1200-h800-k-no
Miniatur MONUMEN LAPRIS,"HC9Q+JCR, Jl. Kemakmuran, Kalabbirang, Kec. Pattallassang, Kabupaten Takalar, Sulawesi Selatan 92461, Indonesia",Kabupaten Takalar,Sulawesi Selatan,https://lh3.googleusercontent.com/gps-cs-s/APNQkAFs4Wg5jFjKSLvoRa5GZvDOMyxRvPSrHh4OGb-wwKSy4fCU5F5dRFxglXk-HycLmVhVuAHDvPTvbp17KzvSzocK7IcuoHyPJZrPbW1cKHwrVU0hMz5jPPE0iESFkjusgqV1bURhbQ=w1200-h800-k-no
Masjid Bukit Nirwana Permai 1.Moncongloe Lappara,"RGQ4+Q65, Jl. Ayah Syekh Yusuf Perumahaan bukit nirwana 1, Moncongloe Lappara, Kec. Moncong Loe, Kabupaten Maros, Sulawesi Selatan 90562, Indonesia",Kabupaten Maros,Sulawesi Selatan,https://lh3.googleusercontent.com/gps-cs-s/APNQkAEwc4sv3X3QsMXEUEPi6nYrrB3EN5KXpG7XuEylwPlTGIj9x5WzeUw8qMQkw88wAhKJsVKQQZnNE5eLxDZJ2HlU4MwXtV8msGGwI2UeHlYTZHU9E2BByZqJSIy_Nj3pezdcSda2=w1200-h800-k-no
Wisata Goa Kotaeono,"MJVV+74Q, Desa, Dusun Uncume, Rahia, Kec. Gu, Kabupaten Buton Tengah, Sulawesi Tenggara, Indonesia",Kabupaten Buton Tengah,Sulawesi Tenggara,https://lh3.googleusercontent.com/gps-cs-s/APNQkAF1I8kC_SeJnF_foN_vuXI2_6VLhdvGcAXSz8yV-erVW50gU9hFnMxEeGb-H4S0WP_Vw-WvGtq13p0s4C9X7hdxQO4ijBK_7JqN5Lrzb3mLbg024wCkINsJdLKCaFxdEz04E0Jpuw=w1200-h800-k-no
Air Terjun Bantimurung,"Air Terjun Bantimurung, Jenetaesa, Kec. Simbang, Kabupaten Maros, Sulawesi Selatan, Indonesia",Kabupaten Maros,Sulawesi Selatan,https://lh3.googleusercontent.com/gps-cs-s/APNQkAEm7rAMOfj4NNSjLfOQCHpVXi-MNPwfqamh0IvvtRMXh4sRgzax1fUU67cjCFda5_Fl1L0V1maRDp1xYE7vqnMJFt9_5p7f2xO_w9BLUklA_GK7L7sE6r6RC7F_A2vHnza-aN-a=w1200-h800-k-no
BANYU ANGET SWIMMINGPOOL,"Matali, Kec. Kotamobagu Tim., Kota Kotamobagu, Sulawesi Utara, Indonesia",Kota Kotamobagu,Sulawesi Utara,https://lh3.googleusercontent.com/gps-cs-s/APNQkAFVvIn0M2r7mJuYT-mkycVCog99SLdt-od2vb5dDVziSshE51dlPfxUAH65I0X59Pd_tH5NDwP19DGUQtDbxFPH_IqhGxwqdfa7sftLwRjHFJnWKM5WPCpSFY30iSogBtHxAhc=w1200-h800-k-no
Wisata Bone Pompon,"QC82+328, Lalong, Kec. Tinangkung Utara, Kabupaten Banggai Kepulauan, Sulawesi Tengah, Indonesia",Kabupaten Banggai Kepulauan,Sulawesi Tengah,https://lh3.googleusercontent.com/gps-cs-s/APNQkAF-HEUMWPaaMRaaeqvb02Dzv2QV4WiRWNAwjA0aTuVkFJbnU448_Wv16QEdlQJdof_i9Jh2i_0MKDzYDvD3HVxsqfqoWhwyvS0UWVEoY-56WCMEq9xHyruFsE9yGNRTcFrfwY8z1Q=w1200-h800-k-no
BUMDes TORJA,"FCJR+43X, Torosiaje Jaya, Popayato, Kabupaten Pohuwato, Gorontalo 96467, Indonesia",Kabupaten Pohuwato,Gorontalo,https://lh3.googleusercontent.com/gps-cs-s/APNQkAEMiq_oSIivM0V3vaGihRVBUR1QPyMMYbiX5havD8Fh_PZ0Ti39xE1KR6fomAn-J2KmADVPUDcBCHU51KNVL9Qblv9LwJq14Vd1QlAUmI_AFv2rcUJa_RTJEPVnGgQTnO4MplUk=w1200-h800-k-no
Gunung Awu,"Gn. Awu, Utaurano, Kec. Tabukan Utara, Kabupaten Kepulauan Sangihe, Sulawesi Utara, Indonesia",Kabupaten Kepulauan Sangihe,Sulawesi Utara,https://lh3.googleusercontent.com/gps-cs-s/APNQkAE23vnd4F45mG6rqlp05QiSfVd6oRGMn6kj1-1oH9CRXaVIsDYxiyqYO5DlHdG41XmHiZr_8k5ICsEt1QDP-uK4mlA8ZY346hPhoBelOQzDTNkLG0Enk__JtJ0c-w4D1bWfb6cr=w1200-h800-k-no
Pantai Monosan,"CHX6+MH3, Kendek, Banggai Utara, Kab. Banggai Laut, Sulawesi Tengah 94891, Indonesia",Kabupaten Banggai Laut,Sulawesi Tengah,https://lh3.googleusercontent.com/gps-cs-s/APNQkAECxD61dKXk3R-HO6rcXppEoeul5ob8m9TjykmbDJGWRJi1j6xLAs1S576WoRKshG6YXFiFQwbVERNfltQm5MYIWZmJ2t07bBVEgWL5xBW16wfR3IURlpEhBciH_1Gs--n3MbY7=w1200-h800-k-no
Pantai Cappa Ujung,"Pantai Cappa Ujung, Pattiro Sompe, Kec. Sibulue, Kabupaten Bone, Sulawesi Selatan, Indonesia",Kabupaten Bone,Sulawesi Selatan,https://lh3.googleusercontent.com/gps-cs-s/APNQkAFkJUAttXG_TZG41gBEm-CvqRayN9uP1jOdvzUIQUgUn0UYHTvtRudKub5UxJfgCnKuSRlFTXzo3jE5eCvS_eDr4x5LAt9AY16dc8AbwQITIRmLjgMjZcCLxpNxfSuGxBxOItAP6Q=w1200-h800-k-no
Wisata Pantai Botudidingga,"VWQM+3CQ, Dambalo, Kec. Tomilito Kab, Kabupaten Gorontalo Utara, Indonesia",Kabupaten Gorontalo Utara,Gorontalo,https://lh3.googleusercontent.com/gps-cs-s/APNQkAHs-F_Uh_RxVRzCff1-_Q8ts2c_T9CwKOvDZ-ZBDb_sIYdHBy-2wz105CUc9S6UzkTc3-TaOSAS8tErYTFwUQNnsgffTJgeyfo_IwqD3Ap-R1c6vuKf0dJkXK07FzlcTTSd3Qg=w1200-h800-k-no
"Air Terjun Kalata, Buton","JXFM+XGV, Walompo, Kec. Siontapina, Kabupaten Buton, Sulawesi Tenggara 93756, Indonesia",Kabupaten Buton,Sulawesi Tenggara,https://lh3.googleusercontent.com/gps-cs-s/APNQkAHqH3i5CuqLArg2wufYYJlQ2x8MmU0mee-NRxvPJmkyAYT5DXT0oe7MX90zNljxZ4CPHvSENhFMhDb504_iNaap81dPTgwda6ZC9J3Q-jQrV_Mw-jZxRQhZTplgpVty1tHVn7A=w1200-h800-k-no
Wisata Gunung Layang,"G3G3+2G9, Siendeng, Kec. Hulonthalangi, Kota Gorontalo, Gorontalo 96133, Indonesia",Kota Gorontalo,Gorontalo,https://lh3.googleusercontent.com/gps-cs-s/APNQkAF7Qiwxxklim8Hb1Vn7-YEQdPVLXrHKfaIexcsxG2QOEdIC0-kM_PGd5BIyhVjL7HV_3XQrBEu8B8wBS47lJkEPx-ur5CflmI1Q9b2yknGRbG9imFsYEIp9GcQE_2MTmBwTbi0=w1200-h800-k-no
Argawana camp,"42QJ+4H, Puunaaha, Kec. Unaaha, Kabupaten Konawe, Sulawesi Tenggara, Indonesia",Kabupaten Konawe,Sulawesi Tenggara,https://lh3.googleusercontent.com/gps-cs-s/APNQkAGt2gP2weI803KwOD_lGO4UEEBCK94d_XKIko3ErtmOekf9ZsYZFzFHKPO1iIEc7qdvBRXHZPyR3r4VjpNun2Ckp06UfBQ7bJ7pSs5HeaolWYGqfjyGMG3T-Z_Uas5UsmUPpts1=w1200-h800-k-no
Wisata Air Terjun Matube desa lampa,"Lampa, Kec. Banggai, Kabupaten Banggai Kepulauan, Sulawesi Tengah 94891, Indonesia",Kabupaten Banggai Laut,Sulawesi Tengah,https://lh3.googleusercontent.com/gps-cs-s/APNQkAFrCv_6bVemjUNywGJ4RpnStQEkk8BYruzc7RmNOgNjBOe6Koy5O1Ny3cj2k2TR_u3PCiSpzqeJXi2h0e4w5rVaxymFXuEWWe1PJiFycnRl1M_BufQF9-EGohgU_U6phb1_nIdpu03c4jg=w1200-h800-k-no
Papalimba Water Tourism Lapulu,"2H9H+5Q2, Lapulu, Kec. Abeli, Kota Kendari, Sulawesi Tenggara, Indonesia",Kota Kendari,Sulawesi Tenggara,https://lh3.googleusercontent.com/gps-cs-s/APNQkAFik4Bvffa1gPH_5yBvqgvL7aBK_zY51H9wfC8NsFjPU9Hw29AEXECCD8Rh4xu6E5kIJ_l--hRpqq5xcnt9s-7oAwyxJhMfsztwykW_twnM_r78-kq2c8kMqla7BytWYbtobvnB=w1200-h800-k-no
Pantai Wisata Labuang,"F4M6+WQ5, Laliko, Kec. Campalagian, Kabupaten Polewali Mandar, Sulawesi Barat, Indonesia",Kabupaten Polewali Mandar,Sulawesi Barat,https://lh3.googleusercontent.com/gps-cs-s/APNQkAGd_Zr5ocoSy385NKxz2-H3fUP3L9TEa6XwxqpE6KreL-wpd6NS4T_5mSRyUmnhxrpE9np7p3IQQjGisMfay-BFpFMOM1jJ3q5Y_pK7PJWrAMAV6tedo9AyUzHyju3cZqN1-20Z=w1200-h800-k-no
Kampung pelangi,"XJWR+GW5, Tondonggeu, Kec. Abeli, Kota Kendari, Sulawesi Tenggara, Indonesia",Kota Kendari,Sulawesi Tenggara,https://lh3.googleusercontent.com/gps-cs-s/APNQkAHT5RUNHCbkxu1GFLPaL-8Ww0KLiUEc0d2bkdoHj-PejmWs_qQVD9sKweBg2FE2GoxPUeOTs-7OassFSl581-JbknWOYyuXpk9aBotNHGi9BDK6WCAI_dLL7Qu2rFfloRBMBxfW0w=w1200-h800-k-no
Pantai Ujung Indah,"Pantai Ujung Indah, Cilellang, Kec. Mallusetasi, Kabupaten Barru, Sulawesi Selatan 90753, Indonesia",Kabupaten Barru,Sulawesi Selatan,https://lh3.googleusercontent.com/gps-cs-s/APNQkAEkYnX1CCbFUOT02FqcWjoa9YH-2hgP2E9xOLHfTBDYh5mV2ZWqOWPypePlGiMUwhpUVthrG2EA4E-OC7QEimgBnSzlct14j6ie0zcJLXpgcXlHWkgeXkTXU9o_t8GCuNW9XnRHMQ=w1200-h800-k-no
"Pantai Tanjung Pero, Ujunge","Unnamed Road, 28J2+4XF, Ujunge, Kec. Tonra, Kabupaten Bone, Sulawesi Selatan, Indonesia",Kabupaten Bone,Sulawesi Selatan,https://lh3.googleusercontent.com/gps-cs-s/APNQkAEWMGx7OCGo36EeN6TXkuOJGANPqRi2uTsqUKQPoXSCybtI0sw-Amxmyp3xELSGoOliLAzVuWvjuudoV9sZ1nCcYvzhfFELwKcKMecgQ4uoBiSBH5l-iuJmANlFJwCxVE6D9Rv4vA=w1200-h800-k-no
Wisata Kuliner Sondana,"92G5+34Q, Unnamed Road, Tolondadu II",Kabupaten Bolaang Mongondow Selatan,Sulawesi Utara,https://lh3.googleusercontent.com/gps-cs-s/APNQkAFOkhSG7Tz3454hsOqHadNOqSpvyt6hDscjjwJ_pRU7_O5QzPWZ4yVgCpo4y_IhNZFumDyBqbFPRAl1Hyxd0MC-e9txHrksczkd19yLfxDezPBJiHoBZQFoE2NR8ugAYWnmHMha=w1200-h800-k-no
WISATA TAMAN CIBUTU,"H46M+4F5, Butu, Kabupaten Bone Bolango",Kabupaten Bone Bolango,Gorontalo,https://lh3.googleusercontent.com/gps-cs-s/APNQkAFwVw_VUlx23iwDiLs66wvRKBb4Ke68w-mr07EACKShuKNAxBd460BtjlZDlY1w3AdDHbPCGeldFXX8MgMiELyYJGf-6v46F-EB6iCzK7XAJpTlkTUhcXaT6SEIjMHAgf8eALRiy50_HceE=w1200-h800-k-no
Pantai Kappe,"Pantai Kappe, Data, Kec. Duampanua, Kabupaten Pinrang, Sulawesi Selatan 91253, Indonesia",Kabupaten Pinrang,Sulawesi Selatan,https://lh3.googleusercontent.com/gps-cs-s/APNQkAHIKIVU1voIjs_iBfpD3nwA50g9AlRXMb9FT_Bp1BUnaPmbnmzTToxPVL0p7hst__4seoCUZhoFdkM1Uj34DWJpSGRLSK3k9VwYu9x2AgPN7uNTHPxY5W95yP7DP_ko_M2SCGoV=w1200-h800-k-no
Kuntung Tampusu,"Kuntung Tampusu, Tataaran Patar, Kec. Tondano Sel., Kabupaten Minahasa, Sulawesi Utara, Indonesia",Kabupaten Minahasa,Sulawesi Utara,https://lh3.googleusercontent.com/gps-cs-s/APNQkAFmzAW0wGHpsYKvKYdWyQxDOJlouRLSKQFDBftmCphqNGiTmhDymOYVGq5pDR5qNfQ74S8V-6no4ioKJKCWj01GzlzUA4-AFkJfS8RZgenCxDgdaX8O0hYEI9Le8AXn02b-_fIe=w1200-h800-k-no
Gunung Mahawu,"9V36+8WX, Kakaskasen Satu, Kec. Tomohon Utara, Kota Tomohon, Sulawesi Utara, Indonesia",Kota Tomohon,Sulawesi Utara,https://lh3.googleusercontent.com/gps-cs-s/APNQkAFnEOdgVudYYuelJsFGsFoXSk5cY3AKByzmZq3jnWwPP6jJl-SURBpwbvR812QEq9vfMvR03w8fLlJ0ZBF7eT2UzNiuOYaNndItkKGK8jF4cg41eg1QXxOu3C_NDXOixVkbHvQW=w1200-h800-k-no
Masjid Nurul Azizil Hakim,"CWPV+52Q, Jl. Rangas, Totoli, Kec. Banggae, Kabupaten Majene, Sulawesi Barat 91415, Indonesia",Kabupaten Majene,Sulawesi Barat,https://lh3.googleusercontent.com/gps-cs-s/APNQkAFLLkqfxGy2WPU-rKZH3woUyOVfF1WM1yho-M2dRTvP7YWPIi6aIWi2OEgj3H0GBJOCYXQOvjmj6-ZopvJF6XVujlyLfJapdzkzeoueq1e_tD32GM99aIYAJZHD6S-sooQDrnWY=w1200-h800-k-no
WISATA DANAU MOAT,"Moat, Kec. Modayag, Kabupaten Bolaang Mongondow Timur, Sulawesi Utara, Indonesia",Kabupaten Bolaang Mongondow Timur,Sulawesi Utara,https://lh3.googleusercontent.com/gps-cs-s/APNQkAEyNjI-FJ71f-P5QNrFdh3tns0QVWQrIojtBJP90HMe0UapRTCTzLV0b98MwYPIxukoXvZnaNWRUCw9UIIImS21A05UUCKa_HCXFBmxEP3fqmq21kNGKasK00otEf8HGRjtMzmT=w1200-h800-k-no
Danau Sanusi,"WHMR+PV9, Jl. Garuda, Damai, Kec. Tanralili, Kabupaten Maros, Sulawesi Selatan 90552, Indonesia",Kabupaten Maros,Sulawesi Selatan,https://lh3.googleusercontent.com/gps-cs-s/APNQkAG3lX58VY5QCIDxxWFRiyMhC2xBLCzbOYoX5oltqrQm7eTZ59aAiuB54UBu5B8dJI7_JhcX4TsI8zM5Aez-Z28NcobsjXjbbYuEm2mxO5d0oeZMcQKsMtl8xSPBzOmUpekgJ0M=w1200-h800-k-no
Cokopacu Rental Mobil & Motor,Jalan Pacuan Kuda No.25,Kabupaten Toraja Utara,Sulawesi Selatan,https://lh3.googleusercontent.com/gps-cs-s/APNQkAELbN4aL2cwliiYT2vq1T0uVHTwd61B99h9aHote1B-iIF1Ipp7PyrVx3PhQE-EJ_rgqHXCImBJ2AvBlaXrg0dVNfBIpRcYiJPowS0CwCf3Pq_fpaZwKhbA9YjED1mpR0pGxPioZw=w1200-h800-k-no
Permandian Boro- Boro,"W82W+FP9, Boro-Boro R, Kec. Ranomeeto, Kabupaten Konawe Selatan, Sulawesi Tenggara, Indonesia",Kabupaten Konawe Selatan,Sulawesi Tenggara,https://lh3.googleusercontent.com/gps-cs-s/APNQkAFutGc6CP__uVKanIZ5_LD2maz4HhlRWxEHjxfqi8wuRTWoPCUbwe3DLpVqsa8SpwOveWTZqp7orqKW-uDjSgjWJsyGNgqK5HSKEO1oekzmDVHCVbpmcncVH3mOP0IU-bdc0MvwQw=w1200-h800-k-no
Pantai Cimpu Selatan,"Pantai Cimpu Selatan, Cimpu, Kec. Suli, Kabupaten Luwu, Sulawesi Selatan 91994, Indonesia",Kabupaten Luwu,Sulawesi Selatan,https://lh3.googleusercontent.com/gps-cs-s/APNQkAGXmRFv6vOXtHZcABCnD6aROKEuBPIuGNC2FgBGqkq05hwCE3deEzeKG4zrg9Mx1jS8wsNedHTFJlpoV0SAGeysyllyqwlgb2swzeSFNou23D5j0TNl0brwWlt0ckS-qnLpaCI=w1200-h800-k-no
Pantai Pasir Putih Batu Putih,"Unnamed Road, Batu Putih, Kec. Kolono, Kabupaten Konawe Selatan, Sulawesi Tenggara, Indonesia",Kabupaten Konawe Selatan,Sulawesi Tenggara,https://lh3.googleusercontent.com/gps-cs-s/APNQkAFn0otlU7GiZuEzTVABS4R2bIjop_QsdvNE783aaAFs5y5-21HBlrJGru3TJ8LGyKG2QF3dgf8bOdDaw7SWyiBgVN-dVaiRsi6mbN424Mdl5m3YEyeRFa7UK4dtAeX5ol1wuwJVzg=w1200-h800-k-no
Kompleks Rumah Adat Labakkang,"6GGG+96X, Labakkang, Kec. Labakkang, Kabupaten Pangkajene Dan Kepulauan, Sulawesi Selatan 90651, Indonesia",Kabupaten Pangkajene Dan Kepulauan,Sulawesi Selatan,https://lh3.googleusercontent.com/gps-cs-s/APNQkAFL--AGQOQW5O7tEBMQQOst-gtPyx9_uu8MbSRmMlwwIGvoaI1J46X32KlvjR27HBCk9OabFERQV_yMIIIIyYIAMxQ4Z9W54CmXwzL3UZBkkZ4DxbKq8PesqWN61G0bpNeIPpEE=w1200-h800-k-no
Danau Tampusu,"Danau Tampusu, Pangolombian, Kec. Tomohon Sel., Kota Tomohon, Sulawesi Utara, Indonesia",Kota Tomohon,Sulawesi Utara,https://lh3.googleusercontent.com/gps-cs-s/APNQkAEjwjBF7EeS7JCpT4EiXdkbHvk6L5NzWghSVGbar2NGLFriBaT0fXFxSJdiWXXwCbEQXsTzhceLuTv2LrKshqXC0QLziJpmm0fREcSlIWCirA01mZTzQY6SiF0LU32zomrkNp_vFQ=w1200-h800-k-no
Darunu Mangrove Park,"Darunu, Jaga 6, Kabupaten Minahasa Utara, Sulawesi Utara 95376, Indonesia",Kabupaten Minahasa Utara,Sulawesi Utara,https://lh3.googleusercontent.com/gps-cs-s/APNQkAH03EhJTOCCKxTDgkMRHpNA_2x_9eUVabcau2vyEtyr5-PAJasaE9Uv-Ch81SheYcsH7Hc_hbSIfNYv2k9MND4SkDoUVHqPDgosIylDxpS2dTbmsxmnsnXvapqPQxWEEWv4xC_y=w1200-h800-k-no
Danau Sidenreng,"Danau Sidenreng, Sulawesi Selatan, Indonesia",Kabupaten Sidenreng Rappang,Sulawesi Selatan,https://lh3.googleusercontent.com/gps-cs-s/APNQkAF37ceVJMB03veMWqvE47z0fYP7ZN0c-sVIEpnkdTLp8ik3CO12kt3mfNSnzML0_IgvxkqaEGlZImEIaOrK7e_sF8zkgidKpGZycdeW2NasyXUWQXwO70RNUVWoz-eE1HC9RY8K=w1200-h800-k-no
Air Terjun Samparona,"FMV9+P5W, Lipumangau, Kec. Sampolawa, Kabupaten Buton, Sulawesi Tenggara 93725, Indonesia",Kabupaten Buton,Sulawesi Tenggara,https://lh3.googleusercontent.com/gps-cs-s/APNQkAEs98_aziM2xmjnZg0mp6JdfQnlufzVkVGUt2NFIg57RUpXkY4_2czpPyhvYkmp_sg0_Oe6O2SjEDrUMatXeakOLsaWyn9mgLOyJ6_dnuMiqI34RXYTpyNip5zspdzWae6a5DsKAiP1Z7Y=w1200-h800-k-no
Pantai Makakata,"Pantai Makakata, Sisipan, Batui, Banggai Regency, Central Sulawesi, Indonesia",Kabupaten Banggai,Sulawesi Tengah,https://lh3.googleusercontent.com/gps-cs-s/APNQkAHJo35_Sj5esadoBT0yiB_Yrj8kFvrmVNpWjX_r2-_lOIcaYBs5HpwsqANvVOYObfSRYUm0y7uIICqC-PbqQFqQyvsd-1iE0LEEdxOSLGfDvlG0KEmGAANWdXR4Skx56e_lXRen3g=w1200-h800-k-no
Pantai Mato,"Pantai Mato, Tinakin Laut, Kec. Banggai, Kabupaten Banggai Kepulauan, Sulawesi Tengah 94891, Indonesia",Kabupaten Banggai Laut,Sulawesi Tengah,https://lh3.googleusercontent.com/gps-cs-s/APNQkAFbJQanA_q_8NId2O2p-iD0AcHHp5JydC8thmGZnDaA9pXXOm4vnRJcFe7_7nfb0j9zHLz9YNKDag0u3w1NKqrlD3H1ndoaQRpmsy2rHQZKpBVWnjp2fWinF45kByaV1Ni9EdAF=w1200-h800-k-no
Permandian Ziling,"Salumanurung, Kec. Budong-Budong, Kabupaten Mamuju, Sulawesi Barat 91563, Indonesia",Kabupaten Mamuju,Sulawesi Barat,https://lh3.googleusercontent.com/gps-cs-s/APNQkAGl2pW6BjyBWZNlxD-0HCdKdtrMu7Ybh5uoDr9xBBMrV16pDlL8Zd14sUwQVxtOjDd6pxq8FuJrbeAKmnHbTvW66F-VCK2ylBKhGFqBKunDg1IvEr3RSIAkTUNsBCcahQfNKCo=w1200-h800-k-no
Pantai LOGPON,"Pantai LOGPON, Jl. Trans Sulawesi, Molantadu, Kec. Kwandang, Kabupaten Gorontalo Utara, Gorontalo 96252, Indonesia",Kabupaten Gorontalo Utara,Gorontalo,https://lh3.googleusercontent.com/gps-cs-s/APNQkAHFvMpuenMjezrFZEUdQWq-oyEhxM9HxqNMSel1otCFZDB0EMlZf7j2q-Tj5ZE4zMrTDvjNH_-6t2WGq5KHmBoCBpIV00cOBSZKHwoVmPwKehLRrfGeJIGjEqlAmEfUtLU_M-hUzw=w1200-h800-k-no
Wisata Bahari Resto Transmart Carrefour,"GV3X+9XJ, Kairagi Dua, Kec. Mapanget, Kota Manado, Sulawesi Utara, Indonesia",Kota Manado,Sulawesi Utara,https://lh3.googleusercontent.com/gps-cs-s/APNQkAF2uTeX1JyulUlIniiaRcs2scxJrza1qKKSDY1JV6zof_PlvUesLJQxD4YEsQvO-R2xZGMdGqRmVFUioO1MtHFKAf7RNjAlW30qHRdHKi6446wwrTIvIbNBWnJjxISHbX5NWSCw=w1200-h800-k-no
Pulau Sanrobengi,"M8GV+664 Gusung Sangrobengi, Boddia, Kec. Galesong, Kabupaten Takalar, Sulawesi Selatan, Indonesia",Kabupaten Takalar,Sulawesi Selatan,https://lh3.googleusercontent.com/gps-cs-s/APNQkAGPqfdVWLF6ixsyGA9VKqt0sTeurLDX_fDt0j2pb6Bftxz6MSY_k1i5izkBxDAG-amk-aZdi7f7hOnmgolgfK4ni2wY5FSUFM6ukGGvB8FR86oJE6soVXMZ4qpwwWpuv_mvjnXMUw=w1200-h800-k-no
Air Terjun Baruttungnge,"Sungai Apareng, P5Q6+W72, Sangianseri, Kec. Sinjai Sel., Kabupaten Sinjai, Sulawesi Selatan 92661, Indonesia",Kabupaten Sinjai,Sulawesi Selatan,https://lh3.googleusercontent.com/gps-cs-s/APNQkAF237kmdnrsFfMa0VPqA5JW1sX9EJ13-FL-uBzuYkRW9iLWUbLgP4Bqi7C3rXZefTXZLP91hRJXb5AirMJDjEAdC09trpMuzMZiOi3JU0a_vt0Rim05dTKNZCj7UN-UGmn7BJuCSw=w1200-h800-k-no
Gunung Batu Puulemo,"RPF4+5FJ, unamed road, Puulemo, Kec. Baula, Kabupaten Kolaka, Sulawesi Tenggara 93562, Indonesia",Kabupaten Kolaka,Sulawesi Tenggara,https://lh3.googleusercontent.com/gps-cs-s/APNQkAFMU87qrz1EsXh3RjTt9TsxCeQzqqS9cf1f0M7YkZtEoRZr53sYvt0MpEiToCTbghPXfY40PMZM0A6ZWhvOnWYAHgNFpi89D7Rwkpkgl6V5oz97svSGlKd9DVxqu0o36HOXWpDyMg=w1200-h800-k-no
Jangkar Raksasa Selayar,"RC9H+V5R, Bontosunggu, Kec. Bontoharu, Kab. Kepulauan Selayar, Sulawesi Selatan, Indonesia",Kabupaten Kepulauan Selayar,Sulawesi Selatan,https://lh3.googleusercontent.com/gps-cs-s/APNQkAFvaMloqOJxelhy0pW20NFkSMbGtDrDlTYl7kWl1NoyM8nKSQZ-FD1M9Jk6qVSg7V7zxttRU6b4ZldZV25ECjIhoOqUaD88ZOddWKmIT5p5gzdncAdauK2Qv7JN-v47_OBKXgyd=w1200-h800-k-no
Pemandian Air Panas Beteleme,"R7WC+2MJ, Beteleme, Kec. Lembo, Kabupaten Morowali Utara, Sulawesi Tengah 94966, Indonesia",Kabupaten Morowali Utara,Sulawesi Tengah,https://lh3.googleusercontent.com/gps-cs-s/APNQkAEL47aUQJjt10VPtUtHtN8-StSAb2zn3Ycrcsx6peeDRaR_vsWWPaTCLjU4f65ztOwHaF2HdbkgfCHuFXxYmLU7hoFXRJOCdwkjUvBWBI_nt2NvE2i7sdCq6q102YYrv7pJl2uKPw=w1200-h800-k-no
Permandian Kapontori,"QRMJ+M5F, Watumotobe, Kec. Kapontori, Kabupaten Buton, Sulawesi Tenggara 93755, Indonesia",Kabupaten Buton,Sulawesi Tenggara,https://lh3.googleusercontent.com/gps-cs-s/APNQkAGq0L2Ug-dc5oeSswTyjPL7GOr-b6LzBUPzaVRQ9Me1MvQs4epDYk1nzaV8O_lolJID1lYTJMXTfisT0ncpqjqDgQGQdFA5ri1VgcqssjV4jTIRvfpCzBpYEGYDs2IYntsNP_M=w1200-h800-k-no
Pantai Anita,"Ratatotok Tim., Kec. Ratatotok, Kabupaten Minahasa Tenggara, Sulawesi Utara 95997, Indonesia",Kabupaten Minahasa Tenggara,Sulawesi Utara,https://lh3.googleusercontent.com/gps-cs-s/APNQkAFTGAZlYYMrfVcuY69BpWG1Z_LXHB6cpWlnAQbuyIE7aHTQnYJSLaDYHlyDMXCwr2nF8SLYmyMMnpY84nAUk69m_YOIfWnmeCDjIoBb_gkJXoCNB_qXntzGiwju-nML0wd-KnKkLN0qs8A=w1200-h800-k-no
Waruga TOAR - LUMIMUUT Palamba,"3V5J+CJ7, Palamba, Kec. Langowan Sel., Kabupaten Minahasa, Sulawesi Utara 95997, Indonesia",Kabupaten Minahasa,Sulawesi Utara,https://lh3.googleusercontent.com/gps-cs-s/APNQkAHySZZgjEiFjYhxYe5sJDWtNAivivPwWIbLe4PET9WBtYA1m7PCoYLWI5roWItVucZmaC2UHWZm151vxTTkqmc-TEmHb63VzbE77rDNCU05JwxEyN-07q7DrPNUuU-6cMJO8UQ=w1200-h800-k-no
Sara Island,"WPV5+RJC, Lirung Satu, Lirung, Kabupaten Kepulauan Talaud, Sulawesi Utara, Indonesia",Kabupaten Kepulauan Talaud,Sulawesi Utara,https://lh3.googleusercontent.com/gps-cs-s/APNQkAE4i3HHPfFITC-ii_Nnvxm7Yg2BFAweYWX21wSk_9TU2QrcaBn66OgwEu69nsi9lhNgBlHsFbkNTDbm2h9qlfn4xfFHER2EZmRUVNv-xfxkDag27Dp5QCRY_hwwTE8eETyQi6k=w1200-h800-k-no
Pantai Mangket,"Pantai Mangket, Makalisung, Kema, North Minahasa Regency, North Sulawesi, Indonesia",Kabupaten Minahasa Utara,Sulawesi Utara,https://lh3.googleusercontent.com/gps-cs-s/APNQkAFE9R1yuTNjYfLynUQgy-ZVH6G_5-tDCUjFF0BtXibobH5nmrLstOOSK4vxO6yTeKVhsvLed9ska3C9iVlg14aeSVMyAAr03_oud81IOio3_LN_GdoDnNpl4hdvAPFYRzAUBKHhkQ=w1200-h800-k-no
Zalza Beach,"Pantai Lalos, Lalos, Kabupaten Toli-Toli",Kabupaten Tolitoli,Sulawesi Tengah,https://lh3.googleusercontent.com/gps-cs-s/APNQkAGJqSAywRK7IdjDjdWDVl8Wsz_DygFIqkvu9G0ml8nDdXhXs8ZpRqk_Ymo_Yd1Kb35t0ZlWrA7us4xbNhdv1gBtAvtNzggpeJiehG8pElAGaHO2cMoRXRu1r-Y8p-S4XuhrMiE5yw=w1200-h800-k-no
PANTAI BOULEVARD MANADO,"FRHM+HJX, Jl. Piere Tendean, Sario Tumpaan, Kec. Sario, Kota Manado, Sulawesi Utara, Indonesia",Kota Manado,Sulawesi Utara,https://lh3.googleusercontent.com/gps-cs-s/APNQkAEVIvfmUntNE0oE8JF6M23D71iVZ6Bqo60tStYW3nNYlIOFDaDlJwiFVXqecpf-S-YZehQh6-n0uF40ihhi3aJNjY-dDI4qi8MQiIanYwfqHPVNU_YMOOnClw07HQ3d27R8D0pD=w1200-h800-k-no
Towea Beach,"FP9R+JWV, Lakarama, Kec. Towea, Kabupaten Muna, Sulawesi Tenggara 93654, Indonesia",Kabupaten Muna,Sulawesi Tenggara,https://lh3.googleusercontent.com/gps-cs-s/APNQkAGtkPwug7DNi0JikLGHUEYoOkBdJVyXXGE4V7qE-lGyg-bZe4oN0g9IdoEMsMmUPYiGfkGu8_gc2h_JpB1F6XUuf6Rexyvvaiv-F-NECW_AblOrcrVtfK-aRPj5uzKpPQ7eXtNr=w1200-h800-k-no
Kampoeng Wisata Alam Baturapa,"J2FJ+4QG, Borong Rappoa, Kec. Kindang, Kabupaten Bulukumba, Sulawesi Selatan 92517, Indonesia",Kabupaten Bulukumba,Sulawesi Selatan,https://lh3.googleusercontent.com/gps-cs-s/APNQkAG-kn1B41vAJzKQ0Bw1lrrhqpi2MWUImeloCqaXcUvyW_xFPPEzBWiHMQWLQFbrdf7F47BsjpHdPWwT5RWbYM5fXJrDmiBiK96TjPYoznKX3p00SkDhBrECw6MblekW1Vfiox7GhQ=w1200-h800-k-no
Swedy Beach Tambea,"Jl. Moh. Arief Masdar, Kec. Pomalaa, Kabupaten Kolaka, Sulawesi Tenggara 93562, Indonesia",Kabupaten Kolaka,Sulawesi Tenggara,https://lh3.googleusercontent.com/gps-cs-s/APNQkAEJ-bANRmPkFjuYnD-VIXJJl3BPDAUZSRq9qHvL0LZaaNNSHYc36H2XOPmorsIs1gKa53btBgACweFkdbOzQHlxubfkg2OEjOcnAulY73CtJgCEvfysuN8_1tn9OJ5iYj3pNrCY=w1200-h800-k-no
Pantai Batam Mataiwoi,"Pantai Batam Mataiwoi, Mataiwoi, Kec. Molawe, Kabupaten Konawe Utara, Sulawesi Tenggara, Indonesia",Kabupaten Konawe Utara,Sulawesi Tenggara,https://lh3.googleusercontent.com/gps-cs-s/APNQkAHiLRTPp2X1JH0q_wfVBe0AO7-k4UtRlAjaq9h8VNROAh27H4gmsCfpBxW6u3sa4TFQgZCJQz7UN0jd97CcBhHplGMYzzYkT66wAEEJ1ff8K2A3-Y5M8tRwF0VuA9S4jzrNAiJmaQ=w1200-h800-k-no
Permandian Air Terjun Maremare,"8MH8+PW5, Pujananting, Kec. Pujananting, Kabupaten Barru, Sulawesi Selatan 90762, Indonesia",Kabupaten Barru,Sulawesi Selatan,https://lh3.googleusercontent.com/gps-cs-s/APNQkAGxlrpvzkg-iELiIlpNcySVMMYgS4-iruX6lWI-RGa5-pcCOipvUF2_tBAmt3hx-9nzSzsp5uPmuN6HANfMJxKG7NOtM_1hri_SoWbwz4RYRfgonET0GEFqDkp2gGdrtWauaAWqwg=w1200-h800-k-no
"Cagar Alam Batu Angus, Bitung","Unnamed Road, G65J+XWQ, Kasawari, Aertembaga, Kota Bitung, Sulawesi Utara, Indonesia",Kota Bitung,Sulawesi Utara,https://lh3.googleusercontent.com/gps-cs-s/APNQkAG_gPgJr54og15asZe9_ZRhkq-tfl4oEsQ_43GjOcsEZXV53e-AS6iEVLP2utzS-Rn5lWw-IbW9pGmFY0GQ1Ata2qDd3baLGX5X50bare-GhU70-BTqQUy280E4ePCxQHgJd_Cd6Q=w1200-h800-k-no
Tambun Maleo Sanctuary,"H4Q9+FHC, Unnamed Road, Tim, Pinonobatuan",Kabupaten Bolaang Mongondow,Sulawesi Utara,https://lh3.googleusercontent.com/gps-cs-s/APNQkAG_30hEuhqZ3KZyYTQdq7SrdIMI9MfmtdjgvFG939_9k3iuMtHT0AQyT2ie0ClzT8tDyGDJRpaC5BYRX9qUwVtgKHH-0Q15K-rwwv-wvC_9xFz1zk2x6OJfUTfyXOyHGImhqZ6_Fg=w1200-h800-k-no
Sarambu Ratte Balla,"3M5J+WPX, Balla, Kec. Bittuang, Kabupaten Tana Toraja, Sulawesi Selatan 91856, Indonesia",Kabupaten Tana Toraja,Sulawesi Selatan,https://lh3.googleusercontent.com/gps-cs-s/APNQkAFghxQfNTEUAY_oBzcMLydcBkM9NNuCnfzbVLUSKj2ocMppd3ZSsBmezU4d2xMAI2akus-RXbQ5mRh-RYu24Z0w_CASCAumWCO9BjY7DP8CiQSGI_tWzhC4LyY_JpXWvpPfq29X=w1200-h800-k-no
Puncak Kota Kolonodale,"283J+M3R, Unnamed Road, Kolonodale, Kec. Petasia, Kabupaten Morowali Utara, Sulawesi Tengah 94971, Indonesia",Kabupaten Morowali Utara,Sulawesi Tengah,https://lh3.googleusercontent.com/gps-cs-s/APNQkAGkoTsb0yWud9X99m_aTsgTlwn_jZ_cKoGF0K5ZbUqXPfhW5ZmT5T22_dqY43PUoM2ANZazPV8v8y33LkoRWZxdiyFiMh5o761epDX7-hHnRbRm-d-5cEHeyjqY5cyi7fFaqWye=w1200-h800-k-no
GOA TAPPARANG kolaka Utara,"Rante Baru, Kecamatan Rante Angin, Kabupaten Kolaka Utara, Sulawesi Tenggara 93956, Indonesia",Kabupaten Kolaka Utara,Sulawesi Tenggara,https://lh3.googleusercontent.com/gps-cs-s/APNQkAE4mzzaMGwaiYC3t1mhGlyzWDJZrYtYHqhvYYwdJC1C0WAJtONTb0WgfVY6jMvdi0eob5OZhY1ZHJaIbZulgtVww62So4wsCplai7nbGkhEIsRw93S1vQs4J36Vv_MbQoozyvz2=w1200-h800-k-no
Wisata Panaikang Birayya #DarubiahKeren,"CFH2+GR4, Darubiah, Kec. Bonto Bahari, Kabupaten Bulukumba, Sulawesi Selatan, Indonesia",Kabupaten Bulukumba,Sulawesi Selatan,https://lh3.googleusercontent.com/gps-cs-s/APNQkAEM_d_UbtKVMuVkrQeAPG_U7g_s-LTVpWnyhAzVvtCHQbF9mj9njEnM22W5F8WC52TRwliiML1i_xOtXmQKMZKU1bq8fGiB1yCWc2qo5x33L-xeDq7qrDVm8FYmUnBJb3HmWxQ=w1200-h800-k-no
Telaga Biru Bungkutoko,"Unnamed Road, 93234, Indonesia",Kota Kendari,Sulawesi Tenggara,https://lh3.googleusercontent.com/gps-cs-s/APNQkAHliu7H3yXftNORacQc-NP0oEAnQMM8QfeaQUQwNF1xYn1okthkuW_NZRVe_UiN_iXFlWxCkL644b4CWBdyKUUu1AfMAaXGmg5HXldYz-a2BaEkzo7XeVHtjfiuWYzyqKcVhJHLnQ=w1200-h800-k-no
Wisata Permandian Air Loka,"Unnamed Road, 8G9W+6PP, Kaimbulawa, Kec. Siompu, Kabupaten Buton, Sulawesi Tenggara, Indonesia",Kabupaten Buton,Sulawesi Tenggara,https://lh3.googleusercontent.com/gps-cs-s/APNQkAGQ2_YHPHiiQ2WTu7QGvMhvuVvilPchuMHqoTkqeOr9D5-1epZ2AF0qXlNrxlWgcA8R62-qfT--o4dLBXtXPA94t_SF5dYVf3SvQQO9LWOcwOFkZpIxw3M1wMM1u1zJ-CPUBcQ=w1200-h800-k-no
Bukit Palipi Sendana Kab. Majene.,"MRMX+HF4, Sendana, Kec. Sendana, Kabupaten Majene, Sulawesi Barat 91452, Indonesia",Kabupaten Majene,Sulawesi Barat,https://lh3.googleusercontent.com/gps-cs-s/APNQkAExXD9OeCBNCJ-Rj_1b5vHLp1_A1WO1oNcHvvqSjy8Ulf1WrBjSKJ1xEvq0QSnN1iBRwNG6kgMCqPXA4I2YCE_zlZzcIOs1MLaSSLJkbFwk3q20xZMs8QBn1fjc-I4tk9t1Mnpa=w1200-h800-k-no
Kawasan Wisata Alam Citta,"H28J+8HR, Citta, Kec. Citta, Kabupaten Soppeng, Sulawesi Selatan 90861, Indonesia",Kabupaten Soppeng,Sulawesi Selatan,https://lh3.googleusercontent.com/gps-cs-s/APNQkAFrRp4tAQCrqKya_BBngqedzm4Sl5fBbBBsi65mtpRo8IHXL_EkwqkZUOcoo94ONR6BdmikjqhhiN8Rdea2uD7OeT4ZBErJy1cr0RmuzgjzrbZ4dbstt1J8igAYQisEfa3O4GqMZA=w1200-h800-k-no
Taman Marlina,"P7PG+RRW, Mongkonai Bar., Kec. Kotamobagu Bar., Kota Kotamobagu, Sulawesi Utara, Indonesia",Kota Kotamobagu,Sulawesi Utara,https://lh3.googleusercontent.com/gps-cs-s/APNQkAGiWSR6z40hn07iRZn2vQKEjxhhIp6h8TzQUhb3sjMoWqKQbQ5soLWrxOFiav3LRxLXZlTmwdjQtEgdUXrAJA-v73RGCni8O3WR_9_7j7smGG3eWujggiFlFUTPB3tA62zKYoc=w1200-h800-k-no
Benteng TIWORO,"Waumere Tiworo kepulauan, 6C3J+4Q3, Waumere, Barat, Kabupaten Muna, Sulawesi Tenggara 93653, Indonesia",Kabupaten Muna,Sulawesi Tenggara,https://lh3.googleusercontent.com/gps-cs-s/APNQkAEE7-amlV7y4VTOYgxvjQ7kaMhOV_ryyR8OOQPyziM6UuADvk3TAtwLsXYiPkVh3JGDRNBoBQgA5bdu5QYbzEzKpQ2Ta47cDxkxMcoFrr6Qi3XGEfgoC-Pitl1OsMfGqWujuAtbrA=w1200-h800-k-no
Lembah kendenan,"PMXR+QM9, Ratte Buttu, Kec. Bonggakaradeng, Kabupaten Tana Toraja, Sulawesi Selatan 91872, Indonesia",Kabupaten Tana Toraja,Sulawesi Selatan,https://lh3.googleusercontent.com/gps-cs-s/APNQkAHMRGlukxnnipW71AvZEe7r93v9BBFblfjd9ZMIaMXg2z6v4YSFvN2DO8rf4TBIfuJwBVCaJuK54MLha8wllVCu4WahJJd58DlKHuDB-XF1SU6uAXnBSgPoLldaHAAhJUNVoyA_yA=w1200-h800-k-no
Pantai Kupu-kupu,"Pantai Kupu-kupu, Magani, Nuha, East Luwu Regency, South Sulawesi 92983, Indonesia",Kabupaten Luwu Timur,Sulawesi Selatan,https://lh3.googleusercontent.com/gps-cs-s/APNQkAGEoPQ3kURKZ9S3Qf8Fi6cfab-DHdKmv4vDnuZ8kU4pmSjpgDblZ6vcFgkwWZZ0nWZ-OPs6H2lsfLB7MP46fxy1dFiga_PutDdOqQ1fUzr7Fq8gJGL6C12B0UqeTDcyWl3aEMeu=w1200-h800-k-no
Laguna Mahumalalang,"GCCQ+2PC, Kepulauan Labengki, Sulawesi Tenggara 93352, Indonesia",Kabupaten Konawe Utara,Sulawesi Tenggara,https://lh3.googleusercontent.com/gps-cs-s/APNQkAGCRtYM6oyk7Z_zreE6_prYdv8h3iVyRW14luBb-r7KPSDAo5uJYFY8GDBtGsfR-B_A5sKWLnQs1F3grxViCgiD-2p89pF18SLWiKdnjMrZqSYhNOsIxhKh_G1owivFMjTESBo=w1200-h800-k-no
Al Azhar Beach Camp,"8RP9+757, Labuan Salumbone, Kec. Labuan, Kabupaten Donggala, Sulawesi Tengah 94353, Indonesia",Kabupaten Donggala,Sulawesi Tengah,https://lh3.googleusercontent.com/gps-cs-s/APNQkAGdRxLhomlLtUjJrX-4Okj26hsEwF0aG-p5rV70l1xuEa-cakn5iNfUMz0xrdjFVla_LfYKMnuU-uTFXd5L65y2h3bfAGFSDwkXrusDdIBNQFICYVLWTkBHIsqt-drOeI0Dk3ya=w1200-h800-k-no
Vila Purirano,"Jl. Dermaga Cinta, Purirano",Kota Kendari,Sulawesi Tenggara,https://lh3.googleusercontent.com/gps-cs-s/APNQkAEwrybgvr04fwbCrd4yqYk6lbRUh61GYU2TZu9_43ejio9MqWtHQiSYtF1fIl3NW_GgMT7lsDyHzyUYrSMlU7Q8XTbQ9FA8fnZkUdI-_alJoG6qajVMGFoF270nZrdwl5OxbLfexA=w1200-h800-k-no
Parepare Kota Cinta Habibie Ainun,"XJ3G+PG2 Ruang Terbuka Hijau, Sumpang Minangae, Kec. Bacukiki Bar., Kota Parepare, Sulawesi Selatan 91123, Indonesia",Kota Parepare,Sulawesi Selatan,https://lh3.googleusercontent.com/gps-cs-s/APNQkAHWUv6P1GpVEbKadmwnBXm2Lu6chWkNHXJgzNNoY29P0PIDPbcJYN_B5szDfqsXRs0z1GN7jiO20jXfjhUu0UaYy-OUJd7AEVmP1tihzunJrjdpZFSahsloBcqywFH0ifXUZBKy=w1200-h800-k-no
kawasan wisata Bantimurung,"Jl. Poros Bantimurung Maros No.100, Alatengae, Kec. Bantimurung, Kabupaten Maros, Sulawesi Selatan 90561, Indonesia",Kabupaten Maros,Sulawesi Selatan,https://lh3.googleusercontent.com/gps-cs-s/APNQkAG8Tm1TigASWnW2h6CFQFRJ6Ojo-f-gvPUJZ9nL-UhBev7c44lxsoCIySAGW2mcacyfbBic1AXexvQUrfuyHesZeyqmzhzWPEbll7mRD32U7TTBK8M4TlCybXwpQg1drZdClhVhZw=w1200-h800-k-no
Wisata Mangrove Trans Pato'a,"8VJ5+FVF, Unnamed Road, Duminanga, Kec. Bolaang Uki, Kabupaten Bolaang Mongondow Selatan, Sulawesi Utara, Indonesia",Kabupaten Bolaang Mongondow Selatan,Sulawesi Utara,https://lh3.googleusercontent.com/gps-cs-s/APNQkAExHSHIDN_0aRKoVEXAWoOJeOIr4jz4cEsc_w4ll3auS3tuY9X7KU7uvN1JA9hqQu-F7FxTtVkuYMDzjUlSFx51ewuYuUrvGBhIJZLm_Q_CveJ2Kioaf2PS0KT8pxJe41iCecOq=w1200-h800-k-no
Wisata Pantai Poigar,"Wisata Pantai Poigar, Poigar II, Kec. Sinonsayang, Kabupaten Minahasa Selatan, Sulawesi Utara, Indonesia",Kabupaten Minahasa Selatan,Sulawesi Utara,https://lh3.googleusercontent.com/gps-cs-s/APNQkAGxcmUnbd_xo69tA9kwDgxu89w-dPkbFw6h1roO0V9rTJnvwiUDoqyh54aTCu1K1LIafVShxZlkLuiueEP3pwMMOumHw9S5qc8m41jE-iIRsVffK5KwqjyjLX_SGP4rzCS3pE4=w1200-h800-k-no
Wisata Taman mangrove BUMDesa Totobo,"Jl. By Pass, desa Totobo, Kabupaten Kolaka",Kabupaten Kolaka,Sulawesi Tenggara,https://lh3.googleusercontent.com/gps-cs-s/APNQkAFsUVR5qb238NBTd3ZkP2R9e8Ee1BXPcTiozTiN-t13JR42_LUjmIPfPa18hr0Z0lWuiS1Sgynb7qX8Bu2snsrNVmXq4teOTve9rVbAOe4r9KUUR9G-TIWZ9RevwkRGZUPo9Ys2=w1200-h800-k-no
Danau Motonuno,"3QF2+R4F, Lakarinta, Kec. Lohia, Kabupaten Muna, Sulawesi Tenggara 93658, Indonesia",Kabupaten Muna,Sulawesi Tenggara,https://lh3.googleusercontent.com/gps-cs-s/APNQkAHPNKXpuXdCc85khVk-U9-wjrN_FXQaUBUG0SBl9lf7BQko-gfIJSlonq221G7dr1POmC8OA7MW0_zh7kn_Kj2_QueIN-TzUG6PzKN9PeEqLmd2Cy60OVOjNdTe8ghc6_DM7nrNIw=w1200-h800-k-no
Pantai BatuMeja Sangkub (TableStone Beach),"Pantai BatuMeja Sangkub (TableStone Beach), Sampiro, Kec. Sangkub, Kabupaten Bolaang Mongondow Utara, Sulawesi Utara, Indonesia",Kabupaten Bolaang Mongondow Utara,Sulawesi Utara,https://lh3.googleusercontent.com/gps-cs-s/APNQkAERB4fUisku6byfwKZ1G4LBkyMEa2dZXk5jLZeQj6NyW6dZgbl0PrX2qwqYwwEoekxwPG-Pn2VYW8LMRtb26tVJq_JbIVHvWZLDHIe8I0LkWFvKk3pVPAoxz2iwcxBsg_hviEeA=w1200-h800-k-no
Pantai Parentek,"Pantai Parentek, Panterek, Lembean Timur, Minahasa Regency, North Sulawesi, Indonesia",Kabupaten Minahasa,Sulawesi Utara,https://lh3.googleusercontent.com/gps-cs-s/APNQkAHS69Sgu7nLjFLK-hPvEicB8QmrdvX7HA9VmiU-lolvKF28nXPL-UzbGDYRAU2rhaTdlbBAut24XNh7nLwrcC_JFDLOU2i4geXkfLKrcVDZ6qATL7_iv2UoI8KjNyPkFemVR-mr=w1200-h800-k-no
Air Terjun Pincuni,"Balakia, Kec. Sinjai Bar., Kabupaten Sinjai, Sulawesi Selatan 92653, Indonesia",Kabupaten Sinjai,Sulawesi Selatan,https://lh3.googleusercontent.com/gps-cs-s/APNQkAF8xfFT0Ly-4lquwca51G2iP5Rt6fghQ8kceSqnKc1n8XJNN9m2EkJopk_42LGkPxXCIj2GqmQ86LC_h_VvpniDpYNgb-502-OK8D6ZMA46U2YVTxLYNiyCo84yC4OmxhJ284ck=w1200-h800-k-no
Puncak Donggala,"Jl. Poros Majene - Mamuju, Tosale, Kec. Banawa Tengah, Kabupaten Donggala, Sulawesi Tengah 94351, Indonesia",Kabupaten Donggala,Sulawesi Tengah,https://lh3.googleusercontent.com/gps-cs-s/APNQkAHZ5Jrv0a5neGFoYkhQUGd8tKOirF7p48KjIhNuaDfkU1ETXXJOGRMERRhVhs2SbMtscYM0M2UGQeqSrpZyCX0ptzGlJQwpkDMsacKqAYTR7YGElT29arFDkXEylvq26SRR6PCLZA=w1200-h800-k-no
Negeri Diatas Awan Buntu Liarra,"X7WP+VQ7, Parondobulawan, Kec. Tanduk Kalua, Kabupaten Mamasa, Sulawesi Barat 91366, Indonesia",Kabupaten Mamasa,Sulawesi Barat,https://lh3.googleusercontent.com/gps-cs-s/APNQkAFcrg08OiHxQEk0uNL-NuyoVQvBQgMj0ngJGDtMHm3W_xM73AJz121mR-SOVOlYaeTTvVBccFRuPe7t6AAbK4MWonqcXSQGGFIYJAx9TxaFM2fg_cyRTcKTKyK3ysW9ece77ObW=w1200-h800-k-no
Tanarajae,"7F6W+P9W, Bonto Manai, Kec. Labakkang, Kabupaten Pangkajene Dan Kepulauan, Sulawesi Selatan 90653, Indonesia",Kabupaten Pangkajene Dan Kepulauan,Sulawesi Selatan,https://lh3.googleusercontent.com/gps-cs-s/APNQkAG4Se2XG8lRgRJ-Zc45qeQPUHZBq6yvniG-3IsVp7t0StmKKdmC6-FNkq_rnp5pcFL6cn4jVdZf4yrd7voUlVkghH9ujuF_fvSLg_OZf0x9YiexD_A3Pzvc7CIBXux_1QLHfss=w1200-h800-k-no
Wisata Pesona Tanjung Tihu,"Jl. Trans Sulawesi, Tihu, Kec. Bonepantai, Kabupaten Bone Bolango, Gorontalo 96585, Indonesia",Kabupaten Bone Bolango,Gorontalo,https://lh3.googleusercontent.com/gps-cs-s/APNQkAGBfY5WetrcfBzB5zhbte1MZtPW9nk-eGsAAToOG00PTCKfU80doOuyvEZMfh7jQg6cDph8WaWlZ1W3Tc5712FiJMGHLcD6ygAbYRGDJhjaH7uaIzoaxd6Wq--pnlXwDnW0N8UAHA=w1200-h800-k-no
Air Terjun Latta Pitu,"FJ7C+FH5, Rajang, Kec. Lembang, Kabupaten Pinrang, Sulawesi Selatan 91254, Indonesia",Kabupaten Pinrang,Sulawesi Selatan,https://lh3.googleusercontent.com/gps-cs-s/APNQkAH4gVIhZEcU02ycB5VgJpEvT94sOJNgm768srp5A3hxARcarElH0BFNzztWMrW17UYy2oed3lOdj9od8Tep8XfpwfWkc57ipJm7j8RJcpM1CZgTPAzpqxPHFbnwlrOBsZasyJR6lg=w1200-h800-k-no
pantai talise,"4VVH+VG6, Talise, Kec. Mantikulore, Kota Palu, Sulawesi Tengah, Indonesia",Kota Palu,Sulawesi Tengah,https://lh3.googleusercontent.com/gps-cs-s/APNQkAHa_gD-AKfXSsJspDQrVmKGfk_tHA8zps8LA0UI4oBCTfJteQ-h2qU3smhAmR2xc9lUmA9wNejnB4EjJQ5a6HID-SCSUZflu0X3gk6zwJYc3iP38lqStpZYYbJ8Ck5PSTN03Jw=w1200-h800-k-no
Air Terjun Pelangi Jonjo Parigi,"PQ59+X5H, Jonjo, Kec. Parigi, Kabupaten Gowa, Sulawesi Selatan 92174, Indonesia",Kabupaten Gowa,Sulawesi Selatan,https://lh3.googleusercontent.com/gps-cs-s/APNQkAE3XHv1C_AL8rOIqli2jMjW9Gl0O-gDyCL6dxZo08vQA_N6wBzeZstAgz8HozasWFxNtetW7E9qF4PHKrMGX9PGX5dWRyQYJMsgZmh497xfsJ0JnqsFnV8ElHkYVlramdvDz6g=w1200-h800-k-no
Pantai batu meja tongkaina,"Pantai batu meja tongkaina, Tongkeina, Kec. Bunaken, Kota Manado, Sulawesi Utara, Indonesia",Kota Manado,Sulawesi Utara,https://lh3.googleusercontent.com/gps-cs-s/APNQkAFzJIQp7ztdpprM0cjG4ey0JwvEU5IYC8zPCG5NF-Su9oGfN-0iYIU31MkFivKT9rtdBJZ4FR0-LziR_gsdpHrnpjID-FYMd9J_lu66udgH2OVedDi-1gCADpNbkNcKwCs1qkot=w1200-h800-k-no
Spot Foto Pantai Kuri,"Spot Foto Pantai Kuri, Nisombalia, Kec. Marusu, Kabupaten Maros, Sulawesi Selatan, Indonesia",Kabupaten Maros,Sulawesi Selatan,https://lh3.googleusercontent.com/gps-cs-s/APNQkAHz4QBmNY4JeYhhmj40Sv4vOa0gNwaIsPHbW7AFApuz75hHjJbp2gRAMxGYjHJQ32JWlbKRa5mmLUgNp5dZegMGtsYKaZOZbLcqea2of6LFlqAQAQ4hjgrCkOK2zoqjm2QxghI_=w1200-h800-k-no
Air Terjun Kajejen,"CRG3+2P8, Lewaja, Kec. Enrekang, Kabupaten Enrekang, Sulawesi Selatan 91712, Indonesia",Kabupaten Enrekang,Sulawesi Selatan,https://lh3.googleusercontent.com/gps-cs-s/APNQkAFK-NYiuYsAGPCdixQ-6Y2KFiqoV88_vykZVMhRpJHOgspDpE0-CjPSIhvuBUBtWexMTTO3MLHuKKJGXTiw4FKG79A4QAbscW3InGt8WbcL7pIbhaqp19mCbk869VHinv-2xdq6=w1200-h800-k-no
PERMANDIAN ALAM TOMPOTIKKA SALO MANGORRO,"Unnamed Road, Ussu, Kec. Malili, Kabupaten Luwu Timur, Sulawesi Selatan 92937, Indonesia",Kabupaten Luwu Timur,Sulawesi Selatan,https://lh3.googleusercontent.com/gps-cs-s/APNQkAEz6czpV6Q_u1Tt0SHRul6NC9Qx_rgAzBwotIjcUrAcuyv6h0PeOGQlSU85_aljq9qjS-n7gM5QZDVe8L-9lsxmq3F_pIEXvHTcX8qWLDEUV7otrDy4yEnzfnkJPg5IjjIWAyg=w1200-h800-k-no
Dermaga Dulupi,"Dulupi, Kec. Dulupi, Kabupaten Boalemo, Gorontalo 96263, Indonesia",Kabupaten Boalemo,Gorontalo,https://lh3.googleusercontent.com/gps-cs-s/APNQkAEwtQYLQHebq8L9rOyTag6ZD4oZ-8AM3U94k9TEqA2m2_S1PIleQswWc5dYTVwtYc9rJ_oDpwUPcVKcv6Aid83VUCHyx7F-dZahz_INHjCpOnLfOOFmfZ2oPRmTIsp2sGufhL3ewuAvT52e=w1200-h800-k-no
Panker ( Pantai Kering ),"JVXP+77X, Botto, Kec. Lalabata, Kabupaten Soppeng, Sulawesi Selatan 90811, Indonesia",Kabupaten Soppeng,Sulawesi Selatan,https://lh3.googleusercontent.com/gps-cs-s/APNQkAGbzkFrnHdwYIK5S9pZTTDSWJlnFr4flvNklrPuvFa3B0Vv3ong4fSvigb7jjXv0ga_TJkptpyglVu6d98KZY0SKupt2p7i1Iut7lb8Mj5AZvtArobg59P2d33az_0FJH-QFcFy=w1200-h800-k-no
Pantai Buol,"Pantai Buol, Jl. trans Sulawesi, Bugis, Kec. Biau, Kabupaten Buol, Sulawesi Tengah 94565, Indonesia",Kabupaten Buol,Sulawesi Tengah,https://lh3.googleusercontent.com/gps-cs-s/APNQkAEsi3l4Y7zXkY7xPTmhGFmSa7QE21rzT73rhM5ZkUwb3InNr3B9zyLmOFiEQx1NoEZA_4MBAbEPYM9XUFyswj5Bu6Jkf9lX8m3I6X6IQ8Z5t3ROObamRKHyrvgs2NQCMiDyi9F1=w1200-h800-k-no
Lannying 3,"Unnamed Road, Bonto Lojong, Kec. Uluere, Kabupaten Bantaeng, Sulawesi Selatan 92451, Indonesia",Kabupaten Bantaeng,Sulawesi Selatan,https://lh3.googleusercontent.com/gps-cs-s/APNQkAEP7yB8ZEIc2BlAaygtmSDvF5yDGnz1ovc2LDR1jGVzuJ_VgaxaOdX-R2K0dYk4-WgIrYURjY8JsKPD7DV4Pjhc7aOwNDfi85GZltSiUpc0cIKee_Ldgf1qmZ_yE39Vs3lKtECXf1PcIR4=w1200-h800-k-no
Pantai Molas,"GRPJ+9V3, Molas, Kec. Bunaken, Kota Manado, Sulawesi Utara, Indonesia",Kota Manado,Sulawesi Utara,https://lh3.googleusercontent.com/gps-cs-s/APNQkAGWcESSphSWbHcEiCEnGVPkb5WrVysIUOPCu0wx6eSvq42m5z03fBqy3yQ0MByDuUWiOUr6Y6CLu_rVJ4g1Dkk4hftslYoA8kd1ToLUzpLZMpwMDNjrftqW3CuPBjELiY7CYZYs=w1200-h800-k-no
Pulau Kodingareng Keke,"V7VQ+WHH Gusung, P. Kondingareng, Kec. Ujung Tanah, Kota Makassar, Sulawesi Selatan, Indonesia",Kota Makassar,Sulawesi Selatan,https://lh3.googleusercontent.com/gps-cs-s/APNQkAE5iH4YNVf4-xZpDP-gxolK4cyW2OPpPXyu-ZS3aoUTtEOVPfKS_x4u1quNS7cqBOvQU8jV8Fg3j5hRgnnGfbQjPYfy8-kaLmoVPdak7UqsaARyCURqwhA-2h5ysoMtNl5VqIhUGA=w1200-h800-k-no
Leang Surukang,"Kalabbirang, Minasatene, Kalabbirang, Kec. Minasatene, Pangkajene, Sulawesi Selatan 90614, Indonesia",Kabupaten Pangkajene Dan Kepulauan,Sulawesi Selatan,https://lh3.googleusercontent.com/gps-cs-s/APNQkAH_U0Gh-gR-PIRXgt1p-1s2V4Vqymjq13gCcLYZVehW1kSA93Z2Hbs87Y1Rho3L_kxmp5B-d3Mc9nT5ERhvotu5RBvIvDxMWWft49V_z4ePSZ7P2a28WD7MmKN2XRniKwymSabS=w1200-h800-k-no
Pantai Woka,"Pantai Woka, Dodap Pantai, Tutuyan, East Bolaang Mongondow Regency, North Sulawesi, Indonesia",Kabupaten Bolaang Mongondow Timur,Sulawesi Utara,https://lh3.googleusercontent.com/gps-cs-s/APNQkAFt0FHBQgX4RJ9Q3_GyGeyDl3NXhhCt2q009633k95sgLIKP-oFbEZt9ZVPn_QYFKKJFETfayUenBz6a8tbckxHu350phTpQGlnCUZSZW5fOU_KvhLtW0UtDM4dxxMVzlQmGozY=w1200-h800-k-no
Anjungan Danau Talaga,"Talaga, Kec. Damsol, Kabupaten Donggala, Sulawesi Tengah 94356, Indonesia",Kabupaten Donggala,Sulawesi Tengah,https://lh3.googleusercontent.com/gps-cs-s/APNQkAExwPV6Ot0a1Evkd1VFzhOzAVWjPJSbK74sqQMpyJMgFVsdWzHl0QT0SltzCviYqw0J0y-DuosQReodvE1wfsPfLFCz0ChpxSgi25XbsXe_rwV7Z21W_F2FPjG7ktC91JENv8kO=w1200-h800-k-no
Wisata Kuliner Lambe-Lambe Maros,"Batunapara, Baruga, Kabupaten Maros",Kabupaten Maros,Sulawesi Selatan,https://lh3.googleusercontent.com/gps-cs-s/APNQkAHyV7ShU9Z5kp5SV27cYvvBvWpXwoyasLtQuxENhgwkaykFWjshF93O8ZIh1k-vgCAxtmuUKmWQt8FToetrXV1Tbxt357iZZkv-KYugm3WaaI-MurwUD4rfx7R1qY5zNt3cxRNS=w1200-h800-k-no
Halona waterboom,"XF72+23, Barugaiya, Kab. Kepulauan Selayar",Kabupaten Kepulauan Selayar,Sulawesi Selatan,https://lh3.googleusercontent.com/gps-cs-s/APNQkAGb8pHJg1fDNa5SwzkR8IjABydnjqgsmStsPTyBFjmvQbxYnD2FCf3OJ0TKK5hjHsmRdU4Z7XiU6SKCEiNGt-uABczu9X2xDHJBSSqDKz7N9nMVki6dkEFCl_iYWauREtKMnaXO0Q=w1200-h800-k-no
Pantai Bunaken Luwu Timur (YOSUA),"63X7+8WR, Jl. Poros Malili - Batuputih, Harapan, Kec. Malili, Kabupaten Luwu Timur, Sulawesi Selatan 92981, Indonesia",Kabupaten Luwu Timur,Sulawesi Selatan,https://lh3.googleusercontent.com/gps-cs-s/APNQkAGMfiqjwG1LpOgsGrdUN4SFmVI2Q5fakNfTu0e5i3iFpBe33K7VwbIeadbDDCopET60xtGG3H9DT3SzF6tFDr0eUKqcbjofC4DH3xztQ0ltlGINkMaJdNx07AWE9-XTJPE-ANBv=w1200-h800-k-no
Objek wisata hutan pinus,"P64X+F86, Riso, Kec. Tapango, Kabupaten Polewali Mandar, Sulawesi Barat 91352, Indonesia",Kabupaten Polewali Mandar,Sulawesi Barat,https://lh3.googleusercontent.com/gps-cs-s/APNQkAHRpPdkXtHVFyWmeJ7f5rDUoO1tSdrT_b6dmmIYuj0OH4GqMNizal4cD_U_BgjhJo3jl3a0YQtpkahL1V5qR5w4UV-oxrZCEhbIWGJdn_R2qQh33U_6TDWsVhX1RJRNcS5KZ3Zfng=w1200-h800-k-no
Kharisma Agrowisata,"2WFC+7F3, Jl. Liweinda, Jono Oge, Kec. Sigi Biromaru, Kabupaten Sigi, Sulawesi Tengah 94231, Indonesia",Kabupaten Sigi,Sulawesi Tengah,https://lh3.googleusercontent.com/gps-cs-s/APNQkAEY1F2SQ5v0NWHB_jxY77ru3Be8M1Nuk7Ln8iXCxRex3X7sxKjVweOwU8x5NUR-PcjeWCdwxeyXK7sHSLgrCKV6opaGY24e2ljvxnjvkpy-NThA25LzJjhY7dn-tL8chd405viswA=w1200-h800-k-no
Pantai Pasir Putih,"Pantai Pasir Putih, Watu Melewe, Kec. Tinanggea, Kabupaten Konawe Selatan, Sulawesi Tenggara, Indonesia",Kabupaten Konawe Selatan,Sulawesi Tenggara,https://lh3.googleusercontent.com/gps-cs-s/APNQkAEAOM5Gevm1vX-AqTZ1zQ4E9QDmwo5TjV_Bx7XLaO4vcAdZjJg-3HQ2zFH7ztxU2nAPBWKU26CKI0oRygbdDopwzeUniACZCIMD1I3TiAi2uPqDdk26j0RJY8VNY54SHfFfBM4=w1200-h800-k-no
Ekowisata Mangrove Tatakalai,"PCV9+277, Tatakalai, Kec. Tinangkung Utara, Kabupaten Banggai Kepulauan, Sulawesi Tengah 94885, Indonesia",Kabupaten Banggai Kepulauan,Sulawesi Tengah,https://lh3.googleusercontent.com/gps-cs-s/APNQkAEMSdebbtq1IU2QmxnoyK7ZI2muYMMCKTE9cCN38wMZ7--5d3xwtVQ5QvFNP9xHqJAxlEX3If4HzFNwBqpxE-4pXFcIAxit8-tI4P7-e1DH_vDJFyIRC61l2RHE4j4jsJqCMR7T=w1200-h800-k-no
Pantai Harapan Pomalaa,"Pantai Harapan Pomalaa, Pantai Harapan, Kec. Pomalaa, Kabupaten Kolaka, Sulawesi Tenggara 93562, Indonesia",Kabupaten Kolaka,Sulawesi Tenggara,https://lh3.googleusercontent.com/gps-cs-s/APNQkAGqevKyU-rafWO5raRaSN7BsYKuO9h6I1hj177k7UM-WLQgGUe1CiYqMH_vD7mpjgTXN1FfnNk9_BkTQsDJ4J0UwgQ9q-ZEGHtHkRg-Lzssask5F9tBSZPpP7BF2JyNBydaccQ74Q=w1200-h800-k-no
Kampong Batulelleng,"Kampong Batulelleng, Rantepao",Kabupaten Toraja Utara,Sulawesi Selatan,https://lh3.googleusercontent.com/gps-cs-s/APNQkAF9Vwz0mN-c86uqcLoogkRjuU4rE_Z58NnCz6I4A9wZaNUmKQVhriytixjIC_1s3zkzlVQNVUR_ioBftuH_BXdNoPfx0xOaFYE_ZyCi4p_AKpLoMrpSu397b90NnzpLMP08usni=w1200-h800-k-no
Jembatan Kuning Palu,"Jalan Rajamoili No.184, Lere",Kota Palu,Sulawesi Tengah,https://lh3.googleusercontent.com/gps-cs-s/APNQkAEzhKzyjXBVdoroEaYRr8tngeHPePJQZI91D93k77DSDzlqLBZGXFcIPGa5PnUVzfdo2bvyFWDmNbYEcAaALDNs61pxbyjgO9FpNBOp2Qj3k2e858KFGVPVNPc1TEweIzdDTeYX4eDYilg=w1200-h800-k-no
Sungai Lajjoro,"F64G+3J4, Jl. Cinaga, Lemoape, Kec. Palakka, Kabupaten Bone, Sulawesi Selatan 92761, Indonesia",Kabupaten Bone,Sulawesi Selatan,https://lh3.googleusercontent.com/gps-cs-s/APNQkAF1v47s4XyWvEbh98MPxnw5IBsvv9n6MjoM0B4Z5kwb7l45BDTO7n9Ek1ZVlZlQJy4EOTJFejxmbhIr0s5VjZSH87mi6JCKWRzABUcGMAfgsKDPx_NraweKTntglUAtCOHtcjye=w1200-h800-k-no
Laburang Gallang,"7RWF+FPR, Batu Mila, Kec. Maiwa, Kabupaten Enrekang, Sulawesi Selatan 91761, Indonesia",Kabupaten Enrekang,Sulawesi Selatan,https://lh3.googleusercontent.com/gps-cs-s/APNQkAEtRCgw8M7E4dw5RxtANLvkb41YXUrDGCc_gdssh4KfrSZItxEP03FiWf5UaSGZQpqBCLXtI56ft0Fbc6OPIigklsTgaGoZn9gLXp3QKGS_KxNLJm6UIXuwbIOQV1uMoa96KzED=w1200-h800-k-no
Pantai Kawasan Mega Mas,"Pantai Kawasan Mega Mas, Mega Mas, Kota Manado, Sulawesi Utara, Indonesia",Kota Manado,Sulawesi Utara,https://lh3.googleusercontent.com/gps-cs-s/APNQkAGqpbctpZH-16UAY-ZXvF637ULx6D2lKWGnDRgfllyBgVHj1boFEB2Ln48Rgj0MyuPftbpuZF6k5HJVKLSpgLBf7CMNZqZdTvoLfmODhJQ1Nzn_38lqcAcx7vxNo4L18iV4aA6H=w1200-h800-k-no
Air Terjun Barassang,"JJVW+8CJ, Bissoloro, Kec. Bungaya, Kabupaten Gowa, Sulawesi Selatan 92176, Indonesia",Kabupaten Gowa,Sulawesi Selatan,https://lh3.googleusercontent.com/gps-cs-s/APNQkAGokoEnVUHSWjJgzQ9qC2iirQ95336dLRYeQiUKW7cHY6-HayWOUaoVTiyXGlAKaOox0QsqqL0b1KKNbpJyjjAAXAdOU-o2iZTm1fJ-nRieCWQqKJaUGPjSvSrD_Z3_gIyAPSfo=w1200-h800-k-no
Mangrove Park Desa Wori,"JV26+7M2, Wori, Kabupaten Minahasa Utara, Sulawesi Utara, Indonesia",Kabupaten Minahasa Utara,Sulawesi Utara,https://lh3.googleusercontent.com/gps-cs-s/APNQkAGN4DnQnYt4tt1dqSqENFb8qwXjcXwl20xcwccoj0etpPw3hDFpkTv3fCm_c-VoeC5892deHV9WkzSO-yykfqtM_fzkh6ijrNwoYT6LzYP-PbV2dkglm_HZksvMhYA9IULfuBAXFpjS6Vrd=w1200-h800-k-no
Koloolaro,"465J+QM, Puungkeu, Kabupaten Morowali, Sulawesi Tengah, Indonesia",Kabupaten Morowali,Sulawesi Tengah,https://lh3.googleusercontent.com/gps-cs-s/APNQkAFLtb6y2gNv7XLZLmujJmfhdmUrLoaXbNtO11Sdu68DhB8r1kWQxHkrB6E5VIbckMontMUa6WBh0JM2pUPbWq9lMzHlZi3n9Mg-2pOGkKYu2jcU_A_Cir2bHubhRgjJssSQjz_c=w1200-h800-k-no
Air Terjun Salu Birayya Barania,"Bar., P2R2+X3H, Barania, Kec. Sinjai Bar., Kabupaten Sinjai, Sulawesi Selatan 92653, Indonesia",Kabupaten Sinjai,Sulawesi Selatan,https://lh3.googleusercontent.com/gps-cs-s/APNQkAHQ5xmp6jxfiRFasFmCZmdOja0n6qCrNwH-htTiNwNxmj5u5ver_o4_t0N59eoWvvEoikRJd4ENc0QLdWd0M8td6qoOy43O5EKEIjVwVRMBQRYBKsBxuL9dh2NJblLpIkcOaZg=w1200-h800-k-no
Pantai puluty,"Lahuafu, Kec. Bungku Tengah, Kabupaten Morowali, Sulawesi Tengah 94973, Indonesia",Kabupaten Morowali,Sulawesi Tengah,https://lh3.googleusercontent.com/gps-cs-s/APNQkAF1oCZbblZ31bS7bytX7Ewoyw6Ff_TCDQQKe47jIs-DTViKwFD9jB-0-pfFw0QtKSB9DNvBNhJUhsfuEI8tghw0nibMasIs-4Oh0qtVUJSaf6Z3TjL4L9eCe4TX2kH1V6GwnGXDUUeFGpbo=w1200-h800-k-no
Batu Batu,"2G5M+RWW, Anduonohu, Kec. Poasia, Kota Kendari, Sulawesi Tenggara 93231, Indonesia",Kota Kendari,Sulawesi Tenggara,https://lh3.googleusercontent.com/gps-cs-s/APNQkAGFo_BcK6whpolZRJ9nLSCjfFc_8W77tsx2yfeJXn7x3jacOeVEcnXNgtjSekavxVwOslqph8jGKN_PIsmWA0Ri3uowNbA9UARET8TA1gZtP6U2s1XgWW96zug498wOqUJciWfZYw=w1200-h800-k-no
Pantai Babatoa Lapeo,"G44M+5J9, Pantai Babatoa, Kec. Campalagian, Kabupaten Polewali Mandar, Sulawesi Barat, Indonesia",Kabupaten Polewali Mandar,Sulawesi Barat,https://lh3.googleusercontent.com/gps-cs-s/APNQkAFKIfhma0vzzlrTtmiPMyqDFSD7ajyYdVF4TQgS-G0o4g37v0LwvIWnPExVtZdQx7G8_QGM6-aZ_utc-ppK5eeUy8p3hVViiM-tncoMlYRJynfZKjoysMFI9pwh9vAduQCKH6k8BI60seRq=w1200-h800-k-no
Wisata Alam Sulapa Angin Punjabu,"878Q+9G3, Buntu Buanging, Kec. Pitu Riase, Kabupaten Sidenreng Rappang, Sulawesi Selatan 91691, Indonesia",Kabupaten Sidenreng Rappang,Sulawesi Selatan,https://lh3.googleusercontent.com/gps-cs-s/APNQkAGhZwUrPZ9slySJY2S36vCjLn285z08Ge-1HDuihS5SnC8Na5ZLTitpWl8j-aDyij12hkR8u7L3FPTWglmeVXkZ3KaHbQbezcReCzuugf7uLPDE6RnLLeuSuTjzguImGVifQ2_S=w1200-h800-k-no
Wisata Bintauna Beach,"VHXG+872, Minanga, Kec. Bintauna, Kabupaten Bolaang Mongondow Utara, Sulawesi Utara, Indonesia",Kabupaten Bolaang Mongondow Utara,Sulawesi Utara,https://lh3.googleusercontent.com/gps-cs-s/APNQkAEjfi0_nDZYRCU-UITG0GaZYKlRBiMW99wY6XR_jIlaG63GgYH3eFKuwSI2hUC8KHCd63N8pmqv9p3lTrFBoBP9bGbZZ8Iwbfr1xfGNpZYz15bS4A4UmnCs9qxHnLmbyt7xV22f=w1200-h800-k-no
PUNCAK OSTAR,"Simbune, Kec. Tirawuta, Kabupaten Kolaka Timur, Sulawesi Tenggara, Indonesia",Kabupaten Kolaka Timur,Sulawesi Tenggara,https://lh3.googleusercontent.com/gps-cs-s/APNQkAGVHkC39tctS8QGbYOxQTsXFyqHJDcV672ym9IzPPAsKnXVt0hx5RFew4WFDJLcQ-xdB9BYeu7CfsJTYG3sy8bDM2TIskYZBGYKB49VQlKgrCboqQBXCsFtn1uT2lvzrEqmv5S1mA=w1200-h800-k-no
Pantai Cendrawasih Polewali,"H8F6+5R4, Takatidung, Kec. Polewali, Kabupaten Polewali Mandar, Sulawesi Barat, Indonesia",Kabupaten Polewali Mandar,Sulawesi Barat,https://lh3.googleusercontent.com/gps-cs-s/APNQkAFYVy6ePoFG-kjNo_CCbc7BCDDXoVJfn22SULOgmsXJqxT8ScY-j8cbgrpIq8EvOKfm4FgBkmCzWuSj3UnR--ks2kjNk-nHw3J5FLs3SvZqrh7r_EZwgesdn71dFzb21-m8N6nB=w1200-h800-k-no
Bukit Bulu Jaya,"FGQW+5F9, Bulujaya, Kec. Bangkala Bar., Kabupaten Jeneponto, Sulawesi Selatan 92352, Indonesia",Kabupaten Jeneponto,Sulawesi Selatan,https://lh3.googleusercontent.com/gps-cs-s/APNQkAHwn-mwdoIfd19hEVj_6X1aYM3CiCzP_4bF-0wfxL2VfOi7lUG-ILWcV3sfMqtyyEwt79di67e0uzDbOZWyhyLwpBrbBXF0ncXJ21YkwmXnIwqypXOrCXrU04_Enm5h4DKQ3Hfncg=w1200-h800-k-no
CAMPING WISATA KARANGAN,"HXFJ+7C, Latimojong, Kec. Buntu Batu, Kabupaten Enrekang, Sulawesi Selatan, Indonesia",Kabupaten Enrekang,Sulawesi Selatan,https://lh3.googleusercontent.com/gps-cs-s/APNQkAH30XCVe7zl4eUDVTS1k5dE2M21mfZ5-cwaIDlrRMDnQrkXz_E78vmle--P9lfgfch1hxfIn4A137CRpp0gbPVKE-w_mfYiahqBkb__KpDmAhEQ6HNPNKX5anVq98jt0gb3zo8v=w1200-h800-k-no
Wisata Tangga Seribu,"3R2H+XMM, Jl. Tonomoro, Balane, Kec. Kinovaro, Kabupaten Sigi, Sulawesi Tengah, Indonesia",Kabupaten Sigi,Sulawesi Tengah,https://lh3.googleusercontent.com/gps-cs-s/APNQkAHYFACBCjnQN8_mkuZ5LOlO8j6gxu7J835dtLUm5EPFJFxkcHZIlomoKv_QNV12EzR3PFmah6zopkyB3KLVqRuNkx3h8z6dBjQaoMGJxFI9AKTh8hvehKtAMHWbpRGtRFOaLbmw=w1200-h800-k-no
Pantai Arjuna,"Pantai Arjuna, Tolai Barat, Torue, Parigi Moutong Regency, Central Sulawesi, Indonesia",Kabupaten Parigi Moutong,Sulawesi Tengah,https://lh3.googleusercontent.com/gps-cs-s/APNQkAGTTOJ1YSQb732aKiyd_Kx7nefIVy2swi-gUqdS3BjVMufiu1ssGZiAEu1VFQSnmiAKG5mi2vO237w_C9XFGl0-McZuU-HTj3GltvbDKiDlHXgyAMuRig6EIj-1kdbV7wMaoNKv=w1200-h800-k-no
Wisata sawit ceria,"Unnamed Road, C5W8+6P4, Pasir Lamba, Kec. Toili Bar., Kabupaten Banggai, Sulawesi Tengah 94765, Indonesia",Kabupaten Banggai,Sulawesi Tengah,https://lh3.googleusercontent.com/gps-cs-s/APNQkAGtOoQgpHn2woPloVm1d9AKbEiUni5E-hVac6C6BqdUh29fI6HLk7ixfwuiO_3YIfm7QvNgiIYyP3rMudmH0_-ow90dJ7ZqNLuLQhCS32u4XEniE2AQbRMhlOfKHLJXvXDZEpzIJA=w1200-h800-k-no
Museum - Palais Saoraja,"Manurunge, Kec. Tanete Riattang, Kabupaten Bone, Sulawesi Selatan 92712, Indonesia",Kabupaten Bone,Sulawesi Selatan,https://lh3.googleusercontent.com/gps-cs-s/APNQkAGrprni-oXpvMfAhhDm9MMUM0QGqR4VyagX9OFI7lyghXfKZwn5Vxg67YFs9sRJoCzp_BsH0P9Q9xqCuq1KTW5FpP_VmY8bE2KdVXNVan9Uks-jEm2aV_U8Y_u_bsWCPhB6uTkY=w1200-h800-k-no
Air Terjun Sarambu,"XMGF+46H, Kandua, Kec. Bittuang, Kabupaten Tana Toraja, Sulawesi Selatan 91856, Indonesia",Kabupaten Tana Toraja,Sulawesi Selatan,https://lh3.googleusercontent.com/gps-cs-s/APNQkAFZaQZ_aEAl05MzXVMr6o5HWlQOvnwgEqVE2NvRfBk0d5yVB_cnpfR7ayEfo4Sawy62XDqXbtDHh-qtJVBk8lmZf0zdVBbZq34tpJXlvCvQr9Laeq-mk2GjZyrbMuwQUMhcpWg8=w1200-h800-k-no
Pantai Potanga,"Pantai Potanga, Unnamed Road, Potanga, Kec. Botumoito, Kabupaten Boalemo, Gorontalo 96263, Indonesia",Kabupaten Boalemo,Gorontalo,https://lh3.googleusercontent.com/gps-cs-s/APNQkAGTSDfcGe6JUin-Sqvxg0RR0q_E1NCymVyuKu1Wsz0_UYdktPJr9lVSlc1U7IGrZqbQlyfIfRjDg4-1D81vs1DB5SjAKvxerEVYb9ZFkhN6FlSK9OR8PScUgpDBM40kvfVrfqP3=w1200-h800-k-no
Wisata Ere Bambang Pencong,"FPWR+42J, Pencong, Kabupaten Gowa",Kabupaten Gowa,Sulawesi Selatan,https://lh3.googleusercontent.com/gps-cs-s/APNQkAGfUqwlT94ZNV7qib0HCA7yv7BhxShDMD6ZumdWAIcI0f7Ch5ZdtUwalFx0uztL20-xfPg20MHc4_J3MgMkd-dEVjweSZAzG5XdPlzQ_z-1Xy0gswwUt_7GSvIROzQrV9SakaET=w1200-h800-k-no
Bukit pasir,"W2J9+HFH, Rantebua Sumalu, Kec. Rantebua, Kabupaten Toraja Utara, Sulawesi Selatan 91853, Indonesia",Kabupaten Toraja Utara,Sulawesi Selatan,https://lh3.googleusercontent.com/gps-cs-s/APNQkAH-mSbrrGQHAh7WZIYa9QmQGWBUQGA48mQAK8wuFmX95fg7cI11c3ePseWDpx1tFEPN_iRXCT8thkIB9JPOTtc5pBuP09zOj_193BQSpzJ1qfVKXXrdNktHoobG5XAwtn2O-En7=w1200-h800-k-no
Pantai Popakuni,"HMMH+H6W, Jl. Baso Ali, Mapane, Kec. Poso Pesisir, Kabupaten Poso, Sulawesi Tengah, Indonesia",Kabupaten Poso,Sulawesi Tengah,https://lh3.googleusercontent.com/gps-cs-s/APNQkAE6845en7gHwFwowFeG6s68OBajsLWexaPWZdRiaTpbjPC9BrXOjWw8sfl7oN1e3zLBqNH6OV43m7QBO9aMPbRm4ravTK3KefZl5AiTn7UR73nfH3fkBppH60WCBZMsrhcj6Yk=w1200-h800-k-no
Permandian Batu Doli,"G223+GCH, Jembatan, Barua, Kec. Eremerasa, Kabupaten Bantaeng, Sulawesi Selatan 92415, Indonesia",Kabupaten Bantaeng,Sulawesi Selatan,https://lh3.googleusercontent.com/gps-cs-s/APNQkAEa9IRH1WJJZgLSqpY9lh-pWjkTEzS4rdOrKBDOLi5M6haFwiQk0qE6Wd4RhEYWd-K3cL6SIGfTmbSXWSD03swDUMUqLk15jiprr7hizMeUM6k856zeP6oj-OJdxCCQEDk1TkOb=w1200-h800-k-no
Pegunungan Pompangeo,"Pegunungan Pompangeo, Era, Kec. Mori Utara, Kabupaten Morowali Utara, Sulawesi Tengah, Indonesia",Kabupaten Morowali Utara,Sulawesi Tengah,https://lh3.googleusercontent.com/gps-cs-s/APNQkAFMhfbWX8RDtWJgllKfW1v-zsPCOm4JW2b0vkqXLpnAJb_In2EXbegcVdyLI1i5BFaMh7_J8KFsHzJYwIGRcTCq1n9k5hILHKL7b6uyUa1QLf-IsBC1niW1b2WOY0k7ob9aiI0p=w1200-h800-k-no
Rest Area Jeneponto,"CGJX+8F6, Benteng, Bangkala, Kabupaten Jeneponto, Sulawesi Selatan, Indonesia",Kabupaten Jeneponto,Sulawesi Selatan,https://lh3.googleusercontent.com/gps-cs-s/APNQkAG4aQ33mTP9XuG7YN99OHq2sImkfw4IdPs0CO2y-rioxkdw9x4GN2o2nLlv_v8vApNUOvBIY_8uAnVP0izdZSOI0zxwvzyIRtfB1vJcoNcUUeompi7qdFt46dl19dT9eg5VW8c=w1200-h800-k-no
Wisata Alam Hiru'ta Park,"Tassililu, Kec. Sinjai Bar., Kabupaten Sinjai, Sulawesi Selatan 92171, Indonesia",Kabupaten Sinjai,Sulawesi Selatan,https://lh3.googleusercontent.com/gps-cs-s/APNQkAHcFnaRUetiCDB2yAES4FywVnksGH22C9iZbT91SZgUY0YbCof5WN8V0iGtyjlNXnKBwhGC4EpQguuPpDNYPY8RFApZts2hmnnvCcBKl119I0VEoQ_av6Hf4cXrQ8_G8GzBiRYp-Q=w1200-h800-k-no
CAMPING GROUND SELET,"Ranomea, Kec. Silian Raya, Kabupaten Minahasa Tenggara, Sulawesi Utara, Indonesia",Kabupaten Minahasa Tenggara,Sulawesi Utara,https://lh3.googleusercontent.com/gps-cs-s/APNQkAG3q0ZjRcNhpHKZDLC0Ln440nXLTwFian7zlAytWqoyyPvP7lDoiX1NNFE8nTwsf4lXELPrFL1o4Fa1sQnIVz_A7jl6lRoo6hconKJrArGFQFSCkz1pggCrPkLt7xD9eJ3pYum730mXjoH0=w1200-h800-k-no
Alun Alun Molibagu,"9XMM+2JP, Popodu, Kec. Bolaang Uki, Kabupaten Bolaang Mongondow Selatan, Sulawesi Utara, Indonesia",Kabupaten Bolaang Mongondow Selatan,Sulawesi Utara,https://lh3.googleusercontent.com/gps-cs-s/APNQkAEi2PTfxVkF1QiuC5iLSZQQJZQUj_Nsvov-X32SZelGngFv2gZa_UtCkryOMvrnZ8c5W5Iae05TSl7GzRDmMheAZtcEqw5_l7_WQCh5qrAyYo6BhbZbXwCPz6cMKgT86wG-aF6f=w1200-h800-k-no
Menara Mercusuar Pulau Miangas Indonesia,"HH5Q+765, Miangas, Kabupaten Kepulauan Talaud, Sulawesi Utara, Indonesia",Kabupaten Kepulauan Talaud,Sulawesi Utara,https://lh3.googleusercontent.com/gps-cs-s/APNQkAHNNhf7OMIoaVzYaJWQFK_ki6E9xEpobjcwQCqIdZH4Tka4S5DWdB0dPS3vfjkMmY7ZzKqP0P5gh4uRrgaNrIATTr92E16PTcrnZsrLjwrI-N1XbRCthWjM5zVkRDVIBhwwmg_O=w1200-h800-k-no
Istana Kedatuan Luwu Palopo,"254W+6CR, Amasangan, Kec. Wara, Kota Palopo, Sulawesi Selatan 91911, Indonesia",Kota Palopo,Sulawesi Selatan,https://lh3.googleusercontent.com/gps-cs-s/APNQkAHbNohIJvJeARVx3zuWNyu7vXeXAZ1njaUC-9y5C7fM7mc6mPiqoQaZpL0p5mvk5nHZE81ByEaBW9fDBkwn5AJTjPamj9I5N2noqv0ugCc5Gm3yJbxmZ0k1YemcO27gsuvEftZs=w1200-h800-k-no
Air Terjun Bahomumpa,"4774+298, Puungkeu, Kec. Bungku Pesisir, Kabupaten Morowali, Sulawesi Tengah 94974, Indonesia",Kabupaten Morowali,Sulawesi Tengah,https://lh3.googleusercontent.com/gps-cs-s/APNQkAEKpORopm5Q8poa1WCFuYhEyKkSNjpRWKBTxWMKFWIp3sGABg8StOsXTWMvZKniA6zRGxA5gTCogxnLvngOpV5_4-KWGVdlDuzaTIbYtjoUVim0NGWItCSHd-Ngzw0BRtk-GlHW=w1200-h800-k-no
"Leon, Kabupaten Enrekang","Unnamed Road, GRF9+MHJ, Rosoan, Kec. Enrekang, Kabupaten Enrekang, Sulawesi Selatan 91752, Indonesia",Kabupaten Enrekang,Sulawesi Selatan,https://lh3.googleusercontent.com/gps-cs-s/APNQkAEAqloHRs7fofsCTSB0kWArlI4L4z3GOgpWwqkxirUh0ofWz4MEY2FtxTIfe_-TSLb-VTZIpgeOjgg0wHqY32jnCpRIFVgiI41dUMlprTLkgFtdn27Js9jhgxXxi85VxvQL2P2y=w1200-h800-k-no
Lapangan Mekar Modelomo,"G8CV+5GG, Modelomo, Kec. Tilamuta, Kabupaten Boalemo, Gorontalo 96263, Indonesia",Kabupaten Boalemo,Gorontalo,https://lh3.googleusercontent.com/gps-cs-s/APNQkAFfgOBVtal31CbY63fxC0K4tA3cAcfpZC_MZWdMY8phrn8FBZV2lAsbUDXPmjh6iZLFkDWUxrFVcjjaXX7bM4wmDmPsIHXrRPAdOjXmHYGyAmSmAocCFX8H56RtgBMuNEbrbnQt=w1200-h800-k-no
Taman Lasangkuru,"V26J+RG3, Paddupa, Kec. Tempe, Kabupaten Wajo, Sulawesi Selatan 90914, Indonesia",Kabupaten Wajo,Sulawesi Selatan,https://lh3.googleusercontent.com/gps-cs-s/APNQkAEbbllF8KdlEsL4-qSDSPcUJMEWowc-HzvEfnORexK8cfImxWNcD03KouMwjxcf8ynufKrcIQ-k8dbJ4z8gzf3qy6uS8HkNPZH6OQylgEWMur_51M_08BdcUgJwxziU3eDpwKdWJA=w1200-h800-k-no
Pantai Songka,"Pantai Songka, Takkalala, Wara Selatan, Palopo City, South Sulawesi 91921, Indonesia",Kota Palopo,Sulawesi Selatan,https://lh3.googleusercontent.com/gps-cs-s/APNQkAE7iB7teykzsqtQUk1jPRJXPOlTlXReihe0OPhCa_H61rQiLo46BN3h41Mf8C0UhLdqlBz_wQ0w6MloxrvPHXXkBBUoTFSmi_DZJ9FqLR6r78FiASm-drjaK1eqtYIC4eR6lwgu=w1200-h800-k-no
SUN BAE MANADO,"FRJM+W5H, Jalan Laksda John Lie",Kota Manado,Sulawesi Utara,https://lh3.googleusercontent.com/gps-cs-s/APNQkAF_bEnEzp0aIc2mmNp5V1Cgbn-vOsIjEAAX9dXqv8SsFaXAbqv3XrdLgYFFCpsGciqn9W8HBw7hKulMs97Jm3BuuyZkFyZ1QFcnFeuRoIBVkcmSCK3NWLlTLKIv2Vu_uT1SsQKHoppKCyMk=w1200-h800-k-no
Pantai Batu Besar Losari,"V92V+WW, Maccini Sombala, Kota Makassar, Sulawesi Selatan, Indonesia",Kota Makassar,Sulawesi Selatan,https://lh3.googleusercontent.com/gps-cs-s/APNQkAHBRyVDwvszdT_u3nJrcIHfm_Ug7ltvTrt_5W0-dRfcek8V10dbhD0ZmF7lq-VVHhesbNPbF64_nNAjvWeXRtJNCrIjE50vjW66jB630GKFBa8DNeAv4-s9r_a4Ng0UhWElRHje=w1200-h800-k-no
Kastanye Riverside,"2VJG+WH2, Kabobona, Kabupaten Sigi",Kabupaten Sigi,Sulawesi Tengah,https://lh3.googleusercontent.com/gps-cs-s/APNQkAHz0EqHS9YhSWyGsMhLGGFTjm03YBc6bXLYv7d9T3FRF1d7XHGJr5VjoRg4zwE1Z8Mp4eyylY9YfL4Ov4xAwUCQpe70nj0yH1KoDTIsqkFr4pV-sVdzumH6umvYe5CmLHOwQEKeAQ=w1200-h800-k-no
Danau Panjang Tanjung Bunga,"Jl. Danau Tj. Bunga No.88, Maccini Sombala, Kec. Tamalate, Kota Makassar, Sulawesi Selatan 90224, Indonesia",Kota Makassar,Sulawesi Selatan,https://lh3.googleusercontent.com/gps-cs-s/APNQkAHNF0QnaPUZRh9nD_nIvoajTMSJtFNn-yRXI578mkGI0I51iRxTdLuKO3lqKmUNdQRt7iEVLCltKt9HPwi63EDbY-0J-xq84zhCrJa3q-D6cDmcqU3GeJbPxZUHOvdR1exMgVQ=w1200-h800-k-no
Puncak Ilongkow,"P8RF+PV4, Matali, Kec. Kotamobagu Tim., Kota Kotamobagu, Sulawesi Utara, Indonesia",Kota Kotamobagu,Sulawesi Utara,https://lh3.googleusercontent.com/gps-cs-s/APNQkAH0JCIaXQfzHKZlMqeRg0SSKPZnaRJXKnBmFCN04itFZqcFuXH1kmSyOGVLsrLaiYLYE0aj59-aRAelV3QAgEEKUt1HshCOQh0_g09IQASuxXtJJFCViRlzjTj48-X6eEJLgx8Z=w1200-h800-k-no
Puncak Meluhu,"6643+P5P, Jl. Poros Wawotobi - Lasolo, Meluhu, Kec. Meluhu, Kabupaten Konawe, Sulawesi Tenggara 93461, Indonesia",Kabupaten Konawe,Sulawesi Tenggara,https://lh3.googleusercontent.com/gps-cs-s/APNQkAEExvmymbQ6hPLH38X2uFSYBFU5szB4sQkW2C1eod5t9JQs2E1mE5cefh8Zgobyer5QLhYHG0vx-JqS8yrPB2Q6yMHeq2iSocnu0p5txePhyD7dMsCrT2akZKizsYoa8ODbFI9yjA=w1200-h800-k-no
Pantai Abadi,"Jl. Poros Sinjai-Kajang No.1, Pattongko, Kec. Tellu Limpoe, Kabupaten Sinjai, Sulawesi Selatan 91671, Indonesia",Kabupaten Sinjai,Sulawesi Selatan,https://lh3.googleusercontent.com/gps-cs-s/APNQkAHsmQ9qAccBMXcb6YRc_TwEtQSlmNY3MN76vUBDImo_Yb1mIFU3-pMn_RRLfV9VQHWmfm8BI-7m_3KuEy5G36d7eIfa79hPHTCF-YPfcZaPS_-gMrjftgGqAWa8RQhcuE79snHy=w1200-h800-k-no
Air Terjun Lasolo,"2HQF+5R5, Unnamed Road, Sanua, Kec. Kendari Bar., Kota Kendari, Sulawesi Tenggara 93123, Indonesia",Kota Kendari,Sulawesi Tenggara,https://lh3.googleusercontent.com/gps-cs-s/APNQkAEi2vPwb_zCRQV21vy9D0ew16CFSrSz3dAb-CkQzUBTCzaAWX7jr8lfFO_rnhGR2EGUo__iti3gVfVOs04OZISPMGyCPptz1-BoQ7bZPGouUHiQARZi6cCn_9Veeh_D17Rg6lq0=w1200-h800-k-no
Pantai Pasi Marannu,"R79M+895, Pasimarannu, Kec. Sinjai Tim., Kabupaten Sinjai, Sulawesi Selatan 92671, Indonesia",Kabupaten Sinjai,Sulawesi Selatan,https://lh3.googleusercontent.com/gps-cs-s/APNQkAFr3r0ZZkDhTe38GxCD2KfFv9ohrDHc2I6rWDe7EnR4_cEv7Ma8b4CQCQHWLp6U6A58H2UBmXlj6YViXPWLlMMZviCLfxLyAQYOzeM8MItRSsPqfi_aORzCxhvM-klOzRdnGJF3ng1bfS_R=w1200-h800-k-no
Bukit Vandiam,"Q7QR+V85, Sanjai, Kec. Sinjai Tim., Kabupaten Sinjai, Sulawesi Selatan, Indonesia",Kabupaten Sinjai,Sulawesi Selatan,https://lh3.googleusercontent.com/gps-cs-s/APNQkAHONJE-WjX1wDoai3QlGZgXGFFgIY1iuyXqJbM2wnZDl3mzWwt973kCm71W8enMBs9sd0SButE3JVS2JWTkRetDR3mRCaQt5CBWygV2nB4XmIqdBSCMn5NIMY2_-Ha6R_6_1vo=w1200-h800-k-no
Pantai Boalemo,"Pantai Boalemo, Unnamed Road, Tapadaa, Kec. Botumoito, Kabupaten Boalemo, Gorontalo 96264, Indonesia",Kabupaten Boalemo,Gorontalo,https://lh3.googleusercontent.com/gps-cs-s/APNQkAGL_7pPqwLijKEzSqz4ExRvcCVAAR7BeVsiI-xxwSEI_iTectY3EfKvs9OPW3SSxwyyPuW8_Djh8zVx0lmhs0dhMw2ILjH6KBgsapSobFnb9Siv6maVO24x_-LuGZv81AdEckA=w1200-h800-k-no
Sallo Waterpark,"Jl. Bau Baharuddin No.25, Tempe, Kec. Tempe, Kabupaten Wajo, Sulawesi Selatan 90911, Indonesia",Kabupaten Wajo,Sulawesi Selatan,https://lh3.googleusercontent.com/gps-cs-s/APNQkAFUwO0VClZjhjRlVh1zjRRZGRkVToF7cFkQIWposcLgvS_N2QuK_AoBYCubH27t5iT2iqegF_H14WKa81uyQLbM-gnhfaJ4TYkJss-woYHs32MBcMppxntLPgGD0gZNTOBkEHq41Q=w1200-h800-k-no
Rumah Penyu Lowita,"2H7H+VJ, Wiringtasi, Kabupaten Pinrang",Kabupaten Pinrang,Sulawesi Selatan,https://lh3.googleusercontent.com/gps-cs-s/APNQkAHVrIvgvIG0UwFJzMTJgj9_JwemyIBsw6VytZ3_J8ZMgU-NeiTSfcaG069byCYpyrhSXTSk4okt7j9373GAUWdyzCQiMmHkdKMD-X6fs7DFNVog2S5vRsTJptSlT69hKAbg48NrEA=w1200-h800-k-no
"Air Terjun Kadadima, Laine","CJW2+P2C, Laine, Manganitu Sel., Kabupaten Kepulauan Sangihe, Sulawesi Utara, Indonesia",Kabupaten Kepulauan Sangihe,Sulawesi Utara,https://lh3.googleusercontent.com/gps-cs-s/APNQkAHDwbJbZUXhEmp6Ae7A5BAg37cduldQFociMALsFAPcphawClhr56Mckf76uu9kKuNacFzohWJUdNgqOP_sHocuhKaHNuYGtal4ARl8Mcz9wKVxxPuEvQmA8B0z1KvwinkUvvOrvg=w1200-h800-k-no
Wisata Modoinding,"RF23+Q6H, Pinasungkulan, Kec. Modoinding, Kabupaten Minahasa Selatan, Sulawesi Utara, Indonesia",Kabupaten Minahasa Selatan,Sulawesi Utara,https://lh3.googleusercontent.com/gps-cs-s/APNQkAEUwfa-J6E1EqGfKbZR4nFDMXdxIvfyie-5Rs20ZJsTUupX2kRMtbOMdcAehTkikSdP8JsUNWLBxyVQaWMz0-nCwI-hu1534MYKGOOs_rGnqip5PiHARd75O_1NL3Sq3KEvW9GB=w1200-h800-k-no
Kampoeng Koi,"JRRG+P44, Wosu, Kec. Bungku Bar., Kabupaten Morowali, Sulawesi Tengah 94976, Indonesia",Kabupaten Morowali,Sulawesi Tengah,https://lh3.googleusercontent.com/gps-cs-s/APNQkAFwM-Z63TNC1Qa2PJByCz9S0Jq_wlvt-lnBJifZQPBfzeMBcQ3kNYTVjTE5c0eP8W7uacgNzjkenF7v0uVICIFdTaVQ1tNLtu5Ewjbiu-dRBtb3Jpr8440BvqZ03Fvtwbu7VtEV=w1200-h800-k-no
Pantai Oluhuta,"Oluhuta, Kec. Kabila Bone, Kabupaten Bone Bolango, Gorontalo, Indonesia",Kabupaten Bone Bolango,Gorontalo,https://lh3.googleusercontent.com/gps-cs-s/APNQkAF8v-5KTaHqqRiMti9HM1LkuL9YGUy1GXWLXwwNJwLk4gfkjPeJn334E3Wm09GEqYHwBHiM8Po6IlFZZe88-HBbCnEWHu_bk8rc0nsHX1E7MvnwUJN75wVMEQ2UXojqI022rQTkLw=w1200-h800-k-no
taman pattiro tiroang,"M2J6+CPM, Unnamed Road, Bonto Tengnga, Kec. Sinjai Borong, Kabupaten Sinjai, Sulawesi Selatan 92662, Indonesia",Kabupaten Sinjai,Sulawesi Selatan,https://lh3.googleusercontent.com/gps-cs-s/APNQkAFhrqLH4Oq21XOtMNBfHnSP4-3RVpDgz2M2BBttee3XqHLhC2iFBeq_UtaVwHuBHbqC7rjHlU4cpXk-H1Y0OvPncDstqyZ6B2I3t5DpWvFoQN8Awml0OJr647jCaBQtC94XvO9-=w1200-h800-k-no
Pulau Pannikiang 1,"JHWX+4X3 Pulau Pannikiang, Madello, Kec. Barru, Kabupaten Barru, Sulawesi Selatan 90762, Indonesia",Kabupaten Barru,Sulawesi Selatan,https://lh3.googleusercontent.com/gps-cs-s/APNQkAEmNgR_oOsemM0vEYfHYB8691MyhGBnH0Qjwr8Uh4gJubDpZ3LdJo7H0t8PHAsRwqWIAgbCjU_H-T8Bi8Xpnv-QOTmvhVhIlbmDuiTZcOZSAKKnSbCobN2toUki9CXThe_aoe_0=w1200-h800-k-no
Agrowisata Ulu Ere Bantaeng,"Bonto Lojong, HW8X+8CP, Uluere, Bonto Lojong, Kec. Bantaeng, Kabupaten Bantaeng, Sulawesi Selatan 92451, Indonesia",Kabupaten Bantaeng,Sulawesi Selatan,https://lh3.googleusercontent.com/gps-cs-s/APNQkAF8iCiINLvANuGt01qofpgZxOSP0l8tVenL1MUsfpw4VfVQKZpLptdChHcNIWIC0EkkoyfI0K4-wN5UKLGy1H3IbSUuL_9d1JgNDDJjUrF0VCPkMW49YPFticCET9cD-CBp8LOtmg=w1200-h800-k-no
BLESSING HILL KOTA BITUNG,"Madidir Unet, Kec. Madidir, Kota Bitung, Sulawesi Utara, Indonesia",Kota Bitung,Sulawesi Utara,https://lh3.googleusercontent.com/gps-cs-s/APNQkAFIE5RxuhJ-GyQ5_T9LD-yaqnuPfiCzQpyCt3nOKEIp6HuGikFSdKoZfMWGamdnl31MLa8cV3DgbxY2uJ0wJeemXHZY12-21V3Zs576xv231yX-iVghIDE-MvvczPdaEDDl7QNRgA=w1200-h800-k-no
Pantai Waleinsorit,"Pantai Waleinsorit, Temboan, Langowan Selatan, Minahasa Regency, North Sulawesi, Indonesia",Kabupaten Minahasa,Sulawesi Utara,https://lh3.googleusercontent.com/gps-cs-s/APNQkAFL1DnZAXaPN--RGX8C9oF-kxrkElODFoLHcITQzqXtfdMV2GFnyX-IvTJVybX4o2SRPO4maSDdv8WbDQWq4hWf_q5E8XrC29iwObI-2SpevcMguyxkQ6I8vJmNF4kNRmgsx2eiXg=w1200-h800-k-no
DANAU LAPONU-PONU,"8FPH+67H, Jl. Poros, Ranokomea, Kec. Poleang Bar., Kabupaten Bombana, Sulawesi Tenggara 93772, Indonesia",Kabupaten Bombana,Sulawesi Tenggara,https://lh3.googleusercontent.com/gps-cs-s/APNQkAG-hJaImvg0Kfej4dHdIQzb2Vz5iI6pHqMo7IZQFh2IYnbSHAtmSQdMk9aH9ydljWDierpO2k4cMb-idlfdgSrwIgyIu05qf7JbWUuhP9PCyo2_-Vg3JvRLvMujvSdbRFNT1a3K=w1200-h800-k-no
Desa Wisata Kahianga (Dewi Kahyangan),"Kahiyanga, Kec. Tomia Tim., Kabupaten Wakatobi, Sulawesi Tenggara 93797, Indonesia",Kabupaten Wakatobi,Sulawesi Tenggara,https://lh3.googleusercontent.com/gps-cs-s/APNQkAFh5xLUrbuS0t-s3uG0i_TiVFwCOZEMGqoLcgRHklDxDmrVSe37ichXzxAIV5k7YI19Pk8xKZpB7VaK6a-Am8fIcCiWmwvoSV-WZhUiUNY1bkTOP4tFHrG-u5l3DSXawfaETUI3=w1200-h800-k-no
Buttu Sigitung,"Buttu Sigitung, Betteng, Kec. Pamboang, Kabupaten Majene, Sulawesi Barat, Indonesia",Kabupaten Majene,Sulawesi Barat,https://lh3.googleusercontent.com/gps-cs-s/APNQkAGWLC7UhaYxXw-2Kb62XIKpuAG0vi-wIriiHqlhpNVIf5PUlO1tqaGbfjNrw4YzJ1JU8wdvWjCQZmVfyaHm7Gl4d7mzx-ejhXagxzmDEwSZckcNJzfu0noF_DF4crM88Ds-nFwb=w1200-h800-k-no
Hutan Mangrove Monro-Monro,"Jl. Tarusang Selatan, Monro-Monro, Kec. Binamu, Kabupaten Jeneponto, Sulawesi Selatan, Indonesia",Kabupaten Jeneponto,Sulawesi Selatan,https://lh3.googleusercontent.com/gps-cs-s/APNQkAFr_e_X_CgWxOlLQpScSg_lVmkBYhgNR01q7foLwfwe0xeVrOU8O3zHjYgfP4oX7LeeNTYEfMrDsJkCqMsgwjDaZ0PsjVH9FNJkOiRgbWC7DhfQRUR3nVirbtwFKdsgbKTX6b4R=w1200-h800-k-no
Djoeang coffee kolaka,"WJP5+WPC, Jl. Kakatua, Laloeha, Kec. Kolaka, Kabupaten Kolaka, Sulawesi Tenggara 93561, Indonesia",Kabupaten Kolaka,Sulawesi Tenggara,https://lh3.googleusercontent.com/gps-cs-s/APNQkAEz7hv55p3KhbqTQTHGYz43kidXzA7WqqvdIsNnVxhjGLVBT4MH8s3Wapc5xlqFSC5_0bj0QJhqvFUZh_C4a4PPypzB9ytd36f0H0UDnjnekOMjm-K-G9aDCdcTBpH3vRNSolzxYQ=w1200-h800-k-no
Air terjun Laliako,"V3C2+QVG, Terasa, Kec. Sinjai Bar., Kabupaten Sinjai, Sulawesi Selatan 92768, Indonesia",Kabupaten Sinjai,Sulawesi Selatan,https://lh3.googleusercontent.com/gps-cs-s/APNQkAHdhrTZQpM8auxUzK2sN-KqXO8KCiSpF8xGxRwRJu-hbR7CNRiGOFrwhoLlCqSYsE5MYo1ySXddKz0a518-Yz0Yd7bX2nIJpt2xO2nzRhAriKZWI3hUCNkBXOjA5eLof9F4mVOq=w1200-h800-k-no
Pantai bahari Buton selatan,"Dekat, 8P7C+CCV, Bahari, Kec. Sampolawa, Kabupaten Buton, Sulawesi Tenggara 93753, Indonesia",Kabupaten Buton,Sulawesi Tenggara,https://lh3.googleusercontent.com/gps-cs-s/APNQkAEntGY6WI87EoIaVA5ZkJeuMkJNBsbl3r2k-rAnIlxtYzFim5DK48DVLjqgMQ3YOHsS1CgkMZwOC-gg-JA5Jrfy8Fc9fXsVKuLQ1W-tQl-C02bq8Vek3YuEH2OL7O4BVQ99L64=w1200-h800-k-no
Wisata Vovasanggayu,"R9G5+8X8, Jl. Moh. Hatta, Pasangkayu, Kec. Pasangkayu, Kab. Pasangkayu, Sulawesi Barat 91574, Indonesia",Kabupaten Pasangkayu,Sulawesi Barat,https://lh3.googleusercontent.com/gps-cs-s/APNQkAGhx7qH_v3UvFHmS2zzBiAMlhjszVDtY4iq-B1EnFJYxvGMTmDWJDdx7r_8XA_AyPzU1RkGgS0rG5F9tbdxstWX_7ayjGnmOvn_KBCNI3MSScWvsCbTGA_k-ac0koeekfjLSX1g=w1200-h800-k-no
Pantai siw’one,"pantai siuone (Depan RuJab WaBub, Bahoruru, Kec. Bungku Tengah, Kabupaten Morowali, Sulawesi Tengah 49473, Indonesia",Kabupaten Morowali,Sulawesi Tengah,https://lh3.googleusercontent.com/gps-cs-s/APNQkAE_YH1VB42H3fnSLgpvXGbzy1gMYWRAUGaUg1wAjYUDjkzIcSXdj6bZtAaEerybU-7W4YWnVvcZnX9B0MkvUEsDMFWVLeXdKe4vRfIjr1HP4aMjh6_hZo9Nt4Z1gQJtoOg11DUb5g=w1200-h800-k-no
Bukit Teletubies Buton,"GQ9J+QFJ, Waangu-Angu, Kec. Ps. Wajo, Kabupaten Buton, Sulawesi Tenggara 93757, Indonesia",Kabupaten Buton,Sulawesi Tenggara,https://lh3.googleusercontent.com/gps-cs-s/APNQkAEf29M66CBI3QSewYdDe8qbOSMvYrg_E1nKgUBJO_SMLardxugcOThpJMdavaF_sOecLBf7v9sShIvWsvDpebylhZileIsBtr7OkO5kt0hZWQ-mKT86CpwFfRhrxxHM4ndlwM9g=w1200-h800-k-no
Pantai Sampulungan,"Dusun Sampulungan, Desa Sampulungan, Q93H+6X2, Tamalate, Kec. Galesong Utara, Kabupaten Takalar, Sulawesi Selatan 92255, Indonesia",Kabupaten Takalar,Sulawesi Selatan,https://lh3.googleusercontent.com/gps-cs-s/APNQkAErj9wm1r5e5gnI5PvDO1r4tmhxXFdtjy6GM_zfbYa0aecK2RVwnaxqIOSSSiBz4UFDzOadbshlMUMyq1YRcPDqSg0g4LBmE9Vwaj8dLtN2cme8raSVAX6lKSMPmArqVZrFsEQHwQ=w1200-h800-k-no
Puncak Passi,"Q822+4QW, Gogagoman, Kec. Kotamobagu Bar., Kota Kotamobagu, Sulawesi Utara, Indonesia",Kota Kotamobagu,Sulawesi Utara,https://lh3.googleusercontent.com/gps-cs-s/APNQkAF7ZJlQcVsZQegMYJ5ekO63LTwdvOOeczgFK4-SwMGRno1IDtUxBxxMAY2zmJuwrrw1r_JJEOpx5dKRipAySPckRd7FbAJpGrbdotJNnVskzfipa-W2GfEo6-Yc7DcUpIOIfprmew=w1200-h800-k-no
Pulau Langala,"Pulau Langala, Fatufia, Kec. Bahodopi, Kabupaten Morowali, Sulawesi Tengah, Indonesia",Kabupaten Morowali,Sulawesi Tengah,https://lh3.googleusercontent.com/gps-cs-s/APNQkAHT7lx1ZDKWCFDWPQoyXAlxirK7k0OJyL_5WL0_swDHAKrIW0B9y0Ab65P6tr7fItGmMSr1TGY9kXt-vdjgUgR_BjZecPauNSpXpSbb8yxCkohAgpyDksa3k3sMH9g4_cLXTLuX=w1200-h800-k-no
Pantai Pasir Putih,"FXQV+C75, Kayubulan, Kec. Batudaa Pantai, Kabupaten Gorontalo, Gorontalo 96272, Indonesia",Kabupaten Gorontalo,Gorontalo,https://lh3.googleusercontent.com/gps-cs-s/APNQkAGsxEE4GAdnPh5JqkOsw4ftVR0XPcBYw65BKpW6VhTRRsobg-Mj7ppMWzf3Lw8iS2fP_mh3OEBUU0Zu9wVWcC6Vwg_ygQiP7VhGLU3OGGpZypAv_rCl7k-B00P7e3wr1H6voIb3=w1200-h800-k-no
Telaga Biru Oheo Konawe Utara,"Linomoiyo, Kec. Oheo, Kabupaten Konawe Utara, Sulawesi Tenggara 93353, Indonesia",Kabupaten Konawe Utara,Sulawesi Tenggara,https://lh3.googleusercontent.com/gps-cs-s/APNQkAGAVn1EPhXnFm26pHgrSqBqlbyOVHo5aijrt20ZtSxSD89luA_1mQES7jqby60AmHIzGIOJqXBlY4o_2n3ap-DyCjbfRCVzm2ANQh59ERTsRcidm42TyuYZy3e3X45wNl_XjRCf=w1200-h800-k-no
Gunung Bambapuang,"GQGM+JFC, Bamba Puang, Kec. Anggeraja, Kabupaten Enrekang, Sulawesi Selatan 91752, Indonesia",Kabupaten Enrekang,Sulawesi Selatan,https://lh3.googleusercontent.com/gps-cs-s/APNQkAGqMGjKC_z3Ahi1bL_dI96KVKwjI_2Pyu5DG5gvdarUpJ_aNSmij6dCjrJaDZpiPUMDgSe45t6mUxrpyXG3sIkR51me8TgOk8rQkRR9lJH6ZIUryKTX31KHpVSZeRjvChfuKqc0=w1200-h800-k-no
Pantai Makalisung,"Pantai Makalisung, Makalisung, Kecamatan Kombi, Kabupaten Minahasa, Sulawesi Utara, Indonesia",Kabupaten Minahasa,Sulawesi Utara,https://lh3.googleusercontent.com/gps-cs-s/APNQkAHKD8GWPKLfNNNDOjkOyzhrtZdfuoZ5_ihIPf5bNXtfCPhoIG58UCj9rxJHaozKthaXPJXnEWCZ8iuuSH4U6fLRSpmi-nDyqBM0ZDJ_L4uM_-uZ4__KVCmyF31V0C4qV4OGFdSkuQ=w1200-h800-k-no
Pantai Tongko,"HVR2+9C6, Tongko, Kabupaten Poso",Kabupaten Poso,Sulawesi Tengah,https://lh3.googleusercontent.com/gps-cs-s/APNQkAFpWN2PaO1yqMZXQl4jQIChjL7H5IejWfpl4bAmY8Jv9HdCfzShdwM7CFxTO5eiM7YBDzB8Ej7HdQMl71qaAfRXlgjX2FzHWFM8zdAs729nBP-LIgyiqJqu3RLYFjQ96--I-udt=w1200-h800-k-no
Pantai Kulolu,"8P74+24H, Limboro, Kec. Banawa Tengah, Kabupaten Donggala, Sulawesi Tengah 94351, Indonesia",Kabupaten Donggala,Sulawesi Tengah,https://lh3.googleusercontent.com/gps-cs-s/APNQkAGH3zFQeQbclTOEGrS4scYFub3K9vozMfu1tzUCr3-mXFZAwYrFMiOUtx9Q1aSZSorPJteBTHVTwOWsxx6h3HAVML-u3hljpp2t6_1rPlKXc9c5Nv5cYtA74VaLg1Jii3-FpQ2K=w1200-h800-k-no
Pantai Lalos,"4QCM+4V5, Pantai Lalos, Lalos, Kabupaten Toli-Toli",Kabupaten Tolitoli,Sulawesi Tengah,https://lh3.googleusercontent.com/gps-cs-s/APNQkAFgDuJJDm7R9m63KYN_qHvB-TDvDKuE4IPULJuagliFzkKeAt_tJfh-qc4I9jNhjlQNypd8jGKJHv6tkpagxitg7APsmzileDXFWWbMYKpQgzqJluvAQ1pLXMza9T3S9A_RNq_kzFQUMpDn=w1200-h800-k-no
WHITE CASTLE GORONTALO,"H2QV+8WQ, Hulawa, Kec. Telaga, Kabupaten Gorontalo, Gorontalo 96181, Indonesia",Kabupaten Gorontalo,Gorontalo,https://lh3.googleusercontent.com/gps-cs-s/APNQkAFSqoxYN3YTfM61NxQGiDDdWspsjtzVm209kmxNsa0YcWHgbPgSxEijep26mSOFDXPXKjT3r5UENK6suM8r0apfjZm-gKh8SqfoL1GxuSbPz_briSaolUrcNXGY6wDA9bXpDE0=w1200-h800-k-no
Bukit Tokka Moncongloe,"Unnamed Road, VH7G+7RV, Bonto Marannu, Kec. Moncong Loe, Kabupaten Maros, Sulawesi Selatan 90562, Indonesia",Kabupaten Maros,Sulawesi Selatan,https://lh3.googleusercontent.com/gps-cs-s/APNQkAHkcnD-bWaChM0n470eCmpzSnJnbv-Pi3HLDJJHCBsDWrNnqopZw6O-flAUQy0nvmq2I5JAglIttPjILJa7BnSRGr8BQL7OlCPSpf1T7qOt2bsNoXL6GnUyGY9NlaUqWd38HndR=w1200-h800-k-no
Taman Yuhyi (Kehidupan),"FXWX+G88, Jl. Poros Ermes, Lonrong, Kec. Eremerasa, Kabupaten Bantaeng, Sulawesi Selatan 92415, Indonesia",Kabupaten Bantaeng,Sulawesi Selatan,https://lh3.googleusercontent.com/gps-cs-s/APNQkAF-m0UDOkAw3ydURI-eZCndtFRN4_2ScOKn8qpCabhwWJ8mExGilRjNo2sSLTzkkBhi24C2Fo3wsx1lNEpGYLKH0cB2P4l72YeYRyeWruivp1h-aXkaqPAZdm48D99p4gN7xtQu3Q=w1200-h800-k-no
Objek Wisata Papa Batu,"WQHW+H4F, Banga, Kec. Rembon, Kabupaten Tana Toraja, Sulawesi Selatan 91861, Indonesia",Kabupaten Tana Toraja,Sulawesi Selatan,https://lh3.googleusercontent.com/gps-cs-s/APNQkAE266not2GbK04T7fbx_uyP2NVSIIKw1mt-9G8M46gEm8eDDPkGnTznqE2rApizhgE97oeRrVWqFd3KWEv4PPD37nXPdPwxXrTN7WJESmxRHutjTKzQs7-9OlZcKQpS9Aoexi80yg=w1200-h800-k-no
Makam Sultan Murhum,"GJG3+43F, Melai, Kec. Murhum, Kota Bau-Bau, Sulawesi Tenggara 93713, Indonesia",Kota Baubau,Sulawesi Tenggara,https://lh3.googleusercontent.com/gps-cs-s/APNQkAGbYXvyNZMZEKkfUgpzVdhW0eESJDJBe4EVu0dnUp2_1mIe5JStdnYMoNLCibH15tW2tY_Fh2j_RWgUipm1gS6dMHNkNrkdCNOJeCH-dY5UveDA5x7RMcHHmh6U7_tRVpuvMDoU0g=w1200-h800-k-no
Tondok Bakaru,"39PM+HVM, Tondok Bakaru, Kec. Mamasa, Kabupaten Mamasa, Sulawesi Barat 91362, Indonesia",Kabupaten Mamasa,Sulawesi Barat,https://lh3.googleusercontent.com/gps-cs-s/APNQkAGwa8pxQAlT3nGRls4tCXadudAlqhdZdcGVSsuAbjoFtvf1Z1im7HYBxm7Z9aA4bLfYF1LVEjdSZDA6mRCr7VTjIOmT9-eTkInFTZm8Md7mByiI_Fdgb0S7A2xFKr9QfqPYv30TMA=w1200-h800-k-no
Tebing Mandu Tontonan,"Desa Tontonan, HRJ4+4QV, Tanete, Kec. Anggeraja, Kabupaten Enrekang, Sulawesi Selatan 91752, Indonesia",Kabupaten Enrekang,Sulawesi Selatan,https://lh3.googleusercontent.com/gps-cs-s/APNQkAFmfh9q0p7za_LoqPhvknLie-JzhsNWuB07OvZtkl2ygqYZ2JDH8sv1S5Zv5Guq139P_OdClr0T42Zl3Ta3BUGILqBQSGr1C4wsJnmfKWEqs6cr6IOJOCsQCp_3TufiIhNRNrLvyA=w1200-h800-k-no
Wisata Alam Tapubungi Pebotoa,"RM7Q+96, Pebotoa, Kabupaten Morowali, Sulawesi Tengah, Indonesia",Kabupaten Morowali,Sulawesi Tengah,https://lh3.googleusercontent.com/gps-cs-s/APNQkAEFTfsbn7F5FuUZ9XLG7JGklrV0XfqM9ZV1jBw0FoqWpv-OJeWHsBfx6_dLgE8Nv8WrxW5JVglGvkfxWDbuB6gHI4lx5UpO1U6_N664VS0ap4J1na1CEFK84qHWYfV3zF1dwOi1NQ=w1200-h800-k-no
Pantai Bahari Doulan,"Jl. Buol - Gorontalo, Doulan, Kec. Bokat, Kabupaten Buol, Sulawesi Tengah 94566, Indonesia",Kabupaten Buol,Sulawesi Tengah,https://lh3.googleusercontent.com/gps-cs-s/APNQkAGzYs8sWSIt58BVxDy2ShKUv6Vv9fbmX-5t5W6NMy_PCLLGASOQHJYvQQNFTPNstStaRQiUWbmIHHembxtQvbOmMoaQvj-cazWi5k4kgHWQsFeAFyN_G8ZbAgOT49NV11kHCIID=w1200-h800-k-no
Pantai Molobog,"Pantai Molobog, Molobog, Kec. Nuangan, Kabupaten Bolaang Mongondow Timur, Sulawesi Utara, Indonesia",Kabupaten Bolaang Mongondow Timur,Sulawesi Utara,https://lh3.googleusercontent.com/gps-cs-s/APNQkAEWYG79h__E2MnGM0MPZgvNMDx27-XVDioIBxz3lmQoaqrTtz3W5s6VpYkq6rLiWga_9uVIBz8fleAbaXS5siRkn5yqNOjzmGDeq2yqWZD-yHZw_tARhuHoujaKoYq-AUY6s7cSPw=w1200-h800-k-no
Air Terjun Pangasi Loto,"6QVF+2C, Loli Tasiburi, Kec. Banawa, Kabupaten Donggala, Sulawesi Tengah, Indonesia",Kabupaten Donggala,Sulawesi Tengah,https://lh3.googleusercontent.com/gps-cs-s/APNQkAEJls7CLm6wQBw6-34w-onhOVuw73BKmW37Svy8OzUNVLval3ZX9SlgLy1ak7f5tDMRt8GZtVc4DXjOQaRaBg7BC5-uUYVO66yJeWdmJ6yGGEB34gx1SqJu1hksKmkfVbedTDAV=w1200-h800-k-no
Pantai Black Orange,"2H4H+GVV, Jl. Poros Ujung Lero, Wiringtasi, Kabupaten Pinrang",Kabupaten Pinrang,Sulawesi Selatan,https://lh3.googleusercontent.com/gps-cs-s/APNQkAEQB23kfxZSZHwfCBkp08gRzHfWKUrVnKMjoCB7MkYLyPAcIm4cll6w3ZPAXXULmLVrJmhxpniwP6a7UQ8CCBYZyZKerphIsZeeR12kpVnE__bVPKIFKQIFtf2ZanWJanf0kO3A=w1200-h800-k-no
Taman Ganggawa,"Jl. Wolter Monginsidi No.10, Lekessi, Kec. Maritengngae, Kabupaten Sidenreng Rappang, Sulawesi Selatan 91611, Indonesia",Kabupaten Sidenreng Rappang,Sulawesi Selatan,https://lh3.googleusercontent.com/gps-cs-s/APNQkAGTd0acYuwROoVTdwbtuxYuhzdqmreLCb50sKL6uAQDLshj7kCKQwjglWW_WHWxS0VyZ_HiQ2jbRPvu8JCzELgvt7iotGG3t_vrVCx7pY87Wyxs7Da9bGmjxUFzddkIqz-7awxfDg=w1200-h800-k-no
PANTAI TOMBAWATU,"4GF4+VGH, Tombawatu, Kabupaten Konawe",Kabupaten Konawe,Sulawesi Tenggara,https://lh3.googleusercontent.com/gps-cs-s/APNQkAHGhrOMk8oyjnDZD4ya2vMubd43NNribi-QWSuGDdkXPk7oBoFKNQo-cDXF8J95FqLy8m5JtmoLdiy6mPwuI1xRX_eSdAOm892yJkhE2yL-6kF-3L4n0pSDBlxkuQpsac3anXty=w1200-h800-k-no
Puncak Pakoba,"GF57+PG, Iligon, Kec. Pinolosian Tim., Kabupaten Bolaang Mongondow Selatan, Sulawesi Utara, Indonesia",Kabupaten Bolaang Mongondow Selatan,Sulawesi Utara,https://lh3.googleusercontent.com/gps-cs-s/APNQkAFiQAELAEf7ZmsZwcCpLLgTzXc_DOaesQWTOIkdFbCuib1_oDGBsvrJNq4zE0w9EbTjG6MMdHOpUJbLaM1GW5l8B283r9roGe1l8c_NidhXqkiOKKnC4JCQS-ZaG0-a7hD1x7pl=w1200-h800-k-no
Air Terjun Purapasuan,"Posi, Kec. Bua, Kabupaten Luwu, Sulawesi Selatan, Indonesia",Kabupaten Luwu,Sulawesi Selatan,https://lh3.googleusercontent.com/gps-cs-s/APNQkAFY-suBS0fVX2qXjvGrJM9M5mYn9h4kj0vSl47pbO155IfFd5nQ1QFg5tAhW4q5-QWegPXtN9A00WNkFhYzP0-plCIeEMseWNZhY3t4HN6A3LE27DiuQQexhM5R-K4eurRT6WFLxQ=w1200-h800-k-no
Wisata Alam baruttungnge,"FJ8F+84R, Lalabata, Kec. Tanete Rilau, Kabupaten Barru, Sulawesi Selatan 90761, Indonesia",Kabupaten Barru,Sulawesi Selatan,https://lh3.googleusercontent.com/gps-cs-s/APNQkAHq-O94DJAdhc_dWgRIFilE6jw1XmxxNmI313dq6dRmjeZedmBfgfgdkGroFFZgkI_o5XfTLICzbSp8peAM3cnoZfCvG0Lc9z3oNs9Kj-fnoWO-krLISurbQxQvup51agt_Wq0G=w1200-h800-k-no
Dermaga Pulo CINTA,"Unnamed Road, F8P3+V54, Patoameme, Kec. Botumoito, Kabupaten Boalemo, Gorontalo 96264, Indonesia",Kabupaten Boalemo,Gorontalo,https://lh3.googleusercontent.com/gps-cs-s/APNQkAHlD9atHIdvmndMfFsj3r2w6jJHi3U3BuKCOSWBTk75rjnVY2ehp-Lhq96E-cfXwpW2jCwQhY4yynFS6rwF-DGT3OF2-ert7Nt3iXV1k6qKDxDmfKIdmpy_uKU1xc2AOw0B3sMG=w1200-h800-k-no
Kolam Renang Yeh Anget,"H3PF+WH8, Modomang",Kabupaten Bolaang Mongondow,Sulawesi Utara,https://lh3.googleusercontent.com/gps-cs-s/APNQkAFUceqylbPkVJoCr3OP1Xs8WDnIUEiqlqAapwILCSpNL_8CVCcMWXv75Mk3g29lq_XSR28VNtLwHetPqquzfZj77XHqCJ8xSxLvlWEeS48JcM_cGirtYeKO_480pJb3KBTb6rYD=w1200-h800-k-no
Pemandian Sungai Paneki,"Unnamed Road, 2XG4+2PH, Pombewe, Kec. Sigi Biromaru, Kabupaten Sigi, Sulawesi Tengah 94364, Indonesia",Kabupaten Sigi,Sulawesi Tengah,https://lh3.googleusercontent.com/gps-cs-s/APNQkAHhHi27LF2XyrFkoHxKxvimMRbIiilRDPU23XkOUm8BjSpfALk7bWyialJ6_IxDBM28MsOI7nI4Q2RdvjBRhZ7vvLxYSx97Fu5ujfJS8-bbbkEkY0ZjpZ31Rv973Aceq7U_GeLBFQ=w1200-h800-k-no
Air Terjun Buleleng Trans 2,"X6F9+H4F, Buleleng, Kec. Bungku Sel., Kabupaten Morowali, Sulawesi Tengah 94974, Indonesia",Kabupaten Morowali,Sulawesi Tengah,https://lh3.googleusercontent.com/gps-cs-s/APNQkAEYz5jLb3rFsrf4iUec2z1sryDFE7ZIG8m5GbgX5INjKmRZLhlxraO2FH5icIs4prGcdXxEUWu3yAucpKehaEbtS8Yq8c05LYsePF2ciC9n4CzfnhYJjvIaoxJ7FyG0KBA2Dr1Cog=w1200-h800-k-no
Benteng Takimpo,"FV32+F7X, Takimpo, Kec. Ps. Wajo, Kabupaten Buton, Sulawesi Tenggara 93754, Indonesia",Kabupaten Buton,Sulawesi Tenggara,https://lh3.googleusercontent.com/gps-cs-s/APNQkAGLxZ5UCQzuZRcKkvZwoDTCeMgwHGJvLpYaF0CywovQ13LVpEb1H6T_9d6qHogX_HzhuhW696GlUxpHHI4OIhvKJ0gEW_8KqDPDduX4WBu0QjPn8QOkPdXss_inHfPc22HVmpjV=w1200-h800-k-no
Obyek wisata batu payung,"Biring Ere, Kec. Bungoro, Kabupaten Pangkajene Dan Kepulauan, Sulawesi Selatan 90615, Indonesia",Kabupaten Pangkajene Dan Kepulauan,Sulawesi Selatan,https://lh3.googleusercontent.com/gps-cs-s/APNQkAE7shjA5wezTWuzuLPoWSDVtSeoeq7n0V4Y0WJN92TKkcFhWJ73aOONhaitxYFs0PmpCnoHhx4b1Dvrvczoq1LNUd7Ra63CeABCrSPjptj5FwTrhtwVac-0GjGVdiWT1VFEG3aG=w1200-h800-k-no
Pantai Kelapa Lima,"Pantai Kelapa Lima, Kelapa Lima, Banggai Selatan, Banggai Laut, Central Sulawesi, Indonesia",Kabupaten Banggai Laut,Sulawesi Tengah,https://lh3.googleusercontent.com/gps-cs-s/APNQkAFNPHXSN6dBHOW29P1LJSb-0_D077peOIqBt0V-iC6Zgjn79gQzYEUmfcaQlnX49lGqFIaj--FSqckEUEshtS2Y1_Sor11jaMsR9Vjih52AsRdPAo4EFQUm2RhmgnGasTTLVoPn=w1200-h800-k-no
Makam Raja Lakidende,"Arombu, Kec. Unaaha, Kabupaten Konawe, Sulawesi Tenggara 93415, Indonesia",Kabupaten Konawe,Sulawesi Tenggara,https://lh3.googleusercontent.com/gps-cs-s/APNQkAFjRKO-12Y5CsuJW2BgR9BBy7uj_vEYkUWdPI02ODuULXw3K7lmULxE6nTTJWMTKlcQ8cYwBjS3-KXjRJ3Vf4-n78KeLHZKMRezDANLlhgV7pVgBhhp5HdRisyBbgvnAHRzKLN-KXgIpyna=w1200-h800-k-no
TUGU BUTON SELATAN,"FH6Q+68C, Lawela, Batauga, Kabupaten Buton, Sulawesi Tenggara 93752, Indonesia",Kabupaten Buton,Sulawesi Tenggara,https://lh3.googleusercontent.com/gps-cs-s/APNQkAEnFk9NJPj-FpY0Fi64wRjjywdvL82xWYIVoRvQ6gpzoONE4aH0kdLfgSyVCGJMoMk4mXHDLRbFOT-PhBhHGbvdvh1g-MVMT-QGJWmbHEmNTqvvuKz_xs4jm63SzyJVEERi2guF=w1200-h800-k-no
Bukit Doa Pinaling,"5JXG+398, Pinaling, Kec. Amurang Tim., Kabupaten Minahasa Selatan, Sulawesi Utara, Indonesia",Kabupaten Minahasa Selatan,Sulawesi Utara,https://lh3.googleusercontent.com/gps-cs-s/APNQkAFM8DEGCPUgY3a-M5UultU4iEU8rwiKIL2o-ZJF4mfqL4dE795EVxF4kb23AfotUib9cH01LL4M9TwovYY3xKIQjjxQe4BVWbhnGTwejoeXJTxt-NY986wQRa44MhmHztUB4z8vPc0YJ6Ag=w1200-h800-k-no
Puncak La Kude,"4MHJ+VWG, Jln. Kawasan Puncak, Masalili, Kec. Kontunaga, Kabupaten Muna, Sulawesi Tenggara 93658, Indonesia",Kabupaten Muna,Sulawesi Tenggara,https://lh3.googleusercontent.com/gps-cs-s/APNQkAFk1yVe9yj7QLM5U_bkZP3dsFEDaH2HmgBGYkl4YjyYgjwVNoNVqOq_Z18Zh8aIn5ko82PNgGyPDZ-1vyHu27g6lYFy7ou-j6PZscV6IIRab-f_OMEekVS81A8pYNOAfZVih9oC=w1200-h800-k-no
Gunung Katabha Dana,"5MP3+JQQ, Dana, Kec. Watopute, Kabupaten Muna, Sulawesi Tenggara 93658, Indonesia",Kabupaten Muna,Sulawesi Tenggara,https://lh3.googleusercontent.com/gps-cs-s/APNQkAEd0KXliDK47qU0pkzNnxGivxHX_mUHjq1jlN67FDUDdPkozd2oOLfLD4F8abqFT5uJkFojVo6X-QXrpOPkMctMU--LN1t3HkmiEiCQQF63eZzx_GczZfkFXs-9A0yyn6FSGYlQ=w1200-h800-k-no
Batu Karst Pundo Siping,"CGQ9+C7P, Garassikang, Kec. Bangkala Bar., Kabupaten Jeneponto, Sulawesi Selatan 92352, Indonesia",Kabupaten Jeneponto,Sulawesi Selatan,https://lh3.googleusercontent.com/gps-cs-s/APNQkAHMDhaQdcC7zJ_KNZPSnvUCZgUq9cDAWMnX9g2Odf9Pdv8PBNR0yrf7YkZcvZQclBtcWaomM5mnYeiSF_H3BXQXG8ryDpec-jKhvh9NFbJzurtJhyON48zVGeLQuCu4ZBpQUISv=w1200-h800-k-no
Kendari water front city,"2J83+2H3, Petoaha, Kec. Abeli, Kota Kendari, Sulawesi Tenggara 93236, Indonesia",Kota Kendari,Sulawesi Tenggara,https://lh3.googleusercontent.com/gps-cs-s/APNQkAFqZQoQGlbYFOu5_8d_FGfVLLwXWJMkI_CHsFURHNnR17Zy8sFNuPc5UeCo6OPjyEt3-oaQOB0NEoZAnCHNxaCkEdkWv0wbzAOk8TGiDJVL11bj_72SndKnxPJcfd3yr11CQJOYkUZEdcpy=w1200-h800-k-no
Danau Moko 1,"RHFM+69Q, Oempu, Kec. Tongkuno, Kabupaten Muna, Sulawesi Tenggara 93662, Indonesia",Kabupaten Muna,Sulawesi Tenggara,https://lh3.googleusercontent.com/gps-cs-s/APNQkAFCCXZemi6E7ozXYAjHdx8aM8LOmBKAtiW0246_LukGiavb3aphu5hSjaq57Gs37kFDfjYGB8agku1akae6xo8g5KFT1aeS1HK8KPrKB639m7_aT5L95T0LAoEeAVHToQLN867C=w1200-h800-k-no
"sampolawa,kabupaten Buton Selatan, Sulawesi Tenggara","sampolawa,kabupaten Buton Selatan, Sulawesi Tenggara, Unnamed Road, Tira, Kec. Sampolawa, Kabupaten Buton, Sulawesi Tenggara 93753, Indonesia",Kabupaten Buton Selatan,Sulawesi Tenggara,https://lh3.googleusercontent.com/gps-cs-s/APNQkAE7yaJAKUeQjj2rsnj44vT9JKJA6_JDuqNHwQY0B5AE54CjP8aVpOj9tB7RJqrfSoMLgCxBD5Mo1MQP8wTAK-cZKQJxF9ZmOhrUhf2CIXiRu_AxKzYBQc0RB3LfayEy-TL7iDMH=w1200-h800-k-no
Monumen Korban 40.000 Jiwa,"GX3Q+H5Q, Galung Lombok, Kec. Tinambung, Kabupaten Polewali Mandar, Sulawesi Barat 91354, Indonesia",Kabupaten Polewali Mandar,Sulawesi Barat,https://lh3.googleusercontent.com/gps-cs-s/APNQkAGVEaUceEIosR_O_i5fkpsUEe1SuiVryVMDYb9QnB5GJuXbgLNSrk70Jf-fdhmw8A_8tQwm-kErguX2mMmEVp2AFgORTE_58G5_GYkkEnVqUAkfNc0o4drjT47WtckIbc8pMxsRpA=w1200-h800-k-no
PANTAI TAMARUNANG,"PANTAI TAMARUNANG, Jl. HV. Worang Tamarunang, Biringkassi, Kec. Binamu, Kabupaten Jeneponto, Sulawesi Selatan 92316, Indonesia",Kabupaten Jeneponto,Sulawesi Selatan,https://lh3.googleusercontent.com/gps-cs-s/APNQkAGn-froTnACq76IBpqYcWmbpTwDVugPRc6GS8FLAzI7Wlbq19FQo5n2nD_uYFhRbohBMs-RkxIynX59qoJ4VR3qGQW1bGyEQKL3nCsD5GHnaQ7CT3XJn7zo77HgYB7u0gNEkN30=w1200-h800-k-no
Pantai Buntu Matabing,"Pantai Buntu Matabing, Buntu Matabing, Larompong, Luwu Regency, South Sulawesi, Indonesia",Kabupaten Luwu,Sulawesi Selatan,https://lh3.googleusercontent.com/gps-cs-s/APNQkAHSY02-PY3h2r87JjLBAzbZitmG_FEYsE4jN2JHUiysX3XqEo28iLMaw9mR1Bo40apeffW9X-fehMjlqiYAFQ_oppdCsI9MazbGXLFX5RnjQpH1Y99LVOxJEDRTteWWgOl8gur9qQ=w1200-h800-k-no
"Kawasan wisata Alam ""Manguni Sapalalum"" Lelema, Minahasa Selatan","7JGX+4G, Lelema, Kec. Tumpaan, Kabupaten Minahasa Selatan, Sulawesi Utara, Indonesia",Kabupaten Minahasa Selatan,Sulawesi Utara,https://lh3.googleusercontent.com/gps-cs-s/APNQkAFMHMS542UxkueB_r-kHeRZcqbUMDIZvmcDy6hnqhrWeaEMHFWc-V-8hiJCS1WS4F3VrEGEqqlbfeLBlNGT1RRZKCzCc2qsgeHuHwCNClYCJJd_D0_iD-LV0OOIImTFJo3JwRFcZ1MqMbY=w1200-h800-k-no
Laa Waa River Park,"H69F+HHJ, Matano, Kec. Nuha, Kabupaten Luwu Timur, Sulawesi Selatan 92983, Indonesia",Kabupaten Luwu Timur,Sulawesi Selatan,https://lh3.googleusercontent.com/gps-cs-s/APNQkAF-40ODfkfObUddYa_HAbZZS-Ktr9rIKvt53QoNc18xLE2pla92u-zoEqBBSdRudYKNLVoob8H9FUUvpnm84loWdX3szULZVfJjbQcjJPEKhF_Gj4EfKwoOLPE-X00y5PgbYG4=w1200-h800-k-no
Pantai Batunggulung,"M8WW+6HV, Pantama, Kec. Kajang, Kabupaten Bulukumba, Sulawesi Selatan, Indonesia",Kabupaten Bulukumba,Sulawesi Selatan,https://lh3.googleusercontent.com/gps-cs-s/APNQkAGja9qk0HzAT4HX_yW7cKseoC8tXPN5Pz__oaOZreDkVXn7y-on-JMVDy3cjIK7y1iEANp-RRglUvBzhc6D-npqHIz8NZL_hH18pGkks6b5wWrp8Aog8y-RIq2Yr9JpZbOvO-98=w1200-h800-k-no
Air Terjun Tetewa,"FG53+QWJ, Likuwalanapo, Ueesi District, Kabupaten Kolaka Timur, Sulawesi Tenggara 93575, Indonesia",Kabupaten Kolaka Timur,Sulawesi Tenggara,https://lh3.googleusercontent.com/gps-cs-s/APNQkAFPY7ptAocKOZMsjiQUYsdd5FtQhjgDAvFrTsFYIxKzgCPapK-DAm4ebnIXw_yx4U3DLTtPqDjh4_K00IBUnse97tTKLA6esHSN5DNR7NaMY-GCq1q7c7fSrcwrm1YufpBm2RzT=w1200-h800-k-no
Wisata Tebing Mattoanging,"Matongin, Lembanna, Kec. Bonto Bahari, Kabupaten Bulukumba, Sulawesi Selatan, Indonesia",Kabupaten Bulukumba,Sulawesi Selatan,https://lh3.googleusercontent.com/gps-cs-s/APNQkAFw6mAclNUoofjXYiau5cmNEtIOqGVheqlc5k0jI4sCjzNcPhIsfpmmFFbgGOyNe_3PDGe4w2NO7DHnzviAKll9C85R8rcN4elp3XGNmiATbsItbHI4JWkjq7ZhIXdRBoZvDic=w1200-h800-k-no
Bukit Teletubbies,"3937+69P, Gililana, Kec. Petasia, Kabupaten Morowali Utara, Sulawesi Tengah, Indonesia",Kabupaten Morowali Utara,Sulawesi Tengah,https://lh3.googleusercontent.com/gps-cs-s/APNQkAG6-1i8DWIH-cAt-ZMnXOE83wROUFPRKZHKeXjeMUv9s89edtWZ0mzkmo5HGcyJzW_IUgOfOmDgpGwtcqB3aIT7KZcWxXn5b73nFIILugYhEfP1hczw3TAfM3DRi9Atv-4E9vLX=w1200-h800-k-no
Gereja Toraja Mamasa Jemaat Bukit Batu,"RFWM+XQ2, Antang, Kec. Manggala, Kota Makassar, Sulawesi Selatan 90562, Indonesia",Kota Makassar,Sulawesi Selatan,https://lh3.googleusercontent.com/gps-cs-s/APNQkAHJasGyblJxkfgyD_XR0hhWqYZVBFCrBJAh5jsGEpo_-ONSvzUJQAtdOxkLrPzOSrwHaF0aPzQqopn_Fqrb1j1iy2QTsowus-6TKi0089jFI5Fq2k0egz-SqUJX5DnjzHU_9Sc=w1200-h800-k-no
Tanjung Kartika,"WM66+5C, Wawatu, Kec. Moramo Utara, Kabupaten Konawe Selatan, Sulawesi Tenggara 93891, Indonesia",Kabupaten Konawe Selatan,Sulawesi Tenggara,https://lh3.googleusercontent.com/gps-cs-s/APNQkAFcFy0Iwvfhu6v-6GhygQOuOsy6bDUUk0KBWeItBUlrBHmLNmMeV30ZO3k5cHBn7J1gHzasSrAGW3iBuVcqz5aXBeuP7nAF4woIz6vJBPGPQO4sNVUbXqd_d6Bk8xHk7HOkif76=w1200-h800-k-no
PANTAI INDAH BATU-BATU GALESONG,"Aeng Batu-Batu, Kabupaten Takalar",Kabupaten Takalar,Sulawesi Selatan,https://lh3.googleusercontent.com/gps-cs-s/APNQkAHqaHd7ymgO7rdk7KG0ITBwPMOp7u7vw1q4qVq05K2kpdPmJwAxT3i8pAIhh6PkNS2zDOaDrZCmODKw4aF7KdNvaJyjPqDda8cO0qh6bs_784uHez751_VDt__Zc3QRA9eMv66QhQ=w1200-h800-k-no
Dermaga Kayu Biringkassi,"5FPW+V3, Bulu Cindea",Kabupaten Pangkajene Dan Kepulauan,Sulawesi Selatan,https://lh3.googleusercontent.com/gps-cs-s/APNQkAFFqiAb909-YChIy3IACi3OSjawfpULT_RV8QeiqVBtU-tMYlm8sh3rhy3Ky5MXHgtsmHSHmouHW1mR620r6tT-nIYs7I3m1Pz2_LDapZVxcO0uJKFqLyceIm32K9ENNnnfXPE=w1200-h800-k-no
Pantai TOLUNDADU BOLAANG MONGONDOW SELATAN,"Pantai TOLUNDADU BOLAANG MONGONDOW SELATAN, Tolondadu, Kec. Bolaang Uki, Kabupaten Bolaang Mongondow Selatan, Sulawesi Utara, Indonesia",Kabupaten Bolaang Mongondow Selatan,Sulawesi Utara,https://lh3.googleusercontent.com/gps-cs-s/APNQkAFkILpltK9adh3E7h0mGTMb43WK6rLiXXFW1xdEiX6lgV7ffzgziPsOKOzohhbN15JTsgIg8kBD9CYXy3fyvpP7EMWwPMJVjL6DZg8LsALaUdAU9NSf2811LFaaw9eTba16G0oNCg=w1200-h800-k-no
Sungai Batu Mallopie,"Maruala, FMFX+5JP, Lompo Riaja, Kec. Tanete Riaja, Kabupaten Barru, Sulawesi Selatan 90762, Indonesia",Kabupaten Barru,Sulawesi Selatan,https://lh3.googleusercontent.com/gps-cs-s/APNQkAGLHXgntGbNliN5pJCPkqeOF0Z4abwnP7tOTOJtw093tK77TQniIj_x6EvEPu2cGdUFMIqsmlYu3HMKMnmVOFxz4DDV_ihnHiCS3xTQeHKiGI4hyrYNAdAIC7vqqwQYcQGa9Zzr=w1200-h800-k-no
Air Terjun Biru Seruni,"237V+3M4, Lelewawo, Kec. Batu Putih, Kabupaten Kolaka Utara, Sulawesi Tenggara 93955, Indonesia",Kabupaten Kolaka Utara,Sulawesi Tenggara,https://lh3.googleusercontent.com/gps-cs-s/APNQkAEKxQ9e1NSLMb2ihrwwU3h6E4Hf2ElfVbiv-c4181TY-QXJnj0a3BzrjmFzqoqTXSTpIbjKh0FDAYv70UK07Et_RtfatjMcFW7PyPNR0nHRIQ0Bmo61--zvdgHTUc_Ya1r3q0zU=w1200-h800-k-no
Bulu Nokilelaki,"Bulu Nokilelaki, Anca, Kec. Lindu, Kabupaten Sigi, Sulawesi Tengah, Indonesia",Kabupaten Sigi,Sulawesi Tengah,https://lh3.googleusercontent.com/gps-cs-s/APNQkAFsVUjHGqx4F3nUjH_fXg1VmJxm71XqaJQbuz6KVJIuxDkPEig_BnBkNdpFRsSYQQ_7MOZ8m93q9ux6eOQfdB4z1J7kX5Bb0Ho8XeBDgyDksoFyn6YI5pZHg2XtjoVDiSerFTzP=w1200-h800-k-no
BENTENG WAPALA,"658J+472, Bangkudu, Kec. Kulisusu, Kabupaten Buton Utara, Sulawesi Tenggara 93672, Indonesia",Kabupaten Buton Utara,Sulawesi Tenggara,https://lh3.googleusercontent.com/gps-cs-s/APNQkAG48jM6o_x3kJedSIMolrCgYdiHm9qKerbLHiX4yE0caOol7Hq-0qEOT3k4B64CXLeQDA_sqbwwN2oHI8fzuaWa7WgHfMfM1z3cfZRbanWVtkLV2pQ_2HfbDCvTVKmsa72Ufb79=w1200-h800-k-no
Permandian Putri Wambona,"4VP7+P5G, Wambona, Kec. Batukara, Kabupaten Muna, Sulawesi Tenggara, Indonesia",Kabupaten Muna,Sulawesi Tenggara,https://lh3.googleusercontent.com/gps-cs-s/APNQkAGCZ6ujzRHTg6r91icc0xU7Pz-DuiMwteTc2OKiOYwXb9p4N8UlYlm6JsgfNyymk5yTIlXx3v5RlpNJbxxfFWcp46_RZSUYYYm5byVe9RPLILpe5CycX7A9yh1RVHHOvZwYEY8TbA=w1200-h800-k-no
Puncak Totongkoran,"9RQR+R27, Kali, Kabupaten Minahasa",Kabupaten Minahasa,Sulawesi Utara,https://lh3.googleusercontent.com/gps-cs-s/APNQkAFl675d-Q5eq40WPl8nIFGoTmi_XBff8U7gLTR9Ao-s47jyFpRtTXYRDEUbsm1o5a4Fq9glFJAhF6DHGkm3h5As8weY5USxt6fNskCf3zLhR7QkFA5L2X0zuNSgO9DkwyzJDLPx=w1200-h800-k-no
Embung laduyu desa talata,"3R8H+884, Tawarombadaka, Kec. Tinondo, Kabupaten Kolaka Timur, Sulawesi Tenggara, Indonesia",Kabupaten Kolaka Timur,Sulawesi Tenggara,https://lh3.googleusercontent.com/gps-cs-s/APNQkAFQo_g8098l4R9AyWeRWDwaC9bpwzLZkfmz1vY8b4m9BMZtrETp1_e_MRWgFbQTa3ZnXwpbVSdZJLIiiPlpgc5kNw7eoofCkwHe5nxJ49UCeExcbCFiJoiQRxjKQCBwc1o6egy2VQ=w1200-h800-k-no
WISATA ALAM BUKIT BAHAGIA,"RJWH+49, Benteng Gajah, Kabupaten Maros",Kabupaten Maros,Sulawesi Selatan,https://lh3.googleusercontent.com/gps-cs-s/APNQkAGIYVMS3cq8CWPEUTnjbVGMIMEper43Ei2bivU37hamX6XCjTKbgZmnc2SUN42A4pGPO1W_lYfskh4P2EU67pr4Yzty70VbAv4xNza7QnJdt9q_OeHQH-IXWZdgLwg3Qx2jtlcn=w1200-h800-k-no
Wisata Kampung Galung,"P2W3+58X, Jl. Persatuan Raya, Barania, Kec. Sinjai Bar., Kabupaten Sinjai, Sulawesi Selatan, Indonesia",Kabupaten Sinjai,Sulawesi Selatan,https://lh3.googleusercontent.com/gps-cs-s/APNQkAHLaCrUpwsOXJgjfNOx5SxOLuI3daoS8knxl5seEc7Kwetilu-Q9B2nyJYRHJqpntbGjmWB3tMottZQaSljRkPl7Az-GV_eGqdUl7ZL1J7pTSMNAHPaIFioN1SF1zPy_cvuuGH7AYX70Qzy=w1200-h800-k-no
Puncak Gunung Nona,"GRCW+WC9, Rosoan, Kec. Enrekang, Kabupaten Enrekang, Sulawesi Selatan 91752, Indonesia",Kabupaten Enrekang,Sulawesi Selatan,https://lh3.googleusercontent.com/gps-cs-s/APNQkAGBuJtCeq5rR62fnrRNcK3q3DdQAANBCPwrFXRtrP0MQ4TKtWEjiNfTsxXMjRDIxhr2Tyun5XzX4mv3XB4jCb0kMSmyds9D7rx-ySWWA6hyyUSUCpFPQf3qMtLmC0S_NIMsMyo=w1200-h800-k-no
Air Terjun Tiku Wuarau ulunggolaka,"2HWW+328, Ulunggolaka, Kec. Latambaga, Kabupaten Kolaka, Sulawesi Tenggara 93514, Indonesia",Kabupaten Kolaka,Sulawesi Tenggara,https://lh3.googleusercontent.com/gps-cs-s/APNQkAGjwXoTd9egYAUmH6QTlUxvn2zuCC0t4BfVtAhpto4_iRykyyNJINFTYzJBuBP7vgwFtbEO6B_J5ZWsVwXgOLFYZyPij4efBfR0fBT24GEAuP-QkYZgdyQeqbZqcSSHnXc1qT_1jg=w1200-h800-k-no
Wisata Bukit Soe,"Dusun Galung Paara, Desa Pamboborang, FWPJ+RWC, Baru, Kec. Banggae, Kabupaten Majene, Sulawesi Barat 91415, Indonesia",Kabupaten Majene,Sulawesi Barat,https://lh3.googleusercontent.com/gps-cs-s/APNQkAHBso2CWhLRPVBJQwrCmxc8EKvMay6n909Dp8AZI39BbuMkDM2lXUWBMc2aPyRAWIdQUN9tKQs4p8Xe2TGPXM-S22-S-N6YmddGhdJF7auHBHcDGx_J0AUkhniNIuwzg22BJvvL=w1200-h800-k-no
Goa Janji,"Mallari, Kec. Awangpone, Kabupaten Bone, Sulawesi Selatan, Indonesia",Kabupaten Bone,Sulawesi Selatan,https://lh3.googleusercontent.com/gps-cs-s/APNQkAGnhwIOVXPznSZn9N2I2zvfqPCZv9PuhrP98MtyuojmRxqf83m9ObkWukOMi-YdZykV-Hy8vHfsyO28x_iB31tHVi3M6sY52vDZQnz0T-nlsSUCrPBLjdgj2m7l9tzq2CfUiQEZJA=w1200-h800-k-no
Teluk H2M - Motandoi,"C8VH+R64, Motandoi, Kec. Pinolosian Tim., Kabupaten Bolaang Mongondow Selatan, Sulawesi Utara, Indonesia",Kabupaten Bolaang Mongondow Selatan,Sulawesi Utara,https://lh3.googleusercontent.com/gps-cs-s/APNQkAEAopT6DMUVQMGLCUgB1Wp_SG_wr7rNdHsLBVgXPE3j_h5o5dvO_XmMowCH5vfDm-TeYk_ktYWLPBY0Mk1m_puGXeHM1xRObkSQl7ey2P_KijV9MBYdj7dS3_Modtk2mNGMBApYQ4SJGj7W=w1200-h800-k-no
Buttu Pattumea Betteng,"Balombong, GWG9+XXG, Betteng, Kec. Pamboang, Kabupaten Majene, Sulawesi Barat 91451, Indonesia",Kabupaten Majene,Sulawesi Barat,https://lh3.googleusercontent.com/gps-cs-s/APNQkAHYBnseCdfMbaIGbgrPrMd5utqlRzfOLALajq-IGWS83yFzT21OstZUG93c_VQhWCof_aTWH_66yAq01052Z1KIxXaxymCI_csirIIcEviDGA2Ea7r2h422Jp4Y5jY1ZTB11nUi=w1200-h800-k-no
Lorong 3 Wisata Pantai Botutonuo,"C4XF+XXF, Botutonuo, Kec. Kabila Bone, Kabupaten Bone Bolango, Gorontalo, Indonesia",Kabupaten Bone Bolango,Gorontalo,https://lh3.googleusercontent.com/gps-cs-s/APNQkAFXop-QHITDbWTGnQWznm03MCVnqAhdqb836FI29JdrrMQ4C48pdo1ULewMRRn1AT0f_rwLbHw8M13W7qDiWKd-xAZ77OQtGhmzTrELULER341o1NIZ-U3gzBsl2CUo0CCzNV1jYw=w1200-h800-k-no
Wisata Alam Biseang Labboro',"WPW7+9W, Samangki, Kec. Simbang, Kabupaten Maros, Sulawesi Selatan, Indonesia",Kabupaten Maros,Sulawesi Selatan,https://lh3.googleusercontent.com/gps-cs-s/APNQkAEOBXU1cQz_m1KO4uhktvnUogMvBdycPu03uOTzTMBpVb4wZMI4yJOS8VpOfxjf7AyrJjfBWCqEch13KPxWdA_0Tl9H8lTMTdQFFsizPRAFDlxUFDCAxFD_aGE6BE1IHEIqZPEkBA=w1200-h800-k-no
Taman Religius Nona-nonaE,"3MGW+RJ9, Jl. Pare-Pare - Sidrap, Lainungan, Kec. Watang Pulu, Kabupaten Sidenreng Rappang, Sulawesi Selatan 91661, Indonesia",Kabupaten Sidenreng Rappang,Sulawesi Selatan,https://lh3.googleusercontent.com/gps-cs-s/APNQkAGuXz0X6PckZ19qoRIHjbT1gJAQYYDp9GQVD8bF3luNLR3SclABVx1QW8MJ-N9i2049zcmcrG6XvU9b7jIn5VGGMJQLm9yVOuqxyhR56S0gsiZBc6Nu-RejSN8AeOJOBhhBtnYs=w1200-h800-k-no
Taman Reformasi,"XJHJ+HMV, Jl. Reformasi, Kp. Baru, Kec. Bacukiki Bar., Kota Parepare, Sulawesi Selatan 91121, Indonesia",Kota Parepare,Sulawesi Selatan,https://lh3.googleusercontent.com/gps-cs-s/APNQkAEvW5Uhxsz1Vn-b8qyEhjd9B652ttB09mCEDZmngcttotOuNhAYSxYRmsoFa8CtS0KOYltyRmM_HRnL7ng54TprB4T0jTd8AU9iIz6Qq-k9x3HtVSR5Loc33CzCTYm8fSSRUH0=w1200-h800-k-no
Air Terjun Sarambu Ponglu,"4RPV+VX5, Sarambu, Kec. Buntu Pepasan, Kabupaten Toraja Utara, Sulawesi Selatan 91854, Indonesia",Kabupaten Toraja Utara,Sulawesi Selatan,https://lh3.googleusercontent.com/gps-cs-s/APNQkAHU-pg8pMccSSZnEeqToE3LH_VZwbRN-K3K6RFadE-s37FKCbDuOxzkYJMRs2_4UOvPK8-qZGbJIoF9lGICWV6-ZiajahstbEm26NLPGKCiT82WNlrVEyoCtqpxwdUJftl8pDikIWKlFMM=w1200-h800-k-no
Hutan Lambusango,"QV42+8X2, Wakangka, Kec. Kapontori, Kabupaten Buton, Sulawesi Tenggara 93755, Indonesia",Kabupaten Buton,Sulawesi Tenggara,https://lh3.googleusercontent.com/gps-cs-s/APNQkAEfAFz2wBXD2TMZxOKciXq5g_phaR_gbBMkbdC6lYJKM2CSwH7uVcgq6FWDLihPm-HQt9PFiCCmTYBv97-8jWAb_JeUnv5vG5Jukzn2gCY2wICXfvY0oiStTqKqWUwQzLOrHNGb=w1200-h800-k-no
Wisata Bukit 513,"2573+9X9, Unnamed Road, Bar, Lebang, Kec. Wara Sel., Kota Palopo, Sulawesi Selatan 91911, Indonesia",Kota Palopo,Sulawesi Selatan,https://lh3.googleusercontent.com/gps-cs-s/APNQkAGt07HhjJ5PvaMe0AUg87qvB3e_Ci6Fyb_WKvJ1Flj-3ceuSJdmkQQjUlJSlIPAXMUlKIts7AOasJVX1nNdLD3sb4kSn6xf8tUQLJqvm9VdhPzXSzOsNMFffBvReqoefm5_Ykm5=w1200-h800-k-no
BULALOVE,"Unnamed Road, G8MR+5GX, Hungayonaa, Kec. Tilamuta, Kabupaten Boalemo, Gorontalo 96263, Indonesia",Kabupaten Boalemo,Gorontalo,https://lh3.googleusercontent.com/gps-cs-s/APNQkAHlxOGOajRVHVyBbPOGMpPrSd_eL_xf3vu7gImO6xUQ4PA6QNGa4wCbkitUNsXu3A0Pc9_R7nWC1ajANkIM_WcQfdTNQGOWVMf5djHETNq7iU_HvYeObAZl0lHdzRM2hkrIvoR9=w1200-h800-k-no
FlyingGear paragliding manado,"HRFP+2QP, Tiwoho, Kabupaten Minahasa Utara",Kabupaten Minahasa Utara,Sulawesi Utara,https://lh3.googleusercontent.com/gps-cs-s/APNQkAEFFkZ-xKSQSb7q05PObbOO0frvG19YoUO2f9H2LUdGCuFyRIEa30NTwMGVP_aW6d6xPQ5q1jf4zj4YjOtOAtfp-mhog_vBtoYnE65jubJJHRLLzzZ8jLbCvIx0TrQ-XYVu5WJCpdBhQN-L=w1200-h800-k-no
Qafwan Resort,"Balleanging, Kec. Balocci, Kabupaten Pangkajene Dan Kepulauan, Sulawesi Selatan 90661, Indonesia",Kabupaten Pangkajene Dan Kepulauan,Sulawesi Selatan,https://lh3.googleusercontent.com/gps-cs-s/APNQkAHMaFd5uxrTd_fWHNxJCfWMa6OwYWPSfymz-_Gbs4RzTl_x4GjL6dA8_2nLx3odSdbMsTITFJjaqAAAdzzf4ZvuD9khsLwC8diZsiZmYKaLBFtupTZYvTzLX88PTdMLJyOPJMa4=w1200-h800-k-no
Ruang Bernafas,"Talakayya, Desa, GWWC+966, Bonto Tangnga, Kec. Uluere, Kabupaten Bantaeng, Sulawesi Selatan 92452, Indonesia",Kabupaten Bantaeng,Sulawesi Selatan,https://lh3.googleusercontent.com/gps-cs-s/APNQkAH1eSJMzVldWOtoMZsAsiKxIhwE09w-2A0r9rENtb7P5dx8YsqzwKJY0ZF3pyFjdd0N-ODXoc5Sa076V25eCqMddG_W0lvIpfSr2AMoAh_c-e3p0XIaa8KOFjSssQ=w1200-h800-k-no
Permandian Komando Water Park Jeneponto,"8Q4C+JR9, Empoang Sel., Kabupaten Jeneponto",Kabupaten Jeneponto,Sulawesi Selatan,https://lh3.googleusercontent.com/gps-cs-s/APNQkAGxiiSevNZZSGYK2SrVR2RO5c6upaJWzbGBOQf-L3BQgHuT6f1DfvxPpG2tmShQ_UsxiXo44ZnD8Yn9ZxA0hZgUYZzjAzE3vWEzysKFAJK_8ZFsKYm5KGmFCDEk97Qi7ZIW-j2ZBS0lSI4=w1200-h800-k-no
PANRITA HILL,"Unnamed Road, Alehanuae, Kec. Sinjai Utara, Kabupaten Sinjai, Sulawesi Selatan 92615, Indonesia",Kabupaten Sinjai,Sulawesi Selatan,https://lh3.googleusercontent.com/gps-cs-s/APNQkAGZwV4qVRRZlQlCethyHqgFKp4WmeW5rQsYxihKAiuBZEI2CuzTGI-ysoJY4z1M4PJHC_c1oqQudXKaW2APJuF_OEnaaM_0tI4BfhTL0Q4sNI_WenVO9_ShB7mEbbMsQAcCZy7v1g=w1200-h800-k-no
Tiro Soe,"Baebunta, Kec. Baebunta, Kabupaten Luwu Utara, Sulawesi Selatan, Indonesia",Kabupaten Luwu Utara,Sulawesi Selatan,https://lh3.googleusercontent.com/gps-cs-s/APNQkAG1ffVnGX5V9bZKFj95esQWU6Gyp-q_vL9g3Y12ViHzCroL-IYmyk1LHgqRgEZyg-jOqvAxGq3reiP884YWncgKpuqKDyCmwg8gYtRmY4sln983FNQDoLQFoX3AZTQLc7d1u_5S=w1200-h800-k-no
Wisata Pantai Maleo,"FX5X+RXW, Maleo, Kec. Paguat, Kabupaten Pohuwato, Gorontalo, Indonesia",Kabupaten Pohuwato,Gorontalo,https://lh3.googleusercontent.com/gps-cs-s/APNQkAEYCrGhDo_yW0DbdlgzgxFo7TPSTEw9IHZWN_Ix6KgCCnmbjpe20PjAUJEwOkLWdGd8IiF61oSlm9P4-J2PwKTbB37WdWiyNWOStq0rf97c7U_bY-wSHBVVxu1SfgjvYIE91AE=w1200-h800-k-no
Permandian Alam Batupapan,"34CQ+MQG, Padang Lambe, Kec. Wara Bar., Kota Palopo, Sulawesi Selatan 91958, Indonesia",Kota Palopo,Sulawesi Selatan,https://lh3.googleusercontent.com/gps-cs-s/APNQkAF2QNuutYopZFiYA2DJjMIVC5J6z0fWZJmKkboGi_mpsq5IUX3aXc7M1-0OjCa58r-GQYxb6E7BXmjbY1BECuMjga1KC4Bu_wg6aKgWZdAIrzAZ1TBod2-Fn4g7iItAeJCSF0A=w1200-h800-k-no
Padang Laya,"9GJW+P8J City, Lambako, Kec. Banggai, Kab. Banggai Laut, Sulawesi Tengah 94891, Indonesia",Kabupaten Banggai Laut,Sulawesi Tengah,https://lh3.googleusercontent.com/gps-cs-s/APNQkAGCQn9Fcs-IHk_4OFNEhRIcQNlXfTm12j1mdxY3c7imRujy6NrpHmBtE4Jlpim24RDz5j27Gmdbc5D7-gKySWiT-IzJySJDi16icvQYqYDZrjS-KBdKNbK2dHi3MzBPcbSBSzA=w1200-h800-k-no
Air Terjun Sondoang,"C3HX+PRF, Sondoang, Kec. Kalukku, Kabupaten Mamuju, Sulawesi Barat 91561, Indonesia",Kabupaten Mamuju,Sulawesi Barat,https://lh3.googleusercontent.com/gps-cs-s/APNQkAFmVPZsc7sigkXUflxYYCi3ubos__BasfLH3bjwb4SoAcw3_QML1082cNyOjlhn799uqCWNUqlZDFvHC9BwHSmbd0uE37CuWmsz9JByuG6CqNeSJcdde6a9nJBsgFVftbpjhiUNSA=w1200-h800-k-no
Bangkeng Buki,"G587+Q4G, Bukit Harapan, Kec. Gantarang, Kabupaten Bulukumba, Sulawesi Selatan 92561, Indonesia",Kabupaten Bulukumba,Sulawesi Selatan,https://lh3.googleusercontent.com/gps-cs-s/APNQkAEQMRVkDc2liRdfODB5PqqwgxKUaZHGrWOBLMA2QqiswslHAZwl08s8eM9m1nAr-K_26mRmdyscthOucqrqq02oTVDjGKapwR1fjeYUCLRJDduFIv9jAAvbVuNLxKazdd7euBK6Mg=w1200-h800-k-no
Wisata Jembatan Pantai Posan Paconne,"J9MW+H63, Paconne, Kabupaten Luwu, Sulawesi Selatan, Indonesia",Kabupaten Luwu,Sulawesi Selatan,https://lh3.googleusercontent.com/gps-cs-s/APNQkAHqddYNWARp-hIZnjvmN62K4KJwWm5uO3paxF2EC6WJUlug9zYVFXUEQmXODZ7SbqyGwaOwGfbZVkEN72DkQrUjPad-IFFOsKKli1FPvK9pVDEbTCg7mzgtNnjC_Yd81GORk8s=w1200-h800-k-no
Bukit Salib Sumarayar,"5R9V+HWQ, Sumarayar, Kec. Langowan Tim., Kabupaten Minahasa, Sulawesi Utara, Indonesia",Kabupaten Minahasa,Sulawesi Utara,https://lh3.googleusercontent.com/gps-cs-s/APNQkAFBcbJ4gcZ5_AdorSOfHcs9Y7CSiWIjLQFGGjUKJ13navV4QOyYSWx76CIEQmZLSL1S18DIqFBWs3cDcN1TR9hiCtX9cfyNyxcbnnnMrK3Zd_xIuJyjzzw0WG_Yj6P2hRWMJ7dg=w1200-h800-k-no
Pantai Taman Ria,"4R9Q+R97, Jl. Cumi-Cumi, Lere, Kec. Ulujadi, Kota Palu, Sulawesi Tengah, Indonesia",Kota Palu,Sulawesi Tengah,https://lh3.googleusercontent.com/gps-cs-s/APNQkAGGQKrtBtEQ1wYNXqFIrX1sx0E2Vtfrs9OkKq4s2NgRgVY0clKqYXau4rFcoc-EkTfyWkdMDYVo5TqKt-l9YrQycyr1n3L5s0f3tpWMZ5D8H5SVw9Am6Xi2pnl5LmRkRmW5O2w=w1200-h800-k-no
Pantai Siuone pekaloa Towuti,"Pekaloa, Kec. Towuti, Kabupaten Luwu Timur, Sulawesi Selatan 92982, Indonesia",Kabupaten Luwu Timur,Sulawesi Selatan,https://lh3.googleusercontent.com/gps-cs-s/APNQkAFV7dLnz83H6UplXQgz-_1dMbs8Ff_Hb_Cdwiia3sLmJcR-HPOv-ef1iPVPM6by9gRL6dpwMivWDdmpCp5aZ-V3spmE_BmZjbYx_boOIcfu1uM5JM68Al2UTTObEPDPFld-xG6pDA=w1200-h800-k-no
Yuranata garden,"JMXC+M49, Jl. Purnawirawan, Palabusa, Kota Bau-Bau",Kota Baubau,Sulawesi Tenggara,https://lh3.googleusercontent.com/gps-cs-s/APNQkAEEoj2cmGLXBN0Zq2M5hIl98J7v58JqBOs13J6Pk2scB8Vsv_rPkqFT9lLKR_-q7-Z_34vVXv-t3BMh3anSqGgEs51LblB34WDkUiVyUE7inMh3q_UWr35pD6xYndPeTosKJarmUg=w1200-h800-k-no
Makam Megalitik Sumpang Ralla,"FP62+JMH, Lompo Riaja, Kec. Tanete Riaja, Kabupaten Barru, Sulawesi Selatan 90762, Indonesia",Kabupaten Barru,Sulawesi Selatan,https://lh3.googleusercontent.com/gps-cs-s/APNQkAHTDgxqHOd3nwVvRql8S7OcN7tQ9RsANPD5cfLNa5vejI2-Z4TwQk1Iy2becW2tGlpOhhfekT6jyzu7YqfmIE4UhT1JjsSkOM0fhO0jTfAaTMBIwdBDHH_ZfrUvnWntGIh1FTHz=w1200-h800-k-no
Pantai Lembo,"GVM7+P6J, Wasaga, Kabupaten Buton",Kabupaten Buton,Sulawesi Tenggara,https://lh3.googleusercontent.com/gps-cs-s/APNQkAFlkxHzg41P1d4LurERyjcKu9t-R4lSFTkJ48Of68J6Ugi2_CWVmjFjLkFX7bsGwgG0E-MRHSmvWBEOpHGm5nWQFR0O_uSKQ_Y-g_tu78J_S0IUIvgk6FfExHo6jnYH_XjJ8h7ziQ=w1200-h800-k-no
Pantai Rahwana (Keindahan Pantai Dekat Danau),"54G2+P9, Batu Sempe Indah, Mata Oleo, Kabupaten Bombana, Sulawesi Tenggara, Indonesia",Kabupaten Bombana,Sulawesi Tenggara,https://lh3.googleusercontent.com/gps-cs-s/APNQkAFnpY8r4SJZ7vy9FTFlk5IpMYMGhkFyi5s2MxRpI0W0muL0p0BzBBGGXA7NAt9zItwAnl5s248vasUcBDSoS0m8zUSOTJzq7w82QT3t7GwlEwDcDNYuiEkHFxhrPh0j-2rbJa46fHK27gPW=w1200-h800-k-no
Bukit Lakeppo,"FMRX+W5H, Libureng, Kec. Tanete Riaja, Kabupaten Barru, Sulawesi Selatan 90762, Indonesia",Kabupaten Barru,Sulawesi Selatan,https://lh3.googleusercontent.com/gps-cs-s/APNQkAGPfGBn3DbIqcVxOz2aEySh3HUbcs_qA-mSXDb2i2Gf0UiOeNGX48wmUAWgOdzvZo-Ob4XHzqxx2MDaddeFbFNoG2CU6yy_q6K9xX9yvRYT2NLhkeZCFehKYWTOOZdB1cnqB_Zq=w1200-h800-k-no
Kolam Renang Landmark LUWU TIMUR,"94PG+QF8, Puncak Indah, Kec. Malili, Kabupaten Luwu Timur, Sulawesi Selatan 92936, Indonesia",Kabupaten Luwu Timur,Sulawesi Selatan,https://lh3.googleusercontent.com/gps-cs-s/APNQkAHyyAY4G6E4Duy73Q2KVdfUOReeOZZB0emzxve3KL2arr1LmKdi62kZbObql1EtAY8djTPtgqbF-d67MrGvTsjGLsewVGKt85F0VYOYR3tn_oENfv2k128Hiy17xH1vABSPqoI=w1200-h800-k-no
Destinasi wisata sejarah LIKUIFAKSI PETOBO,"3W6C+Q43, Jl. Moh. Soeharto, Petobo, Kec. Palu Sel., Kota Palu, Sulawesi Tengah 94234, Indonesia",Kota Palu,Sulawesi Tengah,https://lh3.googleusercontent.com/gps-cs-s/APNQkAE_KtbGPq5WRLsXx0vf4JyqpxusWMKvekgaJxYrIjw6nhy8N52iyDK1uVOHKsVCeLqqdHqe7NsJEwlmhivX8Me5w7jBIGvq5IUccrvATdKLH2c1uSj4ngyJncNcmgiznEUWfxmYmQl1BVSR=w1200-h800-k-no
Pantai Barat Sarudu,"Pantai Barat Sarudu, Sarudu, Kec. Sarudu, Kab. Pasangkayu, Sulawesi Barat 91573, Indonesia",Kabupaten Pasangkayu,Sulawesi Barat,https://lh3.googleusercontent.com/gps-cs-s/APNQkAFiYw608vkJdF2cJ9KQqfxyfVGLV-qqrX6lTF3QjKZOL2uSwyhJSdvSU8JZ53rC_-Q2VDt33S6ThwFjGglhaGR2vTud6kOKX16pfyOg-OyKUZI_F7Ygz5rCDeJAlTT9fRhY_J6d=w1200-h800-k-no
Air Terjun Kokungan,"8FMJ+F44, Monsongan, Kec. Banggai Tengah, Kab. Banggai Laut, Sulawesi Tengah 94891, Indonesia",Kabupaten Banggai Laut,Sulawesi Tengah,https://lh3.googleusercontent.com/gps-cs-s/APNQkAFaZq53PvDOaRUW93fuD_r2HmVwzIFJOyNzM2hoU5UAOSul_p_2RzyvDuWOGJZsl4iAfa8DTX48sLedpRRlk18mbX4HX7oX3FiOZcL-CLaYTHkzKbn3LHXdL-BzSSzjK4Uzsd8=w1200-h800-k-no
Wai Turan Pamboborang,"Unnamed Road, Baru, Kec. Banggae, Kabupaten Majene, Sulawesi Barat 91415, Indonesia",Kabupaten Majene,Sulawesi Barat,https://lh3.googleusercontent.com/gps-cs-s/APNQkAG8D2jTljQNZUvBtw520nMTz9hP7XgjGvacmIzu-sCd_jII7ypc5_FHxtbtrxP2tJlx8QmxOu3LcRSL_fZUDYy9SvruTKyLDw6gClqhPK6By8GwFLD1_huceVMYLJkYuAnED2UV=w1200-h800-k-no
Air Terjun Takaan,"5H3R+6CG, Buyungon, Kec. Amurang, Kabupaten Minahasa Selatan, Sulawesi Utara, Indonesia",Kabupaten Minahasa Selatan,Sulawesi Utara,https://lh3.googleusercontent.com/gps-cs-s/APNQkAEL3hbZLVRI1x73JXnGQYvQBFYpcV5qbL7oCm0V8DsA_3Ve6L8xBhWF-vrPO32CsnbYwNotbt2qsMVbCVVlno4CK38shGYaFX-yNRXr45oW-B1THO9Yd2V7H2Ihx66lx0cJ8mQkmg=w1200-h800-k-no
Pantai Rumbia,"2WC7+XH8, Rumbia, Kec. Langowan Sel., Kabupaten Minahasa, Sulawesi Utara, Indonesia",Kabupaten Minahasa,Sulawesi Utara,https://lh3.googleusercontent.com/gps-cs-s/APNQkAGbDLYl5zzmU0DG1fMzhVi1TVaKRpyaWsbGW3kekCv-4qDd6TmPMYks4xEpEcQ8LCc9QqiQ3punqm8Tv_J3R2Vm0cuPHqhTeez6OiCSsGd0FJUnN-i6x6_6p6FqfKAxQwKrDcA=w1200-h800-k-no
Wisata garung kayu bado,Kalangkangan,Kabupaten Tolitoli,Sulawesi Tengah,https://lh3.googleusercontent.com/gps-cs-s/APNQkAFQOLVPdYJjXQpTwMtXawUl_fpTWk2DAmCe1qUxZ3V4V89i-8PI3RRzt6FEA1Ia1vOCa5M3VjhnEEgAYmYMu9VG439Kxq7CQDQUj0XytNenO_0AGQfz6oR96hFuZt3B88mebSSJ=w1200-h800-k-no
Pantai Wisata DAMI Beach,"Timur, Kombot, Kec. Pinolosian, Kabupaten Bolaang Mongondow Selatan, Sulawesi Utara, Indonesia",Kabupaten Bolaang Mongondow Selatan,Sulawesi Utara,https://lh3.googleusercontent.com/gps-cs-s/APNQkAELfEo1KR7pBEGqzRVl0aeoXwV65xsm6vq44TpCLWEe6uYsz3XYy7-OX1wZGwt1diuZYAqjWM3twKawcttgnGXodXiL_90Da42ppSBs-0F8iMICtiMJah4J1BZCrbqOwvmdOa_w=w1200-h800-k-no
Pantai Juanda Lestari,"JGQ9+377, Palewai, Tanggetada, Kabupaten Kolaka, Sulawesi Tenggara 93563, Indonesia",Kabupaten Kolaka,Sulawesi Tenggara,https://lh3.googleusercontent.com/gps-cs-s/APNQkAHhyh92bL_njOjbybx6WC-IEuAIzvSstDj_XXnH_OFEi39zwwWCSOAvCj8AZM1VoWSnmcVBaFhsxMLhoMw7s_chR0BQfkqvvdwF6qGRGlVMjhh7FWQZpQBZsw0UF1JDX-BSoM8C=w1200-h800-k-no
Taman Lamario (Monumen Perahu Phinisi),"XJ9F+JHW, Cappa Galung, Kec. Bacukiki Bar., Kota Parepare, Sulawesi Selatan, Indonesia",Kota Parepare,Sulawesi Selatan,https://lh3.googleusercontent.com/gps-cs-s/APNQkAGjhSwn744aqf37t0nd1WLR0McQKCnxdmruKgzAmrR8UI7knfsMFdtqBSdenKMkH7mZxPlBmRn7vWJu3qYqtp1eb_JJ2UsSH14djTJgQQtQK0NlAwnQGbk7a8Z9hhNH_w0GCNuq=w1200-h800-k-no
Bunker Jepang,"2JP5+C6W, Mata, Kec. Kendari, Kota Kendari, Sulawesi Tenggara 93128, Indonesia",Kota Kendari,Sulawesi Tenggara,https://lh3.googleusercontent.com/gps-cs-s/APNQkAFQAjpBrdYIFEm_CkJDVZX9lGJMf7d1x-dEXiVH8b4jv0V6ocUbFBKoF2I6S42K1l0jcdFm7-t-ShmY1SRxfqGY5jkmfJ9qCSvUN7zAj05UFZoLkdakMCNOgRzpoG9lTmkrMrU4=w1200-h800-k-no
Pantai Batu Baru,"R9WW+G6, Maccini Sombala, Kota Makassar",Kota Makassar,Sulawesi Selatan,https://lh3.googleusercontent.com/gps-cs-s/APNQkAGVhyDjOV6qxuBv4Uhp0RkmAl5RHwvOpx5G_M3Un5LBOrqqJws8r_GtTIhU5nZq6HfDue6RsfptMXPQ6LRPiA-4WCAYizLavmTVbn2n5Sb0eOJIF1lpfHFo3kxFWlxUUWeR9aNX=w1200-h800-k-no
Wisata Jembatan Jodoh,"P22C+555, Unnamed Road, Batu Belerang, Kec. Sinjai Borong, Kabupaten Sinjai, Sulawesi Selatan 92653, Indonesia",Kabupaten Sinjai,Sulawesi Selatan,https://lh3.googleusercontent.com/gps-cs-s/APNQkAGenPFSYK2Oug90eQpYj0aamMZlytn6GRycp37-NNAhESTIyufFTvhwoml9ByBOgF2xsJ9tiHh4J24vRbt7yjTYKhx96prqbMCQIgd2PWPqa1bjVquH6L-IvA560lG8TBz_atonKA=w1200-h800-k-no
Kolam Ambepua FIshing,"WCF2+V68, Ambaipua, Kec. Ranomeeto, Kabupaten Konawe Selatan, Sulawesi Tenggara 93871, Indonesia",Kabupaten Konawe Selatan,Sulawesi Tenggara,https://lh3.googleusercontent.com/gps-cs-s/APNQkAEWZRawQ5HVLXuT5rsxgnD4TDCK2v5WwhJdHShd1FTTmsXiUEtgLgyHy5uE5ra0z5kILUmIctaJy4GvaGZuk8XPjZjbzlKPMBnumgsKgt8W6SpYKplTh-_gfLfi2FWAa7q-Dde-=w1200-h800-k-no
Pantai Batam Desa Mataiwoi Kec Molawe Kab Konawe Utara,"Pantai Batam Desa Mataiwoi Kec Molawe Kab Konawe Utara, Mataiwoi, Kec. Molawe, Kabupaten Konawe Utara, Sulawesi Tenggara, Indonesia",Kabupaten Konawe Utara,Sulawesi Tenggara,https://lh3.googleusercontent.com/gps-cs-s/APNQkAEGCHIIPgvVw0qJ4N3oRRxzcyl409LTvivrcDgy4aJJ6UarvDUJs4W_xPSt7SaTErQZmuVSYFQ72mK7Y8o4XGdFdZhirFvTzDPkCkPIoKaQMBtZ5OBBSTeBcYO9mXSPBeuKiiOS5g=w1200-h800-k-no
ASMARA GARDEN,"H4V3+4CH, Bulotalangi Tim., Kabupaten Bone Bolango",Kabupaten Bone Bolango,Gorontalo,https://lh3.googleusercontent.com/gps-cs-s/APNQkAGxAXzhpSqiDWP46NrMIq9IHUdSiY_kXmy6ywscjOZ5wmeiJ3bKst9Pph3ZWeD1iGx5sDloa_HdXxuAWKijEjaSHbff211SjShWRvjDUdWmkxkyC5-6bnSl6PJyNJQ1qP9n3qjvPg=w1200-h800-k-no
Pantai Koa-Koa,"Pantai Koa-Koa, Pangiang, Kec. Pasangkayu, Kab. Pasangkayu, Sulawesi Barat 91574, Indonesia",Kabupaten Pasangkayu,Sulawesi Barat,https://lh3.googleusercontent.com/gps-cs-s/APNQkAEoxbfIedDrtIY5a3Jts_MGnTTxY4O2ArAuvy64M5lMFhmwSU1p5O3AEleQ_n3AzSVs7Ucgkg8txJISEYrmQJVpfWrW7_P1mizEl-CPYcYSQpN34fN1earkh3gl6QZZfbt_1mNq=w1200-h800-k-no
Pantai Wisata Pantoloan,"Jl. Makagili Pantoloan, Palu, Sulawesi Tengah 94352, Indonesia",Kabupaten Donggala,Sulawesi Tengah,https://lh3.googleusercontent.com/gps-cs-s/APNQkAExB-_K7M5ANoXIShwukmQYIXhIwQl16QZ87KTwrmUaexfpAOuf_YbKx-eyec99JGmbu0PV-0BugcJAvU72837NKWBCRgf1aMY16hPwMpRlHBFwnhKINJJO_cWAgWyk0UuS9Q2O6Q=w1200-h800-k-no
pemancingan riboko balla,Borongpa'la'la,Kabupaten Gowa,Sulawesi Selatan,https://lh3.googleusercontent.com/gps-cs-s/APNQkAFnHM7uL9RACa4jxWrfNJfoLFsTHclojwQsobtRPdeBegZfhfaZvl5dPs2Dr7XTEuXakaI6SUQLmFyFwGRu5MCHK2hVuxgQiAWIszbXdfzm1HVgyibFL7aJA6I2jISHZ73XcPQH=w1200-h800-k-no
Rental mobil poso kota,"Jl. P.seram, Gebang Rejo",Kabupaten Poso,Sulawesi Tengah,https://lh3.googleusercontent.com/gps-cs-s/APNQkAHnPzAG_0hTQG62DtnDiXCKAEFsUjtuEHh5IidJe1GK54VK1oNppSTORmKnK9UmGFAqS60zZNqnweZ-omIly2pga3Rx8JCdS8lEJJtlimFOId7ZK4i2BhQ4AhAL_Obdb0riLqexXA=w1200-h800-k-no
JG Mangrove Park Desa Palaes,"Palaes, Kec. Likupang Bar., Kabupaten Minahasa Utara, Sulawesi Utara, Indonesia",Kabupaten Minahasa Utara,Sulawesi Utara,https://lh3.googleusercontent.com/gps-cs-s/APNQkAEmpoNP0ykIbmUcJzqDSzoiEmnQgc32_p6CZUirWuh0MhrCKgE4-0twnVZQHWl4vOaszjC4p975DVRBxKySPnOJaVDzAdhts6VXcjehsmbWX1fE5IuKGCWc_7RG7t9rzgUwg4ZE=w1200-h800-k-no
Air Terjun Lamesou,"76V8+HWP, Matapila, Kec. Lasolo, Kabupaten Konawe Utara, Sulawesi Tenggara 93352, Indonesia",Kabupaten Konawe Utara,Sulawesi Tenggara,https://lh3.googleusercontent.com/gps-cs-s/APNQkAHB23ajTpol2XLcK3B1JRd7FWfnui5jkRbYAT3VVr76ASsPRXBK8NWmvz12_PwGb4xK7dO0a3nG909teUKN-YYyPgFMvZQ2Wbk3jlAKluTTjotCvdCXmr8KmUdiTdY_sRdvsd8b=w1200-h800-k-no
WISATA HUTAN PINUS TANGKALAKA,"Poros bontorappo, Bissoloro, Kec. Bungaya, Kabupaten Gowa, Sulawesi Selatan 92176, Indonesia",Kabupaten Gowa,Sulawesi Selatan,https://lh3.googleusercontent.com/gps-cs-s/APNQkAF09IOIX7yZKgFSRQMI7Qtj2kES11wf2CO7106dumn0Sq8t3NKYt4WEZmaBZGzjNscVIgaMp19POfZA8_w3y5m3PbqZqg1oXE0jPomMfPKGrS_bUuFcAgWoJ5A7qhCZrr80RJI=w1200-h800-k-no
Air Terjun Amarilis,"3G6R+6F2, Nii Tanasa, Kec. Lalonggasumeeto, Kabupaten Konawe, Sulawesi Tenggara 93121, Indonesia",Kabupaten Konawe,Sulawesi Tenggara,https://lh3.googleusercontent.com/gps-cs-s/APNQkAEsuW9hZkQUo7Lj4WNbk3L-zzowIw5ZKay1e6Am1nz4XqrIL2-wKJt4yc9Eau34EKU5JhGiQCIHqHggc5BcqVG4oclO7EZ9fz9g-hvO2azllC1QURjZAUPMgWl3d29g4g9At5MhyQ=w1200-h800-k-no
TELAGA PURI INDAH (TERINDAH),"46XP+5XG, RT.01/RW.01, Ulu Benua, Amonggedo, Kabupaten Konawe, Sulawesi Tenggara 93461, Indonesia",Kabupaten Konawe,Sulawesi Tenggara,https://lh3.googleusercontent.com/gps-cs-s/APNQkAGfqigcDPSWIm8TtWTodq4qtv8ByC-iAym6eNFjCuHYDfbd2-vBCaxJZy9LzOQ28uFWm_-aegDEeqiMdN8xJaBU6A2zYiM0WpwLpnOcSXFU4wwjaPqRoaf7grHcD4XcWgxDdEOC=w1200-h800-k-no
Pantai Pembuatan perahu phinisi,"F987+VJW, Jl. Pelabuhan, Tanah Lemo, Kec. Bonto Bahari, Kabupaten Bulukumba, Sulawesi Selatan 92571, Indonesia",Kabupaten Bulukumba,Sulawesi Selatan,https://lh3.googleusercontent.com/gps-cs-s/APNQkAGX8OWKz-7y-mZf8buktBPexxj98cgFVrz-CxQQW5quYOUJRdLewMSfiUHrfGHywVhLypYwZJV8DGJVkmEcEvB8Jsihfbsm6tH24ud-GG43fbEe43eEC1VdCI9YFuoV8OgvrBCYsw=w1200-h800-k-no
Batulohe Beach,"3G3W+X7X, Balang Butung, Kec. Buki, Kab. Kepulauan Selayar, Sulawesi Selatan, Indonesia",Kabupaten Kepulauan Selayar,Sulawesi Selatan,https://lh3.googleusercontent.com/gps-cs-s/APNQkAGF9P6CStWxhdMqRApJwbWtIIzB-vUlHoYT2adnVj9SEefLA5XCmMJhGlFWcy2NC5FLdMF99gbGHmuL9duGOVDqsRVw2TqOScgica8einIYXjcpKVaQ3vbK68YTAALiFRJ3X6fbjA=w1200-h800-k-no
Air Terjun Tattungo,"8V2G+58P, Puncak Harapan, Kec. Maiwa, Kabupaten Enrekang, Sulawesi Selatan 91761, Indonesia",Kabupaten Enrekang,Sulawesi Selatan,https://lh3.googleusercontent.com/gps-cs-s/APNQkAGT6X78e3dJfX-lVLDPF9p9btJKjabMbHL4xXH_4VSBPuxLxGLzpv5dq3n1ePanDT1xpEM2RY0K5XAMlBi12cuzP-gJTMbCqYgB-zbPrMqgLoJz08yvNgDA1hiEPOXpxhGhwrVFjQ=w1200-h800-k-no
Taman wisata Bulu Tanda Sibedi,"2RJX+887, Sibedi, Kabupaten Sigi",Kabupaten Sigi,Sulawesi Tengah,https://lh3.googleusercontent.com/gps-cs-s/APNQkAGcGJh93Bw3FLpzuzW8p0unB5ry_6pCCwvrEU_vr_3kDEMovgqvrPFpRr9Thb1gYAhH5gATc7tTyJwk4Noa9DICMI4VUyd5szWrBNaktDCSC4sNfLklI86iqTfULfzDJQiC6JQw=w1200-h800-k-no
pantai oyama,"Lokotoy, Banggai Utara, Kab. Banggai Laut, Sulawesi Tengah 94891, Indonesia",Kabupaten Banggai Laut,Sulawesi Tengah,https://lh3.googleusercontent.com/gps-cs-s/APNQkAHJJbOla4pkkf32th10q8Nfzpej5BDY0iOyXGkyYOQOjH-k4p3HlPGIC3TtRHlKizmGEUI03uVhg0M3rjj7tHIqdZnMd1F9n_aYVFC_qf1dNleeOtf9UTtZmwLpYaK8mGNKsbFrZA=w1200-h800-k-no
JOJO GARDEN KONDA,"VCMF+MWV, Lamomea, Kec. Konda, Kabupaten Konawe Selatan, Sulawesi Tenggara, Indonesia",Kabupaten Konawe Selatan,Sulawesi Tenggara,https://lh3.googleusercontent.com/gps-cs-s/APNQkAGlaZX7_1zM6lP1_UvWlSU1dql3ZygM5eOXEYNU2Ql53QpeOPhabLA6Z51l3b-FOn8S_rVYftb_S1gsJ6_nc1PKodNOTxdtDBkpYqx_aijtPlItDNeM5rpr1pe3zIq-jqisei7vGTDDP9KO=w1200-h800-k-no
Puncak Padamarang,"Towua I, Kec. Wundulako, Kabupaten Kolaka, Sulawesi Tenggara, Indonesia",Kabupaten Kolaka,Sulawesi Tenggara,https://lh3.googleusercontent.com/gps-cs-s/APNQkAHpHytXjk5OJ3Xtb-qSe1E90Sn32YAPxxj_R-zV-Z0_FpMU7H_QlEswcq1NR1cGkgvq_c_B5P3JUMG1fWsMDwaoR4Kh24nT75_5ZarIEeODlub9N-NwoWULz55anGV52Mjz4ZG8=w1200-h800-k-no
Wisata Matawoi Puubenua,"RMX2+GWF, Unnamed Road, Puubenua, Kabupaten Kolaka",Kabupaten Kolaka,Sulawesi Tenggara,https://lh3.googleusercontent.com/gps-cs-s/APNQkAHeCpo2iGZIbDRNybCcf38WHTOqqOppkYDgdJ7cXP2pTALmTkG2iA4ztgr0b21482QGA9lShDk8FhYMkURRzG16LHCzprST2qNVm2m50y_CorT8bGrK-kJQ33wANkgMsfFB2Ls=w1200-h800-k-no
Pantai Bone Buton Utara,"557F+8FC, Lemo, Kec. Kulisusu, Kabupaten Buton Utara, Sulawesi Tenggara 93672, Indonesia",Kabupaten Buton Utara,Sulawesi Tenggara,https://lh3.googleusercontent.com/gps-cs-s/APNQkAHcvRlqAI-zrf6Yz2E4sLNm8iIM9sWKE_GabPXKbknRonpnB7HdhyonmU9aeeafqMIYJugKtlqSCLRsET9NiTVwvD6scOLpaEbjf0cB0eFA2dX_ImokqUzs0O_pNQcB78wjwLWL=w1200-h800-k-no
Bonto Massailea,"Desa, Bukit Harapan, Kec. Gantarang, Kabupaten Bulukumba, Sulawesi Selatan 92561, Indonesia",Kabupaten Bulukumba,Sulawesi Selatan,https://lh3.googleusercontent.com/gps-cs-s/APNQkAHF4WfZ62fHV-Hsfb0VlD8ed87Em2kfQKNJKwUYTCqzh5jg-ks4obVQOk5pHjHo093uhxvS-LGr3oYbhsUKKDAW2RVLuMZgZcimO8N6lgnu9gVpBdKECb9EKPdngU_1f_woS_WgWA=w1200-h800-k-no
Wisata Alam Air Panas,"G49V+RVQ, Pancuran, Kabupaten Bone Bolango",Kabupaten Bone Bolango,Gorontalo,https://lh3.googleusercontent.com/gps-cs-s/APNQkAHsBKlgqQ-qUUL29dF-rd0Z6DbEpUs8r3PH79HCvGIVtdxJEdtBf7QO23h0BFvXSbWyf_EYDUE_NCuvf45cc1mk8UoWk7P5YQwvnidEex6jiSq5f8wHdSEAoM3WgJ5QGbVK0A-F=w1200-h800-k-no
Hutan Mangrove,"WFF8+59M Jembatan Pelangi Lantebung, Lorong 2, Bira, Kec. Tamalanrea, Sulawesi Selatan 90243, Indonesia",Kota Makassar,Sulawesi Selatan,https://lh3.googleusercontent.com/gps-cs-s/APNQkAFFllr5DGZRJ_OENkGIlqFivrkd_jU92rH-Y09o7jEn8AAyXrcNNQg0j6OBD4QxOzxpGFAnMfJUIKRxmFDjXW9d_mETmrkeLYx8ePQQk2m0FWSzGTIIm0N_j8iZUONA0QkT09uaMA=w1200-h800-k-no
Makam Dato Karama,"4V72+3JQ, Jl. Selar, Lere, Kec. Palu Bar., Kota Palu, Sulawesi Tengah 94221, Indonesia",Kota Palu,Sulawesi Tengah,https://lh3.googleusercontent.com/gps-cs-s/APNQkAHjjjCl1bybnryFq_ZhrkkMc0C_rYEbMORxKoeXb4gcdKhWH6bJtzsIbUbYSsMy06X_yKP0dj9V6NnbW25dbM_O4uGHjcE3DCstW1_TuIOlOtgDE8NunO0Rc-sB3Ae7pL8p2kag=w1200-h800-k-no
Pantai One Mopute,"GG2F+2VM, Banabungi, Kec. Kadatua, Kabupaten Buton, Sulawesi Tenggara, Indonesia",Kabupaten Buton,Sulawesi Tenggara,https://lh3.googleusercontent.com/gps-cs-s/APNQkAFxEjmof4FHk9mylNI3ld_QOfpMsWWiJCa_cKPphWFTHx_4dnKoe9NaskOiRF8ldjSF60Elup_gt1cygHdtIkBOkrYz-uPfEpliTNuOgWfQZt7SFpkHVxyzBl8FR_ohb3O8Ass=w1200-h800-k-no
PINTU GERBANG PERMANDIAN AIR PANAS LEJJA,"VV5J+C28, Jl. Poros Lejja, Manorang Salo, Kec. Marioriawa, Kabupaten Soppeng, Sulawesi Selatan 90852, Indonesia",Kabupaten Soppeng,Sulawesi Selatan,https://lh3.googleusercontent.com/gps-cs-s/APNQkAHku-KOMZPSqSULe2NHA8f0myNutgA9vMKM-hXh1TDSTizRsbREc6WWmYbRmvqewsnChvlzFbW2fD7rTPpdyPZSaZXodkA7yfRz1hoEKg5GU6_luEJYuqXmkwrFn2nMFdsTLaYz=w1200-h800-k-no
Benteng Fafontofure,"CXCP+332, Bahontobungku, Kec. Bungku Tengah, Kabupaten Morowali, Sulawesi Tengah, Indonesia",Kabupaten Morowali,Sulawesi Tengah,https://lh3.googleusercontent.com/gps-cs-s/APNQkAGgWiphL4oCULpF6Ed2tQXU5h-mKnzcqIFKM0t8C-4j_AWXMKrFGwrupqCEExyeF3U16vCfXxrbCQxhGbQkFPONTHhh66QjORPw74-j9bt460HMry2fGcrvoFbp8iSY_r6FItR8=w1200-h800-k-no
Goa Lanto,"GJQG+WVX, Jalan Anoa, Kadolomoko",Kota Baubau,Sulawesi Tenggara,https://lh3.googleusercontent.com/gps-cs-s/APNQkAHG-Gh--0lmkVjusi4cwtC0ufiOgzDqpzzwc2YQ5vKl1JRvraN8y7ouDEIdUaI2Q82uiNd-xmveVBC1zfwiBh85B65EF8kK2aySXzLa5Kk988AxozycWALq1Ybr9YDMUHcw26o=w1200-h800-k-no
Pantai Babana,"W55V+8PV, Selat, Kota Makassar, Sulawesi Selatan, Indonesia",Kabupaten Mamuju Tengah,Sulawesi Barat,https://lh3.googleusercontent.com/gps-cs-s/APNQkAGD9c7Li6rANluVLqanW8MR_FnI4EXonT1RFu1nAFT_RyapQ-OQ1plCcSWe54734M3oBM1cXiWUJTiFidwW-0YtZliTx92GkCv1QS4CFPJHdPB54ms_Kyb5JtiJKc0f1eN0dvY=w1200-h800-k-no
"Danau ""Cinta"" Makalehi","Kab.Kepl. Sitaro, Sulawsi Utara,, P5P9+MXR, Makalehi, Siau Bar., Kabupaten Siau Tagulandang Biaro, Sulawesi Utara, Indonesia",Kabupaten Kepulauan Siau Tagulandang Biaro,Sulawesi Utara,https://lh3.googleusercontent.com/gps-cs-s/APNQkAEkvXXCyEss3ZsAFeH4QKH6EAPhfEPY2OTDR3H7ChmtHZAs4hDfRIvywYSSV86D3jR5bfzf0-wVjtS3OIVnNH0ulh21TjTNYOGYIuSpj0xdzsUIyHky5BSiOU8pEcxp2LAsIbcV_w=w1200-h800-k-no
Bukit Cinta,"JQ9C+HG3, Bukit Bambu, Kec. Poso Kota Sel., Kabupaten Poso, Sulawesi Tengah 94615, Indonesia",Kabupaten Poso,Sulawesi Tengah,https://lh3.googleusercontent.com/gps-cs-s/APNQkAFZ6VRd7prph1vA3yx4MPdfP-nMZvPeucz6JrcaDfuUmJt4zWaMiOVpwQKaOgujDhtbTecyeSKINhPN_7gHdkjxnb2U649TeV4zGc7zumz2dAmZM2ERULdIkgD9k2zgDrNz_WIB=w1200-h800-k-no
Tongkonan Buntu,"2WQ3+M97, Tampo Tallunglipu",Kabupaten Toraja Utara,Sulawesi Selatan,https://lh3.googleusercontent.com/gps-cs-s/APNQkAEyfwbN1FoKWRg6ViWCYBeFhOBM5B9jdbgQBijZSnUNFMDZuf2Rkc5ZxM-xmbGLgTnVkCkSihVZQAkDUcW3I3A6sV0qiaVZ9CInOodr4ed_qfPxpz8esafMb6EfPkXl_ZpDldkHEA=w1200-h800-k-no
Pantai Polindolara Pelawa,"64HJ+QVR, Pelawa, Kec. Parigi Tengah, Kabupaten Parigi Moutong, Sulawesi Tengah, Indonesia",Kabupaten Parigi Moutong,Sulawesi Tengah,https://lh3.googleusercontent.com/gps-cs-s/APNQkAEhx0Ng6pVBfpmbUOXs1kyHwHCe3GM7DavYZp0L0n7xTeyH87PRl0YDg4n7tebXFJ0ibTS63Md_4z-NSft79kRH1WAh6AkPucrh7SRFUkN8cPv9KxUAkQpl7lm57yiZ37Jg2OnWVg=w1200-h800-k-no
Goa Liang Kamoi,"QRXQ+27C, Unnamed Rd, Wakangka, Kec. Kapontori, Kabupaten Buton, Sulawesi Tenggara 93755, Indonesia",Kabupaten Buton,Sulawesi Tenggara,https://lh3.googleusercontent.com/gps-cs-s/APNQkAHQ5tWJ9ZCED3XvMBE3bas6l4crMcYjPzaUVI2cvk3LSmnQaZA11qg2eoJZAakJeNoCEjDmM2CfaxJTeQhdc7tZG0rVQjXs0HNEbqkQziY0gmH4QtzCfpkVFc7SXFda4AMZ4eDY=w1200-h800-k-no
Gua Balojaha,"R9HW+VJH, Bontoborusu, Kab. Kepulauan Selayar",Kabupaten Kepulauan Selayar,Sulawesi Selatan,https://lh3.googleusercontent.com/gps-cs-s/APNQkAEgyW6tKTDVWdvYffTvZMnqXKljq-OhJ3vRKTSIjX6MN0V2p-5zmOf1bmCOpLs2lDcdZGEUX5ehVrg-OxgmjEdycl7xqqwiqnmoJE66Mt_hTs40IoOH8pQdVqtVPvCdjXJJ7ZWVIQ=w1200-h800-k-no
Desa Wisata Bontolempangan,"3JM2+V2F, Bontonlempangan, Kec. Bontoa, Kabupaten Maros, Sulawesi Selatan 90554, Indonesia",Kabupaten Maros,Sulawesi Selatan,https://lh3.googleusercontent.com/gps-cs-s/APNQkAE2dll9ANpizMuGK_Cf_XU1z3yLuzVMVIHNVGhsQNYtVqKy2Z1XyAA5HiIPZ-En5axQaax2BwJNHng5QGT--rNyAfkqA0RztTSYd5y2JI_ysGM_NO2ow2jwDEL60nJ_s_I9YU-i=w1200-h800-k-no
Wisata Embung Paccekke,"PPW6+44V, Paccekke, Kec. Soppeng Riaja, Kabupaten Barru, Sulawesi Selatan 90752, Indonesia",Kabupaten Barru,Sulawesi Selatan,https://lh3.googleusercontent.com/gps-cs-s/APNQkAFBMErgZ1PB31I-nFvnUpkcNBSc-Z8Gn-VXFVTuIVICmEK1IbsN1c1ZriPZMHSmwrerOk-J6mgBx3TV7EVsLK3VpGZVYm6s1-F8jyiTxogCAGduL4RPuN1MANi1qODLvRImHHZT=w1200-h800-k-no
Gunung Rantekombola,"Gn. Rantekombola, Uluwai, Kec. Mengkendek, Kabupaten Tana Toraja, Sulawesi Selatan, Indonesia",Kabupaten Tana Toraja,Sulawesi Selatan,https://lh3.googleusercontent.com/gps-cs-s/APNQkAEluoy6xKl2k5q7KxPAhFCzGFSDzpbtQlEcYbFVYQAE57q4R1iVgacyvlIT3sNbocUUdZ_VEc_Lz15MgxocElZoMAscTqUtLgePGNjjYsuFOKmpFBpLyGLQaaskXoKH1gqMSUY7=w1200-h800-k-no
pantai nyiur hijau babo,"Babo, Kec. Sangtombolang, Kabupaten Bolaang Mongondow, Sulawesi Utara, Indonesia",Kabupaten Bolaang Mongondow,Sulawesi Utara,https://lh3.googleusercontent.com/gps-cs-s/APNQkAH7hyIJ8W_amM1K56oliNN5E4SmpLpRklFwZ8CafPiIbc_-GgSIzvKcdLZe2l1ljBMcrDHHAQsAfOfyU--U9sh7GZmDZlyWsR9jlxJ9UzCSXj0SFLf-bOCg83585gyddwJgbCg=w1200-h800-k-no
Gunung Popalia,"Gunung Popalia, Lelekaa, Wolasi, South Konawe Regency, South East Sulawesi, Indonesia",Kabupaten Konawe Selatan,Sulawesi Tenggara,https://lh3.googleusercontent.com/gps-cs-s/APNQkAHs9YAgg19iFZdD5JWwmw4xmvuzJeqKJDWf4HXFqpjRZlupj5lwWwTJlWlbtwy1i5G-G3pxBoKMv50SChrPHKQHWhGk5J0iGF6OvaKf4WKDcPYNlPDHSo4ug-ny21s8zY9UFq5_3g=w1200-h800-k-no
Pantai Huntete,"62R4+43W, Kulati, Kec. Tomia Tim., Kabupaten Wakatobi, Sulawesi Tenggara 93793, Indonesia",Kabupaten Wakatobi,Sulawesi Tenggara,https://lh3.googleusercontent.com/gps-cs-s/APNQkAEssyoSrqYMuiYow0-lLE-Z2tTTQ5f7wRwauYTdOi9HBngOV6xDc0blgbyxPVFM-jEoDZLJXG8AkQbyLTBuljcljVzcy9ZSdZtQV4711K9W09lhqTi19-n_FoDC7Py6E2QjK-8s=w1200-h800-k-no
Wisata Batu Lombeng Desa Lebani,"7QCH+3X, Lebani, Kec. Tapalang Bar., Kabupaten Mamuju, Sulawesi Barat, Indonesia",Kabupaten Mamuju,Sulawesi Barat,https://lh3.googleusercontent.com/gps-cs-s/APNQkAHViEN-kDCO2vHChtWeFwLSfsR5eiLtUMRltPktjcejtLI1H72LoVk_pZdKr4OPSoQlM4Ko8hP-09PlD4LCHYKlgsGDS-IboxgEQg3VU_iTLwpGw6yfOndkGBGAKu59rDDLkSqRKw=w1200-h800-k-no
Kawasan Ekonomi Khusus Likupang,"M5J4+3XH, Pulisan, Kec. Likupang Tim., Kabupaten Minahasa Utara, Sulawesi Utara, Indonesia",Kabupaten Minahasa Utara,Sulawesi Utara,https://lh3.googleusercontent.com/gps-cs-s/APNQkAFfNLiWLU8r6rvkDCjRYf1waw-KhCBlw7JSTcOmB2aRqesjJnUZwP9sQsUVTuCUiGQG08TCACEXlV9fbMVWaJPWO7aTcLQ80x_5FkOEdx4rEhUhdGolA98oPlm4AwhA6jcEE08=w1200-h800-k-no
Pantai Indah Batutajam,"W537+6HG, Batutajam, Kec. Pinogaluman, Kabupaten Bolaang Mongondow Utara, Sulawesi Utara, Indonesia",Kabupaten Bolaang Mongondow Utara,Sulawesi Utara,https://lh3.googleusercontent.com/gps-cs-s/APNQkAGBqbwAX6tHCsP_FHxgeSsIadCMfGq02-Zxsnt-QJQD9uRiFnZqOI5g5zd0rbdO6JXPVLfh7FIa6oz22Wn65G5Y7H-KH5-5TUIou39UiOIiNh57XZNLvxc-Jdu5zc-Gw5LAA-VG=w1200-h800-k-no
Pantai Pasir Putih Tete B Ampana,"4MJ7+WM9, Tete B, Kec. Ampana Tete, Kabupaten Tojo Una-Una, Sulawesi Tengah 94684, Indonesia",Kabupaten Tojo Una-Una,Sulawesi Tengah,https://lh3.googleusercontent.com/gps-cs-s/APNQkAG2RWebT6s-1tR07yR6kdNFH6FGfm5-9i2neUB--z1n9X0V5itAFzQ4E1BP7y_D0AwCKAz6jHhEObYP5Lm23uc7rnDN5kN7f5peL4gpXyzUrV0gacUrQxpPtbNhBIAV0BEDgrCzoQ=w1200-h800-k-no
Air Terjun Baruttunge,"C4XQ+88M, Maroanging, Kec. Ulaweng, Kabupaten Bone, Sulawesi Selatan 92762, Indonesia",Kabupaten Bone,Sulawesi Selatan,https://lh3.googleusercontent.com/gps-cs-s/APNQkAEuhMr5nQXh0CItIV_T5gyBJ0k3aLfyz9abeCNB5zUAzfdQX5j8tyStio8b1CAvXZ42MaL6RCPBQRIObmvQJU6GoOWQVKjuyYrNTk_6qiF5g-1mDq4bk6sjWUggEPtg_TDnHZVm=w1200-h800-k-no
Kolam renang kampoeng galung,"P2X3+PVW, Unnamed Road, Arabika, Kec. Sinjai Bar., Kabupaten Sinjai, Sulawesi Selatan 92653, Indonesia",Kabupaten Sinjai,Sulawesi Selatan,https://lh3.googleusercontent.com/gps-cs-s/APNQkAFonvwUvoWuwaBg6DDJ99uKIUcM0fxXUFxr3b5PrC68Fjz31-hO6eY65J3HlPPYohNCobctbZ_sjMOov--iHX8JS8bN9UWvrd2fwh3VcLFnZx8hSXy_oeOZN9qWKkEeFsQPM4vR=w1200-h800-k-no
Pantai Mega Minanga,"Unnamed Road, XV96+Q7F, Minanga Tiga, Pusomaen, Kabupaten Minahasa Tenggara, Sulawesi Utara 95997, Indonesia",Kabupaten Minahasa Tenggara,Sulawesi Utara,https://lh3.googleusercontent.com/gps-cs-s/APNQkAGWRbgwQI0VkR4_lXaA4irf7xfOFg21DkUG2DWk1mXbG5Y2VNBJ1vTq82Uri8-8D6MrCSGtwMc2Jkh_rpGAIVjEk-x62UbO2dGO1CkqqQ54STDPAkttNPsdA1ix8xg7vJyzJmJu=w1200-h800-k-no
Wisata Pantai dan Kuliner Loli Tasiburi,"6QWP+44M, Loli Tasiburi",Kabupaten Donggala,Sulawesi Tengah,https://lh3.googleusercontent.com/gps-cs-s/APNQkAG64yuH9FJu5EnD8mtE13djgKknPLKJqAlIk5JNcdGF6NIAFuDlnpCgqapkYwSXP9jBS0eARXrp0LBET778uzjGf7VgOIm6SRJcJTFSyD9JEuULrL-67hoQPlXONKRKYWhPdihd=w1200-h800-k-no
UWENTUMBU BAIYA,"7VF7+34M, Baiya, Kota Palu",Kota Palu,Sulawesi Tengah,https://lh3.googleusercontent.com/gps-cs-s/APNQkAE0P0X6JEq5oPVn_o_tbZ9m0DYqyDMMlOJFThb0fSTDasXtUh1XA5RUEhJwPbUsc6ZsUe9tI1K95B7lCVUY-xQoCmo965C1IUpVyjUgd_sBLtloIJJJds4BwZyYWvkwW4Rii8S2cg=w1200-h800-k-no
Pulau Busak,"Pulau Busak, Busak I, Kec. Karamat, Kabupaten Buol, Sulawesi Tengah, Indonesia",Kabupaten Buol,Sulawesi Tengah,https://lh3.googleusercontent.com/gps-cs-s/APNQkAEKHbYsAr80rYJQrymKl6rpWx2F1rYIS9E8KPUIrgAhS3rldtNCbXZg5qkrTKT2suaqqxf7eYb4fuZ-Jrs1xRtzoMV5s4ZhlOxAPW1F6qZJX8Gl4LEVthz7Wylh9n4kbQPr8AnSSg=w1200-h800-k-no
Pantai Wakarumende,"Pantai Wakarumende, Desa Wakarumende, Lagongga, Binongko, Kabupaten Wakatobi, Sulawesi Tenggara 93794, Indonesia",Kabupaten Wakatobi,Sulawesi Tenggara,https://lh3.googleusercontent.com/gps-cs-s/APNQkAECndCJudjDQklG4_9zJOgV0-qgR3ZLMFVgB9lVsFh5DcMjqLUgUr_vQaGQLlPD_iSsn7EI3WN6MJFh5AWAcrKtNfJKA5gbliAn9J7r-OMtNak9evz8u4bDcMu1udo8LiVMUsu1Pw=w1200-h800-k-no
Pantai Tanjung Toima,"688R+XGJ, Jl. Trans Sulawesi, Matabas, Kec. Bunta, Kabupaten Banggai, Sulawesi Tengah 94753, Indonesia",Kabupaten Banggai,Sulawesi Tengah,https://lh3.googleusercontent.com/gps-cs-s/APNQkAEz4UxjrF0F84D2Ztdv62VfwjVOutkKiuhJfHegx9NGMcZnI2FnmsaX4362zi5ff5sBmWXqr838unYAgUyJP4FiuEmJWOGpSvDx0gWBpnI50SMIcJoERAV76Eolnl8cl9ZircFl=w1200-h800-k-no
Pantai Baurung,"Pantai Baurung, Panyampa, Kec. Campalagian, Kabupaten Polewali Mandar, Sulawesi Barat 91353, Indonesia",Kabupaten Polewali Mandar,Sulawesi Barat,https://lh3.googleusercontent.com/gps-cs-s/APNQkAGJumoLo1x-VL6QP6vSLCoX5HBeQYisB7ZREnW6uUJ5V4JGF2zP2GCn1aQXanbmpAq8jKcbrZAryNtxXh37JzAFMKtbQF9pF8ItQ5hZdQsb3ygKMRBv05gH-8BKHLyIPh2lKXLgFw=w1200-h800-k-no
Wisata Sawah Kalimbuang,"3RJX+GH6, Sikuku, Kec. Kapala Pitu, Kabupaten Toraja Utara, Sulawesi Selatan, Indonesia",Kabupaten Toraja Utara,Sulawesi Selatan,https://lh3.googleusercontent.com/gps-cs-s/APNQkAEJxwjIq2OambGljLDiw7kXjNwVusGujhLoJGRBJL6M7Pcam8LiD1FQqW3L2jWgDfZI275j5Wx_Dcil7dANpGN7qyxjrDw7S8LlbAVBH1kzVwTrii7ro_Xx3gHjRmShW2dxXvu3gw=w1200-h800-k-no
Bendungan Tampabulu,"7PC4+RPV, Tampawulu, Kec. Poleang Utara, Kabupaten Bombana, Sulawesi Tenggara 93773, Indonesia",Kabupaten Bombana,Sulawesi Tenggara,https://lh3.googleusercontent.com/gps-cs-s/APNQkAFfZT6fVCw8s-zc2Bil25XZe9L-tI8itUAZsEKkzhnLUF0fVVlYsheZzNEO7tnul736to1wbm3cnPOCNUs_QXMae6fmem1hM17E0xD3R00cN3T15CIS7AJuj4GYcLnfOA4aR8yg=w1200-h800-k-no
Limbong Sitodo,"J9F8+6QW, Jl. Poros Pokko, Kunyi, Kec. Anreapi, Kabupaten Polewali Mandar, Sulawesi Barat 91315, Indonesia",Kabupaten Polewali Mandar,Sulawesi Barat,https://lh3.googleusercontent.com/gps-cs-s/APNQkAH1en6gvsFgkDfjIRaEJtJoeiTKpsQz7XEFhvYNal5GNnCxgj3NNnIVQQpDQBermDyC6pGeushrB_Y0pxXrRrfFK3EHnygVC9JcAaxZRZMn2My9RqE56n0ZCDkuRZuP0ginDqdP4Q=w1200-h800-k-no
Pemancingan Wisata Alam,"VCPG+F2J, Lamomea, Kec. Konda, Kabupaten Konawe Selatan, Sulawesi Tenggara 93871, Indonesia",Kabupaten Konawe Selatan,Sulawesi Tenggara,https://lh3.googleusercontent.com/gps-cs-s/APNQkAHcpNOEDNdm1hzl6gJAtq3MruU1qLXsIwia7_Kq3vGWduByoHOFFKNicSOwKkzrCIZo2V9vq_AiDxqeA5kmkkC14q62rJYBBasxFOj4qm7dc0B295177nI_pMf5xndiLoI_UTPM=w1200-h800-k-no
Air Terjun Pangorea Desa Sepakat,"GCR7+R4Q, Sepakat, Kec. Masamba, Kabupaten Luwu Utara, Sulawesi Selatan 92917, Indonesia",Kabupaten Luwu Utara,Sulawesi Selatan,https://lh3.googleusercontent.com/gps-cs-s/APNQkAELlDUqS36nWW71jXdbLXBrpazrzuuWsMaHcfDunMRuzK1d6IbESrR5jKS0QjuQKGKGTx10-7kswOdwXkgrpaw9G7gGdJTgAhw8CyqUaNbnhcf0RUeO6vRdzqthHAtCSEDeOmKCLP1apgn4=w1200-h800-k-no
Puncak Gunung Awu,"MFJ3+QHR, Kendahe I, Kendahe, Kabupaten Kepulauan Sangihe, Sulawesi Utara, Indonesia",Kabupaten Kepulauan Sangihe,Sulawesi Utara,https://lh3.googleusercontent.com/gps-cs-s/APNQkAEY54Y35LDLjCMDj07aAYZ8NRT1glWYusoc75qa6OJR3GP_enSow6_t4P-xwLaDzUWXGn4KozjVzf7u9aK7tSB2iYp3fI0pFo2qR6XFz43T08wc726hW874aOlT6E7moUFkfIjswRkk0-nV=w1200-h800-k-no
Kawah Belerang Gunung Ambang,"QC38+6M3, Bongkudai Baru, Kec. Modayag, Kabupaten Bolaang Mongondow Timur, Sulawesi Utara, Indonesia",Kabupaten Bolaang Mongondow Timur,Sulawesi Utara,https://lh3.googleusercontent.com/gps-cs-s/APNQkAFAn8s-k5sWfi0pK9WD8P-_729bex-U5BtrOjaj8hhu2Eefz4vxP7glgFmpi2wWO60-lslm7YIhU1WD5f3TAmuelD9TJNT75LrRJXedtOVhbiNkWcV4Pd2h5KOPWTs-VE_e4GQ=w1200-h800-k-no
Goa Berlian,"PCFF+93W, Matarape, Menui Kepulauan, Kabupaten Morowali, Sulawesi Tengah, Indonesia",Kabupaten Morowali,Sulawesi Tengah,https://lh3.googleusercontent.com/gps-cs-s/APNQkAH202QP3GhYYQ7hF7LiP7DB5Oc_FUy8sqmBBawdIB0er3rxT5uBlAKvLIwfzbMk5feTyvza_JBbDJNWNOnic9gAR6gfg9GsN9TUBp-1lYYjVmhxJ3LX0gfEWT8efAyq5bZ3hqc=w1200-h800-k-no
Lorong warna warni makassar,"Jl majene 1 blok k RW 04 RT 01, Sudiang Raya, Kota Makassar",Kota Makassar,Sulawesi Selatan,https://lh3.googleusercontent.com/gps-cs-s/APNQkAGI-ou6lmMVyb49P986jjicFHeY--uP_qmpivZ5nZUX2ARBhNXZMGCbKm9ZTD4z4dGUFUyK-U0lVRUVvBXukCrb4JnwQzU3ydGlA46Ygt0Gej6yDQyt53-rIGdv8-RyN9SYSIUf=w1200-h800-k-no
Wisata Balla-Ballayya Desa Bira,"CF77+Q2C, Bira, Kec. Bonto Bahari, Kabupaten Bulukumba, Sulawesi Selatan, Indonesia",Kabupaten Bulukumba,Sulawesi Selatan,https://lh3.googleusercontent.com/gps-cs-s/APNQkAGklIhGqkLt0xxMzg_r0j7OHZ-MeXz7zMPY5CAXejq79QrkNWHpsVQ5rYSAKWelwPbh-6CxbxkWPsaf9l3sq0X6nfatUXq4UCQu970fEjlQGMGxWJsscu9MKmS5WCJeNp9INN4j=w1200-h800-k-no
Toulangkow Hills (TOMOHON SKYLINE),"7RHM+V4, Lahendong, Kota Tomohon",Kota Tomohon,Sulawesi Utara,https://lh3.googleusercontent.com/gps-cs-s/APNQkAHBXKvTdDgmvw8QoiZ-a1ibhUOMfWLwaC5ifDeuzTWsUfWLgvx0NUhWZ09iy32tZFU08bQQsUTktqpvhHAkbleYm_4HEfzAkLZK5y3y8sRZzCLsNY-gY8r7o2uWHJgswIUxcF2AyNj6Z9w=w1200-h800-k-no
Pantai Kelapa Lima Desa Paputungan,"Paputungan, Kec. Likupang Bar., Kabupaten Minahasa Utara, Sulawesi Utara, Indonesia",Kabupaten Minahasa Utara,Sulawesi Utara,https://lh3.googleusercontent.com/gps-cs-s/APNQkAFNMWZSCBOGLV7prJHjJaRn3vV-z_nf1bUBhGj9Psntq_vvnS3eU-cNhNIktOr3Le2YTckOSucYTh2bxDhpmCPU54CVdgu-kZemnM9QbmlhCFoSdl0s8tODHRO4Z6B0bpgmxxM=w1200-h800-k-no
"Puncak Tonsile, Sulawesi Utara","Unnamed Road, G6VV+4F3, Adow, Kec. Pinolosian Tengah, Kabupaten Bolaang Mongondow Selatan, Sulawesi Utara, Indonesia",Kabupaten Bolaang Mongondow Selatan,Sulawesi Utara,https://lh3.googleusercontent.com/gps-cs-s/APNQkAHdvdVdHFyrdsHqozy49WCziIqp4SPr50i4AfDPbANOhH4ziel9ChxG-l4KGXLA8Fvpihr_U4VRGgnpJjaxxchbtFe-YCmeQVZ2yuOoh8qvkMfAaytfNEIEo8If9nk_03WkBCyX=w1200-h800-k-no
Pantai Pinolosian Selatan,"Pantai Pinolosian Selatan, Pinolosian Sel., Kec. Pinolosian, Kabupaten Bolaang Mongondow Selatan, Sulawesi Utara, Indonesia",Kabupaten Bolaang Mongondow Selatan,Sulawesi Utara,https://lh3.googleusercontent.com/gps-cs-s/APNQkAGvtDAZ3R8d7aDu-pJ8u06waqjkfPuoHJJTw8MrCrmXY3N0uPGHsmcrj9tgogm6AWWMa8U3xe2JpJuqt8nell9oECrT27Aaes0CqVCNTZAa1Rv8CUPI3Pwkxf-z-sKgOyGYQd5i0g=w1200-h800-k-no
Pantai Mandel,"PGGH+QXP, Kombutokan, Kabupaten Banggai Kepulauan, Sulawesi Tengah, Indonesia",Kabupaten Banggai Kepulauan,Sulawesi Tengah,https://lh3.googleusercontent.com/gps-cs-s/APNQkAFQiDUuACRKjBEBTr9oHJ0ZER1hkA5DCz4SGLFrkNGhwmVCFQ_Uedgg1JXPJh5QVuHoY8nTZtcF3B_tp4CCWH2vP7oHOPO2JU1K03Dp7wxnoTrOra08mxosAG_onYF56UiXEiRs=w1200-h800-k-no
Wisata Anteleng,"4XFQ+6J4, Pohi, Luwuk Tim., Kabupaten Banggai, Sulawesi Tengah, Indonesia",Kabupaten Banggai,Sulawesi Tengah,https://lh3.googleusercontent.com/gps-cs-s/APNQkAGQv9xs3sa_K_nkF4WXhEf8z_r5JJ7qEFaAjB7PvQv3lAA61Q-VnRz0myiVuZCRwrm4sZiIu66QA3hBTq5hBfFM1ZXDCzhVOWoAlk6QWhC63BkVo-kYin0LplOa-GjUC5T2Bozc=w1200-h800-k-no
Bukit Bulotalangi,"J453+XF6, Bulotalangi, Kabupaten Bone Bolango",Kabupaten Bone Bolango,Gorontalo,https://lh3.googleusercontent.com/gps-cs-s/APNQkAFDf-xImIGv79WNTbHdYqBz14NcJD104X_tJYfOOEuRVNy_nwVZGuzIzI2m8c8Vy3H_uZNKcYa169u-t7jPP626FXgc_z0JqqXDB-y7DwvuNkgBVYuQfZjBY9_lRxIGFExhlfU0ag=w1200-h800-k-no
Wisata Tanjung Lawaka Ampana,"5H8W+39M, Labuan, Kec. Ampana Kota, Kabupaten Tojo Una-Una, Sulawesi Tengah 94683, Indonesia",Kabupaten Tojo Una-Una,Sulawesi Tengah,https://lh3.googleusercontent.com/gps-cs-s/APNQkAHT0jboOkjnTCfgcws-b260g1OGzHGCPtJKb0cwKXL5KDcyedDpUFnPDZ4q5rfuldQMLXapQbZH6Mpx05DTMOSk39vQVgmnQbQ7rGhOC7ofrxCDRTMQzxB7n-hrJcd6fPnmMhdgdQ=w1200-h800-k-no
Danau Gumanano,"J853+XFH, Gumamano, Kec. Mawasangka, Kabupaten Buton, Sulawesi Tenggara 93762, Indonesia",Kabupaten Buton,Sulawesi Tenggara,https://lh3.googleusercontent.com/gps-cs-s/APNQkAHDD33Miskfa5NjHFBksTBQamVteyrnMZJzL67DUKtLOJIDDHoKT6NJLlUMUNr2_hfHmoyZy6UY8oh1_bTeUkGM3CN_nr7EoRNlDCQnCF0vDjkPit5OUq_deveN-jhzEXufxmvZaA=w1200-h800-k-no
Pantai Dato,"CXRM+5PW, Dusun Jl. Pangale, Baurung, Kec. Banggae Tim., Kabupaten Majene, Sulawesi Barat 91412, Indonesia",Kabupaten Majene,Sulawesi Barat,https://lh3.googleusercontent.com/gps-cs-s/APNQkAHB9vZPVpAAcScShQdI0WuK4SgFR8FMno_7_VaEJg3duHOfVKaOMcFkkyZdaxgiGVfUkqZWzafniw6jYFcFM_4k03Q4_tmP7afMbYEHAbyqVGt7f8Tp8RHi8WeeaZIGp6wYliU=w1200-h800-k-no
Bulu Gawalise,"Bulu Gawalise, Salungkaenu, Kec. Banawa Sel., Kabupaten Donggala, Sulawesi Tengah, Indonesia",Kabupaten Donggala,Sulawesi Tengah,https://lh3.googleusercontent.com/gps-cs-s/APNQkAEQFVHKNrqqX_MhnI6mK-jmFXw9gvOuEtlcXEKsRAhkwFPeZOIAXc_XJi8cupod8dQcoCatAwjVWmsDWRrnffzjJZ-vMB6j69Hkz1UlPIbnf_rp42vI-3gDfgDZIROf-r1CmrAzkz-tFZs=w1200-h800-k-no
Bukit Teletubies Bajo Indah,"3JGW+WVG, Bajo Indah, Soropia, Kabupaten Konawe, Sulawesi Tenggara 93351, Indonesia",Kabupaten Konawe,Sulawesi Tenggara,https://lh3.googleusercontent.com/gps-cs-s/APNQkAGlfzQqOUsivIy8H8sGAjfB-KCUhpNm6wanu1TmfA0Z8KKOvkn2iPJs0JaDS9-y1yVq1GIUF_TezpXUcHARHn10vrOqqBZpprsrR0jbT4GESw6OgBM3_K4dgzFe3vIXIgDgk6lLqGNuj1H7=w1200-h800-k-no
Wisata Bukit teletubbies,"FHJ2+4RC, Bulujaya, Kec. Bangkala Bar., Kabupaten Jeneponto, Sulawesi Selatan 92352, Indonesia",Kabupaten Jeneponto,Sulawesi Selatan,https://lh3.googleusercontent.com/gps-cs-s/APNQkAHFSt9NvzAYB4Of21lYE-zTj-gjTB13nBBqolAVDQvbV2j7IFfv4VFguFV-iibI9YdtOwa27rFzZJKxshnOMtNwwPaynSVarYq5oO-jtxjrNojwz0qojIyvO3QU-6Vk-B16pAaS=w1200-h800-k-no
Pantai Garassi Desa Nepo,"G6JV+R4J, Nepo, Kec. Wonomulyo, Kabupaten Polewali Mandar, Sulawesi Barat, Indonesia",Kabupaten Polewali Mandar,Sulawesi Barat,https://lh3.googleusercontent.com/gps-cs-s/APNQkAETRv713JXUWvq6W1lsIsGIOop0HLDQ2tH0qPhIu4XZiabh4cfyqSGhD5QHVK3j3SEduz7yycaZiU-ONDgStUk-Mjvy2CwdqjI0V7PJ6ypERdRlJ-1_ixUOuoBVaYJfp0F16FeCfQ=w1200-h800-k-no
Wisata Alam Djagaan,"Hanga-Hanga, Luwuk, Kabupaten Banggai, Sulawesi Tengah 94711, Indonesia",Kabupaten Banggai,Sulawesi Tengah,https://lh3.googleusercontent.com/gps-cs-s/APNQkAG5xyT0iWQHm3ONrKAEK_v5FDMBtwDtZOVgA3yqX3-bchKXovRtmyXSioYjPTgiuO64i8MxcK9D0Boh4z0HV92b01ivJKTJmbjADqwVtbox6240_5O5F4zyl9w88zVgRKM2v_-J=w1200-h800-k-no
Permandian Baruttung'e,"Unnamed Road, FJ8F+99G, Lalabata, Kec. Tanete Rilau, Kabupaten Barru, Sulawesi Selatan 90761, Indonesia",Kabupaten Barru,Sulawesi Selatan,https://lh3.googleusercontent.com/gps-cs-s/APNQkAGzLj5bI8KGob3Fv830vR4MPG1hW6qZtCWVRXnrhlHq9Y83uCw5XRw_MHhyHAp1RKeONG06J5MO0m7_78mVR8orq-SWhHNrrFiKEOxKT0fyUabdVlcvpaoOxmDKUOywGVtcPO7OlUETidqH=w1200-h800-k-no
Padang Tobelo,"WQQV+9R, Corawali, Kec. Panca Lautang, Kabupaten Sidenreng Rappang, Sulawesi Selatan, Indonesia",Kabupaten Sidenreng Rappang,Sulawesi Selatan,https://lh3.googleusercontent.com/gps-cs-s/APNQkAFUyAOIHmPrSr1NxLa2sGuDzOMG1jMyQihaBFTzm4D8s7czSRS9EgMEkp2XQRuCa-BM57nApWgiFUG0MOwLM4405RSwu-4_-YLP6vh0GOkJuB92mqi3hK3_6_NRJNkb3uKkCiATn_v2555q=w1200-h800-k-no
Kampung Wisata Ta'bua,"Jl. Maros-Pangkajene, Mattiro Deceng, Kec. Lau, Kabupaten Maros, Sulawesi Selatan 90513, Indonesia",Kabupaten Maros,Sulawesi Selatan,https://lh3.googleusercontent.com/gps-cs-s/APNQkAFO05kCyM8kTsJnOkI6WlIlLR_0kt3Hyqe2ne2EJBDDDpnhmbSxgoxvt6F7ikYmH9aAOOUAKMLH9mpSRQ51Z9zCOfCgsTUusCqZlzbT5goND-ykRDuMtza994F0KncqlDXUiDCZ=w1200-h800-k-no
"Pusat Informasi Geologi, Maros - Pangkep","5G7W+JMF, Jl. Andi Burhanuddin, Tumampua, Kec. Pangkajene, Kabupaten Pangkajene Dan Kepulauan, Sulawesi Selatan 90617, Indonesia",Kabupaten Pangkajene Dan Kepulauan,Sulawesi Selatan,https://lh3.googleusercontent.com/gps-cs-s/APNQkAGiUO2tMI-P5LahdajkLTk2m-diGHC_cwVJ6oAmmIG_7Dark3sN-MyYBTlNve1P8BK3PEtVv34k0nDojzPzJ_KuP2J7x5szgKKp3EO7w90yR5CzpYXIc97KgvnENVFOmJ_ws2EIyg=w1200-h800-k-no
Museum BJ Habibie,"Jl. Alwi Abdul Djalil Habibie No.1, Mallusetasi, Kec. Ujung, Kota Parepare, Sulawesi Selatan 91114, Indonesia",Kota Parepare,Sulawesi Selatan,https://lh3.googleusercontent.com/gps-cs-s/APNQkAHKLoeHeOOi8erJj6xZ-70cN0-I5eoVlZ4dS3ZOfiQbIZ3tT2_Juy0G54mmJ5FhCUBDub3ChpM6tDUtKRJwUlq-n2UGBWnNbFzrqz6ZuxGQSad5l0qdV5Zi-5mztUaAdnw6u4axZw=w1200-h800-k-no
Pantai Bukit Tinggi,"3X73+3WX, Bukit Tinggi, Kabupaten Minahasa, Sulawesi Utara, Indonesia",Kabupaten Minahasa,Sulawesi Utara,https://lh3.googleusercontent.com/gps-cs-s/APNQkAHy0oRhNAzKkvh_6n1B3Ci9NtL9nf4YK6bTwLwTSYT03UygCOADEdHw9scjy39b6AjDPqVdvoFCvMLiQ4O22u7g7cwDgQ027qpzFyNa24HOZOclkqZNtehbmDjDqAJqlaoKe0M=w1200-h800-k-no
Bukit Tamboke,"Jl. Tamboke, Tamboke, Kec. Sukamaju, Kabupaten Luwu Utara, Sulawesi Selatan 92963, Indonesia",Kabupaten Luwu Utara,Sulawesi Selatan,https://lh3.googleusercontent.com/gps-cs-s/APNQkAFdcaU6mJZyvU3xKe_yN6evvYrJuV5OgNemZ6PdF5QdB4JOVyo0pcISSk8ATRVKUnMCwHcQwD9F-V5wSquMN-d5WJp4_jGbH0GGPdn2HScvakioLWfYXldTv4KxCWulzXDQ-cQ55Q=w1200-h800-k-no
Palopo City,"X5XX+8CR, Tompotika, Kec. Wara, Kota Palopo, Sulawesi Selatan 91911, Indonesia",Kota Palopo,Sulawesi Selatan,https://lh3.googleusercontent.com/gps-cs-s/APNQkAH7Le3Dx_UtL7gbnDLL2Hr_xPBMTu0cSkR6-AnzCHhw-0-6uWFupg4kWgTEeABIffDdstIotorJo_XfmzNZzGgUF8n3K9_hGENAM0yflYzXj8jyNzH5BzWjrwrQ6SQ_eckmfxvV=w1200-h800-k-no
Karina Beach,"Gulf of Tomini, MV7X+XQ6, Kabupaten Tojo Una-Una, Sulawesi Tengah 94691, Indonesia",Kabupaten Tojo Una-Una,Sulawesi Tengah,https://lh3.googleusercontent.com/gps-cs-s/APNQkAFipz3iKrX0-O_IeZFYmMwB0CAdnnuXDWWdeCaT16uNjuakgYLivu9gjLf-Wm00eGr_EIST0V3l1wzPlgpsBFQ6OnCBSZncrcrdwX8kvJh7BWUkphyOj_nssqXoUsYGW61y7CfT=w1200-h800-k-no
Jaringan EKOwisata MAngrove LAntebung,"WFC8+V82, Lorong 2, RT.3/RW.6, Bira",Kota Makassar,Sulawesi Selatan,https://lh3.googleusercontent.com/gps-cs-s/APNQkAGq4nqdQAOxBquzngMy_bUFiNOb_Sv2mApwkswPVbu_RgPv-c8segNd7B8EVbwO1Aykrh_7VfpXDHyauH8YQRMXOJhErUyMNKmeSJmwCL4aNEQMcPfLZCylEVhUDojwOtiXdn3F=w1200-h800-k-no
Obyek Wisata Goa Jodoh,"Pallette, Kabupaten Bone",Kabupaten Bone,Sulawesi Selatan,https://lh3.googleusercontent.com/gps-cs-s/APNQkAESMQttZBSwdoLn_Gd8iG3gZFYW607CS4JavtuhjtNLGLVDYwpdcsuPoH6keyt7Y8w9d_aSvqi-acNzFpOMSSmy4io4-b6ApzzmZbZcD1LvFD4OSUJ-NB4g-nOYKPekDUMKJ4dzBg=w1200-h800-k-no
Permandian batu lapis,"Garuda, Kec. Asinua, Kabupaten Konawe, Sulawesi Tenggara, Indonesia",Kabupaten Konawe,Sulawesi Tenggara,https://lh3.googleusercontent.com/gps-cs-s/APNQkAFlw8Sc88wy6dyL76hZpHyT1xlpg1Bv1za2wmhQOqZMS_TrmQfh7D4FTbitgx-OoYwHpOPmEmTahKgC1l7x01o1o2OEYdKFvSzY6hJtzmUROAK-1DxeJifCvNn78D7vVVYcLJZ0=w1200-h800-k-no
Air Terjun Permai Taludaa,"CF98+HH6, Taludaa, Kec. Bone, Kabupaten Bone Bolango, Gorontalo 96585, Indonesia",Kabupaten Bone Bolango,Gorontalo,https://lh3.googleusercontent.com/gps-cs-s/APNQkAGYNSC9oFe-XIrWxf-p_2EbVp9dGqB-maeVjTq6M3xO703HmD6GvuPQzlmOCVxlCiTnlaDnuoIGmhM9IlOe550XSC_jWfelZqOf7eJig81OHyR_jDKDY4wp5r7akmCRz2He3pCP=w1200-h800-k-no
Air Terjun Baruttung,"66FF+7X2, Lappa Upang, Kec. Mare, Kabupaten Bone, Sulawesi Selatan 92773, Indonesia",Kabupaten Bone,Sulawesi Selatan,https://lh3.googleusercontent.com/gps-cs-s/APNQkAHLC7cr4LWIuFf8dTzxkCMtl5UNULnVfg0MYKPOKu-UxewsetW07Cvoj5i29Q3ytPqoypb_B-LiKQuokhcMlqTa4JFfaxAwTE8aoREYO-QlHWlO_mT3drRv15uLgDEFs63VH2YW=w1200-h800-k-no
Wisata Alam Tirotiku lolai,"2VX6+GQ7, Limbong, Kabupaten Toraja Utara",Kabupaten Toraja Utara,Sulawesi Selatan,https://lh3.googleusercontent.com/gps-cs-s/APNQkAEjUqE6puA1DobWtYaIAqf6bsOM-xBcRWJqnj65ulqm2Lx4WDpg02NC6MpP_qjIUPc7GGUN2Vhha9bXEcRgQ_i5SwSRogIEIr-FJZ5CwzlxkPD3eDTz5I3a_IVvjw442st__fnu=w1200-h800-k-no
Bukit Doa,"5JV7+WPM, Jl. Bukit Doa, Pinaling, Kec. Amurang Tim., Kabupaten Minahasa Selatan, Sulawesi Utara, Indonesia",Kabupaten Minahasa Selatan,Sulawesi Utara,https://lh3.googleusercontent.com/gps-cs-s/APNQkAFeWiYEbtP2vB29Bz3io_mVl1cebdZum1nv1aZvukLkx02YSVkQnFeoLsdoG0Tt515I_s35f5_DHAOP1m3_WnvUEkWPp0cKxYxu1O9CWqIVrVihZmtsj-hjkyGOpT33lv567pc=w1200-h800-k-no
Wisata Puncak Maradadi,"HJXF+6PC, Kolese, Kota Bau-Bau",Kota Baubau,Sulawesi Tenggara,https://lh3.googleusercontent.com/gps-cs-s/APNQkAE2hxpFufy71uTtXlWFuQ2Hurnx6CakDqGaZtKqQbyaukmeC4By88-7D5F3skkjpkeK3KKpLUVn6i6B5JqD2p3jZsjcg2OaZ2SdAnDib-yuOrYjF4RFzEOSqGXHJC45HodSfFN19Q=w1200-h800-k-no
Pantai Toola,"Pantai Toola, Jl. Maesara, Puuwonua, Kec. Lalonggasumeeto, Kabupaten Konawe, Sulawesi Tenggara 93351, Indonesia",Kabupaten Konawe,Sulawesi Tenggara,https://lh3.googleusercontent.com/gps-cs-s/APNQkAGzt395l5o1uzaz0HG4-OZpE4DxB5E6zZZfskBQUX6pnXDkpmjA3rFRo8wdCGyPZQk_kL4D_011bMfS5yHh6ZOkOQIlCt3B6drhmLM5Fl99afHaZV1en7Wg6NfDR1jUF8QWqkBykg=w1200-h800-k-no
GPdI Bukit Zaitun Parepare,"Jl. Andi Mallarangeng No.1, Ujung Bulu, Kec. Ujung, Kota Parepare, Sulawesi Selatan 91113, Indonesia",Kota Parepare,Sulawesi Selatan,https://lh3.googleusercontent.com/gps-cs-s/APNQkAFesNePeyCnkYIywPl3Z1tp_69PDZ4dgqPfckH2h0D_Z4JSgQXnUjxjyv_m6I0y0oUe0kdp_OE__RCXPnBvIr0XxpZAh9whMvbPYaQGlPX3dyri_PbrqbQM2eBkvYym-p4WHOE7=w1200-h800-k-no
Pantai Kalinaun,"J5J2+G6Q, Kalinaun, Kec. Likupang Tim., Kabupaten Minahasa Utara, Sulawesi Utara, Indonesia",Kabupaten Minahasa Utara,Sulawesi Utara,https://lh3.googleusercontent.com/gps-cs-s/APNQkAFh536lwNYagWyhvH-tVFXigAu3j3G3UhbXSUBxLvvXqvQZvLCvLUeVI1xmiehsJB9WcoD_EStfb9GyO35TSavbgOo8zrv41pgA62Y9JP12uIuPxGikpTr-gkfK2ZXTVPbqBNE=w1200-h800-k-no
Pulau Bongkil,"24V4+JC3, Jl. Laut Sulawesi, Kabupaten Bolaang Mongondow Utara, Indonesia",Kabupaten Bolaang Mongondow Utara,Sulawesi Utara,https://lh3.googleusercontent.com/gps-cs-s/APNQkAH2fYv_nbUeFGcFGhTDxEAcl8b328pqZSc5XrAqIW0v0Z9D6oc6eSTDpP04Z1YKrDNKFyOFer61O8Ciqr4uTO61R4X5jLc_wq2p9LPouqT2YvWfpif4gv_Fi9lDKsTMSJjQ1H4oX2B9BnGW=w1200-h800-k-no
Air Terjun Indo Rannuang,"J9XW+GPJ, Jl. Indoranuang, Kunyi, Kec. Anreapi, Kabupaten Polewali Mandar, Sulawesi Barat 91315, Indonesia",Kabupaten Polewali Mandar,Sulawesi Barat,https://lh3.googleusercontent.com/gps-cs-s/APNQkAHIutknNRAMYcrEAA_e4uIsPzHXHJ7SXADZkmKqt_i4DmYYqdOR-slxNvgOdU7aXQTwbSTYbya1NVdbpuWK9sdHz7zz-7HFTsZ45P1YDfCSnnsZ0oUhQ_BYUOuOYk58-154RUHv=w1200-h800-k-no
Air Terjun Tu'nan,"7P3V+JXX, Talaitad, Sulta, Kabupaten Minahasa Selatan, Sulawesi Utara, Indonesia",Kabupaten Minahasa Selatan,Sulawesi Utara,https://lh3.googleusercontent.com/gps-cs-s/APNQkAEjAgg9bxbOarfHuXgsPYgrDRH7xk2pcuagM9jKp52znXnmKSd3x8AwnVa9IpltmJVUOGd7YYlOOthQGyo9eIvZ3BEVwqY84c3sGFNZsO4UHzfqrM87Xphd3Sugy1uXl4TyG0eE=w1200-h800-k-no
Tugu Selamat Datang Kabupaten Bolaang Mongondow Selatan,"FX67+RQH, Matayangan, Kec. Dumoga Bar., Kabupaten Bolaang Mongondow, Sulawesi Utara, Indonesia",Kabupaten Bolaang Mongondow,Sulawesi Utara,https://lh3.googleusercontent.com/gps-cs-s/APNQkAHWDyW52WR-s1pUxdZapAwZI3h03ZWHeRPAohe5aTEQ5L0mvEE19w6LaClQsJwo9W6hGnk8HGZig3doRONz8XgoZERbPrVplv2TmZq5TM2PbzFcUXOft_g618RbjUyJcNkeMiRG=w1200-h800-k-no
Pulau Dea-dea,G9MG+88H,Kabupaten Polewali Mandar,Sulawesi Barat,https://lh3.googleusercontent.com/gps-cs-s/APNQkAHfICLyWuEI48Ah-yIz0pMYRzgET0XViLGhsuyyc8hBXfwwHswRnC8vEjYoSwBnuOeP-FgiwOZ7MwpXyo05J6hzKvjlCkojjcZunPoc1ujbPjHgTWc2_XQPdzMSuj_kh2CsxMkz=w1200-h800-k-no
Pantai Tanjung Bunga,"R9MR+9X6, Maccini Sombala, Kec. Tamalate, Kota Makassar, Sulawesi Selatan 90224, Indonesia",Kota Makassar,Sulawesi Selatan,https://lh3.googleusercontent.com/gps-cs-s/APNQkAGtICJiURIF7Aq0RTas96fm-cFBVpwHsAD-4WmnYEZ2mlCLfECVOuvIbnhY6ZJXv0GG0Ar4eF3Pwddj7ZIPoiPBZkSHxnY2dFy9hvmcD4hnHwVDL9DvG4gMofRsQUdRFmgriLPf=w1200-h800-k-no
Wisata pannampu,"Maros,bantimurung, Tukamasea, Makassar",Kabupaten Maros,Sulawesi Selatan,https://lh3.googleusercontent.com/gps-cs-s/APNQkAFew5zjHhELd1RkwQFFigUQP1cn3MO3aX8UaDUGdMCdaqJRLL0qhPhOdbf8EdTvtwyNyIsVPABM1R473kQsHq3ZCwgtAL3XeQVPZrdZqxuF1GrA6kVq1pyuWLfhuZH1vUXcQV7w=w1200-h800-k-no
Air Terjun Batualambung Kambani,"CV9J+28W, Kambani, Kec. Buko Selatan, Kabupaten Banggai Kepulauan, Sulawesi Tengah 94881, Indonesia",Kabupaten Banggai Kepulauan,Sulawesi Tengah,https://lh3.googleusercontent.com/gps-cs-s/APNQkAFrTB6RYkGBITwXOgMewI20i8dj19MQnU0yyxx-OPQnCKsE_32jkj8ZsmRUux9sf2VGRL9Ff0vHztbha6GfYtpEULA59NtyHS3OunW-2s9ucJwVOkxDM79lRrLqORzvw6JAPn2-=w1200-h800-k-no
RTH Masjid Agung Pohuwato,"FW6W+VRV, Palopo, Kec. Marisa, Kabupaten Pohuwato, Gorontalo 96265, Indonesia",Kabupaten Pohuwato,Gorontalo,https://lh3.googleusercontent.com/gps-cs-s/APNQkAF2BTe9piq8rQVdZGxhK-129MQ0jAXwo0PfQ1qqiECi9jx3MG8UYLH5cUufmT6aO5f3Q7scRDqmjXmFe5l2OtVyIUlzuP_x8k3RvT1dk3NL2UYAJFJhMeorxuzoGmC_MYAyN7C_=w1200-h800-k-no
P4S WANUA LAMPOKO,"C64J+6XX, Unnamed Road, Lampoko, Kabupaten Bone",Kabupaten Bone,Sulawesi Selatan,https://lh3.googleusercontent.com/gps-cs-s/APNQkAH77a6PHJbVdxalfnBlmSZ0B579RSR2kLhdX6wnT5HCSrj6vvo6FsgwmpN78g_UnzPloFpMi66MkJyVXE0rFth7GsDN7PgnLme9k-cSzLABXCHeI8yn4Cei8ZLvKKG-qwXeOQ0=w1200-h800-k-no
Kincir Angin PLTB,"9Q7F+PV7, Kayuloe Timur",Kabupaten Jeneponto,Sulawesi Selatan,https://lh3.googleusercontent.com/gps-cs-s/APNQkAF01KkTZmdI3zzk4pSve0UPx_j2ysEi99jtnYTWlYWXPRWn1w8qZLlGQLtjfjGz2WAcvf-0xpnfnHK3QmGNYjXtbkvXSF7wfQt5SR4qdm33oyIrMbNoS22xrVoA80FpaGc96RegGDE6XWNR=w1200-h800-k-no
Colo,"Colo, Lembanya, Kec. Una-Una, Kabupaten Tojo Una-Una, Sulawesi Tengah, Indonesia",Kabupaten Tojo Una-Una,Sulawesi Tengah,https://lh3.googleusercontent.com/gps-cs-s/APNQkAEObXJXWSy7yfg7-NOzypBEAKO29G33hBOWIqqBGVSXlDuT4zsPHbTa8xEGsZ-plCGteFFq-5TDUbd0_qESgucW-OUf9qiTmUK1tC1FMKNd_9MIaMo4xuF0mL8e-fb1SHiKUO1QqA=w1200-h800-k-no
Buntu Cekong,"HQGX+4JG, Tanete, Kec. Anggeraja, Kabupaten Enrekang, Sulawesi Selatan 91752, Indonesia",Kabupaten Enrekang,Sulawesi Selatan,https://lh3.googleusercontent.com/gps-cs-s/APNQkAHfn1a9G-LyIAmGaYkuAoLLa8rLKZbY4mesxHZaeB3LF7YIyWyEKedgbVF61YiGLyVKe6zo-NLML_YcOkGkKBkiXGy5cwPI4ihuh2niaU5ieFrD5AOYrjN3iqL2CRqfEdJmJ48M=w1200-h800-k-no
Pantai Kapitu,"Pantai Kapitu, Kapitu, Kec. Amurang Bar., Kabupaten Minahasa Selatan, Sulawesi Utara, Indonesia",Kabupaten Minahasa Selatan,Sulawesi Utara,https://lh3.googleusercontent.com/gps-cs-s/APNQkAEpwnWED0Aa71wJoWh_Sd0VhoYXAf7DGAIsxikm9rTnyR9b9mV2d_nfy4gSNfjLnFeVMx5XeHzGL26VwU7C6lBrau-FHYKyPvpfFZJVzPvXPGr5-NjLuamHnHUg-I04VyjzR0RR=w1200-h800-k-no
Puncak panenteng tola,"Tola, Kec. Tabukan Utara, Kabupaten Kepulauan Sangihe, Sulawesi Utara, Indonesia",Kabupaten Kepulauan Sangihe,Sulawesi Utara,https://lh3.googleusercontent.com/gps-cs-s/APNQkAGW7dhZxoyCjz5hdKRVrz6NdfdmFcSWYtOf4tqoZJqzdlhso8bsL3OBfy9CDNsZnlSP6leO_q1yfY0M-9YEAIov1oMKzrH6wqldovn2Z6QJD1ev5Amz138dWVrD28Z37CVAOtNA=w1200-h800-k-no
Wisata Tracking mangrove,"RR5R+FHH, Tolongio, Kec. Anggrek, Kabupaten Gorontalo Utara, Gorontalo, Indonesia",Kabupaten Gorontalo Utara,Gorontalo,https://lh3.googleusercontent.com/gps-cs-s/APNQkAFE_dG7o1EQMQ_dXB3f8R4fnd7R65LokrWZVpumWFpPZjCpHJYKcCaqjXIYgRZKoYGfvZagLBjhIApi8j4nstuyetVN7DbjEcMZpj1FqYUkHrlNgpQbzUsztHTbYpZWmaNPR-0vwQ=w1200-h800-k-no
Wisata Mannessa Lappa Angin,"XM3F+4F5, WT. Bacukiki, Kec. Bacukiki, Kota Parepare, Sulawesi Selatan 91121, Indonesia",Kota Parepare,Sulawesi Selatan,https://lh3.googleusercontent.com/gps-cs-s/APNQkAHjWof8hHmWc1I2xq8Bcq8vtZLfJLBVSKLTCte84PSiHZtH-zBqAfAHmBHL8gwA8EmgVu3PHoi2dK0TDr4ScnghrHf1K4iFxoSsXt-AmPV3kpjdk3BocXRgaNFgO9qq9ttKZD3iZiWuC273=w1200-h800-k-no
Pantai Sangganipa,"7MR9+M4V, Towale, Kec. Banawa Tengah, Kabupaten Donggala, Sulawesi Tengah 94351, Indonesia",Kabupaten Donggala,Sulawesi Tengah,https://lh3.googleusercontent.com/gps-cs-s/APNQkAHaqcxrmDhzFIPPZYosclwgSjekHUhOFpL74TVXZ03kLnYvq_UCLQniHq0Ij344PYaMs_cU1AWTzUuCUpvDDw7sfUi9lz3_cMV78GpZEeVWLNY5NkaGWNR6CzUz7xjf6ZI4ndBKkMKyhYZB=w1200-h800-k-no
Pantai Bahari,"HMMH+M4M, Mapane, Kec. Poso Pesisir, Kabupaten Poso, Sulawesi Tengah, Indonesia",Kabupaten Poso,Sulawesi Tengah,https://lh3.googleusercontent.com/gps-cs-s/APNQkAHy-r_GzBE7oBiSdJHn1g2f14IimiOmRSmnEH6UpuVHll8q3fAFj24yjpHmAHfGgWkLE0AxxgKjRMLIKtumPVoytDvaUK_o0_yyTEN6FHhL_sCOv_PCrrqpdVtTWspySjfN2Cll=w1200-h800-k-no
Lakasa Cave,"FHR8+MQ6, Sulaa, Kota Bau-Bau",Kota Baubau,Sulawesi Tenggara,https://lh3.googleusercontent.com/gps-cs-s/APNQkAESfUxqx_IdLd_lNoEus0LPaxtjnef5C1y-hl9Si6mjnoC5PgNWEPrO01k1aYD02XGGVZ6OZxHuLd50I33IRjd9C2yCUduyVm_85h1XjJ02F8pv2zWDq3xy-VOZHkAKbcYI_u6bAg=w1200-h800-k-no
Permandian Lakakuloto,"MJWQ+HX4, Rahia, Kec. Gu, Kabupaten Buton Tengah, Sulawesi Tenggara 93761, Indonesia",Kabupaten Buton Tengah,Sulawesi Tenggara,https://lh3.googleusercontent.com/gps-cs-s/APNQkAG8sJo_ahId3p0pCFFb_f03AOghymK6p1xqefaOKHM-Am5Ok2goA8YqOrTVROH1937LIvGhZFwBkvlwu39NiNrv-DgmItJ4cF4UtasfZ04Q4tYOZKT-EN0nL96W-pUCVNM0DplN=w1200-h800-k-no
Waterboom Agro Wisata Palopo,"Murante, Kec. Mungkajang, Kota Palopo, Sulawesi Selatan 91921, Indonesia",Kota Palopo,Sulawesi Selatan,https://lh3.googleusercontent.com/gps-cs-s/APNQkAFNHenDZuo1qJDxGD_I8OJSYbBXKcTmmpIOzS1ZVVnjy1NvcBNl_b761Ps6YyAqIztIWEYi4Avz9uboSyFi3X14ZhJh9qABdfFjKrh8ztPZK4trcNbQ9aFx6AJEWcPM2Ck5RswG=w1200-h800-k-no
Monumen Gerhana Matahari Total 2016,"QWGX+VC2, Pakuli, Kec. Gumbasa, Kabupaten Sigi, Sulawesi Tengah 94361, Indonesia",Kabupaten Sigi,Sulawesi Tengah,https://lh3.googleusercontent.com/gps-cs-s/APNQkAHckhw2cP3IH_MFM39eyJWTlfTsH7CZs9qDGNPbvwNSThiYIBFfLW43Aa6lzSyOpR35lBJmXhpdPi_rHC8ISv1A8RmcU6uxda_PSVMH_Hvdbx-X3RM9lYlJ-zZwFYweJNvl3qRY=w1200-h800-k-no
Air Terjun Kona,"Q2HH+MQ3, Pollewani, Kec. Tutar, Kabupaten Polewali Mandar, Sulawesi Barat, Indonesia",Kabupaten Polewali Mandar,Sulawesi Barat,https://lh3.googleusercontent.com/gps-cs-s/APNQkAF-BPPIMwSZ8YoSoObXUNs2_PD9yM0lwXQbZqdW8zD8V_hcIvkhz8M9_y34ZiHiehyab1XhVOV17OEKSi-XHAibhV9qHxSIjv6DeiEkgE4OGPxu9RDU85CkBwDUNwA5n5o3WMuC=w1200-h800-k-no
Museum Perjuangan Rakyat Sulut,"No Jl. Sam Ratulangi No.27, Wenang Utara, Kec. Wenang, Kota Manado, Sulawesi Utara, Indonesia",Kota Manado,Sulawesi Utara,https://lh3.googleusercontent.com/gps-cs-s/APNQkAEfMzRV7Lsy9mQFsgpUwDHs_xHU9kftP29WcFaf5jbewGQffkSYzzwMwwGdMigLP_JDpcs5ZmeA57xbnoTYLULOP9Jv9BPB34CId7_O6popf_AN64XBaNJeYuUtRREEKGHr4Cz1=w1200-h800-k-no
Pantai Napa,"93762, Napa, Mawasangka, Napa, Kec. Mawasangka, Kabupaten Buton, Sulawesi Tenggara, Indonesia",Kabupaten Buton,Sulawesi Tenggara,https://lh3.googleusercontent.com/gps-cs-s/APNQkAEug0eMMzZCievWl9Ac0qm04KvLYrCsnwPUpfumv4Iw0FQ2KAH5FnY3ArsOY6uTA0bU9MFhnoa1DWM5EzVuUNmZqiMapAbDCNYfIMGANCQx8PtZmNTnNrHpBquZ3tdzX7N0G_Nx=w1200-h800-k-no
Pantai Pinang,"Pantai Pinang, Sulawesi Selatan, Indonesia",Kabupaten Kepulauan Selayar,Sulawesi Selatan,https://lh3.googleusercontent.com/gps-cs-s/APNQkAHhou40kKJsZDO1n0YU0BNX3gHrbvFxo_nX_yAexK51A15aqkYAwlAlaJ_S60wLnd5q1Y_vF8h8MS-yUyTdN9pU1MZiQgoR9QRBh0X8lyRvpXqmX_ATpLIXuYGCpc3_ElAeC4I=w1200-h800-k-no
Wisata Alam Sulili Baebunta,"Baebunta, Kec. Baebunta, Kabupaten Luwu Utara, Sulawesi Selatan, Indonesia",Kabupaten Luwu Utara,Sulawesi Selatan,https://lh3.googleusercontent.com/gps-cs-s/APNQkAEzhOFY-NvAcEGluNColrQvUaZr72DomREOeWv061sSw22mc_BxwwJQ-GG3X6Ggb46UcB0dHmwdqcx_KtaS0odIdMGkQAyovvHnfBgH6n54sKPht9jS2MqAK_QMIfSj8kp4-r_U=w1200-h800-k-no
Situs Megalitik Watunongko,"C9PX+QF, Watutau, Kec. Lore Peore, Kabupaten Poso, Sulawesi Tengah 94653, Indonesia",Kabupaten Poso,Sulawesi Tengah,https://lh3.googleusercontent.com/gps-cs-s/APNQkAGmObwxq6V1W3xjPKs4mzim1-KggdEwgGwNzRDU5QPeFbfkn4wvohw0kejn4yRg6q836ysKevv6GEkxg2H-Zt7oCHdjbNMufTMrrkhMN7tQ-1-Yp3hKWoF59cmHU73eBw_N2O3HE58G8_uX=w1200-h800-k-no
Gunung Sesean Toraja Utara,"3VXH+CFP, Sesean Matallo, Kec. Sesean, Kabupaten Toraja Utara, Sulawesi Selatan, Indonesia",Kabupaten Toraja Utara,Sulawesi Selatan,https://lh3.googleusercontent.com/gps-cs-s/APNQkAFjJrpo8zv58x5W2iXwVaXvHniR3NTQe4srE1lRMTkHt6Y6gBiPwlYwVnVy6m1ZENAtlfQDpgITgRCSnOL6dXQV14jtE6n-GaZTN1CTFY0p1r74P1cgM3nNtt3ris9SU_ZcbmC6=w1200-h800-k-no
TONGKONAN SASSA',"RVM5+XWR, Gasing, Kec. Mengkendek, Kabupaten Tana Toraja, Sulawesi Selatan 91817, Indonesia",Kabupaten Tana Toraja,Sulawesi Selatan,https://lh3.googleusercontent.com/gps-cs-s/APNQkAGUTSOPI8sTnFtIhigPWic5HPDaQO3i1PYVEambAFOo0R20VT3kOD835UGg8xCyALjxjM-gCoPr8lP1Cd34tLor0elh-F2cuhJehuIY1ZJZxpKHbui8o0WW-KY_EN4XOSqVARU=w1200-h800-k-no
C-Beach (Pantai C-Salonsa),"F8RP+X3R, Magani, Kec. Nuha, Kabupaten Luwu Timur, Sulawesi Selatan 92983, Indonesia",Kabupaten Luwu Timur,Sulawesi Selatan,https://lh3.googleusercontent.com/gps-cs-s/APNQkAHdUu8V11Hzgb-oLehlP2gwb0cewHhmf9Qw9EkoQ4xgv-cZpjkWrC2lAYJ2dnNnvm9z-AKRUdbxtXix2EMOduTXifFXLyTShPXh1NdVy3LlTybz205BZohOf93fIBqNFoa_MyAm=w1200-h800-k-no
wisata alam pattipo,"J9HC+5M5, Kunyi, Kec. Anreapi, Kabupaten Polewali Mandar, Sulawesi Barat, Indonesia",Kabupaten Polewali Mandar,Sulawesi Barat,https://lh3.googleusercontent.com/gps-cs-s/APNQkAFARfB2D4nR3umlreeKeaeNFA3p0K55S_TaYWnfxOv0HiUZRv9MSzvbnTv3T0jIAEZx3c99JPpufnFvN-fWpWG9wkgClr6OacvHAEtmEorxg582figbYjbGAiLB3_M0DH8misMqeA=w1200-h800-k-no
Air Terjun Kelimbun Tumbohon,"HXF5+M8Q, Tumbohon, Kec. Talawaan, Kabupaten Minahasa Utara, Sulawesi Utara, Indonesia",Kabupaten Minahasa Utara,Sulawesi Utara,https://lh3.googleusercontent.com/gps-cs-s/APNQkAEqwapQz10RwvbmvSTn_wAdK9vRGK_6fX8v1yPK7Uqv2kmG2NZRR8egw9ZLLqRP3BPfeEGlzFi06eeH4eYtuKA22TL_XID2ZLtbVFlRYBy1NMF0ReO3rzhb4ri6kIt3h545t6M6=w1200-h800-k-no
Weer Molino,"399M+C78, Dondo, Kec. Balantak Sel., Kabupaten Banggai, Sulawesi Tengah, Indonesia",Kabupaten Banggai,Sulawesi Tengah,https://lh3.googleusercontent.com/gps-cs-s/APNQkAGV0W8YQmTIwruFWTqmSeT8dK8xZecaRDbVFjESdswl3l0t6k_L_h_iidUaV76yHC8yCTS1f--YkkLg_Jr5DQT5WWjXI5pEJP6IXK3uDeIBYdxojvAUsMQhypYZNqFPRQMtzrgJELzauEsG=w1200-h800-k-no
Kali Biru Mosolo,"Masolo, Kec. Wawonii Tenggara, Kabupaten Konawe, Sulawesi Tenggara 93393, Indonesia",Kabupaten Konawe,Sulawesi Tenggara,https://lh3.googleusercontent.com/gps-cs-s/APNQkAHuLBz2TBL1593bRLAxBXjQkw1QK1fXSkX-8WBUogb4lFx_69pXGNayjeHFB1Pf_Gu1A4kzEUtjFYucETfpLmRviYS4XAok918X9Y__ZJTWwNG5kWPsMgLqcF_9JxO4X0Qaqn6d=w1200-h800-k-no
Monumen Korban 40.000 jiwa,"XJRC+CRJ, Ujung Sabbang, Kec. Ujung, Kota Parepare, Sulawesi Selatan 91114, Indonesia",Kota Parepare,Sulawesi Selatan,https://lh3.googleusercontent.com/gps-cs-s/APNQkAE1cRYW_Nf9zQLzLzE2eY4345uWIqeBWHQ0g3FDEmoon0Z1v-BztYI4apiwMP_QpKbNkEzfDL0r_Ii39hbE5bTZVyZTQVrdBUk49MvI8eGxaFJHlIW4u8Vv6kNV184UCz9r7KVH=w1200-h800-k-no
Wisata Alam Bonto Kalihara (Bukit Semut) Selayar,"VFFF+W9X, Putabangung, Kec. Bontoharu, Kab. Kepulauan Selayar, Sulawesi Selatan, Indonesia",Kabupaten Kepulauan Selayar,Sulawesi Selatan,https://lh3.googleusercontent.com/gps-cs-s/APNQkAHPBYX_Px8i2kmajVvautlA9q3mixOZDoKNzyPMJu5d4Q1eCf28roY__FrlLmGJ31donoQJJuYTP_iM76tJg_P7FCE2RW2ttEQ7uo5nArx6beSQwYVeQU62xDvrNaUOgTBHLF2P=w1200-h800-k-no
Banua Wuhu,"Banua Wuhu, Indonesia",Kabupaten Kepulauan Sangihe,Sulawesi Utara,https://lh3.googleusercontent.com/gps-cs-s/APNQkAETLqM9ikMfF1qrp5EheJkh8e7yak-hv72D8jUnopBuET5X8YBxO7aoyjx56i_IJT-Lcdln_oy9gQbo2SED5tO5N8nYwifuguHT0O9EyBrajlKMCVcDuzUOWFlWhR_ZMe7wWvsKMQ=w1200-h800-k-no
"Desa Bokori, Kabupaten Konawe, Sulawesi Tenggara","3MG7+2CH, Bokori, Soropia, Kabupaten Konawe, Sulawesi Tenggara 93351, Indonesia",Kabupaten Konawe,Sulawesi Tenggara,https://lh3.googleusercontent.com/gps-cs-s/APNQkAFWqIBXm7MDShtlgVDiNZYHW5CszgAeqEjSwrIDtd6M9wVpHwE_kaSpb4BVHZMbh5jkV9KI83mOGcVIq38UQ1i2hB5JzNPYRBbaNsAuwGlri53z2hfUyj4seFKMajnFNearhT4f6g=w1200-h800-k-no
Air terjun Rouda,"9XJX+7WP, Raoda, Kec. Lambai, Kabupaten Kolaka Utara, Sulawesi Tenggara 93956, Indonesia",Kabupaten Kolaka Utara,Sulawesi Tenggara,https://lh3.googleusercontent.com/gps-cs-s/APNQkAGtLi_5NNOGZJ2VHU2W4yGTRj3HE2yqKAWzWUBOyxFfU0s3hXPm_4FiQ6DAYqVAHteU1FcZmANLvbqaEdrn8yvOB4yCnC4lbVfYgUXkKfQ2O7SJClQCKQX6bXDcDBHEAWm1TCpb4A=w1200-h800-k-no
Pantai Morano,"RHQQ+48H, Fongkaniwa, Walengkabola, Sulawesi Tenggara, Indonesia",Kabupaten Muna,Sulawesi Tenggara,https://lh3.googleusercontent.com/gps-cs-s/APNQkAG_3wqAErBfMXiATLlPbSiaVs3RExvdonMzEHEqpCgZVHa_lizJ_CdG0YNkv8-XrWET1L05SgG0IEygdYdR5neV7geQTG6G62tcqLyG0RdwgVChWuz6aRVP6ShjEWy01fOtW_Nb=w1200-h800-k-no
Benteng Bombonawulu,"PH58+F8H, Wongko Lakudo, Kec. Lakudo, Kabupaten Buton, Sulawesi Tenggara 93763, Indonesia",Kabupaten Buton,Sulawesi Tenggara,https://lh3.googleusercontent.com/gps-cs-s/APNQkAGnXhihYFtTVZDfuNs0FuUA7Hnvt8GP5gYls5EfINROG5QS-Pje3dNqektqSB_b4JpnN8EakiPvjkY9NS68qpF4f4PGU2HG5vomBnMDViAozFbdNput2pjwn856NMNhBaQHTItkeA=w1200-h800-k-no
DESWITA ( DESTINASI WISATA ) SEJAHTERA,"H3RF+99G, Sejahtera, Kabupaten Bone Bolango",Kabupaten Bone Bolango,Gorontalo,https://lh3.googleusercontent.com/gps-cs-s/APNQkAHqds9IuKs0VZKnjTfRMAzLxkgpB2TqLp_voAfkZSlcHpanPDYbUUx1VcBvi3JRO7Q6rWQQkxX2BV4nawZkxEb3YZ0xp9xoPRdM4AZ0pO88s82HUJKaNzVu27kIocCbNKEcQWaY=w1200-h800-k-no
Pantai Pulisan,"M4JW+XQ5, Pantai, Pulisan, Kec. Likupang Tim., Kabupaten Minahasa Utara, Sulawesi Utara, Indonesia",Kabupaten Minahasa Utara,Sulawesi Utara,https://lh3.googleusercontent.com/gps-cs-s/APNQkAGdjxebQeVbZML2gv8rMRImf2lGz5fd4ejXkLYPJvWSTeE9MWR72qMSfnRkokVT4zdkoIPkOuzhPiiJdLCagfDGXjWRGbO-C2ICggwo4jjWeSXpS2vj4WuCk2-C49Mi4AIJSXuj=w1200-h800-k-no
Rakata Beach,"742C+X44, Pelawa Baru, Kabupaten Parigi Moutong, Sulawesi Tengah, Indonesia",Kabupaten Parigi Moutong,Sulawesi Tengah,https://lh3.googleusercontent.com/gps-cs-s/APNQkAGTyudIMZgQ3Ko_WrbkzmkkymMmbQvCUr9d8P1m1jz8Ad0Eo1TZHR3UoaS80uQ8Ke2x6O2lwnuafNcrTK648ZRPnNifVsaxsgSjAa-aH-e97hBux8wO-fsB05GxPMSDtHyWkYpHNA=w1200-h800-k-no
Goa Bidadari,"MJ55+GF7, Kolowa, Kec. Gu, Kabupaten Buton Tengah, Sulawesi Tenggara 93761, Indonesia",Kabupaten Buton Tengah,Sulawesi Tenggara,https://lh3.googleusercontent.com/gps-cs-s/APNQkAFuNLe_FDesJTZCzhKcOvf0p2LOmeIWAgiP_lFSWph0b4QKWE2Yf-2wme6Fx1IIeVR0wadBHW18wIDXbPbgc_W2JPgnsfIiy9I-L58CuXI0L_aRnXbPbjHyh9kBzPN-Ziyzb7jBdpziuqQx=w1200-h800-k-no
Air Terjun Tenilo,"GCF6+6R9, Dulupi, Kec. Dulupi, Kabupaten Boalemo, Gorontalo 96263, Indonesia",Kabupaten Boalemo,Gorontalo,https://lh3.googleusercontent.com/gps-cs-s/APNQkAHtoFgH0n5OLnKXjL_8v5RkjWbdl_jnSuNvD4SniqYZVdaL_-MqlJjowL_JrkvXBs_6c3bV0V23EfEuCdmPs78gZuV_ZItzz-DhqSpKi0mEYNUolttUeMtN3guavUII144zaPWb=w1200-h800-k-no
Pulau Sara-besar,"Pulau Sara-besar, Moronge, Kec. Moronge, Kabupaten Kepulauan Talaud, Sulawesi Utara, Indonesia",Kabupaten Kepulauan Talaud,Sulawesi Utara,https://lh3.googleusercontent.com/gps-cs-s/APNQkAG_AGxHhtyfI3razNIlD0glhzQ4FkykuxV8M3frjJOBM93gxyTgheDVFG_YsadFZHDbi4MEh-PKiOuPigPKNT4ycGvPR0KXopSfJfwDTWufEhgLsz38i-spi8ZWI2Lit_y-RQRymA=w1200-h800-k-no
Pantai Pasir Putih Pinomontiga,"Pantai Pasir Putih Pinomontiga, Jl. Trans Sulawesi, Pinomontiga, Kec. Bulawa, Kabupaten Bone Bolango, Gorontalo, Indonesia",Kabupaten Bone Bolango,Gorontalo,https://lh3.googleusercontent.com/gps-cs-s/APNQkAGiFtaJk9XcHYsNdX02pNiQJqm0tjJsp1nEDveFApvUmRPwBmbfutE8Kfho8BthGdrn0Xcou9gtQw9GVIlubXpGaz7zG82mDhBVuqwBj4T3Jyvzjcgy6SUzcaY-hwYxcC0npMACVQ=w1200-h800-k-no
Wisata Mancing Desa BuluCindea,"5GP6+62W, Bulu Cindea, Kec. Bungoro, Kabupaten Pangkajene Dan Kepulauan, Sulawesi Selatan, Indonesia",Kabupaten Pangkajene Dan Kepulauan,Sulawesi Selatan,https://lh3.googleusercontent.com/gps-cs-s/APNQkAFN7l61Q7KgBvDq_MRJOcWhlS_UrtUd-tkr1SBKjJ2LjDuRLBdKkK82bm6r2e75cTTphthI0JxxOehhAFJyCctQcEkXGh5V6S2zPFOxVfVKqBhLGvw8AKKU9xNLt916qHZRZKpvaFBcF4c=w1200-h800-k-no
Gedung PIKAT,Titiwungen Selatan,Kota Manado,Sulawesi Utara,https://lh3.googleusercontent.com/gps-cs-s/APNQkAFLUY-gkI4gYMeOYnVTuAcsnMf_20uzPGLc68NG02OC8vd03d9zmdFlW_E12Jz032ke2-15YZQ-80-vWILPWhAGJ1IHYVqPf-8c9x9b-jn-DxvkGHYs6r_jzT8PWZW71xYn7rE=w1200-h800-k-no
PANTAI WISATA LOGPON,"2F48+Q4F, Unnamed Road, Sausu Gandasari, Kec. Sausu, Kabupaten Parigi Moutong, Sulawesi Tengah 94473, Indonesia",Kabupaten Parigi Moutong,Sulawesi Tengah,https://lh3.googleusercontent.com/gps-cs-s/APNQkAHH5b8xLPVp5_EQdndma3qhOM2AC8xpHJ49mJ6XnccqlCfLnw4IrZnNxDXV8IBOVPkGVwFBHUJVuMmF592ibCosFIKIR1LS15o2LNFOoCuW4OZw-O52fC__yLBgpZ2FZVCvTKBhs2914FFX=w1200-h800-k-no
LASA Nature Tourism,"Jl. Trans Peling, Patukuki, Kec. Peling Tengah, Kabupaten Banggai Kepulauan, Sulawesi Tengah 94883, Indonesia",Kabupaten Banggai Kepulauan,Sulawesi Tengah,https://lh3.googleusercontent.com/gps-cs-s/APNQkAEP9QCTYzXs_7afafYDZWl1Jz7Fa8vB8zRubbM41Fs5Ys6h2XXcEolJKSiwuhwXeI4sAARmTodU-j7nCUJjaWkz2x4N1kTobirsBaPgVy1tNDeuCO2TiDqfQfSxxJWlyDyixj4=w1200-h800-k-no
LYWANZA POOL & RESTO,"8V4F+262, Jalan Soekarno Hatta, Karema",Kabupaten Mamuju Tengah,Sulawesi Barat,https://lh3.googleusercontent.com/gps-cs-s/APNQkAHsXanBReQmp_rvTrWMfQgZeQHD51uwvn-4FtA3sVDPQFCEc3A1cQBcpC3Pi85BgICyK1UNWqBmuiRHQwCFaX12pemmiki1NY3oESw-b_TVNyelftvz3VL1YtD23Guq2tJ_5IvPow=w1200-h800-k-no
Ekowisata Mangrove Lirang,"G7VR+GW8, Lirang, Kec. Lembeh Utara, Kota Bitung, Sulawesi Utara, Indonesia",Kota Bitung,Sulawesi Utara,https://lh3.googleusercontent.com/gps-cs-s/APNQkAHYR_Q8PdcUVQmMasw6uitbmMy4mBxlGdgKI47nUVRfSoRi0pGEX_5Z-3G3TtAsg2vUUgekAQyG-fG7VTezT5rl1DTzgQwfj4nZS3keTrFlZ7ntTRMYWxGrvP2pmScOWvyBmPY=w1200-h800-k-no
Hutan Mangrove Tofuti,"CXQH+HF3, Unnamed Road, Bahontobungku, Kabupaten Morowali",Kabupaten Morowali,Sulawesi Tengah,https://lh3.googleusercontent.com/gps-cs-s/APNQkAEKm3H_PU9GTbnGd2m8SIVoY9ACGcjHN5Ndxx6qDjLxa26MoG52sKVIGtlyA9GtVU1CnZpnhoU6iuqIj5lQSggYeK7gMwgzeWXoPC0zWsmhLgHkDy1v3XpIzDOeD--St_7ro2Tg=w1200-h800-k-no
Pantai Puuesa,"Sukarela Jaya, Kec. Wawonii Tenggara, Kabupaten Konawe, Sulawesi Tenggara 93393, Indonesia",Kabupaten Konawe,Sulawesi Tenggara,https://lh3.googleusercontent.com/gps-cs-s/APNQkAFt8FSqSi7dUdoG4ztZmmnbxFtHH5ua1skvHD4I-4i947jW68OXj_6hvWeryNLL_3pU0mb8Sa5yTur_wgWVbvoDBJNJW7rAYX0kj_UtFddrjX3VMaAL6JobuzLE_JeUNvwCskm9=w1200-h800-k-no
Air Terjun Sarambu,"G84Q+4JR, Sumilin, Kec. Masamba, Kabupaten Luwu Utara, Sulawesi Selatan 92916, Indonesia",Kabupaten Luwu Utara,Sulawesi Selatan,https://lh3.googleusercontent.com/gps-cs-s/APNQkAGxN0lEPAHDzg_paN76W8e-cq3ZERzCazsOsf56tKjs-ZEkScqeo0-TwQH7j0prHSj9Bk9m6dwsgyHayY1CXCIEoszwihzj0BnG_jPVK9kMUR20c6ITjoiFOzmN_3jX6KjRNk8=w1200-h800-k-no
Pantai Wisata Maroneng,"Pantai Wisata Maroneng, Maroneng, Kec. Duampanua, Kabupaten Pinrang, Sulawesi Selatan 91253, Indonesia",Kabupaten Pinrang,Sulawesi Selatan,https://lh3.googleusercontent.com/gps-cs-s/APNQkAHq514CzwKSv_Jmv2MnQmteDy4_u091lKt1p7sIlxGg6vvaRdDsE9XDtygExDeYS9dg62hMxZXQ0jj3KBPKYAThmnRnAmmjw45VWurNMqFJJqK03oIKq9jyMMoz4sOUylY61uPa=w1200-h800-k-no
Puncak Battoa,"C6MJ+9CW, Cingkang, Kec. Barebbo, Kabupaten Bone, Sulawesi Selatan 92771, Indonesia",Kabupaten Bone,Sulawesi Selatan,https://lh3.googleusercontent.com/gps-cs-s/APNQkAEiRbStPBEwmXyuRzjl1iNlBb4_13OYBZotcVe-0_bQugRzGLeAFK5ki1RV6KuGTyb2AAUqTzEYX_BXXyiFypofkY23-GgByGBA6r3CSMsrfEppLiuL5M8HDsg96MOSEk0SHBd9=w1200-h800-k-no
Gunung Tumpu,"Gunung Tumpu, Damai Makmur, Kec. Nuhon, Kabupaten Banggai, Sulawesi Tengah, Indonesia",Kabupaten Banggai,Sulawesi Tengah,https://lh3.googleusercontent.com/gps-cs-s/APNQkAFmEjzeZQMcn9uPva-mOzM_1ASBJ8xCzfyROnVg1ihX1Hnp_u5EFl_jDJmzQOdH70cDjUYZqhI3444M2K2Ko_lUmcAIEySBhxrT_boy0BvlPje_fbYP1m3vsnbt4PJNzksqCFMv=w1200-h800-k-no
Air Terjun Kalimalima,"5VQV+7WC, Moolo, Kec. Batukara, Kabupaten Muna, Sulawesi Tenggara 93674, Indonesia",Kabupaten Muna,Sulawesi Tenggara,https://lh3.googleusercontent.com/gps-cs-s/APNQkAGPAdHM6KTx6brna_pK8tES0Nb5ReVQZEyS13lEP6SIB_deNFk_79wG0lJByC1wSu3zisOujhthVOXt-cmSHTksVOqrxS6vfrDIFGuwkfxL_C3p4SFl758PvXHA9dcOgrrq3ycMK03Jh7Bh=w1200-h800-k-no
Wisata Matabuntu,"C7P2+7VW, Ledu-Ledu",Kabupaten Luwu Timur,Sulawesi Selatan,https://lh3.googleusercontent.com/gps-cs-s/APNQkAFisVpKDPIUfS5R-r1IS008KMi212lfuoOIh44--4H9cZbjLDoFAg0RWzRXRjF7GW5yqX0l0n_fCyg_gtcLL77hT1fUUuXPrXu3_Y9AYXq511e79yM_41bi2oReBhgD1VScvWlycxqK9-M=w1200-h800-k-no
Pantai tupa,"7MR9+XG, Towale, Kec. Banawa Tengah, Kabupaten Donggala, Sulawesi Tengah 94351, Indonesia",Kabupaten Donggala,Sulawesi Tengah,https://lh3.googleusercontent.com/gps-cs-s/APNQkAFtUEKa5uqDeEt8_xPyYva8Bv3fkKj8GlVyt0HaAxaxMmkV9n1tkGaxjQAio0CZ9JWiqOIZFx6bU-p9nSt8yuBcQtEegrKP5s9jv_YoucmYIldTPrrT1Zv-LWku4Kh8xX03n7w=w1200-h800-k-no
Puncak dunu,"WJQW+2R2, Dunu, Kec. Anggrek, Kabupaten Gorontalo Utara, Gorontalo, Indonesia",Kabupaten Gorontalo Utara,Gorontalo,https://lh3.googleusercontent.com/gps-cs-s/APNQkAGGfJXKlp8t4JmDqbWZi0HI7qpGVVa1MBAX3-v8Kmz0z5Iv-VxEgbijbq4K95OEuXGgN_NCfehZxKJ0ugZjaKPBNdt-XmVk2lOBgFzNUnc-BR3EGVe09OsEGlg9Ut66948l7Uvh=w1200-h800-k-no
Permandian TompoE,"M6JC+GCH, Cabbeng, Kec. Dua Boccoe, Kabupaten Bone, Sulawesi Selatan 92753, Indonesia",Kabupaten Bone,Sulawesi Selatan,https://lh3.googleusercontent.com/gps-cs-s/APNQkAGlgiAdQ9W22GrxBOdMEe6Ppnx_YQFjzimyZ_kekboa3D973UT8Y__x-LIUeYbFJgbJwXfCkmSeYKYgRp_MKrjUJy5KnMHidPto1sKb_qFMdb0ugwMNQaaIB2L7ie6VrAFqzBZb1g=w1200-h800-k-no
Hidden Paradise Minahasa,"Jl. Tondano Kamangta, Suluan, Kabupaten Minahasa",Kabupaten Minahasa,Sulawesi Utara,https://lh3.googleusercontent.com/gps-cs-s/APNQkAFPLia5IMTtN_84Syz4O4sS75tety5kSKEj46UcqN2Wn1qCfMWgF4BxXFGpJXuHPjhWKlEnHhWGPjZn4SH01wQW5yQf1eBx4p6VSaipvtIFfJyqTDbQsFBpQINPunis6Huxjrra0Q=w1200-h800-k-no
Sapaeng Beach,"HHJH+JRW, Kuma, Kec. Tabukan Tengah, Kabupaten Kepulauan Sangihe, Sulawesi Utara, Indonesia",Kabupaten Kepulauan Sangihe,Sulawesi Utara,https://lh3.googleusercontent.com/gps-cs-s/APNQkAGjC4uIWaL6PXp73bI0lHhHZyBxjex8MHYW2ahLrunirJbywkBBDyVlKmMgJgYcfkhvVCdVv_UgE5F_Q-Pm83IggVYJrPhcte2AjhN8e4xIdB6ijcTEsgzBH8qixieDK8yOLHa7=w1200-h800-k-no
Pantai Sapelang,"GQQP+H6P, Apal, Kec. Buko Selatan, Kabupaten Banggai Kepulauan, Sulawesi Tengah, Indonesia",Kabupaten Banggai Kepulauan,Sulawesi Tengah,https://lh3.googleusercontent.com/gps-cs-s/APNQkAF_TPegglGX34jJ9yk-fMZ22kAWSmASav5a8lORoxUkYs_EfqJWOkAHLyxfnK-dSoS6T1WyDlxF9pSNA9dsgxUB6kMBPjzT2qune8rw_tP_gQ3Q-F8DinLI2gsOGQT6RVB-0ebP=w1200-h800-k-no
Lembah Lambusango,"QRXW+G52, Wakangka, Kec. Kapontori, Kabupaten Buton, Sulawesi Tenggara 93755, Indonesia",Kabupaten Buton,Sulawesi Tenggara,https://lh3.googleusercontent.com/gps-cs-s/APNQkAGyt4c8eokyGrz312By0HiebUDQy_5HODMnQKAhmUGDdWfKUjjstMkcRu2MA_C9LgVk2-cFpHn2HcliWV_5kEh_rtc7AQ3Np8mSJEj3L8vn3IQL9NsHQ-JK7ebDETjS0WRdbTs5fA=w1200-h800-k-no
Sumber Mata Air Kab. Bulukumba,"G84Q+52, Benjala, Kabupaten Bulukumba",Kabupaten Bulukumba,Sulawesi Selatan,https://lh3.googleusercontent.com/gps-cs-s/APNQkAF3BgMDIUOXeGMbBwOdc_iYIp8semM8oh_em4Hq1ztwbcaY8Z3AKw9BgiHxNsqitqiavqVOPljH7w0kxkYVJeeynOmOkLvbdtpcj2U6PXXnDmfhZdEapsxAVaV61lWw06cHfroCv4ZFMMFf=w1200-h800-k-no
Air Terjun Andulan,"63RH+5G, Siteba, Kec. Walenrang Utara, Kabupaten Luwu, Sulawesi Selatan, Indonesia",Kabupaten Luwu,Sulawesi Selatan,https://lh3.googleusercontent.com/gps-cs-s/APNQkAH8-fyGxc88k6LMGCgLnWZS7Bpca0daxvfavxEopFytIY4Gw5xPINVXTFnhwmoFdnxrPC8JriDe7FZB4zxfpkUyIPSh-69cc1WrLzPpt2WPF1r5cUDQqFWmjxMj1LbZ5bhzu74Tug=w1200-h800-k-no
Air Terjun kumapo dahu,"734M+24X, Unnamed Road, Andabia, Kec. Anggaberi, Kabupaten Konawe, Sulawesi Tenggara 93419, Indonesia",Kabupaten Konawe,Sulawesi Tenggara,https://lh3.googleusercontent.com/gps-cs-s/APNQkAH3ukAD-9oCz8kyPU6XXpnZIliCwLFoCa-gvUTNorwWnN7flum7l0k2756JT98QXQ-UL0ySHnYjiLpCAf1nYSFIazjTq15Mz76o1-paiwzFclriUz13_Fx6_IS3OnBE_QHG_Hfr=w1200-h800-k-no
Limbong Kambellun,"JC36+7J2, Batetangnga, Kec. Binuang, Kabupaten Polewali Mandar, Sulawesi Barat 91312, Indonesia",Kabupaten Polewali Mandar,Sulawesi Barat,https://lh3.googleusercontent.com/gps-cs-s/APNQkAEpvd40YEXeeABCnNVSXCH-QagifbtU2JRpzAJoUh--XwpiCMJ4DYinL0dFVegjZ-9bivmJnNTWkhZvL2XimaAg-CjMN_O4I0QwaSKInvLpdCBnAklHZWCNJSpg83-WzUAiWWBFeg=w1200-h800-k-no
Exotic Beach,"F484+PRC Pantai Exotic, Huangobotu, Kabupaten Bone Bolango",Kabupaten Bone Bolango,Gorontalo,https://lh3.googleusercontent.com/gps-cs-s/APNQkAEQIhZnPzpoCtnBkU8Da-_-ENapskCFiniNmMjwsKS-HXpU5R8GJ5iRXjSwaUHQaf_c9ZEQ5J43zf9-MMN9iomEJtXFYaXulq2-7ea_5O6SfZZbI-Qpgb940G3exvyBnRnXBds=w1200-h800-k-no
Air Terjun Salbir,"77WX+8GW, Dengeng-Dengeng, Kec. Pitu Riase, Kabupaten Sidenreng Rappang, Sulawesi Selatan 90992, Indonesia",Kabupaten Sidenreng Rappang,Sulawesi Selatan,https://lh3.googleusercontent.com/gps-cs-s/APNQkAG1-6Ui6xebd7Sotm_J7t9Xtbr-hX9JpEApadNSB-wJa654l92TN2DuWwWyIxE3R6gUFGsUSeyTx_Q5cgWRYsr7af-BUgUb0IXGb7ohgbD1GFEbAHo7k5Tl5oMWsgmesaxNrv7Y=w1200-h800-k-no
ANDI NYIWI PARK LUWU TIMUR,"937W+QXM, Malili, Kec. Malili, Kabupaten Luwu Timur, Sulawesi Selatan 92933, Indonesia",Kabupaten Luwu Timur,Sulawesi Selatan,https://lh3.googleusercontent.com/gps-cs-s/APNQkAFj1ussXGWouOpG-ZbAqBtsxMNZRCmSC59M12j5HmAjq7YoyaCxx75t__ExMRDt70qb4q8q1MwXqM2ShQOTtYJy1IlHjaV7NtGIkNvHyrZ-giUW_PSalZ4ql3vyKl2jnoCflmzUGw=w1200-h800-k-no
Air Terjun Popontolen,"7J9P+W7C, Popontolen, Kec. Tumpaan, Kabupaten Minahasa Selatan, Sulawesi Utara, Indonesia",Kabupaten Minahasa Selatan,Sulawesi Utara,https://lh3.googleusercontent.com/gps-cs-s/APNQkAFzuIec2WShdywGzh8I5gpkuJ07_VZgv9npD1tHU9trOlZHjPYtD1eSYzOsr_0X6OdIWZJmm_KCEMld6Tx1uSByeqd8MqOik4Hv3FbjUgs72zDdgYT5ZCgKDjEHPxpk9J7FJTr4=w1200-h800-k-no
Permandian Bendungan Kandang,"J9P3+77, Papandangan, Kec. Anreapi, Kabupaten Polewali Mandar, Sulawesi Barat, Indonesia",Kabupaten Polewali Mandar,Sulawesi Barat,https://lh3.googleusercontent.com/gps-cs-s/APNQkAG0-4VBy0VgUQtGULoRVLhhZEE9JQEISKYzZmIYK49UQT3kWVImD6ZeK6aZeQlF_N1o_37IPhpNq2ye5UrjXwqR_7ORPVj7InbJZXrcg2cNMWjA2LLnt2odVjFTN3HJpfs8AYjUcg=w1200-h800-k-no
Wisata Bahari Pantai Seta Seta,"8J8G+Q3, Poreang, Kec. Tana Lili, Kabupaten Luwu Utara, Sulawesi Selatan, Indonesia",Kabupaten Luwu Utara,Sulawesi Selatan,https://lh3.googleusercontent.com/gps-cs-s/APNQkAENIG4Y41jqkSIpl6fZM72zQpRBkucgcc29Ze9cKDsNVaTJ17kyi2SBeekFMLFCqo49R-zjGP-iDrNH1Rq6jxrGI9XQslN1IZfiS1QY2L257uBB5VbuuFIuMHqbk_OWHOadQkmjxA=w1200-h800-k-no
Pantai Wisata Pandanwangi,"Pantai Wisata Pandanwangi, Pandan Wangi, Kec. Toili Bar., Kabupaten Banggai, Sulawesi Tengah, Indonesia",Kabupaten Banggai,Sulawesi Tengah,https://lh3.googleusercontent.com/gps-cs-s/APNQkAFmALa-QBJU_3EpH95bG118J-GrXqn_WNf8GJw4oG_bm9AMmDqlFR3MyWOw08vxDijJE-25tGClaRcBvoZZD9itO9Uw4b5-4xg-Xzn6vm1FioLVvhA1BDI9Jn1_DggA1Htgaob_=w1200-h800-k-no
KJA Latoma,"43J3+7F5, Latoma, Kec. Unaaha, Kabupaten Konawe, Sulawesi Tenggara 93415, Indonesia",Kabupaten Konawe,Sulawesi Tenggara,https://lh3.googleusercontent.com/gps-cs-s/APNQkAGiwgWRo2a32CmIXzDNKnJz0eKOBwXu3gjD8rusUD42tvUJRsSE0Kf0q4hf2FzKtQfCwoanLGlN7I80fDTqOsu9DofZYENWKRKzPWNk0lBffpODWMxuwLPlxsd_7P0_yYXqB9rs=w1200-h800-k-no
Gunung Bahonglangi,"VWCP+7MX, Bontojai, Kec. Bontocani, Kabupaten Bone, Sulawesi Selatan 90561, Indonesia",Kabupaten Bone,Sulawesi Selatan,https://lh3.googleusercontent.com/gps-cs-s/APNQkAEOGQkp5aGJECHIo_DE2tBF4Q0CS_EXeRfs4M-oFdFi5ax17cdix0HDEFBuQ6B-M-HzKgj3QQFUrmKWbTvPVPe8-wN82_Gh8qq62w7BaVNCmJHnfGvT72WDUK5YTasIUHU_2M0CvA7kuKAq=w1200-h800-k-no
Objek Wisata Lamperangan,"4HVV+PF4, Kabba, Kec. Minasatene, Kabupaten Pangkajene Dan Kepulauan, Sulawesi Selatan 90614, Indonesia",Kabupaten Pangkajene Dan Kepulauan,Sulawesi Selatan,https://lh3.googleusercontent.com/gps-cs-s/APNQkAFNOlJcctrzsUhmeiIxaKk9X_uQRL6FBE_vD8OvUt-iXvpscAoVJg_Z98TTmkN32LYkRazF32SOP-OApEyriakZvr6LsHquHdzfansKa91U67C5AVVMxYoJdDlF_jgabJcM7vGv=w1200-h800-k-no
Wisata Salo Rumpiae,"FM56+78, Lompo Tengah, Kec. Tanete Riaja, Kabupaten Barru, Sulawesi Selatan 90762, Indonesia",Kabupaten Barru,Sulawesi Selatan,https://lh3.googleusercontent.com/gps-cs-s/APNQkAEaU3Nk6JtTC9kc8u0m0hk_UoCvRI-asGrPjnBLeIOFE7BzjoX0aUSXHkllaoISkBt9Vwl16ZQOi_ePDGd_lj0LSNtKXYg17DJEwV6muKrWmxMlWJMWwuiNBLqIq_3jzFJ0OPTV=w1200-h800-k-no
Pantai Saleo,"VCR8+9VC, Saleo, Kec. Bolang Itang Tim., Kabupaten Bolaang Mongondow Utara, Sulawesi Utara, Indonesia",Kabupaten Bolaang Mongondow Utara,Sulawesi Utara,https://lh3.googleusercontent.com/gps-cs-s/APNQkAGmoGHcVBJ_321oPqodp_B6-_Nli36VA2331QViT66dBN9ToggK7KgfVjQrVdVyj4gW3HljzJrdISiqJsqzbl-D4l-Si7y0pWp1_TxbwO3evHUKwAyLl1ftgwyPQTDPjqmvGxYg=w1200-h800-k-no
Objek Wisata Hutan Bambu To' Kumila',"4V35+G67, Tonga Riu, Kabupaten Toraja Utara",Kabupaten Toraja Utara,Sulawesi Selatan,https://lh3.googleusercontent.com/gps-cs-s/APNQkAFm69iNugrSxoZIKOXb8r32-ZH1cgm03kveCGkFnmFqXlpWCwJAfWB8ab8QuA1E91Vp76MpBoXi93L7rHEIsHkUtPe91MXJo_QzvaoHixNvJzHxhdxym_FenKUR-9QJG4hgsUul=w1200-h800-k-no
Air Terjun,"35R3+23, Labota, Kec. Bahodopi, Kabupaten Morowali, Sulawesi Tengah, Indonesia",Kabupaten Morowali,Sulawesi Tengah,https://lh3.googleusercontent.com/gps-cs-s/APNQkAEBci2DDjCszU9SiJ4R7VxyZTRyPcCyB-1xBkRb3GKIuBmcuCpaAQzgmbfhtkZfgLPmq2F67kczET9ww0lbV3dMBA2NfAR-BnrKMhWr_7qyON3Zg5G3AajpuSue6IUR6ovjflZxNg=w1200-h800-k-no
Wisata Bukit Harapan Gowa,"Bujjulu, Jl. Bukit Harapan No.8, Bontoparang, Kec. Parangloe, Kabupaten Gowa, Sulawesi Selatan 90562, Indonesia",Kabupaten Gowa,Sulawesi Selatan,https://lh3.googleusercontent.com/gps-cs-s/APNQkAEDhRVMNZJ8zRjpgN19mlg-WMOoSzKNGN2rCIHZtTeqqPRkN8ZBhjWhIkwFiA6OA7mbv31dH1BHveJAfNWxRVREk5pILvjJXzBfCvbSrr0WZjXPEtyRdQb8e2R263zQG758--1S=w1200-h800-k-no
Objek wisata terumbu karang Adhyaksa dan hutan bakau Adhyaksa,"FF9Q+6JF, Bone Baru, Banggai Utara, Kabupaten Banggai Kepulauan, Sulawesi Tengah 94891, Indonesia",Kabupaten Banggai Laut,Sulawesi Tengah,https://lh3.googleusercontent.com/gps-cs-s/APNQkAFCXEK0_6qdr3HE4GejTDvHP5nUWlpuOgKRQKAw_ffWWWlrpAfnQsYBFCeFbBlcCfmyVXIUwnlRHgl54-CpKO8z_thFknpiiCayHFxse06JDsx62drX3dUYEOqJQAQUfhpj4fnRWA=w1200-h800-k-no
Blue Lagoon Labengki,"GFC5+7QC, Labengi, Kec. Lasolo, Kabupaten Konawe Utara, Sulawesi Tenggara 93352, Indonesia",Kabupaten Konawe Utara,Sulawesi Tenggara,https://lh3.googleusercontent.com/gps-cs-s/APNQkAHPp1Jt-73rrDuJRw-j0cXik945bis9I53NME4abfPrXEZfizCIhBWx7Scz7BSEMM-HcABTbIa7z0sh2zbaa-gdebFTFjO76zqlujZjCOHdPmT4RSiWhFLbFz_zBSALolRPB8LI4Q=w1200-h800-k-no
Senja Beloka,"FP4R+5XJ, Katolemando, Sandang Pangan",Kabupaten Buton Selatan,Sulawesi Tenggara,https://lh3.googleusercontent.com/gps-cs-s/APNQkAHk_DPhEthjLCFyMJvSCrbHuxCUfkGgHjERMgVKkxjN3oyfluAifrHJNGDcBN-RNblOiMG1k1Sjm1LUrO3i9-GK4CfAqBYsZ30mLwX0e67P-rCKoBHVU4PmNIYop-Aa1jgqatzC=w1200-h800-k-no
Air Terjun Kembes,"9VMF+JX, Kembes II, Kec. Tombulu, Kabupaten Minahasa, Sulawesi Utara, Indonesia",Kabupaten Minahasa,Sulawesi Utara,https://lh3.googleusercontent.com/gps-cs-s/APNQkAFDhyYNs4K6K5Neq52hsCsPH_bMqtP2uH48gH3gcy2kOZHmhC8lpn-WMxppTk9qpA7z9AUMcuXOrBkWS5y5bvudPh3my9TK75r1TzOGl89r1hDg4NuLJkqJehVkZyVlM2r2G1srt9i3qY-F=w1200-h800-k-no
Air Terjun Bobaa,"7RXH+F7W, Unnamed Road, Boba, Kec. Bungku Utara, Kabupaten Morowali Utara, Sulawesi Tengah 94972, Indonesia",Kabupaten Morowali Utara,Sulawesi Tengah,https://lh3.googleusercontent.com/gps-cs-s/APNQkAFEoJYVJZKF2bz1jz9U6qFVR6M957kZT7pRqWmV8-AZ8Z1-6Fi581Qp5uGFH8kF_2ibhZGqiVLa1TlOw6wejCWdBv5PfBHroZuPmvckxhsc-5MaoVWFAfVqnUxHuGeo6fEBIwy7=w1200-h800-k-no
Puncak Savana Puuhopa,"W3RG+77W, Puuhopa, Kec. Puriala, Kabupaten Konawe, Sulawesi Tenggara 93464, Indonesia",Kabupaten Konawe,Sulawesi Tenggara,https://lh3.googleusercontent.com/gps-cs-s/APNQkAHm_ITA8NxGK3avrOqJRC9g85UygF1vCUIP9jZrQrGk_2buik_8W8mRqwoJuF_2UiY4KYV0jopvaGWHbyu1-OhujgD95U6ylFoBAyDnCw9mJpkqIULrPwkfl8afCh4WM5nKwSpX=w1200-h800-k-no
Gua Koo,"M997+MFV, Lakorua, Kec. Mawasangka Tengah, Kabupaten Buton, Sulawesi Tenggara 93762, Indonesia",Kabupaten Buton,Sulawesi Tenggara,https://lh3.googleusercontent.com/gps-cs-s/APNQkAHXGkROVRqPoemF9_98_yYKzp9Pdz4330G80YSJvncOYdZnXJAYEzVpBSp-nmB0D-Fl04hiy5aRZjYCHrzd5AeZkqiq2ydLzv8yNyUUYLHVEiDYKdA-rCw_cKcIUUTIytZPND4nYyo7BiSg=w1200-h800-k-no
Air Terjun Maccading,"F5CM+R8, Ulaweng Cinnong, Kec. Ulaweng, Kabupaten Bone, Sulawesi Selatan, Indonesia",Kabupaten Bone,Sulawesi Selatan,https://lh3.googleusercontent.com/gps-cs-s/APNQkAF9Arl7TCBvlTwPTRS5bDrtjkv7MwaoP4RaXLjaKJJaeVBf3vM5i9u-G3UPsczmXA6O6ynLkD4MpBBuA1xWZzOte8evbQ6iccoPXoEJs63RP8hWR0YA_Bz4OAoGi8hitG26o9ISJw=w1200-h800-k-no
Parkiran Air Terjun (Kali),"9RWV+83P, Kali, Kec. Pineleng, Kabupaten Minahasa, Sulawesi Utara, Indonesia",Kabupaten Minahasa,Sulawesi Utara,https://lh3.googleusercontent.com/gps-cs-s/APNQkAGQ5OOljnJHRUr0syfPyhSWIllYygGtX4vSUmFqki_mTsWYacvexCzuUkpd7WxTtUf_RJfnKHIBaOM3_gGPojI_qUzEQ8qtRhaWb6K7hnEoJHS3g0MNV0TqES9zjJ7Zsxx0VNCIt_jrQn8=w1200-h800-k-no
Taman Pantai Bone Baru,"FF9V+636, Bone Baru, Banggai Utara, Kabupaten Banggai Kepulauan, Sulawesi Tengah 94891, Indonesia",Kabupaten Banggai Laut,Sulawesi Tengah,https://lh3.googleusercontent.com/gps-cs-s/APNQkAEreqZJwa4r2XAx5WlYntli3bvTuYkwScE0pwPHTbHJU2GpPc7qVwl2Dqhuj4trG_6iDY7oauopc69N_HFXsBpix48Q0YKV34WS-UYwbERMF200pa9cjy37N0KDNPDYeojq_bJCyhxMd_iT=w1200-h800-k-no
Permandian sungai jernih,"F6MJ+R52, Usa, Kabupaten Bone",Kabupaten Bone,Sulawesi Selatan,https://lh3.googleusercontent.com/gps-cs-s/APNQkAHBB0NtGRK7XN1ORRVY7gN5WX_HtrgplsNOQ9lLVD45inJqyBn567ggiDQAQU04pBSLPZ49kVtAifLTSdWZbEHz5KDB8mHfwN89WFBy72JSO0zSuFs5SF5Mk7vJI29schHqKbx6vQ=w1200-h800-k-no
Wisata Buntu Nangka (Palopo),"X5C9+4P3, Peta, Kec. Sendana, Kota Palopo, Sulawesi Selatan, Indonesia",Kota Palopo,Sulawesi Selatan,https://lh3.googleusercontent.com/gps-cs-s/APNQkAFlSoVMDoJXDCkrAk3QhJpVjEv4vrx55E-I4VOyj_G6LkukT8xZE-QX6FKgGP2qayVm_AG2CoAHyRinS_R7gyT4774prP05nNolpoOUgYtwgXN0uEd92XX8aFRMH6VrheY6c4z3Sw=w1200-h800-k-no
Gua Susundeng,"CWFC+7R5, Pandaluk, Kec. Bulagi Sel., Kabupaten Banggai Kepulauan, Sulawesi Tengah 94882, Indonesia",Kabupaten Banggai Kepulauan,Sulawesi Tengah,https://lh3.googleusercontent.com/gps-cs-s/APNQkAFIQj4ZPLp2JJkqCvvNXGV824V_NFRQyQhXKAdrE1gKrHaW9xGU7cSmIWBXl2QaA945eL0UnT3PGYDWfsUWkvt8_WSTV6YjGtLXgq6D0s6JAEbYpjQ_lyNDpaWImNnofnpy4KZ5bg=w1200-h800-k-no
air terjun wambalamba,"JW63+MPR, Winning, Kec. Ps. Wajo, Kabupaten Buton, Sulawesi Tenggara 93754, Indonesia",Kabupaten Buton,Sulawesi Tenggara,https://lh3.googleusercontent.com/gps-cs-s/APNQkAFWbqTH1O7V-KVtgvtELJadEHxDPf4mFnToFzeZBMFqzBG_rH84ckaoj9Dtov_CkFqlOrDshzEzNHnZs4QnsGZMda55OqlG99QaPnQzAsSYK6y1JRgaNJ-e7gize9k9E_FL7Wpe=w1200-h800-k-no
Pantai Kasambang,"4V7P+62P, Kasambang, Kec. Tapalang, Kabupaten Mamuju, Sulawesi Barat 91352, Indonesia",Kabupaten Mamuju,Sulawesi Barat,https://lh3.googleusercontent.com/gps-cs-s/APNQkAHvq1JEtK6rzTK86Z6iblY9pwi4Km1zijs8mzhqHj6vzHPO_-Qik-dDzhzAu7qYGob2vhc_CFrODYotlPYMrSi1fwBbd6vHWQEaPtb9H3MT4Z0SF7R1tSZnP014RqcAJczWes-KHQ=w1200-h800-k-no
Air Terjun Tembang Luk Sagu,"PCCG+9GM, Luk Sagu, Kec. Tinangkung Utara, Kabupaten Banggai Kepulauan, Sulawesi Tengah 94885, Indonesia",Kabupaten Banggai Kepulauan,Sulawesi Tengah,https://lh3.googleusercontent.com/gps-cs-s/APNQkAF_NPVhziMEEwb52kPvoKhczG1yUTm418kWddJBp3S5tflLcLV_UjJrmLWJanq0NG0M0dK37f0tbdqHB8LSMfQF7iI85u-41Xkq3ev7ghpSHe4CgvG4ebB6ccf_RLwybD0aHY8=w1200-h800-k-no
Museum Daerah Kab Banggai _Bekas Rumah Capitan,"3Q3X+G3H, Jl. Ahmad Yani, Luwuk, Kabupaten Banggai, Sulawesi Tengah 94712, Indonesia",Kabupaten Banggai,Sulawesi Tengah,https://lh3.googleusercontent.com/gps-cs-s/APNQkAHRVco9nI21K0QUSxga7MqmK1L6D92W2--2Wo6Dgb0cEbL4Wref9OKVR47U-AaGMMLTs9eli1k_7i3xsQmx4ZsyygFI-E-0B2cD6yieIkcsnHVrSF4TW45QYvDHgb8NQN-ksXMOjQ=w1200-h800-k-no
Bukit Kaju Angin,"345R+RR, Battang, Kec. Wara Bar., Kota Palopo, Sulawesi Selatan, Indonesia",Kota Palopo,Sulawesi Selatan,https://lh3.googleusercontent.com/gps-cs-s/APNQkAF5eMj6ym37Q4gi6nikSS9Ay8qvK4-jgr-mol4cGCLAWeKQmROTke4nrxf60md5oK6ZnmJKjNNzHghYykwv4nPVvkbXXI9Y_6gaFDLvUs7fzwGxBqi_TZ11Ipf0MxTo1oBjwW3v=w1200-h800-k-no
Pantai Monano ( Gorontalo Utara ),"VMRW+7QC, Monas, Kec. Anggrek, Kabupaten Gorontalo Utara, Gorontalo 96525, Indonesia",Kabupaten Gorontalo Utara,Gorontalo,https://lh3.googleusercontent.com/gps-cs-s/APNQkAHC0RDCHUD4XzJDiA-xkyrCdt9qrOWpK45SVY_5dUBXuSX3OdtXVzSclzknr2lmAI0tosGbKs7sM4CjdrLnH0BGN7KA30tz5VGPd1l24qbBPyJGanoIG2ZADK7-XKQMewgrNVkP=w1200-h800-k-no
Pantai Batukarapu,"JF94+252, Lowa, Bontosikuyu, Kab. Kepulauan Selayar, Sulawesi Selatan 92855, Indonesia",Kabupaten Kepulauan Selayar,Sulawesi Selatan,https://lh3.googleusercontent.com/gps-cs-s/APNQkAELnn_pPEtghunaflSmMr-dggUJTsxLXp_YdEEdWEMIyNDcIMWBRA3hQOQ35xKnvktdYDgcDGfETk6WlNYCeNNGwz0-p8RuE0jiSGIB7KLBdc1phTM3eD8Hy9gWvqNxsWltGVgbnw=w1200-h800-k-no
Pango Pango Eco Green Park,"Kelurahan Pasang, Kec. Makale Sel., Kabupaten Tana Toraja, Sulawesi Selatan 91815, Indonesia",Kabupaten Tana Toraja,Sulawesi Selatan,https://lh3.googleusercontent.com/gps-cs-s/APNQkAEbGTgFw5kOSdQsdThKp09OhUXEUb2sO1e8IHsx7B_IxbEnUdzk_nfSFfpiebzXHukq6dKe0kZgj9g7Ffusv6uYcWfILlAcG3uiX5LSKGnW2B4kIXHFJdnMJX9XZtnL1m7m_EHY=w1200-h800-k-no
Pantai Tasik Oki,"Pantai Tasik Oki, Tanjung Merah, Matuari, Bitung City, North Sulawesi, Indonesia",Kota Bitung,Sulawesi Utara,https://lh3.googleusercontent.com/gps-cs-s/APNQkAELJ_oVIJsyEGzNT9GbmNHmQAT8wcnuM4oEOcASbXnF2TXcIL0P7W5_pijSg9CZ-XopT2AWe6T11BYXiQ9uaXH8JxQ3BxAi3WJQv_TACXIl5rympCgynwv_HEaIyIIdvVRu5Jn9=w1200-h800-k-no
Pantai Kapuk Toboli,"836M+6R3, Jl. Trans Sulawesi, Toboli, Kec. Parigi Utara, Kabupaten Parigi Moutong, Sulawesi Tengah, Indonesia",Kabupaten Parigi Moutong,Sulawesi Tengah,https://lh3.googleusercontent.com/gps-cs-s/APNQkAHIYN1gVI97SHQUKfPFqOmGCaXm8ZqL3FKdmEjBsnF2JCDU-BNeCvXHInoSKuCTHtBVtpWBvISWI_L2zZydYdBgp8f2Xxqf5ooOoJa6ztJxIDn7vJhSShxBnYglZ3t0P7Z9mqR6=w1200-h800-k-no
Makam Raja Todilaling,"G2JP+6V3, Napo, Kec. Limboro, Kabupaten Polewali Mandar, Sulawesi Barat 91354, Indonesia",Kabupaten Polewali Mandar,Sulawesi Barat,https://lh3.googleusercontent.com/gps-cs-s/APNQkAFHFmbYrqEL2AAxl4eBV7YG56UOo5vgshpMCTg32s9zrSZEgMvSu35xzzYBExAyE0m2IPWEocXZTwP_35odgAKCEXN07vGEIkjnIAC2CFbdS8mKsRQSt7z7JK-J_GFAukUZRpKuVw=w1200-h800-k-no
Pantai Lito Mohinggito,"Unnamed Road, WVGG+2P3, Moluo, Kec. Kwandang, Kabupaten Gorontalo Utara, Gorontalo, Indonesia",Kabupaten Gorontalo Utara,Gorontalo,https://lh3.googleusercontent.com/gps-cs-s/APNQkAG38IqhrEkO3ZiFduzRB4U1Atkk7FVPbgC-uhCw0M1Jv1kMoT8n_W00EWxabAqOvCa9BsxywA0fjEeuBVp1hgljo7AUEif7LFS5VaB4ByFixMIk47bN0o2_8Iqc2X4pSI8rxjY_=w1200-h800-k-no
Obyek Wisata Telaga Tambing,"M8F4+3XJ, Sedoa, Kec. Lore Utara, Kabupaten Poso, Sulawesi Tengah 94653, Indonesia",Kabupaten Poso,Sulawesi Tengah,https://lh3.googleusercontent.com/gps-cs-s/APNQkAEVaUeU5MI86CDOMvMs9Uwtgjzh89GBa4s96gJ-def6daD2x3mgO-1OFQFcC3d1sNFG7lGoyB7dJVUliyyZyK8H-IPkiwiLnxCJEaKCUzvF6tZ7aai0QazCDk3dOxzmTuywvfPukg=w1200-h800-k-no
Pantai Widodo,"43V6+P66, Jl. Poros Rumbia Tengah-Mata Oleo, Lora, Mata Oleo, Kabupaten Bombana, Sulawesi Tenggara, Indonesia",Kabupaten Bombana,Sulawesi Tenggara,https://lh3.googleusercontent.com/gps-cs-s/APNQkAGKwAQwRdCMHfMDYeBRwBEmanromAbGq8iBKQP_IMksS7VavUTHVTrSWXaNDEosd1hkYFLGyOSBd3EaAOQwP7dT-_DYQoB8RUCc9s48iRJpZyTkwGiVE9CjlH5zF76_KAeQe2E=w1200-h800-k-no
Wisata Pantai Mangrove Ampallas,"9X9J+VFJ, Bebanga, Kec. Kalukku, Kabupaten Mamuju, Sulawesi Barat 91511, Indonesia",Kabupaten Mamuju,Sulawesi Barat,https://lh3.googleusercontent.com/gps-cs-s/APNQkAFeN0T093l1NqPfuPlhsci_kQZABYksc2kDpRZwLRzPrHgjrdqg-aru18tMUvnaGvCf6IseoqPmtKd_dBwbadGuAOqNjXyECkNJqQ8g714aD0nXnFnwlPVV3sXvhWKajz-WH2QB=w1200-h800-k-no
Kolam renang lambe lambe,"JV36+R7X, Mosso Dhua, Kec. Sendana, Kabupaten Majene, Sulawesi Barat 91452, Indonesia",Kabupaten Majene,Sulawesi Barat,https://lh3.googleusercontent.com/gps-cs-s/APNQkAEFOTArTN552K30V_WN3VNhfid2ia3lQG8e57GvJ8hOq_j7rJcGfqA8G01gfWcyIJa1nTy2rn9MTtBC7L2p1hjEYdQFfXhixkzKRzfwsLExuImQihjjs7svFe7CzMoZWjr06Www=w1200-h800-k-no
Loko' Nippon,"HQ2V+3CR, Tanete, Kec. Anggeraja, Kabupaten Enrekang, Sulawesi Selatan 91752, Indonesia",Kabupaten Enrekang,Sulawesi Selatan,https://lh3.googleusercontent.com/gps-cs-s/APNQkAGZPtli-Wd4oL4bfI-U3NB6IhN2XCF3gUQYI2kvE2iJi49js8OjiCfxRahadel4FrR6kFjwbtMzVkq1oy9iDw_95lfzOAYpsJVDWwNOHvbtt8Cdpk6ei6dv0a2ea1oxkLlhoe54=w1200-h800-k-no
Bendungan Ladongi,"RVXQ+HP4, Atula, Kec. Ladongi, Kabupaten Kolaka Timur, Sulawesi Tenggara, Indonesia",Kabupaten Kolaka Timur,Sulawesi Tenggara,https://lh3.googleusercontent.com/gps-cs-s/APNQkAE3U0ky2Dsmi2Fbj3J51psqT-Q7E8Y5vTZ4uTPjVfsxKcEVcgqqYOJQtKDgS0dRawHhXxVrsJ3dm9WbejUdrd7GZx61WSCBImm62QQyOozQlHrZPwFA0s7CTv5IuIvML1gFy_T1=w1200-h800-k-no
Wisata Alam Batu Poopi,"Kadolo Katapi, Kec. Wolio, Kota Bau-Bau, Sulawesi Tenggara 93752, Indonesia",Kota Baubau,Sulawesi Tenggara,https://lh3.googleusercontent.com/gps-cs-s/APNQkAFZVVkUngYEShmJCNxcz7b3KDXFx8Lt4wiOzQOPn7PQLBtxk1D3GI6k1eYI3gs3yCoEfe5wMmxFgFHsJCzspzcY_SpNFetUw2bKyfFTdTfU9Yo22PCfRA0H8uRposun6CK8CkRN3Q=w1200-h800-k-no
Pantai wasaga,"HV2J+P8V, Wasaga, Kabupaten Buton",Kabupaten Buton,Sulawesi Tenggara,https://lh3.googleusercontent.com/gps-cs-s/APNQkAFseVf0ILu3rHeg6WFWkl3_Tj9nlZ0deMn4Hm_i2tElzlRzUVR8XsEl2GtT8a3sK-419k38nuB3YCJNQk2sbRO_Fm3_DZXUHj4ueeOwG9qCLA9x_bc26kIuSAmzJtmE29T2b9f0BnbK2UI=w1200-h800-k-no
OBYEK WISATA BATU PIAK,"Obyek Wisata Batu Piak Kalapi Dusun Batulotong Desa, Rante Belu, Kec. Larompong, Kabupaten Luwu, Sulawesi Selatan 91997, Indonesia",Kabupaten Luwu,Sulawesi Selatan,https://lh3.googleusercontent.com/gps-cs-s/APNQkAE7P68oZyDeIVONaJY4flQDTYSpZu9ZOoyIEAIV5bmnz-YHHtksjCjnieovaH7SLY31SB7hFx3VlV_mNRXXnKpQE5aMeTZcfbFYQXuphOY8skofZ16C55Q57eg5pnwBvVAFpwbV=w1200-h800-k-no
Bulu Masomba,"Bulu Masomba, Lasoani, Kec. Mantikulore, Kota Palu, Sulawesi Tengah, Indonesia",Kota Palu,Sulawesi Tengah,https://lh3.googleusercontent.com/gps-cs-s/APNQkAEFMI4NabjMOkGXLs9JfeKjnap5b8ysTqQjxlLqZlz6TbryK04H1CWrS9txPyWtk_YTzuALG7mvzrcU5NyaheLr5l0rnFS6v64_0SbRGE9ZtER56O2pcjQRCOidHKi9OZ-KUq5XWg=w1200-h800-k-no
Gunung Tondano,"Gn. Tondano, Uner Satu, Kec. Kawangkoan, Kabupaten Minahasa, Sulawesi Utara, Indonesia",Kabupaten Minahasa,Sulawesi Utara,https://lh3.googleusercontent.com/gps-cs-s/APNQkAEeW_xbssPO5UvuhEgBIchFo5-7AtBMRO9ZgUuDpPgcg4vFATW-ievy6TPXSbNugEH2EQizkAVVr0f6_eFHHPrEgmEEdFuQjblq7mZqwWVUHNMXQOUYCJy5haliLqio9vIYyZeo=w1200-h800-k-no
GPPS Gunung Moria - Kota Gorontalo,"Jl. S. Parman No.64, Biawao, Kota Sel., Kota Gorontalo, Gorontalo 96111, Indonesia",Kota Gorontalo,Gorontalo,https://lh3.googleusercontent.com/gps-cs-s/APNQkAFYmz6RUMMe6vg4V-39TErkeNshZckRuU16VlhibJ6nhuRPfO5ySHpFkmvJToXVQp6BTegPUFyImVzoj9hmAV0-Hw6q2fpkgtZfvk1F_wDxsgboWtfx-TB4VSW1lpjYEY1hVCF4=w1200-h800-k-no
Bukit Belum Ada Nama,"75QC+H2, Kalotok, Kec. Sabbang, Kabupaten Luwu Utara, Sulawesi Selatan, Indonesia",Kabupaten Luwu Utara,Sulawesi Selatan,https://lh3.googleusercontent.com/gps-cs-s/APNQkAGJNWhIBnEuUj78ci0G2DTEeBttHkT1m2acRYunFMA8r2U1eZB59UaQKVB1u5Fnvm2IrsfcVDMVDcm5JliPF5BnGm0kp4wySKnP9yD7RC1x-CpNAzi2c_mLa09zU59iyYvjXg=w1200-h800-k-no
Air Terjun Tekaan Telu,"9RHP+VG, Tinoor Satu, Kec. Tomohon Utara, Kota Tomohon, Sulawesi Utara, Indonesia",Kota Tomohon,Sulawesi Utara,https://lh3.googleusercontent.com/gps-cs-s/APNQkAFXBRTiM0y9d4xM9PA0iqkptwEjeFQsqEV2Iq6x_0WmunvKksb6P5eE3WphvfIKH3nkl0UVTJPGXh8Q1d8_uo-wuTW09QBq6MjKqCjdrdMVgHtFRjc_zegjS3JxntOMvSz9TridglWbXl-U=w1200-h800-k-no
Bulu Ballea,"QW39+GGH, Pattapang, Kec. Tinggimoncong, Kabupaten Gowa, Sulawesi Selatan 92171, Indonesia",Kabupaten Gowa,Sulawesi Selatan,https://lh3.googleusercontent.com/gps-cs-s/APNQkAG0pz108ztcjzwS3rQiGWQIE5Y2fs4K7AQRUusJxB3sNEi2X7GAt6Ehtu93ARMdfefFl3tNXCeNJxRdvE0dmV8JM0Fy0qvs5Y2ygskqZ8nEpMTBhVlrOqs_f5wp-qrOaoHsSPkzN-bsogw-=w1200-h800-k-no
Pantai ku,"Jl. Bau Massepe, Cappa Galung, Kec. Bacukiki Bar., Kota Parepare, Sulawesi Selatan, Indonesia",Kota Parepare,Sulawesi Selatan,https://lh3.googleusercontent.com/gps-cs-s/APNQkAEGRH1hqUVTQJrfsEU-ZwjUFbMsT67TivuotvO1SQsLYNgdCIZ3hucd6ZljKADDag3D37bw03Jafr5zwp5TEweGxqot_Dms95yS_uPNQUzLF-jJ9Pi-K1e3rBePDQ1eCm2yCEy085AsVe0G=w1200-h800-k-no
Danau Tendetung,"Danau Tendetung, Kanali, Kec. Totikum Sel., Kabupaten Banggai Kepulauan, Sulawesi Tengah, Indonesia",Kabupaten Banggai Kepulauan,Sulawesi Tengah,https://lh3.googleusercontent.com/gps-cs-s/APNQkAF_c1YgHsQbofrn7IKjT_b-rGUOeestTI6n2AhVgwT_4z4i5pLzm_NGu1-Cv1QuijdzstMYgBlwfDgqc7ZY_ImWGLJLCdGkIFmiOw_aWC4RAGkJ9pN-tiSHAuoZfstEkSOpyrL8=w1200-h800-k-no
Pantai kelapa kuning,"2286+C5, Langaro Bajo, Kec. Wawonii Bar., Kabupaten Konawe, Sulawesi Tenggara, Indonesia",Kabupaten Konawe,Sulawesi Tenggara,https://lh3.googleusercontent.com/gps-cs-s/APNQkAGYwJCPLvprAqBetc6qWmMBbjSTAl2hTq2XWnQsNzPppnI5SVD25RwqJBiiCJZsdm7aKP2RaKJY-8mpLnPADlFkHQi0OiTZRH1uGPS4RpA13cngOCpO5GBOjtLEtmGwRobEAG1C=w1200-h800-k-no
Pantai Bungin Pinungan,"FP9W+FWH, Pantai Bungin Pinungan, Kec. Towea, Kabupaten Muna, Sulawesi Tenggara, Indonesia",Kabupaten Muna,Sulawesi Tenggara,https://lh3.googleusercontent.com/gps-cs-s/APNQkAEkb7Fjcc-75U-qqgDZ4fNB4tVELcn0yAcQ_3xr_aw1pjFC1xrOB_BctxzQ7Hp0SGalck_xYIpI2t0478eFDLLuqdfsCAMjN6PU8-_XhJalOx7fyII0g7oBScNuK_yqOVl4IEkm_g=w1200-h800-k-no
Bulu Sorongan,"Bulu Sorongan, Jangan-Jangan, Kec. Pujananting, Kabupaten Barru, Sulawesi Selatan, Indonesia",Kabupaten Barru,Sulawesi Selatan,https://lh3.googleusercontent.com/gps-cs-s/APNQkAENr0Ev6kbppaItSwmz4jE7FwHo2afbsiTO5qGi2s4YXxTj5ICqamBHyk8r6K-uVER7ZxhNqx9G_oU-JKHM2xPSOcm-ff4mr4slQqHbYJWu2EewbY6k-LN3Id7Z7vmHtuKespQ=w1200-h800-k-no
Lembah Piokang,"3JQR+RJJ, Balocci Baru, Kec. Balocci, Kabupaten Pangkajene Dan Kepulauan, Sulawesi Selatan 90554, Indonesia",Kabupaten Pangkajene Dan Kepulauan,Sulawesi Selatan,https://lh3.googleusercontent.com/gps-cs-s/APNQkAFjooJvQ588raFbbb3eezCrb2r32vIFd2lrfyhuz4-Tre1CBVpR9XStEN3kCioW9yoE6FyfYcLQhVK-RTuQ4_pJ97HEj2_qu-rc-dc0n7JMRkiIn6DIEYtjmmrH0DpL5qMLVUcanzsy3XLT=w1200-h800-k-no
Negeri Berselimut Awan,"M2P6+G46, Bonto Tengnga, Kec. Sinjai Borong, Kabupaten Sinjai, Sulawesi Selatan 92662, Indonesia",Kabupaten Sinjai,Sulawesi Selatan,https://lh3.googleusercontent.com/gps-cs-s/APNQkAHxE-CvUDD5QiDAjhIKLgTmKQrhXBhj6BhQGWEt2n1tcwXX9NAR3Sg6l0jOb20Lw4XD84AgXk4nea2Q7NhwgjXmfceo-NmrqerMwqfHf_NQOlFyOdeZYqMv2bI5VzCMegasKWzc=w1200-h800-k-no
GMIM Bukit Kalvari Aer Ujang,"F44J+V8H, Wangurer Utara, Kec. Madidir, Kota Bitung, Sulawesi Utara, Indonesia",Kota Bitung,Sulawesi Utara,https://lh3.googleusercontent.com/gps-cs-s/APNQkAFMcHl0xryoqXcUyb4Q5VbSfFnp5YKHfquYtt1lkpSNYtyCbx9sXlbodEKGFcUNFyzNmlcy5wyRkBDPOu1gW3Jw8Xk4Ko1d2V76wufqTZ1j281x_0eVU5cA1G7dNhoFEF5PToct6A=w1200-h800-k-no
Kolam Renang Lembah Kenari Manganitu,"HGG8+HWR, Barangka",Kabupaten Kepulauan Sangihe,Sulawesi Utara,https://lh3.googleusercontent.com/gps-cs-s/APNQkAHOVQsBUBME0E4XbZP4L0mgpmfjhEa-Rfz6aP0eh7WLDkS2MLM69zWIojWt7snr52mpJFG61ok2YqyuN4Ifv3gRK2WmTmAkTubhijzvMkYLoNkY1mh1Z35APcOSdLuIwLla1HjlWwOAggU=w1200-h800-k-no
Batu Tikar Luwuk Kab. Banggai,"Soho, Luwuk, Kabupaten Banggai, Sulawesi Tengah 94712, Indonesia",Kabupaten Banggai,Sulawesi Tengah,https://lh3.googleusercontent.com/gps-cs-s/APNQkAH3Q6PNJHLYIwg2A8sIdHGJA-t8qXnIIxwpUbzBhk5duAxtvyPSHRicXVbVgF_N6AR26aCdQhNGfgLVwxRJguWTafEiP965mloaS-02P3Dcb6xMmyOLxvPDgE0tJXXIoI1AIdE=w1200-h800-k-no
PUNCAK OGOMOLI,"3R9M+R4F, Ogomoli",Kabupaten Tolitoli,Sulawesi Tengah,https://lh3.googleusercontent.com/gps-cs-s/APNQkAE0jAa61GB0pcG7leuRM7_XY24Gyz-6gkxB5Xuagc9qYPS-3OvDBgurDjtIt7FzxpOdgaaaIcMfNaxhORyXKLV27_OYoeRKlBEvtwHLSB6b8-F88iGJ2u_IqGzBH9ABHU_Q-zozDA=w1200-h800-k-no
Air Terjun Andawe,"9WFH+38W, Matahori, Kec. Abuki, Kabupaten Konawe, Sulawesi Tenggara 93452, Indonesia",Kabupaten Konawe,Sulawesi Tenggara,https://lh3.googleusercontent.com/gps-cs-s/APNQkAENqX8p8tDBYKDxoW56bPSyRfUkPouL5s5_vzXie94jXS4D4JbCd5hfBwaWPSH9SUAuEZH40BTzpobJOPQ3fjkWt8fhSWgTwMiAFEUB_7PL1lbW006HKTJfv8mf0nGhmSNRb9M1Rw=w1200-h800-k-no
PANTAI BAHARI,"Jl. Bahari, Polewali, Kec. Polewali, Kabupaten Polewali Mandar, Sulawesi Barat, Indonesia",Kabupaten Polewali Mandar,Sulawesi Barat,https://lh3.googleusercontent.com/gps-cs-s/APNQkAG1PJA8T6aHI8rFIpdwWFW8tyQkafcA-QvKLPs21fjAtqwcLsigNRpr7wCHfZQ5VZ9YU6NLDal6WVnDM2mmR49_kOpIwjb-FYAxh9677t1LEd_YwR0xFEGLKLA6GSaNgDhg2TGO=w1200-h800-k-no
Pantai Bahari Kanipang,"Pantai Bahari Kanipang, Sabbang Paru, Kec. Lembang, Kabupaten Pinrang, Sulawesi Selatan, Indonesia",Kabupaten Pinrang,Sulawesi Selatan,https://lh3.googleusercontent.com/gps-cs-s/APNQkAHJngaBxbksFaB5iEDdBYJU02DvMwdgKai54M1mgOqndEnM2cm46conBfjqeXbKwcTjse0P20aCptFbPPwoWi9pdClH24Ay4-B72JP0HnGviXpI3ZWolW_u6zPlWzI1MX9EZ2FI_g=w1200-h800-k-no
Pantai Harapan Indah Ammani,"6FPP+5WW, Mattiro Tasi, Kec. Mattiro Sompe, Kabupaten Pinrang, Sulawesi Selatan 91261, Indonesia",Kabupaten Pinrang,Sulawesi Selatan,https://lh3.googleusercontent.com/gps-cs-s/APNQkAFZZ44-3icPR_YDIbjUzMkFpDgvYzBT_fItzkbaWQpB25ye_CUpdNuWQ2-vH7aCn9Xggobw1eUnWvhJpf61yFoG0ar80uBYFPG8pOUz3oghD76pMdDgfh4HiZ7yQXaCujnCn9N6Ew=w1200-h800-k-no
Wisata Alam Waempubbu,"H4WP+M2F, Waempubu, Kec. Amali, Kabupaten Bone, Sulawesi Selatan 92755, Indonesia",Kabupaten Bone,Sulawesi Selatan,https://lh3.googleusercontent.com/gps-cs-s/APNQkAHiWkyEN9tba2aFnYvLzVgot2BiO9ElSmyUnlNRqQKLMFdiI0MwuHHCGTTgDDJAzhIozvrgF837oMldOC0dVxe-zpdEAMxNoLMphIN1dSmttl_tUILQ42Ur4yjfEboEQDht-nZd2OJ3IGCf=w1200-h800-k-no
Pantai Kappe,"CG23+93M, Data, Indonesia",Kabupaten Pinrang,Sulawesi Selatan,https://lh3.googleusercontent.com/gps-cs-s/APNQkAFuwRe2iyo7U3kOmA5SY6bas5ZzB3bF8AJTLX1oxsyi8Nc92tqxZQJQcoN2kjWs8HS--SEiAU4O0D4lfuVtfLjLCO2VzN7-jgWvCcbaXG0U5lMQ63724i4NCcRV7fS5DZRapNfw=w1200-h800-k-no
Air Terjun Sendowan,"6JC9+6RF, Lopana, Kec. Amurang Tim., Kabupaten Minahasa Selatan, Sulawesi Utara, Indonesia",Kabupaten Minahasa Selatan,Sulawesi Utara,https://lh3.googleusercontent.com/gps-cs-s/APNQkAFB8M7KGzDVvqt-Evlxpewuj5UcKaraIib8SB8vP_FHIbZ0bOe_qSz11endZCRHJ_0sVPJdakSt1DpSY1TkI4jIdJvpuUvNfUOibBH-S2qHEzT5aP-haOAMMh5wKxS91-RH6HU6MQ=w1200-h800-k-no
Bulud Init,"Bulud Init, Motandoi, Kec. Pinolosian Tim., Kabupaten Bolaang Mongondow Selatan, Sulawesi Utara, Indonesia",Kabupaten Bolaang Mongondow Selatan,Sulawesi Utara,https://lh3.googleusercontent.com/gps-cs-s/APNQkAGL1W70qOreWCb_NkjndlHAC2qNT5uIONN83auPrbBlTs1RqiLklTYN96YhwA_e9mtFyWEekWj_UJxlrx7RW-ouy0GQxAJzlWTq477FfY7NZge6obN9HI20aXHXIhPphNDFov_OaQ=w1200-h800-k-no
"Bila Tungke, Jalur viral Soppeng","Lalabata Rilau, Kec. Lalabata, Kabupaten Soppeng, Sulawesi Selatan, Indonesia",Kabupaten Soppeng,Sulawesi Selatan,https://lh3.googleusercontent.com/gps-cs-s/APNQkAGsgtAMrZxFNwWwr6oVqMXOdwlrTS_CqD8lWKpbQhp3kTNHudoapyb2paMt3LeotdQZNGKf8UB8s8Mxsh5y1mTzt9e8GE--68TURY4l2M9kRRAtA9Bm_Aed0fFlV0yxuv9QQwk=w1200-h800-k-no
Tugu Jepang,"C4CC+P25, Manembo-Nembo, Kec. Matuari, Kota Bitung, Sulawesi Utara, Indonesia",Kota Bitung,Sulawesi Utara,https://lh3.googleusercontent.com/gps-cs-s/APNQkAGDbSK6xFsqlwrkjpsZAPd-iSG9KorZhy6K-jIJUogmDa52wVgAzn35wmN3w4BvAFfbN1bmmLkLrozQvcazlQfmdn_fQRrTfbDNBQ_3KpYJkN7P2mprp28OX8XmHlCel7k_yRZDRg=w1200-h800-k-no
Air Terjun Kanari,"HM6H+785, Kaisabu Baru, Kec. Sorawolio, Kota Bau-Bau, Sulawesi Tenggara 93758, Indonesia",Kota Baubau,Sulawesi Tenggara,https://lh3.googleusercontent.com/gps-cs-s/APNQkAFvtWlOe-EZtC3bfhpyedIKQyjjVJ42W6wug-R_qukUB7fiDKTpD1nqozmdhrlXTe920yh7sek2jYkYPEFiq2_CTZ7CY0e2jYubNp64-mcfGwM3UolLmYfnrtwyj9dNgDZehVYfuQ=w1200-h800-k-no
Taman Sarung Allo,"J9W2+954, Papandangan, Kec. Anreapi, Kabupaten Polewali Mandar, Sulawesi Barat 91315, Indonesia",Kabupaten Polewali Mandar,Sulawesi Barat,https://lh3.googleusercontent.com/gps-cs-s/APNQkAFFbaBm6mZ7M6h4MVCpZVYpAWE0gl8zGQFG-9ujevA8cGow8kHb_Gs4GPmKEYCJkhipiPtiygePG6eyo5MgfTyTbvFXrtDA3VmB1eqqcx0Obk7190tksNriqnJkEJzt1Pn1q82hOA=w1200-h800-k-no
Bukit Ja'bonga,"JQ4R+9HR, Sapaya, Kec. Bungaya, Kabupaten Gowa, Sulawesi Selatan 92176, Indonesia",Kabupaten Gowa,Sulawesi Selatan,https://lh3.googleusercontent.com/gps-cs-s/APNQkAEmE7wqz9Sw6jiF4Kz_rR54heztj2QIVCI0MPfxaX1Ivv_dhN_vYEfi6hV8QQWCfdvTLpx-R65wYXsXXiMbJQ9eQN9zMW4xmVwvMTH5NmjxA2KJiUUsWJ491K16ag2xn1wPwr7Atw=w1200-h800-k-no
Pantai andewa,"QQ33+GP9, Wata, Kec. Bungku Bar., Kabupaten Morowali, Sulawesi Tengah, Indonesia",Kabupaten Morowali,Sulawesi Tengah,https://lh3.googleusercontent.com/gps-cs-s/APNQkAHfj_-zeTEz2i9dCfvNR-UOggrdPiZx9hX1ZstXdkkqTtDnfEg0yDRd65GISQ4W5tQ0c_AybpoCVIW5AZ_xT7CCj0K9bmaUB0qaRkvGUKnnzOKOpyltphldqqYPU0JxIXaQFesdAg=w1200-h800-k-no
Bone Pololoba Lopito,"Lopito, Kec. Totikum, Kabupaten Banggai Kepulauan, Sulawesi Tengah, Indonesia",Kabupaten Banggai Kepulauan,Sulawesi Tengah,https://lh3.googleusercontent.com/gps-cs-s/APNQkAGCj5hgameCrzwXMcXFJnJOia_Vxw-pBToicRmFvfLJnZ8NPMdlY9cDR4Z5LfJpDOmsjd76WxNy5OL3aR1sTJKJy3WCb8KeFGNSB7RMnBy4MZZQYDn74-6AlbHyIRLGeeTWYEOn=w1200-h800-k-no
Wisata Taman Bunga R.A,"PC5H+FR, Sejahtera, Kec. Wonosari, Kabupaten Boalemo, Gorontalo, Indonesia",Kabupaten Boalemo,Gorontalo,https://lh3.googleusercontent.com/gps-cs-s/APNQkAGS40pmfzjBGRooPl8L6q-k56gWZuJoQGxVSNf6UVc_Zw-96ols7oCRNP43CYSHz3BjHYSW7d_X82qBFBDJXrXv93vERwOBcM97uiFt3B5H5_851-RJcHk1fbnw0Y2KmMgFBo1w=w1200-h800-k-no
Pantai Bahari Pakue,"Unnamed Road, V2RW+V6R, Lawata, Kec. Pakue Utara, Kabupaten Kolaka Utara, Sulawesi Tenggara, Indonesia",Kabupaten Kolaka Utara,Sulawesi Tenggara,https://lh3.googleusercontent.com/gps-cs-s/APNQkAH2EoD3DmKaFinmNzgpD5BHr_LWqiddwTO_83M8Al4RiOldto7RFpl1TSN-F__JlhjRVjP3Mwq_uEj-0VECjLrGnLnV9NWqg0IF951A8LwwBzLSB5Cmm63HjsaD7L2gCij5my7wnQ=w1200-h800-k-no
Simpang Tiga Dekko,"Mappesangka, Kec. Ponre, Kabupaten Bone, Sulawesi Selatan 92766, Indonesia",Kabupaten Bone,Sulawesi Selatan,https://lh3.googleusercontent.com/gps-cs-s/APNQkAHgqH0SsgxVoigOr1F3Y2B7waxJ_QEbRzL_WiepI5BUAXHOxWbXbWIuZ7Uf6Z2XzoP19SkdfnkWMpskFItdhJX6gQZ_6XV-LRypsreit-cfGOp7ibPoUYK0C8bWR4b-sCI_5cLw=w1200-h800-k-no
Rimba Bitti Pandala,"Laikang, Kec. Mangarabombang, Kabupaten Takalar, Sulawesi Selatan 92261, Indonesia",Kabupaten Takalar,Sulawesi Selatan,https://lh3.googleusercontent.com/gps-cs-s/APNQkAHPEbB0EH3Ij-7XtuFwZBdsqbhjuGk6gXtbjV_3riAblrtFhm6411Juje6xDwONHAl_HeQHxiGCBq47jjy37YaaPtl8kjjDDZ_owqP_fi8S7589DQre1JXQKAXGIh4nbe0m1gQKqA=w1200-h800-k-no
Afand Place,"6W5H+CM, Bale, Kec. Tanantovea, Kabupaten Donggala, Sulawesi Tengah, Indonesia",Kabupaten Donggala,Sulawesi Tengah,https://lh3.googleusercontent.com/gps-cs-s/APNQkAEHjIob48Z3mtbkc4b2Kte5shd2lj-wdkSLo3250XuazXcCjjaMgaMoCyfqzYV7tjOzHLPlMQYIHbma9wXmFCcBMkEozlL5sSnZ1lVEXRHDfoWImn_SIzsdMZ7d9PY72sY56Cw=w1200-h800-k-no
Buyu Katapasa,"Buyu Katapasa, Tongku, Kec. Tojo, Kabupaten Tojo Una-Una, Sulawesi Tengah, Indonesia",Kabupaten Tojo Una-Una,Sulawesi Tengah,https://lh3.googleusercontent.com/gps-cs-s/APNQkAEbVJd6wtR4BXQ9eCbWGuw0WucF1epjD4Ry_58tzKIXU-ITlRXRJykzhHXxLwI1ksc2gx9oIhVuMjUXtrU5Mw484F_9rKDal5ugzpV4e8O5FHeeIMIu_VvqPCLHMUZoUNNvEoC3XA=w1200-h800-k-no
Pantai Air Kiri,"PCHM+23, Matarape, Kabupaten Morowali, Sulawesi Tengah, Indonesia",Kabupaten Morowali,Sulawesi Tengah,https://lh3.googleusercontent.com/gps-cs-s/APNQkAESsSR6_ke0Rp0bWc4OObGpdO3pBOf2lpC18-Ary8X9i7JKWj5wCOmeHLspnYB0r7jETptaew1nZY_YDMeqKGrcGM2yXgWSj7AZmcoYm3a8EW2tPFksUj6G44l1kBwtitkophVK=w1200-h800-k-no
PARE PARE BEACH,"Jl. Andi Isa No.3, Ujung Sabbang, Kec. Ujung, Kota Parepare, Sulawesi Selatan 91113, Indonesia",Kota Parepare,Sulawesi Selatan,https://lh3.googleusercontent.com/gps-cs-s/APNQkAGgaQw69gGZdff6-rLaGGbRVJb_wqMQdwOPgzOn9wEbxJT1SljnJP5_ymTHf0Dda-tTdU5ggWpBjHgG0NcHDoKpmKjFyAb0KW4j3_wCw1BXuVVCcXKdbBCZzxDHBPWIHRKgBYw21MpTEQM_=w1200-h800-k-no
Air Terjun Pattumba,"74HP+5C, Compong, Kec. Pitu Riase, Kabupaten Sidenreng Rappang, Sulawesi Selatan, Indonesia",Kabupaten Sidenreng Rappang,Sulawesi Selatan,https://lh3.googleusercontent.com/gps-cs-s/APNQkAHpplyaBAEHthxJYfqPkF5zD34wsWhO7WFJO9pUctPUh3MGi7MTt6lFZNiinuaUsTRYLLDjFQZPQy6TuQWqLC1U09zV0sqfEER5pDMp0e1EI6QfEERLe5nUSGJhtLReNB-T9p2e=w1200-h800-k-no
autarkeia,"6VRM+57V, Urongo, Kabupaten Minahasa",Kabupaten Minahasa,Sulawesi Utara,https://lh3.googleusercontent.com/gps-cs-s/APNQkAHkaK1PFkJ2MW9Qxq1Dxr_QD4HW69L-fH2UsYx6vaBsFphbU5pSHhMmipqfATK046bOFA2H2SWsQZ705U4E3STo9JhqsLfiiZpUFTSLAn32O6njSmrdg2qtLl8jKavyU-HSz3Aw52kT414E=w1200-h800-k-no
Situs wisata alam,"V57F+V6F, Tombulilato, Kec. Atinggola, Kabupaten Gorontalo Utara, Gorontalo 96253, Indonesia",Kabupaten Gorontalo Utara,Gorontalo,https://lh3.googleusercontent.com/gps-cs-s/APNQkAFfVejJxypRcpEfmvcy0dcaRUeBfjbIe-dGUjUt3qNmDyi9rq7vOVcyzKlGyMwhBVcdQI2ONCqKUksFZrrYM9ij96exKDixa6OE7oeSfyTs3fBE2J7z6kSdcJuK3eSWWyN6aPdG=w1200-h800-k-no
Malahi Beach,"FMQ9+4G2, Hangke, Tabukan Sel. Tengah, Kabupaten Kepulauan Sangihe, Sulawesi Utara, Indonesia",Kabupaten Kepulauan Sangihe,Sulawesi Utara,https://lh3.googleusercontent.com/gps-cs-s/APNQkAGJfDb8-xRv7uLZ2Bb8PuIRhnQYnLPgx2MpAovUTEwaLaqiz206YHYvN4EoRSMU736TdCz0w3ePIGGBL6rk7TXng6k6yuZ11gAlvYC-rK8fdoBxOJuo4LOpGZi0ADO5SlgInRI=w1200-h800-k-no
Pantai Sesiwung,"GF9R+H4J, Sesiwung, Kec. Manganitu, Kabupaten Kepulauan Sangihe, Sulawesi Utara, Indonesia",Kabupaten Kepulauan Sangihe,Sulawesi Utara,https://lh3.googleusercontent.com/gps-cs-s/APNQkAEB4y68vZ8nCUx1dPa2co3BWMkybB5P23WxyytDGjN2OH41J8ANzRhmrezSkQ6aRIerMhv-bBeNnCBIFeChvEcoMhxGy_bzfSMAA9KGHT7vXRzx5BYpV_sbvx22XUn3p-kQEsH4=w1200-h800-k-no
Eduwisata Aqualife UNHAS,"WJ38+75R, Bojo, Kec. Mallusetasi, Kabupaten Barru, Sulawesi Selatan 90753, Indonesia",Kabupaten Barru,Sulawesi Selatan,https://lh3.googleusercontent.com/gps-cs-s/APNQkAEne2-zUGqxnWDkA_6FAYnAysffewO3Fvi-T8CdU6OYaQ7VbVa0qFq6e1nhiaoQWC3AF--9y8neLBUmPRgcjd0IDwmML347thFpsrfi3WYXqmENsfve8QBQakRGTwY-fG4hOppI=w1200-h800-k-no
Pattiroang Highland Desa Barania,"Barania, Kec. Sinjai Bar., Kabupaten Sinjai, Sulawesi Selatan, Indonesia",Kabupaten Sinjai,Sulawesi Selatan,https://lh3.googleusercontent.com/gps-cs-s/APNQkAGVHSVZ1ntiaiPdnu7iov4qOG4aRFficK4X_gfpfVgv2H_0revGssJnpkWTN5Ex3LglQ1188bpv9PqP7647JgRHeWp8mmslUcOf5hNQvisqizZrmGpXpCMRbV4kNYnUB2fIX_5W=w1200-h800-k-no
Sungai Galaggara Pangkep,"4J4P+QW4, sungai galaggara, Kec. Balocci, Kabupaten Pangkajene Dan Kepulauan, Sulawesi Selatan, Indonesia",Kabupaten Pangkajene Dan Kepulauan,Sulawesi Selatan,https://lh3.googleusercontent.com/gps-cs-s/APNQkAF8oyWrefgzqgutUJsllcEUIPIqeevhMXCkIc8xgXuHtqDo1Uv6PMQOD74IYZsd_8JlynBkWD9sqGQIc32TS3fHPLWzrSnpxmCw01jBOUR9x6-qMhgYpPJ34u2F-brqmbLh1oPrsQ=w1200-h800-k-no
Embung Marilaleng,"Unnamed Road, XM4F+XRX, Lemoe, Kec. Bacukiki, Kota Parepare, Sulawesi Selatan 91121, Indonesia",Kota Parepare,Sulawesi Selatan,https://lh3.googleusercontent.com/gps-cs-s/APNQkAFaGvaUq4iAh33TNYdj_YpVXN7DoRplTTXYAcpmc206FD1zFcs1Yo58qsTD_f3ZDO0AvTjVvhZH2V8eAqBKdb7G004ZWNjntLi1VsukYjIEuurnCN3RHPh8t8DbfUMZbfdr_qK-GLq-PiZL=w1200-h800-k-no
Sumur Waranie Palakka,"F7GQ+32F, Watang Palakka",Kabupaten Bone,Sulawesi Selatan,https://lh3.googleusercontent.com/gps-cs-s/APNQkAHZicoE882T_4oZM_DpJtKfMLh6_bihgmTLaQyGsXVfxwTFIH4gAPCNb-eJxALYJPEZ2xLeQ_5q1LdFlA4xCzV1H69Q0GRL-EPcRBmIROfmzLJfzLqI010ty0F6vRqImCeGs8nB=w1200-h800-k-no
"Agrowisata Bonto Lojong,Ujung Bulu","Dusun Bonto Manai, Ujung Bulu, Kabupaten Jeneponto",Kabupaten Jeneponto,Sulawesi Selatan,https://lh3.googleusercontent.com/gps-cs-s/APNQkAFWSwfOGbiCeJsGkZk5fBbw9V2CgVowbA2p1Dhy2_LlTFxDL1_XHcuUbWYKMpwtITegvqIIs_xoMa8QYsJlrouTQNi_2EsFRpOn1CXAKoaMNb7-qSHBF6NwMrRXL82Pdb9AyKxi=w1200-h800-k-no
Pantai Ujung Bantaeng,"CWG6+PGR, Jl. Poros Jeneponto Bantaeng, Empoang, Kabupaten Jeneponto",Kabupaten Jeneponto,Sulawesi Selatan,https://lh3.googleusercontent.com/gps-cs-s/APNQkAGI7jKLZry-NR7vbuGQ5BYL4gKEQgiBddhek3jQsCbkX3YwIzOpp3Sug44LHoodmtQWPliYt7AWgmVPBedjs8wd7dIC41BpxN6CfuOZAOwjs4ppaDvBcDLfphO8MmXdrwdPOQvz=w1200-h800-k-no
Pantai Beau Sauk,"RWPM+G6M, Jl. Trans Sulawesi, Sauk, Kec. Lolak, Kabupaten Bolaang Mongondow, Sulawesi Utara, Indonesia",Kabupaten Bolaang Mongondow,Sulawesi Utara,https://lh3.googleusercontent.com/gps-cs-s/APNQkAE8vTfhYIE07rdfAUR7QV71Igys-EeSLCyY8Sio-BIBU1N9CFMtDPKiuLS_bcbDlsDPCWJtR2g_M1aey4QMNTH8U6_IL7ca1-nrhmi2IVX044UfCtPi0P2QB6_sxUarACztmJa9oeARp3Vm=w1200-h800-k-no
Paneki Tepi Teduh,"2XG6+PH2, Pombewe, Kec. Sigi Biromaru, Kabupaten Sigi, Sulawesi Tengah, Indonesia",Kabupaten Sigi,Sulawesi Tengah,https://lh3.googleusercontent.com/gps-cs-s/APNQkAGMKsEdVJ_SIg3nYtf0nvgZ94iAGBbeNHWaE3V3dNV9HoJ9oJ1EhCchDwnZjJgwq1eDNy0N8_J58B7q6HXrsL4_sdwp9HFca7cQJGaH2owlIH1olM9gK_tK1S7Oq4H5zVkvb_HYZQ=w1200-h800-k-no
"Pantai Wisata Pompon, Banggai Laut","Unnamed Road, 7GFQ+QCV, Matanga, Banggai Selatan, Banggai Laut, Central Sulawesi 94891, Indonesia",Kabupaten Banggai Laut,Sulawesi Tengah,https://lh3.googleusercontent.com/gps-cs-s/APNQkAG0BRp9tG7ui9kybwZjfUzcGobMglD5r2wtsEzfJLeOkMYfD1ecDdPAHxI_Oq_B989WXvS6PzDw8UsGRGLIxO4W6sqhpmMj3EMEImTSFNUwihZ0ixbOcYrImGwqqNceP2VLwS1VISQIsz4=w1200-h800-k-no
Moli'i Sahatu beach,"Jl. Ir. Soekarno, Kec. Wangi-Wangi, Kabupaten Wakatobi, Sulawesi Tenggara 93791, Indonesia",Kabupaten Wakatobi,Sulawesi Tenggara,https://lh3.googleusercontent.com/gps-cs-s/APNQkAGBsAsJ1cfqcv6M1BeQaZVyfLsf0KeVI9ZspXv5mBs1Wn_CiP3fmL85iVMgJawworlGVhHw5HLKIPZtHU84wrtiwZAn1i1Klj7CioG4NcA_HowkNj-m12nN1w8LpW1oRvZRrPJyLKbe2R_q=w1200-h800-k-no
Air Terjun Bantimurung Salluang,"FW85+6RW, Bonto Salluang, Kec. Bissappu, Kabupaten Bantaeng, Sulawesi Selatan 92451, Indonesia",Kabupaten Bantaeng,Sulawesi Selatan,https://lh3.googleusercontent.com/gps-cs-s/APNQkAHfALFFIoR5l2xukQWkqZmH0XfYcDEg_sIrJO66WKQesRclZ4FDRBkPaF3i-B7EhAr7u6dRp3j6-ZN5XCZHaIZ1Kss_1nSkE-Mn7dY5RT21JROEZ1jR1g2jeMz4p7l127tUoRo3=w1200-h800-k-no
KAPA Kawasan Agrowisata Pondok Amelia,"FR83+34J, Jl.Herman Parimo, Bayondo, Kec. Tomoni, Kabupaten Luwu Timur, Sulawesi Selatan 92972, Indonesia",Kabupaten Luwu Timur,Sulawesi Selatan,https://lh3.googleusercontent.com/gps-cs-s/APNQkAHDuq5NgVI06kBxw-IXiYhrLQ6CtsgdaleOJkNW9BN4LOdzShka_v2T6u3zAWAKFlRlvndKtD2cyDrg_pkC2jZezdndMVyg6Z6N-HIChC03LxfKfXVwigLTslYzeOSzdwQsG7YVjA=w1200-h800-k-no
Air Terjun Tetewatu,"V45X+4RH, Tetewatu, Kec. Wiwirano, Kabupaten Konawe Utara, Sulawesi Tenggara 93464, Indonesia",Kabupaten Konawe Utara,Sulawesi Tenggara,https://lh3.googleusercontent.com/gps-cs-s/APNQkAE9Fb6ZgMlZs8GAKA8YbWAU-JSSC7t7y3yYRAiCC1kmfq5cwJan5Hb4G9eEB-e5WqBYRzzczuEk0Q0fbkQ8q03IudMweDVAA-XQdgpoBDC0tL1NgGzb7DGsLJPsxjAruEangVg5=w1200-h800-k-no
Wisata Alam Lembah Tottong,"J9HF+HQ, Kunyi, Kec. Anreapi, Kabupaten Polewali Mandar, Sulawesi Barat, Indonesia",Kabupaten Polewali Mandar,Sulawesi Barat,https://lh3.googleusercontent.com/gps-cs-s/APNQkAGbHMAK1boX-XMAKP3uxnUasSlKxMmyYs8YObIHjA_AfoeDBPajArCUU1ixsum8memhK3EvyHfOt0veBUAc70Ppc1oI7raAIJ1H44LskLgUpkrxFYwqGihMi6IhabvWjO7AYpfF=w1200-h800-k-no
Bukit Pusera,"Bukit Pusera, Bonea Makmur, Kec. Bontomanai, Kab. Kepulauan Selayar, Sulawesi Selatan, Indonesia",Kabupaten Kepulauan Selayar,Sulawesi Selatan,https://lh3.googleusercontent.com/gps-cs-s/APNQkAH0hNVxWXCzVdobGiyuO-gHNG-iowHRmxNHfM_Rw0Zb8Ym4BuJa5CzRhrQ_BqyN0C1w2u891CcVYTvGP9kmyGotCVsezC86pYMgWgse2R_6HGzYq5o5lY-jGW8HjhDhoZR30Ul2WQiydFDX=w1200-h800-k-no
Air Terjun Bumbun,"RQ9X+976, Lembang Pa'buaran, Kec. Makale Sel., Kabupaten Tana Toraja, Sulawesi Selatan 91815, Indonesia",Kabupaten Tana Toraja,Sulawesi Selatan,https://lh3.googleusercontent.com/gps-cs-s/APNQkAFE6ozaPu5GDLNansoCh15ErdeyByClAY5kX9v_gf1cAQ7tzGVO6jxMfUZlQjRIdfsHyyEkWfVSZtWh1jGW-F_aO5nxX85hgNzr1ooYtBWvam_sJveI7d4YucuEjv314c3ke0zUZw=w1200-h800-k-no
Pantai Tebeabul Bakalan,"P8F5+G8F, Bakalan, Tinangkung, Kabupaten Banggai Kepulauan, Sulawesi Tengah, Indonesia",Kabupaten Banggai Kepulauan,Sulawesi Tengah,https://lh3.googleusercontent.com/gps-cs-s/APNQkAGXRS29OZazsWruZpQrA2vOiiS9P3d-69taP-uWyMD7DgHjBIW4PXlNB5HNNycarpXoZgg7DUuXZ2z_lQmMi96-EL2rwCvTdcDr-MWlcANbc1sm_43t6161O_aSq63oSJpUnQJD=w1200-h800-k-no
Puri Kahyangan Tomia,"Jl. Encik Sulaiman No.Desa, Kahiyanga, Kec. Tomia Tim., Kabupaten Wakatobi, Sulawesi Tenggara 93797, Indonesia",Kabupaten Wakatobi,Sulawesi Tenggara,https://lh3.googleusercontent.com/gps-cs-s/APNQkAGmoLVX_Four8wNzjFuzpixXpxeNjMyZxi3QH9T5GTDB5Yds_8PS5OvwSr5_ouRRZQXg6zUSJy1sNd9_EtdQXMTJLnpv3g4vP0vzW6dSQf_Z_f7aPUFJkfeFKs0yv47nKb25S32nQ=w1200-h800-k-no
Bukit Kanari Dan Bukit MattiroWalie,"2RM7+FV7, Baji Pamai, Kec. Cenrana, Kabupaten Maros, Sulawesi Selatan 92754, Indonesia",Kabupaten Maros,Sulawesi Selatan,https://lh3.googleusercontent.com/gps-cs-s/APNQkAFfUnqCCI7bhprt9ur30SZxTDIC5IBDiRSMwW6_3g8i-fSoW5N4Sl5S5JuJGgFMxvORW8YxA001OKfNU4AwYqHffh5xd7VlNT6EzZYAnLLNscfM6Yca2ZEEN74XzeVDLr_DTjipGqD-_BPu=w1200-h800-k-no
Museum Daerah Maros,"XHVF+GVW, Jl. Lanto Dg. Pasewang, Pettuadae, Kec. Turikale, Kabupaten Maros, Sulawesi Selatan 90516, Indonesia",Kabupaten Maros,Sulawesi Selatan,https://lh3.googleusercontent.com/gps-cs-s/APNQkAFrfyCiPIFrNnZLt9-w4Egy3jMGSsOEFqE_bbBaWZoHiInMYdO_1sujHiWyyoiBl2pJQxnKnaRuceHbZziYSV0c0uKL_KEEM0jtU3A6Q1Gaq-ht4kZs1lYF5h7TiO-FXeqXZkBZ0w=w1200-h800-k-no
LABUNGNGE BEACH,"PJ2P+62C, Jl. Moh. Said, Lampoko, Kec. Balusu, Kabupaten Barru, Sulawesi Selatan 90762, Indonesia",Kabupaten Barru,Sulawesi Selatan,https://lh3.googleusercontent.com/gps-cs-s/APNQkAGH6o0DfeZx0hmCrY3SwrVBtbK6s2cHoEYSvuJoCYyZEaPJf7qHGijheYvuprPc02PEGbYRUCsKON7uQKO0YM1J3zXBnzFDzvEAX7f0d2D2NgTT38y4TUCdy0yxoX4uefsQMg8QPg=w1200-h800-k-no
Pantai Tanjung,"RM33+P52, Laut, Kotabunan, Maluku, Indonesia",Kabupaten Bolaang Mongondow Timur,Sulawesi Utara,https://lh3.googleusercontent.com/gps-cs-s/APNQkAHQQBhe6gftHZEIK62L7vqhCze8N2DaQjxueibWwekk9meCdPgbNfZuJLQnq0J--RAjTlGuRn-EzyFtQCUQiJGcHreTldPujmJeEq1VJAsR_s_Bvr19Zcg4aIJQmD2BKD-Fnwn6=w1200-h800-k-no
Pantai torobulu,"HC2X+QG2, Torobulu, Kabupaten Konawe Selatan, Sulawesi Tenggara, Indonesia",Kabupaten Konawe Selatan,Sulawesi Tenggara,https://lh3.googleusercontent.com/gps-cs-s/APNQkAGpU9YkpIilU3Tx6yTLUgZNFWrfaku4bLiU9TXdGzwBsZojK2dNPFqYjD2R5ZFOmXXuZVKjuAimkwBrI5_uDCJ1NLwQjQAZ4_9mNGmWKYfmBWl3EtmhCpamzWnGaXrlsInyi7F0DQ=w1200-h800-k-no
Tugu BRI Kolaka,"WJM5+9PF, Laloeha, Kec. Kolaka, Sulawesi Tenggara, Indonesia",Kabupaten Kolaka,Sulawesi Tenggara,https://lh3.googleusercontent.com/gps-cs-s/APNQkAG9AeQcodwRTuYIvjqky-TgAYek32kKLqzgtFL1N3A_dpRpMv4OAJ1HPtY2nApgCU6uhm4QP1y2XCFTye6NjSZpYos-AMm7C0julZsA0_Jwn_uwhwX7ZYov3A4qaQpJfA0O615r=w1200-h800-k-no
Taman Wisata Alam Kea Kea,"2HFC+QW2, Unnamed Road, Ulunggolaka, Kec. Latambaga, Kabupaten Kolaka, Sulawesi Tenggara 93514, Indonesia",Kabupaten Kolaka,Sulawesi Tenggara,https://lh3.googleusercontent.com/gps-cs-s/APNQkAEpv2gqo52ECrsiazmgIVX7W0DkH1Hoz8c38ZViD4SXQv3Wl6dRDIM-w8gR5TwnMtXnnhzWijOa3y6VH7vbuFLKI7tpITkSJeVfYqD77VQktreOJoJ-CcrU7yICe7QSb4Zi3uk=w1200-h800-k-no
Pantai Pasir Putih Uebutung,"4MW9+945, Tete B, Kec. Ampana Tete, Kabupaten Tojo Una-Una, Sulawesi Tengah, Indonesia",Kabupaten Tojo Una-Una,Sulawesi Tengah,https://lh3.googleusercontent.com/gps-cs-s/APNQkAHet1g5nkcH_pTnlAUWTn40nVO364ofJYI2B84VHauPoB16BrwuN4FtJFq4G1jv-JGxDxy02zUTkvvkMIJ_msksxh2Okzlw0b3NBV1co0LugtEsxyrjQzfXM2XBzpuCbr2g_Dw2KMFFsPPy=w1200-h800-k-no
Wae pella'e,"V642+QV8, Kampala, Kec. Sinjai Tim., Kabupaten Sinjai, Sulawesi Selatan 92616, Indonesia",Kabupaten Sinjai,Sulawesi Selatan,https://lh3.googleusercontent.com/gps-cs-s/APNQkAEM6IXI9DpT1qM6e1-4ZdFXcwlZwWm4T4SRTidF_NFmNfOseAllWiJhEE08NGerm0c5kBy1BwBdahDOz807plvDd3dm-M-nVk52zdnD46ey1rTlR87PREGO2114RD1YHDqnqEiP=w1200-h800-k-no
Hidden Valley,"P94W+67V, Tobongon, Kabupaten Bolaang Mongondow Timur",Kabupaten Bolaang Mongondow Timur,Sulawesi Utara,https://lh3.googleusercontent.com/gps-cs-s/APNQkAH33p8hQxZR4YPYZNxSzeX0PqUlkX4RqfjzBkst2AcZaS1-BWAyRLxfM-MCS_FViDw4xiVFWwTMXxQDEwNegXhMcw86O3bBwksmyzW4rzPPHtX2ZFDGa3ArVQ5qyhiWgRo1lsrR=w1200-h800-k-no
Pantai lalape,"FFWC+3JC, Unnamed Road, Trikora, Popayato, Kabupaten Pohuwato, Gorontalo 96467, Indonesia",Kabupaten Pohuwato,Gorontalo,https://lh3.googleusercontent.com/gps-cs-s/APNQkAFh3QmE8iMCX6DOvHYPlOi3BaIozl1sa7L10TkX75p5ji2IPem7jd1bHrzmY7myFgsxyEMiJhDpUyyqf8SeYjyIH0RNP39HmOLgre2L2zAOrb50s0LHUC0N209_pYRH96ACS2Q=w1200-h800-k-no
Pantai moian,"Unnamed Road, C29W+VV5, Palapi, Kec. Taopa, Kabupaten Parigi Moutong, Sulawesi Tengah 94479, Indonesia",Kabupaten Parigi Moutong,Sulawesi Tengah,https://lh3.googleusercontent.com/gps-cs-s/APNQkAFnLP7GkBmBeCzvM8CtNJ111Ln25v3i_cawU-lxy9DjCqUVAw85WoSRMkhw6336_nr1HlQXsRI3h6m4N7uCCGVM0-fmMGPbnaons9bualbnNs7NDscaZTuRgG2j-8W-MgtC0Xkq=w1200-h800-k-no
Wisata Pemandian Bukit Meranti,"J4P5+7FV, Meranti, Kec. Tapa, Kabupaten Bone Bolango, Gorontalo 96582, Indonesia",Kabupaten Bone Bolango,Gorontalo,https://lh3.googleusercontent.com/gps-cs-s/APNQkAG8qhTU4Ct-_ixPWAOocmCGAOO6O4Fi1Hpk3JvZREMFSvMcpiy9yncaQ4axR2AcWcGWP3A39o6w5d3Ns_wku5dGmuMh7Ejuto7Pu83XUqyq7NC9q4THSVQtLEcNQJTNSdresew=w1200-h800-k-no
Wisata Pantai Tersakiti,"9W7W+423, Pinolantungan, Kec. Bolaang Uki, Kabupaten Bolaang Mongondow Selatan, Sulawesi Utara, Indonesia",Kabupaten Bolaang Mongondow Selatan,Sulawesi Utara,https://lh3.googleusercontent.com/gps-cs-s/APNQkAHj8og3lcd38twJfKAIrVLwqdLICIrxLtfSv62UcdeZCXtG6XIY_4_E3d_qIhFXE_51hKIJcYo9rcE7VN3hgvHulrBOroYjGQCX1cjlhB8O5_isoAITOBs6b0ugcWh4xqunCV8OUQK4Ou0=w1200-h800-k-no
Samalona Travel,"Jalan Samalona Selatan No.39, Tanjung Merdeka",Kota Makassar,Sulawesi Selatan,https://lh3.googleusercontent.com/gps-cs-s/APNQkAEY5i4QIqjYSdK7mjx0hyN_W-i0ivlWeNh32h6xB2hn385vsVbmkrt2enXm19_5bQOayJx1ytVToywM8WrORc7FAzJK5Pl9xqFr3juqK8FkFBhxnaMRZeVQ30Q1Nb6oKNFt-EwE=w1200-h800-k-no
SAMUDERA DIVE OPERATOR,"3R53+WPM, Jalan Imam Bonjol, Bungin",Kabupaten Banggai,Sulawesi Tengah,https://lh3.googleusercontent.com/gps-cs-s/APNQkAG5H4-NTlFM5RkCqZuUzuczX4Drex1ob7-R46HHIKRk8_Iyhw-myLW8__LGAIfH5tF-j5XrBQ0pCug_CAZqXByMOQ34vZ1VuMw9Ev_eouDyHOO6vInRSdg2g2A9nM7t52PljA95sM_WuRg=w1200-h800-k-no
Air Terjun Pandawa,"Bonto Lerung, Kec. Tinggimoncong, Kabupaten Gowa, Sulawesi Selatan, Indonesia",Kabupaten Gowa,Sulawesi Selatan,https://lh3.googleusercontent.com/gps-cs-s/APNQkAF3_e4Ur-uvmBgPre54sKqcPSENxaOboKG0hstOl1y4I6f1b8peWYMGSVK5PpwEOI0luRT8Nsp4fIupit7LJI3h747uFbfma7-QKqlyCFHzVP_9Rg3M5wvwil0t-LKHjEnqPI92BaWPLeZt=w1200-h800-k-no
Pantai Wajo,"GR4W+WJM, Laut Banda, RW.11, Cipulir, Kby. Lama, Kota Jakarta Selatan, Daerah Khusus Ibukota Jakarta 12230, Indonesia",Kabupaten Buton,Sulawesi Tenggara,https://lh3.googleusercontent.com/gps-cs-s/APNQkAE0enNDP38a1NEYdqQRxBaC9LXwyXWxQr77rkBZUZVwPN-KO8FNAf9wtSwiZC5NMLT54B7hSqP5t_7JTS1L0aC2oqFrFM5YcaKKJtp5sbf-YZ-ZgdVJZSYA_VX1bSIMIJ7N0snV=w1200-h800-k-no
Bukit nane polassi,"Sulawesi Selatan 92855, Indonesia",Kabupaten Kepulauan Selayar,Sulawesi Selatan,https://lh3.googleusercontent.com/gps-cs-s/APNQkAHhzOizUJC70KPpBtcjNedaxx_ihq1N9WI3oXXWWPWcPwJ-IGpq2JwTHfYq68rWQJuCYlmRqXkl80XeaAYuLn6hzRGPtzTAW28OrZIDdQAmH4_DGHB7DQDPwEMlIpSUW0NkPjFZ=w1200-h800-k-no
Mt. Soputan,"4P7P+QXH, Noongan Tiga, Kec. Langowan Bar., Kabupaten Minahasa, Sulawesi Utara, Indonesia",Kabupaten Minahasa,Sulawesi Utara,https://lh3.googleusercontent.com/gps-cs-s/APNQkAFfuAaNdgXFp13vXqbKz9gJs_bedGoDW0JwYMDSXRW0EdKLTlDhEpaLtDbKgavYolmWtRXVM2khfG-aaBMOva16jCBalcHBWjXhqugTqgnaRsSh912K9_VTvi3oa9ZUpxUrA-JK-w=w1200-h800-k-no
Bukit Savana desa lenyek,"6W49+RVX, Lauwon, Kec. Luwuk Utara, Kabupaten Banggai, Sulawesi Tengah 94752, Indonesia",Kabupaten Banggai,Sulawesi Tengah,https://lh3.googleusercontent.com/gps-cs-s/APNQkAEd4mSxVPo2294236RhGuMK5KTa0bAdvI0Ptj9Mfv0qpVh-gHQkwJ4wLThQKp4AHoJpp7K4BSrmGhlVLhb1-QhR_8q_gGrf9YHumHNS5MwbCzzHXjeB5yCh8vn8JguqDkCw8qmrrg=w1200-h800-k-no
WISATAKAUDUMA,"8RPJ+9R, Langkoroni, Kec. Maligano, Kabupaten Muna, Sulawesi Tenggara, Indonesia",Kabupaten Muna,Sulawesi Tenggara,https://lh3.googleusercontent.com/gps-cs-s/APNQkAGdIAarlAi7rcO6F36PXsxN-HJUSlv-fqvu6OCleAGmWDHOwQNzDgV46hRHfCSTPDL_jyXQCh8GUfO-T_NdcM8mSaEoqJXnxF4JWhzWJGm6CsvY9VW_IImHfJQ_VxHUQa2S-_4Zk0IN6QaS=w1200-h800-k-no
BUKIT ANUGERAH BULO,"Bulo, Kec. Bulo, Kabupaten Polewali Mandar, Sulawesi Barat 91352, Indonesia",Kabupaten Polewali Mandar,Sulawesi Barat,https://lh3.googleusercontent.com/gps-cs-s/APNQkAEr69n_lxjob1cP2hhD46N8_vX73whpQHhSRCMFdEoPiCJz7oTWrJrzWUEeRKmoQIL010-3m2n-13sQET5A2dZLOgFK5Ym0tT5tQftT91VWk3dLMgAx3PyDpb9p_FEYR_aKgAKNaDPywEAR=w1200-h800-k-no
Air Terjun Lamassua,"6QR4+7CP, di, Bonto Masunggu, Kec. Tellu Limpoe, Kabupaten Barru, Sulawesi Selatan 91671, Indonesia",Kabupaten Barru,Sulawesi Selatan,https://lh3.googleusercontent.com/gps-cs-s/APNQkAGXjWo__6o_VyTqQxpEJ7ivhCwpWnz0dO1xoMCTpIm7QBFWb8JXV-yISowOD1BjTPkJo8Jpo9VT-1hhGXIAzZZy3Akte3oNixBxoLC1jbtU_kPv-5fa-bj93P1YRrwO36cri6NW=w1200-h800-k-no
Pantai Ujung Kupang,"Q8Q4+P92, Sanjai, Kec. Sinjai Tim., Kabupaten Sinjai, Sulawesi Selatan, Indonesia",Kabupaten Sinjai,Sulawesi Selatan,https://lh3.googleusercontent.com/gps-cs-s/APNQkAFChdDaX12Ik2GSDY6o5V-n1HmCDcyuBDjw_pvpV9IE_s8dYzWEfvtTvL-zXLWGJQsxX7rOn9SpFbrZkgl2kJHxWm0TOzSPAnOklUwmaff8LHPDAcym1ljae_rr1RPc3E6a1-CtdA=w1200-h800-k-no
Objek wisata Buntu Sarira,"XV8R+JH5, Sarira, Kec. Makale Utara, Kabupaten Tana Toraja, Sulawesi Selatan 91852, Indonesia",Kabupaten Tana Toraja,Sulawesi Selatan,https://lh3.googleusercontent.com/gps-cs-s/APNQkAHOv4Cmdi2SP_JSFNJliheJNylbTfwxGLiUYR8LYa5qGIt_GoeLH3rFLw8uB4NcpRZ-jqeKpqMUDqIrJpMKTdO4pm1ygMcjTrWL3TXlL4KCXNtRZ6Am14F7uf2ReLn_Ar8PT-pOjw=w1200-h800-k-no
Air Terjun Tapahan Telu,"9RHP+VG, Tinoor Satu, Kec. Tomohon Utara, Kota Tomohon, Sulawesi Utara, Indonesia",Kota Tomohon,Sulawesi Utara,https://lh3.googleusercontent.com/gps-cs-s/APNQkAGEWtb6dR9iE-DakXZsJLR5OSuugObocvD9Lov7l1od4R_vqqZrGP4NnuOJTlmeFl9QmhwBeNjrCc13zAdgiYFbRz8hyvd82mSt-1nV1ZUVmU1q8t9wdSGj28BJ9UgC6TSe6JeQZbJeUVj4=w1200-h800-k-no
Kuntung Prof Kawung (Koreng) Minahasa Selatan,"6P72+64G, Koreng, Kec. Tareran, Kabupaten Minahasa Selatan, Sulawesi Utara, Indonesia",Kabupaten Minahasa Selatan,Sulawesi Utara,https://lh3.googleusercontent.com/gps-cs-s/APNQkAGEmT-LSD3nfaVF6W2mtuFaRLOpn9xoNcnGU3UaIQ08rRbTKuMRgAImgyTpQHytWuvzhIPOSmWaKtLHxFLBwzsE8vJbyadELOjcP1999m2uRlpuk5CZKUh_DP3fY4dIy4ut4Vc=w1200-h800-k-no
Pantai kapehetang,"Unnamed Road, FF5V+WRM, Nagha I, Tamako, Kabupaten Kepulauan Sangihe, Sulawesi Utara, Indonesia",Kabupaten Kepulauan Sangihe,Sulawesi Utara,https://lh3.googleusercontent.com/gps-cs-s/APNQkAFWAux4uEDpa4WfcSYddtVhYYtxF3mqSbBLVAE_FBY-gdxRu6QqHYw4N9ffy8AmqXs86_eePmHP0OjvKHK_27z03hYsWy9QYeNF_FWMA_9g-ncD2XhhmQUeZLE18EiO_zUTPCyq=w1200-h800-k-no
Lindu Lake,"M3PG+45P, Danau, Kec. Lindu, Kabupaten Sigi, Sulawesi Tengah 94363, Indonesia",Kabupaten Sigi,Sulawesi Tengah,https://lh3.googleusercontent.com/gps-cs-s/APNQkAHJsUIC9uK6aLw2a6QVY6pa4XK7snVtRAe2e2g_xpx-FvVo4njZ6vwEOFtrNpdExdRQgXBkr9e6bAsmfdunKrPRlwMIz4jYNA9GxWK0RCrvE0mRaxckRgMqjGIwbt5N1Sgs4-4nb9owxnw=w1200-h800-k-no
Tanjung Gundul,"Pasir Putih, Kab. Banggai Laut, Sulawesi Tengah 94891, Indonesia",Kabupaten Banggai Laut,Sulawesi Tengah,https://lh3.googleusercontent.com/gps-cs-s/APNQkAEVgJDOU1m9rq8alf9wzWauPJYfM6sFYj59L9eGHjU0UTiEvSrRYm7qAp62VeQPNqgUuuxA9K_LyRPJolWC8d1Hrrf1PYzdaTR9frdoy3RXx9g0hqG3fkHiWZCxGLHNR9qOKkQ=w1200-h800-k-no
Pantai Sulaa,"Pantai Sulaa, Sulaa, Betoambari, Bau-Bau City, South East Sulawesi, Indonesia",Kota Baubau,Sulawesi Tenggara,https://lh3.googleusercontent.com/gps-cs-s/APNQkAEkIuSOnf-gSP00wqrOmwkhN3GMJiBMxMUKoDTzLRDOQrN6-wDNtbYZyA5pFg5s7XHqkEVyipxf3zASm1n1GLvpXMvj75b_g_GxYF83pGm2Ts4EiY5YM9Xq8oUM7obRRHlfIYIf=w1200-h800-k-no
Gerbang Desa Wisata Tangkeno,"PWGC+RXR, Tangkeno, Kec. Kabaena Tengah, Kabupaten Bombana, Sulawesi Tenggara 93781, Indonesia",Kabupaten Bombana,Sulawesi Tenggara,https://lh3.googleusercontent.com/gps-cs-s/APNQkAEhfauntsDpdM1fIBsgCA2FTg6VvYZuDsBD08eMEaW_78P3aUk2VU-Aq2fMKRvwAHCJxBSqrPEfqp2bt3AsNJkgcqjQBr4VNuS66_ZsSNAlWeaBirlQ38AMu9nD82VgYbsVT1Q=w1200-h800-k-no
Geopark Maros Pangkep,"2MFF+2M6 Ktr. Kelurahan Leang Leang, Leang-Leang, Kec. Bantimurung, Kabupaten Maros, Sulawesi Selatan 90561, Indonesia",Kabupaten Maros,Sulawesi Selatan,https://lh3.googleusercontent.com/gps-cs-s/APNQkAGoMliBh2aHWGmkAnlEe5A57tt7PUVSkT2dEs3d7v53MsF_IlzBlpICYDTJGQteUQ7IToqPLpaGphglskOzFJkaK4AifUcpGyfH4dKMwoHGnUsc8C3Mq2-D3DSFoSXWwoJSZCBDiA=w1200-h800-k-no
WAWONTULAP BEACH RESORT (WBR),"8GC8+6FG, Pantai, Wawontulap, Kec. Tatapaan, Kabupaten Minahasa Selatan, Sulawesi Utara, Indonesia",Kabupaten Minahasa Selatan,Sulawesi Utara,https://lh3.googleusercontent.com/gps-cs-s/APNQkAF5-LD9ua53nImMDX4A69s4k8qwRPHxlPhXFYf8RVOgYXa458_mWMK88EW_U1RntWIOtzxdJ_3SO35fJ_Jf4QcjvOTcvzeuySwI1tDkdmMu3E-gU2qO5xuBWjQg4k_SdkvlVrxqFg=w1200-h800-k-no
Air Terjun Maima,"93X6+HR6, Watukilo, Kec. Kulawi Sel., Kabupaten Sigi, Sulawesi Tengah 94363, Indonesia",Kabupaten Sigi,Sulawesi Tengah,https://lh3.googleusercontent.com/gps-cs-s/APNQkAHgJT2BqM_DLNYUcswv757r_2-XPGXTwMHjhej1m2PJoolk7NqipnZUq7kTzsMComIXuAb7XHt2pilWxIgA7rVK9gohv38oFa8EgEv724wwFi63sOwiTAxqKJ6ZQEHcH3cxuhiv=w1200-h800-k-no
Air Terjun Kembar Morowali,"34PW+4J9, Labota, Kec. Bahodopi, Kabupaten Morowali, Sulawesi Tengah 94974, Indonesia",Kabupaten Morowali,Sulawesi Tengah,https://lh3.googleusercontent.com/gps-cs-s/APNQkAEgdPjNCbseNdYIikEZ67KHAtGQhgGO-3mZ6Nc4ZmK0iWrgAv0vyVj4zdroQabOb8_PdShC2ohMblp7twA9UhaWyJrpF34c0UUYgKnmAMEuJ8oKpKtI0kdaXxC9J1gLOgn8Px99ZQ=w1200-h800-k-no
Wisata Alam Desa Poni-Poniki,"XV9J+XCH, Jl. Poros Kolaka - Rate-rate, Poni-Poniki, Kec. Tirawuta, Kabupaten Kolaka Timur, Sulawesi Tenggara 93572, Indonesia",Kabupaten Kolaka Timur,Sulawesi Tenggara,https://lh3.googleusercontent.com/gps-cs-s/APNQkAEF2M4AbPLjPqepKESFlbFguRXfq4IMMK5bc_DWMymYy1wITCQsYOe20Sz8if5vKgt67Bsj8NciWNCSq5OBe8pJ6C8I5G0K9HSPfQBxFh0k8i6VLdAQfghXQ8tvgRV01Y4P1rug0Q=w1200-h800-k-no
WISATA BUKIT WAKOEA,"FQH2+PPM, Desa, Hendea",Kabupaten Buton Selatan,Sulawesi Tenggara,https://lh3.googleusercontent.com/gps-cs-s/APNQkAFly3WDRxf2DU8EFapl0AmCcqvqEba3WeeNNH0WpcQis_O_VpGlDpzQjuf7ztpCKuLuufpzhVciFoiNzOQ2q0eSQvLYwg9f7EZWUmj4nQWX1KYUzT5-3V1PzQ1HIfTWoBW3aK3EpA=w1200-h800-k-no
Pantai Kampa,"Pantai Kampa, Banda, Sea, Kec. Kulisusu, Kabupaten Buton Utara, Sulawesi Tenggara 93672, Indonesia",Kabupaten Buton Utara,Sulawesi Tenggara,https://lh3.googleusercontent.com/gps-cs-s/APNQkAFtUZXL-U1OEkq1PirqMO_SCWYfRg0rnEhYsMhZMNAgjBwc6WZEk3sUZgLGRTtfchjsmb2NayCQObMsd2qqG3Wchs_aKpMxC6JZJAy_KzD50bjbDGAyNssPOVOvA2XLV0IfbM5D=w1200-h800-k-no
Diva Bahari,"Unnamed Road, 3J7J+98H, Tapulaga, Soropia, Kabupaten Konawe, Sulawesi Tenggara 93351, Indonesia",Kabupaten Konawe,Sulawesi Tenggara,https://lh3.googleusercontent.com/gps-cs-s/APNQkAGtwxanvXTeZmxGuQsy0VdbMq6t77tvYZaPw8JHuyAquMNlrcUosZOawFOFHQ1TQeHOQJ9yJbWsia-zjpoYHco6iK9aR77tQvS0iiRaQxhDYSKLSz5BpBj7J1ygMO73eH-rwuka=w1200-h800-k-no
Pantai Ujung Batuatas,"QPWG+GF, Batuatas Tim., Kec. Batu Atas, Kabupaten Buton, Sulawesi Tenggara, Indonesia",Kabupaten Buton,Sulawesi Tenggara,https://lh3.googleusercontent.com/gps-cs-s/APNQkAHDnv_Ua-c5LbIwbzXd7kJO3VvplAlC7h014s4p8lda78uIicTDpGjatFeK5bqhaQfhk5_Mdxp8-Z1PGHfNIOBIf4ixy78l3DMmqY_cii7B6orDm9R0qqUFS5ADIJBMzQ7HWmCq=w1200-h800-k-no
Pantai Hijau Simboro,"8VH6+RR, Kec. Simboro Dan Kepulauan, Kabupaten Mamuju, Sulawesi Barat, Indonesia",Kabupaten Mamuju,Sulawesi Barat,https://lh3.googleusercontent.com/gps-cs-s/APNQkAEgSudR1wS8dcVuFXGsUR86yXmH-qTSFCGLxHdx9orQrqCEmb5c1F-Tl9Wdr4pBsq19StobGlFcUhFzSrxH-tKigWqjwR7fqQeyEAWjimVcdd3LqN3ufQHmY81234I9hAUp22RqIgM0H_U=w1200-h800-k-no
"Bukit WALEPOSAN, Lembean","Unnamed Road, 9XCW+RGV, Paslaten, Kauditan, North Minahasa Regency, North Sulawesi, Indonesia",Kabupaten Minahasa Utara,Sulawesi Utara,https://lh3.googleusercontent.com/gps-cs-s/APNQkAHf3y_SHSoEvi-LGS0U2r2nVssJtMjQHd38SZd8ESjxyCiQ0zrIe04eODpLlv6XuFWb59N0tiRTO2yZjRHKtXcOdN2_6k39GrLqKsvfC_aKYCco-NICoZIzW8WcCoYsgCIUDxmwZBlyyQX-=w1200-h800-k-no
D'MOANGA RESORT,"Wisata Pantai, D'MOANGA RESORT, Monano, Kec. Karamat, Kabupaten Buol, Sulawesi Tengah 94563, Indonesia",Kabupaten Buol,Sulawesi Tengah,https://lh3.googleusercontent.com/gps-cs-s/APNQkAGd5n58wl6PBsDZSHSgOyppMHk8pjpCB2RRP3iBZ7HXOFBYq7bsJIVBZApgh5AP1iZqA4QwIAr7UyahKg1tW-jk5brhv-IV8Wo0QEcfKiUtXA9EO5MhKqWwtOsFo7cuCLQbnQYa_33U1X8b=w1200-h800-k-no
"Air Terjun Tondopi, Tongkoseng","8P64+F4F, Tongkoseng, Kec. Tontonunu, Kabupaten Bombana, Sulawesi Tenggara 93773, Indonesia",Kabupaten Bombana,Sulawesi Tenggara,https://lh3.googleusercontent.com/gps-cs-s/APNQkAF_rgVvML4CqfTkRwEroCxwA5NbRrcg_EDUAnnHz8Y-k6f74QaiI1aQgDo-KK9tgyRHHmIZVcsmsn-647_ql6UomBV6dJgHRSUJiJ2y50RZTpNiXQ85cmPGPPZOVPUOfqmFG7rPsXqKckrJ=w1200-h800-k-no
Air Terjun Rok Rok / Rayouw Kembes,"9VCM+F36, Kembes II, Kec. Tombulu, Kabupaten Minahasa, Sulawesi Utara, Indonesia",Kabupaten Minahasa,Sulawesi Utara,https://lh3.googleusercontent.com/gps-cs-s/APNQkAEotVpAhZm6jV9cu9QLILhCf2LMcLkNs4Bd9iuWhBd7m9kzirMCCmjpPXp9321M5Zx8NEeMhJRX94ogsbJXfqINtdUgimJmGBApeGLXHVs0QmKff-Wvl3zOvTKBAVL7zE_rTtxq=w1200-h800-k-no
Air terjun Sararudi,"Wisolo, Kec. Dolo Sel., Kabupaten Sigi, Sulawesi Tengah 94362, Indonesia",Kabupaten Sigi,Sulawesi Tengah,https://lh3.googleusercontent.com/gps-cs-s/APNQkAGr_GT6nHAVs9t_QcoJucbrq7VABJ5yW5xRqogLFrMQDJcjCpJlG09Z9h7hX9u7cF3EMs5zcLEPUle8sxYNaotVUD_V6Kk0D3zx8euRwfQayLFxm11l31cCiZbtLZ_3FMo0wBza=w1200-h800-k-no
Air terjun pelangi desa tinuna,"X4VX+QX, Tinuna, Kec. Porehu, Kabupaten Kolaka Utara, Sulawesi Tenggara, Indonesia",Kabupaten Kolaka Utara,Sulawesi Tenggara,https://lh3.googleusercontent.com/gps-cs-s/APNQkAE6LCb8idnZDNBCGMojwapwOPtaV_6Hnhklf69n81i_MddtJK07SkSmyQg2HuqZVkRn3r4WlP0WLNAxrMyKbI9-nnszwdfokpuL0gUX7ua1rKEf931KGcbnSkQZegZ-Rnq8_lXh=w1200-h800-k-no
Tampaure Beach,"2GW5+F8R, Tampaure, Kec. Bambaira, Kab. Pasangkayu, Sulawesi Barat 91574, Indonesia",Kabupaten Pasangkayu,Sulawesi Barat,https://lh3.googleusercontent.com/gps-cs-s/APNQkAHTwXT0KWOBjj3b2XTZbrEslXMzwja3AJ85Sgu-zmtygcw8m2I4WMVjwJVvPMqNwYpyTKw0xvz6TOFofT2hKFNk2ElG3fOXxXdJkNNRP7VPHU3qkYEobgNszs9_BaBMqX1rEwva=w1200-h800-k-no
Taman Laut Kolaka,"WHWQ+H3V, Sea, Kec. Latambaga, Kabupaten Kolaka, Sulawesi Tenggara, Indonesia",Kabupaten Kolaka,Sulawesi Tenggara,https://lh3.googleusercontent.com/gps-cs-s/APNQkAGbN00Myaps3BPtftgkxrvx1zL32896-vi0J6ppCS1av-agBc0cyDWHJGDSFqpOgHufsZKYyabIu6Yp5J-SFxZns84RLGiXsZJR58UROkQRnT7l2bjv5aQwMs4fipuFf1HiUM46=w1200-h800-k-no
Pemandian Kumaligon,"6CF5+C67, Kumaligon, Kec. Biau, Kabupaten Buol, Sulawesi Tengah 94563, Indonesia",Kabupaten Buol,Sulawesi Tengah,https://lh3.googleusercontent.com/gps-cs-s/APNQkAHrLPcEfkr2Vsz33OccYy_OQXa1tmUgBBktW6EbDweQBgEKH_TRMoDQFGVgzBUEZ26qFW4xlE_ijofP-JIXGa4h79Nl788h0Tu9jMMXhpNo_M1xr8H42mv_8L3VgzE8ndLInI9mJA=w1200-h800-k-no
Huidu Matabulawa,"Huidu Matabulawa, Sinombayuga, Kec. Posigadan, Kabupaten Bolaang Mongondow Selatan, Sulawesi Utara, Indonesia",Kabupaten Bolaang Mongondow Selatan,Sulawesi Utara,https://lh3.googleusercontent.com/gps-cs-s/APNQkAE1OTZ9lzZd5eskW-ag97Jn1-oy7jfFFN2uazNkzMPnMJ6yrCediocMSsfUkwxos4fAcReQSen74l_zc5-dWtKfexRUEZrI_Xedscy2_d2Sfa8yy0HH6EnRlUCPNF2T5ncdmggZlA=w1200-h800-k-no
Tempat Wisata LOS ( Lorong Orang Sanger ),"FR69+6RC, Malalayang Satu Timur, Kota Manado",Kota Manado,Sulawesi Utara,https://lh3.googleusercontent.com/gps-cs-s/APNQkAGX1snpGdN6Vl7zVgoaQ8nQW-KcawZf64rWfs416dlBOibIidMZUeTnP4GrlrJe9ugTGlpYkihNLooamhcu-TusGKFe2jz5fu07rcWRoC5AnOKYCMzyAR0efoDhS0E1Pn0OB9sqjGei1jjH=w1200-h800-k-no
Puncak Nondooto,"JH76+R6R, Asemi Nunulai, Kec. Asera, Kabupaten Konawe Utara, Sulawesi Tenggara 93353, Indonesia",Kabupaten Konawe Utara,Sulawesi Tenggara,https://lh3.googleusercontent.com/gps-cs-s/APNQkAG_Vi68OI0SynWnQGjbx6N1WvFO80UD76LVt7plYFfiaYSQ02C14l9yQounh1NBfpseej3MFElvGuRBR8OGy9NRHFjykvTSx6Ostzjzbma_MNa41UX2mBpSIIakIfqzpT_2WkAhzTeDKLc=w1200-h800-k-no
STABILO CONSULTAINMENT,"Lorong 310 No.6, Mattoangin",Kota Makassar,Sulawesi Selatan,https://lh3.googleusercontent.com/gps-cs-s/APNQkAGUVrfSFphNPoYAJqXTrFoE0h2sVfa9eGGF9rjZ63dhJ6CxWFOGLSltWH0Fq-VP2QSBRyEEpZ1Ig_yMImSTZn8OZYhSLsT6lz_lsA2vebGcFuzXMy2y-JFCtNp_PM5Ad8Xs6uWa=w1200-h800-k-no
Air Terjun Tujua,"VPQ9+7X4, Tompobulu, Kec. Tompobulu, Kabupaten Maros, Sulawesi Selatan 90561, Indonesia",Kabupaten Maros,Sulawesi Selatan,https://lh3.googleusercontent.com/gps-cs-s/APNQkAE6RDsszqmaEG-wYcVQpa2qzWT4ASK_3c42ddg6wGND-pDI6fJKU14WrCI_OWVvdbMNFzCgbJwrAOxCZblwI3ih2jwrB47EYjscpNEacRILvmqPVUuqK6Y-TOJO3XmTGI4Rok_Q=w1200-h800-k-no
Masolo Perbatasan,"7MW2+58R, Teppo",Kabupaten Pinrang,Sulawesi Selatan,https://lh3.googleusercontent.com/gps-cs-s/APNQkAFGk_oaT4rwwsZS81-3P9Iz4bQM-ZhcNPpQT8O4SOOoEexf3krApvqQm14K6qg6C9YMlBFo-l6OaXgBlLCE3RHk50ltjA7tggVBjYvBl69HZt-WRCXt5j3fHJ1amjPnm8De0xYt=w1200-h800-k-no
"Wisata Religi BUKIT DOA ""DOMADATU"" Toraja Utara","3R8Q+XFJ, Kapala Pitu, Kec. Kapala Pitu, Kabupaten Toraja Utara, Sulawesi Selatan, Indonesia",Kabupaten Toraja Utara,Sulawesi Selatan,https://lh3.googleusercontent.com/gps-cs-s/APNQkAE6zQTY8lSyO9JNwMusr_V4OWlJ-reA-fhsdHNefJ2iVNwZa4XFQ_1CkWoVoGM2tfzo8pVr2fRYaemkH1NcpaEMHG6t5oVus6C6fBmy6JZkmnEzLyufHirFAW6wBiGSYWv9ow_7=w1200-h800-k-no
Dermaga puungkoilu,"CX3Q+2XC, Dermaga, Puungkoilu, Kabupaten Morowali",Kabupaten Morowali,Sulawesi Tengah,https://lh3.googleusercontent.com/gps-cs-s/APNQkAFYJ0asWR9B-3orEoYTnSd-Zz_t_-4QtAToilha0bZSu7ZJC6Vm3SZoBn36qj1wqNPvbl8UOsCBZNg7Vsjq3j5VQ2EN6M8-esHyaJSrgZHDgFFr9qsVAR99dkOsXoeyawTa2w22UDJ8Oqah=w1200-h800-k-no
Air Terjun Bondula,"RF82+76, Mohiyolo, Kec. Asparaga, Kabupaten Gorontalo, Gorontalo, Indonesia",Kabupaten Gorontalo,Gorontalo,https://lh3.googleusercontent.com/gps-cs-s/APNQkAGZLAXi56HaIBi2PcHyKG-m_FbPeEcPYnvM2FI661v_l-pDmYYQQwQ-OjrpB6yB-v6ybglg-7X5rqu_kqUQTz1RHpPHboaY9skruXp1Bo9ylFpjpWew6kvAuuM5tlq8XpAO0Wz_=w1200-h800-k-no
Kincir Highlad Sidenreng Bersinar,"2MVR+FC, Lainungan, Kabupaten Sidenreng Rappang",Kabupaten Sidenreng Rappang,Sulawesi Selatan,https://lh3.googleusercontent.com/gps-cs-s/APNQkAFsRbDdeDnYKOWTZYN6ysSJrUamcrky7QqreBf5V5rqij2Rju9p5vRMEhl09FC19AVRDU_z-Cm_E_9XkxvkEny5mqanensE_V8XNwWjDhGfYju7EnUYrRq_Pm4KYt0VTxz4A5ZBWQ=w1200-h800-k-no
Hesan Lowita,"Hesan Lowita, Tasiwalie, Kec. Suppa, Kabupaten Pinrang, Sulawesi Selatan 91272, Indonesia",Kabupaten Pinrang,Sulawesi Selatan,https://lh3.googleusercontent.com/gps-cs-s/APNQkAHWhZUa5mCRcxJk_7nGEx-OzMs7YSwl_U-B8PJyLF9j4C4QOOmzRbwtjq6JcN97evW8Upm1hdACvDgz5_QNE88cm5x2PWQeEXM49viiCQ1QsB42pP2qdZeL74EFZXLn7Uzz8IoRlZ1IXIHm=w1200-h800-k-no
Pantai Balojaha,"92855, Bontoborusu, Kec. Bontoharu, Kab. Kepulauan Selayar, Sulawesi Selatan, Indonesia",Kabupaten Kepulauan Selayar,Sulawesi Selatan,https://lh3.googleusercontent.com/gps-cs-s/APNQkAH1mA6PcV4DXdlEiqHcBF-KHVZMY3S3_6f-Y27VzBvSWxqiNi_M6LNOLO7Ek-xE9iyHmf3prlUToiD1HhIky0iBvW3Si85n2mZ_5fR-biYg2Mu9mMCltKaAt6C0xUOX1BIfqGDn=w1200-h800-k-no
DESA DEAGA,"C7JP+2XC, Deaga, Kec. Pinolosian Tengah, Kabupaten Bolaang Mongondow Selatan, Sulawesi Utara, Indonesia",Kabupaten Bolaang Mongondow Selatan,Sulawesi Utara,https://lh3.googleusercontent.com/gps-cs-s/APNQkAEkuV5cifvOzrbGNVTHv1PVyAOpg0052twz2h-7sWjtzv6OEBS2wHLT5nhttRyh8hEHs_32ZMjzAQcEyPOg_vG7-ZC-QMe7rK7o12oPMxJRrDexOMeRSaZbuPMTwYYHW-tBJPo5zA=w1200-h800-k-no
Pulau Kawaluso,"68MC+P2V, Kawaluso, Kendahe, Kabupaten Kepulauan Sangihe, Sulawesi Utara, Indonesia",Kabupaten Kepulauan Sangihe,Sulawesi Utara,https://lh3.googleusercontent.com/gps-cs-s/APNQkAGSV4PLhVyx6AAUW2tBO1pUBPL27XgzTWa3A7eYc5M8wq9j1KIAut3PoMZrdSuxofRLRFruIu8rnxsIphcpyhEkbS2vTDFYqInH4BJ-mGcFSqS991RVHhL8nF_RcNTGRtFbp6Cr=w1200-h800-k-no
Bukit Countri,"5V87+RWH, Jalan, Salodik, Pagimana, Kabupaten Banggai, Sulawesi Tengah 94752, Indonesia",Kabupaten Banggai,Sulawesi Tengah,https://lh3.googleusercontent.com/gps-cs-s/APNQkAHInG0LE7FYMXCuK-aTPRPCxmlUGvgnnmk0pcebjK6LuphkacAiglAqmGUQ1b2u96Y-mie-LMsqBC6ovbpIDLLnD-rlpseh_9aRdPspjVDHMnZD1tT9lVq-PAm9EB7wndJlQKI=w1200-h800-k-no
Kepala Naga,"GJV4+XJQ, Wale, Kec. Wolio, Kota Bau-Bau, Sulawesi Tenggara 93717, Indonesia",Kota Baubau,Sulawesi Tenggara,https://lh3.googleusercontent.com/gps-cs-s/APNQkAFVJhHx8gxlbCRb5OA026CP1acKiws2TPTUWZAGpUueRDRZ9DPAz-g989Qo2mgidmfnWRR2g1EpsXTK0qXlTaNLEIaSt3hVwPKz3Kq6mvuqHHXx5A4iCqfkBE9o4p2XjknafBJVOdU4eZYK=w1200-h800-k-no
Puncak ghonsume,"4PQ7+5QM, Jl ir Soekarno, Ghonsume",Kabupaten Muna,Sulawesi Tenggara,https://lh3.googleusercontent.com/gps-cs-s/APNQkAHae-NV-TJleOjL9izhp5I19PSNRnwoswLN632YwW0BvBc_wx-ZpCMkQ2nPHcZAZgRBl_RKjpHTxBBVsmRwxe8mFLkKqiY6txNk-Hov0nyePNIzRAxkLwzCPJsslDwWdYohCb899q9Ynys5=w1200-h800-k-no
Dermaga Cinoki Nunu,"879J+RR3, Jl. Poros Majene - Mamuju, Kec. Sarudu, Kab. Pasangkayu, Sulawesi Barat 91573, Indonesia",Kabupaten Pasangkayu,Sulawesi Barat,https://lh3.googleusercontent.com/gps-cs-s/APNQkAEcg0tfAQS04mToq7JTP4ZhyRPoCSs1b0EJM1jLniByxThVN2WLuJc3Ogcgk3udF0o5MTaUBHCi25lSCcKLCPRrJtxdLmXnJ9a4YxUHE0sppgHsAS7g3AEp0l9CexRoYlFrpHVaQ5yeUwbz=w1200-h800-k-no
Bukit Attirong,"Unnamed Road, Sogi, Kec. Maniang Pajo, Kabupaten Wajo, Sulawesi Selatan 91691, Indonesia",Kabupaten Wajo,Sulawesi Selatan,https://lh3.googleusercontent.com/gps-cs-s/APNQkAED1EqqkcVaV9LL2AnDFeHl5Q3FpPBsxiCKv_By8970lv8S5nOyV7YIS8ogUrN8iERbj3L8-Yw98yr6xqjE1XEEpbiTmHzU-u_ym_SHTjHwk-8U-yoNPhYbrztakAlHR1ipD5aE=w1200-h800-k-no
Kolam Alam Limbong,"2VMJ+R9Q, kolamalamlimbong, Kec. Rantepao, Kabupaten Toraja Utara, Sulawesi Selatan 91833, Indonesia",Kabupaten Toraja Utara,Sulawesi Selatan,https://lh3.googleusercontent.com/gps-cs-s/APNQkAENQiOorngzo81qzZEZYdc2xicjtQ5QY3NYNEqVEzZAtb5ONLZ2A9sh4ZHrr21E5KRyk-FFO2JG_4TLrght3HT3gHpcaop7GY0AhO8djfF0SKGkThD8rg7kEBFCnf55J6dQoFE=w1200-h800-k-no
Puncak 'Patulian' Tonsewer,"Unnamed Road, Pinabetengan Utara, Kec. Tompaso, Kabupaten Minahasa, Sulawesi Utara, Indonesia",Kabupaten Minahasa,Sulawesi Utara,https://lh3.googleusercontent.com/gps-cs-s/APNQkAGFQW_Gm4Ac_FYD5_4urBsEE8o3U7OQdftWjU_LYdNOX2AYDNPMl2EDqYzgoIW7QmBEtBFrfEz1Xf85FfW2QqWBrwDRmhZSjfJOMj4XhS6-sEqWzDueKmbFvPvepzgH4d1zmUBXx-QQJrA3=w1200-h800-k-no
Wisata Alam Minahasa Sulut - Hollywood Hills Lengkoan,"PUNCAK LENGKOAN, LEILEM, Leilem, Kabupaten Minahasa, Sulawesi Utara, Indonesia",Kabupaten Minahasa,Sulawesi Utara,https://lh3.googleusercontent.com/gps-cs-s/APNQkAF5kRRL7RgNjohHtUFbBRoDVY6VBVxikyAOZvMPNeUF8FzV6EqDKta7Y4gdPxZDVSZjfwev_W1Qu3CD62DyCT6KIVSXNAPe4hz2MOxURRz5m0zUMksSNS98kxyvs5OOZVfnqohZ9g=w1200-h800-k-no
Air Terjun Pong Toding,"P273+4QR, Uluwai, Kec. Mengkendek, Kabupaten Tana Toraja, Sulawesi Selatan 91871, Indonesia",Kabupaten Tana Toraja,Sulawesi Selatan,https://lh3.googleusercontent.com/gps-cs-s/APNQkAGXehn32FrsLltr4FvwpJ9mtummZPAlFY7c-3H_uE-vRUtu116G1rL77LwOwZVhRoaJeUkpm788f6b8pf17Q8XGM-b3QELYqISxmLVg758euG6Xim3_GIJGj3v61IO7iaiD20Q=w1200-h800-k-no
Pantai Terapi Butugolu,"Unnamed Road, 3H4W+375, Botugolu, Kec. Bunobogu, Kabupaten Buol, Sulawesi Tengah 94566, Indonesia",Kabupaten Buol,Sulawesi Tengah,https://lh3.googleusercontent.com/gps-cs-s/APNQkAGH-CXabgt5u1dcorMTHEiSrPUeLiBNdWLobSKBW0iTn6PCBbF4-CY5an7FbfqrJwRIEtjmZK7jfpL19N1gCUNYSoEs0b_SEmxddaCmO92yYgmhGrUApHLHbOQyUBZFbz_QWNHcSw=w1200-h800-k-no
SANTORINI (Kawasan Talumolo Rindang & Indah),"G3G7+9WP, Talumolo",Kabupaten Gorontalo Utara,Gorontalo,https://lh3.googleusercontent.com/gps-cs-s/APNQkAF0MPfHhuKzgEU7N6nBQVr5fB5ihhPJn7p0pJ5MZiZ9K82JBm_hwFWNNgQnOWm7KLwC3YtTsKjReCfJdm5RKSMoLYqAVHRD3b_lg2hI_aSfEeg-X-XDFZFi-meQvK8H3fS6jQ4S=w1200-h800-k-no
Jembatan Kaca Bira,"9FHC+H8C, Bira, Kabupaten Bulukumba, Sulawesi Selatan, Indonesia",Kabupaten Bulukumba,Sulawesi Selatan,https://lh3.googleusercontent.com/gps-cs-s/APNQkAFGk_xE9Wja9QAPl3cc34t5g2m-rky61-mQ3pW8OoWbNNFvEO-0JxBrIQpZ0z5eszv_p8BiU-VFIFOvDUVkNe_kaYuvO6Q_XMTimI7Lta6ylNMEp5w2dC-9fR9NKrPk99oNvh-HfQ=w1200-h800-k-no
Wisata Susur Sungai & Mancing Desa Talawaan Bajo,"Minaesa, Wori, Kabupaten Minahasa Utara, Sulawesi Utara, Indonesia",Kabupaten Minahasa Utara,Sulawesi Utara,https://lh3.googleusercontent.com/gps-cs-s/APNQkAHFJQ6oE002dLVVRogUUqeR-_1SjQAQb33qaJtvf85L7a9GGcoC4VBVpgtlmyRGH_4S7JiriXguFfqpyWKSMnPRgCvQ08xmnxyrm6mCeoDPKbGoWnZNk3rL5gL9ietjywHM-Q=w1200-h800-k-no
PANTAI INDAH MELONGUANE,"Kec. Melonguane, Kabupaten Kepulauan Talaud, Sulawesi Utara, Indonesia",Kabupaten Kepulauan Talaud,Sulawesi Utara,https://lh3.googleusercontent.com/gps-cs-s/APNQkAG1K_h-k9zuYjenHNCz79r4tUtlgUyHBhoqPy-rSKcJbKExjt76WLwWbh1ztXLgaFVCS2DNfTwyooXc1iX23VmswB5dmKsknoHojX411uv-xe-YHTua_pfG5vrXCVrCeeVk6QHF=w1200-h800-k-no
Tanjung Avanza,"9347+5VC, Jl. Trans Sulawesi, Marantale, Kec. Siniu, Kabupaten Parigi Moutong, Sulawesi Tengah 94474, Indonesia",Kabupaten Parigi Moutong,Sulawesi Tengah,https://lh3.googleusercontent.com/gps-cs-s/APNQkAHTHRAX81nhNj1VZuP29muv6wjI1iLMtvUDOZKQd-FT992WTKJSpISikp1q7P4-MlgVYRjWSanzu9pgYdBjpFqr_7xvjKO1EiQGHPh4X-V8CCFusP3JwW4LO2GitL2bYclRCAwF=w1200-h800-k-no
Hutan Mangrove,"FXF6+W4X, Matansala, Kec. Bungku Tengah, Kabupaten Morowali, Sulawesi Tengah 94973, Indonesia",Kabupaten Morowali,Sulawesi Tengah,https://lh3.googleusercontent.com/gps-cs-s/APNQkAGxjzonBoqqSoIcxj5nDJnBmcn2v4QZNf5lqtNfVZQfcznxzcxEF3KqzRevva7ZExGu2LTW-zxrn90F7zZwFKGFPcH3cXE6_zB6SoX41js5fR5_fZa3ln_g9PP626tviJ4w-Z4y=w1200-h800-k-no
Water bom (Tom bung putra tunggal),"92M3+W4, Anugerah, Kec. Lantari Jaya, Kabupaten Bombana, Sulawesi Tenggara 93774, Indonesia",Kabupaten Bombana,Sulawesi Tenggara,https://lh3.googleusercontent.com/gps-cs-s/APNQkAFKXZGpLBmaHAA7HjEfSk3cxorxa1OtKlONA69cAQEO63EI2xlHvw5o5LuCPzWj7k-x5IciAhnPtwM3EMUqW8J2dpk4jr1FmRPnYrK_qhx-iHJG5THYTz0ZbmoKSmhsOfVbFgv6=w1200-h800-k-no
Kebun Raya Bulo-KRB Bukit Merdeka,"Q4HX+8MQ, Bulo, Kec. Bulo, Kabupaten Polewali Mandar, Sulawesi Barat 91353, Indonesia",Kabupaten Polewali Mandar,Sulawesi Barat,https://lh3.googleusercontent.com/gps-cs-s/APNQkAE0RY1ThCmF6gWcfgaP0kUZSXG0t3OJeYs4xZqzh9sFivkRQH3mA4DZF6p3Kfc9uD1CX-DMxRA354GBGH3ksZNPZZaH1AFHmrzJ4LZRwILqdQxC2JMDRBQiCHNdrjPA7aJ2704=w1200-h800-k-no
Air Terjun Botuwombato,"QVFH+6M, Molingkapoto, Kec. Kwandang, Kabupaten Gorontalo Utara, Gorontalo 96252, Indonesia",Kabupaten Gorontalo Utara,Gorontalo,https://lh3.googleusercontent.com/gps-cs-s/APNQkAFzlZVG3HwXAA5FHBuG6bjINSKxw1_Gx0iqg4m_8dJYysktEc2V9Ls5CbWbHfB7xyOz271Olsp6kfwIdnHOoSG_VQtA8GosQlmekmP3PZgn2pfZEX4-JxQThoDkOdT9FjcDgSHRUw=w1200-h800-k-no
Pura Agung Mandala Giri,"PFG5+88Q, Tri Rukun, Kec. Wonosari, Kabupaten Boalemo, Gorontalo 96262, Indonesia",Kabupaten Boalemo,Gorontalo,https://lh3.googleusercontent.com/gps-cs-s/APNQkAHGQh2nA9tBl2I-gd-3Z98v2mvpyuENLmFQV7xFWBYTz3DxC2P1PHi6EST_psxRBQQX7gP_Imtf1vka4lo54_lS5nON0rS7L92nmb7BikX9p9rQRtPyLN6Wds7AdTEItzkNeyNhXg=w1200-h800-k-no
bukit patene,"WGR2+WJ5, Pabentengang, Kec. Marusu, Kabupaten Maros, Sulawesi Selatan 90552, Indonesia",Kabupaten Maros,Sulawesi Selatan,https://lh3.googleusercontent.com/gps-cs-s/APNQkAFouxpvbRCk8mrSa91ymIqXNjCHrAocZP1RkYSnPhlBoYnxCpXUXv1Sf5e586zURRL7asv0dcwz3XiLbpQa-QzCH4s5a3fuu6n3DTbymRPSA77GCRKgPihGqdl1imMV5p9Bory_=w1200-h800-k-no
Erbol,"G2PC+VQQ, Campaga, Kec. Tompobulu, Kabupaten Bantaeng, Sulawesi Selatan 92461, Indonesia",Kabupaten Bantaeng,Sulawesi Selatan,https://lh3.googleusercontent.com/gps-cs-s/APNQkAH86fMDsymV37DP6o1NBIasXxdHoW44MaPSAu8DblUQvUkAitOMbsvWrN9C4IJi6PU3eOQMkQsPwzoQHQe8a376y5twccB_tE3jRkczKuMnrcn_V_J6eFMvqqrqYS6oNttx5UaJwg=w1200-h800-k-no
Air Panas Kadidia,"R46C+685, Kadidia, Kec. Nokilalaki, Kabupaten Sigi, Sulawesi Tengah 94364, Indonesia",Kabupaten Sigi,Sulawesi Tengah,https://lh3.googleusercontent.com/gps-cs-s/APNQkAF0qv0sga4HhSYnfCwq-P0gaYNhAnZvnsljGc21MdYwjRMrvZjzKVBpv5i_59UQSESn7_SlMjNvGrjX0Xh5oBM2Yx0cZ6-E07btAYZhesF3u56eSJiSQHFM85hPV--QsSsmXh87xQ=w1200-h800-k-no
Pantai Namu,"JVJW+297, Namu, Laonti, Kabupaten Konawe Selatan, Sulawesi Tenggara 93892, Indonesia",Kabupaten Konawe Selatan,Sulawesi Tenggara,https://lh3.googleusercontent.com/gps-cs-s/APNQkAHY1F3bv6oW61cVvjjIlWpFcjisvN_7RiPDZ5hKwenMF35YkH5LeHRfdoXKkrA5qLRFCwCFg14J7o0T1BalZLaWJHzUQysdgEenZEIxd9MNJf2CPXQz2gZ-Jr_zbfqLsWj8y5BN=w1200-h800-k-no
Pantai Pelangi,"8XRW+RCQ, Pohu, Kecamatan Rante Angin, Kabupaten Kolaka Utara, Sulawesi Tenggara 93956, Indonesia",Kabupaten Kolaka Utara,Sulawesi Tenggara,https://lh3.googleusercontent.com/gps-cs-s/APNQkAH82XhhUHUYGQB40Rw3_1LUSthgXf1B-e9Iuk80Ia-tx3yPc0lwVY5Ijx_GnYaloPs8l8umnN9kuAvSgmRS9PcWQ-pJu5WASAxhmRqXsZ8AK1o76Gc_QNfzNrmSeFYXRiyAG1pV3Q=w1200-h800-k-no
Goa Batuburi,Lengora,Kabupaten Bombana,Sulawesi Tenggara,https://lh3.googleusercontent.com/gps-cs-s/APNQkAEy-oYphFAoGD1KwJYBRnT2_gGtpA06nizvAU7oL49g0U0T4mUm7qM_3vgwRqdxVImezzS0JoX9qHos_noQRQQ9I6BZMzYzs1m8bIbm7Em3A30KS4iqpCF6g5Hb55EiYWOEF8A=w1200-h800-k-no
Pantai Tanjung,"RJ3G+RMH, Pulau, Kec. Tiworo Kepulauan, Kabupaten Muna, Sulawesi Tenggara 93761, Indonesia",Kabupaten Muna,Sulawesi Tenggara,https://lh3.googleusercontent.com/gps-cs-s/APNQkAFukqmd4YyWncQOwpkhUYPTrIh_zOCcFiV7l5vZSSUNNrhTmZxK3Eo-LQexY17-3OekLBJn-0LBF6LMliwCkO94ezkfHzUoh1cQt-0_5Bn0a7KNFTnIkjaB5pxDUYs6WCvrbQ4m=w1200-h800-k-no
Bukit Langira,"GQ2C+X3Q, Wakaokili, Kec. Sampolawa, Kabupaten Buton, Sulawesi Tenggara 93753, Indonesia",Kabupaten Buton,Sulawesi Tenggara,https://lh3.googleusercontent.com/gps-cs-s/APNQkAFakAByJ5X2TzpYSKC03nXqO-yk1y7E6_RR0jZDurjVb6Xi4eh58CgQjC7NwGpd8H1Bc5zmez12e3yVYSYvrZ0eGqcpqvq4E_r6K55jREgMYoB_fF4ukQk5eTAK3hUFidi-LX-BlMe2LAwg=w1200-h800-k-no
Rest area pantai sarudu,"874P+WRV, Jl. Poros Majene - Mamuju, Sarudu, Kec. Sarudu, Kab. Pasangkayu, Sulawesi Barat 91573, Indonesia",Kabupaten Pasangkayu,Sulawesi Barat,https://lh3.googleusercontent.com/gps-cs-s/APNQkAEg5vHz8wzrXLpD6FKWY1DyDwh3jDouuvx9TRg6iBhmPXkuoECDweiCxW2xzcg9lTA1qUrKkwaQtu9iXcIdbbG3IkDyw8eHoA8blH5MrDfwmT_U5rZTneUp6MdIrSosISs_sde2=w1200-h800-k-no
Pantai desnel,"WFP9+PMM, Jl. Salodong, Untia, Kota Makassar",Kota Makassar,Sulawesi Selatan,https://lh3.googleusercontent.com/gps-cs-s/APNQkAHFDexLE66HVu3rIPsS70RwxvghB2e_7Zj8obpPxeJ2jbHN_R52GqofM4NqEEIdd-1N0tprvxQMAENBj0FxMpRzqe3lnSw90eJtDqTyAJ1WH2Fp6NTfw0_fYlXeL22tb66yWtHad24N0clm=w1200-h800-k-no
Air Terjun Tolondo Tallu,"WPM3+Q8C, Burasia, Kec. Bittuang, Kabupaten Tana Toraja, Sulawesi Selatan 91856, Indonesia",Kabupaten Tana Toraja,Sulawesi Selatan,https://lh3.googleusercontent.com/gps-cs-s/APNQkAHTTHO2hWNKml9MBSU2TJn9zMHgnVF3whmQ48pDAFOPMfRdxS9EASZP9k2AAAvHtRNjU9QxSmDuGVgAr3o-54tRrnfPr9mhdlebRGBkQynLrf98XtAnI34nQdkBZwBZLK8QRH3hTdxd62tT=w1200-h800-k-no
Air Terjun Pong Rayun,"4WW6+3H Saludambu, Likulambe, Kec. Sa'dan, Kabupaten Toraja Utara, Sulawesi Selatan 91853, Indonesia",Kabupaten Toraja Utara,Sulawesi Selatan,https://lh3.googleusercontent.com/gps-cs-s/APNQkAG0-aNLI8HHYUHI6Nl_f_64b7e0XD-FLu6y6WVZTp2dDD5UwMzaCJw6ZkMVEqmoTOS_Rb4HOuDb4V71Up-E4m4JzFvx0wW3Q12UYygriIuKWogYvfVWeqaVnUo_T5X5T5IPF6FK=w1200-h800-k-no
Bongkone Kenari,"Bongkone Kenari, Tongkeina, Kec. Bunaken, Kota Manado, Sulawesi Utara, Indonesia",Kota Manado,Sulawesi Utara,https://lh3.googleusercontent.com/gps-cs-s/APNQkAGySY0d08-PHapdGoNtN--GNyRnsmiHYs59IfRYX5QxVcYEepZpeJcX4FGhihTGEVaGhwsHcQ7L8c5XCjf0iWwip64TlXJ8Bqb9xNwJf7jF6ajRpmKhPL7BfRjf8M_sN4_5rIn3=w1200-h800-k-no
Teluk Soropia,"4H2P+CXJ, Jalan Poros Kendari, Soropia, Kabupaten Konawe, Sulawesi Tenggara 93464, Indonesia",Kabupaten Konawe,Sulawesi Tenggara,https://lh3.googleusercontent.com/gps-cs-s/APNQkAGue4H_125kxsP4DjodHGEvg0gTm4B4gr_EYDhTQm7gBnsYgiNeWzlWPwP7RS2XBX77pC5eSmwF-qD7BCS4Nv0rMVg7KnYH0ZMN9ziv_6P6N4hxf8PNSryc0WHPAEuhMW7QZoOl=w1200-h800-k-no
Bukit Kayangan,"HVV7+WWP, Huntulohulawa, Kec. Bongomeme, Kabupaten Gorontalo, Gorontalo 96271, Indonesia",Kabupaten Gorontalo,Gorontalo,https://lh3.googleusercontent.com/gps-cs-s/APNQkAEyYWwEUW4Mspb8cNhGr73r1kSvFf0LkdzNDL0bBp9Ga5YgzUAs8qFkws58kNyznRbIqO3kEKG3Z6lnH7YZpsrJn_GH74VwyFR_9loj8oMuH0FO9w9OwK-khsifs1XkEV0mcRg=w1200-h800-k-no
Wisata Tanjung Pallette,"G95X+M49, Unnamed Road, Pallette, Kec. Tanete Riattang Tim., Kabupaten Bone, Sulawesi Selatan, Indonesia",Kabupaten Bone,Sulawesi Selatan,https://lh3.googleusercontent.com/gps-cs-s/APNQkAHkLWWNDOoKEh8nfttccXuDyOapP6qCon5SivJbN3vuWg7f8tOFjMmjzuzSyITPDqPwJW0CoH1KJDWf69L86OAX-5S8d1qU5sA_LwftP-lR-pH6McyntC1O_i4U8Q80sEbiS592=w1200-h800-k-no
Gunung Baba Kanaan,"VV9C+FGP, Palipu, Kec. Mengkendek, Kabupaten Tana Toraja, Sulawesi Selatan 91814, Indonesia",Kabupaten Tana Toraja,Sulawesi Selatan,https://lh3.googleusercontent.com/gps-cs-s/APNQkAGar1uwvHZ7WtqvxtbnKyBBeN8aKdE73kCBlLXtLOIu1XDmMbQwpsmVl873bV6Ibxuh3CL4qNTDwcf8gX-hTDbzhuiMUP82O9UI4T1kuLFLUV_E_zSCwkpxlUumdlCn58qgY4E=w1200-h800-k-no
Taman wisata stroberi,"GWM4+482, Dusun Dadeko Desa, Eran Batu, Kec. Buntu Batu, Kabupaten Enrekang, Sulawesi Selatan 91753, Indonesia",Kabupaten Enrekang,Sulawesi Selatan,https://lh3.googleusercontent.com/gps-cs-s/APNQkAFGCZ9BnkSfhJKXwd25PyygpRY5CrvP-TCYcyquW9wKyY1E34m2kUtMnDhmRmhIeEEEo_hB2G_Cdy4kAwc_AaUxRu-vdvd9OzTEWPfnU26sQOUFlRy6vAgFKMfzuK7A2zdTOZMo0w=w1200-h800-k-no
Air Terjun Bembe,"QXF7+79J, La Gunturu, Kec. Lasalimu, Kabupaten Buton, Sulawesi Tenggara 93756, Indonesia",Kabupaten Buton,Sulawesi Tenggara,https://lh3.googleusercontent.com/gps-cs-s/APNQkAH1ObpZJW0YGvkxcnwBkA8HQHLFIGsf7oo3Q5vV6yEFMj-dQGf-bbAvXn69ZQPGilg41qyYn_OezyMf4QZOD2bXaRtXo37Mrc01J0hGpMWXxcZImIcNOH6ZlTPytb5622VJID2uxA=w1200-h800-k-no
Air Terjun Sarambu Masiang,"G66R+8C4, Kaladi Darussalam, Kec. Suli Bar., Kabupaten Luwu, Sulawesi Selatan 91996, Indonesia",Kabupaten Luwu,Sulawesi Selatan,https://lh3.googleusercontent.com/gps-cs-s/APNQkAEM8rDsLkYTjvFM2d3r6e7xJOZrBJIFCIqtwam9tr8iLaN608fc1hX2pZU5Mg7N6xDmAKfWIzxc3p8f5jmpGOra1FYyE5_dGkA3W0lSn-gQXFpF4M-gklVMLPiijLvnjSRkjK7S4Vnl0HYp=w1200-h800-k-no
Wisata kaongkea,"Kaongkea, Kec. Ps. Wajo, Kabupaten Buton, Sulawesi Tenggara, Indonesia",Kabupaten Buton,Sulawesi Tenggara,https://lh3.googleusercontent.com/gps-cs-s/APNQkAG0_IzdsPwO3u0-pJThci3Ha-VAnTPVO8x9YXwmDtUyFp91fSOvCFvLBMy3FjGwVwwBv7FnicXO1Y2EGm7w6Sgb8S9bHOOyPEngaclck3EqNro4FdGMLG_PGnRYDJu8FijVEVEU=w1200-h800-k-no
Gapura Wisata Pantai Minanga,"Jl. Trans Sulawesi No.70, Utara, Kota Jin, Kec. Atinggola, Kabupaten Gorontalo Utara, Gorontalo 96253, Indonesia",Kabupaten Gorontalo Utara,Gorontalo,https://lh3.googleusercontent.com/gps-cs-s/APNQkAGbBcMk13QFP1gxJENEMeEFVg8vzHTCeHWtx3QGt-0O45QIBquQiabEyXaI1lX4J7LEhCByZ06p8LmY1jpqifl1gWSn3PYFKhfbg_6gM3zDe5gI6bTIzwP4lO0MtaF9ZZNL4KN6=w1200-h800-k-no
"Pantai Kacinaan, Kab. Buton.","93754, Wasaga, Pasar Wajo, Buton Regency, South East Sulawesi 93754, Indonesia",Kabupaten Buton,Sulawesi Tenggara,https://lh3.googleusercontent.com/gps-cs-s/APNQkAF8Ezl8581Pcst4cQNtddwUdDG7k1dTp8Xa6TykYdDInob-3SxyXg3Lq80HuUALPRI_XWIsW2hk5prfVIIXIUygE3V3wQbg3_tpOUfVEIN1v650Fj8THKFDJ1jzYTyk0t686Iis=w1200-h800-k-no
Menara Kendari,"2GF8+PV8, Korumba, Kec. Mandonga, Kota Kendari, Sulawesi Tenggara 93111, Indonesia",Kota Kendari,Sulawesi Tenggara,https://lh3.googleusercontent.com/gps-cs-s/APNQkAH-qNfUo7-xdRr9i409UdkfNAH-bLcNiwCNdgihSzF_FHx8LLs7Ap6sS7lI5v3vP5NktNYuS0vK9Nr_VgwsHGPUMMkqQnkGYd8wN2PlOultgnBj78CY9LJylSm7XlXtTRkrUZjDyA=w1200-h800-k-no
Obyek Wisata Sumur Lawello,"G9GM+CCM, Pallette, Kabupaten Bone",Kabupaten Bone,Sulawesi Selatan,https://lh3.googleusercontent.com/gps-cs-s/APNQkAHxQp1WgUh17zu9ZaorGijatcY9J84EudOO9dqFz_UIuGEkD69PJtRMauZNXVx2zVlD7wawr_CumrexjNiQFR6wsNPYFNW2RIOitVQxG1FlyZe3y3C_WMA_3VXSPOKBLs9o5ppR=w1200-h800-k-no
Air terjun matapila,"76MH+J2, Abola, Kec. Lasolo, Kabupaten Konawe Utara, Sulawesi Tenggara, Indonesia",Kabupaten Konawe Utara,Sulawesi Tenggara,https://lh3.googleusercontent.com/gps-cs-s/APNQkAGFyv96fYZViySqgqbq6OWjCz6SQiIUrBQ5hIA7YVXbdavE7rlDdP4XI3MIjlQvo8-9L69M7rzrpvl1SOlDEqsDZMZkKMwNtz_3vq4d3UXnHa3bdLx5K4cSecl08DVslIuuPv4S=w1200-h800-k-no
Leang Kassi,"5H7V+62C, Jl. Leangkassi, Biraeng, Kec. Minasatene, Kabupaten Pangkajene Dan Kepulauan, Sulawesi Selatan 90614, Indonesia",Kabupaten Pangkajene Dan Kepulauan,Sulawesi Selatan,https://lh3.googleusercontent.com/gps-cs-s/APNQkAEIr9pqk_skuMxwsIzIUJGysoBizE8uZlkXB6BHYbE3jXDbEiuj74VGQ51ytOEAFhjEHZ7DPuIy6iQNjf2hJ-qVL_ifEu-Vlk5W2fQcWtu9G2H1epEnaCV90_Zl_9a2IMjmQyrM=w1200-h800-k-no
TUGU NOL KILOMETER BONE,"F86G+JXW, Jalan Jendral Ahmad Yani, Manurunge",Kabupaten Bone,Sulawesi Selatan,https://lh3.googleusercontent.com/gps-cs-s/APNQkAEl2OaZ0MfFT3HTmWk8ekl3r2zESX95gRLidVdOfilVUHMrQVG2XbvO8B2bgPx-6hCgm1YlAKP6S3OPceEiyVSNYmGWGSQbwGFxYzlAiel-8xnQmRzLucfu0lsIMb5yAkc1heBGmQ=w1200-h800-k-no
Danau Lurayya Kahayya,"Kindang, Kec. Kindang, Kabupaten Bulukumba, Sulawesi Selatan, Indonesia",Kabupaten Bulukumba,Sulawesi Selatan,https://lh3.googleusercontent.com/gps-cs-s/APNQkAGNlioeBoXq8zyiP6RbLU9IAdNPVTtV8_az24Jqki6At2IbGC3TttF_1f822Z4hT6L3aZEzQqVAFnCyeHJ8RT4Pjmlj8inEUZ7tG4LjjdIbrEDFx1tenMgCD_c13Oh3rRgLRWI9Tw=w1200-h800-k-no
Buntu Kandora,"Buntu Kandora, Tengan, Kec. Mengkendek, Kabupaten Tana Toraja, Sulawesi Selatan, Indonesia",Kabupaten Tana Toraja,Sulawesi Selatan,https://lh3.googleusercontent.com/gps-cs-s/APNQkAFD1Yv-WIjvDuDejtjpibfkHTldqLld1Q-qlwimZrJpKwlVJgs-lRMInS2BXslqCLSsBkqgHADatNo2-lEsAczHFNAjBsvNAZF3I0JUZPWlJwGRBxwhtTuIFltm9Kr63RftTOfax-dvyq_7=w1200-h800-k-no
Wisata Lirang,"G7RV+H79, Lirang, Kec. Lembeh Utara, Kota Bitung, Sulawesi Utara, Indonesia",Kota Bitung,Sulawesi Utara,https://lh3.googleusercontent.com/gps-cs-s/APNQkAFmxMUrfYK_t2BTf7U5S0llIhA9qKVp_6nvuyMuy788Jn2MMD-pePhDXaR4er8LRHEyuqHb4GR8IRlvuu_3fgfgLDyo2Z1X9pt6SxmK7RBuwS3T8fyfDZzW_a-wTTahJGOgwNMuLg=w1200-h800-k-no
Monumen MUTIARA,"J837+JV4 Desa Gumanano, Gumamano, Kec. Mawasangka, Kabupaten Buton, Sulawesi Tenggara, Indonesia",Kabupaten Buton,Sulawesi Tenggara,https://lh3.googleusercontent.com/gps-cs-s/APNQkAHbwyzQsK-F8FAaJE41txM3BNghXZKak7Rjm-IXqUfoFQTw-MgwJZwIX-lNDjl-5Hd5ldDxF_YcTlfYbFKgZrfXt1phHpnkXZmRMFHScy8jqFjjKQZjHOB0_Z30-nyjRjSOpxl8_A=w1200-h800-k-no
Buntu Sinaji,"Buntu Sinaji, Uluway Bar., Kec. Mengkendek, Kabupaten Tana Toraja, Sulawesi Selatan, Indonesia",Kabupaten Tana Toraja,Sulawesi Selatan,https://lh3.googleusercontent.com/gps-cs-s/APNQkAEL8B_h2U_ZsQwRdC4VogvSDeti0iGlVkP1v2MBrVrAFkeL3fS7q4rHl1KJ4JFLXCYh6sG99DwVuGO9HZJf4k6psp_ObXYzjFZD0HdPGq0CuDBPrpSX6Yfv6h34_CPrMTs7RjI=w1200-h800-k-no
Pantai Tanjung Buaya,"W85M+RXC, Iyok, Kec. Bolang Itang Bar., Kabupaten Bolaang Mongondow Utara, Sulawesi Utara, Indonesia",Kabupaten Bolaang Mongondow Utara,Sulawesi Utara,https://lh3.googleusercontent.com/gps-cs-s/APNQkAE5ReB_fJ_UtvDu1J0kMvhd4PAaIvLBwp31NuXvy33SrLuTIOcoSzLFyaSd2y_xu_DIk-J-1Jtq5uZxN-1WjHeaaFTCECPumlTWBv7RLdJ-oqUbRBZmDabJNsbFdt61sUhqZDtR1w=w1200-h800-k-no
Kampung Wisata Alam Bolopaniki,"Unnamed Road, 5VMF+9R6, Toipan, Pagimana, Kabupaten Banggai, Sulawesi Tengah 94752, Indonesia",Kabupaten Banggai,Sulawesi Tengah,https://lh3.googleusercontent.com/gps-cs-s/APNQkAEJW1Yp8ecOlwM3phXJTyX18WnDng-rF7WzNURUxM5ErzPBRkUgCIb9N8-v9-pYbq2iELtkMYJ5CiRw2TkpHKDFuxApU5WMQKYckXW0Ncf0MRjL4kUmBf5coy6sishOfEVPKQ9u=w1200-h800-k-no
Pantai Labengki Kecil,"GF7P+WRP, Labengi, Kec. Lasolo, Kabupaten Konawe Utara, Sulawesi Tenggara 93352, Indonesia",Kabupaten Konawe Utara,Sulawesi Tenggara,https://lh3.googleusercontent.com/gps-cs-s/APNQkAEhHBS_COpxaH1Mw5T8QPpx86AYagx6svUawVLEPP2erhae0O4-jtIQMa2hGvXQwvpfbIVI7zPHiyS1ck2yEFqVBUyKnkQWGL8UCpcIKNCj2QfFYsMOorU9tOzyEsoFM1nyYy9g=w1200-h800-k-no
Pasir panjang bakealu,"Unnamed Road, 3RQ8+WQG, Bakealu, Kec. Wakorumba Sel., Kabupaten Muna, Sulawesi Tenggara, Indonesia",Kabupaten Muna,Sulawesi Tenggara,https://lh3.googleusercontent.com/gps-cs-s/APNQkAEVWEuyyhRFYGOCeiFPrRaCeEAxLKUGXfb-Rbk41l_p80k8n_omJDNmNSScTQ4p4lnTcZFUlZmrF55VP1J-xroleqCRo_LLULdKzebXpRvTNNTPL8-OIaSLQ-MW_6y9SRelsvFs=w1200-h800-k-no
Air Terjun Ayuhulalo,"H862+QWW, Ayuhulalo, Kec. Tilamuta, Kabupaten Boalemo, Gorontalo 96263, Indonesia",Kabupaten Boalemo,Gorontalo,https://lh3.googleusercontent.com/gps-cs-s/APNQkAEFkTrBKEB1Dne_w2exxn4SNkRsT9Xj-wOAooHLFRxzgJi6nbL8WIr5aGaiXXBbBntMh1EeN3ZQodfcLPFLMniWneOMhIm4z25TCXmYnSdz5gWyVk2C3GmR7yGtHctg3DQt4iH1=w1200-h800-k-no
Teluk Tomori,"3926+M96, Gililana, Kec. Petasia, Kabupaten Morowali, Sulawesi Tengah, Indonesia",Kabupaten Morowali Utara,Sulawesi Tengah,https://lh3.googleusercontent.com/gps-cs-s/APNQkAFzQBDhFX_GSds-rgkGyIsemHMBrMC89BxAdubI6zaoWQwysModAev1JhfxoeaG0dx-KPJoK6VEBfjB3JLQxzAanMXHtOgIVw2QesvHbOzqUAiA3e6A35S_-3WDX9cN5qBmaOtKKQ=w1200-h800-k-no
Galesong Beach,"Q95J+63P Wisata Pantai Galesong, Tamalate, Kabupaten Takalar",Kabupaten Takalar,Sulawesi Selatan,https://lh3.googleusercontent.com/gps-cs-s/APNQkAG6CooUTNR-r4nSskplztBu4Y0lttNYZT0PaSv-rx4AhPxZlsj0bfKA9vYfGdYLTWFVLTN_j4pgLaf15XYQEiCP60hErh9TEGkpYaxmpzjopd4W6G-vXr23Ex1IEVU5u1Sxno8GJg=w1200-h800-k-no
Wisata Pinus Rombeng 1,"Unnamed Road, HW9G+GXX, Bonto Lojong, Kec. Uluere, Kabupaten Bantaeng, Sulawesi Selatan 92451, Indonesia",Kabupaten Bantaeng,Sulawesi Selatan,https://lh3.googleusercontent.com/gps-cs-s/APNQkAHZRw-f2jEsARNKnxMcCK5PSiWE5GaoGbew9mE3b85ZtH_lG9vQpSheqyMbKXiRUR07gmDktyfUcKEWMedEWowsIK3hCUW0BjiU7Xev_VAlsIZS99Pcol_f8hNaaCkkdOfaQwqi=w1200-h800-k-no
Nambo Beach,"Nambo, Kec. Abeli, Kota Kendari, Sulawesi Tenggara 93238, Indonesia",Kota Kendari,Sulawesi Tenggara,https://lh3.googleusercontent.com/gps-cs-s/APNQkAF68Hw6do3GvuaXaCgcR9Jq6FyQUvj-DyzfujyJSSg6LZQiOf90kBOrMTAhNSXEhPNz6iz3JIZ-P58XziqnTXJjapilBbh223__5BzsBHgm744bqrDMWhefXOUSWupEuM4HLGRO=w1200-h800-k-no
Tanjung Labora,"pantai tanjung kabupten, Lamorende, Kec. Tongkuno, Kabupaten Muna, Sulawesi Tenggara 93662, Indonesia",Kabupaten Muna,Sulawesi Tenggara,https://lh3.googleusercontent.com/gps-cs-s/APNQkAHtOQQpdlO8thQTZhCKhsl0LrmeyH9Ys5bb3jYQY_6kD-boLpiWzuqZkm1IpV9PQTxrLq3A0IMXu7g61bbr5I_PXJhGfkwGSZs81pnmwoAuBGlAoSvf6qTSxAPW1uKUJTzmQcUOmg=w1200-h800-k-no
Air terjun Kalando,"W9RF+4RH, Salulekbo, Kec. Topoyo, Kabupaten Mamuju Tengah, Sulawesi Barat 91563, Indonesia",Kabupaten Mamuju Tengah,Sulawesi Barat,https://lh3.googleusercontent.com/gps-cs-s/APNQkAH4LTiLpRFCNrZbSui0JAxvfT_rGVb7wznlmeraqRLQOySR_NF2ezBS4IgO3z5sAasmlE_M7zg_g1QathVXLzF629Vq1NAF6hiTANo-NvFAAAVLggIJzcj-2lqFUZPBRj3od4iLqw=w1200-h800-k-no
Pantai Duva,"5VJH+MM6, Jl. Trans Sulawesi, Mamboro, Kec. Palu Utara, Kota Palu, Sulawesi Tengah 94147, Indonesia",Kota Palu,Sulawesi Tengah,https://lh3.googleusercontent.com/gps-cs-s/APNQkAHeXxZs47AKWAKYY_CM-apwVnh8oOW3xMzvNsGKy998E2f7UcN4JefFwMXmetJfCnQXf5NGl4rjH0PiKadNiuKtHGuxGy1028TzJuVkyFj-BQbrd15M8W08MKQrh3qXKRQBL0JM=w1200-h800-k-no
Benkmor camp Beringin,"6W4R+3X, Bale, Kabupaten Donggala",Kabupaten Donggala,Sulawesi Tengah,https://lh3.googleusercontent.com/gps-cs-s/APNQkAF3Er9zvOkb3CQIyLQQP5RrgFW5YxmKU7aqh5WWRgCsziZYbum5yyrhDtkJYl_2zfeqQeoRJLzqkssReIWSKNz_lAROEI85SUvaZ21W6AyTi5q-vr_c5kkEMwnwiuSEDyMwqUuhQg=w1200-h800-k-no
Anjungan Wisata Tangkeno,"PWCF+F9H, Enano, Kec. Kabaena Tengah, Kabupaten Bombana, Sulawesi Tenggara 93781, Indonesia",Kabupaten Bombana,Sulawesi Tenggara,https://lh3.googleusercontent.com/gps-cs-s/APNQkAEy5k2LByuS7Nzl9BIs6aWcfljjYLoQKgZ63vt_dcfJrJ5M9ILhm9Ouzmklh6i3EIF-BIXMkb8dR5X40r9eK16YlDZVb2PIHaqeeTwIXVfDcfg2lJTfuiLQ1tLHTiqL1zkiPEIsUyyMjvyR=w1200-h800-k-no
Air Terjun Bahagia,"PVRF+C5C, Bulutana, Kec. Tinggimoncong, Kabupaten Gowa, Sulawesi Selatan 92174, Indonesia",Kabupaten Gowa,Sulawesi Selatan,https://lh3.googleusercontent.com/gps-cs-s/APNQkAFywofBosvJGuXH003xs07A_QjfPFkT7PIIAr49KhkoKBnycvehkKNcDl9NB81K6Inat9L1tUCCS6gIeHbVQcvcha7-18Ub2UJjUY3exrNl6gehLpdM_-9vb6vsjjsox_BoPi2XRw=w1200-h800-k-no
Pantai Pasir Putih,"9C88+PH, Bone Pute, Kec. Larompong Sel., Kabupaten Luwu, Sulawesi Selatan, Indonesia",Kabupaten Luwu,Sulawesi Selatan,https://lh3.googleusercontent.com/gps-cs-s/APNQkAHNl2fFabcRGSb4ajwF4IufB8Kbtf2B_EUfWE_ha9w5oVxIvWH1M34Hf3OgAFtzD_cQOnaAwRvm5w0NmXO6vyJfg5TdOu4AFM9kEC5yhvo9b_KYFuBgkOd25hCC9mSWNtxU9TyYUw=w1200-h800-k-no
Pantai Lamalaka,"CXW8+93J, Lembang, Kec. Bantaeng, Kabupaten Bantaeng, Sulawesi Selatan 92415, Indonesia",Kabupaten Bantaeng,Sulawesi Selatan,https://lh3.googleusercontent.com/gps-cs-s/APNQkAEsmntiCx_FOFvTQKEvHk7jxl7l5Pm25sWHHy43jVTEFUC6kJ_7soC6E_zMyQSrJhTE-ydPGhopiv8rV7asO7M1-5tZ9UUVL2LVa9IixvNOqZCsqaH74wUTpgQNWeUrkPoIyyuWLW-dXbr8=w1200-h800-k-no
Objek Wisata Tulaklangi Talion,"VQR6+H9J, Sarapeang, Kabupaten Tana Toraja",Kabupaten Tana Toraja,Sulawesi Selatan,https://lh3.googleusercontent.com/gps-cs-s/APNQkAHqrtN_s1za6jP8LR5zDWEaqLWbrjInP4Nz5S6_gkivyEbTAquHumAAIbOlCdZJwJkCPFgdafwW_MZy24JC8ZDlyCNDHTEcEhJRMshp4T0dxl4VBPYMqhXS70gsOD9cq_M3ZiEZpQ=w1200-h800-k-no
Pantai Tumbak,"XVCG+34Q, Unnamed Road, Tumbak Madani, Pusomaen, Kabupaten Minahasa Tenggara, Sulawesi Utara 95997, Indonesia",Kabupaten Minahasa Tenggara,Sulawesi Utara,https://lh3.googleusercontent.com/gps-cs-s/APNQkAH4zRlHGY6dSdnNEA1gEaiCkqHuQ1jkMbI_15Z7Ka9nS9DWxdf0wJi9lxZuuP9FTTMv-YBCKsWtX4ANzDfUZdNb1LSV4myskWt9671a1xc9EhzTExl6ed_u4o60iU8EWizwhCdA=w1200-h800-k-no
Air Terjun Ambang II,"W44H+HGP, Ambang II, Kec. Bolaang Tim., Kabupaten Bolaang Mongondow, Sulawesi Utara, Indonesia",Kabupaten Bolaang Mongondow,Sulawesi Utara,https://lh3.googleusercontent.com/gps-cs-s/APNQkAGsJN1X8zhQiSqFivY4UPODpCxhFk3pI0CJxUSPHnwlwsiJCYSB-gRytutJrJS6z0ujXpxqpygPnIiueKTtCdFBM8Dc6cnalOwDrikIMyobFKOEmmsNRjqTowivJN0PwbrjKL6C=w1200-h800-k-no
Wisata Tanjung api,"5JPC+VW, Labuan, Kabupaten Tojo Una-Una, Sulawesi Tengah, Indonesia",Kabupaten Tojo Una-Una,Sulawesi Tengah,https://lh3.googleusercontent.com/gps-cs-s/APNQkAG-RjpjEuUiXSHL0PLw3WrjelLXgM3o9BZ0S9WzdvVZZkYxvFmY-436bYQixjzAlHhKFpCuCtEmm1ZdWPFrdKiIPgNc3SlPUk_K141V2U2Yqgwrp0Q1iQjJ2xFa1k3SMgA3jgtMVA=w1200-h800-k-no
Kolam Renang Mendatte Park,"GQGX+F8H, Mandatte, Kec. Anggeraja, Kabupaten Enrekang, Sulawesi Selatan 91752, Indonesia",Kabupaten Enrekang,Sulawesi Selatan,https://lh3.googleusercontent.com/gps-cs-s/APNQkAGsmMdORlJInaVWCPexMeKdsI65G82X6YnF3Jt1pkawhySuDloBzlyXbq9JPp680cvZDP7QHYCSI0SQEkzuxFL3VPwBNMfrWp7tO5T5aUNsrM9ULmOuSZn7hsB4n8pZqbba5nP8=w1200-h800-k-no
Pegunungan Latimojong,"Pegunungan Latimojong, Pajang, Kec. Latimojong, Kabupaten Luwu, Sulawesi Selatan, Indonesia",Kabupaten Luwu,Sulawesi Selatan,https://lh3.googleusercontent.com/gps-cs-s/APNQkAFtxJy6pfMUY79OY5G2SNBzLbAUZ2EsWK4Lzk2g5odvePdQy0gQw3Pvehs7Y50ZtIYGakLcN9_WzbkNGUNIfmKwAvFFKehNUC4SYtc-fbO1w3uJhC_47Vs_LjDEAj4sGpFMKbmULs1z0VpM=w1200-h800-k-no
Pantai Lilito,"3377+F76, Lilito, Paleleh, Kabupaten Buol, Sulawesi Tengah, Indonesia",Kabupaten Buol,Sulawesi Tengah,https://lh3.googleusercontent.com/gps-cs-s/APNQkAHjqAvSXj4oLjXQWCaW8Gfm-SQcnH4oFF60dBYZOj7YCf7AV87LOG1zBx5oanJgHCHqaIT6WczlDEu977bMqcUMNHvnwWQdVl4D4PwvOMYt3Rt1E9Hnd8Q-40hH3sAqVSCf3lIS=w1200-h800-k-no
TAMAN PUNCAK AHUAWALI,"X442+G62, Ahuawali, Kec. Puriala, Kabupaten Konawe, Sulawesi Tenggara, Indonesia",Kabupaten Konawe,Sulawesi Tenggara,https://lh3.googleusercontent.com/gps-cs-s/APNQkAHF-0pcUqCYa4ktoMbSqlPKVURee-VXhArkK2esFpC0W-J9LIELHuFs23tZVS0jLhlDHsR11KMt7n1zomDZthpfF1SavEjR9MIWVUmbIzR_EeAyse2FNKqIJRmrSEAnEwZVf8VRRGVCx6g=w1200-h800-k-no
Permandian Iwoi Wanggu,"WCMR+7V7, Konda Satu, Kec. Ranomeeto, Kabupaten Konawe Selatan, Sulawesi Tenggara, Indonesia",Kabupaten Konawe Selatan,Sulawesi Tenggara,https://lh3.googleusercontent.com/gps-cs-s/APNQkAFfOE5Id84_Ng2HgIicHROJ_4H8u83IAcEOrnrWkxYbELpxWsG8ChHoMQkucxzhVLMgX_2i-CUsofbmOM2cgPDLYS0F66-TlU8DU9E3yGjL7jsSAGk18vtZV3a4UcsS6_GuuRg=w1200-h800-k-no
Wisata Buntu Pasang Palopo,"X596+8HM, Peta, Kec. Sendana, Kota Palopo, Sulawesi Selatan 91959, Indonesia",Kota Palopo,Sulawesi Selatan,https://lh3.googleusercontent.com/gps-cs-s/APNQkAE-zr9xPsghdwZdTSFfBlHHGjG182KSsJS9Nt0yySyfdlyhFVBZofumWEBopcA1cqMmzKXjhicsVPsNMVS0ANN_IpCw37hRkp3ZvajblMjvN01euumqYhLBGqJ6QkFPFai9eZ2-=w1200-h800-k-no
Wisata Pantai Biontong,"Wisata Pantai Biontong, Biontong I, Kec. Bolang Itang Tim., Kabupaten Bolaang Mongondow Utara, Sulawesi Utara, Indonesia",Kabupaten Bolaang Mongondow Utara,Sulawesi Utara,https://lh3.googleusercontent.com/gps-cs-s/APNQkAHzU0uTB-XYO50rIxR7h0TyJPfEUyYHe6RzUvaINt8M1DoJeNqiSGwlZJVdU3IkBtOlX0rA1fEXUr_1giVO8WUKZOdmoW5wZP7rjt0-F3kGdCi4Dc77vtS-OjGSZH-EseAVAM3YXAe9wiuy=w1200-h800-k-no
Negri Atas Awan MARANO,"827X+4X4, Sinyonyoi, Kec. Kalukku, Kabupaten Mamuju, Sulawesi Barat 91511, Indonesia",Kabupaten Mamuju,Sulawesi Barat,https://lh3.googleusercontent.com/gps-cs-s/APNQkAFBNzlV_svstF5TycJyhYaXsba_7LjwmyBIMpw9ab7scMyakHRN-AJVcUqghHHA8IkWXJTtxW4ugnrrx2cvOanJiBOpmkD9AxwQq7uwugLOUcz5g9nBdON_eaFuZtXMVjIIZNix=w1200-h800-k-no
Rekreasi Pantai Palu,"4VFC+PG2, Talise, Kota Palu, Sulawesi Tengah, Indonesia",Kota Palu,Sulawesi Tengah,https://lh3.googleusercontent.com/gps-cs-s/APNQkAG95I3UFHaRcFtfQx-a9nZKxuoHkejjE3kYdw5XMmkVwu11KckjL55Jpv9uuga9Oi4IJF8-Z448i6thn7ILUL3qJTCBsjBh1Ir-HKBI0OqYpL3i0LeS_Y_H0EdLevJ9tPcJ0UbkCqCQyWLN=w1200-h800-k-no
Pantai Pasir putih,"8M93+2CW, Bonto Sunggu, Kabupaten Jeneponto",Kabupaten Jeneponto,Sulawesi Selatan,https://lh3.googleusercontent.com/gps-cs-s/APNQkAFydEaoocQOdf2D1HFqcPLapq996mNTGe6zqrz2a2ZwYlNirZBNxX1_bQpzVvpdhxQYJJ-fAYIUNWWd1ZgcwkuuulsQEO5qYmsdY6bIEH4lHos1OxDeClDuJKI19_I1CwH4Mg8uPRJOC4Yu=w1200-h800-k-no
Pantai Komearate,"Pantai Komearate, Kamaru, Kec. Lasalimu, Kabupaten Buton, Sulawesi Tenggara 93756, Indonesia",Kabupaten Buton,Sulawesi Tenggara,https://lh3.googleusercontent.com/gps-cs-s/APNQkAEc-LL1F-vUmF-lbbpr8LbKYHcHsPuRvs9g6TSZVfQPF3pAh9wXGawlYt1Gh9XD818CblKnmsGfNBV28dGkF2_C_iKxIwPv8iqDKfBlyHWAejC4QsyKEd6MHBUGRxUZqrBJK4T9c6qIBCVK=w1200-h800-k-no
Kopdargab Foi#sulselbar,"QH93+2XV, Jalan Poros Bollangi, Timbuseng",Kabupaten Gowa,Sulawesi Selatan,https://lh3.googleusercontent.com/gps-cs-s/APNQkAEJ2vn9uRtnAu_HfDvrOA7gEIiLDwLvcjIEQPtUKrmadXhaGQ9H8Muf8ZdvXxEhqE0Uzv9ShEb23GIndiQBaXKZ-jivLU95JuqNd3sFP2NNENQFfsgcLuAgBnvMJDDgmdk6A_3F=w1200-h800-k-no
Air terjun pesa 1001 tangga ondo ondolu,"QFW8+MC, Tolando, Kec. Batui, Kabupaten Banggai, Sulawesi Tengah, Indonesia",Kabupaten Banggai,Sulawesi Tengah,https://streetviewpixels-pa.googleapis.com/?cb_client\u003dmaps_sv.tactile
Benteng Lipu Kulisusu,"658H+JRF, Jl. Keraton, Bangkudu, Kec. Kulisusu, Kabupaten Buton Utara, Sulawesi Tenggara 93672, Indonesia",Kabupaten Buton Utara,Sulawesi Tenggara,https://lh3.googleusercontent.com/gps-cs-s/APNQkAFFyEZ-Fw6FRcSJ2uG17-NuPYpvDEDf5ZFtqn7xywSBoW2qRJwiMshxtJVNzd1vapXkolppN5Wctd4pZFClfqmLsLmVkZ-wo5mnt7yYGCrtXIa9vrNiIFfh9HT0vgwfTy4CFAgohsTc5Lfw=w1200-h800-k-no
Lego Lego Sarrea,"TABBUAKANG DESA KAHAYYA, Kindang, Kec. Kindang, Kabupaten Bulukumba, Sulawesi Selatan 92517, Indonesia",Kabupaten Bulukumba,Sulawesi Selatan,https://lh3.googleusercontent.com/gps-cs-s/APNQkAEaXyukyX85X2aEBFFqHeJVio9jN7gRoqJ7dCBDm6xL9zKYCoOtXQmpTsOMweeuvOkQh_YNAdahPk9-dZoOe6nGnGWyXyo91lKlIWB6mvs3KzdmHWuVVBR8BbTOOQMipZRPYSzd=w1200-h800-k-no
"Pantai Salise ,Lembeh Utara Kota Bitung","Motto, Kec. Lembeh Utara, Kota Bitung, Sulawesi Utara, Indonesia",Kota Bitung,Sulawesi Utara,https://lh3.googleusercontent.com/gps-cs-s/APNQkAHX17DRyCgdrVVQDt2y6-0pKRlpIbv__MnsdcsoMy8Afew4hPVcwFFhrfdPCwXj2WfliFD1cW6IBvvAR9kGODo_v8qANYxvXKFYi36k9zAHqCijPnZRNNkBrZYWBIXXbT-iHdoofPiplzbL=w1200-h800-k-no
Rea Camping Ground,"Tabolang, Kec. Topoyo, Kabupaten Mamuju, Sulawesi Barat, Indonesia",Kabupaten Mamuju Tengah,Sulawesi Barat,https://lh3.googleusercontent.com/gps-cs-s/APNQkAFarvTQ04nBMAvWxJbovPF70r1TglSzIssAwa9yVsRO-1Rm9Kqz23FrlrGjFYrbTwxA8Gkdm1TVVN5ps5xlw6dy_9PacAmnqT_3a58wNM1h5EXEiOwb1-TMaKpSmevTB4AkAs4vEA=w1200-h800-k-no
PUNCAK UHAI SIBALI Bulo,"Q5C7+WV9, Bulo, Kec. Bulo, Kabupaten Polewali Mandar, Sulawesi Barat 91353, Indonesia",Kabupaten Polewali Mandar,Sulawesi Barat,https://lh3.googleusercontent.com/gps-cs-s/APNQkAHKveUlhnhTIaiUA8ibTnqaE08yj0uXzeMgLNfpkEL2pJkzehgEbEotd56O_Z5kEV6B7pGSuPvjVrRMWCw4n5TVb05rl5aHqDIhc80eNlgLwilss0i_rCr6zUlj7-ED3r6Kuwiu=w1200-h800-k-no
Dusun Burau Pantai,"9M4Q+R27, Burau Pantai, Kec. Burau, Kabupaten Luwu Timur, Sulawesi Selatan, Indonesia",Kabupaten Luwu Timur,Sulawesi Selatan,https://lh3.googleusercontent.com/gps-cs-s/APNQkAGxrEQPQDKWBeDAOaBIVKaXueaOIPFLH_TlcBVIRwzfqgqkkDI4wRnXJKzbBlWKDAY8GynZiu_J6Z7MHF7eZ5uPBKRb1or4t3QFsFd2R3jNGAjgvxn8MUQDGxzKY8hvENG8oTX4bw=w1200-h800-k-no
Air Terjun Kaongkeongkea,"GPPX+QCV, Bau-Bau - Ambon, Wakaokili, Kec. Ps. Wajo, Kabupaten Buton, Sulawesi Tenggara 93757, Indonesia",Kabupaten Buton,Sulawesi Tenggara,https://lh3.googleusercontent.com/gps-cs-s/APNQkAGRjNrZ2NxyarjXxMqrH1pUneBWvNP4etCC4vGEnJlMPtEpPap5NrH5-gGyzmm1T6SQAbgkCJYRVjksALCTiSSyF5e1KR3t5gLUgVUKqy-HpjWOMo1WBHpJnpSepASYoz80RZPW_hu9icNx=w1200-h800-k-no
Puncak Timbu Dama',"39P8+MM, Mambuliling, Kec. Mamasa, Kabupaten Mamasa, Sulawesi Barat 91362, Indonesia",Kabupaten Mamasa,Sulawesi Barat,https://lh3.googleusercontent.com/gps-cs-s/APNQkAEeAkVRS0lYE_KQT8FfCq9mKf4s0TnW2_UlShjmOhg7wQfjbqh0ZcXcvhIc-p1XpRi1J2QcHrsm7Qm0kWgYNBKj3tKfl_qDvFhA9tO4YoLOy_o4rkK_icmJeqBTw-pK46vhPKkj=w1200-h800-k-no
AIR TERJUN & PANDAI BESI BARUTTUNG,"V6P4+2JC, Alehanuae, Kec. Sinjai Utara, Kabupaten Sinjai, Sulawesi Selatan 92613, Indonesia",Kabupaten Sinjai,Sulawesi Selatan,https://lh3.googleusercontent.com/gps-cs-s/APNQkAE3D6-Xo-jLlhI2ULWQELXAdnWAO4q92SzzvAUCazXRR4L-ckRQ_ayeaX8PKVE42fLcadnKlTbMutVxNeZDUI-KatZTkzSe4l94b_R7kVFxAMWKJeTurNaFIKWyTPFu69_hnhbV=w1200-h800-k-no
Skyland Bolonglangi',"WGR8+29, Bontomarannu, Kab. Kepulauan Selayar",Kabupaten Kepulauan Selayar,Sulawesi Selatan,https://lh3.googleusercontent.com/gps-cs-s/APNQkAGa8DO8vgkZKcUu7uKtc6FNNd-2VhoRikk5L3HM2Yw2GvW_vcFAnsZmL4YD2v3Eg8cjKt3CIZhOrARPdTevamvCcsKmh43gHv9b1EnGmtiH1i7jZhVazS7PFQmYfSKXuwRY_HzJ=w1200-h800-k-no
Puncak Buah D'88,"7VP7+7M3 Perkebunan Patuwa, Tataaran Dua, Kabupaten Minahasa",Kabupaten Minahasa,Sulawesi Utara,https://lh3.googleusercontent.com/gps-cs-s/APNQkAHkkSaC6F2MXNXkgO2W3ahCrh2K-5lRgOBemB6iM9RVXW-_xq4V78dX3ksUJFTYPKHrkBB6MUCHv3KrRhR1jCtCFO8-wMR7ycw3-t0xL94y1xCX6pLJqHgBb67x7RwrbAfBoIFUJA=w1200-h800-k-no
Tompa One Hidden Beach,"4H3M+RM, Soropia, Kabupaten Konawe",Kabupaten Konawe,Sulawesi Tenggara,https://lh3.googleusercontent.com/gps-cs-s/APNQkAHFOP_Eo0PnjM4NtzVlWWTGxGgXxajadBNEXmXs2Panqu4aaZy9PzoBT-URH-VX_MNwEK3FoJsEGscbcFHBqGqJgcn-PGB0uphdKgsUBI5d6_16fmQGepoTWb4QgstYtStEWyc=w1200-h800-k-no
Wisata Permandian Koke,"4GRM+MP8, Latugho, Kec. Lawa, Kabupaten Muna, Sulawesi Tenggara 93652, Indonesia",Kabupaten Muna,Sulawesi Tenggara,https://lh3.googleusercontent.com/gps-cs-s/APNQkAGATHE95tFwgXYp33syHMCtgq2X9Qca_HsLVj1l_qcJNYRRFxFWaJWvyDUVVrpFp4Bq0j8esnr6mHHWMROD1Xe_hhFH7wb6uzHk2g0J6-OtjTczN7MrQ59b2OC_ugEMlhZKV9uw=w1200-h800-k-no
Pantai Botubarani,"F3JP+QG8, Botubarani, Kec. Kabila Bone, Kabupaten Bone Bolango, Gorontalo 96111, Indonesia",Kabupaten Bone Bolango,Gorontalo,https://lh3.googleusercontent.com/gps-cs-s/APNQkAFXb85DikOVg4A9R9TyxkkZESKhqIwgMie-ho-eF5GJLCvsWc0yALel1BMIFcxVpKLYBRwmTww4mHQeAiyjIH3zkn_Hhj7DHQRWoY3ZUgnZciLiUYQ6VQI_TniqXQS-A9W-DRW-fA=w1200-h800-k-no
New Sampulungan Beach,"Q92H+2X8, Jl. Nelayan, Sampulungan Ca, di, Tamalate, Kabupaten Takalar",Kabupaten Takalar,Sulawesi Selatan,https://lh3.googleusercontent.com/gps-cs-s/APNQkAGsM0Mj6NWz7rHCxQQ6a1pKeosk2CICL1TlHzwU1ywm0wP2wthNL39PI9RNa-b2b0vH8HF9zwQTThhAwDmpvH8f7laeOxUkUv7B_VvaoyCxuFKTPO7jDfUIIFOrZQEu91ggodic=w1200-h800-k-no
TAMAN WISATA BUMDES BERKAH BERSAMA,"Bontobaddo, Kalebarembeng, Kabupaten Gowa",Kabupaten Gowa,Sulawesi Selatan,https://lh3.googleusercontent.com/gps-cs-s/APNQkAFKOtm7RIaJCHZMap14fWoi6YRNCTc6uYmUTdzugRwbWVAreC2KbtTJULWOuommoHcM1Rt_Xekn59gruWM935JzVJBuTHOX_j9keTGqF6aBGl5RMsGqBbendMNe-SmWTE7uv6QU=w1200-h800-k-no
Rest Area Puncak Tikungan,"Unnamed Road, HMWJ+JJQ, Ogobayas, Mepanga, Kabupaten Parigi Moutong, Sulawesi Tengah 94552, Indonesia",Kabupaten Parigi Moutong,Sulawesi Tengah,https://lh3.googleusercontent.com/gps-cs-s/APNQkAHg7xUc5zp1keTKYMvj3ODiBuU1s7QeaxYUHPI-G3XAyeeCy290LtuDo3dqHZq73mi3YwSI-SEm4yytLnknDZ3oCxcYyhzlZMGRLQunNfVZr3hQeBAOa5FgVXOcFUJ91OWDAjBoNw=w1200-h800-k-no
Bahomoumpa waterfall,"4773+68C, Puungkeu, Kec. Bungku Sel., Kabupaten Morowali, Sulawesi Tengah 94974, Indonesia",Kabupaten Morowali,Sulawesi Tengah,https://lh3.googleusercontent.com/gps-cs-s/APNQkAFacMngn-6ID2EXxWCzH6UOj2VDzXGg-A8tpyT7CJKjxOYeri-5jByGVskGY9tOwpw2Adt4j69G6Af6gAnwabJ4xuOa1UcsHEa2xe2pLypRl5uc2S6danUGR9vRtuJ_VgcisWS4NGFcoT-1=w1200-h800-k-no
Wantopi Beach,"Wantopi Beach, Wantopi, East Mawasangka, Buton Regency, South East Sulawesi 93762, Indonesia",Kabupaten Buton Tengah,Sulawesi Tenggara,https://lh3.googleusercontent.com/gps-cs-s/APNQkAFgoigh-yEAoPsFP7XSvE_C7lX0vfgzlBWkmABR5Kk6TeZxBcx5CZw8s8px8BGZZCzQaoFClJtCmO4x0cD9ziRx3uanx581TnDb8U4xI79ICbFNJC-T_zYH3kBxg_MegRu9auuQd7cI38zi=w1200-h800-k-no
Bulu Tondongkarambu,"Bulu Tondongkarambu, Gattareng, Kec. Pujananting, Kabupaten Barru, Sulawesi Selatan, Indonesia",Kabupaten Barru,Sulawesi Selatan,https://lh3.googleusercontent.com/gps-cs-s/APNQkAHQJzg7FVO6kDY7iDrzgGSpgam7tgbRACKzBrIBn3MSh3ATbMN3fBb3XYIO2F2wxhNwrbsh2CDfqJD40ktoibT7TZNfXEemLTjqkdpYLljbYm1AUFo0dH9Af5A7W6F4GU4R3IsW=w1200-h800-k-no
Wisata Pemandian Alam Barukku,"63R5+5VF, Batu, Kec. Pitu Riase, Kabupaten Sidenreng Rappang, Sulawesi Selatan 91691, Indonesia",Kabupaten Sidenreng Rappang,Sulawesi Selatan,https://lh3.googleusercontent.com/gps-cs-s/APNQkAEFBR4553Xz4z0iVBZhElQq9w1tiLKAfMJDokS6OOV8uQ_MnStfbXWBsOtTW5YKVOWW7mqI18pM36lpGZDLSFbGfGTD43wY_O5Y56EOjEFtLWNNDsQph-I4NYtIugIrO3kW2_Ks=w1200-h800-k-no
"Mata air Bura-bura, Matano","G6V8+F9Q, Danau, Kec. Nuha, Kabupaten Luwu Timur, Sulawesi Selatan 92983, Indonesia",Kabupaten Luwu Timur,Sulawesi Selatan,https://lh3.googleusercontent.com/gps-cs-s/APNQkAE8ev_7FGHgegnwcnpc6OqeOxpYCCWjRrPc_IhnhoJCpaP2KLKs41DWKxYNyDmUlxt59KkVLcRMd9QAzZiqopUbpGt2g4BZHMiGAKVcJkI79WhakNx1YVyYo_1a1ymEyXNnprO4=w1200-h800-k-no
Binuanga Tracking Mangrove,"Unnamed Road, VCWG+25R, Binuanga, Kec. Bolang Itang Tim., Kabupaten Bolaang Mongondow Utara, Sulawesi Utara, Indonesia",Kabupaten Bolaang Mongondow Utara,Sulawesi Utara,https://lh3.googleusercontent.com/gps-cs-s/APNQkAF-4tY1WPCRG-qp7dHrQdiTfdTwXNr12E07fqvWbLHQLwUhWi7jcqJ1hxI213K_xMgB2f7tUozvnEAvT7yZR_QEWP83-GWDgNdT2SGiCRdkEcc1UzBipzvg2iaQ6LBDwrYslVk5=w1200-h800-k-no
Pantai Apes,"JF4J+74C, Apeng Sembeka, Kec. Tahuna, Kabupaten Kepulauan Sangihe, Sulawesi Utara, Indonesia",Kabupaten Kepulauan Sangihe,Sulawesi Utara,https://lh3.googleusercontent.com/gps-cs-s/APNQkAHya7z06hGXYoOtIjUO2DZWwR64z5EDwRNyzrCABV-2lR5uaPt-AsnfIAn3UAVxx7U7E5d8De1lP0xno_CMTUuRXOn6VZDd6Qu3nqeZZi9vdVpHZPoMC8vXqOV7gTqSVWn1DUifpg=w1200-h800-k-no
Bukit Kelor,"XWXR+QFC, Upt Lembah Palu, Kec. Sigi Biromaru, Kabupaten Sigi, Sulawesi Tengah 94364, Indonesia",Kabupaten Sigi,Sulawesi Tengah,https://lh3.googleusercontent.com/gps-cs-s/APNQkAHlr5cbNLdsr6SEgEcaDJC6-EEIk22y2CMJ-KbaW2eB3pqlX0kiCgcV47hJ76f4wQ9bKQh_lxT3T7ZEh8dIdRCesJUw5sfUSaMCVXXuFMiAVSlh_XbAQKhBbWvFwkucQeF7b4vwA15EHaA=w1200-h800-k-no
Permandian Baru,"2JC8+28, Bungkutoko",Kota Kendari,Sulawesi Tenggara,https://lh3.googleusercontent.com/gps-cs-s/APNQkAE36vhg-qQT6R8WjY5V_1YtkepucpgGgflQgo0f8_qTKm2ED2t6SxNcZNLQ0uxXCAl0heCLVXzT2aS1QTLQ6brItU30UDNdmZFkoPV2i12qEcKBJq_m-awAhOFN0J9OGIvV3Dw-=w1200-h800-k-no
Pantai Wanua Ndoke,"Unnamed Road, 46Q6+3M4, Bonelipu, Kec. Kulisusu, Kabupaten Buton Utara, Sulawesi Tenggara 93672, Indonesia",Kabupaten Buton Utara,Sulawesi Tenggara,https://lh3.googleusercontent.com/gps-cs-s/APNQkAHKKkFbz6Myxt53BboR2ZdliV067MpU_U8W7jcDsc5TDV-K_-ox7A7ViaQfv4vQO2nPgZLo35DZw8_2DLMJ1sVDD8FTvyXELCYI2Pb7vl8qt5KMZxOrqMn5YcghAU98YL775Veh=w1200-h800-k-no
Benteng Nata,"6WWX+8MW, Jl. Encik Sulaiman, Kahiyanga, Kec. Tomia Tim., Kabupaten Wakatobi, Sulawesi Tenggara 93797, Indonesia",Kabupaten Wakatobi,Sulawesi Tenggara,https://lh3.googleusercontent.com/gps-cs-s/APNQkAHMGVGPZbj1DPj4j8eMLYz7_eKs6RE7QqnZZI985mhAsWSjCXpQGJ0gUl6KMESqcZKAlbwqGxfw2vsxNQfTgjxjHl3hF8pbicr-7ltrohTlSYx9-_JKdg_6Oz35yMMj9LiLFzvaHjvI4p2h=w1200-h800-k-no
Desa Wisata Rammang-rammang,"Salenrang, Rammang-rammang, Kabupaten Maros, Sulawesi Selatan 90554, Indonesia",Kabupaten Maros,Sulawesi Selatan,https://lh3.googleusercontent.com/gps-cs-s/APNQkAHFp6KcWcpADennthZKvEf1nv15QFw-R1nURYNPqEVEX4mOQCfSJOLhww-fc7O2SD8Y-52cfSFFld1y2vFo5xfDIFJnH0iI4ruvEcV3DdEkuDbfICL9GT46qgwMHdKsOD13LyJPZg=w1200-h800-k-no
Kabupaten sinjai,"V7H4+22G, Balangnipa",Kabupaten Sinjai,Sulawesi Selatan,https://lh3.googleusercontent.com/gps-cs-s/APNQkAE_mdVYIbQUCtw9Au6GEv_4KchZrENzNBE6rZhtsAHMQeCRMryEuT56e6yDqJPqq2UQ90s1D5YVCdnVZax6rEY7HNfsO7L2lPSghqiofcNpO7SJVj0y1PYJDtFuycXaSC35WkLv=w1200-h800-k-no
Wisata Alam Pa' Baladoan,"2HXG+RMW, Kadundung, Kec. Masanda, Kabupaten Tana Toraja, Sulawesi Selatan 91856, Indonesia",Kabupaten Tana Toraja,Sulawesi Selatan,https://lh3.googleusercontent.com/gps-cs-s/APNQkAFHY-8ADhc-n6N_rmT7bYswRZcpzMojBxu0MhDlOLIgMeIDLqtBelAa9q7TpPqJk9q8eH7Yoabs1o71ANvkg3D0CTgJFanWNw3kjVqdasadkGYUseSChE3fVgEp9x6z4uLzcKRw=w1200-h800-k-no
Desa Wisata Pinus Pa'tengko,"QV2W+7W, Patengko, Kec. Mengkendek, Kabupaten Tana Toraja, Sulawesi Selatan, Indonesia",Kabupaten Tana Toraja,Sulawesi Selatan,https://lh3.googleusercontent.com/gps-cs-s/APNQkAEUsvhxATCuPZBFaMCHsDSDbK4sbtTfz9ciLLfCyxgJUMXhcG5NvXwvXCtO0uo9nFRkN4eqLaZeWv2T_A2ddyShPtv0fxw38PMUj1L3Jq8hiKexlfWgIg1dRSwC7OvfKrjW4-WNgcGZVuFJ=w1200-h800-k-no
LORONG PERMANDIAN UELANTI,"HQWW+MJ3, Jl. Trans Sulawesi, Kasintuwu, Kec. Mangkutana, Kabupaten Luwu Timur, Sulawesi Selatan 92973, Indonesia",Kabupaten Luwu Timur,Sulawesi Selatan,https://lh3.googleusercontent.com/gps-cs-s/APNQkAGDqWpC4vrDDw7a_dsj8vlE6pHtpARnbCQGat0ica1Y5oqSC9igZf_O4oeQbOfeLGhd6l0GKi1P_pgsFI_wgT5Bgw3QzxiZT_wBkg3sSux1s07yKbD53VenRciTYRwaz9KJ6sPpuB9oFMB7=w1200-h800-k-no
Air Terjun Wolinow,"3FW5+GMV, Makasili, Kec. Kumelembuai, Kabupaten Minahasa Selatan, Sulawesi Utara, Indonesia",Kabupaten Minahasa Selatan,Sulawesi Utara,https://lh3.googleusercontent.com/gps-cs-s/APNQkAHsZgKTkzboSbDBygL5BHgHNQf4dgrAnXkrAmeJqpazdu9_0XQL_tiu6WB91l7Xtrkom3HS-35e3EEBIVfBmyGZgjICaoJWwCfgrWVD_ubPienAokAt7pg4btzpzD4RyPmZbthg=w1200-h800-k-no
Desa Boyong Pante,"485V+XH6, Jl. Trans Sulawesi, Boyonpante, Kec. Sinonsayang, Kabupaten Minahasa Selatan, Sulawesi Utara, Indonesia",Kabupaten Minahasa Selatan,Sulawesi Utara,https://lh3.googleusercontent.com/gps-cs-s/APNQkAEsUk_iovakLzUT9iDi9WrKgsLPNSw8XfrVhob4Rp0lPpGXfUePwTOVGRJPznWFhlLxPdo-prMWfnxmjVCN7gpmbWdg_w2ssR_IFSrtlAfKL9oRm_2SjoQswD7xqsiLSC0JU3xx=w1200-h800-k-no
Teratai Putih,"W73V+34W, Talaga Tomoagu, Kec. Bolang Itang Bar., Kabupaten Bolaang Mongondow Utara, Sulawesi Utara, Indonesia",Kabupaten Bolaang Mongondow Utara,Sulawesi Utara,https://lh3.googleusercontent.com/gps-cs-s/APNQkAG5rmKSlQrXB9IwwWOrXaPbS4akdXCv5WRduQlrkl280Hd6XD3rwn-EH1aTFrAQrinj4degwFpoZRneCWydu0DjlLJskTYopUHEM9nh8UVz9ZR_UHHL8F4-FEtByi1sofLwNTsA=w1200-h800-k-no
Pantai Wisata Maponu,"3GFF+4CR, Maponu, Kec. Sarjo, Kab. Pasangkayu, Sulawesi Barat 91574, Indonesia",Kabupaten Pasangkayu,Sulawesi Barat,https://lh3.googleusercontent.com/gps-cs-s/APNQkAHcK9IwhLhUZGw1ltXQUDXU6gTXbNewLuKs3-iaLKPBo1B5n-5TfU_bScVUn7_L94bM__rOGRWYp8unJ9sjofpHKBVWjnv5ECxefrpX1H7DljXYH_aMvO6BOCq1AfB6ajUatKM0=w1200-h800-k-no
Wisata Mangrove Tofuti,"CXQH+G55, Tofuti, Kabupaten Morowali",Kabupaten Morowali,Sulawesi Tengah,https://lh3.googleusercontent.com/gps-cs-s/APNQkAEYlOQLXNJOVnCR4xcbCf0TU3ovlOwZpo1le9pkiq0vkrz1V4YY0BMrXnRW1D10rEkEWWR6tfj25_0IkhKtMJ7JL5YC_XQxMUjH7jLbXrhfYVS_3DY3TY5aEwbHevgp6gFpXKDG=w1200-h800-k-no
Dermaga Lawadia,"MX93+WM7, Lawadia, Kec. Tiwu, Kabupaten Kolaka Utara, Sulawesi Tenggara, Indonesia",Kabupaten Kolaka Utara,Sulawesi Tenggara,https://lh3.googleusercontent.com/gps-cs-s/APNQkAHx671McVz9ramZZmM77IrM_79jOn0DdClggHk5DPu1q5w2-5q1kaT23deO4oUcUrEK2drO6u0CSD2J9R1iPSBwSTvr5dmhY3kfINTha9pUhgSSHhfBrB6yfGOcuI04t_o3Dg0=w1200-h800-k-no
Pantai Karang tajam,"C4GQ+C2F, Taludaa - Pelabuhan Gorontalo, Bintalahe, Kec. Kabila Bone, Kabupaten Bone Bolango, Gorontalo, Indonesia",Kabupaten Bone Bolango,Gorontalo,https://lh3.googleusercontent.com/gps-cs-s/APNQkAHZfeSyWfIG2Jtq26lE0rQlL_DX3gmo6YzAQ8GWuFOTGFL4bsFg4_HwiPtOtr-ARL7AYg5Qq8VSkFL7XGZw4M1SAdwZFILpgL6b8Gr6DPo0T4MxJWw1jXfpV0tE6YQGyCUAClI=w1200-h800-k-no
Anjungan Sungai Mata Allo,"Anjungan Sungai Mata Allo, Galonta, Kec. Enrekang, Kabupaten Enrekang, Sulawesi Selatan 91711, Indonesia",Kabupaten Enrekang,Sulawesi Selatan,https://lh3.googleusercontent.com/gps-cs-s/APNQkAHIKdc9OVhCUag59jjBlqvIsEo87lyJNZSLMrrWTyj7OuX2Pb0faXz42nyOCma33tS-BbSriGshXgAhnOaNkdxyR-Nd0ZvfVcVuQvQxX1GaOQKnOjzqmx-I2QCqWY448dxErHIhhA=w1200-h800-k-no
Wisata Bahari Kapelak,"7HPH+6C, Matanga, Kab. Banggai Laut, Sulawesi Tengah, Indonesia",Kabupaten Banggai Laut,Sulawesi Tengah,https://lh3.googleusercontent.com/gps-cs-s/APNQkAFUFnKAZwVMSlf4gVuVorcG-ZV6Aq_CwGlMLfaocC9xdWiy1HNImMsdGopCPDpKh2O_Q_iXsQJ1Zsj5iBoIlTfS339JtnAcCZrgvnUHYUGE3PIbqiGd2ckVI40TOjVldUUs-WXR=w1200-h800-k-no
Air Terjun Malaringgi,"MV7G+P2C, Malaringgi, Laonti, Kabupaten Konawe Selatan, Sulawesi Tenggara, Indonesia",Kabupaten Konawe Selatan,Sulawesi Tenggara,https://lh3.googleusercontent.com/gps-cs-s/APNQkAH34wmTMdd8qZBscs_w_7Foh5fpvnJuiJkrbQaHprV8H5cEfwhLrb-dZ1CaaqkZh8X-zhDvCTWIcKbeW9NVT9zIe4oymzBAXOscoFAeMK2vaP3NZ8zQq0IkvIflu2JYNzfuQRNP_w=w1200-h800-k-no
Tanjung Buaya,"HCXP+928, Tanjung Buaya, Mawasangka Tim., Kabupaten Buton, Sulawesi Tenggara 93762, Indonesia",Kabupaten Buton,Sulawesi Tenggara,https://lh3.googleusercontent.com/gps-cs-s/APNQkAH7Zl6VQumL5mQEdc6bLcTgNGtaI2PRr_S3IwiI6v7u3643gt0fQoLjmjO06oalHK74YavRd0cf58Ke0DvOnfX29mS5PExnFSfN3NimH9kJ8wHKG_BUQqPIZZPakyel1vUFvuI=w1200-h800-k-no
Taman Segitiga,"FXG6+3V3, Palopo, Kec. Marisa, Kabupaten Pohuwato, Gorontalo 96265, Indonesia",Kabupaten Pohuwato,Gorontalo,https://lh3.googleusercontent.com/gps-cs-s/APNQkAEfKrZZtDJQFXojbtJimUs9Y-jfRJyPGKJdunxwXuCKbUEZcum9B9e9G9ZnZptBclqdouHsALz_EYc4IA4KiRBQW9Rl9_oakCsBwNTHGe009vmS6eFGJYFoyOMue2F_8zdeh4WXZUma0z0=w1200-h800-k-no
Pulau Idaman Boalemo (Eks Pulo Mohupomba),"F9F6+MQQ, Bajo, Kec. Tilamuta, Kabupaten Boalemo, Gorontalo 96263, Indonesia",Kabupaten Boalemo,Gorontalo,https://lh3.googleusercontent.com/gps-cs-s/APNQkAH483Z53Xi6LAdIYpbNod9MajFsgFyo88DZEiX5qM0LxvM_orb9NovFZjyLZSGBwRgxiv4gqw3g-i9FiKKw0lfoWnasBNgxAbnUvoscO48oaxp5ZYc-OZRtuvgfrDpfbovN2H8=w1200-h800-k-no
Pantai Tanjung Bubuan,"Unnamed Road, RMVX+5C9, Buyat I, Kotabunan, Kabupaten Bolaang Mongondow Timur, Sulawesi Utara, Indonesia",Kabupaten Bolaang Mongondow Timur,Sulawesi Utara,https://lh3.googleusercontent.com/gps-cs-s/APNQkAHAwzlA8XSVPQxRtMmpgHoqF5OaoLOQi_ys8Ou2Zs3AEn2M33kJSNlzhjX8OO8b1jSL11T6IWAx8_LMVilF93DQfVa7IhxR2GYYe0bXFubBZ-eg71v8eq85Kr1sH3u1kgAgv3v-=w1200-h800-k-no
Bokori Beach,"3M55+XWR Pulau Wisata Bokori, Tapulaga, Kabupaten Konawe",Kabupaten Konawe,Sulawesi Tenggara,https://lh3.googleusercontent.com/gps-cs-s/APNQkAGq-rPkJO9nEoJL8nWet8gecWmmDUrpTCbsgFTtdf3rVt976fV5l34ShL2wl38LmdhSw_tEGOlKmMk-2GksW5RQ4P18w7pQ-UlRWS-a2YPXpK1FR0LwWH-UdbpEBFDbf5ckLpv57A=w1200-h800-k-no
Pantai One Wanta,"Pantai One Wanta, One Waara, Lakudo, Buton Regency, South East Sulawesi 93763, Indonesia",Kabupaten Buton Tengah,Sulawesi Tenggara,https://lh3.googleusercontent.com/gps-cs-s/APNQkAEQGlOyOP_tgiZyTWNU2sl_UEinQ6rTCrEIHvoMFbu-yUgYeNJeNAbDrHnnsMR6l2XRaNlRplLm-2aNESPEBsCvfl1Bk68zX2M40LK5jTygFK-m7q7nGblX1GbBfIwtjAWbqJH4kg=w1200-h800-k-no
Air Terjun Kona Rattekallang,"Unnamed Road, Q2HH+M2X, Pollewani, Kec. Tutar, Kabupaten Polewali Mandar, Sulawesi Barat 91355, Indonesia",Kabupaten Polewali Mandar,Sulawesi Barat,https://lh3.googleusercontent.com/gps-cs-s/APNQkAGYfe06xxT6FKlE7V1I9_k7QGlNz2kJZfPmn21m2e2LPEJtXIDbeG7c0jgdC20YyQOMHKsoJw8pilawGJEoZ0DUZ4_nX3OkKxsmdGk1_kUBtwVyFN0fvgE_8w1N7TjjUqr4AYpviQ=w1200-h800-k-no
"Kebun Strawberry ""Dunia Berry""","394M+JQ7, Mamasa, Kabupaten Mamasa",Kabupaten Mamasa,Sulawesi Barat,https://lh3.googleusercontent.com/gps-cs-s/APNQkAHGBW8eBS8IpFMRyOr_--VspBb2xB_I5N1r_ufsTc9WMqddy9p6Nxc81gy40tOVOqF_FbxsfY9VvWk_FE6bV5KqJK8DxDmcKmHnKqFPr2re21cv_8MRa4lkwauctpgJjc2BbGkb5g=w1200-h800-k-no
Batu Kuangang Wisata,"Jalan Batu Kuangang, Lingkungan VII, Malalayang Satu Barat, Kec. Malalayang, Kota Manado, Sulawesi Utara, Indonesia",Kota Manado,Sulawesi Utara,https://lh3.googleusercontent.com/gps-cs-s/APNQkAEpy2OtOGhOP_F2Zz0hwS2ppLjTHItldHkg_qbZC-f3g8rNRjpjCEw1Sj09CKZ2WSFiuycU9WwI6GsuOZ8WQzo2xJiPA2eIIrepemqCdsIhv_pdS5CK-l75VFkjz8g7AazsEvDn9w=w1200-h800-k-no
Pantai biskam,"MH57+Q6P, Motongkad, Kec. Nuangan, Kabupaten Bolaang Mongondow Timur, Sulawesi Utara, Indonesia",Kabupaten Bolaang Mongondow Timur,Sulawesi Utara,https://lh3.googleusercontent.com/gps-cs-s/APNQkAEqlFI98AkYrnLEzBR6BpkGvQp-3WwYPLvkcsskD4ujz2rCyWj-Reoa4iYfZxXDMDj4fKRCZs47rOPLNADbVekog20ZOAFjtvpMWjPx-ZbKXzjs_-7bsvEb-EOPcWMOjYTvwEvPenMKJH0=w1200-h800-k-no
Pantai Maninang Buol,"4FQ3+3W6, Jl. Buol - Gorontalo, Bokat, Kec. Bokat, Kabupaten Buol, Sulawesi Tengah 94564, Indonesia",Kabupaten Buol,Sulawesi Tengah,https://lh3.googleusercontent.com/gps-cs-s/APNQkAHtgaWYdczvxUgo3v2VuuzlH_4NQyGGA0tcHjQAJ8KNP1KyNfYQPiF5QciblqlS-LXloVVaL56oa7DmG50EipIcP9waR883bE8iBnoPkAEd6fORqH_SVoOciJlVsbe1M5n2i4c=w1200-h800-k-no
Bukit TRL,"Tim., R6JW+63H, Saukang, Kec. Sinjai Tim., Kabupaten Sinjai, Sulawesi Selatan 92671, Indonesia",Kabupaten Sinjai,Sulawesi Selatan,https://lh3.googleusercontent.com/gps-cs-s/APNQkAHHf4IMfFsYvk4GxokWQEda5MyMdiYV9A9dfHZCmP26Z19y2VHfLlLj6UG0Mnis4kWFrHPa3rHspobbrDzpfSwtHzIqVDrMPloKmel-R6gb_FbTyrzhZ6JpCyJZCFWL9fFYU3E=w1200-h800-k-no
Objek Wisata Danau Assa,"VVWJ+PV9 Kalembang, Lea, Kec. Sangalla, Kabupaten Tana Toraja, Sulawesi Selatan, Indonesia",Kabupaten Tana Toraja,Sulawesi Selatan,https://lh3.googleusercontent.com/gps-cs-s/APNQkAHjxeFIBku8FUnLzuPFrGF1eNIOD4zGj-49A5w3CmV9CHOm1RZfUHZ7fbd7Xf9hEKOPQgCYkjOM4WhejuxDPT-LBBT6SuUxahAqnRan_oHyDnBxQnY5cj8M8c_iVCSNN5oGIuPw7Q=w1200-h800-k-no
Gunung Kambing Sea & City View Palopo,"25CH+C3G, Salobulo, Kec. Wara Utara, Kota Palopo, Sulawesi Selatan 91911, Indonesia",Kota Palopo,Sulawesi Selatan,https://lh3.googleusercontent.com/gps-cs-s/APNQkAFYLvxRC0AAk5mThIZmEGVQY2CUJm_xUDrgQg4m09OrDS1m_LKgDWxujwxgzGMb___zxf3ROiSANF6It52N3OQBoJKEqd21D1suGAkX_BZP2H1v7pd6I101KKQ1ueau4IebAn88=w1200-h800-k-no
Pulau Karang Pasir Putih,"PRF7+4PF, Desa, Umpanga, Kabupaten Morowali, Indonesia",Kabupaten Morowali,Sulawesi Tengah,https://lh3.googleusercontent.com/gps-cs-s/APNQkAEP3xvajK-BwcRQ0hvcMICJ0IBs-rP-VRCz087rWTavvgdIEJPAHncPu9gt8FDLVk6vnwDhOpnIpz6MSGrgrEXM_arp1wdfAOmKDL1K3c-bDmyS4qDA8d2aVuAMC9TsWL6SEj6RZi6Il4s=w1200-h800-k-no
Objek wisata kolam tilanga',"jln.objek wisata tilanga, XV7P+RP6, Sarira, Kec. Makale Utara, Kabupaten Tana Toraja, Sulawesi Selatan 91852, Indonesia",Kabupaten Tana Toraja,Sulawesi Selatan,https://lh3.googleusercontent.com/gps-cs-s/APNQkAHQUztQJRH6Zx02VBgFLGkGzYkotSfkz7I6i-ZPEz9b8kHuguZzrkLVQlTaiIwgI1NIiyiQmtK3xPudoBQHCC9f266QNuNwwDKOxaEkADQw0IpxWt9Z4xHusQW3632f7he12u0=w1200-h800-k-no
Danau Mahalona,"Danau Mahalona, Kec. Towuti, Kabupaten Luwu Timur, Sulawesi Selatan, Indonesia",Kabupaten Luwu Timur,Sulawesi Selatan,https://lh3.googleusercontent.com/gps-cs-s/APNQkAErFOrDPsVhtXfTOYJHViZttYj0DnX2Rh6emf48DvwuoSo-vWrLG1S1oNCyCivLwTDR2836vvgiuDW2T-cJzE1bPjD4Hj-npDBJ7lCVqyxlvNTjaBUp2uciy3z5SKJigbXvESePDA=w1200-h800-k-no
Pantai MANGNGESU Desa Salajangki,"H9M7+6QV, Salajangki, Kec. Bontonompo Sel., Kabupaten Gowa, Sulawesi Selatan 92153, Indonesia",Kabupaten Gowa,Sulawesi Selatan,https://lh3.googleusercontent.com/gps-cs-s/APNQkAEfqoHSKhFNQ1s7Z1YF3b4ZOJ_uvXpUJOUX4pe-xbyaOUJCcybowlwMXrVDv9AWyzdsb6J21wpYXOU-fVgvc8Ffx8i4qILgekSObKitb4xMh0AR85woJsgWOCaTjYhUjHLdst0=w1200-h800-k-no
Wisata Pantai Galung,"F2FM+HFV, Kalukku Bar., Kec. Kalukku, Kabupaten Mamuju, Sulawesi Barat, Indonesia",Kabupaten Mamuju,Sulawesi Barat,https://lh3.googleusercontent.com/gps-cs-s/APNQkAFKEQAimTGDVwo9QiFcKSlb3jYgTFFta72dzoEdKA1iVnX1iNbXrOYH47R3iXlzsaPc5bzujZgPZjOT_4AnqbIadKB-NOlt4Go94qwXKzPrzyxGBKyaKsiHvWk5zVlxKCOjW55M4g=w1200-h800-k-no
Pantai Tanjung Atep Oki,"42WF+FG8, Parentek, Kec. Lembean Tim., Kabupaten Minahasa, Sulawesi Utara, Indonesia",Kabupaten Minahasa,Sulawesi Utara,https://lh3.googleusercontent.com/gps-cs-s/APNQkAGfmTli--DOTxBxS3PLo4ZDY_BB7hA33yITyeFher6LSbF5nuLvHqaBL4I2W3I8phWOVtS26sg1-uwBCwXynXmHNMhxA7XOz_og8oIalQeqQKFGarZ7Al0AAB7w3zUAFysoXy7eUA=w1200-h800-k-no
Bio Hill (Puncak Bio Pemandangan Alam),"CGJQ+HC, Makalekuhe, Tamako, Kabupaten Kepulauan Sangihe, Sulawesi Utara, Indonesia",Kabupaten Kepulauan Sangihe,Sulawesi Utara,https://lh3.googleusercontent.com/gps-cs-s/APNQkAFcI6esHWdmJl92wsT8EoxV2dmqP9yZU6fqfYkfNLLK5sSU2ZwsrXDM0fcA1Y0bIwVm7hP23c4uimB6djxBI9DfVf0bY7mgW5hhT--NFXu5AE2DTpiR-_VtBxdhcsckgOQguxE=w1200-h800-k-no
Air terjun garuda,"9VHP+WQ2, Garuda, Kec. Abuki, Kabupaten Konawe, Sulawesi Tenggara, Indonesia",Kabupaten Konawe,Sulawesi Tenggara,https://lh3.googleusercontent.com/gps-cs-s/APNQkAGrLoKOH45vrYJBhN71uZFRGKTgEJB2l0L5-xl6vNBEnh0Ijc3JUb5gYdVoEZh0JE6jWhDNGtUCBiShm3bpR1rDcdrefoXEA9DdDYOJMU30h_XXDpM6m5zGUP9j8EQaSclOE-vX=w1200-h800-k-no
Pantai,"WFR8+HMC, Jl. Salodong, Untia",Kota Makassar,Sulawesi Selatan,https://lh3.googleusercontent.com/gps-cs-s/APNQkAFValXbuHv6GFbyKJaSr-S_GPyajYRdRaVudVgsxUDSUhLtIWo9n9m0ylFdEMv9BAqzwn_7tkbEraHfeYWS6Sv8SXqew11nuiopFTsLx9bf-ha8o2Do-4dKnT1I1ytNjOLK6B0bdA=w1200-h800-k-no
Taman Buru Ko'mara,"HH84+29H, Cakura, Kec. Polombangkeng Sel., Kabupaten Takalar, Sulawesi Selatan 92252, Indonesia",Kabupaten Takalar,Sulawesi Selatan,https://lh3.googleusercontent.com/gps-cs-s/APNQkAH9Va9nQisUmUiIaEkWyMJ3Pavff8sc8ZxUmpuE8ywErtWPruMRnzLos34eo3CVfPrX2NXWrUQVjl6FUtw7f98XQrjMNPzVfY4nF4ls5oavgob0QBTCWvtnh7H4URZUSTtYBjYYHg8TWHBA=w1200-h800-k-no
Permandian Alam Tampa,"R66G+QC, Tampa, Kec. Ponrang, Kabupaten Luwu, Sulawesi Selatan, Indonesia",Kabupaten Luwu,Sulawesi Selatan,https://lh3.googleusercontent.com/gps-cs-s/APNQkAETBjKsf8Su8LtabEBfLVBqVjF1AYVpIS7Ch9uHXPDuj8PiGqC6QOb8lBm1y2TIIZ4eitZFDfKZvciejikFgV-cWi8hXbcFOZsXckE2E4fiK8dfCmR3tcojf-5kptH_1Glw9zHGjQ=w1200-h800-k-no
Air terjun Toerama Toliba,"HXJ5+G5Q, Toliba, Kec. Tojo Bar., Kabupaten Tojo Una-Una, Sulawesi Tengah 94681, Indonesia",Kabupaten Tojo Una-Una,Sulawesi Tengah,https://lh3.googleusercontent.com/gps-cs-s/APNQkAFkUCAZkNWgCRAP3p3u184oMeKqFHjcCVo9kGjmouhpUG_WQPgob1pTV2OQeKOSokdp5rtzTczmig_xfD4deAMkQNVxMb_t9uBidCFYTULiZ5nNdxObEP1R6Az1ZnT98V8x9uqMZXnto2o=w1200-h800-k-no
PULAU TIKUS,"MP8X+6RH, Paisubatu, Kec. Buko, Kabupaten Banggai Kepulauan, Sulawesi Tengah, Indonesia",Kabupaten Banggai Kepulauan,Sulawesi Tengah,https://lh3.googleusercontent.com/gps-cs-s/APNQkAHakTlBvkj3wwrA5NR9EPww3Z5AMoizqsj9CSkOxMBYNFn0r1DRH3zu5_wSw3HUV_e8dbJEu0e7y17Z0iM4IWlhqiwchvNOCHWYze0dNkapGCLzDS1AhkSeih9pZJQCtpvG-5DwaS0vRhCY=w1200-h800-k-no
Ecoeduwisata Mangrove Parangloe,"VCRV+P67, Kasorokang, Parang Loe, Kec. Tamalanrea, Kota Makassar, Sulawesi Selatan 90245, Indonesia",Kota Makassar,Sulawesi Selatan,https://lh3.googleusercontent.com/gps-cs-s/APNQkAEWlN0GDOXlS9MV5llAaTh7u6A866GsNshR_-LHzTx0qfzPlD2CChEtvvFLBa9cw9s7CIMkJw9pbWlCWxO83rYhHAoCSECJTfjBjGosqsEdMY7d68gsDBdx3vyBJ9t5PVXb_LMB=w1200-h800-k-no
Bulu Paleteang,"Bulu Paleteang, Temmassarangnge, Kec. Paleteang, Kabupaten Pinrang, Sulawesi Selatan, Indonesia",Kabupaten Pinrang,Sulawesi Selatan,https://lh3.googleusercontent.com/gps-cs-s/APNQkAED6RS_PZfz370FCcbb6TdxOzLRsVnrd0zRSrV4UT6uV8gEAZkyhp-neIPJgeO0KDB8VIBWtZ_EWcb3PnjgxtPATc3i2diufERxoEVBGk72Qbi4pO-C-flXH1pN8ywHXoeFP82h=w1200-h800-k-no
Pante Woka,"F77C+R43, Gn. Woka, Kota Bitung",Kota Bitung,Sulawesi Utara,https://lh3.googleusercontent.com/gps-cs-s/APNQkAGt_1JOAYvY_uTaYr5P1JxcElajfG-s1xLmaxlqkBr5QsMPAK_EIcVaV3a-L2LTUlM-TCUl-3ix6ISaspnaB2EcepZfDCm2KcZBJAedfU9LxV-9V8HOIJG2eyrOiy9f1VNwzOFR=w1200-h800-k-no
TUGU I LOVE SITARO,"PCJ7+P9P, Unnamed Road, Tatahadeng, Kec. Siau Tim., Sulawesi Utara 95861, Indonesia",Kabupaten Kepulauan Siau Tagulandang Biaro,Sulawesi Utara,https://lh3.googleusercontent.com/gps-cs-s/APNQkAGGjHatoc_wsuy0q2NFRVQtZY2MhsMk-RcdpSiBq7TJeGLUSVyIV7Q-HjvM2L1fhQrHz7PwrhUj6_H7oaAXFb-AFntJ-JVI0jvOWGvlV5_3cPQt53r1YHqJKk1yO4MzYcyO873GFbwqG5c=w1200-h800-k-no
Wisata Uwe Tombu,"CQ2Q+GV, Toaya, Kec. Sindue, Kabupaten Donggala, Sulawesi Tengah, Indonesia",Kabupaten Donggala,Sulawesi Tengah,https://lh3.googleusercontent.com/gps-cs-s/APNQkAHUkcd0_H-qMoxk--v9a-udlsyfHUWUVfBwe8nDCM-PRcsxsqH_-NEs6An4m4Mw1mjGUN9g6Jnv_hWq6hHt2czpOzFIF1ZvVSODCXj0sIDNAkwwGY7UHMRsVi7WM36FtGCm_2k6=w1200-h800-k-no
"Pantai Bamba Taipa, Pelawa Baru, Parigi Tengah, Sulawesi Tengah","742C+8F8, Jl. Trans Sulawesi, Pelawa Baru, Kec. Parigi Tengah, Kabupaten Parigi Moutong, Sulawesi Tengah 94471, Indonesia",Kabupaten Parigi Moutong,Sulawesi Tengah,https://lh3.googleusercontent.com/gps-cs-s/APNQkAFFNrFc--8WvSGb91PnUiuNq0hCNO2RC-c5YoMS8iTM8_jJigW1YW6oLGFQ1rfW0t_8NknDjeajjPMdrMLfRv2cXVD6e2if44V1KFmzBFMw9PPrW0xDBDz_rJB1KBVzE76_RPhoZ2Yb45Zz=w1200-h800-k-no
Muara Lakologou,"HJPW+H43, Lakologou, Kec. Kokalukuna, Kota Bau-Bau, Sulawesi Tenggara 93758, Indonesia",Kota Baubau,Sulawesi Tenggara,https://lh3.googleusercontent.com/gps-cs-s/APNQkAHH8uhWt2LtMjJDhNiU4lYeEH7twzAT_XrJZdFZPB1sRFLUSnzrYrEGRJySBVr0O4MW0EKa8FIqHGJ-11rYCBz_LL6jPjGz1yUaVbBPaUwKhAlWuQK5dvZLh8opoCULv35grUg=w1200-h800-k-no
Anduna Camping Ground,"Anduna, Kec. Laeya, Kabupaten Konawe Selatan, Sulawesi Tenggara 93880, Indonesia",Kabupaten Konawe Selatan,Sulawesi Tenggara,https://lh3.googleusercontent.com/gps-cs-s/APNQkAGYqnUICafT7qd47ZZ0zU3Nt6i7TtthJMOmFuUzKqb-lDqXK3LMnzCT41AGXMyhbgtIDB44uq4WvihqnUR4X5oOErhcM9_elTgyH-yE0_f94eNHfhbkbaKiBW5QySKzVfEXIeik=w1200-h800-k-no
Permandian Air Panas Alam Malimbong,"P9GJ+M4M, Malimbong, Kec. Messawa, Kabupaten Mamasa, Sulawesi Barat 91361, Indonesia",Kabupaten Mamasa,Sulawesi Barat,https://lh3.googleusercontent.com/gps-cs-s/APNQkAF-cBQNbbZzApB0zwd4H-dQpkjGMqypahq2-e98ntF5XrtpgK5xlKE1koRGMSqzIkjbrpOiSB8TarfQYEj0Y4JPzQtYs9Okpwz-76eQRgl9Z0R_tTydaM_HXu3oxi1y-4bxTcIUaw=w1200-h800-k-no
Ilomata River Camp,"Jalan Pilomatea, Dusun 3 Pilomatea, Ilomata, Kec. Bulango Ulu, Kabupaten Bone Bolango, Gorontalo 96545, Indonesia",Kabupaten Bone Bolango,Gorontalo,https://lh3.googleusercontent.com/gps-cs-s/APNQkAFp9dAIaWUxlyg-4fhpAU3xAnMOVHiDl-GdmjXnkfbTvqCMaxCJbkVvvC-2tfM1QK7bFujdazUDzwmr8g-Md9vBDsZZ0VuQ4WQzOfFW2VEr5_A7nY9gPKUM-mIP46MDBN5GseUiPA=w1200-h800-k-no
Kolam renang Roni Cell,"Jln.menara, Tanah Kongkong",Kabupaten Bulukumba,Sulawesi Selatan,https://lh3.googleusercontent.com/gps-cs-s/APNQkAGKrMe7wKwubrSWUF_cv5zz9j6oV4Wc9138r8sNj0akFgzRaA1V70V6OQHimmLg9joqI0MgSuNJzTmnKvxJo0rneTJmQjYLM_PvlYeMF8dzcTuqAoVkVaLJ-gkiWaYKW0_kFgXnrib8lwjU=w1200-h800-k-no
Danau Lumpias Ratahan,"2Q3G+7P2, Jl. Ratahan - Kotamobagu, Wawali, Kec. Ratahan, Kabupaten Minahasa Tenggara, Sulawesi Utara, Indonesia",Kabupaten Minahasa Tenggara,Sulawesi Utara,https://lh3.googleusercontent.com/gps-cs-s/APNQkAF5if3-PMWPid0xscT4Y9MrujRSoLj_CzVxKHWduo6FRC91wvhUtKOGZVr54jJqjENTPzmLRJWDHbHW387jEUwUnu3zyPg5F2stnQQzK-yvAWaA4LrCF_aiZkTCzf5q7cosTZ3I6Q=w1200-h800-k-no
Pantai Modisi,"93MG+W6, Linawan, Kec. Pinolosian, Kabupaten Bolaang Mongondow Selatan, Sulawesi Utara, Indonesia",Kabupaten Bolaang Mongondow Selatan,Sulawesi Utara,https://lh3.googleusercontent.com/gps-cs-s/APNQkAGNClVPJQnLCIMhgQrr45r8SttZ64NV71cKoIKptNBOdHoacswb1sV1itZZSbZYECIF0e368n0n56bOz3FuLi_Js1I_kKtQuk2Bnn9ZMnBZwGigWubB4Rd9RlY7aYqR7rL1BGVfDlesIRue=w1200-h800-k-no
Pantai maya ria kasilampe,"2JG2+HV6, Jl. R. E. Martadinata, Kessilampe, Kota Kendari, Sulawesi Tenggara 93121, Indonesia",Kota Kendari,Sulawesi Tenggara,https://lh3.googleusercontent.com/gps-cs-s/APNQkAGv2lyck7HX74Syfbq4CoqDDV6W8zNNMdHMmIL0CpL0NBdP8BfTavHevM6kI09VAoEeo_qBR69JWGCbOSboQ9aOHsUt4dPAZKX2FhXXTyRDQfTdMuFozKATUrjtrxfFLM_9AfHCJg=w1200-h800-k-no
PANTAI DELON,"Q2VP+XV4, Olo Oloho, Kec. Pakue, Kabupaten Kolaka Utara, Sulawesi Tenggara, Indonesia",Kabupaten Kolaka Utara,Sulawesi Tenggara,https://lh3.googleusercontent.com/gps-cs-s/APNQkAHoZz9Rnc9rNAJs0uNj5_dEO7ymhuVgUe_GMSq58td_8qgycyNcbvIpvzhtEI-K9pUWNchzFgmFdSfGc5CkqDYISwbYnmq1275fHM-eNXzmkaAiWXogPBNMyhIFCPVhA2Wt8Ozh=w1200-h800-k-no
Masjid Al-Husein,"WGC2+2HV, Wakumoro, Kec. Parigi, Kabupaten Muna, Sulawesi Tenggara 93661, Indonesia",Kabupaten Muna,Sulawesi Tenggara,https://lh3.googleusercontent.com/gps-cs-s/APNQkAEvhtMXLFPuLzx43xnJ68rQRuX734LBXAG7XbbUkmUGUtm_knJRmn8NxSPwJ58SVqHbPhhsBb_Y3R1xwhKdPRfJyesM6_3AQs2gxgVKVhPhioMGmdszVQ5NwEK6c-f-99VIht0-=w1200-h800-k-no
Lembah Titung (Bukit Teletubbies),"QG4C+J4P, Bontomanai, Kabupaten Gowa",Kabupaten Gowa,Sulawesi Selatan,https://lh3.googleusercontent.com/gps-cs-s/APNQkAFd05DHexYPa6aMJeShPsI3QzkyHIsv9msScmdHmG5v7frgs8G_hWP5QB9ZlRTQoG28kFCoePzLGuOueE_OlPjmobNeVIHla36aXhF33VuEj7a98xeOecYHDqcvGgrNw2GIzt8=w1200-h800-k-no
Dusun Sawagi Desa Pattallassang Kabupaten Gowa,"RH27+99C, Jl. Danau Sawagi, Pattallasang, Kec. Pattallassang, Kabupaten Gowa, Sulawesi Selatan 92171, Indonesia",Kabupaten Gowa,Sulawesi Selatan,https://lh3.googleusercontent.com/gps-cs-s/APNQkAEeAFsH1FPsnT4326NyAqYGJOsJ3oNYF0fN4P8iw9ATYYdVR3K1iqqQI59VaFOnIXExk7kh9E4xf3dvrtKCb7OD3OUnd7NgNQ31Elx2rqrg-0AnWfjF7orKGd44dTjsCfaDdu7y=w1200-h800-k-no
Gunung Dua Saudara,"Gn. Dua Saudara, Kadoodan, Kec. Madidir, Kota Bitung, Sulawesi Utara, Indonesia",Kota Bitung,Sulawesi Utara,https://lh3.googleusercontent.com/gps-cs-s/APNQkAELzoDiPnh2OUkrl80E5PA1GHDeqPQXOvK9-rx_6Xe-oI0KHWL19wKGIPUurO_4iuvnlfAQXEzJnbKfXjvxvnyHKb7qx1TkQpQqeJuds0ToG9YTsdHeudqdcvLcIgYfBpPqAJcz=w1200-h800-k-no
Kebun Buah Sigi,"WWQ4+RWX, Sidondo IV, Kec. Sigi Biromaru, Kabupaten Sigi, Sulawesi Tengah 94362, Indonesia",Kabupaten Sigi,Sulawesi Tengah,https://lh3.googleusercontent.com/gps-cs-s/APNQkAFpzU-9TAULN0lnOBWncdOwn2jC01TVqsIIFcgy1LQX4-vJu1oYSqe5BezhCg2pbuTvmJlCpJlRTLuLUaVOieQQQq52tSAzZ0_TVRn4ejh-7kknLRe9UZ_Fw3vBkKulSAgmc_0_6g=w1200-h800-k-no
Bukit Alam Kolagana,"MM32+FVF, Jl. Kolagana, Palabusa, Kec. Bungi, Kota Bau-Bau, Sulawesi Tenggara 93758, Indonesia",Kota Baubau,Sulawesi Tenggara,https://lh3.googleusercontent.com/gps-cs-s/APNQkAHAnboH6gRkZ346Tohm55vPQzHSy9KZBOrfRx2XR7rXpHMlmbiuoqHp6NCk9uiKIwDJhicHU5SfZ1AACm9cd8CF2iRID4eHfZR4C-5yI_PJcC37LHdavb_qZ5GTg_jtAQ70Bs0E0w=w1200-h800-k-no
Pantai Jodoh,"8J5M+R36, Desa, Lampanairi, Batauga, Kabupaten Buton, Sulawesi Tenggara 93752, Indonesia",Kabupaten Buton,Sulawesi Tenggara,https://lh3.googleusercontent.com/gps-cs-s/APNQkAGW4PHsfjsHBEA8KYe5fntrWJBepWNr7XArCM5LWdsdZaPwngmY8JHjUgh33SUtp7_bhvkdBizlOwBwjXUQxwwe71ezbYxw8aRYOf6w8sTLMQ7gtV_MvEwLI5IsbnKCJmgYFtFLgw=w1200-h800-k-no
Embung Iloheluma,"Dudepo, Kec. Patilanggio, Kabupaten Pohuwato, Gorontalo 96266, Indonesia",Kabupaten Pohuwato,Gorontalo,https://lh3.googleusercontent.com/gps-cs-s/APNQkAGucBTwC6bxYXihZWTvTmL9ThsZk27rAvJWkpOoZNvxiMERmfU4LjSS-ojDcP5KzUJdgRVgjfffkZ_RpoHmC7Zydy7OK8y2OWG19N0fqvhuC-8wvBG84407XixNnH6bQUaRRg7b=w1200-h800-k-no
Sungai simbuang,"43W6+V83, Ilan Batu, Kec. Walenrang Bar., Kabupaten Luwu, Sulawesi Selatan, Indonesia",Kabupaten Luwu,Sulawesi Selatan,https://lh3.googleusercontent.com/gps-cs-s/APNQkAEKJ4TssYaQ-NvsGdiV38SpuYACm14K8-fdM2ZRTuHQEMj4UYBLjbQcbtsSgFH_wZswlQwtxr01CyX5F-b5YCrvrsqtXiuiwuIH-b0ORVmyjYj4u5xQ9u15c3ffg7T3fmwarjQq=w1200-h800-k-no
Permandian Air Terjun Sangkona,"Unnamed Road,, 628H+P3F, Doule, Kec. Rumbia, Kabupaten Bombana, Sulawesi Tenggara 93771, Indonesia",Kabupaten Bombana,Sulawesi Tenggara,https://lh3.googleusercontent.com/gps-cs-s/APNQkAF1-WaC3NppUMQVWB2KqrQt5N44ccp1gikwIF88sLtPwYvWIG72m_dFB9N_k08RRskRyi1UVsuxfMf3Ouiu-3wzPIFAtKDK2oFWcR98bQmeRZ9tnzfTBURhQ2fWJVqpYtc4r05FAjVdR_U=w1200-h800-k-no
Pantai Kilongan,"Kilongan, Kabupaten Banggai",Kabupaten Banggai,Sulawesi Tengah,https://lh3.googleusercontent.com/gps-cs-s/APNQkAHeRWQwES-f0R302YkTSQaSohtsyZ9xechOt1k259TxB9iMsoHufHsUqlIywgst2lWhTCRZcHLW9WoazRQoXGOu2QiU4URPgZry-utz3zvzh7MFUZDZpxy7L79I2LYMXHKLcGaW=w1200-h800-k-no
"Dermaga Desa Sorue Jaya, penyeberangan pertama menuju wisata pulau bokori","Sorue Jaya, Kabupaten Konawe, Sulawesi Tenggara 93351, Indonesia",Kabupaten Konawe,Sulawesi Tenggara,https://lh3.googleusercontent.com/gps-cs-s/APNQkAGRbuVpkvayPL4ZK1oNr2XdCuxSRZeiGe_APuBpVlN2sv0NkYAfGUdhwxDNXOLaK2iK5SOpUHDGSwUOMy4s2qwafCcAGcYU72w904s_lk24M7Ff0lfoZtRKubleSWP9tv8wGEQfbQ=w1200-h800-k-no
Pantai Alo Alo,"42GQ+MP, Pulau Tambako, Mata Oleo, Kabupaten Bombana, Sulawesi Tenggara, Indonesia",Kabupaten Bombana,Sulawesi Tenggara,https://lh3.googleusercontent.com/gps-cs-s/APNQkAHlCjiwrCM0exeQ5kriUgVavsqhZOt-TjnVU42VukrkrQvTfP_4bEXrIYueyrRSVHDtiOf-UTYWPRsfbQFF9JD1fNqfR9xQ1pN9rj0E406tL6uO3kkirTHioPHkb88McwVXlGd4vA=w1200-h800-k-no
Pantai Tarawat,"Q9WJ+MC7, Barombong, Kota Makassar",Kota Makassar,Sulawesi Selatan,https://lh3.googleusercontent.com/gps-cs-s/APNQkAGFVLV8z8WCwqq6o3OYJ9eymp6J5vl8mH8w5b5Xd3rGD286XAfp7_V6EdaywlnfEasVfL5_gLnA6UUievgUYm3AbZmxvlqAUA0FIG_c13cJQfVhujL7rjSfcqGO6TxRkfTbthPVQg=w1200-h800-k-no
Wisata Topejawa,"FCRJ+CCX, Topejawa, Kec. Mangarabombang, Kabupaten Takalar, Sulawesi Selatan 92261, Indonesia",Kabupaten Takalar,Sulawesi Selatan,https://lh3.googleusercontent.com/gps-cs-s/APNQkAHoKntWKggFMIk1vraJEeI_NKLH1YBflLeNgaymHBJDUJypSCsjqOsTFU3LNXF7lrhMhbvfrn1hmnxHQ3ZmbqvK1e5yMBVF_rZLLhCV7dPc8OoOakUFIBXwNWp-svwLY1Xmcm5x0U8KXjLi=w1200-h800-k-no
Danau Aneka Tama Siloro Pangkep,"6J2H+442 Jalan poros siloro, Jalan Poros, Bontoa, Kec. Minasatene, Kabupaten Pangkajene Dan Kepulauan, Sulawesi Selatan 90615, Indonesia",Kabupaten Pangkajene Dan Kepulauan,Sulawesi Selatan,https://lh3.googleusercontent.com/gps-cs-s/APNQkAEeKMcjZkmn_R0vzNQ0v4ydUx5t_0iz0LT2_LCLk7VbvdPdHlZVQVmNTVXBjHYrtzu4YlatGL-X-3b92-WjJwhn_6Gstqlj25RCLo98G6ghfxFWBAiXk3Llb8oy4pxf9QhVjmFo=w1200-h800-k-no
Air Terjun Garuntungan Kassi,"HV2M+CRF, Kassi, Kabupaten Jeneponto",Kabupaten Jeneponto,Sulawesi Selatan,https://lh3.googleusercontent.com/gps-cs-s/APNQkAHSB5L7W3yY9jAHZ1tJ-P8ZJXz9xujemcAMdGVE2mJVz2TobwV4FuJhR-QamTboI5m5oONYJcTAODENN-BL12g52x37E3ghlCwrqzVxwqJ6mGzEiZXgOaN2Q5xmvCSgPmqaH8LLzASNxZo=w1200-h800-k-no
Sultan Birding Tours Indonesia,Perumahan Griya Paniki Indah Jalan Anggrek K No. 24 Mapanget,Kota Palu,Sulawesi Tengah,https://lh3.googleusercontent.com/gps-cs-s/APNQkAEusd5ml4NUpQ-AI6J9us6qpOGpIS7RYBYLB2sloSGiU6wc7IC_TMn-MwFHZzdboezjQd8Qw6N7i42npPvJ0KC1gR4x-TYWbno8PVKo1TD7qcNjadwg_oY3u1BoIGIcqXfZIXo=w1200-h800-k-no
Pantai Indah,"Pantai Indah, Pohe, Kec. Hulonthalangi, Kota Gorontalo, Gorontalo, Indonesia",Kota Gorontalo,Gorontalo,https://lh3.googleusercontent.com/gps-cs-s/APNQkAHLuJPjlaRnKYRNzF9eCUKj4twhhx4wG_m2ML6zOU_Djaq8doHCrmf8cZ3LgLcE2ToWHiK0h34LQ140aXLqryXE5PBUbbZ_LXgh--vtXi4ORt7bxTzFHxrbuYFc6SBObSaxH1NX=w1200-h800-k-no
Sungai Malela,"Margolembo, Kec. Mangkutana, Kabupaten Luwu Timur, Sulawesi Selatan, Indonesia",Kabupaten Luwu Timur,Sulawesi Selatan,https://lh3.googleusercontent.com/gps-cs-s/APNQkAFUwAUeV1ATEkuF1NitDy_t9jLduGSEij2OHhT8sA35qPX8KRQaQ0nPfj1c3wl38Nlla9nq_273BEicoeJNNd5JOTqOr62ZUtT7Xos9gxgKcNIgYPkvWeL37IsHa4yfzOtBa6Nl=w1200-h800-k-no
Pantai OGO BUAYA,"V2QR+742, Silampayang, Kec. Kasimbar, Kabupaten Parigi Moutong, Sulawesi Tengah, Indonesia",Kabupaten Parigi Moutong,Sulawesi Tengah,https://lh3.googleusercontent.com/gps-cs-s/APNQkAGJLz7jx-id2-9BBhTN2sa6mrt52Nv-fJ5FY9LcUkyD0WiHVZ1Ey92n98ef5NI1rughGHje-7AY_j0mcgeRYsH_6gS1u7_EBUTaasYg5D9pe_I7R0CtTOrOVF-IPc8KK1efKpg0=w1200-h800-k-no
Wisata Pasir Putih Pompon,"QC83+V28, Lalong, Kec. Tinangkung Utara, Kabupaten Banggai Kepulauan, Sulawesi Tengah 94885, Indonesia",Kabupaten Banggai Kepulauan,Sulawesi Tengah,https://lh3.googleusercontent.com/gps-cs-s/APNQkAFVKevo3YdtvyexVP0naKfpjyLkTFOin249kFqxQh61qAxdP1ax1poeq1wbRPqzBlbyCn-zCv5M9SDDfwc6bHYjMB_ocL5IBlt9uSEhoF5H0LjksVb6HQf9HFkFodB4fwF4Qck=w1200-h800-k-no
Air Terjun Parampangi,"FWR8+QVP, Bonto Maccini, Kec. Sinoa, Kabupaten Bantaeng, Sulawesi Selatan 92451, Indonesia",Kabupaten Bantaeng,Sulawesi Selatan,https://lh3.googleusercontent.com/gps-cs-s/APNQkAHOLOEnpvUgjQsm0oYSfPK4AMhbYTmhGwB87Hg4kUmOBbQ7DZFv30mC70xDj5sbDUDF2fPsp-3l-AT0PjQespmJMn_jVWmvytcWe6001WGOgDtLnI2lLG3i_iYmEpJ31WNJ28I=w1200-h800-k-no
Pantai Salise Lembeh Utara Kota Bitung,"Pantai Salise Lembeh Utara Kota Bitung, Motto, Kec. Lembeh Utara, Kota Bitung, Sulawesi Utara, Indonesia",Kota Bitung,Sulawesi Utara,https://lh3.googleusercontent.com/gps-cs-s/APNQkAE3JAFMo5Rgcy6Uqa3ZHXnjzH7RgeqJtoGeqEXkNSWAv0S4Rp_126ubUS_injwFSx_dYsHKTr6WTKCZXFQWM4ZkJUw3nEw38M7aSAM4cRd8nitBPTjdbRS140cjxet2WszhfuK-GCcKhaGC=w1200-h800-k-no
Danau Bakealu,"3RP8+7MG, Bakealu, Kec. Wakorumba Sel., Kabupaten Muna, Sulawesi Tenggara, Indonesia",Kabupaten Muna,Sulawesi Tenggara,https://lh3.googleusercontent.com/gps-cs-s/APNQkAGkt-HrFiufblAXchLjo4zZj9yTUkzIQbk27lF37l-ZZifCTvYjjJUjtj9uA-Fz-06-qktcYWEDocTtL0nEmji4cES3Lsgsz3n4FuODaHIv-dMT_Spoeuxmk_WtQV1gy_6tpwDZvA=w1200-h800-k-no
Air Terjun Lembah Impian,"GR7W+35F, Bontomanai, Kec. Rumbia, Kabupaten Jeneponto, Sulawesi Selatan 92572, Indonesia",Kabupaten Jeneponto,Sulawesi Selatan,https://lh3.googleusercontent.com/gps-cs-s/APNQkAF-sCpSJNPRAReG-RScxYmwQNsZm0j0MWO6sNmCs9Bz_svVJX13SlvB_xMYUBRKdKylwH3vJvDO9CDNegEtYoKrs_YSsfUT96jwjxLXC-oEMf51LqcPYJg4uNIqC0stMrCNvfnh=w1200-h800-k-no
Nila Fishing Fun,"G6C7+P8R, Bijawang, Kabupaten Bulukumba",Kabupaten Bulukumba,Sulawesi Selatan,https://lh3.googleusercontent.com/gps-cs-s/APNQkAHR_apCBnfXdjLOkyISyKdEtWimlU4DOF0uXG5tY8M4sigAdsDOt52QoeR5YOMPfIE7WOgGX0AXuTngHxr2NDWWS0jYBH3bq5mQCv0VQtPwYsc1VfvWBVtc-r3SdS4uFmSQQDvT=w1200-h800-k-no
Bukit wisata Miallo,"Bukit Miallo Panassang, Tallu Bamba, Kec. Enrekang, Kabupaten Enrekang, Sulawesi Selatan, Indonesia",Kabupaten Enrekang,Sulawesi Selatan,https://lh3.googleusercontent.com/gps-cs-s/APNQkAHyvg5uR_C2ueSluM4O6t-h5FTpBvCwihwySLd1feSVQCbW_pS1Bvo4agAuI3Btl0xcvLAuzjWb8HmFkzht4uq22bTaD3CQD12KsMKEYkT4q4pivW3ALhwhLgxR8EFqIy-5Dv_u=w1200-h800-k-no
Keraton Banggai,"CG53+52J, Lompio, Kec. Banggai, Kab. Banggai Laut, Sulawesi Tengah 94891, Indonesia",Kabupaten Banggai Laut,Sulawesi Tengah,https://lh3.googleusercontent.com/gps-cs-s/APNQkAGq7Q9LCNPQOAJsCOBPSx7UTwQPsTFNg8ed8RaHHjnhCrupJsgUwK_lIpDTNpoPEPrkCo4P0BjUk2U05GYaWEL8eVGv9uct3EvvZRHmKlc8E7cZ2Uau6g2UTQxP7vHWumbnxZo-=w1200-h800-k-no
Danau Hiuka,"RPHW+FHR, Walandawe, Routa, Kabupaten Konawe, Sulawesi Tenggara 93353, Indonesia",Kabupaten Konawe,Sulawesi Tenggara,https://lh3.googleusercontent.com/gps-cs-s/APNQkAGd0t-KgC0A1Okp8W_tCT71peSLIpggNen8dCAZ_yt1sUivfJGsXmgrMKx1Tz4q28IYGcDtpqNLQBx8LH9S3CLDhTJjQggG42Gov0onqnMca1pjvQ7SYdnPX7fgJ0ms4XlvKPUoHw=w1200-h800-k-no
Rumah Apung,"V2C7+35, Salomenraleng, Kec. Tempe, Kabupaten Wajo, Sulawesi Selatan, Indonesia",Kabupaten Wajo,Sulawesi Selatan,https://lh3.googleusercontent.com/gps-cs-s/APNQkAGs753Zzf-ridC6gk892GmxoxHL-rifWhkIVD9nywjQwd5kb2F-f78dlxbDTI2v8XJCtD7ze1tP3io4EdeVDtrsvfaIcXc3iME3do1_bLpauO2pOBKOZVKOXojvUjHindPIYj4V=w1200-h800-k-no
Permandian JOMPI PITUE,"H27H+595, Citta, Kec. Citta, Kabupaten Soppeng, Sulawesi Selatan 90861, Indonesia",Kabupaten Soppeng,Sulawesi Selatan,https://lh3.googleusercontent.com/gps-cs-s/APNQkAGjl1iaYBebiZDsHzHKyxNMVW2JfCvyGmHMkpRu1qXtPNKf08IT0ZKVyUeHKvgrUmJFRg1PBKG8CvS6TPzleSYI4tG_CNlBQNH3WsDDb8xjdUdd0a-TkIzF0b4f4aIwe1NwIJk6LA=w1200-h800-k-no
Village Cantik Selayar,"Jl. Kota Benteng-Tongketongke, Harapan, Bontosikuyu, Kab. Kepulauan Selayar, Sulawesi Selatan 92855, Indonesia",Kabupaten Kepulauan Selayar,Sulawesi Selatan,https://lh3.googleusercontent.com/gps-cs-s/APNQkAGE0l7MT9ZlqafwvN-8ad7xbeRLSiu6lA93vnIwYeQA52Ty3bJVoRraNPK1oCcvm1mSLAITUs3w2TrSvBRUq3l8x6CNpF5RPX1xAne5EVLoyRIJtgr6cQ9qDWRu7xW0xHio92vW=w1200-h800-k-no
Sesean,"Sesean, Pangkung Batu, Buntu Pepasan, North Toraja Regency, South Sulawesi, Indonesia",Kabupaten Toraja Utara,Sulawesi Selatan,https://lh3.googleusercontent.com/gps-cs-s/APNQkAGBn7qPycPiCObhiSZZp13WF6sB1n2GNSFCs5jxSQR_kzXPNLiy2ZJO3JgR2lf-E-npD-Lj6llsqQTOp-FCNtojowHY6-wVUsh_vs_BrOJt7BjeTQ4vEgpRGxKgNPM0AJ0ncyOY=w1200-h800-k-no
U (you) BUKIT KAMBO,"Kambo, Kec. Mungkajang, Kota Palopo, Sulawesi Selatan, Indonesia",Kota Palopo,Sulawesi Selatan,https://lh3.googleusercontent.com/gps-cs-s/APNQkAHRxWw9P0ycil-GQZhWLwlbIuz5t7Bnvn6LpuIMzyWHNcCdaU2hJBQU8PAIvt7O-Y8QONLkWU7IeRoF1Ee4npTPtmi6HuKzbGftWgGGJ6XGxYAaCYdl6qdTVg9-kiGKL_GzXXst=w1200-h800-k-no
Air Terjun Lapangan,"RRRR+43H, Wambulu, Kec. Kapontori, Kabupaten Buton, Sulawesi Tenggara 93755, Indonesia",Kabupaten Buton,Sulawesi Tenggara,https://lh3.googleusercontent.com/gps-cs-s/APNQkAE9R7p-A2v_p4kl03NO-UnLqi7fI5pN7-FGHlVjT_DC8TEehnJqAL_go_SaZWHrTou7y7w1h1x8rBecHc-TkoYwUgbktZsAr4DqXNQRJfGY6bKM3LdFcFxfx960oPqxfiBCxSB2nA=w1200-h800-k-no
"Air Terjun Butang, Mario Pulana, Salulekbo, Topoyo, Mateng","Kambunong, Kec. Karossa, Kabupaten Mamuju Tengah, Sulawesi Barat 91563, Indonesia",Kabupaten Mamuju Tengah,Sulawesi Barat,https://lh3.googleusercontent.com/gps-cs-s/APNQkAEsieA9QjLOf1BXjLGPhH7zY30DjnZR7JKJWme3Hw06u40Npb3cphYdEGvzyZdHaWuF_ZxWb_asIwFAFEBCVQfL93joELICMzbV0d1rq0_Am5Lmgda_Y2Tb30KgiuvafrmEDlA=w1200-h800-k-no
GMIM Bukit Kasih Girian Permai,"F42G+4CV, Girian Indah, Kec. Girian, Kota Bitung, Sulawesi Utara, Indonesia",Kota Bitung,Sulawesi Utara,https://lh3.googleusercontent.com/gps-cs-s/APNQkAHWSFfmHHpQ7hMmcXhXqf5FgrRcYCmCWvgdN2PMs_BxXvy_B6Tcz4-Fbk5wyq1vBLhb_qz0XIakRkFs0sE3G0N3BLz8xCeTxcHwL_-D8my5QaCDCRCmGZhivaIRV7x9tqj_NV6a=w1200-h800-k-no
Modisi Beach,"Modisi Beach, Modisi, Kec. Pinolosian Tim., Kabupaten Bolaang Mongondow Selatan, Sulawesi Utara, Indonesia",Kabupaten Bolaang Mongondow Selatan,Sulawesi Utara,https://lh3.googleusercontent.com/gps-cs-s/APNQkAF0YW6c042dICCdnlMZu-AdWMfYTevPIFZisNvh8jSGA64uUI8EjpGcAjvp5e63kf_W7FnnhYexdHTVXAKq_Wd7cgiaYbtxLKaAcTAraH5G4VeXcj2Kpqtg-izRvKMZ5IPGf5jY=w1200-h800-k-no
Pantai Tamimbo,"HVPC+643, Malei, Kabupaten Poso",Kabupaten Poso,Sulawesi Tengah,https://lh3.googleusercontent.com/gps-cs-s/APNQkAGHI4vKO3C-CYu1TPp1R75Y9hXY0hooB5-bmLppZCF_v3vH-WrBoC6AE-kKVYN65ez35NlRCFWul9yW90fgLU78d86ynqmAULuZ_PkDi6b7JZ2uRD2rFIV_qKde5lRYpIJm_yM=w1200-h800-k-no
TAMAN WISATA UNGKEYA BEACH,"VGJR+45G, Mohoni, Kec. Petasia, Kabupaten Morowali, Sulawesi Tengah, Indonesia",Kabupaten Morowali,Sulawesi Tengah,https://lh3.googleusercontent.com/gps-cs-s/APNQkAGB4geUbdbFDx_tuS1OtugDiXZVwQcpq1rqYm8g5xmmTD2_ijwUXpz4NCZrZBnwswdyqtnPWovnPNyKTyUfMYPHLhR0iZjRvEPcpfwUmK06-fZ250tdhg3tq5HK3FlsEi8eIZZ5OA=w1200-h800-k-no
Batu Buti,"GH87+JGH, Katobengke, Kec. Betoambari, Kota Bau-Bau, Sulawesi Tenggara 93724, Indonesia",Kota Baubau,Sulawesi Tenggara,https://lh3.googleusercontent.com/gps-cs-s/APNQkAGZbUOz6PX7OHeKJh1fJUgeQJoFaZtOKeZ2laE9tq5ccZkkbXzTriNTD90UhmWw-iTNZkqCP4Hy8XMlOuAsrJLW0ds4ceQoqy1iNZEqHdkE9FzMHH_MOrRZfB-r24iqUmQegNM8Bg=w1200-h800-k-no
Pantai Lingge-lingge,"Pantai Lingge-lingge, Jl. Protokol, Kambula Mbulana, Kec. Ps. Wajo, Kabupaten Buton, Sulawesi Tenggara 93754, Indonesia",Kabupaten Buton,Sulawesi Tenggara,https://lh3.googleusercontent.com/gps-cs-s/APNQkAGoRmkzIRXCzkmjBUo6akp2d_fYf3e-31iOuiSgV_wSyWq_oHeLzkTWAQs4faXU-eJ7honWqWDbbQx5GWlLqYunGKMvF0GRNDV3g2hHYVxbiXHopbGkNzkQip3pZQ7HBA1uMiw=w1200-h800-k-no
Wisata Bukti Bollangi Kabupaten Gowa,"QH5R+5GC, Jl. Malino, Bontoparang, Kec. Parangloe, Kabupaten Gowa, Sulawesi Selatan 92173, Indonesia",Kabupaten Gowa,Sulawesi Selatan,https://lh3.googleusercontent.com/gps-cs-s/APNQkAHXNsEGJOZkFZwFbxYYsgu60DI2XjXUtBXFxYVQ0TbTL0TqcL4V2wzz2fbx2vSyqnaC9u_-lSZoxo6Cdt_NUpyAqVOcnFwCmFCN2ZWaViHRZR60ig2my5RxJXMK-ziyqlvvrgZ8Pd_5mJ9X=w1200-h800-k-no
Danow Tondok,"Danow Tondok, Moat, Kec. Modayag, Kabupaten Bolaang Mongondow Timur, Sulawesi Utara, Indonesia",Kabupaten Bolaang Mongondow Timur,Sulawesi Utara,https://lh3.googleusercontent.com/gps-cs-s/APNQkAEzZDntgy1Dez5Is8sYqe1Kv513je4ijvKXlpu8lPx3T7jxGMaV7nKKAboiBo7hItgqEREinb1Iz_7MA2rBTRIaU2IdMs2ew30D3CnT0iYQDlB4bZE-HOl3QcOsk5RQPjdAN7c=w1200-h800-k-no
Desa Kalupapi,"438X+5VQ, Bone-Bone, Bangkurung, Kabupaten Banggai Kepulauan, Sulawesi Tengah 94892, Indonesia",Kabupaten Banggai Laut,Sulawesi Tengah,https://lh3.googleusercontent.com/gps-cs-s/APNQkAEfvf097gec29S-gl1u2BIHvC6n7VDpe52d7PUk2lvi0w4hJjgYxKvWTDOTxHtYLMmIWZ2uXxtz4cMF9H0UpBSH7AVr14vLnW97UHM8k1lF5PxCjXt8qmimdJSkijUthjOs0k7UMQ=w1200-h800-k-no
Telaga Biru Segeri,"8JR9+9F5, Baring, Kec. Segeri, Kabupaten Pangkajene Dan Kepulauan, Sulawesi Selatan 90655, Indonesia",Kabupaten Pangkajene Dan Kepulauan,Sulawesi Selatan,https://lh3.googleusercontent.com/gps-cs-s/APNQkAF1i7pksfWxuDP3HL7tocJMJSPTl4Tc7JkI8Xg_g2Zaho9A9k-E1el5Tq7LO4HzCkq-SdruPZpW3HO3tfYe81FxyW-azO5uOWPRPX04O3HORrRwFtETLkxnIlNxaxtgO4YeCYXnZw=w1200-h800-k-no
Monumen Pejuang Kemerdekaan,"Jalan Imam Bonjol No.50, Terang-Terang",Kabupaten Bulukumba,Sulawesi Selatan,https://lh3.googleusercontent.com/gps-cs-s/APNQkAF8SQhECcRa3JyQXRME3st2R1nbcWRiYc65MvdcSTN7miR2NHx7QkBNOe2R_5XYnnfe_od5KmbrIg9V6F6mbdDiUtm0y0068OMkJf_YqpxR6LrwL3IB59DnbS-A1NG1L8YLCMo=w1200-h800-k-no
Air Terjun Dodandian,"HF4F+CR4, Matabulu, Kec. Nuangan, Kabupaten Bolaang Mongondow Timur, Sulawesi Utara, Indonesia",Kabupaten Bolaang Mongondow Timur,Sulawesi Utara,https://lh3.googleusercontent.com/gps-cs-s/APNQkAHqfMIeO75y7Tzxf3Uu3-lR1eu06ygNtdngznTNB7-VTLTjr-oZ6DqmxXZu-sGrbLkMBRdJOinN96kTuQ1RAA08p9gq3-xuh_guHZ8X--W5oZg4OwcVMulF5ixZWJbW1loLxI-hiQ=w1200-h800-k-no
Gunung Bulu Tanda,"2RHX+QMX, Sibedi, Kec. Marawola, Kabupaten Sigi, Sulawesi Tengah 94238, Indonesia",Kabupaten Sigi,Sulawesi Tengah,https://lh3.googleusercontent.com/gps-cs-s/APNQkAGgHH_yUltWRc2n2a9TaJ5hK3v6vcwjSDL6YnmIsV---nPmoSFvA38eNrFpvRNHQtpJbYubPKVYVOInEMedeRrQRVT8jPgi50FALvPx7D8KdPiSF8fVo7rrdiBGkAh0pm7aqsXR=w1200-h800-k-no
Hutan Bakau Desa Koya Kabupaten Morowali Utara,"29CH+PHX, Koya, Kec. Petasia, Kabupaten Morowali, Sulawesi Tengah, Indonesia",Kabupaten Morowali Utara,Sulawesi Tengah,https://lh3.googleusercontent.com/gps-cs-s/APNQkAEo9aYT0ALMG4XFgp0_BddXBgMAVR3OKADD0C3WoR_oELyyzWnN578-LE1reKkHBKg-hDu6PHKH7OQfJXxpRVp2eA3oqS3NoeYqELaI_qUQMfKzaZzC9pVAaAsPquAJSRs44enb0w=w1200-h800-k-no
Air Terjun Tulo'a,"M39R+739, Bunuo, Kec. Bulango Utara, Kabupaten Bone Bolango, Gorontalo 96582, Indonesia",Kabupaten Bone Bolango,Gorontalo,https://lh3.googleusercontent.com/gps-cs-s/APNQkAFg3ePm6TF1d0mn_1oRBNU2dJ3KaK1Y4gNydS3RBMDGMUHMZjtOFTqi980dLmdKe5GlkvMFFii_6SogPyAe-2d2YuP7QiAaIh4lp7tEnJxJfuUemiNHD10Mj_AWjycPvSatT8a-dLSkVpE=w1200-h800-k-no
Air Terjun Samaenre,"6RGM+78R, Samaenre, Kec. Mallawa, Kabupaten Maros, Sulawesi Selatan 90563, Indonesia",Kabupaten Maros,Sulawesi Selatan,https://lh3.googleusercontent.com/gps-cs-s/APNQkAFeVwNpAf0J8CkGTXaLr3JYsePj5-UlbSEEQXemVvHqhAVr6WdURLi1dqavIyaWIF3AgLniI3EwfAgE4p8EAjEwqhwfdO37HijdlWOADIlfR2ZMyls1EE9VWnZ7psH9KwKkkblP=w1200-h800-k-no
"Bukit Mahawu, Tomohon, Sulawesi Utara","8VX2+Q52, Jl. Mahawu, Kakaskasen Dua, Kec. Tomohon Utara, Kota Tomohon, Sulawesi Utara, Indonesia",Kota Tomohon,Sulawesi Utara,https://lh3.googleusercontent.com/gps-cs-s/APNQkAE9nUKk6tx4MhXxujWO4-026r--X1vEuPQt7rbHtAsLYOBFPUBbcQsf8r8O4gV6nIkb_WfbyD2VY6t5g1yy8DP2BIMNMILTZPR_Fv4K8ioiVyA7NL8qfOwhou38JKOb9oLz3Rg=w1200-h800-k-no
"Danau Tondano, Minahasa, Sulawesi Utara","6WM2+992, Kembuan, Kec. Tondano Utara, Kabupaten Minahasa, Sulawesi Utara, Indonesia",Kabupaten Minahasa,Sulawesi Utara,https://lh3.googleusercontent.com/gps-cs-s/APNQkAGQ3j6DdXLidwL2m6tm97_UHo937TNSuA0fpc1OLZFdBp-96P40nsW5fs876fvEb1dE6xD6Jy1YLMrr4Flc9J4GCCuFmssv7q9usL4aSvmzyOt0uEoCi8_h9linf2CdaR-CcYvbOEKvHQVW=w1200-h800-k-no
Pantai Binjeita,"VFRF+M72, Binjeita II, Kec. Bolang Itang Tim., Kabupaten Bolaang Mongondow Utara, Sulawesi Utara, Indonesia",Kabupaten Bolaang Mongondow Utara,Sulawesi Utara,https://lh3.googleusercontent.com/gps-cs-s/APNQkAEkW2dNaLSdwcfcxMeLsqKt5rL2jPHcwWJqIhsB5sfSsNgUDJ2PzWUN4GyLPKkDEH60KH9Yw0g3yHoYKmNQGDgv9iWWBwTptGW045GjmA6fm9HfMcScolA17Wpq-6yMx8eFBB_csQ=w1200-h800-k-no
Abrasi Pantai Tingkulang,"GG8J+GQ2, Jl. Trans Sulawesi, Tingkulang, Kec. Tomini, Kabupaten Parigi Moutong, Sulawesi Tengah 94476, Indonesia",Kabupaten Parigi Moutong,Sulawesi Tengah,https://lh3.googleusercontent.com/gps-cs-s/APNQkAFKxGNkQluS-gq00_l28Hz36jN7iMjTIRUIKfOvYsl8PdiK5kayl8atFX2IOMefljI8teIdqlnBhbLk2NoWW6rek7FTYvTgYP1NmsX2KwSV-GjtsjV6xXdbhbTa1G6heQOGLstu=w1200-h800-k-no
Air terjun Tayawa,"G4M6+26, Tayawa, Kec. Tojo, Kabupaten Tojo Una-Una, Sulawesi Tengah 94681, Indonesia",Kabupaten Tojo Una-Una,Sulawesi Tengah,https://lh3.googleusercontent.com/gps-cs-s/APNQkAFTeGSJF6aqIPIZR25EHWEmcAcwdx8KltNOETsSEKT8NIulbH5uojNh6_EBPuwgsOSGaUoAHmpubQeBWIfALhaxKUq01DutC2NvyHO8JcDoLkgV0RaOSJVxc00ZFWrQnQIzrr6W=w1200-h800-k-no
Wisata kuliner Ampana kota,"4HMG+8C8, Jl. Yos Sudarso, Kec. Ampana Kota, Kabupaten Tojo Una-Una, Sulawesi Tengah 94683, Indonesia",Kabupaten Tojo Una-Una,Sulawesi Tengah,https://lh3.googleusercontent.com/gps-cs-s/APNQkAFHY1GbCbuYeMy2EKzOrkZjR0eHS7iDTCiclEip5NSuZ0ij01cGu7lQXQwWeeMYLBdTByDgJmgIzo_o3GrS1ss4DxDCiiuQ7vuvl35IWZNxsm6LZCLWPIpMCa14H3VBIZ2URT45=w1200-h800-k-no
Pantai Salatiga,"Pantai Salatiga, Banggai Laut, Central Sulawesi, Indonesia",Kabupaten Banggai Laut,Sulawesi Tengah,https://lh3.googleusercontent.com/gps-cs-s/APNQkAFXGpGJCaYKGZUx6HDeLNM178OGA_fxhzE47D_ly7I5J4XvFzgBWPgeY1Ji2cEdcAxYm1VRW-Xs_bSFCu-UWctRxR3n2TYlfYFlWbQmP_cExYvNRqmmx98gAupqSdBiIr0R3LQW=w1200-h800-k-no
AIR TERJUN KAREMOTINGGE,"2WMR+HJ5, Tawainalu, Kec. Tirawuta, Kabupaten Kolaka Timur, Sulawesi Tenggara 93572, Indonesia",Kabupaten Kolaka Timur,Sulawesi Tenggara,https://lh3.googleusercontent.com/gps-cs-s/APNQkAGe94X1bJhTOgyUTLK2Zjq6XZntpj85wj6RvRc19KRa_JvnSCcFM-ObGEoM37gxpE_PFplqGWPbLiIoQn8D89d8LK4-8ZqhDMFPb_SkbjgUJkXW2cY1aH-2FpDNM9KqZtue5O1a=w1200-h800-k-no
Air Terjun Kapita ( Je'ne Ri'baka ),"FJHH+JXP, Kapita, Bangkala, Kabupaten Jeneponto, Sulawesi Selatan 92352, Indonesia",Kabupaten Jeneponto,Sulawesi Selatan,https://lh3.googleusercontent.com/gps-cs-s/APNQkAElquZ04a6XOfrtwKu9e6upV72g6NfNBLkdTGEV9pNNUlW2fQXcbs9Lqu0ZQYrQ6DfAXwXH83oNQgVfEbclpcHWKuoZbClpSDVVN1mFpmqjL3XWRV3HFqPeQtu0j24rpDWxLnIR=w1200-h800-k-no
Pantai Muhajirin,"Unnamed Road, Pasimarannu, 92671, Panaikang, Kec. Sinjai Tim., Kabupaten Sinjai, Sulawesi Selatan, Indonesia",Kabupaten Sinjai,Sulawesi Selatan,https://lh3.googleusercontent.com/gps-cs-s/APNQkAFbxfC4ll4MWwLBlyRaaQY-ntcZqFndbrX_ohuMVX0iQKQt3GjuDlh8Wu_HHWMSzs6tRbf-2vT5U0mn3rU82JJNYpx3INHrj2oiSxv8KQgLPXaBYySuj9M8mtuYNFuVP5OCk7mZog=w1200-h800-k-no
Pantai Nelayan Desa Long,"8VC5+GM2, Rerang, Kec. Damsol, Kabupaten Donggala, Sulawesi Tengah 94356, Indonesia",Kabupaten Donggala,Sulawesi Tengah,https://lh3.googleusercontent.com/gps-cs-s/APNQkAG7TYxuY1ivOssXQoUPG3zRVuI8UkhnAXpKtzW8BlgkKdXRlX28DjhGi1Dp7OE4quUt8gfDrfOfJnhFCV1DKLayF3cEAnEW9ny79qyebK2I67jS82Nsq-fq8RthwnfYoVcJcPGA7g=w1200-h800-k-no
Pantai Seribu Bintang,"JMH2+44Q, Unnamed Road, Masani, Kabupaten Poso",Kabupaten Poso,Sulawesi Tengah,https://lh3.googleusercontent.com/gps-cs-s/APNQkAHOPnfb2JdmiMM2Rl9cU8yxMdD9cOminTC8d50ybe4xSERTfN5oHyuVVIasJ8cI3_I4OJOQj9H84r74J_eShfgkJy3Fam9VBQpScmutyXdmpSA0ucU4ddzOL3_swwd-iAHJRft6=w1200-h800-k-no
Pantai BTM,"X6G7+3F, Tumbu, Kec. Topoyo, Kabupaten Mamuju, Sulawesi Barat, Indonesia",Kabupaten Mamuju,Sulawesi Barat,https://lh3.googleusercontent.com/gps-cs-s/APNQkAHzrNs_PQUkFRJrRSWPYZMsSAyUnSOh0UZvqzYjUMsMoC2XjPe72YJZdVpTKMO0K-JS9Q6OsBkfo3DfNbLUhxORkNYVtrodRXVNzDcNdtwp-4Jnd0E6o-Q0lHA4DwEVYTo24CM=w1200-h800-k-no
WISATA BUNGUNG SALAPANG,"9RXR+Q5F, Bontorappo, Kec. Tarowang, Kabupaten Jeneponto, Sulawesi Selatan 92361, Indonesia",Kabupaten Jeneponto,Sulawesi Selatan,https://lh3.googleusercontent.com/gps-cs-s/APNQkAGZo8fXYeTmsBQ7hVb7cvAG9VkqY0UxGCA6ckXJufeMygpHA02XcVuE29sXFSd8odfSMZp7dypRoV6W65YeBQMSIFqQ9VHRfCM_QuHAj3AquIJMsUKOKKlVCRrOu9ksZMgT01JO=w1200-h800-k-no
Jembatan pelangi pannyawakkang,"CQVW+J7X, Taring",Kabupaten Jeneponto,Sulawesi Selatan,https://lh3.googleusercontent.com/gps-cs-s/APNQkAHADRviYt8xf-3rEuPYR22a3KZsf0V7m6SnQVzgK8DSq2cqtg_ehZoPHu-ZiJbq-ljBproyfD8Q6-fbxq0_qhxqmHSwjBIiUPCVbS2iZPIUjS5xP5534ZzsiZxTQFGa1VEOpOENIENMQDtF=w1200-h800-k-no
Pantai Lopana,"6JH4+4H2, Lopana, Kec. Amurang Tim., Kabupaten Minahasa Selatan, Sulawesi Utara, Indonesia",Kabupaten Minahasa Selatan,Sulawesi Utara,https://lh3.googleusercontent.com/gps-cs-s/APNQkAH2kBK8sUZH-alsb2jtSvIqwiBneMBDtK_MuVKpOwT86OUgVteYYHmMdP5fYo-KDef9cgry7-TM7QnC9hEr0Kva0cW3HFmzUDQtAo_YqyszQnFVtEBBuX5U3duwRNO9ae3ffs60=w1200-h800-k-no
Air Terjun Tamanggu Indah,"7W3F+VCW, Nupa Bomba, Kec. Tanantovea, Kabupaten Donggala, Sulawesi Tengah 94142, Indonesia",Kabupaten Donggala,Sulawesi Tengah,https://lh3.googleusercontent.com/gps-cs-s/APNQkAEvfP8ofllohg6NqgTpzM-VHww-Tr4871tS-DdvvxLLWm2D0I8FX3lPdh-5IR5YUanA1ue548H_v6q5lSu-jjhHocaQm0oeGjfB91X8KJMueKl3TS1IPgCnJWjZLv-JG0fphchMlw=w1200-h800-k-no
Pantai Timbala,"Bar., Timbala, Kec. Poleang Bar., Kabupaten Bombana, Sulawesi Tenggara 93772, Indonesia",Kabupaten Bombana,Sulawesi Tenggara,https://lh3.googleusercontent.com/gps-cs-s/APNQkAFUOueoCevH-V8KsLQBnXRqLIaITlYdSinahvdN5DmOa4wd4QH9N3hmT6-jNQQYOB1r5WRXuD4SL07ZB84zHeLFLHakbaTVX-OVTBGLuyKhHRymIQFrjws0hj55nxwJBCgqng5x=w1200-h800-k-no
Pintu Air Danau Limboto,"H237+5XG, Tabumela, Kec. Tilango, Kabupaten Gorontalo, Gorontalo 96181, Indonesia",Kabupaten Gorontalo,Gorontalo,https://lh3.googleusercontent.com/gps-cs-s/APNQkAE7Om9xSHeQBdRrsvID9NrtWt_bYVYDjx1AXn3O9ZV0ajZbcRPgAjD58F-sPT_448-HDQ5Fhk49c-OE3GG7DUikephEgA65CPSbgjcO1WDjz3bKUayrnm74Eybgo1vbVYds6dcG=w1200-h800-k-no
Gerbang Batas Kota Makassar - Kabupaten Gowa,"RC6R+HHG, Gn. Sari, Kec. Rappocini, Kota Makassar, Sulawesi Selatan 90221, Indonesia",Kota Makassar,Sulawesi Selatan,https://lh3.googleusercontent.com/gps-cs-s/APNQkAHqOIRL_bp9Xf1aXvCSEmh100OeBmxamTBSxuNDEfDfgV538A2o3sB8yCNkHanKD7kdoguR6F3za_5Ku0f6n39WHkj5G4XMS7zQ4QHEIx6mugrvcLh-_UG3DGF-LKe1NqTscBY=w1200-h800-k-no
Danau Moko Kawu-kawu,"3Q85+JV4, Lakarinta, Kec. Lohia, Kabupaten Muna, Sulawesi Tenggara 93658, Indonesia",Kabupaten Muna,Sulawesi Tenggara,https://lh3.googleusercontent.com/gps-cs-s/APNQkAH-7NFXfzH1XHNLN9YqKncchkmfZJZqp_0eBiDC8ffIhWVtoAeWDqFbEggzEpyokzCvsTdR58S_35LuaDTdWYld9QxdjwaBHxHTydibi1307qHmXvfspL5Z6-Af5QSgSKI9BCqxag=w1200-h800-k-no
Pantai Walet Kasawari,"G63R+57V, Makawidey, Aertembaga, Kota Bitung, Sulawesi Utara, Indonesia",Kota Bitung,Sulawesi Utara,https://lh3.googleusercontent.com/gps-cs-s/APNQkAHCkZICO7snmouk_BOSGEeTi7ZK1oYsITtph3CFpPqSp47yS1MSxGlsZlO4-Kjz5fhbpKclFcYZ1n707jdcbKTnLQ8moQz_Wan8TynNDkCfdHYOOomFoDVr-o5Qn910BbLTqiMv=w1200-h800-k-no
Lalove Land,"Jalan Lalove, Nunu",Kota Palu,Sulawesi Tengah,https://lh3.googleusercontent.com/gps-cs-s/APNQkAHtZVH1L1xErIz3eaVKndFumLF75ZiT86meQkFK_rtBxcRepuEJrn2DIFcUSfVwUn15wsltCPRCNnxHxs5MiWukyLezjnfUXQHJVrOsb8BHmIeFr00z5tZtosKICHHDI0H19xenO6r3Xmwz=w1200-h800-k-no
Objek Wisata Doud Ne Mukop,"8WGG+M2X, Jl. P. Diponegoro, Hutan, Kabupaten Minahasa",Kabupaten Minahasa,Sulawesi Utara,https://lh3.googleusercontent.com/gps-cs-s/APNQkAH2uBjPapAdbMfau4z64ge8F-V2Y7Sl1hu_ig-kwRBaZoa--zUI1vMZf71yq2t5a_VwHTZXYtgcFJYlLj-3wlMd89d7-yvxR-xnJ0Yv4WZl0Z0uB_Mjjcn9vk2YqAPDHZdbm4DLAg=w1200-h800-k-no
Pantai Tueni,"37V9+R28, Nambaru, Kec. Parigi Sel., Kabupaten Parigi Moutong, Sulawesi Tengah, Indonesia",Kabupaten Parigi Moutong,Sulawesi Tengah,https://lh3.googleusercontent.com/gps-cs-s/APNQkAFgdZe_AYT1uuZ1usP0WaTzHe87dH0evZMyofsKHK3fcnlhOZG29XdQeAPIxclVeuO5irV2KshaFq0A7Hvglf_OGrAhWEarGpKHDSmwJ_xihqGSJRIK4qcY1wEPtRpn5C3xBFo=w1200-h800-k-no
Sirkuit Atakkae Sengkang - Wajo,"Landing Side, Attakkae",Kabupaten Wajo,Sulawesi Selatan,https://lh3.googleusercontent.com/gps-cs-s/APNQkAGMwpZc1wHM3xF0mYJ4Uf9V2t5hMT0XcQ5e4MAPG5lICX4OQLVJh9NY8-rVvvezfA2PqUEY46WjeaIby6sZ0AIucnOADiXaT3ly4lIqb9EcQn9W3-QFYZy6snF5Ar4spfeCmGzJ=w1200-h800-k-no
Waduk Tamariri,"396P+RV2, Tondok Bakaru, Kec. Mamasa, Kabupaten Mamasa, Sulawesi Barat 91365, Indonesia",Kabupaten Mamasa,Sulawesi Barat,https://lh3.googleusercontent.com/gps-cs-s/APNQkAGJ2R7lnlUFrC3SGux9sbiSbWYdtaSblWT3kYFPln-rssfhMhVmENhegweCrkCy4uY-Ibzgiilkg5UEnDvdsE0hd464m5QbtyiqkV2xY6lt49ePNOlQdD1AVV2MzkrMNm3FWngNdFZ8GjDJ=w1200-h800-k-no
Air Terjun Baruttung Padang,"X36W+2GV, Pammusureng, Kec. Bontocani, Kabupaten Bone, Sulawesi Selatan 92768, Indonesia",Kabupaten Bone,Sulawesi Selatan,https://lh3.googleusercontent.com/gps-cs-s/APNQkAEZPOCuOv1d0CUlAH5dZxZs0Ev6Sisx5JOWjkkHn0ctht4Q7KuOrKSkLqH9aM3BArPNuU8rAcJoQHYlAmclHSDrsK04rq2M7Rf2nF7g0He3bSC9hJSEtmLOc6egYoXUk3zgMbubbw=w1200-h800-k-no
Wisata Alam Mannessa Camp Baths and Fishing,"Jl. Lappa anging, WT. Bacukiki, Kec. Bacukiki, Kota Parepare, Sulawesi Selatan 91121, Indonesia",Kota Parepare,Sulawesi Selatan,https://lh3.googleusercontent.com/gps-cs-s/APNQkAGXMyoz5Ojw6BjiHCbHF6Z3EyBTYkpsJZHVvkAmlFldRORuhjYwt6Pn8qArrG8AuxtgpdEl32bQTDDmGa6zqGO6-7T3LNOU87zPFa4czqGED6Si2qJY5XF4EAvILWVnzkF6VnJ8Ww=w1200-h800-k-no
Situs Bersejarah Manurung E ri Matajang,"F84J+WFJ, Manurunge, Kec. Tanete Riattang, Kabupaten Bone, Sulawesi Selatan 92712, Indonesia",Kabupaten Bone,Sulawesi Selatan,https://lh3.googleusercontent.com/gps-cs-s/APNQkAFoCf7IQ1pPPvmN0Hih09VSY4yeO7OR8OEN7otI8wFFLaFf1G9H_7wsQh3wCC_Be_YVnuOOCqa74IAgg5sm1yKjuqGa2fKghW33b96JSjobl00Xogs6kF4PtXQadBd26v_6YSNy=w1200-h800-k-no
Goa Purbakala Passea,"Lembanna, Kec. Bonto Bahari, Kabupaten Bulukumba, Sulawesi Selatan, Indonesia",Kabupaten Bulukumba,Sulawesi Selatan,https://lh3.googleusercontent.com/gps-cs-s/APNQkAGtiQB0MxHYBziArPTF6FwFJmAy98m7hgucDvAEsnRd2Y0m4b0FMTSlt-Cyd6QqNS2Hi1C7H5T-A7l3qcEmYCD6BXYmoFCto-tJu7dAi_ZMdGbRzbdCio1uRu8cuo7YMD9msx6gaUAKtbYS=w1200-h800-k-no
Pantai Bahuluang,"Pulau bahuluang, Appatanah, Bontosikuyu, Kab. Kepulauan Selayar, Sulawesi Selatan, Indonesia",Kabupaten Kepulauan Selayar,Sulawesi Selatan,https://lh3.googleusercontent.com/gps-cs-s/APNQkAG0kruL-7hLYAdMTz_1qsIrZloM2a6rlk08Deoazt4Qwa6x53TjKLD-0WPl43ZylD-RjCmjyGHJJFi0ZYAH9WCZ0btkVOCP0vDGqyN03I28_hmlM_an0AnL4tiOMSST8Z_SFzLD=w1200-h800-k-no
Gunung Kandora,"VVFP+HW9, Tengan, Kec. Mengkendek, Kabupaten Tana Toraja, Sulawesi Selatan 91817, Indonesia",Kabupaten Tana Toraja,Sulawesi Selatan,https://lh3.googleusercontent.com/gps-cs-s/APNQkAFVbIUZh6tpBLPgiKVJlpUqYXCSKIbgHcouZXKWYSTyZI0CXefgtI5x-SDap5dGqjbJTaNWqC22kdd2ubpCwqpKzO0_FdTijkotlcP9qMmuxde4A4pZuq-G6KJALm3RRHCSsC5Ptg=w1200-h800-k-no
Talaga Lotus woloan tomohon,"8RG9+X77, Jalan Larus Rambing, Woloan Satu Utara",Kota Tomohon,Sulawesi Utara,https://lh3.googleusercontent.com/gps-cs-s/APNQkAHlRuudVh9T6QsPv0Cwqw2kNBZmTDXNh_2-TLVywJ5QGjaEeN7xUu08h9WECigu1jkmsigYaJ6rzOSNf0GUHoqTjRFnnnJWL6K253x8Ji94qvpz23CKv6jCCMvjWv_UD-5kQEgG=w1200-h800-k-no
Dermaga Nelayan Desa Tanah Putih,"PXCJ+237, Tanah Putih, Kec. Likupang Bar., Kabupaten Minahasa Utara, Sulawesi Utara, Indonesia",Kabupaten Minahasa Utara,Sulawesi Utara,https://lh3.googleusercontent.com/gps-cs-s/APNQkAE5ycVp_TL7XlsWr-RbrLyCuJI_LeICG1982t1h7p8NlEOtVdFB4bkgvRnrTOTCpiWBeFRuki5nYwFH7tDg4mBEUtPbHrMy9WAiTkik-XEy3ZoX-T8oL8Ogs-j2sK2fCZa7Mz3iCw=w1200-h800-k-no
Air Terjun Lamoahi,"G3QV+27J, Tombia, Kec. Kulisusu Utara, Kabupaten Buton Utara, Sulawesi Tenggara 93672, Indonesia",Kabupaten Buton Utara,Sulawesi Tenggara,https://lh3.googleusercontent.com/gps-cs-s/APNQkAG2hNL80_b4a_5IyPVJUw553_rvaQZgz7Nqn7qH-9GWgzbMzSDg_EPSQJzKiubr_KEOu9KK5cp8DFtSnCS8g3ihav2LFmtpc6Sp_9x8KBpiInIZ7MVkMbvHiR0Q6Cf-DuP8Ol3Tsw=w1200-h800-k-no
Wisata Pantai Kuliner Salukaili,"C8MF+HM7, Kasano, Kab. Pasangkayu, Sulawesi Barat, Indonesia",Kabupaten Pasangkayu,Sulawesi Barat,https://lh3.googleusercontent.com/gps-cs-s/APNQkAGKq6g1uc0parOTM1LTXQpcaAtH15EzQ-2i6Ptc5w6RbG7gL0LMo0NDDZ5BcUrVkamW0QU3YKMa_9s38ppkEDRVkv4YzjVs_IKUiVWQB5iSJiaCBwopg0jeD53D-7qgrUAqbuOiJQ=w1200-h800-k-no
Air Terjun Sarambu Paremba,"Unnamed Road, GGJ2+JMR, Benteng Paremba, Kec. Lembang, Kabupaten Pinrang, Sulawesi Selatan 91254, Indonesia",Kabupaten Pinrang,Sulawesi Selatan,https://lh3.googleusercontent.com/gps-cs-s/APNQkAE_F6VZHDJSG0Z4BaHv-HYGGYSmocygg3SdEkRV8hgdU_4IAFycrCkcckMMmCC_udPKZWIrW7wN26iJj9_11h6kUKOz9xFGN9Rl_62nb3aVwpEHZjq-cIau6oMmrA43S2YHR4HXDQ=w1200-h800-k-no
Air Terjun Minangatellue,"Minangatellue, Desa Minangatellue, 54RV+59J, Lagading, Kec. Maniang Pajo, Kabupaten Wajo, Sulawesi Selatan 90954, Indonesia",Kabupaten Wajo,Sulawesi Selatan,https://lh3.googleusercontent.com/gps-cs-s/APNQkAHbOAAW5v-9a0z4XKM5kdzpJpPZcO-cvgCnGi4vxVkF2m-GImS0zA1hhP88eyzGE2qV0dm3wY_qTIkkhV-a8I55Hr8zPjD9nKBW7AFVTJnyg1vCHHqWlNTxgQ7hwcA2SGefve1Yqw=w1200-h800-k-no
Agro Wisata Bonto Jonga,"Desa Pa'bumbungang, Dusun Bonto Jonga, Pabumbungang, Kec. Eremerasa, Kabupaten Bantaeng, Sulawesi Selatan 92415, Indonesia",Kabupaten Bantaeng,Sulawesi Selatan,https://lh3.googleusercontent.com/gps-cs-s/APNQkAHTD0w10r8A_-DtDD5vYgyFrLpLlH6fUSdEjzzXHUe5h-kIOSVeBp9UkMcl-E5QaB9BVHDivudwJ9fV3bQrwmIFc06MXX-rLKLirX9JJVs35uG3XAU3lVHRxatOwR-4E5nzgody=w1200-h800-k-no
Wisata Dermaga WORI,"JV26+6PX, Wori, Kabupaten Minahasa Utara",Kabupaten Minahasa Utara,Sulawesi Utara,https://lh3.googleusercontent.com/gps-cs-s/APNQkAHTlp_8ofZ3GFG0uxEJroxVoGFOx_LGoJCDVJIxvGyFFGm2LGmX4OBYJkeIoU9w0GGuxHBzG1flSjIa-JtgbvHKgqHdqW3yxt0Vpeusm-i-jDfcYoLBaqhh3PK-D60ZcdY-wls=w1200-h800-k-no
Pantai Racuna,"HH2H+26C, Miangas, Kabupaten Kepulauan Talaud, Sulawesi Utara, Indonesia",Kabupaten Kepulauan Talaud,Sulawesi Utara,https://lh3.googleusercontent.com/gps-cs-s/APNQkAEEXLawhILV_Zqt8qvo-9nJI9wSvgqRLJl8_MHgUc2NcUICon32EOSOUd8oWD4InRDulUTUQEPf08PqM_IuuND2oYtQAyYZLSY41BBzMuQsajTnbqBT0rg8W7bW_DWA4LDI5TEo6GdPZdGf=w1200-h800-k-no
Goa Allo,"PCVJ+4PP, Matano, Menui Kepulauan, Kabupaten Morowali, Sulawesi Tengah 94975, Indonesia",Kabupaten Morowali,Sulawesi Tengah,https://lh3.googleusercontent.com/gps-cs-s/APNQkAHcjoNJgG7UccEXrkdgE3TNmcSM6ZKP_fs0JYtm5Z-EaydV_CB0kZJDLWJpbdHcPi6QQ04ljbY0n1fhjdyZ12dpUdtoUzg4gcZCF6euQaY8SGPZJGdxW_WAOl5cRIhj6YU_KSsd=w1200-h800-k-no
Buntu Mussa',"27CV+2W6, Balla Tumuka, Kec. Balla, Kabupaten Mamasa, Sulawesi Barat 91366, Indonesia",Kabupaten Mamasa,Sulawesi Barat,https://lh3.googleusercontent.com/gps-cs-s/APNQkAHt5Q4yrRn1CcPqYKYdgb20SvuGfK62wSW9rIUnGOZ0MXVbSf9Sx-TOkGSo-3Ro9uzXktmcfnUvyGyy_hkYPxGev2u1AWbyGTlX3mbcpY8MAGeRYJUxzIMwkh9by8W5GaDQO9BiCA=w1200-h800-k-no
Tedong-tedong Minanga,"X8XC+Q5Q, Minanga,, Balla Barat",Kabupaten Mamasa,Sulawesi Barat,https://lh3.googleusercontent.com/gps-cs-s/APNQkAHtR_HHElKebye5VWMd06IQrFIM8WDsyVZ7LURF9wtswPy3q05F0ZQyDi2D-YmjfRbwkuvCF9quYna1EUGSDHvBWP_Khznwjdy9lgk3r9EguCILrN5ZkqWxGgeXUy-h7qRyqXVk=w1200-h800-k-no
Waolo,"F529+FJ5, Oluhuta, Kec. Kabila Bone, Kabupaten Bone Bolango, Gorontalo 96119, Indonesia",Kabupaten Bone Bolango,Gorontalo,https://lh3.googleusercontent.com/gps-cs-s/APNQkAF5GZFDZNRY83DyvPC0iOjV-YXFOca-uu8-pp80A00OPAXmytNVnfvJ19GlvahIf6A0cIWKlUBp1OEF1RnChkXgR-DqGj-al7SvO8YbxEiqa41LPmdrWGRWBp69VjWtJr4xgD4xbBCaJnBv=w1200-h800-k-no
Tuang Uddungeng (KM Syekh Abdul Madjid),"MV44+PQM, Bila, Kec. Lalabata, Kabupaten Soppeng, Sulawesi Selatan 90811, Indonesia",Kabupaten Soppeng,Sulawesi Selatan,https://lh3.googleusercontent.com/gps-cs-s/APNQkAG0QxEQjcnWBJGKbIAMJ6ZxuPy9WEf8mk8DzBGZY1yXGqA8lrC3qOm3EOgUMc4yuIEHa-z4QTy44FGVVbLp3XortGijr_xLVHFKWzD6xI8xPjwQiFPlYQs6f6h8FjUiuxo2hNnFtg=w1200-h800-k-no
Pantai Karosi,"Pantai Karosi, Panaikang, Kec. Sinjai Tim., Kabupaten Sinjai, Sulawesi Selatan, Indonesia",Kabupaten Sinjai,Sulawesi Selatan,https://lh3.googleusercontent.com/gps-cs-s/APNQkAHWVcZCmafVgpHyMm4mU4Q6EAObMNzlZ1nz8RRIr5qrOIjKN_FoCWJ8JQpA9g7iiEPkwl6nhxG5lCbIf97hmcHIXvX5YEsqEU8S4T01efRqjz1NZvDyFur0X9NY7ZQwKpW3EH10dQ=w1200-h800-k-no
MANDUK PATINNA,"FVWW+PPR, Kadingeh, Kec. Baraka, Kabupaten Enrekang, Sulawesi Selatan 91753, Indonesia",Kabupaten Enrekang,Sulawesi Selatan,https://lh3.googleusercontent.com/gps-cs-s/APNQkAGQ7Yl5ZtNc9WwX1A1XfAAhFQ2Q11pbSAAJ6Rh6lOfxDNnfe0YOmlnpDh2SY8liM_0uNbQZYRyvlJhXmRhUcDSSWrth8TadUP01wWY-sSRWhGrWxae-u_u35qACG7EYvXwHRs-uuz7urwfy=w1200-h800-k-no
aer ujang,"F45G+368, Jl. Tol Manado - Bitung, Girian Indah, Kota Bitung",Kota Bitung,Sulawesi Utara,https://lh3.googleusercontent.com/gps-cs-s/APNQkAGwzkg65kNHs7M_9-BZY8dYuUsFms6wYaNcX76a7TUOJhPepdBCyffBVhpw3T0fMnqpEZ_hLos4vXRzhu6B_y52VcWCP0n7LUo3bTZZMgRExA4fr8ZnQosLVsHuDQZeF-dFVww=w1200-h800-k-no
Bukit Teletabis Pantai Tulap,"52HJ+46G, Tulap, Kecamatan Kombi, Kabupaten Minahasa, Sulawesi Utara, Indonesia",Kabupaten Minahasa,Sulawesi Utara,https://lh3.googleusercontent.com/gps-cs-s/APNQkAFkkzgPCs5Se1T2TAaU9RzS5FaVhUgR8eIF-T3W1grQ2mIpnOj_I3QCFcnRjBJ4MImehV1dvrFPwDzlktyLUYI7Lp8Hy1irgoxKxna_GR7Ewyaa_yhj0ZbOuBFWp1nIkfapetjF8A=w1200-h800-k-no
Pulau Pontein Tumbak,"XV3H+FV6, Tumbak, Pusomaen, Kabupaten Minahasa Tenggara, Sulawesi Utara 95997, Indonesia",Kabupaten Minahasa Tenggara,Sulawesi Utara,https://lh3.googleusercontent.com/gps-cs-s/APNQkAEEfMHuiyDQocw2CvFRSSJGfHsyOx_UmB12Fcgw-wjJUMfPz6fF_V9iNDprHhIVgTVRGw_wU-3IszbhvvjPMEBkfymjTKdRMxBbFm9xqrjWb-75emG_EdBe_o8UQtXpvh_k11YbdQ=w1200-h800-k-no
Wisata Bahari LantowuaBeach,"Lantowua, Kec. Rarowatu Utara, Kabupaten Bombana, Sulawesi Tenggara, Indonesia",Kabupaten Bombana,Sulawesi Tenggara,https://lh3.googleusercontent.com/gps-cs-s/APNQkAHGnduBDFBs0X0S1u6flItcVYp6PqGro85h4RyyfyNwIFHGF9jxn4bnoZ7q_ZYuZsb2Z_8ZQLYtNcF2SPLuZH2s37WWctKy6WOTl23YiopEjScSH0_Z5Tiqv_Ozri8QhONVh1TbUQ=w1200-h800-k-no
Pantai Bengel,"Desa Mutiara Laut, Tanjung Karang, Kel. Tomilito, XX72+P75, Tj. Karang, Kec. Kwandang, Kabupaten Gorontalo Utara, Gorontalo 96252, Indonesia",Kabupaten Gorontalo Utara,Gorontalo,https://lh3.googleusercontent.com/gps-cs-s/APNQkAGQpo0H4QNL54XvsHyNcuhTcK-Y2qDo9_8IAHuEP-M2LTBWBvQMmHgGg6KhvhGdiKlV_0CD4WUgFyixPYiFke2LVTHPbyIV2SIMDZM4r9M_rfqO-2Pc6yD9E0ilGhAINM_BQRlQiw=w1200-h800-k-no
Wisata Modern Sampoddo,"W6VG+FJ3, Padang Kalua, Kec. Bua, Kabupaten Luwu, Sulawesi Selatan 91959, Indonesia",Kabupaten Luwu,Sulawesi Selatan,https://lh3.googleusercontent.com/gps-cs-s/APNQkAEUeokaDqkbmdLdxnAGr0zk9-jwC0jNC_Tu9cEocMrSxByjgL8on2UzNTpMOsJsFmvVsc_hIup9ZAGhOlGGHT4w7UjwlsU8Th211Q3IkyWI4F61O7mLjdxkZjph9UBKpZgVYDiB=w1200-h800-k-no
maymaR kavling,"Tetey, Kabupaten Minahasa Utara",Kabupaten Minahasa Utara,Sulawesi Utara,https://lh3.googleusercontent.com/gps-cs-s/APNQkAFj9LrJeyDE6rHUhOdSyhS843C-I-tikpx1SToTU99d495OwgH5x26wCb_DY5F5CeEDFqXhziZxFYigfi75-I6TU-q_iRjVhOXW-oP13SSq5ggve17Dhfz5RM8e3tc1lE13b3Y=w1200-h800-k-no
Lokawisata Tepi Desa,"HX77+3CW, Pilobuhuta, Kec. Batudaa, Kabupaten Gorontalo, Gorontalo 96271, Indonesia",Kabupaten Gorontalo,Gorontalo,https://lh3.googleusercontent.com/gps-cs-s/APNQkAEHZM0cN1NsIl0RHWy5aiC3SrRzioQOL2F7lJbejWgsResK0Sm36yAXf66kQfLUIUrGRsxnltANvjsv3cXSIsBM9D-pQ8JbJVJUZXGZL_HoODI2Z1PwtPGwX_mDGSW5iblgCzuVGyPLyWM1=w1200-h800-k-no
Bulu Ponre,"Bulu Ponre, Salebba, Kec. Ponre, Kabupaten Bone, Sulawesi Selatan, Indonesia",Kabupaten Bone,Sulawesi Selatan,https://lh3.googleusercontent.com/gps-cs-s/APNQkAFIiQd-x_SLp8NeETzFpZi14apEu9US-KcqmAOM1S8xvZF3_yf5sR52ezf-EgD_G9Ho-ffaSg_dJT4CYKJ18nvYvm709xBU4x9YUhAqyUf9ORo9qnJ_8aZ5wAnHKh-MisfOMw8=w1200-h800-k-no
Kolam labuh bentengnge,"C5QW+M5J, Bentengnge",Kabupaten Bulukumba,Sulawesi Selatan,https://lh3.googleusercontent.com/gps-cs-s/APNQkAEf8uexOPfJIhVY4VF45z8ShK4yAOzivKooNlV2nEY1HWYCy9fdqxpO1dRS1uq74tv3NsQ3FtZlejwLX_toC6SHsK_-29XoGmQ2qcT-WbABWnOZEU26_vWwe3tnCpQ6kptBZ7NI7g=w1200-h800-k-no
Puncak lengkoan,"6RM4+QRG, Jl. Albert, Leilem Dua, Kabupaten Minahasa",Kabupaten Minahasa,Sulawesi Utara,https://lh3.googleusercontent.com/gps-cs-s/APNQkAFir58qts2ofmcvu8Tg8_1JhHsQM7rgdL4h8Oz3h5zf6U-4fN620xFb_3eHMRSD3YoaXLxMg-kXmHgIR94iKLPg8ujGg4O4oXEEclqLMGOUs4kinkkT0iDiWgJ4Or1TYQEXudvWGP8yOa_K=w1200-h800-k-no
Pantai toweni,"37X6+7PP, Nambaru, Kec. Parigi Sel., Kabupaten Parigi Moutong, Sulawesi Tengah, Indonesia",Kabupaten Parigi Moutong,Sulawesi Tengah,https://lh3.googleusercontent.com/gps-cs-s/APNQkAHEke5q01DuSL_2Ba-_h79dmkS1MqSVAvtLoWDVfBV5aPESvLupfOwZKF8kYCg26kmxdSRGp_k7o0GgS6iKRCfPI4tzOCABtTyWJvREfgbs6IMI0uKsOJYf5LnRUVPHLcSUZFyK=w1200-h800-k-no
Pasir Putih Tolala,"23R7+CMF, Bahari, Kec. Tolala, Kabupaten Kolaka Utara, Sulawesi Tenggara 93955, Indonesia",Kabupaten Kolaka Utara,Sulawesi Tenggara,https://lh3.googleusercontent.com/gps-cs-s/APNQkAHrCVNOyeVtWVnKAjTeRbFhoVLE56NVmvsUfut-mCXiLNzigLGOpq6V0UQX-b_ulvsiF_QXJ9AcbHymWYQcoauNu6zGNNPowiQR4TXqQ8kqklJVpjUTos5cENHscb3hgeCeb8BKdg=w1200-h800-k-no
Pantai Wisata Kambunong,"28V7+PF6, Kambunong, Kec. Karossa, Kabupaten Mamuju, Sulawesi Barat 91563, Indonesia",Kabupaten Mamuju,Sulawesi Barat,https://lh3.googleusercontent.com/gps-cs-s/APNQkAFlgzedij3FAyG5rqHl7HgnDib_j6QAhAWX90CR7kPSnrI-jUthl2SrDjhSmcajZa0KA9YFtBBcOVzc5O61iPb1pj_TjUcvBCdjUz-f4GffGOImcYMdZL3QjjA2LtApAmKJvqNWyg=w1200-h800-k-no
Pantai Babatoa Lapeo Campalagian,"G44M+7V7, Lapeo, Kec. Campalagian, Kabupaten Polewali Mandar, Sulawesi Barat, Indonesia",Kabupaten Polewali Mandar,Sulawesi Barat,https://lh3.googleusercontent.com/gps-cs-s/APNQkAG6vz8x0-pQ3lohLiIROIQQ3DDiw7NkvR8KiveURFqT5_Jm3fG5-hovsNRwOqdLMiNIRFgqrkswbULjzM0ocSvztzbZyQIzlOBcmMwNUfC24thfXWjaEaECfDzLcYbXp5lPm7xX5Q=w1200-h800-k-no
"Tambatan Perahu Dulangeya, Kec. Botumoito","F6PM+V7H, Dulangeya, Kec. Botumoito, Kabupaten Boalemo, Gorontalo 96264, Indonesia",Kabupaten Boalemo,Gorontalo,https://lh3.googleusercontent.com/gps-cs-s/APNQkAEBmGSuMt2RazyAFjTbKkn7jr5oDkWigke25_4uLqYMd-a1gyduAZsHhWDdbAht_E6_lfIQb-C2K-GWZM4sDntzJ3lLtPNSaTWS3qk0t1kB4cikI9mNqqfbitlRd6k-YAQM7tuFdw=w1200-h800-k-no
Pantai idaman,"WHC8+56M, Dulukapa, Kec. Sumalata, Kabupaten Gorontalo Utara, Gorontalo 96254, Indonesia",Kabupaten Gorontalo Utara,Gorontalo,https://lh3.googleusercontent.com/gps-cs-s/APNQkAFhTpnON_9cQPddnRWMW8JbrSfWEupRIicKxJCKxYSAyQJzsxZ2uU7NqgzV14-koa8CaivccYabwnnSahLx7gWlnRBuXTnZGBj-A1H3LkxunIgv2ebbKMth_k2W17rHqqArRTDt7yZQhhhb=w1200-h800-k-no
Kampung Wisata Cilallang,"Balang Taroang, Kec. Bulukumpa, Kabupaten Bulukumba, Sulawesi Selatan 92552, Indonesia",Kabupaten Bulukumba,Sulawesi Selatan,https://lh3.googleusercontent.com/gps-cs-s/APNQkAGTpBfUzl7Q9y6Zi6v5W7DJPsSCLb0n67w731MBDsd119syLxlw3sEXmCEV-sDIbwhmbJAJNopwuxKgWGes2SQd7sZ7qZVEeb7HZE_WB68rF_gTbPLMw754-tofWbmm1yuBvvOS_ONPXtuQ=w1200-h800-k-no
Buntu Singki,"Buntu Singki, Mentirotiku, Kec. Rantepao, Kabupaten Toraja Utara, Sulawesi Selatan, Indonesia",Kabupaten Toraja Utara,Sulawesi Selatan,https://lh3.googleusercontent.com/gps-cs-s/APNQkAGukso7nvcL0VvytD5sT_kNpSPaxko8tfQ_5iU4Xym02RGe4NklF_HjkNlOe73ipb-0G5Vu2GqDOrXc9TLunZivDbPwMGa41J5qTQw7lszp4qze8X6vXQ5RaGjLx2nYR4GN8xakow=w1200-h800-k-no
Air terjun fire keeper,"6R56+5MP, Sarambu, Kec. Buntu Pepasan, Kabupaten Toraja Utara, Sulawesi Selatan, Indonesia",Kabupaten Toraja Utara,Sulawesi Selatan,https://lh3.googleusercontent.com/gps-cs-s/APNQkAEXViAj7_znJT0Y9urIItZq1_xexxN9CQl0D0yiwVTZ1BfwA4UOTvSyGGv-GTjVYI1xFj2L2jHEeQ1OlyrXdUCjitfggbRn_dQZ1LAony-scQ5EIDzYQ0Q42-nFcOvSus1ZY96OEg=w1200-h800-k-no
Wisata alam desa tiromanda,"Tiromanda, Kec. Bua, Kabupaten Luwu, Sulawesi Selatan 91991, Indonesia",Kabupaten Luwu,Sulawesi Selatan,https://lh3.googleusercontent.com/gps-cs-s/APNQkAGHBk7-PUVpM9Bue1n5XXDZ1AV_HhocWSGtdDdZWQTUf6wzxEOQZ83gSqG9h1tPdGua6cmJTzSI6kSGq2fY0B8rA75no3C84DEIeOCkmkfgghN-huwThZLceYkbyNc3Jv-EvaI=w1200-h800-k-no
Wisata Alam Gua Batu Putih,"CJHW+Q7F, Unnamed Road, Lagego",Kabupaten Luwu Utara,Sulawesi Selatan,https://lh3.googleusercontent.com/gps-cs-s/APNQkAG2YYRzKf4gb7D7eMEiQIA0w6cFUx1FXwZO7ZtiiNV0aRUNcc6O4Y1xIglyMKvEp5r3-WZhs36KppQSAtMe_S75jR2ixlqcngRFgjXttn6pw8tZYPGfQ0fXQOkQ0AxdPK3hlnbDSQ=w1200-h800-k-no
Pantai taipa,"G78P+V5F, Magani, Kec. Nuha, Kabupaten Luwu Timur, Sulawesi Selatan 92983, Indonesia",Kabupaten Luwu Timur,Sulawesi Selatan,https://lh3.googleusercontent.com/gps-cs-s/APNQkAET_0nUbicM2RNQoZo8jKXYc4y5ZkPGNdH9hrLET2gk2jDxbbyWOL9L1kYqo2pSAP5f1IAfsuigh88wewIJ_SUtABiycw_v7YV_ddd626dQI9s5DbFu1qldjsAlI4NQZLfJWZTGBK3GFmjq=w1200-h800-k-no
Danau Gunung Klabat,"F23H+HR, Airmadidi Atas, Kec. Airmadidi, Kabupaten Minahasa Utara, Sulawesi Utara, Indonesia",Kabupaten Minahasa Utara,Sulawesi Utara,https://lh3.googleusercontent.com/gps-cs-s/APNQkAESZtpkOJFKuQEncWCr-fnn_mKeQ1F1_BZr7Cn_sR-Aw_E0JMfP-zzN791o-o4wNw3fRMtm3MMDxyx6HkFXD7F43vdSrdy54ke6NLwK1YiyhWAiIIeDTpeoGdPRQs58EoUfa21b=w1200-h800-k-no
GPdI Bukit Hermon,"F44R+65P, Girian Indah, Kec. Girian, Kota Bitung, Sulawesi Utara, Indonesia",Kota Bitung,Sulawesi Utara,https://lh3.googleusercontent.com/gps-cs-s/APNQkAFiKITHsQWNepyd_ot5500okcPcMc3uB2_HyxxOZuhA_GgADPj2z_IdsBT71iZphoSdRFaLrDVdJmugyiGmfeg1qzp5pPmNhJSs_pFv-Mz9gbcbfGYvb259YwgItEAr_fZecCA=w1200-h800-k-no
Pemancingan Binangga Tirta Alam,"Jl. Tadulako, Padende, Kabupaten Sigi",Kabupaten Sigi,Sulawesi Tengah,https://lh3.googleusercontent.com/gps-cs-s/APNQkAFxKinJZRu7TZNF2wmuX9lVap2VJF-otgTRNlmYfXTSrvGefyPxVGqEnfhDcu2KWpDEvPNVD6h1RC9Y4aGaoUQBVmdHxF8Tj8uvmKnasUGylR_I7Jios6FoPHBdD_1g08Q9gHE=w1200-h800-k-no
Pantai Penghibur Kota Poso,"JQ94+XCG, Jl. Pattimura, Lawanga, Kec. Poso Kota Utara, Kabupaten Poso, Sulawesi Tengah 94615, Indonesia",Kabupaten Poso,Sulawesi Tengah,https://lh3.googleusercontent.com/gps-cs-s/APNQkAEiyp3hUvtvRosWnyzQX89-i58GN4ZlB9_cLjcmFEEP-ahLuYssOs2CINXqfnHmnT5Lb_mYJ5EgRncrCkQ_HuYP1MxDRBf5wbBQFu_mFZS7uMLFx5mmM9E3GNWFMBj1S5LzJe2LRA1ulK-W=w1200-h800-k-no
Pesona Bali,"QM8R+495, Lambelu, Kec. Bumi Raya, Kabupaten Morowali, Sulawesi Tengah 94976, Indonesia",Kabupaten Morowali,Sulawesi Tengah,https://lh3.googleusercontent.com/gps-cs-s/APNQkAF-sl2xOCUL7Q-mUkVXpEqejDPLPREPzKhGtj1hTdgHPTCGVsATb_EgC7yERebm9bjaiGxSfSt5yKuDG_-qLuAfxuMT776bI4Jmf5fSEDa2ECn4mHIhJaRS3WuCC93jbvEitR3hga_fn_I=w1200-h800-k-no
Batu Payung,"39XV+33P, Kec. Petasia, Kabupaten Morowali Utara, Sulawesi Tengah 12230, Indonesia",Kabupaten Morowali Utara,Sulawesi Tengah,https://lh3.googleusercontent.com/gps-cs-s/APNQkAEdKDLVjjgnQH3GWkfaolwFaymUw1_P-MwmvcN1g1O90lLehrlDtKm1XNV1Xz7ocYDO0QIIwgsydYUZD_PQs1sONDYltFU26gcpf-7wLy7viBncaImKramJ0UJHScqYAmuF76I7=w1200-h800-k-no
Wisata Mangrove Desa Lomba,"35W2+WJP, Bahari Makmur, Kec. Lamala, Kabupaten Banggai, Sulawesi Tengah 94771, Indonesia",Kabupaten Banggai,Sulawesi Tengah,https://lh3.googleusercontent.com/gps-cs-s/APNQkAE6a79yMQAvBoGLH1i2KHBVeAKmyy2mKcH9BR-CB1n6u0oMwWtinzNHKPzDz5p8o4hoxvfSEiHE5adwuFBN8uP3nFNnUqY5AbHhzWBV99OsNx76JT7sqBptFSwHFbYNEiiYkblm=w1200-h800-k-no
Pantai Puuloro,"4H2H+5MR, Waworaha, Soropia, Kabupaten Konawe, Sulawesi Tenggara, Indonesia",Kabupaten Konawe,Sulawesi Tenggara,https://lh3.googleusercontent.com/gps-cs-s/APNQkAH-RnmNysVnc6PR7KwS324hMKNi8RrzdBt3depKg_b8G1MOG6LBohFkKTD1iuNZZF1FgwddGpaidG9ZMBKErZjs4AD3CUiEy6bfJHnbjoMbSoBPD4Ea5nvzpZR1fF4VR2RIJsg=w1200-h800-k-no
Gunung BATU SANGIA,"PVWJ+534, Rahadopi, Kec. Kabaena, Kabupaten Bombana, Sulawesi Tenggara 93781, Indonesia",Kabupaten Bombana,Sulawesi Tenggara,https://lh3.googleusercontent.com/gps-cs-s/APNQkAFp84bVCkXZBqHXD0I2t72sDewx8U9yAuwPUO448VdZ-IgTWe2WUCkcUNcbo8gYxuGcB7K_Vb1C3lU9AoiDn_CXRPlwfbHaK22oXORPuOg2M3nJb1DCh9OO7o6kZScziNHey-Z2=w1200-h800-k-no
Museum Bharugano Wuna,"5P8H+X29, Jl. By Pass Raha, Kabupaten Muna, Sulawesi Tenggara 93611, Indonesia",Kabupaten Muna,Sulawesi Tenggara,https://lh3.googleusercontent.com/gps-cs-s/APNQkAG1XVhMs9_oF6Hi_H8nkIXqZVSC-WNoTLmrsQ20Ussb5K-HS8y8N6i3vgxZAvlbhM9MdgYBURgPOAsEI74lT5osEbuoWmv3q4VZgHS57IpAONXGmwteTW_sg_C89xVmwmiWS0-y=w1200-h800-k-no
Air terjun taluditi,"JQXX+97F, Mekarti Jaya, Kec. Taluditi, Kabupaten Pohuwato, Gorontalo, Indonesia",Kabupaten Pohuwato,Gorontalo,https://lh3.googleusercontent.com/gps-cs-s/APNQkAHll_c30Dlf3BiDpfyN90qTS-6zVWWPEuhdgA-BCBVaWeYdhvBICNdvmH35_VWJ0zQuE4iH40dE3bGE8jwasRzZc246qZY1nSW5CmwazwZuGbvhqKRHOK8RbwshsqIjsn9u8hySZnrFnaI=w1200-h800-k-no
Pasir Hijau Batara Malong,"Jln poros, Ulusaddang, Kec. Lembang, Kabupaten Pinrang, Sulawesi Selatan 95134, Indonesia",Kabupaten Pinrang,Sulawesi Selatan,https://lh3.googleusercontent.com/gps-cs-s/APNQkAGp7m6o0tS9CXXaPGyhdkLb3pN-8Z_VJIvih4QKOJhQHiXrQEzcRWAT4HnHMqc22-VPbM0dtvN4bNSqE3FWUx1h0PUKUyj8GL54YGaPe2XEINtDYrun_m3OG-iFOxh9xqlAxNCh=w1200-h800-k-no
Bendungan Bokong,"G3JV+6PH, Gattareng, Kabupaten Bulukumba",Kabupaten Bulukumba,Sulawesi Selatan,https://lh3.googleusercontent.com/gps-cs-s/APNQkAEsf9v8wf5ZZrIoCewdKiRsqzYTZZLRHDNyt2figzfvq478JlkWjcImZbFxczZT1LEbbQj_qrPSpNbyEdeL3QzwvKE-r2r9nt8kol6lTFLsqMIA_Lg3kvZpoe4HQDHPLJXzT4mpnA=w1200-h800-k-no
PANTAI TANJUNG RIA,"C439+3RW, Manembo-Nembo, Kec. Matuari, Kota Bitung, Sulawesi Utara, Indonesia",Kota Bitung,Sulawesi Utara,https://lh3.googleusercontent.com/gps-cs-s/APNQkAHHRBQYrjbu9LbJl-uxVJzj_K7PpgO0M5i8TZCUddTbna9xhLmeotnX8AnSQ3d502xIzu7sjRRUR1lpt4OKJUqvlvYQ2WRvK4silnCOrXF4LcMW3uXYa1xIzgMPIMXffyF7nPgR=w1200-h800-k-no
Pantai Vaname,"4CWX+9V, Bugis, Kabupaten Buol, Sulawesi Tengah, Indonesia",Kabupaten Buol,Sulawesi Tengah,https://lh3.googleusercontent.com/gps-cs-s/APNQkAGi_gaytf5OGNZoff6jNNN5Rcm90j0BYeaQyjZgi4fc0D2fQm_Yy-8NF8jD6jOle0llAHVzt4GlhEvyP0j7eTYZc6uH0BPVTROR7aU0X-rhvsMQh6VA9eQUL-hcGo5K_83JpJMj=w1200-h800-k-no
Permandian Gua Wandigi,"GR3R+82G, Kambula Mbulana, Kabupaten Buton",Kabupaten Buton,Sulawesi Tenggara,https://lh3.googleusercontent.com/gps-cs-s/APNQkAFAVKFLwiq_3KJNx7W94_a3iSU6CvQ8KKeU8417swpU88uN2ntsbNKzNR3D087SyQ1NVm_k20Cw2bM2OOxKg5zbp0AiWGFzhbDheWoNwXOZNQRyXJscaMbYZdxyJewqMfUBZ5PYsQ=w1200-h800-k-no
Pantai MHG,"GJH2+93F, Lalolang, Kec. Tanete Rilau, Kabupaten Barru, Sulawesi Selatan 90761, Indonesia",Kabupaten Barru,Sulawesi Selatan,https://lh3.googleusercontent.com/gps-cs-s/APNQkAEX9KsV10i_apo3T26frh72cFYIdgyMr7FHVBIaJPvsBnceG3g8EM3MIqA1hqzWNrZHORHchSHkSvGODNXdasAeIqDKx0J0ANluQP0Eu32uYWR1z2L8MKTIi1gZiADZcwufNWhm=w1200-h800-k-no
Tugu Perdamaian PERMESTA Dan Pusat,"6JFC+3V2, Malenos Baru, Kec. Amurang Tim., Kabupaten Minahasa Selatan, Sulawesi Utara, Indonesia",Kabupaten Minahasa Selatan,Sulawesi Utara,https://lh3.googleusercontent.com/gps-cs-s/APNQkAGp6t-ld1zsY92mo4MqRIYdG6tEnQsQAwnDXXyXi8AMNnEK0RzSMDSB7E0dk7asAnz2z3iv5YjW3dxF5hZ5-xaS1H-hrR0jgyx_mXyIIZGUKnA2zOS2plwgYkOzbAsfHoO5c64=w1200-h800-k-no
Objek Wisata Telaga Lotta Indah,"WP28+8H6, Moronge Sel. I, Kec. Moronge, Kabupaten Kepulauan Talaud, Sulawesi Utara, Indonesia",Kabupaten Kepulauan Talaud,Sulawesi Utara,https://lh3.googleusercontent.com/gps-cs-s/APNQkAGHpj2FwRcp86NZ80uvW29f6kJXWFUixZY9GEQ896sf0ZQ8ZDRbAZNpfs38r7KcAhuvNreluVjqSR3ErnDOGynjMElAHk_1ov75mv7n1IFGvC6zooNM-MlnR67Xinu75Pqf5Pg=w1200-h800-k-no
Permandian Tanjung Kaobula Kotamara,"Waborobo, Kota Bau-Bau",Kabupaten Buton Selatan,Sulawesi Tenggara,https://lh3.googleusercontent.com/gps-cs-s/APNQkAGLZxNJuu_eWnRuM0catwJoZO09fu8lBwUGeArdL9yehmnbkMBd5kvtCuri17K6ndyjHqCHgFvMnSRCXkVwILzMKBJzhCaSp6qcA5CJBPbvSsz2cdKPXKu_x2B6HdYQuiCM3X5f=w1200-h800-k-no
Gua Tengkorak / Gua Lawolatu,"P22Q+G56, Lapai, Kec. Ngapa, Kabupaten Kolaka Utara, Sulawesi Tenggara 93958, Indonesia",Kabupaten Kolaka Utara,Sulawesi Tenggara,https://lh3.googleusercontent.com/gps-cs-s/APNQkAGbpiLbWJDYEGgyz1buHXqKgEU5WEfRQv9Ia85Ao_gygg7yHU1nLyi6K5pyJsh24JWM2Lt2M_b_xyE388sdV_s0n1zt8N23KPRkejo5SW4xGIUN_BTBdrsnfVmfM6se8j-J511zsQ=w1200-h800-k-no
Taman Pobundayan,"P873+78J, Jl. DC. Manoppo, Pobundayan, Kec. Kotamobagu Sel., Kota Kotamobagu, Sulawesi Utara, Indonesia",Kota Kotamobagu,Sulawesi Utara,https://lh3.googleusercontent.com/gps-cs-s/APNQkAG4fjpRWE7OFKWs4qzG9884j0LT9qvqAcfhf9fp985Gue1aL3sVdfBgibfZO1BlYIQs-MAY7yl0JS3yqkJWnu2nO6NJD2TlF3rtxByi3L_S-9zzpo5X1zUYYiDSw31z7Jlfrnj10OEWN2fP=w1200-h800-k-no
Gunung Rantemario,"Gn. Rantemario, To'lajuk, Kec. Latimojong, Kabupaten Luwu, Sulawesi Selatan, Indonesia",Kabupaten Luwu,Sulawesi Selatan,https://lh3.googleusercontent.com/gps-cs-s/APNQkAHAIbKRJjRH6jKjYI9GaJnpH8zEzx_mpSHeXsv4Xbaz6plVNdAucpADbkplbojQPfhBUwjnvALesa-MoRGIzGnYKrKdZmJoygw33yIT7P2CJBT-4hwmVp0nltvma-lZNf5QaZ3K=w1200-h800-k-no
Cagar Alam Gunung Tinombala,"Unnamed Road, HMRM+X3R, Ogobayas, Mepanga, Parigi Moutong Regency, Central Sulawesi 94552, Indonesia",Kabupaten Parigi Moutong,Sulawesi Tengah,https://lh3.googleusercontent.com/gps-cs-s/APNQkAGWzmCwiOrp0dTkvxVaZexiBJRx1nKgGZVF2sPe6pDfc9dvwiEWvnjHd2D544v45wI41Mbd6lo3SXXyudqtRIJPv5KwBOk7Emvz9LB3Tl0ndPLoPcg-2vSKqk_TCkOzPjbFemQ=w1200-h800-k-no
"FATUTOKO,GERESA,BUNGKU TIMUR,MOROWALI","82HM+6C2, Geresa, Kec. Bungku Tengah, Kabupaten Morowali, Sulawesi Tengah, Indonesia",Kabupaten Morowali,Sulawesi Tengah,https://lh3.googleusercontent.com/gps-cs-s/APNQkAEwTSMNu6nSyUOYb5J61fJC9bwZXktrNTZB4hgMYAEdfkHUHHqbrBdukeOt42QocsIs91jP86FFQ2R2L_QBMzmp7z9qOb8sZD0oepM5Y6sxumkVDnWKCEALJ-E0QhrP_roCWBKerw=w1200-h800-k-no
PERMANDIAN MULTI BAITO,"Q8RC+5XQ, Baito, Kec. Baito, Kabupaten Konawe Selatan, Sulawesi Tenggara 93883, Indonesia",Kabupaten Konawe Selatan,Sulawesi Tenggara,https://lh3.googleusercontent.com/gps-cs-s/APNQkAG4H_3z3WpU8BIUhgnaHPqliAmn_ny0vafl4cpOcT30O9Lhd2YV5gNfqVTiCkKTyR2NyAEHQ5L2STqvnMdqj-7UTs__TfhhS0fRevE6qtmsQ6SdOU7lHSTNfnf6zDuuNlXmpMMt8uzEs9c2=w1200-h800-k-no
Mata Air Wolio,"3QF2+67Q, Lakarinta, Kabupaten Muna",Kabupaten Muna,Sulawesi Tenggara,https://lh3.googleusercontent.com/gps-cs-s/APNQkAGSVw6j-1B0dFbXLEl3EVD8t4Bvkuh6JoXBTYbE7oEtsLS3fga0soIkVtJ8Tcgpmb2kCGgOJ2apg74ZHf2Un4MMfrTLwYTrLKogAN0wcyMH-N4TUDjzr-S7g4Yk2sjAGT_MOWby=w1200-h800-k-no
Pantai Onowa,"QG2P+QV2, Waha, Wangi-Wangi Sel., Kabupaten Wakatobi, Sulawesi Tenggara, Indonesia",Kabupaten Wakatobi,Sulawesi Tenggara,https://lh3.googleusercontent.com/gps-cs-s/APNQkAEaPZ5QWBK03XXHpfe5ShbZWQT82iuwA6hDxW164se-v9MSPZGhQIzdiTobVj_HSb-E6c7LA7nkqvP8HexTBeOH9W9a004mQDNtaBMU4bxwsYdk2Y-n1WV0FkszhnEBWViBxNOR=w1200-h800-k-no
JEMBATAN GANTUNG CENDANA HITAM,"Cendana Hitam Tim., Kec. Tomoni Tim., Kabupaten Luwu Timur, Sulawesi Selatan 92985, Indonesia",Kabupaten Luwu Timur,Sulawesi Selatan,https://lh3.googleusercontent.com/gps-cs-s/APNQkAFQCeZkJ7cEFtHFAef4KKqzivl2iuJ-u1NSvHGd3zC2rToCBApMZ_qTJg8Tdkm4QCq3fPBG_c_MVWlScDboSDLY4n2WR3r_utkjfxKw9ECiEmj49ks79_7qv-KJfVzoO4lwiyg3rQ=w1200-h800-k-no
Pantai Dodap,"Pantai Dodap, Bolaamongondow, Dodap Pantai, Kec. Tutuyan, Kabupaten Bolaang Mongondow Timur, Sulawesi Utara, Indonesia",Kabupaten Bolaang Mongondow Timur,Sulawesi Utara,https://lh3.googleusercontent.com/gps-cs-s/APNQkAEc5ZRQvxKp381g_WsmyKuoXJGThKDdBx25MQaF_IRNzJkXHfwWmhlSkmPLwKmvrnBCRieFy86xT-DeF5LwqYokooAxYzf6hy2M0xdp1JaYaBs25h4QCujvmX5oETPVDlU45442=w1200-h800-k-no
Situs Cagar Budaya Lumpang Batu Desa Bangga,"QW4G+H55, Desa, Bangga, Kec. Dolo Sel., Kabupaten Sigi, Sulawesi Tengah 94361, Indonesia",Kabupaten Sigi,Sulawesi Tengah,https://lh3.googleusercontent.com/gps-cs-s/APNQkAHBI1iS6ScDc9QtdJOqXIOnFNf0ht_GhdqpLL5ijX_k7cm2Pg7-6KsdDa_ShxutIjknlki9PZ4yY4fhx3VctwEABH5bOKiKPx169iVCTCMPYVS6reB2WU7inWFNOmXmy4irisQ3=w1200-h800-k-no
Permandian Desa Balayon,"F6PX+37P, Balayon, Kec. Liang, Kabupaten Banggai Kepulauan, Sulawesi Tengah 94883, Indonesia",Kabupaten Banggai Kepulauan,Sulawesi Tengah,https://lh3.googleusercontent.com/gps-cs-s/APNQkAGM2vuH1-Dze-5VPOhqLD15SjTNSx53CRPqi5hRQCbWHgL9mZNbB1poKRuJKyn3C3pZzAP6DXOXui6d4fVLqVy81n11jQ0AhNHZUV-6Gj7G0UuoLCwWgKfOHoHxmcYS1GM5ZZbT=w1200-h800-k-no
Wisata Pantai Ompotian,"6H88+J97, Jl. Trans Sulawesi, Pakowa, Pagimana, Kabupaten Banggai, Sulawesi Tengah 94752, Indonesia",Kabupaten Banggai,Sulawesi Tengah,https://lh3.googleusercontent.com/gps-cs-s/APNQkAGbgS2Wvey1JEcHH9t_E-fMGyK-NHMcXuy7B708rGrMbHIPlMCjNSzxVAhkVm948NxGbYOODGTQ_k7Qs9MXLuVPw7FKA9k3n7HeXeJ43ciKvuX7TwMH6cc9Dbaqx-x0K_datu8q_3Ex-2Y=w1200-h800-k-no
Pantai BMW,"96H3+FWG, Bandaeha, Kec. Molawe, Kabupaten Konawe Utara, Sulawesi Tenggara, Indonesia",Kabupaten Konawe Utara,Sulawesi Tenggara,https://lh3.googleusercontent.com/gps-cs-s/APNQkAEKHZE49kbyC9XvzzYbSwoW8r1ABqH1HGwM37dODZzNJGg7XbEGAK-EY9V1or8ZnukteEZSRs11Dr4fz02u5AbXNEBHif4jpqE1_MtIYbEGt88HRZy2Nwi4bArJTLOZuxNgZD-4=w1200-h800-k-no
pantai langkowala,"pantai langkowala, Unnamed Road, Lantowua, Kec. Rarowatu Utara, Kabupaten Bombana, Sulawesi Tenggara 93771, Indonesia",Kabupaten Bombana,Sulawesi Tenggara,https://lh3.googleusercontent.com/gps-cs-s/APNQkAE0S-R33CeuMxgRT6eybiLYm6Oj6y6oWs8BUua8JtU4w48a465sLDdWpUGGOCnP0NS7AqONeox0aVrogMsoeFNAv5MWXM3hvG3qgsHCYvHxRwPrTfZBLdqpewUKMORCUNPuzRjY=w1200-h800-k-no
Benteng Kotano Wuna,"Lakologou, Kec. Tongkuno, Kabupaten Muna, Sulawesi Tenggara 93352, Indonesia",Kabupaten Muna,Sulawesi Tenggara,https://lh3.googleusercontent.com/gps-cs-s/APNQkAH_YmVUYkZclEAsLkA0ien1gfJA_C-T0dueIGnkGX7OpmPyfrePMwptikcUH22d83TvlGxVxcEDbduK-T3Esek7OlUMeC8phBben7MAGclsFTOY-LPNY9R73O85GwYVuaNLphDM=w1200-h800-k-no
AGROWISATA BUKIT MOLOKU,"CWXR+R7M, Totoli, Kec. Banggae, Kabupaten Majene, Sulawesi Barat 91415, Indonesia",Kabupaten Majene,Sulawesi Barat,https://lh3.googleusercontent.com/gps-cs-s/APNQkAE_89rHhvcI9JeGSI6p2GIzBKE2H1ucGWIdyL2wGTmbu2ymqOH8-992DxdA7KGrFDl-AH_U6_wX9456q569FgmkU2HCxMk_RLc97FZHNAr73LVLDor28HD0V0HmFSIDPRFefPt3=w1200-h800-k-no
Pantai Burung-Burung (PBB),"Pantai Burung-Burung (PBB), Kolakaasi, Kec. Latambaga, Kabupaten Kolaka, Sulawesi Tenggara 93511, Indonesia",Kabupaten Kolaka,Sulawesi Tenggara,https://lh3.googleusercontent.com/gps-cs-s/APNQkAGfX8jElbzf0Zrp0pRBg9XMDPAetmg-EKKCYICvkQF66l1nWH2pV01CrmRBkiZdREVyo8d712azn4FOYH9_8JXIck-7w8LKKo7L_CiQz9ys2JFieSlEjUsgS7q6LfPSoWxxKPj3NphsT2xK=w1200-h800-k-no
Kampung Wisata Bulo,"PRFM+HFM, Parigi, Kec. Tinggimoncong, Kabupaten Gowa, Sulawesi Selatan, Indonesia",Kabupaten Gowa,Sulawesi Selatan,https://lh3.googleusercontent.com/gps-cs-s/APNQkAFkTCdaelvD1gK5suUM1k5j_sneWNxVg2ykW1ASg4hND3jhII-yxI9OWFUNpMVAP_ATRItSFptxJi-BytpOZR52GsSxk7nqAvnltaHbpUYUM0CnfPo3jNjcuSJsyVIJyHbuZwmx=w1200-h800-k-no
"Mini Zoo, Rumah Alam Manado","FVHQ+WJ, Kairagi Weru, Kec. Paal Dua, Kota Manado, Sulawesi Utara, Indonesia",Kota Manado,Sulawesi Utara,https://lh3.googleusercontent.com/gps-cs-s/APNQkAFVMHrwX8Zd0jiEX19MpvZrxOYt0KU_P9HZNz9d7DfJE60SRmiRrEfiAk1mE7CnL-F6-YNyG8RLplw0QOOKk76Ss61vQOZny1V5gamIVTWGLr7M2IxkEA65hcaV7zDG9lud_PA=w1200-h800-k-no
Pantai Poa,"Pantai Poa, Nanusa, Nusa Tabukan, Sangihe Islands Regency, North Sulawesi, Indonesia",Kabupaten Kepulauan Sangihe,Sulawesi Utara,https://lh3.googleusercontent.com/gps-cs-s/APNQkAHKOjAcS3Ow5RPO_7tMUEJjcEFKiRub8bbB1IxUv4kpHreWri1NDwMO05hFWcW_VD0nlC3Rc8Oc-Sct6vOjTygLZmgZ4UCvsKSm0uJ1eqt73ouiRP587gy-tieikNt7_NBzXuNyrQ=w1200-h800-k-no
TASUMARO,"JGHC+GVJ, Tola, Kabupaten Kepulauan Sangihe",Kabupaten Kepulauan Sangihe,Sulawesi Utara,https://lh3.googleusercontent.com/gps-cs-s/APNQkAF0Y5FPcFccAWx3LObN_8q5B0iqgRMTLWnkK3lCzOgmUEEZnSdG8Jgd4tX_kRTMs72HKOKJOmPVgbj4h-YXXeVfrvWaDUKCyrp_DwRciKr1ajYfD-8J1NPKqUHXFDUUOS5lWH_GIw=w1200-h800-k-no
Teluk Lalong,"CH2R+4M, Pasir Putih, Kec. Banggai, Kabupaten Banggai Kepulauan, Sulawesi Tengah, Indonesia",Kabupaten Banggai Laut,Sulawesi Tengah,https://lh3.googleusercontent.com/gps-cs-s/APNQkAG1hvdHgyD14BrYeRT_HmCTK404CTnvDdbP6nnuXMhOb2y8pIMUSqU-Cfqn5tI5FRLMg14PPTi2Vxu1x_S10xajS9dvFdoZ8f-Z6vm_s7nsDU77_gN04PTBjo_YcCLW8uYkAsfq=w1200-h800-k-no
Danau Rano Iwoi Tekonda,"F3Q9+XR6, Wanggudu, Kec. Asera, Kabupaten Konawe Utara, Sulawesi Tenggara 93353, Indonesia",Kabupaten Konawe Utara,Sulawesi Tenggara,https://lh3.googleusercontent.com/gps-cs-s/APNQkAFl8tRNnLsD3JO4oip6vAecDww_0pjieqNgtDW31wLlWp2p6pHWyUXxbGamMgaHJQAkAWcXCG8d-Azl68v3f-F4nfDo847SYPWGLIs_KyJhIKCUi6PzMi1oj27C0l2i73yDqFmVlRfeuOA=w1200-h800-k-no
Bone Marangi,"HG6M+87, Wara, Kabupaten Buton",Kabupaten Buton,Sulawesi Tenggara,https://lh3.googleusercontent.com/gps-cs-s/APNQkAE2jvXR5InpTY_LsuLzKxTlmAIjzL6uWbaj9FlMEUMSAPlBMfrS8pK4p_Tt8VYp9domBarW8_Ws1O2Q_7jALkx2T__mj4wtyP0u3I3M_23Z5h7xWJm-Y4lpcN18DNFlrgzQTxE=w1200-h800-k-no
GPdI Bukit Hermon Kolaka,"XH2V+9MF, Sakuli, Kec. Latambaga, Kabupaten Kolaka, Sulawesi Tenggara 93511, Indonesia",Kabupaten Kolaka,Sulawesi Tenggara,https://lh3.googleusercontent.com/gps-cs-s/APNQkAE4tru10q7_mrizabgbzjvWiZMXY30f3bqAJoiYWbpTsAt-xob1HH-5l-NA3uI4rUvGE-3PG_gaYPSFjXCUczQqxsKzgefSl-vPnsqBIBJffE7IhZaWnXXGK5Pa7bX1twU4iCgIkR47A1H6=w1200-h800-k-no
Bendungan Loko,"MPGR+G6, Kamelanta, Kec. Kapontori, Kabupaten Buton, Sulawesi Tenggara 93755, Indonesia",Kabupaten Buton,Sulawesi Tenggara,https://lh3.googleusercontent.com/gps-cs-s/APNQkAF2nVjzZhbFcunBmuvQKoIZO2OjjtM3kUD3RZBA1_m8zNkTO1Ldiqtr-gPR1GHlMKfSSjkd7Xmzy7SwxRcYzoblTTYqsnM6QBylNaPBUFiAgq6bYb3gDfNI3rTNWKuDSQqRPFJU=w1200-h800-k-no
Wisata alam tangga 1000,"JC33+M45, Dusun Kaola, Batetangnga, Kec. Binuang, Kabupaten Polewali Mandar, Sulawesi Barat, Indonesia",Kabupaten Polewali Mandar,Sulawesi Barat,https://lh3.googleusercontent.com/gps-cs-s/APNQkAFNgucUP7SrrScy56CRvtUdFZH-jWCSyFykE3FTZSesXXGCvhUHsyt--feHU_GZPlQP2NaHFNpsVvrYqcWD3hKkcDdQlOeKsyo45lM9CS0S3NfzhdcwoK0qBXs4dKgtiITzjlgN=w1200-h800-k-no
BUKIT GORESAN TIMUATO,"J2FG+JWM, Jl. Gorontalo Outer Ring Road, Timuato, Kec. Telaga Biru, Kabupaten Gorontalo, Gorontalo 96181, Indonesia",Kabupaten Gorontalo,Gorontalo,https://lh3.googleusercontent.com/gps-cs-s/APNQkAFYVHgpx_7ScgK_Qyr20m4itgo0HF1RVlJG__bUqJfez3TXw8RQFz6iPAEp7E89df0oV7CJaRmbeDJwaOHRD-URZ5xa7gnPCYxwcHkinUVUkqh8UwdehysXT74DDkaH_P4Jv7wjUxjWs0Ze=w1200-h800-k-no
Sarambu Sikore,"3PQ5+CGG, Awan, Kec. Awan Rante Karua, Kabupaten Toraja Utara, Sulawesi Selatan 91856, Indonesia",Kabupaten Toraja Utara,Sulawesi Selatan,https://lh3.googleusercontent.com/gps-cs-s/APNQkAF33yFtu2S2P5ocgSguhG_cdLTs1evnYZ1Kyuietb1ONI_kaAwIXC34jQ5roM381WOeNk7jlibgb92r_P6uFysF3fiaHZM8a5pmIZcuh-gkqcYo7hCe9SslmwREwWS0araxsVIZ=w1200-h800-k-no
AIR TERJUN REMA TAMBOKE,"FFFC+F33, DESA, Tamboke, Kec. Sukamaju, Kabupaten Luwu Utara, Sulawesi Selatan 92963, Indonesia",Kabupaten Luwu Utara,Sulawesi Selatan,https://lh3.googleusercontent.com/gps-cs-s/APNQkAGpQN8E2XLqhYDyX0ri45A7RtTMeHgh2jTBqiLLZ3dlKWJMTIkpiNJ2KPd_eEa1TIwybLep2hTUZT75tB4U3hnkNZkBLhC9zpV4zXaRj6nLyr2qBU_71O0uI5Xy2K35A8CN4tWW=w1200-h800-k-no
Pantai Desa Tamit (Tamit Paradise),"3H5H+HC, Tamit, Kec. Bunobogu, Kabupaten Buol, Sulawesi Tengah, Indonesia",Kabupaten Buol,Sulawesi Tengah,https://lh3.googleusercontent.com/gps-cs-s/APNQkAFV7CF6QPzK_PUkAlfQFiyZto-V3KcdfmIMj1DsQBOxzacYmyWZgqz4qqrU-6lYiqZ-dpG2BdPYsLblgGs6xuLsDy4E76ZMrZNhcdOSr0MhiZ-Xu9IP-hM1gS1-0NUB-2A_FfbG=w1200-h800-k-no
Pantai One-One,"79FR+9R, Taipa, Kabupaten Konawe Utara, Sulawesi Tenggara, Indonesia",Kabupaten Konawe Utara,Sulawesi Tenggara,https://lh3.googleusercontent.com/gps-cs-s/APNQkAH30uy6Pek8zaPi2-5jFT384w-GwsPbBqLfFO8K9QF5ajq7rn2wRArY1ZWz-nyhO1VB7wM3nxw9YyG_EaQ61ORsIAA7gMA2dYDLa1gmC9vSmLXQ9O-pZheHIJuRi1gcSeL6uCPZg4wXeJSq=w1200-h800-k-no
Pantai watiginanda,"8MHJ+Q5X, Jl. Gajah Mada, Bangun, Kec. Sampolawa, Kabupaten Buton, Sulawesi Tenggara, Indonesia",Kabupaten Buton,Sulawesi Tenggara,https://lh3.googleusercontent.com/gps-cs-s/APNQkAGjH8hMBX10HCKyRC4c4Z-kFXKNQvO4rNjBIU5M-pgK5olAWOdgQkWa0VK_mj42g9vVIJ8kncgzVivqEdFZywhIh_oknPGvMnSKSWBWDp5iUwJyKCCunZx2F0JNGVZ6Y7-xThLKJA=w1200-h800-k-no
Bukit Bonto Payung,"7P67+XQR, Pujananting, Kec. Pujananting, Kabupaten Barru, Sulawesi Selatan 90762, Indonesia",Kabupaten Barru,Sulawesi Selatan,https://lh3.googleusercontent.com/gps-cs-s/APNQkAHsxIHbbV_AB87UjkD_kCyTFv7SyqdTb0MHyTiRoZhkTJD9lRjU4GRCeQ5BmhnUG6ifD82SUSErYnU298O0CAZ7avzytf4r-Hgxm_2vivIxHV0fiV8n17p-tFrMP4V7fiS92aheqRnUR-rY=w1200-h800-k-no
Wisata Alam Chaputo,"MRMG+RG4, Pesse, Kec. Donri Donri, Kabupaten Soppeng, Sulawesi Selatan, Indonesia",Kabupaten Soppeng,Sulawesi Selatan,https://lh3.googleusercontent.com/gps-cs-s/APNQkAE-ywhQdgURPfFvYXUFms7w0ItkNUaiIkqQe2iWWYXp2qAwuxn1tQolaBF_mBcivMVyep2r0sVeG87Gq0ZjPKVC4C8PzJqD8d3h1-YL_hA7ewWztsY586YWMOp0D8V7k5gJY7TW=w1200-h800-k-no
Pantai Appatanah,"Pantai Appatanah, Appatanah, Bontosikuyu, Selayar Islands Regency, South Sulawesi, Indonesia",Kabupaten Kepulauan Selayar,Sulawesi Selatan,https://lh3.googleusercontent.com/gps-cs-s/APNQkAHpAH0O4iEIc9ElUJoDwL3bP9wxXYWIfiuwyfdXpWTQyKyF1PLuF_vXYJeOhii0ImmSgJi_tpB6ql1butJXXjw0rv0AIf-fIoSKIcJUQXemRYCgormYZ4dSh0uTY3UIcM4Pi7U=w1200-h800-k-no
Pantai Seribu Kelapa,"Sarude, Kec. Sarjo, Kab. Pasangkayu, Sulawesi Barat 91591, Indonesia",Kabupaten Pasangkayu,Sulawesi Barat,https://lh3.googleusercontent.com/gps-cs-s/APNQkAGl97DCdGS1CI9RSUj0SHRv_AiPs6qSl7yngOLbQm3gtNXmoLaxMlX3PzIfyN-cmgXX5iGpaK1PW57TN3oFzfd6sYdEwiJr-JYf9oq_cEKlDIvHEagl1mqf0MKKm76GEIOANBnbjA=w1200-h800-k-no
Poentjak Unsongi Indah,"92H3+56, Unsongi, Kabupaten Morowali",Kabupaten Morowali,Sulawesi Tengah,https://lh3.googleusercontent.com/gps-cs-s/APNQkAE5xGIGBkqCHiL7UdIvApqmJRDuI_6bG1mPC_B-Er0L0bOZb0R9Rm8uym_mk9Hj-u45ly_evehARL5SyhZkDuOHnPdGSyBmnMSr4LDymRlXFudmoZ95JJIL1DjOeYYCOUUvEtdXDjxpjdg=w1200-h800-k-no
Wisata Cekdam Lagading,"538G+5MJ, Unnamed Road, Lagading, Kec. Pitu Riase, Kabupaten Sidenreng Rappang, Sulawesi Selatan 91691, Indonesia",Kabupaten Sidenreng Rappang,Sulawesi Selatan,https://lh3.googleusercontent.com/gps-cs-s/APNQkAHUe66txAldloxwEsjUmrNHdGJS5uHAio6DIRGbQL9vmZjJSRCZBZrwMsOyLvanyqXlVYI2lXasogwQkGC96MEEzULoZ-yOu7s0z-j_By3L_tpBS5mmxC10Jw_Azj3HzI2v6uUZ=w1200-h800-k-no
Air Terjun Batu Lukis,"3PJ4+47C, Ulu Mowewe, Mowewe, Kabupaten Kolaka Timur, Sulawesi Tenggara 93517, Indonesia",Kabupaten Kolaka Timur,Sulawesi Tenggara,https://lh3.googleusercontent.com/gps-cs-s/APNQkAEMde24GCG394LeCS_3TcXoiW0Ui-1EqhJnyGJMYo_ootF45d0f5_-ZUdgmcG55PuUM6nLp5qfdA5HKnKliRNgFQXKc7HPXZIFdVSRF-W8eXsIvPbLtjUZlP8-33uUisLyxY9QT=w1200-h800-k-no
Air Terjun Borisallo,"QMG8+32, Belapunranga, Kec. Parangloe, Kabupaten Gowa, Sulawesi Selatan 92173, Indonesia",Kabupaten Gowa,Sulawesi Selatan,https://lh3.googleusercontent.com/gps-cs-s/APNQkAGgZ3w6xkCCI_JdBqLn2EnpqOHAVFXc7UAFv9xliedJVpJDDgzew1wjXkDKBUaWDh3QKvbg0GLuDcxCkta1XhNKALrQpBDjwHeMT2N2IrMHRZQLc_9CEfolDK7ZnslXbwjzZEMMkSj_to_u=w1200-h800-k-no
Bulu tombolo,"Unnamed Road, 2P2Q+CVH, Labuaja, Kec. Cenrana, Kabupaten Maros, Sulawesi Selatan 90561, Indonesia",Kabupaten Maros,Sulawesi Selatan,https://lh3.googleusercontent.com/gps-cs-s/APNQkAGUHgesKdAdSBsLmsfoLu7xiDZ1XQZojmu9KpyaNDmNDB-ynwGmfzYTxJOfm4mY8omRVsSSWYONlneJk138GK3D0Rl__c3mlB5Lb5HKU9L2q9U6761uztTi9Zsn47Z2OR6NRL2o=w1200-h800-k-no
"Lamperangan, Desa Kabba, Kec. Minasatene","4HQV+F9M, Kabba, Kec. Minasatene, Kabupaten Pangkajene Dan Kepulauan, Sulawesi Selatan 90614, Indonesia",Kabupaten Pangkajene Dan Kepulauan,Sulawesi Selatan,https://lh3.googleusercontent.com/gps-cs-s/APNQkAFUV1qb_5xMQLERQTkndtf6lhKMCTdgAnckCZPt6fUzkA-Ai7fAl82da3K_CdhWfvjrqJFM_BcHRxfwUN2lNvMrdmQUqFEeoyr3XzfsPZxSL2u92wDlVZeVqO8_m6m4D2e7-fzW=w1200-h800-k-no
SUAR MENARA INDAH,"7F6P+38Q, Menara Indah, Kec. Bontomatene, Kab. Kepulauan Selayar, Sulawesi Selatan, Indonesia",Kabupaten Kepulauan Selayar,Sulawesi Selatan,https://lh3.googleusercontent.com/gps-cs-s/APNQkAG5rztuM16TF26dAeC9LOjuFLCfgjc6Onma06m0hEjM9HVuG6kkk_sP3aoN2YZRZNpBeyOcTeJBgE-z__5MSkn2ndYhKvwbb4KndDgmOB5TQUpX7hwm5hAI1jliwn1u00bVVXFoMg=w1200-h800-k-no
Wisata Sawah Kurusumanga,"J88M+FW6, Kurusumanga, Kec. Belopa, Kabupaten Luwu, Sulawesi Selatan 91994, Indonesia",Kabupaten Luwu,Sulawesi Selatan,https://lh3.googleusercontent.com/gps-cs-s/APNQkAF2_DpdW1m6K5ktr1h8_Hi-vmtknC5CckTyAa33ybz2N18tNRdjCV8vNTpV0-BemXkNeGMr4AUdG4YT4LVu-iyjp-K_uddtSWEMGiMy4RRUi_AG3f3Oy5aWbbQeFOrN3Rc-Ck6seJNq2Pk=w1200-h800-k-no
DERMAGA APUNG TAHUNA,"JF5R+5G7, pelabuhan tua, Kec. Tahuna, Kabupaten Kepulauan Sangihe, Sulawesi Utara, Indonesia",Kabupaten Kepulauan Sangihe,Sulawesi Utara,https://lh3.googleusercontent.com/gps-cs-s/APNQkAGoQETmjj472SQxqgSjU3EQ5z_mnDu6rd3CJZ1-hKxOVk-DqTSzG7ikcK-8MnGEX_1lExGFSLomNkiFsEfsTgwhhcnit0D2fL7dwjLz-birBbFLunwtWKfGHw_8MO4WYS6gdUTu5w=w1200-h800-k-no
Pantai Bone Moute,"9HRH+228, Pasir Putih, Kec. Banggai, Kab. Banggai Laut, Sulawesi Tengah, Indonesia",Kabupaten Banggai Laut,Sulawesi Tengah,https://lh3.googleusercontent.com/gps-cs-s/APNQkAHRwIr4RVMPOEWS_WiUoPecMEWO6-gelaIGVjz3C3lyQnHorHx22WcTv0_bn_eg7kgrPSGqsCGBPysb8EL0yJrCI3IAn9d21QGyaREq413AS9NB_ekT-8W41eEinrXPLatz1646yg=w1200-h800-k-no
Wisata papalimbang Kendari,"2HCM+5Q7, Unnamed Road, Lapulu, Kota Kendari, Sulawesi Tenggara, Indonesia",Kota Kendari,Sulawesi Tenggara,https://lh3.googleusercontent.com/gps-cs-s/APNQkAHd9fGQyY_ViKHfpOzCazjDtylFZAStXLVsn8SNbjm-NQaHRbn4yaXCEQzohCusNqGCARCrrUj5AFrHsB-6XY_0tZESbs2F0asO1WyPjlbbZaabfYVDf-88-BBPN5StBZJam1JScijcF1PY=w1200-h800-k-no
Pantai Pising,"Pantai Pising, Mapila, Kabaena Utara, Kabupaten Bombana, Sulawesi Tenggara 93781, Indonesia",Kabupaten Bombana,Sulawesi Tenggara,https://lh3.googleusercontent.com/gps-cs-s/APNQkAG42zIkx1Ule07M7v5zXXthW97e8ufH1iJPszSJRLysneqTefK74ujo-yOZ0MXSIyTKFfwaMEcxlM73y4iPzSfErBCg5--Yxp56u09Ubi6sStAjRXjugUa23ZPwxN4vRNB0hx1C=w1200-h800-k-no
Goa maobu,"M9PW+HFH, Lalibo, Kec. Mawasangka Tengah, Kabupaten Buton, Sulawesi Tenggara, Indonesia",Kabupaten Buton,Sulawesi Tenggara,https://lh3.googleusercontent.com/gps-cs-s/APNQkAGIE_bC_g8CghLZhcspqPczs6gUSQEQgsur24hzRq6rjBmFn2HULLStdrCwE9FCvSYq9IYZRdSm5mm6J5SlEZRx6CQCFTH0k-veiGlYm0bnqvy1Pn7UIPmrCBmcDt4dDnuG5Sv29A=w1200-h800-k-no
Telaga Sendow,"Telaga Sendow, Kopiwangker, Kec. Langowan Bar., Kabupaten Minahasa, Sulawesi Utara, Indonesia",Kabupaten Minahasa,Sulawesi Utara,https://lh3.googleusercontent.com/gps-cs-s/APNQkAHiLGcfItGEXNeaUnERtEyPdrsZd5VwmNWIYu9M_8XUvzFysnSWUaKf3W3tPk-29WlO1faj6N3AsCNEOteEnlSKV_Z2r50zhLbKVJZQT9-s8LkhyThyAW3_N9x3XoueLB9emvc=w1200-h800-k-no
Air Terjun Desa Sauk,"RX84+G3F, Sauk, Kec. Lolak, Kabupaten Bolaang Mongondow, Sulawesi Utara, Indonesia",Kabupaten Bolaang Mongondow,Sulawesi Utara,https://lh3.googleusercontent.com/gps-cs-s/APNQkAFVs7KuOTa238Ml_aUAzHcr0G9KOGdNkhKA5Zn7ki8ZiTwoUTOecUhGtERwUoGAdOZ3SLs5XbXuS4q0-P3zj9_geqfoKlJgOhs8AICDB8WfYaElPii54tRzzTDhhP-B6BLa2Jxc=w1200-h800-k-no
Uwe Molino,"2QRJ+V5P, Tontouan",Kabupaten Banggai,Sulawesi Tengah,https://lh3.googleusercontent.com/gps-cs-s/APNQkAFjTpzh-3q5e415xTKJaqYHZSU5Fth3hXqX3X5fpOhKICCi6ZvBF7wkksCMrdq6HpNMW2uuRiq0Y6Y-Y49qGIdY_MzJ1XFSvFrDGFHLHt88_QhCu0_XVtFOxhk3q8EGaWqbmzt_=w1200-h800-k-no
Binotik,"68PF+QWH, Lipulalongo, Labobo, Kab. Banggai Laut, Sulawesi Tengah, Indonesia",Kabupaten Banggai Laut,Sulawesi Tengah,https://lh3.googleusercontent.com/gps-cs-s/APNQkAG7Gem1bU-eC1EkpMBkt5h_k_Y0TiXSXUilT0g-C46QrHUSlLAc6UCUYmGEshtArxaBfkXTzhyjNF2sd4bIewOcVhb4Ab2tyZukDzBrZNoz5YmxkNWb_vUz_oRxOMtiNlRtizuMBA=w1200-h800-k-no
Labotan Bone,"R256+GMH, Ombuli, Kec. Bulagi Utara, Kabupaten Banggai Kepulauan, Sulawesi Tengah, Indonesia",Kabupaten Banggai Kepulauan,Sulawesi Tengah,https://lh3.googleusercontent.com/gps-cs-s/APNQkAHg5VIcl6VctLwMAaQhdCPa9CwU3RJ6EN0hGpjlaaamUVLfNi-uvm3shJjMrP_KprF07DnlM5hT9MhCBpFM08URjauIHLW71GPMN9NgxFvoU7hAFM1F9-rcShgQZkgDNnOq4paA=w1200-h800-k-no
Pantai Majapahit,"8JM9+VJW, Jl. Poros Batauga, Katilombu, Kec. Sampolawa, Kabupaten Buton, Sulawesi Tenggara 93752, Indonesia",Kabupaten Buton,Sulawesi Tenggara,https://lh3.googleusercontent.com/gps-cs-s/APNQkAHCYO0VvTluIblZQjDtMJntJPy5_QhEne6ehYU3jaQkomdKGrbmle6eMrokM0LKOgtFd4OFregGHJ-rvntiDpXjiSQeXKgQGnGa3ws9RWDXVY5RRNASc6MM28a4I7fDdxx7FV7K=w1200-h800-k-no
Wisata KAREDE (Permandian Air Hangat),"5XPJ+4GC, Jl. Ronta-Buranga, Een Sumala, Kec. Bonegunu, Kabupaten Buton Utara, Sulawesi Tenggara 93673, Indonesia",Kabupaten Buton Utara,Sulawesi Tenggara,https://lh3.googleusercontent.com/gps-cs-s/APNQkAH-0yyEv9XvMn5DX5xLLYglUfdqIbwCNPlkHp-6adWem-8jZz0ql8hDJ96VByw37WxV-szu-Mxd1QapzLlfjB7TPotBRVA07YE1g9Gw7tw0nUqPP0_-9OlYLqczvo63ZxKqQnW57Q=w1200-h800-k-no
Bahari Nusantara Mosso Mario,"HVP9+94G, Mosso Dhua, Kec. Sendana, Kabupaten Majene, Sulawesi Barat 91452, Indonesia",Kabupaten Majene,Sulawesi Barat,https://lh3.googleusercontent.com/gps-cs-s/APNQkAFoVyLN4AcSkvh0IrK_2eE-xTMz5yhKuAWUXLuE5aWCo0scqCLHuHc_2bU7arFxAzGvmq_f85BwaoH5BjEjUDwgcs5DXgPBMlxPJHnW2vxL45i2nuCAG3LRtSSmj0jHgTlgtAW5=w1200-h800-k-no
Pantai Indah Pannara,"7QXC+82X, Empoang Sel., Kabupaten Jeneponto",Kabupaten Jeneponto,Sulawesi Selatan,https://lh3.googleusercontent.com/gps-cs-s/APNQkAEfEI4bbj23PtTQyLhfVypb2PZQ1uIz2uxUoKlkSedZkAlzkt66ojoMbQfJUvL5WbrD1UyxiTDsXBHfBCioy7sKkKIy1Awbb122g150GYlqWjarToZNatI-Ob7aqXIt94xYPALJ=w1200-h800-k-no
Tanjung Baloiya,"QCRW+R4W, Bontotangnga, Kab. Kepulauan Selayar",Kabupaten Kepulauan Selayar,Sulawesi Selatan,https://lh3.googleusercontent.com/gps-cs-s/APNQkAENodtIDJ3NbeyHOZSC-jfKE5MesUzJ6DPmLeAmvUPdyPzuVYU9d_-c6ylfBCXdFrdU8n8fyvTvNkPj82xgr9s13cXExPsXioRASGYd5cQ_NOXjxfCHx3LRKfHaDPNMX8xkoLl_Mt8tMaQJ=w1200-h800-k-no
Air Terjun Lagandang,"Unnamed Road, GQ2G+27X, Bamba Puang, Kec. Anggeraja, Kabupaten Enrekang, Sulawesi Selatan 91752, Indonesia",Kabupaten Enrekang,Sulawesi Selatan,https://lh3.googleusercontent.com/gps-cs-s/APNQkAGlF5v6-Tj5Sb_8fTgqDQ9EVmw0V1wVxtQrJhFTsoN56Ktu_QjRpq8oivNp9IYzjJb2_nVVLyH2EnNP0-8HshLKk4MdXswo1BcdGEekaPmaydb4Gf7xCQLD1jVHM78KquRT981J=w1200-h800-k-no
Pantai Wisata Kendahe,"Pantai Wisata Kendahe, Kendahe I, Kendahe, Kabupaten Kepulauan Sangihe, Sulawesi Utara, Indonesia",Kabupaten Kepulauan Sangihe,Sulawesi Utara,https://lh3.googleusercontent.com/gps-cs-s/APNQkAHVtvfAXzreuSY96qV3vitsMiA8e2129BPpeVNkVbOdq_zGRil884Ziv6y2YGdk_1yzU1qTmqMXT_fEOlBKcWUErqi-xmXZZVR_hhp4E27R_v4rWx9f7nkluT6sWLKmDCDqQKiY386NVZ1K=w1200-h800-k-no
Pulau Terluar Indonesia,"HH5M+VJ, Miangas, Kabupaten Kepulauan Talaud, Sulawesi Utara, Indonesia",Kabupaten Kepulauan Talaud,Sulawesi Utara,https://lh3.googleusercontent.com/gps-cs-s/APNQkAEOlXGh0ju4L3xP4x56Tq8iM8D0VCLjI0EaeFtC1bY-Yv2-22OP-7nkhiJAR2lLrrygfYMKMCHOYf21TH1AxJ-g1f2AcdCdNvt2xnek2DVb27qpf5Sl5PIRLI4i0cjN7UlqZYxd=w1200-h800-k-no
Bukit Tinabitte,"FVRC+MFW, Tinabite, Kec. Lantari Jaya, Kabupaten Bombana, Sulawesi Tenggara, Indonesia",Kabupaten Bombana,Sulawesi Tenggara,https://lh3.googleusercontent.com/gps-cs-s/APNQkAG3YMUZq_0_otkVrh_AfOjrCAx_kQ8usSbf3yvVZWBGZOzZfYix-_Rs0mPOXNt9HIGbEdllYRmtpR--DGYxvy-eQ1fKwXnCpOAZ7vdPj7BYjVeQ0TZkRrsa2-pIyOGM_qUykGs5j5mD30aC=w1200-h800-k-no
Tepi Laut Mamuju,"8VCJ+V52, Rimuku, Kabupaten Mamuju, Sulawesi Barat, Indonesia",Kabupaten Mamuju,Sulawesi Barat,https://lh3.googleusercontent.com/gps-cs-s/APNQkAFywqUFLGsUZEJOSlv678WWsbvklqisdVSItQrTvH_xKl-1AOpCV_RAA3hjyCHNxgtOa4CnwFFbVQda6WdhwKq-We9_RVbo-C9ExTe2YzvEepLNKpML1bCLiYiSRoKmvo4XFtCfV4GuGnT2=w1200-h800-k-no
Air Terjun MATARUTUNG,"Jalan Trans Sulawesi, Trans bunta, Kec. Petasia, Kabupaten Morowali Utara, Sulawesi Tengah 94971, Indonesia",Kabupaten Morowali Utara,Sulawesi Tengah,https://lh3.googleusercontent.com/gps-cs-s/APNQkAFPpzJnJVJrRvhwxv4Ccp9q24zQzecR6KW9g36jaXJBRPLK01YwLJZfQf3GzVD31cYsGRlKCQoTMy69kqbDLNgDRi2Aw8bs5UAuMVJiOBRJcoT19pHsvGEo3sMZHizhN54urrhL=w1200-h800-k-no
KOLAM RENANG TIRTABARAS,"HC6G+F79, Jln. Nusalontar, Lelejae",Kabupaten Pasangkayu,Sulawesi Barat,https://lh3.googleusercontent.com/gps-cs-s/APNQkAHClBKXxB_yMbiXjNE8wuHetHXP3VW7cHikvjP17CPUEYaJUy0uOKH5xN4iSi_T5f0ZXPIWqTWebIQHWa0UVulETFMd67ahqJagcHOM6ZZgcodTcOLw5uM3Ret1e_UPWr15xzq9xA=w1200-h800-k-no
pantai pasir putih rangas,"CWJP+X35, Rangas Bar., Totoli, Kabupaten Majene",Kabupaten Majene,Sulawesi Barat,https://lh3.googleusercontent.com/gps-cs-s/APNQkAH9GpkY3TrczfftJzaR6-NsbcT1YLFpmaFp5PEEDxuN8rG4MHiHpdzOrSK4lbu8eyt9GQK-RrA8phwtceFz23uAS7iNs8WHEXcOuLJOEaNPvi5z_-lxtd3vVWyA8DNDn75xgYxhqQ=w1200-h800-k-no
Destinasi digital Kampung Natal,"39HP+9QC, Tondok Bakaru, Kec. Mamasa, Kabupaten Mamasa, Sulawesi Barat 91362, Indonesia",Kabupaten Mamasa,Sulawesi Barat,https://lh3.googleusercontent.com/gps-cs-s/APNQkAHDKfqHf2CG06WFywUj-5cFgG7F8M5gXcGZDBoY39VVB3l0NU1PgH7VEAUUWood_q5U8TQqW4Bk0afR7HQPuZMiClDTWSyAKHD1vWCfx0VVd09AyoWy9Agrhvunb-KcoZ1H_r4G=w1200-h800-k-no
WISATA BUNGA BUKIT CINTA,"JGJM+3X3, Tenilo, Kec. Paguyaman, Kabupaten Boalemo, Gorontalo 96261, Indonesia",Kabupaten Boalemo,Gorontalo,https://lh3.googleusercontent.com/gps-cs-s/APNQkAFLb7riydCi9SzEfOWBgdfOGbPWHtMW_zDDsULrkyZCPwYiHhVdLhQGnsI1zWf0-RUB2De1YCkyP-7QZqro6twXFv8vlh1oRgtnvBhcanSMyvJ-oSuJG7Si43Y0huLT3Qu9nsWD=w1200-h800-k-no
Monumen Tantangan Ewako,"Jl. Poros Tonasa No.2, Padoang Doangan, Kec. Pangkajene, Kabupaten Pangkajene Dan Kepulauan, Sulawesi Selatan 90614, Indonesia",Kabupaten Pangkajene Dan Kepulauan,Sulawesi Selatan,https://lh3.googleusercontent.com/gps-cs-s/APNQkAFxj4qiFo4NyXNCpCFdQ7SbQA3iAus2RfyDbXOK32rWc5z-uFp-WyLUFXFL6emxfB88Bfxt_LxSDeNsuUM0-cVh7CYIWxLH6P3h_jV7thyDyp8jRBwVv3xngQ92aU1ZwHmdIxlN1d2rdNeJ=w1200-h800-k-no
Wisata pantai Losa,"Lebani, Kabupaten Mamuju",Kabupaten Mamuju,Sulawesi Barat,https://lh3.googleusercontent.com/gps-cs-s/APNQkAFAuMJ4BNm-VUzRRjtVt39LpuY39bSg5fh1-HV7jwoajssjTDBEZ-9MzA5rZDeWbAB84VF20bZjBoommgvhPjhqA4EW_U2dTrR-kaaVyNZ7ezyjQzbdL2We3o66Gy5Vn1J6FGnnYg=w1200-h800-k-no
Wisata Pasir Putih Makkerre,"GCFM+W5R, Jl. Poros Pinrang - Polman, Mirring, Kabupaten Polewali Mandar",Kabupaten Polewali Mandar,Sulawesi Barat,https://lh3.googleusercontent.com/gps-cs-s/APNQkAFzUnIa5qhfsJYx8dLdG8CHRBKfTNoVZtXt_DBcDyGJEfyizedS2GQCrMIpafsdI5jv5HO90UQ8j8OIBYML41VKzp4cOe0uPJdzqnOVwDIkUTcT_v5GkeXki16lh8hP-nEba4s=w1200-h800-k-no
Wisata Bahari Politani,"Wisata Bahari Politani, Mandalle, Pangkajene and Islands Regency, South Sulawesi 90655, Indonesia",Kabupaten Pangkajene Dan Kepulauan,Sulawesi Selatan,https://lh3.googleusercontent.com/gps-cs-s/APNQkAFprztr6agdeyNvwTBlNMMuuJ0yLQuy8M18102zcKhjUup157b23gtFcQTcFQDPcnQNcb2aBtBMCvl8o0qjpSsmo8vQA0OlQrtBhWDGCBPThWSt6veLt9E-5jTy3sfu3683j2n4KQ=w1200-h800-k-no
Pantai Pondok Cinta,"V2P4+W27, Jalan, Motabang, Kec. Lolak, Kabupaten Bolaang Mongondow, Sulawesi Utara, Indonesia",Kabupaten Bolaang Mongondow,Sulawesi Utara,https://lh3.googleusercontent.com/gps-cs-s/APNQkAHlc8jvPyurAugNB6tfBXqTDXajZkuymwHmesVpkiwrS3ZqCSwazpgAvZQS-f8Gmdm7BDr6bx9ZR19MYVuAT2VRA2Lqbgsrjs9uQH1gRZjNkcxVjzSHF8N6uuroAAgxayE0TCs=w1200-h800-k-no
Goa Latea,"6MV4+QR2, Tentena, Pamona Pusalemba, Kabupaten Poso, Sulawesi Tengah 94663, Indonesia",Kabupaten Poso,Sulawesi Tengah,https://lh3.googleusercontent.com/gps-cs-s/APNQkAGKt0wVVg8icYx73blURBzuEbY6lii5b4RfVAlugWXzdW3wBIRUgfO4vnvMxviClU4xXPQCBewaRdrenRl6Ag_eqdmyQIZsgNS3Hg_dqhLpI5o67swQRGJIKR9llHk00YmzqK-A=w1200-h800-k-no
Agrowisata Mekar Jaya Farm,"G5X7+F38, Unnamed Road, Duano, Kecamatan Suwawa Tengah, Kabupaten Bone Bolango, Gorontalo 96121, Indonesia",Kabupaten Bone Bolango,Gorontalo,https://lh3.googleusercontent.com/gps-cs-s/APNQkAELL8-eCPi3ZMJwiqrDWmI3W8G9QPedMiAQSH0lt0IVBfc09ivbdoLQ80tgbBi_YJYncH0uMJMP-tLZG8ho8GEWoyu9Z2jKM2irtcbuL6mFJ-UQvdrp6dP6SJBQtVmN4YhaKpZR-w=w1200-h800-k-no
Gunu Lambelu,"Gunu Lambelu, Konde, Kec. Kambowa, Kabupaten Buton Utara, Sulawesi Tenggara, Indonesia",Kabupaten Buton Utara,Sulawesi Tenggara,https://lh3.googleusercontent.com/gps-cs-s/APNQkAEP3oaeb9-UivI1lfFF86wjl_KSAHvHHQMIX9RfAqDg1_MZ1Pkc-phRWN5dmCzf9ieHlbP5PynaU8MRIaG5O62iSRFU_LBhYOfEpf2BUZqi-AU4MpNIvbmb24BlICZsT_s3pnMK=w1200-h800-k-no
Buttu Dakka,"Buttu Dakka, Dakka, Kec. Tapango, Kabupaten Polewali Mandar, Sulawesi Barat, Indonesia",Kabupaten Polewali Mandar,Sulawesi Barat,https://lh3.googleusercontent.com/gps-cs-s/APNQkAGXCwycjGEQ-o_KBtUE3ReBEZg7doW-dBvJko6IMMSinIcw8mRXp50cJ4qt6paAlVfZ7DnVN7HqsYUewHdk78OkNhNJtiRRepxWqzInt5GLN11EhkfbiXjeKVqkkAr9uiuyXhVufA=w1200-h800-k-no
Buntu Tabuan,"Buntu Tabuan, Rinding Allo, Kec. Limbong, Kabupaten Luwu Utara, Sulawesi Selatan, Indonesia",Kabupaten Luwu Utara,Sulawesi Selatan,https://lh3.googleusercontent.com/gps-cs-s/APNQkAHq1BhB8ZORAONVLI0r6_VYFex7L47OhyEdUfen-Z9yf8oTUHFuchhw1wbGpFwV_WKv96PgnzNZCZI_O-MNGijXzFOi9-ireEMg-O7YUwkrz4KYxL2xUL3KO-PO8An_5fidORl0=w1200-h800-k-no
Pantai Melasti Rayon Tambu,"Pantai Melasti Rayon Tambu, jl. pantai, tambu, Kec. Sausu, Kabupaten Parigi Moutong, Sulawesi Tengah 94473, Indonesia",Kabupaten Parigi Moutong,Sulawesi Tengah,https://lh3.googleusercontent.com/gps-cs-s/APNQkAEJoC4Tt2UMvEwmVq10Lzh6n9ak0qww9Tl5kKDb0t775jaOTI5W7Tm-S_XoVqgBjS5riVkDgG7xbj48JQlQenwJPOUN4Gt95wj0yZPs2SiY8MculUQuA86TEXcR0MidmV9sPJ4vpQ=w1200-h800-k-no
Wisata Pemandian Air Panas Lombongo,"Jl. Taman Wisata, Lombongo, Kecamatan Suwawa Tengah, Kabupaten Bone Bolango, Gorontalo 96583, Indonesia",Kabupaten Bone Bolango,Gorontalo,https://lh3.googleusercontent.com/gps-cs-s/APNQkAEiy0rQijMPPKp_TlBl3enThv7jI_vdh5qNDH-s5F1yRsfWGt58kABpE-YNZbnICJmzKoH4EyCYz4LIdAJc1TIUgxCTmz4i1Q3HcyiWqE7ujRWtFfS-H-gGEJysPFY0Lpc6pV8f=w1200-h800-k-no
KOTAMOBAGU,"Jl. Gatot Subroto, mongkonai induk, Kec. Kotamobagu Bar., Kota Kotamobagu, Sulawesi Utara, Indonesia",Kota Kotamobagu,Sulawesi Utara,https://lh3.googleusercontent.com/gps-cs-s/APNQkAHuczS62DWIEG6jTwMBPMqE_sB9ESMtssUwgCPO-DIN93SbN7atyGejHjhfI0c3-AE5paXLr1JWjsURWGB6b2LIEeIFLVgDZouzXOpRvqXjQfG3t7SetIA08JtmqzLZXPo1glrv=w1200-h800-k-no
Permandian Sulembe,"M2MJ+CMM, Unnamed Road, Watu Mutaha, Kec. Ngapa, Kabupaten Kolaka Utara, Sulawesi Tenggara 93958, Indonesia",Kabupaten Kolaka Utara,Sulawesi Tenggara,https://lh3.googleusercontent.com/gps-cs-s/APNQkAHGfNoPtrFYNUnRKwWGMNSohxrt_gpv6Hqody9B2fpBXSXfqf69imtd8ZiYPvDTd56mWg6hzG9JSLXRokF1MjUXsFcsOr4tgiO_8xv6ywZ8U5fFHWN7BQUdN-3-1i1b2NjjXyAO=w1200-h800-k-no
Wisata Pantai Konawe Timur Tanjung Lalimbue,"4GJ5+967, Lalimbue, Kabupaten Konawe",Kabupaten Konawe,Sulawesi Tenggara,https://lh3.googleusercontent.com/gps-cs-s/APNQkAGHWjpagcEPoFpMo8qboKrdwAZ3V-SREPLOnxqX9uQZPNzSWRZwm8o268M4z0cVjvTdYeqXVcahYmjMNLiUhQSxhZ4tl7IJ-j1OGW8-77y77pKHV7oSlpNsDLFm0xv_6IjEDF9yHA=w1200-h800-k-no
Air Terjun Bantimurungnge,"3RM9+8X5, Pattiro Deceng, Kec. Camba, Kabupaten Maros, Sulawesi Selatan 90562, Indonesia",Kabupaten Maros,Sulawesi Selatan,https://lh3.googleusercontent.com/gps-cs-s/APNQkAHGqenUrChpFaW8ivttxCUBgNnDdiUeS1ttLUa4mTotLzJziCPulgT9i0sFSryv6ntmyoC95FCZ59frgw6WR8afBGPA9gj2npFDdwStOTYFLaqA6gwqnkCGYzUu6_XpShYSraQk=w1200-h800-k-no
Pantai atapange,"GHGX+PP2, Lalolang, Kec. Tanete Rilau, Kabupaten Barru, Sulawesi Selatan 90761, Indonesia",Kabupaten Barru,Sulawesi Selatan,https://lh3.googleusercontent.com/gps-cs-s/APNQkAECFT4rqi6la6XjUPXQRdsvpzOuF2PhjIFIqlAJXtyLFT6UL3sBkfiz1U3mCDZKYEiqRwQ25ytvOVNjflXnhrr4JkVJMEImhEO8WqshYGJTgqc7Y6rfq2QsmH8ny_Q1aS8mZbEM=w1200-h800-k-no
Bukit Nanas Bette,"CM2W+47, Jangan-Jangan, Kec. Pujananting, Kabupaten Barru, Sulawesi Selatan, Indonesia",Kabupaten Barru,Sulawesi Selatan,https://lh3.googleusercontent.com/gps-cs-s/APNQkAEyx96uhbGE0KLKz8uDMb9uieMWkypkDza39B3GTW49bnNgFZ0M9oLSHi-kyDH5xpJA95rWVpo1GXJZQNH1Z8LaB2SGIV5zjhqMgEL8EmvlX_BnZwmdI0iaPDCIj-2KwuUfCzA=w1200-h800-k-no
Tugu tongku Tambee desa Landangi,"G4HG+HR, Matano, Kec. Nuha, Kabupaten Luwu Timur, Sulawesi Selatan 92983, Indonesia",Kabupaten Luwu Timur,Sulawesi Selatan,https://lh3.googleusercontent.com/gps-cs-s/APNQkAHbo_dHVkr_XTUuQMa6-VDfwD_FamDPnzeTrga9be6VQg8Zy_F3N2zeXTm33Y9tFCQvklL2zq7OWZJoo3WM5CHMPnY2cdly_h0G_IRaENqJ_h0znD3fX6dYbfk-ti3zzrtYZpuV1Q=w1200-h800-k-no
Humusu Beach,"GJW5+2WP, Kulur II, Kec. Tabukan Tengah, Kabupaten Kepulauan Sangihe, Sulawesi Utara, Indonesia",Kabupaten Kepulauan Sangihe,Sulawesi Utara,https://lh3.googleusercontent.com/gps-cs-s/APNQkAHP_U7UXv2KqOEaHT6mE8Pp-fn5kGrRkx6D0-zayPnIkl0saGDzxOwQeiXiC7Q269Hfd_vfoVIm2ZIJYVSX_XMrI6eWvuifAxutHNqSiqj6k8DiwHgr9ubhMrRLh6LQFkMumCRZB42KIaVP=w1200-h800-k-no
BATU SENGGELOHE,"Unnamed Road, GF2P+R7R, Kec. Manganitu, Kabupaten Kepulauan Sangihe, Sulawesi Utara, Indonesia",Kabupaten Kepulauan Sangihe,Sulawesi Utara,https://lh3.googleusercontent.com/gps-cs-s/APNQkAFMn6ONH_6RkhxlBh3kr3bBt2e1nxmgiDcKsWsNjRDYuhvryXGaREEtF6o1CQDVxJqElO01abHwUXxcwzFWlx0q8etVymiO3Ey7sZ5GtC7A4SUPP3V98q5Fbwjhf9AyZZ6tUMghrg=w1200-h800-k-no
Desa Wisata Towale 2019,"7MFJ+H59, Ampera - Surumana, Towale, Kec. Banawa Tengah, Kabupaten Donggala, Sulawesi Tengah 94351, Indonesia",Kabupaten Donggala,Sulawesi Tengah,https://lh3.googleusercontent.com/gps-cs-s/APNQkAGQwpSazZe0s8V14m4vkKaLejYqBiVGhk6SoJoVzoFS-Vjl1KHgrdrEy32nFl1bwSVd1k71lsD--t6KRE5YHavvKq7DZsNMHgXpv7MhSxd3EV6W_q5mwaqQvYhNMhp-0gmATRMm=w1200-h800-k-no
Pasir putih/ Sivalenta bose,"RRM3+9G5, Lende, Kec. Sirenja, Kabupaten Donggala, Sulawesi Tengah, Indonesia",Kabupaten Donggala,Sulawesi Tengah,https://lh3.googleusercontent.com/gps-cs-s/APNQkAE5eb1z52Bf_ZRJ_YCZ1hohw1KaCDOiZZnp9N66C89YyoSIKCwbe9RgvFrxa1IX6ZtCxrfeFrOxGir_E8FrPs-NuTar1JvcQAxHlRPJgJguPp2DZkyYGTw3H4r6gPmW8VAh7DLD=w1200-h800-k-no
Pantai Matano,"FX7C+27, Matano, Kec. Bungku Tengah, Kabupaten Morowali, Sulawesi Tengah, Indonesia",Kabupaten Morowali,Sulawesi Tengah,https://lh3.googleusercontent.com/gps-cs-s/APNQkAFRtmhmfQiGq13DVVnFYKtYrkD93DCOemf8DwgY2L09KAT1ijVTCMcPEuWWuFaHMMES296KeNfBe_7EWOafn9PWLF29GwKLbngkJkebmPlfiPAKYT84wsAaSIZaZKXyRSyOZCOX=w1200-h800-k-no
Air Terjun Lalengan,"MR6R+7PX, Lalengan, Kec. Buko, Kabupaten Banggai Kepulauan, Sulawesi Tengah 94881, Indonesia",Kabupaten Banggai Kepulauan,Sulawesi Tengah,https://lh3.googleusercontent.com/gps-cs-s/APNQkAGwJgXXZdbpd1siscEU3JnE6HfNjEwjNhaysBw2g-QPthivpi8qRC5umY165vPapD5_LV7SNJD7kjtGEMDxWai0l-0LV7sR96g1WPq6oaJXP6tb1N0foqX2U16Dptmm50v8a-0=w1200-h800-k-no
Tebingkai,"M7GR+HH8, Jl. Bukit Trikora, Tompudau, Tinangkung, Kabupaten Banggai Kepulauan, Sulawesi Tengah 94885, Indonesia",Kabupaten Banggai Kepulauan,Sulawesi Tengah,https://lh3.googleusercontent.com/gps-cs-s/APNQkAHi-nf6Bl1E8Tfgf_NF7x0lylE7vmRdGT8AHWLlNICyY1DyKzRj7ejRWbohVZ_meTfooMhtS0Byq86XXi0FkIfs1a9_K3_HTtB6x-d4hOOjLZe2TXhAHdp6bLHTqmmyWrodEWzUbg=w1200-h800-k-no
Pantai Desa Bahari,"8P97+W4, Bahari, Kabupaten Buton, Sulawesi Tenggara, Indonesia",Kabupaten Buton,Sulawesi Tenggara,https://lh3.googleusercontent.com/gps-cs-s/APNQkAH6506VWvquRKq03HHyfBHakiiyp_vlwOFRe01xnVk57M7iusVEMoJm2vFJnc83I4RwEshJINp4fOeOUYVfaJtoZ6ItD0gpIZo5LBLrM3E7_LwxftDUHhwcSesJbyUDNYYm=w1200-h800-k-no
Permandian Lowi Malo,"7W8P+M44, Taubonto, Kec. Rarowatu, Kabupaten Bombana, Sulawesi Tenggara, Indonesia",Kabupaten Bombana,Sulawesi Tenggara,https://lh3.googleusercontent.com/gps-cs-s/APNQkAHp31dh2lC9mXImyYXOQup4LZO8MFxhqgXxfq8bAtX8ecfS_wrtKDMxtnBk3z51Lq0i67qIBtkm9Rqf2Eg3Bo1M3Ijxuy68hin0yn55gAnlcsE9-lTjPi5R6O__4OXKyC76fyLL=w1200-h800-k-no
PANTAI LA DADO,"P73G+JC, Balobone, Kec. Mawasangka, Kabupaten Buton, Sulawesi Tenggara, Indonesia",Kabupaten Buton,Sulawesi Tenggara,https://lh3.googleusercontent.com/gps-cs-s/APNQkAEkOoLDtl--KKR_VTjm2DLq1itrh7UEBkWCtJpBBu0A7QrcS0OyJEdQmIXfeD9mWY38yTAWuiqI54W65iPaWwYM9crdE72mgQEBCmaW4vcTlZ0nAGhRIGXipKQ2lta07eUi_7v2=w1200-h800-k-no
Pantai Palahidu,"4265+C3G, Palahidu, Binongko, Kabupaten Wakatobi, Sulawesi Tenggara, Indonesia",Kabupaten Wakatobi,Sulawesi Tenggara,https://lh3.googleusercontent.com/gps-cs-s/APNQkAGudtVCu2ziWFEoB5w0qzN-5sB4xF_gk7n4irZcPLEGNThrox2M52gDIOzX20sCbFMwcpIpGVH6ex5Z0X9Osos_Nt5b9kVJ39ZF2pDHNDvsT7OHJTW7bS8RQLuyXxnGROpkLxY=w1200-h800-k-no
Bukit tinggi TARANGGADING,"9R6G+Q2, Rangas, Kec. Simboro Dan Kepulauan, Kabupaten Mamuju, Sulawesi Barat, Indonesia",Kabupaten Mamuju,Sulawesi Barat,https://lh3.googleusercontent.com/gps-cs-s/APNQkAEJQY-ALIGhRizJqfxlwKO9sebiSUI77otyTWPSD_9tt-k3LHWDMNXYRPw-Xdnhror3m3CnO2M8FKK7fTgEDUvgGZAgx4Fnunh6dr4Bd9whl2cATsOjeI55pODa2bLXiTIg6-pcQxSK1G68=w1200-h800-k-no
Karampuang Island,"9V8H+9J7, Unnamed Road, Pulau, Karampuang",Kabupaten Mamuju Tengah,Sulawesi Barat,https://lh3.googleusercontent.com/gps-cs-s/APNQkAGhCmbqQGRqBAwIch2XXVkgicAxrWkeOdIX8LZ2wBtt4bi7VMMgZJ9IREI4Ygeb-wHEt_5veIiGaIl5bZTH-dRDm85tyL9Fr4ZHlK11xT70f3qVgulSGyysCfNUHeIJcubK0O_IGFcZQ0s6=w1200-h800-k-no
Bukit Layang,"G3F4+3GR, Tenda, Kec. Hulonthalangi, Kabupaten Gorontalo, Gorontalo 96133, Indonesia",Kabupaten Gorontalo,Gorontalo,https://lh3.googleusercontent.com/gps-cs-s/APNQkAHU-ElgsyjnWA-84rgwpfNUfpPdlvE45urD_ZMFOxpBg4CJyZvzhM_UIOWTPVVAgBe8Twt87Od6yT1GC7yCbWmcAKbS8f2EYbZI4r_1TfidDww7iuAA6Z-P95NGxJLUo3fpqXHzBg=w1200-h800-k-no
Air Terjun Milango Lo Jini,"J49P+75, Lonuo, Kec. Tilongkabila, Kabupaten Bone Bolango, Gorontalo, Indonesia",Kabupaten Bone Bolango,Gorontalo,https://lh3.googleusercontent.com/gps-cs-s/APNQkAF8wavPU1KtSzezPVvvwL89Ti88yvhel6NhQANbadL84uXcRtIOyY7uJjTy1OSoSJCvldeKMM6noXUwzs4Cz0TzDz96-x4IgSnsJ2y-u0dvKfhCJVSIDhgdRyNnlmwJoskIJwVTjepyrD1F=w1200-h800-k-no
Wisata Kapal Pinisi Makassar,"VC44+FR7 Sewa Kapal Pinisi, Maloku, Kec. Ujung Pandang, Kota Makassar, Sulawesi Selatan 90111, Indonesia",Kota Makassar,Sulawesi Selatan,https://lh3.googleusercontent.com/gps-cs-s/APNQkAHmr3gLfSua8VyJlcJIBti6j3Yi8DDnUmeBB_WwJhf6PnwZ8YPaTUWdCO4WHXEs8VJbGf-xvjvRuaiyIji5yZDkKGUScQ8o7sq_Nprk9UGNDCR_eibCUcBSHP3a2VmmK8iI9x1zmQ=w1200-h800-k-no
Istana KARST,"3JM2+V2F, Bontonlempangan, Kabupaten Maros",Kabupaten Maros,Sulawesi Selatan,https://lh3.googleusercontent.com/gps-cs-s/APNQkAEiKDfK58tSziLtwC09NutbZBlig4zMXX97KMnEMivm8B-fJz2PvZvHlpNxFRjk80DXfuyEVyy0mzpx708z2sF1AdRSPZqRR4r_XO7OlD-AddFpKxu_zFhxqcgM1JlXSVYZ8CQ=w1200-h800-k-no
Air Terjun Sali Sali,"Unnamed Road, JF59+GF9, Sali Sali, Kec. Lembang, Kabupaten Pinrang, Sulawesi Selatan 91254, Indonesia",Kabupaten Pinrang,Sulawesi Selatan,https://lh3.googleusercontent.com/gps-cs-s/APNQkAF2dzlbHKbvUWSfH6j0eJ81tqnD1KcCEJ21HJu3A70jD7ug0rrzPnC6jxow5ZNIUU5ga2ARImFsMAUYJgzY4lsgVs-CyU_MIJsUFRgkGNLIltvW_H2i_zqR-9m_Fohss40aN_9Y3A=w1200-h800-k-no
Wisata Alam Panyili,"J5WP+RQ5, Panyili, Kec. Dua Boccoe, Kabupaten Bone, Sulawesi Selatan 92753, Indonesia",Kabupaten Bone,Sulawesi Selatan,https://lh3.googleusercontent.com/gps-cs-s/APNQkAGmObavxYRKH4jA8wuEZmGzSUZUXRv4VdTQY0QTEKvmwQ3L0DEyOKPEEhQjgrLnzKzQ07lXoWQrds9BcJMep2Pj1ruspsPC-33eVMokUf69ha6bFDYCib7wRDewFxqhAMvwq4M=w1200-h800-k-no
"Walimpong, Desa Barae","G24G+F68, Barae, Kec. Mario Riwawo, Kabupaten Soppeng, Sulawesi Selatan, Indonesia",Kabupaten Soppeng,Sulawesi Selatan,https://lh3.googleusercontent.com/gps-cs-s/APNQkAGY1piL0xhEbGGW8zF4mNQaHbUp7XD-_MxOYQjgxFc39DHFkkOZ9pQ6m1V2NaXMEczTFigXC5dShBjuVrtjhTJNmmbNRJ_KC_DiswbWJdKKi-pcyCZvHsjvGbhlR7m-Yj5eLvO5Pg=w1200-h800-k-no
Wisata Goa Batu Maupa,"MQ2P+725, Salu Dewata, Kec. Anggeraja, Kabupaten Enrekang, Sulawesi Selatan 91754, Indonesia",Kabupaten Enrekang,Sulawesi Selatan,https://lh3.googleusercontent.com/gps-cs-s/APNQkAEY0B6-FDzDp2GfE6tTW6k3Ch1aX_GwhNNRxlMkmK3-gyvLtnhe5ZYIM4U4EwvuYd6WuCw_3G5UjZkgvoimQlYdqe6o2ammALygfQoobwbrAO858C36cCB_f9xPcFp7EFj64LM=w1200-h800-k-no
Air terjun Kulung-Kulung,"6PVV+JJ, Wiau Lapi, Kec. Tareran, Kabupaten Minahasa Selatan, Sulawesi Utara, Indonesia",Kabupaten Minahasa Selatan,Sulawesi Utara,https://lh3.googleusercontent.com/gps-cs-s/APNQkAHR9qPtETQJn9VQeIQ4hPnLlTfaY-ByrWtvVjsdIwLs0NyOiQemIAwn7SpvLp5L8Xl9JgnEioCnkUep5E1dx8fPVpqHchvu-E7wd35dJl-O7RF7eiPSDrIFUeFlfJhDMY1nIfTW=w1200-h800-k-no
Air Terjun Tolei,"7J3M+96Q, Desa, Tumpaan Baru, Kec. Tumpaan, Kabupaten Minahasa Selatan, Sulawesi Utara, Indonesia",Kabupaten Minahasa Selatan,Sulawesi Utara,https://lh3.googleusercontent.com/gps-cs-s/APNQkAEtr_INiRQ1M4D9_-VSOGRHRzC6Ia7wx-el7m9LfDFLESI3NPNmBZXcM5Nbp1ijXgrgMkFG5dztr4tVN_X5oVpSSYpybl4b4XkdVDZvfw40MsWMxnRxe6lDilvbL04hv1tXvPkZ=w1200-h800-k-no
Wisata Gunung Kulon KotaNagaya,"Wisata Gunung Kulon, Kotanagaya, Kec. Bolano Lambunu, Kabupaten Parigi Moutong, Sulawesi Tengah, Indonesia",Kabupaten Parigi Moutong,Sulawesi Tengah,https://lh3.googleusercontent.com/gps-cs-s/APNQkAGnCTGIGdhBi21j2rzZfR4mhXBoIvpwqFChR1ULK71fpKX54tSPjmMt1rJPsjb9lmZ8UFs6l2P8HdMO2Pg1csFi-bUr7a09Okri2EIDOHewR1FQYXmPGb5NV7ssXF5ZtoV3BBAc=w1200-h800-k-no
Telaga Liku mebubu,"2HWW+H7, Ulunggolaka, Kabupaten Kolaka",Kabupaten Kolaka,Sulawesi Tenggara,https://lh3.googleusercontent.com/gps-cs-s/APNQkAGfgspJpqdGTkle6HN6shMHGMMmPhW1y3zltiBbKsTaF26expIz5eSVVaer8ht_N80HUuubh8rwEZPZRQSUm5VvE5n3FfgGwvFjkSYuoUjZsavyct-lCjL43tg1NnpN_bhKG9f8=w1200-h800-k-no
Wuna Waterfront City (WWC),"5P7J+F5, Raha I, Kabupaten Muna, Sulawesi Tenggara, Indonesia",Kabupaten Muna,Sulawesi Tenggara,https://lh3.googleusercontent.com/gps-cs-s/APNQkAErcwHeaoe2q8N3U5VhbcWOyL2MXCWgq4StqXEJ0a6gxzdSKBhJ3i9LjwK-y2Rhitvk5DvxKRvbWhzKEbuBmDUhR4gZpaDr6jRP9jB_wBcPKCAvRZRBYrnJn3B3L4Vbky1Ux4Zt=w1200-h800-k-no
Kebun bapa ijo,"4JJG+4FC, Liabalano, Kabupaten Muna",Kabupaten Muna,Sulawesi Tenggara,https://lh3.googleusercontent.com/gps-cs-s/APNQkAFZ1H9zS1ATB7Of7nUCPdsA_ng5PXyVHXQ_sMIW-8SizWKgP2Qw6RccIVySWAGB_NtCjernJHAYj5B3YGke0jkk7SxTRMdFsqVZ7Ig_NJrZzygjjEpyQt-ZenCCaDWQacHUamrQSA=w1200-h800-k-no
Air Terjun Barrasa,"HRQM+5H7, Unnamed Road, Rappoala, Kec. Tompobulu, Kabupaten Gowa, Sulawesi Selatan 92175, Indonesia",Kabupaten Gowa,Sulawesi Selatan,https://lh3.googleusercontent.com/gps-cs-s/APNQkAFC-Q0Rrjd7VQ4s-9dtB8MQGw-JZT7kuHP9H5VE5JmV0pJHO9YHpV2IwJa15YgQtUBb7N9rPYdE-_oFD7EPHbJy3Yc6D1uvXTZNVteZHO6oYjiQT2o288tUt3cRuguhRq0gYGSC=w1200-h800-k-no
MAROLAND,"HJQW+FR, Sepee",Kabupaten Barru,Sulawesi Selatan,https://lh3.googleusercontent.com/gps-cs-s/APNQkAHHnBkpd_sjPGa6vkwwiPg_8tP2-t7Qh3oAvP5xl9C1Fs5Zk86AlZy9hr6smQHHEGZwrf4HMn9aVKMf7aebOOz7A2sAOgRP6dRcLOR1tcp64hlXDke1Wd0642PEtzeiEWe8KEY=w1200-h800-k-no
Patung Arung Palakka di situs Kelahiran,"Jalan Tetti Kenrare, Jl. Soppeng-Takalala, Labessi, Kec. Mario Riwawo, Kabupaten Soppeng, Sulawesi Selatan 90862, Indonesia",Kabupaten Soppeng,Sulawesi Selatan,https://lh3.googleusercontent.com/gps-cs-s/APNQkAGiNrPM9ayQmG6f_VaVYn-KEuXOSxazULDN1-qJv8gyLIVWkRlHO63Ztx-6rebqK9RqGLuVrbbNKWLwQVshwYLnJVemYpGAwTbEgQUPkJuCRkF3-pf1lEAHsa4-N_-lFsZTXt3O=w1200-h800-k-no
Air Terjun Gamaccayya,"Unnamed Road, M246+VQ2, Kindang, Kec. Kindang, Kabupaten Bulukumba, Sulawesi Selatan 92662, Indonesia",Kabupaten Bulukumba,Sulawesi Selatan,https://lh3.googleusercontent.com/gps-cs-s/APNQkAGBfOsuEuLS-ma6H6cgscNsgaIhbFZdA2YTMfdR9PXoMVJoNG4W2z3faZ7MSomQoR-1aUfoh5wA5eMBulkVs8fOJAEB6T_CiJREMtyTthXnxIfdEJ8C3i3DtjpsqpyTAyvfbheIfA=w1200-h800-k-no
Air terjun Tuangloe,"CPRH+VJ, Datara, Kec. Bontoramba, Kabupaten Jeneponto, Sulawesi Selatan 90244, Indonesia",Kabupaten Jeneponto,Sulawesi Selatan,https://lh3.googleusercontent.com/gps-cs-s/APNQkAFJ2xgynlqEEM-WFNQDGPz7CmpdwRyiSnaTb3y0kKcJZOE2fXUNyvk1vOiArmmmPfHgnCWTY8_W3_ZSjNbghXxFCo1FQC1GotED1Ooyw759WmEoYie_ph30VWq_92nuMT6GVQ5f=w1200-h800-k-no
Eduwisata Bahari BPPP Bitung,"F657+498, Jl. Tandurusa, Tandurusa, Aertembaga, Kota Bitung, Sulawesi Utara, Indonesia",Kota Bitung,Sulawesi Utara,https://lh3.googleusercontent.com/gps-cs-s/APNQkAEW_EfUsU579A0L3tnXEBYd_WG4ibj38TDFE9oRELu0LHi7cxgw64Qbr0KK0A1z1F1ONOQsdWDPxeYHv2AkAptZn29NAb3i8lALMiuKvH1vFtp2gAFMKWWIbHQWc89_v_x2Sq8U-w=w1200-h800-k-no
Air Terjun Tonsealama,"8WGC+CQG, Jl. Tondano - Airmadidi, Tonsea Lama, Kec. Tondano Utara, Kabupaten Minahasa, Sulawesi Utara, Indonesia",Kabupaten Minahasa,Sulawesi Utara,https://lh3.googleusercontent.com/gps-cs-s/APNQkAGTP32JNM8ivQgDWx-NlR750Vv-8Pq_pwGjquT_BSy9iCKoPSUrPuY-s4O-tNZohXTAy-D6nh3FVLFXkJ3vFZt_Ip1pTRsVvPhZtO5m4-UuaJTQDhHutss4XHWNKx8nciPOmSvD=w1200-h800-k-no
Air terjun Soguo,"9XW8+75F, Salongo Tim., Kec. Bolaang Uki, Kabupaten Bolaang Mongondow Selatan, Sulawesi Utara, Indonesia",Kabupaten Bolaang Mongondow Selatan,Sulawesi Utara,https://lh3.googleusercontent.com/gps-cs-s/APNQkAH68o7awNk5B7smsj03lyepfzuUL9sMmmLEaQ3zB6l-iCeUJSyhs0pp26YsK6kTqtvFvnfvEyLyy-u8MUDZJTYo-kffRVXj_Proailbk7zUfXiqzMefL39I39p0e7SCn43VhKofRQ=w1200-h800-k-no
Kolongko Beach,"CX8P+C4, Tudua, Kec. Bungku Tengah, Kabupaten Morowali, Sulawesi Tengah, Indonesia",Kabupaten Morowali,Sulawesi Tengah,https://lh3.googleusercontent.com/gps-cs-s/APNQkAH81HpXa-wd3J5jlDEddfIciJnLSIpH096qtgLUeT9OimkeypGb1oMWXTADJo3vhSqKBTFD60MopXYpu6MJ-_mcPPdnpehbMHU-DAbmdZJEcO_YzNQHzZ1f5DkcF78xAkX7oWFf=w1200-h800-k-no
Danau Alani,"GV64+3JW, Desa, Alani, Kec. Buko Selatan, Kabupaten Banggai Kepulauan, Sulawesi Tengah, Indonesia",Kabupaten Banggai Kepulauan,Sulawesi Tengah,https://lh3.googleusercontent.com/gps-cs-s/APNQkAG0vPiUzBEtGGHCzRS6uPzxAFtEi6fwNIGPnWTYsk2W08KluYvsM-Ibmczwz6h4Ftey02tUQNVxadrMgWsvz-poiOnzW1aLaPxLXRKr8nBIM11jwe5wPS3L95x3hvRma4feQx2TmPU75_4=w1200-h800-k-no
Monumen Teluk Lalong,KH. Samanhudi,Kabupaten Luwu,Sulawesi Selatan,https://lh3.googleusercontent.com/gps-cs-s/APNQkAHmvXt0bEA2jqtHZn_5CFP3cIjBf8WlkiMHHtiWglNriUx0nLRTSEBRMHAqolUAs9vEYGNgQcBR6SSLLK4RniMcmilgtOQkIpTjx4DacAcHVSAzdwuA4Kx3DGUb-Lfb-mz9p4qg=w1200-h800-k-no
Danau Lemelu,"Desa Emelu, Kec. Buko Selatan, Kabupaten Banggai Kepulauan, Sulawesi Tengah 94881, Indonesia",Kabupaten Banggai Kepulauan,Sulawesi Tengah,https://lh3.googleusercontent.com/gps-cs-s/APNQkAG24lX3oVnfUTEH4-edyfyvuEKNGKXOrDMjydNh_NnmjOYBbnecLVQIpuSt-lfaBq-vAbza9wiXu84WnvrNOxy6ERmA9oMinYa7qRLb-iQ7ACGEzNfmssBTC4ypTxGpqnIDmd-whg=w1200-h800-k-no
Balai Kesenian Desa Campurjo,"Balai Kesenian, Campurjo, Kec. Wonomulyo, Kabupaten Polewali Mandar, Sulawesi Barat 91352, Indonesia",Kabupaten Polewali Mandar,Sulawesi Barat,https://lh3.googleusercontent.com/gps-cs-s/APNQkAHirBxf2TnBIadzjGWez57l9emDQPmhjZZ9EeNp3jyFfvS5mytxQmfrvkZajJhK41sTqYQgQXuv0-skRFrNL7N0m71F8Wb-gl2wqp1HyJcsTlBYRcWKW78LyGZJn-Np9kX_WQXO=w1200-h800-k-no
Kolam Pancing Firtia Desa Lomaya,"J3GM+2Q2, Lomaya, Kec. Bulango Utara, Kabupaten Bone Bolango, Gorontalo 96181, Indonesia",Kabupaten Bone Bolango,Gorontalo,https://lh3.googleusercontent.com/gps-cs-s/APNQkAFexE38A0QTHKhWsxp66wPC7tN2fpY60o8Ul8JvfgAUL_zlOzZoRMRIapfoNUehBLIyRwoSU9Mzl41sAswupUL6o0XVxLrfn3yT3xVK_l4Yv8PD8RiytFzXocdz1sFpxMRxlaPDdQ=w1200-h800-k-no
Danau Paku'E,"RMQM+JXF, Nepo, Kec. Mallusetasi, Kabupaten Barru, Sulawesi Selatan 90753, Indonesia",Kabupaten Barru,Sulawesi Selatan,https://lh3.googleusercontent.com/gps-cs-s/APNQkAF-iw9en2Z8KrYBrMAM7FG25kmNAC55RrHRJoGTuQY_4QjP7kf6086A1YflRRtPIXbEgRWfKh_qD_T0JF86CyH4EPLjxBHgCe3yLDiM1OwTeYptPdpoKv2qsr2_D_EYDa_p_V0shg=w1200-h800-k-no
Liang Tarrusu,"92855, Bontoborusu, Bontoharu, Selayar Islands Regency, South Sulawesi, Indonesia",Kabupaten Kepulauan Selayar,Sulawesi Selatan,https://lh3.googleusercontent.com/gps-cs-s/APNQkAGZFJb_DLYoRlNG40Ve3-Mk1LvQAIhtzjgRnAocnS_tue2hDiO-Ik5qV8asHSULkmfOJl71Ja8wgkqhmCYjlJ1sTNMClz7HGtUAnfICq59GzAxQLQ4EPUjcd3ixOdz2ntVb-ZYsrA=w1200-h800-k-no
Air Terjun Bulu Langi,"PP2P+WHR, Mundan, Kec. Masalle, Kabupaten Enrekang, Sulawesi Selatan 91754, Indonesia",Kabupaten Enrekang,Sulawesi Selatan,https://lh3.googleusercontent.com/gps-cs-s/APNQkAHwfSsVu__5DtA9XmPyzSwlfKNEo5YWLaQpRVmGn4jfJoedfOjmKEowUdC_g4XKzOUK6dORbO-y7_99Mb4dmvyT3TaOXM_Qyn5tcIcqcY8RZQst3wgwDNyYWXJwxuEPAGn-ZXtW=w1200-h800-k-no
"Pantai COCONUT BEACH, lolak,Bolaang Mongondow Induk, Sulawesi Utara","V2Q6+R23, Lolak, Kec. Lolak, Kabupaten Bolaang Mongondow, Sulawesi Utara, Indonesia",Kabupaten Bolaang Mongondow,Sulawesi Utara,https://lh3.googleusercontent.com/gps-cs-s/APNQkAGpnYyOSDnnht2HiHhS4bWildcG8gdHhw20cIxjxNDq-eSEDoOoWQl5PrhaH4pEgz93C-OqKY8h4CwOz1cUDciL6blM_lxpSctJvvMcgCiSIRQT256sqdatylseEQM5diUGhdLp7uBg15k=w1200-h800-k-no
Wonderfull Bolsel,"92G2+F8W, Sondana, Kec. Bolaang Uki, Kabupaten Bolaang Mongondow Selatan, Sulawesi Utara, Indonesia",Kabupaten Bolaang Mongondow Selatan,Sulawesi Utara,https://lh3.googleusercontent.com/gps-cs-s/APNQkAGfvcoyC2uMFrc9YT7_sAAxvjshCToNC1cL46KPbUPsXcDdxtHNyJFZSe8g4GBTd5BW0cqVEsvrs4ba8xbrJMrRAg6S5sO0sClNOyaV8dswCrMTkEwWZ-eNq_ptL7bS1WbfI5Y8PykiyNCR=w1200-h800-k-no
SABODAM BANGGA 1,"Bangga, Kabupaten Sigi",Kabupaten Sigi,Sulawesi Tengah,https://lh3.googleusercontent.com/gps-cs-s/APNQkAEHjYUJ3ublOadKnhLM-eG5XOUV4uvTvKIwMDXNhvMt2e2oqhKLKWKzX9-tEdPcX_zRidiD7NOzvQn5QKLwHOWNH4M7MLfVcbtQFPoZhRjt1gmzvUExHD14DifrydaQpDC8PBx33sWTrfw5=w1200-h800-k-no
Desa Bungintende,"VH3R+PV9, Bungintende, Kec. Bungku Sel., Kabupaten Morowali, Sulawesi Tengah, Indonesia",Kabupaten Morowali,Sulawesi Tengah,https://lh3.googleusercontent.com/gps-cs-s/APNQkAHb6e9VpqtYNoUxi7bXj4oMbj_01Js2hQX9x7-Grr1B9X9Owpic3ScgBJSRjNvjGBCr0wA3_HiX8UQPIVcbfz5dPllST0UjepKZop79dio033KqP9xAZMUSc_P5all2OG97bZk-=w1200-h800-k-no
Pantai FONUASINGKO,"GWCQ+Q5V, Jl. Trans Sulawesi, Bente, Kec. Bungku Tengah, Kabupaten Morowali, Sulawesi Tengah 94973, Indonesia",Kabupaten Morowali,Sulawesi Tengah,https://lh3.googleusercontent.com/gps-cs-s/APNQkAEN7UcwJ0tfIsFL94bIVDmehUF_4TK7-BxlRk1Zqjy3ChmDsV58MJYTAlTCPmdncompdQyk39t2KwEiwhqdxlX_z0ARm9hhJVf4t3MYFGT7v6AwWS3oYr56fWDMHf5oYhUBatg=w1200-h800-k-no
Air terjun 801,"3P7W+PC, Hanga-Hanga, Kec. Luwuk Selatan, Kabupaten Banggai, Sulawesi Tengah, Indonesia",Kabupaten Banggai,Sulawesi Tengah,https://lh3.googleusercontent.com/gps-cs-s/APNQkAGl_DLOFccFpns28i7Jb5cW7KWuIaX1-e7AZcHMOdasAbSyqlGE5jJfuvH5idcbMplYzuZeR-3-Vkrh1qb25lAR713ULtXyN7TekQHoufaChKKjZ7UBoow_NWC1HVSgsmtmA0SRtA=w1200-h800-k-no
Makakata Beach,"PH48+837, Sisipan, Kec. Batui, Kabupaten Banggai, Sulawesi Tengah, Indonesia",Kabupaten Banggai,Sulawesi Tengah,https://lh3.googleusercontent.com/gps-cs-s/APNQkAF2bs2T66pfUT38o8E3IlzAVT1MmYm0GLsblJnKOPWdoImJlwr4sj0jBOODdgIZ9Sy7KWWXtCk-zqnQu4ii5vbnXsw2FXBxS6gRGCYpyEIqNO2BAaUQOUKAjzQWGPl4NumcY4IR=w1200-h800-k-no
Makam Imam Syaban dan Lipuadino Lolantang,"G2P9+WRQ, Toi-Toi, Kec. Bulagi Sel., Kabupaten Banggai Kepulauan, Sulawesi Tengah 94882, Indonesia",Kabupaten Banggai Kepulauan,Sulawesi Tengah,https://lh3.googleusercontent.com/gps-cs-s/APNQkAElNPvfKlZZwuZQfJ_9lP9rzfCIsQ2zJ9gMTw67s4ZsqxXW8uQUTHeYkn8EA0vC7cV1WwIg5aHut31JBHmagFfh1HN03BTk7H8kDlppTkieZ3JJvtm003vsHKKwiSJf2uZK2RYr=w1200-h800-k-no
Pantai silopo,"GCFW+F6M, Mirring, Kec. Binuang, Kabupaten Polewali Mandar, Sulawesi Barat, Indonesia",Kabupaten Polewali Mandar,Sulawesi Barat,https://lh3.googleusercontent.com/gps-cs-s/APNQkAHmAVwxwMEdYD2pLdXsRJDpQRIPsP2tD9yJoh8WPrEAj-6FEhOaqLQfQaRTpxreTWWzlTD8lB4AxildNtffG2hI0cK3ob11uaF36MTqAx8GA0tLL30vYEbZ3IA7dXeUVo5OeticEe7Tdmr8=w1200-h800-k-no
Bendungan desa tabumela,"H237+5XG, Tabumela, Kec. Tilango, Kabupaten Gorontalo, Gorontalo 96181, Indonesia",Kabupaten Gorontalo,Gorontalo,https://lh3.googleusercontent.com/gps-cs-s/APNQkAFYBKITlhJiYre7gho6sB7P0o3M5xcJRsOaUxNxzW85Lp--CoqnNXwzQeEuBUyWhOxW9MT7sPM52Jdoufi2zQGqeQ1YVDsZ8C3JewIBUvtLV_1fulZ6z3qWZUrncGbOEgYLh6M=w1200-h800-k-no
Leang Cina,"Bowong Cindea, Kec. Bungoro, Kabupaten Pangkajene Dan Kepulauan, Sulawesi Selatan, Indonesia",Kabupaten Pangkajene Dan Kepulauan,Sulawesi Selatan,https://lh3.googleusercontent.com/gps-cs-s/APNQkAFV4VKG7P-v7iOeFg6h8L9qY0uX_HGPeNVO9bQlvn9pS5EfuJG14Hg-4Mj36kQDt8XoH3JE9YpHd0W5Nmwo7aEm7dMYL1D7njr1wCyNRTp3KT72Xn32GgQzX6Qbcze3GIhbVFRJwQ=w1200-h800-k-no
Wisata Manyu-Manyu Campaga,"G2QF+6FF, Campaga, Kabupaten Bantaeng",Kabupaten Bantaeng,Sulawesi Selatan,https://lh3.googleusercontent.com/gps-cs-s/APNQkAFIUP5yWDi2b2hclZh6V4X9rsr3a7Yllx-FfhVz6iKxXWRB2nnMjZcDepQ99XPYcFCdIF9aaNi6f-AJK4WF7rdWlkJt7MHLhfktwXKNpOK7BtLWGLOm3MSIgjXWFQ7EbI4G3FGW66rmmg7g=w1200-h800-k-no
hutan mangrove arungkeke,"9R7Q+XX, Arungkeke Pallantikang, Kabupaten Jeneponto, Sulawesi Selatan, Indonesia",Kabupaten Jeneponto,Sulawesi Selatan,https://lh3.googleusercontent.com/gps-cs-s/APNQkAERW7v_p4ZDYPgr5dWFUWNdBIgQKrvh6wncdym1JRwVhHKlIfGcXAnSMzbuFQ7cXeNEglOuMX-k555DQc-1NBnTjT98qHye1zNINCEZeWPUXKRk9_zxMRiouRe-yHVsC9RGLtWrGC0myzsr=w1200-h800-k-no
Wisata Alam To'pinus Burasia,"XM8R+JX9, Burasia, Kec. Bittuang, Kabupaten Tana Toraja, Sulawesi Selatan 91856, Indonesia",Kabupaten Tana Toraja,Sulawesi Selatan,https://lh3.googleusercontent.com/gps-cs-s/APNQkAGV4HBlawVoakcDRzYS_bAOc2S5MLCEYGAhz-beDdoStMmRNLaKtF0a4I1KO3zKfn-dEDqKk84-lqZCeme4Rhb7MvJWJ-dAgCBdnFqun8Q-GFrBD9UFVyMgHFODBc8xuG21sQI31dkT8rEY=w1200-h800-k-no
Tongkonan Layuk Ma'dika Bori',"Jl. Poros Parinding - Bori, Bori, Kec. Sesean, Kabupaten Toraja Utara, Sulawesi Selatan 91853, Indonesia",Kabupaten Toraja Utara,Sulawesi Selatan,https://lh3.googleusercontent.com/gps-cs-s/APNQkAHtgZuAi7vwvESfvsnk-I8dn-b1rgh-FAV3-zGinbkfFwp-TpDBgdY-_UR2JHHSkCOWUfTy59_q2Fw5Dk-TfeKo83zzkiisrfYOQo5N0li66NCiONMdNa9XbAP2lW9moDYY1zXZlC2jJxSB=w1200-h800-k-no
Pantai Benteng,"X6Q9+9XF, Benteng, Kec. Wara Tim., Kota Palopo, Sulawesi Selatan 91922, Indonesia",Kota Palopo,Sulawesi Selatan,https://lh3.googleusercontent.com/gps-cs-s/APNQkAGVEy3N2_OfbYuIMZXT2bdMTAKjzRo9YiIMsQsIVnJAWDtKueZhJdyKv8v0ov56IHf15VmDRR_V64LkRBP3614JKBVC67Qg1Rt3xcOfPYcHE5GIsIvhz5J09Npb1ofg4XNZpdI=w1200-h800-k-no
Air terjun Liberia timur,"Air terjun, Liberia Tim., Kec. Modayag, Kabupaten Bolaang Mongondow Timur, Sulawesi Utara, Indonesia",Kabupaten Bolaang Mongondow Timur,Sulawesi Utara,https://lh3.googleusercontent.com/gps-cs-s/APNQkAGMZ9TZA67l44Uv5moUOWGrNZJwyBFM9fJVglJeXX4dSEIqaoBZ4dTKxCvGCncBvXWXo7MZ_h7TxGeVwFRY5_ou7SyqlQVNQ8AljeyWEJ6GUBNVcbTzub4U47fONdyV1YIrI5dF=w1200-h800-k-no
Wisata mangrove bete-bete,"462J+X6, Puungkeu, Kec. Bungku Pesisir, Kabupaten Morowali, Sulawesi Tengah, Indonesia",Kabupaten Morowali,Sulawesi Tengah,https://lh3.googleusercontent.com/gps-cs-s/APNQkAESJB4x7iU5sYZdJmNTNpCIm7syZKkMN4X0Gwg9n-ceOTwLfg3uMlC3mT_7KDzX38G7rFoalzujREVTO44v-l8snzEit7SZr8nrl6uuYZD7lSeoBbmSA5Qp5erc0ESUC9R_cFQ=w1200-h800-k-no
Bukit CNGR,"62FF+68, Dampala, Kec. Bahodopi, Kabupaten Morowali, Sulawesi Tengah, Indonesia",Kabupaten Morowali,Sulawesi Tengah,https://lh3.googleusercontent.com/gps-cs-s/APNQkAHCKa05eznBWvdNJyf2PX_Ky3mo9VH29MWd8R6a4vDITV3KcBAYLhxKwpIrf7P-aBwvv0-Gw0L8z0fATMlB_4FmGA0EjBCANV3pVh9EsY7Up3SDQQr16KjGtPcpdo36KWGfACGg=w1200-h800-k-no
"Batu Tiga, Tanjung Leok","Tiga, 6C8M+792, Jl. Buol - Gorontalo, Batu Rata, Paleleh, Kabupaten Buol, Sulawesi Tengah 94568, Indonesia",Kabupaten Buol,Sulawesi Tengah,https://lh3.googleusercontent.com/gps-cs-s/APNQkAFaP8ZmVbr5PvpIrMgPdMRT6PTGhwv8lx0Kd_VoS2NyTrXdg6Z5Rcb0A7g_QcZXunmGu0STi4zt-F-t5QYkJoUFLSklbSAdYwptlwXE82ZwjaNlswV5coIkq1RCgtppPEPDOjngrA=w1200-h800-k-no
Wisata Sawah Bapak Tompo,"Jl. Monginsidi No.30, Mangkura, Kec. Ujung Pandang, Kota Makassar, Sulawesi Selatan 90114, Indonesia",Kota Makassar,Sulawesi Selatan,https://lh3.googleusercontent.com/gps-cs-s/APNQkAF5sqW-wYwsSpoivaK5olox4ueRoum46N-U0iNaUMlnveLuvIlSsHZGtAKNJwnsoqUkvjtIXRlI0FTWqHeK16HLRK6p8YrI9Ba8NrlaBdlgy9PnTpnR6UbkMcSjDB7KaEi7m1aI=w1200-h800-k-no
Pantai Mootame Dalapuli,"W562+6HW, Unnamed Road, Dalapuli, Kec. Pinogaluman, Kabupaten Bolaang Mongondow Utara, Sulawesi Utara, Indonesia",Kabupaten Bolaang Mongondow Utara,Sulawesi Utara,https://lh3.googleusercontent.com/gps-cs-s/APNQkAGKY28nPkRg4LHYfeS9nVDAH4IvZUVhOvF2BNLELe_RxxiLXEIMouGFRYh6-sc3ojBg7v8bUFspKu7LVXDuYpZdv2jH8GZAvHBGwGLZE-q9noxW8ZJOHu0MKiX4vU0P-PAbWkB2NA=w1200-h800-k-no
Pantai Popa,"6VX5+6X6, Kayumalue Pajeko, Kec. Palu Utara, Kota Palu, Sulawesi Tengah, Indonesia",Kota Palu,Sulawesi Tengah,https://lh3.googleusercontent.com/gps-cs-s/APNQkAHFz0BwkxdyYaKsUuhm4JqxJsIrF-J6oFgEHuIKceT7sgUY2C1qq-j3yvqoZW2MT2hQfnD4LfVKu5d7U53OkcPE0ESXj-3t_8qqcBpuLwFMynTe1PgwVmW-7IaJz9GPve2q9XR0=w1200-h800-k-no
Air Terjun Sarambu,"X6JV+J67, Sarambu, Kec. Porehu, Kabupaten Kolaka Utara, Sulawesi Tenggara 92981, Indonesia",Kabupaten Kolaka Utara,Sulawesi Tenggara,https://lh3.googleusercontent.com/gps-cs-s/APNQkAHfKLS6QQs2lE2SZiC_XNcU4cKZwmlI0GzjeoTGoJZsyuUWpi0XZ33-MjrPSJwBdn-VbtmHkEuMGgMBrfWpbgWxHiS47O5puduTGBZIWLqipVMHqUTOroRPdfrZmjwUIfsaXIc=w1200-h800-k-no
Bukit Bersantai,"9W58+3W5, Wumbubangka, Kec. Rarowatu Utara, Kabupaten Bombana, Sulawesi Tenggara 93774, Indonesia",Kabupaten Bombana,Sulawesi Tenggara,https://lh3.googleusercontent.com/gps-cs-s/APNQkAFAIfEKBFZHnDgdJe4QILXszfwr4eLcS14ig_RFJbkdmiKSFCFInTn-QAErVIILWsfWPIjLGVXNZj7w7_vbbm8ylAhrNTJZtTC7OIFREb6h9gFso51KMJBpXx8j6YJZKD_zPN2DMA=w1200-h800-k-no
Bulano Perintis,"Bulano Perintis, Boludawa, Kec. Suwawa, Kabupaten Bone Bolango, Gorontalo, Indonesia",Kabupaten Bone Bolango,Gorontalo,https://lh3.googleusercontent.com/gps-cs-s/APNQkAGq_m1iiEhiJ3SucP4VRdhIv4F6gSXZdl5hcRpiDmLHrMqaBpSkjisqjCdUPrqXcVNgFequNPPUhHrvbwx0krVlQQYX56sz-fh-O1WvQ-fF3Hxv8vXRwZBsLbZxSNXsncv30_g=w1200-h800-k-no
Air Terjun Kembar Kara'ngasa,"FVWF+3P4, Bonto Rannu, Kec. Uluere, Kabupaten Bantaeng, Sulawesi Selatan 92451, Indonesia",Kabupaten Bantaeng,Sulawesi Selatan,https://lh3.googleusercontent.com/gps-cs-s/APNQkAFTt_OdMRQN9-g2cLDilJVpbVnHhizz0Ye3_2Yb3R3qh3AuPHIOiBDpvYZn5-Hon_k3gOaCYee_V51iJwMhbusrRkpIHEZ_Y22BszM4PRsZeozE_-SiS4rEzLkNTxJpcIC0hVHT=w1200-h800-k-no
Pantai Kayu Bura,"7465+RXM, Pelawa Baru, Kec. Parigi Tengah, Kabupaten Parigi Moutong, Sulawesi Tengah, Indonesia",Kabupaten Parigi Moutong,Sulawesi Tengah,https://lh3.googleusercontent.com/gps-cs-s/APNQkAEK2BYkiSXEUxS8ZGPcj-hvEcdHVXdtyA2xuKEN6htTSMvRqi44RQ5UXtGH-Oi8Qj6Ilff07pNjtxKGx5nZqJvOkIFETGEmgwF2UFUymIuw4tG6EzlzFw_r6xGTQ3JKYlxKhZY=w1200-h800-k-no
Teluk Indah Desa Lalong,"4368+MXJ, Lalong, Bangkurung, Kabupaten Banggai Kepulauan, Sulawesi Tengah 94892, Indonesia",Kabupaten Banggai Kepulauan,Sulawesi Tengah,https://lh3.googleusercontent.com/gps-cs-s/APNQkAGIdie4rcJOmIB_dlUOHpZJ4sal9O_TJhI8lcdpAjQUEd0_jJtJctGTNEzaB5enJCZEOkxHYNPKCs0JKbIbT4UqEoXOIWJhYSLH2M7bIjW-imJPof1P-l7-FJCFtivE9G4oWDS7=w1200-h800-k-no
Bukit Kromo Leksono,"MJ8J+P2H, Sidodadi, Kec. Boliyohuto, Kabupaten Gorontalo, Gorontalo 96127, Indonesia",Kabupaten Gorontalo,Gorontalo,https://lh3.googleusercontent.com/gps-cs-s/APNQkAEvs9AySxH_GMpwBv25ObbveWd_8Lm2GwgIAHNhJfdxn3Xt4kE46vTIu-Jh25w98PiBuI2SVXhEpDWzgXdQ_LSfztXTZ0gQz02XTifklPBE0QGZP4VHCCrMNdDbWJWIzW9iuWNh=w1200-h800-k-no
Agrowisata Pangimba Bumdesa Taluduyunu,"Jl. Gn. Pani, Taluduyunu, Kec. Buntulia, Kabupaten Pohuwato, Gorontalo 96266, Indonesia",Kabupaten Pohuwato,Gorontalo,https://lh3.googleusercontent.com/gps-cs-s/APNQkAHGaMEwwzYxuNSfkYOlBJ2B1IP3PwllEOuN51ozJZaWkJ5m9SmbKo3U38TV3TMMN_sok6ggZ7M-wk9J358XacLJzPfTo8cjYv4SWVeXGhu-Lssn7Y4A-PV4RS0N7210BOrmcQI=w1200-h800-k-no
"Pantai uwe buro, Palu","5V7J+93W, Jl. Uwe Buro, Tondo, Kec. Mantikulore, Kota Palu, Sulawesi Tengah 94148, Indonesia",Kota Palu,Sulawesi Tengah,https://lh3.googleusercontent.com/gps-cs-s/APNQkAHe_nsJIj4xKg6Neg6tRVOlF5oMxS88tNQh0N3UC8_ydqmfgKzVdGYIASJKfY1l3rZQkW26YnSb4r1N0Z_OeLXSW8tP-3jo8GtxfXT8-aXsP47pCqGnzIwEKovjHIoIkSAOwLA=w1200-h800-k-no
Desa Pinogu,"GC3J+G3J, Pinogu, Kec. Pinogu, Kabupaten Bone Bolango, Gorontalo, Indonesia",Kabupaten Bone Bolango,Gorontalo,https://lh3.googleusercontent.com/gps-cs-s/APNQkAHfrJ9O0AMBVv4UqaN0hJ4e-8s3Q747YEqJDqlWh0X1pAt20PGDHhmIOVzXEUIIiEzTBMO7is2oRaWGw-VoIyJyBQgMh-eXs_7GuH4IIW8RcF8_3ZE-hxOUNQblExdxf3T9XNUh=w1200-h800-k-no
Wisata Sawah Golden Bridge,"Jalan Rantepongko, Tondok Bakaru, Kabupaten Mamasa",Kabupaten Mamasa,Sulawesi Barat,https://lh3.googleusercontent.com/gps-cs-s/APNQkAGnj-7CLbEOPfmTJlqCO1GE1MLLTHh5dwKEq-V8bd9hgyIS08EMQM0W7icMU5J2-kH0ORj-AwNHvuuYOC_qssJOaVKOwh0dRcfKRKO6hkanN3dk4sQEr3mFrCasK_YGRyrcTf8=w1200-h800-k-no
Wisata Air Terjun,"HGMW+JX3, Lomuli, Kec. Lemito, Kabupaten Pohuwato, Gorontalo 96468, Indonesia",Kabupaten Pohuwato,Gorontalo,https://lh3.googleusercontent.com/gps-cs-s/APNQkAGN0_H27hJU8_g8L5RXLp_7aMuoEoPxwDZ6BReRzMyDdAHIYewYeSMH8Tkq66g-L2ALv0Lznp8we1bj-IHyBXXMPZ4uTYNv83VkgRalnVe6oAZGbQPvXUoq2NFtu8Abs_M0blqPuw=w1200-h800-k-no
Lembah wisata TMI,"HV99+J37, Tanete, Kabupaten Gowa",Kabupaten Gowa,Sulawesi Selatan,https://lh3.googleusercontent.com/gps-cs-s/APNQkAE0xeMBQLJ5jqBqlJaef96ixR3BXOryJskk2D1fbhCZjEp7EAfzeEF10XqorFtadV-6bVBx9JOGguX_Nhr66o0cQsrszmVAENCYwaYkYozJr4qtuWLkVSTypW1DJNcCYGwsx-fWXZG-ZLg=w1200-h800-k-no
Pantai Babana,"9CJ8+7W6, Jl. Andi Jaja, Temboe, Kabupaten Luwu, Sulawesi Selatan 91998, Indonesia",Kabupaten Luwu,Sulawesi Selatan,https://lh3.googleusercontent.com/gps-cs-s/APNQkAHrbkkG5n-8ZyhkrThXwvuo7wBahf9Exb9Eud0IhYOvndweGNgoUZGEMsf1R0O1s_Tg5Z2mLKCo9JcSif9gMhROTg99mSkzOZhtIfaTsANxSgbZYEMAD5kJxxt89gi4i7YO5YZ8_A=w1200-h800-k-no
Pantai Polongasa-Ds.Towondu,"G94P+GC5, Towondo, Kec. Suli, Kabupaten Luwu, Sulawesi Selatan 91996, Indonesia",Kabupaten Luwu,Sulawesi Selatan,https://lh3.googleusercontent.com/gps-cs-s/APNQkAHpptYcAHAy7XSPuFeTMbTLoCxv5uvUwqiZS4coeVvzh0gu8NuKb-V7RnPU_Y_1eBXiBDvGZvheJ6s3NSIjwB3F79j3GlwUJ1mg5F-TGQNBWgomAmc8Ir7lLhwd6ewTEQdPfj6P=w1200-h800-k-no
Taman Wisata Alam Danau Towuti,"8CQM+M8X, Danau, Kabupaten Luwu Timur, Sulawesi Selatan 92982, Indonesia",Kabupaten Luwu Timur,Sulawesi Selatan,https://lh3.googleusercontent.com/gps-cs-s/APNQkAF7DgcNRdk5ZROcagVTG0MwVBItcEe7Vh5v0gn4EhSBFTnrme4AAwMjuJVm5psy3XwD_FBcm-6Yp93lGQrqa3jv76Gb82p4lKP81AJSyQV6300eosRtH-G6uR1aCOlR5oYUwUJ3=w1200-h800-k-no
Pantai Wisata Citraland Palu,"5V9J+63P, Perumahan Citraland Palu, Tondo, Kec. Mantikulore, Kota Palu, Sulawesi Tengah 94148, Indonesia",Kota Palu,Sulawesi Tengah,https://lh3.googleusercontent.com/gps-cs-s/APNQkAEdBUqe89_17oqNbCbdfgwbzG57bn9WuyyhedMGlZXrafiZPYy7FjN0QlentG2to694tDLyb5ptanmogOCPQKpEKHBRyM5iA7G4djhCzJAUL_dMoN8YMuDv_PVpuPDysaRUEkI0uw=w1200-h800-k-no
LORONG WISATA SILVES,"RCXM+XQQ, Lorong 2, Balla Parang",Kota Makassar,Sulawesi Selatan,https://lh3.googleusercontent.com/gps-cs-s/APNQkAHD2VIoMfqXuczx1fss89IwmfnEUldFuiZg9K8H3vQwCl3NbD52cJ0kZLoTgzO3JxfuX_0VHcsjoUeuetvTMXH930qFI-I-7n6u10bpsm8MRu2F_suYReziOkn6Smi_fUFCRhs=w1200-h800-k-no
Tongkonan Mebali,"Unnamed Road, VW54+RH2, Lemo, Kec. Mengkendek, Kabupaten Tana Toraja, Sulawesi Selatan 91871, Indonesia",Kabupaten Tana Toraja,Sulawesi Selatan,https://lh3.googleusercontent.com/gps-cs-s/APNQkAGnG5xXLohvzkTRkUn7Zys6iiiIfJZ0MqjVOCguP9tp5asacUaR3y7zdM186zU26FD-ARppG0Q_Kx4z9tt1MQLyYTaXat35EnCgV2StvRVr13eFt2tN3Dz-hJAsgQNTY1lUmNUvpQ=w1200-h800-k-no
Monumen Pendaratan Islam Lapandoso,"W7R3+7RP, Jl. Datuk Sulaiman, Pabbaresseng, Kec. Bua, Kabupaten Luwu, Sulawesi Selatan 91991, Indonesia",Kabupaten Luwu,Sulawesi Selatan,https://lh3.googleusercontent.com/gps-cs-s/APNQkAHNGicsPfK1PIYAgkPG5wmkKdIDuvB5R1UPHcV4qyvUMdOBtWmWT50rdClVOS8zoJgmr4oqGLkTuIjgaKYfYL20TQdYm5_Hjx35x3eL_t43W6mkTFC9R8By7bpvUEx651VH7l3Ul8et16Ui=w1200-h800-k-no
Bukit Doa APKB,"Kolongan, Kec. Talawaan, Kabupaten Minahasa Utara, Sulawesi Utara, Indonesia",Kabupaten Minahasa Utara,Sulawesi Utara,https://lh3.googleusercontent.com/gps-cs-s/APNQkAHChZPI--N2Xe3DKoMWmrgRVZOnhxwB9U2PMAZEnd8g75sGxKlYDhgtP7LrPqj5O5zPixKmhi9QRUqeDoCFFIxSIc4qO7XCz1Ewj2RnRwgj_h-FyuTDnrMn8EdIcqUaTmZHb0izsg=w1200-h800-k-no
Bulu Nti,"Bulu Nti, Balomoa, Kec. Dolo Bar., Kabupaten Sigi, Sulawesi Tengah, Indonesia",Kabupaten Sigi,Sulawesi Tengah,https://lh3.googleusercontent.com/gps-cs-s/APNQkAHOPZsJcxW7UdFwltyxR-6UqhY0CEsryt25x4fnOh3CKZqQ3sWzQrc5TLRUgVfU7Mve4QLVPo9s7IHhUEbwJOZDSceolFN3bWxfjg0kxsuEuuKGPTIQysX9lmbTBSEx_MQS2lYz=w1200-h800-k-no
Bahamast Cottage,"JQQV+63G, Jalan Trans Sulawesi, Madale",Kabupaten Poso,Sulawesi Tengah,https://lh3.googleusercontent.com/gps-cs-s/APNQkAEK1MIr1JcFQ4UV-Hf-LlJoXvcx7tGJ7u43jPGT-KtHVOXiKfwJjrN5qw8M3hfEdE4qhwIYq0yGfwNqyD0iGFUHIjiNacLVw8wwvg1fus_XPbRGdJRNAtqeWeZkpeYaj07QY_RN=w1200-h800-k-no
Pantai Marina Ampana,"Jl. Tj. Api No.33, Labuan, Kec. Ampana Kota, Kabupaten Tojo Una-Una, Sulawesi Tengah 94683, Indonesia",Kabupaten Tojo Una-Una,Sulawesi Tengah,https://lh3.googleusercontent.com/gps-cs-s/APNQkAGcF1UeczI5MjdpnxN8NRDwsfqS1SCbIZ97XRjeSRXqzgI5JNlf5AuqAVKeSOgdajw3lFuHD06g9jt8Tkj9ZAaqpWe3t79UlXMcUPN90RaD4nW6wgaUD0eEVnw3JvOEumicHaQZVBkRVf3u=w1200-h800-k-no
Air Terjun Raptors,"Jaya Makmur, Kec. Nuhon, Kabupaten Banggai, Sulawesi Tengah, Indonesia",Kabupaten Banggai,Sulawesi Tengah,https://lh3.googleusercontent.com/gps-cs-s/APNQkAEqx35oCYNi8EgtWqBc_ZqgPNc8JuRSddO7mJJtXUhexlBf5U8_g2xcroEQct5JiXiu7E0E4ZZerxBrl_Bz91ytBLZe2DAmaIrr3ZSl8M3GL1TABlwoMown5EIIFLTpeAkNzXU=w1200-h800-k-no
Air terjun penanggootu,"JVWM+MMQ, Penanggootu, Kec. Lambandia, Kabupaten Kolaka Timur, Sulawesi Tenggara 93573, Indonesia",Kabupaten Kolaka Timur,Sulawesi Tenggara,https://lh3.googleusercontent.com/gps-cs-s/APNQkAFhMlNV9ApXk6V5ILiibsnqTdoxPpzhHBASV2z4Io3QTJFpnLfMsFVsa1Jr66dEEZXts44X7_966RemZODBc75kVLhBQZHX78apNkIbTFFMkuGblAbNYu_Se5rlYp8MTd9PGDU=w1200-h800-k-no
Pantai poltra,"4VP4+FFQ, Marampuka, Kec. Poleang Tenggara, Kabupaten Bombana, Sulawesi Tenggara 93773, Indonesia",Kabupaten Bombana,Sulawesi Tenggara,https://lh3.googleusercontent.com/gps-cs-s/APNQkAGgwAHRkL1d3YFXqK857ERtsMlNuFN7SwfvdqS8ZWXf_OkiRlJQRgRMXh4X3YNoTIeDclSNMtqhetnvwSL-xjdjsusmKqgBHXax7T3PMMGskkY_nqKon9vAtcs8_MMv1J967Uk=w1200-h800-k-no
Pantai Yella,"32RR+HHR, Unnamed Road, Kampo-Kampo, Binongko, Kabupaten Wakatobi, Sulawesi Tenggara 93794, Indonesia",Kabupaten Wakatobi,Sulawesi Tenggara,https://lh3.googleusercontent.com/gps-cs-s/APNQkAFwZpiL9vm1nEnlxAP5xZBhUC8_ZP5YXZGYJgL6QD-MFPOmuZNtvyfulCXsgpE5e5NO31Wqj2BwgVwP0z6oKSC93XYyz3U7o-6MK6gpWSxEm8e2a4S1H1Om7_R2nb7S3Lfgaz2t=w1200-h800-k-no
SELFIE JEMBATAN AIR TERJUN,"FWP6+WG, Bonto Salluang, Kec. Bissappu, Kabupaten Bantaeng, Sulawesi Selatan 92451, Indonesia",Kabupaten Bantaeng,Sulawesi Selatan,https://lh3.googleusercontent.com/gps-cs-s/APNQkAGwUG5iNEYzCNu_auUuBlg1d-hN6PlKApSZaaMA4LOgfn9KD7fNuDsPrZgwxL5Ck0qQp2xeOZa_DC2bXV5-CkXP-zXf6Tudo9VwVjyB7247ZsoylTdwFgaEqec4y-WLYVioc8u5oA=w1200-h800-k-no
Air Terjun Salassang,"9R8M+3M6, Palakka, Kec. Maiwa, Kabupaten Enrekang, Sulawesi Selatan 91761, Indonesia",Kabupaten Enrekang,Sulawesi Selatan,https://lh3.googleusercontent.com/gps-cs-s/APNQkAGK6s6_6xEYblwTRX6PLLeYIYSHxXmDmXmgDItRUwMC7mvPU6UgVVS6vFasNyNHMtmHr1bL3E2AOCagqkv295MrbjF3o6KCc_Dojye9jxEwaqdcxOqwP_2OqsVkd7JiLV3bDV-J=w1200-h800-k-no
Pemandian Batu Kodok,"V672+9M8, desa harapan, Kec. Bua, Kabupaten Luwu, Sulawesi Selatan 91991, Indonesia",Kabupaten Luwu,Sulawesi Selatan,https://lh3.googleusercontent.com/gps-cs-s/APNQkAHYe29RGsfkoLnHzaO9eYpsJpaqKAgONG3wixlNVbcKTzItY40sKKVG5AFD7fiiI1BG7yPqwhPT_N7g2v2_a39nn4S0VuKTpO3ZX_dlCJwXlaXW3rcDQpNl1R40C1oMDr9iSTtE=w1200-h800-k-no
Air Terjun LENSO,"Treman, Kec. Kauditan, Kabupaten Minahasa Utara, Sulawesi Utara, Indonesia",Kabupaten Minahasa Utara,Sulawesi Utara,https://lh3.googleusercontent.com/gps-cs-s/APNQkAG281wzV6inuyF-oDx2-QCThHG8wkcsvMfpPSjxV2cIJYT1TK_tmWCyp0vuZfXKks95TBD6o5MktuMQspwzl56PAnda0GV-Q7a8ENY0kNecup7B32YN1yQVp76Bd8r6L1sqrVbMnQ=w1200-h800-k-no
TERMINAL TRANSIT GUNUNG SOPUTAN,"4M3J+XW2, Silian, Tombatu, Southeast Minahasa Regency, North Sulawesi, Indonesia",Kabupaten Minahasa Tenggara,Sulawesi Utara,https://lh3.googleusercontent.com/gps-cs-s/APNQkAFzKGr8Z7MbcUF3_X6OLlv_fPbfE4Siczw7K1GhwWZNKeB7nT7wCDcAhsONR_FL2Dg3LoKT6Z10dYXoX0XCkCi5IO2sGDAHl352Qg04heYQFhs-ClnYFGT4T0kYW_pomS0dZj5Ab798WD8J=w1200-h800-k-no
Air panas kelewaha,"3JPR+V8Q, Lobu Dua",Kabupaten Minahasa Tenggara,Sulawesi Utara,https://lh3.googleusercontent.com/gps-cs-s/APNQkAG874lzzzTx-wCp3q3RkkIHj6gcbrHWqUCaXlzYVWvxI9HVrmK37ZHscx5nCdH5BP_eUYeyO1zdMGTP5d221lnCKUfTbHDmIGw6NTw7nBfzz5hq1KFo7hPLz1FVgqDWZYiHhkAgIP5Gg6c5=w1200-h800-k-no
Tanjung Lelapide,"FF9P+224, Nagha II, Tamako, Kabupaten Kepulauan Sangihe, Sulawesi Utara, Indonesia",Kabupaten Kepulauan Sangihe,Sulawesi Utara,https://lh3.googleusercontent.com/gps-cs-s/APNQkAHrEwSbokl36iVGGL4b9ElLBzxPEVnyrE-bsCYzvgq7pWr6qSSSa4zzgLp3nwEuDLbu8O4IodmuwPIKOEXmWqi6YIxv4m0JE95s22m__MHa2bZUzO7ECjttw73DZIbqEd1eFNip=w1200-h800-k-no
Pantai pasir putih,"Unnamed Road, HWM4+HQV, Matako, Kec. Tojo Bar., Kabupaten Tojo Una-Una, Sulawesi Tengah 94681, Indonesia",Kabupaten Tojo Una-Una,Sulawesi Tengah,https://lh3.googleusercontent.com/gps-cs-s/APNQkAEUkFWKw9L2-yNVgow0ge8UJaMz2exu4REmV1atkxLETeMs8_82qKGZqTH8oPrvovgU6ddDCQZTxHZx1MQOd2lr82M6OzQRfSijEX_Po8BqyGQsau_6zHKOd8eFoC1N9qlnIx3E598JeHpE=w1200-h800-k-no
Lalos,"4QHP+CMQ, Pantai Lalos, Lalos, Kabupaten Toli-Toli",Kabupaten Tolitoli,Sulawesi Tengah,https://lh3.googleusercontent.com/gps-cs-s/APNQkAFH-V9D8cuNuQEUsmvOa58EIDQgsKF9ry32wnutCYBsGUFZS74yNSKVC5tF5Qt3Avs_Scd_dYU1C2kqk1VGDWn58DYieCA3EayJPTO9oQL0VrRASTiA8CvIU3tucgkZLoRWaFh9isgWRPz6=w1200-h800-k-no
AIR TERJUN WONUA MOMAHE,"3HHH+J5, Waworaha, Soropia, Kabupaten Konawe, Sulawesi Tenggara, Indonesia",Kabupaten Konawe,Sulawesi Tenggara,https://lh3.googleusercontent.com/gps-cs-s/APNQkAENCpP6V7yh8AWBKeV7VSkGg2ixvI8s1Pgqrh0bnnYOxwZOh9e-fG_DjCgRxeyoZgr-U2d2cj9VN2POBjWGLHMfsjpZCbcwqN0QAjSawltlQZUc9Nx84XdTuec-2D1sq903N6gP=w1200-h800-k-no
Wisata Pantai Swis,"Jl. Protokol, Saragi, Kabupaten Buton",Kabupaten Buton,Sulawesi Tenggara,https://lh3.googleusercontent.com/gps-cs-s/APNQkAGFhTAFBQ-z0Oaw5sGgec6j23OAfhaR_42_JrC-MjuGJITM1RNzQnrI2hElIPekJ-w4oZ5ub04QdC_UimDaSO1aoxGhlO2Ds9xKU5CgQukSg825Ly6QTa8C0J5WlNKsVQUpdY_NKQ=w1200-h800-k-no
Wisata Permandian Mata Rombia91,"Jl. Poros Ereke - Buranga, Waculaea, Kec. Kulisusu, Kabupaten Buton Utara, Sulawesi Tenggara 93672, Indonesia",Kabupaten Buton Utara,Sulawesi Tenggara,https://lh3.googleusercontent.com/gps-cs-s/APNQkAEHd1dKyxDyI64evt1Io9iRrx-iti7iFHba9rODEomMpFG_TPQwfBFEPy1ReWaznof71eUUVGY0QlRYr1bamDpQUPK1508JdOUZ40aA35SY8t03urhOjt-1NDoy-mkN2um09dNG=w1200-h800-k-no
Wisata Mancing Karang Lamotu,"9X55+5PC, Tadui, Kabupaten Mamuju",Kabupaten Mamuju,Sulawesi Barat,https://lh3.googleusercontent.com/gps-cs-s/APNQkAGxGTVucmYs8dMAvNYkE62ucFtdE1LybD5JYY0hwn0n-Mzs9jSkHP6ebQoVG8LUsIRfWdbwWyXdhmA1fy935oe0IXLHqDyPitPHpNNR8_Y3QVVhP9CuIC-glGlWVnkwGxMpEc-jwRP9OKPE=w1200-h800-k-no
Pantai Surya Galesong,"Q9GM+RMP, Aeng Batu-Batu, Kabupaten Takalar",Kabupaten Takalar,Sulawesi Selatan,https://lh3.googleusercontent.com/gps-cs-s/APNQkAEVGGFmgV817KgXB8kjjaeNslr0HMy2uyIcaqGu9KqbaTPm8QeOQD70cafGcotcTe_xXWfcmTsYwU16I84CXcQVo4rumS02wBvxQIoXxUovf8NAPLbjwO4150gYfH0V6j76L-jl=w1200-h800-k-no
Camming,"HMHV+735, Palakka, Kec. Barru, Kabupaten Barru, Sulawesi Selatan 90711, Indonesia",Kabupaten Barru,Sulawesi Selatan,https://lh3.googleusercontent.com/gps-cs-s/APNQkAGmIOzVYaxAumQqsyGJX_tvzu077UufZJ9cJGBJYUiLQmet90uRpGADVEyXQB17S_n4ILI-hJuRG4qiipZwDOgZg8v9gXy3U7NGt_uJhGOzH3gA1UTBbyKvMYxX82PhKJRTPKAH=w1200-h800-k-no
tempat mangcing ikan,"8FR6+Q6, Pattiro Sompe, Kabupaten Bone",Kabupaten Bone,Sulawesi Selatan,https://lh3.googleusercontent.com/gps-cs-s/APNQkAHv7kB8ZE_IMqwUt3lHiGiLzk4uxi2bn8QJHqGfyZIJloqghCp1HuPAtDLixOW4R6GdpcVutu_WBDyN85VmGYT-a9bvhgudtOLGlvgc1zpkteMdNchYGuEgYAul_1RjI0RAs4uryZVjBO0J=w1200-h800-k-no
Munte desa Bontomatene,"9QR5+76V, Jl. Munte No.30, Bontomatene, Kec. Turatea, Kabupaten Jeneponto, Sulawesi Selatan 92313, Indonesia",Kabupaten Jeneponto,Sulawesi Selatan,https://lh3.googleusercontent.com/gps-cs-s/APNQkAEa0BZhkPMQnudkVswgjcXp9OUghh1C5ncgXMD9qwahsxM4m2-ik5WPdiJuAp_pBk3SdGfLCCve4ySHag5SuVp4mxTmKliSVKYqQ2iw8cWUnrXKxSX8X0nOeyAIsRxiBbeNa6OQIA=w1200-h800-k-no
Baku Bodo,"Tim., R799+QX9, Panaikang, Kec. Sinjai Tim., Kabupaten Sinjai, Sulawesi Selatan, Indonesia",Kabupaten Sinjai,Sulawesi Selatan,https://lh3.googleusercontent.com/gps-cs-s/APNQkAGiub8S9XCMYDB6DjndygNJOCELcefXEMRz22m8hYXMDarWBQZuNwbp03IiLFdOCmO9ZLWaNou5_9aKS1wkuWUmzWfhWxyKkQUqXuriEGhVV-hkQ3_pNWSkluTvqrhdKYOLmOX_=w1200-h800-k-no
Pantai Pasir Putih MANGKET,"Unnamed Road, 73R8+WGP, Makalisung, Kec. Kema, Kabupaten Minahasa Utara, Sulawesi Utara, Indonesia",Kabupaten Minahasa Utara,Sulawesi Utara,https://lh3.googleusercontent.com/gps-cs-s/APNQkAHIarR2ZIKz8rjkknPn6Pi0MgVpWkjww_IxD1sRkOtp6ZPt-ayQdUAk_v5wT6z6z1UT6Cu2Mzbmh4FrkJDzNzVRWWXQhES7t0SMjY9N7QxXEatwH7BZF-FWXLQiA4ZjPWkaXZMK7Q=w1200-h800-k-no
Air Terjun KINAAPIAN,"J2F6+786, Batu, Kec. Likupang Sel., Kabupaten Minahasa Utara, Sulawesi Utara, Indonesia",Kabupaten Minahasa Utara,Sulawesi Utara,https://lh3.googleusercontent.com/gps-cs-s/APNQkAHrj9dzCqOqJyVC0oPkv1NVj3mLfIZtxf_3_vHvGZ6QTZRCv-YIX8O9OQmXnpwQloPq9PNqnuG7sFPeYMjDhWKCFaqqILe7HeaPt5JPSkdWHtrfFySejCnqVUxfODzIYgcTOogF=w1200-h800-k-no
Bukit Teletubbies Rerer,"73R4+39P, Hutan, Kec. Hutan, Kabupaten Minahasa Utara, Sulawesi Utara, Indonesia",Kabupaten Minahasa Utara,Sulawesi Utara,https://lh3.googleusercontent.com/gps-cs-s/APNQkAG1Crq_qz2-CejmJPDBYtn1xek5h2JBtOqajDX4tEQ9ctZ9lS6iQISxmFTGgMegnsAQsmw8Jk87ZllKfYx4EbaYaf1TNbBnvUU-RoX2H6Ozrlk4RZqCMEFvj59GRnVTDSSMIO12=w1200-h800-k-no
Pingiran Danau Mokobang,"RCWP+5HW, Mokobang, Kec. Modoinding, Kabupaten Minahasa Selatan, Sulawesi Utara, Indonesia",Kabupaten Minahasa Selatan,Sulawesi Utara,https://lh3.googleusercontent.com/gps-cs-s/APNQkAEpHBIZblBpt8Fd3X62wfRAR6nbWlYjZCTVkMmZpXGCtNzrOpL0yqfy3RCqndUO2FFgjM1Fq2AIgJseY8rtvmibC20paQXOqNFBfZLnDTZu-Ome9KqikShQF-x6Vdl_-9fgpL3cIw=w1200-h800-k-no
Air Terjun Desa Poniki,"XQVH+FW, Poniki, Kec. Pasan, Kabupaten Minahasa Tenggara, Sulawesi Utara, Indonesia",Kabupaten Minahasa Tenggara,Sulawesi Utara,https://lh3.googleusercontent.com/gps-cs-s/APNQkAElC1XEU8lp4EHtsiNuCYTHIOFlybDCRJSElRcfQunzcyoBG6YenpIxIjNJLAm04AvzXsii2GLd3D6elGHc7m4KFu2uKNfCRhS6Vm1WTIIVOEkJm_Bjp9xYmqSSkGItpJud0g6lQg=w1200-h800-k-no
Wisata Puncak Laine,"P9HM+M8, Lai",Kabupaten Kepulauan Siau Tagulandang Biaro,Sulawesi Utara,https://lh3.googleusercontent.com/gps-cs-s/APNQkAHGJO9OELirquNYi-c-HHT3NGiT9ihT81hXEbgbxhXfuq5AQimhZknaMYaHcVmHMP7_4sxnX8AISUyQpX7R6x0wjAImGqeXEyVywUbymUmkH4pNu5EUZilsOYZ2JAQRa3dbjGAbeQ=w1200-h800-k-no
Tanjung Saroco,"Tanjung Saroco, Taturan, Kec. Gemeh, Kabupaten Kepulauan Talaud, Sulawesi Utara, Indonesia",Kabupaten Kepulauan Talaud,Sulawesi Utara,https://lh3.googleusercontent.com/gps-cs-s/APNQkAGHWq4zJeXXmiC21egtTTMa7t_85owCsPWlQHd8i7po9SYn9tnYjilMOVNyO1ah3XZpLcsHxR4aYPp5hjWLGUibnggaKPuGY8IvVorh65xu-RznOVoTZCniq1P08-koFXrTFLJZOCKGw5RU=w1200-h800-k-no
Tangga Pelangi Desa Puungkoilu,"Tangga Pelangi, Puungkoilu, Kec. Bungku Tengah, Kabupaten Morowali, Sulawesi Tengah 94973, Indonesia",Kabupaten Morowali,Sulawesi Tengah,https://lh3.googleusercontent.com/gps-cs-s/APNQkAEGlGVCSk8laizXgGOiW-cFoDDYaTIqz3eVhBehPKVMh8VlwI-TW8IAMTkeZNqfJbx8RdECAaQp024xc2zMkDYceg5hEsbuUQSXdSGoDop-ysgmxlEG6Md3DSEAYxKX4_xZi5RY=w1200-h800-k-no
Bungko Mbembang,"C49R+Q44, Unnamed Road, Tolulos, Kec. Peling Tengah, Kabupaten Banggai Kepulauan, Sulawesi Tengah 94883, Indonesia",Kabupaten Banggai Kepulauan,Sulawesi Tengah,https://lh3.googleusercontent.com/gps-cs-s/APNQkAFNVu0Ilgrl4vC0tnukhluJkx1-MnaNAgIr2EKJK--YuA70VEZt33SVW_zhnuWgBHOsBoWdF276Jw5xheLnHjLhidK0aOT9jCqXcAdvVFe501sSX0zRO2za7syiYi6N3tC7ddY=w1200-h800-k-no
Pantai Malanggong (Matatas),"R86F+QV9, Bakalan, Tinangkung, Kabupaten Banggai Kepulauan, Sulawesi Tengah, Indonesia",Kabupaten Banggai Kepulauan,Sulawesi Tengah,https://lh3.googleusercontent.com/gps-cs-s/APNQkAFxy19WTxkZkEMrGbbFx-fj04ZdSiFaTwS_wBCCAh3QjjKj-8xjokhow4LhDpmidQwdCaDOv335Pn5JWCFXxMtoOBEqbs35ughy0GDrJyvzkQMuRrVpFRBEmOL06r4Vg5226S3vmw=w1200-h800-k-no
Pantai Shaka,"XCWF+P6P, Sani Sani, Kec. Samaturu, Kabupaten Kolaka, Sulawesi Tenggara, Indonesia",Kabupaten Kolaka,Sulawesi Tenggara,https://lh3.googleusercontent.com/gps-cs-s/APNQkAH4ufHIXTFNl5BJEYfiqzVrFhByY3pTjXM1tw1_2tF7wQTnU3JwgStIwDAouyNO8RkhHPeAAJk2LZzKyjAZfL_CVoJd1Gow6uPi6Xfh1-XXnVMRvQ61eeErGi0j08TAkuJWOTE0=w1200-h800-k-no
Bukit Mangkeluno,"4P7V+C8X, Wabintingi, Kec. Lohia, Kabupaten Muna, Sulawesi Tenggara 93658, Indonesia",Kabupaten Muna,Sulawesi Tenggara,https://lh3.googleusercontent.com/gps-cs-s/APNQkAFLi5o41SyDziujek7-OsDIHg-JNLTa6ljZ-8eeBJi5nBGLslGcSu2ta6DG87ziJM3fpAW7-B8gmbERxLaMqPk6MKnSRqgFYoK8Vj37RRSgXMRXEbSdnda913GMQhrppAHnty0f=w1200-h800-k-no
Pantai Moluno,"Pantai Moluno, Oengkolaki, Kec. Mawasangka, Kabupaten Buton, Sulawesi Tenggara 93762, Indonesia",Kabupaten Buton,Sulawesi Tenggara,https://lh3.googleusercontent.com/gps-cs-s/APNQkAG5-9UF9bvXaSTGY7vqILF1pBAf6nBVMcUkGgk0VasETo-RAKUaJhDiO3Nha_9fYk2f7Qz2FlK14bW-Fy5PHQZjhR8nbYBdSr4do6iyGzg3Hf5MxEcr7HduZHc9KqcB94svQ7Ci=w1200-h800-k-no
Air terjun batu karoppa,"J766+7G, Kalonding, Kec. Sampaga, Kabupaten Mamuju, Sulawesi Barat 91563, Indonesia",Kabupaten Mamuju,Sulawesi Barat,https://lh3.googleusercontent.com/gps-cs-s/APNQkAHXJUi3KEdrDmIKYD6eCFQZ6DCf8bvAisXGb1dQ1bG0DIzc8z1FyJZOOTBctiAJEcx_MzFsQbSwrujV3C01QimvzKGADBygmDL-856NgHnrAkt4qFo4PW1Ll9VK5tsXLTScWC9Qq_MXxaxX=w1200-h800-k-no
Bukit Pamboang,"FWX4+66V, Bababulo, Kec. Pamboang, Kabupaten Majene, Sulawesi Barat, Indonesia",Kabupaten Majene,Sulawesi Barat,https://lh3.googleusercontent.com/gps-cs-s/APNQkAER8sjG2o0pWRG_FFh2G7RgrBi4vP_x3CRqwCk384og_jNclYuKT6FyWBBvv4N8NU9wUA6zuSEJTiSFnU_BZYesj7GQi2J--w_FLabxf7cy92USafylmugPpO3iybF2ZcGZVZlK=w1200-h800-k-no
Air Terjun Eran Batu,"JC47+PFR, Batetangnga, Kec. Binuang, Kabupaten Polewali Mandar, Sulawesi Barat 91312, Indonesia",Kabupaten Polewali Mandar,Sulawesi Barat,https://lh3.googleusercontent.com/gps-cs-s/APNQkAHqB_e7WtUbXwjmpPhNKb8-ddfYoXPYrQdEgQ31bEz2f7STp6zNAA9A3x884lX6f27hv56a1dyuPCzuy6tL7RKfoOgEgE9gs1S-Hb9_ybiyRRY35Fdm3SGlVNuL2iFKMh0EyFNugA=w1200-h800-k-no
Bonto Rea Village,"Bonto Rea, Maccini Baji, Kec. Lau, Kabupaten Maros, Sulawesi Selatan 90513, Indonesia",Kabupaten Maros,Sulawesi Selatan,https://lh3.googleusercontent.com/gps-cs-s/APNQkAE_gDvaASkjmWhTC2NfiwpHwGEXHRalrhQ2W0o5m6EZVtpC-b1djh6RKt21QNdVR_cLbMLz95GFo1cNd_cBYIGA27qn2TGp_WEYaZ_hBJjE-nrsW9ok0k0lE37VdpV8O-yd0KBUwe_-lJM=w1200-h800-k-no
Bulu Bohonglangi,"Bulu Bohonglangi, Pattuku, Kec. Bontocani, Kabupaten Bone, Sulawesi Selatan, Indonesia",Kabupaten Bone,Sulawesi Selatan,https://lh3.googleusercontent.com/gps-cs-s/APNQkAFlJgXE79KK7UQpYWEo1hX6t9m0Dv60Kd52jOyQim9bjiwY2gdg-MVYZdDylEsaI3aLex0cjRSRQ-yNoI1VoQK8iIx4nKMtL5MGGeFXXmp1Ipo_Xrh2pUGMkV_YqigYxMRyXmAXfg=w1200-h800-k-no
Tugu Jam Watampone,"F86H+X4W, Jalan Jendral Ahmad Yani, Watampone",Kabupaten Bone,Sulawesi Selatan,https://lh3.googleusercontent.com/gps-cs-s/APNQkAE6AFEDyHLMSABmMjYiEiFEeDb5rDTl7In45-LK2jpswCHZpWndzs93_GqZzAIAFhfgCarCMKTwuj30_uBb3wAYPv1gBmrBMO8ilyeuSjdCSH4ABZQTP-qGdk5lXNSxiw-uUZFz8n2fpr0a=w1200-h800-k-no
Selayar Island,"WG33+PJ8, Putabangung",Kabupaten Kepulauan Selayar,Sulawesi Selatan,https://lh3.googleusercontent.com/gps-cs-s/APNQkAGfjlbcIA1qY0Teaq5SBeKRYdDYv38ptn8rpYaQG286_Pz2TohZeKlR2aMOtCy-ydrFiBx7206cdAyKzA5XV5Z6m2z9tQAZH3QkIbpcX8sh_B4qy7kB1L3KMSDqQkB5alFCS70C=w1200-h800-k-no
Pantai Motto,"F7VG+RM8, Motto, Kec. Lembeh Utara, Kota Bitung, Sulawesi Utara, Indonesia",Kota Bitung,Sulawesi Utara,https://lh3.googleusercontent.com/gps-cs-s/APNQkAEk1WlHbpN3iLW6fhZYgDUC2VomxONOcsgIaazDYi9hFEaUOEXOLSksWDWOMNAw3gLGCD9Z5y_IhSXq-rOaBKcOtfs8h48Y2qGqm-HFiDQZjPUQA6k_YMXEOADBjkaxF1frwuPWNQ=w1200-h800-k-no
Gereja Bukit Moria,"C5XG+P2W, Jl. Sh Sarundajang, Pakadoodan, Kec. Maesa, Kota Bitung, Sulawesi Utara, Indonesia",Kota Bitung,Sulawesi Utara,https://lh3.googleusercontent.com/gps-cs-s/APNQkAEo-Vg2SNsFSeD36Id-Wd90BU31AnGUQo1T8Jwmxj-Wwavn30HF8njMtw_Wk0VucS_VqOQ8xaSjStTEavLlYRwkI6O5bMYaIgKTZWm0KV8NggR50DgGkXKCHvzwQxVYL9A_Eakvag=w1200-h800-k-no
Gunung Potong,"Gn. Potong, Ratatotok Sel., Kec. Ratatotok, Kabupaten Minahasa Tenggara, Sulawesi Utara, Indonesia",Kabupaten Minahasa Tenggara,Sulawesi Utara,https://lh3.googleusercontent.com/gps-cs-s/APNQkAFutTgAZ9mAzsoU82-nDRr8UW5qI090lhq0TMHLtN8Qni0jHtAaIPwRMJWTZlxJHJ09y3kWAWphUmXf8uzo8TrFQqbw2f9nyrn2t9Jxsdn5ihyf-zMBeJVqtQF5xILMYxqP1QTI=w1200-h800-k-no
Bukit Sofa,"4VWV+569, Tondo, Kec. Palu Tim., Kota Palu, Sulawesi Tengah 94119, Indonesia",Kota Palu,Sulawesi Tengah,https://lh3.googleusercontent.com/gps-cs-s/APNQkAEAGo7LVD3LaUJNqGont1dYwxFRALkB3wWuFPgaoY6v7piZc4TlZSCs2IshzW1i1Hz9Zn8Pl4cLnDMJ4a4F7LsgyyV8_rp0JBdRzaMvvLvlOkGlC-FjDjwagSoT3eta6EQYSnSK=w1200-h800-k-no
Wisata Tebing Livutona,"7MW9+4QV, Towale, Kabupaten Donggala",Kabupaten Donggala,Sulawesi Tengah,https://lh3.googleusercontent.com/gps-cs-s/APNQkAG6RjzQEBUYWcZOFM8uo9dZZgD8Wgy9jqCYmJt72ysisYo8-iWyPuR2TaAS76jvFEXbCGnB2Ktg1ZdBhnAW2AOgMr46LMmQ5P8fs-07OQeaqecFibzN070tcCg0tRjjoB4gCybf=w1200-h800-k-no
Gunung Tambusisi,"Gunung Tambusisi, Matube, North Bungku, North Morowali Regency, Central Sulawesi, Indonesia",Kabupaten Morowali Utara,Sulawesi Tengah,https://lh3.googleusercontent.com/gps-cs-s/APNQkAHtDjuEO5_YmlTRjBSgxXa_D5EBjxP2bCu-ZFoBg1UC4PS3lRrxUc8UNTZcKRqJuynNi5B-cbprSm4WK7-MmrcgRSSeb6a-l88FfuHu_lwtl_SXqTed-VI_7fWAYLa0h25KQ5A=w1200-h800-k-no
Pasir Timbul,"CFGC+6WG, Laut Banda RW.11, Cipulir",Kabupaten Banggai Laut,Sulawesi Tengah,https://lh3.googleusercontent.com/gps-cs-s/APNQkAEKmss696LQYgcTSByr-5cMM8r8tUwxqPAXv5LLyhAVMAJypx7pv_2hx629qaiF33qTukfoPC5BL7J1ESvfwZH5oMj8amBchgNsVuT57t8DlatEU3ncLbOOsOyEpvYoSqm0yUNp=w1200-h800-k-no
Kampung Pelangi Tolitoli,"3R25+QJ2, Sidoarjo",Kabupaten Tolitoli,Sulawesi Tengah,https://lh3.googleusercontent.com/gps-cs-s/APNQkAGNKLubLa-O8FlcKBIthogAme67MjCXQAy88jaRFSWnlSzc_ifW_sjnzJcFrZUtvnyAdxlb1TC9NQuZKJQoXOiKLw1Hnw5rfsLZvxEeDsGJ7XQoN_Jt8go0pYX_6BcRmX9EzT5Naw=w1200-h800-k-no
PANTAI HUTAKALO,"Jl. Buol - Gorontalo, Bulontio Tim., Kec. Sumalata, Kabupaten Gorontalo Utara, Gorontalo 96254, Indonesia",Kabupaten Gorontalo Utara,Gorontalo,https://lh3.googleusercontent.com/gps-cs-s/APNQkAHt6aX121dViJkYB7xiynY4kThH_47-Cq0UIi2Dr-nqoPMCghK1gWosHs0vV1tUWKw2GErtzGs-oKLl2D7E5-aLSyt7vNZuj1G65B32_G5ttA3QDE39ZLJUeE0TIwY3Y_67rxEmTyOIUvQY=w1200-h800-k-no
Bukit ceria desa dunu,"WJQW+8R8, Dunu, Kec. Anggrek, Kabupaten Gorontalo Utara, Gorontalo, Indonesia",Kabupaten Gorontalo Utara,Gorontalo,https://lh3.googleusercontent.com/gps-cs-s/APNQkAEoGiTcjPFCyY7ykX65jZK4n3fO-lMPWoTaj7kSPY4qkHBPG5sYFd9dDVg7E6wCgNFgN1w3Kcw469WwCEJJL3lQ-U78kvN3l_TM2MNbYYEZSMSPEiZTQErK-J4kCk_uIpjNfafp=w1200-h800-k-no
Kawasan wisata Yakkima arung kalola,"43HV+J3, Sogi, Kec. Maniang Pajo, Kabupaten Wajo, Sulawesi Selatan, Indonesia",Kabupaten Wajo,Sulawesi Selatan,https://lh3.googleusercontent.com/gps-cs-s/APNQkAHQebhAZuNJSDKlEKhSgc0QsKWzzGTiD16ycD92OWIsd_1R_i6rN2fmB6rRY4ljuRckRo_eIWIk_2zQff_JnePwCKnloqYVr-UolhZpkNY1Cb1bnGLBX1Cld892UyhzG-W56abCbyT98t0d=w1200-h800-k-no
Puncak cinta kita,"JVCF+8M, Lalabata Rilau, Kec. Lalabata, Kabupaten Soppeng, Sulawesi Selatan, Indonesia",Kabupaten Soppeng,Sulawesi Selatan,https://lh3.googleusercontent.com/gps-cs-s/APNQkAGO3pb-TF-UXoadA8N2KeyrcYV0Uw87gDjqI5xWRjoY13Rppi1g38ydhPDxb1kJqsmB5mNPZrlTlZ2HKFmz8fDm7AaelCAkP-4hR_Z10p0Y7TQYwG119xbt9EM3paGSXNrABKh4ozf_jAQP=w1200-h800-k-no
Pemandian Air Panas Bebba'e,"RV54+963, Unnamed Road, Patampanua, Kec. Marioriawa, Kabupaten Soppeng, Sulawesi Selatan 90852, Indonesia",Kabupaten Soppeng,Sulawesi Selatan,https://lh3.googleusercontent.com/gps-cs-s/APNQkAE-iljj8uB2sjzzb73rcnb5xQrc3uzgfqOLwpIOp8jx_bQNs9iMaj2JCDkSLrvCTxBLe_lmg2Zrv0BlfC6yDao-GZfZTyVfzzr_56ts8nyHdNKRDjuU4uIfdA6RrICvUm7B_Qw=w1200-h800-k-no
Pantai Timur Ngapaloka,"QGMG+7GH, Patilereng, Bontosikuyu, Kab. Kepulauan Selayar, Sulawesi Selatan 92855, Indonesia",Kabupaten Kepulauan Selayar,Sulawesi Selatan,https://lh3.googleusercontent.com/gps-cs-s/APNQkAFke1lyjSR2pf7GbU9AyQHmq55IpXUE7DB4QDwqA3rd75ySUrOiRCwFggl5fqIQJd7rczRh78gPeSN7C021j4j4gt4N5Zxu7K5Lcz1I9fqmnXz4BVEKzyH2h7z5s28ZdYcBFicz=w1200-h800-k-no
Gunung landaka,"Unnamed Road, C7PR+V39, Ledu-Ledu, Kec. Wasuponda, Kabupaten Luwu Timur, Sulawesi Selatan 92983, Indonesia",Kabupaten Luwu Timur,Sulawesi Selatan,https://lh3.googleusercontent.com/gps-cs-s/APNQkAFGTOvunohSaKh68M4pWMZVXP5dI3FBByd3JFrtLnR8Gq5smCH8QGerefyfUwV4b-jK0TsIZXChvuP3qhL6qyShXtO8tVQ08BQRFjFhc63mKkSYiv9jj-FirYlR6D--ZQGUqJT4=w1200-h800-k-no
"GPKDI ""Bukit Sion"" Girian","C4RG+RWX, Teling, Kec. Girian, Kota Bitung, Sulawesi Utara 95544, Indonesia",Kota Bitung,Sulawesi Utara,https://lh3.googleusercontent.com/gps-cs-s/APNQkAF811pbJ7FmxirwRWkAiG0N9OiPnSW7vpeSpXih7egPwr3msDP-V-7G8huWLnmod1J1YdWoPDHgkR8F1ZwHvuUFPwQsg2pbKpqUKRKCfCpD4pLTwtCfDNogRRDIXXi0HTje-2kJjQ=w1200-h800-k-no
Air terjun binjeita,"RFJ9+8XP, Binjeita, Kec. Bolang Itang Tim., Kabupaten Bolaang Mongondow Utara, Sulawesi Utara, Indonesia",Kabupaten Bolaang Mongondow Utara,Sulawesi Utara,https://lh3.googleusercontent.com/gps-cs-s/APNQkAHhyH2Rl9Scm5Lg43-1gUWZp8ICGdNbB0T75o86F9gegBJ1vTZe4IiPx1hWqSAITWcxniAhK_NgxRtddzELPX6NazgjkvB3OLl-2Rfei4DxExkXjRW0e1VlmlpZD-0iBx00E5qSxA=w1200-h800-k-no
Air Terjun Matabulu,"HF4F+9VW, Matabulu, Kec. Nuangan, Kabupaten Bolaang Mongondow Timur, Sulawesi Utara, Indonesia",Kabupaten Bolaang Mongondow Timur,Sulawesi Utara,https://lh3.googleusercontent.com/gps-cs-s/APNQkAFtcl4OIscq9vL91dzecpTVT3VRNDnATCfD-mdChoC5RGCdB77Lhc5qcWKN0N30rqxa8ykr8_y_gxepbbonuYsW-gINvXgz1H2DV0yAocBH-uxM_DHqEpxML934Bn38-IIXfkM=w1200-h800-k-no
"Pantai Timur, Jiko Belanga - Boltim","FGH5+GQ, Jiko Belanga, Kec. Nuangan, Kabupaten Bolaang Mongondow Timur, Sulawesi Utara, Indonesia",Kabupaten Bolaang Mongondow Timur,Sulawesi Utara,https://lh3.googleusercontent.com/gps-cs-s/APNQkAGPoJNrR7MRRrXgjLiIbd24skDMXik9rQ2Nj8afb95BFiA9X_WJTz2v6qiuQ4l63CQo2ep2KVPdsT_u-UPp5h_CzFJw10Xy2kVCPW9RkVHpbTOyA9G3IgAEH2CYXeNFrsn0U3Ih=w1200-h800-k-no
Air Terjun Bidadari Kayaton Desa Bukaka,"VJG3+JX5, Bukaka, Kotabunan, Kabupaten Bolaang Mongondow Timur, Sulawesi Utara, Indonesia",Kabupaten Bolaang Mongondow Timur,Sulawesi Utara,https://lh3.googleusercontent.com/gps-cs-s/APNQkAHmLnnCdM5QGbhDeG4trfsEHboQ8B5gTbGJPcaQk5-uIUjqJEP02MV5OZ1gEOwUIvrOL0yRATgwTUOZ08h0BvY-uTG83HNHt1aQwLx1_6l_X0wWCMwE7lUQhkxF8woQnkfwLGors38hAlCS=w1200-h800-k-no
Air Terjun Sura,"MCHH+Q4V, Kendahe II, Kendahe, Kabupaten Kepulauan Sangihe, Sulawesi Utara, Indonesia",Kabupaten Kepulauan Sangihe,Sulawesi Utara,https://lh3.googleusercontent.com/gps-cs-s/APNQkAGv8A6i-F_1Zq0XzUorc-NQKXPom4GudZbQl9rjiU9rwtURb5J3GwUYpky9t1qeZca99FY7AlHwT-5MyD8E-0CzmOjDOFyIMcaGGDwXtiF0RCowNFBGx0nglc2u0qpvX1yS1hCH=w1200-h800-k-no
Air Terjun Ogololo,"FW28+HWW, Bukit Harapan, Kec. Sojol, Kabupaten Donggala, Sulawesi Tengah 94356, Indonesia",Kabupaten Donggala,Sulawesi Tengah,https://lh3.googleusercontent.com/gps-cs-s/APNQkAE65BP78mzx3ffcGiWoxPq2zytns4kwDIWfe2kM4dTTP91m4q54vGTuvXqUQe090K8yCwU6wnV18MU0Onv8oY9_-tz5Xzw_5curxHuMfmaPSLXe5GHWub3XqdtJoGJ1TqqHAk4w=w1200-h800-k-no
Bukit Sunset Bou,"M2MM+94W, Jl. Tolitoli - Palu, Bou, Kec. Sojol, Kabupaten Donggala, Sulawesi Tengah 94356, Indonesia",Kabupaten Donggala,Sulawesi Tengah,https://lh3.googleusercontent.com/gps-cs-s/APNQkAHG-yyWCM4extD1FthSmpRcKz0rEbn36cm3Srk83_ZF29YTA6ZonVlEK1FPma2HqU2TshIxoXDPbt6HTQ5L6Yom_GSF2JX1s-aZZnwyNuEQ2wY_lfvjYDDEGGEru_PVJkHZo4Ll=w1200-h800-k-no
Air Terjun Ayus,"3Q67+66, Hanga-Hanga, Luwuk, Kabupaten Banggai, Sulawesi Tengah, Indonesia",Kabupaten Banggai,Sulawesi Tengah,https://lh3.googleusercontent.com/gps-cs-s/APNQkAEs0ZImZqERrrBmINsov0gA3p85Hv32QyZxWNR7996S9yC8wLzReLoiVOVQ-AqDIHGtPagoQlDb-XRshyD7k0kzhOqpsq1ONza_a8Ti-4MTJQH4-jioEhfhHOAOBXEDtY6ZI9ettoKDI2Y=w1200-h800-k-no
Pantai Labuan,"Q6CX+96Q, Montop, Kec. Bulagi Utara, Kabupaten Banggai Kepulauan, Sulawesi Tengah, Indonesia",Kabupaten Banggai Kepulauan,Sulawesi Tengah,https://lh3.googleusercontent.com/gps-cs-s/APNQkAHxNYnNNiH08MxX-kVSfd2w4DLocOX0MshWUzxY9DCxL74CSIwI-5-TM6Dp5gAwHGbIv4-V5OMlk2x7YNYTAVWW_9G9mWaTcxlG5TLz-lC5oAEidve_zJ328OFuCOc6_8vrq74R=w1200-h800-k-no
Wisata Pemandian Tuweley,"2RWR+Q9, Tuweley",Kabupaten Tolitoli,Sulawesi Tengah,https://lh3.googleusercontent.com/gps-cs-s/APNQkAHxq4g9mJA2yw_n3FzI0c6QPAiAVkA3s2QjBvz21-OKenPba_M0_Nl7W_TtL65pgbRdyfi6Yxm224URpf3sGEKD7yoS8bWYZ_rnsruPI2WinKH0DbviQ3M-0DWu6V_UShApLbxn=w1200-h800-k-no
Goa Kolam Renang,"GF9M+2MV, Labengi",Kabupaten Konawe Utara,Sulawesi Tenggara,https://lh3.googleusercontent.com/gps-cs-s/APNQkAEbwF1xwdrx0_SsmwSps9_4Rck4bj2N8dfDGsHQrP_bUH7ivbrmw_aJe7OGySHxLXktIoik8DGe_HeF2gQVwwRO6pgNlxY1IGiJmYhdF1GV1rhT8T_Y6vRYVjok9FrUNPdxqlnkTSzB9XUp=w1200-h800-k-no
Pantai Miringan Desa Biluhu Barat,"FPPP+F5F, Biluhu Bar., Kec. Biluhu, Kabupaten Gorontalo, Gorontalo 96272, Indonesia",Kabupaten Gorontalo,Gorontalo,https://lh3.googleusercontent.com/gps-cs-s/APNQkAGIsDW8fV90ThXtzuFEkz4Oai-_CJAQvqb6OlQ0MHc5i6wq6Sm5PQfR6n3-tllY1GLHJ3HFH50VbKBOmQbChFYOHJADu9i7w98fbwlJHRUtO9kupmhxvztxXHVuhGqfi1liwF27=w1200-h800-k-no
Wisata Puncak Desa Towata (paralayang),"Unnamed Road Towata Polombangkeng Utara, Saluka/lammasa, bukit golinga, Kabupaten Takalar, Sulawesi Selatan 92173, Indonesia",Kabupaten Takalar,Sulawesi Selatan,https://lh3.googleusercontent.com/gps-cs-s/APNQkAF07icXXxz3f53TYUPcgd6p_nJM-kxsCBYfsHWmhRnSBt1sUbxgZpVpSWvgpPUTHWg9G6IymOWb2UD9dMz1MNs6gdTEFA55SyMb7ddYZEGiCXqsytoPaHEl8YCZhWEn--WAvLpalQ=w1200-h800-k-no
Wisata Bahari Politani Pangkep,"Wisata Bahari Politani Pangkep, Mandalle, Kec. Mandalle, Kabupaten Pangkajene Dan Kepulauan, Sulawesi Selatan 90655, Indonesia",Kabupaten Pangkajene Dan Kepulauan,Sulawesi Selatan,https://lh3.googleusercontent.com/gps-cs-s/APNQkAF_pHLlt1cbS3OWpvXTErTn3LaF83MB-6GJyASuYazBYPfQTaHy_jz_py3W6oV8qh4bwVwmwdhDQxAeIZ_OSdguC0A4VpkAINoTn3mOY7ACGkbq1GKx6LZCd2PqEu_fdxxcU0yIvw=w1200-h800-k-no
Galangan kapal phinisi Haji Abdullah Hassan,"F9G5+28J, Tanah Beru, Kec. Bonto Bahari, Kabupaten Bulukumba, Sulawesi Selatan 92571, Indonesia",Kabupaten Bulukumba,Sulawesi Selatan,https://lh3.googleusercontent.com/gps-cs-s/APNQkAGoIjtm0-S_LC8d4NN3a1PO_3dlTnYfiorqzBkncQMv9Qe3AI70DDmnYbRVJjLC0isayt5plQn0yVQJWhdoyYvqu_mPa8fIWI-_FjTrNq0DucWcHku1lW6iVhYwcQTQX0NBilaDKEQQ8ka6=w1200-h800-k-no
Air Terjun To'dama Sangkaropi,"4XR5+WP5, Sangkaropi, Kec. Sa'dan, Kabupaten Toraja Utara, Sulawesi Selatan 91853, Indonesia",Kabupaten Toraja Utara,Sulawesi Selatan,https://lh3.googleusercontent.com/gps-cs-s/APNQkAEiKyW-b3doCZxp_y5z6NgICtcBnyt5KwLdz_47K97xEArKpvcZsHEb5CTKY3VhxghIaHFXNtrMff-xe5oMS8rAxhmd5XuhCPpUn3vDGlUwIoMZs8jbRLqh1mHy7uRN0CgqRqBaJGGwZncL=w1200-h800-k-no
Wisata Hungayono,"G74R+3H9, Tulabolo, Kec. Suwawa Tim., Kabupaten Bone Bolango, Gorontalo 96584, Indonesia",Kabupaten Bone Bolango,Gorontalo,https://lh3.googleusercontent.com/gps-cs-s/APNQkAH7QhOKfIlxG_DsRjBLe9M1M7xp8sUudS4DxB1G3WlXQcU9s811t3dfR5ZH5OttqPm1my_VWbWYER467D_nEBeZvUn4Ou-ZAp-GGttUe9akt82HZ6cdsARvar2QPtpfaqsNjm4=w1200-h800-k-no
Pantai Cempae,"Unga Jalan Petta Unga, Watang Soreang, Kec. Soreang, Kota Parepare, Sulawesi Selatan 91132, Indonesia",Kota Parepare,Sulawesi Selatan,https://lh3.googleusercontent.com/gps-cs-s/APNQkAH9i_4zTBbCajZZE0hmcikpATinV7RwgkWFA5bgGAQSNmgYWaZCrOYjYvR2lqAzBYhZ80-voDsmjXbZXIbTzbKw93oxCEsstKCZedtfKcYHzz_7y8U1PfzAZ8dK-VTKOIjE-gxVFw=w1200-h800-k-no
Air Terjun Kaba Kaba,"CJWV+5FP, Rajang, Kec. Lembang, Kabupaten Pinrang, Sulawesi Selatan 91254, Indonesia",Kabupaten Pinrang,Sulawesi Selatan,https://lh3.googleusercontent.com/gps-cs-s/APNQkAFAUljIQdQiGw6FDu8AOxIqrwoN1JJbwptOoMwYoxQcP3tWnca_dwG2X1qxi0Zn5VRf5RjzcjGpDRYY2IobTf9f5UH51nV6wa9UUDc7Cz4nWcXWSamoexiKTKOxVUJHUZLeI_bV=w1200-h800-k-no
Air terjun mawulelen pinaras,"7QWW+GJP, Jalan krois, Pinaras, Kec. Tomohon Sel., Kota Tomohon, Sulawesi Utara, Indonesia",Kota Tomohon,Sulawesi Utara,https://lh3.googleusercontent.com/gps-cs-s/APNQkAEN5aExbiFTovriPPA_0kqNmXbKAYsAMoxh7Ea80WoxeKVISlr7R9sN7NSgDZfgch2DF0kr-Uak4SEkYEE9SnLlPHoTXzjagMqkrtkuFfV1krBa3MIjjn1TgzerJuoFbGQkY8dJRw=w1200-h800-k-no
Air terjun Timbukar (Sapa),"7PVC+6RH, Timbukar, Kec. Sonder, Kabupaten Minahasa, Sulawesi Utara, Indonesia",Kabupaten Minahasa,Sulawesi Utara,https://lh3.googleusercontent.com/gps-cs-s/APNQkAH5EJBZCTwCFjcF-8r4GmFRIbX_q8T2GIuD-ERubRI9a3gGzLqtI15mxgzAhX801E4hIQJix4TgfO6ds2WlJEz2z5gWaeaDJv-0hPVkegOkvZbo6e91TXo8acLfcCeZovQwq2gmAw=w1200-h800-k-no
Bendungan desa busato,"V5F7+Q9V, Busato, Kec. Pinogaluman, Kabupaten Bolaang Mongondow Utara, Sulawesi Utara 96253, Indonesia",Kabupaten Bolaang Mongondow Utara,Sulawesi Utara,https://lh3.googleusercontent.com/gps-cs-s/APNQkAEhUcQ9ZXd6cnnbJpManDL1qFM5bR6OCHUxQGUxfY16kAt9-gxrAc1gama_0-rgu6TCLHqQx0M4Lw7kAnYikYGoeazJkrcmDk4lunq8ZHoTACCMV2Jx31b186MccaEvUj7X0CQ=w1200-h800-k-no
Patung Buaya Palu,"Jl. Kp. Nelayan No.99, Talise, Kec. Mantikulore, Kota Palu, Sulawesi Tengah 94118, Indonesia",Kota Palu,Sulawesi Tengah,https://lh3.googleusercontent.com/gps-cs-s/APNQkAH5EDu4sbHDu0njeTZg3mNaPIjG78xB6t6-5s_vkHBWatrqzXoPvxYC4ehdWFiHxgQyP2JafRRcq53pV076NWGW37oF_fCJFZM7lz1aSucZY1nwMC3F66Vn0pJH2O41gS0qO_5N=w1200-h800-k-no
Menara Pandang Paralayang Wayu,"3R28+32P, Wayu, Kabupaten Sigi",Kabupaten Sigi,Sulawesi Tengah,https://lh3.googleusercontent.com/gps-cs-s/APNQkAEIPn7qmxXwf3E9EodHq0hgX1PAWNnpJW42YOhajGwT4vn3gXSjJFv-KbVtnhAcprgRJ-kVPhX2--0diC-ely3AJwFULlB5OLuZdCxz1JrzCjcFeoL-pyD57GgwNLzqf-drgXDcrA=w1200-h800-k-no
PADANG MOLARA,"Q488+79, Lalomerui, Kec. Wiwirano, Kabupaten Konawe Utara, Sulawesi Tenggara, Indonesia",Kabupaten Konawe Utara,Sulawesi Tenggara,https://lh3.googleusercontent.com/gps-cs-s/APNQkAG8flVbnxBlUU3pndefpD4AhPe7O_8KwlIFaI_7a9eAoQTX9zG9b2HvYn53hz1tsl1MC5f2aznHbNNQem0Ykb2_RNqEoHQ8hzLIu37C8_2JmE1_UdgaHeQSQC_RMLjynKQ9oXla=w1200-h800-k-no
Wisata Gn. Soputan,"4P66+H73, Kota Menara, Kec. Silian Raya, Kabupaten Minahasa Tenggara, Sulawesi Utara, Indonesia",Kabupaten Minahasa Tenggara,Sulawesi Utara,https://lh3.googleusercontent.com/gps-cs-s/APNQkAGGCCK6mSSWvefQBBQipcsWvle7-M0lpVpYZMtmEL4GwoymqE6-VT7ehP7PMElpuCiOxGdnQGdHDjqaZMrds0ytUp4z2Mzh5nEpwapO3qrt2Nwqt9Nj0Jaf-xp9l3K-JJJ7vnc=w1200-h800-k-no
Pattiro Lappaloang,"Maleni, Kabupaten Donggala",Kabupaten Donggala,Sulawesi Tengah,https://lh3.googleusercontent.com/gps-cs-s/APNQkAGOeRsD_qY3PocQuumjDXWQ-IbwWTp_88iaPY3YNA6-KplbGLEmoBtOpEUMVhQbuhFs_NduA_6iiONEZsm6MCCrZB1HW8z6OQUxNESmCgpPvXXaZkzNBajeC6y1e5PLhH61Zww89w=w1200-h800-k-no
Pantai Tanjung Molinow,"5FP3+FQ8, Molinow, Kec. Tenga, Kabupaten Minahasa Selatan, Sulawesi Utara, Indonesia",Kabupaten Minahasa Selatan,Sulawesi Utara,https://lh3.googleusercontent.com/gps-cs-s/APNQkAF4i08_aPbEJzAK_icKtTVu8sGp40uNIepT1qdQRlFmmQYWTqqtEvjZpGLGpOtOKgyoHxlt26VwEdZXe5MJua_dsCO3DAnc3JtsoEmFWRIrv7Va7D32Vckt9npQ8ArU17x60vA=w1200-h800-k-no
Air Terjun Likunggavali,"9374+979, Uevolo, Kec. Siniu, Kabupaten Parigi Moutong, Sulawesi Tengah 94474, Indonesia",Kabupaten Parigi Moutong,Sulawesi Tengah,https://lh3.googleusercontent.com/gps-cs-s/APNQkAFdB1cKhhV8BpO2-t6JxNFWZpvdq16cqTlIfTSTuTjttKd71pjS-gl5OQMHN4GariS-42Hgd0s6FqYytGR06wByHV3imNer9TTLCOkE-j-_zHP6i44BPl-yZ9wD6xHCzK1Z4a0i=w1200-h800-k-no
Pantai Karosondaya,"XG4M+77W, Tambu, Kec. Sausu, Kabupaten Parigi Moutong, Provinsi Sulawesi Tengah, Indonesia",Kabupaten Parigi Moutong,Sulawesi Tengah,https://lh3.googleusercontent.com/gps-cs-s/APNQkAFlkaDDJaFeKErAsLfkjRpEG3RANWN8OPemuBTjToaCOJufVMUj5rzyjUxcBELDJFnbglsp16wQGE9aGn_Ta5z1xrOtNI41SU-OPTlhZmtuf9JPokY4Sb_5t7LQN7CSyPPhHXzwP7G9_fTk=w1200-h800-k-no
Pelabuhan loji,"55QH+6R, Loji",Kabupaten Parigi Moutong,Sulawesi Tengah,https://lh3.googleusercontent.com/gps-cs-s/APNQkAEijz6DuTq6PhzcYiCkmsphcY-CdVGB7r-Uahn0mscA8x6z_bcAj9hjgPqwTpWXDGPnxXi4es2gadWmB7RRO6F3VbSoiO3jVYevDuziW_fSnH66a_U1130gcdNCLx7lYeIsp2N2lBeSq-E=w1200-h800-k-no
Bukit Amdn Poso,"4R2Q+8M7, Jl. Trans Sulawesi, Petiro, Kec. Pamona Tim., Kabupaten Poso, Sulawesi Tengah 94664, Indonesia",Kabupaten Poso,Sulawesi Tengah,https://lh3.googleusercontent.com/gps-cs-s/APNQkAH7c06_bXjGDvG6sADUPjjMbhidqUQgA3zAVsLzQYHwwAG3PSvV9gmZVRG1LpSqzYM0at-UtmU7-qdTx7jdLHGr-CudKhxOS84-emoMx-L_rAvT7mxuwgn4DSHteSFvkZnFXLMV=w1200-h800-k-no
Pantai Bongo,"FF6M+83H, Bone Baru, Banggai Utara, Kab. Banggai Laut, Sulawesi Tengah 94891, Indonesia",Kabupaten Banggai Laut,Sulawesi Tengah,https://lh3.googleusercontent.com/gps-cs-s/APNQkAGQhy7cYuOEA19tyVwlkV3p7Wt1OGON_t6p99tF2pbE1mjJ7Tvu7IQreJSylL7Oqf_hhJGBdg2rgB-NDYRpO4ZzsvMFEw_L1OuZEsnjB2hYL8wgJdNusLMkGoNotkOMfm6g7iMzJMZGoGk=w1200-h800-k-no
"Bukit ASA, Babo Anjam, Tolitoli, Sulteng","WRXC+Q6C, Tinading, Kec. Lampasio, Kabupaten Toli-Toli, Sulawesi Tengah 94517, Indonesia",Kabupaten Tolitoli,Sulawesi Tengah,https://lh3.googleusercontent.com/gps-cs-s/APNQkAG76zqqdUVi3vCWlVtnO5uLumDuF3m-h36DNbTb5IJfImaULqGn8MMzWCgLGbJ-9QsQykCMf1SdP6XaGg77Y1LC08f3FvhmL2hp9uwlZ7Zw7_zs9ZQBWLxOrJ6mfiO3DfYg4j6r=w1200-h800-k-no
Pantai Sausumangka,"P73G+JC, Balobone, Kec. Mawasangka, Kabupaten Buton, Sulawesi Tenggara, Indonesia",Kabupaten Buton,Sulawesi Tenggara,https://lh3.googleusercontent.com/gps-cs-s/APNQkAHnMyGlLMpDMKZrKlETtUMiT_J_yKNe1J8uur5LbaAteTfa9dfxYwEBJoY_ObSpUjsGxuTSrrQm1--9jWnNO9D8ld6B6vQdhzG7Fs6bDbKYmxAZOytKIFZbXtFOjDmSqj0w9o_kwQ=w1200-h800-k-no
Tanjung Losa (Bikini Bottom),"8Q2H+FGQ, Labuang Rano, Kec. Tapalang Bar., Kabupaten Mamuju, Sulawesi Barat 91352, Indonesia",Kabupaten Mamuju,Sulawesi Barat,https://lh3.googleusercontent.com/gps-cs-s/APNQkAEpOcBoNgsXYu8Kk7SwTYB5-7kyHIiLROzf20yyzp7Jg9Y31_VnZ2C7ryKn2x3iuXJWtw8OB4yPKC4i4WCK3M9NQVImS8yWWE-O68kS1xijlVrcglfNdg7GBpwQ16dOVzLsDtRAWrD6VnM=w1200-h800-k-no
Wisata air terjun Bambatunu Kalukunangka,"2G2Q+GW, Kaluku Nangka, Kec. Bambaira, Kab. Pasangkayu, Sulawesi Barat, Indonesia",Kabupaten Pasangkayu,Sulawesi Barat,https://lh3.googleusercontent.com/gps-cs-s/APNQkAHPWJg2sW1t_W6SH1UlvZ7nKvFYtSgy8kKSKcOws6K8Y_juIaxyWbqcXDQcSGIqDjZmTxEAc9im0m6vYUB-uvqdN9onkk_y_kesHEmOe2P0jImQYM9SI8kR8sgzRGWOERxA=w1200-h800-k-no
Air Terjun To' Sarambu,"Sumpia, 3VC5+QFR, Embatau, Kec. Tikala, Kabupaten Toraja Utara, Sulawesi Selatan 91854, Indonesia",Kabupaten Toraja Utara,Sulawesi Selatan,https://lh3.googleusercontent.com/gps-cs-s/APNQkAFgQ1lrJ3ANfsD0H5hVEJjxkbFa4Z5QOj1dsoqJhI9KrSKMqOcQ53d-jlYZwD6CRIPZ38jlx2JBp2oc31vc1CfsDDcU83rbD7yiBLfIn3YB0h4fimwj7HAH3bXQsK2zMVvyJ2OajklhCryI=w1200-h800-k-no
Situs Sejarah Ratu Oki,"2MR8+RXF, Kali, Kec. Tombatu, Kabupaten Minahasa Tenggara, Sulawesi Utara, Indonesia",Kabupaten Minahasa Tenggara,Sulawesi Utara,https://lh3.googleusercontent.com/gps-cs-s/APNQkAF4jvWUI5ye3UA3weQ7HnHMKdyX91pf4Q-xLXMAZaQR-_vwpwNuptl6Q0-Q0np10RBtMji-vuACr43ruVLOd-Wv7hFGqTTAewg8uAVOVs7mcR6825EiXO1Qt9ElDTujqE3jdLuB=w1200-h800-k-no
Pasir Putih,"4MG9+M22, Tete B, Kec. Ampana Tete, Kabupaten Tojo Una-Una, Sulawesi Tengah, Indonesia",Kabupaten Tojo Una-Una,Sulawesi Tengah,https://lh3.googleusercontent.com/gps-cs-s/APNQkAEG5nn7BolvtP__r-B3SQQX4uNSaDDJBdDMrTO_gUf0BpQElQ793PxyFbHQY3wdlZt6vm7JoH8LJoAYBl6dSAr7m8Zo7_HbN5DwWn3kZa4WRQLiTY618j-aF8256M5FZzO5aRYnpw=w1200-h800-k-no
Goa moko,"FHCC+WHF, Sulaa, Kec. Betoambari, Kota Bau-Bau, Sulawesi Tenggara 93721, Indonesia",Kota Baubau,Sulawesi Tenggara,https://lh3.googleusercontent.com/gps-cs-s/APNQkAHLmPsxxExjyxwGfpJ7PLg3ceOaxfjAcoag5EGlrnmGrBlvjvSfjplskogTsp0W7k1bq3MRYkdi9vw6bEUli-MHUrQWKgV3sw6yRYaSoYwX3wqWWeANAqWlpBqssqZAnVSj8A3-mQ=w1200-h800-k-no
Pantai Panggulawu,"6CQW+J26, Panggulawu, Kec. Sawa, Kabupaten Konawe Utara, Sulawesi Tenggara, Indonesia",Kabupaten Konawe Utara,Sulawesi Tenggara,https://lh3.googleusercontent.com/gps-cs-s/APNQkAFhK2n9hNsQh61PieFZzug-Aeyq7bD_C01upI9gJyc7vScbdEhQtOaRG6SecNTD8FTxCngX8TCy7Mywz17hB1Id9_36bU3JfsyqOONOAy994wEgoMiZGbu7MyNGbX8OLOc-Uix2WN5Au90=w1200-h800-k-no
Bukit Sukun Bhayangkara 78,"9R7J+67, Bulutakkang, Rangas, Simboro Dan Kepulauan, Mamuju Regency, West Sulawesi, Indonesia",Kabupaten Mamuju Tengah,Sulawesi Barat,https://lh3.googleusercontent.com/gps-cs-s/APNQkAFICDVqqT1EKZRRbciGgIuFF5gFdclAzeCgdPZaDJ54c_wNb0ZfCucVINga1LRTtmYCbW0ntPTH54g1Xrr0Hojavh-868gwqwzJfJzU5zvpGI2vGm0cBdXqztM84S5u2eNLy5If=w1200-h800-k-no
Wisata Alam & Kolam Renang WAE TUO TEMBO'E,"Unnamed Road, 92552, Bonto Minasa, Kec. Bulukumpa, Kabupaten Bulukumba, Sulawesi Selatan 92552, Indonesia",Kabupaten Bulukumba,Sulawesi Selatan,https://lh3.googleusercontent.com/gps-cs-s/APNQkAGRL0R60rrVYdnCaQKmrv8oOhaGbNYgb5cmrpgewQsjMpqBJIr0owDkVlaSZMTHTUueXljnCP5HR_QbujdT4mU5iHJisnHWf6WqXC0tBzx_Nzsik9s8uE667g8jS75WlF4hfJN3=w1200-h800-k-no
Luak Hutan Mangrove Kotabunan Selatan,"Kotabunan, Kabupaten Bolaang Mongondow Timur, Sulawesi Utara, Indonesia",Kabupaten Bolaang Mongondow Timur,Sulawesi Utara,https://lh3.googleusercontent.com/gps-cs-s/APNQkAHzVoeKOeW3uqXVeE9vAD4jeSznf7FE1gTYFcAVysYK7AyT2-9JJULmWyAq5139C8YRJQ_psPi8-dNCdZ6ItxvxdeoCTbzaiKeOLLGLEZ9wj37cghkoiKtq-IKWNRpjFfcBG6xz=w1200-h800-k-no
Pantai To Bolo Lia,"7MR9+M4V, Towale, Kec. Banawa Tengah, Kabupaten Donggala, Sulawesi Tengah 94351, Indonesia",Kabupaten Donggala,Sulawesi Tengah,https://lh3.googleusercontent.com/gps-cs-s/APNQkAEjccwbc0o-7i0gevFu-rXAqeVr7GJ6LLNGjfycNNR4bEbx7vcravZRtb7KMA-hrIUZthSuLb8jz4yPZaouJRfWgy8ZECYqIR1Ap_Z2qlRRANOvWm2oL2qUMdgcDyuez3TH2-cw=w1200-h800-k-no
Puncak lakampufu,"Kondongia, Kec. Lohia, Kabupaten Muna, Sulawesi Tenggara, Indonesia",Kabupaten Muna,Sulawesi Tenggara,https://lh3.googleusercontent.com/gps-cs-s/APNQkAFnQCHmbvHqDZh5E-tTq39xh5mgV_WC2MDxrsa9mcwj2rcatFKs0TFyF1jiKmot1kG3SiDFeV-F5b2VAQ2P6yjV-vSlWzFnBrR_IwTGIjnafeDG86ohsq_GRcMrlMZ5f3QH_AFocQ=w1200-h800-k-no
Wisata kasiono oe,"4HG5+6HH, Lapadaku, Kec. Lawa, Kabupaten Muna, Sulawesi Tenggara 93652, Indonesia",Kabupaten Muna,Sulawesi Tenggara,https://lh3.googleusercontent.com/gps-cs-s/APNQkAGv4JyIOi0KKcU5ErJU5fOM6p9MUg4dfcG7_OKQ2ZHX97xsWzIYzYChIjQdSzo1DxoCcHZCaaAoRx5zBVwZAWUmQ2QFe6wDDDkuFb39_-IyJWt43TXwtSPBk3TNODCjMR4ALEH_=w1200-h800-k-no
Air Terjun Salo Rumpala,"Bar.,, R26M+F2M, Bonto Salama, Kec. Sinjai Bar., Kabupaten Sinjai, Sulawesi Selatan 92653, Indonesia",Kabupaten Sinjai,Sulawesi Selatan,https://lh3.googleusercontent.com/gps-cs-s/APNQkAFFkBOLtOnWWwzLIfucRp-4zFHWT0xEiwXzve_53PsNMFlntkFbfN24NPW8PA8GVL7e3xT9o1C6UnB7wwXulpteSUmL6x9sqCAyH717ONLCw_Coy7ePx0oQrHPQ4ybLpdEp69apCUEqG8Tl=w1200-h800-k-no
"Bukit Tinggi Beach (Kakas,Minahasa)","3X75+XV9, Barat, Bukit Tinggi, Kec. Kakas, Kabupaten Minahasa, Sulawesi Utara, Indonesia",Kabupaten Minahasa,Sulawesi Utara,https://lh3.googleusercontent.com/gps-cs-s/APNQkAE4gvc4xdAWhDSFXx4EKNbtGvlW-T10y1Ydc2lnO1fTtKx9WNMjnJkYs40LFFika06KUNReAdrc6bthrievqNzGiqWw_2iE5ORj54Xc0ocs6g1bO7o5KXoypCExPvUyztJg9gc7=w1200-h800-k-no
Danau Bunong,"PJH4+M93, Togid, Kec. Tutuyan, Kabupaten Bolaang Mongondow Timur, Sulawesi Utara, Indonesia",Kabupaten Bolaang Mongondow Timur,Sulawesi Utara,https://lh3.googleusercontent.com/gps-cs-s/APNQkAHKJeiCc77FLC1kSWN-wSlO6WKrbdeTbDD_bOK806jMqwEa6S7n5pHfghLHjzy7bGgwHCtFvgvX47Y9llfdODa-vcOjNQaP2fzypdRVuxFgtekQ-FI7jCxQ2dXWeka-HRedu_NUG4yNt-Gx=w1200-h800-k-no
Taman Bukit Kaluku,"GHMP+CRJ, Bone-Bone, Batupoara, Kota Bau-Bau, Sulawesi Tenggara 93712, Indonesia",Kota Baubau,Sulawesi Tenggara,https://lh3.googleusercontent.com/gps-cs-s/APNQkAEixtpe9Sx18HykG5tv1Sr0ZPlDT1FHXGyAnofV146kQIl8kiG9l_e6dhlG1UZTW6YCHMgkaGuv9QKO1dEYA3d46gbcMoQJN6gpU4LdosYou64XL7QZM9IesuhUbYjh4Xz_25SY=w1200-h800-k-no
Masalili Hilltop,"4MJJ+W2C, Masalili, Kabupaten Muna",Kabupaten Muna,Sulawesi Tenggara,https://lh3.googleusercontent.com/gps-cs-s/APNQkAEK2DJ23Jk5d60CV-v1Rf86VqoiK62rSFBd5t0pBNx06ATUyi6VBcvRVPntIQjKnWtkENQIqsPuZQ_tdSaTeYsQN6Nj_i1ko_stOaGGsQYSqYFPrqkP9-wG3usJHYD-WZYVbfypq5Z3GndZ=w1200-h800-k-no
WAM(wisata Air Meronga),"J49V+MVF, Meronga Raya, Lalembuu, Kabupaten Konawe Selatan, Sulawesi Tenggara 93885, Indonesia",Kabupaten Konawe Selatan,Sulawesi Tenggara,https://lh3.googleusercontent.com/gps-cs-s/APNQkAFwl3o2ECTlZ8mQWYdGX5d1wR3jAgr0yyG9ZdTzmyjjQifgmxEJ27Eu_1b5pu1yU3TmUcyo11o0R_Pwv8CVnQKMs6cLP0hX7kg-LzHJBNQTizlYcnR8OzWPyVGEqvSrMuj3ilGRcg=w1200-h800-k-no
Wisata Batu Kembar,"CGG5+652, Patoloan, Kec. Bone-Bone, Kabupaten Luwu Utara, Sulawesi Selatan 91966, Indonesia",Kabupaten Luwu Utara,Sulawesi Selatan,https://lh3.googleusercontent.com/gps-cs-s/APNQkAFTYbXLF88kw_O6OVT0iqwGXJGAcDxP8zHph0e4cSbJsPbAx3kpCSeUQ7H7GdP-0r9hFDc8VBDB5tcfvQkUxdb3_2LagUaBj9oJsMYPYl0hkUEYApEJ7s849qmDF8_7lAHorcY9gCb61wW1=w1200-h800-k-no
Wisata Bahari Batu Beranak,"GM57+8RJ, Polewali, Kec. Lainea, Kabupaten Konawe Selatan, Sulawesi Tenggara 93881, Indonesia",Kabupaten Konawe Selatan,Sulawesi Tenggara,https://lh3.googleusercontent.com/gps-cs-s/APNQkAGjt7As5kA5OCzEnD2VeutoE9cQ0UAVI5AT_dzeMQ5EoZV50c0i38vvRcy97ubPP5GBxYvZcyLFbF_FNOI2e2lSDVaamfvwvkM_evu9t1zp_NNc3kE_XCM-qPvayGubUs1fx8PZmA=w1200-h800-k-no
Dusun Londa,"FPVP+7VV, Temban, Kec. Enrekang, Kabupaten Enrekang, Sulawesi Selatan 91711, Indonesia",Kabupaten Enrekang,Sulawesi Selatan,https://lh3.googleusercontent.com/gps-cs-s/APNQkAFBX0Daqb7CWpsGK22szJavNsWhBHkc6CuBpbHmB4jmj7lqMsgUtRAg-vsrH0zJqM50y8jY6_Z-wsojBg5X67kViVHOWGFBErpO3sulHxqzW2Of8oY5YAVgJLwMMd_XYRPj0rFH0A=w1200-h800-k-no
Pasabbeng,"Ladongi, Kabupaten Luwu Utara",Kabupaten Luwu Utara,Sulawesi Selatan,https://lh3.googleusercontent.com/gps-cs-s/APNQkAHRgCQPnHpnKU1qj8amUHSXNMWBSO6CAcgN-vZqCiLiwxP9iBgCvONdt_Kn3Bp2ytYB0u4mrivKIV2bCvKHjoLLnMyHdC7LW5-tlYuHSclX_LVkom3hZlwj4PM_H_fz0GLOpFXg=w1200-h800-k-no
Bukit Awan Wasuponda,"97XM+49, Tabarano, Kec. Wasuponda, Kabupaten Luwu Timur, Sulawesi Selatan 92983, Indonesia",Kabupaten Luwu Timur,Sulawesi Selatan,https://lh3.googleusercontent.com/gps-cs-s/APNQkAF695uwPT1rv7QQW3bNksb2RaO7GpngmWhID-I8BUxOdv15pHcj2-6K8S426XDGnLqZdVu4cTHrsVTTkFDU8S2b57RGtn1WZ3e4DdJgfoMZRrijklCM1wad2z7MG73B9ciDxPKRFQ=w1200-h800-k-no
Watu Tiwa Toar Lumimuut,"WFM3+3RW, Pinaesaan, Kec. Tompaso Baru, Kabupaten Minahasa Selatan, Sulawesi Utara, Indonesia",Kabupaten Minahasa Selatan,Sulawesi Utara,https://lh3.googleusercontent.com/gps-cs-s/APNQkAHkNEPRgX5ep8eYK_AWOU2wnMBveYfqAMZWRift5H0YpnJjIndFksHS3E0mBBwR4FevOkdJsv3VGKFnZGDBLwhFFRuerMpPT88o5M0WKaZpbsLTE9fxrgPLJDiL-R5ahol_j5Cg7g=w1200-h800-k-no
Tracking Mangrove Bumdes Mandiri Tabilaa,"92GW+V68, Tabilaa",Kabupaten Bolaang Mongondow Selatan,Sulawesi Utara,https://lh3.googleusercontent.com/gps-cs-s/APNQkAGZUpfW6IiEqCJWb8NbGH4CjvfsxLQKFQ15jlSgODfjt099gZiVyTrKkzT15C4KBDgyAHiZUCUF-cXk85iyPs0QOrgDLfmhZplybRDnjFQfeXtosts2cCoLTC5XgWy4ZD7UfZA=w1200-h800-k-no
GMIST BUKIT KASIH,"JG76+5JM, Tona II, Kec. Tahuna Tim., Kabupaten Kepulauan Sangihe, Sulawesi Utara, Indonesia",Kabupaten Kepulauan Sangihe,Sulawesi Utara,https://lh3.googleusercontent.com/gps-cs-s/APNQkAHvuA3gl9a-EqR1VlvLmV6F46tu6nht97exix_N1KzOhWsMruxJ0J1ribgBlDt-Lck1mUWOgyAevQFX7yxpUM3V6kOVlZHlWt8bLahwkJoqokLJ-O-fKvbortRrWEh3dJl798sqsg=w1200-h800-k-no
Bukit Punggung Kuda Talise,"4VMW+V2, Talise, Kec. Mantikulore, Kota Palu, Sulawesi Tengah 94118, Indonesia",Kota Palu,Sulawesi Tengah,https://lh3.googleusercontent.com/gps-cs-s/APNQkAEeHDx4wrFpfAeTg18xfNyRWbDkp1Vb7FEsQpGA3kmiga5jcywayp2Nu5HsboowwIumzhBj5Xz1fhoofeb0xiNdNJQpS9XReheOUgQJHacRVhsc94GuALCXpfR_0s-mkjXJuAQP=w1200-h800-k-no
Wisata Alam Goa Lembono Mata,"82VH+29V, Laroue, Kec. Bungku Tengah, Kabupaten Morowali, Sulawesi Tengah 94973, Indonesia",Kabupaten Morowali,Sulawesi Tengah,https://lh3.googleusercontent.com/gps-cs-s/APNQkAHBV3qI1CDMGxP4cWtivZYZsAXqe4_9nBG0d2LjQhBhoIQJs3gCeCTXaLJA6gAxJYHMAZHRQLgE__uU8nQmu5IZnQwQ_Y2yjHushw4N71qESNJPM-ihoTAVaMaMp8nAtaumSX7ufA=w1200-h800-k-no
Bombana's Beach Garden,"93771, Indonesia",Kabupaten Bombana,Sulawesi Tenggara,https://lh3.googleusercontent.com/gps-cs-s/APNQkAE3dzh2mo0pHh1s5GxJnEJaSFe-lGh1Jp3iz51PIELHp42xsdHT5iDnrzHJAy0cknsr3pvc80p7swYTXR4IwmyBU7O2fGFQxW_Dga_5O-VElPbNLnx6vJ_AMNwXNtRrsORuPOY=w1200-h800-k-no
Permandian kaaghi,"4GM2+JFW, Jalan Poros, Lakanaha",Kabupaten Muna Barat,Sulawesi Tenggara,https://streetviewpixels-pa.googleapis.com/?cb_client\u003dmaps_sv.tactile
kioko beach,"3X4M+PQ2, Kec. Bonegunu, Kabupaten Buton Utara, Sulawesi Tenggara 93673, Indonesia",Kabupaten Buton Utara,Sulawesi Tenggara,https://lh3.googleusercontent.com/gps-cs-s/APNQkAFST7TEHE22vwdCtCGWCfmE8jeJHIAIL2QFZFCzGi1ERIFMV4LISKCky7VRcbEBgfFxO0qslxh-ls2vDkMy9qkFG2XBAbF-FInM0y-f0mih_r5rotb34vgzOfj5Ekonyk2rTN9nag=w1200-h800-k-no
WISATA SALUKAILI,"C8HG+QV6, Jl. Poros Palu - Mamuju, Baras, Kec. Baras, Kab. Pasangkayu, Sulawesi Barat 91572, Indonesia",Kabupaten Pasangkayu,Sulawesi Barat,https://lh3.googleusercontent.com/gps-cs-s/APNQkAExp8lYKMxB4Ld1tGSkrLT2t0zqjJrnf8oiSLhP3IcMpqxY9AWTNOKF9ACNvyHm01rrCHpsLXF9WLm8Zh-Tazyy2q1xGKI_WUnArvagz_VwZzZQeKQgKonQYJ7xQBDlQ71JfJcN=w1200-h800-k-no
Pantai Barane Kiri,"F273+QGH, Labuang, Kabupaten Majene",Kabupaten Majene,Sulawesi Barat,https://lh3.googleusercontent.com/gps-cs-s/APNQkAGy6JLTcb8SHbD6KAqRreoKzC4Y53Jl8z_ox7XtX-6b14N9wuAdFuktJg-dn1RH401m79j89modmIldo_1OnQBMG2Iu8-BMw7beZ7YZpoHnYSxrRehNB8xZ9FT1bzxsDwH1aEzf=w1200-h800-k-no
Bukit Ceria,"J443+5P8, Bulotalangi, Kec. Bulango Tim., Kabupaten Bone Bolango, Gorontalo, Indonesia",Kabupaten Bone Bolango,Gorontalo,https://lh3.googleusercontent.com/gps-cs-s/APNQkAGdmrVOgoBdzGBxhSDI7UJtOilHFH9Li6sOowfX_Kuy1WrTVXH2S2tbYBDG-4Q5yChfzzV8Ycqsyzqs6MD-_lHVQZycjL6nbkbl9MCsN5OnI4eyJeNViMl71MVOH5peaUq6e52Y7DjQ7og=w1200-h800-k-no
Alun-Alun Kab. Bone,"F83C+VJ9, Macege",Kabupaten Bone,Sulawesi Selatan,https://lh3.googleusercontent.com/gps-cs-s/APNQkAGE1fhObxgiu-mFWsr1c-h_MqTWIwspMxB2fpKjXctQqdjD_2TQJGUSZJaz1uK8lrf7EZQdjI0P6XMB1ABxRCzk5j5VqxrMrtD_G-AZAmxJa1E4kFyhLWOCH4wSZHYPuF4UOKdZ=w1200-h800-k-no
Pantai berjodoh,"8J9W+GC4, Bonto Sunggu, Kec. Tamalatea, Kabupaten Jeneponto, Sulawesi Selatan 92811, Indonesia",Kabupaten Jeneponto,Sulawesi Selatan,https://streetviewpixels-pa.googleapis.com/?cb_client\u003dmaps_sv.tactile
Pantai Baloyya,"QCVW+774, Patikarya, Kec. Bontoharu, Kab. Kepulauan Selayar, Sulawesi Selatan 92855, Indonesia",Kabupaten Kepulauan Selayar,Sulawesi Selatan,https://lh3.googleusercontent.com/gps-cs-s/APNQkAH8Ow_1l_ZsFVfY9sP9PeT1_P5XqDotNYDqj7iLab6Ordhmlh-vWPaZV6S4K_8VsqszjX_bRagP8eQMYAB9z7Ja3qlGBAT5nRBcFBZ9SYxleD_86jzLE3-Fn4o-UenQ40eEJnqZsA=w1200-h800-k-no
Permandian Alam Lorong 2 Trans,"C425+CGH, Ussu, Kec. Malili, Kabupaten Luwu Timur, Sulawesi Selatan 92937, Indonesia",Kabupaten Luwu Timur,Sulawesi Selatan,https://lh3.googleusercontent.com/gps-cs-s/APNQkAHsRCj1KjZ6BQpQ7OSm289kQtdCojmvNKopeJrArxPtAq_wqHIZlM8NkUaqnpBuG3-f4vABfU2Y9iYH606mgzFHkvDpDSpfOPaP0hQ-EAzw5SQgCyDsTaB3JySnoW-ckudPwpm6UmX-s-1B=w1200-h800-k-no
Wisata Alam Rano Reindang Desa Leilem,"7R88+9WH, Leilem, Kec. Sonder, Kabupaten Minahasa, Sulawesi Utara, Indonesia",Kabupaten Minahasa,Sulawesi Utara,https://lh3.googleusercontent.com/gps-cs-s/APNQkAGcgkWFPzpheU-BXrr_JeTCMs_diyYmaqDJEhzRLeil9fEeGcvEVw4TRiMqyYW05U_mHwgW55ZZB-PlERNEnzML6tqhW7KUlHokATK5Kkd94cTvzJlarceZClqIjk_S4Dt5Vo6I=w1200-h800-k-no
Pantai Pulau Kelapa Bungkutoko,"2JF3+HV6, Kec. Kendari, Kota Kendari, Sulawesi Tenggara, Indonesia",Kota Kendari,Sulawesi Tenggara,https://lh3.googleusercontent.com/gps-cs-s/APNQkAG5VFfQ_SzlFABMZiFCjCr3m3UB5AwihuCTIAfIXp7SvIFNCrMhoViTcSKqJnHmamTXN-pDo-DitwrIrb9AFGHwQEJoSKCY72Ng5HVvmfrvKNvUR96VkE_FKNo_2OyFNlqknoo-RVWlIZ4=w1200-h800-k-no
TUGU KUDA DESA LAILANGGA,"3GMJ+R45, Jl. Poros, Lailangga, Kec. Wadaga, Kabupaten Muna, Sulawesi Tenggara 93652, Indonesia",Kabupaten Muna,Sulawesi Tenggara,https://lh3.googleusercontent.com/gps-cs-s/APNQkAEzbLeHw4xkTOJi8p2oV_KQzfK7dKpSKl3DbV-yKngiOPKJsU2xaHqjawVItwgCE2Q42BRjrFrTOEA3nEWwX4A3ZGkTD6LRkwLnYaNYDsQnz9Kujipf_FKlXUEFlAbpLamkGeY6MyR9uMY8=w1200-h800-k-no
Pantai Wasampela,"Wasampela, Kabupaten Buton",Kabupaten Buton,Sulawesi Tenggara,https://lh3.googleusercontent.com/gps-cs-s/APNQkAEsl1LCaoBGPVNmW3lDyVtykWjGJvqW-BMgmvQV9c78s8HBbIwgrK6v86Y02TAosIn2_lIQqchJHcBPtufER9RxCKxWMrc7jcex_GIhrimAzj0nwJpU0-s6W23LbQbhU-fDgUOa=w1200-h800-k-no
Bukit tangga bali botutonuo,"F4FV+QX3, Botutonuo, Kec. Kabila Bone, Kabupaten Bone Bolango, Gorontalo 96119, Indonesia",Kabupaten Bone Bolango,Gorontalo,https://lh3.googleusercontent.com/gps-cs-s/APNQkAFiPB9p2QagDXKTOjehm877jUOxfnu8D7wNxb-FaN6ryn4Vv6Icc8f4xrt6PWCkf1nw9Tjh5mJ5nIOms1e3WGgtx-vC5SDl0nioZV3SbHmVFVJpiddkP8MIQlANGL2yJw6H0lKZ=w1200-h800-k-no
Limboto Lake,"HXJM+27P, Danau Limboto, Kabupaten Gorontalo",Kabupaten Gorontalo,Gorontalo,https://lh3.googleusercontent.com/gps-cs-s/APNQkAGatoyNCo2CfP7Tr08vC6ADiuyQ2KAjPWTY_GEroHmsY8r29EG2-ZPNqKPsZDyS13ODuFPUxWjiSfVUrGcOeZJ3KbtlsqFaleG8WFac9PZS-wRfulnirw3kKRQeSdxYPyyrvRpo=w1200-h800-k-no
Pantai Botuliodu,"8Q95+7F5, Botuliodu, kec Tomin, Kabupaten Bolaang Mongondow Selatan, Sulawesi Utara, Indonesia",Kabupaten Bolaang Mongondow Selatan,Sulawesi Utara,https://lh3.googleusercontent.com/gps-cs-s/APNQkAHauHw-WnMUuAIfjy_vRkCvjXBq9c-Uslq4PyOvJyqWxspoyEH8p0ZQ5z68vXcPKGcD8FAfKZ73YuoAiihnVbWyMgtffggzRZh_G962YZ-G1bWSBsF6C2SXf4IIuyq8g9yaAfud=w1200-h800-k-no
Wisata Air Terjun Desa Gangga,"35PC+GW, Lemusa, Kec. Parigi Sel., Kabupaten Parigi Moutong, Sulawesi Tengah 94471, Indonesia",Kabupaten Parigi Moutong,Sulawesi Tengah,https://lh3.googleusercontent.com/gps-cs-s/APNQkAEZ8gcGPVYFM-REFZgWOq-vdg02VnOXx8z5dj13oKH2yfjzuV9TN_VWaQ6KUSWWuVMb2R_pRHEiz_zLfXLnOIZYge7OxBT8UMOeiSIGnG7YT6mIUSgQMUJosG_RXighObAUBatC=w1200-h800-k-no
Goa Tokubet,"7GX9+W46, Tolokibit, Kec. Banggai Sel., Kab. Banggai Laut, Sulawesi Tengah 94891, Indonesia",Kabupaten Banggai Laut,Sulawesi Tengah,https://lh3.googleusercontent.com/gps-cs-s/APNQkAFcUjTrb2CsV57rPBnOAK37B0YjMh9vAdzDHv4FTxy71JUkwSgq4Xu2XUCv0a4SIQbUZTbKlpkZGmWUzUBBnZto2cvL1jcF40Qgi_fz96Q6z64isu7GnCeRlOv9r5JvwTRZJJ5a=w1200-h800-k-no
KOYO BEACH,"H5R5+2X7, Koyobunga, Kec. Peling Tengah, Kabupaten Banggai Kepulauan, Sulawesi Tengah, Indonesia",Kabupaten Banggai Kepulauan,Sulawesi Tengah,https://lh3.googleusercontent.com/gps-cs-s/APNQkAGtgzgqNTRpARELdE-1mi6mfVWd6imqsbS9Vec4VTJ2dUg7EWUpU9kmp1LtQlVi5PfrXdx062iqc41Ukj7dPpeHvqKAYGmSSHiFdoe0FaONnOXfhKoPyFhdKf-Ckla1ivWDD3_5Kg=w1200-h800-k-no
Air Terjun Sarassa,"GR9J+89G, Rosoan, Kec. Enrekang, Kabupaten Enrekang, Sulawesi Selatan 91711, Indonesia",Kabupaten Enrekang,Sulawesi Selatan,https://lh3.googleusercontent.com/gps-cs-s/APNQkAHxKXe3PPQ7uBDUrXF9bAExb8pddEed4r47Ih565GbvAZiAaN1luNq9lb0BOanWAcfcM2DFm8VTQ9pBYg8pBdPLUUnDyUyCyF4rwwfXc3kO2qgEHLX62Dpqjv_JTBR6dJm1XvO7bQ=w1200-h800-k-no
Pantai Sukamaju,"XCR9+FH7, Jl. Biso, Bulontio Tim., Kec. Sumalata, Kabupaten Gorontalo Utara, Gorontalo 96254, Indonesia",Kabupaten Gorontalo Utara,Gorontalo,https://lh3.googleusercontent.com/gps-cs-s/APNQkAGk-P10i_XG5oA85_YUafChw9HKkdz2ZMVvbmeaONY9VjbrAcM16gosmzYK5LUHbwM1z36ALMJbjlTnw6h4M6UUEfAe0oDLTdBgiFpfEm4I_eJwhvx7YmaXj7TYot5bugDJ1pc=w1200-h800-k-no
Wisata JatiLodungga,"HW7M+739, Unnamed Road, Tabongo Tim., Kabupaten Gorontalo",Kabupaten Gorontalo,Gorontalo,https://lh3.googleusercontent.com/gps-cs-s/APNQkAF5VRcurVip6s_4vwhAUOuxaKxPJsnVSxODDuBg0OVncwtp45yl8QhsgV70c0K6ReAIs0_H5ogGjtJF65QPhudvYVQB-0VNH_0csh48NPphSeMciiebmri80DnaGSB8hKfIFyg5UCNob6uI=w1200-h800-k-no
Pantai Motihelumo,"Unnamed Road, XH56+VGC, Dulukapa, Kec. Sumalata, Kabupaten Gorontalo Utara, Gorontalo 96254, Indonesia",Kabupaten Gorontalo Utara,Gorontalo,https://lh3.googleusercontent.com/gps-cs-s/APNQkAFliEuGeRv0ftM69Rgh1NyGBMgDr79PSjZUVEZKvfp2X5EbIB_GR8dawyb0_Dn7QPkyOejcMZNsOgQ_7v1lsfrf9B5CEWrVFhuUcTH6EP8piU3X08l9zbAEVhQrIasBnKWOkQoQ=w1200-h800-k-no
Wisata Air Terjun Botuliodu,"8QF2+2RW, Botuliodu, Kec. Posigadan, Kabupaten Bolaang Mongondow Selatan, Sulawesi Utara, Indonesia",Kabupaten Bolaang Mongondow Selatan,Sulawesi Utara,https://lh3.googleusercontent.com/gps-cs-s/APNQkAHAlps1jCUZgR_sanKF9Yzo1w_w6RibocBSHbt2vMyUelhdAsa95xoOA8foYuxfP146-xTPxtaFPNFfz96-u0shYPA3vSleSwr2aol2-fa-P40KZGmS4Vgl3-7cvEXD0xPh-PuHPw=w1200-h800-k-no
Wisata Pantai Nonong,"MG49+JCQ, Nonong, Kec. Batui, Kabupaten Banggai, Sulawesi Tengah, Indonesia",Kabupaten Banggai,Sulawesi Tengah,https://lh3.googleusercontent.com/gps-cs-s/APNQkAGDjvgHYD6ZZUp8i8j7d9HTvJDyafh9kKQdCeKWMm684Aiap2ttVNW4doXEF1KWAvW5X3CrHfnt-tZTn_kYoW9_jdIAzsuDZciWaCAYLdhH3k0ok-xjXiOW0PC6ndDG1BKf1vDHIQ=w1200-h800-k-no
PUNCAK BABO ANJAM,"XR38+9VG, Tinading, Kabupaten Toli-Toli",Kabupaten Tolitoli,Sulawesi Tengah,https://lh3.googleusercontent.com/gps-cs-s/APNQkAFE0NkvPwbkWGDpFBYvWJETqTZjEo38wcn846TPs-QNU9bSOvmWGDg0j51sbKQOLnmofCV9Gd3kZxGqszlj0j0zMiMaboCJBtsK9TW_V8DZBEAc26yAZoJHKCoLVzyR5RgmnfqgdA=w1200-h800-k-no
permandian toronipa,"4M38+535, Toronipa, Soropia, Kabupaten Konawe, Sulawesi Tenggara, Indonesia",Kabupaten Konawe,Sulawesi Tenggara,https://lh3.googleusercontent.com/gps-cs-s/APNQkAFgFi9gKq570vf0jzbZBm51LwRCAnbCEsPFOA5652cwbQSrmwBBV431bW8Xtu0YAqlvJXHFwT96dUHZ62jcjSJ_yjqlUkCNsSQG-nilBrf-a6nT9ZxUaPMRnM3pxqIB9WaKMOhNGA=w1200-h800-k-no
Desa Wisata Biring Ere,"6J85+X7X, Biring Ere, Kec. Bungoro, Kabupaten Pangkajene Dan Kepulauan, Sulawesi Selatan 90651, Indonesia",Kabupaten Pangkajene Dan Kepulauan,Sulawesi Selatan,https://lh3.googleusercontent.com/gps-cs-s/APNQkAGR8T0sEPVgHtAD3ppq5Vy-4LTe4yM76GiwDxlSp8F_9yIFy8fB28-z4K1dwVD9ErSScU1Em0K96tjBB8Z-1lzYI6THS8UWRcl7JZAyZvel7axm6jHcCj7XJs8_lceoBBFgzZo-aw=w1200-h800-k-no
Rise and Shine,"XJ2V+XW5, Bumi Harapan, Kec. Bacukiki Bar., Kota Parepare, Sulawesi Selatan, Indonesia",Kota Parepare,Sulawesi Selatan,https://lh3.googleusercontent.com/gps-cs-s/APNQkAH_cxgUmv31vYT2RUtaBAKCm4-_NPq1FiJyjoGcMPiNMXu5b8PMGqETi0FJq8Vv2sReADjLYi3lah41fMNXm6OphK0C_SsRXCKoMRa0czQLBtDoXIGzs8tIunE59PCOqbGuH2Ej=w1200-h800-k-no
Bukit Alitta Madani,"Desa, Alitta, Kec. Mattiro Bulu, Kabupaten Pinrang, Sulawesi Selatan 91271, Indonesia",Kabupaten Pinrang,Sulawesi Selatan,https://lh3.googleusercontent.com/gps-cs-s/APNQkAGFk9RvTUifOyrMs1p13JEHj4xRWxumOuEL1j_n1P_QivQBizIo78BBqyvuQDc8wGpV9pL1MisZZzLFXc12O3EvIPcVadjqlaHdnGkloLktzf_QpGtUOAup74kuyUR6J-KfBGA=w1200-h800-k-no
Air terjun Talise,"FVMP+W79, Bonto Rannu, Kec. Uluere, Kabupaten Bantaeng, Sulawesi Selatan 92451, Indonesia",Kabupaten Bantaeng,Sulawesi Selatan,https://lh3.googleusercontent.com/gps-cs-s/APNQkAE8nrAJnJWO_F_NtyMR307c5aZj1x_yeO-lbevMRuVDOrHLL3ADdiorMjKroJ6Yxb58OGXbk0Mu8SuKBLkfQok-ZGiVkQah_J39GL-N9aVFLNs04KXHFaHmNSSsv0qZusNb_pOG=w1200-h800-k-no
Kuburan Alam Alla',"2V2V+J2, Angin-Angin, Kec. Kesu, Kabupaten Toraja Utara, Sulawesi Selatan, Indonesia",Kabupaten Toraja Utara,Sulawesi Selatan,https://lh3.googleusercontent.com/gps-cs-s/APNQkAFuj3fEU6fw8c3A_TWnbYLtXFCoVWpEFCZ2DjxTzFtSNc9tY08yVOyzuiDTT5Ue-3h589axG_duwrSURPkv33YR1EtCb0dHDIa5NdcgfrRmERORk3eDFy_IqL2LnNkd9ccks7KPfg=w1200-h800-k-no
Tugu Perang Dunia II,"FRQR+W9W, Lawangirung, Kec. Wenang, Kota Manado, Sulawesi Utara, Indonesia",Kota Manado,Sulawesi Utara,https://lh3.googleusercontent.com/gps-cs-s/APNQkAHaGh-KqDuuHMNJRujlEhNLEv3b32yVGfVVpdpp-WBlPDPyITq2m08Sy9KBwCKjTpP-zCcc4auxZmrhzjmCY3vLEpFHz1Wkcn_WnyrH97jCV81FE-PctewbkzseE_TloZP-Ka7nNg=w1200-h800-k-no
Makam Raja Tadohe,"Q83G+5VQ, Upai, Kec. Kotamobagu Utara, Kota Kotamobagu, Sulawesi Utara, Indonesia",Kota Kotamobagu,Sulawesi Utara,https://lh3.googleusercontent.com/gps-cs-s/APNQkAHBb-cqakHe52o2S3T8lw2HNySN4BK0-xOvbF9ShXSNuLokUxOYxPW81zNrI6MKY5i5MZ6cRRG1vkxil4HfE2yHJ-eHsVw6wUj5q9t151vPinerJBKHen2uDb5KlFqu87MhAnna=w1200-h800-k-no
Air terjun muntoi( DAKOL ),"Q6PH+2MW, Muntoi, Kabupaten Bolaang Mongondow",Kabupaten Bolaang Mongondow,Sulawesi Utara,https://lh3.googleusercontent.com/gps-cs-s/APNQkAH579FleCjpUWqtbyghjSCZ7Bq5ULspXHQuSsSbSunk9j0vbgDROjvb5YKLbjn-2Pgpds5ae-CXzoUdlInMzXW9yQkjRjXv9FurWdMcWH6dXLCz6LZLBRr60O4gO1lwB5rYCWKUtQ=w1200-h800-k-no
Air Terjun Tudu Aog,"Jl Poros Tuduaog-Kolingangaan, Manembo, Passi Timur, Bolaang Mongondow Regency, North Sulawesi 95372, Indonesia",Kabupaten Bolaang Mongondow,Sulawesi Utara,https://lh3.googleusercontent.com/gps-cs-s/APNQkAGRmPcgqMlTXQWRKQw4DOGslInuXhUfEgbLqwVi1xUGtcVTX6OdZLRUJrPGsEtjHJqcAEKkYE3VL-cEdi71stF9QX2XCW8TqIQ6fkug7r4pn_0M5k2wceEzINCVzGM8yuVwd_J0tg=w1200-h800-k-no
Wisata PULAU PARA,"3G82+MHP, Para, Kec. Tatoareng, Kabupaten Kepulauan Sangihe, Sulawesi Utara, Indonesia",Kabupaten Kepulauan Sangihe,Sulawesi Utara,https://lh3.googleusercontent.com/gps-cs-s/APNQkAHTLfkUJ-04xFhq5cw66G2xv26iYbylHYkNHxbEpPCjic0D98PSA7THqd9mnO4N0BiRfd_doQO7DeUr4DAQDwE18VKJ5hmsj8A3axIYuDKYzJtwLZDReeQJrllOVnIdu2o-z0RY=w1200-h800-k-no
Wisata Kebun Bunga OVA,"8V25+MH7, Jl. H. Patila, Pantoloan, Kota Palu",Kota Palu,Sulawesi Tengah,https://lh3.googleusercontent.com/gps-cs-s/APNQkAHXv0m0NWc2eRhqPEVLiOFGp6B747BoMJMTgb6mGsGbEJkb8ulPqYPZaZr52GM5hvs3oyfEuoyKLKjxEOTQ7pU5NaeIByj8uBzV0jW8ewwWcG0DSnma_YHcXmfRZXg2bm05aZyJKg=w1200-h800-k-no
Pantai Batu Kapal,"79QP+CF6, Unnamed Road, Lalong, Kabupaten Banggai Kepulauan",Kabupaten Banggai Kepulauan,Sulawesi Tengah,https://lh3.googleusercontent.com/gps-cs-s/APNQkAHMfC-NHyEvDMY8JmvC4JKuRXx5Snys3WluE8UtQbSRolomCBBHrgLEu8PlO-uY0bPmY5vFJ4cDT0q9uDqSfiwmArsQN6xYdvE12W5Rrwwo3Cg7FB78VgvG2aLYZV9976aQf2QXPQ=w1200-h800-k-no
BOLRE ATO BVULYUD,"593W+MG, Kulango, Kec. Biau, Kabupaten Buol, Sulawesi Tengah 94565, Indonesia",Kabupaten Buol,Sulawesi Tengah,https://lh3.googleusercontent.com/gps-cs-s/APNQkAGcizdK7RBRGtfduLBYBlBclEoMZVrnnDY7Mvgqz6GRJ2AS6kbswUpVJz4QN2_N7OQ5sj-KkqYdFsamZ_8mFDnfrlL64jTtzffyg6qY2faIM53ZpmXdmIcpoX_37Mt1MBF1LHTi=w1200-h800-k-no
Gerbang utama Masjid Al alam,"2GCJ+2PG, Jl. Masjid Al Alam, Lalolara, Kec. Kambu, Kota Kendari, Sulawesi Tenggara 93231, Indonesia",Kota Kendari,Sulawesi Tenggara,https://lh3.googleusercontent.com/gps-cs-s/APNQkAHjpuRWWhTgoBpNHbL_wETOCLTR0w8BBJ2fnq7xfkswtm5bVXKrXRXjTy7JbwN8_CYCA6DQ44pIkFG-j_V1Ym0TtIX7vvB1uR68MpoROFdtsTlE_GVTbKbwsSpniLu2liIkU4gxQQ=w1200-h800-k-no
Desa labengki,"HC2F+2X6, Labengi, Kec. Lasolo, Kabupaten Konawe Utara, Sulawesi Tenggara 93352, Indonesia",Kabupaten Konawe Utara,Sulawesi Tenggara,https://lh3.googleusercontent.com/gps-cs-s/APNQkAEqdlWX2vJWRTHqTzBqhSl9fCCsWogANN_T_4iJMKelyN9X4LVY40mem9iIOzyug_mQoXXTFLZ1razdzx1Kfryv9mJeNl5QPObIzGCTeVnhaW56KULvSoo1RAhJjBP3IJ-7c206ag=w1200-h800-k-no
Air Terjun Paralahune,"V342+M66, Pondoa, Kec. Wiwirano, Kabupaten Konawe Utara, Sulawesi Tenggara, Indonesia",Kabupaten Konawe Utara,Sulawesi Tenggara,https://lh3.googleusercontent.com/gps-cs-s/APNQkAE1hRh1-BP384XNB_0NjIN_DWSFHsr-Lm9EGlODnegSd0eQc2-DIQ2aLpDTR17H-yP2ck4dgUGQ7HGewpTplqgsGs3FxBO_8C4rgKy_0-IQFblvGfJFTDDAIL-6GaZ-vn-PSESV=w1200-h800-k-no
air terjun lantangahi desa todanga,"WR94+CX, Tuangila, Kec. Kapontori, Kabupaten Buton, Sulawesi Tenggara, Indonesia",Kabupaten Buton,Sulawesi Tenggara,https://lh3.googleusercontent.com/gps-cs-s/APNQkAG7i6ITcZ_c5WK2pv8DMAw6hu2BlJHa39f4In6hUFUiCoDtJSMrNmDIJ-WIn-u2W5pcxB90NWg7ESz8zfY6FvzeZiXvUEuCs7buEroUyb0eGHIob5pefxNjkOBn9dxnGTU1usGP=w1200-h800-k-no
Air Terjun Doule,"85V7+XQ, Petetea, Kec. Kulisusu Utara, Kabupaten Buton Utara, Sulawesi Tenggara, Indonesia",Kabupaten Buton Utara,Sulawesi Tenggara,https://lh3.googleusercontent.com/gps-cs-s/APNQkAFn-tZwEh_eb-S5J7uIFMYshl5n2a2cbbB0Dfpg97T2ocjFgyx8ks_YUX9AZFzP-n8Off_gHWPOHE6j_SXGl_7cOOqRPavXAMFSJZcnAbKNKbT-KigqtZS1UF12kcXmbcxWYQxvX9TdWye-=w1200-h800-k-no
Wisata Bahari Leato,"F3PM+W6M, Leato Sel., Kec. Dumbo Raya, Kota Gorontalo, Gorontalo 96116, Indonesia",Kota Gorontalo,Gorontalo,https://lh3.googleusercontent.com/gps-cs-s/APNQkAGnK3KjBof8V4bVBtzukYORMWZ_KyCNB0tGsLBVvPwst0NwAE_7Krrz9_UuzMDkMPLr7-yXSQP8NdzKmKCVH5hBL2Kxyi1_zLRJenNjK_JgTeK3r-7WHqYQaeJ8kmIkHpq8CMlXVOlBftJ0=w1200-h800-k-no
Huidu Boliyohuto,"Huidu Boliyohuto, Bululi, Kec. Asparaga, Kabupaten Gorontalo, Gorontalo, Indonesia",Kabupaten Gorontalo,Gorontalo,https://lh3.googleusercontent.com/gps-cs-s/APNQkAEiX-EAQkAqJNStASWEoJ9i_aQMQHGYYbYLyRHs1TQNfdyVxhehCcLzYCV_aJxNiuHfDX4LvTvvKZ0VtWY5bQDP7fAiDYgP0idnvf_ZmJs47J2uxWI3NZDKqKccAIeyy7W7AirTvn6Ury8=w1200-h800-k-no
Air terjun mata tumpang,"Jonjo, Kec. Parigi, Kabupaten Gowa, Sulawesi Selatan 92174, Indonesia",Kabupaten Gowa,Sulawesi Selatan,https://lh3.googleusercontent.com/gps-cs-s/APNQkAHOhRUgw5lPdeF7isU_CjGqlurNyiprAJOFuNKv2A6staD19EZWyRzrWY4Ke_D2M8bitJZMKqf65hiAYImgmkfUYjP_RKS5FSVcrZY2RUbOdaasU6HGnCFGHFcJMcj_x_0_urqU7Q=w1200-h800-k-no
Makam Raja-Raja Sanrobone,"Unnamed Road, H99R+637, Sanrobone, Kec. Sanrobone, Kabupaten Takalar, Sulawesi Selatan 92231, Indonesia",Kabupaten Takalar,Sulawesi Selatan,https://lh3.googleusercontent.com/gps-cs-s/APNQkAFNMwSUIwLdWX4nFVD-zQlakmri5_I-nfliePX8N6oPleM0GNuN2kS0tgfdNM44yWi34Lj-VPXLZvPonZTgQBal3LCztdHz8m-1HZBhY4npKbjJk8FSTLX1Qr2tL57fQU3d_MumSg=w1200-h800-k-no
Bulu Mallocie,"Bulu Mallocie, Lainungan, Kec. Watang Pulu, Kabupaten Sidenreng Rappang, Sulawesi Selatan, Indonesia",Kabupaten Sidenreng Rappang,Sulawesi Selatan,https://lh3.googleusercontent.com/gps-cs-s/APNQkAFSdXvFWMboSDPLX1oCZ0WfreUmlaFgTmHAygT4BoRuRmVl-n87dqcFYI7dYfRSTbMnla8fmm5YzmJDldapVHIZJUYW196FJs5akU_X9hdAcL3OuH447Mpb5thNMgkssU0Enl8k=w1200-h800-k-no
Gunung Labokke,"Unnamed Road, V6V8+RJM, Puty, Kec. Bua, Kabupaten Luwu, Sulawesi Selatan 91991, Indonesia",Kabupaten Luwu,Sulawesi Selatan,https://lh3.googleusercontent.com/gps-cs-s/APNQkAHGJlZjQr9IwNKz67GcvDOoOkhVRpzcFNtWHWHiRW5ajsJNlGJbkK86ZjhIS8W7KxJarcbgal2dogvgnXnJ0ZTbAoDUerOsylgZkom4RNnWowke3g6XMBmLmH5cVIws0qCI0qVkTt565e-Z=w1200-h800-k-no
Kebun Tundo Wudan,"F4WC+RP, Duasadara, Kota Bitung",Kota Bitung,Sulawesi Utara,https://lh3.googleusercontent.com/gps-cs-s/APNQkAGFfzGaJKoaCcTQD-GvgCkGLkGsOmGrIrpxjzBWELvIPXI5NzA4MW71ZaZ0vEE3RJXbO9nAYtY3TeLrK_kt8Y9MU3fEx2YsT20NtlbMrqXyzoTQXUKi-ZTvR-lbv1DkCYwnDSi-nA=w1200-h800-k-no
Wisata Pemandian Air Panas Desa Lowian,"VCPX+983, Lowian, Kec. Maesaan, Kabupaten Minahasa Selatan, Sulawesi Utara, Indonesia",Kabupaten Minahasa Selatan,Sulawesi Utara,https://lh3.googleusercontent.com/gps-cs-s/APNQkAHerEc9uWBGwsapcXT9Glz4OaCYJ-DRbHNIp2zE6_OE8_1StYZZXNWqUGQCAeTAWmSzJnQe0lA2qzaxe65wDWg8qbjg2bri3fyMdUpFiP3e3wJ-QI0xBT5_qUDqQasOM4pIwaDTEg=w1200-h800-k-no
Air terjun bontoa,"QG5Q+9C, Lamo, Kec. Batui, Kabupaten Banggai, Sulawesi Tengah, Indonesia",Kabupaten Banggai,Sulawesi Tengah,https://lh3.googleusercontent.com/gps-cs-s/APNQkAFu48ic6dmowgoXa9UD3Hy_EQCQDJcCuBBMUyN7MYJ1M_aN6kt0t_Oe9gHIY3Y5QCsV8xNCgVMjMxa4TEByEHD9Rp4N_hc1LjL3oKN7UtN44MS117oiw12s9wqJvrVbeA4sr7aj=w1200-h800-k-no
Wisata permandian Purau,"P362+H9, Mataiwoi, Kec. Ngapa, Kabupaten Kolaka Utara, Sulawesi Tenggara, Indonesia",Kabupaten Kolaka Utara,Sulawesi Tenggara,https://lh3.googleusercontent.com/gps-cs-s/APNQkAFlcsoObxiAcNtLTuEF9lA1OOoTzedUb01xScuh13Ri015pibOYN2DJXp25xZWwFkI4KJx6lHu8TK9BP9W0T1OPhLyqf_ivewVJBGT1ZlsAUGWCjW4dJJuRTIv1eDQYDaF0-ZT5=w1200-h800-k-no
BUKIT NIZAM,"Jl. Poros Majene - Mamuju, Botteng, Kec. Simboro Dan Kepulauan, Kabupaten Mamuju, Sulawesi Barat 91512, Indonesia",Kabupaten Mamuju,Sulawesi Barat,https://lh3.googleusercontent.com/gps-cs-s/APNQkAGJIkdrDZ3TGH1FTGWTmO9Fwjock-_Hwi8c3NHaPSmaZ_PTt6Zs_-_owc9DXNOgCe_VAzZWA6JdM6FBvhH8DXrg3GyOW8fRI6BoYh7HgUwKzUXMjCkQgxRAyb30Niy9BgvxTC7B=w1200-h800-k-no
Pantai Pasir Putih Palipi Soreang,"CWRH+V3Q, Jl. Poros Majene - Mamuju, Totoli, Kec. Banggae, Kabupaten Majene, Sulawesi Barat 91415, Indonesia",Kabupaten Majene,Sulawesi Barat,https://lh3.googleusercontent.com/gps-cs-s/APNQkAF7a2YmVqfN5Y2Y8WrXNdIi3x_YXTc8jq38xuDP61EP_7Qqryy9KgX10EXbHjBfZhxwTeAFF__V0X211VOutLKWr9Skzw5eqGaorKM8mADuCgAiFOqTmz9q12oRJJUhk8xEK6Hv=w1200-h800-k-no
Pohon Keramat Baurung,"CXRX+5JH, Baurung, Kabupaten Majene",Kabupaten Majene,Sulawesi Barat,https://lh3.googleusercontent.com/gps-cs-s/APNQkAHFhTFzB5Ca1_m1zT94NSGuecWksEDhTrQvr6UwajBUP1Cl2ZxLan3GgaH8aRMJHQq3UAku0L_2yH7iYNgL0y1dpmHIrAnrdzVbLpV2TRpSC2xdTLhCnE2D14GmQdNouhr42IrKosQXeNmm=w1200-h800-k-no
Development Wisata Bahari Punagaya,"9HV2+WCC, Pantai Bahari, Bangkala, Kabupaten Jeneponto, Sulawesi Selatan, Indonesia",Kabupaten Jeneponto,Sulawesi Selatan,https://lh3.googleusercontent.com/gps-cs-s/APNQkAHBFfnpfrLegcELy500xDAjgGVum96_GsUCSGQYVU9X0ctl6CeTjaTGNuuV3l9143Z4S2fGvk9ehxpNX-VM51bfJtV6J0mad3ZF7oMY5gEyS_EEKHtprJ7SMxumnDTevGl40_Ly=w1200-h800-k-no
Kawasan Wisata Buntu Sarira,"Unnamed Road, XV9Q+8WQ, Sarira, Kec. Makale Utara, Kabupaten Tana Toraja, Sulawesi Selatan 91852, Indonesia",Kabupaten Tana Toraja,Sulawesi Selatan,https://streetviewpixels-pa.googleapis.com/?cb_client\u003dmaps_sv.tactile
TANJUNG TAYAPU,"926J+5X8, Lansot, Kec. Kema, Kabupaten Minahasa Utara, Sulawesi Utara, Indonesia",Kabupaten Minahasa Utara,Sulawesi Utara,https://lh3.googleusercontent.com/gps-cs-s/APNQkAFTbZW_s512HtTtfUT3NZd4XIdKZ4GwcSDynFdlxS8BR2zcjoyrBq9uhCQf5JfrO9dwloHLKGRgYfUisHrKFiX2HR43N_ZWBf5IsQO-SGuQOkO8Mc_uFCaVUSyaYdK65tXk9wRq5g=w1200-h800-k-no
Pantai Talowara,"P3PM+696, Karatung, Kec. Nanusa, Kabupaten Kepulauan Talaud, Sulawesi Utara, Indonesia",Kabupaten Kepulauan Talaud,Sulawesi Utara,https://lh3.googleusercontent.com/gps-cs-s/APNQkAHmOmMWG_JJUHE6tBYFfsM7I8GpSdkmbyKbbYso4lQXtXcJhVDazFexEyGUwjXdZ3yuAk6J8A9z3AVwuU-yHI9D1svSmros6JxhUImev5vBZ3iF8ibktkoTss1kibQnSog7sVKj=w1200-h800-k-no
Agrowisata Bunti Ede Padende,"Padende, Kec. Marawola, Kabupaten Sigi, Sulawesi Tengah 94362, Indonesia",Kabupaten Sigi,Sulawesi Tengah,https://lh3.googleusercontent.com/gps-cs-s/APNQkAF1F76aUSDKA31FD-262eg0IoU1QkGoVvy5XetfJLCUIaw5YHYfT6Gx5Mi-8SrF7jQkCaZYxL-QVLR2pG0VoX_pczc8vplEbVhl2A1vjI0QLI6cc80EPHZNP7Dp0iDUIkYQ9lJS=w1200-h800-k-no
Pantai Sunset,"8PG9+G3Q, Boneoge, Kec. Banawa, Kabupaten Donggala, Sulawesi Tengah, Indonesia",Kabupaten Donggala,Sulawesi Tengah,https://lh3.googleusercontent.com/gps-cs-s/APNQkAEb4NCDotH_eJFrpKCUfoR0QLdqlZhWe36xju4ZHeNFFhQKLUreE1bMbCQUtEVTb6n83anBQA6LIvXldleN_iq-QUuFnaNtUJWeOx0AHGVZ4-L5Q3H4PLLoqNyaGZ96mIlYBmdD=w1200-h800-k-no
Desa Bosagon jaya,"HQ44+X33, RT.Buluye/RW.Bosagon, Kayu Agung, Kec. Ongka Malino, Kabupaten Parigi Moutong, Sulawesi Tengah 94479, Indonesia",Kabupaten Parigi Moutong,Sulawesi Tengah,https://lh3.googleusercontent.com/gps-cs-s/APNQkAHROzZMe-7WPg3dJfb6mxHZ_2BlOhdMX9Tkzy1-uIwfUeidFx69bveeEn4a9pULxE2GQlSAYLcl5Jq3EuxgLz1v3x-GsIuRgWoThjlWdMaUYHzD4ZVJ1_qZtnzHl6jn62RHjdx5=w1200-h800-k-no
Aula Wisata Mangrove Matansala,"FXG6+WHR, Matansala, Kec. Bungku Tengah, Kabupaten Morowali, Sulawesi Tengah, Indonesia",Kabupaten Morowali,Sulawesi Tengah,https://lh3.googleusercontent.com/gps-cs-s/APNQkAGtXE68-_uFgdApQ_Fu0BkwxS3ESgDc_rQjur3pFRxq35I6MYo7ki3HiKvz9JvRg2FvuaZCB3SLG2BL9kJ6OB_JoWHnHS0WK4kEXRpwvRwSQd5Mui9N60nQETnARFmsydi6BwIU1YGa4Ne1=w1200-h800-k-no
Air Terjun Akar Darah,"3P7X+8M8, Hanga-Hanga, Kec. Luwuk Selatan, Kabupaten Banggai, Sulawesi Tengah 94713, Indonesia",Kabupaten Banggai,Sulawesi Tengah,https://lh3.googleusercontent.com/gps-cs-s/APNQkAFvLtpa7Cfv4NEUsAL4e9jbMdnmeS1L32fLPnobf99_WFwpO5OmpS_w_UbUsEJMnf92tHWDTffAyiefcakGcGOgmXY8UZSS2zDx2qbAlxVwhDZY_4r5n-41SJufdeGecCV2Pgar=w1200-h800-k-no
Pantai Asmara Tapandulu,"8Q3J+P2M, Lebani, Kabupaten Mamuju",Kabupaten Mamuju,Sulawesi Barat,https://lh3.googleusercontent.com/gps-cs-s/APNQkAH8nNCW-P3O3VFgz8K3QtBjVZATbEA8rC_QyRhiORNlqyXyuDrUiVV8Jl4RcGHaPtVcLlh9IFIO19oNyiAySWiAYMKyTI1qH5YSxySKFQzkzsBgck7A_bxKE0szR2fcI9eVhJNrgw=w1200-h800-k-no
Pantai Sampaga,"M4QG+CC8, Sampaga, Kec. Sampaga, Kabupaten Mamuju, Sulawesi Barat, Indonesia",Kabupaten Mamuju,Sulawesi Barat,https://lh3.googleusercontent.com/gps-cs-s/APNQkAEhUl7Q00edL5JczeA54wFq_pi4YKPrSjysPzrL4wKQogKj8Khoi2Fw2NGR57XVOqi52GhsgWkbpu2g1b0d7Mp9WPJbGVqzvkoLqy-lG_yD4QltORcv7bTvXU6wQGlgST3KhKBnpw=w1200-h800-k-no
Wisata Alam Bukit Kappung Mammesa,"Lingkungan Panggalo Salabose, FX75+9VV, Pangali-Ali, Kec. Banggae, Kabupaten Majene, Sulawesi Barat 91411, Indonesia",Kabupaten Majene,Sulawesi Barat,https://lh3.googleusercontent.com/gps-cs-s/APNQkAF6paKZZttJoCT1MjiSrzFrYKudmxsVcNo-YXd350r_c3BJ_zb4HcPgDoNB593iO39_iAsUCq1Ivi_5NJ2A_SoMvWBOtNxFgErqt96ZaCzA3SVxfZI5ypFYloLuORX_CQan2FN8=w1200-h800-k-no
Pantai Kassi' Bumbung,"9VC3+87Q, Bungeng, Kabupaten Jeneponto",Kabupaten Jeneponto,Sulawesi Selatan,https://lh3.googleusercontent.com/gps-cs-s/APNQkAGQR3vIVuuNaA9ABx7789AgekUoJckzwjueH4XaggZi1ZvopFz13FdKijk8Xl5B4e2X6enYGxh5oPLtmzCBjzCXU5uA3Lcl4hb5NJijZf9x--5sMAAMXt4YAxDB-bTFSeRcnsQ=w1200-h800-k-no
Padang Savana Gunung labokke,"Puty, Kec. Bua, Kabupaten Luwu, Sulawesi Selatan 91991, Indonesia",Kabupaten Luwu,Sulawesi Selatan,https://lh3.googleusercontent.com/gps-cs-s/APNQkAG_gDATfPBwuSiSWnE69pGfABuecEbiFiS_wzAAjbyys2HnF_RmE4RG86e4fc3JxaKJE-CBzh4A5b_mdKjg33yWpYMVrC26zButaOjLcgstl0O_tkKiudNLKRjrjr7C-o825HlV6RFp9kk=w1200-h800-k-no
"Air Terjun Pomoman, (Pomoman Waterfall)","W9X5+H6F, Pomoman, Kec. Poigar, Kabupaten Bolaang Mongondow, Sulawesi Utara, Indonesia",Kabupaten Bolaang Mongondow,Sulawesi Utara,https://lh3.googleusercontent.com/gps-cs-s/APNQkAFlcBFCDtekifrNgoPKKTls9QXTnKO_AXYbxCDYVuj-lCPqGIbEECxbQV1tjY3vTDG7LHEhuSdVFzXnYS0njpjqhqlp89vIbn_LnJxd-Sb32f_ZMeHWRy9oH7Q4Q_j4ivgWdNvu6zUXFWgk=w1200-h800-k-no
Air Terjun Desa Pannulan,"QQ7H+69X, Laut Filipina, Peret, Kabupaten Kepulauan Talaud, Sulawesi Utara, Indonesia",Kabupaten Kepulauan Talaud,Sulawesi Utara,https://lh3.googleusercontent.com/gps-cs-s/APNQkAEUUrewMHk7MFJRYdDgYsTF5dz0MJV76v_DtbgFTRkxhy9YKTbvRede2Top6GzSbi5M1A4YILMiEp3zIBA7d02rEerOnRiWa05TvRkgGHpMZN-aCkMJ7MF5FjrzbnEyFQYgkhfskA=w1200-h800-k-no
Pantai Bahotonsu,"HVXF+GJ4, Bahoea Reko Reko, Kec. Bungku Bar., Kabupaten Morowali, Sulawesi Tengah 94976, Indonesia",Kabupaten Morowali,Sulawesi Tengah,https://lh3.googleusercontent.com/gps-cs-s/APNQkAEhUjvkrijk6RBrJ3eou-tgUl_ZeqEaIRnTP8jaNlJcP_BfiXOe0yMYHvmEzpl4SBIP9oOZ8kwPASr77AQIbhiwShZm50X15rR2Rnxuvk_JrU7c6rAehIbIh8AiXQK_szklMro=w1200-h800-k-no
Danau Lapada,"Q33W+6R2, Lamonae Utama, Kec. Wiwirano, Kabupaten Konawe Utara, Sulawesi Tenggara 93353, Indonesia",Kabupaten Konawe Utara,Sulawesi Tenggara,https://lh3.googleusercontent.com/gps-cs-s/APNQkAFZDolJf92MNbcITAOV6JjE10K30LS2-zKbNht80WBOpJQ2YPtceUmCGm4m31WPkUr9pZWjNZ1VPVA1n3roEzVqxnHO1pKjj8DgLEx4D_EO4858p8wu-udRl8YwPIdFSi8BxTxulOFPbWBR=w1200-h800-k-no
Pulau Bokori,"3M65+4JP, Sorue Jaya, Soropia, Kabupaten Konawe, Sulawesi Tenggara, Indonesia",Kabupaten Konawe,Sulawesi Tenggara,https://lh3.googleusercontent.com/gps-cs-s/APNQkAGvlPg7gaPTWFjJb2ywUUFaU58PQLvtwNyIQidWbhpU6T3zJPaofrQAD47dGlRfeSoZ8X3Kchi8R0Bu8pWIkfLSnkMfhxliO1HcIp9UcBpKCF-FwrUCqiTZXFxc5aMA0KV_lMgQN6h3D7I=w1200-h800-k-no
Puncak sunrise saloadak,"V99W+3H5, Saloadak, Kabupaten Mamuju Tengah",Kabupaten Mamuju Tengah,Sulawesi Barat,https://lh3.googleusercontent.com/gps-cs-s/APNQkAGinvfAf8HoXzilR8M5x-Luxmvw--mZAuDwrmnkyUGdIlnIRchw4WbJmS4Lif8hh_3MAw8gIT1U-OjYElhONONf4I7sDAGnJi4LQfk3SGF4DuFV5NS8k-qsKG6CImgW_WK9vophB3DLpws=w1200-h800-k-no
air terjun tiga lantai,"FVRR+88P, RW.pammelangan desa, Bonto Rannu, Kec. Sinoa, Kabupaten Bantaeng, Sulawesi Selatan 92451, Indonesia",Kabupaten Bantaeng,Sulawesi Selatan,https://lh3.googleusercontent.com/gps-cs-s/APNQkAFh7dZh1tLVCR-W3t6xVZ4q64TQHyKo28jQBDYlRUpbRV3cyP4gRFZ1P6bOsYhY3OFSuL-EmOWdN6wd1McnhBKcsqsLdwHAeIkmSmDwuP-REuNUnJsfs5ETPPy90syXIniQKXoGZL_uU8vJ=w1200-h800-k-no
Gunung parimata,"Unnamed Road, XW93+MX3, Tallung Penanian, Kec. Sanggalangi, Kabupaten Toraja Utara, Sulawesi Selatan 91852, Indonesia",Kabupaten Toraja Utara,Sulawesi Selatan,https://lh3.googleusercontent.com/gps-cs-s/APNQkAFag2tQDR6PVpmNPSpd6hZAc1awCduU2oTfLe-ilPyig476M_mACtWB5Ygv8-MOG3XKrKEjBPHcaKS_C_waWcf4ViP07JHQZ1PIAu1twNZFqaB5ZE8NZDssjkYWfm4Y_KfMNQusqA=w1200-h800-k-no
Buntu Tampo,"Buntu Tampo, Marinding, Kec. Mengkendek, Kabupaten Tana Toraja, Sulawesi Selatan, Indonesia",Kabupaten Tana Toraja,Sulawesi Selatan,https://lh3.googleusercontent.com/gps-cs-s/APNQkAHCbsAPZQ7xpzEuBY8rkgQaRUca3CtKnSpCc1ZTCgl9VRYcNoS_wBxwuUcwkbOoH-57nmI2nHG2djUuIOrvbKGLGLbqKNNGtrlpk8QXhYwOp9j3Ke5h1MJutGi-WnzFBBFv9w=w1200-h800-k-no
Puncak Bora Palopo,Murante,Kota Palopo,Sulawesi Selatan,https://lh3.googleusercontent.com/gps-cs-s/APNQkAFiY0FttFLGZLUoXnNMtbuht1pMfOTUAu79eG-tcFQKLG0ALOeCy1egWn45zIIIt2xMdAxmd9nVBAhyhqBK6cU3jUA25-oHBBKyB2aRA0199EzaxP3sXl4bX1rWkzz56oqenkm06w=w1200-h800-k-no
Menara Pandang Bendungan Lolak,"R33F+JX, Totabuan, Kec. Lolak, Kabupaten Bolaang Mongondow, Sulawesi Utara, Indonesia",Kabupaten Bolaang Mongondow,Sulawesi Utara,https://lh3.googleusercontent.com/gps-cs-s/APNQkAHNIMELoLk2On4iMyB8RuyNTQ7mwNGdQq4GQ69HvGheIlzsBia8QbWGVeFPxi_MDwtuMndTogAB3nFEysunEIMXHBk4VBDOJ2FE8uweOsNwCmmh0NQW9FHe9T7mqBlbjQyriXWX=w1200-h800-k-no
Puncak moat,"PFC3+HGV, Moat, Kec. Modayag, Kabupaten Bolaang Mongondow Timur, Sulawesi Utara, Indonesia",Kabupaten Bolaang Mongondow Timur,Sulawesi Utara,https://lh3.googleusercontent.com/gps-cs-s/APNQkAEONL5HbC786MXBQX6g1_U1hTQbpOhZ6N9bqcsVdc0YYA0EAF7lCpfewnBrfZipwp8WNEt3WKaFwQt9JAL3Cg9fxlybnx7pPH-E6a1-embzts_LEv9ncdzQBEkQVhStKwLQ-YKJe7isVH9F=w1200-h800-k-no
PULAU LAMPU,"CFXH+46, Posilagon, Kec. Pinolosian Tim., Kabupaten Bolaang Mongondow Selatan, Sulawesi Utara, Indonesia",Kabupaten Bolaang Mongondow Selatan,Sulawesi Utara,https://lh3.googleusercontent.com/gps-cs-s/APNQkAEBnwafq2dIKmrWnk06yWrStzXIKSCS4ftvSnEeh7M7XqN9InM3cVm0Nd5QHt5LzMuVUVETpEG-94Jp91QLgnAbA5b2mKXTjLme5lBhsnwOoSoUhH9iZIVKSxRp7ndoU2jZimVY=w1200-h800-k-no
Beach The Kalama Big,"HJ2Q+H49, Laotongan, Kec. Tabukan Sel., Kabupaten Kepulauan Sangihe, Sulawesi Utara, Indonesia",Kabupaten Kepulauan Sangihe,Sulawesi Utara,https://lh3.googleusercontent.com/gps-cs-s/APNQkAEYrUBpgQ-u9qdNetkCFB7uBrYf0Z3s7jyG1iaxMLejTpMiLRVw3SN14CtJ4sgP-t7pRBYlSKqFGpljwvPqxb4Bit-B37PIZsWo_f7_zHoFskcJfkHYU_KDOMhLhmp8JTJ7PJ8FHK0oCB7s=w1200-h800-k-no
Objek Wisata Pantai Mangaramba Beach,"4RG2+M79, Pulutan Sel., Kec. Pulutan, Kabupaten Kepulauan Talaud, Sulawesi Utara, Indonesia",Kabupaten Kepulauan Talaud,Sulawesi Utara,https://lh3.googleusercontent.com/gps-cs-s/APNQkAE47t5wg0fK6A3gaK8l5RxJkPzKn8denju1rHPCVbMN26yBzJ32ubOMife0hgAtk3xm7Tm7p1SVjOCwRk6Forb929ElIMhFMr6Ej34fzALxZKXcCcOO2dgwKYDKjWTS1XtrqP26=w1200-h800-k-no
Goa Tu'a Molangke Tombiano,"H25F+6X2, Tombiano, Kec. Tojo Bar., Kabupaten Tojo Una-Una, Sulawesi Tengah 94681, Indonesia",Kabupaten Tojo Una-Una,Sulawesi Tengah,https://lh3.googleusercontent.com/gps-cs-s/APNQkAGNT6yKZ8B7wWxchI_Us7-iX_OtLO_zaCr-cQiQL3za9-kK3yRQinwYmgt7Gnv5jFCBYN7dd8Q3csZ9A85NLYnGOC8X8ePEG8suQ2UqrTMeAvvuGN442nKSOwsDwJLB9ct9Lpk1gw=w1200-h800-k-no
Air Terjun Pandakes,"VG73+WJF, Unnamed Road, Paranonge, Kec. Ulubongka, Kabupaten Tojo Una-Una, Sulawesi Tengah 94682, Indonesia",Kabupaten Tojo Una-Una,Sulawesi Tengah,https://lh3.googleusercontent.com/gps-cs-s/APNQkAFXpKj-f_TK60TGPIVQZwqvQqh5i7NTA_7hQ4J1ydHXE0Yu0AUErxjxZySdxs_mCMRUC40sm2X90b-uPs2qu5pyEEEK-w6F2-vxlR80zN_QuypbD_CMZlLVuWUlLUfPu_7XgbeP=w1200-h800-k-no
Pantai Kacili Surabi,"JVC9+MC, Wosu, Kabupaten Morowali, Sulawesi Tengah, Indonesia",Kabupaten Morowali,Sulawesi Tengah,https://lh3.googleusercontent.com/gps-cs-s/APNQkAHtrdlKEAujwpSmMupXPMjDhRn_GB6yLmG33zahIo2kXrTmQkpvuCIaOHyNqJvEfIT1UeEECESp2FtgOUD1biDhmcKKsNpRBBOVpkenafk5MXdf3LQhWetofPVbTfN8ljQ4K4m8OQ=w1200-h800-k-no
Wisata Alam Gua Pehabala,"RGCF+G52, Jl. Trans Sulawesi, Solonsa, Kec. Wita Ponda, Kabupaten Morowali, Sulawesi Tengah 94976, Indonesia",Kabupaten Morowali,Sulawesi Tengah,https://lh3.googleusercontent.com/gps-cs-s/APNQkAGk0FJKYVEW_95IXHpChpFHC5dqbllUwqF1f0iLp6Xs2DZi7wYXB6a9PTHWW1NhzR7-uNf4w63nv4xAA8q2QS93kmiDO-ZSjqzOxHLxSbj0NO4YFmzES3roOgbfEsXAl7jwKGOT=w1200-h800-k-no
Masjid ldii gunung jati kendari,"2HMQ+PQ5, Lorong timur, RT.01/RW.03, Gn. Jati, Kec. Kendari, Kota Kendari, Sulawesi Tenggara 93116, Indonesia",Kota Kendari,Sulawesi Tenggara,https://lh3.googleusercontent.com/gps-cs-s/APNQkAG1InXy-JhdDVvCsKJidjMfve3ItAb6eOx4oMmCF80NptTZ1ZFSi35rj8h60rTWwxM1zW_iv3SAyEh5OuCCWqdwvo-PUcJGpGPv699xop0B2aCQLNTt61Nnz_KNYSm-QuZWSDns=w1200-h800-k-no
BUKIT BUSEL,"9JXH+P9, Masiri, Batauga, Kabupaten Buton, Sulawesi Tenggara, Indonesia",Kabupaten Buton,Sulawesi Tenggara,https://lh3.googleusercontent.com/gps-cs-s/APNQkAGEEWOGrxgMOR4LotYuTQf1J0sTEBCdWiW3jGJ8wrbshAyhjPnX-Ki254_ppiR3OpOM-N_ndzQ4_BJTMfwAG4VP0Vdd3RlX2oeEYeB10LP0pkx-zO264GFprqBAHRNDyCNnY2JznA=w1200-h800-k-no
Pembuat minyak kelapa mandar,"FX7F+2RG, Jalan Pettaroni, Labuang",Kabupaten Majene,Sulawesi Barat,https://lh3.googleusercontent.com/gps-cs-s/APNQkAHM2F1lXFPlT-rGb4PTIfZpcb-0J-MneVJQ8B1HTzz23iK5BfTL_7Ztx5At2HqusMdIKrUmLqiBIbq2d4b0v5jEjnWJqWGeind--Hl9QXKoXqeH4Nn57QRL9k9NbUWvF0b0K7sv1g=w1200-h800-k-no
Wisata Pantai leato utara,"G329+24G, Jl. R. Atje Slamet, Leato Utara, Kec. Dumbo Raya, Kota Gorontalo, Gorontalo 96119, Indonesia",Kota Gorontalo,Gorontalo,https://streetviewpixels-pa.googleapis.com/?cb_client\u003dmaps_sv.tactile
Serambi Madinah,"G3M3+PW8, Biawu, Kec. Hulonthalangi, Kota Gorontalo, Gorontalo 96133, Indonesia",Kota Gorontalo,Gorontalo,https://lh3.googleusercontent.com/gps-cs-s/APNQkAFjUMrdydGz4arqrlVSmypD3KSm_3-HScJdi-uakKcPlJIk8Q8kJB-BNe43_4-FetDacPPtKeXG0mInYgwBfCeQHC6KJj-qhKoDS3RU0GQ4D_UGinLHRFEbESLof0ydFdPFxG4=w1200-h800-k-no
Air terjun Batu Kapal,"JM7P+74, Wonggarasi Tim., Kec. Wanggarasi, Kabupaten Pohuwato, Gorontalo, Indonesia",Kabupaten Pohuwato,Gorontalo,https://lh3.googleusercontent.com/gps-cs-s/APNQkAGdtEEwW6og7hB-8FWlA6swA_ZcuJ_NbMCNqtf9U_lxtA7n62fQQIYdRCCfoCZXilqq5zxYUfjnDO6OJrpy0UP9hHMjkgDZrRJCXYiHIad8bwJ03mUSeItj7ZpYmSlHBLKhC_g=w1200-h800-k-no
BUKIT KEMBAR,"HH2R+46X, Lemito Utara, Kec. Lemito, Kabupaten Pohuwato, Gorontalo 96468, Indonesia",Kabupaten Pohuwato,Gorontalo,https://lh3.googleusercontent.com/gps-cs-s/APNQkAH-qb3RToKdZHkjpMGeTgGluHkA0lZ3g8oZE3NK9IDSZdsX4QUn-bEZ-GBpqX5TvEXkbphEVPg3RWFXlhWLsxg6CmhRBUwD0lh37oMdlufYivp36A1vdLpkK9U6HV82HHM5LjD0=w1200-h800-k-no
Wisata Alam Tombalan Desa Komara,"JH2C+V3, Ko'mara, Kec. Polombangkeng Utara, Kabupaten Takalar, Sulawesi Selatan, Indonesia",Kabupaten Takalar,Sulawesi Selatan,https://lh3.googleusercontent.com/gps-cs-s/APNQkAHDN1I0kQvVEMSS-dGp2N4bfJqm6VPFMHy2qexl55UapSWqz4ffJYHv5B0_klXyYwzrANtuyvBAOPHMzIZBVqhmknPiTA5ruP_NrfpUHDAQOSGDzPofLUReDL5K_QIp4QpFJjrg=w1200-h800-k-no
Air Terjun Nepo,"RM9R+3F7, Nepo, Kec. Mallusetasi, Kabupaten Barru, Sulawesi Selatan 90753, Indonesia",Kabupaten Barru,Sulawesi Selatan,https://lh3.googleusercontent.com/gps-cs-s/APNQkAH-ftjz1yQIctWoa029ia__jrOVDx16zPZibcUv-CSHLgt7NLN5Hd9x1b9y1eC5KSF4HE9UfVO0-MOLJwc_HYS4Gz4aFOSaOo5C9wEU3wMjsAktqnDE1nVzhmd_3jIUOWk_U-Y=w1200-h800-k-no
Wisata Buntu Dengen Kambo,"Kambo, Kota Palopo",Kota Palopo,Sulawesi Selatan,https://lh3.googleusercontent.com/gps-cs-s/APNQkAEop42CG1JvHeSwSnoMH2z8ziDA6RZR7qNPIJNcL7G5vyJUg4J0groBG5QMI9TL9spovKj7zK-c2yPfDvyxbKQKzyHd5FQc1ZbroY9SChML6O3JBAtqyvzJFpGHCsCJ7H6HAhQ=w1200-h800-k-no
BUKIT DOA MERAS,"HR6J+PJ9, Jl. Raya Meras, Meras, Kec. Bunaken, Kota Manado, Sulawesi Utara, Indonesia",Kota Manado,Sulawesi Utara,https://lh3.googleusercontent.com/gps-cs-s/APNQkAEkZJnWmOJH1UU95hv0k_pAFbNhoKQMBg3AfTr9wnlU50iF1j-JXq59V3GGiCE89vfeOVWjwFZzhHALkMFSaZLUSFCTWoVN43y20NVhmPaAAZFY-dB0oZhOBK01ETT-Hvu6BvYp1HiV02-h=w1200-h800-k-no
Saliran Beach,"Moronge II, Kec. Moronge, Kabupaten Kepulauan Talaud, Sulawesi Utara, Indonesia",Kabupaten Kepulauan Talaud,Sulawesi Utara,https://lh3.googleusercontent.com/gps-cs-s/APNQkAGFNpMQ5CEhmZLnNsIsgNav8pCfZGFM9Iwt6eQ-a29KxsQChMkgDYPzuP4Pl33Zldtpc5u3BP-qCY1xMa-vlxq5a-yXYY6H-ncgNZn6lWRE7i7cLSzKt1JoGINMQRp7akqHHDbr_X8BZ-f0=w1200-h800-k-no
Air Terjun Pangasintoli,"6PQH+9VQ, Lumbudolo, Kec. Banawa Tengah, Kabupaten Donggala, Sulawesi Tengah 94351, Indonesia",Kabupaten Donggala,Sulawesi Tengah,https://lh3.googleusercontent.com/gps-cs-s/APNQkAHzWHw36x4tqGKiGrnnFh3Qt1nXPnQHqs6P-eAp9kilfAperaQ9Q7OmAmSnCRj5XUw3cIY972nW6wzDOH0lrZ9oCzEm0YJH3MwWg8oaYvuNN5B_JTk_Yi9lVm5Q1NdwExeep_CH9w=w1200-h800-k-no
Wisata Pantai Bahumbelu,"RM8M+6RV, Umbele, Kec. Bumi Raya, Kabupaten Morowali, Sulawesi Tengah, Indonesia",Kabupaten Morowali,Sulawesi Tengah,https://lh3.googleusercontent.com/gps-cs-s/APNQkAGqzhHuuVh1A3SdHcB1LmtzZNWLejQIpTVec42hiC0txI_7Agfv5YbXqPdiSLEsFC5GV5RHcaffQYWrhw7z3F8SFh_YhK86nnMPnp4YriNAx8G7MZ_fvsGB6FAfEhq4njPLrs1OIw=w1200-h800-k-no
Pantai bobolio,"Q2W5+J87, Jl. Sawaea, Bobolio, Kec. Wawonii Sel., Konawe Kepulauan, Sulawesi Tenggara 93393, Indonesia",Kabupaten Konawe Kepulauan,Sulawesi Tenggara,https://lh3.googleusercontent.com/gps-cs-s/APNQkAEkYqN-O5YZWLfZBXjprv9mErq1SXe3RWGsm_SO6PYLSuSKrylmpakAF8bphCi7_N3cwMyiYfalUw15sUYnCPu23vVKUjf_XjlB1WVLLTQIyHV_A-7uCK4Nb0mI751XC_8vFgSl0Q=w1200-h800-k-no
PUNCAK BAYY,"WJQF+H84, Unnamed Road, Balandete, Kec. Kolaka, Kabupaten Kolaka, Sulawesi Tenggara 93561, Indonesia",Kabupaten Kolaka,Sulawesi Tenggara,https://lh3.googleusercontent.com/gps-cs-s/APNQkAHgImdQnIY6Rj-vHp5DjjE3kBG6aMUSdGZfUlTtRo9Rv1P-5Xdi-ASzGEwP9t4QbFgsLzeOTUJHM3bTlIi1QWqHbkkt5cDj8xRvffLAC116RFbbTCyKcKbXTjDSCaIFkfze7VrDLA=w1200-h800-k-no
Destinasi wisata Pemandian alam Telaga biru,"7MXQ+F7C, Tete Haka, Kec. Tontonunu, Kabupaten Bombana, Sulawesi Tenggara, Indonesia",Kabupaten Bombana,Sulawesi Tenggara,https://lh3.googleusercontent.com/gps-cs-s/APNQkAEFl2R5vwGB21vOTAgaHoswR_SJ0bEZWmNlHXXNgX4NbBvEIJqmCRsg07y2JL2WqpjJd9T6Pls3NMVzUVSJkS9QwX_47GBcoaKwPiMHlUYAB41CEV5s4q07yttQKiviGItSTSA=w1200-h800-k-no
Pantai Ambabe,"Babana, Kec. Budong-Budong, Kabupaten Mamuju Tengah, Sulawesi Barat 91563, Indonesia",Kabupaten Mamuju Tengah,Sulawesi Barat,https://lh3.googleusercontent.com/gps-cs-s/APNQkAECXo6K4d5SMAxLV48U66CUUbQJfwk2BAKjyXdJivjBTTx7sat6Cv1XN4w4dqy565FGF1rIBNp0i-SP9_MGH7QZMcO-SLuqqbwALxvKp60AV7Kv00ZdNXjmXt_mj1u8mQfFrTBxHANppTt4=w1200-h800-k-no
Kolam pattirotiroang,"M2J6+5VX, Bonto Tengnga, Kec. Sinjai Borong, Kabupaten Sinjai, Sulawesi Selatan 92662, Indonesia",Kabupaten Sinjai,Sulawesi Selatan,https://lh3.googleusercontent.com/gps-cs-s/APNQkAHSvXjPZW-4aaA_AAUHE0C5uEqa1iD7LcVRV19rGXx8NsCSNSjyVpT2UQ95KnKeZsD_XkL6w8j7utZS5mfi3eitA9WrknsfW51QviClCioR8XG2oLbrSoIlY-yuUnfihkT16x4=w1200-h800-k-no
Taman Wisata Karangria,"GR6V+PMJ, Bitung Karangria, Kota Manado",Kota Manado,Sulawesi Utara,https://lh3.googleusercontent.com/gps-cs-s/APNQkAFJR1dtRwLEwoiIrtjPoUhT003XT_X7Wqnt8VYIHHgUIpNMyQsW_Gu9qJUaT8JcggjI1x4I8PgPNPzktvDIG7ZiEYhG060knVuXeXbyESCYy8pU21uaVdW1hnrmnq8skq2Bn2qz=w1200-h800-k-no
Otalojin (Batu jin),"W476+H9F, Kota Jin, Kec. Atinggola, Kabupaten Gorontalo Utara, Gorontalo 96253, Indonesia",Kabupaten Gorontalo Utara,Gorontalo,https://lh3.googleusercontent.com/gps-cs-s/APNQkAEKIeqlIpN8Y7st0bKvxEaUhIqeY1WvEELYKQmyf9UbW0WV2wCA9iTTMPm9ZAqaAh8a7G5sAoZJ9jDln6ybZkDReoYIhZuMv-Ql0Cgd6NhK4lmd-ssVO1C5Uo-m4ovVZO5jDEwL=w1200-h800-k-no
Pemandian Lomboan (Nonulo Bahari),"Lomboan, Gansal, Kec. Tinangkung Sel., Kabupaten Banggai Kepulauan, Sulawesi Tengah 94885, Indonesia",Kabupaten Banggai Kepulauan,Sulawesi Tengah,https://lh3.googleusercontent.com/gps-cs-s/APNQkAGpqybfnEkizT8AbEb79RLRQzj5WoXrvM44NYeDFASIk6Ww94OsTNrAVH0AloA0wVfNFM1vyUC6Gk7zZKjAY6j-cUd-UP9PCyGmW0J8yjKokW7TS71YYVEclMl1cSFWWDiySiQ=w1200-h800-k-no
PANTAI BONDU BONDU,"PVHP+QFG, Tue Tue, Laonti, Kabupaten Konawe Selatan, Sulawesi Tenggara 93892, Indonesia",Kabupaten Konawe Selatan,Sulawesi Tenggara,https://lh3.googleusercontent.com/gps-cs-s/APNQkAGvCFt8PReQhvVXOVCB6YsRSroK0Oy-Odc6okV7N8VfcZXywsKbysaIlpsjw_8FJKagaDLL4YfxlJJURlut-JD5DiacsB7Spz1W1bYruwuaTP7aaAx07dbjJtx3NxL0p0J4GvCw=w1200-h800-k-no
Pantai naina desa waturai,"R58P+FR, Waturai, Konawe Kepulauan, Sulawesi Tenggara, Indonesia",Kabupaten Konawe Kepulauan,Sulawesi Tenggara,https://lh3.googleusercontent.com/gps-cs-s/APNQkAF-wql0F441fD6Gy2IlqIte_gBYmN8aEtvY-UYKF1ldQCpdXN-TTV5CUQWAlbjSxPoMsWRbD2HKD3HzsFuElq7n4CvuFTOG7iH0yu8evrL0cNDM5aFf-KhRaruI5q6MnN1vrdxn=w1200-h800-k-no
Buttu Pamboang,"Buttu Pamboang, Bababulo, Kec. Pamboang, Kabupaten Majene, Sulawesi Barat, Indonesia",Kabupaten Majene,Sulawesi Barat,https://lh3.googleusercontent.com/gps-cs-s/APNQkAFezyGoApOwuKnwh4rrA329EWCGqmQZ8045iQtNU-xyqVv2ls5BzR5Nm4VtQqMiYtNIFUGasFFFzc8Fib8BrfyY24MJ1nb717oKw1RPZmnOEP8zG5DgXKckk5R-FcAGto6uPYv-=w1200-h800-k-no
Bukit Safari Luwu Timur,"Puncak Indah, Kec. Malili, Kabupaten Luwu Timur, Sulawesi Selatan 92936, Indonesia",Kabupaten Luwu Timur,Sulawesi Selatan,https://lh3.googleusercontent.com/gps-cs-s/APNQkAFu477EFK6MdlKZ87RQ8dKT0AbMEeCD3DPSZVWhrplkVCzJSATVJPDKI7A-8KeLKPdqxkJZOzS4z5Jr-l_JT9GeeqnQYHz8COMilQn1USDMmxTF3tp95Jn6tH97M3Y-0z4eRyFU=w1200-h800-k-no
Wisata Bukit Asam sibedi,"2V72+42W, Sibedi, Kabupaten Sigi",Kabupaten Sigi,Sulawesi Tengah,https://lh3.googleusercontent.com/gps-cs-s/APNQkAEMo7Wjmvn6oJ7qhMBr-1wpkmG-L-Xf7GqZtp9dEe0uBwhPoXKvWQb6hGsrMVpDstJ_78tjmU3lGeu1uBwKg8X9RqkzyT6YB5rjwXBjdYBzkrff98EW584gFAeR8ydS02A93TdV=w1200-h800-k-no
Pantai Ombuo,"Pantai Ombuo, Nyiur Hijau, Bulawa, Bone Bolango Regency, Gorontalo, Indonesia",Kabupaten Bone Bolango,Gorontalo,https://lh3.googleusercontent.com/gps-cs-s/APNQkAGCRr4zdudV6uFtwjRfuEvzeBNQRNrynYtHssC9iMyJy_F26hR7woWSwGJmY4QQcVdFxItTs6vGloWpzBZIKwh2ANTsJYlTVnXSIQXer1SPjzIV7F3fV5T4sZNuLxRAQWzbNI8=w1200-h800-k-no
A.M.R Shop,"Jalan Maccini Raya Blok A 7, Pondok Indah",Kota Makassar,Sulawesi Selatan,https://lh3.googleusercontent.com/gps-cs-s/APNQkAGZItjDM4v6HMcRJsk1Pow4ncyQeJgYzESJh93DqYVh0iimXR-gW5r90cNOnYofzXvCbmcM8co35p9-4shCBMkzb_lipElEGEwztSP9NXHhLSkdhujlcTACguDbjW6kbWkpjxC4=w1200-h800-k-no
Bulu Lompongan,"Bulu Lompongan, Alitta, Kec. Mattiro Bulu, Kabupaten Pinrang, Sulawesi Selatan, Indonesia",Kabupaten Pinrang,Sulawesi Selatan,https://lh3.googleusercontent.com/gps-proxy/ALd4DhG6u1X2d6qH5VKFkHTK5PBAhIfTGZ4N35EueFObo5fQpYDun4menxVOYa069TldEIIDKiIKM7OO00MXPVrxG9x6tZ2ytZIfamKRHfjvdBadJPcTQ_9MNT4T1OLS8sfzR8BexPbKPFuB2R0fT0-cO-1fvFq1ORVn-oFRZEzehH3bm9QauRr4KW9PjYPSW2LxckNGyw=w1200-h800-k-no
Puncak Gunung silanu,"FH4P+VGQ, Gn. Silanu, Bangkala, Kabupaten Jeneponto, Sulawesi Selatan 92352, Indonesia",Kabupaten Jeneponto,Sulawesi Selatan,https://lh3.googleusercontent.com/gps-cs-s/APNQkAHyUqdn8v6f1a6YLLCxv-7m7vOyBeVSBg31Evqo5_OdGjmEgaTSz3ZDnrSrjuUwR4GzYsQ_Q2hkY9rs5ZvVGacKy_pnZr8w6wJ6UPlCwfDmrVWFgy6stnyqzm2WxYYPC-AqyKpi=w1200-h800-k-no
Nagara Swimming Pool Bolmut,"Jl. Trans Sulawesi, Mokoditek I, Kec. Bolang Itang Tim., Kabupaten Bolaang Mongondow Utara, Sulawesi Utara, Indonesia",Kabupaten Bolaang Mongondow Utara,Sulawesi Utara,https://lh3.googleusercontent.com/gps-cs-s/APNQkAHaJWyavWeOEP82BQCaX__eN5K1M7YzprcSsKOyCollwW66MSnHGFa2mr9rCZJXAARN_L3c6L5eTJc8Ush4D5Zjqte_24NTAq8L6RzakHTVwGAwK9wd-6zdYLauXUgjOPsOFTHeGw=w1200-h800-k-no
Pantai dewi,"WM96+3F, Wawatu, Kabupaten Konawe Selatan",Kabupaten Konawe Selatan,Sulawesi Tenggara,https://lh3.googleusercontent.com/gps-cs-s/APNQkAFikExGNmBvA_XaKzh2Zui3SgPoBJ7f9-OOQzE62N95Cd1YnCn-9U3Twg-BnuqaTC0yc1rhkv59x1uZ_FbvgYiHGxN1r1RX4kOsYeWs4IU2zl_wyLcl8kKN4TXHdLMDn0iCUpE7lw=w1200-h800-k-no
Pantai Pasir Putih,"7HWF+459, Tamuku, Kec. Bone-Bone, Kabupaten Luwu Utara, Sulawesi Selatan, Indonesia",Kabupaten Luwu Utara,Sulawesi Selatan,https://lh3.googleusercontent.com/gps-cs-s/APNQkAHSiX9U6NMDclYUhb6OTLpHYew_j9tsmpMYIXwQinhw1F0D9aEHRNrbmTzgFF5Jh5X1qTzGScUgAugvTwXnicffbZphE575AIw9JUmBZez2rQ-al6I0mRxgrAMltXHHQs9q770Cfw=w1200-h800-k-no
Air Terjun Larowiu Meluhu Konawe,"762C+WV2, Jl. Poros Wawotobi - Lasolo, Meluhu, Kec. Meluhu, Kabupaten Konawe, Sulawesi Tenggara 93352, Indonesia",Kabupaten Konawe,Sulawesi Tenggara,https://lh3.googleusercontent.com/gps-cs-s/APNQkAGuRTivP25zkYkKN-xjjoO6-dx6evl8aEhIyyY10WhTSYuGxNDqg8Mcer5-77iceTeBkCMPQO4OzWKzuXhj-1QMsXllz_oE4C66Xf2FFO8YfULXEaDQmrWC6oGVLFrgtl5O66wriXWggp7u=w1200-h800-k-no
Empang Pariwisata Isma putra,"C5J3+J89, Unnamed Road, Jalanjang, Kabupaten Bulukumba",Kabupaten Bulukumba,Sulawesi Selatan,https://lh3.googleusercontent.com/gps-cs-s/APNQkAEJRl38ijM9CssWnyP0ai8dm4C_3j-NecLFEBkFVKfHUO3gQ91Aio3mS6Wj-wmgK4mk60CRyahR9YUVHzJf1fNlj_D9W8__eS1m-2QHM-I1iizLqY_aWSG_nr7LkHgSBomSnmX-=w1200-h800-k-no
Air Terjun Sarambu,"G679+RP6, Kaladi Darussalam, Kec. Suli Bar., Kabupaten Luwu, Sulawesi Selatan 91996, Indonesia",Kabupaten Luwu,Sulawesi Selatan,https://lh3.googleusercontent.com/gps-cs-s/APNQkAHTkE4mEbqrCG7JYxKlGuMo3qZUV-Pg0MLnOlywfnuIAROMuat8lTSkWIkWaPJiHLxWWo_Jkqs40mVvh4tdIQfN7orO6RqGvA2v5UIkJdSNd5bzkFQPaT5UwTMg2tWU5Wij_mFw=w1200-h800-k-no
Wisata Pantai Pasir Putih Wawontulap,"Wisata Pantai Pasir Putih Wawontulap, Pungkol, Kec. Tatapaan, Kabupaten Minahasa Selatan, Sulawesi Utara, Indonesia",Kabupaten Minahasa Selatan,Sulawesi Utara,https://lh3.googleusercontent.com/gps-cs-s/APNQkAHkM3gQUkbHm76bK070SA3hbGTVuEJEWhDmSD0mWtM_odRtnV45We6CnUpOMHw9TomXWvCo-yV8uPKmlbxSHDLEHFFt0kxE30adQKRhN_gZossvllDucsAotEld-0wswETMARghvg=w1200-h800-k-no
Danau Salendang Popidolon,"C62M+W8W, Popidolon, Kec. Liang, Kabupaten Banggai Kepulauan, Sulawesi Tengah 94883, Indonesia",Kabupaten Banggai Kepulauan,Sulawesi Tengah,https://lh3.googleusercontent.com/gps-cs-s/APNQkAHIjLAjr0eoOm2pCp--ACqRt_bag8oiDgGOn8g0wFYNhL77j3a3IdZKFqvI2J1qwdnpo2CSRfxEhEBV3dIas44pMURWqvAjNBXI7dcsva1k7CyFhLOmeJINbT1uJVSAzMl2Eh4=w1200-h800-k-no
Sepeda air kendari,"2GCV+6WR, Kec. Kendari, Kota Kendari, Sulawesi Tenggara, Indonesia",Kota Kendari,Sulawesi Tenggara,https://lh3.googleusercontent.com/gps-cs-s/APNQkAG8NxrVB-mfAbLCa4EY5nu51AyGjKKvpEN7_ddKko-mnb9nTmYet2ffZZyJB4W-2gZO03uoZIIhx0ovoNxEII83iWAG_2aa9w53EWEG7zWMCTuQq83qs9eUsp582VAlgZPawjS2Lw=w1200-h800-k-no
Pantun Ikan Wisata Pemancingan,"H6RV+733, Unnamed Road, Tumpiling, Kec. Wonomulyo, Kabupaten Polewali Mandar, Sulawesi Barat 91352, Indonesia",Kabupaten Polewali Mandar,Sulawesi Barat,https://lh3.googleusercontent.com/gps-cs-s/APNQkAHk7dp9pBG8K0duge1dRl3vMeHRekBym8ele-ea4Wy-EYqSD7-G7iDBxdBrqYx-b7M9zu_yJAeq3Ct7ZqtMAl31QKsiVB_fVfC39b_5umR_U5COvswDpUEFfwxkP-goa-HjWNlz=w1200-h800-k-no
Air terjun Saluntere,"6P3V+V5, Powelua, Kec. Banawa Tengah, Kabupaten Donggala, Sulawesi Tengah, Indonesia",Kabupaten Donggala,Sulawesi Tengah,https://lh3.googleusercontent.com/gps-cs-s/APNQkAHdS4Mw2ZzAtJfaCtnlZYGYUMSVnYPygrQmhZJKTCk7VPsl3cveCDtLwy4YKTliqkO4Zi-p7hGtmraI-SQ8sN3JlgNeFChp87GEZ1A1NMU3fCOeB8BwZ2kkI-mKDyTLB6PXSk3b=w1200-h800-k-no
P3A Turikale Soreang Maros,Jalan masjid Raya Barandasi No 1,Kabupaten Maros,Sulawesi Selatan,https://lh3.googleusercontent.com/gps-cs-s/APNQkAFyxMb6p94TCs7nLCmJWLoJQN4UyWnMkAaJ5i8t3rK7Qif4tUstVyC7SaLznmpfuyekcVTG_lo3QHcFAELL2EYAGpi5TTLl18GveOa2Ar97H-zh4C716o3jriyr_0INR0Rv8wa01g=w1200-h800-k-no
Wisata Bujung Mattimboe,"Nepo, Kec. Mallusetasi, Kabupaten Barru, Sulawesi Selatan 90753, Indonesia",Kabupaten Barru,Sulawesi Selatan,https://lh3.googleusercontent.com/gps-cs-s/APNQkAET2ae0rbRbErGJoY4ySeZwpodIR99kIKKFUNrCmSMxgWzOKj0KWrnrBi2cxO16hkWnDi0ZGGMurUZ-1MCE27q8hnJXE_1tm1Owkt9t9pO31yZSGynKP68MKezfplQlvYI8d_de=w1200-h800-k-no
Wisata Gua Panincong,"Panincong, FPP9+46J, Libureng, Kec. Tanete Riaja, Kabupaten Barru, Sulawesi Selatan, Indonesia",Kabupaten Barru,Sulawesi Selatan,https://lh3.googleusercontent.com/gps-cs-s/APNQkAHZDBziv-7pY3bzBT37fB5hdtHkE-3m9W0KClTEV-l4PN04L_BLhlBJCctzfF8TXfEd9gJ5SaRPeqWPSeln6UM1fhgp5PNnPezK131Oed8LEh1FDmVU0UXMQwgaP4-1AcnMVCOl-XXzYHki=w1200-h800-k-no
Sungai Pulau Bongi,"82P7+C77, Tanatoro, Kec. Pitu Riase, Kabupaten Sidenreng Rappang, Sulawesi Selatan 91691, Indonesia",Kabupaten Sidenreng Rappang,Sulawesi Selatan,https://lh3.googleusercontent.com/gps-cs-s/APNQkAHQafBOk7QMGsqss9wQkrn-39bAZJensDD87DJFQFeLgmZMvghfSyMkDIxzbHbkz_qcNolE2IgIv0RQXBeXE30esMxCyq-HYmB0mJlatRz4CEH8y-Pf4q3nUGV4LiBisTJf34RnfTolbB4=w1200-h800-k-no
Pantai Desa Babana,"Pantai desa babana, Babang, Kec. Larompong Sel., Kabupaten Luwu, Sulawesi Selatan 91998, Indonesia",Kabupaten Luwu,Sulawesi Selatan,https://lh3.googleusercontent.com/gps-cs-s/APNQkAGziPUi4AZ57yAUnemiwOHI7ATg3NkbR-XyckyD4Erlam6o8EM4kE_ym7sT5_aR1M2-rJPEnmglvnQkz96c0nQOqf2U654BwxLqcZUONZjANptjWg6dRoJktWoGMpfyll44wJE3QG-JywRq=w1200-h800-k-no
Kolam pemancingan keluarga H. Jafar,"3V63+MF, Empagae",Kabupaten Sidenreng Rappang,Sulawesi Selatan,https://lh3.googleusercontent.com/gps-cs-s/APNQkAFH-CrL8inLXvSh-JpbrMKH6_R41anOTZWSaaf9PGwYF8C0lj8MVOMn8ftTwg7XMIUFSa72V_MLPo5cLN3EKPpHwvkTXjLCOr038xCOvDsZO9wCC9U9OmDnEkWUlmro_RgnuKs=w1200-h800-k-no
Bubung Cellu,"Jl. KH. Syamsuddin No.63, Toro",Kabupaten Bone,Sulawesi Selatan,https://lh3.googleusercontent.com/gps-cs-s/APNQkAEaBomfU6NjheWHJlYxK651NdmKadpUiUeEcjX66NVyJB2u7TsdU_R6gzrRqalm_tShCiOciqk9W3M_VJlD_JtaZkcr2dcR6p4dc_WNPaJeYAabmJNnZMJQm5JogrU1LjYV9PM=w1200-h800-k-no
Pantai Ujung Kelapa,"RC4G+W6Q, Bontoborusu, Kec. Bontoharu, Kab. Kepulauan Selayar, Sulawesi Selatan, Indonesia",Kabupaten Kepulauan Selayar,Sulawesi Selatan,https://lh3.googleusercontent.com/gps-cs-s/APNQkAFh9KcdMd4IMg0Be8o5osRucJKendJ-3t33dgxcrv1DhTQqFGdf1TkYuqFwK9xZF1f3e5r612zOnEJ8SScRhC-wbG8u1OVqbhbVG5cM5rtnROSqdAk1yDgaSx6Ur8mNp5-tZVAjWErZ8_qX=w1200-h800-k-no
Hutan Mangrove Gusung,"VCMG+499, Bontolebang",Kabupaten Kepulauan Selayar,Sulawesi Selatan,https://lh3.googleusercontent.com/gps-cs-s/APNQkAGBhYH5W_vG9zlJo58e9wGX5HQ86fnKlJxPDme2GQkTjpz3vggGdVLPxDQelRsf-7bMOMcL4ejW2rNl1SwtaI1HSK5i34NNpWa1wKXOhLnYI98x9CiEnc2D0u7C6bDzEX0mRCLV=w1200-h800-k-no
Bukit penantian,"MP75+W3, Bau Selatan, Kec. Bonggakaradeng, Kabupaten Tana Toraja, Sulawesi Selatan, Indonesia",Kabupaten Tana Toraja,Sulawesi Selatan,https://lh3.googleusercontent.com/gps-cs-s/APNQkAEu4QSGWbO_m5UUv__hHr-5A8nrWVF-mMvF1iiV25Rit1KgA0vzNmFF8h_c-t7Xvtfp9omfJlixPBQluJIxawoT6ypqBe8IlUtZ5yFapNVqRXBMd7rrHK7nlC3UIxxrwHMYK2nZ=w1200-h800-k-no
GUA KAMBUNO,"XVFH+767, Sarira",Kabupaten Tana Toraja,Sulawesi Selatan,https://lh3.googleusercontent.com/gps-cs-s/APNQkAFYdOifrI4hAceEsNroXnnMqa_B4yM4walkEPTU_xDp_9VK2aQGSD9jyEWa36IC8F98zCn1-wFTH8ttO9m7k40ywkz9BW-vG4TvY0oDdwMrqBpMVIDOiOPXPNHHyNbnxYZDtWCz=w1200-h800-k-no
"Tongkonan Banua Sura', Limbong Ba'lele","2.969724, 119.891231, Mentirotiku",Kabupaten Toraja Utara,Sulawesi Selatan,https://lh3.googleusercontent.com/gps-cs-s/APNQkAEnotwUHuFHy6bTCFWWR-DmY6hIAjVPfrFQz7OAXAo5Lxna5qZILPgowuUzTwWkh9DlJAgBHqIYfqMOsL0YLBvE-6EFBm4IkQkGRdzPCgd3Dg9eF0Lj7x4GSEQaR_aUM6y_mipDCg=w1200-h800-k-no
Buttu Saletta,"Buttu Saletta, Tindallun",Kabupaten Enrekang,Sulawesi Selatan,https://lh3.googleusercontent.com/gps-cs-s/APNQkAHz16WyH5nH7rNpfldLZhJrXHN9KzhLDb1cIpkcMVN-NT-fBoW8r_JnLP8sJK5crXhxZlEUcfigAGOrW4V1YNru9BJRR7WiGL7bCeplXoHE0FyXcE5oJl85sdEGdWYZXyDfIGkt=w1200-h800-k-no
Kebun wisata strobery naylan,"HV55+2F, Parinding, Kabupaten Enrekang",Kabupaten Enrekang,Sulawesi Selatan,https://lh3.googleusercontent.com/gps-cs-s/APNQkAHEXuxqoWD3FLePKF9bAyuhRUV8fTcLrFLyTtCPkIGuWl_0m4jS3P4Q66upqImjCbuHCT4WEKE_0NePGQP__VZusHPcdV4xqdNeOCdyK1GsimpFyRUkk7pNY4gSVzMeF2NzQFxd_g=w1200-h800-k-no
Gunung Tabor,"C75P+W74, Tabarano, Kec. Wasuponda, Kabupaten Luwu Timur, Sulawesi Selatan 92983, Indonesia",Kabupaten Luwu Timur,Sulawesi Selatan,https://lh3.googleusercontent.com/gps-cs-s/APNQkAE52s1u4TnEPfB6SD5at5FHOds-P_9rFyH-UugQOaPH68O07Kza-WJMZhz1PZUU5WL_KQCYJ8mLFS3BsevHSsIGBktTKRIeFaXwes7k0ERk3m8nONpYEGZQ1uKj-sIKnF6xwUbSXA=w1200-h800-k-no
Agrowisata Kebun Nanas Ponda'ta,"C75P+49, Tabarano, Kec. Wasuponda, Kabupaten Luwu Timur, Sulawesi Selatan, Indonesia",Kabupaten Luwu Timur,Sulawesi Selatan,https://lh3.googleusercontent.com/gps-cs-s/APNQkAHnWyDnBnKCAWwbVqP9A7Bu-OFMq7F8qlZDrBaN5BSIYf-rCL03Q8O0MnZ3bniyU4aSza4y7IsIMxf4xrp0HrVTrn06eMTQSUFiIbnk6heU8C9gm5TyfX45y5ad7yU6L13u6UYYiA=w1200-h800-k-no
"Pulau Paniki, Desa Kulu Kec. Wori Kota Manado","MXJ2+C4C, Kulu, Kec. Wanea, Kabupaten Minahasa Utara, Sulawesi Utara, Indonesia",Kabupaten Minahasa Utara,Sulawesi Utara,https://lh3.googleusercontent.com/gps-cs-s/APNQkAFNCeeGZ_9JftHZ5CmV8NKtGxDwEhLjANs9f27npprtru_Kn1cjlHGUgNJ9ntxuZDIP9mB2R1THe4JcI-_oNjhxPtSyUznp1_LuvHM-iFqc5k8e6ckDWULaDdEheBfAR48hvYcd6f7486Pc=w1200-h800-k-no
Confident Shop,"Jalan Teuku Umar, Motoboi Besar",Kota Kotamobagu,Sulawesi Utara,https://lh3.googleusercontent.com/gps-cs-s/APNQkAEXotEZOPRvKMVOjT7fwvLF5fh5vwMAORRmh2M3GPlLRoRvo8aHYbkHEFShQY0yMRULIlJPfVDYl80fqIayffyXXWOvQlX-Ecqk3kQ39YIgfpuUxFmNqNguznfQYY2uflf1A1xv=w1200-h800-k-no
Inuai park,"R62C+HRR, Inuai, Kabupaten Bolaang Mongondow",Kabupaten Bolaang Mongondow,Sulawesi Utara,https://lh3.googleusercontent.com/gps-cs-s/APNQkAGP2BRxjpcwNNs8fuOxf1kYlkVstNlTE5ABfENRjzSSG70VxM5jOBv_lsVUUB6J1JjzbwEXqk-zDvdtwqBwCiYIC5nXM7vQVhtZsrC2Pc0msZ6s1birDOzL00dmsRxbB9esODKZgyR7cg97=w1200-h800-k-no
Tumatenden,"CX9G+W5R, Jl. Airmadidi Atas, Rap-Rap, Kec. Airmadidi, Kabupaten Minahasa Utara, Sulawesi Utara, Indonesia",Kabupaten Minahasa Utara,Sulawesi Utara,https://lh3.googleusercontent.com/gps-cs-s/APNQkAHZZkePqINfWaU62go1t0YdhT6WugDQAWWc0GqSCRJgjhpDcZ6er_PcccA9oKTfEPehNVrFGlAP9G1cwvIGRARACN776gAsRhpDz5IdPN_q7yhrXXsUEXGqqoc4x3k0FplDbjiDEA=w1200-h800-k-no
Puncak Rumochoy,"2MVG+6RQ, Betelan Satu",Kabupaten Minahasa Tenggara,Sulawesi Utara,https://lh3.googleusercontent.com/gps-cs-s/APNQkAE1_8-BM5UzzjhYS78l8WvdygudMGTLFUYKln3SfLRyHi2PuI-vDT1WGXruH4Q9lXKM811fpCsj-KZzvM85y8qMiX_ICxtj5t3fOIFBMIvTYVLl0l_7sl1aKCXJVtgiEvDDOQ2x=w1200-h800-k-no
Gunung Sahendaruman,"Gn. Sahendaruman, Lebo, Kec. Manganitu, Kabupaten Kepulauan Sangihe, Sulawesi Utara, Indonesia",Kabupaten Kepulauan Sangihe,Sulawesi Utara,https://lh3.googleusercontent.com/gps-cs-s/APNQkAHMiTvWrfoc8L_gzRIbHRfA4rlNSNx4Jr6HTp7lSAne_Gdr5DQOu6fK2Xcoxw_ZUQ91IgamP0HrzO_U7LRuXPBB9wwpyl0y_E2qdVwUcGtj_PbIMxLwa-YRWZd51pCfbcU5HZJH=w1200-h800-k-no
Bira Beach,"HH7Q+J95, Bira, Kabupaten Kepulauan Sangihe",Kabupaten Kepulauan Sangihe,Sulawesi Utara,https://lh3.googleusercontent.com/gps-cs-s/APNQkAFXRpH6ukTUC84sVKQuyNLGN-WRBeR2RWwg6ncc50NeybqslQTYEsMgbKaH41OR97corNgEclgmqKC4qMGwEPeMRtMWlXg40od26v4RihYXzPDH35NCdC4jUk53esB1_kYgqKBo=w1200-h800-k-no
Kuma Beach,"CPF4+696, Kuma, Kec. Essang Sel., Kabupaten Kepulauan Talaud, Sulawesi Utara, Indonesia",Kabupaten Kepulauan Talaud,Sulawesi Utara,https://lh3.googleusercontent.com/gps-cs-s/APNQkAFWqkVxkbnScpc9FjgNj3QUQzMac1GbdhzXFgv03qe0lKPqJAWdaP-KDmryvh2PvAhGtMbpj4ukU_r3p7YiUyrEqRKokrbU1-10AuQT9HzZ0dy2SLvEZlqk7zzSR3uXACcuHGzZRw=w1200-h800-k-no
Air Terjun Uedele,"J6Q9+7HX, Uedele, Kec. Tojo, Kabupaten Tojo Una-Una, Sulawesi Tengah 94681, Indonesia",Kabupaten Tojo Una-Una,Sulawesi Tengah,https://lh3.googleusercontent.com/gps-cs-s/APNQkAEpjRX4U2aWKR8V5qv4tUOds7JevVjMKpHd8hrX6fC0OHHqkRvookd1_jZvfk1LxmEE3T1Ku_ALpGFrnZwFHaANMLgkkGE6ua6OLI2KPsO6dxbJCr6hsvqI8MRKHgJIvPav87-FHATegFWY=w1200-h800-k-no
Air Terjun Pesak,"R9RF+Q6X, Ondo Ondolu, Kec. Batui, Kabupaten Banggai, Sulawesi Tengah, Indonesia",Kabupaten Banggai,Sulawesi Tengah,https://lh3.googleusercontent.com/gps-cs-s/APNQkAFQms5oEqg3vHr0bJp4Q88e6lFtoR21lgVdGvrT_vItdgesHckCPgTC5VCyEpL7sa8swj_AomHUrSzVPHd0XnsOfSOLk5pUZlI5k5ZXj6BF8TTA0hHjTDfDL3j0nsAkWY0AC6Yl=w1200-h800-k-no
Speed Paisupok - Azzahra Tour & Travel,2QWR+VFG,Kabupaten Luwu,Sulawesi Selatan,https://lh3.googleusercontent.com/gps-cs-s/APNQkAEISbfCsXCP3THx_MzAHPea19XJEsBVOVzDuWJlw7sp9hQbFikv32Pl1QWAvm6CtkRwnj0vQwmB2XhAlt3Jps20q_OnSHi6ZfiLEEzwX1mlZBLHGsXA8TIpzKqpLBHLlSxOUYUkRU8VuaA9=w1200-h800-k-no
Pantai Bandara,"Jl. Dr. Moh. Hatta No.2-4, Bubung, Kabupaten Banggai",Kabupaten Banggai,Sulawesi Tengah,https://lh3.googleusercontent.com/gps-cs-s/APNQkAGhhPo3WnDKCgmhzewiDr97NULU1ABNLDnd4ooppMeci19RYhZDkZJWyCIeEuNWRH2LdET9H5VIdFVM9zzVoZoe12Xxth40DAw89zOIxs5PFL9q617zJjWiWAegLKQoUSzRyC0FB2W8wpg3=w1200-h800-k-no
Pantai Melambai,"7JW3+69, Matanga, Kab. Banggai Laut, Sulawesi Tengah, Indonesia",Kabupaten Banggai Laut,Sulawesi Tengah,https://lh3.googleusercontent.com/gps-cs-s/APNQkAF1eY1-vpdjO6mEKv64Yd1mhQin84C4sZ7vMriCg89MY3iIsivThOhhMuYhiSpfEHebbw9hBUcjjzaKJ1KVg26b780NTYtbHI5wGSVsDdl6n3OCkeadDP2f_YKRedauT12E8-Q=w1200-h800-k-no
Makam Raja Sao Sao,"XFCX+JX8, Jl. Poros Bandara Haluoleo, Lepo-Lepo, Kec. Baruga, Kota Kendari, Sulawesi Tenggara 93116, Indonesia",Kota Kendari,Sulawesi Tenggara,https://lh3.googleusercontent.com/gps-cs-s/APNQkAEwXCawJVdq8Qq3CcIcsby1JFtNDA1X3iTuc5kGW0TvtZ6iZ2hP-qiECjUBNv93egNbWTKqrmWJdasugerYfmt28VRqA9lZUQ2N6NQQl8vMa9fDBY3-f8F4pkb38fDmyJ2TIV1WSA=w1200-h800-k-no
Air Terjun Wawondiku,"945Q+PXR, Bandaeha, Kec. Molawe, Kabupaten Konawe Utara, Sulawesi Tenggara 93572, Indonesia",Kabupaten Konawe Utara,Sulawesi Tenggara,https://lh3.googleusercontent.com/gps-cs-s/APNQkAH6ohzlwsZJ1RixWfVAsDdUuinZSSnyj8UCpVHfcyqftwIuNH86zUCj9l5nOF5fyS2QeYsh7vg3MHTpljXuDEQ9yi6ctH2HTBULcL2o-QQe03OlXmmqTpHWEZJDfQkN7mFQKyc=w1200-h800-k-no
WISATA HUTAN PINUS BAINI (HPB),"29GH+5VQ, Baini, Kec. Sampara, Kabupaten Konawe, Sulawesi Tenggara 93354, Indonesia",Kabupaten Konawe,Sulawesi Tenggara,https://lh3.googleusercontent.com/gps-cs-s/APNQkAGz9fxJO86n94mW-0-HBs3irx1Jv3A_A6_DO-7BjDMcSogtK-KxZCT7JbbDoJrTbxFG0CqunMemDk5znaRZ5_7fD8JtSkRLZdbipGcUX0ZSwgl72s87n9d_LcJnKQFEXk7kHxJYfA=w1200-h800-k-no
Tambolosu Waterfall,"RQPR+RJ, Tambolosu, Laonti, Kabupaten Konawe Selatan, Sulawesi Tenggara, Indonesia",Kabupaten Konawe Selatan,Sulawesi Tenggara,https://lh3.googleusercontent.com/gps-cs-s/APNQkAFUH9c9rocuOVXYidLbbhqrk6uEQLo1xcml9OastaXv5ItZ5QbKyZDPw6XiKunSMDJJ_lmwGfTDhfOQmumBvrhM_OwzEU0OSLJwJcSNUJ2mmmqvPIYkTMoG-la2dWI1Bs8lZtMcY5hPq_ml=w1200-h800-k-no
Danau Meleura,"3QC3+JGR, Lakarinta, Kec. Lohia, Kabupaten Muna, Sulawesi Tenggara 93658, Indonesia",Kabupaten Muna,Sulawesi Tenggara,https://lh3.googleusercontent.com/gps-cs-s/APNQkAGbazWXcGNwILNJGJIWyX9a7lJFr4suTY38F9tz-ORWMXv6d3fyhw3hF_H4aSWS69_y7vbERhha4ShadWU4wHX7m27G8xqlNaUTOjOJPxMf9-aMosajDFy0vI7vLkSeXXvOwBASTrvKd7WX=w1200-h800-k-no
Gunung Ombo 1200 MDPL,"waopini kec.sampolawa, 9MCM+WQM, Jaya Bakti, Batauga, Kabupaten Buton, Sulawesi Tenggara 93753, Indonesia",Kabupaten Buton,Sulawesi Tenggara,https://lh3.googleusercontent.com/gps-cs-s/APNQkAEluE5hPUKeaDrlE-dR9Yfj69mewSbm3h_0ImUDlTO1L-7mtyK5oqWInu9Cyp6HB_Hb5nLKODjK7ICb5-YrnCX1YVga7tVNhbtwTyrNqDWhTgJ-CjFBC1w0c7uzy5F2IrISJ7R1xkcTkcte=w1200-h800-k-no
Wisata alam lembah kunyi,"J9PJ+5J, Kunyi, Kec. Anreapi, Kabupaten Polewali Mandar, Sulawesi Barat, Indonesia",Kabupaten Polewali Mandar,Sulawesi Barat,https://lh3.googleusercontent.com/gps-cs-s/APNQkAEZJkYWX2K5cim2hM_aLvLg5--ykb6vzi-oBD3dMyxPGBlNZ_Z4-su0hNFTTbB4ulR0WvXZOmpiRTTcqsLp-qzkU0uJQTcMyx9Ew2_VoDsGnMyFsYDfYBvMMW71Sj_FxlSAnWZ8=w1200-h800-k-no
"Wisata Alam Nosu, Mamasa Regency, West Sulawesi","Nosu, Kec. Nosu, Kabupaten Mamasa, Sulawesi Barat 91363, Indonesia",Kabupaten Mamasa,Sulawesi Barat,https://lh3.googleusercontent.com/gps-cs-s/APNQkAHc2wSm-frKBTCCvYrhX90KY5q4-9e0aDT86xbJw20LiFQnUZE19GSGuLjpJcA2ggZMZRLkuHkbjkArsGZ2hnceF48FcHQD9oTGlIyjyJoOL_cwtDRUIB6nMeAZ5WgxKz2edk3srYKdlxS5=w1200-h800-k-no
Desa Cahaya Biluhu Timur,"FXV7+P95, Biluhu Tim., Kec. Batudaa Pantai, Kabupaten Gorontalo, Gorontalo 96272, Indonesia",Kabupaten Gorontalo,Gorontalo,https://lh3.googleusercontent.com/gps-cs-s/APNQkAHcNIcoUdvB8AOk1BYsMrFReRejQj5ZWUw2ZxpFq2A4NZudMt30QKHXUxLNkFF48ZuMiODqpgm7soqpMUE7NIWEhD91vnQmHFWFlS3Fp5oznwa_njtV_iKsLOZihxbf0h0tKoM=w1200-h800-k-no
Sunset Bollangi,"QH94+G89, Timbuseng",Kabupaten Gowa,Sulawesi Selatan,https://lh3.googleusercontent.com/gps-cs-s/APNQkAH2BXhvH0zZgEuR4P5uS_j_TKnNrPrHQTiUCQoiCGfnwDKgGajz_fw1RhmxAm6Ekym7sqg5ha3EV-G3j79V6zipYyleGKDro__ZRuYCLQiwrtKpR8JxTz1TbDcANqgj0uN5StQ=w1200-h800-k-no
Pantai Pelelangan Ikan Maccini Baji,"6FGR+WRC Lelong Ikan, Kabupaten Pangkajene Dan Kepulauan, Sulawesi Selatan 90651, Indonesia",Kabupaten Pangkajene Dan Kepulauan,Sulawesi Selatan,https://lh3.googleusercontent.com/gps-cs-s/APNQkAGkU3v0-c5hUIlW65uJpz06OfjxhzqeKR9CC2UR6ovWgUvkjJ6GgwHowqXnIOYKFcyC003mOMl5V33-ZsJgQBAKAxAN3YLUgrqfIVfi55o-medVIy8hIUH_e8kl_raEiv4iAyk=w1200-h800-k-no
Rumah simpang tiga Petta worongnge,"RX54+3MR, Worongnge, Kabupaten Wajo",Kabupaten Wajo,Sulawesi Selatan,https://lh3.googleusercontent.com/gps-cs-s/APNQkAGuXRooobWqyOSbcUPy2oLi652aiiIsL8AtA8DUl240EX7SWNCPPfkmEsSYlNnOVftAD5cYvU03AOR4wrNj5MWcp_qnqcWVvWW3dgAYPVjmJ-WQIWdd8Y6O-ka-5AkGdR-_4W4K=w1200-h800-k-no
Moncong Loka,"Moncong Loka, Bonto Tangnga, Kec. Uluere, Kabupaten Bantaeng, Sulawesi Selatan, Indonesia",Kabupaten Bantaeng,Sulawesi Selatan,https://lh3.googleusercontent.com/gps-cs-s/APNQkAFdyMsq_EkebxFP4ZCh2cAMUTT9u02qIAVGTQDCyZ5NrdRME9SynhqR5SUOkCbAZgZ8xcbWlGiW3HiwUuvzhIWBNHGxu5nUo1BX2f--CmdU2eBJz08kf1hQmcA474gGsk589Vg=w1200-h800-k-no
Hutan Campaga,"G2QG+C7M, Campaga, Kec. Tompobulu, Kabupaten Bantaeng, Sulawesi Selatan 92461, Indonesia",Kabupaten Bantaeng,Sulawesi Selatan,https://lh3.googleusercontent.com/gps-cs-s/APNQkAHZ5sD_ncVlUnHnEbpP3soLPkerBjYJM18ElzQETHNlKv7jhliTJ4KTsPZXuhmZ42fY9WUy0whGBOx0XiK5L9RW44wGdsfwQr8fnxhizZ506kzPPkYoAbuxMR8gcTictRk-3hzt=w1200-h800-k-no
Bukit Arung Bua,"Q8C6+C3H, Bua, Kec. Tellu Limpoe, Kabupaten Sinjai, Sulawesi Selatan, Indonesia",Kabupaten Sinjai,Sulawesi Selatan,https://lh3.googleusercontent.com/gps-cs-s/APNQkAHqHowNRMYGZ7Er_YJsTdUnrHFzeCpD84pvOaPeBirJQnC7HGhC-OVouMrUKTWoZM4kqPj4xghlmiJxg2Sw6CfZNw0Ai4t9VM22sjeI4YHdKA1A4wRlsJBgLqQ-ZweXUmN63Vc=w1200-h800-k-no
Balara Beach,"3G9Q+H7H, Desa, Balang Butung, Kec. Buki, Kab. Kepulauan Selayar, Sulawesi Selatan, Indonesia",Kabupaten Kepulauan Selayar,Sulawesi Selatan,https://lh3.googleusercontent.com/gps-cs-s/APNQkAGKp8N0nkF9_CYiCBdjFOlShDC4EZwWfe3V593EAWFusnTG1LeXxvlCerrD0ReYw3mDup8Hy7FGNV_0HAylQlqfI56wRfR_vl_5S_2MJnfLapAqNrJhFQaNTV6RFPezl_Z-cMQ4=w1200-h800-k-no
Enrekang Mountain Viewpoint,"GQ9V+HQF, Jl. Poros Enrekang-Makale, Bamba Puang, Kec. Anggeraja, Kabupaten Enrekang, Sulawesi Selatan 91752, Indonesia",Kabupaten Enrekang,Sulawesi Selatan,https://lh3.googleusercontent.com/gps-cs-s/APNQkAEn_FKRu22gvolFh5uSK-Y_eEJkEbQm2frARJleicPCWiRyaDSlZhrn_yDAsLLD7IQRKjXlXRDwoia30E220sMDwQklW8eC-l3n54VgJ3adkabCoQWXUrT91_Q0sHB-3qP_U1AR=w1200-h800-k-no
Pegunungan Verbeek,"Pegunungan Verbeek, Sorowako, Kec. Nuha, Kabupaten Luwu Timur, Sulawesi Selatan, Indonesia",Kabupaten Luwu Timur,Sulawesi Selatan,https://lh3.googleusercontent.com/gps-cs-s/APNQkAF2Q9XzjL4DSM8Y8BgGdcFdvjHJoEwdh96FJ4kOr1g-4bsZRJGkHtXPLy_SNZirhSHcccvY_W6-7_CimmrpW1qMccot6j5QtlEi4XQNATrv1O-iaYbGtHeeRkaFgDBgZGGZTX8j=w1200-h800-k-no
Paket Wisata Manado- Manggis Travel,Kasawasan Megamas,Kota Manado,Sulawesi Utara,https://lh3.googleusercontent.com/gps-cs-s/APNQkAHUjaNoZ17-UgCDk1GNwGJ1odQdMZNhggocsnrpnQkMCZeVC6Fjk8b6MuWRq1x-FWCqbIFMKq0VZX4H_RsCNwdvIPhJ9Zj4suuhJBT7LoViVMwmm4_Mi0D7dYuO7FzCIfa75IWi5g=w1200-h800-k-no
Teluk Walenekoko,"C53G+JQQ, Pasirpanjang, Lembeh Sel., Kota Bitung, Sulawesi Utara, Indonesia",Kota Bitung,Sulawesi Utara,https://lh3.googleusercontent.com/gps-cs-s/APNQkAHeKkJ2dDieXcE3Gmc4HWeo18mz3JXkUfrb4sgxgc8Bj8ObxOgd8ALba9PoF2uTnBH6qYWoo1tvX6hyBXj_P3ysxiz8Njd5sIGzIR_CojhO7DtZYHv1cUpgn5snl3iUkcwWB1JDT_d0MWTY=w1200-h800-k-no
Boulevart amurang,"Jl. Pasar No.15, Ranoyapo, Kec. Amurang, Kabupaten Minahasa Selatan, Sulawesi Utara, Indonesia",Kabupaten Minahasa Selatan,Sulawesi Utara,https://lh3.googleusercontent.com/gps-cs-s/APNQkAGlKk0-FtpaSPN9W23Vfdls7xJZp78GplFTs_SUU_fTsceCvdFTgCdbRcH4Ju11DrIJW-TbZx1RXcY2OS-5TLUlLGsQZW9V_mNgYtObLP_yCv-HZJU49ubH1oT5nwT9VlvWg9hy=w1200-h800-k-no
Pante Kalou,"Pante Kalou, Aergale, Kec. Sinonsayang, Kabupaten Minahasa Selatan, Sulawesi Utara, Indonesia",Kabupaten Minahasa Selatan,Sulawesi Utara,https://lh3.googleusercontent.com/gps-cs-s/APNQkAEJGo3ThyMt4D3QtRtRKwcyR1sdjyurfm9ZCacKrAzWgbagDSEsR-EyGSBj2Ya19nbhUzuprfao8wT_aiSiSMG1SYDID3WpHZ1mzlyhIta4Vam0T7vfBOKu8GGPSWMwgN7qufHV=w1200-h800-k-no
Hutan Mangrove,"QJWQ+CJW, Paret, Kotabunan, Kabupaten Bolaang Mongondow Timur, Sulawesi Utara, Indonesia",Kabupaten Bolaang Mongondow Timur,Sulawesi Utara,https://lh3.googleusercontent.com/gps-cs-s/APNQkAGwYFqpg3elX5M7Li7GtKY0GxnZIo9a-9s5btW4mMqLI4obasJusobyHLv6DNA1kbCawrMgVtRnf4rI0gd1sC-r--c5_vjKf0Wgtbe8L8pUnGv-7-CPE8uqW3WjsYvswC_1gw9xrg=w1200-h800-k-no
Gereja Bukit Zaitun Tola,"JGWR+P7R, Tola, Kec. Tabukan Utara, Kabupaten Kepulauan Sangihe, Sulawesi Utara, Indonesia",Kabupaten Kepulauan Sangihe,Sulawesi Utara,https://lh3.googleusercontent.com/gps-cs-s/APNQkAG6oaqsbvSkR5SrS9vRe1548jtOmJ3U2FE25Wt03qPHY3M2d5JQTLEIUmnv8LqmUZbEUzXIep6yHNQOlQ5ztiRhXeTX4gWWpRX5LPzSxRy-xrubRauD-2aA71eMywLUFKvX5XKZSA=w1200-h800-k-no
Pantai Nanaka,"3F8P+WJR Pantai Nanaka, Kec. Bungku Utara, Kabupaten Morowali, Sulawesi Tengah, Indonesia",Kabupaten Morowali,Sulawesi Tengah,https://lh3.googleusercontent.com/gps-cs-s/APNQkAGYcd3MaktA6UzZG84ETi6zJDu_Dfgu91ToIm2g5fru7TyXLxawlTQyj9C7CuYxzq8vshQzY3Oh_b05-RCT94O2H6-dMmqjRvYrqBuJRyWDuwd-13ml8RzPCk_fCsi01IeB9AuY2gktbGj7=w1200-h800-k-no
Bukit Ceria Toipan,"Bukit Ceria, Toipan, Pagimana, Kabupaten Banggai, Sulawesi Tengah, Indonesia",Kabupaten Banggai,Sulawesi Tengah,https://lh3.googleusercontent.com/gps-cs-s/APNQkAH76ibHmUJ0p43lsT_m0O02bORXO4wBRiIvKQTWtR_NeopR9fcusBnf0n6DXlrelcb1shazxhfWIbVoneq2exbJ8GgI1FTBd5ks7ZYYlPuY0MM6w-IAcJwhUlT1QXnvtpP8h1fQ=w1200-h800-k-no
Pondok Budaya Ayus Piala,"Jln.Plamboyan No.17,Kel, Hanga-Hanga",Kabupaten Luwu,Sulawesi Selatan,https://lh3.googleusercontent.com/gps-cs-s/APNQkAHwZhsOlKdepZxpqJBldY2NqUf51mjtGgJgOzDHHEkWKJhZxwlnX95_JntwA7KUtBfasWl2id6zBTjk8u2XI5jXsT-ifgo8ZRWGEnfVT8NvbdKoUh9CyVchCZRstisr3-V_Jx0j=w1200-h800-k-no
AIR TERJUN TETENU,"Lalong, Salakan, Kabupaten Banggai Kepulauan, Sulawesi Tengah, Indonesia",Kabupaten Banggai Kepulauan,Sulawesi Tengah,https://lh3.googleusercontent.com/gps-cs-s/APNQkAFNZTyfwuy7cJwxa3S7rZqxDj2K4KY8plETB8cfGhedlM1RSHBs6KDkBYQGztByRI9fKQQEBJny8s0oOI4QFnz7v-YOeMlu08vO5DLTSh39MvOJn74qHna3agX_ZjwD4XM7ufI=w1200-h800-k-no
Pantai Batugong,"4GH5+Q2, Tombawatu, Kabupaten Konawe",Kabupaten Konawe,Sulawesi Tenggara,https://lh3.googleusercontent.com/gps-cs-s/APNQkAFKVMfXJM5YGgO8c9kPb2iJkGsHFyVUUpLlG0hdaUfC5Khbxzcc2iCTneAlnK7HBpVsMJHgAdUWpW6ewWP7GkKQ3cDDvhCj-0uiOkGeZZlj77z9rhD6EHYWvhxzqfMifM7YKtY=w1200-h800-k-no
Pantai Tanjung Tawatawaro,"HVJG+X3, Langgapulu, Kec. Kolono, Kabupaten Konawe Selatan, Sulawesi Tenggara, Indonesia",Kabupaten Konawe Selatan,Sulawesi Tenggara,https://lh3.googleusercontent.com/gps-cs-s/APNQkAGI24ivOXv2lif4oKqR3U-Ti4FgS5Cvgst9GGEcqvdqqonl6cVZQDCi9h4H8S6ubY7XHu5kYRRk6eYwogjdLBv122ujIiORgV3Z_n4jYAXJGkPtHVvxclNUh6cpjVCwKypJ3diI1PgiHN8=w1200-h800-k-no
"Wungkolo, Sulawesi Tenggara-Indonesia","Unnamed Road, VX3M+95W, Wungkolo, Kec. Wawonii Sel., Konawe Kepulauan, Sulawesi Tenggara 93393, Indonesia",Kabupaten Konawe Kepulauan,Sulawesi Tenggara,https://lh3.googleusercontent.com/gps-cs-s/APNQkAEIRw3t2CncPtDuGoBru4AeX4SKE7CwmkQnYecrvgtkwhOYk6gO1Ljr7ZRVSEbOp7mg-aWwDrjdJRDlXJM3_Nx-p1FscWDdTveNd9pRTLolJODlh3k7YkB9R7PYFS2fWUeSoyxE=w1200-h800-k-no
PUNCAK SATIRA,"W95H+3J5, Unnamed Road, Palongaan, Kabupaten Mamuju Tengah",Kabupaten Mamuju Tengah,Sulawesi Barat,https://lh3.googleusercontent.com/gps-cs-s/APNQkAESAWVdldDX1rjactm4P5a5lxo9rKp6kV-Mth-rBUoJsRuw75bkFGwoPBzzKsDVR7jBhCKnVrAjyCJyYSQ5-TG8-o0FVxGVw_YVbWs2wCDJPIFXukbBTJPDjBXETn5vu_8-M8Kh=w1200-h800-k-no
Bukit Garuda Negeri Diatas Awan BULO,"Q5H7+XXH, Bulo, Kec. Bulo, Kabupaten Polewali Mandar, Sulawesi Barat 91353, Indonesia",Kabupaten Polewali Mandar,Sulawesi Barat,https://lh3.googleusercontent.com/gps-cs-s/APNQkAFj8XNwD5YjCGrPU0RZDw3sJJNf7Y2ABU-UBP4ojUk4RMdSyZqWkd0SelvJGi403YJGbE_lFO75OzwWW1-bwpbFPEAx8PmGTtxsfWhy9prm4Q_g80Nzi-myx6zd1gM-QGZoJfnE=w1200-h800-k-no
"Wisata Alam Alla, Alla","J9HF+XMW, Kunyi, Kec. Anreapi, Kabupaten Polewali Mandar, Sulawesi Barat, Indonesia",Kabupaten Polewali Mandar,Sulawesi Barat,https://lh3.googleusercontent.com/gps-cs-s/APNQkAG3CmKbHoPFFXjULCCI5HKwiOOI2ufKUoCdB68AWagfISE5o76H8UouDw0Pix4VMylybilmt9gZJdpsi4Pr9qT7tMeBj_Hisu7Ztzru6844PqNUEkK1F8eciPj9c6w9Rw-tWKqLNw=w1200-h800-k-no
Air Terjun Bongoda'a,"GX27+CC2, Biluhu Tim., Kec. Batudaa Pantai, Kabupaten Gorontalo, Gorontalo 96272, Indonesia",Kabupaten Gorontalo,Gorontalo,https://lh3.googleusercontent.com/gps-cs-s/APNQkAFFlLP4nUJb_LHK5b-DvUGvxqcpgkDbhiDiZlgBrU9fn3wvQkmz4dyovKL3Yq7hleaWfeBLIH5T3xq5r__UbSJ3WCq8yazMAd3Vc6PQiSzHOhEzJd3GdjTvzvpGNyod87Hj_4M=w1200-h800-k-no
"Wisata Maleu, DesaLobuto, Kec. Biluhu","FQPC+4J, Lobuto, Kabupaten Gorontalo",Kabupaten Gorontalo,Gorontalo,https://lh3.googleusercontent.com/gps-cs-s/APNQkAFa1HZdYPo7-eyn81fzr4_dJBWIt31s34rVHatAhGbKOpU_mtBIvxnALKt3-L278w6NFmxaP4yFWDDLtnFm9F3JTYdTnpPGvPPIvsd2dEuvJpVtc9A8FbjZbmsELCKjygMZj5i2=w1200-h800-k-no
Bukit Pinus (bupin),"H4FX+36R, Butu, Kec. Tilongkabila, Kabupaten Bone Bolango, Gorontalo, Indonesia",Kabupaten Bone Bolango,Gorontalo,https://lh3.googleusercontent.com/gps-cs-s/APNQkAFhNJo43vx1AawtO22bGzvGWmK9gLBFjtKn-AUvjtWJ4_wZ-_S_Ly7xj-Vs_UiTqFIiWd4e7AqIykRtHZD8bNyXf39ur-YgCH8_kBNXKoWAkBFDNE5PILTlvPP7Fmbt3WG86Cb_Aw=w1200-h800-k-no
Kolam renang vila desa,"Suka Mulia, Kec. Wonosari, Kabupaten Boalemo, Gorontalo, Indonesia",Kabupaten Boalemo,Gorontalo,https://lh3.googleusercontent.com/gps-cs-s/APNQkAGxlA1xi7X4dSAMEwgUBV9sPPul1ZiQvyO13gJ5HEpjIVF-RkIK474G0UaGGVBsMq0zq1yVIgeN_kblP5ZhoE5hXkuJSX665wB6IXe9p285Ldf5ehCuQMAoQRXfIBdDKynZAP3SdcqLp-Q=w1200-h800-k-no
Pantai Tengah Barombong,"R93J+W2, Barombong, Kota Makassar",Kota Makassar,Sulawesi Selatan,https://lh3.googleusercontent.com/gps-cs-s/APNQkAFh-RW3duNbq6_WkKU8kahwkHN8fqQNHixz1ZBma_l4AuM8qMaqATttnwNI5_6ay-JSeJ-OBVyu45Pazk-hjNrcCJJtIu0REyzxWBRF_-Me5MIgu1wTrUDocVpa_fnFUXvFhSNRpP7rONLc=w1200-h800-k-no
Bulu Cepo,"W26R+2H, Ujung Baru, Kec. Tana Sitolo, Kabupaten Wajo, Sulawesi Selatan, Indonesia",Kabupaten Wajo,Sulawesi Selatan,https://lh3.googleusercontent.com/gps-cs-s/APNQkAHDwJG4uVUndX1AIkrXvwXygYRTjOPChYVIvd2ag2Ie9NpXubj-DFbswf_0e5_c3NVZ5rAEsIZhLNUHpwjXu65AL1Dk8FRkX58oVRbZiNp2FB3RHH2VzAu9pPSy-mWLImng98usHw=w1200-h800-k-no
Kawasan Wisata Bangsalae,"8CCH+2C5, Jalan Bangsalae, Siwa, Kabupaten Wajo, Sulawesi Selatan, Indonesia",Kabupaten Wajo,Sulawesi Selatan,https://lh3.googleusercontent.com/gps-cs-s/APNQkAG6iLUgsTHe3DryD_btqyd7psIkZBMMSQN9egRFqER-9osHGQXcbLVGUwOsu6-qoutlN6rjWy7IICTgWJuItvBbofpILmX3bKiBR2ZSjpgELlNJwlIXufSvptlrzgjSoAoPvvPitLZsJMuE=w1200-h800-k-no
Pantai pasir putih Malboro,"9FQ3+H5G, Bira, Kec. Bonto Bahari, Kabupaten Bulukumba, Sulawesi Selatan 92571, Indonesia",Kabupaten Bulukumba,Sulawesi Selatan,https://lh3.googleusercontent.com/gps-cs-s/APNQkAHPlkDaXx9hOCNajYqlJDSo6FvpW276I9WCeBt-gwfcY9_lecB9XHXOkp0xi583ZKjefOW7JycBlvnDzk1xDC565PQ2L8svASW12NoAhnOpQlhgdCP8udPinhxl2qhKvzISlBQw=w1200-h800-k-no
Wisata Permandian Desa Pattallassang,"G3J9+Q6, Pattalassang, Kabupaten Bantaeng",Kabupaten Bantaeng,Sulawesi Selatan,https://lh3.googleusercontent.com/gps-cs-s/APNQkAGNzqTAgzzYE1NcUP6bq8rfoALjT04pe38xdxgh1SUjf7D1dtaVBPIGNXuTxVlciDDfHi-ocAG7pms1RqA6CgBzGbYbHq0-2FRJTOeYnRWPZ7knLZmi1uV1VGu5LG_m99eKz2Y_9w=w1200-h800-k-no
Bantaeng,"FX25+HPM, Mallilingi",Kabupaten Bantaeng,Sulawesi Selatan,https://lh3.googleusercontent.com/gps-cs-s/APNQkAFKDoLKW3cKAvd2GrnSCMQKmbs2peccWC_gpbJ6pUw-W1NGfD8h39WFkzDQYdXJ8GMZk4oW2ivjOcp5TYaw6UKIj7UlbWEfsvY65-Dnlq5J3xEjFOmLnSQUVuBFtgZlK-5UB13-=w1200-h800-k-no
Kompleks Makam Raja Raja Binamu,"Unnamed Road, CM2Q+897, Bontoramba, Kec. Bontoramba, Kabupaten Jeneponto, Sulawesi Selatan 92351, Indonesia",Kabupaten Jeneponto,Sulawesi Selatan,https://lh3.googleusercontent.com/gps-cs-s/APNQkAHAQeQK0XJm6b498NryCzP4g0VwUCbg_KPFfNWwf0i56JLzop5ImvkVZ2QB3NQxE15fu3U3DjF2Es01T3RkIwsYLDygMy6Srl-7C1ewOYpp0hiVJn7bxskuCyxNaI2Whmm946s=w1200-h800-k-no
Desa Sepakat,"G94F+86F, Mappedeceng, Kec. Mappedeceng, Kabupaten Luwu Utara, Sulawesi Selatan 92917, Indonesia",Kabupaten Luwu Utara,Sulawesi Selatan,https://lh3.googleusercontent.com/gps-cs-s/APNQkAE_G2TL8g3Y31J_u0OSUNlxZqHnmIjAJQHMFZJveG-kG5rFbyL2g4VFy8As19WAKmJkV_Yd_Ac-Qa3Ym5-Z3Td08ZzmuGOdopm3snTPKSEWRUoD-Z0BwMk71yyEHhDxhpSPfCzmAg=w1200-h800-k-no
"Rumah Brando Di Film ""Senjakala di Manado""","7WH2+5MW, Jl. Langowan - Tondano, Masarang, Kabupaten Minahasa",Kabupaten Minahasa,Sulawesi Utara,https://lh3.googleusercontent.com/gps-cs-s/APNQkAF-sxuzn_e-tQzOLfpTxIxnJFQoOQdUH_nDmHus15O68jk6Lo4-RXRK1gUslIJFpd9fk_lyj6skPHC4_EbETlsmGh9PargvUXWiKK6BT27_4E_HfiQN1PTUP6uLJiUtmQ_dLbqo=w1200-h800-k-no
Bukit Jalan Tol Tumaluntung,"CX5P+HG, Airmadidi Bawah, Kec. Airmadidi, Kabupaten Minahasa Utara, Sulawesi Utara, Indonesia",Kabupaten Minahasa Utara,Sulawesi Utara,https://lh3.googleusercontent.com/gps-cs-s/APNQkAFlitPyR7KMQaixaMulHJjaJterRCsb08tvXRWS9UsvhKI8vZ4FzALXZvhl3FKegqiixVL3I8_9-1gpdCxAGEiVkdgtityWSozrEpLR5Y43RHT1WcC35VjRtAudQ09vZF9tI31emg=w1200-h800-k-no
Puncak Pilos,"V8QC+QWG, Sonuo, Kec. Bolang Itang Bar., Kabupaten Bolaang Mongondow Utara, Sulawesi Utara, Indonesia",Kabupaten Bolaang Mongondow Utara,Sulawesi Utara,https://lh3.googleusercontent.com/gps-cs-s/APNQkAHKjmj9SLHaInAv6nQPZgOOH4NIqd3k_i18iooE3EjmKiKH9eQq4g7xc5Mf9zU_DPKzz1UK5hw8cqKYIiRYjW5Pa0lRwRx7GF45D4N6tOFbAbTMDTQOpna4R6EAa91gx5lfvfUI=w1200-h800-k-no
Pantai Batuajara,"Jl. Hayam Wuruk No.224, Bone-Bone, Kota Bau-Bau",Kota Baubau,Sulawesi Tenggara,https://lh3.googleusercontent.com/gps-cs-s/APNQkAFexCSTELoOp6BpMWU0VcNSgoSmmtvYBe-N78zLwt5CE72BGGmluvN5_cLhgaccuNRnIVzFvzw2EjkZbH6fWPpPWw_Bgi308rKfrZLZMl2CPnOS9RJzcm-M8zb0ikPTtdDWnCDo=w1200-h800-k-no
Pantai Tondowolio,"HGRC+WJ4, Tondowolio, Tanggetada, Kabupaten Kolaka, Sulawesi Tenggara 93563, Indonesia",Kabupaten Kolaka,Sulawesi Tenggara,https://lh3.googleusercontent.com/gps-cs-s/APNQkAGfp5IExAEqCNrLlCnwr7c1SpmMS89g0Q6zp1sYc5oEwwSYhMnOPvUOgUU0qCIwUI-eJ--8AjyqffZyKIF-yEnInlVozsaFVkKZw5H5DHVLqZK6SHn6j8dknglbYbxI_4jQT7tdPw=w1200-h800-k-no
Ekowisata Taduno,Sombano,Kabupaten Wakatobi,Sulawesi Tenggara,https://lh3.googleusercontent.com/gps-cs-s/APNQkAHlNZ081RHdd37qUlisVlHSvpVcQPirR78AyGbDN7_g9_lN2wbFpOi761iSF-gETFkcZubQPu1IIsEcVdn0t-zk8YtZPToSm69LZF4WGzM8-rZfE4Gd9h_lIy1pllroRWM8m8NVkg=w1200-h800-k-no
Kolam Renang Tepi Sawah,"DUSUN CAMPAGAYA TIMUR, Tamasaju, Kec. Galesong Utara, Kabupaten Takalar, Sulawesi Selatan 90225, Indonesia",Kabupaten Takalar,Sulawesi Selatan,https://lh3.googleusercontent.com/gps-cs-s/APNQkAEaR_Cmw0GruUdzkjVLZPDODRwg6LUohBM_fa-BSA8nPBxLLdkliqpI7Y2J35FzVgFFGCVQdB4GvZPMQPQWTPTX9us_SD1QCiEnEf-F1WoI88TVT-shkj_0cT4M9LJmZ7blCgPhpw=w1200-h800-k-no
Buntu Sisong,"Buntu Sisong, Pateke, Kec. Makale Sel., Kabupaten Tana Toraja, Sulawesi Selatan, Indonesia",Kabupaten Tana Toraja,Sulawesi Selatan,https://lh3.googleusercontent.com/gps-cs-s/APNQkAHZ7QquwttPvRN1XQIS3Ww7mp1MWCMeclF1M1zHUL4_fvcgn7KIk7_qRtD3ryiLNH8DESdj_sddJhlN-PgCRW20DYBlNR43wJvzxxlcjAObJ_zb-rPe8NDqM-poj7jEHVeIr9Yq=w1200-h800-k-no
Bukit Jokowi,"WVGQ+38X, Turunan, Kec. Sangalla, Kabupaten Tana Toraja, Sulawesi Selatan 91817, Indonesia",Kabupaten Tana Toraja,Sulawesi Selatan,https://lh3.googleusercontent.com/gps-cs-s/APNQkAEF_-MBMkPuiiSW9T3F-0WLG3NruuaB2LZOo41eLUQYF-hclA11YyD2E4AiJJD5MpwVkg0Ot_9OBGtYxf_pAsw4eMFiIdjkDAqaX4RskL-qS1aBZKwEfrv2zhi3Dmz-Xiiz8KI=w1200-h800-k-no
Permandian Alam Makawa,"54G7+V3W, Bosso, Kec. Walenrang Utara, Kabupaten Luwu, Sulawesi Selatan, Indonesia",Kabupaten Luwu,Sulawesi Selatan,https://lh3.googleusercontent.com/gps-cs-s/APNQkAH89ZuNI1LqlnTI8pYZM6XwSF9zy3rmvwBPXuHkP4ZXNCWia78f5dWGf949Q4oJnvS86OK1UQiNVQSUy5WwfoAEKGrhiW2Nurf8w96TSvuDL-ZNy-a4Drfdv2ILDsS_GoeREx9V=w1200-h800-k-no
Hutan Kota Tutuyan,"QJ95+CCC, Tutuyan II, Kec. Tutuyan, Kabupaten Bolaang Mongondow Timur, Sulawesi Utara, Indonesia",Kabupaten Bolaang Mongondow Timur,Sulawesi Utara,https://lh3.googleusercontent.com/gps-cs-s/APNQkAHEv4U03Nv67coIAo7_eBXp53Q1tZtPfYB4LMPm8i8g6CldW_3_sCui4h10MH90ZN91bb88UnmenKqdhhoVYvO7W5FaoGiF0V3-OVa1N3TbVEEGYL3lP6ggNhOF6BVxsiyPFOhtCjzY7MZp=w1200-h800-k-no
Air Terjun Ampa Doap,"6RW7+WP2, Bengel, Kec. Beo, Kabupaten Kepulauan Talaud, Sulawesi Utara, Indonesia",Kabupaten Kepulauan Talaud,Sulawesi Utara,https://lh3.googleusercontent.com/gps-cs-s/APNQkAF6tPIRjJhc4dkgUi7aKElBpd17DrRTfb6KDioAFOzdnnc4sYGQOv7BXao55G0KpXimRTFGZZRTQVko3LMDzcrjlJr6-UBQ8BIWbMuK3gunBDszX8xeahmITjaFCF0uKeuLqC4t=w1200-h800-k-no
Pantai PELANGI,"Tinombo, Kec. Tinombo, Kabupaten Parigi Moutong, Sulawesi Tengah 94476, Indonesia",Kabupaten Parigi Moutong,Sulawesi Tengah,https://lh3.googleusercontent.com/gps-cs-s/APNQkAEMuTHl0umE7tIquPEbVstFL2SNKyr1-Du_yhgpb0rGXAPHgqhbwXa169Pz0nnkU5KHBd3-nj7QGiErC7hDbbdHBLJ0IT_-A1tKtJ8Cs2Jp_aOTn8KG7FoLMe3MSqE4w9Renb0=w1200-h800-k-no
Benteng Bebengketan,"M7FW+X7M, Salakan, Tinangkung, Kabupaten Banggai Kepulauan, Sulawesi Tengah 94885, Indonesia",Kabupaten Banggai Kepulauan,Sulawesi Tengah,https://lh3.googleusercontent.com/gps-cs-s/APNQkAF_8Re3hCPayBZgYy8zGmEgvNVePoAgvTmzSeFp74hsJwQAr_VQBz5985NNXCtPuxMB8JlsjZAndsqb3ffSCdVEs2bUmNh9-mkMNEWbouqvAfw1w5z4ZfKRaxbVcXV-m64CESh-=w1200-h800-k-no
River Tubing Desa Wisata Malangga,"4V77+WH, Malangga, Kabupate, Kabupaten Toli-Toli, Sulawesi Tengah, Indonesia",Kabupaten Tolitoli,Sulawesi Tengah,https://lh3.googleusercontent.com/gps-cs-s/APNQkAH_90bp1lKMjKbZWab_MiVJglfPOGC2LaIUoGBO9e4NGn7S1KCYIuhK0u2MeF4br1TegBM2ybez3gvuMsiY7j0xRE4hMuzRf66DiCXXCnhJm2Fm7n1zdDTUN-q5n1JYPkR4Zt5C9g=w1200-h800-k-no
Pirsah,"WJ2W+VM, 19 Nopember, Kabupaten Kolaka",Kabupaten Kolaka,Sulawesi Tenggara,https://lh3.googleusercontent.com/gps-cs-s/APNQkAGKUKyS7FPScumMwwydSpn1iJRnevke1MFT2OsqvOj8inEBzxEIUsZNJYY1X_winkuYJz0mFxuiVA0mKionh94UVJ1vbRnDT4tstaLIBz-rbn1aufPQo_6MCshzOktVOF_8343D=w1200-h800-k-no
Bat-Bat Kota Raha,"5PVV+CJ, Laiworu",Kabupaten Muna,Sulawesi Tenggara,https://lh3.googleusercontent.com/gps-cs-s/APNQkAElHgimUHl-j4LsxCkhjuVvU6grptomPQz11mRCX46VniPBU4qK4QzZqZcW-kNPO7FDTB80sIYEqk35WUiq1fBxaAXzmCtCGMIAaxBd7pjVz3471FIiy5L6CqUdCvlE0nxjt9zhuw=w1200-h800-k-no
Bukit Paralayang Maddo,"Tellumpanua, Kec. Tanete Rilau, Kabupaten Barru, Sulawesi Selatan 90761, Indonesia",Kabupaten Barru,Sulawesi Selatan,https://lh3.googleusercontent.com/gps-cs-s/APNQkAHYBE-GezxU5cCeOcatqvEFDbp9tMumONUkiNZHftG3uwSMge4op01otDuBLcL8RRfd7-ObdUqsSbvVgKVSeLNRNtu8G668P70uIB2Utf45hq7KLoYCS1zA8L8LgFNykEGOvKWcUjrJmVG3=w1200-h800-k-no
Wisata Alam Labempa,"QW3R+C4H, Jl. Labempa, Dusun Maniangpatu, Lompulle, Kabupaten Soppeng",Kabupaten Soppeng,Sulawesi Selatan,https://lh3.googleusercontent.com/gps-cs-s/APNQkAHwD2KoG2QE8v4Q-6FfQsPQe5OvZgYvmBYWYNtijJAnsJU56Od7HX21VBzzrlCF7Ay79UXZuVQ9ek7i3xUR0BIhWuArz48om87vlEC4_b9cMsjmFZ2wmGvCtsKGp7bEE05hoXoE_qLaVOw=w1200-h800-k-no
Air Terjun Jammeng,"PGQJ+3JJ, Laiyolo Baru, Bontosikuyu, Kab. Kepulauan Selayar, Sulawesi Selatan, Indonesia",Kabupaten Kepulauan Selayar,Sulawesi Selatan,https://lh3.googleusercontent.com/gps-cs-s/APNQkAEmwEJ4J7TdNqaAovyMv_v1uFuScOMue83ksZN2SnWoHleW-A-za11xQpBSF-zuwJm0nk6IddMXK6cMMs1lMUeHp9ap_bseHQckbG1Ag9unDnhbFUMy0DFLOucAWOyda7fyLiPF=w1200-h800-k-no
Bukit Teletubies Tappion Buakayu,"RP8J+7MR, Buakayu, Kec. Bonggakaradeng, Kabupaten Tana Toraja, Sulawesi Selatan 91872, Indonesia",Kabupaten Tana Toraja,Sulawesi Selatan,https://lh3.googleusercontent.com/gps-cs-s/APNQkAERGeFpJDUY5Fczqv4yCEaI7C_mcbQCrCmLWTdCqEPVcBK9QtbbHi9keK3MpctNqJOWZ1MJqgrFDuJVHy4NNwSKsR2V4B04JeBXnnp8jvv7855oWJgd6y8XtY0rFsTWH7ENLp-t=w1200-h800-k-no
Dermaga Burau Pantai,"9M4P+JQ9, Burau Pantai, Kec. Burau, Kabupaten Luwu Timur, Sulawesi Selatan, Indonesia",Kabupaten Luwu Timur,Sulawesi Selatan,https://lh3.googleusercontent.com/gps-cs-s/APNQkAFz5sdGBHDwVFDB-m5sK1vRe2rsFdLdH6yiVi6LiNeD-or7eBs9ovyeGSHmIpZCIGfwa8hixQKZoWnPG70BbcvfZq4-PY0d7YpgumJ3uIgg8UgH5ZqFh2e7aYaqmReKTk9jLZhZVHapb_tb=w1200-h800-k-no
Permandian Alam Silika Garden,"987W+6MP, Jl. Ahmad Yani, Lioka, Kec. Towuti, Kabupaten Luwu Timur, Sulawesi Selatan 92982, Indonesia",Kabupaten Luwu Timur,Sulawesi Selatan,https://lh3.googleusercontent.com/gps-cs-s/APNQkAHheNVZgSv6V5lAZi6vnRHoThzJOTSr1gnsk955zvC2TYZnOKbgvtrFMvzbbVR0CnbsyTFAPH2CTN3sTqCTCyOGalwzc1e-PUBfpuVmxj6E_YnRO_gYUzatZ_oE3gnXEYPH67ZEGA=w1200-h800-k-no
Pantai Wisata Karang Lestari,"Unnamed Road, HVPX+8PQ, Malei Tojo, Kec. Tojo Bar., Kabupaten Tojo Una-Una, Sulawesi Tengah 94681, Indonesia",Kabupaten Tojo Una-Una,Sulawesi Tengah,https://lh3.googleusercontent.com/gps-cs-s/APNQkAG-g5-RQusD9gYzj6_4juiokdYdL_FxmnN-yig8NOk-n4YRxOBXpYnZYKyU1p4vdPfjel1YmZywIiw_-AqrHB6s-o4v9tzyW_MvdbUQYeAj3itLhrLfMhCJJPhK19_h8XE8FEO0=w1200-h800-k-no
Bukit ilham Wosu,"Wosu, Kec. Bungku Bar., Kabupaten Morowali, Sulawesi Tengah 94976, Indonesia",Kabupaten Morowali,Sulawesi Tengah,https://lh3.googleusercontent.com/gps-cs-s/APNQkAH19pR7jN_53Oxfu86_imLjDrgw6u2RS-DzSFvLyMvhSfL7fwj0S7exGIPgfxm-a6RQBUI2kI1462i1C-CBIlhM-8NV7yyosrwqJcB-Gc4kHS1-nllGpqkZButemWc_aFp1uXE=w1200-h800-k-no
Air Terjun Hanga-Hanga,"2QRF+J4W, Hanga-Hanga, Luwuk, Kabupaten Banggai, Sulawesi Tengah 94713, Indonesia",Kabupaten Banggai,Sulawesi Tengah,https://lh3.googleusercontent.com/gps-cs-s/APNQkAH-hBHM8f5MprAaUq7YYyYzuPrmYCp74LnCu5xarH4RU1tPbtKbteAvjnic386t1CgETnN7qP_2UKEWx0zODX_nuGWZm1NpDgTXahVztwMmTf0-82Vb2X1Gcp0bTlSMlPQ52gk=w1200-h800-k-no
Danau Dowiwi,"XPJC+MH9, Koyoan, Luwuk, Kabupaten Banggai, Sulawesi Tengah 94716, Indonesia",Kabupaten Banggai,Sulawesi Tengah,https://lh3.googleusercontent.com/gps-cs-s/APNQkAH6eiG3qxOE2vGDYqJydrOZ28BNGwSCAwmma7IiX6_vCJfMIbqrO6gRT1QQGskGmeuJ5h44D8OzeDEwQgplIKvyG4bpylWbmPDoFst-IuncMjmPBCkmqu2PRkFitZRrKXg1BKOm6e8_k4MC=w1200-h800-k-no
Wisata Permandian SINTOMU,"5V6F+4GQ, Salodik, Kabupaten Banggai",Kabupaten Banggai,Sulawesi Tengah,https://lh3.googleusercontent.com/gps-cs-s/APNQkAEA259FtW69F7hfSYh0v4sajTZVannPEZ8bsvYu2tuvor-_MshfBbon4VIhfNqQGPmdoJwpH4fqFqJRQN0Xy0jmVogrvkS0WOgmFsF3TtWOhLcsF9THcKBvW0j6W2hPuG4GnjME1w=w1200-h800-k-no
Pantai Pasir Panjang Mbuang-Mbuang,"WVJ3+G95, Mbuang-Mbuang, Kec. Bokan Kepulauan, Kabupaten Banggai Kepulauan, Sulawesi Tengah, Indonesia",Kabupaten Banggai Kepulauan,Sulawesi Tengah,https://lh3.googleusercontent.com/gps-cs-s/APNQkAEieTKZYmpr3AxBSBJbCAUxfO4akPKZpsioPYFsn3cbxeRQ3WHPhPJD8tt51uXewdWcmYYE0RInb84YGabd1jM8jmogjVcY02Sf8-mFUzccc2Fth1nzn3Na3VS-Ga72iHkn75x5=w1200-h800-k-no
Paisu Matano Tatakalai,"Tatakalai, Kec. Tinangkung Utara, Kabupaten Banggai Kepulauan, Sulawesi Tengah 94885, Indonesia",Kabupaten Banggai Kepulauan,Sulawesi Tengah,https://lh3.googleusercontent.com/gps-cs-s/APNQkAEFn1gGUbsCI64ureNLJpMGKUx0F2ak-izEYtd_pEukM9-mJM__6F3cU5oznM_ggIqIHhqo-isJfFyvk4ggA4QgRsfIyx4-7S1Rmd0Wv4lR-gIiNs2OTe5PvfwS5CZDAbcJkhWODA=w1200-h800-k-no
Batu Susun,"67J7+QM, Lakea II, Kec. Lakea, Kabupaten Buol, Sulawesi Tengah, Indonesia",Kabupaten Buol,Sulawesi Tengah,https://lh3.googleusercontent.com/gps-cs-s/APNQkAFEd8LwOx8KDgbB4gftSH34Pu94Qd2HLCdvcE7JKHdW9JCpQbfwjtgmU6nsjVYG3y92bK8TfQu8QiOqcOOW95Bt5wsaa5UhIagu6r2QpVw3Q-W_BakXJMqpOYxczBgIRbZFDHyK=w1200-h800-k-no
Wisata Manggrove,"9P3W+X4H, Makmur",Kabupaten Buton Selatan,Sulawesi Tenggara,https://lh3.googleusercontent.com/gps-cs-s/APNQkAE4cedXK9uE7bEhID_LEKiyWyGEAZYFzWXjMUqAPP4Bjq4z2fI59HAuDU61ijwJVOwUKyzbLq6aK2BKFe-PZW5vqmrAi_CHE2TRmWJdtBSguV7Mku5gYrl6kPfYkEZpH6OEAMCwGCp7vHNA=w1200-h800-k-no
Wisata kolamku perumahan Ruby zamzam,"XMQ6+QJQ Wisata kolamku Di BTN, Ruby zamzam, Lompoe, Kota Parepare",Kota Parepare,Sulawesi Selatan,https://lh3.googleusercontent.com/gps-cs-s/APNQkAHipUDaBA5C0wjCAAJfcBRE3KIWEvnV_JlREE0PSGRlJQSP1c88p_bNUhN4I_BjY25-eO-3IcfEeRNaIKZ13b0vqX5NapezAJpGdDmf-ew3WGjp7ZW23s-cNYDMmDdkZuaXepbqFw=w1200-h800-k-no
Permandian Kalola,"439J+H7P, Sogi, Kec. Maniang Pajo, Kabupaten Wajo, Sulawesi Selatan 90952, Indonesia",Kabupaten Wajo,Sulawesi Selatan,https://lh3.googleusercontent.com/gps-cs-s/APNQkAEVz-1wV1-GT2GtWxRDWvCFBQ1yLsQTvacfbPcEHPC9lwvC6XwVlKJFBexaJKNuNeqgZv_c6a8RKiS0ZBy2vt0NEnKihiSbCT9SRMfiCvVSF39mkVd31Yha-kSftfA8zYXZXvZQzmm1NqU_=w1200-h800-k-no
Bukit Saletta,"GQ58+889 Saletta, Tindallun, Kec. Anggeraja, Kabupaten Enrekang, Sulawesi Selatan 91711, Indonesia",Kabupaten Enrekang,Sulawesi Selatan,https://lh3.googleusercontent.com/gps-cs-s/APNQkAHTYKn39qEEfEyI1qFbL3Kczq63nAQAznLAf_DVLldksCf0k9YHIc1ZWmmNf7kETsw7Ia-9qS3sgH3_XPm1ZJzYisKDQnXArngYyE9eZfROjri3DbYAZsNSNUKMIHCu6ribNjXZ=w1200-h800-k-no
Air Terjun Desa WiauLapi,"6PVW+QF, Wiau Lapi, Kec. Tareran, Kabupaten Minahasa Selatan, Sulawesi Utara, Indonesia",Kabupaten Minahasa Selatan,Sulawesi Utara,https://lh3.googleusercontent.com/gps-cs-s/APNQkAEjT-Jbc1iR07F1T19fXldBr19Boc_VkEvgYtXDVmbBLrFavilqL8Uj3lAZ5iqLV6-gxXAnm4AJOLJ2feRo5UhUvuh5HxK1BtR3AD6ZYh165UwkJX45SuU1zRePzL0x5VhM6vtHHw=w1200-h800-k-no
Air Terjun Bale,"6X3G+HQ, Bale, Kec. Tanantovea, Kabupaten Donggala, Sulawesi Tengah 94352, Indonesia",Kabupaten Donggala,Sulawesi Tengah,https://lh3.googleusercontent.com/gps-cs-s/APNQkAEU8N13l-LenTlrpcBRfjI7vTf2z74J5aDqf_sSEcglqOFGhy9tZf7DcMQwq9WbIhAD9DEqfNgYWKYRKp7Oqnm1LV_9ck8VUk7QGhGSMLk_QAlatzk9n-YBBr4iGqPrESSQ1yif=w1200-h800-k-no
Situs Cagar Budaya Makam Maradindo,"M338+7W5, Langko, Kec. Lindu, Kabupaten Sigi, Sulawesi Tengah 94363, Indonesia",Kabupaten Sigi,Sulawesi Tengah,https://lh3.googleusercontent.com/gps-cs-s/APNQkAFLqEPp9Bd0lZUyfWWjlx1Mq0XWuW3vs7THEbpFsm56RtKuiWGSlZ_NG61P9oyJlJaItytd7h_-Cnoi4i0goVxc1w2qyX4ZTem35L4xUTGgOQ5dXwmejkVYAmXqWcQhd2Fa-N4ofw=w1200-h800-k-no
Pantai Masi,"Unnamed Road, 37QF+HR6, Nambaru, Kec. Parigi Sel., Kabupaten Parigi Moutong, Sulawesi Tengah 94471, Indonesia",Kabupaten Parigi Moutong,Sulawesi Tengah,https://lh3.googleusercontent.com/gps-cs-s/APNQkAHWRSjEipytDGwvcQQTNmGfg_eLq7kdoHrrc2QQotEPlEZdKmiEtqY0J5F-AQuvipUJMvK6SSCKZPQK-sSGDZFe2QnVluoNfYqN0L_15Sid36vDonrb08NP6rJL-Zn022Jf28Fp=w1200-h800-k-no
Air terjun MARONDO (Waterfall),"G54X+FJ, Kalmeba II, Kec. Tojo, Kabupaten Tojo Una-Una, Sulawesi Tengah 94681, Indonesia",Kabupaten Tojo Una-Una,Sulawesi Tengah,https://lh3.googleusercontent.com/gps-cs-s/APNQkAG1ji_OqMFIJ-Qlyeb6j_IV5PKfgxM8_mWZoU1ATrcFJHoWGp8KwUOLifDOXtMSFUlosarNELWq231r0dSgdY35PuCto5riblFJUnvoRVF8YqNBW7nz-YKAxm12mP-9Zb8NPyFYOw=w1200-h800-k-no
Wisata Bahari Karamba Tarantula Uwedikan,"Unnamed Road, Uwedikan, Luwuk Tim., Kabupaten Banggai, Sulawesi Tengah 94723, Indonesia",Kabupaten Banggai,Sulawesi Tengah,https://lh3.googleusercontent.com/gps-cs-s/APNQkAFl4fZ72sOqzCT-L1g8E61F3b05mwuJhryDvS8uSf7v1MEA1bANqPNGuf8EtH3OzrKLA-sJPz4AIjQ-UH_CoXhnxEt_AhXohPNHJUZe3WDozvCB3aNAPKxYajV5o_28WNtK8CTI=w1200-h800-k-no
Wisata karo-karo,"H9X4+HGW, Sulewatang, Kec. Binuang, Kabupaten Polewali Mandar, Sulawesi Barat, Indonesia",Kabupaten Polewali Mandar,Sulawesi Barat,https://lh3.googleusercontent.com/gps-cs-s/APNQkAFf3B7X5ylFKoIp_WLkXjlHVWyM6roZPbBSLSmp5fYiW4oZZvsNnBohgoAJRNi0DHmF-mPSpz6MgK9G8KYHuew1YOP7q_kR0taBY7V3VBUzL499lfB2uFhppJr9J6URlyVy8smpGQ=w1200-h800-k-no
Wisata Alam sungai Karya Bone,"H4G2+QH, Karya Baru, Kec. Dengilo, Kabupaten Pohuwato, Gorontalo, Indonesia",Kabupaten Pohuwato,Gorontalo,https://lh3.googleusercontent.com/gps-cs-s/APNQkAFbJ1zTZvu9mExhGCq-opAmGLXKHSXiiD4o4utnILisV26c0z6QcQ_tezshtMstZaea8E_AH-RqmQUmExVe1z5O69qa5EBTO7rWhEUYPhYTGXewT0XD-a6GdWrbgR-tGIVRQZvtEcdLXBn3=w1200-h800-k-no
Air Terjun Kandera,"4VQP+XJ3, Touliang, Kec. Kakas, Kabupaten Minahasa, Sulawesi Utara, Indonesia",Kabupaten Minahasa,Sulawesi Utara,https://lh3.googleusercontent.com/gps-cs-s/APNQkAEDvw8e5j9hj7fEQQRZmQ4i-bjYFaAO3YNDiozc7LmdAF2EV7YVLnNKJASmeL8mGVuVin_QHj-4n_hBdEbUpdK0ipG07t1N6Ch0VmOEhMYvbO1Rf9fraxyqSJyP-Mu1YOVQUZSi=w1200-h800-k-no
Wale Manguni,"Jl. Pinabetengan, Talikuran, Kec. Tompaso, Kabupaten Minahasa, Sulawesi Utara, Indonesia",Kabupaten Minahasa,Sulawesi Utara,https://lh3.googleusercontent.com/gps-cs-s/APNQkAGdX7DkWypVkJ_QtdQxYcNGZURp8lC-R7QEl5ZuIudq8Anzj-cvxkxoVLoe9bIbDPEcYRgyB0Fa_cfcIzVgXHA0IDO2LcZtkzpHUg-TJVChj7wttBdXWpaRmFWCamZt4l9ufXw=w1200-h800-k-no
Wisata Pantai,"VM8M+QXM, Dalum, Salibabu, Kabupaten Kepulauan Talaud, Sulawesi Utara, Indonesia",Kabupaten Kepulauan Talaud,Sulawesi Utara,https://lh3.googleusercontent.com/gps-cs-s/APNQkAHdwQaOMaKJvXq2cvGfq9jwk0o4jdhDv6mpZKrDcoKIXxje-cnmoiX3BGRJJlQJBLt_w7Rzld8iAuJg1JKfh6UQpO3czKzHSbXEw52Qc4jA5oBTGuatHvj5qXmt5FfBg4fiHI8s=w1200-h800-k-no
Bintang bahari,"C4MH+7H, Ulunambo, Menui Kepulauan, Kabupaten Morowali, Sulawesi Tengah, Indonesia",Kabupaten Morowali,Sulawesi Tengah,https://lh3.googleusercontent.com/gps-cs-s/APNQkAELonn6rLNBJ1l-RgnNa3kOYDcv1LFlugk73zS0JFoSYu9ptLJ2RXI9fYkeDoIimMRPp9f4NCFJCtHdqS1yhWTe5RMRpbM0ku0B_Zchf7zR2wZ-3xqGfJjMPwPUg9e0o5BzaY3lQw=w1200-h800-k-no
Air terjun STB Kaleok,"HFV5+FG, Kaleok, Kec. Binuang, Kabupaten Polewali Mandar, Sulawesi Barat, Indonesia",Kabupaten Polewali Mandar,Sulawesi Barat,https://lh3.googleusercontent.com/gps-cs-s/APNQkAFhCmn5I9a4AhLpoeK0IdtRtz64HlCOAKJxd1tBCmEIbAuCpXkG7AFlS6GSglNQAZm6lRa_ydPMrdxmYoOQ3WmWi3tD5wzip90mrKTWkEnapLVahDnlOUmDOVqmNVc9lJMvd7v7JQ=w1200-h800-k-no
Wisata Muara Desa Mappakassunggu,"GC78+WG8, Takalar, Kec. Mappakasunggu, Kabupaten Takalar, Sulawesi Selatan 92232, Indonesia",Kabupaten Takalar,Sulawesi Selatan,https://lh3.googleusercontent.com/gps-cs-s/APNQkAHZWrmk4g0oYNW07-llyfGg9-4SGMJOOjFurqQ9BoMhkspLPy75EaKgB69rJte3IaKKP2_1L8VXBm7b4agEyVK-0UDN6sfTx9zvlP7kD0_KnvaZOxpaMZr6OQwCVG--DRkBq7_jksSgYpc=w1200-h800-k-no
Air Terjun Sarmasi Leppangeng,"Unnamed Road, 85F2+6C4, Lepangeng, Kec. Pitu Riase, Kabupaten Sidenreng Rappang, Sulawesi Selatan 91691, Indonesia",Kabupaten Sidenreng Rappang,Sulawesi Selatan,https://lh3.googleusercontent.com/gps-cs-s/APNQkAGU1ep88Suu0bTH4Q0fWdAuoFcQU0ZmB-ACiVkuYH7qokqKC1Aeb0luj8YpBT1N9jhODKj1cNqapn9GMkYlQQCiElub2--Ovl_LdbGO9fXcvyI_v6s02NaMQUTb2jXV85ztkAKF=w1200-h800-k-no
Air Terjun Sitodon,"Sanglepongan, Kec. Curio, Kabupaten Enrekang, Sulawesi Selatan 91754, Indonesia",Kabupaten Enrekang,Sulawesi Selatan,https://lh3.googleusercontent.com/gps-cs-s/APNQkAGMpafod7zbNDHfmB8O5mFVqfxsLALEOrYNEPTOmqL6CD84gFnnenjPybulacWmBeg8LHYCgJVMv0uPCsNntZPe4TKaJiH3KtYfrj86GcTdwB_sHBTp_yi67epaBPHYVJAx31epbQ=w1200-h800-k-no
Pegunungan Tokala,"Pegunungan Tokala, Salubiro, Kec. Bungku Utara, Kabupaten Morowali Utara, Sulawesi Tengah, Indonesia",Kabupaten Morowali Utara,Sulawesi Tengah,https://lh3.googleusercontent.com/gps-cs-s/APNQkAE2M_8m0j2aaOC4WIxZ3qOqNLkpCCY6TjHTJxZDSJsqDyDOIH73kQEF1DTkuNhm-E-U0cLmNWRaERjMBYZk6URJ34EFMy3w1uuOEFSQwbfd45hOYL1CKSn20l15Xluc-t1HDQ-06g=w1200-h800-k-no
Sewa Mobil Gorontalo Zahra,"H2GR+PG6, Jalan Potanga, Bulila",Kabupaten Gorontalo,Gorontalo,https://lh3.googleusercontent.com/gps-cs-s/APNQkAEYLEupvlShE8s86g7p4cO7dt0vJKb34-nglxO-x7ERiwOIyyupLpAhnDWwl6Du_hqSv-dpr7AcpL8v_pJQXSSspYmyszeXq8_4yhKOfdTEZVTG3LpTg6LZ9hbFXp-W_PPednw=w1200-h800-k-no
Objek Wisata Mangrove Desa Buriko,"8CG8+Q8H Desa Buriko, Tellesang, Kec. Pitumpanua, Kabupaten Wajo, Sulawesi Selatan 91998, Indonesia",Kabupaten Wajo,Sulawesi Selatan,https://streetviewpixels-pa.googleapis.com/?cb_client\u003dmaps_sv.tactile
LIHUNU,"Q45X+X6X, Lihunu, Kec. Likupang Tim., Kabupaten Minahasa Utara, Sulawesi Utara, Indonesia",Kabupaten Minahasa Utara,Sulawesi Utara,https://lh3.googleusercontent.com/gps-cs-s/APNQkAFi1tVpD5m05xn2rH5hlFthLBi7PIsaEsfsLV3ujaTm5mvfzxvpDnxxUbm2ZvcV1J3i6B0F66UZkiVaBqGr4fRZWZ1ENGI_gXhQ1ww16KqtuS7HVks6cLf9Z8-sMGXi7ZDLrJ4=w1200-h800-k-no
Air Terjun Pelangi,"X9F2+WJG, Balinggi, Kec. Balinggi, Kabupaten Parigi Moutong, Sulawesi Tengah 94473, Indonesia",Kabupaten Parigi Moutong,Sulawesi Tengah,https://lh3.googleusercontent.com/gps-cs-s/APNQkAFV9G22XBndSJKC6r85L17PLCDYOZ3qhUbFcMy6k8qmQ8368VwjwNMs6F2lOr4nQlBreoCQxGLRoXgHEAqDZ2mh2QOyhCfLb0-zmgCt-M11IG6KHju6D6XqUTNbYEO9Mrije128sA=w1200-h800-k-no
Bukit Moncong-Moncong (Bulser),"PGV9+W98, Sokkolia, Kec. Bontomarannu, Kabupaten Gowa, Sulawesi Selatan 92171, Indonesia",Kabupaten Gowa,Sulawesi Selatan,https://lh3.googleusercontent.com/gps-cs-s/APNQkAH6e8uOS5WbaG3TYEZDWAEVLgggKC8Vyki_6e7SVSM84aXE1vqtOrPW0ycWwW0axPaejx-FAcGYHs68vA-0wI-7lVcmq7UwhVvpbRl1q8sTxjZCxaKUMFxBjvCg0M1eAbjjmQ=w1200-h800-k-no
Wisata Danau Satria Panrannuangku,"JF92+3JV, Panrannuangku, Kec. Polombangkeng Utara, Kabupaten Takalar, Sulawesi Selatan 92211, Indonesia",Kabupaten Takalar,Sulawesi Selatan,https://lh3.googleusercontent.com/gps-cs-s/APNQkAHtkf4i5jnARa6NCAHIEAvnG8Sz7o5DhIPu7GaYsM-tE0spHPHh9Sc1DF14ZpK6Y3h0ZVf73vRJPTQrTK9ESYtVKzYxypfkhGfJpoTmjYdzt2tJwoYSkbQigF08ap8rU4gaVITCvQ=w1200-h800-k-no
Air terjun baruttung,"CM2F+5WJ, Jangan-Jangan, Kec. Pujananting, Kabupaten Barru, Sulawesi Selatan 90762, Indonesia",Kabupaten Barru,Sulawesi Selatan,https://lh3.googleusercontent.com/gps-cs-s/APNQkAEhVyJKkoLh4xcS8bF86PxuK7qkasqqphDrMkzREEKL6e7FZ2L2WlaejB9mf8mwTcQ-qDXklDRSMZanPI8JrgltduK8-3ga03Wh7XMHtsD4icSpu7nuOc1hbvqKJGTHOnhXPtTe=w1200-h800-k-no
Gunung Lantiangoro,"9M53+HMR, Jangan-Jangan, Kec. Pujananting, Kabupaten Barru, Sulawesi Selatan 90762, Indonesia",Kabupaten Barru,Sulawesi Selatan,https://lh3.googleusercontent.com/gps-cs-s/APNQkAGHxArUAJmQsOxZlWnpD8gF_z7UNwRKOWXI6YPy14FnSXScGyMZ5-zgEFQaSpH303q0ZBNRx9BPLEV1z1LZHNvVtRpKrFWj7I4_X3oqqEmrOvGrpUNr8qFAndX1tAooAtoMlLGOrhfuFBrp=w1200-h800-k-no
Air Terjun Itto Sarasa,"Unnamed Road, FM9G+FCW, Kaseralau, Kec. Batu Lappa, Kabupaten Pinrang, Sulawesi Selatan 91254, Indonesia",Kabupaten Pinrang,Sulawesi Selatan,https://lh3.googleusercontent.com/gps-cs-s/APNQkAGPunX98WPAph6cjnrKF8pa57peyni1PTmi7zqlTSCVulyESA05MU_-w9MDcjt-zj2-i6_dWq0aeL2ZQDlxbPU0JO_bdOMciY8opvFAjVWY-vqTJ5qGF3o2NmFNp7DrzjdFPwxHHQ=w1200-h800-k-no
Wisata Batu Tangnga,"7333+2GM, Batu, Kec. Pitu Riase, Kabupaten Sidenreng Rappang, Sulawesi Selatan, Indonesia",Kabupaten Sidenreng Rappang,Sulawesi Selatan,https://lh3.googleusercontent.com/gps-cs-s/APNQkAEhbR8Gy19SMoNVpVlQTPvpfPXGjYqrilUb_h_5kF3aZmXlP2eDtSfZf4Ch_qLd83rlS5NiMgE9Uv9ilWbrZP8zJlz8I9AZ1XLk8aHrfzacjov_TaS9s7vanYu9YXObr0vvfmiY=w1200-h800-k-no
Cahaya Berkah Abadi,"4VPJ+PQX, Damai",Kabupaten Sidenreng Rappang,Sulawesi Selatan,https://lh3.googleusercontent.com/gps-cs-s/APNQkAHKm8bfUgwa5yo4QezlG2xe1GcYI-SDHVN-m7WAS3sgVc6_6s6OHG3qCLTrecQdDoffwDlrpQZTvBCKrtGufi5-TXwM-wqXLfPKxq42h2XrDmwvDr0Od72oWg22-fgLCNtUGkM=w1200-h800-k-no
Eduwisata Mangrove PKP Bone,"G9CJ+62, Waetuo, Kabupaten Bone",Kabupaten Bone,Sulawesi Selatan,https://lh3.googleusercontent.com/gps-cs-s/APNQkAGICerlP6yL66fRBMM_78vGVuqim2YVzN4qmFexLsZb135XAOQWtdnlBdBnqbephTrwkB3wolzGW9g90QzumN9Ojwf-U4XEr8HYFzS9k_wmxdBTvWM5zQW_TXg7SZ3wDuT3r9w26ayPAAA=w1200-h800-k-no
Minawo 2,"RR9G+65, Tellulimpoe, Kec. Marioriawa, Kabupaten Soppeng, Sulawesi Selatan, Indonesia",Kabupaten Soppeng,Sulawesi Selatan,https://lh3.googleusercontent.com/gps-cs-s/APNQkAGH9G76BvJ1x5jY6PJLcIdoxbktIYN158jkc5iYGhoeVJbwojm3EUznbx10bjjhJERGK5lkgMDRR4iL8qyhThxg2rkkGv5UMhv9M14_-87ACR9Aezu910-ozHh6PDdQEORGuL02FA=w1200-h800-k-no
KOLAM PERMANDIAN BUKIT PELANGI,"FV4V+P5W, Bonto Langkasa, Kec. Bissappu, Kabupaten Bantaeng, Sulawesi Selatan 92451, Indonesia",Kabupaten Bantaeng,Sulawesi Selatan,https://lh3.googleusercontent.com/gps-cs-s/APNQkAHfJCdHRFei2_3t-48G86y1UMnad-vVkx3Sh4Z8rQGzNNoy7bZ_uvV01Zn5OE7E7SMon4y23yRNDfCFGUGhKXELdFjzy4sRDq3ckC70qZlE5BVYcuB7pCITwVUZGWMwsTsBgA9kMA=w1200-h800-k-no
Pantai Tinonnong,"CW72+XVW, Jl. Poros Jeneponto Bantaeng, Tino, Kabupaten Jeneponto",Kabupaten Jeneponto,Sulawesi Selatan,https://lh3.googleusercontent.com/gps-cs-s/APNQkAFmbcD3PErhK2meVhRx3L3Z6nJRIEnvxFN5nwho320XmJ7MuvJP7p3yonTKxO5iTfeyarcckjqPk-tObz8o01772dl3sFOgVNYmZ06Iu-6QoFw8eoVZNmIN9G1M34SBsw08lVs=w1200-h800-k-no
Pasi Gusung Ecotourism,Bontolebang,Kabupaten Kepulauan Selayar,Sulawesi Selatan,https://lh3.googleusercontent.com/gps-cs-s/APNQkAHomESYYDXebo5KCvRcArzjsHTEWj7rwo3twJ7TqB-fkRXtRmq4Xuwm0_R426Fg3TRD53OAngu6ELp0iBYPb59NAlPXXTxuvZZABjWegg-Ry4-m5-E4scfscA9N7PaAm1Xx6OQ=w1200-h800-k-no
Sunset View Mangrove Selayar,Bontolebang,Kabupaten Kepulauan Selayar,Sulawesi Selatan,https://lh3.googleusercontent.com/gps-cs-s/APNQkAFwDNCz0XxAVEZTdaJKa3QZu6WJxreq1ZeCLnRteiWdt2eLjp_IMtAqjdXeDh7wQE45OJXhFyd4zO9Qdx2YvV2CaySi6U3YTfv1n3AvyUJkA-xcipMvrkmgGJZ9nOxR2dZHg68=w1200-h800-k-no
Attalia Waterpool,"Attalia Waterpool, Bontobangung",Kabupaten Kepulauan Selayar,Sulawesi Selatan,https://lh3.googleusercontent.com/gps-cs-s/APNQkAGBQt2AURxajGzZpb9gYfSj4lotxHD5TvWuq-4TjAAnKYstLCW4DyNRInEOfYhuGz1wrlEg8yOG_r7TIFa3X8RHlIzhCCK_xs32DSviDwbMds3epuqII_VGLLgabNWBSMSNYrdZsw=w1200-h800-k-no
Bukit bau selatan,"MP75+97, Bau Selatan, Kec. Bonggakaradeng, Kabupaten Tana Toraja, Sulawesi Selatan 91873, Indonesia",Kabupaten Tana Toraja,Sulawesi Selatan,https://lh3.googleusercontent.com/gps-cs-s/APNQkAGbiyY2MRCl1eiu2aJ7JeHLPFVdD9iiubGu5qg205sPN4mrRgGpsAyDB-EvT89yrDRiDFASO1mmS3PEtVpFyHsVDxLcfiK9AinpoIFnu9ahS_TpDIc8MEF0Tgd7k_IwFO5iirat=w1200-h800-k-no
Permandia Matua Baru,"MRVF+5X4, Buntu Sugi, Kec. Alla, Kabupaten Enrekang, Sulawesi Selatan 91754, Indonesia",Kabupaten Enrekang,Sulawesi Selatan,https://lh3.googleusercontent.com/gps-cs-s/APNQkAEd4Wkkp4ZXM3sTd66twMUDFZx8KAOC2enyZiAOPw47NlmrpQpWSvXcjJUOjJExNvAWB55lYDNRIOlxphQzjTdDcWydby0_qRsC0TQEWQ8_rVW93AwIMF6cmI9Z1POYmGcNCpYt=w1200-h800-k-no
Air Terjun Lena,"948C+JX, Tandung, Kec. Sabbang, Kabupaten Luwu Utara, Sulawesi Selatan, Indonesia",Kabupaten Luwu Utara,Sulawesi Selatan,https://lh3.googleusercontent.com/gps-cs-s/APNQkAHLSwTiQ6ISYs4LLbD1v4Djt9kpS6H72K8bC8kmd5RAmN42PYAVpwapP_-QUed33C0zw_Cv3eW6CGMOw6WoWqU8VFc1t4QgK9V27dVx8uidMb8077gPI5f5X5p4E7XUTP99EWsb=w1200-h800-k-no
Desa Matano,"H626+CWV, Matano, Kec. Nuha, Kabupaten Luwu Timur, Sulawesi Selatan 92983, Indonesia",Kabupaten Luwu Timur,Sulawesi Selatan,https://lh3.googleusercontent.com/gps-cs-s/APNQkAGcSOPetux7vlsoPmCpLb4RNaJ9KHxmJKaEleblsRZD3a838uPHsnoEYE50fHfw95Lq9IIUAWcWhlZTYWrxlCTAc3vhADESefAleC8JQxTpRAya7g2Bt6NHpdSAju4bHyuQ77f5OLjFCZ2g=w1200-h800-k-no
Air Terjun Tutuasan Desa Kauneran,"7Q26+68C, Kiawa Satu Utara, Kec. Kawangkoan Utara, Kabupaten Minahasa, Sulawesi Utara, Indonesia",Kabupaten Minahasa,Sulawesi Utara,https://lh3.googleusercontent.com/gps-cs-s/APNQkAGdZTNFX_0l7Lzuf0gRZlvdmOnBfj2Xm2VTqirjd1IMMi868l_LrWeBtR8vDQakMqXm90pODDEahY0xzoGRTHj5ySvTlJxPm_SeuGF0QwZ5nZP5uGzamXgCmal42L7VNYvUcScc=w1200-h800-k-no
Air Terjun Teka'an Tincep,"7PGV+Q5F, Jalan, Tincep, Kec. Sonder, Kabupaten Minahasa, Sulawesi Utara, Indonesia",Kabupaten Minahasa,Sulawesi Utara,https://lh3.googleusercontent.com/gps-cs-s/APNQkAHlJki4CY4Z-V3DxKLgcIjno_VxRSL5ZRNmuQLnPn7kram0_YxdeLrsA1MA_Nw8XjZmudFKZwT9q46nbMdNoEgylPTGArb7aZK6UD_2ngBBmbR4KWoXtciIqa_pPSX8VY3gQjE=w1200-h800-k-no
Ekowisata Mangrove Desa Bahoi,"P299+6XQ, Bahoi, Kec. Likupang Bar., Kabupaten Minahasa Utara, Sulawesi Utara, Indonesia",Kabupaten Minahasa Utara,Sulawesi Utara,https://lh3.googleusercontent.com/gps-cs-s/APNQkAHS83nx_OyBuVDywvVduh_52tqLXtRQ1lmydp6V1UnmN9bn3dDiU65eLhnTuilLwFKOcy_6nWwW0-tv_xKI9yqf0MbsY5j07ByX6r52sY9L8B8EUmMdNt7_7hAgz0tC_CdZ5uY=w1200-h800-k-no
Paket Wisata Likupang,"Jalan Mapanget Barat, Mapanget",Kabupaten Minahasa Utara,Sulawesi Utara,https://lh3.googleusercontent.com/gps-cs-s/APNQkAFbsSnHmuySuH9I59L6fnjK9GuXfDoZm-JS_X3lUJ6w5x58y2yojaYGGmEcPCz_tzK3zExcNh56XN2J0k8229zIXeutRFk6i54XQHxmAQMpqZMpS5c_J_FXh8S9nbuhX6OreGMp=w1200-h800-k-no
LOKASI PENGHIJAUAN PEMKAB MITRA,"4M5Q+XP kebakaran pasca hutan rehabilitasi penanaman Lokasi, Ranomea, Kec. Amurang Tim., Kabupaten Minahasa Selatan, Sulawesi Utara, Indonesia",Kabupaten Minahasa Selatan,Sulawesi Utara,https://lh3.googleusercontent.com/gps-cs-s/APNQkAH0sNSDl3bhnU7Z-_zJSRFM6Hlsntoy09FFkJsv2PzyjSHJkW4i_rF395JD3ejpozbkPkuaGCxJZ528D3v34RpIyOq--9S3IwcaGgUm6PIH-FLx_OKOq-9lRh64Ue9j-2H2zmJb=w1200-h800-k-no
Air terjun pinosaula,"RH2H+X5G, Huntuk, Kec. Bintauna, Kabupaten Bolaang Mongondow Utara, Sulawesi Utara, Indonesia",Kabupaten Bolaang Mongondow Utara,Sulawesi Utara,https://lh3.googleusercontent.com/gps-cs-s/APNQkAEpoo4IWZeQlU3OKQfhvN5JP-W7lThiX6f67fHi42z4OlSKJ_TfJO68QCF3EMZOJ6zgl_cL0Xt4oMdeNZQJLOXahZ8Vr7ht42TpqVUBNyGNOKzYKLYyc7zGbKsiqgspCETpGmFVhw=w1200-h800-k-no
Taman Wisata Pantai Hesang,"CGV3+95Q, Hesang, Tamako, Kabupaten Kepulauan Sangihe, Sulawesi Utara, Indonesia",Kabupaten Kepulauan Sangihe,Sulawesi Utara,https://lh3.googleusercontent.com/gps-cs-s/APNQkAGU5KjXlq2s8JCTg0lcFRf49odFfjwPNwz3t-Uo6peF2c4FD7yc9jROC5E1yX9-Y1FcC77NsJusJvs5c6ev3UqhepU6tmfzVF1_RpPLP-7PNEzwL7v-6owkU4akcbNWptBsvbEi=w1200-h800-k-no
Temboko Mini Wisata Siau,"Q999+HVX, Hiung",Kabupaten Kepulauan Siau Tagulandang Biaro,Sulawesi Utara,https://lh3.googleusercontent.com/gps-cs-s/APNQkAHIRUYtIn9tKgyhHgFGnuryLnCvmAJbifsFxQ2MceZ8av1bp5okNu12_vlhCwqhMdE4gCuNfC50FbIOvr4LusVagDCa63euswdicZXDglumI-dU2SRAcYr6yKSwUwDAOzX4IPhb=w1200-h800-k-no
Burias,"5RMJ+J97, Desa Alo, Kabupaten Kepulauan Talaud, Sulawesi Utara, Indonesia",Kabupaten Kepulauan Talaud,Sulawesi Utara,https://lh3.googleusercontent.com/gps-cs-s/APNQkAFK4inFx2ueJZCYpVQ0KrEWCnGGQBoG1IzrD-KYUTCo1K6RI66n2Ub6TRWNX2z0ML5T7n2f0lF_1588Fn-_pFZezGvNvEcYH71oQPc9dHG9MjBfnpybio2NvmPXzKdYfdChcWYQIw=w1200-h800-k-no
TAMAN WISATA 9 MATA AIR MEBERE,"Jl. Tekukur No.8, Lasoani, Kec. Palu Tim., Kota Palu, Sulawesi Tengah 94111, Indonesia",Kota Palu,Sulawesi Tengah,https://lh3.googleusercontent.com/gps-cs-s/APNQkAGWL-qfqPmfi8qZUBp5m6WTcjmX4imv5v6KdRaMfk469NRD-Z-fg7DuD4pGVQSzdVmGUIJKpQMj6MEgT77VcPycPUBO2mY6h73717lneSHFfzLHblzg2gCtwFyHmD9VgwhkBQxU=w1200-h800-k-no
Pantai Bamba,"7V63+RFC, Panau, Kec. Palu Utara, Kota Palu, Sulawesi Tengah 94352, Indonesia",Kota Palu,Sulawesi Tengah,https://lh3.googleusercontent.com/gps-cs-s/APNQkAGi5rbJAY6SjBp7szdNBIPRUwz4MR7LkQxEeIe7-ViVC0q9kHQQvbWLDPMehc3i0xuiLTxNEPfyLZTBKnDIWLPOkFo7QXdtEmReBcyBY86gAJ_vR6bXjIRSqfCrDn78DbcGNV2Z=w1200-h800-k-no
tebing sunset bonebula lifutona,"Wisata, tebing sunset libutona, 7MR8+4QW, Towale, Kec. Banawa Tengah, Kabupaten Donggala, Sulawesi Tengah 94351, Indonesia",Kabupaten Donggala,Sulawesi Tengah,https://lh3.googleusercontent.com/gps-cs-s/APNQkAERJUqXjOxlNVe-Wrf7a79R11pNkW9axI-M-raYju3grpGkFsj8MY1kSe7lfDEpovezUNhzC1O_cuksY4Fq5GrhFzuAQWVR2291ypX7YVpLrUm_E0Gmbp3k-hRAsPs_lSjSHOs=w1200-h800-k-no
Paisupuso Jaya,"CG54+7MH, Lompio",Kabupaten Banggai Laut,Sulawesi Tengah,https://lh3.googleusercontent.com/gps-cs-s/APNQkAHIIk9yqK4dbj47f4vuY345JmdNdVPEvUQ_b9Omn2jVBqyWrE3FFZRBCNZhXwA0pF-eajRsXZI-vQ3SueyM3eJmFOPmL-yFqAr-sTtiJ2-kSJXjvKvVZ34r9MK2htmE17sGg227=w1200-h800-k-no
Pantai Amine wa Myriem,"GH56+63, Lokotoy, Kab. Banggai Laut",Kabupaten Banggai,Sulawesi Tengah,https://lh3.googleusercontent.com/gps-cs-s/APNQkAFILqhoE_-_a2ZrhAEzhioX4WWJrT0-_URJHb0RLnWqZv9VOG9eiaY-iTS-fZ-p-FYwN2RxxAJPuO00R0mAXJvcyzirTjLj88u0HjCZP_N-JOjOR_VUzC3a7KHo9ys9ItrTo3Zy=w1200-h800-k-no
Pantai Batharagala,"5FW8+C9P, Motui, Kabupaten Konawe Utara, Sulawesi Tenggara 93352, Indonesia",Kabupaten Konawe Utara,Sulawesi Tenggara,https://lh3.googleusercontent.com/gps-cs-s/APNQkAGMT0xCXX6obsLiP_g8Aw2VzIONwxGHn4STLj5PF_kFRrHnsbPmLq3UHhhggpFMq0pwWrQIJZRGbAdYmWTr-y4O4CScLXPaNAaFj8JOCPCqKv0In719zNorvGYp9KXKz5GTCGD1=w1200-h800-k-no
wisata mini kolong jembatan,"XH8V+8HR, Sakuli, Kec. Latambaga, Kabupaten Kolaka, Sulawesi Tenggara, Indonesia",Kabupaten Kolaka,Sulawesi Tenggara,https://lh3.googleusercontent.com/gps-cs-s/APNQkAF8u1B7lva-tldunjORw4m2D-Mu3WCB1kIQg9wuW9zG2DfRdnBvLcfFusRi1ih-u7V9Q7tWYkd5YWwG3ciPU1kVo05LWSvR83HEpENSKYIJKF6grWEH8ZzamUQ6fLPcS4UJz91skKs6D5TD=w1200-h800-k-no
Pantai Lantowua (small beach public),"72FM+5PX, Lantowua, Kabupaten Bombana, Sulawesi Tenggara, Indonesia",Kabupaten Bombana,Sulawesi Tenggara,https://lh3.googleusercontent.com/gps-cs-s/APNQkAHt2JyTfkYVUkJi0WmgyYTzuiAqAMhpGIVSWoOUgHZzaJnTDjmbO9dUwW4KmMMLMJ_5YrpRdf8-E_Zv2e3Si9aSeiLV9Zm9TPeMl77nob0go7Xa_0mlw9MsdDfP6oWTfLSIWStogSCDuq09=w1200-h800-k-no
Pemandian Vatu Meleve Lakambula,"PRFR+WX4, Teomokole, Kec. Kabaena, Kabupaten Bombana, Sulawesi Tenggara 93781, Indonesia",Kabupaten Bombana,Sulawesi Tenggara,https://lh3.googleusercontent.com/gps-cs-s/APNQkAF0OxYLTd0BsYtVm-Fi8gRZthepc9Dk66JyRkebcCG_xXYt5H-QNcImNDxZxmM7yO-HFjZ5-vo9sT9WW4or_5gm2gTWa4WWTdnocEFLjT_oPGfnrGKng2jciaKmygsx7_uWwZ0BTzJY7JZ9=w1200-h800-k-no
Danau Cut Nyak Dien,"59JV+765, Mekar Jaya, Tiworo Tengah, Kabupaten Muna, Sulawesi Tenggara 93653, Indonesia",Kabupaten Muna,Sulawesi Tenggara,https://lh3.googleusercontent.com/gps-cs-s/APNQkAHAi1rL65dtrqfdTOpvT8G00odTMHU4dTrbhNuQPK7lIqI-ZcGHCi8G-ZSkquxpYkYlMNbkb7barMAr84TvazFaMjIhNaphP5Nz8WK9q26FNr29WLdDXSL5XHUwiimiFzxY9XTB=w1200-h800-k-no
Danau Moko 4,"RHPM+GH, Fongkaniwa, Kec. Tongkuno, Kabupaten Muna, Sulawesi Tenggara, Indonesia",Kabupaten Muna,Sulawesi Tenggara,https://lh3.googleusercontent.com/gps-cs-s/APNQkAEXfk_-TF8bUME3lqeQTNVZIzEH1XByjKWeM18G6cS5L_Wq76dyBvDu2XRpjuw6yXNTzEOHuhnMksUUYd__w0dJCUWjJ-N6z1gcST_pvCgm9z-Wgojsp0Ake4i2RHhMZemL9Wc=w1200-h800-k-no
Keraton Kerajaan Muna,"2JF5+X6W, Lakologou, Kec. Tongkuno, Kabupaten Muna, Sulawesi Tenggara 93352, Indonesia",Kabupaten Muna,Sulawesi Tenggara,https://lh3.googleusercontent.com/gps-cs-s/APNQkAHYmNPYma8CrYUGPkGd71B6Z2PlPqDpfPnI-fTfjD1vfUcP5cjNYLxx5VbD2eB6rxLYt9_SaE3SYZkncsHCdIsF__zGRBI8u-Q6RBk_eRPV0emC7v8aT9eX6WDTLWMiHwPMYpuA=w1200-h800-k-no
Benteng Liamokute,"Unnamed Road, VHMJ+4WV, Lamorende, Kec. Tongkuno, Kabupaten Muna, Sulawesi Tenggara 93662, Indonesia",Kabupaten Muna,Sulawesi Tenggara,https://lh3.googleusercontent.com/gps-cs-s/APNQkAEvSXfkicsiHz6MDhteoWMql8X3wXShrRhaAhJGeekAOIi1PAnhPW-Jz-QUlPb1suQj9zAi1yMmarnp8pJL0O0jp00S8KaBg7OcDjMucbH0h8S-G037XJclEsZ1EW5DD1xPcpyZeQ=w1200-h800-k-no
Danau Pasi Bungi,"JFF5+XP, Wantopi, Mawasangka Tim., Kabupaten Buton, Sulawesi Tenggara 93762, Indonesia",Kabupaten Buton,Sulawesi Tenggara,https://lh3.googleusercontent.com/gps-cs-s/APNQkAGvQUdB7HTP4zYasYK7tNc7OyUtmj8ANkGDHrtu8EsivEMeTV1hQsHn4jmfW8tPIQmLTjNxqUwBnJ8chv-Ozw_cYxPMsnEzn22u_h0jeMGOCTcjKSisf8W-iTR3n0IDTp3b9Ufr=w1200-h800-k-no
"Bukit Lambaulele, Desa Lapandewa, Kec. Lapandewa, Kab. Buton Selatan","8QVC+9QQ, Gaya Baru, Kec. Lapandewa, Kabupaten Buton, Sulawesi Tenggara, Indonesia",Kabupaten Buton,Sulawesi Tenggara,https://lh3.googleusercontent.com/gps-cs-s/APNQkAFwdfDPWiHPYCtq1Io9qkFabkW98mUlrwhIulzCW1ec0_akaG5WVhflmKeoKzGLJecctXhuQqRRRRaiSmMc6a2mY7KyZbI4aOgusTo0-9k4leBYmliKOvkHcbV5QXTNL_QQzgDd=w1200-h800-k-no
Pantai Hongaha,"Kulati, Kec. Tomia Tim., Kabupaten Wakatobi, Sulawesi Tenggara 93797, Indonesia",Kabupaten Wakatobi,Sulawesi Tenggara,https://lh3.googleusercontent.com/gps-cs-s/APNQkAHzJLWDPWyShENxtEfGvP0EYDhrNd5DKJVJW6Bk5IIbxJ4U-a-NMeuvOzxPfGLajiDv-y0brrvwMaLK_p5j7LrLt4mRx6NsOrSvWvNxtsDwAYg_5d3WgKdzloQP2T7bAWzrFo8C=w1200-h800-k-no
Waduk Bukit Cinta,"3, Tobadak, Kec. Tobadak, Kabupaten Mamuju Tengah, Sulawesi Barat 91461, Indonesia",Kabupaten Mamuju Tengah,Sulawesi Barat,https://lh3.googleusercontent.com/gps-cs-s/APNQkAHqzZRC4Of4ATBqC7Mqi8--MLg600OCclwinOR4bZGu50EPSKDFP290fGWzvx-TggZ1HiZlOhfGR3HtxmnnmYUdx7pNcqY3vKq7BdUZbWXG1GufR45hASCvGerogeQAXBHa4Yn0otpClSpX=w1200-h800-k-no
Pantai Kire,"V59R+MR, Kire, Kec. Budong-Budong, Kabupaten Mamuju, Sulawesi Barat 91563, Indonesia",Kabupaten Mamuju,Sulawesi Barat,https://lh3.googleusercontent.com/gps-cs-s/APNQkAGjQx1y8HlQi8wn4n8-gJXJB_B0fYgIZfRERfTZSG2EXJp0vWK6bZ8ChXukl1paSSLGtSdL1eagobK66hhZx2s9D-R_FQMyIiDhD0jrbuiQSsMFSQpvfq6LEEtOJNNCe9WGVs6_=w1200-h800-k-no
Lorong Lembang Bunga,"GXXX+62Q, Lembang Lembang, Kabupaten Polewali Mandar",Kabupaten Polewali Mandar,Sulawesi Barat,https://lh3.googleusercontent.com/gps-cs-s/APNQkAGiUG4bluIMGydbQrbEjBzqf5m4wMEykYj8T34zbIkGKq5sFkYk7yll1RD8t52iANXq1dQMuTKodY6_yFTEf_kHhUpisMbbFzo2PayOZvXQ81-FD-TbZwSE3vuvSML2xmkuQanIBkPp3MWB=w1200-h800-k-no
Wisata Bahari Bakiyaluli,"FHX4+6J4, Bangga, Kec. Paguyaman Pantai, Kabupaten Boalemo, Gorontalo, Indonesia",Kabupaten Boalemo,Gorontalo,https://lh3.googleusercontent.com/gps-cs-s/APNQkAFOqdI8BdmTkEPPEsm-A9bcuKgc1_7ZRz21Hj9dJuHysMl7p8FBZlAoqx37dtRa4WtrnOX1o2x4UPuJ4QjcYJwYF23zlXe1qGz3N2Mku_4jBhgjOmSBk3xQ4Rdu0l__DaO3k-sJmqWF1EUE=w1200-h800-k-no
Home Stay Mutiara Laut,"Desa wisata, Torosiaje, Popayato, Kabupaten Pohuwato, Gorontalo, Indonesia",Kabupaten Pohuwato,Gorontalo,https://lh3.googleusercontent.com/gps-cs-s/APNQkAGKo6c8f3NPUXuAy_e9UnbYB7qi942ezTJMJoX7in-QRwlFKTlVVJAL7fTNi_VxZepIzYps-FfE8nIGoYHusi6JyiNjwCCe6P7UXEkj-merCqfSaGW0iwVjhlyC0qFXlw8RqnLvuQ=w1200-h800-k-no
Coppo Tille,"Coppo Tille, Kamiri, Kec. Balusu, Kabupaten Barru, Sulawesi Selatan, Indonesia",Kabupaten Barru,Sulawesi Selatan,https://lh3.googleusercontent.com/gps-cs-s/APNQkAEtXNffASvtf8MXCEojHmEjeYhYhMlf-HMbCUQ07GYxswDlJ7EJyVuhPWRe9cNx5fBRmGkkqp8R8Lf8pCp-x6ScaojCx-LNiKJTlMJWnQAviEJ4j_r1ejd2oMQ16NE5OPwoOKSg-Q=w1200-h800-k-no
Desa Wisata Jembatan Pelangi Lagading Kab. Sidenreng Rappang,"Lagading, Kec. Pitu Riase, Kabupaten Sidenreng Rappang, Sulawesi Selatan 91691, Indonesia",Kabupaten Sidenreng Rappang,Sulawesi Selatan,https://lh3.googleusercontent.com/gps-cs-s/APNQkAGT2ReVZNhgXgtJrhgvj8kRxScY16-hm3Ja_qtue8TBWZ-Nb6svrngWZtADuC1cQGsDLkf3lBKMvV_1gb2iZmwMfUF_E9spOxaenskPsJTV9xiC7mc_e2bTU5vFAt_S9fqzL1qR=w1200-h800-k-no
Puncak bitung,"JVCF+8M, Lalabata Rilau, Kec. Lalabata, Kabupaten Soppeng, Sulawesi Selatan, Indonesia",Kabupaten Soppeng,Sulawesi Selatan,https://lh3.googleusercontent.com/gps-cs-s/APNQkAE1HF7uF9g5mE8d4Z69HZFmBy4fAZBQ7cmCuXwhGgqzoaAK7BZY7AkUOm0m1P1ZWCrAKC0d0wnvUSIgNoxQ4PorTA4szuCRaIwpYj9auoMeq-nYHEi895cNSHqRhOfr3lvy57c=w1200-h800-k-no
Lake Seper,"928W+F2G, Kawiley, Kec. Kauditan, Kabupaten Minahasa Utara, Sulawesi Utara, Indonesia",Kabupaten Minahasa Utara,Sulawesi Utara,https://lh3.googleusercontent.com/gps-cs-s/APNQkAFWgS4FY5n872z2FZ4cvGSNGH8MKXFK7CGkapeGW4gmuwmfhja4fVhuiSqFtvVYaPfTP7iaZvSp9u01rQFUL8OzILXuWrqzBhn2OKJwqPfCq9DH6J9dg6hI7KmbiFgdLEz56cuG=w1200-h800-k-no
Pomantowan Passi,"Passi No.2, Lobong, Kabupaten Bolaang Mongondow",Kabupaten Bolaang Mongondow,Sulawesi Utara,https://lh3.googleusercontent.com/gps-cs-s/APNQkAHv1CBDMTmRd3FRfOR1OPCmGcgqbwNHzEu0rgFXg9VALvaprMA7-o0wB5w_aWvbteX4bO5GQkalYB3vnF7l5wxP24DPimhmWAAuC2NrwTdOPaqpEAEQDfwc_b7Hf7TT7Zr5SoZE_QxjuNy7=w1200-h800-k-no
Wisata Mangrove Park Desa Bulo,"JWX6+RP3, Bulo, Wori, Kabupaten Minahasa Utara, Sulawesi Utara, Indonesia",Kabupaten Minahasa Utara,Sulawesi Utara,https://lh3.googleusercontent.com/gps-cs-s/APNQkAGSfpDddUtb_l0HR13tspX1iIQiVVR_RsFkHukQTPDccCgotThkfQd2RyYXXZxtHpaPUXuZ8uYexHF5xf_XSYzrHbANYuW5e8gR_Phblnu23gXx3prx37_5v8VbFTeY4tXIrJsw=w1200-h800-k-no
Pantai El-Shaddai,"RVQJ+C2R, Jl. Trans Sulawesi, Babo, Kec. Sangtombolang, Kabupaten Bolaang Mongondow, Sulawesi Utara, Indonesia",Kabupaten Bolaang Mongondow,Sulawesi Utara,https://lh3.googleusercontent.com/gps-cs-s/APNQkAFi2W49OFl1L34DejRX-7JDVgICvWZVqpr-psEiEncw0JGNBcVj3MVAIN5PM-KNaqdF5lyp_1ZE2xYsoOB10TNaSINXRFVY5Qha5naUdfxMxCyrgY_zcKinSobttetZmRVLk0Nkgw=w1200-h800-k-no
PuLau Laga,"HHF8+G9X, Iyok, Kec. Nuangan, Kabupaten Bolaang Mongondow Timur, Sulawesi Utara, Indonesia",Kabupaten Bolaang Mongondow Timur,Sulawesi Utara,https://lh3.googleusercontent.com/gps-cs-s/APNQkAHcfqOypbscCYBEOZdw2UJ5IJA7jWxQL2tGu0m5Qks_Jx2sk7G1pxsMo3_1Bg8WNk9M9vv6GJVGUSVW1fbt56S6KlOOCyCfegm00qQAFRC7D9ko1XcY65v6nrttZmQwsrGWyki1=w1200-h800-k-no
Pantai pemamengketang,"JH6Q+JJ4, Rendingan, Kec. Tabukan Tengah, Kabupaten Kepulauan Sangihe, Sulawesi Utara, Indonesia",Kabupaten Kepulauan Sangihe,Sulawesi Utara,https://lh3.googleusercontent.com/gps-cs-s/APNQkAFHBWIeEWtYbKXt-ghYX2WWz8ufKvAp7Deio0zL17Tmvr7MTLUTEhBwayd4vu1uucquN52NA0vXe0HFUli2U9xbnUPLvAVzH7uGaVX-bkunZvy8I-yQi3sF2VBm0_EQSyXI2Bk=w1200-h800-k-no
Bado White Sand Beach,"Bado White Sand Beach, South Petta, North Tabukan, Sangihe Islands Regency, North Sulawesi, Indonesia",Kabupaten Kepulauan Sangihe,Sulawesi Utara,https://lh3.googleusercontent.com/gps-cs-s/APNQkAGGSNCQpM6co5V86W86izQ3KTFHAI6zL-IP55IgnQFmW0EqHoqNWyhJ4Fs9m8CVebG9Ixq3LDvwVBhDiv3QWL5SVrzxV-NHb4ziF-Mr9tEHO19EJVaaTa0WC3oPER7IEMlsi130=w1200-h800-k-no
Nusa dolong,Nusa Dolong,Kabupaten Kepulauan Talaud,Sulawesi Utara,https://lh3.googleusercontent.com/gps-cs-s/APNQkAGh2KhNiVcYanntJ3Y6N7p81T5RTTUroTaI2y7NQbsL7AgASRQRrlwRpdCnHMNj0QECfvvt1_PPD5lTG3gT78Nw40wTFPYS2FetN1P6mCwoaHgxZoitmq-N04AGGFYaa1EWx_LN=w1200-h800-k-no
Bolo lia 1,"7MV9+GQ, Towale, Kec. Banawa Tengah, Kabupaten Donggala, Sulawesi Tengah, Indonesia",Kabupaten Donggala,Sulawesi Tengah,https://lh3.googleusercontent.com/gps-cs-s/APNQkAE3n_0yFTsVKcMCtBG0aeUeFRCETXwX00e_mrPApVg15w5vvCpVUAUnxPIceYgR3fgffePr5rU-4AaE6rGpeHCMzUfnv0DTkN9ZL3O6ElUCVDf_MnMgAcNtcFzxmSMnrxRyZFI=w1200-h800-k-no
Objek Wisata Gunung Batu Kapal,"2C67+HJG, Suli, Kec. Balinggi, Kabupaten Parigi Moutong, Sulawesi Tengah 94473, Indonesia",Kabupaten Parigi Moutong,Sulawesi Tengah,https://lh3.googleusercontent.com/gps-cs-s/APNQkAEWqD-FBYLIuGIIriHiMqrxi213j0QQ4gG-bUkecbXx35hv6eVYhloi4j5erE6_6WLE-_SQEZ8y0v-Gm1EHQ9lEYHWDKxV60QJCKA8pq1ai01C-lLn8bHlKtEbhV6XE_Un6dVePDzrAoqQ=w1200-h800-k-no
Bukit Matean Tina,"82J4+99Q, Geresa, Kec. Bungku Tengah, Kabupaten Morowali, Sulawesi Tengah 94973, Indonesia",Kabupaten Morowali,Sulawesi Tengah,https://lh3.googleusercontent.com/gps-cs-s/APNQkAFgVe1zvftJmwd85culV3CVtSLopLxhCLs80wM7cdYmVpQtAGDFHgixCKEfSUZI4MrpuSGG80LRdPXX0A1AMAQdGzNjpxNyMb9qF2QZAmn5drXqi0lP39ITlWS0FLajI9GBsBf5=w1200-h800-k-no
Bukit Langit Kota Luwuk,"2QWJ+55, Kompo, Kec. Luwuk Selatan, Kabupaten Banggai, Sulawesi Tengah, Indonesia",Kabupaten Banggai,Sulawesi Tengah,https://lh3.googleusercontent.com/gps-cs-s/APNQkAFicvBUcHCG3L2wh--Ztz8A-mUQ8SBSVm6587mPaPMMa-9IzN6sRdJt4X3Wiv2biLqtPyCgIEfYUY1RsR9j3hySizuVoLySmffj2BZVrpDFRw4aDAKPhuVVyYpsck-A-PrBwIrpXQ=w1200-h800-k-no
Kelapa Cabang,"7848+C3W, Jl. Buol - Tolitoli, Tuinan, Kec. Lakea, Kabupaten Buol, Sulawesi Tengah 94563, Indonesia",Kabupaten Buol,Sulawesi Tengah,https://lh3.googleusercontent.com/gps-cs-s/APNQkAHTXUed6B5M25mqo9Qq-g4Lo3GBpxY4Jyk_CP3URDehovFARbPJcYV4zIUBS-WfuQGoWFbbArKvG27EfOHrFW79E5zlIG2GynzL-rkWA-wuiAORfsyR1aqtfkW251S7vPiaqUc4=w1200-h800-k-no
POCI,"XGF8+XV4, Lepo-Lepo",Kota Kendari,Sulawesi Tenggara,https://lh3.googleusercontent.com/gps-cs-s/APNQkAHLjXV70rIifSJxG5PiuB3mEaiwkqYOK5fFydKmG50F_piRm--8grYigsRA41qbPFoqEFq7tMv9MhRDcJ8-7VwAvuKUB9eCCTha5mXeFc_u-frfAYBjmAtW8--23kfxW1XyVa4m=w1200-h800-k-no
Pantai Topa Sulaa,"FHW5+4MW, Sulaa, Kec. Betoambari, Kota Bau-Bau, Sulawesi Tenggara, Indonesia",Kota Baubau,Sulawesi Tenggara,https://lh3.googleusercontent.com/gps-cs-s/APNQkAE2zplLIpCtBYrUOgKzEJdQl_NH2lBLkrGTXpSsfV_KLWRMd-DiNzRKgQ8X_yhxV_szo7HHCkHvmXaJcECNZ_Q1WNgDMffv99-YVTVlI0QQXyYYWpKakUjYuQDSXWwRb7PBTH8l0A=w1200-h800-k-no
Tebing ujung kota,"FHH7+C9V, Sulaa, Kota Bau-Bau",Kota Baubau,Sulawesi Tenggara,https://lh3.googleusercontent.com/gps-cs-s/APNQkAFxVG5_dJ5TpRZIX5qf0_LfSCP45FJDKXyhvdKrpJtfAcnRdp-RI1KXAPuT3mn5nxucrvg1GPjic4F1617SzToqn4n_xvR2VYHX4FD31uxyUkYOhfjB4FbY03326Sc_8gu5uW68=w1200-h800-k-no
Basa island - Bombana,"5G65+VQC, Kec. Poleang, Kabupaten Bombana, Sulawesi Tenggara, Indonesia",Kabupaten Bombana,Sulawesi Tenggara,https://lh3.googleusercontent.com/gps-cs-s/APNQkAGW58AH0DhIx5NhuSt5cVND0eJIDCE6M48jZ9K77WlSnZyMmBBT_d6F4K4vY-MO7cz1xp7PKvgm1KTS6iv2qSKAKboBzB87tDtPIKlsZomzq9vLvzPuTYP8SSuuskDCzfGyBaXTRlLA3Ag=w1200-h800-k-no
Pantai Toromaginti,"43XF+GP, Mawar, Mata Oleo, Kabupaten Bombana, Sulawesi Tenggara, Indonesia",Kabupaten Bombana,Sulawesi Tenggara,https://lh3.googleusercontent.com/gps-cs-s/APNQkAHT12VWXBJMVNgDaTpcIl5uJQ2VvIpTu0m6OPm_ivBXMkzkZyHqFP4PIVttyCuHQ-mYDddBNisT8--HxfilGL1VgBtDrcu-xQCvb9CG0FDHvXNGCzfZGewOutB4leW287f285de8Q=w1200-h800-k-no
Landuli,"RVXG+X7, Tedubara",Kabupaten Bombana,Sulawesi Tenggara,https://lh3.googleusercontent.com/gps-cs-s/APNQkAG0CNaQaulMOtDYbrOC4rSTHEK3lubncy1zZscJSKwln4HnVAYbWjnArd8T7qc4V_Sy_2vQ8vdaucz6UxnjSEt-JxZZskjtekEztFoAeBLgEcjrtVwt1E4pbkU8woSLgjunANIuUu-Q1-3w=w1200-h800-k-no
Danau Ubur-ubur,"4Q26+9J, Lohia, Kec. Lohia, Kabupaten Muna, Sulawesi Tenggara, Indonesia",Kabupaten Muna,Sulawesi Tenggara,https://lh3.googleusercontent.com/gps-cs-s/APNQkAGkygPTnFSJoQF_su4TbxnqWBzgIzkRSTciu-1jWN_2w2yutEqulO2XTQspBNa1xp-0ePwJKyt6lyqP7w6PtW7NHiibercq2_vB1vf8wFmCIpTitQtvaf-YusrEaJbjrZ2IZely=w1200-h800-k-no
BAT-BAT RAHA (Motewe),"5PWQ+4RC, Motewe",Kabupaten Muna,Sulawesi Tenggara,https://lh3.googleusercontent.com/gps-cs-s/APNQkAEVrgD2ik3ShKParKmih3VHyxdzTIinesxe-uvcNtvR-yRVfaujQDtAfuoWOZf0TK3VyBznxuhyxuJ5Exu1ZhX5JoiVPvf9Bp7DFQvRYlS22QUzkvwqjw9QG6XYJqg0A809NsaF5dJxK18K=w1200-h800-k-no
Perahu diatas batu,"8P7C+C9M, Kec. Sampolawa, Kabupaten Buton, Sulawesi Tenggara, Indonesia",Kabupaten Buton,Sulawesi Tenggara,https://lh3.googleusercontent.com/gps-cs-s/APNQkAFTNJmZ2huwZGiau8fTi9DDt3YxslCh6Izc8b5NYhn6SV0aPskawnG8hzKqQZT7KL6CSiFB9aZkCENwPZMp26SMuhsJM9GLIt0hfuD-6kaJc5hGg0_rJexMHXMtHReTVuRy1YXTHnYl50jI=w1200-h800-k-no
Waburi Park Gazebo,"8QP7+MVC, Gaya Baru, Kabupaten Buton",Kabupaten Buton,Sulawesi Tenggara,https://lh3.googleusercontent.com/gps-cs-s/APNQkAGlbGNo1lduFNjxOv0ucvc6udLUrch3Z2wEizCRSXQw5zJ6pz3I-5fzXuCspKvSA5XJSRsXptf9-e2E4uKQ3eeLowxKsvUvKFV67sJnhHTBsbraBInYtTw_hQP9AkHndf0sWFIT=w1200-h800-k-no
Matantahi,"757C+2M, Eelahaji, Kec. Kulisusu, Kabupaten Buton Utara, Sulawesi Tenggara, Indonesia",Kabupaten Buton Utara,Sulawesi Tenggara,https://lh3.googleusercontent.com/gps-cs-s/APNQkAGYDdYZSKPH4sub1EEQwEmBS-phMUExTeDyFzBZRfVK1pubK03FZ4NZ5_ayISdZPFcs4QpVxiKjSpR64uNjgglh3fnDSsUKsKg5_miBRXNnh5WgywXg4guv_ahFBvjPo_uDCdzx=w1200-h800-k-no
Benteng Patua Tomia,"7W9H+Q8P, Patua, Tomia, Kabupaten Wakatobi, Sulawesi Tenggara 93793, Indonesia",Kabupaten Wakatobi,Sulawesi Tenggara,https://lh3.googleusercontent.com/gps-cs-s/APNQkAEE7l_Dy6EHCQW0nOgv3o_8xc6Hb8ZANv1mfXQ02A2ygaPwMb4jkBYt72tvSZQGjFdUAcBQeDBG1_BPBeEP8b0_bXomyJxDrr-QoiSfLc51DbIIZLwb4dghy4nCnxk7BGQGhqGo=w1200-h800-k-no
Hutan Pinus Lenong,"Unnamed Road, 39HP+GMH, Rambusaratu, Kec. Mamasa, Kabupaten Mamasa, Sulawesi Barat 91362, Indonesia",Kabupaten Mamasa,Sulawesi Barat,https://lh3.googleusercontent.com/gps-cs-s/APNQkAECbjodIvblw1qD6ndymCcyT1QDIVlG6w1d56oF26-BYOlBNjuTqfWEF7id9UZMj6k6kiAPCiwgUPhT2g1LrU_vQbFGnz1fOgbtZevqrQsSknJiPxbP68YSHmYq1vbNVbfpCy8o=w1200-h800-k-no
Kampung Wisata KBS,"Dusun burri, Pebassian, Kabupaten Mamasa",Kabupaten Mamasa,Sulawesi Barat,https://lh3.googleusercontent.com/gps-cs-s/APNQkAE1hEK1mtix1GV0MuK3Qk0wDm0nUQ2Ed5QKmq2Kp4m43dQNnyhxLA-v_L-hclBXzfA9Kb1-EEl5rhcMnYKETRKoUW4mDIOVClq3vea2HOSEHsa1ek27TH2dEiFoSbvtdvOuHyss=w1200-h800-k-no
Green Topejawa Coastal,"FCPM+488, Topejawa, Kec. Mangarabombang, Kabupaten Takalar, Sulawesi Selatan 92261, Indonesia",Kabupaten Takalar,Sulawesi Selatan,https://lh3.googleusercontent.com/gps-cs-s/APNQkAH4K6lMzseDkP6XgMgCRgaXGTekFf66RxzKZ9pe8uNTd98BZ5MklZsDTUDgTCZ_TljLPGWTDhzJeM0yp0LhcrMFtRybo6uu5tM_o6BT4qa-kzoa64XB60dXSRPTSmaOpFgJfIGqXg=w1200-h800-k-no
gunung Nusantara,"5HR8+WM4, Sapanang, Kec. Bungoro, Kabupaten Pangkajene Dan Kepulauan, Sulawesi Selatan, Indonesia",Kabupaten Pangkajene Dan Kepulauan,Sulawesi Selatan,https://lh3.googleusercontent.com/gps-cs-s/APNQkAFWrua5oE-mD7gUUmgSl3eSWnhNZrvJR_5vdSkKTreLXHYd4Kch8lsZooNczjuFnRPd6eeaQdcNW7BMbPTh5o03oM-fEzXFR9m-TpOcU_HlGua5tQfGKVE46sw8JMHwv8Sh568alQ=w1200-h800-k-no
Bulu Manarang,"Bulu Manarang, Padaidi, Kec. Mattiro Bulu, Kabupaten Pinrang, Sulawesi Selatan, Indonesia",Kabupaten Pinrang,Sulawesi Selatan,https://lh3.googleusercontent.com/gps-cs-s/APNQkAEN4BEfO96YF5gNIzdO98dAwEmwG1zp3PXf4LYvCbgvGZEcZhhGQjNnn-veGjGwwBs-z7D5Cy54Ko9eEQ_GcHqHqTVKAVlmb72lrlvpcvViyb6Y5LhDA1w0WdbaeRMe-m0dSFdV=w1200-h800-k-no
Lembah Impian Poti’tanayya,"Bontomanai, Kabupaten Jeneponto",Kabupaten Jeneponto,Sulawesi Selatan,https://lh3.googleusercontent.com/gps-cs-s/APNQkAFRQO_KWXTuplUnDz3RnjsJ-ejH3paiZQGKDbun33goMHolpmCr_8pCI97p3BoaMBr1GnwxrBdIee5t5wmKA58B6LANbe5B2Htw5uqRspTZ2irq9vB25iSSZLRnSHzZN_Ha9MpKKQNs-Dw=w1200-h800-k-no
Gunung Tibembeng,"4244+2G8, Ilan Batu, Kec. Balusu, Kabupaten Toraja Utara, Sulawesi Selatan 91951, Indonesia",Kabupaten Toraja Utara,Sulawesi Selatan,https://lh3.googleusercontent.com/gps-cs-s/APNQkAENRqeX-rY5a5xRiJbZUJAdVstHCgKob4FWcNn-sM-xhwAV96LY6fv6hbThSrpXT0hum5AS6SkXU_Sik8-p7K-vKotzeYCoz3qtHkM-7NOdZFQJQwe04A8OgJu98SFDFHUsARqe=w1200-h800-k-no
Permandian Likubassi,"FRF6+J9, Tokkonan",Kabupaten Enrekang,Sulawesi Selatan,https://lh3.googleusercontent.com/gps-cs-s/APNQkAFygQ762296z2W06OsA5jl8JaqBM2ZEJmjuPsDISdmxhj0zY3KrqRSr9zzwT7GOcBK0uVzIU-ZOBMSrdrQVnCdudTZMvdpkJd8AO1UvJVEdemQ_d4IgDv3nIySuCIwOZ1BGm183=w1200-h800-k-no
Pantai Wisata Desa To'bia,"PCF6+V7R, Pantai, To'bia, Kec. Ponrang Sel., Kabupaten Luwu, Sulawesi Selatan, Indonesia",Kabupaten Luwu,Sulawesi Selatan,https://lh3.googleusercontent.com/gps-cs-s/APNQkAG-deTRG0KGx4Dhe7G-lmIMdnqCjPUCtobWbrSS_6teATLImZxHripJmZvx_CmCbUEn1bB51GZ76BZOtqzT8k52dCXFP_-7fqPzi8OBOmHj0dZwIiD8lyiRaYrA8zChN1AVvTqp=w1200-h800-k-no
Air Terjun Bilatu,"98C4+HFG, Palakka, Kec. Larompong Sel., Kabupaten Luwu, Sulawesi Selatan 91998, Indonesia",Kabupaten Luwu,Sulawesi Selatan,https://lh3.googleusercontent.com/gps-cs-s/APNQkAHywELrOl2-kTTnbvbUEvry2Gb-xdQG__FHQA9fin5nIRC-0WhFqSfS9rOnPcZPkl4NMHTbJvr4mu5cQCf4frZba3DmJfaYMid3K0cDM94fIqTAUd8M_RqX9PC87Iko0UcHe8rQHA=w1200-h800-k-no
Teluk Manado,"Tlk. Manado, Indonesia",Kota Manado,Sulawesi Utara,https://lh3.googleusercontent.com/gps-cs-s/APNQkAG0RftRW6YkuNZblbW6eK70XvmSi2N-2GZXwI0csKTrx7JYsm3oYBMWgWtx0uYdfFvEVo9V4c1pJ67DnTbPkVC9sVs2vw8S_TvXUP8tzeGNjQ7HYH8ztXcWg2efq1FvrmMUa9ha=w1200-h800-k-no
air terjun taddolli,"Bar., V334+9G3, Turungan Baji, Kec. Sinjai Bar., Kabupaten Sinjai, Sulawesi Selatan 92653, Indonesia",Kabupaten Sinjai,Sulawesi Selatan,https://lh3.googleusercontent.com/gps-cs-s/APNQkAEeRPZ9xEeBmAHfNmRChHYqvNtLKbBoRTRFzdvDPaA040GlqbVfKx2weecfJckpocYGpIK32pjuZ-oZFzTIjIWylB293XBH8RyIusrId4klZTN11hMjqCOFR48rhGUkd_NYLAvY=w1200-h800-k-no
Buttu Lanjanan,"FQ34+VPJ, Karueng",Kabupaten Enrekang,Sulawesi Selatan,https://lh3.googleusercontent.com/gps-cs-s/APNQkAGPT_vgYQX8_M_0ss7Ufo5YwuHw6bynGFNRkaOfp3uFgz5rfRCu82sjLJjVBugjb3NqXaFWzBSVdP6eRLmxcX6i2MQaMn_PuyT6-oKTWrZqnVdjnVEWxc9vRApsBeKZyO6CsJ_OYhfKf0IQ=w1200-h800-k-no
Lante-lante,"Bar, Pao, Kec. Malangke Bar., Kabupaten Luwu Utara, Sulawesi Selatan, Indonesia",Kabupaten Luwu Utara,Sulawesi Selatan,https://lh3.googleusercontent.com/gps-cs-s/APNQkAG9nVw4de9GVRAUyj2WRQ39OVeOscU7RTZFWcdz6iMkXBrWW52CfSpFcuCpqAx_gDEAofzUBNmO7gACtj81nzq3pV3w2iDjTJGsKFOUN5Dne8PF5RhmJBDjmKcEDYIqDwXxL8Bh0w=w1200-h800-k-no
UD. divo sejaterah🌽,Matali,Kota Kotamobagu,Sulawesi Utara,https://lh3.googleusercontent.com/gps-cs-s/APNQkAHdekN9ahf5WxIk2uJasY-65e1MzPGTefAXAS_KIBGq0lBV8694VY4FWupOrzPrl4Np7cEeKbiZW8AwtjCv7ATSgM8rpE2CfLRnLotHM1_tsQx-6XhtaRPKHaFNW7GgI9wUmKcGHg=w1200-h800-k-no
Pantai Ria Kolongan Beha,"JCPG+7WX, Kolongan Beha, Kabupaten Kepulauan Sangihe",Kabupaten Kepulauan Sangihe,Sulawesi Utara,https://lh3.googleusercontent.com/gps-cs-s/APNQkAE1FS2-XjyJlGFTIsA9dTjtiVzbfSlONVgeM9_KtN8x65c-ZacY3n_hYt28JTJdUhTMrKsp5iiSp2grwMFvcQJp7kZfeXvVz0x8A1-eaK6-39567oINQ6Jg_Ds4K3aeiHAF6fuu=w1200-h800-k-no
Wisata alam panapa,"Unnamed Road, R6V2+P7P, Wawopada, Kec. Lembo, Kabupaten Morowali Utara, Sulawesi Tengah 94966, Indonesia",Kabupaten Morowali Utara,Sulawesi Tengah,https://lh3.googleusercontent.com/gps-cs-s/APNQkAHMyrTr1zF1RCBkK0RJgalc_qucP9__yU6qOWUMBjyOWsPanuE-4GjRneEIz1FmgpJQNyvenhcGybPL6Sbi5iFxsbNoqILllgtQjKPSVh-BPVaNJBO_IVluF5Ek3tZcstwrfbZAtTCJFws=w1200-h800-k-no
Pantai kasosona,"FVH7+PQV, Wagola, Kabupaten Buton",Kabupaten Buton,Sulawesi Tenggara,https://lh3.googleusercontent.com/gps-cs-s/APNQkAH8tsLii0qqS17mihzpt8yl3tSlIzN2RYuUDCPARlj3efN664UwxII4ZFiRxFro-7GIIYvMcx1E_C3T_YgadzPBxCo9faT5nQfSZmvcLtxqp1L28ojn7T2VT1Zxu5emBrtZ1Fjm=w1200-h800-k-no
Bukit Emot,"9G8W+P6, Karae, Kec. Siompu, Kabupaten Buton, Sulawesi Tenggara 93752, Indonesia",Kabupaten Buton,Sulawesi Tenggara,https://lh3.googleusercontent.com/gps-cs-s/APNQkAGQSoyDaNGULxifoRassuS1IcBRE27iA6qYkc4Q2bVZ7SPCL35VBUJaNM5g2sSZVcmVfq07kQbuLryE78aXboLSs44kZDaraTNpwwjcwJBM4hal_sMu7v9SBY-uhX8PwMO_eZAKJQ=w1200-h800-k-no
Bukit Peca,"9534+MG5, Jl. Poros Mamuju-Mamasa, Keang, Kec. Kalukku, Kabupaten Mamuju, Sulawesi Barat 91561, Indonesia",Kabupaten Mamuju,Sulawesi Barat,https://lh3.googleusercontent.com/gps-cs-s/APNQkAGZPCaZf9YH7VylesgCWT18-wq9wb7MgCa9WSWVOCBQgX__8ysEp6jdSPMZXSbBAytfxxpG2bmuca1FwFgz_MlNu7088MwHRpRxwHkIBQnZSxPPpEdjyME2oOa3qRE2mhOhsQM33Q=w1200-h800-k-no
Pantai Gudang Arang,"VW59+M9F, Jl. Gudang Arang, Dambalo, Kec. Kwandang, Kabupaten Gorontalo Utara, Gorontalo, Indonesia",Kabupaten Gorontalo Utara,Gorontalo,https://lh3.googleusercontent.com/gps-cs-s/APNQkAFfphHDgPTTEphVM96-vnTfKBthm0Xdbz_TnBT432-TSQXNpw9UIlvfzCQd19irAkrk-uEm_MogumBK7OXo0aamTVbSpaFyKhU-1qILOQXC5HNUIC8BasrDITbwP1BkkB4Eujug=w1200-h800-k-no
Gunung bacukiki,"WMR9+9Q, WT. Bacukiki, Kec. Bacukiki, Kota Parepare, Sulawesi Selatan 91121, Indonesia",Kota Parepare,Sulawesi Selatan,https://lh3.googleusercontent.com/gps-cs-s/APNQkAG6r92TQ5n2PiyftI8Rmi-O3F2CB6xrokXBYsw046UtdN_z3Sjk6AnLjeVrgqSA6yGpf3hxVHBEYvhZogF6u2olM6hlIsQz9JVKuqn27HdJED_bvrjgj_cFpGMlqMBfODkAgEahSygyEnE=w1200-h800-k-no
Bukit Tongke Tongke ( Camping),"R7V7+M44 Tim, Tongke-Tongke, Kec. Sinjai Tim., Kabupaten Sinjai, Sulawesi Selatan, Indonesia",Kabupaten Sinjai,Sulawesi Selatan,https://lh3.googleusercontent.com/gps-cs-s/APNQkAFIouWJWdAZBspbWGACPEOh5OznebqDHS-2Gn5IznGrwlm2xFAHogI1kfnSrJe8aDcZIFtr8W0VETuuFs_DYfFkgGwQmeCCZdlmQWmPvOULpcAD4iDkkTytopIsuO3QTWxHYiBEeg=w1200-h800-k-no
Air Terjun Regesan Tinoor,"9RHJ+76J, Tinoor Satu, Kec. Tomohon Utara, Kota Tomohon, Sulawesi Utara, Indonesia",Kota Tomohon,Sulawesi Utara,https://lh3.googleusercontent.com/gps-cs-s/APNQkAFOvRlqORFUVewaMlq9N32QYYbvsNnL_aLGOgFbdi4Ew1LWD_kbT82xFVBtrttRS0-W4PQbxKc1DfP_FjIdknTBLC3mEiyaLsSF3R7XYdiqZB1a5k5gVBoebBNzi5oUFcL_-nWi3g=w1200-h800-k-no
GPDI Bukit Zaitun Hesang,"CGX6+GF2, Hesang, Tamako, Kabupaten Kepulauan Sangihe, Sulawesi Utara, Indonesia",Kabupaten Kepulauan Sangihe,Sulawesi Utara,https://lh3.googleusercontent.com/gps-cs-s/APNQkAExOg1SCskSNra5xt03747bvtzuyga263peg1t3cTyBhVoS7JCseZnusT2C0-NoPLwNj-asvVhACqbYu_UIL4wLqXupdW3ABV7WzNqp_Zc2RsVWEuFYzKFCyi0jn0EzeMrwBiEkDA=w1200-h800-k-no
Pantai paranti Tabang,"7V6X+R7P, Kabupaten Kepulauan Talaud",Kabupaten Kepulauan Talaud,Sulawesi Utara,https://lh3.googleusercontent.com/gps-cs-s/APNQkAGwu8E5YlQRVR73whcqV8kF1XSxWbNqTbrOuyj5rAq-7ljtYLMR5CvCzF4Nh3_ckJTlGgGKvHXsbVUc9tQFOEFboRxb9mYq8WV0h1NfaNEA1vim6BeHPTPXdIpLxCueuNdeFmeUzoP3bSzT=w1200-h800-k-no
Pantai Pompole Tosale,"6MM9+JWQ, Tosale, Kec. Banawa Sel., Kabupaten Donggala, Sulawesi Tengah 94351, Indonesia",Kabupaten Donggala,Sulawesi Tengah,https://lh3.googleusercontent.com/gps-cs-s/APNQkAEz0dl5AWANJ-sHLYgWdiBcPMUVO891--_AHenBoq8w7U0-vb1Wbi8MtpG7oiFjvopUUvshwA3JT-fWnSi5aB4K_EjSUXT9CF60PC8eoxacMUZV8BIhf_SRFpR7ksVuaRi7WBF5=w1200-h800-k-no
Bukit Eksis Matolele,"63RW+H4G, Matolele, Kec. Parigi Tengah, Kabupaten Parigi Moutong, Sulawesi Tengah, Indonesia",Kabupaten Parigi Moutong,Sulawesi Tengah,https://lh3.googleusercontent.com/gps-cs-s/APNQkAEWJBeutaIudzNra9UOEhdkA4Y9poPMu_DPwC7_xdoJM8PUpKebs4_YLnbIhp4G1LH75iD9-IieB2HrUsLahCIzmsUR2lJlqr9chC5a4z2mChZf2NSfVV-fAex9aDis-nzIJeGk=w1200-h800-k-no
Tempat santai,"Unnamed Road, 8274+9QF, Kolono, Kec. Bungku Tengah, Kabupaten Morowali, Sulawesi Tengah 94973, Indonesia",Kabupaten Morowali,Sulawesi Tengah,https://lh3.googleusercontent.com/gps-cs-s/APNQkAFgkL7c2I5_pfOJxVxeyuVkzYC4jAk_f4fhsue6l1bC3p8psBhcLKIOHZ3J8BFtgIssXknOfqdpFOFjQOtBq_w2-IcVxHwl1lEzVAJTlJn_j1DWKP1R7F1sCQfqwGynDe84mJKu=w1200-h800-k-no
Goa desa topogaro,"Tofogaro, Kec. Bungku Bar., Kabupaten Morowali, Sulawesi Tengah, Indonesia",Kabupaten Morowali,Sulawesi Tengah,https://lh3.googleusercontent.com/gps-cs-s/APNQkAG6HVnr_pOgqFTzY4ycQ3zBM0iQfygblPVhMLNZOXJT8M5TzihUrl542FwrVLtoAW6MmBwr7itMaRjp6JBCARdZ1MX9dGuev9LwKQdWmOEQIFrb-Z9emKtyCpnPfaiDWtp-jzDMjQ=w1200-h800-k-no
Tugu Lingkaran Hati Emas,"XXGR+6PV, Langara Laut, Konawe Kepulauan",Kabupaten Konawe Kepulauan,Sulawesi Tenggara,https://lh3.googleusercontent.com/gps-cs-s/APNQkAH2xwVEiVo9oEHxKKqNL5aVIGe8OC0fmDs1b1_6AI3c0Yol6XCvEMgSs9Pmsf_Z2nND9PWGcuFJL4pUnzL3PWui149uAfkFVE6TReLO8e22MfV3GZqoN4uxPs5jD22hOROCwsEP=w1200-h800-k-no
Pantai Ilodulunga,"RR9J+H82, Tolongio, Kec. Anggrek, Kabupaten Gorontalo Utara, Gorontalo, Indonesia",Kabupaten Gorontalo Utara,Gorontalo,https://lh3.googleusercontent.com/gps-cs-s/APNQkAFNlTu1GQacdh-Wi-nY9kiBzkkUnLz0dYf_5IYPG9GA_szCdew-mIhEW0YI45N45mfuJsKYz2aMI6oGCP9E6igrFJqOIi1DmtvK7kVwab_zAsFDqNd6uAMHYHPf-9eDd3J2PvvU=w1200-h800-k-no
Wisata Paccumikang,"HW99+4WG, Paccumikang Desa, Jenetallasa, Kabupaten Jeneponto",Kabupaten Jeneponto,Sulawesi Selatan,https://lh3.googleusercontent.com/gps-cs-s/APNQkAEDT42FfYW0ivHXaYKihB3XxaBsIwldzFCqB4JWCVUd6eBw5zzKTNSVDAtS0o3Zr7ziXwfJ2N-BodrkUEvnGeedDHyJktM4ncl6445z7WU3xMvnC-FeBHE7MU3bYqzLLH0hWYe7Wg=w1200-h800-k-no
Air Terjun Galung Paleng,"GVC3+6MP, Pallantikang, Kec. Rumbia, Kabupaten Jeneponto, Sulawesi Selatan 92371, Indonesia",Kabupaten Jeneponto,Sulawesi Selatan,https://lh3.googleusercontent.com/gps-cs-s/APNQkAH99LQiM0NU5-DlQx7gkPSTulNA1zHVX4hxao_K4zdNCvHtMaQ--8yr9Vw8sNbZQUQbwQKgMCpnKbA5NoYf6SdugslVE0xmowj91Yh-EHo7jUOxPkevNeTlXKYJ9Ggh3w6BkRYC=w1200-h800-k-no
Air terjun salubi,"VVV7+Q6G, Jono, Kec. Dolo Sel., Kabupaten Sigi, Sulawesi Tengah, Indonesia",Kabupaten Sigi,Sulawesi Tengah,https://lh3.googleusercontent.com/gps-cs-s/APNQkAGnu8V-4tW3kflSPgU16mrQSCFAYbF5C_4QywMc8ETmdwv95BQKBMkq2tb4aLoayq44vGivOVa2eD-Yt3g2ePoCstuikFD8qhPGqdPldB20vetjViOBQvckfgduqUEXSa2AQjx5ag=w1200-h800-k-no
Air terjun penonoan,"PC25+46C, Leling Bar., Kec. Tommo, Kabupaten Mamuju, Sulawesi Barat, Indonesia",Kabupaten Mamuju,Sulawesi Barat,https://lh3.googleusercontent.com/gps-cs-s/APNQkAEL1kR6hGhOy7fqxyy5KHaENqjhehhBKfEQUPP9dR5_zWl7aZmMH9QecTSxcES9KkcItck5IkZoIvjLJTlc_IALT0eTJEKRdDECkpccHWxspY3d-B6svfLk1eQGKM6E6Bu6bsjBpA=w1200-h800-k-no
Buttu Lamba,"Buttu Lamba, Bunga-Bunga, Kec. Matakali, Kabupaten Polewali Mandar, Sulawesi Barat, Indonesia",Kabupaten Polewali Mandar,Sulawesi Barat,https://lh3.googleusercontent.com/gps-cs-s/APNQkAFoFhXCIab8IfiQAAh7VShb8WGc-fNZ3P600gtOYqeizigU4ScRtdv5FXt00rB0Is9N92qFm0hAkbKpTo1OVcVnGOfGuzYKYmFnNrQwFv5Qv-ZANh22G2v9b_RO5NV3nHhm6qQzNg=w1200-h800-k-no
Pantai Tambu,"Tambu, Balaesang, Mapane Tambu, Kec. Balaesang, Kabupaten Donggala, Sulawesi Tengah 94355, Indonesia",Kabupaten Donggala,Sulawesi Tengah,https://lh3.googleusercontent.com/gps-cs-s/APNQkAEB9gTLTGrKBqJcp4SO-gD8DJrFF6Aftd5gEoCg41zB4RzGTehXWGEHuLr2to5LmoWBEkL-_PqZEh45su1rxRRpHVsgR_bQRAhBI3T5t_K8qX19C6c-taHIqEKWDE6H3t9G7co=w1200-h800-k-no
Gua Jepang Tikala Kumaraka,"FRPW+FMH, Lawangirung, Kec. Wenang, Kota Manado, Sulawesi Utara, Indonesia",Kota Manado,Sulawesi Utara,https://lh3.googleusercontent.com/gps-cs-s/APNQkAHOzsl8OKnULjqnJymAnxqZ6RQxhDESo-xCaVLa-wLAleNRdPBiaku3ijsea_1JSBahz9WYsINZPDPVo6eR6XlS_oayXQfgoQm9sfGAFO2NRiurSY5A7NtwLCG9u90Y48nvXnip=w1200-h800-k-no
Hutan Kota Bonawang Kotamobagu,"Mongkonai Bar., Kec. Kotamobagu Bar., Kota Kotamobagu, Sulawesi Utara 95716, Indonesia",Kota Kotamobagu,Sulawesi Utara,https://lh3.googleusercontent.com/gps-cs-s/APNQkAE8GOk33dZRvJjWmhp1u1HKKtPIBHM6Mkdb-zRz75nTyoGXk4pNqiZiyh032XMGMbmFM6ejvLqU6OOGnPAIyjaYaPWQpJaaJf11WXvUdX-yn8ogdMLpAD1SMHdJx5XpfxVKqHvf=w1200-h800-k-no
Air Terjun Mangatasik,"9MP5+M6W, Ranowangko, Kec. Tombariri, Kabupaten Minahasa, Sulawesi Utara, Indonesia",Kabupaten Minahasa,Sulawesi Utara,https://lh3.googleusercontent.com/gps-cs-s/APNQkAERCJIyB7j52EYTYOc9_hVJWm_3og4wf1fjv9yFpvDc1iobbrWV9ueYg-HsEU_N2NF4K07l8uAq6ZP8cj06OqGr_XuBaSDihZUrGw1BjRmB9mnRqbNRbZoJXk9kWblA6nyA8JnyYKALEneV=w1200-h800-k-no
"Gereja GMIBM Bukit Sion Dodap, Bersatu","PH6Q+HMP, Dodap, Kec. Tutuyan, Kabupaten Bolaang Mongondow Timur, Sulawesi Utara, Indonesia",Kabupaten Bolaang Mongondow Timur,Sulawesi Utara,https://lh3.googleusercontent.com/gps-cs-s/APNQkAFYtDr-KyRGOLvZsauldYq_HMVtuSxYlSCd2qqvgKIFhMbFT7GfUzLekGgYIIZuJ_1b1YtXLKQOt86PHkCdrGoQqqXtm2ryfg6VF9ScpMqxZpdNgtFJb1MvCjQlutlW_-3iO94o=w1200-h800-k-no
Tahuna Waterpark & Sport Center,"Santiago, Kabupaten Kepulauan Sangihe",Kabupaten Kepulauan Sangihe,Sulawesi Utara,https://lh3.googleusercontent.com/gps-cs-s/APNQkAF7VPEdw__SN-x5w7JWBHRA2BTs4d0DkE8luw64-fJZ_KWXHPiOcM4pd1Bz-4mT5vEqP3ZkqvDr2OvcVpPo4YeLRZYDYFDP2ImyhhlELesASTq1aKqznl57qeVdAgT3VONldqrD=w1200-h800-k-no
Wisata Pantai Talise Palu,"4VPH+97P, Jl. Kp. Nelayan, Talise, Kec. Mantikulore, Kota Palu, Sulawesi Tengah, Indonesia",Kota Palu,Sulawesi Tengah,https://lh3.googleusercontent.com/gps-cs-s/APNQkAFA6P9A78m1CrnG5BOYSAFpL-jGEtkw0bnkOSZPaXu4iPsxngkVkPbaRETmxnIA7Y7xrfBSksBzIAH8RTKxgUAz6-Ae0aQvgh-C9E6WndPv2Gv1ci70IurAFiCnZG6duFeMGGfp=w1200-h800-k-no
Bendungan Desa Malonas Kec. Dampelas Kab. Donggala,"7WCV+F9, Malonas, Kec. Damsol, Kabupaten Donggala, Sulawesi Tengah 94356, Indonesia",Kabupaten Donggala,Sulawesi Tengah,https://lh3.googleusercontent.com/gps-cs-s/APNQkAE3wdAMgdKNt2IbyZxYszdr8uyZBvFAAIl6WxKFICkBIY26v80w2cuLPBTUsxMlYL_RLmQ2IjWqbjgnhh2ZLh-1y77GuKRv7FXleot_NnITsSyizKnr04qekiHE7qBDoQ31xOMNAQ=w1200-h800-k-no
Goa tangkaboba,"6JQW+9W4, Tentena, Pamona Pusalemba, Kabupaten Poso, Sulawesi Tengah 94663, Indonesia",Kabupaten Poso,Sulawesi Tengah,https://lh3.googleusercontent.com/gps-cs-s/APNQkAF52RuQInS3Qici1djAe_v9wpsGnXJvaFc6bO9v9oD2hhGxV2h0FNRMcCwxHAFakKrbt31EJADAmpjk-TAUWVJHbNNzvwABe4LqUlxT63j0l1allSGyHOwQilNhYsirIywzg-Y2=w1200-h800-k-no
Tonomini wisata,"MJWH+GWH, Jl. Trans Sulawesi, Tokorondo, Kabupaten Poso",Kabupaten Poso,Sulawesi Tengah,https://lh3.googleusercontent.com/gps-cs-s/APNQkAHsKOZZ_Bm8lbxyW5X9LWDfQRABgDwT9SqD0mvxf3bJb91sH3KEDHdE6lYRTudmWNj5Xk6J4d3fzBM-rgopKzEGSMaHVMjzfw2cA7H1_80m8mz0H7LIPseSjtXuNc4lvVBkdExC=w1200-h800-k-no
Pantai Nikel Laterit,"489P+P26, Ganda Ganda, Kabupaten Morowali, Sulawesi Tengah, Indonesia",Kabupaten Morowali,Sulawesi Tengah,https://lh3.googleusercontent.com/gps-cs-s/APNQkAGZP_kKMmbhKgObIxRCgoCV0_9hzu8FsTKSQptoMrMVfvYaLDJM4OkSfeWzCEANFe5py1KYEqvPQ2VlmTjsTxXUf_iATDsUXH_GVfj_Bq0XBDeMaiZ2SY0KXVaflx2kQKhZQS2qxA=w1200-h800-k-no
Tanggul Khayal,Alun-Alun KOTAMARA,Kota Baubau,Sulawesi Tenggara,https://lh3.googleusercontent.com/gps-cs-s/APNQkAFlzGfaP6Er57BZwXCr73tYXasLHq3iovYFAjAEPeHfVjA8u_ZlQfX_l-L6RJfNq9T_X5z4H75DBHbhr5JlddmMiJiS1mXxTWBiv-IgnSwEBGG7BW2d9tlaTJbhrh3uC8BQLas=w1200-h800-k-no
Wisata Alam Lambandia,"Unnamed Road, J2Q7+9H6, Lambandia, Lalembuu, Kabupaten Konawe Selatan, Sulawesi Tenggara 93885, Indonesia",Kabupaten Konawe Selatan,Sulawesi Tenggara,https://lh3.googleusercontent.com/gps-cs-s/APNQkAGYyGW94VI3GPKB5GdK6zu77T5HjGTasZ2yF9umskOYx4FftQ56KhNPmziDgq3DZM92P9rksndOP6wM1NXU5i8lUV_Hfyf5lgDJ7ckxbrQehopvXPuaZFAR5YOF7iqgER79Ifjy=w1200-h800-k-no
Twin Lagoon,"FCWW+JPH, Labengi, Kec. Lasolo, Kabupaten Konawe Utara, Sulawesi Tenggara 93352, Indonesia",Kabupaten Konawe Utara,Sulawesi Tenggara,https://lh3.googleusercontent.com/gps-cs-s/APNQkAFn9P1AB3HRE_wfHqhdYCSj4kAmKcw-CVhOdtjfpPSQH8nuz0v_isX0Dv4COqFXAnWw242SYwdhLsIn4deonQVRNrmtv7EcvcDgomAo0uP__JjUKNF4xnc11Hdjmb1VhUzwwfbtFw=w1200-h800-k-no
PANTAI KEI-KEI,"Kaloloa, Kec. Samaturu, Kabupaten Kolaka, Sulawesi Tenggara, Indonesia",Kabupaten Kolaka,Sulawesi Tenggara,https://lh3.googleusercontent.com/gps-cs-s/APNQkAFPDnU8wGe8IxEb154hRGXb_BUkoLTZqFSRkM8mGmwVK-pz57AGMPU4dczGc1hxsN52RydvimPcOZFhckht3gvIlg8lmBKG0qFUARKlwKzGDNL4wfiwoSM0XZzeqXIYs1vqS7OppF2QPlg=w1200-h800-k-no
Pantai Tampunabale,"XQ65+WF3, Tampunabale, Kec. Pasi Kolaga, Kabupaten Muna, Sulawesi Tenggara 93674, Indonesia",Kabupaten Muna,Sulawesi Tenggara,https://lh3.googleusercontent.com/gps-cs-s/APNQkAECTf4wn2vh_yKBPph2d03O53FwrcQWCqtmcdEZz2zJr-QQb94GaYzx8t4ohvg_Z7fe8DNneUmde98GmLzMnSjDbsaOtmYqxn-IjK7iJfQzwC4_Td5NUbtImm5I7xaws8zKHLM2YA=w1200-h800-k-no
Cliff One Waara,"JHFV+447, One Waara, Kec. Lakudo, Kabupaten Buton, Sulawesi Tenggara, Indonesia",Kabupaten Buton,Sulawesi Tenggara,https://lh3.googleusercontent.com/gps-cs-s/APNQkAEsRSssFBLeHlonncJqhDfYu1TD-iAbNZs_RQQaTRfnJOAxfgx4VEPjmCHkvcPSBTF_APVWEL8J9rCZzsBdJx6w3NOMUjzz0YIs22j_pBeyvZgqOGA5_j3dTJgM7a-7Vt41rpuu=w1200-h800-k-no
Gong Perdamaian Nusantara - Mamuju,Jalan Yos Sudarso No.13,Kabupaten Mamuju Tengah,Sulawesi Barat,https://lh3.googleusercontent.com/gps-cs-s/APNQkAGkYqqOfQgS3mj1uQ6zqRtSC003NdHXbDL09BLVD43qGRulseDp5pz-3B5vuExYVq2s1ZbenrvTbyY6SG1ueya7Nv1UEVzAL1UbGw1seuBdxGpQoVSSLi43vDvKH2iQLS-MuMMX=w1200-h800-k-no
Anjungan Pantai Kota Polewali,"H86X+9P8, Polewali, Kec. Polewali, Kabupaten Polewali Mandar, Sulawesi Barat, Indonesia",Kabupaten Polewali Mandar,Sulawesi Barat,https://lh3.googleusercontent.com/gps-cs-s/APNQkAFp-cG3cNfN8Ye6jtvn9H0GWzhCGPj41vb245OEtGBbYOsgO7xjvswWvlZpqcyGN0mn-_SiN1vxQTinbEhnk_l530CCLXki-MmINQ8b9_1Zq1SWR0delW5XBymffEE9Diy0glSc6A=w1200-h800-k-no
Air Terjun Didingga,"W6QV+PMR, Potanga, Kec. Tolinggula, Kabupaten Gorontalo Utara, Gorontalo 96524, Indonesia",Kabupaten Gorontalo Utara,Gorontalo,https://lh3.googleusercontent.com/gps-cs-s/APNQkAH_KL7xLI-qz1xZKS_4IsceTBthCCiSUiLbLVIK350bToQCI5LwRvj-kVvZGpSk-_awUe4YL4YFNbEDBxKGz93pN6o1blc8QOVWHOXjCVyQKsOXpn35BIJjLYkkwOmeepqczjrMbA=w1200-h800-k-no
Permainan alam bainang,"8JW3+4R, Katomporang, Kec. Duampanua, Kabupaten Pinrang, Sulawesi Selatan 91253, Indonesia",Kabupaten Pinrang,Sulawesi Selatan,https://lh3.googleusercontent.com/gps-cs-s/APNQkAFyqp9uaFogKPZktIid2qfGlHts_VXsLpANAWXSajMPAo5CLwfGTir5O7jKkvMoEJkv-N-G98xnbk8csjk-zIhNi03pzExbMjVAV9svn_O7JgoF4k_L3htYy59WXz4MAYZQXjyQ=w1200-h800-k-no
Spot foto ladang jagung Bukit Jati,"JVFQ+V7, Lalabata Rilau, Kec. Lalabata, Kabupaten Soppeng, Sulawesi Selatan, Indonesia",Kabupaten Soppeng,Sulawesi Selatan,https://lh3.googleusercontent.com/gps-cs-s/APNQkAGLwmZ550luaiyHqIjUGA3wvCxj74o7igdyIm940YYIhfaxE7yzro86_TZIEoFWmwTRrELr2R3bTp4-W6Gm_ic1ZBlJcINrvQ-IS9vxQ34kJrv14ZfsXE5-ay_evnWfnqZt9S1YFvetZwot=w1200-h800-k-no
Buntu Balebo,"Buntu Balebo, Kamiri, Kec. Masamba, Kabupaten Luwu Utara, Sulawesi Selatan, Indonesia",Kabupaten Luwu Utara,Sulawesi Selatan,https://lh3.googleusercontent.com/gps-cs-s/APNQkAEnaaQW-DqvXE920EkWXxMaBW4sOOTfTajgk3jmEJ9S4yPUQsFn9a2Mh5oM9K1iMaxc8Siqmv6KqOAQjOUyr6lK7nnbUZ1W0XG3qEOT914hHLTLB_jPaT4g6JnHcYa4aCoO0WI=w1200-h800-k-no
WISATA GOA KALO DEWATA,"24MW+3FP, Battang, Kota Palopo",Kota Palopo,Sulawesi Selatan,https://lh3.googleusercontent.com/gps-cs-s/APNQkAFYFB7F19JjQMHUxG_6j6c7eFllMKwLe74w0mZuw45tz6pJWvr_TRuWO-PEs36yg2fVIXKAKsYMd9fFdMPB20G4OBYU7BM_qEasKoA9QEk6m5DH7ukPY8GeqWS7dbtNhVhiqXYM=w1200-h800-k-no
PANTAI SIDATE PAKUWERU,"5CQG+FV, Pakuweru, Kabupaten Minahasa Selatan, Sulawesi Utara, Indonesia",Kabupaten Minahasa Selatan,Sulawesi Utara,https://lh3.googleusercontent.com/gps-cs-s/APNQkAF4z81swuHXOjscHbqy2W51PDuiu6ON3g5XcBmboTIHkuqutNxknOfC-nKnBixC0di9iA0hfUiYZw2jkIiuJIoW5fGWv5JAaXBreMRwtzmPJISMkQsBpjbeT-LBnIB9flOWTchu=w1200-h800-k-no
Puncak Keletambal,Kuyanga,Kabupaten Minahasa Tenggara,Sulawesi Utara,https://lh3.googleusercontent.com/gps-cs-s/APNQkAGtb5ay4hi4yGaONVqMaAhwNboYCGpJYlVHfLVc-Oz9jwh6LQ462hGIP8pLi4u43Yy9nnOTjwTxHwQToUZs54fn2koL3hrckMONsYhbMugSVBrBcQ1WExYb8_wIph8T_gOTkG6M=w1200-h800-k-no
Kawasan Wisata Sou Bauta,"XV7F+MR8, Kawasan Wisata, Kaleke, Kabupaten Sigi",Kabupaten Sigi,Sulawesi Tengah,https://lh3.googleusercontent.com/gps-cs-s/APNQkAEssFXXvoSG3JE5zT-KB2xCxY-5_LT8wLazkQ5gowNdjVnJazLuFvEaC-JdX8GykmBakD6fOOkaZ_N_pRhrfA95Y_crru_Tp4m-WqdwZh1Famo54-4N8_XIImBhwafg9ZzD6u_eHA=w1200-h800-k-no
Mangrove Ambelang,"Desa, Ambelang, Tinangkung, Kabupaten Banggai Kepulauan, Sulawesi Tengah 94885, Indonesia",Kabupaten Banggai Kepulauan,Sulawesi Tengah,https://lh3.googleusercontent.com/gps-cs-s/APNQkAECfRehPc4nKtuXXG4XJ6NRpcycUMA-9OpyegJwnxlte3XLlgsboDtr5wvH_fvuxw7XadtRtHpNE6ezEFfxbvf0KQKc0Vis5C2whDYcwD16FC4Zv8OiKGtST-T0wXBwUxCVK-xKfd-HIlQ=w1200-h800-k-no
Air Terjun Torotuo,"924F+FVF, Torotuo, Kecamatan Rante Angin, Kabupaten Kolaka Utara, Sulawesi Tenggara 93956, Indonesia",Kabupaten Kolaka Utara,Sulawesi Tenggara,https://lh3.googleusercontent.com/gps-cs-s/APNQkAHfADPGCEjS55U8c5Q5-4ufxadp68yyrXmqFXNGdZ1JRH2ngCNsmkTMPhgA_efdIeJEb4bOM50jnNwcvub-xJLjyzMEaospMIlCngWF50KH01NKchY_2XUCxchqW2TXv2qrdD5byw=w1200-h800-k-no
Danau Moko Putih,"3QX6+72X, Lohia, Kec. Lohia, Kabupaten Muna, Sulawesi Tenggara 93658, Indonesia",Kabupaten Muna,Sulawesi Tenggara,https://lh3.googleusercontent.com/gps-cs-s/APNQkAF2DHLYZnlNGbc-j-teofZuztqkvwdnXM0-_M-PMJ8SndmuwuonxVJxBNBuwB0sYL_8UCqyBHLv3B4cv992v2WZyS0MX4-pkowJd4pXIQ610Xz3WJcayD3ycWsPqh9Ri5A8O7ko=w1200-h800-k-no
Pantai Galetto,"F2RX+5W, Karama, Kabupaten Polewali Mandar",Kabupaten Polewali Mandar,Sulawesi Barat,https://lh3.googleusercontent.com/gps-cs-s/APNQkAGT-Q3vxdVPwOcxecjRpDOvQlBgfsEjt_Y4VpmzgOf_r9MuMkAkf2UV9makO4jp2xr8nH7bd2JRP1vmNgq62K_TpSCt9OSDfHM5oHNSdOzh8iesXnwfXeIRqurU3gDS4wSy-XQ=w1200-h800-k-no
Dermaga Padaria,"3GW9+PJ6, Ampekale, Kec. Bontoa, Kabupaten Maros, Sulawesi Selatan, Indonesia",Kabupaten Maros,Sulawesi Selatan,https://lh3.googleusercontent.com/gps-cs-s/APNQkAFw9GAk_-jenl64r8ks5xd_x_HuRWjuO8oEJ_tN7KGsSg84_iyxTg0PHH_5pMUXuH3EhltiBaoDftX4OsEElS7PfQUeUuwkD6i-1MTuABIoJpY2seU6kyjT8f2qbIr9fWNFhc2Ppw=w1200-h800-k-no
Moncong Peda,"Moncong Peda, Bontokadatto, Kec. Polombangkeng Sel., Kabupaten Takalar, Sulawesi Selatan, Indonesia",Kabupaten Takalar,Sulawesi Selatan,https://lh3.googleusercontent.com/gps-cs-s/APNQkAHljbhfO767aBLf0X9CMhibSzyfSdXGcRUpbNU14I266Cj7T0omR1WcUApym5akx8FM7C5Ug8UpkXNsJcM3JRMcJRyDHxMR74neXTdkls3ZauzE9kDXHWyf-YNvx2WaBMfz8F8zSg=w1200-h800-k-no
Puncak lurayya,"Unnamed Road, M2C5+WJM, Kindang, Kec. Kindang, Kabupaten Bulukumba, Sulawesi Selatan 92662, Indonesia",Kabupaten Bulukumba,Sulawesi Selatan,https://lh3.googleusercontent.com/gps-cs-s/APNQkAF8slobWIfNM1W_iJsMFcWRw_Tg1u_jlFoPwgV7qEg4KdWiqfnc5SWRewIIz_jg0zTRod-DrzR0b6usVoUQrfUyWeBZRBr2MgS1VTMBTeuoWxzanljTRI0QRKAWRQ4Q3EoPnwA=w1200-h800-k-no
Air Terjun Salu Kata,"XRV7+QP7, Piongan, Kec. Dende' Piongan Napo, Kabupaten Toraja Utara, Sulawesi Selatan 91862, Indonesia",Kabupaten Toraja Utara,Sulawesi Selatan,https://lh3.googleusercontent.com/gps-cs-s/APNQkAFsAEwqyXA1NiL-xEbZ5PP3nxX9aH_jKLnRWxywIeoRzhVwyOg0_B2GvDeQnDvnNmmjBTH9RPrG2SpXAmgTaeleHO2xhHnv1LzuIt0sEfVMi-L0e1WE8CVHfJD082RpbB_LYuPL9WSxGLA=w1200-h800-k-no
Wisata Kapal Karam Balantang,"935J+HV7, Jl. Lure, Balantang, Malili, East Luwu Regency, South Sulawesi 92933, Indonesia",Kabupaten Luwu Timur,Sulawesi Selatan,https://lh3.googleusercontent.com/gps-cs-s/APNQkAGa0AKENeIp075LAbnmXTTHDtdTJSt5bM5IhnGhjspolQYeUs9AeB8RwSRMjWDldRuAMb5R3h7IzLZzW2uQPunkfjGhqdO0BbKxsuDz4dDQ8eVoU6MZ7DSFmoUjf_TNRgqkwy98KA=w1200-h800-k-no
KTM Landevaso,"Jln. Trans Sulawesi, Tosale",Kabupaten Donggala,Sulawesi Tengah,https://lh3.googleusercontent.com/gps-cs-s/APNQkAGLbf6RE_h0LUSZpDl0QOs4YFml_9TJ-OQd51YxRhpIjo5gAjQV7sSGMB-GtUSXADdg5J6tmUF6Oau8H1LpP6_BaDc_-s0qc5y17OTUKA4ni7sICHZ5WjVTGUxRNSXN81D63mkFWA=w1200-h800-k-no
"Pantai Bolinaso, Desa Pelawa Baru","7439+FFM, Jl. Trans Sulawesi, Pelawa, Kec. Parigi Tengah, Kabupaten Parigi Moutong, Sulawesi Tengah, Indonesia",Kabupaten Parigi Moutong,Sulawesi Tengah,https://lh3.googleusercontent.com/gps-cs-s/APNQkAEIddvUbNeQ1y5cSMwyZ_axAA5qp8Xi9bHNLUvWma8_l2tA2LD1vTvxumNADlDJu6gqwEZJ3J3mHcwnaVYqek9uscC9JSsUEVblH5hZCDm7N-hgADLKJvfLqbCl8MBZrypVu59TJg=w1200-h800-k-no
Hutan Pinus Lantongke,"8W8Q+RF5, Ululere, Kec. Bungku Timur, Kabupaten Morowali, Sulawesi Tengah 94973, Indonesia",Kabupaten Morowali,Sulawesi Tengah,https://lh3.googleusercontent.com/gps-cs-s/APNQkAFJvsECPRLHjKnJQFeGedboDq6c3q9bwwn_Ud3260ve42CsWDGLJ3gSQqWA51AHSxCP_o2HvWzudctdFxMCz4hqU_zCD_lFXVCBlN_XsEZf6USn7hxJcbdXqgdzJHRSrB0txjEEHQ=w1200-h800-k-no
DANAU HITAM,"QQ96+96, Ulusena Jaya, Kec. Kolono, Kabupaten Konawe Selatan, Sulawesi Tenggara, Indonesia",Kabupaten Konawe Selatan,Sulawesi Tenggara,https://lh3.googleusercontent.com/gps-cs-s/APNQkAHXsQirRf-T8rqx968WfHoQDYe4qegKEowSZ5j1c3eX7ypxW54m266Q-B70tZEVhcOEEkT0TaDZL9RHpFzkvdodXCp2lmREPO1b7eLx-fyCTAjJCQ4Xj3qCmrUb5akchh_nE6w6m_Hl5Uw=w1200-h800-k-no
Wisata Alam Air Terjun Teppok,"92CH+776, Tanatoro, Kec. Pitu Riase, Kabupaten Sidenreng Rappang, Sulawesi Selatan 91691, Indonesia",Kabupaten Sidenreng Rappang,Sulawesi Selatan,https://lh3.googleusercontent.com/gps-cs-s/APNQkAHfFzfcv8auCb58MJC4fxP2f9RzcfGibRY-QZKCifB_YUazym88wSNaWY5F0K9Kc-3flaLKNGrtmpA3iM6nlbGBdqgoUA9cfUrbD1NEV24DxkyiQuXjJE-GYIfIE4S9II8EJus=w1200-h800-k-no
Floating Houses Tempe Lake,"RXCF+W5W, Siengkang",Kabupaten Soppeng,Sulawesi Selatan,https://lh3.googleusercontent.com/gps-cs-s/APNQkAGxttZbFPWlLFKYZbyXrKsdU_UVYOtsm12UmeVeBTxkTab-4pcA0MLn8QX7irtB59zxcGFdVz1yAtBSUDai5noWcjKLGLMIiCNYQSjVfIZnRPuvapgTRPRZ5438f2b6xvJWdgla=w1200-h800-k-no
Matua Waterpark,"MRVF+4VW, Buntu Sugi, Kec. Alla, Kabupaten Enrekang, Sulawesi Selatan 91754",Kabupaten Enrekang,Sulawesi Selatan,https://lh3.googleusercontent.com/gps-cs-s/APNQkAFCB5JLAuyLWcBrza0zFF2E81vqb9mgNedtkJ03z5_dFc4hN2h0jDegjYUxDoDvH1xsiPYO8_j9nha4R0GDFT-u3vVKv-tHzTV3DduoREiePAQofAKbhqPiFENDcq6MCp7bSLj9Yw=w1200-h800-k-no
Bukit Sapi',"PWGH+J8, Uluway Bar., Kec. Mengkendek, Kabupaten Tana Toraja, Sulawesi Selatan 91754",Kabupaten Tana Toraja,Sulawesi Selatan,https://lh3.googleusercontent.com/gps-cs-s/APNQkAGiY2anJ6h01JRCE4JA_yW2ze7BAKxaFuOkgsDB1in0uacq2Vtb1giVMMFh-H9qR6ds0qpW6RifSxx1zIBMdYVMkv7-6zgA7Ksrgl2Wre5QSO_3eB_kv_Qv8u7HmeFnlpGc-g3_Nw=w1200-h800-k-no
"Gereja Katolik Paroki Hati Tak Ternoda Santa Perawan Maria, Makale","Jalan Musa No. 17-19, Manggau, Makale, Tondon Mamullu, Kec. Makale, Kabupaten Tana Toraja, Sulawesi Selatan 91817",Kabupaten Tana Toraja,Sulawesi Selatan,https://streetviewpixels-pa.googleapis.com/?cb_client\u003dmaps_sv.tactile
Bukit Pasir,,Kabupaten Toraja Utara,Sulawesi Selatan,https://streetviewpixels-pa.googleapis.com/?cb_client\u003dmaps_sv.tactile
Museum Landorundun,,Kabupaten Tana Toraja,Sulawesi Selatan,https://lh3.googleusercontent.com/gps-cs-s/APNQkAEEj-KJYynF0qFbWVtSbnyvlbZqMWjmGqZOICMMPa1YV1eFiDTyELxZCuAtUZlR8h7rTHEw6LMqYSpLIcOpMqg-ddGqmkK3U7yapgd9f0vXvTyZBbuXe77ijjSuZB2d0y-s51k=w1200-h800-k-no
Gunung Bawakaraeng,"MWMV+6P5, Gn. Perak, Kec. Sinjai Bar., Kabupaten Sinjai, Sulawesi Selatan 92653",Kabupaten Gowa,Sulawesi Selatan,https://lh3.googleusercontent.com/gps-cs-s/APNQkAGGOKYsa6BkQqvGDxqLhIQJxvjFScatNO95vjzXReZOLKppwuBNtKmOUoaWURSxSBSA6EIEDzgRSXiXR3cMhPvtVI2jphD3iLupwVV1VpcCrwihbAHT5gYkSX0qSEJeSGpZbJqU=w1200-h800-k-no
Hutan Pinus Camping Ground Lembanna,"PWR4+GRW, Pattapang, Kec. Tinggimoncong, Kabupaten Gowa, Sulawesi Selatan 92171",Kabupaten Gowa,Sulawesi Selatan,https://lh3.googleusercontent.com/gps-cs-s/APNQkAGFf19Bmt4msaeYPqD1BSQFe40sDiNCgSklwETU8NgDLkjh4qr9U0VkDnoyOqO9YNt1BqdoBEIOC1ozWYJ-apes1SV6CZrLy14guFjOOSkhEbi0nWsmb-ek3ootVQIDGYXFwatNw6sgqyw1=w1200-h800-k-no
Pasar Rakyat Bolu,"Tallunglipu Matalo, Kec. Tallunglipu, Kabupaten Toraja Utara, Sulawesi Selatan 91833",Kabupaten Toraja Utara,Sulawesi Selatan,https://lh3.googleusercontent.com/gps-cs-s/APNQkAFkAJE-KdDmkQfp6vI5CacYtrCZF_CnJa8b63C2XAcVcDFrbWGqUvj7kvBurg8ynwGETG1jJ8J-v0C2B1z8gLMTsjK4FGdUjLPCCTf84gUwoXLqz9r6vAFqji3p8u3oaa0ZYXyY=w1200-h800-k-no
